word,freq,대분류,중분류,소분류
항목,6196,기타,기타,기타
장비,5889,기타,기타,기타
정비,4489,차량·기동,차량/정비,차량부품/소모품
설치,3569,기타,기타,기타
품목,3569,기타,기타,기타
부대,2557,기타,기타,기타
납품,2532,기타,기타,기타
립체,2369,기타,기타,기타
자재,2273,기타,기타,기타
부품,2250,기타,기타,기타
사업,2174,기타,기타,기타
지역,2048,기타,기타,기타
체계,1857,기타,기타,기타
유지,1854,기타,기타,기타
보수,1787,기타,기타,기타
의무,1774,의료·의약·위생,의료소모/장비,의료장비/키트
외주,1716,기타,기타,기타
연구,1646,기타,기타,기타
긴급,1469,기타,기타,기타
생산,1435,기타,기타,기타
궤도,1375,기타,기타,기타
자주포,1328,기타,기타,기타
위탁,1325,기타,기타,기타
능력,1304,기타,기타,기타
장치,1258,기타,기타,기타
처리,1244,기타,기타,기타
세트,1236,기타,기타,기타
기장,1172,기타,기타,기타
관리,1160,기타,기타,기타
훈련,1140,기타,기타,기타
물자,1132,기타,기타,기타
차량,1048,차량·기동,차량/정비,차량부품/소모품
임차,1034,급식·식품,가공/식자재,식자재
전차,1029,급식·식품,가공/식자재,식자재
시설,1028,기타,기타,기타
계약,1027,기타,기타,기타
교체,1025,기타,기타,기타
시스템,1000,기타,기타,기타
일반,947,기타,기타,기타
재료,943,기타,기타,기타
구축,908,기타,기타,기타
통신,871,IT·통신,무선/통신장비,무전기/위성
통합,856,기타,기타,기타
제작,842,기타,기타,기타
수리,839,기타,기타,기타
운영,836,기타,기타,기타
부속,829,기타,기타,기타
리스,804,기타,기타,기타
가스,786,화학·소재,가스/특수가스,산업가스
총포,760,기타,기타,기타
폐기물,734,기타,기타,기타
일장,693,기타,기타,기타
펌프,686,건설·시설,장비/장치,공조/전열/펌프
밸브,685,건설·시설,자재/철물,자재/철물
교육,654,기타,기타,기타
특수,649,기타,기타,기타
필터,647,차량·기동,차량/정비,차량부품/소모품
소모품,646,기타,기타,기타
조달,643,기타,기타,기타
기용,636,기타,기타,기타
항공,625,기타,기타,기타
수송,611,기타,기타,기타
피복,607,피복·생활·사무,피복/보급,군장/피복
케이블,604,IT·통신,PC/주변기기,PC/노트북
방안,603,기타,기타,기타
물품,602,기타,기타,기타
분석,584,기타,기타,기타
자동,580,기타,기타,기타
민간,570,기타,기타,기타
비품,568,기타,기타,기타
시험,547,기타,기타,기타
발칸,543,기타,기타,기타
신축,524,기타,기타,기타
영상,518,기타,기타,기타
전산,518,기타,기타,기타
지원,515,기타,기타,기타
엔진,507,기타,기타,기타
회로,507,기타,기타,기타
베어링,503,기타,기타,기타
호스,501,기타,기타,기타
공구,497,공구·설비,일반공구,수공구/전동공구
개발,493,기타,기타,기타
물건,489,기타,기타,기타
비용,487,기타,기타,기타
예비군,487,기타,기타,기타
병원,486,기타,기타,기타
개선,471,기타,기타,기타
발전기,465,전력·전기전자,발전/저장,발전기/배터리
장갑,461,의료·의약·위생,의료소모/장비,의료장비/키트
제초,460,기타,기타,기타
카드,460,기타,기타,기타
함정,458,기타,기타,기타
검사,448,기타,기타,기타
장갑차,447,의료·의약·위생,의료소모/장비,의료장비/키트
공군,447,기타,기타,기타
부식,447,기타,기타,기타
수술,430,기타,기타,기타
안전,429,기타,기타,기타
기동,428,기타,기타,기타
달다,428,기타,기타,기타
용품,428,기타,기타,기타
국방,427,기타,기타,기타
대다,416,기타,기타,기타
체력,408,기타,기타,기타
숙소,405,기타,기타,기타
간부,404,기타,기타,기타
전기,403,기타,기타,기타
디지털,394,기타,기타,기타
공사,393,기타,기타,기타
특무,391,기타,기타,기타
탄약,386,기타,기타,기타
성능,383,기타,기타,기타
목적,383,기타,기타,기타
전술,379,기타,기타,기타
연료,377,차량·기동,연료/윤활,연료/윤활유
기구,375,기타,기타,기타
프린터,371,IT·통신,PC/주변기기,PC/노트북
취사,366,기타,기타,기타
도시락,365,기타,기타,기타
육군,365,기타,기타,기타
전투,365,기타,기타,기타
의료,359,의료·의약·위생,의료소모/장비,의료장비/키트
레이더,352,기타,기타,기타
튜브,342,기타,기타,기타
보호,342,기타,기타,기타
항공기,340,기타,기타,기타
인쇄,332,기타,기타,기타
키트,331,기타,기타,기타
후식,330,기타,기타,기타
대대,330,기타,기타,기타
금속,330,기타,기타,기타
정보,326,기타,기타,기타
음식물,323,기타,기타,기타
스위치,321,IT·통신,네트워크,스위치/라우터
기술,320,기타,기타,기타
도입,320,기타,기타,기타
잠수함,317,기타,기타,기타
감시,316,기타,기타,기타
경계,313,기타,기타,기타
급식,311,기타,기타,기타
제어,310,기타,기타,기타
타다,302,기타,기타,기타
지휘,302,기타,기타,기타
식당,302,기타,기타,기타
근무,300,기타,기타,기타
타이어,300,차량·기동,차량/정비,차량부품/소모품
의약품,296,의료·의약·위생,의료소모/장비,의료장비/키트
조사,296,기타,기타,기타
측정,289,기타,기타,기타
평가,286,기타,기타,기타
발전,282,기타,기타,기타
해군,282,기타,기타,기타
작전,281,기타,기타,기타
배선,278,기타,기타,기타
상용,276,기타,기타,기타
소형,276,기타,기타,기타
측정기,276,공구·설비,측정/시험,계측기
덮개,275,기타,기타,기타
국군,275,기타,기타,기타
설계,272,기타,기타,기타
정수기,271,급식·식품,주방기기,주방/급식장비
천마,269,기타,기타,기타
도서,267,피복·생활·사무,사무/문서,문구/사무기기
병리,266,기타,기타,기타
공기,265,기타,기타,기타
물류,264,기타,기타,기타
전력,263,기타,기타,기타
경기,262,기타,기타,기타
액화,261,기타,기타,기타
냉동,260,기타,기타,기타
사격,258,기타,기타,기타
보급,255,기타,기타,기타
사용,255,기타,기타,기타
석유,252,기타,기타,기타
대형,251,기타,기타,기타
고무,250,화학·소재,도료/접착/고분자,도료/접착
전원공급기,250,기타,기타,기타
용지,246,기타,기타,기타
해병,245,기타,기타,기타
전지,244,기타,기타,기타
권역,243,기타,기타,기타
쓰레기,243,기타,기타,기타
교환,243,기타,기타,기타
나사,243,기타,기타,기타
노후,242,기타,기타,기타
운용,242,기타,기타,기타
실린더,241,기타,기타,기타
전자,241,기타,기타,기타
경축,238,기타,기타,기타
가공,235,기타,기타,기타
배송,234,기타,기타,기타
행사,233,기타,기타,기타
홍보,232,기타,기타,기타
크다,232,기타,기타,기타
생도,232,기타,기타,기타
복지,226,기타,기타,기타
과학,226,기타,기타,기타
방기,226,기타,기타,기타
밀리,226,기타,기타,기타
통제,223,기타,기타,기타
시뮬레이터,223,기타,기타,기타
방지,222,기타,기타,기타
아파트,221,기타,기타,기타
육성,220,기타,기타,기타
파이프,218,건설·시설,자재/철물,자재/철물
헬기,217,기타,기타,기타
크레인,215,기타,기타,기타
유류,214,차량·기동,연료/윤활,연료/윤활유
환경,214,기타,기타,기타
식기세척기,214,급식·식품,주방기기,주방/급식장비
보일러,213,건설·시설,장비/장치,공조/전열/펌프
회관,213,기타,기타,기타
스프링,213,기타,기타,기타
청소,211,피복·생활·사무,청소/환경,청소/위생
품류,210,기타,기타,기타
후반기,209,기타,기타,기타
개스킷,208,기타,기타,기타
기재,207,기타,기타,기타
토너,206,IT·통신,PC/주변기기,PC/노트북
음료,204,급식·식품,가공/식자재,식자재
드론,204,특수장비,드론/로봇,드론/로봇
김치,203,급식·식품,가공/식자재,식자재
투도,202,기타,기타,기타
병영,202,기타,기타,기타
탐지,201,기타,기타,기타
학교,200,기타,기타,기타
방송,198,기타,기타,기타
포장,197,기타,기타,기타
기반,196,기타,기타,기타
탱크,196,기타,기타,기타
기어,195,기타,기타,기타
회전,194,기타,기타,기타
해상,194,기타,기타,기타
표적,194,기타,기타,기타
음식,194,기타,기타,기타
무전기,193,IT·통신,무선/통신장비,무전기/위성
세척,192,기타,기타,기타
연간,192,기타,기타,기타
안테나,192,IT·통신,무선/통신장비,무전기/위성
화물,190,기타,기타,기타
제어장치,189,기타,기타,기타
배터리,188,차량·기동,차량/정비,차량부품/소모품
증식,187,기타,기타,기타
사단,186,기타,기타,기타
발효,186,기타,기타,기타
보관,186,기타,기타,기타
탐지기,183,기타,기타,기타
점검,183,기타,기타,기타
압축기,183,건설·시설,장비/장치,공조/전열/펌프
투자,182,기타,기타,기타
유압,180,기타,기타,기타
변환기,179,건설·시설,장비/장치,공조/전열/펌프
모의,179,기타,기타,기타
압력,179,기타,기타,기타
야전,179,기타,기타,기타
센터,178,기타,기타,기타
차용,178,기타,기타,기타
선박,178,기타,기타,기타
치과,178,기타,기타,기타
단정,178,기타,기타,기타
소스,177,기타,기타,기타
테러,175,기타,기타,기타
생활관,175,기타,기타,기타
조립,175,기타,기타,기타
자료,175,기타,기타,기타
치료,174,기타,기타,기타
전시,174,기타,기타,기타
도장,174,기타,기타,기타
휴대,170,기타,기타,기타
볼트,170,건설·시설,자재/철물,자재/철물
윤활유,169,차량·기동,연료/윤활,연료/윤활유
가설,169,건설·시설,안전/현장,현장안전/표지
사이버,169,기타,기타,기타
원단,169,기타,기타,기타
컨테이너,168,IT·통신,서버/스토리지,서버
정밀,168,기타,기타,기타
화공,168,기타,기타,기타
아이스크림,168,기타,기타,기타
피스톤,167,기타,기타,기타
장병,166,기타,기타,기타
카메라,166,IT·통신,CCTV/보안,영상감시
해병대,166,기타,기타,기타
배추김치,165,급식·식품,가공/식자재,식자재
확인,165,기타,기타,기타
무인,164,기타,기타,기타
방향,163,기타,기타,기타
표준,161,기타,기타,기타
중형,161,기타,기타,기타
공기청정기,158,기타,기타,기타
강원,158,기타,기타,기타
굴착기,157,기타,기타,기타
진단,157,기타,기타,기타
이전,157,기타,기타,기타
관제,157,IT·통신,CCTV/보안,영상감시
종합,157,기타,기타,기타
보조,156,기타,기타,기타
오리콘,155,건설·시설,안전/현장,현장안전/표지
금융리스,155,기타,기타,기타
소요,154,기타,기타,기타
공급,154,기타,기타,기타
수도,154,기타,기타,기타
이동형,153,기타,기타,기타
목재,153,기타,기타,기타
추진,153,기타,기타,기타
페인트,153,건설·시설,자재/철물,자재/철물
교량,152,기타,기타,기타
에어컨,152,건설·시설,장비/장치,공조/전열/펌프
축전,151,기타,기타,기타
정기,150,기타,기타,기타
충전,148,기타,기타,기타
분야,148,기타,기타,기타
환자,147,의료·의약·위생,의료소모/장비,의료장비/키트
반기,146,기타,기타,기타
유닛,146,기타,기타,기타
자동화,146,기타,기타,기타
광학,145,기타,기타,기타
연결,145,기타,기타,기타
냉장고,145,급식·식품,주방기기,주방/급식장비
이동식,144,기타,기타,기타
파병,144,기타,기타,기타
니트,144,기타,기타,기타
비행,144,기타,기타,기타
너트,143,건설·시설,자재/철물,자재/철물
유체,143,기타,기타,기타
계열,143,기타,기타,기타
버스,141,차량·기동,차량/정비,차량부품/소모품
전용,141,기타,기타,기타
시일,140,기타,기타,기타
고압,140,기타,기타,기타
콘크리트,140,건설·시설,자재/철물,자재/철물
절기,138,기타,기타,기타
시기,138,기타,기타,기타
안보,138,기타,기타,기타
대행,138,기타,기타,기타
관사,138,기타,기타,기타
지게차,138,차량·기동,차량/정비,차량부품/소모품
모델,138,기타,기타,기타
장기,137,기타,기타,기타
증폭기,136,기타,기타,기타
먹다,136,기타,기타,기타
지대,136,기타,기타,기타
용기,135,기타,기타,기타
기계,135,기타,기타,기타
트레일러,135,기타,기타,기타
초음파,135,기타,기타,기타
지용,135,기타,기타,기타
기지,134,기타,기타,기타
빵류,134,급식·식품,가공/식자재,식자재
지뢰,134,기타,기타,기타
오링,133,기타,기타,기타
브래킷,132,기타,기타,기타
클램프,131,IT·통신,PC/주변기기,PC/노트북
오다,131,기타,기타,기타
외부,131,기타,기타,기타
렌탈,131,기타,기타,기타
유지관리,131,기타,기타,기타
조준,130,기타,기타,기타
무선,130,IT·통신,무선/통신장비,무전기/위성
통조림,130,급식·식품,가공/식자재,식자재
승강기,130,기타,기타,기타
무기,130,기타,기타,기타
단기,130,기타,기타,기타
기능,129,기타,기타,기타
네트워크,129,기타,기타,기타
화학,129,기타,기타,기타
로프,129,기타,기타,기타
서울,128,기타,기타,기타
저장,128,기타,기타,기타
드럼,128,기타,기타,기타
쉘터,128,기타,기타,기타
롤러,128,기타,기타,기타
송풍기,127,기타,기타,기타
설비,127,기타,기타,기타
계산,126,기타,기타,기타
호용,126,기타,기타,기타
석기,126,기타,기타,기타
기관,126,기타,기타,기타
내자,125,기타,기타,기타
외과,125,기타,기타,기타
개량,125,기타,기타,기타
플라스틱,124,기타,기타,기타
오일,124,차량·기동,차량/정비,차량부품/소모품
화생방,124,기타,기타,기타
레이,123,기타,기타,기타
지정,123,기타,기타,기타
창고,123,기타,기타,기타
방화,123,기타,기타,기타
내진,122,기타,기타,기타
전동기,121,기타,기타,기타
표지,121,건설·시설,안전/현장,현장안전/표지
유압식,121,기타,기타,기타
휘장,121,기타,기타,기타
에어,121,기타,기타,기타
방위,120,기타,기타,기타
지상,120,기타,기타,기타
액체,120,기타,기타,기타
건조,119,기타,기타,기타
전송,119,기타,기타,기타
플러그,119,기타,기타,기타
입영,119,기타,기타,기타
잠수,119,기타,기타,기타
센서,119,전력·전기전자,전자부품,센서/모듈
소화기,119,공구·설비,안전/소방,소방/안전장비
축전지,118,전력·전기전자,발전/저장,발전기/배터리
위성,117,IT·통신,무선/통신장비,무전기/위성
가계약,116,기타,기타,기타
경쟁,116,기타,기타,기타
실내,116,기타,기타,기타
제거,116,기타,기타,기타
군사,115,기타,기타,기타
생활,115,기타,기타,기타
노즐,115,기타,기타,기타
소화,115,기타,기타,기타
침대,115,기타,기타,기타
자동식,115,기타,기타,기타
기류,115,기타,기타,기타
원가,114,기타,기타,기타
전투식량,114,급식·식품,가공/식자재,식자재
유해,114,기타,기타,기타
브레이크,114,차량·기동,차량/정비,차량부품/소모품
개다,114,기타,기타,기타
공업,114,기타,기타,기타
개인,114,기타,기타,기타
청락,114,기타,기타,기타
싱크대,113,기타,기타,기타
야간,113,기타,기타,기타
정찰,113,기타,기타,기타
성품,113,기타,기타,기타
혼합,112,기타,기타,기타
산소,112,의료·의약·위생,의료소모/장비,의료장비/키트
램프,112,IT·통신,PC/주변기기,PC/노트북
박스,110,기타,기타,기타
봉합,110,기타,기타,기타
고속,109,기타,기타,기타
개편,109,기타,기타,기타
인천,109,기타,기타,기타
선반,109,기타,기타,기타
트럭,109,차량·기동,차량/정비,차량부품/소모품
화재,109,공구·설비,안전/소방,소방/안전장비
교재,108,기타,기타,기타
수중,108,기타,기타,기타
레이저,108,기타,기타,기타
해파,108,기타,기타,기타
적용,108,기타,기타,기타
전동,107,기타,기타,기타
바나나,106,기타,기타,기타
교실,106,기타,기타,기타
건강검진,106,기타,기타,기타
탑재,106,기타,기타,기타
체류,106,기타,기타,기타
보안,106,기타,기타,기타
가방,105,기타,기타,기타
출입통제,105,IT·통신,CCTV/보안,영상감시
작업,105,기타,기타,기타
로드,104,기타,기타,기타
국내,104,기타,기타,기타
여단,104,기타,기타,기타
조종,104,기타,기타,기타
대학교,103,기타,기타,기타
주거,103,기타,기타,기타
약품,103,기타,기타,기타
입력,103,기타,기타,기타
정신,103,기타,기타,기타
완제,102,기타,기타,기타
파일,102,피복·생활·사무,사무/문서,문구/사무기기
우유,102,기타,기타,기타
수용,102,기타,기타,기타
신체검사,102,기타,기타,기타
주파수,101,기타,기타,기타
병사,101,기타,기타,기타
보강,101,기타,기타,기타
위장,101,기타,기타,기타
방탄,101,기타,기타,기타
훈제,101,기타,기타,기타
군단,101,기타,기타,기타
전원,101,기타,기타,기타
깍두기,100,기타,기타,기타
대전,100,기타,기타,기타
모터,100,기타,기타,기타
복합,99,기타,기타,기타
신호,99,기타,기타,기타
화기,99,기타,기타,기타
자식,98,기타,기타,기타
제독,98,기타,기타,기타
콘텐츠,98,건설·시설,안전/현장,현장안전/표지
진공,98,기타,기타,기타
가구,98,기타,기타,기타
하다,97,기타,기타,기타
라이스,97,기타,기타,기타
동기,97,기타,기타,기타
모델링,97,기타,기타,기타
선행,97,기타,기타,기타
작동,97,기타,기타,기타
미래,97,기타,기타,기타
영향,96,기타,기타,기타
신형,96,기타,기타,기타
패드,96,차량·기동,차량/정비,차량부품/소모품
운반,96,기타,기타,기타
상자,96,기타,기타,기타
중대,96,기타,기타,기타
결기,96,기타,기타,기타
슬리브,96,기타,기타,기타
예비,96,기타,기타,기타
비호,95,기타,기타,기타
자산,95,기타,기타,기타
충전기,95,전력·전기전자,발전/저장,발전기/배터리
교전,95,기타,기타,기타
디젤,95,차량·기동,연료/윤활,연료/윤활유
천막,95,기타,기타,기타
국제,94,기타,기타,기타
방공,94,기타,기타,기타
과일,94,기타,기타,기타
보다,94,기타,기타,기타
복사,93,기타,기타,기타
조각,93,기타,기타,기타
다기,93,기타,기타,기타
소음,93,기타,기타,기타
케이크,93,기타,기타,기타
배다,92,기타,기타,기타
디스플레이,92,기타,기타,기타
엘리,91,기타,기타,기타
음향,91,기타,기타,기타
테이프,91,기타,기타,기타
소시지,91,기타,기타,기타
생수,91,급식·식품,가공/식자재,식자재
모니터,91,IT·통신,PC/주변기기,PC/노트북
압축,90,기타,기타,기타
작업대,90,기타,기타,기타
안경,90,기타,기타,기타
재고,90,기타,기타,기타
박격포,90,기타,기타,기타
카트,90,기타,기타,기타
활용,90,기타,기타,기타
디젤엔진,89,차량·기동,연료/윤활,연료/윤활유
양산,89,기타,기타,기타
건설,89,기타,기타,기타
기념,89,기타,기타,기타
브리핑,89,기타,기타,기타
실험,89,기타,기타,기타
차륜,89,기타,기타,기타
벨트,89,피복·생활·사무,피복/보급,군장/피복
계기,88,기타,기타,기타
학습,88,기타,기타,기타
동력,88,기타,기타,기타
시약,88,의료·의약·위생,의료소모/장비,의료장비/키트
사격장,88,기타,기타,기타
어댑터,88,IT·통신,PC/주변기기,PC/노트북
디스크,88,기타,기타,기타
폐수처리,88,기타,기타,기타
상황,87,기타,기타,기타
유도탄,87,기타,기타,기타
통신체,87,IT·통신,무선/통신장비,무전기/위성
뜨다,87,기타,기타,기타
정수,87,기타,기타,기타
렌치,87,공구·설비,일반공구,수공구/전동공구
선체,87,기타,기타,기타
튀김,87,기타,기타,기타
연습,87,기타,기타,기타
시경,86,기타,기타,기타
전장,86,기타,기타,기타
집적회로,86,기타,기타,기타
감자,86,기타,기타,기타
창호,86,기타,기타,기타
정복,86,기타,기타,기타
군수,86,기타,기타,기타
서버,86,IT·통신,서버/스토리지,서버
테이,86,기타,기타,기타
청소용역,85,피복·생활·사무,청소/환경,청소/위생
의자,85,기타,기타,기타
어묵,84,기타,기타,기타
수집,84,기타,기타,기타
보험,84,기타,기타,기타
커버,84,기타,기타,기타
비금속,84,기타,기타,기타
업무,84,기타,기타,기타
유도,84,기타,기타,기타
계전기,84,기타,기타,기타
가공품,84,기타,기타,기타
운송,84,기타,기타,기타
활주로,83,기타,기타,기타
먼트,83,기타,기타,기타
사령부,83,기타,기타,기타
전투복,83,피복·생활·사무,피복/보급,군장/피복
송신기,83,기타,기타,기타
밉다,83,기타,기타,기타
백령도,82,기타,기타,기타
인조잔디,82,기타,기타,기타
호미,82,기타,기타,기타
알루미늄,82,기타,기타,기타
모듈,82,전력·전기전자,전자부품,센서/모듈
수신기,82,기타,기타,기타
닭다리,82,기타,기타,기타
구류,82,기타,기타,기타
코스,81,기타,기타,기타
재생,81,기타,기타,기타
교과서,81,기타,기타,기타
전파,81,기타,기타,기타
헬멧,81,기타,기타,기타
주년,81,기타,기타,기타
기상관측,80,기타,기타,기타
리프트,80,기타,기타,기타
적외선,80,기타,기타,기타
방제,80,기타,기타,기타
실습,80,기타,기타,기타
원심,80,기타,기타,기타
오수,80,기타,기타,기타
폐수,80,기타,기타,기타
도용,80,기타,기타,기타
헤드,79,기타,기타,기타
조끼,79,기타,기타,기타
차단,79,기타,기타,기타
기타,79,기타,기타,기타
수시,79,기타,기타,기타
방탄복,79,기타,기타,기타
급유,79,기타,기타,기타
기금,79,기타,기타,기타
클러치,79,기타,기타,기타
육로,78,기타,기타,기타
제등,78,기타,기타,기타
수처리,77,기타,기타,기타
부분,77,기타,기타,기타
합성수지,77,화학·소재,도료/접착/고분자,도료/접착
포병,77,기타,기타,기타
패널,77,기타,기타,기타
케익,77,기타,기타,기타
세탁기,77,기타,기타,기타
견인,77,기타,기타,기타
잉크,77,IT·통신,PC/주변기기,PC/노트북
라이선스,76,IT·통신,소프트웨어,OS/보안SW
식육,76,기타,기타,기타
계획,76,기타,기타,기타
탄약고,76,기타,기타,기타
패킹,76,기타,기타,기타
냉각,75,기타,기타,기타
장구,75,기타,기타,기타
전문,75,기타,기타,기타
정보화,75,기타,기타,기타
중앙,75,기타,기타,기타
흡입,75,기타,기타,기타
감지기,75,공구·설비,안전/소방,소방/안전장비
이송,75,기타,기타,기타
노트북,75,IT·통신,PC/주변기기,PC/노트북
배낭,74,기타,기타,기타
개념,74,기타,기타,기타
방수,74,건설·시설,자재/철물,자재/철물
상륙,74,기타,기타,기타
초코,74,기타,기타,기타
게이지,74,공구·설비,측정/시험,계측기
외상,74,기타,기타,기타
멸균,73,기타,기타,기타
엘보,73,기타,기타,기타
정책,73,기타,기타,기타
양념,73,기타,기타,기타
임대,73,기타,기타,기타
시트,73,기타,기타,기타
라이트,73,기타,기타,기타
경유,72,차량·기동,연료/윤활,연료/윤활유
기준,72,기타,기타,기타
프레,72,기타,기타,기타
직접,72,기타,기타,기타
커플링,72,기타,기타,기타
울타리,72,기타,기타,기타
인터넷,72,기타,기타,기타
망원경,71,기타,기타,기타
병력,71,기타,기타,기타
대용,71,기타,기타,기타
무기체계,71,기타,기타,기타
서비스,70,기타,기타,기타
스마트,70,기타,기타,기타
장교,70,기타,기타,기타
발생,70,기타,기타,기타
고정,70,기타,기타,기타
프로그램,70,IT·통신,PC/주변기기,PC/노트북
표시,70,기타,기타,기타
핸드,70,기타,기타,기타
인승,70,기타,기타,기타
탐조등,70,기타,기타,기타
상병,69,기타,기타,기타
전대,69,기타,기타,기타
굴삭기,69,기타,기타,기타
문화,69,기타,기타,기타
전자전,69,기타,기타,기타
화상회의,69,기타,기타,기타
체인,69,기타,기타,기타
소켓,69,공구·설비,일반공구,수공구/전동공구
세탁,68,기타,기타,기타
접속,68,기타,기타,기타
감리,68,기타,기타,기타
번역,68,기타,기타,기타
드릴,68,공구·설비,일반공구,수공구/전동공구
바퀴,68,기타,기타,기타
화장실,68,기타,기타,기타
돈까스,67,기타,기타,기타
방위사업청,67,기타,기타,기타
경찰,67,기타,기타,기타
케이스,67,기타,기타,기타
혈액,67,의료·의약·위생,의료소모/장비,의료장비/키트
감속,67,기타,기타,기타
발사,67,기타,기타,기타
해외,66,기타,기타,기타
소총,66,기타,기타,기타
비디오,66,기타,기타,기타
보장,66,기타,기타,기타
국가,66,기타,기타,기타
절용,66,기타,기타,기타
한국,66,기타,기타,기타
함대,66,기타,기타,기타
비상,66,건설·시설,안전/현장,현장안전/표지
국외,66,기타,기타,기타
매트,65,기타,기타,기타
불고기,65,기타,기타,기타
위치,65,기타,기타,기타
대구,65,기타,기타,기타
워터,65,기타,기타,기타
구조,65,공구·설비,안전/소방,소방/안전장비
단말기,65,기타,기타,기타
연동,65,기타,기타,기타
손잡이,64,기타,기타,기타
무장,64,기타,기타,기타
운동복,64,기타,기타,기타
조기,64,기타,기타,기타
대응,64,기타,기타,기타
인치,64,기타,기타,기타
수행,64,기타,기타,기타
식단,64,기타,기타,기타
해안,64,기타,기타,기타
얼음,64,기타,기타,기타
허브,63,IT·통신,네트워크,스위치/라우터
마스크,63,의료·의약·위생,의료소모/장비,의료장비/키트
이스트,63,기타,기타,기타
감지,63,기타,기타,기타
백색,63,기타,기타,기타
콜라,62,기타,기타,기타
모바일,62,기타,기타,기타
기본,62,기타,기타,기타
계통,62,기타,기타,기타
소독기,62,의료·의약·위생,방역/위생,방역/소독
평면형,61,기타,기타,기타
컴퓨터,61,기타,기타,기타
도구,61,기타,기타,기타
조명기구,61,전력·전기전자,조명/전선,LED/전선
다수,61,기타,기타,기타
주파,61,기타,기타,기타
그린,61,기타,기타,기타
전압,61,기타,기타,기타
획득,61,기타,기타,기타
수입,61,기타,기타,기타
합금,61,기타,기타,기타
운동,61,기타,기타,기타
트랙,61,기타,기타,기타
유전자,61,기타,기타,기타
습기,61,기타,기타,기타
풋살,61,기타,기타,기타
식품,60,급식·식품,가공/식자재,식자재
예방,60,기타,기타,기타
동영상,60,기타,기타,기타
부스,60,기타,기타,기타
리기,60,기타,기타,기타
치다,60,기타,기타,기타
방산,60,기타,기타,기타
폭발물,60,기타,기타,기타
강원도,59,기타,기타,기타
항법,59,기타,기타,기타
가지,59,기타,기타,기타
체크,59,기타,기타,기타
전반,59,기타,기타,기타
청력,59,기타,기타,기타
테이블,59,기타,기타,기타
전세버스,59,차량·기동,차량/정비,차량부품/소모품
의뢰,59,기타,기타,기타
기록,59,기타,기타,기타
기상,59,기타,기타,기타
보존,59,기타,기타,기타
현장,58,기타,기타,기타
지능,58,기타,기타,기타
지지,58,기타,기타,기타
원형,58,기타,기타,기타
경남,58,기타,기타,기타
소개,58,기타,기타,기타
조명,58,전력·전기전자,조명/전선,LED/전선
제도,58,기타,기타,기타
새우,58,기타,기타,기타
시동,58,기타,기타,기타
관련,58,기타,기타,기타
전군,58,기타,기타,기타
프로펠러,58,기타,기타,기타
수사,58,기타,기타,기타
온수,58,기타,기타,기타
방한,57,피복·생활·사무,피복/보급,군장/피복
용접,57,공구·설비,용접/가공,용접/절단
계룡,57,기타,기타,기타
카트리지,57,기타,기타,기타
관용,57,기타,기타,기타
한빛부대,57,기타,기타,기타
관찰,57,기타,기타,기타
작다,57,기타,기타,기타
전화기,57,기타,기타,기타
무인항공기,57,기타,기타,기타
코로나,57,기타,기타,기타
추진기,57,기타,기타,기타
건물,57,기타,기타,기타
접촉,57,기타,기타,기타
유리,57,기타,기타,기타
밴드,56,기타,기타,기타
판등,56,기타,기타,기타
전달,56,기타,기타,기타
방탄헬멧,56,기타,기타,기타
행정,56,기타,기타,기타
원심분리기,56,기타,기타,기타
터빈,56,기타,기타,기타
동계,56,기타,기타,기타
권총,56,기타,기타,기타
가죽,56,기타,기타,기타
골재,56,기타,기타,기타
가열,56,기타,기타,기타
변압기,56,기타,기타,기타
와이어,56,기타,기타,기타
코팅,56,화학·소재,도료/접착/고분자,도료/접착
소독,55,의료·의약·위생,방역/위생,방역/소독
비료,55,기타,기타,기타
추가,55,기타,기타,기타
기일,55,기타,기타,기타
커피,55,급식·식품,가공/식자재,식자재
호정,55,기타,기타,기타
도하,55,기타,기타,기타
국방부,55,기타,기타,기타
여과기,55,기타,기타,기타
솔레노이드,55,전력·전기전자,전자부품,센서/모듈
개스킷등,54,기타,기타,기타
식용,54,기타,기타,기타
조미,54,기타,기타,기타
정화,54,기타,기타,기타
핫바,54,기타,기타,기타
온도,54,기타,기타,기타
음성,54,기타,기타,기타
강화,54,기타,기타,기타
남부,54,기타,기타,기타
마카롱,54,기타,기타,기타
포함,54,기타,기타,기타
고정식,54,기타,기타,기타
군악,54,기타,기타,기타
전화,54,기타,기타,기타
포기,54,기타,기타,기타
배출,54,기타,기타,기타
판넬,54,기타,기타,기타
특정,54,기타,기타,기타
헌병,53,기타,기타,기타
마시다,53,기타,기타,기타
무정,53,기타,기타,기타
근속,53,기타,기타,기타
실리콘,53,건설·시설,자재/철물,자재/철물
종이,53,기타,기타,기타
공병,53,기타,기타,기타
군용,53,기타,기타,기타
골프,53,기타,기타,기타
파운드,53,기타,기타,기타
곡사포,53,기타,기타,기타
패티,53,기타,기타,기타
위협,53,기타,기타,기타
스캐너,53,IT·통신,PC/주변기기,PC/노트북
소프트웨어,53,IT·통신,소프트웨어,OS/보안SW
헤드셋,53,기타,기타,기타
푸딩,53,기타,기타,기타
선형,52,기타,기타,기타
냉각기,52,기타,기타,기타
젤리,52,기타,기타,기타
차다,52,기타,기타,기타
책임,52,기타,기타,기타
자산성,52,기타,기타,기타
도서관,52,피복·생활·사무,사무/문서,문구/사무기기
방사선,52,기타,기타,기타
학군,52,기타,기타,기타
선기,52,기타,기타,기타
농약,52,기타,기타,기타
나선형,52,기타,기타,기타
치부,52,기타,기타,기타
접착,52,화학·소재,도료/접착/고분자,도료/접착
이동,52,기타,기타,기타
제어기,52,기타,기타,기타
적기,52,기타,기타,기타
세탁물,52,기타,기타,기타
난방,52,기타,기타,기타
경보,51,공구·설비,안전/소방,소방/안전장비
거기,51,기타,기타,기타
비닐,51,기타,기타,기타
군인,51,기타,기타,기타
산업,51,기타,기타,기타
전선,51,전력·전기전자,조명/전선,LED/전선
저항기,51,전력·전기전자,전자부품,센서/모듈
감정,51,기타,기타,기타
부수,51,기타,기타,기타
지형,51,특수장비,측지/지리공간,GPS/측량
컨설팅,51,기타,기타,기타
공유,51,기타,기타,기타
합동,51,기타,기타,기타
방열기,51,공구·설비,안전/소방,소방/안전장비
속도,51,기타,기타,기타
체육,51,기타,기타,기타
리드,50,기타,기타,기타
공표,50,기타,기타,기타
조절,50,기타,기타,기타
검증,50,기타,기타,기타
소방시설,50,기타,기타,기타
취급,50,기타,기타,기타
승용차,50,급식·식품,가공/식자재,식자재
추적,50,기타,기타,기타
마트,50,기타,기타,기타
조직,50,기타,기타,기타
인체,50,기타,기타,기타
변속기,50,기타,기타,기타
하부,50,기타,기타,기타
수정,50,기타,기타,기타
악기,50,기타,기타,기타
기초,50,기타,기타,기타
앵글,50,건설·시설,자재/철물,자재/철물
밀폐,50,기타,기타,기타
처리기,50,기타,기타,기타
자다,50,기타,기타,기타
적재,49,기타,기타,기타
과제,49,기타,기타,기타
트랜지스터,49,기타,기타,기타
방호,49,기타,기타,기타
총기,49,기타,기타,기타
발굴,49,기타,기타,기타
봉투,49,기타,기타,기타
수동식,49,기타,기타,기타
가솔린,49,차량·기동,연료/윤활,연료/윤활유
전략,49,기타,기타,기타
신궁,49,기타,기타,기타
차단기,48,전력·전기전자,발전/저장,발전기/배터리
기록물,48,기타,기타,기타
조정,48,기타,기타,기타
축전기,48,기타,기타,기타
블록,48,기타,기타,기타
탐색,48,기타,기타,기타
소제,48,기타,기타,기타
킷트,48,기타,기타,기타
두부,48,기타,기타,기타
냉동고,48,급식·식품,주방기기,주방/급식장비
예산,48,기타,기타,기타
수첩,48,기타,기타,기타
선수,48,기타,기타,기타
멀티,48,기타,기타,기타
급수,48,기타,기타,기타
절연,48,공구·설비,일반공구,수공구/전동공구
학기,48,기타,기타,기타
건조기,48,기타,기타,기타
소방,48,기타,기타,기타
자기,47,기타,기타,기타
레버,47,기타,기타,기타
콩나물,47,기타,기타,기타
받침,47,기타,기타,기타
고성능,47,기타,기타,기타
김장,47,기타,기타,기타
사무,47,기타,기타,기타
관측,47,기타,기타,기타
다중,47,기타,기타,기타
반도체,47,기타,기타,기타
술기,47,기타,기타,기타
장용,47,기타,기타,기타
인쇄기,47,기타,기타,기타
바닥,47,기타,기타,기타
링크,47,기타,기타,기타
당면,46,기타,기타,기타
절단,46,공구·설비,용접/가공,용접/절단
송수,46,기타,기타,기타
상가,46,기타,기타,기타
효율,46,기타,기타,기타
데이터,46,기타,기타,기타
유조차,46,급식·식품,가공/식자재,식자재
업체,46,기타,기타,기타
원용,46,기타,기타,기타
접기,45,기타,기타,기타
대기,45,기타,기타,기타
개조,45,기타,기타,기타
짜다,45,기타,기타,기타
치즈,45,기타,기타,기타
북부,45,기타,기타,기타
양극,45,기타,기타,기타
신규,45,기타,기타,기타
와이퍼,45,차량·기동,차량/정비,차량부품/소모품
특전사,45,기타,기타,기타
병기,45,기타,기타,기타
경량,45,기타,기타,기타
고도,45,기타,기타,기타
자격,45,기타,기타,기타
제습기,45,피복·생활·사무,청소/환경,청소/위생
플랫폼,45,기타,기타,기타
정보통,45,기타,기타,기타
타일,45,기타,기타,기타
형식,45,기타,기타,기타
뚜껑,45,기타,기타,기타
내시경,45,기타,기타,기타
부싱,45,기타,기타,기타
에너지,44,기타,기타,기타
유량,44,기타,기타,기타
간장,44,기타,기타,기타
떡볶이,44,기타,기타,기타
냉동기,44,기타,기타,기타
건강,44,기타,기타,기타
직선형,44,기타,기타,기타
팥빙수,44,기타,기타,기타
수직,44,기타,기타,기타
계룡대,44,기타,기타,기타
기압,44,기타,기타,기타
수립,44,기타,기타,기타
분말,44,기타,기타,기타
타이,44,기타,기타,기타
후드,44,기타,기타,기타
부하,44,기타,기타,기타
공산품,44,기타,기타,기타
호텔,44,기타,기타,기타
건빵,44,급식·식품,가공/식자재,식자재
드레싱,44,기타,기타,기타
열무김치,44,급식·식품,가공/식자재,식자재
딸기,43,기타,기타,기타
방독면,43,공구·설비,안전/소방,소방/안전장비
책상,43,기타,기타,기타
청수,43,기타,기타,기타
오실로스코프,43,공구·설비,측정/시험,계측기
천궁,43,기타,기타,기타
렌즈,43,기타,기타,기타
가다,43,기타,기타,기타
불가,43,기타,기타,기타
주입,43,기타,기타,기타
참치,43,기타,기타,기타
낙하산,43,기타,기타,기타
브러쉬,43,기타,기타,기타
비류,43,기타,기타,기타
요구,43,기타,기타,기타
과자,43,기타,기타,기타
대회,43,기타,기타,기타
쇠고기,43,기타,기타,기타
보드,43,기타,기타,기타
확보,43,기타,기타,기타
적정,42,기타,기타,기타
검정,42,기타,기타,기타
보온,42,기타,기타,기타
인증,42,기타,기타,기타
동명부대,42,기타,기타,기타
진동,42,기타,기타,기타
교정,42,기타,기타,기타
이음,42,기타,기타,기타
흡수,42,기타,기타,기타
프로젝터,42,기타,기타,기타
수배,42,기타,기타,기타
다련장,42,기타,기타,기타
라인,42,기타,기타,기타
군위,42,기타,기타,기타
분전,41,기타,기타,기타
트랙터,41,기타,기타,기타
어육,41,기타,기타,기타
스파,41,기타,기타,기타
재난,41,기타,기타,기타
석면,41,기타,기타,기타
여군,41,기타,기타,기타
소용,41,기타,기타,기타
생물학,41,기타,기타,기타
용등,41,기타,기타,기타
인용,41,기타,기타,기타
임무,41,기타,기타,기타
사료,41,기타,기타,기타
보트,41,기타,기타,기타
고도화,41,기타,기타,기타
휀다,41,기타,기타,기타
마스트,41,기타,기타,기타
모래,41,건설·시설,자재/철물,자재/철물
화상,41,기타,기타,기타
무늬,41,기타,기타,기타
도어,41,기타,기타,기타
카레,40,기타,기타,기타
무선주파수,40,IT·통신,무선/통신장비,무전기/위성
강등,40,기타,기타,기타
워게임,40,기타,기타,기타
스펙트럼,40,기타,기타,기타
후속,40,기타,기타,기타
추출,40,기타,기타,기타
생선묵,40,기타,기타,기타
컨퍼런스,40,기타,기타,기타
수기,40,기타,기타,기타
정렬,40,기타,기타,기타
소자,40,기타,기타,기타
탄산음료,40,급식·식품,가공/식자재,식자재
고추,40,기타,기타,기타
계류,40,기타,기타,기타
서부,40,기타,기타,기타
소음기,40,기타,기타,기타
이산화탄소,40,기타,기타,기타
군견,40,기타,기타,기타
이드,40,기타,기타,기타
자운대,40,기타,기타,기타
파김치,40,급식·식품,가공/식자재,식자재
효과,40,기타,기타,기타
연막,39,기타,기타,기타
칼라,39,급식·식품,주방기기,주방/급식장비
차기,39,기타,기타,기타
호흡,39,기타,기타,기타
조인트,39,기타,기타,기타
전개식,39,기타,기타,기타
회수,39,기타,기타,기타
분리,39,기타,기타,기타
입다,39,기타,기타,기타
레벨,39,기타,기타,기타
신병,39,기타,기타,기타
시범,39,기타,기타,기타
섬유,39,기타,기타,기타
우의,39,피복·생활·사무,피복/보급,군장/피복
연대,39,기타,기타,기타
호흡기,39,기타,기타,기타
상호,39,기타,기타,기타
공용,39,기타,기타,기타
후보,39,기타,기타,기타
결합체,39,기타,기타,기타
교차,39,급식·식품,가공/식자재,식자재
풍향,39,기타,기타,기타
응급처치,39,기타,기타,기타
글로브,38,기타,기타,기타
루프,38,기타,기타,기타
장성,38,기타,기타,기타
심전도,38,기타,기타,기타
김해,38,기타,기타,기타
어린이집,38,기타,기타,기타
무전,38,기타,기타,기타
체육관,38,기타,기타,기타
밀봉,38,기타,기타,기타
탁상,38,기타,기타,기타
편집,38,기타,기타,기타
주둔지,38,기타,기타,기타
방한복,38,피복·생활·사무,피복/보급,군장/피복
질소,38,화학·소재,가스/특수가스,산업가스
전라,38,기타,기타,기타
택배,38,기타,기타,기타
화포,38,기타,기타,기타
어류,38,기타,기타,기타
만족도,38,기타,기타,기타
패트리어트,37,기타,기타,기타
육군훈련소,37,기타,기타,기타
풍속,37,기타,기타,기타
코트,37,기타,기타,기타
육상,37,기타,기타,기타
기관총,37,기타,기타,기타
히터,37,건설·시설,장비/장치,공조/전열/펌프
지류,37,기타,기타,기타
자율,37,기타,기타,기타
표준화,37,기타,기타,기타
배상,37,기타,기타,기타
경기장,37,기타,기타,기타
합성,37,기타,기타,기타
후방,37,기타,기타,기타
내부,37,기타,기타,기타
소모,37,기타,기타,기타
평형,37,기타,기타,기타
형광,37,전력·전기전자,조명/전선,LED/전선
신용,37,기타,기타,기타
완충,37,기타,기타,기타
수제비,37,기타,기타,기타
용량,37,기타,기타,기타
원정,37,기타,기타,기타
머신,37,기타,기타,기타
포렌식,36,기타,기타,기타
등용,36,기타,기타,기타
비자,36,기타,기타,기타
고정기,36,기타,기타,기타
흉부,36,기타,기타,기타
인제,36,기타,기타,기타
식기,36,기타,기타,기타
청동,36,기타,기타,기타
민사,36,기타,기타,기타
기기,36,기타,기타,기타
분쇄기,36,기타,기타,기타
동원,36,기타,기타,기타
해물,36,기타,기타,기타
방진,36,건설·시설,안전/현장,현장안전/표지
구역,36,기타,기타,기타
포신,36,기타,기타,기타
현미경,36,기타,기타,기타
인공,36,기타,기타,기타
총각김치,36,급식·식품,가공/식자재,식자재
집다,36,기타,기타,기타
면류,36,기타,기타,기타
지반,36,기타,기타,기타
돼지,36,기타,기타,기타
독기,36,기타,기타,기타
경북,36,기타,기타,기타
접착제,36,화학·소재,도료/접착/고분자,도료/접착
스프레이,36,기타,기타,기타
플랜,35,기타,기타,기타
본체,35,기타,기타,기타
로켓,35,기타,기타,기타
구리,35,기타,기타,기타
유황,35,기타,기타,기타
깔다,35,기타,기타,기타
사기,35,기타,기타,기타
쿠키,35,기타,기타,기타
심장,35,기타,기타,기타
중계,35,기타,기타,기타
공연,35,기타,기타,기타
본부,35,기타,기타,기타
차원,35,기타,기타,기타
구입,35,기타,기타,기타
차폐,35,기타,기타,기타
구난,35,기타,기타,기타
절연체,35,공구·설비,일반공구,수공구/전동공구
이다,35,기타,기타,기타
확성기,35,기타,기타,기타
성형,35,기타,기타,기타
부속품,35,기타,기타,기타
수액,35,의료·의약·위생,의료소모/장비,의료장비/키트
대체,35,기타,기타,기타
건전지,34,기타,기타,기타
붕대,34,의료·의약·위생,의료소모/장비,의료장비/키트
식혜,34,기타,기타,기타
기소,34,기타,기타,기타
일회용,34,기타,기타,기타
연장,34,기타,기타,기타
철판,34,기타,기타,기타
분배,34,기타,기타,기타
모범,34,기타,기타,기타
전투화,34,기타,기타,기타
목상자,34,기타,기타,기타
핫도그,34,기타,기타,기타
사진,34,기타,기타,기타
부다,34,기타,기타,기타
밧데리,34,기타,기타,기타
중계기,34,IT·통신,무선/통신장비,무전기/위성
취약점,34,기타,기타,기타
전광판,34,기타,기타,기타
스퍼형,34,기타,기타,기타
활동,34,기타,기타,기타
봉등,34,기타,기타,기타
마개,34,기타,기타,기타
스타,34,기타,기타,기타
왕복,34,기타,기타,기타
의장,34,기타,기타,기타
비빔,34,기타,기타,기타
임플란트,34,기타,기타,기타
아이스,34,기타,기타,기타
기름,34,기타,기타,기타
자주,34,기타,기타,기타
여과,34,기타,기타,기타
판독,34,기타,기타,기타
갓김치,34,급식·식품,가공/식자재,식자재
리치,34,기타,기타,기타
크림,34,기타,기타,기타
자동차,34,급식·식품,가공/식자재,식자재
해양,34,기타,기타,기타
계급,34,기타,기타,기타
정립,34,기타,기타,기타
순환,34,기타,기타,기타
젓갈,34,기타,기타,기타
구명,33,기타,기타,기타
공관,33,기타,기타,기타
추다,33,기타,기타,기타
향상,33,기타,기타,기타
부교,33,기타,기타,기타
쌀국수,33,급식·식품,가공/식자재,식자재
골뱅이,33,기타,기타,기타
아세틸렌,33,기타,기타,기타
묶음,33,기타,기타,기타
시래기,33,기타,기타,기타
앰프,33,기타,기타,기타
임시,33,기타,기타,기타
전관,33,기타,기타,기타
방사,33,기타,기타,기타
사복,33,기타,기타,기타
인력,33,기타,기타,기타
단가,33,기타,기타,기타
머리,33,기타,기타,기타
고소,33,기타,기타,기타
레일,33,기타,기타,기타
징류,33,기타,기타,기타
미트볼,33,기타,기타,기타
연평도,33,기타,기타,기타
부력,33,기타,기타,기타
춘천,33,기타,기타,기타
가락국수,33,기타,기타,기타
달력,33,기타,기타,기타
철거,33,기타,기타,기타
삼겹살,33,기타,기타,기타
분해,33,기타,기타,기타
장보고,33,기타,기타,기타
성과,33,기타,기타,기타
자장면,33,기타,기타,기타
리먼,33,기타,기타,기타
기뢰,32,기타,기타,기타
컬러,32,기타,기타,기타
독수리,32,기타,기타,기타
하늘,32,기타,기타,기타
텐트,32,기타,기타,기타
판매,32,기타,기타,기타
연구개발,32,기타,기타,기타
박판,32,기타,기타,기타
물탱크,32,기타,기타,기타
만두,32,기타,기타,기타
명찰,32,기타,기타,기타
통풍,32,기타,기타,기타
피아,32,기타,기타,기타
조림,32,기타,기타,기타
바벨,32,기타,기타,기타
출력,32,기타,기타,기타
지단,32,기타,기타,기타
실용,32,기타,기타,기타
가루,32,기타,기타,기타
감시카메라,32,IT·통신,CCTV/보안,영상감시
판형,32,기타,기타,기타
조미료,32,급식·식품,가공/식자재,식자재
등기,32,기타,기타,기타
추석,32,기타,기타,기타
퓨즈,32,전력·전기전자,전자부품,센서/모듈
학술,32,기타,기타,기타
협력,32,기타,기타,기타
창설,32,기타,기타,기타
리튬전지,32,기타,기타,기타
복구,32,기타,기타,기타
면봉,32,기타,기타,기타
식량,31,기타,기타,기타
스티커,31,기타,기타,기타
샌드형,31,기타,기타,기타
홍보물,31,기타,기타,기타
침구,31,기타,기타,기타
팔레트,31,기타,기타,기타
견인차,31,급식·식품,가공/식자재,식자재
단화,31,기타,기타,기타
체용,31,기타,기타,기타
캡슐,31,기타,기타,기타
주스,31,기타,기타,기타
쿨러,31,기타,기타,기타
일체,31,기타,기타,기타
상륙정,31,기타,기타,기타
재포,31,기타,기타,기타
설치다,31,기타,기타,기타
스파이더,31,기타,기타,기타
에폭시,31,화학·소재,도료/접착/고분자,도료/접착
순두부,31,기타,기타,기타
마네킹,31,기타,기타,기타
단안,31,기타,기타,기타
화면,31,기타,기타,기타
제사,31,기타,기타,기타
하네스,31,기타,기타,기타
정제,30,기타,기타,기타
세미나,30,기타,기타,기타
기중기,30,기타,기타,기타
토크,30,공구·설비,측정/시험,계측기
교통,30,기타,기타,기타
교류,30,기타,기타,기타
냉각제,30,기타,기타,기타
콘형,30,건설·시설,안전/현장,현장안전/표지
상부,30,기타,기타,기타
그리스,30,차량·기동,연료/윤활,연료/윤활유
건축,30,기타,기타,기타
파워,30,기타,기타,기타
근거리,30,기타,기타,기타
수질검사,30,기타,기타,기타
신관,30,기타,기타,기타
진지,30,기타,기타,기타
경비,30,기타,기타,기타
수소,30,기타,기타,기타
미리,30,기타,기타,기타
면역,30,기타,기타,기타
변속,30,기타,기타,기타
번하다,30,기타,기타,기타
함포,30,기타,기타,기타
코일,30,기타,기타,기타
복제,30,기타,기타,기타
탕수육,30,기타,기타,기타
이동용,30,기타,기타,기타
기체,30,기타,기타,기타
차세대,30,기타,기타,기타
알곤,30,기타,기타,기타
보호대,30,기타,기타,기타
작성,30,기타,기타,기타
배기,30,기타,기타,기타
속기,30,기타,기타,기타
서류,30,기타,기타,기타
계란,30,기타,기타,기타
햄버거,30,기타,기타,기타
공고,30,기타,기타,기타
손질,30,기타,기타,기타
독신,29,기타,기타,기타
실링,29,기타,기타,기타
음압,29,기타,기타,기타
장판,29,기타,기타,기타
홍천,29,기타,기타,기타
다용,29,기타,기타,기타
필름,29,기타,기타,기타
발간,29,기타,기타,기타
완충기,29,기타,기타,기타
혁신,29,기타,기타,기타
공정,29,기타,기타,기타
승용,29,기타,기타,기타
항공관제,29,IT·통신,CCTV/보안,영상감시
판류,29,기타,기타,기타
크리,29,기타,기타,기타
고리,29,기타,기타,기타
워크스테이션,29,기타,기타,기타
무대,29,기타,기타,기타
리용,29,기타,기타,기타
고추장,29,기타,기타,기타
모자,29,피복·생활·사무,피복/보급,군장/피복
마기,29,기타,기타,기타
스프,29,기타,기타,기타
환상,29,기타,기타,기타
문서,29,기타,기타,기타
윈도우,29,IT·통신,소프트웨어,OS/보안SW
외곽,29,기타,기타,기타
링등,29,기타,기타,기타
쫄면,29,기타,기타,기타
이용,29,기타,기타,기타
상업,29,기타,기타,기타
초기,29,기타,기타,기타
모형,29,기타,기타,기타
지구,29,기타,기타,기타
잠망경,29,기타,기타,기타
토양오염,29,기타,기타,기타
타운,29,기타,기타,기타
단무지,28,기타,기타,기타
검색,28,기타,기타,기타
응급,28,기타,기타,기타
수명,28,기타,기타,기타
실외,28,기타,기타,기타
고구마,28,기타,기타,기타
뭉치,28,기타,기타,기타
장간,28,기타,기타,기타
도로,28,기타,기타,기타
빙기,28,기타,기타,기타
셔츠,28,기타,기타,기타
부착,28,기타,기타,기타
탈착기,28,기타,기타,기타
녹색,28,기타,기타,기타
플라이,28,기타,기타,기타
고양,28,기타,기타,기타
촬영,28,기타,기타,기타
스틸,28,기타,기타,기타
어뢰,28,기타,기타,기타
계산기,28,기타,기타,기타
선글라스,28,기타,기타,기타
락카,28,화학·소재,도료/접착/고분자,도료/접착
수산물,28,기타,기타,기타
날개,28,기타,기타,기타
백김치,28,급식·식품,가공/식자재,식자재
임펠러,28,기타,기타,기타
실시,28,기타,기타,기타
합기,28,기타,기타,기타
게맛살,28,기타,기타,기타
사다리,28,건설·시설,안전/현장,현장안전/표지
정전,28,기타,기타,기타
춘추,28,기타,기타,기타
무인기,28,기타,기타,기타
외국어,28,기타,기타,기타
폴리우레탄,28,화학·소재,도료/접착/고분자,도료/접착
전세,28,기타,기타,기타
감응,28,기타,기타,기타
지령,28,기타,기타,기타
생선,28,기타,기타,기타
잉곳,28,기타,기타,기타
건축물,28,기타,기타,기타
경기도,27,기타,기타,기타
보충,27,기타,기타,기타
방역,27,의료·의약·위생,방역/위생,방역/소독
스크린,27,기타,기타,기타
최종,27,기타,기타,기타
스코프,27,기타,기타,기타
사이다,27,기타,기타,기타
국군의날,27,기타,기타,기타
드라이브,27,기타,기타,기타
강릉,27,기타,기타,기타
전단,27,기타,기타,기타
기관단총,27,기타,기타,기타
체촌,27,기타,기타,기타
상무대,27,기타,기타,기타
미디어,27,기타,기타,기타
도배,27,기타,기타,기타
블럭,27,기타,기타,기타
제동장치,27,기타,기타,기타
파카,27,기타,기타,기타
합판,27,건설·시설,자재/철물,자재/철물
다이오드,27,전력·전기전자,전자부품,센서/모듈
샌드,27,기타,기타,기타
흑색,27,기타,기타,기타
특수작전,27,기타,기타,기타
치조,27,기타,기타,기타
빅데이터,27,기타,기타,기타
라벨,27,피복·생활·사무,사무/문서,문구/사무기기
슬링,27,기타,기타,기타
파편,27,기타,기타,기타
헬륨가스,27,화학·소재,가스/특수가스,산업가스
기억,27,기타,기타,기타
마봉,27,기타,기타,기타
무한,27,기타,기타,기타
펄스,27,기타,기타,기타
원격교육,27,기타,기타,기타
상의,27,기타,기타,기타
충청권,27,기타,기타,기타
커튼,27,기타,기타,기타
용제,27,기타,기타,기타
돌격,27,기타,기타,기타
우주,27,기타,기타,기타
풍속계,27,기타,기타,기타
하프,27,기타,기타,기타
역사,27,기타,기타,기타
효소,27,기타,기타,기타
영내,27,기타,기타,기타
온도계,27,기타,기타,기타
저격,26,기타,기타,기타
철제,26,기타,기타,기타
현궁,26,기타,기타,기타
와이어로프,26,기타,기타,기타
주기,26,기타,기타,기타
우레,26,기타,기타,기타
사각,26,기타,기타,기타
게이트,26,기타,기타,기타
살수차,26,급식·식품,가공/식자재,식자재
잠그다,26,기타,기타,기타
간단,26,기타,기타,기타
창정,26,기타,기타,기타
폭음,26,기타,기타,기타
토키,26,기타,기타,기타
탄두,26,기타,기타,기타
시계,26,기타,기타,기타
말뚝,26,기타,기타,기타
정보보호,26,기타,기타,기타
기획,26,기타,기타,기타
치킨,26,기타,기타,기타
식탁,26,기타,기타,기타
지환,26,기타,기타,기타
돈가스,26,화학·소재,가스/특수가스,산업가스
암호,26,기타,기타,기타
외투,26,기타,기타,기타
검토,26,기타,기타,기타
작업복,26,기타,기타,기타
선정,26,기타,기타,기타
군악대,26,기타,기타,기타
제트,26,기타,기타,기타
들것,26,기타,기타,기타
파라핀,26,기타,기타,기타
옷장,26,기타,기타,기타
전쟁,26,기타,기타,기타
캐비넷,26,기타,기타,기타
저울,26,기타,기타,기타
수압,26,기타,기타,기타
복사기,26,기타,기타,기타
공기조절,26,기타,기타,기타
된장,26,기타,기타,기타
미끄럼,26,기타,기타,기타
온나라,26,기타,기타,기타
차축,26,기타,기타,기타
구명정,26,기타,기타,기타
자원,26,기타,기타,기타
음원,26,기타,기타,기타
심해,26,기타,기타,기타
미세,26,기타,기타,기타
레펠,26,기타,기타,기타
항해,26,기타,기타,기타
중량,26,기타,기타,기타
공중,26,기타,기타,기타
마약,26,기타,기타,기타
산불,26,기타,기타,기타
무선통신,26,IT·통신,무선/통신장비,무전기/위성
설날,26,기타,기타,기타
교대,25,기타,기타,기타
리더십,25,기타,기타,기타
냉각수,25,기타,기타,기타
체험,25,기타,기타,기타
플레이,25,기타,기타,기타
특식,25,기타,기타,기타
아크,25,공구·설비,용접/가공,용접/절단
전환,25,기타,기타,기타
충격,25,기타,기타,기타
덤벨,25,기타,기타,기타
가스터빈,25,화학·소재,가스/특수가스,산업가스
충남,25,기타,기타,기타
좌석,25,기타,기타,기타
수거,25,기타,기타,기타
항행,25,기타,기타,기타
야채,25,기타,기타,기타
군무원,25,기타,기타,기타
스파게티,25,기타,기타,기타
등뼈,25,기타,기타,기타
숙영,25,기타,기타,기타
제주,25,기타,기타,기타
양주,25,기타,기타,기타
전산기,25,기타,기타,기타
등유,25,차량·기동,연료/윤활,연료/윤활유
군장,25,피복·생활·사무,피복/보급,군장/피복
유출,25,기타,기타,기타
진화,25,기타,기타,기타
폭파,25,기타,기타,기타
수성,25,기타,기타,기타
포구,25,기타,기타,기타
봉인,25,기타,기타,기타
일등,25,기타,기타,기타
로봇,25,특수장비,드론/로봇,드론/로봇
취득,25,기타,기타,기타
스폰지,25,기타,기타,기타
지기,25,기타,기타,기타
생일,25,기타,기타,기타
쇼핑,25,기타,기타,기타
회의,25,기타,기타,기타
걸이,25,기타,기타,기타
플랩,25,화학·소재,도료/접착/고분자,도료/접착
철조망,25,기타,기타,기타
방전,25,기타,기타,기타
모타,25,기타,기타,기타
사후,25,기타,기타,기타
리셉터,24,기타,기타,기타
세종,24,기타,기타,기타
기념품,24,기타,기타,기타
거치,24,기타,기타,기타
모집,24,기타,기타,기타
파노라마,24,기타,기타,기타
철재,24,기타,기타,기타
착용,24,기타,기타,기타
콘솔,24,피복·생활·사무,청소/환경,청소/위생
갑판,24,기타,기타,기타
사다,24,기타,기타,기타
베이스,24,기타,기타,기타
해수,24,기타,기타,기타
특성,24,기타,기타,기타
조리,24,급식·식품,주방기기,주방/급식장비
메타,24,기타,기타,기타
열기,24,기타,기타,기타
드라이버,24,기타,기타,기타
축산물,24,기타,기타,기타
수선,24,기타,기타,기타
시료,24,기타,기타,기타
견과류,24,기타,기타,기타
접이식,24,기타,기타,기타
주식,24,기타,기타,기타
마이크로폰,24,기타,기타,기타
산악,24,기타,기타,기타
청소기,24,피복·생활·사무,청소/환경,청소/위생
직무,24,기타,기타,기타
운전,24,기타,기타,기타
오버헤드,24,기타,기타,기타
국솥,24,기타,기타,기타
사관학교,24,기타,기타,기타
교란,24,기타,기타,기타
포천,24,기타,기타,기타
병장,24,기타,기타,기타
캐비닛,24,기타,기타,기타
매트리스,24,기타,기타,기타
훈련병,24,기타,기타,기타
조종사,24,기타,기타,기타
위생,24,의료·의약·위생,방역/위생,방역/소독
구성,24,기타,기타,기타
사교,24,기타,기타,기타
그로,24,기타,기타,기타
역량,24,기타,기타,기타
품다,24,기타,기타,기타
비행단,24,기타,기타,기타
받다,24,기타,기타,기타
지상군,24,기타,기타,기타
핀등,24,기타,기타,기타
부산,24,기타,기타,기타
일반의약품,24,의료·의약·위생,의료소모/장비,의료장비/키트
수류탄,24,기타,기타,기타
통용,24,기타,기타,기타
신발,24,기타,기타,기타
육훈소,24,기타,기타,기타
파렛트,24,기타,기타,기타
레쉬,24,기타,기타,기타
호크,24,기타,기타,기타
디지털화,24,기타,기타,기타
대화,23,기타,기타,기타
탐방,23,기타,기타,기타
하이브리드,23,기타,기타,기타
경보기,23,공구·설비,안전/소방,소방/안전장비
고려,23,기타,기타,기타
가이드,23,기타,기타,기타
대한민국,23,기타,기타,기타
교과목,23,기타,기타,기타
가부,23,기타,기타,기타
바디,23,기타,기타,기타
독서,23,기타,기타,기타
반창고,23,기타,기타,기타
고정용,23,기타,기타,기타
등화,23,기타,기타,기타
광택,23,기타,기타,기타
햄슬,23,기타,기타,기타
돼지고기,23,기타,기타,기타
단자,23,기타,기타,기타
장류,23,기타,기타,기타
엘보등,23,기타,기타,기타
광복절,23,기타,기타,기타
덕트,23,건설·시설,장비/장치,공조/전열/펌프
제헌절,23,기타,기타,기타
장전,23,기타,기타,기타
복류,23,기타,기타,기타
초콜릿,23,기타,기타,기타
직할,23,기타,기타,기타
진료,23,기타,기타,기타
녹화,23,기타,기타,기타
공통,23,기타,기타,기타
티셔츠,23,기타,기타,기타
콘도,23,건설·시설,안전/현장,현장안전/표지
디자인,23,기타,기타,기타
용수철,23,기타,기타,기타
항공우주,23,기타,기타,기타
마대,23,기타,기타,기타
대한,23,기타,기타,기타
샐러드,23,기타,기타,기타
눈금,23,기타,기타,기타
영구,23,기타,기타,기타
지명,23,기타,기타,기타
공동,23,기타,기타,기타
개폐,23,기타,기타,기타
거리,23,기타,기타,기타
단체,23,기타,기타,기타
도넛,23,기타,기타,기타
구부,23,기타,기타,기타
자장,23,기타,기타,기타
프레임,23,기타,기타,기타
삼각대,23,기타,기타,기타
전복,23,기타,기타,기타
염기서열,23,기타,기타,기타
수영,23,기타,기타,기타
컨베이어,23,기타,기타,기타
희다,23,기타,기타,기타
절약,23,기타,기타,기타
예측,22,기타,기타,기타
유기,22,기타,기타,기타
군책,22,기타,기타,기타
하우스,22,기타,기타,기타
간격,22,기타,기타,기타
시추,22,기타,기타,기타
흡인,22,기타,기타,기타
지붕,22,기타,기타,기타
경비정,22,기타,기타,기타
함유,22,기타,기타,기타
국수,22,기타,기타,기타
개정,22,기타,기타,기타
함수,22,기타,기타,기타
배관,22,건설·시설,자재/철물,자재/철물
사자,22,기타,기타,기타
갈래,22,기타,기타,기타
항만,22,기타,기타,기타
주물,22,기타,기타,기타
오븐,22,급식·식품,주방기기,주방/급식장비
시리얼,22,기타,기타,기타
확대,22,기타,기타,기타
패킹등,22,기타,기타,기타
과채,22,기타,기타,기타
중소,22,기타,기타,기타
개수,22,기타,기타,기타
마스터,22,기타,기타,기타
여객,22,기타,기타,기타
포장재,22,기타,기타,기타
김포,22,기타,기타,기타
유조,22,기타,기타,기타
원통,22,기타,기타,기타
진압,22,기타,기타,기타
광케이블,22,IT·통신,PC/주변기기,PC/노트북
현재,22,기타,기타,기타
두건,22,기타,기타,기타
서북,22,기타,기타,기타
특근,22,기타,기타,기타
사병,22,기타,기타,기타
식별,22,기타,기타,기타
파레트,22,기타,기타,기타
분무기,22,의료·의약·위생,방역/위생,방역/소독
오렌지,22,기타,기타,기타
축구,22,기타,기타,기타
나비,22,기타,기타,기타
장력,21,기타,기타,기타
방법,21,기타,기타,기타
주야,21,기타,기타,기타
은행,21,기타,기타,기타
간성,21,기타,기타,기타
호국,21,기타,기타,기타
파다,21,기타,기타,기타
침투,21,기타,기타,기타
표면,21,기타,기타,기타
제품,21,기타,기타,기타
전자제품,21,기타,기타,기타
복합기,21,IT·통신,PC/주변기기,PC/노트북
청진기,21,기타,기타,기타
수술대,21,기타,기타,기타
안면,21,기타,기타,기타
금속탐지기,21,기타,기타,기타
카본,21,기타,기타,기타
자석,21,기타,기타,기타
외피,21,기타,기타,기타
냉온,21,기타,기타,기타
산정,21,기타,기타,기타
가제,21,기타,기타,기타
평판,21,기타,기타,기타
작동기,21,기타,기타,기타
기다,21,기타,기타,기타
점화,21,기타,기타,기타
주머니,21,기타,기타,기타
형광등,21,전력·전기전자,조명/전선,LED/전선
리튬,21,기타,기타,기타
무용,21,기타,기타,기타
비빔냉면,21,기타,기타,기타
유수,21,기타,기타,기타
수평,21,기타,기타,기타
한마음,21,기타,기타,기타
연결봉,21,기타,기타,기타
세면장,21,기타,기타,기타
카키색,21,기타,기타,기타
신발장,21,기타,기타,기타
분광,21,기타,기타,기타
동복,21,기타,기타,기타
윈치,21,기타,기타,기타
게이,21,기타,기타,기타
중요,21,기타,기타,기타
주류,21,기타,기타,기타
초도,21,기타,기타,기타
딩기,21,기타,기타,기타
토성,21,기타,기타,기타
기간,21,기타,기타,기타
유니버설,21,기타,기타,기타
부싱등,21,기타,기타,기타
도금,21,기타,기타,기타
볼펜,21,피복·생활·사무,사무/문서,문구/사무기기
버섯,21,기타,기타,기타
지속,21,기타,기타,기타
간행물,21,기타,기타,기타
전력계,21,기타,기타,기타
냉장,21,기타,기타,기타
볶음,21,기타,기타,기타
진행,21,기타,기타,기타
피해,21,기타,기타,기타
교범,21,기타,기타,기타
전통,21,기타,기타,기타
손목시계,21,기타,기타,기타
황동,20,기타,기타,기타
수레,20,기타,기타,기타
산업혁명,20,기타,기타,기타
사포,20,기타,기타,기타
혈압,20,기타,기타,기타
중심,20,기타,기타,기타
연기,20,기타,기타,기타
육류,20,기타,기타,기타
전지원,20,기타,기타,기타
경고,20,기타,기타,기타
무청,20,기타,기타,기타
명분,20,기타,기타,기타
포트,20,기타,기타,기타
폭탄,20,기타,기타,기타
사과,20,기타,기타,기타
니켈,20,기타,기타,기타
방청,20,기타,기타,기타
새다,20,기타,기타,기타
마봉강,20,기타,기타,기타
연마,20,기타,기타,기타
대등,20,기타,기타,기타
힌지,20,기타,기타,기타
교관,20,기타,기타,기타
진기,20,기타,기타,기타
재목,20,기타,기타,기타
공장,20,기타,기타,기타
매입,20,기타,기타,기타
탄창,20,기타,기타,기타
어제,20,기타,기타,기타
우수,20,기타,기타,기타
자이로스코프,20,기타,기타,기타
유압용,20,기타,기타,기타
세균,20,기타,기타,기타
퇴치,20,기타,기타,기타
사지,20,기타,기타,기타
삽입,20,기타,기타,기타
주방,20,급식·식품,주방기기,주방/급식장비
수준,20,기타,기타,기타
업자,20,기타,기타,기타
프리,20,기타,기타,기타
강도,20,기타,기타,기타
사고,20,기타,기타,기타
격발,20,기타,기타,기타
현대,20,기타,기타,기타
에나멜,20,기타,기타,기타
포류,20,기타,기타,기타
격통,20,기타,기타,기타
귀마개,20,기타,기타,기타
튀기다,20,기타,기타,기타
방위산업,20,기타,기타,기타
방어,20,기타,기타,기타
외국,20,기타,기타,기타
어셈블리,20,기타,기타,기타
수상하다,20,기타,기타,기타
프라이머,20,기타,기타,기타
안정,20,기타,기타,기타
마취,20,기타,기타,기타
친환경,20,기타,기타,기타
투광,20,기타,기타,기타
간섭,20,기타,기타,기타
전남,20,기타,기타,기타
복용,19,기타,기타,기타
우측,19,기타,기타,기타
기동대,19,기타,기타,기타
비석,19,기타,기타,기타
검진,19,기타,기타,기타
정물,19,기타,기타,기타
비누,19,기타,기타,기타
순회,19,기타,기타,기타
일용,19,기타,기타,기타
홀더,19,기타,기타,기타
라스트,19,기타,기타,기타
오리,19,기타,기타,기타
페이,19,기타,기타,기타
리벳,19,기타,기타,기타
함평,19,기타,기타,기타
의학,19,기타,기타,기타
생기,19,기타,기타,기타
내화,19,기타,기타,기타
가전제품,19,기타,기타,기타
학과,19,기타,기타,기타
제한,19,기타,기타,기타
조향기,19,기타,기타,기타
스킷,19,기타,기타,기타
기록관리,19,기타,기타,기타
미소,19,기타,기타,기타
항전,19,기타,기타,기타
요소,19,기타,기타,기타
기정,19,기타,기타,기타
쿠션,19,기타,기타,기타
하이힐,19,기타,기타,기타
엘리베이터,19,기타,기타,기타
누르다,19,기타,기타,기타
개인화기,19,기타,기타,기타
조류,19,기타,기타,기타
그레이,19,기타,기타,기타
온라인,19,기타,기타,기타
신설,19,기타,기타,기타
안티,19,기타,기타,기타
국문,19,기타,기타,기타
숙성,19,기타,기타,기타
발광,19,기타,기타,기타
오이소박이,19,기타,기타,기타
백업,19,IT·통신,서버/스토리지,서버
엑스,19,기타,기타,기타
중거리,19,기타,기타,기타
채소,19,기타,기타,기타
위성영상,19,IT·통신,무선/통신장비,무전기/위성
자켓,19,기타,기타,기타
밀링머신,19,기타,기타,기타
휠용,19,기타,기타,기타
가온,19,기타,기타,기타
고공,19,기타,기타,기타
장화,19,기타,기타,기타
토핑,19,기타,기타,기타
빙과,19,기타,기타,기타
샌드위치,19,기타,기타,기타
욕조,19,기타,기타,기타
전류,19,기타,기타,기타
막대,19,기타,기타,기타
시행,19,기타,기타,기타
곤색,19,기타,기타,기타
공포,19,기타,기타,기타
무선망,19,IT·통신,무선/통신장비,무전기/위성
탑승,19,기타,기타,기타
브라켓,19,기타,기타,기타
전진기,19,기타,기타,기타
코드,19,기타,기타,기타
역삼투,19,기타,기타,기타
통한,19,기타,기타,기타
손상,19,기타,기타,기타
무관,19,기타,기타,기타
방열,18,공구·설비,안전/소방,소방/안전장비
운동화,18,기타,기타,기타
구등,18,기타,기타,기타
통화,18,기타,기타,기타
음파,18,기타,기타,기타
감정평가,18,기타,기타,기타
표창장,18,기타,기타,기타
부탄,18,화학·소재,가스/특수가스,산업가스
청주,18,기타,기타,기타
다이얼,18,기타,기타,기타
포경,18,기타,기타,기타
창조,18,기타,기타,기타
생물,18,기타,기타,기타
흡착,18,기타,기타,기타
세척제,18,기타,기타,기타
수산화,18,기타,기타,기타
보우,18,기타,기타,기타
치장,18,기타,기타,기타
프린트,18,기타,기타,기타
스티,18,기타,기타,기타
도화,18,기타,기타,기타
콘덴서,18,전력·전기전자,전자부품,센서/모듈
무공훈장,18,기타,기타,기타
제로,18,기타,기타,기타
순대,18,기타,기타,기타
주석,18,기타,기타,기타
청국장,18,기타,기타,기타
변화,18,기타,기타,기타
구명구,18,기타,기타,기타
빌다,18,기타,기타,기타
연합,18,기타,기타,기타
석용,18,기타,기타,기타
의장대,18,기타,기타,기타
가능성,18,기타,기타,기타
진찰,18,기타,기타,기타
프로,18,기타,기타,기타
증축,18,기타,기타,기타
물다,18,기타,기타,기타
구동,18,기타,기타,기타
황산,18,기타,기타,기타
여성,18,기타,기타,기타
계단,18,기타,기타,기타
응축,18,기타,기타,기타
작용,18,기타,기타,기타
냉매,18,화학·소재,가스/특수가스,산업가스
대기오염,18,기타,기타,기타
타월,18,기타,기타,기타
방사성,18,기타,기타,기타
축압기,18,기타,기타,기타
연평,18,기타,기타,기타
매실,18,기타,기타,기타
배양기,18,기타,기타,기타
철선,18,기타,기타,기타
셋트,18,기타,기타,기타
메인,18,기타,기타,기타
보기,18,기타,기타,기타
지혈,18,기타,기타,기타
첨단,18,기타,기타,기타
주사,18,의료·의약·위생,의료소모/장비,의료장비/키트
탄력,18,기타,기타,기타
직류,18,기타,기타,기타
발기,18,기타,기타,기타
학사,18,기타,기타,기타
교구,18,기타,기타,기타
규격,18,기타,기타,기타
감독,18,기타,기타,기타
이비인후과,18,기타,기타,기타
참깨,18,기타,기타,기타
유가족,18,기타,기타,기타
클립,18,기타,기타,기타
압력계,18,공구·설비,측정/시험,계측기
유성,18,기타,기타,기타
분류,18,기타,기타,기타
스테레오,18,기타,기타,기타
시험대,18,기타,기타,기타
따르다,18,기타,기타,기타
사수,18,기타,기타,기타
제청,18,기타,기타,기타
무릎,18,기타,기타,기타
이중,18,기타,기타,기타
출입문,18,기타,기타,기타
여행,18,기타,기타,기타
구축함,18,기타,기타,기타
팔꿈치,18,기타,기타,기타
정기용,18,기타,기타,기타
시찰,18,기타,기타,기타
인원,18,기타,기타,기타
광주,18,기타,기타,기타
저항,18,전력·전기전자,전자부품,센서/모듈
조물,18,기타,기타,기타
켓류,18,기타,기타,기타
클라우드,18,기타,기타,기타
군사시설,18,기타,기타,기타
교육장,18,기타,기타,기타
지퍼,17,기타,기타,기타
파이,17,기타,기타,기타
전신,17,기타,기타,기타
한글화,17,기타,기타,기타
학군단,17,기타,기타,기타
타당성,17,기타,기타,기타
간이,17,기타,기타,기타
활성탄,17,기타,기타,기타
멜빵,17,급식·식품,가공/식자재,식자재
영화,17,기타,기타,기타
군직정,17,기타,기타,기타
비빔밥,17,기타,기타,기타
추기,17,기타,기타,기타
즉각,17,기타,기타,기타
고급,17,기타,기타,기타
동시,17,기타,기타,기타
릴리,17,기타,기타,기타
일링,17,기타,기타,기타
플런저,17,기타,기타,기타
경상,17,기타,기타,기타
안과,17,기타,기타,기타
시력,17,기타,기타,기타
프로젝트,17,기타,기타,기타
요구르트,17,기타,기타,기타
원추,17,기타,기타,기타
생화학,17,기타,기타,기타
손원일,17,기타,기타,기타
포털,17,기타,기타,기타
철사,17,기타,기타,기타
마루,17,기타,기타,기타
대류,17,기타,기타,기타
체외,17,기타,기타,기타
비타민,17,기타,기타,기타
선등,17,기타,기타,기타
잠바,17,기타,기타,기타
닦다,17,기타,기타,기타
통신망,17,IT·통신,무선/통신장비,무전기/위성
윤형,17,기타,기타,기타
하운,17,기타,기타,기타
신체,17,기타,기타,기타
소규모,17,기타,기타,기타
품질,17,기타,기타,기타
상장,17,기타,기타,기타
진술,17,기타,기타,기타
도청,17,기타,기타,기타
가위,17,기타,기타,기타
프로판,17,화학·소재,가스/특수가스,산업가스
컨버터,17,전력·전기전자,발전/저장,발전기/배터리
글레이,17,기타,기타,기타
제동기,17,기타,기타,기타
동부,17,기타,기타,기타
건립,17,기타,기타,기타
촬영기,17,기타,기타,기타
산출,17,기타,기타,기타
계측장비,17,기타,기타,기타
그리다,17,기타,기타,기타
삼일절,17,기타,기타,기타
물냉면,17,기타,기타,기타
폭약,17,기타,기타,기타
스텐,17,기타,기타,기타
펀치,17,기타,기타,기타
거제,17,기타,기타,기타
경요,17,기타,기타,기타
압박,17,기타,기타,기타
접합,17,기타,기타,기타
데스크톱,17,IT·통신,PC/주변기기,PC/노트북
인양기,17,기타,기타,기타
강선,17,기타,기타,기타
대상,17,기타,기타,기타
병상,17,기타,기타,기타
증언,17,기타,기타,기타
세제,17,피복·생활·사무,청소/환경,청소/위생
시체,17,기타,기타,기타
필수,17,기타,기타,기타
방폭,17,기타,기타,기타
입구,17,기타,기타,기타
상층,17,기타,기타,기타
식초,17,기타,기타,기타
카바,17,기타,기타,기타
떡국,17,기타,기타,기타
인화점,17,기타,기타,기타
안내,17,기타,기타,기타
컨벤션,17,기타,기타,기타
휀스,17,건설·시설,안전/현장,현장안전/표지
신정,17,기타,기타,기타
열선,17,기타,기타,기타
중장비,17,기타,기타,기타
물통,17,기타,기타,기타
간판,17,기타,기타,기타
비파괴검사,17,기타,기타,기타
오스,16,기타,기타,기타
캐패시터,16,기타,기타,기타
대비,16,기타,기타,기타
순간접착제,16,화학·소재,도료/접착/고분자,도료/접착
기갑,16,기타,기타,기타
수원,16,기타,기타,기타
워크숍,16,기타,기타,기타
침해,16,기타,기타,기타
세라믹,16,기타,기타,기타
접근,16,기타,기타,기타
주름,16,기타,기타,기타
육각형,16,기타,기타,기타
거울,16,기타,기타,기타
스피커,16,기타,기타,기타
인화지,16,기타,기타,기타
팽창,16,기타,기타,기타
박물관,16,기타,기타,기타
인버터,16,전력·전기전자,발전/저장,발전기/배터리
정비공,16,차량·기동,차량/정비,차량부품/소모품
우프,16,기타,기타,기타
버클,16,기타,기타,기타
안전모,16,공구·설비,안전/소방,소방/안전장비
마일,16,기타,기타,기타
협조,16,기타,기타,기타
보고,16,기타,기타,기타
고무밴드,16,화학·소재,도료/접착/고분자,도료/접착
은마,16,기타,기타,기타
바스,16,기타,기타,기타
아이,16,기타,기타,기타
출입,16,기타,기타,기타
수위,16,기타,기타,기타
포탑,16,기타,기타,기타
교도소,16,기타,기타,기타
울산,16,기타,기타,기타
소켓렌치,16,공구·설비,일반공구,수공구/전동공구
적다,16,기타,기타,기타
인식표,16,기타,기타,기타
가스총,16,화학·소재,가스/특수가스,산업가스
알미늄,16,기타,기타,기타
탄도,16,기타,기타,기타
윈드,16,기타,기타,기타
어깨,16,기타,기타,기타
부유,16,기타,기타,기타
혈구,16,기타,기타,기타
공군교육사령부,16,기타,기타,기타
인서트팁등,16,기타,기타,기타
사관,16,기타,기타,기타
임용,16,기타,기타,기타
참모총장,16,기타,기타,기타
샤워,16,기타,기타,기타
소파,16,기타,기타,기타
군종,16,기타,기타,기타
마요네즈,16,기타,기타,기타
피콜로,16,기타,기타,기타
폐쇄망,16,기타,기타,기타
까스,16,기타,기타,기타
강설,16,기타,기타,기타
스테이,16,기타,기타,기타
좌측,16,기타,기타,기타
부동액,16,차량·기동,차량/정비,차량부품/소모품
목티,16,기타,기타,기타
테스트,16,기타,기타,기타
환의,16,기타,기타,기타
조경,16,기타,기타,기타
레이크,16,기타,기타,기타
깻잎,16,기타,기타,기타
보병,16,기타,기타,기타
원격검침,16,기타,기타,기타
코어,16,기타,기타,기타
객실,16,기타,기타,기타
플러스,16,기타,기타,기타
중합,16,기타,기타,기타
성탄절,16,기타,기타,기타
휴대폰,16,기타,기타,기타
결핵,16,기타,기타,기타
황태,16,기타,기타,기타
진급,16,기타,기타,기타
스토리,16,기타,기타,기타
탁구,16,기타,기타,기타
냉면,16,기타,기타,기타
스모크,16,기타,기타,기타
봉제,16,기타,기타,기타
레이져,16,기타,기타,기타
소변,16,기타,기타,기타
플렌,16,기타,기타,기타
관절,16,기타,기타,기타
정류기,16,전력·전기전자,발전/저장,발전기/배터리
소나,16,기타,기타,기타
베다,16,기타,기타,기타
보도,16,기타,기타,기타
과고,16,기타,기타,기타
삼정,16,기타,기타,기타
고용,16,기타,기타,기타
대차,16,급식·식품,가공/식자재,식자재
무균,16,기타,기타,기타
단일,16,기타,기타,기타
특전,16,기타,기타,기타
폭띠,16,기타,기타,기타
강의,16,기타,기타,기타
무치다,16,기타,기타,기타
신속,16,기타,기타,기타
계수,16,기타,기타,기타
오이,16,기타,기타,기타
자물쇠,15,기타,기타,기타
제창,15,기타,기타,기타
심폐소생술,15,기타,기타,기타
메다,15,기타,기타,기타
모뎀,15,IT·통신,무선/통신장비,무전기/위성
비행장,15,기타,기타,기타
증거,15,기타,기타,기타
정단,15,기타,기타,기타
교육사,15,기타,기타,기타
유럽,15,기타,기타,기타
미술대전,15,기타,기타,기타
십자,15,기타,기타,기타
추공,15,기타,기타,기타
적색,15,기타,기타,기타
다리,15,기타,기타,기타
스턴,15,기타,기타,기타
일드,15,기타,기타,기타
접점,15,기타,기타,기타
격자,15,기타,기타,기타
조난,15,기타,기타,기타
운항,15,기타,기타,기타
미니,15,기타,기타,기타
요거트,15,기타,기타,기타
격리,15,기타,기타,기타
재다,15,기타,기타,기타
집기,15,기타,기타,기타
응용,15,기타,기타,기타
드라이,15,기타,기타,기타
랜턴,15,기타,기타,기타
연어,15,기타,기타,기타
한미,15,기타,기타,기타
스키,15,기타,기타,기타
윤곽,15,기타,기타,기타
원주,15,기타,기타,기타
유선,15,기타,기타,기타
서초,15,기타,기타,기타
엔진오일,15,차량·기동,차량/정비,차량부품/소모품
전식,15,기타,기타,기타
수지,15,화학·소재,도료/접착/고분자,도료/접착
수면,15,기타,기타,기타
구간,15,기타,기타,기타
축용,15,기타,기타,기타
테프,15,기타,기타,기타
결박,15,기타,기타,기타
스낵,15,기타,기타,기타
제논,15,기타,기타,기타
컨텐츠,15,기타,기타,기타
자판,15,기타,기타,기타
지방,15,기타,기타,기타
슈퍼,15,기타,기타,기타
자극,15,기타,기타,기타
부양,15,기타,기타,기타
용붓등,15,기타,기타,기타
호기,15,기타,기타,기타
브러시,15,기타,기타,기타
용수,15,기타,기타,기타
양기,15,기타,기타,기타
기공,15,기타,기타,기타
마찰,15,기타,기타,기타
헬륨,15,화학·소재,가스/특수가스,산업가스
가입,15,기타,기타,기타
칸막이,15,기타,기타,기타
의식,15,기타,기타,기타
발광다이오드,15,전력·전기전자,전자부품,센서/모듈
피클,15,기타,기타,기타
지도,15,특수장비,측지/지리공간,GPS/측량
솔류,15,피복·생활·사무,청소/환경,청소/위생
준용,15,기타,기타,기타
비교,15,기타,기타,기타
이송정,15,기타,기타,기타
계수기,15,기타,기타,기타
좋다,15,기타,기타,기타
핵심,15,기타,기타,기타
형기,15,기타,기타,기타
공압기,15,기타,기타,기타
밋션,15,기타,기타,기타
파인애플,15,기타,기타,기타
복무,15,기타,기타,기타
콤비,15,기타,기타,기타
유지비,15,기타,기타,기타
사실,15,기타,기타,기타
화류,15,기타,기타,기타
안전벨트,15,공구·설비,안전/소방,소방/안전장비
영상편집,15,기타,기타,기타
시공,15,기타,기타,기타
비트,15,공구·설비,일반공구,수공구/전동공구
이미지,15,기타,기타,기타
지식,15,기타,기타,기타
교역,15,기타,기타,기타
절충,15,기타,기타,기타
연습장,15,기타,기타,기타
반응,15,기타,기타,기타
사출,15,기타,기타,기타
경미하다,15,기타,기타,기타
계용,15,기타,기타,기타
모래주머니,15,건설·시설,자재/철물,자재/철물
고객,15,기타,기타,기타
기도,15,기타,기타,기타
기숙사,15,기타,기타,기타
승압,14,기타,기타,기타
하반기,14,기타,기타,기타
일동,14,기타,기타,기타
미스트랄,14,기타,기타,기타
감항,14,기타,기타,기타
스테인리스,14,기타,기타,기타
흑산도,14,기타,기타,기타
신기,14,기타,기타,기타
시멘트,14,건설·시설,자재/철물,자재/철물
침전,14,기타,기타,기타
기부,14,기타,기타,기타
구형,14,기타,기타,기타
정식,14,기타,기타,기타
계취,14,기타,기타,기타
경호,14,기타,기타,기타
시간,14,기타,기타,기타
정구,14,기타,기타,기타
조명등,14,전력·전기전자,조명/전선,LED/전선
대검,14,기타,기타,기타
연막탄,14,기타,기타,기타
신병교육대,14,기타,기타,기타
내외,14,기타,기타,기타
팝콘,14,건설·시설,안전/현장,현장안전/표지
충북,14,기타,기타,기타
해머,14,기타,기타,기타
하이,14,기타,기타,기타
동운,14,기타,기타,기타
라면,14,급식·식품,가공/식자재,식자재
가드,14,기타,기타,기타
만능,14,기타,기타,기타
나일론,14,기타,기타,기타
마이크로,14,기타,기타,기타
기자,14,기타,기타,기타
욕기,14,기타,기타,기타
유통,14,기타,기타,기타
고단,14,기타,기타,기타
체인톱,14,공구·설비,일반공구,수공구/전동공구
범퍼,14,기타,기타,기타
용무,14,기타,기타,기타
화강석,14,기타,기타,기타
측량,14,특수장비,측지/지리공간,GPS/측량
페어,14,기타,기타,기타
부트,14,기타,기타,기타
전투조끼,14,기타,기타,기타
몸체,14,기타,기타,기타
데스크,14,기타,기타,기타
초코렛,14,기타,기타,기타
먼지,14,기타,기타,기타
마을,14,기타,기타,기타
기분,14,기타,기타,기타
양면,14,기타,기타,기타
아마추어,14,기타,기타,기타
속정,14,기타,기타,기타
무반동총,14,기타,기타,기타
맞춤,14,기타,기타,기타
유리창,14,기타,기타,기타
스크루,14,기타,기타,기타
챔버,14,기타,기타,기타
침낭,14,피복·생활·사무,피복/보급,군장/피복
포용,14,기타,기타,기타
걸레,14,피복·생활·사무,청소/환경,청소/위생
폐지,14,기타,기타,기타
에이,14,기타,기타,기타
방충,14,기타,기타,기타
제설,14,기타,기타,기타
메추리,14,기타,기타,기타
키위,14,기타,기타,기타
스팀,14,기타,기타,기타
유제품,14,기타,기타,기타
대청도,14,기타,기타,기타
연천,14,기타,기타,기타
선저,14,기타,기타,기타
정리,14,기타,기타,기타
처치,14,기타,기타,기타
진로,14,기타,기타,기타
유두,14,기타,기타,기타
정비사,14,차량·기동,차량/정비,차량부품/소모품
담요,14,피복·생활·사무,피복/보급,군장/피복
표창,14,기타,기타,기타
외진,14,기타,기타,기타
야자,14,기타,기타,기타
보체,14,기타,기타,기타
원함,14,기타,기타,기타
외자식,14,기타,기타,기타
정모,14,기타,기타,기타
착륙,14,기타,기타,기타
구내,14,기타,기타,기타
종합정보시스템,14,기타,기타,기타
인정,14,기타,기타,기타
제외,14,기타,기타,기타
포스트잇,14,피복·생활·사무,사무/문서,문구/사무기기
수신,14,기타,기타,기타
재활용,14,기타,기타,기타
김자,14,기타,기타,기타
폴리,14,기타,기타,기타
로더,14,기타,기타,기타
선용,14,기타,기타,기타
실드,14,기타,기타,기타
링류,14,기타,기타,기타
웨이,14,기타,기타,기타
절임,14,기타,기타,기타
과학기술,14,기타,기타,기타
연금,14,기타,기타,기타
방패,14,기타,기타,기타
가격,14,기타,기타,기타
갈등,14,기타,기타,기타
세다,14,기타,기타,기타
축산,14,기타,기타,기타
소갈비,14,기타,기타,기타
피자,14,기타,기타,기타
유압유,14,기타,기타,기타
특대,14,기타,기타,기타
술용,14,기타,기타,기타
강용,14,기타,기타,기타
악성코드,14,기타,기타,기타
가요,14,기타,기타,기타
책자,14,기타,기타,기타
격납고,14,기타,기타,기타
옥수수,14,기타,기타,기타
태양광,14,전력·전기전자,발전/저장,발전기/배터리
레진,14,기타,기타,기타
수료,14,기타,기타,기타
탄통,14,기타,기타,기타
스햄,13,기타,기타,기타
감사,13,기타,기타,기타
유공,13,기타,기타,기타
족발,13,기타,기타,기타
황실,13,기타,기타,기타
내장,13,기타,기타,기타
수동,13,기타,기타,기타
잔디,13,기타,기타,기타
패킹류,13,기타,기타,기타
내용,13,기타,기타,기타
구함,13,기타,기타,기타
함안,13,기타,기타,기타
걸쇠,13,기타,기타,기타
한식,13,기타,기타,기타
저온,13,기타,기타,기타
삽관기,13,기타,기타,기타
파우더,13,기타,기타,기타
부사관,13,기타,기타,기타
수통,13,기타,기타,기타
임목,13,기타,기타,기타
오토,13,기타,기타,기타
관통,13,기타,기타,기타
현상,13,기타,기타,기타
블랙박스,13,기타,기타,기타
부두,13,기타,기타,기타
이불,13,기타,기타,기타
기법,13,기타,기타,기타
모포,13,기타,기타,기타
구서,13,기타,기타,기타
소면,13,기타,기타,기타
반합,13,기타,기타,기타
보스,13,기타,기타,기타
삼계탕,13,기타,기타,기타
텔레비전,13,기타,기타,기타
국민,13,기타,기타,기타
녹음,13,기타,기타,기타
갈비,13,기타,기타,기타
처리장치,13,기타,기타,기타
속도계,13,기타,기타,기타
밥솥,13,기타,기타,기타
채다,13,기타,기타,기타
접속기,13,기타,기타,기타
마크,13,기타,기타,기타
쉘타,13,기타,기타,기타
척추,13,기타,기타,기타
마이크,13,기타,기타,기타
권선,13,기타,기타,기타
합참,13,기타,기타,기타
멈치,13,기타,기타,기타
호로,13,기타,기타,기타
비궁,13,기타,기타,기타
스페이,13,기타,기타,기타
용다,13,기타,기타,기타
교육과정,13,기타,기타,기타
철도,13,기타,기타,기타
조건,13,기타,기타,기타
떡류,13,기타,기타,기타
판석,13,기타,기타,기타
가변,13,기타,기타,기타
관성,13,기타,기타,기타
중소기업,13,기타,기타,기타
사거리,13,기타,기타,기타
주유,13,기타,기타,기타
연쇄반응,13,기타,기타,기타
미러,13,기타,기타,기타
의료기기,13,의료·의약·위생,의료소모/장비,의료장비/키트
편성,13,기타,기타,기타
표지판,13,건설·시설,안전/현장,현장안전/표지
생물학무기,13,기타,기타,기타
인명구조,13,공구·설비,안전/소방,소방/안전장비
리터,13,기타,기타,기타
상용구,13,기타,기타,기타
대공포,13,기타,기타,기타
전면,13,기타,기타,기타
비엔나,13,기타,기타,기타
타이어체인,13,차량·기동,차량/정비,차량부품/소모품
재질,13,기타,기타,기타
조종간,13,기타,기타,기타
기아,13,기타,기타,기타
연조직,13,기타,기타,기타
중압,13,기타,기타,기타
기보,13,기타,기타,기타
목발,13,기타,기타,기타
모으다,13,기타,기타,기타
약재료,13,기타,기타,기타
이러닝,13,기타,기타,기타
크로마토그래피,13,기타,기타,기타
발판,13,기타,기타,기타
사막,13,기타,기타,기타
샤후트류,13,기타,기타,기타
자선,13,기타,기타,기타
사탄,13,기타,기타,기타
욕지도,13,특수장비,측지/지리공간,GPS/측량
폭발,13,기타,기타,기타
임피던스,13,기타,기타,기타
결정,13,기타,기타,기타
발송,13,기타,기타,기타
출타,13,기타,기타,기타
특별,13,기타,기타,기타
양념장,13,기타,기타,기타
휘발유,13,차량·기동,연료/윤활,연료/윤활유
라이센스,13,기타,기타,기타
비다,13,기타,기타,기타
정훈,13,기타,기타,기타
스포츠,13,기타,기타,기타
토시,13,기타,기타,기타
회의실,13,기타,기타,기타
잔류,13,기타,기타,기타
슬라이드,13,기타,기타,기타
누설,13,공구·설비,측정/시험,계측기
티비,13,기타,기타,기타
실전,13,기타,기타,기타
옥외,13,기타,기타,기타
결함,13,기타,기타,기타
투명,13,기타,기타,기타
연구소,13,기타,기타,기타
땅콩,13,기타,기타,기타
지다,13,기타,기타,기타
오버,13,기타,기타,기타
노고,13,기타,기타,기타
침해사고,13,기타,기타,기타
사랑,13,기타,기타,기타
위험,13,기타,기타,기타
분할,13,기타,기타,기타
컵밥,13,기타,기타,기타
통로,13,기타,기타,기타
멸치,13,기타,기타,기타
앞치마,13,기타,기타,기타
슬러지,13,기타,기타,기타
스탠드,13,기타,기타,기타
유용,13,기타,기타,기타
변환,13,기타,기타,기타
아연,13,기타,기타,기타
토양,13,기타,기타,기타
열교환기,13,건설·시설,장비/장치,공조/전열/펌프
매몰,13,기타,기타,기타
과정,13,기타,기타,기타
재건,13,기타,기타,기타
비데,13,기타,기타,기타
전자칠판,13,기타,기타,기타
반사경,13,기타,기타,기타
장거리,12,기타,기타,기타
인장,12,기타,기타,기타
필라멘트,12,기타,기타,기타
직립,12,기타,기타,기타
전계,12,기타,기타,기타
대학,12,기타,기타,기타
래커,12,기타,기타,기타
상피,12,기타,기타,기타
충혼,12,기타,기타,기타
데크,12,기타,기타,기타
영선,12,기타,기타,기타
함박스테이크,12,기타,기타,기타
디지털카메라,12,IT·통신,CCTV/보안,영상감시
차돌박이,12,기타,기타,기타
의기,12,기타,기타,기타
항체,12,기타,기타,기타
스위트콘,12,건설·시설,안전/현장,현장안전/표지
강안,12,기타,기타,기타
믹서기,12,급식·식품,주방기기,주방/급식장비
캠프,12,기타,기타,기타
지원기,12,기타,기타,기타
아웃,12,기타,기타,기타
자등,12,기타,기타,기타
치즈스틱,12,기타,기타,기타
현실,12,기타,기타,기타
차광,12,기타,기타,기타
범죄,12,기타,기타,기타
낙지,12,기타,기타,기타
나오다,12,기타,기타,기타
씻다,12,기타,기타,기타
덧신,12,기타,기타,기타
강당,12,기타,기타,기타
환통,12,기타,기타,기타
송탄,12,기타,기타,기타
아세톤,12,기타,기타,기타
위병,12,기타,기타,기타
상품,12,기타,기타,기타
모리,12,기타,기타,기타
방출,12,기타,기타,기타
사관생도,12,기타,기타,기타
증설,12,기타,기타,기타
배추,12,기타,기타,기타
고글,12,기타,기타,기타
개장,12,기타,기타,기타
경진,12,기타,기타,기타
주변,12,기타,기타,기타
안전성,12,기타,기타,기타
국기,12,기타,기타,기타
차양,12,기타,기타,기타
비실,12,기타,기타,기타
정보통신망,12,IT·통신,무선/통신장비,무전기/위성
논산,12,기타,기타,기타
감염,12,기타,기타,기타
로우,12,기타,기타,기타
부평,12,기타,기타,기타
토사,12,기타,기타,기타
인젝터,12,기타,기타,기타
결속,12,기타,기타,기타
위생용품,12,의료·의약·위생,방역/위생,방역/소독
캐다,12,기타,기타,기타
방독마스크,12,공구·설비,안전/소방,소방/안전장비
직부,12,기타,기타,기타
기호,12,기타,기타,기타
버너,12,기타,기타,기타
쌈무,12,기타,기타,기타
밋등,12,기타,기타,기타
브로,12,기타,기타,기타
배수,12,기타,기타,기타
주다,12,기타,기타,기타
몸통,12,기타,기타,기타
스킨,12,기타,기타,기타
잠복,12,기타,기타,기타
최신,12,기타,기타,기타
철도대,12,기타,기타,기타
컨트롤,12,기타,기타,기타
국자,12,기타,기타,기타
두유,12,기타,기타,기타
마운트,12,기타,기타,기타
미세먼지,12,기타,기타,기타
자살,12,기타,기타,기타
행복,12,기타,기타,기타
인터,12,기타,기타,기타
나프탈렌,12,기타,기타,기타
관물함,12,기타,기타,기타
박달,12,기타,기타,기타
랩핑,12,화학·소재,도료/접착/고분자,도료/접착
바닥재,12,기타,기타,기타
마후라,12,기타,기타,기타
키폰,12,기타,기타,기타
등심,12,기타,기타,기타
소청도,12,기타,기타,기타
구현,12,기타,기타,기타
문제,12,기타,기타,기타
태극기,12,기타,기타,기타
클렘프류,12,기타,기타,기타
신뢰,12,기타,기타,기타
오염,12,기타,기타,기타
상권,12,기타,기타,기타
도우미,12,기타,기타,기타
마가렛,12,기타,기타,기타
클린,12,기타,기타,기타
가시,12,기타,기타,기타
체육복,12,기타,기타,기타
이발,12,기타,기타,기타
위임,12,기타,기타,기타
개척,12,기타,기타,기타
패킹용,12,기타,기타,기타
스웨터,12,기타,기타,기타
서귀포,12,기타,기타,기타
테스,12,기타,기타,기타
어부,12,기타,기타,기타
휠타류,12,기타,기타,기타
점안액,12,기타,기타,기타
네트,12,기타,기타,기타
송수신기,12,기타,기타,기타
공물,12,기타,기타,기타
고무장갑,12,의료·의약·위생,의료소모/장비,의료장비/키트
질량분석기,12,공구·설비,측정/시험,계측기
수관,12,기타,기타,기타
양성,12,기타,기타,기타
접다,12,기타,기타,기타
유래,12,기타,기타,기타
비밀,12,기타,기타,기타
통류,12,기타,기타,기타
슬라이딩,12,기타,기타,기타
내연기관,12,기타,기타,기타
음기,12,기타,기타,기타
동물,12,기타,기타,기타
성폭력,12,기타,기타,기타
티라미수,12,기타,기타,기타
분사,12,기타,기타,기타
응집,12,기타,기타,기타
증류수,12,기타,기타,기타
부표,12,기타,기타,기타
승진,12,기타,기타,기타
음주,12,기타,기타,기타
양송이,12,기타,기타,기타
사이버전,12,기타,기타,기타
안식,12,기타,기타,기타
납기,11,기타,기타,기타
황색,11,기타,기타,기타
헬프,11,기타,기타,기타
테니스장,11,기타,기타,기타
절차,11,급식·식품,가공/식자재,식자재
탄성,11,기타,기타,기타
블랙이글스,11,기타,기타,기타
베드,11,기타,기타,기타
구충,11,기타,기타,기타
접지,11,기타,기타,기타
조종수,11,기타,기타,기타
할로겐,11,기타,기타,기타
학생,11,기타,기타,기타
탄소강,11,기타,기타,기타
전북,11,기타,기타,기타
실제,11,기타,기타,기타
감소,11,기타,기타,기타
반면,11,기타,기타,기타
영양,11,기타,기타,기타
비행기,11,기타,기타,기타
식비,11,기타,기타,기타
사전,11,기타,기타,기타
전방,11,기타,기타,기타
메달,11,기타,기타,기타
강체,11,기타,기타,기타
착색,11,기타,기타,기타
소송,11,기타,기타,기타
방수형,11,건설·시설,자재/철물,자재/철물
크류,11,기타,기타,기타
충청,11,기타,기타,기타
숫자,11,기타,기타,기타
화천,11,기타,기타,기타
출근,11,기타,기타,기타
병과,11,기타,기타,기타
용도,11,기타,기타,기타
고도계,11,기타,기타,기타
해성,11,기타,기타,기타
균형,11,기타,기타,기타
약실,11,기타,기타,기타
체결,11,기타,기타,기타
패류,11,기타,기타,기타
부시,11,기타,기타,기타
예광탄,11,기타,기타,기타
민원,11,기타,기타,기타
잉크젯,11,IT·통신,PC/주변기기,PC/노트북
청룡,11,기타,기타,기타
포수,11,기타,기타,기타
가평,11,기타,기타,기타
들다,11,기타,기타,기타
재해,11,기타,기타,기타
대조,11,기타,기타,기타
파쇄,11,기타,기타,기타
주제,11,기타,기타,기타
이글루,11,기타,기타,기타
견장,11,기타,기타,기타
역다,11,기타,기타,기타
작업장,11,기타,기타,기타
덩어리,11,기타,기타,기타
짜장,11,기타,기타,기타
해체,11,기타,기타,기타
되다,11,기타,기타,기타
꽂다,11,기타,기타,기타
학군사관,11,기타,기타,기타
승조,11,기타,기타,기타
신문,11,기타,기타,기타
로타리,11,기타,기타,기타
임팩렌치,11,공구·설비,일반공구,수공구/전동공구
상륙작전,11,기타,기타,기타
펠트,11,기타,기타,기타
군직,11,기타,기타,기타
전압계,11,기타,기타,기타
공항,11,기타,기타,기타
구경,11,기타,기타,기타
황도,11,기타,기타,기타
안전교육,11,기타,기타,기타
제정,11,기타,기타,기타
공기조화기,11,기타,기타,기타
도기,11,기타,기타,기타
충격파,11,기타,기타,기타
지하,11,기타,기타,기타
문화재,11,공구·설비,안전/소방,소방/안전장비
유차,11,급식·식품,가공/식자재,식자재
도보,11,기타,기타,기타
대포,11,기타,기타,기타
화제,11,기타,기타,기타
덮다,11,기타,기타,기타
금곡,11,기타,기타,기타
에어로졸,11,기타,기타,기타
마이크로필름,11,기타,기타,기타
라이닝,11,기타,기타,기타
페스티벌,11,기타,기타,기타
포자,11,기타,기타,기타
콘센트,11,건설·시설,안전/현장,현장안전/표지
유부,11,기타,기타,기타
교안,11,기타,기타,기타
니트릴,11,기타,기타,기타
자외선,11,기타,기타,기타
자자기,11,기타,기타,기타
코킹,11,기타,기타,기타
굴소스,11,기타,기타,기타
팬티,11,건설·시설,장비/장치,공조/전열/펌프
핵용,11,기타,기타,기타
업그레이드,11,기타,기타,기타
순찰,11,기타,기타,기타
베개,11,기타,기타,기타
겸용,11,기타,기타,기타
첨가제,11,기타,기타,기타
땅굴,11,기타,기타,기타
화학자,11,기타,기타,기타
가속도계,11,기타,기타,기타
송신,11,기타,기타,기타
전자파,11,기타,기타,기타
농산물,11,기타,기타,기타
예인,11,기타,기타,기타
볼베,11,기타,기타,기타
농축액,11,기타,기타,기타
캐디,11,기타,기타,기타
자체,11,기타,기타,기타
살햄,11,기타,기타,기타
투시,11,기타,기타,기타
모조,11,기타,기타,기타
거즈,11,의료·의약·위생,의료소모/장비,의료장비/키트
정품,11,기타,기타,기타
녹음기,11,기타,기타,기타
건포도,11,기타,기타,기타
렌치용,11,공구·설비,일반공구,수공구/전동공구
장의,11,기타,기타,기타
극기,11,기타,기타,기타
윤전,11,기타,기타,기타
침입,11,기타,기타,기타
심사,11,기타,기타,기타
워리어,11,기타,기타,기타
조성,11,기타,기타,기타
해사,11,기타,기타,기타
시각,11,기타,기타,기타
부용,11,기타,기타,기타
장염,11,기타,기타,기타
비요,11,기타,기타,기타
관등,11,기타,기타,기타
피팅,11,기타,기타,기타
듬콩,11,기타,기타,기타
규모,11,기타,기타,기타
홈페이지,11,기타,기타,기타
어리다,11,기타,기타,기타
핸들,11,기타,기타,기타
특수전,11,기타,기타,기타
진용,11,기타,기타,기타
치킨너겟,11,기타,기타,기타
격실,11,기타,기타,기타
상반기,11,기타,기타,기타
마포,11,기타,기타,기타
잠수복,11,기타,기타,기타
충성,11,기타,기타,기타
악용,11,기타,기타,기타
청사,11,기타,기타,기타
작사,11,기타,기타,기타
인사,11,기타,기타,기타
프로펠라,11,기타,기타,기타
가든,11,기타,기타,기타
단호박,11,기타,기타,기타
표본,11,기타,기타,기타
관류,11,기타,기타,기타
캡사이신,11,기타,기타,기타
탄피받이,11,기타,기타,기타
리본,11,기타,기타,기타
기반시설,11,기타,기타,기타
흉장,11,기타,기타,기타
에이스,11,기타,기타,기타
폐용,10,기타,기타,기타
필요성,10,기타,기타,기타
패치,10,기타,기타,기타
스위퍼,10,기타,기타,기타
참고도서,10,피복·생활·사무,사무/문서,문구/사무기기
의상,10,기타,기타,기타
기호식품,10,급식·식품,가공/식자재,식자재
시사,10,기타,기타,기타
공수,10,기타,기타,기타
기질,10,기타,기타,기타
티슈,10,기타,기타,기타
사례,10,기타,기타,기타
동화,10,기타,기타,기타
세이,10,기타,기타,기타
제기,10,기타,기타,기타
군기,10,기타,기타,기타
스텝,10,기타,기타,기타
유탄,10,기타,기타,기타
쏘다,10,기타,기타,기타
채류,10,기타,기타,기타
소각,10,기타,기타,기타
기계화,10,기타,기타,기타
까나리,10,기타,기타,기타
참가,10,기타,기타,기타
토글용,10,기타,기타,기타
액젓,10,기타,기타,기타
러닝,10,기타,기타,기타
응결,10,기타,기타,기타
소식지,10,기타,기타,기타
하늘색,10,기타,기타,기타
절식,10,기타,기타,기타
유감,10,기타,기타,기타
시청각,10,기타,기타,기타
실태,10,기타,기타,기타
차폐용,10,기타,기타,기타
폴리머,10,기타,기타,기타
조명탄,10,전력·전기전자,조명/전선,LED/전선
훈비,10,기타,기타,기타
수영복,10,기타,기타,기타
데리야끼,10,기타,기타,기타
골절,10,기타,기타,기타
자산운용,10,기타,기타,기타
샤후트,10,기타,기타,기타
칠리소스,10,기타,기타,기타
소고기,10,기타,기타,기타
아크용접,10,공구·설비,용접/가공,용접/절단
바인더,10,피복·생활·사무,사무/문서,문구/사무기기
장조림,10,기타,기타,기타
육포,10,기타,기타,기타
자연석,10,기타,기타,기타
설정,10,기타,기타,기타
철상,10,기타,기타,기타
동정,10,기타,기타,기타
화차,10,급식·식품,가공/식자재,식자재
감귤,10,기타,기타,기타
병참,10,기타,기타,기타
통장,10,기타,기타,기타
광대역,10,기타,기타,기타
샤프트,10,기타,기타,기타
부대찌개,10,기타,기타,기타
간호,10,기타,기타,기타
연속,10,기타,기타,기타
포탄,10,기타,기타,기타
서스펜션,10,기타,기타,기타
우동,10,기타,기타,기타
동식,10,기타,기타,기타
채취,10,기타,기타,기타
독신자,10,기타,기타,기타
매설,10,기타,기타,기타
금식,10,기타,기타,기타
포럼,10,기타,기타,기타
초코우유,10,기타,기타,기타
공역,10,기타,기타,기타
케이,10,기타,기타,기타
통증,10,기타,기타,기타
검문소,10,기타,기타,기타
침상,10,기타,기타,기타
유격,10,기타,기타,기타
런닝머신,10,기타,기타,기타
교보,10,기타,기타,기타
재정,10,기타,기타,기타
인쇄소,10,기타,기타,기타
야외,10,기타,기타,기타
무열,10,기타,기타,기타
아르곤,10,화학·소재,가스/특수가스,산업가스
카페,10,기타,기타,기타
비닐봉투,10,기타,기타,기타
가칭,10,기타,기타,기타
수질,10,기타,기타,기타
관계,10,기타,기타,기타
상온,10,기타,기타,기타
빨갛다,10,기타,기타,기타
차아염소산,10,기타,기타,기타
포켓,10,기타,기타,기타
화장지,10,기타,기타,기타
견학,10,기타,기타,기타
유체정역학,10,기타,기타,기타
역할,10,기타,기타,기타
간접,10,기타,기타,기타
거래,10,기타,기타,기타
탄피,10,기타,기타,기타
활차,10,급식·식품,가공/식자재,식자재
확대경,10,기타,기타,기타
수탁,10,기타,기타,기타
클리닝,10,기타,기타,기타
간식,10,기타,기타,기타
인터페이스,10,기타,기타,기타
사관후보생,10,기타,기타,기타
피로,10,기타,기타,기타
나라,10,기타,기타,기타
아프다,10,기타,기타,기타
섀클류,10,기타,기타,기타
쇼파,10,기타,기타,기타
독립,10,기타,기타,기타
법령,10,기타,기타,기타
키드,10,기타,기타,기타
결합,10,기타,기타,기타
컴뱃,10,기타,기타,기타
동그랑땡,10,기타,기타,기타
메카,10,기타,기타,기타
피부,10,기타,기타,기타
예술,10,기타,기타,기타
축소,10,기타,기타,기타
인대,10,기타,기타,기타
임관식,10,기타,기타,기타
과자류,10,기타,기타,기타
선회,10,기타,기타,기타
재물,10,기타,기타,기타
배치,10,기타,기타,기타
멀티탭,10,기타,기타,기타
국적,10,기타,기타,기타
서보장,10,기타,기타,기타
트레이닝,10,기타,기타,기타
육수,10,기타,기타,기타
체온조절,10,기타,기타,기타
복원,10,기타,기타,기타
석가탄신일,10,기타,기타,기타
진열,10,기타,기타,기타
버터플라이,10,기타,기타,기타
토목,10,기타,기타,기타
트렉터,10,기타,기타,기타
주강,10,기타,기타,기타
채무,10,기타,기타,기타
플러싱,10,기타,기타,기타
종목,10,기타,기타,기타
개폐기,10,기타,기타,기타
가락지,10,기타,기타,기타
화이트보드,10,기타,기타,기타
스로틀,10,기타,기타,기타
레미콘,10,건설·시설,자재/철물,자재/철물
햄머,10,기타,기타,기타
근접,10,기타,기타,기타
곡부,10,기타,기타,기타
사골,10,기타,기타,기타
사용자,10,기타,기타,기타
전투기,10,기타,기타,기타
요크,10,기타,기타,기타
날치,10,기타,기타,기타
태권도,10,기타,기타,기타
불꽃,10,기타,기타,기타
브라우니,10,기타,기타,기타
치아,10,기타,기타,기타
입원,10,기타,기타,기타
동맹,10,기타,기타,기타
평면,10,기타,기타,기타
구독,10,기타,기타,기타
공간,10,기타,기타,기타
설경,10,기타,기타,기타
헬리콥터,10,기타,기타,기타
매립,10,기타,기타,기타
설탕,10,급식·식품,가공/식자재,식자재
체제,10,기타,기타,기타
선진,10,기타,기타,기타
중요시,10,기타,기타,기타
국토,10,기타,기타,기타
하복,10,기타,기타,기타
사이트,10,기타,기타,기타
순례,10,기타,기타,기타
유착,10,기타,기타,기타
변국,10,기타,기타,기타
옵셋,10,기타,기타,기타
꼬질,10,기타,기타,기타
삼성,10,기타,기타,기타
학년,10,기타,기타,기타
파스타,10,기타,기타,기타
자관,10,기타,기타,기타
해제,9,기타,기타,기타
브리,9,기타,기타,기타
관조,9,기타,기타,기타
터미날,9,기타,기타,기타
정통,9,기타,기타,기타
신앙,9,기타,기타,기타
대잠전,9,기타,기타,기타
입대,9,기타,기타,기타
육군사관학교,9,기타,기타,기타
치약,9,기타,기타,기타
남다,9,기타,기타,기타
환승,9,기타,기타,기타
소책자,9,기타,기타,기타
수온,9,기타,기타,기타
어학,9,기타,기타,기타
스테이션,9,기타,기타,기타
강좌,9,기타,기타,기타
오디오,9,기타,기타,기타
측면,9,기타,기타,기타
지표,9,기타,기타,기타
엘레,9,기타,기타,기타
피스,9,기타,기타,기타
병실,9,기타,기타,기타
더미,9,기타,기타,기타
배열,9,기타,기타,기타
종교,9,기타,기타,기타
수분,9,기타,기타,기타
헤드폰,9,기타,기타,기타
성과지표,9,기타,기타,기타
에프,9,기타,기타,기타
나이프,9,기타,기타,기타
물질,9,기타,기타,기타
액체산소,9,의료·의약·위생,의료소모/장비,의료장비/키트
블라인드,9,기타,기타,기타
민간인,9,기타,기타,기타
바이러스,9,기타,기타,기타
편찬,9,기타,기타,기타
포도주스,9,기타,기타,기타
심등,9,기타,기타,기타
화생,9,기타,기타,기타
포워드,9,기타,기타,기타
보안관,9,기타,기타,기타
신영,9,기타,기타,기타
바코드,9,기타,기타,기타
소보루빵,9,급식·식품,가공/식자재,식자재
수저,9,기타,기타,기타
체중,9,기타,기타,기타
자녀,9,기타,기타,기타
하용,9,기타,기타,기타
에어쇼,9,기타,기타,기타
캔디,9,급식·식품,가공/식자재,식자재
방화벽,9,IT·통신,네트워크,스위치/라우터
남성,9,기타,기타,기타
분광광도계,9,기타,기타,기타
컬러프린터,9,IT·통신,PC/주변기기,PC/노트북
정육,9,기타,기타,기타
사무실,9,기타,기타,기타
셋및,9,기타,기타,기타
발골,9,기타,기타,기타
일어,9,기타,기타,기타
축등,9,기타,기타,기타
개인정보,9,기타,기타,기타
평시,9,기타,기타,기타
절체기,9,기타,기타,기타
청취,9,기타,기타,기타
법률,9,기타,기타,기타
직하다,9,기타,기타,기타
꽃게,9,기타,기타,기타
열차,9,급식·식품,가공/식자재,식자재
고순,9,기타,기타,기타
검독수리,9,기타,기타,기타
세포,9,기타,기타,기타
모짜렐라,9,기타,기타,기타
서바이벌,9,기타,기타,기타
국립서울현충원,9,기타,기타,기타
표정,9,기타,기타,기타
유량계,9,공구·설비,측정/시험,계측기
성당,9,기타,기타,기타
이지스,9,기타,기타,기타
신호탄,9,기타,기타,기타
초콜렛,9,기타,기타,기타
출장,9,기타,기타,기타
자전거,9,기타,기타,기타
탈출,9,기타,기타,기타
단복,9,기타,기타,기타
기밀,9,기타,기타,기타
장유,9,기타,기타,기타
배율,9,기타,기타,기타
패키지,9,기타,기타,기타
보어,9,기타,기타,기타
단계,9,기타,기타,기타
그룹,9,기타,기타,기타
사계절,9,기타,기타,기타
핵산,9,기타,기타,기타
트등,9,기타,기타,기타
칼럼,9,급식·식품,주방기기,주방/급식장비
개방,9,기타,기타,기타
돌리다,9,기타,기타,기타
변전,9,기타,기타,기타
기르다,9,기타,기타,기타
백열등,9,기타,기타,기타
유품,9,기타,기타,기타
슈크림,9,기타,기타,기타
강하,9,기타,기타,기타
커넥터,9,전력·전기전자,전자부품,센서/모듈
도파관,9,기타,기타,기타
임실,9,기타,기타,기타
염소,9,기타,기타,기타
스틱,9,기타,기타,기타
아크릴,9,공구·설비,용접/가공,용접/절단
가속,9,기타,기타,기타
치킨윙,9,기타,기타,기타
고형,9,기타,기타,기타
브이,9,기타,기타,기타
트릭,9,기타,기타,기타
컨센,9,기타,기타,기타
버팔로,9,기타,기타,기타
재첩국,9,기타,기타,기타
조사분,9,기타,기타,기타
파기,9,기타,기타,기타
정부,9,기타,기타,기타
전용선,9,기타,기타,기타
사이버교육,9,기타,기타,기타
흡연,9,기타,기타,기타
급탕,9,기타,기타,기타
연고,9,기타,기타,기타
펜스,9,기타,기타,기타
한빛,9,기타,기타,기타
수습,9,기타,기타,기타
전화번호,9,기타,기타,기타
신사복,9,기타,기타,기타
그네,9,기타,기타,기타
가연성,9,기타,기타,기타
소염기,9,기타,기타,기타
전운,9,기타,기타,기타
미국,9,기타,기타,기타
모어,9,기타,기타,기타
보호복,9,기타,기타,기타
청상어,9,기타,기타,기타
수산화나트륨,9,기타,기타,기타
글러브,9,기타,기타,기타
열처리,9,기타,기타,기타
센샤,9,기타,기타,기타
전직,9,기타,기타,기타
비차,9,급식·식품,가공/식자재,식자재
덤프,9,기타,기타,기타
중간,9,기타,기타,기타
선관,9,기타,기타,기타
짐판,9,기타,기타,기타
햄류,9,기타,기타,기타
경연,9,기타,기타,기타
봉고,9,기타,기타,기타
중금속,9,기타,기타,기타
산탄총,9,기타,기타,기타
국방대,9,기타,기타,기타
천공기,9,기타,기타,기타
청락기,9,기타,기타,기타
준비,9,기타,기타,기타
마늘장아찌,9,기타,기타,기타
본관,9,기타,기타,기타
새김,9,기타,기타,기타
참전용사,9,기타,기타,기타
지문,9,IT·통신,CCTV/보안,영상감시
무겁다,9,기타,기타,기타
발신기,9,기타,기타,기타
호떡,9,기타,기타,기타
초고,9,기타,기타,기타
휠타,9,기타,기타,기타
저장성,9,기타,기타,기타
라디에이터,9,기타,기타,기타
상담,9,기타,기타,기타
유니온,9,기타,기타,기타
사체,9,기타,기타,기타
황산알루미늄,9,기타,기타,기타
확장,9,기타,기타,기타
건등,9,기타,기타,기타
허다,9,기타,기타,기타
가치,9,기타,기타,기타
추어탕,9,기타,기타,기타
솔루션,9,피복·생활·사무,청소/환경,청소/위생
스마트러닝,9,기타,기타,기타
클리,9,기타,기타,기타
기내,9,기타,기타,기타
크롬,9,기타,기타,기타
토론회,9,기타,기타,기타
피용,9,기타,기타,기타
도계,9,기타,기타,기타
틀다,9,기타,기타,기타
생존,9,기타,기타,기타
오픈,9,기타,기타,기타
바늘,9,기타,기타,기타
도품,9,기타,기타,기타
강철,9,기타,기타,기타
짬뽕,9,기타,기타,기타
토글,9,기타,기타,기타
유교,8,기타,기타,기타
파형,8,기타,기타,기타
수력,8,기타,기타,기타
프라스,8,기타,기타,기타
배액용,8,기타,기타,기타
양강,8,기타,기타,기타
환유,8,기타,기타,기타
의용,8,기타,기타,기타
고성,8,기타,기타,기타
푸다,8,기타,기타,기타
살균,8,의료·의약·위생,방역/위생,방역/소독
망간,8,기타,기타,기타
강습,8,기타,기타,기타
나래,8,기타,기타,기타
베리,8,기타,기타,기타
풀리다,8,기타,기타,기타
씨트류,8,기타,기타,기타
대기실,8,기타,기타,기타
격벽,8,기타,기타,기타
농도,8,기타,기타,기타
이상,8,기타,기타,기타
배식,8,기타,기타,기타
에그타르트,8,기타,기타,기타
탄산,8,화학·소재,가스/특수가스,산업가스
신임,8,기타,기타,기타
사류,8,기타,기타,기타
완강,8,기타,기타,기타
추진제,8,기타,기타,기타
등산,8,기타,기타,기타
철매,8,기타,기타,기타
베레모,8,기타,기타,기타
정문,8,기타,기타,기타
놀이,8,기타,기타,기타
해쉬,8,기타,기타,기타
포테이토,8,기타,기타,기타
방염,8,기타,기타,기타
냉방,8,기타,기타,기타
뽑다,8,기타,기타,기타
수도군단,8,기타,기타,기타
이기,8,기타,기타,기타
전극,8,기타,기타,기타
신경,8,기타,기타,기타
풍선,8,기타,기타,기타
사령관,8,기타,기타,기타
투어,8,기타,기타,기타
실례,8,기타,기타,기타
차체,8,기타,기타,기타
포핏,8,기타,기타,기타
스튜디오,8,기타,기타,기타
탈수,8,기타,기타,기타
열전,8,기타,기타,기타
크기,8,기타,기타,기타
등록,8,기타,기타,기타
특기,8,기타,기타,기타
재경,8,기타,기타,기타
기지원,8,기타,기타,기타
레타,8,기타,기타,기타
미군기지,8,기타,기타,기타
종기,8,기타,기타,기타
저압,8,기타,기타,기타
버티다,8,기타,기타,기타
수납,8,기타,기타,기타
노리쇠,8,기타,기타,기타
스텐판,8,기타,기타,기타
우리,8,기타,기타,기타
군사사,8,기타,기타,기타
현안,8,기타,기타,기타
경험,8,기타,기타,기타
서브,8,기타,기타,기타
동행,8,기타,기타,기타
본기,8,기타,기타,기타
칫솔,8,피복·생활·사무,청소/환경,청소/위생
병용,8,기타,기타,기타
심포지엄,8,기타,기타,기타
브레인,8,기타,기타,기타
더블,8,기타,기타,기타
장군,8,기타,기타,기타
토핑형,8,기타,기타,기타
승무원,8,기타,기타,기타
두께,8,기타,기타,기타
무섭다,8,기타,기타,기타
잠립,8,기타,기타,기타
자가,8,기타,기타,기타
사이드,8,기타,기타,기타
감압변,8,기타,기타,기타
실시간,8,기타,기타,기타
섬광,8,기타,기타,기타
이하,8,기타,기타,기타
복식,8,기타,기타,기타
격감,8,기타,기타,기타
식용유,8,급식·식품,가공/식자재,식자재
전사,8,기타,기타,기타
점퍼,8,기타,기타,기타
청간정,8,기타,기타,기타
응급치료,8,기타,기타,기타
풍기,8,기타,기타,기타
플로터,8,기타,기타,기타
서다,8,기타,기타,기타
선로,8,기타,기타,기타
말라리아,8,기타,기타,기타
아르고스,8,기타,기타,기타
대공,8,기타,기타,기타
부분품,8,기타,기타,기타
진흥,8,기타,기타,기타
대출,8,기타,기타,기타
수도권,8,기타,기타,기타
세면,8,기타,기타,기타
형제,8,기타,기타,기타
액자,8,기타,기타,기타
납땜,8,기타,기타,기타
신변,8,기타,기타,기타
벤치,8,기타,기타,기타
강하다,8,기타,기타,기타
닭고기,8,기타,기타,기타
우조,8,기타,기타,기타
회색,8,기타,기타,기타
동단,8,기타,기타,기타
대외,8,기타,기타,기타
사천,8,기타,기타,기타
실험실,8,기타,기타,기타
개스킷류,8,기타,기타,기타
편의,8,기타,기타,기타
고장,8,기타,기타,기타
계정,8,기타,기타,기타
유니폼,8,기타,기타,기타
화보,8,기타,기타,기타
구두,8,기타,기타,기타
콜라겐,8,기타,기타,기타
크랭크축,8,기타,기타,기타
보건,8,기타,기타,기타
화일,8,기타,기타,기타
일월,8,기타,기타,기타
타자기,8,기타,기타,기타
항공권,8,기타,기타,기타
식전,8,기타,기타,기타
심지,8,기타,기타,기타
제동,8,기타,기타,기타
초소,8,기타,기타,기타
대국민,8,기타,기타,기타
장례식,8,기타,기타,기타
김말이,8,기타,기타,기타
면접,8,기타,기타,기타
책장,8,기타,기타,기타
수목,8,기타,기타,기타
응고,8,기타,기타,기타
수여,8,기타,기타,기타
벌목,8,기타,기타,기타
콘덴샤,8,건설·시설,안전/현장,현장안전/표지
연삭기,8,기타,기타,기타
롤케이크,8,기타,기타,기타
토마토,8,기타,기타,기타
포크,8,기타,기타,기타
사회,8,기타,기타,기타
아스테이지,8,기타,기타,기타
주요,8,기타,기타,기타
축압,8,기타,기타,기타
맛밤,8,기타,기타,기타
깔개,8,기타,기타,기타
수송기,8,기타,기타,기타
피트,8,기타,기타,기타
중국,8,기타,기타,기타
상륙함,8,기타,기타,기타
재판,8,기타,기타,기타
오일펜스,8,차량·기동,차량/정비,차량부품/소모품
수전,8,기타,기타,기타
사파리,8,기타,기타,기타
송출,8,기타,기타,기타
비빔면,8,기타,기타,기타
혼용,8,기타,기타,기타
현수,8,기타,기타,기타
자갈,8,기타,기타,기타
금속성,8,기타,기타,기타
중용,8,기타,기타,기타
배너,8,기타,기타,기타
비율,8,기타,기타,기타
창란,8,기타,기타,기타
방상내피,8,피복·생활·사무,피복/보급,군장/피복
음악회,8,기타,기타,기타
강판,8,기타,기타,기타
재개발,8,기타,기타,기타
포토,8,기타,기타,기타
연관,8,기타,기타,기타
플레인,8,기타,기타,기타
화랑,8,기타,기타,기타
친절,8,기타,기타,기타
섀클,8,기타,기타,기타
전시관,8,기타,기타,기타
말랭이,8,기타,기타,기타
연안,8,기타,기타,기타
터미널,8,기타,기타,기타
전적,8,기타,기타,기타
콩기름,8,기타,기타,기타
상생,8,기타,기타,기타
장아찌,8,기타,기타,기타
균질,8,기타,기타,기타
노출,8,기타,기타,기타
해치,8,기타,기타,기타
화악,8,기타,기타,기타
정보처리,8,기타,기타,기타
로고,8,기타,기타,기타
해석,8,기타,기타,기타
라이너,8,기타,기타,기타
유도로,8,기타,기타,기타
생강,8,기타,기타,기타
각반,8,기타,기타,기타
도출,8,기타,기타,기타
도료,8,화학·소재,도료/접착/고분자,도료/접착
조형,8,기타,기타,기타
홍합,8,기타,기타,기타
연결하다,8,기타,기타,기타
리어카,8,기타,기타,기타
최적화,8,기타,기타,기타
곡선,8,기타,기타,기타
집중,8,기타,기타,기타
삼색,8,기타,기타,기타
동승,8,기타,기타,기타
건초,8,기타,기타,기타
누수,8,기타,기타,기타
알콜,8,기타,기타,기타
요원,8,기타,기타,기타
상징물,8,기타,기타,기타
전망,8,기타,기타,기타
식관,8,기타,기타,기타
융합,8,기타,기타,기타
마카로니,8,기타,기타,기타
계수형,8,기타,기타,기타
세대,7,기타,기타,기타
급기,7,기타,기타,기타
심다,7,기타,기타,기타
월력,7,기타,기타,기타
동대,7,기타,기타,기타
공보,7,기타,기타,기타
건현,7,기타,기타,기타
방빙,7,기타,기타,기타
주철,7,기타,기타,기타
북한,7,기타,기타,기타
개최,7,기타,기타,기타
월동,7,기타,기타,기타
골프장,7,기타,기타,기타
비복,7,기타,기타,기타
헬스,7,기타,기타,기타
전기저항,7,전력·전기전자,전자부품,센서/모듈
가림,7,기타,기타,기타
안마,7,기타,기타,기타
메인보드,7,기타,기타,기타
걸상,7,기타,기타,기타
와전류,7,기타,기타,기타
몽골,7,기타,기타,기타
진부,7,기타,기타,기타
아시아,7,기타,기타,기타
방부,7,기타,기타,기타
템용,7,기타,기타,기타
산개,7,기타,기타,기타
썰다,7,기타,기타,기타
운용체계,7,기타,기타,기타
분사기,7,기타,기타,기타
라우터,7,IT·통신,네트워크,스위치/라우터
공지,7,기타,기타,기타
천장크레인,7,기타,기타,기타
인공호흡,7,기타,기타,기타
프린터기,7,IT·통신,PC/주변기기,PC/노트북
다지다,7,기타,기타,기타
재외,7,기타,기타,기타
포등,7,기타,기타,기타
갱신,7,기타,기타,기타
주임,7,기타,기타,기타
원사,7,기타,기타,기타
솔벤트,7,피복·생활·사무,청소/환경,청소/위생
곡기,7,기타,기타,기타
구두약,7,기타,기타,기타
주행,7,기타,기타,기타
형성,7,기타,기타,기타
파괴,7,기타,기타,기타
중부,7,기타,기타,기타
연주회,7,기타,기타,기타
윤활,7,기타,기타,기타
셔터,7,기타,기타,기타
소프트,7,기타,기타,기타
상하,7,기타,기타,기타
양용,7,기타,기타,기타
입출력,7,기타,기타,기타
공무원,7,기타,기타,기타
중학교,7,기타,기타,기타
릴레이,7,전력·전기전자,전자부품,센서/모듈
워킹,7,기타,기타,기타
습도,7,기타,기타,기타
보리차,7,급식·식품,가공/식자재,식자재
슈트,7,기타,기타,기타
해킹,7,기타,기타,기타
감압실,7,기타,기타,기타
원판,7,기타,기타,기타
전수,7,기타,기타,기타
전치,7,기타,기타,기타
축사,7,기타,기타,기타
분대,7,기타,기타,기타
망고,7,기타,기타,기타
치즈케이크,7,기타,기타,기타
비연,7,기타,기타,기타
수제,7,기타,기타,기타
항용,7,기타,기타,기타
교판,7,기타,기타,기타
특기병,7,기타,기타,기타
배속,7,기타,기타,기타
의향,7,기타,기타,기타
축일,7,기타,기타,기타
비조,7,기타,기타,기타
보안회,7,기타,기타,기타
단장,7,기타,기타,기타
넛트,7,기타,기타,기타
절삭유,7,기타,기타,기타
코인,7,기타,기타,기타
럭스,7,기타,기타,기타
대책,7,기타,기타,기타
광융착,7,기타,기타,기타
쉬다,7,기타,기타,기타
진탕,7,기타,기타,기타
후생,7,기타,기타,기타
퀼팅,7,기타,기타,기타
성인,7,기타,기타,기타
부호기,7,기타,기타,기타
초경,7,기타,기타,기타
종사,7,기타,기타,기타
그랜드,7,기타,기타,기타
톤용,7,기타,기타,기타
샌더,7,기타,기타,기타
텀블러,7,기타,기타,기타
래미,7,기타,기타,기타
홈통,7,기타,기타,기타
삼겹,7,기타,기타,기타
방아쇠,7,기타,기타,기타
더피,7,기타,기타,기타
용액,7,기타,기타,기타
캘린더,7,기타,기타,기타
갈색,7,기타,기타,기타
창문,7,기타,기타,기타
의무사,7,의료·의약·위생,의료소모/장비,의료장비/키트
섀시,7,기타,기타,기타
씰링,7,기타,기타,기타
영점,7,기타,기타,기타
국방백서,7,기타,기타,기타
맛술,7,기타,기타,기타
드람,7,기타,기타,기타
크립,7,기타,기타,기타
군집,7,기타,기타,기타
스노,7,기타,기타,기타
팅기다,7,기타,기타,기타
함양,7,기타,기타,기타
모니터링,7,IT·통신,PC/주변기기,PC/노트북
바이,7,기타,기타,기타
꼴뚜기,7,기타,기타,기타
갈대,7,기타,기타,기타
복숭아,7,기타,기타,기타
빵가루,7,급식·식품,가공/식자재,식자재
투약,7,기타,기타,기타
끄다,7,기타,기타,기타
정보전,7,기타,기타,기타
스패너,7,공구·설비,일반공구,수공구/전동공구
의류,7,기타,기타,기타
구룡,7,기타,기타,기타
비틀림,7,기타,기타,기타
사적지,7,기타,기타,기타
문자,7,기타,기타,기타
레스큐가,7,기타,기타,기타
싱크로,7,기타,기타,기타
수공,7,기타,기타,기타
학원,7,기타,기타,기타
무연휘발유,7,차량·기동,연료/윤활,연료/윤활유
큐브,7,기타,기타,기타
연구시설,7,기타,기타,기타
입체,7,기타,기타,기타
국군의무사령부,7,의료·의약·위생,의료소모/장비,의료장비/키트
겨눔,7,기타,기타,기타
연질,7,기타,기타,기타
케첩,7,기타,기타,기타
군사과학,7,기타,기타,기타
셋트류,7,기타,기타,기타
휠체어,7,기타,기타,기타
중원,7,기타,기타,기타
상징,7,기타,기타,기타
에터,7,기타,기타,기타
탄소,7,기타,기타,기타
반구역,7,기타,기타,기타
냉각탑,7,기타,기타,기타
볶다,7,기타,기타,기타
재외공관,7,기타,기타,기타
특송,7,기타,기타,기타
합체,7,기타,기타,기타
군내,7,기타,기타,기타
재사용,7,기타,기타,기타
비철,7,기타,기타,기타
실증,7,기타,기타,기타
정보보안,7,기타,기타,기타
명란,7,기타,기타,기타
부목,7,기타,기타,기타
상품권,7,기타,기타,기타
기와,7,기타,기타,기타
임팩,7,기타,기타,기타
종량제,7,기타,기타,기타
기계공작,7,기타,기타,기타
브라,7,기타,기타,기타
진공청소기,7,피복·생활·사무,청소/환경,청소/위생
비행갑판,7,기타,기타,기타
블루,7,기타,기타,기타
겔링,7,기타,기타,기타
봉류,7,기타,기타,기타
리듀,7,기타,기타,기타
방청제,7,기타,기타,기타
티라미슈,7,기타,기타,기타
주위,7,기타,기타,기타
투광기,7,기타,기타,기타
스테인레스,7,기타,기타,기타
시운전,7,기타,기타,기타
깍이다,7,기타,기타,기타
가자미,7,기타,기타,기타
함등,7,기타,기타,기타
코덱,7,기타,기타,기타
등화관제,7,IT·통신,CCTV/보안,영상감시
하드웨어,7,기타,기타,기타
삼각,7,기타,기타,기타
꼬리표,7,기타,기타,기타
태릉,7,기타,기타,기타
적합하다,7,기타,기타,기타
장관,7,기타,기타,기타
상태,7,기타,기타,기타
완장,7,기타,기타,기타
격조,7,기타,기타,기타
안압계,7,기타,기타,기타
터기,7,기타,기타,기타
스테이크,7,기타,기타,기타
아령,7,기타,기타,기타
도크,7,기타,기타,기타
스터드등,7,기타,기타,기타
가동,7,기타,기타,기타
음극,7,기타,기타,기타
가슴,7,기타,기타,기타
덕정,7,기타,기타,기타
그라인더,7,공구·설비,일반공구,수공구/전동공구
아세안,7,기타,기타,기타
방류,7,기타,기타,기타
야구,7,기타,기타,기타
나트륨,7,기타,기타,기타
정유,7,기타,기타,기타
타르소스,7,기타,기타,기타
데스크탑,7,기타,기타,기타
바베큐,7,기타,기타,기타
사계,7,기타,기타,기타
반장,7,기타,기타,기타
전투모,7,기타,기타,기타
초속,7,기타,기타,기타
전자레인지,7,기타,기타,기타
스팸,7,기타,기타,기타
증기,7,기타,기타,기타
불출,7,기타,기타,기타
창공,7,기타,기타,기타
비축,7,기타,기타,기타
후레셔,7,기타,기타,기타
중동,7,기타,기타,기타
전기밥솥,7,급식·식품,주방기기,주방/급식장비
은성,7,기타,기타,기타
피신,7,기타,기타,기타
인공위성,7,IT·통신,무선/통신장비,무전기/위성
확산,7,기타,기타,기타
먼지털이,7,기타,기타,기타
기상위성,7,IT·통신,무선/통신장비,무전기/위성
세면기,7,기타,기타,기타
군량,7,기타,기타,기타
백신,7,IT·통신,소프트웨어,OS/보안SW
쇄석,7,기타,기타,기타
사각형,7,기타,기타,기타
무제,7,기타,기타,기타
포크리프트,7,차량·기동,차량/정비,차량부품/소모품
기후,7,기타,기타,기타
농구,6,기타,기타,기타
린지,6,기타,기타,기타
모닝,6,기타,기타,기타
인트라넷,6,기타,기타,기타
화성,6,기타,기타,기타
발급,6,기타,기타,기타
가로등,6,기타,기타,기타
황산칼륨,6,급식·식품,주방기기,주방/급식장비
직사각형,6,기타,기타,기타
비엔나소시지,6,기타,기타,기타
터널,6,기타,기타,기타
폭립,6,기타,기타,기타
스피드,6,기타,기타,기타
항모,6,기타,기타,기타
아날로그,6,기타,기타,기타
지사,6,기타,기타,기타
선택,6,기타,기타,기타
캠코더,6,기타,기타,기타
보상,6,기타,기타,기타
미르,6,기타,기타,기타
교수,6,기타,기타,기타
알루미늄합금,6,기타,기타,기타
셋등,6,기타,기타,기타
오지,6,기타,기타,기타
넥타이,6,기타,기타,기타
남북,6,기타,기타,기타
메론,6,기타,기타,기타
생환,6,기타,기타,기타
광망,6,기타,기타,기타
캐논,6,기타,기타,기타
냉수,6,기타,기타,기타
통신사,6,IT·통신,무선/통신장비,무전기/위성
변경,6,기타,기타,기타
꽁치,6,기타,기타,기타
벨로스,6,기타,기타,기타
영천,6,기타,기타,기타
천정,6,기타,기타,기타
도약,6,기타,기타,기타
장례,6,기타,기타,기타
쉴드,6,기타,기타,기타
고로케,6,기타,기타,기타
전기분해,6,기타,기타,기타
에어캡,6,기타,기타,기타
실기,6,기타,기타,기타
충전지,6,기타,기타,기타
와이프,6,기타,기타,기타
혈류,6,기타,기타,기타
유속계,6,기타,기타,기타
해류,6,기타,기타,기타
에너지음료,6,급식·식품,가공/식자재,식자재
분분,6,기타,기타,기타
인식,6,기타,기타,기타
미장,6,기타,기타,기타
환강,6,기타,기타,기타
자단,6,기타,기타,기타
단말,6,기타,기타,기타
상주,6,기타,기타,기타
유탄발사기,6,기타,기타,기타
카이,6,기타,기타,기타
입환,6,기타,기타,기타
무등,6,기타,기타,기타
정장,6,기타,기타,기타
증류,6,기타,기타,기타
흑단,6,기타,기타,기타
재단,6,기타,기타,기타
포화,6,기타,기타,기타
경감,6,기타,기타,기타
실리카,6,기타,기타,기타
두텁다,6,기타,기타,기타
판결,6,기타,기타,기타
다단,6,기타,기타,기타
돌기,6,기타,기타,기타
구멍,6,기타,기타,기타
동위원소,6,기타,기타,기타
커터,6,기타,기타,기타
발연체,6,기타,기타,기타
쐐기,6,기타,기타,기타
등판,6,기타,기타,기타
격조사,6,기타,기타,기타
찜질,6,기타,기타,기타
보유,6,기타,기타,기타
워커,6,기타,기타,기타
심기,6,기타,기타,기타
식자,6,기타,기타,기타
차고,6,기타,기타,기타
포항,6,기타,기타,기타
네로,6,기타,기타,기타
영어,6,기타,기타,기타
편집디자인,6,기타,기타,기타
예선,6,기타,기타,기타
포제,6,기타,기타,기타
군부,6,기타,기타,기타
중파,6,기타,기타,기타
기지역,6,기타,기타,기타
불발,6,기타,기타,기타
선봉,6,기타,기타,기타
탁자,6,기타,기타,기타
니블,6,기타,기타,기타
모기향,6,기타,기타,기타
노트,6,피복·생활·사무,사무/문서,문구/사무기기
단단하다,6,기타,기타,기타
매뉴얼,6,기타,기타,기타
레트,6,기타,기타,기타
일회용품,6,기타,기타,기타
고래,6,기타,기타,기타
스펀지,6,기타,기타,기타
믹스,6,기타,기타,기타
자일,6,기타,기타,기타
도관,6,기타,기타,기타
공격헬기,6,기타,기타,기타
남군,6,기타,기타,기타
전등,6,기타,기타,기타
방음,6,기타,기타,기타
천일염,6,기타,기타,기타
인기,6,기타,기타,기타
전자유도,6,기타,기타,기타
금융,6,기타,기타,기타
평전,6,기타,기타,기타
도선,6,기타,기타,기타
부지,6,기타,기타,기타
고층,6,기타,기타,기타
행글라이더,6,기타,기타,기타
고기,6,기타,기타,기타
탐색기,6,기타,기타,기타
불모,6,기타,기타,기타
아군,6,기타,기타,기타
메기,6,기타,기타,기타
알티,6,기타,기타,기타
근로자,6,기타,기타,기타
철책,6,기타,기타,기타
관람,6,기타,기타,기타
차선,6,기타,기타,기타
메일,6,기타,기타,기타
정지,6,기타,기타,기타
무직,6,기타,기타,기타
변압,6,기타,기타,기타
폐유,6,기타,기타,기타
꼬치,6,기타,기타,기타
무기고,6,기타,기타,기타
다큐멘터리,6,기타,기타,기타
통계,6,기타,기타,기타
위기,6,기타,기타,기타
덴탈,6,기타,기타,기타
구강,6,기타,기타,기타
본드,6,화학·소재,도료/접착/고분자,도료/접착
광선,6,기타,기타,기타
베이,6,기타,기타,기타
히트,6,기타,기타,기타
후송,6,기타,기타,기타
인양,6,기타,기타,기타
콘서트,6,건설·시설,안전/현장,현장안전/표지
정정,6,기타,기타,기타
이해,6,기타,기타,기타
태블릿,6,기타,기타,기타
기여,6,기타,기타,기타
흑백,6,기타,기타,기타
국고,6,기타,기타,기타
이용권,6,기타,기타,기타
브레드,6,기타,기타,기타
스키장,6,기타,기타,기타
식다,6,기타,기타,기타
무궁화,6,기타,기타,기타
라켓,6,기타,기타,기타
물의,6,기타,기타,기타
포드,6,기타,기타,기타
단식,6,기타,기타,기타
실리다,6,기타,기타,기타
미사일,6,기타,기타,기타
통일,6,기타,기타,기타
스템,6,기타,기타,기타
러스트,6,기타,기타,기타
우송,6,기타,기타,기타
비항,6,기타,기타,기타
동작,6,기타,기타,기타
정익,6,기타,기타,기타
총서,6,기타,기타,기타
제원,6,기타,기타,기타
인서트,6,기타,기타,기타
라운드,6,기타,기타,기타
이천,6,기타,기타,기타
땜납,6,기타,기타,기타
잔유,6,기타,기타,기타
터보,6,기타,기타,기타
제주도,6,기타,기타,기타
외자,6,기타,기타,기타
제공,6,기타,기타,기타
고체,6,기타,기타,기타
원거리,6,기타,기타,기타
열전대,6,기타,기타,기타
생체,6,기타,기타,기타
레스텔,6,기타,기타,기타
계층,6,기타,기타,기타
입소,6,기타,기타,기타
징계,6,기타,기타,기타
전자법정,6,기타,기타,기타
컷터칼,6,급식·식품,주방기기,주방/급식장비
베이컨,6,기타,기타,기타
전승,6,기타,기타,기타
계란후라이,6,기타,기타,기타
오토바이,6,기타,기타,기타
오리고기,6,기타,기타,기타
내의,6,기타,기타,기타
원격,6,기타,기타,기타
경제,6,기타,기타,기타
부검,6,기타,기타,기타
베트남,6,기타,기타,기타
라스,6,기타,기타,기타
무단,6,기타,기타,기타
멈추다,6,기타,기타,기타
골프공,6,기타,기타,기타
보육,6,기타,기타,기타
방관,6,기타,기타,기타
최적,6,기타,기타,기타
분진,6,기타,기타,기타
밀도,6,기타,기타,기타
줄자,6,기타,기타,기타
수발,6,기타,기타,기타
크랭크,6,기타,기타,기타
부스터,6,기타,기타,기타
전기장,6,기타,기타,기타
수조,6,기타,기타,기타
유증기,6,기타,기타,기타
탐사,6,기타,기타,기타
집게,6,기타,기타,기타
정전기,6,기타,기타,기타
크릿트,6,기타,기타,기타
선량,6,기타,기타,기타
통합인증,6,기타,기타,기타
피전,6,기타,기타,기타
미치다,6,기타,기타,기타
연골,6,기타,기타,기타
깁스,6,기타,기타,기타
테프론,6,기타,기타,기타
몰드,6,기타,기타,기타
우산,6,기타,기타,기타
전자출판,6,기타,기타,기타
영동,6,기타,기타,기타
후크,6,기타,기타,기타
아질산나트륨,6,기타,기타,기타
개축,6,기타,기타,기타
장착,6,기타,기타,기타
대사,6,기타,기타,기타
투습,6,기타,기타,기타
격오,6,기타,기타,기타
발진,6,기타,기타,기타
춘장,6,기타,기타,기타
소수,6,기타,기타,기타
녹취록,6,기타,기타,기타
방호벽,6,기타,기타,기타
제보,6,기타,기타,기타
비지,6,기타,기타,기타
꼬리곰탕,6,기타,기타,기타
출제,6,기타,기타,기타
단독,6,기타,기타,기타
급여,6,기타,기타,기타
잠금장치,6,기타,기타,기타
감자전,6,기타,기타,기타
채널,6,기타,기타,기타
포도,6,기타,기타,기타
기조,6,기타,기타,기타
격정,6,기타,기타,기타
고등,6,기타,기타,기타
픽업,6,기타,기타,기타
결과,6,기타,기타,기타
앵카,6,기타,기타,기타
물엿,6,기타,기타,기타
손톱,6,공구·설비,일반공구,수공구/전동공구
천안,6,기타,기타,기타
방법론,6,기타,기타,기타
막외,6,기타,기타,기타
경질,6,기타,기타,기타
폴리에틸렌,6,기타,기타,기타
팬용,6,건설·시설,장비/장치,공조/전열/펌프
초코파이,6,기타,기타,기타
편제,6,기타,기타,기타
철파,6,기타,기타,기타
이프,6,기타,기타,기타
물관,6,기타,기타,기타
푸실리,6,기타,기타,기타
페룰,6,기타,기타,기타
노랑,6,기타,기타,기타
라디오,6,기타,기타,기타
복귀,6,기타,기타,기타
전기다리미,6,기타,기타,기타
꾸다,6,기타,기타,기타
순번,6,기타,기타,기타
빗트,6,기타,기타,기타
요법,6,기타,기타,기타
뭉치다,6,기타,기타,기타
증강,6,기타,기타,기타
경사,6,기타,기타,기타
근육,6,기타,기타,기타
동분,6,기타,기타,기타
생화학자,6,기타,기타,기타
캐스터,6,기타,기타,기타
폐쇄,6,기타,기타,기타
헌병대,6,기타,기타,기타
염화비닐,6,기타,기타,기타
사골곰탕,6,기타,기타,기타
목심,6,기타,기타,기타
발열,6,기타,기타,기타
총탄,6,기타,기타,기타
뱃트,6,기타,기타,기타
수상,6,기타,기타,기타
추자도,6,기타,기타,기타
거문도,6,기타,기타,기타
어록,6,기타,기타,기타
학보,6,기타,기타,기타
특수강,6,기타,기타,기타
탄알집,6,기타,기타,기타
파손,6,기타,기타,기타
력기,6,기타,기타,기타
링스,6,기타,기타,기타
캡등,6,기타,기타,기타
균열,6,기타,기타,기타
공감,6,기타,기타,기타
두다,6,기타,기타,기타
넥타,6,기타,기타,기타
니퍼,6,공구·설비,일반공구,수공구/전동공구
산부인과,6,기타,기타,기타
전해질,6,기타,기타,기타
직원,6,기타,기타,기타
약용,6,기타,기타,기타
스터드,6,기타,기타,기타
가늠자,6,기타,기타,기타
창업,6,기타,기타,기타
부상,6,기타,기타,기타
출구,6,기타,기타,기타
즉석식품,6,급식·식품,가공/식자재,식자재
감다,6,기타,기타,기타
강화도,6,기타,기타,기타
이사,6,기타,기타,기타
색모,6,기타,기타,기타
리차,6,급식·식품,가공/식자재,식자재
진입,6,기타,기타,기타
폐쇄기,6,기타,기타,기타
뷔페,5,기타,기타,기타
렉스,5,기타,기타,기타
부권,5,기타,기타,기타
라이,5,기타,기타,기타
손톱깎이,5,공구·설비,일반공구,수공구/전동공구
이형,5,기타,기타,기타
부식물,5,기타,기타,기타
울트라,5,기타,기타,기타
트레드밀,5,기타,기타,기타
사물함,5,기타,기타,기타
파티션,5,기타,기타,기타
태극마크,5,기타,기타,기타
챠트,5,기타,기타,기타
집체,5,기타,기타,기타
마네킨,5,기타,기타,기타
플렉시블,5,기타,기타,기타
자동차광,5,기타,기타,기타
사상,5,기타,기타,기타
겔링등,5,기타,기타,기타
벤토,5,기타,기타,기타
인재,5,기타,기타,기타
생가지,5,기타,기타,기타
함결합,5,기타,기타,기타
내접,5,기타,기타,기타
증폭,5,기타,기타,기타
정류자,5,기타,기타,기타
참기름,5,기타,기타,기타
이후,5,기타,기타,기타
공모전,5,기타,기타,기타
손목,5,기타,기타,기타
기표,5,기타,기타,기타
낙동강,5,기타,기타,기타
클리어,5,기타,기타,기타
유연제,5,기타,기타,기타
이경,5,기타,기타,기타
인원보,5,기타,기타,기타
군가,5,기타,기타,기타
난통,5,기타,기타,기타
안창호,5,기타,기타,기타
인스트팁등,5,기타,기타,기타
정반,5,기타,기타,기타
빌트,5,기타,기타,기타
재등,5,기타,기타,기타
도산,5,기타,기타,기타
종단,5,기타,기타,기타
공인,5,기타,기타,기타
기업,5,기타,기타,기타
땜질,5,기타,기타,기타
은제,5,기타,기타,기타
일용품,5,기타,기타,기타
노견,5,기타,기타,기타
역류,5,기타,기타,기타
파라슈트,5,기타,기타,기타
깐풍기,5,기타,기타,기타
상기,5,기타,기타,기타
사진기,5,기타,기타,기타
믹서,5,급식·식품,주방기기,주방/급식장비
알다,5,기타,기타,기타
가성소다,5,기타,기타,기타
폴리에스터,5,기타,기타,기타
중재,5,기타,기타,기타
소용돌이,5,기타,기타,기타
민수,5,기타,기타,기타
안구,5,기타,기타,기타
성검사,5,기타,기타,기타
들깨,5,기타,기타,기타
양념치킨,5,기타,기타,기타
청음,5,기타,기타,기타
영업,5,기타,기타,기타
브레이,5,기타,기타,기타
레귤,5,기타,기타,기타
국유재산,5,기타,기타,기타
자유,5,기타,기타,기타
앨범,5,기타,기타,기타
플랫,5,기타,기타,기타
제약,5,기타,기타,기타
견과,5,기타,기타,기타
쌈장,5,기타,기타,기타
곤약,5,기타,기타,기타
충주,5,기타,기타,기타
해충,5,기타,기타,기타
성용,5,기타,기타,기타
형관,5,기타,기타,기타
다각,5,기타,기타,기타
책정,5,기타,기타,기타
염색,5,기타,기타,기타
구조경,5,공구·설비,안전/소방,소방/안전장비
동점,5,기타,기타,기타
성찬,5,기타,기타,기타
한복,5,기타,기타,기타
체다,5,기타,기타,기타
폐쇄형,5,기타,기타,기타
내륙,5,기타,기타,기타
반물질,5,기타,기타,기타
망치,5,공구·설비,일반공구,수공구/전동공구
미군,5,기타,기타,기타
약제,5,기타,기타,기타
간호복,5,기타,기타,기타
점보롤,5,기타,기타,기타
순도,5,기타,기타,기타
이어폰,5,기타,기타,기타
헬리,5,기타,기타,기타
베트남어,5,기타,기타,기타
탈취,5,피복·생활·사무,청소/환경,청소/위생
명시,5,기타,기타,기타
머스타드,5,기타,기타,기타
차셋트,5,기타,기타,기타
퍼티,5,기타,기타,기타
진주,5,기타,기타,기타
부생,5,기타,기타,기타
실린더헤드,5,기타,기타,기타
광화,5,기타,기타,기타
에코,5,기타,기타,기타
비정,5,기타,기타,기타
프라,5,기타,기타,기타
공격,5,기타,기타,기타
방카,5,기타,기타,기타
비타,5,기타,기타,기타
일자,5,기타,기타,기타
병시,5,기타,기타,기타
반투막,5,기타,기타,기타
추력,5,기타,기타,기타
제설기,5,기타,기타,기타
전자석,5,기타,기타,기타
질환,5,기타,기타,기타
웹진,5,기타,기타,기타
상처,5,기타,기타,기타
포말,5,기타,기타,기타
주사기,5,의료·의약·위생,의료소모/장비,의료장비/키트
감쇠기,5,기타,기타,기타
부재,5,기타,기타,기타
유포,5,기타,기타,기타
로크,5,기타,기타,기타
간표,5,기타,기타,기타
겹판,5,기타,기타,기타
파쇄기,5,기타,기타,기타
정맥,5,기타,기타,기타
항재밍,5,기타,기타,기타
행정동,5,기타,기타,기타
인쇄회로기판,5,기타,기타,기타
분광분석,5,기타,기타,기타
면세,5,기타,기타,기타
비뇨기,5,기타,기타,기타
유사,5,기타,기타,기타
역기,5,기타,기타,기타
혼합물,5,기타,기타,기타
규사,5,기타,기타,기타
파견,5,기타,기타,기타
우스,5,기타,기타,기타
로디,5,기타,기타,기타
인화,5,기타,기타,기타
생리,5,기타,기타,기타
경영,5,기타,기타,기타
파우치,5,기타,기타,기타
맵다,5,기타,기타,기타
선거,5,기타,기타,기타
스트랩,5,화학·소재,도료/접착/고분자,도료/접착
토치,5,기타,기타,기타
서기,5,기타,기타,기타
수축,5,기타,기타,기타
심정,5,기타,기타,기타
수직이착륙,5,기타,기타,기타
전자통신,5,IT·통신,무선/통신장비,무전기/위성
군항,5,기타,기타,기타
격려,5,기타,기타,기타
정량,5,기타,기타,기타
태풍,5,기타,기타,기타
대효,5,기타,기타,기타
참전,5,기타,기타,기타
뇌압,5,기타,기타,기타
자기개발,5,기타,기타,기타
청평,5,기타,기타,기타
저격수,5,기타,기타,기타
기습,5,기타,기타,기타
군용항공기,5,기타,기타,기타
미터,5,기타,기타,기타
윤활제,5,기타,기타,기타
버터,5,기타,기타,기타
도면,5,기타,기타,기타
사무기기,5,기타,기타,기타
계교,5,기타,기타,기타
착륙장치,5,기타,기타,기타
드리다,5,기타,기타,기타
동체,5,기타,기타,기타
포대,5,기타,기타,기타
복수,5,기타,기타,기타
즉석밥,5,기타,기타,기타
브리지,5,기타,기타,기타
메밀,5,기타,기타,기타
임금,5,기타,기타,기타
공이,5,기타,기타,기타
학회,5,기타,기타,기타
마린,5,기타,기타,기타
사액,5,기타,기타,기타
현수막,5,기타,기타,기타
가압,5,기타,기타,기타
위험관리,5,기타,기타,기타
해저,5,기타,기타,기타
발사체,5,기타,기타,기타
기둥,5,기타,기타,기타
아스팔트,5,기타,기타,기타
드라마,5,기타,기타,기타
연성,5,기타,기타,기타
인너,5,기타,기타,기타
송정,5,기타,기타,기타
버퍼,5,기타,기타,기타
중어뢰,5,기타,기타,기타
역사탐방,5,기타,기타,기타
인청,5,기타,기타,기타
최루,5,기타,기타,기타
건조대,5,기타,기타,기타
자도,5,기타,기타,기타
편류각,5,기타,기타,기타
대안,5,기타,기타,기타
수리온,5,기타,기타,기타
캐브,5,기타,기타,기타
노드,5,기타,기타,기타
회선,5,기타,기타,기타
비상발전기,5,전력·전기전자,발전/저장,발전기/배터리
멀티미디어,5,기타,기타,기타
패스트리,5,기타,기타,기타
판초,5,기타,기타,기타
머플러,5,기타,기타,기타
판문점,5,기타,기타,기타
블레이드,5,기타,기타,기타
철근,5,건설·시설,자재/철물,자재/철물
레이지,5,기타,기타,기타
찾아가다,5,기타,기타,기타
식빵,5,급식·식품,가공/식자재,식자재
가전,5,기타,기타,기타
메밀국수,5,기타,기타,기타
전역,5,기타,기타,기타
줄날,5,기타,기타,기타
리튬이온,5,기타,기타,기타
가용,5,기타,기타,기타
외과기구,5,기타,기타,기타
파이어,5,기타,기타,기타
포부,5,기타,기타,기타
패스트,5,기타,기타,기타
오일수,5,차량·기동,차량/정비,차량부품/소모품
팩킹,5,기타,기타,기타
장애물,5,기타,기타,기타
콜드,5,기타,기타,기타
조리기구,5,급식·식품,주방기기,주방/급식장비
큐액,5,기타,기타,기타
리모,5,기타,기타,기타
기병,5,기타,기타,기타
명패,5,기타,기타,기타
기유,5,기타,기타,기타
간편식,5,기타,기타,기타
낭등,5,기타,기타,기타
수심,5,기타,기타,기타
트럼펫,5,기타,기타,기타
의학과,5,기타,기타,기타
예비역,5,기타,기타,기타
분무팁,5,기타,기타,기타
보완,5,기타,기타,기타
직물,5,기타,기타,기타
신나다,5,기타,기타,기타
동판,5,기타,기타,기타
가스용기,5,화학·소재,가스/특수가스,산업가스
의사결정,5,기타,기타,기타
하이패스,5,기타,기타,기타
런닝,5,기타,기타,기타
위로,5,기타,기타,기타
락스,5,기타,기타,기타
침윤식,5,기타,기타,기타
검찰,5,기타,기타,기타
쇼핑몰,5,기타,기타,기타
하차,5,급식·식품,가공/식자재,식자재
충무,5,기타,기타,기타
예식,5,기타,기타,기타
인물,5,기타,기타,기타
민영,5,기타,기타,기타
사각팬티,5,건설·시설,장비/장치,공조/전열/펌프
수병,5,기타,기타,기타
망상,5,기타,기타,기타
요인,5,기타,기타,기타
표기,5,기타,기타,기타
철탑,5,기타,기타,기타
써다,5,기타,기타,기타
군사훈련,5,기타,기타,기타
이행,5,기타,기타,기타
식수,5,기타,기타,기타
침낭류,5,피복·생활·사무,피복/보급,군장/피복
공기조화,5,기타,기타,기타
불닭,5,기타,기타,기타
그릇,5,기타,기타,기타
갈다,5,기타,기타,기타
스탑,5,기타,기타,기타
조영제,5,기타,기타,기타
낙뢰,5,기타,기타,기타
정압,5,기타,기타,기타
보증,5,기타,기타,기타
현금,5,기타,기타,기타
스마트폰,5,기타,기타,기타
오니,5,기타,기타,기타
공약,5,기타,기타,기타
도검,5,기타,기타,기타
겟류,5,기타,기타,기타
격막,5,기타,기타,기타
현황,5,기타,기타,기타
개월,5,기타,기타,기타
취업,5,기타,기타,기타
머핀,5,기타,기타,기타
완충제,5,기타,기타,기타
창원,5,기타,기타,기타
테라,5,기타,기타,기타
비치,5,기타,기타,기타
체공,5,기타,기타,기타
케찹,5,기타,기타,기타
신형원,5,기타,기타,기타
실감,5,기타,기타,기타
차압,5,기타,기타,기타
실리카겔,5,기타,기타,기타
살상,5,기타,기타,기타
광신,5,기타,기타,기타
섹션,5,기타,기타,기타
인권,5,기타,기타,기타
신고,5,기타,기타,기타
마사토,5,기타,기타,기타
소방장,5,기타,기타,기타
듀라토프,5,기타,기타,기타
선조,5,기타,기타,기타
인지도,5,특수장비,측지/지리공간,GPS/측량
보행,5,기타,기타,기타
릴용,5,기타,기타,기타
쇼케이스,5,기타,기타,기타
접시,5,기타,기타,기타
육사,5,기타,기타,기타
풍동,5,기타,기타,기타
특장,5,기타,기타,기타
지우개,5,기타,기타,기타
접수,5,기타,기타,기타
스타렉스,5,기타,기타,기타
의하다,5,기타,기타,기타
단면,5,기타,기타,기타
응답기,5,기타,기타,기타
동관,5,기타,기타,기타
휴게,5,기타,기타,기타
숟가락,5,기타,기타,기타
대량,5,기타,기타,기타
버트형,5,기타,기타,기타
축구화,5,기타,기타,기타
리퍼,5,기타,기타,기타
항적,5,기타,기타,기타
온도조절기,5,기타,기타,기타
살색,5,기타,기타,기타
풀림,5,기타,기타,기타
함류,5,기타,기타,기타
국부,5,기타,기타,기타
취타,5,기타,기타,기타
캐리어,5,기타,기타,기타
능성,5,기타,기타,기타
박용,5,기타,기타,기타
높이,5,기타,기타,기타
감압,5,기타,기타,기타
미생물,5,기타,기타,기타
방아,5,기타,기타,기타
제문,5,기타,기타,기타
부지역,5,기타,기타,기타
버켓,5,기타,기타,기타
지침,5,기타,기타,기타
상감,5,기타,기타,기타
파킹,5,기타,기타,기타
텐션,5,기타,기타,기타
평창,5,기타,기타,기타
심리,5,기타,기타,기타
정세,5,기타,기타,기타
부서,5,기타,기타,기타
타입,5,기타,기타,기타
콤보,5,기타,기타,기타
지주,5,기타,기타,기타
판검사,5,기타,기타,기타
도색,5,기타,기타,기타
정용,5,기타,기타,기타
감식,5,기타,기타,기타
파이프라인,5,건설·시설,자재/철물,자재/철물
격검침,5,기타,기타,기타
쌍용,5,기타,기타,기타
유압절,5,기타,기타,기타
초단파,5,기타,기타,기타
스포,5,기타,기타,기타
핵자,5,기타,기타,기타
체형,5,기타,기타,기타
쌍안경,5,기타,기타,기타
기적,5,기타,기타,기타
소시,5,기타,기타,기타
각재,5,기타,기타,기타
아트지,5,기타,기타,기타
겐트,5,기타,기타,기타
샌드위치패널,5,기타,기타,기타
발권,5,기타,기타,기타
수하물,5,기타,기타,기타
모노레일,5,기타,기타,기타
셔틀버스,5,차량·기동,차량/정비,차량부품/소모품
나졸,5,기타,기타,기타
스페이스,5,기타,기타,기타
문제점,5,기타,기타,기타
축받이,4,기타,기타,기타
스트링치즈,4,기타,기타,기타
징후,4,기타,기타,기타
진압용,4,기타,기타,기타
재난예방,4,기타,기타,기타
저장매체,4,기타,기타,기타
회전기,4,기타,기타,기타
오른쪽,4,기타,기타,기타
푸시풀,4,기타,기타,기타
학위,4,기타,기타,기타
용붓,4,기타,기타,기타
오산,4,기타,기타,기타
컴벳,4,기타,기타,기타
어청,4,기타,기타,기타
마그네트론,4,기타,기타,기타
베라크루즈,4,기타,기타,기타
쌀후,4,급식·식품,가공/식자재,식자재
축구공,4,기타,기타,기타
창끝,4,기타,기타,기타
프로파일,4,피복·생활·사무,사무/문서,문구/사무기기
군진의학,4,기타,기타,기타
국직,4,기타,기타,기타
박다,4,기타,기타,기타
스톱,4,공구·설비,일반공구,수공구/전동공구
온돌,4,기타,기타,기타
탈피,4,기타,기타,기타
공항정보,4,기타,기타,기타
엑스레이,4,기타,기타,기타
결합체등,4,기타,기타,기타
마련,4,기타,기타,기타
레인,4,기타,기타,기타
승합차,4,급식·식품,가공/식자재,식자재
라지,4,기타,기타,기타
수급,4,기타,기타,기타
적온,4,기타,기타,기타
신호처리,4,기타,기타,기타
캄보디아,4,기타,기타,기타
잔재,4,기타,기타,기타
현지,4,기타,기타,기타
찹쌀,4,급식·식품,가공/식자재,식자재
커패시터,4,기타,기타,기타
스핀,4,기타,기타,기타
노통,4,기타,기타,기타
재녹음,4,기타,기타,기타
포인터,4,기타,기타,기타
피시,4,기타,기타,기타
휴지통,4,기타,기타,기타
글라스,4,기타,기타,기타
단백질,4,기타,기타,기타
쇠고리,4,기타,기타,기타
완료,4,기타,기타,기타
링잭,4,기타,기타,기타
가루비누,4,기타,기타,기타
서적,4,기타,기타,기타
기압계,4,기타,기타,기타
요추,4,기타,기타,기타
자형,4,기타,기타,기타
녹스,4,기타,기타,기타
탐상,4,기타,기타,기타
사이렌,4,기타,기타,기타
메주,4,기타,기타,기타
작동장치,4,기타,기타,기타
바이스,4,기타,기타,기타
격진,4,기타,기타,기타
예인선,4,기타,기타,기타
특성화고,4,기타,기타,기타
엑셀,4,기타,기타,기타
탁용,4,기타,기타,기타
소재,4,기타,기타,기타
보조사,4,기타,기타,기타
슈즈,4,기타,기타,기타
삼각팬티,4,건설·시설,장비/장치,공조/전열/펌프
우수상,4,기타,기타,기타
충진재,4,기타,기타,기타
닫다,4,기타,기타,기타
촉각,4,기타,기타,기타
산림,4,기타,기타,기타
모듀울,4,기타,기타,기타
조경수,4,기타,기타,기타
번호,4,기타,기타,기타
팁등,4,기타,기타,기타
태그,4,기타,기타,기타
직렬,4,기타,기타,기타
고철,4,기타,기타,기타
청정,4,기타,기타,기타
수원지,4,기타,기타,기타
나침,4,기타,기타,기타
일지,4,기타,기타,기타
국산,4,기타,기타,기타
호수,4,기타,기타,기타
발사믹,4,기타,기타,기타
연습기,4,기타,기타,기타
벤딩,4,기타,기타,기타
분도기,4,기타,기타,기타
종료,4,기타,기타,기타
액터,4,기타,기타,기타
소관,4,기타,기타,기타
휴게실,4,기타,기타,기타
회복,4,기타,기타,기타
니스,4,기타,기타,기타
탄지,4,기타,기타,기타
초계기,4,기타,기타,기타
이식,4,기타,기타,기타
동반,4,기타,기타,기타
실화,4,기타,기타,기타
단위,4,기타,기타,기타
전망탑,4,기타,기타,기타
대패,4,기타,기타,기타
경상남도,4,기타,기타,기타
컵등,4,기타,기타,기타
순간,4,기타,기타,기타
목표,4,기타,기타,기타
페이스,4,기타,기타,기타
부직포,4,기타,기타,기타
탄도탄,4,기타,기타,기타
심폐,4,기타,기타,기타
지보,4,기타,기타,기타
형도,4,기타,기타,기타
양성평등,4,기타,기타,기타
위상,4,기타,기타,기타
폐기,4,기타,기타,기타
플런저등,4,기타,기타,기타
스크랩,4,화학·소재,도료/접착/고분자,도료/접착
칵테일,4,기타,기타,기타
증거물,4,기타,기타,기타
무한리필,4,기타,기타,기타
후르,4,기타,기타,기타
우현,4,기타,기타,기타
군용차량,4,차량·기동,차량/정비,차량부품/소모품
배분,4,기타,기타,기타
찾다,4,기타,기타,기타
형상,4,기타,기타,기타
코너,4,기타,기타,기타
끓이다,4,기타,기타,기타
트집,4,기타,기타,기타
전자현미경,4,기타,기타,기타
야영,4,기타,기타,기타
항의,4,기타,기타,기타
어태치먼트,4,기타,기타,기타
양평,4,기타,기타,기타
시뮬레이션,4,기타,기타,기타
교장,4,기타,기타,기타
관로,4,기타,기타,기타
박막,4,기타,기타,기타
코아딕실등,4,기타,기타,기타
고문,4,기타,기타,기타
플렛,4,기타,기타,기타
세수,4,기타,기타,기타
워셔액,4,기타,기타,기타
거짓말,4,기타,기타,기타
이탈,4,기타,기타,기타
파운데이션,4,기타,기타,기타
초과,4,기타,기타,기타
누전차단기,4,전력·전기전자,발전/저장,발전기/배터리
하드,4,기타,기타,기타
박출량,4,기타,기타,기타
등주,4,기타,기타,기타
수륙,4,기타,기타,기타
제안,4,기타,기타,기타
흰색,4,기타,기타,기타
급속,4,기타,기타,기타
천무,4,기타,기타,기타
쇼핑카트,4,기타,기타,기타
앤드,4,기타,기타,기타
메모리,4,IT·통신,PC/주변기기,PC/노트북
증진,4,기타,기타,기타
관함,4,기타,기타,기타
쟈켓,4,기타,기타,기타
리피,4,기타,기타,기타
잡석,4,기타,기타,기타
시브,4,기타,기타,기타
성분,4,기타,기타,기타
데시,4,기타,기타,기타
탭등,4,기타,기타,기타
패킹링용,4,기타,기타,기타
페인트볼,4,건설·시설,자재/철물,자재/철물
무게,4,기타,기타,기타
청년,4,기타,기타,기타
타르,4,기타,기타,기타
함형,4,기타,기타,기타
정체,4,기타,기타,기타
분청,4,기타,기타,기타
질식,4,기타,기타,기타
구급차,4,급식·식품,가공/식자재,식자재
너비아니,4,기타,기타,기타
중통,4,기타,기타,기타
종교시설,4,기타,기타,기타
카라,4,기타,기타,기타
만화,4,기타,기타,기타
신교대,4,기타,기타,기타
공개,4,기타,기타,기타
두껍다,4,기타,기타,기타
붕산,4,기타,기타,기타
브런치,4,기타,기타,기타
과용,4,기타,기타,기타
핵의학,4,기타,기타,기타
포도당,4,기타,기타,기타
정예,4,기타,기타,기타
캠판,4,기타,기타,기타
화방,4,기타,기타,기타
도화선,4,기타,기타,기타
멘트,4,기타,기타,기타
환풍기,4,기타,기타,기타
팬코,4,건설·시설,장비/장치,공조/전열/펌프
황병,4,기타,기타,기타
장정,4,기타,기타,기타
견식,4,기타,기타,기타
답터,4,기타,기타,기타
란스,4,기타,기타,기타
소화전,4,기타,기타,기타
사의,4,기타,기타,기타
법제,4,기타,기타,기타
온기,4,기타,기타,기타
캅셀,4,기타,기타,기타
이브,4,기타,기타,기타
형강,4,건설·시설,자재/철물,자재/철물
이중화,4,기타,기타,기타
마이,4,기타,기타,기타
굴절,4,기타,기타,기타
바라쿠다,4,기타,기타,기타
도수,4,기타,기타,기타
임팩트,4,공구·설비,일반공구,수공구/전동공구
밸트,4,기타,기타,기타
소석회,4,기타,기타,기타
초상,4,기타,기타,기타
용해,4,기타,기타,기타
연결고리,4,기타,기타,기타
콜센터,4,기타,기타,기타
콘텍트,4,건설·시설,안전/현장,현장안전/표지
스트림,4,기타,기타,기타
토란,4,기타,기타,기타
광개토,4,기타,기타,기타
고시,4,기타,기타,기타
정맥주사,4,의료·의약·위생,의료소모/장비,의료장비/키트
트래픽,4,기타,기타,기타
반납,4,기타,기타,기타
답타,4,기타,기타,기타
오징어,4,기타,기타,기타
무광,4,기타,기타,기타
육전,4,기타,기타,기타
터정,4,기타,기타,기타
혈관,4,기타,기타,기타
영문,4,기타,기타,기타
태양,4,기타,기타,기타
딱풀,4,기타,기타,기타
컨넥터,4,기타,기타,기타
레규,4,기타,기타,기타
디피,4,기타,기타,기타
발톱,4,공구·설비,일반공구,수공구/전동공구
수세식,4,기타,기타,기타
맛소,4,기타,기타,기타
정산,4,기타,기타,기타
유압프레스,4,기타,기타,기타
전도,4,기타,기타,기타
재건축,4,기타,기타,기타
신다,4,기타,기타,기타
멈치등,4,기타,기타,기타
에너지드링크,4,기타,기타,기타
디앤주,4,기타,기타,기타
크라샤,4,기타,기타,기타
관동,4,기타,기타,기타
신분증,4,기타,기타,기타
수용성,4,기타,기타,기타
피타,4,기타,기타,기타
폐물,4,기타,기타,기타
면양,4,기타,기타,기타
경종,4,기타,기타,기타
바지선,4,기타,기타,기타
놀라다,4,기타,기타,기타
눈삽,4,기타,기타,기타
창의,4,기타,기타,기타
압제,4,기타,기타,기타
광고,4,기타,기타,기타
설립,4,기타,기타,기타
맥스,4,기타,기타,기타
주민,4,기타,기타,기타
간사,4,기타,기타,기타
인입,4,기타,기타,기타
잡채,4,기타,기타,기타
핏트,4,기타,기타,기타
검다,4,기타,기타,기타
엑츄에이터,4,기타,기타,기타
스릴,4,기타,기타,기타
벙커,4,기타,기타,기타
봉지,4,기타,기타,기타
용감,4,기타,기타,기타
나이,4,기타,기타,기타
극복,4,기타,기타,기타
증명사진,4,기타,기타,기타
슬라이,4,기타,기타,기타
보성,4,기타,기타,기타
가이드라인,4,기타,기타,기타
향방,4,기타,기타,기타
공군기지,4,기타,기타,기타
운행,4,기타,기타,기타
표고버섯,4,기타,기타,기타
두루,4,기타,기타,기타
상비,4,기타,기타,기타
완성,4,기타,기타,기타
웨하스,4,기타,기타,기타
배수로,4,기타,기타,기타
도표,4,기타,기타,기타
석천,4,기타,기타,기타
용구,4,기타,기타,기타
평지,4,기타,기타,기타
기주,4,기타,기타,기타
밤색,4,기타,기타,기타
보정,4,기타,기타,기타
각도,4,기타,기타,기타
투하,4,기타,기타,기타
호출,4,기타,기타,기타
시나리오,4,기타,기타,기타
결구,4,기타,기타,기타
중절모,4,기타,기타,기타
도상,4,기타,기타,기타
미사,4,기타,기타,기타
용융,4,기타,기타,기타
제대,4,기타,기타,기타
기독교,4,기타,기타,기타
원문,4,기타,기타,기타
관리자,4,기타,기타,기타
가운,4,기타,기타,기타
메탈,4,기타,기타,기타
잠재,4,기타,기타,기타
차등,4,기타,기타,기타
수복,4,기타,기타,기타
입력기,4,기타,기타,기타
고무장화,4,화학·소재,도료/접착/고분자,도료/접착
기공사,4,기타,기타,기타
인산염,4,기타,기타,기타
솔등,4,피복·생활·사무,청소/환경,청소/위생
송증,4,기타,기타,기타
부족,4,기타,기타,기타
광장,4,기타,기타,기타
교회,4,기타,기타,기타
엄체호,4,기타,기타,기타
반잠수정,4,기타,기타,기타
함외,4,기타,기타,기타
에러,4,기타,기타,기타
후두,4,기타,기타,기타
성무,4,기타,기타,기타
예보,4,기타,기타,기타
승진훈련장,4,기타,기타,기타
칼날,4,급식·식품,주방기기,주방/급식장비
접근제어,4,기타,기타,기타
자봉,4,기타,기타,기타
웹메일,4,기타,기타,기타
제설차,4,급식·식품,가공/식자재,식자재
점용,4,기타,기타,기타
붓등,4,기타,기타,기타
록크,4,기타,기타,기타
트이다,4,기타,기타,기타
승강,4,기타,기타,기타
초등학교,4,기타,기타,기타
공산,4,기타,기타,기타
슬립,4,기타,기타,기타
입찰,4,기타,기타,기타
한반도,4,기타,기타,기타
주격,4,기타,기타,기타
군체,4,기타,기타,기타
블루투스,4,기타,기타,기타
수치,4,기타,기타,기타
협업,4,기타,기타,기타
수방사,4,기타,기타,기타
안다,4,기타,기타,기타
포단,4,기타,기타,기타
특수요원,4,기타,기타,기타
바리,4,기타,기타,기타
커텐,4,기타,기타,기타
환봉,4,기타,기타,기타
갈고리,4,기타,기타,기타
양상,4,기타,기타,기타
벨브류,4,기타,기타,기타
크로마,4,기타,기타,기타
징조,4,기타,기타,기타
침강,4,기타,기타,기타
적혈구,4,기타,기타,기타
특허,4,기타,기타,기타
스태커,4,기타,기타,기타
풍력,4,기타,기타,기타
그라스,4,기타,기타,기타
강관,4,기타,기타,기타
합리,4,기타,기타,기타
신장,4,기타,기타,기타
청해,4,기타,기타,기타
지자체,4,기타,기타,기타
어택,4,기타,기타,기타
유무,4,기타,기타,기타
전개,4,기타,기타,기타
수출,4,기타,기타,기타
니코틴,4,기타,기타,기타
정비단,4,차량·기동,차량/정비,차량부품/소모품
프리즘,4,기타,기타,기타
탁송,4,기타,기타,기타
의무병,4,의료·의약·위생,의료소모/장비,의료장비/키트
역사관,4,기타,기타,기타
인두,4,기타,기타,기타
방전가공,4,기타,기타,기타
신유,4,기타,기타,기타
화진포,4,기타,기타,기타
빨래,4,기타,기타,기타
감량,4,기타,기타,기타
중환자,4,의료·의약·위생,의료소모/장비,의료장비/키트
부설,4,기타,기타,기타
콘넥트,4,건설·시설,안전/현장,현장안전/표지
블로워,4,기타,기타,기타
더블에이,4,기타,기타,기타
중성,4,기타,기타,기타
초코케익,4,기타,기타,기타
광등,4,기타,기타,기타
물결,4,기타,기타,기타
스노우,4,기타,기타,기타
대지,4,기타,기타,기타
덥다,4,기타,기타,기타
후사,4,기타,기타,기타
송지원,4,기타,기타,기타
천평,4,기타,기타,기타
거봉,4,기타,기타,기타
릴리스,4,기타,기타,기타
교탁,4,기타,기타,기타
항공전,4,기타,기타,기타
전동장,4,기타,기타,기타
비구,4,기타,기타,기타
있다,4,기타,기타,기타
공기제동,4,기타,기타,기타
스파이럴,4,기타,기타,기타
지바,4,기타,기타,기타
페트,4,기타,기타,기타
공판,4,기타,기타,기타
부정,4,기타,기타,기타
전조등,4,기타,기타,기타
보라매,4,기타,기타,기타
제전,4,기타,기타,기타
유골,4,기타,기타,기타
법적,4,기타,기타,기타
월넛,4,기타,기타,기타
유형,4,기타,기타,기타
복강,4,기타,기타,기타
동봉,4,기타,기타,기타
목도리,4,기타,기타,기타
케어,4,기타,기타,기타
매각,4,기타,기타,기타
볼등,4,기타,기타,기타
선물,4,기타,기타,기타
맨홀,4,기타,기타,기타
여론조사,4,기타,기타,기타
남양주,4,기타,기타,기타
보안취약점,4,기타,기타,기타
의약,4,의료·의약·위생,의료소모/장비,의료장비/키트
각기,4,기타,기타,기타
미립,4,기타,기타,기타
분리수거,4,피복·생활·사무,청소/환경,청소/위생
로그,4,기타,기타,기타
인두기,4,기타,기타,기타
창살,4,기타,기타,기타
농산품,4,기타,기타,기타
콘및,4,건설·시설,안전/현장,현장안전/표지
재류,4,기타,기타,기타
외관,4,기타,기타,기타
휴양,4,기타,기타,기타
케이트,4,기타,기타,기타
둥글다,4,기타,기타,기타
금성,4,기타,기타,기타
다이나모,4,기타,기타,기타
멘토링,4,기타,기타,기타
충방,4,기타,기타,기타
판지,4,기타,기타,기타
연미복,4,기타,기타,기타
립스틱,4,기타,기타,기타
쉐보레,4,기타,기타,기타
걸쇠용,4,기타,기타,기타
마우스,4,IT·통신,PC/주변기기,PC/노트북
샘플러,4,기타,기타,기타
쿼드콘,4,건설·시설,안전/현장,현장안전/표지
관성항법,4,기타,기타,기타
양말,4,피복·생활·사무,피복/보급,군장/피복
양갱,4,기타,기타,기타
피다,4,기타,기타,기타
인쇄판,4,기타,기타,기타
의사,4,기타,기타,기타
야드,4,기타,기타,기타
스냅,4,기타,기타,기타
테니스화,4,기타,기타,기타
지넷,4,기타,기타,기타
벙어리,4,기타,기타,기타
완전,4,기타,기타,기타
카페라떼,4,기타,기타,기타
모사,4,기타,기타,기타
기지국,4,IT·통신,무선/통신장비,무전기/위성
화합물,4,기타,기타,기타
아이스티,4,기타,기타,기타
아메리카노,4,기타,기타,기타
국통,4,기타,기타,기타
하강,4,기타,기타,기타
통역,4,기타,기타,기타
살다,4,기타,기타,기타
가바,4,기타,기타,기타
리더,4,기타,기타,기타
바지,4,기타,기타,기타
바람,4,기타,기타,기타
철띠,4,기타,기타,기타
코티드샌드,4,기타,기타,기타
칼슘,4,급식·식품,주방기기,주방/급식장비
체온,4,기타,기타,기타
하니,4,기타,기타,기타
무적,4,기타,기타,기타
쇠등,4,기타,기타,기타
자바라,4,기타,기타,기타
포지,4,기타,기타,기타
렉시,4,기타,기타,기타
와샤,4,기타,기타,기타
식판,4,급식·식품,주방기기,주방/급식장비
잠수정,4,기타,기타,기타
해군본부,3,기타,기타,기타
크로스,3,기타,기타,기타
부산광역시,3,기타,기타,기타
끈등,3,기타,기타,기타
저공,3,기타,기타,기타
빌딩,3,기타,기타,기타
병동,3,기타,기타,기타
거처,3,기타,기타,기타
랜드,3,기타,기타,기타
락키,3,기타,기타,기타
캠퍼스,3,기타,기타,기타
리제,3,기타,기타,기타
호실,3,기타,기타,기타
능동,3,기타,기타,기타
커팅날,3,기타,기타,기타
증명서,3,기타,기타,기타
스텐슬,3,기타,기타,기타
천공,3,기타,기타,기타
꼬막,3,기타,기타,기타
혈당,3,기타,기타,기타
오물,3,기타,기타,기타
화용,3,기타,기타,기타
웅비,3,기타,기타,기타
렌등,3,기타,기타,기타
콜액,3,기타,기타,기타
정글,3,기타,기타,기타
바류,3,기타,기타,기타
해군기,3,기타,기타,기타
조작,3,기타,기타,기타
군사력,3,기타,기타,기타
고착,3,기타,기타,기타
피뢰침,3,기타,기타,기타
화염,3,기타,기타,기타
부도,3,기타,기타,기타
타이머,3,기타,기타,기타
캠페인,3,기타,기타,기타
지시,3,기타,기타,기타
하드디스크,3,기타,기타,기타
작도,3,기타,기타,기타
패기,3,기타,기타,기타
류형,3,기타,기타,기타
연발,3,기타,기타,기타
양구,3,기타,기타,기타
구조해,3,공구·설비,안전/소방,소방/안전장비
유물,3,기타,기타,기타
이충무공,3,기타,기타,기타
대규모,3,기타,기타,기타
청각,3,기타,기타,기타
쓰다,3,기타,기타,기타
수갑,3,기타,기타,기타
가능,3,기타,기타,기타
페달,3,기타,기타,기타
지게,3,기타,기타,기타
뇨침,3,기타,기타,기타
담양,3,기타,기타,기타
군통,3,기타,기타,기타
외형,3,기타,기타,기타
연유,3,기타,기타,기타
건전,3,기타,기타,기타
항목처,3,기타,기타,기타
헤드라이트,3,기타,기타,기타
면도기,3,기타,기타,기타
냄비,3,기타,기타,기타
성경,3,기타,기타,기타
직종,3,기타,기타,기타
통합교육,3,기타,기타,기타
광중,3,기타,기타,기타
육안,3,기타,기타,기타
벽면,3,기타,기타,기타
세차,3,급식·식품,가공/식자재,식자재
설명,3,기타,기타,기타
켓트,3,기타,기타,기타
띠등,3,기타,기타,기타
시한,3,기타,기타,기타
승무원복,3,기타,기타,기타
외벽,3,기타,기타,기타
및패킹등,3,기타,기타,기타
뮤지컬,3,기타,기타,기타
점도계,3,기타,기타,기타
가정,3,기타,기타,기타
임진왜란,3,기타,기타,기타
창작,3,기타,기타,기타
보고서,3,기타,기타,기타
컨트롤러,3,기타,기타,기타
시초,3,기타,기타,기타
프린팅,3,기타,기타,기타
레토르트,3,기타,기타,기타
교반기,3,기타,기타,기타
야시,3,기타,기타,기타
전문교육,3,기타,기타,기타
지급,3,기타,기타,기타
주축,3,기타,기타,기타
스터언,3,기타,기타,기타
실리,3,기타,기타,기타
조합,3,기타,기타,기타
파장,3,기타,기타,기타
남자,3,기타,기타,기타
나침반,3,기타,기타,기타
코칭,3,기타,기타,기타
컨넥팅,3,기타,기타,기타
레이디,3,기타,기타,기타
먹는샘물,3,기타,기타,기타
마스,3,기타,기타,기타
문무,3,기타,기타,기타
에어건,3,기타,기타,기타
베이어,3,기타,기타,기타
신텍스,3,기타,기타,기타
레이스,3,기타,기타,기타
향악,3,기타,기타,기타
콤푸렛샤,3,기타,기타,기타
철원,3,기타,기타,기타
나주,3,기타,기타,기타
괴산,3,기타,기타,기타
남수단,3,기타,기타,기타
활액,3,기타,기타,기타
옹벽,3,기타,기타,기타
치유,3,기타,기타,기타
크실렌,3,기타,기타,기타
문화센터,3,기타,기타,기타
용의자,3,기타,기타,기타
외경,3,기타,기타,기타
펜던트,3,기타,기타,기타
전기레인지,3,기타,기타,기타
속력,3,기타,기타,기타
학군장교,3,피복·생활·사무,피복/보급,군장/피복
아이스팩,3,기타,기타,기타
지향성,3,기타,기타,기타
라이브,3,기타,기타,기타
재원,3,기타,기타,기타
위주,3,기타,기타,기타
환자복,3,의료·의약·위생,의료소모/장비,의료장비/키트
사이버범죄,3,기타,기타,기타
단상,3,기타,기타,기타
참여,3,기타,기타,기타
불량,3,기타,기타,기타
위험성,3,기타,기타,기타
헬스장,3,기타,기타,기타
방재,3,기타,기타,기타
페이퍼,3,기타,기타,기타
항습,3,기타,기타,기타
외보,3,기타,기타,기타
연주,3,기타,기타,기타
탈륨,3,기타,기타,기타
팥죽,3,기타,기타,기타
크레오,3,기타,기타,기타
각봉,3,기타,기타,기타
변조,3,기타,기타,기타
도마,3,급식·식품,주방기기,주방/급식장비
탈지,3,기타,기타,기타
돛대,3,기타,기타,기타
가상화,3,IT·통신,서버/스토리지,서버
에타,3,기타,기타,기타
트림,3,기타,기타,기타
유니,3,기타,기타,기타
골무,3,기타,기타,기타
여건,3,기타,기타,기타
반투명,3,기타,기타,기타
임시정부,3,기타,기타,기타
물리치료,3,기타,기타,기타
실천,3,기타,기타,기타
랜탈,3,기타,기타,기타
캘리퍼스,3,기타,기타,기타
손세정제,3,의료·의약·위생,방역/위생,방역/소독
재계약,3,기타,기타,기타
소변기,3,기타,기타,기타
동면,3,기타,기타,기타
가상,3,기타,기타,기타
슬리,3,기타,기타,기타
코크,3,기타,기타,기타
기능사,3,기타,기타,기타
영양식,3,기타,기타,기타
문고,3,기타,기타,기타
리브,3,기타,기타,기타
역위,3,기타,기타,기타
샌딩,3,기타,기타,기타
싱가포르,3,기타,기타,기타
범위,3,기타,기타,기타
생화,3,기타,기타,기타
용인시,3,기타,기타,기타
분석관,3,기타,기타,기타
장함,3,기타,기타,기타
워키,3,기타,기타,기타
화학물질,3,기타,기타,기타
죽변,3,기타,기타,기타
스테플러,3,기타,기타,기타
방위각,3,기타,기타,기타
자성,3,기타,기타,기타
펜틴,3,기타,기타,기타
소환,3,기타,기타,기타
트레이너,3,기타,기타,기타
법무,3,기타,기타,기타
스캔,3,급식·식품,가공/식자재,식자재
시야,3,기타,기타,기타
화장,3,기타,기타,기타
광섬유,3,전력·전기전자,조명/전선,LED/전선
조형기,3,기타,기타,기타
공화력,3,기타,기타,기타
입자,3,기타,기타,기타
용릴,3,기타,기타,기타
활주,3,기타,기타,기타
도시,3,기타,기타,기타
경조사,3,기타,기타,기타
초실등,3,기타,기타,기타
파레,3,기타,기타,기타
유구,3,기타,기타,기타
수세미,3,기타,기타,기타
머그컵,3,기타,기타,기타
아스콘,3,건설·시설,안전/현장,현장안전/표지
우즈,3,기타,기타,기타
스텐강관,3,기타,기타,기타
다중화,3,기타,기타,기타
세미,3,기타,기타,기타
쉬등,3,기타,기타,기타
한인,3,기타,기타,기타
드로즈,3,기타,기타,기타
다이버,3,기타,기타,기타
장통,3,기타,기타,기타
비유,3,기타,기타,기타
폐장,3,기타,기타,기타
사절단,3,공구·설비,용접/가공,용접/절단
평택,3,기타,기타,기타
철수,3,기타,기타,기타
편조,3,기타,기타,기타
특별회계,3,기타,기타,기타
코메트,3,기타,기타,기타
시발,3,기타,기타,기타
서지역,3,기타,기타,기타
멀티콥터,3,기타,기타,기타
칼용,3,급식·식품,주방기기,주방/급식장비
감염증,3,기타,기타,기타
포인트,3,기타,기타,기타
소방차,3,급식·식품,가공/식자재,식자재
정보망,3,기타,기타,기타
피드,3,기타,기타,기타
알칼리,3,급식·식품,주방기기,주방/급식장비
사리,3,기타,기타,기타
도트,3,기타,기타,기타
크런키형,3,기타,기타,기타
계기비행,3,기타,기타,기타
운영체제,3,기타,기타,기타
프로세스,3,기타,기타,기타
소세지,3,기타,기타,기타
세라,3,기타,기타,기타
측위,3,기타,기타,기타
앞차,3,급식·식품,가공/식자재,식자재
뒷쪽,3,기타,기타,기타
볼스크류,3,기타,기타,기타
분모,3,기타,기타,기타
리소스,3,기타,기타,기타
용볼등,3,기타,기타,기타
우엉,3,기타,기타,기타
관악,3,기타,기타,기타
난용,3,기타,기타,기타
비말,3,기타,기타,기타
자비,3,기타,기타,기타
기점,3,기타,기타,기타
재발,3,기타,기타,기타
유전체,3,기타,기타,기타
확진,3,기타,기타,기타
출처,3,기타,기타,기타
캔따개,3,급식·식품,가공/식자재,식자재
켓리무브,3,기타,기타,기타
체온계,3,기타,기타,기타
지위,3,기타,기타,기타
도태,3,기타,기타,기타
나연,3,기타,기타,기타
사건,3,기타,기타,기타
홉기,3,기타,기타,기타
방화선,3,기타,기타,기타
발행,3,기타,기타,기타
도킹,3,기타,기타,기타
떡케이크,3,기타,기타,기타
발칸포,3,기타,기타,기타
사배,3,기타,기타,기타
수산화칼슘,3,급식·식품,주방기기,주방/급식장비
양륙,3,기타,기타,기타
운정,3,기타,기타,기타
어곡,3,기타,기타,기타
살포,3,기타,기타,기타
방부제,3,기타,기타,기타
바란,3,기타,기타,기타
앞산,3,기타,기타,기타
지표조사,3,기타,기타,기타
제지,3,기타,기타,기타
생크림,3,기타,기타,기타
매원,3,기타,기타,기타
생능,3,기타,기타,기타
아웃소싱,3,기타,기타,기타
하수,3,기타,기타,기타
임기,3,기타,기타,기타
인프라,3,기타,기타,기타
피펫,3,기타,기타,기타
관리사,3,기타,기타,기타
대금,3,기타,기타,기타
주거지,3,기타,기타,기타
비강,3,기타,기타,기타
참고서,3,기타,기타,기타
동호,3,기타,기타,기타
협동,3,기타,기타,기타
습포,3,기타,기타,기타
톤유압,3,기타,기타,기타
애니메이션,3,기타,기타,기타
체내,3,기타,기타,기타
디스,3,기타,기타,기타
증발,3,기타,기타,기타
래그,3,기타,기타,기타
우주력,3,기타,기타,기타
이동통신,3,IT·통신,무선/통신장비,무전기/위성
관정,3,기타,기타,기타
진미채,3,기타,기타,기타
황사,3,기타,기타,기타
임관,3,기타,기타,기타
캠축,3,기타,기타,기타
비계,3,건설·시설,안전/현장,현장안전/표지
가드레일,3,기타,기타,기타
오투,3,기타,기타,기타
계전,3,기타,기타,기타
호국훈련,3,기타,기타,기타
익스,3,기타,기타,기타
지소,3,기타,기타,기타
럭키,3,기타,기타,기타
좌현,3,기타,기타,기타
아파치,3,기타,기타,기타
태핑용,3,기타,기타,기타
밸런스,3,기타,기타,기타
무레나,3,기타,기타,기타
부저,3,기타,기타,기타
윈치류,3,기타,기타,기타
칠리,3,기타,기타,기타
특임,3,기타,기타,기타
핸들링,3,기타,기타,기타
중증,3,기타,기타,기타
엑스포,3,기타,기타,기타
파렛,3,기타,기타,기타
아키텍처,3,기타,기타,기타
급다련장,3,기타,기타,기타
조치,3,기타,기타,기타
어울림,3,기타,기타,기타
이력,3,기타,기타,기타
스테이플러,3,피복·생활·사무,사무/문서,문구/사무기기
피하,3,기타,기타,기타
타격,3,기타,기타,기타
싱글,3,기타,기타,기타
수장,3,기타,기타,기타
탄소섬유,3,기타,기타,기타
리필,3,기타,기타,기타
발목,3,기타,기타,기타
토손바,3,기타,기타,기타
방사청,3,기타,기타,기타
입술,3,기타,기타,기타
측도,3,기타,기타,기타
골격계,3,기타,기타,기타
파이다,3,기타,기타,기타
화인,3,기타,기타,기타
판출,3,기타,기타,기타
체조,3,기타,기타,기타
핀금,3,기타,기타,기타
제천,3,기타,기타,기타
예후,3,기타,기타,기타
내성발톱,3,공구·설비,일반공구,수공구/전동공구
주형,3,기타,기타,기타
손망,3,기타,기타,기타
불교,3,기타,기타,기타
참고,3,기타,기타,기타
메쉬,3,기타,기타,기타
메탄올,3,기타,기타,기타
일반도,3,기타,기타,기타
직결,3,기타,기타,기타
전도성,3,기타,기타,기타
중공,3,기타,기타,기타
스키드로,3,기타,기타,기타
트랜스,3,전력·전기전자,전자부품,센서/모듈
돈육,3,기타,기타,기타
소매,3,기타,기타,기타
청정기,3,기타,기타,기타
정기간행물,3,기타,기타,기타
대천,3,기타,기타,기타
직장,3,기타,기타,기타
누적,3,기타,기타,기타
마제,3,기타,기타,기타
드조,3,기타,기타,기타
전자렌지,3,기타,기타,기타
간편,3,기타,기타,기타
링잭등,3,기타,기타,기타
철골,3,기타,기타,기타
콤파스,3,기타,기타,기타
액티브,3,기타,기타,기타
철직,3,기타,기타,기타
추첨,3,기타,기타,기타
마이크로웨이브,3,기타,기타,기타
솔용,3,피복·생활·사무,청소/환경,청소/위생
방산수,3,기타,기타,기타
설문조사,3,기타,기타,기타
시닝,3,기타,기타,기타
로잉머신,3,기타,기타,기타
해상전투,3,기타,기타,기타
붙박다,3,기타,기타,기타
합계,3,기타,기타,기타
테크,3,기타,기타,기타
팩토리,3,기타,기타,기타
하키,3,기타,기타,기타
용승,3,기타,기타,기타
성주,3,기타,기타,기타
발연기,3,기타,기타,기타
청테이프,3,기타,기타,기타
포리,3,기타,기타,기타
네비게이션,3,기타,기타,기타
모터그레이더,3,기타,기타,기타
송유관,3,기타,기타,기타
기강,3,기타,기타,기타
피드백,3,기타,기타,기타
빠데,3,기타,기타,기타
초청,3,기타,기타,기타
패딩,3,기타,기타,기타
구급함,3,기타,기타,기타
포맷,3,기타,기타,기타
미역국,3,기타,기타,기타
고유,3,기타,기타,기타
지리,3,특수장비,측지/지리공간,GPS/측량
정밀검사,3,기타,기타,기타
상조,3,기타,기타,기타
듬햄,3,기타,기타,기타
병증,3,기타,기타,기타
가꾸다,3,기타,기타,기타
화약,3,기타,기타,기타
농수산,3,기타,기타,기타
미사일방어,3,기타,기타,기타
시장조사,3,기타,기타,기타
지프,3,기타,기타,기타
메시,3,기타,기타,기타
상판,3,기타,기타,기타
마사,3,기타,기타,기타
끈류,3,기타,기타,기타
방범,3,기타,기타,기타
가다랑어포,3,기타,기타,기타
전자서명,3,기타,기타,기타
전위차,3,급식·식품,가공/식자재,식자재
스터드형,3,기타,기타,기타
텔레스코픽,3,기타,기타,기타
이론,3,기타,기타,기타
군사전략,3,기타,기타,기타
할라피뇨,3,기타,기타,기타
점착,3,기타,기타,기타
이설,3,기타,기타,기타
과부,3,기타,기타,기타
도로표지,3,건설·시설,안전/현장,현장안전/표지
몽쉘,3,기타,기타,기타
망등,3,기타,기타,기타
해역,3,기타,기타,기타
손전등,3,기타,기타,기타
피막,3,기타,기타,기타
상세,3,기타,기타,기타
운영체계,3,기타,기타,기타
그물,3,기타,기타,기타
함교,3,기타,기타,기타
호른,3,기타,기타,기타
조깅,3,기타,기타,기타
목깃,3,기타,기타,기타
우주발사체,3,기타,기타,기타
준설,3,기타,기타,기타
재산,3,기타,기타,기타
타이밍,3,기타,기타,기타
계절,3,기타,기타,기타
산성,3,기타,기타,기타
통행,3,기타,기타,기타
성희롱,3,기타,기타,기타
예복,3,기타,기타,기타
그렇다,3,기타,기타,기타
브레이드,3,기타,기타,기타
양양,3,기타,기타,기타
계측기,3,기타,기타,기타
좌표,3,기타,기타,기타
횡성,3,기타,기타,기타
쇠용,3,기타,기타,기타
경봉,3,기타,기타,기타
챠드,3,기타,기타,기타
인조,3,기타,기타,기타
통과,3,기타,기타,기타
호각,3,기타,기타,기타
기발,3,기타,기타,기타
일심,3,기타,기타,기타
화학물,3,기타,기타,기타
습도계,3,기타,기타,기타
시스,3,기타,기타,기타
자유형,3,기타,기타,기타
피니언,3,기타,기타,기타
유자,3,기타,기타,기타
화이트햇,3,기타,기타,기타
열쇠,3,기타,기타,기타
도전,3,기타,기타,기타
킷용,3,기타,기타,기타
공학,3,기타,기타,기타
판막,3,기타,기타,기타
민관,3,기타,기타,기타
다락,3,기타,기타,기타
레스큐,3,기타,기타,기타
항공대,3,기타,기타,기타
중성자,3,기타,기타,기타
몰래카메라,3,IT·통신,CCTV/보안,영상감시
공원,3,기타,기타,기타
갈퀴,3,기타,기타,기타
브래이,3,기타,기타,기타
원표,3,기타,기타,기타
필승,3,기타,기타,기타
변천사,3,기타,기타,기타
부담,3,기타,기타,기타
구급,3,기타,기타,기타
별관,3,기타,기타,기타
판단,3,기타,기타,기타
파스,3,기타,기타,기타
부동산,3,기타,기타,기타
차갑다,3,기타,기타,기타
피아노,3,기타,기타,기타
흡착제,3,기타,기타,기타
덴티안,3,기타,기타,기타
스트라이커,3,기타,기타,기타
해장국,3,기타,기타,기타
단종,3,기타,기타,기타
강의실,3,기타,기타,기타
요청,3,기타,기타,기타
가중,3,기타,기타,기타
톱날,3,공구·설비,일반공구,수공구/전동공구
전투력,3,기타,기타,기타
키스,3,기타,기타,기타
전자우편,3,기타,기타,기타
레드,3,기타,기타,기타
포격전,3,기타,기타,기타
겨자,3,기타,기타,기타
혈장,3,기타,기타,기타
갈비탕,3,기타,기타,기타
매트릭스,3,기타,기타,기타
유동,3,기타,기타,기타
정외,3,기타,기타,기타
급속하다,3,기타,기타,기타
석재,3,건설·시설,자재/철물,자재/철물
광기,3,기타,기타,기타
포강,3,기타,기타,기타
노어,3,기타,기타,기타
비리,3,기타,기타,기타
원금,3,기타,기타,기타
선장,3,기타,기타,기타
웨어,3,기타,기타,기타
펜더,3,기타,기타,기타
사내,3,기타,기타,기타
결재,3,기타,기타,기타
친선,3,기타,기타,기타
부챗살,3,기타,기타,기타
수호,3,기타,기타,기타
명예,3,기타,기타,기타
갈비찜,3,기타,기타,기타
유입,3,기타,기타,기타
시저,3,기타,기타,기타
블랙,3,기타,기타,기타
수문,3,기타,기타,기타
녹취,3,기타,기타,기타
국방군,3,기타,기타,기타
용어사전,3,기타,기타,기타
승식,3,기타,기타,기타
비행대대,3,기타,기타,기타
주정,3,기타,기타,기타
진동기,3,기타,기타,기타
흉벽,3,기타,기타,기타
용인,3,기타,기타,기타
발전차,3,급식·식품,가공/식자재,식자재
롤라,3,기타,기타,기타
거대,3,기타,기타,기타
온장고,3,급식·식품,주방기기,주방/급식장비
플로,3,기타,기타,기타
현용,3,기타,기타,기타
납차폐,3,기타,기타,기타
회절,3,기타,기타,기타
다리미,3,기타,기타,기타
진검,3,기타,기타,기타
공유기,3,기타,기타,기타
유동식,3,기타,기타,기타
코니아,3,기타,기타,기타
지르다,3,기타,기타,기타
지락,3,기타,기타,기타
제초제,3,기타,기타,기타
일판,3,기타,기타,기타
홀드,3,기타,기타,기타
시안,3,기타,기타,기타
을지,3,기타,기타,기타
형외,3,기타,기타,기타
안압,3,기타,기타,기타
맹호,3,기타,기타,기타
포상,3,기타,기타,기타
유개,3,기타,기타,기타
토스트,3,기타,기타,기타
캐스팅,3,기타,기타,기타
부치다,3,기타,기타,기타
정성,3,기타,기타,기타
추정,3,기타,기타,기타
미역,3,기타,기타,기타
관광,3,기타,기타,기타
천장,3,기타,기타,기타
변기,3,기타,기타,기타
이중창,3,기타,기타,기타
해감,3,기타,기타,기타
채버켓,3,기타,기타,기타
침실,3,기타,기타,기타
정원,3,기타,기타,기타
전자광학,3,기타,기타,기타
미화,3,기타,기타,기타
금강,3,기타,기타,기타
봉건,3,기타,기타,기타
스텍커,3,기타,기타,기타
폐사,3,기타,기타,기타
고기만,3,기타,기타,기타
비상근,3,건설·시설,안전/현장,현장안전/표지
방초,3,기타,기타,기타
노면,3,기타,기타,기타
권해,3,기타,기타,기타
한민족,3,기타,기타,기타
미만,3,기타,기타,기타
리프,3,기타,기타,기타
오피,3,기타,기타,기타
세비,3,기타,기타,기타
운동장,3,기타,기타,기타
헬기장,3,기타,기타,기타
레커,3,기타,기타,기타
발란,3,기타,기타,기타
오목,3,기타,기타,기타
스탄,3,기타,기타,기타
쿨링,3,기타,기타,기타
그릴,3,급식·식품,주방기기,주방/급식장비
바이오,3,기타,기타,기타
공법,3,기타,기타,기타
합동성,3,기타,기타,기타
안양,3,기타,기타,기타
거동,3,기타,기타,기타
발연통,3,기타,기타,기타
결제,3,기타,기타,기타
기함,3,기타,기타,기타
대리석,3,기타,기타,기타
카페트,3,기타,기타,기타
양장,3,기타,기타,기타
사철,3,기타,기타,기타
게임,3,기타,기타,기타
이원화,3,기타,기타,기타
비술,3,기타,기타,기타
영구자석,3,기타,기타,기타
스크램블,3,IT·통신,PC/주변기기,PC/노트북
서랍,3,기타,기타,기타
셀등,3,기타,기타,기타
전정기,3,기타,기타,기타
주재,3,기타,기타,기타
접목,3,기타,기타,기타
오존,3,기타,기타,기타
선진국,3,기타,기타,기타
슈용,3,기타,기타,기타
링키,3,기타,기타,기타
목제,3,기타,기타,기타
칼집,3,급식·식품,주방기기,주방/급식장비
키넷,3,기타,기타,기타
화화상,3,기타,기타,기타
미송,3,기타,기타,기타
타카,3,기타,기타,기타
사비,3,기타,기타,기타
전후,3,기타,기타,기타
슬립링,3,기타,기타,기타
스위칭,3,기타,기타,기타
마운틴,3,기타,기타,기타
활성화,3,기타,기타,기타
스팸형햄,3,기타,기타,기타
수화물,3,기타,기타,기타
팝업,3,기타,기타,기타
플래그,3,기타,기타,기타
셈블리,3,기타,기타,기타
오뚜기,3,기타,기타,기타
군시설,3,기타,기타,기타
연선,3,기타,기타,기타
라이트닝,3,기타,기타,기타
세계,3,기타,기타,기타
목록,3,기타,기타,기타
관제탑,3,IT·통신,CCTV/보안,영상감시
비수,3,기타,기타,기타
침수,3,기타,기타,기타
마스코트,3,기타,기타,기타
광역,3,기타,기타,기타
인서트팁,3,기타,기타,기타
면회,3,기타,기타,기타
좌욕기,3,기타,기타,기타
산지,3,기타,기타,기타
수색,3,기타,기타,기타
하중,3,기타,기타,기타
아산화질소,3,화학·소재,가스/특수가스,산업가스
추나,3,기타,기타,기타
저장장치,3,기타,기타,기타
발견,3,기타,기타,기타
연돌,3,기타,기타,기타
상관,3,기타,기타,기타
그리드,3,기타,기타,기타
봉함,3,기타,기타,기타
신호등,3,전력·전기전자,전자부품,센서/모듈
수은,3,기타,기타,기타
정합,3,기타,기타,기타
소독제,3,의료·의약·위생,방역/위생,방역/소독
영인본,3,기타,기타,기타
잡초,3,기타,기타,기타
폐품,3,기타,기타,기타
진천,3,기타,기타,기타
카운터,3,기타,기타,기타
훈련기,3,기타,기타,기타
향용,3,기타,기타,기타
슈우,3,기타,기타,기타
잡낭,3,기타,기타,기타
일본,3,기타,기타,기타
부라,2,기타,기타,기타
콘넥터용,2,건설·시설,안전/현장,현장안전/표지
가소,2,기타,기타,기타
종이가방,2,기타,기타,기타
펌퍼,2,기타,기타,기타
갈고,2,기타,기타,기타
이착,2,기타,기타,기타
면검,2,기타,기타,기타
대피,2,기타,기타,기타
크루통,2,기타,기타,기타
보링기,2,기타,기타,기타
로직,2,기타,기타,기타
불량품,2,기타,기타,기타
주부,2,기타,기타,기타
신재생에너지,2,기타,기타,기타
남양주시,2,기타,기타,기타
초동,2,기타,기타,기타
통통,2,기타,기타,기타
재밍,2,기타,기타,기타
비요뜨,2,기타,기타,기타
깎다,2,기타,기타,기타
합성수,2,기타,기타,기타
통및,2,기타,기타,기타
피폭,2,기타,기타,기타
몽키,2,기타,기타,기타
보드마카,2,기타,기타,기타
월경,2,기타,기타,기타
음성합성,2,기타,기타,기타
마킹건,2,기타,기타,기타
운송계약,2,기타,기타,기타
크드,2,기타,기타,기타
청렴,2,기타,기타,기타
설특식,2,기타,기타,기타
축방,2,기타,기타,기타
정평,2,기타,기타,기타
콜킨,2,기타,기타,기타
버젼,2,기타,기타,기타
종결,2,기타,기타,기타
매드,2,기타,기타,기타
세기,2,기타,기타,기타
항공통제기,2,기타,기타,기타
군환,2,기타,기타,기타
빈스,2,기타,기타,기타
곤충,2,기타,기타,기타
도르래,2,기타,기타,기타
풀다,2,기타,기타,기타
방첩,2,기타,기타,기타
데빗트,2,기타,기타,기타
출동,2,기타,기타,기타
안전발판,2,기타,기타,기타
통밀,2,기타,기타,기타
포교,2,기타,기타,기타
도토리묵,2,기타,기타,기타
매개,2,기타,기타,기타
모찌,2,기타,기타,기타
전자기,2,기타,기타,기타
잡다,2,기타,기타,기타
상무,2,기타,기타,기타
바니시,2,기타,기타,기타
와이드,2,기타,기타,기타
외래,2,기타,기타,기타
아프리카,2,기타,기타,기타
가늠쇠,2,기타,기타,기타
링용,2,기타,기타,기타
금지,2,기타,기타,기타
강주,2,기타,기타,기타
밀링기,2,기타,기타,기타
그래프,2,기타,기타,기타
항공관제탑,2,IT·통신,CCTV/보안,영상감시
원반,2,기타,기타,기타
큐션,2,기타,기타,기타
진교,2,기타,기타,기타
담관,2,기타,기타,기타
열전달,2,기타,기타,기타
플라이트,2,기타,기타,기타
경도시험,2,기타,기타,기타
협약,2,기타,기타,기타
군비,2,기타,기타,기타
이착륙,2,기타,기타,기타
조수,2,기타,기타,기타
살수,2,기타,기타,기타
화구,2,기타,기타,기타
지체상금,2,기타,기타,기타
직교,2,기타,기타,기타
철기,2,기타,기타,기타
국위,2,기타,기타,기타
이닝,2,기타,기타,기타
기화,2,기타,기타,기타
응답,2,기타,기타,기타
성부,2,기타,기타,기타
밀크,2,기타,기타,기타
개년,2,기타,기타,기타
폐쇄식,2,기타,기타,기타
선양,2,기타,기타,기타
기획전,2,기타,기타,기타
잔반,2,기타,기타,기타
활약,2,기타,기타,기타
셔틀,2,기타,기타,기타
더스트용,2,기타,기타,기타
대학원,2,기타,기타,기타
마그네시아,2,기타,기타,기타
튜우브,2,기타,기타,기타
협상,2,기타,기타,기타
방차통,2,기타,기타,기타
비보,2,기타,기타,기타
기상관측소,2,기타,기타,기타
만료,2,기타,기타,기타
형벌,2,기타,기타,기타
하의,2,기타,기타,기타
비홈,2,기타,기타,기타
송년,2,기타,기타,기타
휘슬,2,기타,기타,기타
샤등,2,기타,기타,기타
내곡동,2,기타,기타,기타
트리,2,기타,기타,기타
수정체,2,기타,기타,기타
산동,2,기타,기타,기타
절경,2,기타,기타,기타
스팸형,2,기타,기타,기타
차수,2,기타,기타,기타
라미,2,기타,기타,기타
염하,2,기타,기타,기타
견시용,2,기타,기타,기타
드정,2,기타,기타,기타
비리다,2,기타,기타,기타
신안,2,기타,기타,기타
로딩,2,기타,기타,기타
걸음,2,기타,기타,기타
설인수,2,기타,기타,기타
액츄에이터,2,기타,기타,기타
호리,2,기타,기타,기타
해상도,2,기타,기타,기타
국기봉,2,기타,기타,기타
로어,2,기타,기타,기타
화학분석,2,기타,기타,기타
화환,2,기타,기타,기타
승용창,2,기타,기타,기타
라다,2,기타,기타,기타
퇴역,2,기타,기타,기타
데이터베이스,2,기타,기타,기타
클라리넷,2,기타,기타,기타
무반,2,기타,기타,기타
물포,2,기타,기타,기타
장진,2,기타,기타,기타
중장,2,기타,기타,기타
산소마스크,2,의료·의약·위생,의료소모/장비,의료장비/키트
토러스,2,기타,기타,기타
키링,2,기타,기타,기타
리테,2,기타,기타,기타
금화,2,기타,기타,기타
치인,2,기타,기타,기타
페인,2,기타,기타,기타
스콘,2,건설·시설,안전/현장,현장안전/표지
뇌파,2,기타,기타,기타
가스레인지,2,화학·소재,가스/특수가스,산업가스
식도,2,기타,기타,기타
영역,2,기타,기타,기타
마들렌,2,기타,기타,기타
익다,2,기타,기타,기타
예성,2,기타,기타,기타
부산물,2,기타,기타,기타
젭슨,2,기타,기타,기타
닉켈,2,기타,기타,기타
라떼,2,기타,기타,기타
라만,2,기타,기타,기타
염화,2,기타,기타,기타
장제,2,기타,기타,기타
파라솔,2,피복·생활·사무,청소/환경,청소/위생
영관,2,기타,기타,기타
능용,2,기타,기타,기타
차트,2,기타,기타,기타
유적지,2,기타,기타,기타
밀리터리,2,기타,기타,기타
활구,2,기타,기타,기타
익스플로러,2,기타,기타,기타
추세,2,기타,기타,기타
곹터,2,기타,기타,기타
추종,2,기타,기타,기타
엽총,2,기타,기타,기타
션용등,2,기타,기타,기타
항원,2,기타,기타,기타
최초,2,기타,기타,기타
냉강,2,기타,기타,기타
의무사령부,2,의료·의약·위생,의료소모/장비,의료장비/키트
가늠,2,기타,기타,기타
하위,2,기타,기타,기타
삼차원,2,기타,기타,기타
착색제,2,기타,기타,기타
순두부찌개,2,기타,기타,기타
연수,2,기타,기타,기타
에틸알코올,2,기타,기타,기타
하이파,2,기타,기타,기타
우거지,2,기타,기타,기타
부싱형,2,기타,기타,기타
차입,2,기타,기타,기타
제어판,2,기타,기타,기타
수당,2,기타,기타,기타
부이샤클,2,기타,기타,기타
편람,2,기타,기타,기타
소생,2,기타,기타,기타
배맛,2,기타,기타,기타
철침추,2,기타,기타,기타
스테,2,기타,기타,기타
수사법,2,기타,기타,기타
피항,2,기타,기타,기타
환관,2,기타,기타,기타
알밥,2,기타,기타,기타
복부,2,기타,기타,기타
투영,2,기타,기타,기타
차표,2,기타,기타,기타
나루,2,기타,기타,기타
토마,2,기타,기타,기타
결심,2,기타,기타,기타
열분해,2,기타,기타,기타
일대,2,기타,기타,기타
집행,2,기타,기타,기타
용상,2,기타,기타,기타
헤파린캡,2,기타,기타,기타
유합,2,기타,기타,기타
바이올린,2,기타,기타,기타
원선,2,기타,기타,기타
마칭,2,기타,기타,기타
총상,2,기타,기타,기타
라이프,2,기타,기타,기타
분산,2,기타,기타,기타
상수,2,기타,기타,기타
측심봉,2,기타,기타,기타
스크레이퍼,2,기타,기타,기타
형세,2,기타,기타,기타
연근조림,2,기타,기타,기타
뉴론틴,2,기타,기타,기타
퇴식,2,기타,기타,기타
동맥,2,기타,기타,기타
켓등,2,기타,기타,기타
압착기,2,기타,기타,기타
부대역,2,기타,기타,기타
교통안전표지,2,건설·시설,안전/현장,현장안전/표지
망연,2,기타,기타,기타
케미칼,2,급식·식품,주방기기,주방/급식장비
칼륨,2,급식·식품,주방기기,주방/급식장비
후류벽,2,기타,기타,기타
송풍,2,기타,기타,기타
및패킹류,2,기타,기타,기타
오일분,2,차량·기동,차량/정비,차량부품/소모품
양안,2,기타,기타,기타
데미,2,기타,기타,기타
감염병,2,기타,기타,기타
소집,2,기타,기타,기타
국빈,2,기타,기타,기타
장개,2,기타,기타,기타
러블,2,기타,기타,기타
부존재,2,기타,기타,기타
관계자,2,기타,기타,기타
전차대,2,기타,기타,기타
졸업,2,기타,기타,기타
편지지,2,기타,기타,기타
기절,2,기타,기타,기타
쇄빙,2,기타,기타,기타
월간지,2,기타,기타,기타
콘넥터,2,건설·시설,안전/현장,현장안전/표지
버스킹,2,차량·기동,차량/정비,차량부품/소모품
그라프,2,기타,기타,기타
혈전,2,기타,기타,기타
국방홍보원,2,기타,기타,기타
곱다,2,기타,기타,기타
배유,2,기타,기타,기타
남지,2,기타,기타,기타
가우,2,기타,기타,기타
단층,2,기타,기타,기타
에탄올,2,기타,기타,기타
홋줄,2,기타,기타,기타
베닌,2,기타,기타,기타
로터리,2,기타,기타,기타
다가,2,기타,기타,기타
소멸,2,기타,기타,기타
콘텍,2,건설·시설,안전/현장,현장안전/표지
섹터,2,기타,기타,기타
폭염,2,기타,기타,기타
종용,2,기타,기타,기타
쌈지,2,기타,기타,기타
부쉬,2,기타,기타,기타
진중,2,기타,기타,기타
터러,2,기타,기타,기타
에이프런,2,기타,기타,기타
참선,2,기타,기타,기타
술병,2,기타,기타,기타
방호판,2,기타,기타,기타
어채,2,기타,기타,기타
미크,2,기타,기타,기타
비소,2,기타,기타,기타
전투함,2,기타,기타,기타
피로시험,2,기타,기타,기타
보오,2,기타,기타,기타
버프,2,기타,기타,기타
샘플링,2,기타,기타,기타
감색,2,기타,기타,기타
수색대,2,기타,기타,기타
접경,2,기타,기타,기타
계량,2,기타,기타,기타
계란말이,2,기타,기타,기타
때리다,2,기타,기타,기타
복좌,2,기타,기타,기타
서열,2,기타,기타,기타
배럴,2,기타,기타,기타
직용,2,기타,기타,기타
직생,2,기타,기타,기타
대우조선,2,기타,기타,기타
시험지,2,기타,기타,기타
호위함,2,기타,기타,기타
정보기술,2,기타,기타,기타
성장,2,기타,기타,기타
참여자,2,기타,기타,기타
부동,2,기타,기타,기타
광재,2,기타,기타,기타
동요,2,기타,기타,기타
감전,2,기타,기타,기타
강된장,2,기타,기타,기타
비행전대,2,기타,기타,기타
성우,2,기타,기타,기타
혈소판,2,기타,기타,기타
매기,2,기타,기타,기타
역학,2,기타,기타,기타
장산,2,기타,기타,기타
막대과자,2,기타,기타,기타
지휘봉,2,기타,기타,기타
천리안,2,기타,기타,기타
상비군,2,기타,기타,기타
달성,2,기타,기타,기타
론판등,2,기타,기타,기타
기관지,2,기타,기타,기타
업데이트,2,기타,기타,기타
엑스선,2,기타,기타,기타
난청,2,기타,기타,기타
팔굽혀펴기,2,기타,기타,기타
구상,2,기타,기타,기타
도포,2,기타,기타,기타
날등,2,기타,기타,기타
유방,2,기타,기타,기타
노화,2,기타,기타,기타
현관,2,기타,기타,기타
퍼징,2,기타,기타,기타
등반,2,기타,기타,기타
가리다,2,기타,기타,기타
유압램등,2,IT·통신,PC/주변기기,PC/노트북
배지,2,기타,기타,기타
여행사,2,기타,기타,기타
나서다,2,기타,기타,기타
대퇴,2,기타,기타,기타
넉가래,2,기타,기타,기타
무선랜,2,IT·통신,무선/통신장비,무전기/위성
단청,2,기타,기타,기타
듬북,2,기타,기타,기타
악보,2,기타,기타,기타
경도,2,기타,기타,기타
심발타,2,기타,기타,기타
샌드블,2,기타,기타,기타
후부,2,기타,기타,기타
쇼트,2,기타,기타,기타
항공전자,2,기타,기타,기타
보드게임,2,기타,기타,기타
키등,2,기타,기타,기타
샷시,2,기타,기타,기타
셀프,2,기타,기타,기타
인젝션,2,기타,기타,기타
간병인,2,기타,기타,기타
반도,2,기타,기타,기타
수건,2,기타,기타,기타
장차,2,급식·식품,가공/식자재,식자재
용볼,2,기타,기타,기타
이종,2,기타,기타,기타
프로토콜,2,기타,기타,기타
연동장치,2,기타,기타,기타
레바논,2,기타,기타,기타
유엔기,2,기타,기타,기타
수술실,2,기타,기타,기타
티탄,2,기타,기타,기타
군사작전,2,기타,기타,기타
청운,2,기타,기타,기타
개복,2,기타,기타,기타
인헌,2,기타,기타,기타
어패류,2,기타,기타,기타
여주,2,기타,기타,기타
션팁,2,기타,기타,기타
구이,2,기타,기타,기타
무한궤도,2,기타,기타,기타
재무관,2,기타,기타,기타
용창등,2,기타,기타,기타
응급환자,2,의료·의약·위생,의료소모/장비,의료장비/키트
무후,2,기타,기타,기타
탄저균,2,기타,기타,기타
재활,2,기타,기타,기타
맨드릴,2,공구·설비,일반공구,수공구/전동공구
관장,2,기타,기타,기타
교제,2,기타,기타,기타
시연,2,기타,기타,기타
추모,2,기타,기타,기타
제본,2,기타,기타,기타
벨기에,2,기타,기타,기타
강진,2,기타,기타,기타
회전익기,2,기타,기타,기타
펙킹등,2,기타,기타,기타
온실가스,2,화학·소재,가스/특수가스,산업가스
중립,2,기타,기타,기타
전축,2,기타,기타,기타
비회,2,기타,기타,기타
엘이디,2,기타,기타,기타
필경,2,기타,기타,기타
받치다,2,기타,기타,기타
비대,2,기타,기타,기타
동륜,2,기타,기타,기타
소대,2,기타,기타,기타
매직,2,기타,기타,기타
에셈블리,2,기타,기타,기타
프론트,2,기타,기타,기타
티외,2,기타,기타,기타
체스,2,기타,기타,기타
토정,2,기타,기타,기타
졸레,2,기타,기타,기타
포탈,2,기타,기타,기타
중하,2,기타,기타,기타
법과학,2,기타,기타,기타
기재부,2,기타,기타,기타
윤전기,2,기타,기타,기타
알류미늄,2,기타,기타,기타
성창,2,기타,기타,기타
볼링장,2,기타,기타,기타
디아,2,기타,기타,기타
군사기지,2,기타,기타,기타
무식,2,기타,기타,기타
전구,2,기타,기타,기타
반등,2,기타,기타,기타
체지방,2,기타,기타,기타
연무관,2,기타,기타,기타
김영관,2,기타,기타,기타
장방형,2,기타,기타,기타
볶음밥,2,기타,기타,기타
분자량,2,기타,기타,기타
기피,2,기타,기타,기타
드럽다,2,기타,기타,기타
지도사,2,특수장비,측지/지리공간,GPS/측량
섬류,2,기타,기타,기타
폐휠타류,2,기타,기타,기타
종이컵,2,기타,기타,기타
레오,2,기타,기타,기타
지통,2,기타,기타,기타
트레이싱,2,기타,기타,기타
평화,2,기타,기타,기타
전기회로,2,기타,기타,기타
방습,2,기타,기타,기타
군소,2,기타,기타,기타
투표,2,기타,기타,기타
신원,2,기타,기타,기타
배전,2,기타,기타,기타
내다,2,기타,기타,기타
다관,2,기타,기타,기타
전자기스펙트럼,2,기타,기타,기타
드림,2,기타,기타,기타
훨로워,2,기타,기타,기타
판재,2,기타,기타,기타
베이비,2,기타,기타,기타
볼륨,2,기타,기타,기타
저작권,2,기타,기타,기타
자기장,2,기타,기타,기타
사운드,2,기타,기타,기타
포털시스템,2,기타,기타,기타
기물,2,기타,기타,기타
잇다,2,기타,기타,기타
왼쪽,2,기타,기타,기타
덱스,2,기타,기타,기타
스푼,2,기타,기타,기타
백상어,2,기타,기타,기타
과확,2,기타,기타,기타
불도저,2,기타,기타,기타
물성,2,기타,기타,기타
스탭,2,기타,기타,기타
수사물,2,기타,기타,기타
에버,2,기타,기타,기타
아키텍쳐,2,기타,기타,기타
유압휴즈,2,기타,기타,기타
자가진단,2,기타,기타,기타
스툴,2,기타,기타,기타
스트레처,2,기타,기타,기타
키퍼,2,기타,기타,기타
스트립,2,기타,기타,기타
살균제,2,의료·의약·위생,방역/위생,방역/소독
다족,2,기타,기타,기타
윈치용,2,기타,기타,기타
가족,2,기타,기타,기타
에이지,2,기타,기타,기타
원자,2,기타,기타,기타
어플,2,기타,기타,기타
눈물,2,기타,기타,기타
흡광,2,기타,기타,기타
매콤,2,기타,기타,기타
광도,2,기타,기타,기타
가용성,2,기타,기타,기타
상형,2,기타,기타,기타
아버,2,기타,기타,기타
보건관리,2,기타,기타,기타
사인,2,기타,기타,기타
훈령,2,기타,기타,기타
따먹다,2,기타,기타,기타
학부,2,기타,기타,기타
스피링용,2,기타,기타,기타
감축,2,기타,기타,기타
클래쉬,2,기타,기타,기타
차돌,2,기타,기타,기타
된장찌개,2,기타,기타,기타
판자,2,기타,기타,기타
송관,2,기타,기타,기타
유토핑,2,기타,기타,기타
스크램블에그,2,IT·통신,PC/주변기기,PC/노트북
명의,2,기타,기타,기타
경첩,2,기타,기타,기타
복합재,2,기타,기타,기타
총장,2,기타,기타,기타
패러슈트,2,기타,기타,기타
절감,2,기타,기타,기타
고경,2,기타,기타,기타
볼엔드밀,2,기타,기타,기타
대연,2,기타,기타,기타
성식,2,기타,기타,기타
스텐평와샤,2,기타,기타,기타
렛트,2,기타,기타,기타
꽃빵,2,급식·식품,가공/식자재,식자재
등장,2,기타,기타,기타
커브,2,기타,기타,기타
엘지,2,기타,기타,기타
레터,2,기타,기타,기타
방정식,2,기타,기타,기타
한여름,2,기타,기타,기타
본교,2,기타,기타,기타
의견,2,기타,기타,기타
수렴,2,기타,기타,기타
바다로,2,기타,기타,기타
지질,2,기타,기타,기타
알코올,2,기타,기타,기타
임베디드,2,기타,기타,기타
음보,2,기타,기타,기타
오염수,2,기타,기타,기타
미동,2,기타,기타,기타
호송,2,기타,기타,기타
전해,2,기타,기타,기타
적하,2,기타,기타,기타
잉글리시,2,기타,기타,기타
양력,2,기타,기타,기타
치프,2,기타,기타,기타
조종석,2,기타,기타,기타
자동변속기,2,기타,기타,기타
온라인교육,2,기타,기타,기타
알고리즘,2,기타,기타,기타
절삭용,2,기타,기타,기타
휴가,2,기타,기타,기타
라텍스,2,기타,기타,기타
탄력성,2,기타,기타,기타
안장,2,기타,기타,기타
봉환,2,기타,기타,기타
쏘우,2,기타,기타,기타
리피터,2,기타,기타,기타
실사,2,기타,기타,기타
산성비,2,기타,기타,기타
무안,2,기타,기타,기타
진압봉,2,기타,기타,기타
전기자동차,2,급식·식품,가공/식자재,식자재
엑스트라,2,기타,기타,기타
과거,2,기타,기타,기타
엔드,2,기타,기타,기타
알류미늄판등,2,기타,기타,기타
기린,2,기타,기타,기타
다지,2,기타,기타,기타
내비게이션,2,기타,기타,기타
스폿,2,기타,기타,기타
미그,2,기타,기타,기타
감자탕,2,기타,기타,기타
비커스,2,기타,기타,기타
가스연료,2,차량·기동,연료/윤활,연료/윤활유
스커트,2,기타,기타,기타
그래픽,2,IT·통신,PC/주변기기,PC/노트북
스프린트,2,기타,기타,기타
공대,2,기타,기타,기타
전동차,2,급식·식품,가공/식자재,식자재
시업,2,기타,기타,기타
무대조명,2,전력·전기전자,조명/전선,LED/전선
단지,2,기타,기타,기타
쌍방,2,기타,기타,기타
물만두,2,기타,기타,기타
소스코드,2,기타,기타,기타
여자,2,기타,기타,기타
광속,2,기타,기타,기타
심화,2,기타,기타,기타
배정,2,기타,기타,기타
브릿지,2,기타,기타,기타
고지용,2,기타,기타,기타
산화질소,2,화학·소재,가스/특수가스,산업가스
스무,2,기타,기타,기타
뇌관,2,기타,기타,기타
발주,2,기타,기타,기타
진제,2,기타,기타,기타
지상화,2,기타,기타,기타
등외,2,기타,기타,기타
객석,2,기타,기타,기타
상견,2,기타,기타,기타
통치,2,기타,기타,기타
식검,2,기타,기타,기타
중화,2,기타,기타,기타
형상관리,2,기타,기타,기타
인터폰,2,기타,기타,기타
반영,2,기타,기타,기타
우세,2,기타,기타,기타
벤트,2,기타,기타,기타
하라,2,기타,기타,기타
질량,2,기타,기타,기타
직위,2,기타,기타,기타
비룡,2,기타,기타,기타
율동,2,기타,기타,기타
튜빙,2,기타,기타,기타
군복무,2,기타,기타,기타
가속도,2,기타,기타,기타
체커,2,기타,기타,기타
상회,2,기타,기타,기타
차폐개스킷,2,기타,기타,기타
웹캠,2,기타,기타,기타
종이테이프,2,기타,기타,기타
매식,2,기타,기타,기타
글락,2,기타,기타,기타
열풍,2,기타,기타,기타
영상의학,2,기타,기타,기타
에듀,2,기타,기타,기타
용산,2,기타,기타,기타
고충,2,기타,기타,기타
비단,2,기타,기타,기타
피치,2,기타,기타,기타
자젝,2,기타,기타,기타
과월호,2,기타,기타,기타
사모,2,기타,기타,기타
버킷,2,기타,기타,기타
채혈,2,의료·의약·위생,의료소모/장비,의료장비/키트
지선,2,기타,기타,기타
커플,2,기타,기타,기타
상도,2,기타,기타,기타
폭시,2,기타,기타,기타
입력장치,2,기타,기타,기타
마우스피스,2,IT·통신,PC/주변기기,PC/노트북
트렘펫,2,기타,기타,기타
스왑,2,기타,기타,기타
생산자,2,기타,기타,기타
벽지,2,기타,기타,기타
폭합,2,기타,기타,기타
군범죄,2,기타,기타,기타
바구니,2,기타,기타,기타
드용,2,기타,기타,기타
가스렌지,2,화학·소재,가스/특수가스,산업가스
과속방지턱,2,기타,기타,기타
도가니,2,기타,기타,기타
프레셔스,2,기타,기타,기타
커팅,2,기타,기타,기타
레코,2,기타,기타,기타
파트,2,기타,기타,기타
아이젠,2,기타,기타,기타
시리다,2,기타,기타,기타
육개장,2,기타,기타,기타
경정,2,기타,기타,기타
템용외,2,기타,기타,기타
좌판,2,기타,기타,기타
용알,2,기타,기타,기타
밀리토,2,기타,기타,기타
쟉키,2,기타,기타,기타
형태,2,기타,기타,기타
석사,2,기타,기타,기타
누유,2,기타,기타,기타
지유,2,기타,기타,기타
발코니,2,기타,기타,기타
도급,2,기타,기타,기타
해도,2,기타,기타,기타
모체,2,기타,기타,기타
박람회,2,기타,기타,기타
추계,2,기타,기타,기타
전자충격기,2,기타,기타,기타
콘덕터,2,건설·시설,안전/현장,현장안전/표지
턱끈,2,기타,기타,기타
착탈,2,기타,기타,기타
청룡부대,2,기타,기타,기타
병행,2,기타,기타,기타
프렌치,2,공구·설비,일반공구,수공구/전동공구
러그,2,기타,기타,기타
후레임,2,기타,기타,기타
아세트아미노펜,2,기타,기타,기타
베루말액,2,기타,기타,기타
식스,2,기타,기타,기타
키백,2,기타,기타,기타
직급,2,기타,기타,기타
돌겹,2,기타,기타,기타
튜빙등,2,기타,기타,기타
일리,2,기타,기타,기타
징용,2,기타,기타,기타
적절,2,기타,기타,기타
치대다,2,기타,기타,기타
마운,2,기타,기타,기타
크러셔,2,기타,기타,기타
유소,2,기타,기타,기타
항원충제,2,기타,기타,기타
번개,2,기타,기타,기타
막다,2,기타,기타,기타
에스,2,기타,기타,기타
공산물,2,기타,기타,기타
대별,2,기타,기타,기타
참모,2,기타,기타,기타
체련단련장,2,기타,기타,기타
안산,2,기타,기타,기타
큐비,2,기타,기타,기타
스퀴,2,기타,기타,기타
미러리스,2,기타,기타,기타
골든,2,기타,기타,기타
어린이,2,기타,기타,기타
머니클립,2,기타,기타,기타
엔드형,2,기타,기타,기타
토용,2,기타,기타,기타
사업자,2,기타,기타,기타
검출기,2,공구·설비,측정/시험,계측기
컷터날,2,기타,기타,기타
수회,2,기타,기타,기타
경계표,2,기타,기타,기타
스트레스,2,기타,기타,기타
선율,2,기타,기타,기타
신분,2,기타,기타,기타
개전,2,기타,기타,기타
일자리,2,기타,기타,기타
전정톱,2,공구·설비,일반공구,수공구/전동공구
생사,2,기타,기타,기타
구체화,2,기타,기타,기타
상제,2,기타,기타,기타
증강현실,2,기타,기타,기타
가상현실,2,기타,기타,기타
단발,2,기타,기타,기타
부근,2,기타,기타,기타
퇴조,2,기타,기타,기타
코란도,2,기타,기타,기타
백두산,2,기타,기타,기타
앞창,2,기타,기타,기타
흉상,2,기타,기타,기타
영평,2,기타,기타,기타
선발,2,기타,기타,기타
캬브,2,기타,기타,기타
구조사,2,공구·설비,안전/소방,소방/안전장비
화병,2,기타,기타,기타
복지관,2,기타,기타,기타
인성,2,기타,기타,기타
원목,2,기타,기타,기타
주간,2,기타,기타,기타
긴요,2,기타,기타,기타
붙이다,2,기타,기타,기타
선통,2,기타,기타,기타
상근,2,기타,기타,기타
수록,2,기타,기타,기타
파상,2,기타,기타,기타
부합,2,기타,기타,기타
째다,2,기타,기타,기타
임의,2,기타,기타,기타
개인화,2,기타,기타,기타
환수,2,기타,기타,기타
예천,2,기타,기타,기타
즉석,2,기타,기타,기타
망사,2,기타,기타,기타
젠더,2,기타,기타,기타
암페어,2,기타,기타,기타
호설,2,기타,기타,기타
연가,2,기타,기타,기타
비고,2,기타,기타,기타
씨잘,2,기타,기타,기타
연례,2,기타,기타,기타
증평,2,기타,기타,기타
피해자,2,기타,기타,기타
포스터,2,기타,기타,기타
롱노,2,기타,기타,기타
단부,2,기타,기타,기타
션용,2,기타,기타,기타
하체,2,기타,기타,기타
근력,2,기타,기타,기타
웜축,2,기타,기타,기타
렘주,2,기타,기타,기타
도타,2,기타,기타,기타
방문,2,기타,기타,기타
충병,2,기타,기타,기타
대표,2,기타,기타,기타
도너츠,2,기타,기타,기타
베즐,2,기타,기타,기타
크랴샤,2,기타,기타,기타
제복,2,기타,기타,기타
제소,2,기타,기타,기타
가습기,2,피복·생활·사무,청소/환경,청소/위생
재현,2,기타,기타,기타
초음속,2,기타,기타,기타
연봉,2,기타,기타,기타
환기,2,건설·시설,장비/장치,공조/전열/펌프
토우,2,기타,기타,기타
청파,2,기타,기타,기타
바이트,2,기타,기타,기타
탄도미사일,2,기타,기타,기타
동북아,2,기타,기타,기타
적송,2,기타,기타,기타
쌍화탕,2,기타,기타,기타
안정화,2,기타,기타,기타
카인,2,기타,기타,기타
우드,2,기타,기타,기타
쌀맛후,2,급식·식품,가공/식자재,식자재
베터리,2,기타,기타,기타
바세린,2,기타,기타,기타
유아,2,기타,기타,기타
숫돌,2,기타,기타,기타
성숙,2,기타,기타,기타
버셜,2,기타,기타,기타
축및,2,기타,기타,기타
폐막,2,기타,기타,기타
머타,2,기타,기타,기타
동축케이블,2,IT·통신,PC/주변기기,PC/노트북
교리,2,기타,기타,기타
계속,2,기타,기타,기타
뉴스,2,기타,기타,기타
육해공군,2,기타,기타,기타
탄로,2,기타,기타,기타
북방,2,기타,기타,기타
총특,2,기타,기타,기타
파일럿,2,피복·생활·사무,사무/문서,문구/사무기기
휴지,2,기타,기타,기타
차폐개스킷등,2,기타,기타,기타
오보에,2,기타,기타,기타
무균채,2,기타,기타,기타
발브,2,기타,기타,기타
향방용,2,기타,기타,기타
경성,2,기타,기타,기타
지층,2,기타,기타,기타
쉬트,2,기타,기타,기타
소셜,2,기타,기타,기타
서체,2,기타,기타,기타
파리,2,기타,기타,기타
팔렛트,2,기타,기타,기타
건반,2,기타,기타,기타
승합,2,기타,기타,기타
포스트,2,기타,기타,기타
뇌우,2,기타,기타,기타
소통,2,기타,기타,기타
초용,2,기타,기타,기타
매틱,2,기타,기타,기타
시정,2,기타,기타,기타
상처리,2,기타,기타,기타
악대,2,기타,기타,기타
군사법원,2,기타,기타,기타
인트,2,기타,기타,기타
색소폰,2,기타,기타,기타
뺏다,2,기타,기타,기타
사항,2,기타,기타,기타
큐레이터,2,기타,기타,기타
향로봉,2,기타,기타,기타
트렉타,2,기타,기타,기타
지수,2,기타,기타,기타
납땜인두,2,기타,기타,기타
진남관,2,기타,기타,기타
로거,2,기타,기타,기타
캐스트,2,기타,기타,기타
과학고,2,기타,기타,기타
마비,2,기타,기타,기타
자고,2,기타,기타,기타
듀악겔,2,기타,기타,기타
모듬견,2,기타,기타,기타
스텐관,2,기타,기타,기타
덩이,2,기타,기타,기타
와류,2,기타,기타,기타
선단,2,기타,기타,기타
치구,2,기타,기타,기타
분별,2,기타,기타,기타
잡지,2,기타,기타,기타
승리,2,기타,기타,기타
인플루엔자,2,기타,기타,기타
혈청,2,기타,기타,기타
초코쿠키,2,기타,기타,기타
법률자문,2,기타,기타,기타
문안,2,기타,기타,기타
양배추,2,기타,기타,기타
위대,2,기타,기타,기타
화물선,2,기타,기타,기타
보통,2,기타,기타,기타
샤시,2,기타,기타,기타
펀드,2,기타,기타,기타
깃털,2,기타,기타,기타
원격조작,2,기타,기타,기타
태핏,2,기타,기타,기타
뇌간,2,기타,기타,기타
베트남전쟁,2,기타,기타,기타
유발,2,기타,기타,기타
다링페,2,기타,기타,기타
미트,2,기타,기타,기타
하율,2,기타,기타,기타
듀얼,2,기타,기타,기타
기록관,2,기타,기타,기타
해드셋,2,기타,기타,기타
사우나,2,기타,기타,기타
광경,2,기타,기타,기타
신품,2,기타,기타,기타
입학식,2,기타,기타,기타
당기다,2,기타,기타,기타
가폰,2,기타,기타,기타
수영장,2,기타,기타,기타
다련,2,기타,기타,기타
슈미트,2,기타,기타,기타
용문,2,기타,기타,기타
전령,2,기타,기타,기타
지략,2,기타,기타,기타
금구,2,기타,기타,기타
동방,2,기타,기타,기타
총구,2,기타,기타,기타
코티,2,기타,기타,기타
드샌드,2,기타,기타,기타
보루,2,기타,기타,기타
대군,2,기타,기타,기타
버켓크러셔,2,기타,기타,기타
선풍기,2,기타,기타,기타
각형,2,기타,기타,기타
무빙,2,기타,기타,기타
유비쿼터스,2,기타,기타,기타
매쉬,2,기타,기타,기타
논리,2,기타,기타,기타
광봉,2,기타,기타,기타
면체,2,기타,기타,기타
임펠러하우징,2,기타,기타,기타
만종,2,기타,기타,기타
카브,2,기타,기타,기타
해운,2,기타,기타,기타
동사,2,기타,기타,기타
충격시험,2,기타,기타,기타
화산,2,기타,기타,기타
특수하다,2,기타,기타,기타
무모,2,기타,기타,기타
화약류,2,기타,기타,기타
세부,2,기타,기타,기타
폭등,2,기타,기타,기타
휀더,2,기타,기타,기타
농구부,2,기타,기타,기타
매니폴드,2,기타,기타,기타
깃발,2,기타,기타,기타
대변기,2,기타,기타,기타
베트남전,2,기타,기타,기타
사망자,2,기타,기타,기타
투사,2,기타,기타,기타
오늘,2,기타,기타,기타
금기,2,기타,기타,기타
발신,2,기타,기타,기타
금연,2,기타,기타,기타
배구,2,기타,기타,기타
거상,2,기타,기타,기타
클락,2,기타,기타,기타
핸드볼,2,기타,기타,기타
골대,2,기타,기타,기타
시내,2,기타,기타,기타
윗몸일으키기,2,기타,기타,기타
스미스,2,기타,기타,기타
외지,2,기타,기타,기타
하버,2,기타,기타,기타
브라운,2,기타,기타,기타
치키다,2,기타,기타,기타
소금,2,기타,기타,기타
직성,2,기타,기타,기타
도부,2,기타,기타,기타
파고라,2,기타,기타,기타
반미,2,기타,기타,기타
염화칼슘,2,급식·식품,주방기기,주방/급식장비
인덕션,2,기타,기타,기타
품비,2,기타,기타,기타
증후,2,기타,기타,기타
지상전,2,기타,기타,기타
뉴젤,2,기타,기타,기타
배트,2,기타,기타,기타
주체력,2,기타,기타,기타
전자악기,2,기타,기타,기타
예약,2,기타,기타,기타
덕산,2,기타,기타,기타
라리,2,기타,기타,기타
파주,2,기타,기타,기타
법안,2,기타,기타,기타
보안등,2,기타,기타,기타
강경,2,기타,기타,기타
규정,2,기타,기타,기타
럭비,2,기타,기타,기타
흉복,2,기타,기타,기타
퇴적물,2,기타,기타,기타
몰다,2,기타,기타,기타
가장,2,기타,기타,기타
로드맵,2,기타,기타,기타
비승용,2,기타,기타,기타
인바디,2,기타,기타,기타
수치해석,2,기타,기타,기타
맥주,2,기타,기타,기타
태칸,2,기타,기타,기타
송대,2,기타,기타,기타
임부복,2,기타,기타,기타
후지,2,기타,기타,기타
놀이터,2,기타,기타,기타
증정,2,기타,기타,기타
방탄모,2,기타,기타,기타
트롤,2,기타,기타,기타
정신건강,2,기타,기타,기타
안연,2,기타,기타,기타
오찬,2,기타,기타,기타
얼룩,2,기타,기타,기타
범포,2,기타,기타,기타
지브,2,기타,기타,기타
나다,2,기타,기타,기타
호두과자,2,기타,기타,기타
플록,2,기타,기타,기타
정류,2,기타,기타,기타
세병관,2,기타,기타,기타
전력관,2,기타,기타,기타
라쳇,2,기타,기타,기타
주차,2,급식·식품,가공/식자재,식자재
개별,2,기타,기타,기타
콘테스트,2,건설·시설,안전/현장,현장안전/표지
강재구,2,기타,기타,기타
협의,2,기타,기타,기타
초군,2,기타,기타,기타
감호,2,기타,기타,기타
국군체육부대,2,기타,기타,기타
악세사리,2,기타,기타,기타
학용품,2,기타,기타,기타
분과,2,기타,기타,기타
학점,2,기타,기타,기타
군경,2,기타,기타,기타
폐인,2,기타,기타,기타
팰릿,2,기타,기타,기타
성기,2,기타,기타,기타
포플린,2,기타,기타,기타
치기,2,기타,기타,기타
경쟁력,2,기타,기타,기타
터치,2,기타,기타,기타
블러,2,기타,기타,기타
노래방,2,기타,기타,기타
남색,2,기타,기타,기타
비밀번호,2,기타,기타,기타
실효,2,기타,기타,기타
류트,2,기타,기타,기타
제재,2,기타,기타,기타
채수,2,기타,기타,기타
실버,2,기타,기타,기타
팩스,2,피복·생활·사무,사무/문서,문구/사무기기
필드,2,기타,기타,기타
펴다,2,기타,기타,기타
액션,2,기타,기타,기타
스테커,2,기타,기타,기타
충청북도,2,기타,기타,기타
대상자,2,기타,기타,기타
마이오,2,기타,기타,기타
휘발,2,기타,기타,기타
이월,2,기타,기타,기타
마리,2,기타,기타,기타
조지,2,기타,기타,기타
세그먼트,2,기타,기타,기타
필기,2,기타,기타,기타
사후관리,2,기타,기타,기타
침향,2,기타,기타,기타
옷깃,2,기타,기타,기타
사이버공간,2,기타,기타,기타
플룻,2,기타,기타,기타
게이트웨이,2,IT·통신,무선/통신장비,무전기/위성
형구,2,기타,기타,기타
압기,2,기타,기타,기타
자축,2,기타,기타,기타
티피,2,기타,기타,기타
계승,2,기타,기타,기타
작업기,2,기타,기타,기타
도형,2,기타,기타,기타
클로저,2,기타,기타,기타
성대,2,기타,기타,기타
밧드,2,기타,기타,기타
담장,2,기타,기타,기타
반지,2,기타,기타,기타
문풍지,2,기타,기타,기타
베임,2,기타,기타,기타
철근콘크리트,2,건설·시설,자재/철물,자재/철물
분광기,2,기타,기타,기타
인자,2,기타,기타,기타
드라이어,2,기타,기타,기타
슬리퍼,2,기타,기타,기타
사물놀이,2,기타,기타,기타
충청남도,2,기타,기타,기타
군마,2,기타,기타,기타
광역시,2,기타,기타,기타
복장,2,기타,기타,기타
규산,2,기타,기타,기타
회중,2,기타,기타,기타
현무암,2,기타,기타,기타
병복,2,기타,기타,기타
후진,2,기타,기타,기타
충정,2,기타,기타,기타
정글도,2,기타,기타,기타
위유,2,기타,기타,기타
태세,2,기타,기타,기타
찬장,2,기타,기타,기타
롤링,2,기타,기타,기타
스프링노트,2,피복·생활·사무,사무/문서,문구/사무기기
술통,2,기타,기타,기타
소상,2,기타,기타,기타
총열,2,기타,기타,기타
유압기,2,기타,기타,기타
마그,2,기타,기타,기타
하트,2,기타,기타,기타
영국,2,기타,기타,기타
실크,2,기타,기타,기타
오피스,2,IT·통신,소프트웨어,OS/보안SW
시대,2,기타,기타,기타
이스,2,기타,기타,기타
흑설탕,2,급식·식품,가공/식자재,식자재
게시판,2,기타,기타,기타
가입자,2,기타,기타,기타
개스,2,기타,기타,기타
상수도,2,기타,기타,기타
참대,2,기타,기타,기타
패킷,2,기타,기타,기타
이지스함,2,기타,기타,기타
수어,2,기타,기타,기타
도탄,2,기타,기타,기타
검시,2,기타,기타,기타
철갑,2,기타,기타,기타
부부,2,기타,기타,기타
코코넛,2,기타,기타,기타
통신프로토콜,2,IT·통신,무선/통신장비,무전기/위성
주도,2,기타,기타,기타
랙티브,2,기타,기타,기타
리리카,2,기타,기타,기타
물김치,2,급식·식품,가공/식자재,식자재
양만춘함,2,기타,기타,기타
전자메일,2,기타,기타,기타
트랜스포터,2,전력·전기전자,전자부품,센서/모듈
피단,2,기타,기타,기타
햄버그스테이크,2,기타,기타,기타
동해,2,기타,기타,기타
항성,2,기타,기타,기타
염산,2,기타,기타,기타
열다,2,기타,기타,기타
활대,2,기타,기타,기타
공병우,2,기타,기타,기타
붙이,2,기타,기타,기타
전몰,2,기타,기타,기타
프로그래머,2,기타,기타,기타
숄더프레스,2,기타,기타,기타
책가방,2,기타,기타,기타
축가,2,기타,기타,기타
수염,2,기타,기타,기타
무동,2,기타,기타,기타
반월,2,기타,기타,기타
철문,2,기타,기타,기타
킬러,2,기타,기타,기타
만기,2,기타,기타,기타
상승,2,기타,기타,기타
근관치료,2,기타,기타,기타
테블릿,2,기타,기타,기타
폭기,2,기타,기타,기타
앱손,2,기타,기타,기타
다이어리,2,기타,기타,기타
연행사,2,기타,기타,기타
구습,2,기타,기타,기타
잡음,2,기타,기타,기타
메모,2,피복·생활·사무,사무/문서,문구/사무기기
정보공,2,기타,기타,기타
트릴,2,기타,기타,기타
특사,2,기타,기타,기타
아연도금,2,기타,기타,기타
방식,2,기타,기타,기타
듀오,2,기타,기타,기타
방공관제사령부,2,IT·통신,CCTV/보안,영상감시
음성인식,2,기타,기타,기타
자연,2,기타,기타,기타
빙등,2,기타,기타,기타
비성,2,기타,기타,기타
앵커,2,기타,기타,기타
열람,2,기타,기타,기타
진해,2,기타,기타,기타
승선,2,기타,기타,기타
싸이카,2,기타,기타,기타
버니,2,기타,기타,기타
퍼스,2,기타,기타,기타
연회,2,기타,기타,기타
남양,2,기타,기타,기타
우선,2,기타,기타,기타
보상금,2,기타,기타,기타
분식,2,기타,기타,기타
사토,2,기타,기타,기타
갑주,2,기타,기타,기타
바인,2,기타,기타,기타
생면,2,기타,기타,기타
목이버섯,2,기타,기타,기타
모르타르,2,기타,기타,기타
류등,2,기타,기타,기타
깊이,2,기타,기타,기타
난로,2,기타,기타,기타
계체단,2,기타,기타,기타
티눈,2,기타,기타,기타
씰등,2,기타,기타,기타
공소,2,기타,기타,기타
연차,2,급식·식품,가공/식자재,식자재
군의관,2,기타,기타,기타
숯불,2,기타,기타,기타
닭강정,2,기타,기타,기타
화창,2,기타,기타,기타
중미,2,기타,기타,기타
도움,2,기타,기타,기타
스텐봉등,2,기타,기타,기타
전기영,2,기타,기타,기타
오반,2,기타,기타,기타
식기구,2,기타,기타,기타
클럽,2,기타,기타,기타
의심,2,기타,기타,기타
로크웰경도,2,기타,기타,기타
임펜,2,기타,기타,기타
광전,2,기타,기타,기타
시드,2,기타,기타,기타
토피아,2,기타,기타,기타
차리다,2,기타,기타,기타
약과,2,기타,기타,기타
맛후,2,기타,기타,기타
이용식,2,기타,기타,기타
나침판,2,기타,기타,기타
삽피,2,기타,기타,기타
불다,2,기타,기타,기타
핀류,2,기타,기타,기타
설제,2,기타,기타,기타
로션,2,기타,기타,기타
아동,2,기타,기타,기타
관및,2,기타,기타,기타
망용,2,기타,기타,기타
레자,2,기타,기타,기타
랑스,2,기타,기타,기타
홍보단,2,기타,기타,기타
마력,2,기타,기타,기타
전공,2,기타,기타,기타
해소,2,기타,기타,기타
버티칼버큠,2,급식·식품,주방기기,주방/급식장비
듬완,2,기타,기타,기타
천주교,2,기타,기타,기타
브랜드,2,기타,기타,기타
바람막이,2,기타,기타,기타
조도,2,기타,기타,기타
식물성,2,기타,기타,기타
닭꼬치,2,기타,기타,기타
좌우,2,기타,기타,기타
공훈,2,기타,기타,기타
케톤,2,기타,기타,기타
포술,2,기타,기타,기타
포장이사,2,기타,기타,기타
무지,2,기타,기타,기타
매연,2,기타,기타,기타
웜용,2,기타,기타,기타
내향성,2,기타,기타,기타
보코더,2,기타,기타,기타
브라스,2,기타,기타,기타
소도구,2,기타,기타,기타
특공,2,기타,기타,기타
경력,2,기타,기타,기타
중고,1,기타,기타,기타
탈착기등,1,기타,기타,기타
면적,1,기타,기타,기타
탐색구조,1,공구·설비,안전/소방,소방/안전장비
고저,1,기타,기타,기타
레티팅,1,기타,기타,기타
루브,1,기타,기타,기타
위보,1,기타,기타,기타
모듬햄,1,기타,기타,기타
장석,1,기타,기타,기타
대만,1,기타,기타,기타
해외여행,1,기타,기타,기타
후륜,1,기타,기타,기타
고추기름,1,기타,기타,기타
바게트,1,기타,기타,기타
카프리썬,1,기타,기타,기타
헤파,1,기타,기타,기타
전진교,1,기타,기타,기타
용매,1,기타,기타,기타
검체,1,기타,기타,기타
비등,1,기타,기타,기타
잡록,1,기타,기타,기타
인근,1,기타,기타,기타
양자,1,기타,기타,기타
탑포린,1,기타,기타,기타
생태계,1,기타,기타,기타
스테이지,1,기타,기타,기타
장부,1,기타,기타,기타
독립운동,1,기타,기타,기타
보냉,1,기타,기타,기타
불소,1,기타,기타,기타
밴조,1,기타,기타,기타
로보틱스,1,기타,기타,기타
통섭,1,기타,기타,기타
군사학,1,기타,기타,기타
다공,1,기타,기타,기타
수자,1,기타,기타,기타
운전면허,1,기타,기타,기타
거버넌스,1,기타,기타,기타
콘푸,1,건설·시설,안전/현장,현장안전/표지
사정,1,기타,기타,기타
마술,1,기타,기타,기타
신선하다,1,기타,기타,기타
유엔,1,기타,기타,기타
슈터기,1,기타,기타,기타
당구대,1,기타,기타,기타
흐름,1,기타,기타,기타
리트,1,기타,기타,기타
전기전도도,1,기타,기타,기타
샌드기,1,기타,기타,기타
계양,1,기타,기타,기타
라이언스,1,기타,기타,기타
콘테이너,1,건설·시설,안전/현장,현장안전/표지
유도가열,1,기타,기타,기타
조리개,1,급식·식품,주방기기,주방/급식장비
각모,1,기타,기타,기타
태아,1,기타,기타,기타
급연,1,기타,기타,기타
제제,1,기타,기타,기타
증기압,1,기타,기타,기타
확립,1,기타,기타,기타
염화나트륨,1,기타,기타,기타
제조법,1,기타,기타,기타
먹스,1,기타,기타,기타
대형화,1,기타,기타,기타
충사,1,기타,기타,기타
교통신호,1,IT·통신,무선/통신장비,무전기/위성
중후,1,기타,기타,기타
스탈,1,기타,기타,기타
리콜,1,기타,기타,기타
수도관,1,기타,기타,기타
원기준,1,기타,기타,기타
탄띠,1,피복·생활·사무,피복/보급,군장/피복
정재,1,기타,기타,기타
영안,1,기타,기타,기타
용성,1,기타,기타,기타
인후,1,기타,기타,기타
미케니컬,1,기타,기타,기타
싱용,1,기타,기타,기타
사하다,1,기타,기타,기타
인쇄물,1,기타,기타,기타
마상,1,기타,기타,기타
호부,1,기타,기타,기타
군검찰,1,기타,기타,기타
소형승용차,1,급식·식품,가공/식자재,식자재
옥토,1,기타,기타,기타
건식청락기,1,기타,기타,기타
펄프,1,기타,기타,기타
구호,1,기타,기타,기타
의지,1,기타,기타,기타
민첩하다,1,기타,기타,기타
성곽,1,기타,기타,기타
잔디깍기,1,기타,기타,기타
임펙에어렌치,1,공구·설비,일반공구,수공구/전동공구
신출,1,기타,기타,기타
모션그래픽,1,IT·통신,PC/주변기기,PC/노트북
마당,1,기타,기타,기타
레칫형,1,기타,기타,기타
이야기,1,기타,기타,기타
수송동,1,기타,기타,기타
점령,1,기타,기타,기타
생식,1,기타,기타,기타
항소심,1,기타,기타,기타
출혈,1,기타,기타,기타
갑압변,1,기타,기타,기타
터렛,1,기타,기타,기타
내의류,1,기타,기타,기타
토티,1,기타,기타,기타
업다,1,기타,기타,기타
자동자,1,기타,기타,기타
교류회로,1,기타,기타,기타
완벽하다,1,기타,기타,기타
삽자루,1,기타,기타,기타
패킹용등,1,기타,기타,기타
치솔,1,피복·생활·사무,청소/환경,청소/위생
한기,1,기타,기타,기타
혼합형,1,기타,기타,기타
비례,1,기타,기타,기타
장벽,1,기타,기타,기타
스트라익,1,기타,기타,기타
팬텀,1,건설·시설,장비/장치,공조/전열/펌프
량땡,1,기타,기타,기타
고가교,1,기타,기타,기타
숙천,1,기타,기타,기타
원격탐사,1,기타,기타,기타
캐릭터,1,기타,기타,기타
아웃도어,1,기타,기타,기타
원탁,1,기타,기타,기타
독점,1,기타,기타,기타
유연하다,1,기타,기타,기타
잉글리쉬,1,기타,기타,기타
원격조종기,1,기타,기타,기타
기내식,1,기타,기타,기타
알레르겐,1,기타,기타,기타
정판,1,기타,기타,기타
평안,1,기타,기타,기타
웰부트린,1,기타,기타,기타
검침,1,기타,기타,기타
방사제,1,기타,기타,기타
우주기지,1,기타,기타,기타
이어링,1,기타,기타,기타
터프,1,기타,기타,기타
등급,1,기타,기타,기타
검수,1,기타,기타,기타
여식,1,기타,기타,기타
반구,1,기타,기타,기타
용판,1,기타,기타,기타
피케,1,기타,기타,기타
교내,1,기타,기타,기타
은사,1,기타,기타,기타
헤모글로빈,1,기타,기타,기타
메신저,1,기타,기타,기타
행잉,1,기타,기타,기타
신부,1,기타,기타,기타
재초,1,기타,기타,기타
광학망원경,1,기타,기타,기타
제압,1,기타,기타,기타
트램,1,IT·통신,PC/주변기기,PC/노트북
국민정신,1,기타,기타,기타
석판,1,기타,기타,기타
후미,1,기타,기타,기타
내지,1,기타,기타,기타
양성식,1,기타,기타,기타
수세미외,1,기타,기타,기타
계량컵,1,기타,기타,기타
고르다,1,기타,기타,기타
임펙,1,기타,기타,기타
멀다,1,기타,기타,기타
증압,1,기타,기타,기타
랜선,1,기타,기타,기타
목재펠릿,1,기타,기타,기타
윤리,1,기타,기타,기타
파라,1,기타,기타,기타
아몬드,1,기타,기타,기타
제강,1,기타,기타,기타
이마,1,기타,기타,기타
프트,1,기타,기타,기타
헬드,1,기타,기타,기타
배즙,1,기타,기타,기타
맞다,1,기타,기타,기타
탠스,1,기타,기타,기타
인새,1,기타,기타,기타
레이즈,1,기타,기타,기타
북괴,1,기타,기타,기타
납작,1,기타,기타,기타
육아,1,기타,기타,기타
성향,1,기타,기타,기타
스텐망등,1,기타,기타,기타
나침금,1,기타,기타,기타
파리채,1,기타,기타,기타
장성환,1,기타,기타,기타
디지털신호,1,기타,기타,기타
조임쇠,1,기타,기타,기타
코딩,1,기타,기타,기타
땀내,1,기타,기타,기타
지석,1,기타,기타,기타
않다,1,기타,기타,기타
콘퍼런스,1,건설·시설,안전/현장,현장안전/표지
면조,1,기타,기타,기타
국한문,1,기타,기타,기타
기본군사훈련단,1,기타,기타,기타
점도,1,기타,기타,기타
축성,1,기타,기타,기타
스톱워치,1,공구·설비,일반공구,수공구/전동공구
금관조복,1,기타,기타,기타
곡괭이,1,기타,기타,기타
펜정,1,기타,기타,기타
영주권자,1,기타,기타,기타
딘련,1,기타,기타,기타
객체,1,기타,기타,기타
및후,1,기타,기타,기타
스크류써트,1,기타,기타,기타
무절,1,기타,기타,기타
내면,1,기타,기타,기타
선결,1,기타,기타,기타
유듀형,1,기타,기타,기타
일차,1,급식·식품,가공/식자재,식자재
전류계,1,기타,기타,기타
다자,1,기타,기타,기타
글루코파,1,기타,기타,기타
봉송,1,기타,기타,기타
열대,1,기타,기타,기타
품몸,1,기타,기타,기타
타워,1,기타,기타,기타
송골매,1,기타,기타,기타
염분,1,기타,기타,기타
립품,1,기타,기타,기타
용국,1,기타,기타,기타
자키,1,기타,기타,기타
패스,1,기타,기타,기타
연합군,1,기타,기타,기타
린넨,1,기타,기타,기타
생각,1,기타,기타,기타
조식,1,기타,기타,기타
콘로,1,건설·시설,안전/현장,현장안전/표지
러리,1,기타,기타,기타
역풍,1,기타,기타,기타
나인,1,기타,기타,기타
비프,1,기타,기타,기타
반발,1,기타,기타,기타
신시사이저,1,기타,기타,기타
방송통신,1,IT·통신,무선/통신장비,무전기/위성
인넷,1,기타,기타,기타
경석,1,기타,기타,기타
부영,1,기타,기타,기타
알로,1,기타,기타,기타
병적,1,기타,기타,기타
허니,1,기타,기타,기타
적성,1,기타,기타,기타
해부학,1,기타,기타,기타
하임,1,기타,기타,기타
교화,1,기타,기타,기타
법무부,1,기타,기타,기타
액체질소,1,화학·소재,가스/특수가스,산업가스
활공,1,기타,기타,기타
다문화,1,기타,기타,기타
픔목,1,기타,기타,기타
지시봉,1,기타,기타,기타
라이트건,1,기타,기타,기타
타석,1,기타,기타,기타
인도네시아,1,기타,기타,기타
명대,1,기타,기타,기타
울진,1,기타,기타,기타
수영구,1,기타,기타,기타
포구속도측정기,1,공구·설비,측정/시험,계측기
노르,1,기타,기타,기타
직상,1,기타,기타,기타
안전하다,1,기타,기타,기타
금액,1,기타,기타,기타
센트럴,1,기타,기타,기타
턴테이블,1,기타,기타,기타
섬광탄,1,기타,기타,기타
기세,1,기타,기타,기타
점프,1,기타,기타,기타
밀실,1,기타,기타,기타
준위,1,기타,기타,기타
기지영,1,기타,기타,기타
두껑등,1,기타,기타,기타
배우다,1,기타,기타,기타
방석,1,기타,기타,기타
글루건,1,기타,기타,기타
항공로,1,기타,기타,기타
리셋,1,기타,기타,기타
디지털교과서,1,기타,기타,기타
이니셜,1,기타,기타,기타
목깃탈,1,기타,기타,기타
절단석,1,공구·설비,용접/가공,용접/절단
머레이,1,기타,기타,기타
일산,1,기타,기타,기타
부주,1,기타,기타,기타
반복,1,기타,기타,기타
괭이,1,기타,기타,기타
우호,1,기타,기타,기타
워트,1,기타,기타,기타
재방송,1,기타,기타,기타
베벨,1,기타,기타,기타
웨곤형,1,기타,기타,기타
옥외등,1,기타,기타,기타
장애,1,기타,기타,기타
노스,1,기타,기타,기타
삼발,1,기타,기타,기타
보듸,1,기타,기타,기타
고진,1,기타,기타,기타
대역,1,기타,기타,기타
퍼트,1,기타,기타,기타
슈팅,1,기타,기타,기타
신주,1,기타,기타,기타
패취,1,기타,기타,기타
항연,1,기타,기타,기타
그루,1,기타,기타,기타
광견병,1,기타,기타,기타
전유성,1,기타,기타,기타
메티스,1,기타,기타,기타
여름,1,기타,기타,기타
케토,1,기타,기타,기타
챠저,1,기타,기타,기타
크리미,1,기타,기타,기타
재산관리,1,기타,기타,기타
폼업,1,기타,기타,기타
웨빙,1,기타,기타,기타
강성,1,기타,기타,기타
교사,1,기타,기타,기타
프롬프터,1,기타,기타,기타
생리식염수,1,기타,기타,기타
동향,1,기타,기타,기타
직문,1,기타,기타,기타
경찰대,1,기타,기타,기타
부케,1,기타,기타,기타
다발,1,기타,기타,기타
아말감,1,기타,기타,기타
국악,1,기타,기타,기타
허리,1,기타,기타,기타
자생,1,기타,기타,기타
입법,1,기타,기타,기타
채용,1,기타,기타,기타
코랄,1,기타,기타,기타
꽃장식,1,기타,기타,기타
웨딩,1,기타,기타,기타
경향,1,기타,기타,기타
영수증,1,기타,기타,기타
소영,1,기타,기타,기타
산등,1,기타,기타,기타
독립유공자,1,기타,기타,기타
어조,1,기타,기타,기타
플라즈마,1,공구·설비,용접/가공,용접/절단
활실,1,기타,기타,기타
장선,1,기타,기타,기타
속초,1,기타,기타,기타
비화,1,기타,기타,기타
영산강,1,기타,기타,기타
타겟,1,기타,기타,기타
고교,1,기타,기타,기타
학생용,1,기타,기타,기타
바닥면적,1,기타,기타,기타
망원렌즈,1,기타,기타,기타
습관,1,기타,기타,기타
탄산수,1,화학·소재,가스/특수가스,산업가스
포어,1,기타,기타,기타
체이서,1,기타,기타,기타
마루운동,1,기타,기타,기타
교통표지판,1,건설·시설,안전/현장,현장안전/표지
교번,1,기타,기타,기타
스타트,1,기타,기타,기타
미션,1,기타,기타,기타
캐드,1,기타,기타,기타
가황,1,기타,기타,기타
촉진,1,기타,기타,기타
노로바이러스,1,기타,기타,기타
이장,1,기타,기타,기타
브리넬경도,1,기타,기타,기타
클램핑,1,IT·통신,PC/주변기기,PC/노트북
뷸렛,1,기타,기타,기타
천해,1,기타,기타,기타
신차,1,급식·식품,가공/식자재,식자재
진드기,1,기타,기타,기타
브론정,1,기타,기타,기타
폴리크레줄렌,1,기타,기타,기타
패럴,1,기타,기타,기타
낫트등,1,기타,기타,기타
낙찰,1,기타,기타,기타
해드,1,기타,기타,기타
산통,1,기타,기타,기타
닉스,1,기타,기타,기타
버리다,1,기타,기타,기타
리플렉,1,기타,기타,기타
비디오카메라,1,IT·통신,CCTV/보안,영상감시
동음,1,기타,기타,기타
동주,1,기타,기타,기타
모기,1,기타,기타,기타
착기,1,기타,기타,기타
리노,1,기타,기타,기타
항생제,1,기타,기타,기타
전주,1,기타,기타,기타
설상,1,기타,기타,기타
오거,1,기타,기타,기타
리전,1,기타,기타,기타
개강,1,기타,기타,기타
설계도,1,기타,기타,기타
방어진,1,기타,기타,기타
용글,1,기타,기타,기타
성남시,1,기타,기타,기타
선임,1,기타,기타,기타
앞판,1,기타,기타,기타
아르미,1,기타,기타,기타
김치전,1,급식·식품,가공/식자재,식자재
테란,1,기타,기타,기타
순정,1,기타,기타,기타
사제,1,기타,기타,기타
무릅,1,기타,기타,기타
스쿠,1,기타,기타,기타
펙렌,1,기타,기타,기타
복원력,1,기타,기타,기타
간극,1,기타,기타,기타
드등,1,기타,기타,기타
막리,1,기타,기타,기타
완화,1,기타,기타,기타
코넬,1,기타,기타,기타
다중경로,1,기타,기타,기타
다매체,1,기타,기타,기타
대사체,1,기타,기타,기타
락카룸,1,화학·소재,도료/접착/고분자,도료/접착
싱커,1,기타,기타,기타
검층기,1,기타,기타,기타
빈트,1,기타,기타,기타
오프라인,1,기타,기타,기타
볼배브,1,기타,기타,기타
알보칠,1,기타,기타,기타
리버,1,기타,기타,기타
도래,1,기타,기타,기타
세루모,1,기타,기타,기타
사향,1,기타,기타,기타
드레인콕크,1,기타,기타,기타
마포걸레,1,피복·생활·사무,청소/환경,청소/위생
차감,1,기타,기타,기타
형리,1,기타,기타,기타
더기,1,기타,기타,기타
국가고시,1,기타,기타,기타
폴드,1,기타,기타,기타
가교,1,기타,기타,기타
노트패드,1,차량·기동,차량/정비,차량부품/소모품
스텐봉,1,기타,기타,기타
빼다,1,기타,기타,기타
비컨,1,기타,기타,기타
한영,1,기타,기타,기타
스피링,1,기타,기타,기타
스톡,1,기타,기타,기타
보리음료,1,급식·식품,가공/식자재,식자재
풍유,1,기타,기타,기타
이동전화,1,기타,기타,기타
아카이브,1,기타,기타,기타
호구,1,기타,기타,기타
파랑,1,기타,기타,기타
스태,1,기타,기타,기타
이부프로펜,1,기타,기타,기타
단진압봉,1,기타,기타,기타
커크,1,기타,기타,기타
신수송,1,기타,기타,기타
외산,1,기타,기타,기타
오리발,1,기타,기타,기타
지시시,1,기타,기타,기타
관창,1,기타,기타,기타
선제,1,기타,기타,기타
경창,1,기타,기타,기타
알람,1,기타,기타,기타
헬스복,1,기타,기타,기타
연구원,1,기타,기타,기타
에어소프트,1,기타,기타,기타
형망,1,기타,기타,기타
간소화,1,기타,기타,기타
산책,1,기타,기타,기타
망원,1,기타,기타,기타
해양력,1,기타,기타,기타
일용직,1,기타,기타,기타
노래,1,기타,기타,기타
청청기,1,기타,기타,기타
장문,1,기타,기타,기타
목걸이,1,기타,기타,기타
톱니바퀴,1,공구·설비,일반공구,수공구/전동공구
켈리,1,기타,기타,기타
백마,1,기타,기타,기타
페파,1,기타,기타,기타
습제,1,기타,기타,기타
워크플로우,1,기타,기타,기타
플래어링,1,기타,기타,기타
큐렛,1,기타,기타,기타
류기,1,기타,기타,기타
물증,1,기타,기타,기타
커넥팅,1,기타,기타,기타
색안경,1,기타,기타,기타
불멸,1,기타,기타,기타
공급망,1,기타,기타,기타
머큐리,1,기타,기타,기타
비스켓슈,1,기타,기타,기타
메칠,1,기타,기타,기타
지레,1,기타,기타,기타
쿨파프,1,기타,기타,기타
야적,1,기타,기타,기타
릴홀더,1,기타,기타,기타
액화질소,1,화학·소재,가스/특수가스,산업가스
고체풀,1,기타,기타,기타
백과사전,1,기타,기타,기타
보관장,1,기타,기타,기타
학사정보,1,기타,기타,기타
부과,1,기타,기타,기타
군사지리,1,특수장비,측지/지리공간,GPS/측량
박찬,1,기타,기타,기타
행위자,1,기타,기타,기타
중식,1,기타,기타,기타
삼중,1,기타,기타,기타
잠식,1,기타,기타,기타
트랩,1,화학·소재,도료/접착/고분자,도료/접착
역용,1,기타,기타,기타
타코야끼,1,기타,기타,기타
진원,1,기타,기타,기타
알레그,1,기타,기타,기타
띠톱,1,공구·설비,일반공구,수공구/전동공구
실리콘고무,1,건설·시설,자재/철물,자재/철물
프로필,1,기타,기타,기타
황등석,1,기타,기타,기타
도르레,1,기타,기타,기타
향토예비군,1,기타,기타,기타
스트롭,1,기타,기타,기타
가래떡,1,기타,기타,기타
애플,1,기타,기타,기타
코코아,1,기타,기타,기타
유산균,1,기타,기타,기타
크로스오버,1,기타,기타,기타
카페인,1,기타,기타,기타
딸기스무디,1,기타,기타,기타
고로,1,기타,기타,기타
유도전동기,1,기타,기타,기타
통근,1,기타,기타,기타
우습다,1,기타,기타,기타
담그다,1,기타,기타,기타
남녀,1,기타,기타,기타
차일,1,기타,기타,기타
삼상,1,기타,기타,기타
디정,1,기타,기타,기타
저속,1,기타,기타,기타
소스류,1,기타,기타,기타
인도,1,기타,기타,기타
배합,1,기타,기타,기타
후추,1,기타,기타,기타
사양,1,기타,기타,기타
희망,1,기타,기타,기타
창녕,1,기타,기타,기타
시티,1,기타,기타,기타
인접,1,기타,기타,기타
엘디,1,기타,기타,기타
수산,1,기타,기타,기타
다이옥신,1,기타,기타,기타
네이비,1,기타,기타,기타
농산,1,기타,기타,기타
루트,1,기타,기타,기타
개스켓,1,기타,기타,기타
대항,1,기타,기타,기타
충전물,1,기타,기타,기타
전담,1,기타,기타,기타
다련장유압,1,기타,기타,기타
무산,1,기타,기타,기타
동안,1,기타,기타,기타
왓샤,1,기타,기타,기타
용영,1,기타,기타,기타
포지티브,1,기타,기타,기타
채증,1,기타,기타,기타
요격,1,기타,기타,기타
민통선,1,기타,기타,기타
황토색,1,기타,기타,기타
군함,1,기타,기타,기타
마무리,1,기타,기타,기타
준공,1,기타,기타,기타
면제,1,기타,기타,기타
춘계,1,기타,기타,기타
미들웨어,1,기타,기타,기타
보닛,1,기타,기타,기타
파크,1,기타,기타,기타
간지,1,기타,기타,기타
통기다,1,기타,기타,기타
평타,1,기타,기타,기타
조직검사,1,기타,기타,기타
찐빵,1,급식·식품,가공/식자재,식자재
관쇠,1,기타,기타,기타
카터,1,기타,기타,기타
어필,1,기타,기타,기타
켤레,1,기타,기타,기타
식염수,1,기타,기타,기타
사이니,1,기타,기타,기타
민주주의,1,기타,기타,기타
조이스틱,1,기타,기타,기타
디지타이저,1,기타,기타,기타
팔로워,1,기타,기타,기타
아쿠아,1,기타,기타,기타
보안면,1,기타,기타,기타
적층랙,1,기타,기타,기타
로세,1,기타,기타,기타
면진,1,기타,기타,기타
승객,1,기타,기타,기타
약차,1,급식·식품,가공/식자재,식자재
대인지뢰,1,기타,기타,기타
페브리즈,1,기타,기타,기타
핀홀,1,기타,기타,기타
신간,1,기타,기타,기타
쥐막,1,기타,기타,기타
곡류,1,기타,기타,기타
샤프,1,기타,기타,기타
폴러,1,기타,기타,기타
담당,1,기타,기타,기타
동태,1,기타,기타,기타
젠터,1,기타,기타,기타
습식청락기,1,기타,기타,기타
농업,1,기타,기타,기타
테마,1,기타,기타,기타
페놀,1,기타,기타,기타
미래세,1,기타,기타,기타
남해,1,기타,기타,기타
텍스,1,기타,기타,기타
초산,1,기타,기타,기타
와인,1,기타,기타,기타
질문,1,기타,기타,기타
베크,1,기타,기타,기타
퍼마텍스,1,기타,기타,기타
모세관,1,기타,기타,기타
지그,1,기타,기타,기타
순위,1,기타,기타,기타
얼리다,1,기타,기타,기타
질병,1,기타,기타,기타
컴퓨팅,1,기타,기타,기타
브용,1,기타,기타,기타
잔교,1,기타,기타,기타
아름드리,1,기타,기타,기타
커틀렛,1,기타,기타,기타
오이지,1,기타,기타,기타
크로크무슈,1,기타,기타,기타
원적,1,기타,기타,기타
간접비,1,기타,기타,기타
버전,1,기타,기타,기타
링커,1,기타,기타,기타
유밀,1,기타,기타,기타
용햄,1,기타,기타,기타
고막,1,기타,기타,기타
부활,1,기타,기타,기타
철원군,1,기타,기타,기타
드라이크리닝,1,기타,기타,기타
오시,1,기타,기타,기타
도민,1,기타,기타,기타
관세,1,기타,기타,기타
피난,1,공구·설비,안전/소방,소방/안전장비
관악기,1,기타,기타,기타
구조대,1,공구·설비,안전/소방,소방/안전장비
대륙붕,1,기타,기타,기타
협정,1,기타,기타,기타
닭윙,1,기타,기타,기타
소련,1,기타,기타,기타
작품,1,기타,기타,기타
소티,1,기타,기타,기타
철류,1,기타,기타,기타
규어,1,기타,기타,기타
파니,1,기타,기타,기타
사태,1,기타,기타,기타
분해능,1,기타,기타,기타
용휠타,1,기타,기타,기타
샘표,1,기타,기타,기타
음료수,1,급식·식품,가공/식자재,식자재
대령,1,기타,기타,기타
년도,1,기타,기타,기타
식사,1,기타,기타,기타
닭봉,1,기타,기타,기타
화법,1,기타,기타,기타
전력장치,1,기타,기타,기타
인지,1,기타,기타,기타
선원,1,기타,기타,기타
기동전,1,기타,기타,기타
프렌치호른,1,공구·설비,일반공구,수공구/전동공구
언어,1,기타,기타,기타
정도,1,기타,기타,기타
범죄수사,1,기타,기타,기타
브래드,1,기타,기타,기타
요트,1,기타,기타,기타
싸이,1,기타,기타,기타
퓨얼,1,기타,기타,기타
린리,1,기타,기타,기타
코코아파우더,1,기타,기타,기타
표제,1,기타,기타,기타
모장,1,기타,기타,기타
터보차저,1,기타,기타,기타
위해,1,기타,기타,기타
음질,1,기타,기타,기타
지갑,1,기타,기타,기타
폴건,1,기타,기타,기타
최대,1,기타,기타,기타
트윈,1,기타,기타,기타
급조폭발물,1,기타,기타,기타
캐럴,1,기타,기타,기타
만찬,1,기타,기타,기타
동춘,1,기타,기타,기타
회장,1,기타,기타,기타
공작,1,기타,기타,기타
만남,1,기타,기타,기타
해전,1,기타,기타,기타
본인,1,기타,기타,기타
풀링기,1,기타,기타,기타
래칫,1,기타,기타,기타
실란트,1,화학·소재,도료/접착/고분자,도료/접착
한우,1,기타,기타,기타
난연,1,기타,기타,기타
벡스,1,기타,기타,기타
순환기,1,건설·시설,장비/장치,공조/전열/펌프
아미,1,기타,기타,기타
타이거,1,기타,기타,기타
삼군부,1,기타,기타,기타
완비,1,기타,기타,기타
플루트,1,기타,기타,기타
베너,1,기타,기타,기타
정상화,1,기타,기타,기타
격먹,1,기타,기타,기타
콘트롤러,1,건설·시설,안전/현장,현장안전/표지
격멸,1,기타,기타,기타
급등,1,기타,기타,기타
호등,1,기타,기타,기타
등짐,1,기타,기타,기타
분향,1,기타,기타,기타
의원,1,기타,기타,기타
치마,1,기타,기타,기타
실탄,1,기타,기타,기타
자사,1,기타,기타,기타
파주시,1,기타,기타,기타
회전장,1,기타,기타,기타
권한,1,기타,기타,기타
밀치다,1,기타,기타,기타
관망,1,기타,기타,기타
투기,1,기타,기타,기타
캇타,1,기타,기타,기타
오성,1,기타,기타,기타
경부,1,기타,기타,기타
최루성,1,기타,기타,기타
오드,1,기타,기타,기타
과업,1,기타,기타,기타
입지,1,기타,기타,기타
오신,1,기타,기타,기타
중추,1,기타,기타,기타
외교,1,기타,기타,기타
기운,1,기타,기타,기타
전자기파,1,기타,기타,기타
연하다,1,기타,기타,기타
반함,1,기타,기타,기타
글로벌,1,기타,기타,기타
재밍건,1,기타,기타,기타
거점,1,기타,기타,기타
관용구,1,기타,기타,기타
침용,1,기타,기타,기타
국방로봇,1,특수장비,드론/로봇,드론/로봇
항묵,1,기타,기타,기타
보쌈김치,1,급식·식품,가공/식자재,식자재
오브,1,기타,기타,기타
부처님,1,기타,기타,기타
전곡,1,기타,기타,기타
유합술,1,기타,기타,기타
적층,1,기타,기타,기타
치결,1,기타,기타,기타
취기,1,기타,기타,기타
랜툴기,1,기타,기타,기타
방사선사,1,기타,기타,기타
헹굼,1,기타,기타,기타
쿡팬,1,건설·시설,장비/장치,공조/전열/펌프
부츠,1,기타,기타,기타
부관,1,기타,기타,기타
원스,1,기타,기타,기타
리얼,1,기타,기타,기타
라미실,1,기타,기타,기타
설문,1,기타,기타,기타
용소,1,기타,기타,기타
단순,1,기타,기타,기타
단추,1,기타,기타,기타
인태,1,기타,기타,기타
미아,1,기타,기타,기타
순수,1,기타,기타,기타
압구,1,기타,기타,기타
유성매직,1,기타,기타,기타
랙커,1,기타,기타,기타
냄새,1,기타,기타,기타
월책,1,기타,기타,기타
부축,1,기타,기타,기타
실미도,1,기타,기타,기타
부경용,1,기타,기타,기타
공작원,1,기타,기타,기타
마스터플랜,1,기타,기타,기타
관점,1,기타,기타,기타
적갈색,1,기타,기타,기타
광알,1,기타,기타,기타
외양,1,기타,기타,기타
호키,1,기타,기타,기타
용하다,1,기타,기타,기타
청도,1,기타,기타,기타
린다,1,기타,기타,기타
레카,1,기타,기타,기타
조종판,1,기타,기타,기타
직각,1,기타,기타,기타
리보,1,기타,기타,기타
데드맨,1,기타,기타,기타
그람,1,기타,기타,기타
표층용,1,기타,기타,기타
용선,1,기타,기타,기타
지탄,1,기타,기타,기타
박원석,1,기타,기타,기타
대미,1,기타,기타,기타
기념비,1,기타,기타,기타
켓리무버,1,기타,기타,기타
부문,1,기타,기타,기타
진상,1,기타,기타,기타
기차,1,급식·식품,가공/식자재,식자재
녹다,1,기타,기타,기타
직판,1,기타,기타,기타
파라메트릭,1,기타,기타,기타
기전력,1,기타,기타,기타
사과주스,1,기타,기타,기타
나르다,1,기타,기타,기타
노선,1,기타,기타,기타
습구,1,기타,기타,기타
광통신,1,IT·통신,무선/통신장비,무전기/위성
바세,1,기타,기타,기타
포마드,1,기타,기타,기타
병렬,1,기타,기타,기타
수수료,1,기타,기타,기타
심봉,1,기타,기타,기타
방책,1,기타,기타,기타
옹심이,1,기타,기타,기타
상관관계,1,기타,기타,기타
만쥬,1,기타,기타,기타
감청,1,기타,기타,기타
연설,1,기타,기타,기타
백동,1,기타,기타,기타
텔레비젼,1,기타,기타,기타
시트콤,1,기타,기타,기타
최용,1,기타,기타,기타
쓰리다,1,기타,기타,기타
인텍터,1,기타,기타,기타
자동제세동기,1,의료·의약·위생,의료소모/장비,의료장비/키트
격막식,1,기타,기타,기타
청춘,1,기타,기타,기타
원격조정기,1,기타,기타,기타
글라이드,1,기타,기타,기타
형용,1,기타,기타,기타
명구,1,기타,기타,기타
포밍기,1,기타,기타,기타
패러,1,기타,기타,기타
록스,1,기타,기타,기타
알카리,1,기타,기타,기타
성체,1,기타,기타,기타
인플레이션,1,기타,기타,기타
액위용,1,기타,기타,기타
프로파일러,1,피복·생활·사무,사무/문서,문구/사무기기
해드용,1,기타,기타,기타
스팩,1,기타,기타,기타
드럼세탁기,1,기타,기타,기타
합동군사대,1,기타,기타,기타
커민,1,기타,기타,기타
헌신,1,기타,기타,기타
피티,1,기타,기타,기타
부자,1,기타,기타,기타
봉안,1,기타,기타,기타
용종,1,기타,기타,기타
함장,1,기타,기타,기타
위국,1,기타,기타,기타
승대,1,기타,기타,기타
콤프,1,기타,기타,기타
계약법,1,기타,기타,기타
축도,1,기타,기타,기타
에더넷트,1,기타,기타,기타
연금제,1,기타,기타,기타
박절,1,기타,기타,기타
기회,1,기타,기타,기타
전형,1,기타,기타,기타
과즙,1,기타,기타,기타
방검,1,기타,기타,기타
문항,1,기타,기타,기타
융통성,1,기타,기타,기타
장지역,1,기타,기타,기타
잠정,1,기타,기타,기타
동원예비군,1,기타,기타,기타
벽용,1,기타,기타,기타
중아,1,기타,기타,기타
스쿠버,1,기타,기타,기타
단팥빵,1,급식·식품,가공/식자재,식자재
델리,1,기타,기타,기타
안전판,1,기타,기타,기타
래깅,1,기타,기타,기타
핸디,1,기타,기타,기타
밝기,1,기타,기타,기타
유연성,1,기타,기타,기타
포성,1,기타,기타,기타
정확도,1,기타,기타,기타
솔개,1,피복·생활·사무,청소/환경,청소/위생
이소프로필알코올,1,기타,기타,기타
좌견실,1,기타,기타,기타
리니,1,기타,기타,기타
식물,1,기타,기타,기타
루어록켑,1,기타,기타,기타
입증,1,기타,기타,기타
이맹기,1,기타,기타,기타
선철,1,기타,기타,기타
스코픽,1,기타,기타,기타
특화된,1,기타,기타,기타
승압기,1,기타,기타,기타
아데노바이러스,1,기타,기타,기타
러닝머신,1,기타,기타,기타
충민,1,기타,기타,기타
종심,1,기타,기타,기타
어스,1,기타,기타,기타
크로와상,1,기타,기타,기타
갈릭,1,기타,기타,기타
극초단파,1,기타,기타,기타
찹쌀떡,1,급식·식품,가공/식자재,식자재
세단,1,기타,기타,기타
카운트,1,기타,기타,기타
대당,1,기타,기타,기타
잡류,1,기타,기타,기타
단동,1,기타,기타,기타
발휘,1,기타,기타,기타
파트너,1,기타,기타,기타
임펠러등,1,기타,기타,기타
패스워드,1,기타,기타,기타
한미영,1,기타,기타,기타
해독,1,기타,기타,기타
균일,1,기타,기타,기타
기후변화,1,기타,기타,기타
축각,1,기타,기타,기타
사이버수사대,1,기타,기타,기타
민감,1,기타,기타,기타
대변인,1,기타,기타,기타
배기가스,1,화학·소재,가스/특수가스,산업가스
미케니칼,1,급식·식품,주방기기,주방/급식장비
실물,1,기타,기타,기타
디어,1,기타,기타,기타
프리휠,1,기타,기타,기타
프티,1,기타,기타,기타
복호화,1,기타,기타,기타
라슈트,1,기타,기타,기타
요역,1,기타,기타,기타
충용,1,기타,기타,기타
호빵,1,급식·식품,가공/식자재,식자재
기존,1,기타,기타,기타
원부,1,기타,기타,기타
보디,1,기타,기타,기타
우위,1,기타,기타,기타
원자재,1,기타,기타,기타
적정가격,1,기타,기타,기타
구축물,1,기타,기타,기타
대기압,1,기타,기타,기타
데타,1,기타,기타,기타
캠퍼,1,기타,기타,기타
도자기,1,기타,기타,기타
버팔로윙,1,기타,기타,기타
함박,1,기타,기타,기타
플레이어,1,기타,기타,기타
롤업,1,기타,기타,기타
플래쉬,1,기타,기타,기타
합짚,1,기타,기타,기타
점보,1,기타,기타,기타
고등어,1,기타,기타,기타
라바,1,기타,기타,기타
전모,1,기타,기타,기타
멍에,1,기타,기타,기타
연못,1,기타,기타,기타
다도해,1,기타,기타,기타
독도함,1,기타,기타,기타
펜션,1,기타,기타,기타
스텐유압,1,기타,기타,기타
외과의,1,기타,기타,기타
차이,1,기타,기타,기타
금천구,1,기타,기타,기타
정검,1,기타,기타,기타
아이스크림류,1,기타,기타,기타
견사,1,기타,기타,기타
롤폴,1,기타,기타,기타
공지원,1,기타,기타,기타
육고,1,기타,기타,기타
숏츠,1,기타,기타,기타
운점,1,기타,기타,기타
배수체,1,기타,기타,기타
강화유리,1,기타,기타,기타
전문사관,1,기타,기타,기타
졸음,1,기타,기타,기타
용모,1,기타,기타,기타
법기,1,기타,기타,기타
사이클,1,기타,기타,기타
웰빙,1,기타,기타,기타
모음,1,기타,기타,기타
양자암호,1,기타,기타,기타
부조,1,기타,기타,기타
경주,1,기타,기타,기타
견인포,1,기타,기타,기타
세종시,1,기타,기타,기타
전문성,1,기타,기타,기타
출량,1,기타,기타,기타
달이,1,기타,기타,기타
적접,1,기타,기타,기타
장리,1,기타,기타,기타
책칼피,1,급식·식품,주방기기,주방/급식장비
공상,1,기타,기타,기타
포렌신,1,기타,기타,기타
구급대,1,기타,기타,기타
마킹기,1,기타,기타,기타
별책,1,기타,기타,기타
해보다,1,기타,기타,기타
질병예방,1,기타,기타,기타
초코링,1,기타,기타,기타
증명,1,기타,기타,기타
호퍼,1,기타,기타,기타
디지털아카이브,1,기타,기타,기타
기사,1,기타,기타,기타
장서,1,기타,기타,기타
비드,1,기타,기타,기타
핵종,1,기타,기타,기타
유저,1,기타,기타,기타
프리즈,1,기타,기타,기타
마용,1,기타,기타,기타
어탐,1,기타,기타,기타
숏폼,1,기타,기타,기타
피니슁,1,기타,기타,기타
스풀,1,기타,기타,기타
백초,1,기타,기타,기타
조화,1,기타,기타,기타
로커,1,기타,기타,기타
사적,1,기타,기타,기타
버트힌,1,기타,기타,기타
수량,1,기타,기타,기타
통합정보시스템,1,기타,기타,기타
플러,1,기타,기타,기타
컴프레서,1,기타,기타,기타
정음,1,기타,기타,기타
면도날,1,기타,기타,기타
컷트팁,1,기타,기타,기타
이륙,1,기타,기타,기타
가능하다,1,기타,기타,기타
효용,1,기타,기타,기타
착하다,1,기타,기타,기타
인덕터,1,기타,기타,기타
훈제오리,1,기타,기타,기타
스마트카드,1,기타,기타,기타
수도꼭지,1,기타,기타,기타
탁류,1,기타,기타,기타
배수문,1,기타,기타,기타
밀등,1,기타,기타,기타
성교육,1,기타,기타,기타
신뢰수준,1,기타,기타,기타
소방설비,1,기타,기타,기타
임쇠,1,기타,기타,기타
모듬,1,기타,기타,기타
서양,1,기타,기타,기타
스패터방,1,기타,기타,기타
동양,1,기타,기타,기타
첨가,1,기타,기타,기타
인복,1,기타,기타,기타
염도,1,기타,기타,기타
생활용품,1,기타,기타,기타
춧잎,1,기타,기타,기타
입시,1,기타,기타,기타
수로,1,기타,기타,기타
랙스,1,기타,기타,기타
농축,1,기타,기타,기타
후평리,1,기타,기타,기타
별기,1,기타,기타,기타
앞다리,1,기타,기타,기타
계심,1,기타,기타,기타
창박,1,기타,기타,기타
배차,1,급식·식품,가공/식자재,식자재
로보트,1,기타,기타,기타
트레이닝복,1,기타,기타,기타
스포트라이트,1,기타,기타,기타
임대차,1,급식·식품,가공/식자재,식자재
개보,1,기타,기타,기타
항공계기,1,기타,기타,기타
양파,1,기타,기타,기타
퍼플,1,기타,기타,기타
후경,1,기타,기타,기타
해미르,1,기타,기타,기타
임펙렌치,1,공구·설비,일반공구,수공구/전동공구
중력,1,기타,기타,기타
풀업,1,기타,기타,기타
돼지갈비,1,기타,기타,기타
테그,1,기타,기타,기타
무지개,1,기타,기타,기타
스타킹,1,기타,기타,기타
월볼,1,기타,기타,기타
모나미,1,기타,기타,기타
열리다,1,기타,기타,기타
봄맞이,1,기타,기타,기타
이주,1,기타,기타,기타
애니,1,기타,기타,기타
콤푸레샤,1,기타,기타,기타
체렌치,1,공구·설비,일반공구,수공구/전동공구
노을,1,기타,기타,기타
바틴,1,기타,기타,기타
따개,1,기타,기타,기타
앰블럼,1,기타,기타,기타
실체,1,기타,기타,기타
장소,1,기타,기타,기타
유압임팩,1,기타,기타,기타
레노이트,1,기타,기타,기타
자율성,1,기타,기타,기타
한계,1,기타,기타,기타
포외,1,기타,기타,기타
현충원,1,기타,기타,기타
높이뛰기,1,기타,기타,기타
판및,1,기타,기타,기타
니퍼등,1,공구·설비,일반공구,수공구/전동공구
쓰레기봉투,1,피복·생활·사무,청소/환경,청소/위생
연말,1,기타,기타,기타
전상환,1,기타,기타,기타
루츠,1,기타,기타,기타
호크아이,1,기타,기타,기타
장탄,1,기타,기타,기타
폼목,1,기타,기타,기타
다시마,1,기타,기타,기타
복도,1,기타,기타,기타
에틸,1,기타,기타,기타
향등,1,기타,기타,기타
장형,1,기타,기타,기타
신성하다,1,기타,기타,기타
어감,1,기타,기타,기타
니트로,1,기타,기타,기타
소목,1,기타,기타,기타
산화,1,기타,기타,기타
부엌,1,기타,기타,기타
터등,1,기타,기타,기타
동결,1,기타,기타,기타
청색,1,기타,기타,기타
공모,1,기타,기타,기타
칙판,1,기타,기타,기타
자립,1,기타,기타,기타
이온,1,기타,기타,기타
제세동기,1,의료·의약·위생,의료소모/장비,의료장비/키트
가마니,1,기타,기타,기타
직시,1,기타,기타,기타
키용,1,기타,기타,기타
야광,1,기타,기타,기타
전라북도,1,기타,기타,기타
전라남도,1,기타,기타,기타
덤보,1,기타,기타,기타
체어,1,기타,기타,기타
정확하다,1,기타,기타,기타
대구광역시,1,기타,기타,기타
대전광역시,1,기타,기타,기타
슬러시,1,기타,기타,기타
웹페이지,1,기타,기타,기타
스카치,1,기타,기타,기타
식축,1,기타,기타,기타
건조과일,1,기타,기타,기타
양사,1,기타,기타,기타
태평,1,기타,기타,기타
넙적당,1,기타,기타,기타
놓다,1,기타,기타,기타
살충제,1,의료·의약·위생,방역/위생,방역/소독
광폭,1,기타,기타,기타
맛방,1,기타,기타,기타
기손,1,기타,기타,기타
피뢰기,1,기타,기타,기타
경상북도,1,기타,기타,기타
오뎅,1,기타,기타,기타
보배,1,기타,기타,기타
백호,1,기타,기타,기타
남면,1,기타,기타,기타
프라이,1,기타,기타,기타
방유,1,기타,기타,기타
월간,1,기타,기타,기타
공익,1,기타,기타,기타
힐링,1,기타,기타,기타
스네이크,1,기타,기타,기타
유트린,1,기타,기타,기타
스펜서,1,기타,기타,기타
소보로빵,1,급식·식품,가공/식자재,식자재
응급실,1,기타,기타,기타
보류,1,기타,기타,기타
티모아,1,기타,기타,기타
방무복,1,기타,기타,기타
칼브럭,1,급식·식품,주방기기,주방/급식장비
예배당,1,기타,기타,기타
간선,1,기타,기타,기타
런진,1,기타,기타,기타
리포트,1,기타,기타,기타
버큠,1,기타,기타,기타
로리,1,기타,기타,기타
돌이,1,기타,기타,기타
끈끈이,1,기타,기타,기타
포린,1,기타,기타,기타
비상등,1,건설·시설,안전/현장,현장안전/표지
거실,1,기타,기타,기타
각질,1,기타,기타,기타
유정,1,기타,기타,기타
방음벽,1,기타,기타,기타
라메졸캅셀,1,기타,기타,기타
화재현장,1,공구·설비,안전/소방,소방/안전장비
몰딩,1,기타,기타,기타
정긍모,1,기타,기타,기타
절체,1,기타,기타,기타
양화진,1,기타,기타,기타
냉동식품,1,급식·식품,가공/식자재,식자재
군인아파트,1,기타,기타,기타
본당,1,기타,기타,기타
학적,1,기타,기타,기타
직감,1,기타,기타,기타
등등,1,기타,기타,기타
티모,1,기타,기타,기타
데티안,1,기타,기타,기타
강조,1,기타,기타,기타
양수기,1,기타,기타,기타
취약,1,기타,기타,기타
조약,1,기타,기타,기타
원피스,1,기타,기타,기타
명량,1,기타,기타,기타
진출,1,기타,기타,기타
적응장애,1,기타,기타,기타
태스트발브,1,기타,기타,기타
볼링,1,기타,기타,기타
밋션작기,1,기타,기타,기타
스리,1,기타,기타,기타
컨베어,1,기타,기타,기타
힐스,1,기타,기타,기타
재킷,1,기타,기타,기타
전신주,1,기타,기타,기타
위례,1,기타,기타,기타
착암기,1,기타,기타,기타
랙등,1,기타,기타,기타
엄지손가락,1,기타,기타,기타
폐럼,1,기타,기타,기타
동계올림픽,1,기타,기타,기타
스텐집,1,기타,기타,기타
매체,1,기타,기타,기타
역통,1,기타,기타,기타
성제,1,기타,기타,기타
광심선융착,1,기타,기타,기타
권리분석,1,기타,기타,기타
권리,1,기타,기타,기타
강평,1,기타,기타,기타
예취기,1,기타,기타,기타
반대,1,기타,기타,기타
유연,1,기타,기타,기타
손가락,1,기타,기타,기타
통기타,1,기타,기타,기타
쿼터,1,기타,기타,기타
마킹용,1,기타,기타,기타
솔레,1,피복·생활·사무,청소/환경,청소/위생
폐함,1,기타,기타,기타
바다,1,기타,기타,기타
마닐라,1,기타,기타,기타
내력,1,기타,기타,기타
성반,1,기타,기타,기타
재민,1,기타,기타,기타
음영,1,기타,기타,기타
샌드쇼트볼등,1,기타,기타,기타
인수,1,기타,기타,기타
근대,1,기타,기타,기타
스펙,1,기타,기타,기타
조처,1,기타,기타,기타
축출,1,기타,기타,기타
폴산,1,기타,기타,기타
죠인트,1,기타,기타,기타
명세서,1,기타,기타,기타
빨대,1,기타,기타,기타
훈증,1,기타,기타,기타
산화칼륨,1,급식·식품,주방기기,주방/급식장비
명수,1,기타,기타,기타
동심,1,기타,기타,기타
렌치형,1,공구·설비,일반공구,수공구/전동공구
황기,1,기타,기타,기타
팔미도,1,기타,기타,기타
베이트,1,기타,기타,기타
스레,1,기타,기타,기타
지연,1,기타,기타,기타
토션바,1,기타,기타,기타
공신,1,기타,기타,기타
도파,1,기타,기타,기타
국산품,1,기타,기타,기타
기갑부대,1,기타,기타,기타
모드,1,기타,기타,기타
크레졸,1,기타,기타,기타
징비록,1,기타,기타,기타
방대,1,기타,기타,기타
징등,1,기타,기타,기타
카드리더기,1,기타,기타,기타
영서,1,기타,기타,기타
초자연,1,기타,기타,기타
동형,1,기타,기타,기타
녹말,1,기타,기타,기타
멈치용,1,기타,기타,기타
남방,1,기타,기타,기타
빠루,1,기타,기타,기타
토션,1,기타,기타,기타
리무,1,기타,기타,기타
세차장,1,기타,기타,기타
파워서플라이,1,기타,기타,기타
무보수,1,기타,기타,기타
축압기등,1,기타,기타,기타
철마,1,기타,기타,기타
한동원,1,기타,기타,기타
목적지,1,기타,기타,기타
무색,1,기타,기타,기타
잉트,1,기타,기타,기타
개등,1,기타,기타,기타
아셀,1,기타,기타,기타
토피,1,기타,기타,기타
메네스,1,기타,기타,기타
로라,1,기타,기타,기타
반정,1,기타,기타,기타
기념물,1,기타,기타,기타
목욕,1,기타,기타,기타
요구사항,1,기타,기타,기타
홀캇타,1,기타,기타,기타
간호사,1,기타,기타,기타
서산,1,기타,기타,기타
소결,1,기타,기타,기타
멤버,1,기타,기타,기타
송사,1,기타,기타,기타
자기초,1,기타,기타,기타
성공,1,기타,기타,기타
사장,1,기타,기타,기타
유튜브,1,기타,기타,기타
단칸,1,기타,기타,기타
다시다,1,기타,기타,기타
등속,1,기타,기타,기타
겹눈,1,기타,기타,기타
포복,1,기타,기타,기타
랜딩,1,기타,기타,기타
폐렴,1,기타,기타,기타
샤휠,1,기타,기타,기타
실러,1,기타,기타,기타
군번,1,기타,기타,기타
띠용등,1,기타,기타,기타
교육성,1,기타,기타,기타
관건,1,기타,기타,기타
일렉기타,1,기타,기타,기타
어회,1,기타,기타,기타
진등,1,기타,기타,기타
대야,1,기타,기타,기타
연두색,1,기타,기타,기타
등강기,1,기타,기타,기타
푸시,1,기타,기타,기타
제막식,1,기타,기타,기타
에스컬레이터,1,기타,기타,기타
계표,1,기타,기타,기타
풋트,1,기타,기타,기타
크로우,1,기타,기타,기타
원기,1,기타,기타,기타
국회,1,기타,기타,기타
이외,1,기타,기타,기타
손잡다,1,기타,기타,기타
수명연장,1,기타,기타,기타
제시,1,기타,기타,기타
주의,1,기타,기타,기타
터니켓,1,기타,기타,기타
구토,1,기타,기타,기타
끈멈치,1,기타,기타,기타
히아루,1,기타,기타,기타
굴착,1,기타,기타,기타
글리콜,1,기타,기타,기타
풍력발전,1,기타,기타,기타
재난대응,1,기타,기타,기타
예정,1,기타,기타,기타
구봉,1,기타,기타,기타
팬밸트,1,건설·시설,장비/장치,공조/전열/펌프
제병,1,기타,기타,기타
비닐하우스,1,기타,기타,기타
슬롯,1,기타,기타,기타
횡요동감쇄,1,기타,기타,기타
압력밥솥,1,기타,기타,기타
경산,1,기타,기타,기타
향균,1,기타,기타,기타
돌쩌귀,1,기타,기타,기타
새시,1,기타,기타,기타
송로,1,기타,기타,기타
변색,1,기타,기타,기타
소프라노,1,기타,기타,기타
토라,1,기타,기타,기타
글래스,1,기타,기타,기타
옵션,1,기타,기타,기타
인젝터등,1,기타,기타,기타
펀칭,1,기타,기타,기타
평행,1,기타,기타,기타
복권,1,기타,기타,기타
군대,1,기타,기타,기타
이온교환,1,기타,기타,기타
나사못,1,기타,기타,기타
파열,1,기타,기타,기타
막내,1,기타,기타,기타
씨앗,1,기타,기타,기타
순무,1,기타,기타,기타
동하,1,기타,기타,기타
기선,1,기타,기타,기타
가리산,1,기타,기타,기타
플롯,1,기타,기타,기타
장착기,1,기타,기타,기타
초크,1,기타,기타,기타
햇빛,1,기타,기타,기타
표현,1,기타,기타,기타
대장균,1,기타,기타,기타
마이크로미터,1,기타,기타,기타
해무,1,기타,기타,기타
기동부대,1,기타,기타,기타
폐합,1,기타,기타,기타
토기,1,기타,기타,기타
크리스탈,1,기타,기타,기타
정성분석,1,기타,기타,기타
전부,1,기타,기타,기타
의례,1,기타,기타,기타
스노우체인,1,기타,기타,기타
사진촬영,1,기타,기타,기타
리미,1,기타,기타,기타
식중독,1,기타,기타,기타
카티아,1,기타,기타,기타
비프리,1,기타,기타,기타
프로토,1,기타,기타,기타
방독,1,공구·설비,안전/소방,소방/안전장비
군관,1,기타,기타,기타
적층렉,1,기타,기타,기타
스판,1,기타,기타,기타
배비,1,기타,기타,기타
장금,1,기타,기타,기타
자발,1,기타,기타,기타
쎄다,1,기타,기타,기타
트블,1,기타,기타,기타
전신타자기,1,기타,기타,기타
루시,1,기타,기타,기타
민지원,1,기타,기타,기타
마이클,1,기타,기타,기타
바트,1,기타,기타,기타
사이언스,1,기타,기타,기타
환부,1,기타,기타,기타
패러다임,1,기타,기타,기타
통결합체,1,기타,기타,기타
동래부순절도,1,기타,기타,기타
케브,1,기타,기타,기타
스페이드핀,1,기타,기타,기타
롯데,1,기타,기타,기타
정실,1,기타,기타,기타
방호복,1,기타,기타,기타
우주개발,1,기타,기타,기타
일류,1,기타,기타,기타
카라멜,1,기타,기타,기타
전정가위,1,기타,기타,기타
제스,1,기타,기타,기타
대의,1,기타,기타,기타
지터,1,기타,기타,기타
퍼즐,1,기타,기타,기타
정보통신부,1,IT·통신,무선/통신장비,무전기/위성
라트,1,기타,기타,기타
전동유,1,기타,기타,기타
군창,1,기타,기타,기타
공화춘,1,기타,기타,기타
물티슈,1,기타,기타,기타
글리코,1,기타,기타,기타
피롤,1,기타,기타,기타
미디엄,1,기타,기타,기타
발격포,1,기타,기타,기타
덴트,1,기타,기타,기타
원인,1,기타,기타,기타
코레셔,1,기타,기타,기타
우어,1,기타,기타,기타
나발,1,기타,기타,기타
플라스크,1,기타,기타,기타
용비,1,기타,기타,기타
상지,1,기타,기타,기타
소부,1,기타,기타,기타
칠이,1,기타,기타,기타
인간관계,1,기타,기타,기타
충의,1,기타,기타,기타
쎄레,1,기타,기타,기타
인과,1,기타,기타,기타
노끈,1,기타,기타,기타
발령,1,기타,기타,기타
서카딘,1,기타,기타,기타
방정,1,기타,기타,기타
마이티,1,기타,기타,기타
카탈리스트,1,기타,기타,기타
에바,1,기타,기타,기타
국악기,1,기타,기타,기타
벽관,1,기타,기타,기타
아라미드,1,기타,기타,기타
브롬,1,기타,기타,기타
한도,1,기타,기타,기타
동상,1,기타,기타,기타
수학여행,1,기타,기타,기타
통반,1,기타,기타,기타
핵신,1,기타,기타,기타
과산화수소,1,기타,기타,기타
팩킹등,1,기타,기타,기타
리거,1,기타,기타,기타
판펀,1,기타,기타,기타
절삭날,1,기타,기타,기타
성작,1,기타,기타,기타
홍송,1,기타,기타,기타
전도율,1,기타,기타,기타
법규,1,기타,기타,기타
원자력,1,기타,기타,기타
칭기,1,기타,기타,기타
기념관,1,기타,기타,기타
엣지,1,기타,기타,기타
전세기,1,기타,기타,기타
부형,1,기타,기타,기타
광양함,1,기타,기타,기타
노부,1,기타,기타,기타
기원,1,기타,기타,기타
정표,1,기타,기타,기타
다이빙,1,기타,기타,기타
린디,1,기타,기타,기타
감마,1,기타,기타,기타
전문가,1,기타,기타,기타
시편,1,기타,기타,기타
안트라사이트,1,기타,기타,기타
자간,1,기타,기타,기타
한화,1,기타,기타,기타
열사,1,기타,기타,기타
부정행위,1,기타,기타,기타
조정식,1,기타,기타,기타
승선근무예비역,1,기타,기타,기타
병역,1,기타,기타,기타
대방동,1,기타,기타,기타
휴대전화,1,기타,기타,기타
급무,1,기타,기타,기타
결찰,1,기타,기타,기타
장생포,1,기타,기타,기타
차탁,1,기타,기타,기타
테두리,1,기타,기타,기타
외장하드,1,기타,기타,기타
레다,1,기타,기타,기타
배려,1,기타,기타,기타
화장품,1,기타,기타,기타
구지원,1,기타,기타,기타
커넥션,1,기타,기타,기타
눈쌀,1,급식·식품,가공/식자재,식자재
인절미,1,기타,기타,기타
돗자리,1,기타,기타,기타
비제,1,기타,기타,기타
면전,1,기타,기타,기타
이미드,1,기타,기타,기타
통학버스,1,차량·기동,차량/정비,차량부품/소모품
코솝,1,기타,기타,기타
수경,1,기타,기타,기타
피지,1,기타,기타,기타
애자,1,기타,기타,기타
유규,1,기타,기타,기타
프레임워크,1,기타,기타,기타
미공군,1,기타,기타,기타
기어오일,1,차량·기동,차량/정비,차량부품/소모품
형유압,1,기타,기타,기타
직납,1,기타,기타,기타
각지,1,기타,기타,기타
전국,1,기타,기타,기타
이지용,1,기타,기타,기타
천체,1,기타,기타,기타
삼투압,1,기타,기타,기타
로스,1,기타,기타,기타
혁명,1,기타,기타,기타
전체,1,기타,기타,기타
무국,1,기타,기타,기타
계좌,1,기타,기타,기타
풀등,1,기타,기타,기타
연양갱,1,기타,기타,기타
아이스밀크,1,기타,기타,기타
레비,1,기타,기타,기타
소해윈치,1,기타,기타,기타
삼나무,1,기타,기타,기타
전문화,1,기타,기타,기타
납추,1,기타,기타,기타
콜리,1,기타,기타,기타
직영,1,기타,기타,기타
관외,1,기타,기타,기타
바리톤,1,기타,기타,기타
오름,1,기타,기타,기타
절전,1,기타,기타,기타
체련단련실,1,기타,기타,기타
계엄,1,기타,기타,기타
민주,1,기타,기타,기타
증대,1,기타,기타,기타
설문지,1,기타,기타,기타
전인,1,기타,기타,기타
도심,1,기타,기타,기타
구리시,1,기타,기타,기타
하단,1,기타,기타,기타
요가,1,기타,기타,기타
후보자,1,기타,기타,기타
잔뇨량,1,기타,기타,기타
스마,1,기타,기타,기타
가시광선,1,기타,기타,기타
솔더,1,피복·생활·사무,청소/환경,청소/위생
유용성,1,기타,기타,기타
원자력추진,1,기타,기타,기타
에칭,1,기타,기타,기타
막사,1,기타,기타,기타
유비,1,기타,기타,기타
교통안전표지판,1,건설·시설,안전/현장,현장안전/표지
생삽겹살,1,기타,기타,기타
호박죽,1,기타,기타,기타
오르다,1,기타,기타,기타
색띠,1,기타,기타,기타
판매업,1,기타,기타,기타
액슬,1,기타,기타,기타
풀드,1,기타,기타,기타
과립,1,기타,기타,기타
낙석,1,기타,기타,기타
각부,1,기타,기타,기타
방지책,1,기타,기타,기타
시리즈,1,기타,기타,기타
논문,1,기타,기타,기타
무형,1,기타,기타,기타
리페,1,기타,기타,기타
백파이프,1,건설·시설,자재/철물,자재/철물
미스트,1,기타,기타,기타
부패,1,기타,기타,기타
뇨량,1,기타,기타,기타
반절,1,기타,기타,기타
연감,1,기타,기타,기타
제인,1,기타,기타,기타
그을음,1,기타,기타,기타
고양시,1,기타,기타,기타
암거,1,기타,기타,기타
롤코,1,기타,기타,기타
묘쇄,1,기타,기타,기타
초대형,1,기타,기타,기타
위트,1,기타,기타,기타
용포,1,기타,기타,기타
삼결,1,기타,기타,기타
바닥나다,1,기타,기타,기타
유망,1,기타,기타,기타
안방,1,기타,기타,기타
건전성,1,기타,기타,기타
진복,1,기타,기타,기타
피우다,1,기타,기타,기타
구치,1,기타,기타,기타
염료,1,기타,기타,기타
토스터,1,기타,기타,기타
쟈크,1,기타,기타,기타
돔등,1,기타,기타,기타
노브,1,기타,기타,기타
스쿠터,1,기타,기타,기타
깃대,1,기타,기타,기타
교욱,1,기타,기타,기타
쌍학,1,기타,기타,기타
보석,1,기타,기타,기타
공예품,1,기타,기타,기타
외함,1,기타,기타,기타
황정,1,기타,기타,기타
관재,1,기타,기타,기타
문지르다,1,기타,기타,기타
노트북컴퓨터,1,IT·통신,PC/주변기기,PC/노트북
부대마크,1,기타,기타,기타
혼다,1,기타,기타,기타
임부,1,기타,기타,기타
요령,1,기타,기타,기타
우취,1,기타,기타,기타
포셉킷,1,기타,기타,기타
종별,1,기타,기타,기타
반지원,1,기타,기타,기타
추락,1,기타,기타,기타
원유,1,기타,기타,기타
미보,1,기타,기타,기타
바지락,1,기타,기타,기타
군법,1,기타,기타,기타
천보,1,기타,기타,기타
쵸코,1,기타,기타,기타
행거,1,기타,기타,기타
표절,1,기타,기타,기타
볼렌치,1,공구·설비,일반공구,수공구/전동공구
메졸,1,기타,기타,기타
상강,1,기타,기타,기타
드란트,1,기타,기타,기타
바이럴,1,기타,기타,기타
메터,1,기타,기타,기타
정유용,1,기타,기타,기타
신길동,1,기타,기타,기타
이롭다,1,기타,기타,기타
픗살,1,기타,기타,기타
컴골,1,기타,기타,기타
충액,1,기타,기타,기타
양주시,1,기타,기타,기타
환류,1,기타,기타,기타
주말,1,기타,기타,기타
정온,1,기타,기타,기타
추수,1,기타,기타,기타
나물,1,기타,기타,기타
수형,1,기타,기타,기타
전자도서,1,피복·생활·사무,사무/문서,문구/사무기기
답사,1,기타,기타,기타
형등,1,기타,기타,기타
식염,1,기타,기타,기타
퍼지다,1,기타,기타,기타
플루,1,기타,기타,기타
센트,1,기타,기타,기타
러시아,1,기타,기타,기타
마감,1,기타,기타,기타
큐알론,1,기타,기타,기타
현판,1,기타,기타,기타
나로,1,기타,기타,기타
전상,1,기타,기타,기타
미노,1,기타,기타,기타
아일랜드,1,기타,기타,기타
분하다,1,기타,기타,기타
보대,1,기타,기타,기타
함선,1,기타,기타,기타
워렌,1,기타,기타,기타
타코미터,1,기타,기타,기타
야수,1,기타,기타,기타
입관,1,기타,기타,기타
감초,1,기타,기타,기타
알큐,1,기타,기타,기타
케이드,1,기타,기타,기타
컷팅봉,1,기타,기타,기타
아시클로버,1,기타,기타,기타
면장,1,기타,기타,기타
압류,1,기타,기타,기타
베란다,1,기타,기타,기타
무선인터넷,1,IT·통신,무선/통신장비,무전기/위성
외측,1,기타,기타,기타
평가원,1,기타,기타,기타
교채,1,기타,기타,기타
자루,1,기타,기타,기타
융착기,1,기타,기타,기타
수감,1,기타,기타,기타
압변,1,기타,기타,기타
상해,1,기타,기타,기타
남품,1,기타,기타,기타
가오리,1,기타,기타,기타
숙박시설,1,기타,기타,기타
숙박업소,1,기타,기타,기타
횡도,1,기타,기타,기타
자세,1,기타,기타,기타
발화,1,기타,기타,기타
대강,1,기타,기타,기타
공중급유기,1,기타,기타,기타
물리,1,기타,기타,기타
서초구,1,기타,기타,기타
로커룸,1,기타,기타,기타
침낭롤,1,피복·생활·사무,피복/보급,군장/피복
낮다,1,기타,기타,기타
디옥,1,기타,기타,기타
양지,1,기타,기타,기타
부위,1,기타,기타,기타
증후군,1,기타,기타,기타
쳬계,1,기타,기타,기타
우루사,1,기타,기타,기타
캣치,1,기타,기타,기타
랄액,1,기타,기타,기타
경로,1,기타,기타,기타
켑슐,1,기타,기타,기타
미래부,1,기타,기타,기타
까르보나라,1,기타,기타,기타
구합,1,기타,기타,기타
스팬션,1,건설·시설,장비/장치,공조/전열/펌프
탄연,1,기타,기타,기타
테이저건,1,기타,기타,기타
한문,1,기타,기타,기타
기계공,1,기타,기타,기타
임진,1,기타,기타,기타
카보닌,1,기타,기타,기타
대퇴부,1,기타,기타,기타
졸업식,1,기타,기타,기타
색소,1,기타,기타,기타
면떡,1,기타,기타,기타
종진,1,기타,기타,기타
각대,1,기타,기타,기타
교반,1,기타,기타,기타
아교,1,기타,기타,기타
도실,1,기타,기타,기타
캔커피,1,급식·식품,가공/식자재,식자재
교자,1,기타,기타,기타
용동,1,기타,기타,기타
비탄,1,기타,기타,기타
북단,1,기타,기타,기타
아름,1,기타,기타,기타
조사리,1,기타,기타,기타
플렉스,1,기타,기타,기타
강력,1,기타,기타,기타
인터쿨러,1,기타,기타,기타
간호학,1,기타,기타,기타
룸메,1,기타,기타,기타
전동조,1,기타,기타,기타
시제,1,기타,기타,기타
조지원,1,기타,기타,기타
모터사이클,1,기타,기타,기타
태양열,1,기타,기타,기타
청자,1,기타,기타,기타
엔리먼트,1,기타,기타,기타
필요하다,1,기타,기타,기타
외고,1,기타,기타,기타
피펩팁,1,기타,기타,기타
처분,1,기타,기타,기타
자력,1,기타,기타,기타
대체재,1,기타,기타,기타
환형,1,기타,기타,기타
해경,1,기타,기타,기타
날염,1,기타,기타,기타
잉여,1,기타,기타,기타
파급,1,기타,기타,기타
베루말,1,기타,기타,기타
규칙,1,기타,기타,기타
미방,1,기타,기타,기타
용외,1,기타,기타,기타
북핵,1,기타,기타,기타
투입,1,기타,기타,기타
자폭,1,기타,기타,기타
추진단,1,기타,기타,기타
은하수,1,기타,기타,기타
페턴,1,기타,기타,기타
사망률,1,기타,기타,기타
공군본부,1,기타,기타,기타
씨디,1,기타,기타,기타
련장유압,1,기타,기타,기타
출하,1,기타,기타,기타
편지,1,기타,기타,기타
반환,1,기타,기타,기타
학급,1,기타,기타,기타
편년사,1,기타,기타,기타
및축,1,기타,기타,기타
주비,1,기타,기타,기타
어드퍼,1,기타,기타,기타
셀트,1,기타,기타,기타
현역,1,기타,기타,기타
정착,1,기타,기타,기타
테니스,1,기타,기타,기타
분쟁,1,기타,기타,기타
대한국,1,기타,기타,기타
서고,1,기타,기타,기타
세계대전,1,기타,기타,기타
개혁,1,기타,기타,기타
문산,1,기타,기타,기타
유압잭,1,기타,기타,기타
및망,1,기타,기타,기타
멘톨,1,기타,기타,기타
효성,1,기타,기타,기타
리코,1,기타,기타,기타
절대,1,기타,기타,기타
충진,1,기타,기타,기타
부석,1,기타,기타,기타
제반,1,기타,기타,기타
틸팅,1,기타,기타,기타
목시,1,기타,기타,기타
밴딩,1,기타,기타,기타
웹툰,1,기타,기타,기타
부싱용,1,기타,기타,기타
재능,1,기타,기타,기타
이발소,1,기타,기타,기타
바니쉬,1,기타,기타,기타
연판,1,기타,기타,기타
정전용량,1,기타,기타,기타
외다,1,기타,기타,기타
샌드백,1,기타,기타,기타
닉켈등,1,기타,기타,기타
보틀,1,기타,기타,기타
발달,1,기타,기타,기타
환통류,1,기타,기타,기타
박옥규,1,기타,기타,기타
구전,1,기타,기타,기타
레디,1,기타,기타,기타
끼우다,1,기타,기타,기타
튜너,1,기타,기타,기타
접항,1,기타,기타,기타
잗비,1,기타,기타,기타
아이디어,1,기타,기타,기타
일산화탄소,1,기타,기타,기타
물변,1,기타,기타,기타
다대,1,기타,기타,기타
두껑,1,기타,기타,기타
접안렌즈,1,기타,기타,기타
기승,1,기타,기타,기타
담금질,1,기타,기타,기타
접봉,1,기타,기타,기타
디지탈,1,기타,기타,기타
터러복등,1,기타,기타,기타
패스츄리,1,기타,기타,기타
광각,1,기타,기타,기타
짱아찌,1,기타,기타,기타
탈착,1,기타,기타,기타
수술복,1,기타,기타,기타
면범,1,기타,기타,기타
기계가공,1,기타,기타,기타
점멸,1,기타,기타,기타
연역,1,기타,기타,기타
가쓰오부시,1,기타,기타,기타
고령자,1,기타,기타,기타
디텐드,1,기타,기타,기타
딥스,1,기타,기타,기타
포틀랜드,1,기타,기타,기타
주포,1,기타,기타,기타
심리상담,1,기타,기타,기타
거주,1,기타,기타,기타
경항공모함,1,기타,기타,기타
비스킷,1,기타,기타,기타
팬등,1,건설·시설,장비/장치,공조/전열/펌프
복대,1,기타,기타,기타
껍질,1,기타,기타,기타
해독제,1,기타,기타,기타
측풍,1,기타,기타,기타
디지털백,1,기타,기타,기타
백상지,1,기타,기타,기타
요도,1,기타,기타,기타
절제,1,기타,기타,기타
내증,1,기타,기타,기타
소식,1,기타,기타,기타
베셀,1,기타,기타,기타
조개,1,기타,기타,기타
파란색,1,기타,기타,기타
공단,1,기타,기타,기타
선도,1,기타,기타,기타
차휠,1,기타,기타,기타
종대,1,기타,기타,기타
팸스,1,기타,기타,기타
최근,1,기타,기타,기타
톤부싱등,1,기타,기타,기타
제단,1,기타,기타,기타
덤웨이터,1,기타,기타,기타
타타,1,기타,기타,기타
광양,1,기타,기타,기타
부의,1,기타,기타,기타
울릉도,1,기타,기타,기타
동송,1,기타,기타,기타
산호,1,기타,기타,기타
덴쳐바,1,기타,기타,기타
법인,1,기타,기타,기타
사라,1,기타,기타,기타
석등,1,기타,기타,기타
제관,1,기타,기타,기타
군복,1,기타,기타,기타
허리띠,1,기타,기타,기타
레미,1,기타,기타,기타
콜로이드,1,기타,기타,기타
경사면,1,기타,기타,기타
요건,1,기타,기타,기타
연주자,1,기타,기타,기타
베이스기타,1,기타,기타,기타
에어백,1,기타,기타,기타
촛대,1,기타,기타,기타
세타,1,기타,기타,기타
보안사,1,기타,기타,기타
스톤,1,기타,기타,기타
밀착,1,기타,기타,기타
페닐,1,기타,기타,기타
처벌,1,기타,기타,기타
표백제,1,기타,기타,기타
자기공명,1,기타,기타,기타
손도끼,1,기타,기타,기타
기행,1,기타,기타,기타
동두천,1,기타,기타,기타
빅토리,1,기타,기타,기타
뱃지,1,기타,기타,기타
플렌지결합체,1,기타,기타,기타
리미트,1,기타,기타,기타
행위,1,기타,기타,기타
코발트,1,기타,기타,기타
보령,1,기타,기타,기타
염화칼륨,1,급식·식품,주방기기,주방/급식장비
성실,1,기타,기타,기타
위성전화,1,IT·통신,무선/통신장비,무전기/위성
호이스,1,기타,기타,기타
핑거,1,기타,기타,기타
팔레,1,기타,기타,기타
토익,1,기타,기타,기타
캐롤,1,기타,기타,기타
정림,1,기타,기타,기타
절판,1,기타,기타,기타
부가,1,기타,기타,기타
하리,1,기타,기타,기타
및충진,1,기타,기타,기타
지목,1,기타,기타,기타
설다,1,기타,기타,기타
검은색,1,기타,기타,기타
승차,1,급식·식품,가공/식자재,식자재
호루,1,기타,기타,기타
입회,1,기타,기타,기타
쇼피닝,1,기타,기타,기타
원두,1,기타,기타,기타
배구공,1,기타,기타,기타
빙고,1,기타,기타,기타
상실,1,기타,기타,기타
컷팅자,1,기타,기타,기타
스타일,1,기타,기타,기타
장흥동,1,기타,기타,기타
포룡,1,기타,기타,기타
어셈블러,1,기타,기타,기타
시프,1,기타,기타,기타
케이엠,1,기타,기타,기타
후불,1,기타,기타,기타
철차,1,급식·식품,가공/식자재,식자재
정보원,1,기타,기타,기타
인테리어,1,기타,기타,기타
스텐레스형,1,기타,기타,기타
초대교회,1,기타,기타,기타
보계,1,기타,기타,기타
인형,1,기타,기타,기타
서보모터,1,기타,기타,기타
계지원,1,기타,기타,기타
특별자치시,1,기타,기타,기타
손소독제,1,의료·의약·위생,방역/위생,방역/소독
중공업,1,기타,기타,기타
수입품,1,기타,기타,기타
형호,1,기타,기타,기타
바피,1,기타,기타,기타
병탄,1,기타,기타,기타
품모,1,기타,기타,기타
빛고을,1,기타,기타,기타
양지역,1,기타,기타,기타
어답터,1,기타,기타,기타
확충,1,기타,기타,기타
전차전,1,기타,기타,기타
진격,1,기타,기타,기타
보반,1,기타,기타,기타
임피,1,기타,기타,기타
더스,1,기타,기타,기타
수질오염,1,기타,기타,기타
변역,1,기타,기타,기타
케이블카,1,IT·통신,PC/주변기기,PC/노트북
편심,1,기타,기타,기타
범죄예방,1,기타,기타,기타
인증서,1,기타,기타,기타
케리,1,기타,기타,기타
명부,1,기타,기타,기타
헤어,1,기타,기타,기타
드라이기,1,기타,기타,기타
거북선,1,기타,기타,기타
전륜,1,기타,기타,기타
과식,1,기타,기타,기타
티스,1,기타,기타,기타
커팅엣지,1,기타,기타,기타
철망,1,기타,기타,기타
드라이빙,1,기타,기타,기타
시메티딘,1,기타,기타,기타
솔렌노,1,피복·생활·사무,청소/환경,청소/위생
라돈,1,기타,기타,기타
역전,1,기타,기타,기타
출결,1,기타,기타,기타
페낙,1,기타,기타,기타
정방호,1,기타,기타,기타
용축등,1,기타,기타,기타
학산,1,기타,기타,기타
용컵등,1,기타,기타,기타
셸터,1,기타,기타,기타
유압식등,1,기타,기타,기타
리델,1,기타,기타,기타
커니,1,기타,기타,기타
코튼,1,기타,기타,기타
커피포트,1,급식·식품,가공/식자재,식자재
유명하다,1,기타,기타,기타
청림,1,기타,기타,기타
핑킹,1,기타,기타,기타
스트로,1,기타,기타,기타
진유,1,기타,기타,기타
주차장,1,기타,기타,기타
황목,1,기타,기타,기타
표범,1,기타,기타,기타
터비,1,기타,기타,기타
디플로,1,기타,기타,기타
코톨론,1,기타,기타,기타
소코,1,기타,기타,기타
감쇄기,1,기타,기타,기타
검안,1,기타,기타,기타
향로,1,기타,기타,기타
납축,1,기타,기타,기타
화지,1,기타,기타,기타
샤클,1,기타,기타,기타
도막,1,기타,기타,기타
방수재,1,건설·시설,자재/철물,자재/철물
주관,1,기타,기타,기타
출연,1,기타,기타,기타
트랜섬,1,기타,기타,기타
샴푸,1,기타,기타,기타
리튬배터리,1,차량·기동,차량/정비,차량부품/소모품
피켓,1,기타,기타,기타
말레이시아,1,기타,기타,기타
슬러,1,기타,기타,기타
아일렛,1,기타,기타,기타
삼척,1,기타,기타,기타
다이크,1,기타,기타,기타
차주,1,기타,기타,기타
칼씰,1,급식·식품,주방기기,주방/급식장비
기침,1,기타,기타,기타
종류,1,기타,기타,기타
성남,1,기타,기타,기타
여압누출,1,기타,기타,기타
법당,1,기타,기타,기타
외등,1,기타,기타,기타
케틀벨,1,기타,기타,기타
썬팅,1,기타,기타,기타
회투,1,기타,기타,기타
이정표,1,기타,기타,기타
삭제,1,기타,기타,기타
중견,1,기타,기타,기타
동반성,1,기타,기타,기타
가모,1,기타,기타,기타
에어컨디셔너,1,건설·시설,장비/장치,공조/전열/펌프
라디오존데,1,기타,기타,기타
백열,1,기타,기타,기타
에피네프린,1,기타,기타,기타
본류,1,기타,기타,기타
트램폴린,1,IT·통신,PC/주변기기,PC/노트북
과속,1,기타,기타,기타
역주행,1,기타,기타,기타
장발,1,기타,기타,기타
통일대교,1,기타,기타,기타
섀클등,1,기타,기타,기타
배설기,1,기타,기타,기타
마주,1,기타,기타,기타
통닭구이,1,기타,기타,기타
형조,1,기타,기타,기타
광파,1,기타,기타,기타
다짐,1,기타,기타,기타
제화,1,기타,기타,기타
인드리,1,기타,기타,기타
벳등,1,기타,기타,기타
커피잔,1,급식·식품,가공/식자재,식자재
피크닉,1,기타,기타,기타
사열,1,기타,기타,기타
떡갈비,1,기타,기타,기타
소방복,1,기타,기타,기타
토큰,1,기타,기타,기타
동성,1,기타,기타,기타
구장,1,기타,기타,기타
티램주,1,IT·통신,PC/주변기기,PC/노트북
준법,1,기타,기타,기타
개품,1,기타,기타,기타
랙결합체좌,1,기타,기타,기타
서해,1,기타,기타,기타
돈스,1,기타,기타,기타
방치,1,기타,기타,기타
포비,1,기타,기타,기타
중화가,1,기타,기타,기타
지팡이,1,기타,기타,기타
천문대,1,기타,기타,기타
영주권,1,기타,기타,기타
이버맥,1,기타,기타,기타
적신,1,기타,기타,기타
대체요법,1,기타,기타,기타
플린트,1,기타,기타,기타
자해,1,기타,기타,기타
사망,1,기타,기타,기타
예우,1,기타,기타,기타
상영,1,기타,기타,기타
덴티움,1,기타,기타,기타
스크린골프,1,기타,기타,기타
경대,1,기타,기타,기타
시가지,1,기타,기타,기타
교육비,1,기타,기타,기타
입교,1,기타,기타,기타
벌브,1,기타,기타,기타
상단,1,기타,기타,기타
핸드폰,1,기타,기타,기타
왜건,1,기타,기타,기타
인덱스,1,기타,기타,기타
광원,1,기타,기타,기타
호위,1,기타,기타,기타
광컨버커,1,기타,기타,기타
크라프트,1,기타,기타,기타
베스트,1,기타,기타,기타
차외,1,기타,기타,기타
평정,1,기타,기타,기타
구보,1,기타,기타,기타
무사,1,기타,기타,기타
제계,1,기타,기타,기타
웹사이트,1,기타,기타,기타
레그프레스,1,기타,기타,기타
션등,1,기타,기타,기타
기탄,1,기타,기타,기타
실콘,1,건설·시설,안전/현장,현장안전/표지
글리,1,기타,기타,기타
볼루,1,기타,기타,기타
등판등,1,기타,기타,기타
쿼더런트,1,기타,기타,기타
장축,1,기타,기타,기타
광축,1,기타,기타,기타
단디,1,기타,기타,기타
섹스,1,기타,기타,기타
청주시,1,기타,기타,기타
신검,1,기타,기타,기타
오손,1,기타,기타,기타
습격,1,기타,기타,기타
오메,1,기타,기타,기타
교통사고,1,기타,기타,기타
폐활량,1,기타,기타,기타
수영모,1,기타,기타,기타
육적,1,기타,기타,기타
프레드,1,기타,기타,기타
중지,1,기타,기타,기타
화이,1,기타,기타,기타
창등,1,기타,기타,기타
실험설계,1,기타,기타,기타
발의,1,기타,기타,기타
신종,1,기타,기타,기타
파이브,1,기타,기타,기타
지휘자,1,기타,기타,기타
맑은,1,기타,기타,기타
트겔,1,기타,기타,기타
풀룻,1,기타,기타,기타
제국,1,기타,기타,기타
화교,1,기타,기타,기타
구취,1,기타,기타,기타
로탈,1,기타,기타,기타
포스,1,기타,기타,기타
셀렉,1,기타,기타,기타
전보,1,기타,기타,기타
생일케이크,1,기타,기타,기타
인행처,1,기타,기타,기타
높낮이,1,기타,기타,기타
합천,1,기타,기타,기타
타이레놀,1,기타,기타,기타
아디,1,기타,기타,기타
정등,1,기타,기타,기타
디플렉트형,1,기타,기타,기타
탈의,1,기타,기타,기타
사유,1,기타,기타,기타
티그,1,기타,기타,기타
포터,1,기타,기타,기타
스콜,1,기타,기타,기타
비스트,1,기타,기타,기타
경장,1,기타,기타,기타
가도,1,기타,기타,기타
수령,1,기타,기타,기타
레인지,1,기타,기타,기타
워키토키,1,기타,기타,기타
옥내,1,기타,기타,기타
싯업,1,기타,기타,기타
전투원,1,기타,기타,기타
벽돌,1,기타,기타,기타
주기용,1,기타,기타,기타
아데노신,1,기타,기타,기타
바스타,1,기타,기타,기타
틴정,1,기타,기타,기타
유압식잭,1,기타,기타,기타
투베르쿨린,1,기타,기타,기타
피디,1,기타,기타,기타
새우깡,1,기타,기타,기타
네오스티그민,1,기타,기타,기타
정아,1,기타,기타,기타
들리다,1,기타,기타,기타
면포,1,기타,기타,기타
파워스티어링,1,기타,기타,기타
스치다,1,기타,기타,기타
해커,1,기타,기타,기타
인포그래픽,1,IT·통신,PC/주변기기,PC/노트북
본넷등,1,기타,기타,기타
누마렌,1,기타,기타,기타
전건,1,기타,기타,기타
탈산,1,기타,기타,기타
자정,1,기타,기타,기타
머그잔,1,기타,기타,기타
리사,1,기타,기타,기타
봉기,1,기타,기타,기타
버드,1,기타,기타,기타
잔료량,1,기타,기타,기타
롤백,1,기타,기타,기타
나토,1,기타,기타,기타
쪼끼,1,기타,기타,기타
포르투갈어,1,기타,기타,기타
장재,1,기타,기타,기타
백서,1,기타,기타,기타
체육대회,1,기타,기타,기타
귀빈,1,기타,기타,기타
중인,1,기타,기타,기타
용창,1,기타,기타,기타
주유소,1,기타,기타,기타
포트폴리오,1,기타,기타,기타
오슬로,1,기타,기타,기타
경추,1,기타,기타,기타
직관,1,기타,기타,기타
닭망,1,기타,기타,기타
농지,1,기타,기타,기타
삼중수소,1,기타,기타,기타
주주,1,기타,기타,기타
셀터,1,기타,기타,기타
구식,1,기타,기타,기타
마모,1,기타,기타,기타
세면대,1,기타,기타,기타
기혼,1,기타,기타,기타
지장,1,기타,기타,기타
트로피,1,기타,기타,기타
청소년,1,피복·생활·사무,청소/환경,청소/위생
역설계,1,기타,기타,기타
풀통,1,기타,기타,기타
낙하,1,기타,기타,기타
각막,1,기타,기타,기타
유온,1,기타,기타,기타
딩시,1,기타,기타,기타
철핀,1,기타,기타,기타
오프너,1,기타,기타,기타
고창,1,기타,기타,기타
전함,1,기타,기타,기타
동해안,1,기타,기타,기타
사다리꼴,1,건설·시설,안전/현장,현장안전/표지
브레이커,1,기타,기타,기타
트콘트롤써킷,1,건설·시설,안전/현장,현장안전/표지
폴딩,1,기타,기타,기타
접촉성,1,기타,기타,기타
헌화,1,기타,기타,기타
스피너,1,기타,기타,기타
방폭문,1,기타,기타,기타
돌출,1,기타,기타,기타
포터블,1,기타,기타,기타
남미,1,기타,기타,기타
어청도,1,기타,기타,기타
보조장,1,기타,기타,기타
변위,1,기타,기타,기타
대류권,1,기타,기타,기타
산란,1,기타,기타,기타
석류,1,기타,기타,기타
성안,1,기타,기타,기타
개입,1,기타,기타,기타
컷터,1,기타,기타,기타
자낙스,1,기타,기타,기타
시뮬,1,기타,기타,기타
도립,1,기타,기타,기타
체계관리자,1,기타,기타,기타
판매원,1,기타,기타,기타
간벌,1,기타,기타,기타
종반,1,기타,기타,기타
별내,1,기타,기타,기타
사신,1,기타,기타,기타
리리,1,기타,기타,기타
덕동,1,기타,기타,기타
묘역,1,기타,기타,기타
타액,1,기타,기타,기타
자치,1,기타,기타,기타
담당자,1,기타,기타,기타
온통,1,기타,기타,기타
식판회,1,급식·식품,주방기기,주방/급식장비
피벗,1,기타,기타,기타
지형도,1,특수장비,측지/지리공간,GPS/측량
워시,1,기타,기타,기타
처지다,1,기타,기타,기타
방사포,1,기타,기타,기타
방물,1,기타,기타,기타
알씨,1,기타,기타,기타
리듐전,1,기타,기타,기타
손수건,1,기타,기타,기타
혼자,1,기타,기타,기타
루파,1,기타,기타,기타
핀정,1,기타,기타,기타
동명,1,기타,기타,기타
스포티지,1,기타,기타,기타
손실,1,기타,기타,기타
보전,1,기타,기타,기타
캠등,1,기타,기타,기타
축지,1,기타,기타,기타
국용,1,기타,기타,기타
동의,1,기타,기타,기타
경하,1,기타,기타,기타
폴리카보네이트,1,기타,기타,기타
지압,1,기타,기타,기타
얼굴인식,1,IT·통신,CCTV/보안,영상감시
변류기,1,기타,기타,기타
이윤제,1,기타,기타,기타
라멘,1,기타,기타,기타
미디,1,기타,기타,기타
소비,1,기타,기타,기타
수용률,1,기타,기타,기타
삽외,1,기타,기타,기타
트롤리,1,기타,기타,기타
타군,1,기타,기타,기타
단체교섭,1,기타,기타,기타
헤르,1,기타,기타,기타
노무,1,기타,기타,기타
심폐소생,1,기타,기타,기타
상반신,1,기타,기타,기타
복트,1,기타,기타,기타
메디아,1,기타,기타,기타
사이버테러,1,기타,기타,기타
더마틱스,1,기타,기타,기타
항정,1,기타,기타,기타
칠판,1,기타,기타,기타
시금치,1,기타,기타,기타
스캐닝,1,기타,기타,기타
용차,1,급식·식품,가공/식자재,식자재
톤덤프,1,기타,기타,기타
스트드,1,기타,기타,기타
스위처,1,기타,기타,기타
토체,1,기타,기타,기타
꾸리,1,기타,기타,기타
우편,1,기타,기타,기타
자미,1,기타,기타,기타
비산,1,기타,기타,기타
스트레,1,기타,기타,기타
의도,1,기타,기타,기타
반갑다,1,기타,기타,기타
둥지,1,기타,기타,기타
사이버공격,1,기타,기타,기타
타악기,1,기타,기타,기타
반파,1,기타,기타,기타
장외,1,기타,기타,기타
레딩,1,기타,기타,기타
구단,1,기타,기타,기타
관대,1,기타,기타,기타
대재,1,기타,기타,기타
태평소,1,기타,기타,기타
트프레스,1,기타,기타,기타
환제,1,기타,기타,기타
폰트,1,기타,기타,기타
함체,1,기타,기타,기타
수은등,1,기타,기타,기타
흔적,1,기타,기타,기타
안전훈련,1,기타,기타,기타
학술지,1,기타,기타,기타
상보,1,기타,기타,기타
펜치,1,공구·설비,일반공구,수공구/전동공구
컴팩트,1,기타,기타,기타
롤컷,1,기타,기타,기타
후춧가루,1,기타,기타,기타
민수형,1,기타,기타,기타
