,입찰명,발주기관,낙찰자(상호)
26,긴급 영선보수자재 구매(UPS배터리),국방부근무지원단,주식회사 비엔피시스템
27,00지역 시설공사 관급자재(알루미늄패널) 제조 납품,국방부근무지원단,주식회사 극동
28,00지역 시설공사 관급자재(GHP) 설치납품,국방부근무지원단,지엔원에너지 주식회사
45,관급자재-글라스울징크 판넬 제조.구매(설치포함),공군제15특수임무비행단,다얼테크
68,시설공사 관급자재(화물용엘리베이터)제조 설치납품,국방부근무지원단,주식회사광진엔지니어링
69,시설공사 관급자재(조명기구)제조 납품,국방부근무지원단,(주)베크룩스
70,시설공사 관급자재(분전반)제조 납품,국방부근무지원단,주식회사 케이엔
71,관급자재(전관방송 및 AV설비) 제조 설치납품,국방부근무지원단,주식회사 누리정보기술
72,종교센타 리모델링 관급자재(조명기구) 제조납품,국방부근무지원단,주식회사 해인엘이디
75,차기다련장 3차 811정비대대 시설공사_크레인,육군 제1군단,부천기업 주식회사
87,조명기구(차량정비고),제9181부대,주식회사 링크맨
167,16-59-1 관급자재[글라스울샌드위치 판넬 구매(설치)],공군제17전투비행단,드림산업
227,다목적체육관 관급자재 무대장치 제조설치,제55보병사단,삼신개발(주)
228,다목적체육관 관급자재(AV설비) 제조설치,제55보병사단,(주)에스티씨
230,"관급자재 수배전반, 분전반 제조 구매",공군제11전투비행단,주식회사 평화전력
255,16-공-본-17 관급자재(전관방송 AV포함) 제조설치,국군재정관리단,국제시스템 주식회사
261,시설유지보수 자재 구매,공군제11전투비행단,형주테크
262,관급자재 조명기구 제조 납품,공군제11전투비행단,(주)라이팅경도
272,금학산 케이블카 엔진교체,제6보병사단,주식회사 오케이 다대
283,심정모터펌프 등 펌프류 구매(16-291),제6보병사단,드림이엔씨
284,"부품키트, 걸쇠용 등 2항목 제조(물자)",육군군수사령부,대성테크
295,16-본-공-5 도서관 리모델링 관급자재(조명기구),공군사관학교,(주)하나룩스
296,131사업(2차) 관급자재(출입통제시스템) 제조설치,4284부대,뉴코리아전자통신 주식회사
299,16-해-항공정비실습장 크레인 제조 설치,해군제3함대사령부,삼공 주식회사
311,16-공-본-17 관급자재(통합배선) 제조설치,국군재정관리단,주식회사 아이엔아이
390,차기다련장 3차 시설사업 관급자재(크레인) 설치납품,육군종합군수학교,주식회사 다원산업
391,차기다련장 3차 시설사업 관급자재(보일러) 설치납품,육군종합군수학교,주식회사 동광보일러
436,ATCIS 상용HW 유지보수 물품 구매,육군 제1군단,클릭바이 엠알오
464,16-본-공-5 관급자재(화강석) 제조,국군재정관리단,(주)창조석재
472,00부대 간부숙소 신축 관급자재 콘크리트파일 제조,육군항공사령부,유정산업(주)
474,00부대 간부숙소 신축 관급자재 콘크리트파일 제조,육군항공사령부,유정산업(주)
514,00부대 심정모터펌프 교체 자재구매,제1862부대,씨엘컴퍼니
517,통신센터 관급자재-전열교환기 제조.구매 (설치포함),공군제15특수임무비행단,주식회사 거북이정보통신
640,통합작전 통신센터 관급자재-통합배선 제조 설치,공군제15특수임무비행단,주식회사 아이엔아이
641,통합작전 통신센터 관급자재-AV설비 제조 설치,공군제15특수임무비행단,주식회사 디씨앤미디어
646,통신센터 관급자재-냉난방기 제조/구매(설치포함),공군제15특수임무비행단,주식회사씨엔이
647,통신센터 관급자재-태양광발전장치 제조 설치,공군제15특수임무비행단,엔에스시스템주식회사
909,16-439 시설자재(황동나사식 볼배브 등 101종) 구매,공군교육사령부,경동디자인가구
1067,시설 유지보수 자재 구매,공군제11전투비행단,제일상사
1116,사격장 바닥(4개소) 시설유지 완충패드 구매,제2632부대,대광산업
1196,00부대 관급자재(조명기구) 제조 설치,국군재정관리단,(사)한국척수장애인협회ENG사업소
1262,"푸시 로드,엔진 포핏 밸브용 등 14종",해군군수사령부,동해종합상사
1341,냉각수펌프(다단볼류트 모터펌프(60HP)) 제조설치,국방부계룡대근무지원단,주식회사 동성피엔피
1457,무열대 체력단련장 물탱크 및 모터펌프 교체,제2작전사령부,(주) 경현산업
1484,00학교 이전사업 관급자재(디자인휀스) 제조설치,국군재정관리단,신우테크
1643,자주포 정비고 크레인 제조설치,제17보병사단,프로엔지니어링
1738,관급자재(진공보일러) 제조,제3170부대,주식회사 동광보일러
1838,00부대 차기다련장 관급자재(수배전반/분전반) 제조,국군재정관리단,한국장애인문화협회 장애인기업기전사업본부
1839,00부대 차기다련장 시설공사 관급자재(조명기구) 제조,국군재정관리단,주식회사 봉화조명정보기술
1866,무전기 회로카드조립체 4항목 제조(물품),육군군수사령부,주식회사 애덱스
1934,차리다련장 2차 시설공사 관급자재(CCTV),제5군단사령부,(주)텔미전자
1935,차리다련장 2차 시설공사 관급자재(AV설비),제5군단사령부,주식회사 지인테크
1970,00부대 이전사업 관급자재(타일 4종) 설치납품,국군의무사령부,(주)대동세라믹
2006,00부대 시설공사 관급자재(AV설비) 설치(1),국군재정관리단,(주)성우음향정보통신
2009,00부대 시설공사 관급자재(AV설비) 설치(3),국군재정관리단,주식회사 샤인뷰
2010,00부대 시설공사 관급자재(AV설비) 설치(2),국군재정관리단,주식회사 거북이정보통신
2011,00부대 시설공사 관급자재(AV설비) 설치(1),국군재정관리단,(주)성우음향정보통신
2021,철재공구함 등 3항목  구매(물자),육군군수사령부,다훈산업
2047,OO부대 CCTV 정비 및 보수 보강,국군화생방방호사령부,주식회사 엔시드
2122,00부대 이전사업 관급자재(진공온수보일러) 구매,제7군단,알파상사
2209,휠로워조립체 3항목 제조(물품),육군군수사령부,우주항공산업 주식회사
2256,16-P-00대대 통합정비고 크레인 제조설치,제9227부대,삼공 주식회사
2257,16-P-00대대 통합정비고 크레인 제조설치,제9227부대,삼공 주식회사
2296,시설유지보수 자재 구매,공군제11전투비행단,마린컴퍼니
2321,공조기필터자재 제조납품,국방부계룡대근무지원단,(주)솔티
2438,"밸브,버섯형,엔진용 등 5종",해군군수사령부,씨지 트레이드
2537,00부대 창고 신축공사 관급자재 조명기구 제조 설치,국군재정관리단,(사)꿈드래장애인협회 꿈드래작업장
2549,군위성통신단말기(차량용)케이블조립체류,통신장비계약팀 (구:19.09.16),연합정밀(주)
2593,방수포 조립체 등 11품목 구매,제3283부대,대경산업
2676,공사용 관급자재(스틸그레이팅) 제조/구매,제9해병여단,주식회사 가야스틸
2713,00부대 창고 신축공사 관급자재 분전반 제조 설치,국군재정관리단,주식회사 도원
2716,00부대 창고 신축공사 관급자재 냉난방기 구매 설치,국군재정관리단,주식회사 기온테크
2728,선박자동식별장치(AIS) 유지보수 정비,해군군수사령부,주식회사 지엠티
2800,증류수 제조장치 필터 및 시약구매,제7001부대,경남상사
2859,밸브 조립체 등 2종,해군군수사령부,정일티엠씨
2910,보급창고 CCTV(관급자재) 제조설치 납품,공군제10전투비행단,주식회사 씨아이시스템
3037,카트리지 필터 248개 제조,국군재정관리단,필터서비스코리아
3039,공사용 관급자재(조명기구) 제조,제9해병여단,주식회사 성안
3057,20mm철재탄피통외주정비,공군군수사령부,신우산업
3171,"밸브,버섯형,엔진용 등 4종",해군군수사령부,채움아이씨티
3199,전자해도표시스템(ECDIS) 유지보수 정비,해군군수사령부,이마린아이씨티 주식회사
3269,잠수함(SS-Ⅰ) 조종훈련장비 유지보수 총분해 정비,해군군수사령부,한양무선통신
3337,차량정비고 25톤 리트프 제조설치(이전설치 포함),국군재정관리단,주식회사 오성
3359,지지대 조립체 등 8항목 제조(물품),육군군수사령부,한성정공
3360,LED BAR 조립체 등 1항목 구매,육군군수사령부,주식회사 지알에스
3395,손원일급 잠수함(SS-II) 조종훈련장비 유지보수 정비,해군군수사령부,(주)지디엘시스템
3401,보드 테스터 유지보수,제20전투비행단,주식회사 시스텍
3423,공사용 관급자재(AL창호) 제조,제9해병여단,동국건설산업(주)
3426,공사용 관급자재(AL창호) 제조,제9해병여단,동국건설산업(주)
3437,공사용 수공구 구매,제6955부대,예성
3438,GOP대대 수중모터펌프 자재구매,제1862부대,영동상사
3461,"밸브,버섯형,엔진용 등 2종",해군군수사령부,정우상사
3498,컨센트릭 밸브 조립체 등 18종(2-2),해군제2수리창,지니종합상사
3517,"밸브,버섯형,엔진용 등 3종",해군군수사령부,주식회사 슈플라스
3518,석면함유 건축물 개선(관급자재) 조명기구 구매 설치,공군제15특수임무비행단,주식회사 엘에스조명
3576,"파이프,곡선형,금속제 등 3종",해군군수사령부,길상산업
3586,"밸브,버섯형,엔진용 등 4종",해군군수사령부,성인산업주식회사
3587,"밸브,버섯형,엔진용 1종",해군군수사령부,수연상사
3635,엔진 포워드 마운트 등 23종 제조,공군군수사령부,대한윈텍
3661,지뢰살포기용 부품(제조),일반장비계약팀 (구:19.09.16),성화기전
3677,"열선유리,직사각형 등 5종",해군군수사령부,강원상사
3742,에어필터(집진필터 유니트) 제조설치,국군재정관리단,주식회사 리박산업기계
3782,브레이크 시험기 등 4항목 제조(기장),육군군수사령부,三晸하이테크
3900,"태핏,엔진 포핏 밸브용 등 5종",해군군수사령부,안보종합상사
3945,000사업 UPS 및 배터리 제조설치,제3707부대,(주) 레미트로닉스코리아
3952,'16년 특수무기 케이블조립체류,유도무기계약팀 (구:19.09.16),연합정밀(주)
3968,00병원 리모델링 관급자재(통합배선) 제조,국군재정관리단,대한정보통신(주)
3997,"밸브,버섯형,엔진용 등 2종",해군군수사령부,주식회사 부영상사
4021,00병원 리모델링 관급자재(승강기) 제조,국군재정관리단,다인엘리베이터 주식회사
4111,열선유리 고정식 각창(볼트고정식) 등 9종,해군군수사령부,길상산업
4178,컨센트릭 밸브조립체 등 35종,해군군수사령부,아산종합상사
4260,덮개조립체 등 112항목 제조(궤도),육군군수사령부,三晸하이테크
4271,"튜브 조립체,금속제 등 39항목 제조(특무)",육군군수사령부,三晸하이테크
4299,ㅇㅇ창 정비시설 신축 크레인 제조 설치,국군재정관리단,(주)에스피테크
4331,천마유도탄 군직정비용(기계류)제조,육군 탄약지원사령부,주식회사 승일
4335,천마유도탄 군직정비용(기계류)제조,육군 탄약지원사령부,주식회사 승일
4374,탐지3호용 케이블조립체,지휘정찰계약팀 (구:19.09.16),덕인산업
4383,00부대 간부숙소 개수 관급자재(싱크대 등) 제조,육군교육사령부,피오코리아
4384,00부대 간부숙소 개수 관급자재(창호 등) 제조,육군교육사령부,주식회사 대광개발
4399,ATCIS 케이블조립체 등 16항목 제조(물품),육군군수사령부,주식회사 디와이콤
4406,'16년 특수무기 케이블조립체류(일반),유도무기계약팀 (구:19.09.16),주식회사 노티스
4410,00부대 UPS 축전지 등 4품목 제조 설치,국군재정관리단,태일자동제어(주)
4422,LYNX 항공기 시뮬레이터 유지보수 정비,해군군수사령부,주식회사 도담시스템스
4435,고압펌프 수리부속 구매(연평도),연평부대,오션마린
4500,GOP 심정모터펌프 설치납품,제7보병사단,주영펌프공업앤이엔지 주식회사
4505,"밸브,버섯형,엔진용 등 6종",해군군수사령부,에이스철물건자재주식회사
4515,82정비대대 이동식주택 제조설치납품,제2군단,열린컨테이너
4531,케이블조립체(통신장비용),통신장비계약팀 (구:19.09.16),연합정밀(주)
4602,K계열전차 변속기 성능시험장비 제조설치,국군재정관리단,코리아테스팅 주식회사
4605,"튜브 조립체,오일 여과기용 등 15항목 제조(궤도)",육군군수사령부,성도산업
4772,'16년 오리콘 사격통제장치 부품류 (제조),유도무기계약팀 (구:19.09.16),주식회사 다원시스
4799,나사 기계용 등 215항목 제조(총포),육군군수사령부,주식회사 에스피스틸
4803,반자동식부교 부품(제조),일반장비계약팀 (구:19.09.16),주식회사 씨알테크
4856,스파이더 회로카드조립체 등 10항목 제조(물품),육군군수사령부,주식회사 에스디텍
4858,열상 장비(TAS-970K) 회로카드조립체 제조(물품),육군군수사령부,株式會社 이노텍
4860,광대역 안테나 로프조립체 등 5항목 제조(물품),육군군수사령부,알티하이텍
4861,무전기세트 케이블조립체 5항목 제조(물품),육군군수사령부,시온테크
4862,무전기세트 확성기조립체 등 9항목 제조(물품),육군군수사령부,시온테크
4864,"밸브 조립체,차단용(76미리함포 부품)",함정계약팀 (구:19.09.16),창진ENG(주)
4914,"케이블 조립체,특수목적용 등 43항목 제조(궤도)",육군군수사령부,(주) 렘텍
4994,항공부속 핸들 조립체 등 5항목 제조,육군군수사령부,청원메가텍 주식회사
4995,항공부속 덮개 조립체 등 7항목 제조(물품),육군군수사령부,대동공업사
4997,"ATCIS 케이블조립체,전력용 등 12항목 구매(물품)",육군군수사령부,시온테크
5027,정비재료(케이블타이 등 193종) 구매,제7789부대,에이스컨설팅
5109,회로카드 조립체 등 17항목 제조(궤도),육군군수사령부,(주) 렘텍
5154,회로카드 조립체 등 15항목 제조(특무),육군군수사령부,주식회사 디와이콤
5155,케이블 조립체 등 51항목 제조(특무),육군군수사령부,대호정기(주)
5223,16비 동병사식당 관급자재 분전반 제조설치,공군제16전투비행단,주식회사 금성시스템
5264,케이블 조립체류(K1전차),기동화력계약팀 (구:19.09.16),연합정밀(주)
5296,"잠금판,너트와 볼트용 등 32항목 제조(기장)",육군군수사령부,주식회사 에스피스틸
5297,캠 조립체 등 2항목 제조(기장),육군군수사령부,주식회사 에스피스틸
5323,BTCS용 케이블조립체 등(A),지휘정찰계약팀 (구:19.09.16),연합정밀(주)
5324,BTCS용 케이블조립체 등(B),지휘정찰계약팀 (구:19.09.16),연합정밀(주)
5340,쉬일드 조립체 등 27항목 제조(총포),육군군수사령부,주식회사 에스피스틸
5373,'16년 저장 중 정비용 장비 제조설치,1보급단,주식회사 제이디텍
5380,회로카드조립체 등 2항목 제조(기장),육군군수사령부,(주) 렘텍
5442,전기 접촉자 등 9항목 제조(기장),육군군수사령부,(주)승광
5446,야간투시경부품(제조),지휘정찰계약팀 (구:19.09.16),덕인산업
5517,"콘센트릭 밸브 조립체,2,3단용 등 2종",해군군수사령부,주식회사 우영물산
5559,회로카드 조립체 등 5항목 제조(생산능력)(궤도),육군군수사령부,주식회사 동성전기
5561,"보조조립체,피스톤용 등 2항목 제조(기장)",육군군수사령부,대성정밀주식회사
5601,"필터,유체용 등 25항목 제조(궤도)",육군군수사령부,주식회사 에스피스틸
5625,항공기 격납고 / 정비고 크레인 4조 제조 설치,국군재정관리단,주식회사 효성알앤티
5627,"잠금판,너트와 볼트용 등 32항목 제조(기장)",육군군수사령부,주식회사 에스피스틸
5628,캠 조립체 등 2항목 제조(기장),육군군수사령부,주식회사 에스피스틸
5668,00부대 관급자재(발전기) 제조설치,국군재정관리단,(주)썬테크
5708,케이블조립체,지휘정찰계약팀 (구:19.09.16),성진씨앤티 주식회사
5724,"열선유리,직사각형 등 3종",해군군수사령부,강원상사
5782,00비 병사식당 신축 관급자재 냉난방기 구매 설치,국군재정관리단,삼화시스템공조주식회사
5789,실린더 조립체 등 18항목 제조(생산능력)(궤도),육군군수사령부,삼호정밀
5803,항공기 케이블 조립체 등 2항목 제조,육군군수사령부,시온테크
5805,케이블조립체(전술통신체계용),통신장비계약팀 (구:19.09.16),연합정밀(주)
5821,"기어,스퍼형 등 8항목 제조(기장)",육군군수사령부,주식회사 에스피스틸
5827,"나사,기계용 등 185항목 제조(궤도)",육군군수사령부,주식회사 승일
5832,K-55 와이어로프조립체,기동화력계약팀 (구:19.09.16),창진ENG(주)
5882,케이블조립체(비차폐용),통신장비계약팀 (구:19.09.16),(주)지엔텔
5883,케이블조립체(차폐용),통신장비계약팀 (구:19.09.16),연합정밀(주)
5935,워터 펌프 플라이어 등 314종,제9227부대,디자인필
5970,"튜브,곡선형,금속제 등 64항목 제조(기장)",육군군수사령부,주식회사 에스피스틸
6084,구내통신장비 케이블조립체 등 6항목 제조(물품),육군군수사령부,연합정밀(주)
6085,BTCS 표시반조립체 등 2항목 제조(물품),육군군수사령부,주식회사 월드티엔에스
6154,컨센트릭 밸브조립체 등 36종,해군군수사령부,조강테크
6195,00부대 심정 모터 펌프 납품 / 설치,육군과학화전투훈련단,금성종합상사
6227,항공기 린스시설 관급자재 수배전반,공군제16전투비행단,주식회사 대원전기산업
6233,00부대 병사식당 관급자재 수배전반 제조 설치,국군재정관리단,(사)한올장애인자립복지회 중전기사업소
6255,00 본관 신축 시설공사  관급자재(AV설비),국군재정관리단,삼화텔콤
6351,계심봉 조립체 등 47항목 제조(기장),육군군수사령부,주식회사 에스피스틸
6369,위성장비 케이블조립체 등 4항목 제조(물품),육군군수사령부,주식회사 에스디텍
6370,BTCS 케이블조립체 등 3항목 제조(물품),육군군수사령부,시온테크
6407,"탱크,기름용,유압장치용 등 29항목 제조(궤도)",육군군수사령부,주식회사 에스피스틸
6443,계기판 조립체 등 6항목 제조(기장),육군군수사령부,주식회사 디와이콤
6478,"열선유리, 직사각형 등 5종",해군군수사령부,자이림
6484,컨센트릭 밸브조립체 등 13종,해군군수사령부,강원상사
6637,알루미늄 파이프렌치 등 98종 구매,연평부대,주식회사 제이케이
6652,"리드선,축전지용 등 50항목 제조(기장)",육군군수사령부,주식회사 디와이콤
6712,전차축소사격 소총거치대 등 3종 제조,국군재정관리단,알티하이텍
6777,"부품키트,유압 다기관용 등 4항목 제조(궤도)",육군군수사령부,주식회사 비케이
6841,"실린더 조립체,작동식,선형 등 9항목 제조(기장)",육군군수사령부,건우MTC
6842,"볼트,유체 통로용 등 624항목 제조(기장)",육군군수사령부,평화정밀
6869,"열선유리, 직사각형 등 6종",해군군수사령부,(주)인터메탈
6969,케이블조립체(TAS-970K용),지휘정찰계약팀 (구:19.09.16),연합정밀(주)
6970,케이블조립체(TAS-970K용),지휘정찰계약팀 (구:19.09.16),연합정밀(주)
6981,항공정비파카 등 24종 제조,국군재정관리단,주식회사 흥선
6992,판넬 조립체 등 17종 구매,공군군수사령부,三晸하이테크
7005,"호스 조립체,비금속제 등 53항목 제조(기장)",육군군수사령부,주식회사 씨알테크
7008,브레이크 슈 세트 등 2항목 제조(기장),육군군수사령부,주식회사 금탑
7009,"연결기 조립체,전기용 등 46항목 제조(기장)",육군군수사령부,주식회사 씨알테크
7040,VLF 지휘통신체계 유지보수 정비,해군군수사령부,주식회사대양정보통신
7044,마스터 백 조립체 등 4항목 제조(기장),육군군수사령부,조은테크
7058,"케이블조립체(TPQ-36,37용)",지휘정찰계약팀 (구:19.09.16),성진씨앤티 주식회사
7091,"암, 와이퍼용 등 46항목 제조(기장)",육군군수사령부,평화정밀
7092,"허브 몸체 조립체,4륜구동용 등 2항목 제조(기장)",육군군수사령부,대주정공 주식회사
7125,작전영상전송장비(KAISHOT) 유지보수 정비,해군군수사령부,(주)아이디폰
7161,"밸브 유닛조립체, 작동수용 등 3종",해군군수사령부,수연상사
7317,K1케이블조립체등7종구매,육군종합정비창,시온테크
7371,케이블조립체 등 2종,공군군수사령부,주식회사 새한전자
7427,흡입밸브 조립체 등 5품목,해군제1수리창,남부상사
7472,"순환펌프,모터 (방-16-6)",공군미사일방어사령부,(주)현대전기시스템
7504,컨센트릭 밸브 조립체 등 29종,해군군수사령부,주식회사 슈플라스
7545,16-방한복(정비사용) 제조납품,국군재정관리단,주식회사 피엔에이코리아
7637,회로카드조립체 제조,공군군수사령부,주식회사 원영전자
7656,자료연동처리기(DLPS) 유지보수 정비,해군군수사령부,주식회사 시스텍
7667,자동차배관용금속관등23종구매,육군종합정비창,진흥기계공업
7679,유압작동조립체(나비 밸브 200A) 1종,해군군수사령부,천국산업
7764,무정전 전원공급장치 유지보수 정비,해군군수사령부,이화전기공업 주식회사
7937,정비사점검복 제조,국군재정관리단,주식회사 피엔에이코리아
7939,자동기상관측장비 등 6종 유지보수 정비,해군군수사령부,주식회사 지앤에스기술
7968,중파송신기 유지보수 정비,해군군수사령부,주식회사대양정보통신
7990,00공사 관급자재 가스절연부하개폐기 구매,국군재정관리단,주식회사 광명전기
8051,"엔진 블록, 디젤식 1종",해군군수사령부,피앤에스
8069,함정용 위성방송수신안테나 유지보수 정비,해군군수사령부,한양무선통신
8091,밸브 조립체 등 6종,해군군수사령부,에이치앤주식회사
8095,밸브 포핏 조립체 등 19종,해군군수사령부,수연상사
8240,도서(최강건설기계 정비 기능사) 등 192종,해군교육사령부,피앤에스
8552,자주발칸 케이블조립체등2종구매,육군종합정비창,주식회사 애덱스
8817,K1케이블조립체등6종구매,육군종합정비창,동양기전
8872,프린터(85대) 임대(유지보수 포함),제8385부대,(주)컴퓨터랜드
9012,계류시설 관급자재(콘크리트파일) 제조구매,제9181부대,주식회사 명주파일
9043,유지보수용 자재(윤형철조망 등 17종) 구매,제2작전사령부,모양방시스템
9076,00부대 정비고 및 창고 복합방수 설치납품,특수전사령부,주식회사 씨케이건설
9078,02단 부대개편 시설공사 관급자재_우레탄판넬,육군 제1군단,(주)소명실업
9204,00지역 주거시설 관급자재 CCTV 제조설치,국군재정관리단,(사)장애인인권센터ICT사업단
9205,00지역 주거시설 관급자재(통합배선) 제조설치,국군재정관리단,대신네트웍스(주)
9206,00지역 주거시설 관급자재(발전기) 제조설치,국군재정관리단,(주)디에코에너지
9209,00지역 주거시설 관급자재 프라스틱창호 제조,국군재정관리단,주식회사 디엔건설산업
9210,00사령부 주거시설 관급자재(자연석판석) 제조,국군재정관리단,주식회사 은석엠앤지
9247,관급자재(조명기구) 제조,국군재정관리단,일손과일터 전자사업부
9248,17-00대대 종합훈련장 관급자재(통합배선) 제조 설치,국군재정관리단,주식회사 우리이엔시
9270,선체/용접정비고 크레인 제조 설치,국군재정관리단,에스피하이테크주식회사
9278,17-충-공-7B 관급자재 스틸그레이팅 제조설치,공군제17전투비행단,주식회사 에이스그레이팅
9284,관급자재(콘크리트파일) 제조,제5보병사단,(주)금산
9300,관급자재(콘크리트파일) 제조(4),국군재정관리단,유정산업(주)
9328,329사업 2차 시설공사(금속재패널 제조 설치),제7821부대,(주)광스틸
9354,대잠전술훈련장(ASWTT)유지보수 정비,해군군수사령부,이마린아이씨티 주식회사
9357,도금정비고 관급자재(수배전반) 제조 설치,육군종합정비창,(주)대승기전
9372,전력설비 개선 관급자재(전력제어시스템) 제조설치,국군재정관리단,(주)차임이엔지
9430,00부대 군사법원 신축 관급자재(변압기) 제조설치납품,제2작전사령부,성진종합전기 주식회사
9448,17-병사1식당 관급자재(대형 냉장·냉동고) 제조 설치,국군재정관리단,에스이디 주식회사
9449,D004 남양이전사업 시설공사 관급자재-방송AV,공군 작사예하 방포사예하 제3여단,주식회사 이스젠
9450,D004 남양이전사업 시설공사 관급자재- 통합배선,공군 작사예하 방포사예하 제3여단,(주)성혜정보통신
9468,관급자재(자동제어장치) 제조 설치,국군재정관리단,코인스테크 주식회사
9484,조달 487 수중모터펌프 7종 구매,공군제19전투비행단,동인기업
9493,건설장비 부품 구매(크라샤외 5개 품목),제55보병사단,신명
9539,00부대 도금정비고 관급자재 크레인 제조설치,육군종합정비창,한국이엔씨
9543,17-공-엄체호관련 전기공사(관급자재),공군제19전투비행단,(주)한국이엔씨
9636,관급자재(크레인) 제조 설치,국군재정관리단,주식회사 정문이엔이
9686,관급자재(분전반) 제조,국군재정관리단,(사)대한정신장애인가족협회 중전기사업단
9687,관급자재(콘크리트파일) 제조(3),국군재정관리단,유정산업(주)
9688,관급자재(샌드위치패널) 제조,국군재정관리단,유한회사 대명엔지니어링
9689,관급자재(내화도료) 제조,국군재정관리단,금강페인트공업(주)
9697,00부대 도금정비고 신축 관급자재 조명기구 구매,육군종합정비창,주식회사 대아전기
9833,17년 정비복 제조,국군재정관리단,주식회사 나루지엠에스
9956,실내사격장 신축 관급자재(변압기) 제조 설치,제8385부대,동방전기공업 주식회사
10035,00함 보수통제장비(DCC) 정비,해군군수사령부,주식회사산엔지니어링
10044,관급자재(건식제습기) 제조 설치,국군재정관리단,주식회사 서번
10058,철재수리부속보관함 등 2종(17-336),공군제1전투비행단,주식회사 아이엔텍
10070,시설대대 수송중대 '17년 차량 정비공구비(자,제9911부대,이즈컴넷
10169,17-00비 관사 리모델링 관급자재 PD창호 제조 설치,국군재정관리단,주식회사 동양건영
10184,방공대대 병영생활관 관급자재(온수보일러),제11기동사단,주식회사 태승
10361,00부대 전차정비고 관급자재 콘크리트파일 구매,육군종합정비창,성원파일주식회사
10440,17-336 시설유지보수용 자재 45품목 구매,공군교육사령부,경동디자인가구
10507,실내체육관 신축 관급자재(냉난방기 구매설치),국군재정관리단,(주)세기공조플랜트
10560,K계열 전차 패드정비기 제조설치,국군재정관리단,주식회사 지에취디자인
10570,남해대대 정수시설 부품교체,제6128부대,에이엔디
10585,체육관 신축 관급자재(무대장치) 제조 설치(2),국군재정관리단,주식회사 엠라이테크
10629,"밸브 조립체,니들형,압축가스라인용 등 32종",해군군수사령부,범한산업 주식회사
10667,"밸브,버섯형,엔진용 등 4종",해군군수사령부,에이스철물건자재주식회사
10693,실내체육관 신축 관급자재(태양광발전장치) 제조설치,국군재정관리단,주식회사 평화전력
10719,조함 및 항해훈련장비(OH-530K) 유지보수 정비,해군군수사령부,주식회사 아워스
10746,"펌프조립체,기어식 1종",해군군수사령부,수연상사
10792,"열선유리,직사각형 1종",해군군수사령부,강원상사
10839,감시카메라(CCTV) 유지보수 정비,해군군수사령부,유한책임회사 엔에이치네트웍스
10883,롤필터 외 3종 제조납품 및 폐 필터 수거/처리,국방부계룡대근무지원단,요림필터산업주식회사
10905,17-방공관제사-76 정작처 전파차단기 및 금속탐지기,공군방공관제사령부,주식회사 이레전산
11007,00시설 카본 프리필터 설치납품,국방부근무지원단,고려정공 주식회사
11113,금속제파이프 구매,국군재정관리단,주식회사 콩앤별
11135,"바라쿠다 브레이크 밸브 등 25항목 구매(기장, 해파)",육군군수사령부,주식회사 서일산업
11291,"열선유리,직사각형 등 3종",해군군수사령부,세현종합상사
11296,선박자동식별장치(AIS) 유지보수 정비,해군군수사령부,주식회사 지엠티
11396,육-1C 정비고 신축 오버헤드크레인 설치납품,제32보병사단,주식회사 에스엠코리아
11423,K-1전차 제어장치 부품류(제조),기동화력계약팀 (구:19.09.16),대호정기(주)
11469,사진전시관 전시물 개선 관련 소방공사 관급자재 구매,국립서울현충원,유니넷텍(주)
11552,공군교육사령부 기초훈련장병 금속명찰 제조 구매,공군교육사령부,주식회사 중앙양행
11555,저압 밸브 클램핑 볼트 등 12종,해군군수사령부,메트로마린서비스
11573,열선유리 고정식 각창(볼트고정식) 1종,해군군수사령부,강원상사
11581,전자해도표시시스템(ECDIS) 유지보수 정비,해군군수사령부,이마린아이씨티 주식회사
11642,000함 제어 케이블 정비,해군군수사령부,주식회사 플렛디스
11666,공조기 필터 제조설치납품,제9965부대,요림필터산업주식회사
11726,오수관거 정비 관급자재(펌프) 제조 설치,국군재정관리단,주식회사 금성이앤씨
11750,LYNX 항공기 시뮬레이터 유지보수 정비,해군군수사령부,주식회사 쓰리디아이
11795,155mm 교체시설사업(연천) 관급자재 혼합골재,제7856부대,(주)유신
11847,"펌프조립체,기어식 1종",해군군수사령부,수연상사
11857,17-통합건물(일월) 관급자재(수배전반) 제조 설치,국군재정관리단,한양계전(주)
11858,17-통합건물(팔공) 관급자재(수배전반) 제조 설치,국군재정관리단,보령기전(주)
11859,00지역 통합건물(팔공) 관급자재(분전반) 제조 설치,국군재정관리단,(사)장애인녹색일자리사랑회 중전기사업단
11868,"확장조립체 등 4항목 제조(기장, 생산능력)",육군군수사령부,창진ENG(주)
11874,00 작전지역 통합건물(일월) 관급자재(분전반) 제조,국군재정관리단,기룡이엔씨 주식회사
11878,17-해병-00대대 관급자재(크레인) 제조설치,제9181부대,주식회사 보은정공
11901,"밸브,버섯형,엔진용 등 2종",해군군수사령부,애드온스마트 주식회사
11928,작전지역 통합건물 (일월) 관급자재 조명기구,공군방공관제사령부,주식회사 금강에너텍
11930,작전지역 통합건물 (팔공) 관급자재 조명기구,공군방공관제사령부,(주)칸라이팅
11934,작전지역 통합건물 (의상) 관급자재 조명기구,공군방공관제사령부,삼명산업(주)
11993,"열선유리,사각형 1종",해군군수사령부,세현종합상사
12035,17-00대대 관급자재(통합배선) 제조설치,국군재정관리단,(주)동화통신
12090,정비고 셔터문 및 공구실 출입문 보수 설치납품,제36보병사단,합자회사 미르
12150,통합건물(의상) 관급자재(통합배선) 제조설치,국군재정관리단,주식회사 엔제이시스템
12154,00대대 지원시설 관급자재(통합배선),제5738부대,한일통신 주식회사
12171,"밸브,버섯형,엔진용 등 3종",해군군수사령부,수연상사
12250,17-통합건물(팔공) 관급자재(통합배선) 제조 설치,국군재정관리단,한일통신 주식회사
12251,17-통합건물(일월) 관급자재(통합배선반) 제조 설치,국군재정관리단,마이크로닉시스템(주)
12255,17-충-28B 관급자재(혼합골재) 제조구매,육군군수사령부,(주)명진개발
12281,"브레이크 시험기 등 4항목 제조(기장, 추가)",육군군수사령부,주식회사 지에취디자인
12289,"케이블조립체 세트, 전기용 4EA 구매",제9121부대,코넥트월드 주식회사
12292,00지역 통합건물(일월)관급자재(변압기반) 제조,국군재정관리단,제룡전기(주)
12307,수리부속창고1A 저장시설 개선,공군제19전투비행단,(주)나인이엔지
12311,00지역 통합건물(팔공) 관급자재(변압기반) 제조,국군재정관리단,성진종합전기 주식회사
12326,컨센트릭 밸브조립체 등 18종,해군군수사령부,범한산업 주식회사
12350,"공군훈련병 778기 명찰(포제,금속) 제조 구매",공군교육사령부,성지EMB
12379,17-2여-신1 전기공사 관급자재(경계등주 등 2종),공군 작사예하 방포사예하 제2여단,주식회사 현대
12381,작전지역 통합건물(의상) 관급자재 분전반,공군방공관제사령부,풍경주식회사
12467,관급자재(콘크리트파일) 제조(2),국군재정관리단,주식회사 명주파일
12474,파이프렌치 등 39종 구매,제9911부대,재재유통
12495,17-관급자재 급탕탱크 2EA 제조설치,국군재정관리단,성일테크원 주식회사
12537,UPS 및 축전지 검측시스템 제조설치,국군재정관리단,대한전력전자주식회사
12566,"17-통합건물(화약) 관급자재(전력,조명제어) 제조설치",국군재정관리단,(주) 대경산전
12599,17-통합건물(화악) 관급자재(CCTV) 제조 설치,국군재정관리단,(주)대경인트라넷
12625,케이블조립체(통신장비용),통신장비계약팀 (구:19.09.16),연합정밀(주)
12629,관사 및 통합생활관 관급자재 통합배선 제조 설치,국군재정관리단,(주)에이디엠
12633,17-다목적 강당 관급자재 전광판 제조 설치,국군재정관리단,(주)일신이디아이
12648,17-통합건물(화악) 관급자재(발전기) 제조 설치,국군재정관리단,(주)썬테크
12650,관사 및 생활관 관급자재(씽크대) 제조 설치,국군재정관리단,선진산업 주식회사
12651,관사 및 통합생활관 관급자재(PD)제조 설치,국군재정관리단,(주)우리산업
12652,관사 및 통합생활관 관급자재(테라조타일) 구매,국군재정관리단,PHOTOhi
12653,17-경계작전시설 통신공사 관급자재(CCTV) 제조 설치,국군재정관리단,주식회사 에스엠플러스정보통신
12654,17-관급자재 진공온수보일러 제조 설치,국군재정관리단,대림로얄이앤피(주)
12658,00부대 관사 및 통합생활관 관급자재 조명기구 제조,국군재정관리단,주식회사 더존디자인조명
12660,궤도정비용 장비(로봇형 포신검사세트) 제조,국군재정관리단,주식회사 준성이엔알
12667,반자동식부교 부품(제조),일반장비계약팀 (구:19.09.16),주식회사 종한
12693,17-통합건물(화약) 관급자재 통합배선 제조설치,국군재정관리단,대한정보통신(주)
12700,"밸브,버섯형,엔진용 등 3종",해군군수사령부,주식회사 미래정밀
12701,컨센트릭 밸브조립체 등 14종,해군군수사령부,범한산업 주식회사
12703,"콘센트릭 밸브 조립체,2,4단용 등 31종",해군군수사령부,범한산업 주식회사
12714,ADTC 건전지 홀더 제조,공군군수사령부,주식회사 미래정밀
12744,8비 필승사격장 병사식당 신축 관급자재 자동제어반,공군 제8전투비행단,플러스전기 주식회사
12746,17-보드테스터 유지보수,제20전투비행단,테스팅하우스코리아(주)
12748,"8비 작전지원전대,정통대대 본관 신축 관급 변압기반",공군 제8전투비행단,한원전기공업주식회사
12749,8비 필승사격장 병사식당 신축 관급자재 분전반,공군 제8전투비행단,(주)벧엘전기
12750,8비 필승사격장 병사식당 신축 관급자재 MCC반,공군 제8전투비행단,주식회사 감라시스템
12819,작전지역 통합건물 (황병) 관급자재- 조명기구,공군방공관제사령부,(주)조양산업
12825,17-다목적 강당 관급자재 알루미늄시트패널 제조 설치,국군재정관리단,주식회사 다함건설
12826,17-다목적 강당 관급자재 자동제어장치 제조 설치,국군재정관리단,(주)대산시스템
12827,17-다목적 강당 관급자재 무대장치 제조 설치,국군재정관리단,주식회사 수정기업
12833,작전지역 통합건물(화악) 신축공사 관급자재-조명기구,공군방공관제사령부,주식회사 신현
12892,시설물 유지보수자재 구매(와이어매쉬 등 111종),공군제11전투비행단,성봉종합상사
12905,디스크 브레이크 슈 등 20항목 제조(기장),육군군수사령부,명신이엔씨 주식회사
12907,고정자 조립체 등 49항목 제조(자주포),육군군수사령부,디에스테크
12933,"명찰(포제,금속) 제조 구매",공군교육사령부,예우사
12935,"밸브,버섯형,엔진용 등 2종",해군군수사령부,수연상사
12937,"배수구,엔진용 등 5종",해군군수사령부,경북상사
12959,"스위치, 조립체 3EA",해군군수사령부,(주) 영창기술원
12965,정비공장 지브크레인 보수,육군종합정비창,주식회사 대원산기
13020,열선유리 고정식 각창(볼트고정식) 등 3종,해군군수사령부,국제전기
13043,신축공사 관급자재(통합배선반) 제조설치,국군재정관리단,제일정보통신주식회사
13044,정비고 신축 관급자재(데크플레이트) 제조,제8385부대,다스코 주식회사
13051,17-75-1 관급자재(소음저감 창호),공군제19전투비행단,신양하이텍금속산업(주)
13057,2인승 모타뱃트 세트 제조,국군재정관리단,주식회사 지에프테크놀로지
13060,브레이크 시험기 등 4항목 제조(기장),육군군수사령부,(주)오토기기
13061,"베어링,롤러식,원통형, 등 2항목 제조(생산, 궤도)",육군군수사령부,주식회사 반석기공
13077,K-55 와이어로프조립체,기동화력계약팀 (구:19.09.16),대흥정밀
13135,00부대 본청 신축 관급자재_화강석(자연석 판석),육군 제1군단,미화석재 주식회사
13152,"케이블 조립체, 특수목적용, 전기용(해성 수리부속류)",함정계약팀 (구:19.09.16),연합정밀(주)
13182,케이블조립체(차폐용),통신장비계약팀 (구:19.09.16),연합정밀(주)
13207,정비고 신축 관급자재(통합배선) 제조 설치,제8385부대,주식회사 우리이엔시
13208,정비고 신축 관급자재(GHP) 구매 설치,제8385부대,주식회사 파이런텍
13209,정비고 신축 관급자재(호이스트 크레인) 제조 설치,제8385부대,신영엔지니어링
13210,정비고 신축 관급자재(AL패널) 제조 설치,제8385부대,주식회사 디유이엔지
13211,정비고 신축 관급자재(콘크리트파일) 제조,제8385부대,성원파일주식회사
13215,컨센트릭 밸브조립체 등 13종,해군군수사령부,주식회사 슈플라스
13226,"관급자재 단열복합 미서기창, 이중창 제조 설치",공군제11전투비행단,(주)성원엔지니어링
13229,00부대 본청 신축 관급자재(조명제어),육군 제1군단,청보엔지니어링 주식회사
13230,01정비대대 병영생활관 신축_GHP,육군 제1군단,(주)와이엠테크
13241,17-00지역 신축공사 관급자재(통합배선) 제조설치,국군재정관리단,마이크로닉시스템(주)
13245,방관사 313대대(수리) 경계작전시설 관급자재-울타리,공군방공관제사령부,두리산업 주식회사
13246,경계작전시설(용문) 관급자재 - 울타리,공군방공관제사령부,주식회사 대호철망휀스
13248,펌프 조립체 등 4종,해군군수사령부,미래상사
13270,VLF 지휘통신체계 유지보수 정비,해군군수사령부,주식회사대양정보통신
13306,"밸브,버섯형,엔진용 등 2종",해군군수사령부,대하종합상사
13338,11사단 00지역 훈련장 관급자재(순환골재) 구매,제11기동사단,덕호산업(주)
13370,17-충-공-10 317대대 경계작전시설 관급자재 - 울타리,공군방공관제사령부,주식회사 이천휀스
13392,케이블조립체(비차폐용),통신장비계약팀 (구:19.09.16),연합정밀(주)
13399,17-00지역 신축공사 관급자재(조명제어) 제조설치,국군재정관리단,서호전설 주식회사
13400,17-00지역 신축공사 관급자재(발전기) 제조설치,국군재정관리단,케이피브이(주)
13401,17-00지역 신축공사 관급자재(CCTV) 제조설치,국군재정관리단,명진전기통신(주)
13441,무보수무누액밧데리,제5738부대,현민유통
13529,간부숙소 신축공사 관급자재 콘크리트 파일 제조,국군재정관리단,(주)미라보콘크리트
13567,17-금속판막형울타리 구매/설치,제20전투비행단,광신건설산업 주식회사
13568,VRC-155KA부품(제조),통신장비계약팀 (구:19.09.16),시온테크
13574,공구 퀵 파이프렌치 등 172종 구매,제9196부대,자비스
13651,"펌프조립체,기어식 1종",해군군수사령부,수연상사
13709,0비 병사식당 신축 관급자재 변압기반 제조,국군재정관리단,삼일변압기(주)
13733,펌프 및 발전기 부품류,기동화력계약팀 (구:19.09.16),건웅테크 주식회사
13763,작전지역 통합건물 신축공사(황병) 관급자재-공조기,공군방공관제사령부,주식회사문명에이스
13790,작전지역 통합건물 신축공사(황병) 관급자재-자동제어,공군방공관제사령부,주식회사 아주엔지니어링
13791,"작전지역 통합건물 신축(황병)관급자재-배전반,분전반",공군방공관제사령부,(주)혜성전기
13793,케이블조립체(TAS-970K용),지휘정찰계약팀 (구:19.09.16),아트만산업
13820,00방사포 모형장비 제조납품,육군과학화전투훈련단,(주)에스피애드
13837,본관 신축 관급자재(콘크리트 파일)제조,국군재정관리단,성원파일주식회사
13936,17년 특수무기 케이블조립체류,유도무기계약팀 (구:19.09.16),연합정밀(주)
13945,"부품키트, 시일 교체용 등 3항목 제조(궤도)",육군군수사령부,예지산업
13962,17년 특수무기 케이블조립체류(일반),유도무기계약팀 (구:19.09.16),동양기전
14001,00사 간부숙소 신축 관급자재 GHP냉난방기 설치 납품,국군재정관리단,엘지전자 주식회사
14019,예방유지보수자재 비닐 등 36종 구매,공군제19전투비행단,대일종합상사
14026,00대 생활관 신축 관급자재 방송 및 A.V 제조 설치,제9227부대,주식회사 엠제이케이
14027,00대 생활관 신축 관급자재 통합배선 제조 설치,제9227부대,건웅신호산전(주)
14028,00대 생활관 신축 관급자재 CCTV 장치 구매 설치,제9227부대,주식회사 중부보안
14032,00대 생활관 신축 관급자재 방송 및 A.V 제조 설치,제9227부대,주식회사 엠제이케이
14033,00대 생활관 신축 관급자재 통합배선 제조 설치,제9227부대,건웅신호산전(주)
14034,00대 생활관 신축 관급자재 기와 제조 구매,제9227부대,(주)대동페루프
14035,00대 생활관 신축 관급자재 플라스틱 창호 제조 구매,제9227부대,라보산업 주식회사
14036,00대 생활관 신축 관급자재 CCTV 장치 구매 설치,제9227부대,주식회사 중부보안
14038,00사 경계시설공사 관급자재 YL형울타리 제조 설치,제9227부대,대승휀스 주식회사
14039,00대대 통합정비고 신축 관급자재 자동제어 제조 설치,제9227부대,천호전력주식회사
14190,"열선유리,사각형 등 2종",해군군수사령부,인터쿡
14206,관급자재(콘크리트파일) 제조,국군재정관리단,성원파일주식회사
14208,콘크리트파일 제조(00정비대대 창고),국군재정관리단,주식회사 명주파일
14275,탐지3호용 케이블조립체,지휘정찰계약팀 (구:19.09.16),동양기전
14276,조달(17-147)[수송]브레이크시험기등 4종 제조및설치,공군제5공중기동비행단,경남테크
14302,"열선유리,사다리꼴형 1종",해군군수사령부,에스투 (S2) 테크
14322,BTCS용 케이블조립체 등(C),지휘정찰계약팀 (구:19.09.16),성진씨앤티 주식회사
14332,정비사용 선글라스 제조,공군군수사령부,주식회사 우성씨텍
14400,00함 RAS 슬라이딩 블록 구동장치 정비,해군군수사령부,중앙엠티에스 주식회사
14402,"밸브 조립체,차단용(76미리함포 부품)",함정계약팀 (구:19.09.16),하이펙 주식회사
14486,밸브조립체 등 31항목 제조(자주포),육군군수사령부,주식회사 태성정밀
14487,"기어,베벨형 등 109항목 제조(총포)",육군군수사령부,삼호정밀
14490,"상자,부속품 적재용 등 7항목 제조(자주포)",육군군수사령부,주식회사 비오텍
14610,BTCS용 케이블조립체 등(B),지휘정찰계약팀 (구:19.09.16),연합정밀(주)
14611,BTCS용 케이블조립체 등(A),지휘정찰계약팀 (구:19.09.16),연합정밀(주)
14723,00부대 신축공사 관급자재 IDF 단자함 제조 설치,국군재정관리단,한일통신 주식회사
14724,00부대 신축공사 관급자재 RACK함 제조 설치,국군재정관리단,제일정보통신주식회사
14729,00부대 체육관 신축 관급자재(AV설비) 제조 설치,국군재정관리단,주식회사 금산
14730,00부대 체육관 신축 관급자재(무대장치) 제조 설치,국군재정관리단,(주)신우이엔지
14737,01정비대대 병영생활관 진공온수보일러 제조설치납품,육군 제1군단,대림로얄이앤피(주)
14792,조달(수리)요구서(17-073)[부품대]RADAR 시험기 제조,공군제5공중기동비행단,(주)이엔씨테크
14873,풍향풍속계 지지대조립체 등 2항목 제조(통신),육군군수사령부,주식회사 월드티엔에스
14901,00부대 신축공사 관급자재 수배전반 제조 설치,국군재정관리단,주식회사 금파기전
14907,"엔진, 가솔린식 등 1항목 제조(기장)",육군군수사령부,현대파워시스템 주식회사
14908,스위치 및 전선 조립체 등 2항목 구매(특무),육군군수사령부,동남기업
14910,스핀들조립체 등 44항목 제조(총포),육군군수사령부,평화정밀
14949,'17년 무정전 전원공급장치 유지보수 정비,해군군수사령부,(주)이화일렉콤
14958,00지역 공조기 필터 제조설치납품,자운대근무지원연대,요림필터산업주식회사
14961,00부대 신축공사 관급자재 분전반 제조,국군재정관리단,(주)진보전력
14997,전차축소사격 소총거치대 등 3종 제조,국군재정관리단,창진ENG(주)
15005,00부대 신축공사 관급자재 석재(자연석판석) 제조,국군재정관리단,(주)정림
15006,00부대 신축공사 관급자재 콘크리트 파일 제조,국군재정관리단,성원파일주식회사
15009,엔진 포워드 마운트 등 41종 제조,공군군수사령부,주식회사 알피엠
15116,단안형야간투시경 부품(일반제조),지휘정찰계약팀 (구:19.09.16),주식회사 보성기업
15239,"체인조립체 등 30항목 제조(기장, 생산능력)",육군군수사령부,부산링구공업사
15243,군위성통신체계 유지보수 정비,해군군수사령부,STX엔진(주)용인사업장
15273,00부대 체육관 신축 관급자재(알루미늄시트패널) 제조,국군재정관리단,우근건설 주식회사
15274,병영생활관 신축공사 관급자재 조명기구,제22보병사단,주식회사 해인엘이디
15275,병영생활관 신축공사 관급자재 분전반,제22보병사단,주식회사 태경전기
15276,병영생활관 신축공사 관급자재 배전반,제22보병사단,광림전기
15286,000사업 UPS 및 배터리 제조설치,제3707부대,(주) 테스
15290,군위성통신체계용 케이블조립체류,통신장비계약팀 (구:19.09.16),시온테크
15347,00부대 체육관 신축 관급자재(콘크리트파일) 제조,국군재정관리단,성원파일주식회사
15387,격별보수비 12차(축전지) 구매,육군종합정비창,비전상사
15418,해상작전위성통신체계(SRC-1K) 유지보수 정비,해군군수사령부,주식회사 머큐리
15463,케이블 조립체류(K1전차),기동화력계약팀 (구:19.09.16),연합정밀(주)
15476,항공정비파카 등 25종 제조,국군재정관리단,성지EMB
15533,파이프 조립체 금속제 등 39종,해군군수사령부,에이스산업
15615,17-방한복(정비사용) 제조 납품,국군재정관리단,홍천군장애인근로작업장
15915,연병장 개선공사 관급자재(운동장트랙) 구매,공군제11전투비행단,주식회사 유경화성
16069,"17-F-015, 디젤엔진식 발전기세트(60KW) 제조설치",국군재정관리단,주식회사 제이씨코퍼레이션
16105,"푸시 로드, 엔진 포핏 밸브용 등 2종",해군군수사령부,베스트프리 주식회사
16192,자동기상관측장비 등 6종 유지보수 정비,해군군수사령부,주식회사 신동디지텍
16232,고성능 영상감시체계 유지보수 정비,해군군수사령부,주식회사 아이엔아이
16233,함정용 위성방송수신안테나 유지보수 정비,해군군수사령부,한양무선통신
16255,하계 T셔츠(정비/조리용) 제조 납품,국군재정관리단,성지EMB
16382,시설유지보수용 자제 69품목 구매,공군교육사령부,국제산전
16537,17-공-디젤엔진식 발전기 30KW 제조설치,국군재정관리단,주식회사 제이씨코퍼레이션
16573,열선유리 고정식 각창(볼트고정식) 1종,해군군수사령부,21세기 산업
16590,"상자,부속품 적재용 등 73항목 제조(궤도)",육군군수사령부,주식회사 종한
16716,"케이블조립체,특수목적용,전기용 등 7항목 구매(기장)",육군군수사령부,레이어시스템
16837,"제어장치 조립체,변속기용 등 1항목 제조(생산, 궤도)",육군군수사령부,창진ENG(주)
16847,17-목-항공정비실습장 콘크리트파일 제조 구매,해군제3함대사령부,(주)미라보콘크리트
16880,휴대용탐조등 회로카드조립체 등 18항목 제조(기장),육군군수사령부,시온테크
16906,장치대 조립체 등 33항목 제조(궤도),육군군수사령부,조은테크
16911,덮개조립체 등 2항목 제조(항공),육군군수사령부,강서실업
16940,밸브조립체 등 40종,해군제2수리창,슈플라스
17033,ATCIS 회로카드조립체 등 2항목 제조(통신),육군군수사령부,주식회사 세운테크놀로지
17036,"너트, 형면형 등 92항목 제조(특무)",육군군수사령부,에스와이테크(SY TECH)
17037,호스조립체 등 13항목 제조(특무),육군군수사령부,(주)세계하이테크
17038,어댑터조립체 등 1항목 제조(특무),육군군수사령부,중앙엠티에스 주식회사
17078,케이블조립체 등 11항목 구매(물자),육군군수사령부,주식회사 월드티엔에스
17286,MU-911K회로카드조립체 등 2항목 제조(통신),육군군수사령부,레이어시스템
17287,케이블조립체 등 17항목 구매,육군군수사령부,주식회사 월드티엔에스
17309,"어댑터 조립체,선회용 등 132항목 제조(총포)",육군군수사령부,삼호정밀
17312,차동 기어 유닛 등 6항목 제조(생산능력)(궤도),육군군수사령부,(주)우진정밀
17314,"허브 몸체 조립체 등 17항목 제조(기장, 생산능력)",육군군수사령부,삼호정밀
17369,"튜브조립체,금속제 등 49항목 제조(기장)",육군군수사령부,(주)세계하이테크
17407,"튜브조립체,금속제 등 5항목 제조(기장)",육군군수사령부,(주)세계하이테크
17452,00대 생활관 등 2곳 관급자재 콘크리트파일 제조 구매,제9227부대,(주)삼성산업
17483,"나사,태핑용 등 403항목 제조(기장)",육군군수사령부,태창정밀
17494,"케이블조립체,특수목적용,전기용 등 8항목 제조(기장)",육군군수사령부,시온테크
17495,"커플링 하프,금속분리형 등 9항목 제조(기장)",육군군수사령부,삼호정밀
17529,변속기시험실 수배전반 제조설치,국군재정관리단,(사)대한정신장애인가족협회 중전기사업단
17531,밸브조립체 등 4항목 구매(자주포),육군군수사령부,주식회사아성금속
17539,"실린더 조립체,작동식,선형 등 6항목 제조(기장)",육군군수사령부,주식회사 헤이코
17544,"볼트,유체 통로용 등 673항목 제조(기장)",육군군수사령부,태창정밀
17555,조사리강하훈련장 관급자재 스틸그레이팅 제조 설치,제9227부대,주식회사 태흥그레이팅
17592,마스터 백 조립체 등 3항목 제조(기장),육군군수사령부,주식회사 비오텍
17606,"케이블조립체,전기용 1항목 제조(자주포)",육군군수사령부,주식회사 근일산업
17607,"리드선 조립체,전기용 등 22항목 제조(자주포)",육군군수사령부,세영정기
17666,17-008 시설유지보수용 자재 74품목 구매,공군교육사령부,우성종합상사
17869,18-511 금속명찰 등 3품목 제조/ 구매,공군교육사령부,군장코퍼레이션
17873,3개 부대 시설공사 관급자재 콘크리트 파일 제조납품,국군재정관리단,주식회사 명주파일
17874,3개 부대 관급자재 통합배선 제조설치,국군재정관리단,대신네트웍스(주)
17875,부대개편 관급자재 자동제어시스템 제조설치,국군재정관리단,주식회사 강원브이아이피시스템
17876,부대개편 관급자재 통합배선 제조설치 납품(서초구),국군재정관리단,반도산전(주)
17897,국군외상센터 신축 관급자재 의료가스 제조 설치,국군수도병원,주식회사 삼성의료설비
17900,생활관 신축 관급자재 수배전반 제조설치,국군재정관리단,사단법인 부산지체장애인단체협의회 사업단
17906,00지역 주거시설 관급자재(주차관제장치) 설치납품,제9965부대,주식회사 위쥬테크
17907,00항육상시설공사관급자재(진공온수보일러)제조설치,제8385부대,대림로얄이앤피(주)
17908,00항 육상시설 시설공사 관급자재(화강석및자연석판석,제8385부대,유한회사 율산
17919,00부대 부대개편 관급자재 자동제어 제조설치,제51보병사단,첨단정보통신  주식회사
17924,00부대 부대개편 관급자재 스틸그레이팅 제조납품,제51보병사단,수림산업 주식회사
17925,00부대 부대개편 관급자재 LED전광판 제조설치,제51보병사단,엘림네트웍스 주식회사
17940,00부대 부대개편 관급자재 통합배선 제조설치,제51보병사단,(주)비아이씨스템
17970,국군외상센터 신축 관급자재(혼합골재),국군수도병원,주식회사우신골재
17974,18-00사 관급자재(롤스크린) 제조설치,국군재정관리단,남도씨엔씨
17978,"18-00사 관급자재(방송,AV) 제조설치",국군재정관리단,공간미디어(주)
17992,심정모터펌프 구매,제2군단,지앤지(G&G)
18007,18-00사 관급자재(무대장치) 제조설치,국군재정관리단,주식회사 엔티전기
18008,18-00사 관급자재(가로등 기구) 제조납품,국군재정관리단,(사)장애인인권센터ICT사업단
18024,16-충-방-6 관급자재(조명기구),육군 제37보병사단,주식회사 효성이엔씨
18060,16-충-방-6 관급자재(분전반 및 제어반),육군 제37보병사단,(주)조양
18068,부대개편 관급자재(크레인) 제조설치,국군재정관리단,주식회사 고려호이스트
18069,부대개편 관급자재(플라스틱창호) 제조납품,국군재정관리단,(주)건보산업
18071,18-00사 관급자재(CCTV) 제조설치,국군재정관리단,사단법인 해오름장애인협회
18073,18-00사 관급자재(통합배선) 제조설치,국군재정관리단,중앙통신 주식회사
18075,임시숙영시설 관급자재(냉난방기) 납품설치,제15보병사단,주식회사 원창이앤씨
18094,18-00사 관급자재(자동제어) 제조설치,국군재정관리단,태웅이엔에스 주식회사
18095,18-00사 관급자재(발전기) 제조설치,국군재정관리단,주식회사 제이씨
18113,국군외상센터 신축 관급자재(냉각탑),국군수도병원,주식회사 에이원이앤씨
18114,국군외상센터 신축 관급자재(보일러),국군수도병원,주식회사 동광보일러
18117,18-00사 관급자재(사인물) 제조설치,국군재정관리단,(유)도유
18119,18-00사 관급자재(빌딩자동제어장치) 제조설치,국군재정관리단,주식회사 아워스
18125,"전기시설 개선공사 관급자재(PAD SW,TR) 구매",제22보병사단,주식회사 케이제이
18133,"전기시설 개선공사 관급자재(PAD SW,TR) 구매",제22보병사단,주식회사 케이제이
18162,18-00사 관급자재(크레인) 제조설치,국군재정관리단,공명환경기계(주)
18180,임시숙영시설 관급자재(냉난방기) 납품/설치,제3283부대,BON B2B (본 비투비)
18183,선박자동식별장치(AIS) 유지보수 정비,해군군수사령부,주식회사 지엠티
18191,국군외상센터 신축 관급자재(의료용핸드레일),국군수도병원,주식회사 덕운
18194,00사업 관급자재(자동제어시스템) 제조 설치,국군재정관리단,믿음이엔지(ENG)
18229,18-00사 관급자재(보안등 기구) 제조납품,국군재정관리단,사단법인 장애인동반성장협회 동반사업장
18272,국군외상센터 신축 관급자재(의료전기(IT시스템)),국군수도병원,쎄스코
18273,국군외상센터 신축 관급자재(병원안내설비),국군수도병원,케이에스정보기술 주식회사
18274,국군외상센터 신축 관급자재(heating cable),국군수도병원,(주)프라임에텍
18287,LED 전광판 모듈 등 28종 구매,공군군수사령부,에스지에스
18358,국군외상센터 신축 관급자재(AL SHEET) 제조설치,국군수도병원,(주)씨에스에이코스믹
18360,국군외상센터 신축 관급자재(AL SHEET) 제조설치,국군수도병원,(주)씨에스에이코스믹
18363,궤도정비장비 유기압 현수장치 플러싱 장비 제조,국군재정관리단,주식회사 경성엠티
18400,15비복지시설신축공사 관급자재(천정형유닛)/구매설치,공군제15특수임무비행단,주식회사 아산엠이씨
18401,15비 복지시설 신축공사 관급자재(냉난방기)/구매설치,공군제15특수임무비행단,주식회사 대성이엔지
18418,"정비장비(세척기,궤도용) 제조설치",국군재정관리단,동아산기 주식회사
18516,18-15차 정비장비 부품구매(스위치 등 32품목),육군종합정비창,상진물류
18525,국군외상센터 관급자재(유리)구매,국군재정관리단,드림비즈 주식회사
18577,"경개시설 개선(2, 3공구) CCTV 설치납품",제7보병사단,(주)믿음
18644,국군외상센터 신축 관급자재(펌프),국군수도병원,(주)전진
18645,국군외상센터 신축 관급자재(기송관시스템),국군수도병원,주식회사 신승에프앤티
18735,18-00사 관급자재(고강도콘크리트 말뚝) 제조 납품,국군재정관리단,주식회사 강동
18758,공조기필터(프리필터 외 10종) 제조납품,국방부계룡대근무지원단,동성ENG
18772,00기보여단 관급자재(통합배선)제조설치,국군재정관리단,주식회사 씨앤텍
18775,18-급유시설 개선 관급자재 감시제어설비 제조 설치,국군재정관리단,동영테크원 주식회사
18816,국군외상센터 신축 관급자재(RI폐수조) 제조설치,국군재정관리단,주식회사 효성엔바이로
18831,경계시설(1공구) 조명기구 제조설치납품,제7보병사단,세광철물
18845,경계시설(1공구) CCTV 설치납품,제7보병사단,ADN
18848,공조기필터(롤필터 등 40종)제조납품,국방부계룡대근무지원단,(주)세방씨앤에프
18855,국군외상센터 관급자재(일체형배관배선 설치납품),국군수도병원,동신이엔지(주)
18862,부대개편 일반지원대대 관급자재(크레인) 제조설치,국군재정관리단,(주) 맑은나라
18893,장갑차 부품(제조),기동화력계약팀 (구:19.09.16),삼호정밀
18902,"파이프, 금속제 등 32종",해군제2수리창,안보종합상사
18958,조함 및 항해훈련장비(OH-530K) 유지보수 정비,해군군수사령부,株式會社 錦湖이.티.시
18961,국군외상센터 신축 관급자재(통합배선) 제조설치,국군수도병원,링크정보시스템(주)
19001,신궁 케이블조립체등2종 구매,육군종합정비창,동양기전
19003,18-급유시설 개선 관급자재 수배전반 제조 설치,국군재정관리단,채움사업단(사단법인 한국장애인일자리협회)
19139,"부대개편 군수지원A,B대대 관급자재(크레인) 제조설치",국군재정관리단,대영이엔지 주식회사
19166,"밸브조립체,다기관용 1종",해군군수사령부,에스지티
19233,메인 베어링 밸브 등 25종,해군제2수리창,세일상사
19250,부대개편사업 관급자재(크레인) 제조설치,국군재정관리단,주식회사 라움
19299,00사단 동계 정비복 등 5종 제조,국군재정관리단,연광실업
19317,작전 및 편의시설(경첩볼트외 18종),공군제19전투비행단,동하산업종합
19330,국군외상센터 신축 관급자재(엘리베이터) 제조설치,국군재정관리단,주식회사 아남테크서비스
19336,00사령부 관급자재(호이스트크레인)제조설치,국군재정관리단,주식회사 하나산업
19366,6군단 관사 캠프님블 신축 관급자재 홈오토시스템,제7856부대,주식회사대호이엔씨
19630,공조기 필터 제조설치납품,제9965부대,(주)솔티
19696,"정비장비(판조립체,압입기용(K-1)) 제조설치",국군재정관리단,다담테크
19764,00부대 관급자재(보일러) 제조설치,국군재정관리단,주식회사 부-스타
19772,18-75-1 시설공사 관급자재(소음저감 창호),공군제19전투비행단,(주)거우
19810,K55자주포 파이프조립체 구매,육군종합정비창,대성테크
19870,00부대 이전사업 관급자재 합성수지창호 제조설치,국군재정관리단,아영산업
19930,국군외상센터 신축 관급자재(타일),국군수도병원,대동산업(주)
19993,'18-OO창 추진기관정비고 크레인 제조설치,해군군수사령부,프로엔지니어링
20106,LYNX 항공기 기내녹음장비 유지보수 정비,해군군수사령부,한양무선통신
20127,궤도 정비장비 유압모듈조종 시험장비 제조납품,국군재정관리단,주식회사 렘코
20202,P-3 항공기 시뮬레이터 유지보수 정비,해군군수사령부,주식회사 유니텍
20210,00부대 관급자재(건식제습기) 제조설치,국군재정관리단,(주)선우오토텍
20236,관급자재(콘크리트파일) 제조,국군재정관리단,(주)금산
20271,6군단 관사 캠프님블 신축 관급자재 통합배선,제7856부대,주식회사 에버정보기술
20273,8사단 간부숙소 신축 관급자재 통합배선,제7856부대,대한정보통신(주)
20275,20mm철재 탄피통 외주정비,공군군수사령부,주식회사 영남테크
20341,00사령부 관급자재(콘크리트파일) 제조,국군재정관리단,유정산업(주)
20343,00부대 관급자재(크레인) 제조설치,국군재정관리단,대진기계
20394,LYNX 시뮬레이터 유지보수 정비,해군군수사령부,(주)이엔씨테크
20467,전자해도표시시스템(ECDIS) 유지보수 정비,해군군수사령부,이마린아이씨티 주식회사
20506,00부대 관급자재(배전반) 제조설치,국군재정관리단,(사)한국장애인연맹기전사업부
20507,00부대 관급자재(발전기) 제조설치,국군재정관리단,케이피브이(주)
20564,00부대 신축 관급자재(엘리베이터) 제조설치,국군재정관리단,(주)새한엘리베이터
20567,"밸브,버섯형,엔진용 등 3종",해군군수사령부,주식회사 미래정밀
20571,"열선유리,직사각형 등 3종",해군군수사령부,온나라물자조달 주식회사
20614,00부대 이전사업 관급자재 타일 구매,제17보병사단,앰투라이프
20616,"밸브,버섯형,엔진용 등 3종",해군군수사령부,주식회사 미래정밀
20635,00부대 관급자재(통합배선) 제조,국군재정관리단,링크정보시스템(주)
20637,00부대 관급자재(콘크리트파일) 제조,국군재정관리단,유정산업(주)
20638,특수전 모의훈련체계 유지보수 정비,해군군수사령부,씨지에스아이티(주)
20659,K1전차 충전선조립체등4종 구매,육군종합정비창,에스지티
20700,보드테스터 유지보수,제20전투비행단,MRO Tech(엠알오텍)
20702,00지역 주거시설 관급자재(엘리베이터)제조 설치,국군재정관리단,(주)대륜엘리스
20709,"열선유리,직사각형 등 8종",해군군수사령부,온나라물자조달 주식회사
20748,00부대 이전사업 관급자재(통합배선) 제조,국군재정관리단,주식회사 예스텍
20750,00부대 신축 관급자재 통합배선 제조설치,국군재정관리단,주식회사센텍
20777,00부대 신축 관급자재(화강석) 제조설치,국군재정관리단,세진석건
20814,5차사업(83정비) 크레인 제조설치(18-136),제2307부대,에이치피아이 (HPI)
20852,"펌프,냉각계통,엔진용 1종",해군군수사령부,세종상사
20872,00지역 주거시설 관급자재(자동제어) 제조설치,국군재정관리단,비콤시스템(주)
20883,"밸브,버섯형,엔진용 1종",해군군수사령부,수연상사
20991,펌프 냉각용 엔진용 등 72종 구매,해군군수사령부,주식회사 반도마린
20994,기어용 윤활유 등 11항목 제조(물자),육군군수사령부,지에스칼텍스 주식회사
21072,펌프조립체 1SET,해군제1수리창,신우기업(주)
21093,고정형 전술항법장비 유지보수 정비,해군군수사령부,한양무선통신
21111,관급자재(콘크리트 파일) 제조,국군재정관리단,주식회사 삼성엠케이
21148,6군단 관사 캠프님블 신축 관급자재 콘크리트파일,제7856부대,주식회사 명주파일
21154,미8군 차량정비시설등 8개시설 가구 제조 및 설치,국군재정관리단,인토스 주식회사
21193,"케이블 조립체, 특수목적용 등 2종 구매",제9121부대,주식회사동양엔지니어링
21207,반자동식부교 부품(제조),일반장비계약팀 (구:19.09.16),주식회사 종한
21245,차량정비시설 등 철재가구 구매설치,국군재정관리단,주식회사 토템
21253,교량가설단정 블록조립체등3종 구매,육군종합정비창,영진상사
21316,정비자재(8호 추진장약 팔렛트 등 3종)제조/구매,육군 탄약지원사령부,금성목재
21415,"파이프,금속제 등 11품목",해군제1수리창,천곡철물상사
21420,18-00지역 경계시설 통신공사 관급자재(SCD) 제조납품,해군군수사령부,제이티산업
21421,정비지원시설 노후출입문 교체공사(오버헤드도어),공군제19전투비행단,(주)스페샬화인
21424,와이어로프조립체,기동화력계약팀 (구:19.09.16),디씨에이치(주)
21491,'18년 소음저감사업 시설공사 관급자재(냉난방기),공군제16전투비행단,삼성기전 주식회사
21510,2분기 위임(심정모터 제조설치납품),제7보병사단,지앤지(G&G)
21521,5차사업(83정비대대) 콘크리트파일제조(18-135),제2307부대,성원파일주식회사
21584,부대개편 관급자재(진공온수보일러) 제조설치,국군재정관리단,대림로얄이앤피(주)
21585,부대개편 관급자재(온수저장탱크) 제조설치,국군재정관리단,주식회사 삼양테크
21603,국군외상센터 신축 관급자재(너스콜 및 비상호출),국군수도병원,모이스텍
21607,18-방한복(정비사용) 제조 납품,국군재정관리단,(사)한국척수장애인협회 피복사업소
21663,주/야 전선관측장비 정비,해군군수사령부,(주)유투에스알
21713,국군외상센터 신축공사 관급자재(잡석),국군수도병원,주식회사우신골재
21719,관급자재(콘크리트파일) 제조,국군재정관리단,(주)금산
21781,수도병원 공조기필터 제조설치납품,국군의무사령부,요림필터산업주식회사
21783,수도병원 공조기필터 제조설치납품,국군의무사령부,요림필터산업주식회사
21786,82정비 차기다련장 호이스트크레인 제조설치,제2군단,주식회사 신정기공
21902,"3개소 정비고 셔터 보수(철거, 제조설치 및 납품)",수도기계화보병사단,(주)한미외장
21926,K계열전차 포신 부품류(제조),기동화력계약팀 (구:19.09.16),삼호정밀
21999,서울지구병원 공조기필터 제조설치납품,국군의무사령부,주식회사 월드필터
22006,BTCS용 케이블조립체 등(C),지휘정찰계약팀 (구:19.09.16),주식회사 명림
22030,케이블조립체 세트 2개 구매,제9121부대,세종상사
22045,컨센트릭 밸브조립체 등 14종,해군군수사령부,신동하이텍
22047,"임펠러,워터펌프,엔진냉각장치용 등 3종",해군군수사령부,메트로마린서비스
22105,00대대 장비정비고 셔터 보수 설치납품,수도군단,백산이엔씨 주식회사
22124,엔진블록 조립체 디젤식 등 47종 구매,해군군수사령부,주식회사 만구
22129,케이블조립체류,기동화력계약팀 (구:19.09.16),연합정밀(주)
22158,회로카드조립체(방공관제레이더) 제조,공군군수사령부,시온테크
22170,케이블 조립체(PDU연결용) 등 2종(F-5 기체 부품),공군군수사령부,시온테크
22186,"펌프, 모터 구동용 1EA 구매",해군군수사령부,성문상사
22195,00여단 부대개편 관급자재(크레인) 제조설치,국군재정관리단,주성테크
22249,18년 정비화 등 4종 제조/구매,제6955부대,유어스 컴퍼니
22285,"열선유리,직사각형 등 3종",해군군수사령부,강원상사
22322,와이어로프조립체 등 3항목 구매(기장),육군군수사령부,모아텍
22351,BTCS용 케이블조립체 등(B),지휘정찰계약팀 (구:19.09.16),연합정밀(주)
22356,관급자재(플라스틱창호) 제조,국군재정관리단,(주)프라임
22371,BTCS용 케이블조립체 등(A),지휘정찰계약팀 (구:19.09.16),연합정밀(주)
22380,00단 작전영상전송장비(KAISHOT) 유지보수 정비,해군군수사령부,株式會社 錦湖이.티.시
22381,VLF 지휘통신체계 유지보수 정비,해군군수사령부,주식회사 지씨
22490,기어뭉치 등 8항목 제조(궤도),육군군수사령부,고려기계
22524,케이블조립체(통신장비용),통신장비계약팀 (구:19.09.16),연합정밀(주)
22530,장갑전투도자 케이블조립체등5종구매,육군종합정비창,진광사
22559,"펌프조립체,기어식 1종",해군군수사령부,수연상사
22581,"케이블 조립체,특수목적용,전기용",함정계약팀 (구:19.09.16),우성전장
22610,케이블조립체(비차폐용),통신장비계약팀 (구:19.09.16),연합정밀(주)
22611,케이블조립체(차폐용),통신장비계약팀 (구:19.09.16),연합정밀(주)
22659,18-공군 동·하정비복 6종 제조,국군재정관리단,빛가람장애인시설
22681,콘센트릭 밸브 조립체 등 21종,해군제2수리창,세일상사
22733,정비파카 제조,국군재정관리단,주식회사 무궁화용사촌에프앤씨(F&C)
22780,탐지3호용 케이블조립체,지휘정찰계약팀 (구:19.09.16),금영코리아
22792,단안형야간투시경 수리부속(제조),지휘정찰계약팀 (구:19.09.16),주식회사 보성기업
22838,지뢰살포기 부품(제조),일반장비계약팀 (구:19.09.16),(주)지엔텔
22846,동계 정비복 등 4종 제조,국군재정관리단,사회복지법인 성심사회복지재단 마리스타
22881,00부대 관급자재(콘크리트파일) 제조,국군재정관리단,성원파일주식회사
22889,한국형 기동헬기 관급자재(크레인) 제조설치,국군재정관리단,대광이엔지
22954,155mm 교체시설사업(연천) 관급자재 크레인,제7856부대,세윤정공
22974,케이블 조립체 등 3종 구매,제9121부대,주식회사동양엔지니어링
23096,중심 베어링구동기 등 16항목 제조(기장),육군군수사령부,지승기업
23098,쉬일드조립체 등 25항목 제조(총포),육군군수사령부,가온기업
23147,케이블 조립체 등 8종,해군제2수리창,경기종합상사
23175,펌프 및 발전기 부품류,기동화력계약팀 (구:19.09.16),정테크
23183,소방시설 개선공사 관급자재(분전반) 제조설치,공군제19전투비행단,참빛파워텍 주식회사
23187,00지역 공조기필터 제조설치납품,자운대근무지원연대,(주)솔티
23231,엄브리칼 케이블 조립체 등 3종 구매,해군군수사령부,우방전선㈜
23279,시설대대 신축 시설공사 관급자재(혼합골재),공군제16전투비행단,주식회사 동신
23289,케이블 조립체 4EA 구매,제9121부대,세종상사
23307,"파이프 조립체, 금속제",기동화력계약팀 (구:19.09.16),대현테크
23334,고양병원 공조기필터 교체 제조설치납품,국군의무사령부,청정필터산업(주)
23335,양주병원 공조기필터 교체 제조설치납품,국군의무사령부,고려정공 주식회사
23349,1비 소방중대 신축 관급자재(출입통제설비),공군제1전투비행단,주식회사 유진시스템
23368,16-충-방-6 관급자재(크레인) 제조설치,국군재정관리단,주식회사 비엔디해양산업
23474,시설대대 신축 시설공사 관급자재(냉난방기),공군제16전투비행단,(주)태승건설
23518,회로망 펄스 형성용 1종 제조(F-5 항전 부품),공군군수사령부,티앤씨
23566,PKG IRSS 케이블 정비,해군군수사령부,주식회사 엠바이지
23586,전차축소사격 소총거치대 등 3종 제조,국군재정관리단,부강산업
23588,18-주기장 재포장 공사 관급자재(P.E 필름) 제조,국군재정관리단,주식회사유일화학
23596,(18-159)시설 프리필터 등 23종 구매,공군제5공중기동비행단,비에스상사
23626,18년 특수무기 케이블조립체류(일반),유도무기계약팀 (구:19.09.16),동양기전
23639,관급자재(고강도콘크리트말뚝 등 2종),공군제5공중기동비행단,동진파일주식회사
23678,시설물 유지보수 전기자재 구매,공군제11전투비행단,지와이테크놀리지
23785,18-동-노후설비 개선 펌프용 엔진 구매,국군재정관리단,연우기술 주식회사
23797,종합정보전시체계(IIDS)유지보수 정비,해군군수사령부,주식회사 셀젠텍
23870,"열선유리,직사각형 등 4종",해군군수사령부,주식회사 태촌실업
23949,"케이블 조립체,특수목적용,전기용외 1종(해성)",함정계약팀 (구:19.09.16),금영코리아
23981,대잠훈련분석체계(AEAS) 유지보수 정비,해군군수사령부,한양무선통신
24035,8사단 부대개편(6개소) 관급자재 콘크리트파일,제7856부대,유정산업(주)
24036,8사단 간부숙소 신축 관급자재 콘크리트파일,제7856부대,유정산업(주)
24058,관급자재(콘크리트파일) 제조,국군재정관리단,(주)금산
24060,동계정비복 등 7종 제조,국군재정관리단,빛가람장애인시설
24229,국군외상센터 관급자재(케이블 트레이),국군수도병원,(주)태화이엔지
24266,전동모터밸브 등 4종 구매,제20전투비행단,주식회사인정이엔아이
24271,전동모터밸브 등 4종 구매,제20전투비행단,주식회사인정이엔아이
24398,18년 특수무기 케이블조립체류,유도무기계약팀 (구:19.09.16),연합정밀(주)
24439,작전지원과 - 합판 등 14품목 구매,공군제15특수임무비행단,The 큰
24551,부품키트 시일 교체용 기계장치용 1항목 제조(궤도),육군군수사령부,티케이(T.K)테크
24554,00단010대대 시설공사 관급자재 [콘크리트파일],육군 제1군단,성원파일주식회사
24577,"밸브 조립체,다기관용 1종",해군군수사령부,세현종합상사
24580,"파이프,금속제 등 13종",해군군수사령부,미래상사
24597,K9자주포 케이블조립체등2종 구매,육군종합정비창,아이디
24692,PRC-96K 케이블조립체 등 5항목 구매(통신),육군군수사령부,주식회사 세연인터내셔널
24836,국군외상센터 관급자재(23kv 동심 난연케이블),국군수도병원,(주)극동전기
24876,정비복 제조 구매,수도방위사령부,현대종합상사
24894,엔진 스탑 케이블 등 107종,공군군수사령부,삼호상사
24945,"호스 조립체,비금속제 등 13항목 제조(자주포)",육군군수사령부,수성엠앤디
24950,"케이블 조립체,특수목적용,전기용 2항목 구매(특무)",육군군수사령부,금영코리아
24955,"케이블조립체,특수목적용 등 44항목 제조(자주포)",육군군수사령부,윌시스템 주식회사
24997,호스 조립체 비금속제 등 69항목 일반제조 (궤도),육군군수사령부,진일사
25002,베어링 등 3항목 제조(궤도),육군군수사령부,예지정밀
25004,"상자,부속품 적재용 등 26항목 일반제조(궤도)",육군군수사령부,주식회사 보성기업
25033,디시펌프모터 등 33종,해군제3함대사령부,무림오피스웨이목포점
25059,발칸 케이블조립체등4종구매,육군종합정비창,가람
25132,"케이블조립체,특수목적용 등 18항목 제조(특무)",육군군수사령부,시온테크
25134,(SE-88)엔진 포워드 마운트 등 41종 제조,공군군수사령부,주식회사 지에취디자인
25154,18-046 금속명찰 등 3품목 제조/구매,공군교육사령부,두원(DO1)
25194,자료연동처리기(DLPS) 유지보수 정비,해군군수사령부,주식회사 시스텍
25382,"케이블 조립체,특수목적용,전기용 등 3종",해군군수사령부,우미 물산
25400,"밸브 조립체,차단용",함정계약팀 (구:19.09.16),하이펙 주식회사
25451,국군외상센터 신축공사 관급자재(콘크리트 파일),국군수도병원,성원파일주식회사
25495,풍향풍속계 지지대 조립체 등 9항목 제조(통신),육군군수사령부,주식회사 월드티엔에스
25511,조달요구서(18-039)[시설]유수분리기 필터 등 2종,공군제5공중기동비행단,주식회사 하이폴
25573,교량가설단정 와이어로프조립체 구매,육군종합정비창,정원사
25612,자동기상관측장비 등 7종 유지보수 정비,해군군수사령부,주식회사 지앤에스기술
25625,렌치 파이프용 등 42항목 구매(물자),육군군수사령부,모아상사
25629,브레이크 시험기 등 12항목 제조(장비)(기장),육군군수사령부,주식회사 지에취디자인
25826,함정용 위성방송수신안테나 유지보수 정비,해군군수사령부,한양무선통신
25834,나사못등160종구매(특무단),육군종합정비창,서화테크
25988,케이블조립체 등 5항목 구매(항공),육군군수사령부,주식회사 세연인터내셔널
25992,"필터 엘리먼트,유체용 등 49항목 제조(기장)",육군군수사령부,주식회사 한강필터
26065,00시설 방카카본 필터 설치납품,국방부근무지원단,고려정공 주식회사
26107,중파송신기(TRT-20V1) 유지보수 정비,해군군수사령부,주식회사대양정보통신
26177,"나사,기계용 등 300항목 제조(기장)",육군군수사령부,주식회사 지스타
26309,TMR 케이블조립체 등 18항목 제조(통신),육군군수사령부,시온테크
26384,"나사,캡식,6각 머리형 1항목 제조(자주포)",육군군수사령부,건우MTC
26386,"실린더조립체,작동식,선형 등 7항목 제조(기장)",육군군수사령부,대현테크
26388,"하우징섹션,냉각액펌프용,엔진용 등 9종",해군군수사령부,케이-부영
26449,"호스,비금속제 등 96항목 제조(기장)",육군군수사령부,용진H&C
26609,격리병상 시설공사 관급자재 공조기 설치납품,국군수도병원,(주)엑트
26669,간성아파트 신축공사 관급자재(플라스틱 도어),제22보병사단,주식회사 예광창호
26675,간성아파트 신축공사 관급자재(플라스틱 도어),제22보병사단,주식회사 예광창호
26676,간성아파트 신축공사 관급자재(기타가구) 제조설치,제22보병사단,주식회사 고성디자인엔지니어링
26693,[관급자재]검단 경계작전시설 개선 관급자재 외등,공군 작사예하 방포사예하 제3여단,(주)용천전기조명
26707,관사 신축 관급자재(원격검침) 제조,제1862부대,우성기전 주식회사
26735,간성아파트 신축 관급자재(온돌마루) 제조설치,제22보병사단,(주)우드원
26738,관급자재(구내방송장치) 제조설치(20198250-F),국군재정관리단,제일정보통신주식회사
26739,19-작전지휘소 및 본청 신축 출입통제설비 제조설치,국군재정관리단,주식회사 샤인뷰
26740,19-작전지휘소 및 본청 신축 전력제어설비 제조설치,국군재정관리단,주식회사 아워스
26748,간성아파트 신축공사 관급자재(주방가구) 제조설치,제22보병사단,주식회사 아코퍼시스
26749,간성아파트 신축 관급자재(온돌마루) 제조설치,제22보병사단,(주)우드원
26750,간성아파트 신축 관급자재(통합배선) 구매계약,제22보병사단,제일정보통신 주식회사
26751,간성아파트 신축 관급자재(MCC) 제조설치,제22보병사단,주식회사일렉콤
26752,간성아파트 신축 관급자재(자동제어) 구매계약,제22보병사단,위팩트(WIFECT)
26753,간성아파트 신축 관급자재(엘리베이터) 제조설치,제22보병사단,주식회사 우성아이디에스엘리베이터
26754,간성아파트 신축 관급자재(화강석) 제조납품,제22보병사단,주식회사 은석엠앤지
26755,관사 신축 관급자재(통합배선) 제조,제1862부대,국제시스템 주식회사
26762,(19-F102)스위치 광 인터페이스 모듈외 1품목,공군제17전투비행단,주식회사 엘케이테크
26775,관급자재(통합배선반) 제조설치(20198249-F),국군재정관리단,주식회사 아이엔아이
26776,19-작전지휘소 및 본청 신축 자동제어 제조설치,국군재정관리단,주식회사 젠탑(GENTOP)
26784,관사 신축 관급자재(경질염화비닐관) 제조,제1862부대,(주)진안
26794,관사 신축 관급자재(조명기구 옥내) 제조,제1862부대,(주)세전사
26795,관사 신축 관급자재(가스보일러) 제조,제1862부대,(주)그린엔지니어링
26796,관사 신축 관급자재(플라스틱도어) 제조,제1862부대,주식회사 에스지텍
26797,관사 신축 관급자재(콘크리트파일) 제조,제1862부대,주식회사 에이치케이파워텍
26803,19-작전지휘소 및 본청 신축 공기조화기 제조설치,국군재정관리단,주식회사 리박산업기계
26810,172-3대대 병영생활관 개수공사 관급자재(통합배선),제55보병사단,주식회사 알엠케이
26811,170-3대대 병영생활관 개수공사 관급자재(통합배선),제55보병사단,주식회사 디투에스
26870,19-해병-항공 정비고 소화펌프 제조,제9181부대,주식회사이레산업펌프
26872,19-해병-정비 통합정비고 소화펌프 제조,제9181부대,주식회사 주호산업
26923,본부 청사 관급자재(AV설비 제조 및 설치),공군제17전투비행단,금맥정보통신 주식회사
26924,본부 청사 관급자재(통합배선반 제조 및 설치),공군제17전투비행단,주식회사 인포스텍
26925,본부 청사 관급자재(SPW창호 제조 및 설치),공군제17전투비행단,(유)드림씨앤에스
27047,19-정비고 리모델링 크레인 제조설치,공군제11전투비행단,진성기계주식회사
27052,ㅇㅇ함 NO.2 비자성 보조보일러 정비,해군군수사령부,삼양히트테크
27077,19-평 생존훈련장 신축 관급자재(조명기구) 제조 납품,제9911부대,주식회사 삼환전기산업
27117,프리필터 등 11종 제조/구매납품(직접생산),국방부계룡대근무지원단,동성ENG
27124,강원221호 궤도차량 정비고 신축 관급 크레인,육군 제8군단,(주)아신
27141,전자전 2반 생활관 관급자재(통합배선)제조 설치,제9196부대,대신네트웍스(주)
27163,시설물유지보수자재 117종구매,공군제11전투비행단,성봉종합상사
27197,PKMR 빌지 블록 조립체 P1 등 12종 구매,제9911부대,주식회사 태양테크
27207,P-3 항공기 시뮬레이터 유지보수 정비,해군군수사령부,주식회사 한국미디어테크
27335,00부대 정비고 OHC 제조/설치(20196307-I),국군재정관리단,주식회사 효성엔바이로
27413,정비고용 오버헤드 크레인 제조설치납품,육군항공사령부,제이케이이앤씨 주식회사
27414,정비고 관급자재(콘크리트 파일)제조납품,육군항공사령부,성우파일 주식회사
27422,전자전 2반 생활반 관급자재(분전반) 제조설치,제9196부대,주식회사비전제어시스템
27584,19-정비고 신축 시설공사 관급자재(크레인) 제조 설치,국군재정관리단,케이티씨 주식회사
27719,빌지 블록 조립체 등 10종 구매(19-100),해군제2수리창,세일상사
27840,노후보일러교체관급자재(보일러)제조납품(20196288-A),국군재정관리단,대림로얄이앤피(주)
27927,간부숙소 신축 사업 관급자재(MCC 및 분전반),연평부대,주식회사 남동인덱스
28054,"UH-60 셀,전지용 제조",항공기계약팀 (구:19.09.16),주식회사 서원
28153,"밸브,버섯형,엔진용 등 7종",해군군수사령부,메트로마린서비스
28232,파이프렌치 등 108종,해군작전사령부,만복유통
28315,정비작업스탠드(대)외 3품목 제조 및 설치,공군제17전투비행단,주식회사 풍년이앤지
28319,발칸 케이블조립체 구매,육군종합정비창,주식회사 현진시스템
28353,(19-1128)사격장 유지보수 물품 제조 및 설치,공군제17전투비행단,드림비즈 주식회사
28367,테니스장 개선공사 관급자재 인조잔디 제조 설치,공군제19전투비행단,라운드원코리아 주식회사
28378,함정장비 수리부속 케이블타이 등 45품목 구매,제9181부대,주연ICT
28533,정비용 장비 예비품 구매(정유압펌프필터 등 40품목),육군종합정비창,신동하이텍
28567,"판조립체, 보호용 등 39항목 제조(궤도)",육군군수사령부,나린코리아
28614,정비용 장비 예비품 구매(도료호스 등 68품목),육군종합정비창,주식회사 코리아 이.엔.지
28648,LYNX 항공기 시뮬레이터 유지보수 정비,해군군수사령부,(주)이엔씨테크
28712,Lynx 항공기 기내녹음장비 유지보수 정비,해군군수사령부,한양무선통신
28802,전동모터밸브 등 4종,제20전투비행단,주식회사 현대워터텍
28927,워터펌프 플라이어 등 73품목 구매 납품,제9227부대,골드라벨
28946,"표시판, 레이더세트 제원용 DY-NDS 유지보수 정비",해군군수사령부,주식회사대양정보통신
28955,외곽울타리 개선공사 관급자재 YL형울타리 제조 설치,공군제19전투비행단,주식회사 이천휀스
28981,엔진 밸브 연마기 1대 구매,해군군수사령부,씨티원 경기지점
29065,복합문화센터(금속흡음단열시스템패널)제조 설치 납품,국방부계룡대근무지원단,주식회사 이화건설
29196,"유지보수 박스 등 68품목 구매(근-19-102, 근-19-109)",공군작사근무지원단,주식회사 승지산업
29279,생활관 관급자재(관물함) 제조납품(2차)(20196234-D),국군재정관리단,서울강철
29326,콘크리트드릴날 등 159종,해군작전사령부,제이아이비즈
29410,기동헬기대대 부대개편 관급자재 보일러,육군 제1군단,주식회사 동광보일러
29498,대구병원 공조기필터 제조설치납품,국군의무사령부,(주)세방씨앤에프
29502,대구병원 공조기필터 제조설치납품,국군의무사령부,(주)세방씨앤에프
29555,"사이트조립체,속도용 등 2항목 제조(총포)",육군군수사령부,주식회사 보성기업
29561,000함 오수배관 교체정비,해군군수사령부,주식회사종합해사
29612,알루미늄 파이프렌치 등 190종 구매,해군사관학교,경남상사
29694,"파이프,금속제 등 13종",해군군수사령부,금호(주)
29729,장갑차 차체 부품(제조),기동화력계약팀 (구:19.09.16),대성테크
29790,장보고-III 관급자재(토목섬유)제조 (20198163-F),국군재정관리단,영우산업(주)
29813,19-해병-정비 통합정비고 플라스틱창호 제조 납품,제9181부대,삼원시스템(주)
29825,"밸브,버섯형,엔진용 등 11종",해군군수사령부,지앤와이일렉텍(주)
29936,관급자재(건식제습기)제조설치(20196162-E),국군재정관리단,삼성기전 주식회사
29939,19-해병-정비 통합정비고 리프트 제조 설치,제9181부대,(주)도원에코텍
30029,시설자재(축전지 등 13종) 구매,국방부계룡대근무지원단,제이에스(JS)종합
30094,"케이블 조립체, 특수목적용, 전기용 2EA 구매",제9121부대,주식회사 부영상사
30100,수중탐색음탐기 5종 유지보수 정비,해군군수사령부,주식회사 엠바이지
30139,생존훈련장 신축 관급자재(콘크리트파일) 제조납품,제9911부대,(주)금산비엔티
30221,전술항공항법장비(TACAN-2010) 유지보수 정비,해군군수사령부,한양무선통신
30241,동지구식당 개선공사 관급자재 배기후드 구매 설치,공군제19전투비행단,한국케이엔티(주)
30267,UAV운용부품(광 케이블 등 2품목) 구매,제9181부대,스마트티씨 주식회사
30337,"BTCS부품(일반, 제조)",지휘정찰계약팀 (구:19.09.16),주식회사 신안정보통신
30338,"BTCS부품(일반, 제조)",지휘정찰계약팀 (구:19.09.16),주식회사 신안정보통신
30349,관사 신축 관급자재-콘크리트 파일,제21보병사단,디에스산업(주)
30388,K-55 와이어로프조립체,기동화력계약팀 (구:19.09.16),동남기업
30458,펌프 씰 등 2종,해군제2수리창,지니종합상사
30566,베어링 등 24항목 제조(총포),육군군수사령부,주식회사 보성기업
30626,케이블조립체류,기동화력계약팀 (구:19.09.16),연합정밀(주)
30631,0전대 관급자재(배전반)제조설치(20199033-D),국군재정관리단,사단법인 더불어사는장애인복지회 기전사업단
30661,19년 F-5 브레이크 디스크 제조(D),항공기계약팀 (구:19.09.16),다산기공(주)
30669,19-정비고 리모델링 크레인 제조 설치(20199129-C),국군재정관리단,주식회사 거화
30690,"부품킷트, 엔진 워터 펌프 등 7품목",해군제1수리창,금성종합상사
30723,수도병원 공조기필터 제조설치납품,국군의무사령부,동성ENG
30724,서울지구병원 공조기필터 제조설치납품,국군의무사령부,고려정공 주식회사
30729,관사 신축 관급자재-통합배선,제21보병사단,(주)처음정보기술
30759,간부숙소 용도변경 관급자재(PD창호),제1862부대,주식회사진경
30831,"밸브 조립체,다기관용 1종",해군군수사령부,한서유통
30838,해상작전위성통신체계(SRC-1K) 유지보수 정비,해군군수사령부,주식회사 머큐리
30839,독신숙소 신축 관급자재(통합배선) 제조설치 납품,수도군단,주식회사 태영아이앤씨
30888,교전훈련장비 수리부속 제조,육군과학화전투훈련단,(주)네스랩
30937,펌프 조립체 9EA 구매,해군군수사령부,양지무역
30944,"판조립체, 오일전달용 등 40항목 제조(궤도)",육군군수사령부,주식회사 한국건설기계
30986,진공펌프조립체 등 16종 구매,해군군수사령부,반도마린
31019,"케이블 조립체,특수목적용,전기용 등 2종",해군군수사령부,반도마린
31140,"케이블조립체,특수목적용,전기용 등 9항목 제조(특무)",육군군수사령부,주식회사 가온테크1
31158,반자동식부교 부품(제조),일반장비계약팀 (구:19.09.16),디씨에이치(주)
31175,특수 금속 보수 코팅제(공동현상 방지용) 등,해군군수사령부,신동하이텍
31189,작전영상전송장비(KAISHOT) 유지보수 정비,해군군수사령부,株式會社 錦湖이.티.시
31230,2019 동정비복 제조 구매(20196129-A),국군재정관리단,빛가람장애인시설
31231,생활관 관급자재(관물함) 제조납품(20196127-C),국군재정관리단,(주)퍼스코
31236,포천병원 공조기필터 제조설치납품,국군의무사령부,주식회사 부일필터
31280,함평병원 공조기필터 제조설치납품,국군의무사령부,(주)세방씨앤에프
31281,양주병원 공조기필터 제조설치납품,국군의무사령부,동성ENG
31282,고양병원 공조기필터 제조설치납품,국군의무사령부,(주)세방씨앤에프
31300,"케이블조립체, 무선주파수용 등 5종 구매",해군군수사령부,알파유통 주식회사
31313,통합건물(의상) 관급자재(통합배선) 제조설치,공군방공관제사령부,주식회사 비엔티플러스
31326,생활관 관급자재(통합배선) 제조설치(20196106-D),국군재정관리단,주식회사 디투에스
31454,'19년 시설관리원 공구 구매,제28보병사단,국일기업
31542,기어오일펌프 등 9종 구매(20199094-F),국군재정관리단,주식회사아륙전기
31543,00사 관급자재(펌프)(20198046-E),국군재정관리단,대성엔텍(주)
31546,다용도공구함 등 2품목 제조 납품,제9227부대,우리온
31627,종합정보전시체계(IIDS) 유지보수 정비,해군군수사령부,주식회사 셀젠텍
31628,자동기상관측장비 등 7종 유지보수 정비,해군군수사령부,주식회사 지앤에스기술
31809,교전훈련장비 정비재료 제조,육군과학화전투훈련단,주식회사에이티솔루션
31943,펌프 씰 등 2종,해군제2수리창,수림이앤씨
31947,잠수함 위성지휘통신체계 유지보수 정비,해군군수사령부,한양무선통신
32012,시설물유지보수자재(스틸그레이팅) 구매,공군제11전투비행단,에스지에스
32015,금속제파이프 4품목 구매,제3170부대,주식회사 이앤아이
32037,"19년 잠수함(SS-I,II) 조종훈련장비 유지보수 정비",해군군수사령부,주식회사 일렉콤
32085,"파이프, 금속제 등 13종",해군제2수리창,세일상사
32096,라이닝슈우조립체 등 23항목 제조(총포),육군군수사령부,고려기계
32114,교전훈련장비용 충전지 제조납품(20196078-Aㅒ,국군재정관리단,주식회사 탈로스
32135,19년 특수무기 케이블조립체류,유도무기계약팀 (구:19.09.16),연합정밀(주)
32163,케이블조립체(통신장비용),통신장비계약팀 (구:19.09.16),연합정밀(주)
32168,케이블조립체(비차폐용),통신장비계약팀 (구:19.09.16),연합정밀(주)
32178,00부대 창고신축공사 관급자재 분전반 제조설치,수도군단,(사)대한민국공무원공상유공자회 수배전반사업부
32216,케이블조립체(차폐용),통신장비계약팀 (구:19.09.16),연합정밀(주)
32219,케이블조립체(차폐용),통신장비계약팀 (구:19.09.16),연합정밀(주)
32221,부산병원 공조기필터 제조설치납품,국군의무사령부,대원필터
32242,19-LYNX 음탐케이블 인양검사기 외주정비,제5738부대,에스지서보 주식회사
32251,항공기 엔진 형광침투검사 전용 부스 제조 및 설치,공군제11전투비행단,(주)포스테크
32307,1공구 싱크대 제조설치(19-22),제2307부대,주식회사 예닮
32308,2공구 싱크대 제조설치(19-23),제2307부대,주식회사 예닮
32314,(SE-88)엔진포워드 마운트 등 43종 제조,공군군수사령부,(주)아프로테크
32429,야전정비 물자 구매(누전차단기 등 14종),공군본부,위드
32451,장갑차 부품(제조),기동화력계약팀 (구:19.09.16),삼호정밀
32453,하정비복 제조구매(2019),육군종합정비창,주식회사 대원유통
32484,00정비대대 관급자재(오버헤드크레인) 제조설치,수도군단,주식회사 케이지에이치앤씨
32507,00부대 관급자재(통합배선) 제조설치 납품,수도군단,세진텔레시스 주식회사
32558,PKG 기관제어장치(MCS) 유지보수 정비,해군군수사령부,(주)보성공업 해양기전사업소
32661,"체인조립체,타이어용 등 10항목 제조(생산)(기장)",육군군수사령부,부산링구공업사
32673,시설관리 공구(드릴) 구매,제7보병사단,키락디지털
32678,00부대수송부정비고셔터문보수등3건설치납품,제1보병사단,우성무역
32861,열선유리 고정식 각창(볼트고정식) 등 2종,해군군수사령부,강원상사
32901,00부대 공기 조화기 필터 제조설치납품,국군제1068부대,(주)솔티
32910,감시카메라(CCTV) 유지보수 정비,해군군수사령부,뉴코리아전자통신 주식회사
32962,BTCS케이블조립체(B),지휘정찰계약팀 (구:19.09.16),연합정밀(주)
32970,BTCS케이블조립체(A),지휘정찰계약팀 (구:19.09.16),연합정밀(주)
33014,"케이블 조립체,특수목적용,전기용",함정계약팀 (구:19.09.16),(주)화이버옵틱코리아
33016,단안형야간투시경 수리부속(제조),지휘정찰계약팀 (구:19.09.16),덕인산업
33052,장보고-III 관급자재(송풍기)제조(20198085-F),국군재정관리단,제일산업
33177,고성능 영상감시체계 유지보수 정비,해군군수사령부,주식회사 우리별
33192,"상자,부속품 적재용 등 23항목 제조(궤도)",육군군수사령부,고려기계
33237,"케이블 조립체,특수목적용,전기용",함정계약팀 (구:19.09.16),연합정밀(주)
33267,케이블조립체(TAS-970K용)(제조),지휘정찰계약팀 (구:19.09.16),연합정밀(주)
33321,시설관리 소모성 공구(충전드릴 등 172종) 구매,국방부계룡대근무지원단,제이에스(JS)종합
33325,"파이프 조립체,금속제 1종",해군군수사령부,수연상사
33339,BTCS케이블조립체(C),지휘정찰계약팀 (구:19.09.16),연합정밀(주)
33354,대포병탐지레이더용 케이블조립체,지휘정찰계약팀 (구:19.09.16),주식회사 고려티에스아이
33363,19-공군 하정비복 T형 제조(20199061-H),국군재정관리단,(사)한국장애인기업협회 피복사업단
33364,19-공군 정비파카 제조(20199062-H),국군재정관리단,주식회사 무궁화용사촌에프앤씨(F&C)
33365,19-공군 동·하정비복 제조(20199060-H),국군재정관리단,(사)한국척수장애인협회 피복사업소
33538,민간시설관리원 공구 구매(A-19013),제5보병사단,이즈컴넷
33576,중파송신기(TRT-20V1) 유지보수 정비,해군군수사령부,주식회사대양정보통신
33642,시설장비(드릴링 머신) 구매,국방부계룡대근무지원단,리더스컴퍼니
33655,케이블조립체(탐지3호용),지휘정찰계약팀 (구:19.09.16),우성전장 주식회사
33658,0함대 관급자재(오수회수탱크)제조(20198056-I),국군재정관리단,중부기업
33661,19-00공사 관급자재(콘크리트파일) 제조(201910013-G),국군재정관리단,유정산업(주)
33738,부대개편사업 관급자재(혼합골재) 제조구매,제55보병사단,주식회사우신골재
33823,"급수장치조립체 등 17항목 제조(생산능력,특무)",육군군수사령부,삼호정밀
33826,"판, 핀 브레이크 앵커용 등 6항목 제조(특무)",육군군수사령부,예지정밀
33833,시설공사 관급자재 혼합골재 제조납품 20196026-B,국군재정관리단,주식회사 가나개발
33841,"캠조립체등 67항목 제조(생산능력,궤도)",육군군수사령부,평화정밀
33853,19년 함내외 및 함내무선통신체계 유지보수 정비,해군군수사령부,한양무선통신
33856,회로카드 조립체 등 4항목 제조(궤도),육군군수사령부,주식회사 시너스텍
33869,캠프님블 신축 관급자재 온돌마루,제8기동사단,주식회사 엘림산업
33911,"실린더조립체,작동식,선형 등 28항목  제조(일장)",육군군수사령부,평화정밀
33945,00여단 부대개편사업 관급자재(화강석) 제조구매,제55보병사단,주식회사 케이스톤
33946,00여단 부대개편사업 관급자재(혼합골재) 제조구매,제55보병사단,주식회사 이십일스토어
34007,정수장비역세탱크조립체(하이파론)등4항목제조(일장),육군군수사령부,이엔테크 주식회사
34008,"호스조립체,비금속제 등 126항목 제조(일장)",육군군수사령부,진일사
34038,"부품키트,전동유성운동식 조립 등 59항목 제조(궤도)",육군군수사령부,조은테크
34039,노즐홀더 조립체 등 35항목 제조(궤도),육군군수사령부,주식회사 한국건설기계
34113,"케이블 조립체,특수목적용,전기용 등 4종",해군군수사령부,걸작
34126,"하우징,기계구동장치용 등 3항목 제조(특무)",육군군수사령부,예지정밀
34146,"필터 엘리먼트,유체용 등 35항목 제조(기장)",육군군수사령부,지에스산업
34272,"펌프조립체,피드 등 2항목 구매(기장)",육군군수사령부,미소건업
34321,19년 발칸 부품키트(제조),유도무기계약팀 (구:19.09.16),주식회사 헤이코
34472,19-1차 정비장비 부품구매(케이블 전원분배기),육군종합정비창,새한정공
34528,"기어,전동장치용_등_16항목 제조(생산능력)(일장)",육군군수사령부,삼호정밀
34529,"기어,스퍼형 2항목 제조(기장)",육군군수사령부,창진ENG(주)
34605,"패드,절연체용 등 27항목 제조(자주포)",육군군수사령부,이든산업
34612,쉬일드조립체 등 21항목 제조(총포),육군군수사령부,건양산업
34613,"사이트조립체,속도용등 17항목 제조(총포)",육군군수사령부,주식회사 케이씨아이
34615,"리테이너, 베어링용 등 6항목 제조(자주포)",육군군수사령부,주식회사 한국건설기계
34643,"케이블조립체, 조절용 등 28항목 제조(특무)",육군군수사령부,주식회사 세연인터내셔널
34663,"춘천,홍천,강릉병원 공조기필터 제조설치납품",국군의무사령부,고려정공 주식회사
34694,19년 대보수 006호 정비고 보수 설치납품,제2군단,강원시스템
34755,(차량 수리부속)밸브 어셈블리 등 299종,공군군수사령부,희망테크
34827,ATCIS 케이블조립체 등 14항목 구매(통신),육군군수사령부,모아텍
34834,통신장비 케이블조립체 등 29항목 제조(통신),육군군수사령부,와이에스전자
34848,"바스켓승강기,정비용 등 5항목 제조(생산능력)(일장)",육군군수사령부,부산링구공업사
34883,장갑전투도자 케이블조립체 구매,육군종합정비창,우성전장
34923,K200장갑차 케이블조립체등9종 구매,육군종합정비창,협신정밀
34997,"부품키트,압력 조절밸브용 1종",해군군수사령부,제일테크
35128,"기어, 스퍼형 등 12항목 제조(생산능력,자주포)",육군군수사령부,해암테크 주식회사
35216,항공장구 종합훈련장 콘크리트말뚝(관급자재),공군교육사령부,자이림
35456,공정사단 B여단 관급자재(통합배선) 제조설치,제7군단,주식회사 우리이엔시
35491,노후관사 리모델링 관급자재(타일) 제조/납품,제7보병사단,(주)한주세라믹스
35532,20-해-00정비고 신축관급자재(호이스트) 제조 설치,국군재정관리단,주식회사 에스케이호이스트크레인
35547,제2충혼당 신축공사 관급자재(자동제어) 구매,국립서울현충원,주식회사 동천기공
35548,제2충혼당 신축공사 관급자재(전광판) 구매,국립서울현충원,주식회사대로정보통신
35549,제2충혼당 신축공사 관급자재(자동제어) 구매,국립서울현충원,주식회사 동천기공
35550,제2충혼당 신축공사 관급자재(GHP) 구매,국립서울현충원,주식회사 성운이엔지
35551,제2충혼당 신축공사 관급자재(전광판) 구매,국립서울현충원,주식회사대로정보통신
35554,00부대 동원훈련장 관급자재 방송 및 AV장비 제조설치,공군제19전투비행단,주식회사 대원정보통신
35557,공정사단 B여단 관급자재(자동제어) 제조,제7군단,탑인더스트리(주)
35602,20-국-0000원 신축 관급자재(자동제어) 제조설치,국군재정관리단,주식회사 탑엔지니어링
35634,20-해-00박물관 관급자재(공기조화기)제조설치,국군재정관리단,(주)엑트
35635,00학교 박물관 현대화 관급자재(자동제어) 제조,국군재정관리단,동영테크원 주식회사
35659,[20-301]유지보수자재(전기온수기 등 63종) 구매,공군제10전투비행단,주식회사 석호
35688,국방홍보원 신축사업 관급자재(통합배선)제조설치,국군재정관리단,주식회사 영은시스템
35716,잠수함(SS-II) DC 충전 연결구 케이블 조립체 정비,해군군수사령부,주식회사 엠바이지
35719,잠수함(SS-II) DC 충전 연결구 케이블 조립체 정비,해군군수사령부,주식회사 엠바이지
35726,00부대 정비고 OHC 제조설치(2020),육군종합정비창,주식회사 에스케이호이스트크레인
35778,"K9자주포 포신,포미장치부품류(일반제조)",지상공통전력운영계약팀,삼호정밀
35804,00학교 박물관 관급자재(통합배선반) 제조설치,해군사관학교,제일정보통신주식회사
35816,20-22 00신축 관급자재(공기조화기) 제조설치,국군재정관리단,대용기업(주)
35817,20~22 00신축 관급자재(항온항습기) 제조설치,국군재정관리단,경원세기엔지니어링 주식회사
35836,00사 화생방 생활관 관급자재(자동제어) 제조 설치,제7001부대,주식회사 평화전력
36088,20-76-빌지 블록조립체 등 19종,해군제2수리창,하나솔텍
36112,20-75-1 소음저감공사 관급자재 금속제창호,공군제19전투비행단,주식회사 예광창호
36222,화지대 생활관 신축 관급자재(콘크리트파일)제조 납품,제7001부대,디에스산업(주)
36238,전곡 복지회관 보수 관급자재,제28보병사단,해오름상사
36239,네트워크 유지보수 자재 구매,제28보병사단,일심테크
36262,간부숙소 개선공사 관급자재(조명기구 제조납품),공군제19전투비행단,(주)이노웍스
36265,간부숙소 개선공사 관급자재(합성수지제창 제조납품),공군제19전투비행단,(주)대명
36266,간부숙소 개선공사 관급자재(조명기구 제조납품),공군제19전투비행단,(주)이노웍스
36268,간부숙소 개선공사 관급자재(합성수지제창 제조납품),공군제19전투비행단,(주)대명
36280,"밸브,버섯형,엔진용 등 4종 구매",해군군수사령부,주식회사 와이에스이앤디
36319,"실린더조립체 등 11항목 제조(기동,생산능력)",육군군수사령부,(주)대철
36333,20-K-02 공기청정기 필터 제조 구매,제9181부대,(주)한국피앤씨
36384,도서(최강! 건설기계정비산업기사 등 57종) 구매,해군작전사령부,명성
36396,Lynx 항공기 기내녹음장비 유지보수 정비,해군군수사령부,한양무선통신
36488,"20-발전기세트,디젤엔진식(HP)4EA 제조",국군재정관리단,케이피브이(주)
36513,밸브 조립체 등 55품목 구매,해군제1수리창,전승 종합상사
36575,00시설사업 차량정비용 리프트 제조설치,수도군단,주식회사 태원엠티
36595,00시설사업 관급자재(통합배선) 제조설치,수도군단,주식회사 와이제이통신기술
36621,정비대대 정비고 등 2건 신축 오버헤드크레인(215호),제22보병사단,광성산업기계 주식회사
36671,고속상륙정(LSF-I) 유압펌프 제어기 정비,해군군수사령부,주식회사 일성이엔지
36718,00학교 박물관 현대화 관급자재(콘크리트파일) 구매,해군사관학교,주식회사 휴콤
36764,화력 시설장비유지 수리부속(300m 대구경 총대),국군체육부대,에코아이엔티(ECHO INT)
36799,간부숙소 신축 관급자재(냉난방기) 구매,연평부대,해듬
36846,"밸브, 버섯형, 엔진용 등 22종 구매",해군군수사령부,칼라투
36894,"부품키드,글로브 밸브용 등 24종 58점 구매",제9121부대,에스에이리테일
36911,20-K-통신 관급자재(분전반) 제조 설치,제9181부대,중앙알엔티(주)
36992,20-00창 00창고 신축 관급자재(콘크리트 파일) 제조,국군재정관리단,성우파일 주식회사
37035,"밸브, 버섯형, 엔진용 등 2종 구매(수입품)(20271)",해군제1수리창,삼동유통상사
37129,오수처리시설 측정 공구 00종 구매,육군본부,하늘유통
37132,00부대 사이버전산장비 유지보수,국방부조사본부,주식회사 이음
37238,군단2공구 삭도 케이블 설치납품,제21보병사단,합자회사 자유이엔씨
37328,섬유로프 조립체 등 3종 제조,해군군수사령부,주식회사 대정
37430,장갑전투도자 엔진블록 조립체 1항목 구매(일장),육군군수사령부,주식회사 아이엠트레이딩
37445,20-충-국-7 관급자재(무대장치) 제조설치,국군간호사관학교,"디멕스주식회사(dMax Co.,Ltd.)"
37453,1115공병단 헬리패드 보수 자재구매,제32보병사단,주식회사 피아이엠
37498,"밸브,버섯형,엔진용 등 14종 구매",해군군수사령부,드림비즈 주식회사
37501,OO부대 정비고 혼합골재 구매(2500-20-12),육군 제1군단,(주)석진산업
37509,전방정비작업대(항공기용)등3종 제조·구매(20-142),공군제15특수임무비행단,포스트원 유한회사
37542,"밸브 조립체,차단용",지상공통전력운영계약팀,우창기계 주식회사
37547,공기정화필터 제조 설치,제3283부대,리더산업필터
37580,FFG-I ECS(기관제어장치) 유지보수 정비,해군군수사령부,주식회사산엔지니어링
37584,공기청정기 필터 제조설치,육군훈련소,리더산업필터
37591,20-해-00000센터 관급자재(통합배선반) 제조설치,국군재정관리단,삼호전자통신(주)
37600,00부대 공기조화기 필터 제조설치 납품,국군제1068부대,주식회사 리박산업기계
37604,간부숙소 신축 관급자재(무대장치) 제조설치,연평부대,대성이엔이 주식회사
37625,PKG 기관제어장치(MCS) 유지보수정비,해군군수사령부,(주)보성공업 해양기전사업소
37700,20-감속기어 윤활유펌프 2EA 제조(208097-H),국군재정관리단,효성종합 주식회사
37715,"하우징섹션,냉각액펌프용,엔진용 등 5종 구매",해군군수사령부,비티컴주식회사
37772,"밸브,스톱-체크형 등 9종",해군군수사령부,효원
37783,20-전투함정 선체정비고 전력제어 제조,국군재정관리단,주식회사동성아이티이
37839,20-전투함정 선체정비고 호이스트 제조,국군재정관리단,주식회사 에스케이호이스트크레인
37853,"케이블 조립체 특수목적용, 전기용 1종 4EA 구매",제9121부대,문경종합상사
37854,"밸브,스톱-체크형 등 16종",해군군수사령부,주식회사 와이에스이앤디
37890,20년 발칸 부품키트(제조),미래전력사업전력운영계약팀,비씨아이 주식회사
37977,자동차배관용 금속관 등 31종 구매,육군종합정비창,대명 ENG
38009,"회로카드조립체(제조,일반)",지상공통전력운영계약팀,주식회사 디앤비
38020,케이블조립체(GPS-100),미래전력사업전력운영계약팀,시온테크
38029,무보수 밀폐형 축전지 5종 구매,국방부계룡대근무지원단,주식회사 에이치피솔루션
38034,"00부대 SALS-K 시설공사(관급자재, CCTV)",제1군수지원사령부,유한책임회사 엔에이치네트웍스
38071,20년 축성공구 구매,제9965부대,더엣지
38137,차량정비장비(2주식 리프트 등 4종)제조 설치,국방부근무지원단,주식회사 하늘기업
38138,(육성) 상용무전기 중계기 모듈 구매(제조),제6128부대,유니모테크놀로지 주식회사
38148,해체이전부대 개선 관급자재(컨테이너) 제조설치(1),제28보병사단,주식회사 디에스나이키
38149,해체이전부대 개선 관급자재(컨테이너) 제조설치(2),제28보병사단,주식회사 지성그린텍
38152,(206205-D)정비파카 제조(납품),국군재정관리단,(사)한국척수장애인협회 피복사업소
38216,20년 천궁 발사대 수리부속 케이블류,미래전력사업전력운영계약팀,신광전자
38348,20-평 상가대 보강공사 관급자재(모래) 구매,제9911부대,주식회사 주은기획
38361,간부숙소 보수공사 관급자재(냉방기),공군사관학교,주식회사씨엔이
38411,펌프 및 발전기 부품류,지상공통전력운영계약팀,건웅테크 주식회사
38436,잠수함(SS-II) ESM마스트 케이블 및 관통자 정비,해군군수사령부,주식회사 토탈마린솔루션
38529,간성아파트 신축 관급자재(콘크리트 파일),제22보병사단,성우파일 주식회사
38549,"K계열전차 전기장치 부품류(제조,일반)",지상공통전력운영계약팀,덕인산업
38555,[20-A44(5)] 유휴시설 철거 2공구(석면농도측정),제6보병사단,주식회사 이에이환경연구소
38574,20-해-00창 관급자재 콘크리트파일 제조(208128-H),국군재정관리단,성우파일 주식회사
38721,20년 발칸 포가부 부품(제조),미래전력사업전력운영계약팀,건웅테크 주식회사
38742,20년 오리콘 사격통제장치 부품류(제조),미래전력사업전력운영계약팀,(주)동일자동화전력
38827,제주 작전기지 훈련장비 유지보수 정비,해군군수사령부,(주)지디엘시스템
38844,홍천병원 병영생활관 관급자재(창호),국군의무사령부,(주) 거성건설
38859,함내외 함내무선통신체계 유지보수 정비,해군군수사령부,대양전기공업(주)
38905,수문 제조설치(00항 육상시설 시설공사 관급자재),제8385부대,현승기공
38915,20-해군정비창 선체정비고 관급(콘크리트파일),국군재정관리단,성우파일 주식회사
38919,20년 천마 수리부속류(제조),미래전력사업전력운영계약팀,창진ENG(주)
38966,"부품키트,엔진 워터펌프용 등 30종 구매",해군군수사령부,(주)동은테크
39013,수중탐색음탐기 5종 유지보수 정비,해군군수사령부,주식회사 엠바이지
39028,"20-147, 부품정비대대, T-50 APU 점검 케이블",공군 제8전투비행단,주식회사 화인디펜스
39058,동·하정비복 등 10종 제조(209112-I),국군재정관리단,빛가람장애인시설
39124,"잠수함(SS-I, SS-II) 전술훈련장비 유지보수 정비",해군군수사령부,주식회사 일렉콤
39132,[C-130 부품] 다기능 판넬 등 188종,공군군수사령부,우주항공산업 주식회사
39155,공조기필터 제조설치납품(수도병원),국군의무사령부,리더산업필터
39175,잠수함 조함/저주파 훈련장비 유지보수 정비,해군군수사령부,주식회사 일렉콤
39181,"잠수함(SS-I, II) 조종훈련장비 유지보수 정비",해군군수사령부,주식회사 일렉콤
39203,20-공-정비사 점검복 제조,국군재정관리단,하디코퍼레이션
39212,울릉도지역 UPS 및 배터리 제조설치(교체포함),제3707부대,주식회사 인피스
39239,잠수함(SS-II) 냉각수 펌프용 전동기 정비,해군군수사령부,아남중공업주식회사
39241,2기갑 여성필수시설 관급자재(컨테이너),육군 제1군단,주식회사휴먼씨앤디
39323,대전병원 공조기필터 제조설치,자운대근무지원연대,주식회사천태이엔지
39343,공사감독 및 설계용 공구구매(시설부대비 9차),제2군단,지앤지(G&G)
39352,MHC 비자성 보조보일러 정비,해군군수사령부,피엠에스
39387,"펌프조립체,기어식 등 4종",해군군수사령부,(주)블루마린
39397,[시동용 발전기 부품] 제어장치 판넬 등 4종,공군군수사령부,창진ENG(주)
39447,"케이블조립체,전력용 등 11항목 제조(일장)",육군군수사령부,우성전장 주식회사
39449,"탱크,기름용,유압장치용 1항목 제조(일장)",육군군수사령부,거봉화이바 주식회사
39564,"BTCS부품(일반, 제조)",미래전력사업전력운영계약팀,덕인산업
39569,잠수함 위성지휘 통신체계 유지보수 정비,해군군수사령부,한양무선통신
39685,"판조립체,오일전달용 등 93항목 제조(궤도)",육군군수사령부,선명기계
39686,다이아프램 조립체 등 8항목 제조(궤도),육군군수사령부,한성정공
39719,합동생활관 공기청정기 필터 2종 구매,해군교육사령부,진성
39757,단안형야간투시경 수리부속(제조),지상공통전력운영계약팀,덕인산업
39764,"케이블조립체,특수목적용,전기용,갈래형등 1종3점구매",제9121부대,한가온
39859,"케이블 조립체,특수목적용,전기용,갈래등 1종2점 구매",제9121부대,주식회사동양엔지니어링
39869,"케이블 조립체,특수목적용,전기용",지상공통전력운영계약팀,연합정밀(주)
39870,발칸 케이블조립체 2종 구매,육군종합정비창,티케이(T.K)테크
39916,"푸시 로드,엔진 포핏 밸브용 등 60종",해군군수사령부,주식회사 옵티
39934,"열선유리,사각형 등 8종",해군군수사령부,성광상사
40038,통합배선 제조설치(통합정비고 신축공사 관급자재),제8385부대,주식회사 에버정보기술
40039,공기압축기 제조설치(통합정비고 신축공사 관급자재),제8385부대,월드기계공업
40098,"20년 UH-60 셀, 전지용 (제조)",지상공통전력운영계약팀,주식회사 서원
40122,"펌프,냉각계통,엔진용 1종",해군군수사령부,세명종합공구
40164,케이블 조립체 등 17종 구매,해군군수사령부,주식회사이엠씨테크
40195,"공조기필터 제조설치납품(양주, 고양, 포천병원)",국군의무사령부,대원필터
40225,"구동장치부품류(제조,일반)",지상공통전력운영계약팀,하이펙 주식회사
40260,인체제독용물자세트 수리부속(제조),지상공통전력운영계약팀,에스지생활안전 주식회사
40274,실외기 구매설치(통합정비고 신축공사 관급자재),제8385부대,주식회사 우인
40275,유수분리기 제조설치(통합정비고 신축공사 관급자재),제8385부대,이노베이션테크
40283,케이블조립체(TAS-970K용)(제조),미래전력사업전력운영계약팀,(주)동일자동화전력
40286,공조기필터 제조설치납품(서울지구병원),국군의무사령부,주식회사 부일필터
40293,케이블조립체(통신장비용),미래전력사업전력운영계약팀,연합정밀(주)
40326,공기청정기 필터 제조 설치납품,제32보병사단,주식회사 부일필터
40342,20-평창훈련장 시설공사 관급자재(리프트) 구매,국군재정관리단,(주)에스엔에이
40367,"베어링,슬리브형 등 2항목 제조(기동,생산능력)",육군군수사령부,건웅테크 주식회사
40376,공조기필터 제조설치납품(함평병원),국군의무사령부,(주)한국피앤씨
40464,"임펠러,워터펌프,엔진냉각장치용 등 2종",해군군수사령부,메트로마린서비스
40480,케이블조립체(비차폐용),미래전력사업전력운영계약팀,연합정밀(주)
40487,"시험세트, 조종장치용(제조, 제한)",지상공통전력운영계약팀,이큐랩
40504,케이블조립체(차폐용),미래전력사업전력운영계약팀,연합정밀(주)
40507,"케이블조립체류(제조,일반)",지상공통전력운영계약팀,연합정밀(주)
40590,종교시설 신축공사 관급자재(한식창호) 제조 설치,국군재정관리단,유한회사성지산업
40612,창고 신축공사 관급자재(랙 등 6종) 제조 설치,해군작전사령부,그린스틸
40614,’20년 공기청정기 필터 제조 구매,육군종합군수학교,(주)한국피앤씨
40618,함정용 위성방송수신안테나 유지보수 정비,해군군수사령부,한양무선통신
40626,’20년 공기청정기 필터 제조 구매,육군종합군수학교,(주)한국피앤씨
40755,공기청정기 필터 제조설치,제3보병사단,대원필터
40774,"케이블조립체 세트,전기용 등 1종 구매",제9121부대,세종상사
40862,’20년 공기청정기 필터 제조납품,제9보병사단사령부,동성ENG
40879,20년 특수무기 케이블조립체류,미래전력사업전력운영계약팀,연합정밀(주)
40939,"부품킷트(제조,소액)",지상공통전력운영계약팀,원일종합상사
40941,20-디젤엔진 발전기 150KW 제조구매,국군재정관리단,대흥기전(주)
41076,케이블조립체 등 5종 구매,해군군수사령부,글로리아
41081,"기어,멈치용 등 2항목 제조(궤도)",육군군수사령부,해암테크 주식회사
41084,"케이블조립체, 특수목적용, 전기용 1항목 구매(항공)",육군군수사령부,주식회사 화인디펜스
41106,K계열전차 포신 부품류(제조),지상공통전력운영계약팀,삼호정밀
41191,정비파카 제조(209080-I),국군재정관리단,(사)한국척수장애인협회 피복사업소
41336,체육시설 개선공사 관급자재(인조잔디 제조 설치),공군제19전투비행단,한국체육조경주식회사
41375,반자동식부교 부품(제조),지상공통전력운영계약팀,주식회사 천명하이텍
41383,"정비장비(진공펌프, 유니트 등 14종)구매(20209045-F)",국군재정관리단,매쉬미디어(주)
41388,20-25-밸브조립체 등 29종 구매,해군제2수리창,두성물산
41508,'20년 공기청정기 필터 제조설치,제1보병사단,(주)한국피앤씨
41513,무전기세트 케이블조립체 구매,육군종합정비창,정원사
41555,관급자재(항온항습기 제조 설치) 납품 (20209028-F),국군재정관리단,(주)강호이엔지
41556,관급자재(냉각탑 제조 설치)납품 (20209029-F),국군재정관리단,(주)와이엠테크
41609,전차축소사격 소총거치대 등 3종 제조,육군본부,주식회사 보성기업
41610,"[통신장비 부품] 케이블, 무선주파수용 등 2종",공군군수사령부,우성전장 주식회사
41804,시설자재(콘크리트 드릴날 등 259종) 구매,국방부계룡대근무지원단,(주)효선
41810,(위임-21)정비대대 보일러 교체 (설치납품),제3보병사단,반석상사
41867,"콘센트릭 밸브조립체2,3단용",해군제1수리창,전승 종합상사
41899,케이블조립체(탐지3호용),미래전력사업전력운영계약팀,주식회사 나우이노
41963,"돛대,메인조립체용 등 2항목 제조(일장,생산능력)",육군군수사령부,해암테크 주식회사
41965,"저장기 조립체 등 1항목 제조(일장,생산능력)",육군군수사령부,삼호정밀
41966,"제어헤드 조립체 등 2항목 제조(일장, 생산능력)",육군군수사령부,해암테크 주식회사
42008,공구보관함 등 2품목 제조,제9227부대,대흥교구
42018,변속기 정비용 받침대 등 12항목 제조(물자),육군군수사령부,선명기계
42019,정비용 받침대 레일형 등 16항목 제조(물자),육군군수사령부,거봉화이바 주식회사
42084,"밸브 조립체, 다기관용 2EA 구매",해군군수사령부,정일티엠씨
42327,전자해도표시 시스템(ECDIS) 유지보수 정비,해군군수사령부,이마린아이씨티 주식회사
42452,"파이프,금속제 등 13종",해군군수사령부,동우철강(주)
42473,관급자재(전력보호감시장치 제조) 납품(20209027-F),국군재정관리단,사단법인 더불어사는장애인복지회
42518,"걸쇠 조립체 등 33항목 제조(생산능력, 특무)",육군군수사령부,삼호정밀
42726,"케이블조립체,전기용 등 2항목 제조(궤도)",육군군수사령부,서경켐텍
42761,"케이블조립체,특수목적용 등 9항목 제조(특무)",육군군수사령부,(주)에스제이전자
42866,호스조립체 세트 등 40항목 제조(궤도),육군군수사령부,원일종합상사
42867,노즐홀더 조립체 등 12항목 제조(궤도),육군군수사령부,주식회사 광성테크
42881,"케이블조립체,특수목적용,전기용 1종 1점 구매",제9121부대,참조은
42933,케이블조립체 등 26항목 구매,육군군수사령부,유한회사 유경
42939,쉬일드조립체 등 12항목 제조(총포),육군군수사령부,건양산업
42945,방공C2A천마연동(20년 케이블조립체 등),유도무기총괄계약팀,한성정공
42958,관사 신축 관급자재-타일(제조납품),제21보병사단,(주)대동세라믹
42961,"밸브,스톱-체크형 1종",해군군수사령부,호미유통
42996,무보수 밀폐형 축전지 등 3종 구매설치,국방부계룡대근무지원단,와이에치산업
43023,회로카드조립체 등 5항목 제조(총포),육군군수사령부,주식회사 더블유엠케이
43028,공조기필터 제조설치납품(대구병원),국군의무사령부,부민유통
43052,"리테이너, 베어링용 등 6항목 제조(자주포)",육군군수사령부,수성엠앤디
43090,"필터 유닛,액체용,압력식 등 27항목 제조(기동)",육군군수사령부,지에스산업
43100,공조기필터 제조설치납품(부산병원),국군의무사령부,(주)세방씨앤에프
43187,통신장비 케이블조립체 등 10항목 제조(통신),육군군수사령부,(주)범한네트웍스
43189,통신장비 케이블조립체 등 9항목 구매(통신),육군군수사령부,스마트시스템
43227,"캠판 격발장치용 등 15항목 제조(생산능력,자주포)",육군군수사령부,삼호정밀
43293,부표 조립체 등 14항목 제조(특무),육군군수사령부,주식회사글로벌엔씨
43367,"공조기필터 제조설치납품(춘천, 강릉병원)",국군의무사령부,(주)세방씨앤에프
43604,발칸 케이블조립체3종 구매,육군종합정비창,티케이(T.K)테크
43632,K1전차 케이블조립체 구매,육군종합정비창,동남기업
43695,수도병원 리모델링 관급자재 제조설치(알루미늄 쉬트),국군의무사령부,주식회사 재강산업
43759,작전통제소 및 생활관 관급자재 통합배선,공군제5공중기동비행단,우림
43771,특수임무대 종합전술훈련시설 관급자재 집진기,공군제5공중기동비행단,청해ENV주식회사
43775,특수임무대 종합전술훈련시설 관급자재 자동제어,공군제5공중기동비행단,주식회사 유노미아
43780,21-OO대대 통합 신축 관급자재(통합배선) 제조/설치,공군사관학교,(주)오성정보통신
43783,특별-1-1 시설공사 관급자재(통합배선),제2군단,주식회사 혜성테크윈
43788,00부대 창고 신축 관급자재(우레탄패널),제2군단,(주)아성산업개발
43809,독신자숙소 신축 관급자재(빌딩자동제어시스템),제9965부대,태일전기주식회사
43812,독신자숙소 신축 관급자재(원격검침),제9965부대,(주)보배이에스씨
43825,00부대 이전사업 관급자재(토목-골재),제1군수지원사령부,주식회사 제이엠모터스펌프
43827,00대대 00정비고 오버헤드크레인 제조/설치,수도군단,주식회사 효성엔바이로
43828,특별-3-1 시설공사 관급자재(오버헤드크레인),제2군단,에스엠산업
43829,특별-4-1 시설공사 관급자재(오버헤드크레인),제2군단,제이케이이앤씨 주식회사
43830,특별-2-2 시설공사 관급자재(통합배선),제2군단,일성미디어통신 주식회사
43831,특별-4-2 시설공사 관급자재(통합배선),제2군단,(주)동화통신
43849,특별-2-1 시설공사 관급자재(오버헤드크레인),제2군단,바다정수산업 주식회사
43850,00부대 이전사업 관급자재(건축-오버헤드크레인),제1군수지원사령부,주식회사 세진에코텍
43875,21-국-계룡대 병영식당 관급자재(조명기구),국군재정관리단,주식회사 셀온
43876,21-해-잠수훈련장 관급자재(소독설비) 제조설치,국군재정관리단,와이비엔지니어링주식회사
43877,21-해-생존훈련장 관급자재(자동제어) 제조설치,국군재정관리단,탑정보통신 주식회사
43878,21-해-생존훈련장 관급자재(통합배선) 제조설치,국군재정관리단,(주)동화통신
43879,21-경-해-00대대 생활관 관급자재(통합배선) 제조설치,국군재정관리단,주식회사 뉴비엘
43880,21-경-해-0000대 생활관 관급자재(자동제어) 제조설치,국군재정관리단,고려이엔티주식회사
43881,21-해-부사관교육관 신축공사 관급자재(자동제어),국군재정관리단,주식회사 믿음이엔지
43883,21-해-의무대 신축 관급자재(자동제어),해군제3함대사령부,비콤시스템(주)
43888,실내체육관 신축 관급자재(자동제어),육군부사관학교,（주）유성계전
43889,실내체육관 신축 관급자재(원격검침),육군부사관학교,(주)이도
43892,생활관 신축공사 관급자재(컨테이너) 제조,연평부대,주식회사 융성
43893,21-해-통합정비고 통합배선 제조 설치,해군군수사령부,주식회사 혜민이엔지
43897,5군지사 72정비시설 신축공사(오버헤드크레인),제2작전사령부,주식회사 에코테크
43920,21-해-관급자재(출입통제시스템) 제조설치,국군재정관리단,주식회사 비젼코리아
43923,21-해-00시설 관급자재(분전반) 제조,국군재정관리단,주식회사 부길전기
43927,21-해-00시설사업 관급자재(구내방송장치),국군재정관리단,포에스미디어(주)
43928,21-해-관급자재(샌드위치패널) 제조설치,국군재정관리단,주식회사탑원산업
43929,21-해-아파트 개선공사 관급자재(PD창호),국군재정관리단,주식회사 예광창호
43941,손원일관 리모델링 관급자재(항온항습기) 제조설치,해군사관학교,경원세기엔지니어링 주식회사
43942,손원일관 리모델링 관급자재(통합배선) 제조설치,해군사관학교,주식회사 아이티아이씨앤씨
43946,21-해-ㅇㅇ시설사업 관급자재(폐쇄형배전반) 제조설치,국군재정관리단,(사)힘찬장애인복지회(기전사업단)
43947,21-공사 종교시설 신축 관급자재(화강석) 제조납품,국군재정관리단,성민석재
43950,21-해-00사 관급자재(수관보일러A형) 제조설치,국군재정관리단,(주)대열보일러
43952,21-해-00시설사업 관급자재(전동기제어반) 제조설치,국군재정관리단,(사)한국장애인농축산기술협회 스마트제어사업단
43953,21-해-교육관 관급자재(무대장치) 제조설치,국군재정관리단,주식회사 진성
43993,(216422-B) 관급자재(울타리) 제조-653포,국군재정관리단,진성산업주식회사
43996,21-해-정밀측정시험소 관급자재(크레인) 제조설치,국군재정관리단,(주) 맑은나라
43997,21-공-00부대 관급자재(크레인) 제조설치,국군재정관리단,주식회사 청림
44035,21-해-00창 공장 신축 관급자재(크레인) 제조설치,국군재정관리단,에이치엘비오션테크 주식회사
44060,21-해-생존훈련장 신축 관급자재(5톤크레인 제조),해군제3함대사령부,(주)디케이엠엔이
44068,00여단 병영생활관 신축 관급자재(통합배선),제17보병사단,주식회사 아이티씨테크
44079,차기다련장 9차 사업 관급자재(크레인) 제조/설치,제11기동사단,대신이엔텍 주식회사
44080,차기다련장 9차 사업 관급자재(자동제어) 제조/설치,제11기동사단,사단법인 더불어사는장애인복지회
44081,차기다련장 9차 사업 관급자재(통합배선) 제조/설치,제11기동사단,株式會社 錦湖이.티.시
44101,21-충-육-29실내체육관 관급자재(무대장치) 제조설치,제32보병사단,노수 주식회사
44111,172-2대대 병영생활관 신축 관급자재(통합배선),제55보병사단,태양정보통신 주식회사
44114,(217399-F)관급자재(통합배선) 제조설치,국군재정관리단,홍운이엔씨(주)
44124,FFG-Ⅰ ECS(기관제어장치) 유지보수 정비,해군군수사령부,주식회사 일성이엔지
44134,21-해-통합정비시설 관급자재(크레인) 제조,국군재정관리단,주식회사 수정태크
44135,21-해-00창 공장 신축 관급자재(연관보일러) 제조설치,국군재정관리단,대림로얄이앤피(주)
44197,00대 병영생활관 신축 관급자재(통합배선) 제조/설치,제11기동사단,(주)동진정보통신
44206,21-해-교육관 관급자재(제로에너지) 제조설치,국군재정관리단,주식회사 아주엔지니어링
44226,21-해-00사 관급자재(수관형보일러C형)제조설치,국군재정관리단,대림로얄이앤피(주)
44255,"3사단 관사 관급자재(도급, 타일)",제3보병사단,(주)한주세라믹스
44257,21-해-00시설 관급자재(영상감시장치) 제조 설치,국군재정관리단,오름직업재활센터
44260,21-해-보급창고 증축 관급자재(샌드위치 패널) 제조,국군재정관리단,(주)케이탑패널
44263,"3사단 관사 관급자재(도급, 타일)",제3보병사단,(주)한주세라믹스
44264,사령부 분청 신축 관급자재(통합배선) 제조/설치,제11기동사단,삼호전자통신(주)
44276,"(긴급)파이프,금속제 등 23종",해군군수사령부,윤테크
44287,철매Ⅱ 성능개량 해0정비고 샌드위치 판넬,제1방공유도탄여단,지오강재 주식회사
44389,'21년 Lynx 항공기 시뮬레이터 유지보수 정비,해군군수사령부,주식회사 한국미디어테크
44402,21-해-00훈련장 관급자재(진공온수보일러)제조설치,국군재정관리단,(주)대열보일러
44472,'21년 P-3 엔진시험기 유지보수 정비,해군군수사령부,아틱스엔지니어링 (주)
44485,21-해-00시설사업 관급자재(제트공조기) 제조 설치,국군재정관리단,(주)와이엠테크
44557,00훈련대 CCTV 제조/설치(관제장비 유지보수),제3697부대,주식회사 성보
44595,분청 및 식당 신축 관급자재(통합배선 제조설치),제2군단,주식회사 두나우
44645,'21년 L Y N X 엔진시험기 유지보수 정비,해군군수사령부,주식회사 이알시스템
44687,21년 사이버전산장비 유지보수,국방부조사본부,(주)인스프로테크
44713,공기청정기 필터 266개 제조 납품,해군교육사령부,주식회사 부일필터
44751,(216378-E)관급자재(탐조등)제조설치,국군재정관리단,현대전기
44753,21-해-관급자재(전열교환기) 제조설치,국군재정관리단,에스이디 주식회사
44758,공기청정기 필터 2종 제조 납품,해군교육사령부,(주)세방씨앤에프
44857,21-해-손원일관 리모델링 관급자재(자연석판석) 제조,국군재정관리단,(주)정림
44861,00부대 생활관 개수 관급자재(PD창호)(505),수도군단,주식회사 강화테크
44950,"어댑터조립체, 밸브용 등 7종 구매",해군제2수리창,씨티원 경기지점
44972,(216375-B)관급자재(울타리) 제조-1방(2),국군재정관리단,진성산업주식회사
45006,공기청정기 필터 제조 납품,제9227부대,주식회사천태이엔지
45014,(217345-E)관급자재(싱크대)제조설치,국군재정관리단,(사)한국척수장애인협회(가구사업소)
45061,예비단 연병장 포장공사 관급자재(메쉬휀스),공군교육사령부,세진철망
45131,21-해-체육관 관급자재(자동제어) 제조,국군재정관리단,주식회사비전제어시스템
45151,공기청정기 필터 8종 제조 납품,해군교육사령부,주식회사 리박산업기계
45189,예비단 연병장 포장공사 관급자재(우레탄),공군교육사령부,주식회사 홍익이엔아이
45193,"그리스,와이어로프-노출기어용 1종",해군군수사령부,소망상사
45235,21-해-00시설사업 관급자재(항온항습기) 제조설치,국군재정관리단,(주)대성기연
45265,(217341-E)관급자재(가구)제조설치,국군재정관리단,주식회사 유퍼니
45325,(217342-F)관급자재(타일) 제조,국군재정관리단,태영세라믹 주식회사
45433,"케이블 조립체 등 22품목 구매(269,270,271,27)",해군제1수리창,주식회사 칼라투
45475,공기청정기 필터 5종 제조구매,국방부계룡대근무지원단,리더산업필터
45529,리튬전지 보관함 제조,제3170부대,(주)텐 데이즈
45607,공기청정기 필터 4종 제조 · 구매,국방부계룡대근무지원단,사단법인 한국장애인미래정책포럼 산전사업단
45612,(216255-F)화생방장비(KDS-1 엔진시험기) 제조,국군재정관리단,(주)영일교육시스템
45634,군위성통신체계(SRC-851K) 유지보수 정비,해군군수사령부,STX엔진(주)용인사업장
45670,21-해-감속기어 윤활유펌프 6EA 제조,국군재정관리단,지엠피
45737,"케이블 조립체, 특수목적용, 전기용 2EA구매",제9121부대,유준닷컴
45747,"(긴급) 하우징,냉각액 펌프용,엔진용 등 15종",해군군수사령부,피앤에스
45754,'21년 PKG 기관제어장치(MCS) 유지보수 정비,해군군수사령부,주식회사 일성이엔지
45769,(정비) 케이블타이등 16종 구매,육군종합정비창,나래종합상사
45775,(정비) 실리콘건등 6종 구매,육군종합정비창,주식회사 성우
45859,광전케이블조립체 구매,제9181부대,노브식스
45869,주기검사용 이동식 정비 부스 제조·구매(21-098),공군제15특수임무비행단,주식회사 더존디자인조명
45874,21-평 000함 케이블 정비,제9911부대,주식회사 KTE
45875,손원일관 리모델링 관급자재(자동제어) 제조설치,해군사관학교,（주）유성계전
45888,21-해-재경지역 간부숙소 신축 관급자재(자동제어),국군재정관리단,(주)경일
45892,21-해-감속기어 윤활유 펌프(6EA)제조,국군재정관리단,신신이앤지(주)
45900,00전차 행정동 신축 관급자재(통합배선),제11기동사단,(주)대하테크
45901,00전차 행정동 신축 관급자재(자동제어),제11기동사단,(주)경일
45959,(216268-D)주둔지 울타리 보강공사 관급자재 제조,국군재정관리단,한일공영 주식회사
45974,(216319-E)관급자재(울타리)제조-3,국군재정관리단,주식회사 이천휀스
45990,(216324-B)관급자재(울타리) 제조-1방,국군재정관리단,(주)쓰리에스리더
46000,21년 3-2차 의무비품 제조 구매 (제작금속),국군수도병원,한국케이엔티(주)
46033,21-해-00시설사업 관급자재(엘리베이터) 제조설치,국군재정관리단,주식회사 아남테크서비스
46034,21-공-00감시대 관급자재(자동제어) 제조설치,국군재정관리단,주식회사 믿음이엔지
46074,(216307-F)관급자재(울타리) 제조-7,국군재정관리단,성림울타리
46092,(216302-F)관급자재(울타리) 제조-수,국군재정관리단,진성산업주식회사
46135,보일러 설치납품(1공구),제9보병사단사령부,대원설비주식회사
46137,발칸일반부품(제조),미래전력사업전력운영계약팀,우창기계 주식회사
46139,브레이크시험기 등 4항목 제조(기동),육군군수사령부,사회적협동조합 푸른하늘
46170,"부품킷트, 회전펌프용 등 2품목 구매(21232)",해군제1수리창,동원상사
46188,21-해-00사 관급자재(사인물)제조설치,국군재정관리단,대광그래픽스
46242,00훈련대 집진필터 제조/설치,제3697부대,(주)한국피앤씨
46278,105밀리 성능개량사업 관급자재(크레인) 제조설치,제17보병사단,주식회사 보은정공
46283,공기청정기 필터 3종 제조구매,국방부계룡대근무지원단,(주)세방씨앤에프
46288,21-덕-02 공기청정기 필터 제조 구매,제9691부대,고려정공 주식회사
46289,00부대 이전사업 관급자재(건축-자연석판석),제1군수지원사령부,대흥석재
46315,충전임팩드릴 등 5품목 제조 납품,제9227부대,동화나라
46319,(216286-F)관급자재(울타리) 제조-8,국군재정관리단,삼일씨앤씨 주식회사
46370,(216234-F)관급자재(울타리) 제조-5,국군재정관리단,주식회사 정석산업
46371,(216229-F)관급자재(울타리) 제조-6,국군재정관리단,삼일씨앤씨 주식회사
46372,(216290-F)관급자재(울타리) 제조-2b,국군재정관리단,성림울타리
46374,21-해-00시설사업 관급자재(조명기구) 구매,국군재정관리단,주식회사소룩스
46375,(216260-F)관급자재(울타리) 제조-2a,국군재정관리단,한일공영 주식회사
46379,관급자재(케이블) 구매,공군제10전투비행단,(주)씨티원서비스
46398,8차-대(영천) 관급자재 추가구매(전력 케이블),육군 탄약지원사령부,삼원테크
46528,잠수함 DC 충전연결구 케이블 조립체 교체 정비,해군군수사령부,주식회사 토탈마린솔루션
46532,02여단 부대개편 관급자재(호이스트) 제조설치,제17보병사단,길안자원산업
46540,21-공-00부대 관급자재(자동제어) 제조설치,국군재정관리단,(주)보배이에스씨
46702,02포병대대 신축공사 관급자재(자동제어) 제조설치,제17보병사단,주식회사 유신테크
46706,계룡스파텔 심정 써징 및 모터교체공사,육군인사사령부,(주)대전공조
46710,"(긴급) 케이블 조립체,특수목적용,전기용 등 2종 구매",해군군수사령부,금성상사
46736,곡사포 일반부품류(제조),지상공통전력운영계약팀,우창기계 주식회사
46739,MHC 비자성 보조보일러 정비,해군군수사령부,동일조선주식회사
46785,21-해군 엔진 자기처리기 제조,국군재정관리단,대양전기공업(주)
46885,비룡아파트 106동 보수공사 관급자재(씽크대),제25보병사단,주식회사 엠비가구
46925,동원훈련장 공기청정기 필터 제조/납품,동원전력사령부,크린필터주식회사
46953,11사단 관사 신축 관급자재(타일),제11기동사단,(주)대동세라믹
46954,11사단 관사 신축 관급자재(소화기),제11기동사단,(주)한국소방기구제작소
46964,잠수함(SS-II) DC220V 육전 케이블 및 관통구 정비,해군군수사령부,주식회사 토탈마린솔루션
46976,"21년 UH-60 셀,전지용(제조)",지상공통전력운영계약팀,주식회사 아이비티
47016,(긴급)부품키트.체크밸브용 등 14종,해군군수사령부,티에스케이
47035,"구동장치부품류(제조,일반)",지상공통전력운영계약팀,평화정밀
47108,전차축소사격 소총거치대 등 3종 제조,육군본부,비씨아이 주식회사
47135,21-공병대대 신축 관급자재 콘크리트파일 제조,국군재정관리단,주식회사 강동
47139,궤도부품류(펌프 원심형 등),지상공통전력운영계약팀,건웅테크 주식회사
47181,장치대 이송용 등 5항목 제조(총포공구),육군군수사령부,두영이엔시
47185,케이블조립체(비차폐용),미래전력사업전력운영계약팀,연합정밀(주)
47191,21년 오리콘 사격통제장치 부품(제조),미래전력사업전력운영계약팀,한창기술(주)
47199,21-덕-공기청정기 필터 제조 구매,제9691부대,크린필터주식회사
47203,케이블조립체(차폐용),미래전력사업전력운영계약팀,연합정밀(주)
47227,"K9자주포 포신,포미장치부품류(제조)",지상공통전력운영계약팀,(주)경도
47259,신궁유도탄 군직정비용 수리부속 제조,육군 탄약지원사령부,(주)케이엠이엔지
47305,DDH-II 전용 육전케이블 조립체 구매,해군 기동함대사령부,주식회사 화인디펜스
47306,"K계열전차 전기장치 부품류(제조,일반)",지상공통전력운영계약팀,덕인산업
47310,수리부속(핸드펌프 등 68종) 구매,제3170부대,터보만 남부 A/S센터
47314,대 지레용 등 44항목 제조(총포공구),육군군수사령부,대성기업
47319,케이블조립체(통신장비용),미래전력사업전력운영계약팀,연합정밀(주)
47326,00부대 이전사업 관급자재(건축-합성수지제문),제1군수지원사령부,주식회사 한중기업
47334,00부대 이전사업 관급자재(건축-엘리베이터),제1군수지원사령부,동원엘리베이터 주식회사
47335,00부대 이전사업 관급자재(건축-합성수지제문),제1군수지원사령부,주식회사 한중기업
47336,11사단 관사 신축 관급자재(통합배선),제11기동사단,대신네트웍스(주)
47337,11사단 관사 신축 관급자재(화재수신반),제11기동사단,주식회사 신광전자
47338,11사단 관사 신축 관급자재(원격검침),제11기동사단,주식회사 현성
47374,11사단 관사 신축 관급자재(보일러),제11기동사단,창대산업
47375,11사단 관사 신축 관급자재(홈네트워크),제11기동사단,(주) 원테크놀로지
47376,11사단 관사 신축 관급자재(자동제어),제11기동사단,(주)보배이에스씨
47377,정비사 정비용 부스 컨테이너 제조,제20전투비행단,디자인 청호
47427,방풍유리 와이퍼 뭉치 등 7종 구매,해군군수사령부,엠에이치 인터내셔날(MH INTERNATIONAL CO.)
47495,"케이블 조립체,특수목적용,전기용",지상공통전력운영계약팀,연합정밀(주)
47521,21년 공기청정기 필터 제조납품,제6755부대,동성ENG
47562,3차-대(영천) 관급자재 구매(전력케이블),육군 탄약지원사령부,(주)한일종합상사
47584,밸브조립체 등 110종 구매,해군군수사령부,제이투산업
47585,(긴급) 밸브조립체 등 19종 구매,해군군수사령부,주식회사 부영상사
47603,공기청정기 필터 제조 납품,제9227부대,고려정공 주식회사
47621,국기능 자동차정비 실습장비 제조(직접생산 업체 대상,제3170부대,(주)대성지이-쓰리
47655,21-해-00000센터 신축관급자재(GHP) 구매 설치,국군재정관리단,(주)선택
47699,21-해-00훈련장 관급자재(콘크리트 말뚝) 제조,국군재정관리단,주식회사 강동
47729,케이블 조립체 구매,해군군수사령부,동진상사
47735,"디지털 핸드토키, 배터리 및 중계기 제조구매",제2632부대,유니모테크놀로지 주식회사
47744,공조기필터 제조설치납품(함평병원),국군의무사령부,동성ENG
47775,함내외 및 함내 무선통신체계 유지보수 정비,해군군수사령부,대양전기공업(주)
47795,21-해-00교육관 신축관급자재(통합배선) 제조설치,국군재정관리단,한일통신 주식회사
47809,위임 1-36) 화생방 정비공장 셔터보수 설치납품,제8기동사단,효성종합 주식회사
47821,공조기필터 제조설치납품(대구병원),국군의무사령부,대원필터
47862,(216181-F)관급자재(신발장) 제조설치,국군재정관리단,주식회사 아코퍼시스
47970,00부대 공기청정기 필터 3차 제조설치,육군훈련소,(주)한국피앤씨
47983,00부대 공기청정기 필터 3차 제조설치,육군훈련소,(주)한국피앤씨
48074,필터류 제조 구매,제9196부대,고려정공 주식회사
48101,시설물 유지보수 자재 148종 구매,공군제11전투비행단,다원상사
48108,공조기필터 제조설치납품(포천병원),국군의무사령부,크린테크 코리아 주식회사
48148,21-국-00홍보원 신축 관급자재(GHP) 구매 설치,국군재정관리단,유덕환경(주)
48218,00부대 공기조화기 필터 제조설치 납품,국군제1068부대,동성ENG
48246,반자동식부교 부품(제조),지상공통전력운영계약팀,진성산업
48258,잠수함 위성지휘 통신체계 유지보수 정비,해군군수사령부,한양무선통신
48277,21 발칸 부품키트(제조),미래전력사업전력운영계약팀,삼호정밀
48279,공기청정기 필터 5종 제조구매,국방부계룡대근무지원단,고려정공 주식회사
48280,공조기필터 제조설치납품(구리병원),국군의무사령부,주식회사 월드필터
48294,"필터류(제조,일반)",지상공통전력운영계약팀,주식회사 서한산업
48299,무보수 밀폐형 장수명 축전지 구매,제7001부대,주니어비
48332,공조기필터 제조설치납품(고양병원),국군의무사령부,에프에이필터코리아(주)
48333,공조기필터 제조설치납품(양주병원),국군의무사령부,(주)세방씨앤에프
48334,공조기필터 제조설치납품(서울지구병원),국군의무사령부,동성ENG
48352,21년 스테이브 조립체(제조),미래전력사업전력운영계약팀,(주)에프에스
48378,"밸브, 버섯형, 엔진용 등 17종 구매",해군군수사령부,제일테크
48412,공기청정기 필터 10종 871점 제조납품,국군제1068부대,주식회사 부강시스템
48419,대전병원 공조기필터 제조설치,자운대근무지원연대,대원필터
48430,공기청정기 필터 5종 제조/구매,육군 52보병사단,주식회사천태이엔지
48523,"(긴급) 열선유리,사각형 등 5종",해군군수사령부,성광상사
48526,02포병대대 신축공사 관급자재(우레탄패널) 설치 납품,제17보병사단,(주)아성산업개발
48527,02포병대대 신축공사 관급자재(통합배선) 설치 납품,제17보병사단,주식회사 에이치에스이노텍
48554,21년 공기청정기 필터 제조 구매,육군종합군수학교,동주산업
48638,"회전자,엔진 포핏밸브용",지상공통전력운영계약팀,창진ENG(주)
48659,공기청정기 필터(17평형) 720개 제조 납품,해군교육사령부,사단법인 한국장애인미래정책포럼 산전사업단
48682,천마유도탄 군직정비용 특수공구 제조,육군 탄약지원사령부,엠제이엠
48716,제2충혼당 신축공사 관급자재(화강석) 제조 구매,국립서울현충원,보성석재산업
48730,21년 유도무기 케이블조립체류,미래전력사업전력운영계약팀,연합정밀(주)
48764,견인봉 등 18항목 제조(궤도공구),육군군수사령부,건일테크
48813,21년 오리콘 사격통제장치 부품류(제조),미래전력사업전력운영계약팀,(주)케이엠이엔지
48905,"케이블조립체, 특수목적용 등 2종 구매",해군군수사령부,제이엘트레이딩
48907,"밸브, 버섯형, 엔진용 등 33종 구매",해군군수사령부,푸름
48949,"펌프,냉각계통, 엔진용 1종 구매",해군군수사령부,영성기업사
48956,슬링 등 24항목 제조(궤도공구),육군군수사령부,탑앤케이코리아 주식회사
48957,인양기 등 17항목 제조(궤도공구),육군군수사령부,주식회사 하나산업
48958,제동유 교환 유니트 등 6항목 제조(궤도공구),육군군수사령부,주식회사 디케이피
48963,유압식 수동펌프 등 41항목 구매(궤도공구),육군군수사령부,레인보우
48965,정비킷트 등 13항목 제조,육군군수사령부,주식회사 디케이피
49011,21년 특수무기 케이블조립체류,미래전력사업전력운영계약팀,연합정밀(주)
49065,'21년 공기청정기 필터 제조,제1보병사단,(주)한국피앤씨
49075,K1전차 케이블조립체 15종 구매,육군종합정비창,DGI산업
49104,축압기 충진키트 등 9항목 제조(궤도공구),육군군수사령부,(주) 영창기술원
49127,케이블조립체류,지상공통전력운영계약팀,연합정밀(주)
49190,그리스 와이어로프 노출기어용 등 2종,해군제3함대사령부,엠에스유통
49241,밸브조절용 등 73항목 구매(기일공구),육군군수사령부,원대로
49273,DDH-II 에어컨 동력 케이블 및 차단기 교체 정비,해군군수사령부,주식회사 엠바이지
49278,공이돌출량 등 86항목 제조(총포공구),육군군수사령부,동진테크
49314,00지역 카본필터 제조구매,국방부근무지원단,고려정공 주식회사
49315,배선장치 등 11항목 구매(화생방수리부속),육군군수사령부,주식회사 이천
49319,K계열전차 포신 부품류(제조),지상공통전력운영계약팀,삼호정밀
49398,"부품킷트, 워터펌프용 등 9품목 구매(21088)",해군제1수리창,가나안상사
49474,강의실 공기청정기 필터 제조설치,육군훈련소,(주)한국피앤씨
49475,00부대 부대비품유지비 공기청정기 필터 2차 제조설치,육군훈련소,리더산업필터
49483,신교대대 취사식당 관급자재 덤웨이터 제조구매,제1862부대,주식회사명원엘리베이터
49486,신교대대 취사식당 관급자재 덤웨이터 제조구매,제1862부대,주식회사명원엘리베이터
49487,신교대대 취사식당 관급자재 덤웨이터 제조구매,제1862부대,주식회사명원엘리베이터
49488,신교대대 취사식당 관급자재 덤웨이터 제조구매,제1862부대,주식회사명원엘리베이터
49489,신교대대 취사식당 관급자재 덤웨이터 제조구매,제1862부대,주식회사명원엘리베이터
49511,00부대 부대비품유지비 공기청정기 필터 제조설치,육군훈련소,주식회사 월드필터
49559,유도탄 군직정비 수리부속 제조(오링 등 5개 품목),육군 탄약지원사령부,동진테크
49560,유도탄 군직정비 수리부속 제조(리테이너),육군 탄약지원사령부,(주)화승소재
49597,공조기필터 제조설치납품(춘천병원),국군의무사령부,엠에스필터주식회사
49673,’21년 공기청정기 필터 제조납품,제9보병사단사령부,요림필터산업주식회사
49674,인젝션 펌프 등 43항목 구매(화생방수리부속),육군군수사령부,(주) 영창기술원
49675,살포대 등 21항목 구매(화생방수리부속),육군군수사령부,(주) 영창기술원
49676,케이블조립체 등 30항목 구매(화생방수리부속),육군군수사령부,주식회사 미리코
49678,공기청정기 필터 5종 제조·구매(21-039),공군제15특수임무비행단,동성ENG
49735,21년 확성기세트 부품(제조),미래전력사업전력운영계약팀,광성전기(주)
49773,공기청정기 필터 제조 구매,육군 제1군단,주식회사 월드필터
49785,"밸브 조립체, 차단용 등 4종 구매",해군군수사령부,주식회사남동
49931,KAAV수리부속(볼트/너트) 제조(직접제조 업체 대상),제3170부대,태창정밀
49947,02여단 부대개편 관급자재(우레탄패널) 제조 및 설치,제17보병사단,주식회사 태영아트
49969,21-해병-동계용 정비파카 등 5종 제조,국군재정관리단,빛가람장애인시설
49976,"파이프, 금속제 등 63품목 구매(54,55,56,58,63,64)",해군제1수리창,상승물산
50076,"키트,가요성 디스크 너트 등 2항목 제조(궤도)",육군군수사령부,티케이(T.K)테크
50122,00부대 취사식당 신축 관급자재 LED,육군 52보병사단,주식회사 영공조명
50162,수중탐색음탐기 5종 유지보수 정비,해군군수사령부,주식회사 엠바이지
50167,[시동기 발전용 부품] 제어장치 판넬 등 7종,공군군수사령부,창진ENG(주)
50263,"판조립체,오일전달용 등 43항목 제조(궤도)",육군군수사령부,창진ENG(주)
50264,노즐홀더 조립체 등 13항목 제조(궤도),육군군수사령부,주식회사우전
50265,"호스 조립체,비금속제 등 27항목 제조(궤도)",육군군수사령부,진일사
50287,00부대 취사식당 관급자재 분전반 제조/납품,육군 52보병사단,(주)무야종합산전
50373,엔진 포워드 마운트 등 42종 제조,공군군수사령부,창진ENG(주)
50377,"BTCS부품(일반, 제조)",미래전력사업전력운영계약팀,덕인산업
50449,잠수함(SS-II) 군위성통신마스트 Leakage 케이블 정비,해군군수사령부,주식회사 토탈마린솔루션
50516,"케이블 조립체,특수목적용 등 3항목 제조(총포)",육군군수사령부,태한주식회사
50520,"백,공구 및 예비 부품용 등 29항목 제조(총포)",육군군수사령부,소올산업
50548,21-00대대 생활관 군화세척시설 관급자재 구매 설치,재경근무지원대대,지산
50639,"케이블조립체,제어용 등 8항목 제조(일장)",육군군수사령부,(주)소닉컴텍
50690,"체인조립체 등 5항목 제조(생산능력, 기장)",육군군수사령부,주식회사 유니버셜
50710,"체인조립체 등 5항목 제조(생산능력, 기장)",육군군수사령부,주식회사 유니버셜
50724,"필터 유닛,액체용,압력식 등 21항목 제조(기장)",육군군수사령부,에코스타
50760,"파이프, 금속제 등 12종",해군제3함대사령부,승리종합상사
50911,급식유통센터 관급자재(고강도콘크리트말뚝),수도군단,농업회사법인(주)푸른샘
50936,"파이프, 금속제 등 31종",해군제3함대사령부,동서종합상사
50992,케이블조립체 등(방공C2A체계용),유도무기총괄계약팀,주식회사 화인디펜스
51026,잠수함(SS-II) ESM마스트 케이블 및 관통자 정비,해군군수사령부,주식회사 토탈마린솔루션
51034,"축성도구(삽, 낫, 도끼, 곡괭이, 톱) 구매",제8기동사단,베야비스타
51167,(긴급) 밸브조립체 등 13종 구매,해군군수사령부,주식회사 와이에스이앤디
51247,통합수리부속창고 통합배선반(관급자재) 제조 설치,해군군수사령부,주식회사코리아넷
51515,"(긴급) 밸브 조립체,다기관용 1종 구매",해군군수사령부,유니스제이
51575,"21001/케이블 조립체,특수목적용,전기용 1종 1점 구매",제9121부대,아라날
51696,12사단 간부숙소150실 신축 관급자재 - 콘크리트 말뚝,제1862부대,성우파일 주식회사
51738,경계작전 통합생활관신축(관급자재_원격검침)제조설치,공군제16전투비행단,주식회사 케이엔
51760,생활관 개선 공사 관급자재(온수보일러) 제조 구매,공군교육사령부,주식회사 동광보일러
51787,22-공-나0정비대 관급자재 통합배선 제조설치,제1방공유도탄여단,(주)인포인네트웍스
51825,GOP과학화경계시스템(동부) 광망 유지보수 자재 구매,제22보병사단,윤진 주식회사
51872,22-공-00공사 관급자재(냉난방기) 구매설치,국군재정관리단,(주)대성이엔지
51891,방포교 생활관 신축공사 관급자재 원격검침 제조설치,제1방공유도탄여단,주식회사 제이비파워텍
51907,00부대 정비고 호이스트크레인 제조설치,육군 제1군단,주식회사 건우이앤씨
51937,P-3 야전 SIL 유지보수 정비,해군군수사령부,MRO Tech(엠알오텍)
51939,00부대 작전지휘시설 분전반 구매 납품,육군 52보병사단,사단법인 골든장애인협회
51951,22-공사 외곽울타리 관급자재,공군사관학교,(주)대호토탈
51963,(227465-E) 관급자재(보일러) 제조납품,국군재정관리단,주식회사 동광보일러
51996,'22년 PKG MCS 유지보수 정비,해군군수사령부,(주)보성공업
52000,"00부대 작전지휘시설 수배전반, MCC반 제조 설치 납품",육군 52보병사단,주식회사 부강
52002,00부대 간부숙소 신축 관급자재(자동제어) 제조설치,제2307부대,(주)한성이엔지
52020,[22-13-30] 전기공사 관급자재(변압기) 구매,공군제10전투비행단,한원전기공업주식회사
52044,22-0비 다목적강당 관급자재 무대장치 제조·설치,공군 제8전투비행단,선엔지니어링주식회사
52060,방포교 생활관 관급자재 제조 및 설치(통합배선),제1방공유도탄여단,주식회사 위츠
52062,22-공-창정비시설 관급자재 통합배선 제조설치,국군재정관리단,주식회사 트리즈엔
52063,(226428-E) 관급자재(스틸그레이팅) 제조납품,국군재정관리단,주식회사 데이탐우만스타
52079,LST-II/AOE-II/MLS-II 기관제어장치 유지보수 정비,해군군수사령부,주식회사 플렛디스
52080,PKMR ECS(기관제어장치) 유지보수 정비,해군군수사령부,(주)보성공업
52084,간부숙소 신축 관급자재 구매(가구),제32보병사단,대진시스템
52086,23사단 57여단 병영생활관 개수 관급자재(자동제어),육군 제8군단,(주)한성이엔지
52091,차륜형대공포 관급자재(호이스트크레인) 제조설치,제1862부대,주식회사 케이지에이치앤씨
52095,22-해-정비창 크레인 제조설치,국군재정관리단,공명환경기계(주)
52098,"22-284,285 TA-50 신축건물 정비 및 전자 비품 구매",공군제1전투비행단,루디그린텍
52115,P-3 엔진시험기 유지보수 정비,해군군수사령부,아틱스엔지니어링 (주)
52117,FFG-l ECS(기관제어장치) 유지보수 정비,해군군수사령부,주식회사 KTE
52141,중대급 마일즈장비 충전지 제조 납품,제22보병사단,올루야멘(All-Luyamen)
52216,22년 우수상용품(리튬배터리 안전컨테이너) 제조,제51보병사단,애니기획
52260,AOE 보수통제장치(DCC) 정비,해군군수사령부,주식회사산엔지니어링
52312,21-충-공-6B도장부스(00비 방부관리 정비고 증축)제조,공군제19전투비행단,한일기기(주)
52316,배수펌프제어함(관급자재) 1종,공군제5공중기동비행단,성보전기공업(주)
52320,22-해병-공기청정기 필터 제조,국군재정관리단,(주)태종필터
52328,(21-특1) 관급자재(타일) 제조납품,제5군단사령부,주식회사 마도세라믹스
52410,"파이프, 금속제 등 13종",해군군수사령부,동우철강(주)
52427,22-철매Ⅱ 성능개량(나0정비대) 관급(크레인)제조설치,국군재정관리단,주식회사 태현이엔지
52434,(21-특1) 관급자재(냉동기) 제조설치,제5군단사령부,(주)씨에스더블유
52435,(21-특2)관급자재(자동제어) 제조설치,제5군단사령부,(주)이레에너지테크
52499,MSH 비자성 보조보일러 외주정비,해군군수사령부,피엠에스
52519,00부대 신축공사 관급자재(통합배선) 제조설치,제36보병사단,주식회사 조인테크
52534,00부대 신축공사 관급자재(통합배선) 제조설치,제36보병사단,주식회사 조인테크
52535,00부대 행정동 신축공사 관급자재(통합배선) 제조설치,제36보병사단,대신네트웍스(주)
52666,(226443-E) K9 패드 금형 제조설치,국군재정관리단,일신정밀금형
52669,"[F-16부품]스위치,압력식 1종 구매",공군군수사령부,승진종합
52748,22-해병-노후생활관 관급자재(자동제어) 제조설치,국군재정관리단,주식회사 휴텍이앤이
52753,22-남-전차축소사격장 관급(사격장비 표적)제조설치,국군재정관리단,창대기업
52807,22-해-LYNX 엔진시험기 제조,국군재정관리단,주식회사 제넥
52825,22-000사 KOH(펌프 및 열교환기) 외주정비,제9121부대,주식회사 성은공조
52844,DDH-II 에어컨 동력케이블 및 차단기 교체 정비,해군군수사령부,주식회사 엠바이지
52919,"(긴급) 파이프,금속제 등 22종",해군군수사령부,(주)종로인더스트리
53008,이전사업 관급자재(통신-LED전광판),제1군수지원사령부,(주)보배이에스씨
53140,(226432-D) 작전대기시설 컨테이너 제조설치(3공구),국군재정관리단,주식회사 케이하우징
53141,(226433-D) 작전대기시설 컨테이너 제조설치(4공구),국군재정관리단,주식회사 글로벌하우징
53142,(226434-D) 작전대기시설 컨테이너 제조설치(5공구),국군재정관리단,주식회사 디에스나이키
53143,(226431-D) 작전대기시설 컨테이너 제조설치(2공구),국군재정관리단,주식회사 소소한가
53144,(226430-D) 작전대기시설 컨테이너 제조설치(1공구),국군재정관리단,주식회사 디에스나이키
53145,(226438-F)작전대기시설 컨테이너(9공구) 제조설치,국군재정관리단,유한회사 광고시대
53146,(226437-F)작전대기시설 컨테이너(8공구) 제조설치,국군재정관리단,주식회사 케이하우징
53147,(226436-F)작전대기시설 컨테이너(7공구) 제조설치,국군재정관리단,거성와이비 주식회사
53148,(226435-F)작전대기시설 컨테이너(6공구) 제조설치,국군재정관리단,대교콘테이너
53237,00대대 병영생활관 전기실 정류기반 축전지 설치 납품,육군제7163부대,지엠트레이더스
53246,"파이프,금속제 등 11종 구매",해군제2수리창,하나솔텍
53264,장보고-III 정비대체장비(케이블조립체 등 12종),한국형잠수함총괄계약팀,태광산업사
53278,(226256-C) 차양대 신축 관급자재(CCTV) 제조,국군재정관리단,엘글로벌주식회사
53308,"펌프,냉각계통,엔진용 등 3항목 구매(일장)",육군군수사령부,(주)설텍
53312,DIDC 1센터 예비상면 전력화공사 관급자재(면진마루),국방통합데이터센터,(주)백두피앤씨
53364,22년 공기청정기 필터 제조 설치납품,국제평화지원단,주식회사 시대산업
53387,(긴급) 3단 흡입밸브조립체 등 22종 구매,해군군수사령부,대선테크
53505,시설관리물품 용접봉 등 40종 구매,국방출판지원단,주식회사 관이네
53507,(226337-E) 22년 공기청정기 필터 제조납품,국군재정관리단,(주)세방씨앤에프
53551,"22년 BTCS 부품(일반, 제조)",미래전력사업전력운영계약팀,덕인산업
53582,공조기 필터 45종 제조구매,국방부계룡대근무지원단,리더산업필터
53614,"전지,축전식(MF-200L,12V200AH) 등 5항목 제조(기장)",육군군수사령부,한국전지공업(협)
53619,DIDC 1센터 예비상면 전력화공사 관급자재(자동제어),국방통합데이터센터,주식회사 나은엔지니어링
53620,DIDC 2센터 예비상면 전력화공사 관급자재(자동제어),국방통합데이터센터,주식회사 노하우전기통신
53638,22-공-신축(화악)공사 관급자재(원격검침) 제조설치,국군재정관리단,화승전기
53738,22-공-작전지원실 관급자재(통합배선) 제조설치,국군재정관리단,주식회사 서전일렉스
53775,22-공-관급자재(원격검침) 제조설치,국군재정관리단,주식회사 노하우전기통신
53819,케이블조립체무선 주파수용(W112)등22항목제조(특무),육군군수사령부,주식회사 엘사이드
54016,전원공급기조립체(입력전원 조립체)등3항목제조(특무),육군군수사령부,엠제이엠
54027,공기청정기 필터 7종 제조구매,국방부계룡대근무지원단,주식회사 시대산업
54029,공조기필터 제조설치(홍천병원),국군의무사령부,크린테크 코리아 주식회사
54030,22-해-통합정비고 크레인 제조,국군재정관리단,주식회사 명신테크
54051,"필터,무선주파수 혼신용 등 19항목 일반제조(특무)",육군군수사령부,엠제이엠
54125,수리온 창정비요소개발 알루미늄시트패널 제조설치,육군종합정비창,주식회사 태영아트
54126,22년 3-12차 의무비품 제조 구매 (제작금속),국군수도병원,주식회사 다우스
54164,수리온 창정비요소개발 통합배선 제조설치,육군종합정비창,주식회사 세영
54168,22년 발칸 포가부 부품(제조),미래전력사업전력운영계약팀,대한테크
54183,00전대 공병대대본부신축 통합배선 관급자재 제조설치,공군제19전투비행단,유한회사 시영
54184,22-75-1 소음저감시설공사 관급자재 금속제 창호,공군제19전투비행단,주식회사 한중기업
54197,"(긴급) 부품키트,체크밸브용 등 3종 구매",해군군수사령부,엠에이치유통
54200,"펌프,냉각계통,엔진용 등 2종 구매",해군군수사령부,미래상사
54335,공기청정기 필터 335EA 제조,해군군수사령부,대원필터
54340,"(긴급)밸브, 버섯형, 엔진용 등 11종",해군군수사령부,세종상사
54341,"(긴급)펌프, 냉각계통, 엔진용 등 25종",해군군수사령부,케이테크
54342,"케이블조립체, 특수목적용, 전기용 등 4종 구매",해군군수사령부,노원 상사
54389,"케이블 조립체,엔진용 등 4항목 구매(기장)",육군군수사령부,신기산업
54441,"케이블조립체및스위치,전기용등70항목제조 (자주포)",육군군수사령부,주식회사 케이디에스
54474,22년 케이블조립체 등(방공C2A체계용),유도무기총괄계약팀,비아이엔테크
54520,항타기 등 11항목 제조(일반공구),육군군수사령부,에스지엠(SGM)
54610,00부대 정비고 등 2개소 셔터보수(설치납품),수도기계화보병사단,다담9988탕제원
54639,[신궁부품]가스관조립체 등 7종 제조,공군군수사령부,도균테크
54732,(긴급)스위치 조립체 등 8종,해군군수사령부,제일테크
54776,22년 공기청정기 필터 제조 구매,육군포병학교,대원필터
54797,00부대 부대비품유지비 공기청정기 필터 제조설치-3차,육군훈련소,사단법인 한국장애인미래정책포럼
54803,00부대 부대비품유지비 공기청정기 필터 제조설치-3차,육군훈련소,사단법인 한국장애인미래정책포럼
54871,22년 천마 수리부속류(케이블조립체 외_구매),미래전력사업전력운영계약팀,군정비지원센터
54877,(226196-C) 공기청정기 필터 제조,국군재정관리단,주식회사천태이엔지
54927,공조기필터 제조설치납품(수도병원),국군의무사령부,크린테크 코리아 주식회사
54934,공조기 필터 제조 납품,제3707부대,(주)에어드림
54984,잠수함(SS-II) DC 충전연결구 케이블 조립체 정비,해군군수사령부,주식회사 토탈마린솔루션
54987,막 코틀용 등 29항목 구매(화생방수리부속),육군군수사령부,주식회사 와이즈
55023,공조기필터 제조설치 납품(양주병원),국군의무사령부,(주)태종필터
55035,'22년 공기청정기 필터 제조 납품,육군사관학교,(주)조은필텍
55115,22년 공기청정기 필터 제조 구매(2차),육군종합군수학교,요림필터산업주식회사
55121,22년 유도무기 케이블조립체류,미래전력사업전력운영계약팀,연합정밀(주)
55146,(21-특1) 관급자재(오버헤드크레인) 제조설치,제5군단사령부,주식회사 태원엠티
55151,6전대 기관정비고-관급자재-LED전광판,공군제17전투비행단,(주)아이티이엔지
55156,"(긴급) 파이프,금속제 등 11종",해군군수사령부,디엠글로벌
55198,[기동형 전파차단장비 부품] 증폭기 11종 제조 구매,공군제15특수임무비행단,주식회사 씨엔테크
55224,[시동용발전기 부품]아날로그 카드 등 2종 제조,공군군수사령부,주식회사 위드인텍
55229,주거시설 개선공사 관급자재 [유리] 구매·설치,공군 제8전투비행단,은하수몰
55243,(긴급) 3단 흡입밸브조립체 등 20종,해군군수사령부,구름미디어
55348,반자동식부교 부품(제조),지상공통전력운영계약팀,가온테크
55379,전자구성품조립체 등 1항목 제조(특무),육군군수사령부,군정비지원센터
55380,K1패드형 궤도 핀금형 제조,육군종합정비창,일신정밀금형
55497,22년 발칸 일반부품(제조),미래전력사업전력운영계약팀,수성엠앤디
55515,'22년 공기청정기 필터 제조 구매,제1보병사단,미래세이프티 주식회사
55527,간부숙소 신축 관급자재(통합배선)(22-신-6-15),특수전사령부,주식회사 다컴
55537,22년 공기청정기 필터 제조계약,제3보병사단,두영크린테크
55539,간부숙소 신축 관급자재(자동제어)(22-신-6-14),특수전사령부,주식회사 휴텍이앤이
55559,22-해병-생활관 관급자재(자동제어) 제조설치,국군재정관리단,(주)파노텍
55562,22-해-00창 관급자재 자동제어 제조설치,국군재정관리단,주식회사 평화전력
55589,곡사포 일반부품류(제조),지상공통전력운영계약팀,평화정밀
55602,22년 변환기조립체(구축함용)(제조),미래전력사업전력운영계약팀,(주)에프에스
55612,내진보강공사 관급자재(알루미늄) 구매,제5181부대,에스에이치테크
55644,(226158-E) 관급자재(호이스트크레인) 제조설치,국군재정관리단,주식회사 태원엠티
55698,훈련장 공기청정기 필터 제조 설치납품,육군학생군사학교,(주)에어드림
55715,"(긴급)파이프,금속제 등 4종 구매",해군군수사령부,오리상사
55722,"(긴급) 파이프 조립체,금속제 등 15종",해군군수사령부,엘에스글로벌
55742,케이블조립체(비차폐용),미래전력사업전력운영계약팀,연합정밀(주)
55744,22년 현궁 패널 부품(케이블류),미래전력사업전력운영계약팀,동양기전
55748,케이블조립체(차폐용),미래전력사업전력운영계약팀,연합정밀(주)
55754,(226159-F)관급자재(화물용 엘리베이터) 제조설치,국군재정관리단,(주)금강엔지니어링
55760,(21-본1) 관급자재(자동제어) 제조설치,제5군단사령부,한국산전(주)
55795,해군잠수훈련장 리모델링 관급자재(관류형증기보일러),국군재정관리단,삼양히트테크
55805,케이블조립체(통신장비용),미래전력사업전력운영계약팀,연합정밀(주)
55807,(21-본1) 관급자재(신발장) 제조설치,제5군단사령부,해주산업
55808,(21-본1) 관급자재(전광판) 제조설치,제5군단사령부,(주)세명인포텍
55855,이전사업 관급자재(기계-보일러),제1군수지원사령부,대림로얄이앤피(주)
55899,활주로 등화관제 유지보수 자재 구매,공군제11전투비행단,새원디비
55909,22-해-00시설사업 관급자재(통합배선반)제조설치,국군재정관리단,주식회사 혜성테크윈
55910,22-해-00창 관급자재 수중펌프 제조,국군재정관리단,(주)청우하이드로
55926,"파이프 조립체, 금속제등 15종 구매",해군군수사령부,영화상사
56011,공기청정기 필터 제조납품,국군제1068부대,(주)조은필텍
56018,22년 공기청정기 필터 제조 구매,제1989부대,주식회사 한국프로텍필터
56022,22년 공기청정기 필터 제조 구매,제1989부대,주식회사 한국프로텍필터
56051,22년 개인화기 주야조준경(Ⅱ형) 부품류(제조),지상공통전력운영계약팀,주식회사 동인광학
56086,22년 공기청정기 필터 제조구매,제6755부대,다모아필터 주식회사
56092,DC모터 등 75항목 구매(화생방수리부속),육군군수사령부,군정비지원센터
56116,22년 현궁 발사장비 부품(삼각대_제조),미래전력사업전력운영계약팀,동진테크
56136,부품제작자재 스프링 강판 등 17종 구매,육군종합정비창,(주)종로인더스트리
56178,공조기필터 제조설치납품(고양병원),국군의무사령부,(주)월드에어휠타
56196,실내사격훈련장 유지보수 설치 납품,제9보병사단사령부,중원사격장비(주)
56199,22년 공기청정기 필터 제조 납품,동원전력사령부,동성ENG
56231,22년 공기청정기 필터 제조납품,육군부사관학교,주식회사 부일필터
56298,K계열전차 유압장치부품류(제조),지상공통전력운영계약팀,디씨에이치(주)
56310,(226064-E)화생방장비(KDS-1 엔진시험기) 제조,국군재정관리단,피엠케이(PMK)
56363,공기청정기 필터 제조설치 납품,육군학생군사학교,크린필터주식회사
56370,22년 공기청정기 필터 설치납품(제조),육군군수사령부,크린필터주식회사
56390,K계열전차 포신 부품류(제조),지상공통전력운영계약팀,주식회사 조은이엔지
56431,승압펌프 조립체 등 14종 구매,해군군수사령부,윤서상사
56432,"(긴급)부품키트, 체크밸브용 등 2종",해군군수사령부,에그트리
56465,00부대 공기조화기 필터 제조설치 납품,국군제1068부대,주식회사 부강시스템
56486,"부품키트, 왕복 펌프용 등 3종 구매",해군군수사령부,디디인터내셔널
56505,(22-088) 유지보수박스 등 68종,공군제5공중기동비행단,벌레잡는총각들
56612,공조기필터 제조설치납품(포천병원),국군의무사령부,고려정공 주식회사
56615,공조기필터 제조설치납품(춘천병원),국군의무사령부,리더산업필터
56624,케이블 조립체,지상공통전력운영계약팀,연합정밀(주)
56670,00부대 예비군훈련대 신축 관급자재(자동제어)(22-2),제32보병사단,주식회사 휴텍이앤이
56671,00부대 예비군훈련대 신축 관급자재(자동제어)(22-1),제32보병사단,세종일렉트릭 주식회사
56674,"K9자주포 포신,포미장치부품류(제조)",지상공통전력운영계약팀,(주)경도
56680,수리부속(벽면형 충전 조절판넬) 구매,해군사관학교,엠지산업
56742,공기청정기 필터 5종 제조구매,국방부계룡대근무지원단,에이에프주식회사
56766,"파이프,금속제 등 9종",해군제3함대사령부,미래종합상사
56854,(227022-C) 관급자재(조명제어) 제조,국군재정관리단,주식회사 아주엔지니어링
56860,"K계열전차 전기장치 부품류(제조,일반)",지상공통전력운영계약팀,덕인산업
56862,펌프 및 발전기 부품류,지상공통전력운영계약팀,건웅테크 주식회사
56874,그리스 와이어로프-노출기어용 등 2종,해군제3함대사령부,하나유통
56902,22년 케이블조립체류,지상공통전력운영계약팀,연합정밀(주)
56921,22년 특수무기 케이블조립체류,미래전력사업전력운영계약팀,연합정밀(주)
56993,22-해-생존훈련장 신축 관급자재(조명기구 7종),해군제3함대사령부,나노조명
57032,펌프 킷트개조형 등 6항목 제조(총포공구),육군군수사령부,부성
57043,K9자주포 케이블조립체 및 스위치 구매,육군종합정비창,DGI산업
57104,손톱깍이 제조,공군군수사령부,로얄금속공업(주)
57147,22년 확성기세트 부품(제조),미래전력사업전력운영계약팀,(주)성삼
57148,22년 발칸 부품키트(제조),미래전력사업전력운영계약팀,삼호정밀
57151,22년 3사교 공기청정기 필터 5종 제조구매,육군3사관학교,(주)세방씨앤에프
57173,에어구리스펌프 등 6항목 구매(기일공구),육군군수사령부,더원컴퍼니
57204,함내외 및 함내무선통신체계 유지보수 정비,해군군수사령부,대양전기공업(주)
57207,22-46 엔진 장착용 어댑터 제조 구매,공군제1전투비행단,주식회사 삼마기업
57225,"구동장치부품류(제조,일반",지상공통전력운영계약팀,우창기계 주식회사
57246,"케이블, 조립체 등 4종 구매",제9121부대,새방기업
57250,"(긴급)파이프,금속제 등 23종",해군군수사령부,세종상사
57258,"스프링조립체,갈퀴,소화기용 등 42항목 제조(총포)",육군군수사령부,티케이(T.K)테크
57295,필터 제조 구매(도서지역),제9196부대,주식회사 부강시스템
57304,'22년 수중탐색음탐기 5종 유지보수 정비,해군군수사령부,소나테크주식회사
57313,정비 킷트 등 23항목 제조(궤도공구),육군군수사령부,지엔에코 주식회사
57314,받침대 등 13항목 제조(궤도공구),육군군수사령부,진성산업
57315,제동유 교환 유니트 등 3항목 제조(궤도공구),육군군수사령부,지엔에코 주식회사
57316,고정구 궤도연결용 등 29항목 제조(궤도공구),육군군수사령부,지엔에코 주식회사
57341,D-4부대 정비고 출입문 보수자재 구매설치,제28보병사단,한국유통
57351,통신장비 수리부속 스위치 등 8종 구매,육군종합정비창,주식회사 에이앤씨인터내셔널
57417,[무장장착장비 부품]밸브조립체 등 86종,공군군수사령부,(주)진성월드산업
57418,[시동용 발전기 부품]제어장치 판넬 등 5종,공군군수사령부,창진ENG(주)
57421,(정비) 실리콘건 등 7종 구매,육군종합정비창,주식회사 성우
57458,"(긴급) 부품키트,체크밸브용 등 11종 구매",해군군수사령부,엠에이치유통
57495,"열선유리,사각형 등 5종 구매",해군제2수리창,세움
57503,공기청정기 필터 제조 납품,제9121부대,크린테크 코리아 주식회사
57531,이전사업 관급자재(토목-순환골재),제1군수지원사령부,(합)우창환경산업
57532,이전사업 관급자재(전기-케이블트레이),제1군수지원사령부,주식회사 선일이엔지
57589,"펌프,냉각계통,엔진용 등 3종",해군제3함대사령부,이지통상
57621,"파이프조립체,금속제 등 7종 구매",해군제2수리창,올파츠
57637,(화학) 화학탐지기 펌프조립체 구매,육군종합정비창,(주)센서테크
57659,"(긴급)파이프,금속제 등 6종",해군군수사령부,윤테크
57661,호스조립체 등 3종 제조,해군군수사령부,도균테크
57666,전차축소사격 소총거치대 등 3종 제조,육군본부,주식회사 와이에스이앤디
57670,"[TA-50 부품] 덮개조립체,통합다기능프로브 제조",공군군수사령부,엠제이엠
57787,시설물 예방유지보수 자재 구매,공군제11전투비행단,주식회사 템솔
57794,20비 정비사 정비용 부스 대기실 구매제조,제20전투비행단,주식회사 제일건설산업
57812,배선장치 등 20항목 구매(화생방수리부속),육군군수사령부,(주)S.I.E
57813,엔진 가솔린 식 등 25항목 구매(화생방수리부속),육군군수사령부,(주)S.I.E
57814,일체형 수통마개 등 3항목 구매(화생방수리부속),육군군수사령부,주식회사보승글로벌
57815,공기청정기 필터 5종 제조· 구매(22-049),공군제15특수임무비행단,주식회사 에어공조시스템
57852,22-덕-공기청정기 필터 제조 구매,제9691부대,(주)파란필터산업
57971,"실린더 조립체,작동식,선형 등 7항목 제조(일장)",육군군수사령부,주식회사 조은이엔지
57974,"밸브,버섯형,엔진용 등 15항목 구매(일장)",육군군수사령부,라온몰
58017,"브레이크 슈 등 30항목 제조(생산능력, 기장)",육군군수사령부,부산링구공업사
58018,"체인조립체,타이어용 등 3항목 제조(생산능력, 기장)",육군군수사령부,부산링구공업사
58023,통신장비 광신호용케이블조립체 2종 구매,육군종합정비창,주식회사 태영이엔지
58031,00병원 공조기 필터 제조설치,자운대근무지원연대,크린필터주식회사
58055,"(긴급) 밸브,버섯형,엔진용 등 13종 구매",해군군수사령부,드림플랜트 주식회사
58062,"펌프조립체,기어식 등 14종 구매",해군군수사령부,주식회사 제이씨이앤엠
58074,"호스 조립체,비금속제 등 36항목 제조(궤도)",육군군수사령부,우진테크
58118,22년 공기청정기 필터 제조 구매,육군종합군수학교,동성ENG
58182,"브래킷,차량부품용 등 18항목 제조(기장)",육군군수사령부,(주) 영창기술원
58199,엔진 포워드 마운트 등 42종 제조,공군군수사령부,제이엠테크
58317,"펌프,냉각계통,엔진용 등 9종",해군제3함대사령부,만리통상
58360,22년 공기청정기 필터 제조/구매,제3697부대,주식회사 리박산업기계
58401,해치 로직 조립체 등 13항목 제조(특무),육군군수사령부,주식회사 나우이노
58557,(정비) 케이블타이등 20종 구매,육군종합정비창,일신상사
58617,기뢰 케이블조립체 1종 구매,해군군수사령부,일리컴퍼니
58627,지대공 유도탄 군직정비용 수리부속 제조,육군 탄약지원사령부,(주)케이엠이엔지
58644,통신장비 케이블조립체 2종 구매,육군종합정비창,주식회사 나우이노
58667,00부대 일반장비공장 공구실 보수자재 구매,제2군수지원여단,ADN
58679,5기갑여단 간부숙소 신축 관급자재(타일),제6군단사령부,주식회사 마도세라믹스
58935,"케이블조립체특수목적용,전기용 등 5항목제조(특무)",육군군수사령부,시온테크
58982,5군지사 72정비시설 신축공사(금속재패널),제2작전사령부,(주)신우산업
59087,"케이블조립체, 특수목적용 등 15종 구매",해군군수사령부,(주)성삼
59246,동계용 정비파카 등 4품목 제조,제3170부대,우정산업
59281,21-해-경 무장교육관 신축 관급자재(조명기구) 구매,해군교육사령부,피에이치실업
59306,통신장비 케이블조립체 등 17종 구매,육군종합정비창,디엔테크
59333,22-공-금속명찰 등 3품목 제조,국군재정관리단,대도도금(주)
59536,22-01-014 수중고양정모터펌프,공군교육사령부,경진테크
59582,특수금속보수코팅제 등 20품목 구매(22001),해군제1수리창,주식회사 엠케이
59601,FFG 빌지 블록 조립체 등 16종 구매,해군제2수리창,한결
59713,23-B-사무실 신축 관급자재(자동제어),제9196부대,베스트 주식회사
59715,23-B-000소초 생활관 관급자재(자동제어),제9196부대,엠비에스 주식회사
59716,23-B-00중대 생활관 관급자재(자동제어),제9196부대,한성이앤씨(주)
59732,정통학교 신축 관급자재(진공온수보일러) 제조 구매,공군교육사령부,주식회사 동광보일러
59741,25사단 72여단 포병대 관급자재(오버헤드크레인) 제조,제25보병사단,대영이엔지 주식회사
59756,간부숙소 신축 관급자재 타일(203),제32보병사단,주식회사 마도세라믹스
59771,신병4대대 재건축 관급자재(급탕탱크)제조 구매,공군교육사령부,주식회사 일성이엔지
59780,"밸브 조립체, 다기관용 등 8종 구매",해군제2수리창,경기모아상사
59802,23-241 TA-50 Block2 사업 정비 장비 제조/구매,공군제1전투비행단,해피드림
59806,23-D-정비고 신축 (자동제어 제조),국방부계룡대근무지원단,주식회사 삼현
59807,(H-1)(관급자재(호이스트크레인)) 물품제조,제1891부대,주식회사 우양이엔지
59808,(A-2)(관급자재(호이스트크레인)) 물품제조,제1891부대,주식회사 신정기공
59809,(A-1)(관급자재(호이스트크레인)) 물품제조,제1891부대,주식회사엠아이텍
59823,항과고 생활관 증축 관급자재(자동제어) 제조 설치,국군재정관리단,주식회사 에코파워텍
59830,정통학교 특기병 신축 관급자재(원격검침) 제조 설치,공군교육사령부,(주)동진정보통신
59861,23-M-병영생활관 관급자재(진공온수보일러) 제조,국군재정관리단,주식회사세광보일러
59865,00부대유해작업장환경개선관급자재(자동제어)제조설치,제2군단,주식회사 아주엔지니어링
59907,23-F-신병대대 관급자재(합성수지제문) 제조,국군재정관리단,주식회사 태양광창호
59926,(236463-B) 관급자재(자동제어) 제조,국군재정관리단,태웅이엔에스 주식회사
59927,23-F-신병대대 관급자재(진공온수보일러) 제조,국군재정관리단,주식회사 동광보일러
60018,사령부 간부숙소 신축 관급자재(자동제어),국군지휘통신사령부,유비스 주식회사
60019,사령부 간부숙소 신축 관급자재(제로에너지),국군지휘통신사령부,사회적협동조합꿈나무
60020,(H-1)(관급자재(발전기)) 물품제조,제1891부대,대흥기전(주)
60021,(A-2)(관급자재(발전기)) 물품제조,제1891부대,보국전기공업(주)
60022,(A-1)(관급자재(발전기)) 물품제조,제1891부대,대흥기전(주)
60023,신병교육대 B동 병영생활관 관급자재(통합배선),제32보병사단,영주정보통신(주)
60070,23-F-00생활관 관급자재(진공온수보일러) 제조,국군재정관리단,대림로얄이앤피(주)
60072,GOP과학화？계시스템(동부)광망 유지보수 자재 구매,제22보병사단,지앤지(G&G)
60131,FFG-I 기관제어장치 유지보수 정비,해군군수사령부,주식회사 KTE
60195,Lynx 항공기 시뮬레이터 유지보수 정비,해군군수사령부,주식회사 한국미디어테크
60233,23년 공기청정기 필터 제조납품,제7보병사단,(주)한국피앤씨
60237,'23년 P-3 야전 SIL 유지보수 정비,해군군수사령부,MRO Tech(엠알오텍)
60245,23년 공기청정기 필터 제조납품,제7보병사단,(주)한국피앤씨
60305,127-3대대 간부숙소 신축공사 관급자재(가구),육군제53보병사단,오피스플랜
60312,"23-N-해병대KAAV시험기, 동력장치용 제조",국군재정관리단,제이엠테크
60342,23-F-00생활관 관급자재(신발장) 제조,국군재정관리단,주식회사 삼원가구
60355,15비 한성어린이집 신축 관급자재 - GHP실외기,공군제15특수임무비행단,화랑
60364,23-D-정비용장비(터널세차기) 제조설치,국군재정관리단,주식회사 성은공조
60388,LST-II/AOE-II/MLS-II 기관제어장치 유지보수 정비,해군군수사령부,주식회사 일성이엔지
60419,지향성스피커 금속기둥 제조 납품,제8385부대,주식회사와이에이치에스앤티
60448,(2차)합동대 교육관 신축 관급자재(GHP실외기),합동군사대학교,(주)청우이엔지
60469,공기청정기 필터 제조납품,제9911부대,크린필터주식회사
60479,지향성스피커 금속기둥 제조 납품,제9121부대,주식회사와이에이치에스앤티
60481,'23년 PKG/PKMR 기관제어장치 유지보수 정비,해군군수사령부,주식회사 KTE
60561,23-F-생활관 재건축 관급자재 판석 제조,국군재정관리단,(주)범아공예
60599,23-공조기필터 제조설치납품,국방부계룡대근무지원단,주식회사 케이원크린필터
60705,열선유리 고정식 각창 1개 구매,해군제2수리창,수안
60759,알루미늄 파이프렌치 등 144품목 구매(도서지역),제9196부대,주식회사 헤이치 인 헤이치(H in H)
60770,공기청정기 필터 제조 구매,제22보병사단,엠에스필터주식회사
60785,무보수무누액밀폐형축전지 구매,공군본부,위드리테일
60826,공기청정기 필터 제조 구매,제9181부대,(주) 한새
60875,"시일조립체,축통용,선박용(펌프씰) 등 2종 구매",해군제2수리창,이제이코퍼레이션
60897,군수2학교 생활관 관급자재(통합배선) 제조 설치,공군교육사령부,주식회사 에스앤에이치
60967,23년 공기청정기 필터 제조,육군사관학교,주식회사 부일필터
60974,(관급-대-58) 무보수밀폐형축전지 구매 설치,국방부계룡대근무지원단,드림으뜸상사
61068,비닐캡 타이어케이블 등 73종 구매,해군군수사령부,주식회사우정상사
61070,항공기 주요 정비시설 CCTV 설치납품(23-232),공군제15특수임무비행단,주식회사 리얼허브
61086,호이스팅 블록 조립체 등 2종 구매,해군제2수리창,강원상사
61152,공기청정기 5종 필터 제조 납품,제3283부대,에이에프주식회사
61213,(236389-B) 브레이크 시험기 등 4품목 제조,국군재정관리단,케이아이엔티 주식회사
61238,신병4대대 생활관 관급자재(원격검침) 제조 설치,공군교육사령부,주식회사 에스제이에스 일렉트릭
61387,환경시설 여과 백필터 300EA 구매,제7001부대,주식회사 태양텍스타일
61488,춘천병원 울타리 철거 신축 등 2건 관급자재,국군의무사령부,주식회사 건영
61556,"케이블 조립체, 특수목적용, 전기용 2점 구매",제9121부대,대인종합상사
61576,수도병원 공조기 필터 제조 설치 납품,국군의무사령부,주식회사 부일필터
61580,23-M-관급자재(자동제어)제조(238242-F),국군재정관리단,(주) 유니스 디
61599,공무직 공구류(PVC파이프렌치 등 59종) 구매,자운대근무지원연대,브라이튼
61600,23년 국가기술자격검정 물품 제조구매(엔진모의장치),제1군수지원사령부,(주) 지에스원
61634,2023 K10신형제독장치 부품(전기/전자류)(제조),지상공통전력운영계약팀,주식회사 엔아이티
61635,00여단 간부숙소 신축 관급자재(타일),특수전사령부,(주)한주세라믹스
61636,00여단 간부숙소 신축 관급자재(PD창호),특수전사령부,주식회사서해건업
61704,(정비) 케이블타이등 31종구매,육군종합정비창,주식회사 성우
61736,(정비) 실리콘 건등 16종구매,육군종합정비창,주식회사 성우
61747,함평병원 공조기필터 제조 설치 납품,국군의무사령부,(주)태종필터
61788,호스 조립체 비금속제 등 3항목 제조(일장-029),육군군수사령부,보고통상
61811,과학화장비 유지보수를 위한 UPS배터리 구매 및 교체,육군 제1군단,에이치엠
61814,정비용 천막 제조,제3170부대,모아패션&정경아드레스
61858,구축함 음탐기 수중케이블 및 소나돔 윈도우 정비,해군군수사령부,주식회사 화인디펜스
61873,홍천병원 공조기필터 제조 설치 납품,국군의무사령부,주식회사 월드필터
61938,공용화기 부품류(제조),지상공통전력운영계약팀,제이엠테크
61954,회로카드 조립체 등 6항목 제조(궤도-027),육군군수사령부,탑앤케이코리아 주식회사
61967,과학화장비 유지보수 위한 장비 제조구매(영상케이블),육군 제1군단,주식회사 에피테크
61971,21-해-0함대 작전지원시설 조명제어 제조설치,제8385부대,청보엔지니어링 주식회사
61972,21-해-0함대 작전지원시설 조명제어 제조설치,제8385부대,청보엔지니어링 주식회사
62019,23-N-전술훈련장 증축 관급자재(통합배선) 제조설치,국군재정관리단,주식회사 영은시스템
62031,00부대 행정동 신축 관급자재(자동제어),제7군단,주식회사 윈텍
62041,간부숙소 신축 관급자재(창호) 제조설치(700),수도군단,주식회사 강화테크
62069,23-000사 KOH 밸브(FCV) 외주정비,제9121부대,주식회사 내강산업
62102,와이어 로프 조립체 등 5항목 제조(일장-019),육군군수사령부,주식회사 모텍
62111,[춘천병원 개편] 관급자재(타일) 제조 구매,국군의무사령부,(주)한주세라믹스
62216,K200 밸브조립체 등 2종 구매,육군종합정비창,시연테크
62223,23-덕-공기청정기 필터 제조 구매,제9691부대,주식회사 월드필터
62250,통신장비 케이블조립체 등 7종 구매,육군종합정비창,정진테크
62300,공구상자 조립체 등 6항목 일반제조(기장),육군군수사령부,그날에
62330,씰링 와셔 등 15항목 제조(일장-015),육군군수사령부,주식회사 와이에스이앤디
62357,"펌프, 냉각계통 엔진용 등 51종 구매",해군제2수리창,아주
62414,(236084-B)간부숙소 관급자재(원격검침) 제조설치,국군재정관리단,주식회사 더메이테크
62437,유지보수박스 등 40종 구매,제9121부대,앤즈
62447,대용량 무선전송장비 부품(제조),미래전력사업전력운영계약팀,충무정밀(주)
62478,공기청정기 필터(10평형) 등 10종 제조(구매),해군 기동함대사령부,미래세이프티 주식회사
62512,23년 공기청정기 필터 제조납품,제2군수지원여단,에이에프주식회사
62559,케이블 조립체 등 6항목 구매(일장-055),육군군수사령부,주식회사 에스디포
62566,"파이프, 금속제 등 35종 구매",해군제2수리창,평온상사
62579,전원공급 케이블 조립체 등 6종 구매,해군군수사령부,시온테크
62594,23년 유도무기 케이블조립체류,미래전력사업전력운영계약팀,연합정밀(주)
62813,반자동식부교 부품(제조),지상공통전력운영계약팀,우주산업플랜트 주식회사
62865,공기청정기 필터 제조 납품,제9121부대,(주)한국피앤씨
62874,유지보수 박스 등 106종 구매,해군본부,단디유통
62907,'23년 공기청정기 필터 제조구매계약,제3보병사단,요림필터산업주식회사
62997,11차-대(세종)병영식당 개선공사-관급자재(케이블),육군 탄약지원사령부,아라온정보통신 주식회사
63023,(236274-F) 공기청정기 필터 제조,국군재정관리단,(주)케이필터
63072,대용량 무선전송장비 케이블조립체류(구매),미래전력사업전력운영계약팀,주식회사 에이앤씨인터내셔널
63182,[신궁 부품]가스관조립체 등 6종 제조,공군군수사령부,조은테크
63184,케이블 조립체 등 8종 구매,제9121부대,토탈marine
63207,케이블조립체(통신장비용),미래전력사업전력운영계약팀,연합정밀(주)
63209,2023 인체제독용물자세트 수리부속(제조),지상공통전력운영계약팀,이엔테크 주식회사
63230,곡사포 일반부품류(제조),지상공통전력운영계약팀,그린스틸
63241,공조기 필터 제조 납품,제3707부대,(주)창우필터
63319,DIDC 1센터 전기설비 배터리 구매 및 설치,국방통합데이터센터,주식회사 자산
63356,케이블조립체(비차폐용),미래전력사업전력운영계약팀,연합정밀(주)
63362,(237206-C) 수영자이송정 배터리 제조,국군재정관리단,한일뉴즈(주)
63372,23년 공기청정기 필터 제조설치,육군학생군사학교,(주)솔티
63426,작전지원전대 및 보급대대 본부 신축 자동제어,공군제15특수임무비행단,(주)그랜드
63427,작전지원전대 보급대대 본부 신축 관급자재 통합배선,공군제15특수임무비행단,(주)부원정보통신
63430,23-004 프린터 유지보수 박스 등 40 품목,공군제5공중기동비행단,네코서비스(Neko Services)
63449,케이블조립체(차폐용),미래전력사업전력운영계약팀,연합정밀(주)
63474,23년 공기청정기 필터 제조 구매,제8기동사단,(주)솔티
63489,포천병원 공조기필터 제조설치,국군의무사령부,크린필터주식회사
63490,양주병원 공조기필터 제조설치,국군의무사령부,(주)한국피앤씨
63491,고양병원 공조기필터 제조설치,국군의무사령부,주식회사이에스
63492,지구병원 공조기필터 제조설치,국군의무사령부,사단법인 한국장애인미래정책포럼
63495,00부대 간부숙소 신축 관급자재(자동제어),제11기동사단,피앤씨테크 주식회사
63507,"펌프,냉각계통,엔진용 1종 구매",해군군수사령부,주식회사 선한테크
63523,[23-13-17] 소방공사 관급자재(불꽃감지기) 구매,공군제10전투비행단,(주)디티엔
63549,케이블조립체류,지상공통전력운영계약팀,연합정밀(주)
63566,(236094-B) 00부대 개편 관급자재(크레인) 제조설치,국군재정관리단,진성기계주식회사
63578,'23년 공기청정기 필터 제조납품,수도기계화보병사단,크린필터주식회사
63580,23년 오리콘 사격통제장치 부품류(제조),미래전력사업전력운영계약팀,주식회사 현민
63601,"파이프, 비금속제등 15종 구매(108)",해군제1수리창,유진물산
63602,000지원부대 행정시설 신축 관급자재(자동제어),제7군단,주식회사 다온테크놀로지
63630,[AIM-9 유도부 점검장비 부품]케이블조립체 1종,공군군수사령부,엠제이엠
63638,23-F-전기차량 절연공구 세트 제조(239125-F),국군재정관리단,주식회사 엠바이지
63669,23년 개인화기 주야조준경(Ⅱ형) 부품류(제조),지상공통전력운영계약팀,(주)협진정공
63692,(236248-F)동계 정비복 제조,국군재정관리단,타미나
63695,23-N-감속기어 윤활유 펌프 제조,국군재정관리단,신신이앤지(주)
63723,"분리기,더스트용 등 6항목 구매(화생방수리부속)",육군군수사령부,주식회사 마스플래닛
63727,K계열전차 포신 부품류(제조),지상공통전력운영계약팀,삼호정밀
63771,00부대 공기조화기 필터 제조설치 납품,국군제1068부대,주식회사 부강시스템
63798,00부대 간부숙소 신축 관급자재(타일),특수전사령부,(주)한주세라믹스
63817,(236260-B)GOP 배관교체 관급자재(컨트롤판넬)구매,국군재정관리단,태흥산업기전(주)
63826,"구동장치부품류(제조,일반)",지상공통전력운영계약팀,평화정밀
63896,잠수함 위성지휘 통신체계 유지보수 정비,해군군수사령부,주식회사 모두텔
63917,(정비) 케이블타이등 36종구매,육군종합정비창,주식회사 성우
63926,'23년 공기청정기 필터 제조 구매,제1989부대,(주)조은필텍
64012,"판,설치용 등 44항목 구매(화생방수리부속)",육군군수사령부,보고통상
64073,케이블 조립체 등 12종 구매,해군군수사령부,엄마푸드
64078,케이블 조립체 등 12종 구매,해군군수사령부,엄마푸드
64125,00부대 간부숙소 신축 관급자재 (HEAD END) 제조 설치,제36보병사단,(주)우리텍
64196,[23-006] 수리부속(ICC전원케이블 등 2종) 구매,공군 작사예하 방포사예하 제3여단,경은상회
64249,'23년 공기청정기 필터 제조 구매,제1보병사단,하앤컴퍼니(HA N COMPANY)
64278,23년 예비군 육성지원(응급처치킷/야전지혈대) 제조,제51보병사단,주식회사 메디시온
64283,23년 지상전술전자전장비 케이블조립체 등(구매),미래전력사업전력운영계약팀,엠씨에스테크 주식회사
64295,(236086-D)관로 설치 관급자재(부스터펌프) 제조,국군재정관리단,주식회사지텍
64320,케이블조립체 특수목적용 구매(087),해군제1수리창,영동상사
64324,"(긴급) 밸브, 버섯형, 엔진용 등 25종",해군군수사령부,에스알테크
64330,23년 전반기 공기청정기 필터 제조 납품,육군 52보병사단,(주)한국피앤씨
64447,"케이블조립체, 특수목적용, 전기용 구매",제9121부대,로쏘
64457,사령부 노후전기시설 개선 관급자재(변압기),제17보병사단,동방전기공업 주식회사
64524,사령부 노후전기시설 개선 관급자재(개폐기),제17보병사단,스타일인 주식회사
64602,(236165-C)GOP 노후배관 교체(열선) 관급자재 구매,국군재정관리단,주식회사 서연산업
64619,아파치 헬기 창정비개발 소요자재 제조,육군종합정비창,주식회사 금곡
64649,23년 (T-50) 덮개조립체 제조,지상공통전력운영계약팀,(주)협진정공
64687,"천마, 신궁 유도탄 군직정비용 수리부속 제조",육군 탄약지원사령부,(주)케이엠이엔지
64688,천마유도탄 군직정비용 수리부속(리테이너) 제조,육군 탄약지원사령부,(주)화승소재
64755,00부대 관급자재(경계울타리) 구매 설치납품,제2군단,삼일씨앤씨 주식회사
64822,"케이블조립체, 특수목적용, 전기용 구매",제9121부대,더함
64889,(긴급) 컨센트릭 밸브 조립체 등 19종,해군군수사령부,쓰리지엠
64895,잠수함(SS-I) 해수펌프 모터 정비,해군군수사령부,풍양중전기산업
64908,23년 공기청정기 필터 제조 구매,육군종합군수학교,(주)조은필텍
64937,"BTCS 부품(일반,제조)",미래전력사업전력운영계약팀,덕인산업
65019,"파이프,금속제 등 14종 구매",해군제2수리창,대지종합상사
65025,항타기 등 10항목 제조(기일공구),육군군수사령부,주식회사 유노인더스트리
65029,23년 확성기세트 부품(제조),미래전력사업전력운영계약팀,주식회사 아워스
65033,플랫폼 조립체 등 14항목 제조(궤도),육군군수사령부,시앤에스테크
65049,"펌프,냉각계통,엔진용 등 6종",해군제3함대사령부,유한회사 정석
65073,"(긴급)파이프,금속제 등 32종",해군군수사령부,동우철강(주)
65085,회로카드 조립체 제조,공군83정보통신정비창,시온테크
65098,20비 23-108 정비업무용 부스 제조설치,제20전투비행단,주식회사 영광조경건설
65107,공기조화기 필터(공기여과기) 제조 구매,국방대학교,크린필터주식회사
65116,23년 케이블조립체(탐지3호용)(제조),미래전력사업전력운영계약팀,(주)범한네트웍스
65154,23년 특수무기 케이블조립체류,미래전력사업전력운영계약팀,연합정밀(주)
65224,(긴급)펌프 조립체 1종 구매,해군군수사령부,사회문화사
65233,회로카드 조립체 등 2항목 제조(궤도),육군군수사령부,주식회사 시너스텍
65262,펌프 및 발전기 부품류,지상공통전력운영계약팀,건웅테크 주식회사
65267,"(긴급)케이블 조립체,특수목적용,전기용 등 2종 구매",해군군수사령부,경북상사
65273,정화통 연결쇠 뭉치 등 31항목 구매(화생방수리부속),육군군수사령부,카페그루터기
65345,'23년 공기청정기 필터 제조 구매,제 2167부대,두영크린테크
65363,23년 임실00부대 공기청정기 필터 제조구매,제2632부대,(주)조은필텍
65385,"클러치,엔진팬용 등 11항목 일반제조(기장)",육군군수사령부,시앤에스테크
65388,"호스 조립체,비금속제 등 48항목 일반제조(기장)",육군군수사령부,용진H&C
65401,"전동기,와이퍼용,공압식 등 2항목 제조(일장)",육군군수사령부,조은테크
65467,"(긴급) 열선유리,사각형 등 6종",해군군수사령부,케이제이엘
65520,필터류 제조 구매,제9해병여단,사단법인 한국장애인미래정책포럼
65576,OO함 잠수체계 유압동력기 제어판넬 제작 정비,해군군수사령부,주식회사 에이엠씨
65586,(특무) 케이블조립체 등 14품목 구매,육군종합정비창,이터널
65589,"호스 조립체,비금속제 등 33항목 제조(궤도)",육군군수사령부,에스엔더블유테크
65595,"볼트,플라이휠용(크랭크축) 등 27항목 제조(궤도)",육군군수사령부,한성정공
65663,스위치 및 전선 조립체 등 38항목 구매(특무),육군군수사령부,원전전기주식회사
65684,케이블조립체 등 77항목 일반제조(자주포),육군군수사령부,조은테크
65798,"실린더 조립체,작동식,선형 등 16항목 제조(일장)",육군군수사령부,하이펙 주식회사
65884,LED 작업등 충전식 휴대용 등 3항목 구매(기일공구),육군군수사령부,북극성
65885,에어구리스펌프 1항목 구매(기일공구),육군군수사령부,매일양초
65894,펌프 킷트 개조형 등 6항목 제조(총포공구),육군군수사령부,주식회사 와이에스이앤디
65895,호스 조립체 비금속제 등 16항목 제조(총포공구),육군군수사령부,태양산업
65900,풀러 및 펌퍼 콘넥터용 등 3항목 제조(궤도공구),육군군수사령부,주식회사 와이에스이앤디
65901,제동유교환유니트 등 14항목 제조(궤도공구),육군군수사령부,한성정공
65902,고정구 궤도연결용 등 6항목 제조(궤도공구),육군군수사령부,대한테크
65913,K9자주포 케이블조립체및스위치 구매,육군종합정비창,디앤에이(DNA)
65921,23년 발칸 일반부품(제조),미래전력사업전력운영계약팀,환호테크
65932,스위치 및 전선 조립체 등 11항목 일반제조(특무),육군군수사령부,주식회사 엔아이티
65945,전주 항공기정비고 소방시설 설치납품,제2632부대,유한회사 대승방재
65991,영외간부숙소 신축 관급자재(자동제어),제7군단,(주)애니테크
66089,"(긴급) 기어 회전자 세트,회전펌프용 1종",해군군수사령부,주식회사 비엠케이
66222,00병원 공조필터 제조 설치,자운대근무지원연대,(주)창우필터
66320,"파이프, 금속제 등 19종 구매(031)",해군제1수리창,가진테크
66351,케이블 조립체 등 12항목 구매(일장),육군군수사령부,엠제이엠
66399,PRC999K케이블조립체무선주파수 등 43항목 구매(통신),육군군수사령부,주식회사 오로라
66411,[시동용 발전기 부품]케이블 조립체 구매,공군군수사령부,조강테크
66442,공기 여과기 조립체 등 29항목 구매(화생방수리부속),육군군수사령부,보고통상
66443,펀치 구동핀용 등 14항목 제조(궤도공구),육군군수사령부,대성기업
66444,k200계열 장갑차 충전장치 야전점검기 제조(궤도공구),육군군수사령부,주식회사 엔미디어솔루션
66550,"케이블 조립체, 목적용, 전기용 2종 구매",해군군수사령부,에스티통상
66699,23년 공기청정기 필터 제조구매(예비전력),제1989부대,(주)뉴라이즌
66734,유지보수상자 등 120품목 구매 납품,제9227부대,세영컴퍼니
66768,손톱깎이 제조,공군군수사령부,로얄금속공업(주)
66783,(긴급) 스위치 조립체 등 2종,해군군수사령부,주식회사 경원전자
66930,[시동용발전기 부품]제어장치 판넬 등 6종 제조,공군군수사령부,창진ENG(주)
67069,(정비용철재)환봉 등 13종 구매,육군종합정비창,세진테크
67143,"(긴급) 케이블 조립체,특수목적용,전기용 1종",해군군수사령부,에스와이테크
67172,"23-N-탐지기,금속결함탐지용,전기식 제조",국군재정관리단,엠제이엠
67296,23-01-019 금속명찰 등 3품목 제조 구매,공군교육사령부,주식회사 플라이쿱
67298,안보교육관 관급자재(오디오믹서 등) 제조 설치,제9해병여단,영현정보통신(주)
67301,파이프 금속제 구매(002),해군제1수리창,다모아상사
67365,"(긴급) 파이프,금속제 등 16종",해군군수사령부,동우철강(주)
67401,23년 공기청정기 필터 제조 구매,육군종합군수학교,주식회사 에어공조시스템
67563,청안동원훈련장 관급자재(온수탱크)제조/설치 납품,육군 제37보병사단,와이엠아이 주식회사
67570,청안동원훈련장 관급자재(온수탱크)제조/설치 납품,육군 제37보병사단,와이엠아이 주식회사
67636,정비격납고 개보수/증축 관급자재(SGP 판넬) 제조,공군제19전투비행단,강림산업 주식회사
67640,(246409-C) 관급자재 변압기 제조,국군재정관리단,(주)케이피 일렉트릭
67647,DDG 원격 제어밸브 정비,해군군수사령부,한국에머슨프로세스매니지먼트마린솔루션즈(주)
67655,15비 항공관제레이더 관급자재 자동제어설치공사,공군제15특수임무비행단,주식회사 우리아이텍
67675,24-물품-17 사령부 공기청정기 필터 제조납품,육군군수사령부,(주)파란필터산업
67718,24-M-도서관 신축공사 관급자재(셔터) 제조설치,국군재정관리단,우근건설 주식회사
67720,24-M-사격장 관급자재(내마모강판) 구매,국군재정관리단,(주)한일종합상사
67735,24-항공기주요정비시설 등 CCTV 보강,공군제17전투비행단,주식회사 부한발란스
67737,호흡용 고압공기압축기 유지보수 정비,해군군수사령부,주식회사 에이앤지테크
67816,24-N-병탄창 관급자재(항온항습기) 제조설치,국군재정관리단,(주)세기
67837,15비 간부숙소 신축 관급자재 - 가구1,공군제15특수임무비행단,주식회사 엔와이엔
67846,24-N-병탄창 관급자재(자동제어) 제조,국군재정관리단,나노이엔지 주식회사
67848,정비용 장비(유압유 오염도 측정기) 제조 계약,제9보병사단사령부,나린코리아
67849,정비용 장비(유압유 플러싱) 제조 계약,제9보병사단사령부,주식회사 피원테크
67855,15비 간부숙소 신축 관급자재 - 가구2,공군제15특수임무비행단,엠에스토탈
67993,24-F-간부회관 관급자재(오수펌프) 제조,국군재정관리단,태성테크
68040,외곽펜스 조명시설 관급자재 LED투광등 제조구매 F002,공군교육사령부,도가테크
68068,24-공조기필터 제조설치납품,국방부계룡대근무지원단,주식회사 부강시스템
68103,24-F-간부회관 관급자재 자동제어 제조(249149-I),국군재정관리단,주식회사 나은엔지니어링
68136,마일즈 컨테이너(장비 보관 및 정비용) 제조 구매,육군 제1군단,영림산업주식회사
68137,장보고-III Batch-I 정비지원장비(펌프 등 12종),한국형잠수함총괄계약팀,주식회사 서화테크
68212,(자재) 부품제작자재 스프링강판 등 17종 구매,육군종합정비창,운창
68351,공병정비물품(PE파이프등 152품목)구매,제9227부대,아산
68365,(246342-C) 교육생생활관 관급자재(자동제어) 제조,국군재정관리단,주식회사 이티씨
68435,"(긴급) 밸브, 버섯형, 엔진용 등 112종",해군군수사령부,모두의상사
68441,외곽펜스 조명시설 관급자재 가로등주 제조구매 F002,공군교육사령부,에스디솔루션 주식회사
68528,24-M-공기청정기 필터 제조,국군재정관리단,주식회사 월드필터
68638,공교사 군수2학교 학과장 개선공사(관급자재_GHP),공군교육사령부,주식회사 다온건설
68649,"심해잠수체계(PTC, Wet Bell) 유지보수 정비",해군군수사령부,동일조선주식회사
68708,리튬전지 보관함 제조,제3170부대,고려시스템
68735,2024 K10신형제독장치 부품(전기/전자류)(제조),지상공통전력운영계약팀,주식회사 와이어블(Wiable Corp.)
68739,후류벽 설치공사 후류벽 금속 제조,공군제5공중기동비행단,다온산업
68763,정비근무대 유압유 플러싱 장비 구매(제조),육군 제1포병여단,주식회사 성은공조
68801,케이블 조립체 등 1품목(241),해군제1수리창,주식회사 엠케이
68894,24년 교실내 공기청정기 필터 제조납품,육군기계화학교,대원필터
68901,수중모터/펌프 제조,연평부대,티디에프 주식회사
69014,관급자재(수리창 정비공장 화물용리프트) 제조 설치,제9911부대,주식회사태성산업
69035,24-F-엔진 포워드 마운트 등 42종 제조,공군군수사령부,제이엠테크
69120,24-별관 신축 관급자재(제로에너지)제조 설치,해군 기동함대사령부,주식회사 정우계전
69165,24년 공기청정기 필터 제조,육군사관학교,요림필터산업주식회사
69171,24-18 다락대 훈련장 시설보강 자재구매(PC모듈),제5군단사령부,해리엔터프라이즈
69190,발칸 케이블조립체 구매,육군종합정비창,석산전자 주식회사
69213,(정비) 실리콘 건 등 13종 구매,육군종합정비창,디앤에이(DNA)
69288,24-N-헬기 시동/정비 전원공급장치 제조,국군재정관리단,현대파워시스템 주식회사
69356,공기청정기 필터 6종 제조 납품,해군교육사령부,(주)조은필텍
69389,24년 2차 시설물 유지보수 자재 구매,육군사관학교,유부자
69399,K-4발사기 LCD모듈 제조 및 교체,육군과학화전투훈련단,주식회사 지투오
69412,25사단 사령부 간부숙소 신축 관급자재(타일) 제조,제25보병사단,(주)한주세라믹스
69473,24년 케이블조립체(탐지3호용)(제조),해상공중전력운영계약팀,(주)범한네트웍스
69474,통합훈련관리체계(TIMS) 유지보수 SW 구매,공군본부,농업회사법인(주)푸른샘
69531,24년 예비군 육성(응급처치킷/야전지혈대) 제조/구매,제51보병사단,주식회사 메디시온
69595,24년 시설물 유지보수 자재 구매,육군사관학교,주식회사 무원물류시스템
69611,와이어 로프 조립체 등 5항목 제조(일장-제조-013),육군군수사령부,대명 ENG
69633,"부품키트, 유압펌프용 등 18종 구매",제9121부대,마니
69655,(246088-E) 3연대 정비종합실습장(자동제어)제조설치,국군재정관리단,KS전기제어
69912,230mm 창정비시설 관급(호이스트크레인) 제조설치,육군군수사령부,주식회사 에스씨모빌리티
69956,공기청정기 필터 8종 제조 납품,해군교육사령부,(주)조은필텍
69973,00부대 중장비 정비고 크레인 제조설치,육군 제1군단,주식회사 우양이엔지
70003,케이블 조립체 등 62항목 제조(자주포),육군군수사령부,석산전자 주식회사
70126,"케이블조립체, 특수목적용,전기용 1종 구매",해군군수사령부,유엔글로벌
70145,공기청정기 필터 제조 구매,제3697부대,(주)창우필터
70147,"공구키트,포탑 정비공용 1항목 제조(총포공구)",육군군수사령부,대림엠텍
70182,24년 공용화기 부품류(제조),지상공통전력운영계약팀,주식회사 엔에이치
70193,공기청정기 필터 제조,제9121부대,미래세이프티 주식회사
70219,"펌프, 모터구동용 1EA 구매",해군군수사령부,경북상회
70245,24년 정비용  장비 제조 구매(엔진모의장치),제1군수지원사령부,피엠케이(PMK)
70371,컨트롤 밸브 조립체 구매,해군제3함대사령부,우성종합상사
70428,대테러작전지원시설 신축 관급자재(GHP 실외기),공군제5공중기동비행단,(주)에이스테크
70431,24년 현궁 케이블 조립체류,해상공중전력운영계약팀,한성정공
70462,"전차, 차량 부품류(제조)",지상공통전력운영계약팀,주식회사덕인
70484,간부숙소 신축 관급자재(화강석경계석) 제조 납품,제1862부대,월드다이아몬드
70487,간부숙소 신축 관급자재(타일) 제조,제1862부대,태영세라믹 주식회사
70488,24년 특수무기 케이블조립체류,해상공중전력운영계약팀,연합정밀(주)
70504,반자동식부교 부품(제조),지상공통전력운영계약팀,도하테크
70510,24-N-00창 관급자재(고강도콘크리트파일) 제조,국군재정관리단,(주)미라보콘크리트
70527,DDH-II 에어컨 동력 케이블 및 차단기 교체 정비,해군군수사령부,주식회사 엠바이지
70531,24년 유도무기 케이블 조립체류,해상공중전력운영계약팀,(주)범한네트웍스
70548,구리병원 전열교환기 필터 제조 설치 납품,국군의무사령부,예일크린테크 (주)
70574,707체계 수리부속 구매(레이돔 보수킷트),제3707부대,주식회사 칼라투
70602,24년 공기청정기 필터 제조 구매,수도기계화보병사단,(주) 한새
70621,'24년 Lynx 항공기 기내녹음장비 유지보수 정비,해군군수사령부,한양무선통신
70734,24년 탈취유닛 및 공조기 필터 제조 설치납품,육군학생군사학교,(주)태종필터
70762,손잡이조립체류(제조),지상공통전력운영계약팀,뉴테크코리아 주식회사
70783,폐기 신축관 조립체 등 3종 구매,해군군수사령부,성신디펜스솔루션(주) 부산공장
70814,"부품키트, 유압펌프용 등 9종 구매",제9121부대,한산글로벌
70824,"케이블조립체,특수목적용,전기용 등 5종 구매",해군군수사령부,주식회사 진성하이텍
70840,[신궁 유도탄 부품]가스관조립체 등 6종 제조,공군군수사령부,조강테크
70854,제4광역수사대 건물 신축 관급자재 자동제어,공군교육사령부,중앙아이엔티주식회사
70857,24년 발칸 총열부부품(제조),해상공중전력운영계약팀,주식회사 천명하이텍
70898,공기청정기 필터 (27평형) 등 18종 제조(구매),해군 기동함대사령부,사단법인 한국장애인미래정책포럼
70906,2024 인체제독용물자세트 수리부속(제조),지상공통전력운영계약팀,이엔테크 주식회사
70911,(246242-C) 공기청정기 필터 제조,국군재정관리단,(주)파란필터산업
70932,"(긴급)회전자,엔진 포핏밸브용 등 4종",해군군수사령부,일맥상사
70933,P-3 엔진시험기 유지보수 정비,해군군수사령부,주식회사 이알시스템
70996,스위치 및 전선 조립체 등 14항목 구매(특무),육군군수사령부,주식회사 엔아이티
71000,K9자주포케이블조립체및스위치구매,육군종합정비창,주식회사 씨앤티솔루션
71041,230mm급 다련장 창정비시설 신축 관급자재(자동제어),육군군수사령부,주식회사 벽우
71050,230mm급 다련장 창정비시설 신축 관급자재(GHP실외기),육군군수사령부,태성냉동공조(주)
71051,230mm급 다련장 창정비시설 신축 관급자재(자동제어),육군군수사령부,주식회사 벽우
71055,'24년 지뢰살포기 부품(제조),지상공통전력운영계약팀,주식회사 나우이노
71061,공기조화기 필터 제조 납품,제3707부대,고려정공 주식회사
71078,"전투함(DDG, DDH-II) 화재감시장치 유지보수 정비",해군군수사령부,비아이산업주식회사
71084,을지회관 신축 관급자재(자동제어) 제조 설치,제1862부대,주식회사 성일시스템
71117,24년 공기청정기 필터 제조 구매,제1보병사단,주식회사천태이엔지
71150,24년 천마 궤도 부품류(제조),해상공중전력운영계약팀,디씨에이치(주)
71155,곡사포 일반부품류(제조),지상공통전력운영계약팀,오승산업
71165,(246236-F) 공기청정기 필터 제조,국군재정관리단,(주)더원필터
71182,24년 케이블조립체류(통신장비용)(제조),해상공중전력운영계약팀,연합정밀(주)
71183,24년 케이블조립체류(비차폐용)(제조),해상공중전력운영계약팀,연합정밀(주)
71184,[무장장착장비 부품]밸브조립체 등 10종,공군군수사령부,원욱
71224,"펌프, 냉각계통, 엔진용 등 7종 구매",해군제2수리창,초이스툴
71270,24년 천마 필터류(제조),해상공중전력운영계약팀,티케이(T.K)테크
71300,24년 케이블조립체류(차폐용)(제조),해상공중전력운영계약팀,연합정밀(주)
71375,공기청정기 필터 5종 제조 납품,해군교육사령부,예일크린테크 (주)
71376,"LST-I 보조제어반(ACC), 보수통제장치(DCC) 정비",해군군수사령부,주식회사산엔지니어링
71390,MHC 추진제어 케이블 정비,해군군수사령부,주식회사 일성이엔지
71391,잠수함 위성지휘 통신체계 유지보수 정비,해군군수사령부,한양무선통신
71396,00부대 노후배관 개선 관급자재(계측제어),제1보병사단,주식회사일렉콤
71411,"펀치,구동핀용 등 7항목 제조(궤도공구)",육군군수사령부,동창원산업(주)
71412,"슬링,빔형 등 5항목 제조(궤도공구)",육군군수사령부,동창원산업(주)
71440,5비 김해기지 작전지휘시설 신축공사(콘크리트파일),공군제5공중기동비행단,명진푸드
71448,24-F-정비업무용 부스 1종 제조,국군재정관리단,디자인 청호
71463,24년 공기청정기 필터 제조,육군 탄약지원사령부,(주)뉴라이즌
71523,"브래킷트 조립체,팬용 등 21항목 제조(궤도,제조-013)",육군군수사령부,동창원산업(주)
71526,24년 발칸 일반부품(제조),해상공중전력운영계약팀,주식회사 케이디에스
71554,에어드럼용 오일펌프 등 2항목 구매(궤도공구),육군군수사령부,더큰기프트
71560,"렌치,파이프용 등 25항목 구매(기일공구)",육군군수사령부,케이엠글로벌
71563,"밸브,조절용,유압식 등 14항목 구매(기일공구)",육군군수사령부,주식회사 삼마기업
71575,간부숙소 신축 관급자재(자동제어) 제조 설치,제1862부대,주식회사 광명전기
71589,간부숙소 신축 관급자재(자동제어) 제조 설치,제1862부대,주식회사 광명전기
71594,패킹 너트 등 17항목 제조(자주포),육군군수사령부,동창원산업(주)
71599,대테러작전지원시설 신축 관급자재(자동제어),공군제5공중기동비행단,나노이엔지 주식회사
71627,대테러작전지원시설  신축 관급자재(엘리베이터),공군제5공중기동비행단,주식회사태성산업
71631,24년 발칸 유지부품(제조),해상공중전력운영계약팀,삼호정밀
71633,24년 발칸 축전식 전지(제조),해상공중전력운영계약팀,주식회사 서원
71673,"BTCS 부품(일반,제조)",해상공중전력운영계약팀,주식회사덕인
71676,케이블 조립체류(구매),해상공중전력운영계약팀,시온테크
71709,[신궁 유도탄 부품]가스관 조립체 등 5종 제조,공군군수사령부,도균테크
71721,공기청정기 필터 제조납품,제9911부대,주식회사 부일필터
71785,00부대 공기조화기 필터 제조설치 납품,국군제1068부대,고려정공 주식회사
71799,00부대 생활관 증개축 관급자재(샌드위치패널)(Y040),제21보병사단,(주)신우산업
71858,230mm 창정비시설 관급(방폭형 항온항습기) 제조설치,육군군수사령부,주식회사 대성테크윈
71874,'24년 공기청정기 필터 제조 구매,제1862부대,(주)더원필터
71887,"어댑터,호이스트용 등 14항목 제조(총포공구)",육군군수사령부,동창원산업(주)
71888,"솔,세척용,프라이머용 등 29항목 구매(총포공구)",육군군수사령부,에스와이유통
71892,"고정구,무기 구성품 정비용 등 13항목 제조(총포공구)",육군군수사령부,환호테크
71949,24년 전반기 공기청정기 필터 제조 납품,육군 52보병사단,다모아필터 주식회사
71996,급수시설 수질 개선용 필터 구매 납품(도서지역),제9196부대,선일유통
72002,PVC파이프렌치 등 66종 구매,자운대근무지원연대,주식회사 보리똥
72035,'24년 지뢰탐지기 부품(제조),지상공통전력운영계약팀,주식회사 와이어블(Wiable Corp.)
72070,'24년 공병학교 공기청정기 필터 제조구매,육군공병학교,하앤컴퍼니(HA N COMPANY)
72084,천마유도탄 수리부속 수송용기 1품목 제조,육군 탄약지원사령부,금성목재
72095,천마유도탄 수리부속 수송용기 1품목 제조,육군 탄약지원사령부,금성목재
72112,"'24년 발전기 케이블 조립체, 전력용",지상공통전력운영계약팀,동양기전
72136,해성 수리부속류_클램프조립체(제조),해상공중전력운영계약팀,창진ENG(주)
72137,24년 특수무기 베어링류(제조),해상공중전력운영계약팀,혁신산업
72143,"정비키트, 어뢰용 (제조)",해상공중전력운영계약팀,MRO Tech(엠알오텍)
72153,24년 공기청정기 필터 제조 구매,제25보병사단,(주)조은필텍
72195,'24년 수중탐색음탐기 5종 유지보수 정비,해군군수사령부,소나테크주식회사
72247,간부숙소 신축 관급자재(보일러) 제조 납품,제1862부대,대영철물(경동나비엔)
72252,K계열전차 포신 부품류(제조),지상공통전력운영계약팀,삼호정밀
72262,공기청정기 필터류 제조 구매,제9691부대,주식회사 시대산업
72263,공기청정기 필터류 제조 구매,제9691부대,주식회사 시대산업
72264,공기청정기 필터류 제조 구매,제9691부대,주식회사 시대산업
72271,공기청정기 필터류 제조 구매,제9691부대,주식회사 시대산업
72288,예비군훈련장 공기청정기 필터 제조구매,제2632부대,주식회사천태이엔지
72332,"구동장치부품류(제조,일반)",지상공통전력운영계약팀,평화정밀
72340,'24년 야전지형분석재료 구매(24-GP-21),제2307부대,"춘천사랑종합유통,필립스A/S"
72352,"(긴급) 밸브, 스톱-체크형 등 57종",해군군수사령부,자야
72353,(긴급) 기어드라이브 윤활유펌프 등 10종,해군군수사령부,일용상사
72371,평판형 오일리스 베어링 등 7항목 제조(특무),육군군수사령부,동창원산업(주)
72375,24년 공기청정기 필터 제조설치,육군학생군사학교,(주)창우필터
72394,엔진펌프 등 11종 구매,제9911부대,연주상사
72449,00부대 간부숙소 신축 관급자재(타일),제1보병사단,주식회사 마도세라믹스
72463,조난자무선식별장치(RFID) 유지보수 정비,해군군수사령부,주식회사 우리별
72469,'24년 함내외 및 함내무선통신체계 유지보수 정비,해군군수사령부,근영테크
72485,02대대 취사식당 관급자재(고효율 진공온수보일러),제17보병사단,주식회사 동광보일러
72552,24년 공기청정기 필터 제조납품,육군기계화학교,대원필터
72556,엔진 성능시험장비 고장진단시스템 제조 설치,육군종합정비창,주식회사 이알시스템
72573,24년 공기청정기 필터 제조구매계약,제3보병사단,(주)파란필터산업
72598,24-N-이동정비용 소형버스(3VAN) 제조,국군재정관리단,주식회사 와풀
72622,24년 공기청정기 필터 제조 구매,제1989부대,(주)더원필터
72628,케이블 조립체 등 16종 구매,제9121부대,레노마 진해
72667,역세탱크 조립체 1항목 제조(일장-004),육군군수사령부,주식회사 우성아이비
72729,(246163-F) 동계정비복 제조,국군재정관리단,현대종합상사
72730,(246164-F) 하계정비복 제조,국군재정관리단,대우유니폼
72760,24년 훈련장 공기청정기 필터 제조구매,육군학생군사학교,서울에어필터
72785,밸브 조립체 등 23항목 제조(일장-005),육군군수사령부,조은테크
72787,24-13-4 전기공사 관급자재(변압기),공군제10전투비행단,풍산전기주식회사
72805,항타기 등 12항목 제조(기일공구),육군군수사령부,제이엠테크
72842,'24년 MSH 비자성 보조보일러 외주정비,해군군수사령부,피엠에스
72849,K200 케이블조립체 등 5종 구매,육군종합정비창,DGI산업
72855,24년 공기청정기 필터 제조 구매,육군종합군수학교,크린필터주식회사
72867,관급자재(경계울타리)설치납품(TICN 5공구)(24-DP-3),제2307부대,주식회사동서에코글로벌
72869,관급자재(경계울타리)설치납품(TICN 4공구)()24-DP-2),제2307부대,주식회사삼성철망
72873,관급자재(경계울타리)설치납품(TICN 6공구)(24-DP-4),제2307부대,만도실업(주)
72877,관급자재(경계울타리)설치납품(TICN 3공구)()24-DP-1),제2307부대,주식회사삼성철망
72880,공기청정기 필터 제조 구매,제9181부대,다모아필터 주식회사
72892,"[F-16 부품]키,기계용 제조",공군군수사령부,조강테크
72914,(24군책-물품007)공기청정기 필터 제조 구매,종합보급창,두영크린테크
72960,가스관조립체 등 13개 품목 제조,육군 탄약지원사령부,도균테크
72971,24-N-가스엔진히트펌프 구매,국군재정관리단,씨에스컴퍼니
72977,"20비 24-66 컨테이너 부스, 정비사 대기실 제조 구매",제20전투비행단,신강건설산업 주식회사
73116,00부대 공기청정기 필터 제조 / 구매,제3739부대,(주) 한새
73157,콘센트릭 밸브 조립체 등 2종 구매,해군군수사령부,주식회사 에코비투
73158,밸브조립체 등 30종 구매,해군군수사령부,대현테크
73199,24년 공기청정기 필터 제조·구매,제2632부대,(주)케이필터
73232,[T(A)FA-50 부품]APU보호 덮개 등 4종 제조,공군군수사령부,제이에이치텍
73366,[시동용 발전기 부품]제어장치 판넬 등 7종 제조,공군군수사령부,창진ENG(주)
73427,(24육군-해파21)한빛부대 공기청정기 필터 제조 구매,종합보급창,에이에프주식회사
73453,1A 간부숙소 신축 관급자재 가구,제32보병사단,대진시스템
73553,"K21 파이프,금속제 등 12종 구매",육군종합정비창,성도산업
73822,컨센트릭 밸브 조립체 등 2종 구매,해군군수사령부,주식회사 에코비투
73856,(24-대-3-영) 노후 집진설비 필터백 제조납품,육군종합정비창,신광산업
73866,24-M-병영생활관 관급자재(타일) 제조,국군재정관리단,(주)대동세라믹
73986,"펌프조립체,기어식 등 21종 구매",해군군수사령부,제일테크
74032,케이블 조립체 1종 구매,제9121부대,세현종합상사
74059,(정비) 알곤시린다밸브 등 79종구매,육군종합정비창,주식회사 창원상사
74082,24년 공기청정기 필터 제조구매(예비전력),제1989부대,주식회사 부일필터
74098,(정비) 케이블타이 등 36종구매,육군종합정비창,지앤와이일렉텍(주)
74150,(정비) 실리콘 건 등 25종구매,육군종합정비창,지앤와이일렉텍(주)
74167,"펌프, 냉각계통, 엔진용 등 44종 구매(21차)",해군제2수리창,봉화물산
74209,파이프 금속제 등 7품목(017),해군제1수리창,서주통상
74272,손톱깎이 제조,공군군수사령부,로얄금속공업(주)
74277,(자재) 정비용철재 환봉 등 13종 구매,육군종합정비창,주식회사 우경엔텍
74446,정비화 제조,제3170부대,주식회사 칼로스
74520,케이블 조립체 등 4종 구매,해군제2수리창,씨티원 경기지점
74533,24-3 컨테이너하우스(정비사작업용) 제조 구매,공군제1전투비행단,주식회사 제이디텍
74539,간부숙소 신축 관급자재(자동제어) 제조설치(207),제51보병사단,주식회사 주인정보시스템
74540,간부숙소 신축 관급자재(자동제어) 제조설치(196),제51보병사단,주식회사 삼현
74570,"펌프, 냉각계통, 엔진용 등 44종 구매",해군제2수리창,소망산업
74626,24-01-003 금속명찰 등 4품목 제조 구매,공군교육사령부,믿음상사
74677,교육생 숙소 신축 관급자재 (타일),육군부사관학교,주식회사 마도세라믹스
