,입찰명,발주기관,낙찰자(상호)
1,장거리 이동 신병 도시락 제조납품,육군훈련소,주식회사 엘엔에프 농업회사법인
9,우갈비 등 15품목 (덕산스포텔),제9691부대,충성축산
10,감자전분 등 211품목(덕산스포텔),제9691부대,한샘유통 주식회사
14,"17년 상반기 토성회관 식자재(채소류,공산물) 구매",제3훈련비행단,한양상사
32,설 경축특식 빵세트,제1군수지원사령부,(주)빙그레
36,초코파이 등 27종 구매,제3170부대,씨제이프레시웨이 주식회사
37,모듬두텁떡 등 6종 제조,제3170부대,주식회사 장원식품
38,삼계탕 등 47종 구매,제3170부대,주식회사 에스피씨삼립
39,초코우유 등 29종 구매,제3170부대,(주)빙그레
42,햄버그스테이크 등 31종 구매,해군군수사령부,주식회사 류홀마트
43,2017년 환자급식용 식재료 구매,국군대전병원,다해푸드
44,17년 생도증식 148종 구매,육군3사관학교,삼성웰스토리 (주)
46,식자재 구매(일반미 등 174품목),제9196부대,동원푸드
47,'17년 환자급식(증후식류) 식품 구매,국군수도병원,주식회사 삼우인더스트리
48,'17년 환자급식(부식류) 식품 구매,국군수도병원,주식회사 에스피씨삼립
50,음식물쓰레기 처리용역(17년도),공군제19전투비행단,중원산업
55,'17년 설날 경축특식(과자세트) 구매(제조),제7789부대,성도교역
61,독서카페 설치 자재구매,제7보병사단,전우사
78,'17년 환자치료식 부·후식 및 증식 계약,국군의무사령부,주식회사 에스피씨삼립
79,'17년 환자치료식 부·후식 및 증식 계약,국군의무사령부,주식회사 에스피씨삼립
81,'17년 환자치료식 부·후식 및 증식 계약,국군의무사령부,주식회사 에스피씨삼립
90,떡류 등 21종,제9181부대,주식회사해피21세기
95,모듬콩조림 등 17종 구매,해군군수사령부,주식회사 류홀마트
96,모듬콩조림 등 17종 구매,해군군수사령부,주식회사 나누미
97,모듬콩조림 등 17종 구매,해군군수사령부,주식회사 류홀마트
98,모듬콩조림 등 17종 구매,해군군수사령부,주식회사 류홀마트
99,모듬콩조림 등 17종 구매,해군군수사령부,주식회사 나누미
100,모듬콩조림 등 17종 구매,해군군수사령부,주식회사 류홀마트
101,모듬콩조림 등 17종 구매,해군군수사령부,연우상사
102,모듬콩조림 등 17종 구매,해군군수사령부,연우상사
103,모듬콩조림 등 17종 구매,해군군수사령부,고려냉장식품 주식회사
104,모듬콩조림 등 17종 구매,해군군수사령부,주식회사 류홀마트
105,모듬콩조림 등 17종 구매,해군군수사령부,고려냉장식품 주식회사
106,모듬콩조림 등 17종 구매,해군군수사령부,연우상사
107,모듬콩조림 등 17종 구매,해군군수사령부,고려냉장식품 주식회사
108,모듬콩조림 등 17종 구매,해군군수사령부,주식회사 류홀마트
109,모듬콩조림 등 17종 구매,해군군수사령부,주식회사 류홀마트
110,모듬콩조림 등 17종 구매,해군군수사령부,주식회사 류홀마트
111,해물모듬완자 등 30종 구매,해군군수사령부,연우상사
112,해물모듬완자 등 30종 구매,해군군수사령부,주식회사 류홀마트
113,해물모듬완자 등 30종 구매,해군군수사령부,삼진유통
114,해물모듬완자 등 30종 구매,해군군수사령부,삼진유통
115,해물모듬완자 등 30종 구매,해군군수사령부,연우상사
116,해물모듬완자 등 30종 구매,해군군수사령부,연우상사
117,해물모듬완자 등 30종 구매,해군군수사령부,주식회사 류홀마트
118,해물모듬완자 등 30종 구매,해군군수사령부,주식회사 류홀마트
119,해물모듬완자 등 30종 구매,해군군수사령부,삼진유통
120,해물모듬완자 등 30종 구매,해군군수사령부,삼진유통
121,해물모듬완자 등 30종 구매,해군군수사령부,삼진유통
122,해물모듬완자 등 30종 구매,해군군수사령부,삼진유통
123,해물모듬완자 등 30종 구매,해군군수사령부,삼진유통
124,해물모듬완자 등 30종 구매,해군군수사령부,연우상사
125,해물모듬완자 등 30종 구매,해군군수사령부,삼진유통
126,해물모듬완자 등 30종 구매,해군군수사령부,삼진유통
127,해물모듬완자 등 30종 구매,해군군수사령부,삼진유통
128,해물모듬완자 등 30종 구매,해군군수사령부,연우상사
129,해물모듬완자 등 30종 구매,해군군수사령부,삼진유통
130,해물모듬완자 등 30종 구매,해군군수사령부,삼진유통
131,해물모듬완자 등 30종 구매,해군군수사령부,삼진유통
132,해물모듬완자 등 30종 구매,해군군수사령부,주식회사 류홀마트
133,해물모듬완자 등 30종 구매,해군군수사령부,삼진유통
134,해물모듬완자 등 30종 구매,해군군수사령부,삼진유통
135,해물모듬완자 등 30종 구매,해군군수사령부,삼진유통
136,해물모듬완자 등 30종 구매,해군군수사령부,삼진유통
137,핫바 등 31종 구매,해군군수사령부,주식회사 나누미
138,핫바 등 31종 구매,해군군수사령부,다솔기업
139,핫바 등 31종 구매,해군군수사령부,다솔기업
140,핫바 등 31종 구매,해군군수사령부,다솔기업
141,핫바 등 31종 구매,해군군수사령부,주식회사 류홀마트
142,핫바 등 31종 구매,해군군수사령부,주식회사 류홀마트
143,핫바 등 31종 구매,해군군수사령부,다솔기업
144,핫바 등 31종 구매,해군군수사령부,다솔기업
145,핫바 등 31종 구매,해군군수사령부,주식회사 류홀마트
146,핫바 등 31종 구매,해군군수사령부,주식회사 류홀마트
147,핫바 등 31종 구매,해군군수사령부,다솔기업
148,핫바 등 31종 구매,해군군수사령부,다솔기업
149,핫바 등 31종 구매,해군군수사령부,주식회사 류홀마트
150,핫바 등 31종 구매,해군군수사령부,주식회사 류홀마트
151,핫바 등 31종 구매,해군군수사령부,다솔기업
152,핫바 등 31종 구매,해군군수사령부,삼진유통
153,핫바 등 31종 구매,해군군수사령부,삼진유통
154,핫바 등 31종 구매,해군군수사령부,삼진유통
155,핫바 등 31종 구매,해군군수사령부,다솔기업
156,핫바 등 31종 구매,해군군수사령부,연우상사
157,핫바 등 31종 구매,해군군수사령부,지(g)-마트
158,핫바 등 31종 구매,해군군수사령부,다솔기업
159,핫바 등 31종 구매,해군군수사령부,주식회사 나누미
160,핫바 등 31종 구매,해군군수사령부,삼진유통
161,핫바 등 31종 구매,해군군수사령부,삼진유통
162,핫바 등 31종 구매,해군군수사령부,다솔기업
163,핫바 등 31종 구매,해군군수사령부,주식회사 나누미
164,핫바 등 31종 구매,해군군수사령부,삼진유통
165,핫바 등 31종 구매,해군군수사령부,다솔기업
166,핫바 등 31종 구매,해군군수사령부,삼진유통
167,16-59-1 관급자재[글라스울샌드위치 판넬 구매(설치)],공군제17전투비행단,드림산업
168,계룡스파텔 식자재 000종 구매,육군인사사령부,한화호텔앤드리조트 주식회사
169,계룡스파텔 식자재 000종 구매,육군인사사령부,한화호텔앤드리조트 주식회사
178,'17년도 선수급식(공산품 475종) 구매,국군체육부대,한샘유통 주식회사
179,'17년도 선수급식(농수산물 321종) 구매,국군체육부대,한샘유통 주식회사
180,'17년도 선수급식(유제품 12종) 구매,국군체육부대,매일종합유통(문경대리점)
183,"급식유통센터 운용물자(플라스틱상자, 파레트) 구매",5군수지원사령부,티피씨 주식회사
192,햄버그스테이크 등 31종 구매,해군군수사령부,주식회사 나누미
193,햄버그스테이크 등 31종 구매,해군군수사령부,삼진유통
194,햄버그스테이크 등 31종 구매,해군군수사령부,연우상사
195,햄버그스테이크 등 31종 구매,해군군수사령부,삼진유통
196,햄버그스테이크 등 31종 구매,해군군수사령부,주식회사 나누미
197,햄버그스테이크 등 31종 구매,해군군수사령부,삼진유통
198,햄버그스테이크 등 31종 구매,해군군수사령부,삼진유통
199,햄버그스테이크 등 31종 구매,해군군수사령부,삼진유통
200,햄버그스테이크 등 31종 구매,해군군수사령부,주식회사 나누미
201,햄버그스테이크 등 31종 구매,해군군수사령부,주식회사 류홀마트
202,햄버그스테이크 등 31종 구매,해군군수사령부,삼진유통
203,햄버그스테이크 등 31종 구매,해군군수사령부,삼진유통
204,햄버그스테이크 등 31종 구매,해군군수사령부,주식회사 류홀마트
205,햄버그스테이크 등 31종 구매,해군군수사령부,주식회사 류홀마트
206,햄버그스테이크 등 31종 구매,해군군수사령부,주식회사 나누미
207,햄버그스테이크 등 31종 구매,해군군수사령부,삼진유통
208,햄버그스테이크 등 31종 구매,해군군수사령부,연우상사
209,햄버그스테이크 등 31종 구매,해군군수사령부,삼진유통
210,햄버그스테이크 등 31종 구매,해군군수사령부,주식회사 류홀마트
211,햄버그스테이크 등 31종 구매,해군군수사령부,주식회사 나누미
212,햄버그스테이크 등 31종 구매,해군군수사령부,연우상사
213,햄버그스테이크 등 31종 구매,해군군수사령부,다솔기업
214,햄버그스테이크 등 31종 구매,해군군수사령부,연우상사
215,햄버그스테이크 등 31종 구매,해군군수사령부,삼진유통
216,햄버그스테이크 등 31종 구매,해군군수사령부,삼진유통
217,배추김치(포기) 등 20종 제조,해군군수사령부,남경식품(참그린김치)
218,배추김치(포기) 등 20종 제조,해군군수사령부,남경식품(참그린김치)
219,배추김치(포기) 등 20종 제조,해군군수사령부,고려냉장식품 주식회사
220,배추김치(포기) 등 20종 제조,해군군수사령부,(주) 자연에프엔에스
221,배추김치(포기) 등 20종 제조,해군군수사령부,(주) 자연에프엔에스
222,배추김치(포기) 등 20종 제조,해군군수사령부,남경식품(참그린김치)
223,배추김치(포기) 등 20종 제조,해군군수사령부,남경식품(참그린김치)
224,배추김치(포기) 등 20종 제조,해군군수사령부,남경식품(참그린김치)
225,배추김치(포기) 등 20종 제조,해군군수사령부,영주식품
265,17년 체력단련장 식자재 납품업체 선정,국군복지단,삼성웰스토리 주식회사
297,깻잎무침 등 12품목,해군 기동함대사령부,농업회사법인한백푸드유한회사
298,깻잎무침 등 12품목,해군 기동함대사령부,농업회사법인한백푸드유한회사
350,스모크햄 900EA 구매,제9911부대,주식회사 포승유통
351,갓김치 등 8종 제조 납품,제9911부대,농업회사법인 늘만나식품 주식회사
352,두부 등 20종 구매,제9911부대,주식회사 포승유통
353,멸균초코우유 등 4종 구매,제9911부대,주식회사 포승유통
354,LA갈비 등 4종 구매,해군군수사령부,연우상사
355,LA갈비 등 4종 구매,해군군수사령부,삼진유통
356,LA갈비 등 4종 구매,해군군수사령부,주식회사 나누미
357,사이다 등 31종 구매,해군군수사령부,주식회사 나누미
358,사이다 등 31종 구매,해군군수사령부,주식회사 류홀마트
359,사이다 등 31종 구매,해군군수사령부,주식회사 류홀마트
360,사이다 등 31종 구매,해군군수사령부,주식회사 류홀마트
361,사이다 등 31종 구매,해군군수사령부,주식회사 류홀마트
362,사이다 등 31종 구매,해군군수사령부,주식회사 류홀마트
363,사이다 등 31종 구매,해군군수사령부,삼진유통
364,사이다 등 31종 구매,해군군수사령부,주식회사 류홀마트
365,사이다 등 31종 구매,해군군수사령부,삼진유통
366,사이다 등 31종 구매,해군군수사령부,다솔기업
367,사이다 등 31종 구매,해군군수사령부,다솔기업
368,사이다 등 31종 구매,해군군수사령부,주식회사 류홀마트
369,사이다 등 31종 구매,해군군수사령부,주식회사 류홀마트
370,사이다 등 31종 구매,해군군수사령부,삼진유통
371,사이다 등 31종 구매,해군군수사령부,삼진유통
372,사이다 등 31종 구매,해군군수사령부,두산봉유통
373,사이다 등 31종 구매,해군군수사령부,삼진유통
374,사이다 등 31종 구매,해군군수사령부,연우상사
375,사이다 등 31종 구매,해군군수사령부,연우상사
376,사이다 등 31종 구매,해군군수사령부,삼진유통
377,사이다 등 31종 구매,해군군수사령부,연우상사
378,사이다 등 31종 구매,해군군수사령부,연우상사
379,사이다 등 31종 구매,해군군수사령부,연우상사
380,사이다 등 31종 구매,해군군수사령부,삼진유통
381,사이다 등 31종 구매,해군군수사령부,두산봉유통
382,사이다 등 31종 구매,해군군수사령부,연우상사
383,사이다 등 31종 구매,해군군수사령부,연우상사
384,사이다 등 31종 구매,해군군수사령부,연우상사
450,상용 샌드박스 서버(HW) 구매,4284부대,하나린
501,야채참치통조림 등 3종 구매,제9911부대,삼진유통
503,야채참치통조림 등 3종 구매,제9911부대,삼진유통
616,밥솥 등 2종 구매,합동군사대학교,샬롬
661,전기튀김기 등 6종 구매,제8385부대,가나안상사
693,해안소초 독서카페 내부구성품 구매,제1607부대,주식회사피에프
718,식자재 000종 구매(단가계약),제1987부대,주식회사 현대그린푸드
722,"클락 스프링 등 27항목 구매(해파, 기장)",육군군수사령부,헵시바상사
776,골뱅이통조림 600CN 구매,제9911부대,주식회사 해나람
777,생수 등 15종 구매,제9911부대,주식회사 포승유통
778,멸균딸기우유 등 3종 구매,제9911부대,주식회사 포승유통
790,김치절단기 구매,육군훈련소,남경테크(TECH)
814,데스크 미니 청소기 등 70종,제9227부대,삼원티앤아이
1019,독서카페 설치 자재 구매,제5보병사단,동명이앤엘
1134,중원/은성회관 식자재(가다랑어포등462종) 구매,공군제19전투비행단,(주)아워홈 중부영업소
1203,의료기재(정맥주사 실습 팔 모형 등 2종),제5738부대,와이파이컴퍼니
1300,중원/은성회관 육류(오리고기등51종) 구매,공군제19전투비행단,주식회사푸드라인
1305,17년도 생도피복(학년장류 등) 구매,육군3사관학교,신성산업
1376,육류다지기 등 3종 구매,제9911부대,주식회사 성진이엔디
1409,독서카페 설치 자재 구매,제7보병사단,주식회사 이룸
1422,크리미빵 등 6종,제9181부대,주식회사 두준
1490,인버터 알곤용접기 등 156종,제5738부대,제이에스탑
1607,코티드샌드구매,육군종합정비창,주식회사 청운이화학
1640,무청시래기(생무청) 등 2종,해군군수사령부,농업회사법인펀치볼주식회사
1641,무청시래기(생무청) 등 2종,해군군수사령부,농업회사법인펀치볼주식회사
1698,도서(등뼈 실학) 등 94종,해군작전사령부,SH통상
1717,제5326부대 독수리회관 농수산물 납품업체 계약,공군작사근무지원단,(주)진영씨엔씨
1737,복지회관 식당 비품구매(반찬냉장고 등 17종),제2632부대,대신 바이오
1763,17년도 생도피복(예식용품류) 구매,육군3사관학교,미모
1798,조16-방관사-78 군수과 음식물 감량기(5EA),공군방공관제사령부,서윤산업
1812,수산화나트륨등47종구매,육군종합정비창,주식회사 에이그램
1828,이온음료 등 20종,제9181부대,삼진유통
1900,00학교 실습재료(정맥주사 인조피부 등 7종) 구매,국군의무학교,성도
1913,미역국 등 11품목 구매,제9해병여단,한성산업
1996,운동장용 소금 등 2종 구매,제7001부대,효원
2018,4분기 식품검사 재료 구매,제7789부대,랩피온
2057,전기밥솥 등 6종 구매,제8385부대,안보종합상사
2076,감자튀김 등 15종,해군군수사령부,연우상사
2077,감자튀김 등 15종,해군군수사령부,월드씨앤씨
2078,감자튀김 등 15종,해군군수사령부,월드씨앤씨
2079,감자튀김 등 15종,해군군수사령부,주식회사 포승유통
2080,감자튀김 등 15종,해군군수사령부,주식회사 포승유통
2081,감자튀김 등 15종,해군군수사령부,주식회사 포승유통
2082,감자튀김 등 15종,해군군수사령부,연우상사
2083,감자튀김 등 15종,해군군수사령부,주식회사 포승유통
2084,감자튀김 등 15종,해군군수사령부,연우상사
2164,감자으깨기 등 62종 구매,제7001부대,효원
2187,"'16년 공군회관(식자재)야채,과일000종(2개월분) 구매",공군항공안전단,무등농산 주식회사
2188,원형샌드사포등115종구매,육군종합정비창,주식회사 슈플라스
2196,민군물자(태권도 미트 등 000종) 구매,제7789부대,금호전기조명(주)
2210,전투식량2형,급식유류계약팀,주식회사 샬롬
2211,전투식량2형,급식유류계약팀,주식회사 샬롬
2212,전투식량2형,급식유류계약팀,주식회사 샬롬
2242,전기 인덕션 국.밥솥 등 2종 구매설치,해군작전사령부,주식회사 가온테크
2300,음식물쓰레기 처리기 제조 설치,공군제11전투비행단,주식회사 오성에스씨
2378,콩나물,제1군수지원사령부,엠플러스에프엔씨 주식회사
2382,콩나물,제1군수지원사령부,엠플러스에프엔씨 주식회사
2397,사각어묵 등 10종 구매,제9911부대,삼진유통
2408,현장감식용 카메라 등 6종 구매,국군재정관리단,유한회사 한빛기업
2422,콩나물 구매(경북권),5군수지원사령부,주식회사 참고을
2423,콩나물 구매(충청권),5군수지원사령부,엠플러스에프엔씨 주식회사
2424,콩나물 구매(경남권),5군수지원사령부,엠플러스에프엔씨 주식회사
2425,콩나물 구매(전라권),5군수지원사령부,엠플러스에프엔씨 주식회사
2433,구운계란 기계,해군 기동함대사령부,지니종합상사
2437,구운계란 기계,해군 기동함대사령부,지니종합상사
2438,"밸브,버섯형,엔진용 등 5종",해군군수사령부,씨지 트레이드
2441,간부식당 공산품 구매 납품,국방부계룡대근무지원단,한샘유통 주식회사
2585,콩나물 구매(제조 또는 구매),제2167부대,엠플러스에프엔씨 주식회사
2591,생수 구매(연평도),연평부대,오피스디포 인천중앙점
2673,휘장류 및 견장류 제조 구매,육군사관학교,(주)충무용사촌
2693,콩나물(제조 또는 구매),제7789부대,주식회사 참고을
2753,국수 등 13종 구매,제9911부대,주식회사 포승유통
2754,멸치볶음 등 6종 구매,제9911부대,주식회사 포승유통
2755,등갈비 등 5종 구매,제9911부대,삼진유통
2756,두유 등 4종 구매,제9911부대,서울우유심곡대리점
2757,사과 등 3종 구매,제9911부대,주식회사 포승유통
2828,배추 포기김치 등 8종 제조 구매,제9911부대,(주)한일코리아
2829,배추 포기김치 등 8종 제조 구매,제9911부대,(주)한일코리아
2840,무청시래기 구매,제2167부대,농업회사법인 주식회사 청춘오가닉
2849,'16년 무청시래기 구매(제조),제7789부대,농업회사법인 주식회사 청춘오가닉
2850,'16년 무청시래기 구매(제조),제7789부대,농업회사법인 주식회사 청춘오가닉
2851,'16년 무청시래기 구매(제조),제7789부대,농업회사법인 주식회사 청춘오가닉
2873,무청시래기 구매,5군수지원사령부,농업회사법인펀치볼주식회사
2918,캔맥주 등 8품목,해군 기동함대사령부,신명
2978,국군의 날 특식 과자세트 구매,5군수지원사령부,에스디유통(S.D유통)
3020,무청시래기,제1군수지원사령부,농업회사법인 주식회사 청춘오가닉
3024,무청시래기,제1군수지원사령부,농업회사법인 주식회사 청춘오가닉
3028,돈등뼈 등 6종,해군작전사령부,서진유통
3029,냉동꽃게 등 5종,해군작전사령부,서진유통
3030,감귤 등 10종,해군작전사령부,삼진유통
3036,리치스테이커 타이어 구매,국군재정관리단,주식회사 에이치앤아이씨
3040,감자수제비 등 93종,해군작전사령부,한샘유통 주식회사
3107,자장면,급식유류계약팀,(주)면사랑
3108,가락국수,급식유류계약팀,(주)면사랑
3109,가락국수,급식유류계약팀,(주)면사랑
3134,라우터 시리얼카드 2EA 구매,제8385부대,한 인터내셔널
3145,등심돈까스 등 4품목,해군 기동함대사령부,선인상사
3154,간장 고추지 등 10종,해군작전사령부,자인비
3155,일반우유 등 18종,해군작전사령부,피앤에스
3171,"밸브,버섯형,엔진용 등 4종",해군군수사령부,채움아이씨티
3172,절취스프링 노트 등 177종,해군본부,현대상사
3187,소고기 육포 제조 납품,제9965부대,(주)항진축산제2공장
3195,추석특식 빵세트 구매,5군수지원사령부,모닝하우스
3215,3분기 식품검사 재료구매,제7789부대,랩피온
3248,국군의 날 경축특식 빵세트,제1군수지원사령부,한샘유통 주식회사
3261,탕수육 등 12품목,해군 기동함대사령부,농업회사법인 원농산식품 주식회사
3262,마가렛트 등 41품목,해군 기동함대사령부,농업회사법인 원농산식품 주식회사
3263,감자수제비 등 15품목,해군 기동함대사령부,우성종합유통
3264,반판두부 등 14품목,해군 기동함대사령부,우성종합유통
3265,깍두기 등 3품목,해군 기동함대사령부,농업회사법인한백푸드유한회사
3266,배추김치(조각) 등 5품목,해군 기동함대사령부,농업회사법인한백푸드유한회사
3303,배식용 받드 등 23종 구매,해군제3함대사령부,동서종합상사
3368,급식사업(사골곰탕 제조),국군재정관리단,주식회사 모전식품
3410,경축특식 과자세트,제2167부대,에스엘(SL)상사
3411,경축특식 떡세트,제2167부대,사군자식품
3412,바나나,제1군수지원사령부,주식회사 코빅후르츠
3413,추석 경축특식 과자세트,제1군수지원사령부,이평식품
3461,"밸브,버섯형,엔진용 등 2종",해군군수사령부,정우상사
3479,가락국수,급식유류계약팀,(주)면사랑
3480,국군의날 경축특식(빵세트) 제조(구매),제7789부대,주식회사 에스피씨삼립
3501,부식 방지제 등 22종,해군군수사령부,에쓰오일토탈에너지스윤활유 주식회사
3517,"밸브,버섯형,엔진용 등 3종",해군군수사령부,주식회사 슈플라스
3526,스프링노트 등 376종 구매,해군사관학교,행복한 동자네
3560,참치통조림 등 9종,해군 기동함대사령부,하늘상사
3586,"밸브,버섯형,엔진용 등 4종",해군군수사령부,성인산업주식회사
3587,"밸브,버섯형,엔진용 1종",해군군수사령부,수연상사
3588,김치냉장고 등 3종,해군작전사령부,주식회사 유민기업
3621,육군회관 및 용사의집 식자재 0000종 구매(연간단가),육군인사사령부,주식회사 에스피씨삼립
3632,미니수첩 등 107종,해군작전사령부,에이스철물건자재주식회사
3652,부식 방지제 등 21종,해군군수사령부,주식회사 티플러스
3653,체력단련장 식자재 000종 구매,육군인사사령부,주식회사 에스피씨삼립
3745,16-P-청룡회관 후반기 식자재 단가 계약,제9227부대,빌리브유통협동조합
3747,리미트로라 스위치 등 19종 구매,해군제3함대사령부,한림상사
3751,밥솥 25EA 구매,제9911부대,주식회사 가온산업
3775,스파게티소스,급식유류계약팀,(주)미정
3799,추석 경축특식(과자세트) 구매(제조),제7789부대,주식회사 이니스
3910,동명부대 급식류(배추김치 등 6종) 구매,제7789부대,매일식품주식회사
3979,고압인버터 등 21종(연평도),연평부대,인지로드
3987,(조달)3훈비 16년도 하반기 토성회관 식자재 육류,제3훈련비행단,농업회사법인주식회사 우리축산유통
3997,"밸브,버섯형,엔진용 등 2종",해군군수사령부,주식회사 부영상사
4010,(조달)3훈비 16년도 하반기 토성회관 식자재 공산물,제3훈련비행단,주식회사 푸른들
4068,떡볶이떡,급식유류계약팀,삼오종합식품 주식회사
4069,떡국떡,급식유류계약팀,삼오종합식품 주식회사
4084,참치 통조림 등 11품목 구매,제9해병여단,주식회사 심우
4092,쫄면,급식유류계약팀,(주)면사랑
4093,쫄면,급식유류계약팀,(주)면사랑
4094,쫄면,급식유류계약팀,(주)면사랑
4095,쫄면,급식유류계약팀,(주)면사랑
4240,16-2차 항과고/훈련단 식당 부식물 구매,공군교육사령부,원양에프엔지
4282,충민회관 식자재 구매(연평도),연평부대,한샘유통 주식회사
4286,"파인애플 5,290KG 구매",해군군수사령부,주식회사 류홀마트
4316,미니바이스 등 49종 구매,제8385부대,금성종합상사
4380,격오지 독서카페(120동) 제조설치,국군재정관리단,주식회사 디에스나이키
4438,샌드위치판넬 등 21종 구매,제7001부대,주광유통
4503,야채절단기외2종 구매,공군제15특수임무비행단,가나안테크
4505,"밸브,버섯형,엔진용 등 6종",해군군수사령부,에이스철물건자재주식회사
4536,"스프링,원통형,압축 등 11항목 구매(궤도)",육군군수사령부,진일사
4670,기름제거용지(롤형) 등 3종 구매,국군재정관리단,에스엘(SL)상사
4677,계란 등 92종 구매,제9911부대,에이치케이푸드
4695,00부대 하수처리장 바이오리엑터 등 3건 설치납품,육군교육사령부,(주)세진환경건설
4763,전기밥솥 등 3품목 구매,제3283부대,포항케이피엘(KPL)
4809,스프링 판형 등 7종,해군군수사령부,다올
4834,16년 학군후보생 하계입영훈련 증식 구매,육군학생군사학교,제일공사
4868,순두부,급식유류계약팀,엠플러스에프엔씨 주식회사
4869,순두부,급식유류계약팀,엠플러스에프엔씨 주식회사
4870,순두부,급식유류계약팀,엠플러스에프엔씨 주식회사
4871,순두부,급식유류계약팀,엠플러스에프엔씨 주식회사
4872,포장두부,급식유류계약팀,엠플러스에프엔씨 주식회사
4873,포장두부,급식유류계약팀,엠플러스에프엔씨 주식회사
4874,포장두부,급식유류계약팀,엠플러스에프엔씨 주식회사
4875,포장두부,급식유류계약팀,엠플러스에프엔씨 주식회사
4878,선택김치류(7지역),급식유류계약팀,주식회사 옥종합식품
4879,만두(군만두형),급식유류계약팀,주식회사 서원푸드
4880,만두(포자형),급식유류계약팀,주식회사 서원푸드
4925,계란 등 615종 구매 납품,국방부계룡대근무지원단,주식회사 에스피씨삼립
4948,가루비누(슈퍼타이 1kg) 구매,국방부계룡대근무지원단,오상종합상사
4986,스프링류,기동화력계약팀 (구:19.09.16),주식회사 선진스프링
4987,스파게티,급식유류계약팀,(주)한스코리아
5089,비빔냉면,급식유류계약팀,(주)동성식품
5090,비빔냉면,급식유류계약팀,(주)동성식품
5091,비빔냉면,급식유류계약팀,(주)동성식품
5092,비빔냉면,급식유류계약팀,(주)동성식품
5093,물냉면,급식유류계약팀,(주)동성식품
5094,물냉면,급식유류계약팀,(주)동성식품
5095,물냉면,급식유류계약팀,(주)동성식품
5096,물냉면,급식유류계약팀,(주)동성식품
5161,16년 포제휘장류,물자계약팀,좋아실업 주식회사
5162,16년 금속휘장류,물자계약팀,좋아실업 주식회사
5179,반찬냉장고 등 4종,제9181부대,조인
5238,감자칼 등 36종,제7001부대,주식회사 서진컨설팅
5298,"암,백미러용 등 11항목 제조(기장)",육군군수사령부,주식회사 에스피스틸
5319,16년 폭발효과묘사탄,유도무기계약팀 (구:19.09.16),한국씨앤오테크(주)
5322,망고음료,급식유류계약팀,델로스에프앤비 주식회사
5356,깍두기(임가공),급식유류계약팀,에스와이푸드 주식회사
5381,하늘회관 식자재,공군제5공중기동비행단,농업회사법인 주식회사 청송종합식품
5396,증식용 떡 및 케이크 제조납품,제2236부대,농업회사법인주식회사 시루와 떡메
5407,배추김치(임가공),급식유류계약팀,에스와이푸드 주식회사
5408,깍두기(완제품),급식유류계약팀,(주)늘푸른
5409,배추김치(완제품),급식유류계약팀,(주)동진푸드
5410,김장김치,급식유류계약팀,(주)동진푸드
5411,양파음료,급식유류계약팀,대경사과원예농업협동조합
5412,즉석쌀국수,급식유류계약팀,(주)한스코리아
5422,청룡회관 음료수 납품,제9227부대,롯데칠성음료구룡포대리점
5499,생수,제9181부대,이즈컴넷
5520,광컨버터 등 5품목 구매,제3283부대,포항케이피엘(KPL)
5527,양념분쇄기 20EA,해군군수사령부,미소건업
5577,볶음솥 등 26종 구매,제9911부대,나임상사
5611,16년 증식용 떡 및 케이크 구매,제1862부대,화천쌀가공협회영농조합법인
5616,선택김치류(7지역),급식유류계약팀,주식회사 옥종합식품
5617,선택김치류(6지역),급식유류계약팀,(주)임진강김치
5618,오렌지주스,급식유류계약팀,델로스에프앤비 주식회사
5620,복숭아음료,급식유류계약팀,대한민국고엽제전우회
5624,리치트럭 등 2종 구매,국군재정관리단,다훈산업
5633,"스프링,주 제어벨브용 등 22항목 구매(기장)",육군군수사령부,(주)서부에스코
5659,딸기잼,급식유류계약팀,(주)푸드웰
5786,16년 생일자 떡 케이크 제조납품,제2군단,농업회사법인주식회사 시루와 떡메
5787,16년 영내자 증식용 떡 제조납품,제2군단,농업회사법인주식회사 시루와 떡메
5806,머스타드소스,급식유류계약팀,(주)오뚜기
5807,타르타르소스,급식유류계약팀,주식회사 동원홈푸드
5825,"스프링,나선형,압축 등 34항목 구매(기장)",육군군수사령부,건양산업
5830,몽쉘 등 18종 구매,해군군수사령부,오상푸드시스템
5840,몽쉘 등 18종 구매,해군군수사령부,빌리브유통협동조합
5841,몽쉘 등 18종 구매,해군군수사령부,연우상사
5842,몽쉘 등 18종 구매,해군군수사령부,연우상사
5843,몽쉘 등 18종 구매,해군군수사령부,삼진유통
5844,몽쉘 등 18종 구매,해군군수사령부,오상푸드시스템
5845,몽쉘 등 18종 구매,해군군수사령부,오상푸드시스템
5846,몽쉘 등 18종 구매,해군군수사령부,다솔기업
5847,몽쉘 등 18종 구매,해군군수사령부,주식회사 류홀마트
5848,몽쉘 등 18종 구매,해군군수사령부,삼진유통
5849,몽쉘 등 18종 구매,해군군수사령부,연우상사
5850,몽쉘 등 18종 구매,해군군수사령부,연우상사
5851,몽쉘 등 18종 구매,해군군수사령부,빌리브유통협동조합
5852,몽쉘 등 18종 구매,해군군수사령부,연우상사
5853,몽쉘 등 18종 구매,해군군수사령부,연우상사
5854,몽쉘 등 18종 구매,해군군수사령부,연우상사
5869,카레소스,급식유류계약팀,태림농산
5870,카레소스,급식유류계약팀,태림농산
5871,카레소스,급식유류계약팀,태림농산
5872,카레소스,급식유류계약팀,태림농산
5873,자장소스,급식유류계약팀,태림농산
5874,자장소스,급식유류계약팀,태림농산
5875,자장소스,급식유류계약팀,태림농산
5876,자장소스,급식유류계약팀,태림농산
5877,선택김치류(8지역),급식유류계약팀,농업회사법인 한백냉장식품 주식회사
5878,선택김치류(5지역),급식유류계약팀,(주)임진강김치
5879,선택김치류(4지역),급식유류계약팀,농업회사법인 한백냉장식품 주식회사
5880,선택김치류(2지역),급식유류계약팀,농업회사법인 합자회사 이화종합식품
5881,선택김치류(1지역),급식유류계약팀,(주)한일코리아
5940,식자재 통합구매(연간 단가계약),특수전사령부,주식회사 현대그린푸드
5973,은마회관 식자재,공군제5공중기동비행단,농업회사법인 주식회사 청송종합식품
6014,고추참치통조림,급식유류계약팀,에스와이푸드 주식회사
6018,고추참치통조림,급식유류계약팀,남일종합식품산업사
6019,고추참치통조림,급식유류계약팀,에스와이푸드 주식회사
6020,고추참치통조림,급식유류계약팀,남일종합식품산업사
6051,2분기 식품검사 재료구매,제7789부대,랩피온
6166,락카스프레이 등 21종 1519점,공군제5공중기동비행단,비전부산
6213,양념치킨 소스,급식유류계약팀,태영식품
6214,게맛살,급식유류계약팀,(주)동원에프앤비
6215,생선묵(떡볶이),급식유류계약팀,주식회사늘푸른바다
6216,생선묵(떡볶이),급식유류계약팀,주식회사늘푸른바다
6217,생선묵(떡볶이),급식유류계약팀,주식회사늘푸른바다
6218,생선묵(떡볶이),급식유류계약팀,주식회사늘푸른바다
6219,생선묵(튀김),급식유류계약팀,주식회사늘푸른바다
6220,생선묵(튀김),급식유류계약팀,주식회사 체리푸드
6221,생선묵(튀김),급식유류계약팀,주식회사늘푸른바다
6222,생선묵(튀김),급식유류계약팀,주식회사늘푸른바다
6263,음료용 방청제외 10종 구매,국방부계룡대근무지원단,주식회사 에이원
6269,팝콘형 치킨,급식유류계약팀,(주)태림에프웰
6270,탕수육,급식유류계약팀,주식회사 한맥식품
6273,햄버거빵(2형),급식유류계약팀,유성씨앤에프(주)양주
6275,시리얼(쌀맛후레이크),급식유류계약팀,농심 켈로그 주식회사
6276,선택김치류(8지역),급식유류계약팀,주식회사 옥종합식품
6277,선택김치류(8지역),급식유류계약팀,농업회사법인 합자회사 이화종합식품
6278,선택김치류(8지역),급식유류계약팀,농업회사법인 합자회사 이화종합식품
6279,선택김치류(8지역),급식유류계약팀,농업회사법인 합자회사 이화종합식품
6280,선택김치류(7지역),급식유류계약팀,(주)늘푸른
6281,선택김치류(7지역),급식유류계약팀,농업회사법인 합자회사 이화종합식품
6282,선택김치류(6지역),급식유류계약팀,농업회사법인 합자회사 이화종합식품
6283,선택김치류(6지역),급식유류계약팀,세광식품(주)
6284,선택김치류(5지역),급식유류계약팀,세광식품(주)
6285,선택김치류(5지역),급식유류계약팀,(주)늘푸른
6286,선택김치류(4지역),급식유류계약팀,세광식품(주)
6287,선택김치류(4지역),급식유류계약팀,농업회사법인 합자회사 이화종합식품
6288,선택김치류(3지역),급식유류계약팀,(주)그린
6289,선택김치류(3지역),급식유류계약팀,농업회사법인 주식회사 봄내
6290,선택김치류(2지역),급식유류계약팀,미성식품(주)
6291,선택김치류(2지역),급식유류계약팀,(주)늘푸른
6292,선택김치류(1지역),급식유류계약팀,농업회사법인 합자회사 이화종합식품
6293,선택김치류(1지역),급식유류계약팀,농업회사법인 합자회사 이화종합식품
6294,깍두기(임가공),급식유류계약팀,(주)우리집식품
6295,깍두기(임가공),급식유류계약팀,(주)드림엘푸드
6296,깍두기(임가공),급식유류계약팀,농업회사법인 합자회사 이화종합식품
6297,깍두기(임가공),급식유류계약팀,세광식품(주)
6298,깍두기(임가공),급식유류계약팀,세광식품(주)
6299,깍두기(임가공),급식유류계약팀,(주)드림엘푸드
6300,깍두기(임가공),급식유류계약팀,주식회사 옥종합식품
6301,열무김치,급식유류계약팀,미성식품(주)
6302,열무김치,급식유류계약팀,(주)우리집식품
6303,열무김치,급식유류계약팀,농업회사법인 합자회사 이화종합식품
6304,열무김치,급식유류계약팀,농업회사법인 합자회사 이화종합식품
6305,열무김치,급식유류계약팀,농업회사법인 주식회사 봄내
6306,열무김치,급식유류계약팀,농업회사법인 주식회사 봄내
6307,열무김치,급식유류계약팀,에스와이푸드 주식회사
6308,열무김치,급식유류계약팀,농업회사법인 주식회사 봄내
6309,배추김치(임가공),급식유류계약팀,(주)우리집식품
6310,배추김치(임가공),급식유류계약팀,세광식품(주)
6311,배추김치(임가공),급식유류계약팀,(주)동진푸드
6312,배추김치(임가공),급식유류계약팀,농업회사법인 주식회사 봄내
6313,배추김치(임가공),급식유류계약팀,(주)동진푸드
6314,배추김치(임가공),급식유류계약팀,농업회사법인 주식회사 봄내
6315,배추김치(임가공),급식유류계약팀,농업회사법인 주식회사 봄내
6316,깍두기(완제품),급식유류계약팀,(주)우리집식품
6317,깍두기(완제품),급식유류계약팀,농업회사법인 합자회사 이화종합식품
6318,깍두기(완제품),급식유류계약팀,농업회사법인 주식회사 봄내
6319,깍두기(완제품),급식유류계약팀,농업회사법인 합자회사 이화종합식품
6320,깍두기(완제품),급식유류계약팀,농업회사법인 주식회사 봄내
6321,깍두기(완제품),급식유류계약팀,농업회사법인 합자회사 이화종합식품
6322,깍두기(완제품),급식유류계약팀,주식회사 옥종합식품
6323,배추김치(완제품),급식유류계약팀,(주)우리집식품
6324,배추김치(완제품),급식유류계약팀,에스와이푸드 주식회사
6325,배추김치(완제품),급식유류계약팀,에스와이푸드 주식회사
6326,배추김치(완제품),급식유류계약팀,(주)동진푸드
6327,배추김치(완제품),급식유류계약팀,주식회사 옥종합식품
6328,배추김치(완제품),급식유류계약팀,농업회사법인 주식회사 봄내
6329,배추김치(완제품),급식유류계약팀,주식회사 옥종합식품
6330,김장김치,급식유류계약팀,미성식품(주)
6331,김장김치,급식유류계약팀,세광식품(주)
6332,김장김치,급식유류계약팀,주식회사 옥종합식품
6333,김장김치,급식유류계약팀,주식회사 옥종합식품
6334,김장김치,급식유류계약팀,선화식품주식회사
6335,김장김치,급식유류계약팀,농업회사법인 합자회사 이화종합식품
6336,김장김치,급식유류계약팀,주식회사 옥종합식품
6337,핫도그빵,급식유류계약팀,상일제과주식회사
6338,핫도그빵,급식유류계약팀,유성씨앤에프(주)양주
6339,핫도그빵,급식유류계약팀,유성씨앤에프(주)양주
6340,핫도그빵,급식유류계약팀,상일제과주식회사
6341,햄버거빵(2형),급식유류계약팀,유성씨앤에프(주)양주
6342,햄버거빵(2형),급식유류계약팀,농업회사법인 보성파니피카 주식회사
6343,햄버거빵(2형),급식유류계약팀,농업회사법인 보성파니피카 주식회사
6346,"잠금밸브,스프링용 등 16항목 구매(기장)",육군군수사령부,삼호정밀
6353,김자반,급식유류계약팀,홍도식품
6354,조미김(8절형),급식유류계약팀,(주)디아이
6355,조미김(8절형),급식유류계약팀,홍도식품
6356,조미김(8절형),급식유류계약팀,(주)디아이
6357,조미김(8절형),급식유류계약팀,홍도식품
6358,조미김(8절형),급식유류계약팀,주식회사 장보고물산
6359,조미김(8절형),급식유류계약팀,(주)디아이
6360,조미김(8절형),급식유류계약팀,홍도식품
6361,조미김(8절형),급식유류계약팀,홍도식품
6362,골뱅이통조림,급식유류계약팀,에스와이푸드 주식회사
6363,골뱅이통조림,급식유류계약팀,에스와이푸드 주식회사
6364,골뱅이통조림,급식유류계약팀,에스와이푸드 주식회사
6365,골뱅이통조림,급식유류계약팀,에스와이푸드 주식회사
6376,딸기잼,급식유류계약팀,세복식품
6379,오이피클,급식유류계약팀,주식회사 엔엘푸드
6380,식초,급식유류계약팀,(주)오뚜기
6381,딸기잼,급식유류계약팀,세복식품
6382,딸기잼,급식유류계약팀,세복식품
6402,바나나 구매,제7789부대,주식회사 코빅후르츠
6403,부식류 재포장 재료,제1군수지원사령부,주식회사 심우
6414,"스프링,소용돌이형 등 37항목 제조(궤도)",육군군수사령부,(주)서부에스코
6431,육개장 등 15종,제9181부대,나임상사
6516,중식도 등 17종,해군작전사령부,(주) 건영패밀리
6518,전투식량2형,급식유류계약팀,주식회사 샬롬
6519,전투식량2형,급식유류계약팀,주식회사 샬롬
6520,전투식량2형,급식유류계약팀,주식회사 에스아이케이
6522,특전복,물자계약팀,엠플러스에프엔씨 주식회사
6553,16-030(음식물쓰레기 처리기),공군 작사예하 방포사예하 제3여단,유진시스템
6579,햄머드릴 등 12종 구매,제3170부대,오상푸드시스템
6597,불고기용혼합양념(쇠고기용),급식유류계약팀,세복식품
6598,불고기용혼합양념(돼지고기용),급식유류계약팀,세복식품
6599,불고기용혼합양념(돼지고기용),급식유류계약팀,세복식품
6600,불고기용혼합양념(돼지고기용),급식유류계약팀,세복식품
6601,불고기용혼합양념(돼지고기용),급식유류계약팀,세복식품
6602,불고기용혼합양념(쇠고기용),급식유류계약팀,세복식품
6603,불고기용혼합양념(쇠고기용),급식유류계약팀,세복식품
6604,불고기용혼합양념(쇠고기용),급식유류계약팀,주식회사 체리푸드
6629,16년 장교간부식당 김치류 2종 구매,공군교육사령부,송이식품
6630,16년 장교간부식당 식자재 구매,공군교육사령부,(주)아워홈 영남영업소
6655,햄슬라이스,급식유류계약팀,(주)태림에프웰
6656,햄슬라이스,급식유류계약팀,(주)태림에프웰
6657,햄슬라이스,급식유류계약팀,(주)태림에프웰
6658,햄슬라이스,급식유류계약팀,(주)태림에프웰
6662,불교의식용 원백초 구매,육군본부,금강아이티
6694,즉석쌀국수,급식유류계약팀,(주)미정
6695,즉석쌀국수,급식유류계약팀,(주)한스코리아
6696,즉석쌀국수,급식유류계약팀,(주)미정
6745,해물비빔소스,급식유류계약팀,(주)그린
6746,해물비빔소스,급식유류계약팀,태림농산
6747,해물비빔소스,급식유류계약팀,태림농산
6748,해물비빔소스,급식유류계약팀,태림농산
6749,육고기비빔소스,급식유류계약팀,태림농산
6750,육고기비빔소스,급식유류계약팀,태림농산
6751,육고기비빔소스,급식유류계약팀,태림농산
6752,육고기비빔소스,급식유류계약팀,태림농산
6754,시리얼(초코맛후레이크),급식유류계약팀,동서식품주식회사
6757,시리얼(옥수수맛후레이크),급식유류계약팀,농심 켈로그 주식회사
6759,감자튀김,급식유류계약팀,주식회사 만구
6771,16년 식용 얼음 구매,제2167부대,영광식품
6801,비엔나소시지,급식유류계약팀,(주)사조대림
6803,돈까스,급식유류계약팀,(주)디아이
6804,돈까스,급식유류계약팀,(주)디아이
6805,돈까스,급식유류계약팀,주식회사 만구
6806,돈까스,급식유류계약팀,주식회사 만구
6807,고추장,급식유류계약팀,주식회사 참고을
6808,된장,급식유류계약팀,주식회사 참고을
6834,마일드참치통조림 등 6종 구매,제9911부대,삼진유통
6905,돈삼겹(국내산) 등 10종,제9181부대,제일공사
6918,철재류 스프링강선등87종구매,육군종합정비창,주식회사 우경엔텍
6955,미트볼,급식유류계약팀,주식회사 만구
6958,새우 패티,급식유류계약팀,(주)복천식품
6959,새우 패티,급식유류계약팀,(주)복천식품
6960,새우 패티,급식유류계약팀,(주)태림에프웰
6961,새우 패티,급식유류계약팀,(주)디아이
6962,불고기패티 2형,급식유류계약팀,(주)태림에프웰
6963,불고기패티 2형,급식유류계약팀,주식회사 하이푸드텍
6964,불고기패티 2형,급식유류계약팀,주식회사 하이푸드텍
6965,불고기패티 2형,급식유류계약팀,주식회사 하이푸드텍
6966,미트볼,급식유류계약팀,(주)디아이
6967,미트볼,급식유류계약팀,(주)디아이
6968,미트볼,급식유류계약팀,(주)디아이
6972,천일염,급식유류계약팀,영백솔트영어조합법인
6973,마요네즈,급식유류계약팀,(주)오뚜기
6975,치즈,급식유류계약팀,매일유업(주)
6987,16년 부식 재포장재료 구매,제2167부대,주식회사 심우
7014,복합조미료(쇠고기맛),급식유류계약팀,주식회사 두원식품
7015,사과주스,급식유류계약팀,델로스에프앤비 주식회사
7016,사과주스,급식유류계약팀,대한민국고엽제전우회
7017,사과주스,급식유류계약팀,매일유업(주)
7018,포도주스,급식유류계약팀,델로스에프앤비 주식회사
7019,포도주스,급식유류계약팀,대한민국고엽제전우회
7020,포도주스,급식유류계약팀,매일유업(주)
7021,단무지,급식유류계약팀,농업회사법인 조인(주)맹동지점
7026,증식류 어묵바 구매,5군수지원사령부,월드씨앤씨
7037,락카스프레이 등 71종,제9181부대,오상종합상사
7046,햄,급식유류계약팀,(주)복천식품
7047,햄,급식유류계약팀,(주)복천식품
7048,햄,급식유류계약팀,(주)복천식품
7049,햄,급식유류계약팀,(주)복천식품
7050,소시지 2형,급식유류계약팀,(주)태림에프웰
7051,소시지 2형,급식유류계약팀,(주)태림에프웰
7052,소시지 2형,급식유류계약팀,주식회사 체리푸드
7053,소시지 2형,급식유류계약팀,(주)태림에프웰
7054,소시지,급식유류계약팀,(주)태림에프웰
7055,소시지,급식유류계약팀,(주)태림에프웰
7056,소시지,급식유류계약팀,(주)태림에프웰
7057,소시지,급식유류계약팀,(주)태림에프웰
7059,표고버섯 가루,급식유류계약팀,삼오종합식품 주식회사
7060,감자전분,급식유류계약팀,농업회사법인 합자회사 이화종합식품
7061,볶은참깨,급식유류계약팀,오뚜기제유 주식회사
7063,'16년 부식분배용 위생 및 포장재료 구매,제7789부대,한성산업
7078,'16년 부식분배용 위생 및 포장재료 구매,제7789부대,한성산업
7107,의약품(싸이로카인 스프레이 등 193종)구매,제5738부대,이안상사
7172,00레스텔 등 식자재 000종 구매(연간 단가계약),제7821부대,삼성웰스토리 주식회사
7174,토마토케첩,급식유류계약팀,주식회사 동원홈푸드
7198,콜라 등 28종 구매,제2002부대,비아(VIA)
7205,16년 증식용 떡 및 케이크 구매,제15보병사단,소당식품
7207,혼합간장,급식유류계약팀,성심마스타푸드
7208,건빵,급식유류계약팀,상일제과주식회사
7209,건빵,급식유류계약팀,상일제과주식회사
7210,건빵,급식유류계약팀,상일제과주식회사
7211,건빵,급식유류계약팀,상일제과주식회사
7236,튀김가루,급식유류계약팀,씨제이제일제당주식회사
7243,수중부식측정기 등 16종 구매,국군재정관리단,주식회사 코니아이앤씨
7253,국수 등 130종 구매,해군제3함대사령부,주식회사 형제푸드
7254,국수 등 130종 구매,해군제3함대사령부,주식회사 형제푸드
7255,국수 등 130종 구매,해군제3함대사령부,주식회사 형제푸드
7257,국수 등 130종 구매,해군제3함대사령부,주식회사 형제푸드
7258,배추김치(절단) 등 7종 구매,해군제3함대사령부,(주)이씨네식품 전남지사
7265,후춧가루,급식유류계약팀,오뚜기제유 주식회사
7285,건조마우스프레스(사진용)등 2품목,제9691부대,주연ICT
7306,축산물(계란 등 52종)구매 납품,국방부계룡대근무지원단,주식회사 동원홈푸드
7311,김치냉장고 등 12종,제9227부대,한솔ENT
7320,K1스프링등19종구매,육군종합정비창,주식회사 세운하이테크
7326,기름보일러 등 59종 450점,공군제5공중기동비행단,세기상사
7345,샐러드용 찬받드 냉장고 4EA,제7001부대,주식회사 서진컨설팅
7357,감귤(성수기/비수기) 등 31종 구매,해군제3함대사령부,신용상사
7358,돼지고기(삼겹살) 등 7종 구매,해군제3함대사령부,신용상사
7390,00지역 간부식당 식자재 구매,국방부계룡대근무지원단,주식회사 동원홈푸드
7411,농산물(가지 등 181종)구매 납품,국방부계룡대근무지원단,무등농산 주식회사
7414,참기름,급식유류계약팀,주식회사 참고을
7415,고추맛기름,급식유류계약팀,영미산업(주)
7416,물엿,급식유류계약팀,동희 주식회사
7521,한식간장,급식유류계약팀,삼오종합식품 주식회사
7522,쌈장,급식유류계약팀,삼오종합식품 주식회사
7578,바나나,제1군수지원사령부,콩앤별
7597,"통,탄산가스용 334EA",해군군수사령부,에이스철물건자재주식회사
7634,16년 생수 구매(제조 또는 구매),제2167부대,스파클주식회사
7652,신장 스프링 등 10종,해군군수사령부,한성
7677,멸균흰우유 등 4종 구매,제9911부대,서울우유심곡대리점
7680,전기밥솥 등 3종,제9181부대,엔젤
7681,된장 등 48품목 구매,제3283부대,오상푸드시스템
7704,"리셉터클, 육전 연결용 등 4종",해군군수사령부,주식회사 우영물산
7711,전기튀김기 1구 등 15종,연평부대,금성
7714,사과 등 4종 구매,제9911부대,다모아유통
7715,혼합프레스햄 등 9종 구매,제9911부대,다모아유통
7716,단무지 등 94종 구매,제9911부대,(주)한일코리아
7759,콩조림 등 7종 구매,제9911부대,미가온
7760,돈등뼈 등 6종 구매,제9911부대,한샘유통 주식회사
7761,배추썰은 포기김치 등 8종 제조 납품,제9911부대,에스와이푸드 주식회사
7762,콜라 등 11종 구매,제9911부대,한샘유통 주식회사
7767,"'16년 상승레스텔 등 식자재 납품(서울,경기)",제7군단,농업회사법인가락농산물(주)
7784,독수리 식자재(가공),제20전투비행단,보람영농조합법인
7785,독수리 식자재(축산),제20전투비행단,보람영농조합법인
7786,독수리 식자재(수산),제20전투비행단,보람영농조합법인
7787,독수리 식자재(농산),제20전투비행단,예산야채종합유통(집단급식사업소)
7808,비강지혈거즈1항묵 구매(물품),육군군수사령부,에스비네트웍스
7829,참치통조림 등 8종 구매,해군군수사령부,삼진유통
7830,참치통조림 등 8종 구매,해군군수사령부,다솔기업
7831,참치통조림 등 8종 구매,해군군수사령부,다솔기업
7832,참치통조림 등 8종 구매,해군군수사령부,주식회사 류홀마트
7833,참치통조림 등 8종 구매,해군군수사령부,주식회사 류홀마트
7834,참치통조림 등 8종 구매,해군군수사령부,주식회사 류홀마트
7835,참치통조림 등 8종 구매,해군군수사령부,주식회사 류홀마트
7836,참치통조림 등 8종 구매,해군군수사령부,다솔기업
7837,16-1차 식품검사대 검사재료 구매,제1군수지원사령부,랩피온
7844,포기김치 등 3종 제조 납품,제9911부대,농업회사법인 합자회사 이화종합식품
7869,치킨 포장용기 구매,해군군수사령부,동아종합인쇄사
7871,16-1차 항과고/훈련단 식당 부식물 구매,공군교육사령부,원양에프엔지
7880,잔농속성시약 등 00종(식품검사재료) 구매,5군수지원사령부,우진상사
7926,증식류 용기어묵 구매,5군수지원사령부,청윤
7935,광컨버터 등 120종 구매,제2002부대,조광전기
7953,계란 등 14종 구매,제9911부대,주식회사이지비네푸드
7959,스모크햄 등 2종,해군 기동함대사령부,제주처럼 영농조합법인
7961,돈등뼈 등 7종,해군작전사령부,서진유통
7962,간장고추지 등 12종,해군작전사령부,미가온
7963,일반우유 등 19종,해군작전사령부,삼진유통
7964,배추김치 등 8종,해군작전사령부,고려냉장식품 주식회사
7965,감귤 등 14종,해군작전사령부,서진유통
7966,감자수제비 등 87종,해군작전사령부,(주)사조대림
7996,쌀떡볶이 구매(구매 또는 제조),제2167부대,농가식품
8006,냉동꽃게 등 5종,해군작전사령부,다원물산
8007,연어통조림 등 11품목,해군 기동함대사령부,오도유통
8016,국수(소면) 등 13종 구매,제8385부대,(뉴)대영유통
8021,00부대 간부식당 식자재 구매(육류),제7851부대,(주)이십일세기미트뱅크
8022,"00부대 간부식당 식자재 계약(농수산,가공품 등)",제7851부대,주식회사 현대그린푸드
8079,스프링등6종구매,육군종합정비창,주식회사 세운하이테크
8105,배추김치(포기) 등 10종 제조,해군군수사령부,(주) 자연에프엔에스
8106,배추김치(포기) 등 10종 제조,해군군수사령부,남경식품(참그린김치)
8107,배추김치(포기) 등 10종 제조,해군군수사령부,남경식품(참그린김치)
8108,배추김치(포기) 등 10종 제조,해군군수사령부,고려냉장식품 주식회사
8109,배추김치(포기) 등 10종 제조,해군군수사령부,고려냉장식품 주식회사
8110,배추김치(포기) 등 10종 제조,해군군수사령부,고려냉장식품 주식회사
8111,배추김치(포기) 등 10종 제조,해군군수사령부,고려냉장식품 주식회사
8112,배추김치(포기) 등 10종 제조,해군군수사령부,농업회사법인 주식회사 제이엠푸드
8113,배추김치(포기) 등 10종 제조,해군군수사령부,영주식품
8114,배추김치(포기) 등 10종 제조,해군군수사령부,영주식품
8115,모듬콩조림 등 14종 구매,해군군수사령부,주식회사 사람과사람들
8116,모듬콩조림 등 14종 구매,해군군수사령부,주식회사 사람과사람들
8117,모듬콩조림 등 14종 구매,해군군수사령부,주식회사 사람과사람들
8118,모듬콩조림 등 14종 구매,해군군수사령부,주식회사 류홀마트
8119,모듬콩조림 등 14종 구매,해군군수사령부,빌리브유통협동조합
8120,모듬콩조림 등 14종 구매,해군군수사령부,빌리브유통협동조합
8121,모듬콩조림 등 14종 구매,해군군수사령부,연우상사
8122,모듬콩조림 등 14종 구매,해군군수사령부,연우상사
8123,모듬콩조림 등 14종 구매,해군군수사령부,연우상사
8124,모듬콩조림 등 14종 구매,해군군수사령부,연우상사
8125,모듬콩조림 등 14종 구매,해군군수사령부,연우상사
8126,모듬콩조림 등 14종 구매,해군군수사령부,연우상사
8127,모듬콩조림 등 14종 구매,해군군수사령부,연우상사
8128,모듬콩조림 등 14종 구매,해군군수사령부,연우상사
8129,증·후식류 생수 구매,5군수지원사령부,롯데제과 주식회사
8156,예비군 도시락 제조납품(1권역),육군 제37보병사단,주식회사 엘엔에프 농업회사법인
8167,순살조각닭 등 6종 구매,해군군수사령부,주식회사 사람과사람들
8168,냉장염지조각닭 등 7종 구매,해군군수사령부,주식회사 사람과사람들
8195,멸균딸기우유 등 2종 구매,해군군수사령부,주식회사 교성
8196,멸균딸기우유 등 2종 구매,해군군수사령부,서울우유 진해중부고객센터
8197,이온음료 등 2종 구매,해군군수사령부,콩앤별
8198,이온음료 등 2종 구매,해군군수사령부,에스엘(SL)상사
8199,냉면육수 등 31종 구매,해군군수사령부,주식회사 사람과사람들
8200,냉면육수 등 31종 구매,해군군수사령부,삼진유통
8201,냉면육수 등 31종 구매,해군군수사령부,삼진유통
8202,냉면육수 등 31종 구매,해군군수사령부,연우상사
8203,냉면육수 등 31종 구매,해군군수사령부,콩앤별
8204,냉면육수 등 31종 구매,해군군수사령부,농업회사법인 주식회사 청송종합식품
8205,냉면육수 등 31종 구매,해군군수사령부,한샘유통 주식회사
8206,냉면육수 등 31종 구매,해군군수사령부,주식회사 사람과사람들
8207,냉면육수 등 31종 구매,해군군수사령부,농업회사법인 주식회사 청송종합식품
8208,냉면육수 등 31종 구매,해군군수사령부,콩앤별
8209,냉면육수 등 31종 구매,해군군수사령부,농업회사법인 주식회사 청송종합식품
8210,냉면육수 등 31종 구매,해군군수사령부,주식회사 금오식품
8211,냉면육수 등 31종 구매,해군군수사령부,다솔기업
8212,냉면육수 등 31종 구매,해군군수사령부,콩앤별
8213,냉면육수 등 31종 구매,해군군수사령부,연우상사
8214,냉면육수 등 31종 구매,해군군수사령부,삼진유통
8215,냉면육수 등 31종 구매,해군군수사령부,연우상사
8216,냉면육수 등 31종 구매,해군군수사령부,주식회사 사람과사람들
8217,냉면육수 등 31종 구매,해군군수사령부,연우상사
8218,냉면육수 등 31종 구매,해군군수사령부,연우상사
8219,냉면육수 등 31종 구매,해군군수사령부,에스엘(SL)상사
8220,냉면육수 등 31종 구매,해군군수사령부,연우상사
8221,냉면육수 등 31종 구매,해군군수사령부,콩앤별
8222,냉면육수 등 31종 구매,해군군수사령부,주식회사 사람과사람들
8223,냉면육수 등 31종 구매,해군군수사령부,빌리브유통협동조합
8224,냉면육수 등 31종 구매,해군군수사령부,주식회사 사람과사람들
8225,냉면육수 등 31종 구매,해군군수사령부,다솔기업
8226,냉면육수 등 31종 구매,해군군수사령부,다솔기업
8227,냉면육수 등 31종 구매,해군군수사령부,다솔기업
8228,냉면육수 등 31종 구매,해군군수사령부,삼진유통
8231,바나나 구매,제7789부대,주식회사 사람과사람들
8254,마가렛트 등 43품목,해군 기동함대사령부,제주처럼 영농조합법인
8255,깻잎무침 등 12품목,해군 기동함대사령부,농업회사법인한백푸드유한회사
8256,그린키위 등 28품목,해군 기동함대사령부,제주처럼 영농조합법인
8257,감자수제비 등 23품목,해군 기동함대사령부,기리유통
8258,반판두부 등 14품목,해군 기동함대사령부,제주처럼 영농조합법인
8259,무김치 등 8종 제조 납품,제8385부대,(주)한일코리아
8264,16-025 가공탕수육등 165종,공군사관학교,주식회사푸드라인
8268,해물모듬완자 등 31종 구매,해군군수사령부,삼진유통
8269,해물모듬완자 등 31종 구매,해군군수사령부,농업회사법인 주식회사 청송종합식품
8270,해물모듬완자 등 31종 구매,해군군수사령부,연우상사
8271,해물모듬완자 등 31종 구매,해군군수사령부,주식회사 류홀마트
8272,해물모듬완자 등 31종 구매,해군군수사령부,오상푸드시스템
8273,해물모듬완자 등 31종 구매,해군군수사령부,콩앤별
8274,해물모듬완자 등 31종 구매,해군군수사령부,연우상사
8275,해물모듬완자 등 31종 구매,해군군수사령부,삼진유통
8276,해물모듬완자 등 31종 구매,해군군수사령부,연우상사
8277,해물모듬완자 등 31종 구매,해군군수사령부,연우상사
8278,해물모듬완자 등 31종 구매,해군군수사령부,삼진유통
8279,해물모듬완자 등 31종 구매,해군군수사령부,농업회사법인 주식회사 청송종합식품
8280,해물모듬완자 등 31종 구매,해군군수사령부,삼진유통
8281,해물모듬완자 등 31종 구매,해군군수사령부,삼진유통
8282,해물모듬완자 등 31종 구매,해군군수사령부,삼진유통
8283,해물모듬완자 등 31종 구매,해군군수사령부,삼진유통
8284,해물모듬완자 등 31종 구매,해군군수사령부,주식회사 사람과사람들
8285,해물모듬완자 등 31종 구매,해군군수사령부,연우상사
8286,해물모듬완자 등 31종 구매,해군군수사령부,삼진유통
8287,해물모듬완자 등 31종 구매,해군군수사령부,삼진유통
8288,해물모듬완자 등 31종 구매,해군군수사령부,삼진유통
8289,해물모듬완자 등 31종 구매,해군군수사령부,삼진유통
8290,해물모듬완자 등 31종 구매,해군군수사령부,삼진유통
8291,해물모듬완자 등 31종 구매,해군군수사령부,삼진유통
8292,해물모듬완자 등 31종 구매,해군군수사령부,삼진유통
8293,해물모듬완자 등 31종 구매,해군군수사령부,삼진유통
8294,해물모듬완자 등 31종 구매,해군군수사령부,삼진유통
8295,해물모듬완자 등 31종 구매,해군군수사령부,오상푸드시스템
8296,해물모듬완자 등 31종 구매,해군군수사령부,삼진유통
8303,증식류 크림빵 구매,5군수지원사령부,영베이커리
8311,증식류 초코머핀 구매,5군수지원사령부,유한회사징코푸드시스템
8312,증식류 소시지빵 구매,5군수지원사령부,유한회사징코푸드시스템
8313,증식류 피자빵 구매,5군수지원사령부,영베이커리
8314,증식류 피자빵 구매,5군수지원사령부,영베이커리
8315,증식류 크림빵 구매,5군수지원사령부,영베이커리
8339,어묵탕(용기) 구매(구매 또는 제조),제2167부대,씨제이 푸드빌(주)
8340,증식류 소시지바 구매,5군수지원사령부,(주)한덩이
8341,증식류 용기떡볶이 구매,5군수지원사령부,영광식품
8342,증식류 크런키형 초코바 구매,5군수지원사령부,롯데칠성음료(주)
8343,증식류 견과류형 초코바 구매,5군수지원사령부,(주)동진푸드
8344,증식류 초코머핀 구매,5군수지원사령부,유한회사징코푸드시스템
8345,증식류 소시지빵 구매,5군수지원사령부,유한회사징코푸드시스템
8346,증식류 피자빵 구매,5군수지원사령부,영베이커리
8356,냉동꽃게 등 3종 구매,제8385부대,(뉴)대영유통
8377,신병증식용 치즈케이크 구매(제조),제2167부대,유한회사징코푸드시스템
8378,콘브레드(제조),제2167부대,유한회사징코푸드시스템
8379,특근자용 치즈케이크(제조),제2167부대,유한회사징코푸드시스템
8383,콜라 등 18종,해군 기동함대사령부,신명
8401,냉동오리고기 등 5종 구매,제8385부대,엠플러스에프엔씨 주식회사
8402,포장두부 등 5종 구매,제8385부대,(뉴)대영유통
8403,멸균흰우유 등 3종 구매,제8385부대,원주유통대리점
8404,이온음료 등 4종 구매,제8385부대,(뉴)대영유통
8405,핫도그 등 50종 구매,제8385부대,농심태경 주식회사
8406,핫바 등 27종 구매,해군군수사령부,삼진유통
8408,핫바 등 27종 구매,해군군수사령부,오상푸드시스템
8409,핫바 등 27종 구매,해군군수사령부,주식회사 금오식품
8410,핫바 등 27종 구매,해군군수사령부,한샘유통 주식회사
8411,핫바 등 27종 구매,해군군수사령부,주식회사 사람과사람들
8412,핫바 등 27종 구매,해군군수사령부,삼진유통
8413,핫바 등 27종 구매,해군군수사령부,삼진유통
8414,핫바 등 27종 구매,해군군수사령부,연우상사
8415,핫바 등 27종 구매,해군군수사령부,삼진유통
8416,핫바 등 27종 구매,해군군수사령부,한샘유통 주식회사
8417,핫바 등 27종 구매,해군군수사령부,한샘유통 주식회사
8418,핫바 등 27종 구매,해군군수사령부,주식회사 류홀마트
8419,핫바 등 27종 구매,해군군수사령부,한샘유통 주식회사
8420,핫바 등 27종 구매,해군군수사령부,한샘유통 주식회사
8421,핫바 등 27종 구매,해군군수사령부,삼진유통
8422,핫바 등 27종 구매,해군군수사령부,삼진유통
8423,핫바 등 27종 구매,해군군수사령부,한샘유통 주식회사
8424,핫바 등 27종 구매,해군군수사령부,주식회사 금오식품
8425,핫바 등 27종 구매,해군군수사령부,에스엘(SL)상사
8426,핫바 등 27종 구매,해군군수사령부,삼진유통
8427,핫바 등 27종 구매,해군군수사령부,연우상사
8428,핫바 등 27종 구매,해군군수사령부,연우상사
8429,핫바 등 27종 구매,해군군수사령부,삼진유통
8430,핫바 등 27종 구매,해군군수사령부,연우상사
8431,핫바 등 27종 구매,해군군수사령부,한샘유통 주식회사
8432,핫바 등 27종 구매,해군군수사령부,연우상사
8433,핫바 등 27종 구매,해군군수사령부,주식회사 금오식품
8441,코카콜라 등 14종 구매,해군군수사령부,콩앤별
8442,코카콜라 등 14종 구매,해군군수사령부,연우상사
8443,코카콜라 등 14종 구매,해군군수사령부,연우상사
8444,코카콜라 등 14종 구매,해군군수사령부,에스엘(SL)상사
8445,코카콜라 등 14종 구매,해군군수사령부,콩앤별
8446,코카콜라 등 14종 구매,해군군수사령부,콩앤별
8447,코카콜라 등 14종 구매,해군군수사령부,에스엘(SL)상사
8448,코카콜라 등 14종 구매,해군군수사령부,연우상사
8449,코카콜라 등 14종 구매,해군군수사령부,콩앤별
8450,코카콜라 등 14종 구매,해군군수사령부,연우상사
8451,코카콜라 등 14종 구매,해군군수사령부,연우상사
8452,코카콜라 등 14종 구매,해군군수사령부,에스엘(SL)상사
8453,코카콜라 등 14종 구매,해군군수사령부,에스엘(SL)상사
8470,식품작업용그릇 등 8종 구매,국군재정관리단,(주)선경물산
8481,시네츄라 시럽 등 81종,해군작전사령부,티엠이바이오 주식회사
8534,16- 백령도 빵류 납품,제9196부대,주식회사 동영상사
8546,락카스프레이황색등24종구매,육군종합정비창,한결통상
8565,1분기 식품검사 재료 구매,제7789부대,랩피온
8578,쇠고기장조림 등 4종(연평도),연평부대,미가온
8580,쇠고기장조림 등 4종(연평도),연평부대,미가온
8583,감자 등 170종 구매(거문도),해군제3함대사령부,다담
8606,16년 장교후보생 증식 구매,육군학생군사학교,대경충북유통
8625,간장 등 82종 구매,제9911부대,주식회사 대선에프에스
8626,가오리 등 25종 구매,제9911부대,에이치케이푸드
8632,짜장컵밥 구매,제2167부대,주식회사 에스아이케이
8634,16년 영내자증식용 떡 구매,육군학생군사학교,선데이몽키
8641,신병증식용 핫바 구매,제2167부대,대승상사
8642,탄산음료 구매,제2167부대,(주)제이에스와이글로벌
8643,특근자용 핫바 구매,제2167부대,(주)일화
8644,허니감자스낵 구매,제2167부대,(주)동진푸드
8647,미니 수정테이프 등 153종,해군본부,(주)에스티에스 충남지사
8658,16년 증식용 떡 및 케이크 구매,제1288부대,소당식품
8659,핫바 구매,제7789부대,청윤
8660,증식용 떡 및 생일자 케익크 제조납품,제3697부대,해피21세기
8661,증식용 떡 및 생일자 케익크 제조납품,제3697부대,해피21세기
8667,16-백령도 김치류 납품,제9196부대,농업회사법인 주식회사 봉산식품
8668,16-백령도 두채류 구매,제9196부대,주식회사 이니스
8669,16-소청도 부대조달부식 구매,제9196부대,코리아식품주식회사
8670,16-대청도 부대조달부식 구매,제9196부대,주식회사 이니스
8671,16-백령도 기호식품 구매,제9196부대,롯데칠성음료(주)
8673,16-백령도 가공식품류 구매,제9196부대,호미식품
8674,16-백령도 분식류 구매,제9196부대,에스와이푸드 주식회사
8675,16-백령도 도서전투부식 구매,제9196부대,주식회사 에스피씨삼립
8676,한줌견과 구매,제2167부대,롯데칠성음료(주)
8677,떠먹는 젤리 구매,제2167부대,주식회사 에스피씨삼립
8678,짜먹는발효유 구매,제2167부대,주식회사 에스피씨삼립
8679,떠먹는발효유 구매,제2167부대,주식회사 에치와이
8680,마시는발효유 구매,제2167부대,(주)비락
8681,알로에음료 구매,제2167부대,주식회사 에스피씨삼립
8682,이온음료 구매,제2167부대,미가온
8683,혼합음료 구매,제2167부대,미가온
8684,탄산수 구매,제2167부대,주식회사 엔에이치
8685,과일탄산 구매,제2167부대,농심태경 주식회사
8686,식혜 구매,제2167부대,(주) 현대그린푸드
8687,콜라 구매,제2167부대,태림농산
8688,바나나우유 구매,제2167부대,(주)청우식품
8689,팥빙수 구매,제2167부대,용마로지스주식회사
8690,팩형 아이스크림 구매,제2167부대,한샘유통 주식회사
8691,콘형 아이스크림 구매,제2167부대,(주)라벨리
8692,컵형 아이스크림 구매,제2167부대,씨제이프레시웨이 주식회사
8693,샌드형 아이스크림 구매,제2167부대,(주)사조대림
8728,소시지,제1군수지원사령부,주식회사 엠디원
8737,어묵(용기),제1군수지원사령부,씨제이 푸드빌(주)
8799,감자칼 등 80종,해군작전사령부,뿌리깊은나무
8801,초코렛 구매,제7789부대,주식회사 제일코리아인터내셔널
8804,소시지 구매,제7789부대,대성푸드시스템
8805,소시지 구매,제7789부대,탑푸드시스템
8808,무배추김치(김장) 등 8종(연평도),연평부대,농업회사법인 한백냉장식품 주식회사
8809,콩나물 등 3종(연평도),연평부대,NH
8810,이온음료 등 17종(연평도),연평부대,엠플러스에프엔씨 주식회사
8811,쌀 햄버거빵 등 40종(연평도),연평부대,(주)사조대림
8812,단무지 등 53종(연평도),연평부대,주식회사 대선에프에스
8814,K1전차 스프링등11종구매,육군종합정비창,현대정밀가스켓
8825,K9스프링등8종구매,육군종합정비창,협신정밀
8831,과일푸딩,제1군수지원사령부,(주)빙그레
8832,파이형 쿠키,제1군수지원사령부,(주) 현대그린푸드
8833,초코바,제1군수지원사령부,해태제과식품(주)
8834,초코맛 쿠키,제1군수지원사령부,씨제이제일제당주식회사
8835,컵스프,제1군수지원사령부,에스엘(SL)상사
8836,미니약과,제1군수지원사령부,에스티알(주)
8837,샌드형 쿠키,제1군수지원사령부,주식회사 두준
8838,스낵류,제1군수지원사령부,태산기업
8839,피자빵,제1군수지원사령부,영베이커리
8840,바나나맛 우유,제1군수지원사령부,(주)빙그레
8842,"콜라 11,632EA 구매",해군교육사령부,한길
8844,간장 등 144종,해군교육사령부,지(g)-마트
8866,후식류 마시는 발효유 구매,5군수지원사령부,씨제이프레시웨이 주식회사
8874,김치냉장고 2대,해군작전사령부,(주) 건영패밀리
8875,피자빵 등 1종 구매(연평도),연평부대,제이준코리아 주식회사
8882,체력단련장 식자재 000종 구매,육군인사사령부,주식회사 에스피씨삼립
8883,00학교 생도증식 구매,국군간호사관학교,한길상사
8884,견과류(한줌),제1군수지원사령부,(주)한일코리아
8887,후식류 과일푸딩 구매,5군수지원사령부,용마로지스주식회사
8888,후식류 견과류 세트 구매,5군수지원사령부,(주) 현대그린푸드
8889,후식류 떠먹는 발효유 구매,5군수지원사령부,(주)비락
8890,후식류 튜브형 아이스크림 구매,5군수지원사령부,주식회사 에스피씨삼립
8891,후식류 팩형 아이스크림 구매,5군수지원사령부,씨제이 푸드빌(주)
8892,후식류 팥빙수 아이스크림 구매,5군수지원사령부,롯데제과 주식회사
8893,후식류 샌드형 아이스크림 구매,5군수지원사령부,(주)빙그레
8894,후식류 콘형 아이스크림 구매,5군수지원사령부,롯데칠성음료(주)
8895,후식류 쌀음료 구매,5군수지원사령부,라임물산
8896,후식류 이온음료 구매,5군수지원사령부,농심태경 주식회사
8897,후식류 식혜 구매,5군수지원사령부,롯데칠성음료(주)
8898,팥빙수,제1군수지원사령부,(유)목양
8899,탄산음료,제1군수지원사령부,(주)팔도
8900,커피음료,제1군수지원사령부,동화약품(주)
8901,이온음료,제1군수지원사령부,호미식품
8903,아이스크림 팩형,제1군수지원사령부,(주)빙그레
8904,아이스크림 콘형,제1군수지원사령부,호미식품
8905,아이스크림 컵형,제1군수지원사령부,태림농산
8906,아이스크림 샌드형,제1군수지원사령부,롯데로지스틱스 주식회사
8907,식혜,제1군수지원사령부,롯데지알에스 주식회사
8908,생수,제1군수지원사령부,(유)목양
8909,비타민음료,제1군수지원사령부,롯데쇼핑(주)
8910,마시는 발효유,제1군수지원사령부,(주)사조대림
8911,떠먹는 발효유,제1군수지원사령부,씨제이프레시웨이 주식회사
8912,과채음료,제1군수지원사령부,롯데푸드 주식회사
8913,콩두유,제1군수지원사령부,(주)한일코리아
8914,두부 등 3종,해군 기동함대사령부,한샘유통 주식회사
8915,두부 등 3종,해군 기동함대사령부,한샘유통 주식회사
8916,두부 등 3종,해군 기동함대사령부,한샘유통 주식회사
8918,에이스가든 식자재(생가지외 365품목),공군제17전투비행단,(주)농협충북유통
8919,슈크림빵 등 9종 구매,제3170부대,매일유업(주)
8921,식혜 구매,제7789부대,주식회사 현대이노베이션
8922,초코바 구매,제7789부대,주식회사 제일코리아인터내셔널
8923,생수 구매,제7789부대,주식회사 그린종합유통
8924,초코과자 구매,제7789부대,호미식품
8925,감자스낵 구매,제7789부대,주식회사 앤클라우드
8926,양갱 구매,제7789부대,라임물산
8927,초코렛 구매,제7789부대,주식회사 포승유통
8928,초코바 구매,제7789부대,매일우유 포승대리점
8929,샌드과자 구매,제7789부대,청밀
8930,초코과자 구매,제7789부대,씨제이프레시웨이 주식회사
8931,감자스낵 구매,제7789부대,제일공사
8932,소보루빵 구매(제조),제7789부대,영베이커리
8933,피자빵 구매(제조),제7789부대,영베이커리
8934,단팥빵 구매(제조),제7789부대,유한회사징코푸드시스템
8935,견과류(혼합형) 구매,제7789부대,용마로지스주식회사
8936,떠먹는발효유 구매,제7789부대,(주) 현대그린푸드
8937,마시는발효유 구매,제7789부대,주식회사 에스피씨삼립
8938,팥빙수 구매,제7789부대,(주)한일코리아
8939,샌드형 아이스크림 구매,제7789부대,(유)목양
8940,컵형 아이스크림 구매,제7789부대,(주)팔도
8941,팩형 아이스크림 구매,제7789부대,(유)목양
8942,콘형 아이스크림 구매,제7789부대,주식회사 에스피씨삼립
8943,식혜 구매,제7789부대,주식회사 현대이노베이션
8944,과일탄산음료 구매,제7789부대,(주)빙그레
8945,과일음료 구매,제7789부대,씨제이프레시웨이 주식회사
8946,사이다 구매,제7789부대,호미식품
8947,콜라 구매,제7789부대,(주)빙그레
8948,바나나맛 우유 구매,제7789부대,(유)목양
8949,생수 구매,제7789부대,주식회사 이니스
8952,소보루빵,제1군수지원사령부,영베이커리
8953,생수,제1군수지원사령부,미가온
8954,미니약과,제1군수지원사령부,랩포유
8955,스낵류,제1군수지원사령부,에스디유통(S.D유통)
8956,이온음료,제1군수지원사령부,매일우유 포승대리점
8957,초코바,제1군수지원사령부,(유)목양
8959,콜라,제1군수지원사령부,제일공사
8960,경축특식 만쥬 세트 구매,5군수지원사령부,샹떼제과
8965,경축특식 빵세트 구매,5군수지원사령부,주식회사 에스피씨삼립
8972,16년 생도증식(건포도 등 145종) 구매,육군사관학교,주식회사 에스피씨삼립
8975,초코우유 등 38종 구매,제3170부대,(주)한일코리아
8976,삼계탕 등 36종 구매,제3170부대,웅진식품주식회사
8990,'16년 설날 경축특식 구매(제조),제7789부대,주식회사 에스피씨삼립
8992,설날 경축특식 냉동떡 세트,제1군수지원사령부,농업회사법인(주)치악산병과
8995,기름보일러 등 14종,연평부대,태경산업
8996,참깨라면(용기면류) 등 8종 구매,제9691부대,(주)마들렌환경식품
8997,16년 설 경축특식 떡세트(제조 또는 구매),제2167부대,아셀떡
9001,돈삼겹(국내산) 등 10종,제9181부대,제일공사
9003,떡류 등 18종 제조/납품,제9181부대,해피21세기
9005,장거리 이동 신병 도시락 제조납품,육군훈련소,주식회사 엘엔에프 농업회사법인
9007,참치통조림형 등 16종,해군군수사령부,주식회사 류홀마트
9008,냉장염지조각닭 등 13종,해군군수사령부,주식회사 케이씨에프
9009,참치통조림형 등 16종,해군군수사령부,주식회사 류홀마트
9010,핫바 등 28종,해군군수사령부,주식회사 류홀마트
9011,핫바 등 28종,해군군수사령부,주식회사 류홀마트
9013,분말짜장 등 157품목 구매,제9691부대,주식회사 경기유통형 마을기업
9014,사이다 등 27종,해군군수사령부,삼진유통
9015,사이다 등 27종,해군군수사령부,삼진유통
9016,사이다 등 27종,해군군수사령부,삼진유통
9017,사이다 등 27종,해군군수사령부,삼진유통
9018,18년 예비군 도시락 제조납품(3권역),제2632부대,전북외식산업
9019,18년 예비군 도시락 제조납품(2권역),제2632부대,전북외식산업
9021,간부숙소 개보수 붙박이장류 제조설치 납품,수도기계화보병사단,주식회사 리즈디자인
9022,간부숙소 개보수 붙박이장류 제조설치 납품,수도기계화보병사단,주식회사 리즈디자인
9023,간부숙소 개보수 붙박이장류 제조설치 납품,수도기계화보병사단,주식회사 리즈디자인
9024,18년 예비군 도시락 제조 및 납품(1권역),육군 제37보병사단,주식회사행복담은네모
9025,18년 예비군 도시락 제조 및 납품(2권역),육군 제37보병사단,주식회사행복담은네모
9030,흑산도 000전진기지대 급식계약,해군제3함대사령부,정아종합유통
9031,국수(소면) 등 174종 구매,해군제3함대사령부,대동에프에스
9032,흑산도 000운용대 급식계약,해군제3함대사령부,정아종합유통
9038,삼계탕(즉석조리식품) 등 52종 구매,제3170부대,롯데웰푸드 주식회사
9039,초코파이 등 15종 구매,제3170부대,제일공사
9040,초코우유 등 33종 구매,제3170부대,신송식품 (주)
9042,라면 등 28품목 구매,제9691부대,푸른
9048,'18년 생도증식(돼지등뼈 등 179종) 구매,육군3사관학교,재연종합식품
9049,"18년 상반기 토성회관 식자재(채소류,공산품) 계약",제3훈련비행단,한양상사
9065,'18년 선수급식(유제품 12종) 구매,국군체육부대,상주서울우유고객센타
9066,'18년 선수급식(공산품 475종) 구매,국군체육부대,한샘유통 주식회사
9067,'18년 선수급식(축산물 51종) 구매,국군체육부대,다해푸드
9068,'18년 선수급식(농수산물 321종) 구매,국군체육부대,한샘유통 주식회사
9083,18년 장교회관 식자재(김치료) 계약,제3훈련비행단,송이식품
9085,냉동수육용삼겹살 등 3종,해군군수사령부,주식회사 류홀마트
9086,냉동수육용삼겹살 등 3종,해군군수사령부,주식회사 산에들우리축산
9087,참치통조림형 등 16종,해군군수사령부,주식회사 류홀마트
9088,삼계탕한방재료 등 29종,해군군수사령부,삼진유통
9089,삼계탕한방재료 등 29종,해군군수사령부,삼진유통
9090,삼계탕한방재료 등 29종,해군군수사령부,주식회사 류홀마트
9091,삼계탕한방재료 등 29종,해군군수사령부,삼진유통
9092,삼계탕한방재료 등 29종,해군군수사령부,주식회사 류홀마트
9093,삼계탕한방재료 등 29종,해군군수사령부,삼진유통
9094,삼계탕한방재료 등 29종,해군군수사령부,삼진유통
9095,삼계탕한방재료 등 29종,해군군수사령부,삼진유통
9096,삼계탕한방재료 등 29종,해군군수사령부,연우상사
9097,삼계탕한방재료 등 29종,해군군수사령부,삼진유통
9098,삼계탕한방재료 등 29종,해군군수사령부,삼진유통
9099,삼계탕한방재료 등 29종,해군군수사령부,주식회사 류홀마트
9100,삼계탕한방재료 등 29종,해군군수사령부,주식회사 류홀마트
9101,삼계탕한방재료 등 29종,해군군수사령부,삼진유통
9102,삼계탕한방재료 등 29종,해군군수사령부,연우상사
9103,삼계탕한방재료 등 29종,해군군수사령부,주식회사 류홀마트
9104,삼계탕한방재료 등 29종,해군군수사령부,주식회사 류홀마트
9105,삼계탕한방재료 등 29종,해군군수사령부,삼진유통
9106,삼계탕한방재료 등 29종,해군군수사령부,주식회사 류홀마트
9107,삼계탕한방재료 등 29종,해군군수사령부,주식회사 류홀마트
9108,삼계탕한방재료 등 29종,해군군수사령부,주식회사 류홀마트
9109,삼계탕한방재료 등 29종,해군군수사령부,경북상사
9110,삼계탕한방재료 등 29종,해군군수사령부,삼진유통
9111,삼계탕한방재료 등 29종,해군군수사령부,삼진유통
9112,핫바 등 28종,해군군수사령부,삼진유통
9113,핫바 등 28종,해군군수사령부,주식회사 류홀마트
9114,핫바 등 28종,해군군수사령부,삼진유통
9115,핫바 등 28종,해군군수사령부,주식회사 류홀마트
9116,핫바 등 28종,해군군수사령부,주식회사 류홀마트
9117,핫바 등 28종,해군군수사령부,주식회사 류홀마트
9118,핫바 등 28종,해군군수사령부,주식회사 류홀마트
9119,핫바 등 28종,해군군수사령부,연우상사
9120,핫바 등 28종,해군군수사령부,삼진유통
9121,핫바 등 28종,해군군수사령부,삼진유통
9122,핫바 등 28종,해군군수사령부,주식회사 류홀마트
9123,핫바 등 28종,해군군수사령부,주식회사 류홀마트
9124,핫바 등 28종,해군군수사령부,주식회사 류홀마트
9125,핫바 등 28종,해군군수사령부,삼진유통
9126,핫바 등 28종,해군군수사령부,주식회사 류홀마트
9127,핫바 등 28종,해군군수사령부,지(g)-마트
9128,핫바 등 28종,해군군수사령부,삼진유통
9129,핫바 등 28종,해군군수사령부,주식회사 류홀마트
9130,핫바 등 28종,해군군수사령부,주식회사 류홀마트
9131,핫바 등 28종,해군군수사령부,삼진유통
9132,핫바 등 28종,해군군수사령부,삼진유통
9133,핫바 등 28종,해군군수사령부,삼진유통
9134,핫바 등 28종,해군군수사령부,삼진유통
9135,핫바 등 28종,해군군수사령부,삼진유통
9136,감자튀김 등 23종,해군군수사령부,주식회사 류홀마트
9137,감자튀김 등 23종,해군군수사령부,삼진유통
9138,감자튀김 등 23종,해군군수사령부,韓昌物産 株式會社
9139,감자튀김 등 23종,해군군수사령부,연우상사
9140,감자튀김 등 23종,해군군수사령부,삼진유통
9141,감자튀김 등 23종,해군군수사령부,주식회사 류홀마트
9142,감자튀김 등 23종,해군군수사령부,주식회사 류홀마트
9143,감자튀김 등 23종,해군군수사령부,주식회사 류홀마트
9144,감자튀김 등 23종,해군군수사령부,주식회사 류홀마트
9145,감자튀김 등 23종,해군군수사령부,주식회사 류홀마트
9146,감자튀김 등 23종,해군군수사령부,주식회사 류홀마트
9147,감자튀김 등 23종,해군군수사령부,삼진유통
9148,감자튀김 등 23종,해군군수사령부,연우상사
9149,감자튀김 등 23종,해군군수사령부,삼진유통
9150,감자튀김 등 23종,해군군수사령부,韓昌物産 株式會社
9151,감자튀김 등 23종,해군군수사령부,주식회사 류홀마트
9152,감자튀김 등 23종,해군군수사령부,주식회사 류홀마트
9153,감자튀김 등 23종,해군군수사령부,삼진유통
9154,감자튀김 등 23종,해군군수사령부,삼진유통
9155,모듬콩조림 등 20종,해군군수사령부,주식회사 류홀마트
9156,모듬콩조림 등 20종,해군군수사령부,지(g)-마트
9157,모듬콩조림 등 20종,해군군수사령부,연우상사
9158,모듬콩조림 등 20종,해군군수사령부,주식회사 류홀마트
9159,모듬콩조림 등 20종,해군군수사령부,삼진유통
9160,모듬콩조림 등 20종,해군군수사령부,삼진유통
9161,모듬콩조림 등 20종,해군군수사령부,지(g)-마트
9162,모듬콩조림 등 20종,해군군수사령부,주식회사 류홀마트
9163,모듬콩조림 등 20종,해군군수사령부,주식회사 류홀마트
9164,모듬콩조림 등 20종,해군군수사령부,주식회사 류홀마트
9165,모듬콩조림 등 20종,해군군수사령부,주식회사 류홀마트
9166,모듬콩조림 등 20종,해군군수사령부,주식회사 류홀마트
9167,모듬콩조림 등 20종,해군군수사령부,주식회사 류홀마트
9168,모듬콩조림 등 20종,해군군수사령부,주식회사 류홀마트
9169,모듬콩조림 등 20종,해군군수사령부,주식회사 류홀마트
9170,모듬콩조림 등 20종,해군군수사령부,주식회사 류홀마트
9171,모듬콩조림 등 20종,해군군수사령부,연우상사
9173,사이다 등 27종,해군군수사령부,주식회사 류홀마트
9174,사이다 등 27종,해군군수사령부,삼진유통
9175,사이다 등 27종,해군군수사령부,삼진유통
9176,사이다 등 27종,해군군수사령부,주식회사 류홀마트
9177,사이다 등 27종,해군군수사령부,삼진유통
9178,사이다 등 27종,해군군수사령부,주식회사 류홀마트
9179,사이다 등 27종,해군군수사령부,삼진유통
9180,사이다 등 27종,해군군수사령부,주식회사 류홀마트
9181,사이다 등 27종,해군군수사령부,삼진유통
9182,사이다 등 27종,해군군수사령부,다솔기업
9183,사이다 등 27종,해군군수사령부,삼진유통
9184,사이다 등 27종,해군군수사령부,연우상사
9185,사이다 등 27종,해군군수사령부,주식회사 류홀마트
9186,사이다 등 27종,해군군수사령부,연우상사
9187,사이다 등 27종,해군군수사령부,연우상사
9188,사이다 등 27종,해군군수사령부,연우상사
9189,사이다 등 27종,해군군수사령부,주식회사 류홀마트
9190,사이다 등 27종,해군군수사령부,주식회사 류홀마트
9191,사이다 등 27종,해군군수사령부,연우상사
9192,사이다 등 27종,해군군수사령부,두산봉유통
9193,사이다 등 27종,해군군수사령부,연우상사
9194,사이다 등 27종,해군군수사령부,삼진유통
9195,배추김치(포기) 등 8종,해군군수사령부,남경식품(참그린김치)
9196,배추김치(포기) 등 8종,해군군수사령부,고려냉장식품 주식회사
9197,배추김치(포기) 등 8종,해군군수사령부,남경식품(참그린김치)
9198,배추김치(포기) 등 8종,해군군수사령부,남경식품(참그린김치)
9199,배추김치(포기) 등 8종,해군군수사령부,고려냉장식품 주식회사
9200,배추김치(포기) 등 8종,해군군수사령부,송이식품
9201,배추김치(포기) 등 8종,해군군수사령부,남경식품(참그린김치)
9202,배추김치(포기) 등 8종,해군군수사령부,농업회사법인 주식회사 제이엠푸드
9227,17-326 18년도 생도 부식,공군사관학교,아이원
9228,'18년 상반기 토성회관 식자재 육류 계약,제3훈련비행단,주식회사 하나로축산기업
9235,골뱅이통조림 등 2종 구매,제9911부대,삼진유통
9237,18년 환자급식(증후식류) 납품,국군수도병원,미가온
9238,18년 환자급식(부식류) 식품 구매,국군수도병원,주식회사 에스피씨삼립
9266,18년 국방컨벤션 소모품 구매(예식용장감 등 134종),국방부근무지원단,주식회사 이노코리아
9272,"18년 웅비,성무 식자재(육류)",공군사관학교,주식회사푸드라인
9279,"18년 웅비, 성무 식자재(가공품 및 채소류 등) 구매",공군사관학교,아이원
9304,2018년도 생도증식(가지 등 332종) 구매,자운대근무지원연대,청아유통
9324,유지물자(튀김온도계 등 00종) 구매,제7789부대,동진상사
9347,돼지고기 장조림 통조림 등 3종 구매,제9911부대,한샘유통 주식회사
9351,동등뼈 등 14종,해군작전사령부,주식회사 류홀마트
9352,일반우유 등 18종,해군작전사령부,주식회사 류홀마트
9353,감자수제비 등 93종,해군작전사령부,(주)사조대림
9392,체력단련장 식자재(배추김치 등 5품목) 구매,제9691부대,주식회사 토속
9402,00부대 철마카페 원재료 구매 단가계약,제75보병사단,주식회사 경기유통형 마을기업
9411,깻잎무침 등 12품목,해군 기동함대사령부,소망영농조합법인
9412,국수 등 20품목,해군 기동함대사령부,소망영농조합법인
9413,생선까스 등 14품목,해군 기동함대사령부,소망영농조합법인
9414,그린키위 등 12품목,해군 기동함대사령부,소망영농조합법인
9415,감자수제비 등 15품목,해군 기동함대사령부,소망영농조합법인
9416,콜라음료 등 21품목,해군 기동함대사령부,소망영농조합법인
9417,마가렛트 등 40품목,해군 기동함대사령부,소망영농조합법인
9418,깻잎무침 등 12품목,해군 기동함대사령부,소망영농조합법인
9478,감귤 등 11종,해군작전사령부,서진유통
9479,배추김치 등 8종,해군작전사령부,영주식품
9496,18년 학군후보생 동계증식 음료 구매 계약,육군학생군사학교,세기라인코리아
9521,사각스프링수첩 등 사무용품 구매,제9911부대,오피스넥스(의정부점)
9570,음식물쓰레기 위탁용역,제21보병사단,리더
9574,간장 고추지 등 11종,해군작전사령부,대성
9583,냉동꽃게 등 5종,해군작전사령부,서진유통
9607,청스프링화일 등 5품목,제9181부대,가온샘 주식회사
9611,보존식용기 구매,제9181부대,에스앤씨(SNC)
9688,관급자재(샌드위치패널) 제조,국군재정관리단,유한회사 대명엔지니어링
9725,쌀과자 구매,제9181부대,(주)한일코리아
9741,간부식당 신축비품 등 13종 제조/구매,제20전투비행단,(주)대우금속개발
9839,7급양대 이전사업 자산취득비(리치트럭 등 6개),제7군단,스타시스템
10002,수미트란정 등 51종,해군교육사령부,주식회사 제이알팜
10007,스프링노트 등 179종,해군본부,씨엠(주)
10019,두부보호대 구매,국방부계룡대근무지원단,영원종합상사
10067,배식용기 밧드 구매,제3170부대,시엘아이템(CL Item)
10077,스프링노트 등 814종 구매,해군사관학교,주식회사 대창
10098,샌드위치판넬 등 69종 구매,제9911부대,주식회사백운
10132,스프레이건 등 19종 구매,제8385부대,천곡철물상사
10140,간식류 등 9품목,제9181부대,우성무역
10141,떡류 등 2품목,제9181부대,주식회사해피21세기
10142,전원유니트(AC) 등 117품목 구매(납기:'17.12.15.),제9691부대,금호전기조명(주)
10144,컵비빔밥/고추장나물비빔밥 등 15종 구매,제9911부대,삼진유통
10175,17-2차 광전 컨버터 구매사업,국군지휘통신사령부,와이에스전자
10195,커피메이커 등 2종,해군작전사령부,사인몰
10236,파병부대(김치 등 00종) 제조 납품,제7789부대,매일식품주식회사
10257,식품검사 재료(조지방플라스크 등 00종) 구매,제7789부대,주식회사 성창사이언스
10274,컨버터 등 32종 구매,제9911부대,주식회사 세렌디피티
10482,배식용기 밧드 구매,제3170부대,민수유통
10620,광 컨버터 등 2품목,제9181부대,탑앤탑(TNT)
10623,스모크햄 등 9종 구매,제9911부대,주식회사 포승유통
10646,광전 컨버터 구매사업,국군지휘통신사령부,주식회사 투케이씨
10667,"밸브,버섯형,엔진용 등 4종",해군군수사령부,에이스철물건자재주식회사
10695,건조무청 시래기 제조(구매)납품,제7789부대,주식회사 해나람
10785,가스튀김기 2대,해군사관학교,대광산업
10802,교육비품(정맥주사 혈관세트 등 4종) 구매,국군의무학교,성도
10833,순두부 등 3품목 구매,연평부대,(유)목양
10896,탄약 정비자재(국방색 스프레이 등 55종) 구매,육군 탄약지원사령부,성도교역
10900,17-2차 식품검사대 검사재료 구매,제1군수지원사령부,주식회사 서경약품
10918,전기밥솥(35인용) 70EA 구매,해군군수사령부,(주)비아이엔씨
10942,샌드 디스크형 등 3항목 구매(물자),육군군수사령부,와이케이(YK)컴퍼니
10996,기름제거 용지(롤형) 등 2종,해군군수사령부,(주)디에스인프라
11008,17년 무청시래기 구매,제2167부대,농업회사법인펀치볼주식회사
11107,부식방지제등3종구매,육군종합정비창,한양화학상사
11140,"15톤 덤프 판스프링 등 98항목 구매(기장, 해파)",육군군수사령부,금성종합상사
11259,지휘관 및 주임원사 휘장류 제조구매,육군본부,주식회사 나루지엠에스
11266,생수 등 39종 구매,제9911부대,국제
11290,음료류 등 10품목,제9181부대,씨에이치에이
11299,무청시래기,제1군수지원사령부,농업회사법인펀치볼주식회사
11361,AC-DC 컨버터 등 2종,해군군수사령부,성광상사
11381,멸균흰우유 등 4종 구매,제9911부대,서울우유심곡대리점
11398,마요네즈 등 56종 구매,제9911부대,(주)빙그레
11399,배추썰은포기김치 등 8종 제조 구매,제9911부대,농업회사법인 늘만나식품 주식회사
11407,재공고-부대조달부식(무청시래기) 구매계약,5군수지원사령부,주식회사 해나람
11449,18년 학군후보생 군장품(표지장류) 제조납품,국군재정관리단,주식회사 흥선
11501,전기튀김기 구매,제8385부대,경북상사
11503,음료류 등 2품목(경축일특식),제9181부대,주식회사 삼우인더스트리
11598,실습재료(정맥주사 인조피부 등 4종) 구매,국군의무학교,(주)동성메디칼
11638,쌀과자(인절미맛) 구매,제3170부대,대풍
11640,생수 구매,제9181부대,서윤산업
11660,휘장류 및 견장류 제조 구매,육군사관학교,코인산업
11700,17년 포제휘장류,물자계약팀,주식회사 킴블스
11714,오존발생기 컨버터 설치납품,육군종합정비창,주식회사 두합크린텍
11718,국군의날 경축특식 빵세트,제1군수지원사령부,주식회사 포승유통
11796,17년 추석 경축특식 구매,제2167부대,아셀떡
11823,추석 경축특식(과자세트) 제조 / 구매,제7789부대,와이상사
11867,국군의 날 경축 특식(냉동 조각케익),5군수지원사령부,주식회사 대선에프에스
11881,빵류 등 7품목,제9181부대,코리아식품주식회사
11901,"밸브,버섯형,엔진용 등 2종",해군군수사령부,애드온스마트 주식회사
11911,고강도 필라멘트 등 13종,해군제2수리창,동진상사
11915,00부대 부식고 보수공사 등 4건-제조납품설치,제6보병사단,주식회사 포스텍
11917,추석 경축특식(과자세트),제1군수지원사령부,농가식품
11924,프레스햄 통조림 등 20종,해군 기동함대사령부,소망영농조합법인
11927,프레스햄 통조림 등 20종,해군 기동함대사령부,소망영농조합법인
11957,간부식당 식자재 계약(일반),공군제38전투비행전대,삼성웰스토리 (주) 호남사무소
11958,스프레이건 등 34종 구매,육군종합정비창,신영에이텍
11979,가루비누 등 32종 구매,제8385부대,가나안상사
12024,50% 포도당 주사액 등 107종(의약품),제7001부대,주식회사 한스피엠아이
12048,바나나,제1군수지원사령부,주식회사 코빅후르츠
12060,자장면,급식유류계약팀,(주)면사랑
12087,오일스프레이 노즐 등 72종,해군제2수리창,국제안보상사
12106,전기 튀김기 1대,해군작전사령부,나우통상
12165,간식류 등 10품목,제9181부대,(주) 현대그린푸드
12171,"밸브,버섯형,엔진용 등 3종",해군군수사령부,수연상사
12180,콩나물,급식유류계약팀,농업회사법인 이조은산소 주식회사
12198,주류구매(연간단가계약),국방부근무지원단,주식회사 다산주류
12217,김치냉장고 2대 구매,제8385부대,대광종합상사
12240,생수 구매,제2002부대,세원필텍
12274,원형샌드사포등56종구매,육군종합정비창,주식회사 동양전자
12324,스팸 등 5품목,제9181부대,미가온
12325,면류 등 5품목,제9181부대,(주)빙그레
12330,충전 햄머드릴 등 6항목 구매(물자),육군군수사령부,서울유통
12332,수산화나트륨구매,육군종합정비창,마창케미칼 주식회사
12370,복지시설 식자재 구매납품,국방부계룡대근무지원단,주식회사 에스피씨삼립
12380,3분기 식품검사 재료 및 소모품 구매,제7789부대,랩피온
12389,생도피복(예식용품류) 제조구매,육군3사관학교,한일상사
12419,자장면,급식유류계약팀,(주)면사랑
12420,가락국수(생우동),급식유류계약팀,(주)면사랑
12421,가락국수(생우동),급식유류계약팀,(주)면사랑
12422,가락국수(생우동),급식유류계약팀,(주)면사랑
12423,가락국수(생우동),급식유류계약팀,(주)동성식품
12424,자장면,급식유류계약팀,(주)면사랑
12425,자장면,급식유류계약팀,(주)동성식품
12556,체력단련장 식자재 000종 구매,육군인사사령부,청아유통
12570,미니수정테이프 등 20종,제7001부대,참조은
12622,17년 금속휘장류,물자계약팀,좋아실업 주식회사
12631,콩나물,급식유류계약팀,엠플러스에프엔씨 주식회사
12637,인버터 건식 Suction 등 6종,제5738부대,석진메드
12661,쫄면,급식유류계약팀,(주)면사랑
12662,쫄면,급식유류계약팀,(주)동성식품
12663,쫄면,급식유류계약팀,(주)동성식품
12664,쫄면,급식유류계약팀,(주)면사랑
12679,파병부대(김치 등 00종) 제조 납품,제7789부대,고려냉장식품 주식회사
12700,"밸브,버섯형,엔진용 등 3종",해군군수사령부,주식회사 미래정밀
12711,영외자식당(장교/간부식당) 김치류 구매,공군제1전투비행단,빛고을김치
12735,17년 후반기 예비군 전투식량 구매/납품,제1989부대,동서종합상사
12755,육류절단기 등 2종(4EA) 구매,해군 기동함대사령부,유진시스템
12883,골든원형멜라멘 접시 구매,제9691부대,풍전
12935,"밸브,버섯형,엔진용 등 2종",해군군수사령부,수연상사
13023,"'17년 하반기 토성회관 식자재 채소류,공산품 계약",제3훈련비행단,한양상사
13065,(조달) 3훈비 17-2-159 스프링클러 헤드 등 10품목,제3훈련비행단,효원
13093,'17년 하반기 토성회관 식자재 육류 계약,제3훈련비행단,농업회사법인주식회사 우리축산유통
13126,고정식 인버터 등 2종,해군군수사령부,주식회사 랩터스
13130,기름때 제거제 등 5종 구매,제9911부대,신명
13131,부식방지제 등 22종,해군군수사령부,주식회사 효인산업
13183,만두(포자형),급식유류계약팀,(주)동원에프앤비
13251,`17-00학교 교육비품(정맥주사 모형 등 4종) 구매,국군의무학교,(주)동성메디칼
13271,간부식당 식자재 납품 계약,제7851부대,주식회사 현대그린푸드
13272,사랑채 식자재 납품계약,제7851부대,주식회사 현대그린푸드
13276,비빔냉면,급식유류계약팀,(주)면사랑
13306,"밸브,버섯형,엔진용 등 2종",해군군수사령부,대하종합상사
13340,김장김치,급식유류계약팀,주식회사 옥종합식품
13342,배추김치(임가공),급식유류계약팀,농업회사법인 한백냉장식품 주식회사
13343,배추김치(임가공),급식유류계약팀,(주)동진푸드
13344,배추김치(임가공),급식유류계약팀,에스와이푸드 주식회사
13345,배추김치(임가공),급식유류계약팀,농업회사법인 유한회사 일품김치
13346,배추김치(임가공),급식유류계약팀,(주)신세대푸드
13347,배추김치(임가공),급식유류계약팀,(주)우리집식품
13348,배추김치(임가공),급식유류계약팀,농업회사법인 주식회사 봄내
13349,배추김치(임가공),급식유류계약팀,농업회사법인 주식회사 봄내
13350,김장김치,급식유류계약팀,미성식품(주)
13351,김장김치,급식유류계약팀,(주)동진푸드
13352,김장김치,급식유류계약팀,에스와이푸드 주식회사
13353,김장김치,급식유류계약팀,에스와이푸드 주식회사
13354,김장김치,급식유류계약팀,주식회사 옥종합식품
13355,김장김치,급식유류계약팀,(주)우리집식품
13356,김장김치,급식유류계약팀,농업회사법인 한백냉장식품 주식회사
13448,영외자식당(장교/간부식당) 식자재 계약,공군제1전투비행단,주식회사 신세계푸드
13453,샌드위치 판넬 등 43종,해군작전사령부,주식회사 서진컨설팅
13696,리치트럭 1EA,해군군수사령부,수성시스템
13724,17년 학군후보생 하계입영훈련 증식(음료) 구매,육군학생군사학교,남촌산업
13739,기름걸레 등 191종,해군 기동함대사령부,제이알사이니지(주)
13773,17-제주-도서전투부식 구매,제9해병여단,미가온
13774,미니 광분배함 등 32품목,제9해병여단,주식회사 가온산업
13775,자동밥솥 등 378품목,제9해병여단,주식회사 유니케이
13904,혼합프레스햄 547캔 구매,제9911부대,이터널
13932,부식류 재포장재료,제1군수지원사령부,주식회사 유니케이
13993,파인애플음료,급식유류계약팀,(주)일화
14042,미역국(소컵) 등 26종,해군 기동함대사령부,오도유통
14066,부식류 포장재료 구매,제7789부대,주식회사유일화학
14130,불고기용혼합양념(쇠고기용),급식유류계약팀,태영식품
14132,불고기용혼합양념(돼지고기용),급식유류계약팀,삼오종합식품 주식회사
14133,불고기용혼합양념(돼지고기용),급식유류계약팀,삼오종합식품 주식회사
14134,불고기용혼합양념(돼지고기용),급식유류계약팀,삼오종합식품 주식회사
14135,불고기용혼합양념(돼지고기용),급식유류계약팀,삼오종합식품 주식회사
14136,불고기용혼합양념(쇠고기용),급식유류계약팀,태영식품
14137,불고기용혼합양념(쇠고기용),급식유류계약팀,태영식품
14138,불고기용혼합양념(쇠고기용),급식유류계약팀,태영식품
14197,자장소스,급식유류계약팀,주식회사 남부식품
14198,마요네즈,급식유류계약팀,주식회사 삼아벤처
14240,스팸 등 11품목,제9181부대,대성푸드시스템
14269,리치트럭 구매,육군군수사령부,한서유통
14298,샌드고무호스 등 5종,해군군수사령부,엠티오
14311,공군교육사령부 장교/간부식당 김치류 구매,공군교육사령부,남경식품(참그린김치)
14312,육고기비빔소스,급식유류계약팀,(주)그린
14313,해물비빔소스,급식유류계약팀,(주)미정
14314,해물비빔소스,급식유류계약팀,(주)미정
14315,해물비빔소스,급식유류계약팀,(주)미정
14316,육고기비빔소스,급식유류계약팀,(주)미정
14317,고추참치통조림,급식유류계약팀,주식회사 남부식품
14319,요리소스,급식유류계약팀,(주)오뚜기
14320,튀김가루,급식유류계약팀,씨제이제일제당주식회사
14321,특전복,물자계약팀,주식회사 삼환티에프
14333,민간위탁부식 도수운반진지 피복 구매(운동복),수도방위사령부,(주)피엘엔코
14340,햄,급식유류계약팀,(주)복천식품
14342,햄슬라이스,급식유류계약팀,(주)태림에프웰
14347,홍보물품(미니선풍기 등 2종) 구매,제8385부대,우리테크
14362,골뱅이통조림,급식유류계약팀,에스와이푸드 주식회사
14363,골뱅이통조림,급식유류계약팀,에스와이푸드 주식회사
14364,골뱅이통조림,급식유류계약팀,에스와이푸드 주식회사
14381,`17-00학교 학용품(스프링노트 등 5종) 구매,국군의무학교,샬롬
14443,열무김치,급식유류계약팀,농업회사법인 주식회사 봄내
14445,김자반,급식유류계약팀,홍도식품
14446,열무김치,급식유류계약팀,농업회사법인 유한회사 일품김치
14447,열무김치,급식유류계약팀,(주)신세대푸드
14448,열무김치,급식유류계약팀,(주)늘푸른
14449,열무김치,급식유류계약팀,미성식품(주)
14450,열무김치,급식유류계약팀,에스와이푸드 주식회사
14451,열무김치,급식유류계약팀,(주)동진푸드
14452,열무김치,급식유류계약팀,미성식품(주)
14455,스파게티소스,급식유류계약팀,(주)면사랑
14456,스파게티,급식유류계약팀,농심태경 주식회사
14457,시리얼(쌀맛후레이크),급식유류계약팀,농심 켈로그 주식회사
14458,시리얼(초코맛후레이크),급식유류계약팀,농심 켈로그 주식회사
14459,시리얼(옥수수맛후레이크),급식유류계약팀,농심 켈로그 주식회사
14460,감자튀김,급식유류계약팀,주식회사 만구
14461,머스타드소스,급식유류계약팀,(주)오뚜기
14462,복합조미료(쇠고기맛),급식유류계약팀,대상주식회사
14463,망고음료,급식유류계약팀,대한민국고엽제전우회
14464,복숭아음료,급식유류계약팀,델로스에프앤비 주식회사
14465,오렌지주스,급식유류계약팀,매일유업(주)
14466,깍두기(완제품),급식유류계약팀,(주)동진푸드
14467,깍두기(완제품),급식유류계약팀,(주)이씨네식품
14468,깍두기(완제품),급식유류계약팀,주식회사 옥종합식품
14469,깍두기(완제품),급식유류계약팀,(주)신세대푸드
14470,깍두기(완제품),급식유류계약팀,세광식품(주)
14471,깍두기(완제품),급식유류계약팀,에스와이푸드 주식회사
14472,깍두기(완제품),급식유류계약팀,세광식품(주)
14473,깍두기(완제품),급식유류계약팀,농업회사법인 주식회사 봄내
14497,가루수도꼭지 등 18종 구매,국방부계룡대근무지원단,대경상사
14508,배추김치 등 3종,제7001부대,고려냉장식품 주식회사
14517,양념치킨소스,급식유류계약팀,태영식품
14520,배추김치(완제품),급식유류계약팀,주식회사 옥종합식품
14521,배추김치(완제품),급식유류계약팀,농업회사법인 유한회사 일품김치
14522,배추김치(완제품),급식유류계약팀,미성식품(주)
14523,배추김치(완제품),급식유류계약팀,(주)신세대푸드
14524,배추김치(완제품),급식유류계약팀,세광식품(주)
14525,배추김치(완제품),급식유류계약팀,미성식품(주)
14526,배추김치(완제품),급식유류계약팀,(주)한일코리아
14527,배추김치(완제품),급식유류계약팀,농업회사법인 유한회사 일품김치
14528,배추김치(완제품),급식유류계약팀,주식회사 옥종합식품
14529,배추김치(완제품),급식유류계약팀,농업회사법인 유한회사 일품김치
14530,배추김치(완제품),급식유류계약팀,미성식품(주)
14531,배추김치(완제품),급식유류계약팀,(주)신세대푸드
14532,배추김치(완제품),급식유류계약팀,세광식품(주)
14533,배추김치(완제품),급식유류계약팀,미성식품(주)
14534,배추김치(완제품),급식유류계약팀,(주)한일코리아
14535,배추김치(완제품),급식유류계약팀,농업회사법인 유한회사 일품김치
14537,불고기패티2형,급식유류계약팀,(주)태림에프웰
14538,불고기패티2형,급식유류계약팀,주식회사 하이푸드텍
14539,불고기패티2형,급식유류계약팀,(주)태림에프웰
14540,불고기패티2형,급식유류계약팀,(주)태림에프웰
14545,팝콘형 치킨,급식유류계약팀,(주)태림에프웰
14546,탕수육,급식유류계약팀,(주)태림에프웰
14547,새우 패티,급식유류계약팀,(주)디아이
14548,새우 패티,급식유류계약팀,(주)복천식품
14549,새우 패티,급식유류계약팀,(주)복천식품
14550,새우 패티,급식유류계약팀,(주)디아이
14551,깍두기(임가공),급식유류계약팀,에스와이푸드 주식회사
14552,깍두기(임가공),급식유류계약팀,(주)신세대푸드
14553,깍두기(임가공),급식유류계약팀,에스와이푸드 주식회사
14554,깍두기(임가공),급식유류계약팀,농업회사법인 주식회사 봄내
14555,깍두기(임가공),급식유류계약팀,미성식품(주)
14556,깍두기(임가공),급식유류계약팀,(주)신세대푸드
14557,깍두기(임가공),급식유류계약팀,(주)늘푸른
14558,깍두기(임가공),급식유류계약팀,주식회사 옥종합식품
14559,배추김치(완제품),급식유류계약팀,주식회사 옥종합식품
14560,배추김치(완제품),급식유류계약팀,농업회사법인 유한회사 일품김치
14561,배추김치(완제품),급식유류계약팀,미성식품(주)
14562,배추김치(완제품),급식유류계약팀,(주)신세대푸드
14563,배추김치(완제품),급식유류계약팀,세광식품(주)
14564,배추김치(완제품),급식유류계약팀,미성식품(주)
14565,배추김치(완제품),급식유류계약팀,(주)한일코리아
14566,배추김치(완제품),급식유류계약팀,농업회사법인 유한회사 일품김치
14572,타르타르소스,급식유류계약팀,(주)오뚜기
14573,생선묵(떡볶이용),급식유류계약팀,주식회사 만구
14574,생선묵(떡볶이용),급식유류계약팀,(주)코주부씨앤에프
14575,생선묵(떡볶이용),급식유류계약팀,(주)환공식품
14576,생선묵(떡볶이용),급식유류계약팀,(주)태림에프웰
14577,생선묵(튀김용),급식유류계약팀,(주)태림에프웰
14578,생선묵(튀김용),급식유류계약팀,유성씨앤에프(주)양주
14579,생선묵(튀김용),급식유류계약팀,(주)그린
14580,생선묵(튀김용),급식유류계약팀,주식회사 남부식품
14581,후춧가루,급식유류계약팀,주식회사 두원식품
14582,볶은참깨,급식유류계약팀,오뚜기제유 주식회사
14583,감자전분,급식유류계약팀,(주)동진푸드
14584,비빔냉면,급식유류계약팀,(주)동성식품
14585,비빔냉면,급식유류계약팀,(주)면사랑
14586,비빔냉면,급식유류계약팀,(주)면사랑
14587,물냉면,급식유류계약팀,(주)동성식품
14588,물냉면,급식유류계약팀,(주)동성식품
14589,물냉면,급식유류계약팀,(주)면사랑
14590,물냉면,급식유류계약팀,(주)면사랑
14626,게맛살,급식유류계약팀,주식회사사조오양
14627,게맛살,급식유류계약팀,(주)동원에프앤비
14630,소시지2형,급식유류계약팀,(주)태림에프웰
14631,소시지2형,급식유류계약팀,(주)태림에프웰
14632,소시지2형,급식유류계약팀,(주)태림에프웰
14633,소시지2형,급식유류계약팀,(주)태림에프웰
14634,소시지,급식유류계약팀,(주)태림에프웰
14635,소시지,급식유류계약팀,(주)태림에프웰
14636,소시지,급식유류계약팀,(주)태림에프웰
14637,소시지,급식유류계약팀,(주)태림에프웰
14638,햄슬라이스,급식유류계약팀,(주)태림에프웰
14639,햄슬라이스,급식유류계약팀,(주)태림에프웰
14640,햄,급식유류계약팀,(주)태림에프웰
14641,햄,급식유류계약팀,(주)태림에프웰
14642,햄,급식유류계약팀,(주)복천식품
14643,미트볼,급식유류계약팀,(주)디아이
14644,미트볼,급식유류계약팀,(주)디아이
14645,미트볼,급식유류계약팀,(주)디아이
14646,미트볼,급식유류계약팀,(주)디아이
14647,생선가스,급식유류계약팀,주식회사 한맥식품
14648,생선가스,급식유류계약팀,(주)태림에프웰
14649,생선가스,급식유류계약팀,주식회사 만구
14650,해물비빔소스,급식유류계약팀,(주)미정
14651,육고기비빔소스,급식유류계약팀,(주)미정
14652,육고기비빔소스,급식유류계약팀,(주)그린
14653,비엔나소시지,급식유류계약팀,(주)동원에프앤비
14654,핫도그빵,급식유류계약팀,(주)디아이
14655,핫도그빵,급식유류계약팀,(주)디아이
14656,핫도그빵,급식유류계약팀,(주)태림에프웰
14657,핫도그빵,급식유류계약팀,(주)디아이
14658,햄버거빵(2형),급식유류계약팀,(유)목양
14659,햄버거빵(2형),급식유류계약팀,(주)태림에프웰
14660,햄버거빵(2형),급식유류계약팀,(주)태림에프웰
14661,햄버거빵(2형),급식유류계약팀,상일제과주식회사
14662,선택김치류(8지역),급식유류계약팀,주식회사 옥종합식품
14663,선택김치류(8지역),급식유류계약팀,(주)한일코리아
14664,선택김치류(8지역),급식유류계약팀,농업회사법인 한백냉장식품 주식회사
14665,선택김치류(8지역),급식유류계약팀,농업회사법인 한백냉장식품 주식회사
14666,선택김치류(8지역),급식유류계약팀,농업회사법인 한백냉장식품 주식회사
14667,선택김치류(7지역),급식유류계약팀,농업회사법인 한백냉장식품 주식회사
14668,선택김치류(7지역),급식유류계약팀,(주)한일코리아
14669,선택김치류(7지역),급식유류계약팀,농업회사법인 한백냉장식품 주식회사
14670,선택김치류(7지역),급식유류계약팀,농업회사법인 유한회사 일품김치
14671,선택김치류(7지역),급식유류계약팀,농업회사법인 유한회사 일품김치
14672,선택김치류(6지역),급식유류계약팀,(주)임진강김치
14673,선택김치류(6지역),급식유류계약팀,농업회사법인 유한회사 일품김치
14674,선택김치류(6지역),급식유류계약팀,농업회사법인 유한회사 일품김치
14675,선택김치류(6지역),급식유류계약팀,(주)이씨네식품
14676,선택김치류(5지역),급식유류계약팀,농업회사법인 유한회사 일품김치
14677,선택김치류(5지역),급식유류계약팀,세광식품(주)
14678,선택김치류(5지역),급식유류계약팀,세광식품(주)
14679,선택김치류(5지역),급식유류계약팀,세광식품(주)
14680,선택김치류(5지역),급식유류계약팀,농업회사법인 유한회사 일품김치
14681,선택김치류(3지역),급식유류계약팀,세광식품(주)
14682,선택김치류(3지역),급식유류계약팀,(주)임진강김치
14683,선택김치류(2지역),급식유류계약팀,(주)동진푸드
14684,선택김치류(2지역),급식유류계약팀,(주)한일코리아
14685,선택김치류(2지역),급식유류계약팀,농업회사법인 한백냉장식품 주식회사
14686,선택김치류(1지역),급식유류계약팀,(주)한일코리아
14687,선택김치류(1지역),급식유류계약팀,(주)한일코리아
14688,선택김치류(1지역),급식유류계약팀,농업회사법인 한백냉장식품 주식회사
14691,선택김치류(4지역),급식유류계약팀,세광식품(주)
14692,들깨가루,급식유류계약팀,(주)원우
14693,조미김(8절형),급식유류계약팀,(유)제일물산
14694,조미김(8절형),급식유류계약팀,(주)세진햇김
14695,조미김(8절형),급식유류계약팀,에스와이푸드 주식회사
14696,조미김(8절형),급식유류계약팀,에스와이푸드 주식회사
14697,조미김(8절형),급식유류계약팀,에스와이푸드 주식회사
14698,조미김(8절형),급식유류계약팀,(주)대창식품
14699,조미김(8절형),급식유류계약팀,(주)디아이
14700,조미김(8절형),급식유류계약팀,에스와이푸드 주식회사
14701,카레소스,급식유류계약팀,(주)미정
14702,카레소스,급식유류계약팀,(주)미정
14703,카레소스,급식유류계약팀,(주)미정
14704,카레소스,급식유류계약팀,(주)미정
14705,자장소스,급식유류계약팀,(주)복천식품
14706,자장소스,급식유류계약팀,(주)복천식품
14707,자장소스,급식유류계약팀,주식회사 남부식품
14708,고추참치통조림,급식유류계약팀,주식회사 남부식품
14709,고추참치통조림,급식유류계약팀,에스와이푸드 주식회사
14710,고추참치통조림,급식유류계약팀,에스와이푸드 주식회사
14711,선택김치류(4지역),급식유류계약팀,세광식품(주)
14733,17-6차 일반의무비품(전기밥솥 등 3건) 구매,국군의무사령부,주식회사 이음
14738,식품검사 재료(마그네틱바 등 00종) 구매,제7789부대,랩피온
14745,총각김치,급식유류계약팀,미성식품(주)
14746,총각김치,급식유류계약팀,농업회사법인 한백냉장식품 주식회사
14747,총각김치,급식유류계약팀,세광식품(주)
14748,총각김치,급식유류계약팀,미성식품(주)
14749,총각김치,급식유류계약팀,농업회사법인 주식회사 봄내
14750,총각김치,급식유류계약팀,(주)동진푸드
14751,총각김치,급식유류계약팀,(주)한일코리아
14752,총각김치,급식유류계약팀,농업회사법인 주식회사 봄내
14753,단무지,급식유류계약팀,주식회사 한일식품
14756,전기밥솥 등 2종 구매,제8385부대,주식회사 이지
14821,가자미(냉동) 등 50종,제7001부대,지(g)-마트
14822,닭고기 등 18종,제7001부대,지(g)-마트
14869,치킨넷(닭망) 구매,제9181부대,초코인터내셔널 주식회사
14881,치즈,급식유류계약팀,(주)동원에프앤비
14882,치즈,급식유류계약팀,서울우유협동조합
14883,사과주스,급식유류계약팀,델로스에프앤비 주식회사
14884,사과주스,급식유류계약팀,대경사과원예농업협동조합
14885,사과주스,급식유류계약팀,대한민국고엽제전우회
14886,포도주스,급식유류계약팀,델로스에프앤비 주식회사
14887,포도주스,급식유류계약팀,대한민국고엽제전우회
14888,포도주스,급식유류계약팀,롯데칠성음료(주)
14928,"리셉터클,육전 연결용 1종",해군군수사령부,지엠티(GMT)
14935,갈비탕 등 12종 구매,제9911부대,삼진유통
14936,골뱅이통조림 등 3종 구매,제9911부대,삼진유통
14953,17년 부식 재포장 재료 구매,제2167부대,주식회사 한울타리
15058,공군교육사령부 장교/간부 식당 식자재 구매,공군교육사령부,주식회사 신세계푸드
15070,떡국떡,급식유류계약팀,삼오종합식품 주식회사
15071,떡볶이떡,급식유류계약팀,삼오종합식품 주식회사
15088,17-1차 식품검사대 검사재료 구매,제1군수지원사령부,주식회사 모든통상
15107,식초,급식유류계약팀,대상주식회사
15109,만두(군만두형),급식유류계약팀,주식회사 서원푸드
15110,천일염,급식유류계약팀,영백솔트영어조합법인
15111,표고버섯 가루,급식유류계약팀,홍도식품
15146,스프링노트 등 154종,해군교육사령부,석천산업
15151,가스취사밥솥 구매,제3170부대,대명종합상사
15158,화공약품(음료용 방청제 등 9종) 구매,국방부계룡대근무지원단,우진통상
15219,순두부,급식유류계약팀,엠플러스에프엔씨 주식회사
15220,순두부,급식유류계약팀,엠플러스에프엔씨 주식회사
15221,순두부,급식유류계약팀,엠플러스에프엔씨 주식회사
15222,포장두부,급식유류계약팀,엠플러스에프엔씨 주식회사
15223,포장두부,급식유류계약팀,엠플러스에프엔씨 주식회사
15224,포장두부,급식유류계약팀,엠플러스에프엔씨 주식회사
15225,포장두부,급식유류계약팀,엠플러스에프엔씨 주식회사
15318,광 컨버터 등 3품목,제9181부대,주식회사 네오글로벌시스템
15328,전기밥솥 등 2종,해군군수사령부,주식회사 이음
15345,기름제거 처리제 등 3종 구매,국군재정관리단,한국종합교재사
15348,17-부식운반용기 등 3종 구매,국군재정관리단,주식회사 지산네트웍스
15370,'17년 증식용 떡 및 케이크 구매,제1862부대,농업회사법인주식회사 시루와 떡메
15371,'17년 증식용 떡 및 케이크 구매,제1862부대,농업회사법인주식회사 시루와 떡메
15422,물엿,급식유류계약팀,동희 주식회사
15423,참기름,급식유류계약팀,주식회사 참고을
15464,즉석쌀국수,급식유류계약팀,(주)미정
15465,즉석쌀국수,급식유류계약팀,농업회사법인 현농주식회사
15466,즉석쌀국수,급식유류계약팀,농업회사법인 현농주식회사
15467,즉석쌀국수,급식유류계약팀,(주)미정
15475,유자철조망 등 5종 제조,국군재정관리단,미래휀스 주식회사
15567,공항관리대 - 카페트 구매(17-87),공군제15특수임무비행단,한가람아이엔시
15592,넥시 컨버터 등 35종,해군교육사령부,에이스산업
15599,건빵,급식유류계약팀,상일제과주식회사
15600,건빵,급식유류계약팀,상일제과주식회사
15601,건빵,급식유류계약팀,상일제과주식회사
15602,건빵,급식유류계약팀,상일제과주식회사
15636,'17년 00시설 식자재 통합구매(연간 단가계약),제7821부대,삼성웰스토리 주식회사
15666,가루비누(세제) 구매,제20전투비행단,조인
15674,사각어묵 등 12종 구매,제9911부대,에스와이푸드 주식회사
15692,기숙사 식자재 구매(무등학사),국군복지단,삼성웰스토리 주식회사
15714,전기튀김기 등 2종,해군작전사령부,21세기 산업
15735,불교 의식용 침향 구매,육군본부,SH통상
15768,"17년 영내자 증식(떡, 케이크) 구매",수도방위사령부,주식회사 찰떡궁합
15770,"17년 영내자 증식(떡, 케이크) 구매",수도방위사령부,주식회사 찰떡궁합
15787,식품보존용기 등 6종,해군군수사령부,(주)유한정공
15804,이동발효식 화장실 제조설치,국군재정관리단,주식회사 코리아모바일
15828,국수(소면)등 170종 구매,해군제3함대사령부,주식회사 형제푸드
15846,17년 간부식당 식자재 구매납품,국방부계룡대근무지원단,주식회사 신세계푸드
15852,전투식량2형,급식유류계약팀,주식회사 에스아이케이
15879,치과기재(미니그레이시 큐렛 외 73종)구매,국방부계룡대근무지원단,주식회사 부영상사
15913,17년 바나나 구매 계약,제2167부대,주식회사 영풍농산물
15982,전자용 미니 니퍼 등 54품목 구매,제9691부대,JH컴퍼니
15994,기름제거제처리제 200PL,해군군수사령부,홍원
16008,'17년 예비군 도시락 제조납품,제51보병사단,두진푸드시스템
16009,'17년 예비군 도시락 제조납품,제51보병사단,주식회사 찬이랑밥이랑
16010,'17년 예비군 도시락 제조납품,제51보병사단,(주)이지
16011,'17년 예비군 도시락 제조납품,제51보병사단,오산컨벤션웨딩홀 뷔페
16012,'17년 예비군 도시락 제조납품,제51보병사단,(주)디에스푸드원
16015,격오지 독서카페(182동) 제조설치,국군재정관리단,주식회사 대한하우징
16023,고기쌈무 등 98종 구매(연평도),제9911부대,호미식품
16025,혼합간장,급식유류계약팀,주식회사 참고을
16026,고추장,급식유류계약팀,주식회사 참고을
16027,된장,급식유류계약팀,주식회사 참고을
16078,"양극,부식방지용 등 6종",해군군수사령부,주식회사우정상사
16100,"리셉터클, 육전 연결용 1종",해군군수사령부,하나유통
16104,"시일,스프링 접촉용 (M1/D6) 1종",해군군수사령부,제일테크
16109,17년 생수 구매계약,제2167부대,에스와이푸드 주식회사
16130,17년 생수 구매계약,제2167부대,에스와이푸드 주식회사
16132,상처용 드레싱 패드 등 15항목 구매(의무),육군군수사령부,주식회사 나루지엠에스
16160,젤리케이스 등 6품목,제9181부대,이터널
16177,인버터 등 5종,제7001부대,마니
16193,한식간장,급식유류계약팀,동해식품(주)
16194,쌈장,급식유류계약팀,동해식품(주)
16198,스프링강선등175종구매,육군종합정비창,명신이엔씨 주식회사
16214,컨버터(V.35) 4개 구매,제8385부대,세원필텍
16230,멸균흰우유 등 5종 구매,제9911부대,에스와이푸드 주식회사
16231,배추썰은포기김치 등 8종 구매,제9911부대,남경식품(참그린김치)
16253,조미료 식기찬장 등 6종,공군군수사령부,주식회사 태성주방
16310,파병부대(김치 등 10종) 제조납품,제7789부대,고려냉장식품 주식회사
16353,17년 부대조달 후식(혼합 믹스넛),제2167부대,농심태경 주식회사
16354,17년 기초훈련장병 증식(웨하스류),제2167부대,주식회사 삼우인더스트리
16355,17년 특수근무자증식(머핀),제2167부대,농업회사법인 유한회사 피오레
16356,17년 특수근무자증식(소보루빵),제2167부대,영베이커리
16357,17년 특수근무자증식(도넛류),제2167부대,한국유통
16358,17년 특수근무자증식(웨하스류),제2167부대,주식회사 포승유통
16460,특정 휘장류 제조 구매,수도방위사령부,신우
16478,햄버거패티 등 7종 구매,제9911부대,주식회사 대선에프에스
16479,사과 등 4종 구매,제9911부대,주식회사 포승유통
16480,단무지 등 120종 구매,제9911부대,주식회사 만구
16487,재공고-콩나물 구매(경북권),5군수지원사령부,농업회사법인 이조은산소 주식회사
16491,돈등뼈 등 5종 구매,제9911부대,미가온
16492,포기김치 등 3종 구매,제9911부대,농업회사법인 늘만나식품 주식회사
16493,밥공기 등 0종 구매,국방부근무지원단,우리주방
16554,"구명식량 11,357BX",해군군수사령부,더존식품
16558,콩나물(제조) 구매,제7789부대,엠플러스에프엔씨 주식회사
16622,기름때 제거제 등 5품목,제3283부대,대양산업
16627,`17-00학교 실습재료(정맥주사 인조피부 등 4종) 구매,국군의무학교,주식회사 라인메디칼
16629,`17-00학교 교육비품(정맥주사 모형) 구매,국군의무학교,성도
16672,식품작업용 그릇 등 8종 구매,국군재정관리단,성우팜
16705,중기간-부대조달증식(소시지바),5군수지원사령부,주식회사 대선에프에스
16706,부대조달 부식 및 신병 증식(생수) 구매 계약,5군수지원사령부,동아오츠카주식회사
16711,양념분쇄기 등 5항목 구매(물자),육군군수사령부,주식회사 모든통상
16750,계란 등 156종 구매,제9911부대,한샘유통 주식회사
16751,국수(소면) 등 12종 구매,제8385부대,(뉴)대영유통
16787,청룡회관 음료수 납품,제9227부대,롯데칠성음료구룡포대리점
16811,등심돈까스 등 3품목,해군 기동함대사령부,주식회사 신제주식품
16812,마가렛트 등 43품목,해군 기동함대사령부,주식회사 신제주식품
16813,콜라음료 등 24품목,해군 기동함대사령부,주식회사 신제주식품
16814,그린키위 등 8품목,해군 기동함대사령부,주식회사 신제주식품
16815,탕수육 등 7품목,해군 기동함대사령부,주식회사 신제주식품
16816,생선까스 등 10품목,해군 기동함대사령부,주식회사 신제주식품
16817,감자수제비 등 17품목,해군 기동함대사령부,선인상사
16818,반판두부 등 10품목,해군 기동함대사령부,주식회사 신제주식품
16820,'17년 예비군 도시락 제조납품(2권역),제51보병사단,(주)디에스푸드원
16821,'17년 예비군 도시락 제조납품(2권역),제51보병사단,(주)이지
16822,패스츄리,제7789부대,유한회사징코푸드시스템
16825,슈크림빵,제7789부대,유한회사징코푸드시스템
16854,기름제거용지(팩형) 등 3종 구매,국군재정관리단,(주)선우오토텍
16871,식품검사 재료(페트리 필름 등 00종) 구매,제7789부대,동진상사
16932,캔맥주 등 15품목,해군 기동함대사령부,조인
16936,깍두기김치 등 3품목,해군 기동함대사령부,농업회사법인한백푸드유한회사
16937,배추김치(조각) 등 5품목,해군 기동함대사령부,농업회사법인한백푸드유한회사
16941,깍두기김치 등 3품목,해군 기동함대사령부,농업회사법인한백푸드유한회사
16942,배추김치(조각) 등 5품목,해군 기동함대사령부,농업회사법인한백푸드유한회사
16943,무김치 등 8종 제조 납품,제8385부대,남경식품(참그린김치)
16945,"참치통조림 6,000CN 구매",해군군수사령부,다솔기업
16948,군인자녀 기숙사 식자재 구매(충청권),국군복지단,삼성웰스토리 주식회사
16949,군인자녀 기숙사 식자재 구매(강원권),국군복지단,삼성웰스토리 주식회사
16950,군인자녀 기숙사 식자재 구매(무등학사),국군복지단,거람
16951,군인자녀 기숙사 식자재 구매(수도권),국군복지단,삼성웰스토리 주식회사
16969,이동용 부식차 등 8종 제조,국군재정관리단,우영종합주방설비
16972,17-백령도 빵류 구매,제9196부대,씨제이프레시웨이 주식회사
16973,17년 특수근무자 증식(크림빵),제2167부대,영베이커리
16974,중소기업간경쟁계약-17년 부대조달 후식(쌀음료),제2167부대,주식회사 두준
17024,예비군 도시락 제조납품,제3697부대,(주)기락
17074,인버터 등 8종 구매,육군종합정비창,정현테크
17082,쇠고기장조림 등 16종 구매(연평도),연평부대,엠플러스에프엔씨 주식회사
17100,바나나 우유,제7789부대,하이트진로(주)
17101,양갱,제7789부대,주식회사 삼우인더스트리
17102,어육소시지,제7789부대,에이치디에스(HDS)
17103,커피,제7789부대,주식회사 나인
17104,이온음료,제7789부대,씨엠푸드
17106,초코바,제7789부대,랩포유
17107,영양바,제7789부대,에스티알(주)
17108,비스킷,제7789부대,랩포유
17109,샌드과자,제7789부대,주식회사 나인
17110,감자스낵,제7789부대,삼마상사
17111,쿠키,제7789부대,주식회사 삼우인더스트리
17112,컵밥,제7789부대,(주)한독
17113,떠먹는 젤리,제7789부대,씨제이프레시웨이 주식회사
17114,견과류,제7789부대,롯데제과 주식회사
17115,짜먹는 발효유,제7789부대,주식회사 농협물류
17116,떠먹는 발효유,제7789부대,(학) 연세대학교
17117,마시는 발효유,제7789부대,매일유업(주)
17119,빙과류(샌드형),제7789부대,동아오츠카주식회사
17121,빙과류(팥빙수),제7789부대,(주) 현대그린푸드
17124,과채음료,제7789부대,씨제이프레시웨이 주식회사
17125,식혜,제7789부대,(주)팔도
17126,과일탄산,제7789부대,신송식품 (주)
17127,생수,제7789부대,(주)빙그레
17128,사이다,제7789부대,농심태경 주식회사
17129,콜라,제7789부대,(주)한독
17130,'17년 예비군 도시락 제조납품(6권역),육군제53보병사단,주식회사엘앤씨에프앤씨
17131,'17년 예비군 도시락 제조납품(5권역),육군제53보병사단,주식회사엘앤씨에프앤씨
17139,양배추 절단기 등 5종 구매,국군재정관리단,모양방시스템
17148,소기업/소상공인 부대조달증식(용기어묵) 구매 계약,5군수지원사령부,(주)앤에스푸드
17149,소기업/소상공인 부대조달증식(어묵바) 구매 계약,5군수지원사령부,주식회사 대선에프에스
17150,'17년 예비군 도시락 제조납품(4권역),육군제53보병사단,해림푸드시스템
17151,예비군 도시락 제조납품(2권역),제32보병사단,채움푸드
17159,'17년 예비군 도시락 제조납품(3권역),육군제53보병사단,해림푸드시스템
17160,'17년 예비군 도시락 제조납품(2권역),육군제53보병사단,주식회사 찬스푸드 농업회사법인
17178,'17년 예비군 도시락 제조납품(1권역),육군제53보병사단,주식회사 찬스푸드 농업회사법인
17190,17-백령도 기호식품 구매,제9196부대,씨제이프레시웨이 주식회사
17191,OO부대 예비군 도시락 제조납품(제 1권역),육군 52보병사단,주식회사 행복도시락 성남점
17192,OO부대 예비군도시락 제조 납품(제 2권역),육군 52보병사단,두진푸드시스템
17217,면떡 등 59종 구매,제8385부대,해태제과식품(주)
17219,포장두부 등 5종 구매,제8385부대,주식회사 교성
17220,냉동오리고기 등 5종 구매,제8385부대,(주)사조대림
17221,멸균흰우유 등 3종 구매,제8385부대,주식회사 교성
17222,이온음료 등 3종 구매,제8385부대,주식회사 교성
17224,17년 예비군 도시락 제조납품,제6군단사령부,(주)기락
17227,00부대 예비군 도시락 제조납품,제36보병사단,홍스키친
17234,17-소청도 부대조달부식 구매,제9196부대,에스와이푸드 주식회사
17235,17- 대청도 부대조달부식 구매,제9196부대,에스와이푸드 주식회사
17236,17-백령도 김치류 납품,제9196부대,농업회사법인 주식회사 봉산식품
17238,17-백령도 두채류 구매,제9196부대,코리아식품주식회사
17239,17-백령도 가공식품류 구매,제9196부대,주식회사 만구
17240,17-백령도 분식류 구매,제9196부대,(주)한일코리아
17241,17-백령도 도서전투부식 구매,제9196부대,(유)목양
17242,예비군 도시락 제조납품(경상남도 2권역),제6128부대,주식회사 조은인푸드
17243,예비군 도시락 제조납품(경상남도 1권역),제6128부대,도원외식산업
17244,17-1차 훈련단/항과고 식당 부식물 구매,공군교육사령부,주식회사 원양에프엔지 농업회사법인
17259,깻잎무침 등 5종 제조 납품,제8385부대,(주)한일코리아
17266,그린콜샷 시럽 등 92종,연평부대,주식회사 플러스팜
17295,17년 장교후보생 증식 구매(음료),육군학생군사학교,대경충북유통
17296,예비군 도시락 제조납품,육군 제1군단,(주)기락
17297,예비군 도시락 제조납품,육군 제1군단,(주)기락
17302,예비군 도시락 제조납품,육군 제1군단,(주)기락
17313,"축,스프로킷 등 4항목 제조(기장, 생산능력)",육군군수사령부,평화정밀
17315,17년 부대조달 후식(샌드형 아이스크림),제2167부대,롯데지알에스 주식회사
17328,17년 부대조달 후식(초코렛),제2167부대,롯데푸드 주식회사
17329,17년 특수근무자 증식(영양바),제2167부대,한국유통
17330,17년 특수근무자 증식(초코바),제2167부대,주식회사 엔에이치
17331,17년 특수근무자 증식(파이류),제2167부대,찬스코퍼레이션
17332,17년 특수근무자 증식(샌드과자),제2167부대,엠플러스에프엔씨 주식회사
17333,17년 특수근무자 증식(감자스낵),제2167부대,(주)앤에스푸드
17334,17년 특수근무자 증식(초코과자),제2167부대,세원정밀
17335,17년 특수근무자 증식(어묵바),제2167부대,오도유통
17336,17년 특수근무자 증식(어묵탕),제2167부대,한국유통
17337,17년 특수근무자 증식(소시지),제2167부대,주식회사 삼우인더스트리
17338,17년 특수근무자 증식(쌀떡볶이),제2167부대,아셀떡
17339,17년 특수근무자 증식(핫바),제2167부대,(주)빙그레
17340,17년 특수근무자 증식(피자빵),제2167부대,영베이커리
17341,17년 기초훈련장병 증식(영양바),제2167부대,매쉬미디어(주)
17342,17년 기초훈련장병 증식(초코바),제2167부대,(유)세일
17343,17년 기초훈련장병 증식(쌀떡볶이),제2167부대,다담
17344,17년 기초훈련장병 증식(핫바),제2167부대,주식회사 기현식품
17345,17년 기초훈련장병 증식(크림빵),제2167부대,영베이커리
17346,중소기업간경쟁-17년 기초훈련장병 증식(피자빵),제2167부대,영베이커리
17347,17년 기초훈련장병 증식(초코과자),제2167부대,주주상사
17348,17년 부대조달 후식(초코렛),제2167부대,롯데푸드 주식회사
17349,중소기업간경쟁-17년 후식(영양갱류),제2167부대,세정테크
17350,17년 부대조달 후식(영양바),제2167부대,(주)한일코리아
17351,17년 부대조달 후식(초코바),제2167부대,농심태경 주식회사
17352,중소기업간경쟁-17년 후식(짜먹는발효유),제2167부대,라임물산
17353,17년 부대조달 후식(떠먹는발효유),제2167부대,씨제이대한통운 주식회사
17354,17년 부대조달 후식(마시는발효유),제2167부대,롯데제과 주식회사
17355,중소기업간경쟁계약-17년 부대조달 후식(커피),제2167부대,위너스
17356,17년 부대조달 후식(이온음료),제2167부대,광동제약(주)
17357,17년 부대조달 후식(과일혼합음료),제2167부대,광동제약(주)
17358,중소기업간경쟁계약-17년 부대조달 후식(비타민음료),제2167부대,주식회사 두준
17359,17년 부대조달 후식(식혜),제2167부대,(주)한독
17360,17년 부대조달 후식(사이다),제2167부대,(주)팔도
17361,17년 부대조달 후식(콜라),제2167부대,(학) 연세대학교
17362,17년 부대조달 후식(바나나우유),제2167부대,코리아식품주식회사
17363,17년 부대조달 후식(팩형 아이스크림),제2167부대,(주)코리아세븐
17364,17년 부대조달 후식(팥빙수),제2167부대,광동제약(주)
17365,17년 부대조달 후식(컵형 아이스크림),제2167부대,씨제이대한통운 주식회사
17366,17년 부대조달 후식(콘형 아이스크림),제2167부대,광동제약(주)
17367,예비군 도시락 납품업체 선정 공고(1권역),육군 제37보병사단,주식회사 엘엔에프 농업회사법인
17368,영내자 증식 떡 및 생일자 쌀 케익크 제조납품,제3697부대,사군자식품
17381,중기간-부대조달증식(짜장컵밥) 구매 계약,5군수지원사령부,에스엘(SL)상사
17382,중기간-부대조달증식(쌀떡볶이) 구매 계약,5군수지원사령부,(주)앤에스푸드
17383,중기간-부대조달증식(커피음료) 구매 계약,5군수지원사령부,제일공사
17384,중기간-부대조달증식(크런키형 초코바) 구매 계약,5군수지원사령부,주식회사 에스아이케이
17385,중기간-부대조달증식(크림빵) 구매 계약,5군수지원사령부,유한회사징코푸드시스템
17386,중기간-부대조달증식(피자빵) 구매 계약,5군수지원사령부,유한회사징코푸드시스템
17387,중기간-부대조달증식(소시지빵) 구매 계약,5군수지원사령부,유한회사징코푸드시스템
17388,부대조달증식(견과류형 초코바) 구매,5군수지원사령부,주식회사 만구
17390,부대조달증식(초코쿠키) 구매,5군수지원사령부,광동제약(주)
17391,부대조달후식(식혜) 구매,5군수지원사령부,농심태경 주식회사
17392,부대조달후식(이온음료) 구매,5군수지원사령부,동아오츠카주식회사
17393,부대조달후식(두유) 구매,5군수지원사령부,하이트진로(주)
17394,부대조달후식(아이스크림-콘형) 구매,5군수지원사령부,롯데푸드 주식회사
17395,부대조달후식(아이스크림-팩형) 구매,5군수지원사령부,(주)빙그레
17396,부대조달후식(아이스크림-튜브형) 구매,5군수지원사령부,롯데제과 주식회사
17397,부대조달후식(아이스크림-팥빙수) 구매,5군수지원사령부,(주)빙그레
17398,부대조달후식(떠먹는 발효유) 구매,5군수지원사령부,(주)빙그레
17399,부대조달후식(마시는 발효유) 구매,5군수지원사령부,주식회사 에치와이
17400,부대조달후식(견과류세트) 구매,5군수지원사령부,(학) 연세대학교
17401,부대조달후식(과일푸딩) 구매,5군수지원사령부,씨제이 푸드빌(주)
17402,부대조달후식(초코바) 구매,5군수지원사령부,주식회사 하이푸드텍
17405,"축,어깨형 등 22항목 제조(생산능력,총포)",육군군수사령부,삼호정밀
17439,콩나물 등 3종(연평도),연평부대,호미식품
17454,'17년 예비군 도시락 제조납품(1권역),제55보병사단,(주)기락
17458,'17년 예비군 도시락 제조납품(4권역),제55보병사단,(주)기락
17460,'17년 예비군 도시락 제조납품(4권역),제55보병사단,(주)기락
17461,'17년 예비군 도시락 제조납품(3권역),제55보병사단,사단법인 행복투게더
17462,'17년 예비군 도시락 제조납품(2권역),제55보병사단,주식회사 제이엠트레이딩
17481,17년 예비군 도시락 제조납품(2권역),제17보병사단,두진푸드시스템
17482,17년 예비군 도시락 제조납품(3권역),제17보병사단,행복도시락주식회사
17500,17년 영내자용 떡 및 케이크 구매,제15보병사단,화천쌀가공협회영농조합법인
17512,무배추김치(김장) 등 8종(연평도),연평부대,강화섬김치
17513,단무지 등 59종 구매(연평도),연평부대,신송식품 (주)
17514,쌀 햄버거빵 등 38종 구매(연평도),연평부대,에스와이푸드 주식회사
17516,예비군 도시락 제조납품(3권역),제2632부대,전북외식산업
17517,예비군 도시락 제조납품(2권역),제2632부대,전북외식산업
17526,락카스프레이황색등26종구매,육군종합정비창,주식회사 가온산업
17560,레스큐가든 식자재(감자수제비외 200품목),공군제17전투비행단,주식회사푸드라인
17562,예비군훈련 도시락 제조납품(3권역),제6755부대,주식회사 연두
17563,예비군훈련 도시락 제조납품(4권역),제6755부대,(주)캠퍼스
17564,예비군훈련 도시락 제조납품(1권역),제6755부대,주식회사 경북캐터링
17565,17년 예비군 도시락 제조납품(4권역),제17보병사단,행복도시락주식회사
17566,17년 영내자 증식용 떡 제조납품,제2236부대,소당식품
17567,예비군훈련 도시락 제조납품(2권역),제6755부대,주식회사 이.엠.에스
17584,'17년도 공군회관(식자재)냉동수산물 119종(연간)구매,공군항공안전단,원양물산 유한회사
17585,17년 생일자 떡 케이크 제조납품,제2236부대,소당식품
17587,상처용드레싱 패드 등 15항목 구매(의무),육군군수사령부,"한신메디칼대전,충청지사"
17590,어묵(용기),제1군수지원사령부,(학) 연세대학교
17591,핫바소시지,제1군수지원사령부,농심태경 주식회사
17621,생수,제1군수지원사령부,해태제과식품(주)
17638,예비군 훈련 도시락 제조납품(3권역),제1989부대,유한회사 자미푸드
17647,꿀호떡,제1군수지원사령부,한샘유통 주식회사
17677,장거리 이동 배출병 도시락 제조납품,육군종합군수학교,주식회사 엘엔에프 농업회사법인
17679,과일푸딩,제1군수지원사령부,남양유업(주)
17680,생과일바,제1군수지원사령부,(주)한독
17681,견과류(한줌),제1군수지원사령부,씨제이 푸드빌(주)
17682,팥빙수,제1군수지원사령부,주식회사 에스피씨삼립
17683,아이스크림 샌드형,제1군수지원사령부,(주)팔도
17684,아이스크림 팩형,제1군수지원사령부,(주)사조대림
17685,아이스크림 컵형,제1군수지원사령부,롯데로지스틱스 주식회사
17686,아이스크림 콘형,제1군수지원사령부,씨제이프레시웨이 주식회사
17688,탄산음료,제1군수지원사령부,동아오츠카주식회사
17689,과채주스,제1군수지원사령부,씨제이프레시웨이 주식회사
17690,비타민음료,제1군수지원사령부,코리아식품주식회사
17691,콩두유,제1군수지원사령부,주식회사 해나람
17692,이온음료,제1군수지원사령부,남양유업(주)
17693,바나나맛 우유,제1군수지원사령부,롯데푸드 주식회사
17694,식혜,제1군수지원사령부,롯데칠성음료(주)
17695,떠먹는 발효유,제1군수지원사령부,(주) 현대그린푸드
17696,마시는 발효유,제1군수지원사령부,한샘유통 주식회사
17702,17년 식자재 구매,국방부근무지원단,주식회사 에스피씨삼립
17706,샌드형 쿠키,제1군수지원사령부,한샘유통 주식회사
17707,소시지,제1군수지원사령부,(주)앤에스푸드
17708,즉석순대(용기),제1군수지원사령부,신송식품 (주)
17709,컵스프,제1군수지원사령부,주식회사 만구
17710,초코바,제1군수지원사령부,(학) 연세대학교
17711,스낵류,제1군수지원사령부,주식회사 만구
17712,파이형 쿠키,제1군수지원사령부,라임물산
17713,초코맛 쿠키,제1군수지원사령부,(주)팔도
17731,콜라 등 2종,해군군수사령부,주식회사 류홀마트
17732,콜라 등 2종,해군군수사령부,연우상사
17733,2017년도 생도증식(가지 등 325종) 구매,자운대근무지원연대,한길상사
17735,장조림통조림 등 5종 구매,해군군수사령부,연우상사
17737,"총각김치 6,900KG 제조",해군군수사령부,영주식품
17738,장조림통조림 등 5종 구매,해군군수사령부,삼진유통
17739,장조림통조림 등 5종 구매,해군군수사령부,주식회사 류홀마트
17740,장조림통조림 등 5종 구매,해군군수사령부,연우상사
17741,장조림통조림 등 5종 구매,해군군수사령부,삼진유통
17742,예비군 훈련 도시락 제조납품(4권역),제1989부대,(주)현대푸드시스템
17743,이온음료,제1군수지원사령부,세원정밀
17745,소보루빵,제1군수지원사령부,영베이커리
17747,스낵류,제1군수지원사령부,주주상사
17748,초코바,제1군수지원사령부,다담
17749,생수,제1군수지원사령부,(주)일화
17750,'17년 은마회관 식자재 계약,공군제5공중기동비행단,주식회사 신세계푸드
17761,돈삼겹(국내산) 등 9종,제9181부대,삼마상사
17762,00부대 음식물쓰레기 처리용역,제1862부대,리더
17763,공업용소금 1품목 구매(물자),육군군수사령부,마창케미칼 주식회사
17771,'17년도 공군회관(식자재)공산품 399종(연간)구매,공군항공안전단,주식회사 쓰리에프
17772,"'17년도 공군회관(식자재)축산물,육류 79종(연간)구매",공군항공안전단,성하푸드유통
17773,"'17년도 공군회관(식자재)야채,과일 258종(연간)구매",공군항공안전단,주식회사 라이프가든
17778,간장 등 141종,해군교육사령부,주식회사 권민
17785,17년 설 경축특식 계약 의뢰,제2167부대,라임물산
17788,라면류 등 26품목 구매,제9691부대,주식회사 포승유통
17789,17-P-청룡회관 전반기 식자재 납품,제9227부대,양문유통주식회사
17791,17년 생도증식(건포도 등 146종) 구매,육군사관학교,주식회사 사조에프에스
17806,에이스가든 식자재(생가지외 322품목),공군제17전투비행단,(주)농협충북유통
17808,감자수제비 등 94종,해군작전사령부,주식회사 에스피씨삼립
17809,2017 생도증식 (사과식초 등 152종),공군사관학교,주식회사푸드라인
17810,쇠고기육포 등 5종,제9181부대,주식회사 그린맘
17811,과자류 등 10종,제9181부대,주식회사 포승유통
17812,음료류 등 10종,제9181부대,나임상사
17813,빵류 등 10종,제9181부대,나임상사
17814,라면류 등 9종,제9181부대,나임상사
17816,돈등뼈 등 10종,해군작전사령부,주식회사 류홀마트
17817,간장 고추지 등 12종,해군작전사령부,고려냉장식품 주식회사
17818,일반우유 등 18종,해군작전사령부,빌리브유통협동조합
17819,배추김치 등 8종,해군작전사령부,원정food
17820,감귤 등 11종,해군작전사령부,서진유통
17821,"냉동수육삼겹살 16,000SA 구매",해군군수사령부,진성
17822,17년 설날 경축특식 빵세트 구매,5군수지원사령부,유한회사징코푸드시스템
17824,17년 상반기 토성회관 식자재 육류 계약,제3훈련비행단,농업회사법인주식회사 우리축산유통
17826,냉동꽃게 등 5종,해군작전사령부,서진유통
17828,19년 예비군 도시락 제조 및 납품(1권역),육군 제37보병사단,주식회사행복담은네모
17833,가오리날개(냉동) 등 36종,제7001부대,주식회사 류홀마트
17834,닭고기 등 12종,제7001부대,지(g)-마트
17842,체력단련장 식자재(배추포기김치 등 5품목) 구매,제9691부대,농업회사법인 약속식품주식회사
17850,'19년도 장교/간부 식당 김치류 제조/구매,공군교육사령부,고려냉장식품 주식회사
17857,19년 상반기 토성회관 육류 계약,제3훈련비행단,주식회사 하나로축산기업
17859,분말짜장 등 212품목 구매,제9691부대,주식회사 영진종합유통
17860,돈등뼈 등 16종,해군작전사령부,서진유통
17861,감자수제비 등 93종,해군작전사령부,(주)씨티원서비스
17862,감귤 등 13종,해군작전사령부,서진유통
17863,일반우유 등 21종,해군작전사령부,서진유통
17864,배추김치 등 10종,해군작전사령부,(주)유창상사
17868,'19년 레스큐가든 식자재(감자수제비외 238품목),공군제17전투비행단,다해푸드
17890,간장 고추지 등 14종,해군작전사령부,주식회사 해나람
17893,냉동꽃게 등 5종,해군작전사령부,서진유통
17895,광성회관 식자재 김치류 구매,공군제11전투비행단,중원식품
17896,광성회관 식자재 481종 구매,공군제11전투비행단,씨제이프레시웨이 주식회사
17902,모듬해물 등 4품목,해군 기동함대사령부,영어조합법인신광원
17916,19년 간사교 생도증식 구매,자운대근무지원연대,청아유통
17917,'19년 선수급식(유제품 12종) 구매,국군체육부대,매일종합유통(문경대리점)
17930,19-B-복지시설(연봉회관) 식자재 구매 납품,제9196부대,(주)씨티원서비스
17968,19년 공용복지시설 식자재 구매,국방부계룡대근무지원단,주식회사 신세계푸드
17982,'19년 선수급식(공산품 357종) 구매,국군체육부대,한샘유통 주식회사
17983,'19년 선수급식(축산물 51종) 구매,국군체육부대,주식회사 동영상사
17984,'19년 선수급식(농수산물 320종) 구매,국군체육부대,한샘유통 주식회사
18010,깻잎무침 등 12품목,해군 기동함대사령부,소망영농조합법인
18011,마가렛트 등 19품목,해군 기동함대사령부,주식회사 신제주식품
18012,그린키위 등 10품목,해군 기동함대사령부,주식회사 신제주식품
18013,생선까스 등 8품목,해군 기동함대사령부,주식회사 신제주식품
18014,감자수제비 등 10품목,해군 기동함대사령부,주식회사 제주선인
18015,후르츠칵테일 등 30품목,해군 기동함대사령부,주식회사 신제주식품
18016,콜라음료 등 16품목,해군 기동함대사령부,소망영농조합법인
18017,식빵 등 16품목,해군 기동함대사령부,주식회사 신제주식품
18018,국수 등 15품목,해군 기동함대사령부,소망영농조합법인
18039,19년 학군후보생 동계입영훈련 증식(음료) 구매,육군학생군사학교,세기라인코리아
18046,도서 (아몬드 등 84종) 구매,제8385부대,천일서점
18065,훈련용 전투식량(S형) 구매,제5602부대,주식회사 쿠미오리
18189,'18년 한마음회관 식자재 계약(배추김치2),공군군수사령부,농업회사법인 참미김치 주식회사
18197,돈육 등 92종,제8385부대,다나푸드시스템
18211,00지역 전투식량 구매,제6군단사령부,동진상사
18295,김치냉장고 등 2종,해군작전사령부,오피스웨이 기장점
18312,'18년 한마음회관 식자재 계약(육류),공군군수사령부,주식회사 씨엘미트
18343,타이어스프레이 등 41종 구매,재경근무지원대대,관이네
18350,'18년 한마음회관 식자재계약(배추김치1),공군군수사령부,농업회사법인 참미김치 주식회사
18351,18년 한마음회관 식자재 계약(채소류),공군군수사령부,대명유통
18423,전투식량 대용품(S형) 구매,제5보병사단,(주)씨티원서비스
18437,야외훈련 급식용 전투식량 구매,제15보병사단,한영엔터프라이즈
18534,기혼숙소 인버터가압펌프 설치 납품,제15보병사단,흥남건재
18555,네오드레싱 등 51종,제7001부대,석진메드
18650,미니튀김기 등 4종 구매,제2002부대,오에스케이통상
18660,전술용 방차대 및 광 컨버터 구매,국군지휘통신사령부,씨지에스아이티(주)
18675,00부대 엔진 배부식 송풍기(브로워) 구매,국군제1068부대,가온누리
18795,"양극, 부식방지용 등 31종",해군제3함대사령부,대건상사
18846,18년 S형 전투식량 구매,제1987부대,제이앤제이
18888,돼지고기장조림통조림 등 13종 구매,제9911부대,한샘유통 주식회사
18923,계룡스파텔 한식뷔페 진열대 제조납품,육군인사사령부,주식회사디아이에스
18945,튀김기 등 4종 구매,제9911부대,불토스
18963,파병부대 급식류(김치 등 00품목) 제조/구매납품,육군군수사령부,(주)한일코리아
18972,'18-2차 식품검사대 검사재료 계약의뢰,제1군수지원사령부,랩피온
18984,벽걸이 인버터 에이컨 설치납품(18-329),제2307부대,우수이앤씨주식회사
18999,벽걸이 인버터 에이컨 설치납품(18-329),제2307부대,우수이앤씨주식회사
19005,4분식 식품검사 재료 구매,제7789부대,랩피온
19029,야외훈련 급식용 전투식량(상용품) 구매,제1862부대,탑종합상사
19124,전투식량 S형,급식유류계약팀,주식회사 에스아이케이
19126,전투식량 S형,급식유류계약팀,주식회사 샬롬
19127,전투식량 S형,급식유류계약팀,주식회사 샬롬
19128,전투식량 S형,급식유류계약팀,주식회사 샬롬
19129,전투식량 S형,급식유류계약팀,주식회사 에스아이케이
19237,기름처리제거제 800EA 구매,해군군수사령부,주식회사 길상산업
19351,18년도 장교회관 육류 계약,제3훈련비행단,주식회사 하나로축산기업
19367,전투식량 구매,제3보병사단,주식회사 참미푸드
19535,간식류 구매,제9181부대,주식회사 대선에프에스
19562,탈산스프레이 등 185종,해군본부,신정상사
19580,18-제주-도서전투부식 구매,제9해병여단,주식회사우정상사
19582,홍삼츄말랭이 등 25품목,제9181부대,드림비즈 주식회사
19640,특수수술재료(연조직재건용 콜라겐 보충제) 2차 구매,국군의무사령부,주식회사 굿메드
19641,특수수술재료(생물학적 드레싱류) 2차 구매,국군의무사령부,유한회사 엔디클릭
19682,참깨건빵,급식유류계약팀,상일제과주식회사
19704,야채건빵,급식유류계약팀,상일식품(주)
19705,야채건빵,급식유류계약팀,상일식품(주)
19706,야채건빵,급식유류계약팀,주식회사 금풍제과
19707,야채건빵,급식유류계약팀,주식회사 신흥제과
19708,참깨건빵,급식유류계약팀,상일식품(주)
19709,참깨건빵,급식유류계약팀,상일식품(주)
19710,참깨건빵,급식유류계약팀,주식회사 신흥제과
19725,일회용드레싱 포셉킷 1품목 구매(물품),육군군수사령부,제이디건설기계 주식회사
19736,마가렛트 등 25품목,해군 기동함대사령부,소망영농조합법인
19737,그린키위 등 11품목,해군 기동함대사령부,소망영농조합법인
19738,생선까스 등 14품목,해군 기동함대사령부,소망영농조합법인
19739,감자수제비 등 15품목,해군 기동함대사령부,소망영농조합법인
19750,(18-F017)스프레이 부스 제조 및 설치,공군제17전투비행단,주식회사 현대케미칼
19795,특수피복(폭발물처리반 작전복 등 4종) 구매,해군군수사령부,다보상사
19808,비호 스프링등5종 구매,육군종합정비창,대성테크
19811,무청시래기 계약의뢰,제1군수지원사령부,농업회사법인펀치볼주식회사
19821,건조 무청시래기 제조(구매)납품,제7789부대,주식회사 해나람
19859,'18년 무청시래기 구매,제2군수지원여단,농업회사법인펀치볼주식회사
19871,캔식품검사기 등 4항목 구매(물품),육군군수사령부,사라의료기
19911,무청시래기,제3군수지원여단,농업회사법인 소르젠골드 주식회사
19935,'18년 부대조달부식(무청시래기) 구매,5군수지원사령부,농업회사법인 소르젠골드 주식회사
19940,'18년 부대조달부식(무청시래기) 구매,5군수지원사령부,농업회사법인 소르젠골드 주식회사
19955,음료류 구매,제9181부대,승천모바일(이마트부평점)
19956,쌀과자류 구매,제9181부대,샘물
19990,감자 등 61종 구매,제9911부대,동부청과유통
20001,18년 무청시래기 구매 계약,제2167부대,농업회사법인 주식회사 태강에프앤에스
20022,생수 구매,제9181부대,신명
20023,제전복 등 3종,제9121부대,성화종합상사
20049,추석 경축특식(과자세트) 제조 / 구매,제7789부대,아름상사
20066,생수 등 23품목 구매,연평부대,금성
20067,사각어묵 등 15종 구매,제9911부대,한샘유통 주식회사
20084,지휘관 및 주임원사 휘장류 제조,육군본부,신명
20095,전기튀김기 구매,제8385부대,(주)동건
20121,육군회관 식자재 000종 구매,육군인사사령부,주식회사 현대그린푸드
20130,'18년 추석 경축 특식(핫바세트),5군수지원사령부,대승상사
20131,'18년 국군의 날 경축 특식(냉동조각케익),5군수지원사령부,한국유통
20137,정맥주사 인조피부 등 5종 구매,국군의무학교,(주)동성메디칼
20155,'18년 영내자 증식용 떡 제조 납품,제1729부대,화천쌀가공협회영농조합법인
20156,'18년 영내자 증식용 떡 제조 납품,제1729부대,화천쌀가공협회영농조합법인
20198,"경축일(추석, 국군의날) 특식 구매",제9181부대,(주)씨티원서비스
20203,공군교육사령부 장교/간부식당 식자재 구매,공군교육사령부,(주) 현대그린푸드  영남센터
20208,국군의 날 경축특식(훈제치킨) 계약,제1군수지원사령부,한국유통
20209,국군의 날 경축특식(훈제치킨) 계약,제1군수지원사령부,한국유통
20222,의약품(아바미스 나잘 스프레이 등 59종) 구매,해군사관학교,주식회사 연승약품
20232,'18년 추석경축특식(냉동 슈),제2군수지원여단,주식회사 에스피씨삼립
20253,커피머신 구매,제3170부대,헵시바상사
20290,공군회관 식자재(공산품) 383종(4개월간) 구매,공군항공안전단,주식회사 라이프가든
20316,18년 국군의 날 경축특식(브라우니) 구매,제2167부대,주식회사 기현식품
20346,국군의날 경축특식(핫바세트) 구매,제7789부대,푸른
20353,양념분쇄기 구매,제3170부대,주식회사 부창산업
20368,18년 국군의날 경축특식(냉동 롤케이크)구매,제2군수지원여단,장가네제과
20371,추석 경축특식 냉동슈,제3군수지원여단,주식회사 에스피씨삼립
20380,3분기 식품검사 재료구매,제7789부대,(주)씨티원서비스
20385,전기 구이기 등 6종 구매,해군제3함대사령부,(유)한일상사
20391,바나나,제2군수지원여단,만보유통
20434,광컨버터 등 74품목 구매,제9691부대,주식회사 정호
20438,스프링시험기 1품목 제조(궤도),육군군수사령부,정현테크
20444,추석 경축특식(아이스크림롤케익) 계약,제1군수지원사령부,주식회사 제이와이인터내셔널
20472,휘장류 및 포제류 제조 납품,육군사관학교,성지EMB
20474,체력단련장 식자재 구매,육군인사사령부,한샘유통 주식회사
20497,부품대대 - AC파워소스/AC전원공급기 등 2품목 구매,공군제15특수임무비행단,씨원
20530,국군의날 경축특식 냉동롤케이크,제3군수지원여단,장가네제과
20567,"밸브,버섯형,엔진용 등 3종",해군군수사령부,주식회사 미래정밀
20594,국방컨벤션 주류 구매,국군복지단,유한회사 태양주류
20607,카페트타일 구매,해군사관학교,아들상사
20616,"밸브,버섯형,엔진용 등 3종",해군군수사령부,주식회사 미래정밀
20669,바나나,제3군수지원여단,주식회사 에이치에스유통
20673,VGA to HDMI 컨버터 등 79종 구매,해군사관학교,찰스인코리아
20685,멸균흰우유 등 5종 구매,제9911부대,(주)유천시스템
20686,단무지 등 78종 구매,제9911부대,주식회사 대흥푸드
20687,배추썰은 포기김치 등 8종 구매,제9911부대,다솜식품
20688,수육용삼겹살 등 5종 구매,제9911부대,삼진유통
20694,18년 추석경축특식(훈제닭다리)구매,제2167부대,한국유통
20760,블랙다이아몬드 컷터 등 76품목,해군제1수리창,복영시스템
20796,식품절단기 등 3항목 구매(물자),육군군수사령부,화진정공
20817,"스프링,판형 등 15종",해군군수사령부,범한산업 주식회사
20835,파병부대(김치 등 00종) 제조 / 구매납품,제7789부대,고려냉장식품 주식회사
20836,'18년 시험급식품목(생선조림양념장) 구매,5군수지원사령부,본토탈푸드주식회사
20837,'18년 시험급식품목(매콤만능양념장) 구매,5군수지원사령부,본토탈푸드주식회사
20838,'18년 시험급식품목(굴소스) 구매,5군수지원사령부,본토탈푸드주식회사
20842,과자류 등 2품목,제9181부대,만나기획
20856,계룡스파텔 식자재 구매,육군인사사령부,주식회사 신세계푸드
20857,계룡스파텔 식자재 구매,육군인사사령부,주식회사 신세계푸드
20883,"밸브,버섯형,엔진용 1종",해군군수사령부,수연상사
20900,18년 생도피복(예식용품류) 구매계약,육군3사관학교,제일 몰
20901,18년 생도피복(예식용품 양말류)제조 구매계약,육군3사관학교,서한섬유
20927,18-공군 컨테이너형 독서 카페 제조 설치,국군재정관리단,대교콘테이너
20946,실체현미경 1EA 구매,해군군수사령부,아이오티씨앤씨
20969,'18년 시험급식품목(계란후라이) 구매,5군수지원사령부,청윤
21003,락카스프레이 등 89품목,제9해병여단,만복통상
21005,독서카페(6동) 제작설치,국군재정관리단,두영이엔시
21014,"(18-0125)필라멘트, 울템용외 1품목",공군제17전투비행단,프로토쓰리디
21179,냉동생면 구매,해군군수사령부,연우상사
21181,핫바 구매,해군군수사령부,연우상사
21184,18년 복지시설 식자재 구매,국방부계룡대근무지원단,(주)아워홈 계룡영업소
21233,’18 제1전투비행단 영외자식당 김치류 구매계약,공군제1전투비행단,두메자연김치
21256,'18년 기초훈련장병 부대조달증식(맛밤),5군수지원사령부,주식회사 동영상사
21260,'18년 기초훈련장병 부대조달증식(견과류형 초코바),5군수지원사령부,주식회사 엔미디어솔루션
21289,로타리 햄머드릴 등 24종,해군제2수리창,라이언상사
21302,간부식당 냉동창고 냉각기 세트 교체/설치,국군의무사령부,유진시스템
21303,"18년 광복절 경축특식 빵세트(조각케익,냉동케익)",제2군수지원여단,주식회사 에스피씨삼립
21336,쇠고기장조림,급식유류계약팀,주식회사 남부식품
21338,광복절 경축특식 빵세트,제3군수지원여단,한국유통
21390,만두(포자형),급식유류계약팀,(주)동원에프앤비
21391,만두(포자형),급식유류계약팀,주식회사 푸르온
21392,만두(포자형),급식유류계약팀,주식회사 서원푸드
21418,50%포도당 주사액 등 73종,제7001부대,티엠이바이오 주식회사
21428,부교자재 부품,일반장비계약팀 (구:19.09.16),대성테크
21476,자장면,급식유류계약팀,(주)면사랑
21477,자장면,급식유류계약팀,(주)면사랑
21516,"양극,전류용,음극방어 부식방지용 등 8종",해군군수사령부,(주) 영창기술원
21528,해병대 독서카페 제작설치,국군재정관리단,주식회사 디에스나이키
21560,18년 시험급식품목(깐쇼새우) 구매,제2167부대,(주)태림에프웰
21568,제헌절 특식(과자세트) 구매,제9181부대,에스더 기획
21596,18년 광복절 경축특식(조각케익),제2167부대,한샘유통 주식회사
21610,'18년 제헌절 경축 특식(냉동슈),5군수지원사령부,대승상사
21611,"18년 제헌절 경축특식 빵세트(조각케익, 냉동케익)",제2군수지원여단,청윤
21612,광복절 경축특식 구매(냉동슈),제1군수지원사령부,한국유통
21710,쫄면,급식유류계약팀,(주)면사랑
21735,의약품(아바미스 나잘 스프레이 등 107종) 구매,해군사관학교,윤진메디칼주식회사
21739,감자칼/야채칼 등 22종 구매,제9911부대,제네시스
21752,경축특식 광복절(과자세트) 구매,제7789부대,다다유통
21753,경축특식 제헌절(핫바세트) 구매,제7789부대,푸른
21785,'18년 광복절 경축 특식(냉동롤케이크),5군수지원사령부,장가네제과
21787,"제헌절 경축특식 구매(냉동도넛,핫바세트)",제1군수지원사령부,한국유통
21809,팝콘형 치킨,급식유류계약팀,(주)태림에프웰
21852,흉장 및 휘장류 24종,공군군수사령부,지우실업 주식회사
21856,영외자식당 (장교/간부식당) 식자재 계약,공군제1전투비행단,주식회사 신세계푸드
21907,18년도 후반기 토성회관 식자재 육류 계약,제3훈련비행단,주식회사 하나로축산기업
21912,18년 제헌절 경축특식(과자세트) 구매,제2167부대,다다유통
21916,"18년도 후반기 토성회관 식자재 채소류, 공산품 계약",제3훈련비행단,한양상사
21920,떡볶이떡,급식유류계약팀,삼오종합식품 주식회사
21923,특전복,물자계약팀,주식회사 무궁화용사촌에프앤씨(F&C)
21924,떡국떡,급식유류계약팀,삼오종합식품 주식회사
21961,봉오리 기혼숙소 노후 보일러 설치납품,제15보병사단,주식회사 천광
21980,스킨케어스프레이 등 15항목 구매(해파),육군군수사령부,엠앤에스코리아
21985,가락국수,급식유류계약팀,(주)면사랑
21986,가락국수,급식유류계약팀,(주)면사랑
21987,가락국수,급식유류계약팀,(주)면사랑
21988,가락국수,급식유류계약팀,(주)면사랑
21989,자장면,급식유류계약팀,(주)면사랑
21990,자장면,급식유류계약팀,(주)면사랑
21991,제헌절 경축특식 과자세트,제3군수지원여단,조은유통
22079,의약품 등(코푸시럽 등 87종) 구매,제8385부대,제이팜주식회사
22102,18년 백령도 조미료류 구매 납품,제9196부대,호미식품
22112,돈삼겹(국내산) 등 8품목(청룡회관 육류 구매 납품),제9181부대,주식회사 한국클린푸드
22135,스파게티,급식유류계약팀,농업회사법인 현농주식회사
22136,쫄면,급식유류계약팀,(주)동성식품
22137,쫄면,급식유류계약팀,(주)동성식품
22138,쫄면,급식유류계약팀,(주)동성식품
22157,"축,어깨형 등 76항목 제조(자주포)",육군군수사령부,주식회사 세강산업
22188,18년도 공군교육사령부 김치류 완제품 제조납품,공군교육사령부,주식회사 정우식품
22207,통닭박스(1마리용) 등 9종,해군군수사령부,주영
22293,자장소스,급식유류계약팀,(주)그린
22294,해물비빔소스,급식유류계약팀,삼오종합식품 주식회사
22295,해물비빔소스,급식유류계약팀,(주)그린
22296,해물비빔소스,급식유류계약팀,(주)미정
22297,해물비빔소스,급식유류계약팀,(주)그린
22298,육고기비빔소스,급식유류계약팀,(주)미정
22299,육고기비빔소스,급식유류계약팀,(주)그린
22300,육고기비빔소스,급식유류계약팀,(주)미정
22301,육고기비빔소스,급식유류계약팀,주식회사 남부식품
22302,카레소스,급식유류계약팀,에스와이푸드 주식회사
22303,카레소스,급식유류계약팀,주식회사 남부식품
22304,카레소스,급식유류계약팀,(주)미정
22305,카레소스,급식유류계약팀,(주)복천식품
22306,자장소스,급식유류계약팀,에스와이푸드 주식회사
22307,자장소스,급식유류계약팀,에스와이푸드 주식회사
22308,자장소스,급식유류계약팀,에스와이푸드 주식회사
22434,보존식용기 등 2항목 구매(물자),육군군수사령부,다온유통
22508,18년 학군후보생 하계입영훈련 증식(음료) 구매,육군학생군사학교,그린종합사무기
22517,"축,어깨형 1종",해군군수사령부,주식회사 도리스엔지니어링
22521,가지 등 163품목(청룡회관 식자재 구매 납품),제9181부대,주식회사 갑목
22523,18년 증식용 떡 및 케이크 구매,제1862부대,화천쌀가공협회영농조합법인
22575,18-210 감자칼 등 73품목,공군교육사령부,대명상사
22614,탕수육,급식유류계약팀,주식회사 한맥식품
22619,망고음료,급식유류계약팀,델로스에프앤비 주식회사
22620,오렌지주스,급식유류계약팀,매일유업 주식회사
22631,비호 스프링구매,육군종합정비창,이든산업
22713,보일러약품(음료용 방청제 등 10종) 구매,국방부계룡대근무지원단,(주)경인
22720,햄슬라이스(경쟁),급식유류계약팀,(주)태림에프웰
22734,컨버터 등 355종 구매 납품,제9196부대,태광일렉컴
22775,조미김(세절형),급식유류계약팀,홍도식품
22776,조미김(세절형),급식유류계약팀,성원물산
22777,조미김(세절형),급식유류계약팀,홍도식품
22778,조미김(세절형),급식유류계약팀,성원물산
22933,파인애플음료,급식유류계약팀,대한민국고엽제전우회
22934,미트볼,급식유류계약팀,주식회사 만구
22942,시리얼(초코맛후레이크),급식유류계약팀,동서식품주식회사
22990,복숭아음료,급식유류계약팀,대한민국고엽제전우회
22993,물엿,급식유류계약팀,동희 주식회사
22994,사과주스,급식유류계약팀,대한민국고엽제전우회
22995,사과주스,급식유류계약팀,매일유업 주식회사
22996,사과주스,급식유류계약팀,대경사과원예농업협동조합
22997,김장김치,급식유류계약팀,에스와이푸드 주식회사
22999,포도주스,급식유류계약팀,매일유업 주식회사
23000,포도주스,급식유류계약팀,대한민국고엽제전우회
23001,포도주스,급식유류계약팀,코카콜라음료주식회사
23002,선택김치류(8지역),급식유류계약팀,(주)동진푸드
23003,선택김치류(8지역),급식유류계약팀,(주)임진강김치
23004,선택김치류(8지역),급식유류계약팀,주식회사 옥종합식품
23005,선택김치류(8지역),급식유류계약팀,주식회사 정우식품
23006,선택김치류(8지역),급식유류계약팀,농업회사법인 유한회사 일품김치
23007,선택김치류(7지역),급식유류계약팀,강화섬김치
23008,선택김치류(7지역),급식유류계약팀,(주)동진푸드
23009,선택김치류(7지역),급식유류계약팀,(주)임진강김치
23010,선택김치류(7지역),급식유류계약팀,선화식품주식회사
23011,선택김치류(6지역),급식유류계약팀,농업회사법인 유한회사 일품김치
23012,선택김치류(6지역),급식유류계약팀,농업회사법인 한백냉장식품 주식회사
23013,선택김치류(6지역),급식유류계약팀,농업회사법인 한백냉장식품 주식회사
23014,선택김치류(6지역),급식유류계약팀,농업회사법인 유한회사 일품김치
23015,선택김치류(5지역),급식유류계약팀,(주)동진푸드
23016,선택김치류(5지역),급식유류계약팀,세광식품(주)
23017,선택김치류(5지역),급식유류계약팀,농업회사법인 유한회사 일품김치
23018,선택김치류(5지역),급식유류계약팀,(주)이씨네식품
23019,선택김치류(4지역),급식유류계약팀,(주)임진강김치
23020,선택김치류(4지역),급식유류계약팀,농업회사법인 한백냉장식품 주식회사
23021,선택김치류(4지역),급식유류계약팀,(주)임진강김치
23022,선택김치류(4지역),급식유류계약팀,농업회사법인 한백냉장식품 주식회사
23023,선택김치류(3지역),급식유류계약팀,(주)동진푸드
23024,선택김치류(3지역),급식유류계약팀,농업회사법인 유한회사 일품김치
23025,선택김치류(3지역),급식유류계약팀,(주)임진강김치
23026,선택김치류(3지역),급식유류계약팀,선화식품주식회사
23027,선택김치류(2지역),급식유류계약팀,농업회사법인 유한회사 일품김치
23028,선택김치류(2지역),급식유류계약팀,농업회사법인 한백냉장식품 주식회사
23029,선택김치류(2지역),급식유류계약팀,농업회사법인 유한회사 일품김치
23030,선택김치류(2지역),급식유류계약팀,(주)이씨네식품
23031,선택김치류(1지역),급식유류계약팀,농업회사법인 한백냉장식품 주식회사
23032,선택김치류(1지역),급식유류계약팀,선화식품주식회사
23033,선택김치류(1지역),급식유류계약팀,(주)한일코리아
23034,깍두기(임가공),급식유류계약팀,(주)늘푸른
23035,깍두기(임가공),급식유류계약팀,농업회사법인 한백냉장식품 주식회사
23036,깍두기(임가공),급식유류계약팀,농업회사법인 유한회사 일품김치
23037,깍두기(임가공),급식유류계약팀,(주)우리집식품
23038,깍두기(임가공),급식유류계약팀,강화섬김치
23039,깍두기(임가공),급식유류계약팀,(주)그린
23040,깍두기(임가공),급식유류계약팀,농업회사법인 주식회사 봄내
23041,깍두기(임가공),급식유류계약팀,세광식품(주)
23042,총각김치,급식유류계약팀,세광식품(주)
23043,총각김치,급식유류계약팀,강화섬김치
23044,총각김치,급식유류계약팀,에스와이푸드 주식회사
23045,총각김치,급식유류계약팀,에스와이푸드 주식회사
23046,총각김치,급식유류계약팀,농업회사법인 주식회사 봄내
23047,총각김치,급식유류계약팀,농업회사법인 한백냉장식품 주식회사
23048,총각김치,급식유류계약팀,세광식품(주)
23049,총각김치,급식유류계약팀,주식회사 옥종합식품
23050,열무김치,급식유류계약팀,(주)우리집식품
23051,열무김치,급식유류계약팀,농업회사법인 주식회사 봄내
23052,열무김치,급식유류계약팀,농업회사법인 한백냉장식품 주식회사
23053,열무김치,급식유류계약팀,농업회사법인 한백냉장식품 주식회사
23054,열무김치,급식유류계약팀,(주)우리집식품
23055,열무김치,급식유류계약팀,농업회사법인 한백냉장식품 주식회사
23056,열무김치,급식유류계약팀,주식회사 옥종합식품
23057,열무김치,급식유류계약팀,에스와이푸드 주식회사
23058,배추김치(임가공),급식유류계약팀,농업회사법인 한백냉장식품 주식회사
23059,배추김치(임가공),급식유류계약팀,농업회사법인 한백냉장식품 주식회사
23060,배추김치(임가공),급식유류계약팀,에스와이푸드 주식회사
23061,배추김치(임가공),급식유류계약팀,주식회사 옥종합식품
23062,배추김치(임가공),급식유류계약팀,(주)임진강김치
23063,배추김치(임가공),급식유류계약팀,(주)그린
23064,배추김치(임가공),급식유류계약팀,(주)우리집식품
23065,배추김치(임가공),급식유류계약팀,농업회사법인 주식회사 봄내
23066,깍두기(완제품),급식유류계약팀,강화섬김치
23067,깍두기(완제품),급식유류계약팀,주식회사 옥종합식품
23068,깍두기(완제품),급식유류계약팀,농업회사법인 유한회사 일품김치
23069,깍두기(완제품),급식유류계약팀,(주)임진강김치
23070,깍두기(완제품),급식유류계약팀,(주)늘푸른
23071,깍두기(완제품),급식유류계약팀,(주)신세대푸드
23072,깍두기(완제품),급식유류계약팀,미성식품(주)
23073,깍두기(완제품),급식유류계약팀,농업회사법인 주식회사 봄내
23074,배추김치(완제품),급식유류계약팀,농업회사법인 한백냉장식품 주식회사
23075,배추김치(완제품),급식유류계약팀,에스와이푸드 주식회사
23076,배추김치(완제품),급식유류계약팀,강화섬김치
23077,배추김치(완제품),급식유류계약팀,(주)그린
23078,배추김치(완제품),급식유류계약팀,(주)동진푸드
23079,배추김치(완제품),급식유류계약팀,농업회사법인 주식회사 봄내
23080,배추김치(완제품),급식유류계약팀,농업회사법인 유한회사 일품김치
23081,배추김치(완제품),급식유류계약팀,농업회사법인 유한회사 일품김치
23082,김장김치,급식유류계약팀,(주)늘푸른
23083,김장김치,급식유류계약팀,농업회사법인 유한회사 일품김치
23084,김장김치,급식유류계약팀,(주)우리집식품
23085,김장김치,급식유류계약팀,농업회사법인 주식회사 봄내
23086,김장김치,급식유류계약팀,(주)임진강김치
23087,김장김치,급식유류계약팀,농업회사법인 유한회사 일품김치
23088,김장김치,급식유류계약팀,주식회사 옥종합식품
23090,부식류 재포장재료 구매,제7789부대,동진상사
23099,"스프링,잠금형 등 19항목 제조(총포)",육군군수사령부,예지정밀
23136,"스프링,나선형,인장용 등 23항목 구매(기장)",육군군수사령부,용진H&C
23159,전기밥솥 등 40품목 구매,연평부대,(주)유니월드
23162,50% 포도당주사액 등 105종(의약품),제7001부대,주식회사 재현약품
23166,광컨버터 등 6항목 구매(물자),육군군수사령부,삼성씨엔에스(주)
23177,18년 포제휘장류,물자계약팀,주식회사 킴블스
23197,18년 철제휘장류,물자계약팀,두원(DO1)
23219,18년 상반기 장교회관 식자재(육류)계약,제3훈련비행단,주식회사 하나로축산기업
23229,전기 통닭구이기 등 2종 구매,해군군수사령부,청정산업
23241,부식류 재포장 재료,제3군수지원여단,재은유통
23250,김치냉장고 3EA,해군 기동함대사령부,주식회사 복은
23256,18년 부식류 재포장 재료,제2군수지원여단,주식회사 심우
23265,치즈,급식유류계약팀,매일유업 주식회사
23267,햄슬라이스(경쟁),급식유류계약팀,(주)태림에프웰
23268,햄슬라이스(경쟁),급식유류계약팀,주식회사 하이푸드텍
23269,햄슬라이스(경쟁),급식유류계약팀,주식회사 하이푸드텍
23280,치킨너겟,급식유류계약팀,(주)태림에프웰
23317,건빵,급식유류계약팀,주식회사 금풍제과
23318,건빵,급식유류계약팀,상일제과주식회사
23319,건빵,급식유류계약팀,상일제과주식회사
23320,건빵,급식유류계약팀,주식회사 금풍제과
23348,18년 부식 재포장재료 구매,제2167부대,주식회사 심우
23355,불고기패티2형,급식유류계약팀,주식회사 한맥식품
23356,불고기패티2형,급식유류계약팀,주식회사 한맥식품
23357,불고기패티2형,급식유류계약팀,주식회사 한맥식품
23358,불고기패티2형,급식유류계약팀,(주)디아이
23359,매실피클,급식유류계약팀,주식회사 엔엘푸드
23364,시리얼(옥수수맛후레이크),급식유류계약팀,동서식품주식회사
23376,시리얼(쌀맛후레이크),급식유류계약팀,동서식품주식회사
23396,콜라 등 31종 구매,제2002부대,모아상사
23439,양념시래기,해군군수사령부,연우상사
23440,"볼트, 리브어깨형",일반장비계약팀 (구:19.09.16),(주)세계하이테크
23448,파병부대(김치 등 00종) 제조 / 구매납품,제7789부대,고려냉장식품 주식회사
23472,불고기양념(쇠고기용),급식유류계약팀,(주)오뚜기
23475,만두(군만두형),급식유류계약팀,주식회사 서원푸드
23476,불고기양념(돼지고기용),급식유류계약팀,삼오종합식품 주식회사
23520,소시지,급식유류계약팀,(주)태림에프웰
23521,소시지,급식유류계약팀,(주)태림에프웰
23522,소시지,급식유류계약팀,주식회사 하이푸드텍
23523,소시지,급식유류계약팀,(주)복천식품
23525,미트볼,급식유류계약팀,(주)태림에프웰
23526,미트볼,급식유류계약팀,(주)복천식품
23527,미트볼,급식유류계약팀,주식회사 만구
23561,스프링클러 릴호스 등 15종 구매,제9911부대,주식회사백운
23570,복합조미료(쇠고기맛),급식유류계약팀,대상주식회사
23572,천일염,급식유류계약팀,홍도식품
23575,오이피클,급식유류계약팀,주식회사 엔엘푸드
23576,마요네즈,급식유류계약팀,대상주식회사
23591,소시지2형,급식유류계약팀,주식회사 오뗄
23592,소시지2형,급식유류계약팀,(주)태림에프웰
23593,소시지2형,급식유류계약팀,(주)태림에프웰
23594,소시지2형,급식유류계약팀,(주)태림에프웰
23691,생수 등 53품목 구매,제9691부대,무릉도원
23704,비엔나소시지,급식유류계약팀,(주)동원에프앤비
23707,햄,급식유류계약팀,(주)복천식품
23708,햄,급식유류계약팀,(주)복천식품
23709,햄,급식유류계약팀,(주)태림에프웰
23710,햄,급식유류계약팀,주식회사 하이푸드텍
23711,새우 패티,급식유류계약팀,(주)디아이
23712,새우 패티,급식유류계약팀,주식회사 부산어묵
23713,새우 패티,급식유류계약팀,주식회사 부산어묵
23714,새우 패티,급식유류계약팀,(주)디아이
23715,된장,급식유류계약팀,주식회사 참고을
23716,비엔나소시지,급식유류계약팀,(주)복천식품
23717,비엔나소시지,급식유류계약팀,(주)태림에프웰
23737,"양극,부식방지용 등 2종 구매",해군군수사령부,수성엠앤디
23752,쌈장,급식유류계약팀,동해식품(주)
23755,즉석쌀국수(멸치맛),급식유류계약팀,농업회사법인 현농주식회사
23756,순두부,급식유류계약팀,엠플러스에프엔씨 주식회사
23757,포장두부,급식유류계약팀,엠플러스에프엔씨 주식회사
23758,즉석쌀국수(사골맛),급식유류계약팀,(주)한스코리아
23759,즉석쌀국수(사골맛),급식유류계약팀,(주)한스코리아
23760,즉석쌀국수(사골맛),급식유류계약팀,농업회사법인 현농주식회사
23761,즉석쌀국수(사골맛),급식유류계약팀,(주)한스코리아
23762,즉석쌀국수(멸치맛),급식유류계약팀,(주)한스코리아
23763,즉석쌀국수(멸치맛),급식유류계약팀,(주)미정
23764,즉석쌀국수(멸치맛),급식유류계약팀,(주)한스코리아
23766,게맛살,급식유류계약팀,(주)동원에프앤비
23768,감자튀김,급식유류계약팀,(주)태림에프웰
23770,고추장,급식유류계약팀,주식회사 참고을
23771,햄버거빵(2형),급식유류계약팀,(주)디아이
23772,핫도그빵,급식유류계약팀,(주)태림에프웰
23773,핫도그빵,급식유류계약팀,상일제과주식회사
23774,핫도그빵,급식유류계약팀,(유)목양
23775,핫도그빵,급식유류계약팀,(주)태림에프웰
23776,햄버거빵(2형),급식유류계약팀,상일제과주식회사
23777,햄버거빵(2형),급식유류계약팀,(유)목양
23778,햄버거빵(2형),급식유류계약팀,(주)디아이
23804,튀김가루,급식유류계약팀,대한제분(주)
23805,감자전분,급식유류계약팀,세광식품(주)
23806,양념치킨소스,급식유류계약팀,주식회사 한맥푸드
23807,스파게티소스,급식유류계약팀,삼오종합식품 주식회사
23808,머스타드소스,급식유류계약팀,(주)오뚜기
23809,타르타르소스,급식유류계약팀,(주)오뚜기
23810,볶은참깨,급식유류계약팀,오뚜기제유 주식회사
23811,표고버섯 가루,급식유류계약팀,삼오종합식품 주식회사
23835,혼합간장,급식유류계약팀,주식회사 참고을
23845,국수(소면) 등 174종 구매,해군제3함대사령부,주식회사 형제푸드
23871,타이어 스프레이 등 58종,재경근무지원대대,레져컴퍼니
23890,35사단 전투식량 구매납품(2차),제2632부대,(주)참맛
23894,발열식 전투식량 4종 제조납품,제3697부대,(주)참맛
23915,물냉면,급식유류계약팀,(주)면사랑
23916,콩나물,급식유류계약팀,주식회사 참고을
23917,콩나물,급식유류계약팀,엠플러스에프엔씨 주식회사
23918,콩나물,급식유류계약팀,농업회사법인 이조은산소 주식회사
23919,콩나물,급식유류계약팀,엠플러스에프엔씨 주식회사
23920,순두부,급식유류계약팀,엠플러스에프엔씨 주식회사
23921,순두부,급식유류계약팀,엠플러스에프엔씨 주식회사
23922,순두부,급식유류계약팀,엠플러스에프엔씨 주식회사
23923,포장두부,급식유류계약팀,엠플러스에프엔씨 주식회사
23924,포장두부,급식유류계약팀,엠플러스에프엔씨 주식회사
23925,포장두부,급식유류계약팀,엠플러스에프엔씨 주식회사
23926,비빔냉면,급식유류계약팀,(주)면사랑
23927,비빔냉면,급식유류계약팀,(주)면사랑
23928,비빔냉면,급식유류계약팀,(주)면사랑
23929,비빔냉면,급식유류계약팀,(주)면사랑
23930,물냉면,급식유류계약팀,(주)면사랑
23931,물냉면,급식유류계약팀,(주)면사랑
23932,물냉면,급식유류계약팀,(주)면사랑
23951,바나나,제2군수지원여단,대상실업
23956,바나나,제3군수지원여단,대상실업
23985,참기름,급식유류계약팀,씨제이제일제당주식회사
24000,프레스햄 통조림 등 13종,해군 기동함대사령부,오도유통
24001,모듬견과 등 12종,해군 기동함대사령부,오도유통
24022,압력밥솥 등 2종,제7001부대,주식회사 이음
24025,"기름제거용지(팩형) 4,000PZ 구매",해군군수사령부,(주)디에스인프라
24043,수산화나트륨등11종구매,육군종합정비창,삼일이화학상사
24069,돈삼겹(국내산) 등 8품목,제9181부대,주식회사 한국클린푸드
24108,'18년 영내자 떡급식 제조/구매,제55보병사단,사군자식품
24117,휘장류(수색취장등 17품목),제3283부대,군장코퍼레이션
24143,생수(제조 / 구매),제7789부대,롯데웰푸드 주식회사
24144,단무지,급식유류계약팀,주식회사 한일식품
24176,골뱅이통조림,급식유류계약팀,에스와이푸드 주식회사
24177,골뱅이통조림,급식유류계약팀,에스와이푸드 주식회사
24178,골뱅이통조림,급식유류계약팀,(주)디아이
24179,골뱅이통조림,급식유류계약팀,에스와이푸드 주식회사
24180,고추참치통조림,급식유류계약팀,(주)디아이
24181,고추참치통조림,급식유류계약팀,에스와이푸드 주식회사
24182,고추참치통조림,급식유류계약팀,(주)디아이
24183,고추참치통조림,급식유류계약팀,(주)디아이
24207,생선묵(튀김),급식유류계약팀,주식회사 남부식품
24208,생선묵(떡볶이용),급식유류계약팀,주식회사 남부식품
24209,생선묵(떡볶이용),급식유류계약팀,(주)그린
24210,생선묵(떡볶이용),급식유류계약팀,(주)환공식품
24211,생선묵(떡볶이용),급식유류계약팀,주식회사 만구
24212,생선묵(튀김),급식유류계약팀,주식회사 부산어묵
24213,생선묵(튀김),급식유류계약팀,유성씨앤에프(주)양주
24214,생선묵(튀김),급식유류계약팀,(주)환공식품
24215,조미김(8절형),급식유류계약팀,(주)대창식품
24216,조미김(8절형),급식유류계약팀,주식회사 장보고물산
24217,조미김(8절형),급식유류계약팀,(주)대창식품
24218,조미김(8절형),급식유류계약팀,성원물산
24219,조미김(8절형),급식유류계약팀,(주)대창식품
24220,조미김(8절형),급식유류계약팀,에스와이푸드 주식회사
24221,조미김(8절형),급식유류계약팀,에스와이푸드 주식회사
24222,조미김(8절형),급식유류계약팀,(유)제일물산
24223,김자반,급식유류계약팀,선일물산(주)
24224,생선가스,급식유류계약팀,(주)태림에프웰
24227,생선가스,급식유류계약팀,주식회사 한맥식품
24228,생선가스,급식유류계약팀,(주)서울식품
24280,음식물분쇄기 등 17종 구매,해군제3함대사령부,동서종합상사
24338,18년 복지시설 식자재 구매,국방부근무지원단,주식회사 현대그린푸드
24368,18년 금성식당 식자재 구매,공군제7항공통신전대,한샘유통 주식회사
24396,운관대 - 이동식초소 구매,공군제15특수임무비행단,아주철강주식회사
24403,바나나,제1군수지원사령부,만보유통
24506,18-6-특수근무자 증식,제5738부대,제이에스탑
24511,'18년 생수 구매(B권역),5군수지원사령부,해태제과식품(주)
24512,'18년 생수 구매(A권역),5군수지원사령부,주식회사 푸드머스
24527,롤 카페트 납품/설치,제7001부대,예광
24534,미니 풀테이프 284품목,제9181부대,시흥하역
24588,기름제거처리제 180PL 구매,해군군수사령부,주식회사오성엔에이치
24589,'18년 복지회관 및 체력단련장 식자재 통합구매,특수전사령부,주식회사 현대그린푸드
24590,즉석순대(용기),제2군수지원여단,주식회사 도야지식품
24682,바나나 구매,제7789부대,주식회사 영풍농산물
24717,까스활명수큐액 등 95종,제7001부대,(주)석호약품
24724,18년 영내자 증식(떡) 연간 구매,공군교육사령부,주식회사 참진주로컬푸드 농업회사법인
24741,코푸시럽 등 26종(3월),해군 기동함대사령부,주식회사 경인약품
24757,꿀호떡,제1군수지원사령부,주식회사 예인컴퍼니
24758,핫바소시지,제1군수지원사령부,매쉬미디어(주)
24759,소시지,제1군수지원사령부,세일상사
24763,(18-0021)구조작전복,공군제17전투비행단,주식회사백운
24835,마시는 발효유,제3군수지원여단,주식회사 제이브로
24865,가스 튀김기 등 5품목,제9181부대,내일환경관리
24881,즉석오뎅(용기어묵),제2군수지원여단,청윤
24882,핫바소시지,제2군수지원여단,주식회사 두준
24889,1분기 식품검사 재료 구매,제7789부대,주식회사 성창사이언스
24893,조미료식기찬장 등 6종,공군군수사령부,주식회사신경금속
24911,18년 부대조달 생수 계약,제2167부대,롯데푸드 주식회사
24912,18년 부대조달 바나나 구매계약,제2167부대,주식회사 영풍농산물
24922,초코맛 쿠키,제1군수지원사령부,세일상사
24924,초코바(특근자 및 신병증식),제1군수지원사령부,와이상사
24925,초코렛(영내자 및 신병증식),제1군수지원사령부,아람상사
24928,용기어묵,제1군수지원사령부,주식회사 두준
24944,워터젤리,제1군수지원사령부,에스엘(SL)상사
24975,비타민 구매,제3283부대,드림비즈 주식회사
24981,양극 전류용 음극방어 부식방지용 등 15종 구매,해군군수사령부,길상산업
24987,18년 신병증식(패스트리),제2167부대,유한회사징코푸드시스템
24988,18년 특근자 증식(피자빵),제2167부대,영베이커리
24989,18년 특근자 증식(도너츠),제2167부대,신송식품 (주)
24990,18년 특근자 증식(조각케익),제2167부대,주식회사 두준
24991,18년 특근자 증식(패스트리),제2167부대,주식회사 예인컴퍼니
25048,핫바소시지,제3군수지원여단,주식회사 에스피씨삼립
25066,부식방지제등5종구매,육군종합정비창,삼일이화학상사
25076,18년도 독수리회관 농산물 71품목 연간 구매,공군작사근무지원단,내일유통 하모니마트
25079,18년 간부식당 식자재 구매,국방부계룡대근무지원단,주식회사 신세계푸드
25097,18년 독수리회관 식자재 공산품97품목 연간 구매,공군작사근무지원단,삼성웰스토리 주식회사
25107,이동용 부식차 등 7종 제조,국군재정관리단,억조종합기계주식회사
25120,아이스크림류,제1군수지원사령부,성도교역
25121,아이스크림류,제1군수지원사령부,광동제약(주)
25122,아이스크림류,제1군수지원사령부,(주)사조대림
25123,아이스크림류,제1군수지원사령부,주식회사 이스젠
25124,생수(영내자 및 신병증식),제1군수지원사령부,(주)동진푸드
25125,생수(영내자 및 신병증식),제1군수지원사령부,주식회사 에치와이
25126,과일푸딩,제1군수지원사령부,(주)인콘
25127,생과일바,제1군수지원사령부,(주)한일코리아
25128,견과류(한줌),제1군수지원사령부,남촌산업
25144,육개장 등 11품목,제9181부대,더 엘림(THE ELIM)
25156,아이스크림 샌드형,제2군수지원여단,한국유통
25157,스낵류,제2군수지원여단,농가식품
25158,판형초코렛,제2군수지원여단,초록샘
25159,컵밥,제2군수지원여단,주식회사 참미푸드
25160,컵스프,제2군수지원여단,포시즌
25161,어육소시지,제2군수지원여단,미가온
25162,어육소시지,제2군수지원여단,대양테크
25163,파이형쿠키,제2군수지원여단,부성실업
25164,샌드형 쿠키,제2군수지원여단,그레이스
25165,즉석식품류(컵밥),제7789부대,(주)빙그레
25167,18년 독수리회관 식자재 수산물23품목 연간구매,공군작사근무지원단,채움푸드 주식회사
25178,18년 독수리 회관 축산물(22품목)연간구매,공군작사근무지원단,삼성웰스토리 주식회사
25182,도서(블록체인 애플리케이션 개발) 등 333종 구매,해군교육사령부,주식회사 진성하이텍
25207,비타민음료,제2군수지원여단,주식회사 포승유통
25208,마시는발효유,제2군수지원여단,한샘유통 주식회사
25209,생수,제2군수지원여단,(주) 현대그린푸드
25210,마시는발효유,제2군수지원여단,한샘유통 주식회사
25211,떠먹는발효유,제2군수지원여단,다다유통
25212,이온음료,제2군수지원여단,청윤
25213,초코바,제2군수지원여단,와이상사
25214,감자스낵,제2군수지원여단,포브컴퍼니
25215,초코맛쿠키,제2군수지원여단,주식회사 신화식품
25216,젤리(캔디류),제2군수지원여단,엘림기획
25217,워터젤리(과.채음료),제2군수지원여단,주식회사 아람비즈
25218,과일푸딩,제2군수지원여단,가온
25219,생과일바,제2군수지원여단,농업회사법인주식회사밀속사랑
25220,견과류,제2군수지원여단,HJ형제공구
25221,팥빙수,제2군수지원여단,제이준코리아 주식회사
25222,아이스크림 팩형,제2군수지원여단,주식회사 포승유통
25223,아이스크림 컵형,제2군수지원여단,한국유통
25224,아이스크림 콘형,제2군수지원여단,농가식품
25225,식혜,제2군수지원여단,포시즌
25226,짜먹는발효유,제2군수지원여단,주식회사 세원에프앤비
25227,탄산음료,제2군수지원여단,정승물산
25254,18년 공군 식품작업용 그릇 등 8종 구매,국군재정관리단,주식회사 승지산업
25262,음식물분쇄기 등 17종 구매,해군제3함대사령부,오피스디포 목포점
25266,이온음료(영내자 및 신병증식),제1군수지원사령부,성도교역
25267,이온음료(영내자 및 신병증식),제1군수지원사령부,주식회사 대선에프에스
25268,컵스프,제1군수지원사령부,정승물산
25269,파이형 쿠키,제1군수지원사령부,오도유통
25270,샌드형 쿠키,제1군수지원사령부,주식회사 코아미
25271,팥빙수,제1군수지원사령부,조은유통
25273,탄산음료,제1군수지원사령부,성도교역
25274,과채주스,제1군수지원사령부,다니엘기획
25275,비타음료,제1군수지원사령부,에스엘(SL)상사
25276,두유,제1군수지원사령부,주식회사 제이와이인터내셔널
25277,바나나맛 우유,제1군수지원사령부,(주)빙그레
25278,식혜,제1군수지원사령부,주식회사 포승유통
25279,떠먹는 발효유,제1군수지원사령부,제일공사
25280,마시는 발효유,제1군수지원사령부,주식회사 엔에이치
25327,대테러복(작전복 등 4종) 제조,국군재정관리단,핀컴퍼니
25349,바나나맛우유,제2군수지원여단,(주) 태성김치
25352,떠먹는 발효유,제3군수지원여단,농심태경 주식회사
25353,과일푸딩,제3군수지원여단,제이비즈
25354,아이스크림 팥빙수,제3군수지원여단,라임물산
25355,아이스크림 컵형,제3군수지원여단,푸드앤팜
25356,아이스크림 콘형,제3군수지원여단,주식회사 엔에이치
25358,비타음료,제3군수지원여단,주식회사 대흥푸드
25359,식혜,제3군수지원여단,동부이앤피 주식회사
25360,과일푸딩,제3군수지원여단,제이비즈
25362,아이스크림 팥빙수,제3군수지원여단,라임물산
25363,아이스크림 팩형,제3군수지원여단,제일공사
25364,아이스크림 컵형,제3군수지원여단,푸드앤팜
25365,아이스크림 콘형,제3군수지원여단,주식회사 엔에이치
25367,비타음료,제3군수지원여단,주식회사 대흥푸드
25368,바나나맛 우유,제3군수지원여단,롯데웰푸드 주식회사
25369,식혜,제3군수지원여단,동부이앤피 주식회사
25402,생수,제3군수지원여단,순식품
25403,이온음료,제3군수지원여단,씨제이대한통운 주식회사
25404,컵밥,제3군수지원여단,주식회사 참미푸드
25405,파이형쿠키,제3군수지원여단,아르테지오
25406,샌드형쿠키,제3군수지원여단,주식회사 창우
25407,00지역 음식물쓰레기 위탁처리 용역,육군항공사령부,송원농장
25435,18년 영내자 증식(떡/케이크) 구매,육군사관학교,사군자식품
25436,18년 영내자 증식(떡/케이크) 구매,육군사관학교,사군자식품
25446,어육소시지,제3군수지원여단,한샘유통 주식회사
25447,초코바,제3군수지원여단,대승상사
25448,스낵류,제3군수지원여단,미가온
25449,초코맛쿠키,제3군수지원여단,(주)정.식품
25490,돈까스 등 13종 구매,제8385부대,다나푸드시스템
25510,"(재)18년 하늘,은마회관 식자재(김치류 품목)공고",공군제5공중기동비행단,주식회사 나누리식품
25541,'18년 예비군 도시락 제조납품(2권역),육군제53보병사단,해림푸드시스템
25547,'18년 예비군 도시락 제조납품(6권역),육군제53보병사단,주식회사 우리도시락
25548,'18년 예비군 도시락 제조납품(1권역),육군제53보병사단,주식회사 에이치디씨
25549,'18년 예비군 도시락 제조납품(5권역),육군제53보병사단,해림푸드시스템
25550,'18년 예비군 도시락 제조납품(4권역),육군제53보병사단,해림푸드시스템
25551,'18년 예비군 도시락 제조납품(3권역),육군제53보병사단,해림푸드시스템
25560,오일스프레이 노즐 등 67종,해군제2수리창,세일상사
25574,원형샌드사포등141종구매(항정단),육군종합정비창,모아상사
25575,락카스프레이황색등26종구매(항정단),육군종합정비창,지와이테크놀리지
25590,냉온찜질팩 등 87종,제5738부대,MK메디칼
25593,부대조달증식(소시지바) 구매,5군수지원사령부,더 엘림(THE ELIM)
25594,부대조달증식(소시지빵) 구매,5군수지원사령부,그레이스
25595,부대조달증식(용기어묵) 구매,5군수지원사령부,바울기획
25596,부대조달증식(피자빵) 구매,5군수지원사령부,에스티알(주)
25597,부대조달증식(크림빵) 구매,5군수지원사령부,샤밧살롬
25598,부대조달증식(핫바) 구매,5군수지원사령부,랩포유
25636,참치통조림 등 9종 구매,해군군수사령부,모아상사
25637,참치통조림 등 9종 구매,해군군수사령부,모아상사
25638,참치통조림 등 9종 구매,해군군수사령부,연우상사
25639,참치통조림 등 9종 구매,해군군수사령부,모아상사
25640,참치통조림 등 9종 구매,해군군수사령부,연우상사
25641,참치통조림 등 9종 구매,해군군수사령부,모아상사
25642,참치통조림 등 9종 구매,해군군수사령부,주식회사 류홀마트
25643,참치통조림 등 9종 구매,해군군수사령부,모아상사
25644,참치통조림 등 9종 구매,해군군수사령부,모아상사
25656,세척재료(기름때제거제등 6품목),제3283부대,윤창기업
25670,"18년 후보생 증식(음료, 가공품류) 구매",육군부사관학교,명동영농조합법인
25671,식품절단기 등 3항목 구매(물자),육군군수사령부,모아상사
25679,"'18년 하늘,은마회관 식자재(황기 등643품목)",공군제5공중기동비행단,주식회사 신세계푸드
25685,특정지역 휘장류(마크 등 11종) 제조,국군재정관리단,성지EMB
25710,18년 부대조달 후식(콘형 아이스크림),제2167부대,(주)빙그레
25711,18년 부대조달 후식(혼합견과),제2167부대,씨제이 푸드빌(주)
25733,광컨버터 등 5품목,제9181부대,대일종합상사
25734,계란 등 159종 구매,제9911부대,한샘유통 주식회사
25735,포기김치 등 3종 구매,제9911부대,남경식품(참그린김치)
25736,18년 부대주달 후식(영양바),제2167부대,(주) 태성김치
25737,18년 부대조달 후식(초콜릿),제2167부대,동아오츠카주식회사
25738,18년 부대조달 후식(초코바),제2167부대,(주)상일기업
25739,18년 부대조달 후식(짜먹는 발효유),제2167부대,주식회사 에치와이
25740,18년 부대조달 후식(비타민음료),제2167부대,미가온
25741,18년 부대조달 후식(사이다),제2167부대,(주)대림
25742,18년 부대조달 후식(바나나 우유),제2167부대,(주)다남정보통신
25743,18년 부대조달 후식(팩형아이스크림),제2167부대,(주) 현대그린푸드
25744,18년 부대조달 후식(컵형아이스크림),제2167부대,(유)목양
25745,18년 부대조달 후식(샌드형아이스크림),제2167부대,용마로지스주식회사
25746,18년 특근자증식(영양바),제2167부대,제일공사
25747,18년 특근자증식(초코바),제2167부대,수림이앤씨
25748,18년 특근자증식(샌드과자),제2167부대,아르테지오
25749,18년 특근자증식(초코파이),제2167부대,푸른
25750,18년 특근자증식(감자스낵),제2167부대,씨와이코퍼레이션
25751,18년 특근자증식(웨하스과자),제2167부대,호미식품
25752,18년 특근자증식(초코과자),제2167부대,조은유통
25753,18년 특근자증식(어묵탕),제2167부대,중앙유통
25754,18년 특근자증식(소시지),제2167부대,찬스코퍼레이션
25755,18년 특근자증식(쌀떡볶이),제2167부대,주식회사 이스젠
25756,18년 특근자증식(핫바),제2167부대,(주)상일기업
25757,18년 특근자증식(크림빵),제2167부대,영베이커리
25758,18년 신병증식(어묵바),제2167부대,주식회사 삼우인더스트리
25759,18년 신병증식(핫바),제2167부대,주식회사 해나람
25760,18년 신병증식(초코렛),제2167부대,씨에스이 주식회사
25761,18년 신병증식(초코바),제2167부대,주식회사 삼우인더스트리
25762,18년 신병증식(피자빵),제2167부대,영베이커리
25763,18년 신병증식(웨하스과자),제2167부대,HJ형제공구
25764,18년 신병증식(초코과자),제2167부대,주식회사 베니올
25765,18년 부대조달 후식(영양갱),제2167부대,애드유통
25766,18년 부대조달 후식(떠먹는 발효유),제2167부대,주식회사 대흥푸드
25767,18년 부대조달 후식(마시는 발효유),제2167부대,씨제이 푸드빌(주)
25768,18년 부대조달 후식(과일탄산음료),제2167부대,제이준코리아 주식회사
25769,18년 부대조달 후식(이온음료),제2167부대,성도교역
25770,18년 부대조달 후식(커피),제2167부대,한샘유통 주식회사
25771,18년 부대조달 후식(콜라),제2167부대,롯데웰푸드 주식회사
25772,18년 부대조달 후식(팥빙수),제2167부대,제일공사
25773,예비군 도시락 제조납품(2권역),제6128부대,주식회사 제이스
25794,18년 환자치료식(부후식 및 증식) 구매,국군의무사령부,주식회사 대선에프에스
25817,과자류 등 2품목(삼일절특식),제9181부대,동진상사
25820,양념분쇄기 30EA,해군군수사령부,주식회사 로뎀하이텍
25824,사이다 등 2종 구매,해군군수사령부,삼진유통
25825,사이다 등 2종 구매,해군군수사령부,연우상사
25827,된장 등 17종,해군군수사령부,연우상사
25829,군인자녀 기숙사 식자재 구매,국군복지단,삼성웰스토리 주식회사
25837,에어스프레이건 등 59품목 구매 납품,제9227부대,주식회사 그린이지
25839,18년 예비군 도시락 제조 납품,육군 제1군단,(주)기락
25849,18년 예비군 도시락 제조 납품,육군 제1군단,(주)기락
25853,부대조달증식(견과류형 초코바) 구매,5군수지원사령부,포시즌
25854,부대조달증식(맛밤) 구매,5군수지원사령부,그레이스
25855,부대조달증식(짜장컵밥) 구매,5군수지원사령부,(주)한일코리아
25856,부대조달증식(쌀떡볶이) 구매,5군수지원사령부,와이상사
25857,부대조달증식(크런키형 초코바) 구매,5군수지원사령부,순식품
25859,부대조달증식(초코쿠키) 구매,5군수지원사령부,라임물산
25860,부대조달증식(커피음료) 구매,5군수지원사령부,동아오츠카주식회사
25861,부대조달증식(비타민음료) 구매,5군수지원사령부,(주)빙그레
25873,무김치 등 9종 제조 납품,제8385부대,(주)한일코리아
25882,냉찜질기 등 20항목 구매(물품),육군군수사령부,PHOTOhi
25888,18년 예비군 도시락 제조납품,제6군단사령부,(주)기락
25889,18년 예비군 도시락 제조납품,제6군단사령부,(주)기락
25915,18년 영내자 증식 제조 구매,수도방위사령부,주식회사 찰떡궁합
25920,18년 예비군도시락 제조납품(1권역),육군 52보병사단,(주)기락
25921,의약품 시네츄라 시럽 등 99품목 구매 납품,제9227부대,온케어메디홀주식회사
25926,불교 의식용 침향 구매,육군본부,주식회사 이수케이
25927,18년 예비군도시락 제조납품(3권역),육군 52보병사단,두진푸드시스템
25928,18년 예비군도시락 제조납품(2권역),육군 52보병사단,두진푸드시스템
25943,멸균흰우유 등 5종 구매,제8385부대,원주유통대리점
25945,돼지등뼈 등 4종 구매,제8385부대,제이준코리아 주식회사
25947,이온음료 등 4종 구매,제8385부대,(뉴)대영유통
25948,포장두부 등 4종 구매,제8385부대,(뉴)대영유통
25952,'18년 영내자용 떡 및 케이크 구매,제1288부대,농업회사법인주식회사 시루와 떡메
25953,3?1절 경축특식 제조 / 구매납품,제7789부대,주식회사 제이와이인터내셔널
25980,영내자 증식 떡 및 생일자 쌀 케익크 제조납품,제3697부대,주식회사 찰떡궁합
26014,깻잎무침 등 4종 제조 납품,제8385부대,주식회사 해나람
26016,냉동꽃게 등 2종 구매,제8385부대,동호수산
26018,게맛살 등 89품목 구매,연평부대,주식회사 동영상사
26019,무배추김치(김장) 등 8품목 구매,연평부대,농업회사법인 한백냉장식품 주식회사
26020,쌀햄버거빵 등 25품목 구매,연평부대,연세대학교 연세유업
26021,순두부 등 3품목 구매,연평부대,주식회사 푸르밀
26027,너비아니,해군군수사령부,삼진유통
26028,된장 등 17종,해군군수사령부,주식회사 류홀마트
26029,된장 등 17종,해군군수사령부,미다스 글로벌
26030,된장 등 17종,해군군수사령부,연우상사
26031,된장 등 17종,해군군수사령부,미다스 글로벌
26032,된장 등 17종,해군군수사령부,연우상사
26033,된장 등 17종,해군군수사령부,주식회사 류홀마트
26034,된장 등 17종,해군군수사령부,연우상사
26035,된장 등 17종,해군군수사령부,삼진유통
26036,된장 등 17종,해군군수사령부,주식회사 류홀마트
26037,된장 등 17종,해군군수사령부,씨지 트레이드
26038,된장 등 17종,해군군수사령부,삼진유통
26039,된장 등 17종,해군군수사령부,연우상사
26040,된장 등 17종,해군군수사령부,삼진유통
26047,K55자주포 스프링등3종구매,육군종합정비창,현대정밀가스켓
26053,K9자주포 스프링등37종구매,육군종합정비창,현대정밀가스켓
26058,18년 장교후보생 증식 구매(음료),육군학생군사학교,세기라인코리아
26059,18년 3.1절 경축특식 빵세트,제1군수지원사령부,한샘유통 주식회사
26066,18년 3.1절 경축특식 빵세트,제1군수지원사령부,한샘유통 주식회사
26072,아이스(냉) 찹쌀떡 제조 납품,제3170부대,주식회사 장원식품
26089,18년 예비군 도시락 제조납품(1권역),제51보병사단,두진푸드시스템
26090,18년 예비군 도시락 제조납품(2권역),제51보병사단,주식회사이지푸드
26091,18년 예비군 도시락 제조납품(2권역),제51보병사단,오산컨벤션웨딩홀 뷔페
26092,18년 예비군 도시락 제조납품(3권역),제51보병사단,주식회사 에코시락
26093,18년 예비군 도시락 제조납품(3권역),제51보병사단,오산컨벤션웨딩홀 뷔페
26094,18년 예비군 도시락 제조납품(1권역),제51보병사단,주식회사이지푸드
26095,과자류(파이),제7789부대,와이상사
26166,18년도 공군회관 식자재(냉동수산물)120종 연간 구매,공군항공안전단,한샘유통 주식회사
26167,18년 장거리 이동 특기병 도시락 제조납품,육군종합군수학교,유한회사 행복한밥상
26178,충전 햄머드릴 등 36항목 구매(물자),육군군수사령부,제일공사
26181,스프링노트 등 242종 구매,해군교육사령부,해비치
26190,사각어묵 등 10종 구매,제9911부대,한샘유통 주식회사
26229,18년 대청도 부식 구매 납품,제9196부대,씨제이제일제당주식회사
26230,18년 백령도 도서전투부식 구매 납품,제9196부대,제일공사
26231,18년 백령도 김치류 제조 납품,제9196부대,선화식품주식회사
26233,18년 백령도 두채류 구매 납품,제9196부대,순식품
26234,18년 소청도 부식 구매 납품,제9196부대,씨제이 푸드빌(주)
26235,18년 백령도 기호식품 구매 납품,제9196부대,제이준코리아 주식회사
26236,18년 백령도 빵류 구매 납품,제9196부대,에스엘(SL)상사
26237,18년 백령도 가공식품 구매 납품,제9196부대,농심태경 주식회사
26251,부식방지제 등 13종,해군군수사령부,에코플루이드
26259,인버터 등 67항목 구매(물자),육군군수사령부,금오아이엔씨
26270,부대조달 후식(반건조 고구마),5군수지원사령부,미가온
26271,부대조달 후식(과일푸딩),5군수지원사령부,미가온
26272,부대조달 후식(마시는 발효유),5군수지원사령부,연세대학교 연세유업
26273,부대조달 후식(팥빙수),5군수지원사령부,씨제이 푸드빌(주)
26274,부대조달 후식(샌드형 아이스크림),5군수지원사령부,(주)대림
26275,부대조달 후식(팩형 아이스크림),5군수지원사령부,남양유업(주)
26276,부대조달 후식(콘형 아이스크림),5군수지원사령부,(주)대림
26277,부대조달 후식(바나나맛 우유),5군수지원사령부,주식회사 에스피씨삼립
26278,부대조달 후식(워터젤리),5군수지원사령부,주식회사 천호엔케어
26279,부대조달 후식(견과류세트),5군수지원사령부,롯데웰푸드 주식회사
26280,부대조달 후식(짜먹는 발효유),5군수지원사령부,제이준코리아 주식회사
26281,부대조달 후식(떠먹는 발효유),5군수지원사령부,씨제이프레시웨이 주식회사
26282,부대조달 후식(이온음료),5군수지원사령부,(주)아워홈 동서울영업소
26286,의약품(시네츄라시럽 외 14종)구매,국방부계룡대근무지원단,(주)석호약품
26298,빵류 등 2품목(설날특식),제9181부대,주식회사 신화식품
26319,돈삼겹(국내산) 등 8품목,제9181부대,창대 솔루션
26327,즉석식품류(컵스프),제7789부대,에스엘(SL)상사
26328,음료류(생수),제7789부대,주식회사 창우
26329,음료류(비타민음료),제7789부대,라임물산
26330,즉석식품류(어묵바),제7789부대,에스티알(주)
26331,음료류(이온음료),제7789부대,에이치디에스(HDS)
26332,빵류(소시지빵),제7789부대,영베이커리
26333,초코바류(초콜렛),제7789부대,주식회사 제이와이인터내셔널
26334,초코바류(초코바),제7789부대,주식회사 에네스푸드넷
26335,빵류(피자빵),제7789부대,유한회사징코푸드시스템
26336,빵류(소보로빵),제7789부대,영베이커리
26337,초코바류(영양바),제7789부대,대양테크
26338,즉석식품류(핫바),제7789부대,(주)인콘
26339,즉석식품류(용기어묵),제7789부대,바울기획
26340,즉석식품류(소시지),제7789부대,주식회사 덱스터스
26341,빵류(크림빵),제7789부대,농업회사법인주식회사밀속사랑
26342,과자류(봉지스낵),제7789부대,미래테크
26343,과자류(감자스낵),제7789부대,바울기획
26344,과자류(초코과자),제7789부대,주식회사 현대이노베이션
26345,과자류(샌드과자),제7789부대,엘림기획
26346,즉석식품류(컵스프),제7789부대,에스엘(SL)상사
26347,음료류(생수),제7789부대,주식회사 창우
26348,음료류(비타민음료),제7789부대,라임물산
26349,즉석식품류(어묵바),제7789부대,에스티알(주)
26350,음료류(이온음료),제7789부대,에이치디에스(HDS)
26351,빵류(소시지빵),제7789부대,영베이커리
26352,초코바류(초콜렛),제7789부대,주식회사 제이와이인터내셔널
26353,초코바류(초코바),제7789부대,주식회사 에네스푸드넷
26354,빵류(피자빵),제7789부대,유한회사징코푸드시스템
26355,빵류(소보로빵),제7789부대,영베이커리
26356,초코바류(영양바),제7789부대,대양테크
26357,즉석식품류(핫바),제7789부대,(주)인콘
26358,즉석식품류(용기어묵),제7789부대,바울기획
26359,즉석식품류(소시지),제7789부대,주식회사 덱스터스
26360,빵류(크림빵),제7789부대,농업회사법인주식회사밀속사랑
26361,과자류(봉지스낵),제7789부대,미래테크
26362,과자류(감자스낵),제7789부대,바울기획
26363,젤리류(짜먹는 젤리),제7789부대,웅진식품주식회사
26364,젤리류(떠먹는 젤리),제7789부대,주식회사 대흥푸드
26365,음료류(바나나 우유),제7789부대,광동제약(주)
26366,음료류(과일탄산),제7789부대,롯데칠성음료(주)
26367,빙과류(팥빙수),제7789부대,(주)빙그레
26370,빙과류(샌드형),제7789부대,미가온
26371,발효유(짜먹는 발효유),제7789부대,연세대학교 연세유업
26372,발효유(마시는 발효유),제7789부대,한샘유통 주식회사
26373,견과류,제7789부대,연세대학교 연세유업
26374,발효유(떠먹는 발효유),제7789부대,광동제약(주)
26375,과자류(초코과자),제7789부대,주식회사 현대이노베이션
26376,과자류(샌드과자),제7789부대,엘림기획
26377,음료류(식혜),제7789부대,세준푸드
26378,음료류(사이다),제7789부대,씨제이프레시웨이 주식회사
26394,18년 영내자용 떡 및 케이크 구매,제15보병사단,동광푸드
26417,비호 스프링등8종구매,육군종합정비창,주식회사 태광
26438,설 경축특식(냉동 조각케익),제2167부대,주식회사 기현식품
26439,"3.1절 경축특식(핫바,어묵)",제2167부대,한샘유통 주식회사
26472,설날 경축특식(과자세트) 제조 / 구매,제7789부대,와이상사
26476,배추김치(포기절단) 등 8종 구매,해군제3함대사령부,(주)이씨네식품 전남지사
26477,설날 경축특식(과자세트) 제조 / 구매,제7789부대,와이상사
26478,'18년 삼일절 경축 특식(냉동 롤케익),5군수지원사령부,주식회사 포승유통
26479,'18년 설날 경축 특식(냉동 조각케익),5군수지원사령부,주식회사 두준
26486,미니수첩 등 134종 구매,해군교육사령부,지앤제이(G&J)커리어
26494,18년도 공군회관 식자재(축산물) 79종(연간) 구매,공군항공안전단,주식회사 안심먹거리조합
26498,OO부대 예비군 도시락 납품업체 선정,제36보병사단,홍스키친
26513,추자도 000운용대 급식계약,해군제3함대사령부,바다채움F&B
26517,냉동 새우취김 등 51종 구매,제9911부대,찬스코퍼레이션
26523,감자 등 61종 구매,제9911부대,미다스 글로벌
26524,'18년도 공군회관 식자재(공산품) 407종(연간) 구매,공군항공안전단,주식회사 쓰리에프
26525,"18년도 공군회관 식자재(야채,과일)258종 연간 구매",공군항공안전단,주식회사 라이프가든
26536,대패 등 146종,해군교육사령부,기룡아이엔씨
26547,'18년 설날 경축특식 구매,제1군수지원사령부,와이상사
26549,18년 생도증식(건포도 등 146종) 구매,육군사관학교,주식회사 경기유통형 마을기업
26555,간식류 등 6품목,제9181부대,캠핑아미고
26556,음료류 등 7품목,제9181부대,이에이치서비스
26557,빵류 등 6품목,제9181부대,럭키상사
26558,떡류 등 21품목,제9181부대,주식회사해피21세기
26559,"중원,은성회관 식자재(가다랑어포 등 492종)구매",공군제19전투비행단,주식회사 신세계푸드
26567,18년 예비군 도시락 제조납품(2권역 단가계약),제32보병사단,주식회사행복담은네모
26570,18-1차 훈련용품(스프츠테이프 등 18종) 구매,국군체육부대,진영상사
26572,중원 은성회관 육류(오리고기등 53종) 구매,공군제19전투비행단,주식회사푸드라인
26574,18년 생일자 케이크 제조납품,제2236부대,농업회사법인주식회사 시루와 떡메
26575,18년 증식용 떡 제조납품,제2236부대,농업회사법인주식회사 시루와 떡메
26579,배추김치 등 3종(김치류),제7001부대,남경식품(참그린김치)
26581,가지 등 126종(농산물),제7001부대,지(g)-마트
26582,가자미(냉동) 등 50종(수산물),제7001부대,주식회사 류홀마트
26583,닭고기 등 18종(축산물),제7001부대,주식회사 류홀마트
26586,라면류 등 6품목,제9181부대,REAP
26587,냉동식품류 등 4품목,제9181부대,부성실업
26588,과자류 등 6품목,제9181부대,더 엘림(THE ELIM)
26590,18년 예비군 도시락 제조납품(1권역 단가계약),제32보병사단,주식회사 즐거운밥상
26592,환자급식용 식재료 구매,국군대전병원,주식회사푸드라인
26593,18년 예비군 도시락 제조납품(3권역 단가계약),제32보병사단,유한회사 행복한밥상
26594,18년 예비군 도시락 제조납품(1권역 단가계약),제32보병사단,주식회사 즐거운밥상
26595,레스큐가든 식자재(감자수제비외 220품목),공군제17전투비행단,주식회사푸드라인
26596,에이스가든 식자재(생가지외 320품목),공군제17전투비행단,주식회사 신세계푸드
26599,단무지 등97종 구매,제9911부대,주식회사 에스피씨삼립
26601,생수 등 20종,재경근무지원대대,PHOTOhi
26602,멸균흰우유 등 5종 구매,제9911부대,(주)유천시스템
26603,배추썰은 포기김치 등 8종 구매,제9911부대,(주)한일코리아
26604,등심돈까스 구매,제9911부대,주식회사 대흥푸드
26605,돈등뼈 등 5종 구매,제9911부대,한샘유통 주식회사
26606,복지시설 연봉회관 식자재 구매 납품,제9196부대,주식회사 백령도연합상공인
26607,생수 구매,제2002부대,쌔미쌔미
26610,예비군훈련 도시락 제조납품(1권역),제6755부대,주식회사 경북캐터링
26611,예비군훈련 도시락 제조납품(4권역),제6755부대,(주)캠퍼스
26612,예비군훈련 도시락 제조납품(3권역),제6755부대,주식회사 경북캐터링
26613,예비군훈련 도시락 제조납품(2권역),제6755부대,주식회사 이.엠.에스
26614,욕지도 000전진기지대 급식계약,해군제3함대사령부,삼손식품
26616,슈크림빵 등 14종 구매,제3170부대,주식회사 창민산업
26618,광성회관 식자재 육류 구매 계약,공군제11전투비행단,새마음식육점
26619,19-광성회관 식자재(김치류) 구매,공군제11전투비행단,영농조합법인 팔공김치
26621,20년 설날 경축 특식(훈제닭다리) 제조 구매,제1군수지원사령부,한국유통
26626,분말짜장 등 173품목 구매,제9691부대,경기종합상사
26628,감귤 등 12종,해군작전사령부,서진유통
26629,감자수제비 등 96종,해군작전사령부,서진유통
26630,일반우유 등 14종,해군작전사령부,서진유통
26637,배추포기김치 등 5품목 구매,제9691부대,주식회사 토속
26641,'20년 에이스가든 식자재(생가지외 451품목),공군제17전투비행단,주식회사 현대그린푸드
26652,장거리 이동 신병 도시락 제조납품,육군훈련소,두진푸드시스템
26653,2020년 설날 경축특식(훈제닭다리),제2군수지원여단,(주)서울식품
26655,'20년 한마음회관 식자재 구매(어패류),공군군수사령부,대명유통
26659,"'20년 한마음회관 식자재 구매(쌀, 공산품)",공군군수사령부,대명유통
26660,'20년 한마음회관 식자재 구매(김치),공군군수사령부,시골김치
26661,'20년 한마음회관 식자재 구매(육류),공군군수사령부,진성축산
26663,세세외 간부식당 식자재납품,공군사관학교,주식회사푸드라인
26679,냉동꽃게 등 5종,해군작전사령부,명이물류
26680,간장 고추지 등 14종,해군작전사령부,명이물류
26681,돈등뼈 등 6종,해군작전사령부,서진유통
26683,배추김치 등 10종,해군작전사령부,주식회사 진생식품
26687,'20년 레스큐가든 식자재(감자수제비외 205품목),공군제17전투비행단,주식회사푸드라인
26695,20년 간사교 생도증식(가지 등 360종) 구매,자운대근무지원연대,청아유통
26709,'20년 3사교 생도 증식(돼지등뼈 등 109개 품목),육군3사관학교,재연종합식품
26710,양념냉동시래기 등 12종,해군 기동함대사령부,주식회사 신제주식품
26711,돈등뼈 등 4품목,해군 기동함대사령부,주식회사 한라로지스틱
26712,콜라음료 등 14종,해군 기동함대사령부,주식회사 신제주식품
26713,아이스크림 등 8종,해군 기동함대사령부,소망영농조합법인
26714,두반장소스 등 30종,해군 기동함대사령부,주식회사 한라로지스틱
26715,매운맛라면(컵) 등 21종,해군 기동함대사령부,주식회사 한라로지스틱
26716,반판두부 등 4종,해군 기동함대사령부,주식회사 제주플로우
26717,배추김치 등 2종,해군 기동함대사령부,농업회사법인한백푸드유한회사
26718,그린키위 등 8종,해군 기동함대사령부,주식회사 신제주식품
26719,깐메추리알 등 12종,해군 기동함대사령부,소망영농조합법인
26720,핫바 등 9종,해군 기동함대사령부,주식회사 제주플로우
26721,새우패티 등 9종,해군 기동함대사령부,오도유통
26722,치즈스틱 등 13종,해군 기동함대사령부,오도유통
26723,갈비구이 등 10종,해군 기동함대사령부,주식회사 제주플로우
26726,마가렛트 등 11종,해군 기동함대사령부,주식회사 한라로지스틱
26728,'20년 설날 경축 특식(냉동 롤케이크),5군수지원사령부,영베이커리
26736,20-B-복지시설 식자재 구매 납품,제9196부대,모아상사
26746,GOP 광망보호용 치킨넷 구매 계약,제22보병사단,지앤지(G&G)
26761,'20년 설 경축특식 구매(훈제닭다리),제 2167부대,한국유통
26764,19-403 감자고로케등206종,공군사관학교,주식회사푸드라인
26814,20년 학군후보생 동계입영훈련 증식(음료) 구매,육군학생군사학교,주식회사 태송종합건설
26849,20년 환자치료 식재료 구매(부·후식 증식 등),국군수도병원,미가온
26875,20-욕-000전진기지 급식계약,해군제3함대사령부,신요푸드
26876,20-목-000전진기지대 급식 계약,해군제3함대사령부,하일유통
26877,국수(소면)등 156종 구매,해군제3함대사령부,형제푸드시스템
26889,멸균흰우유 등 5종 구매,제9911부대,호미식품
26890,수육용삼겹살 등 7종 구매,제9911부대,삼진유통
26891,사과 등 13종 구매,제9911부대,대신로지스틱스 주식회사
26915,쇠고기스프 등 83종 구매,제9911부대,주식회사 제이에프
26934,콩나물 등 36종 구매,해군제3함대사령부,형제푸드시스템
26935,'20년 선수급식(공산품 314종) 구매,국군체육부대,씨제이프레시웨이 주식회사
26936,'20년 선수급식(농수산물 280종) 구메,국군체육부대,씨제이프레시웨이 주식회사
26996,배추김치 등 8종 구매,해군제3함대사령부,현진식품 영농조합법인
27014,인쇄소모용품(스프레이파우더 등 17종) 구매,국방출판지원단,청일산업
27022,20-목-000운용대 급식계약(가지등 236종 구매),해군제3함대사령부,바다채움F&B
27023,20-목-000운용대 급식 계약(핫바 등 204종 구매),해군제3함대사령부,형제푸드시스템
27043,배추썰은 포기김치 등 8종 구매,제9911부대,농업회사법인 다솜식품(주)
27062,20-목-000운용대 급식 계약(두부 등 204종 구매),해군제3함대사령부,주식회사 형제푸드
27099,하늘회관 식자재 납품,공군제15특수임무비행단,씨제이프레시웨이 주식회사
27157,이동용MW 광전복합케이블 컨넥터 구매(교체),국군지휘통신사령부,주식회사 엔에이치
27195,2020년 생도피복 (군장류),국군간호사관학교,큰마음 유한회사
27352,롱리치플라이어 등 118종,제7001부대,경남상사
27401,스프링노트 등 99종 구매,해군사관학교,주식회사팔공물산
27427,병영도서관 독서카페 도서 구매,제3보병사단,시은인터내셔날
27495,소스코드 정적분석을 위한 SW 구매,4284부대,에스지에스
27769,도서(밥보다 책 등 445종) 구매,해군교육사령부,대성
27781,동명부대 배추김치 등 17품목 구매,육군군수사령부,제이씨에이치
27789,전기밥솥 등 2품목 구매,제9181부대,신창가구
27811,트램폴린 구매 설치(인사과),연평부대,매직트리
27813,19-1차 의무 교육비품구매(정맥주사 실습모형 등 6종),국군대전병원,엠씨아이컴퍼니(주)
27821,커피잔세트외 19품목 구매 및 설치,공군제17전투비행단,제이앤케이컴퍼니
27880,순살꼬막통조림 등 27종 구매,제9911부대,주식회사 제이에프
27904,병사식당 식자재 구매,공군제19전투비행단,(주)진영씨엔씨
27928,도서전투부식(생수 등 24품목)구매,연평부대,한화호텔앤드리조트 주식회사
27959,스팸 등 2품목 구매,제9181부대,글리터캐슬
27985,(19-1151)샌드위치판넬(지붕)외 58품목 구매,공군제17전투비행단,(주)서광오토테크
27999,도서(설탕의 세계사 등 109종)구매,제8385부대,유진물산
28016,19년도 공군교육사령부 축산류 식자재 구매,공군교육사령부,농업회사법인 주식회사 세명축산
28035,공군교육사령부 장교/간부 식당 식자재 구매,공군교육사령부,(주) 현대그린푸드  영남센터
28134,19년금성식당부식업체계약,공군제7항공통신전대,주식회사 우창이엠이
28141,19년금성식당부식업체계약,공군제7항공통신전대,주식회사 우창이엠이
28153,"밸브,버섯형,엔진용 등 7종",해군군수사령부,메트로마린서비스
28207,부식방지제 등 18종 구매,해군군수사령부,에코플루이드
28275,코티드샌드 구매,육군종합정비창,디에이치엠(DHM)
28411,(19-0225)울템 필라멘트 구매,공군제17전투비행단,쉐입쓰리디 테크놀로지
28511,보존식용기 1품목 구매(물자),육군군수사령부,미성종합체육산업 주식회사
28512,락카스프레이등12종 구매,육군종합정비창,주식회사 엠제이엠
28521,군성회관 식자재 계약 (2차),공군제38전투비행전대,주식회사 신세계푸드
28529,원형샌드사포등12종 구매,육군종합정비창,씨티원 경기지점
28534,한빛부대 통조림 등 19종 구매,육군군수사령부,주식회사 해나람
28535,한빛부대 삼겹살 등 4종 구매,육군군수사령부,주식회사 우리에이치알컴퍼니
28569,K9자주포 스프링등9종 구매,육군종합정비창,서경켐텍
28598,19년 후반기 병영도서관 및 독서카페 희망도서 구매,제15보병사단,잉카
28601,수육용 삼겹살 등 4종 구매,제9911부대,주식회사 갑목
28676,스프레이컵 등 18종 구매,제9911부대,한창CM
28752,19-냉면그릇 구매(20198224-H),국군재정관리단,미성종합상사
28787,실린더 버터플라이 밸브 등 55종,공군군수사령부,삼호상사
28789,조미료(미림 등 15종) 구매,국방부계룡대근무지원단,낙원상사
28795,전투부식(미역국 등 15품목) 구매,제9해병여단,주식회사 제주플로우
28819,GOP 해안소초 광망보호용 치킨넷 구매(고성),제22보병사단,SS종합상사
28886,낙동강 전승행사 도시락 제조납품,제2작전사령부,주식회사 이.엠.에스
28940,병영도서관 및 독서카페 도서 구매,제6128부대,영림상사
29018,보급 스팸 등 7품목 구매,제9181부대,주식회사 심우
29055,폐식용유 보관용기 구매,제8385부대,대광종합상사
29101,19년 특수수술재료(콜라겐사용조직 보충재),국군대전병원,더윈메디
29124,57기 생도 피복구매 (예식용품),육군3사관학교,동명상회
29142,전투식량 구매(2차),육군과학화전투훈련단,세연공인중개사사무소
29169,181차 의약품(레메론정 등) 구매,국군수도병원,주식회사 새보람메디칼
29205,야채절단기 등 192종 구매,해군제3함대사령부,오피스넥스목포영암점
29229,육군회관 식자재 000종 구매,육군인사사령부,주식회사 현대그린푸드
29247,K9자주포 스프링등4종 구매,육군종합정비창,티케이(T.K)테크
29317,국군의날 경축특식 훈제닭다리,제3군수지원여단,대승상사
29344,명이절임 등 15종 구매,해군군수사령부,행복유통
29345,명이절임 등 15종 구매,해군군수사령부,행복유통
29346,명이절임 등 15종 구매,해군군수사령부,주식회사 류홀마트
29347,명이절임 등 15종 구매,해군군수사령부,경남상사
29348,명이절임 등 15종 구매,해군군수사령부,행복유통
29349,명이절임 등 15종 구매,해군군수사령부,행복유통
29417,체력단련장 식자재 구매(4개소),육군인사사령부,한샘유통 주식회사
29419,원형샌드사포등9종 구매,육군종합정비창,씨티원 경남지점
29471,"""샌드블라스터"" 구매",육군종합정비창,알파유통 주식회사
29501,경축일(국군의 날) 특식 구매,제9181부대,잇사갈
29535,19년 추석 경축 특식(훈제닭다리)구매,제1군수지원사령부,한국유통
29598,추석 경축특식 냉동롤케이크,제3군수지원여단,동광푸드
29607,'19년 추석 경축특식(냉동조각케이크),5군수지원사령부,한샘유통 주식회사
29637,조각케익(국군의날 경축특식),제2군수지원여단,장가네제과
29638,커피,제3군수지원여단,장가계
29639,떠먹는 발효유(토핑),제3군수지원여단,엠플러스에프엔씨 주식회사
29662,명이절임 등 15종 구매,해군군수사령부,행복유통
29663,명이절임 등 15종 구매,해군군수사령부,경남상사
29664,명이절임 등 15종 구매,해군군수사령부,주식회사 류홀마트
29665,명이절임 등 15종 구매,해군군수사령부,경남상사
29666,명이절임 등 15종 구매,해군군수사령부,주광유통
29667,명이절임 등 15종 구매,해군군수사령부,주광유통
29668,명이절임 등 15종 구매,해군군수사령부,경남상사
29669,명이절임 등 15종 구매,해군군수사령부,경남상사
29674,냉동롤케익(추석경축특식),제2군수지원여단,동광푸드
29675,19년 국군의 날 경축 특식(초코브라우니) 구매,제1군수지원사령부,동광푸드
29679,다목적전술차 스프링 구매,육군종합정비창,세진정밀
29683,19-장교식당 식자재 납품계약,공군제18전투비행단,씨제이프레시웨이 주식회사
29684,19-장교식당 식자재 납품계약,공군제18전투비행단,씨제이프레시웨이 주식회사
29693,특수수술재료(흡수성이식용Mesh) 2차 구매,국군의무사령부,주식회사 굿메드
29708,전투식량 S형,급식유류계약팀,주식회사 샬롬
29709,전투식량 S형,급식유류계약팀,주식회사 샬롬
29710,전투식량 S형,급식유류계약팀,주식회사 샬롬
29711,전투식량 S형,급식유류계약팀,(주)참맛
29712,전투식량 S형,급식유류계약팀,주식회사 샬롬
29733,계란후라이,급식유류계약팀,(주)한일코리아
29745,3분기위임(통합급수장 여과자재 구매),제7보병사단,움트리
29748,생수 등 4종 구매,해군군수사령부,주식회사 류홀마트
29755,깐쇼새우,급식유류계약팀,(주)태림에프웰
29766,도서(침묵의 봄) 등 606품목 구매,제9691부대,다판다 주주마켓
29815,'19년 국군의날 경축특식(냉동슈),5군수지원사령부,주식회사 라온씨앤비
29825,"밸브,버섯형,엔진용 등 11종",해군군수사령부,지앤와이일렉텍(주)
29836,추석 경축특식(아이스초코 롤케익) 제조,육군제7789부대,장가네제과
29844,국군의날 경축특식(냉동슈) 제조,육군제7789부대,주식회사 라온씨앤비
29874,특수수술재료(콜라겐사용조직보충제) 2차 구매,국군의무사령부,주식회사 굿메드
29881,'19년 국군의 날 경축특식(조각케이크),제 2167부대,대승상사
29893,경축일(광복절) 특식 구매,제9181부대,아텍
29894,경축일(추석)특식 구매,제9181부대,주식회사 대한플랜트
29926,K9자주포 스프링등39종 구매,육군종합정비창,티케이(T.K)테크
29943,'19년도 토성회관 식자재 (채소류 및 공산품),제3훈련비행단,한양상사
29947,통닭박스 등 13종,해군군수사령부,SH상사
29961,자주포 스프링류,기동화력계약팀 (구:19.09.16),서경켐텍
29990,계란말이,급식유류계약팀,웅진식품주식회사
29992,영외자식당(장교/간부식당) 김치류 계약,공군제1전투비행단,두메자연김치
29993,EPS 샌드위치 패널 등 21종,해군제2수리창,주식회사 우창이엠이
30018,지휘관 및 주임원사 휘장류 제조,육군본부,효승정밀
30039,19년 금성식당 식자재 구매,공군제7항공통신전대,주식회사 누리
30043,19년 금성식당 식자재 구매,공군제7항공통신전대,주식회사 누리
30088,'19년 추석 경축특식(훈제닭다리) 구매,제 2167부대,한국유통
30098,'19년 후반기 토성회관 육류 계약,제3훈련비행단,진산축산 해드림
30149,콩기름,급식유류계약팀,(주)사조대림
30208,19-음식물 분쇄기 15EA 구매,국군재정관리단,주식회사 엘케이테크
30229,포자만두,급식유류계약팀,농업회사법인 한만두식품 주식회사
30230,포자만두,급식유류계약팀,주식회사 푸르온
30231,포자만두,급식유류계약팀,주식회사 서원푸드
30243,영외자식당(장교/간부식당) 식자재 계약,공군제1전투비행단,(주)아워홈호남영업소
30266,문무대왕함 전기튀김기,해군 기동함대사령부,효원
30333,19년 광복절 경축특식(조각케익),제2군수지원여단,주식회사 아람비즈
30360,'19년 병영도서관 및 독서카페 도서 구매,제7보병사단,NS산업
30389,가락국수(생우동),급식유류계약팀,(주)동성식품
30414,병영도서관/독서카페 도서구매,제11기동사단,주식회사 원경
30488,경축일(광복절) 특식 구매,제9181부대,피엠코리아
30503,K9자주포 스프링등3종 구매,육군종합정비창,주식회사 우영물산
30528,19년 제헌절 경축 특식(냉동조각케익)구매,제1군수지원사령부,주식회사 두준
30529,19년 광복절 경축 특식(훈제닭다리)구매,제1군수지원사령부,한국유통
30546,리치스텍커 구매(201910037-F),국군재정관리단,주식회사 삼진야드
30594,가락국수(생우동),급식유류계약팀,(주)동성식품
30595,가락국수(생우동),급식유류계약팀,(주)면사랑
30596,가락국수(생우동),급식유류계약팀,(주)면사랑
30615,"양극,전류용,음극방어 부식방지용 등 5종",해군군수사령부,엠에이치케이(MHK)
30627,(19-080) 식자재(2배사과식초 등 24품목),공군제18전투비행단,대광종합상사
30648,동그랑땡 구매,해군군수사령부,삼진유통
30731,파병부대 중간재보급물자(배추김치 등 6종) 제조,육군군수사령부,(주)이씨네식품
30786,자장면,급식유류계약팀,농업회사법인 현농주식회사
30787,쌀국수비빔면,급식유류계약팀,(주)한스코리아
30788,떡볶이떡,급식유류계약팀,삼오종합식품 주식회사
30789,떡국떡,급식유류계약팀,(주)동성식품
30790,쫄면,급식유류계약팀,(주)동성식품
30791,쫄면,급식유류계약팀,(주)면사랑
30792,쫄면,급식유류계약팀,(주)면사랑
30793,쫄면,급식유류계약팀,(주)동성식품
30794,자장면,급식유류계약팀,(주)동성식품
30795,자장면,급식유류계약팀,(주)동성식품
30796,자장면,급식유류계약팀,농업회사법인 현농주식회사
30809,'19년 제헌절 경축특식(훈제닭다리),5군수지원사령부,한국유통
30828,미니수첩 등 24종 구매,해군교육사령부,가람상사
30863,'19년 영내자 증식용 떡 제조 납품,제1729부대,화천쌀가공협회영농조합법인
30872,참치통조림 등 3종 구매,제9911부대,바이시스(Byciss)
30873,순살꼬막통조림 등 14종 구매,제9911부대,썬.데일리
30883,광복절 경축특식 냉동슈,제3군수지원여단,푸른
30887,스프링시험기 구매,육군종합정비창,주식회사 테스트원
30948,특전복,물자계약팀,주식회사 삼환티에프
30997,'19년 제헌절 경축특식 과자세트,제2군수지원여단,푸른
31058,'19년 간부식당 식자재(김치 제외),제1방공유도탄여단,(주)아워홈경북영업소
31065,경축일(제헌절) 특식 구매,제9181부대,(주)메들린
31087,음식물 분쇄기 8EA 구매,해군군수사령부,주식회사 윈에스테크
31102,과자세트(제조/구매),육군제7789부대,푸른
31125,3연대 예비군 도시락 납품,제3697부대,주식회사 정담에프엔에스
31130,제헌절 경축특식 브라우니,제3군수지원여단,장가네제과
31134,가공우유(바나나),급식유류계약팀,남양유업(주)
31135,가공우유(딸기),급식유류계약팀,(주)빙그레
31136,가공우유(초코),급식유류계약팀,남양유업(주)
31190,조미료(칠리소스 등 12종) 구매,국방부계룡대근무지원단,주식회사 에이치피솔루션
31195,세미트레일러,제20전투비행단,주식회사 보고
31251,병영도서관 및 독서카페 도서 구매,제3보병사단,이터널
31253,19년 식자재 재포장재료 구매계약,제1군수지원사령부,씨에스시스템
31255,'19년 광복절 경축특식(냉동롤케이크),제 2167부대,장가네제과
31256,'19년 제헌절 경축특식(훈제닭다리),제 2167부대,한국유통
31265,된장,급식유류계약팀,주식회사 참고을
31266,된장,급식유류계약팀,주식회사 참고을
31267,된장,급식유류계약팀,주식회사 참고을
31268,된장,급식유류계약팀,주식회사 참고을
31279,19-목-안-운용대 급식(감자등 204종) 구매,해군제3함대사령부,형제푸드시스템
31285,아이스초코브라우니(제조),육군제7789부대,장가네제과
31333,버터플라이 등 23품목 구매 납품,제9227부대,시엘아이템(CL Item)
31335,'19년 광복절 경축특식(냉동초코브라우니),5군수지원사령부,장가네제과
31393,즉석쌀국수 사골맛,급식유류계약팀,(주)한스코리아
31394,즉석쌀국수 사골맛,급식유류계약팀,(주)미정
31395,즉석쌀국수 사골맛,급식유류계약팀,(주)한스코리아
31396,즉석쌀국수 사골맛,급식유류계약팀,(주)한스코리아
31397,즉석쌀국수 멸치맛,급식유류계약팀,(주)한스코리아
31398,즉석쌀국수 멸치맛,급식유류계약팀,(주)미정
31399,즉석쌀국수 멸치맛,급식유류계약팀,(주)한스코리아
31400,즉석쌀국수 멸치맛,급식유류계약팀,(주)한스코리아
31474,19년도 공군교육사령부 김치류 완제품 제조납품,공군교육사령부,(주)동진푸드
31493,00부대 전투식량 구매,육군과학화전투훈련단,주식회사 윈에스테크
31509,19년도 후반기 장교회관 식재료(육류) 구매,제3훈련비행단,주식회사 하나로축산기업
31530,불고기패티 2형,급식유류계약팀,주식회사 부산어묵
31549,00부대 작전지원병력 도시락 구매(2차),제5보병사단,(주)기락
31552,00부대 리치트럭 구매,육군군수사령부,한경
31603,"축,어깨형 등 19종",해군제2수리창,세일상사
31617,'19년 00부대 복지회관 등 5곳 식자재 통합구매,특수전사령부,삼성웰스토리 주식회사
31671,"볼트, 리브어깨형",일반장비계약팀 (구:19.09.16),동원하이테크
31710,딸기맛 우유,제3군수지원여단,주식회사무한티에스
31711,젤리,제3군수지원여단,(주)동진푸드
31745,19년 부식류 재포장재료 구매,육군제7789부대,칼라투
31782,19년 포제휘장류,물자계약팀,주식회사 플라이쿱
31788,팝콘형 치킨,급식유류계약팀,(주)태림에프웰
31789,팝콘형 치킨,급식유류계약팀,(주)디아이
31790,팝콘형 치킨,급식유류계약팀,(주)태림에프웰
31791,팝콘형 치킨,급식유류계약팀,주식회사 한맥식품
31792,탕수육,급식유류계약팀,주식회사 부산어묵
31793,탕수육,급식유류계약팀,(주)미가온푸드
31794,탕수육,급식유류계약팀,(주)태림에프웰
31795,탕수육,급식유류계약팀,주식회사 한맥식품
31822,그린키위 등 7종,해군작전사령부,(주)씨드코퍼레이션
31823,일반우유 등 13종,해군작전사령부,아르테지오
31826,냉동꽃게 등 6종,해군작전사령부,오도유통
31828,00부대 배부식 송풍기 구매,국군제1068부대,모두의상사
31833,간장 고추지 등 14종,해군작전사령부,정승물산
31837,감자수제비 등 73종,해군작전사령부,정승물산
31838,돈등뼈 등 6종,해군작전사령부,아르테지오
31839,배추김치 등 10종,해군작전사령부,농업회사법인 (주)대광에프앤지
31843,리치트럭 2대 구매,해군군수사령부,한경
31876,햄슬라이스,급식유류계약팀,(주)태림에프웰
31877,햄슬라이스,급식유류계약팀,(주)복천식품
31878,햄슬라이스,급식유류계약팀,주식회사 코주부비앤에프 (B&F)
31879,햄슬라이스,급식유류계약팀,주식회사 오뗄
31882,치킨너겟,급식유류계약팀,(주)태림에프웰
31884,김장김치,급식유류계약팀,주식회사 강순의명가
31896,숙성김치,급식유류계약팀,(주)늘푸른
31897,숙성김치,급식유류계약팀,농업회사법인 유한회사 일품김치
31898,숙성김치,급식유류계약팀,에스와이푸드 주식회사
31899,숙성김치,급식유류계약팀,농업회사법인 한백냉장식품 주식회사
31900,숙성김치,급식유류계약팀,주식회사 강순의명가
31901,백김치(일반경쟁),급식유류계약팀,세광식품(주)
31902,오이소박이(일반경쟁),급식유류계약팀,세광식품(주)
31903,갓김치(일반경쟁),급식유류계약팀,세광식품(주)
31904,파김치(일반경쟁),급식유류계약팀,(주)늘푸른
31905,깍두기(임가공),급식유류계약팀,선화식품주식회사
31906,깍두기(임가공),급식유류계약팀,미성식품(주)
31907,깍두기(임가공),급식유류계약팀,선화식품주식회사
31908,깍두기(임가공),급식유류계약팀,(주)우리집식품
31909,깍두기(임가공),급식유류계약팀,선화식품주식회사
31910,깍두기(임가공),급식유류계약팀,다솜식품
31911,깍두기(임가공),급식유류계약팀,주식회사 정우식품
31912,깍두기(임가공),급식유류계약팀,주식회사 정우식품
31913,배추김치(임가공),급식유류계약팀,(주)늘푸른
31914,배추김치(임가공),급식유류계약팀,(주)한일코리아
31915,배추김치(임가공),급식유류계약팀,(주)이씨네식품
31916,배추김치(임가공),급식유류계약팀,(주)늘푸른
31917,배추김치(임가공),급식유류계약팀,(주)한일코리아
31918,배추김치(임가공),급식유류계약팀,강화섬김치
31919,배추김치(임가공),급식유류계약팀,(주)늘푸른
31920,배추김치(임가공),급식유류계약팀,세광식품(주)
31921,배추김치(완제품),급식유류계약팀,농업회사법인 주식회사 봄내
31922,배추김치(완제품),급식유류계약팀,(주)늘푸른
31923,배추김치(완제품),급식유류계약팀,(주)늘푸른
31924,배추김치(완제품),급식유류계약팀,미성식품(주)
31925,배추김치(완제품),급식유류계약팀,미성식품(주)
31926,배추김치(완제품),급식유류계약팀,(주)늘푸른
31927,배추김치(완제품),급식유류계약팀,(주)신세대푸드
31928,배추김치(완제품),급식유류계약팀,농업회사법인 유한회사 일품김치
31929,김장김치,급식유류계약팀,농업회사법인 유한회사 일품김치
31930,김장김치,급식유류계약팀,강화섬김치
31931,김장김치,급식유류계약팀,(주)우리집식품
31932,김장김치,급식유류계약팀,주식회사 강순의명가
31933,김장김치,급식유류계약팀,(주)한일코리아
31934,김장김치,급식유류계약팀,다솜식품
31935,김장김치,급식유류계약팀,에스와이푸드 주식회사
31940,반자동 커피머신 등 2종,해군작전사령부,다인커피시스템
31953,총각김치,급식유류계약팀,농업회사법인 유한회사 일품김치
31954,총각김치,급식유류계약팀,농업회사법인 한백냉장식품 주식회사
31955,총각김치,급식유류계약팀,세광식품(주)
31956,총각김치,급식유류계약팀,세광식품(주)
31957,총각김치,급식유류계약팀,에스와이푸드 주식회사
31958,총각김치,급식유류계약팀,(주)신세대푸드
31959,총각김치,급식유류계약팀,(주)한일코리아
31960,총각김치,급식유류계약팀,주식회사 옥종합식품
31961,열무김치,급식유류계약팀,(주)임진강김치
31962,열무김치,급식유류계약팀,(주)동진푸드
31963,열무김치,급식유류계약팀,(주)이씨네식품
31964,열무김치,급식유류계약팀,(주)신세대푸드
31965,열무김치,급식유류계약팀,주식회사 옥종합식품
31966,열무김치,급식유류계약팀,(주)우리집식품
31967,열무김치,급식유류계약팀,농업회사법인 주식회사 봄내
31968,열무김치,급식유류계약팀,농업회사법인 유한회사 일품김치
31969,깍두기(완제품),급식유류계약팀,에스와이푸드 주식회사
31970,깍두기(완제품),급식유류계약팀,주식회사 정우식품
31971,깍두기(완제품),급식유류계약팀,에스와이푸드 주식회사
31972,깍두기(완제품),급식유류계약팀,미성식품(주)
31973,깍두기(완제품),급식유류계약팀,(주)우리집식품
31974,깍두기(완제품),급식유류계약팀,(주)신세대푸드
31975,깍두기(완제품),급식유류계약팀,에스와이푸드 주식회사
31976,깍두기(완제품),급식유류계약팀,(주)한일코리아
31978,혼합간장,급식유류계약팀,주식회사 참고을
31979,혼합간장,급식유류계약팀,주식회사 참고을
31980,혼합간장,급식유류계약팀,주식회사 참고을
31981,혼합간장,급식유류계약팀,주식회사 참고을
31982,고추장,급식유류계약팀,주식회사 참고을
31984,고추장,급식유류계약팀,주식회사 참고을
31985,고추장,급식유류계약팀,주식회사 참고을
31986,고추장,급식유류계약팀,주식회사 참고을
32023,식혜 등 8종 구매,해군군수사령부,씨티원 경남지점
32024,식혜 등 8종 구매,해군군수사령부,행복유통
32025,식혜 등 8종 구매,해군군수사령부,행복유통
32026,식혜 등 8종 구매,해군군수사령부,주식회사 류홀마트
32028,포도잼 등 9종 구매,해군군수사령부,씨티원 경남지점
32029,포도잼 등 9종 구매,해군군수사령부,행복유통
32030,포도잼 등 9종 구매,해군군수사령부,행복유통
32031,포도잼 등 9종 구매,해군군수사령부,씨티원 경남지점
32032,포도잼 등 9종 구매,해군군수사령부,행복유통
32047,25톤 세미트레일러,일반장비계약팀 (구:19.09.16),주식회사 보고
32048,매실피클,급식유류계약팀,주식회사 한일식품
32093,핫도그 등 9종 구매,해군군수사령부,행복유통
32106,물냉면,급식유류계약팀,(주)동성식품
32138,식초,급식유류계약팀,(주)오뚜기
32141,수산화나트륨 구매,육군종합정비창,인고케미칼
32164,19년 기관총 스프링류(구매),유도무기계약팀 (구:19.09.16),대진테크
32201,비엔나소시지,급식유류계약팀,주식회사 에스피씨삼립
32202,비엔나소시지,급식유류계약팀,(주)태림에프웰
32203,비엔나소시지,급식유류계약팀,(주)동원에프앤비
32225,조미김(세절형),급식유류계약팀,삼진식품주식회사
32226,조미김(세절형),급식유류계약팀,(주)청해진수산
32227,조미김(세절형),급식유류계약팀,삼진식품주식회사
32228,조미김(세절형),급식유류계약팀,성원물산
32249,부식류 재포장재료(제조 또는 구매),제2군수지원여단,경북상사
32252,19년 철제휘장류,물자계약팀,좋아실업 주식회사
32258,파병부대 중간재보급물자(통조림 등 16종) 구매,육군군수사령부,정승물산
32268,소고기무국 등 11품목 구매,제9181부대,럭키상사
32282,히아레인 미니 점안액 등 47종,해군작전사령부,주식회사 인투바이오
32297,핫도그 등 9종 구매,해군군수사령부,행복유통
32298,핫도그 등 9종 구매,해군군수사령부,행복유통
32299,핫도그 등 9종 구매,해군군수사령부,韓昌物産 株式會社
32300,핫도그 등 9종 구매,해군군수사령부,삼진유통
32301,핫도그 등 9종 구매,해군군수사령부,삼진유통
32302,핫도그 등 9종 구매,해군군수사령부,행복유통
32303,핫도그 등 9종 구매,해군군수사령부,삼진유통
32351,등심새우롤만두 구매,해군군수사령부,행복유통
32353,갈비만두 구매,해군군수사령부,행복유통
32362,식초 등 7종 구매,해군군수사령부,씨티원 경남지점
32363,식초 등 7종 구매,해군군수사령부,행복유통
32364,식초 등 7종 구매,해군군수사령부,행복유통
32365,식초 등 7종 구매,해군군수사령부,주식회사 류홀마트
32374,부식류 재포장 재료,제3군수지원여단,유한회사 나라찬
32379,치즈,급식유류계약팀,서울우유협동조합
32380,쇠고기장조림,급식유류계약팀,(주)디아이
32381,자장소스,급식유류계약팀,(주)디아이
32382,육고기비빔소스,급식유류계약팀,(주)미정
32383,육고기비빔소스,급식유류계약팀,(주)미정
32384,육고기비빔소스,급식유류계약팀,(주)미정
32385,육고기비빔소스,급식유류계약팀,(주)미정
32386,자장소스,급식유류계약팀,(주)그린
32387,자장소스,급식유류계약팀,(주)그린
32388,자장소스,급식유류계약팀,(주)그린
32404,카레소스,급식유류계약팀,삼오종합식품 주식회사
32405,카레소스,급식유류계약팀,(주)그린
32406,카레소스,급식유류계약팀,(주)복천식품
32407,카레소스,급식유류계약팀,주식회사 동방푸드마스타
32408,카레소스,급식유류계약팀,(주)디아이
32409,카레소스,급식유류계약팀,에스와이푸드 주식회사
32410,카레소스,급식유류계약팀,삼오종합식품 주식회사
32411,카레소스,급식유류계약팀,(주)복천식품
32412,카레소스,급식유류계약팀,(주)미정
32413,카레소스,급식유류계약팀,삼오종합식품 주식회사
32414,카레소스,급식유류계약팀,(주)그린
32415,카레소스,급식유류계약팀,에스와이푸드 주식회사
32417,매실음료 구매,해군군수사령부,주식회사 류홀마트
32418,프레스햄 통조림 구매,해군군수사령부,연우상사
32419,사이다 구매,해군군수사령부,연우상사
32420,이온음료(2형) 구매,해군군수사령부,해군유통
32448,병사식당 식자재 구매,공군제19전투비행단,주식회사 누리
32450,감자전분,급식유류계약팀,주식회사 해나람
32460,사이다 등 39종 구매,제2002부대,예솔산업
32461,19년 학군후보생 하계입영훈련 증식(음료) 구매,육군학생군사학교,제이앤제이
32466,'19년 부대조달 후식(콜라),제 2167부대,주식회사 코아미
32486,스파게티,급식유류계약팀,(주)면사랑
32505,100차 의약품(메론정 등 18종) 구매,국군수도병원,주식회사 카카오팜
32529,소시지 2형,급식유류계약팀,(주)태림에프웰
32530,소시지 2형,급식유류계약팀,주식회사 오뗄
32531,소시지 2형,급식유류계약팀,(주)복천식품
32532,소시지 2형,급식유류계약팀,주식회사 코주부비앤에프 (B&F)
32535,"19년 영내자증식(떡, 케이크) 제조 구매",제7보병사단,동광푸드
32572,시리얼(쌀맛후레이크),급식유류계약팀,농심 켈로그 주식회사
32632,햄버거빵(2형),급식유류계약팀,농업회사법인 보성파니피카 주식회사
32633,햄버거빵(2형),급식유류계약팀,농업회사법인 보성파니피카 주식회사
32634,햄버거빵(2형),급식유류계약팀,농업회사법인 보성파니피카 주식회사
32635,햄버거빵(2형),급식유류계약팀,농업회사법인 보성파니피카 주식회사
32636,핫도그빵,급식유류계약팀,농업회사법인 보성파니피카 주식회사
32637,핫도그빵,급식유류계약팀,농업회사법인 보성파니피카 주식회사
32638,핫도그빵,급식유류계약팀,유성씨앤에프(주)양주
32639,핫도그빵,급식유류계약팀,농업회사법인 보성파니피카 주식회사
32642,새우 패티,급식유류계약팀,(주)디아이
32643,새우 패티,급식유류계약팀,주식회사 부산어묵
32644,새우 패티,급식유류계약팀,(주)복천식품
32645,새우 패티,급식유류계약팀,주식회사 남부식품
32646,전투식량 2형,급식유류계약팀,주식회사 에스아이케이
32647,전투식량 2형,급식유류계약팀,주식회사 샬롬
32648,전투식량 2형,급식유류계약팀,주식회사 샬롬
32650,불고기패티 2형,급식유류계약팀,농업회사법인 한백냉장식품 주식회사
32651,불고기패티 2형,급식유류계약팀,주식회사 하이푸드텍
32652,불고기패티 2형,급식유류계약팀,주식회사 한맥식품
32666,스파게티소스,급식유류계약팀,삼오종합식품 주식회사
32690,생수,제3군수지원여단,삼마상사
32705,'19년 부대조달 후식(식혜) 구매,제1군수지원사령부,광동제약(주)
32729,19-073 스프링노트 등 4품목,공군교육사령부,하늘정보시스템
32735,양념분쇄기 1품목 구매(물자),육군군수사령부,주식회사 지엘엔지니어링
32737,소시지,급식유류계약팀,주식회사 하이푸드텍
32738,소시지,급식유류계약팀,주식회사 오뗄
32739,소시지,급식유류계약팀,농업회사법인 행복 주식회사
32740,소시지,급식유류계약팀,주식회사 오뗄
32741,햄,급식유류계약팀,주식회사 오뗄
32742,햄,급식유류계약팀,농업회사법인 행복 주식회사
32743,햄,급식유류계약팀,주식회사 오뗄
32744,햄,급식유류계약팀,주식회사 오뗄
32745,오이피클,급식유류계약팀,주식회사 한일식품
32746,미트볼,급식유류계약팀,(주)디아이
32747,미트볼,급식유류계약팀,(주)디아이
32748,미트볼,급식유류계약팀,(주)태림에프웰
32749,미트볼,급식유류계약팀,(주)디아이
32752,참기름,급식유류계약팀,주식회사 참고을
32753,돼지불고기양념,급식유류계약팀,(주)오뚜기
32755,쇠불고기양념,급식유류계약팀,(주)오뚜기
32756,콩나물,급식유류계약팀,주식회사 참고을
32757,콩나물,급식유류계약팀,주식회사 참고을
32758,콩나물,급식유류계약팀,주식회사 참고을
32759,콩나물,급식유류계약팀,엠플러스에프엔씨 주식회사
32760,순두부,급식유류계약팀,엠플러스에프엔씨 주식회사
32761,순두부,급식유류계약팀,엠플러스에프엔씨 주식회사
32762,순두부,급식유류계약팀,엠플러스에프엔씨 주식회사
32763,순두부,급식유류계약팀,엠플러스에프엔씨 주식회사
32764,포장두부,급식유류계약팀,엠플러스에프엔씨 주식회사
32765,포장두부,급식유류계약팀,엠플러스에프엔씨 주식회사
32766,포장두부,급식유류계약팀,엠플러스에프엔씨 주식회사
32767,포장두부,급식유류계약팀,엠플러스에프엔씨 주식회사
32768,비빔냉면,급식유류계약팀,(주)동성식품
32769,비빔냉면,급식유류계약팀,(주)면사랑
32770,비빔냉면,급식유류계약팀,(주)동성식품
32771,비빔냉면,급식유류계약팀,(주)동성식품
32772,물냉면,급식유류계약팀,(주)동성식품
32773,물냉면,급식유류계약팀,(주)동성식품
32774,물냉면,급식유류계약팀,(주)동성식품
32781,'19년 부대조달후식(과일젤리) 구매,5군수지원사령부,해태제과식품(주)
32782,'19년 부대조달후식(워터젤리) 구매,5군수지원사령부,(주)동진푸드
32783,'19년 부대조달후식(과일푸딩) 구매,5군수지원사령부,동아오츠카주식회사
32784,'19년 부대조달후식(견과류셋) 구매,5군수지원사령부,주식회사 동영상사
32785,'19년 부대조달후식(떠먹는 토핑형발효유) 구매,5군수지원사령부,청윤
32786,'19년 부대조달후식(떠먹는발효유) 구매,5군수지원사령부,주식회사 대선에프에스
32787,'19년 부대조달후식(짜먹는발효유) 구매,5군수지원사령부,주식회사 신화
32788,'19년 부대조달후식(마시는발효유) 구매,5군수지원사령부,(주)아워홈 동서울영업소
32789,'19년 부대조달후식(팥빙수아이스크림) 구매,5군수지원사령부,코리아식품주식회사
32790,'19년 부대조달후식(컵형아이스크림) 구매,5군수지원사령부,주식회사 삼도통신
32791,'19년 부대조달후식(팩형아이스크림) 구매,5군수지원사령부,(주)비앤에스
32792,'19년 부대조달후식(샌드형아이스크림) 구매,5군수지원사령부,씨제이프레시웨이 주식회사
32793,'19년 부대조달후식(콘형아이스크림) 구매,5군수지원사령부,코리아식품주식회사
32794,'19년 부대조달후식(이온음료) 구매,5군수지원사령부,주식회사 에스피씨삼립
32795,'19년 부대조달후식(바나나맛 우유) 구매,5군수지원사령부,롯데푸드 주식회사
32796,'19년 부대조달후식(바나나) 구매,5군수지원사령부,주식회사 에이치에스유통
32797,"'19년 부대조달 ""생수"" 구매(B권역)",5군수지원사령부,정승물산
32798,"'19년 부대조달 ""생수"" 구매(A권역)",5군수지원사령부,씨제이 푸드빌(주)
32820,시리얼(초코맛후레이크),급식유류계약팀,(주)씨알푸드
32821,시리얼(옥수수맛 후레이크),급식유류계약팀,농심 켈로그 주식회사
32822,19년 부대조달 후식(콜라),육군제7789부대,주식회사 에스디테크놀러지
32825,19년 부대조달 후식(콜라),육군제7789부대,주식회사 에스디테크놀러지
32830,떡류 등 21품목 제조 구매,제9181부대,주식회사해피21세기
32835,19년 부대조달 후식 구매(두유),육군제7789부대,순식품
32836,19년 부대조달 후식(짜먹는 젤리),육군제7789부대,주식회사 삼우인더스트리
32837,19년 부대조달 후식(과채주스),육군제7789부대,(주)동북쇼핑
32838,19년 부대조달 후식(떠먹는 발효유),육군제7789부대,한국종이문화원
32839,19년 부대조달 후식(팩형아이스크림),육군제7789부대,미가온
32840,19년 부대조달 후식(팥빙수),육군제7789부대,주식회사 푸드머스
32841,19년 부대조달 후식(콘형아이스크림),육군제7789부대,씨제이프레시웨이 주식회사
32842,19년 부대조달 후식(컵형아이스크림),육군제7789부대,스파클주식회사
32843,19년 부대조달 후식(짜먹는발효유),육군제7789부대,해태제과식품(주)
32844,19년 부대조달 후식(에이드),육군제7789부대,(주)빙그레
32845,19년 부대조달 후식(생과일바),육군제7789부대,피제이컴퍼니
32846,19년 부대조달 후식(샌드형아이스크림),육군제7789부대,광동제약(주)
32847,19년 부대조달 후식(사이다),육군제7789부대,주식회사 대선에프에스
32848,19년 부대조달 후식(반건조고구마),육군제7789부대,주식회사 베니올
32849,19년 부대조달 후식(바나나우유),육군제7789부대,주식회사 대선에프에스
32850,'19년 부대조달 후식(마시는발효유),육군제7789부대,선테크 주식회사
32851,19년 부대조달 후식(떠먹는토핑발효유),육군제7789부대,주식회사 삼도통신
32852,19년 부대조달 후식(떠먹는젤리),육군제7789부대,(주)신대한관리
32853,'19년 부대조달 후식(과일젤리),육군제7789부대,주식회사 앤클라우드
32873,비빔밥 그릇 구매,제7001부대,신동하이텍
32914,천일염,급식유류계약팀,영백솔트영어조합법인
32917,튀김가루,급식유류계약팀,씨제이제일제당주식회사
32929,'19년 부대조달 후식(생수) 구매,제1군수지원사령부,롯데푸드 주식회사
32930,'19년 부대조달 후식(과일푸딩) 구매,제1군수지원사령부,해태제과식품(주)
32931,'19년 부대조달 후식(아이스샌드) 구매,제1군수지원사령부,롯데푸드 주식회사
32932,'19년 부대조달 후식(아이스팩) 구매,제1군수지원사령부,(주)청우식품
32933,'19년 부대조달 후식(아이스컵) 구매,제1군수지원사령부,株式會社 森雅인터내셔날
32934,'19년 부대조달 후식(아이스콘) 구매,제1군수지원사령부,(주)빙그레
32935,'19년 부대조달 후식(에이드) 구매,제1군수지원사령부,(주)팔도
32936,'19년 부대조달 후식(과채주스) 구매,제1군수지원사령부,(주)아워홈 동서울영업소
32937,'19년 부대조달 후식(비타음료) 구매,제1군수지원사령부,스파클주식회사
32938,'19년 부대조달 후식(탄산음료) 구매,제1군수지원사령부,주식회사 푸드머스
32939,'19년 부대조달 후식(이온음료) 구매,제1군수지원사령부,롯데칠성음료(주)
32940,'19년 부대조달 후식(짜먹는발효유) 구매,제1군수지원사령부,순식품
32941,'19년 부대조달 후식(떠먹는발효유) 구매,제1군수지원사령부,주식회사 대흥푸드
32942,'19년 부대조달 후식(마시는발효유) 구매,제1군수지원사령부,(주)아워홈 동서울영업소
32961,19년 영내자용 떡 및 케이크 구매,제15보병사단,동광푸드
32966,양념치킨소스,급식유류계약팀,삼오종합식품 주식회사
32979,음료류 7품목 구매,제9181부대,(유)목양
32980,간식류 7품목 구매,제9181부대,(주)동북쇼핑
32981,과자류 6품목 구매,제9181부대,주식회사 쉐마이스라엘
32982,빵류 6품목 구매,제9181부대,GSJ종합상사
32983,라면류 6품목 구매,제9181부대,혁재상사
33007,"양극, 부식방지용 등 7종 구매",해군군수사령부,주식회사 알코에스앤티
33010,'19년 부대조달 후식(연양갱),제 2167부대,(주)씨드코퍼레이션
33011,'19년 부대조달 후식(과일혼합음료),제 2167부대,주식회사 에프로드
33012,'19년 부대조달 후식(비타민음료),제 2167부대,석정상사
33013,'19년 부대조달 후식(영양바),제 2167부대,주식회사 토속
33015,딸기잼,급식유류계약팀,(주)푸드웰
33017,생선묵(튀김),급식유류계약팀,(주)디아이
33018,생선묵(떡볶이용),급식유류계약팀,(주)태림에프웰
33019,생선묵(떡볶이용),급식유류계약팀,(주)그린
33020,생선묵(떡볶이용),급식유류계약팀,(주)서울식품
33021,생선묵(떡볶이용),급식유류계약팀,(주)디아이
33022,생선묵(튀김),급식유류계약팀,주식회사늘푸른바다
33023,생선묵(튀김),급식유류계약팀,(주)그린
33024,생선묵(튀김),급식유류계약팀,(주)환공식품
33025,군만두,급식유류계약팀,(주)동원에프앤비
33027,토마토케첩,급식유류계약팀,대상주식회사
33028,야채건빵,급식유류계약팀,상일식품(주)
33029,야채건빵,급식유류계약팀,상일식품(주)
33030,야채건빵,급식유류계약팀,상일제과주식회사
33031,야채건빵,급식유류계약팀,상일식품(주)
33032,참깨건빵,급식유류계약팀,상일제과주식회사
33033,참깨건빵,급식유류계약팀,상일식품(주)
33034,참깨건빵,급식유류계약팀,상일식품(주)
33035,참깨건빵,급식유류계약팀,상일식품(주)
33036,건빵,급식유류계약팀,주식회사 금풍제과
33037,건빵,급식유류계약팀,주식회사 금풍제과
33038,건빵,급식유류계약팀,주식회사 신흥제과
33039,건빵,급식유류계약팀,주식회사 신흥제과
33045,조미김(8절형),급식유류계약팀,(유)제일물산
33065,조미김(8절형),급식유류계약팀,성원물산
33066,조미김(8절형),급식유류계약팀,(주)청해진수산
33067,조미김(8절형),급식유류계약팀,(주)디아이
33068,조미김(8절형),급식유류계약팀,선일물산(주)
33069,조미김(8절형),급식유류계약팀,(주)대창식품
33070,조미김(8절형),급식유류계약팀,선일물산(주)
33071,조미김(8절형),급식유류계약팀,선일물산(주)
33086,'19년 부대조달 후식(초콜릿),제 2167부대,팔복상사
33087,'19년 부대조달 후식(초코바),제 2167부대,황토군 토담면 오다리
33088,'19년 부대조달 후식(혼합견과),제 2167부대,(학) 연세대학교
33089,'19년 부대조달 후식(짜먹는 발효유),제 2167부대,(주)사조대림
33090,'19년 부대조달 후식(마시는 발효유),제 2167부대,세방주식회사
33091,'19년 부대조달 후식(이온음료),제 2167부대,하이드림
33092,'19년 부대조달 후식(사이다),제 2167부대,JS시너지
33093,'19년 부대조달 후식(커피),제 2167부대,신화상사
33094,'19년 부대조달 후식(팥빙수),제 2167부대,오피스케이
33095,'19년 부대조달 후식(팩형 아이스크림),제 2167부대,그레이스
33096,'19년 부대조달 후식(샌드형 아이스크림),제 2167부대,충남유통
33097,'19년 부대조달 후식(떠먹는 발효유),제 2167부대,(주)비락
33098,'19년 부대조달 후식(식혜),제 2167부대,(주) 탑크로스 이앤텍
33099,'19년 부대조달 후식(과일탄산음료),제 2167부대,제이엠컴퍼니
33100,'19년 부대조달 후식(컵형 아이스크림),제 2167부대,주식회사 진영
33101,'19년 부대조달 후식(콘형 아이스크림),제 2167부대,주식회사 대선에프에스
33102,짜먹는발효유,제2군수지원여단,주식회사 두준
33103,떠먹는발효유,제2군수지원여단,이토코리아
33104,카라멜(캔디류),제2군수지원여단,리치코리아
33105,과일푸딩,제2군수지원여단,아텍
33106,젤리(캔디류),제2군수지원여단,주식회사 리테일커머스
33107,판형초코렛,제2군수지원여단,디지털-두두
33108,"워터젤리(과채음료,혼합음료,캔디류)",제2군수지원여단,루비셀
33109,팥빙수,제2군수지원여단,DY코퍼레이션
33110,아이스크림 샌드형(아이스밀크),제2군수지원여단,찬스코퍼레이션
33111,아이스크림 컵형,제2군수지원여단,시온하이텍
33112,아이스크림 콘형,제2군수지원여단,팔복상사
33113,아이스크림 팩형,제2군수지원여단,(주)한일코리아
33117,과일푸딩,제3군수지원여단,주식회사 제이에프
33118,아이스크림 팥빙수,제3군수지원여단,주식회사 농협물류
33119,아이스크림 샌드형,제3군수지원여단,다연
33120,아이스크림 팩형,제3군수지원여단,롯데웰푸드 주식회사
33121,아이스크림 컵형,제3군수지원여단,아로유통
33122,아이스크림 콘형,제3군수지원여단,동안약국
33124,이온음료,제3군수지원여단,매쉬미디어(주)
33125,식혜,제3군수지원여단,베스트(BEST)인력개발
33126,바나나맛 우유,제3군수지원여단,초코인터내셔널 주식회사
33127,짜먹는 발효유,제3군수지원여단,케이푸드
33128,마시는 발효유,제3군수지원여단,주식회사 한스푸드
33131,생선가스,급식유류계약팀,주식회사 한맥식품
33132,생선가스,급식유류계약팀,(주)서울식품
33133,생선가스,급식유류계약팀,주식회사 부산어묵
33171,시리얼내장CPU 유닛 등 28종 구매,해군군수사령부,신동하이텍
33184,충전 햄머드릴 등 3항목 구매(물자),육군군수사령부,주식회사 태진중공업
33195,'19년 영내자 부식(조미료류 및 자율부재료) 구매,공군교육사령부,(주)아워홈 영남2영업소
33196,쌈장,급식유류계약팀,동해식품(주)
33197,한식간장,급식유류계약팀,동해식품(주)
33198,복합조미료(쇠고기맛),급식유류계약팀,대상주식회사
33200,물엿,급식유류계약팀,대상주식회사
33210,의무물자(정맥주사세트 등 7종) 구매(20196020-C),국군재정관리단,주식회사 발렌베리
33228,미니수첩 등 523종 구매,제8385부대,복영시스템
33235,타르타르소스,급식유류계약팀,주식회사 동원홈푸드
33236,머스타드소스,급식유류계약팀,주식회사 동원홈푸드
33245,정맥주사인조피부등4종,국군의무학교,(주)동성메디칼
33260,프레스햄통조림 등 13종,해군 기동함대사령부,오도유통
33274,마시는발효유,제2군수지원여단,(주) 현대그린푸드
33275,이온음료,제2군수지원여단,해태제과식품(주)
33276,떠먹는발효유 토핑,제2군수지원여단,세방주식회사
33277,반건조고구마,제2군수지원여단,(주)상일기업
33278,콜라,제2군수지원여단,한샘유통 주식회사
33279,바나나맛 우유,제2군수지원여단,삼마상사
33282,감자튀김,급식유류계약팀,(주)아워홈 동서울영업소
33303,'19년 독수리회관 식자재(수산물 15품목) 연간 구매,공군작사근무지원단,크린상사
33337,(19-0055)구조작전복,공군제17전투비행단,씨오(CO)산업
33341,19년 한마음회관 식자재 구매(배추김치2),공군군수사령부,중원식품
33345,골뱅이통조림,급식유류계약팀,주식회사 남부식품
33346,골뱅이통조림,급식유류계약팀,에스와이푸드 주식회사
33347,골뱅이통조림,급식유류계약팀,(주)디아이
33348,골뱅이통조림,급식유류계약팀,에스와이푸드 주식회사
33349,고추참치통조림,급식유류계약팀,주식회사 남부식품
33350,고추참치통조림,급식유류계약팀,주식회사 남부식품
33351,고추참치통조림,급식유류계약팀,주식회사 남부식품
33352,고추참치통조림,급식유류계약팀,주식회사 남부식품
33355,단무지,급식유류계약팀,(주)한일코리아
33375,김자반,급식유류계약팀,홍도식품
33449,'19년 독수리회관 식자재(축산물 21품목) 연간 구매,공군작사근무지원단,주식회사 신선해
33473,19년 영내자 증식용 떡 구매,제1보병사단,한소담
33474,19년 생일자 쌀케이크 구매,제1보병사단,주식회사 시몽
33478,19년 영내자 증식용 떡 구매,제1보병사단,한소담
33479,19년 생일자 쌀케이크 구매,제1보병사단,주식회사 시몽
33514,"'19년 은마, 하늘회관 식자재 계약(김치류)",공군제5공중기동비행단,(주)유창상사
33523,생수(제조/구매),육군제7789부대,초코인터내셔널 주식회사
33524,생수(제조/구매),육군제7789부대,초코인터내셔널 주식회사
33533,생수(제조/구매),육군제7789부대,초코인터내셔널 주식회사
33545,미니손목받침대 등 62종 구매,제5738부대,한성산업
33554,"다목적굴착기 축,어깨형 구매",육군종합정비창,정원사
33567,대보수 아파트 기름보일러 설치납품(철거포함),제51보병사단,경동테크
33590,19년 증식용 떡 및 케이크 구매,제1862부대,농업회사법인주식회사 시루와 떡메
33616,'19년 영내자용 떡 및 케이크 구매,제1288부대,농업회사법인주식회사 시루와 떡메
33617,바나나,제3군수지원여단,유림물산
33652,"환자급식용식재료 구매(농·축·수산물,공산품 474종)",국군대전병원,다해푸드
33703,대보수 아파트 기름보일러 설치납품(철거포함),제51보병사단,삼양히트테크
33711,전기밥솥(35인용) 288EA 구매,해군군수사령부,정호정보통신
33737,"'19년 은마, 하늘회관 식자재 계약(724품목)",공군제5공중기동비행단,주식회사 신세계푸드
33764,19년 국군복지단 (기숙사 및 국방컨벤션) 식자재 구매,국군복지단,삼성웰스토리 주식회사
33786,영내자 떡 및 생일자 케이크 구매,육군사관학교,사군자식품
33787,영내자 떡 및 생일자 케이크 구매,육군사관학교,사군자식품
33789,실린더 버터플라이밸브 등 42종,공군군수사령부,반석상사
33824,부식분배소 등 3개소 자재납품,제28보병사단,가람상사
33839,19-목-흑-운용대 급식(고구마등 204종)구매,해군제3함대사령부,하일유통
33840,19-목-흑-전진기지 급식(가지등 204종) 구매,해군제3함대사령부,주식회사 형제푸드
33845,광컨버터 등 191종,해군작전사령부,씨에스시스템
33883,특수수술재료(콜라겐 흡수성 창상피복제) 구매,국군의무사령부,(주)썬메디텍
33884,배터리인버터 등 64품목 구매,제9181부대,주식회사 에스앤아이글로벌
33889,특수수술재료(콜라겐 흡수성 창상피복제) 구매,국군의무사령부,(주)썬메디텍
33919,인스턴트커피 등 6종 구매,제9911부대,불토스
33934,동판부식시험기 1EA 구매,해군군수사령부,주식회사 진성하이텍
33943,'19년 부대조달 바나나 구매,제 2167부대,에이알그룹 주식회사
33944,'19년 부대조달 생수 구매 계약,제 2167부대,롯데웰푸드 주식회사
33947,19년 바나나구매,육군제7789부대,에이알그룹 주식회사
33965,"기름제거처리제, 기름흡착제 구매",제3170부대,티씨씨엔지니어링(주)
33974,'19년 체력단련장 등 식자재 구매,제8385부대,하나
34044,19년 간부식당 식자재 구매,국방부계룡대근무지원단,한샘유통 주식회사
34071,맥주 등 8종 구매,제8385부대,신화주류(합자)
34086,'19년 생수 (0.5L)등 2종 구매,제2군수지원여단,(주) 현대그린푸드
34087,'19년 생수 (0.5L)등 2종 구매,제2군수지원여단,(주)일화
34089,수산화나트륨등10종 구매,육군종합정비창,마창케미칼 주식회사
34121,금속현미경 1대 구매,해군군수사령부,주식회사 에스에스티넷
34123,19년 조리실습재료 식자재 구매,육군종합군수학교,다해푸드
34124,19년 바나나 구매,제2군수지원여단,에이알그룹 주식회사
34130,김치냉장고 스탠드형 6EA,해군 기동함대사령부,유진시스템
34156,전기밥솥 등 4품목 구매,제9181부대,지유
34187,19년 영내자증식용 떡 및 생일자케이크 구매,제2236부대,소당식품
34188,19년 영내자 떡 및 케이크 구매,제5767부대,농업회사법인주식회사 시루와 떡메
34194,통닭박스 등 10종,해군군수사령부,유어스 컴퍼니
34202,"19년 영내자 증식(떡, 케이크) 구매",수도방위사령부,사군자식품
34203,"19년 영내자 증식(떡, 케이크) 구매",수도방위사령부,사군자식품
34236,"구명식량 10,000BX 구매",해군군수사령부,유한회사 나라찬
34248,부식방지제등5종 구매,육군종합정비창,주식회사 동부아이씨티
34251,코티드샌드 구매,육군종합정비창,에이치엠 엔지니어링
34353,계란 등 448종 구매,제9911부대,(주)씨티원서비스
34364,양념분쇄기 27EA 구매,해군군수사령부,유진시스템
34373,자장소스,제3군수지원여단,삼오종합식품 주식회사
34388,19년 생일자 쌀케이크 제조 납품,제1729부대,농업회사법인주식회사 시루와 떡메
34407,핫도그 등 75종 구매,제8385부대,(주)아워홈 동서울영업소
34453,무김치 등 9종 제조 납품,제8385부대,(주)한일코리아
34466,"스프링,나선형,압축등 5항목 구매(자주포)",육군군수사령부,대성테크
34470,'19년 증식떡 및 떡케이크 제조납품,제51보병사단,사군자식품
34471,세세외-1 '19년 간부식당 식자재 계약 의뢰,공군사관학교,아이원
34495,"19년 후보생 증식(음료,가공품류) 구매 계약",육군부사관학교,세권유통
34502,정맥주사인조피부등10종,국군의무학교,(주)동성메디칼
34512,양극 부식방지용 등 3종 구매,해군군수사령부,주식회사케이씨
34514,19년 장거리 이동 특기병 도시락 제조납품,육군종합군수학교,(주)비룡푸드
34515,"'19년 영내자 증식(떡, 쌀케이크) 제조/납품",제3697부대,주식회사 찰떡궁합
34546,19년 삼일절 경축일 특식 구매(과자세트),제9181부대,조이로직스푸드
34550,사각어묵 등 10종 구매,제9911부대,삼진유통
34576,냉장염지조각닭 등 13종 구매,해군군수사령부,주식회사 미다스글로벌
34580,19년 떡/케이크 제조납품,육군 52보병사단,주식회사 찰떡궁합
34594,생수 등 23종 구매,제9911부대,주식회사 지에이치메디컬
34649,'19년 예비군 도시락 제조납품(6권역),육군제53보병사단,주식회사 우리도시락
34650,'19년 예비군 도시락 제조납품(5권역),육군제53보병사단,해림푸드시스템
34651,'19년 예비군 도시락 제조납품(4권역),육군제53보병사단,해림푸드시스템
34652,'19년 예비군 도시락 제조납품(3권역),육군제53보병사단,해림푸드시스템
34653,'19년 예비군 도시락 제조납품(2권역),육군제53보병사단,해림푸드시스템
34654,'19년 예비군 도시락 제조납품(1권역),육군제53보병사단,해림푸드시스템
34664,'19년 예비군 도시락 제조납품(6권역),육군제53보병사단,주식회사 우리도시락
34665,'19년 예비군 도시락 제조납품(5권역),육군제53보병사단,해림푸드시스템
34666,'19년 예비군 도시락 제조납품(4권역),육군제53보병사단,해림푸드시스템
34667,'19년 예비군 도시락 제조납품(3권역),육군제53보병사단,해림푸드시스템
34668,'19년 예비군 도시락 제조납품(2권역),육군제53보병사단,해림푸드시스템
34669,'19년 예비군 도시락 제조납품(1권역),육군제53보병사단,해림푸드시스템
34681,무배추김치(김장) 등 8품목 구매,연평부대,(주) 태성김치
34682,순두부 등 3품목 구매,연평부대,상일제과주식회사
34683,영양눈쌀인절미 등 76품목 구매,연평부대,에스와이푸드 주식회사
34684,쌀햄버거빵 등 33품목 구매,연평부대,(주)신대한관리
34685,게맛살 등 36품목 구매,연평부대,성도교역
34729,LA소갈비(냉동) 등 6종 구매,해군군수사령부,삼진유통
34745,"스프링,나선형,압축 등 7항목 구매(특무)",육군군수사령부,가온테크
34752,19년 체력단련장 식자재 구매,국군복지단,주식회사 현대그린푸드
34753,파병부대 중간재보급 물자 구매(배추김치 등 14종),육군군수사령부,주식회사 휴플러스
34770,19년 환자치료 식재료 구매(부·후식 및 증식),국군수도병원,에이치케이푸드
34771,00부대 전투식량 구매납품,제1989부대,(주)씨티원서비스
34772,19년 예비군도시락 구매(3권역),제32보병사단,유한회사 행복한밥상
34786,스프링강선등129종 구매,육군종합정비창,주식회사 미다스글로벌
34817,바나나,제3군수지원여단,만보유통
34818,19년 예비군 도시락 제조납품(2권역)-2,제17보병사단,주식회사이지푸드
34819,19년 예비군 도시락 제조납품(1권역)-2,제17보병사단,두진푸드시스템
34820,19년 예비군 도시락 제조납품(4권역)-2,제17보병사단,주식회사 이오에스 행복도시락
34821,19년 예비군 도시락 제조납품(3권역)-2,제17보병사단,두진푸드시스템
34888,19년 영내자 떡 및 케이크 구매,제2군단,농업회사법인주식회사 시루와 떡메
34889,깻잎무침 등 5종 구매,제8385부대,에스비 푸드(사람과 사람들)
34900,포장두부 등 4종 구매,제8385부대,주식회사 창성푸드
34902,멸균흰우유 등 5종 구매,제8385부대,서울우유 동해고객센터
34915,돼지등뼈 등 6종 구매,제8385부대,(주)동북쇼핑
34926,락카스프레이등23종 구매,육군종합정비창,윤보산업
34934,19년 백령도 김치류 제조 납품,제9196부대,주식회사 토속
34935,19년 백령도 기호식품 구매 납품,제9196부대,엠플러스에프엔씨 주식회사
34936,19년 소청도 부식 구매 납품,제9196부대,(주)대림
34937,19년 대청도 부식 구매 납품,제9196부대,호미식품
34938,19년 백령도 빵류 구매 납품,제9196부대,남양유업(주)
34940,19년 백령도 가공식품 구매 납품,제9196부대,농심태경 주식회사
34941,19년 도서전투부식 구매 납품,제9196부대,(주)앤에스푸드
34942,19년 백령도 두채류 구매 납품,제9196부대,신송식품 (주)
34945,냉동꽃게 등 2종 구매,제8385부대,칼라투
34965,19년 예비군도시락 제조/납품,육군 52보병사단,(주)기락
34966,19년 예비군도시락 제조/납품(3권역),육군 52보병사단,두진푸드시스템
34967,19년 예비군도시락 제조/납품(3권역),육군 52보병사단,두진푸드시스템
34968,19년 예비군도시락 제조/납품(2권역),육군 52보병사단,두진푸드시스템
34969,19년 예비군도시락 제조/납품(2권역),육군 52보병사단,두진푸드시스템
34970,19년 예비군도시락 제조/납품,육군 52보병사단,(주)기락
34971,19년 예비군도시락 제조/납품,육군 52보병사단,(주)기락
34972,19년 예비군도시락 제조/납품(3권역),육군 52보병사단,두진푸드시스템
34973,19년 예비군도시락 제조/납품(2권역),육군 52보병사단,두진푸드시스템
35004,정비재료 원형샌드사포등129종 구매,육군종합정비창,영흥인퍼스
35034,냉찜질기 등 7품목 구매(물품),육군군수사령부,재경상사
35046,7차 의약품 수시품목 구매(포도당가 엔에이 등 38종),국군수도병원,서울의약 주식회사
35077,35사단 전투식량 구매납품,제2632부대,(주)씨티원서비스
35097,아이스초코 브라우니(19년 삼일절 경축특식),제2군수지원여단,장가네제과
35113,명이절임 등 15종 구매,해군군수사령부,삼진유통
35131,탕수육 등 12종 구매,해군군수사령부,삼진유통
35132,명이절임 등 15종 구매,해군군수사령부,연우상사
35136,19년 예비군 도시락 제조 납품,육군 제1군단,(주)기락
35169,예비군 훈련 도시락 제조납품(1권역),제1989부대,(유)행복을나누는도시락
35182,19년 환자급식용 부후식 및 증식 식재료 구매,국군의무사령부,주식회사 대선에프에스
35183,19년도 공군회관(식자재) 공산품 417종(연간) 구매,공군항공안전단,한샘유통 주식회사
35184,19년도 공군회관(식자재)축산물(육류)82종(연간) 구매,공군항공안전단,(주)아이유푸드
35185,"19년도 공군회관(식자재)야채,과일 261종(연간) 구매",공군항공안전단,주식회사 창담푸드
35186,19년도 공군회관(식자재)냉동수산물 123종(연간) 구매,공군항공안전단,원양물산 유한회사
35204,양배추 등 48종 구매(연평지구),제9911부대,호미식품
35206,3.1절 경축특식 빵세트,제3군수지원여단,푸른
35225,파병부대 중간재보급물자(통조림 등 38종) 구매,육군군수사령부,썬.데일리
35237,이발소용 가루세제 등 68종 구매,국방부계룡대근무지원단,씨에이치상사
35239,19년 간부식당 쌀 800포 구매,국방부계룡대근무지원단,영원종합상사
35241,생수 등 25종 구매,재경근무지원대대,K＆J 테크
35254,19-Y-복지회관 식자재 구매,연평부대,(주)한일코리아
35255,19년 설날 경축일 특식 구매(과자세트),제9181부대,예원
35257,19년 생도증식 (건포도 등 150종) 구매,육군사관학교,주식회사 삼우인더스트리
35261,간부식당 2개소 식자재 구매,공군제19전투비행단,주식회사 신세계푸드
35262,간부식당 2개소 김치류 구매.,공군제19전투비행단,천흥식품
35265,명이절임 등 15종 구매,해군군수사령부,주식회사 류홀마트
35266,멜라민밥공기 등 12종,제7001부대,진성
35272,사과 등 4종 구매,제9911부대,롯데지알에스 주식회사
35273,깐메추리알 등 29종 구매,제9911부대,(주)다남정보통신
35274,콜라 등 11종 구매,제9911부대,(주)빙그레
35275,단무지 등 48종 구매,제9911부대,롯데웰푸드 주식회사
35276,간장고추지 등 64종 구매,제9911부대,(주)씨티원서비스
35277,수육용삼결살 등 4종 구매,제9911부대,한샘유통 주식회사
35278,멸균흰우유 등 5종 구매,제9911부대,(주)한일코리아
35280,배추썰은 포기김치 등 8종 구매,제9911부대,대원푸드농업회사법인주식회사
35283,냉면육수 등 15종 구매,해군군수사령부,주식회사 류홀마트
35284,냉면육수 등 15종 구매,해군군수사령부,삼진유통
35285,냉면육수 등 15종 구매,해군군수사령부,주식회사 류홀마트
35286,냉면육수 등 15종 구매,해군군수사령부,삼진유통
35287,냉면육수 등 15종 구매,해군군수사령부,주식회사 류홀마트
35288,냉면육수 등 15종 구매,해군군수사령부,주식회사 류홀마트
35289,냉면육수 등 15종 구매,해군군수사령부,삼진유통
35290,냉면육수 등 15종 구매,해군군수사령부,주식회사 류홀마트
35291,냉면육수 등 15종 구매,해군군수사령부,주식회사 류홀마트
35292,냉면육수 등 15종 구매,해군군수사령부,주식회사 류홀마트
35293,냉면육수 등 15종 구매,해군군수사령부,주식회사 류홀마트
35294,냉면육수 등 15종 구매,해군군수사령부,연우상사
35295,냉면육수 등 15종 구매,해군군수사령부,주식회사 류홀마트
35296,굴소스 등 25종 구매,해군군수사령부,삼진유통
35297,굴소스 등 25종 구매,해군군수사령부,연우상사
35298,굴소스 등 25종 구매,해군군수사령부,(주)씨티원서비스
35299,굴소스 등 25종 구매,해군군수사령부,연우상사
35300,굴소스 등 25종 구매,해군군수사령부,주식회사 류홀마트
35301,굴소스 등 25종 구매,해군군수사령부,(주)씨티원서비스
35302,굴소스 등 25종 구매,해군군수사령부,연우상사
35303,굴소스 등 25종 구매,해군군수사령부,연우상사
35304,굴소스 등 25종 구매,해군군수사령부,주식회사 류홀마트
35305,굴소스 등 25종 구매,해군군수사령부,삼진유통
35306,굴소스 등 25종 구매,해군군수사령부,연우상사
35307,굴소스 등 25종 구매,해군군수사령부,주식회사 류홀마트
35308,굴소스 등 25종 구매,해군군수사령부,연우상사
35309,굴소스 등 25종 구매,해군군수사령부,연우상사
35310,굴소스 등 25종 구매,해군군수사령부,삼진유통
35311,굴소스 등 25종 구매,해군군수사령부,연우상사
35312,굴소스 등 25종 구매,해군군수사령부,연우상사
35313,굴소스 등 25종 구매,해군군수사령부,연우상사
35314,굴소스 등 25종 구매,해군군수사령부,연우상사
35315,굴소스 등 25종 구매,해군군수사령부,연우상사
35316,굴소스 등 25종 구매,해군군수사령부,연우상사
35317,짬뽕양념장 등 9종 구매,해군군수사령부,주식회사 류홀마트
35318,짬뽕양념장 등 9종 구매,해군군수사령부,(주)씨티원서비스
35319,짬뽕양념장 등 9종 구매,해군군수사령부,주식회사 류홀마트
35320,짬뽕양념장 등 9종 구매,해군군수사령부,지(g)-마트
35321,짬뽕양념장 등 9종 구매,해군군수사령부,주식회사 류홀마트
35322,짬뽕양념장 등 9종 구매,해군군수사령부,삼진유통
35323,짬뽕양념장 등 9종 구매,해군군수사령부,지(g)-마트
35324,짬뽕양념장 등 9종 구매,해군군수사령부,삼진유통
35325,탕수육 등 12종 구매,해군군수사령부,주식회사 류홀마트
35326,탕수육 등 12종 구매,해군군수사령부,삼진유통
35327,탕수육 등 12종 구매,해군군수사령부,삼진유통
35328,탕수육 등 12종 구매,해군군수사령부,농업회사법인 주식회사 제이엠푸드
35329,탕수육 등 12종 구매,해군군수사령부,삼진유통
35330,탕수육 등 12종 구매,해군군수사령부,삼진유통
35331,탕수육 등 12종 구매,해군군수사령부,삼진유통
35332,탕수육 등 12종 구매,해군군수사령부,주식회사 류홀마트
35333,탕수육 등 12종 구매,해군군수사령부,삼진유통
35334,탕수육 등 12종 구매,해군군수사령부,삼진유통
35335,명이절임 등 15종 구매,해군군수사령부,삼진유통
35336,명이절임 등 15종 구매,해군군수사령부,삼진유통
35337,명이절임 등 15종 구매,해군군수사령부,연우상사
35338,명이절임 등 15종 구매,해군군수사령부,연우상사
35339,명이절임 등 15종 구매,해군군수사령부,주식회사 류홀마트
35340,명이절임 등 15종 구매,해군군수사령부,삼진유통
35341,명이절임 등 15종 구매,해군군수사령부,주식회사 류홀마트
35342,명이절임 등 15종 구매,해군군수사령부,주식회사 류홀마트
35343,명이절임 등 15종 구매,해군군수사령부,주식회사 류홀마트
35344,명이절임 등 15종 구매,해군군수사령부,주식회사 류홀마트
35345,명이절임 등 15종 구매,해군군수사령부,주식회사 류홀마트
35346,명이절임 등 15종 구매,해군군수사령부,주식회사 류홀마트
35356,19-목-증식(국수 등 154종) 구매,해군제3함대사령부,형제푸드시스템
35358,19-목-증식(콩나물 등 34종) 구매,해군제3함대사령부,형제푸드시스템
35360,예비군 훈련 도시락 제조납품(4권역),제1989부대,CH푸드
35361,예비군 훈련 도시락 제조납품(3권역),제1989부대,유한회사 자미푸드
35362,예비군 훈련 도시락 제조납품(2권역),제1989부대,CH푸드
35369,'19년 삼일절 경축특식(핫바세트),5군수지원사령부,대승상사
35370,'19년 설날 경축특식(냉동조각케이크),5군수지원사령부,한국유통
35372,19년 예비군 도시락 제조 및 납품(2권역),육군 제37보병사단,주식회사행복담은네모
35376,19년 예비군 도시락 제조납품(1권역),제6128부대,주식회사 제이스
35377,19년 예비군 도시락 제조납품(2권역),제6128부대,주식회사 제이스
35378,설날 경축특식 과자세트,제3군수지원여단,와이상사
35379,'19년 에이스가든 식자재(생가지외 335품목),공군제17전투비행단,삼성웰스토리 주식회사
35383,'19년 3·1절 경축특식(냉동롤케익) 제조,제2167부대,장가네제과
35384,예비군훈련 도시락 제조납품(1권역),제6755부대,주식회사 이.엠.에스
35385,예비군훈련 도시락 제조납품(4권역),제6755부대,(주)캠퍼스
35386,예비군훈련 도시락 제조납품(3권역),제6755부대,주식회사 경북캐터링
35387,예비군훈련 도시락 제조납품(2권역),제6755부대,주식회사 경북캐터링
35388,19년 예비군도시락(2권역),제32보병사단,주식회사 즐거운밥상
35389,장거리 이동 신병 도시락 제조납품,육군훈련소,주식회사 엘엔에프 농업회사법인
35390,훈제치킨(설특식),제2군수지원여단,한국유통
35397,파병부대 특전복 구매,육군군수사령부,주식회사 토브더가먼트메이커
35400,18-346 생도식당 가공탕수육등 216종,공군사관학교,아이원
35403,18-346 생도식당 가공탕수육등 216종,공군사관학교,아이원
35405,19년 3 · 1절 경축 특식(강원권) 계약,제1군수지원사령부,대승상사
35407,19년 장교후보생 기초훈련장병 증식(음료) 구매,육군학생군사학교,그린종합사무기
35408,19년 생도증식(돼지등뼈 등 14종) 구매 계약,육군3사관학교,재연종합식품
35410,모듬두텁떡 등 4종 구매,제3170부대,주식회사 원우글로리아
35413,"체력단련장 (계룡,구룡,자운대) 주류 구매",육군인사사령부,유한회사 대한주류상사
35414,3?1절 경축특식(훈제 닭다리) 제조 / 구매,제7789부대,한국유통
35416,설날 경축특식(아이스롤케익) 제조 / 구매,제7789부대,주식회사 예인컴퍼니
35419,19년도 장교회관 식자재 공산품 채소류 계약,제3훈련비행단,서안유통
35421,19년 상반기 토성회관(공산품 및 채소류)계약,제3훈련비행단,한양상사
35430,19년 설특식(훈제닭다리) 구매,제2167부대,한국유통
35431,배추김치 등 3종,제7001부대,주식회사 진생식품
35433,21년 설날경축특식(티라미수조각케익),제2군수지원여단,장가네제과
35434,'21년 경특식 설날 조각케익 계약,제1군수지원사령부,영베이커리
35436,'21년 경특식 설날 커피 구매 계약,제1군수지원사령부,아르테지오
35439,"'21년 육류(장교,토성회관)계약",제3훈련비행단,농업회사법인 주식회사 세명축산
35440,`21년~`22년 음식물쓰레기 위탁처리 용역,공군작사근무지원단,아라환경
35441,21-B-복지시설 식자재 구매 납품,제9196부대,모아상사
35450,"간부식당 식자재 (성무,웅비)",공군사관학교,주식회사푸드라인
35451,공사 파입부대 식자재 계약 (3부대),공군사관학교,아이원
35452,생도식당 계란조림 등 251종,공군사관학교,주식회사푸드라인
35458,21-안 000운용대 급식 구매,해군제3함대사령부,형제푸드시스템
35459,장거리 이동 신병 도시락 납품,육군훈련소,(주)비룡푸드
35460,'21년 한마음회관 식자재 구매(육류),공군군수사령부,대명유통
35461,'21년 한마음회관 식자재 구매(어패류),공군군수사령부,새마음식육점
35462,"'21년 공산품 및 채소류(장교,토성회관)계약",제3훈련비행단,(주) 현대그린푸드  영남센터
35470,21-목 콩나물 등 25종 구매,해군제3함대사령부,형제푸드시스템
35472,'21년 에이스가든 식자재 구매,공군제17전투비행단,한샘유통 주식회사
35473,간장고추지 등 18종,해군작전사령부,명이물류
35474,돈등뼈 등 6종,해군작전사령부,명이물류
35475,'21년 에이스가든 식자재 구매,공군제17전투비행단,한샘유통 주식회사
35476,분말짜장 등 173품목 구매,제9691부대,바이시스(Byciss)
35477,배추김치 등 9종,해군작전사령부,(주)연우건강식품
35478,일반우유 등 25종,해군작전사령부,시소커뮤니케이션
35479,감자수제비 등 91종,해군작전사령부,서진유통
35481,간부 식당 3개소 김치 구매,공군제19전투비행단,선미농산(주)
35482,간부 식당 3개소 식자재 구매,공군제19전투비행단,삼성웰스토리 주식회사
35490,"'21년도 김치류(장교회관,토성회관) 계약",제3훈련비행단,주식회사 삼화식품
35495,'21년 레스큐가든 식자재 납품(수제비 외 213품목),공군제17전투비행단,주식회사푸드라인
35502,"21년 선수급식 (농수산물, 공산품 총 679종)",국군체육부대,다해푸드
35503,선수급식(유제품),국군체육부대,매일종합유통(문경대리점)
35504,선수급식(축산물),국군체육부대,다해푸드
35508,배추포기김치 등 5품목 구매,제9691부대,(주)드림엘푸드
35510,21-욕 000전진기지대 급식 구매,해군제3함대사령부,강안
35513,'21년 한마음회관 식자재 구매(채소류),공군군수사령부,대명유통
35514,'21년 한마음회관 식자재 구매(채소류),공군군수사령부,대명유통
35516,'21년 한마음회관 식자재 제조(김치류),공군군수사령부,농업회사법인팔공산김치주식회사
35517,"'21년 한마음회관 식자재 구매(쌀,공산품)",공군군수사령부,대명유통
35518,'21년 한마음회관 식자재 제조(김치류),공군군수사령부,농업회사법인팔공산김치주식회사
35519,"'21년 한마음회관 식자재 구매(쌀,공산품)",공군군수사령부,대명유통
35524,21-흑 000전진기지대 급식 구매,해군제3함대사령부,형제푸드시스템
35528,21-목 국수 등 165종 구매,해군제3함대사령부,형제푸드시스템
35529,21-흑-000운용대 급식 구매,해군제3함대사령부,정아종합유통
35530,21-욕 000운용대 급식 구매,해군제3함대사령부,신요푸드
35533,"'21년 무궁화회관, 성우회관 식자재 구매",국방부계룡대근무지원단,주식회사푸드라인
35546,21년도 장교/간부식당 축산류 구매,공군교육사령부,에이치에스도매유통
35570,깍두기김치 등 6종,해군 기동함대사령부,제주인제주 영농조합법인
35571,배추김치(조각) 등 2종,해군 기동함대사령부,농업회사법인한백푸드유한회사
35581,선수급식(김치류),국군체육부대,농업회사법인(주)푸른샘
35622,아이스크림(파우치형) 등 12종,해군 기동함대사령부,소망영농조합법인
35623,21년도 장교/간부식당 김치류 구매,공군교육사령부,남경식품(참그린김치)
35624,돈등뼈 등 8종,해군 기동함대사령부,주식회사 한라로지스틱
35625,캔커피 등 10종,해군 기동함대사령부,오도유통
35628,돈등뼈 등 8종,해군 기동함대사령부,주식회사 한라로지스틱
35629,캔커피 등 10종,해군 기동함대사령부,오도유통
35630,아이스크림(파우치형) 등 12종,해군 기동함대사령부,소망영농조합법인
35636,21-K-청룡회관 축산물 구매,제9181부대,주식회사 담터안심먹거리조합
35637,21-K-청룡회관 식자재(감자 등 109종) 구매,제9181부대,씨티원 경기지점
35638,후르츠칵테일 등 10종,해군 기동함대사령부,오도유통
35639,오이피클 등 5종,해군 기동함대사령부,주식회사 제주플로우
35640,깻잎무침 등 12종,해군 기동함대사령부,주식회사 제주플로우
35683,21년 학군후보생(동계) 기초장병증식(음료)구매,육군학생군사학교,제이앤제이
35686,새우패티 등 5종,해군 기동함대사령부,주식회사 신제주식품
35690,매운맛라면(컵) 등 15종,해군 기동함대사령부,(유)제주종합식품
35692,반판두부 등 5종,해군 기동함대사령부,주식회사 제주플로우
35693,막대과자 등 10종,해군 기동함대사령부,주식회사 신제주식품
35694,옥수수맛 시리얼 등 4종,해군 기동함대사령부,주식회사 신제주식품
35696,까르보나라소스 등 29종,해군 기동함대사령부,주식회사 신제주식품
35697,단무지(슬라이스) 등 15종,해군 기동함대사령부,주식회사 신제주식품
35698,모짜렐라치즈 등 7종,해군 기동함대사령부,(유)제주종합식품
35699,교자만두 등 16종,해군 기동함대사령부,오도유통
35700,함박스테이크 등 14종,해군 기동함대사령부,농업회사법인 원농산식품 주식회사
35701,새우패티 등 5종,해군 기동함대사령부,주식회사 신제주식품
35781,파병부대 재보급물자(쇠고기 스프 등 50종) 구매,육군군수사령부,케어트리
35806,'21년 신정경축특식(훈제닭다리)구매,제2군수지원여단,(주)서울식품
35832,리치트럭 구매,제9691부대,(주) 솔포스텍
35840,과학화경계시스템 자재(치킨넷 등) 구매,제1보병사단,(주)티원정보
35842,'21년 (신정)경축특식 조각케이크,제 2167부대,스튜디오 바사
35843,'20년 (성탄절)경축특식 조각닭다리,제 2167부대,대승상사
35845,20-419 도시락용기 등 7품목,공군교육사령부,케이와이앤(KYN)
35854,"21년 환자 치료 식재료(부식,증?후식류등) 납품",국군수도병원,한샘유통 주식회사
35967,성탄절 경축특식 훈제닭다리,제3군수지원여단,한국유통
35969,20-K-내피자켓 구매,제9181부대,이즈컴넷
36023,기름걸레 리필용 등 51종 구매,제9911부대,대건
36041,김치냉장고 등 2종 구매,해군사관학교,주식회사 태촌실업
36143,코메론 맥그립 마그네틱 줄자 등 54종 구매,해군작전사령부,성화종합상사
36208,중형 철기름 보일러 등 23종 구매,공군제19전투비행단,윤성산업
36280,"밸브,버섯형,엔진용 등 4종 구매",해군군수사령부,주식회사 와이에스이앤디
36346,리치트럭 구매,제9691부대,다온
36407,리미트스위치 등 22종,해군 기동함대사령부,영테크
36411,20년 경특식 성탄절 조각케익 계약,제1군수지원사령부,아주상사
36475,'20년 군성회관 식자재 구매 계약,공군제38전투비행전대,주식회사 신세계푸드
36484,"도서 ""아몬드"" 등 59종",해군 기동함대사령부,주식회사 디엘에스(DLS)
36511,21년 경특식 신정 마카롱 계약,제1군수지원사령부,주식회사 해나람
36562,21년 신정 경축특식(과자세트),5군수지원사령부,초이원
36563,20년 성탄절 경축특식(냉동조각케이크),5군수지원사령부,장가네제과
36582,병영도서관 및 독서카페 도서구매,제8278부대,한솔컴퍼니
36613,커피숍 모형 구조물 등 3종,국군의무학교,(주)한일종합상사
36704,'20년 성탄절경축특식(아이스롤케익),제2군수지원여단,장가네제과
36739,20년 경축특식(성탄절) 아이스 조각케익,육군제7789부대,장가네제과
36746,"20년 부대조달 김치류(배추김치, 깍두기)",5군수지원사령부,남경식품(참그린김치)
36822,21년 생도 58기 피복구매(예식용품류),육군3사관학교,윤서상사
36846,"밸브, 버섯형, 엔진용 등 22종 구매",해군군수사령부,칼라투
36890,도서전투부식(생수 등 20품목) 구매,연평부대,(주)청우식품
36972,망고압호스 등 30종 구매,육군종합정비창,썬에이블(SUN ABLE)
37035,"밸브, 버섯형, 엔진용 등 2종 구매(수입품)(20271)",해군제1수리창,삼동유통상사
37058,[20-0072] 구조작전복 등 2품목 구매,공군제17전투비행단,주식회사 조은나랑
37077,기름보일러 구매,제9196부대,에스에이리테일
37091,스프링 절취노트 등 523종 구매,해군작전사령부,(주)원진
37130,정맥주사 인조피부,국군의무학교,(주)동성메디칼
37153,포제 계급장류,공군군수사령부,주식회사 흥선
37154,철제 계급장류,공군군수사령부,주식회사 흥선
37170,냉난방인버터 구매,제8385부대,엠플러스코리아(Mpluskorea)
37180,실린더 버터플라이 밸브 56종,공군군수사령부,삼호상사
37181,'20년 생수(먹는샘물)구매,제2군수지원여단,백중
37194,18비 장교식당 식자재 납품(김치제외),공군제18전투비행단,우주에프에스
37281,'20년 국군의날경축특식(마카롱) 구매,제2군수지원여단,장가계
37380,"'20년도 선수급식(농수산물, 공산품2차) 구매",국군체육부대,한샘유통 주식회사
37439,교전복 등 4종 구매,국방부근무지원단,핀컴퍼니
37489,리치트럭 구매,제9691부대,필굿
37498,"밸브,버섯형,엔진용 등 14종 구매",해군군수사령부,드림비즈 주식회사
37517,"양극,전류용,음극 방어 부식방지용 등 3종 구매",해군군수사령부,(주)동건
37566,병영도서관 및 독서카페 도서 구매,제28보병사단,칼디
37583,육군 식자재 구매,육군인사사령부,한샘유통 주식회사
37638,20-K-격리자지원 도시락 용기 구매,제9181부대,주식회사 비케이트레이드
37651,'20 국군의 날 경축특식(마카롱),제 2167부대,스튜디오웅
37806,00부대 병영도서관 / 독서카페 도서구매,수도기계화보병사단,주식회사 원창토탈
37823,전투식량 구매(4차),육군과학화전투훈련단,주식회사 참미푸드
37836,추석 경축특식 훈제닭다리,제3군수지원여단,한국유통
37837,20년도 장교간부식당 축산류 식자재 구매,공군교육사령부,주식회사 진주축산
37842,보존식용기 1항목 구매(일물),육군군수사령부,진영컴퍼니
37856,20년 경특식 한글날 훈제닭다리 구매,제1군수지원사령부,한국유통
37857,20년 경특식 국군의 날 냉동슈 구매,제1군수지원사령부,주식회사 인천인터내셔널
37858,20년 경특식 추석 마카롱 구매,제1군수지원사령부,주식회사 에버리치
37867,의무용품(까스활명수 등 79품목) 구매,연평부대,(주)파이안약품
37872,20-60-지붕 샌드위치판넬 등 40종 구매,해군제2수리창,동진상사
37878,20년 증식떡 및 떡케이크 제조납품,제51보병사단,사군자식품
37879,국방컨벤션 주류구매,국군복지단,유한회사 금호주류상사
37918,국군의 날 경축특식 조각케이크,제3군수지원여단,장가네제과
37929,20-K-청룡회관 식자재(감자 등 119종)구매,제9181부대,에이치케이푸드
37942,'20년 국군의날 경축특식(훈제닭다리) 구매,5군수지원사령부,대승상사
37943,'20년 추석 경축특식(냉동조각케이크),5군수지원사령부,장가네제과
37979,망고압호스 등 23종 구매,육군종합정비창,동양케미칼Rubber
37996,병영도서관 독서카페 도서구입R,제8기동사단,파도컴퍼니
38027,지휘관 및 주임원사 휘장류 제조,육군본부,시흥용사촌안흥합성 주식회사
38079,20년도 제1전투비행단 식자재 구매계약,공군제1전투비행단,(주)아워홈호남영업소
38097,샌드위치패널 설치납품(19-448),제2307부대,신원하이텍주식회사
38110,GOP소초 광망보호용 치킨넷 구매,제22보병사단,한솔
38127,20-해-함정 부식이송용 컨베이어벨트 제조설치,국군재정관리단,우주산업플랜트 주식회사
38195,탄약 정비자재(국방색스프레이 등 41개 품목) 구매,육군 탄약지원사령부,주식회사 힌네엘엘예슈아티
38275,전기밥솥 등 5종 구매,제3170부대,삼성기전 주식회사
38281,20년 부대조달후식(바나나) 구매,5군수지원사령부,성원상사
38286,52군지단 급식유통센터 신축공사(GHP),제6128부대,대성기업
38325,특수수술재료(생물학적 드레싱류) 2차 구매,국군의무사령부,주마메디칼
38344,통닭박스 등 28종,해군군수사령부,진영통상
38378,20-위임 00부대 여과자제 및 전기온수기 납품/설치,제7보병사단,칠성유통
38383,20-K-청룡회관 주류 구매,제9181부대,유한회사 금호주류상사
38386,'20년 광복절 경축특식(훈제 닭다리),제 2167부대,(주)서울식품
38408,파병부대 재보급물자(배추김치 등 17종) 제조,육군군수사령부,(주)한일코리아
38423,20년 경축특식(핫바세트),5군수지원사령부,주식회사 지호푸드서비스
38444,조미료(떡볶이 분말 등 17종) 구매,국방부계룡대근무지원단,주식회사 씨티원 충남
38453,20년도 제1전투비행단 김치류 구매계약,공군제1전투비행단,빛고을김치
38491,전기튀김기 등 3종 구매,제8385부대,알파동해점
38498,LA소갈비(냉동)등 5종 구매,해군군수사령부,주식회사 엔미디어솔루션
38530,20-175 복지대대 조림간장 등 69품목,공군 제8전투비행단,아이푸드리테일 주식회사
38543,52군지단 급식유통센터 신축공사(콘크리트말뚝),제6128부대,성우파일 주식회사
38571,20-K-청룡회관 축산물 구매,제9181부대,주식회사 담터안심먹거리조합
38593,락카스프레이 등 80종 구매,제9911부대,경기종합상사
38627,병영도서관 및 독서카페 도서구매,제17보병사단,매직트리
38667,20년 광복절 경축특식(과자세트) 구매,제1군수지원사령부,아이푸드리테일 주식회사
38685,병영도서관 및 독서카페 도서 구매,제6128부대,엠에스시스템
38713,멸균딸기우유 등 4종 구매,제9911부대,크린산업
38714,슬라이스치즈 등 77종 구매,제9911부대,한샘유통 주식회사
38744,"스프링,판형",지상공통전력운영계약팀,티케이(T.K)테크
38768,휴대식량(특수식량/육포) 구매,제9965부대,주식회사 요단
38803,20년 부식류 재포장재료 구매,제1군수지원사령부,SS종합상사
38824,"양극,부식방지용 1종",해군군수사령부,세명종합공구
38828,작전복 등 6종 구매,해군군수사령부,만능유한회사
38855,돼지고기삼겹살 등 7종 구매,제9911부대,주식회사 우성텔레콤
38857,배추포기김치 등 8건 구매,제9911부대,(주)동심
38862,스프링 등 39항목 제조(일장),육군군수사령부,조은테크
38892,'20년 광복절 경축특식(과자세트),5군수지원사령부,주식회사 아름상사
38933,소불고기덮밥소스,급식유류계약팀,(주)복천식품
38934,찹쌀탕수육,급식유류계약팀,주식회사 한맥식품
38936,찹쌀탕수육,급식유류계약팀,주식회사 한맥식품
38937,찹쌀탕수육,급식유류계약팀,(주)미가온푸드
38938,찹쌀탕수육,급식유류계약팀,주식회사 한맥식품
38940,광복절 경축특식 아이스롤케이크,제3군수지원여단,장가네제과
38976,"된장,개량메주",급식유류계약팀,동해식품(주)
38978,"된장,개량메주",급식유류계약팀,삼오종합식품 주식회사
38979,"된장,개량메주",급식유류계약팀,주식회사 참고을
38980,"된장,개량메주",급식유류계약팀,주식회사 참고을
38984,파김치(일반경쟁),급식유류계약팀,세광식품(주)
38986,(20-091) 이동식초소 제조 납품,공군제18전투비행단,주식회사은광이엔지
39004,오이소박이(일반경쟁),급식유류계약팀,농업회사법인 한백냉장식품 주식회사
39020,된장,급식유류계약팀,동해식품(주)
39021,된장,급식유류계약팀,동해식품(주)
39022,된장,급식유류계약팀,동해식품(주)
39023,된장,급식유류계약팀,동해식품(주)
39056,치킨텐더,급식유류계약팀,주식회사 신세계푸드
39067,소양념갈비찜,급식유류계약팀,주식회사 신세계푸드
39068,잡채볶음밥,급식유류계약팀,주식회사 한맥식품
39069,통새우볶음밥,급식유류계약팀,(주)태림에프웰
39118,50%포도당 주사액 등 89종,제7001부대,에스제이메디칼
39152,커피포트 등 34품목 구매,제9196부대,가온샘 주식회사
39185,'20년 광복절 경축특식(조각케이크),제 2167부대,장가네제과
39187,팝콘형 치킨,급식유류계약팀,농업회사법인 한백냉장식품 주식회사
39189,자주포 스프링류,지상공통전력운영계약팀,서경켐텍
39248,스프레이 부스 1종,공군군수사령부,대성이엔이 주식회사
39273,리미트 스위치 등 4종 구매,해군군수사령부,나나테크
39362,물엿,급식유류계약팀,대상주식회사
39394,"양극, 부식방지용 등 23종",해군군수사령부,테메
39398,'20년 광복절 경축특식(훈제닭다리),제2군수지원여단,(주)서울식품
39422,까스활명수 등 102종 구매,제9911부대,호랑이약품
39463,팝콘형 치킨,급식유류계약팀,(주)태림에프웰
39464,팝콘형 치킨,급식유류계약팀,(주)태림에프웰
39465,팝콘형 치킨,급식유류계약팀,(주)미가온푸드
39470,광컨버터 등 7품목 구매,제9181부대,조인
39493,튀김가루,급식유류계약팀,대한제분(주)
39494,'20년 예비군 도시락 제조납품-(2권역),제17보병사단,주식회사이지푸드
39529,깐쇼새우,급식유류계약팀,(주)태림에프웰
39536,전투식량 S형,급식유류계약팀,주식회사 에스아이케이
39537,전투식량 S형,급식유류계약팀,주식회사 에스아이케이
39538,전투식량 S형,급식유류계약팀,주식회사 에스아이케이
39539,전투식량 S형,급식유류계약팀,주식회사 에스아이케이
39540,전투식량 S형,급식유류계약팀,주식회사 에스아이케이
39548,20-2차 조미료(떡볶이 분말 등 18종) 구매,국방부계룡대근무지원단,국방렌탈
39551,20년 경축특식 제헌절(훈제닭다리),육군제7789부대,(주)서울식품
39562,20년 경축특식 제헌절(훈제닭다리),육군제7789부대,(주)서울식품
39602,밥솥 등 7품목 구매,제9196부대,아비누 말케이누
39608,리치트럭 구매,제9691부대,(주)한국물류로봇
39618,탕수육,급식유류계약팀,(주)디아이
39619,탕수육,급식유류계약팀,주식회사 한맥식품
39620,탕수육,급식유류계약팀,주식회사 한맥식품
39621,탕수육,급식유류계약팀,(주)태림에프웰
39629,제헌절 경축특식 냉동슈크림,제3군수지원여단,영베이커리
39658,광컨버터 등 99종 구매,제8385부대,영동문구센타
39684,"스프링,나선형,압축 등 21항목 구매(기동)",육군군수사령부,시앤에스테크
39717,밥솥 등 2종,제7001부대,예진상사
39777,고추장,급식유류계약팀,주식회사 진미식품괴산공장
39778,고추장,급식유류계약팀,주식회사 진미식품괴산공장
39779,고추장,급식유류계약팀,주식회사 진미식품괴산공장
39781,20년도 공군교육사령부 김치류 완제품 제조납품,공군교육사령부,농업회사법인 비에스푸드 주식회사
39801,"스프링,나선형,압축 등 14종",해군군수사령부,제이에스컴퍼니
39842,불닭마요덮밥 등 28종,해군 기동함대사령부,소망영농조합법인
39843,동결건조과일(딸기) 등 23종,해군 기동함대사령부,소망영농조합법인
39874,20년 부식류 재포장재료 구매,육군제7789부대,와이에스컴퍼니
39877,HDMI TO VGA 컨버터 등 43종 구매 납품,제3283부대,코리아 상사
39887,"'20년 영내자증식(떡,케이크) 제조/구매",제7보병사단,동광푸드
39922,'20년 제헌절경축특식(조각케익),제2군수지원여단,장가네제과
39965,숙성김치,급식유류계약팀,농업회사법인 유한회사 일품김치
39966,숙성김치,급식유류계약팀,(주)이씨네식품
39967,숙성김치,급식유류계약팀,강화섬김치
39968,숙성김치,급식유류계약팀,(주)임진강김치
39969,숙성김치,급식유류계약팀,미성식품(주)
39970,숙성김치,급식유류계약팀,주식회사 정우식품
39971,숙성김치,급식유류계약팀,강화섬김치
39972,백김치(일반경쟁),급식유류계약팀,농업회사법인 유한회사 일품김치
39973,갓김치(일반경쟁),급식유류계약팀,농업회사법인 유한회사 일품김치
39974,깍두기(임가공),급식유류계약팀,선화식품주식회사
39975,깍두기(임가공),급식유류계약팀,농업회사법인 한백냉장식품 주식회사
39976,깍두기(임가공),급식유류계약팀,(주)한일코리아
39977,깍두기(임가공),급식유류계약팀,농업회사법인 다솜식품(주)
39978,깍두기(임가공),급식유류계약팀,주식회사 정우식품
39979,깍두기(임가공),급식유류계약팀,(주)신세대푸드
39980,깍두기(임가공),급식유류계약팀,(주)늘푸른
39981,깍두기(임가공),급식유류계약팀,선화식품주식회사
39982,총각김치,급식유류계약팀,(주)동진푸드
39983,총각김치,급식유류계약팀,주식회사 옥종합식품
39984,총각김치,급식유류계약팀,(주)신세대푸드
39985,총각김치,급식유류계약팀,농업회사법인 다솜식품(주)
39986,총각김치,급식유류계약팀,(주)임진강김치
39987,총각김치,급식유류계약팀,(주)늘푸른
39988,총각김치,급식유류계약팀,농업회사법인 유한회사 일품김치
39989,총각김치,급식유류계약팀,미성식품(주)
39990,열무김치,급식유류계약팀,(주)우리집식품
39991,열무김치,급식유류계약팀,(주)늘푸른
39992,열무김치,급식유류계약팀,(주)동진푸드
39993,열무김치,급식유류계약팀,강화섬김치
39994,열무김치,급식유류계약팀,농업회사법인 주식회사 봄내
39995,열무김치,급식유류계약팀,(주)한일코리아
39996,열무김치,급식유류계약팀,(주)우리집식품
39997,열무김치,급식유류계약팀,농업회사법인 유한회사 일품김치
39998,배추김치(임가공),급식유류계약팀,농업회사법인 다솜식품(주)
39999,배추김치(임가공),급식유류계약팀,(주)동진푸드
40000,배추김치(임가공),급식유류계약팀,에스와이푸드 주식회사
40001,배추김치(임가공),급식유류계약팀,(주)한일코리아
40002,배추김치(임가공),급식유류계약팀,에스와이푸드 주식회사
40003,배추김치(임가공),급식유류계약팀,(주)한일코리아
40004,배추김치(임가공),급식유류계약팀,(주)늘푸른
40005,배추김치(임가공),급식유류계약팀,(주)늘푸른
40006,깍두기(완제품),급식유류계약팀,농업회사법인 한백냉장식품 주식회사
40007,깍두기(완제품),급식유류계약팀,(주)신세대푸드
40008,깍두기(완제품),급식유류계약팀,농업회사법인 다솜식품(주)
40009,깍두기(완제품),급식유류계약팀,(주)늘푸른
40010,깍두기(완제품),급식유류계약팀,세광식품(주)
40011,깍두기(완제품),급식유류계약팀,농업회사법인 주식회사 봄내
40012,깍두기(완제품),급식유류계약팀,주식회사 옥종합식품
40013,깍두기(완제품),급식유류계약팀,농업회사법인 한백냉장식품 주식회사
40014,배추김치(완제품),급식유류계약팀,(주)임진강김치
40015,배추김치(완제품),급식유류계약팀,에스와이푸드 주식회사
40016,배추김치(완제품),급식유류계약팀,주식회사 옥종합식품
40017,배추김치(완제품),급식유류계약팀,농업회사법인 주식회사 봄내
40018,배추김치(완제품),급식유류계약팀,강화섬김치
40019,배추김치(완제품),급식유류계약팀,(주)이씨네식품
40020,배추김치(완제품),급식유류계약팀,농업회사법인 다솜식품(주)
40021,배추김치(완제품),급식유류계약팀,농업회사법인 한백냉장식품 주식회사
40022,김장김치,급식유류계약팀,(주)늘푸른
40023,김장김치,급식유류계약팀,주식회사 정우식품
40024,김장김치,급식유류계약팀,강화섬김치
40025,김장김치,급식유류계약팀,농업회사법인 다솜식품(주)
40026,김장김치,급식유류계약팀,(주)임진강김치
40027,김장김치,급식유류계약팀,(주)늘푸른
40028,김장김치,급식유류계약팀,농업회사법인 한백냉장식품 주식회사
40029,김장김치,급식유류계약팀,(주)늘푸른
40041,토마토케찹,급식유류계약팀,주식회사 한맥푸드
40084,경계시설 보강공사 자재구입(유자철선 등 6종),제1989부대,에코이엔지 주식회사
40088,가락국수,급식유류계약팀,(주)이가자연면
40093,포자만두,급식유류계약팀,주식회사 서원푸드
40111,포자만두,급식유류계약팀,농업회사법인 한만두식품 주식회사
40112,포자만두,급식유류계약팀,주식회사 푸르온
40162,전투부식(감자탕 등 12품목) 구매,제9해병여단,소망영농조합법인
40182,특전복,물자계약팀,GNT부산의용촌
40227,참기름,급식유류계약팀,주식회사 청양식품
40253,'20년 독수리회관 농산물 000품목 연간 구매,공군작사근무지원단,경기모아상사
40276,20-21년 국군복지단 식자재 구매,국군복지단,주식회사 현대그린푸드
40280,'20년 병사식당 부식(조미료 및 자율부재료) 구매,공군제11전투비행단,푸른샘
40301,병사식당 조미료 및 자율부재료/부식 구매,공군제17전투비행단,청주나누리장애인보호작업장
40324,병사식당 조미료 및 자율부재료/부식 구매,공군제17전투비행단,청주나누리장애인보호작업장
40325,"스프링,나선형,압축 등 10종 구매",해군군수사령부,케어트리
40332,'20년 예비군 도시락 제조납품-(3권역),제17보병사단,주식회사 정담에프엔에스
40333,'20년 예비군 도시락 제조납품-(5권역),제17보병사단,주식회사 정담에프엔에스
40362,'20년 부식재포장재료(아이스박스 등 5종),제2군수지원여단,케어트리
40368,딸기잼,급식유류계약팀,(주)푸드웰
40378,20-리치트럭 3Set 구매,국군재정관리단,혜성비드
40429,한식간장,급식유류계약팀,동해식품(주)
40430,혼합간장,급식유류계약팀,매일식품(주)
40431,혼합간장,급식유류계약팀,매일식품(주)
40432,혼합간장,급식유류계약팀,매일식품(주)
40433,혼합간장,급식유류계약팀,매일식품(주)
40454,20-리치스텍커 구매,국군재정관리단,주식회사 승지산업
40484,돼지불고기양념,급식유류계약팀,매일식품(주)
40485,쇠불고기양념,급식유류계약팀,주식회사 동원홈푸드
40486,쌈장,급식유류계약팀,동해식품(주)
40501,20년 부대조달 후식(음료류 과채주스),육군제7789부대,주식회사 신화식품
40520,"양극,부식방지용 등 46종 구매",제9121부대,세종상사
40530,감자튀김,급식유류계약팀,주식회사 동원홈푸드
40543,'20년 독수리회관 식자재(수산물 34품목) 구매,공군작사근무지원단,경기모아상사
40569,비엔나소시지,급식유류계약팀,(주)동원에프앤비
40570,비엔나소시지,급식유류계약팀,주식회사 하이푸드텍
40571,비엔나소시지,급식유류계약팀,주식회사 에스피씨삼립
40574,"볼트, 리브어깨형",지상공통전력운영계약팀,대성테크
40575,감자전분,급식유류계약팀,미성식품(주)
40579,마요네즈,급식유류계약팀,대상주식회사
40590,종교시설 신축공사 관급자재(한식창호) 제조 설치,국군재정관리단,유한회사성지산업
40596,'20년 부식류 재포장재료 구매,제 2167부대,제이컴퍼니
40628,양념분쇄기 1품목 구매(물자),육군군수사령부,동양산업
40685,00부대 음식물쓰레기 처리 임차(20-16),제2307부대,주식회사 우신이엔지
40687,"20년 영내자 증식 제조납품(떡, 케이크)(R)",제8기동사단,주식회사 찰떡궁합
40691,천일염,급식유류계약팀,영백솔트영어조합법인
40692,가락국수,급식유류계약팀,(주)면사랑
40693,가락국수,급식유류계약팀,(주)면사랑
40694,가락국수,급식유류계약팀,(주)이가자연면
40695,쫄면,급식유류계약팀,(주)한스코리아
40696,쫄면,급식유류계약팀,(주)한스코리아
40697,쫄면,급식유류계약팀,(주)한스코리아
40698,쫄면,급식유류계약팀,(주)한스코리아
40699,자장면,급식유류계약팀,(주)면사랑
40700,자장면,급식유류계약팀,(주)이가자연면
40701,자장면,급식유류계약팀,농업회사법인 현농주식회사
40702,자장면,급식유류계약팀,(주)면사랑
40703,야채건빵,급식유류계약팀,주식회사 금풍제과
40704,야채건빵,급식유류계약팀,상일제과주식회사
40705,야채건빵,급식유류계약팀,상일제과주식회사
40706,야채건빵,급식유류계약팀,상일식품(주)
40707,복합조미료(쇠고기맛),급식유류계약팀,대상주식회사
40708,참깨건빵,급식유류계약팀,주식회사 신흥제과
40709,참깨건빵,급식유류계약팀,상일제과주식회사
40710,참깨건빵,급식유류계약팀,상일식품(주)
40711,참깨건빵,급식유류계약팀,주식회사 신흥제과
40712,건빵,급식유류계약팀,주식회사 금풍제과
40713,건빵,급식유류계약팀,상일식품(주)
40714,건빵,급식유류계약팀,주식회사 금풍제과
40715,건빵,급식유류계약팀,주식회사 금풍제과
40724,계란말이,급식유류계약팀,주식회사 한맥식품
40725,계란후라이,급식유류계약팀,주식회사 한맥푸드
40733,(206053-B)00부대 리치트럭 구매,국군재정관리단,마겐다비드
40768,고추참치통조림,급식유류계약팀,(주)그린
40769,고추참치통조림,급식유류계약팀,(주)디아이
40803,'20년 독수리회관 식자재(축산물 26품목) 구매,공군작사근무지원단,주식회사 안심먹거리조합
40804,'20년 독수리회관 식자재(공산품 177종) 구매,공군작사근무지원단,경기모아상사
40807,새우 패티,급식유류계약팀,농업회사법인 한백냉장식품 주식회사
40808,햄슬라이스,급식유류계약팀,(주)복천식품
40809,햄슬라이스,급식유류계약팀,(주)태림에프웰
40810,햄슬라이스,급식유류계약팀,주식회사 코주부비앤에프 (B&F)
40811,햄슬라이스,급식유류계약팀,주식회사 코주부비앤에프 (B&F)
40812,새우 패티,급식유류계약팀,주식회사 한맥식품
40813,새우 패티,급식유류계약팀,(주)태림에프웰
40814,새우 패티,급식유류계약팀,(주)서울식품
40820,떡국떡,급식유류계약팀,(주)동성식품
40821,20년 포제휘장류,물자계약팀,한빛금속
40822,스파게티,급식유류계약팀,대한제분(주)
40823,떡볶이떡,급식유류계약팀,삼오종합식품 주식회사
40845,20년 철제휘장류,물자계약팀,주식회사 두원
40849,라면조리기(2대),제7001부대,라온상사
40865,치킨너겟,급식유류계약팀,(주)미가온푸드
40866,돈까스,급식유류계약팀,주식회사 한맥식품
40867,돈까스,급식유류계약팀,(주)진푸드시스템
40868,돈까스,급식유류계약팀,주식회사 남부식품
40869,돈까스,급식유류계약팀,(주)미가온푸드
40870,돈까스,급식유류계약팀,(주)그린
40871,돈까스,급식유류계약팀,(주)태림에프웰
40872,돈까스,급식유류계약팀,참바다영어조합법인
40873,돈까스,급식유류계약팀,(주)진푸드시스템
40874,돈까스,급식유류계약팀,주식회사 남부식품
40875,돈까스,급식유류계약팀,참바다영어조합법인
40876,돈까스,급식유류계약팀,(주)진푸드시스템
40877,돈까스,급식유류계약팀,주식회사 남부식품
40878,햄버거빵,급식유류계약팀,(주)디아이
40880,핫도그빵,급식유류계약팀,(유)목양
40881,핫도그빵,급식유류계약팀,(유)목양
40882,핫도그빵,급식유류계약팀,(주)디아이
40883,핫도그빵,급식유류계약팀,(주)디아이
40884,햄버거빵,급식유류계약팀,(주)태림에프웰
40885,햄버거빵,급식유류계약팀,(유)목양
40886,햄버거빵,급식유류계약팀,(주)디아이
40892,휘장류 5종 제조 납품,제3283부대,주식회사 부창산업
40901,20년 부대조달(단가계약) 짜먹는발효유 구매,제1군수지원사령부,주식회사 엔에이치
40913,전기튀김기 등 5종 구매,제8385부대,금성종합상사
40924,라면조리기 구매,해군제3함대사령부,전일종합상사
40930,불고기패티 2형,급식유류계약팀,(주)디아이
40931,불고기패티 2형,급식유류계약팀,주식회사 하이푸드텍
40932,불고기패티 2형,급식유류계약팀,주식회사 한맥식품
40933,불고기패티 2형,급식유류계약팀,(주)디아이
40934,볶음참깨,급식유류계약팀,주식회사 청양식품
40938,자장소스,급식유류계약팀,삼오종합식품 주식회사
40954,스파게티소스,급식유류계약팀,주식회사 남부식품
40955,자장소스,급식유류계약팀,삼오종합식품 주식회사
40956,자장소스,급식유류계약팀,(주)미정
40957,자장소스,급식유류계약팀,(주)디아이
40958,'20년도 장교/간부식당 김치류 제조/구매,공군교육사령부,주식회사 삼화식품
40979,생수 등 3종 구매,해군군수사령부,캐리온
40980,단무지 등 10종 구매,해군군수사령부,찬스코퍼레이션
40984,조미김(세절형),급식유류계약팀,(주)청해진수산
40985,생선묵(튀김),급식유류계약팀,(주)코주부씨앤에프
40986,생선묵(튀김),급식유류계약팀,(주)환공식품
40987,생선묵(튀김),급식유류계약팀,(주)환공식품
40988,생선묵(튀김),급식유류계약팀,(주)그린
40989,조미김(세절형),급식유류계약팀,선일물산(주)
40990,조미김(세절형),급식유류계약팀,선일물산(주)
40991,조미김(세절형),급식유류계약팀,삼진식품주식회사
41019,순살꼬막통조림 등 29종 구매,제9911부대,금목화물산
41073,유자철조망 등 3품목 구매,제9227부대,성문상사
41074,전자동커피머신 등 20품목 구매,제9691부대,주리마켓
41089,실린더 버터플라이 밸브 등 54종,공군군수사령부,삼호상사
41094,골뱅이통조림,급식유류계약팀,(주)디아이
41095,골뱅이통조림,급식유류계약팀,주식회사 남부식품
41096,골뱅이통조림,급식유류계약팀,에스와이푸드 주식회사
41097,골뱅이통조림,급식유류계약팀,주식회사 남부식품
41098,고추참치통조림,급식유류계약팀,(주)디아이
41099,고추참치통조림,급식유류계약팀,(주)디아이
41108,김자반,급식유류계약팀,(유)제일물산
41110,생선묵(떡볶이용),급식유류계약팀,(주)서울식품
41111,생선묵(떡볶이용),급식유류계약팀,(주)서울식품
41112,생선묵(떡볶이용),급식유류계약팀,(주)환공식품
41113,생선묵(떡볶이용),급식유류계약팀,(주)태림에프웰
41114,조미김(8절형),급식유류계약팀,(주)세진햇김
41115,조미김(8절형),급식유류계약팀,삼진식품주식회사
41116,조미김(8절형),급식유류계약팀,주식회사 장보고물산
41117,조미김(8절형),급식유류계약팀,주식회사 장보고물산
41118,조미김(8절형),급식유류계약팀,(주)세진햇김
41119,조미김(8절형),급식유류계약팀,주식회사 남광식품
41120,조미김(8절형),급식유류계약팀,선일물산(주)
41121,조미김(8절형),급식유류계약팀,선일물산(주)
41126,단무지,급식유류계약팀,세광식품(주)
41165,미트볼,급식유류계약팀,(주)디아이
41166,햄,급식유류계약팀,주식회사 오뗄
41167,햄,급식유류계약팀,(주)태림에프웰
41168,햄,급식유류계약팀,(주)태림에프웰
41169,햄,급식유류계약팀,(주)복천식품
41170,미트볼,급식유류계약팀,(주)미가온푸드
41171,미트볼,급식유류계약팀,(주)미가온푸드
41172,미트볼,급식유류계약팀,(주)디아이
41173,가공우유-초코(맛),급식유류계약팀,남양유업(주)
41174,치즈,급식유류계약팀,매일유업 주식회사
41175,가공우유-바나나(맛),급식유류계약팀,남양유업(주)
41176,가공우유-딸기(맛),급식유류계약팀,(주)비락
41178,비빔냉면,급식유류계약팀,(주)동성식품
41179,비빔냉면,급식유류계약팀,(주)이가자연면
41180,비빔냉면,급식유류계약팀,(주)이가자연면
41181,비빔냉면,급식유류계약팀,(주)이가자연면
41182,물냉면,급식유류계약팀,(주)이가자연면
41183,물냉면,급식유류계약팀,(주)동성식품
41184,물냉면,급식유류계약팀,주식회사 교동식품
41185,물냉면,급식유류계약팀,(주)동성식품
41193,사운드소스(음원 및 저작권) 구매,육군본부,하이파이브
41220,비엔나 소시지 구매,해군군수사령부,주식회사 류홀마트
41234,20년 경축특식(석가탄신일) 냉동롤케익 계약,제1군수지원사령부,주식회사 진우전자
41260,콩나물,급식유류계약팀,엠플러스에프엔씨 주식회사
41261,콩나물,급식유류계약팀,엠플러스에프엔씨 주식회사
41262,콩나물,급식유류계약팀,세광식품(주)
41263,콩나물,급식유류계약팀,엠플러스에프엔씨 주식회사
41295,소시지,급식유류계약팀,(주)태림에프웰
41296,소시지 2형,급식유류계약팀,주식회사 코주부비앤에프 (B&F)
41297,소시지 2형,급식유류계약팀,(주)미트뱅크
41298,소시지 2형,급식유류계약팀,(주)미트뱅크
41299,소시지 2형,급식유류계약팀,(주)복천식품
41300,소시지,급식유류계약팀,주식회사 코주부비앤에프 (B&F)
41301,소시지,급식유류계약팀,(주)복천식품
41302,소시지,급식유류계약팀,(주)복천식품
41304,부식 재포장 재료 구매,제3군수지원여단,제이피글로벌
41316,20년 작전지원병력 도시락 구매,제5보병사단,(주)기락
41317,'20년 부대조달(생수) 구매(B권역),5군수지원사령부,주식회사 신세계푸드
41318,'20년 부대조달(생수) 구매(A권역),5군수지원사령부,주식회사 엔미디어솔루션
41319,'20년 부대조달후식(견과류세트) 구매,5군수지원사령부,구구컴퍼니
41320,'20년 부대조달후식(팩형 아이스크림) 구매,5군수지원사령부,호미식품
41321,'20년 부대조달후식(떠먹는 토핑형발효유) 구매,5군수지원사령부,(주)코리아세븐
41322,'20년 부대조달후식(탄산음료) 구매,5군수지원사령부,주식회사 엘엑스판토스
41323,'20년 부대조달후식(컵형 아이스크림) 구매,5군수지원사령부,(주)청우식품
41324,'20년 부대조달후식(워터젤리) 구매,5군수지원사령부,농업회사법인 행복 주식회사
41325,'20년 부대조달후식(샌드형 아이스크림) 구매,5군수지원사령부,롯데푸드 주식회사
41326,'20년 부대조달후식(마시는 발효유) 구매,5군수지원사령부,롯데웰푸드 주식회사
41327,'20년 부대조달후식(이온음료) 구매,5군수지원사령부,제이준코리아 주식회사
41328,'20년 부대조달후식(바나나맛우유) 구매,5군수지원사령부,한샘유통 주식회사
41329,'20년 부대조달후식(팥빙수) 구매,5군수지원사령부,롯데칠성음료(주)
41330,'20년 부대조달후식(콘형 아이스크림) 구매,5군수지원사령부,(주) 현대그린푸드
41331,'20년 부대조달후식(짜먹는 발효유) 구매,5군수지원사령부,주식회사 엔에이치
41332,'20년 부대조달후식(떠먹는 발효유) 구매,5군수지원사령부,주식회사 우성텔레콤
41333,'20년 부대조달후식(과일푸딩) 구매,5군수지원사령부,주식회사 디엠파워
41334,'20년 부대조달후식(과일젤리) 구매,5군수지원사령부,주식회사 푸드머스
41352,20-Y-복지회관 식자재 구매,연평부대,도광컴퍼니
41400,'20년 석가탄신일 경축특식,제 2167부대,장가네제과
41401,'20년 석가탄신일 경축특식,제 2167부대,장가네제과
41402,'20년 석가탄신일 경축특식,제 2167부대,장가네제과
41409,'20년 간부식당 식자재 구매(3차),제1987부대,주식회사 현대그린푸드
41410,쇠고기장조림,급식유류계약팀,비제이푸드 유한회사 농업회사법인
41413,연두부,급식유류계약팀,엠플러스에프엔씨 주식회사
41421,군만두,급식유류계약팀,주식회사 서원푸드
41422,매실피클,급식유류계약팀,그리올푸드영농조합법인
41423,오이피클,급식유류계약팀,주식회사 한일식품
41425,타르타르소스,급식유류계약팀,(주)오뚜기
41426,양념치킨소스,급식유류계약팀,삼오종합식품 주식회사
41427,순두부,급식유류계약팀,엠플러스에프엔씨 주식회사
41428,순두부,급식유류계약팀,엠플러스에프엔씨 주식회사
41429,순두부,급식유류계약팀,엠플러스에프엔씨 주식회사
41430,순두부,급식유류계약팀,엠플러스에프엔씨 주식회사
41431,포장두부,급식유류계약팀,엠플러스에프엔씨 주식회사
41432,포장두부,급식유류계약팀,엠플러스에프엔씨 주식회사
41433,포장두부,급식유류계약팀,엠플러스에프엔씨 주식회사
41434,포장두부,급식유류계약팀,엠플러스에프엔씨 주식회사
41435,연두부,급식유류계약팀,엠플러스에프엔씨 주식회사
41436,연두부,급식유류계약팀,엠플러스에프엔씨 주식회사
41437,연두부,급식유류계약팀,엠플러스에프엔씨 주식회사
41478,생선가스,급식유류계약팀,(주)서울식품
41479,생선가스,급식유류계약팀,주식회사 부산어묵
41480,생선가스,급식유류계약팀,주식회사 남부식품
41484,도서(침묵의 봄 등 61품목) 구매,제9해병여단,도남서점
41507,식품보존용기 등 4종 구매,해군군수사령부,트리플 미디어
41516,20-통합간부식당 식자재 구매 (축산품),제20전투비행단,다해푸드
41517,머스타드소스,급식유류계약팀,(주)디아이
41545,바나나,제3군수지원여단,에이알그룹 주식회사
41624,'20년 부대조달 후식(과일푸딩),제 2167부대,문화상사
41625,'20년 부대조달 후식(토핑요거트),제 2167부대,제이에스 원 트레이딩
41626,'20년 생수 구매,제 2167부대,(주)비락
41627,'20년 부대조달 후식(바나나),제 2167부대,주식회사세원유니텍스
41628,'20년 부대조달 후식(우유에 타먹는 분말),제 2167부대,주식회사 친환경개발
41629,'20년 부대조달 후식(워터젤리),제 2167부대,일루젠
41630,'20년 부대조달 후식(맛밤),제 2167부대,베리우스
41633,20년 부대조달 후식(바나나),육군제7789부대,주식회사 홍진엔아이
41675,20년 부대조달 경축특식(아이스 조각케익),육군제7789부대,장가네제과
41676,20년 부대조달 부식(생수),육군제7789부대,롯데웰푸드 주식회사
41677,20년 부대조달 경축특식(아이스 조각케익),육군제7789부대,장가네제과
41678,20년 부대조달 부식(생수),육군제7789부대,롯데웰푸드 주식회사
41704,'20년 석가탄신일 경축특식(핫바세트) 구매,5군수지원사령부,퍼니플즈
41731,양주병원 수술실 공조기 인버터 설치납품,국군의무사령부,한솔전력공사
41790,석가탄신일 경축특식 티라미슈,제3군수지원여단,영베이커리
41806,현미경 등 3종 구매,공군군수사령부,엠에스컴퍼니
41830,부식방지제 등 17종 구매,해군군수사령부,에코플루이드
41852,"20-033 20년 영내자 증식(떡, 케이크) 제조납품",수도방위사령부,주식회사해피21세기
41856,20년 영내자 증식용 떡 및 생일자 케이크 구매,제2236부대,농업회사법인주식회사 시루와 떡메
41893,'20년 부대조달 후식(짜먹는 젤리),육군제7789부대,성도교역
41902,20년 후식(단가계약) 탄산음료 구매,제1군수지원사령부,(주)아워홈 동서울영업소
41913,20년 후식(단가계약) 워터젤리 구매,제1군수지원사령부,(주)상보기업
41915,20년 후식(단가계약) 초코렛 구매,제1군수지원사령부,주식회사 고향식품
41916,20년 후식(단가계약) 생과일바 구매,제1군수지원사령부,(주)신대한관리
41917,20년 후식(단가계약) 팥빙수 구매,제1군수지원사령부,(주)상일기업
41918,20년 후식(단가계약) 아이스샌드 구매,제1군수지원사령부,주식회사 동방푸드마스타
41919,20년 후식(단가계약) 아이스팩 구매,제1군수지원사령부,(주)태진지엔에스
41920,20년 후식(단가계약) 아이스컵 구매,제1군수지원사령부,엠플러스에프엔씨 주식회사
41921,20년 후식(단가계약) 아이스콘 구매,제1군수지원사령부,한샘유통 주식회사
41922,20년 후식(단가계약) 생수 구매,제1군수지원사령부,주식회사 동원홈푸드
41923,20년 후식(단가계약) 에이드 구매,제1군수지원사령부,주식회사 대선에프에스
41924,20년 후식(단가계약) 과채주스 구매,제1군수지원사령부,호미식품
41925,20년 후식(단가계약) 비타음료 구매,제1군수지원사령부,(주)이브릿지
41926,20년 후식(단가계약) 탄산음료 구매,제1군수지원사령부,(주)아워홈 동서울영업소
41927,20년 후식(단가계약) 식혜 구매,제1군수지원사령부,(주)사조대림
41928,20년 후식(단가계약) 과일푸딩 구매,제1군수지원사령부,에스엘(SL)상사
41929,20년 후식(단가계약) 떠먹는발효유 구매,제1군수지원사령부,주식회사 이니스
41930,20년 후식(단가계약) 마시는 발효유 구매,제1군수지원사령부,롯데푸드 주식회사
42029,'20년 부대조달 후식(빙과류-팩형),육군제7789부대,롯데푸드 주식회사
42030,'20년 부대조달 후식(발효유 짜먹는형),육군제7789부대,(주)팔도
42031,'20년 부대조달 후식(우유에타먹는분말),육군제7789부대,신잼과학
42032,'20년 부대조달 후식(반건조고구마),육군제7789부대,주식회사 에버리치
42033,'20년 부대조달 후식(생과일바),육군제7789부대,신잼과학
42034,'20년 부대조달 후식(떠먹는젤리),육군제7789부대,삼마상사
42035,'20년 부대조달 후식(과일젤리),육군제7789부대,원대로
42036,'20년 부대조달 후식(초콜릿),육군제7789부대,초코인터내셔널 주식회사
42037,'20년 부대조달 후식(발효유-떠먹는토핑형),육군제7789부대,스파클주식회사
42038,'20년 부대조달 후식(발효유-떠먹는형),육군제7789부대,범창기업 주식회사
42039,'20년 부대조달 후식(발효유-마시는형),육군제7789부대,남양부직포(주)
42040,'20년 부대조달 후식(빙과류-컵형),육군제7789부대,상일제과주식회사
42041,'20년 부대조달 후식(음료류-이온음료),육군제7789부대,성도교역
42042,'20년 부대조달 후식(음료류-과일탄산),육군제7789부대,주식회사 엔미디어솔루션
42043,'20년 부대조달 후식(음료류-에이드),육군제7789부대,(주)대림
42044,'20년 부대조달 후식(음료류-커피),육군제7789부대,주식회사 푸드머스
42045,'20년 부대조달 후식(음료류-사이다),육군제7789부대,주식회사 팬웨스트에스앤티
42046,'20년 부대조달 후식(음료류-콜라),육군제7789부대,(주)다남정보통신
42047,'20년 부대조달 후식(음료류-바나나맛우유)),육군제7789부대,성도교역
42048,'20년 부대조달 후식(빙과류-아이스크림바),육군제7789부대,비케이시스템즈 주식회사
42049,'20년 부대조달 후식(빙과류-팥빙수),육군제7789부대,롯데칠성음료(주)
42050,'20년 부대조달 후식(빙과류-샌드형),육군제7789부대,코리아식품주식회사
42051,'20년 부대조달 후식(빙과류-콘형),육군제7789부대,동아오츠카주식회사
42053,생수,제3군수지원여단,디에스케이글로넷 주식회사
42054,'20년 바나나구매,제2군수지원여단,에이알그룹 주식회사
42057,'20년 생수(먹는샘물)구매,제2군수지원여단,주식회사 대선에프에스
42086,'20년 구명식량 구매,해군군수사령부,글로리아
42099,충전 햄머드릴 1항목 구매(물자),육군군수사령부,세영테크주식회사
42103,20년 영내자용 떡 및 케이크 구매,제15보병사단,화천쌀가공협회영농조합법인
42114,`20년 영내자 증식 떡 및 생일자 케이크 증식,제1288부대,동광푸드
42149,00부대 스프링 밸런스 등 77종 자재구매,제17보병사단,테크원
42150,통닭박스 등 23종,해군군수사령부,자인비
42167,'20년 부대조달 후식(초콜릿),제 2167부대,애로우
42168,'20년 부대조달 후식(마시는 발효유),제 2167부대,주식회사 동방푸드마스타
42169,'20년 부대조달 후식(이온음료),제 2167부대,온고르주식회사
42170,'20년 부대조달 후식(사이다),제 2167부대,이앤제이컴퍼니
42171,'20년 부대조달 후식(샌드형 아이스크림),제 2167부대,에이치케이
42172,'20년 부대조달 후식(컵형 아이스크림),제 2167부대,주식회사 대평
42173,'20년 부대조달 후식(콘형 아이스크림),제 2167부대,으뜸컨설팅
42174,'20년 부대조달 후식(초코바),제 2167부대,해원산업
42175,'20년 부대조달 후식(떠먹는 발효유),제 2167부대,랩포유
42176,'20년 부대조달 후식(비타민음료),제 2167부대,주식회사 유노미아
42177,'20년 부대조달 후식(커피),제 2167부대,주식회사 용현파워텍
42187,20-전기밥솥 등 5종 구매,국군재정관리단,주식회사 가람
42220,수산화칼륨 등 9항목 구매(물자),육군군수사령부,주식회사 에이에스씨
42222,'20년 영내자 증식(떡 및 생일자 케이크) 제조/납품,제3697부대,사군자식품
42230,코티드샌드 구매,육군종합정비창,삼일이화학상사
42308,'20년 음식물쓰레기 처리기 임차용역,제15보병사단,(주)콘포테크
42309,20년 영내자 증식용 떡 및 케이크 구매,제1862부대,동광푸드
42310,파병부대 재보급물자(배추김치 등 15종) 제조,육군군수사령부,(주) 자연에프엔에스
42325,쌀 햄버거빵 등 16품목 구매,연평부대,보배
42336,20-1차 식품검사대 검사재료 구매,제1군수지원사령부,랩피온
42350,20년 예비군도시락 제조납품(1권역),제51보병사단,두진푸드시스템
42351,20년 예비군도시락 제조납품(2권역),제51보병사단,주식회사 찬이랑밥이랑
42352,20년 예비군도시락 제조납품(2권역),제51보병사단,두진푸드시스템
42353,20년 예비군도시락 제조납품(1권역),제51보병사단,주식회사 제이엠트레이딩
42360,증실용 떡 및 케이크 구매,제5925부대,농업회사법인주식회사 시루와 떡메
42427,자동 목재 대패기 1SET 구매,해군군수사령부,미소커뮤니케이션
42482,'20년 부대조달 후식(팩형 아이스크림),제 2167부대,(주)한익스프레스
42493,'20년 부대조달 후식(콜라),제 2167부대,주식회사 엔에이치
42494,'20년 부대조달 후식(팥빙수),제 2167부대,순식품
42495,'20년 부대조달 후식(팩형 아이스크림),제 2167부대,(주)한익스프레스
42496,무배추김치(김장) 등 8품목 제조(중기간경쟁제품),연평부대,농업회사법인 유한회사 일품김치
42497,새우깡 등 107품목 구매,연평부대,(주)동원에프앤비
42498,순두부 등 3품목 구매,연평부대,주식회사 엔에이치
42499,게맛살 등 70품목 구매,연평부대,주식회사 대평
42510,'20년 부대조달 후식(콜라),제 2167부대,주식회사 엔에이치
42511,'20년 부대조달 후식(팥빙수),제 2167부대,순식품
42519,병사식당 조미료 및 자율부재료 구매,공군제19전투비행단,아이원
42533,계급장 및 흉장/휘장류,공군군수사령부,좋아실업 주식회사
42612,20년 부대조달 후식(음료류 두유),육군제7789부대,미가온
42639,보존식용기 1품목 구매(물자),육군군수사령부,디에이치엠(DHM)
42650,식혜,제3군수지원여단,만물마차
42651,아이스크림 콘형,제3군수지원여단,제이엘트레이딩
42652,두유,제3군수지원여단,민트힐
42653,짜먹는 발효유,제3군수지원여단,세정테크
42667,20년 예비군도시락 제조납품(1권역),육군제53보병사단,주식회사 해림푸드시스템
42687,아이스크림 샌드형,제3군수지원여단,문열면유통
42688,혼합견과,제3군수지원여단,하나
42689,과일푸딩,제3군수지원여단,순식품
42690,아이스크림 컵형,제3군수지원여단,템푸스
42692,'20년 견과류 구매,제2군수지원여단,(주)서울식품
42693,'20년 과일푸딩 구매,제2군수지원여단,비케이시스템즈 주식회사
42694,'20년 초코렛 구매,제2군수지원여단,블랙아웃컴퍼니
42695,'20년 워터젤리 구매,제2군수지원여단,스마일리
42697,'20년 아이스샌드형 구매,제2군수지원여단,(주)비앤에스
42700,원형샌드사포등139종 구매,육군종합정비창,금성산업
42743,딸기맛 우유,제3군수지원여단,포시즌
42744,바나나맛 우유,제3군수지원여단,효제상사
42745,이온음료,제3군수지원여단,태양제과식품
42746,'20년 떠먹는발효유 구매,제2군수지원여단,가나안테크
42747,'20년 마시는발효유 구매,제2군수지원여단,효제상사
42748,'20년 커피(파우치형)구매,제2군수지원여단,주식회사 대건텔
42750,'20년 과일맛소다 구매,제2군수지원여단,석정상사
42751,'20년 사이다 구매,제2군수지원여단,금목화물산
42752,'20년 콜라구매,제2군수지원여단,주식회사 엔미디어솔루션
42753,'20년 이온음료 구매,제2군수지원여단,토우산업개발 주식회사
42779,영내자 증식용 떡 및 생일자 케이크 구매,제21보병사단,동광푸드
42780,20년 학군(하계) 및 장교후보생 증식(음료) 구매,육군학생군사학교,크린산업
42783,식초 등 6종 구매,해군군수사령부,류홀마트(합포점)
42803,굴소스 등 20종 구매,해군군수사령부,류홀마트(합포점)
42804,굴소스 등 20종 구매,해군군수사령부,류홀마트(합포점)
42805,굴소스 등 20종 구매,해군군수사령부,류홀마트(합포점)
42806,굴소스 등 20종 구매,해군군수사령부,류홀마트(합포점)
42807,굴소스 등 20종 구매,해군군수사령부,류홀마트(합포점)
42809,체력단련장(3개소) 주류구매,육군인사사령부,유한회사 대한주류상사
42819,아이스크림 팥빙수,제3군수지원여단,주식회사 신화식품
42820,아이스크림 팥빙수,제3군수지원여단,주식회사 신화식품
42821,생과일바,제3군수지원여단,씨제이프레시웨이 주식회사
42822,짜먹는 젤리,제3군수지원여단,범창기업 주식회사
42823,'20년 떠먹는발효유(토핑)구매,제2군수지원여단,스파클주식회사
42824,'20년 젤리구매,제2군수지원여단,에스피티상회
42825,'20년 아이스크림콘형 구매,제2군수지원여단,주식회사 엔미디어솔루션
42826,'20년 식혜 구매,제2군수지원여단,서연유통
42827,'20년 짜먹는발효유 구매,제2군수지원여단,중앙기획
42828,'20년 팥빙수 구매,제2군수지원여단,주식회사무한티에스
42829,'20년 바나나맛우유 구매,제2군수지원여단,(주)다남정보통신
42860,커피,제3군수지원여단,주식회사 엔에이치
42861,떠먹는 발효유(토핑),제3군수지원여단,(학)건국대학교건국유업.건국햄
42862,마시는 발효유,제3군수지원여단,세방주식회사
42904,'20년 영내자 부식(조미료류 및 자율부재료) 구매,공군교육사령부,(주)유창상사
42907,20-1차 조미료(올리고당 등 13종) 구매,국방부계룡대근무지원단,주식회사 씨티원 충남
42912,생수 등 7종 구매,해군군수사령부,에코
42922,어니언스프 구매,해군군수사령부,주식회사 류홀마트
42923,치즈콘스프 구매,해군군수사령부,주식회사 류홀마트
42924,함박스테이크 소용량 구매,해군군수사령부,주식회사 류홀마트
42925,떡갈비 소용량 구매,해군군수사령부,주식회사 류홀마트
42935,가스자동밥솥(소형) 1품목 구매,육군군수사령부,주식회사 코스모스
42940,생수 등 7종 구매,해군군수사령부,에코
42941,20년 간부식당 식자재 구매,국방부계룡대근무지원단,주식회사 현대그린푸드
42949,특수수술재료(생물학적드레싱류-B) 구매,국군의무사령부,주식회사 굿메드
42982,K1전차 스프링 구매,육군종합정비창,디와이컴퍼니
43007,콜라 등 33종,제2002부대,찬스코퍼레이션
43008,계란 등 115종 구매,제9911부대,씨티원 강원지점
43021,"스프링,나선형,압축등64항목일반제조처(총포)",육군군수사령부,서경켐텍
43035,음식물쓰레기 위탁처리 용역(A-20001),제5보병사단,리더
43036,"'20년 후보생 증식(음료, 가공품류) 구매계약",육군부사관학교,주식회사 신일유통
43046,이온음료 등 88종 구매,제8385부대,삼마상사
43058,20년 영내자 떡 및 케이크 구매,육군사관학교,사군자식품
43062,20년 영내자 떡 및 케이크 구매,육군사관학교,주식회사 찰떡궁합
43099,20년 하늘샘 식자재 구매,공군 작사예하 방포사예하 제3여단,(주)진영씨엔씨
43105,20년 영내자증식용 떡 및 생일케이크 구매,제5767부대,농업회사법인주식회사 시루와 떡메
43120,이온음료 2형 구매,해군군수사령부,해군유통
43123,수육용돼지고기 등 8종 구매,제8385부대,주식회사 엘엑스판토스
43128,샌드쇼트볼등2종 구매,육군종합정비창,거돈글로벌
43131,미니 휴대용 선풍기 등 3품목 구매 납품,제9227부대,탑앤탑(TNT)
43138,등심새우롤만두 구매,해군군수사령부,행복유통
43139,이온음료 1형 구매,해군군수사령부,삼진유통
43153,갈비만두 구매,해군군수사령부,주식회사 류홀마트
43154,사이다 구매,해군군수사령부,연우상사
43165,포기김치 등 2종 구매,제9911부대,매일식품주식회사
43169,양념분쇄기 등 2종 구매,해군군수사령부,더원기업
43171,양극 부식방지용 등 3종 구매,해군군수사령부,주식회사 대유
43172,군단직할 영내자증식용 떡 및 생일자 쌀케이크 납품,제2군단,소당식품
43181,락카스프레이등26종 구매,육군종합정비창,주식회사도영디와이
43234,도서전투부식 스팸 등 11품목 구매,제9181부대,에스앤씨(SNC)
43238,20년 예비군도시락 제조납품(6권역),육군제53보병사단,주식회사 태능푸드시스템
43239,20년 예비군도시락 제조납품(4권역),육군제53보병사단,주식회사 해림푸드시스템
43240,20년 예비군도시락 제조납품(2권역),육군제53보병사단,주식회사 해림푸드시스템
43241,20년 예비군도시락 제조납품(5권역),육군제53보병사단,주식회사 해림푸드시스템
43242,20년 예비군도시락 제조납품(3권역),육군제53보병사단,주식회사 해림푸드시스템
43250,돼지삼겹살(냉동) 등 3종 구매,해군군수사령부,삼마상사
43251,차돌박이(냉동/슬라이스) 등 3종 구매,해군군수사령부,이레축산
43254,냉장염지조각닭 등 13종 구매,해군군수사령부,주식회사 조이팜
43255,20년 예비군도시락 제조납품(2권역),제32보병사단,주식회사 즐거운밥상
43256,20년 예비군도시락 제조납품(1권역),제32보병사단,주식회사 꿈해비타트
43257,20년 예비군도시락 제조납품(3권역),제32보병사단,유한회사 행복한밥상
43259,20년 영내자 증식(떡) 제조구매,제7군단,주식회사해피21세기
43300,돼지생삼겹살 등 12종 구매,해군군수사령부,에코
43325,20년 예비군 도시락 제조 납품,육군 제1군단,두진푸드시스템
43328,20년 예비군 도시락 제조 납품,육군 제1군단,두진푸드시스템
43336,두유 구매,해군군수사령부,삼진유통
43337,매실음료 구매,해군군수사령부,연우상사
43370,한빛부대 볶음김치통조림 등 29종 구매,육군군수사령부,주식회사 에이트이엔씨
43384,기름제거처리제 900PL 구매,해군군수사령부,(주)제이.텍
43386,포도잼 등 14종 구매,해군군수사령부,류홀마트(합포점)
43387,포도잼 등 14종 구매,해군군수사령부,행복유통
43388,포도잼 등 14종 구매,해군군수사령부,에코
43389,포도잼 등 14종 구매,해군군수사령부,류홀마트(합포점)
43390,포도잼 등 14종 구매,해군군수사령부,행복유통
43391,포도잼 등 14종 구매,해군군수사령부,행복유통
43392,포도잼 등 14종 구매,해군군수사령부,에코
43393,포도잼 등 14종 구매,해군군수사령부,지(g)-마트
43394,포도잼 등 14종 구매,해군군수사령부,류홀마트(합포점)
43395,굴소스 등 20종 구매,해군군수사령부,행복유통
43396,굴소스 등 20종 구매,해군군수사령부,주식회사 금오식품
43397,굴소스 등 20종 구매,해군군수사령부,류홀마트(합포점)
43398,굴소스 등 20종 구매,해군군수사령부,에코
43399,굴소스 등 20종 구매,해군군수사령부,주식회사 금오식품
43400,굴소스 등 20종 구매,해군군수사령부,류홀마트(합포점)
43401,굴소스 등 20종 구매,해군군수사령부,(주)씨티원서비스
43402,굴소스 등 20종 구매,해군군수사령부,류홀마트(합포점)
43403,굴소스 등 20종 구매,해군군수사령부,류홀마트(합포점)
43404,굴소스 등 20종 구매,해군군수사령부,행복유통
43405,굴소스 등 20종 구매,해군군수사령부,(주)씨티원서비스
43406,굴소스 등 20종 구매,해군군수사령부,행복유통
43407,굴소스 등 20종 구매,해군군수사령부,주식회사 류홀마트
43408,굴소스 등 20종 구매,해군군수사령부,지(g)-마트
43416,의약품 에스트라 아토베리어크림 등 47종 구매 납품,제3283부대,네오썬팜
43417,과일제피기 등 3품목 구매 납품,제9227부대,우주상사
43419,게맛살 등 14종 구매,해군군수사령부,주식회사 금오식품
43429,핫도그 등 9종 구매,해군군수사령부,주식회사 금오식품
43430,핫도그 등 9종 구매,해군군수사령부,류홀마트(합포점)
43431,핫도그 등 9종 구매,해군군수사령부,류홀마트(합포점)
43432,핫도그 등 9종 구매,해군군수사령부,행복유통
43433,핫도그 등 9종 구매,해군군수사령부,삼진유통
43434,핫도그 등 9종 구매,해군군수사령부,삼진유통
43435,핫도그 등 9종 구매,해군군수사령부,삼진유통
43436,핫도그 등 9종 구매,해군군수사령부,삼진유통
43437,떡국떡 등 11종 구매,해군군수사령부,류홀마트(합포점)
43438,떡국떡 등 11종 구매,해군군수사령부,삼진유통
43439,떡국떡 등 11종 구매,해군군수사령부,에코
43440,떡국떡 등 11종 구매,해군군수사령부,주식회사 금오식품
43441,떡국떡 등 11종 구매,해군군수사령부,삼진유통
43442,떡국떡 등 11종 구매,해군군수사령부,에코
43443,떡국떡 등 11종 구매,해군군수사령부,행복유통
43444,떡국떡 등 11종 구매,해군군수사령부,삼진유통
43445,식초 등 6종 구매,해군군수사령부,행복유통
43446,식초 등 6종 구매,해군군수사령부,주식회사 금오식품
43447,식초 등 6종 구매,해군군수사령부,류홀마트(합포점)
43448,식초 등 6종 구매,해군군수사령부,행복유통
43450,모듬해물 등 11종 구매,해군군수사령부,삼진유통
43451,모듬해물 등 11종 구매,해군군수사령부,행복유통
43452,모듬해물 등 11종 구매,해군군수사령부,류홀마트(합포점)
43453,모듬해물 등 11종 구매,해군군수사령부,에코
43454,모듬해물 등 11종 구매,해군군수사령부,류홀마트(합포점)
43455,모듬해물 등 11종 구매,해군군수사령부,류홀마트(합포점)
43456,모듬해물 등 11종 구매,해군군수사령부,류홀마트(합포점)
43457,모듬해물 등 11종 구매,해군군수사령부,삼진유통
43458,모듬해물 등 11종 구매,해군군수사령부,삼진유통
43459,모듬해물 등 11종 구매,해군군수사령부,삼진유통
43460,게맛살 등 14종 구매,해군군수사령부,류홀마트(합포점)
43461,게맛살 등 14종 구매,해군군수사령부,행복유통
43462,게맛살 등 14종 구매,해군군수사령부,주식회사 금오식품
43463,게맛살 등 14종 구매,해군군수사령부,삼진유통
43464,게맛살 등 14종 구매,해군군수사령부,삼진유통
43465,게맛살 등 14종 구매,해군군수사령부,류홀마트(합포점)
43466,게맛살 등 14종 구매,해군군수사령부,지(g)-마트
43467,게맛살 등 14종 구매,해군군수사령부,행복유통
43468,게맛살 등 14종 구매,해군군수사령부,에코
43469,게맛살 등 14종 구매,해군군수사령부,씨티원 강원지점
43470,게맛살 등 14종 구매,해군군수사령부,류홀마트(합포점)
43471,게맛살 등 14종 구매,해군군수사령부,연우상사
43472,20년 예비군도시락 제조납품(2권역),제6128부대,주식회사 제이스
43524,냉찜질기 등 8항목 구매(물품),육군군수사령부,(주)메들린
43564,LA소갈비(냉동) 등 3종 구매,해군군수사령부,주식회사 금오식품
43571,20년 예비군 도시락 제조납품(1권역),육군 제37보병사단,주식회사행복담은네모
43583,20년 예비군 도시락 제조납품(2권역),육군 제37보병사단,주식회사행복담은네모
43618,예비군 훈련 도시락 제조납품(4권역),제1989부대,CH푸드
43619,예비군훈련 도시락 제조납품(3권역),제1989부대,유한회사 자미푸드
43620,예비군훈련 도시락 제조납품(2권역),제1989부대,(주)현대푸드시스템
43621,예비군훈련 도시락 제조납품(1권역),제1989부대,CH푸드
43622,20년 3＊1절 경축 특식(냉동슈) 제조,제1군수지원사령부,주식회사 고향식품
43623,'20년 장거리 이동 특기병 도시락 제조구매,육군종합군수학교,두진푸드시스템
43624,20년도 채소류 및 공산품 계약,제3훈련비행단,씨티원 경남지점
43646,명이절임 등 13종 구매,해군군수사령부,찬스코퍼레이션
43647,명이절임 등 13종 구매,해군군수사령부,스포츠파크매점
43648,명이절임 등 13종 구매,해군군수사령부,스포츠파크매점
43649,명이절임 등 13종 구매,해군군수사령부,스포츠파크매점
43650,명이절임 등 13종 구매,해군군수사령부,찬스코퍼레이션
43651,명이절임 등 13종 구매,해군군수사령부,에코
43652,명이절임 등 13종 구매,해군군수사령부,스포츠파크매점
43653,명이절임 등 13종 구매,해군군수사령부,스포츠파크매점
43654,명이절임 등 13종 구매,해군군수사령부,두산봉유통
43655,명이절임 등 13종 구매,해군군수사령부,성산유통
43656,명이절임 등 13종 구매,해군군수사령부,정승물산
43660,조정기 컨버터등16종 구매,육군종합정비창,Basic Korea(베이직산업)
43666,'20년 백령도(기호식품) 구매 납품,제9196부대,주식회사 신세계푸드
43667,20년 백령도(두채류) 구매 납품,제9196부대,엠플러스에프엔씨 주식회사
43668,20년 백령도(도서전투부식) 구매 납품,제9196부대,(주)동진푸드
43669,20년 백령도(김치류 제조) 납품,제9196부대,(주)동심
43670,20년 소청도 부식 구매 납품,제9196부대,롯데웰푸드 주식회사
43671,20년 대청도 부식 구매 납품,제9196부대,한화호텔앤드리조트 주식회사
43672,20년 백령도(가공식품) 구매 납품,제9196부대,주식회사 신화식품
43673,20년 생도증식(건포도 등 153종) 구매,육군사관학교,주식회사 씨티원 충남
43680,간부식당 2개소 식자재 구매,공군제19전투비행단,삼성웰스토리 주식회사
43681,간부식당 2개소 식자재 구매,공군제19전투비행단,삼성웰스토리 주식회사
43684,떡류 등 14품목 제조 구매,제9181부대,주식회사 찰떡궁합
43688,'20년 삼일절 경축 특식(훈제닭다리) 구매,5군수지원사령부,한국유통
43705,떡류 구매,제3170부대,주식회사 고수록식품
43706,"환자급식재료 납품계약(농·축·수산물,공산품 472종)",국군대전병원,에이치케이푸드
43709,3.1절 경축특식(아이스롤케익),육군제7789부대,영베이커리
43720,20년 공용복지시설 식자재 구매,국방부계룡대근무지원단,한샘유통 주식회사
43721,20년도 육류 계약,제3훈련비행단,잔내축산
43723,'20년 선수급식(축산물류) 구매,국군체육부대,주식회사 동영상사
43726,'20년 3ㆍ1절 경축특식(조각케이크),제 2167부대,한국유통
43727,'20년 3ㆍ1절 경축특식(조각케이크),제 2167부대,한국유통
43728,배추김치 등 2종,제7001부대,농업회사법인 주식회사 제이엠푸드
43729,닭고기 등 12종,제7001부대,씨티원 경남지점
43730,가자미(냉동) 등 31종,제7001부대,지(g)-마트
43734,"20년도 김치류(토성회관,장교회관) 계약",제3훈련비행단,송이식품
43735,3.1절 경축특식 냉동슈크림,제3군수지원여단,영베이커리
43736,2020년 환자치료식 부/후식 및 증식 구매,국군의무사령부,주식회사 대선에프에스
43742,음식물 쓰레기 처리 용역,제9691부대,주식회사 성우환경
43751,20-광성회관 식자재 및 소모품 구매,공군제11전투비행단,(주)푸드머스 대구지점
43755,설날 경축특식 과자세트,제3군수지원여단,초이원
43756,'20년 삼일절경축특식(조각케익),제2군수지원여단,장가네제과
43758,'20년 한마음회관 식자재 구매(채소류),공군군수사령부,새마음식육점
43760,경축특식 (22년 삼일절) 핫바세트+탄산음료 구매,육군제7789부대,농업회사법인 행복 주식회사
43761,22년도 하늘회관 식자재 납품,공군제15특수임무비행단,씨제이프레시웨이 주식회사
43762,22년 경축특식 설날 커피,제1군수지원사령부,주식회사 에프엔서플라이
43763,'22년 경축특식 설날 '마카롱',제1군수지원사령부,장가네제과
43765,'22년 상반기 생도 증식 (돼지등뼈 등 80개 품목),육군3사관학교,농업회사법인(주)푸른샘
43766,22-평 멸균딸기우유 등 3종 구매,제9911부대,목요일
43767,22-평 콜라 등 8종 구매,제9911부대,주식회사 케이기획
43768,22-평 슬라이스치즈 등 84종 구매,제9911부대,주식회사 아람비즈
43769,22-평 구이용삼겹살 등 8종 구매,제9911부대,성화금속(주)
43770,22-평 사과 등 11종 구매,제9911부대,다판다 주주마켓
43779,'22년도 간부식당 2개소 식자재 구매,공군제19전투비행단,주식회사 신세계푸드
43801,'22년 간부식당 식자재 구매,국방부계룡대근무지원단,한샘유통 주식회사
43802,"'22년 무궁화회관, 성우회관 식자재 구매",국방부계룡대근무지원단,주식회사 큐엔씨유통
43818,'22년 설날 경축특식(마카롱),제 2167부대,장가네제과
43824,GOP 광망 보호용 치킨넷,제22보병사단,에이치에스물산
43835,22-안 000운용대(안마도) 급식 구매,해군제3함대사령부,형제푸드시스템
43836,22-추 000운용대(추자도) 급식 구매,해군제3함대사령부,바다채움F&B
43837,22-욕 000운용대(욕지도) 급식 구매,해군제3함대사령부,신요푸드
43838,22-흑 000운용대(흑산도) 급식 구매,해군제3함대사령부,정아종합유통
43839,22-흑 000전진기지대(흑산도) 급식 구매,해군제3함대사령부,형제푸드시스템
43840,22-욕 000전진기지대(욕지도) 급식 구매,해군제3함대사령부,신요푸드
43846,51군지단 특수창고 신축(샌드위치 패널 제조설치),제1989부대,(주)신우산업
43854,22년 선수급식 (유제품),국군체육부대,농업회사법인(주)푸른샘
43860,"22년 선수급식(농수산,공산품)",국군체육부대,한샘유통 주식회사
43861,22년 선수급식(축산물),국군체육부대,다해푸드
43867,배추김치(포기절단) 등 8종 구매,해군제3함대사령부,현진식품 영농조합법인
43868,22-목 콩나물 등 21종 구매,해군제3함대사령부,형제푸드시스템
43869,22-목 국수 등 218종 구매,해군제3함대사령부,형제푸드시스템
43902,분말짜장 등 173품목 구매,제9691부대,우주
43904,배추포기김치 등 5품목 제조 구매,제9691부대,대원푸드
43928,21-해-관급자재(샌드위치패널) 제조설치,국군재정관리단,주식회사탑원산업
43937,22년 에이스가든 식자재 납품,공군제17전투비행단,삼성웰스토리 주식회사
43955,막대과자(하임) 등 10종 구매,해군 기동함대사령부,주식회사 신제주식품
43956,멸균딸기우유 등 2종 구매,해군 기동함대사령부,주식회사 신제주식품
43957,콜라음료 등 7종 구매,해군 기동함대사령부,주식회사 신제주식품
43958,보리음료 등 8종 구매,해군 기동함대사령부,오도유통
43959,요거트음료(팩형) 등 6종 구매,해군 기동함대사령부,소망영농조합법인
43960,핫바 등 6종 구매,해군 기동함대사령부,오도유통
43961,과일류 9종 구매,해군 기동함대사령부,주식회사 신제주식품
43962,매운맛라면(봉지) 등 10종 구매,해군 기동함대사령부,오도유통
43963,매운맛라면(컵) 등 12종 구매,해군 기동함대사령부,소망영농조합법인
43964,고구마샐러드 등 16종 구매,해군 기동함대사령부,주식회사 신제주식품
43965,쌈무 등 9종 구매,해군 기동함대사령부,주식회사 신제주식품
43966,함박스테이크 등 4종 구매,해군 기동함대사령부,주식회사 신제주식품
43967,통치즈돈까스 구매,해군 기동함대사령부,소망영농조합법인
43969,잉글리시머핀샌드위치 등 3종 구매,해군 기동함대사령부,오도유통
43970,잉글리시머핀 등 11종 구매,해군 기동함대사령부,주식회사 제주플로우
43999,소떡소떡 등 8종 구매,해군 기동함대사령부,소망영농조합법인
44000,반판두부 등 4종 구매,해군 기동함대사령부,소망영농조합법인
44001,양념냉동시래기 등 9종 구매,해군 기동함대사령부,오도유통
44002,국수(소면) 등 7종 구매,해군 기동함대사령부,소망영농조합법인
44004,할라피뇨 등 5종 구매,해군 기동함대사령부,오도유통
44005,즉석밥 등 5종 구매,해군 기동함대사령부,오도유통
44006,치킨스톡 등 25종 구매,해군 기동함대사령부,소망영농조합법인
44007,냉면육수 등 9종 구매,해군 기동함대사령부,오도유통
44008,떡국떡 등 9종 구매,해군 기동함대사령부,오도유통
44009,새우패티 등 13종 구매,해군 기동함대사령부,소망영농조합법인
44010,계란후라이 구매,해군 기동함대사령부,오도유통
44011,통등심돈까스 구매,해군 기동함대사령부,우성종합유통
44012,물만두 등 8종 구매,해군 기동함대사령부,소망영농조합법인
44033,'22 축산류 구매 계약,공군교육사령부,주식회사 푸드앤하우스
44040,간사교 생도증식(가지 등 396종) 구매,자운대근무지원연대,금별
44116,불모지작전 소요경감자재 구매(2차),제28보병사단,정민테크
44128,'21 식자재 구매 계약,공군교육사령부,주식회사 큐엔씨유통
44141,22년 학군후보생 동계 기초장병 증식(음료) 구매,육군학생군사학교,주식회사 신성
44163,'21년 군성회관 식자재 구매계약,공군제38전투비행전대,삼성웰스토리 (주) 호남사무소
44167,22-K-청룡회관 식자재(감자 등 109종) 구매,제9181부대,에이치케이푸드
44168,22-K-청룡회관 육류(돈삼겹 등 5종) 구매,제9181부대,(주)진영씨엔씨
44212,00부대 급식유통센터 관급자재(단열데크) 구매설치,수도군단,프라임테크
44213,00부대 급식유통센터 관급자재(실외기(GHP)) 구매설치,수도군단,연 컴퍼니
44225,'22년 하늘/우주식당 김치류 구매,공군교육사령부,주식회사 삼화식품
44260,21-해-보급창고 증축 관급자재(샌드위치 패널) 제조,국군재정관리단,(주)케이탑패널
44277,18비 간부식당 식자재 납품,공군제18전투비행단,아름상사
44286,불모지작전 소요 경감자재 구매계약,제7보병사단,다성
44287,철매Ⅱ 성능개량 해0정비고 샌드위치 판넬,제1방공유도탄여단,지오강재 주식회사
44296,21년 배식용 보온식관용 구매,육군보병학교,더블유원
44334,에어스프레이건세트 등 34종,해군제3함대사령부,오피스넥스목포
44351,병영도서관/독서카페 도서 구매,제1군수지원사령부,에이치제이 주식회사
44355,기름보일러 제조 구매,제9196부대,에스에이리테일
44375,"21-258, 복지대대, 조림간장 등 74품목",공군 제8전투비행단,아이푸드
44391,성탄절 경축특식 마카롱,제3군수지원여단,주식회사술이홀제과
44393,플라스틱 도시락 용기 등 2종 구매 납품,제9227부대,와이디컴퍼니
44529,불모지작전 소요경감자재 구매,제28보병사단,주연아이씨티
44567,도시락용기 등 20종 구매,해군교육사령부,강림
44602,함정용 음식물 분쇄기 1종 구매,해군군수사령부,디엠글로벌
44609,'21년 신정 경축특식(티라미수 조각케익),제2군수지원여단,(주)주연
44657,'22년 신정 경축특식 훈제닭다리(제조/구매),제2군수지원여단,(주)서울식품
44668,파병부대 즉석밥 등 40품목 구매,육군군수사령부,동덕아크릴
44710,[위임-216] 병영식당 튀김실 덕트 설치납품 등 2건,제1군수지원사령부,애니기획
44776,21-433 도시락 5칸 등 7품목,공군교육사령부,주식회사조은기업
44850,'21년 성탄절 경축특식(마카롱),제2군수지원여단,장가네제과
44904,라면조리기 구매,제9911부대,동이유통
44914,[위임-208] 부식분배소 차양막 설치납품,제1군수지원사령부,주식회사 서울피엔씨
44933,롱리치플라이어 등 99품목 구매,제9181부대,준아트
44949,스프레이 그리스 등 49종 구매,해군제2수리창,파코상사
45076,'22년 신정 경축특식(훈제조각닭다리),제 2167부대,(주)서울식품
45077,'21년 성탄절 경축특식(훈제조각닭다리),제 2167부대,(주)서울식품
45082,'21년 성탄절 특식(조각케익) 계약,제1군수지원사령부,더 푸른
45157,(긴급)차압 트랜스미트 등 3종,해군군수사령부,세종상사
45186,육수냉장고 등 3종,제7001부대,구룡
45209,'21년 성탄절 특식(커피) 계약,제1군수지원사령부,주식회사 해나람
45218,'22년 경축특식 신정(훈제닭다리) 계약,제1군수지원사령부,농업회사법인 행복 주식회사
45270,21년 부대조달 김치류 제조,5군수지원사령부,주식회사 강순의명가
45271,'22년 신정 경축특식(냉동조각케이크) 제조,5군수지원사령부,영베이커리
45272,21년 성탄절 경축특식(에그타르트) 제조,5군수지원사령부,장가네제과
45331,부식방지제 등 2품목 구매,제3170부대,풀블라썸(Full Blossom)
45361,병영도서관 및 독서카페 도서 구매,제28보병사단,GSJ종합상사
45419,(긴급) 필라멘트 울템용 1종,해군군수사령부,동진상사
45464,실린더 버터플라이 밸브 등 39종,공군군수사령부,중앙기업
45519,"스프레이 접착제 등 42품목 구매(248, 249, 254, 255)",해군제1수리창,동해상사
45613,21-덕-원두커피 머신 구매,제9691부대,유진시스템
45675,5%포도당 생리식염수 등 84종(의약품),제7001부대,주식회사 한서팜
45683,경축특식(신정) 핫바 구매,육군제7789부대,농업회사법인 행복 주식회사
45684,샌드위치판넬 등 10품목 구매(21-23),해군제1수리창,크로바상사
45687,K9자주포 스프링 등 9종 구매,육군종합정비창,케이제이파트
45689,155MM곡사포 스프링 2종 구매,육군종합정비창,현대정밀가스켓
45691,00부대 민간위탁 급식시설 용역계약,육군훈련소,주식회사 풀무원푸드앤컬처
45715,드레싱폼 등 2품목 구매(의무),육군군수사령부,희현코퍼레이션
45743,필라멘트 울템용 카트리지 등 3종,해군군수사령부,주식회사 대경코리아
45813,21-공-스프레이 부스(도장용) 제조,국군재정관리단,(주)오토기기
45829,국군의날 경축특식 초코케익,제3군수지원여단,아주상사
45830,국군의날 경축특식 콜라,제3군수지원여단,주현상사
45847,경축특식(성탄절) 마카롱 구매,육군제7789부대,(주)조이푸드
45925,(긴급)스프링 링 등 2종,해군군수사령부,문구라인 현대
45960,병영도서관 및 독서카페 도서구매,육군 탄약지원사령부,투원코리아
46093,(216282-E)밀폐형 대형 튀김기 구매설치,국군재정관리단,주식회사 범만테크
46148,21-347 도시락 5칸 등 7품목,공군교육사령부,대광산업
46186,김치냉장고 등 5종 구매,해군사관학교,대광산업
46195,추석 경축특식 티라미슈,제3군수지원여단,주식회사술이홀제과
46202,쌀(백미) 10kg 700포 구매,해군 기동함대사령부,예랑스토어
46214,스낵 인문학 등 394종 구매,해군교육사령부,주식회사 예린
46216,21년 병영도서관 및 독서카페 도서 구매(r),제8기동사단,소영프로젝트
46325,21년 생도 59기 피복(뱃지 및 학년장류) 구매,육군3사관학교,삼성교재사
46326,21년 생도 59기 피복(예식용품류) 구매,육군3사관학교,제일 몰
46346,'21년 부대조달 후식(바나나) 구매,5군수지원사령부,제이에이치(JH)
46359,"(긴급)밸브, 스프링용 등 9종",해군군수사령부,주식회사 템솔
46362,부식방지제 등 23종 구매,해군군수사령부,에코플루이드
46366,"붕대,외과용(스프린트10CM(4인치)) 등 6항목 구매",육군군수사령부,주식회사 천화
46376,21년 국군의 날 경축특식(마카롱) 제조,5군수지원사령부,주식회사 씨케이하우스
46396,'21년 추석 경축특식(떠먹는 케익 티라미수맛) 구매,제2군수지원여단,주식회사 푸드코아
46420,체력단련장 두절건새우 등 144종 구매,제8385부대,청아철물설비
46431,'21년 추석 경축특식(조각케이크),제 2167부대,장가네제과
46440,'21년 추석 경축특식 훈제닭다리 계약,제1군수지원사령부,한양제너럴푸드
46444,21-해-오리발 구매,국군재정관리단,미로유통
46496,미래형 취사식당 시범운영 식자재 구매(단가계약),제1보병사단,주식회사 현대그린푸드
46500,21-325 도시락 5칸 등 7품목,공군교육사령부,주식회사 태촌실업
46506,'21년 추석 경축특식(냉동조각케이크) 제조,5군수지원사령부,주식회사술이홀제과
46523,롤러카페트 등 347종 구매,해군군수사령부,햇임이상사
46557,핸드스프레이 등 47종,해군 기동함대사령부,티에스 상사
46563,'21년 국군의날 경축특식 마카롱 계약,제1군수지원사령부,장가네제과
46636,파병부대 배추김치 등 36품목 제조 구매,육군군수사령부,(주) 자연에프엔에스
46652,고추장고기볶음 등 22품목 구매,연평부대,(주)일화
46683,'21년 영내자용 떡 및 케이크 구매계약,제7보병사단,동광푸드
46685,파병부대 굴소스 등 47품목 구매,육군군수사령부,명성
46689,'21년 국군의날 경축특식(에그타르트),제 2167부대,장가네제과
46693,병영도서관 및 독서카페 도서구입,제17보병사단,케이이에스
46715,멸균드레싱밴드 등 99품목 구매(의무),육군군수사령부,일조약품
46719,일회용 도시락 용기 등 2종 구매 납품,제9227부대,승현산업
46814,구이용삼겹살 등 7종 구매,제9911부대,주식회사 교성
46845,생수 등 8종 구매,해군사관학교,주식회사 우영물산
46931,광복절 경축특식 냉동슈크림,제3군수지원여단,앤줄라이
46964,잠수함(SS-II) DC220V 육전 케이블 및 관통구 정비,해군군수사령부,주식회사 토탈마린솔루션
46972,'21년 광복절 경축특식(마카롱),제2군수지원여단,주식회사 씨케이하우스
46973,경축특식 제헌절(추석),육군제7789부대,주식회사 씨케이하우스
46974,'21년 부식 재포장재료 구매,제 2167부대,엠케이유통
46975,'21년 광복절 경축특식(마카롱),제 2167부대,주식회사 씨케이하우스
46997,해군회관 생삼겹살 등 3종 구매,제8385부대,금성상사
47064,두부진찰등 등 4항목 구매(의무),육군군수사령부,동명상사
47105,체력단련장 식자재 가지 등175품목 구매,제9691부대,(주)이브릿지
47111,격리자용 도시락 용기 구매,제9196부대,제원솔루션
47166,(도서)커피인문학 등 232종 구매,해군작전사령부,동하툴
47180,'21년 제헌절 경축특식(아이스롤케익) 구매,제2군수지원여단,영베이커리
47219,[복지대대] 영외자 식당 식자재 구매,공군제1전투비행단,(주)아워홈호남영업소
47265,'21년 경축특식 광복절 마카롱 계약,제1군수지원사령부,장가네제과
47305,DDH-II 전용 육전케이블 조립체 구매,해군 기동함대사령부,주식회사 화인디펜스
47347,"리셉터클, 육전연결용 등 28종",해군제3함대사령부,마이크로트렌드
47352,깐풍기 구매,해군군수사령부,류홀마트(합포점)
47415,21년 3사교 하반기 생도 증식(돼지등뼈 등 99개 품목),육군3사관학교,재연종합식품
47418,21년 병영도서관 및 독서카페 도서 구매,제25보병사단,아이티씨(주)
47441,[복지대대] 장교 간부식당 김치 제조 구매,공군제1전투비행단,주식회사 하루식품
47450,함박스테이크 소용량 구매,해군군수사령부,주식회사 류홀마트
47455,라면조리기 등 3종 구매,제5738부대,크라운유통
47456,떡갈비 소용량 구매,해군군수사령부,주식회사 류홀마트
47459,라면조리기 구매,제8385부대,금성상사
47466,소형김치냉장고 등 4종,제2002부대,체리유통
47473,"스프링,지지용",지상공통전력운영계약팀,동광정밀
47494,자주포 스프링류,지상공통전력운영계약팀,태한주식회사
47523,21-22 국군복지단 식자재 구매,국군복지단,삼성웰스토리 주식회사
47545,라면조리기 구매,해군사관학교,경북상사
47561,인버터회로조립체 구매,해군군수사령부,국제전기
47564,식자재 통합구매,특수전사령부,삼성웰스토리 주식회사
47590,8채널 시리얼 1종 구매,해군군수사령부,서광전자
47663,21년 식자재 재포장재료 구매,제1군수지원사령부,오케이스카시
47669,과학화경계시스템 물품(치킨넷) 구매,제9보병사단사령부,휴먼팩토리
47679,"(긴급) 양극,전류용,음극방어 부식방지용 등 5종 구매",해군군수사령부,소망상사
47685,[복지대대] 김치 제조 구매,공군제1전투비행단,(주)이씨네식품
47722,'21년 부식 재포장재료(아이스박스 등 6종) 구매,제2군수지원여단,드림산업
47736,'21년 광복절 경축특식(조각케이크),제 2167부대,영베이커리
47772,콜라 등 8종 구매,제9911부대,주식회사 대평
47773,슬라이스치즈 등 73종 구매,제9911부대,주식회사 제이에프
47799,21-자유형 단조햄머 구매,국군재정관리단,블레스
47814,(기동) 5톤차량 판스프링등 2종구매,육군종합정비창,삼강운수
47844,라면조리기 등 3종 구매,제7001부대,구룡
47895,제헌절 경축특식 마카롱,제3군수지원여단,주식회사술이홀제과
47902,플라스틱 도시락 용기 등 4종 구매 납품,제9227부대,지만상사
47937,라면조리기 등 3종 구매,해군작전사령부,달인시스템
47968,라면조리기 2EA 구매,제9121부대,주광유통
47972,전투부식(감자탕 등 16품목) 구매,제9해병여단,오도유통
48018,21년 군마 톱밥(펠릿) 구매,육군사관학교,주식회사 에치이시스템
48041,라면조리기,제2002부대,영광상사
48042,라면조리기 등 2종 구매,제9911부대,태영
48119,'21년 제헌절 경축특식(핫바세트),5군수지원사령부,장가계
48173,라면조리기 8EA 구매,해군제3함대사령부,수연테크
48201,'21년 부대조달 제헌절 경축특식 콜라 구매,제1군수지원사령부,제이앤제이
48202,'21년 부대조달 제헌절 경축특식 핫바 구매,제1군수지원사령부,농업회사법인 행복 주식회사
48208,'21년 부대조달 제헌절 경축특식 콜라 구매,제1군수지원사령부,제이앤제이
48209,'21년 부대조달 제헌절 경축특식 핫바 구매,제1군수지원사령부,농업회사법인 행복 주식회사
48213,21-05-170 도시락 5칸 등 7 품목,공군교육사령부,으뜸컨설팅
48221,고기만두 구매,해군군수사령부,지(g)-마트
48224,김치만두 구매,해군군수사령부,지(g)-마트
48230,제헌절 경축특식 콜라,제3군수지원여단,장가계
48239,다목적 세정제(산도깨비) 등 12종,해군 기동함대사령부,KOREA종합상사
48243,완제품 김치류 구매,공군교육사령부,(주)신세대푸드
48274,K9자주포 스프링 구매,육군종합정비창,티케이(T.K)테크
48322,'21년 부대조달 후식(바나나),제 2167부대,에이알그룹 주식회사
48349,'21년 광복절 경축특식(마카롱),5군수지원사령부,주식회사술이홀제과
48365,도서(아몬드 등 66종) 구매,제5738부대,광장서점문구
48378,"밸브, 버섯형, 엔진용 등 17종 구매",해군군수사령부,제일테크
48396,21-해-스프레이부스 등 6종 제조설치,국군재정관리단,신우코스텍(주)
48438,소스코드 취약점 진단체계 교체(218061-A),국군재정관리단,주식회사한국픽셀
48441,21년 병사식당 부식(조미료 및 자율부재료) 구매,공군제11전투비행단,푸른샘
48459,불닭마요덮밥 등 13종,해군 기동함대사령부,주식회사 진우전자
48480,'21년 부대조달 부식용 재포장재료 구매,육군제7789부대,구구컴퍼니
48498,공군 전장망 소스코드 취약점분석체계 교체사업,국군재정관리단,(주)네오플러스
48581,양념분쇄기 등 3종 구매,해군군수사령부,글리터캐슬
48601,김치냉장고 10EA 구매,해군 기동함대사령부,주광유통
48615,21-Y-복지회관 식자재 구매,연평부대,예인
48799,상무대 장거리 이동 특기병 도시락 제조납품(2차),육군포병학교,(주)현대푸드시스템
48811,'21년 부대조달 후식(생수),5군수지원사령부,한샘유통 주식회사
48829,21-04-140 PP스프링노트 등 5 품목,공군교육사령부,이트렌드
48840,펄프 도시락 용기 구매 납품,제9227부대,문경스포츠(체육사)
48874,바나나,제3군수지원여단,주식회사세원유니텍스
48901,도시락 용기 세트 구매,해군작전사령부,영화상사
48907,"밸브, 버섯형, 엔진용 등 33종 구매",해군군수사령부,푸름
48976,석가탄신일 경축특식 핫바세트,제3군수지원여단,주식회사 성지물류
48983,친환경 일회용 도시락용기 세트 구매,제22보병사단,씨원
49016,일회용 도시락 용기 등 2품목,제9181부대,주식회사 공후
49027,'21년 구명식량 구매,해군군수사령부,구구컴퍼니
49066,'21-1차 1회용 도시락용기 구매,제 2167부대,주식회사 에드벨류
49071,부식 재포장재료,제3군수지원여단,티제이엠
49108,충전햄머드릴 등 3항목 구매(궤도공구),육군군수사령부,남양부직포(주)
49163,체력단련장 운영용 주류 구매,육군인사사령부,동산주류상사 주식회사
49195,순살꼬막통조림 등 33종 구매,제9911부대,예원
49197,K1전차 스프링 구매,육군종합정비창,오승산업
49200,정맥주사실습모형 등 8종,국군의무학교,주식회사 제이엠메디칼
49281,석가탄신일 경축특식 콜라,제3군수지원여단,찬스코퍼레이션
49322,파병부대 통조림 등 27품목 구매,육군군수사령부,에스앤제이 엔지니어
49331,'21년 특수수술재료(생물학적 드레싱류(1)) 구매,국군의무사령부,더윈메디
49343,군만두 구매,해군군수사령부,에코
49439,생수,제3군수지원여단,주식회사 엄지식품
49482,"21년 영내자 증식(떡, 케이크) 제조납품",수도방위사령부,사군자식품
49497,21- 기타특수임무피복류 [특수요원 작전복],국군재정관리단,두진양행(주)
49507,스프러스 각재 등 23종 구매,해군교육사령부,주식회사 휴콤
49533,스프링류,지상공통전력운영계약팀,티케이(T.K)테크
49626,`21년 생일특식(쌀 케이크) 제조납품,제8기동사단,연푸드
49627,`21년 영내자 증식(떡) 제조납품,제8기동사단,연푸드
49665,"가열기,수중식,액체연료연소식 1종 구매",해군군수사령부,윤테크
49682,주사처치용 미니밴드 1항목 구매(의무),육군군수사령부,제이엠케이
49686,'21년 독수리회관 농산물 102종 구매,공군작사근무지원단,경기모아상사
49701,'21년 부처님오신날 경축특식(떠먹는 케이크),5군수지원사령부,주식회사 푸드코아
49726,21년 바나나 구매,제2군수지원여단,산이 비즈
49727,21년 생수(먹는샘물)구매,제2군수지원여단,(주)사조대림
49732,"흉장, 휘장 및 비행피복 계급장류",공군군수사령부,주식회사 플라이쿱
49753,'21년 환자치료식 부·후식 및 증식 구매,국군의무사령부,주식회사 대선에프에스
49798,원형샌드사포 등 153종 구매,육군종합정비창,주식회사 성우
49799,병사식당 부식(조미료 및 부재료) 공급 계약,공군제5공중기동비행단,주식회사 신세화에프앤에스
49803,정맥주사 패드 12EA,국군의무학교,주식회사 에스티에스
49841,'21년 생수 구매,제 2167부대,풀무원샘물(주)
49864,`21년 영내자 증식용 떡 및 생일자 케이크 납품계약,제5767부대,동광푸드
49865,`21년 영내자 증식 떡 및 생일자케이크 구매,제1288부대,동광푸드
49868,’21년 영내자용 떡 및 케이크 구매,제15보병사단,동광푸드
49895,계란 등 146종 구매,제9911부대,주식회사 마이샵클라우드
49927,이온음료(1형) 구매,해군군수사령부,삼진유통
49961,조미료(연두 등 19종) 구매,국방부계룡대근무지원단,드림으뜸상사
49975,"21년 하늘, 은마회관 김치 구매",공군제5공중기동비행단,(주) 자연에프엔에스
49981,쌀 햄버거빵 등  22품목 구매,연평부대,디에스케이글로넷 주식회사
49996,공구현미경 1품목 구매,해군군수사령부,엠제이엠
50016,21년 부대조달 후식(생수),육군제7789부대,주식회사 푸드머스
50017,21년 부대조달 후식(바나나),육군제7789부대,주식회사 홍진엔아이
50034,21년 영내증식용 떡 및 샐일자 쌀케이크 구매,제2236부대,동광푸드
50035,21년 영내자 증식용 떡 및 케이크 제조납품,제3공병여단,농업회사법인주식회사 시루와 떡메
50039,탁구대 등 9종(인사과 체력단련용품),제7001부대,나우통상
50054,'21년 부대조달 후식 컵형아이스크림 구매,제1군수지원사령부,주식회사 농협물류
50055,일회용 도시락 용기 등 4종 구매 납품,제9227부대,포더리치
50096,정맥주사 팔 모형,국군의무학교,주식회사 제이엠메디칼
50107,실린더 버터플라이 밸브 등 39종,공군군수사령부,대경상사
50137,21-002 영내자증식(떡),공군교육사령부,주식회사 참진주로컬푸드 농업회사법인
50173,소시지,제3군수지원여단,청윤
50183,21-리치트럭 4set 구매,국군재정관리단,주식회사보승글로벌
50199,떡라면 등 85품목 구매,연평부대,신송식품(주)천안공장
50200,게맛살 등 56품목 구매,연평부대,(주)동진푸드
50201,순두부 등 4품목 구매,연평부대,성도교역
50202,무배추김치(김장) 등 9품목 제조,연평부대,주식회사 토속
50203,사과 등 10종 구매,제9911부대,푸른에스씨
50232,떠먹는 발효유,제3군수지원여단,주식회사 주경
50235,21년 생일자 쌀 케이크 제조납품,육군사관학교,사군자식품
50239,21년 생일자 쌀 케이크 제조납품,육군사관학교,사군자식품
50241,21년 병사식당 조미료 및 자율부재료 구매,공군제19전투비행단,(주)진영씨엔씨
50242,"21년 하늘, 은마회관 식자재 구매",공군제5공중기동비행단,(주) 현대그린푸드  영남센터
50254,멸균딸기우유 등 4종 구매,제9911부대,지지클린
50273,"21-022, 복지대대, 조림간장 등 89품목",공군 제8전투비행단,아이푸드
50308,짜먹는 젤리,제3군수지원여단,유림상사
50309,마시는 발효유,제3군수지원여단,(주)윙넷
50310,팥빙수,제3군수지원여단,송도컴퍼니
50380,과일푸딩,제3군수지원여단,세정테크
50381,커피,제3군수지원여단,초코인터내셔널 주식회사
50421,포제계급장 및 병과휘장류,공군군수사령부,중앙에이앤비
50475,21년 영내자 증식 떡 제조납품,육군사관학교,주식회사 찰떡궁합
50476,'21년 부대조달 후식 구매(콜라),제 2167부대,주식회사 동영상사
50490,포기김치 등 2종 구매,제9911부대,농업회사법인 유한회사 일품김치
50492,'21년 부대조달 후식 구매(혼합견과),제 2167부대,미가온
50493,'21년 부대조달 후식 구매(맛밤),제 2167부대,(주)다남정보통신
50494,'21년 부대조달 후식 구매(과일푸딩),제 2167부대,미가온
50495,'21년 부대조달 후식 구매(초콜릿),제 2167부대,예인유통
50496,'21년 부대조달 후식 구매(초코바),제 2167부대,에그존&샌드베이 칠원점
50497,'21년 부대조달 후식 구매(워터젤리),제 2167부대,진테크
50498,'21년 부대조달 후식 구매(토핑요거트),제 2167부대,주식회사 스틸라인
50499,'21년 부대조달 후식 구매(짜먹는 발효유),제 2167부대,제스트에프앤지 주식회사
50500,'21년 부대조달 후식 구매(마시는 발효유),제 2167부대,주식회사 하이푸드텍
50501,'21년 부대조달 후식 구매(떠먹는 발효유),제 2167부대,순식품
50502,'21년 부대조달 후식 구매(팥빙수),제 2167부대,모아테크
50503,'21년 부대조달 후식 구매(컵형 아이스크림),제 2167부대,케이무역
50504,'21년 부대조달 후식 구매(팩형 아이스크림),제 2167부대,주식회사 한길파트너스
50505,'21년 부대조달 후식 구매(샌드형 아이스크림),제 2167부대,주식회사 와이즈
50506,'21년 부대조달 후식 구매(콘형 아이스크림),제 2167부대,주식회사 아이케이오
50507,'21년 부대조달 후식 구매(커피),제 2167부대,(주)한일코리아
50508,'21년 부대조달 후식 구매(비타민음료),제 2167부대,주식회사 기현식품
50509,'21년 부대조달 후식 구매(과일탄산),제 2167부대,주식회사 세모통상
50510,'21년 부대조달 후식 구매(식혜),제 2167부대,메이트코리아
50511,'21년 부대조달 후식 구매(쌀음료),제 2167부대,기본(The Gibbon)
50512,'21년 부대조달 후식 구매(이온음료),제 2167부대,(유)목양
50513,'21년 부대조달 후식 구매(사이다),제 2167부대,주식회사 동영상사
50531,2021년 영내자 부식 물품구매 계약의뢰,공군교육사령부,(주) 현대그린푸드  영남센터
50532,영양바,제3군수지원여단,주식회사 한스푸드
50533,짜먹는 발효유,제3군수지원여단,수아엔젤
50538,(217009-E)특수수술재료(생물학적 드레싱류(2))구매,국군재정관리단,주식회사 정현
50544,자율운영 부식(가스오부시 등 222종) 구매,자운대근무지원연대,주식회사 유노미아
50570,과채주스,제3군수지원여단,매일우유 혁신대리점
50571,샌드형 아이스크림,제3군수지원여단,수아엔젤
50572,콘형 아이스크림,제3군수지원여단,해피스톤
50573,컵형 아이스크림,제3군수지원여단,주식회사 소셜공감
50577,창상드레싱 1항목 구매(의무),육군군수사령부,타임리스(TIMELESS)
50605,세미트레일러 제조구매,국방부계룡대근무지원단,유엘피 주식회사
50635,스프링 와샤 등 40항목 구매(일장),육군군수사령부,대화ENG
50646,병사식당 조미료 및 자율부재료/부식 구매,공군제17전투비행단,청주나누리장애인보호작업장
50649,바나나맛 우유,제3군수지원여단,주식회사 신세계푸드
50650,반건조 고구마,제3군수지원여단,주식회사 디엠파워
50651,팩형 아이스크림,제3군수지원여단,주식회사 엔에이치
50653,바나나맛 우유,제3군수지원여단,주식회사 신세계푸드
50654,딸기맛 우유,제3군수지원여단,주식회사 에스피씨삼립
50671,2021 증식용 떡 및 생일자 쌀케이크 계약,제5925부대,농업회사법인주식회사 시루와 떡메
50675,미니윈치 등 273품목 구매,제9196부대,위드리테일
50681,'21년 부대조달 후식 스트링치즈 구매,제1군수지원사령부,아름상사
50721,수산화 칼륨 등 13항목 구매(물자),육군군수사령부,협성산업사
50727,철제 병과휘장류,공군군수사령부,상신비앤비
50731,"필라멘트, 파란색 등 8종",공군군수사령부,조아텍(JOA)
50746,파병부대 재보급물자(배추김치 등 8종) 제조,육군군수사령부,(주)한일코리아
50764,'21년 영내자후식 튜브형아이스 구매,제2군수지원여단,아이티씨(주)
50765,'21년 영내자후식 짜먹는발효유 구매,제2군수지원여단,모아상사
50766,'21년 영내자후식 젤리 구매,제2군수지원여단,서울유통
50767,'21년 영내자후식 워터젤리 구매,제2군수지원여단,에스제이
50768,'21년 영내자후식 식혜 구매,제2군수지원여단,경기상사
50770,'21년 영내자후식 견과류 구매,제2군수지원여단,더 푸른
50771,'21년 영내자후식 과일푸딩 구매,제2군수지원여단,블루문
50772,'21년 영내자후식 팩형 아이스,제2군수지원여단,새물결
50780,(21-16) 입형온수기름보일러 등 51종 구매,공군제10전투비행단,개팔
50787,21년 부대조달후식(과일바) 구매,5군수지원사령부,원남메디칼 주식회사
50788,21년 부대조달후식(과일푸딩) 구매,5군수지원사령부,주식회사 푸드나무
50789,21년 부대조달후식(과채주스) 구매,5군수지원사령부,(주)비락
50790,21년 부대조달후식(떠먹는 발효유) 구매,5군수지원사령부,(주)씨알푸드
50791,21년 부대조달후식(떠먹는 토핑형 발효유) 구매,5군수지원사령부,주식회사 제이에프
50792,21년 부대조달후식(마시는 발효유) 구매,5군수지원사령부,(주)상보기업
50793,21년 부대조달후식(짜먹는 발효유) 구매,5군수지원사령부,(주)상일기업
50794,21년 부대조달후식(워터젤리) 구매,5군수지원사령부,주식회사 매사
50795,21년 부대조달후식(반건조 고구마) 구매,5군수지원사령부,풀무원식품 주식회사
50796,21년 부대조달후식(초콜릿) 구매,5군수지원사령부,(학) 연세대학교
50797,21년 부대조달후식(이온음료) 구매,5군수지원사령부,한샘유통 주식회사
50798,21년 부대조달후식(콘형 아이스크림) 구매,5군수지원사령부,주식회사 유니메인
50799,21년 부대조달후식(컵형 아이스크림) 구매,5군수지원사령부,(학)건국대학교건국유업.건국햄
50800,21년 부대조달후식(샌드형 아이스크림) 구매,5군수지원사령부,대신로지스틱스 주식회사
50801,21년 부대조달후식(팥빙수) 구매,5군수지원사령부,(주)이브릿지
50802,21년 부대조달후식(팩형 아이스크림) 구매,5군수지원사령부,롯데웰푸드 주식회사
50803,21년 부대조달후식(바나나맛 우유) 구매,5군수지원사령부,롯데웰푸드 주식회사
50804,21년 부대조달후식(탄산음료) 구매,5군수지원사령부,(주)팔도
50805,21년 부대조달 후식(콘형 아이스크림),육군제7789부대,주식회사일광
50815,'21년 영내자후식 커피캔형 구매,제2군수지원여단,지준
50816,'21년 영내자후식 콘형아이스 구매,제2군수지원여단,마루마루
50817,'21년 영내자후식 메론맛우유 구매,제2군수지원여단,한국유통
50818,'21년 영내자후식 샌드형아이스 구매,제2군수지원여단,신화피앤씨
50819,'21년 영내자후식 과일맛소다 구매,제2군수지원여단,함초롬
50821,'21년 영내자후식 사이다 구매,제2군수지원여단,하나상사
50822,'21년 영내자후식 콜라 구매,제2군수지원여단,세진상사
50823,'21년 영내자후식 이온음료 구매,제2군수지원여단,주식회사 토속
50824,'21년 영내자후식 떠먹는발효유 구매,제2군수지원여단,닻별컴퍼니
50825,'21년 영내자후식 초코렛구매,제2군수지원여단,주식회사 석호
50826,21년 부대조달 후식(워터젤리),육군제7789부대,주식회사 지비파트너스
50827,21년 부대조달 후식(과일젤리),육군제7789부대,래이컴퍼니
50829,21년 부대조달 후식(초콜렛),육군제7789부대,에이치엠
50830,21년 부대조달 후식(우유에타먹는 분말),육군제7789부대,주식회사 번창디앤피
50831,21년 부대조달 후식(토핑 발효유),육군제7789부대,재명글로벌
50832,21년 부대조달 후식(짜먹는 발효유),육군제7789부대,(주)파르마코리아
50833,21년 부대조달 후식(떠먹는 발효유),육군제7789부대,한솔조경&청소용역
50834,21년 부대조달 후식(에이드),육군제7789부대,(주)서울식품
50835,21년 부대조달 후식(커피(컵형)),육군제7789부대,주식회사 일신웰스
50836,21년 부대조달 후식(사이다),육군제7789부대,삼성기전 주식회사
50837,21년 부대조달 후식(콜라),육군제7789부대,아름상사
50838,'21년 부대조달 후식(팩형 아이스크림),육군제7789부대,롯데푸드 주식회사
50839,'21년 부대조달 후식(컵형 아이스크림),육군제7789부대,주식회사 엘엑스판토스
50840,21년 부대조달 후식(반건조고구마),육군제7789부대,(주)서울식품
50841,21년 부대조달 후식(마시는 발효유),육군제7789부대,미가온
50842,21년 부대조달 후식(이온음료),육군제7789부대,(주)다남정보통신
50843,21년 부대조달 후식(바나나맛우유),육군제7789부대,대신로지스틱스 주식회사
50844,21년 부대조달 후식(팥빙수),육군제7789부대,주식회사 에스에스피앤디
50845,21년 부대조달 후식(샌드형 아이스크림),육군제7789부대,주식회사 엔에이치
50861,'21년 영내자후식(마시는발효유)구매,제2군수지원여단,(주)태진지엔에스
50884,'21년 영내자후식(맛밤)구매,제2군수지원여단,(주) 현대그린푸드
50885,'21년 영내자후식(바나나맛우유)구매,제2군수지원여단,풀무원식품 주식회사
50886,'21년 영내자후식(떠먹는발효유 토핑)구매,제2군수지원여단,(주)다남정보통신
50887,'21년 영내자후식(컵형아이스)구매,제2군수지원여단,(주)동심
50911,급식유통센터 관급자재(고강도콘크리트말뚝),수도군단,농업회사법인(주)푸른샘
50921,전산운영용품(광컨버터 등 34종) 구매,해군본부,주식회사 티에스
50963,'21년 간부식당 식자재 구매,국방부계룡대근무지원단,한샘유통 주식회사
51008,영내자증식용 떡 및 생일자 쌀케이크 제조납품,제2군단,동광푸드
51009,영내자증식용 떡 및 생일자 쌀케이크 제조납품,제2군단,동광푸드
51058,광성회관 식자재 및 소모품 구매,공군제11전투비행단,(주) 현대그린푸드  영남센터
51062,코티드샌드 구매,육군종합정비창,삼일이화학상사
51075,미니롤러 등 49종 구매,육군종합정비창,주식회사 창원상사
51099,압력밥솥 등 88품목 구매,연평부대,바이제이솔루션
51117,K9자주포 스프링등3종 구매,육군종합정비창,진광사
51150,'21년 3ㆍ1절 경축특식(마카롱),제 2167부대,주식회사 해나람
51156,등심새우롤 만두 구매,해군군수사령부,주식회사 류홀마트
51157,프레스햄 통조림 구매,해군군수사령부,행복유통
51160,까스활명수 등 100종 구매,제9911부대,주식회사 서경약품
51171,'21년 석가탄신일 경축특식(조각케이크),제 2167부대,(주)닥터브레드
51172,21년 영내자 증식용 떡 및 생일자 특식용 케이크 계약,제1862부대,동광푸드
51173,21년 영내자 증식용 떡 및 생일자 특식용 케이크 계약,제1862부대,동광푸드
51175,21년 영내자 증식용 떡 및 생일자 특식용 케이크 계약,제1862부대,동광푸드
51176,체인클립스프링 등 106종 구매,육군종합정비창,세진파트
51178,3.1절 경축특식 커피,제3군수지원여단,아르테지오
51179,3.1절 경축특식 초코케익,제3군수지원여단,영베이커리
51192,21년 영내자 증식용 떡 및 생일자 특식용 케이크 계약,제1862부대,동광푸드
51193,21년 영내자 증식용 떡 및 생일자 특식용 케이크 계약,제1862부대,동광푸드
51194,'21년 부대조달 후식 워터젤리 구매,제1군수지원사령부,주식회사일광
51195,'21년 부대조달 후식 초코렛 구매,제1군수지원사령부,해태제과식품(주)
51196,'21년 부대조달 후식 과일푸딩 구매,제1군수지원사령부,주식회사 동방푸드마스타
51197,'21년 부대조달 후식 생과일바 구매,제1군수지원사령부,(주)이브릿지
51198,'21년 부대조달 후식 팥빙수 구매,제1군수지원사령부,주식회사 코주부비앤에프 (B&F)
51199,'21년 부대조달 후식 콘형아이스크림 구매,제1군수지원사령부,주식회사 에스피씨삼립
51200,'21년 부대조달 후식 떠먹는토핑발효유 구매,제1군수지원사령부,(주)다남정보통신
51201,'21년 부대조달 후식 떠먹는발효유 구매,제1군수지원사령부,株式會社 森雅인터내셔날
51202,'21년 부대조달 후식 마시는발효유 구매,제1군수지원사령부,주식회사 푸드나무
51203,'21년 부대조달 후식 생수 구매,제1군수지원사령부,롯데칠성음료(주)
51204,'21년 부대조달 후식 커피 구매,제1군수지원사령부,주식회사 에스디생명공학
51205,'21년 부대조달 후식 에이드 구매,제1군수지원사령부,(주)상일기업
51206,'21년 부대조달 후식 비타음료 구매,제1군수지원사령부,주식회사 유니메인
51207,'21년 부대조달 후식 탄산음료 구매,제1군수지원사령부,롯데지알에스 주식회사
51208,'21년 부대조달 후식 이온음료 구매,제1군수지원사령부,성도교역
51209,'21년 부대조달 후식 식혜 구매,제1군수지원사령부,풀무원샘물(주)
51211,'21년 부대조달 후식 샌드형아이스크림 구매,제1군수지원사령부,풀무원샘물(주)
51212,'21년 부대조달 후식 짜먹는발효유 구매,제1군수지원사령부,주식회사 신라명과
51217,'21년 부대조달 후식 팩형아이스크림 구매,제1군수지원사령부,대신로지스틱스 주식회사
51218,'21년 부대조달 후식 워터젤리 구매,제1군수지원사령부,주식회사일광
51219,'21년 부대조달 후식 초코렛 구매,제1군수지원사령부,해태제과식품(주)
51220,'21년 부대조달 후식 과일푸딩 구매,제1군수지원사령부,주식회사 동방푸드마스타
51221,'21년 부대조달 후식 생과일바 구매,제1군수지원사령부,(주)이브릿지
51222,'21년 부대조달 후식 팥빙수 구매,제1군수지원사령부,주식회사 코주부비앤에프 (B&F)
51223,'21년 부대조달 후식 콘형아이스크림 구매,제1군수지원사령부,주식회사 에스피씨삼립
51224,'21년 부대조달 후식 떠먹는토핑발효유 구매,제1군수지원사령부,(주)다남정보통신
51225,'21년 부대조달 후식 떠먹는발효유 구매,제1군수지원사령부,株式會社 森雅인터내셔날
51226,'21년 부대조달 후식 마시는발효유 구매,제1군수지원사령부,주식회사 푸드나무
51227,'21년 부대조달 후식 생수 구매,제1군수지원사령부,롯데칠성음료(주)
51228,'21년 부대조달 후식 커피 구매,제1군수지원사령부,주식회사 에스디생명공학
51229,'21년 부대조달 후식 에이드 구매,제1군수지원사령부,(주)상일기업
51230,'21년 부대조달 후식 비타음료 구매,제1군수지원사령부,주식회사 유니메인
51231,'21년 부대조달 후식 탄산음료 구매,제1군수지원사령부,롯데지알에스 주식회사
51232,'21년 부대조달 후식 이온음료 구매,제1군수지원사령부,성도교역
51233,'21년 부대조달 후식 식혜 구매,제1군수지원사령부,풀무원샘물(주)
51235,'21년 부대조달 후식 샌드형아이스크림 구매,제1군수지원사령부,풀무원샘물(주)
51236,'21년 부대조달 후식 짜먹는발효유 구매,제1군수지원사령부,주식회사 신라명과
51256,단호박샐러드 구매,해군군수사령부,지(g)-마트
51284,면역력 증진(석류 젤리) 구매,해군제3함대사령부,동원샘물유통
51301,수육용돼지고기 등 8종 구매,제8385부대,(주)상일기업
51302,이온음료 등 95종 구매,제8385부대,주식회사 엔미디어솔루션
51306,"21년 영내자증식(떡,쌀케이크) 제조납품",제3697부대,주식회사 찰떡궁합
51307,21년 예비군 도시락 제조납품(2권역),제55보병사단,주식회사 비에스에프앤씨
51336,21년 학군(하계) 및 장교후보생 증식(음료) 구매,육군학생군사학교,제이앤제이
51342,떡갈비 구매,해군군수사령부,행복유통
51343,콜라 구매,해군군수사령부,행복유통
51344,이온음료(2형) 구매,해군군수사령부,연우상사
51345,비엔나 소시지 구매,해군군수사령부,푸른샘
51347,사이다 구매,해군군수사령부,행복유통
51348,두유 구매,해군군수사령부,연우상사
51349,매실음료 구매,해군군수사령부,류홀마트(합포점)
51354,함박스테이크 소용량 구매,해군군수사령부,주식회사 류홀마트
51355,떡갈비 소용량 구매,해군군수사령부,주식회사 류홀마트
51356,돈까스 구매,해군군수사령부,韓昌物産 株式會社
51369,조리실습재료(감자전분 등 162종) 구매,해군교육사령부,현대시스템
51371,식초 구매,해군군수사령부,류홀마트(합포점)
51372,오징어튀김 구매,해군군수사령부,삼진유통
51373,보리차 구매,해군군수사령부,삼진유통
51374,떠먹는 발효유 구매,해군군수사령부,행복유통
51375,바나나우유 구매,해군군수사령부,지(g)-마트
51376,멸균딸기우유 구매,해군군수사령부,주식회사 류홀마트
51377,요구르트 구매,해군군수사령부,연우상사
51378,생수 구매,해군군수사령부,연우상사
51379,부대찌개소스 구매,해군군수사령부,삼진유통
51380,데미그라소스 구매,해군군수사령부,류홀마트(합포점)
51381,돈까스 소스 구매,해군군수사령부,삼진유통
51382,마요네즈 구매,해군군수사령부,연우상사
51383,스파게티소스 구매,해군군수사령부,주식회사 류홀마트
51384,까나리액젓 구매,해군군수사령부,주식회사 류홀마트
51385,멸균초코우유 구매,해군군수사령부,핸드메이드 초대점
51386,멸치 분말가루 구매,해군군수사령부,핸드메이드 초대점
51388,치즈스틱 구매,해군군수사령부,삼진유통
51398,삼일절 경축특식 구매(아이스조각 케익),육군제7789부대,장가네제과
51404,콜라 등 42종,제2002부대,올퍼블릭
51409,미소된장 구매,해군군수사령부,에코
51410,돼지불고기 양념 구매,해군군수사령부,삼진유통
51411,소불고기 양념 구매,해군군수사령부,삼진유통
51412,쇠고기 분말가루 구매,해군군수사령부,주식회사 류홀마트
51413,땅콩분태 구매,해군군수사령부,삼진유통
51414,가쓰오부시 구매,해군군수사령부,주식회사 류홀마트
51415,견과류 구매,해군군수사령부,삼진유통
51416,미향(맛술) 구매,해군군수사령부,삼진유통
51417,백설탕 구매,해군군수사령부,행복유통
51418,카스타드 구매,해군군수사령부,행복유통
51419,황도통조림 구매,해군군수사령부,지(g)-마트
51422,캡사이신소스 구매,해군군수사령부,주식회사 류홀마트
51426,감자튀김 시즈닝 파우더 구매,해군군수사령부,행복유통
51427,버터 구매,해군군수사령부,핸드메이드 초대점
51428,키위드레싱 구매,해군군수사령부,삼진유통
51429,마카로니 구매,해군군수사령부,주식회사 류홀마트
51430,칠리소스 구매,해군군수사령부,삼진유통
51431,오리엔탈드레싱 구매,해군군수사령부,연우상사
51432,데리야끼소스 구매,해군군수사령부,삼진유통
51433,삼색푸실리 구매,해군군수사령부,연우상사
51434,생강분말 구매,해군군수사령부,주식회사 류홀마트
51435,모짜렐라치즈 구매,해군군수사령부,에코
51436,카레가루 구매,해군군수사령부,삼진유통
51437,크림파스타소스 구매,해군군수사령부,연우상사
51438,볶음춘장 구매,해군군수사령부,주식회사 류홀마트
51439,발사믹드레싱 구매,해군군수사령부,에코
51440,양송이스프 구매,해군군수사령부,푸드글로리
51441,매실농축액 구매,해군군수사령부,류홀마트(합포점)
51442,굴소스 구매,해군군수사령부,삼진유통
51452,"21년 환자급식재료(농·축·수산물,공산품 455종)",국군대전병원,(주)진영씨엔씨
51460,전투부식 스팸 등 11품목 구매,제9181부대,비퍼블릭
51469,'21년 경특식 삼일절 훈제닭다리 계약,제1군수지원사령부,농업회사법인 행복 주식회사
51489,'21년 영내자 증식(떡) 제조,육군 제37보병사단,농업회사법인 주식회사 시루와방아
51499,고구마튀김 구매,해군군수사령부,지(g)-마트
51500,칠리새우 구매,해군군수사령부,삼진유통
51501,깐풍기 구매,해군군수사령부,주식회사 류홀마트
51502,야채 고기말이 구매,해군군수사령부,행복유통
51503,단호박튀김 구매,해군군수사령부,강안
51504,야채튀김 구매,해군군수사령부,행복유통
51505,체다슬라이스 치즈 구매,해군군수사령부,주식회사 류홀마트
51506,베이컨 구매,해군군수사령부,주식회사 류홀마트
51507,요거트푸딩 구매,해군군수사령부,농협김치영업소
51508,함박스테이크 구매,해군군수사령부,주식회사 류홀마트
51509,치킨너겟 구매,해군군수사령부,삼진유통
51510,동그랑땡 구매,해군군수사령부,류홀마트(합포점)
51511,냉동콩비지 구매,해군군수사령부,행복유통
51513,핫도그 구매,해군군수사령부,삼진유통
51528,'21년 소청도 부식 구매 납품,제9196부대,주식회사 신라명과
51529,'21년 백령도(기호식품) 구매 납품,제9196부대,성도교역
51531,'21년 백령도(두채류) 구매 납품,제9196부대,(주)한일코리아
51532,'21년 백령도(가공식품) 구매 납품,제9196부대,주식회사 푸르밀
51533,'21년 대청도 부식 구매 납품,제9196부대,롯데웰푸드 주식회사
51534,'21년 백령도(김치류) 제조 납품,제9196부대,(주)한일코리아
51535,'21년 백령도(도서전투부식) 구매 납품,제9196부대,아름상사
51536,떡류 등 22품목 제조 구매,제9181부대,사군자식품
51543,돼지생삼겹살 등 12종 구매,해군군수사령부,주식회사 류홀마트
51544,해쉬포테이토 구매,해군군수사령부,류홀마트(합포점)
51545,냉동유부슬라이스 구매,해군군수사령부,류홀마트(합포점)
51546,냉면육수 구매,해군군수사령부,핸드메이드 초대점
51547,버팔로치킨윙 구매,해군군수사령부,주식회사 류홀마트
51548,게맛살 구매,해군군수사령부,농협김치영업소
51549,포장족발(슬라이스) 구매,해군군수사령부,에코
51551,새우튀김 구매,해군군수사령부,주식회사 류홀마트
51552,냉장염지조각닭 등 13종 구매,해군군수사령부,류홀마트(합포점)
51553,감자튀김 구매,해군군수사령부,핸드메이드 초대점
51554,김말이튀김 구매,해군군수사령부,주식회사 류홀마트
51555,쌈무 구매,해군군수사령부,행복유통
51556,오리훈제(슬라이스) 구매,해군군수사령부,류홀마트(합포점)
51557,생선까스 구매,해군군수사령부,주식회사 류홀마트
51558,재첩국(냉장) 구매,해군군수사령부,주식회사 류홀마트
51559,계란지단채 구매,해군군수사령부,지(g)-마트
51560,"가스자동밥솥,소형 1항목 구매",육군군수사령부,이에스티(EST)
51568,21년 장교후보생 표지장류 제조/부착,육군학생군사학교,한빛금속
51577,멸치고추장볶음 구매,해군군수사령부,지(g)-마트
51578,포장순대(슬라이스) 구매,해군군수사령부,삼진유통
51579,양념시래기 구매,해군군수사령부,에코
51580,땅콩조림 구매,해군군수사령부,지(g)-마트
51581,떡국떡 구매,해군군수사령부,삼진유통
51582,짬뽕양념장 구매,해군군수사령부,주식회사 류홀마트
51583,김자반 구매,해군군수사령부,에코
51587,돼지삼겹살 등 3종 구매,해군군수사령부,하이미트 주식회사
51588,차돌박이(냉동/슬라이스) 등 3종 구매,해군군수사령부,주식회사 엔에이치
51589,LA소갈비(냉동) 등 3종 구매,해군군수사령부,드림유통
51590,생우동 구매,해군군수사령부,삼진유통
51591,실곤약 구매,해군군수사령부,행복유통
51592,감자고로케 구매,해군군수사령부,류홀마트(합포점)
51593,단무지 구매,해군군수사령부,에코
51594,떡볶이떡 구매,해군군수사령부,삼진유통
51595,어채볶음 구매,해군군수사령부,지(g)-마트
51596,절단꽃게 구매,해군군수사령부,삼진유통
51597,냉동피홍합 구매,해군군수사령부,삼진유통
51598,깐메추리알 구매,해군군수사령부,주식회사 류홀마트
51599,진미채볶음,해군군수사령부,농협김치영업소
51600,훈제연어(덩어리/냉동) 구매,해군군수사령부,주식회사 류홀마트
51601,뼈발골 닭다리 정육 구매,해군군수사령부,삼진유통
51602,냉동날치알 구매,해군군수사령부,농협김치영업소
51603,모듬해물 구매,해군군수사령부,주식회사 류홀마트
51604,고구마샐러드 구매,해군군수사령부,지(g)-마트
51605,새우볶음 구매,해군군수사령부,주식회사 류홀마트
51606,훈제연어(슬라이스) 구매,해군군수사령부,삼진유통
51607,씻어나온쌀 구매,해군군수사령부,주식회사 류홀마트
51608,모듬콩조림 구매,해군군수사령부,주식회사 류홀마트
51609,냉동새우 구매,해군군수사령부,삼진유통
51610,감자수제비 구매,해군군수사령부,주식회사 류홀마트
51611,마늘장아찌,해군군수사령부,삼진유통
51613,낙지젓갈 구매,해군군수사령부,삼진유통
51614,명이절임 구매,해군군수사령부,행복유통
51615,명란젓갈 구매,해군군수사령부,에코
51616,무말랭이무침 구매,해군군수사령부,행복유통
51617,깻잎장아찌 구매,해군군수사령부,주식회사 류홀마트
51622,'21년 독수리회관 식자재(공산품 191품목) 구매,공군작사근무지원단,주식회사 부강이엔지
51632,스프링 화일 등 237종 구매,해군제3함대사령부,오피스넥스목포
51633,광성회관 식자재(육류) 구매,공군제11전투비행단,피그패밀리
51634,광성회관 식자재(김치) 구매,공군제11전투비행단,영농조합법인 팔공김치
51639,'21년 경특식 석가탄신일 마카롱 계약,제1군수지원사령부,장가네제과
51644,21년 장거리이동 특기병 도시락 제조구매,육군종합군수학교,(주)비룡푸드
51647,21년 설날 경축특식(냉동조각케이크),5군수지원사령부,장가네제과
51648,'21년 설 경축특식(핫바세트),제 2167부대,(주)서울식품
51654,21-004 도시락 5칸 등 8품목,공군교육사령부,오피스디포사천점
51655,설날 경축특식 티라미슈,제3군수지원여단,대원케익
51663,'21년도 장교간부식당 식자재 계약,공군교육사령부,한샘유통 주식회사
51664,쇠고기스프 등 81종 구매,제9911부대,주식회사 교성
51671,21년 생도증식(건포도 등 156종) 구매,육군사관학교,미가온
51672,21년 삼일절경축특식(핫바)구매,제2군수지원여단,새힘기업
51676,21년 삼일절 경축특식(마카롱),5군수지원사령부,(주)조이푸드
51683,경축특식 삼일절(핫바),육군제7789부대,주현상사
51685,떡류(쑥경단등 4품목) 제조(직접생산업체 대상),제3170부대,주식회사 고수록식품
51692,가자미 등 30종,제7001부대,아라날
51695,닭고기 등  12종,제7001부대,피앤에스
51698,"커피머신(2그룹, 설치포함) 구매",제9911부대,주식회사 양치기소년들
51701,'23년 1~3월 식자재 다수품목 단가계약,제 2167부대,주식회사 현대그린푸드
51706,"'23년 육류계약(장교,토성회관)",제3훈련비행단,미트팜
51707,"'23년 채소및공산품(장교,토성회관)",제3훈련비행단,씨제이프레시웨이 주식회사
51710,"23년도 선수급식(농 수산물,공산품 등 779종)",국군체육부대,다해푸드
51723,23년1월 부대계약(부식)식자재납품,제1862부대,삼성웰스토리 주식회사
51724,23년1월_부대계약_식자재납품(면류),제1862부대,로아푸드
51725,23년1월부대계약식자재납품(식육가공품-미트볼),제1862부대,주식회사 이지웨이
51726,23년1월_부대계약식자재납품(어육가공품),제1862부대,(주)코주부씨앤에프
51727,23년1월_부대계약_식자재납품_식육가공품(햄),제1862부대,파머스 미트
51728,23년1월_부대계약_식자재납품_식육가공품(탕수육),제1862부대,이엠미트
51729,23년1월부대계약식자재납품(식육가공품-소시지),제1862부대,주식회사 에바다
51730,23년1월부대계약식자재납품(식육가공품-불고기패티),제1862부대,도담
51731,23년1월부대계약식자재납품(식육가공품-돈가스),제1862부대,주
51732,23년1월부대계약식자재납품(빵류),제1862부대,주식회사 에바다
51733,23년 1~3월 부대조달 부식(오색모듬어묵) 제조/구매,제 2167부대,(주)해도식품
51734,23년 1~3월 부대조달 부식(부대찌개모듬햄)제조/구매,제 2167부대,주식회사 하이푸드텍
51735,'23년 1~3월 부대조달 부식(돈가스 3종) 제조/구매,제 2167부대,(주)디아이
51736,23년 식자재 다수품목 단가계약(중기간제외품목),제6보병사단,주식회사 현대그린푸드
51745,'23년 경축특식(설날) 커피음료,육군제7789부대,무민
51748,23년도 선수급식(축산),국군체육부대,주식회사 토리미트
51749,23년 1~3월 식자재 다수품목 단가계약,제7보병사단,성도교역
51750,`23년 예성회관 식자재 구매(김치류 제외),공군제16전투비행단,씨제이프레시웨이 주식회사
51752,'23년 1~3월 부대조달 부식(통밀식빵) 구매,제 2167부대,드림미트
51753,'23년 1~3월 부대조달 부식(마늘바게뜨빵) 구매,제 2167부대,주식회사 프라임푸드시스템
51754,'23년 1~3월 부대조달 부식(모닝빵) 구매,제 2167부대,주식회사 사하라
51755,'23년 1~3월 부대조달 부식(스팸형햄) 구매,제 2167부대,정연
51763,'23년 복지회관 식자재 구매,국방부계룡대근무지원단,청주나누리장애인보호작업장
51767,육군훈련소 설날 경축특식 글레이즈드 도넛 제조구매,육군훈련소,(주)제이제이에프
51768,'23년 계룡스파텔 주류 구매,육군인사사령부,유한회사 대한주류상사
51779,"22-12-166 23년 기본복지시설(하늘,은마회관) 식자재",공군제5공중기동비행단,씨제이프레시웨이 주식회사
51788,'23년 레스큐가든 식자재 납품,공군제17전투비행단,다해푸드
51793,커피머신 구매,제9227부대,포항케이피엘(KPL)
51794,"22-12-167 23년 기본복지시설(하늘,은마회관) 김치",공군제5공중기동비행단,농업회사법인(주)솔매
51797,23-안마도 운용대 급식 구매,해군제3함대사령부,형제푸드시스템
51798,23-추자도 운용대 급식 구매,해군제3함대사령부,형제푸드시스템
51799,23-거문도 운용대 급식 구매,해군제3함대사령부,형제푸드시스템
51800,23-흑산도 전진기지 급식 구매,해군제3함대사령부,형제푸드시스템
51801,23-흑산도 운용대 급식구매,해군제3함대사령부,유한회사 형제식품
51802,23-욕지도 전진기지 급식 구매,해군제3함대사령부,신요푸드
51803,23-욕지도 운용대 급식 구매,해군제3함대사령부,신요푸드
51808,'23년 에이스가든 식자재 납품,공군제17전투비행단,주식회사푸드라인
51809,23-1차 부대계약 식자재 납품(부식),제3군수지원여단,주식회사 현대그린푸드
51812,`23년 예성회관 김치류 구매,공군제16전투비행단,농업회사법인(주)푸른샘
51818,간사교 생도증식(가지 등 437종) 구매,자운대근무지원연대,(주)비룡푸드
51819,22년 추가특식 쿠키 제조/구매,제1군수지원사령부,이레축산
51827,청룡회관 1분기 식자재(감자 등 111품목) 구매,제9181부대,주식회사  지티씨
51828,청룡회관 1분기 육류(돈삼겹 등 4품목) 구매,제9181부대,주식회사 태건
51831,00비 간부식당 식자재(농산물류) 납품,공군제18전투비행단,해성푸드시스템
51832,23-목 배추김치 등 11종 구매,해군제3함대사령부,현진식품 영농조합법인
51840,"23년 1월,2월 부대조달 급식품목(빵류) 구매",제1989부대,주식회사 에프엔서플라이
51842,23년 1~3월 부대계약 부식 빵류(제조/구매),제7보병사단,주식회사 해성포장
51846,00비 간부식당 식자재(양곡류 및 기타품목) 납품 계약,공군제18전투비행단,주식회사 푸드밀
51855,체단장 분말짜장 등 173품목 구매,제9691부대,에이치케이푸드
51860,23년 선수급식(김치류) 구매,국군체육부대,농업회사법인(주)푸른샘
51865,23년 선수급식(유제품) 구매,국군체육부대,바이디에이
51867,'23-1차 식자재 다수품목 단가계약(경기서부),제1군수지원사령부,씨제이프레시웨이 주식회사
51868,체단장 포기김치 등 5품목 구매,제9691부대,주식회사 토속
51874,'23-1차 식자재 다수품목 단가계약(강원서부),제1군수지원사령부,씨제이프레시웨이 주식회사
51875,'23-1차 식자재 다수품목 단가계약(강원동부),제1군수지원사령부,씨제이프레시웨이 주식회사
51876,'23-1차 식자재 다수품목 단가계약(경기북부),제1군수지원사령부,주식회사 푸드머스
51877,'23-1차 식자재 다수품목 단가계약(경기남부),제1군수지원사령부,주식회사 푸드머스
51878,32보급대 통합창고 신축공사(샌드위치패널),제2작전사령부,(주)아성산업개발
51892,'23년 하늘/우주식당 김치류 제조 구매,공군교육사령부,주식회사 삼화식품
51897,배추김치 등 3종 구매,제7001부대,효원
51899,닭고기 등 12종 구매,제7001부대,효원
51900,가자미(냉동) 등 30종 구매,제7001부대,다올
51903,'23년 삼일절 경축특식 훈제닭다리 제조/구매,제2군수지원여단,가나안테크
51908,'23년 부대계약(1~3월) 부식(빵류) 제조/구매,제2군수지원여단,승리산업
51909,'23년 삼일절 경축특식 훈제닭다리 제조/구매,제2군수지원여단,가나안테크
51930,'23년 삼일절 경축특식(훈제닭다리) 제조,5군수지원사령부,농업회사법인 행복 주식회사
51931,'23년 하늘/우주식당 식자재·축산류 구매,공군교육사령부,농업회사법인 다올주식회사
51936,23-목 국수(소면) 등 254종 구매,해군제3함대사령부,한샘유통 주식회사
51941,23년 1~3월 식자재 다수품목 단가계약,제15보병사단,삼성웰스토리 주식회사
51943,'23년 부대계약(1~3월) 부식(일반품목) 구매,제2군수지원여단,(주)디아이
51968,'23년 간부식당 식자재 구매,국방부계룡대근무지원단,주식회사 현대그린푸드
51973,'22년 추가 경축특식(훈제닭다리) 제조,5군수지원사령부,한양제너럴푸드
51974,'22년 추가 경축특식(마카롱) 제조,5군수지원사령부,주식회사 큐앤비푸드
51975,'23년 1~2월 부대계약품목(식자재) 구매,5군수지원사령부,씨제이프레시웨이 주식회사
51976,'23년 1~2월 부대급식계약(면류),육군제53보병사단,(주)동성식품
51977,'23년 1~2월 부대급식계약(일반품목),육군제53보병사단,(주)푸드머스
51978,22년 추가특식 콜라 구매,제1군수지원사령부,아라푸드
51980,23-1차 빵류 다수품목 단가계약(경기서부),제1군수지원사령부,주식회사 에스피씨삼립
51981,23-1차 빵류 다수품목 단가계약(경기남부),제1군수지원사령부,주식회사 에스피씨삼립
51982,23-1차 빵류 다수품목 단가계약(강원동부),제1군수지원사령부,주식회사 에스피씨삼립
51983,23-1차 빵류 다수품목 단가계약(강원서부),제1군수지원사령부,주식회사 에스피씨삼립
51994,23-목 콩나물 등 23종 구매,해군제3함대사령부,유한회사 형제식품
52003,경쟁계약 품목 23년(1~3월) 닭순살꼬치 등 26개구매,육군훈련소,주식회사 에스엘상사
52004,'23년 1~2월 부대계약 부식 구매(일반품목),육군교육사령부,주식회사 아이
52005,'22년 12월 식자재 다수품목 단가계약,제 2167부대,주식회사 제이브로
52016,'22년 1~2월 부대급식계약(어묵류),육군제53보병사단,주식회사 남부식품
52030,야채절단기 등 61종 구매,제8385부대,탑오피스
52066,23년 1~3월 부대계약 식자재 납품(면류),제1보병사단,(주)동성식품
52067,23년 1~3월 부대계약 식자재 납품,제1보병사단,씨제이프레시웨이 주식회사
52068,23년 신정 경축특식 마카롱 제조/구매,제1군수지원사령부,주식회사 씨케이하우스
52069,23년 신정 경축특식 커피 구매,제1군수지원사령부,파머스 미트
52088,23-1차 부대계약 후식(아이스티 등 5종)(구매),제3군수지원여단,주식회사 에프엔서플라이
52089,23-1차 부대계약 후식(파인애플스틱 등 8종)(구매),제3군수지원여단,주식회사 홍익식품
52101,18비-자율운영부식 2차 납품 계약,공군제18전투비행단,올가닉푸드
52148,1회용 도시락용기 등 4품목 구매,제9227부대,달빛컴퍼니
52149,(22육군-해파062) 급식류 구매(이온음료 등 24품목),종합보급창,주식회사 초아넷
52200,22년 성탄절 경축특식 조각케익 제조,제1군수지원사령부,동광푸드
52203,'22-1차 특공무술 훈련용 용품 구매(샌드백 등 3종),육군제53보병사단,수연
52208,22년 성탄절 경축특식 커피 구매,제1군수지원사령부,파머스 미트
52240,'22년 11~12월 부대조달 부식(면류) 구매,제 2167부대,시우
52251,(22육군-해파062) 급식류 구매(크림스프 등 26품목),종합보급창,사수상사
52264,22년 12월 부대조달 급식품목(빵류) 제조구매,제1989부대,(주)아인츠푸드
52267,라면조리기 1EA 구매,해군본부,(주)유한정공
52278,리치트럭 배터리 구매,해군군수사령부,이앤텍
52284,배추김치 2종 구매,해군 기동함대사령부,농업회사법인한백푸드유한회사
52285,12월 부대조달 식자재 납품(식육가공품류 - 햄),제1862부대,송도컴퍼니
52286,12월 부대조달 식자재 납품(식육가공품류 - 돈가스),제1862부대,주식회사하임종합관리
52287,12월 부대조달 식자재 납품(빵류),제1862부대,세계로
52311,'23년 신정 경축특식 냉동슈크림 (제조),제3군수지원여단,(주)조이푸드
52327,22년 추가특식 (훈제닭다리),육군제7789부대,농업회사법인 행복 주식회사
52360,커피 머신기 등 7종 구매,제8385부대,제이에이비지니스
52362,00부대 공조기 인버터 설치납품,지상작전사령부,디케이건설주식회사
52370,22년 추가특식 (훈제닭다리),육군제7789부대,농업회사법인 행복 주식회사
52371,22년 추가특식 (훈제닭다리),육군제7789부대,농업회사법인 행복 주식회사
52407,감자튀김 등 10종 구매,해군 기동함대사령부,소망영농조합법인
52416,12월 부대계약(부식) 식자재 납품,제1862부대,주식회사 푸드머스
52417,'23년 신정 추가 경축특식 (마카롱) 제조,5군수지원사령부,주식회사 큐앤비푸드
52418,'22년 크리스마스 추가 경축특식(훈제닭다리) 제조,5군수지원사령부,농업회사법인 주식회사 화산
52419,할라피뇨 등 8종 구매,해군 기동함대사령부,소망영농조합법인
52448,맛있는 미역국 등 10종 구매,제2002부대,예인
52470,슬라이스햄 등 8종 구매,해군 기동함대사령부,제주그린유통
52472,생수(소) 등 15종 구매,해군 기동함대사령부,주식회사 신제주식품
52473,멸균딸기우유 등 8종 구매,해군 기동함대사령부,제주푸른컴퍼니
52474,콜라 등 6종 구매,해군 기동함대사령부,제주푸른컴퍼니
52476,옥수수맛시리얼 등 15종 구매,해군 기동함대사령부,주식회사 제주플로우
52477,국수(소면) 등 28종 구매,해군 기동함대사령부,소망영농조합법인
52478,샌드위치 등 8종 구매,해군 기동함대사령부,제주그린유통
52479,크로크무슈 등 14종 구매,해군 기동함대사령부,주식회사 신제주식품
52480,초코링비요뜨 등 7종 구매,해군 기동함대사령부,제주그린유통
52481,순두부찌개양념 등 30종 구매,해군 기동함대사령부,제주그린유통
52482,스파게티소스 등 21종 구매,해군 기동함대사령부,제주푸른컴퍼니
52483,식빵 등 12종 구매,해군 기동함대사령부,소망영농조합법인
52484,참치통조림 등 15종 구매,해군 기동함대사령부,제주푸른컴퍼니
52485,떡국떡 등 7종 구매,해군 기동함대사령부,주식회사 신제주식품
52486,오이지 등 11종 구매,해군 기동함대사령부,제주그린유통
52487,찰순대 등 9종 구매,해군 기동함대사령부,주식회사 제주플로우
52488,슬라이스햄 등 8종 구매,해군 기동함대사령부,제주그린유통
52489,깐메추리알 등 8종 구매,해군 기동함대사령부,제주푸른컴퍼니
52490,물만두 등 14종 구매,해군 기동함대사령부,참좋은사람들
52491,베이컨 등 6종 구매,해군 기동함대사령부,제주푸른컴퍼니
52493,깐쇼새우 등 7종 구매,해군 기동함대사령부,주식회사 신제주식품
52494,불고기패티 등 9종 구매,해군 기동함대사령부,주식회사 유풍시그니처
52495,함박스테이크 등 5종 구매,해군 기동함대사령부,주식회사 한신유통
52496,잡채말이어묵 등 6종 구매,해군 기동함대사령부,참좋은사람들
52497,계란후라이 등 7종 구매,해군 기동함대사령부,오도유통
52500,락카스프레이 등 199종 구매,해군군수사령부,케이엠상사
52536,12월 부대조달 식자재 납품(어육가공품류),제1862부대,(주)부산해정식품
52594,22년 추가특식 (커피음료),육군제7789부대,주식회사 무원물류시스템
52617,22년 추가특식 (탄산음료),육군제7789부대,모아테크
52634,22-해-함정용 부식이송 컨베이어벨트 제조설치,국군재정관리단,주식회사 성은공조
52659,'22년 성탄절 경축특식 티라미슈 (제조),제3군수지원여단,장가네제과
52661,'22년 12월 부대급식계약(일반품목),육군제53보병사단,성도교역
52690,22-평 슬라이스치즈 등 91종 구매(2차분),제9911부대,와이에스컨설팅
52691,22-평 구이용삼겹살 등 8종 구매(2차분),제9911부대,주식회사 엔에이치
52692,22-평 콜라 등 10종 구매(2차분),제9911부대,호미식품
52699,22~23년 체력단련장 식자재 구매(전라권),육군인사사령부,주식회사 푸드앤하우스
52716,까스활명수 큐액 등 164품목 구매,제9181부대,주식회사 정진약품
52717,라면용기 및 핫팩 등 4품목 구매,제9181부대,태성
52719,라면조리기 등 2품목 구매,제9181부대,애니기획
52797,23년 신정 경축특식(훈제닭다리) 제조,5군수지원사령부,농업회사법인 행복 주식회사
52829,22년 병영도서관 및 독서카페 도서 구매,육군 탄약지원사령부,성수산업
52832,22년 병사식당 식자재(육류) 납품,공군제15특수임무비행단,주식회사 담터안심먹거리조합
52836,DC-DC컨버터 모듈 2종 구매,제9121부대,스마트테크
52839,후반기 병영도서관 및 독서카페 도서구매,제9보병사단사령부,이도조경
52871,"리셉터클, 육전 연결용 등 2종 구매(203)",해군제1수리창,지원종합상사
52873,22-123호 반판두부 등 34종 구매,해군작전사령부,수만상사
52874,22-122호 멸균흰우유 등 11종 구매,해군작전사령부,경북유통
52878,'22년 성탄절 경축특식(조각케이크) 제조/구매,제 2167부대,동광푸드
52879,'22년 신정 경축특식(글레이즈드 도넛) 구매,제 2167부대,영신상사
52929,22년 비상수원 식수(생수) 구매계약,제7보병사단,에스오에스미디어 (주)
52943,라면 조리기 등 11품목 구매,연평부대,민현산업
52945,인버터 미그 용접기 스풀건 등 3종,해군제3함대사령부,에스에이치상사
52951,22-평 사과 등 10종 구매,제9911부대,주식회사 지호푸드서비스
52970,'22년 크리스마스 경축특식(마카롱) 제조,5군수지원사령부,주식회사 씨케이하우스
52982,7급양대 급식유통센터 물품구매(전자저울 등 8종),제1군수지원사령부,미다운
52992,'23년 신정 경축특식 글레이즈드 도넛 제조/구매,제2군수지원여단,퍼스트원
53003,라면조리기 등 2품목 구매(도서지역),제9196부대,소서민
53038,의약품 및 의료물품(까스활명수 등 106종 구매),제9911부대,주식회사 닥터리츠
53080,'22년 지휘관 및 주임원사 휘장류 제조,육군본부,주식회사 플라이쿱
53093,'22~'23년 체력단련장 식자재 구매(경남권),육군인사사령부,수만상사
53094,'22~'23년 체력단련장 식자재 구매(경북권),육군인사사령부,씨제이프레시웨이 주식회사
53095,'22~'23년 체력단련장 식자재 구매(충청권),육군인사사령부,한샘유통 주식회사
53096,'22~'23년 체력단련장 식자재 구매(경기권),육군인사사령부,씨제이프레시웨이 주식회사
53100,'22년 지휘관 및 주임원사 휘장류 제조,육군본부,주식회사 플라이쿱
53109,22년 병영도서관 및 독서카페 도서 구매.,제36보병사단,정민솔루션
53121,22-평 멸균딸기우유 등 3종 구매(2차분),제9911부대,착한전산
53214,22년 11~12월 식자재 구매(중기간제외품목),제6보병사단,주식회사 현대그린푸드
53263,11월 부대계약 식자재 납품,제1862부대,주식회사 푸드머스
53285,'22년 11~12월 부대계약품목(식자재) 구매,5군수지원사령부,씨제이프레시웨이 주식회사
53304,11월 부대계약 (장류) - 고추장,제1862부대,삼오종합식품 주식회사
53306,22-5차 부대조달 식자재 납품(냉동빵류) (구매),제3군수지원여단,로운
53307,22-5차 부대계약 후식(아이스티 등 10종),제3군수지원여단,주식회사 에프엔서플라이
53321,'22년 11~12월 식자재 다수품목 단가계약,제 2167부대,주식회사 현대그린푸드
53332,기름걸레 등 23종 구매,제5738부대,(주)포항자재
53346,22-1차 병영도서관/독서카페 도서 구매,제22보병사단,움트리
53353,22년 11~12월 부대조달 급식계약(일반경쟁품목),제5보병사단,주식회사 현대그린푸드
53393,22-5차 부대조달 식자재 납품(부식),제3군수지원여단,삼성웰스토리 주식회사
53395,병영도서관 및 카페 도서 구매,제11기동사단,이수컴퍼니
53424,'22년11월~'23년1월 부대조달 식자재(50품목) 구매,제17보병사단,주식회사 홍익식품
53425,'22년11월~'23년1월 부대조달 식자재(116품목) 구매,제17보병사단,주식회사 이푸드씨스템
53426,22년 11~12월 식자재 단가 계약(배추김치 등 4종),제6보병사단,농업회사법인 약속식품주식회사
53427,22년 낙동강지구 참전용사 전승행사 도시락 구매,제2작전사령부,주식회사 이.엠.에스
53456,00부대 병영도서관 및 독서카페 도서 구매,지상작전사령부,동이유통
53499,'22년 11~12월 부대조달 부식(스팸형햄) 구매,제 2167부대,주식회사 청주금속
53612,22년 11월 부대급식품목(일반품목),육군제53보병사단,주식회사 삼마기업
53635,22년 11~12월 식자재 다수품목 단가계약,제15보병사단,(주)디아이
53677,10월 부대계약 식자재 납품,제1862부대,주식회사 푸드머스
53682,22년 간편식 활용 작전식량(간편조리식품),제1보병사단,한샘유통 주식회사
53791,(화공) 부식방지제등14종 구매,육군종합정비창,삼성기전 주식회사
53828,22년 10~12월 부대계약 식자재 납품(2차),제1보병사단,주식회사 제이에프
53840,도색용 스프레이건 등 70종 구매,해군제3함대사령부,고산기업
53878,독서카페용 도서 구매,제9181부대,이엘코리아
53891,10월 부대조달 식자재 납품(면류-자장면),제1862부대,(주)동성식품
53893,10월 부대계약 (식육가공품류) - 소시지,제1862부대,초이원
53894,10월 부대계약 (식육가공품류) - 미트볼,제1862부대,주식회사 지호푸드서비스
53895,10월 부대계약 (식육가공품류) - 돈까스,제1862부대,주식회사 한스푸드
53896,10월 부대조달 식자재 납품(불고기패티),제1862부대,더푸드웰(주)
53897,10월 부대조달 식자재 납품(면류-쫄면),제1862부대,초이원
53898,22-4차 부대조달 식자재 납품(부식),제3군수지원여단,삼성웰스토리 주식회사
53899,4분기 국군복지단 식자재 구매,국군복지단,주식회사 현대그린푸드
53900,'22년 10월 식자재(부대조달 부식) 구매,5군수지원사령부,(주)푸드머스 대구지점
53903,22-3차 10·11·12월 부대조달 식자재(일반 경쟁)계약,제3보병사단,주식회사 현대그린푸드
53909,22년 생도 60기 피복구매(예식용품류),육군3사관학교,상아문화사
53945,도시락 용기 구매 납품,제3283부대,한컴퍼니
53955,'22년 국군의날 경축특식 훈제닭다리 구매,제3군수지원여단,하람푸드
53956,22년 경축특식(23년신정)커피음료,육군제7789부대,무민
53957,22년 경축특식(23년신정) 마카롱,육군제7789부대,주식회사 큐앤비푸드
53958,22년 경축특식 (성탄절) 탄산음료,육군제7789부대,고은상사
53959,22년 경축특식 (성탄절) 치즈조각케익,육군제7789부대,동광푸드
53964,'22-3차 식자재 다수품목 단가계약(강원동부),제1군수지원사령부,주식회사 현대그린푸드
53965,'22-3차 식자재 다수품목 단가계약(강원서부),제1군수지원사령부,성도교역
53966,'22-3차 식자재 다수품목 단가계약(경기북부),제1군수지원사령부,주식회사 현대그린푸드
53967,'22-3차 식자재 다수품목 단가계약(경기남부),제1군수지원사령부,주식회사 현대그린푸드
53968,'22-3차 식자재 다수품목 단가계약(경기서부),제1군수지원사령부,주식회사 현대그린푸드
53989,'22년 10~12월 부대계약 부식 구매(일반품목),육군교육사령부,주식회사 현대그린푸드
54024,10월 부대조달 식자재 납품(어육가공품),제1862부대,(주)코주부씨앤에프
54036,22년 9-10월 다수공급자 부대계약(간장 등 2종),제6보병사단,신송식품(주)천안공장
54049,10월 부대조달 식자재 납품(장류-고추장),제1862부대,동해식품(주)
54067,22년 10~12월 부대계약 식자재 납품,제1보병사단,(유)목양
54072,LA소갈비(냉동) 등 3종 구매,해군군수사령부,동경푸드 주식회사
54082,경쟁계약 품목 구매 10~12월(타코야끼 등 34개품목),육군훈련소,주식회사 삼마기업
54096,22-08-292 도시락 용기 등 5품목,공군교육사령부,강영 주식회사
54114,22-4차 부대계약 식자재 납품(다수품목 단가계약),제22보병사단,주식회사 푸드머스
54123,'22년 10월 부대급식(일반품목),육군제53보병사단,삼성웰스토리 (주)
54145,생수컵 등 138종 구매,제8385부대,수지유통
54180,스팸부대찌개 등 9종 구매,해군 기동함대사령부,참좋은사람들
54198,(긴급)필라멘트 울템용 카트리지 등 3종,해군군수사령부,케이테크
54210,(화공) 부식방지제1종 구매,육군종합정비창,그린존
54220,병사식당 부식류(브런치 재료) 구매,공군교육사령부,주식회사 신세화에프앤에스
54234,성광리도카인젤리 등 143품목 구매,제9181부대,제이팜주식회사
54245,10급양대 급식유통센터 기타유지물자 구매,제1군수지원사령부,체리유통
54340,"(긴급)밸브, 버섯형, 엔진용 등 11종",해군군수사령부,세종상사
54347,실린더 버터플라이 밸브 등 72종 구매,공군군수사령부,대성산업
54352,22년 9~10월 부대조달 급식계약(일반경쟁),제5보병사단,주식회사 현대그린푸드
54353,'22년 추석 경축특식 글레이즈도넛 구매,제3군수지원여단,다은종합관리
54354,9월 부대조달 식자재 납품(불고기패티),제1862부대,아주상사
54362,9월 부대계약 (식육가공품류) - 햄,제1862부대,더푸드웰(주)
54363,9월 부대계약 (식육가공품류) - 탕수육,제1862부대,주식회사 사하라
54364,"'22년 식자재 다수품목 단가계약(9,10월)",제6보병사단,주식회사 현대그린푸드
54366,'22년 9~10월 부대조달 부식(쫄면) 구매,제 2167부대,더 푸른
54372,튀김기 구매,제9227부대,호미유통
54378,민군상생발전 선물(쌀) 구매,해군 기동함대사령부,오도유통
54390,'22년 9~10월 부대조달 부식(자장면) 구매,제 2167부대,홍가네
54391,'22년 9~10월 부대조달 부식(모닝빵) 구매,제 2167부대,제이컴
54392,'22년 9~10월 부대조달 부식(스팸형햄) 구매,제 2167부대,소망상사
54393,'22년 9~10월 부대조달 부식(모듬햄) 구매,제 2167부대,삼성기전 주식회사
54394,'22년 9~10월 부대조달 부식(꽃빵) 구매,제 2167부대,더 푸른
54396,'22년 국군의날 경축특식(훈제닭다리) 구매(제조),5군수지원사령부,체리시스템
54414,22년 9~12월 식자재 다수품목 단가계약,제7보병사단,주식회사 푸드머스
54442,22년 9월 부대계약 식자재 납품,제1862부대,주식회사 푸드머스
54453,22년 9월 부대계약품목(부대조달부식) 구매,5군수지원사령부,(주) 현대그린푸드  영남센터
54454,22년 추석 경축특식 음료 구매,제1군수지원사령부,포시즌
54455,22년 추석 경축특식 훈제닭다리 제조/구매,제1군수지원사령부,아름상사
54488,22-2차추가 부대계약 식자재납품(다수품목 단가계약),제22보병사단,데일리F&C
54493,'22년 9~10월 부대조달 부식(볼어묵) 제조,제 2167부대,(주)코주부씨앤에프
54505,9월 부대조달 식자재 납품(어육가공품류),제1862부대,(주)해도식품
54508,'22년 9~10월 식자재 다수품목 단가계약,제 2167부대,주식회사 해나람
54528,'22년 9~12월 부대계약 부식(빵류) 제조/구매,제2군수지원여단,토리컴퍼니
54567,폭발물처리반 작전복 등 2종 구매,해군군수사령부,태건
54570,정제소금 20TM 구매,해군군수사령부,태성산업
54582,22년 9~12월 부대계약 부식 어육가공품류 제조구매,제7보병사단,(주)해도식품
54603,'22년 9~12월 식자재 다수품목 구매,제2군수지원여단,삼성웰스토리 주식회사
54615,22년 9월 부대급식품목(일반품목),육군제53보병사단,(주)푸드머스
54624,22년 9월 부대급식품목(면류),육군제53보병사단,(주)동성식품
54625,22년 9월 부대급식품목(어묵류),육군제53보병사단,주식회사 남부식품
54628,라쳇렌치(미니) 등 119종 구매,해군 기동함대사령부,주식회사우정상사
54631,아르미 김치전 8종 구매,해군 기동함대사령부,오도유통
54632,큐브매콤덮밥소스 등 25종 구매,해군 기동함대사령부,주식회사 제주플로우
54634,제주감귤파이 등 8종 구매,해군 기동함대사령부,주식회사 제주플로우
54637,바베큐폭립 등 7종 구매,해군 기동함대사령부,주식회사 제주플로우
54659,생수 등 25품목 구매(도서전투부식),연평부대,주식회사 푸드나무
54660,해물완자 구매,해군군수사령부,삼진유통
54691,병영도서관 및 독서카페 도서 구매,제9181부대,(주)씨티원서비스
54699,'22년 국군의날 경축특식 훈제닭다리 제조/구매,제2군수지원여단,삼공사
54702,22년 부대조달 후식류(바나나) 구매,5군수지원사령부,에이알그룹 주식회사
54723,병영도서관/독서카페 도서구매,제1군수지원사령부,실크로드
54726,(22육군-해파042)00부대 식품류 구매(햄통조림 등),종합보급창,바른상사
54739,22년 부대조달(식용유)구매,육군제53보병사단,장성
54743,콘테이너 샌드기 제조 설치,육군종합정비창,주식회사 월드브라스트
54774,22년 부대계약 부식(식용유) 구매계약,제7보병사단,씨티원 강원지점
54787,'22년 부대조달 후식 구매(맛밤),제 2167부대,주식회사 래이오
54792,락카스프레이 등 43종 구매,제7001부대,주식회사 금경
54807,상처드레싱패드 1품목 구매(의무),육군군수사령부,마로니에
54817,22-2차 식용유(콩기름) 구매,제25보병사단,(주)디아이
54849,22년 식자재 재포장재료 구매,제1군수지원사령부,주식회사 바른플러스
54863,'22년 추석 경축특식 조각케익세트 제조,제2군수지원여단,장가네제과
54865,식용유 부대계약 구매,육군교육사령부,(주)디아이
54890,00부대 음료류 구매(이온음료 등 5품목),종합보급창,장경
54901,22년 8~10월 식자재 다수품목 단가계약,제15보병사단,(주)디아이
54917,22년 급식-샌드위치 등 32종 구매,해군작전사령부,YS유통
54918,22년 급식-배추김치 등 7종 구매,해군작전사령부,주식회사 해담푸드
54921,'22년 추석 경축특식(마카롱) 제조,제 2167부대,주식회사 큐앤비푸드
54959,22년 8월 식자재(부대조달 부식) 구매,5군수지원사령부,씨제이프레시웨이 주식회사
55004,8월 부대계약 식자재 납품,제1862부대,삼성웰스토리 주식회사
55007,22년 병영도서관 독서카페 도서 구매,제8기동사단,토리컴퍼니
55015,치킨넷 및 동바인더 구매(A087),제21보병사단,용쓰팩토리
55039,22-2차 8·9월 부대조달 식자재(일반 경쟁) 조달계약,제3보병사단,씨제이프레시웨이 주식회사
55046,22년 8월 부대조달 급식푸목(일반품목) 구매,제1989부대,주식회사 현대그린푸드
55057,00부대 8~10월 식자재 납품 계약(유부 등 110건),제17보병사단,아름상사
55058,22년 8월 부대급식품목(일반),육군제53보병사단,씨제이프레시웨이 주식회사
55059,22년 8월 부대급식품목(어묵류),육군제53보병사단,(주)해도식품
55060,22-3차 8월 부대조달 식자재 납품(어육가공품류),제1862부대,주식회사 부산어묵
55063,'22년 7~8월 식자재 다수품목 단가계약,제 2167부대,헬스앤케어(Health&Care)부산티엠에스(TMS)
55064,'22년 국군의 날 경축특식(글레이즈드 도넛) 구매,제 2167부대,주식회사 이브컨설팅
55085,22년 광복절 경축특식 핫바,제1군수지원사령부,농업회사법인 행복 주식회사
55086,22년 광복절 경축특식 음료 구매,제1군수지원사령부,더푸드웰(주)
55107,22년 경축특식 (추석) 커피음료,육군제7789부대,주식회사 무원물류시스템
55108,22년 경축특식 (국군의 날) 탄산음료,육군제7789부대,토리컴퍼니
55109,22년 경축특식(국군의 날) 초코조각케익,육군제7789부대,동광푸드
55139,'22년 8월 식자재 다수품목 단가계약,제2군수지원여단,주식회사 푸드머스
55142,'22년 7~8월 부대조달 부식(납작어묵) 제조,제 2167부대,(주)하나식품
55158,"(긴급) 양극,부식방지용 등 4종",해군군수사령부,세종상사
55184,'22년 부대조달 후식 구매(콜라),제 2167부대,성도교역
55215,22년 과학화경계시스템 광망보호 치킨넷 구매,제5보병사단,현스하우스
55223,22년 8~9월 부대계약 식자재 납품,제1보병사단,한샘유통 주식회사
55232,병영도서관 및 독서카페 병영도서 구매(22-060),수도방위사령부,시현문고&교재
55290,라면조리기 1EA 구매,제8385부대,삼동유통상사
55299,22년 부대계약 식용유(콩기름) 구매,제22보병사단,이앤에스
55301,군-조-1 22년 부대계약 부식(식용유) 계약,제15보병사단,테라녹스
55313,자주포 스프링류,지상공통전력운영계약팀,하이펙 주식회사
55333,'22년 광복절 경축특식 글레이즈드 도넛 제조/구매,제2군수지원여단,명테크
55354,22년 7~8월 부대조달 부식계약(중기간-배추김치 등),제5보병사단,(주)임진강김치
55374,양념 분쇄기 등 3종 구매,해군군수사령부,노원 상사
55383,22년 7~8월 부대조달 부식계약(중기간-총각김치),제5보병사단,이수식품 주식회사
55384,도서류 양들의 침묵 등 84종 구매 납품,제3283부대,초록상사
55414,22년 병영도서관 및 독서카페 도서 구매,제25보병사단,오리
55446,'22년 부대계약 부식(식용유) 구매,제2군수지원여단,주식회사 와이즈
55453,22년 7~8월 부대조달 부식계약(중기간-열무김치),제5보병사단,이수식품 주식회사
55458,깨끗한나라 물티슈 등174종 구매,제7001부대,동금솔루션
55466,22-2차 부대조달 식자재 납품(어육가공품류)(제조),제1862부대,(주)코주부씨앤에프
55488,'22년 제헌절 경축특식(훈제닭다리) 구매(제조),5군수지원사령부,농업회사법인 행복 주식회사
55490,'22년 부식 재포장재료 구매,제3군수지원여단,(주)동건
55516,'22년 제헌절 경축특식 쿠키슈 제조,제2군수지원여단,장가네제과
55517,'22년 7~8월 부대계약 부식(일반품목) 구매,제2군수지원여단,미가온
55520,"'22년 식자재 다수품목 단가계약(7,8월)",제6보병사단,삼성웰스토리 주식회사
55523,22녀 7~8월 부대조달 부식계약(일반경쟁),제5보병사단,삼성웰스토리 주식회사
55530,"스프링,지지용",지상공통전력운영계약팀,시앤에스테크
55538,'22년 광복절 경축특식 티라미슈 (제조),제3군수지원여단,영베이커리
55552,'22년 간부식당 식자재(김치제외),제1방공유도탄여단,(주)푸드머스 대구지점
55597,22-해-현장감식용 드론 제조설치,국군재정관리단,주식회사 자이언트드론
55603,영외자 식당 식자재 납품 계약,공군제1전투비행단,(주) 푸드머스 호남지점
55618,영외자 식당 식자재 납품 계약,공군제1전투비행단,(주) 푸드머스 호남지점
55631,22-2차 7월 부대계약(부식),제1862부대,주식회사 푸드머스
55642,22-국-차량용 DC컨버터 제조,국군재정관리단,엠제이엠
55649,22년 6~8월 식용유(콩기름) 구매,제25보병사단,구구컴퍼니
55650,'22년 광복절 경축특식(마카롱) 제조,5군수지원사령부,장가네제과
55687,22년 7월 부대계약 식자재 납품,제1보병사단,한샘유통 주식회사
55689,'22년 7월 식자재(어육가공품) 제조,5군수지원사령부,(주)코주부씨앤에프
55690,'22년 7월 식자재(부대조달 부식) 구매,5군수지원사령부,삼성웰스토리 (주)
55723,"(긴급) 밸브,스프링용 등 3종 구매",해군군수사령부,제이유텍
55740,영외자 식당 김치류 납품 계약,공군제1전투비행단,(주)진선
55761,'22-2차 식자재 다수품목 단가계약(강원서부),제1군수지원사령부,주식회사 현대그린푸드
55762,'22-2차 식자재 다수품목 단가계약(강원동부),제1군수지원사령부,주식회사 현대그린푸드
55763,'22-2차 식자재 다수품목 단가계약(경기북부),제1군수지원사령부,주식회사 현대그린푸드
55764,'22-2차 식자재 다수품목 단가계약(경기남부),제1군수지원사령부,주식회사 현대그린푸드
55765,'22-2차 식자재 다수품목 단가계약(경기서부),제1군수지원사령부,씨제이프레시웨이 주식회사
55771,구갑망(치킨넷) 구매,제28보병사단,주식회사 우리방재
55803,22-2차 식자재 다수품목 단가계약,제22보병사단,씨제이프레시웨이 주식회사
55841,22년 제헌절 경축특식 조각케익,제1군수지원사령부,장가네제과
55842,22년 제헌절 경축특식 음료 구매,제1군수지원사령부,오케식품
55856,식용유 구매,육군제7789부대,구구컴퍼니
55857,22년 예비군도시락 제조납품(2권역),제51보병사단,주식회사 하우
55894,경쟁계약 품목(미니떡 스테이크 등 50개품목)구매,육군훈련소,주식회사 에스엘상사
55934,"양극, 부식방지용 등 4종 구매(118)",해군제1수리창,다모아상사
55937,라즈베리 듀얼 팬 등 9종 구매,공군83정보통신정비창,주식회사 모빅
55942,스프링류,지상공통전력운영계약팀,티케이(T.K)테크
55959,전투부식(차돌 된장찌개 등 15품목) 구매,제9해병여단,소망영농조합법인
55989,라면조리기 8대 구매,해군제3함대사령부,동서종합상사
56009,'22년 6월 부식(스모크햄) 제조,제 2167부대,농업회사법인 행복 주식회사
56012,22-05-187 도시락 용기 등 7품목 구매,공군교육사령부,행복유통
56024,'22년 6월 식자재 다수품목 단가계약,제 2167부대,주식회사 해나람
56025,'22년 6월 부식(한식간장) 제조,제 2167부대,동해식품(주)
56026,'22년 6월 부식(고추장) 제조,제 2167부대,동해식품(주)
56093,22년 경축특식(광복절) 티라미수,육군제7789부대,장가네제과
56115,22년 예비군 도시락 제조납품,육군 제1군단,제일홈푸드
56132,22년 예비군 도시락 제조납품(3권역),육군제53보병사단,주식회사 태능푸드시스템
56136,부품제작자재 스프링 강판 등 17종 구매,육군종합정비창,(주)종로인더스트리
56168,함정용 음식물 분쇄기 6EA 구매,해군군수사령부,에이스건설산업
56191,불닭마요덮밥 등 13종 구매,해군 기동함대사령부,주식회사 제주플로우
56207,22년 경축특식(제헌절) 탄산음료,육군제7789부대,주식회사 소프트모바일
56208,22년 경축특식(제헌절) 훈제닭다리,육군제7789부대,농업회사법인 행복 주식회사
56211,22년 전반기 병영도서관 및 독서카페 도서 구매(2),육군 52보병사단,주식회사 고성도서유통
56218,스프링류,지상공통전력운영계약팀,(주)서부에스코
56230,'22년 제헌절 경축특식 콜라 (구매),제3군수지원여단,디에이치코리아
56306,00부대 냉난방설비 인버터제어 판넬 제조설치납품,육군종합행정학교,윈아트
56312,22-1차 부대조달 식자재 납품(식육가공품류),제1862부대,현지유통
56334,22년 예비군 도시락 제조 납품(1권역),제55보병사단,(주)기락
56382,(육성)00훈련대 생수 구매,제3697부대,천운
56387,22-1차 부대계약 식자재 납품 (부식),제1862부대,주식회사 푸드머스
56392,22년 예비군 도시락 제조 납품(4권역),육군 52보병사단,주식회사 정담에프엔에스
56393,22년 예비군 도시락 제조 납품(3권역),육군 52보병사단,주식회사 정담에프엔에스
56412,식자재 부대 계약(6월 7월 8월) 빵류,제9보병사단사령부,기쁜몰
56440,정맥주사실습모형 등 10품목,국군의무학교,주식회사 파라메스
56477,바나나우유 구매,해군군수사령부,주식회사 류홀마트
56478,부대찌개소스 구매,해군군수사령부,삼진유통
56479,마요네즈 구매,해군군수사령부,에코
56480,고구마튀김 구매,해군군수사령부,주식회사 금오식품
56481,야채튀김 구매,해군군수사령부,삼진유통
56482,요거트푸딩 구매,해군군수사령부,에코
56500,'22년 부식 재포장재료 구매,제 2167부대,주식회사 아루
56501,'22년 제헌절 경축특식(쿠키슈)제조,제 2167부대,장가네제과
56504,'22년 6~8월 다수품목 식자재 구매계약,제7보병사단,씨제이프레시웨이 주식회사
56507,22년 6~8월 식자재 다수품목 단가계약,제15보병사단,(주)디아이
56525,22년 음식물쓰레기 위탁처리 용역,제15보병사단,리더
56527,'22년 6~8월 부대계약 부식(빵류 2개 품목),제2군수지원여단,주식회사 그린테이블
56537,'22년 부식 재포장재료(아이스박스 등 7종) 구매,제2군수지원여단,주식회사 호반건재
56545,22년 예비군 도시락 제조 납품(1권역),제3697부대,주식회사 정담에프엔에스
56546,22년 예비군 도시락 제조 납품(2권역),제3697부대,푸드트리
56558,22년 예비군훈련 급식업체 (도시락) 계약,제36보병사단,주식회사 굿푸드시스템
56561,22년 6월 식자재 구매/제조(불고기패티 등 8종),제6보병사단,다다유통
56562,22년 전반기 병영도서관/독서카페 도서 구매,제51보병사단,휴테크 주식회사
56567,음식물처리기 시설자재 구매(A056),제21보병사단,"춘천사랑종합유통,필립스A/S"
56568,'22년 부대조달 부식(꽃빵) 구매,제 2167부대,더 푸른
56569,'22년 부대조달 부식(쫄면) 구매,제 2167부대,더 푸른
56570,6월 부대계약 급식품목(중기간 제외 품목),제6보병사단,삼성웰스토리 주식회사
56573,'22년 부대조달 부식(꽃빵) 구매,제 2167부대,더 푸른
56574,'22년 부대조달 부식(쫄면) 구매,제 2167부대,더 푸른
56579,22년 전반기 병영도서관 및 독서카페 도서 구매(1),육군 52보병사단,명일
56621,22년 6월 식자재(부대조달 부식) 구매,5군수지원사령부,씨제이프레시웨이 주식회사
56639,통닭박스 등 2종,해군군수사령부,국일광고산업
56648,22년 부대조달 후식(바나나),육군제7789부대,에이알그룹 주식회사
56651,22-1차 부대계약 급식품목 식자재 계약(수정2),제3보병사단,씨제이프레시웨이 주식회사
56658,(화공) 수산화나트륨 등 9종 구매,육군종합정비창,마창케미칼 주식회사
56686,생수컵 등 126종 구매,해군교육사령부,부명상사
56694,버팔로치킨윙 구매,해군군수사령부,주식회사 류홀마트
56696,생강분말 구매,해군군수사령부,주식회사 류홀마트
56697,모짜렐라치즈 구매,해군군수사령부,에코
56698,매실농축액 구매,해군군수사령부,주식회사 류홀마트
56699,두반장 소스 구매,해군군수사령부,삼진유통
56700,생우동 구매,해군군수사령부,주식회사 류홀마트
56701,실곤약 구매,해군군수사령부,류홀마트(합포점)
56702,떡볶이떡 구매,해군군수사령부,주식회사 류홀마트
56703,고구마샐러드 구매,해군군수사령부,지(g)-마트
56704,떡국떡 구매,해군군수사령부,삼진유통
56705,게맛살 구매,해군군수사령부,삼진유통
56706,어채볶음 구매,해군군수사령부,주식회사 류홀마트
56707,오리훈제(슬라이스) 구매,해군군수사령부,주식회사 류홀마트
56725,00부대 부대계약 식자재 구매(6~7월),제17보병사단,주식회사 해나람
56728,'22년 6~8월 부대계약 부식 어육가공품류 계약,제7보병사단,(주)해도식품
56733,'22년 6~8월 식자재 다수품목 단가계약,제2군수지원여단,주식회사 하늘푸드
56776,‘22년 6~8월 식자재 다수품목 단가계약,제 2167부대,EDP연천군식자재
56777,'22년 부대조달 부식(어육가공품 4종) 제조,제 2167부대,(주)코주부씨앤에프
56810,'22년 6~8월 부대계약 부식(어육가공품류 4개품목),제2군수지원여단,(주)코주부씨앤에프
56842,22년 6~7월 식자재 납품,제1보병사단,주식회사 하늘푸드
56857,22-1차 부대계약 식자재 납품,제22보병사단,주식회사 푸드머스
56866,'22년 광망보호용 치킨넷 구매,제1보병사단,예랑기획
56879,22-J-예비군 도시락 제조 납품,제9해병여단,그린웰주식회사
56903,22년 6월 부대조달 부식(부대계약 품목) 계약,제5보병사단,삼성웰스토리 주식회사
56919,18비 자율운영부식비 납품,공군제18전투비행단,하나
56920,병사식당 부식류 구매,공군교육사령부,주식회사 신세화에프앤에스
56928,호국사 부대비품(음식물처리기 등 2종) 구매,해군사관학교,코아
57020,22년 6월 부대조달(중기간경쟁) 부식(어육가공품),제5보병사단,(주)부산해정식품
57028,미니망치 등 52항목 구매(특무공구),육군군수사령부,장원종합상사
57068,'22년 부대조달 생수 구매(A권역),5군수지원사령부,주식회사 푸드머스
57071,병사식당 부식(조미료 및 부재료) 공급 계약 의뢰,공군제5공중기동비행단,주식회사 신세화에프앤에스
57114,불닭마요덮밥 등 13종 구매,해군 기동함대사령부,오도유통
57158,전산용품(컨버터 등 137종)구매,해군작전사령부,티에스산기주식회사
57159,스프러스 각재 등 36종 구매,해군교육사령부,탑동
57167,주입기 액체용 직접공급식 등 13항목 구매(기일공구),육군군수사령부,범창기업 주식회사
57206,"(긴급)양극, 부식방지용 등 8종",해군군수사령부,미래상사
57258,"스프링조립체,갈퀴,소화기용 등 42항목 제조(총포)",육군군수사령부,티케이(T.K)테크
57278,'22년 부대조달 생수 구매(B권역),5군수지원사령부,주식회사 아름상사
57279,'22년 5월 식자재(부대조달 부식) 구매,5군수지원사령부,삼성웰스토리 (주)
57308,충전햄머드릴 등 3항목 구매(궤도공구),육군군수사령부,청윤
57320,계급장류 제조,공군군수사령부,주식회사 플라이쿱
57326,22-2차 부대조달 식자재 납품(부식),제3군수지원여단,삼성웰스토리 주식회사
57328,무선 미니 진공청소기 등 2종 구매,해군본부,드림워크
57332,22-2차 부대조달 식자재 납품(식육가공품류),제3군수지원여단,만물마차
57333,'22년 석가탄신일 경축특식 초코케익,제3군수지원여단,장가네제과
57361,'22년 병사식당 자율운영부식비 연간계약,공군제10전투비행단,한샘유통 주식회사
57372,한주소금 등 3종 구매,해군교육사령부,주식회사 진성하이텍
57383,"(긴급) 고정기,밸브스프링 리테이너용 등 20종 구매",해군군수사령부,주식회사 칸
57451,도시락용기 등 5종 구매,해군교육사령부,경남상사
57499,전기밥솥 등 6품목 구매,제9227부대,중앙종합상사
57535,사운드소스(음원 및 저작권) 물품구매,육군본부,하이파이브
57539,가스자동밥솥 등 3항목 구매(일반물자),육군군수사령부,주식회사 르몽드인터내셔널
57569,22년 석가탄신일 경축특식(글레이즈드 도넛)제조/구매,제 2167부대,알파솔루션
57629,"22년 5월 부대급식품목 계약(일반, 면류)",육군제53보병사단,(주)푸드머스
57645,'22년 병사식당 자율운영부식비,공군제19전투비행단,아이원
57655,순두부 등 4품목 구매,연평부대,주식회사 엠에스전지
57657,육전케이블 등 2종 구매,해군군수사령부,(주)극동전기
57721,'22년 1차 도시락(A지역) 제조 / 납품,한미연합군사령부,주식회사 모락모락
57723,'22년 부천님오신날 경축특식 음료 구매,제1군수지원사령부,주식회사 에프엔서플라이
57724,'22년 부처님오신날 경축특식 냉동도넛 구매,제1군수지원사령부,코리아식품주식회사
57752,'22년 부처님오신날 경축특식(냉동조각케이크) 제조,5군수지원사령부,장가네제과
57781,22년 육군훈련소 생수(500ml)구매,육군훈련소,유한회사 미래환경
57785,22년 장거리이동 특기병 도시락 제조 구매,육군종합군수학교,주식회사 다옴에프앤씨
57786,광성회관 식자재 및 소모품 구매,공군제11전투비행단,(주) 현대그린푸드  영남센터
57842,무선충전기 블루투스 미니 오디오 등 5종 구매,해군본부,MINTECH(민테크)
57853,22년 후보생 증식(우유 등) 구매,육군부사관학교,농업회사법인 계룡 주식회사
57868,'22년 5월 부대조달 급식품목(탕수육) 제조/구매,제1989부대,(주)복천식품
57879,직영휴양시설 바베큐그릴 구매,국군복지단,유니스제이
57881,22-해-2톤 리치트럭 3대 구매,국군재정관리단,베리트
57898,00부대 급식류 구매(즉석밥 등 44품목),종합보급창,금강
57905,부교자재 부품,지상공통전력운영계약팀,환호테크
57920,라면조리기 2EA 구매,제8385부대,주식회사금백종합안전물산
57974,"밸브,버섯형,엔진용 등 15항목 구매(일장)",육군군수사령부,라온몰
58005,"(긴급)양극, 부식방지용 1종",해군군수사령부,에이스철물건자재주식회사
58015,경쟁계약 품목 구매(미니떡 스테이크 등 61종),육군훈련소,(유)목양
58041,파병부대 배추김치 등 17품목 제조 구매,종합보급창,고려냉장식품 주식회사
58055,"(긴급) 밸브,버섯형,엔진용 등 13종 구매",해군군수사령부,드림플랜트 주식회사
58058,"양극, 부식방지용 등 9종 구매",해군군수사령부,한성유통
58080,현미경 등 2종,공군군수사령부,행복메디칼
58084,'22년 부대조달 후식(가공품) 조각케익 구매,제1군수지원사령부,동광푸드
58140,"스프링,나선형,압축 등 47항목 제조(자주포)",육군군수사령부,부산링구공업사
58165,콜라 등 49종,제2002부대,케이수아넷
58166,콜라 등 49종,제2002부대,케이수아넷
58167,22-평 도서전투부식 구매,제9911부대,봄이네집
58185,(정비) 원형샌드사포등 165종 구매,육군종합정비창,주식회사 성우
58187,22-통합간부식당 식자재(축산품),제20전투비행단,(주)누리종합유통
58188,22-통합간부식당 식자재(김치류),제20전투비행단,농업회사법인(주)솔매
58222,"스프링, 나선형 등 4종 구매",해군군수사령부,에스엔더블유테크
58251,22년 음식물쓰레기 위탁처리 용역(AA-22002),제5보병사단,두미르환경
58262,"스프링,소용돌이형 등 38항목 제조(생산능력, 궤도)",육군군수사령부,부산링구공업사
58263,햄버거빵 등 14품목 구매,연평부대,주식회사 고향식품
58287,감자튀김 구매,해군군수사령부,핸드메이드 초대점
58290,"스프링,소용돌이형 등 38항목 제조(생산능력, 궤도)",육군군수사령부,부산링구공업사
58291,’22년 식자재 다수품목 단가계약(1차),제6보병사단,삼성웰스토리 주식회사
58325,22년 4~5월 다수품목 식자재 단가계약,제7보병사단,씨제이프레시웨이 주식회사
58327,22-1차 부대조달 식자재 납품(부식),제3군수지원여단,주식회사 푸드머스
58361,'22년 부대급식품목 계약(어묵류),육군제53보병사단,(주)해도식품
58362,'22년 부대급식품목 계약(일반),육군제53보병사단,(주)디아이
58363,'22년 부대조달 후식(생수) 구매,제2군수지원여단,주식회사 고향식품
58364,'22년 부대조달 후식(바나나) 구매,제2군수지원여단,주식회사충청유통
58373,(정비) 미니롤러등90종 구매,육군종합정비창,주식회사 늘밭
58378,'22년 부대조달 후식 마시는 발효유 구매,제1군수지원사령부,(주) 현대그린푸드
58383,'22년 부대조달 후식 과일푸딩 구매,제1군수지원사령부,(주) 한성
58384,'22년 부대조달 후식 스트링치즈 구매,제1군수지원사령부,주식회사 게이트웨이
58385,'22년 부대조달 후식 워터젤리 구매,제1군수지원사령부,주식회사 지호푸드서비스
58386,'22년 부대조달 후식 초콜릿 구매,제1군수지원사령부,주식회사 코주부비앤에프 (B&F)
58387,'22년 부대조달 후식 팥빙수 구매,제1군수지원사령부,주식회사 교성
58388,'22년 부대조달 후식 샌드 아이스크림 구매,제1군수지원사령부,(주)빙그레
58389,'22년 부대조달 후식 팩 아이스크림 구매,제1군수지원사령부,풀무원샘물(주)
58390,'22년 부대조달 후식 컵 아이스크림 구매,제1군수지원사령부,남양유업(주)
58391,'22년 부대조달 후식 콘 아이스크림 구매,제1군수지원사령부,푸른
58392,'22년 부대조달 후식 생수 구매,제1군수지원사령부,남양유업(주)
58393,'22년 부대조달 후식 커피(컵타입) 구매,제1군수지원사령부,아름상사
58394,'22년 부대조달 후식 에이드음료 구매,제1군수지원사령부,농심태경 주식회사
58395,'22년 부대조달 후식 탄산음료 구매,제1군수지원사령부,매쉬미디어(주)
58396,'22년 부대조달 후식 이온음료 구매,제1군수지원사령부,주식회사 파파콜렉션
58397,'22년 부대조달 후식 식혜 구매,제1군수지원사령부,신송식품(주)천안공장
58398,'22년 부대조달 후식 짜먹는 발효유 구매,제1군수지원사령부,(유)목양
58399,'22년 부대조달 후식 떠먹는발효유(토핑) 구매,제1군수지원사령부,롯데웰푸드 주식회사
58400,'22년 부대조달 후식 떠먹는  발효유 구매,제1군수지원사령부,풀무원샘물(주)
58408,육군훈련소 부대조달 가공후식(바나나맛 우유) 구매,육군훈련소,행복산업
58409,육군훈련소 부대조달 가공후식(과채주스) 구매,육군훈련소,새길상사
58410,육군훈련소 부대조달 가공후식(반건조 고구마)구매,육군훈련소,베스트포유유통
58411,육군훈련소 부대조달 가공후식(콘형 아이스크림) 구매,육군훈련소,제일유통
58412,육군훈련소 부대조달 가공후식(샌드형 아이스크림),육군훈련소,루나테크
58413,육군훈련소 부대조달 가공후식(마시는 발효유) 구매,육군훈련소,홍해
58414,육군훈련소 부대조달 가공후식(떠먹는 발효유) 구매,육군훈련소,빙그레 천아유통
58415,육군훈련소 부대조달 가공후식(떠먹는 발효유) 구매,육군훈련소,빙그레 천아유통
58416,육군훈련소 부대조달 가공후식(과일푸딩) 구매,육군훈련소,엠팩토리
58417,육군훈련소 부대조달 가공후식(워터젤리) 구매,육군훈련소,성민
58418,육군훈련소 부대조달 가공후식(과일바) 구매,육군훈련소,믿음상사
58419,육군훈련소 부대조달 가공후식(초콜릿) 구매,육군훈련소,주식회사 더블제이에스
58422,사각어묵(냉동) 등 4종 구매,해군군수사령부,(주)해도식품
58424,육군훈련소 부대조달 가공후식(바나나맛 우유) 구매,육군훈련소,행복산업
58425,육군훈련소 부대조달 가공후식(이온음료) 구매,육군훈련소,동해하이테크산업(주)
58426,육군훈련소 부대조달 가공후식(짜먹는 발효유) 구매,육군훈련소,아델라
58427,육군훈련소 부대조달 가공후식(과채주스) 구매,육군훈련소,새길상사
58428,육군훈련소 부대조달 가공후식(반건조 고구마)구매,육군훈련소,베스트포유유통
58429,육군훈련소 부대조달 가공후식(콘형 아이스크림) 구매,육군훈련소,제일유통
58430,육군훈련소 부대조달 가공후식(팩형 아이스크림) 구매,육군훈련소,(주)동진푸드
58431,육군훈련소 부대조달 가공후식(샌드형 아이스크림),육군훈련소,루나테크
58432,육군훈련소 가공후식(컵형 아이스크림) 구매,육군훈련소,무안유통
58433,육군훈련소 부대조달 가공후식(팥빙수) 구매,육군훈련소,주식회사 우성텔레콤
58434,육군훈련소 부대조달 가공후식(마시는 발효유) 구매,육군훈련소,홍해
58435,육군훈련소 부대조달 가공후식(떠먹는 발효유) 구매,육군훈련소,빙그레 천아유통
58436,육군훈련소 부대조달 가공후식(과일푸딩) 구매,육군훈련소,엠팩토리
58437,육군훈련소 부대조달 가공후식(워터젤리) 구매,육군훈련소,성민
58438,육군훈련소 부대조달 가공후식(과일바) 구매,육군훈련소,믿음상사
58439,육군훈련소 부대조달 가공후식(초콜릿) 구매,육군훈련소,주식회사 더블제이에스
58440,육군훈련소 가공후식(탄산음료) 구매,육군훈련소,통일상사
58441,육군훈련소 가공후식(떠먹는 토핑형 발효유) 구매,육군훈련소,농업회사법인 행복 주식회사
58442,장거리 이동신병 도시락 구매,육군훈련소,주식회사 엘엔에프 농업회사법인
58445,광성회관 식자재(김치류) 구매,공군제11전투비행단,중원식품
58457,'22년 부대조달 후식(생수),제3군수지원여단,미가온
58470,'22년 부대조달 후식(소세지),제3군수지원여단,보나오라
58481,22년 부대조달후식(바나나맛 우유) 구매,5군수지원사령부,株式會社 森雅인터내셔날
58482,22년 부대조달후식(이온음료) 구매,5군수지원사령부,세방주식회사
58483,'22-1차 식자재 다수품목 단가계약(경기북부),제1군수지원사령부,씨제이프레시웨이 주식회사
58484,'22-1차 식자재 다수품목 단가계약(경기서부),제1군수지원사령부,씨제이프레시웨이 주식회사
58485,'22 - 1차 식자재 다수품목 단가계약(강원서부),제1군수지원사령부,주식회사 하늘푸드
58486,'22-1차 식자재 다수품목 단가계약(강원동부),제1군수지원사령부,씨제이프레시웨이 주식회사
58499,배추김치 등 9품목 제조,연평부대,이수식품 주식회사
58500,순두부 등 4품목 구매,연평부대,별똥별컴퍼니
58501,비요뜨 등 82품목 구매,연평부대,주식회사 해나람
58502,게맛살 등 58품목 구매,연평부대,예성사회적협동조합
58504,과일푸딩(캔디류) 구매,해군군수사령부,주식회사 명품식품
58505,반건조 고구마(서류가공품류) 구매,해군군수사령부,주식회사 류홀마트
58507,아이스 과일바(과채가공품류) 구매,해군군수사령부,삼진유통
58508,"워터젤리(과채음료, 혼합음료, 캔디류) 구매",해군군수사령부,주식회사 류홀마트
58509,떠먹는 토핑형 발효유(발효유류) 구매,해군군수사령부,삼진유통
58510,짜먹는 발효유(발효유류) 구매,해군군수사령부,주식회사 명품식품
58511,마시는 발효유(발효유류) 구매,해군군수사령부,지(g)-마트
58512,떠먹는 발효유(발효유류) 구매,해군군수사령부,주식회사 류홀마트
58513,팥빙수(빙과류) 구매,해군군수사령부,삼진유통
58514,팩형 아이스크림 구매,해군군수사령부,류홀마트(합포점)
58515,샌드형 아이스크림 구매,해군군수사령부,삼진유통
58516,컵형 아이스크림 구매,해군군수사령부,삼진유통
58517,콘형 아이스크림 구매,해군군수사령부,핸드메이드 초대점
58518,과채주스 구매,해군군수사령부,핸드메이드 초대점
58519,"콜라,과일탄산(탄산음료류) 구매",해군군수사령부,주식회사 명품식품
58520,이온음료(혼합음료류) 구매,해군군수사령부,주식회사 명품식품
58521,바나나맛우유(가공유류) 구매,해군군수사령부,주식회사 류홀마트
58525,22년 4~5월 부대계약 부식 어육가공품류(제조),제7보병사단,(주)부산해정식품
58530,'22년 부대조달 후식(과일푸딩) 구매,제 2167부대,스파클주식회사
58531,'22년 부대조달 후식(초콜릿) 구매,제 2167부대,하우돈유통
58532,'22년 부대조달 후식(초코바) 구매,제 2167부대,다다유통
58533,'22년 부대조달 후식(워터젤리) 구매,제 2167부대,(주)한일코리아
58534,'22년 부대조달 후식(토핑요거트) 구매,제 2167부대,株式會社 森雅인터내셔날
58535,'22년 부대조달 후식(짜먹는 발효유),제 2167부대,주식회사 파파콜렉션
58536,'22년 부대조달 후식(떠먹는 발효유) 구매,제 2167부대,(주)세계종합유통
58537,'22년 부대조달 후식(마시는 발효유),제 2167부대,주식회사 제이씨이앤엠
58538,'22년 부대조달 후식(튜브형 아이스크림) 구매,제 2167부대,제이엠컴퍼니
58539,'22년 부대조달 후식(샌드형 아이스크림) 구매,제 2167부대,믿음상사
58540,'22년 부대조달 후식(컵형 아이스크림) 구매,제 2167부대,(주) 한성
58541,'22년 부대조달 후식(팩형 아이스크림) 구매,제 2167부대,주식회사 무원물류시스템
58542,'22년 부대조달 후식(콘형 아이스크림) 구매,제 2167부대,주식회사 제이씨이앤엠
58543,'22년 부대조달 후식(팥빙수) 구매,제 2167부대,주식회사 아름상사
58544,'22년 부대조달 후식(과일탄산음료) 구매,제 2167부대,주식회사 엔미디어솔루션
58545,'22년 부대조달 후식(식혜) 구매,제 2167부대,주식회사 에프엔프레시
58546,'22년 부대조달 후식(비타민음료) 구매,제 2167부대,주식회사 하이푸드텍
58547,'22년 부대조달 후식(이온음료) 구매,제 2167부대,초코인터내셔널 주식회사
58548,'22년 부대조달 후식(컵형 커피) 구매,제 2167부대,(주)팔도
58549,'22년 부대조달 후식(사이다) 구매,제 2167부대,(주)파르마코리아
58618,미향(맛술) 구매,해군군수사령부,삼진유통
58626,'22년 4~5월 식자재 다수품목 단가계약,제2군수지원여단,씨제이프레시웨이 주식회사
58633,수산화 칼륨 등 6항목 구매(화생방물자),육군군수사령부,마창케미칼 주식회사
58664,병사식당 부식류 구매,공군교육사령부,주식회사 세븐스타컴퍼니
58674,22-02-068 도시락 용기 등 5품목,공군교육사령부,대명상사
58706,22년 부대조달후식(과일푸딩) 구매,5군수지원사령부,주식회사 경기방재
58707,22년 부대조달후식(떠먹는 토핑형 발효유) 구매,5군수지원사령부,남양유업(주)
58708,22년 부대조달후식(떠먹는 발효유) 구매,5군수지원사령부,신송식품(주)천안공장
58709,22년 부대조달후식(짜먹는 발효유) 구매,5군수지원사령부,주식회사 구정
58710,22년 부대조달후식(마시는 발효유) 구매,5군수지원사령부,씨지에스아이티(주)
58711,22년 부대조달후식(팥빙수) 구매,5군수지원사령부,(주)대림
58712,22년 부대조달후식(컵형 아이스크림) 구매,5군수지원사령부,주식회사남동
58713,22년 부대조달후식(샌드형 아이스크림) 구,5군수지원사령부,(주)태진지엔에스
58714,22년 부대조달후식(팩형 아이스크림) 구매,5군수지원사령부,신송식품(주)천안공장
58715,22년 부대조달후식(콘형 아이스크림) 구매,5군수지원사령부,주식회사 드림팩토리
58716,22년 부대조달후식(커피) 구매,5군수지원사령부,남양유업(주)
58717,22년 부대조달 후식(스트링치즈) 구매,5군수지원사령부,주식회사 큐엔씨유통
58718,22년 부대조달후식(과채주스) 구매,5군수지원사령부,주식회사 큐엔씨유통
58720,22년 부대조달 후식(초콜릿) 구매,5군수지원사령부,엔플러스솔루션스(주)
58721,22년 부대조달 후식(과일바) 구매,5군수지원사령부,(주)대림
58722,22년 부대조달후식(탄산음료) 구매,5군수지원사령부,코리아식품주식회사
58723,22년 부대조달 후식(워터젤리) 구매,5군수지원사령부,주식회사 드림팩토리
58726,전기튀김기 등 3종 구매,제9911부대,지한시너지
58734,샌드위치판넬 등 228종 구매,제8385부대,신우기업(주)
58737,스프링클러 헤드 등 2종 구매,제8385부대,오피스상사
58765,씻어나온쌀 구매,해군군수사령부,류홀마트(합포점)
58768,22년 부대조달 후식(생수),육군제7789부대,주식회사 농협물류
58774,'22년 부대조달 후식(탄산음료),제3군수지원여단,비에이치산업
58775,'22년 부대조달 후식(견과류혼합),제3군수지원여단,펀텍플러스
58776,'22년 부대조달 후식(짜먹는 젤리),제3군수지원여단,오르보
58777,'22년 부대조달 후식(영양바),제3군수지원여단,동연상사
58778,'22년 부대조달 후식(과채주스(소)),제3군수지원여단,주식회사 무원물류시스템
58779,'22년 부대조달 후식(생과일바),제3군수지원여단,한울커머스
58780,'22년 부대조달 후식(마시는 발효유),제3군수지원여단,굿메이드
58781,'22년 부대조달 후식(떠먹는 발효유),제3군수지원여단,매쉬미디어(주)
58782,'22년 부대조달 후식(아이스크림 팩형),제3군수지원여단,태호
58783,'22년 부대조달 후식(아이스크림 샌드형),제3군수지원여단,명테크
58784,'22년 부대조달 후식(커피),제3군수지원여단,커스텀텍
58785,'22년 부대조달 후식(아이스크림 팥빙수),제3군수지원여단,가림시스템
58786,'22년 부대조달 후식(아이스크림 콘형),제3군수지원여단,해듬
58787,'22년 부대조달 후식(에이드),제3군수지원여단,주식회사 그린테이블
58788,'22년 부대조달 후식(초콜릿),제3군수지원여단,다옴컴퍼니
58789,'22년 부대조달 후식(과일푸딩),제3군수지원여단,주식회사 성림
58790,'22년 부대조달 후식(식혜),제3군수지원여단,한민솔루션 주식회사
58791,'22년 부대조달 후식(아이스크림 컵형),제3군수지원여단,이레사이언텍
58792,'22년 부대조달 후식(딸기맛 우유),제3군수지원여단,라온테크
58793,'22년 부대조달 후식(짜먹는 발효유),제3군수지원여단,가온누리
58794,'22년 부대조달 후식(바나나맛 우유),제3군수지원여단,주식회사 윈에스테크
58800,함박스테이크 소용량 구매,해군군수사령부,주식회사 류홀마트
58803,비엔나 소시지 구매,해군군수사령부,삼진유통
58804,떡갈비 소용량 구매,해군군수사령부,주식회사 류홀마트
58839,'22년 바나나 구매,제 2167부대,농업회사법인 계룡 주식회사
58840,'22년 생수 구매,제 2167부대,(주)비락
58887,비빔양념장 구매,해군군수사령부,삼진유통
58888,로타리 햄머드릴 등 18종,해군군수사령부,경진테크
58903,요구르트 구매,해군군수사령부,연우상사
58904,떠먹는발효유 구매,해군군수사령부,에코
58905,멸균딸기우유 구매,해군군수사령부,에코
58906,멸균초코우유 구매,해군군수사령부,주식회사 류홀마트
58907,생수 구매,해군군수사령부,연우상사
58908,가쓰오우동소스 구매,해군군수사령부,삼진유통
58909,데미그라소스 구매,해군군수사령부,주식회사 류홀마트
58910,돈까스소스 구매,해군군수사령부,주식회사 류홀마트
58912,스파게티소스 구매,해군군수사령부,주식회사 류홀마트
58913,까나리액젓 구매,해군군수사령부,삼진유통
58914,식초 구매,해군군수사령부,삼진유통
58917,닭고기 덮밥소스 구매,해군군수사령부,주식회사 류홀마트
58918,컵밥 구매,해군군수사령부,류홀마트(합포점)
58919,미소된장 구매,해군군수사령부,주식회사 류홀마트
58920,돼지불고기양념 구매,해군군수사령부,삼진유통
58921,소불고기양념 구매,해군군수사령부,삼진유통
58922,쇠고기 분말가루 구매,해군군수사령부,행복유통
58923,견과류 구매,해군군수사령부,삼진유통
58924,후레쉬베리 구매,해군군수사령부,행복유통
58925,카스타드 구매,해군군수사령부,행복유통
58928,"(긴급) 양극,부식방지용 등 4종 구매",해군군수사령부,케이테크
58934,스프링 총류(플런저 스프링)등 7항목 제조(특무),육군군수사령부,환호테크
58953,22-해-리치트럭 구매,국군재정관리단,씨지에스아이티(주)
58970,22년 부대조달 후식 (컵형 아이스크림),육군제7789부대,상일제과주식회사
58975,'22년 구명식량 구매,해군군수사령부,주식회사 갑천만수
58990,22년 부대조달 후식 (컵형 아이스크림),육군제7789부대,상일제과주식회사
59010,PSP도시락 등 5품목 구매,제3170부대,성보전설 주식회사
59025,도시락 용기 등 4종 구매,해군교육사령부,주식회사 태촌실업
59070,22년 부대조달 후식(떠먹는 발효유),육군제7789부대,(주)다우텍
59071,'22년 체력단련장 운영용 해장식품 구매,육군인사사령부,세원식품
59090,'22년 영내자후식(컵형아이스크림),제2군수지원여단,주식회사 엠에스전지
59091,'22년 영내자후식(콜라),제2군수지원여단,농업회사법인 행복 주식회사
59092,'22년 영내자후식(바나나맛우유),제2군수지원여단,(주)아이티앤씨
59093,'22년 영내자후식(떠먹는발효유 토핑),제2군수지원여단,더푸드웰(주)
59095,'22년 영내자후식(맛밤),제2군수지원여단,트라치
59096,'22년 영내자후식(과일푸딩),제2군수지원여단,더 푸른
59097,'22년 영내자후식(아몬드초코렛),제2군수지원여단,주식회사 나한
59098,'22년 영내자후식(워터젤리),제2군수지원여단,대한풍력공업(주)
59099,'22년 영내자후식(팥빙수),제2군수지원여단,주식회사 파파콜렉션
59100,'22년 영내자후식(튜브형아이스크림),제2군수지원여단,케이에스피
59101,'22년 영내자후식(팩형아이스크림),제2군수지원여단,엠케이(MK) 물류
59102,'22 영내자후식(샌드형아이스크림),제2군수지원여단,연주상사
59103,'22년 영내자후식(콘형아이스크림),제2군수지원여단,미성종합체육산업 주식회사
59104,'22년 영내자후식(커피캔형),제2군수지원여단,우림
59105,'22년 영내자후식(식혜),제2군수지원여단,오아시스
59107,'22년 영내자후식(과일맛소다),제2군수지원여단,(주)태진지엔에스
59108,'22년 영내자후식(이온음료),제2군수지원여단,삼성정보시스템 주식회사
59109,'22년 영내자후식(떠먹는발효유),제2군수지원여단,라우루스
59110,'22년 영내자후식(짜먹는발효유),제2군수지원여단,디앤에이(DNA)
59111,'22년 영내자후식(마시는발효유),제2군수지원여단,GF(지에프)
59112,'22년 영내자후식(비타민음료),제2군수지원여단,제이엘트레이딩
59113,'22년 영내자후식(사이다),제2군수지원여단,주식회사 마하
59114,22년 부대조달 후식(초코과자),육군제7789부대,주식회사 북아미
59115,22년 부대조달 후식(과일젤리),육군제7789부대,(주)다남정보통신
59117,22년 부대조달 후식(팥빙수),육군제7789부대,(주)성한기업
59118,22년 부대조달 후식(팩형 아이스크림),육군제7789부대,주식회사 삼양소방
59119,22년 부대조달 후식(콘형 아이스크림),육군제7789부대,주식회사 엔미디어솔루션
59120,22년 부대조달 후식(비타민 음료),육군제7789부대,아름상사
59121,22년 부대조달 후식(컵커피),육군제7789부대,(주)대림
59123,22년 부대조달 후식(콜라),육군제7789부대,부흥종합관리(주)
59124,22년 부대조달 후식(과일탄산에이드),육군제7789부대,"주식회사 동아티지(DongATG.Co.,Ltd)"
59125,22년 부대조달 후식(사이다),육군제7789부대,티에스라인시스템 주식회사
59126,22년 부대조달 후식(떠먹는 토핑형 발효유),육군제7789부대,농심태경 주식회사
59127,22년 부대조달 후식(마시는 발효유),육군제7789부대,범창기업 주식회사
59151,라면조리기 구매,제9911부대,리치코리아
59158,'22년 체력단련장 운영용 주류 구매(충청권),육군인사사령부,유한회사 대한주류상사
59167,새우튀김 구매,해군군수사령부,삼진유통
59168,계란지단채 구매,해군군수사령부,삼진유통
59175,실린더 버터플라이 밸브 등 48종,공군군수사령부,중앙기업
59180,K9자주포 스프링 등 11종 구매,육군종합정비창,티케이(T.K)테크
59181,22년 학군 및 장교후보생 증식(음료) 구매,육군학생군사학교,제이앤제이
59185,일회용 도시락 용기 등 4종 구매 납품,제9227부대,형주테크
59188,이온음료 등 104종 구매,제8385부대,바다커뮤니케이션
59201,수육용돼지고기 등 8종 구매,제8385부대,(주)재성
59247,캡사이신소스 구매,해군군수사령부,주식회사 류홀마트
59249,고추기름 구매,해군군수사령부,주식회사 류홀마트
59250,소고기스프 구매,해군군수사령부,류홀마트(합포점)
59251,감자튀김 시즈닝 파우더 구매,해군군수사령부,주식회사 류홀마트
59252,키위 드레싱 구매,해군군수사령부,주식회사 류홀마트
59254,오리엔탈드레싱 구매,해군군수사령부,삼진유통
59255,카레가루 구매,해군군수사령부,삼진유통
59256,데리야끼소스 구매,해군군수사령부,삼진유통
59257,삼색푸실리 구매,해군군수사령부,삼진유통
59258,크림파스타소스 구매,해군군수사령부,주식회사 류홀마트
59259,볶음춘장 구매,해군군수사령부,삼진유통
59260,발사믹드레싱 구매,해군군수사령부,삼진유통
59261,양송이스프 구매,해군군수사령부,행복유통
59263,굴소스 구매,해군군수사령부,행복유통
59269,'22년 삼일절 경축특식(마카롱) 제조,5군수지원사령부,주식회사 큐앤비푸드
59289,돈까스 구매,해군군수사령부,韓昌物産 株式會社
59290,해물완자 구매,해군군수사령부,삼진유통
59292,오징어 튀김 구매,해군군수사령부,삼진유통
59293,칠리새우 구매,해군군수사령부,삼진유통
59294,깐풍기 구매,해군군수사령부,주식회사 류홀마트
59295,야채 고기말이 구매,해군군수사령부,류홀마트(합포점)
59297,멸치고추장 볶음 구매,해군군수사령부,주식회사 류홀마트
59298,감자수제비 구매,해군군수사령부,주식회사 류홀마트
59354,냉장염지조각닭 등 11종 구매,해군군수사령부,주식회사 늘찬푸드
59357,체다슬라이스치즈 구매,해군군수사령부,에코
59358,베이컨 구매,해군군수사령부,류홀마트(합포점)
59359,함박스테이크 구매,해군군수사령부,주식회사 류홀마트
59360,치즈스틱 구매,해군군수사령부,삼진유통
59361,치킨너겟 구매,해군군수사령부,류홀마트(합포점)
59362,핫도그 구매,해군군수사령부,삼진유통
59364,감자고르케 구매,해군군수사령부,삼진유통
59365,단호박샐러드 구매,해군군수사령부,주식회사 푸드앤하우스
59366,짬뽕양념장 구매,해군군수사령부,류홀마트(합포점)
59368,포장순대(슬라이스) 구매,해군군수사령부,삼진유통
59373,돼지생삼겹살 등 12종 구매,해군군수사령부,주식회사 발렌베리
59374,냉동새우 구매,해군군수사령부,삼진유통
59375,생선까스 구매,해군군수사령부,삼진유통
59376,김말이튀김 구매,해군군수사령부,류홀마트(합포점)
59377,재첩국(냉장) 구매,해군군수사령부,류홀마트(합포점)
59378,절단꽃게 구매,해군군수사령부,류홀마트(합포점)
59379,냉동피홍합 구매,해군군수사령부,주식회사 류홀마트
59380,삼계탕한방재료 구매,해군군수사령부,류홀마트(합포점)
59381,깐메추리알 구매,해군군수사령부,주식회사 푸드앤하우스
59382,훈제연어(슬라이스) 구매,해군군수사령부,류홀마트(합포점)
59385,훈제연어(덩어리/냉동) 구매,해군군수사령부,주식회사 류홀마트
59386,뼈발골 닭다리 정육 구매,해군군수사령부,오케이팜
59387,돼지삼겹살(냉동) 등 3종 구매,해군군수사령부,주식회사 명품식품
59388,모듬해물 구매,해군군수사령부,류홀마트(합포점)
59389,차돌박이(냉동/슬라이스) 등 3종 구매,해군군수사령부,핸드메이드 초대점
59390,LA소갈비(냉동) 등 3종 구매,해군군수사령부,주식회사 발렌베리
59429,22-01-038 도시락 용기 등 8품목,공군교육사령부,주식회사 진성하이텍
59461,'22년 경축특식(석가탄신일)(마카롱),육군제7789부대,주식회사 큐앤비푸드
59468,22년 장교후보생 표지장류 납품/부착,육군학생군사학교,주식회사 웨이스트클레이션
59470,'22년 경축특식(석가탄신일)(과일탄산음료),육군제7789부대,지유
59481,쌈무 구매,해군군수사령부,연우상사
59482,냉면육수 구매,해군군수사령부,삼진유통
59483,냉동 유부슬라이스 구매,해군군수사령부,연우상사
59484,해쉬포테이토 구매,해군군수사령부,삼진유통
59485,포장족발(슬라이스) 구매,해군군수사령부,류홀마트(합포점)
59486,모듬콩조림 구매,해군군수사령부,에코
59487,진미채볶음 구매,해군군수사령부,주식회사 류홀마트
59488,김자반 구매,해군군수사령부,주식회사 금오식품
59489,땅콩조림 구매,해군군수사령부,삼진유통
59490,양념시래기 구매,해군군수사령부,에코
59491,명란젓갈 구매,해군군수사령부,에코
59492,마늘장아찌 구매,해군군수사령부,삼진유통
59493,무말랭이무침 구매,해군군수사령부,에코
59494,깻잎장아찌 구매,해군군수사령부,주식회사 명품식품
59495,낙지젓갈 구매,해군군수사령부,삼진유통
59498,명이절임 구매,해군군수사령부,주식회사 금오식품
59514,양념분쇄기 등 5품목 구매,제3170부대,다보유통
59525,카메라 어깨스트랩 하네스 등 77종 구매 납품,제3283부대,일만상사
59553,22년 백령도 두채류 구매 납품,제9196부대,씨제이제일제당주식회사
59554,22년 백령도 도서전투부식 구매 납품,제9196부대,삼성기술 주식회사
59556,22년 백령도 기호식품 구매 납품,제9196부대,주식회사 엔에이치
59557,22년 백령도 가공식품 구매 납품,제9196부대,(주)다남정보통신
59558,22년 소청도 부식 구매 납품,제9196부대,주식회사 고향식품
59559,22년 대청도 부식 구매 납품,제9196부대,주식회사 푸드머스
59560,22년 백령도 김치류 제조 납품,제9196부대,(주)태서식품
59561,파입부대 식자재,공군사관학교,주식회사푸드라인
59567,"(긴급)양극, 부식방지용 등11종",해군군수사령부,주식회사 최고내셔널
59575,'22년 삼일절 경축특식 훈제닭다리(제조/구매),제2군수지원여단,버터볼
59600,기름흡착포 구매,제3170부대,예찬인터네셔날
59606,(자재) 락카스프레이 연밤색 등 28종 구매,육군종합정비창,주식회사 진성하이텍
59612,조리실습재료(감자전분 등 187종) 구매,해군교육사령부,구룡
59623,간부식당 식자재,공군사관학교,다해푸드
59630,"'22년 육류(장교,토성회관)계약",제3훈련비행단,주식회사 진주축산
59637,'22년 삼일절 경축특식(글레이즈드 도넛),제 2167부대,디에스 아이엔디
59642,도토리묵 등 44종 구매,해군작전사령부,그린나래
59643,감자수제비 등 37종 구매,해군작전사령부,주식회사 더존에프에스
59644,감귤 등 18종 구매,해군작전사령부,주식회사 더존에프에스
59647,"22년 기본복지시설(하늘, 은마회관) 식자재 구매",공군제5공중기동비행단,씨제이프레시웨이 주식회사
59658,복지대대 생도식당 계란조림 등 246종 구매,공군사관학교,씨제이프레시웨이 주식회사
59660,'22년 삼일절 경축특식 훈제닭다리,제1군수지원사령부,농업회사법인 행복 주식회사
59661,22년 삼일절 경축특식 (커피음료),육군제7789부대,주식회사 무원물류시스템
59663,'22년 생도증식(건포도 등 180종) 구매,육군사관학교,씨제이프레시웨이 주식회사
59664,'22년 삼일절 경축특식 탄산음료,제1군수지원사령부,크레용 컴퍼니
59668,배추김치 등 9종 구매,해군작전사령부,(주) 자연에프엔에스
59669,'22년 설날 경축특식 냉동슈(제조/구매),제2군수지원여단,대성OA
59670,'22년 삼일절 경축특식 아이스롤케이크,제3군수지원여단,영베이커리
59672,가자미 등 30종(수산물),제7001부대,피앤에스
59675,배추김치 등 3종,제7001부대,농업회사법인 주식회사 제이엠푸드
59676,가지 등 98종(농·축산물),제7001부대,예광
59678,"'22년 공산품 및 채소류(장교,토성회관)계약",제3훈련비행단,주식회사 유노미아
59680,'22년 석가탄신일 경축특식 조각케익세트 제조,제2군수지원여단,영베이커리
59685,'22년 설날 경축특식 커피,제3군수지원여단,주식회사 옹진물산
59689,22년 삼일절 경축특식 (냉동슈),육군제7789부대,주식회사 라온씨앤비
59691,22-체단장 포기김치 등 2종 구매,제9911부대,농업회사법인 정성가득김치 주식회사
59692,22-체단장 계란 등 110종 구매,제9911부대,예광
59693,22년 설날 경축특식(훈제닭다리),5군수지원사령부,에이치디로지스 주식회사
59694,'22년 한마음회관 식자재 구매(김치류 제외),공군군수사령부,주식회사 세븐스타컴퍼니
59695,'22년 미래형 취사식당 시범운영 식자재 구매,제1보병사단,씨제이프레시웨이 주식회사
59702,파병부대 특전복 등 2품목 구매,육군군수사령부,주식회사 더엔진
59706,`22년 레스큐가든 식자재 납품,공군제17전투비행단,청주나누리장애인보호작업장
59708,'22년 설날 경축특식 조각케익,제3군수지원여단,더 푸른
59717,'24-1차 식자재(부식) 구매 -양구지역-,제3군수지원여단,씨제이프레시웨이 주식회사
59721,24년 욕지도 000전진기지대 급식 구매,해군제3함대사령부,파머스 미트
59722,24년 안마도 운용대 급식 구매,해군제3함대사령부,유한회사 형제식품
59723,24년 추자도 운용대 급식 구매,해군제3함대사령부,형제푸드시스템
59724,24년 흑산도 000전진기지대 급식 구매,해군제3함대사령부,주식회사 대성에프앤디
59725,24년 흑산도 운용대 급식 구매,해군제3함대사령부,씨제이프레시웨이 주식회사
59726,24년 욕지도 운용대 급식 구매,해군제3함대사령부,파머스 미트
59727,24년 거문도 운용대 급식 구매,해군제3함대사령부,유한회사 형제식품
59728,`24년 간부식당 김치류 구매,국방부계룡대근무지원단,(주)신세대푸드
59739,체력단련장 식자재(가지 등 174품목) 구매,제9691부대,씨제이프레시웨이 주식회사
59746,'24년1월-3월 부대조달 식자재 구매(식육가공품),제17보병사단,주식회사 프라임푸드시스템
59747,'24년1월-3월 부대조달 식자재 구매(면류),제17보병사단,무민
59749,닭고기 등 12종 구매,제7001부대,영진식자재
59750,가자미 등 29종 구매,제7001부대,행복유통
59751,배추김치 등 3종 구매,제7001부대,주식회사 류홀마트
59757,돼지고기(앞다리살) 등 11종 구매,제2002부대,(주)세계종합유통
59758,배추 등 100종 구매,제2002부대,(주)세계종합유통
59759,떡국떡 등 119종 구매,제2002부대,주식회사상아에프에스
59760,24년 0함대 포장두부 등 32종 구매,해군제3함대사령부,한울F&S
59761,24년 0함대 국수(소면) 등 323종 구매,해군제3함대사령부,(주)해도식품
59762,`24년 간부식당 식자재 구매,국방부계룡대근무지원단,유원푸드
59763,`24년 복지회관 김치류 구매,국방부계룡대근무지원단,농업회사법인 비에스푸드 주식회사
59766,'24년1월-3월 부대조달 식자재 구매(빵류),제17보병사단,주식회사 토리미트
59767,'24년 경축특식(설날) 아이스모찌 제조/구매,제2군수지원여단,비전상사
59768,'24-1차 부대계약 후식(초코류) 구매,제3군수지원여단,로아푸드
59769,'24-1차 부대계약 후식(음료류) 구매,제3군수지원여단,주식회사 엔미디어솔루션
59770,'24-1차 부대계약 영내자증식(컵밥 등 11종),제3군수지원여단,나성푸드
59773,24년 1~3월 부대계약부식(식자재) 구매,5군수지원사령부,이레축산
59775,우육사골 등 10종 구매,제8385부대,다나푸드시스템
59786,"[지원대대]'24년 하늘/우주식당 식자재,축산류 구매",공군교육사령부,이레축산
59793,24년 선수급식(축산물)구매,국군체육부대,농업회사법인 자연과농부주식회사
59795,’24년 국군복지단 식자재 구매,국군복지단,(주)현대그린푸드
59812,24년 1월~2월 부대조달 급식품목(빵류) 구매,제1989부대,이레축산
59813,24년 1월~2월 부대조달 급식품목(식육가공품) 구매,제1989부대,체리시스템
59827,24-1차 빵류 다수품목 단가계약(경기 남부),제1군수지원사령부,주식회사 에스피씨삼립
59828,24-1차 빵류 다수품목 단가계약(경기 서부),제1군수지원사령부,주식회사 에스피씨삼립
59829,24-1차 빵류 다수품목 단가계약(강원 서부),제1군수지원사령부,주식회사 에스피씨삼립
59837,훈련 및 재난대비용 간편식(즉석조리식품) 구매,제22보병사단,아이푸드
59839,돼지생삼겹살 등 3종 구매,해군군수사령부,농업회사법인 주식회사 세명축산
59840,냉장염지조각닭 등 10종 구매,해군군수사령부,백곰유통
59841,진미채볶음 등 3종 구매,해군군수사령부,오케이팜
59842,마늘장아찌 등 3종 구매,해군군수사령부,에코
59843,낙지젓갈 등 2종 구매,해군군수사령부,주식회사 마루유통
59844,바나나 등 14종 구매,해군군수사령부,지(g)-마트
59845,고구마튀김 등 4종 구매,해군군수사령부,주식회사 푸드앤하우스
59847,24년 선수급식(유제품)구매,국군체육부대,농업회사법인(주)푸른샘
59848,"24년 선수급식(농수산, 공산품)구매",국군체육부대,큐엔씨(주)
59852,'24년1월-3월 부대조달 식자재 구매(170 품목),제17보병사단,(주)사조대림
59853,'24-1차 부대계약 후식(커피음료류) 구매,제3군수지원여단,(주)혜성식품
59855,'24년 1분기 식자재 구매,제11기동사단,행복미소 주식회사
59881,'24-1차 식자재(부식) 구매 (식육가공품류),제3군수지원여단,삼일앨엔에스
59882,'24-1차 식자재(부식) 구매 (빵류),제3군수지원여단,(주)디아이
59908,'24-1차 식자재(부식) 구매 -신남ㆍ강릉지역-,제3군수지원여단,주식회사 푸드머스
59916,‘24년 부대계약 부식(1~3월)(빵류) 제조 / 구매,제2군수지원여단,일광정보통신
59917,'24-1차 식자재(부식) 구매 -고성지역-,제3군수지원여단,씨제이프레시웨이 주식회사
59918,'24-1차 식자재(부식) 구매 -인제지역-,제3군수지원여단,주식회사 푸드머스
59920,00비 간부식당 식자재계약,공군제18전투비행단,주식회사 대성에프앤디
59922,00비 간부식당 식자재계약,공군제18전투비행단,주식회사 대성에프앤디
59924,24년 기본복지시설(하늘회관) 김치 공급 계약,공군제5공중기동비행단,주식회사청미각식품
59942,체단장 포기김치 등 5품목 구매,제9691부대,(주)드림엘푸드
59950,체단장 분말짜장 등 173품목 구매,제9691부대,나비유통
59951,'24년 1~3월 부대계약 부식 구매(일반품목),육군교육사령부,주식회사 청밀
59967,콜라 등 11종 구매,제9911부대,스파클주식회사
59968,멸균딸기우유 등 3종 구매,제9911부대,(주)라인물류시스템
59969,슬라이스치즈 등 83종 구매,제9911부대,(주)동진푸드
59970,구이용삼겹살 등 7종 구매,제9911부대,농업회사법인 자연과농부주식회사
59975,'24년 계룡스파텔 식자재 구매,육군인사사령부,주식회사 프레시원중부
59993,24-1차 부대계약 식자재 납품(빵류),제7군수지원단,(유)목양
59994,1~3월 부대조달 경쟁계약품목(부식류) 구매,육군훈련소,주식회사 장가유통
59995,24년 기본복지시설(하늘회관) 식자재 공급 계약,공군제5공중기동비행단,그리니코퍼레이션(주)
59996,23년 추가특식 구매(호빵),육군제7789부대,미가온
59999,사각어묵 등 2종 제조납품,제9911부대,(주)코주부씨앤에프
60001,24-어 양배추 등 38종 구매,제9911부대,동부청과유통
60004,사과 등 10종 구매,제9911부대,주식회사 아름상사
60027,'23년 혹한기훈련용 민수용 작전식량 구매,제3군수지원여단,그리니코퍼레이션(주)
60028,'24-1차 부대계약 후식(발효유) 구매,제3군수지원여단,주식회사 경기방재
60029,'24-1차 부대계약 후식(아이스크림류) 구매,제3군수지원여단,주식회사 육팩토리
60031,24년 신정 경축특식(커피음료(아메리카노)),육군제7789부대,주식회사 그린이엔지
60038,'24년도 하늘/우주식당 김치류 제조 구매,공군교육사령부,주식회사 삼화식품
60111,병영식당 배식용 바트 구매,육군훈련소,인콘365
60129,감자튀김 등 6종,해군 기동함대사령부,참좋은사람들
60152,23-167호 광컨버터 등 132종 구매,해군작전사령부,대경시스템
60159,‘23년 경축특식(신정) 빵류 3품목 구매,제 2167부대,주식회사 이푸드씨스템
60160,‘23년 경축특식(신정) 훈제닭다리 등 2품목 구매,제 2167부대,주식회사 다다
60167,고추장 오리불고기 등 3종 구매,해군 기동함대사령부,주식회사 유풍시그니처
60168,소고기 양념 불고기 등 3종 구매,해군 기동함대사령부,주식회사 제주플로우
60170,생수(소) 등 8종 구매,해군 기동함대사령부,소망영농조합법인
60171,콜라음료 등 7종 구매,해군 기동함대사령부,오도유통
60172,옥수수맛시리얼 등 19종 구매,해군 기동함대사령부,미도찬
60173,갈비탕 등 15종 구매,해군 기동함대사령부,미도찬
60174,감귤파이 등 14종 구매,해군 기동함대사령부,주식회사 한라로지스틱
60175,매운맛라면(봉지) 27종 구매,해군 기동함대사령부,시그니처 상사
60176,버터롤 등 16종 구매,해군 기동함대사령부,오도유통
60178,비엔나소세지 등 7종 구매,해군 기동함대사령부,참좋은사람들
60179,과일즙음료 등 7종 구매,해군 기동함대사령부,주식회사 유풍시그니처
60180,순두부찌개양념 등 24종 구매,해군 기동함대사령부,미도찬
60181,할라피뇨 등 10종 구매,해군 기동함대사령부,주식회사 신제주식품
60182,슬라이스햄 등 9종 구매,해군 기동함대사령부,주식회사 한라로지스틱
60183,콩조림 등 12종 구매,해군 기동함대사령부,소망영농조합법인
60184,찰순대 등 5종 구매,해군 기동함대사령부,미도찬
60185,미트볼 등 5종 구매,해군 기동함대사령부,시그니처 상사
60186,버팔로윙 7종 구매,해군 기동함대사령부,오도유통
60187,치킨스테이크 등 10종 구매,해군 기동함대사령부,주식회사 비비
60188,해물완자 등 9종 구매,해군 기동함대사령부,미도찬
60189,고구마 함박 등 11종 구매,해군 기동함대사령부,제주푸른컴퍼니
60190,감자수제비 등 12종 구매,해군 기동함대사령부,주식회사 비비
60191,계란후라이 등 5종 구매,해군 기동함대사령부,제주로운
60192,등심돈까스 등 4종 구매,해군 기동함대사령부,미도찬
60193,모짜렐라 치즈 등 14종 구매,해군 기동함대사령부,대정
60219,'24-1차 부대계약 후식(과일류) 구매,제3군수지원여단,주식회사 와이케이글로벌
60227,광컨버터 등 19품목 구매(도서지역),제9196부대,돈버는 언니
60234,배추김치 등 3종(제조)구매,해군 기동함대사령부,영농조합법인 무궁무진
60241,'24년 부대계약 부식(1~3월) 구매(일반품목1),제2군수지원여단,아름상사
60242,'24년 부대계약 부식(1~3월) 구매(일반품목3),제2군수지원여단,주식회사 엔에이치
60243,'24년 부대계약 부식(1~3월) 구매(일반품목2),제2군수지원여단,매쉬미디어(주)
60246,'24-1차 부대계약 후식(탄산음료류) 구매,제3군수지원여단,주식회사 늘본푸드
60247,‘24년 1~3월 식자재 다수품목 단가계약,제 2167부대,주식회사 푸드머스
60258,'23-2차 부대계약 부식(천일염) 구매/납품,제5보병사단,주식회사 큰나무
60294,(23육군-물품051)한빛부대 23-3차 급식류 구매,종합보급창,(주)동진푸드
60316,'24년 1~3월 부대급식계약(일반품목),육군제53보병사단,주식회사 야미푸드
60317,‘24년 1~3월 부대조달 부식(빵류 35품목) 구매,제 2167부대,푸디스트 주식회사
60353,‘24년 1~3월 부대조달 부식(돈가스 5품목) 제조/구매,제 2167부대,(주)진푸드시스템
60354,‘24년 1~3월 부대조달 부식(스팸형 햄) 구매,제 2167부대,주식회사 큐엔씨유통
60378,'24년 계룡스파텔 주류 구매,육군인사사령부,유한회사 대한주류상사
60393,'23년 경축특식(성탄절) 간식모음박스 구매,제 2167부대,오스코에프앤비
60414,시설자재(버터플라이밸브)등 246종 구매,자운대근무지원연대,황금나무
60427,"리치트럭, 4000LB지게차 구매",제1862부대,미르텍
60429,24-1차 식자재 다수품목 단가계약(경기 남부),제1군수지원사령부,이레축산
60430,24-1차 식자재 다수품목 단가계약(경기 서부),제1군수지원사령부,(주)아워홈 동서울영업소
60436,병영도서관 및 독서카페 도서 구매 계약,육군 제1포병여단,굿초이스
60444,독서카페 도서 구매& 병영도서관 도서 구매(B179),제21보병사단,서주통상
60463,23-통합간부식당 식자재(가공품),제20전투비행단,(주)현대그린푸드
60477,라면용기 구매,제9181부대,디디인터내셔널
60488,육군훈련소 24년 신정 경축특식 훈제닭다리 제조구매,육군훈련소,농업회사법인주식회사대화농산
60509,서울역 TMO 비품 구매 설치(커피머신),국군수송사령부,푸름컴퍼니
60581,갈비탕 등 9종 구매,제2002부대,우주 스페이스
60618,'23년도 자율운영부식비 납품계약,공군제18전투비행단,하람푸드
60663,의약품(코푸시럽 20ml등 105품목) 구매,제3283부대,송은메디칼
60678,24-1차 부대계약 식자재 납품(가공품류),제7군수지원단,삼성웰스토리 주식회사
60679,23-2차 추가특식 마카롱 구매,제1군수지원사령부,주식회사 월성
60680,23-2차 추가특식 우유생크림빵 제조,제1군수지원사령부,주식회사 푸드코아
60681,육훈소 23년 성탄절 경축특식 마카롱 제조구매,육군훈련소,주식회사 강산푸드앤덕
60713,라면조리기 등 4종 구매,해군군수사령부,가야무역
60716,"(긴급) 스프링, 나선형, 압축 등 39종",해군군수사령부,태양
60722,'23 ~ '24년 체력단련장 식자재 구매(경북권),육군인사사령부,주식회사 강산푸드앤덕
60723,'23 ~ '24년 체력단련장 식자재 구매(충청권),육군인사사령부,수민
60760,제전복 등 6종 구매,제8385부대,청아철물설비
60761,가스튀김기 등 2품목 구매/설치(도서지역),제9196부대,마리컴퍼니_인천
60790,"(화공) 수산화나트륨,공업용등 5종구매",육군종합정비창,삼일이화학상사
60838,'23년 경축특식(신정) 조각케익 제조,제2군수지원여단,장가네제과
60839,23년 11월~12월 영내자 증식 구매,제1989부대,아름상사
60859,보병학교 카페락 주방 덕트 설치납품,육군보병학교,만능유한회사
60919,'23년 경축특식(성탄절) 훈제닭다리 제조/구매,제2군수지원여단,다온
60920,’24년 신정 경축특식 훈제닭다리 (제조),제3군수지원여단,주식회사 에프엔서플라이
60922,식당 및 회관 식자재 납품,제9965부대,(주)아워홈 동서울영업소
60924,23-2차 병사식당 자율운영부식비(현금조미료),공군 제8전투비행단,인서유통
60936,병영도서관/독서카페 도서 구매(정정),제7보병사단,정평
60939,씻어나온 쌀 등 15종 구매,제2002부대,에스와이
60944,11월-12월 부대조달 식자재 구매(면류),제17보병사단,주식회사 강산푸드앤덕
60945,11월-12월 부대조달 식자재 구매(빵류),제17보병사단,주식회사 위주축산
60947,11월-12월 부대조달 식자재 구매(식육가공품),제17보병사단,주식회사 담올
60988,23년 병영도서관 및 독서카페 도서 구매,육군 탄약지원사령부,이달
60994,'24년 신정 경축특식(커피-컵형) 구매,5군수지원사령부,영진C&C
60995,'23년 성탄절 경축특식(에이드) 구매,5군수지원사령부,서인상사
61023,광컨버터 등 66품목 구매(도서지역),제9196부대,케이수아넷
61026,라면조리기 및 이발기 구매,제9181부대,마중물
61032,'23 ~ '24년 체력단련장 식자재 구매(경기권),육군인사사령부,주식회사 아름상사
61033,'23 ~ '24년 체력단련장 식자재 구매(경남권),육군인사사령부,푸른
61063,23-149호 봉지라면(매운맛) 등 12종 구매,해군작전사령부,지큐픽
61064,'23년 경축특식(추가 급식) 빵류 2품목 구매,제 2167부대,동광푸드
61069,훈련용 간편식 구매,제28보병사단,미가온
61083,23년 병영도서관 및 독서카페 도서 구매,제25보병사단,미다운
61084,배추 등 230종 구매,제2002부대,(주)세계종합유통
61129,24년 신정 경축특식(마카롱),육군제7789부대,주식회사 큐앤비푸드
61141,23년 11월~12월 부대계약 식자재납품(돈가스류),제1862부대,(주)세계종합유통
61142,23년 11월~12월 부대계약 식자재납품(후식품),제1862부대,주식회사 케이비통상
61143,23년 11월~12월 부대계약 식자재납품(어육가공품),제1862부대,대경푸드
61144,23년 11월~12월 부대계약 식자재납품(빵류),제1862부대,단디플랫폼
61145,23년 11월~12월 부대계약 식자재납품(식육가공품),제1862부대,주니푸드
61146,23년 11월~12월 부대조달 급식(식육가공품) 구매,제1989부대,(주)세호
61147,23년 11월~12월 부대조달 급식(빵류) 구매,제1989부대,이레축산
61162,11월-12월 부대조달 식자재 구매(156 품목),제17보병사단,(주)세계종합유통
61209,23년 후반기 병영도서관 및 독서카페 도서구매,제9보병사단사령부,에이엔컴퍼니
61222,'24년 설날 경축특식(훈제닭다리) 제조,5군수지원사령부,농업회사법인 행복 주식회사
61223,후반기 영내자 증식(부대계약),제15보병사단,주식회사 강산푸드앤덕
61237,23년 11월~12월 부대계약 식자재납품(부식),제1862부대,주식회사 푸드머스
61272,'23-2차 천일염 구매,제 2167부대,화우
61283,23년 11~12월 부대조달부식(식자재) 구매,5군수지원사령부,주식회사 대선에프에스
61304,23-1차 병영도서관/독서카페 도서 구매,제22보병사단,강호정보통신(주)
61322,'24년 신정 경축특식(냉동조각케이크) 제조,5군수지원사령부,장가네제과
61352,"양극,부식방지용 등 21종",해군제3함대사령부,주식회사 케이디제이
61359,필라멘트 5개 구매,해군제2수리창,소망산업
61388,도서(깨어있는 숲속의 공주 등 269종) 구매,제7001부대,선영테크
61422,`23년 경축특식(추가 급식) 아이스모찌 구매,제 2167부대,선진유통
61438,23년 11~12월 영내자증식(육포 등 3종)구매,육군제53보병사단,주식회사 강산푸드앤덕
61461,돈육(대패삼겹살/냉동) 등 131종 구매,자운대근무지원연대,다해푸드
61477,23년 11~12월 부대계약 부식 구매(일반품목),육군교육사령부,주식회사 엔미디어솔루션
61504,육군훈련소 경쟁계약품목 파스타 등 24건 구매,육군훈련소,주식회사 성지물류
61505,'23년 10~12월 영내자증식 구매,육군교육사령부,수민
61514,23년 4분기 부대계약부식(증식류-4개 품목) 구매,5군수지원사령부,주식회사 푸드나무
61551,'23년 수성회관 식자재 371종 구매,제1방공유도탄여단,로운
61553,23년 생도 피복(예식용품류 9종) 구매,육군3사관학교,천지유통
61581,‘23년 10~12월 식자재 다수품목 단가계약,제 2167부대,(주)현대그린푸드
61582,귀빈실 카페트(23-183),공군제15특수임무비행단,휴심리치료연구소
61584,"양극,전류용,음극방어 부식용 등 6종 구매",해군제2수리창,씨에스 경기
61608,LA갈비 등 3종 구매,해군군수사령부,주식회사 명품식품
61626,23년 병영도서관 및 독서카페 도서 구매,제1보병사단,추가령기프트
61642,23-4차 경축특식 롤케익 제조,제1군수지원사령부,주식회사 온세까세로
61643,23-4차 경축특식 에그타르트 제조,제1군수지원사령부,주식회사 큐앤비푸드
61644,23-4차 경축특식 마카롱 구매,제1군수지원사령부,삼이유통
61645,23-4차 경축특식 탄산음료(제로콜라) 구매,제1군수지원사령부,체리시스템
61646,23-4차 경축특식 냉동슈 제조,제1군수지원사령부,동광푸드
61670,'23년 4분기 부대계약 증식(컵밥 등 5종),제3군수지원여단,하늘푸드
61672,‘23년 10~12월 부대조달 부식(빵류 18품목) 구매,제 2167부대,유스
61689,'23년 10~12월 부대계약 급식품(일반경쟁) 구매,제5보병사단,주식회사 푸드머스
61721,게맛살 등 57품목 구매,연평부대,주식회사 일신웰스
61727,10~12월 식자재 다수품목 단가계약(중기간제외품목),제6보병사단,삼성웰스토리 주식회사
61763,가쓰오우동장국 등 167품목 구매,제2002부대,주식회사 이푸드씨스템
61770,23년 간편식(즉석밥 등 26종) 급식품목 구매,제6보병사단,주식회사 푸드머스
61772,23-2차 부대조달 후식 (음료류),육군제7789부대,주식회사 아름상사
61782,(화공) 부식방지제등 12종 구매,육군종합정비창,그린존
61790,23년 4분기 영내자증식(마카롱),제1군수지원사령부,코리아식품주식회사
61824,23년 10~12월 부대계약 부식(빵류) 제조/구매,제7보병사단,(주)세나
61848,‘23년 10~12월 부대조달 부식(미니돈가스) 제조/구매,제 2167부대,주식회사 대흥푸드
61851,‘23년 10~12월 부대조달 부식(스팸형 햄) 구매,제 2167부대,하랑
61859,리치트럭 구매,해군군수사령부,케이브릿지
61861,'23년 부대계약(10~12월) 부식(빵류)  제조/구매,제2군수지원여단,푸드서플라이
61885,23년 10~12월 식자재 다수품목 구매계약,제7보병사단,씨제이프레시웨이 주식회사
61917,23-4차 부대계약 식자재 납품(식육가공품류),제3군수지원여단,수민
61918,23-4차 부대계약 식자재 납품(빵류),제3군수지원여단,한밭상사
61920,23-4차 부대계약 부식 (면류),육군제7789부대,체리시스템
61921,23-4차 부대계약 부식 (빵류),육군제7789부대,아라푸드
61922,23-4차 부대계약 부식 (된장),육군제7789부대,무민
61923,23-4차 부대계약 부식 (소스류),육군제7789부대,미담
61924,23-4차 부대계약 부식 (식육가공품류),육군제7789부대,로아푸드
61925,‘23년 경축특식(추석/국군의날) 빵류 4품목 구매,제 2167부대,주식회사 두준
61932,`22년 경축특식(추석/국군의 날) 훈제닭다리 등 구매,제 2167부대,동산 주식회사
61935,24년 생도피복 구매(모자 및 견장류),국군간호사관학교,대건정보통신
61937,'23년 부대계약 부식(10~12월) 구매(일반품목),제2군수지원여단,(주)아워홈 동서울영업소
61944,23-ㅇ전단 쌀(백미/10kg) 구매,해군 기동함대사령부,주식회사 한신유통
61962,23년 10~12월 부대계약(빵류),제15보병사단,수민
61964,'23년 병영도서관·독서카페 도서 구매,제6128부대,다올유통
61974,23-4차 부대계약 식자재 납품(부식),제3군수지원여단,(주)현대그린푸드
61976,23-4차 부대계약 부식 (가공품류),육군제7789부대,(주)현대그린푸드
62038,"스프링, 판형 등 15종 구매",해군군수사령부,주식회사 에스엠플래닛
62043,23-4차 부대계약 부식 (보쌈김치),육군제7789부대,(주)동진푸드
62044,23-2차 부대조달 후식 (바나나),육군제7789부대,주식회사 에스피건설
62045,23-2차 부대계약 후식 (빙과류),육군제7789부대,주식회사 팜스웰홀딩스
62046,23-2차 부대계약 후식 (기타과자류),육군제7789부대,주식회사 포티스
62060,"복지대대, 23-19차 ~ 23차 급식혁신사업(브런치)",공군 제8전투비행단,유한회사 대성
62070,23-4차 부대계약 식자재 납품(다수품목 단가계약),제22보병사단,(주)현대그린푸드
62149,23-4차 부대조달 후식 (생수),육군제7789부대,주식회사 대평
62156,스프링노트 등 155종 구매,해군교육사령부,주식회사 피케이
62163,'23년 국군의날 경축특식 에그타르트(제조),제3군수지원여단,장가네제과
62199,23년 국군의날 경축특식 (커피음료),육군제7789부대,주식회사 그린이엔지
62212,영외자식당 식자재 납품업체 계약,공군제1전투비행단,(주)아워홈호남영업소
62277,독서카페용 병영도서 구매,제9181부대,스쿨북
62290,'23년 추석 경축특식 훈제닭다리(제조),제3군수지원여단,농업회사법인 행복 주식회사
62291,육훈소 경축특식 냉동조각케이크 제조/구매,육군훈련소,(주)아인츠푸드
62292,육훈소 국군의날 경축특식 훈제닭다리 제조/구매,육군훈련소,주식회사 토리미트
62293,23년 9월~10월 부대계약 식자재납품(면류),제1862부대,예인에프앤지
62294,23년 9월~10월 부대계약 식자재납품(후식류),제1862부대,예인에프앤지
62295,23년 9월~10월 부대계약 식자재납품(소시지류),제1862부대,무민
62296,23년 9월~10월 부대계약 식자재납품(햄류),제1862부대,주식회사 태건전재
62297,23년 9월~10월 부대계약 식자재납품(돈가스류),제1862부대,주식회사 토리미트
62298,23년 9월~10월 부대계약 식자재납품(빵류),제1862부대,주식회사 이지웨이
62303,23년 추가특식 브라우니 제조,제1군수지원사령부,주식회사 참조은에스에프
62309,23년 10~12월 식자재 다수품목 단가계약,제15보병사단,주식회사 푸드머스
62313,'23년 부대계약 부식(천일염) 구매/납품,제5보병사단,한국유통
62322,화랑회관 한식당 식탁 및 의자 제조,육군사관학교,주식회사 동명디자인
62329,23년 9월~10월 부대계약 식자재납품(부식),제1862부대,(주)현대그린푸드
62336,국군의 날 행사장병 지원 생수 구매,국방부(운영지원과),성공
62345,23-4차 식자재 다수품목 단가계약(경기 북부),제1군수지원사령부,삼성웰스토리 주식회사
62346,23-4차 식자재 다수품목 단가계약(강원 서부),제1군수지원사령부,주식회사 제이브로
62347,23-4차 식자재 다수품목 단가계약(경기 남부),제1군수지원사령부,주식회사 그린테이블
62348,23-4차 식자재 다수품목 단가계약(경기 서부),제1군수지원사령부,주식회사 아름상사
62381,9월 식자재 다수품목 단가계약(중기간제외품목),제6보병사단,(주)아워홈 동서울영업소
62383,23년 9~10월 부대조달 급식품목(빵류) 구매,제1989부대,무민
62384,23년 9~10월 부대조달 급식품목(식육가공품) 구매,제1989부대,주식회사 홍익식품
62429,'23년 성탄절 경축특식(훈제닭다리) 제조,5군수지원사령부,농업회사법인 행복 주식회사
62430,'23년 국군의날 경축특식(냉동조각케이크) 제조,5군수지원사령부,(주)아인츠푸드
62431,'23년 지휘관 및 주임원사 휘장류 제조,육군본부,주식회사 코리아디펜스
62444,’23년 8~10월 영내자 증식 구매,제1989부대,주식회사 강산푸드앤덕
62453,`23년 9~10월 부대계약부식(식자재) 구매,5군수지원사령부,씨제이프레시웨이 주식회사
62457,가스튀김기(2구) 등 2종 구매,제8385부대,(주)동건
62466,'23년 비상식수원식수지원(생수) 구매,제3군수지원여단,엄마푸드
62469,(23육군-해파036)동명부대 이온음료 등 22품목 구매,종합보급창,에스엠엔씨
62487,23년 9~10월 부대계약 부식 구매(일반품목),육군교육사령부,씨제이프레시웨이 주식회사
62521,'23년 부대계약 부식(천일염) 구매/납품,제5보병사단,초이스툴
62541,쇠고기 다시다 등 6종,제5738부대,유원텍
62542,(23육군-해파037)배추김치 등 5품목 제조구매,종합보급창,농업회사법인 주식회사 대성식품팔도맛김치
62560,23년 추가특식 탄산음료(제로콜라) 구매,제1군수지원사령부,주식회사 범산
62587,영외자식당 김치 납품업체 계약,공군제1전투비행단,빛고을김치영농조합법인
62588,"병사식당 현금구매사업(자율 부재료, 조미료)",공군제1전투비행단,인서유통
62591,'23년 9~10월 부대계약(영내자 증식)구매,육군제53보병사단,푸드서플라이
62611,(23육군-해파035)깻잎무침 등 26품목 구매,종합보급창,원스텝
62628,‘23년 경축특식(광복절) 아이스모찌 구매,제 2167부대,농업회사법인 주식회사 기린에프디
62648,‘23년 경축특식(광복절) 글레이즈드 도넛 구매,제 2167부대,성공
62649,‘23년 경축특식(광복절) 마카롱 구매,제 2167부대,화우
62650,‘23년 경축특식(광복절) 훈제닭다리 구매,제 2167부대,주식회사 강산푸드앤덕
62657,연기식감지시 스프레이 등 11종 구매,자운대근무지원연대,쌍용물산
62662,'23년 8~9월 부대계약품목(증식-8품목) 구매계약,5군수지원사령부,무민
62674,23-1차 도서구매(병영도서관 및 독서카페),제17보병사단,광명물산
62694,23년 병영도서관 독서카페 도서구매,제8기동사단,캠프홀릭
62702,스프레이건 등 4품목 구매,제9181부대,정가네잡화점
62708,포장족발(슬라이스) 구매,해군군수사령부,영농조합법인 초현
62709,훈제연어(덩어리/냉동) 구매,해군군수사령부,류홀마트(합포점)
62713,음식물 분쇄기 14EA 구매,해군군수사령부,에이스건설산업
62777,차돌박이(냉동) 등 2종 구매,해군군수사령부,영농조합법인 초현
62821,23년 병사식당 자율운영부식비,공군제19전투비행단,수민
62878,23년 8~9월 천일염 구매,제1군수지원사령부,한밭상사
62879,23-3차 경축특식 쿠키슈 제조(2권역),제1군수지원사령부,동광푸드
62880,23-3차 경축특식 쿠키슈 제조(1권역),제1군수지원사령부,주식회사 참조은에스에프
62881,23-3차 경축특식 에그타르트 제조,제1군수지원사령부,주식회사 큐앤비푸드
62882,23-3차 경축특식 마카롱 구매(2권역),제1군수지원사령부,농업회사법인 주식회사 기린에프디
62883,23-3차 경축특식 마카롱 구매(1권역),제1군수지원사령부,화우
62884,23-3차 경축특식 롤케익 제조,제1군수지원사령부,동광푸드
62885,23-3차 경축특식 닭윙 or 닭봉 구매,제1군수지원사령부,주식회사 그린이엔지
62886,23-3차 경축특식 냉동슈 제조,제1군수지원사령부,동광푸드
62904,"(236298-C) 프린터,3차원식(샌드형) 구매",국군재정관리단,다산상선 주식회사
62919,'23년 경축특식(추석) 조각케익 제조,제2군수지원여단,동광푸드
62987,청룡회관 후반기 식자재 구매(감자 등),제9181부대,주식회사 아름상사
62996,8월-10월 부대조달 식자재 구매(153품목),제17보병사단,(주)현대그린푸드
62998,'23년 7~9월 영내자증식 구매,육군교육사령부,주식회사 강산푸드앤덕
63018,청룡회관 후반기 식자재 구매(육류),제9181부대,무민
63027,라면조리기 1대 구매,해군작전사령부,벨컴(vvelcome)
63105,라면조리기 2대 구매,해군작전사령부,대광산업
63120,파인애플 등 231종 구매,제8385부대,드림미트
63121,오리고기 등 31종 구매,제8385부대,주식회사 대성에프앤디
63130,'23년 경축특식(국군의 날) 훈제닭다리 제조/구매,제2군수지원여단,모두다컴퍼니
63131,'23년 경축특식(광복절) 마카롱 제조,제2군수지원여단,주식회사 큐앤비푸드
63132,23-3차 부대계약 식자재 납품(부식)(2차),제3군수지원여단,주식회사 코주부비앤에프 (B&F)
63133,’23년 광복절 경축특식 마카롱 (제조),제3군수지원여단,주식회사 씨케이하우스
63199,23년 장교후보생 기초장병증식(생수),육군학생군사학교,넥스트정보
63205,23년 부대조달후식(바나나) 구매,5군수지원사령부,성서문고
63247,갈비탕 등 9종 구매,제2002부대,제이케이스토어
63269,육훈소 광복절 경축특식 글레이즈도넛 제조구매,육군훈련소,(유)목양
63273,'23년 부대조달 후식(생수) 구매,제1862부대,제이컴
63313,23년 7월~8월 부대계약 식자재납품(돈가스),제1862부대,하늘푸드
63317,23년 영내자증식(컵밥 등 3종)구매,육군제53보병사단,주식회사 프라임푸드시스템
63320,23년 7월~8월 부대계약 식자재납품(햄류),제1862부대,토리컴퍼니
63321,23년 7월~8월 부대계약 식자재납품(소시지),제1862부대,주식회사 토리미트
63327,23년 7월~8월 부대계약 식자재납품(빵류),제1862부대,대경푸드
63328,23년 7월~8월 부대계약 식자재납품(햄류),제1862부대,토리컴퍼니
63329,23년 7월~8월 부대계약 식자재납품(소시지),제1862부대,주식회사 토리미트
63330,23년 광복절 특식 (초코조각케익),육군제7789부대,영베이커리
63349,"'23년 7,8월 부대조달 급식품목(빵류) 구매",제1989부대,아라푸드
63352,23년 광복절 특식 (커피),육군제7789부대,무민
63380,군장품 흉장류 제조,공군군수사령부,주식회사 엠즈
63392,'23년 식자재 재포장 재료 구매,제1군수지원사령부,엘도라도
63422,"23년 7,8월 부대계약 급식품목(식육가공품) 구매",제1989부대,이레축산
63423,23년 7월~8월 부대계약 식자재납품(부식),제1862부대,주식회사 푸드머스
63424,`23년 생수 구매,제 2167부대,코리아식품주식회사
63425,‘23년 7~9월 부대조달 부식(미니돈가스) 제조/구매,제 2167부대,주식회사 대흥푸드
63432,‘23년 7~9월 식자재 다수품목 단가계약,제 2167부대,(주)아워홈 동서울영업소
63478,23년 7월~8월 부대계약 식자재납품(어육가공품),제1862부대,(주)코주부씨앤에프
63481,7~8월 식자재 다수품목 단가계약(중기간제외품목),제6보병사단,(주)아워홈 동서울영업소
63494,23년 부대조달 영내자증식 마카롱 구매,제1군수지원사령부,주식회사 하이테크비젼
63516,"23-001 조미료, 부재료",공군제5공중기동비행단,참조은푸드
63517,"23-001 조미료, 부재료",공군제5공중기동비행단,참조은푸드
63522,23-3차 부대계약 식자재 납품(다수품목 단가계약),제22보병사단,주식회사 푸드머스
63537,도서전투부식 구매,연평부대,(주)조은아이앤에스
63545,'23년 3분기부대조달 식자재(일반경쟁),제3보병사단,(주)현대그린푸드
63552,자주포 스프링류,지상공통전력운영계약팀,원탑 하이테크
63590,DC-DC컨버터 모듈 등 19종 구매,제9121부대,대인종합상사
63609,LA소갈비(냉동) 등 3종 구매,해군군수사령부,송림축산
63628,23-2차 부대계약 증식(컵밥 등 2종) 구매,제3군수지원여단,주식회사 토리미트
63629,인버터 등 10항목 구매(궤도공구),육군군수사령부,주식회사 범만테크
63650,까스활명수 등 72품목 구매,연평부대,맘메디칼
63656,23년 7~9월 식자재 다수품목 구매계약,제7보병사단,(주)현대그린푸드
63672,'23년 7~8월 부대계약 급식(일반경쟁품목) 구매,제5보병사단,삼성웰스토리 주식회사
63683,'23년 7~8월 부대계약 급식(일반경쟁품목) 구매,제5보병사단,삼성웰스토리 주식회사
63730,23년 병영도서관/독서카페 도서 구매,제51보병사단,임마누엘
63735,'23년 위험물취급자 안전장구류(제전복 등 8종) 구매,5군수지원사령부,미성상사
63741,육군훈련소 제헌절 경축특식 훈제닭다리 제조/구매,육군훈련소,파머스 미트
63750,육군훈련소 제헌절 경축특식 훈제닭다리 제조/구매,육군훈련소,파머스 미트
63766,23년 7~8월 부대계약품목(식자재) 구매,5군수지원사령부,(주)현대그린푸드
63769,23-3차 부대조달 후식 (생수),육군제7789부대,PHOTOhi
63795,23-3차 부대조달 후식 (생수),육군제7789부대,이스트레이크
63835,‘23년 7~9월 부대조달 부식(스팸형햄)구매,제 2167부대,모건다비드
63836,'23년 부대계약(7~9월) 부식(빵류) 제조/구매,제2군수지원여단,예인에프앤지
63865,23년 전반기 병영도서관 및 독서카페 도서 구매(경기),육군 52보병사단,(CNN)글로벌
63866,23년 전반기 병영도서관 및 독서카페 도서 구매(서울),육군 52보병사단,태박
63898,23년 후반기 부대계약 후식(팩형아이스크림) 구매,제3군수지원여단,주식회사 에바다
63899,23년 후반기 부대계약 후식(팥빙수) 구매,제3군수지원여단,다온
63900,23년 후반기 부대계약 후식(제로콜라) 구매,제3군수지원여단,(주)한일코리아
63901,23년 후반기 부대계약 후식(콘형아이스크림) 구매,제3군수지원여단,주식회사 천일
63902,23년 후반기 부대계약 후식(컵형아이스크림) 구매,제3군수지원여단,오스코에프앤비
63903,23년 후반기 부대계약 후식(컵커피(라떼)) 구매,제3군수지원여단,푸드앤팜
63904,23년 후반기 부대계약 후식(초코과자) 구매,제3군수지원여단,다온
63905,23년 후반기 부대계약 후식(짜먹는발효유) 구매,제3군수지원여단,엄마푸드
63906,23년 후반기 부대계약 후식(이온음료) 구매,제3군수지원여단,체리시스템
63908,23년 후반기 부대계약 후식(아메리카노) 구매,제3군수지원여단,주식회사 엔미디어솔루션
63909,23년 후반기 부대계약 후식(제로사이다) 구매,제3군수지원여단,(주)굿푸드시스템
63910,23-3차 부대계약 식자재 납품(부식),제3군수지원여단,삼성웰스토리 주식회사
63911,7~9월 경쟁계약품목(김말이튀김 등 24개) 구매,육군훈련소,와이에스컨설팅
63912,7~9월 부대조달 부식(꼬치어묵 등 2품목) 제조/구매,제 2167부대,(주)코주부씨앤에프
63913,‘23년 7~9월 부대조달 부식(모닝빵 등 3종) 구매,제 2167부대,주식회사 이지웨이
63916,스프링류,지상공통전력운영계약팀,월드정밀
63958,23년 후반기 부대계약 후식(비타민음료) 구매,제3군수지원여단,무민
63959,23년 후반기 부대계약 후식(마시는발효유) 구매,제3군수지원여단,남양부직포(주)
63960,23년 후반기 부대계약 후식(토핑형 발효유) 구매,제3군수지원여단,주식회사 삼양소방
63961,23년 후반기 부대계약 후식(떠먹는발효유) 구매,제3군수지원여단,오스코에프앤비
63962,23년 후반기 부대계약 후식(과일푸딩) 구매,제3군수지원여단,(주)다남정보통신
63963,23년 후반기 부대계약 후식(과일탄산음료) 구매,제3군수지원여단,참좋은사람들
63964,23년 후반기 부대계약 후식(과일젤리) 구매,제3군수지원여단,무민
63965,23년 7~8월 부대계약 부식 구매(일반품목),육군교육사령부,주식회사 청밀
63990,부식방지제 등 2품목 구매,제3170부대,다온종합상사
64020,광컨버터 등 29품목 구매(도서지역),제9196부대,경방이앤씨
64029,'23년 부대계약 부식(7~9월) 구매(일반품목),제2군수지원여단,(주)현대그린푸드
64042,23-4차 복지기금비품(라면조리기 등 3종) 구매,국군의무사령부,동진산업
64044,'23년 식자재 자율운영부식 연간 계약,공군제10전투비행단,주식회사 푸드밀
64076,바나나우유 구매,해군군수사령부,백곰유통
64079,부식방지제 등 21종 구매,해군군수사령부,에코플루이드
64120,'23년 7~8월 부대급식계약(일반품목),육군제53보병사단,주식회사 아름상사
64121,23년 6월 부대계약 식자재납품(빵류),제1862부대,(유)목양
64122,23년 6월 부대계약 식자재납품(식육가공품-햄류),제1862부대,주식회사 한국물산
64123,23년 6월 부대계약 식자재납품(식육가공품-소시지),제1862부대,주식회사 홍익식품
64124,23년 6월 부대계약 식자재납품(식육가공품-돈가스),제1862부대,수민
64126,23-3차 빵류 다수품목 단가계약(경기 북부) 수정,제1군수지원사령부,주식회사 에스피씨삼립
64127,23-3차 빵류 다수품목 단가계약(경기 남부) 수정,제1군수지원사령부,주식회사 에스피씨삼립
64128,23-3차 빵류 다수품목 단가계약(강원 서부) 수정,제1군수지원사령부,주식회사 에스피씨삼립
64129,23-3차 빵류 다수품목 단가계약(경기 서부) 수정,제1군수지원사령부,주식회사 에스피씨삼립
64152,'23년 병영도서관 및 독서카페 도서구입(정정),제1989부대,유율
64177,2023 국군수도병원 특수영양식 36품목 구매 계약,국군수도병원,주식회사금성푸드서비스
64185,"23-143, 전운대대, 23년 병사식당 기타식자재",공군 제8전투비행단,파머스 미트
64192,2023 국군수도병원 특수영양식 36품목 구매 계약,국군수도병원,주식회사금성푸드서비스
64193,2023 국군수도병원 특수영양식 36품목 구매 계약,국군수도병원,주식회사금성푸드서비스
64225,23년 6월 부대계약 식자재납품(부식),제1862부대,삼성웰스토리 주식회사
64228,'23년 부식류 재포장재료 구매,제 2167부대,오스티가
64234,'23년 병사식당 자율부식 납품 계약,공군작사근무지원단,인서유통
64250,23-3차 식자재 다수품목 단가계약(경기 서부),제1군수지원사령부,주식회사 제이브로
64251,23-3차 식자재 다수품목 단가계약(경기 북부),제1군수지원사령부,호미식품
64252,23-3차 식자재 다수품목 단가계약(경기 남부),제1군수지원사령부,주식회사 엔미디어솔루션
64253,23-3차 식자재 다수품목 단가계약(강원 서부),제1군수지원사령부,(주)아워홈 동서울영업소
64273,00부대 가압장 인버터 전동기 및 자동제어반 제작설치,육군 제1군단,(주)이일엔지니어링
64274,기름때 청소용 바닥 세척기 구매,제8기동사단,충이네트워크
64275,23년 제헌절 특식 (제로탄산음료),육군제7789부대,체리시스템
64279,'23년 부식 재포장재료 구매,제2군수지원여단,주식회사 리안엔텍
64281,23년 제헌절 특식 (제로탄산음료),육군제7789부대,체리시스템
64292,23-N- 리치트럭구매(238157-F),국군재정관리단,(주)클라크EV
64299,2023년 국군수도병원 특수수술재료(드레싱재료1) 구매,국군수도병원,주식회사 코어메드
64321,양극 부식방지용 등 17종 구매(086),해군제1수리창,천곡철물상사
64324,"(긴급) 밸브, 버섯형, 엔진용 등 25종",해군군수사령부,에스알테크
64350,23년 7~9월 부대계약(빵류),제15보병사단,푸디스트 주식회사
64357,"스로틀 링키지 등 76종, 샘표적기 제작 자재",공군군수사령부,넥스인포텍
64389,"(긴급) 양극, 부식방지용 등 7종",해군군수사령부,쓰리지엠
64408,23년 7~9월 식자재 다수품목 단가계약,제15보병사단,주식회사 푸드머스
64436,"스프링,지지용",지상공통전력운영계약팀,대린테크
64501,K77지휘차 스프링 등 12종 구매,육군종합정비창,태한주식회사
64535,'23년 경축특식(제헌절) 글레이즈드 도넛 제조/구매,제2군수지원여단,니즈스토리
64609,"필라멘트,아이보리색 등 11종, 3D프린터 자재 구매",공군군수사령부,조아텍(JOA)
64610,'23년 6~9월 부대조달 부식(콩나물) 구매,제 2167부대,풀매스토리
64672,도시락 용기 등 4종 구매,해군교육사령부,주식회사 이현코리아
64689,'23년 제헌절 경축특식(글레이즈드도넛)구매,제 2167부대,주식회사 디유케이바이오산업
64690,'23년 부처님 오신 날 경축특식(훈제닭다리)제조/구매,제 2167부대,한양제너럴푸드
64702,23년 병사식당 식자재(육류) 납품,공군제15특수임무비행단,주식회사 담터안심먹거리조합
64739,콩나물 구매,해군군수사령부,에코
64742,계란지단채 구매,해군군수사령부,주식회사 류홀마트
64743,단무지 구매,해군군수사령부,에코
64744,감자튀김 구매,해군군수사령부,주식회사 금오식품
64752,리치트럭 1SET 구매,해군군수사령부,(주)한국물류로봇
64778,육훈소 콩나물 세척구매,육군훈련소,NH
64792,'23년 경축특식(석가탄신일) 쿠키슈 제조,제2군수지원여단,장가네제과
64811,"'23년 2분기 단결활동 식자재 조달(삼겹살, 한우등심)",제3보병사단,주식회사 장가유통
64812,'23년 제헌절 경축특식(마카롱) 제조,5군수지원사령부,장가네제과
64853,'23년 사운드소스(음원 및 저작권) 구매,육군본부,하이파이브
64906,23년 5월 부대계약 식자재납품(식육가공품-소시지),제1862부대,파머스 미트
64911,23년 5월 부대계약 식자재납품(식육가공품-햄류),제1862부대,모아테크
64912,23년 5월 부대계약 식자재납품(빵류),제1862부대,주식회사 마하
64913,23년 5월 부대계약 식자재납품(식육가공품-돈가스),제1862부대,주식회사 강산푸드앤덕
64938,23년 5월 부대계약(부식) 식자재 납품,제1862부대,주식회사 푸드머스
64974,기름보일러 등 225품목 구매,연평부대,블루웨일시스템
64977,'23년 계룡스파텔 식자재 통합구매,육군인사사령부,푸디스트 주식회사
64995,'23년 광복절 경축특식(훈제닭다리) 제조,5군수지원사령부,농업회사법인 행복 주식회사
64996,'23년 석가탄신일 경축특식(조각케이크) 제조,5군수지원사령부,동광푸드
65001,튀김기 등 3종 구매,제9911부대,제일피알
65006,'23년 비파괴검사과 재료 구매,육군 탄약지원사령부,알티하이텍
65023,전투부식(김치날치알밥 등 14품목) 구매,제9해병여단,제주그린유통
65040,23년 추가 경축특식 커피 구매,제1군수지원사령부,주식회사 그린이엔지
65041,23년 석가탄신일 경축특식 훈제닭가슴살 구매,제1군수지원사령부,아름상사
65042,23년 제헌절 경축특식 마카롱 구매,제1군수지원사령부,시온하이텍
65043,23년 2분기 경축특식 쿠키 구매(2권역),제1군수지원사령부,초이원
65044,23년 2분기 경축특식 쿠키 구매(1권역),제1군수지원사령부,다온
65045,23년 제헌절 경축특식 쿠키슈 제조,제1군수지원사령부,동광푸드
65066,고추장 돼지삼겹불고기 등 5종 구매,해군 기동함대사령부,주식회사 제주플로우
65117,'23년 5~6월 부대계약품목(식자재) 구매,5군수지원사령부,씨제이프레시웨이 주식회사
65139,"스프링,나선형,인장용 등 19항목 일반제조(기장)",육군군수사령부,창진ENG(주)
65145,(236159-E) 불모지작전 경감자재(야자매트) 제조,국군재정관리단,시흥용사촌안흥합성 주식회사
65153,'23년 병사식당 자율운영부식(현금조미료) 식자재계약,공군 제8전투비행단,주식회사 아이원
65164,"23년 5,6월 부대조달 급식품목(빵류) 구매",제1989부대,(주)정원로지스
65165,새우튀김 구매,해군군수사령부,주식회사 이레유통
65166,함박스테이크 구매,해군군수사령부,지(g)-마트
65174,"23년 5,6월 부대조달 급식품목(식육가공품) 구매",제1989부대,수민
65175,"23년 5,6월 부대조달 급식품목(빵류) 구매",제1989부대,(주)정원로지스
65176,23년 부대조달 후식(바나나) 구매,제3군수지원여단,태금유통주식회사
65221,소고기 양념 불고기 등 6종 구매,해군 기동함대사령부,오도유통
65226,"'23년 체력단련장 식자재 구매(선봉, 사자)",육군인사사령부,(주)휘성
65230,"복지대대, 광성회관 식자재(육류)",공군제11전투비행단,피그패밀리
65270,"구명식량 10,000BX 구매",해군군수사령부,지앤와이일렉텍(주)
65290,2023 국군수도병원 특수수술재료(드레싱재료 2) 구매,국군수도병원,한스테크
65307,'23년 5~6월 부대급식계약(면류),육군제53보병사단,(주)동성식품
65311,23-N-주사전자현미경 구매,국군재정관리단,칼자이스 주식회사
65324,(도장자재) 락카스프레이 등 20품목 구매,육군종합정비창,주식회사 창원상사
65366,"(긴급)필라멘트,울템용 등 2종",해군군수사령부,(주)비아이엔씨
65376,5월-7월 부대조달 식자재 구매(126 품목),제17보병사단,엄마푸드
65377,23년 육훈소 가공후식(마시는 발효유)구매,육군훈련소,앤줄라이
65407,(수정)23년 영내자 증식 조달(떡류),제3보병사단,지평
65422,23년 부대조달 후식 초콜렛 계약,제1군수지원사령부,그린 유통사
65423,23년 부대조달 후식 요구르트 계약,제1군수지원사령부,(주)다남정보통신
65424,23년 부대조달 후식 쿠키 계약,제1군수지원사령부,매쉬미디어(주)
65425,23년 부대조달 후식 컵형아이스크림 계약,제1군수지원사령부,한양제너럴푸드
65436,"복지대대, 광성회관 식자재(농·수산물 및 공산품류)",공군제11전투비행단,주식회사 대성에프앤디
65453,우육사골 등 6종 구매,제8385부대,다나푸드시스템
65460,’23년 백령도 복지회관 식자재 구매,제9196부대,순식품
65478,23년 5~6월 부대계약 부식 구매(일반품목),육군교육사령부,주식회사 삼마기업
65487,계약)병사식당 식사재(자율부식비 및 즉석밥) 구매,공군교육사령부,이엠미트
65512,청룡회관 2분기 식자재 구매(감자 등),제9181부대,나비유통
65513,청룡회관 2분기 식자재 구매(육류),제9181부대,더 황우빈
65529,환자치료식재료(농산품 491종) 연간계약,국군대전병원,(주)비룡푸드
65575,굴소스 구매,해군군수사령부,행복유통
65578,육군훈련소 경축특식 글레이즈드 도넛 제조구매,육군훈련소,동광푸드
65579,육군훈련소 23년 생수(500ml)제조/구매,육군훈련소,주식회사 이롬
65620,샌드위치 판넬 등 41품목 구매,제9181부대,주식회사 레이크하우징
65621,참치마요덮밥 등 15종 구매,해군 기동함대사령부,주식회사 한신유통
65644,"스크린,기름 탱크용 등 9항목 일반제조(특무)",육군군수사령부,보고통상
65669,'23년 1분기 영내자 증식(도넛) 구매,제 2167부대,주식회사 플러스
65685,라면조리기 등 4품목 구매,연평부대,수연
65694,'23년 5~6월 부대급식계약(일반품목),육군제53보병사단,농업회사법인 다올주식회사
65696,23년 5~6월 부대급식계약(어묵류),육군제53보병사단,주식회사 부산어묵
65724,4~6월 부대조달 부식(오색모듬어묵 등 3종) 제조/구매,제 2167부대,(주)코주부씨앤에프
65725,‘23년 4~6월 부대조달 부식(가자미까스) 제조/구매,제 2167부대,(주)해도식품
65730,부품제작자재 스프링강선 등 46종 구매,육군종합정비창,(주)종로인더스트리
65747,양념분쇄기 등 6품목 구매,제3170부대,대경솔루션
65750,23년 육훈소 가공후식(탄산음료)구매,육군훈련소,주식회사 지호푸드서비스
65756,토스트소스 구매,해군군수사령부,백곰유통
65757,크림파스타 소스 구매,해군군수사령부,영진식자재
65758,오리엔탈드레싱 구매,해군군수사령부,류홀마트(합포점)
65759,데리야끼소스 구매,해군군수사령부,류홀마트(합포점)
65760,짬뽕양념장 구매,해군군수사령부,행복유통
65761,미소된장 구매,해군군수사령부,류홀마트(합포점)
65762,맛술 구매,해군군수사령부,삼진유통
65763,까나리액젓 구매,해군군수사령부,지(g)-마트
65764,소불고기양념 구매,해군군수사령부,지(g)-마트
65765,마요네즈 구매,해군군수사령부,영진식자재
65766,카레가루 구매,해군군수사령부,삼진유통
65767,식초 구매,해군군수사령부,진해식자재마트
65768,스파게티소스 구매,해군군수사령부,류홀마트(합포점)
65769,쇠고기 분말가루 구매,해군군수사령부,에코
65770,돼지불고기양념 구매,해군군수사령부,류홀마트(합포점)
65771,매실농축액 구매,해군군수사령부,주식회사 금오식품
65774,23년 육훈소 부대조달 가공후식(팥빙수)구매,육군훈련소,(주)디아이
65775,23년 육훈소 가공후식(튜브형 아이스크림)구매,육군훈련소,주식회사 푸드밀
65776,23년 육훈소 가공후식(탄산음료)구매,육군훈련소,주식회사 지호푸드서비스
65777,23년 가공후식 팩형아이스크림 구매,육군훈련소,다온
65778,23년 육훈소 가공후식(떠먹는 발효유)구매,육군훈련소,참조은푸드
65789,23-통합간부식당 식자재(축산품) 구매,제20전투비행단,다해푸드
65792,"스프링 등 26항목 제조(생산능력,궤도)",육군군수사령부,부산링구공업사
65826,23년 육훈소 가공후식(떠먹는 토핑형 발효유)구매,육군훈련소,스파클주식회사
65829,양송이스프 구매,해군군수사령부,주식회사 류홀마트
65857,핫도그 구매,해군군수사령부,삼진유통
65858,생우동 구매,해군군수사령부,영진식자재
65859,치즈스틱 구매,해군군수사령부,주식회사 류홀마트
65860,냉동 유부슬라이스 구매,해군군수사령부,에코
65861,해쉬포테이토 구매,해군군수사령부,삼진유통
65862,체다슬라이스 치즈 구매,해군군수사령부,에코
65863,견과류 구매,해군군수사령부,삼진유통
65865,카스타드 구매,해군군수사령부,에코
65866,요구르트 구매,해군군수사령부,연우상사
65867,요거트푸딩 구매,해군군수사령부,주식회사 이레유통
65868,떠먹는발효유 구매,해군군수사령부,진해식자재마트
65869,생수(소) 구매,해군군수사령부,주식회사 류홀마트
65870,씻어나온 쌀 구매,해군군수사령부,지(g)-마트
65872,23년 4월 부대계약 식자재납품(식육가공품-미트볼),제1862부대,(주)태림에프웰
65874,23년 육훈소 가공후식(컵형 아이스크림)구매,육군훈련소,아름상사
65875,23년 육훈소 가공후식(짜먹는 발효유)구매,육군훈련소,(주) 태성김치
65876,23년 육훈소 가공후식(이온음료)구매,육군훈련소,주식회사 토리미트
65877,23년 육훈소 가공후식(워터젤리)구매,육군훈련소,주식회사 푸드밀
65878,23년 육훈소 가공후식(바나나맛 우유)구매,육군훈련소,매쉬미디어(주)
65879,23년 육훈소 가공후식(떠먹는 토핑형 발효유)구매,육군훈련소,스파클주식회사
65880,23년 육훈소 가공후식(과채주스)구매,육군훈련소,푸드앤팜
65881,23년 육훈소 가공후식(과일푸딩)구매,육군훈련소,미담채
65905,충전햄머드릴 등 3항목 구매(궤도공구),육군군수사령부,뉴테크정보통신 주식회사
65906,4~6월 부대조달부식(치즈롤돈가스 등 4종) 구매,제 2167부대,주식회사상아에프에스
65910,23년 장거리이동 신병 도시락 제조/구매,육군종합군수학교,주식회사 다옴에프앤씨
65911,"23-2차 4,5,6월 부대계약 식자재 계약(2단계경쟁)",제3보병사단,주식회사 현대그린푸드
65924,23년 4월 부대계약 식자재납품(불고기패티),제1862부대,대경푸드
65925,23년 4월 부대계약 식자재납품(빵류),제1862부대,무민
65926,23년 4월 부대계약 식자재납품(면류),제1862부대,주식회사 육팩토리
65927,4월 부대계약 식자재납품(식육가공품-팝콘형치킨),제1862부대,(주)주연
65928,23년 4월 부대계약 식자재납품(식육가공품-소시지),제1862부대,주식회사 토리미트
65929,23년 4월 부대계약 식자재납품(식육가공품-돈가스),제1862부대,주식회사 대성에프앤디
65930,23년 4월 부대계약 식자재납품(식육가공품-햄류),제1862부대,세계로
65931,23년 4월 부대계약 식자재납품(식육가공품-탕수육),제1862부대,주식회사 에바다
65990,양극 부식방지용 등 11종,해군제3함대사령부,스카이유통
65995,전자동 커피머신기 구매(도서지역),제9196부대,주식회사 티원산업
65998,23년 4월 부대계약 식자재납품(부식),제1862부대,주식회사 푸드머스
65999,23-2차 부대계약 후식(코코아분말) 구매,제3군수지원여단,굿마트 풍기점
66011,23년 4월 부대계약 식자재납품(부식),제1862부대,주식회사 푸드머스
66012,23-2차 부대계약 후식(코코아분말) 구매,제3군수지원여단,굿마트 풍기점
66013,신임장교 교육생 비품(음료수냉장고) 구매 설치납품,육군상무대근무지원단,선아골드넷
66055,'23년 4~6월 부대계약 식자재 납품(냉동빵),제1보병사단,(유)목양
66068,'23년 4~6월 부대계약 식자재 납품(상온빵류),제1보병사단,(주)한일코리아
66085,23년 부대조달 후식(생수) 구매,제3군수지원여단,토우산업개발 주식회사
66086,비상식수 생수 구매,연평부대,주식회사 대흥푸드
66088,배맛음료 등 65종 구매,제8385부대,주식회사 에스엘상사
66094,소고기스프 구매,해군군수사령부,영진식자재
66095,해물완자 구매,해군군수사령부,삼진유통
66098,컵밥 구매,해군군수사령부,행복유통
66099,오이피클(슬라이스) 구매,해군군수사령부,삼진유통
66100,연근조림 구매,해군군수사령부,류홀마트(합포점)
66101,우엉조림 구매,해군군수사령부,삼진유통
66103,재첩국(냉장) 구매,해군군수사령부,영진식자재
66104,냉면육수 구매,해군군수사령부,연우상사
66105,깐메추리알 구매,해군군수사령부,삼진유통
66107,4~6월 식자재 다수품목 단가계약(중기간제외품목),제6보병사단,주식회사 현대그린푸드
66108,23년 부대조달 후식(생수) 구매,제3군수지원여단,토우산업개발 주식회사
66146,햄버거빵 등 14품목 제조,연평부대,(유)목양
66147,'23년 식자재 구매 납품(소청도),제9196부대,주식회사 그린이엔지
66148,'23년 식자재 구매 납품(대청도),제9196부대,주식회사 푸드나무
66149,'23년 가공식품(공통) 구매 납품(백령도),제9196부대,(주)아워홈 동서울영업소
66152,순살햄 구매,해군군수사령부,류홀마트(합포점)
66165,돈까스 구매,해군군수사령부,류홀마트(합포점)
66166,감자고로케 구매,해군군수사령부,태양이엔지 주식회사
66168,게맛살 구매,해군군수사령부,진해식자재마트
66169,포장순대(슬라이스) 구매,해군군수사령부,삼진유통
66170,떡볶이떡 구매,해군군수사령부,주식회사 류홀마트
66171,떡국떡 구매,해군군수사령부,행복유통
66172,단호박샐러드 구매,해군군수사령부,삼진유통
66173,고구마 샐러드 구매,해군군수사령부,주식회사 류홀마트
66174,땅콩조림 구매,해군군수사령부,행복유통
66175,명이절임 구매,해군군수사령부,태양물산 주식회사
66176,감자수제비 구매,해군군수사령부,행복유통
66177,모듬콩조림 구매,해군군수사령부,류홀마트(합포점)
66178,쌈무 구매,해군군수사령부,주식회사 류홀마트
66179,김자반 구매,해군군수사령부,에코
66181,23년 4월 부대계약 식자재납품(장류),제1862부대,삼오종합식품 주식회사
66182,23년 4월 부대계약 식자재 납품(어육가공품),제1862부대,(주)해도식품
66183,23-2차 부대계약 식자재 납품(부식),제3군수지원여단,주식회사 현대그린푸드
66184,4~6월 경쟁계약품목(닭순살꼬치 등 27개) 구매,육군훈련소,성도교역
66198,‘23년 4~6월 식자재 다수품목 단가계약,제 2167부대,씨제이프레시웨이 주식회사
66217,'23년 4~5월 부대계약 급식(일반경쟁품목) 구매,제5보병사단,주식회사 현대그린푸드
66218,23년 4~6월 식자재 다수품목 구매계약,제7보병사단,씨제이프레시웨이 주식회사
66233,23-2차 부대계약 후식(과일푸딩컵) 구매,제3군수지원여단,(주)모리식품
66239,"리셉터클, 육전 연결용 구매(037)",해군제1수리창,성은유통
66251,'23년 부대계약(4~6월) 부식(빵류) 제조/구매,제2군수지원여단,티에스
66252,'23년 부대조달 후식(바나나) 구매,제2군수지원여단,태금유통주식회사
66253,'23년 부대조달 후식(생수) 구매,제2군수지원여단,남양유업(주)
66254,23-2차 부대계약 후식(요거트푸딩(판형)) 구매,제3군수지원여단,주식회사 와겐
66255,23-2차 부대계약 후식(토핑형발효유) 구매,제3군수지원여단,가람푸드주식회사
66256,23-2차 부대계약 후식(콜라) 구매,제3군수지원여단,매쉬미디어(주)
66257,23-2차 부대계약 후식(카페인음료) 구매,제3군수지원여단,농업회사법인 주식회사 기린에프디
66258,23-2차 부대계약 후식(카페라떼) 구매,제3군수지원여단,주식회사 삼마기업
66259,23-2차 부대계약 후식(초콜릿라떼) 구매,제3군수지원여단,정연
66260,23-2차 부대계약 후식(초콜릿) 구매,제3군수지원여단,푸드앤팜
66261,23-2차 부대계약 후식(과일향유산균음료) 구매,제3군수지원여단,주식회사 이지웨이
66262,23-2차 부대계약 후식(제로콜라) 구매,제3군수지원여단,주식회사 아름상사
66263,23-2차 부대계약 후식(제로사이다) 구매,제3군수지원여단,주식회사 해나람
66264,23-2차 부대계약 후식(이온음료) 구매,제3군수지원여단,무민
66265,23-2차 부대계약 후식(오렌지(팩형)) 구매,제3군수지원여단,수만상사
66266,23-2차 부대계약 후식(에이드) 구매,제3군수지원여단,와이에스컨설팅
66267,23-2차 부대계약 후식(얼려먹는아이스크림) 구매,제3군수지원여단,굿마트 풍기점
66268,23-2차 부대계약 후식(애플망고컵) 구매,제3군수지원여단,미담채
66269,23-2차 부대계약 후식(아이스크림(컵형)) 구매,제3군수지원여단,푸드앤팜
66270,23-2차 부대계약 후식(아메리카노) 구매,제3군수지원여단,무민
66271,23-2차 부대계약 후식(삼색과일컵) 구매,제3군수지원여단,한밭상사
66272,23-2차 부대계약 후식(복숭아컵과일) 구매,제3군수지원여단,와이에스컨설팅
66273,23-2차 부대계약 후식(바나나우유) 구매,제3군수지원여단,(주)모리식품
66274,23-2차 부대계약 후식(단백질바) 구매,제3군수지원여단,굿마트 풍기점
66275,23-2차 부대계약 후식(마시는발효유) 구매,제3군수지원여단,주식회사 비앰에스
66281,23년 부대조달 후식 마카롱 구매,제1군수지원사령부,주식회사 아름상사
66282,23년 부대조달 후식 초콜렛 구매,제1군수지원사령부,(주)큐엔씨24
66283,23년 부대조달 후식 조각케익 구매,제1군수지원사령부,동광푸드
66290,23년 부대조달 후식 핫바 구매,제1군수지원사령부,주식회사 하이푸드텍
66291,23년 부대조달 후식 마카롱 구매,제1군수지원사령부,주식회사 아름상사
66292,23년 부대조달 후식 초콜렛 구매,제1군수지원사령부,(주)큐엔씨24
66294,23년 부대조달 후식 스트링치즈 구매,제1군수지원사령부,(유)목양
66295,23년 부대조달 후식 워터젤리 구매,제1군수지원사령부,신화상사
66296,23년 부대조달 후식 과일푸딩 구매,제1군수지원사령부,매쉬미디어(주)
66297,23년 부대조달 후식 요구르트 구매,제1군수지원사령부,(주)큐엔씨24
66298,23년 부대조달 후식 떠먹는발효유 구매,제1군수지원사령부,푸디스트 주식회사
66299,23년 부대조달 후식 짜먹는발효유 구매,제1군수지원사령부,(주) 태성김치
66300,23년 부대조달 후식 마시는발효유 구매,제1군수지원사령부,(주)파르마코리아
66301,23년 부대조달 후식 (토핑)떠먹는발효유 구매,제1군수지원사령부,주식회사 고향식품
66302,23년 부대조달 후식 팥빙수 구매,제1군수지원사령부,주식회사 그린이엔지
66303,23년 부대조달 후식 콘형 아이스크림 구매,제1군수지원사령부,주식회사 멀티열린세상
66304,23년 부대조달 후식 팩형 아이스크림 구매,제1군수지원사령부,주식회사 아람비즈
66305,23년 부대조달 후식 샌드형 아이스크림 구매,제1군수지원사령부,미가온
66306,23년 부대조달 후식 컵형 아이스크림 구매,제1군수지원사령부,(주)성한기업
66307,23년 부대조달 후식 커피(컵형) 구매,제1군수지원사령부,(주)동진푸드
66308,23년 부대조달 후식 조각케익 구매,제1군수지원사령부,동광푸드
66309,23년 부대조달 후식 생수 구매,제1군수지원사령부,신송식품(주)천안공장
66310,23년 부대조달 후식 에이드(컵형) 구매,제1군수지원사령부,(주)동북쇼핑
66311,23년 부대조달 후식 이온음료 구매,제1군수지원사령부,농업회사법인 행복 주식회사
66312,23년 부대조달 후식 탄산음료 조달 계약,제1군수지원사령부,(주)태진지엔에스
66333,과일푸딩(캔디류) 등 3종 구매,해군군수사령부,핸드메이드 초대점
66334,떠먹는 발효유(발효유류) 등 4종 구매,해군군수사령부,류홀마트(합포점)
66335,바나나맛우유(가공유류) 등 6종 구매,해군군수사령부,백곰유통
66336,이온음료(혼합음료류) 등 3종 구매,해군군수사령부,태양이엔지 주식회사
66338,아채고기말이 구매,해군군수사령부,주식회사 류홀마트
66339,낙지젓갈 등 2종 구매,해군군수사령부,주식회사 류홀마트
66360,23-2차 부대계약 식자재 납품(다수품목 단가계약),제22보병사단,주식회사 현대그린푸드
66373,게맛살 등 53품목 구매,연평부대,주식회사 제이브로
66374,게맛살 등 53품목 구매,연평부대,주식회사 제이브로
66375,순두부 등 5품목 구매,연평부대,주식회사 위앤코리아
66376,오이피클 등 16품목 구매,연평부대,주식회사 고향식품
66377,또더블하트초코 등 105품목 구매,연평부대,주식회사 에스피건설
66388,‘23년 4~6월 부대조달 부식(모닝빵 등 2종) 구매,제 2167부대,중부정보통신(주)
66389,‘23년 4~6월 부대조달 부식(스팸형햄)구매,제 2167부대,동아유통
66390,4~6월 부대조달 부식(수제어묵바(가래떡)) 제조/구매,제 2167부대,(주)해도식품
66410,'23년 4~6월 부대계약 식자재 납품(일반품목),제1보병사단,매쉬미디어(주)
66419,배추김치 등 9품목 제조,연평부대,(주)드림엘푸드
66421,수육용 돼지고기 등 8종 구매,제8385부대,매쉬미디어(주)
66434,양념분쇄기 등 3종 구매,해군군수사령부,어거스틴
66451,계약)병사식당 식자재(브런치류) 구매,공군교육사령부,씨제이프레시웨이 주식회사
66456,23년 4~6월 부대계약(빵류),제15보병사단,푸른
66473,'23년 부대계약(4~6월) 부식(일반품목),제2군수지원여단,삼성웰스토리 주식회사
66474,'23년 부대계약(4~6월) 부식(일반품목),제2군수지원여단,삼성웰스토리 주식회사
66475,'23년 부대계약(4~6월) 부식(일반품목),제2군수지원여단,삼성웰스토리 주식회사
66476,23-2차 식자재 다수품목 단가계약(경기 서부),제1군수지원사령부,(주)아워홈 동서울영업소
66480,23-2차 식자재 다수품목 단가계약(강원 동부),제1군수지원사령부,씨제이프레시웨이 주식회사
66481,23-2차 식자재 다수품목 단가계약(강원 서부),제1군수지원사령부,씨제이프레시웨이 주식회사
66482,23-2차 식자재 다수품목 단가계약(경기 남부),제1군수지원사령부,씨제이프레시웨이 주식회사
66483,23-2차 식자재 다수품목 단가계약(경기 서부),제1군수지원사령부,(주)아워홈 동서울영업소
66489,23-2차 식자재 다수품목 단가계약(강원 동부),제1군수지원사령부,씨제이프레시웨이 주식회사
66490,23-2차 식자재 다수품목 단가계약(강원 서부),제1군수지원사령부,씨제이프레시웨이 주식회사
66491,23-2차 식자재 다수품목 단가계약(경기 남부),제1군수지원사령부,씨제이프레시웨이 주식회사
66497,락카스프레이 등 53품목 구매,제3170부대,하우웰
66499,사자대체력단련장 운영용 커피원두 구매,육군인사사령부,미다운
66503,구이용삼겹살 등 8종 구매,제9911부대,주식회사 하늘푸드
66504,멸균딸기우유 등 3종 구매,제9911부대,(주)신대한관리
66505,콜라 등 10종 구매,제9911부대,주식회사 아름상사
66506,사과 등 9종 구매,제9911부대,주식회사 코주부비앤에프 (B&F)
66507,슬라이스치즈 등 80종 구매,제9911부대,주식회사 범산
66509,'23년 4~6월 부대계약 식자재 납품(김치),제1보병사단,주식회사 하얀식품
66511,'23년 부대조달 후식(콜라 등 11종) 구매,제 2167부대,롯데웰푸드 주식회사
66524,'23년 가공식품(부대) 구매 납품(백령도),제9196부대,주식회사 喜昶乳業
66525,"'23년 빵류 제조 납품(백령도, 대청도, 소청도)",제9196부대,(유)목양
66526,'23년 두채류 구매납품(백령도),제9196부대,주식회사 제이에프
66527,'23년 도서전투부식 구매 납품(백령도),제9196부대,비에이치푸드케어(주)
66528,'23년 기호식품 구매 납품(백령도),제9196부대,주식회사 푸드나무
66530,연어필렛 구매,해군군수사령부,에코
66531,고등어구이 구매,해군군수사령부,에코
66532,칠리새우 구매,해군군수사령부,주식회사 류홀마트
66533,훈제연어(덩어리) 구매,해군군수사령부,류홀마트(합포점)
66534,생선까스 구매,해군군수사령부,주식회사 부산어묵
66535,절단꽃게 구매,해군군수사령부,주식회사 류홀마트
66536,훈제연어(슬라이스) 구매,해군군수사령부,류홀마트(합포점)
66537,냉동피홍합 구매,해군군수사령부,진해식자재마트
66538,냉동새우 구매,해군군수사령부,주식회사 류홀마트
66539,모듬해물 구매,해군군수사령부,류홀마트(합포점)
66540,깐풍기 구매,해군군수사령부,주식회사 류홀마트
66541,뼈발골닭다리정육 구매,해군군수사령부,수민
66542,치킨너겟 구매,해군군수사령부,삼진유통
66543,오리훈제 슬라이스 구매,해군군수사령부,에코
66544,버팔로치킨윙 구매,해군군수사령부,진해식자재마트
66553,23년 부대조달 후식(기타과자_수정),육군제7789부대,한샘유통 주식회사
66554,23년 부대조달 후식 (빙과류),육군제7789부대,동아오츠카주식회사
66555,'23년 부대조달 후식(워터젤리 등 5종) 구매,제 2167부대,(주)사조대림
66556,'23년 부대조달 후식(마시는 발효유 등 4종) 구매,제 2167부대,푸른
66557,'23년 부대조달 후식(팥빙수 등 6종) 구매,제 2167부대,푸디스트 주식회사
66580,"'23년 김치류 제조 납품(백령도, 대청도, 소청도)",제9196부대,(주)한일코리아
66600,23년 후식 (바나나),육군제7789부대,성서문고
66601,바베큐 폭립 구매,해군군수사령부,삼진유통
66602,모듬 수제소시지 구매,해군군수사령부,농협김치영업소
66603,동그랑땡 구매,해군군수사령부,삼진유통
66604,베이컨 구매,해군군수사령부,주식회사 마루유통
66605,포장족발(슬라이스) 구매,해군군수사령부,에코
66606,비엔나소시지 구매,해군군수사령부,류홀마트(합포점)
66607,냉장염지조각닭 등 11종 구매,해군군수사령부,로아푸드
66608,김말이튀김 등 4종 구매,해군군수사령부,류홀마트(합포점)
66609,멸균딸기우유 등 2종 구매,해군군수사령부,진해식자재마트
66610,깻잎장아찌 등 3종 구매,해군군수사령부,주식회사 류홀마트
66611,진미채볶음 등 3종,해군군수사령부,삼진유통
66612,바나나 등 14종,해군군수사령부,백곰유통
66613,차돌박이 등 3종 구매,해군군수사령부,주식회사 원양에프엔지 농업회사법인
66615,돼지삼겹살(냉동) 등 3종 구매,해군군수사령부,주식회사 프라임푸드시스템
66616,소갈비(냉동) 등 3종 구매,해군군수사령부,농협김치영업소
66618,돼지생삼겹살 등 12종 구매,해군군수사령부,농협김치영업소
66639,23년 부대조달 후식 (생수),육군제7789부대,(주)아이티앤씨
66640,23년 후식 (음료류),육군제7789부대,(주)파르마코리아
66641,23년 후식 (발효유류),육군제7789부대,주식회사 경기방재
66642,23년 후식 (바나나),육군제7789부대,성서문고
66661,(23육군-해파015)23-1차 급식 구매(배추김치등5품목),종합보급창,(주)한일코리아
66662,(23육군-해파014)23-1차 급식 구매(식혜 등 21품목),종합보급창,제원테크
66668,23-2차 식자재 다수품목 단가계약(경기 북부),제1군수지원사령부,삼성웰스토리 주식회사
66670,23-2차 식자재 다수품목 단가계약(경기 북부),제1군수지원사령부,삼성웰스토리 주식회사
66675,23년 4~6월 식자재 다수품목 단가계약,제15보병사단,삼성웰스토리 주식회사
66710,(23육군-해파013)급식류 구매(깻잎무침 등 26품목),종합보급창,주식회사 서원테크노피아
66723,"복지대대, 광성회관 식자재 김치류",공군제11전투비행단,영농조합법인 팔공김치
66741,23년 부대조달품목(생수) 구매,5군수지원사령부,(주)태진지엔에스
66742,23년 부대조달후식(맛밤) 구매,5군수지원사령부,대신로지스틱스 주식회사
66744,23년 부대조달후식(초콜릿) 구매,5군수지원사령부,태흥공인중개사사무소
66745,23년 부대조달후식(과일바) 구매,5군수지원사령부,동부이앤피 주식회사
66746,23년 부대조달후식(워터젤리) 구매,5군수지원사령부,순식품
66747,23년 부대조달후식(과일푸딩) 구매,5군수지원사령부,주식회사 파워풀엑스
66748,23년 부대조달후식(떠먹는 토핑형 발효유) 구매,5군수지원사령부,(주) 현대그린푸드
66749,23년 부대조달후식(떠먹는발효유) 구매,5군수지원사령부,주식회사 큐엔씨유통
66750,23년 부대조달후식(짜먹는발효유) 구매,5군수지원사령부,주식회사 이롬
66751,23년 부대조달후식(마시는발효유)구매,5군수지원사령부,주식회사 천일
66752,23년 부대조달후식(팥빙수) 구매,5군수지원사령부,주식회사 장가유통
66753,23년 부대조달후식(컵형아이스크림) 구매,5군수지원사령부,주식회사 제이에프
66754,23년 부대조달후식(샌드형 아이스크림) 구매,5군수지원사령부,오르보
66755,23년 부대조달후식(팩형아이스크림) 구매,5군수지원사령부,주식회사사조오양
66756,23년 부대조달후식(콘형아이스크림) 구매,5군수지원사령부,(주)성한기업
66757,23년 부대조달후식(에이드) 구매,5군수지원사령부,주식회사 오로드
66759,23년 부대조달후식(커피류) 구매,5군수지원사령부,그린코리아주식회사
66760,23년 부대조달후식(탄산음료) 구매,5군수지원사령부,푸디스트 주식회사
66761,23년 부대조달후식(이온음료) 구매,5군수지원사령부,(주)아이티앤씨
66762,'23년 부대조달후식(바나나맛우유) 구매,5군수지원사령부,(주)일화
66763,23-2차 빵류 다수품목 단가계약(강원 동부),제1군수지원사령부,주식회사 에스피씨삼립
66764,23-2차 빵류 다수품목 단가계약(강원 서부),제1군수지원사령부,주식회사 에스피씨삼립
66765,23-2차 빵류 다수품목 단가계약(경기 북부),제1군수지원사령부,주식회사 에스피씨삼립
66766,23-2차 빵류 다수품목 단가계약(경기 서부),제1군수지원사령부,주식회사 에스피씨삼립
66767,23-2차 빵류 다수품목 단가계약(경기 남부),제1군수지원사령부,주식회사 에스피씨삼립
66791,23년 3월 부대계약 식자재 납품(어육가공품),제1862부대,(주)코주부씨앤에프
66812,23년도 28전대 간부식당 식자재,공군사관학교,명과
66817,23년도 리더십센터 식자재,공군사관학교,명과
66818,23년도 항의원 간부식당 식자재,공군사관학교,다해푸드
66863,'23년 부대조달 후식(스트링치즈),제2군수지원여단,조이로직스푸드
66864,'23년 부대조달 후식(과일젤리),제2군수지원여단,유진기획사
66865,'23년 부대조달 후식(판형초콜릿),제2군수지원여단,주식회사 지엘피아이미디어
66866,'23년 부대조달 후식(과일푸딩),제2군수지원여단,주식회사 고운
66867,'23년 부대조달 후식(워터젤리),제2군수지원여단,주식회사 고향식품
66868,'23년 부대조달 후식(아이스크림튜브),제2군수지원여단,승재유통
66869,'23년 부대조달 후식(아이스크림팩),제2군수지원여단,나니랜드
66870,'23년 부대조달 후식(아이스크림샌드),제2군수지원여단,파이(Phi)
66871,'23년 부대조달 후식(아이스크림컵),제2군수지원여단,주식회사 경쓰
66872,'23년 부대조달 후식(비타민음료),제2군수지원여단,태기실업
66873,'23년 부대조달 후식(제로사이다),제2군수지원여단,공간
66874,'23년 부대조달 후식(제로콜라),제2군수지원여단,다치움
66875,'23년 부대조달 후식(커피캔형),제2군수지원여단,주식회사 아이파이브
66877,'23년 부대조달 후식(과일맛소다),제2군수지원여단,비드비
66878,'23년 부대조달 후식(사이다),제2군수지원여단,다미
66879,'23년 부대조달 후식(콜라),제2군수지원여단,엠제이컴퍼니
66880,'23년 부대조달 후식(이온음료),제2군수지원여단,주식회사 큐엔씨유통
66881,'23년 부대조달 후식(바나나맛우유),제2군수지원여단,봉팔마켓
66882,'23년 부대조달 후식(떠먹는발효유토핑),제2군수지원여단,푸른
66883,'23년 부대조달 후식(떠먹는발효유),제2군수지원여단,휴먼앤매직(H&M)
66884,'23년 부대조달 후식(짜먹는발효유),제2군수지원여단,이제이 솔루션
66885,'23년 부대조달 후식(마시는발효유),제2군수지원여단,(주)탑씨앤씨
66893,23년 3월 부대계약 식자재납품(면류),제1862부대,로아푸드
66894,23년 3월 부대계약 식자재납품(빵류),제1862부대,대경푸드
66895,23년 3월 부대계약 식자재납품(식육가공품-돈가스),제1862부대,주식회사 프라임푸드시스템
66896,23년 3월 부대계약 식자재납품(식육가공품-소시지),제1862부대,주식회사 육팩토리
66897,23년 3월 부대계약식자재납품(식육가공품-팝콘형치킨),제1862부대,이엠미트
66898,23년 3월 부대계약 식자재납품(식육가공품-햄류),제1862부대,드림미트
66899,23년 3월 부대계약 식자재납품(장류),제1862부대,주식회사 그린테이블
66900,23년 후보자증식(우유) 구매,육군부사관학교,주식회사 대성에프앤디
66902,’23년 전운대대 병사식당(웰빙센터) 기타식자재 구매,공군 제8전투비행단,아이푸드
66925,2023년 예비군 도시락 제조납품,육군 제1군단,주식회사 더찬
66926,23년 작전식량(즉석조리식품) 구매,육군과학화전투훈련단,주식회사 아름상사
66931,23년 하늘회관 식자재 납품,공군제15특수임무비행단,(주)아워홈 동서울영업소
66951,창상드레싱 등 4항목 구매(의무),육군군수사령부,수컴퍼니
66960,23년 3~4월 부대계약품목(식자재) 구매,5군수지원사령부,(주)푸드머스 대구지점
67002,23년 3월 부대계약 식자재납품(부식),제1862부대,주식회사 푸드머스
67010,'23년 예비군 도시락 제조납품(1권역),제6755부대,주식회사 경북캐터링
67015,'23년 예비군 도시락 제조납품(4권역),제6755부대,주식회사 씨엠케이푸드
67016,'23년 예비군 도시락 제조납품(3권역),제6755부대,(주)캠퍼스
67017,'23년 예비군 도시락 제조납품(2권역),제6755부대,주식회사 경북캐터링
67030,'23년 예비군 도시락 제조납품(1권역),육군 제37보병사단,주식회사행복담은네모
67068,(정비) 원형샌드사포등 170종 구매,육군종합정비창,주식회사 성우
67081,양극 부식방지용 등 2종 구매,해군군수사령부,동우철강(주)
67082,'23년 삼일절 경축특식 훈제닭다리 제조/구매,제3군수지원여단,주식회사 로그인 서광
67086,주사처치용 미니 밴드 등 2항목 구매(의무),육군군수사령부,주식회사 칼라투
67097,23년 장교후보생 기초장병증식(음료),육군학생군사학교,주식회사 케이케이
67114,’23년 간부식당(일심회관) 기타식자재 구매,공군 제8전투비행단,주식회사 아이원
67117,"23년 예비군 도시락 제조ㆍ납품(3권역, 운학)",제55보병사단,주식회사 비에스에프앤씨
67119,가스자동밥솥 등 3항목 구매(일반물자),육군군수사령부,주영산업
67129,까스활명수큐액 등 185품목 구매,제9181부대,(주)웨이즈파트너스
67156,"23년 3,4월 부대조달 급식품목(빵류) 구매",제1989부대,(주)정원로지스
67164,23년 예비군 도시락 제조 납품(1권역),제3697부대,(주)기락
67165,23년 예비군 도시락 제조 납품(2권역),제3697부대,(주)기락
67175,23-1차 부대계약 식자재 납품(다수품목 단가계약),제22보병사단,주식회사 푸드머스
67237,의약품(코대원 에스 시럽 등 21품목) 구매,제9해병여단,제이메디케어
67246,육군훈련소 삼일절 경축특식 훈제닭다리 제조/구매,육군훈련소,이레축산
67247,"(긴급)양극,부식방지용 등 12종 구매",해군군수사령부,제일테크
67257,육군훈련소 삼일절 경축특식 훈제닭다리 제조/구매,육군훈련소,이레축산
67263,'23년 3~4월 부대급식계약(어묵류),육군제53보병사단,(주)코주부씨앤에프
67264,즉석 쌀밥 등 13종 구매,제2002부대,미경솔루션
67275,(긴급) 오일스프레이(좌) 등 44종,해군군수사령부,에스제이유통
67283,23년 3~4월 부대계약 부식 구매(일반품목),육군교육사령부,한샘유통 주식회사
67312,'23년 3~4월 부대급식계약(일반품목),육군제53보병사단,주식회사 해나람
67316,23년 3.1절 특식 (탄산음료),육군제7789부대,체리시스템
67334,(재공고)23년 예비군도시락 제조·납품(6권역)(익산),제2632부대,주식회사 푸드몬스터
67335,23년 생도증식(차돌박이 등 122종) 구매,육군3사관학교,재연종합식품
67358,23년 삼일절 경축특식 마카롱 제조/구매,제1군수지원사령부,파머스 미트
67360,23년 부대조달후식(생수),육군제7789부대,선경유통
67362,23년 부대조달후식(생수),육군제7789부대,선경유통
67366,23년 예비군훈련 급식업체 (도시락) 계약,제36보병사단,주식회사 치악인터네셔날
67373,조리실습재료(감자전분 등 201종) 구매,해군교육사령부,경남상사
67377,23-5호 훈제오리 슬라이스 등 20종 구매,해군작전사령부,이레축산
67378,23-4호 감귤 등 23종 구매,해군작전사령부,이엠미트
67379,23-3호 등심돈까스 등 45종 구매,해군작전사령부,체리시스템
67380,23-2호 반판두부 등 33종 구매,해군작전사령부,나무유통
67391,'23년 예비군훈련 도시락 제조납품(3권역),육군제53보병사단,주식회사 태능푸드시스템
67392,23-1차 조리병 실습재료구매(식자재),육군종합군수학교,미담
67394,23-1호 배추김치 등 7종 구매,해군작전사령부,(주)유창상사
67411,23년 장거리 이동신병 도시락 납품,육군훈련소,주식회사 엘엔에프 농업회사법인
67418,'23년 체력단련장 운영용 주류 구매(충청권),육군인사사령부,유한회사 대한주류상사
67419,23년 3.1절 특식 (훈제닭다리),육군제7789부대,농업회사법인 주식회사 화산
67427,23년 2월 부대계약 식자재납품(식육가공품-햄류),제1862부대,아라푸드
67428,23년 2월 부대계약 식자재납품(면류),제1862부대,세종산업
67429,23년 2월 부대계약 식자재납품(장류),제1862부대,파머스 미트
67430,23년 2월 부대계약 식자재납품(빵류),제1862부대,주식회사 이지웨이
67431,23년 2월 부대계약 식자재납품(식육가공품-돈가스),제1862부대,드림미트
67433,23년 2월 부대계약 식자재납품(부식),제1862부대,주식회사 푸드머스
67435,씻어나온 쌀 등 17종 구매,제2002부대,엠더블유
67436,23년 간부식당 식자재,공군사관학교,씨제이프레시웨이 주식회사
67437,23-001 생도식당 식자재,공군사관학교,씨제이프레시웨이 주식회사
67440,K9자주포 스프링 등 8종 구매,육군종합정비창,에스케이(SK)산업
67447,K77지휘차 스프링 등 6종 구매,육군종합정비창,티케이(T.K)테크
67459,23년 2~3월 부대조달 급식계약(일반경쟁품목),제5보병사단,삼성웰스토리 주식회사
67460,23년 생도증식(떡 만두 등 225종) 구매,육군사관학교,씨제이프레시웨이 주식회사
67464,23년 북카페 조성 사업 소파 등 9종 구매 납품,육군 52보병사단,(주) 에스엠인테리어
67466,23-00체단장 계란 등 84종 구매,제9911부대,주식회사조아
67477,23-00체단장 포기김치 등 3종 구매,제9911부대,농업회사법인 유한회사 일품김치
67482,23년 2~3월 후식(생수) 추가조달 구매,제1군수지원사령부,성도교역
67483,'23년 간부식당 2개소 김치 구매,공군제19전투비행단,(주) 태성김치
67484,‘23년 삼일절 경축특식(글레이즈드 도넛) 구매,제 2167부대,주식회사 푸드나무
67486,'23년2월~4월 부대조달 식자재(35품목) 구매,제17보병사단,엄마푸드
67487,'23년2월~4월 부대조달 식자재(99품목) 구매,제17보병사단,주식회사 현대그린푸드
67488,23년 2~3월 부대조달 부식(일반 경쟁)계약,제3보병사단,주식회사 현대그린푸드
67490,'23년 간부식당 2개소 육류 구매,공군제19전투비행단,한샘유통 주식회사
67491,23년 2~3월 부대조달 부식(중기간)김치류,제3보병사단,(주)태서식품
67492,'23년 간부식당 2개소 식자재 구매,공군제19전투비행단,드림미트
67493,‘23년 설날 경축특식(훈제닭다리) 제조/구매,제 2167부대,농업회사법인 행복 주식회사
67496,23년 설날 경축특식 콜라 구매,제1군수지원사령부,농업회사법인 주식회사 서원당
67497,23년 설날 경축특식 훈제닭다리 제조/구매,제1군수지원사령부,이레축산
67498,[부대지원과]'23년 한마음회관 식자재 및 소모품 구매,공군군수사령부,(주) 현대그린푸드  영남센터
67501,'23년 군외보조 급식 제조 납품(A권역),육군제6501부대,쿡도시락
67502,23년 군외보조 급식 제조 납품(B권역),육군제6501부대,쿡도시락
67509,"'23년 식자재(김치) 계약(장교,토성회관)",제3훈련비행단,주식회사 삼화식품
67512,20비 24-통합간부식당 식자재(가공품),제20전투비행단,정연
67518,가자미 등 28종 구매,제7001부대,영진식자재
67519,배추김치 등 3종 구매,제7001부대,지(g)-마트
67525,25-1차 생도증식(숙주나물 등 371종) 구매,자운대근무지원연대,제일유통
67539,수육용 돼지고기 등 9종 구매,제8385부대,주식회사 엔미디어솔루션
67540,팥빙수(빙과류) 구매,해군군수사령부,주식회사 프라임푸드시스템
67542,'25년 간부식당 식자재 및 소모품 구매,국방부계룡대근무지원단,주식회사 세운축산
67544,배추 등 100종 구매,제2002부대,주식회사상아에프에스
67565,25년 청룡회관 식자재 구매,제9181부대,(주)미래로푸드
67566,떡국떡 등 119종 구매,제2002부대,주식회사상아에프에스
67567,돼지고기 앞다리살 등 11종,제2002부대,주식회사상아에프에스
67584,25-1차 자율운영급식(대패삼겹살 등 131종) 구매,자운대근무지원연대,선진유통
67588,25-평 구이용삼겹살 등 7종 구매,제9911부대,주식회사 합천식품
67589,25-평 슬라이스치즈 등 83종 구매,제9911부대,주식회사 아람비즈
67591,25-평 사과 등 15종 구매,제9911부대,(주)해우씨푸드
67593,25년 기본복지시설(하늘회관) 식자재 공급 계약,공군제5공중기동비행단,주식회사 대흥푸드
67599,25년 기본복지시설(하늘회관) 김치 공급 계약,공군제5공중기동비행단,농업회사법인 다올주식회사
67610,25년 국수(소면) 등 316종 구매,해군제3함대사령부,주식회사 푸드앤하우스
67611,25-욕지도 운용대 급식구매,해군제3함대사령부,가야F.S
67612,25-거문도 운용대 급식구매,해군제3함대사령부,싱싱푸드
67613,25-안마도 운용대 급식구매,해군제3함대사령부,한울F&S
67614,25-추자도 운용대 급식구매,해군제3함대사령부,싱싱푸드
67615,25-흑산도 전진기지대 및 운용대 급식구매,해군제3함대사령부,주식회사 멀티열린세상
67616,25-욕지도 전진기지대 급식구매,해군제3함대사령부,株式會社 森雅인터내셔날
67617,'25-1차 부대계약 영내자증식(구운계란 등 7종),제3군수지원여단,아주상사
67622,"’25년 하늘/우주식당 식자재, 축산류 구매",공군교육사령부,농업회사법인 자연과농부주식회사
67633,25년 1~3월 부대계약 급식품목(빵류) 구매,제1989부대,주식회사 신라명과
67634,25년 1~3월 부대계약 급식품목(식육가공품) 구매,제1989부대,우리모두
67642,'25년 간부식당 김치류 구매,국방부계룡대근무지원단,농업회사법인 약속식품주식회사
67645,24-Y-2 기호식품 구매 납품,연평부대,주식회사 옹진물산
67657,25년 1~3월 부식 제조/구매,육군훈련소,한림세종
67660,25년 1~3월 후식 제조/구매,육군훈련소,여름푸드
67669,25년 선수급식(공산품)구매 -3,국군체육부대,주식회사 에바다
67674,25년 선수급식(유제품)구매,국군체육부대,주식회사 세븐스타컴퍼니
67679,25년 선수급식(김치류)구매,국군체육부대,농업회사법인(주)푸른샘
67683,"25년도 선수급식(농,수산품)구매",국군체육부대,주식회사 에스티엑스에프앤씨
67687,(25-급-001) '25-1차 부대계약 식자재(가공품류) 계약,제7군수지원단,씨제이프레시웨이 주식회사
67695,(25-급-003) '25-1차 부대계약 식자재(가공품류) 계약,제7군수지원단,주식회사 신세계푸드
67696,(25-급-002) '25-1차 부대계약 식자재(가공품류) 계약,제7군수지원단,주식회사 신세계푸드
67702,25-배추침기(포기절단) 등 11종 구매,해군제3함대사령부,현진식품 영농조합법인
67707,25-덕-체 공산품(분말짜장 등 173품목) 구매,제9691부대,주식회사 미소랑
67710,25-포장두부 등 44종 구매,해군제3함대사령부,드림에프앤에프
67714,'25년 복지시설 직원식당 식자재 구매,국방부근무지원단,(주)현대그린푸드
67715,'25년 복지시설 직원식당 식자재 구매,국방부근무지원단,(주)현대그린푸드
67738,'25년 1분기 부대계약부식(빵류) 제조/구매,5군수지원사령부,주식회사 대흥푸드
67749,(25-급-004) '25-1차 부대계약 식자재 (빵류) 계약,제7군수지원단,(주)씨앤에스
67758,콩나물 구매,해군군수사령부,주식회사 금오식품
67762,냉장염지닭 등 10종 구매,해군군수사령부,주식회사 프라임푸드시스템
67789,'25년 1분기 부대계약부식(식자재) 구매,5군수지원사령부,오스코에프앤비
67814,24-2차 충무관 야외카페 인조조경 구매,육군사관학교,유원케이
67820,'25년도 하늘/우주식당 김치류 제조 구매,공군교육사령부,주식회사 삼화식품
67834,25년 간부식당 및 회관 식자재 구매,제9965부대,(주)아워홈 동서울영업소
67850,25-1차 빵류 다수품목 단가계약(구매),제1군수지원사령부,성도교역
67851,00부대 간편식 구매(1-24-물-4),특수전사령부,퍼스트
67868,진미채볶음 등 3종 구매,해군군수사령부,주식회사 금오식품
67869,마늘장아찌 등 3종 구매,해군군수사령부,주식회사 원양에프엔지 농업회사법인
67870,낙지젓갈 등  2종 구매,해군군수사령부,오케이팜
67871,바나나등 14종 구매,해군군수사령부,농업회사법인 주식회사 세명축산
67872,고추튀김 구매,해군군수사령부,농협김치영업소
67873,오이피클(슬라이스) 구매,해군군수사령부,지구농장
67874,토스트소스,해군군수사령부,에이스유통
67875,연근조림 구매,해군군수사령부,더클래식
67876,우엉조림 구매,해군군수사령부,영진식자재
67877,모듬수제소시지 구매,해군군수사령부,주식회사 원양에프엔지 농업회사법인
67878,감자고로케 구매,해군군수사령부,핸드메이드 초대점
67879,훈제연어(덩어리/냉동) 구매,해군군수사령부,지(g)-마트
67880,훈제연어(슬라이스) 구매,해군군수사령부,영진식자재
67885,'25-1차 부대계약 부식(식육가공품류) 구매,제3군수지원여단,하늘푸드
67886,'25-1차 부대계약 부식(빵류) 구매,제3군수지원여단,(주)한일코리아
67887,00부대 간편식 구매(9-24-물-2),특수전사령부,(주)씨엘에스푸드
67895,'24년 후반기 병영도서관 및 독서카페 도서 구매,육군항공사령부,미소컴퍼니
67899,'25-1차 부대계약 부식(신남지역) 구매,제3군수지원여단,삼성웰스토리 주식회사
67914,'25-1차 부대계약 부식(인제지역) 구매,제3군수지원여단,주식회사 푸드머스
67915,'25-1차 부대계약 부식(강릉지역) 구매,제3군수지원여단,농업회사법인주식회사대화농산
67916,'25-1차 부대계약 부식(고성지역) 구매,제3군수지원여단,주식회사 에스엘상사
67917,'25-1차 부대계약 부식(양구지역) 구매,제3군수지원여단,(주)디아이
67918,'24~'25년 영외자식당 식자재 구매,공군제1전투비행단,주식회사 지산상사
67928,24-1-35호 눈꽃치즈 등 22종 구매,해군작전사령부,성일유통
67929,24-1-34호 음식물수거함 등 2종 구매,해군작전사령부,제이에스컴퍼니
67936,의무물자(스프린트 등 17종)구매,제7001부대,강원상사
67941,요거트푸딩 구매,해군군수사령부,농업회사법인 현대씨앤에프 주식회사
67942,씻어나온쌀 구매,해군군수사령부,영진식자재
67944,포장순대(슬라이스) 구매,해군군수사령부,주식회사 원양에프엔지 농업회사법인
67945,크림파스타소스 구매,해군군수사령부,남양우유진해가정대리점
67946,치즈스틱 구매,해군군수사령부,주식회사 금오식품
67947,재첩국 구매,해군군수사령부,올뉴카닷컴
67948,요거트푸딩 구매,해군군수사령부,농업회사법인 현대씨앤에프 주식회사
67949,양송이스프 구매,해군군수사령부,올뉴카닷컴
67950,씻어나온쌀 구매,해군군수사령부,영진식자재
67951,생수 구매,해군군수사령부,아이리치베이커리
67952,새우튀김 구매,해군군수사령부,더클래식
67953,뼈발골닭다리정육 구매,해군군수사령부,명은유통
67957,25년도 국군복지단 식자재 통합 계약,국군복지단,삼성웰스토리 주식회사
67991,24년 병영도서관 및 독서카페 희망도서 구매,제15보병사단,흥남건재
67996,25-1차 식자재 다수품목 단가계약(경기 서부),제1군수지원사령부,주식회사 삼마기업
67997,25-1차 식자재 다수품목 단가계약(경기 남부),제1군수지원사령부,주식회사상아에프에스
67998,25-1차 후식류 다수품목 단가계약,제1군수지원사령부,주식회사 喜昶乳業
68001,24-1-31호 샌드위치 판넬 등 96종 구매,해군작전사령부,상서로지스
68019,깍두기김치 등 9종 제조(구매),해군 기동함대사령부,농업회사법인한백푸드유한회사
68020,동그랑땡 등 6종 구매,해군 기동함대사령부,주식회사 탑티어로지스
68021,쌈무 구매,해군군수사령부,동부팜
68023,생우동 구매,해군군수사령부,백곰유통
68024,베이컨 구매,해군군수사령부,류홀마트(합포점)
68025,바나나우유 구매,해군군수사령부,휘휘F&B
68026,모듬콩조림 구매,해군군수사령부,에이스유통
68027,명이절임 구매,해군군수사령부,송림축산
68028,매실농축액 구매,해군군수사령부,주식회사 온누리유통
68029,맛술 구매,해군군수사령부,류홀마트(합포점)
68030,떡볶이떡 구매,해군군수사령부,라온
68033,'25-1차 부대계약 후식(간식류) 구매,제3군수지원여단,주식회사 동양비즈
68035,‘25년 1~3월 식자재 다수품목 단가계약,제 2167부대,씨제이프레시웨이 주식회사
68036,'25년 부대계약 부식(1~3월)(일반품목)(8902부대),제2군수지원여단,씨제이프레시웨이 주식회사
68038,'25년 부대계약 부식(1~3월)(일반품목)(6685부대),제2군수지원여단,주식회사 푸드머스
68039,'25년 부대계약 부식(1~3월)(일반품목)(2621부대),제2군수지원여단,삼성웰스토리 주식회사
68069,'25년 1~3월 부대계약(빵류) 구매,육군제53보병사단,주식회사 신라명과
68070,'25년 1~3월 부대계약 부식 구매(일반품목),육군교육사령부,주식회사 그린테이블
68077,'25년 계룡스파텔 주류 구매,육군인사사령부,유한회사 대한주류상사
68083,'24년 민수용 작전식량(간편식) 구매,제1862부대,씨티원 강원지점
68097,24년 2수송연대 장병특식뷔페,육군종합군수학교,주식회사 씨엠케이푸드
68114,라면조리기 등 9품목 구매,연평부대,디제이인터네셔널
68116,땅콩조림 구매,해군군수사령부,건천유통
68117,떡국떡 구매,해군군수사령부,해송
68118,단호박샐러드 구매,해군군수사령부,주식회사 위주축산
68119,냉동피홍합 구매,해군군수사령부,핸드메이드 초대점
68120,핫도그 구매,해군군수사령부,수민
68121,냉동새우 구매,해군군수사령부,지(g)-마트
68122,깐메추리알 구매,해군군수사령부,농업회사법인 주식회사 세명축산
68123,까나리액젓 구매,해군군수사령부,주식회사 금오식품
68124,고구마샐러드 구매,해군군수사령부,주식회사 류홀마트
68125,계란지단채 구매,해군군수사령부,주식회사 프라임푸드시스템
68126,게맛살 구매,해군군수사령부,주식회사 마루유통
68127,감자수제비 구매,해군군수사령부,에이스유통
68129,미소된장 구매,해군군수사령부,지(g)-마트
68130,야채고기말이 구매,해군군수사령부,주식회사 이레유통
68131,견과류 구매,해군군수사령부,건천유통
68132,컵밥 구매,해군군수사령부,백곰유통
68133,소고기스프 구매,해군군수사령부,주식회사 이레유통
68134,오리훈제슬라이스 구매,해군군수사령부,주식회사 위주축산
68151,24-B-라면조리기용기 등 15품목 구매 납품(도서지역),제9196부대,해리엔터프라이즈
68169,배추김치(조각) 등 3종 제조(구매),해군 기동함대사령부,농업회사법인한백푸드유한회사
68170,파인애플 등 14종 구매,해군 기동함대사령부,오도유통
68171,초코파이 등 23종 구매,해군 기동함대사령부,미도찬
68172,매운맛라면(봉지) 등 24종 구매,해군 기동함대사령부,제주로운
68173,커피음료 등 13종 구매,해군 기동함대사령부,오도유통
68174,콜라음료 등 11종 구매,해군 기동함대사령부,제주그린유통
68175,식빵 등 18종 구매,해군 기동함대사령부,주식회사 한라로지스틱
68176,오징어 진미채 등 10종 구매,해군 기동함대사령부,제주푸른컴퍼니
68177,돈까스 소스 등 20종 구매,해군 기동함대사령부,주식회사 제주플로우
68178,즉석밥 등 11종 구매,해군 기동함대사령부,제주그린유통
68179,슬라이스치즈 등 10종 구매,해군 기동함대사령부,제주푸른컴퍼니
68180,멸치육수 등 26종 구매,해군 기동함대사령부,주식회사 비비
68181,소고기 장조림 등 9종 구매,해군 기동함대사령부,소망영농조합법인
68182,찰순대 등 9종 구매,해군 기동함대사령부,주식회사 유풍시그니처
68183,반판두부 등 16종 구매,해군 기동함대사령부,미도찬
68184,돼지족발 등 3종 구매,해군 기동함대사령부,제주푸른컴퍼니
68185,콤피네이션 사각피자 등 19종 구매,해군 기동함대사령부,미도찬
68187,부대찌개모듬햄 등 12종 구매,해군 기동함대사령부,미도찬
68188,간장 소불고기 등 7종 구매,해군 기동함대사령부,주식회사 비비
68189,어묵 등 9종 구매,해군 기동함대사령부,오도유통
68190,베이컨 등 11종 구매,해군 기동함대사령부,참좋은사람들
68191,새우튀김 등 10종 구매,해군 기동함대사령부,주식회사 유풍시그니처
68192,치킨너겟 등 6종 구매,해군 기동함대사령부,주식회사 탑티어로지스
68193,너비아니 등 4종 구매,해군 기동함대사령부,소망영농조합법인
68194,부추해물완자 등 6종 구매,해군 기동함대사령부,대정
68195,통등심돈까스 등 6종 구매,해군 기동함대사령부,소망영농조합법인
68198,'24년 훈련 급식용 간편식 구매,제3보병사단,농업회사법인본돈주식회사
68199,'25-1차 부대계약 후식(유제품류) 구매,제3군수지원여단,주식회사 대흥푸드
68200,'25-1차 부대계약 후식(기타) 구매,제3군수지원여단,(주)해도식품
68201,'25-1차 부대계약 후식(과일류) 구매,제3군수지원여단,호미식품
68212,(자재) 부품제작자재 스프링강판 등 17종 구매,육군종합정비창,운창
68214,(자재) 부품제작자재 스프링강선 등 39종 구매,육군종합정비창,원욱
68215,25년 예성회관 식자재 계약의뢰,공군제16전투비행단,(주)돌담축산
68225,'24년 수성회관 식자재 371종 구매,제1방공유도탄여단,수민
68239,돼지등갈비(냉동) 구매,해군군수사령부,주식회사 통영해인
68240,대패삼겹살(냉동) 구매,해군군수사령부,새싹
68241,돼지삼겹살(냉동)구매,해군군수사령부,휘휘F&B
68242,돼지등뼈(냉동) 구매,해군군수사령부,영진식자재
68243,LA돼지갈비(냉동) 구매,해군군수사령부,주식회사 프라임푸드시스템
68245,부챗살(냉동/덩어리) 구매,해군군수사령부,주식회사 마루유통
68248,부챗살(냉동/스테이크용) 구매,해군군수사령부,농업회사법인 주식회사 세명축산
68249,살치살(냉동/스테이크용) 구매,해군군수사령부,농업회사법인 현대씨앤에프 주식회사
68252,모듬해물 구매,해군군수사령부,주식회사 류홀마트
68254,떠먹는발효유 구매,해군군수사령부,주식회사 류홀마트
68255,비엔나소시지 구매,해군군수사령부,에이스유통
68256,체다슬라이스치즈 구매,해군군수사령부,새싹
68257,포장족발(슬라이스) 구매,해군군수사령부,주식회사 이레유통
68258,순살햄 구매,해군군수사령부,동부팜
68259,카스타드 구매,해군군수사령부,더클래식
68260,단무지 구매,해군군수사령부,농협김치영업소
68261,요구르트 구매,해군군수사령부,핸드메이드 초대점
68262,돼지등갈비(냉동) 구매,해군군수사령부,주식회사 통영해인
68263,대패삼겹살(냉동) 구매,해군군수사령부,새싹
68264,돼지삼겹살(냉동)구매,해군군수사령부,휘휘F&B
68265,돼지등뼈(냉동) 구매,해군군수사령부,영진식자재
68266,LA돼지갈비(냉동) 구매,해군군수사령부,주식회사 프라임푸드시스템
68267,냉동수육용삼겹살 구매,해군군수사령부,주식회사 마루유통
68269,부챗살(냉동/덩어리) 구매,해군군수사령부,주식회사 마루유통
68271,부챗살(냉동/스테이크용) 구매,해군군수사령부,농업회사법인 주식회사 세명축산
68272,살치살(냉동/스테이크용) 구매,해군군수사령부,농업회사법인 현대씨앤에프 주식회사
68273,소갈비(냉동/갈비탕용)  구매,해군군수사령부,동부팜
68274,소갈비순살(냉동/슬라이스) 구매,해군군수사령부,주식회사 이레유통
68275,차돌박이(냉동/슬라이스) 구매,해군군수사령부,오케이팜
68276,LA갈비(냉동) 구매,해군군수사령부,주식회사 광성식품
68277,김말이튀김 구매,해군군수사령부,주식회사 늘찬푸드
68278,오징어튀김 구매,해군군수사령부,핸드메이드 초대점
68279,야채튀김 구매,해군군수사령부,주식회사 금오식품
68280,고구마튀김 구매,해군군수사령부,행복유통
68281,"워터젤리(과채음료, 혼합음료, 캔디류) 구매",해군군수사령부,주식회사 늘찬푸드
68282,과일푸딩(캔디류) 구매,해군군수사령부,류홀마트(합포점)
68283,짜먹는 발효유(발효유류) 구매,해군군수사령부,핸드메이드 초대점
68284,마시는 발효유(발효유류) 구매,해군군수사령부,영진식자재
68285,떠먹는 발효유(발효유류),해군군수사령부,지(g)-마트
68286,찹쌀떡 아이스크림,해군군수사령부,주식회사 온누리유통
68287,팩형 아이스크림 구매,해군군수사령부,주식회사 금오식품
68288,샌드형 아이스크림,해군군수사령부,백곰유통
68289,컵형 아이스크림 구매,해군군수사령부,영진식자재
68290,콘형 아이스크림 구매,해군군수사령부,백곰유통
68291,이온음료(혼합음료류),해군군수사령부,주식회사 프라임푸드시스템
68309,혼합음료 등 3종 구매,제2002부대,주식회사 극동 아이.씨.엠
68310,씻어나온 쌀 등 11종 구매,제2002부대,스튜디오가이
68318,미니 수정테이프 등 113종 구매,제9121부대,주식회사 복은
68342,"24-10-360 도시락, 수통 IED 등 41품목 구매",공군교육사령부,이엔에스(E&S)
68343,'24년 병영도서관/독서카페 도서 구매,제1군수지원사령부,에이블
68361,[60전대] 실린더 버터플라이 밸브 등 90종,공군군수사령부,신라통상
68378,'24 ~ '25년 체력단련장 식자재 구매(전라권),육군인사사령부,한울F&S
68387,24년 11~12월 부대조달 급식품목(빵류) 구매,제1989부대,주식회사 삼성에프엔비
68388,'24 ~ '25년 체력단련장 식자재 구매(경북권),육군인사사령부,삼정샘물 주식회사
68389,'24 ~ '25년 체력단련장 식자재 구매(경기권),육군인사사령부,파머스 미트
68390,'24 ~ '25년 체력단련장 식자재 구매(충청권),육군인사사령부,디에프에스주식회사
68391,'24 ~ '25년 체력단련장 식자재 구매(경남권),육군인사사령부,주식회사 원양에프엔지 농업회사법인
68392,‘25년 1~3월 부대조달 부식(돈가스 6품목) 제조/구매,제 2167부대,지푸드(G-FOOD)
68393,‘25년 1~3월 부대조달 부식(빵류 58품목) 구매,제 2167부대,주식회사 에스피씨삼립
68394,‘25년 1~3월 부대조달 부식(햄류 2품목) 구매,제 2167부대,노을
68435,"(긴급) 밸브, 버섯형, 엔진용 등 112종",해군군수사령부,모두의상사
68438,‘25년 부대계약 부식(1~3월)(빵류) 제조/구매,제2군수지원여단,(주)빙그레
68544,25년 생도피복(견장류) 제조구매,국군간호사관학교,박상(주)
68608,24년 후반기 병영도서관/독서카페 도서 구매 계약,제9보병사단사령부,패시브인컴
68621,24-1-14호 새우까스 등 14종 구매,해군작전사령부,에스더블유
68626,'24년 ~ '25년 계룡스파텔 식자재 구매,육군인사사령부,푸디스트 주식회사
68628,[24-0199] 튀김우동 등 11품목,공군제17전투비행단,주식회사 충청넷
68631,'24년 간부식당 소모품(애벌세제 등 4종) 구매,국방부계룡대근무지원단,미주통상
68651,민수형 전투식량(함수형) 구매(X116),제21보병사단,(주)참맛
68717,의무물자(드레싱 포셉 25cm 등 114종) 구매,제7001부대,동덕건설기계
68902,24년 40차 의료기재(스프린트 등 9품목) 구매,육군훈련소,주식회사 케이앤제이
68943,'24-8차 민수용 작전식량 구매,육군제7789부대,주식회사 그린테이블
68983,광컨버터 싱글모드 등 15종 구매,제7001부대,창원테크
69007,부식방지제 등 13종 구매,제5738부대,에이디 커머스
69034,"24-253, 00대대, 24-2차 식자재 구매",공군 제8전투비행단,(주)진영씨엔씨
69170,24-물용-010 민수용 전투식량 구매 계약,제7군수지원단,매쉬미디어(주)
69172,24년 4분기 부대계약부식(빵류) 제조/구매,5군수지원사령부,참좋은사람들
69187,'24년 000부대 삼겹살 등 130품목,제9965부대,태안군로컬푸드사업단
69285,'24년 병영도서관 및 독서카페 도서 구매,제25보병사단,야고보스토어
69298,갈비탕 등 6종 구매,제2002부대,(주)인광전기
69299,'24년 000부대 특수식량(습식) 구매,제9965부대,주식회사 그린테이블
69339,24-5차 의무비품(물리치료용 침대) 구매,국군의무사령부,세렌디피티
69341,'24년 10~12월 부대계약(빵류) 구매,육군제53보병사단,아이리치베이커리
69363,'24-7차 민수용 작전식량 구매,육군제7789부대,주식회사 삼양소방
69373,24년 독서카페 도서 구매,제7보병사단,바르게 쓰임
69398,24년 10~12월 부대조달 급식품목(식육가공품) 구매,제1989부대,시온코리아
69402,"스프링,스위치 등 12항목 제조(총포)",육군군수사령부,에스엔더블유테크
69443,병영도서관/독서 카페 도서 구매,육군 제1포병여단,나무컴퍼니
69462,폭발물처리반 작전복 등 6종 구매,해군군수사령부,주식회사 마크온탑
69465,'24년 4분기 부대계약부식(식자재) 구매,5군수지원사령부,(주)아워홈 동서울영업소
69466,24년 낙동강전승행사 도시락 제조납품,제2작전사령부,주식회사 씨엠케이푸드
69467,‘24년10~12월 부대조달부식(돈가스 8품목) 제조/구매,제 2167부대,지푸드(G-FOOD)
69490,병영 독서카페용 도서 구매,제9181부대,스카이피아
69512,(246314-E) 생도피복(직위장류 등 4품목) 제조,국군재정관리단,주식회사티그리스
69514,24년 10~12월 경쟁계약품목(부식류) 구매,육군훈련소,주식회사 파파콜렉션
69515,24년 10~12월 가공후식(이온음료 등 4품목) 구매,육군훈련소,주식회사 씨앤푸드
69527,라면조리기 구매,제7001부대,예광
69560,24-62호 음료용 종이컵 등 146종 구매,해군작전사령부,아프로플러스
69563,'24-4차 부대계약 식자재(부식) 구매(빵류),제3군수지원여단,제이푸드
69567,"스프링,판형 등 4항목 제조(총포)",육군군수사령부,우진테크
69578,(24-급-038) '24-4차 부대계약 식자재 납품(빵류)계약,제7군수지원단,주식회사 喜昶乳業
69584,"구명식량 2,937BX 구매",해군군수사령부,케이플러스
69589,24년 10~12월 부대조달 급식품목(빵류) 제조/납품,제1989부대,무민
69590,'24-4차 부대계약 식자재(부식) 구매(식육가공품류),제3군수지원여단,주식회사 동양비즈
69593,‘24년 10~12월 식자재 다수품목 단가계약,제 2167부대,주식회사 푸드머스
69596,24-N-리치트럭 2대 구매,국군재정관리단,매쉬미디어(주)
69612,국군의 날 행사 도시락 제조 납품,국방부(운영지원과),(주)기락
69622,(D079) 24년 00부대 병영도서관/독서카페 도서 구입,지상작전사령부,명백
69626,'24-4차 부대계약 식자재(부식) 구매 -신남지역-,제3군수지원여단,한샘유통 주식회사
69636,'24-4차 부대계약 식자재(부식) 구매 -강릉지역-,제3군수지원여단,(주)현대그린푸드
69637,'24-4차 부대계약 식자재(부식) 구매 -고성지역-,제3군수지원여단,주식회사 엔미디어솔루션
69638,'24-4차 부대계약 식자재(부식) 구매 -양구지역-,제3군수지원여단,주식회사 엔미디어솔루션
69639,'24-4차 부대계약 식자재(부식) 구매 -인제지역-,제3군수지원여단,씨제이프레시웨이 주식회사
69652,대테러 작전복 등 3종 제조 구매,국군화생방방호사령부,동방산업
69653,'24년 10~11월 영내자증식(육포 등 2종)구매,육군제53보병사단,(주)한일코리아
69672,'24년 부대계약 부식(10~12월)(일반1),제2군수지원여단,(주)아워홈 동서울영업소
69673,'24년 부대계약 부식(10~12월)(일반3),제2군수지원여단,(주)아워홈 동서울영업소
69674,'24년 부대계약 부식(10~12월)(일반2),제2군수지원여단,(주)아워홈 동서울영업소
69678,K1전차 스프링 등 3종 구매,육군종합정비창,금성특수산업
69681,24-4차 빵류 다수품목 단가계약,제1군수지원사령부,주식회사 두준
69688,24-N-페인트 스프레이 부스 제조,국군재정관리단,한일기기(주)
69696,(24-급-034) `24-2차 경축특식(크로플) 계약,제7군수지원단,주식회사 로만
69716,‘24년 부대계약 부식(10~12월)(빵류) 제조/구매,제2군수지원여단,매쉬미디어(주)
69717,‘24년 10~12월 부대조달 부식(햄류 4품목) 구매,제 2167부대,주식회사 신라명과
69718,‘24년 10~12월 부대조달 부식(빵류 62품목) 구매,제 2167부대,케이엠유통(주)
69725,24년 후반기 병영도서관/독서카페 도서 구매,제51보병사단,유한EST
69751,라면조리기 등 2종 4점 구매,해군제3함대사령부,(유)목포신도digitalOA
69765,'24-2차 경축특식(국군의 날)(초코 조각케이크),육군제7789부대,무민
69782,'24-2차 경축특식(추석)(떠먹는 티라미수),육군제7789부대,(주)조이푸드
69794,‘24년 4분기 부대계약 증식(구운계란 등 7종),제3군수지원여단,(주)씨엘에스푸드
69798,24년 병영도서관&독서카페 도서 구매(X064),제21보병사단,가후컴퍼니
69799,'24-4차 부대계약 후식(유제품류) 구매,제3군수지원여단,케이엠유통(주)
69800,'24-4차 부대계약 후식(음료류) 구매,제3군수지원여단,오케이팜
69801,'24-4차 부대계약 후식(과일류) 구매,제3군수지원여단,주식회사 삼마기업
69802,'24-4차 부대계약 후식(간식류) 구매,제3군수지원여단,주식회사 두준
69813,24년 간부식당 급식류 식자재 계약,공군제10전투비행단,주식회사 야미푸드
69817,국군의 날 행사장병 지원 생수 구매,국방부(운영지원과),이앤씨케이블 주식회사
69834,24-4차 식자재 다수품목 단가계약(경기 남부),제1군수지원사령부,아름상사
69835,24-4차 식자재 다수품목 단가계약(경기 서부),제1군수지원사령부,동아오츠카주식회사
69836,24-4차 후식류 다수품목 단가계약,제1군수지원사령부,(주)빙그레
69854,24-ㅇ전단 쌀(백미/10kg) 구매,해군 기동함대사령부,주식회사 제주플로우
69872,'24년 10~12월 부대계약 부식 구매(일반품목),육군교육사령부,대신로지스틱스 주식회사
69883,2024 복지회관 식자재 구매(농산물),국방부계룡대근무지원단,주식회사 강산푸드앤덕
69888,깨끗한 나라 물티슈 등 413종 구매,제2002부대,다온
69890,2024 복지회관 식자재 구매(공산품 및 소모품),국방부계룡대근무지원단,주식회사 강산푸드앤덕
69893,(24-급-035) `24-4차 부대계약 식자재(가공품류) 계약,제7군수지원단,주식회사 홍익식품
69894,24년 급양관리관 과정 식자재 구매,육군종합군수학교,송하푸드
69898,(24-급-036) `24-4차 부대계약 식자재(가공품류) 계약,제7군수지원단,주식회사 신라명과
69899,(24-급-037) `24-4차 부대계약 식자재(가공품류) 계약,제7군수지원단,주식회사 삼마기업
69906,'24년 4분기 부대계약 영내자증식 구매,육군교육사령부,주식회사 강산푸드앤덕
69909,"스프링,나선형,압축 등 44항목 제조(총포)",육군군수사령부,삼영산업
69927,'24년 000부대 특수식량(건식) 구매,제9965부대,로터스
69938,(24-급-033) `24-2차 경축특식(글레이즈드도넛) 계약,제7군수지원단,아이리치베이커리
69939,(24-급-032) `24-2차 경축특식(아이스모찌) 계약,제7군수지원단,다오
69940,(24-급-031) `24-2차 경축특식(훈제닭다리) 계약,제7군수지원단,주식회사 미소랑
69943,25년 생도피복(예식용품류 8종) 구매,육군3사관학교,몬티지 링크 코리아
69952,"'24-2차 경축특식 (추석,국군의 날)(커피, 가공우유)",육군제7789부대,이룸푸드
69953,"'24-2차 경축특식 (추석,국군의 날)(커피, 가공우유)",육군제7789부대,이룸푸드
69957,씻어나온쌀 구매,해군군수사령부,류홀마트(합포점)
69958,대패삼겹살(냉동) 구매,해군군수사령부,송림축산
69959,냉동수육용삼겹살 구매,해군군수사령부,류홀마트(합포점)
69960,차돌박이 구매,해군군수사령부,주식회사 원양에프엔지 농업회사법인
69964,'24년 국군의날 경축특식(떠먹는티라미수) 구매,제3군수지원여단,장가네제과
69965,'24년 추석 경축특식(훈제닭다리) 구매,제3군수지원여단,골든벨
69967,"'24-2차 경축특식 (추석,국군의 날)(커피, 가공우유)",육군제7789부대,이룸푸드
70022,전기튀김기 2EA 구매,해군작전사령부,세명종합공구
70028,스프러스 판재 등 2종 구매,제9911부대,나린
70041,[복지대대] ‘24-2차 병사식당 자율운영급식,공군 제8전투비행단,주식회사 야미푸드
70043,24-2차 경축특식 제조(냉동슈),제1군수지원사령부,(주)조이푸드
70044,24-2차 경축특식 제조(도넛),제1군수지원사령부,동광푸드
70045,24-2차 경축특식 제조(아이스 롤케익),제1군수지원사령부,주식회사 온세까세로
70046,24-2차 경축특식 다수품목 단가계약,제1군수지원사령부,주식회사 프라임푸드시스템
70047,24-2차 경축특식 제조(초코조각케익),제1군수지원사령부,영베이커리
70057,24-2차 경축특식 제조(냉동슈),제1군수지원사령부,(주)조이푸드
70058,24-2차 경축특식 제조(도넛),제1군수지원사령부,동광푸드
70059,24-2차 경축특식 제조(아이스 롤케익),제1군수지원사령부,주식회사 온세까세로
70060,24-2차 경축특식 다수품목 단가계약,제1군수지원사령부,주식회사 프라임푸드시스템
70061,24-2차 경축특식 제조(초코조각케익),제1군수지원사령부,영베이커리
70067,스프레이건 등 56종,공군군수사령부,더파란
70075,'24년 국군의 날 경축특식(냉동조각케이크) 제조,5군수지원사령부,(주)아인츠푸드
70076,'24년 추석 경축특식(마카롱) 제조,5군수지원사령부,주식회사비엠
70095,24-N-자동목재대패기 구매,국군재정관리단,대영
70128,'24년 000부대 소고기 등심 등 13품목,제9965부대,로아푸드
70129,'24년 경축특식(추석) 아이스모찌 제조/구매,제2군수지원여단,윤슬
70154,24년 병영도서관 및 독서카페 도서구매,제2군수지원여단,주식회사 제이텍
70180,'24년 경축특식(국군의 날) 조각케익 제조,제2군수지원여단,주식회사 온세까세로
70183,24년 9월 영내자증식(육포) 구매,육군제53보병사단,주식회사 늘본푸드
70199,24-D-전자동 GSR 주사전자현미경 구매,국군재정관리단,칼자이스 주식회사
70247,전투부식(김치날치알밥 등 13품목) 구매,제9해병여단,주식회사 탑티어로지스
70294,24-N-자동목재대패기 구매(248205-F),국군재정관리단,(주)수디자인
70326,슬라이스판 등 40종 구매,해군제2수리창,휴이
70360,24년 국군의날 경축특식(훈제닭다리) 제조/구매,육군훈련소,오뉴푸드
70361,24년 추석 경축특식(마카롱) 계약,육군훈련소,장가네제과
70412,씻어나온 쌀 등 11종 구매,제2002부대,썬앤문
70427,'24년 경축특식(추석·국군의날) 빵류 6품목 구매,제 2167부대,주식회사 와이즈
70444,'24년 경축특식(추석·국군의날) 훈제닭다리 구매,제 2167부대,해피브레드
70457,24년 위험물취급자 안전장구류(제전복 등 5종) 구매,5군수지원사령부,연결고리
70500,24년 병영도서관 및 독서카페 도서 구매,제1보병사단,경기상사
70515,24-N-음식물분쇄기 13대 구매,국군재정관리단,신흥리테일
70564,(24육군-해파40)한빛부대 24-2차 급식류 구매,종합보급창,더존식품
70605,(24-물품-72) 24년 병영도서관 독서카페 도서 구매,제11기동사단,주식회사 한성정보시스템
70658,"(긴급)리셉터클,육전 연결용 등 2종",해군군수사령부,세종상사
70687,생도증식(숙주나물 등 141종) 구매,자운대근무지원연대,다해푸드
70752,'24년 전반기 병영도서관 및 독서카페 도서 구매,육군항공사령부,엔플
70793,자주포 스프링류,지상공통전력운영계약팀,삼영산업
70826,우엉조림 구매,해군군수사령부,행복유통
70827,체다 슬라이스치즈 구매,해군군수사령부,키즈앤하우스
70828,깐메추리알 구매,해군군수사령부,류홀마트(합포점)
70829,돼지등갈비(냉동) 구매,해군군수사령부,행복유통
70831,뼈발골닭다리정육 구매,해군군수사령부,지(g)-마트
70902,육전케이블 등 2종 구매,해군군수사령부,연합정밀(주)
70903,24년 3분기 부대계약부식(빵류) 제조/구매,5군수지원사령부,보배푸드
70904,24년 부대계약 후식(바나나) 구매,5군수지원사령부,태민
71070,자율운영급식(대패삼겹살 등 118종) 구매,자운대근무지원연대,선진유통
71136,부식 방지제 등 31종 구매,해군군수사령부,에코플루이드
71176,(24-급-030) '24-2차 부대계약 식자재(빵류) 계약,제7군수지원단,푸디스트 주식회사
71202,[[24-C43] 24년 7여단 KCTC 훈련 급식품목 간편식,제6보병사단,주식회사 에스티엑스에프앤씨
71203,24년 7~9월 부대조달 급식품목(식육가공품) 구매,제1989부대,해찬푸드
71251,스프링노트 등 73종 구매,제9121부대,마린머티리얼즈
71286,24년 후보생 기초훈련장병증식(생수) 구매,육군학생군사학교,드림메디랩
71298,24년 3분기 부대계약부식(식자재) 구매,5군수지원사령부,주식회사 대선에프에스
71330,24-6차 주부후식(간편식 구매) 전투식량 구매,국제평화지원단,(주)씨티원서비스
71348,24-3차 빵류 다수품목 단가계약(구매),제1군수지원사령부,이엠미트
71349,24-3차 면류 다수품목 단가계약(구매),제1군수지원사령부,(주)아워홈 동서울영업소
71356,정맥주사 세트(50S) 등 4항목 구매(의무),육군군수사령부,유한회사 엔디클릭
71388,양념분쇄기 등 3종 구매,해군군수사령부,강원상사
71397,24년 7~9월 부대조달 급식품목(빵류) 제조납품,제1989부대,무민
71398,‘24-3차 부대계약 식자재 납품(식육가공품류),제3군수지원여단,주식회사 대산식품
71399,‘24-3차 부대계약 식자재 납품(빵류),제3군수지원여단,씨제이프레시웨이 주식회사
71400,'24년 7~9월 부대계약 부식 구매(일반품목),육군교육사령부,주식회사 제이에프
71403,‘24년 7~9월 부대조달 부식(돈가스 8품목) 제조/구매,제 2167부대,(주)진푸드시스템
71430,'24-3차 부대계약 식자재(부식) 구매 -신남지역-,제3군수지원여단,씨제이프레시웨이 주식회사
71431,'24-3차 부대계약 식자재(부식) 구매 -양구지역-,제3군수지원여단,(주)아워홈 동서울영업소
71432,'24-3차 부대계약 식자재(부식) 구매 -고성지역-,제3군수지원여단,씨제이프레시웨이 주식회사
71433,'24-3차 부대계약 식자재(부식) 구매 -강릉지역-,제3군수지원여단,(주)아워홈 동서울영업소
71434,'24-3차 부대계약 식자재(부식) 구매 -인제지역-,제3군수지원여단,씨제이프레시웨이 주식회사
71450,24년 7~9월 부대조달 경쟁계약품목(부식류) 구매,육군훈련소,(주)비락
71458,'24-1차 병영도사관/독서카페 도서 구매,제22보병사단,주식회사 강원토탈기업
71464,'24년 3분기 부대계약 영내자증식 구매,육군교육사령부,새늘
71475,‘24년 7~9월 식자재 다수품목 단가계약,제 2167부대,농업회사법인주식회사대화농산
71478,24년 7~8월 영내자증식(프로틴바 등 3종)구매,육군제53보병사단,나성푸드
71539,(24-급-029) '24-2차 부대계약 식자재(가공품류) 계약,제7군수지원단,매쉬미디어(주)
71540,(24-급-028) '24-2차 부대계약 식자재(가공품류) 계약,제7군수지원단,주식회사 동원홈푸드
71541,(24-급-027) '24-2차 부대계약 식자재(가공품류) 계약,제7군수지원단,주식회사 대평
71543,24-3차 식자재 다수품목 단가계약(경기 남부),제1군수지원사령부,(주)캐파맥스
71544,24-3차 식자재 다수품목 단가계약(경기 서부),제1군수지원사령부,농업회사법인 다올주식회사
71545,24-3차 후식류 다수품목 단가계약,제1군수지원사령부,주식회사 코주부비앤에프 (B&F)
71557,"주입기,액체용,직접공급식 등 11항목 구매(기일공구)",육군군수사령부,그리마
71607,광컨버터 등40종 구매,제8385부대,준컴퍼니
71659,24년 병영도서관/독서카페 도서 구매,제8기동사단,바른상사
71663,'24년 부대계약(7~9월) 부식(일반품목3) 구매,제2군수지원여단,씨제이프레시웨이 주식회사
71677,'24년 부대계약(7~9월) 부식(일반품목1) 구매,제2군수지원여단,삼성웰스토리 주식회사
71678,'24년 부대계약(7~9월) 부식(일반품목2) 구매,제2군수지원여단,씨제이프레시웨이 주식회사
71680,24년 7~9월 부대계약(빵류) 구매,육군제53보병사단,주식회사 로만
71690,24년 병영도서관 및 독서카페 도서구입,제17보병사단,한스맘
71695,‘24년 7~9월 부대조달 부식(햄류 2품목) 구매,제 2167부대,삼일앨엔에스
71696,‘24년 7~9월 부대조달 부식(미소된장) 제조/구매,제 2167부대,동해식품(주)
71697,‘24년 7~9월 부대조달 부식(빵류 55품목) 구매,제 2167부대,아이리치베이커리
71700,전기튀김기 2개 구매,해군 기동함대사령부,일광기업 주식회사
71735,'24-3차 부대계약 후식(유제품류) 구매,제3군수지원여단,주식회사 위앤코리아
71736,'24-3차 부대계약 후식(아이스크림류) 구매,제3군수지원여단,주식회사 에스앤피인터내셔널
71737,'24-3차 부대계약 후식(음료류) 구매,제3군수지원여단,주식회사 멀티열린세상
71738,'24-3차 부대계약 후식(간식류) 구매,제3군수지원여단,거제축산물급식센터 주식회사
71739,'24-3차 부대계약 후식(과일류) 구매,제3군수지원여단,(주)해도식품
71755,스프링류,지상공통전력운영계약팀,(주)경원R&D
71767,24년 7~9월 가공후식(이온음료 등 7품목) 구매,육군훈련소,주식회사 코주부비앤에프 (B&F)
71768,"스프링, 지지용 등 11항목 제조(기장)",육군군수사령부,이든산업
71799,00부대 생활관 증개축 관급자재(샌드위치패널)(Y040),제21보병사단,(주)신우산업
71884,"'24년 스프링, 지지용",지상공통전력운영계약팀,동광정밀
71889,인버터 등 7항목 구매(궤도공구),육군군수사령부,동진테크
71890,충전 햄머 드릴 등 3항목 구매(궤도공구),육군군수사령부,착한참치상회
71915,‘24년 부대계약 부식(7~9월)(빵류) 제조/구매,제2군수지원여단,천지수산
71918,[항자단] 동판부식 시험기 등 4종,공군군수사령부,영흥인퍼스
71925,(긴급)실리카샌드 1종,해군군수사령부,삼영기계(주)
71946,라면조리기 2구 4대 구매,제7001부대,제이앤제이 이엔지
71963,24년 부식 재포장재료 구매,제2군수지원여단,애플
71978,창상드레싱 등 2항목 구매(의무),육군군수사령부,제이비글로벌주식회사
72031,현미경 등 4항목 구매(의무),육군군수사령부,(주)성현엔지니어링
72122,의약품 및 의료용품(후메론 등 67종) 구매,해군교육사령부,주식회사원진메디팜
72166,'24년 부식류 재포장재료 구매,제 2167부대,문암이엔씨
72205,2024 복지회관 식자재 구매(축산물),국방부계룡대근무지원단,(주)씨엘에스푸드
72221,의무물자(메디폼 친수성 드레싱 5mm 등 87종)구매,제7001부대,준희컴퍼니
72273,'24년 부대조달 후식(생수) 구매,제1862부대,서울우유 춘천대리점
72292,'24년 부대조달 후식(생수) 구매,제1862부대,서울우유 춘천대리점
72318,24년 부대조달 콩나물(세척) 구매,육군훈련소,디앤에이(DNA)
72373,(자재) 락카스프레이 황색 등 12종 구매,육군종합정비창,주식회사 창원상사
72374,[복지대대] 간부식당(일심회관) 식자재,공군 제8전투비행단,마리푸드
72421,(24군책-물품012)리치트럭 구매,종합보급창,알파솔루션
72422,24년 전반기 병영도서관/독서카페 도서 구매,제51보병사단,진심
72435,'24년 2분기 부대계약(증식류) 구매,5군수지원사령부,선진유통
72459,'24년 백령도 복지회관 식자재 구매,제9196부대,주식회사 옹진물산
72492,24-B-버터플라이 등 11품목 구매,제9196부대,주식회사 제일휘트니스
72544,"(긴급) 양극전류용, 음극방어 부식방지용 등 48종",해군군수사령부,주식회사 에바다
72545,부챗살(냉동/덩어리) 구매,해군군수사령부,송림축산
72551,24년 부대계약 영내자 증식 구매,제1989부대,주식회사 엔미디어솔루션
72553,'24-3차 민수용 작전식량 구매,육군제7789부대,거제축산물급식센터 주식회사
72555,"복지대대, 광성회관 식자재(농수산물 및 공산품류)",공군제11전투비행단,하늘푸드
72574,차돌박이 등 135종 구매,제9911부대,주식회사조아
72610,K77지휘차 스프링 구매,육군종합정비창,환호테크
72625,24-04-120 광컨버터 등 15품목 구매,공군교육사령부,주식회사 예운
72630,"고정기, 밸브스프링 리테이너용 등 55종 구매",해군제2수리창,창진종합상사
72659,전기보온밥통 등 15종 구매,제7001부대,강림
72713,부식방지제 등 3품목 구매,제3170부대,여경
72755,’24년 병사식당 자율운영부식 계약,공군제18전투비행단,그린F&B
72777,24년 5~6월 부대조달 급식품목(식육가공품) 구매,제1989부대,참조은푸드
72778,24년 5~6월 부대조달 급식품목(빵류) 구매,제1989부대,주식회사 야미푸드
72816,산업용 광허브 / 컨버터 구매,해군제3함대사령부,동원샘물유통
72823,"'24년 병영도서관, 독서카페 도서 구매",제1989부대,한성시스템
72889,'24년 2분기 부대계약 영내자증식 구매,육군교육사령부,일광정보통신
72891,비행복 계급장류 제조,공군군수사령부,주식회사 플라이쿱
72909,정맥주사실습모형 등 7품목 구매,국군의무학교,꿈꾸는 다락
72931,(247146-C) 특수수술재료(콜라겐창상치유제) 구매,국군재정관리단,모아상사
72944,24-2차 면류 다수품목 단가계약,제1군수지원사령부,씨제이프레시웨이 주식회사
72945,24-2차 면류 다수품목 단가계약,제1군수지원사령부,씨제이프레시웨이 주식회사
72952,24-04-109 스프링수첩 1품목 제조 구매,공군교육사령부,환디자인
73020,24년 5~6월 가공후식(이온음료 등 8품목) 구매,육군훈련소,주식회사 위주축산
73045,"스프링,나선형,인장형 등 27종 구매",해군군수사령부,나니랜드
73103,24년 부대조달 생수 구매,육군훈련소,파머스 미트
73122,'24년 부대조달 후식(가공품 27품목),제2군수지원여단,동해식품(주)
73126,'24년 5~6월 부대계약(영내자증식)구매,육군제53보병사단,아주상사
73128,24-069 광컨버터 SFC200-SCS 등 48종,공군사관학교,희망안전기업
73144,(24-급-011) `24년 부대조달 후식(핫바),제7군수지원단,주식회사 야미푸드
73150,가스튀김기 등 7종 구매,공군군수사령부,한톨유통
73169,(자재) 스프링강선 등 61종 구매,육군종합정비창,상일상사
73171,응급군의관 및 구조사 구조작전복 구매,육군항공사령부,(주)오니
73174,‘24년 병사식당 자율운영급식,공군 제8전투비행단,주식회사 아이원
73218,핫도그 구매,해군군수사령부,주식회사 류홀마트
73225,2024년 에이스가든 김치구매,공군제17전투비행단,농업회사법인 주식회사 에스비딤채
73295,(24-급-010) `24년 부대조달 후식(마카롱 등 2종),제7군수지원단,동광푸드
73325,24년 식자재 재포장 재료 구매,제1군수지원사령부,바디닥터 평택지제점
73340,"양극, 부식방지용 등 8종 구매",제9121부대,대연상사
73374,'24년 1분기 부대계약 영내자증식 구매,육군교육사령부,주식회사 삼마기업
73385,20비 24-통합간부식당 식자재(축산품),제20전투비행단,주식회사 프라임푸드시스템
73401,'24년 천일염 구매,제 2167부대,이엠이컴퍼니
73442,(24-급-007) `24년 부대조달 후식(음료류),제7군수지원단,주식회사 다다
73444,‘24년 부대조달 후식(음료 10품목) 구매,제 2167부대,주식회사 신라명과
73462,'24-2차 식자재(부식) 구매 (식육가공품류)(수정),제3군수지원여단,주식회사 그린아이에스
73463,'24-2차 식자재(부식) 구매 (빵류)(수정),제3군수지원여단,주식회사 멀티열린세상
73473,"24-016, 전운대대, 기타식자재",공군 제8전투비행단,주식회사 아이원
73488,"24-016, 전운대대, 김치류",공군 제8전투비행단,구전식품(손가네김치)
73520,"24-Y-부대조달부식(면류, 빵류, 식육, 어육) 구매납품",연평부대,(주)해도식품
73523,"워터젤리(과채음료, 혼합음료, 캔디류) 구매",해군군수사령부,로아푸드
73524,과일푸딩(캔디류) 구매,해군군수사령부,태산
73525,떠먹는 토핑형 발효유(발효유류) 구매,해군군수사령부,진해식자재마트
73526,짜먹는 발효유(발효유류) 구매,해군군수사령부,행복유통
73527,마시는 발효유(발효유류) 구매,해군군수사령부,태양이엔지 주식회사
73528,떠먹는 발효유(발효유류) 구매,해군군수사령부,지지그린 주식회사
73529,찹쌀떡 아이스크림 구매,해군군수사령부,주식회사 푸드앤하우스
73530,팥빙수(빙과류) 구매,해군군수사령부,거제축산물급식센터 주식회사
73540,24년 2분기 부대계약부식(빵-23종) 제조/구매,5군수지원사령부,이엠미트
73541,'24년 부대조달 후식(생수) 구매,제3군수지원여단,(주)두원비엔에스(B＆S)
73554,"K21 와셔,스프링 등 35종 구매",육군종합정비창,디에스테크
73575,(24-급-006) `24년 부대조달 후식(빙과류),제7군수지원단,주식회사 야미푸드
73576,(24-급-009) 24년 부대조달 후식(판형 초콜릿 등 6종),제7군수지원단,주식회사 팜스웰홀딩스
73577,(24-급-008) `24년 부대조달 후식(발효유류),제7군수지원단,매쉬미디어(주)
73603,과일탄산(탄산음료류) 구매,해군군수사령부,주식회사 에바다
73606,샌드형 아이스크림 구매,해군군수사령부,거제축산물급식센터 주식회사
73607,팩형 아이스크림 구매,해군군수사령부,주식회사 류홀마트
73608,과채주스 구매,해군군수사령부,주식회사 이레유통
73609,컵형 아이스크림 구매,해군군수사령부,태양이엔지 주식회사
73610,콘형 아이스크림 구매,해군군수사령부,건천유통
73611,과일탄산(탄산음료류) 구매,해군군수사령부,주식회사 에바다
73612,콜라(탄산음료류) 구매,해군군수사령부,새늘
73613,이온음료(혼합음료류) 구매,해군군수사령부,지지그린 주식회사
73625,‘24년 부대조달 후식(바나나) 구매,제 2167부대,주식회사 멀티열린세상
73626,'24년 생수 구매,제 2167부대,스파클주식회사
73636,2024 환자치료식재료(특수영양식품) 구매,국군수도병원,에이치케이푸드
73640,"양극, 부식방지용 등 22종 구매",해군제2수리창,주식회사 산아름
73659,'24-2차 식자재(부식) 구매 -고성지역-,제3군수지원여단,씨제이프레시웨이 주식회사
73665,(24육군-해파07)동명부대 24-1차 급식류 구매,종합보급창,주식회사 무원물류시스템
73666,두부청국장찌개 등 6종,제2002부대,주식회사아람송
73667,컵밥 등 5종구매,제2002부대,(주)케이에코 이노베이션
73689,'24-2차 식자재(부식) 구매 -신남ㆍ강릉지역-,제3군수지원여단,씨제이프레시웨이 주식회사
73690,'24-2차 식자재(부식) 구매 -인제지역-,제3군수지원여단,주식회사 푸드머스
73691,'24-2차 식자재(부식) 구매 -양구지역-,제3군수지원여단,(주)현대그린푸드
73692,'24년 병사식당 급식류 식자재 연간계약,공군제10전투비행단,하늘푸드
73708,(24-급-005) '24-2차 부대계약 식자재(빵류) 계약,제7군수지원단,(주)한일코리아
73727,24년 2분기 부대계약(빵류-8종) 제조/구매,5군수지원사령부,파머스 미트
73729,'24년 간부식당 식자재(항공우주의료원),공군사관학교,주식회사푸드라인
73732,'24년 부대계약 부식(4~6월) 구매(일반품목1),제2군수지원여단,주식회사 푸드머스
73733,'24년 부대계약 부식(4~6월) 구매(일반품목3),제2군수지원여단,(주)아워홈 동서울영업소
73734,'24년 부대계약 부식(4~6월) 구매(일반품목3),제2군수지원여단,(주)아워홈 동서울영업소
73735,'24년 부대계약 부식(4~6월) 구매(일반품목2),제2군수지원여단,주식회사 푸드머스
73736,'24년 부대계약 부식(4~6월) 구매(일반품목2),제2군수지원여단,주식회사 푸드머스
73737,'24년 부대계약 부식(4~6월) 구매(일반품목1),제2군수지원여단,주식회사 푸드머스
73738,'24년 부대계약 부식(4~6월) 구매(일반품목1),제2군수지원여단,주식회사 푸드머스
73739,'24년 부대계약 부식(4~6월) 구매(일반품목3),제2군수지원여단,(주)아워홈 동서울영업소
73740,'24년 부대계약 부식(4~6월) 구매(일반품목2),제2군수지원여단,주식회사 푸드머스
73758,24-N-리치트럭 구매,국군재정관리단,주식회사 삼마기업
73762,광컨버터 등 27종 구매,제9911부대,블루탑
73777,"구명식량 10,000BX 구매",해군군수사령부,정민솔루션
73779,‘24년 부대계약(4~6월) 부식(빵류) 제조/구매,제2군수지원여단,그린코리아주식회사
73780,'24년 부대조달 후식(생수) 구매,제2군수지원여단,주식회사 매사
73781,'24년 부대조달 후식(바나나) 구매,제2군수지원여단,주식회사 나한
73782,'24-2차 부대계약 후식(간식류) 구매,제3군수지원여단,주식회사 동영상사
73788,24년 4~6월 부대조달 경쟁계약품목(부식류) 구매,육군훈련소,큐엔씨(주)
73790,24년 4~6월 부대조달 경쟁계약품목(부식류) 구매,육군훈련소,큐엔씨(주)
73791,24년 부대조달부식 구매 납품(소청도),제9196부대,우리모두
73795,24-2차 빵류 다수품목 단가계약,제1군수지원사령부,강원농축산유통
73796,'24년 간부식당 식자재(리더십센터),공군사관학교,주식회사푸드라인
73813,'24년 4~6월 부대계약 부식 구매(일반품목),육군교육사령부,동아오츠카주식회사
73817,양극 부식방지용 등 6종 구매,해군군수사령부,현대시스템
73824,'24년 4~6월 부대계약 부식 구매(일반품목),육군교육사령부,동아오츠카주식회사
73850,양념분쇄기 등 3품목 구매,제3170부대,희경상사
73883,24년 2분기 후식(가공품)구매 다수품목 단가계약,제1군수지원사령부,주식회사 아람비즈
73908,'24년 2분기 부대계약(식자재) 구매,5군수지원사령부,(주)디아이
73909,'24년 부대조달후식(식혜) 구매,5군수지원사령부,주식회사 제이코스
73910,'24년 부대조달후식(에이드) 구매,5군수지원사령부,파머스 미트
73912,'24년 부대조달 후식류 (생수) 구매,5군수지원사령부,(주)신대한관리
73913,'24년 부대조달후식(워터젤리) 구매,5군수지원사령부,스파클주식회사
73914,'24년 부대조달후식(마시는 발효유) 구매,5군수지원사령부,초코인터내셔널 주식회사
73915,'24년 부대조달후식(커피) 구매,5군수지원사령부,주식회사 엔미디어솔루션
73916,'24-2차 부대계약 후식(유제품) 구매,제3군수지원여단,주식회사 푸드밀
73918,'24-2차 부대계약 후식(탄산음료류) 구매,제3군수지원여단,(주)동원에프엔에프
73919,'24-2차 부대계약 후식(음료류) 구매,제3군수지원여단,미가온
73920,‘24년 4~6월 식자재 다수품목 단가계약,제 2167부대,(주)현대그린푸드
73952,24년 부대조달부식 구매 납품(대청도),제9196부대,주식회사 야미푸드
73954,24년 가공식품 구매 납품(백령도),제9196부대,성도교역
73955,24년 4~6월 부대급식계약(빵류),육군제53보병사단,주식회사 신라명과
73973,철판김치덮밥 등 28종 구매,해군 기동함대사령부,제주정석
73990,'24년 부대조달후식(맛밤) 구매,5군수지원사령부,주식회사 멀티열린세상
73992,'24년 부대조달후식(초콜렛) 구매,5군수지원사령부,(주)장원푸드
73993,'24년 부대조달후식(과일바) 구매,5군수지원사령부,신화상사
73994,'24년 부대조달후식(과일푸딩) 구매,5군수지원사령부,주식회사 동양비즈
73995,'24년 부대조달후식(토핑형 떠먹는 발효유) 구매,5군수지원사령부,주식회사 푸드밀
73996,'24년 부대조달후식(떠먹는 발효유) 구매,5군수지원사령부,(주)신대한관리
73997,'24년 부대조달후식(짜먹는 발효유) 구매,5군수지원사령부,(주)빙그레
73998,'24년 부대조달후식(팥빙수) 구매,5군수지원사령부,농업회사법인 주식회사 원앤원푸드
73999,'24년 부대조달후식(컵형 아이스크림) 구매,5군수지원사령부,엄마푸드
74000,'24년 부대조달후식(샌드형아이스크림) 구매,5군수지원사령부,주식회사 백두상사
74001,'24년 부대조달후식(팩형아이스크림) 구매,5군수지원사령부,주식회사 대성에프앤디
74002,'24년 부대조달후식(콘형아이스크림) 구매,5군수지원사령부,더푸드웰(주)
74003,'24년 부대조달후식(탄산음료) 구매,5군수지원사령부,주식회사 삼마기업
74004,'24년 부대조달후식(이온음료) 구매,5군수지원사령부,주식회사 하이패스텔
74005,'24년 부대조달후식(바나나맛 우유) 구매,5군수지원사령부,엄마푸드
74006,'24-2차 부대계약 후식(과일류) 구매,제3군수지원여단,(주)비앤에스
74007,'24-2차 부대계약 후식(아이스크림류) 구매,제3군수지원여단,앤줄라이
74008,‘24년 4~6월 부대조달 부식(잡채어묵) 제조/구매,제 2167부대,(주)코주부씨앤에프
74009,‘24년 부대조달 후식(유제품 10품목) 구매,제 2167부대,대신로지스틱스 주식회사
74010,‘24년 부대조달 후식(초코바 등 9품목) 구매,제 2167부대,주식회사 큐엔씨유통
74011,‘24년 4~6월 부대조달 부식(돈가스 7품목) 제조/구매,제 2167부대,(주)진푸드시스템
74018,(24-물품-07) 24-2차 간편식 활용 훈련식량 구매,제11기동사단,주식회사 파파콜렉션
74027,(화공) 수산화나트륨 등 4종구매,육군종합정비창,우남환경화학
74035,소변기 스프레더 등 149종 구매,해군교육사령부,창원엔젤
74049,24년 하늘회관 식자재 납품,공군제15특수임무비행단,(주)아워홈 동서울영업소
74055,(화공) 흑염스프레이 등 6종구매,육군종합정비창,주식회사 에이에스씨
74108,(24-급-004) '24-2차 부대계약 식자재(가공품류) 계약,제7군수지원단,(주)캐파맥스
74109,(24-급-003) '24-2차 부대계약 식자재(가공품류) 계약,제7군수지원단,주식회사 삼마기업
74110,(24-급-002)'24-2차 부대계약 식자재(가공품류) 계약,제7군수지원단,(주)캐파맥스
74111,‘24년 4~6월 부대조달 부식(빵류 60품목) 구매,제 2167부대,해태제과식품(주)
74112,24-체 포기김치 등 3종 제조납품,제9911부대,농업회사법인 주식회사 태성김치
74119,24년 간편식 활용(전투식량) 납품,제2신속대응사단,주식회사 지호푸드서비스
74138,'24년 1분기 부대계약(증식류) 구매,5군수지원사령부,로아푸드
74153,차량관리용품(불스원유막제거제 등 6종) 구매,국방부계룡대근무지원단,아름종합상사
74175,수육용 돼지고기 등 9종 구매,제8385부대,주식회사 해나람
74179,떡볶이떡 구매,해군군수사령부,류홀마트(합포점)
74185,2024년 예비군 도시락 제조납품,육군 제1군단,주식회사 더찬
74186,24년 3~4월 부대조달 급식품목(식육가공품) 구매,제1989부대,푸디스트 주식회사
74187,24년 3~4월 부대조달 급식품목(빵류) 구매,제1989부대,수민
74188,‘24년 4~6월 부대조달 부식(스팸형 햄) 구매,제 2167부대,참조은푸드
74189,‘24년 4~6월 부대조달 부식(마카롱 등) 제조/구매,제 2167부대,동광푸드
74193,"복지대대, 광성회관 식자재 김치류",공군제11전투비행단,중원식품
74194,'24년 병사식당 부식 공급,공군제5공중기동비행단,주식회사 토리미트
74234,생도증식(가지 등 301종) 구매,자운대근무지원연대,다해푸드
74236,돈육(대패삼겹살 등 122종) 구매,자운대근무지원연대,선진유통
74246,24-2차 식자재 다수품목 단가계약(경기 남부),제1군수지원사령부,(주)현대그린푸드
74247,24-2차 식자재 다수품목 단가계약(경기 서부),제1군수지원사령부,대상주식회사
74248,'24년 병사식당 브런치 및 자율운영부식 계약,공군작사근무지원단,미가온
74257,'24-2차 민수용 작전식량 구매,육군제7789부대,삼일앨엔에스
74258,'24-2차 민수용 작전식량 구매,육군제7789부대,삼일앨엔에스
74261,24-Y-김치류 제조 납품,연평부대,농업회사법인 한백냉장식품 주식회사
74263,24-Y-기호식품 구매 납품,연평부대,큐엔씨(주)
74264,24-Y-두채류 구매 납품,연평부대,주식회사 천일
74265,24-Y-가공식품(부대) 구매 납품,연평부대,푸디스트 주식회사
74266,배맛음료 등 142종 구매,제8385부대,주식회사 에스엘상사
74271,'24-2차 민수용 작전식량 구매,육군제7789부대,삼일앨엔에스
74273,'24년 예비군 도시락 제조납품(1권역),제6755부대,주식회사 경북캐터링
74274,'24년 예비군 도시락 제조납품(3권역),제6755부대,(주)캠퍼스
74275,'24년 예비군 도시락 제조납품(2권역),제6755부대,청구도시락
74297,'24년 체력단련장 운영용 주류 구매(경남권),육군인사사령부,주식회사 화창주류
74298,'24년 체력단련장 운영용 주류 구매(경북권),육군인사사령부,주식회사 화창주류
74328,24년도 김치 계약(장교회관),제3훈련비행단,주식회사 삼화식품
74329,24년도 공산품 및 채소류 및 육류 계약(장교회관),제3훈련비행단,미가온
74337,스프링 시험기 구매,육군종합정비창,주식회사 대경코리아
74340,24년 비상수원 식수(생수) 구매계약,제7보병사단,주식회사 에치와이
74349,24년 병사식당 식자재(육류) 납품,공군제15특수임무비행단,주식회사 담터안심먹거리조합
74359,24년 부대조달부식(두채류) 제조 납품(도서 지역),제9196부대,주식회사 일신웰스
74360,24년 부대조달부식(부대 가공식품) 납품(도서 지역),제9196부대,광동제약(주)
74361,24년 부대조달부식(기호식품) 납품(도서 지역),제9196부대,농업회사법인 자연과농부주식회사
74362,24년 부대조달부식(두채류) 제조 납품(도서 지역),제9196부대,주식회사 일신웰스
74363,24년 부대조달부식(부대 가공식품) 납품(도서 지역),제9196부대,광동제약(주)
74364,24년 부대조달부식(빵류) 제조 납품(도서 지역),제9196부대,(유)목양
74365,24년 부대조달부식(김치류) 제조 납품(도서 지역),제9196부대,농업회사법인 한백냉장식품 주식회사
74369,계약) '24년 교육사 병사식당 급식류 식자재 구매,공군교육사령부,다해푸드
74382,'24년 병영식당 자율운영부식 식자재 구매,국방부계룡대근무지원단,이레축산
74384,24년 예비군 도시락 제조 납품(2권역),제3697부대,(주)기락
74385,24년 예비군 도시락 제조 납품(1권역),제3697부대,(주)기락
74397,00부대 간편식 구매(1-24-물-1),특수전사령부,아주상사
74413,24-3호 반판두부 등 22종 구매,해군작전사령부,주식회사 담올
74417,24년 예비군 도시락 제조납품(1권역),육군 제37보병사단,주식회사행복담은네모
74418,’24년 국방컨벤션 주류 계약,국군복지단,유한회사 금호주류상사
74419,24년 예비군 도시락 제조납품(3권역),육군 제37보병사단,주식회사행복담은네모
74420,24년 예비군 도시락 제조납품(2권역),육군 제37보병사단,주식회사행복담은네모
74455,24년 생도증식(차돌박이 등 85종)구매,육군3사관학교,주식회사 세븐스타컴퍼니
74462,'24년 에이스가든 식자재 구매,공군제17전투비행단,파머스 미트
74472,'24년 에이스가든 식자재 구매,공군제17전투비행단,파머스 미트
74490,24-1호 배추김치 등 7종 구매,해군작전사령부,주식회사청미각식품
74497,치즈스틱 구매,해군군수사령부,주식회사 류홀마트
74509,[부대지원과] '24년 한마음회관 김치,공군군수사령부,영농조합법인 팔공김치
74530,훈제연어(슬라이스) 구매,해군군수사령부,행복유통
74531,훈제연어(덩어리/냉동) 구매,해군군수사령부,삼진유통
74532,'24년 군성회관 식자재 구매,공군제38전투비행전대,주식회사 강산푸드앤덕
74541,[부대지원과]'24년 한마음회관 식자재,공군군수사령부,주식회사 제이브로
74544,'24년 생도식당 식자재,공군사관학교,호미식품
74547,00회관 엘리베이터 인버터 교체,자운대근무지원연대,(주)태양전기조명이엔지
74560,24-2호 감자수제비 등 84종 구매,해군작전사령부,주식회사 강산푸드앤덕
74564,오이피클(슬라이스),해군군수사령부,농협김치영업소
74565,'24년 2~3월 영내자증식 구매(프로틴바 등 2종),육군제53보병사단,아름상사
74577,'24년 체력단련장 운영용 주류 구매(충청권),육군인사사령부,유한회사 대한주류상사
74584,파인애플 등 261종 구매,제8385부대,(주)혜성식품
74585,오리고기 등 32종 구매,제8385부대,이엠이컴퍼니
74586,토스트소스 구매,해군군수사령부,백곰유통
74587,연근조림 구매,해군군수사령부,에코
74588,우엉조림 구매,해군군수사령부,연우상사
74589,모듬수제소시지 구매,해군군수사령부,송림축산
74590,감자고로케 구매,해군군수사령부,로아푸드
74591,포장순대(슬라이스) 구매,해군군수사령부,주식회사 푸드앤하우스
74592,크림파스타소스 구매,해군군수사령부,행복유통
74593,재첩국 구매,해군군수사령부,주식회사 푸드앤하우스
74594,요거트푸딩 구매,해군군수사령부,지(g)-마트
74595,양송이스프 구매,해군군수사령부,건천유통
74596,쌈무 구매,해군군수사령부,태산
74597,해쉬포테이토 구매,해군군수사령부,송림축산
74599,생우동 구매,해군군수사령부,영진식자재
74600,생수(소) 구매,해군군수사령부,영진식자재
74601,새우튀김 구매,해군군수사령부,영진식자재
74602,뼈발골닭다리정육 구매,해군군수사령부,로아푸드
74603,까나리액젓 구매,해군군수사령부,삼진유통
74604,베이컨 구매,해군군수사령부,로아푸드
74605,바나나우유 구매,해군군수사령부,에코
74606,모듬콩조림 구매,해군군수사령부,주식회사 류홀마트
74607,명이절임 구매,해군군수사령부,핸드메이드 초대점
74608,매실농축액 구매,해군군수사령부,영진식자재
74609,맛술 구매,해군군수사령부,영농조합법인 초현
74610,떡국떡 구매,해군군수사령부,삼진유통
74611,땅콩조림 구매,해군군수사령부,거제축산물급식센터 주식회사
74612,단호박샐러드 구매,해군군수사령부,일이푸드
74613,냉동피홍합 구매,해군군수사령부,주식회사 푸드앤하우스
74614,냉동유부슬라이스 구매,해군군수사령부,주식회사 류홀마트
74615,냉동새우 구매,해군군수사령부,진해식자재마트
74616,깐메추리알 구매,해군군수사령부,류홀마트(합포점)
74617,고구마샐러드 구매,해군군수사령부,건천유통
74618,계란지단채 구매,해군군수사령부,태산
74619,게맛살 구매,해군군수사령부,키즈앤하우스
74620,감자수제비 구매,해군군수사령부,주식회사 류홀마트
74621,깐풍기 구매,해군군수사령부,주식회사 푸드앤하우스
74623,24년 즉석조리식품(민수용 작전식량) 구매,육군과학화전투훈련단,주식회사 제이에프
74624,24년 신정 경축특식(초코조각케이크+치즈조각케이크),육군제7789부대,동광푸드
74632,24년 생도 증식(떡 만두 등 213개 품목) 구매,육군사관학교,인서유통
74636,조리실습재료(감자전분 등 195종) 구매,해군교육사령부,블루홀딩스 주식회사
74645,"24년 예비군 도시락 제조ㆍ납품(1권역, 야탑)",제55보병사단,(주)기락
74646,"24년 예비군 도시락 제조ㆍ납품(3권역, 운학)",제55보병사단,주식회사 비에스에프앤씨
74654,24-1차 간편식 활용 작전식량 구매,제2신속대응사단,주식회사 늘본푸드
74655,24-1차 간편식 활용 작전식량 구매,제2신속대응사단,주식회사 늘본푸드
74656,미소된장 구매,해군군수사령부,핸드메이드 초대점
74657,미소된장 구매,해군군수사령부,핸드메이드 초대점
74658,야채 고기말이 구매,해군군수사령부,영농조합법인 초현
74659,견과류 구매,해군군수사령부,주식회사 푸드앤하우스
74660,컵밥 구매,해군군수사령부,류홀마트(합포점)
74662,소고기스프 구매,해군군수사령부,건천유통
74663,오리훈제슬라이스 구매,해군군수사령부,행복유통
74664,떠먹는 발효유 구매,해군군수사령부,오케이팜
74665,요구르트 구매,해군군수사령부,행복유통
74666,콩나물 구매,해군군수사령부,백곰유통
74668,24-1차 경축특식 제로콜라  구매,제1군수지원사령부,푸른
74669,24-1차 경축특식 우유생크림빵 제조,제1군수지원사령부,주식회사 온세까세로
74670,24-1차 경축특식 떠먹는 티라미수 제조,제1군수지원사령부,(주)조이푸드
74671,24-1차 경축특식 냉동슈 제조,제1군수지원사령부,동광푸드
74674,‘24년 경축특식(설날) 닭다리 등 구매,제 2167부대,서준코퍼레이션
74675,‘24년 경축특식(설날) 빵류 2종 구매,제 2167부대,주식회사 백두상사
74676,`24-1차 부대조달 경축특식(설날) 계약,제7군수지원단,(주)조이푸드
74684,소갈비(냉동/갈비탕용) 구매,해군군수사령부,송림축산
74685,냉동 수육용 삼겹살 구매,해군군수사령부,주식회사 원양에프엔지 농업회사법인
74686,소갈비순살(냉동/슬라이스) 구매,해군군수사령부,지(g)-마트
74687,차돌박이(냉동/슬라이스) 구매,해군군수사령부,송림축산
74688,LA 갈비(냉동) 구매,해군군수사령부,행복유통
74689,모둠해물 구매,해군군수사령부,행복유통
74690,대패삼겹살(냉동) 구매,해군군수사령부,오케이팜
74691,씻어나온쌀 구매,해군군수사령부,류홀마트(합포점)
74692,비엔나소시지 구매,해군군수사령부,주식회사 푸드앤하우스
74693,체다 슬라이스치즈 구매,해군군수사령부,연우상사
74694,포장족발(슬라이스) 구매,해군군수사령부,주식회사 푸드앤하우스
74695,순살햄 구매,해군군수사령부,키즈앤하우스
74697,24년 경축특식(설날)(음료(아메리카노+우유)),육군제7789부대,웰루츠
74698,24-1차 민수용 작전식량 구매,육군제7789부대,아라푸드
74699,'24년 간부식당 식자재,공군사관학교,주식회사푸드라인
74700,카스타드 구매,해군군수사령부,행복유통
74701,단무지 구매,해군군수사령부,영진식자재
74702,돼지등갈비(냉동) 구매,해군군수사령부,더클래식
74703,돼지등뼈(냉동) 구매,해군군수사령부,주식회사 금오식품
74704,돼지삼겹살(냉동)  구매,해군군수사령부,제일F&B
74705,LA 돼지갈비(냉동) 구매,해군군수사령부,행복유통
74706,'24년 1~2월 천일염 구매,육군제53보병사단,주식회사 푸드앤하우스
74709,'24년 간부식당 식자재 계약,공군 작사예하 방포사예하 제3여단,명과
74710,24년 청룡회관 식자재(감자 등 119종) 구매,제9181부대,에이치케이푸드
74711,24년 예성회관 식자재 구매,공군제16전투비행단,푸른
74712,살치살(냉동/스테이크용) 구매,해군군수사령부,태산
74714,부챗살(냉동/덩어리) 구매,해군군수사령부,주식회사 원양에프엔지 농업회사법인
74715,부챗살(냉동/스테이크용) 구매,해군군수사령부,영진식자재
74716,24년 예성회관 식자재 구매(김치류),공군제16전투비행단,농업회사법인 비에스푸드 주식회사
74718,24년 2~3월 경쟁계약 품목(부식류) 구매,육군훈련소,주식회사 와겐
74719,24년 설날 경축특식 훈제닭다리 제조구매,육군훈련소,농업회사법인주식회사대화농산
74721,'24년 간부식당 2개소 식자재 구매,공군제19전투비행단,주식회사 아름상사
74722,'24년 간부식당 2개소 김치 구매,공군제19전투비행단,(주)동심
74726,'23-3차 천일염 구매,제 2167부대,케이지메디텍주식회사
74728,24년 간부식당 식자재 구매,공군사관학교,미가온
74729,24년 배추김치(포기절단) 등 10종 구매,해군제3함대사령부,현진식품 영농조합법인
