,입찰명,발주기관,낙찰자(상호)
340,17년 국외잡지 구매,국방대학교,지오
585,17년 영업배상보험 및 캐디근재보험,국군복지단,엠지손해보험 주식회사
609,NVR(16CH) 등 6품목(16-364호),제9691부대,주영
632,재투자 정보통신운영용품 구매(16종),제2632부대,웅진
712,EPSON 카트리지 등 38종,해군본부,현대상사
733,샤워기호스 등 837종,제5738부대,오피스브릿지
746,리무버 등 219종,해군 기동함대사령부,주식회사우정상사
750,차광막 등 99종 구매,제9911부대,클릭바이 엠알오
757,"위임150,169차 자재납품",제2632부대,SG산업
758,탄약고 화재 기호판 구매,육군 제37보병사단,다성
761,방탄복 구매,제3283부대,승재유통
764,비디오 코덱 등 34종 구매,제2002부대,한신기계
765,점보롤화장지 등 15종,해군작전사령부,주식회사 부영상사
766,사각 테이블 10개,해군작전사령부,호경북아트
772,16-해-격납고 주파수변환기 구매,해군제3함대사령부,태일자동제어(주)
773,DOWN CONVERTER 등 5종 구매,해군제3함대사령부,(유)목포신도digitalOA
774,대변기스퍼트 등 77종 구매,제9911부대,금호전기조명(주)
779,지지목 등 40종 구매,제9911부대,금호전기조명(주)
786,디지털 매니폴드 게이지 등 62종 구매,공군군수사령부,(주)디에스인프라
796,Y자형 꽂이 등 355품목,제9196부대,서진
800,취사장 주방용 소화기 구매,제6955부대,(TS)산업
811,펀치 등 41종,제7001부대,경남상사
813,전자순찰시계 등 3종 구매,해군제3함대사령부,오피스디포 목포점
815,항-16-075 황사마스크 KF80,공군사관학교,미래상사
817,톤마대 구매,제3170부대,금강아이티
827,펀치 등 115종 구매,제9911부대,제이유테크
830,물류관리라벨 등 512종,해군작전사령부,블루존시스템
859,플루드 라이트 세트 구매,공군제11전투비행단,에스지에스
863,8759부대 등 2개소 자재구매,제21보병사단,정민이엔씨
868,배구부 운동용품(배구공 등 7품목),국군체육부대,유원 씨앤씨
869,종목별 운동용품 구매(핸드볼 등 3개부서),국군체육부대,유원 씨앤씨
870,정압게이지 등 7종 설치납품,국방부근무지원단,(주)퓨처테크놀러지
872,CLT-K508L(검정) 등 62항목 구매(물자),육군군수사령부,미소커뮤니케이션
874,철수세미 등 41종 구매,제9911부대,엔돌핀
876,섹션 펜꽃이 등 309종,해군작전사령부,영화상사
877,컬러정부화일 등 278종 구매,제9911부대,프라임테크
878,전기온풍기 등 3종 구매,제2002부대,삼성전자형제대리점
882,디지털 온습도계 등 62종,해군본부,가람주식회사
883,가로방비 세트 등 123종,해군본부,드림으뜸상사
890,그레이트스파이더체인 2종 구매,제9911부대,주식회사 성진이엔디
892,갈퀴 등 9종 구매,제9911부대,케이제이 씨앤씨유통
895,유성펜 등 301종 구매,제9911부대,주식회사 세경전기통신
899,신호용 호각 등 4종,해군작전사령부,한가온
900,00부대  20톤 회전식 크라샤 구매,제15보병사단,안보종합상사
901,유류시험 기자재 구매,수도군단,주식회사 바로에스앤티
902,폼업 등 118종 구매,해군사관학교,주식회사 서진컨설팅
904,탐조등 5EA,해군군수사령부,에이치제이티(HJT)
908,OO CBT 하드웨어 및 SW 구매/설치,제1방공유도탄여단,주식회사 시스텍
919,‘16년 후반기 전장관리체계 운영용품구매,국군재정관리단,(합)도시환경
930,섬유유연제 등 4종 구매,제3170부대,한국전지수성점
933,트위스트 등 33종 구매,제9121부대,조인
934,켄트 샥클 등 32종 구매,제9121부대,세종상사
941,마사토 등 2종,제7001부대,(주) 건영패밀리
947,뉴젤 청정기 등 2종,해군군수사령부,씨지 트레이드
948,형광램프 외 36종 구매,국방부계룡대근무지원단,대경상사
958,NVR 등 68품목,제9196부대,하나이티에프 주식회사
959,매립형 XLR 커넥터 등 111종,제9227부대,인켈정보통신 주식회사
966,FILTER PAPER 등 29품목,해군제1수리창,(주)동건
968,북스탠드 등 104종,해군교육사령부,다림테크
979,상판접이식테이블 등 1145종,제7001부대,오피스브릿지
980,ESH100-12 등 13종 구매,제7001부대,가나안상사
984,거상형 휠체어 등 17종,제7001부대,와이파이컴퍼니
986,방탄판 구매,제7001부대,주식회사 유티지
988,광견병 백신 등 8품목,육군군수사령부,엠앤에스코리아
989,케토코나졸 등 79품목,육군군수사령부,(주)석호약품
990,항-16-071 약품수납장A 등 26종,공군사관학교,예림플러스
991,램프 등 71종,재경근무지원대대,대성상사
994,일체형바벨세트 등 16품목,제9196부대,인천종합상사
995,니콜스타트 등 22품목,제9196부대,한빛기프트
1013,에어캡 완충제 등 55종,제5738부대,(주)디에스인프라
1014,승차식 제초기 등 13종,제5738부대,제이에스탑
1022,"내부 공기청정기 등 10항목 구매(해파, 기장)",육군군수사령부,헵시바상사
1023,맥그립 줄자 등 81품목,해군제1수리창,금성종합상사
1024,SSO Agent(TouchEn Wiseaccess)  SW 1개,해군작전사령부,주식회사 아이티센피엔에스
1026,홀캇타 등 16종 구매,제3170부대,청인에너텍
1028,샴푸 등 39종 구매,제2002부대,한빛기프트
1030,널빤지 등 6품목 구매,제3283부대,에스제이컴퍼니
1031,메티오졸린등6품목 구매,제9691부대,주식회사 이앤엘
1032,랜턴 등 90품목 구매,제3283부대,삼원티앤아이
1033,이발가운 구매,제3283부대,연천종합물산
1035,점보롤화장지 등 121종 구매,해군제3함대사령부,대건상사
1039,스포츠타울 등 9품목 구매,제9691부대,에이지씨
1040,번호식 도어락 구매 설치(연평도 납품),연평부대,오피스디포 인천중앙점
1042,스미스머신 등 14품목 구매,제9해병여단,상우스포츠
1043,봉합재 키트,해군제2수리창,세일상사
1045,출입통제기 등 5종 구매,제7001부대,지에스 주식회사
1051,베벨 피니언 1종,해군군수사령부,대호정밀
1064,00부대 대형전시체계보강 물품구매,제7군단,월드비젼
1065,빔 프로젝트 램프 등 8종 구매,육군종합행정학교,영원종합상사
1066,영외관사 인터폰 구매 설치,공군제11전투비행단,세진시스템
1068,20톤 반자동 회전식 크라샤 구매,제5보병사단,우상기업사
1075,이동식 럭비골대 설치납품,국군체육부대,대성체육산업
1077,지우개 등 60종,해군교육사령부,참조은
1078,배드민턴 지주대 3SET,해군교육사령부,다림테크
1081,(16-398)군공항사용분담금(할로겐 램프),공군제17전투비행단,제일공사
1083,수기 등 25종,제9227부대,이지전력(주)
1086,납덩이 등 2종,해군군수사령부,주식회사 권민
1089,전기주전자 등 19종,제9227부대,다온유통
1092,블랙박스 등 2종 구매,제7001부대,주식회사 부영상사
1095,360도 장거리 스피커등 6종 설치 납품,국방부계룡대근무지원단,삼화텔콤
1098,바인더 등 247종 구매,제8385부대,가나안상사
1102,샤프 등 321종 구매,제9911부대,헤럴드
1105,플러스펜 등 322종,해군교육사령부,대광산업
1106,부직포가방 등 2종,해군교육사령부,주식회사 나누리
1107,군용레포트화일 등 181품목 구매,제9691부대,금호전기조명(주)
1109,3D 커브가위 등 48종,해군교육사령부,대하종합상사
1112,특전조끼 등 2품목 구매,제3283부대,코아미
1121,디지털케비넷 등 2품목 구매,제9691부대,참마음유통
1127,축구공 등 45종,해군 기동함대사령부,샬롬
1138,"창, 관찰용 등 8항목 구매(궤도)",육군군수사령부,주식회사 지컴
1143,사철둥근양장 제작/구매,국방출판지원단,대전인재사
1151,앰범 등 113종,해군작전사령부,세종종합상사
1152,원격단말기 구매(16-299호),제9691부대,(주)지슨
1154,생활하수탱크압력형 전송기 등 3종 구매,해군제3함대사령부,(유)목포신도digitalOA
1155,컷터날 등 65종,해군본부,현대상사
1156,물티슈 등 126품목 구매,제3283부대,거성유통
1163,16-4차 정보화 운영재료 구매,국군재정관리단,주식회사 링크글로벌
1172,00부대 대형전시체계 구매설치,국군재정관리단,첨단제어시스템(주)
1176,블랙박스 등 17종 구매,제9121부대,대하종합상사
1182,케이엠시프겔 등 94종 구매,해군제3함대사령부,티엠이바이오 주식회사
1184,CO2 WIRE 등 16종 구매,제9911부대,태영통상
1190,탄약정비용 전자스텐실기 등 7종 구매,육군 탄약지원사령부,주식회사 성보
1192,HDMI 매트릭스 등 4종 설치납품,제51보병사단,(주)기선
1205,"오븐, 실험실용(건조기)",제5738부대,포항케이피엘(KPL)
1210,'16년 군수부대 창고 중량물 저장대(팔레트랙),제2167부대,다인테크
1213,스덴장닛블(32A) 외 69종 (16-124),공군제38전투비행전대,가빈
1214,접착필름 등 33종 구매,제8385부대,대광종합상사
1224,SSD 등 11종,제9181부대,우진통상
1226,구리양극봉 등 6종,해군제2수리창,세일상사
1228,판석 등 3종 구매,제9911부대,태영통상
1250,워킹 만보계 등 40종,제5738부대,일월종합상사
1251,테이블 등 7종,제5738부대,토탈프라자
1253,1891부대 부대조달 회의용테이블 구매,제1891부대,대성기업
1257,바코드라벨 등 3종 구매,육군본부,한스테크
1261,프레임 그래버 3EA 구매,제9911부대,피엠코리아
1264,왕벚나무 등 4종 구매,제7001부대,주식회사 메리트리
1268,블루패널 1EA 구매,제8385부대,TNI-BANK
1277,대테러 흑복 야전상의 등 4종 구매,제7001부대,대광산업
1279,00부대 전자칠판 구매,제1363부대,딥스원테크(주)
1281,결재판 등 86품목,해군제1수리창,알파동해점
1283,훈련병 개인지급품 3종 구매,육군훈련소,케이에스지
1285,판금망치 등 166종,제9227부대,다온종합상사
1286,군용 리포트 화일 등 65종,제9227부대,연천종합물산
1287,양지다이어리 등 37종,제9227부대,에이스컴퍼니
1292,다이아프램 등 8종,해군제2수리창,인화정공
1293,장교동행사복 등 19종,해군군수사령부,(주)성한상사
1299,파병티셔츠 등 30종,해군작전사령부,(주) 대원이노스
1303,00부대 직할부대 안전휀스 설치납품(3개소),육군 제1군단,성진 주식회사
1304,회전노즐 등 146종 구매,육군종합정비창,에스와이테크
1313,회로카드시험기 등 1종 구매,육군종합정비창,인코어테크놀로지(주)
1327,컷팅안전 방안자 등 155종,해군본부,계룡상사
1330,무전극 안정기 외 3종 (16-123),공군제38전투비행전대,제이&제이상사
1337,방안자 등 418종 구매,제9911부대,이레
1338,가위 등 76종 구매,제9911부대,윤영
1345,야자매트 등 8종 구매(연평도),연평부대,신비코리아
1348,에어프레스건 등 26종 구매,제9911부대,동명이앤엘
1356,인덱스 탭 등 52종,해군본부,계룡상사
1357,이동형 GPS 중계기 구매,공군제19전투비행단,(주)트리콤미디어
1368,재난구조 보호물자(공기호흡기세트 등 3종) 구매,국군재정관리단,주식회사 하이브시스템
1372,스피드게이트 등 0종 설치납품,국방부근무지원단,(주)혜성정보통신
1374,레자원단 구매,제3170부대,아윤상사
1375,데크브러쉬 등 18종 구매,제9911부대,조인
1377,염화칼슘 225포 구매,제9911부대,비드하이
1380,Y자 주주 등 34종,해군작전사령부,한국해양수조공사
1381,자석고리 등 90종,해군작전사령부,오피스타운서부산점
1386,신문걸이 등 349종 구매,제9911부대,케이엔피 트레이드
1388,셔터형자물쇠 등 4종 구매,제3170부대,에이스컴퍼니
1389,방충망 구매,제3170부대,주식회사 이앤아이
1390,클램프 등 3종 구매,제3170부대,덕만오피스
1411,랜턴 등 23종,해군작전사령부,참조은
1414,EOD 킷 등 7종,해군작전사령부,대광산업
1415,쿨토시 등 10종,해군작전사령부,한길
1418,결재판 등 501종 구매,제9911부대,경원산업
1420,종이컵 등 126종 구매,제2002부대,더불어유통
1423,개스킷 등 4종,해군군수사령부,우일정공
1431,제청도장기 방폭등 등 35종 구매,육군종합정비창,에스와이테크
1443,농구부 운동용품 구매(농구화 등 9품목),국군체육부대,주식회사 이음
1444,H지역 셔터 설치납품,육군항공사령부,누리조경건설주식회사
1446,전동 견인차(TONGUE LIFT TRAC) 1종 2점 구매,공군군수사령부,하나산업
1449,이동식 온풍기 등 2종 구매,제9911부대,주식회사 성진이엔디
1452,종이페이퍼 등 175종,해군교육사령부,한빛티엠
1454,무선프리젠터 등 103종,해군교육사령부,다림테크
1455,버프(멀티캠) 등 8종 구매,제8385부대,제이투산업
1458,무릅보호대 등 2종 구매,제8385부대,다모아상사
1459,전기렌지 2EA 구매 설치,제8385부대,KM
1461,리무버 등 812종 구매,제8385부대,금성종합상사
1462,대형거울 1EA 구매,해군교육사령부,효원
1464,광 슬리브 등 108종,제9181부대,동명이앤엘
1466,축구공 등 680종 구매,해군제3함대사령부,(유)목포신도digitalOA
1468,표면오염도검사기 3EA,해군군수사령부,한스메디칼
1476,호스등40종구매,육군종합정비창,월드테크
1489,방독마스크 등 381종,제5738부대,금오아이엔씨
1492,동시통역기 구매,제7821부대,주식회사 디씨앤미디어
1494,"물자 정비재료(피복, 개인장구) 구매",제1군수지원사령부,네이쳐 에프에스
1495,브레이드(영관용) 1항목 구매(물자),육군군수사령부,주식회사 흥선
1499,스케일억제제 등 105종 구매,제3170부대,일월종합상사
1504,강압기 등 24종 구매,제8385부대,비시루상사
1507,복합기 등 5종,해군작전사령부,백산
1512,안정기 등 35종 구매,해군제3함대사령부,(유)목포신도digitalOA
1514,세루모다 등 237품목 구매,제9해병여단,하이로드
1516,안정기 등 35종 구매,해군제3함대사령부,(유)목포신도digitalOA
1517,제빙기 등 2종 구매,제9911부대,태영통상
1523,16년 후반기 사진재료(인화지) 2종 구매,국군지휘통신사령부,명지사
1533,유압액 등 3종 구매,제3170부대,서진산업
1535,패용증 등 24품목 구매,제3283부대,중앙종합상사
1538,수동랩핑기 등 3종 구매,제3170부대,동부테크
1539,격투봉 등 3품목 구매,제3283부대,더팜
1541,예초기 등 5품목 구매,제3283부대,동부테크
1542,천정 빨래 건조대 등 2종(16-277),공군제1전투비행단,두일하이텍
1544,양극 1종,해군군수사령부,강원상사
1545,파워헤드어셈블러 1종,해군군수사령부,위너원
1546,개스킷 및 시일 세트 등 9종,해군군수사령부,미래상사
1550,정악대금 등 7종,해군교육사령부,피앤에스
1552,물티슈 등 17품목 구매,제3283부대,더팜
1553,상황판 등 10종,제55보병사단,무한씨엔씨
1554,접이식 바둑판 등 3종,제9227부대,삼 윤 사
1560,하이브리드키폰(세트) 구매,공군제15특수임무비행단,주식회사 누리아이코리아
1561,종이 쇼핑백(소) 등 2종,제9227부대,동아유통
1566,물티슈  등 444종,해군작전사령부,동아스포츠
1567,주소용라벨 등 252종 구매,해군사관학교,주식회사 제이엠텔레콤
1568,예비군훈련용 귀마개(200조) 구매,육군본부,비테크코리아 주식회사
1572,16년 4/4분기 병영훈련용품 구매,육군학생군사학교,비전과학LP
1573,16년 학군후보생 행군용 실습재료 구매,육군학생군사학교,에이치앤주식회사
1575,스캐너 등 170품목,제9196부대,무한씨엔씨
1576,스캐너 등 170품목,제9196부대,무한씨엔씨
1580,"항-16-058, 063 나졸액 등 95품목",공군사관학교,온케어메디홀주식회사
1583,전자식체중계 등 6종 구매,제9911부대,국제안보상사
1586,벽거울 등 33종 구매,제9911부대,에스더 기획
1587,열쇠보관함 40P 등 20종,제9227부대,미니비니유통
1591,일체형복합기 등 9종 구매,제8385부대,강원상사
1593,"개조키트,선박 금구류 및 선체품목용 등 14종",해군군수사령부,(주)케이티비에스
1597,줄자 등 116종 구매,제9911부대,(TS)산업
1600,제침기 등 78종,해군본부,현대상사
1601,전기배선 등 14종 구매(연평도),연평부대,e-수진테크
1608,튜브등28종구매,육군종합정비창,(주)세계하이테크
1609,인서트팁등272종구매,육군종합정비창,운산상사
1611,16-해-반면형 면체 등 89종 구매,국군재정관리단,원유통
1622,CLT-K508L(검정) 등 20항목 구매(물자),육군군수사령부,디와이솔루션
1623,이지넷 유비쿼터스 등 4항목 구매(물자),육군군수사령부,디와이솔루션
1628,볼수거기 등 2품목,제9691부대,불토스
1629,마그네트론 구매,제2002부대,희망플러스
1633,등산화 등 9종,제9181부대,주식회사 유니케이
1635,대형 선풍기 등 00종 구매,육군항공사령부,주식회사 서진컨설팅
1636,육군 비행복(디지털무늬),물자계약팀,주식회사 동곡
1637,00지역  UPS 교체,국군재정관리단,현대파워시스템 주식회사
1648,블랙박스 등 2종 구매,제8385부대,(주)동건
1664,오리콘 고정기등8종구매,육군종합정비창,주식회사 비케이반도체
1665,발칸캠구매,육군종합정비창,모던테크
1677,"루프, 끈 조임용 등 6종 구매",국군재정관리단,우영상사
1683,빈트소켓 자석형 등 250종 구매,제5738부대,제이에스탑
1690,세탁소 대형 스팀건조기 설치 납품,육군사관학교,미소커뮤니케이션
1691,강화도어 손잡이 등 78종 구매,제3170부대,승재유통
1692,공마대 등 29종 구매,제8385부대,스틸파크 강원토탈
1694,스텐밧트 6종 구매,제8385부대,주식회사 유니엠케이
1705,터치락 줄자 등 426종 구매,제7001부대,한성
1706,베루말액 등 156종 구매,제7001부대,티엠이바이오 주식회사
1711,조종사용 선글라스(개선3-1형),공군군수사령부,주식회사 우성씨텍
1715,탄약고 화재기호판 구매납품,제1989부대,태백
1722,LM가이드 등 18종,해군제2수리창,세일상사
1726,(조달)3훈비 트랙터 1품목(16-4-262)구매,제3훈련비행단,전일종합상사
1727,00부대 방열기교체 사급자재 구매,제1288부대,영동상사
1728,사물함 등 4종,해군작전사령부,효원
1729,목시딜 액 등 75종,해군작전사령부,티엠이바이오 주식회사
1732,금전출납부 등 202종,해군본부,계룡상사
1734,방탄복 등 2품목 구매,제3283부대,주식회사 세영산업개발
1747,레포트화일 등 182종,해군교육사령부,한길
1748,국자 등 7종 구매,제3170부대,에이스컴퍼니
1749,소프트 그립가위 등 75종,해군본부,현대상사
1751,샤프 등 62종,해군본부,대성안전산업
1753,화물투하낭 등 2품목 구매,제3283부대,주식회사 해피코리아
1755,화물투하낭 등 2품목 구매,제3283부대,주식회사 해피코리아
1756,백업링 등 68종,해군제2수리창,지니종합상사
1758,간극판 등 295종,해군제2수리창,지니종합상사
1765,군견(비작전견) 사료 구매,공군교육사령부,주식회사 서진컨설팅
1777,공기정화기 등 6종 구매,해군제3함대사령부,에이스철물건자재주식회사
1779,플라스틱링 등 444종,해군작전사령부,기룡아이엔씨
1780,고압세척기 등 2종,해군 기동함대사령부,모양방시스템
1783,3ch블랙박스 12개 구매설치,해군작전사령부,골드스팅상사
1785,포스트 잇 등 190종 구매,제2002부대,하우투
1787,"냉,난방기 1종",해군군수사령부,월드정보통신
1788,CNC 프로그램 및 입력기,해군군수사령부,이스트트레이딩
1789,오구멘틴정 등 41종 구매,제2002부대,티엠이바이오 주식회사
1790,(재투자) 군수처 탄약고 화재기호판(164개) 구매,제2632부대,엠에스전기 주식회사
1792,블랙박스 등 2종 납품 설치,해군교육사령부,다림테크
1795,황사마스크 등 4품목 구매,제3283부대,한국산업
1799,연질 CD케이스 등 46종,해군교육사령부,참조은
1803,스팀감압변 등 6종,해군제2수리창,세일상사
1805,16년 후반기 통신운영용품 구매,제9965부대,주식회사 에이그램
1806,무기진공 포장재료 구매,제51보병사단,유진시스템
1809,절단용글라인드등28종구매,육군종합정비창,보우상사
1811,면봉등173종구매,육군종합정비창,알티하이텍
1813,접착제등36종구매,육군종합정비창,주식회사 에이그램
1814,알칼리세척제등12종구매,육군종합정비창,주식회사 에이그램
1817,헤드랜턴 등 2품목,제9196부대,범원실업
1819,특전사 고공헬멧 등 3항목 구매(물자),육군군수사령부,주식회사 부영상사
1822,다용도 만능 집게 등 385종,해군교육사령부,기룡아이엔씨
1823,오피스 연필 등 152종,해군교육사령부,찰스인코리아
1824,파워벨트 구매,제3170부대,신영상사
1825,고임목 등 2종 구매,제3170부대,아윤상사
1827,레보카신 등 38종,해군 기동함대사령부,(주)석호약품
1830,피드백 포텐션미터 14SE,해군군수사령부,미래상사
1834,궤도형 도자 구매,공군제11전투비행단,주식회사 수산씨에스엠
1849,수동 주행용 상하차 컨베이어 벨트 신규제작,해군 기동함대사령부,비전과학LP
1851,낫 등 13종 구매,제3170부대,세방에이치에스
1852,태극기 등 4종 제작,제3170부대,주식회사 삼국트레이딩
1855,지우개 등 210종,해군교육사령부,신영물류
1860,AL벽걸이 구급함 등 348종,해군군수사령부,산너울산업
1861,"알곤,공업용 등 5종",해군군수사령부,주식회사 우진가스텍
1877,테크트럭 등 659종,제5738부대,영진상사
1882,민군 및 민사물자(각재 등 00종) 구매,제7789부대,금호전기조명(주)
1887,16-238 스포츠쌕 등 4종,공군사관학교,주식회사 라일락
1888,안전띠 등 92종,제9181부대,뮤 커뮤니케이션
1890,작전용 방탄복 등 16종 구매,육군 제1군단,소망상사
1892,실버클립 등 374종 구매,제2002부대,성영
1893,DLP CUBE LAMP 등 2종 구매 설치,제8385부대,동방실업
1895,사물함 등 3품목 구매,제3283부대,성현스토어
1899,할로겐램프 등 109품목 구매,제3283부대,더팜
1901,(조달)3훈비 절단석 등 66품목(16-4-256) 구매,제3훈련비행단,주식회사 나누리
1905,메모리카드 등 12종 구매,제8385부대,윤영컴스
1908,DVD(우는남자 등 123종) 구매,제8385부대,가나안상사
1909,사이드 반복 등 26종,해군제2수리창,인화정공
1912,뮤테란 캅셀 등 208종,제9181부대,티엠이바이오 주식회사
1914,사이드 반복 등 26종,해군제2수리창,인화정공
1917,4/4분기 사무용도품 구매,제7001부대,백산
1925,SDSL 구매,국군재정관리단,N.P교역
1926,하드랙 케이스 등 19종,해군작전사령부,우진통상
1928,스미스 머신 등 13종 구매(연평도),연평부대,케이에스유통
1929,수정펜 등 24종,해군본부,현대상사
1936,16-243 배개 등 2종,공군사관학교,예림플러스
1938,압력계 등 7종 구매,해군제3함대사령부,(유)목포신도digitalOA
1939,가위 등 24종,해군본부,현대상사
1941,군수처 소화기 28대 구매,제2632부대,드림
1942,프러스펜 등 35종,해군본부,우진통상
1949,레이저 조각기 1종,해군군수사령부,상원씨앤피
1952,"팔꿈치, 무릎보호대 구매",제7보병사단,흥남건재
1979,물용안전변 등 17종 구매,제7001부대,주식회사 권민
1982,양손가위 등 294종,해군작전사령부,주식회사 권민
1983,네비게이션 등 2종,해군작전사령부,케이-부영
1985,(조달)3훈비 집초기 1품목(16-4-258) 구매,제3훈련비행단,주식회사 권민
2013,철직자 등 189종,제5738부대,드림오피스
2016,나일론비 등 206종,제5738부대,포항케이피엘(KPL)
2017,MT표준 시험편 JIS-A1 SET(직성형)등 4종,제5738부대,경도양행(주)
2022,특전사 특전헬멧용위장포 등 2항목 구매(물자),육군군수사령부,아폴론주식회사
2023,고속상황전파체계 서버 추가 구매,제2작전사령부,주식회사 에이번
2028,국가기능공 시험재료 131종 구매,육군 제1군단,동양사
2029,방화셔터 등 36종 5063점,해군제2수리창,금호전기조명(주)
2031,방화셔터 등 36종 5063점,해군제2수리창,금호전기조명(주)
2044,사철둥근양장 제작구매,국방출판지원단,대전인재사
2046,디지털 도어락 등 69종,제5738부대,일월종합상사
2049,무관통신망 운용품비 구매계약,국방정보본부,아너스솔루션주식회사
2052,방탄복 등 8종 구매,연평부대,더원상사
2061,코팅필름 등 380종 구매,제8385부대,금성종합상사
2064,RFID 자동움 알루미늄 body 등 11품목 구매,제9691부대,주식회사 건인티엔에스
2065,"전극,용접용 등 6종",해군군수사령부,세현종합상사
2073,유.무선도청 탐지체계 구매설치,국군재정관리단,주식회사 엠에스텍
2074,리노에바스텔 정 등 157품목,제9196부대,바른약품 주식회사
2089,소방장화 1항목 구매(물자),육군군수사령부,에스제이(SJ)
2094,16-월동자재(염화칼슘)구매,합동군사대학교,건양체육산업
2097,레이저포인트 등 246종 구매,제3170부대,디엠통상
2098,서치라이트 등 57종 구매,제3170부대,진용산업
2106,방한모자 등 11종,제9181부대,주식회사 나눔과행복
2107,푸쉬로드 등 43종,해군제2수리창,동진상사
2109,헬스복 등 4종 구매,제9911부대,경기종합상사
2110,베개 등 11종 구매,제9911부대,무한씨엔씨
2112,실리카겔제습제 등 488종,해군군수사령부,한성
2114,종이박스 등 27종,해군군수사령부,해듬
2118,시헙용 아답터 및 S/W 개발,제20전투비행단,티피에스코리아 주식회사
2121,대테러복 등 8종 구매,국군화생방방호사령부,알티하이텍
2125,하키부 등 7개부서 운동용품 구매(하키공 등 17종),국군체육부대,백산
2128,"간격유지기,봉합식 1종",해군군수사령부,호승기계
2132,블랙박스 등 2종,해군군수사령부,주식회사 우영물산
2134,바둑판세트 등 294종 구매(연평도),연평부대,인터스틸 주식회사
2135,사이드미러 등 94종,제9181부대,기호종합상사
2136,알루미늄팜 등 5종 구매,해군제3함대사령부,미래종합상사
2139,타벡스 겔 등 94종(연평도),연평부대,JD Pharm
2141,발사관명판 등 26종,해군군수사령부,유진상사
2142,스틸 그레이팅 1종,해군군수사령부,백야테크
2143,청수 고압자바라 호스 등 2종 구매,제9911부대,예원
2146,마사토 등 35종,제9227부대,아윤상사
2147,물자동원함 등 57종,제9227부대,퍼스트컴퍼니
2151,패딩점퍼 구매,국방부근무지원단,주식회사 나루지엠에스
2157,체조부 마루운동매트 설치납품,국군체육부대,주식회사 이레씨앤피
2160,플로터 구매,국방부계룡대근무지원단,케이씨디지털(주)
2161,플라스틱 제본링 등 33종,해군본부,(주)에스티에스 충남지사
2162,알칼리도 표준완충용액 등 16종 구매,제7001부대,(주)원진
2165,충전식 앰프 1대 구매,제7001부대,참조은
2166,스텐국자 등 22품목,제9691부대,동명상사
2170,대형 컷터 등 63종,해군본부,현대상사
2171,컷터(대) 등 476종,제7001부대,유로산업
2172,디지털테스트 등 5종 구매,제7001부대,한성
2176,소프트 바인더크립 등 86품목,제9691부대,주식회사 성진이엔디
2178,침목 등 4종 구매,제9911부대,정진상사
2179,탐조등 등 60종,제9181부대,경기종합상사
2183,해군 동잠바 깃털 1종,해군군수사령부,주식회사 나루지엠에스
2190,16-공-디지털 공기자료 시험세트 1EA 구매,국군재정관리단,주식회사 엔미디어솔루션
2199,"잭, 유압식 등 4항목 구매(물자)",육군군수사령부,주식회사 이노씨앤정보통신
2200,Double A 등 759종 구매,제9121부대,찰스인코리아
2203,줄넘기 등 25종 구매,제9911부대,동진상사
2204,점프 스타터 등 33종,제9181부대,경기종합상사
2205,공기압 자동주입기 등 18종 구매,해군제3함대사령부,동서종합상사
2222,화인코트지등18종 구매,국방출판지원단,주식회사 이레씨앤피
2230,콘로드조립품 등 16품목,해군제1수리창,(주)동건
2238,내화캐비닛(4단) 등 2품목,제9691부대,유진시스템
2240,장화건조기 등 8종 구매,해군제3함대사령부,동서종합상사
2244,제설함 등 13종 구매,국방부계룡대근무지원단,대경상사
2246,염화칼슘(국내산)외 3종 구매,국방부계룡대근무지원단,주식회사 라이프환경
2251,고정용 중계기 등 6종 구매설치납품,국방부계룡대근무지원단,주식회사 마루종합전기
2258,구조용 하네스 등 10종,제5738부대,주식회사 엠피알 코리아
2259,V-belt 등 24종,제5738부대,연천종합물산
2261,매립식 리프트 설치납품,국방부근무지원단,노마드 오토 & 테크(Nomad Auto & Tech)
2266,에프시 듀라토프 디피 등 14품목,해군제1수리창,영동상사
2268,플레이스테이션4 등 8종,해군교육사령부,백산
2271,카샴푸 등 20종 구매,제9911부대,비즈드림
2272,티꽂이매트 등 18종 구매,제9911부대,잇사갈
2273,다리미 등 11종 구매,제9911부대,유진시스템
2276,자동하도메기 등 2종 구매,해군제3함대사령부,대건상사
2278,00부대 통신운영용품 구매,제1363부대,주식회사 에이트이엔씨
2281,벤조유니온 등 17종 구매,해군제3함대사령부,(유)한일상사
2294,사진 인화지 구매,제5897부대,휴앤프로
2299,건식잠수복 등 4종 구매,국군재정관리단,(주)퍼스코
2303,조16-방관사-68 군수과 살포기,공군방공관제사령부,한 인터내셔널
2324,트랙터(53마력 및 구성품포함) 구매,공군제15특수임무비행단,(주)오성인피니티
2325,디지털도어록,재경근무지원대대,와이엠
2326,강철조각 1종,해군군수사령부,누리
2333,저격수 스틸타켓 등 14종,제9227부대,포항케이피엘(KPL)
2334,"와이어,전기용 등 9종(2-2)",해군제2수리창,금호전기조명(주)
2335,콘덴서 등 246종(1-2),해군제2수리창,금호전기조명(주)
2338,16년 야전정비현대화공구세트 화포용,물자계약팀,대성기업
2350,의장대대 행사용 기(旗) 구매,국방부근무지원단,동영산업
2352,4주식 리프트 등 2종,공군군수사령부,미래산업
2354,155밀리 추진장약용 완충제 등 3종 구매,육군 탄약지원사령부,주식회사 다윤테크
2355,지주대 등 6종 구매,제3170부대,케이와이
2356,셔터형자물쇠 등 3종 구매,제3170부대,대성종합시스템
2357,아크릴판 등 2종 구매,제3170부대,매일양초
2359,고정식자물쇠 등 2종 구매,제3170부대,이지전력(주)
2366,통합방위작전 정보고유체계 서버 구매,제2작전사령부,도원정보시스템 주식회사
2369,파운데이션시트등13종구매,육군종합정비창,주식회사 티모스
2370,임펠러 등 27종 구매,육군종합정비창,주식회사 우영물산
2372,K1개스킷등4종구매,육군종합정비창,하이펙 주식회사
2373,K1디스크등5종구매,육군종합정비창,주식회사코드원
2374,수송대대 145R13(스노우) 27품목(16-264),공군 제8전투비행단,가나안상사
2377,아이스박스 등 3품목,제9196부대,와이엠
2383,형광우의 등 4종 구매,육군본부,애드온스마트 주식회사
2384,방탄방패 구매,육군본부,동덕아크릴
2391,특전사 잠수경 1항목 구매(물자),육군군수사령부,주식회사 이노씨앤정보통신
2399,16-토운정 건조,함정계약팀 (구:19.09.16),(주)한동조선
2403,스토리지 디스크 증설,제9965부대,주식회사코드원
2404,전자칠판 등 3종 구매,제9965부대,(주)한일
2405,고전압발생기 등 22종 구매,육군종합정비창,창신기업
2414,와이어컷팅기 구매,국군재정관리단,동아신호 주식회사
2429,나이스건 등 251종 구매,제2002부대,투알엘 (2RL)
2430,넉가래 등 27종,제9181부대,아주철강주식회사
2432,금긋기 바늘 등 83종 구매,제9911부대,케이엔피 트레이드
2434,글루건심 등 76품목,제9691부대,나임상사
2435,디지털전용아트지등 3품목,제9691부대,주식회사인화사앤코
2458,릴홀더 목걸이 등 362종 구매,해군사관학교,주식회사 서진컨설팅
2459,딱풀 등 53종,해군본부,현대상사
2460,고압세척기 등 3종,해군군수사령부,(주)원진
2461,결재판 등 172종 구매,해군제3함대사령부,세종종합상사
2464,번호식 도어락 등 3종 구매(연평),연평부대,지앤피코리아
2469,바벨바 등 31종 구매,제2002부대,범원실업
2473,방진마스크 등 6종 구매,제8385부대,삼동유통상사
2475,에프호마이카 등 17종 구매,해군제3함대사령부,신용상사
2476,향균장화 등 26종,제9181부대,컴바이컴 컴센터
2477,스캐너 등 2종,해군교육사령부,대광산업
2485,음주감지기 등 6종 구매,제9911부대,유진시스템
2487,마포대 등 112종 구매,제9911부대,(주)협성산업
2488,치약 등 93종 구매,제9911부대,에프엠(FM)허미스 트레이드
2489,이동용 통풍기 1종,해군군수사령부,주식회사 엠바이지
2495,00부대 체계운영유지 소모품 구매,육군과학화전투훈련단,신성유통
2501,디지털 선로시험기 구매,제7016부대,(주)지엔텔
2503,탄약정비용 차압계 등 27종 구매,육군 탄약지원사령부,경기종합상사
2504,Power Supply 등 7종 구매,제7001부대,선우블라인드 커튼
2509,고출력 스피커 등 5종 구매,제7001부대,주광유통
2510,알루미늄 합급판 등 7종 구매,제9121부대,동우철강(주)
2517,암막커텐 등 3종,해군작전사령부,한길
2519,사무용 가위 등 198종 구매,제2002부대,(주)유니월드
2521,(육성) 103-3대대 휴대용 기지국 설치납품,제2632부대,주식회사연화엠텍
2527,사무기기 및 가전기기 구매(설치),제51보병사단,길상산업
2528,"9월 상검시약류, 물자류 구매",수도기계화보병사단,주식회사 이레팜
2529,머레이징강등3종구매,육군종합정비창,주식회사 씨이피테크
2541,HP-K8600DN검정(정품) 등 64항목 구매(물자),육군군수사령부,디와이솔루션
2542,모뎀 등 217종 구매,제9911부대,금호전기조명(주)
2546,전극 등 4종(2-2),해군제2수리창,동진상사
2547,전극 등 4종(2-2),해군제2수리창,동진상사
2548,직결피스 등 14종(2-2),해군제2수리창,나임상사
2550,파병부대 컴뱃셔츠 등 2종 구매,제7789부대,주식회사 헤세드코리아
2551,파병부대 컴뱃셔츠 등 2종 구매,제7789부대,주식회사 헤세드코리아
2553,"브래킷,설치용 등 59항목 구매(궤도)",육군군수사령부,고려기계
2554,HP-7110(A3지원용) 등 3항목 구매(물자),육군군수사령부,디와이솔루션
2556,디지털 멀티메터 등 11종,해군교육사령부,문경종합상사
2557,히말라야[DVD] 등 64종,해군교육사령부,피앤에스
2558,프로젝트 파일 등 59종,해군교육사령부,대광산업
2560,측량지시봉등 151품목 구매,제9691부대,나임상사
2565,블랙박스 구매 및 설치 납품,수도방위사령부,주식회사우정상사
2566,항-16-053 청성뇌간유발반응검사기,공군사관학교,동명상사
2567,범포지류,물자계약팀,주식회사 해피코리아
2579,미세먼지 방지마스크 (2차) 구매,국군재정관리단,주식회사 우성텔레콤
2589,컷트 등 471종,해군작전사령부,주식회사 제이엠텔레콤
2598,충전식 라이트 등 14종,제9181부대,삼성테크
2600,UPS 등 6품목 구매,제9해병여단,주식회사 유민기업
2602,복합계 등 14종,해군군수사령부,케이-부영
2603,아답타 등 47종,해군군수사령부,에이스산업
2607,무전극 안정기 등 40종 구매,공군제19전투비행단,금호전기조명(주)
2613,세척제 등 2종 구매,제20전투비행단,나은에프비
2614,빔 프로젝트 구매,제5897부대,가나안상사
2620,심폐소생술 마네킨 등 9종 구매,국군의무학교,(주)한일종합상사
2623,레이저용 광택 라벨 등 92종,해군본부,현대상사
2624,전동연필깍이 등 67종,해군본부,현대상사
2626,작업대 7EA 구매,제8385부대,엠넷글로벌
2633,기초사석 구매,제3283부대,대성종합시스템
2635,오링 등 7종 구매,해군제3함대사령부,동서종합상사
2638,빔 프로젝트 설치납품,육군훈련소,영성기업사
2643,전도셀 1종,해군군수사령부,국제전기
2647,"표본수집키트,화학작용제용",일반장비계약팀 (구:19.09.16),영원과학주식회사
2648,00지역 군숙소 디지털 도어록 구매설치납품,국방부계룡대근무지원단,주식회사 에스티에스
2654,자외선 램프,제9181부대,금호전기조명(주)
2655,(조달)3훈비 작업대 등 8품목(16-3-227)구매,제3훈련비행단,주식회사 서진컨설팅
2658,백열램프 등 13종 구매,해군제3함대사령부,무림오피스웨이목포점
2659,건전기 등 331종,해군작전사령부,드림디포신마산점
2660,케토락주 등 56품목 구매,제3283부대,주식회사 지벡파마
2662,벽선반 등 14종 구매,국군재정관리단,주식회사 케이앤와이시스템
2663,16-공-전자내시경 11EA 구매,국군재정관리단,주식회사 두산
2667,소화기멜빵류,물자계약팀,삼부산업 주식회사
2668,요대류,물자계약팀,삼부산업 주식회사
2669,철직자 등 1593종,제5738부대,포항케이피엘(KPL)
2677,케찹 등 109종 구매,제9911부대,제이준코리아 주식회사
2681,K9플러그등16종구매,육군종합정비창,성광상사
2689,"연삭기, 표면용 등 1종 구매",국군재정관리단,주식회사 티플러스
2698,원형테이블 등 2종 구매,해군사관학교,대신자토산업 주식회사
2701,안테나 14EA,해군군수사령부,성광상사
2721,"회전경보등, 적색 등 8종 구매",해군제3함대사령부,대건상사
2722,환수탱크 1종 구매,해군제3함대사령부,다모아플라자
2724,종이컵 등 49종 구매,제9911부대,영건산업
2725,알루미늄환봉 등 16종 구매,해군제3함대사령부,정수기&커피플러스
2727,'16년 4/4분기용 정보화 운용재료 구매,국군재정관리단,대한상역
2729,신형짚(1/4)커버류,물자계약팀,주식회사 대창그랜드
2734,형광램프외 36종 구매,국방부계룡대근무지원단,아름종합상사
2739,행주 등 70종 구매,해군제3함대사령부,무림오피스웨이목포점
2744,"브이피시,콤플레트 등 2종",해군군수사령부,국제전기
2745,리모트콘트롤써킷브레이커 1종,해군군수사령부,(주)동건
2749,중량매트등15품목,제9691부대,태영통상
2762,퓨즈 68EA,해군군수사령부,성광상사
2763,"장전기조립체,탄약용 1종",해군군수사령부,중앙엠티에스 주식회사
2768,학군단복,물자계약팀,삼한섬유
2769,(16-120) 전자제품 6품목,공군제18전투비행단,드림오피스 북원주점
2773,거울 등 00종 구매,육군항공사령부,아라
2777,간호복(체촌),물자계약팀,(주)보광아이엔티
2778,여군 정복/근무복/임부복,물자계약팀,주식회사 신한모드
2780,태극기 등 21종,제9227부대,포항케이피엘(KPL)
2781,바디워시 등 104종,제9227부대,매일양초
2787,교관모자 등 6품목 구매,제3283부대,서아유통
2790,미세여과기소자 등 16종,해군군수사령부,수연상사
2794,예초기 줄 등 52품목 구매,제3283부대,매일양초
2795,Filtering Flask 등 21품목,해군제1수리창,오피스상사
2796,(조달)3훈비 토이론등26품목(16-3-211) 구매,제3훈련비행단,경북상사
2799,분리수거함,제9181부대,주식회사 티켐
2802,코팅지 등 441종,제9181부대,케이엘시스템
2806,나침금형 상부 등 11종(3-2),해군제2수리창,동진상사
2810,00부대 대형전시체계 구매,국군재정관리단,오티씨 주식회사
2816,"프레스, 납시일용 등 12항목 구매(물자)",육군군수사령부,(주)서광오토테크
2817,단안형야간투시경,지휘정찰계약팀 (구:19.09.16),(주)이오시스템
2818,"클레이사격용 접시구매(125원, 212,000개)",국군체육부대,해원산업
2825,"가열기,온수용,전기식 등 2종",해군군수사령부,KE테크
2832,낙동강 전승행사 참전용사 오찬용 뷔페,제2작전사령부,동양외식
2838,모사전송기 구매,국군재정관리단,주식회사 에이그램
2848,푸쉬로드 등 43종,해군제2수리창,동진상사
2871,버클류,물자계약팀,주식회사 흥선
2872,동력계 등 1종 구매,육군종합정비창,주식회사 케이앤와이시스템
2874,보안스티커 구매,공군본부,예스건축자재
2876,블랙박스 커버 구매,공군본부,주식회사 피나클비엔에이
2889,USB 메모리 등 92종 구매,제9911부대,뮤 커뮤니케이션
2894,"변환기,압력,유체-수력용 등 4종",해군군수사령부,미래상사
2899,도어클로져 등 200종 구매,해군제3함대사령부,동서종합상사
2901,고속정모자 1종,해군군수사령부,화인캡
2902,전관 앰프 구매,제5보병사단,성일
2911,도로비 등 22품목,제9196부대,한국종합교재사
2913,노즐팁 등 4종,해군군수사령부,미래상사
2914,해상구조용 바스켓 들것 등 7종 구매,제7001부대,하이케어
2915,램프 등 102종 구매,공군제15특수임무비행단,로이아멘
2916,제도샤프 등 176종 구매,제8385부대,강원상사
2917,공기작동 발브 1종,해군군수사령부,폴리텍
2922,조교 안전통제용 X-밴드 구매,육군부사관학교,해인컴퍼니
2923,제본링 등 74종,해군본부,계룡상사
2925,"프로펠러,선박용 1종",해군군수사령부,주식회사 제이제이물산
2926,파워헤드 등 7종,해군군수사령부,미래상사
2927,공기작동 발브 1종,해군군수사령부,에이스산업
2930,16-연습처(오디오잭 등10종 구매),합동군사대학교,그린콘트롤(대전)
2934,금형(인양기) 등 3종 구매,육군종합정비창,명성테크
2935,탄입대,물자계약팀,한일피복공업(주)
2948,항공기 연료누설 시험장비 구매,공군제15특수임무비행단,케이에스유통
2949,전동카트 풍우커튼 등 2종 구매,제9911부대,영화산업
2950,황사마스크 등 5종,제9181부대,케이엔피 트레이드
2952,쇄석 등 3종(16-216),공군제1전투비행단,주식회사 엔디
2959,PR Belt 등 41품목,제9691부대,나임상사
2961,이발기기외 3종 구매,국방부계룡대근무지원단,재 용 테 크
2963,가죽잠바류,물자계약팀,주식회사 유피앤아이
2964,잠바류,물자계약팀,주식회사 신한모드
2965,헬멧부속재,물자계약팀,삼덕상공(주)
2982,방한모자 등 53종,제9181부대,주식회사 라일락
2984,큐비클 등 8종 433점,해군제2수리창,동진상사
2985,헬멧 위장포,물자계약팀,삼부산업 주식회사
2986,000체계 전산물품(서버 등 2종) 구매,국군재정관리단,주식회사 시스텍
2992,스텐차단봉 등 7종,제5738부대,드림오피스
2997,A연대지역 이동형중계기 등 8종 설치납품,육군제53보병사단,주식회사연화엠텍
3003,쇼핑백외 1종 구매,국방부계룡대근무지원단,우진통상
3005,목도리,물자계약팀,주식회사 나루지엠에스
3006,간부 정복/근무복(보충),물자계약팀,주식회사 무궁화용사촌에프앤씨(F&C)
3007,공군간부 정복/근무복(초도),물자계약팀,삼한섬유
3008,해군해병 간부 정복/근무복(초도),물자계약팀,주식회사 무궁화용사촌에프앤씨(F&C)
3009,공군사병 근무복(체촌),물자계약팀,제일피복공업 주식회사
3010,해병사병 근무복(체촌),물자계약팀,제일피복공업 주식회사
3011,해군사병 정복(체촌),물자계약팀,주식회사 신한모드
3032,특수봉인지 구매,제3170부대,주식회사 그린이지
3033,컬러색지 등 357종,제7001부대,영산스포츠(창원점)
3038,보호대 등 9종,제9181부대,주식회사 해피코리아
3045,에어콤프레샤(22CFM),일반장비계약팀 (구:19.09.16),에이앤지테크
3047,2016년 수송동원함 구매,국군의무사령부,소망상사
3050,2016년 수송동원함 구매,국군의무사령부,소망상사
3055,수성펜 등 52종,재경근무지원대대,모양방시스템
3056,장니플 등 93종,제20전투비행단,주식회사 에이원
3062,비데 구매(연평도),연평부대,자비스
3065,시트지 등 775종,제9181부대,스카이피아
3068,자바라 콘베이어 등 4품목 구매,제3283부대,티씨테크
3071,000관리대 물자보관창고 선반 제작,제7001부대,참조은
3073,전투배낭(후레임포함)  구매,제3283부대,우신실업
3076,"리테이너,나선형 압축용수철용",기동화력계약팀 (구:19.09.16),태창정밀
3079,동력분무기 등 2종 구매,제9121부대,경북상사
3082,이동용 편집기 가방 등 11종,해군본부,현대상사
3083,온도감지기 등 4종,해군군수사령부,아산종합상사
3084,예초기 등 3종 구매,제9965부대,플러스상사
3085,'16년 155밀리 모의적재훈련탄,유도무기계약팀 (구:19.09.16),주식회사 지컴
3086,"4,000G/A 유조차",일반장비계약팀 (구:19.09.16),정우정공주식회사
3091,트랜지스터 등 25항목 구매(특무),육군군수사령부,시온테크
3095,솔라포스 라이트 등 15종,해군작전사령부,경남상사
3096,부대정기 등 240품목 구매,제3283부대,동아유통
3097,포승줄 등 30 구매,제3283부대,대윤종합
3099,롤 백상지 등 190종,제9227부대,옥동산업
3104,방진마스크 등 157종 구매,해군제3함대사령부,(유)한일상사
3105,가변저항 등 6종 구매,해군제3함대사령부,에이엔컴퍼니
3118,실버 카드링 등 117종,해군작전사령부,자인비
3124,전자접촉기 등 20종 구매,육군종합정비창,창신기업
3135,레이저 포인터 등 331종 구매,제9911부대,네이쳐 에프에스
3136,마그밀정 등 36종 구매,제2002부대,(주)세이팜
3137,16-수상함예인정 건조,함정계약팀 (구:19.09.16),연수중공업(유)
3142,PP컬러 정부화일 등 451품목,제9196부대,인천종합상사
3143,도어록 등 264종,제5738부대,영진상사
3147,항온항습기 1종 구매,해군제3함대사령부,중부기업
3152,방충망 450EA 납품 설치,제7001부대,헥사
3162,가변저항 등 9종 구매,해군제3함대사령부,대건상사
3163,해수 스트레이너 등 9종 구매,해군제3함대사령부,대건상사
3165,일공펀치 등 34종,해군작전사령부,만복상사
3168,히알큐 점안액 등 90종,해군작전사령부,티엠이바이오 주식회사
3170,"콘덴샤,교류용 등 3종",해군군수사령부,성광상사
3185,연필깎이 등 100종,해군본부,드림으뜸상사
3186,외장하드 등 363종 구매,제9911부대,다원산업
3189,16-기중기정 건조(60톤),함정계약팀 (구:19.09.16),(주)삼원중공업
3191,16-계류지원정(450톤) 건조,함정계약팀 (구:19.09.16),(주)삼원중공업
3196,"16-계류지원정(600, 300, 200, 70톤급) 건조",함정계약팀 (구:19.09.16),(주)삼원중공업
3202,K1개스킷등9종구매,육군종합정비창,제이엔씰테크
3205,16-조-46 레그컬기구 등 10종,공군 작사예하 방포사예하 제2여단,비피케이
3206,손목보호대 등 28품목,제9196부대,티엠이바이오 주식회사
3213,손목보호대 등 28품목,제9196부대,티엠이바이오 주식회사
3216,카드링 등 196종 구매,제2002부대,주식회사 늘찬유통
3221,강화도어 스텐바 등 37종,해군작전사령부,대광산업
3225,인화지(5인치) 등 85품목,제9691부대,다원지앤피
3227,산악침투복,물자계약팀,주식회사 신한모드
3228,비행복,물자계약팀,주식회사 엠씨
3230,16년 오리콘 몸통,유도무기계약팀 (구:19.09.16),삼호정밀
3232,배낭부속재류,물자계약팀,제일피복공업 주식회사
3237,16년 신앙상징물 구매,국군재정관리단,주식회사 라일락
3239,전시체계 설치납품,국군재정관리단,주식회사 디피엔
3240,헬륨충전 등 9품목,제9196부대,엠에스인천가스(주)
3251,16-293 혼합석 등 2품목 구매,공군교육사령부,주식회사 아름산업
3253,용융제강 슬래그 등 22품목,해군제1수리창,(주)동건
3257,울트라셋 등 52품목,제9691부대,주식회사 재현약품
3267,피탄 고글 등 2종,해군군수사령부,보건안전
3270,탑승형 청소차 구매,국방부계룡대근무지원단,(주)성보하이드로엔지니어링
3273,휴대형 라디오 구매,제9912부대,(주)디에스인프라
3276,16-3차 시추공 매몰방지용 자재(구조용 흑관) 구매,육군본부,유진상사
3280,173-V벨트등44종,공군제16전투비행단,매일양초
3286,제트스트림 펜 등 47종,제7001부대,오피스브릿지
3287,넥시움 등 30종,해군 기동함대사령부,(주)석호약품
3288,트라이콘 등 3종,해군작전사령부,자이림
3289,2공 펀치 등 135종,제7001부대,선우블라인드 커튼
3294,조향 등 등 4종,해군군수사령부,천국산업
3295,주파수 변환기 1종,해군군수사령부,동진상사
3296,브이밸트 등 6종 구매,해군제3함대사령부,성화주방
3297,투광기외47종 구매,공군제15특수임무비행단,주식회사 엠피알 코리아
3299,(조달)3훈비 아쿠아우드등 51품목(16-3-191) 구매,제3훈련비행단,경북상사
3300,"마대 10,000EA 구매",제7001부대,주식회사 서진컨설팅
3309,붓 등 16품목,제9227부대,청진유통
3312,익스팬션 조인트 등 31종,해군군수사령부,자인비
3315,진공포장지 등 65종 구매,제8385부대,(주)동건
3317,거꾸리 등 3종 구매,제2002부대,카라인터내셔널
3318,컷팅매트 등 129종 구매,제3170부대,대성종합상사
3320,튜블라형 도어록 등 24종,제7001부대,날으는곰에프엔지애드(F&GAD)
3323,종이컵 등 271종,해군작전사령부,성화종합상사
3328,사물놀이 복장 등 16종,해군교육사령부,㈜고려국악사
3329,공기청정기,해군군수사령부,오피스웨이 기장점
3331,00부대 훈련 보조재료 구매,육군과학화전투훈련단,삼광기업
3344,삼정검(부수기재 포함),유도무기계약팀 (구:19.09.16),한국도검
3346,종이컵 등 156종 구매,제2002부대,인터스틸 주식회사
3349,멀티코드 등 51종 구매,해군사관학교,유진상사
3351,차단봉 등 152종 구매,제3170부대,피드뱅크코리아사료
3352,원형 후라이펜 등 47종 구매,해군사관학교,경남상사
3356,하이플러스A4 등 132종 구매,해군제3함대사령부,미래종합상사
3358,은사 수세미외 6종 구매,국방부계룡대근무지원단,가람주식회사
3363,전원변환기 등 4종 구매,육군종합정비창,주식회사 제넥
3365,조종사 마후라 1항목 구매(물자),육군군수사령부,NH
3367,00학교 빔프로젝트 교체,국군재정관리단,(유)세일
3375,해병대일지카바등 2품목,제9691부대,로이아멘
3376,우레탄 디스탠스 매트 등 11품목 구매,제9691부대,동진상사
3377,슬리퍼 등 10종 구매,제9911부대,주식회사 가온산업
3386,'16년 큐브 및 빔 프로젝트 램프 구매,국군재정관리단,제이에이치 정보
3387,호흡기 바이러스 진단시약 구매,국군의무사령부,이노랩(주)
3390,머그컵 등 2종 구매,해군사관학교,경남상사
3394,온도변화컵 구매,해군본부,씨엠갤러리
3414,00부대 관사 씽크대 철거 및 설치(근-16-108),공군작사근무지원단,주식회사 엔에이치
3424,리프레쉬플러스 점안액 등 211종,제9181부대,(주)석호약품
3429,카본 헬멧 50EA,해군군수사령부,최강컴퍼니
3451,16-연습처(스피크 폰 등3종 구매),합동군사대학교,에코물산주식회사
3452,알루미늄판 등 6종 구매,해군제3함대사령부,무림오피스웨이목포점
3454,형광펜 등 603종,해군작전사령부,백야테크
3455,컷팅매트 등 286종,해군작전사령부,오피스플러스
3460,"섹션,장방형 등 2종",해군군수사령부,에이스철물건자재주식회사
3465,이미지 플레이트 등 2종(16-186),공군제1전투비행단,제이엠케이
3467,(육성) 105-4대대 PMS 고정링크 중계기 설치(수정),제2632부대,주식회사연화엠텍
3469,수영복 등 3종,해군교육사령부,상원씨앤피
3470,양손가위 등 17종,제7001부대,대광산업
3472,워셔액 등 14종,제7001부대,성화종합상사
3473,회전도 등 16종 구매,제7001부대,대광산업
3482,해외파병장병 의장 격려품(지구본 탁상시계) 구매 2차,합동참모본부,잉크사이언스
3490,아인지우개 등 226종,해군작전사령부,성화종합상사
3491,샤프 등 136종,해군작전사령부,영성기업사
3496,스테인리스 샤클 등 8종 구매,해군제3함대사령부,다모아플라자
3500,냉각팬 등 11종,해군군수사령부,명진시스템
3502,방부말뚝 등 246종,제5738부대,일월종합상사
3509,기념반지 구매,제1363부대,서광
3514,게이트도어락 85EA 구매설치,제9911부대,드림팩토리
3521,16-2차 한빛부대 민사물자 구매,제7789부대,금호전기조명(주)
3523,현무암판석(부정형) 구매,국방부계룡대근무지원단,주식회사 에이원
3525,레이저 표적지시기,제9181부대,주식회사 아세아통상
3535,고정식 자기검사 유닛 구매,국군재정관리단,주식회사 더블유제이 물산
3539,"번들화물 소포장낭, 특전사용",물자계약팀,주식회사 대창그랜드
3540,"대테러복, 특전사용",물자계약팀,주식회사 동곡
3544,공기안전매트 등 2종 구매,해군제3함대사령부,(유)목포신도digitalOA
3550,철띠 등 43종 구매,해군제3함대사령부,한림상사
3551,발목보호대 등 124종 구매,해군제3함대사령부,주식회사 이레팜
3554,유성펜 등 44종,해군교육사령부,한성
3555,워셔액 등 149종 구매,제3170부대,옥동산업
3558,플라스틱링 등 523종 구매,제9121부대,주식회사 권민
3559,총기보관함(10정용) 등 3종 구매,제9121부대,경남상사
3564,갈퀴 등 9종,제9227부대,포항케이피엘(KPL)
3565,친마사 구매,제9227부대,무진유통
3567,[군수처] 테이블리프트 등 4품목 구매,제1방공유도탄여단,라온유통
3581,종균제,제9181부대,태광이엔씨
3585,구동벨트 등 20종,해군군수사령부,가림산업
3591,지우개연필 등 151종,해군교육사령부,성인산업주식회사
3592,심폐소생술 마네킹 등 2종,해군작전사령부,(주)비티(부산지점)
3594,레코스타 등 31종,해군교육사령부,주식회사 한유유통
3595,건조기(9kg) 3대 납품 설치,해군교육사령부,경남상사
3596,컷팅매트 등 67종,해군교육사령부,라온유통
3598,RFID 출입통제체계 구매,공군제7항공통신전대,주식회사 시스텍
3606,모형진지 구매,제17보병사단,아름컴퍼니
3611,할로겐램프 등 5종 구매,공군군수사령부,세림상사 주식회사
3614,글자전쟁 등 497품목 구매,제3283부대,탑초이스
3633,송수화기(핸드셋트류),통신장비계약팀 (구:19.09.16),연합정밀(주)
3644,스로틀 서보 등 27종,공군군수사령부,주식회사 지컴
3645,프로탑 등 160종,공군군수사령부,주식회사 지컴
3646,미송각재 등 17종,해군작전사령부,금호상사
3649,휴대용 배낭 등 3품목,제9691부대,영화산업
3651,개스킷 등 19종,해군군수사령부,주식회사 세운하이테크
3656,운전면허 발행기 구매,제9691부대,(주)선경홀로그램
3658,엘리먼트 등 177종 구매,육군종합정비창,주식회사보승글로벌
3678,"프레임,호스 릴용 1종",해군군수사령부,자이림
3679,인덱스탭 등 195종 구매,제8385부대,영동문구센타
3680,장방향 경광등 등 9종 구매,제3170부대,서진산업
3682,핸드셋 등 5종,해군작전사령부,선우블라인드 커튼
3687,염소용 인젝터 등 4종,제7001부대,주식회사 제이엠텔레콤
3690,무선후방감지기(순정) 19EA,제7001부대,성화종합상사
3694,폴건 노즐 헤드 등 19종,해군군수사령부,세종상사
3697,플로토용 매트지 등 18종,해군본부,(주)수안인터코리아
3700,대체녹지 조성 왕 벚나무 등 3종 구매,제3697부대,유정인베스트
3707,(16-098) 호침 등 107품목,공군제18전투비행단,주식회사 덕흥산업
3712,콤비 블라인더 등 29종 구매,해군제3함대사령부,마이크로트렌드
3714,부대기 등 49품목 구매,제3283부대,성도기업
3715,MAIN CUBE 등 7종 구매,해군제3함대사령부,동서종합상사
3718,보조전시기 등 259종 구매(연평도),연평부대,기프트CEO
3720,뮤테란 과립 등 84종 구매(연평도),연평부대,티엠이바이오 주식회사
3721,웰딩에폭시 등 172종 구매(연평도),연평부대,오피스디포 인천중앙점
3725,인덱스 바인더 등 74종,해군본부,진영상사
3728,빔프로젝트 램프 등 54품목 구매,제3283부대,서진산업
3729,뉴헤미스피어 스텐금장 GT 만년필 50개,해군본부,현대상사
3735,트랙터형 제초기 구매,국군재정관리단,성인산업주식회사
3738,자수용 바늘 등 16종,해군군수사령부,그린종합사무기
3743,보오스코우프 키트 구매,국군재정관리단,주식회사 티플러스
3748,순간접착제 등 159종 구매,제8385부대,영동문구센타
3750,면봉 등 16종 구매,제9911부대,나임상사
3756,야전배낭류,물자계약팀,삼한섬유
3757,열풍기 등 00종 구매,육군항공사령부,주식회사 우영물산
3766,RG 400 CABLE 등 94품목,해군제1수리창,금성종합상사
3769,"링,피스톤용 등 8종",해군군수사령부,주식회사 우영물산
3771,송수화기 등 2종,해군군수사령부,영신전기상사
3772,하후생 학과 출장가방 1종,해군군수사령부,주식회사 라일락
3780,"집진기,이동식 등 1항목 구매(기장)",육군군수사령부,주식회사 우양이엔지
3784,냉장배식대 2대 구매,제8385부대,(주)유한정공
3789,리빙각티슈 등 20종,재경근무지원대대,동방실업
3793,팽창변 등 12종(2-2),해군제2수리창,드림팩토리
3795,팽창변 등 12종(2-2),해군제2수리창,드림팩토리
3798,자동캔따개 등 3항목 구매(물자),육군군수사령부,유한회사 한빛기업
3813,내경홈 가공용 홀더 등 174품목,해군제1수리창,영동상사
3814,포스트 잇 등 354종,제7001부대,주식회사 서진컨설팅
3820,제설함 등 5종 구매,제9911부대,주식회사 가온산업
3831,505여단 16-3차 디지털판초우의 구매,제32보병사단,세야산업
3832,스위칭허브 등 168종,제9227부대,기쁨상사
3842,"(육성)505여단 탄띠, 탄입대 구매",제32보병사단,세야산업
3845,3M Durapore Surgical Tape 등 143종,제7001부대,메디스 메디칼
3848,쇄석(25mm)등 2종 구매.,공군제15특수임무비행단,주식회사우신골재
3849,유류시험기자재 구매,제7201부대,화인코퍼레이션
3853,샤워 타올 1종,해군군수사령부,예인
3854,(육성) 조준경 구매,제2632부대,진우상사
3855,(육성) 향방물자 GPS 등 3건 구매,제2632부대,선진테크
3857,"(조달)3훈비 인양기,소형기중기(16-2-168) 구매",제3훈련비행단,희성엔지니어링
3860,(육성) 향방물자 구매(구급낭 셋 등 6건),제2632부대,케이티에스
3861,(육성) 103-2대대 스마트훈련 체계 설치,제2632부대,디지털코리아
3862,현측 PE 방현대 등 5종 구매,해군제3함대사령부,신용상사
3863,유압식 쇼트 램 등 7종,해군군수사령부,KE테크
3866,디지털 군장 구매납품,제1989부대,유한회사 한빛기업
3867,PMS 이동형 중계기 설치납품,제1989부대,주식회사연화엠텍
3869,아스테이지 등 28종,제9181부대,조이유통(드림디포)
3874,제트스트림 유성펜 등 61종,해군본부,주식회사 엘케이테크
3876,플러스펜 등 10종,해군본부,주식회사 엘케이테크
3879,플러스펜 등 683종,해군 기동함대사령부,연승테크
3886,디지털무늬 요대,물자계약팀,동우산업사
3891,증류수 시험기 구매(기장),육군군수사령부,주식회사 부영상사
3893,조16-방관사-40 군수과 선풍기 등 4푸목,공군방공관제사령부,에버그린
3898,양변기(세트) 등 30종 구매,제8385부대,스틸파크 강원토탈
3901,열판 등 15종,해군군수사령부,주식회사제이지테크원
3904,건 등 20종 구매,육군종합정비창,진흥기계공업
3914,Multi View (화상회의 ws)등 3품목,제9691부대,(주)도전하는사람들
3921,특전사 병사용 모표 1항목 구매(물자),육군군수사령부,한일상사
3934,얼룩무늬 차광막,제9181부대,주식회사 삼국트레이딩
3937,퐁퐁 등 118종,제9227부대,조이 모바일
3954,리플렉타 42개(제작),해군작전사령부,NS산업
3962,슬라이드난간 등 3품목,제9691부대,이즈컴넷
3964,가지등 140품목,제9691부대,주식회사 포승유통
3982,에프호마이카 등 10종 구매,해군제3함대사령부,오피스디포 목포점
3983,무선호출기 등 7종,제9181부대,제이원텍
3984,디지털 온습도계 등 19종,해군작전사령부,케이-부영
3990,날크립 점보 등 40종,제9181부대,주식회사 티앤제이커뮤니케이션
3992,(육성) 군용 판초우의 납품,제2632부대,주식회사 에프앤지아이
3996,리모트콘트롤써킷브레이커 등 3종,해군군수사령부,강원상사
3999,(육성) 군용 탄입대 납품,제2632부대,코아미
4002,식탁용 상판,제9181부대,모양방
4003,분말소화기 239EA 구매,제7001부대,벤더누리
4011,황산칼륨 등 11항목 구매(물자),육군군수사령부,삼일이화학상사
4024,C형 클램프 등 138품목,제9196부대,와이엠
4026,덱사에스피 등 130품목,제9196부대,주식회사 이레팜
4030,수전용 플러그 등 3종,해군군수사령부,KE테크
4034,전동스크린(매립형) 구매설치,제3283부대,경안정보기술(주)
4035,클리어화일 등 56종,해군본부,우진통상
4041,부력방탄복,물자계약팀,경창산업
4059,"라인, 부상형 1종",해군군수사령부,신영에이텍
4061,프로펠러 선박용 등 4종,해군군수사령부,VP 서비스센타
4067,에어콤프레샤,일반장비계약팀 (구:19.09.16),주식회사 하나티이씨
4070,청관제 1항목 구매(물자),육군군수사령부,벡스인터코퍼레이션(주)
4072,씽크대 구매,제5897부대,지에스산건 주식회사
4074,빔프로젝트 램프 구매,국군재정관리단,(주)현명
4080,모르타르 80루베,해군작전사령부,시노텍
4088,황사 마스크 구매,제3697부대,융성테크
4108,"클램프,루프형 등 15항목 구매",육군군수사령부,주식회사우성테크
4109,"게이지, 압력측정용, 문자판식 등 19품목",해군제1수리창,영동상사
4110,사격부운동용품(사격가방 등 11품목),국군체육부대,주식회사 권민
4112,"등,지시 및 장애물용 등 2종",해군군수사령부,국제전기
4113,테니스부운동용품(트레이닝복 등 4품목),국군체육부대,예성
4115,여자축구부운동용품(축구화 등 13품목),국군체육부대,하나오피스
4122,보호복 등 176종 구매,제9911부대,나임상사
4123,전동카트 등 11종 구매,제9911부대,나임상사
4125,친환경 클리어 파일 등 170종 구매,제7001부대,주식회사 부영상사
4127,큐비클 출입문 노몰드형 등 33종 구매,제7001부대,성화종합상사
4129,테프론 그랜드 팩킹 등 31종 구매,제7001부대,성화종합상사
4161,개스킷 등 17종,해군군수사령부,주식회사 부영상사
4163,"브이피시,콤플레트 등 11종",해군군수사령부,주식회사 승일
4174,철(쇠)갈퀴 등 5종,제9181부대,삼보기업
4175,군사제한구역 방범창 설치납품 5개소(위임2-2),제8기동사단,(주)선유플러스
4188,동명부대 친선물자 구매,제7789부대,대한상사
4189,동명부대 민군물자 구매,제7789부대,대한상사
4192,동명부대 친선물자 구매,제7789부대,대한상사
4193,동명부대 민군물자 구매,제7789부대,대한상사
4194,16-208 학과가방 구매,공군교육사령부,(주)로얄라이프
4195,버너 등 2종,해군군수사령부,주식회사 대하
4202,용접작업대 등 4종,해군교육사령부,영산스포츠(창원점)
4203,자동에어릴 등 6종 구매,제8385부대,강원상사
4205,코팅필름 등 96종,해군작전사령부,케이-부영
4213,인서트팁등70종구매,육군종합정비창,주식회사 서진컨설팅
4221,온도계 등 210종,해군작전사령부,주광유통
4225,마그네틱 콘덕터 등 12종,해군군수사령부,(주)비아이엔씨
4229,동내의,물자계약팀,(주)동명양행
4236,Y 커플러 등 37품목,제9196부대,시대종합전기(주)
4244,유성펜 등 203종 구매,제8385부대,주식회사 유니엠케이
4245,축 등 11품목,해군제1수리창,다모아상사
4247,미끄럼방지 3호 규사 등 2종,해군군수사령부,미래상사
4253,방검부력조끼 90EA,해군군수사령부,주식회사 나눔과행복
4259,퀼팅원단,물자계약팀,주식회사 예일물산
4266,00부대 모바일 상품권 구매,제1363부대,주식회사 웰그린인터내셔날
4278,(육성) 동원처 에어컴프레샤 24대 구매,제2632부대,(주)티앤에스
4280,비플렛클라리넷 리드 등 11종 구매,제8385부대,오피스상사
4283,방충망 등 74종 구매,제9911부대,금호전기조명(주)
4290,슈퍼타이 등 75종 구매,국방부계룡대근무지원단,나임상사
4304,00부대 간부숙소 개선,제22보병사단,주식회사 유퍼니
4312,내화 금고,제9181부대,폴리컴퍼니
4314,레그익스텐션 등 11종,해군작전사령부,신영물류
4319,"캡,튜브용 등 11종",해군군수사령부,에이스철물건자재주식회사
4321,플런저 등 2종,해군군수사령부,신영에이텍
4323,"호이스트,체인식 1종",해군군수사령부,성광상사
4328,염색 침투 탈상제(세척액) 등 21종,해군작전사령부,주식회사 제이엠텔레콤
4330,본덱스 등 46품목 구매,제3283부대,유니온종합상사
4333,마개 등 2종,해군군수사령부,대주정공 주식회사
4340,고속정전투화,물자계약팀,주식회사 이안제화
4354,전기 국솥 구매,해군제3함대사령부,마이크로트렌드
4360,연결컨넥터 등 641종 구매,제2002부대,인천종합상사
4361,라파엘 크림 등 64종 구매,제2002부대,JD Pharm
4362,네임펜 등 178종 구매,해군제3함대사령부,에이스철물건자재주식회사
4364,용융제강슬래그 등 3종 구매,해군제3함대사령부,신용상사
4369,헌병바클 등 45종,해군군수사령부,주식회사 흥선
4372,'16-ㅇㅇ학교 박물관 전시실 제작 설치,해군사관학교,(주)새로움아이
4373,시안화나트륨등15종구매,육군종합정비창,마창케미칼 주식회사
4390,주소용 라벨 등 407품목,제9691부대,다원지앤피
4391,제빙기 등 2품목 (16-144호),제9691부대,(주)명진클라비스
4392,내화캐비닛(4단)(16-156호),제9691부대,주식회사 가온테크
4393,3공이동펀치등 405품목 구매,제9691부대,다원지앤피
4394,15인승 고속단정(해군용),함정계약팀 (구:19.09.16),주식회사 우남마린
4395,16년 40밀리 연습유탄,유도무기계약팀 (구:19.09.16),고려화공 주식회사
4397,훈련용축사기류,기동화력계약팀 (구:19.09.16),다산기공(주)
4405,멸균거즈 등 56항목 구매,육군군수사령부,주식회사 성우약품
4421,오링 등 122품목,제9196부대,덕신
4424,추어탕,제1군수지원사령부,(주)그린
4431,허브 등 143종,해군작전사령부,(주)유씨네트웍스
4433,서치라이트 등 15종 구매,제8385부대,영동상사
4436,5단 선반 등 219종 구매,제9911부대,지니종합상사
4440,피스톤 등 45종,해군군수사령부,안보종합상사
4441,"방현재, 선박용 등 14종",해군군수사령부,에이스산업
4449,00학교 남자 간호장교 간호복,국군간호사관학교,조인
4457,(16-075) 전자제품 등 5품목,공군제18전투비행단,태영실업
4459,오디오 구매,제9196부대,동원푸드
4466,특전여단 천마상 상징조형물 제작 / 설치,특수전사령부,아리울조형연구소
4468,해머류,물자계약팀,신우산업
4472,항-16-033 약품 보관장 A등 19종,공군사관학교,(주)대한티앤에스
4474,원형탁자 등 4종,제7001부대,나라통상
4476,세라믹 인두기 등 292종,제9181부대,예인
4478,`16-00부대 심폐소생술 마네킨 등 9종 구매,국군의무학교,성도
4482,경량빈 5개,해군작전사령부,날으는곰에프엔지애드(F&GAD)
4483,위험물보관함 등 164종 구매,해군제3함대사령부,(유)한일상사
4485,세면대수전 등 5종 구매,제2002부대,범원실업
4490,소변검사 키트 등 35품목 구매,제3283부대,주식회사 다윤테크
4491,특전여단 천마상 상징조형물 제작 / 설치,특수전사령부,아리울조형연구소
4492,번호자물쇠 등 26품목,제9691부대,지니종합상사
4493,볼수거기 등 2품목 구매,제9691부대,주식회사 가온산업
4501,(16-057) 접착제등 93품목,공군제18전투비행단,(합)도시환경
4506,"캡,튜브용 등 9종",해군군수사령부,에이스철물건자재주식회사
4508,"게이지,전해질 수위용 1종",해군군수사령부,만복상사
4509,"코드 어셈블리,탄성 등 2종",해군군수사령부,KE테크
4511,롤카펫트 구매,제3283부대,유-하우징
4524,폼필드 휀다 등 2종,해군군수사령부,(주)씨존
4525,개스킷 등 7종,해군군수사령부,에스투 (S2) 테크
4528,16년 점화휴즈,유도무기계약팀 (구:19.09.16),고려화공 주식회사
4529,넉가래 등 192종,제9181부대,아라
4532,방한모 등 2종 구매,제36보병사단,주식회사 예일컴퍼니
4533,"신형야전깔개/롤,주름형",물자계약팀,경창산업
4534,작업대 등 2항목 구매(물자),육군군수사령부,주식회사 만구
4535,BTCS용 디스플레이유닛 등,지휘정찰계약팀 (구:19.09.16),덕인산업
4538,모르타르(초속경성),공군제16전투비행단,디엠통상
4539,운동용품 구매,제1방공유도탄여단,미래캐리어
4561,`16년 육성지원자금 (벌목도 등11종),제55보병사단,예인
4564,영인본 제작 구매,제9691부대,사회문화사
4565,발류트 케이싱 등 2종 구매,제9121부대,두영이엔시
4567,"랜턴, 전기식 등 2종",해군군수사령부,주식회사 자니타스코리아
4577,삼각팬티,물자계약팀,한일피복공업(주)
4578,삼각팬티,물자계약팀,제일피복공업 주식회사
4579,삼각팬티,물자계약팀,삼한섬유
4580,삼각팬티,물자계약팀,삼한섬유
4587,풍향풍속계,지휘정찰계약팀 (구:19.09.16),(주)티에스택
4588,용접복,물자계약팀,주식회사 나루지엠에스
4592,작전용 헤드폰 구매,국군재정관리단,제이유통
4603,쇄석 등 58종,제5738부대,드림오피스
4610,중 하중용 캐스터 회전식 6인치 등 29품목,해군제1수리창,창영산업주식회사
4611,해상사격표적(풍선 등 2종),해군작전사령부,인텍
4617,렌즈 18-200 등 4종,해군군수사령부,세원필텍
4633,스웨터,물자계약팀,진성산업
4638,수영장 관리용품 61종 구매,특수전사령부,예성
4640,수영장 수질관리 약품 3종 구매,특수전사령부,우영상사
4654,탑승형 건식 바닥청소차 구매,국군재정관리단,아인
4666,패킹재료 등 17항목 구매(총포),육군군수사령부,예지산업
4685,26인치 제논탐조등,일반장비계약팀 (구:19.09.16),대양전기공업(주)
4700,"잉곳, 주석-청동용 등 13품목",해군제1수리창,강원상사
4702,위장크림 및 고무링 구매(16-2차),육군훈련소,대경상사
4706,00부대 철혈강당 출입문 교체(설치납품),육군기계화학교,(주)엘림테크
4713,고속단정(15인승)(해병대용),함정계약팀 (구:19.09.16),주식회사 우남마린
4715,리프트,일반장비계약팀 (구:19.09.16),한일기기(주)
4722,(16- 세-020.021) 디지털 도어락,공군제18전투비행단,영동상사
4730,탁상시계 구매,육군본부,현대기업
4733,조종흉장(포제) 등 69종,공군군수사령부,(주)충무용사촌
4736,00부대 워크스테이션 등 3종 구매,육군기계화학교,주식회사 포넷
4737,전동체인호이스트 1EA,해군교육사령부,성광상사
4741,16-151 X-LOCK FITTING 등 73품목,공군사관학교,예림플러스
4744,종이화일꽂이 등 26종,해군본부,보아스샵
4745,꽹과리 등 5종 구매(연평도),연평부대,태광이엔씨
4749,시동줄 등 5종,해군군수사령부,미래상사
4755,홍송 등 3종,해군교육사령부,주식회사 서진컨설팅
4757,증류수생산기 1EA,해군군수사령부,폴리텍
4758,EOD킷(실버) 등 11종,해군작전사령부,경남테크
4764,'16년 3분기 정보화 운용재료 구매,국군재정관리단,금호전기조명(주)
4765,임팩소켓 등 37종 구매,제7001부대,(주)원진
4769,면포플린팬티(사각팬티),물자계약팀,한일피복공업(주)
4801,철제계급장,물자계약팀,두원(DO1)
4802,포제계급장,물자계약팀,주식회사 킴블스
4806,헤리칼안테나 등 13종 구매,제8385부대,서울유통
4810,봉 직선형 무두형 등 5종,해군군수사령부,에스투 (S2) 테크
4811,메카니칼 시일 등 34종,해군군수사령부,주식회사 부영상사
4829,고공낙하산 구매,국군재정관리단,주식회사 경성이엔씨
4838,탄약정비용 특수 잉크 등 5종 구매,육군 탄약지원사령부,주식회사 다윤테크
4841,해도대 등 10종 구매,제9121부대,주식회사 권민
4842,야전박스 8개,해군작전사령부,주식회사 제이제이물산
4845,실링 등 6품목,해군제1수리창,삼동유통상사
4847,"방현재,선박용 등 8종",해군군수사령부,승재유통
4855,하네스류,기동화력계약팀 (구:19.09.16),대호정기(주)
4884,보스민액 등 77종 구매,육군종합행정학교,온케어메디홀주식회사
4885,램프 등 18종 구매,국군재정관리단,주식회사 삼정전기
4890,국방정보통신망 라우터 구매설치,국군재정관리단,주식회사 진두아이에스
4892,탄약 정비용자재 76종 구매,국군재정관리단,(유)목양
4905,예비군훈련용 00분해도 4종 구매,육군본부,비드하이
4911,"클램프,루프형 등 18항목 구매(궤도)",육군군수사령부,진일사
4915,"게이지, 고도측정용 등 60항목 구매(물자)",육군군수사령부,콩앤별
4916,"줄,수동식 등 94항목 구매",육군군수사령부,툴코리아 주식회사
4919,"연삭기,다용도용 등 4항목 구매(물자)",육군군수사령부,주식회사 에스피스틸
4920,"와셔,잠금식 등 154항목 구매(총포)",육군군수사령부,주식회사 세운하이테크
4922,"시험대, 유압계통 구성품용",공군군수사령부,주식회사 유일글로비스
4923,사병외투,물자계약팀,희림상사
4924,무정전 주파수변환기 80KVA,지휘정찰계약팀 (구:19.09.16),주식회사 현대파워
4926,(16-179)군 공항사용 분담금(할로겐램프외 16품목),공군제17전투비행단,동호스포츠상사
4928,패킹 등 20종,해군작전사령부,라온상사
4933,자외선램프 구매,제3283부대,오상푸드시스템
4937,인화지 등 217종 구매,제9911부대,나임상사
4942,동계 취사복 등 3종,해군군수사령부,삽교공판장
4944,"취사형, 앞치마 원단 1종",해군군수사령부,주식회사 해피코리아
4945,제동 저항기 1종,해군군수사령부,한미테크윈 주식회사
4946,브이벨트 등 34종,해군군수사령부,주식회사 슈플라스
4952,13개부대 피뢰침보강 자재 구매,제1729부대,한신종합상사
4963,노출계 등 16종,제9227부대,인켈정보통신 주식회사
4966,가열기 유체식 산업용 1종,해군군수사령부,히타코리아
4967,칼마토 완성기 등 18종 구매,해군제3함대사령부,다모아플라자
4969,고무블럭 등 9종 구매,제8385부대,주식회사 성진씨엔에스
4973,훈련교관 벨트 등 320품목 구매,제3283부대,다온종합상사
4978,조속기,해군제1수리창,영동상사
4982,밸트 등 7종 구매,해군제3함대사령부,대건상사
5008,보관함등22종,공군제19전투비행단,프라임테크
5014,적사함 구매,국군재정관리단,원프로
5015,이동식 방호벽 등 4종 구매,국군재정관리단,(주)중원엔지니어링
5025,구급낭등 14종 구매,제17보병사단,영진글로벌
5030,"차폐 개스킷,전자식 등 68항목 구매(궤도)",육군군수사령부,제이엔씰테크
5041,교체용코브라 등 99품목 구매,제3283부대,서원
5045,엑소메가크림 등 38품목 구매,제3283부대,주식회사 서경약품
5048,"컵,세라믹제 등 16종",해군군수사령부,21세기 산업
5049,포탄 조립체 등 6종,해군군수사령부,주식회사 우영물산
5052,"브래킷,판류",기동화력계약팀 (구:19.09.16),주식회사 지컴
5056,"잭,유압식, 수동식 등 62항목 구매(물자)",육군군수사령부,(주)서광오토테크
5058,방진 고무판 등 00종 구매,육군항공사령부,시대종합전기(주)
5059,수입봉류,기동화력계약팀 (구:19.09.16),다산기공(주)
5079,텅스텐봉 등 84종,해군작전사령부,주식회사 성민종합산업
5081,삼파장 램프 등 20종,해군작전사령부,주식회사 성민종합산업
5083,세이쉘 국기 등 15종,해군작전사령부,한국해양개발(주)
5084,pole Gun 등 7종,해군작전사령부,성화종합상사
5085,슬링벨트 등 32종,해군작전사령부,천국산업
5086,주석덩이 등 6종,해군군수사령부,(주)종로인더스트리
5106,하계취사복 상의 구매,5군수지원사령부,주식회사 니나유니폼
5122,"권양기,체인식 등 27종",해군군수사령부,동양산업기계(주)
5123,자동 에어릴 등 75항목 구매(물자),육군군수사령부,주식회사 아이에스오토
5127,파병 티셔츠 등 3종 구매,해군작전사령부,(주) 대원이노스
5133,터치 앤 터프 등 64품목,공군군수사령부,중앙기업
5134,프로브 등 2종구매,육군종합정비창,주식회사 더그린
5135,K1리테이너등23종구매,육군종합정비창,주식회사 세운하이테크
5145,16-10차 부대구매,제1862부대,(주)석호약품
5147,16-Bb트럼펫 등 19종 구매,국군재정관리단,(주)코스모스악기
5163,흉장 및 예비군마크,물자계약팀,주식회사 킴블스
5169,"조종간,자료입력용 등 2종",해군군수사령부,주식회사 부영상사
5173,더존연필 등 69종 구매,제8385부대,금성종합상사
5176,리프레쉬플러스 점안액 등 112종,제9181부대,주식회사 연승약품
5184,"게이질,전해질 수위용 등 5종",해군군수사령부,성광상사
5186,연마지 등 9종,해군군수사령부,KE테크
5187,조화파티션 등 7종(연평도),연평부대,e-수진테크
5188,축구공 등 284품목 구매,제3283부대,다온유통
5190,남자축구부 운동용품 구매(점퍼 등 5품목),국군체육부대,미인물류
5193,카드발급 피린터 등 5품목 (16-95호),제9691부대,영화산업
5194,전자렌지 등 3품목 구매(지원과),제9691부대,주식회사 성진이엔디
5196,"3단 경봉 등 12품목(16-109,18호)",제9691부대,(주)성원
5199,압축링 3단 등 18종,해군군수사령부,주식회사 슈플라스
5200,링 피스톤 등 18종,해군군수사령부,주식회사 우영물산
5201,방청제 등 909종,해군군수사령부,주식회사 이음
5203,형광램프외 6종 구매,국방부계룡대근무지원단,대경상사
5207,2016-100호(자산)장탄 컨베어로라 등 4,제9227부대,디자인필
5208,하드디스크 등 66종,제9227부대,오상푸드시스템
5216,65대대 1포대 지붕 등 2개소 자재구매 등 2건,제1862부대,나래종합상사
5229,탄약고 경계 cctv 설치납품,육군 제1군단,주식회사 패스넷
5232,00부대 방열기 교체 등 4건 자재구매,제1보병사단,주연ICT
5237,알루미늄 합금판 등 26품목,해군제1수리창,다모아상사
5240,면마스크 등 2품목 구매,제3283부대,YK통상
5242,전자키 250개(현장설치 포함),해군작전사령부,성화종합상사
5246,화장지 등 45품목 구매,제9해병여단,(주)창조유통산업
5249,16-132 러닝머신 등 11종,공군사관학교,에이케이(AK)유통
5250,임관사령장(부사관) 외지 등 16종,해군교육사령부,유민산업
5253,하이브 USB 허브 등 327종 구매,제9121부대,백산
5256,조이스틱 등 2종 구매,제7001부대,라온상사
5258,여름시트 구매,제7001부대,피앤에스
5267,HP-CJL5550DN 검정(정품) 등 71항목 구매(물자),육군군수사령부,한진아이티
5279,마사토 등 7종,제9227부대,서원
5300,"(16-044,049,050,052,053) 전자제품 19품목",공군제18전투비행단,주식회사 이에스
5306,DC 파워 서플라이 등 16품목 구매,제9해병여단,삼화엔지니어링
5309,관물함(16-97),공군제1전투비행단,퍼플인
5310,손목시계,제9181부대,나길
5311,예초기 등 3종 구매,해군제3함대사령부,정수기&커피플러스
5312,구호변 등 3종 구매,해군제3함대사령부,정수기&커피플러스
5313,16-학습지원과 (아스테이지 구매),합동군사대학교,성원기업
5316,네비게이션외 3종 설치납품,국방부계룡대근무지원단,유명상사
5320,오링 및 패킹류,기동화력계약팀 (구:19.09.16),덕인산업
5342,램프 등 341종,공군군수사령부,희망테크
5345,다목적가위 등 192종,해군작전사령부,금호상사
5346,선글라스 등 11종,해군작전사령부,주광유통
5355,코드류,통신장비계약팀 (구:19.09.16),(주)토탈음향
5358,고임목블럭등2종구매,육군종합정비창,미소건업
5359,K1링등15종구매,육군종합정비창,태광금속
5360,K1 패킹등59종구매,육군종합정비창,주식회사 세운하이테크
5361,K1 개스킷등12종구매,육군종합정비창,천국산업
5367,탄약정비용 안전보호용품(안전모 등 21종) 구매,국군재정관리단,일송 유에프티
5372,DVD 플레이어 콤비 등 27종,제5738부대,가나안상사
5375,백열등 등 4항목 구매(총포),육군군수사령부,시온테크
5377,"사격부속장치,공포탄용 등 4항목 구매(총포)",육군군수사령부,주식회사 월드옵텍
5385,커넥터 등 20종 구매,제8385부대,대광종합상사
5387,플라스틱 들것 등 3종 구매,제9911부대,주식회사 메디시온
5391,크랭크 샤프트 등 50종,해군군수사령부,(유)목양
5397,초자류,기동화력계약팀 (구:19.09.16),주식회사 월드옵텍
5404,'16년 155밀리 모의적재훈련탄 등,유도무기계약팀 (구:19.09.16),덕인산업
5405,캐패시터 등 6종,해군제2수리창,세일상사
5418,"연장기, 경고등용",기동화력계약팀 (구:19.09.16),하이펙 주식회사
5420,해외파병장병 의장 격려품(지구본 탁상시계) 구매,합동참모본부,애드해피
5435,제도샤프 등 529종,제5738부대,드림오피스
5444,방한화,물자계약팀,주식회사 익산하이테크
5445,다목적 외투,물자계약팀,한일피복공업(주)
5447,프로파일 등 25종 구매,공군군수사령부,(주)디에스인프라
5456,아쿠아슈즈 163켤레 구매,해군사관학교,SH통상
5457,"추,수심측량용 1종",해군군수사령부,보고통상
5458,쥐막이 등 3종,해군군수사령부,대성산업
5460,부표 등 3종,해군군수사령부,심산물산
5462,페브리즈 외 130종 구매,국방부계룡대근무지원단,나임상사
5464,최용남 백두산 함장 흉상 제작 설치납품,국방부계룡대근무지원단,아트인스페이스
5468,보오스코우프 키트 구매,공군제19전투비행단,(주) 이넥스엠씨
5470,"전건,전신용(KEY802)",통신장비계약팀 (구:19.09.16),(주)토탈음향
5475,쇄석 구매,공군제11전투비행단,명신종합상사
5496,ㅇㅇ연대 예비군 사격장 탄두회수함 구매,육군 52보병사단,다니엘기획
5498,(조달) 3훈비 16-2-121 투광기 등 19종 구매,제3훈련비행단,마니
5503,이동식대차 등 75종,해군작전사령부,동덕아크릴
5506,<긴급>스피커 등 4종,해군작전사령부,주식회사 서진컨설팅
5507,<긴급>헬멧(용접공용) 등 2종,해군작전사령부,정우상사
5508,<긴급>피스톤2 등11종,해군작전사령부,성광상사
5513,CO2소화기 5파운드 등 3종,해군군수사령부,동아화이어테크 주식회사
5514,암 컬렉 등 184종 구매,해군제3함대사령부,오피스타운목포점
5518,플러스펜 등 128종,해군본부,현대상사
5522,자전거(경주용 사이클 2종) 구매,해군사관학교,민스바이크
5523,3단 자동우산 등 3종,해군본부,미소건업
5524,디스플레이 유닛 2EA,해군군수사령부,필립아이앤씨
5525,디스크 등 6종,해군군수사령부,보고통상
5528,백열등 3종,해군군수사령부,에스티통상
5531,11탄약창 제초 민간용역,육군 탄약지원사령부,대아이앤씨 주식회사
5534,DRUM ASSY 등 11종,해군군수사령부,에스지에스
5539,디지털무늬 P/R혼방직물(방투습),물자계약팀,티에이케이텍스타일 주식회사
5541,배낭후레임류,물자계약팀,창성기업
5542,"16년 최루성 캡슐, CS",유도무기계약팀 (구:19.09.16),휴먼스화공(주)
5550,16년 2분기 병영훈련용품 구매,육군학생군사학교,제패
5551,16년 2분기 병영훈련용품 구매(제작),육군학생군사학교,(주)재성
5555,광화일 스캐너 구매,국군의무사령부,엘씨테크(주)
5560,"클램프,호스용 등 84항목 구매(기장)",육군군수사령부,용진H&C
5563,모체기판 등 2종,해군군수사령부,주식회사 지컴
5565,디지털 캠코더 등 6종,해군작전사령부,주식회사 성민종합산업
5566,HEXA MULTI-COPTER 완성기 등 44종,해군작전사령부,에이씨에스트레이딩
5571,사각형 양극 아연판 등 4종 구매,해군제3함대사령부,무림오피스웨이목포점
5573,그리그리(확보기) 등 7종 구매,제8385부대,쌔미쌔미
5574,16-118 제초기 등 2종,공군사관학교,예림플러스
5576,그린프로콤비 등 2종 구매,제9911부대,그린퍼티라이저주식회사
5583,항법가방등 2항목 구매(물자),육군군수사령부,주식회사 에스지윈
5586,'16년 공중 폭발모의탄,유도무기계약팀 (구:19.09.16),고려화공 주식회사
5587,"확성기, 영구자석식",통신장비계약팀 (구:19.09.16),엠에스텔레콤(주)
5588,알루미늄 합금판 등 12품목,해군제1수리창,영동상사
5590,발칸 포신 하우징결합체 재생기술개발 소요자재 구매,육군종합정비창,주식회사 인스텍
5592,16년 20밀리 발칸모의탄,유도무기계약팀 (구:19.09.16),주식회사 경성엠티
5599,형광침투 세트 등 9종,제5738부대,일월종합상사
5607,스폰지 팩킹 등 7종,해군군수사령부,안보종합상사
5610,솔레노이드 발브 코일 등 3종,해군군수사령부,창진ENG(주)
5613,팔꿈치포경(지명),기동화력계약팀 (구:19.09.16),(주)이오시스템
5630,"램프,제논식 등 1항목 구매(기장)",육군군수사령부,필립아이앤씨
5631,"엘보,튜브용 등 60항목 구매(기장)",육군군수사령부,미소건업
5632,부싱 등 45항목 구매(기장),육군군수사령부,주식회사  D.P.M
5636,트리돌 캅셀 등 77종,해군 기동함대사령부,주식회사 이레팜
5639,램프 등 4종 구매,제8385부대,미성휀스건설 주식회사
5641,"공마대(24,400장) 구매",제8385부대,서울유통
5644,호각 등 57품목 구매,제3283부대,포항케이피엘(KPL)
5646,원추형퐁속기 1종,해군군수사령부,주식회사 유니케이
5647,리셉터클 등 40종,해군군수사령부,주식회사 대하
5652,00부대 취사용기구(HACCP형) 구매,제5보병사단,대동알파산업
5666,견인식 제초기 2종 구매,국군재정관리단,주식회사부명
5670,16-전원변환기 DC24V 구매,국군재정관리단,충무정밀(주)
5671,고막형 체온계 등 5종,제5738부대,MK메디칼
5673,와이어링 등 187종,제5738부대,일월종합상사
5677,"클램프,루프형 등 35항목 구매(기장)",육군군수사령부,용진H&C
5680,철사각관 등 87종,공군군수사령부,주식회사아성금속
5681,개스킷 등 18품목,해군제1수리창,영동상사
5682,현관정 등 73종,해군교육사령부,한길
5683,퓨저드라이브벨트 등 37종,해군교육사령부,전일종합상사
5684,절연저항계 등 4종 구매,제2002부대,한신기계
5687,구조용 각관 등 19품목 구매,제9해병여단,구륙전기
5690,입식싸이클 1대,해군작전사령부,만복상사
5693,스틸 바 등 4종,해군군수사령부,동우철강(주)
5699,광 스위칭 허브,제9181부대,주연ICT
5707,00부대 야간투시경 00대 구매 납품,제6755부대,한국전지수성점
5709,정부화일 등 166종,재경근무지원대대,한일상사
5714,"니플,튜브용",기동화력계약팀 (구:19.09.16),평화정밀
5723,"호이스트, 체인식 등 2종",해군군수사령부,성광상사
5726,벨브 등 5종,해군군수사령부,에이스철물건자재주식회사
5729,"16-098,099 헤드폰 등 3종",공군사관학교,동호스포츠상사
5730,코어네트 등 4종,제9181부대,다온기업
5732,동원함 39개,해군본부,(주)에스티에스 충남지사
5733,칼라식도 등 114종 구매,제7001부대,에이스산업
5736,유증기 감지기 1종,해군군수사령부,이지프라자
5737,조정 유니트 1종,해군군수사령부,국제전기
5738,"등, 선박항해용 등 2종",해군군수사령부,강원상사
5739,고무제 원형섹션 등 8종,해군군수사령부,수연상사
5740,"선미관, 봉합용 1종",해군군수사령부,폴리텍
5741,"스테이숀, 화재경보기용, 수동식 1종",해군군수사령부,더블유제이(WJ)물산
5742,공기작동 발브 1종,해군군수사령부,성광상사
5743,대형 다용도 면봉 등 18종 구매,해군제3함대사령부,승리종합상사
5746,"플런저, 신속분리식",기동화력계약팀 (구:19.09.16),예지정밀
5750,친환경세정제 등 2품목,제9196부대,인터스틸 주식회사
5756,레자단색 토시 등 63종 구매,해군제3함대사령부,미래종합상사
5763,원주목 등 90종 구매,제7001부대,주광유통
5767,젓가락 등 12종,제9181부대,도우상사
5769,자동에어릴 등 2품목,해군제1수리창,금성종합상사
5773,무반동총 축사기류,유도무기계약팀 (구:19.09.16),다산기공(주)
5779,디지털카메라(전문가용) 등 14종 구매,국군재정관리단,주식회사 우영물산
5781,비작전견사료 12종 구매,국군재정관리단,우진통상
5783,입력편집기(본체 등 4종)구매설치,국군재정관리단,주식회사 시스원
5792,"조종화(사계절,하계)",물자계약팀,사회복지법인 성심사회복지재단 마리스타
5793,16년 소화기 자동화 표적기,유도무기계약팀 (구:19.09.16),대호정기(주)
5794,라텍스 글러브 등 37종 구매,제8385부대,서울유통
5796,열쇠보간함 등 54종 구매,제3170부대,아카시아
5800,벨브류,기동화력계약팀 (구:19.09.16),영광산업사
5810,호로대,일반장비계약팀 (구:19.09.16),주식회사 우창
5812,수영물자(수영복 등 3종) 구매,국군재정관리단,주식회사 예일물산
5824,"판,설치용 등 13항목 구매(기장)",육군군수사령부,탑앤케이코리아 주식회사
5828,비행가죽잠바(공군),물자계약팀,주식회사 유피앤아이
5829,공군 비행잠바,물자계약팀,삼한섬유
5835,연마집진기용 휠타 등 34종 구매,제8385부대,삼동유통상사
5837,K-55 리테이너,기동화력계약팀 (구:19.09.16),하이큐엔텍
5857,여과기류,기동화력계약팀 (구:19.09.16),주식회사 서한산업
5861,엘보우류,기동화력계약팀 (구:19.09.16),삼호정밀
5866,"시일, 밀봉형 등 14품목",해군제1수리창,남부상사
5867,조종화(개선(동계)),물자계약팀,(주)트렉스타
5890,16년 22밀리 축사탄류,유도무기계약팀 (구:19.09.16),고려화공 주식회사
5892,아이스박스 구매,제9196부대,매직트리
5893,쿨링조끼,해군제1수리창,오피스상사
5904,아스테이지 등 245종,제5738부대,드림오피스
5905,덴티안 미러핸들 등 76종,제5738부대,샤인덴탈 대구중부점
5911,(16-039) 대형세차기 (수정),공군제18전투비행단,(주)모던애드
5912,송수화기(H-930K),통신장비계약팀 (구:19.09.16),연합정밀(주)
5913,하네스류,일반장비계약팀 (구:19.09.16),대호정기(주)
5915,"고무판, 고화식 등 23품목",해군제1수리창,안보종합상사
5918,포스트 잇 등 160종,해군작전사령부,세정개발
5919,G.I 슬리핑 매트 등 159종,해군작전사령부,주식회사 성민종합산업
5920,스피커 등 84종,제9181부대,경기종합상사
5922,졸음방지패치 등 5품목 구매,제9691부대,영화산업
5923,순간접착제 등 496종 구매,해군사관학교,다원지앤피
5925,"램프, 컨넥터 등 15종",해군군수사령부,에스티통상
5926,양극 149EA,해군군수사령부,보고통상
5928,"벨트,V형 등 31종",해군군수사령부,주식회사한국종합기계
5934,태극기 등 2종,제9227부대,해인유통
5936,삼중 활차 도르레 등 19종,제9227부대,포항케이피엘(KPL)
5939,메모홀더 등 384종,해군군수사령부,프라임테크
5942,하계 디지털무늬 원단(IR),물자계약팀,대한방직(주)
5943,수입지 및 수입포,물자계약팀,(주)동인산업
5944,"하계 디지털무늬 원단,해병(IR)",물자계약팀,(주)방림
5945,하계 디지털무늬 원단(IR),물자계약팀,(주)우성염직제2공장
5946,하계 디지털무늬 원단(IR),물자계약팀,티에이케이텍스타일 주식회사
5947,하계 디지털무늬 원단(IR),물자계약팀,삼일방직 주식회사
5948,하계 디지털무늬 원단(IR),물자계약팀,(주)방림
5955,'16년 사진재료(인화지) 3종 구매,국군지휘통신사령부,나들이정보
5956,ROOF 50T 등 19품목,해군제1수리창,삼동유통상사
5957,"와셔, 잠금식",기동화력계약팀 (구:19.09.16),건일테크
5962,Nasal prong 등 82종,제5738부대,MK메디칼
5964,16년 군견 구매(2016-2004),제5897부대,(주) 피 에프 피
5974,16-062 공기 충전기 1종 구매,공군교육사령부,주식회사 엠에스엘콤프레서
5977,"항-16-018,019 리핏밴드 등 25품목",공군사관학교,온케어메디홀주식회사
5979,라벨지 등 188종 구매,제7001부대,경남테크
5980,수성고무퍼티 등 24종 구매,제7001부대,에이엔디
5981,왕벚나무 구매,제7001부대,한길
5982,헤어그로 정 등 64종 구매,제7001부대,티엠이바이오 주식회사
5984,피그테일 등 117종 구매,제7001부대,참조은
5986,인젝타 등 13종 구매,해군제3함대사령부,오피스디포 목포점
5989,휴대용 라디오(250개) 구매,제8385부대,안보종합상사
5990,부부시계 등 2종,해군본부,우진통상
5991,칼라정부화일 등 32종,해군본부,진영상사
5992,(조달)3훈비 쇄석등 4품목 구매,제3훈련비행단,한빛티엠
5993,결속선 등 54종(16-104),공군제1전투비행단,선우기업
5998,농구부 운동용품 구매(유니폼 등 18품목),국군체육부대,진영상사
6000,공업용 가스 검사 / 충전(소화기 충전 포함),해군제3함대사령부,나주신일가스(주)
6001,수정펜 등 74종 구매,해군제3함대사령부,(주) 건영패밀리
6004,해수감압변(32A) 1종,해군군수사령부,피티에스(P.T.S)
6008,예비연소용 챔버,기동화력계약팀 (구:19.09.16),건웅테크 주식회사
6021,사계절 디지털무늬 원단(IR),물자계약팀,대한방직(주)
6022,"사계절 디지털무늬 원단(IR),해병",물자계약팀,삼일방직 주식회사
6023,사계절 디지털무늬 원단(IR),물자계약팀,(주)우성염직제2공장
6024,사계절 디지털무늬 원단(IR),물자계약팀,티에이케이텍스타일 주식회사
6025,사계절 디지털무늬 원단(IR),물자계약팀,삼일방직 주식회사
6026,사계절 디지털무늬 원단(IR),물자계약팀,(주)방림
6042,16-RFID 라벨테그 등 5종 구매,국군재정관리단,세림상사 주식회사
6047,SST TUBE 5ml 등 61종,제5738부대,주식회사 남양메디칼
6060,군범죄 유전자검사 시약재료 구매,국군재정관리단,주식회사 엘씨케이테크놀로지스
6061,사무용쇼파 등 59품목 구매,제3283부대,주식회사 모빌퍼스
6064,체인잭 피스톤 로드 등 2종,해군제2수리창,두영이엔시
6066,함미 예인등(황색) 등 14종,해군군수사령부,주식회사 대하
6069,하계 트레이닝복 구매,제9965부대,태능프로스펙스
6070,동 . 하계 티셔츠 구매,제9965부대,현대미건
6072,냉동기세트 1.5톤(비자성),함정계약팀 (구:19.09.16),주식회사남지공조
6073,슬리브/리테이너류,기동화력계약팀 (구:19.09.16),주식회사 종한
6075,해/공군 전투모,물자계약팀,삼진제모(주)
6078,냉동기세트 3톤,함정계약팀 (구:19.09.16),신라이앤티 주식회사
6080,시퀸스제어 회로도 보는법 등 52품목,해군제1수리창,오피스상사
6087,호스 등 17품목,해군제1수리창,영동문구센타
6088,상황공유체계 (방-16-17),공군미사일방어사령부,주식회사 에버정보기술
6091,080-석분 등 6종,공군제16전투비행단,조은
6104,회전롤러(우레탄바퀴) 등 39품목,해군제1수리창,(주)동건
6106,에어호스,물자계약팀,예지산업
6107,해군해병 간부 정복/근무복 원단,물자계약팀,(주)킹텍스
6108,해군해병 간부 정복/근무복 원단,물자계약팀,(주)킹텍스
6109,해군해병 간부 정복/근무복 원단,물자계약팀,주식회사 아즈텍더블유비이
6110,해군해병 간부 정복/근무복 원단,물자계약팀,(주)킹텍스
6111,해군해병 간부 정복/근무복 원단,물자계약팀,주식회사 아즈텍더블유비이
6112,공군 간부 정복/근무복 원단,물자계약팀,주식회사 아즈텍더블유비이
6113,공군 간부 정복/근무복 원단,물자계약팀,(주)킹텍스
6114,공군 간부 정복/근무복 원단,물자계약팀,주식회사 아즈텍더블유비이
6115,사병 정복/근무복 원단,물자계약팀,주식회사 아즈텍더블유비이
6116,사병 정복/근무복 원단,물자계약팀,(주)킹텍스
6117,사병 정복/근무복 원단,물자계약팀,주식회사 아즈텍더블유비이
6118,사병 정복/근무복 원단,물자계약팀,주식회사 아즈텍더블유비이
6119,사병 정복/근무복 원단,물자계약팀,(주)킹텍스
6120,사병 정복/근무복 원단,물자계약팀,주식회사 아즈텍더블유비이
6121,사병 정복/근무복 원단,물자계약팀,주식회사 아즈텍더블유비이
6122,사병 정복/근무복 원단,물자계약팀,(주)킹텍스
6123,육군 정복/근무복 원단(개선품),물자계약팀,주식회사 아즈텍더블유비이
6124,육군 정복/근무복 원단(개선품),물자계약팀,(주)킹텍스
6125,육군 정복/근무복 원단(개선품),물자계약팀,(주)킹텍스
6126,16년 소형 대공표적기,유도무기계약팀 (구:19.09.16),주식회사 화인코왁
6130,색스폰 목걸이 등 6종,제9181부대,닉스
6131,자전거 보관대 24EA 납품설치,제7001부대,선우블라인드 커튼
6132,디지털 도어락 855EA 납품설치,제7001부대,신영물류
6133,장부바인더 등 197종 구매,제8385부대,금성종합상사
6135,카라비너 등 11종,해군작전사령부,오상종합상사
6139,리무버 등 241종,해군작전사령부,마니
6141,퀵앤이지라벨 등 416종,해군작전사령부,평화상사
6142,디퓨저 등 42종,해군작전사령부,에이스철물건자재주식회사
6144,채널확장기 등 21종,제9181부대,태영통상
6145,재판석 등 23종,제9181부대,지에스산건 주식회사
6147,아크릴판 등 299종 구매,제9911부대,오상종합상사
6149,"벨트, V형 등 15종",해군군수사령부,경기종합상사
6159,작동기 등 29종,공군군수사령부,조강테크
6160,개선 안면마스크,물자계약팀,한일피복공업(주)
6167,(16-035) 신나 등 4품목,공군제18전투비행단,청광유통
6168,ATICS 운용용품 구매,제17보병사단,e-수진테크
6173,싱크로계수변환기 등 3종,해군군수사령부,서광전자
6177,"와이어, 전기용 등 17종",해군군수사령부,국제전기
6178,도파관 건조공기 주입기 구매설치,국군지휘통신사령부,엠투어스
6179,고무 1종,해군군수사령부,KE테크
6180,REPAIR KIT 등 14종,해군교육사령부,경남테크
6183,스피커 등 4종 구매,제8385부대,첨단정보통신  주식회사
6184,종균제 등 6종 구매,제8385부대,삼동유통상사
6187,다이아 투광기 등 99종,해군작전사령부,헥사
6190,건타카 등 99종,제9181부대,지오
6191,벽걸이 선풍기 구매,제7001부대,강원상사
6193,S port Trocar 등 81종 구매,제7001부대,(주) 건영패밀리
6203,백동 엘보 등 12종,해군군수사령부,우일정공
6205,육군 베레모,물자계약팀,삼진제모(주)
6207,정모류,물자계약팀,삼진제모(주)
6211,00부대 주거단지 배풍기 구매 / 설치,육군과학화전투훈련단,NS산업
6212,현관정 등 132종 구매,공군군수사령부,(주)디에스인프라
6224,건조제등8종구매,육군종합정비창,마창케미칼 주식회사
6236,pp바인더 88종 제작 구매,국방출판지원단,세정기업
6239,직원식당 집기류 구매,국방부근무지원단,조왕스텐
6244,스포트라이트 등 42종 구매,공군군수사령부,아폴론주식회사
6248,교관육상훈련복 등 7종,해군군수사령부,주식회사 세기와사람들
6250,엘보 등 14품목,해군군수사령부,벤더누리
6252,빈티지 차렵이블등 5품목 덕산스포텔(16-93호),제9691부대,모양방
6253,SE bond 등 97종 구매,제7001부대,항도덴탈(주)
6254,사각식탁 등 5종 구매,제7001부대,백야테크
6257,봉합재 등 4종,해군군수사령부,주식회사 서진컨설팅
6260,호스 등 21종,해군군수사령부,(주)세계하이테크
6266,로드저항기,제20전투비행단,제이엠케이
6349,프로펠러 40라이트닝 등 8종,해군군수사령부,기성마린
6350,면도날 등 64종 구매,국방부계룡대근무지원단,가나안상사
6366,와이프용 구동유니트,일반장비계약팀 (구:19.09.16),다산기공(주)
6372,어댑터 및 커플링류,기동화력계약팀 (구:19.09.16),대성정밀주식회사
6374,홑이불류,물자계약팀,제일피복공업 주식회사
6375,'16년 섬광폭음탄(KE180),유도무기계약팀 (구:19.09.16),고려화공 주식회사
6377,이불류,물자계약팀,(주)보광아이엔티
6383,16년 폭음통,유도무기계약팀 (구:19.09.16),고려화공 주식회사
6385,대테러복 등 7종 구매,국군화생방방호사령부,주연ICT
6387,초음파 병기세척기 구매 설치,국군재정관리단,재경상사
6388,보오스코우프 키트 구매,국군재정관리단,주식회사 더그린
6398,팔꿈치 및 무릎보호대,제9227부대,주식회사 피엔에이코리아
6422,수저식판배분대 등 5종,공군군수사령부,주식회사아성금속
6434,프레임 어세이 등 37종,해군군수사령부,동해하이테크산업(주)
6436,백열등 등 13종,해군군수사령부,신우산업
6438,단안 야간 투시경 구매,제9965부대,피앤비
6439,행사용 연설대 등 4종 제작 구매,국방부계룡대근무지원단,금강 아이엔에프(InF)
6447,16-044 패러글라이드 세트,공군사관학교,주식회사 진매니아
6453,00부대 독신숙소 서랍장 구매,육군과학화전투훈련단,(주)동건
6454,낙석모형제작 설치납품,육군공병학교,강원상사
6455,"절연니스, 전기용",해군제1수리창,다모아상사
6458,16년 2차 지형분석실 재료비,제7군단,이즈컴넷
6465,16년 디지털 포렌식SW라이센스갱신구매,국방부검찰단,씨지에스아이티(주)
6470,12각 핸드 소켓 등 962종,해군군수사령부,행운유통
6476,"종이사격표적지(E,F형)",유도무기계약팀 (구:19.09.16),서흥페케이지
6479,시일링 콤파운드 1종,해군군수사령부,국제전기
6480,온도감지기 1종,해군군수사령부,에이스철물건자재주식회사
6482,개스킷 등 7종,해군군수사령부,조강테크
6483,개스킷 링 등 9종,해군군수사령부,범한산업 주식회사
6488,ph전극 등 12종 구매,제7001부대,주식회사 성민종합산업
6492,접착 아스테이지 등 224종 구매,제7001부대,주광유통
6496,엠시 듀알로이 등 5종,해군군수사령부,KE테크
6497,"연습용 골프공 15,000EA",제7001부대,(주)에스티에스 창원지점
6500,레이저 조각기 2세트,해군군수사령부,폴리텍
6501,각재 등 288종,해군 기동함대사령부,더원상사
6506,라벨기,제9181부대,삼성테크
6507,00부대 야전간호 실습재료비(인조피부 등 6종) 구매,국군의무학교,(주)동성메디칼
6512,수영부 운동용품(수영복 등 8품목),국군체육부대,이즈컴넷
6523,"와이어, 전기용(구매)",일반장비계약팀 (구:19.09.16),(주)에이치케이씨
6528,M48와셔등6종구매,육군종합정비창,효은산업
6532,판초우의,물자계약팀,삼부산업 주식회사
6535,친환경소화기 등 3종 구매 설치,국군재정관리단,(주)데스코
6541,컬러 클리어 파일 등 263품목,제9196부대,주식회사 에프앤지아이
6545,도가니 #100 등 215품목,해군제1수리창,영동상사
6550,물관 구매,제3170부대,바인시스템
6559,익스펜션 조인트 등 21종,해군군수사령부,보고통상
6561,오링 등 29종,해군군수사령부,에스와이테크
6569,상륙화,물자계약팀,(주)트렉스타
6572,고압세차기 고압호스 등 157품목,제9196부대,태광이엔씨
6574,고압세차기 고압호스 등 157품목,제9196부대,태광이엔씨
6575,점보 스타랙스 등 57품목,제9196부대,경기종합상사
6578,축구부 운동용품 구매(축구화 등 24건),국군체육부대,진영상사
6582,계산기 등 178종 구매,제3170부대,한성유통
6583,이지노크S형광펜 등 171품목,해군제1수리창,오피스상사
6584,H LAMP(12개) 구매,제8385부대,동덕아크릴
6589,2016년 군의관 가운(보충보급) 구매,국군의무사령부,주식회사 서우
6590,2016년 군의관 가운(보충보급) 구매,국군의무사령부,주식회사 서우
6593,식관,물자계약팀,대일스텐
6596,전극 등 15종,해군제2수리창,세일상사
6606,16년 전술훈련용수류탄,유도무기계약팀 (구:19.09.16),한국씨앤오테크(주)
6618,팝업플래그 오피스팩 등 226품목,제9196부대,태경산업
6620,"망원경,엘보형 등 5항목 구매(총포)",육군군수사령부,보고통상
6632,에어 덕트 커버 등 161종,공군군수사령부,희망테크
6635,일양 디세텔 정 등 266종,연평부대,바른약품 주식회사
6636,삼파장램프 등 97종 구매,연평부대,핀헌터
6638,유압호수 등 152종 구매,연평부대,네오종합상사
6642,허브 등 105종,해군작전사령부,KE테크
6643,핸드워시 등 202종 구매,제8385부대,오피스상사
6647,00지역 구매품류 구매,수도방위사령부,(주)성원
6664,16-전술조끼 등 3종 구매,국군재정관리단,말감컴퍼니
6672,"플라스틱표적지(E,F형)",유도무기계약팀 (구:19.09.16),엔피씨 주식회사
6674,방안직자 등 846종 구매,제9691부대,뮤 커뮤니케이션
6676,건조기 등 8종 구매,해군제3함대사령부,대건상사
6677,트라디오 펜 등 101종 구매,해군제3함대사령부,미래종합상사
6678,턴버클 등 2종,해군군수사령부,자인비
6679,"특수봉인지 1,708,900EA",해군군수사령부,케이-부영
6685,위장크림 구매,제3283부대,상주상사
6686,좌식테이블 구매,제3283부대,오피스디포 포항점
6687,오뚜기볼 등 75종 구매,제9911부대,금호전기조명(주)
6691,디지털 상황판 중형 등 2종,제9227부대,오상푸드시스템
6692,"연결축, 우측용",기동화력계약팀 (구:19.09.16),주식회사 태현정공
6697,K9튜브및이음쇠등27종구매,육군종합정비창,성도산업
6699,스로틀 서보 등 34종,공군군수사령부,에어로 앤 마린
6700,대기용 활성탄 등 9종,해군군수사령부,동덕건설기계
6701,용기(폭파약용) 및 오링류,유도무기계약팀 (구:19.09.16),주식회사 헤이코
6705,하트가드 플러스 등 100품목,제9196부대,더존약품
6717,하트가드 플러스 등 100품목,제9196부대,더존약품
6722,챔픽스 정 등 74종 구매,제7001부대,(주)성광메디피아
6727,전동식 캔 오프너 구매,국방부계룡대근무지원단,세계로상사
6728,세면기샤워겸용 등 129종 구매,제7001부대,온누리교육사(스포타임)
6729,원형초소 구매,제7001부대,주광유통
6734,Air filter cartridge 등 6종,제7001부대,세원필텍
6738,등산스틱 등 3건,제9691부대,VOK(비전오브코리아)
6741,분사식 살충제외 5종 구매,국방부계룡대근무지원단,나이스안전산업
6742,무균채수팩 1L 등 105종 구매,제7001부대,삼우메디칼(주)
6743,윈드실드(2510-700-5417),일반장비계약팀 (구:19.09.16),영광산업사
6744,반합,물자계약팀,대일스텐
6756,00부대 원격교육체계 비품 구매,육군과학화전투훈련단,NS산업
6758,방진마스크 등 16종 구매,제51보병사단,JH컴퍼니
6779,백색턱걸이 등 38종 구매,제3170부대,중원엔씨
6780,고글 등 14종 구매,제3170부대,JH컴퍼니
6781,붙박이장 제작 구매,국방부계룡대근무지원단,주식회사 에스제이상사
6783,살충제 등 16종(16-62),공군제1전투비행단,주식회사 비와이에이치
6786,알루미늄 캐노피 32mm 4EA,해군군수사령부,폴리텍
6787,"힌지,버트형 등 18종",해군군수사령부,아산종합상사
6788,UDT작전화 290PR,해군군수사령부,영화산업
6792,클로벡스액 등 139종,제9181부대,티엠이바이오 주식회사
6793,더블 데스크 매트 등 606종,해군교육사령부,주식회사 부영상사
6797,휴대용 기상 관측기 외 8종 구매,국방부계룡대근무지원단,영화산업
6798,가죽요대 등 2종,공군군수사령부,주식회사 부흥실업
6799,"표시기,시간합계식",기동화력계약팀 (구:19.09.16),한성정공
6802,밀링머신,제20전투비행단,스토닉 주식회사
6809,가이드,기동화력계약팀 (구:19.09.16),평화정밀
6813,스텐환봉 등 2품목,해군제1수리창,남부상사
6821,6.25 전사자 유전자검사 시약 재료 구매,국군재정관리단,주식회사 엘씨케이테크놀로지스
6825,"항-16-011,012,017 자동혈구계산기 시약 등 105종",공군사관학교,서현MS
6830,G-라이트 등 18종,해군작전사령부,가나안상사
6832,수압식 이동통풍기 85세트 구매,국군재정관리단,아폴론주식회사
6833,도어록 등 53품목 구매,제3283부대,연천종합물산
6835,20mm 발칸 링크 구매,제9911부대,아폴론주식회사
6838,00지역 가죽제품류 구매,수도방위사령부,주식회사 클로피아
6839,00지역 마크류 구매,수도방위사령부,주식회사 선유
6840,패킹 등 43항목 구매(기장),육군군수사령부,주식회사 세운하이테크
6844,"판,식탁용",물자계약팀,주식회사 디에스나이키
6846,공기탱크(하이드로 빽),일반장비계약팀 (구:19.09.16),평화정밀
6848,봉합제 등 180종,공군군수사령부,희망테크
6849,식탁,물자계약팀,주식회사 디에스나이키
6851,휀다 및 판류,기동화력계약팀 (구:19.09.16),(주)대립
6856,301캇타 등 183종,해군제2수리창,나임상사
6859,유류흡착패드 등 5종,공군군수사령부,주식회사오성엔에이치
6861,유류흡착패드 등 5종,공군군수사령부,주식회사오성엔에이치
6866,본드솔 등 394종,제5738부대,한성
6868,16-062 국내서 약4000종,공군사관학교,공사서점
6872,슈터타이 등 115종 구매,국방부계룡대근무지원단,현대상사
6875,골드크립 등 84종 구매,제7001부대,경남테크
6878,양극 1종,해군군수사령부,국제전기
6883,셔터문 설치납품,육군 제30기갑여단,주식회사 동양건영
6886,임펙소켓 등 36종 구매,제7001부대,주식회사 부영상사
6887,폼텍 바코드용 라벨 등 476종,해군교육사령부,온누리교육사(스포타임)
6889,제본링 등 306종,해군교육사령부,주식회사 서진컨설팅
6890,애니라벨 등 597종,해군교육사령부,경남상사
6898,Pocket Filter 등 3종 구매,제8385부대,강원상사
6902,날크립 등 159종,해군교육사령부,경남상사
6908,"카트리지,흡착용 등 7종",해군군수사령부,주식회사 서한산업
6911,"패킹, 성형식 등 217항목 구매(기장)",육군군수사령부,덕인산업
6912,시험세트 구매,공군제15특수임무비행단,주식회사 에이치투엘테크놀로지
6914,호른 등 2종,공군군수사령부,(주)진성악기
6917,K1변환기구매,육군종합정비창,주식회사 우영물산
6919,잡자재류 고임목블럭등77종구매,육군종합정비창,서림산업
6920,비철류 늄합금봉등38종구매,육군종합정비창,(주)종로인더스트리
6921,호스등5종구매,육군종합정비창,(주)세계하이테크
6922,위험물보관함 등 24종 구매 (16-52/57/61),공군제10전투비행단,주식회사 가온테크
6924,00부대 발간재료 구매,제1363부대,고은상사
6926,00부대 통신운영용품 구매,제1363부대,무한씨엔씨
6928,클로로포스메틸유제 등 33품목 구매,제9691부대,그린퍼티라이저주식회사
6929,16-065 플로터 반광 인화지 등 111종,공군사관학교,동우씨엠 서청주지사
6930,OV-3형 휀다 등 14종 구매,해군제3함대사령부,승리종합상사
6932,쇼파 등 4종 구매(연평도),연평부대,이아이엔티
6933,개비온석 구매,제3283부대,정수프라자
6935,실내인테리어 조화(자작나무) 등 26종,해군교육사령부,경남상사
6936,안전조끼 구매,육군훈련소,(주)에스티에스 충남지사
6937,실습작업대 등 10종,해군교육사령부,문경종합상사
6942,10톤 가레이지 작키 등 3종,해군군수사령부,유일유통
6943,백팩리그 007 등 6종,해군본부,현대상사
6944,부착용꽃이판 등 44종,해군교육사령부,동덕아크릴
6945,예초기줄 등 103종,해군교육사령부,라온상사
6946,플러스펜 등 291종,해군교육사령부,한빛티엠
6948,"호각, 구형 등 4종",해군군수사령부,나래기업
6949,진지코드(슈어-코드플러스) 등 42종(연평도),연평부대,티엠이바이오 주식회사
6953,식기소독보관함류,물자계약팀,선경산업
6954,식기소독보관함류,물자계약팀,선경산업
6957,이불커버류,물자계약팀,제일피복공업 주식회사
6974,베개류,물자계약팀,제일피복공업 주식회사
6976,꼬질대류,유도무기계약팀 (구:19.09.16),테크노와이시스템주식회사
6980,16-고래2호(해상사격)표적 등 4종 구매,국군재정관리단,씨에스컴퍼니(C.S. Company)
6989,육군 의장행사모 2종 구매,육군본부,주식회사 중앙양행
6990,00분해도 2종 구매,육군본부,세계로상사
6991,알곤 등 7종,공군군수사령부,(주)에어텍
6994,전기온풍기 등 34종 구매,제2002부대,이아이엔티
6999,4인용 원목테이블 등 3종 구매,해군제3함대사령부,오피스디포 목포점
7000,반투막 등 2종,해군군수사령부,신동하이텍
7002,백열등 등 10종,해군군수사령부,필립아이앤씨
7010,SUT BATTERY CELL,항공기계약팀 (구:19.09.16),주식회사 아이비티
7029,"띠,지지용 등 47항목 구매(기장)",육군군수사령부,대광테크
7032,핸드파레트 등 2종 구매,제3170부대,윤미디어
7033,낫 등 15종 구매,제3170부대,한솔ENT
7035,"무릎, 팔꿈치 보호대 등 58품목 구매",제3283부대,상주상사
7036,스냅파스고리 구매,제3283부대,대성산업
7062,인화점 시험기 구매,공군군수사령부,청운 엔지니어링
7068,전동 카운터 스태커 구매/설치,국군재정관리단,주식회사 더그린
7072,알루미늄 접이식 원형탁자 등 3종,제5738부대,드림오피스
7080,기독교 성찬주 구매,육군본부,주식회사 동영상사
7084,결제판 등 153종 구매,해군사관학교,경북상회
7085,조정접점 등 8종,해군군수사령부,주식회사 우영물산
7109,항-16-010 이소티논연질캡슐 등 38품목,공군사관학교,티엠이바이오 주식회사
7112,토라빈덱스 안연고 등 76종 구매,해군제3함대사령부,온케어메디홀주식회사
7114,엠포스지 베이직 등 188종,해군본부,세계로상사
7117,블루투스 이어폰 등 6종 구매,제1363부대,주식회사 티앤제이커뮤니케이션
7119,바리톤색소폰리드 등 36종 구매,제8385부대,영동문구센타
7122,교관헬멧 등 37품목 구매,제3283부대,영진상사
7124,플러그 등 25종,해군군수사령부,인터쿡
7131,"클램프,루프형 등 63항목 구매(기장)",육군군수사령부,건양산업
7134,파이롯버너 콘트롤러 등 44종 구매,육군종합정비창,에스와이테크
7140,"(16-013,020) 캐비닛 등 9품목",공군제18전투비행단,가나안상사
7142,화장지 등 2품목 구매,국군재정관리단,주식회사 대왕페이퍼
7144,양압식공기호홉기 2형 구매,국군재정관리단,필립아이앤씨
7149,M/F 사진재료 구매,육군인사사령부,브라운상회
7150,유가족 DNA 시료채취 키트 구매,국방부유해발굴감식단,폴리텍
7152,"용기,액체 냉각제용 1종",해군군수사령부,대한냉동
7153,'16-2차 훈련재료비 등 구매,육군전투지휘훈련단,지브라유앤씨
7154,와이어 제본 링 등 238품목 구매,제9해병여단,석천산업
7157,공기 작동식 나비변 200A 등 5종,해군군수사령부,광일산업
7159,플러그 등 4종,해군군수사령부,주식회사보승글로벌
7163,"코드 어셈블리, 탄성 등 3종",해군군수사령부,제이유통
7169,"혼,신호용 등 4종",해군군수사령부,제이유통
7171,개스킷 등 4종,해군군수사령부,에스와이테크
7177,16-5차 부대구매,제1862부대,주식회사 이레팜
7180,쿠션담요 등 2종,제9227부대,정수프라자
7181,"포장기(진공용, 총기용) 2종 구매",국군재정관리단,주식회사 에코비투
7195,제빙기 등 3종,해군작전사령부,영성기업사
7201,해상(작전용) 방탄 플레이트 등 8종 구매,국군재정관리단,주식회사 유니메인
7202,전기 가열식 오븐 구매/설치,국군재정관리단,(주)한일
7218,"와이어, 전기용 등 13품목",해군제1수리창,(주)동건
7226,방화복,공군군수사령부,주식회사 캐미초아
7227,다단식선반(중) 등 3종,공군군수사령부,(주)대우금속개발
7237,초음파 세척기,공군군수사령부,주식회사 티이엠
7239,재봉틀 구매,제9196부대,멀티이엔지
7240,진동롤러 등 23종 구매,국군재정관리단,우솔아이앤씨
7241,전자계통용 시험세트 구매,국군재정관리단,아폴론주식회사
7242,잠수복(드라이슈트) 등 7종 구매,국군재정관리단,금호(주)
7248,커넥터 등 106종 구매,공군군수사령부,주식회사 지컴
7249,디엠씨 툴 셋 등 20종,해군군수사령부,디엠통상
7250,피탈 등 2종,해군군수사령부,모두라운드
7251,네임펜 등 369종 구매,제8385부대,서울유통
7263,혹한복 외 3종,물자계약팀,삼한섬유
7270,16-D-14 대형제빙기 등 7종 구매,국군재정관리단,주식회사 유진씨엔씨
7276,해군 가먼트백 등 6종,제7001부대,제이엠(J·M)
7277,코스모스 종자 등 5종 구매,제7001부대,주식회사 도시조경개발
7286,초고속 광택기 등 6품목,제9691부대,무한씨엔씨
7291,SSU훈련화 등 7종,해군군수사령부,(주)모던애드
7292,암막커텐지 등 3종,해군군수사령부,성민실업
7293,환봉보관대 등 10종,해군교육사령부,동아스포츠
7294,전기용접부스작업대 등 3종,해군교육사령부,주식회사 나누리
7295,보관대 등 12종,해군교육사령부,三晸하이테크
7298,충전기 등 6종 구매,제9121부대,세종상사
7302,"X-선 세트(방사선사진용, 산업용) 등 2종 구매",국군재정관리단,나우주식회사
7304,결속 가락지 등 4종,해군군수사령부,용마산업 주식회사
7310,타원챠핑디쉬 22호 등 29종 구매,제9227부대,서진산업
7318,K1리테이너및롤러등22종구매,육군종합정비창,진광사
7327,세탁망 등 2종 구매,국군재정관리단,주식회사 케이에이취퓨전
7328,수도병원 전자동정제분류포장기 구매 설치,국군재정관리단,킴스헬스케어
7331,"야외화장실(이동식, 2동) 구매",제7201부대,주식회사코네코
7332,유동점시험기 구매,제7201부대,태성상사
7338,에어커튼 구매,해군제3함대사령부,미래종합상사
7340,16-057 STS관 등 64품목,공군사관학교,주식회사 제이에스원
7343,컴프레서 등 7종 구매,해군제3함대사령부,(유)한일상사
7348,"잉곳, 주석-청동용 등 14품목",해군제1수리창,금성종합상사
7349,표주 등 3종(16-44),공군제1전투비행단,그린나라기업
7351,에어안전매트 2EA,제7001부대,(주)원진
7354,작업등 등 133종 구매,제8385부대,남부상사
7355,방진마스크 등 21종 구매,해군제3함대사령부,오피스디포 목포점
7356,항-16-006 넥 브레이스 등 60종,공군사관학교,온케어메디홀주식회사
7359,어리굴젓 등 10종 구매,해군제3함대사령부,대건상사
7363,폴건 등 4종,해군군수사령부,성실종합상사
7365,"숟가락,야전식당용 등 5항목 구매(물자)",육군군수사령부,서원
7367,수입솔류,유도무기계약팀 (구:19.09.16),테크노와이시스템주식회사
7373,16-D-10 로켓용 폭음통 구매,국군재정관리단,경기화약 주식회사
7376,"프레스(펀치용, 동력식) 구매설치",국군재정관리단,신성산업
7380,실내사격장 셔터 설치납품,국군체육부대,정진상사
7386,"청관제 구매(20L, 100통)",국군체육부대,오성
7388,발냄새 제거제 등 9품목 구매,제3283부대,상주상사
7395,모조지(백색) 구매,국방출판지원단,세풍지업상사
7396,"시일, 평면형 등 26품목",해군제1수리창,영동상사
7398,스팀버켓트랩 등 85종 구매,제9911부대,주식회사 티켐
7399,비데 등 3종 구매,제3170부대,연천종합물산
7400,디지털 공기자료 시험세트 구매,국군재정관리단,H.J 인터내쇼널
7401,예도 등 6품목 구매,제3283부대,인켈정보통신 주식회사
7403,하네스용 안전고리 등 94품목 구매,제3283부대,포항케이피엘(KPL)
7406,16-046 램프용 전자식 안정기 등 200품목,공군사관학교,주식회사 제이에스원
7421,16년 2분기 정보화 운용재료 구매,국군재정관리단,JH컴퍼니
7425,"이음쇠,주유용 등 3종",해군군수사령부,찰스인코리아
7429,톤마대 등 3종,제9181부대,우진통상
7435,이이폰 등 3항목 구매,육군군수사령부,가나안상사
7440,물통(플라스틱) 1항목 구매(물자),육군군수사령부,비전과학LP
7441,'16년 신병 군장품 부착 납품,제1989부대,유한회사 한빛기업
7445,인식표,물자계약팀,보성금속
7451,전자감응식 헤드셋 구매,국군재정관리단,한국쓰리엠(주)
7452,라미실원스 등 16종,제5738부대,이안상사
7453,더블데스크 매트 등 573종,제5738부대,구룡종합상사
7456,(16-006) 유압식 절곡기 (수정),공군제18전투비행단,투에스건설주식회사
7460,역도부 운동용품 구매(역도복 등),국군체육부대,고은상사
7462,섬유 유연제 등 3종,해군군수사령부,클린티산업
7463,지휘자 단상 등 7품목 구매,제9해병여단,모양방
7473,냉각휀 등 29종 구매,육군종합정비창,진흥기계공업
7474,팬티 등 3종 구매,제9912부대,(주)한일
7480,무전극안정기 등 35종(16-32),공군제1전투비행단,현대그린텍
7482,16-041 테니스 라켓 6종,공군사관학교,한신스포츠산업
7483,"게이지, 전해질, 수위용 등 15종",해군군수사령부,국제전기
7484,종균제 구매,제9691부대,금호전기조명(주)
7486,명함철 등 109종,해군교육사령부,가나오피스
7489,방폭문패킹등 17품목,제9691부대,유니케미칼
7492,카드형 교통카드 등 3품목,제9691부대,예스건축자재
7497,장력계 등 2종,해군교육사령부,성화종합상사
7498,"보급목록카드 7,200EA",해군교육사령부,날으는곰에프엔지애드(F&GAD)
7501,위험물보관함등 11품목,제3훈련비행단,석천산업
7503,"축, 구동용 등 3종 구매",해군제3함대사령부,신용상사
7506,냉장배식대 3대 구매,제9911부대,다원지앤피
7510,이발가위 등 10종 구매,제9911부대,도원정보시스템 주식회사
7512,시일링 콤파운드 등 5종,해군군수사령부,신동하이텍
7515,DVD플레이어 5대,제7001부대,라온상사
7516,관류용 멸균 증류수 등 80종,제7001부대,주식회사 케이에스팜
7518,하체근력강화용 자전거 2종 구매,해군사관학교,주식회사 제일휘트니스
7519,전기다리미 등 10종 납품,제9965부대,휘모리
7523,전자저울(150Kg) 등 4항목 구매(물자),육군군수사령부,대현싸이언스(주)
7525,1단 FEED ASSY 등 13건,해군군수사령부,드림테크
7526,후물용 본봉미싱부속 셋트 등 29종,해군군수사령부,에이스산업
7527,"덧양말,방한용 등 6항목 구매(물자)",육군군수사령부,성진상사
7530,공마대등4종구매,육군종합정비창,초코인터내셔널 주식회사
7531,평면연마용숫돌등38종구매,육군종합정비창,서화테크
7532,플라스틱마개등94종구매,육군종합정비창,진흥기계공업
7533,인서트팁등340종구매,육군종합정비창,네오종합상사
7534,연마포등29종구매,육군종합정비창,주식회사 세운하이테크
7536,(16-002) 잡석 3품목,공군제18전투비행단,주식회사 동해석산
7539,써모스터 등 8품목,해군제1수리창,금성종합상사
7543,자동세척건조기 중형 구매설치,국군재정관리단,핀텍스코리아
7547,유아용 수면조끼 550벌,해군본부,주식회사 만경코리아컴퍼니
7553,대테러복 등 7종,해군군수사령부,주식회사 세몽나이스
7556,회중전등 등 2종,해군군수사령부,전라안전
7557,날 1종,해군군수사령부,세종상사
7558,콜드파이어 1종,해군군수사령부,주식회사 지이엠
7559,청소용 릴호스 1종,해군군수사령부,금창가구
7562,취사가운 등 7종,해군군수사령부,조인
7564,플라이 웨이트 아세이 1종 구매,해군제3함대사령부,대건상사
7570,태극기 등 148품목 구매,제3283부대,영진상사
7571,흙먼지 털이기 설치/납품,제51보병사단,(주)기선
7582,고성능 전기이발기 구매,제3283부대,연천종합물산
7585,모형진지 구매,제51보병사단,(주)기선
7595,"야광X-밴드 2,000EA",해군군수사령부,(주) 건영패밀리
7596,클램프 등 20종,해군군수사령부,주식회사영남메탈
7600,사무용 지우개 등 103종 구매,제8385부대,알파동해점
7603,사복탁송용박스 구매,제3283부대,푸른S&C
7612,브래킷류,함정계약팀 (구:19.09.16),창진ENG(주)
7614,"빨간마후라 목티형(반팔), 백색 등 3종",공군군수사령부,주식회사 동곡
7615,(16-010) 부대운영자재 등 5품목,공군제18전투비행단,대광종합상사
7631,손코팅 필름 등 286종,제5738부대,드림오피스
7639,"전극,용접용 등 20종",해군군수사령부,동우철강(주)
7642,체인블럭 등 55종,해군작전사령부,구륙전기
7643,세면타월 등 3종,해군본부,우진통상
7649,위장 숲녹색 등 6종,제9181부대,무한상사
7655,추적등 등 37종,해군군수사령부,아폴론주식회사
7657,전자식 순찰시계 등 2종,해군군수사령부,아폴론주식회사
7661,하니컴 골판지 등 6항목 구매(물자),육군군수사령부,(주)디에스인프라
7662,"헹굼 첨가제, 접시닦기용(20Kg) 등 2항목 구매(물자)",육군군수사령부,태광이엔씨
7663,잭박스,함정계약팀 (구:19.09.16),三晸하이테크
7669,"잉곳,구리 등 3종",해군군수사령부,(주)종로인더스트리
7672,무전극램프 등 36종,공군제16전투비행단,다온종합상사
7676,무광알키드 숲녹색등 8종,제9227부대,동서화인켐 주식회사
7678,행주 등 77종 구매,해군제3함대사령부,동서종합상사
7682,고무발 등 127종 구매,해군제3함대사령부,동서종합상사
7686,수저세트 등 189종,제7001부대,흥진상사
7688,습기제거제 외 1종 구매,국방부계룡대근무지원단,제일안전
7691,UDT 중절모 등 7종,해군군수사령부,삼진제모(주)
7693,개스킷 등 16종,해군군수사령부,가림산업
7694,냉장배식대 등 2종 구매,제8385부대,미모
7695,퓨얼쿡 등 5종 구매,해군제3함대사령부,미래종합상사
7699,"기화기,부구 이용식 등 9종",해군군수사령부,주식회사 부영상사
7700,개스킷 등 5종,해군군수사령부,조강테크
7703,공기작동 발브 등 2종,해군군수사령부,세종물산
7705,"게이지, 전해질 수위용",해군제1수리창,다모아상사
7708,우레탄호스 등 20종,해군군수사령부,피앤에스
7709,스웨이징 슬리브 등 6종,해군군수사령부,조강테크
7713,국통 등 2종 구매,국군재정관리단,미성종합체육산업 주식회사
7718,치약(100g) 6항목 구매(물자),육군군수사령부,주식회사제이지테크원
7720,로드셀 등 23종 구매,육군종합정비창,주식회사 서진컨설팅
7726,16-병기 보관가방 등 17종 구매,국군재정관리단,주식회사 동영상사
7727,16-스키부츠 등 3종 구매,국군재정관리단,융성테크
7728,16-피탄 고글(헌병용) 등 4종 구매,국군재정관리단,조니가이드
7729,전자동혈압계 등 3종 구매,국군재정관리단,라바열융합기술
7733,Pin Board 등 88종구매,공군군수사령부,주식회사 지컴
7735,안전벨트 162EA,해군군수사령부,동덕아크릴
7739,임관사령장 외지 등 26종,해군교육사령부,나라통상
7744,"헬멧, 안전용 등 9종",해군군수사령부,국제안전물산 유한책임회사
7747,손질포 1종,해군군수사령부,에이스철물건자재주식회사
7752,부직포 등 1종,해군군수사령부,재창
7754,마네킨 등 5종,해군교육사령부,자인비
7766,카트리지 3종 구매,공군군수사령부,(주)프로토텍
7775,자폐식입식수전 등 30종 구매,제9911부대,삼성테크
7776,페니라민정 등 70종 구매,제2002부대,주식회사 이레팜
7777,디지털도어록 259개,해군작전사령부,동덕아크릴
7780,삼중활차 도르레 등 4품목 구매,제3283부대,연천종합물산
7788,알루미늄 합금판 등 8품목,해군제1수리창,(주)동건
7789,다용도 사물함 등 617종,제5738부대,포항케이피엘(KPL)
7792,'16년 화학물자 구매,제1군수지원사령부,경원산소(주)
7796,Adapter Board 등 2종 구매,제8385부대,길상산업
7806,"스폰지,이발용 등 9항목 구매(물자)",육군군수사령부,우솔아이앤씨
7807,이발용 가위 4항목 구매(물자),육군군수사령부,(주)세이팜
7810,휴대용 고압 세척기 등 2종,해군작전사령부,백산
7813,철사각관 등 56종,공군군수사령부,희망테크
7814,유체정역학 유니트 등 6품목,해군제1수리창,남부상사
7817,롤백상지등 184품목,제9227부대,오피스디포 포항본점
7819,00학교 테니스라켓 등 4종 구매,국군간호사관학교,건양체육산업
7821,세척제(총강용) 구매,국군재정관리단,주식회사 에코비투
7828,수지틀 액자 등 223종,제5738부대,일월종합상사
7841,공기흡입관 등 2종,해군작전사령부,주식회사제이지테크원
7842,클린징크림 등 30종 구매,제9911부대,네이쳐 에프에스
7846,알루미늄 합금판 등 9종,해군군수사령부,동우철강(주)
7848,면보루 등 31종 구매,제9911부대,씨엘컴퍼니
7852,티꽂이매트 등 16종 구매,제9911부대,잇사갈
7853,부이 샤클 등 2종 구매,제7001부대,에이엔디
7858,수중VTR 2SET,해군군수사령부,(주)비아이엔씨
7859,와이프올 습윤 세정 타올 등 20종 구매,해군제3함대사령부,오피스디포 목포점
7860,16-026 소파테이블 등 20종,공군사관학교,예림플러스
7861,HOT PLATE 등 7종 구매,해군제3함대사령부,신용상사
7863,이륜차 바퀴 등 15종,제7001부대,경남상사
7865,이동식 충전 앰프 등 2종,제7001부대,오픈차이나
7868,국자 등 49종,제9181부대,조왕스텐
7894,유성매직 등 747품목,제9196부대,카라인터내셔널
7896,흡연 부스 제작설치,제9196부대,주식회사 유진씨엔씨
7898,쇄석 등 3종(16-026),공군제1전투비행단,(주)한일
7903,소파 등 15종,해군군수사령부,원경엠앤씨 (M&C)
7910,특수선복 구매,해군작전사령부,에이스산업
7912,16년 현역 및 보충역 군장품 구매,육군제53보병사단,파시온
7913,스폰지등42종구매,육군종합정비창,오상푸드시스템
7914,늄합금봉등14종구매,육군종합정비창,주식회사 우경엔텍
7915,마사각강등48종구매,육군종합정비창,(주)종로인더스트리
7917,알미늄봉등6종구매,육군종합정비창,(주)종로인더스트리
7918,고무판등9종구매,육군종합정비창,오상푸드시스템
7924,"화인코트지, 모조지 구매",국방출판지원단,세풍지업상사
7927,태극마크,물자계약팀,주식회사 킴블스
7928,형광램프외 61종 구매,국방부계룡대근무지원단,주식회사 에스제이상사
7933,수지 액자 등 692종 구매,제2002부대,발해
7940,"고임쇠,철제,소형 등 5항목 구매(물자)",육군군수사령부,협신정밀
7954,부직포 구매,제3170부대,동명상사
7956,플라스틱 파레트 구매,제3170부대,유정인베스트
7957,저장대 구매,제3170부대,윤미디어
7967,유도등 1종,해군군수사령부,모이스텍
7970,"잉곳,주석-청동용 등 6종",해군제2수리창,지니종합상사
7972,액상황산알루미늄등12종구매,육군종합정비창,삼일이화학상사
7974,종이타올,공군군수사령부,유한크린텍
7981,축성재료(사낭등 8종),제9227부대,푸른S&C
7991,도어록 등 31종,제5738부대,연천종합물산
7992,플라스틱 소변컵 등 169종,제5738부대,티엠이바이오 주식회사
7995,덴티안 미러핸들 등 152종,제5738부대,티엠이바이오 주식회사
7998,개스켓 등 64품목,해군제1수리창,삼동유통상사
7999,땜질 합금.은제 등 12종,해군군수사령부,(주)종로인더스트리
8002,홀컵 등 19종 구매,제8385부대,강원상사
8003,배출호스 등 124종,해군작전사령부,경남상사
8004,면도날 등 47종 구매,국방부계룡대근무지원단,계룡상사
8008,초강력 먼지 제거제 등 828종 구매,제9121부대,나라통상
8015,약기 등 5종,제9181부대,동영산업
8018,해류유속계 등 8종,해군작전사령부,주식회사 청우
8019,풀페이스 마스크 등 8종,해군작전사령부,주식회사제이지테크원
8024,플러스펜 등 14종 구매,제25보병사단,캠핑아미고
8049,스터비 라쳇핸들 등 469종,제9181부대,명원사
8050,"봉합재, 전구용 등 3종",해군군수사령부,케이-부영
8052,수전용 리셉터클 등 12종,해군군수사령부,KE테크
8053,램프 등 7종,해군군수사령부,강원상사
8055,보상기 등 2종,해군군수사령부,한국데이터기술 주식회사
8058,축구부운동용품(트레이닝화등 2품목),국군체육부대,미성종합체육산업 주식회사
8063,대붙이목돌림 온냉수 혼합꼭지외 2종 구매,국방부계룡대근무지원단,남경테크(TECH)
8064,결재판 등 157종,제9181부대,금성기업
8065,"게이지, 전해질, 수위용 1종",해군군수사령부,국제전기
8070,점화플러그 등 22종,해군군수사령부,경기종합상사
8074,예비군부대 사무집기 구매,제51보병사단,(주)캐슬코리아
8075,예비군부대 향방물자 구매,제51보병사단,아투문
8077,특수강등3종구매,육군종합정비창,주식회사 우경엔텍
8078,폴리우레탄신나구매,육군종합정비창,(주)종로인더스트리
8080,인청동판등3종구매,육군종합정비창,울산철강상사
8086,전기이발기 등 2종 구매,국군재정관리단,휴먼팩토리
8094,배기관 자바라 등 8종,해군군수사령부,KE테크
8131,아세톤 등 3종,공군군수사령부,주식회사 이우켐텍
8132,건의함 등 354종,해군작전사령부,평화상사
8137,에어파스 등 64품목 구매,제3283부대,티엠이바이오 주식회사
8139,삼상유도전동기 등 113종,해군작전사령부,영성기업사
8140,레스큐 스트롭 등 9종,해군작전사령부,보건안전
8141,계산기셋트(KM28) 등 4항목 구매(물자),육군군수사령부,대한스크린
8142,액체알곤 등 5종 구매,공군군수사령부,해동가스(주)
8143,북한 및 해외 간행물 구매,제9965부대,아시아저널
8144,지퍼백등18종구매,육군종합정비창,주식회사 아르키
8145,16-1차 시추공 매몰방지용 자재(흑관 등 9종) 구매,육군본부,주식회사 희원에스에이치
8158,"등,연장형 등 3종",해군군수사령부,대신유통
8160,라우터 등 36품목 구매,제9해병여단,한국디바이스인증
8163,오렌지 등 9종 구매,제8385부대,칠성청과
8170,HP-CLJ5550DN 검정(정품) 등 70항목 구매,육군군수사령부,주식회사엘투테크
8174,에프시 듀라토프 디피 등 20품목,해군제1수리창,영동상사
8175,에프시 듀라토프 디피 등 20품목,해군제1수리창,영동상사
8176,에프시 듀라토프 디피 등 20품목,해군제1수리창,영동상사
8191,바인더 등 263종,제5738부대,포항케이피엘(KPL)
8192,플라이형 제침기 등 183종,제5738부대,오피스디포 포항본점
8193,마포대 등 504종,해군교육사령부,지앤제이(G&J)커리어
8194,플라스틱 제본링 등 854종,해군교육사령부,선우디자인
8229,2016년 영선자재 구매,국방부근무지원단,중원산업(주)
8230,의장대대 행사용품 구매(해군 의장마크 등 00종),국방부근무지원단,지우실업 주식회사
8235,가죽손목시계 등 4품목,제9691부대,락키즈
8237,중간하중용 앵카 등 65종,해군군수사령부,승재유통
8243,심전도계,해군군수사령부,태린메디칼 주식회사
8246,제도샤프 등 226종,해군작전사령부,선우디자인
8249,페이퍼 타올 케이스 등 99품목 구매,제9해병여단,휴엔에이
8261,구두솔 등 843종,해군작전사령부,선우디자인
8262,마술용품 등 126종,해군본부,재 용 테 크
8266,핫플레이트등 2품목,제9227부대,현민유통
8300,00학교 조직행동론 등 11종 구매,국군간호사관학교,신성서적
8301,부분순간냉각제등19종구매,육군종합정비창,주식회사 지컴
8304,16-3차 부대구매,제1862부대,정주애드
8316,훈련용 통신기 등 21종 구매,국군재정관리단,주식회사 우영물산
8330,오렌지 등 9종 구매,해군군수사령부,삼진유통
8331,오렌지 등 9종 구매,해군군수사령부,다솔기업
8332,오렌지 등 9종 구매,해군군수사령부,연우상사
8333,오렌지 등 9종 구매,해군군수사령부,연우상사
8334,오렌지 등 9종 구매,해군군수사령부,주식회사 사람과사람들
8335,오렌지 등 9종 구매,해군군수사령부,주식회사 류홀마트
8336,오렌지 등 9종 구매,해군군수사령부,주식회사 류홀마트
8337,오렌지 등 9종 구매,해군군수사령부,주식회사 류홀마트
8338,오렌지 등 9종 구매,해군군수사령부,주식회사 류홀마트
8350,"기화기, 부구 이용식 등 4종",해군군수사령부,미래상사
8353,"시일, 평면형 등 22종",해군군수사령부,메트로마린서비스
8354,기판 등 5종,해군군수사령부,국제전기
8358,볼형손잡이 등 381종 구매,해군사관학교,드림테크
8365,노즐 등 108품목,해군제1수리창,남부상사
8366,바닥광택기,공군군수사령부,재 용 테 크
8372,"세척재료(세척제, 용제) 구매",국군재정관리단,주식회사 우석
8373,쇄석 등 293종,제5738부대,제이에스탑
8386,연평해전[DVD] 등 118종,해군교육사령부,한빛티엠
8388,헤비메탈 컷터 등 284종,해군교육사령부,주식회사 부영상사
8390,개스킷 등 15종,해군군수사령부,미래상사
8393,펀치리스화일 등 399종,해군작전사령부,해양종합상사
8394,울트라컷 등 54종 구매,제8385부대,다모아상사
8395,전자충격기 구매,국방부계룡대근무지원단,나이스안전산업
8399,가지 등 279종 구매(흑산도 000전진기지대),해군제3함대사령부,정아종합유통
8400,가지 등 279종 구매(흑산도 000운용대),해군제3함대사령부,형제푸드시스템
8407,"코타핀,분할핀,R핀 세트 등 117품목",해군제1수리창,금성종합상사
8440,핸드맥스 등 521품목 구매,제9196부대,태광이엔씨
8454,초콜릿가공품 등 8종 구매,해군군수사령부,주식회사 사람과사람들
8455,초콜릿가공품 등 8종 구매,해군군수사령부,주식회사 류홀마트
8456,초콜릿가공품 등 8종 구매,해군군수사령부,한샘유통 주식회사
8457,초콜릿가공품 등 8종 구매,해군군수사령부,에스엘(SL)상사
8458,초콜릿가공품 등 8종 구매,해군군수사령부,삼진유통
8459,초콜릿가공품 등 8종 구매,해군군수사령부,주식회사 류홀마트
8460,초콜릿가공품 등 8종 구매,해군군수사령부,삼진유통
8461,초콜릿가공품 등 8종 구매,해군군수사령부,삼진유통
8462,데스크탑 세트 등 498종 구매,제9911부대,조인
8464,열대용 잠수복 등 3종,해군작전사령부,뉴그린통상
8465,출동용박스 구매,제3170부대,미래종합상사
8466,쥐약 등 3종 구매,제3170부대,세영컴퍼니
8472,버니어 켈리퍼스  등 174품목,해군제1수리창,(주)동건
8474,컬러태그지 등 397종 구매,제8385부대,금성종합상사
8475,응접탁자 등 7종,해군작전사령부,주식회사 하이에프디
8480,비플클라리넷리드 등 18종 구매,제8385부대,영동문구센타
8482,플라스틱박스 등 2종 제작,제3170부대,고광산업주식회사
8483,멜라민식기 등 3종 구매,제3170부대,다훈산업
8484,전자렌지 등 2종 구매,제3170부대,엔젤
8488,라인벨트 등 2종 구매,제9911부대,(TS)산업
8494,16년 소형 대공표적기(표적기 등 4품목),유도무기계약팀 (구:19.09.16),알티하이텍
8496,유해발굴 수습물자(스폰지 등 15종) 구매납품,국방부유해발굴감식단,국일기업
8505,6각 빗트 소켓 등 907종,해군군수사령부,영진글로벌
8506,유해발굴 수습물자(스폰지 등 15종) 구매납품,국방부유해발굴감식단,국일기업
8509,바인딩링 등 362종,해군 기동함대사령부,대박유통
8510,씽크대원홀혼합수전 등 8종 구매,제9911부대,잇사갈
8513,전기취사기 구매/설치,제3170부대,U&H
8514,워키토키 등 3종,해군작전사령부,계림유통
8516,외장형 하드디스크 등 103종,해군작전사령부,천국산업
8519,점보롤 화장지 등 114종,해군교육사령부,나라통상
8523,황산등59종구매,육군종합정비창,성민산업
8524,건조제등48종구매,육군종합정비창,주식회사 사람과사람들
8527,접착제등55종구매,육군종합정비창,주식회사 유민기업
8532,왕사 등 3종,제20전투비행단,신정상사
8536,커터날 등 217종,해군교육사령부,한성
8539,Glass Fiber Filter 등 17종,제7001부대,주식회사 성민종합산업
8540,이부프로펜정 등 28종,해군 기동함대사령부,이안상사
8543,E/O Gas 카트리지 등 124종,제7001부대,동아메디텍
8547,D형들고리등13종구매,육군종합정비창,진흥기계공업
8548,충전기집적회로등17종구매,육군종합정비창,시온테크
8549,5톤 브래킷 구매,육군종합정비창,하이큐엔텍
8551,K1개스킷등33종구매,육군종합정비창,주식회사 세운하이테크
8559,"제빙기 구매,설치",국군재정관리단,우진통상
8566,16-014 쉽게 생각하고 쉽게 배우는 수영 등 143종,공군사관학교,주식회사 지커뮤니케이션
8575,각재 등 11종,해군작전사령부,영성기업사
8579,USB 684개,해군본부,무한씨엔씨
8582,가지 등 181종 구매(안마도),해군제3함대사령부,형제푸드시스템
8584,가지 등 306종 구매(추자도),해군제3함대사령부,형제푸드시스템
8586,USB 684개,해군본부,무한씨엔씨
8592,파병 티셔츠 등 3종,해군작전사령부,(주)현대에스앤피
8605,웰부트린 엑스엘 정 등 122품목,제9196부대,(주) 동암메디팜
8610,XL엘보 등 68종(16-9),공군제1전투비행단,주식회사 썬투에너지
8614,공기작동 발브 1종,해군군수사령부,에이치앤주식회사
8617,(16-018)건물유지비(폼업외 143품목),공군제17전투비행단,미래상사
8618,해도(대한민국 남부) 등 126종,해군작전사령부,한국해양개발(주)
8624,가지 등 57종 구매,제9911부대,에이치케이푸드
8627,EOD 킷 등 10종,해군작전사령부,성화종합상사
8631,소석회살포기 5항목 구매(물자),육군군수사령부,다훈산업
8635,삼파장램프 등 115종,공군제16전투비행단,다온종합상사
8637,하이브리드 키폰 구매 설치,국군재정관리단,주식회사 누리아이코리아
8646,금고 구매,해군제3함대사령부,무림오피스웨이목포점
8648,영송용 레드카펫 등 14종,해군작전사령부,천국산업
8649,멀티카드리더기 등 45종,해군작전사령부,주식회사 배성
8651,쇠자(철직자) 등 38종 구매,제8385부대,(주)동건
8652,"변환기, 동적 픽업용 등 3품목",해군제1수리창,(주)동건
8663,야전배낭,제9196부대,주식회사 해피코리아
8665,16-F-013 윈치 등 11종 구매,국군재정관리단,삼호상사
8666,정비피복(방진화) 구매,국군재정관리단,우솔아이앤씨
8672,16-백령도 개선식 구매,제9196부대,코리아식품주식회사
8714,제빙기 등 3품목,해군제1수리창,금성종합상사
8720,잔류염소측정시약 등 5항목 구매(물자),육군군수사령부,마창케미칼 주식회사
8721,차아염소산나트륨 등 5항목 구매(물자),육군군수사령부,무지개환경
8722,해상사격표적(풍선 등 2종) 구매,해군작전사령부,알티하이텍
8725,K1와셔등84종구매,육군종합정비창,현대정밀가스켓
8739,기역자 안내테이블 등 5종(연평도),연평부대,오에스케이통상
8740,고무호스 등 19종 구매,해군제3함대사령부,승리종합상사
8748,리프레쉬플러스 점안액 등 270종,제9181부대,티엠이바이오 주식회사
8750,대붙이 샤워 수전 등 138종,연평부대,효성
8754,테스터기 등 36종(연평도),연평부대,그리마
8758,심장세동제거기,해군군수사령부,미소커뮤니케이션
8759,청력계 휴대식 2EA,해군군수사령부,주식회사 모티브기획
8761,손세척대 1EA,해군군수사령부,기호종합상사
8762,소석회살포기 1EA,해군군수사령부,드림테크
8764,온장고 등 3종 구매,제9911부대,파주차일드
8765,선글라스 등 10종,해군작전사령부,유니아이
8771,미세먼지 방지마스크 구매,국군재정관리단,케이웨더 주식회사
8776,카라반 등 116종,해군작전사령부,주식회사 우영물산
8777,세척액 등 18종,해군작전사령부,주식회사 성민종합산업
8787,기능성팬티 등 9종 구매,특수전사령부,(주)한일
8791,종이걸레 등 2종 구매,국군재정관리단,유한회사 한빛기업
8792,방사선필름 등 5종 구매,국군재정관리단,유한회사 한빛기업
8819,스텐망등8종구매,육군종합정비창,주식회사 우경엔텍
8829,k1오링등17종구매,육군종합정비창,에스투 (S2) 테크
8830,K1리드선등14종구매,육군종합정비창,강선로프
8843,면마스크 등 4종,해군교육사령부,서울산업
8846,"변환기, DE-EP 1종",해군군수사령부,이지프라자
8848,위장크림 및 고무링 구매(16-1차),육군훈련소,주식회사청천뉴테크
8851,형광램프 등 91종,해군작전사령부,미래상사
8853,수직천공기 2EA,해군군수사령부,주식회사 썬테크
8856,알루미늄 합금판 등 11품목,해군제1수리창,(주)동건
8859,조임기 등 155종(연평도),연평부대,창성사
8860,타벡스 겔 등 126종(연평도),연평부대,주식회사 이레팜
8862,USB선택기 등 96종(연평도),연평부대,우일테크
8870,주파수 변환기 구매,국군재정관리단,씨와이코퍼레이션
8871,야구부 운동용품구매(유니폼 등 16품목),국군체육부대,NAF(나프)
8876,면도날 등 38종 구매,국방부계룡대근무지원단,주식회사 에이원
8878,전기식 회전계 등 8종 구매,해군제3함대사령부,(유)한일상사
8879,슈퍼타이 등 104종 구매,국방부계룡대근무지원단,우진통상
8902,에이드,제1군수지원사령부,호미식품
8950,파이류,제1군수지원사령부,호미식품
8958,초콜렛,제1군수지원사령부,매일우유 포승대리점
8968,레자방음문 납품 설치(연평도),연평부대,공후
8970,충성대 신문제작제157호~제162호),육군3사관학교,원컴
8971,면마스크 등 2품목 구매,제3283부대,상주상사
8993,청소카트 등 12종 구매,해군제3함대사령부,정수기&커피플러스
8994,각재 등 30종,해군작전사령부,아산종합상사
8998,낮은선반 등 14종,해군작전사령부,에스엠솔루션
9000,가지 등 163종,제9181부대,주식회사 남산그린푸드
9037,전자온도계 등 20종 구매,제3170부대,SH유통
9055,간부숙소 바닥난방재 설치납품,수도기계화보병사단,진흥엘앤에스(주)
9058,생도견장(남/1학년) 등 24종 구매,해군사관학교,두원(DO1)
9062,동스웨터 구매,해군사관학교,(주)피엘엔코
9072,주병기 조준체계 51EA 구매,해군군수사령부,주식회사 유티지
9203,"병영식당 및 취사장 냉,난방기 구매",제17보병사단,서현상사
9208,원격검침설비 구매 설치,국군재정관리단,유한회사 제이티솔루션
9215,탑승식 자동바닥세정기 등 13종 구매,국군수도병원,스타CNS
9216,항온항습기 등 3종 구매,육군종합정비창,주식회사 부일필터
9230,예식밴드 2종 구매,해군사관학교,영성기업사
9231,분말소화기 구매,제3170부대,YK통상
9239,00지역 방열기 설치납품,제17보병사단,다온
9243,영선지원자재구매(전기),제1862부대,미성종합
9244,영선지원자재구매(설비),제1862부대,지앤제이(G&J)커리어
9246,군단 직할/예하부대 병력동원함 구매,제2군단,주식회사 태승
9253,방독마스크 전면필림 등 137종,해군제3함대사령부,동서종합상사
9255,폴리에스테르 수지 등 6품목,해군제1수리창,한웅종합건자재
9264,2018년 국내 / 국외 잡지(간행물) 구매,국방대학교,JH컴퍼니
9275,18년 불발탄제거작전 재료 27종 구매,육군 제1군단,금호전기조명(주)
9299,OO부대 대형전시체계(작전종합상황실) 구매설치,제36보병사단,첨단정보통신  주식회사
9307,레그프레스 등 6종 구매,제8385부대,한웅종합건자재
9308,오링 등 13품목,해군제1수리창,삼동유통상사
9311,00체계 구매,특수전사령부,(주)알파아이엔씨
9314,2018년 특수 간행물 25종 구매,국방대학교,아시아저널
9325,민사물자 2차(관리기) 구매,제7789부대,주식회사 이음
9326,민사물자 2차(샵 등 00종) 구매,제7789부대,주식회사 이음
9335,PRE AMP 등 6항목 구매 설치,육군군수사령부,주식회사 노하우전기통신
9337,초경2날 알루미늄 엔드밀 등 48품목,해군제1수리창,남부상사
9341,도어록 등 105품목,제3283부대,더팜
9343,디지털 벽시계 등 3종,해군교육사령부,주식회사 동빈글로벌
9356,17년 사격훈련장 안전자산 설치납품(5종),제2167부대,애드케이원 주식회사
9377,긴급 영선물자 구매,제7보병사단,주식회사 천광
9378,팔토시 등 12종,해군작전사령부,진성
9380,구리양극봉 등 5품목,해군제1수리창,금성종합상사
9381,에너겔 트라디오 중성펜 등 13품목,해군제1수리창,영동문구센타
9383,17년 물류취급 기구 7종 구매,제8기동사단,클릭바이 엠알오
9388,통신망 보강을 위한 통신자재 구매,제7보병사단,주식회사 천광
9393,실습용 프로그램 구매,해군사관학교,(주)케이씨이아이
9398,콤프레샤 구매,제9181부대,주식회사 엑선이엔씨
9401,특임대 훈련 안전 매트 구매,육군종합행정학교,지에이치상사
9409,18년 국군복지단 캐디 근재보험,국군복지단,에이아이지손해보험 주식회사
9424,금고 구매(납기 : '17.12.22.),제9691부대,무한씨엔씨
9425,스텐컵 등 3종 구매,제9911부대,한국칠판교구
9437,폴건 등 32종,해군작전사령부,백야테크
9447,송수화기(H-940K),통신장비계약팀 (구:19.09.16),주식회사 월드티엔에스
9460,00수신체계 직저장서버 등 8종 구매,제9965부대,(주)쎄트렉아이
9471,절연액 등 2종 구매,제20전투비행단,에이씨화학(주)
9482,창고 중량물 저장대 설치납품,제2167부대,동진랙시스템
9490,"수송대대 165/65R13 등 29품목(17-378(5),389(1)",공군 제8전투비행단,삼일
9498,자동에어릴 등 6종 구매 납품,제9196부대,주식회사 에프알코리아
9499,핸드타올 등 00종 구매,국방부근무지원단,태광이엔씨
9505,물류취급용 물자(랩핑기 등 5종) 구매,제7789부대,동진상사
9509,GOP 방호력 보강 자재 구매,제7보병사단,가온누리
9517,자바라(대)등 148종,해군작전사령부,문경종합상사
9524,블랙박스 및 네비게이션 구매,제7보병사단,태영실업
9525,호각 등 78종,해군작전사령부,주식회사 오피스랜드
9527,에어방음벽 등 3종,해군제2수리창,국제안보상사
9532,나졸액 등 237품목,제9181부대,주식회사 이레팜
9533,전투조끼 등 5품목,제9181부대,유노상사
9538,요가매트 구매,육군훈련소,클라크지게차클린판매
9545,5군단 절연방호관 자재 구매,제5군단사령부,신명
9548,활주로 사인물 제작설치,제5738부대,싸인테크
9550,입간판 등 3종 설치납품,제5보병사단,주식회사 지엘엔지니어링
9561,지형분석도 제작 재료 구매,육군본부,와이엠
9564,GPS 중계기 2종 구매,제20전투비행단,씨지에스아이티(주)
9566,INVERTER(승강기) 등 2종,재경근무지원대대,승우엘리베이터 (주)
9568,상무대 자산취득 전자제품 설치납품,육군상무대근무지원단,만능유한회사
9573,네임펜 등 237종,해군제3함대사령부,한결오피스
9575,나무액자 등 306종 구매,제9911부대,케이제이 씨앤씨유통
9579,소방기구보관함 구매,제2002부대,투알엘 (2RL)
9584,TOD 2형 부수기재 구매,육군 제37보병사단,그린종합사무기
9590,나트륨등 등 61종(17-370),공군제1전투비행단,주식회사 두산
9591,505여단 17-9차 디지털판초우의 구매,제32보병사단,주식회사 릴리스마일
9596,GPS 수신 킷트  4종 구매/설치,공군제19전투비행단,주식회사 원플럭스
9599,스미스 머신 등 28종,제5738부대,울진규사
9601,수저셋트 등 72종 구매,해군제3함대사령부,(유)목포신도digitalOA
9604,모자 제작 구매,제9911부대,제이투기획
9612,아령등 11종,해군작전사령부,주식회사 태촌실업
9625,피스톤링 등 21품목,해군제1수리창,(주)동건
9628,다목적방탄판(대),물자계약팀,주식회사 삼양컴텍
9630,다목적방탄판(중),물자계약팀,주식회사동성티씨에스
9631,다목적방탄판(중),물자계약팀,주식회사 삼양컴텍
9632,다목적방탄판(대),물자계약팀,주식회사동성티씨에스
9634,윤형절초망 등 3종 구매 납품,제6755부대,도매유통안전
9637,승용5갱모아 구매,국군재정관리단,(주)텍스코
9641,보안안전가방 구매,육군본부,주식회사 올에이플러스
9643,안테나 지시봉 등 28품목,제3283부대,미니비니유통
9652,IP단말기 등 9품목 구매,국군재정관리단,주식회사 유노미아
9656,바리게이트 등 443종 구매,해군제3함대사령부,오피스디포 목포점
9657,스텐집게 등 274종 구매,해군제3함대사령부,마이크로트렌드
9658,입식비세트 등 289종,해군제3함대사령부,오피스디포 목포점
9661,황동봉 등 6종,해군군수사령부,(주)원진
9667,플래그 등 182종 구매,해군사관학교,드림디포 비아점
9675,6955-17년 블랙박스 설치납품,제6955부대,티엠에스(TMS)
9680,"17-10-213(표시기,차륜정렬용 구매)",공군제16전투비행단,동아유통
9691,Thromborel S 등 39종,제5738부대,석진메드
9702,"땜질 합금,은제 등 3종",해군군수사령부,(주)원진
9703,식당 탁자 상판 수선 등 5종,해군군수사령부,주식회사우정상사
9704,경기용 표적지(고무롤) 구매,국군체육부대,성우텍 G.S
9706,폴리에스테르수지 등 23품목,해군제1수리창,천곡철물상사
9707,"훈련용품(제빙기,쇼케이스) 구매",국군체육부대,명지사
9710,에어발란스 구매,육군군수사령부,클라크지게차클린판매
9717,실버크립 등 240종,해군본부,엠에스테크
9719,배구부 훈련용품(패딩파카 등 6종) 구매,국군체육부대,CL테크
9721,파티션 등 28품목 구매,연평부대,(주)씨티원서비스
9724,전기레인지 등 구매 납품,제9196부대,주식회사 에프알코리아
9726,공마대(쟈크형) 등 2품목,제9181부대,세종인터내셔널
9729,"교환날,앞창닦개용 등 2종",해군군수사령부,연응전기상사
9736,쇼바 등 4종,해군제2수리창,동진상사
9740,육성지원금 육군 야전배낭 구매,제51보병사단,(주)테스온
9752,군사훈련용 가방 2종 구매,해군사관학교,이엔테크 주식회사
9758,공기청정기 세트 1개 구매,해군작전사령부,큐브
9763,망사펜꽂이 등 232종,해군교육사령부,권민
9769,군수물자 경량렉 등 5종 구매,제9보병사단사령부,해원산업
9770,누수감지기 등 2종 구매 설치,제8385부대,우수이앤씨주식회사
9771,고압세척기 등 14종 구매,제8385부대,정우종합건자재
9773,구조용 아연도 각관 등 13종,해군작전사령부,케이-부영
9774,포터블 앰프 등 3종,해군작전사령부,주식회사 우영물산
9778,받드(스텐) 등 44종 구매,해군사관학교,성화종합상사
9779,바닥스퀴즈 등 6종 구매,해군사관학교,선진
9780,체계운영유지 물품 구매,육군과학화전투훈련단,주식회사 천광
9786,소프트컷터 등 394종 구매,제8385부대,주식회사 유니엠케이
9792,란소졸 캡슐 30mg 등 50품목,제3283부대,주식회사 플러스팜
9794,청소용 카트 등 23종 구매,자운대근무지원연대,세이프티코리아
9798,통신유지물자 구매,제7016부대,운산상사
9800,격파용 기와장 등 10종,제7001부대,라온상사
9801,4분기통합구매,연평부대,남경케미칼 주식회사
9802,공감의 시대 등 32종,해군군수사령부,엠에스테크
9808,전기 플레이트 그릴 1대,해군작전사령부,마니
9809,성우마을 개선 설치납품,육군상무대근무지원단,두리산업
9810,컷팅매트 등 246종,해군본부,청일산업
9811,취사장 물자 구매 2차,수도방위사령부,피엠코리아
9812,프린트 등 118종,제7001부대,한가온
9813,00부대 흡연부스 설치납품,육군군수사령부,서원컨테이너하우징
9814,날크립 등 216종,해군본부,유림상사
9820,군사훈련용 가방 3종 구매,해군사관학교,주식회사 가방클럽
9821,주물모형(이지스함) 110개,해군본부,씨엠갤러리
9825,(17-169) 문손잡이 등 163품목,공군제18전투비행단,주식회사 이룸
9828,VoIP 교환기 MGW연동카드 도입,제7821부대,주식회사 부림
9841,VoIP 교환기 MGW연동카드 도입,제7821부대,주식회사 부림
9845,반대탭 세트 등 110품목,해군제1수리창,주식회사 유니엠케이
9850,군견(비작전견) 사료 구매,국군재정관리단,조은 주식회사
9853,공기청정기 등 3품목,제9181부대,세진
9854,케찹 등 35종 구매,제9911부대,삼진유통
9861,윤활방청제 등 172품목,해군제1수리창,주식회사 유니엠케이
9862,서모스타트 등 69종,해군제2수리창,동진상사
9867,다목적방탄복(특대),물자계약팀,신우
9868,다목적방탄복(소),물자계약팀,(주)트렉스타
9869,다목적방탄복(중),물자계약팀,신우
9870,다목적방탄복(대),물자계약팀,신우
9876,전자감응식 헤드셋 2종 구매,국군재정관리단,성도교역
9879,Under frame ass'y 등 6종,제5738부대,주식회사 우경엔텍
9880,침실 사물함 문 수선 등 71종,해군군수사령부,퍼스트OA사무가구 우드메탈
9882,추락방지 안전매트 구매,육군본부,"주식회사 슬리테크(SLEETECH Co.,Ltd.)"
9886,신발장 등 39종 구매,제2002부대,(주)유니월드
9893,고강도 PVC몰딩 등 6품목 구매(납기:'17.12.19.),제9691부대,주식회사 지엘엔지니어링
9898,병력동원함 및 부대마크 구매(K-74),제2307부대,청광유통
9901,노랑 시트지 등 158종,공군군수사령부,대현종합기계
9904,RFID 라벨태그등 5종 구매,공군군수사령부,주식회사 퍼펙스
9912,(17-173) 간이초소,공군제18전투비행단,백명종합상사
9919,(17-084)군수처 백령도 4주식 리프트 등 22종,공군 작사예하 방포사예하 제3여단,주식회사 토탈컴퍼니
9920,데티안 니들 등 91종 구매 납품,제9196부대,주식회사 재현약품
9922,줄자 등 205품목 구매 납품,제9227부대,충성센타
9923,야자매트 구매,제9해병여단,시온 지앤피(G&P)
9924,알루미늄프로파일 등 203종,제5738부대,(주)디에스인프라
9925,Defibrillation electrode 등 42종,제5738부대,수메디칼
9927,사무용도품 359종(11월),해군 기동함대사령부,주식회사우정상사
9928,헌병완장 등 00종 구매,국방부근무지원단,(주)성원
9929,00대대 자동누유감지기 설치납품,제2167부대,(주)엔케이투
9930,유지물자(전기 취반기) 구매,제7789부대,주식회사 이음
9934,파노라마식 망원경,기동화력계약팀 (구:19.09.16),(주)우경광학
9935,물풀 등 140종 구매,제8385부대,세광철물
9936,상검시약 24종 구매(6차),제9보병사단사령부,주식회사 한스피엠아이
9937,플라스틱 제본링 등 206종,해군본부,알파
9940,개스킷 등 4품목,해군제1수리창,남부상사
9941,4분기 운동용품(복싱 등 11종목) 구매,국군체육부대,명지사
9944,스피드 디스플레이 설치납품,육군3사관학교,충성센타
9947,점프스타트 등 6종 구매,제3170부대,충성센타
9950,아스테이지 등 97종 구매,합동군사대학교,에이치아이티 주식회사
9954,휴대용 포토스크린 등 5품목 구매(납기:'17.12.22.),제9691부대,길상산업
9957,철문용도어록크 등 155종,제7001부대,찰스인코리아
9958,쿨키스 등 16종,제7001부대,(주)석호약품
9968,세면기 등 29종 구매,제20전투비행단,아름종합상사
9971,이동용 집진기 등 11종,제5738부대,헵시바상사
9976,정비피복 구매,제5897부대,국제안보상사
9979,17-절연내력시험기 등 2종 구매,국군재정관리단,유메이드
9983,볼베아링,일반장비계약팀 (구:19.09.16),예지정밀
9984,다목적세정제 구매,제3170부대,대한엔지니어링 주식회사
9988,자세교정기 500개 구매,해군사관학교,대성
9990,전문자료검색대 3종 구매,해군사관학교,유시스
9991,수성펜 등 73종,재경근무지원대대,주식회사 유진포유
9992,17-292 1인용 DVD 열람소파 등 9종,공군사관학교,예림플러스
9993,00부대 UPS 콘덴서 설치납품,제3707부대,국민전력주식회사
9997,아이젠 구매,제8385부대,세광철물
10004,(조달)3훈비 입력PLC 카드 등 3품목(17-4-307)구매,제3훈련비행단,효원
10005,옷걸이 등 17종 구매,제8385부대,영동문구센타
10008,옷장 문 수선 등 9종,해군군수사령부,아라날
10009,방진마스크 등 969종 구매,제2002부대,인디컴
10014,알루미늄 판 등 4종 구매,제9911부대,공리사
10015,17년 물류혁신 물자 구매,수도방위사령부,정평테크
10016,2공 이동펀치 등 79종,재경근무지원대대,이스트트레이딩
10017,신발장,재경근무지원대대,인향페이퍼
10025,천장표찰 등 176종,해군작전사령부,인터쿡
10026,취사식당 화재방지용 소화기 구매,제9보병사단사령부,한가람아이엔시
10028,아스테이지 등 483종,해군작전사령부,미래유통
10029,클리어화일 40P 등 80종 구매,해군사관학교,주식회사 태촌실업
10030,치약,해군군수사령부,와이엠아이 주식회사
10031,이불커버 등 7종 구매,해군사관학교,하엘침장
10036,공기청정기 등 4종 구매,공군미사일방어사령부,(주) 웰콤
10038,엑셀 페달 등 343종,공군군수사령부,희망테크
10040,(17-세-011) 청파 12동 씽크대 교체,공군제18전투비행단,현재산업
10049,수저세트 등 260종(11월),해군 기동함대사령부,주식회사 대창
10051,고압세척기 등 312종 구매,해군제3함대사령부,(유)목포신도digitalOA
10062,정보보호필름 등 183종,해군본부,알파
10068,스텐국그릇 구매,제3170부대,SH유통
10090,평솔붓 등 48종 구매,제9911부대,시대종합전기(주)
10091,이발가운 등 29종 구매,제9911부대,포유테크
10092,스파크 등 97종 구매,제9911부대,명테크
10094,트라디오 수성펜 등 165종 구매,제9911부대,오피스넥스(의정부점)
10095,팝업 디스펜서 등 213종 구매,제9911부대,현대기업
10099,물류관리 라벨 등 120종 구매,제9911부대,파주차일드
10106,통제분석 프로그램 설치 외 6종 구매 설치납품,제3697부대,(주)다올씨앤씨
10108,GOP 다용도 방호벽 구매,제15보병사단,영진
10121,철띠 등 85종 구매,해군제3함대사령부,동서종합상사
10122,"시일, 밀봉형 등 22품목",해군제1수리창,삼동유통상사
10129,종이박스 등 268종 구매,제8385부대,비시루상사
10130,믹서날 등 120종 구매,제8385부대,대광종합상사
10131,포맥스 등 13종 구매,제8385부대,삼동유통상사
10134,번호 보조키(근-17-134),공군작사근무지원단,현대기업
10136,스킨 등 61종 구매,제9911부대,무릉도원
10147,개스킷 등 9종,해군군수사령부,세현종합상사
10148,실링 콤파운드 등 9종,해군군수사령부,세현종합상사
10149,조정 유니트 1종,해군군수사령부,국제전기
10151,스캐너(앱손 DS-530) 등 7항목 구매(물자),육군군수사령부,주식회사 가온산업
10152,실링콤파운드 15KIT 구매,제20전투비행단,주식회사우정상사
10153,"계기, 조도 측정용 구매",제20전투비행단,(주)동건
10157,피복(위병/위장/정비복) 구매,제3707부대,주연ICT
10166,1센터 하드웨어(퀀텀 스칼라) 구매,국방통합데이터센터,(주)오에스에스랩
10172,다용도앰프 등 362종,제5738부대,일월종합상사
10180,다목적 트랙로더 구매,제5897부대,밥캣 강원/경기동부지점
10186,"항-17-068, 069 진공체결바늘 등86종",공군사관학교,MS메디칼
10190,하니컴 골판지 구매,제3170부대,성도기업
10193,간부 신형우의,제1989부대,만물마차
10198,도마 등 36종 구매,제9911부대,시온기획
10199,뮤직 소브 4종 구매,해군사관학교,삼일
10202,디지털도어락 등 249종,해군작전사령부,성화종합상사
10203,00부대 후반기 통신운영용품 구매,제1363부대,JH컴퍼니
10205,조리도구 구매,제7보병사단,주식회사 천광
10211,스탠드 등 196종,해군본부,아름종합상사
10215,동축커넥터 등 11품목,제9181부대,은명사
10217,순간접착제 등 216품목,제9181부대,펜코리아(디오피스)
10219,태극기 등 15품목,제9181부대,그레이스
10227,"솔레노이드,전기식 1종",해군군수사령부,메트로마린서비스
10228,청력계 자동식 2EA,해군군수사령부,(주)플러스모던
10229,17-3차 동명부대 재보급물자 해상수송,국군수송사령부,선진로지스틱스(주)
10234,17-276 정모 등 2종,공군사관학교,삼진제모(주)
10238,주방화재용 K급 소화기 구매 계약,제6보병사단,주식회사진도아이비에스
10244,반자동 크러셔 등 8품목 구매,제36보병사단,안보종합상사
10263,더블클립 등 220종,해군본부,유림상사
10265,브이밸트 등 8품목,해군제1수리창,영동상사
10268,"훈련용품(농구부 파카,수영부 스타트대) 구매",국군체육부대,명지사
10275,K급 소화기 구매,제7보병사단,주식회사 천광
10276,적외선 야간 투시경 구매,제9911부대,경기종합상사
10278,청통 등 28종,제7001부대,(주)원진
10282,다보 액자 등 4종 구매,해군사관학교,삼일상사
10283,우레탄 스노우 체인 등 41종 구매,제9911부대,재재유통
10290,발열조끼 등 4종 구매,제9911부대,제이유통
10292,허리쿠션 겨울시트 등 13종,제7001부대,참조은
10294,모바일 상품권 구매,제1363부대,주식회사 엠트웰브
10306,00부대 주방용 세재 등 0종 구매,제1363부대,비테크코리아 주식회사
10313,전자파제거용 필름 등 93종 구매 납품,제9196부대,일건
10327,셔터형 자물쇠 구매,제3170부대,주식회사 부산골재
10328,유성매직 등 74종 구매,제8385부대,티씨씨엔지니어링(주)
10329,아보다트연질캡슐 등 84종,해군교육사령부,윤진메디칼주식회사
10330,체스터 서랍 수선 등 4종,해군군수사령부,아이테크
10331,옷장 문 수선 등 4종,해군군수사령부,주식회사 서진컨설팅
10332,8인용 테이블 상판 수선 등 8종,해군군수사령부,삼일상사
10334,물먹는 하마 등 32종 구매,제9911부대,명테크
10341,전자유도 골프카 구매,제9691부대,한창CM
10342,사병 동행사복 등 6종 구매,해군군수사령부,세명개발 주식회사
10343,"백,섬유제 등 1항목 구매(기장)",육군군수사령부,와이티원
10344,17-3차 00체계 전산운용품 구매,국군재정관리단,동명이앤엘
10353,수저 등 9품목,제9181부대,주식회사 태광케미칼
10359,행사용 칠피단화 등 2종,해군군수사령부,주식회사 이안제화
10360,계룡스파텔 카트 등 9종 구매,육군인사사령부,정윤산업
10362,동래부순절도(모사도) 제작,해군사관학교,한국전통채색화협회
10364,외곽담장 디자인휀스 구매,국립서울현충원,도아기업 주식회사
10366,외곽담장 디자인휀스 구매,국립서울현충원,도아기업 주식회사
10367,스텐봉등14종구매,육군종합정비창,주식회사 강대영장갑
10384,벽걸이선풍기 등 32종 구매,제9911부대,문장유통
10386,스탠드 필통 등 578종 구매,제8385부대,알파동해점
10387,알루미늄자 등 233종,해군본부,엠에스테크
10389,습기제거제 구매,제9911부대,강일에스티
10391,초음파 식기세척기 등 2종 구매,육군과학화전투훈련단,주식회사 광진
10392,크레오신티 외용액 등 64종,제7001부대,주식회사 한스피엠아이
10395,솜베개속 등 2항목 구매(물자),육군군수사령부,오앤오
10396,"계기, 전계 강도용 구매",제20전투비행단,탑계측기
10400,학군단복,물자계약팀,주식회사 동곡
10408,유입식 천공기 등 9품목 구매 납품,제9227부대,충성센타
10409,전술지휘소 통신자재(POE switch 등 7종) 구매,국군재정관리단,주식회사에스비정보기술
10413,양지다이어리 등 13품목 구매 납품,제9227부대,주식회사 대창
10418,계룡스파텔 호텔용품 (로션 등 200종) 구매,육군인사사령부,주식회사 윈에스테크
10422,통로개척용 문틀 제작 구매,제9911부대,금성기업
10427,사무용가위(AC-003) 등 540종,해군작전사령부,오피스브릿지
10428,리빙우드 등 68종,해군작전사령부,나우통상
10429,투명 D링 바인더 등 188종,해군작전사령부,큐브
10435,고체풀 등 403종 구매,제8385부대,대광종합상사
10439,트레이식판 등 35종,제7001부대,주광유통
10442,(17-1121)도어록외 74품목,공군제17전투비행단,에스엠씨
10443,아령 등 48종 구매,해군제3함대사령부,동서종합상사
10446,"체인, 용접식 1종",해군군수사령부,백산
10450,수압(부력)시험기 1EA,해군군수사령부,유메이드
10453,바이트릴50주 등11항목 구매(해파),육군군수사령부,엠앤에스코리아
10454,고도계-기압계 아네로이드식 구매,육군군수사령부,제이엔티주식회사
10455,크랭크케이스 등 12종,해군제2수리창,슈플라스
10470,2017년 민간기공소 이용비 2차 구매,국군의무사령부,민치아 치과기공소
10473,"잉곳, 주석-청동용 등 6품목",해군제1수리창,삼동유통상사
10474,금고 구매,해군교육사령부,대하종합상사
10478,링 제본기 등 5종 구매,해군제3함대사령부,성수
10481,영현백 구매,제3170부대,울진규사
10483,인식표용 튜브 및 고무링 구매,제3170부대,울진규사
10486,바둑알 등 252종,재경근무지원대대,에이스컴퍼니
10493,염화칼슘 구매,제9911부대,금호전기조명(주)
10495,순항훈련전단 화보집 제작,해군사관학교,고려씨엔피
10497,17년 육군 정복 초도 경쟁분,물자계약팀,희림상사
10502,점프스타트 등 7품목 구매 납품,제9227부대,한국조달산업
10504,상ㆍ하차 컨베이어 구매,제1군수지원사령부,아이랜드
10506,UPS 콘덴서 구매설치(교체포함),국군재정관리단,대한전력전자주식회사
10509,앵클 트랙션 등 7종,제5738부대,MK메디칼
10511,17년 육군 근무복 초도 경쟁분,물자계약팀,희림상사
10512,접촉핀 등 19종,공군군수사령부,지비아이 코리아 (GBI KOREA)
10514,덤벨 등 3종 구매,제3170부대,베스트ENG
10515,"예비군 총기 손질 및 정비실 납품(117-3, 118-1)",제6128부대,벧엘사
10521,주물모형(이지스함) 100개,해군본부,씨엠갤러리
10526,Lexmark 전사벨트(정품) 등 46항목 구매(물자),육군군수사령부,하나실업
10538,국가기술자격 시험재료 00종 구매,육군 제1군단,피엠코리아
10541,고무판 등 2품목,제9181부대,동진기업
10543,쌍화탕 등 119종 구매,제9911부대,제이메디케어
10544,C-arm cover 등 236종,제7001부대,삼우메디칼(주)
10545,당수롱과립 등 148종,제7001부대,주식회사 한스피엠아이
10554,4분기 발간재료 구매,제3707부대,홍원
10563,국가기술자격 실습재료비 000종 구매,육군 제1군단,명테크
10564,사무용가위 등 547종 구매,제8385부대,비시루상사
10573,내장형SW 개발도구 구매,육군종합정비창,주식회사 에이치투엘테크놀로지
10574,수축튜브등74종구매(항정단),육군종합정비창,수기전자
10575,17년 공군 사병 근무복 체촌,물자계약팀,희림상사
10576,사향산 중계소 모노레일 설치납품,제5군단사령부,JH컴퍼니
10577,00지역 제설제 구매,자운대근무지원연대,신정상사
10584,4주식 리프트 구매,국군재정관리단,아누바이오
10587,대형버스 어셈블리 등 106품목,제9해병여단,주식회사 형제공구사
10588,슈커버 등 1164종,제5738부대,포항케이피엘(KPL)
10590,사무용도품 575종(10월),해군 기동함대사령부,주식회사우정상사
10599,펄스생성기 구매,제20전투비행단,(주)샤인아이엔씨
10607,원목결재함 및 책꽂이 등 114종 구매,제9911부대,경기종합상사
10612,소리함 등 147종 구매,해군제3함대사령부,동서종합상사
10615,타이머 등 55종,재경근무지원대대,진원
10618,마대 등 8품목,제9181부대,조이나라
10619,공기청정기 등 5품목,제9181부대,서윤산업
10626,표면오염도 검사기 등 2종,해군군수사령부,주식회사 한스피엠아이
10630,조정 유니트 1종,해군군수사령부,국제전기
10638,(재)조달(수리)요구서(17-804)밀링머신수평식평면형,공군제5공중기동비행단,(주) 건영패밀리
10644,세척건 등 135종 구매,육군종합정비창,주식회사 동양프랜트산업
10645,에어호스 등 116종 구매,육군종합정비창,주식회사 복은
10659,지우개 블루 등 96종,해군교육사령부,아이테크
10662,"봉합재,기계식 등 9종",해군군수사령부,미래상사
10678,알루미늄판 등 31종,해군제3함대사령부,정수기&커피플러스
10684,"소변기,고정식 1종",해군군수사령부,미래상사
10688,혈액검사 시약 등 54종 구매 납품,제9196부대,이레메디칼
10692,갤럭시 탭 액티브 등 4종,제5738부대,주식회사 삼론
10697,스피드게이트 구매 및 설치,공군작사근무지원단,대주씨앤에스 주식회사
10700,17-248 스퍼드 등 126종,공군사관학교,그린종합사무기
10701,물티슈 등 600종 구매,제2002부대,앨리스앤코
10702,고체풀 등 169종,해군본부,드림으뜸상사
10710,상무대 수로관 안전휀스 설치납품(위임),육군상무대근무지원단,지엠에스
10711,강철조각 1종,해군군수사령부,홍원
10714,에어타카 등 4종,해군군수사령부,주식회사 태촌실업
10715,원통 슬라이드 구매,해군교육사령부,예광
10716,색띠라벨 등 267품목,제3283부대,서원
10717,평지용 예초기 등 6품목,제9181부대,유노상사
10718,잠수복 위장용 1종,해군군수사령부,주식회사 만구
10721,탑승형 전동건식 청소차(미스트분무형포함)구매,국방부계룡대근무지원단,(주)성보하이드로엔지니어링
10726,미세먼지방지용 마스크 구매,국군재정관리단,(주)쓰리디시스템즈코리아
10735,라메졸 캅셀 등 101종,제5738부대,주식회사 한스피엠아이
10736,사무용도품 143종(9월),해군 기동함대사령부,주식회사우정상사
10737,홍송 등 5종,해군군수사령부,유메이드
10738,개스킷 등 33종,해군군수사령부,주식회사 랩터스
10740,조달 299 만능재료시험기,공군제19전투비행단,천만상사
10745,"변환기, 신호자료용 145EA",해군군수사령부,주식회사 엠바이지
10747,대형 건조기 철거 및 설치 납품,국군수도병원,동양택크린
10750,브롬핵신 등 149항목 구매(해파),육군군수사령부,주식회사 서경약품
10751,00부대 본청 연병장 트랙 설치납품,특수전사령부,주식회사 영일에이치앤티
10760,보오스코우프 키트 구매,국군재정관리단,(유)목양
10762,컴프레샤 등 10종,제5738부대,드림오피스
10764,멜커 카테터 킷 등 79종,제5738부대,수메디칼
10767,주철 1종,해군군수사령부,동우철강(주)
10769,수중본드 등 9종,해군군수사령부,(주)디에스인프라
10774,민군물자(각재 등 00종) 구매,제7789부대,금호전기조명(주)
10776,정보발간전파 재료 구매,육군본부,주식회사 삼원
10781,테이블터럭 등 5종,해군제2수리창,고덕종합상사
10784,작전물자구매 및 도쟈방탄탑 설치납품,육군 제1군단,주식회사 삼론
10787,손목시계 구매,제9181부대,(주)바로컴
10789,흡연부스 구매,제9181부대,공후
10794,손세척대 구매,해군군수사령부,한국케이엔티(주)
10795,"천연방충탈취제 8,071EA",해군군수사령부,JH컴퍼니
10796,소형진동다짐기 등 3종,해군군수사령부,대현종합기계
10800,콤프레셔 등 2품목 구매,제36보병사단,ADN
10815,스로틀 서보 등 31종,공군군수사령부,주식회사 미래정밀
10821,변압기 등 6종,해군군수사령부,국제전기
10826,예비군 총기손질정비실(SET) 구매,육군 제37보병사단,주식회사 국토
10834,모자 등 5품목 구매,제9691부대,HS시스템
10836,거상형 휠체어 등 6종,제7001부대,MK메디칼
10837,제인연감(Fighting Ship's 2017-2018 등 4종),해군본부,한국서점
10843,원추형 풍속기 등 12항목 구매(물자),육군군수사령부,서윤산업
10848,파병부대 컴뱃셔츠 등 0종 구매,제7789부대,두스포츠종합상사
10851,소화기4종구매,국방출판지원단,(주)씨티원서비스
10854,부직반창고 등 60종 구매 납품,제9196부대,제이팜주식회사
10859,(17-1114)쇄석외 2품목,공군제17전투비행단,그린종합사무기
10865,20ft Dry container 등 2종,해군작전사령부,코리아마린
10867,강철조각 1종,해군군수사령부,우수이앤씨주식회사
10870,탈부착식 팽창튜브 구매,제2002부대,카라인터내셔널
10873,접기3.2MM 등 13종,해군군수사령부,동우철강(주)
10874,우단 등 5종,해군군수사령부,더블에이치
10879,넥타이(숙녀용) 등 2종,해군군수사령부,주식회사 성우팜
10881,의장대 행사헬멧 등 2종 구매,제3170부대,성도기업
10885,00부대 SMC 물탱크 구매,육군과학화전투훈련단,안보종합상사
10886,플라스틱링 등 240종,해군교육사령부,동아스포츠
10887,손코팅필름 등 253종,해군교육사령부,한가온
10888,페이퍼 타올 등 38종,해군군수사령부,동부특수지앤에스주식회사
10893,선회/이중창 등 29종,해군제3함대사령부,정수기&커피플러스
10904,에어건 등 33항목 구매(물자),육군군수사령부,세신공구
10906,포스트지 등 148종,제7001부대,한가온
10907,방안자 등 215종 구매,제8385부대,영동문구센타
10911,곤색 원단 등 78종,해군군수사령부,주식회사 태촌실업
10913,종이박스 등 15종,해군군수사령부,(주)재성
10914,육군표식(ROKA) 부착 계약,제7보병사단,대성
10917,표백제 등 14종,제7001부대,효원
10920,거북선 모형 1척 구매,해군사관학교,주식회사보승글로벌
10922,두정갑주 등 3종 구매,해군사관학교,주식회사우정상사
10923,디스크전극세트 등 12품목,해군제1수리창,정우종합건자재
10924,라바콘 등 4종,제7001부대,한성
10925,(육성) 거제 신형 디지털방탄조끼 구매,제6128부대,주식회사 나루지엠에스
10926,고무주차블럭 구매,제9911부대,리엔텍
10932,고무판 등 281품목,제9181부대,미컴퍼니
10934,가위 등 213종,해군제2수리창,주연ICT
10937,00월력 제작,제9965부대,대광그래픽스
10943,게이지 압력측정용 등 95항목 구매(물자),육군군수사령부,금문상사(주)
10945,00부대 600W 전관앰프 설치납품,특수전사령부,자이로넷주식회사
10947,탄입대,물자계약팀,한일피복공업(주)
10949,야전배낭,물자계약팀,주식회사 한웅
10950,탄입대,물자계약팀,한일피복공업(주)
10951,마봉강등17종구매,육군종합정비창,울산철강상사
10953,마봉강등34종구매,육군종합정비창,동부특수지앤에스주식회사
10964,사진인화지 구매,제9해병여단,한국 엔케이 주식회사
10965,익스팬션 조인트 등 101종,해군군수사령부,(주)원진
10980,2017년 소화기 구매,국군의무사령부,(주)오일금속
10991,섬유 탈취제 등 18품목,제3283부대,한성산업
11001,17년 공군 사병 근무복 원단,물자계약팀,주식회사 아즈텍더블유비이
11005,메모홀더 등 672종,제5738부대,드림오피스
11011,17년 공군 사병 근무복 원단,물자계약팀,주식회사 아즈텍더블유비이
11012,17년 공군 사병 근무복 원단,물자계약팀,주식회사 아즈텍더블유비이
11013,PRC-77 안테나 3항목 구매(통신),육군군수사령부,주식회사 프로씨스콤
11016,자동신장 및  체중계 구매,해군사관학교,한길
11017,레일커튼 구매 및 설치,해군교육사령부,권민
11019,가정용 재봉틀 등 2종 구매,제9911부대,알레그리아
11020,4주식 8톤 리프트 등 5종 구매,국군재정관리단,만나기획
11021,FUEL FILTER 등 30품목 구매(연평),연평부대,카라인터내셔널
11026,디옥타헤드랄액 등 26항목 구매(해파),육군군수사령부,주식회사 이레팜
11032,(17-139) X-선 필름 수동현상기 등 2건,공군제18전투비행단,키락디지털
11034,골프체세트 구매,제9227부대,제이제이유통
11035,실로폰 등 4품목 구매 납품,제9227부대,아누바이오
11036,멀티건 타카 등 290품목 구매 납품,제9196부대,희망플러스
11037,자동에어릴 등 53품목 구매 납품,제9227부대,대명상사
11046,(조달)3훈비 마른날 등 87품목(17-3-270)구매,제3훈련비행단,권민
11052,사격장 피탄지 고무판 교체,제3283부대,(주)은산
11053,충전용 예초기 등 12품목,제9181부대,중앙
11054,페이퍼 홀더 등 35품목,제9181부대,주식회사 실테크
11059,월동준비 자재 구매,제3보병사단,SS종합상사
11061,전장관정보체계(KJCCS) 소모품 구매,제1891부대,다온
11064,컷터기 등 46품목 구매 납품,제9227부대,미니비니유통
11071,조달(수리)요구서(17-778)Genian Policy 등 2종,공군제5공중기동비행단,경북상회
11072,근무조끼 등 45종 구매,제9911부대,주연ICT
11074,월동자재(염화칼슘 등 4종)구매 / 운반비포함,국방부계룡대근무지원단,에스엘(SL)상사
11075,바 테이블 등 8종 구매,제8385부대,대광종합상사
11081,후라이팬 등 110종,제7001부대,이지테크
11083,국기검 실습재료 60종 구매,육군 제1군단,수지홈&테크
11084,플러스펜 등 212종,해군교육사령부,구룡종합상사
11090,에어 컴프레셔 구매,해군교육사령부,선진
11093,방진마스크 등 13종 구매,제8385부대,신우기업(주)
11095,암막커텐지 구매,제3170부대,대경산업
11099,에어호스등47종구매,육군종합정비창,선우상사
11100,천마커버등2종구매,육군종합정비창,에이치에스테크
11101,다련장 튜브등4종구매,육군종합정비창,효은산업
11103,황산등5종구매,육군종합정비창,삼일이화학상사
11104,아질산나트륨등8종구매,육군종합정비창,삼일이화학상사
11105,메칠이소부칠케톤등13종구매,육군종합정비창,삼일이화학상사
11106,레진등4종구매,육군종합정비창,마창케미칼 주식회사
11108,방독마스크등130종구매,육군종합정비창,가나안테크
11123,"연습용 골프공 10,000EA",제7001부대,스타CNS
11128,DVD플에이어 등 203품목 구매,제9691부대,모든장식
11133,화재감지기 등 2종,해군군수사령부,앤드텍(ANDTech)
11138,노우즈 컵 등 643종,해군군수사령부,하나유통
11145,백열등 등 4품목,해군제1수리창,(주)동건
11148,정복 견장 등 16종,해군교육사령부,제일유통
11149,수영복 등 5종,해군교육사령부,경남테크
11150,지휘근무자(소대장) 기장 등 17종,해군교육사령부,한길
11153,17년 총기수리 3차,국군체육부대,프리모션(Free motion)
11156,수직천공기 1EA,해군군수사령부,(주)플러스모던
11158,LCR미터 3EA,해군군수사령부,주식회사 에어로닉스
11163,로크웰경도기 3EA,해군군수사령부,(주)부경럭키
11174,2017년 레일형커튼 구매,국군의무사령부,주식회사 가림
11175,2017년 레일형커튼 구매,국군의무사령부,주식회사 가림
11176,2017년 레일형커튼 구매,국군의무사령부,주식회사 가림
11183,작전용 헤드폰 3종 구매,국군재정관리단,지와이테크놀리지
11188,2017년 레일형커튼 구매,국군의무사령부,주식회사 가림
11194,국방레스텔 버티컬 설치 납품,국방부근무지원단,주식회사성우당
11196,조달(수리)요구서(17-776)[보급]인화점 시험기,공군제5공중기동비행단,영성기업사
11198,원고지 등 148종 구매,제8385부대,(주)동건
11199,DVD(얼굴도둑 등 60종) 구매,제8385부대,영동문구센타
11200,짤순이 등 2종,해군교육사령부,나우통상
11201,SAP 3D Visual Enterprise Author 9 구매 및 설치,해군교육사령부,영성기업사
11203,스윙도어 등 87종 구매,제9911부대,이에이치서비스
11204,헤라 등 105종 구매,제9911부대,태양
11205,17-226 책가방 등 4종,공군사관학교,뉴산들 주식회사
11209,메인 컨트롤 박스 1종,해군군수사령부,세림상사 주식회사
11213,구리양극봉 등 3종,해군군수사령부,와이티원
11218,17-229  베개 등 2종,공군사관학교,주식회사 한일시티코리아
11219,17-226 책가방 등 4종,공군사관학교,뉴산들 주식회사
11227,K1스트랩등34종구매,육군종합정비창,현대정밀가스켓
11231,2.5톤 와셔등20종구매,육군종합정비창,현대정밀가스켓
11235,다목적굴착기 받참대구매,육군종합정비창,금강특수산업 주식회사
11237,매트 등 41품목 구매 납품,제9227부대,효경상사
11238,마대자루 등 6품목 구매 납품,제9227부대,동아유통
11247,"페룰,압축용,튜브이음용 등 6종",해군군수사령부,누리
11249,백업관리체계 저장매체 구매,4284부대,시온하이텍
11250,(17-1109)강화도어손잡이외 156품목,공군제17전투비행단,그린종합사무기
11253,삼정검(부수기재 포함),유도무기계약팀 (구:19.09.16),한국도검
11258,00병원 흡수식 냉동기 구매설치,국군재정관리단,주식회사 만구
11260,헬멧부속재,물자계약팀,삼부산업 주식회사
11264,적외선 온도계 등 3종 구매,제9911부대,월드비젼
11274,국자 등 14품목,제9181부대,조인
11276,충격 흡수 안전매트 구매,제9691부대,(주)호형이엔지
11278,아세트아미노펜 등 47항목 구매(해파),육군군수사령부,주식회사 이레팜
11282,K-55 리테이너,기동화력계약팀 (구:19.09.16),비씨아이 주식회사
11287,방탄고글(특전사) 1항목 구매(물자),육군군수사령부,와이상사
11295,고압 압축링 등 8종,해군군수사령부,조강테크
11301,보관함 등 27종 구매,해군제3함대사령부,(유)목포신도digitalOA
11306,브리핑체계 등 네트워크 운영용품(171종) 구매,국군재정관리단,(유)목양
11308,초음파 세척기(총기해체부품 세척용) 구매설치,국군재정관리단,주식회사 중앙유앤아이
11311,보관함 등 27종 구매,해군제3함대사령부,(유)목포신도digitalOA
11314,"면봉, 소화기용 등 3항목 구매(궤도)",육군군수사령부,주식회사 가나
11316,딱풀 등 124종 구매,제8385부대,광장서점문구
11319,레포트화일 등 94종 구매,제8385부대,(주)동건
11325,계룡스파텔 주방기기 구매,육군인사사령부,주식회사 엘앤케이
11327,"계기, 전기 강도용 구매",제20전투비행단,탑계측기
11328,TA-512KA,통신장비계약팀 (구:19.09.16),한국전기통신주식회사
11329,(육성) 통영 단안형 야간투시경 17개 구매,제6128부대,마니
11331,부분순간냉각제등22종구매(항정단),육군종합정비창,삼일이화학상사
11337,톤마대 등 91종 구매 납품,제9196부대,금성
11350,주소용라벨 등 93종,해군교육사령부,영성기업사
11356,주파수 상향 변환기(BUC),제9912부대,클릭바이 엠알오
11362,수저세트 등 9품목 구매(연평),연평부대,(주)씨티원서비스
11368,제설제 2종 구매,제20전투비행단,주연ICT
11369,"축계,가용성 등 19종",해군제2수리창,동진상사
11370,크랭크 케이스 등 12종,해군제2수리창,주식회사 포승유통
11372,MIMS 운용품 구매,제3707부대,유진시스템
11378,디지털 사이니지 구매설치,육군학생군사학교,그린종합사무기
11379,(17-복-032) 라지패치병 살균제 등 3품목,공군제18전투비행단,서울유통
11383,항만운영 안전용품(라싱케이지) 구매,국군수송사령부,대성
11388,아이스박스 등 32종,해군작전사령부,영화상사
11390,깃대 등 2종 구매,제3170부대,SH유통
11391,화물자동바 등 3종 구매,제3170부대,주식회사 그린이지
11397,해충퇴치기 등 11종 구매,제2002부대,범원실업
11402,000 안전성 검증체계 HW 구매,국군재정관리단,노드정보기술(주)
11403,000 안전성 검증체계 SW 구매,국군재정관리단,주식회사 명장포렌식
11405,17년 00부대 기능실 대형전시체계 구매 및 설치,국군재정관리단,주식회사 세오
11406,"보정액,항공기 연료체계 구성품용 1종",해군군수사령부,미래상사
11418,콤프레샤 등 4품목 구매,제9691부대,경기종합상사
11419,"샤워 타월 9,300PG",해군군수사령부,베스트ENG
11420,도로획선기 4EA,해군군수사령부,대현종합기계
11421,범퍼 등 2종,해군군수사령부,창진ENG(주)
11422,00부대 출입통제체계 개선,특수전사령부,미래정보산업(주)
11425,17년 여군 정복/근무복/임부복,물자계약팀,희림상사
11432,공기먼지계수기 구매,제20전투비행단,(주)에스티앤비
11435,유증기 감지기 1종,해군군수사령부,세종상사
11436,워터링 등 9종,해군군수사령부,와이티원
11438,무선주파수 시험세트 등 2종 구매,제20전투비행단,에이디링크
11439,전자발생기 3EA 구매,제20전투비행단,주식회사 에이치투엘테크놀로지
11456,오링 등 38품목,해군제1수리창,(주)동건
11462,전투조끼 구매,제9181부대,영화산업
11463,전술지혈대 등 24종,해군작전사령부,주식회사 메디시온
11479,17년 모르타르 2종 구매,국군재정관리단,주식회사 브이매트릭스
11483,핸드드라이어 등 2종,재경근무지원대대,이에스지무역 주식회사
11486,학습프로그램 구매,해군사관학교,(주)모아소프트
11487,v-벨트 등 16종,해군제3함대사령부,대건상사
11489,옷걸이 등 24종 구매,제9911부대,하나실업
11491,방충망(신규제작)구매,제9911부대,한창CM
11494,열쇠 350A 등 112종,해군교육사령부,서플라이 플러스
11496,레이저 각인기 1EA 구매,제9121부대,대하종합상사
11504,스테인리스 주름관 등 145품목,제9181부대,동양사
11505,수전/벽샤워기 등 26품목 구매,제9691부대,경기종합상사
11526,00부대 간부숙소 디지털 도어락 설치납품,제5군단사령부,주식회사 삼론
11537,이동식 공조기 등 2종,해군작전사령부,휴먼컴퍼니
11538,OMR 스캐너 1대 구매,해군작전사령부,영성기업사
11540,포스트 잇 파업 리필용 등 289종,해군작전사령부,비전코리아
11545,무선중계기 등 2종 구매,제36보병사단,첨단정보통신  주식회사
11550,보호견출지 등 233종,해군본부,주식회사 엘케이테크
11554,말벌 방호복 세트 3벌,제7001부대,대성
11556,"교환날,앞창닦개용 등 2종",해군군수사령부,세종상사
11557,오-링 등 19종,해군군수사령부,에이스철물건자재주식회사
11558,지우개 등 160품목,제9181부대,모두라운드
11561,회의용테이블 등 4종,제7001부대,퍼스트OA사무가구 우드메탈
11568,17년 간부 정복/근무복(보충),물자계약팀,주식회사 무궁화용사촌에프앤씨(F&C)
11570,현창 등 12품목,해군제1수리창,금성종합상사
11572,변압기 등 3종,해군군수사령부,국제전기
11579,00부대 체계운영유지 물품 구매,육군과학화전투훈련단,주식회사 이룸
11584,보관함 등 19종 구매,해군제3함대사령부,(유)목포신도digitalOA
11587,17년 후반기 6.25 전사자 유전자검사 시약재료 구매,국군재정관리단,(주)한국유전자정보연구원
11588,빔프로젝트 램프 18종 구매,국군재정관리단,(유)글로리아
11590,인화기 구매,공군군수사령부,인산시스템
11591,라벨지 등 46종 구매,제9911부대,준 인터네셔날
11595,자석제침기 등 27종 구매,제9911부대,금강아이티
11596,모기퇴치기 등 25종 구매,제9911부대,주식회사 티앤제이커뮤니케이션
11599,"와이어, 전기용",해군제1수리창,영동상사
11602,축구골대 구매,제3283부대,HS시스템
11603,DVR 등 8품목 구매,제3283부대,청진유통
11604,예비군부대기 구매,제3283부대,(주)모던애드
11611,와이프용 구동유니트,일반장비계약팀 (구:19.09.16),다산기공(주)
11615,00부대 예비군총기 진공포장 박스 구매,육군 52보병사단,주식회사 삼론
11617,솔등30종구매,육군종합정비창,21세기 산업
11618,17년 155밀리 모의적재훈련탄 등,유도무기계약팀 (구:19.09.16),삼호정밀
11620,창고 적치대 구매,제1891부대,제이엠(J·M)
11633,제제목 등 7종,해군제2수리창,국제안보상사
11639,폴리 등 71종,해군제2수리창,지니종합상사
11650,잠바류,물자계약팀,주식회사 주연어패럴
11652,슈퍼크린(지혈밴드) 등 55종,제5738부대,제이&제이상사
11653,Bellucci suction tube 등 9종,제5738부대,MK메디칼
11668,"문화상품권(10,000원) 구매",해군본부,효원
11680,17년 해머류,물자계약팀,대성기업
11681,야전배낭,물자계약팀,주식회사 한웅
11685,전투조끼류,물자계약팀,삼덕상공(주)
11688,예비군 부대기 등 2품목,제9181부대,JH컴퍼니
11691,감지센샤 등 3종,해군군수사령부,태양전자
11692,"축압기,유압식 1종",해군군수사령부,방주유압
11693,"변환기,신호자료용 등 4종",해군군수사령부,제일테크
11697,회로판 5EA,해군군수사령부,디케이상사
11698,17년 포제계급장,물자계약팀,주식회사 킴블스
11701,아라미드등2종구매,육군종합정비창,CL테크
11705,사무용도품 622종(8월),해군 기동함대사령부,주식회사우정상사
11709,방한모자 등 5품목,제9181부대,바인시스템
11711,"지시기,차등압력 등 2종",해군군수사령부,세종상사
11712,개스킷 등 13종,해군군수사령부,메트로마린서비스
11734,지퍼마대 등 40종 구매,해군제3함대사령부,동서종합상사
11739,"신형야전깔개/롤,주름형",물자계약팀,중운수지
11740,독서대 등 328종 구매,제8385부대,오피스상사
11741,2공 펀치 등 240종,해군본부,주식회사 에스제이상사
11743,페브리즈 용기 370ml 등 105종 구매,제9911부대,제이유통
11744,17-1차 표적지(클레이사격용 접시) 구매,국군체육부대,영광
11746,냉각용 콘덴서 코일 11EA,해군군수사령부,MR테크
11747,"램프,섬광전구용 10EA",해군군수사령부,주식회사동양엔지니어링
11754,"등, 실내용 등 14품목",해군제1수리창,삼동유통상사
11757,간호복(체촌),물자계약팀,(주)보광아이엔티
11758,간호복(체촌),물자계약팀,(주)보광아이엔티
11759,부력방탄복,물자계약팀,코오롱인더스트리(주)FnC부문
11760,브라스와이어등2종구매,육군종합정비창,선우상사
11766,군범죄 유전자감정 시약재료 구매,국방부조사본부,주식회사 모든통상
11768,밀폐용기(소) 등 6종 구매 납품,제9196부대,중앙석고 주식회사
11771,17-전원(전압) 변환기 2EA 구매설치,국군재정관리단,삼마상사
11773,박스어셈블리 등 303종,공군군수사령부,희망테크
11775,항-17-058 청각보호용 귀마개,공군사관학교,지노컴퍼니(노래방백화점)
11779,농구공 등 56종 구매,제2002부대,주식회사 태광케미칼
11782,주방후드 구매 설치,제8385부대,금성종합상사
11791,마인드맵 SW 구매,국방부계룡대근무지원단,주식회사 이노디지털
11792,17-2차 정보화 운용재료 구매,국군재정관리단,동방실업
11794,앵커체인 10SET,제7001부대,우리해양 주식회사
11801,(17-119) 벽면 선반장 실험대 등 14품목,공군제18전투비행단,주식회사유니헬스케어
11807,이동형작업대 등 8종,해군제2수리창,시대종합전기(주)
11809,회천체 등 5종,해군제2수리창,세일상사
11811,"COWL, REAL 등 10종",해군제3함대사령부,신용상사
11819,이동형작업대 등 8종,해군제2수리창,시대종합전기(주)
11825,고공헬멧 등 6항목 구매(물자),육군군수사령부,아폴론주식회사
11827,FC 듀라토프 DP 등 12종 구매,해군제3함대사령부,정수기&커피플러스
11828,원목펜꽂이 등 36종,해군작전사령부,대원산업
11830,면체마스크 등 42종 구매,제3170부대,HS시스템
11832,화단형 이동식 진지 구매,육군3사관학교,다원지앤피
11833,티꽂이매트 40EA 구매,제9911부대,헬스업스토어
11835,변압기 1종,해군군수사령부,동진상사
11839,지그재그MP 등 178종,해군작전사령부,대인종합상사
11841,녹스 점보롤 등 115종 구매,제9911부대,(주)협성산업
11852,튜브등22종구매,육군종합정비창,(주)세계하이테크
11853,교량가설단정 방현재구매,육군종합정비창,영진상사
11854,호스등76종구매,육군종합정비창,주식회사 서일산업
11865,잠수물자(건식잠수복 등 17종) 구매,국군재정관리단,동아유통
11869,"배기관, NO1 등 9항목 구매(기장)",육군군수사령부,준테크
11872,전기장프로브 2종 구매,제20전투비행단,주식회사 성진이엔디
11873,FIXTURE MODULE 구매,제20전투비행단,테스팅하우스코리아(주)
11875,바트 등 24품목,제3283부대,유니케이(K)
11880,얼룩무늬 차광막 등 2품목,제9181부대,닉스
11883,손목보호대 등 120품목,제9181부대,석진메드
11884,PE이중벽관 등 105종,제7001부대,경남상사
11885,퓨즈 등 9종,해군제2수리창,동진상사
11894,후레쉬라인 덴탈 댐 등 80종,제5738부대,석진메드
11895,청관제 1항목 구매(물자),육군군수사령부,그린바이오켐
11898,파워헤드,해군제1수리창,비시루상사
11899,제빙기 등 2종 구매,제2002부대,진우상사
11902,용량 제어 어셈블리 1종,해군군수사령부,주식회사 링크24
11904,다이오드 등 5종,해군군수사령부,세현종합상사
11907,디스플레이 등 5종,해군군수사령부,주식회사 링크24
11919,알루미늄에칭제구매,육군종합정비창,삼일이화학상사
11921,17년 해군 사병 정복 체촌,물자계약팀,주식회사 무궁화용사촌에프앤씨(F&C)
11922,롤 인화지 등 95품목 구매,제9196부대,태광이엔씨
11925,대테러물자(방탄고글 등 3종) 구매,국군재정관리단,제이에스산업
11937,17년 공군 간부 정복 근무복 초도,물자계약팀,주식회사 무궁화용사촌에프앤씨(F&C)
11938,17년 해군해병 간부 정복 근무복 초도,물자계약팀,주식회사 무궁화용사촌에프앤씨(F&C)
11939,17년 해군 사병 근무복 체촌,물자계약팀,한일피복공업(주)
11946,플라스틱 제본링 등 194종,해군본부,아름종합상사
11950,"변환기, 신호자료용 10EA",해군군수사령부,(주)성우테크
11955,17년 관리대대 야간투시경 등 2건 구매,제1607부대,SS종합상사
11959,상호운용성 평가관리체계 서버 교체,국군재정관리단,주식회사 타이탄플랫폼
11960,예초기안전날 구매,제9196부대,범원실업
11964,증류수 생산기 2EA,해군군수사령부,NPB타운
11965,자주식 그린모아 구매,제9227부대,대경산업
11966,분말소화기 등 3품목,제9227부대,주식회사 부창산업
11967,냉각수첨가제 구매,제3170부대,주식회사 부산골재
11968,온도감지기 등 20종,해군제3함대사령부,승리종합상사
11969,이발가위 구매,제3170부대,YK통상
11970,임시숙영설비 자재 구매,제7보병사단,흥남건재
11978,콘솔데스크 구매 설치,제9911부대,주식회사 쿤스트에프케이
11980,트랜지스터 1종,해군군수사령부,국제전기
11985,핸드 파레트 트럭 등 15종 구매,해군제3함대사령부,오피스디포 목포점
11994,감지센샤 1종,해군군수사령부,태양전자
11995,"링,지지용 등 33종",해군군수사령부,수연상사
11996,다이아프램 등 46종,해군군수사령부,주식회사 슈플라스
11997,개스킷 등 29종,해군군수사령부,조강테크
11998,1미리 습식잠수복 1종,해군군수사령부,유한회사 상선
12001,흉장 및 예비군마크,물자계약팀,주식회사 킴블스
12008,"기화기, 부구 이용식 등 1항목 구매(기장)",육군군수사령부,주식회사 우영물산
12011,스탬프 등 170종,해군본부,현대상사
12013,튜블라형 도어록 등 28종,제7001부대,참조은
12015,형광램프 등 24종,해군군수사령부,슈퍼딜아이엔씨
12020,불발탄 제거작전재료 45종 구매,육군 제1군단,주식회사 유니케이
12021,유압호스 등 96품목,제9181부대,대성산업
12026,소사토 등 2종,제7001부대,거성물산
12027,래커에어졸 등 8종,해군군수사령부,주식회사 성진이엔디
12042,올로파타데이 등 40종 구매,제2002부대,온케어메디홀주식회사
12047,BTCS 회로카드 1항목 구매(통신),육군군수사령부,주식회사 지엘엔지니어링
12051,혼합수전 등 349종,제5738부대,구룡종합상사
12054,캐패시터 등 15종 구매,제8385부대,조은산업
12055,흡연부스 5EA 구매,해군 기동함대사령부,주식회사 제너지
12056,공CD 등 9품목 구매,제9691부대,(주)수안인터코리아
12071,티눈액 15ml 등 63종,제5738부대,주식회사 한스피엠아이
12075,광구병 등 39,해군군수사령부,이즈컴넷
12081,커팅매트 등 275종 구매,제8385부대,비시루상사
12083,SSD 구매,제9181부대,명원사
12084,코아네트 등 5품목,제9181부대,재우상사
12086,전자접촉기 등 31종,제7001부대,라온상사
12096,채칼 등 44종 구매,해군사관학교,이강솔루션
12097,벨트V형 등 8종 구매,해군제3함대사령부,대건상사
12098,"공마대 8,000매 구매",제7001부대,아라날
12102,지주대 등 5종 구매,제3170부대,중앙Office
12105,삼파장 램프 등 60종 구매,국방부계룡대근무지원단,현대상사
12110,외경 흠 인서트 홀더 등 244종,해군제3함대사령부,다모아플라자
12114,취타복 하계절용 등 15종,해군교육사령부,(주)상록수
12117,발칸 차폐물구매,육군종합정비창,에이치에스테크
12118,발칸 링등18종구매,육군종합정비창,에이치에스테크
12120,로드휠용 고무,기동화력계약팀 (구:19.09.16),평화산업(주)
12127,기념반지 구매,제1363부대,주식회사 대호브리아노
12130,UPS 등 2품목,제9181부대,이즈컴넷
12131,수영모 등 2품목,제9181부대,에스에이리테일
12134,디지털액자 등 2종,해군군수사령부,라온상사
12135,방한모 등 2품목,제3283부대,조광유통
12137,바벨 등 34품목 구매,제9691부대,풍전
12140,산악침투복,물자계약팀,삼부산업 주식회사
12142,버클류,물자계약팀,예지산업
12153,결재판 등 125종,제5738부대,드림오피스
12161,미송각재 등 51종,해군교육사령부,(주)원진
12164,투명고무판 등 350품목,제9181부대,오에스케이통상
12166,3색 유성펜 등 420종 구매,해군사관학교,주식회사 대창
12177,다목적 외투,물자계약팀,한일피복공업(주)
12181,야전배낭,물자계약팀,강서실업
12183,다목적전술차 뚜껑등7종구매,육군종합정비창,조은테크
12184,5톤 배기관등3종구매,육군종합정비창,현대정밀가스켓
12195,동내의,물자계약팀,(주)동명양행
12199,초음파 점검기 등 3종 구매,공군군수사령부,주식회사 링크24
12200,팬 블레이드 후방 SHANK 게이지 등 3종 구매,공군군수사령부,주식회사 링크24
12205,브이벨트 등 41품목,해군제1수리창,금성종합상사
12208,컴바인더 등 14종 구매,해군사관학교,이강솔루션
12209,멀티코드 등 45종 구매,해군사관학교,대광산업
12211,행주 등 37종 구매,해군사관학교,세현종합상사
12212,반코팅 사각크로스 등 19종 구매,해군사관학교,찰스인코리아
12213,원형쿨디쉬 등 50종 구매,해군사관학교,세현종합상사
12214,비행갑판 어닝커버 등 66종 구매,해군사관학교,무한씨엔씨
12215,백상지 등 534품목 구매(연평),연평부대,드림무역
12216,아스테이지 등 109종 구매,제8385부대,(주)동건
12218,스피커 등 56종 구매,제8385부대,비시루상사
12222,예비군부대 현판 구매,제3283부대,미광광고산업
12227,고활성효소 등 3품목,제9227부대,대명종합상사
12228,연대정기 등 27품목,제9227부대,대명종합상사
12231,"격자, 부재 커플링용 20EA",해군군수사령부,비씨아이 주식회사
12236,프러스펜 등 134종,해군본부,알파
12239,변기솔 등 10종 구매,제2002부대,(주)씨티원서비스
12245,방탄복,공군군수사령부,주식회사 아르모프
12257,디럭스 툴 킷 구매,해군제3함대사령부,주식회사 깜지북스
12261,엘토섹소폰 리드 등 22종 구매,제9911부대,강일에스티
12264,대리석식탁(4인용) 등 2종 구매,제9911부대,애드유통
12265,리거 벨트 등 3종 구매,해군사관학교,이즈컴넷
12268,월넛 등 51종,해군군수사령부,쌔미쌔미
12275,다목적굴착기 여과기등5종구매,육군종합정비창,진광사
12293,고압세척기 등 40품목,제9181부대,동명이앤엘
12294,모조지 등 32품목 구매,제9691부대,(주)수안인터코리아
12299,탐조등 16EA,해군군수사령부,주식회사 자니타스코리아
12300,정전압계기시험기 1EA,해군군수사령부,SO TECH
12303,오링 및 패킹류,기동화력계약팀 (구:19.09.16),한양산업
12314,파워그립 플러스 등 979종,제5738부대,오피스브릿지
12315,C형 클램프 등 798종,해군군수사령부,태민산업
12316,안전벨트 등 2종,해군군수사령부,주식회사 삼국트레이딩
12318,"칼,특수작전용 1항목 구매(총포)",육군군수사령부,에스이에스코리아
12320,버니어깊이게이지 등 417품목,해군제1수리창,(주)동건
12327,패킹 등 11종,해군군수사령부,범한산업 주식회사
12331,K1마개등19종구매,육군종합정비창,현대정밀가스켓
12333,솔다워크등7종구매,육군종합정비창,선우상사
12334,K1오링등11종구매,육군종합정비창,수연상사
12337,스마트 예비군훈련체계 설치납품,육군제53보병사단,주식회사코넥
12340,정밀좌표 측정체계 PC 구매,제1891부대,그린종합사무기
12341,영현백 구매,국군재정관리단,근영유통
12345,남자축구 훈련용품(축구화 등 31종) 구매,국군체육부대,유한회사 등대어망
12353,플라스틱 제본링 등 202종 구매,제8385부대,금성종합상사
12354,L2 전술라이트 등 6종 구매,제8385부대,대하종합상사
12355,클린징크림 등 36종 구매,제9911부대,에프엠(FM)허미스 트레이드
12356,잔반통 외부상판 등 53종,해군작전사령부,한성
12357,파고다토익 실력완성RC 등 104종,해군작전사령부,대성
12362,볼형 손잡이 등 630종 구매,해군사관학교,구룡종합상사
12363,"헬멧, 안전용(백색) 등 9종",해군군수사령부,서화테크
12364,섬유유연제 1종,해군군수사령부,주식회사 삼국트레이딩
12365,천연방충탈취제 1종,해군군수사령부,주연ICT
12366,조끼 및 두건 1종,해군군수사령부,(주)퐁당닷컴
12384,약품포장기 자동식 구매,공군군수사령부,태린메디칼 주식회사
12386,진공 및 압력 테스트 세트 구매,공군군수사령부,주식회사 링크24
12391,"핀,직선형,유두형 1종",해군군수사령부,메트로마린서비스
12393,부착력 시험기 등 2종,해군군수사령부,비차일드
12394,소변기 탈취제 등 194종,해군교육사령부,이강솔루션
12396,투명애니스탠드 등 203품목,해군제1수리창,신성유통
12397,대야 등 135종,해군교육사령부,참조은
12400,"랜턴,전기식 등 2종",해군군수사령부,태양전자
12403,식당 상판 수선 등 2종,해군군수사령부,이즈컴넷
12407,조달(수리)요구서(17-607)[51전대]콘덴서 등 10종,공군제5공중기동비행단,영성기업사
12408,"건식변압기, 복권 1종 구매",해군제3함대사령부,(유)한일상사
12410,개선기법 ABC 등 4품목,해군제1수리창,가나안상사
12411,"부싱,슬리브형 등 3종",해군제2수리창,인화정공
12414,화염 감지기 등 2종,해군군수사령부,앤드텍(ANDTech)
12427,17년 20밀리 발칸모의탄,유도무기계약팀 (구:19.09.16),주식회사 경성엠티
12428,분리형 들것 등 2종 구매,국군재정관리단,주식회사 나루지엠에스
12432,목도리,물자계약팀,주식회사 에레
12435,청각 보호용 귀마개 등 5종,해군작전사령부,한성
12440,리플렉타 70개(제작),해군작전사령부,선우블라인드 커튼
12441,부착용 꽂이판 등 154종,해군작전사령부,유진상사
12444,항-17-045 갈색바이알 등 36종,공군사관학교,MK메디칼
12446,수중용 캠 70EA,해군군수사령부,주식회사 이음
12448,"와이어, 전기용 등 23품목",해군제1수리창,삼동유통상사
12450,리프트,일반장비계약팀 (구:19.09.16),에스피하이테크주식회사
12453,모바일기기 증거분석체계 구매(교체),국군재정관리단,주식회사 윈미디텍
12460,전동식 이동대차 2EA,해군군수사령부,스타시스템
12463,비행복,물자계약팀,주식회사 주연어패럴
12464,인권상담 홍보용 팀조끼 구매,육군본부,주식회사 경성이엔씨
12468,로드휠용 적재기 구매 설치,국군재정관리단,(주)동건
12471,'17년 CSRP 재료(시약 및 초자) 162종 구매,국군화생방방호사령부,디엔아이
12473,물티슈 등 163종 구매,제8385부대,금성종합상사
12477,스키 바인등 등 5종 구매,국군재정관리단,주식회사 서진컨설팅
12478,사무용도품 387종(7월),해군 기동함대사령부,주식회사우정상사
12481,유증기 감지기 등 2종,해군군수사령부,세종상사
12489,17년 철제계급장,물자계약팀,주식회사 중앙양행
12491,17년 퀼팅원단,물자계약팀,(주)보광아이엔티
12493,(17-074) 방진마스크 등 32품목,공군제18전투비행단,SH통상
12496,유압시험대 구매,국군재정관리단,램코 주식회사
12500,17년 방상내피,물자계약팀,주식회사 킴블스
12503,디지털 당도계 등 6종 구매,해군 기동함대사령부,주식회사우정상사
12507,사무용 지우개 등 287품목,제3283부대,대풍
12510,"조속기,전동기용 4종",해군군수사령부,경북상사
12511,"봉합재,기계용 1종",해군군수사령부,세현종합상사
12512,봉합 링 등 16종,해군군수사령부,세현종합상사
12518,실험대 등 12품목,해군제1수리창,서울유통
12519,스텐망,해군제1수리창,영동상사
12522,배구부 훈련용품(배구공 등 12종) 구매,국군체육부대,디에이치산업
12525,플러스펜 등 580품목,제9181부대,구룡종합상사
12526,야간투시경 등 2종 구매,제8385부대,유더블유티
12527,여과기 등 5종,해군군수사령부,삼우시스템 주식회사
12531,파병 티셔츠 등 2종,해군작전사령부,(주) 대원이노스
12532,파병 티셔츠 등 2종,해군작전사령부,(주) 대원이노스
12534,보안스티커 제작 구매,공군본부,아누바이오
12536,공마대 등 2종 구매,제9196부대,에스유통
12541,해충 퇴치기 등 2종,제7001부대,날으는곰에프엔지애드(F&GAD)
12545,행사용 연설대(대) 등 4종 제작 구매,국방부계룡대근무지원단,현대상사
12547,버켓 컷팅엣지 등 7종 구매,제8385부대,우수이앤씨주식회사
12549,온열조끼 1종,해군군수사령부,유더블유티
12550,잠수작업화 1종,해군군수사령부,성우약국
12551,반팔튜닉 습식잠수복 1종,해군군수사령부,라이언테크
12559,통신유지물자 구매,제7016부대,(주)디에스인프라
12571,인덱스탭 등 234종,해군교육사령부,가람상사
12573,3/4분기 발간재료 구매,제3707부대,홍원
12578,변환기ㆍ전력용ㆍ정지형 1EA 구매,제8385부대,정우종합건자재
12581,가레지 작기 등 30품목,제3283부대,행복한 동자네
12584,크러셔 등 부수기재 구매 설치 납품,제6755부대,한국씨엔에스
12589,엘리먼트 등 127종 구매,육군종합정비창,주식회사 우영물산
12591,통신 캐패시터등50종구매,육군종합정비창,미래테크
12592,웨이빙등14종구매,육군종합정비창,(주)종로인더스트리
12593,늄합금사각봉등4종구매,육군종합정비창,(주)종로인더스트리
12605,정보분석낭 구성품 구매,육군본부,우성무역
12606,기준전극 등 20품목,해군제1수리창,(주)동건
12608,각티슈 등 30종 구매,제9911부대,주식회사 동영
12609,재봉틀 등 2종 구매,제9911부대,신명
12610,결재판 20개 등 646종 구매,제9121부대,전산&오피스 솔루션
12617,차선도색기 등 1종 구매,육군종합정비창,미성산업
12623,개선방한화,물자계약팀,주식회사 익산하이테크
12627,17년 155밀리 모의단위장약,유도무기계약팀 (구:19.09.16),삼호정밀
12634,LCD슈퍼클립 등 263종,제5738부대,드림오피스
12635,대용량 제빙기,제5738부대,드림오피스
12636,북앤드 등 297종,제5738부대,드림오피스
12644,향방 총기관리시스템(RFID) 및 소모품 구매 납품,제6755부대,세영정보통신(주)
12668,용접복,물자계약팀,주식회사 킴블스
12670,열판 등 4종,해군군수사령부,가나안테크
12671,자물쇠 통 등 2종,해군군수사령부,가온기업
12672,"호각, 구형 등 4종",해군군수사령부,다물테크
12673,경호승용차 1UT,해군군수사령부,주식회사태건
12674,하부챔버 등 24종,해군군수사령부,에스와이테크
12677,레이저튜브 등 44종 구매,육군종합정비창,창신기업
12684,싱글바닥스퀴지 헤드 등 14종,제5738부대,드림오피스
12687,독신숙소 전자도어락 설치납품,국방부근무지원단,(주)싸이퍼일렉트로닉
12691,00부대 헬스기구 구매,육군과학화전투훈련단,주식회사 예일컴퍼니
12694,전투전적비 제작 납품,제9691부대,주식회사 돌앤돌
12696,개스킷 등 7종,해군군수사령부,세현종합상사
12704,"와이어, 스피커 전용 등 8종",해군군수사령부,지에스 주식회사
12705,스페이서 등 45종,해군군수사령부,창진ENG(주)
12716,(육성) 105-3대대 복합기 등 6종 구매,제2632부대,(주)수안인터코리아
12718,(17-096) 알미늄번호판,공군제18전투비행단,"주식회사 동아에스에스디(CO.,LTD DONG A SSD)"
12726,프레온 등 13종,해군제2수리창,세일상사
12728,청수예열기 1종 구매,해군제3함대사령부,(유)한일상사
12733,파레트렉 등 3품목,제3283부대,대풍
12734,소파 등 3종,재경근무지원대대,클린톤전자
12736,하이파론 등 20종,해군제2수리창,국제안보상사
12738,속도검출기 등 35종 구매,해군제3함대사령부,승리종합상사
12741,[사단-통합-14] 야간투시경 구매 납품,제6755부대,골드라벨
12742,K55A1축구매,육군종합정비창,삼일정공
12743,K9롤러등8종구매,육군종합정비창,현대정밀가스켓
12745,전신보호복 등 8종 구매,국군화생방방호사령부,참다올비앤비
12753,"어댑터,직선형,플랜지 및 튜브연결용 등 7종",해군군수사령부,엠티오
12756,가위 등 295종 구매,제2002부대,인고케미칼
12760,블랙박스 커버 구매,공군본부,스크린스포츠
12761,접착식 아스테이지 등 68종 구매,제9196부대,에버그린
12764,에어매트 446개 구매,공군 작사예하 방포사예하 제3여단,엠티오
12768,아연도 각관 등 84종 구매,제8385부대,영동상사
12770,라우터 등 5종 구매,해군제3함대사령부,셀렉트정보기술(주)
12771,물티슈 등 122종 구매,해군제3함대사령부,무림오피스웨이목포점
12780,3인용 쇼파 수선 등 9종,해군군수사령부,"주식회사 하이맥스 (himax Co.,Ltd.)"
12781,모자 1종,해군군수사령부,이현
12784,막대본드 등 95종 구매,제8385부대,삼동유통상사
12789,인덱스탭 등 312종 구매,제8385부대,오피스상사
12794,"게이지,전해질,수위용 등 8종",해군군수사령부,국제전기
12798,직각자 등 113종,해군작전사령부,주광유통
12799,차광막 등 173종,해군작전사령부,진양관리시스템
12801,태극기 6호 등 39종,해군작전사령부,날으는곰에프엔지애드(F&GAD)
12810,컬러 펜꽂이 등 313종,해군교육사령부,마창종합상사
12811,머그컵 작업세트 구매,해군교육사령부,대하종합상사
12818,에어콤프레샤,일반장비계약팀 (구:19.09.16),주식회사 하나티이씨
12823,보안취약점 식별을 위한 기반운용체계 도입,국군재정관리단,주식회사베가통신
12828,정비피복 구매,5군수지원사령부,하나실업
12832,안테나 등 2항목 구매(기장),육군군수사령부,와이에스전자
12835,독서대 등 58종 구매,제3170부대,이지전력(주)
12836,화물자동바 구매,제3170부대,은혜유통
12837,셔터형 자물쇠 등 2종 구매,제3170부대,대풍
12838,완장 등 62품목,제3283부대,유진테크
12846,북스탠드 등 1140종,제7001부대,구룡종합상사
12850,개스킷 등 3종,해군군수사령부,세현종합상사
12857,커플링 하프 등 15종,공군군수사령부,지비아이 코리아 (GBI KOREA)
12858,압력감지기,해군제1수리창,삼동유통상사
12862,계기용 변류기 등 30종 구매,육군종합정비창,영진상사
12864,17년 신앙상징물 구매,국군재정관리단,성도교역
12877,플러스펜 등 532품목,제9181부대,희경종합산업
12881,NMC-UTP 등 279품목 구매,제9691부대,미래테크
12913,제빙기 등 5종 구매,제8385부대,가나안상사
12916,수중 무인탐사정 등 7종,해군군수사령부,피앤비
12919,이산화탄소50파운드등8종구매,육군종합정비창,주식회사 창신
12923,보오스코우프 키트 구매,국군재정관리단,(주)샤이니스
12925,컨베어계산대 (동력계산대) 구매 설치,국군재정관리단,주식회사 신아퍼니처
12936,"봉합재,기계식 1종",해군군수사령부,미래상사
12939,사각티슈 등 156종,해군본부,현대상사
12941,스킨로션세트 등 22종 구매,제2002부대,케이씨유통
12947,컷터날 등 165종 구매,제3170부대,포항케이피엘(KPL)
12948,제빙기 구매,제9691부대,HJ형제공구
12949,가지 등 146품목 구매,제9691부대,주식회사 경기유통형 마을기업
12951,"VOIP 케이트웨이, 4포트 등 22종",해군군수사령부,라온상사
12956,다이오드 10EA,해군군수사령부,주식회사 능인솔루션
12957,"프로펠러, 선박용 등 52종",해군군수사령부,VP 서비스센타
12958,"램프,발광 다이오드용 1종",해군군수사령부,주식회사 미래정밀
12962,휴대용 GNSS구매,제9965부대,주식회사 링크24
12966,세척솔 등 173종,공군군수사령부,이데문구
12967,향방물자 및 부수기재 등 13종 구매 납품,제6755부대,준유통
12968,육성지원금 계절성 질병예방 품목 20종 구매,제51보병사단,에스와이컴퍼니
12974,육성-괴산 예비군훈련대 간판류 구매,육군 제37보병사단,굳앤굳디자인
12976,예초기 줄날 등 3종,제7001부대,예광
12978,에프호마이카 등 12종 구매,해군제3함대사령부,다모아플라자
12980,17-150 고공낙하산,공군사관학교,주식회사 인스타
12987,고급철끈 등 18종 구매,제9911부대,불토스
12989,육성-괴산 예비군훈련대 출입도어 및 분수대 구매,육군 제37보병사단,금산
12992,금형 등 2종 구매,육군종합정비창,주식회사 만경
12994,파티션 등 33종 구매(조달17-135/136),공군제10전투비행단,디에이치산업
13001,SSD 256GB 구매,제9227부대,광장서점문구
13005,순간접착제 등 103종 구매,해군제3함대사령부,동서종합상사
13006,병실 약품용 카드 등 4종 구매,해군사관학교,주식회사 태촌실업
13014,가죽잠바류,물자계약팀,주식회사 유피앤아이
13019,전동식스크린 등 8품목 구매 설치,제9691부대,모든C앤C
13025,군견 이동견사 구매,제5897부대,제이원텍
13034,"캡, 보호용 등 48항목 구매(기장)",육군군수사령부,그린스틸
13037,브래킷 등 17항목 구매(기장),육군군수사령부,주식회사 지엘엔지니어링
13041,지우개 등 236종 구매,제8385부대,대광종합상사
13042,철띠 등 22종 구매,제8385부대,스틸파크 강원토탈
13052,5톤개스킷세트등5종구매,육군종합정비창,에스투 (S2) 테크
13053,시안화나트륨등14종구매,육군종합정비창,한양화학상사
13066,원목독서대 등 2품목,제9181부대,주연ICT
13072,17-159 외투 등 2종,공군사관학교,유한회사 한빛기업
13074,진공계 등 36종,공군군수사령부,안보종합상사
13076,"전건,전신용(KEY802)",통신장비계약팀 (구:19.09.16),(주)토탈음향
13083,방한모 등 2종 구매,제36보병사단,주식회사일광
13084,천장텍스 등 104종 구매,제9196부대,쌔미쌔미
13087,"소변기, 고정용 등 36종",해군제2수리창,슈플라스
13089,예초기 등 2종 구매,제9911부대,원강유통
13095,뚝배기 등 12품목,제9181부대,주식회사 가온산업
13096,캡모자 구매,제9181부대,닉스
13098,고성능 이발기 구매,제3283부대,아윤상사
13101,"가열기,온수용,전기식 1종",해군군수사령부,참조은
13103,전화용 4분배 아울렛 등 26종,해군작전사령부,대하종합상사
13104,코팅필름 등 174종,해군작전사령부,미래상사
13107,파라솔세트 2개,해군작전사령부,영성기업사
13118,전자식 순찰시계 151SE,해군군수사령부,정인산업
13121,수동 랩핑기 등 24종,해군교육사령부,한성
13124,엘보우 등 11종,해군군수사령부,계림유통
13128,17-135  패러글라이더,공군사관학교,주식회사 진매니아
13129,"스퍼드, 수세식 변소용 등 7품목",해군제1수리창,한웅종합건자재
13130,기름때 제거제 등 5종 구매,제9911부대,신명
13136,50톤 유압프레스 구매,육군군수사령부,주식회사 헤이코
13138,건식잠수복 등 2종 구매,국군재정관리단,연세대학교 연세유업
13140,'17년(3-2차)부대유지물자 구매,제9965부대,주연ICT
13143,냉동육절기 등 2품목,제3283부대,YK통상
13144,군의관 가운 10종,해군본부,주식회사 굿유
13146,브래이드 등 3종,해군군수사령부,국제전기
13150,소화기 구매,제9965부대,(주)대동소방
13154,에어콤프레샤(22CFM),일반장비계약팀 (구:19.09.16),주식회사 케이에스아이티
13156,요대류,물자계약팀,동우산업사
13157,"요대, 디지털무늬",물자계약팀,동우산업사
13158,오링 등 24종 구매,육군종합정비창,주식회사제이지테크원
13159,꼬질대류,유도무기계약팀 (구:19.09.16),테크노와이시스템주식회사
13167,풍향감지기 등 17종 구매,공군본부,주식회사 지텍
13171,유성펜 등 63종 구매,제8385부대,대광종합상사
13193,포신수입기 1항목 구매(총포),육군군수사령부,그린스틸
13198,모바일 상품권 구매,제1363부대,(주)케이티엠하우스
13199,콤파운드 등 14종,제7001부대,대하종합상사
13200,투명 컷터 등 130종,해군제3함대사령부,(주)한일
13203,고무밴드 등 8품목,제3283부대,제이에스테크
13204,고무블럭 등 12종 구매,제8385부대,안보종합상사
13206,간이호흡기 구매,제3170부대,해가빛주식회사
13213,다이아프램 등 11종,해군군수사령부,범한산업 주식회사
13220,램프 등 7종(17-70),공군제1전투비행단,동진기업
13227,향방물자 휴대폰보관용 가방 등 32종 구매,제51보병사단,말감컴퍼니
13228,향방물자 반합 등 15종 구매,제51보병사단,거성
13236,전관 앰프 구매,제5보병사단,애드유통
13240,탐지3호용 풀리,지휘정찰계약팀 (구:19.09.16),티앤씨
13249,개스킷 등 11종,해군군수사령부,대하종합상사
13250,팔토시 등 7종 구매,제7보병사단,영진
13253,집진기 등 2종,해군군수사령부,라온상사
13254,쇼파방석 레자 수선 등 5종,해군군수사령부,주식회사 서진컨설팅
13255,커텐레일 수선 등 6종,해군군수사령부,누리
13280,17년 디지털 포렌식 SW 라이센스 갱신 구매,국방부검찰단,씨지에스아이티(주)
13288,냉동기 구매(궤도),육군군수사령부,주식회사남지공조
13291,(조달) 3훈비 팽창탱크 등 18품목,제3훈련비행단,경남상사
13292,문형검색대 구매,해군군수사령부,미래유통
13295,탈피기 등 4품목,제9181부대,HJ형제공구
13297,컷터 등 81품목,제9181부대,우리창고
13300,증발기압력조절변,해군제1수리창,금성종합상사
13311,개스킷류,함정계약팀 (구:19.09.16),한양산업
13317,17-계류지원정(450톤) 건조,함정계약팀 (구:19.09.16),에스케이오션플랜트(주)
13323,"17-계류지원정(600, 300, 70톤급) 건조",함정계약팀 (구:19.09.16),에스케이오션플랜트(주)
13326,빔프로젝트 램프 등 2종 구매,제9911부대,중앙
13327,구근탈피기 등 4품목,제3283부대,일월종합상사
13328,연습용 전건 구매,제3283부대,조광유통
13330,롤 브라인더 등 13종 구매,제9911부대,엠티오
13336,패킹 등 9종,해군군수사령부,주식회사 슈플라스
13359,정모류,물자계약팀,주식회사 유피앤아이
13369,유면계 등 17종 구매,육군종합정비창,주식회사 동양프랜트산업
13373,바코드입력기 등 5종,해군교육사령부,주식회사 태촌실업
13377,전자파 차단필름 구매 설치,제9227부대,비테크코리아 주식회사
13379,오디오믹서 등 36품목,제9691부대,주식회사 쿤스트에프케이
13380,각재 등 15종,해군작전사령부,우진물산
13389,"브래킷,판류",기동화력계약팀 (구:19.09.16),주식회사  D.P.M
13394,17년 정비피복 구매,제51보병사단,대성산업
13398,특수화학보호복 세트 구매,국군재정관리단,주식회사 인스타
13402,라벨프린트 등 197종 구매,해군제3함대사령부,(유)목포신도digitalOA
13405,팔꿈치포경/조준감사기(지명),기동화력계약팀 (구:19.09.16),(주)우경광학
13411,(17-066) PS 리프트 구입,공군제18전투비행단,더원기술 주식회사
13414,그린가위 등 75종 구매,제9121부대,마니
13415,완장 등 50종 구매,제9911부대,중앙
13419,(17-064) 염화칼슘 등 2품목 구입,공군제18전투비행단,삼성전기
13427,의장행사용 마스코트 구매,국방부근무지원단,국제
13433,16년 천마 토크식 전동기,유도무기계약팀 (구:19.09.16),(주)동진전기
13436,플로우미터 3점 구매,공군군수사령부,대광산업
13450,자이로릭 정 100mg 등 113종,해군작전사령부,제이메디케어
13452,전기이발기 등 2종,해군작전사령부,영성기업사
13457,언어의 온도 등 236종,해군작전사령부,영성기업사
13458,안전통제 훈련용품 구매,육군훈련소,영원종합상사
13468,초음파세척기 1EA,해군군수사령부,주식회사 티이엠
13469,초자류,기동화력계약팀 (구:19.09.16),(주)우경광학
13470,조종화(동계),물자계약팀,(주)선실업
13472,식관,물자계약팀,대일스텐
13473,"4,000G/A 유조차",일반장비계약팀 (구:19.09.16),선진정공 주식회사
13475,"조종화(사계절, 하계)",물자계약팀,주식회사 이안제화
13480,전투용탄약운반장구,물자계약팀,삼광기계제2공장
13481,상륙화,물자계약팀,주식회사 세몽나이스
13485,DVD 등 17종 구매,제9196부대,에버그린
13487,군 숙소 방충망 구매,국군의무사령부,(주)동건
13496,군 숙소 방충망 구매,국군의무사령부,(주)동건
13497,고속정전투화,물자계약팀,주식회사 이안제화
13506,이발기 등 0종 구매,제1363부대,대양테크
13508,(17-0132)캐비넷형 보관함외 12품목,공군제17전투비행단,제이케이(JK)산업
13509,공냉팬 등 14품목,해군제1수리창,남부상사
13512,하체근력강화용 자전거 2종 구매,해군사관학교,주식회사 제일휘트니스
13514,레일형 토스트기 형 3종 구매,국군재정관리단,주식회사 쿤스트에프케이
13523,송수화기(핸드셋트류),통신장비계약팀 (구:19.09.16),(주)토탈음향
13525,늄합금봉등2종구매,육군종합정비창,(주)종로인더스트리
13528,단안형야간투시경,지휘정찰계약팀 (구:19.09.16),(주)이오시스템
13530,"물자 정비재료(피복,개인장구,냉장고) 129종 구매",국군재정관리단,주식회사 만구
13534,Allevyn Adhesive 등 80종,제5738부대,석진메드
13536,표시기 1항목 구매(특무),육군군수사령부,주식회사 우영물산
13539,골판지 등 52종 구매,제9911부대,주식회사 에이트이엔씨
13542,저격수 관측경 등 2품목 구매,제9227부대,기원상사
13543,바디워시 등 47품목 구매,제9227부대,헵시바상사
13544,플라스틱박스 구매,제9691부대,클린톤전자
13547,바리케이트 등 5종 구매,수도방위사령부,(주)매싼커뮤니케이션
13548,수입봉류,기동화력계약팀 (구:19.09.16),주식회사 유성엔지니어링
13556,스텐선반대 등 35종 구매,제8385부대,영동문구센타
13558,세탁클리너 등 15품목,제3283부대,포항서비스
13563,"리테이너, 나선형 압축용 수철용",기동화력계약팀 (구:19.09.16),호승기계
13565,해/공군 전투모,물자계약팀,삼진제모(주)
13572,예비군중대 현판 제작 납품,제9해병여단,(주)세종에스씨
13575,이발기계 등 00종 구매,국방부근무지원단,주식회사 태촌실업
13584,00지역 근지단 UPS 부속 교체(설치/납품),육군학생군사학교,세방파워텍
13586,해군해병 간부 정복/근무복(원단),물자계약팀,주식회사 아즈텍더블유비이
13587,해군해병 간부 정복/근무복(원단),물자계약팀,주식회사 아즈텍더블유비이
13588,해군해병 간부 정복/근무복(원단),물자계약팀,조양모방(주)
13589,해군해병 간부 정복/근무복(원단),물자계약팀,주식회사 아즈텍더블유비이
13590,해군해병 간부 정복/근무복(원단),물자계약팀,조양모방(주)
13591,공군 간부 정복/근무복 원단,물자계약팀,(주)킹텍스
13592,공군 간부 정복/근무복 원단,물자계약팀,(주)킹텍스
13593,공군 간부 정복/근무복 원단,물자계약팀,주식회사 아즈텍더블유비이
13594,사병 정복/근무복 원단,물자계약팀,주식회사 아즈텍더블유비이
13595,사병 정복/근무복 원단,물자계약팀,(주)킹텍스
13596,사병 정복/근무복 원단,물자계약팀,주식회사 아즈텍더블유비이
13597,사병 정복/근무복 원단,물자계약팀,조양모방(주)
13598,사병 정복/근무복 원단,물자계약팀,조양모방(주)
13599,육군 정복/근무복 원단(개선품),물자계약팀,(주)킹텍스
13600,육군 정복/근무복 원단(개선품),물자계약팀,(주)킹텍스
13601,육군 정복/근무복 원단(개선품),물자계약팀,(주)킹텍스
13609,탄약고 피뢰침 설치용 자재구매,제17보병사단,오성
13612,자물쇠 등 112종 구매,제2002부대,명원사
13617,누마렌점안액 등 95품목,제9181부대,주식회사 재현약품
13618,국자 등 40품목,제9181부대,네비컴
13619,상반신 심폐소생마네킹 등 25종,제7001부대,석진메드
13621,열 및 연기 감지기 등 5종,해군군수사령부,세라코
13627,BTCS용 디스플레이유닛 등,지휘정찰계약팀 (구:19.09.16),덕인산업
13630,(17-051) 모기향 등 6품목,공군제18전투비행단,SS종합상사
13632,생물학 무기 진단키트 구매,국군화생방방호사령부,케이엠상사
13639,17년 40밀리 연습용유탄,유도무기계약팀 (구:19.09.16),한국씨앤오테크(주)
13640,17-조-30 에어매트 등 2종,공군 작사예하 방포사예하 제2여단,주식회사 예진디자인
13643,데스크탑 등 4종,해군군수사령부,찰스인코리아
13647,메인스피커등 10품목(근-17-053),공군작사근무지원단,주식회사 로뎀하이텍
13648,제빙기 구매,육군훈련소,제일안전
13653,실링 콤파운드 등 9종,해군군수사령부,세현종합상사
13655,"램프,해상공급용 등 5종",해군군수사령부,세현종합상사
13656,황화철 등 24종,해군군수사령부,동진종합
13657,PVC 글로브 벌브 등 17종,해군교육사령부,한길
13661,철 밴드용 결속기 등 83품목 구매(연평),연평부대,예스건축자재
13670,"디스플레이,광전자식 등 5종",해군군수사령부,국제전기
13674,그린에코벨트 등 16종,해군군수사령부,유어스 컴퍼니
13689,면포플린팬티(사각팬티),물자계약팀,주식회사 삼환티에프
13690,수입지 및 수입포,물자계약팀,(주)동인산업
13692,행주 등 16종 구매,제8385부대,가나안상사
13697,"레버, 수동 제어식 외 3종",함정계약팀 (구:19.09.16),대성테크
13700,17년 훈련용 도로대화구폭파킷 연막통,유도무기계약팀 (구:19.09.16),한국씨앤오테크(주)
13702,배낭부속재류,물자계약팀,강서실업
13704,17년 정비피복 구매,육군제53보병사단,금호상사
13730,17년 조류퇴치탄,유도무기계약팀 (구:19.09.16),고려화공 주식회사
13737,광 접속함체 등 129품목,제9181부대,금호전기조명(주)
13739,기름걸레 등 191종,해군 기동함대사령부,제이알사이니지(주)
13741,석분 등 98종,제7001부대,경남상사
13743,전술지혈대 등 162종,해군작전사령부,오빌종합
13744,풀페이스 마스크 등 3종,해군작전사령부,유더블유티
13746,AIP 수소 1종,해군군수사령부,어프로티움 주식회사(APPROTIUM)
13747,카본헬멧 54EA,해군군수사령부,유정인베스트
13751,미디어 공유 스토리지 구매,국방부계룡대근무지원단,주식회사 씨앤지정보
13753,17년 22밀리 축사탄류,유도무기계약팀 (구:19.09.16),고려화공 주식회사
13757,전력계 3대 구매,제20전투비행단,주식회사 에어로닉스
13759,단독경보형 화재 감지기 구매,제20전투비행단,주식회사 에스제이상사
13772,자바라컨베이어,제9해병여단,덕산엔지니어링 주식회사
13776,2017년 광화일 스캐너 구매,국군의무사령부,(주)하이엠디
13780,민사물자 11차(구급함 세트 등 00종) 구매,제7789부대,동진상사
13781,민사물자 10차(학용품 세트 등 0종) 구매,제7789부대,주식회사 이음
13782,민사물자 9차(각재 등 00종) 구매,제7789부대,동진상사
13783,민사물자 8차(자가 발전 라디오 등 00종) 구매,제7789부대,(주)싸이퍼일렉트로닉
13786,민사물자 5차(칠판 등 00종) 구매,제7789부대,주식회사 성진이엔디
13794,17년 점화휴즈,유도무기계약팀 (구:19.09.16),고려화공 주식회사
13797,강력본드 등 40종 구매,제8385부대,비시루상사
13799,가위 등 81종 구매,제8385부대,오피스상사
13805,벨트마사지 등 14종 구매,제9121부대,(주)원진
13806,스텐 육각복트 등 23종,해군제2수리창,동진상사
13809,사진인화기용 롤 인화지 등 343품목,제9691부대,올루야멘(All-Luyamen)
13810,돌화병 구매,제9691부대,서윤산업
13811,스텐 육각복트 등 23종,해군제2수리창,동진상사
13814,감지센샤 1종,해군군수사령부,국제전기
13819,화재검출기 시험기 등 5종,해군군수사령부,태양전자
13838,종균제등 4종 구매,제9911부대,시대종합전기(주)
13840,결재판등 156종,해군작전사령부,(주)문일티앤에스
13842,"저항기, 기변식, 비권선형, 정밀형",해군제1수리창,(주)동건
13847,예비군 총기 손질정비실(컨테이너) 구매,육군 제37보병사단,주식회사운석
13850,아이스머플러 등 84품목,제3283부대,울진규사
13852,한모금컵 등 28종 구매,제8385부대,오피스상사
13853,순간접착제 등 77종 구매,해군사관학교,푸름상사
13856,(조달)3훈비 씽크대 1품목(17-2-117)구매,제3훈련비행단,푸름상사
13857,샴푸 등 14종,재경근무지원대대,예찬컴퍼니
13858,팝업자동 등 77종,해군작전사령부,주광유통
13859,방안직자 등 442종,해군작전사령부,대하종합상사
13860,학습프로그램 IBM SPSS Statistics 구매,육군3사관학교,우성무역
13869,사무용도품 336종(5월),해군 기동함대사령부,동해환경물산
13871,터보차져 등 2종,해군군수사령부,제일테크
13877,방충망틀 등 68품목,제3283부대,충성센타
13882,종이박스 A형 A골/3도 도안 등 30종,해군군수사령부,유니온종합상사
13883,배럴 로드 셋 외 2종,함정계약팀 (구:19.09.16),대현테크
13886,파노라마식 망원경(방산),기동화력계약팀 (구:19.09.16),(주)이오시스템
13892,(17-038) 습기제거제 등 25품목 구입,공군제18전투비행단,덕인상사
13896,17년 방상외피,물자계약팀,코오롱인더스트리(주)FnC부문
13898,고체풀 등 263종 구매,제8385부대,금성종합상사
13899,바둑판 등 3종 구매,제9911부대,오피스웨이 이천점
13901,아발론 모스퀴론 등 3종,해군교육사령부,전일종합상사
13906,여름시트 등 2종,제7001부대,주식회사 복은
13908,솜/머리털기 등 14종,제7001부대,백산
13911,메쉬망 등 15품목,해군제1수리창,가나안상사
13914,슈퍼인덱스 등 21품목,해군제1수리창,정우종합건자재
13915,투라인레벨 등 31종,제7001부대,효원
13917,염소용 파열판 헤드 등 8종,제7001부대,찰스인코리아
13925,물자보관용 박스 등 000종 구매,육군항공사령부,드림산업
13926,물자보관용 박스 등 000종 구매,육군항공사령부,드림산업
13930,비행가죽잠바(공군),물자계약팀,주식회사 유피앤아이
13934,파운데이션시트등4종구매,육군종합정비창,주식회사 라임데이타
13948,공군 비행잠바,물자계약팀,제일피복공업 주식회사
13952,플러그 1종,해군군수사령부,국제전기
13956,17년 전술훈련용수류탄,유도무기계약팀 (구:19.09.16),한국씨앤오테크(주)
13959,취사 용품 6종 구매,국방대학교,주식회사 케이제이
13966,군견사료 10종 구매,국군재정관리단,더블에이치
13970,오플록사신 점안액 등 46종,제5738부대,(주)석호약품
13971,케어크린 칫솔 12개입 등 71종,제5738부대,티엠이바이오 주식회사
13974,할로겐램프류 등 5종 구매,공군군수사령부,주식회사 미래정밀
13976,티셔츠 구매,제3283부대,유일유통
13978,코팅필름 등 93종 구매,제9911부대,금성기업
13980,"조종간,자료입력용 1종",해군군수사령부,(주)동건
13981,응축기 등 28종,해군군수사령부,주식회사 성운이엔지
13982,튜브 등 14종,해군군수사령부,국제전기
13983,보조 리레이 등 2종,해군군수사령부,(주)비아이엔씨
13984,유류증류기 1EA,해군군수사령부,태성상사
13985,ATCIS 디스플레이 유닛 등 18항목 구매(통신),육군군수사령부,성진씨앤티 주식회사
13991,17년 제동유교환유니트,물자계약팀,주식회사 삼영필텍
13992,"덧신,화학방호용",일반장비계약팀 (구:19.09.16),주식회사 영안화공
13994,배낭후레임류,물자계약팀,창성기업
13996,신병 각개전투 훈련물자 구매,제36보병사단,보광
14008,에프시 듀라토프 디엘 등 3종,해군군수사령부,주식회사 복은
14020,트럭적재함 호루 등 2종 구매,제9911부대,모리테크
14021,FC듀라토프 DP 등 7종 구매,해군제3함대사령부,정수기&커피플러스
14031,경광봉 등 83품목 구매,제9227부대,포항케이피엘(KPL)
14040,독서대 등 384품목 구매,제9227부대,포항케이피엘(KPL)
14041,레이져포인터 등 181품목 구매,제9227부대,유니케이(K)
14044,함미등 등 3종,해군군수사령부,태양전자
14051,리프트 등 16품목 구매,공군군수사령부,대성산업
14057,파병부대 메기식 가방 등 3종 구매,제7789부대,아스날(Arsenal)0724
14058,차광막 2종 (조달17-105),공군제10전투비행단,하나실업
14059,"표시기,시간합계식",기동화력계약팀 (구:19.09.16),한성정공
14063,(17-028) 제재목 등 8품목 구입,공군제18전투비행단,더원기술 주식회사
14072,더블섹션 펜꽂이 등 216종,해군본부,주식회사 에스제이상사
14083,정비피복 등 0종 구매,육군 제1군단,삼성테크
14086,철 환봉 등 8종 구매,해군제3함대사령부,(유)목포신도digitalOA
14091,국방색 코아사 등 33종,해군군수사령부,신비코리아
14092,TONER 블랙 등 22종,해군군수사령부,유진엔지니어링
14094,야전배낭,물자계약팀,희림상사
14098,17년 2/4분기 병영훈련용품 등 2건 구매,육군학생군사학교,동호스포츠상사
14104,해병대 고공낙하산 구매,국군재정관리단,주식회사 인스타
14107,A옵세트 등 1163종,해군군수사령부,포빌리언
14111,식중독지수 알리미 19대,해군작전사령부,성준실업
14112,약기 등 7품목,제9181부대,현대기업
14116,17-조-20 이동형점검등 등 2종,공군 작사예하 방포사예하 제2여단,클릭바이 엠알오
14117,"콕,배출용 등 6품목",해군제1수리창,남부상사
14118,공기청정기 2EA 구매,제9121부대,대하종합상사
14122,행사용 접이식 테이블 구매,해군군수사령부,대광산업
14131,야전배낭류,물자계약팀,강서실업
14145,늄합금봉등15종구매,육군종합정비창,(주)종로인더스트리
14146,불연천등66종구매,육군종합정비창,예인상사
14150,쇄석 등 3종,제5738부대,연천종합물산
14151,공기청정기 등 4종,제5738부대,일월종합상사
14160,정비피복 구매(정비화),육군종합정비창,케이엔디 주식회사
14162,"플런저, 신속분리식",기동화력계약팀 (구:19.09.16),대흥정밀
14166,39전대 레이돔 납품설치,공군제19전투비행단,주식회사 스페이스프로
14173,17년 000브리핑체계 구매설치,국군재정관리단,해용정보통신주식회사
14182,메모리 등 27종 구매,제9911부대,애드유통
14184,대잠립 충격흡수형 폼 분리형 튜브,해군제1수리창,(주)동건
14185,이젤 스탠드 등 159종,해군본부,진영상사
14200,동력전달용 유체커플링 구매,공군제11전투비행단,주식회사 기원솔루텍
14211,포트폴리오 등 152종 구매,제9196부대,케이이에스
14214,책장 등 15종,제5738부대,대명리퍼스
14215,3단 이동식서랍 등 31종,제5738부대,대명리퍼스
14219,"스타렉스 콘덴서 쿨러 등 33항목 구매(기장, 해파)",육군군수사령부,부일상사
14222,유무선내시경 2항목 구매(총포),육군군수사령부,에이디링크
14225,시험세트 태칸 구매,제20전투비행단,주식회사 에어로닉스
14231,"살충제,분무식(500ML) 등 8종(17-135)",공군제1전투비행단,란테크
14233,에어다이그라인더 등 3종,해군군수사령부,강원상사
14238,종이컵 등 235종 구매,제2002부대,투알엘 (2RL)
14239,탐침봉 등 4종 구매,제2002부대,신비코리아
14242,대테러 작전용 전술쪼끼 등 11종,해군군수사령부,신우
14243,서보유니트 8EA,해군군수사령부,디케이상사
14253,(17-031) 구두약 등 4품목 구입,공군제18전투비행단,SS종합상사
14254,파티션 등 5종,제5738부대,주식회사 삼원가구
14270,KSM ISO 2049 등 70품목,해군제1수리창,천일서점
14281,양압식공기호흡기 2형 구매,국군재정관리단,아폴론주식회사
14290,"소음기, 배기용 등 106항목 구매(기장)",육군군수사령부,성도산업
14291,스웨터,물자계약팀,SS패션(경동어패럴)
14292,서보 등30종,공군군수사령부,위드스카이
14300,17-109 메인 스피커 등 16종,공군사관학교,주식회사 제이에스원
14301,용융강슬러그 등 16품목,해군제1수리창,삼동유통상사
14303,리모트콘트롤써킷브레이커 등 2종,해군군수사령부,(주)동건
14304,안테나 8EA,해군군수사령부,(주) 자은
14306,액션캠 16대,해군군수사령부,주식회사 이음
14308,대테러용 방탄복 20EA,해군군수사령부,주식회사 스타폴
14331,고무 받침 등 38항목 구매(특무),육군군수사령부,에스와이테크(SY TECH)
14334,투명컷터 등 162품목,제9181부대,금호전기조명(주)
14335,"노즐,소방호스용 1종",해군군수사령부,(주)육송
14336,"플라스틱표적지(E,F형)",유도무기계약팀 (구:19.09.16),엔피씨 주식회사
14341,"연장기, 경고등용",기동화력계약팀 (구:19.09.16),예지산업
14349,대잠립 충격흡수형 폼분리형 튜브,해군제1수리창,(주)동건
14352,재봉틀 등 5종 구매,제9911부대,신상팩토리
14354,에어라쳇 등 57품목,제9181부대,주식회사 효인산업
14355,특수작전용 헬멧 구매,육군교육사령부,주식회사 유티지
14356,윈드실드(2510-700-5417),일반장비계약팀 (구:19.09.16),영광산업사
14374,탄약 정비용 자재 59종 구매,국군재정관리단,삼마상사
14378,크린가드 글로브 등 290품목,해군제1수리창,덕인상사
14382,네임펜 등 320종 구매,제8385부대,대광종합상사
14383,(17-1033)핸디코트외 115품목,공군제17전투비행단,지케이웍스
14385,핸드그라인더 등 17품목,제3283부대,한성산업
14387,부대기 구매,제3283부대,빠른아이
14393,액션캠 등 4품목,제9181부대,동진상사
14395,경추보호대 등 183품목,제9181부대,와이파이컴퍼니
14396,자외선 램프 안전기 등 51품목,제9181부대,금호전기조명(주)
14397,후지인화지 등 101품목 구매,제9227부대,포항케이피엘(KPL)
14399,"예인본체, 수중예인체 2EA",해군군수사령부,아폴론주식회사
14405,슬라이딩캐비넷등 21종 구매,공군군수사령부,(주)한국물류로봇
14407,(17-034) 톤백 등 3품목,공군제18전투비행단,광진종합건재상사
14408,레두샤엘보 등 239종 구매,제9196부대,카라인터내셔널
14409,부대후생용구(이발기계 등 7종) 구매,자운대근무지원연대,와이에치산업
14414,정통대대 - 파워미터 구매(17-72),공군제15특수임무비행단,주식회사 명진시스템
14416,전자 개폐기 등 29종 구매,해군제3함대사령부,(유)한일상사
14420,슈퍼크립 등 797종,해군군수사령부,주식회사 가온산업
14421,유타포어 너클정 등 2종 구매,해군사관학교,주식회사 투크로스
14427,공기청정기 6대 구매,해군작전사령부,이지디(EGD)
14436,USB허브 등 213종,해군작전사령부,세영상사
14437,"코팅키트,알루미늄용,내식성 등 5종",해군군수사령부,케이-부영
14439,17-133 군견(비작전견) 사료 구매,공군교육사령부,지만유통
14440,욕실화 등 22종,제7001부대,아라날
14478,친환경소화기 등 3종 구매 설치,국군재정관리단,주식회사 창우
14489,턴버클 등 70항목 구매(기장),육군군수사령부,조은테크
14495,고주파 그라인드 등 128항목 구매(물자),육군군수사령부,주식회사 쿤스트에프케이
14500,흑색자분 등 12품목,해군제1수리창,다모아상사
14507,계산기 등 79종 구매,제9911부대,하나유통
14510,온도감지기 164EA,해군군수사령부,국제전기
14513,"브래킷, 소화기용 등 7종",해군군수사령부,다올
14518,17년 에어호스,물자계약팀,월드테크
14536,17년 인식표,물자계약팀,보성금속
14568,"배연기,포강용(구매)",기동화력계약팀 (구:19.09.16),주식회사 경성엠티
14570,여과기류,기동화력계약팀 (구:19.09.16),주식회사 서한산업
14571,17년 태극마크,물자계약팀,주식회사 삼환티에프
14595,수입포등17종구매,육군종합정비창,(주)협성산업
14603,블루버드 먼지흡입건 등 1295종,제5738부대,포항케이피엘(KPL)
14604,알곤토체헤드 등 164종 구매,해군제3함대사령부,(유)목포신도digitalOA
14607,이마지지대 등 2항목 구매(특무),육군군수사령부,제이튠테크
14608,소화기멜빵류,물자계약팀,삼부산업 주식회사
14609,호로대,일반장비계약팀 (구:19.09.16),주식회사 우창
14612,"변압기, 펄스용(GPS-98K용)",지휘정찰계약팀 (구:19.09.16),주식회사 듀라텍
14614,형광펜 등 207종,해군본부,계룡상사
14619,롤백상지 등 617품목 구매,제9227부대,포항케이피엘(KPL)
14625,하이패스 단말기 구매,국군수송사령부,주식회사 성진이엔디
14629,RFID 라벨태그등 3종 구매,공군군수사령부,SS종합상사
14722,17-초음파 병기세척기 2대 구매설치,국군재정관리단,골드라벨
14732,실버크립 등 297종,제5738부대,포항케이피엘(KPL)
14742,빨간마후라 목티형 5종,공군군수사령부,（주）씨앤에스코리아（CNS KOREA）
14743,헌병우의 2종,공군군수사령부,주식회사 나루지엠에스
14755,수저세트 등 66종,해군 기동함대사령부,주식회사우정상사
14757,휴대용서치라이트 등 18종 구매,제8385부대,서울유통
14763,쇄석자각 등 2종,해군작전사령부,경남상사
14765,"아스테이지 1,250롤 구매",합동군사대학교,한신종합상사
14768,세이플러스 점보롤 티슈 등 906종 구매,제9121부대,오피스타운서부산점
14769,"제본용PVC 등 1,160종 구매",제9121부대,구룡종합상사
14770,"램프, 수은등 4EA",해군군수사령부,주식회사 베스트램프
14771,"날,유압식 절단용 14EA",해군군수사령부,대하종합상사
14774,브이벨트 등 14종,해군군수사령부,에스와이테크
14775,중형압력기 1EA,해군군수사령부,안전유압기계
14776,플라스틱 깔판(팰릿) 구매,공군군수사령부,티피씨 주식회사
14778,분류표기용 라벨 등 463종,해군군수사령부,인에이드
14779,화공 및 방역 약품 구매,제3707부대,예원
14781,YKK 청동지퍼 등 1229종,제5738부대,드림오피스
14783,0000 00 체계 분석 자재 구매,국군재정관리단,주식회사 희망에어텍
14785,17년 공군 디지털 방사선 촬영기 구매,국군재정관리단,나우주식회사
14786,YKK 청동지퍼 등 1229종,제5738부대,드림오피스
14798,다이얼게이지 등 279종 구매,해군제3함대사령부,(유)목포신도digitalOA
14803,ATCIS 운용용품 구매,제17보병사단,엘엔제이(L&J)
14805,(17-0099)위험물 보관함외 2품목,공군제17전투비행단,다다상사
14807,제트스트림 등 353종,해군교육사령부,대하종합상사
14808,후지제록스 디지털 현상제 등 23종,해군교육사령부,선우블라인드 커튼
14810,`17-00학교 실습재료(진공부목 등 7종) 구매,국군의무학교,오투솔루션
14812,미세먼지 방지 마스크 구매,제7001부대,에스더 기획
14815,내비게이션 등 3품목 구매,제9691부대,정평테크
14823,가지 등 126종,제7001부대,지(g)-마트
14831,캐비넷 등 30품목 구매,공군군수사령부,주식회사 엔에이치
14842,감정재료 구매(포장용 완충제 등 134종),국방부조사본부,(주) 미주엠알오
14853,17년 섬광폭음탄,유도무기계약팀 (구:19.09.16),고려화공 주식회사
14855,전동연필깍이 등 233종,해군본부,나이스안전산업
14856,네임펜 등 48종 구매,제9911부대,주식회사 티앤제이커뮤니케이션
14857,그릇 등 22종 구매,제9911부대,무한씨엔씨
14858,17년 25파운드 연습탄,유도무기계약팀 (구:19.09.16),창성기업
14859,17년 25파운드 연습탄,유도무기계약팀 (구:19.09.16),창성기업
14861,자동스텐실기 등 66종 구매,제3170부대,금오아이엔씨
14864,아연밴드 등 151종 구매,제3170부대,상주상사
14865,잡초방제용 부직포 구매,제3170부대,N.P교역
14870,보호대 등 11품목,제9181부대,주식회사 베니올
14871,방독마스크 등 8종,해군제2수리창,동진상사
14877,17년 25파운드 연습탄,유도무기계약팀 (구:19.09.16),창성기업
14889,"확성기, 영구자석식",통신장비계약팀 (구:19.09.16),(주)토탈음향
14891,사병외투,물자계약팀,주식회사 신한모드
14892,베개류,물자계약팀,주식회사 킴블스
14904,이동식 콤프레샤 등 11종,제5738부대,일월종합상사
14913,공학해석 학습프로그램(Anasis&Ls-dyna) 구매,육군3사관학교,주식회사 아이펨
14914,17년 생도선발 모의토익 구매,육군3사관학교,시사토익대구지사
14915,17-081 접착PVC 켈지 등 67종,공군사관학교,에스엠씨
14917,17-090 팝업 등 118종,공군사관학교,HOON 컴퍼니
14923,네오시덤연고 등 30종,해군교육사령부,주식회사 디제이팜
14926,알루미늄봉인 등 24종 구매,제8385부대,금성종합상사
14934,만능측장기 구매,국군재정관리단,마하코리아(주)
14942,"호이스트, 체인식 등 27종",해군군수사령부,주식회사 제일산기
14944,해파 커버 스트드 리스레딩 도구 등 11종,해군군수사령부,중앙엠티에스 주식회사
14945,"브래킷, 설치용 등 2종",해군군수사령부,대성테크
14950,00탄 3종 구매,제9965부대,(주)한국콘티넨탈상사
14951,하계 특수화 구매,제9965부대,금산
14966,헬멧 등 10품목 구매,제3283부대,티씨씨엔지니어링(주)
14968,작동실 램프 등 28종,공군군수사령부,타이어프라자
14970,"변환기,신호자료용 등 13종",해군제2수리창,경기종합상사
14971,더스트프리 지우개 등 206품목,해군제1수리창,알파동해점
14973,회전속도계 등 29품목,해군제1수리창,정우종합건자재
14977,송수화기 등 3종 구매,해군제3함대사령부,(주)한일
14981,스카트 물티슈 등 236종,해군교육사령부,에이엔디
14983,국기검 시험재료비 105종 구매,육군 제1군단,해원산업
14987,취사 기구류 20종 구매,국방대학교,고려기술상공
14988,디스크휠,일반장비계약팀 (구:19.09.16),주식회사 태광특수산업
14989,이불커버류,물자계약팀,제일피복공업 주식회사
14991,이불류,물자계약팀,(주)보광아이엔티
14992,비파괴 검사실 구성품 등 설치납품,육군항공사령부,경도양행(주)
14996,예초기 등 2종 구매,자운대근무지원연대,엘림기획
15000,공군 전자감응식 헤드셋 구매,국군재정관리단,한국쓰리엠(주)
15013,고무박스 등 53종 구매,제8385부대,대광종합상사
15014,고무경계석 등 10종 구매,제8385부대,주식회사진도아이비에스
15018,골드 티타늄 컷터(대형)날 등 334종,해군작전사령부,동덕아크릴
15019,엡손 프리미엄 광택 사진 인화지A4 등 186종,해군작전사령부,영화상사
15024,클러치 부스터 등 194종 구매,공군군수사령부,대신산업
15028,백엽상 제작 구매,국방부계룡대근무지원단,드림으뜸상사
15032,고체에어로졸 자동소화기 등 8종 구매 설치,제9121부대,중앙방재서비스주식회사
15033,주파수 변환기 1EA,해군군수사령부,에이씨피코리아주식회사
15034,램프 등 9종,해군군수사령부,에스투 (S2) 테크
15036,음탐기 성능측정용 신호발생기 4EA,해군군수사령부,주식회사 에어로닉스
15045,"17년 방상외피 원단, 해병대",물자계약팀,티에이케이텍스타일 주식회사
15046,"17년 방상외피 원단, 3군 공통",물자계약팀,티에이케이텍스타일 주식회사
15050,밀링머신 구매,제20전투비행단,N.P교역
15051,잭박스,함정계약팀 (구:19.09.16),광성전기(주)
15066,"간격유지기,봉합식 37EA",해군군수사령부,수연상사
15067,집광기 19EA,해군군수사령부,세영정기
15076,"17-F-003, 보오스코우프 키트 구매",국군재정관리단,올림푸스한국(주)
15077,17-사진편집기 등 7종 구매설치,국군재정관리단,주식회사 젠탑(GENTOP)
15091,고체형광펜 등 292종,해군교육사령부,주광유통
15093,KCC마이톤 등 32품목,제3283부대,주식회사 이앤아이
15095,알토색소폰리드 등 21종 구매,제8385부대,강원상사
15103,개스킷 등 15종,해군군수사령부,주식회사 케이에스아이티
15112,엘보우류,기동화력계약팀 (구:19.09.16),삼호정밀
15115,면봉등45종구매,육군종합정비창,금성물산 주식회사
15117,(17-019) 견인식 제초기,공군제18전투비행단,더원기술 주식회사
15123,사진인화지 등 8품목,제9해병여단,한국 엔케이 주식회사
15124,D형주주 등 28종,제5738부대,일월종합상사
15129,예비연소용챔버,기동화력계약팀 (구:19.09.16),건웅테크 주식회사
15132,삼파장 램프 등 40종,제7001부대,한길
15133,원목송곳 등 61종 구매,제9911부대,무한씨엔씨
15137,탄약 정비자재(105밀리 철약협용 28종) 구매,육군 탄약지원사령부,조인
15141,주소용 라벨 등 262종,해군교육사령부,유진상사
15143,애니볼 유성펜 등 215종,해군교육사령부,에이엔디
15145,제도샤프 등 181종,해군교육사령부,주식회사보승글로벌
15149,제수변핸들 등 193종 구매,제3170부대,헵시바상사
15154,건조기벨트 등 105품목,제9181부대,경기종합상사
15155,"체인,용접식 등 25종",해군군수사령부,주식회사 케이에스아이티
15163,XL 벨브소켓 등 175종(17-040),공군제1전투비행단,주식회사 보성
15167,휀다 및 판류,기동화력계약팀 (구:19.09.16),(주)대립
15170,서바이벌 총기 구매,제3697부대,NPB타운
15171,PP박스 및 황사마스크 구매,제3697부대,제이에스 파트너스
15174,"연결축, 우측용",기동화력계약팀 (구:19.09.16),그린스틸
15184,독신숙소 디지털 도어락 설치납품,제3공수특전여단,신명
15190,휴대용 라디오,제9912부대,주식회사 미카모카
15193,페브리즈 등 104종,해군교육사령부,기룡아이엔씨
15195,컬러 정부파일 등 261종,해군교육사령부,주식회사 제이엠텔레콤
15196,윈도우 pro 10 구매,해군교육사령부,효원
15198,다이어리 등 164종,해군교육사령부,에이엔디
15200,17년 신병 군장품 부착,육군 제37보병사단,제이케이컴퍼니
15203,플러스 펜 등 111종 구매,제9911부대,무한씨엔씨
15204,기혼숙소 전자도어락 구매 설치,제15보병사단,주식회사진도아이비에스
15208,어선용 닻 등 12종 구매(연평도 납품),연평부대,범원실업
15211,00부대 통신운영용품 구매,제1363부대,진테크
15228,보급대대 창고 랙 현대화 조달,공군제19전투비행단,주식회사 유일스토리지
15242,"힌지, 띠줄용 등 30항목 구매(기장)",육군군수사령부,효은산업
15244,"게이지,전해질 수위용 1종",해군군수사령부,유정오피스
15245,X-선용 튜브 헤드스탠드 구매,공군제11전투비행단,조은나래
15250,하이드로코티손 크림 등 60종 구매,제2002부대,주식회사 한스피엠아이
15256,"니플,튜브용",기동화력계약팀 (구:19.09.16),대성정밀주식회사
15268,수영물자류 3종 구매,국군재정관리단,주식회사 이음
15269,17-00장 전자유도 겸용 골프카트 구매,국군재정관리단,주식회사 다인
15285,"시일, 밀봉형 67EA",해군군수사령부,대동금속공업사
15299,대기용활성탄 등 12종,해군군수사령부,창신기계공업 주식회사
15309,AC/DC POWER MODULE,해군제1수리창,다모아상사
15310,결재판 등 90종 구매,제8385부대,영동문구센타
15311,갈퀴 등 10품목 구매,제9691부대,모두라운드
15313,전자렌지 등 8품목 구매,제9691부대,리엔텍
15315,취사용 앞치마 등 3종 구매,제3170부대,남도테크
15319,천연방충탈취제 등 2종,해군군수사령부,조인
15320,내화비밀보관함 55EA,해군군수사령부,범일금고(주)
15321,저울(30kg) 등 2종,해군군수사령부,(주)에이컴
15323,수영팬티 등 8종,해군군수사령부,주식회사 예일물산
15325,UDT 중절모 등 7종,해군군수사령부,주식회사 중앙양행
15326,해군 사후생 가방 등 2종,해군군수사령부,주식회사 라일락
15332,포탄 조립체 등 4종,해군군수사령부,현대산업
15334,청관제 1항목 구매(물자),육군군수사령부,고려케미칼
15335,ISU 설치 및 제거기 등 43항목 구매(물자),육군군수사령부,(주)서광오토테크
15343,CNC 방전가공기,국군재정관리단,(유)목양
15344,신호발생기 구매,국군재정관리단,천두기업
15346,고정형 3D 스캐너 등 5종 구매,국군재정관리단,아폴론주식회사
15349,17-이발가위 등 2종 구매,국군재정관리단,금산
15357,마사토 등 2종,제7001부대,주광유통
15359,파티션 등 5종 구매,공군제19전투비행단,주식회사 삼원가구
15362,데스크탑 등 4종(17-64),공군제10전투비행단,다내거
15369,2분기 발간재료 구매,제3707부대,불토스
15375,재난예방 사각개비온 구매,제1862부대,주식회사 이루통상
15376,무반동총 축사기류,유도무기계약팀 (구:19.09.16),진우공업사
15379,싸이렌 등 18종 구매,해군제3함대사령부,동서종합상사
15383,강화도어 등 181종 구매,제9196부대,키엔
15385,램프 등 4종,재경근무지원대대,주식회사 더블유제이 물산
15391,마디카 등 73종,해군교육사령부,한성
15400,수사관 점퍼 등 3종,해군군수사령부,오카디엘
15401,흡입다기관 등 12종,해군군수사령부,제일테크
15402,인덱스 탭 등 73종,해군본부,현대상사
15408,00지역 이동식 화장실 설치 납품,제2작전사령부,주식회사 지에스시엔티
15409,칼마토 등 14종 구매,해군제3함대사령부,동서종합상사
15419,예비군훈련용 포그머신(연무기) 구매 납품,제6755부대,영진상사
15424,하네스류,기동화력계약팀 (구:19.09.16),대호정기(주)
15429,2.5톤레버등13종구매,육군종합정비창,영진상사
15430,유압호스 등 35종 구매,육군종합정비창,영진상사
15434,유압식천공기세트 등 19품목,제9해병여단,시온하이텍
15437,유도식대조기 등 43품목,제9해병여단,우진
15446,취반기 등 00종 구매,국방부근무지원단,경기종합상사
15447,국립서울현충원 외곽담장 디자인 휀스 제작 및 설치,국립서울현충원,동신공영(주)
15449,하네스류,일반장비계약팀 (구:19.09.16),대호정기(주)
15451,탐지3호용 하이드로폰,지휘정찰계약팀 (구:19.09.16),주식회사 시너스텍
15459,보존식 용기 1항목 구매(물자),육군군수사령부,(주)대우금속개발
15479,00부대 대형전시체계 구매설치,국군재정관리단,(주)라인정보시스템
15482,Kischner wire(1.2) 등 5종,제5738부대,MK메디칼
15483,텀블러 등 72종,제5738부대,안동명성약품
15484,SST TUBE 5ml 등 50종,제5738부대,와이파이컴퍼니
15485,벤토린흡입액 등 108종,제5738부대,삼성팜
15489,다단식 선반 등 4종,공군군수사령부,주식회사 성원산업
15490,방화복(소방용),공군군수사령부,엘리트동방어페럴
15492,"암,조준구 연장대 뭉치용",기동화력계약팀 (구:19.09.16),디씨에이치(주)
15504,모체기판 8EA,해군군수사령부,주식회사 능인솔루션
15505,초음파누설검사기 1EA,해군군수사령부,(주)비아이엔씨
15506,"링, 피스톤용 등 74종",해군군수사령부,범한산업 주식회사
15511,오존발생기 베셀 교체,육군종합정비창,(주)원하이테크
15512,00부대 체계운영유지 소모품 구매,육군과학화전투훈련단,강원CNS
15518,17년 6.25 전사자 유전자검사 시약 재료 구매,국군재정관리단,(주) 호일바이오메드
15526,구두주걱 등 20종 구매,제9911부대,우성무역
15534,워터호스릴 등 34품목,제3283부대,제이제이유통
15535,냉동기세트 1.5톤,함정계약팀 (구:19.09.16),신라이앤티 주식회사
15537,국방양면 코팅 면범포지 73인치 구매,육군종합정비창,（주）씨앤에스코리아（CNS KOREA）
15552,"게이지,전해질 수위용 1종",해군군수사령부,국제전기
15553,"(조달)3훈비 고정구 등 2품목(17-1-55,56)구매",제3훈련비행단,대광산업
15557,사복탁송용 박스 구매,제3283부대,미니비니유통
15558,디지털 캠코더 등 3종,해군작전사령부,대하종합상사
15559,스텐주름관 등 51종,재경근무지원대대,윤설
15561,플러스펜 등 181종 구매,제8385부대,비시루상사
15562,WAN가속기 3대 구매,해군작전사령부,금호상사
15564,"자동점멸기, 반도체형 등 6종",해군작전사령부,천국산업
15565,오더피커 구매,육군군수사령부,남양상사
15569,생구 구매(연평도 납품),연평부대,"주식회사 와이케이이노베이션 (YK Inovation Co.,Ltd.)"
15571,군범죄 유전자검사 시약재료 구매,국군재정관리단,(주)한국유전자정보연구원
15573,CO2소화기 등 3종,해군군수사령부,동아화이어테크 주식회사
15576,(17-0046)건식잠수복,공군제17전투비행단,지케이웍스
15579,"와이어, 전기용",일반장비계약팀 (구:19.09.16),연합정밀(주)
15591,A4라벨 등 209종,해군본부,드림으뜸상사
15594,무늬코트 등 5품목,해군제1수리창,삼동유통상사
15606,안전우의등19종구매,육군종합정비창,우영상사
15607,슈퍼메탈등4종구매,육군종합정비창,주식회사 오케이 다대
15608,헬멧부속재,물자계약팀,삼부산업 주식회사
15613,구두솔 등3품목 구매,국군재정관리단,오리표씽크공장
15614,플룻 등 19종 구매,국군재정관리단,주식회사 대동엠테크
15619,유압투명모델 실습기구 등 4종,해군교육사령부,성화종합상사
15620,마루광택기 구매,제9691부대,무한씨엔씨
15622,칼라리본 등 62품목 구매,제9691부대,엠케이서비스
15623,스텐주름관 등 104종 구매,제8385부대,주식회사 유니엠케이
15625,북엔드 등 251품목,제3283부대,그리드코리아
15627,전투배낭 구매,제3283부대,주식회사 코아미
15629,USB 먼지마개 등 61종 구매,제3697부대,국제
15631,이동식 작업대 등 7종 구매,해군군수사령부,주식회사 케이에스아이티
15632,프레임리프트 등 3종,해군군수사령부,주식회사 케이에스아이티
15635,심장세동제거기 사단용 등 2종,해군군수사령부,하이펙 주식회사
15637,개선 안면마스크,물자계약팀,한일피복공업(주)
15644,미8군 초등학교 전자제품(건조기등 5종) 구매 설치,국군재정관리단,사수상사
15649,작동기 등 21종 구매,공군군수사령부,주식회사 에어로닉스
15651,취사용 앞치마 등 3종 구매,제3170부대,신성통신(주)
15654,정보분석조용 보관낭 구매,제9691부대,영화산업
15658,해군 동잠바 깃털 등 8종,해군군수사령부,성신양행
15659,냉동기세트 3톤,함정계약팀 (구:19.09.16),신라이앤티 주식회사
15667,점보롤 화장지 등 2종 구매,제20전투비행단,유한회사 함께하는 사람들
15679,특정지역 구매품류 구매,수도방위사령부,현진
15680,벨브류,기동화력계약팀 (구:19.09.16),영광산업사
15682,공마대등5종구매,육군종합정비창,경기종합상사
15685,의장대대 여군행사복 구매,국방부근무지원단,(주)테스온
15687,ATCIS운용 용품 구매,제6955부대,리엔텍
15693,열쇠보관함 등 132종,제5738부대,드림오피스
15694,라벨 등 764종 구매,해군제3함대사령부,마이크로트렌드
15705,`17-00학교 심폐소생술 마네킨 등 12종 구매,국군의무학교,주식회사 제이엠메디칼
15709,"17-049,051,064,076 세척기 등 6종",공군사관학교,영원종합상사
15711,문형검색대 3개,해군작전사령부,경남상사
15715,공업용콤프레샤 등 2종 구매,해군제3함대사령부,미래종합상사
15716,고무링 등 4종 구매,해군제3함대사령부,(유)목포신도digitalOA
15717,산악침투강하헬멧 등 3종 구매,제3170부대,해원산업
15719,결속가락지 등 4종,해군군수사령부,성우팜
15721,"스위칭 그룹, 디지털 자료용 등 2종",해군군수사령부,걸작
15723,DGPS 안테나 등 3종,해군군수사령부,주식회사우정상사
15725,탄창 60EA,해군군수사령부,주식회사 케이씨아이
15726,피스톤 등 5종,해군군수사령부,성우팜
15740,와이어컷 방전가공기 구매,국군재정관리단,(주)정산
15754,사무용가위 등 203종 구매,제8385부대,알파동해점
15760,"항-17-006,009,011 ANTIFOG 등 51종",공군사관학교,온케어메디홀주식회사
15764,"링, 피스톤용 등 16품목",해군제1수리창,남부상사
15765,피브시 폼 등 5품목,해군제1수리창,삼동유통상사
15775,약품포장기 자동식 구매,공군군수사령부,서진메디칼
15777,이불 등 38종 구매,제9911부대,무한씨엔씨
15778,Y형 빨래건조대 등 10종 구매,제2002부대,제이투산업
15779,트리뷰프로에어 등 6종 구매,제9911부대,무한씨엔씨
15781,연습공 세턱 건조기  구매/설치,제9691부대,에코텍
15784,월동파카(헌병용) 등 25종,해군군수사령부,주식회사 동곡
15785,정모 A형 등 3종,해군군수사령부,화인캡
15786,"패킹,성형식 등 3종",해군군수사령부,와이티원
15789,고무판 등 13종,해군군수사령부,부산고무
15793,피스톤 내연기관용 등 28종,해군군수사령부,주식회사제이지테크원
15794,여과기 등 18종,해군군수사령부,주식회사 한강필터
15795,냉각수 첨가제 85EA,해군군수사령부,에이스철물건자재주식회사
15796,야전앰프 9EA,해군군수사령부,엘림네트웍스 주식회사
15800,인스트팁등209종구매,육군종합정비창,주식회사제이지테크원
15802,PE 필름 구매,국군재정관리단,주식회사유일화학
15805,메쉬파레트,제5738부대,제이에스탑
15806,"스텐,전접봉 등 5종",해군군수사령부,동우철강(주)
15811,예초기(평지형) 80EA,해군군수사령부,(주)델타
15815,호스류,함정계약팀 (구:19.09.16),건일테크
15821,X-RAY 수화물 검색기 구매 설치,국군재정관리단,주식회사 인씨스
15823,필름현상기 구매,국군재정관리단,주식회사 에버파인
15825,17-해-건식 잠수복 등 3종 구매,국군재정관리단,(주)아성넷
15826,안전보호용품(방진마스크 등) 33종 구매,국군재정관리단,명지사
15836,라미네이팅 파우치 필름 등 741품목 구매,제9691부대,주식회사제현산업
15837,스카치 강력풀 등 523품목 구매,제9691부대,이레
15838,후지정품인화지 등 459품목 구매,제9691부대,강일에스티
15844,플랜지 등 18종,해군군수사령부,앤드텍(ANDTech)
15847,전동방화 셔터문 5개소 설치납품,육군 제30기갑여단,나래기업
15869,"샌딩기,캐비넷식,총기용 1항목 구매(총포)",육군군수사령부,와이티원
15871,X-선 필름 자동 현상기 구매설치,제20전투비행단,주식회사 큐씨에스
15880,콘덴서 등 2종 구매,해군제3함대사령부,동서종합상사
15883,국자 등 6종 구매,제3170부대,조광유통
15886,코브라수전 등 12종 구매,제9911부대,주식회사 에프앤지아이
15887,연필세트 등 32종 구매,제9911부대,모두라운드
15898,동계취사복 등 4종,해군군수사령부,주식회사 인화물산
15900,콜드 파이어 등 2종,해군군수사령부,찰스인코리아
15901,"취사방한조끼 2,000EA",해군군수사령부,해성스포츠
15902,힌지 등 22종,해군군수사령부,(주)디에스인프라
15909,오링 등 5종,해군군수사령부,와이티원
15911,방화벽 구매,제9965부대,주식회사 시스텍
15917,00여단 식기세척기 임차 계약,육군 제1군단,주식회사 나비원
15918,폴리우레탄코팅제등2종구매,육군종합정비창,21세기 산업
15920,육군 베레모,물자계약팀,삼진제모(주)
15927,기독교 성찬주 구매,육군본부,참마음유통
15931,바클 등 3품목,제9181부대,이즈컴넷
15933,저항(감쇄기),해군제1수리창,삼동유통상사
15937,파워퓨즈 유니트 등 54종 구매,공군제11전투비행단,성봉종합상사
15938,보쉬 디스크 그라인더 등 19품목 구매,제9227부대,행복한 동자네
15940,육상전원플러그 등 5종 구매,해군제3함대사령부,신용상사
15943,17-00간부숙소 방충망 구매 설치,제7001부대,주식회사 서진컨설팅
15944,17-00간부숙소 강화도어 구매 설치,제7001부대,케이엔디 주식회사
15954,물자보관 선반 등 2종,제7001부대,(주)원진
15960,빗자루 등 184품목,제3283부대,기원상사
15963,랜턴 전기식 등 2종,해군군수사령부,(주)델타
15964,디스플레이 유닛 1EA,해군군수사령부,주식회사 시스텍
15977,2017년 심장세동제거기 사단용 구매,국군의무사령부,주식회사 한스피엠아이
15978,17-044 국내서 연간구매,공군사관학교,홍문당서적
15979,수영복 등 5종,해군교육사령부,케이투메디칼
15986,오-링 등 8종,해군군수사령부,동아종합상사
15988,함미 예인등(황색) 등 2종,해군군수사령부,(주)인터메탈
15990,아치바인더 등 139종,해군본부,청일산업
15992,복지금 전기 이발기 등 8종 군수연동,제9911부대,조인
15996,00부대 독신숙소 도어락 설치납품,제8기동사단,주식회사 지지커뮤니케이션
15998,축구공 등 18품목,제9181부대,진영상사
16001,턴버클 등 4종,해군군수사령부,와이티원
16003,엘보 등 23종,해군군수사령부,(주)원진
16017,17년 화학물자 구매,제1군수지원사령부,경원산소(주)
16018,(17-0003)전압용 교정기,공군제17전투비행단,에이디링크
16020,쥐끈끈이 등 2종 구매,제3170부대,주식회사 이앤아이
16022,칼(정글도) 등 6품목,제9181부대,대진통상
16024,식탁,물자계약팀,주식회사 코아스
16029,도화용붓등36종구매,육군종합정비창,구룡종합상사
16030,건조제등4종구매,육군종합정비창,삼일이화학상사
16031,에칠알콜등11종구매,육군종합정비창,삼일이화학상사
16032,황산닉켈등8종구매,육군종합정비창,마창케미칼 주식회사
16033,철브러쉬등51종구매,육군종합정비창,주식회사 모든통상
16037,17-해-회중전등 등 4종 구매,국군재정관리단,유한회사 한빛기업
16042,105밀리 보호캡 등 2종 구매,국군재정관리단,동우코퍼레이션
16050,유제버킷 등 25종 구매,공군군수사령부,주식회사 지컴
16051,발 건조기 2개 구매,해군교육사령부,대하종합상사
16055,동지단 위병소 출입통제 체계 납품(설치포함),제3283부대,(주)동진정보통신
16059,식기소독보관함류,물자계약팀,선경산업
16062,아세톤 등 3종,공군군수사령부,삼일이화학상사
16073,17-1차 정보화 운영재료 구매,국군재정관리단,현대산업
16077,"전극,용접용 등 5종",해군군수사령부,제일테크
16084,"포장기,진공용,총기용 1항목 구매(총포)",육군군수사령부,에이블테크
16087,NBR글러브 등 16종 구매,공군군수사령부,주식회사 유니케이
16088,종이 타올,공군군수사령부,핀에스코리아 주식회사
16089,"(17-0002)시험세트, 싱크로용",공군제17전투비행단,주식회사 유엔위솔루션
16096,브이벨트 등 51종 구매,해군제3함대사령부,(유)목포신도digitalOA
16097,조향등 등 4종,해군군수사령부,세종상사
16106,"변환기, 전력용, 정지형 1종",해군군수사령부,에이치앤주식회사
16110,고압호스 등 23품목,제9181부대,지니종합상사
16116,리어카 등 3종,해군군수사령부,(주)디에스인프라
16119,"슬링, 원형 19EA",해군군수사령부,라온유통
16120,안정기 등 5종,해군군수사령부,국제전기
16121,이음쇠 등 5종,해군군수사령부,탑앤케이코리아 주식회사
16122,자물쇠 등 6종,해군군수사령부,성신양행
16123,"단열판,방열용 등 3종",해군군수사령부,(주)성창
16124,"랜턴, 전기식 등  2종",해군군수사령부,대양전기공업(주)
16125,VHF 조난통신기 14EA,해군군수사령부,씨나비정보기술주식회사
16126,분광광도계 수질분석형 1EA,해군군수사령부,(주)에스티앤비
16127,원추형 풍속기 100EA,해군군수사령부,(주)디에스인프라
16129,"접속기, 섬유광학 도선용 등 2종",해군군수사령부,주식회사 모두스
16131,군마사료 건초 구매,육군사관학교,피드산업
16139,유압호스 등 41종 구매,육군종합정비창,두원테크
16147,031-쇄석3종,공군제16전투비행단,진솔루션
16148,030-스텐용접캡등67종,공군제16전투비행단,세영컴퍼니
16149,00부대 방열기 교체 자재구매,제1862부대,가나안상사
16150,정기 등 7품목,제9181부대,이터널
16153,"래그, 문지르기용 4,000DK",해군군수사령부,강원상사
16154,"박스, 플라스틱(주) 8,000EA",해군군수사령부,클린톤전자
16155,원목체어 구매,제9227부대,우영상사
16159,사무용가위 등 85품목,제9181부대,럭키상사
16164,스텐바 등 15종 구매,해군제3함대사령부,신용상사
16166,전동 연필깍기 등 123종 구매,제8385부대,영동문구센타
16170,게보린 등 134품목 구매,제9227부대,주식회사 성우약품
16171,캐패시터 1종,해군군수사령부,세종상사
16172,제어유니트 카드 1종,해군군수사령부,국제전기
16174,"게이지,전해질 수위용 1종",해군군수사령부,성광상사
16176,윈도콘트롤 등 2종,해군군수사령부,케이-부영
16181,철환봉 등 8품목,해군제1수리창,다모아상사
16182,송수화기 13EA,해군군수사령부,주식회사제이지테크원
16184,시체냉동기 2구용 등 2종,해군군수사령부,주식회사 시스텍
16185,표면오염도검사기 등 2종,해군군수사령부,가나안상사
16187,심전도계 사단용 등 2종,해군군수사령부,한스메디칼
16195,부분순간냉각제등 22종 구매(항정단),육군종합정비창,삼일이화학상사
16196,5톤 브래킷트등11종구매,육군종합정비창,대흥정밀
16197,호스등3종구매,육군종합정비창,와이티원
16199,마봉강등115종구매,육군종합정비창,화성ENG
16201,수저 식판 배분대 등 4종,공군군수사령부,한라주방기구 주식회사
16208,소화기 구매,공군제11전투비행단,미성종합
16211,에어건 등 71품목 구매,제9691부대,재재유통
16213,L3 SW A형 등 3품목 구매,제9691부대,위아굿즈
16218,레이저 포인트 등 208종 구매,제9911부대,시대종합전기(주)
16225,네임펜 등 72종 구매,제9911부대,주연ICT
16226,규산 등 248종,해군제2수리창,금호전기조명(주)
16236,17년 고공낙하산 등 2종 구매,국군재정관리단,주식회사 에이번
16245,OMR 스캐너 세트,제9691부대,주식회사 리얼스마트
16247,환자용옷장 46항목 구매 설치(의무),육군군수사령부,(주)바로컴
16259,취약점 진단 도구 구매,국군재정관리단,대신정보통신 주식회사
16260,스텐평식기 등 8종 구매,국군재정관리단,동아유통
16264,철띠 등 263종 구매,해군제3함대사령부,(유)목포신도digitalOA
16265,WD-40 등 459종 구매,해군제3함대사령부,동서종합상사
16277,압력 감지기 등 1항목 구매(궤도),육군군수사령부,티에스케이
16288,온도계 등 6품목,해군제1수리창,다모아상사
16289,중하중용 캐스터,해군제1수리창,영동상사
16292,녹제거제 등 189종,해군 기동함대사령부,나래기업
16294,무코스타 정 등 19종,해군 기동함대사령부,(주)석호약품
16296,유아용 수면조끼 등 2종,해군본부,성신양행
16304,전동 파레트 트럭 구매,공군군수사령부,(주)디에스인프라
16307,1/4분기 정보통신용품 구매,육군종합정비창,우리두리
16309,블랙박스 등 5종 구매설치납품,자운대근무지원연대,주식회사우정상사
16312,독신숙소 전자도어락 구매/설치,제15보병사단,유한회사 제일이엔지
16316,철 후렌지 등 4종 구매,해군제3함대사령부,대건상사
16318,스크레치랩 등 18종 구매,제3170부대,동아유통
16321,함수발생기 12대 구매,해군사관학교,엠넷글로벌
16326,표창장 케이스 구매,제9691부대,헤럴드
16328,아스테이지 등 45종구매,제9911부대,제이엠(J·M)
16332,봉합재키트 등 2종,해군제2수리창,세일상사
16333,다이아프램 등 2종,해군제2수리창,인화정공
16335,트럼펫 등 14품목,제9181부대,엠넷글로벌
16338,봉합재키트 등 2종,해군제2수리창,세일상사
16339,다이아프램 등 2종,해군제2수리창,인화정공
16340,스피너 등 260종 구매,제8385부대,주식회사 이룸
16342,스티커 제거제 등 167종,제7001부대,헵시바상사
16344,패킹 등 68종,해군군수사령부,범한산업 주식회사
16345,압력계 등 41종,해군군수사령부,(주)디에스인프라
16349,"특수봉인지 3,437,400SH",해군군수사령부,주식회사 성진이엔디
16351,피스톤 핀 등 65종,해군군수사령부,세일상사
16361,공항관리대 - 맨리프트카(17-16),공군제15특수임무비행단,리펭코리아 주식회사
16362,파병 티셔츠 등 3종,해군작전사령부,(주) 대원이노스
16363,"링, 피스톤용",함정계약팀 (구:19.09.16),조은테크
16372,용융제강슬러그 등 13품목,해군제1수리창,금성종합상사
16377,클램프 등 19종,해군군수사령부,미래상사
16389,무릎/ 팔꿈치 보호대 구매,육군사관학교,시온하이텍
16391,빔프로젝트 램프 등151종,해군작전사령부,아라날
16394,훈련교관 벨트 등 252품목,제3283부대,현대가구
16397,스폰지 수세미 등 67종,제7001부대,(주)원진
16398,알루미늄판 등 18종 구매,해군제3함대사령부,(주)한일
16399,디지털상황판 등 5품목,제9181부대,지니종합상사
16406,고체풀 등 248종 구매,제8385부대,비시루상사
16407,주조 산업기사 필기 등 32품목,해군제1수리창,비시루상사
16408,공마대 등 3종 구매,제8385부대,신화랜드
16413,TONER 블랙 등 19종,해군군수사령부,성은통상
16414,후물용 본봉침판 등 30종,해군군수사령부,안보종합상사
16420,00지역 군숙소 썬팅지 철거 및 설치,자운대근무지원연대,빛모아
16424,주파수변환기(조달17-22),공군제10전투비행단,재재유통
16427,육군 군기(부대기 등 10종) 제작,국군재정관리단,(주)모던애드
16429,"브래킷,앞차뒷쪽안전벨트 등 7항목 구매(기장)",육군군수사령부,하이펙 주식회사
16435,"덮개, 탄약용 등 19항목 구매(특무)",육군군수사령부,주식회사 태성정밀
16437,자동에어릴 등 60항목 구매(물자),육군군수사령부,주식회사 신일프리노스
16438,"선반,적하용,탄약용 등 99항목 구매(궤도)",육군군수사령부,와이티원
16442,1경기대(육상부) 운동용품 구매,국군체육부대,기룡아이엔씨
16443,정비피복(면장갑 등 3종) 구매,공군제11전투비행단,하이파워
16450,"유니트쿨러,육고 1종",해군군수사령부,주식회사보승글로벌
16453,네임펜 등 128종,해군본부,나이스안전산업
16455,전자 개폐기 등 10종,해군제2수리창,지니종합상사
16456,접속자 등 350품목,제9181부대,주식회사 효인산업
16457,전자 개폐기 등 10종,해군제2수리창,지니종합상사
16461,00지역 특정전투화 등 2종구매,수도방위사령부,왕중사
16463,솔다링페이스트등23종구매,육군종합정비창,서화테크
16464,수입솔등100종구매,육군종합정비창,주식회사 효인산업
16467,늄합금봉등17종구매,육군종합정비창,(주)종로인더스트리
16481,전기 인덕션 국솥 4개 구매설치,해군작전사령부,삼주이엔지 주식회사
16498,콤프레샤 등 13종,해군작전사령부,백야테크
16505,멸균기 소형 사단용 14EA,해군군수사령부,엔씨메디칼
16509,(17-002) 무선기용 시험세트,공군제18전투비행단,주식회사 에이치투엘테크놀로지
16511,00지역 큐브램프 구매,국군지휘통신사령부,대광종합상사
16516,17-045 보틀PET 등 2종,공군사관학교,HOON 컴퍼니
16518,제어유니트 카드 1종,해군군수사령부,국제전기
16519,"작동기,전기-기계식,선형 1종",해군군수사령부,영성기업사
16523,홍송 등 4종,해군군수사령부,파시온
16525,탐지작전 수행 자재 구매,제7보병사단,영진
16527,세척제(총강용) 구매,제3170부대,대한엔지니어링 주식회사
16530,방향제 등 114종 구매,제9911부대,금강아이티
16532,무소음 벽시계 등 48종 구매,제9911부대,성민실업
16534,5갱모어 밑날 등 4종 구매,제9911부대,제이유통
16535,"자기 검사 유닛, 고정식 구매",국군재정관리단,제이케이컴퍼니
16536,수중 자동 청소로봇 구매,국군재정관리단,주식회사 시스텍
16542,"17-F-019, 초음파식 시험세트 구매",국군재정관리단,주식회사 큐씨에스
16543,무릎보호대 등 2품목,제9181부대,대포산업
16547,이동형집진기 3EA,해군군수사령부,세원필텍
16550,좌현등 등 82종,해군군수사령부,주식회사 에이번
16551,유체정역학 유니트 등 9종 구매,해군군수사령부,주식회사 지컴
16555,"구두약 29,747EA",해군군수사령부,주식회사 다원유통
16557,"치약 10,000EA",해군군수사령부,주식회사 다원유통
16568,(조달) 3훈비 쇄석 등 3품목(17-1-19)구매,제3훈련비행단,주식회사 서진컨설팅
16569,2톤 온수탱크 등 126종(연평도),연평부대,재우상사
16570,"등,선박항해용 등 4종",해군군수사령부,에스투 (S2) 테크
16574,온수가열기 히타 등 3종,해군군수사령부,경기종합상사
16575,"표시기,디지털 표시식 1종",해군군수사령부,국제전기
16577,레이저커팅기 등 8종,공군사관학교,그린종합사무기
16585,기화기 중앙 등 3종,해군군수사령부,미래상사
16587,카트 등 3품목,제3283부대,주식회사 세영산업개발
16591,17년 신병 행정용품 구매,제5보병사단,재재유통
16596,155밀리 탄대보호환 등 5종 구매,국군재정관리단,매쉬미디어(주)
16597,탄약정비용자재(봉인알루미늄) 구매,국군재정관리단,주식회사 근일산업
16606,플라스틱 링 등 958종,제5738부대,드림오피스
16611,"벨트,V형 등 5항목 구매(기장)",육군군수사령부,에스와이테크(SY TECH)
16613,"브래킷,설치용 등 13항목 구매(기장)",육군군수사령부,명신이엔씨 주식회사
16616,"축압기,유압식 등 5항목 구매(기장)",육군군수사령부,두영이엔시
16617,트랜지스터 등 4항목 구매(특무),육군군수사령부,(주)지엔텔
16620,가솔린 분해조립용 실습기구 등 3종,해군교육사령부,자인비
16621,발냄새 제거제 등 2품목,제3283부대,서원
16622,기름때 제거제 등 5품목,제3283부대,대양산업
16625,우마작업대 등 10종,제7001부대,기룡아이엔씨
16630,퐁퐁 등 57품목 구매,제9227부대,선우컴퍼니
16632,마사토 구매,제9227부대,에스엠(SM)
16635,17-조-4 화재감지기 (연기감지기 등 2종),공군 작사예하 방포사예하 제2여단,씨엠(주)
16636,플러스펜 등 208종 구매,제8385부대,비시루상사
16639,라운드샤클 등 121종 구매,제9911부대,2엑스
16640,17-018 충격시험기 구매,국군재정관리단,주식회사 제이에스원
16642,공기 호흡기 51EA 구매,제9121부대,주식회사 삼원
16644,개스킷 및 성형패킹류 등 49종,해군군수사령부,주식회사제이지테크원
16645,가열기 유체용 전기식 14EA,해군군수사령부,히타코리아
16646,개스킷 등 78종,해군군수사령부,창진ENG(주)
16647,"알곤, 공업용 등 5종",해군군수사령부,주식회사 우진가스텍
16648,"알곤, 공업용 등 5종",해군군수사령부,주식회사평화산소
16649,"알곤, 공업용 등 5종",해군군수사령부,주식회사 우진가스텍
16650,"알곤, 공업용 등 5종",해군군수사령부,주식회사 우진가스텍
16651,"알곤, 공업용 등 5종",해군군수사령부,주식회사 우진가스텍
16652,전기다리미 등 10종 구매,제9965부대,성신양행
16662,공항관리대 - 스텝카(17-17)(수정),공군제15특수임무비행단,대포산업
16670,17-1차 시추공 매몰방지용 자재(흑관 등 9종) 구매,육군본부,주식회사 충남글라스
16671,17-1차 시추공 매몰방지용 자재(흑관 등 9종) 구매,육군본부,주식회사 충남글라스
16673,전원변환기 DC24V 구매,국군재정관리단,성도교역
16679,대잠립 충격흡수형 폼 분리형 튜브 5SE,해군군수사령부,두영이엔시
16683,초강력자석(원형) 등 58종 구매,제9911부대,미림교역
16684,미싱바늘 등 57종 구매,제3170부대,한국전지수성점
16688,건조오븐 1EA,해군군수사령부,(주)에스티앤비
16689,냉동기세트 300L 비자성 5AE,해군군수사령부,(주)현대냉동산업
16690,냉동기세트 300L 5EA,해군군수사령부,(주)현대냉동산업
16692,K1개스킷등7종구매,육군종합정비창,신명정밀가스켓공업사
16696,"클램프,호스용 등 177항목 구매(기장)",육군군수사령부,용진H&C
16697,"온도감지기, 냉수용 등 10품목",해군제1수리창,정우종합건자재
16698,정수기 임차(A-1부대 등 15개 부대),제1891부대,(주)금호티앤씨
16704,응집제 등 535종,제5738부대,포항케이피엘(KPL)
16709,"패널 앗세이 등 88항목 구매(해파, 기장)",육군군수사령부,서화테크
16710,"바라쿠다 조종수 계기판 등 8항목 구매(해파, 기장)",육군군수사령부,아이코브
16712,숟가락 등 6항목 구매(물자),육군군수사령부,지앤피코리아
16713,"칼,포켓용 등 5항목 구매(기장)",육군군수사령부,씨에스시스템
16714,"핀,신속분리식 등 39항목 구매(기장)",육군군수사령부,탑앤케이코리아 주식회사
16715,"여과기,유체용 등 3항목 구매(기장)",육군군수사령부,주식회사 서한산업
16719,"가위, 이발사용 등 3항목 구매(물자)",육군군수사령부,주식회사 피나클비엔에이
16720,이발용 앞치마 등 30항목 구매(물자),육군군수사령부,(주)애스앤애프
16721,플라스틱 물통 등 2항목 구매(물자),육군군수사령부,행남주방기물백화점
16726,플라스틱 제본링 등 85종,해군본부,세계로상사
16727,방염복(동복) 115벌 구매,제9121부대,자인비
16728,"벨브, 체크형 등 6품목",해군제1수리창,비시루상사
16731,취사장 물자 구매,수도방위사령부,아라
16738,코팅필름 등 633품목,제9181부대,씨티
16739,순간접착체 등 162품목,제9181부대,올루야멘(All-Luyamen)
16743,드라이슈트 등 4종 구매,국군재정관리단,와이케이(YK)컴퍼니
16744,암막 커텐지 등 3종 구매,국군재정관리단,기쁨상사
16745,* 공보과(17-20호) 서가,제9691부대,지에스산건 주식회사
16746,가지 등 229종 구매(흑산도 000운용대),해군제3함대사령부,신용상사
16747,가지 등 229종 구매(흑산도 000전진기지대),해군제3함대사령부,주식회사 형제푸드
16754,다중입력기 등 5종,해군군수사령부,서광전자
16759,트랜지스터 등 3품목,해군제1수리창,남부상사
16760,H빔 등 23품목,해군제1수리창,대광종합상사
16766,씨일 등 3품목,해군제1수리창,남부상사
16780,물티슈 구매,제3283부대,서아유통
16795,무인택배보관함 구매,제9181부대,명문거상
16796,1분기 발간재료 구매,제3707부대,한진아이티
16798,각티슈 등 52종,재경근무지원대대,융성테크
16803,제트스트림 유성펜 등 225종 구매,해군사관학교,유진상사
16807,고성능 전기이발기 구매,제3283부대,중앙Office
16834,"클램프,호스용 등 68항목 구매(기장)",육군군수사령부,성도산업
16836,"전동기,제어식 등 3항목 구매(기장)",육군군수사령부,주식회사 이루다정밀
16849,K9디스크등20종구매,육군종합정비창,주식회사 이루다정밀
16850,무전극 환형안정기 등 72종,제20전투비행단,아름종합상사
16851,예비군훈련용 소화기 탄피받이 구매,육군본부,주식회사 삼원
16852,심폐소생술 마네킹 구매,육군본부,태양
16857,방독마스크 등 8종,국군재정관리단,와이에치산업
16866,알루미늄 합금판 등 6품목,해군제1수리창,금성종합상사
16867,유류흡착패드 등 5종,공군군수사령부,주식회사오성엔에이치
16868,"조종간, 자료입력용",해군제1수리창,(주)동건
16877,호흡기(Regulators) 등 5종,제7001부대,C.E.O.DIVING
16881,구주디클로페낙 등 15종,제5738부대,(주)석호약품
16882,발목보호대 등 76종,제5738부대,수메디칼
16888,우레탄 샌딩실러 등 130종 구매,제8385부대,한웅종합건자재
16904,토손바 테프 등 22항목 구매(물자),육군군수사령부,주식회사 유니케이
16905,연막작전계산척 등 14항목 구매(물자),육군군수사령부,대광테크
16915,"연결링크,강체형 등 62항목 구매(기장)",육군군수사령부,창진ENG(주)
16919,무전극램프 등 186종 구매,국군재정관리단,(주)더비앤비푸드
16931,고압세척기 등 2종,해군작전사령부,대성하이테크
16939,부싱 등 852종(연평도),연평부대,오피스디포 인천중앙점
16947,크린가드 글로브 등 291품목,해군제1수리창,주식회사 유니엠케이
16952,SUPER DYE CHECK 등 26품목,해군제1수리창,영동상사
16958,발칸브라켓트등12종구매,육군종합정비창,폴리텍
16959,시카플렉스등2종구매,육군종합정비창,주식회사 청운이화학
16960,방진마스크등12종구매,육군종합정비창,(주)협성산업
16961,예비군훈련용 00분해도 4종 구매,육군본부,태경정밀
16964,"절연판,전기용 등 22품목",해군제1수리창,삼동유통상사
16966,005-카운터세면대,공군제16전투비행단,서아유통
16967,(17-004) 쇄석,공군제18전투비행단,주식회사 동해석산
16971,핀셔 등 647품목 구매,제9196부대,"주식회사 와이케이이노베이션 (YK Inovation Co.,Ltd.)"
16975,벤조유니온 등 6종 구매,해군제3함대사령부,동서종합상사
16976,좌현등 등 25종 구매,해군제3함대사령부,정수기&커피플러스
16987,제빙기(15kg) 등 4종,해군군수사령부,하이드림
16989,위장크림 등 4품목 구매,제3283부대,대윤종합
16990,도어록 등 144품목 구매,제3283부대,중앙종합상사
16996,응집제 등 6종,해군군수사령부,에이스철물건자재주식회사
16997,마포대 등 52품목,제9181부대,한서유통
17000,램프 등 2품목,해군제1수리창,남부상사
17003,알루미늄판 등 11종 구매,해군제3함대사령부,동서종합상사
17015,샤워기혼합수전 등 26종,해군교육사령부,선우블라인드 커튼
17017,"패킹,성형식 1종",해군군수사령부,(주)인터메탈
17018,공기작동 발브 1종,해군군수사령부,방주유압
17020,데스크매트 등 196종,해군본부,대성안전산업
17030,스파이더 집적회로 등 185항목 구매(통신),육군군수사령부,레이어시스템
17035,"칼,잠수부용 1항목 구매(총포)",육군군수사령부,주식회사 피엔에이코리아
17039,"충전기,수동식,총구 수정용 등 20항목 구매(총포)",육군군수사령부,대광테크
17040,"망원경,엘보형 등 27항목 구매(총포)",육군군수사령부,태경정밀
17047,"브래킷,이중각형 등 34항목 구매(기장)",육군군수사령부,그린스틸
17049,"와이어,전기용 등 22항목 구매(기장)",육군군수사령부,주식회사 디아이디티
17052,코팅필름 등 216종,해군본부,계룡상사
17057,중대기 등 114품목 구매,제9227부대,주식회사 이앤아이
17059,L형 운반차 4개,해군작전사령부,케이-부영
17060,고급메모홀더 등 235종,해군작전사령부,오피스웨이 기장점
17065,부대기 구매,제3283부대,성문상사
17066,5구렌지 구매(연평도),연평부대,범원실업
17068,(17-1003)CD커플링외 123품목,공군제17전투비행단,HOON 컴퍼니
17069,신호발생기 구매,국군재정관리단,주식회사 티유케이
17070,윈치 등 6종 구매,국군재정관리단,주식회사 보성
17071,4주식 8톤 리프트 등 6종 구매,국군재정관리단,영진글로벌
17075,메탈구 등 41종 구매,육군종합정비창,주식회사제이지테크원
17079,황산칼륨 등 10항목 구매(물자),육군군수사령부,삼일이화학상사
17083,베개커버 등 7종,제9181부대,(주)로얄라이프
17087,셀트라 정 50mg 등 59종,제5738부대,티엠이바이오 주식회사
17088,어드퍼 싱글본드 2 리필 등 73종,제5738부대,티엠이바이오 주식회사
17089,SSU TUBE 5ml 등 45종,제5738부대,MK메디칼
17092,"컵, 세라믹 등 16종",해군군수사령부,클라크지게차클린판매
17105,초콜렛,제7789부대,남촌산업
17118,빙과류(튜브형),제7789부대,(유)목양
17120,빙과류(팩형),제7789부대,롯데로지스틱스 주식회사
17122,빙과류(컵형),제7789부대,동아오츠카주식회사
17123,빙과류(콘형),제7789부대,(주)사조대림
17132,"끈,고정용,전기제품용 등 44항목 구매(기장)",육군군수사령부,유니텍
17141,FRP 용접면 등 1088종,해군군수사령부,라이언테크
17152,원추형 풍속기 등 12항목 구매(물자),육군군수사령부,원강유통
17163,LTO3 등 2종 구매,제8385부대,디케이상사
17166,경량빈 등 4종,해군작전사령부,서림산업
17167,클리어파일 등 516종,해군작전사령부,드림디포신마산점
17168,무선이동형앰프 등 2종,해군교육사령부,경남테크
17169,포토샵 라이트룸 사진보정 강의 등 613종,해군교육사령부,다솜페이퍼
17170,아크릴판 등 19종,제9181부대,나임상사
17172,프로펠러 40라이트닝 등 17종,해군군수사령부,트라이셀코리아 주식회사
17173,알루미늄 리벳 등 5종,해군군수사령부,에이스철물건자재주식회사
17174,청소용 릴 호스 1종,해군군수사령부,대진통상
17175,"백업링, 성형 패킹용 등 38종",해군군수사령부,범한산업 주식회사
17186,테니스라켓 등 4종 구매,국군재정관리단,(주)서광오토테크
17196,접점세척부활제 등 398품목 구매,제9해병여단,경남테크
17199,충전식 핸드랜턴 등 36품목 구매,제9227부대,제이에스테크
17205,17-015 캔위성 1종,공군사관학교,제이투산업
17207,캠 스윗치 등 5종,해군군수사령부,영화상사
17208,"압축링,디플렉트형,100 등 16종",해군군수사령부,주식회사보승글로벌
17209,익스팬션조인트 등 80종,해군군수사령부,모양방시스템
17218,오렌지 등 12종 구매,제8385부대,칠성청과
17226,지그재그 MP 등 216품목,해군제1수리창,영동문구센타
17230,고무펙킹 등 25품목,해군제1수리창,남부상사
17231,해상사격표적(고래2호 등 3종) 구매,국군재정관리단,주식회사싱크워터
17237,17-백령도 개선식 구매,제9196부대,롯데로지스틱스 주식회사
17245,순간접착제 등 223종 구매,제8385부대,영동문구센타
17251,전자저울 4개 구매,해군사관학교,다온 태양광발전소
17254,화장지 등 69종,해군작전사령부,주식회사 성민종합산업
17257,랜툴 등 69종,해군작전사령부,제이엔케이주식회사
17260,개스킷(시일) 등 17종,해군제3함대사령부,대건상사
17262,"키트,터보 과급기용 1종",해군군수사령부,세현종합상사
17269,폴리카보네이트 등 90품목 구매,제9227부대,우리디지털테크
17271,디지털 상황판 등 3품목 구매,제9227부대,예인사무기
17272,팔꿈치 및 무릎보호대 구매,제9227부대,아카시아
17273,노리츠 사진인화기 전용 후지인화지 등 38품목 구매,제9227부대,중앙Office
17274,알포색소폰리드 등 27종 구매,제8385부대,TNI-BANK
17275,00보관용 이중캐비닛 구매,제3707부대,제이케이상사
17276,아연판 등 20종 구매,해군제3함대사령부,(유)한일상사
17277,임관사령장 136품목 구매,제3283부대,성도기업
17278,패용증 등 18품목 구매,제3283부대,드림오피스
17279,17년 국외 연속간행물 구독/구매,육군사관학교,주식회사엠제이에스인터내셔날
17284,종이걸레 등 2종 구매,국군재정관리단,스타벨
17285,ATCIS 디스플레이 유닛 등 18항목 구매(통신),육군군수사령부,레이어시스템
17291,스폰지등45종구매,육군종합정비창,CL테크
17318,금전출납부 등 291종,해군작전사령부,대광산업
17321,제빙기 등 4종,해군작전사령부,천일주방산업
17322,AT난연 등 768종 구매,제9121부대,주식회사보승글로벌
17324,에어건 등 197종 구매,해군사관학교,주식회사보승글로벌
17370,대형제빙기 등 2종 구매,국군재정관리단,효성유통
17372,해상사격표적(풍선 등 2종) 구매,국군재정관리단,제이유통
17380,행사용 旗 구매,국방부근무지원단,현대아이엠
17389,부대조달증식(에너지바) 구매,5군수지원사령부,롯데푸드 주식회사
17404,항법가방 등 2항목 구매(물자),육군군수사령부,주식회사 에스지윈
17411,동점도시험기 1EA,해군군수사령부,청운 엔지니어링
17413,안전우의등19종구매,육군종합정비창,승재유통
17414,늄합금봉등15종구매,육군종합정비창,(주)종로인더스트리
17415,마봉강등19종구매,육군종합정비창,주식회사 우경엔텍
17420,피탄 고글(헌병용) 등 4종 구매,국군재정관리단,7번방
17432,미송각재 등 190종,해군교육사령부,참조은
17434,슈퍼클립 등 89종,해군교육사령부,한가온
17435,결재판 등 248종,해군교육사령부,대광테크
17444,투명바인더 등 627품목,제9196부대,태경산업
17447,토시형 견장등 10종,해군교육사령부,기룡아이엔씨
17459,황사마스크 등 3종 구매,국군재정관리단,라온유통
17466,크라비트점안액 등 62종 구매,제2002부대,온케어메디홀주식회사
17470,전해셀 등 11종,해군교육사령부,다림테크
17473,도어클로저 등 95종,해군교육사령부,참조은
17479,M플래그 인덱스  등 267종,해군작전사령부,주식회사 권민
17480,커팅매트 등 205종,해군본부,씨엠(주)
17490,마스크(미세먼지(황사)방지 등) 3종 구매,국군재정관리단,엠텍에스티에스 주식회사
17498,1월 통합구매,해군 기동함대사령부,뉴스트롱
17506,민사물자(청자 등 00종) 구매,제7789부대,나임상사
17507,민사물자(축구복 등 0종) 구매,제7789부대,해성스포츠
17508,다용도 캐스터 등 85종,해군작전사령부,경남상사
17510,인화점 시험기 구매,국군재정관리단,강원상사
17515,전동조작기 등 2종,해군군수사령부,한결통상
17535,에어타정기 등 52항목 구매(물자),육군군수사령부,주식회사 디에스나이키
17549,파티션 등 6품목 구매,제3283부대,코리아 상사
17551,아드반탄연고 등 284종,제9181부대,(주)석호약품
17554,손목시계 등 2종,제9181부대,가나안상사
17558,바코드 라벨 등 1217종,제7001부대,오피스브릿지
17579,해군로고 스티커 등 7종,제7001부대,채움아이씨티
17580,쇄석 등 3종(17-10),공군제1전투비행단,(주)한일
17601,유지물자(전투화 지퍼 등 00종) 구매,제7789부대,주식회사 이음
17604,5V 전원어댑터 등 29항목 구매(물자),육군군수사령부,그린종합사무기
17611,영점표적지 등 71종,해군교육사령부,대광산업
17613,PET밴드 등 257종 구매,제3170부대,헵시바상사
17614,자동PP밴드 등 385종 구매,제3170부대,동아시스템
17616,카드홀더 등 239종 구매,제3170부대,제이제이유통
17617,샤워헤드 등 236종,해군교육사령부,성인산업주식회사
17618,마포대 등 217종,해군교육사령부,전일종합상사
17620,유해발굴 수습물자(스폰지 등 16종)구매,국방부유해발굴감식단,국일기업
17624,17-해-레스큐 바스켓 등8종 구매,국군재정관리단,지와이
17626,유지물자(전기 다용도 솥 등 00종 구매),제7789부대,주식회사 이음
17629,받침쇠 등 3항목 구매(물자),육군군수사령부,와이티원
17630,화물용결박밴드 등 3항목 구매(물자),육군군수사령부,동양물류농기계
17631,소석회 살포기 등 11항목 구매(물자),육군군수사령부,와이티원
17635,레이저 포인터 등 134종 구매,제9911부대,베스트이에스(ES)
17637,마사 등 2종 구매,제9911부대,무한씨엔씨
17648,"주입기, 액체용 등 57항목 구매(물자)",육군군수사령부,대성기업
17663,콘트라이베이스 등 16종,해군교육사령부,한가온
17664,액체 아르곤 10BT 구매,해군군수사령부,화영산소
17667,정사각티슈 등 84종,해군교육사령부,선우디자인
17672,해외파병장병 의장 격려품(지구본 탁상시계) 구매,합동참모본부,디엔팜(DN팜)
17687,에이드,제1군수지원사령부,하이트진로(주)
17714,제도지 등 2품목 구매(물자),육군군수사령부,대성기업
17734,표백제 1품목 구매(물자),육군군수사령부,클린티산업
17736,방사선필름 등 4종 구매,국군재정관리단,에스엘(SL)상사
17744,에너지바,제1군수지원사령부,브이플러스
17746,파이류,제1군수지원사령부,주식회사 제일코리아인터내셔널
17751,잔류염소측정시약 등 5품목 구매(물자),육군군수사령부,마창케미칼 주식회사
17753,봉합사류(봉합사 등 78종) 구매,국군재정관리단,태린메디칼 주식회사
17754,잔류염소측정시약 등 5품목 구매(물자),육군군수사령부,마창케미칼 주식회사
17755,차아염소산나트륨 등 5품목 구매(물자),육군군수사령부,주식회사 라이프환경
17756,마루광택기 4대 구매,해군사관학교,강원상사
17760,가지 등 163종,제9181부대,미소건업
17765,"렉스턴 사이드 에어백 등 69항목 구매(해파, 기장)",육군군수사령부,서화테크
17769,WINGMAN 1  KIT 등 42종,해군작전사령부,신라통상
17774,디지털도어록 구매,제3707부대,금호(주)
17776,일회용면도기 등 22종,제9181부대,아이디통상
17782,17년 충성대신문(제163호~168호) 제작,육군3사관학교,원컴
17784,손걸레 등 51종 구매,제9911부대,지오
17795,유과 등 2종 구매,제3170부대,우영상사
17832,가지 등 90종,제7001부대,주식회사 류홀마트
17840,간부숙소(현리) EHP 설치납품(18-384),제2307부대,(주)동영
17844,방-18-61 사격표적및표적기(Spectrum Analyzer) 구매,공군미사일방어사령부,신명
17870,방-18-61 사격표적및표적기(대형선풍기등 3종) 구매,공군미사일방어사령부,경기종합상사
17880,간부숙소 냉방기 구매,제11기동사단,주식회사 마스윈
17883,제설제 구매,제9181부대,노아의 방주
17894,2019년 특수 간행물 구매,국방대학교,아시아저널
17929,스테인레스 단니플 등 46품목 구매 납품,제9227부대,대명상사
17947,알키드 위장 숲녹색 등 6품목,제9181부대,주식회사 카보라인코리아
17948,정기 등 120종,제7001부대,동영산업
17950,2019년 국내 / 국외 잡지(간행물) 구매,국방대학교,중앙
17959,2함대 지휘통신대대 18-02 장안송신소 문화,제9911부대,이즈컴넷
17960,OO부대 유해동물퇴치기 구매,제22보병사단,주식회사 예인컴퍼니
17961,스톨소변기 등 74종 구매,제9911부대,가람상사
17962,사각달리 등 15종 구매,제5738부대,에스유코리아
17963,00부대등 8개소 방열기 자재 납품,제28보병사단,전투상사
17965,안테나 등 2종,해군군수사령부,주식회사 스토프코리아
17975,인장력시험기 구매설치,국군재정관리단,주식회사 팬웨스트에스앤티
17996,컨베이어 롤러 등 3품목 구매,제3283부대,청림테크
17999,개스킷 등 22종,해군군수사령부,수연상사
18001,(18-0242)할로겐램프외 8품목,공군제17전투비행단,이수엔드
18003,경기북부 2차 경고판 제작(구매),국방시설본부,진원
18021,이동식 앰프 구매,제5보병사단,(주)와이지글로벌
18029,송수화기(H-940K),통신장비계약팀 (구:19.09.16),주식회사글로벌엔씨
18049,00부대 포크리프트(전동식 파레트 트럭) 구매,동원전력사령부,샤밧살롬
18050,보이스레코더 등 5품목,제9181부대,영화산업
18052,경계투입로 보완 자재납품,제28보병사단,이터널
18053,콘트롤 유닛 1종,해군군수사령부,디앤티머시너리 주식회사
18076,클리너 등 127종 구매,제9911부대,탑앤탑(TNT)
18083,00지역 철봉 제작(납품),제6군단사령부,디에이치산업
18087,그레이팅 및 1종 이중벽관 유공관 구매,해군 기동함대사령부,대진정보통신 주식회사
18099,스킨 등 6종 구매,재경근무지원대대,동방실업
18107,유해동물기피제 구매,제1보병사단,워크씨엔씨
18108,성애제거제 등 17종 구매,재경근무지원대대,유화상사
18110,적외선 야간투시경 구매(K-98),제2307부대,해원산업
18111,18-326 정통대대 CPU 등 28종 구매,공군사관학교,동우씨엠 서청주지사
18112,완충판 등 11품목,해군제1수리창,(주)동건
18131,보충중대 냉방기 설치 납품,수도군단,주식회사 한미터보벤트
18135,화랑회관 냉동기 설치 납품,육군사관학교,대용기업(주)
18140,18-탑승형 건식 바닥청소차 구매,국군재정관리단,라이언테크
18146,단독형 화재감지기 2종 구매,국군재정관리단,두복산전(주)
18147,중량렉(선반)등 12품목 구매,제3283부대,주식회사 신한기업
18153,18년 사이버지식정보방 운영용품 구매,제28보병사단,생수의 강
18168,분리식열쇠 구매,제9181부대,이재기업
18171,전문잠수훈련장 수질관리약품 구매,특수전학교,아이.티.엠
18175,돌이킬 수 없는 약속 등 129종,제7001부대,마니
18177,전기릴선 등 15종 구매,해군제3함대사령부,동원샘물유통
18195,00부대 자산취득(기갑공고),수도기계화보병사단,주연ICT
18199,체중계 등 10종 구매,제5738부대,선혜상사
18204,소화기 등 7종 구매,제8385부대,드림산업
18205,영아놀이세트 등 29종 구매,제8385부대,세광철물
18214,00부대 해상침훈련장 수질정화약품 구매,특수전사령부,JH컴퍼니
18232,디지털도어락 94점 구매,제9911부대,전투상사
18242,넉가래 등 13종 구매,제9911부대,이에이치서비스
18243,18-451 COM허브 등 62품목,공군교육사령부,미래산업
18244,코자플러스 등90종 구매,제9911부대,코리아팜주식회사
18246,평택해군호텔(빗물제거기) 구매,제9911부대,주식회사 가온산업
18248,플라스틱 재본링 등 286종,해군본부,진영상사
18249,급유 수동릴 등 2종 구매,제9911부대,공후
18252,염주 등 90종 구매,제8385부대,대광종합상사
18256,12가지 인행의 법칙 등 122종 구매,해군군수사령부,푸른에스씨
18258,줄자 등 223종 구매,제8385부대,반석상사
18259,락키 등 6종 구매,제8385부대,디에스상사
18261,수신부안테나 등 8종 구매,제8385부대,칼라투
18263,컬러복합기 등 6종 구매,제8385부대,반석상사
18265,출입증 등 9종 구매,제8385부대,이도랜드
18267,파워브로워 등 12종,제7001부대,성화종합상사
18269,클리어 화일 40P 등 104종 구매,해군사관학교,마니
18276,여자축구부 등 공통 훈련용품(축구화 등 39종) 구매,국군체육부대,(주)씨티원서비스
18279,유해동물 기피제 구매,제21보병사단,스마트 시스템
18286,자유 1공 펀치 등 839품목,제9181부대,대한상역
18292,반주기 등 4종,제7001부대,전일종합상사
18293,사각티슈 등 432종 구매,해군사관학교,주식회사 이수케이
18304,전동식 이동대차 4EA 구매,해군군수사령부,클라크지게차클린판매
18308,(18-0191)활주로등 글로브외 6품목,공군제17전투비행단,주식회사 서진컨설팅
18311,보안검색용 경보기 세트 구매,공군군수사령부,경안정보기술(주)
18322,000 체계 운용품 구매,국군지휘통신사령부,강원전자 주식회사
18323,전력계 등 4항목 구매(특무),육군군수사령부,에이디링크
18328,전극 등 6종,해군제2수리창,안보종합상사
18329,"와이어, 전기용 등 68종",해군제2수리창,모모북
18331,공기안전매트 구매,제8385부대,주식회사한국소방안전
18335,그라인더 등 3종 구매,해군사관학교,장복종합상사
18337,에너겔트라디오 등 178종,해군본부,신정상사
18339,수영모 등 5품목,제9181부대,준 인터네셔날
18341,파일케이스 등 124종 구매,제5738부대,한성산업
18342,화재(연기)감지기 919EA 구매,재경근무지원대대,주식회사한국소방안전
18366,굴착기 어태치먼트(4종) 구매,제7보병사단,ADN
18370,로얄케이스 등 7종,해군작전사령부,주식회사 진성하이텍
18371,날크립 등 222종,해군작전사령부,선우블라인드 커튼
18372,회의테이블탁자 등 8종 제작납품,국방부계룡대근무지원단,주식회사 한성넥스
18373,충전 그라인더 등 3종,해군제3함대사령부,동원샘물유통
18374,열쇠함 등 321종,해군작전사령부,주식회사 진영
18377,청력보호 헤드셋 구매,제8385부대,제네시스
18379,회전자 등 13품목,해군제1수리창,삼동유통상사
18381,싯업판 구매,해군사관학교,마니
18384,강력단조가위 등 61종 구매,해군제3함대사령부,만복유통
18386,감지기 등 85종 구매,해군군수사령부,나우통상
18388,트라디오펜 등 924종 구매,해군군수사령부,현우상사
18392,개인임무카드등 51품목 구매,제3283부대,썬차일드
18399,(18-F036)소모성자재(GUC_C2) 구입,공군제17전투비행단,(주)이오드림
18410,언어의 온도 등 89종,해군 기동함대사령부,신제주스포츠
18411,00전대 임차정수기 계약,해군 기동함대사령부,(주)금호티앤씨
18414,중량랙 2종,해군 기동함대사령부,알파유통 주식회사
18415,글루코바이 등 48품목,해군 기동함대사령부,상생메디칼팜 주식회사
18421,(18-690)[85창] 주파수계수기(고성능),공군제5공중기동비행단,에이디링크
18422,(18-689)[85창] 주파수 계수기 1종,공군제5공중기동비행단,에이디링크
18425,상부 제어용 컨트롤러 1EA,제7001부대,디앤티머시너리 주식회사
18426,사각몰딩 등 29종 구매,제3170부대,대명종합상사
18427,릴홀더Y목걸이 등 6종 구매,제9911부대,하이드림
18428,유해동물 기피제 구매,제15보병사단,태영실업
18429,내화화일케비넷 1개 구매,국방부계룡대근무지원단,영원종합상사
18430,자석크립통 등 18품목,제9181부대,진선
18431,사격 표적기 구매,제9181부대,주식회사 더원시스템
18432,제트스트림 유성펜 등 36종 구매,해군사관학교,재우유통
18435,AWG20*6C 등 8종,해군제3함대사령부,동방종합상사
18436,멀티테스터기 8개 구매,해군교육사령부,장복종합상사
18443,11월 통합구매(격오지부대),해군 기동함대사령부,주식회사우정상사
18462,버니어캘리퍼 등 9종,해군제2수리창,대성종합건재
18463,슈퍼차져 등 33종(3-3),해군제2수리창,대지종합상사
18464,정부화일 등 205종 구매,재경근무지원대대,르호봇(Rehoboth)
18473,락키 등 5종 구매,제5738부대,주식회사 이음
18494,베이스 플레이트 구매(18-25),공군제10전투비행단,주식회사 승지산업
18495,풍향등 구매(18-24),공군제10전투비행단,주식회사 쓰리원
18497,안면보호 고글 등 5종 구매,제9911부대,가람상사
18498,아령세트 등 22종 구매,제9911부대,공후
18500,18-430 CPU 등 6품목,공군교육사령부,건화산업
18502,컬러정부화일 등 184종,해군제2수리창,안보종합상사
18503,HDMI 리피터 등 118종,해군작전사령부,문경종합상사
18504,파라솔 구매,해군교육사령부,진성
18505,알루미늄 각관 등 207종,해군작전사령부,찰스인코리아
18508,덩케르크 등 35종 DVD구매,해군본부,엠에스테크
18509,스텐집게 등 32종 구매,해군제3함대사령부,오피스넥스목포영암점
18519,유압식 돌리형 잭(작기) 2종 구매,공군군수사령부,대길상사
18520,18-7071 간부숙소 커튼 설치 납품,제5군단사령부,주식회사 성원아이앤유
18528,정보분석낭 구성품 구매,육군본부,금성
18529,(사격표적 및 표적기) 프로펠러 등 78종 구매,공군군수사령부,주식회사 지스타
18530,특수눈금용 계기 등 2품목,해군제1수리창,천곡철물상사
18532,"마스크, 공기여과용 등 21종",해군제2수리창,주식회사 승지산업
18537,보스민액 등 85종,해군작전사령부,네오썬팜
18541,투명 전동 스템프러 등 136종 구매,제9121부대,(주)원진
18549,오토세단기 등 6종 구매,해군군수사령부,한길
18552,티포인트 매트 등 41품목 구매,제9691부대,주식회사 미다스글로벌
18568,차륜정렬용 표시기 구매,국군재정관리단,제이앤제이
18575,물티슈 등 503종,제8385부대,크로바상사
18576,플러스펜 3000 등 216종 구매,해군사관학교,영광상사
18581,00부대 통신운영용품 구매,국군제1068부대,주식회사 해강
18585,와이프올 등 22종,제7001부대,(주)원진
18586,스키드 가위 등 165종,해군본부,제이에스(JS)종합
18588,18-Y-사격 표적 제작구매,연평부대,매직트리
18589,체인아이젠등 205품목,제3283부대,충성센타
18590,주방용 호스 등 2품목,제9181부대,모든장식
18593,열 과 연기 감지기 등 6종,해군군수사령부,세라코
18594,증류수생산기 1EA 구매,해군군수사령부,NPB타운
18605,군환경센터 항온항습기 설치납품,육군3사관학교,삼성기전 주식회사
18612,11월 통합구매(전대),해군 기동함대사령부,하나유통
18616,수세미 등 2품목 구매 납품,제9227부대,청림테크
18621,바닥스퀴지 등 39종,해군작전사령부,온나라물자조달 주식회사
18624,구조실습용 마네킨 구매,국군의무학교,(주)동성메디칼
18630,복지대대 - 완강기 구매,공군제15특수임무비행단,주식회사 가온산업
18631,AF BOX A3 등 9종 구매,해군사관학교,만복통상
18632,에펙신 이용액 등 71종 구매,해군사관학교,제이메디케어
18634,퍼마텍스 등 32종,해군제2수리창,지니종합상사
18636,황산 구매,제3170부대,주식회사 에스엔
18638,복싱링 구매,해군사관학교,피에스지
18639,출입증 목걸이 등 2종,합동군사대학교,디엔에프
18640,손목보호대 등 146품목,제9181부대,대성산업
18642,블루티타늄가위 등 152품목,해군제1수리창,다보상사
18652,차단봉 커버 등 48품목 구매 납품,제9227부대,(주)누리숲
18654,노후 난방기기 교체(방열기 구매),육군부사관학교,주식회사 한빛엔지니어링
18661,18-3차 00체계 전산용품 구매,국방정보본부,주식회사 신일유통
18664,안정기 등 6종 구매,해군군수사령부,디에스상사
18668,12가지 인생의 법칙외 50종 구매,국군의무학교,성원서림
18669,코핑필름 등 11종 구매,해군교육사령부,유진상사
18670,사물함 등 4종 구매,해군군수사령부,불토스
18674,본크리트 등 83종 구매,해군교육사령부,스피드광고
18676,자석집게 등 664종 구매,제5738부대,드림오피스
18677,노출형 활주로등 등 6종 구매,제5738부대,이토코리아
18678,야전용 앰프 세트 구매,제7856부대,대일철물건재
18680,볼베아링,일반장비계약팀 (구:19.09.16),예지정밀
18686,라미나지액 등 61종 구매,제2002부대,바른약품 주식회사
18690,공기안전매트 등 123종 구매,제2002부대,수테크
18693,다목적 트랙로더 구매,국군재정관리단,광성전기산업주식회사
18695,방청윤활제 등 90종 구매,해군제3함대사령부,(유)목포신도digitalOA
18696,묘쇄멈추계 등 2종 구매,해군제3함대사령부,(유)목포신도digitalOA
18703,소방작동검사 세트구매,제11기동사단,경북상사
18712,유전자검사 시약재료 구매,국군재정관리단,(주)에이치엔에스바이오
18715,자석훅 줄자 등 120품목 구매,연평부대,오피스디포 인천중앙점
18719,광섬유융착기 등 6종 구매,수도방위사령부,(주)마루텔레콤
18722,회로카드제작자재 양면기판등10종 구매,육군종합정비창,주식회사 태촌실업
18723,회로카드제작자재 솔더크림등9종 구매,육군종합정비창,주식회사 태촌실업
18724,회로카드제작자재 클리너등7종 구매,육군종합정비창,주식회사 태촌실업
18725,회로카드제작자재 케미칼세트등6종 구매,육군종합정비창,주식회사 태촌실업
18738,점보롤 화장지,공군군수사령부,주식회사 각시피앤씨
18749,방독마스크 등 6종 구매,제5738부대,주식회사 부창산업
18751,제어용변압기 등 13종,해군제3함대사령부,신용상사
18753,클리어 홀더 등 140종,해군본부,알파
18755,"특수봉인지(청색, 적색) 구매",제3170부대,헵시바상사
18756,00통신대대 라우터 구매,해군제3함대사령부,이터널
18765,18년 후반기 전장체계 운용품 구매,국군지휘통신사령부,주식회사 이음
18767,"네비게이션, 블랙박스 구매",4284부대,이즈컴넷
18768,00부대 고압세척기 구매,제5925부대,스타안전
18771,단독경보형감지기 납품 설치,자운대근무지원연대,남광기업사
18778,단독경보형감지기 납품 설치,자운대근무지원연대,남광기업사
18781,개스킷 및 쐐기세트 등 27종,해군제3함대사령부,신용상사
18782,오피스라벨 등 169종,해군제3함대사령부,(주)동양화학
18785,크린가드 등 173종,해군제3함대사령부,(주)한일
18788,순간 접착제 등 221종,해군본부,제이에스(JS)종합
18793,자기온습도계,해군제3함대사령부,오피스디포 목포점
18796,개스킷 등 48종,해군제3함대사령부,스카이유통
18798,빔프로젝트 등 7품목,제9181부대,조인
18801,테이블리프트 1EA 구매,해군군수사령부,주식회사 대성티엠씨
18805,(육성) 부대기 등 3종 구매,제2632부대,주식회사 광원종합상사
18809,사각 물탱크 등 85종 구매(18-7차),제2002부대,은제상사
18811,00사령부 신청사 파티션 설치/납품,동원전력사령부,모양방
18812,후생용구(전기이발기 등 3종) 구매,4284부대,이즈컴넷
18819,전동식 마스크 터보유닛 등 78종 구매,제9911부대,주식회사 대원산업
18822,핸드탭 SET 등 176품목,해군제1수리창,주식회사 유니엠케이
18824,HDD 2TB 등 5종 구매,제9911부대,문장유통
18825,WETGEAR 리플립 등 13종 구매,제9911부대,세일상사
18830,(공작기계 부속류) 선반용 인서트 등 72종,공군군수사령부,도진상사
18832,탱크파워 라핑 엔드밀 등 84품목,해군제1수리창,다모아상사
18833,화재감지기 구매,제9911부대,금성기업
18834,습기제거제 등 26종 구매,제9911부대,마리컴퍼니
18835,배토사 등 2종 구매,제9911부대,지구종합상사
18836,전자키 등 9종 구매,제9911부대,주식회사 가온산업
18837,무선 브릿지 구매,제9911부대,앰투라이프
18844,자물쇠 등 11종 구매,제9911부대,레드박스
18849,피펫휠러 등 6품목,해군제1수리창,삼동유통상사
18850,용융제강슬러그 등 30품목,해군제1수리창,(주)동건
18853,면장철 등 491종 구매,제5738부대,드림오피스
18857,플라스틱선반 구매,해군 기동함대사령부,티에스 상사
18858,디지털도어락 납품설치,제2002부대,승천모바일(이마트부평점)
18869,할로겐램프(18-261),공군제1전투비행단,주식회사 두산
18870,협탁 등 5종 구매,제5738부대,제이에스탑
18871,MAX phase Ti3AlC2 powder 등 3종 구매,해군군수사령부,칼라투
18876,'18-5차 정보화예산 운영용품 구매,제28보병사단,현대환경관리
18877,"18-412, 413 직전섭속재 등 8품목",공군교육사령부,주식회사 진주넷
18880,리튬이온 충전 선풍기 등 2종,해군군수사령부,안보종합상사
18881,테이블 SUS상판 수선 등 4종,해군군수사령부,모던쇼파
18885,전동테이블리프트 등 22종 구매,제3170부대,충성센타
18887,DVD(1920년 바르샤바 전투 등 67종) 구매,해군사관학교,대광산업
18895,고무대검 등 22품목 구매 납품,제9227부대,우리들
18899,TOD 3형 UPS 구매,제7789부대,현대파워시스템 주식회사
18901,다목적훈련지원정(MTB) 후속함(3~4번함) 건조,함정계약팀 (구:19.09.16),(주)에이치제이중공업
18904,ASK-C520램프 등 93종 구매,해군제3함대사령부,(주)한일
18907,램프 등 18종,해군군수사령부,주식회사 부영상사
18910,매트 등 3품목,제9181부대,보아스상사
18911,월동자재 구매,제3보병사단,주식회사 이음
18914,분리식 열쇠 등 3품목,제9181부대,경은상회
18918,네임펜 등 489종 구매,제5738부대,충성센타
18921,월동자재 구매,제3보병사단,주식회사 이음
18934,릴호스 등 2품목 구매 납품,제9227부대,주식회사 부창산업
18935,레이져용 광택라벨 등 304종 구매,제2002부대,에버그린
18940,"노부스 쿨링 어셈블리 등 37항목 구매(해파,기장)",육군군수사령부,영광상사
18941,"봉고3 휠 어셈블리 등 46항목 구매(해파,기장)",육군군수사령부,주식회사 광일이엔지
18943,무릎담요 구매,제9911부대,주식회사 티앤제이커뮤니케이션
18947,외장 HDD 등 79종 구매,제9911부대,올루야멘(All-Luyamen)
18948,데노간 주 등 96종 구매,제9911부대,주식회사 제이피메디칼
18949,습도조절제 구매,제9911부대,화명
18950,램프 등 4종 구매,제9911부대,엠티오
18952,수분분리기 등 96품목 구매,제3훈련비행단,뉴노멀산업
18956,4/4분기 통합발주,제7001부대,주식회사 더원시스템
18957,철직자 등 400종,해군작전사령부,주식회사 제이디글로벌
18960,[군수처] 18-조달-10-152 중량랙 구매,제1방공유도탄여단,비씨아이 주식회사
18966,국자 등 209종 구매 납품,제9196부대,(주)씨티원서비스
18971,예비군 총기손질정비실(3SET) 구매,제36보병사단,주식회사 광원종합상사
18973,"(18-1091,18-1092)객석유도등외 108품목",공군제17전투비행단,성형산업
18977,버어니어 캘리퍼 등 30종,해군제2수리창,라이언상사
18978,00부대 서바이벌 총기 구매,제32보병사단,은성기프트
18979,패킹(성형식) 등 26품목,해군제1수리창,삼동유통상사
18983,폴리카보네이트 등 15종 구매,육군 제1군단,루비스타
18986,전투셔츠 등 5종 구매,제3170부대,주식회사 신한기업
18987,방폭가방 구매,제3170부대,기성산업
18989,방탄고글 등 15종 구매,제3170부대,남도테크
18991,심폐소생술 애니등 3품목 구매,제3283부대,제이에스탑
18995,매입관사 인터폰 구매 설치,제5738부대,주식회사 신한기업
18996,PE원피스 등 121종,해군군수사령부,경북상사
19006,'18년 건전기 구매,국군의무사령부,동명이앤엘
19012,벡스방청제 등 41종 구매,해군군수사령부,선진
19016,후반기 시험재료 00종 구매,육군 제1군단,가온누리
19017,네임펜 등 514종 구매,해군군수사령부,시우상사
19018,스태플러침(10호) 등 334종 구매,해군사관학교,마창종합상사
19019,안전그물망 구매,제9181부대,태양
19020,웹 트래픽 관제체계 구매(2개),해군본부,에스지에스
19025,"18년 12, 13차 부대구매",제21보병사단,주식회사 서경약품
19033,00체계 보강용 자재구매,국군지휘통신사령부,LEE HWA DESIGN（리 화 디자인）
19034,24포트(POE)허브 등 43항목 구매(물자),육군군수사령부,다보상사
19037,데스크 카렌다 등 183종 구매,해군교육사령부,대인종합상사
19038,센시빌 10mg 등 55품목 구매,제9691부대,온케어메디홀주식회사
19039,RJ45 랜 커넥터 등 276종,해군본부,진영상사
19042,아크릴판 등 613종 구매,제5738부대,한성
19045,DVD 스타트랙 더비기닝 등 6종 구매,해군교육사령부,대광산업
19046,유류통(20리터) 등 5품목,제9181부대,예손 브릿지
19048,메모홀더 등 764품목,제9181부대,장암유통
19049,"래그, 문지르기용 등 1,800DK 구매",해군군수사령부,비테크코리아 주식회사
19051,전동식 이동대차 8EA 구매,해군군수사령부,클라크지게차클린판매
19055,수동식 포크리프트 구매,공군군수사령부,티엠에스(TMS)
19056,에어건세트 등 9종,제20전투비행단,지앤지(G&G)
19065,18년 후반기 00체계 운용품 구매,국군지휘통신사령부,(주)씨티원서비스
19066,쌍학 보석함 등 한국 전통 공예품 30종 구매,국방정보본부,더 엘림(THE ELIM)
19070,파워그립플러스 등 169종 구매,제3170부대,중앙종합상사
19072,M스포지 팝업리필 등 42종 구매,해군교육사령부,대성
19074,SSU 훈련화,해군작전사령부,영화상사
19079,작업대 등 7품목,제9181부대,씨앤피 코리아
19091,미디어편집 공유 스토리지 구매설치,국방정신전력원,주식회사 해강
19093,Quick Closing Valve 등 56종,해군 기동함대사령부,하나유통
19094,4분기 병영훈련용품 구매(제작품 포함),육군학생군사학교,에스엠씨
19101,농구 5종목 훈련용품(농구화 등 19종) 구매,국군체육부대,진영상사
19108,머신러닝 탐구생활 등 371종,제7001부대,대광산업
19111,백업 솔루션 구매,국방부계룡대근무지원단,주식회사 에이치피솔루션
19116,보조기억매체(USB 등 2종),제9912부대,그린종합사무기
19117,휴대용 라디오,제9912부대,주식회사 로뎀하이텍
19132,학군단복,물자계약팀,희림상사
19137,전동카트 구매,국군재정관리단,제이유통
19140,18-B-비궁표적기 구매 설치,제9196부대,우주산업플랜트 주식회사
19147,전기 이발기 구매,제9181부대,클릭바이 엠알오
19148,에나벨 무광 백색 등 29품목,제9181부대,주양물산
19149,열두 발자국등 555권 구매,제3283부대,무릉도원
19153,바둑용품 구매,제9181부대,세현산업 주식회사
19155,빔프로잭터 램프 등 9종 구매,제8385부대,엠티오
19156,공업용선풍기 등 2종 구매,제8385부대,(주)동건
19157,냅킨 등 3품목,제9181부대,주일산업
19158,스위칭 허브 등 49품목,제9181부대,헤럴드
19163,캐노피 등 4품목 구매,제9691부대,주식회사 가온산업
19164,청상견통탕 등 41종,제7001부대,티엠이바이오 주식회사
19167,개스킷 등 17종,해군군수사령부,나우통상
19168,화재감지기 설치 납품,국방부계룡대근무지원단,(자)천안소방설비공사
19169,월동준비 자재 구매,제7군단,주식회사 유니케이
19170,18년도 전투배낭 구매,육군 제37보병사단,주식회사 대림테크
19175,255대대 - Jepp View 구매,공군제15특수임무비행단,주식회사베스틴
19178,지우개 등 724종 구매(18-6차),제2002부대,하이준컴퍼니
19184,4분기 발간재료 구매,제3707부대,주식회사 코아미
19187,리어카 등 8종,제7001부대,유니아이
19190,보조번호판 등 22종 구매,재경근무지원대대,주식회사 한결이앤엠
19195,00부대 캡슐형 휴게실 설치 및 제작ㆍ납품,제1989부대,하빈건설주식회사
19207,보안스티커 구매,공군본부,(주) 영광사
19208,블랙박스커버 구매,공군본부,세야산업
19209,학군후보생 야외훈련용 실습재료 구매,육군학생군사학교,제우스
19213,제설함 등 36종 구매,제2002부대,카라인터내셔널
19221,00부대 급속충전기 등 3개 품목 구매,육군 제37보병사단,제이씨에이치
19224,유팩킹 등 15품목,해군제1수리창,서주통상
19225,접착 아스테이지 등 155종 구매,해군교육사령부,마니
19230,월동자재 구매,제3보병사단,센세이션
19236,증류수생산기 5EA 구매,해군군수사령부,레져컴퍼니
19240,"하이드런트 버큠로리(2,500ℓ)",일반장비계약팀 (구:19.09.16),한백카셈 주식회사
19246,후반기 신규 임용 지역예비군지휘관 근무복류 구매,육군본부,주식회사 나루지엠에스
19247,"작동기, 전기-기계식, 회전형 1종 2점 구매",제9121부대,주식회사 동우밸브콘트롤
19261,직관형형광램프 등 160종 구매,해군제3함대사령부,동원샘물유통
19262,00부대 집진기 설치 / 납품,육군군수사령부,중부기업
19263,Monosyn 5-0 등 45품목 구매,연평부대,유니온헬스케어
19266,계산기 등 282종 구매,제3170부대,예인사무기
19267,점프스타트 등 15종 구매,제3170부대,주식회사 이앤아이
19268,텀블러 구매,해군사관학교,진성
19271,멀티코드 등 272종 구매,제9121부대,(주)원진
19280,"힌지, 버트형 등 9종 구매",해군군수사령부,에이스철물건자재주식회사
19284,18-방공관제사-98 음성기록카드,공군방공관제사령부,주식회사 희망에어텍
19288,플라스틱마개등25종 구매,육군종합정비창,수연상사
19291,행주 등 191품목 구매,제9해병여단,만복통상
19293,라미네이팅 파우치필름 등 124품목 구매,제9해병여단,만복통상
19297,영현백 구매,국군재정관리단,주식회사 구정
19300,에어컴프레샤 등 3종 구매설치,국군재정관리단,NPB타운
19305,지주대 등 6종 구매,제3170부대,티씨씨엔지니어링(주)
19306,나프탈렌 등 102종 구매,해군교육사령부,선진
19307,남성용 5부 수영복 등 4종 구매,해군교육사령부,유니아이
19308,압축강도 시험기 등 5종,해군작전사령부,루나
19309,티타늄 컷터 등 89종,해군작전사령부,구룡종합상사
19310,사진액자 등 150종,해군작전사령부,영화상사
19311,컷팅자 등 113종,해군본부,알파
19314,전술용 스키화 구매,제3170부대,민영상사
19315,"병사외투내피 2,300SH 구매",해군군수사령부,뉴산들 주식회사
19322,발칸 스크류등10종 구매,육군종합정비창,세진테크
19323,발칸 베이스 구매,육군종합정비창,에스지티
19324,발칸 스터드등2종 구매,육군종합정비창,현대정밀가스켓
19337,비상등 등 12종 구매 납품,제9196부대,스마트티씨 주식회사
19338,성인심폐소생술 마네킹 등 4종 구매 납품,제9196부대,(주)명문의료기
19341,공마대 등 246종 구매,해군제3함대사령부,오피스디포 목포점
19343,트랜지스터 등 70종 구매,해군제3함대사령부,(유)목포신도digitalOA
19357,"홍보용품(탁상시계,메모지펜홀더세트)구매",육군인사사령부,주식회사 그린코리아
19358,"국자, 부엌용(대)등 47품목",제9181부대,(주)대원지엘에스
19359,아이오반 등 169종 구매,제5738부대,석진메드
19362,어댑터 등 80종,해군군수사령부,헵시바상사
19368,다목적전술차 흙받이등2종 구매,육군종합정비창,대명 ENG
19371,볼연결대세트 등 178종,자운대근무지원연대,다인
19376,00부대 Cold Chain 포장패키지 구매,육군군수사령부,(주)에프엠에스코리아
19377,다용도 수납장 수선 등 5종,해군군수사령부,엘더블유피 주식회사
19378,메모홀더 등 291종,해군제2수리창,대성물류
19379,디지털 캠코더 등 4종,해군작전사령부,주식회사 예운
19384,VSpro 2017 등 4종 구매,해군군수사령부,그린종합사무기
19410,에어호스 니플 등 43종,해군작전사령부,다애테크
19412,자동폽업 등 85종,해군작전사령부,영광상사
19414,편집용 워크스테이션 등 4종 구매,국방부계룡대근무지원단,아름종합상사
19416,아스테이지 등 38종,합동군사대학교,대교산업
19417,대형 태극기 등 47종,해군작전사령부,영화상사
19422,21세기를 위한 21가지 제언 등 133종 구매,해군제3함대사령부,한결오피스
19423,소형작업대 4개 구매,해군교육사령부,주식회사 이수케이
19427,3M 전자감응형 헤드셋 등 185종,제7001부대,삼우메디칼(주)
19428,장력계 3EA 구매,해군군수사령부,선진인스텍
19431,잠망경접착제등19종 구매,육군종합정비창,(주)씨티원서비스
19435,공마대등4종 구매,육군종합정비창,(주)협성산업
19436,인서트팁등24종 구매,육군종합정비창,구룡종합상사
19437,골무등80종 구매,육군종합정비창,협성산업사
19438,흑염료등8종 구매,육군종합정비창,(주)씨티원서비스
19448,마스크 등 207종 구매 납품,제9196부대,카라인터내셔널
19449,조달요구서(18-465) MODE5 다중시험기,공군제5공중기동비행단,주식회사 에이치투엘테크놀로지
19457,로멕틴 등 3품목,제9181부대,(주)씨티원서비스
19458,"국자, 부엌용(중) 등 33품목",제9181부대,더에이치컴퍼니
19460,고체풀 등 147종 구매,제8385부대,영동문구센타
19461,경량랙 기둥 등 8품목,제9181부대,아로유통
19462,헤모덴트 등 42종 구매,제5738부대,주식회사 제이알팜
19463,suture lasso 등 4종 구매,제5738부대,MK메디칼
19479,골프공자판기 구매 설치,제9227부대,대명산업
19483,성인심폐소생술 마네킹 등 10종 구매 납품,제9196부대,(주)명문의료기
19484,택배보관함 등 2종 구매 설치,제9196부대,(주)아성넷
19485,상하차 컨베이어벨트 구매,제3군수지원여단,올리비아
19487,작업등 등 362종,해군제2수리창,라이언상사
19493,단독경보형 감지기 납품 설치,해군작전사령부,피앤비
19496,스러스트 멤버 등 30종,해군군수사령부,한솔통상
19497,스크류 머신 등 30종 구매,제8385부대,대광종합상사
19513,OO부대 예비군 총기손질정비실(3SET) 구매,제36보병사단,대교콘테이너
19520,딱풀 등 468품목 구매 납품,제9227부대,시엘아이템(CL Item)
19523,OO부대 예비군 총기손질정비실(3SET) 구매,제36보병사단,대교콘테이너
19538,I형 컨넥터 등 12종,해군군수사령부,정호정보통신
19539,고압세척기 2EA 구매,해군군수사령부,주식회사 비엔씨하이텍
19542,00운영용품 구매,제9965부대,주식회사백운
19557,휴대폰 보관함 구매,제3707부대,(주)협성산업
19563,정기 등 4품목,제9181부대,말감컴퍼니
19564,토니켓지혈 트레이너 등 3종 구매,국군의무학교,(주)동성메디칼
19565,라리암 등 128종,제7001부대,티엠이바이오 주식회사
19567,"하이드런트 디스펜서(1,000GPM)",일반장비계약팀 (구:19.09.16),정우정공주식회사
19570,철띠 등 336종 구매,해군제3함대사령부,오피스넥스목포
19571,제빙기 등 2품목,제9해병여단,알파유통 주식회사
19575,LAN용 가스식 청정소화기 구매,국군재정관리단,동아화이어테크 주식회사
19586,오디오 등 177종,해군작전사령부,전산&오피스 솔루션
19588,양궁 등3종목 운동용품(화살 등),국군체육부대,명지사
19589,랜포트 마개 등 4종 구매,제15보병사단,영진
19591,나라풀 등 418종,해군작전사령부,온누리교육사(스포타임)
19593,상ㆍ하차 컨베이어 구매,제5보병사단,대일철물건재
19594,월동준비 자재 구매,제5보병사단,이즈컴넷
19595,월동자재(제설함 등 6종) 구매,국방부계룡대근무지원단,주식회사 엘케이테크
19597,청동 구매,제9181부대,에스에이리테일
19601,청력계 자동식 1EA 구매,해군군수사령부,바른약품 주식회사
19602,자물쇠 등 3종 구매,해군군수사령부,주식회사 아름글로벌
19604,고속 스캐너 구매,육군훈련소,우빈기업
19605,항-18-056 엄지손가락 보조기(좌) 등 23종 구매,공군사관학교,지노컴퍼니(노래방백화점)
19606,18-수상함예인정 건조,함정계약팀 (구:19.09.16),삼광조선공업주식회사
19611,127-3(울산남구) 인도인접 장소 연결통로 설치,육군제53보병사단,(주)신진건설
19613,WMD제거작전물자 전신보호복 등 28종,국군화생방방호사령부,사수상사
19614,바디워시 등 45품목 구매 납품,제9227부대,서이
19621,화재감지기 구매,해군제3함대사령부,동방종합상사
19622,포제태극기 등 4종 구매,제3170부대,조광유통
19627,투명D링 바인더 등 169종,해군작전사령부,대하종합상사
19635,통돌이 걸레등 21품목 구매,제3283부대,충성센타
19636,워터호스릴등 44품목 구매,제3283부대,충성센타
19637,전기식 국솥 1개,해군작전사령부,해인산업 주식회사
19646,B50-FreeC1 등 85종,제7001부대,티엠이바이오 주식회사
19647,윈도우 브러쉬 등 86종,제7001부대,현대시스템
19648,플로터 롤지 등 19종,해군군수사령부,주식회사 태촌실업
19650,고주파 D링 바인더 등 17품목,제9181부대,태광일렉컴
19651,파리끈끈이 등 5품목,제9181부대,진우상사
19652,내장형 SW 개발도구 2차 구매,육군종합정비창,주식회사 에이치투엘테크놀로지
19656,모리코트등18종 구매,육군종합정비창,우빈기업
19659,논슬립등11종 구매,육군종합정비창,21세기 산업
19664,18-F/W 스위퍼 등 4종 구매,국군재정관리단,(주)텍스코
19670,냉/난방기 등 5품목 구매,제3283부대,주식회사 예승
19674,지속적피운동기(CPM) 1EA 구매,해군군수사령부,주식회사 한스메디칼
19676,화재현장 탐조등 8EA 구매,해군군수사령부,주식회사 포스트엑스
19684,트리돌 등 40종,해군 기동함대사령부,주식회사 디제이팜
19693,방탄복(3형) 조끼 2항목 구매,국군재정관리단,(유)목양
19697,모나미 플러스펜 등 506종 구매,해군제3함대사령부,무림오피스웨이목포점
19700,양압식 공기호흡기 2형 2품목 구매,국군화생방방호사령부,위트(WIT)
19712,실버크립 점보 등 253종,해군본부,유림상사
19716,낙하산줄 등 7종 구매,제3170부대,스토리라인
19718,종이컵 등 303종 구매,제5738부대,일월종합상사
19730,점퍼 춘추용 등 7종,자운대근무지원연대,와이에이치상사
19734,18-2차 00체계 전산용품 구매,국군재정관리단,드림비즈 주식회사
19735,정글도 등 4종 구매 납품,제9196부대,에어컴퍼니
19744,전기후라이팬 등 97종 구매,해군사관학교,진성
19745,파라솔 구매,해군교육사령부,나우통상
19747,온습도계 등 7종 구매,제5738부대,대명종합상사
19748,티모어 등 2품목 구매,제9691부대,(주)텍스코
19755,각도표시기 구매,육군종합정비창,(주)비아이엔씨
19758,00부대 사진재료 구매(2차),제5897부대,에그트리
19778,샴푸 등 5종,제7001부대,(주)원진
19780,안전줄 등 26종 구매,제9911부대,예찬컴퍼니
19782,루빙스트랩 등 12품목,해군제1수리창,다모아상사
19783,포장용랩 등 7종,해군군수사령부,주식회사 서진컨설팅
19785,종이컵 등 457종 구매,제8385부대,크로바상사
19796,테이블리프트 1EA 구매,해군군수사령부,JW종합상사
19797,휴대용 탁도계 등 15종 구매,국방부계룡대근무지원단,신우기업
19807,엑스선기 X-선관튜브 구매,육군종합정비창,태린메디칼 주식회사
19809,다목적굴착기 수리킷트등9종 구매,육군종합정비창,정원사
19812,나이스 건 등 517종 구매(18-5차),제2002부대,대한상역
19813,화재(연기)감지기 구매 설치,제9227부대,서아유통
19815,피지오겔 로션 등 20종 구매,제2002부대,바른약품 주식회사
19824,면 원형크로스 등 13종 구매,해군사관학교,한길
19828,콘트롤 단자 등 53종,해군작전사령부,자인비
19831,화재감지기 구매 설치,제9911부대,두리상사
19833,암파우치 등 3종 구매,제9911부대,동명이앤엘
19834,페어웨이배토기 구매,제9911부대,하이드림
19838,쇼파 등판 수선 등 10종,해군군수사령부,창대 솔루션
19844,훈련요령판 제작/설치,제3283부대,한스 앤 어소시에이츠
19848,화재감지기 납품 설치,제5738부대,제이에스테크
19868,사관학교 생도 신발류 구매,국군재정관리단,태능프로스펙스
19874,램프 등 40종 구매,해군제3함대사령부,한성시스템
19875,피뢰기 등 10품목,해군제1수리창,수주종합상사
19877,대잠 경광등 1종,해군군수사령부,케이-부영
19878,릴홀더/에폭시 목걸이줄 7종 구매,해군제3함대사령부,스카이유통
19880,멀티테스터기 등 2종 구매,해군교육사령부,구룡종합상사
19883,날클립 등 243종 구매,해군사관학교,영림상사
19885,블랙박스 4CH 구매/설치,제9691부대,서윤산업
19888,검시용 더미 등 2종 구매,해군군수사령부,지모테크(Jimo Tech)
19893,육군 비행복(디지털무늬),물자계약팀,주식회사 무궁화용사촌에프앤씨(F&C)
19897,간부 운동모,공군군수사령부,（주）씨앤에스코리아（CNS KOREA）
19900,00지역 간부숙소 2단 세탁건조기 구매 및 설치,국군재정관리단,주식회사 티앤티솔루션
19914,반주기 스탠드 등 10종 구매,제9911부대,주식회사 가온산업
19921,방안직자 등 212품목 구매,연평부대,(주)씨티원서비스
19925,AST 등 58종,제7001부대,삼우메디칼(주)
19927,18-계류지원정(50톤급 FRP) 건조,함정계약팀 (구:19.09.16),고려조선 주식회사
19928,18-계류지원정(130톤/100톤/70톤급) 건조,함정계약팀 (구:19.09.16),에스케이오션플랜트(주)
19942,전자식 안정기 등 73종,해군군수사령부,와이에이치상사
19946,동기기 1종,해군군수사령부,대원상사
19948,회의용 테이블 수선 등 5종,해군군수사령부,더펜상사주식회사
19950,팝업 스티키 등 314종 구매,해군제3함대사령부,무진통상
19951,사관실 테이블 상판 수선 등 9종,해군군수사령부,두리상사
19952,(조달)3훈비 씽크대 2품목(18-3-313)구매,제3훈련비행단,주식회사동양가구산업
19958,감지센샤 1종,해군군수사령부,태양전자
19959,비행복,물자계약팀,주식회사 피엔에이코리아
19976,핸드카트 등 68종,해군작전사령부,예광
19978,학군단후보생 가방 150개 구매,해군교육사령부,경남상사
19979,문화상품권 150매,해군작전사령부,진성
19981,Nasal prong 등 46품목 구매,연평부대,제이엠케이
19982,로슈바스타틴 등 32품목 구매,연평부대,한서약품
19984,학군단후보생 정복견장 등 8종 구매,해군교육사령부,경남상사
19985,디지털 도어락 112점 구매,제9911부대,예원
19987,시료교반기 1EA 구매,해군군수사령부,주식회사 솔지
19989,미디어편집기 등 6품목 구매,제9691부대,주식회사 유노미아
19991,가지 등 117종 구매,제9911부대,한샘유통 주식회사
19996,태스트발브 1종,해군군수사령부,(주) 영창기술원
19998,초음파세척기 1EA 구매,해군군수사령부,우신과학
19999,시료교반기 1EA 구매,해군군수사령부,주식회사 솔지
20003,조달요구서(18-504)측정게이지 비상문용 등 3품목,공군제5공중기동비행단,에스밀
20007,연동통합 기반체계 도입(망연계 스토리지),국방통합데이터센터,에스엠제이
20008,초음파 병기세척기 구매설치,국군재정관리단,골드라벨
20014,호스 등 3종,해군군수사령부,대원상사
20017,도마 등 39종 구매,제9911부대,가온누리
20026,안정기 등 6종 구매,해군군수사령부,주식회사 삼성기전
20035,인사계획과 프로바리캉 등 5종 구매,제9911부대,신명
20037,앰프 구매,해군교육사령부,진성
20040,유흡착제 등 5종 구매,제5738부대,주식회사 부창산업
20042,18-6-탄약 견인장비 등 외주정비,제5738부대,(주)한일공업
20043,에소르스포츠스킨 등 48종 구매,제9911부대,대성산업
20044,제빙기 구매,제9911부대,성동공조
20047,공업용 콤프레샤등 3품목,제3283부대,주식회사 신한기업
20056,밀폐용기 등 6품목 구매 납품,제9227부대,청강윈도우
20063,암롤박스 구매 설치,제8385부대,피엠코리아
20065,ZS지역 간부숙소 전기오븐 구매설치,국군재정관리단,초코인터내셔널 주식회사
20069,3M 6879헤드밴드 등 506종,해군군수사령부,지산테크
20073,"램프,발광 다이오드용 1종",해군군수사령부,제일테크
20082,K719부교차 활차등2종 구매,육군종합정비창,에스지티
20085,릴호스 구매 납품,제9227부대,진솔루션
20089,에어콤프레샤 등 10종,자운대근무지원연대,대교산업
20091,RFID카드 등 229종 구매,제3170부대,SH유통
20096,알루미늄 합금판 등 3품목,해군제1수리창,수주종합상사
20107,높이뛰기 매트 등 5종 구매,해군군수사령부,주식회사 메디시온
20108,진동다짐기 1EA 구매,해군군수사령부,삼영롤러(주)
20109,IP-Tube RS530DL 2EA 구매,해군군수사령부,(주)비아이엔씨
20116,제설제(액상) 등 2종 구매,제20전투비행단,원탑
20125,알루미늄 방열기 등 68종,제20전투비행단,주식회사 에스제이상사
20126,원형덤벨 등 7품목 구매 납품,제9227부대,성도기업
20134,파병부대 전투조끼 구매,육군군수사령부,제이투산업
20135,방-18-34 속도변환기 구매,공군미사일방어사령부,씨지에스아이티(주)
20136,(F-35A)탑승식 동력예취기 구매,공군군수사령부,아세아농기계
20138,브리들 세트 등 3종 구매,제9911부대,주식회사 두산
20139,슬리퍼 등 91종 구매,제9911부대,우리기업
20140,테스터 클램프 등 14종 구매,제5738부대,주식회사 세영산업개발
20142,"멀티스카프 1,500장",해군본부,K＆J 테크
20143,강성태 66일 공부법 등 202종 구매,해군군수사령부,준호상사
20144,결재판 등 329종 구매,해군군수사령부,와이엠
20146,고압세척기 구매,해군교육사령부,효원
20147,군용 리포트화일등 122품목,제3283부대,포항케이피엘(KPL)
20150,"옷,방사능 오염방지용 등 10SU 구매",해군군수사령부,(주) 에이스티앤아이
20152,`18년 정비피복(정비화) 구매,육군종합정비창,주식회사 태촌실업
20153,"에어릴, 자동외 35품목",공군제17전투비행단,달빛산업
20158,18년 하중시험용 치구,유도무기계약팀 (구:19.09.16),하나기술 주식회사
20168,"(18-220) 표시기, 차륜정렬용",공군제5공중기동비행단,대한테크원
20178,수입지 및 수입포,물자계약팀,(주)동인산업
20182,방탄방패 등 3종 구매,국군재정관리단,주식회사 푸드나무
20187,협곡버켓 등 2종 구매,제5738부대,대명종합상사
20191,예초기 등 95종,제7001부대,주식회사 태촌실업
20192,(조달)3훈비 안전용품보관함 등 14품목(18-2-258)구매,제3훈련비행단,제나비즈
20193,구근탈피기 등 6종 구매,제9911부대,신경기산업(주)
20195,DVD(#미투(Me Too) 나는 말한다 등 96종) 구매,해군사관학교,대광산업
20200,캐비닛 등 12종 구매,제5738부대,프라임테크
20213,와이프올 등 121종 구매 납품,제9196부대,(주)씨티원서비스
20216,네임펜 등 430종,해군작전사령부,메트로마린서비스
20220,(조달)3훈비블라인드 1품목(18-3-312)구매,제3훈련비행단,가림건설 조은창
20221,작업모 내피 400EA,해군제1수리창,신우기업(주)
20223,연설대 1개,해군작전사령부,영화상사
20224,북앤드 등 588종 구매,해군교육사령부,아들상사
20229,수압시험기 1EA 구매,해군군수사령부,주식회사 렘코
20230,"샤워 타월 8,000PG 구매",해군군수사령부,심산물산
20235,넉가래 등 4품목 구매 납품,제9227부대,제이툴
20238,GP 진지 방호력 방폭패널 구매,국군재정관리단,드림비즈 주식회사
20249,투약카트 등 2종 구매,제5738부대,MK메디칼
20255,안면보호구 등 5종 구매,해군제3함대사령부,동서종합상사
20258,석영창 등 20종 구매,해군제3함대사령부,미래종합상사
20260,18-6차 사진재료구매(플로터롤지 등 30종),국방지형정보단,주식회사 에스티에스
20261,고투명 홀더 등 196종,해군본부,주식회사 에스제이상사
20264,"STRYKER CHAMPION PROBE, 3mm 등 5종 구매",제5738부대,커리어 메디텍
20265,플렉시브 커플링 엘리먼트 1종,해군군수사령부,수연상사
20269,온도감지기 71EA 구매,해군군수사령부,(주)협성산업
20270,"물재킷, 배기매니폴드용 등 4종 구매",해군군수사령부,보성하이텍 주식회사
20276,양말커버 등 39종 구매,공군제11전투비행단,성봉종합상사
20277,'18년 조준경 구매,제6755부대,어닝하는 집
20280,K9 패킹등18종 구매,육군종합정비창,주식회사 천명
20284,모자 등 3품목 구매 납품,제9227부대,비에이치산업
20294,야간투시경 및 대물렌즈 구매계약,육군 제8군단,주식회사 예일컴퍼니
20301,플라스틱 파레트 구매,제3170부대,(주)덕유
20304,런진 휠 등 19종,해군군수사령부,서화테크
20306,[육성] 야간투시경 구매,제1607부대,한솔조경&청소용역
20311,형광우의 등 29종,자운대근무지원연대,영화상사
20318,말발굽 등 78종 구매,제9911부대,경은상회
20321,라미네이팅필름 등 151종,해군작전사령부,아이테크
20327,부대 후생용구 구매,제3707부대,썬.데일리
20329,스텐 텀블러 등 2종,해군본부,현대상사
20336,측면포크 등 4종 구매,공군군수사령부,유진
20350,"조종간,자료입력용 1종",해군군수사령부,세종상사
20354,해병대정기 등 2종 구매,제3170부대,기장유통
20358,메딕가위 등 10종 구매,제8385부대,신우기업(주)
20361,호스 1종,해군군수사령부,메트로마린서비스
20377,디지털전용스노우지-A3 등 46품목 구매,제9691부대,모든C앤C
20379,제70주년 국군의날 행사용품(손잡이형 텀블러 구매),국방부(운영지원과),주식회사 발해에프유테크
20382,"18년 간부 정복/근무복 보충(남군, 여군)",물자계약팀,주식회사 앤비앤코퍼레이션
20387,파스텔컬러라벨 등 194종,해군본부,주식회사 첫걸음종합상사
20390,코덱 등 16품목 구매,연평부대,리누텍
20397,인터페이스아답타 등 6종 106품목 구매,공군군수사령부,엠제이엠
20399,폴리카보네이트 등 19품목 구매 납품,제9227부대,진양통상
20413,CLP-620NDK 전사벨트 등 50항목 구매(물자),육군군수사령부,(주)하이엠디
20416,텀블러 350EA,해군제1수리창,주식회사 다성
20420,월넛 낱장 등 10종,해군군수사령부,(주)원진
20421,대형거울 등 22종 구매,국방부계룡대근무지원단,주식회사 에이원
20422,엑추에이터 등 3종 구매,제8385부대,삼동유통상사
20423,풍선 등 4종,해군작전사령부,주식회사 소낙
20425,장방향 경광등 2EA,제7001부대,나우통상
20429,난방기 구매,제3707부대,신명
20431,00지역 큐브램프(BARCORLM-W8등 0종)구매,국군지휘통신사령부,주식회사 이지아이템
20432,칼라콘 등 177품목,제9181부대,미진상사
20435,식탁 구매,해군사관학교,사)우리들행복나눔 종합가구사업단
20437,고압호스 등 34품목 구매,육군종합정비창,이지테크
20443,과학화 예비군훈련 관리체계 설치납품,육군제53보병사단,(주)홀리랜드테크놀러지
20446,오-링 등 32종,해군군수사령부,수연상사
20448,와트트랜듀서 등 2종,해군군수사령부,온나라물자조달 주식회사
20450,데노간주 1G 등 123품목 구매,제9691부대,바른약품 주식회사
20451,개스킷 등 14종,해군군수사령부,수연상사
20462,Ioban 등 52종,제7001부대,삼우메디칼(주)
20464,방독정화통 등 37종,해군군수사령부,서화테크
20476,18년 11차 부대구매,제21보병사단,(주)석호약품
20480,스토리지 구매,국군재정관리단,주식회사 엔미디어솔루션
20481,운반용스테커 등 3종 구매,해군제3함대사령부,수성시스템
20484,Windows server 2012 등 2종,해군작전사령부,칼라투
20488,합금강 강재 등 3종,해군제2수리창,경기종합상사
20490,유성매직 등 385종 구매,해군교육사령부,윤슬
20495,레슬링부 운동용품(경기복 등 11종) 구매,국군체육부대,초코인터내셔널 주식회사
20498,게시판 등 2품목,해군제1수리창,(주)동건
20500,고막체온계 등 8종,자운대근무지원연대,세계로상사
20505,18-탑승형 건식 바닥청소차 등 2종 구매,국군재정관리단,희경
20520,프리미엄 종이컵 등 452종 구매,제9911부대,그레이스
20521,스텐홀컵 등 8종 구매,제9911부대,동분서주
20524,자석홀더 등 622종 구매,제9911부대,코모레비(COMOREBI)
20535,항-18-044 청력보호용 귀마개 구매,공군사관학교,제우스
20550,납땜 제거기 1품목 구매(궤도),육군군수사령부,(주)알앤디테크
20554,수영물자(수영복 등 3종)구매,국군재정관리단,주식회사 에스에스피앤디
20559,보호마스크 등 4종 구매,제2002부대,그리마
20561,고무링(6mm) 등 15품목,해군제1수리창,가진테크
20565,조정 유니트 1종,해군군수사령부,세종상사
20568,압력형 전송기 1종,해군군수사령부,온나라물자조달 주식회사
20572,"발광다이오드용 빛 발생기,경계등용 1종",해군군수사령부,세종상사
20578,항법가방 등 2항목 구매(물자),육군군수사령부,주식회사 에스지윈
20583,임진왜란 기록화 모사도 제작,해군사관학교,한국전통채색화협회
20598,유트린 티슈형 등 164종,제5738부대,석진메드
20599,벤토린 흡입액 등 105종,제5738부대,티엠이바이오 주식회사
20601,18년 해군해병 간부 정복 근무복 초도,물자계약팀,희림상사
20602,18년 해군 사병 정복 체촌,물자계약팀,주식회사 무궁화용사촌에프앤씨(F&C)
20603,18-322 전자동 약품포장기,공군교육사령부,우성무역
20605,2채널 스피커 등 49종 구매,해군사관학교,경남테크
20606,사각 챠밍디쉬 등 82종 구매,해군사관학교,석천산업
20608,LAN TO LAN(HDMI용) 등 17종 구매,해군사관학교,진성
20609,안내용 입갑판 등 28종 구매,해군사관학교,주식회사 부영상사
20610,청사초롱 등 37종 구매,해군사관학교,성화종합상사
20621,피스톤 내연기관용 등 31종 구매,해군군수사령부,이지테크
20625,"(F-014,018,019,021,022,023)작업대외 75품목",공군제17전투비행단,주식회사 삼도통신
20626,개선 안면마스크,물자계약팀,주식회사 킴블스
20633,두미르레스텔 101동 방화문 자재납품,제2군단,부성통신
20634,신발장 30EA 구매,해군 기동함대사령부,동양철재 사무가구
20639,알루미늄캔 등 10품목,해군제1수리창,대광종합상사
20640,고무아령 등 7종,제9181부대,아주철강주식회사
20644,윈드서핑 구매,해군사관학교,합자회사 청송일렉스
20645,융융제강슬래그 등 17정 구매,해군제3함대사령부,동서종합상사
20653,목도리,물자계약팀,주식회사 삼국트레이딩
20671,소화기멜빵류,물자계약팀,동우산업사
20672,체인블럭 등 355품목,해군제1수리창,주식회사 유니엠케이
20677,체인블럭 등 355품목,해군제1수리창,주식회사 유니엠케이
20678,인두팁 클리너 등 137품목 구매,연평부대,성심산업
20683,트럼펫 등 4품목 구매,제9691부대,(주)테스온
20698,학군단 외투,공군군수사령부,주식회사 대원유통
20712,컷팅매트 등 235종,해군작전사령부,문경종합상사
20713,원목 펜꽂이 등 372종,해군본부,주식회사 에스제이상사
20715,접착식아스테이지 등 97종,해군작전사령부,금호상사
20716,자동제본기 등 3종,해군작전사령부,정인산업
20718,부착용꽂이 등 257품목,해군제1수리창,알파동해점
20721,"골프공 6,800EA",제7001부대,주식회사 동빈글로벌
20722,브래킷 설치용 등 2종,해군군수사령부,칼라투
20725,"조달요구서(18-459)[85창] 시험세트, 전원 공급용",공군제5공중기동비행단,주식회사 이수케이
20727,호스 등 9품목,해군제1수리창,대광종합상사
20735,"방탄판, 레벨IV용 (대형)",물자계약팀,코오롱스페이스웍스 주식회사
20736,"방탄판, 레벨IV용(중형)",물자계약팀,주식회사동성티씨에스
20737,"방탄판, 레벨IV용(중형)",물자계약팀,코오롱스페이스웍스 주식회사
20738,"방탄판, 레벨IV용 (대형)",물자계약팀,주식회사동성티씨에스
20756,선회창 등 35종 구매,해군제3함대사령부,(유)목포신도digitalOA
20757,사우나용 한약재 등 98종 구매,국방부계룡대근무지원단,노브식스
20759,"페룰, 압축용, 튜브이음용 등 16종",해군군수사령부,칼라투
20762,스쿼트 머신 등 19종,제7001부대,진성
20764,제빙기 등 9종,제7001부대,나우통상
20765,농구대 등 2종,제7001부대,삼화스포츠
20767,알루미늄 합금판 등 9종,해군군수사령부,동우철강(주)
20775,JFOS-K체계 NAC 구매,국군재정관리단,주식회사 에프에스네트웍스
20782,에프시 듀라토프 디피 등 5종,해군제2수리창,경진P&C
20785,패킹(성형식) 등 15품목,해군제1수리창,천곡철물상사
20789,야전 병영생활 체험 대형버스 임차,육군3사관학교,화랑고속관광(주)
20800,스킨 등 101종,재경근무지원대대,신화유통
20801,18-1차 통합구매(야간투시경),제1989부대,주식회사 보성
20804,소형 레이저 조각기 등 2종 구매,제9121부대,진성
20805,마분지 등 50종 구매,제8385부대,최고상사
20807,잠수물자류 3항목 구매(물자),육군군수사령부,더페이퍼
20812,18년 탄약정비자재(봉인알루미늄 등 8종) 구매,국군재정관리단,주식회사 엔미디어솔루션
20823,파워콘넥타 등 13종,해군군수사령부,미래상사
20824,"솔, 세척용 등 6종 구매",해군군수사령부,주식회사 이수케이
20825,컨트롤메타 등 47종 구매,육군종합정비창,한솔통상
20827,18-방공관제사-64 디스플레이 유닛,공군방공관제사령부,도원정보시스템 주식회사
20839,[육성] 야간투시경 구매,육군제53보병사단,비피케이
20840,"정,끌형 등 2항목 구매(기장)",육군군수사령부,주식회사 지엘엔지니어링
20848,에폭시 수지 등 9품목,해군제1수리창,영동상사
20854,인공눈물 등 142항목 구매(해파),육군군수사령부,티엠이바이오 주식회사
20855,야자매트 구매,제20전투비행단,제이에스이컴퍼니
20858,산악침투복,물자계약팀,주식회사 나루지엠에스
20870,'18년 출입통제체계 교체,국군재정관리단,주식회사 엘에스아이정보기술
20875,안테나 자동절체기용 랙 구매,공군군수사령부,엠제이엠
20884,축 1종,해군군수사령부,온나라물자조달 주식회사
20887,"전동기,교류용 1종",해군군수사령부,주식회사 템텍
20890,스네이크스탑 등 18항목 구매(해파),육군군수사령부,엠앤에스코리아
20892,대철조이기 등 10항목 구매(물자),육군군수사령부,윤영
20895,마봉강등8종 구매,육군종합정비창,울산철강상사
20904,빔프로젝트 구매,제9181부대,엘림네트웍스 주식회사
20909,라미네이팅 필름 등 261종 구매,해군제3함대사령부,오피스넥스목포
20914,18-3차 총기수리(부품교체),국군체육부대,프리모션(Free motion)
20916,18-1차 통합구매(완전군장),제1989부대,가방공장
20918,간호복(체촌),물자계약팀,(주)보광아이엔티
20928,인명구조화,공군군수사령부,티에스 상사
20929,체스트프레스 1대 구매,국방부계룡대근무지원단,유원 인터내셔널
20932,에어건 등 50종 구매,제8385부대,한웅종합건자재
20935,오-링 등 5종,해군군수사령부,수연상사
20937,대잠 경광등 등 2종,해군군수사령부,온나라물자조달 주식회사
20941,확성기 세트 20EA 구매,해군군수사령부,태성네트웍스 주식회사
20942,사진액자 구매,제9181부대,디에이치산업
20943,복합기 구매,제9181부대,태산물산
20947,다중계기 등 4종 구매,해군군수사령부,(주)알앤디테크
20948,방탄방패 등 8종 구매,해군군수사령부,(주)씨티원서비스
20949,확성기 세트 20EA 구매,해군군수사령부,태성네트웍스 주식회사
20953,K719부교차 어댑터등26종 구매,육군종합정비창,현대정밀가스켓
20960,튜브형 점도계 구매,국군재정관리단,청운엔지니어링 주식회사
20962,전기이발기등 2종 구매,국군재정관리단,주식회사 바룩하쉠
20964,EOD 청진기 키트 구매,국군재정관리단,K＆J 테크
20976,18년 후반기 사진재료구매,국군지휘통신사령부,금성
20980,빠루망치 등 107종 구매,제3170부대,신성통신(주)
20982,주철 등 2종,해군군수사령부,동우철강(주)
20983,클리어화일 A4등 209품목,제3283부대,현민유통
20986,거실장 등 4종,제7001부대,준디자인주식회사
20987,자동혈압계 등 9종,제7001부대,(주)도원씨앤씨
20996,18-153 3단운반카 등 13종 구매,공군사관학교,희민상사
21000,산업용 내시경 등 25품목 구매,제9해병여단,주식회사우정상사
21006,세척재료(물통세척제 등 2품목)구매,국군재정관리단,유한회사 한빛기업
21017,디지털테스터 등 295종 구매,제3170부대,정원유통
21019,스텐평식기 구매,제3170부대,옥동산업
21025,감압기 1종,해군군수사령부,영성기업사
21026,행사용 연설대 등 4종 제작납품,국방부계룡대근무지원단,뉴테크가구
21027,네임타이 등 491품목,제9181부대,(주)씨티원서비스
21029,오-링 등 19종 구매,해군군수사령부,신영에이텍
21030,전기이발기 332EA 구매,해군군수사령부,주식회사 천화
21033,앵카윈드라스 4세트 구매,해군군수사령부,제이엠씨
21036,에어콤프레샤(22CFM),일반장비계약팀 (구:19.09.16),주식회사 엠에스엘콤프레서
21038,에어콤프레샤,일반장비계약팀 (구:19.09.16),주식회사 성신콤프레샤
21039,18-156 경광등 등113종 구매,공군사관학교,그린종합사무기
21047,18년 해병 사병 근무복 체촌,물자계약팀,희림상사
21048,[육성] 저격수 조준경 구매,육군제53보병사단,다올
21049,9탄약창 취사식당 비품 구매,육군제53보병사단,행복유통
21052,제빙기 구매 납품,제9196부대,주식회사 삼성육운
21053,사진액자 등 65종 구매 납품,제9196부대,가온샘 주식회사
21054,결재판 등 1332종,제5738부대,드림오피스
21058,파병부대 민사물자(외장형 하드디스크 등 00품목)구매,육군군수사령부,(주)이오드림
21059,18년 육군 근무복 초도 경쟁분,물자계약팀,주식회사 앤비앤코퍼레이션
21060,18년 육군 정복 초도 경쟁분,물자계약팀,주식회사 앤비앤코퍼레이션
21061,18년 공군 간부 정복 근무복 초도,물자계약팀,희림상사
21062,18년 공군 사병 근무복 체촌,물자계약팀,(주)동명양행
21065,"코팅제(역청질,유제형) 등 9품목",해군제1수리창,삼동유통상사
21068,파병부대 물자(에어커튼 등 00종) 구매,육군군수사령부,자비스
21069,파병부대 민사물자(전통족자 등 00품목) 구매,육군군수사령부,(주)진명산업개발
21071,사이렌(전동기 작동식) 등 5품목,해군제1수리창,정우종합건자재
21073,디스크드라이브 1EA,해군제1수리창,한웅종합건자재
21075,캐디마스터기 등 6품목 구매,제9691부대,금호전기조명(주)
21084,256대대 - Jepp View 구매,공군제15특수임무비행단,(주)베스틴무역
21088,바디워시 등 9품목 구매 납품,제9227부대,기원상사
21094,마호통(60) 스테인레스 등 2종,해군군수사령부,동진상사
21114,"끈,세폭띠형 등 8항목 구매(기장)",육군군수사령부,주식회사 천명
21117,"마스크,공기여과용 등 21종",해군제2수리창,수림이앤씨
21120,구리양극봉 등 7종,해군군수사령부,에이스철물건자재주식회사
21122,사이클부 운동용품(트랙용 디스크 등 12종) 구매,국군체육부대,미성종합상사
21124,조절카드 24V 1종,해군군수사령부,세종상사
21126,조종지시기 1종,해군군수사령부,나우통상
21129,70주년 기념 앰블럼 제작,제9691부대,주식회사 디자인이룸
21139,18년 CSRP 시초자 구매(실험가운 등 159종),국군화생방방호사령부,주식회사 엑선이엔씨
21141,"접합체,철 및 강철용 등 2종",해군군수사령부,미래상사
21142,3/4분기 발간재료 구매,제3707부대,강일에스티
21144,에어휠타 등 9종 구매,제8385부대,(주)동건
21145,인덱스 탭 등 82종 구매,제8385부대,최고상사
21146,"고정물,전등용 1종",해군군수사령부,와이지마린
21147,해군 개선바클 8800EA 구매,해군군수사령부,주식회사 흥선
21153,EMP차폐함,공군군수사령부,대한실드엔지니어링 주식회사
21156,순간접착제 등 72품목 구매 납품,제9227부대,클라크지게차클린판매
21157,웹 방화벽,공군군수사령부,(주)파워존
21160,제빙기(55Kg) 1종,해군군수사령부,삼일
21164,칠기목함 구매,해군사관학교,주식회사 미래정밀
21165,머그컵 구매,해군사관학교,씨원
21166,모자 구매,해군사관학교,케이엔피 트레이드
21176,충전기 등 6품목,해군제1수리창,대광종합상사
21187,'18년 야간투시경 구매 계약,제6755부대,스카이어게인
21189,간부숙소 블라인드 구매,해군 기동함대사령부,탑앤탑(TNT)
21200,해도 보관함 등 11종,제5738부대,가나안상사
21209,자재보관함 구매,공군군수사령부,주식회사 승지산업
21216,국자(중) 등 20품목,제9181부대,케이에스유통
21217,"압축링,디플렉트형,100 등 17종",해군군수사령부,정일티엠씨
21218,메인 컨트롤 박스 등 2종,해군군수사령부,안보종합상사
21220,"링,피스톤용 등 6종",해군군수사령부,메트로마린서비스
21221,"와셔,평면형 등 21종",해군군수사령부,대성테크
21224,(18-0130)경량 다기능 방탄복,공군제17전투비행단,영광기업
21228,국유재산 경계표(수정),국방시설본부,제이투산업
21230,(18-세-009) 디지털도어록,공군제18전투비행단,JW종합상사
21235,캐노피 등 2종,해군작전사령부,서플라이 플러스
21236,제본기 등 3종,해군작전사령부,주식회사보승글로벌
21239,디지털 테스터 등 254종,해군제2수리창,경기종합상사
21240,제빙기 등 25종 구매,제3170부대,제이에스테크
21241,스키플레이트 등 2종 구매,제3170부대,기성산업
21244,"페룰,압축용,튜브이음용 등 11품목",해군제1수리창,남부상사
21247,개스킷 800EA 구매,해군군수사령부,무진통상
21262,막대본드 등 75종 구매,제8385부대,최고상사
21264,복지대대 - 공기청정기 등 47품목 구매,공군제15특수임무비행단,믿음상사
21266,워키토키 이어폰 등 186종,해군본부,현대상사
21267,유증기 감지기 등 2종,해군군수사령부,성광상사
21268,국솥수위센샤 등 3종,해군군수사령부,성광상사
21272,실러AH플러스 등 232종,제7001부대,삼우메디칼(주)
21274,내화비밀보관함 36EA 구매,해군군수사령부,조인
21275,심폐소생술 마네킹 애니 구매,제3697부대,새움기획
21277,볼베아링(구매),기동화력계약팀 (구:19.09.16),주식회사 반석기공
21280,"대테러복, 특전사용",물자계약팀,성지EMB
21286,상하차 컨베이어 구매,제1군수지원사령부,에이블테크
21287,취사용 앞치마 2종,공군군수사령부,주식회사 해피코리아
21290,캐패시터 고정식 전기분해형 등 12품목,해군제1수리창,다모아상사
21291,등(선박항해용) 등 2품목,해군제1수리창,남부상사
21294,개선식탁상판 구매,제3170부대,골드라벨
21295,18년 2분기 정보화예산 계약,제6128부대,예원
21296,18년 재난 및 안전관리 물자 구매(2차),제51보병사단,윤영
21299,도마대(대) 등 2종 구매,제3170부대,억조종합기계주식회사
21301,후드 149EA 구매,해군군수사령부,주식회사 엑선이엔씨
21305,하우징류,기동화력계약팀 (구:19.09.16),삼호정밀
21310,밀리토피아 탑승식청소차 등 8종 구매,국군복지단,비피케이
21317,타이머 등 3종,해군군수사령부,나우통상
21318,스트레스헌터 등 4종 구매,제9911부대,필드그린
21323,방안모자등 2품목,제3283부대,제이에스테크
21327,항원충제(로섹스겔) 등 127종,제7001부대,티엠이바이오 주식회사
21328,전기식 국솥 1세트,해군작전사령부,한국케이엔티(주)
21334,용접복,물자계약팀,주식회사 킴블스
21335,18년 무반동총 광학기재,유도무기계약팀 (구:19.09.16),주식회사 보성기업
21337,고무판등24종 구매,육군종합정비창,선우상사
21341,화이투벤 켑슐 등 31종,제5738부대,온케어메디홀주식회사
21343,'18년 정비피복(동·하정비복 등 6종) 납품,5군수지원사령부,현대산업
21345,"포터 벨트등 58항목 구매(해파,기장)",육군군수사령부,주식회사 광일이엔지
21346,"렉스턴W 어셈블리 등 78항목 구매(해파,기장)",육군군수사령부,안보종합상사
21352,디지털 도어락 구매,제9911부대,정민이엔씨
21353,여름장화 등 11종 구매,제9911부대,EJ산업
21354,RSA 레일 슬링 연결마운트 등 23종,해군작전사령부,영화상사
21355,트랜지스터 4EA,해군제1수리창,삼동유통상사
21357,로션 등 13종 구매,제8385부대,대광종합상사
21361,전기이발기등 2품목,제3283부대,드림오피스포항오천점
21362,쿠션 등 4품목 구매,제9691부대,안보종합상사
21367,특별회계 전광판 등 32개품목 설치납품,제2167부대,대성체육산업
21368,야간투시경 구매,제2632부대,이앤케이종합관리 주식회사
21375,이동식 화장실 구매 납품,제9227부대,투디에이치
21378,정비피복 구매,제2236부대,(주)협성산업
21379,중지 등 2품목 구매,제9691부대,원강유통
21381,우편발송라벨 등 12종 구매,해군교육사령부,비에스상사
21383,라운드 넛 등 9품목,해군제1수리창,주식회사 다성
21384,"결재판 등 1,017종 구매",제8385부대,다보상사
21394,터빈,기동화력계약팀 (구:19.09.16),주식회사 종한
21398,18년 오리콘 몸통,유도무기계약팀 (구:19.09.16),삼호정밀
21409,라운드넛 등 4품목,해군제1수리창,다모아상사
21411,스텐보관함 등 15종 구매,육군훈련소,연승테크
21417,Barovac  등 117종,제7001부대,삼우메디칼(주)
21422,버클류,물자계약팀,일신정밀
21425,식탁,물자계약팀,주식회사 디에스나이키
21431,OO부대 야간 조준경 구매,제36보병사단,나래기업
21433,1톤 벤 파워게이트 2EA 구매,해군군수사령부,주식회사 아이엔텍
21447,엘리멘트 등 2종,해군군수사령부,인승정밀
21453,식기소독보관함류,물자계약팀,선경산업
21460,등속조인트 등 60종,제5738부대,일월종합상사
21465,프레셔스크류 등 6종 구매,해군군수사령부,미래상사
21466,5인용 쇼파 수선 등 6종,해군군수사령부,금성종합상사
21473,라이트라인 등 4종,제7001부대,주식회사 주성
21479,발칸 저항기등4종 구매,육군종합정비창,모아컴
21487,블루투스 스피커,제5738부대,드림오피스
21492,18년 방상내피 봉제 경쟁분,물자계약팀,주식회사 킴블스
21493,18년 방상내피 원단(퀼팅원단),물자계약팀,주식회사 예일물산
21496,빨아쓰는 키친타올 등 11종,해군작전사령부,대선테크
21500,열교환기 등 6건 구매(2-7차),육군훈련소,(주)충남설비
21501,다웰바스틸폼 등 2종,해군작전사령부,가나안테크
21503,캐노피 등 7종 구매,제8385부대,가나안상사
21506,체어형 디웰바 등 2종,해군작전사령부,주식회사 진영
21508,변기레바 등 48종,제7001부대,주식회사 우영물산
21512,추어탕 등 11종 구매,제9911부대,삼진유통
21513,"고정물,전등용 등 2종",해군군수사령부,걸작
21514,"교환날,앞창닦개용 1종",해군군수사령부,온나라물자조달 주식회사
21515,권양기 1종,해군군수사령부,금하상사
21518,인화점시험기 2EA 구매,해군군수사령부,태성상사
21524,301연대 12관리대대 무기탄약고 컨테이너 구매,육군 제1군단,세종인터내셔널
21530,00부대 디지털 피아노 구매,국군재정관리단,한샘아이디
21534,여압누출 점검용 시험기 구매,국군재정관리단,우주항공산업 주식회사
21538,"스테인리스 식기 2,000EA 구매",제20전투비행단,(주)씨티원서비스
21544,"잉곳, 주석-청동용 등 2품목",해군제1수리창,삼동유통상사
21547,정통대대 - MLT-D203L 등 29품목 구매,공군제15특수임무비행단,내일환경관리
21550,헬멧위장포,물자계약팀,주식회사 삼환티에프
21559,"분무팁,노즐,비항공기연료분사용 5항목 구매(자주포)",육군군수사령부,모아텍
21564,텀블러 구매,연평부대,케이에스유통
21565,제빙기 구매,연평부대,디엠글로벌
21566,치수검사기 등 3품목 구매,제9691부대,디에이치산업
21569,제빙기 구매,제9181부대,(주)세정
21571,탄입대,물자계약팀,강서실업
21573,오링류,함정계약팀 (구:19.09.16),티케이(T.K)테크
21574,안테나(URC-106),통신장비계약팀 (구:19.09.16),충무정밀(주)
21575,알루미늄합금강 구매,육군종합정비창,주식회사 씨이피테크
21590,윤활방청제 등 316종 구매,해군제3함대사령부,승리종합상사
21592,"저울, 무게측정용 등 4종 구매",해군제3함대사령부,미래종합상사
21594,가지 등 168품목 구매,제9691부대,주식회사 갑목
21598,요대류,물자계약팀,동우산업사
21614,방화복,공군군수사령부,성재상사
21619,스텐 방충망 등 46종 구매,제2002부대,썬라이즈
21620,톤백 구매,제8385부대,대광종합상사
21621,종균제 등 6종 구매,제8385부대,천곡철물상사
21627,"'18년 정비 및 취사피복류 (정비화, 안전모 등) 구매",제1729부대,대진통상
21633,무선단자세트 등 15종 구매,해군군수사령부,대양전기공업(주)
21635,오-링 등 80종,해군군수사령부,메트로마린서비스
21641,고무판 등 68종 구매,육군종합정비창,선우상사
21647,발칸 등 구매,육군종합정비창,나우통상
21655,"링,지지용 등 4항목 구매(기장)",육군군수사령부,그린스틸
21659,미송각재 등 9종 구매,국방부계룡대근무지원단,제일안전
21661,V-BELT 등 94종 구매,제9911부대,동명이앤엘
21662,베개 등 12종 구매,제9911부대,우성무역
21666,(육성) 18-17차 통합구매(단안형 야간투시경),제6128부대,나우통상
21667,홍송등 3종,해군군수사령부,(주)원진
21672,오토바이 구매 납품,제9227부대,아누바이오
21675,트럭(다목적용) 구매,국군재정관리단,주식회사 스타트럭코리아
21679,이발기 등 2종 구매,국방부계룡대근무지원단,드림으뜸상사
21680,좌현등 등 8종,해군군수사령부,세종상사
21681,고정자 1종,해군군수사령부,세종상사
21682,윈도콘트롤 1종,해군군수사령부,온나라물자조달 주식회사
21683,제빙기 4EA,해군제1수리창,대광종합상사
21687,개스킷류,함정계약팀 (구:19.09.16),한양산업
21689,스팀세척기 구매,육군종합정비창,창신기업
21690,18년 육군 정복/근무복 원단(개선품),물자계약팀,주식회사 아즈텍더블유비이
21698,18년 육군 정복/근무복 원단(개선품),물자계약팀,(주)킹텍스
21699,18년 육군 정복/근무복 원단(개선품),물자계약팀,(주)킹텍스
21700,전반기 통신운영용품 구매,제9965부대,(주)이오드림
21703,군수계획과-4906('18.6.19.) 탐색구,제9911부대,제네시스
21706,전반기 통신운영용품 구매,제9965부대,(주)이오드림
21709,피스톤 등 56종 구매,해군군수사령부,유신에이치알 주식회사
21714,마봉강등74종구매,육군종합정비창,울산철강상사
21716,바비큐그릴 등 2종,해군 기동함대사령부,알파유통 주식회사
21718,18-자동산계기 등 5종 구매,국군재정관리단,제우실업
21727,페니라민정 등 75종,해군작전사령부,주식회사 한스피엠아이
21729,우레탄 연질호스 등 40종,제7001부대,세광철물
21731,변환기 6대,해군작전사령부,비드앤드서플라이
21732,파레트 11kg 외 7종 구매,국방부계룡대근무지원단,세계로상사
21734,보급과 18-20 만능조리기 구매,제9911부대,파주차일드
21747,기능성전투화,물자계약팀,(주)트렉스타
21751,휴대용 전파탐지용 안테나 확보,제7016부대,(주)장수커뮤니케이션즈
21756,"잉곳,주석-청동용 등 8품목",해군제1수리창,다모아상사
21761,에프킬라 1품목,해군제1수리창,정우종합건자재
21763,고압세척기 등 5종,제7001부대,나우통상
21764,응집제 등 5종 구매,해군군수사령부,길상산업
21765,"권양기, 체인식 등 5종 구매",해군군수사령부,동양산업기계(주)
21771,그라인더커팅날 등 76종 구매,공군제11전투비행단,대성상사
21773,K719부교차 지지대등2종구매,육군종합정비창,태림
21778,(18-032)인행처 이발가위 등 4종,공군 작사예하 방포사예하 제3여단,주식회사 큐블코퍼레이션
21790,동내의,물자계약팀,(주)동명양행
21793,18년 방상외피 봉제 경쟁분,물자계약팀,주식회사 무궁화용사촌에프앤씨(F&C)
21797,알루미늄 합금판 등 11종,해군제2수리창,안보종합상사
21798,반타원형탁자 등 4종 제작납품,국방부계룡대근무지원단,영원종합상사
21799,딱풀 등 129종,해군본부,아름종합상사
21802,스포켓 등 7종,해군제2수리창,경진P&C
21805,"고정기,전구용 1종",해군군수사령부,세종상사
21812,스웨터,물자계약팀,(주)보광아이엔티
21813,코드류,통신장비계약팀 (구:19.09.16),신광전자
21826,MIMS 운용품 구매,제3707부대,오리
21828,디지털 마크사무기 구매,해군군수사령부,공후
21829,수자폰 1개 구매,해군교육사령부,경북상사
21833,18-2차 훈련용품 등 16종 구매,육군훈련소,드림으뜸상사
21836,퓨즈 등 24종 구매,해군군수사령부,에스지티
21837,부력방탄복,물자계약팀,코오롱인더스트리(주)FnC부문
21842,리프트,일반장비계약팀 (구:19.09.16),대일리프트 주식회사
21844,제빙기 구매 납품,제9227부대,골드라벨
21845,하늘 100층짜리집 등 412종,해군 기동함대사령부,신제주스포츠
21853,계급장 53종,공군군수사령부,주식회사 플라이쿱
21860,알루미늄합금판 등 12품목,해군제1수리창,한웅종합건자재
21862,디스크그라인더 등 81품목,해군제1수리창,영동상사
21863,AL방충망 등 29종,해군작전사령부,인터쿡
21864,짚티셔츠(반팔)등 3종,해군작전사령부,제이와이 아이앤씨
21865,평지예초기 등 2종 구매,제3170부대,클라크지게차클린판매
21867,탈취제 구매,제3170부대,반도종합상사
21878,K-55 리테이너,기동화력계약팀 (구:19.09.16),지승기업
21888,전자칠판브래킷 등 34종 구매,육군정보통신학교,주식회사 가치소프트
21893,맨담네오로션 등 105종 구매,제9911부대,윤진메디칼주식회사
21894,베개 등 26종 구매,제9911부대,수지홈&테크
21897,챠량용 여름카시트 구매,제9911부대,준 인터네셔날
21898,접지집게 등 8종 구매,제9911부대,하이드림
21899,청정마스크 등 134종 구매,제9911부대,예찬컴퍼니
21905,축구공 등 12품목,제9181부대,루야스
21906,심폐소생술 마네킨 등 3종 구매,국군의무학교,성도
21908,펄스발생기 구매,국군재정관리단,주식회사아이티씨코리아
21911,관측용 고무풍선,제9912부대,고운유통
21917,18-2차 총기 수리(부품교체),국군체육부대,프리모션(Free motion)
21919,18년 155밀리 모의적재훈련탄 등,유도무기계약팀 (구:19.09.16),덕인산업
21921,"암,조준구 연장대 뭉치용",기동화력계약팀 (구:19.09.16),디씨에이치(주)
21934,18-7031 간부숙소 커튼 설치 납품,제5군단사령부,주연ICT
21937,해병대 70주년 기념화보집 제작,국군재정관리단,영암신문(주)
21943,18년 해군해병 간부 정복/근무복(원단),물자계약팀,조양모방(주)
21944,18년 해군해병 간부 정복/근무복(원단),물자계약팀,(주)킹텍스
21945,18년 해군해병 간부 정복/근무복(원단),물자계약팀,(주)킹텍스
21946,18년 해군해병 간부 정복/근무복(원단),물자계약팀,(주)킹텍스
21947,18년 해군해병 간부 정복/근무복(원단),물자계약팀,주식회사 아즈텍더블유비이
21948,18년 공군 간부 정복/근무복 원단,물자계약팀,주식회사 아즈텍더블유비이
21949,18년 공군 간부 정복/근무복 원단,물자계약팀,주식회사 아즈텍더블유비이
21950,18년 공군 간부 정복/근무복 원단,물자계약팀,주식회사 아즈텍더블유비이
21959,13차 부대구매,제1288부대,태강약품
21965,공CD 등 3품목 구매,제9691부대,강일에스티
21966,책장 구매,제8385부대,강원상사
21971,쿼더런트 시험기 구매,국군재정관리단,주식회사 에이치투엘테크놀로지
21974,카트리지 등 9종 구매,해군군수사령부,주식회사 제이알디
21979,에피네프린 등 33항목 구매(해파),육군군수사령부,주식회사 재현약품
21994,5톤 소음기구매,육군종합정비창,서진산업
21995,K719부교차 롤라구매,육군종합정비창,호승기계
22002,전투조끼류,물자계약팀,삼부산업 주식회사
22003,"야전배낭(Ⅰ,Ⅱ,Ⅲ형)",물자계약팀,강서실업
22008,청소솔 등 28종,재경근무지원대대,명지사
22015,제도샤프 등 191종 구매,제8385부대,다보상사
22017,아이스박스 등 5품목,제9181부대,제이유통
22018,각인 6푼 등 17종,해군본부,동진상사
22019,2채널 스피커 등 120종,해군본부,주식회사 엘케이테크
22021,워셔액 등 61종,제7001부대,경남상사
22035,무정전 주파수변환기 80KVA,지휘정찰계약팀 (구:19.09.16),주식회사 예스파워
22037,육성지원 검문소물자세트 구매,제51보병사단,블루웨일
22048,"링,피스톤용 등 5종",해군군수사령부,세현종합상사
22051,아이젠 등 6종 구매,국군재정관리단,에코앤텍주식회사
22054,전투용탄약운반장구,물자계약팀,삼광기계제2공장
22059,TA-512KA,통신장비계약팀 (구:19.09.16),주식회사 우리별
22061,강철조각 1종,해군군수사령부,강일에스티
22066,하네스류,기동화력계약팀 (구:19.09.16),대호정기(주)
22075,BTCS용 디스플레이유닛 등,지휘정찰계약팀 (구:19.09.16),덕인산업
22081,트러스 스크리드 등 2종,해군작전사령부,주식회사 예인컴퍼니
22082,쌍화탕 등 131종 구매,제2002부대,바른약품 주식회사
22085,"요대, 디지털무늬",물자계약팀,삼부산업 주식회사
22086,배럴 로드 셋 외 3종,함정계약팀 (구:19.09.16),조은테크
22095,바디워시 등 11품목 구매 납품,제9227부대,충성센타
22103,18-간부숙소 등 통합배선반 설치,제9해병여단,(주)오성정보통신
22107,총기손질용 매트 700EA 구매,제20전투비행단,군장코퍼레이션
22109,18-246 스텐평식기 등 5품목,공군교육사령부,베시스
22115,해군 크리스탈 무드등 등 5종,해군본부,삼일상사
22116,M포스지 필름 인덱스 등 157종 구매,해군교육사령부,전일종합상사
22119,헥사메딘가글액 등 85품목 구매,제9691부대,주식회사 우인약품
22121,폴리디앤주 등 202품목,제9181부대,주식회사 유앤아이메디칼
22130,"표본수집키트,화학작용제용",일반장비계약팀 (구:19.09.16),영원과학주식회사
22139,2분기 전보체계(전산용품)물품 구매,육군 제1군단,에스와이컴퍼니
22140,2분기 전보체계(전산용품)물품 구매,육군 제1군단,에스와이컴퍼니
22143,개스킷 등 2종,해군군수사령부,미래상사
22147,섀클류,기동화력계약팀 (구:19.09.16),영광산업사
22148,00지역 표준동원함 구매,국군지휘통신사령부,강원상사
22156,벤토린 흡입액 등 114종,제5738부대,주식회사 주천약품
22168,18년 방상외피 해병 원단,물자계약팀,티에이케이텍스타일 주식회사
22169,18년 방상외피 원단,물자계약팀,티에이케이텍스타일 주식회사
22171,헬스장(체중계/혈압계) 구매,제3707부대,불토스
22175,정글모 등 60종 구매,해군제3함대사령부,승리종합상사
22180,군견사료 구매,국군재정관리단,소망상사
22182,"솔레노이드,전기식 등 21종 구매",해군군수사령부,세일상사
22183,스러스트 멤버 등 7종,해군군수사령부,조강테크
22190,18년 훈련용도로대화구폭파킷 연막통 등,유도무기계약팀 (구:19.09.16),고려화공 주식회사
22191,캐비넷 샌딩기 구매,육군종합정비창,시온 지앤피(G&P)
22199,"잉곳,주석-청동용 등 2품목",해군제1수리창,천곡철물상사
22200,"허브,몸체용",해군제1수리창,금성종합상사
22205,전자개폐기 등 7종 구매,해군제3함대사령부,오피스디포 목포점
22209,스탠드 선풍기 등 0종 구매,제1363부대,바울기획
22214,내화성 비밀보관함(2단) 등 3종 구매,합동군사대학교,주식회사 에스티에스
22223,배낭부속재류,물자계약팀,한일피복공업(주)
22232,하네스류,일반장비계약팀 (구:19.09.16),대호정기(주)
22237,K719부교차 보도판구매,육군종합정비창,대명 ENG
22240,호스결합체등11종구매,육군종합정비창,월드테크
22241,호스등7종구매,육군종합정비창,태성하이테크
22242,교량가설단정 게이지유니트구매,육군종합정비창,케이에스씨인터내셔날(KSC INTERNATIONAL)
22244,튜브등9종구매,육군종합정비창,준테크
22245,통신 집적회로등2종구매,육군종합정비창,주식회사 월드티엔에스
22248,"방현재,선박용",일반장비계약팀 (구:19.09.16),지승기업
22260,저울 등 3종 구매 납품,제9196부대,유원 인터내셔널
22264,RFID 태그발행기 리본등 2종 구매,공군군수사령부,(주)에스씨포인트
22266,자바라 컨베이어,공군군수사령부,연진텍
22267,야전배낭(사수),물자계약팀,주식회사 한웅
22268,18년 사병 정복/근무복 원단,물자계약팀,주식회사 아즈텍더블유비이
22269,18년 사병 정복/근무복 원단,물자계약팀,(주)킹텍스
22270,18년 사병 정복/근무복 원단,물자계약팀,(주)킹텍스
22271,18년 사병 정복/근무복 원단,물자계약팀,(주)킹텍스
22272,18년 사병 정복/근무복 원단,물자계약팀,(주)킹텍스
22273,18년 사병 정복/근무복 원단,물자계약팀,주식회사 아즈텍더블유비이
22274,18년 사병 정복/근무복 원단,물자계약팀,주식회사 아즈텍더블유비이
22275,18년 사병 정복/근무복 원단,물자계약팀,주식회사 아즈텍더블유비이
22276,RFID 라벨태그등 3종 구매,공군군수사령부,부광인쇄
22277,"표시기, 시간합계식",기동화력계약팀 (구:19.09.16),한성정공
22279,DVD(12 솔져스 등 76종) 구매,해군사관학교,한길
22283,장성급 숙소 러그 구매설치,국군재정관리단,주식회사 인더스코리아
22288,냉각수 첨가제 등 9항목 구매(물자),육군군수사령부,삼일이화학상사
22290,"연장기,경고등용",기동화력계약팀 (구:19.09.16),탑앤케이코리아 주식회사
22312,고무제품류,기동화력계약팀 (구:19.09.16),이든산업
22324,18-방공관제사-26 전자체계처 교육장 서버 구매,공군방공관제사령부,주식회사 보람정보통신
22326,샤프심 등 134종 구매,제8385부대,반석상사
22327,그린 배토사 등 2종 구매,제8385부대,태영
22328,관물함 등 2종 구매,제8385부대,주식회사 다성
22331,참이슬(클래식) 등 5품목,제9181부대,(유)태영주류
22334,대잠 경광등 등 3종,해군군수사령부,태림
22335,오-링 등 29종,해군군수사령부,미래상사
22339,"복싱부,럭비부,육상부 운동용품",국군체육부대,주식회사 서진컨설팅
22350,18-113 저장용 선반 등 3종 구매,공군사관학교,주식회사 세강산업
22353,브릿지피팅 등 3품목 구매 납품,제9227부대,YK통상
22359,코어네트 등 3종 구매 납품,제9196부대,태광일렉컴
22361,알콜스왑 등 153종,제5738부대,석진메드
22362,Vaccutainer needle holder 등 54종,제5738부대,석진메드
22363,Bicos Meniscal Repair Retractor 등 6종,제5738부대,MK메디칼
22364,신텍스 에코 파우더프리 글러브 등 52종,제5738부대,석진메드
22365,00체계 운용품 구매,국군지휘통신사령부,대광종합상사
22368,18년 탄약관리지원물자(컨베이어 롤러)구매,육군 탄약지원사령부,주식회사 지스타
22374,지우미 지우개 등 502종 구매,해군사관학교,드림디포신마산점
22383,(18-1042)V벨트외 73품목,공군제17전투비행단,이터널
22395,빨간 머플러,공군군수사령부,주식회사 나루지엠에스
22396,"메모리,휴대용,하드디스크 1종",해군군수사령부,(주)바로컴
22400,도마 등 8종 구매,제3170부대,정원유통
22404,입간판 등 5종 구매(위임),육군상무대근무지원단,신대디자인테크(주)
22407,지오셀 등 17종,해군작전사령부,전라안전
22416,송수화기(핸드셋트류),통신장비계약팀 (구:19.09.16),주식회사 프로씨스콤
22418,정모류,물자계약팀,삼진제모(주)
22422,초자류,기동화력계약팀 (구:19.09.16),밀레니엄옵틱칼시스템 주식회사
22423,와이프용 구동유니트,일반장비계약팀 (구:19.09.16),다산기공(주)
22427,18-로켓용폭음통 구매,국군재정관리단,경기화약 주식회사
22430,네비케이션등 3품목 구매,국군재정관리단,주식회사 복은
22437,수영복 등 4종 구매,해군교육사령부,전일종합상사
22438,자기온습도계 기록계,해군제3함대사령부,대건상사
22441,실외수영장 도포용 에폭시 구매,제9보병사단사령부,불토스
22442,철문등 20품목 구매,제3283부대,광장서점문구
22443,"녹음기 재생기류, 신호자료용 등 2종 구매",해군군수사령부,대양전기공업(주)
22444,"고정물, 전등용 등 5종 구매",해군군수사령부,한샘아이디
22446,호스류,함정계약팀 (구:19.09.16),와이엠아이 주식회사
22449,5톤 호스등33종구매,육군종합정비창,에스지티
22450,공업용 내시경 구매,육군종합정비창,주식회사 더그린
22451,천마 오링등34종구매,육군종합정비창,에이치에스테크
22452,총포 펠트등6종구매,육군종합정비창,세진테크
22455,"밴드, 지지용",기동화력계약팀 (구:19.09.16),평화정밀
22464,방화도구함 등 2종 구매,국군재정관리단,주식회사 삼원
22468,보안 솔루션 구매,공군작사근무지원단,(주)비아이씨스템
22470,브래킷 설치용 등 15항목 구매(궤도),육군군수사령부,지승기업
22473,대공표적기 KIT 등 28종,해군작전사령부,전일종합상사
22475,경계석 등 5종 구매,제8385부대,기쁨상사
22476,연성지오그리드 등 70종,해군작전사령부,현대시스템
22480,탁도계 램프 등 5종,제7001부대,주식회사 대호이엠이
22482,"계수식,전자식,숫자판독식 1EA 구매",해군군수사령부,(주)바로컴
22483,혼 신호용 등 2종 구매,해군군수사령부,(주)디에스인프라
22487,아세트아미노펜 등 94항목 구매(해파),육군군수사령부,주식회사 이레팜
22492,시트 및 플렛 홈 등 3항목 구매(궤도),육군군수사령부,지승기업
22494,해/공군 전투모,물자계약팀,주식회사 피엔에이코리아
22495,전투우의,물자계약팀,희림상사
22497,단안형야간투시경,지휘정찰계약팀 (구:19.09.16),(주)이오시스템
22501,방-18-19 부대비품(사진인화기등 2종) 구매,공군미사일방어사령부,대성인터내셔날
22503,양압식 공기호흡기 2형 구매,국군재정관리단,조은산업 주식회사
22506,대기용 활성탄 등 19종,해군군수사령부,창신풍력이엔지 주식회사
22512,귀마개 등 97종 구매,해군사관학교,주식회사 서진컨설팅
22513,"남자축구, 농구부 훈련용품(농구화 등 8종)",국군체육부대,진영상사
22518,팬(원심형) 등 2종,해군군수사령부,미래상사
22519,1인용 쇼파 수선등 4종,해군군수사령부,선진
22533,헬멧부속재,물자계약팀,삼부산업 주식회사
22534,의장대대 티셔츠 구매,국방부근무지원단,믿음상사
22539,육군베레모,물자계약팀,삼진제모(주)
22541,"페룰,압축용,튜브이음용 등 4종",해군군수사령부,성광상사
22542,프로파일 등 393종 구매,제9911부대,준 인터네셔날
22545,"패널,표시기용 등 3종",해군군수사령부,대선테크
22549,방폭가방 구매,제3170부대,디에이치산업
22550,탈의실 5개 구매,해군교육사령부,에스지에스
22551,이불 등 13종,재경근무지원대대,주식회사 나루지엠에스
22554,골프공세척기 등 5종,재경근무지원대대,인향페이퍼
22555,추지석 등 19종,해군군수사령부,나우통상
22556,소화기 등 32종 구매,제9911부대,공후
22557,코팅필름 등 497종 구매,제9911부대,바른
22576,표창 부상품 구매,방위사업청(운영지원과),영인터내셔널
22582,K1A기관단총,유도무기계약팀 (구:19.09.16),에스앤티모티브주식회사
22587,디지털도어락 설치,제9해병여단,동양정보기술주식회사
22589,18-1차 자운대쇼핑타운 진열대 구매,국군복지단,주식회사 금성강철
22593,보잉 선글라스 등 70종,해군제3함대사령부,미래종합상사
22595,클립리무버 등 84종 구매,해군제3함대사령부,스카이유통
22598,롤 스크린 외 1종 설치납품(연간단가 계약),국방부계룡대근무지원단,주식회사 엘케이테크
22603,케틀벨(16kg)등 187품목,제3283부대,충성센타
22604,마스크 방풍고글등 26품목,제3283부대,충성센타
22605,"노즐,소방호스용 197EA 구매",해군군수사령부,동해하이테크산업(주)
22608,캐논 CRG-333 등 72항목 구매(물자),육군군수사령부,에이치아이티 주식회사
22613,식관,물자계약팀,주식회사 킹센스
22623,A옵세트 등 1159종,해군군수사령부,서화테크
22629,발칸 U자형고리등14종구매,육군종합정비창,현대정밀가스켓
22630,발칸 가죽끈구매,육군종합정비창,정원사
22633,교량가설단정 핸들등5종구매,육군종합정비창,정원사
22636,교량가설단정 슬리이브등3종구매,육군종합정비창,진광사
22667,ZL-27A등 505종,제5738부대,유니케이(K)
22672,UV분광광도계,공군군수사령부,미광사이언스
22673,면포들린팬티(사각팬티),물자계약팀,한일피복공업(주)
22677,"브래킷,판류",기동화력계약팀 (구:19.09.16),주식회사 종한
22679,"야구,여자축구,사이클,스키부 훈련용품",국군체육부대,아이테크
22682,"유니트쿨러, 육고",해군제1수리창,영동상사
22683,실링콤파운드 등 6품목,해군제1수리창,남부상사
22688,차광막 등 56종,해군작전사령부,에이엔디
22693,레이저포인터 등 127종 구매,제8385부대,다보상사
22696,헌병 방한회투 등 15종 구매,제3170부대,(주)성한상사
22697,리어카 등 3품목 구매,해군군수사령부,(주)디에스인프라
22700,대형 리프트(피트) 1대 구매,해군군수사령부,서화테크
22701,박막 등 18종 구매,해군군수사령부,헵시바상사
22702,벨트 등 47종 구매,해군군수사령부,제이유테크
22703,"디스플레이,광전자식 1종",해군군수사령부,세종상사
22704,"클램프,루프형 등 16종",해군군수사령부,세현종합상사
22709,백열 천정등 등 3품목 구매,해군군수사령부,보고통상
22710,카본헬멧 44EA 구매,해군군수사령부,현민상사
22711,"온,습도계 기록계 7EA 구매",해군군수사령부,한신기계
22719,플라스틱 깔판(팰릿) 구매,공군군수사령부,주식회사 세화프라스틱
22723,18-113 보급대 저장용 선반 3종 구매,공군사관학교,주식회사 유일스토리지
22724,고속단정 인양기,함정계약팀 (구:19.09.16),에이치엘비오션테크 주식회사
22726,'18년 정비피복류 구매,육군항공학교,주식회사 인더스코리아
22727,위험물보관함 등 8종 구매,제20전투비행단,주식회사 오성엔지니어링
22742,방연마스크 등 52종 구매,해군제3함대사령부,에스에이치상사
22745,18년 2차 정보화예산 및 전반기 ATCIS운영용품 구매,제28보병사단,이지프라자
22747,취사장 물자 구매,수도방위사령부,현상사
22748,온장고 등 2종 구매,제2002부대,주식회사 더드림코퍼레이션(The Dream Corp)
22755,오뚜기 독신숙소 전자도어락 설치납품(R),제8기동사단,올리비아
22758,어댑터 부싱 등 19항목 구매(기장),육군군수사령부,보고통상
22760,방탄방패 등 37종 구매,제3170부대,주식회사 스타폴
22761,피탄방지고글 등 10종 구매,제3170부대,대성산업
22764,궁중팬 등 31품목 구매,연평부대,가온샘 주식회사
22769,이산화탄소 제거제 50통,해군작전사령부,경남상사
22771,파병 티셔츠 등 2종 구매,해군작전사령부,세일통상(주)
22774,"고속단정,8.5M,해병대용",함정계약팀 (구:19.09.16),주식회사 반도마린
22781,폴리카보네이트 등 20품목 구매 납품,제9227부대,기성산업
22787,"칼,포켓용(폭파칼) 등 3항목 구매(기장)",육군군수사령부,보고통상
22788,"엘보,파이브 및 튜브연결용 등 92항목 구매(기장)",육군군수사령부,태륭산업기계
22794,윤활방청제 등 70종,해군작전사령부,참조은
22795,에어리스건 등 24종,해군작전사령부,영림상사
22798,오-링 등 6종,해군군수사령부,미래상사
22802,접기 3.2mm 등 2품목,해군제1수리창,다모아상사
22804,ABS사물함,해군군수사령부,퍼스트OA사무가구 우드메탈
22805,순번대기기 등 3종,제7001부대,주식회사 복은
22806,드라이 클리닝 구매,해군군수사령부,주식회사 세렌디피티
22811,디지털캠코더 구매,해군사관학교,선진
22815,분사식 살충제 등 9종(18-84),공군제1전투비행단,주식회사소프트코리아
22822,퓨즈 통형 등 8종 구매,해군군수사령부,온나라물자조달 주식회사
22832,오링 및 패킹류,기동화력계약팀 (구:19.09.16),한양산업
22833,"18년 송탄기,35밀리 오리콘포용",유도무기계약팀 (구:19.09.16),포스맥 주식회사
22836,잠바류,물자계약팀,희림상사
22841,늄합금봉등31종구매,육군종합정비창,주식회사 알코에스앤티
22843,하우징류,기동화력계약팀 (구:19.09.16),정테크
22844,18년 탄약관리지원물자(체인톱 등 3종)구매,육군 탄약지원사령부,명성이앤지
22845,18년 탄약관리지원 물자(탄약운반용 달리) 구매,육군 탄약지원사령부,위드
22847,쇼핑타운 냉동평대 등 18종 구매,국군복지단,주식회사 유니팜텍
22850,"핀,피스톤용 등 8항목 구매(기장)",육군군수사령부,나린코리아
22860,18년 재투자 광 융착접속기 구매,제51보병사단,준 인터네셔날
22861,강력단조 가위 등 304종,해군본부,엠에스테크
22863,문자자막기 구매,해군사관학교,주식회사 복은
22865,어학학습기구(가로형) 구매,해군사관학교,(주)비아이엔씨
22866,전문자료검색대 구매,해군사관학교,라온상사
22868,조립식 과속방지턱,제7001부대,(주)원진
22869,호각 등 2종 구매,해군군수사령부,헵시바상사
22872,리프트 자동차용(4주식) 2EA 구매,해군군수사령부,(주)하이토피아
22882,안전보호용품 20종 구매,국군재정관리단,채움기획
22892,다목적 외투,물자계약팀,삼한섬유
22899,"코어,방열기용 등 28종",해군군수사령부,주식회사 젬마물산
22906,플라즈마 토치세트 등 4품목,해군제1수리창,신우기업(주)
22907,"어댑터, 전자단자용 등 11품목",해군제1수리창,영동상사
22908,디스크전극 등 19품목,해군제1수리창,금성종합상사
22909,집진기 등 4종 구매,제9911부대,경기종합상사
22910,보급과 18-007 / 23전대 전기그릴 등,제9911부대,조인
22911,에어릴(RA-820N) 등 34종 구매,제9911부대,중앙
22912,취사복 등 5종 구매,국군재정관리단,NS산업
22914,"계기, 전계강도용 구매",국군재정관리단,우주항공산업 주식회사
22918,무균채수병 1L 등 23종,제7001부대,주식회사 대호이엠이
22920,"격자 부재,커플링용 20EA 구매",해군군수사령부,주식회사 영남테크
22923,"소켓, 2구 등 3종 구매",해군군수사령부,제이엠씨
22924,"등, 선박항해용 등 4품목 구매",해군군수사령부,태림
22926,개스킷 등 51종 구매,해군군수사령부,(주) 영창기술원
22927,수선안전등 등 6 품목 구매,해군군수사령부,주식회사 천화
22928,스팀다리미 380EA 구매,해군군수사령부,에이제이아이티(주)
22930,"확성기,영구자석식",통신장비계약팀 (구:19.09.16),(주)토탈음향
22935,18-00창전세버스등 2건,해군군수사령부,서진항공여행사 주식회사
22940,조종화(동계),물자계약팀,주식회사 세몽나이스
22941,가죽잠바,물자계약팀,주식회사 금조디앤에스
22943,파노라마식 망원경(방산),기동화력계약팀 (구:19.09.16),(주)이오시스템
22950,국자(중) 등 25품목,제9181부대,EJ산업
22955,핀펀치세트 등 322품목,해군제1수리창,삼동유통상사
22956,초경홀캇타 등 155품목,해군제1수리창,원탑
22964,`18년 피.아식별띠 구매,국군재정관리단,주식회사 나루지엠에스
22966,세이셜 국기 등 54종,해군작전사령부,영성기업사
22967,화재기호판1급 등 29종 구매,제3170부대,1번가유통
22968,알루미늄 진공포장지 구매,제3170부대,동부테크
22969,방화도구함 구매,제3170부대,유니온종합상사
22971,작업테이블 등 196종 구매,제3170부대,충성센타
22976,"코어,방열기용 1종",해군군수사령부,미래상사
22977,사이드 반목 등 13종,해군제2수리창,고덕종합상사
22980,자바라 컨베이어 구매,육군훈련소,세계로상사
22981,열교환기 등 2건 설치납품,육군훈련소,(주)충남설비
22982,해도 등 96종,해군작전사령부,한국해양개발(주)
22985,HDMI연장젠더 등 27품목,제9181부대,윈아트
22986,컬러리본 등 26품목,제9181부대,가온샘 주식회사
22987,18-075 생도전대 신발장 등 4종 구매,공군사관학교,주식회사 하영
23089,"신형야전깔개/롤,주름형",물자계약팀,경창산업
23102,스크류 등 42품목,해군제1수리창,(주)동건
23104,3D 입체퍼즐(세종대왕함) 등 8종,제7001부대,불토스
23106,1공펀치 등 354종 구매,제8385부대,오피스상사
23110,사복탁송박스구매,제3283부대,성문상사
23111,계산기 등 158종 구매,제3170부대,포항서비스
23113,세정액 등 137종 구매,제3170부대,청진유통
23114,보호대 세트 구매,제9181부대,우성무역
23118,국기함 등 2항목 구매(물자),육군군수사령부,미다스 글로벌
23124,집진기(이동식) 등 1종 구매,육군종합정비창,유성하이텍
23130,의장대대 행사복(육군 하행사복 등 12종) 구매,국방부근무지원단,해원산업
23132,산악용 제설차 구매,국군재정관리단,주식회사 스타트럭코리아
23137,"콕,배출용 등 19항목 구매(기장)",육군군수사령부,대광테크
23139,화장지 2종,공군군수사령부,태평제지주식회사
23141,플라스틱 제본링 등 242품목,해군제1수리창,금성종합상사
23145,이동형 작업대 등 24종,해군제2수리창,지니종합상사
23149,"잉곳, 주석-청동용 등 8품목",해군제1수리창,대광종합상사
23150,00부대 통신운영용품 구매,제1363부대,(TS)산업
23151,"등,마루용 등 9종",해군군수사령부,태양전자
23153,세면타올 구매,제8385부대,유노타월 유노디자인
23158,감지센샤 등 9종,해군군수사령부,태양전자
23160,튜브 등 35품목 구매,연평부대,모아상사
23169,(18-0060)직렬절연변압기외 23품목,공군제17전투비행단,주식회사 삼성기전
23171,탐지3호용 하이드로폰,지휘정찰계약팀 (구:19.09.16),주식회사 시너스텍
23173,18년 흉장 및 예비군마크,물자계약팀,주식회사 킴블스
23174,탄약정비용 안전보호용품(면장갑 등 5종)구매,육군 탄약지원사령부,평화장갑(주)
23182,18년 태극마크,물자계약팀,주식회사 삼환티에프
23188,나프탈렌 등 10종 구매(18-11),공군제10전투비행단,나길
23198,18년 철제계급장,물자계약팀,두원(DO1)
23205,울트라셋 등 24품목 구매,연평부대,주식회사 이레팜
23209,메탈할라이드램프 등 115종 구매,제3170부대,성현스토어
23212,우산꽂이 6칸 등 183종,해군작전사령부,문경종합상사
23214,멸균소변컵 등 35품목 구매,연평부대,(주)하이엠디
23215,유니트 쿨러(천정형),해군군수사령부,대한냉동
23218,양손가위 등 25종,제7001부대,공후
23221,핸드아답터 등 270종 구매,제3170부대,진양통상
23224,코어네트 등 601품목,제9181부대,주식회사 유니메인
23225,선통대 등 24품목,제9181부대,대양테크
23226,뉴-워터폭시 상도 등 270종,제7001부대,에이스팩
23227,이발가위 379EA 구매,해군군수사령부,에이블테크
23230,기화기 상부 등 13종 구매,해군군수사령부,미래상사
23233,전력계(1GHz) 1EA 구매,해군군수사령부,나우통상
23234,구리스 건 등 13품목 구매,해군군수사령부,에이스팩
23235,UDT 중절모 등 8종 구매,해군군수사령부,삼진제모(주)
23236,온열조끼 107EA 구매,해군군수사령부,가나안테크
23237,미끄럼방지 규사 3호 1품목 구매,해군군수사령부,미래상사
23238,"(18-1021,1022,1023)먼지제거제외 67품목",공군제17전투비행단,수석
23240,(18-0041)나프탈렌외 8품목,공군제17전투비행단,세현산업 주식회사
23243,K719부교차 링등17종구매,육군종합정비창,에스지티
23244,다목적전술차 절연판구매,육군종합정비창,대흥정밀
23245,통신 집적회로등15종구매,육군종합정비창,태림
23247,가죽끈구매,육군종합정비창,에이스팩
23251,기상정보 지원기 도입,국군재정관리단,유한회사 비엔에스테크
23253,슈퍼타이 등 36종 구매,제8385부대,(주)동건
23264,잭 박스,함정계약팀 (구:19.09.16),극동전기공업
23271,염소 자동 투입기 3EA,해군 기동함대사령부,하나유통
23272,어댑터 등 16종,해군 기동함대사령부,한성
23274,수송대대 CDPF 촉매 등 166품목(18-080),공군 제8전투비행단,한국타이어 삼광점
23283,Adobe Captivate 2017 구매,해군교육사령부,(주)비아이엔씨
23287,은 브러쉬 등 8종,해군군수사령부,세종상사
23294,족구공 등 21종 구매,해군제3함대사령부,한결오피스
23296,오피스 라벨 등 214종 구매,해군교육사령부,주식회사 서진컨설팅
23299,대용량 샴푸 등 19종,제7001부대,진성
23304,하우징류,기동화력계약팀 (구:19.09.16),수성엠앤디
23305,사단 재해 예방지역 자재구매 설치납품,제3697부대,하이드림
23313,"4,000G/A 유조차",일반장비계약팀 (구:19.09.16),정우정공주식회사
23321,사병외투,물자계약팀,(주)동명양행
23322,발칸 벨로스등2종구매,육군종합정비창,태림
23330,방안직자 등 1389종,해군군수사령부,주식회사우정상사
23332,제1승조원침실 옷장 문 수선 등 33종,해군군수사령부,수연상사
23341,조종화(하계),물자계약팀,주식회사 이안제화
23342,팔꿈치포경/조준감사기(지명),기동화력계약팀 (구:19.09.16),(주)우경광학
23344,전신거울 등 476종 구매,해군제3함대사령부,마이크로트렌드
23345,재난예방 및 안전관리 자재 구매,제7보병사단,흥남건재
23377,18년 정비피복 구매,육군 제37보병사단,주식회사 삼국트레이딩
23378,(육성) 거제PMS 및 안테나 보강 설치납품,제6128부대,유니모테크놀로지 주식회사
23380,ECSU(MODEM) 등 5종 구매,해군제3함대사령부,에듀빅뱅
23386,"와셔,평면형 등 18종",해군군수사령부,강원상사
23389,단열포 등 3종,해군군수사령부,성광상사
23390,인셉션 등 258종,해군제3함대사령부,오피스타운목포점
23392,국악용품(태평소 관대 등 32종),해군본부,흥진사
23400,"변환기,전력용,정지형 등 2종",해군군수사령부,금하상사
23406,18년 포제계급장,물자계약팀,주식회사 킴블스
23409,인화물질보관함 등 22종 구매(18-8),공군제10전투비행단,주식회사 신화씨앤에스
23418,레이저포인터 등 256종 구매,제8385부대,영동문구센타
23419,지시봉 등 217종 구매,해군교육사령부,주식회사 성민종합산업
23420,심플박스 등 48종 구매,해군교육사령부,기룡아이엔씨
23421,콤파스 등 340종 구매,해군교육사령부,주식회사 태촌실업
23422,물병(500ml) 구매,제8385부대,가나안상사
23424,국기검 재료 00종 구매,육군 제1군단,예원
23425,폴리카보네이트 등 4종구매,육군 제1군단,주식회사 유니케이
23432,2구 전기렌지 6EA 구매,제2002부대,쌔미쌔미
23434,유전자검사 시약재료 구매,국군재정관리단,(주)에이치엔에스바이오
23436,육상훈련복(UDT) 등 4종 구매,해군군수사령부,주식회사 포스트엑스
23441,"링, 축용",기동화력계약팀 (구:19.09.16),지승기업
23444,00망 취약점 점검도구 구매,국군재정관리단,주식회사 가교일렉콤
23450,경종 등 37종 구매,제20전투비행단,재 용 테 크
23452,디지털 벽시계 1종 구매,해군교육사령부,드림디포신마산점
23457,충전 멀티컷터등 8품목 구매,제3283부대,푸른S&C
23460,냉장테이블 등 3종 구매,해군제3함대사령부,성화주방
23463,알루미늄 합금판 등 10품목,해군제1수리창,다모아상사
23464,로우머신 등 3종 구매,해군사관학교,(주)원진
23466,사질토 등 319종 구매,해군교육사령부,(주)원진
23468,스텐와이어 등 10종,해군제3함대사령부,대건상사
23469,구조실습용 마네킨 등 2종 구매,국군의무학교,루카스
23473,고속정전투화,물자계약팀,주식회사 이안제화
23485,작전용 헤드폰 2종 구매,국군재정관리단,부강산업
23486,강화도어흰지 등 117종 구매 납품,제9196부대,에어컴퍼니
23488,표정지(제도지),기동화력계약팀 (구:19.09.16),대성기업
23493,"5,7군단 훈련재료비 구매",육군전투지휘훈련단,한신종합상사
23494,00부대 발간재료 구매,제1363부대,제이유통
23495,[군수-해-034] 이발장(미용경대)등 4종 구매,국방부계룡대근무지원단,대경상사
23498,지우개연필 등 299종 구매,해군교육사령부,더펜상사주식회사
23499,튜바 등 5종 구매,해군교육사령부,주식회사 진성하이텍
23500,광섬유융착접속기 구매,제2002부대,쌔미쌔미
23501,FC 듀라도프DP 등 19종,해군제3함대사령부,에스에이치상사
23504,행주 등 19종 구매,제8385부대,서울유통
23505,페이퍼 홀더 등 272종 구매,제8385부대,정우종합건자재
23506,포장끈 등 209종,해군본부,O M  상사
23513,영현백 200EA 구매,해군군수사령부,주식회사 비와이에이치
23515,전조등 등 25종 구매,해군군수사령부,태양전자
23517,"단독형감지기등 9종(18-36, 54)",공군제1전투비행단,동서세라믹(주)
23537,교량가설단정 게이지구매,육군종합정비창,디엔테크
23538,18년 제동유교환유니트,물자계약팀,한성정공
23547,USB 변환기 등 280종 구매 납품,제9196부대,케이이에스
23550,"18년 추출기, 콘넥타용",물자계약팀,신명기공
23551,어댑터 및 커플링류,기동화력계약팀 (구:19.09.16),정테크
23553,구리양극봉 등 6품목,해군제1수리창,정우종합건자재
23554,"끈, 고정용, 전기제품용",해군제1수리창,세광철물
23558,「평택복지지원대-2185호('18.4.11.),제9911부대,불토스
23560,제빙기 2EA,제7001부대,대광산업
23578,"변압기, 펄스용(GPS-98K용)",지휘정찰계약팀 (구:19.09.16),(주)알파엘
23579,군견 이동견사 구매,제5897부대,중앙
23580,웹 취약점 진단 SW 등 2종,해군본부,주식회사 밴도우시스템
23581,바디워시 등 16품목 구매 납품,제9227부대,한국산업
23583,18-라이트 라인 구매,국군재정관리단,주식회사 엔에이치
23597,(18-135)수송 레버어셈블리 등 68종 구매,공군제5공중기동비행단,금호상사
23601,승용형 제초트랙터 하우징 ASSY 등 55종 구매,제9911부대,한창CM
23608,캐노피 구매,제8385부대,대광종합상사
23612,교류조작형 접촉기 등 93종,제7001부대,(주)원진
23613,오메프라졸 장용성 등 240종,제7001부대,(주)연안약품
23615,접합제 철 및 강철용 등 2종 구매,해군군수사령부,미래상사
23621,18-086 스틸그레이팅 등 3종 구매,공군사관학교,그린종합사무기
23628,후드 등 4품목 구매 납품,제9227부대,울진규사
23646,멀티콘센터 등 77종 구매,해군교육사령부,경남테크
23651,라미네이팅 파우치 필름 등 499종,해군작전사령부,주식회사 오피스랜드
23653,"변환기, 신호용 등 6종",해군제3함대사령부,(유)목포신도digitalOA
23654,융융제강슬래그 등 28종,해군제3함대사령부,대건상사
23656,조정 에르고메타 구매,해군사관학교,세현산업 주식회사
23657,고압세척기 구매,해군사관학교,유진상사
23658,딩기요트 구매,해군사관학교,마하인터내셔널
23659,판옥선 및 안택선 모형 구매,해군사관학교,주식회사 진성하이텍
23664,예초기(평지형) 130EA 구매,해군군수사령부,동양상사
23665,결속 가락지 등 3종 구매,해군군수사령부,주식회사 지엘엔지니어링
23666,플렉시브 커플링 엘리먼트 1종,해군군수사령부,티에스케이
23667,피스톤 링 등 16종,해군군수사령부,주식회사 슈플라스
23669,"리테이너,패킹용 등 2종",해군군수사령부,세진테크
23674,00지역 사진재료(인화지)구매,국군지휘통신사령부,주식회사인화사앤코
23690,메뉴얼테이블(TTM-7) 등 4종 구매,국군의무학교,(주)한일종합상사
23693,18년 생도선발 영어모의 토익 구매,육군3사관학교,시사토익대구지사
23697,금장그릇 등 18종 구매,국방부계룡대근무지원단,주식회사 와이케이기업
23701,[조달-제작-13] 산업용품 통합구매(2),공군군수사령부,프라임테크
23702,"봉합제, 포탑용",기동화력계약팀 (구:19.09.16),지승기업
23703,패킹류,기동화력계약팀 (구:19.09.16),이지텍
23705,가이드,기동화력계약팀 (구:19.09.16),지승기업
23720,세이플러스 점보롤 티슈 등 839종 구매,제9121부대,창대 솔루션
23724,"등,선박항해용 등 4종",해군군수사령부,국제전기
23726,유압 유니온 1종,해군군수사령부,방주유압
23729,오-링 등 13종,해군군수사령부,수연상사
23731,"온도계,자체표시식 등 3종",해군군수사령부,국제전기
23732,"18-077, 080 제초기 등 7종 구매",공군사관학교,주)성호스틸
23739,"소화기, 화재진압용 등 2종 구매",해군군수사령부,제이유통
23744,피탄고글 등 3종 구매,해군군수사령부,주식회사 우성씨텍
23745,교류 전자접촉기 등 21종 구매,해군군수사령부,(주) 영창기술원
23765,통신중계 전투실험용 헬리카이트 구매,육군교육사령부,에어맥스
23783,전기레인지 등 24종 구매(18-7),공군제10전투비행단,북소
23784,2분기 지형분석도 제작 재료 구매,제5897부대,베스트프리 주식회사
23792,선통기 등 36품목,제5738부대,일월종합상사
23803,18년 인식표,물자계약팀,보성금속
23819,18년 재난예방자재 구매,제28보병사단,원프로
23820,커팅매트 등 193종 구매,제8385부대,대광종합상사
23822,왕벚나무 외 7종 구매 납품,국방부계룡대근무지원단,아름종합상사
23823,"안면보호구,공장직공용 3종 구매",국군재정관리단,주식회사 보성
23825,"하계 T셔츠 5,800SH 구매",해군군수사령부,주식회사 나루지엠에스
23826,봉합링 1종,해군군수사령부,승보산업사
23828,씨앗부착네트 구매,제3보병사단,주식회사 대일씨앤에이
23837,다목적전술차 캠축구매,육군종합정비창,에이치앤주식회사
23841,수질검사세트 구매,국군화생방방호사령부,가빈
23846,'18년 화학물자류 구매,제1군수지원사령부,대일가스
23848,18년 꼬질대류,유도무기계약팀 (구:19.09.16),테크노와이시스템주식회사
23856,사이클부 훈련용품(트랙용 디스크),국군체육부대,영화산업
23858,해군 식탁매트 등 4종,해군본부,신명
23859,국기검 실습재료 68종 구매,육군 제1군단,에이지에이치
23863,미송집성목 등 30종 구매,해군교육사령부,영광상사
23864,외부형상기만체 2SE,해군제2수리창,동진상사
23866,드라이브 유니트 등 8종,해군제2수리창,세일상사
23867,포스트 잇 등 209종 구매,해군교육사령부,오피스브릿지
23869,전자 접촉기 등 6종,해군군수사령부,국제전기
23872,소화기(분말소화기3.3kg(국산) 외 3종) 구매,국방부계룡대근무지원단,아름종합상사
23876,온도감지기 142EA 구매,해군군수사령부,주식회사 지엘엔지니어링
23877,플라스틱 박스 등 2종 구매,해군군수사령부,모아상사
23878,연장카드 6EA 구매,해군군수사령부,서광전자
23879,임펠러 등 52종 구매,해군군수사령부,유신에이치알 주식회사
23880,만함등 26EA 구매,해군군수사령부,걸작
23882,"테이블 카바지(청색) 3,000MR 구매",해군군수사령부,미다스 글로벌
23883,방현재 선박용 등 5종 구매,해군군수사령부,지세스
23884,온도계 등 27종 구매,해군군수사령부,(주)디에스인프라
23886,개스킷 세트 등 4종,해군군수사령부,세종상사
23893,냉온수 고압세척기 구매,공군군수사령부,에스제이이 주식회사
23896,탁자 등 20품목 구매,공군제19전투비행단,동영오에이퍼니처 주식회사
23897,공항관리대 - 활차 구매,공군제15특수임무비행단,헬리서비스 주식회사
23902,`18년 신앙상징물 4종 구매,국군재정관리단,(주)도원에코텍
23906,해돌이 탈 등 2종 구매,제7001부대,주식회사백운
23907,재봉틀 등 2품목,해군제1수리창,영동상사
23911,프린텍 애니라벨 등 126종,해군본부,아름종합상사
23913,"갈고리, 계류용 등 16종 구매",해군군수사령부,지세스
23937,보안취약점 식별을 위한 기반운용체계 도입,국군재정관리단,주식회사 보니스
23954,다목적굴착기 축구매,육군종합정비창,수성엠앤디
23960,시설관리용역 전환에 따른 공구 구매,제1862부대,가나안상사
23962,18-1차 00체계 전산용품 구매,국군재정관리단,그린종합사무기
23964,자동세차기 구매 설치,국군재정관리단,삼성기전 주식회사
23979,동계취사복 등 4종 구매,해군군수사령부,주식회사 성신양행
23984,방한화,물자계약팀,주식회사 익산하이테크
23986,"수레, 수동식 등 3종",공군군수사령부,국제정공
23987,부대후생용구(이발기계 등 8종) 구매,자운대근무지원연대,주식회사 머스트비
23990,심폐소생술 마네킷 셋 4EA 구매,국군의무학교,주식회사 제이엠메디칼
23991,핸드소켓 등 244종 구메,해군제3함대사령부,오피스넥스목포영암점
24002,고압유공관 등 527종 구매,해군제3함대사령부,무림오피스웨이목포점
24005,핸드소켓 등 244종 구메,해군제3함대사령부,오피스넥스목포영암점
24007,"18-03-45,50(소파 등 18품목 구매)",공군제16전투비행단,(주) 나라엔퍼스
24011,휴대용 디지털 조도계 등 8종 구매,국군의무학교,성도
24013,링제본기 등 3종,제7001부대,서플라이 플러스
24015,아스테이지 등 794종,해군작전사령부,전산&오피스 솔루션
24018,사무용도품(민자고무등 426품목),제3283부대,민수유통
24019,마그네트론 등 20품목,제9181부대,시대종합전기(주)
24026,"발신기, 조난 등 3종 구매",해군군수사령부,(주)일신이디아이
24027,오링류 등 60종 구매,해군군수사령부,신영에이텍
24028,맥동방지기 등 24종 구매,해군군수사령부,신영에이텍
24029,잠수 작업화 79SE 구매,해군군수사령부,주식회사 힌네엘엘예슈아티
24030,유체정역학 유니트 등 10종 구매,해군군수사령부,주식회사 지엘엔지니어링
24031,포탄조립체 등 4종 구매,해군군수사령부,(주) 영창기술원
24032,패킹 등 85종 구매,해군군수사령부,범한산업 주식회사
24033,청력계 임피던스 1EA 구매,해군군수사령부,주식회사백운
24039,뇌우보호용 안테나 자동절체기 제작,공군군수사령부,엠제이엠
24045,에틸알콜등10종구매,육군종합정비창,주식회사 청운이화학
24046,레진코라셋등6종구매,육군종합정비창,주식회사 청운이화학
24048,우드스크류등12종구매,육군종합정비창,선우상사
24049,슬리브등12종구매,육군종합정비창,주식회사 코암시스템
24050,튜브등6종구매,육군종합정비창,신영에이텍
24051,호스등18종구매,육군종합정비창,주식회사 코암시스템
24052,K1패킹등2종구매,육군종합정비창,에스지티
24055,밀링머신 등 2종(조달18-39),공군제10전투비행단,주식회사 진성하이텍
24056,위장베일 등 78품목 구매 납품,제9227부대,주식회사 그린이지
24064,오링 등 16종,해군제3함대사령부,승리종합상사
24066,직접회로 등 6품목,해군제1수리창,반석상사
24067,수전용 리셉터클 등 6품목,해군제1수리창,삼동유통상사
24070,DVD 구매,해군사관학교,대광산업
24071,엠프 등 9종 13점 구매,해군제3함대사령부,동서종합상사
24074,코팅제 등 23품목,해군제1수리창,남부상사
24075,접이식테이블 구매설치,국군재정관리단,비아이에프글로벌(주)
24077,식중독 지수 알리미 등 40품목 구매,연평부대,케이이에스
24080,도어록(원동형)등 185품목,제3283부대,동부테크
24082,수영팬티 등 8종 구매,해군군수사령부,주식회사 성신양행
24085,오링 등 32종 구매,해군군수사령부,주식회사 동영상사
24087,변압기 58EA 구매,해군군수사령부,동진상사
24088,1mm 습식잠수복 59SE 구매,해군군수사령부,주식회사 더그린
24092,조끼 및 두건 130EA 구매,해군군수사령부,주식회사 더그린
24098,정모(A형) 등 6종 구매,해군군수사령부,주식회사 중앙양행
24099,VHF 조난 통신기 10EA,해군군수사령부,아라온정보통신 주식회사
24100,동력자동분무기 1품목 구매(물자),육군군수사령부,주식회사 로뎀하이텍
24101,작도기재류 등 14항목 구매(물자),육군군수사령부,대한스크린
24102,18년 전술훈련용수류탄,유도무기계약팀 (구:19.09.16),한국씨앤오테크(주)
24112,자동에어릴 등 15품목,제9해병여단,알파유통 주식회사
24113,도로비 등 279품목,제9해병여단,신제주스포츠
24128,위장크림등 2품목,제3283부대,기성산업
24130,피복(위병/위장/정비복/조리복) 구매,제3707부대,JH컴퍼니
24133,여과기류,기동화력계약팀 (구:19.09.16),주식회사 서한산업
24139,18-라이트라인 등 3종 구매,국군재정관리단,주식회사 나누리
24142,파병물자(진압용 방패 등 0종) 구매,제7789부대,주식회사 세렌디피티
24146,3단 수동우산 등 3종,해군본부,나래기업
24147,디지털 캠코더 등 2종,해군작전사령부,성화종합상사
24148,"퓨즈,통형 등 14종",해군군수사령부,세종상사
24150,알프람졸람 등 73품목 구매,제9691부대,제이메디케어
24152,셔터형자물쇠 구매,제3170부대,파파유통
24153,쥐약(끈끈이) 등 2종 구매,제3170부대,대한엔지니어링 주식회사
24154,국통 등 5종 구매,제3170부대,신성산업
24158,제재목 등 2종,해군제2수리창,세일상사
24159,전극 등 8종,해군제2수리창,지니종합상사
24163,대잠 경광등 등 2종,해군군수사령부,국제전기
24165,낫 등 7종 구매,국군재정관리단,주식회사 비원종합관리
24168,슬리브 등 21종 구매,해군군수사령부,주식회사 원플럭스
24169,다중입력기 등 7종 구매,해군군수사령부,서광전자
24171,수입봉류,기동화력계약팀 (구:19.09.16),탑앤케이코리아 주식회사
24172,수입봉류,기동화력계약팀 (구:19.09.16),탑앤케이코리아 주식회사
24173,"18년 플라스틱표적지(E,F형)",유도무기계약팀 (구:19.09.16),엔피씨 주식회사
24186,슈퍼매트 등 51품목 구매 납품,제9227부대,신성산업
24188,후두마스크(LMA) 등 7종 구매,국군의무학교,성도
24193,국솥(120리터) 구매,해군 기동함대사령부,주식회사 가온테크
24198,골프연습공/RANG볼 2피스 구매,해군제3함대사령부,미래종합상사
24199,유성펜 등 113종 구매,제8385부대,알파동해점
24201,5특대대 18-4 적외선 회전전등 세트 구매,제9911부대,소망상사
24240,플라스틱 제본링 등 48종,해군본부,유림상사
24242,선반척-연동척 등 294종,해군제2수리창,수림이앤씨
24243,"부싱, 슬리브형 등 2종",해군제2수리창,인화정공
24245,"안전벨트, 산업용 등 17종",해군제2수리창,동진상사
24258,SCXI용 슬롯새시 등 3종 구매,육군종합정비창,주식회사 원플럭스
24260,발칸 프로펠러축및유니버셜조인트구매,육군종합정비창,청원메가텍 주식회사
24261,발칸 와셔등22종구매,육군종합정비창,에이치에스테크
24262,다목적전술차 범퍼구매,육군종합정비창,동광정밀
24263,다목적굴착기 소켓조인트결합체구매,육군종합정비창,대현테크
24265,K9차폐개스킷등13종구매,육군종합정비창,이든산업
24275,18-신호용 발생기 등 2종 구매,국군재정관리단,대지이앤씨산업 주식회사
24286,판시딜 캡슐 등 57종 구매,해군제3함대사령부,주식회사 이레팜
24287,다니톨 등 14종,제7001부대,주식회사 태촌실업
24291,"와셔, 잠금식 등 49품목",해군제1수리창,반석상사
24293,"패킹,성형식 등 26종",해군군수사령부,방주유압
24297,"커플링,튜브용 등 18종",해군군수사령부,에이스철물건자재주식회사
24299,안전수칙판 등 104종 구매,해군군수사령부,서아유통
24305,"램프, 섬광 전구용 10EA 구매",해군군수사령부,한성
24306,팬밸트 등 32종 구매,해군군수사령부,(주)디에스인프라
24307,안전수칙판 등 104종 구매,해군군수사령부,서아유통
24312,도로획선기 등 5종 구매,해군군수사령부,(주)디에스인프라
24313,"취사방한조끼 2,000EA 구매",해군군수사령부,애드온스마트 주식회사
24315,"면도기 20,000EA 구매",해군군수사령부,주식회사 지엘엔지니어링
24316,여과기 등 5종 구매,해군군수사령부,주식회사 한강필터
24317,이동형 집진기 2EA 구매,해군군수사령부,엠제이엠
24318,소형선반 1EA 구매,해군군수사령부,멜프시스템즈
24319,리테이너 및 패킹 등 4종 구매,해군군수사령부,티케이(T.K)테크
24320,넥타이 핀 등 6품목 구매,해군군수사령부,주식회사 흥선
24323,표면오염도 검사기 2EA 구매,해군군수사령부,주식회사 쿤스트에프케이
24324,적외선 온도계 등 5종 구매,해군군수사령부,(주)디에스인프라
24328,야전앰프 15EA 구매,해군군수사령부,제이엔티주식회사
24329,냉각수 첨가제 30EA 구매,해군군수사령부,아이디
24331,워터크린 등 2종 구매,해군군수사령부,(주)디에스인프라
24332,막대형 안테나 등 2종 구매,해군군수사령부,주식회사 위성안테나전자
24333,"항법세트, 위성신호용 등 3종 구매",해군군수사령부,주식회사 위성안테나전자
24334,UPS 베터리 구매.,공군제19전투비행단,주식회사 엠에스전지
24348,축성도구 구매,제1288부대,대광종합상사
24349,18년 통신대 항온항습기 설치납품,육군3사관학교,대풍
24350,플렉시블 등 3종,해군군수사령부,세종상사
24358,스크류캡 바이알 등 29종,해군제3함대사령부,오피스넥스목포영암점
24360,"하키,펜싱,체조부 운동용품(유니폼 등) 구매",국군체육부대,미성종합상사
24363,구리양극봉 등 23종,해군제3함대사령부,오피스디포 목포점
24364,인사계획과-18-04 제2차 복지위원회 결과,제9911부대,블루웨일
24371,다목적굴착기 손잡이등6종구매,육군종합정비창,정원사
24382,시트 등 17종 구매,육군종합정비창,창신기업
24383,관악대 연미복 구매,국방부근무지원단,주식회사 나루지엠에스
24386,18-053 행사용 고공낙하산 구매,공군사관학교,금하상사
24390,실버크립 등 112종 구매,제8385부대,알파동해점
24392,클로르피리포스메틸유제 등 27품목 구매,제9691부대,그린퍼티라이저주식회사
24400,도파관건조 공기주입기 구매,국군지휘통신사령부,주식회사 디지컴아이엔씨
24404,대잠립충격흡수형폼분리형튜브,해군제1수리창,삼동유통상사
24405,해군 머그컵 등 3종,해군본부,영화상사
24411,군견사료 구매,국군재정관리단,하이드림
24417,유류흡착패드 등 5종,공군군수사령부,모아상사
24421,미디어편집기 등 15품목 구매,국군재정관리단,주식회사 유노미아
24430,견인식 제초기(디스크 모어) 구매,제20전투비행단,(주)명성
24433,18-108 학과가방 구매,공군교육사령부,엑스포상사
24434,라이트전구 등 195종 구매,제3170부대,나무늘보
24440,완충용 캐스터 등 116종 구매,해군제3함대사령부,마이크로트렌드
24442,경기용 총기 수리부속 1차 구매,국군체육부대,프리모션(Free motion)
24443,고무밴드 등 218종 구매,제9911부대,영흥인퍼스
24445,플라스틱링 제본기 등 150종,해군제3함대사령부,넥스트목포점
24447,디지털 도어락 구매,제9911부대,조인
24448,그라인더 등 58종 구매,제9911부대,아이티씨(주)
24450,전위차계 등 2품목,해군제1수리창,삼동유통상사
24452,접착아스테지 등 210종,해군작전사령부,주식회사 복은
24459,방한모자 등 27품목,제9181부대,시대종합전기(주)
24461,"램프,발광 다이오드용 1종",해군군수사령부,세종상사
24463,봉합링 등 4종,해군군수사령부,주식회사 슈플라스
24465,열 및 연기감지기 등 2종 구매,해군군수사령부,주식회사 서원아이엔
24472,작크 등 5품목,해군제1수리창,세광철물
24474,알루미늄합금판 등 29품목,해군제1수리창,영동상사
24475,팬 등 22품목,해군제1수리창,최고상사
24476,패킹 등 23품목,해군제1수리창,최고상사
24498,접절식 식수탱크 등 8종 구매,국군재정관리단,주식회사 만구
24505,사진인화지 등 8품목,제9해병여단,(주)비아이엔씨
24507,핸드맥스 니트로 등 847종,제5738부대,드림오피스
24508,대테러복 등 5종 구매,국군화생방방호사령부,이화컴퍼니
24520,"팔꿈치, 무릎보호대 구매",육군본부,하늘유통
24530,유아용 수면조끼 등 2종 800세트,해군본부,주식회사 삼국트레이딩
24535,전투조끼 등 6품목,제9181부대,경창산업
24540,링 84EA 구매,해군군수사령부,대광테크
24541,오링 등 48종 구매,해군군수사령부,에스와이테크(SY TECH)
24543,알루미늄 리벳 등 5종 구매,해군군수사령부,지세스
24545,응집반응 관찰기 1EA 구매,해군군수사령부,부림약품
24546,래커에어로졸 등 8종 구매,해군군수사령부,21세기 산업
24547,아연 보호제 등 5종,해군군수사령부,주식회사케이씨
24552,18년 20밀리 발칸모의탄,유도무기계약팀 (구:19.09.16),주식회사 경성엠티
24556,샴푸 등 7종,제5738부대,연천종합물산
24561,발신기 표시등 등 32종 구매,제20전투비행단,윤영컴스
24565,울트라셋 등 8품목 구매,연평부대,바른약품 주식회사
24568,18-094 경계석 등 4품목 구매,공군교육사령부,우성종합상사
24571,암막커텐지 구매,제3170부대,조이 모바일
24572,18년 1/4분기 정보화예산 계약,제6128부대,기룡아이엔씨
24575,메카니칼 시일 등 5종,해군군수사령부,온나라물자조달 주식회사
24578,상부 케이스 등 4종,해군군수사령부,미래상사
24579,"게이지,압력측정용,문자판식 1종",해군군수사령부,세종상사
24584,육상부 운동용품(유니폼 등) 구매,국군체육부대,진영상사
24586,축성도구 7종 구매,제9보병사단사령부,세인트
24591,00지역 큐브램프 구매,국군지휘통신사령부,모아상사
24593,00지역 큐브램프 구매,국군지휘통신사령부,모아상사
24605,디지털 X-RAY 촬영기 구매,국군재정관리단,주식회사 하이브시스템
24606,탄약 정비용 자재 87종 구매,국군재정관리단,주식회사 성보
24612,엠파이어튜브 등 29품목,해군제1수리창,세광철물
24620,원목 책꽂이 고정식 등 91종 구매,해군사관학교,선우디자인
24621,볼반바이스 등 50품목,해군제1수리창,대광종합상사
24627,도어락 등 48종 구매,제2002부대,가온샘 주식회사
24628,저항기,해군제1수리창,다모아상사
24633,열교환기 등 2건 설치납품(1-7차),육군훈련소,흥원전력 주식회사
24636,원형회전식탁 등 3종,해군사관학교,백야테크
24637,고무펙킹 등 27품목,해군제1수리창,천곡철물상사
24642,펜코일유니트 등 8종,재경근무지원대대,서화테크
24643,라드웰드 등 66품목,해군제1수리창,서울유통
24644,니트릴글러브 등 127품목,해군제1수리창,대광종합상사
24651,18-042 보틀 1종 구매,공군사관학교,예림플러스
24654,휴대용탐조등 베터리 등 2품목,해군제1수리창,(주)동건
24658,탁도계 1EA 구매,해군군수사령부,하이케어
24661,적재판 584EA 구매,해군군수사령부,한성
24664,균질기 등 2종 구매,해군군수사령부,(주)비엔에프코리아
24665,개스킷 등 19종 구매,해군군수사령부,신명기공
24666,"자동산개기, 행사용 31EA 구매",해군군수사령부,주식회사 조인월드
24667,오링 등 64종 구매,해군군수사령부,태륭산업기계
24669,파라핀 수욕조 2EA 구매,해군군수사령부,(주)도원씨앤씨
24671,"헬멧, 안전용 등 9종",해군군수사령부,(주)부경럭키
24674,"카트리지, 도금용액 등 8종 구매",공군군수사령부,셀코정보기술 주식회사
24675,포장박스 2종 제작/구매,국방출판지원단,협신포장공업(주)
24678,디지털 HD편집 녹화기 구매,국군재정관리단,주식회사 원플럭스
24680,18-동력행글라이더 구매,국군재정관리단,금하상사
24684,해군 캐릭터 열쇠고리(6종) 등 2종,해군본부,엠티오
24699,군숙소 씽크대 설치납품 단가계약,자운대근무지원연대,남광사무용가구
24708,군숙소 씽크대 설치납품 단가계약,자운대근무지원연대,남광사무용가구
24709,작전후레쉬/마운틴 구매,육군본부,디에스산업
24713,로지텍 무선콤보 등 64종 구매,해군교육사령부,전일종합상사
24715,스테인리스 주름관 등 307품목,제9181부대,쌔미쌔미
24716,투명접착 시트지 등 47품목,제9181부대,현대기업
24719,"섬유유연제 9,500BT 구매",해군군수사령부,모아상사
24723,"덤블러 덮게 45,000SF",해군군수사령부,현대산업
24732,발칸 브러쉬등8종구매,육군종합정비창,지에스테크
24733,K719부교차 소음기구매,육군종합정비창,예지정밀
24737,다목적전술차 방열기구매,육군종합정비창,주식회사 겸송
24739,다단식 선반 등 3종,공군군수사령부,주식회사 티에스케이
24740,대테러화 등 4종,국군화생방방호사령부,디알디코어
24750,전자감응식 헤드셋 구매,국군재정관리단,한국쓰리엠(주)
24751,"18-시험세트,초음파식 구매",국군재정관리단,매쉬미디어(주)
24765,트라이콘 3대 구매,해군작전사령부,휴먼컴퍼니
24767,고체풀 등 143종 구매,제8385부대,비시루상사
24772,유분리기(비자성) 4EA 제죠,국군재정관리단,덕산엔지니어링 주식회사
24778,스펀지 등 24항목 구매(물자),육군군수사령부,미다스 글로벌
24779,"브래킷트,축받침용",함정계약팀 (구:19.09.16),호승기계
24782,종이타올,공군군수사령부,다봉산업(주)
24794,고압세척기 2대 구매,해군작전사령부,구룡종합상사
24797,고압유공관 등 19종 구매,해군제3함대사령부,에듀빅뱅
24802,헬스 싸이클 등 5종,해군작전사령부,스타CNS
24803,삼중활자도르레등 4품목,제3283부대,올리비아
24805,형광램프 등 16종,해군작전사령부,신영에이텍
24807,주형 등 2종,해군군수사령부,주식회사우정상사
24812,디스크그라인더 등 74품목,해군제1수리창,세광철물
24815,개스킷 등 9종,해군군수사령부,수연상사
24816,패킹재료 등 3종,해군군수사령부,미래상사
24825,숟가락 등 3종 구매,제3170부대,파파유통
24826,고정형자물쇠 구매,제3170부대,반도종합상사
24827,소방헬멧 등 4종 구매,제3170부대,충성센타
24831,부대운영자재(몰타르) 구매,제7보병사단,주식회사 천광
24843,18-만능식 밀링머신(복합밀링머신) 구매,국군재정관리단,주식회사 케이에스엔텍
24851,18년 남자축구 훈련용품(유니폼 등) 구매,국군체육부대,모아상사
24852,오-링 등 16항목 구매(특무),육군군수사령부,티케이(T.K)테크
24854,"끈,세폭띠형 등 11항목 구매(기장)",육군군수사령부,(주) 영창기술원
24856,전기국끓이기 구매,제8385부대,부성통신
24857,스텐와이어 등 65종 구매,제8385부대,서울유통
24858,레이져포인터 등 468종 구매,제8385부대,오피스상사
24859,버튼식형광펜 등 235종 구매,해군사관학교,다모아
24863,4주식 리프트 등 13종 구매,국군재정관리단,주식회사 이스젠
24864,일회용면도기 등 22품목,제9181부대,이레
24866,오-링 등 8종 구매,해군군수사령부,조강테크
24867,"화장지 109,943EA 구매",해군군수사령부,(유)맑은누리
24869,자물쇠 등 5종 구매,해군군수사령부,모아상사
24872,사용자 단말기 연결 기판 등 10종 구매,해군군수사령부,대양전기공업(주)
24874,디스플레이어 유닛 2EA 구매,해군군수사령부,주식회사 한국티이에스
24879,측정용 줄자 등 14항목 구매(물자),육군군수사령부,와이 인터내셔널
24880,파이류,제2군수지원여단,초록샘
24886,공마대 등 10종 구매 납품,제9196부대,가온샘 주식회사
24892,18-1차 시추공 매몰방지용 자재 구매,육군본부,한울
24898,자석홀더 고리형 등 22종 구매,제9911부대,유어스 컴퍼니
24902,18년 예비군훈련용 운반보관함 및 총기보관함 구매,육군 제37보병사단,인에이드
24908,버스집중던원기판 05 등 11종 구매,해군군수사령부,대양전기공업(주)
24909,초음파 누설 검사기 1EA 구매,해군군수사령부,경도양행(주)
24923,"프로펠러,선박용",함정계약팀 (구:19.09.16),(주)백산기계
24926,파이류,제1군수지원사령부,에스디유통(S.D유통)
24927,에너지바,제1군수지원사령부,라임물산
24931,다목적굴착기 전동기 구매,육군종합정비창,정원사
24935,5톤 티이아답타등4종구매,육군종합정비창,조은테크
24938,방상내피 원단 부족수량 확보 경쟁계약분,물자계약팀,(주)보광아이엔티
24943,야간투시경(127개) 구매,제2632부대,주식회사 알앤피파트너스
24948,"칼,잠수부용 1항목 구매(총포)",육군군수사령부,주식회사 지엘엔지니어링
24953,트랜지스터 등 27항목 구매(총포),육군군수사령부,주식회사 원플럭스
24963,"핸드볼,럭비,테니스 운동용품(유니폼 등) 구매",국군체육부대,미성종합체육산업 주식회사
24968,전기레인지 구매,제8385부대,반석상사
24969,공마대 등 2종 구매,제8385부대,금성종합상사
24970,사이클부 운동용품(유니폼 등) 구매,국군체육부대,주식회사 동빈글로벌
24984,암 추출기 좌측용 등 5종 구매,해군군수사령부,대호정밀
24985,세면기 연결호스 등 3종 구매,해군군수사령부,주식회사제이지테크원
24993,다중계기 1품목 구매(통신),육군군수사령부,주식회사 에이치투엘테크놀로지
25006,피스톤용 연결봉 1항목 구매(궤도),육군군수사령부,탑앤케이코리아 주식회사
25012,"봉합재,후측 격자용 등 17항목 구매(궤도)",육군군수사령부,소올산업
25013,인양기 로드휠용 등 19항목 구매(물자),육군군수사령부,(주) 영창기술원
25023,취약점 진단 도구 구매,국군재정관리단,에이미케이알 주식회사
25024,육군 군기(부대기 등 10종) 제작,국군재정관리단,(주)모던애드
25029,코브라수전(주방용) 등 25종 구매,제9911부대,서윤산업
25036,정부진행화일 등 315종,해군제3함대사령부,(유)한일상사
25040,방호벽 등 42종,제7001부대,삼일상사
25041,오보에 리드 등 21종,제7001부대,주식회사 부영상사
25044,팬코일유닛 어셈블리 1종,해군군수사령부,대한냉동
25045,브링크 라이트 등 8종,해군군수사령부,태양전자
25050,교량가설단정 핸드빌지등2종구매,육군종합정비창,주식회사 천명
25051,K719부교차 보도판구매,육군종합정비창,대명 ENG
25060,장약충전기 발광다이오드등7종구매,육군종합정비창,아이디
25061,순간접착제등21종구매(항정단),육군종합정비창,주식회사 청운이화학
25063,잠망경접착제등37종구매,육군종합정비창,주식회사 원플럭스
25064,알칼리세척제등24종구매,육군종합정비창,주식회사 원플럭스
25065,에칠렌글리콜등13종구매,육군종합정비창,주식회사 청운이화학
25067,인스트팁등195종구매,육군종합정비창,나래기업
25069,연마포등34종구매,육군종합정비창,주식회사 지엘엔지니어링
25070,에어호스등60종구매,육군종합정비창,다물테크
25072,니켈광택제지등15종구매,육군종합정비창,모아상사
25073,도화용붓등45종구매,육군종합정비창,주식회사 동양전자
25074,평면연마용숫돌등44종구매,육군종합정비창,주식회사 동양전자
25075,공마대등4종구매,육군종합정비창,일신상사
25077,양용조립망치 등 63품목,제9해병여단,티에스 상사
25078,18년 정비피복 계약,제1891부대,무진통상
25082,E-T Tube 등 74품목 구매,연평부대,주영
25083,승조원실 옷장 수선 등 21종,해군군수사령부,티에스와이
25084,가정용 충전기 등 107종 구매,해군사관학교,기룡아이엔씨
25087,합성고무 접착제 등 5종,해군군수사령부,미래상사
25092,"동기기,안테나용 1종",해군군수사령부,영화상사
25093,밀림방지턱 CS-501 등 7종 구매,해군제3함대사령부,무림오피스웨이목포점
25095,가지 등 117종 구매,제9911부대,모아상사
25098,18-7015 00부대 독신숙소 디지털 도어락 설치납품,제5군단사령부,주식회사 삼론
25111,18-방사선필름 등 6종 구매,국군재정관리단,경도양행(주)
25114,대형제빙기등 6종 구매,국군재정관리단,주식회사 에이트이엔씨
25118,18-00창 밀링머신 DB 구매,국군재정관리단,주식회사 미래정밀
25130,"브래킷,앞차뒷쪽안전벨트 등 4항목 구매(기장)",육군군수사령부,대흥정밀
25135,RF Receiver(10년 Licence 포함),해군사관학교,로이맨
25138,MS Office 구매,해군교육사령부,나우통상
25142,"시험세트, 초음파식 구매",국군재정관리단,주식회사 예운
25145,군마사료 건초 구매,육군사관학교,밀 바이오텍
25151,작업대 등 5항목 구매(물자),육군군수사령부,주식회사 지엘엔지니어링
25152,할로겐램프 등 3종(18-9),공군제1전투비행단,그린컴퍼니
25153,밀링머신(18-15),공군제1전투비행단,금문상사(주)
25166,피해복구 훈련용 쇄석 구매,공군제11전투비행단,명신종합상사
25170,종이걸레 2종 구매,국군재정관리단,주식회사 태강글로벌
25177,스펙타클 키트 등 1298종,해군군수사령부,주식회사 태촌실업
25179,개스킷 등 8품목,해군제1수리창,삼동유통상사
25183,열교환기,해군제1수리창,가나안상사
25184,팀오브팀스 등 21품목,해군제1수리창,주식회사 다성
25185,마대 등 15종 구매,제8385부대,삼동유통상사
25186,날크립 등 180종 구매,제8385부대,대광종합상사
25189,18-1차 정보화 운용재료 구매,국군재정관리단,알파유통 주식회사
25190,보호대 등 6품목,제9181부대,준 인터네셔날
25191,기판 등 3종 구매,해군군수사령부,서광전자
25195,"반사기, 안테나용 등 9종 구매",해군군수사령부,주식회사 디에스테크놀러지
25196,P201dn 장착기 등 56항목 구매(물자),육군군수사령부,주식회사 세렌디피티
25203,(18-1005)강화도어손잡이외 78품목,공군제17전투비행단,신화상사
25205,인화점 시험기 구매,공군군수사령부,태성상사
25231,알곤등2종구매,육군종합정비창,주식회사평화산소
25248,송증 및 화물명세서,공군군수사령부,대한정보인쇄(주)
25252,채난후 점검 조치 자재구매,육군제53보병사단,온나라물자조달 주식회사
25256,스캐너 구매,국군재정관리단,주식회사 디에스
25260,벤토린흡입액 등 133종,제5738부대,주식회사 재현약품
25272,에이드,제1군수지원사령부,호미식품
25282,쉬일드 등 6항목 구매(총포),육군군수사령부,주식회사 보성기업
25286,공업용 아세톤 등 3종,공군군수사령부,주식회사 이우켐텍
25287,18-065 방화복 세트 등 2품목,공군교육사령부,주식회사 포스트엑스
25295,X-RAY 수하물 투시기 구매,국군재정관리단,주식회사 카티스
25297,방폭형 이동통풍기 48EA 구매,국군재정관리단,조양실업
25300,속도 감지기 1종,해군군수사령부,조강테크
25302,피스톤 링 등 17종,해군군수사령부,정일티엠씨
25304,"클램프,루프형 등 17종",해군군수사령부,세현종합상사
25310,"칼라,폐쇄기 고리용 등 25항목 구매 (궤도)",육군군수사령부,태륭산업기계
25314,"케이스,탐조등용 등 4항목 구매 (궤도)",육군군수사령부,주식회사 원플럭스
25316,압력 감지기 등 1항목 구매 (궤도),육군군수사령부,수연상사
25317,원추형 풍속기 등 5항목 구매(물자),육군군수사령부,현대산업
25320,모조지 100g 구매,공군본부,세풍지업상사
25324,D-2 노즐 등 11종 구매,제20전투비행단,주식회사인정이엔아이
25325,OO부대 등 2개소 취사장 후드 구매설치,제36보병사단,주식회사 세동이엔지
25326,전술지원대대 운영용.,제5738부대,기륭종합상사
25330,전기다리미 등 7종 구매,제9965부대,한샘아이디
25333,초극세사 클리어 등 2종,해군본부,신명
25335,클레이사격 표적지(접시) 구매,국군체육부대,현호상사
25337,석고 등 2종,해군군수사령부,세종상사
25338,씽크대(대) 등 3종 구매 설치,제8385부대,주식회사 예닮
25339,조절카드 24V 등 3종,해군군수사령부,세종상사
25342,"디스플레이,광전자식 등 2종",해군군수사령부,세종상사
25343,(조달)3훈비 할로겐 램프 등 10품목(18-1-33) 구매,제3훈련비행단,성화종합상사
25345,안테나 지시봉 등 226종 구매,제9911부대,성민실업
25346,트러스 스크리드 1개 구매,해군작전사령부,불토스
25348,냉동기세트 1.5톤,함정계약팀 (구:19.09.16),신라이앤티 주식회사
25350,에너지바,제2군수지원여단,한국유통
25351,에이드,제2군수지원여단,브이플러스
25357,에이드,제3군수지원여단,라임물산
25361,초콜렛,제3군수지원여단,호미식품
25366,에이드,제3군수지원여단,라임물산
25373,"종이, 방청지용등 2종구매",육군종합정비창,유니텍
25379,컷터날 등 120종 구매 납품,제9196부대,오피스디포 인천중앙점
25384,종이박스 등 11종,해군군수사령부,제일유통
25385,폴리에스테르 원단 등 79종,해군군수사령부,강일에스티
25386,TONER 블랙 등 16종,해군군수사령부,진성
25389,자작집성목 등 38종,해군군수사령부,한성
25391,팬시 파워크립 등 440종,해군군수사령부,애드해피
25395,디스크전극 등 20품목,해군제1수리창,금성종합상사
25396,도어클로저 외 65종 구매,국방부계룡대근무지원단,씨엠(주)
25398,수직 천공기 1EA 구매,해군군수사령부,주식회사 조광
25399,"퓨즈, 통형 등 4종 구매",해군군수사령부,조강테크
25401,에너지바,제3군수지원여단,주식회사 신화식품
25409,링크 등 4항목 구매(기장),육군군수사령부,태륭산업기계
25410,항 18-017 청력보호용 귀마개 구매,공군사관학교,주식회사진선팜
25417,전통악대 취타복 구매,국방부근무지원단,세명개발 주식회사
25420,기독교 성찬세트 구매,육군본부,주식회사 대원산업
25424,화재기호판1급 등 79종 구매,제3170부대,대풍
25425,철밴드 등 164종 구매,제3170부대,에스유코리아
25427,18년 병력동원함 구매,육군 제37보병사단,명수종합건설
25430,조정접점 등 9종,해군군수사령부,세종상사
25432,"트랜지스터, 전계효과용 200EA",해군군수사령부,명진시스템
25439,핸드트럭 1항목 구매(물자),육군군수사령부,클라크지게차클린판매
25445,변환기 등 10품목,해군제1수리창,삼동유통상사
25454,연대정기 등 4품목 구매 납품,제9227부대,삼원티앤아이
25475,"커버,오토매틱 로아 등 17항목 구매(특무)",육군군수사령부,소올산업
25478,"저항기,가변식 등 21항목 구매(특무)",육군군수사령부,주식회사 원플럭스
25481,'18년 재난예방 물자 구매,제1607부대,주식회사 지산네트웍스
25483,18-065 송배풍기 등 6품목 구매,공군교육사령부,기룡아이엔씨
25492,"단자, 돌기형 등 6종 구매",해군군수사령부,조강테크
25498,모사전송기 1항목 구매(통신),육군군수사령부,주식회사 소향
25500,BTCS 회로카드 등 13항목 구매(통신),육군군수사령부,주식회사 원플럭스
25501,탐지3호 모뎀 등 4항목 구매(통신),육군군수사령부,와이에스전자
25504,휠 연마용 등 25항목 구매(물자),육군군수사령부,주식회사 코암시스템
25515,임의파형발생기 1EA,해군군수사령부,(주)케이텍시스템
25516,36PL램프 등 4종,재경근무지원대대,건화산업
25518,알루미늄판 등 23품목,해군제1수리창,대광종합상사
25519,식탁 등 3종 구매,해군군수사령부,주식회사 하이에프디
25521,"밸로스,보호용 등 9종",해군군수사령부,세종상사
25526,수분분리기 등 252종 구매,제3170부대,티씨테크
25527,부싱 등 339종 구매,제3170부대,예인사무기
25529,지퍼백,재경근무지원대대,예찬컴퍼니
25534,링 제본기 등 2품목,해군제1수리창,오피스상사
25535,18-3차 야구부 훈련용품(야구배트 등) 구매,국군체육부대,박스 비(Box B)
25538,"커플링,축용,고정식 등 2종",해군군수사령부,하나유통
25544,비치매트 등 3종 구매,국군재정관리단,제일공사
25546,전자식 안정기 등 81종,해군군수사령부,아름종합상사
25556,해병대상장케이스 등 183종 구매,제3170부대,에스유코리아
25561,연강 솔리드와이어 등 12종,해군제2수리창,고덕종합상사
25562,18-001 패러글라이더 구매,공군사관학교,알티하이텍
25565,유도매트 구매,해군사관학교,INKO sports
25568,클리어북 등 946품목 구매,제9691부대,대양테크
25571,X선용 튜브 헤드스탠드 구매,공군제11전투비행단,대성산업
25576,튜브등6종 구매,육군종합정비창,용진H&C
25577,호스등 35종 구매,육군종합정비창,대성호스
25579,5톤 브래킷트 구매,육군종합정비창,대흥정밀
25582,다목적굴착기 절단날구매,육군종합정비창,세진테크
25599,"와이어, 전기용 등 40품목",해군제1수리창,삼동유통상사
25601,체어형 다웰바 등 23종,해군작전사령부,정윤산업
25602,휴대용 공기청정기 등 0종 구매,제1363부대,유니온티에이
25604,군 숙소 분말 소화기 구매,제11기동사단,신명
25610,응집제 등 5종 구매,해군군수사령부,(주)현우환경
25613,회전자 전동기용 11EA 구매,해군군수사령부,주식회사동양엔지니어링
25614,"컵, 세라믹제 등 15품목 구매",해군군수사령부,한국도자기(주)창원대리점
25615,청소용 릴호스 70EA,해군군수사령부,주식회사 지엘엔지니어링
25616,"부후생 학과출장 가방 1,974EA",해군군수사령부,뉴산들 주식회사
25617,표시등 등 14종,해군군수사령부,태양전자
25618,"끈, 고정용, 전기제품용 등 5종 구매",해군군수사령부,주식회사 지엘엔지니어링
25626,열풍기 등 16항목 구매(물자),육군군수사령부,대광테크
25634,Suture lasso(연두색)등 3품목,제5738부대,MK메디칼
25635,SST TUBE 5ml(BD vacutainer)등 65종,제5738부대,제이에스테크
25648,대철조이기 등 21항목 구매(물자),육군군수사령부,모아상사
25650,크린스킨라텍스 등 209종 구매,제3170부대,대명상사
25652,함지 D링 바인더 등 569종 구매,제9911부대,오즈아이알 주식회사
25656,세척재료(기름때제거제등 6품목),제3283부대,윤창기업
25658,전기팔넬 등 76종 구매,제8385부대,금성종합상사
25659,프로라인 노랑 KMC-74N 등 91종 구매,제9911부대,헤럴드
25661,커팅매트 등 44품목,제9181부대,성은
25663,이음쇠 등 3종 구매,해군군수사령부,조강테크
25665,원추형 풍속기 200EA 구매,해군군수사령부,현대산업
25667,플랜지 등 21종 구매,해군군수사령부,주식회사 지엘엔지니어링
25668,그랜드 파킹 등 9종,해군군수사령부,참조은
25669,"메모리, 휴대용, 하드디스크 60EA",해군군수사령부,(주)바로컴
25672,숟가락 등 11항목 구매(물자),육군군수사령부,주식회사 지엘엔지니어링
25673,수레 등 10항목 구매(물자),육군군수사령부,스카이유통
25675,선반 등 10항목 구매(물자),육군군수사령부,주식회사 지스타
25676,이발가위 1항목 구매(물자),육군군수사령부,대성산업
25677,피스톤 컴플레트,함정계약팀 (구:19.09.16),탑앤케이코리아 주식회사
25694,사물함 수선 등 4종,해군군수사령부,성우약국
25695,1인용 쇼파 수선 등 6종,해군군수사령부,동진상사
25700,비상탈출 망치 등 10품목,제9181부대,에스와이컴퍼니
25701,스위칭허브 등 35품목,제9181부대,제이엘(JL) 인터내셔널
25703,"링,하프용 등 4종",해군군수사령부,조강테크
25704,봉합링 등 11종,해군군수사령부,정일티엠씨
25705,액체 아르곤 10BT,해군군수사령부,화영산소
25706,함미 예인등 등 16종,해군군수사령부,주식회사 원플럭스
25715,18-안전 하네스 등  3종 구매,국군재정관리단,씨에이치에이
25720,인화지 등 353품목 구매 납품,제9227부대,삼원티앤아이
25721,민사물자(슬러시기구 등 00종) 구매,제7789부대,동진상사
25722,유지물자(육절기 등 00종) 구매,제7789부대,동진상사
25732,표적구동지지대 등 46품목,제9181부대,고은상사
25781,"다목적굴착기 혼,신호용구매",육군종합정비창,세진테크
25795,예비군훈련용 소화기 탄피받이 구매,육군본부,조인
25799,"브래킷,설치용 등 9항목 구매(기장)",육군군수사령부,태광금속
25800,"호스,공기통용 등 84항목 구매(기장)",육군군수사령부,(주)세계하이테크
25801,"배기관,NO1 등 9항목 구매(기장)",육군군수사령부,태광금속
25802,마후라 등 2항목 구매(물자),육군군수사령부,SH통상
25805,3M 슈퍼그립 글러브 등 780종 구매,제2002부대,한국종합교재사
25808,대잠 경광등 1종,해군군수사령부,태양전자
25809,비상차단변 등 11종,해군군수사령부,엠티오
25810,전동마스크 터보유닛 등 25종 구매,제9911부대,네이쳐 에프에스
25816,귀마개 등 5종 구매,국군재정관리단,주식회사 티앤제이커뮤니케이션
25833,지퍼백등46종구매(특무단),육군종합정비창,모아상사
25835,"면봉,소화기청소용 등 11항목 구매(처통합)",육군군수사령부,주식회사 가나
25842,18-해-회중전등 구매,국군재정관리단,(주)다남정보통신
25858,부대조달증식(에너지바) 구매,5군수지원사령부,주식회사 에스피씨삼립
25864,황산칼륨 등 12항목 구매(물자),육군군수사령부,마창케미칼 주식회사
25867,세면타올,재경근무지원대대,예찬컴퍼니
25868,과속방지턱 등 22종,해군작전사령부,주식회사 동빈글로벌
25869,코자정 등 76종,해군작전사령부,(주)석호약품
25876,윈도우 브러쉬 등 241종,제7001부대,나우통상
25896,다목적굴착기 플랜지구매,육군종합정비창,세진테크
25898,에폭시 등 33종(18-10),공군제10전투비행단,남양상사
25901,경면등 등 13종,해군제3함대사령부,미래종합상사
25902,자외선살균기 석영관 등 6종,해군제3함대사령부,대건상사
25904,샴푸 등 14종,재경근무지원대대,예찬컴퍼니
25907,V벨트 등 23종,해군제3함대사령부,에듀빅뱅
25908,코일형 쿠션매트 등 34종 구매,제9911부대,재재유통
25909,원형테이블 등 3종 구매,국방부계룡대근무지원단,세계로상사
25910,마이톤텍스 등 178종 구매,해군교육사령부,드림디포신마산점
25922,텀블러 등 10품목 구매 납품,제9227부대,칠성
25923,시동풀리 등 211종 구매 납품,제9196부대,재우상사
25929,임펠러 등 4품목,해군제1수리창,삼동유통상사
25931,혈압측정 트레이너 마네킹 5EA 구매,국군의무학교,(주)동성메디칼
25932,헌병 이동감호차 추가특장 제품 제작 납품,국방부계룡대근무지원단,주식회사 와풀
25938,(조달) 3훈비 절단석 등 102품목(18-1-20) 구매,제3훈련비행단,현대시스템
25944,오렌지 등 15종 구매,제8385부대,칠성청과
25946,감제수제비 등 55종 구매,제8385부대,엠플러스에프엔씨 주식회사
25954,천마 마찰판등2종구매,육군종합정비창,세진테크
25955,K719부교차 보도판구매,육군종합정비창,미소건업
25966,"축,구동용,가요성 등 4항목 구매(기장)",육군군수사령부,대한플랜트
25969,특수선복(기능성티셔츠 상의) 등 2종,해군작전사령부,경남상사
25970,삼파장 램프 등 90종,해군작전사령부,조광전기
25972,종이가방(대) 등 2종,해군본부,아셀테크
25974,볼탑 등 160종,제7001부대,지앤제이(G&J)커리어
25994,18-01-06(쇄석 등 3종구매),공군제16전투비행단,중앙종합상사
25997,황사마스크 등 3종 구매,국군재정관리단,(주)태영에이치앤에스
26017,유압임팩 등 11품목 구매,연평부대,라니상사
26022,경보기 등 3품목,제3283부대,에너지종합가스
26024,"특수봉인지 2,000,000SH",해군군수사령부,한성
26042,펀치 중심내기용 등 33항목 구매(물자),육군군수사령부,위티엠
26048,크립고무밴드등80종구매,육군종합정비창,진흥기계공업
26049,5톤 클램프등60종구매,육군종합정비창,현대정밀가스켓
26051,다목적굴착기 축구매,육군종합정비창,유니텍
26055,발칸 집적회로등3종구매,육군종합정비창,주식회사 지엘엔지니어링
26061,스노우체인 등 270품목,제9해병여단,경기종합상사
26062,구급함 등 542품목,제9해병여단,에이치디기업
26063,COSY 카드리더기 등 282종 구매,해군제3함대사령부,마이크로트렌드
26064,크실렌 등 30종,해군군수사령부,모아상사
26067,예비군훈련용 00분해도 4종 구매,육군본부,세계로상사
26070,"렉스턴W  라이에이터  등 98항목 구매(기장, 해파)",육군군수사령부,경기종합상사
26073,배토사 등 2종 구매,제8385부대,영동상사
26074,티 꽂이매트 2종 구매,제8385부대,바울기획
26080,압력계 등 74품목 구매,연평부대,에스앤씨(SNC)
26083,차광막 등 3품목,제9181부대,주연ICT
26084,국자(대) 등 44품목,제9181부대,네이쳐 에프에스
26087,청관제 등 2항목 구매(물자),육군군수사령부,남일실업
26096,‘18년 장교후보생 운동모 구매,육군학생군사학교,한솔산업
26108,노즐 팁 1종,해군군수사령부,메트로마린서비스
26109,지우개 등 484종 구매,제8385부대,최고상사
26114,에프시 듀라토프 등 12종,해군제2수리창,세일상사
26115,튜블라형 도어록 등 32종,제7001부대,주식회사 예운
26122,1/4분기 발간재료 구매,제3707부대,동진상사
26125,냉각수 벨로우즈 1종,해군군수사령부,제일테크
26128,"패킹,성형식 등 14종",해군군수사령부,범한산업 주식회사
26138,"끈,세폭띠형 등 141항목 구매(기장)",육군군수사령부,덕인산업
26140,세균배양기 등 2종 구매,공군군수사령부,케이투메디칼
26141,심전도계 사단용 구매,공군군수사령부,DS메디케어
26147,고투명 홀더 등 413종 구매,해군교육사령부,해비치
26153,"점보롤 티슈 등 1,039종 구매",제9121부대,마창종합상사
26155,개스킷 등 2종,해군군수사령부,미래상사
26157,친환경 소화기 등 3종,해군군수사령부,(주)상일기업
26159,가설병 안전벨트 등 2항목 구매(통신),육군군수사령부,삼성씨엔에스(주)
26160,TMR 집적회로 등 17항목 구매(통신),육군군수사령부,주식회사 세연인터내셔널
26161,SPIDER 안테나지지대 등 29항목 구매(통신),육군군수사령부,(주)태광네트웍정보
26163,TTC-95K 집적회로 등 14항목 구매(통신),육군군수사령부,주식회사 세연인터내셔널
26170,인트-8호 등 199품목,국군재정관리단,주식회사 삼원
26180,철수세미 등 208종 구매,해군교육사령부,주식회사 태촌실업
26185,투명홀더 등 169종 구매,해군교육사령부,씨테크3000
26219,18년 국외 연속간행물 구독/구매,육군사관학교,주식회사엠제이에스인터내셔날
26220,소석회살포기 등 7항목 구매(물자),육군군수사령부,주식회사 더그린
26222,화물용결박밴드 등 5항목 구매(물자),육군군수사령부,PHOTOhi
26232,18년 백령도 개선식 구매 납품,제9196부대,주식회사 신화식품
26244,전력 등 22항목 구매(총포),육군군수사령부,주식회사 원플럭스
26245,"솔,렌즈청소용 등 7항목 구매(총포)",육군군수사령부,대성테크
26249,"제설제(염화칼슘/1톤, 1Bag)구매",국방부계룡대근무지원단,선경종합상사
26254,브이피시 콤플레트 1종,해군군수사령부,주식회사 성진테크윈
26258,"프레스, 유압식 등 52항목 구매(물자)",육군군수사령부,에스에이치상사
26262,면봉등168종구매,육군종합정비창,헵시바상사
26263,인스트팁등205종구매,육군종합정비창,한라상사
26288,응집제 등 11종 구매,해군교육사령부,주식회사 부영상사
26292,형광램프 외 46종 구매,국방부계룡대근무지원단,HT 유통
26294,고무판 등 79종 구매,해군교육사령부,주광유통
26296,총기보관함 등 3종 구매,해군교육사령부,주식회사 토인비엔지니어링
26297,에어소자 등 8종 구매,해군교육사령부,에이엔디
26299,플라스틱 박스 등 398종,해군작전사령부,영성기업사
26302,특정지역 구매품류 구매,수도방위사령부,주식회사 성신양행
26303,특정전투화 등 2종 구매,수도방위사령부,왕중사
26312,세면대 등 111종 구매,제8385부대,서울유통
26314,학습프로그램(데이터 통계분석 프로그램) 구매,육군3사관학교,노브식스
26315,학습프로그램(시뮬레이션 프로그램),육군3사관학교,케이엔피 트레이드
26316,18-007 평판플로터 구매,공군사관학교,그린종합사무기
26320,18년 국내 연속간행물 구독/구매,육군사관학교,도원아트
26321,"교환날,앞창닦개용 1종",해군군수사령부,국제전기
26325,18-1차 부대구매 검사킷트 및 시약 구매,제7보병사단,(주)앤케어
26326,빙과류(팩형),제7789부대,(주)대림
26368,빙과류(콘형),제7789부대,미가온
26369,빙과류(컵형),제7789부대,(주)빙그레
26380,리필티슈 등 15품목,해군 기동함대사령부,현민상사
26382,깃대형 태극기 구매,육군본부,기쁨상사
26396,다목적전술차 플러그등9종구매,육군종합정비창,에이치앤주식회사
26398,교량가설단정 소화기구매,육군종합정비창,세진테크
26399,교량가설단정 솔레로이드구매,육군종합정비창,티케이(T.K)테크
26400,다목적굴착기 피스톤구매,육군종합정비창,디케이상사
26419,발칸 베이스등5종구매,육군종합정비창,디엔테크
26421,발칸 스크류등34종구매,육군종합정비창,에스지티
26422,발칸 브래킷등4종구매,육군종합정비창,신영에이텍
26425,파워크립 등 361종(1월),해군 기동함대사령부,현민상사
26428,치약 등 5종 구매,국군재정관리단,주식회사 보성
26466,가지 등 129품목,제9181부대,에이치케이푸드
26467,1단옷장 등 9품목,제9181부대,동진상사
26468,캡모자 구매,제9181부대,주식회사 전우밀리터리
26481,심폐소생술 마네킹 구매,육군본부,태양
26482,18-002 18년도 1학기 ？u과서(국내서) 구매,공군사관학교,홍문당서적
26483,실리카 섬유포직 등 3종,해군군수사령부,에스지에스
26487,열쇠고리 등 109종 구매,해군교육사령부,윤슬
26488,"문화상품권(10,000원권) 구매",해군본부,에스지에스
26492,차아염소산칼슘 등 6항목 구매(물자),육군군수사령부,주식회사 태촌실업
26502,독신숙소 방화문 등 설치납품,육군과학화전투훈련단,최고상사
26516,18년 충성대 신문제작(제169호~제174호),육군3사관학교,원컴
26521,건다시마 등 106 폼목 구매,제9691부대,주식회사 경기유통형 마을기업
26533,18-1차 야구부 훈련용품(유니폼 등 16종) 구매,국군체육부대,주식회사 두산
26534,해상사격표적(고래2호 등 3종) 구매,국군재정관리단,금산
26535,대추 등 202종,해군교육사령부,주식회사 류홀마트
26538,스틸휠 등 8종 구매,제8385부대,세광철물
26541,풍선 등 2종 구매,국군재정관리단,클라크지게차클린판매
26560,파병부대 끌기식 가방 구매,제7789부대,해성스포츠
26562,파병부대 메기식 가방 등 0종 구매,제7789부대,아스날(Arsenal)0724
26565,약품포장기 전자동식 구매,공군군수사령부,태린메디칼 주식회사
26617,조깅화 등 2종 구매,해군사관학교,태능프로스펙스
26624,전기오븐레인지 구매설치,국군재정관리단,주식회사 어번라이팅
26662,간부숙소 용도변경 관급 통신단자함 설치납품R,제8기동사단,주식회사 영은시스템
26664,강원233호 간부숙소 용도변경 관급 온수난방패널,육군 제8군단,에스이디 주식회사
26668,2인승 00뱃트 세트 구매,제9965부대,주식회사 부한발란스
26700,파병부대 케리어 등 2종 구매,육군군수사령부,주식회사 포스트엑스
26701,파병부대 컴벳셔츠 구매,육군군수사령부,주식회사 토브더가먼트메이커
26757,시험기 조정용 구매,공군군수사령부,주식회사 제이에프
26759,시험기 조정용 구매,공군군수사령부,주식회사 제이에프
26769,파병부대 운동모 등 3종 구매,육군군수사령부,신성유통
26777,파병부대 팔토시 3종 구매,육군군수사령부,선희유통
26778,파병부대 셔츠류 3종 구매,육군군수사령부,주식회사 경쓰
26787,머그컵프레스 구매,제9911부대,희원
26789,핫워터디스펜서 등 2종 구매,제9911부대,주식회사 가온산업
26816,코어네트 등 14종 구매,공군제19전투비행단,해원산업
26818,"(19-F091)청소차, 보도용, 트랙터 탑재식 구매",공군제17전투비행단,다원지앤피
26829,형조각기 1대 구매(20198255-F),국군재정관리단,현대기술 주식회사
26842,마이톤 등 95종 구매,해군제3함대사령부,스카이유통
26850,00부대 등반벽(FRP패널) 설치납품,특수전사령부,신한조경
26851,워크스테이션 구매,4284부대,스텔라
26853,19년 야전앰프(600W) 구매(A-19189),제5보병사단,이즈컴넷
26854,19년 수질시료채취봉 구매,제5보병사단,명준유통
26863,동 용접90도 엘보 등 95종,공군제19전투비행단,모던트리
26869,19-해병-차기다련장 통합배선설비,제9181부대,링크정보시스템(주)
26883,(19-F090) 보관용선반외 4품목,공군제17전투비행단,영상테크
26884,전력계 1종,해군군수사령부,세종상사
26887,과속방지턱 등 3종 구매,해군사관학교,주식회사조은기업
26888,배구매트 구매 및 설치,해군사관학교,피오엔터프라이즈(주)
26899,19-11차 부대구매,제21보병사단,주식회사 내일약품
26901,워키토키 구매 (20198138-F),국군재정관리단,동방실업
26902,19-경량 방탄복 구매(20198204-H),국군재정관리단,우일무역 주식회사
26903,20년 상무대쇼핑타운 유류구매,국군복지단,산동2주유소
26908,"호흡기,휴대용(구매)",지상공통전력운영계약팀,동양케미칼Rubber
26910,유증기 감지기 1종,해군군수사령부,제일테크
26912,정박등 등 7종,해군군수사령부,태양전자
26917,"고정물,전등용 등 3종",해군군수사령부,한국이미지시스템(주)
26927,2020년 특수 간행물 23종 구매,국방대학교,아시아저널
26937,야구부 훈련용품(유니폼류),국군체육부대,드림비즈 주식회사
26941,예초기 줄날 등 525종 구매,해군제3함대사령부,무진통상
26945,디스플레이 유닛 1종,해군군수사령부,동진상사
26949,(19-F095)트럭 트랙터 구매,공군제17전투비행단,세영테크주식회사
26955,(19-071)정통대 MSPP카드 구매,공군 작사예하 방포사예하 제3여단,주식회사 성우팜
26958,'19년 훈련장 간판 제작 계약 의뢰,제3보병사단,주식회사 디자인이룸
26960,전동 거꾸리 등 4종,해군작전사령부,칼라투
26961,표적지 등 6종,해군작전사령부,이지테크
26967,체인 등 3종 (군수과),제7001부대,마창종합상사
26972,(19-066)낙상방지용 알루미늄 프로파일 등 12종,공군 작사예하 방포사예하 제3여단,제이엠컴퍼니
26973,음원편집SW 구매,국방출판지원단,에스지에스
26978,야구부 훈련용품(야구화 등),국군체육부대,골드라벨
26982,사격장 탄두회수함 제작 설치납품,제17보병사단,어닝하는 집
26990,회전식 청소차 구매,제20전투비행단,채아파파
26992,회전식 청소차 구매,제20전투비행단,채아파파
27003,스틸그레이팅 자재구매,제21보병사단,제이테크
27007,SODIUM(NA) 등 4종 구매,제5738부대,주식회사 애니메디칼
27008,턱걸이대 1EA 구매,해군사관학교,진성
27012,"표시기,방위-방향용",해군군수사령부,제일테크
27015,이발기 2EA 구매,해군 기동함대사령부,하나랩
27017,전기렌지 1구 12EA 구매,해군 기동함대사령부,하나유통
27027,할로겐램프 등 2종(19-305),공군제1전투비행단,AN Tech(안테크)
27029,운반대차 등 382종,해군본부,현대상사
27035,내화성 비밀보관함(2단) 등 2종 구매,합동군사대학교,아이원
27040,Heartstar HS1 등 8종 구매,제5738부대,그린종합사무기
27044,2020년 국내 / 국외 간행물 구매,국방대학교,주식회사 공후
27045,워터젯 추진기용 축,지상공통전력운영계약팀,주식회사 경성엠티
27060,VoIP교환기구매/설치등3건통합리스(2019G074-I),국군재정관리단,롯데캐피탈(주)
27072,전기 이발기 등 18종 구매,해군제3함대사령부,무진통상
27073,계량 터미널 구매,해군군수사령부,(주)신정정밀교정센터
27074,신교대대 자동슬라이딩도어 설치납품,제51보병사단,영우금속(주)
27075,반주기 등 6종,해군작전사령부,온나라물자조달 주식회사
27082,충전식 라이트외 20품목 구매,공군제17전투비행단,디앤에스
27088,전동식 마스크 본체 등 8종,공군군수사령부,주식회사 미컴퍼니
27091,무단점유방지 경고판 구매,국방시설본부,주식회사 오픈스페이스디자인
27092,광컨버커 구매(19-21),공군제10전투비행단,주식회사 해강
27094,XQD 메모리카드 등 38종,해군 기동함대사령부,신우기업
27101,19-목-0함대 완강기 구매/설치,해군제3함대사령부,수성시스템
27103,항법보조단말기 구매,제5738부대,대성
27109,순간접착제 등 80종,해군 기동함대사령부,영테크
27111,철문도어록 등 50종,해군 기동함대사령부,오름
27121,D급 소화기 구매,해군군수사령부,씨티원 경기지점
27137,나이키 스트라이크 NEW 축구공 등 12종,해군 기동함대사령부,늘풍상사
27138,방열기 등 13품목 구매,제9181부대,다손
27149,엘리먼트 등 9종 구매,제5738부대,헵시바상사
27150,우레탄폼 등 73종,제7001부대,주식회사도영디와이
27154,결재판 등 164종 구매,해군사관학교,영림상사
27155,알루미늄 합금판 등 3종,해군군수사령부,선호티에스
27158,"야전배낭(I형, 육군용) 구매",수도군단,썸메이드 주식회사
27160,전동식 빨래건조대 설치납품,제2작전사령부,명신종합상사
27172,I지역 인조대리석 설치납품,육군항공사령부,(주)한국엔지니어링
27180,I지역 인조대리석 설치납품,육군항공사령부,(주)한국엔지니어링
27189,평버켓 등 2종 구매,제3170부대,경북그래픽
27192,덤벨 등 19종 구매,제9911부대,흥진사
27193,연필깍이 등 226종,해군본부,주식회사 첫걸음종합상사
27194,녹화기 등 109종 구매,해군제3함대사령부,한성시스템
27196,발열조끼 등 5종 구매,제5738부대,세이프부산
27203,전군 위협관리체계 구매,4284부대,주식회사 솔리드이엔지
27205,적외선분광계 구매,육군종합정비창,디케이인스트루먼트
27211,GOP 통합급수 유지관리 자재 납품,제7보병사단,ADN
27216,경고등 등 14품목 구매 납품,제9227부대,심심기업
27227,관사 노후 씽크대 교체 설치납품,제1862부대,주식회사 엘베누스하우징
27231,"19-286, 복지대대, 씽크대",공군 제8전투비행단,현재산업
27232,00부대 업무용 퍼징 SW 구매,국군제1068부대,주식회사 두리안정보기술
27233,제트스트림 리필 등 338종 구매,해군교육사령부,푸름상사
27236,시험재료 83종 구매,육군 제1군단,정진테크
27239,소형마그넷 등 3종,해군본부,대한컴퍼니
27241,쇼크 튜브 등 2종,해군군수사령부,강일에스티
27242,기가에이 등 94종 구매,제9911부대,(주)석호약품
27243,D급 소화기 구매,제9911부대,주식회사 모아건축디자인
27244,시료체취용기 등 2종 구매,제3170부대,승재유통
27249,저장매체 복제삭제기 등 5품목 구매,제9691부대,동명이앤엘
27253,00부대 전동 빨래건조대 설치납품,제2작전사령부,CL테크
27258,지주세트 외 36품목 구매 및 설치,공군제17전투비행단,주식회사 복은
27261,아모잘탄5/50mg 등 49종,해군 기동함대사령부,다원파마
27265,군숙소 실내등 구매,제9965부대,주식회사 삼환전기산업
27268,19-266) 00부대 씽크대 설치납품,수도기계화보병사단,현재산업
27279,위대한 개츠비 등 DVD 108종,해군본부,현대상사
27280,치닝디핑 등 3종,해군작전사령부,삼성
27283,다웰바 등 5종,해군작전사령부,영화상사
27284,SSU 훈련화 140EA,해군작전사령부,가람
27285,헬스장 바닥보호용 매트 등 21종 구매,해군교육사령부,날으는곰에프엔지애드(F&GAD)
27286,19-조-68 알루미늄 프로파일등 12종,공군 작사예하 방포사예하 제2여단,부경테크
27287,플라스틱 링 등 143종 구매,재경근무지원대대,동방실업
27289,차광막 등 26종,해군작전사령부,마니
27291,4주식 리프트 구매,육군군수사령부,이로상사
27293,(225차) 5693-201부대 방열기 교체 자재납품,제3보병사단,에이스통상
27296,현장종합수사세트 등 9종 구매(20198239-F),국군재정관리단,주식회사 케이제이
27302,19-34차 흡입배출기 이동형등 2품목 구매,국군수도병원,더엣지
27308,각티슈 구매,제3170부대,YK통상
27309,충전그라인더 등 205종 구매,제3170부대,예인공조시스템
27312,그랜트 패킹 등 42종 구매,제5738부대,신신교역
27313,넉가래 등 3종 구매,제5738부대,드림조경 주식회사
27315,융 게시판 등 423종,해군제3함대사령부,에스에이치상사
27316,플라스틱제본링 등 227종 구매,제9911부대,조인
27318,지쳤거나 좋아하는게 없거나 등 11품목 구매,제9691부대,풀블라썸(Full Blossom)
27320,전구 등 124종(19-284),공군제1전투비행단,앤에이
27326,바벨Set 등 2종,제2002부대,주식회사 토탈안전관리
27327,쿨토시 등 4종,해군작전사령부,동현정공 주식회사
27328,도마 등 51종 구매,제9911부대,하늘광운
27329,초경 홀커터 등 247종,해군제3함대사령부,엠에스유통
27330,"(19-0248)전동카트, 다목적용 구매",공군제17전투비행단,스타벨
27333,오페란점안액 등 54품목 구매 납품,제3283부대,네오썬팜
27339,인헌관 GHP 실외기 구매,육군사관학교,주식회사 네오젬
27340,00부대 노후 항온항습기 교체,국군제1068부대,(주)에스앤티
27345,메모홀더 등 193종 구매,해군제3함대사령부,동방종합상사
27349,PVC몰드 등 106종 구매,해군제3함대사령부,동원샘물유통
27351,후메토론점안액 등 24종 구매,해군교육사령부,제이메디케어
27354,콕스갈목비 등 234종 구매,해군교육사령부,오피스플러스
27365,붕산등18종 구매,육군종합정비창,주식회사 청운이화학
27367,종이페이퍼 등 18종 244점,해군 기동함대사령부,신제주스포츠
27369,체온계 등 5품목 구매,제9181부대,주식회사 티앤제이커뮤니케이션
27378,19-2차 ㅇㅇ체계 운용용품 구매,국방정보본부,(주)세정
27380,석분 등 46종 구매,해군제3함대사령부,동서종합상사
27385,19-291  견사료 등 1종,공군제5공중기동비행단,주식회사팔공물산
27395,외장하드 등 174종 구매,제8385부대,알파동해점
27399,삼각자 등 321종 구매,해군제3함대사령부,엠에스유통
27403,천장상단트레이 등 38품목 구매,제9691부대,안보종합상사
27405,알루미늄 합금판 등 15종,해군군수사령부,스타CNS
27406,19년 하이패스 단말기 구매,국군수송사령부,주식회사 승지산업
27412,00부대 훈련용 보호대 구매,제28보병사단,티와이 인터
27417,공마대 등 2품목 구매,제9196부대,엠케이유통
27420,종이컵 등 55품목 구매 납품,제9227부대,서진산업
27424,정보망 통합보안관제체계 및 침입방지체계 리스,제9965부대,롯데캐피탈(주)
27435,19-354 워크스테이션 등 2종(1),공군사관학교,제이앤제이
27436,DVD 플레이어 등 7종,해군작전사령부,에이치제이시스템
27440,00부대 숙소계량기 설치납품,제1보병사단,주식회사 네오글로벌시스템
27442,집성판 1종,해군군수사령부,씨에이치상사
27448,레코비 정 등 95종 구매,해군제3함대사령부,티엠이바이오 주식회사
27449,마대 등 19종 구매,해군제3함대사령부,삼호자원
27452,온풍기 등 4품목 구매,연평부대,대원(垈元)
27469,의무사 간부숙소 디지털도어록 설치납품,국군의무사령부,제이큐코리아
27472,19-복-053 골프연습장 망,공군제5공중기동비행단,동덕아크릴
27473,19-358 이동식 부스 등 8품목,공군제5공중기동비행단,영화상사
27478,알루미륨커팅자 등 37종 구매,해군교육사령부,진성
27485,사관실 테이블 상판 수선 등 2종,해군군수사령부,효원
27486,검문소 물자 구매,육군 52보병사단,미소테크
27487,국기검 시험재료 103종 구매,육군 제1군단,씨원
27501,물먹는 하마 등 205종,해군본부,현대상사
27502,19-2차 축성도구 구매,제5군단사령부,두리상사
27504,전동 파레트 트럭,해군군수사령부,주식회사 휴콤
27505,딥 클리너 등 43종 구매,재경근무지원대대,시온하이텍
27509,Charging Corona Unit 등 22종,해군본부,보성인재
27513,[19-155] 19년 2차 축성도구 구매,제6보병사단,에코랜드
27517,행주 등 88종,제7001부대,삼일상사
27521,줄자 등 156구매,해군제3함대사령부,영성기업사
27522,스탠드행거 등 66종 구매,해군제3함대사령부,마이크로트렌드
27523,건조기 등 5종,제7001부대,효원
27524,"마포대 등 1,002종('19-7차)",제2002부대,국제통신공업 인천지사
27526,백익스텐션 등 14종 구매,제5738부대,도담테크
27531,19-360 다대스푼 등 59품목,공군교육사령부,D.C스포츠총판
27533,공군 동 행사복 등 6종  구매,국방부근무지원단,주식회사 동곡
27534,공군 동 행사복 등 6종  구매,국방부근무지원단,주식회사 동곡
27538,3단 전자동 솔리드 우산 등 2종,해군본부,신화상사
27543,네트워크통제실 브리핑체계 구매/설치(20196267-I),국군재정관리단,주식회사 시스매니아
27546,제트스트림 등 269품목 구매,제9181부대,에스앤씨(SNC)
27558,드라이브밸트(슈퍼차저용) 등 13종 구매(19-115),해군제2수리창,주식회사 우창이엠이
27559,"다기관,흡입용 등 13종 구매(19-116)",해군제2수리창,세일상사
27560,네모탭 개별 5구 등 472종 구매,제9121부대,에이치제이시스템
27561,실내 건조대 등 571종 구매,제9121부대,엠에스시스템
27562,슬링벨트 등 136종 구매,해군군수사령부,이노엠테크
27563,가위 등 42품목 구매,연평부대,주식회사 조은시스템
27564,수성펜 등 1409종,해군작전사령부,강해산업
27572,포장랩 구매,육군군수사령부,주식회사 황산
27574,B부대 등 2개소 수문 설치납품,제1891부대,주식회사 한길건설
27578,HDMI 메트릭스 등 7종 구매 납품,제3283부대,아누바이오
27591,고무패킹 등 93종,제7001부대,주식회사 휴콤
27593,00부대 훈련장 탄두회수대 구매,제9251부대,채윤상사
27594,순번표시기 세트,해군군수사령부,씨티원 경남지점
27595,모조지 등 3종,해군본부,현대상사
27600,풍속계 6개 구매,해군교육사령부,찰스인코리아
27601,탱크레벨셋트 등 16종 구매(19-114),해군제2수리창,세일상사
27603,HFC-236fa 소화기(3.0kg) 구매,국방부계룡대근무지원단,주식회사 포트텍
27605,6탄약창 정비공장 차폐도어 설치납품,육군 탄약지원사령부,두영이엔시
27609,다쿠아스점안액 3% 등 88종 구매,해군교육사령부,주식회사 삼광메디팜
27611,신분증케이스 등 277품목 구매,연평부대,보배
27614,대형커터 등 62품목 구매,연평부대,주식회사 제이알케이엔터프라이즈
27616,이발경대 등 3품목 구매,연평부대,더원상사
27621,계수기 등 503품목 구매,제9691부대,현대기업
27630,(19-F078)위험물 보관함외 3품목 구매 및 설치,공군제17전투비행단,디에쓰산업
27652,19-334 블라인드 등 56종,공군제5공중기동비행단,하나비엠에스주식회사
27653,19-304 블라인드,공군제5공중기동비행단,명성
27657,19-309 시험세트 초음파식,공군사관학교,에스앤엘system
27658,00부대 동원훈련용 총기보관함 구매,동원전력사령부,나린아토
27660,종이면봉 등 546종 구매,제8385부대,크로바상사
27661,녹화기 등 12종 구매,제8385부대,주식회사 원창이앤씨
27663,D급소화기 등 14종 구매,제8385부대,삼동유통상사
27665,타베온 정 10mg 등 28종,제2002부대,바른약품 주식회사
27666,D급 소화기 등 298종 구매,해군제3함대사령부,동양상사
27669,00부대 방열기 자재 구매(A-19171),제5보병사단,이즈컴넷
27671,사격장 탄두회수함 제작 설치납품,제51보병사단,알스제이
27673,샤프심 등 107종 구매,해군교육사령부,진성
27676,휠도리 등 426종 구매,해군제3함대사령부,승리종합상사
27679,녹화기 등 12종 구매,제9911부대,한영기업
27684,4구 코드 릴 등 133품목 구매,제9691부대,주식회사 가온산업
27692,야간투시경 구매,육군 제1군단,쏘다님투어
27698,19년 예비군용 총기손질정비실 설치납품,육군 제37보병사단,(주)지엔씨
27704,브라인드리벳등90종 구매,육군종합정비창,선우상사
27705,00체계 운용품구매(HP Z6 G4 워크스테이션 등 6종),제1891부대,주식회사 릴라이언스정보
27706,비인두 기두기 등 2종,국군의무학교,주식회사 제이엠메디칼
27710,유전자감정 시약재료 구매,국방부조사본부,강원상사
27718,냉각수 벨로우즈 등 2종,해군군수사령부,제일테크
27720,소재용 수채 등 145종 구매,제9911부대,제제컴퍼니
27721,향균망사수세미 등 4품목 구매,제9해병여단,만복통상
27725,와이어 등 9품목,해군제1수리창,북평철물
27728,보호복 등 19종 구매,제9911부대,제이알유통
27729,전자칠판(스탠드포함) 등 5종 구매,제9911부대,센트럴공인중개사사무소
27736,학군후보생 교번 벨크로 제작,육군학생군사학교,한일상사
27741,밴드커터 등 41품목 구매 납품,제3283부대,플랜비
27745,1968부대 18gop 수문자동제어반 설치납품,제3보병사단,비콤시스템(주)
27754,네임펜 등 65종,해군군수사령부,대광산업
27755,물류관리용 라벨 등 30종,해군군수사령부,가람상사
27760,사원증 목걸이 등 2종 제작,제9911부대,쓰리지엠
27762,00지역 방탄판 설치납품,제6군단사령부,주식회사 성도
27763,컷팅매트 등 55종 구매,해군교육사령부,나우통상
27764,교육용 물소화기 20개 구매,해군교육사령부,진성
27771,해상사격표적(풍선 등 5종),해군작전사령부,제이에이치테크
27773,고압세척기 구매,해군사관학교,영광상사
27777,콤비콤씨 등 11항목 구매(해파),육군군수사령부,엠앤에스코리아
27784,부대개편(3차) 및 취사식당(2차) 자산취득구매,육군제7789부대,클릭바이 엠알오
27790,스테인리스 등 239품목 구매,제9181부대,고려피앤지(P&G)
27796,동원훈련장 탄두회수함 제작설치,제55보병사단,다온종합상사
27802,철사망 등 22종 구매(19-108),해군제2수리창,지니종합상사
27805,자물쇠 등 95종 구매,해군사관학교,라온상사
27807,쇠자 등 100종,해군본부,가람주식회사
27819,디지털테스터기외 21품목 구매 및 설치,공군제17전투비행단,나래컴퍼니
27822,거울(벽걸이)외 23품목 구매 및 설치,공군제17전투비행단,주식회사 휴콤
27823,피크닉 테이블외 3품목 구매 및 설치,공군제17전투비행단,엘코어
27824,라이트외 13품목 구매,공군제17전투비행단,EJ산업
27831,아비타 등 2품목 구매 납품,제3283부대,서아유통
27832,19-10-286 (배토사 등 2종 구매),공군제16전투비행단,비에스케이 주식회사
27833,숟가락 등 11품목 구매,제9181부대,유닉디지털(주)
27842,무동력 트레드밀 구매,해군제3함대사령부,(주)개선스포츠
27846,00부대 과학화 감시체계 물품 구매,제36보병사단,반석상사
27850,이동형 작업대 구매,제5738부대,씨아이
27851,민서기 등 3종 구매,제5738부대,삼호자원
27856,컴파스 등 233종 구매,제5738부대,기장유통
27857,강철조각 1종,해군군수사령부,주식회사비즈마이스터
27858,하이드로콜로이드 밴드 등 96종,제7001부대,(주)석호약품
27859,판토라인 정 등 194종,제7001부대,주식회사 서경약품
27860,활성식건조제 1종 구매,해군군수사령부,주식회사 한강필터
27865,자석 등 300종 구매,제8385부대,알파동해점
27872,진공흡착기 등 85종 구매,제8385부대,대광종합상사
27874,배기다기관 등 26종,해군제3함대사령부,스카이유통
27875,워킹머신 등 6종 구매,제9911부대,예찬컴퍼니
27889,밀폐용기 등 8품목 구매 납품,제9227부대,미소산업
27891,릴호스 구매 설치,제9227부대,에이스스포츠
27894,보안취약점 식별을위한 기반운용체계도입(20197190-C),국군재정관리단,주식회사투씨엘시스템
27896,(19-050)인행처 레그프레스 등 11종,공군 작사예하 방포사예하 제3여단,케이제이유통
27897,저장대 기둥 등 7품목 구매,제9196부대,카라인터내셔널
27902,00학교 본청 현관 리모델링(사인물 설치납품),육군종합행정학교,주식회사 원진
27910,국기검 실습재료 130종 구매,육군 제1군단,주식회사앤썸기획
27912,접이식 헬스자전거 등 23종,제9911부대,작은불꽃
27913,폴리에스테르수지 등 5품목,해군제1수리창,남부상사
27917,핸드소켓 등 119품목,해군제1수리창,세광철물
27920,바벨세트 등 3종,해군작전사령부,장복종합상사
27924,유니트 쿨러 구매,해군군수사령부,나나테크
27925,티테이블 등 11종(19-235),공군제1전투비행단,유한회사 신호컴퍼니
27929,용기검사등 3품목 구매,연평부대,엠에스인천가스(주)
27932,무선 폴대형 내부탐색경 구매,제9691부대,그린종합사무기
27943,다목적굴착기 축 구매,육군종합정비창,DGI산업
27944,접착제등2종 구매,육군종합정비창,주식회사 청운이화학
27945,발칸 스페이서등19종 구매,육군종합정비창,협신정밀
27951,안시성 등 DVD 4종 42점 구매,해군 기동함대사령부,해솔상사
27965,완강기 구매 설치 계약,제36보병사단,경기종합상사
27966,순간접착제 등 543종 구매.,제9121부대,주식회사 선창테크
27967,릴 호스 등 52종,해군작전사령부,주식회사팔공물산
27968,뷔페접시 등 29종,해군작전사령부,엔씨
27969,슈퍼그립 등 17종,해군작전사령부,찰스인코리아
27970,세이프데코 등 6종,해군작전사령부,스타CNS
27972,안전그네 등 42종,해군작전사령부,대선테크
27973,다목적수세미 등 67종 구매,해군교육사령부,동산기업
27974,오피스라벨 등 186종 구매,해군교육사령부,국제안보상사
27975,스틸마릴주 등 2종,제7001부대,이안메디팜
27977,수간주입병 등 18종,제7001부대,나우통상
27979,티슈 등 464종 구매,제5738부대,유로산업
27982,예초기 갈퀴 등 21품목 구매,제9해병여단,만복통상
27983,중량물 취급주의 등 39종,해군군수사령부,제이엠
27991,셔틀콕 등 15품목 구매,제9181부대,송도컴퍼니
27992,코어네트 등 6품목 구매,제9181부대,위쥬아
28001,전동카트 1대 구매,제8385부대,한울산업
28013,오링 등 55종,해군제3함대사령부,(주)동양화학
28019,비호 와셔등5종 구매,육군종합정비창,진광사
28036,경보기세트,공군군수사령부,(주)제이.텍
28041,덤벨세트 등 3종 / 병기탄약창,해군군수사령부,주식회사 인텍비전
28042,딱풀 등 95종,해군군수사령부,주식회사 대명종합상사
28043,타카 등 104종,해군작전사령부,피앤에스
28049,합천 동원훈련장 탄두회수함 설치납품,제6128부대,한미통상
28051,Vuforia VIP 등 4종(AR),공군군수사령부,제이엔이시스텍주식회사
28052,19년 육군 근무복 초도 경쟁분,물자계약팀,희림상사
28053,1인승 00뱃트 예비산 구매,제9965부대,예원
28057,19년 육군 정복 초도 경쟁분,물자계약팀,주식회사 앤비앤코퍼레이션
28058,훈련교관 티셔츠 등 32품목 구매 납품,제3283부대,신주례
28062,19-방공관제사-92(폴리스캠),공군방공관제사령부,루비셀
28066,19-사진편집기 등 5종 구매(20198209-H),국군재정관리단,주식회사 엠넥스
28082,라이트외 20품목 구매 및 설치,공군제17전투비행단,낙원상사
28083,광융착접속기 구매,국군지휘통신사령부,뉴푸르넷
28084,클리어 광구병 등 12종,해군제1수리창,천곡철물상사
28091,쿨조끼 등 542종 구매,해군제3함대사령부,수성시스템
28095,"녹화기,비디오용 등 9종 구매(19-99)",해군제2수리창,안보종합상사
28097,R/D기지 도파관 교체납품,제51보병사단,(주)상건
28100,아령 등 31종 구매,제8385부대,드림통신
28106,벨트 등 7품목 구매,제9691부대,장성
28109,"세척기, 수압식 1대 구매",해군군수사령부,주식회사 제이에프
28110,초음파세척기 1대 구매,해군군수사령부,예지정밀
28112,3단봉 등 10종 구매,해군군수사령부,명신종합상사
28118,주거-재5호 군 숙소 완강기 설치납품(통합),육군 제8군단,주식회사 리한
28119,현관매트외 24품목 구매 및 설치,공군제17전투비행단,금성종합상사
28120,엘형 운반차외 24품목 구매 및 설치,공군제17전투비행단,하나유통
28139,혼합종자 등 5종 구매 납품,제3283부대,태성전지
28144,양주병원 수술방 양압설비 설치납품,국군의무사령부,디케이건설주식회사
28149,매트릭스 스위처 등 구매,제2작전사령부,테크원
28154,제설밀대 등 11종 구매,재경근무지원대대,화인사이언스
28157,무단점유방지 경고판 구매,국방시설본부,주식회사 엑시나
28159,디스플레이 유닛 등 3종 구매(19-98),해군제2수리창,영민종합상사
28162,"병풍(8폭,10폭,12폭) 구매",국방부계룡대근무지원단,오공오(505)
28170,대재2호 관사 노후 씽크대 교체 설치납품,육군 제8군단,우리산업
28171,"렉, 보관적치대외 58품목 구매 및 설치",공군제17전투비행단,케이디엠알오 주식회사
28181,발칸 스크류등29종 구매,육군종합정비창,현대정밀가스켓
28185,00부대 2대대 창설 취사물자 구매,지상작전사령부,화명
28186,"행사복(성악의상, 캄보의상) 구매",국방부근무지원단,주식회사 태승물산
28187,00부대 수송부 셔터문 설치납품,지상작전사령부,대보건설 주식회사
28189,릴호스 등 7품목 구매 납품,제9227부대,문경스포츠(체육사)
28195,포장끈 등 175품목 구매,제9181부대,동양사
28208,19-조-57 옷장등 5종,공군 작사예하 방포사예하 제2여단,제이에스테크
28209,밍크 무릎담요 구매,제9911부대,하나실업
28212,세탁물운반카 2종 구매,제5738부대,씨티원 경남지점
28216,점화플러그 등 81종(2),제7001부대,한성
28223,탁상달력 구매,제9911부대,가평레져
28225,바코드리더기 등 4종 구매(19-95),해군제2수리창,지니종합상사
28229,공기청정기 등 6종 구매,제8385부대,금성종합상사
28233,교량가설단정 부싱 구매,육군종합정비창,서진디스플레이 주식회사
28235,20년 국군복지단 홍보달력 제작,국군복지단,굳앤굳디자인
28242,혈압계기능검사기 구매(20196296-D),국군재정관리단,주식회사 발렌베리
28247,특수커터 등 98종 구매,해군교육사령부,대성
28250,벽시계 등 160종 구매,해군군수사령부,칼라투
28251,화이투벤 씨플러스 캡슐 등 126품목 구매,제9691부대,(주)석호약품
28252,00부대 통신운영용품 구매,국군제1068부대,두루미
28256,디스플레이 유닛 등 19종,해군제3함대사령부,(유)목포신도digitalOA
28257,블랙박스 등 3종,제7001부대,삼일상사
28261,펜치 등 118종 구매,제8385부대,남부상사
28262,커팅매트 등 147종 구매,제8385부대,가진테크
28263,철수세미 등 172종 구매,제8385부대,영동문구센타
28267,"탁상달력 제작(1,500부)",해군본부,예당기획
28272,광중계기(MU/RU) 등 7종 구매,국군지휘통신사령부,마리나그림
28274,교량가설단정 하네스 구매,육군종합정비창,진광사
28277,플라스틱브러쉬등23종 구매,육군종합정비창,선우상사
28283,테이블 등 10품목 구매 납품,제3283부대,지산테크
28284,한권으로 끝내는 해커스 토익 700+ 등 48종,해군 기동함대사령부,삼양서점
28286,서지테스트기등 15종 구매(20198213-I),국군재정관리단,씨티원 경기지점
28293,19-789차 운영용품 구매,제5군단사령부,주식회사 성원아이앤유
28297,해군회관 4인쇼파(스톨),제7001부대,영광상사
28299,메인스피커 등 14종,제9911부대,두루미
28302,책장 1EA,해군작전사령부,주식회사 쿤스트에프케이
28304,19년 후반기 00체계 운용품 구매,국군지휘통신사령부,강원전자 주식회사
28309,냄비외 33품목 구매 및 설치(소모성),공군제17전투비행단,화명
28324,압착터미널 등 146종 구매,해군 기동함대사령부,신우기업
28326,더블 데스크매트 등 80품목 구매 납품,제9227부대,은혜상사
28332,`19년 후반기 MIMS 운영용품 구매,제9965부대,마주봄
28338,표면오염도검사기 등 2종 구매,공군군수사령부,세볕메디
28339,출동용박스 구매,제3170부대,에스유코리아
28340,표적지 구매(폼타켓),국군체육부대,진성
28346,"허브,몸체용 1종",해군군수사령부,강원상사
28348,"작동기,유압식 등 3종 구매(19-91)",해군제2수리창,덕신
28349,근대5종 훈련용품(펜싱칼 등 8종),국군체육부대,신아인프라
28350,농구부 훈련용품(농구화 등 2종),국군체육부대,미성종합체육산업 주식회사
28354,이동식부스 4점(19-229),공군제1전투비행단,주식회사 대한하우징
28357,파워그립플러스등4종 구매,육군종합정비창,(주)협성산업
28359,교량가설단정 핸드빌지 구매,육군종합정비창,협신정밀
28361,다목적굴착기 로드 구매,육군종합정비창,엠앤티 M&T
28362,교량가설단정 리벳등9종 구매,육군종합정비창,진광사
28368,FAN ASSEMBLEY(SF-2SS) 등 2종 2점,해군 기동함대사령부,대한냉동
28370,널빤지 등 146품목 구매 납품,제3283부대,민14테크
28372,바디드라이어 등 3종,해군 기동함대사령부,하나유통
28382,쇼파 구매,해군제3함대사령부,주식회사 한성넥스
28387,도어락 등 189종,공군군수사령부,지에스 주식회사
28388,체단기구(바벨 등 7종) 구매,해군교육사령부,구룡종합상사
28393,4분기 발간재료 구매,제3707부대,불토스
28394,QUADCON 구매,제3170부대,(유)목양
28396,빔 프로젝트 램프 등 27품목 구매,제9691부대,장가계
28398,대잠립 충격흡수형 폼 분리형 튜브 6SE 구매,해군군수사령부,경북상사
28400,"구두약 30,000EA 구매",해군군수사령부,씨티원 경기지점
28401,종합측량기 2대 구매,해군군수사령부,나우통상
28403,(육성) '19년도 지역방위작전 전투배낭 구매,제6128부대,주식회사 대림테크
28407,3분기 정보통신운영용품 구매,제1군수지원사령부,정승물산
28412,(19-0224)알루미늄 프로파일외 19품목 구매,공군제17전투비행단,츄츄컴퍼니
28413,(19-1148)LAMP외 3품목 구매,공군제17전투비행단,만복통상
28418,공기호흡기 용기 안전충전함(4구형),국군화생방방호사령부,주식회사 도경
28420,한빛부대 예초기 등 18종 구매,육군군수사령부,주식회사 알렙과타브
28424,한빛부대 각재 제재목 등 7종 구매,육군군수사령부,칼라투
28426,간이소화기 구매 납품,제9227부대,문경새재 사과나무
28432,와이어 등 5품목,해군제1수리창,북평철물
28440,바라클라바 1종,해군군수사령부,장대울상사
28442,페브리즈 등 93종 구매,제5738부대,주식회사 에이원
28443,지문인식기 구매(설치조건),제3170부대,주식회사 아현정보기술
28446,독감백신,제7001부대,(주)석호약품
28447,아령 등 24종 구매,제9911부대,다온기업
28449,19-280 전기 저항계,공군제5공중기동비행단,시소커뮤니케이션
28462,[작-19-029]트로피등 7품목구매,공군작전사령부,주식회사 성우팜
28463,보안 및 출입설비 구매 설치,4284부대,주식회사 온리정보통신
28464,[작-19-029]트로피등 7품목구매,공군작전사령부,주식회사 성우팜
28467,Line Lazer 등 4종 구매,자운대근무지원연대,세정의료기
28469,소니 4K 캠코더 등 14종 구매 설치,국군의무학교,월드정보통신(주)
28470,접이식들 것 등 2품목 구매 납품,제3283부대,주식회사 문화이야기
28493,와이어 스트리퍼 등 279종 구매(19-90),해군제2수리창,주식회사 이앤알씨
28494,00지역 군숙소 완강기 설치납품,제6군단사령부,주식회사 삼양소방
28496,표적호 방호판 구매납품,제9보병사단사령부,삼경
28497,편집용 위크스테이션 등 2종(19-227),공군제1전투비행단,동서세라믹(주)
28499,00부대 TPS실 UPS 베터리 교체,국군제1068부대,에이케이에스정보주식회사
28502,치약 등 2종 구매,제3170부대,희경상사
28505,코팅필름 등 621종 구매,제9911부대,대건
28507,공기통 등 2종,제7001부대,주식회사 복은
28508,해군 동판 머그컵 등 3종,해군본부,하늘사랑
28509,멸균글러브 등 119종 구매,제5738부대,주식회사 성우팜
28510,전자저울(100kg) 1품목 구매(물자),육군군수사령부,"주식회사 제이앤비(JNB Co.,Ltd.)"
28513,교량가설단정 전동기 구매,육군종합정비창,씨에이치테크(CH TECH)
28517,진동식 롤러 구매(20199196-D),국군재정관리단,(주)남아월드와이드
28522,농구대 등 2종,해군작전사령부,제이아이비즈
28523,유격목봉 등 4종,해군작전사령부,소망상사
28524,물류관리라벨 등 64종,해군작전사령부,효원
28527,크레오신티외용액 등 50항목 구매(해파),육군군수사령부,도민약품
28530,DC클리너 구매,육군종합정비창,씨티원 경기지점
28539,19-해병대 기반체계 보강(20198225-A),국군재정관리단,(주)에스앤디비즈
28543,패킹 등 2항목 구매(궤도),육군군수사령부,티케이(T.K)테크
28547,무재해간판 등 1종,해군군수사령부,간판백화점 삼광광고기획
28548,라텍스 글러브 등 34종,해군군수사령부,대인종합상사
28550,종이박스 등 19종,해군군수사령부,주식회사 부영상사
28558,미세먼지 황사마스크 등 1001종 구매,제9911부대,세현아이템
28561,걸캅스 등 234종 구매,해군제3함대사령부,마이크로트렌드
28574,학군단복,물자계약팀,주식회사 무궁화용사촌에프앤씨(F&C)
28584,육성지원 전투물자(우의 등 6종) 구매,제51보병사단,디에이치산업
28588,19년 연막탄 발사대,기동총괄계약팀,이엘엘테크 주식회사
28591,국기검 실습재료 00종 구매,육군 제1군단,강일에스티
28592,컷팅 심스탁 등 34종 구매,제5738부대,MK메디칼
28600,19-310 알류미늄 방열기 등 36종,공군사관학교,신도상사
28603,주강 1종,해군군수사령부,희경
28608,19-310 알류미늄 방열기 등 36종,공군사관학교,신도상사
28610,전기장발생기 1EA,제20전투비행단,씨티원 경남지점
28618,감정재료 구매,국방부조사본부,리라컴퍼니
28620,견인부목 등 3종,국군의무학교,주식회사 제이엠메디칼
28625,국자 등 55품목 구매,제9181부대,기타가게
28630,(19-0214)전단기 구매,공군제17전투비행단,참빛산업
28633,남성용 5부 수영복 등 2종 구매,해군교육사령부,주식회사보승글로벌
28634,"패킹,성형식 등 20종",해군군수사령부,블루마린
28636,개스킷 등 5종,해군군수사령부,블루마린
28637,19-5차 운영용품 구매,제5군단사령부,썬파인
28638,제빙기 2개 구매,해군교육사령부,영광상사
28641,함장실 쇼파 수선 등 24종,해군군수사령부,유에스ENG(US ENG)
28649,피로방지매트 등 9종 구매,공군제19전투비행단,기인산업
28652,자동화창고관리체계 주전산기 및 DBMS 구매 리스,국군재정관리단,롯데캐피탈(주)
28653,방탄복 3형(조끼) 등 2품목 구매(20196159-F),국군재정관리단,애드온스마트 주식회사
28664,컴팩트형광램프 등 139종,공군군수사령부,주식회사 승지산업
28670,3차원 스캐너,국방부계룡대근무지원단,주식회사 헬로쓰리디
28671,19-246 비험검사 전자식 데오드라이트,공군제5공중기동비행단,주식회사 유스콘
28675,멸균증류수 등 102품목 구매,제9691부대,윤진메디칼주식회사
28682,전자제품 구매 설치,제3707부대,주식회사 윤앤지
28691,육성-음성 및 진천지역 지역방위작전 전투배낭 구매,육군 제37보병사단,주식회사 제이투
28694,벨벳 수면안대 등 4종,해군본부,케이티전산
28695,매트지 등 4종,해군본부,드림으뜸상사
28698,바 등 3품목,해군제1수리창,다모아상사
28703,알루미늄 판 등 9종 구매(19-89),해군제2수리창,대지종합상사
28704,군용 화일 32절 등 308종 구매(19-88),해군제2수리창,주식회사 이앤알씨
28705,방열기 자재 구매,제1607부대,좋은생각
28709,초음파진단기 사단용 구매,해군군수사령부,연택테크
28723,펜치 등 130품목 구매,제9196부대,재우상사
28727,플레이트 등 143종,공군군수사령부,헵시바상사
28732,노출형 유도로등 등 6종 구매,제5738부대,알파유통 주식회사
28733,섀클 3종 구매,해군군수사령부,진성산업
28735,"변환기, 신호자료용 등 3종 구매",해군군수사령부,주식회사 디에스테크놀러지
28736,씽크대 교체설치납품,제9965부대,가림
28742,(19-0204)브라켓외 11품목 구매,공군제17전투비행단,하나유통
28744,검독수리-B Batch-I 후속함(13~16번함) 건조,함정총괄계약팀,(주)에이치제이중공업
28745,헬리코일인서트등43종 구매,육군종합정비창,주식회사화창엔지니어링스
28748,아질산나트륨등2종 구매,육군종합정비창,주식회사 청운이화학
28751,19-09-258 (메쉬휀스 등 3종 구매),공군제16전투비행단,헵시바상사
28754,19-간부숙소 전자도어락 구매 설치,국군재정관리단,주식회사 길상산업
28756,LAN용 가스식 청정소화기 구매(20196265-F),국군재정관리단,주식회사 엠에스맨테크
28760,멸균생리식염수(20ml) 등 47종,제2002부대,온케어메디홀주식회사
28761,다용도스티커 라벨 등 16종 구매,제8385부대,대광종합상사
28763,융융제강슬래그 등 8종,해군제2수리창,칼라투
28764,둥근쫄대화일 등 137종,해군본부,세계로상사
28766,크실렌 등 36종,해군군수사령부,뉴노멀산업
28769,파라핀 수욕조 5SET 구매,해군군수사령부,씨티원 경남지점
28776,여행의이유 등 35종,국군의무학교,통일상사
28777,19-방공관제사-97(32전대 인터컴세트),공군방공관제사령부,블루 스카이 컴퍼니(Blue sky company)
28778,스피커 등 228품목 구매 납품,제9227부대,포항서비스
28792,19-281 저울,공군제5공중기동비행단,에스유코리아
28798,음주감지기 20EA 구매,해군군수사령부,씨티원 경남지점
28800,CO2 소화기 50파운드 33EA 구매,해군군수사령부,(주)오일금속
28801,경종 등 42종,제20전투비행단,주식회사 월성
28804,19-방공관제사-81(주파수 측정세트),공군방공관제사령부,다올 Corporation
28816,00기반체계 운용품 구매,제1891부대,헵시바상사
28825,19-281 디스플레이 광전자식,공군사관학교,주식회사 에너지코리아
28829,마사토 등 7종 구매,제5738부대,주식회사 포항토건
28837,"시일,평면형 1종",해군군수사령부,미래상사
28839,슬링백 등 4품목 구매,제9691부대,주식회사백운
28844,수영팬티 등 7종 구매,해군군수사령부,유한회사 주안
28845,동계 취사복 등 4종 구매,해군군수사령부,미성종합체육산업 주식회사
28846,현황관리체계 서버 구매,해군군수사령부,(주)넷월드코리아
28847,"방현재, 선박용 등 2종 구매",해군군수사령부,베스트이에스(ES)
28852,이화학기기(진공오븐 등 7종)구매,제1군수지원사령부,삼흥기계공사
28860,19년 사진재료비 구매,지상작전사령부,유노상사
28862,육성지원 야간투시경 구매,제2군단,윤영
28864,예비군 육성지원금 야간투시경 구매,제2307부대,나래산업
28865,방탄방패 등 3종 구매,해군군수사령부,주식회사 밀리포스
28873,00용 소형급 UAS 도입(20199150-A),국군재정관리단,주식회사 프리뉴
28880,타올 3종 구매,재경근무지원대대,제이케이(JK)
28888,유해발굴 발굴화 구매,국방부유해발굴감식단,성우약국
28897,워크스테이션 구매(20197159-F)(리스물건),국군재정관리단,소성정보기술 주식회사
28903,00부대 동원훈련장 총기보관함 구매,동원전력사령부,현이월드
28905,COALESCER 등 2종 구매,제5738부대,디에스지(DSG)
28908,축구공 등 37품목 구매 납품,제9227부대,아누바이오
28909,가설재 철제계단 구매,제1891부대,행운상사
28913,19-방폭형 이동통풍기 세트 50EA 구매(20198217-H),국군재정관리단,주식회사 신화식품
28917,방진마스크 등 23종 구매(19-75),해군제2수리창,주식회사 우창이엠이
28918,발목아대 등 16종,제7001부대,효원
28919,압력계 등 7품목,해군제1수리창,대광종합상사
28923,콤푸렛샤3240CFM(3호기) 부속자재 구매,육군종합정비창,신영에이텍
28925,레펠매트 구매,공군군수사령부,ADN
28928,목욕탕 온탕용 디지털온도계 구매,해군 기동함대사령부,해솔상사
28929,쎄레브렉스캡슐 등 18품목,해군 기동함대사령부,도민약품
28930,메치론정 등 65품목 구매 납품,제3283부대,주식회사 제이알팜
28932,미디어협업스토리지 구매 설치(20199188-I),국군재정관리단,주식회사 부림
28942,덤벨세트 등 13종,제7001부대,하늘유통
28948,"카트리지, 폰트형 등 2종 구매",해군군수사령부,주식회사 아이엠트레이딩
28953,25톤 유압프레스 구매,육군항공사령부,금성종합상사
28957,바벨 등 2종 구매,제25보병사단,에코아이엔티(ECHO INT)
28960,전기이발기 구매 납품,제3283부대,SH유통
28961,산탄총 12게이지 조수퇴치용 구매(20199191-i),국군재정관리단,탑스코리아
28965,전사벨트 클리너 등 40종 구매,해군교육사령부,영광상사
28966,미송집성목 등 22종 구매,해군교육사령부,진성
28968,캐비넷 등 3종 구매,제5738부대,일동테크
28970,솔레노이드 1품목,해군제1수리창,다모아상사
28971,19-3차 운영용품 구매,제5군단사령부,썬파인
28973,진공압축팩 등 25종 구매,제9911부대,동은씨에이
28976,증발감량 시험기 등 6종 구매(20199182-I),국군재정관리단,세방주식회사
28977,공기압축총 구매,제9691부대,제일레스텍 주식회사
28979,건식선체청락기 1EA 구매,해군군수사령부,와이엠아이 주식회사
28982,전류프로브 1EA 구매,해군군수사령부,파트원
28985,"샌더, 회전식 구매",제1군수지원사령부,주식회사 지에취디자인
28995,19-중소형함용 측심기 5대 구매(20198215-H),국군재정관리단,주식회사코드원
28999,고경도매트 등 92종 구매,해군제3함대사령부,오피스넥스목포
29001,육성-청주지역 예비군총기 진공포장 재료구매,육군 제37보병사단,주식회사코드원
29002,소형제빙기 구매,제1607부대,주식회사 천광
29009,00부대 화상회의체계 교체구매(리스물건)(2019G053-G),국군재정관리단,주식회사 콤텍정보통신
29013,무선철기 구매 (20198216-F),국군재정관리단,씨티원 경기지점
29014,"00부대 VoIP 교환기 구매·설치(리스물건,20197137-G)",국군재정관리단,(주)네오티엔씨
29015,4구식 내마모/하중성능 시험기 구매(20199181-I),국군재정관리단,매쉬미디어(주)
29016,릴 호스 등 278품목,제9196부대,코모레비(COMOREBI)
29017,넉가래 등 16품목,제9196부대,(주)대원지엘에스
29020,군 숙소 화재 대피용 완강기 설치,제2307부대,유명상사
29021,3분기 정보통신운영지원예산(L-33),제2307부대,유진물산
29022,"보정액,항공기 연료체계 구성품용 1종",해군군수사령부,동진상사
29024,"소자,커플링 축용 1종",해군군수사령부,티에스케이
29029,휴대용 관측기 본체 등 9종 구매,국방부계룡대근무지원단,주식회사미래존
29039,관사 지붕 우레탄 징크패널 구매,제7016부대,호크마기획
29046,5축가공기 구매(20196174-F),국군재정관리단,한미공작기계(주)
29047,수중 탐색기 등 2항목 구매(총포),육군군수사령부,주식회사코드원
29048,"압축링,디플렉트형,100 등 17종",해군군수사령부,주식회사 우리에이치알컴퍼니
29051,스테인레스 절단석 등 9종(19-81),해군제2수리창,드림비즈 주식회사
29052,알루미늄 합금판 등 10종(19-83),해군제2수리창,찬호상사
29053,크리넥스 등 303종 구매(19-77),해군제2수리창,다원지앤피
29054,잘만테크 잘만 등 279종 (19-80),해군제2수리창,잉카
29056,고체풀 등 374종 구매,제8385부대,오피스상사
29057,인화지 등 1013종,해군작전사령부,금호상사
29058,제침기 등 36종 구매,해군사관학교,경북상사
29066,V벨트 등 64종 구매,공군제11전투비행단,주식회사 이지아이템
29067,전력계 등 3항목 구매(특무),육군군수사령부,부산링구공업사
29078,변기누름버튼 등 5품목,해군제1수리창,대광종합상사
29085,리테이너 등 2품목,해군제1수리창,다모아상사
29091,"변환기, 압력용, 유체-수력용 1종 구매",해군군수사령부,히타코리아
29092,"닻, 선박용, 갈고리형 1종 구매",해군군수사령부,태양산업
29093,추적등 1종 구매,해군군수사령부,와이엠아이 주식회사
29095,"정렬 고정기, 레이저용 1종 구매",해군군수사령부,Basic Korea(베이직산업)
29097,중하중용캐스터 등 477종,해군군수사령부,해원산업
29100,건조기 등 62종 구매,해군군수사령부,범한산업 주식회사
29105,세면대 수전 등 38종,제20전투비행단,아름종합상사
29106,탑승식 청소차,제20전투비행단,주식회사 청천엔지니어링
29110,전기렌지 등 10품목 구매,제9181부대,장성
29118,제설함 등 172품목 구매,제9181부대,경은상회
29119,주유구 등 58종,공군군수사령부,금하상사
29120,순간접착제 등 773종 구매('19-6차),제2002부대,에어컴퍼니
29121,세비카정 등 68종,해군작전사령부,원진메디팜
29134,개스킷 등 12종,해군군수사령부,칼라투
29135,개스킷 세트 1종,해군군수사령부,모루상사
29153,간부숙소 전자제품 구매 설치,공군제11전투비행단,라이언테크
29159,19-08-234 (자동대문개폐기 등 28종 구매),공군제16전투비행단,제이제이유통
29160,바디워시 등 16품목 구매 납품,제9227부대,플랜비
29161,그린사 등 3품목 구매 납품,제9227부대,반도종합상사
29163,이산화탄소 소화기 구매,제1891부대,(주)오일금속
29164,인화점 시험기 구매(20199187-I),국군재정관리단,주식회사 이수케이
29173,(19-1104)디지털 타이머외 30품목 구매,공군제17전투비행단,민트힐
29175,체단기구(바벨세트 등 2종) 구매,해군교육사령부,영산스포츠(창원점)
29179,변기누름버튼 등 11품목,해군제1수리창,천곡철물상사
29182,신분증케이스 등 255품목 구매,연평부대,아이라나
29184,도전성 고무판 등 7품목 구매,연평부대,더원상사
29188,"링,피스톤용 등 56종",해군군수사령부,제이에스테크
29194,다목적굴착기 심등7종 구매,육군종합정비창,정원사
29198,소방기구(공기호흡기 세트 등 8종)구매,국방부근무지원단,주식회사한국소방안전
29202,덤벨 등 2종 구매,제5군단사령부,주식회사 에이치에이케이
29203,알루미늄자 등 493종,해군제3함대사령부,마이크로트렌드
29206,고무휀다 등 3종(19-79),해군제2수리창,칼라투
29208,상륙군침실 사물함 수선 등 3종,해군군수사령부,효원
29209,핸드탭 등 60종,해군제3함대사령부,오피스넥스목포영암점
29212,개스킷 및 쐐기 세트,해군제3함대사령부,대건상사
29214,가위 등 464종,해군제3함대사령부,(유)목포신도digitalOA
29217,인터폰 구매 납품,제3283부대,한성산업
29220,(19-0178)전동포크리프트 구입,공군제17전투비행단,제이에이치테크
29223,가바나 그룹 등 5종(19-78),해군제2수리창,지니종합상사
29224,세라믹 샤프심 등 104종 구매,해군교육사령부,백야테크
29225,CT실린지 등 2종,제7001부대,동은씨에이
29226,'19-00사 밸트컨베이어 1EA구매,제9121부대,한창컨베이어주식회사
29227,"피스톤, 내연기관용 등 8종 구매",해군군수사령부,삼성마린
29232,19-5갱 모아 1대 구매,국군재정관리단,엠케이트레이드
29250,Line Lazer 등 2종 구매,자운대근무지원연대,이수엔드
29251,격투봉 등 4종 구매 납품,제3283부대,성형산업
29257,베드시트 등 6종 구매,공군항공안전단,하엘침장
29260,저항기,해군제1수리창,천곡철물상사
29263,바벨세트 등 9종,해군작전사령부,대흥사무기상사
29265,가요성 조인트 등 38품목,해군제1수리창,서주통상
29276,전운대대 마사토(19-183),공군 제8전투비행단,실크로드
29277,"19-190, 헌병대대, 군견사료",공군 제8전투비행단,진성
29280,군견사료 구매(20196173-D),국군재정관리단,신화상사
29285,청력보호용 헤드셋 구매,제8385부대,애경상사
29290,브레이커 등 6종,해군작전사령부,씨에스컴퍼니
29291,바 등 7품목,해군제1수리창,삼동유통상사
29292,단청모듬북 등 3품목 구매,제9691부대,국악기유림
29297,판문점 작전화 구매,제1보병사단,대한컴퍼니
29301,캔자판기 구매 설치,제9227부대,성형산업
29306,복지대대 - 숄더프레스머신 등 38품목 구매(19-198),공군제15특수임무비행단,대한컴퍼니
29308,입식비세트 등 174종 구매,해군교육사령부,영림상사
29315,컷팅매트 등 51종 구매,제8385부대,삼일
29323,"(19-1102)전동카트 , 승용식 구입",공군제17전투비행단,현대그린텍
29325,와이프올 등 9종 구매,제5738부대,기원상사
29327,점보 책꽂이 등 143종,해군본부,청일산업
29328,싸이렌 등 40종,해군제3함대사령부,에스에이치상사
29332,테이블리프트 1대 구매,해군군수사령부,행복산업
29333,"판,지지용,펜더용 등 5항목 구매(궤도)",육군군수사령부,삼호정밀
29340,덤벨세트 등 2종 구매,해군사관학교,한성
29354,동내의,물자계약팀,주식회사 제일
29359,19-2차 정보화 운용재료 구매,국군재정관리단,주식회사 이건교역
29373,V밸트 등 29품목,해군제1수리창,지원종합상사
29374,선반인서트 등 522품목,해군제1수리창,북평철물
29381,군견 건사료 구매,제2군수지원여단,씨티원 경남지점
29383,동명부대 레이저 표적지시기 구매,육군군수사령부,주식회사 동인광학
29384,의장대대 행사복 구매,국방부근무지원단,동성아이앤씨주식회사
29392,핸드맥스 파워그립 플러스 등 63종,공군군수사령부,금호전기조명(주)
29393,SD 인플루엔자키트 등 187종 구매,해군교육사령부,원진메디팜
29395,"콘덴서,냉각용 1종",해군군수사령부,라온상사
29400,독서대 등 1085종 구매,제9121부대,이지테크
29405,"잉곳,주석-청동용 등 7종",해군군수사령부,대건테크
29409,2019년 알루미늄목발 2차 구매,국군의무사령부,주식회사 메디시온
29415,19-248 정복용견장 등 4종,공군사관학교,주식회사 킴블스
29418,라운드슬링등12종 구매,육군종합정비창,명신종합상사
29428,쿨러 1종,해군군수사령부,제일테크
29429,사격장 탄두회수함 제작 설치납품,제1989부대,중현산업
29431,DVD(2019끼니반란 등 45종) 구매,해군사관학교,씨티원 경남지점
29435,DVA K5 (스피커) 등 5종,해군작전사령부,(주) 건영패밀리
29436,멀티짐프로 등 3종,해군작전사령부,주식회사보승글로벌
29450,"AIP수소 32,644CZ 구매",제9121부대,창신가스(주)
29466,텅스텐 봉(토륨) 등 28종,해군제1수리창,금성종합상사
29469,"콘덴서, 냉각용 등 9종",해군제2수리창,덕신
29473,동명부대 고성능 확대경 구매,육군군수사령부,주식회사 피아이에스
29476,19-08-213 (방충망 등 128종 구매),공군제16전투비행단,디에이치유통
29481,19-훈련용 추진제식 가스압력 발생기 구매,국군재정관리단,일신엔텍
29482,"19년 위병, 군무원 정비피복 제작 및 구매",제9965부대,주식회사 성신양행
29493,"고리, 홈파진형 등 27종 구매",제9121부대,세종상사
29494,"동명부대 주,야조준경 구매",육군군수사령부,금하상사
29499,19-TOD용 레이저 표적지시기 구매,국군재정관리단,(주)유투에스알
29504,동명부대 청력보호 헤드셋 구매,육군군수사령부,동양 유통
29505,보존소브 등 10종 구매,제9911부대,주식회사 우리종합건설
29506,쌍화탕 등 117종 구매,제9911부대,원진메디팜
29507,체단기구(백익스텐션 등 3종 구매),해군교육사령부,선우디자인
29508,파일 바인더용 등 58종 구매,해군교육사령부,주광유통
29512,배기 엘보우 등 5종,해군제3함대사령부,동양상사
29513,블라인드파티션 구매,제9911부대,나우
29514,플렉사 피트 5MM 등 13종 구매,제9911부대,시대종합전기(주)
29518,방안자 등 298종 구매,해군사관학교,가람
29527,차광망 등 208종 구매,제5738부대,충성센타
29529,시금치(어청) 등 44종 구매,제9911부대,동부청과유통
29541,통돌이대걸레본체 등 10종 구매 납품,제3283부대,세이프부산
29549,전동카트 구매 (20199111-F),국군재정관리단,(주)쓰리디시스템즈코리아
29554,19-180) 00부대 바벨세트 구매,수도기계화보병사단,에스유코리아
29556,피스톤 링 등 8종,해군제2수리창,경기종합상사
29558,아연보호제 등 4종 구매,제9121부대,세종상사
29567,00부대 대테러 000총 조준경 레일 등 2종 구매,특수전사령부,건즈앤웍스 맥스쓰로틀(GUNS N WORKS MAX THROTTLE)
29569,튜브 20종 구매,육군종합정비창,대명 ENG
29574,19-179) 00부대 덤벨세트 구매,수도기계화보병사단,스크린스포츠
29576,파쇄날 등 9종 구매,공군제19전투비행단,소망상사
29584,디스크전극세트 등 8종,해군제1수리창,지원종합상사
29592,전기부침기 등 2종,해군작전사령부,주식회사 인우에스앤에스
29594,전자청진기 7EA 구매,해군군수사령부,주식회사 에코비투
29600,이동형4단서랍등 6종,국군의무학교,주식회사피에프
29609,계기 전계 강도용 구매,제20전투비행단,주식회사 코테스
29614,야자매트 구매,해군사관학교,오피스브릿지
29622,우편발송 라벨 485품목 구매,제9691부대,주식회사 두준
29624,메디아 등 10종,해군군수사령부,동덕아크릴
29626,조종화(하계),물자계약팀,영광제화
29628,고무제품류,기동화력계약팀 (구:19.09.16),티케이(T.K)테크
29629,중량랙 등 3종 구매,해군 기동함대사령부,하나유통
29630,덤벨 등 22종 구매,제2002부대,주식회사 아스타
29633,캔오프너 등 546품목 구매,제9196부대,더원상사
29641,"파병부대 주,야조준경 구매",육군군수사령부,에프원 솔루션
29642,창군70주년 기념 배지자석 구매,공군본부,주식회사 두일정보통신
29656,스팀세척기 등 2품목 구매,제9691부대,경기종합상사
29660,바디드라이어 등 542종 구매,제5738부대,드림오피스
29670,"변환기,가속도용 1종",해군군수사령부,메트로마린서비스
29671,롤러 가이드 등 14종,해군군수사령부,이지테크
29673,"압력계, 수직관형 등 27종 구매",해군군수사령부,티에스와이
29688,잠수복 4종 구매(20196223-A),국군재정관리단,성도교역
29689,모바일상품권 구매(20197145-E),국군재정관리단,주식회사 강림테크
29696,전자저울,해군제1수리창,천곡철물상사
29702,압력계지 등 10품목,해군제1수리창,천곡철물상사
29707,육군 비행복(봉제),물자계약팀,주식회사 앤비앤코퍼레이션
29716,전개식셀터 와셔 구매,육군종합정비창,주식회사 스마트론에어
29718,천마 변압기등3종 구매,육군종합정비창,현대파워시스템 주식회사
29723,벨트 컨베이어 구매,육군군수사령부,우성무역
29724,파병부대 고성능 확대경 구매,육군군수사령부,주식회사 피아이에스
29730,제빙기 등 7종(19-14),공군제10전투비행단,더테라시스템
29735,19년 K1A기관단총,유도무기계약팀 (구:19.09.16),에스앤티모티브주식회사
29736,소화기멜빵류,유도무기계약팀 (구:19.09.16),삼부산업 주식회사
29738,해안소초 화장실 개선용 자재 구매,제1607부대,백명종합상사
29739,"시일,평면형 1종",해군군수사령부,미래상사
29750,"면봉,소화기청소용 등 2항목 구매(총포)",육군군수사령부,Basic Korea(베이직산업)
29752,유가족 DNA시료채취 키트 세트 2차 구매,국방부유해발굴감식단,주식회사 이음
29760,'19년 규격관리체계 SW 교체구매(20196185-G),국군재정관리단,(주)에이치알정보통신
29771,고투명 홀더 등 98종,해군본부,가람주식회사
29772,갈퀴 등 11종 구매,제3170부대,플랜비
29785,특수피복비(정비피복류) 계약,육군항공학교,아이지컴퍼니
29786,"냉,난방기 등 7품목 구매 설치",제9181부대,비드코어
29788,GPS 중계기 구매 (20199167-F),국군재정관리단,씨지에스아이티(주)
29791,폴리카보네이트 등 152종,공군군수사령부,주식회사 해강
29793,포스트 잇 등 324종 구매,제8385부대,에프앤비(FnB)
29794,차광막 등 28종,제7001부대,에이치제이시스템
29798,잠바류,물자계약팀,주식회사 앤비앤코퍼레이션
29817,(19-0152)경량 다기능 방탄복 구입,공군제17전투비행단,워크씨엔씨
29820,포병교 본청 주증기 헷다교체 설치납품,육군포병학교,(주)청운
29823,공CD(연질케이스 포함) 등 5품목 구매,제9691부대,칼라투
29824,나졸액 등 61종,제7001부대,이안메디팜
29830,전자 청진기 1항목 구매(총포),육군군수사령부,다얼테크
29834,사각팬티,물자계약팀,주식회사 제일
29835,사각팬티,물자계약팀,주식회사 제일
29837,수동식 골프카 5인승 등 2품목 구매 납품,제9227부대,엠지산업
29840,19-신호용 발생기 구매(20199119-H),국군재정관리단,홍원
29841,19-디지털 공기자료 시험세트 구매(20199118-H),국군재정관리단,에스제이씨(SJC)
29845,잠수장화 1항목 구매,육군군수사령부,주식회사 이음
29846,스텐 방충망 등 43종 구매,제9911부대,광성종합상사
29847,다용도함 등 683종 구매,제9121부대,주식회사 백운테크
29849,심폐소생술 인형 구매,해군제3함대사령부,(주)명문의료기
29852,에어압송탱크 등 75종 구매,제9911부대,유현
29854,날크립(점보) 등 542종 구매,제9911부대,이앤트루
29857,"백면걸레 20,000KG 구매",해군군수사령부,중앙종합상사
29858,"망원경, 직선형(120mm 포미망원경) 구매",육군종합정비창,티케이(T.K)테크
29859,105mm 포미망원경 구매,육군종합정비창,티케이(T.K)테크
29861,세면대 수전 등 66종 구매,자운대근무지원연대,고려종합상사
29862,19-06-181 (비밀파일박스 2종 구매),공군제16전투비행단,헵시바상사
29866,세척복 등 82종,공군군수사령부,시온하이텍
29867,D급 소화기 구매,해군군수사령부,금성종합상사
29880,폭파기 구매,공군군수사령부,에스디유닛
29886,디스크 휠 페이퍼 등 18종 구매 납품,제3283부대,서희산업
29889,자주식 로타리모어 구매 납품,제9227부대,더펜상사주식회사
29898,각티슈 등 412종 구매,해군사관학교,성화종합상사
29901,함장실 3인용 쇼파 수선 등 23종,해군군수사령부,민14테크
29902,19-3-217 / (조달) 3훈비 레그컬 등 16품목 구매,제3훈련비행단,크리스탈정보
29903,19-4차 남자축구 훈련용품(경기분석 프로그램 등 3종),국군체육부대,(주)링크데이타
29905,"감지기,속도용 1종",해군군수사령부,Basic Korea(베이직산업)
29907,축 등 4종,해군군수사령부,세종상사
29929,연마지 등 10품목,해군 기동함대사령부,필근아컴퍼니
29932,초단파 조난통신기 등 10종 구매(20198193-I),국군재정관리단,조인
29946,고압세척기 등 2종 구매,제9911부대,칼라투
29948,통고무 광폭바퀴 등 8종,해군군수사령부,주식회사 엘코
29949,종이박스 등 15종,해군군수사령부,주식회사 백운테크
29955,증류수생산기 2EA 구매,해군군수사령부,NPB타운
29957,온습도기 2종 구매,해군군수사령부,Basic Korea(베이직산업)
29963,캐디마스터 등 3품목 구매 납품,제9227부대,네오상사
29964,"스탠드형 냉,난방기 등 2품목 구매 설치",제9181부대,동탄센트럴의료기
29967,휴대용 X-Ray 촬영기 구매(20197131-F),국군재정관리단,에이엔티코리아 주식회사
29975,"전동기,교류용 1종",해군군수사령부,세종상사
29976,"전자식 도어락 등 44종(19-172,173,176,177)",공군제1전투비행단,주식회사 비와이에이치
29984,단프라 박스 구매,제9181부대,행복
29987,학교교실 디지털화(전자칠판 등)(20196138-G),국군재정관리단,이솔정보통신 주식회사
29989,19년 특수피복(정비복) 구매,제36보병사단,경기종합상사
29996,작동기,해군제1수리창,(주)동건
29997,리코일 아세이,해군제1수리창,삼동유통상사
30001,바 등 6품목,해군제1수리창,반석상사
30002,"하키,배드민턴,양궁부 운동용품(하키화 등 5종)",국군체육부대,쌔미쌔미
30003,스트레처카트 등 3종 구매,제5738부대,주식회사 이수케이
30004,"다기관,배기용 등 8종 구매",해군군수사령부,주식회사 제워디
30007,19년 오리콘 핀(발사용),유도무기계약팀 (구:19.09.16),삼호정밀
30009,00부대 소형 탑승식 청소차 구매,육군군수사령부,주식회사 수성이브이
30011,바디워시 등 15품목 구매 납품,제9227부대,다온
30022,책장 등 6종 구매,해군제3함대사령부,대진이엔지
30024,마사토 1종 구매,제9911부대,제네시스
30031,19-294 습기제거제 등 5품목,공군교육사령부,우성종합상사
30033,힙 어덕션 어브덕션 콤보 1대 구매,재경근무지원대대,도원유통
30047,덤벨 세트 등 14종,해군작전사령부,주식회사 태촌실업
30049,후렉시블닥트 등 39종,해군작전사령부,마니
30052,융융제강 슬래그,해군제1수리창,영동상사
30058,머그컵 구매,해군사관학교,은혜유통
30062,트랜지스터,해군제1수리창,세광철물
30063,엠시세람엘로이,해군제1수리창,한웅종합건자재
30066,바벨 세트 등 19종,해군작전사령부,아라날
30068,HDMI 분배기 등 59종,해군작전사령부,주식회사 우영물산
30069,집성목 등 115종,해군작전사령부,구룡종합상사
30073,워셔액 등 95품목 구매,제9691부대,주식회사백운
30075,개스킷 등 20종 구매,해군군수사령부,영진상사
30077,19-270 헬스기구 11품목,공군교육사령부,고운유통
30081,스텐샤클 등 24품목 구매 납품,제9227부대,아카시아
30087,오링 및 패킹류,기동화력계약팀 (구:19.09.16),한양산업
30090,플러그류,기동화력계약팀 (구:19.09.16),이엘엘테크 주식회사
30101,초자류,기동화력계약팀 (구:19.09.16),주식회사 옵틱라인즈
30103,쇼카드 등 111종 구매 납품,제3283부대,대경산업
30104,아이스 스카프 등 77종 구매 납품,제3283부대,일동테크
30105,코어네트 등 8품목 구매,제9181부대,에이치앤에스코리아
30110,캡 모자등 10품목 구매,제9181부대,디디모바일
30116,(19-081) 전기저항계,공군제5공중기동비행단,(주)한국물류로봇
30117,방진화,공군군수사령부,욱일산업(주)
30119,"열,연기 감지기 등 2종",해군제2수리창,덕신
30120,해군 메탈 콜드컵 등 3종,해군본부,기장유통
30124,"19-조-28, 40 공기청정기등 8종",공군 작사예하 방포사예하 제2여단,성동공조
30126,19-2차 큐브램프 구매,국군지휘통신사령부,휴먼앤매직(H&M)
30127,다기능 프로브(19-155),공군제1전투비행단,주식회사 이음
30132,와셔 등 7종,해군군수사령부,씨티원 경남지점
30136,다기능 프로브(19-155),공군제1전투비행단,주식회사 이음
30140,00부대 고정식 랩핑기 구매,육군군수사령부,한신기계
30143,19-조-35 장가위등 5종,공군 작사예하 방포사예하 제2여단,피엠코리아
30144,주공용피뢰침 등 48종 구매,해군교육사령부,마창종합상사
30147,행사용 연설대 등 4종 제작 납품,국방부계룡대근무지원단,주식회사 티에스
30155,19-전자청진기 등 5종 구매,국군재정관리단,씨티원 경기지점
30157,디지털윤전재료 4종구매,국방출판지원단,주식회사 더그린
30162,19-273 선글라스 등 4품목,공군교육사령부,주식회사고봉
30166,양모빽붓 등 31종,해군군수사령부,영광상사
30171,"슬링, 원형 41EA 구매",해군군수사령부,태영시스템
30173,K10탄약운반장갑차(일반공구),기동화력계약팀 (구:19.09.16),대성기업
30181,해수온도조절발브 1종,해군군수사령부,세진테크
30187,"디스플레이,광전자식 1종",해군군수사령부,세종상사
30189,해충 퇴치기,제7001부대,선우블라인드 커튼
30190,쇼스탑카트리지 등 28종,제7001부대,진성
30196,용수철 지압기 등 224종,제7001부대,씨티원 강원지점
30199,송수화기(H-930K),통신장비계약팀 (구:19.09.16),연합정밀(주)
30205,19-전등 유니트 등 2종 구매(20198102-C),국군재정관리단,아시아산업
30215,0000 법과학 솔루션 구매,국군제1068부대,(주)글로벌텔레콤
30218,19-조-39 파티션등 19종,공군 작사예하 방포사예하 제2여단,주식회사 에스에이리테일
30228,"브래킷,판류",기동화력계약팀 (구:19.09.16),(주)해성로보틱스
30232,[작-19-013]캠코더 구매,공군작전사령부,고은상사
30239,000체계 워크스테이션 구매,제3707부대,"브이테크피아 주식회사 (VTechPia Co.,Ltd.)"
30240,파병부대 청력보호 헤드세트 구매,육군군수사령부,주식회사 성우팜
30245,방현재(선박용) 4점 구매,제9911부대,조은기업
30246,고체풀 등 133종 구매,제5738부대,푸른세상
30249,3/4분기 통합발주,제7001부대,이지테크
30250,시계겸용무선충전기 등 8품목 구매,제9691부대,주식회사 미다스글로벌
30251,특수작전용 칼 구매,제9691부대,태영실업
30252,체스트프레스 등 12종 구매,제8385부대,블루컴퍼니
30254,5단 책장,해군작전사령부,주식회사 명성산업개발
30257,"인식표줄 13,561EA 구매",해군군수사령부,주식회사 전우밀리터리
30259,"판, 명시용 등 18종 구매",해군군수사령부,연승테크
30268,'19년 규격관리체계 주전산기 교체구매(20196073-G),국군재정관리단,주식회사 컴버스테크
30272,판토라인 정 등 172종,제7001부대,도민약품
30274,수전용 플러그 등 9품목,해군제1수리창,금성종합상사
30276,"호스, 성형식 등 23종",해군제3함대사령부,동방종합상사
30278,만능클리너 등 67종,해군제3함대사령부,넥스트목포점
30279,승용차용 리프트(1기) 설치납품,국군체육부대,노브식스
30290,턱 걸이대 구매,해군사관학교,씨티원 경남지점
30291,2공 펀치 등 199종 구매,해군군수사령부,케이-부영
30294,임펙6각빗트 소켓세트 등 312종,해군제2수리창,심플리
30296,이산화탄소 소화기 구매,육군종합정비창,스타CNS
30297,가위 등 321종 구매,제5738부대,세이프부산
30298,기구,제9912부대,주식회사 동영화학
30300,플라스틱 제본링 등 128종 구매,해군제3함대사령부,비드앤드서플라이
30306,[19-1083] 거꾸리 외 21품목 구매 및 설치,공군제17전투비행단,주식회사 서호에너지
30313,스테인리스 주름관 등 251품목 구매,제9181부대,엠디유통
30315,탄약 정비용 자재(오일보드 등 17종) 구매,육군 탄약지원사령부,에이치케이
30321,"여과기,침전물용 1종",해군군수사령부,대양산업
30322,종이컵 등 281종 구매,제8385부대,재경컴퍼니
30323,'19년 이산화탄소 소화기 구매,제28보병사단,에스앤피
30336,19년 철제계급장,물자계약팀,좋아실업 주식회사
30341,코레셔엘리먼트 113EA,제20전투비행단,(주)비아이엔씨
30344,덤벨 등 6종,해군 기동함대사령부,늘풍상사
30345,19-1차 OO체계 운용용품 구매,국방정보본부,선경실업
30348,19-1차 OO체계 운용용품 구매,국방정보본부,선경실업
30356,2겹화장지 등 441종 구매,해군교육사령부,성화종합상사
30357,실내싸이클 등 2종,제7001부대,경북상사
30359,'19년 취사복 등 6개 품목 구매,제7보병사단,삼성오에이
30361,식판회수용 반납카,제7001부대,스타CNS
30366,격발기 등 6종,해군작전사령부,주식회사 동빈글로벌
30367,세비카HCT정 등 97종,해군작전사령부,주식회사 이레팜
30369,19년 부대운영자재 구매,제9965부대,고은상사
30370,추진기 샤프트,해군제2수리창,카라인터내셔널
30373,19년 사진재료 구매(77종),제9965부대,고려종합상사
30374,물티슈 등 306종 구매,제5738부대,기장유통
30378,손세정제 8000EA 구매,해군군수사령부,주식회사 알앤피파트너스
30395,도어록 등 28종 구매,제2002부대,나눔플러스
30401,보안회전문(턴 게이트) 구매 설치,제9181부대,주식회사 서린통상
30404,"방탄판, 레벨IV용",물자계약팀,(주)웰크론
30405,"방탄판, 레벨IV용",물자계약팀,코오롱스페이스웍스 주식회사
30406,"방탄판, 레벨IV용",물자계약팀,(주)웰크론
30407,리테이너류,기동화력계약팀 (구:19.09.16),덕인산업
30408,QR코드 스캐너 등 2종 계약 요청,해군군수사령부,하이토크솔루션
30413,수중용 캠 등 3종,해군작전사령부,뉴노멀산업
30418,전해 셀 등 5종,제7001부대,자인비
30421,3M 테가솝 틴 하이드로콜로이드 밴드 등 79종,제7001부대,에이치필
30422,외래간호 스테이션 등 10종,제7001부대,경남테크
30425,3인용 쇼파 좌판수선 등 7종,해군군수사령부,비케이쓰리(BK3)
30427,RFID 출입증 등 4종,해군작전사령부,주식회사 진성하이텍
30428,스트림 유성펜 등 333종,해군제2수리창,세일상사
30430,가지 등 160품목 구매(연간 단가계약),제9691부대,씨티원 경기지점
30434,터보차져 조립품 등 2종 구매,해군군수사령부,모루상사
30435,19년 2분기 정보통신운영용품 구매,제1군수지원사령부,주식회사 다인
30443,공기청정기 등 2품목 구매,제9181부대,한서유통
30457,브라켓류,기동화력계약팀 (구:19.09.16),주식회사 종한
30465,"부싱,슬리브 등 8품목",해군제1수리창,세광철물
30468,인식표용 튜브 및 고무링 구매,해군군수사령부,주식회사 담이커뮤니케이션
30473,점퍼(동복) 등 3종,자운대근무지원연대,조은기업
30480,아인 지우개 등 228종,해군본부,주식회사 엘케이테크
30484,관이음결합체 15종 구매,육군종합정비창,이지텍
30485,호스 등 73종 구매,육군종합정비창,주식회사 신화
30487,CD라벨 등 41품목 구매,제9181부대,주식회사 정현
30489,워크인쿨러 등 3종 구매(201910040-F),국군재정관리단,삼마상사
30491,"19-151) 정비, 취사피복 구매",수도기계화보병사단,쎄니크린
30492,탄약정비자재 표기용붓(잉크 포함) 구매,육군 탄약지원사령부,주식회사 에코비투
30496,공(연주용) 등 7품목 구매,제9691부대,영화산업
30498,탱크 온수저장용 등 14종 구매,해군군수사령부,주식회사 태촌실업
30499,에어호스등44종 구매,육군종합정비창,디에스산업
30512,친마사 등 2품목 구매 납품,제9227부대,주식회사 누비텔레콤
30515,탄약정비용 자재 58종 구매(20196148-E),국군재정관리단,주식회사 태촌실업
30521,밑바닥부터 시작하는 딥러닝 등 395종,제7001부대,아이테크
30524,보해미안 랩소디 등 189종 구매,해군제3함대사령부,에스에이치상사
30526,시설관리용역 자재/공구 구매,제21보병사단,신우기업(주)
30527,가성소다 등 6종 구매,제5738부대,헵시바상사
30530,제스롱 등 21항목 구매(해파),육군군수사령부,엠앤에스코리아
30531,란시드정 등 69항목 구매(해파),육군군수사령부,(주)석호약품
30532,치간칫솔 등 71항목 구매(해파),육군군수사령부,주식회사 더그린
30539,다목적굴착기 엘보우등8종 구매,육군종합정비창,가온테크
30540,교량가설단정 솔레노이드등4종 구매,육군종합정비창,에스와이테크(SY TECH)
30544,무기고 컨테이너 구매 납품,제3283부대,연천종합물산
30547,동력계산대 구매 (201910042-F),국군재정관리단,(주)다남정보통신
30549,19-2 예비군훈련장 탄두회수함 설치 납품,제5군단사령부,원프로
30550,19년 육성지원 야간투시경 구매,제2군단,알파유통 주식회사
30558,"와이어, 전기용 등 6품목",해군제1수리창,대광종합상사
30562,19-문서고 소방방재시스템 설치납품,국방부계룡대근무지원단,비엠코리아
30564,제빙기 등 19품목 구매,제9691부대,주식회사 가온산업
30571,역지탐지세트 트랜지스터등12종 구매,육군종합정비창,케이에스씨인터내셔날(KSC INTERNATIONAL)
30577,19-UDT 작전화 구매(20198157-G),국군재정관리단,주식회사 해피코리아
30578,모의운전연습기 구매 (20199148-F),국군재정관리단,(주)이노시뮬레이션
30580,알루미늄 쁘띠커터 등 39종,해군제1수리창,반석상사
30583,진공포장기 등 2종 구매,제5738부대,씨티원 경남지점
30585,미싱기 등 3종,해군제3함대사령부,신용상사
30587,예초기 줄날 등 158종 구매,해군제3함대사령부,(유)한일상사
30590,개스킷 등 9종 구매,해군군수사령부,무진통상
30593,"탄약,폭발 볼트용 외 4종",함정계약팀 (구:19.09.16),창진ENG(주)
30597,송수화기(H-940K),통신장비계약팀 (구:19.09.16),신광전자
30599,엑스선기 콜리메타등6종 구매,육군종합정비창,태린메디칼 주식회사
30602,시험기(진동 피로용) 구매(20199147-F),국군재정관리단,주식회사 엠티교역
30607,작업대 1품목 구매(물자),육군군수사령부,한솔통상
30610,추진기 샤프트,해군제2수리창,지니종합상사
30612,"고정물,전등용 1종",해군군수사령부,걸작
30613,메카니컬 실 등 2종,해군군수사령부,대한냉동
30616,"작동기,유압식-공기식,선형 등 3종",해군군수사령부,미래상사
30620,피스톤 등 3종 구매,해군군수사령부,주식회사 엔에이치
30621,피스톤 등 6종 구매,해군군수사령부,와이지마린
30622,"이동용 앰프, 특전단용 1대 구매",해군군수사령부,효선
30640,로잉머신 등 9종 구매,해군제3함대사령부,스카이유통
30643,마루광택기 등 3종 구매,제5738부대,효원
30647,건조기 등 6품목 구매,제9691부대,드림비즈 주식회사
30651,건조필름리더기 1종 구매,해군군수사령부,주식회사 한스피엠아이
30653,정류자 등 3종 구매,해군군수사령부,성광상사
30665,엘보우류,기동화력계약팀 (구:19.09.16),대성정밀주식회사
30668,19-스팀세척기 등 4종 구매(220199135-A),국군재정관리단,위쥬아
30676,해드탭 세트 등 41품목,해군제1수리창,영동상사
30677,고무망치 등 203품목,해군제1수리창,다모아상사
30678,군숙소 방충망 교체,제5738부대,해인유통
30683,U-TYPE 그레이팅 등 2종 구매,재경근무지원대대,강원상사
30684,수군조련도 복제품 구매,해군사관학교,효원
30686,개스킷 등 22종,해군제2수리창,세일상사
30687,워키토키 등 59종 구매,해군제3함대사령부,동서종합상사
30689,육각빠루 등 105종,해군작전사령부,찰스인코리아
30691,수밀패킹 등 5품목,해군제1수리창,삼동유통상사
30693,자동 에어릴 패키지릴 등 31품목,해군제1수리창,영동상사
30694,피치 게이지 등 16품목,해군제1수리창,북평철물
30706,전자저울(30kg) 등 2품목 구매(물자),육군군수사령부,이노템주식회사
30712,19년 전장체계 운용품 구매,국군지휘통신사령부,금강아이티
30716,수영복 등 3종 구매(20196029-D),국군재정관리단,주식회사 동영상사
30718,온열조끼 68EA 구매,국군재정관리단,더원기업
30721,무동력 트레드밀(19EA)구매,해군제3함대사령부,(주)개선스포츠
30725,19년 전장체계 운용품 구매,국군지휘통신사령부,금강아이티
30732,자동화창고관리체계 DBMS 도입,육군군수사령부,선테크 주식회사
30734,손 세정제,공군군수사령부,그린바이오켐
30735,세척솔 등 59종,공군군수사령부,지와이테크놀리지
30737,춘추상의 등 8종 구매,제9911부대,이즈컴넷
30741,레이돔 등 4종 구매,제9121부대,주식회사 더원시스템
30744,슈퍼플로스 등 90종 구매,제5738부대,(주)하이엠디
30745,SUTURE HOOK 등 8종 구매,제5738부대,MK메디칼
30746,아이오반 등 119종 구매,제5738부대,(주)매싼커뮤니케이션
30769,스키고글 등 4종 구매(20198150-F),국군재정관리단,주식회사 쿠미오리
30774,빨래건조대 및 욕실장 구매 설치,공군제11전투비행단,금호석유
30779,고압세척기 등 3품목,제9911부대,이즈컴넷
30782,다웰바스틸폼 등 7종,해군작전사령부,에스케이상사
30797,시발제등2종 구매,육군종합정비창,주식회사 청운이화학
30801,HI-DR조인트 등 351종 구매(19-6),공군제10전투비행단,네오종합상사
30803,플라스틱 패킹,기동화력계약팀 (구:19.09.16),서경켐텍
30806,HI-DR조인트 등 351종 구매(19-6),공군제10전투비행단,네오종합상사
30813,핀류,기동화력계약팀 (구:19.09.16),덕인산업
30814,에어콤프레샤,일반장비계약팀 (구:19.09.16),주식회사 하나티이씨
30815,"벨트,평면형 등 11종",해군군수사령부,제일테크
30819,"링,피스톤용 등 19종",해군군수사령부,안보종합상사
30821,지우개 연필 등 135종,해군본부,엠에스테크
30822,"작동기,유압식-공기식,회전형 등 3종",해군군수사령부,제일테크
30827,원형회전식탁 등 2종 구매,제9121부대,천일주방산업
30829,유압 유니온 1종,해군군수사령부,구륙전기
30845,고무스폰지등13종 구매,육군종합정비창,선우상사
30854,19-메즈게라트 1EA 구매(20199141-G),국군재정관리단,주식회사 엔에이치
30865,"야전배낭(사수, 부사수)",물자계약팀,경창산업
30869,개스킷 등 17품목,해군제1수리창,북평철물
30871,불꽃방지커버 등 63종 구매,제8385부대,더블유에프(WF)시스템
30875,체련단련실 기구 구매,연평부대,주식회사 서린통상
30877,트랜지스터 36EA 구매,해군군수사령부,알파유통 주식회사
30880,[19-1080] 실내자전거 외 55품목,공군제17전투비행단,스카이유통
30881,프로브 핀(100MIL) 바늘타입 등 4종 구매,공군83정보통신정비창,에스씨원(SC1)
30882,전투우의,물자계약팀,희림상사
30884,리프트(구매),일반장비계약팀 (구:19.09.16),(주)만도플라자
30911,"야전배낭(Ⅰ,Ⅱ,Ⅲ형)",물자계약팀,주식회사 나루지엠에스
30914,버클 구매,제3170부대,모로하지
30915,에프시 듀라토프 디피 등 4종,해군제2수리창,대지종합상사
30918,"변환기, 신호용 등 2종",해군제2수리창,지니종합상사
30919,체인 등 9종,제7001부대,가람상사
30921,개스킷 등 7종,해군제3함대사령부,스카이유통
30925,밀링인서트 등 74품목,해군제1수리창,가진테크
30931,컨베이어 작업대 등 2종,해군제3함대사령부,오피스넥스목포영암점
30932,원형자석홀더 등 574종,해군작전사령부,영산스포츠(창원점)
30934,동계취사복 등 6종 구매(중소기업자간 경쟁제품),제3170부대,주식회사 나루지엠에스
30941,플러그 등 12종 구매,해군군수사령부,주식회사 지에이
30951,파노라마식 망원경(방산),기동화력계약팀 (구:19.09.16),(주)우경광학
30953,냉온겸용 배식대 2종 구매,해군 기동함대사령부,로이스틸코리아 주식회사
30956,"레버, 역회전 균형용",일반장비계약팀 (구:19.09.16),평화정밀
30961,25. 쇼핑타운 손 건조기 등 34종 구매,국군복지단,세움
30962,쇼핑타운 오픈케이스 등 7종 구매,국군복지단,(주)한일
30964,벽붙이한개레버식혼합수전 등 14품목 구매 납품,제3283부대,동아유통
30973,교판류,일반장비계약팀 (구:19.09.16),전일목재산업 주식회사
30976,바벨세트 등 2종,해군작전사령부,서플라이 플러스
30979,플라스틱 표적지 750개,해군작전사령부,씨에스시스템
30981,그린모아(승) 등 7종,제7001부대,(주)텍스코
30994,[19-1068] 중량봉 외 15품목,공군제17전투비행단,삼성기전 주식회사
30995,"[19-1055,1056] 헤드셋 외 1품목",공군제17전투비행단,드림비즈 주식회사
30996,(19-1067)아연도금각관외 80품목,공군제17전투비행단,금성종합상사
31001,고무롤 등 5품목 구매 설치,제3283부대,서진산업
31003,방화복 등 5종 구매,국방부근무지원단,이스트트레이딩
31006,방폭담요 구매(20196130-E),국군재정관리단,주식회사 네오젬
31009,00부대 동원훈련장 사격장바닥 탄성매트 설치납품,육군 제37보병사단,(주)대건씨앤엘
31010,탄약지원물품 7종 구매,공군제11전투비행단,한국씨엔에스
31011,물류관리라벨 등 637종 구매,해군군수사령부,가람상사
31015,작전재료 9종 구매,육군 제1군단,비와이테크
31016,자외선 램프 등 31종,해군군수사령부,하늘유통
31017,정착기 등 4종,해군군수사령부,주식회사 복은
31023,트랜지스터 1종,해군군수사령부,미래상사
31027,도마 등 48종 구매,제9911부대,신경기산업(주)
31030,19-조종사 생환훈련정 2차 건조(20199098-C),국군재정관리단,광동에프.알.피산업
31036,전운대대 조리대 등 53종(19-101(1),공군 제8전투비행단,청정
31038,승조원식당 테이블수선 등 33종,해군군수사령부,에스알
31040,"자수패치 열쇠고리 5,000개",해군본부,제이에스(JS)팩토리
31042,공업용랩 구매,해군군수사령부,마니
31043,디지털도어락 137점 구매,제9911부대,디라이트전자
31045,설민석 조선왕조실록 등 17종 구매,제9911부대,송도컴퍼니
31047,휴대폰 보관함 3종(8EA) 구매,제9121부대,오피스브릿지
31051,접지플러그 등 30종(19-136),공군제1전투비행단,드림디포 비아점
31064,고압세척기 등 3품목 구매,제9181부대,이즈컴넷
31066,19-05-128 (드라이기 등 5종 구매),공군제16전투비행단,삼성교재사
31069,전자유도 승용식 골프카 구매(20198155-I),국군재정관리단,(주)신대한관리
31079,00부대주특기훈련장강박스제작및설치납품,제1보병사단,북소
31090,부력방탄복,물자계약팀,코오롱인더스트리(주)FnC부문
31092,냉동기세트1.5톤,함정계약팀 (구:19.09.16),신라이앤티 주식회사
31096,엔클비액 40ml 등 87종 구매,제2002부대,제이메디케어
31099,계룡지역 출입통제체계 교체(리스물건)(201910024-A),국군재정관리단,주식회사 나이콤
31106,19년 오리콘 송탄기,유도무기계약팀 (구:19.09.16),삼호정밀
31112,DVD(감기 등 61종)구매,해군사관학교,대광산업
31114,레이저포인터 등 455종 구매,제5738부대,신신교역
31115,휴대폰 보관함,제7001부대,주식회사 엔에이치
31117,해군 개선바클 8215EA 구매,해군군수사령부,매쉬미디어(주)
31118,초음파세척기 2대 구매,해군군수사령부,(주)디에스인프라
31123,19-184 와이어 트래커 등 17종 구매,공군사관학교,제이앤제이
31126,19년 25파운드 연습탄,유도무기계약팀 (구:19.09.16),창성기업
31127,비행복,물자계약팀,성지EMB
31149,해상작전화 등 10품목 구매,제9181부대,샤밧살롬
31154,"클램프,호스용 등 47항목 구매(일장)",육군군수사령부,용진H&C
31155,19년 버클류,물자계약팀,상신비앤비
31157,19년 방상외피 해병대용 원단,물자계약팀,티에이케이텍스타일 주식회사
31164,황동육각 등 33종,해군제3함대사령부,신용상사
31165,"씨트, 기계식 시일용 등 31종",해군제3함대사령부,삼호자원
31167,갈퀴 등 161종 구매,해군제3함대사령부,(주)동양화학
31172,치닝디핑 등 13종,해군작전사령부,선진
31176,분리형 들것 등 2종 구매,제9911부대,주식회사 정운
31184,10톤 가레이지 쟉키 등 5품목 구매,제9691부대,미래산업
31186,증류수생산기 2대 구매,해군군수사령부,주식회사 아쿠아텍
31192,19년 CSRP 시초자 구매,국군화생방방호사령부,미라클사이언스
31196,각도표시기 구매,육군종합정비창,인터콤전자(주)
31199,훈련교관 티셔츠 등 37품목 구매 납품,제3283부대,오피스디포영천점
31202,평가형 심폐소생술 마네킨,국군의무학교,성도
31203,예초기 등 2품목 구매 납품,제3283부대,드림오피스
31206,발생기(펄스용) 구매(20199108-F),국군재정관리단,대길상사
31208,프로브 핀(100MIL) 바늘타입 등 4종 구매,공군83정보통신정비창,지앤와이일렉텍(주)
31210,첼라 등 67종 구매,제9911부대,이터널
31211,생록천 등 83종 구매,제9911부대,주식회사 아리제약
31212,도전성 고무판 등 37종 구매,제9911부대,더에스컴퍼니
31213,알루미늄 합금판 1종,해군군수사령부,동우철강(주)
31215,(19-154)[수송] 후방감지기 등 7종,공군제5공중기동비행단,경북상회
31226,활주로 진공청소차,일반장비계약팀 (구:19.09.16),신정개발특장차 주식회사
31233,CNC선반 대형 구매설치(20196083-E),국군재정관리단,주식회사 삼도통신
31240,고지가위 등 9종,제7001부대,씨티원 경남지점
31244,수리부속 - 연료휠타 외 98종,공군제19전투비행단,소망상사
31245,전기레인지 등 2품목 구매,제9해병여단,하나유통
31246,공업용 유압소바 등 6품목,해군제1수리창,영동상사
31249,수중용 캠 등 2종 구매,해군군수사령부,주식회사 이음
31250,코팅납(2KG) 등 3종 구매,해군군수사령부,도담테크
31259,TA-512KA,통신장비계약팀 (구:19.09.16),한국전기통신주식회사
31271,안테나(URC-106),통신장비계약팀 (구:19.09.16),엠씨에스테크 주식회사
31287,19-109 워크스테이션 등 3품목 구매,공군교육사령부,제이앤제이
31301,"방현재, 선박용 등 2종 구매",해군군수사령부,디피 코퍼레이션(DP corporation)
31303,브이밸트 등 15종 구매,해군군수사령부,한성
31304,다중계기 1종 구매,해군군수사령부,서화테크
31306,"(F008,9)소모성자재(GUC),Compound,Cleaning외36품목",공군제17전투비행단,주식회사 한신사이언스
31307,19-155 신발장 등 4종 구매,공군사관학교,주식회사 태경오피스
31308,시험세트 전기 계기용 구매,공군군수사령부,세인교정기기(주)
31320,고속단정(해병대용),함정계약팀 (구:19.09.16),주식회사 반도마린
31322,낫 등 37종 구매,제2002부대,주식회사 삼성육운
31327,적외선 분광계 구매(20196089-C),국군재정관리단,주식회사 화정산업
31328,19-신호용발생기 등 4종 구매(20199116-A),국군재정관리단,씨지에스아이티(주)
31334,19년 전반기 00체계 운용품 구매,국군지휘통신사령부,주식회사 이음
31337,칫솔케이스,공군군수사령부,PHOTOhi
31346,조립식 지퍼 슬라이더 등 19종,해군군수사령부,씨티원 경남지점
31348,저울 구매,제3170부대,선혜상사
31350,"계기, 특수눈금용 등 8종 구매",해군군수사령부,유피엠아이
31353,방화벽 등 3품목 구매(근-19-038),공군작사근무지원단,(주)마루텔레콤
31355,19-202 메인스피커 등 3품목,공군교육사령부,위팩트(WIFECT)
31357,오링,항공기계약팀 (구:19.09.16),서경켐텍
31358,하네스류,기동화력계약팀 (구:19.09.16),대호정기(주)
31360,전기렌지 구매 설치,제9181부대,바이시스(Byciss)
31362,작전용 헤드폰 등 4종 구매(20197108-D),국군재정관리단,주식회사 화정산업
31366,플렌지류,기동화력계약팀 (구:19.09.16),평화정밀
31369,승조원침실 서랍레일 수선 등 5종,해군군수사령부,가진테크
31370,초음파용 사각탐촉자 등 43종,해군군수사령부,에스와이테크
31372,장교학군단후보생 정복견장 등 8종 구매,해군교육사령부,행복유통
31376,해병이 탈 제작,제7001부대,대광산업
31377,2019년 정비피복 구매,제1891부대,강일에스티
31379,부대운영자재,공군제19전투비행단,동하산업종합
31383,스포이드 등 4종,해군제2수리창,칼라투
31385,알루미늄 합금판 등 2종,해군제2수리창,칼라투
31388,업무용 우의 등 25종,제7001부대,장복종합상사
31392,식탁,물자계약팀,주식회사 디에스나이키
31401,"호이스트, 체인식",기동화력계약팀 (구:19.09.16),디씨에이치(주)
31404,수입봉류,기동화력계약팀 (구:19.09.16),대성테크
31406,스텐샤클 등 4품목 구매 납품,제9227부대,아누바이오
31415,정글모,공군군수사령부,성지EMB
31416,빨간 마후라 목티 5종,공군군수사령부,주식회사 대창티앤비
31417,식기소독보관함류,물자계약팀,한국케이엔티(주)
31423,독서대 등 97종,해군본부,엠에스테크
31430,헤드라이트 수중용 1종 구매,해군군수사령부,주식회사 복은
31432,"벨트, V형 등 24종 구매",해군군수사령부,희원
31433,00부대 동원훈련장 탄두회수함 설치납품,육군 제37보병사단,최고상사
31456,시안측정키트 등 22종,제7001부대,한길
31457,00부대 통신운영용품 구매,국군제1068부대,남양상사
31460,19-181 황사마스크,공군교육사령부,주식회사고봉
31461,경고등 27EA 구매,제9121부대,주광유통
31462,의사봉 등 128종 구매,제5738부대,푸른세상
31467,봉합링 등 8종 구매,해군군수사령부,주식회사 천명
31476,헬멧부속재,물자계약팀,삼덕상공(주)
31483,나프탈렌드 8종 구매(19-12),공군제10전투비행단,루비셀
31485,자동화창고관리체계 주전산기 교체(20196091-G),국군재정관리단,(주)디투이노베이션
31491,UPS산업용 20KVA 등 3종,해군본부,국제통신전기주식회사
31492,예비군 총기손질정비실 구매,제36보병사단,서원컨테이너하우징
31495,(19-0082)구조 전술화 구매,공군제17전투비행단,주식회사 전우밀리터리
31496,박스형 호스릴 등 132종 구매,해군교육사령부,스피드광고
31501,"판,안내용 등 4종",해군군수사령부,강일에스티
31507,마포대 등 304종 구매,해군교육사령부,주식회사도영디와이
31510,초강력곰팡이제거제 등 270종 구매,해군교육사령부,라온상사
31516,커플링 등 15종 구매,해군군수사령부,(주)선일에스엠티
31517,2019년 알루미늄목발 구매,국군의무사령부,(주)이삭메디칼
31519,19-1차 통합구매(야간투시경),제1989부대,주식회사일신씨엔엠
31526,19제논탐조등,일반장비계약팀 (구:19.09.16),대양전기공업(주)
31529,"플런저, 신속분리식",기동화력계약팀 (구:19.09.16),대성정밀주식회사
31536,에어자동유닛세트 등 12품목 구매 납품,제9227부대,성형산업
31545,유성펜 등 657품목 구매,제9181부대,주식회사 서린통상
31555,요대류,물자계약팀,삼부산업 주식회사
31557,소파 수선 등 9종,해군군수사령부,(주)모던애드
31561,방안자 등 31종 구매,제8385부대,드림오피스 북원주점
31562,육상전원 리셉터클 등 26종,해군제3함대사령부,오피스넥스목포영암점
31565,형광줄자 등 258품목 구매,연평부대,블루윈（BlueWin）
31569,커넥터 등 145종 구매,제5738부대,서아유통
31576,독신숙소 분리수거장 자재구매/설치,국군의무사령부,영화산업
31584,소 백신 등 43항목 구매(해파),육군군수사령부,엠앤에스코리아
31596,기능성전투화,물자계약팀,(주)트렉스타
31597,19년 수입솔류,유도무기계약팀 (구:19.09.16),테크노와이시스템주식회사
31598,유체정역학유니트 등 16종 구매,해군군수사령부,서진디스플레이 주식회사
31599,포장 및 치장재료 구매,공군제11전투비행단,성봉종합상사
31602,트랜듀서 등 3종,해군제2수리창,경기종합상사
31609,(조달)3훈비 살충제 등 10품목(19-2-117)구매,제3훈련비행단,오피스디포사천점
31614,"등,선박항해용 등 15종 구매",해군군수사령부,소올산업
31616,흑색두건 등 11종 구매,해군군수사령부,주식회사 성신양행
31618,오링 및 개스킷 류,함정계약팀 (구:19.09.16),삼일정공
31620,폴리이미드TAPE 구매,육군종합정비창,디엔테크
31621,발칸 가죽끈 구매,육군종합정비창,（주）씨앤에스코리아（CNS KOREA）
31622,발칸 격리애자등16종 구매,육군종합정비창,진광사
31623,발칸 링등12종 구매,육군종합정비창,협신정밀
31625,발칸 저항기등2종 구매,육군종합정비창,씨앤지인터내셔널
31634,(19-0086)위험물 보관함외 5품목,공군제17전투비행단,씨에이치에이
31635,디스크 전극 등 15종,해군제1수리창,세광철물
31636,전동식차광막 구매 및 설치,공군제11전투비행단,에이치컴퍼니
31640,해수감압변 등 19품목,해군제1수리창,세광철물
31644,하부스러스트 등 37종,해군제3함대사령부,승리종합상사
31653,K-55 리테이너,기동화력계약팀 (구:19.09.16),삼일정공
31655,RF 파워 메타 등 2종 구매,제20전투비행단,이현테크
31657,"대테러복, 특전작전용",물자계약팀,주식회사 동곡
31658,소화기멜빵류,물자계약팀,주식회사 킴블스
31680,콤프레샤등 36품목 구매,제9196부대,태경산업
31681,철띠 등 217종 구매,해군제3함대사령부,오피스넥스목포
31682,19년 헬멧위장포,물자계약팀,성지EMB
31689,싱크원홀 코브라 등 107종 구매,제9911부대,믿음상사
31690,기타유지물자 및 탄약관리물품 구매계획,제6128부대,한길
31699,"퓨즈, 통형 등 14종 구매",해군군수사령부,반석상사
31702,1.5m 메탈호스 등 540종,해군군수사령부,주식회사 예운
31703,6각 빗트소켓 세트 등 754종,해군군수사령부,주식회사우정상사
31704,여과기보형물 방진마스크 등 91종,해군군수사령부,주식회사 부강이엔지
31707,"방현재,선박용",일반장비계약팀 (구:19.09.16),삼일정공
31708,"4,000G/A 유조차",일반장비계약팀 (구:19.09.16),주식회사 이엔플러스
31709,계산척,기동화력계약팀 (구:19.09.16),두방산업주식회사
31712,KF-16 성능개량 보관대 및 작업대 제작 재료,공군군수사령부,주식회사 에이원
31713,냉동기세트(2톤),함정계약팀 (구:19.09.16),신라이앤티 주식회사
31714,목도리,물자계약팀,주식회사 킴블스
31731,19년 방상외피 원단,물자계약팀,티에이케이텍스타일 주식회사
31744,19-RFID체계 소모자재 구매,국군재정관리단,주식회사 이앤아이
31756,에어다이그라인더 등 26종,해군제2수리창,주식회사 승지산업
31759,19-191 ABS도어 등 7품목,공군교육사령부,주식회사 진주넷
31763,AFG그립 등 3종 구매,제9911부대,불토스
31767,SSD 256G 구매,제9691부대,영화산업
31770,피니언 세트 등 2종,해군군수사령부,제일테크
31772,Network storage device replication solution 1종,해군군수사령부,애니테크
31775,19-1차 통합구매(완전군장),제1989부대,주식회사 한웅
31783,면보루 등 18종 구매,공군군수사령부,용산전자통신
31787,간호복(체촌),물자계약팀,주식회사 나루지엠에스
31796,천마 시일등5종 구매,육군종합정비창,현대정밀가스켓
31797,항 19-062 청각보호용 귀마개 구매,공군사관학교,주식회사 제이에스원
31800,19-05-111 (스텐잔넬 등 5종 구매),공군제16전투비행단,주식회사 문화이야기
31801,19-04-107 (양변기 등 3종 구매설치),공군제16전투비행단,광장서점문구
31802,쇼바 등 6품목 구매,제9181부대,엠에이치케이(MHK)
31804,파티션 클립 등 184품목 구매 납품,제3283부대,주식회사 문화이야기
31805,통신대대 등 3개소 온수탱크 등 설치납품,육군제53보병사단,온나라물자조달 주식회사
31810,방화복,공군군수사령부,디와이테크
31811,19년 포제계급장,물자계약팀,주식회사 흥선
31812,방한화,물자계약팀,주식회사 익산하이테크
31816,19년 발칸용 망원경,유도무기계약팀 (구:19.09.16),(주)우경광학
31818,"암,조준구 연장대 뭉치용",기동화력계약팀 (구:19.09.16),디씨에이치(주)
31821,롤러가이드 등 8종,해군군수사령부,세현종합상사
31832,스마토 바이스 등 31종 구매,해군제3함대사령부,스카이유통
31840,조끼 및 두건 등 2종 구매,해군군수사령부,(주)모던애드
31842,도로획선기 등 3종 구매,해군군수사령부,씨티원 경기지점
31844,해상호크나이프 98EA 구매,해군군수사령부,유진상사
31845,잠수 작업화 150PR 구매,해군군수사령부,주식회사 광원종합상사
31853,감마린디액 등 98항목 구매(해파),육군군수사령부,(주)석호약품
31856,헌병완장 등 3품목 구매(물자),육군군수사령부,토우산업개발 주식회사
31858,"(19-F007)소모성자재(GUC), Topcoat, Epoxy외 12품목",공군제17전투비행단,더펜상사주식회사
31859,어댑터 및 커플링류,기동화력계약팀 (구:19.09.16),하이펙 주식회사
31860,00부대 민영관사 씽크대 설치납품(근-19-003),공군작사근무지원단,우리산업
31861,소화약제(분말소화기3.3KG 등 9종) 구매,국방부근무지원단,나래컴퍼니
31862,황사마스크(미세먼지마스크) 구매 납품,제3283부대,문테크
31865,열교환기 등 2종 구매,해군군수사령부,에스와이테크
31867,치약 구매,제3170부대,민영상사
31868,제한기 유니트 등9품목,해군제1수리창,제이테크
31873,뱃지 홀더세트 245품목,해군제1수리창,오피스상사
31881,격막,함정계약팀 (구:19.09.16),호승기계
31888,TMK-ME MEDIC PACK 등 8종,국군의무학교,주식회사 제이엠메디칼
31894,공업용 아세톤 등 2종,공군군수사령부,주식회사 에이에스씨
31939,결재판 등 341종 구매,해군제3함대사령부,마이크로트렌드
31945,스미스머신 등 38품목 구매,제9해병여단,주식회사 테크원시스템
31946,압력계 등 25종 구매,해군군수사령부,동진기업
31983,용접복,물자계약팀,주식회사 킴블스
31995,심폐소생술 마네킹 구매,해군 기동함대사령부,하나유통
31999,진공부목(중)등 6종,국군의무학교,(주)한일종합상사
32003,X-선 세트 구매(20199101-F),국군재정관리단,나우주식회사
32008,전투용탄약운반장구,물자계약팀,삼광기계제2공장
32009,다목적 외투,물자계약팀,희림상사
32013,화장지 등 53종 구매,재경근무지원대대,NPB타운
32019,에어라쳇 등 27종 구매,제5738부대,드림오피스
32027,"브러시,전기 접점용 330EA 구매",해군군수사령부,주식회사 우진텍
32033,"등, 연장형 70EA",해군군수사령부,케이에이치필룩스 주식회사
32034,"걸쇠,테두리용 등 12종 구매",해군군수사령부,보고통상
32040,"회전자, 전동기용 10EA 구매",해군군수사령부,주식회사동양엔지니어링
32041,무선단자세트 등 24종 구매,해군군수사령부,대양전기공업(주)
32044,(19-1033)외장하드 케이스외 50품목,공군제17전투비행단,씨엠컴퍼니
32045,19-154 광융착접속기,공군교육사령부,우리윈시스템 주식회사
32046,19년 흉장 및 예비군마크,물자계약팀,주식회사 킴블스
32049,스웨터,물자계약팀,(주)보광아이엔티
32050,"표시기,점검,액체용",함정계약팀 (구:19.09.16),서우정밀
32055,"연장기, 경고등용",기동화력계약팀 (구:19.09.16),태륭산업기계
32056,다용도함 등 63품목 구매,제9181부대,픽하이
32057,드라이기 등 6품목 구매,제9181부대,불토스
32062,19-안트라사이트 등 3종 구매(20198124-G),국군재정관리단,주식회사 애사랑
32064,숟가락 등 6종 구매 (20198087-F),국군재정관리단,엠제이원
32067,19-다기능제작머신 구매,국군재정관리단,유한회사 한빛기업
32075,빨간 머플러,공군군수사령부,좋아실업 주식회사
32076,베개피,공군군수사령부,주식회사 폴콜렉션
32077,베개,공군군수사령부,세원상사
32083,잉곳 등 37품목,해군제1수리창,다모아상사
32091,납추 셋 1종 구매,해군군수사령부,퍼스트지비(FGB)
32094,브러시 등 2종 구매,해군군수사령부,주식회사 우진텍
32097,"(19-F006)소모성자재(GUC), Tape, Masking 1/4 in",공군제17전투비행단,주식회사 유니팜텍
32101,호로대,일반장비계약팀 (구:19.09.16),주식회사 우창
32105,하네스류,일반장비계약팀 (구:19.09.16),대호정기(주)
32108,평가형 심폐소생술 마네킨 등 2종,국군의무학교,성도
32116,커넥터 등 202종,해군 기동함대사령부,오름
32124,19년 발칸용 아크릴,유도무기계약팀 (구:19.09.16),대광테크
32127,크라운 리무버 등 47종 구매,해군제3함대사령부,명지사
32128,오븐기(오븐팬 포함)등 2종 설치납품,국방부계룡대근무지원단,삼일주방시스템
32131,격자삼나무파티션 등 15종 구매,제9691부대,주식회사 로뎀하이텍
32133,보급과-9 병 휴대폰 보관함 구매,제9911부대,준산업
32139,액상황산알루미늄등13종 구매,육군종합정비창,마창케미칼 주식회사
32140,레진코라셋등5종 구매,육군종합정비창,주식회사 청운이화학
32146,고압세척기 등 98종 구매,자운대근무지원연대,은아상사
32152,패킹 등 5품목,해군제1수리창,북평철물
32154,"잉곳, 주석-청동용 등 10종",해군제2수리창,대지종합상사
32156,19-9차 육성지원품 구매(위장포 등 7종),육군 52보병사단,바울기획
32157,경광등 등 145종 구매,제5738부대,티씨씨엔지니어링(주)
32159,구조용 헬멧 76EA 구매,해군군수사령부,우성무역
32172,'19년 정비피복(동·하정비복 등 6종) 구매,5군수지원사령부,주식회사 보니스
32175,19년 태극마크,물자계약팀,주식회사 킴블스
32181,고무줄 구매,제3170부대,성형산업
32182,물티슈 등 690종,해군작전사령부,지앤디(GND)
32184,19년 정비피복류(정비복 등 3종) 구매,수도방위사령부,애드해피
32185,역도부 운동용품(역도복 등 6종),국군체육부대,석진메드
32189,슈퍼클립 등 258종,해군작전사령부,주식회사조은기업
32190,PVC열린케이스 등 103종 구매,제3170부대,이지시스템(EG system)
32197,탄약고 무선비상벨 설치납품,수도군단,주식회사 하이패스텔
32204,송수화기(핸드셋트류),통신장비계약팀 (구:19.09.16),신광전자
32210,표정지(제도지),기동화력계약팀 (구:19.09.16),주식회사 제이에프
32213,발칸 브러쉬 구매,육군종합정비창,현대정밀가스켓
32218,"냉,난방기 등 2품목 구매",제9181부대,주식회사백운
32223,00부대 자동화창고용 표준파레트 구매,육군군수사령부,주식회사 더블유에셋피플
32224,가죽잠바,물자계약팀,주식회사 금조디앤에스
32231,"손수레, 손수레바퀴 구매",제3170부대,대성엔지니어링
32232,'19년 ATCIS 운용용품 구매,제28보병사단,금성PVC철물건재
32236,홀컷터 등 130종 구매,제8385부대,상승물산
32237,스텐 용접 엘보 등 15품목,해군제1수리창,제이테크
32239,"브러시, 전기, 접점용 등 25종 구매",제9121부대,세종상사
32244,호스류,함정계약팀 (구:19.09.16),건일테크
32245,19년 정모류,물자계약팀,삼진제모(주)
32259,바디워시 등 15품목 구매 납품,제9227부대,시엘아이템(CL Item)
32271,시동독신숙소 등 2개소 자산취득 구매,제11기동사단,주식회사 더블유제이 물산
32272,각티슈,공군군수사령부,(주)메들린
32273,수입지 및 수입포,물자계약팀,(주)동인산업
32274,전투조끼류,물자계약팀,엠플러스에프엔씨 주식회사
32276,"표본수집키트,화학작용제용",일반장비계약팀 (구:19.09.16),영원과학주식회사
32278,Charging Corona Unit 등 22종,해군본부,시소커뮤니케이션
32279,점보크립 등 51종,해군군수사령부,효원
32281,디지털 캠코더 등 2종,해군작전사령부,주식회사 백운테크
32286,휴대폰보관함 등 4종 납품 설치,제8385부대,주식회사 엔에이치
32287,무균채수팩 등 341종,제7001부대,삼우메디칼(주)
32291,검시험기 1EA 구매,해군군수사령부,강원상사
32292,"시일, 평면형 등 14종 구매",해군군수사령부,조강테크
32293,"게이지,압력측정용,문자판식 등 15종",해군군수사령부,티에스케이
32294,샤워타월 등 2종 구매,해군군수사령부,애경상사
32296,가단샤프트 1종,해군군수사령부,엠앤티 M&T
32305,19년 인공위성 사진 구매,제9965부대,(주)지오셋아이
32309,'19년 정비피복 계약의뢰,제1288부대,씨티원 경기지점
32310,"케이스,광학기구용 등 2항목 구매(총포)",육군군수사령부,대성테크
32315,살포기,제20전투비행단,(주)두빛플러스
32323,K711A1 주축등6종 구매,육군종합정비창,조강테크
32330,19-견식줄 등 19종 구매(20198094-H),국군재정관리단,씨앤디아이 주식회사
32334,지주간판 자재 제작설치,국방부계룡대근무지원단,현대상사
32338,거꾸리 등 3종 구매,제3170부대,중앙종합상사
32343,도어락 등 36종 구매,제8385부대,JW종합상사
32346,가열교반기 구매,해군사관학교,칼라투
32348,국기검 시험재료 140종 구매,육군 제1군단,주식회사 로뎀하이텍
32352,딤섬 구매,해군군수사령부,삼진유통
32354,미세먼지 방지마스크 등 9종 구매,제9911부대,주식회사 제일피알강남
32358,덴티스테 치약 등 55종 구매,제5738부대,미림교역
32360,CONTAINER 등 10종 구매,제5738부대,MK메디칼
32366,손세척대 2EA 구매,해군군수사령부,씨티원 경기지점
32368,"확성기,영구자석식",통신장비계약팀 (구:19.09.16),주식회사 고려티에스아이
32369,19년 육군베레모,물자계약팀,삼진제모(주)
32371,선박 엔진 정기수리 용역,제9965부대,기성마린
32376,표시기. 시간 합계식,기동화력계약팀 (구:19.09.16),한성정공
32392,19-군견사료 구매(20199090-C),국군재정관리단,주식회사 창민산업
32398,구두솔 등 5품목 구매(20199076-F),국군재정관리단,주식회사 베레쉬트
32403,19년 해/공군 전투모,물자계약팀,주식회사 중앙양행
32423,이동형작업대 등 22종,해군제2수리창,모빅
32430,방독정화통 등 30종,해군제3함대사령부,승리종합상사
32436,형광램프 등 168종 구매,제9691부대,씨티원 경기지점
32440,3Q 입체형 마스크 등 47종,해군군수사령부,(주)원진
32444,방탄방패 등 2품목 구매(물자),육군군수사령부,에스제이씨(SJC)
32459,시험대(전기전자식) 구매(20199082-E),국군재정관리단,에스텍아이앤씨 주식회사
32463,"요대, 디지털무늬",물자계약팀,삼부산업 주식회사
32464,사병외투,물자계약팀,(주)동명양행
32467,넘버열쇠 등 697종 구매,제9121부대,케이에스상사
32470,19-조-18 쿠션매트등 2종,공군 작사예하 방포사예하 제2여단,구름
32471,"(19-117) 시험세트, 응답기 세트용 등 1품목",공군제5공중기동비행단,주식회사 에이치투엘테크놀로지
32473,분사식살충제 등 9종(19-80),공군제1전투비행단,에녹스
32475,개스킷 등 4종,해군군수사령부,메트로마린서비스
32477,중자건조로 1EA 구매,해군군수사령부,오토테크
32482,"간격유지기, 고리형 등 3종 구매",해군군수사령부,하나테크
32483,자물쇠통 등 2종 구매,해군군수사령부,유한회사 엔디클릭
32501,라인라이트등 11종구매(20198120-I),국군재정관리단,에스엘(SL)상사
32504,"계수기(전자식,숫자판독식)1종구매 (20199075-F)",국군재정관리단,인테그라시스템 주식회사
32510,19년 제동유교환유니트,물자계약팀,한성정공
32511,19년 방상내피 봉제 경쟁분,물자계약팀,삼한섬유
32512,19년 방상내피 원단(퀼팅원단),물자계약팀,주식회사 예일물산
32513,19년 방상외피 봉제 경쟁분,물자계약팀,삼한섬유
32514,19년 방상외피 체촌,물자계약팀,희림상사
32518,격발기 등 2종,해군작전사령부,신동하이텍
32519,유니온 티 등 71종,해군작전사령부,동아스포츠
32522,실버크립 등 113종 구매,제3170부대,광장서점문구
32527,"케이스,비설치형 나침판용 등 3항목 구매(총포)",육군군수사령부,대호정밀
32562,LDAP SW 교체 구매(20190606-G),국군재정관리단,(주)조은코디스
32568,개선 안면마스크,물자계약팀,삼덕상공(주)
32569,19년 공군 간부 정복 근무복 초도,물자계약팀,희림상사
32570,19년 해군해병 간부 정복 근무복 초도,물자계약팀,희림상사
32578,알곤 등 7종 구매,제8385부대,해동가스(주)
32581,공기매트 등 4종,해군작전사령부,영성기업사
32582,휴대폰 보관가방 90개,해군작전사령부,케이-부영
32585,네임펜 등 163품목 구매,제9해병여단,신제주스포츠
32586,샤워수전 등 176품목 구매,제9해병여단,제이알사이니지(주)
32588,디스플레이 유닛 1종,해군군수사령부,세종상사
32589,카플링 등 2종,해군군수사령부,주식회사 영남테크
32593,대기용 활성탄 등 26종,해군군수사령부,창신풍력이엔지 주식회사
32596,개스킷 등 9종 구매,해군군수사령부,보고통상
32601,교량가설단정 소화기 구매,육군종합정비창,세진테크
32605,취사용(HACCP용) 앞치마,공군군수사령부,(주)성원
32612,승용형 제초트랙터 하우징ASSY 등 55종 구매,제9911부대,한창CM
32614,휠자석 등 91종 구매,제9911부대,초코인터내셔널 주식회사
32615,보안필름 등 51종 구매,제9911부대,프라임테크
32616,면도기 등 35종 구매,제9911부대,아이디통상
32619,2/4분기 통합발주,제7001부대,찰스인코리아
32620,미세먼지 마스크 KF94 구매,제3보병사단,웅진
32625,19-방공관제사-04(접지시험기),공군방공관제사령부,kh시스템
32628,연마지 등 19품목,해군제1수리창,천곡철물상사
32629,안전관리용품(방진마스크 등 35종) 구매,국방부계룡대근무지원단,진영상사
32630,액상구리스 등 40종 구매,제5738부대,광장서점문구
32660,탄약 정비자재(백색추진장약보호캡 등 3종) 구매,육군 탄약지원사령부,주식회사 범만테크
32662,19년 인식표,물자계약팀,보성금속
32663,19년 공군 사병 근무복 체촌,물자계약팀,주식회사 삼환티에프
32664,19년 해병 사병 근무복 체촌,물자계약팀,주식회사 앤비앤코퍼레이션
32665,19년 해군 사병 정복 체촌,물자계약팀,주식회사 무궁화용사촌에프앤씨(F&C)
32671,"문화상품권(1,115매) 구매",해군본부,드림으뜸상사
32672,"시일,평면형 등 2종",해군군수사령부,수연상사
32675,'19년 정비 및 취사피복(신발 등 장구류) 구매,제28보병사단,이즈컴넷
32682,미세먼지 방지마스크 구매,제1607부대,명인정밀
32684,육상 수전용 터미널(400A) 1종,해군군수사령부,세종상사
32686,"벨트,V형등 6항목 구매(궤도)",육군군수사령부,청원테크
32687,"19년 추출기, 콘넥타용",물자계약팀,주식회사 한국건설기계
32689,식관,물자계약팀,대일스텐
32691,오리콘 팩킹등24종 구매,육군종합정비창,주식회사 티앤피
32694,19년 육군 정복/근무복 원단(개선품),물자계약팀,주식회사 아즈텍더블유비이
32696,크레파스 24색 구매,해군 기동함대사령부,월정이엔씨
32698,심폐소생술 마네킹 등 2종 구매(20196080-E),국군재정관리단,주식회사 푸드나무
32700,19-카본헬멧 등 2종 구매(20198124-G),국군재정관리단,올리비아
32706,"19년 간부 정복 및 근무복 원단(공군,해군,해병)",물자계약팀,(주)킹텍스
32707,"19년 간부 정복 및 근무복 원단(공군,해군,해병)",물자계약팀,주식회사 아즈텍더블유비이
32708,"19년 간부 정복 및 근무복 원단(공군,해군,해병)",물자계약팀,(주)킹텍스
32709,"19년 간부 정복 및 근무복 원단(공군,해군,해병)",물자계약팀,(주)킹텍스
32710,"19년 간부 정복 및 근무복 원단(공군,해군,해병)",물자계약팀,주식회사 아즈텍더블유비이
32711,"19년 간부 정복 및 근무복 원단(공군,해군,해병)",물자계약팀,주식회사 아즈텍더블유비이
32712,"19년 간부 정복 및 근무복 원단(공군,해군,해병)",물자계약팀,주식회사 아즈텍더블유비이
32713,19년 사병 정복/근무복 원단,물자계약팀,주식회사 아즈텍더블유비이
32714,19년 사병 정복/근무복 원단,물자계약팀,주식회사 아즈텍더블유비이
32715,19년 사병 정복/근무복 원단,물자계약팀,주식회사 아즈텍더블유비이
32716,19년 사병 정복/근무복 원단,물자계약팀,주식회사 아즈텍더블유비이
32717,19년 사병 정복/근무복 원단,물자계약팀,주식회사 아즈텍더블유비이
32718,19년 사병 정복/근무복 원단,물자계약팀,주식회사 아즈텍더블유비이
32719,19년 사병 정복/근무복 원단,물자계약팀,주식회사 아즈텍더블유비이
32720,19년 사병 정복/근무복 원단,물자계약팀,주식회사 아즈텍더블유비이
32721,19년 육군 정복/근무복 원단(개선품),물자계약팀,주식회사 아즈텍더블유비이
32722,19년 육군 정복/근무복 원단(개선품),물자계약팀,주식회사 아즈텍더블유비이
32724,19-122 다대스푼 등 68종,공군교육사령부,우성종합상사
32725,방충망 구매,제3170부대,HS시스템
32728,19-146 양변기 등 91품목,공군교육사령부,주식회사 진주넷
32734,쇼트블라스트 1항목 구매(궤도),육군군수사령부,에스엔테크
32751,워킹스텝 등 6품목 구매,공군군수사령부,승일종합상사
32754,여과기류,기동화력계약팀 (구:19.09.16),주식회사 서한산업
32775,"밴드, 지지용",기동화력계약팀 (구:19.09.16),삼호정밀
32779,물말통 등 677품목 구매 납품,제9227부대,기장유통
32801,(SE-88)윈드와셔물통 등 42종 구매,공군군수사령부,헵시바상사
32828,전정가위 등 237품목 구매 납품,제3283부대,호미유통
32856,미세먼지 방지마스크 구매(KF94),육군훈련소,영우하우스
32860,롤러 가이드 등 7종,해군군수사령부,세현종합상사
32868,인덱스탭 등 353종 구매,해군사관학교,구룡종합상사
32874,물티슈 등 837종 구매,제9121부대,주식회사 제이디글로벌
32875,응집반응관찰기 1EA 구매,해군군수사령부,부림약품
32876,양압식 공기호흡기 등 2종 구매,제9691부대,주식회사 원코퍼레이션
32877,해병대 진주지역 전적비 제작/설치,제9691부대,주식회사 석예
32878,플러그 1종,해군군수사령부,태양전자
32879,노즐 1종,해군군수사령부,주식회사 투에이치
32882,응집반응관찰기 1EA 구매,해군군수사령부,부림약품
32885,19-3차 일반비품(분말소화기 0.7kg 등 6품목) 구매,국군의무사령부,(주)오일금속
32886,잠수경 1항목 구매(물자),육군군수사령부,HS시스템
32888,접착제등21종 구매,육군종합정비창,지와이테크놀리지
32897,"발생기,펄스용 구매",공군83정보통신정비창,천두기업
32898,염화닉켈 등 29종 구매,해군군수사령부,마창케미칼 주식회사
32900,가열기 등 2품목,해군제1수리창,대광종합상사
32903,19년 사진재료 구매,국군지휘통신사령부,엠투에이치기프트
32904,고압세척기 1종 구매,해군교육사령부,효원
32906,국유재산 경계표,국방시설본부,창대기업
32907,해군 에코백(파란색) 등 4종,해군본부,주식회사 한일시티코리아
32908,"헬멧,안전용(오렌지) 등 2종 구매",해군군수사령부,유한회사 창해
32909,무균작업대 1종 구매,해군군수사령부,국제엔지니어링
32912,19년 전술훈련용수류탄,유도무기계약팀 (구:19.09.16),한국씨앤오테크(주)
32921,사진인화지 등 190품목 구매,제9181부대,엠지산업
32923,미세먼지 방지 마스크 구매,제9181부대,주식회사 부창산업
32924,시타 하네스 등 8품목 구매,제9181부대,주식회사 원코퍼레이션
32925,미디어편집 공유스토리지 구매(20198029-A),국군재정관리단,주식회사 컴버스테크
32928,신앙상징물 4종 구매(20196058-E),국군재정관리단,주식회사 에스앤아이글로벌
32944,19년 수입솔류,유도무기계약팀 (구:19.09.16),테크노와이시스템주식회사
32946,소프트볼 매트 등 68종(19-79),공군제1전투비행단,지에스
32948,스피닝 싸이클 등 16종(19-82),공군제1전투비행단,동서세라믹(주)
32952,"시일,밀봉형 등 3종",해군군수사령부,주식회사 태양테크
32957,다용도 릴호스 등 11항목 구매(물자),육군군수사령부,씨티원 경기지점
32960,TFR CV CABLE 등 34품목 구매(근-19-007),공군작사근무지원단,주식회사 스마트론에어
32963,유해발굴 수습물자 스폰지 등 14종 구매,국방부유해발굴감식단,(주)대림장재
32969,2019 정비피복(정비화) 구매,육군종합정비창,주식회사 우영물산
32986,탄약관리물자(32밀리 일체형결속기) 구매,육군 탄약지원사령부,안보종합상사
32990,호스 등 26종,해군제2수리창,두성물산
32998,HDD 등 56품목 구매,연평부대,대건테크
32999,페인팅 세트 등 244품목 구매,연평부대,찬스코퍼레이션
33001,사관실 보관함 문수선 등 9종,해군군수사령부,퍼스트OA사무가구 우드메탈
33002,플라스틱판 등 2종 구매,해군군수사령부,비테크코리아 주식회사
33004,"발신기,조난등 등 3종 구매",해군군수사령부,주식회사 우리별
33005,"바퀴, 캐스터 등 3종  구매",해군군수사령부,탑앤케이코리아 주식회사
33006,포탄조립체 등 6종 구매,해군군수사령부,수연상사
33008,냉각팬 등 29종 구매,해군군수사령부,주식회사 천화
33009,특정지역 특정전투화 구매,수도방위사령부,영광제화
33043,다목적굴착기 피스톤등3종 구매,육군종합정비창,정원사
33044,다목적전술차 시일링등10종 구매,육군종합정비창,현대정밀가스켓
33049,원형 현관정 손잡이 등 59품목 구매,제9181부대,WF시스템
33061,탄약관리지원사업 물자(제설자재 도구함) 구매,육군 탄약지원사령부,쓰리지엠
33063,인명구조화,공군군수사령부,에스케이상사
33064,샤워타월,공군군수사령부,미림교역
33073,(19-078)[보급] 분액깔때기 쉐이커 등 10종,공군제5공중기동비행단,성준실업
33074,(조달)3훈비 테이블트럭 등 33품목(19-1-69)구매,제3훈련비행단,백야테크
33077,황산 구매(유해화학물질 영업혀가),제3170부대,마창케미칼 주식회사
33078,카고슬링 구매,제3170부대,금장SK텔레콤
33080,행진 훈련용 점퍼 등 7종,해군본부,피엠코리아
33116,판형 초콜렛,제3군수지원여단,주식회사 신화식품
33123,에이드,제3군수지원여단,주식회사 호성산업개발
33139,다목적전술차 노즐 구매,육군종합정비창,에스지티
33140,오리콘 셀등24종 구매,육군종합정비창,엠바이즈
33141,"케이스,광학기구용 등 4항목 구매(특무)",육군군수사령부,주식회사 보성기업
33142,브러시 등 32항목 구매(특무),육군군수사령부,주식회사 스마트론에어
33146,구조실습용마네킨등10종,국군의무학교,(주)동성메디칼
33148,19-활차(스텝카) 구매(20199079-H),국군재정관리단,조은 주식회사
33153,방청제 등 156종 구매,자운대근무지원연대,(주)한일종합상사
33155,시트 등 2종,해군군수사령부,세현종합상사
33159,"해군 직소퍼즐(액자포함) 4,000개",해군본부,서원
33161,"콘덴서, 냉각용 등 7종",해군제2수리창,세일상사
33162,EBS Topik 2 등 4종 구매,합동군사대학교,유어스 컴퍼니
33163,휴대폰 보관함 6종 납품 설치,제5738부대,에프앤비(FnB)
33168,청력계 임피던스용 1EA 구매,해군군수사령부,미소커뮤니케이션
33170,보호통결합체 10EA 구매,해군군수사령부,참조은
33172,"전동기,교류용 1종",해군군수사령부,에스에이치상사
33175,더블데스크매트 등 808종 구매,해군군수사령부,주식회사 복은
33176,레이저 타코미터 등 3종 구매,해군군수사령부,주식회사 레오콤
33179,19년 정비/취사 피복(신발 등) 구매,육군종합군수학교,금호이엔에스
33182,고공강하 물자 2항목 구매(물자),육군군수사령부,주식회사 로뎀하이텍
33186,비트 오거용 등 45항목 구매(물자),육군군수사령부,대성기업
33188,용접용 헬멧 등 4항목 구매(물자),육군군수사령부,씨티원 경기지점
33190,고정구 연결용 등 5항목 구매(물자),육군군수사령부,글로리아
33201,성형프레스 구매,육군종합정비창,"주식회사 제이앤비(JNB Co.,Ltd.)"
33205,대형거울 구매,제9181부대,썬.데일리
33206,A4라벨지 등 348종 구매('19-3차),제2002부대,마켓제이앤제이
33217,장핀 등 20종,해군작전사령부,주식회사 예운
33220,분말 소화기,제7001부대,주식회사 서진컨설팅
33224,휴대폰 보관함(24칸) 등 3종 11종(군수처,해군사관학교,디에이치 시스템
33226,휴대용 관측기 본체 등 10종 구매,국방부계룡대근무지원단,O M  상사
33227,대공표적기 KIT 등 14종,해군작전사령부,주식회사팔공물산
33229,크린폭시하도 등 40종 구매,제8385부대,삼일
33230,트랜스듀서,해군제3함대사령부,(유)목포신도digitalOA
33244,19년 꼬질대류,유도무기계약팀 (구:19.09.16),테크노와이시스템주식회사
33250,다도세트 등 4종,해군 기동함대사령부,한서유통
33254,155밀리 탄대보호환 3종 구매(20196067-D),국군재정관리단,(주)한일종합상사
33256,000자동체계 물품 구매(20197068-H),국군재정관리단,노드정보기술(주)
33257,작전상황실통신망녹음체계교체(리스물건)(20198062-E),국군재정관리단,엠에스전자통신주식회사
33261,밀크초콜렛 등 14종,해군 기동함대사령부,주식회사 제주플로우
33263,휴대폰 보관함등 5종 납품,해군제3함대사령부,화인산업(주)
33265,취약점 진단 도구 구매,4284부대,주식회사 유니링크텍
33268,용융제강슬러그 등 13품목,해군제1수리창,제이테크
33271,충전식라이트 등 32종,해군제1수리창,지원종합상사
33272,"단열판, 방열용 등 4종 구매",해군군수사령부,주식회사 복은
33285,(19-033) FLOWMETER,공군제18전투비행단,무진통상
33287,자외선램프 구매,제9181부대,주식회사 창세기일장일절
33290,GPS 중계기 구매 및 설치(20199072-E),국군재정관리단,베스트이에스(ES)
33292,만능 밀링머신 구매(20199077-I),국군재정관리단,주식회사보승글로벌
33293,행사용 낙하산 구매 (20198102-F),국군재정관리단,주식회사 신화
33294,"시험세트, 초음파식 구매(20199067-F)",국군재정관리단,만리통상
33296,탑승형 습식 바닥청소차 구매 (20199058-F),국군재정관리단,주식회사 광원종합상사
33304,"표시기,전력비율용 구매(19-3)",공군제10전투비행단,대길상사
33306,19-조-10 리프트,공군 작사예하 방포사예하 제2여단,예찬컴퍼니
33312,휴대폰보관함 등 3종 구매,해군군수사령부,지우상사
33314,머큐리 115마력 CT 1종,해군군수사령부,경북상사
33317,책철 등 196종,해군본부,아름종합상사
33334,1분기 정보통신운영용품 구매 계약,제1군수지원사령부,(주)제이.텍
33336,GPS 수신 안테나 키트 등 4종 구매/설치,공군제19전투비행단,씨지에스아이티(주)
33362,방탄방패 등 2종 구매(20198097-E),국군재정관리단,주식회사 쉐마이스라엘
33368,자동에어릴 등 10품목 구매,제9196부대,경상유통
33369,S마크 슬링벨트 등 278품목,제9196부대,케이이에스
33373,19년 사진재료 구매,제2군단,주식회사 천화
33374,탄약 정비자재(추진장약통 고무가스켓 등 2종) 구매,육군 탄약지원사령부,주식회사 성보
33380,오더피커 구매,해군군수사령부,HS시스템
33387,"커플링 하프,급속분리형 등 3종",해군군수사령부,수연상사
33389,손도끼 등 6종,해군작전사령부,그리마
33390,지오셀 등 36종,해군작전사령부,영광상사
33394,휴대폰보관함 구매,제2002부대,자비스
33408,공업용랩 등 22종,해군군수사령부,마니
33410,디스플레이 유닛 6EA 구매,해군군수사령부,주식회사 명림
33411,디지털/싱크로 변환기 등 17종 구매,해군군수사령부,태양전자
33412,디스플레이 유닛 6EA 구매,해군군수사령부,주식회사 명림
33413,분말소화기 등 6종 구매,해군군수사령부,(주)오일금속
33420,피.아식별띠 구매(20196057-E),국군재정관리단,주식회사 나루지엠에스
33431,종균제(바이오시그마) 1종 구매,재경근무지원대대,클린톤전자
33432,휴대폰보관함 2종 구매,재경근무지원대대,알티하이텍
33435,"변압기, 펄스용(GPS-98K/SPS-100K용)",지휘정찰계약팀 (구:19.09.16),충무정밀(주)
33439,'19년 뇌우보호용 안테나 자동절체기 제작,공군83정보통신정비창,지와이테크놀리지
33441,19-대형제빙기 등 3종 구매(20199071-A),국군재정관리단,주식회사 코리아종합관리
33442,방폭형 이동통풍기 세트 98EA 구매(20198067-A),국군재정관리단,(주)다남정보통신
33452,19-124 황사마스크,공군교육사령부,예우사
33453,치닝디핑 등 254종 구매,제8385부대,태영
33455,조선낫 등 86종 구매,제5738부대,드림으뜸상사
33456,플럭스 게이크 1종,해군군수사령부,영화산업
33461,육상 수전용 터미널(400A) 1종,해군군수사령부,태양전자
33464,조작금지텍 등 4종,해군군수사령부,서화테크
33467,호흡보호구등18종 구매,육군종합정비창,주식회사 휴콤
33470,귀마개등6종 구매,육군종합정비창,핀컴퍼니
33491,꼬리표 1품목 구매(물자),육군군수사령부,주식회사 근일산업
33495,호스 등 25종,해군제2수리창,지니종합상사
33498,취사장전열기 열판 등 35종,해군제3함대사령부,스카이유통
33499,피스톤핀 등 37종,해군제3함대사령부,스카이유통
33500,포켓몽키 등 467품목 구매,연평부대,주식회사 서린통상
33505,수세미 등 22종 구매,제9911부대,(주)씨티원서비스
33506,응집제 등 6종 구매,해군군수사령부,주식회사 스마트론에어
33507,"인조가죽 3,420MR 구매",해군군수사령부,지유
33508,활주블럭 등 9종 구매,해군군수사령부,(주)씨티원서비스
33512,19년 전반기 통신운영용품 구매,제9965부대,고은상사
33517,모사전송기 1항목 구매(통신),육군군수사령부,글로리아
33536,해도대 체스터 레일 수선 등 10종,해군군수사령부,성화종합상사
33539,피난구 유도등 등 139종,제7001부대,주식회사 더원시스템
33541,00지역 도파관건조 공기주입기 구매,국군지휘통신사령부,씨와이코퍼레이션
33547,책장 구매,제9691부대,주식회사 코스모스
33550,"비석면판, 압축식 등 10종",해군군수사령부,탑앤케이코리아 주식회사
33562,자전거 구매,해군사관학교,예광
33565,휴대폰 보관함 23개 납품 설치,해군교육사령부,국제안보상사
33569,전신골격모형 등 37종,국군의무학교,나무기업
33572,스텐 엘보 등 15종,해군제3함대사령부,대건상사
33575,"경보기, 시청각식 등 28종 구매",해군군수사령부,주식회사 천화
33582,벨트 등 20품목 구매 납품,제9227부대,서진산업
33586,19-유류흡착롤 등 6종 구매(20199070-A),국군재정관리단,주식회사 청미이엔지
33588,19-1차 정보화 운용재료 구매(201910008-F),국군재정관리단,주식회사 더그린
33592,인식표용 튜브 및 고무링 구매,제3170부대,Ace유통
33595,도마대 등 2종 구매(중소기업자간 경쟁제품),제3170부대,경한산업
33596,동계 행사용 티셔츠 등 3종 구매,제3170부대,주식회사 동진전기통신
33599,"링,피스톤용 등 18종",해군군수사령부,정일티엠씨
33614,전기이발기 등 2종 구매,해군군수사령부,에스에이치(SH)
33615,귀마개 노끈형 등 3종 구매,해군군수사령부,신우기업
33618,19년 축성도구 구매,제28보병사단,성원상사
33626,OO부대 충혼탑 설치납품,제5602부대,주식회사 석예
33627,팔꿈치/무릎 보호대 구매,제9181부대,경도산업
33640,USB포트락 커넥터 등 189종,해군본부,주식회사 덕산
33646,청소관리 민간인력 근무복(가디건 등 5종) 구매,국방부계룡대근무지원단,알파
33647,유전자검사 시약재료구매(201810014-I),국군재정관리단,주식회사 엘씨케이테크놀로지스
33649,디지털 도어락 구매,제9911부대,대건
33654,후레쉬 등 18종 구매,육군종합정비창,선우상사
33663,스테인리스주름관 등 230품목 구매,제9181부대,OK통상
33668,건열기 등 2종 구매,공군군수사령부,한경
33679,전기소작기 사단용 등 2종 구매,공군군수사령부,와이 인터내셔널
33681,세균배양기 등 2종 구매,공군군수사령부,헤세드
33684,다목적굴착기 노즐 구매,육군종합정비창,에스지티
33689,하이드로폰(탐지3호용),지휘정찰계약팀 (구:19.09.16),주식회사 시너스텍
33693,폭파조끼 등 19항목 구매(일장),육군군수사령부,보고통상
33695,퓨즈 등 29종,공군군수사령부,(주)진성월드산업
33697,(19-037)[259대대] 자동산개기 1종 7점,공군제5공중기동비행단,주식회사 조인월드
33698,호스 등 2종,해군군수사령부,삼동유통상사
33705,칼라콘 등 42종,제7001부대,찰스인코리아
33710,조수기 홈 엘보 등 38품목 구매,연평부대,(주)씨티원서비스
33712,로크웰 경도기 1EA 구매,해군군수사령부,알메스(ALMES)
33714,천평 화학계수형 1EA 구매,해군군수사령부,한경
33716,컵 세라믹 등 15종 구매,해군군수사령부,한국도자기(주)창원대리점
33717,기구세척기 초음파형 사단용 2EA 구매,해군군수사령부,예지정밀
33718,지속적피동운동기 1EA 구매,해군군수사령부,우분트코리아
33725,핸드트럭 1품목 구매(물자),육군군수사령부,JH컴퍼니
33726,국기함 등 2품목 구매(물자),육군군수사령부,충성센타
33727,원추형 풍속기 등 4품목 구매(물자),육군군수사령부,씨티원 경기지점
33728,추출기 등 38항목 구매(물자),육군군수사령부,대성기업
33730,수동식 해머 등 60항목 구매(물자),육군군수사령부,에이스컴퍼니
33733,압력측정용 게이지 등 16항목 구매(물자),육군군수사령부,(주)정산
33734,초음파식 시험세트 구매,공군제19전투비행단,주식회사 젬마물산
33735,"링,피스톤용",함정계약팀 (구:19.09.16),탑앤케이코리아 주식회사
33740,사복탁송용 박스 구매 납품,제3283부대,제이제이유통
33753,친환경세척제 구매,제5738부대,(주)씨티원서비스
33755,체중계 등 15종 구매,제3170부대,서아유통
33756,(조달)3훈비 건초결속기 1품목(19-1-57)구매,제3훈련비행단,행복
33758,정보 보안 개론 등 305종,제7001부대,주식회사 진성하이텍
33768,"19년 플라스틱표적지(E,F형)",유도무기계약팀 (구:19.09.16),엔피씨 주식회사
33771,바디워시 등 13품목 구매 납품,제9227부대,호미유통
33778,코레셔 엘레멘트 구매(20199063-I),국군재정관리단,주식회사 대원유통
33780,공군세척재료구매(종이걸레 롤형 등 2종)(20199041-F),국군재정관리단,소망상사
33781,"냉,난방기 등 6품목 구매",제9181부대,신명
33784,탄약 정비자재(봉인알루미늄 등 2종) 구매,육군 탄약지원사령부,주식회사 에코비투
33788,(19-015)밀링머신,공군제18전투비행단,대광종합상사
33793,도어록 등 75종,해군작전사령부,수성운반기계 주식회사
33795,방호벽 설치 자재구매,육군 제1군단,경성이앤씨
33797,4주식 리프트 등 13종 구매(20199046-I),국군재정관리단,(주)정산
33800,예초기(평지형) 등 2종 구매,해군군수사령부,유한회사 나라찬
33801,그랜드 파킹 등 8종 구매,해군군수사령부,참조은
33802,안테나 8EA 구매,해군군수사령부,주식회사 모두텔
33806,소형선반 1EA 구매,해군군수사령부,다물테크
33807,영현백 230EA 구매,해군군수사령부,주식회사 윈에스테크
33808,랜턴 전기식 등 2종 구매,해군군수사령부,글로리아
33816,면봉 등 112종 구매,육군종합정비창,주식회사 세렌디피티
33817,에어카플링잭 등 18종 구매,육군종합정비창,선우상사
33818,병세척솔 등 11종 구매,육군종합정비창,선우상사
33821,가제수입포 등 6종 구매,육군종합정비창,윤보산업
33827,윗몸일으키기대 상판 등 36품목,제9181부대,이지프라자
33830,스캐너 구매(20196051-D),국군재정관리단,주식회사 비스
33837,워터 호스 릴 등 265품목 구매,제3283부대,승재유통
33838,보행매트 구매,제3283부대,세영컴퍼니
33847,L2T 라이트 등 4종,해군작전사령부,건화산업
33850,에어 목베개 등 4종,해군본부,드림캐쳐
33851,이지스함 주물모형 100개,해군본부,서윤산업
33852,쇼파 수선 등 6종,해군군수사령부,자인비
33855,"콘 및 롤러,테이퍼형 등 37항목 구매(궤도)",육군군수사령부,덕산베아링
33857,학군단 외투,공군군수사령부,주식회사 제이지코리아
33868,모우어 등 3종 구매,해군제3함대사령부,(주)오성인피니티
33873,여과포 등 14종(19-44),공군제1전투비행단,지에스
33879,아크릴 등 67종 구매,제3170부대,골드라벨
33880,육면군화 등 4종 구매,제3170부대,대박상사
33882,DVD(법과 정의 등 55종) 구매,해군사관학교,한길
33886,"등,실내용 등 4종",해군군수사령부,태양전자
33887,압력비교시험기 1EA 구매,해군군수사령부,주식회사 백운테크
33898,차광막 등 30품목 구매 납품,제9227부대,LH하우징
33900,부대 창설기념 머그컵 구매,4284부대,아서원
33901,"끈,지지용 등 18항목 구매(일장)",육군군수사령부,(주)서광오토테크
33903,옷걸이등 474종 구매,해군제3함대사령부,오피스넥스목포영암점
33913,"프로펠러,선박용 등 31항목 구매(일장)",육군군수사령부,조은테크
33914,"끈,지지용 등 18항목 구매(일장)",육군군수사령부,(주)서광오토테크
33915,(19-1018)각재외 120품목,공군제17전투비행단,주식회사 제이씨이앤엠
33916,탁도계 등 3종,제7001부대,주식회사보승글로벌
33918,국자 등 5종 구매,제3170부대,파파유통
33920,유증기 감지기 1종,해군군수사령부,제일테크
33925,전술용 스키화 구매,제3170부대,기장유통
33931,열판 등 3종 구매,해군군수사령부,신동하이텍
33933,"연결봉,피스톤용 등 3종",해군군수사령부,정일티엠씨
33937,분광광도계 1EA 구매,해군군수사령부,(주)에스티앤비
33950,성인심폐소생술모형 등 3종,국군의무학교,(주)동성메디칼
33951,전자감응식 헤드셋 2종 구매(20199105-D),국군재정관리단,주식회사 삼도통신
33958,00부대 오더피커 구매,육군군수사령부,주은산업안전시스템
33962,남성용 5부 수영복 등 4종 구매,해군교육사령부,엠에스시스템
33966,잡초방제용부직포 구매,제3170부대,문테크
33967,유 패킹 등 26품목,해군제1수리창,다모아상사
33968,참수리 우드 우르골 등 7종,제7001부대,주식회사 부영상사
33970,종이박스 등 9종,해군군수사령부,제이케이컴퍼니
33973,VHF조난통신기 12EA 구매,해군군수사령부,주식회사 동영상사
33976,스트레이너 등 9종 구매,해군군수사령부,지에스산업
33979,VHF조난통신기 12EA 구매,해군군수사령부,주식회사 동영상사
33980,이음쇠 등 4종 구매,해군군수사령부,세명ENG
33981,그로밋 등 7종 구매,해군군수사령부,영광상사
33994,천마 방열판 등 2종 구매,육군종합정비창,에스지티
33998,총기보관함 2종,공군군수사령부,주식회사 금성강철
34010,안테나 등 2항목 구매(일장),육군군수사령부,퍼스트지비(FGB)
34013,종이타올,공군군수사령부,세계실업 주식회사
34017,시약제품(CBC TIMEPACK(SIEMENS)등 23종) 구매,국방부계룡대근무지원단,부림약품
34018,"콘덴서, 냉각용 등 7종",해군제2수리창,동진상사
34020,전기접점 부활제 등188품목,해군제1수리창,가진테크
34021,디지털 테스터 등 125품목,해군제1수리창,세광철물
34023,"(19-025)[85창] 교정기, 전력용(재수정)",공군제5공중기동비행단,비아이티전자
34024,유성펜 등 75종,해군군수사령부,재우유통
34025,사격표적지(클레이 접시) 구매,국군체육부대,에이치디기업
34031,해병대 70년사 제작,제9691부대,주식회사 태신미디어
34034,알루미늄 리벳 등 4종 구매,해군군수사령부,나우통상
34035,고무판 등 9종 구매,해군군수사령부,부산고무
34051,교량가설단정 하네스 구매,육군종합정비창,진광사
34053,다목적전술차 범퍼 구매,육군종합정비창,예지정밀
34054,K719부교차 보도판 구매,육군종합정비창,대명 ENG
34058,현장감식세트 등 7종 구매,육군본부,주식회사 이수케이
34065,시험기(압력게이지용)등 2품목 구매(20199030-I),국군재정관리단,주식회사진주네트워크
34073,"제도샤프 등 1,057종 구매",제9121부대,경남상사
34074,개스킷 등 8종,해군제2수리창,경기종합상사
34075,방독마스크 등 26종,해군제2수리창,풍전
34076,체인,제7001부대,자인비
34077,19-인화점 시험기 구매(20199053-G),국군재정관리단,에이치엠 엔지니어링
34079,방진마스크 등 40종 구매,제9911부대,영화산업
34081,롤러 가이드 등 7종,해군군수사령부,제일테크
34082,흄후드 1EA 구매,해군군수사령부,한국기계
34083,세척제 등 7종 구매,해군군수사령부,신영에이텍
34099,결재판 등 510종 구매(19-2차),제2002부대,스마트티씨 주식회사
34115,디스플레이 유닛 1종,해군군수사령부,칼라투
34122,에프시 듀라토프 디피 등 13종,해군군수사령부,동우철강(주)
34125,배럴 로드 셋,함정계약팀 (구:19.09.16),태륭산업기계
34128,태양광충전기 1항목 구매(통신),육군군수사령부,엠제이엠
34131,위장크림 5색 등 2품목 구매 납품,제3283부대,SH유통
34133,바리깡 3EA 구매,해군 기동함대사령부,해솔상사
34136,코팅글러브 등 136품목 구매 납품,제9196부대,수아엔젤
34138,00지역 램프 구매,국군지휘통신사령부,주식회사 엠엔지 이엔티
34151,스크류탭 바이알 등 14종,해군제3함대사령부,(유)목포신도digitalOA
34157,증착롤포장지 등 527종 구매,해군교육사령부,영림상사
34159,공마대 등 2종 구매,제8385부대,백명종합상사
34160,가위 등 151종 구매,제8385부대,드림오피스 북원주점
34162,(위임-5)505대대 본부 등 2개소 온수설비 설치 납품,수도방위사령부,이스트트레이딩
34164,하우징 터보 과급기용 등 26종,해군제3함대사령부,(주)동양화학
34173,플랜지 등 15종 구매,해군군수사령부,샘 코퍼레이션
34174,파워메터 1EA 구매,해군군수사령부,대길상사
34175,T자관 등 15종 구매,해군군수사령부,남성기계산업(주)
34177,정전압계기 시험기 1EA 구매,해군군수사령부,피에이치에스(PHS)
34180,작업대 등 7항목 구매(물자),육군군수사령부,주식회사 원우글로리아
34181,"브래킷트,속도용등 48항목 구매(궤도)",육군군수사령부,티케이(T.K)테크
34184,다목적세척제(멀티크로) 구매,제3283부대,헵시바상사
34191,허브하우징 등 19종 구매,제9911부대,케이에스유통
34198,수직선반 구매,공군군수사령부,(주)오성인피니티
34200,잭 박스,함정계약팀 (구:19.09.16),광성전기(주)
34205,카트리지 등 127종 구매,제2002부대,엠제이코리아
34207,슬리퍼 등 6품목 구매,제3283부대,진경유통
34214,"특수봉인지(청색, 적색) 구매",제3170부대,우리디지털테크
34215,워킹스탭 등 4종 구매,제3170부대,진솔루션
34218,세면주머니 구매,육군훈련소,나래
34219,조속기 등 16품목,해군제1수리창,삼동유통상사
34220,석영창 등 10종,해군제1수리창,금성종합상사
34221,디스플레이 유닛 등 2품목,해군제1수리창,지원종합상사
34223,액자 등 17품목 구매,제9181부대,이즈컴넷
34226,전기온수가열기 구매,해군사관학교,진성
34231,전접봉 등 18품목,해군제1수리창,정우종합건자재
34233,콜드 파이어 등 2종 구매,해군군수사령부,주식회사우성테크
34234,저장제 725EA 구매,해군군수사령부,주식회사 복은
34237,결속가락지 등 4종 구매,해군군수사령부,주식회사 스마트론에어
34238,반투막 166EA 구매,해군군수사령부,알파유통 주식회사
34240,주파수카운터 1EA 구매,해군군수사령부,(주)케이텍시스템
34243,브러쉬등41종 구매,육군종합정비창,석주산업
34244,탈지제등4종 구매,육군종합정비창,주식회사 청운이화학
34245,레진코라셋등6종 구매,육군종합정비창,주식회사 옐로우커머스
34246,염산등11종 구매,육군종합정비창,주식회사 청운이화학
34247,시발제등2종 구매,육군종합정비창,주식회사 옐로우커머스
34249,아질산나트륨등17종 구매,육군종합정비창,주식회사 동부아이씨티
34250,세척제등20종 구매,육군종합정비창,유한회사 주안
34252,연마포등20종 구매,육군종합정비창,황토군 토담면 오다리
34254,마그네시아등14종 구매,육군종합정비창,주식회사 동부아이씨티
34256,도화용붓등43종 구매,육군종합정비창,정인산업
34257,공마대등5종 구매,육군종합정비창,디오세이프티(DO SAFETY)
34258,인서트팁등278종 구매,육군종합정비창,서현상사
34269,"전동기,유압식 등 2항목 구매(기장)",육군군수사령부,에스지티
34270,"호스,성형식 등 97항목 구매(기장)",육군군수사령부,주식회사 아이엔지성창
34271,"브래킷,설치용 등 17항목 구매(기장)",육군군수사령부,나린코리아
34275,1/4분기 통합발주,제7001부대,이지테크
34280,방안자 등 185종 구매,해군사관학교,주식회사 백운테크
34283,플렉시브 커플링 엘리먼트 1종,해군군수사령부,수연상사
34284,"고정물,전등용 1종",해군군수사령부,주식회사 승지산업
34285,"집진기, 이동식 구매",육군종합정비창,주식회사 우양이엔지
34296,배토사 구매,제8385부대,(주)동건
34297,암막커텐지 구매,제3170부대,데코하임
34299,분말소화기 6품목 구매,제3170부대,(주)오일금속
34301,액츄레이터 등 13종,해군제3함대사령부,동방종합상사
34304,온도감지기 1종,해군군수사령부,온나라물자조달 주식회사
34306,철띠 등 53종 구매,제8385부대,한영엔터프라이즈
34309,슈퍼차져 등 31품목 구매,제9196부대,카라인터내셔널
34319,3D프린팅 알루미늄합금강 구매,육군종합정비창,주식회사 씨이피테크
34322,파티션 등 7품목 구매 설치,제3283부대,기장유통
34334,19-038 스테인레스주름관 등 97종,공군사관학교,동호스포츠상사
34335,"코일,전기용 등 2종",해군군수사령부,강일에스티
34336,디스플레이 유닛 1종,해군군수사령부,세종상사
34339,사이드 반목 등 27종,해군제2수리창,안보종합상사
34341,우레탄바퀴 등 16종,해군제3함대사령부,미래종합상사
34344,타이레놀콜드 등 30종 구매,제9911부대,한서약품
34349,KAVV 입체퍼즐 증 5품목 구매,제9691부대,드림비즈 주식회사
34350,3공이동펀치 등 175품목 구매,제9691부대,씨티원 경기지점
34357,태극기정기 등 4종 구매,해군군수사령부,（주）씨앤에스코리아（CNS KOREA）
34359,감지센샤 등 2종,해군군수사령부,태양전자
34363,주방화재용(K급) 소화기 87EA 구매,해군군수사령부,청우전기시스템 주식회사
34367,칼 주머니용 등 31항목 구매(물자),육군군수사령부,로이유통
34370,그라인더 절삭날 등134종,공군제19전투비행단,다다상사
34377,훈련교관 벨트 등 319품목 구매,제3283부대,일월종합상사
34385,"계수식, 전자식, 숫자판독식 1EA 구매",해군군수사령부,대길상사
34386,헬스복 하의 등 15종 구매,재경근무지원대대,휴앤프로
34391,"태극기정기, 해병대기 구매",제3170부대,Ace유통
34393,축 등 4종,해군군수사령부,성진정밀
34398,수중랜턴 3개,해군작전사령부,썬.데일리
34399,내화 파일금고,제7001부대,기룡아이엔씨
34400,2급방진마스크 등 10종 구매,해군교육사령부,케이에스상사
34403,슈퍼타이 등 429종 구매,해군교육사령부,경남상사
34411,전류프로브 1EA 구매,해군군수사령부,나우통상
34412,자동팝업 등 79종 구매,공군제11전투비행단,(주)비앤에스산업
34413,다목적전술차 디스크등5종 구매,육군종합정비창,주식회사 랩터스
34418,00부대 체계운영용품 구매(1차),육군과학화전투훈련단,월천테크
34421,00부대 실내청소차 구매,육군군수사령부,에스엠제이
34432,19-로켓용폭음통 구매(20199010-H),국군재정관리단,주식회사 현대화이어웍스
34434,미세먼지 마스크 구매,육군 52보병사단,피엠코리아
34435,"여과기,흡입용 등 29항목 구매(일장)",육군군수사령부,지에스산업
34436,하이드란트 등 15항목 구매(일장),육군군수사령부,보고통상
34441,방진복 등 24종,제7001부대,주식회사 부영상사
34449,반투명 라벨 등 769품목 구매,제9691부대,주식회사 승지산업
34450,도킹스테이션 등 147품목 구매,제9691부대,동명이앤엘
34452,종이박스 등 92품목 구매,제9691부대,주식회사 부강이엔지
34454,래커에어로졸 6종 구매,해군군수사령부,주식회사 성민종합산업
34455,리어카 등 3종 구매,해군군수사령부,주식회사 휴콤
34456,12각 핸드소켓 등 726종,해군군수사령부,구룡종합상사
34457,오피스라벨 등 1405종,해군군수사령부,주식회사팔공물산
34458,G80 마스터 링크 등 670종,해군군수사령부,구룡종합상사
34459,안전벨트 62EA 구매,해군군수사령부,(주)씨티원서비스
34473,튜브등15종 구매,육군종합정비창,성우약국
34498,클리어화일 등 569종 구매,제9911부대,에스더 기획
34499,혈압측정트레이너마네킹등3종,국군의무학교,주식회사 제이엠메디칼
34503,비디오폰 구매,제9181부대,제이유통
34505,티꽂이 매트 구매,제9911부대,페트리아
34508,와셔(잠금식) 등 42품목,해군제1수리창,세광철물
34511,청소용 릴호수 84EA 구매,해군군수사령부,엠코
34513,CO2 소화기 50파운드 50EA 구매,해군군수사령부,동아화이어테크 주식회사
34519,TOD-3형 디스플레이유닛 등 2항목 구매(통신),육군군수사령부,유한회사 나라찬
34521,(19-014) 제설기,공군제18전투비행단,지앤지(G&G)
34523,천연방충탈취제 등 2품목 구매(20198022-D),국군재정관리단,더원기업
34524,야자매트 등 134품목 구매,제3283부대,대명종합상사
34526,백업SW 업그레이드 및 라이센스 추가 구매,국방통합데이터센터,주식회사 페타바이트
34531,"패킹,성형식 등 25항목 구매(총포)",육군군수사령부,금진산업
34537,해군 오르골 등 3종,해군본부,디엔에프
34539,무민 슬리퍼 등 501종 구매,해군교육사령부,주식회사 예운
34540,전투지휘소 해도대 서랍 수선 등 2종,해군군수사령부,영성기업사
34548,디지털사진인화기 등 4품목 구매,제9691부대,드림비즈 주식회사
34551,튜브 등 2종,해군군수사령부,윤보산업
34555,자물쇠통 등 2종 구매,해군군수사령부,와이에스투어(YSTOUR)
34556,힌지 등 10종 구매,해군군수사령부,주식회사 이음
34557,은 브러쉬 등 3종 구매,해군군수사령부,주식회사 길상산업
34558,"스크레이퍼 선박용 3,563EA 구매",해군군수사령부,(주)바로컴
34559,세면기 연결호스 등 2종 구매,해군군수사령부,윤보산업
34564,삼성 CLP-620NDK 등 56항목 구매,육군군수사령부,성우약국
34565,잭돌리형유압식 등 10항목 구매(물자),육군군수사령부,지앤와이일렉텍(주)
34571,"봉합재,후측 격자용 등 22항목 구매(궤도)",육군군수사령부,이든산업
34591,라미네이팅 필름 등 669종,해군작전사령부,주식회사 진영
34596,버프 등 3종,해군작전사령부,주식회사 젬마물산
34597,클렌징크림 등 13종 구매,제9911부대,마주봄
34598,비트홀더 등 54종,해군작전사령부,사인몰
34600,클라리넷 리드 등 8종 구매,제9911부대,주식회사 길상산업
34603,파병모 등 4종,해군작전사령부,태진기획
34604,카라 반팔 티셔츠 등 3종,해군작전사령부,세일통상(주)
34608,냉각수 첨가제 구매(20196011-D),국군재정관리단,(주)한일종합상사
34610,위장크림 등 87품목 구매 납품,제9227부대,네오상사
34611,"면봉,소화기청소용 등 7항목 구매(처통합)",육군군수사령부,영진파워텍
34616,황산칼륨 등 12항목 구매(물자),육군군수사령부,마창케미칼 주식회사
34617,00부대 방열기 자재구매,제28보병사단,다올산업주식회사
34620,캐리어 파우치 구매,제9911부대,유진시스템
34644,"커버,오토매틱 로아 등 26항목 구매(특무)",육군군수사령부,현대산업
34648,00부대 전동견인차 구매,육군군수사령부,도경산업
34662,팽창탱크 등 262종 구매 납품,제9196부대,주식회사 에프알코리아
34670,잔류 탄소 시험기 1대 구매,해군군수사령부,스카이유통
34679,증류수 관류용 1L 등 95품목 구매,제9691부대,주식회사 디제이팜
34688,클램프 등 12종 구매,해군군수사령부,이레툴
34689,"와전류검사기, 회전익용 1EA 구매",해군군수사령부,에스씨원(SC1)
34691,다목적굴착기 핀등60종 구매,육군종합정비창,세진테크
34692,호스등44종 구매,육군종합정비창,HS시스템
34696,친환경 소화기 등 3품목 구매(20198023-D),국군재정관리단,주식회사 성보
34704,"렌즈,광학기구용 등 11항목 구매(궤도)",육군군수사령부,주식회사 보성기업
34712,"어댑터,직선형,튜브 보스연결용등 2항목 구매(궤도)",육군군수사령부,가온테크
34719,마포대 등 291종 구매,해군교육사령부,주광유통
34723,삼목 솔리드 등 15종,해군군수사령부,주식회사 휴콤
34725,튜브(곡선형) 등 19품목,해군제1수리창,천곡철물상사
34726,감지센샤 등 2종,해군군수사령부,태양전자
34727,거봉 등 15종 구매,해군군수사령부,유한회사 나라찬
34730,원추형풍속기 200EA 구매,해군군수사령부,현대산업
34734,청관제 등 2항목 구매(물자),육군군수사령부,그린산업
34735,대철조이기 등 6품목 구매(물자),육군군수사령부,라온유통
34741,"리드선, 전기용 등 2항목 ㅜ매(특무)",육군군수사령부,시온테크
34744,램프홀더 등 22항목 구매(특무),육군군수사령부,소올산업
34746,개스킷 등 11항목 구매(특무),육군군수사령부,티케이(T.K)테크
34748,요소수 등 65종,해군 기동함대사령부,주식회사 타이어프로하나로점
34751,의장 행사복 구매,국방부근무지원단,주식회사 클로피아
34758,19년 포장 및 치장재료 구매,제1729부대,우리온
34763,형광램프 등 209품목 구매,제9691부대,씨에스
34765,전력계(1GHz) 1EA 구매,해군군수사령부,(주)케이텍시스템
34773,세파레겐 등 10항목 구매(해파),육군군수사령부,엠앤에스코리아
34774,듀악겔 등 109항목 구매(해파),육군군수사령부,(주)석호약품
34783,국방양면코팅면범포지 구매,육군종합정비창,주식회사 대창티앤비
34784,튜브등3종 구매,육군종합정비창,주식회사 세렌디피티
34785,호스등31종 구매,육군종합정비창,토우산업개발 주식회사
34787,웨이빙등12종 구매,육군종합정비창,주식회사 미다스글로벌
34789,고무링등49종 구매,육군종합정비창,가온테크
34790,늄합금봉등67종 구매,육군종합정비창,주식회사 미다스글로벌
34791,1분기 실습재료비 구매,육군학생군사학교,씨피마스터
34795,방사선필름 등 6종 구매(20199005-H),국군재정관리단,주식회사 더원시스템
34802,다웰바 등 22종,해군작전사령부,제이투기획
34803,급지함 피드롤러 등 26종,해군군수사령부,주식회사 복은
34804,슬림 벨크로 후크 등 20종,해군군수사령부,영광상사
34806,리빙우드 등 139종,해군작전사령부,제이와이 아이앤씨
34807,"나침의,자기식,설치형 1종",해군군수사령부,강원상사
34811,엠시 세람알로이 시엘 등 32품목,해군제1수리창,금성종합상사
34816,피스톤 컴플레트,함정계약팀 (구:19.09.16),창진ENG(주)
34824,TOD-3형 회로카드 등 4항목 구매(통신),육군군수사령부,주식회사 원우글로리아
34835,탐지3호 모뎀 2항목 구매(통신),육군군수사령부,태진공업
34836,K-9 BTCS 디스플레이유닛 등 4항목 구매(통신),육군군수사령부,황토군 토담면 오다리
34841,더블데스크 매트 등 484종 구매(19-1차),제2002부대,7번방
34843,방-19-2 사격표적및표적기(조종기 2종)구매,공군미사일방어사령부,유정인베스트
34849,일회용마스크 등 3품목 구매(물자),육군군수사령부,효성티앤에스
34853,비행갑판 어닝커버 등 44종,해군작전사령부,제이케이(JK)
34855,프라이팬 등 14종 구매,합동군사대학교,재재유통
34860,"조종간,자료입력용 1종",해군군수사령부,에스엠제이
34861,진남관(물소 체어) 등 6종 구매,해군교육사령부,주식회사조은기업
34863,마하링크 등 85종,해군작전사령부,로이통상
34864,세이셸 국기 등 36종,해군작전사령부,영성기업사
34865,오토힌지 등 50종,해군작전사령부,주식회사 디엘정보
34866,정기등 10품목 구매,제9181부대,엠티오
34868,헤모덴트 등 226종 구매,제5738부대,석진메드
34871,월넛 낱장 등 3종,해군군수사령부,드림비즈 주식회사
34873,"링,피스톤용 등 18종",해군군수사령부,조강테크
34884,학군장교 임관식 병과/부대소개 상황판 제작 설치,육군학생군사학교,삼일이엔지주식회사
34890,"나침의,자기식,설치형 1종",해군군수사령부,강원상사
34891,밴조 스크류 등 13종,해군군수사령부,유한회사 세양
34893,클라리넷 리드 등 12종 구매,해군교육사령부,성화종합상사
34894,사격장 탄투회수대 및 탄두회수함 제작 설치납품,제1989부대,비드커뮤니티
34896,"부호기,축각 디지털 표시식 1종",해군군수사령부,엠지산업
34898,축 등 2종,해군군수사령부,세종상사
34901,오렌지 등 15종 구매,제8385부대,엠플러스에프엔씨 주식회사
34904,종이컵 등 19품목 구매 납품,제9227부대,서원
34907,19년 충성대 신문제작(재공고),육군3사관학교,원컴
34910,튜브(곡선형) 등 28품목,해군제1수리창,영동상사
34911,19-033 메탈램프 등 68품목,공군교육사령부,창신스텐금속
34913,벨트 등 7품목 구매,제9691부대,안보종합상사
34933,분무기 인력식노즐 등 352종 구매 납품,제9196부대,대원(垈元)
34939,19년 백령도 개선식 구매 납품,제9196부대,주식회사 푸르밀
34943,야구부 훈련용품(배트 등 14종),국군체육부대,미성종합체육산업 주식회사
34946,관수용 리모컨 등 4종,제7001부대,세현종합상사
34947,"조속기, 전동기 등 3종",해군제2수리창,대성물류
34953,광 파워미터 등 17품목 구매,연평부대,금목화물산
34955,휀스 등 52품목구매,연평부대,주식회사 글로벌우리기획
34959,브리넬 경도시험기 1대 구매,해군군수사령부,석주산업
34961,유압식 잭(30톤) 1대 구매,해군군수사령부,애드온스마트 주식회사
34977,바디워시 등 15품목 구매 납품,제9227부대,세영컴퍼니
34979,비자성 드라이슈트 등 6종 구매(20198005-F),국군재정관리단,(주)크린엔조이
34981,"체인,상부용 등 1항목 구매(일장)",육군군수사령부,부산링구공업사
34984,내마모 고무매트 등 44종 구매,해군교육사령부,주식회사 우영물산
34988,자동나일론컷터 등 8종 구매,해군교육사령부,흥진상사
34989,투광기 구매,제3170부대,중앙종합상사
34990,플러스펜 등 61종 구매,제5738부대,주식회사 에이원
34993,"바퀴, 캐스터용 등 2종",해군군수사령부,(주)원진
34999,ABS카트리지 등 14종,해군군수사령부,(주)디에스인프라
35002,정전기방지용매트등4종 구매,육군종합정비창,헵시바상사
35014,25톤 프리마 DPF카탈리스트 등 32항목 구매(해파),육군군수사령부,주식회사 광일이엔지
35016,로디우스 에바(ASSY) 등 34항목 구매(해파),육군군수사령부,(주)씨티원서비스
35019,전자키 등 25종,제7001부대,주식회사 부영상사
35020,얼룩무늬 차광막 구매,제9181부대,글로리퍼니쳐
35021,국자등 70품목 구매,제9181부대,아름컴퍼니
35023,참 소중한 너라서 등 106품목 구매,연평부대,비퍼블릭
35031,이발가위 1품목 구매(물자),육군군수사령부,영흥인퍼스
35038,19-009 수경 등 4종,공군사관학교,제우스
35048,19-004 인화점시험기,공군교육사령부,소영프로젝트
35051,무선프리젠터 등 4종 구매,제5738부대,주식회사 부창산업
35063,포장자재 종이등34종 구매,육군종합정비창,주식회사 에스에스티넷
35067,플라스틱 물통 1품목 구매(물자),육군군수사령부,JH컴퍼니
35076,샤프심 등 285종 구매,제9121부대,가나오피스가구
35080,분류표기용 라벨 등 484종 구매,제9121부대,현대시스템
35083,상장케이스 등 20종 구매,제3170부대,제이제이유통
35084,커넥터 등 167종 구매,제3170부대,대명상사
35085,접지플러그 등 178종 구매,제3170부대,서진산업
35086,링세트 등 227종 구매,제3170부대,대경산업
35090,물류관리라벨 등 224종 구매 납품,제9196부대,케이이에스
35091,마포대 등 361품목 구매,제9해병여단,창진
35092,19-목-00부대 가지 등 258종 구매,해군제3함대사령부,삼손식품
35093,19-목-00기지 가지 등 261종 구매,해군제3함대사령부,삼손식품
35095,"하우징,터보과급기용 1종",해군군수사령부,동해종합상사
35104,풍선 등 5종 구매(20198008-D),국군재정관리단,(주)보성중공업
35105,해상 유류호스 8개 구매(20198009-D),국군재정관리단,에이치제이시스템
35106,내화비밀보관함 구매(20198003-F),국군재정관리단,주식회사 동진전기통신
35108,플러스펜 등 215품목 구매,제9해병여단,신제주스포츠
35117,에어호스 등 54종 구매,제3170부대,나무늘보
35120,사무용가위 등 125종 구매,해군교육사령부,장복종합상사
35121,승조원 침실 사물함 문 수선 등 6종,해군군수사령부,퍼스트OA사무가구 우드메탈
35122,K-3공 펀치 등 168종,해군본부,주식회사 첫걸음종합상사
35123,다목적가위 등 192종 구매,제3170부대,중앙종합상사
35125,19-주한미군 육군숙박업소 전자제품 구매 설치,국군재정관리단,주식회사 세종제이테크
35126,항법가방 등 2품목 구매(물자),육군군수사령부,뉴산들 주식회사
35135,네임펜 등 431종 구매,제8385부대,주식회사 구정
35149,19-1차 야구부 훈련용품(유니폼 등 16종) 구매,국군체육부대,주식회사 뉴하나회
35151,수세미 등 28종 구매,제9911부대,케이엔피 트레이드
35152,디지털 도어락 구매,제9911부대,이터널
35154,호스 등 14품목,해군제1수리창,삼동유통상사
35155,유타포어 너클정 구매,해군사관학교,주식회사 투크로스
35157,오버헤드스케너 구매,해군사관학교,주식회사 산돌비엠티
35158,실리카 섬유포직 등 2종,해군군수사령부,성광상사
35160,우퍼스피커 등 8종 구매,제3170부대,주식회사 그린이지
35165,1분기 발간재료 구매,제3707부대,우성무역
35166,두루마리 상황판등 4품목 구매,제9181부대,효성상사
35167,해병대 창설 70주년 기념 조형물 제작설치,제9691부대,(주)한국건축조형미술연구소
35172,작도기재류 등 9항목 구매(물자),육군군수사령부,대한스크린
35173,계룡스파텔 호텔용품(감초등200종) 구매,국군재정관리단,(주)제이.텍
35175,마이톤텍스 등 215종 구매,해군교육사령부,주식회사 백운테크
35177,족구공 등 119종 구매,해군교육사령부,마니
35188,19-003 패러글라이더 1종(6SET),공군사관학교,DY시스템
35196,인화지 등 94종 구매 납품,제9196부대,주식회사 미컴퍼니
35197,위장크림 구매,제9181부대,아이케이엠상사
35198,폼블럭 140EA 구매,재경근무지원대대,강원상사
35202,디스플레이 유닛 1종,해군군수사령부,강원상사
35209,발칸 부싱등19종 구매,육군종합정비창,협신정밀
35210,다련장 개스킷등8종 구매,육군종합정비창,세진테크
35212,다목적전술차 방열기 구매,육군종합정비창,동양기전
35213,아이스박스 등 90품목 구매 납품,제9227부대,조광유통
35215,식기소독보관함 1품목 구매(물자),육군군수사령부,한국케이엔티(주)
35217,예비군 총기 손질 및 정비실 설치(1차),제6128부대,경남상사
35222,영점사격장용 표적꽂이 등 13품목 구매,제9181부대,주식회사 큰나무
35224,전기솥(20인용) 등 2품목 구매(물자),육군군수사령부,유한회사 한빛기업
35228,파병부대 중간재보급 민사물자(컷팅봉 등 46품목),육군군수사령부,주식회사 비알인포텍
35229,파병부대 중간재보급 민사물자(태양광) 구매,육군군수사령부,주식회사 라온기획
35233,차아염소산칼슘 등 5항목 구매(물자),육군군수사령부,삼일이화학상사
35236,테이블트럭(광폭형)등 17종 구매,해군교육사령부,현대시스템
35238,이발기계 등 49종 구매,국방부계룡대근무지원단,주식회사 더심
35240,칫솔 등 11종 구매(단가계약),재경근무지원대대,시온하이텍
35242,세면타올 800장 구매,재경근무지원대대,코바코
35245,성우회관용 로션 등 64종 구매,국방부계룡대근무지원단,전일종합상사
35247,아시클로버정 등 86항목 구매(해파),육군군수사령부,바른약품 주식회사
35248,다용도 릴호스 1품목 구매(물자),육군군수사령부,주식회사 미다스글로벌
35249,고정물 전등용 97EA 구매,해군군수사령부,주식회사 부강이엔지
35252,조리실습재료(장어포) 등 202종 구매,해군교육사령부,피앤에스
35256,"고정물, 전등용 등 2종 구매",해군군수사령부,주식회사 원우글로리아
35264,파병부대 중간재보급물자(육절기 등 35종) 구매,육군군수사령부,모양방
35269,팀파니 등 2종 구매,해군교육사령부,클랑악기
35270,무선이동앰프 3개 구매,해군교육사령부,상진물류
35363,'19년 설날 냉동조각 케익 계약,제1군수지원사령부,포스텍
35375,리페인 캅셀 등 116종,제7001부대,티엠이바이오 주식회사
35382,염화칼슘 등 35종 구매,제9911부대,서윤산업
35391,파병부대 끌기식가방 등 2종 구매,육군군수사령부,주식회사 포스트엑스
35393,파병부대 디지털셔츠 등 5종,육군군수사령부,주식회사 비에스아이엔티
35394,파병부대 대테러복 등 6종,육군군수사령부,주식회사 보니스
35395,파병부대 운동모 등 3종 구매,육군군수사령부,유한회사 한빛기업
35396,파병부대 수영복 등 4종,육군군수사령부,유한회사 한빛기업
35399,파병부대 컴벳셔츠 등 2종 구매,육군군수사령부,주식회사 토브더가먼트메이커
35401,휴게실 탁자 상판 수선 등 9종,해군군수사령부,성우약국
35402,함장실 쇼파 수선 등 12종,해군군수사령부,금성종합상사
35406,'19년 설날 냉동조각 케익(강원권) 계약,제1군수지원사령부,주식회사 제이와이인터내셔널
35426,방화문 및 도어락 교체 설치,제5738부대,연천종합물산
35447,21-00대학교 국외 정기간행물 구매,합동군사대학교,지오
35463,가지 등 385종 구매,자운대근무지원연대,주식회사 유노미아
35496,불모지작전 자재 구매,제1862부대,유니콘산업
35507,"(육성,용산) 노고산 전투화세척기 구매(설치납품)",제3697부대,브엘세바(Beersheba)
35509,스킨 등 50품목 구매,제9691부대,아로유통
35511,무선철 제본기 및 자동 묶음기 구매 / 설치,육군인사사령부,보성인재
35520,동계 재난예방 물자 구매(제설함 등 5종),제25보병사단,캠핑아미고
35525,20년 동계재난예방 물자구매,제1288부대,칠성유통
35526,21년 야구부 훈련용품(유니폼 등 13종),국군체육부대,(주) 에이스티앤아이
35552,내부투시기 1항목 구매(통신),육군군수사령부,트라이셀코리아 주식회사
35553,불모지작전 자재 구매(코어네트 등 3종),제25보병사단,동강산업
35563,불모지작전 자재(야자매트) 구매,제22보병사단,우수이앤씨주식회사
35578,"시일, 평면형 1종 구매",해군군수사령부,주식회사 대경전설
35589,백무쌈 등 32종,제20전투비행단,(주)롯데식자재
35594,개스킷 등 4종 구매,해군군수사령부,동진상사
35597,사령부 위병소 출입문 교체(설치납품),제2307부대,주식회사 금석건설
35599,"셸터,비전개식",우주지휘통신총괄계약팀,주식회사 신광테크놀러지
35610,00부대 빔 프로젝트 설치납품,제60보병사단,주식회사 부림
35612,20년 유해발굴작전 유지물자(통신) 구매,제5보병사단,닉스
35616,OO부대 통합배선 설치납품(20-2500-43-23),육군 제1군단,주식회사 지준시스템
35617,20201210_공개수의 테스트,방사청(테스트기관),조달테스트업체Ⅰ
35618,"밴,1¼톤 포사격지휘소용",화력총괄계약팀,동일쉘터시스템
35641,휴대용 시료수집기 구매,국군화생방방호사령부,(주)이에이치
35642,클렌징 티슈 등 13종 구매,해군교육사령부,마니
35645,딜루지 노즐 헤드 1종 구매,해군군수사령부,주식회사 템솔
35648,휴대용 시료수집기 구매,국군화생방방호사령부,(주)이에이치
35657,디지털윤전재료 5종 구매,국방출판지원단,아회
35670,KF94 마스크 등 3종 구매,제9911부대,휴심리치료연구소
35673,KF94마스크 등 12종 구매,해군사관학교,대광산업
35674,안전벨트세트 등 13종 구매,해군작전사령부,미래정밀
35678,오-링 등 62종 구매,해군군수사령부,제일테크
35682,2021년 국내 / 국외 간행물 구매,국방대학교,주식회사 챔피언스초이스
35695,레드향 등 7종,해군 기동함대사령부,오도유통
35709,"시일,평면형 1종 구매",해군군수사령부,주식회사남동
35712,디스플레이 유닛 1종 구매,해군군수사령부,강원상사
35713,평판등 등 11품목 구매(20-310),공군제15특수임무비행단,늘품산업
35714,TACM 차광망 등 476종 구매,해군작전사령부,온누리교육사(스포타임)
35715,상장케이스 등 86품목 구매,제3170부대,그린비젼
35731,역삼투조수기 10톤(비자성),지상공통전력운영계약팀,이엔테크 주식회사
35736,개스킷 등 34품목 구매(20349),해군제1수리창,칼라투
35737,셔틀콕 등 28종 구매,해군작전사령부,행복유통
35740,후반기 국가기술자격검정 시험재료 72종 구매,육군 제1군단,효선
35741,텔레비전 등 2품목 구매,제9691부대,주식회사 가온산업
35752,20년 후반기 자산취득품목 구매,육군종합군수학교,주식회사 로하스
35753,로잉머신 등 2종 구매,해군작전사령부,아이지컴퍼니
35759,트리타겟 등 3품목 구매,제9691부대,디와이테크
35764,형광램프 등 3종 구매,국방부계룡대근무지원단,비엠에이치주식회사
35772,실버 날크립 등 338종,해군제3함대사령부,동서종합상사
35774,개스킷 등 17종 구매,해군군수사령부,티에스케이
35775,정전기 방지 매트 등 141종 구매,해군제3함대사령부,영암통상
35782,파병부대 예초기 등 18품목 구매,육군군수사령부,해오름상사
35797,간호스테이션(1bx),제7001부대,세명종합공구
35798,20-303 00부대 연주장 방음문 교체,수도방위사령부,유니버스건설주식회사
35802,"링, 지지용 등 10종 구매",해군군수사령부,주식회사동양엔지니어링
35805,팁 등 2종 구매,해군군수사령부,주식회사 오로라
35812,분말소화기 등 3종 구매,자운대근무지원연대,쌍용물산
35820,4분기 병영훈련 용품 구매(제작물 포함),육군학생군사학교,에이치에스디아이
35821,NVR 등 33종 구매,해군제3함대사령부,스카이유통
35834,젭슨차트(JEPPESEN CHART) 구매(20-273),공군제15특수임무비행단,(주)베스틴무역
35844,20-429 아크릴판 등 3품목,공군교육사령부,공군교육사양품점
35858,마크 슬링벨트 등 594품목 구매(20336),해군제1수리창,삼동유통상사
35861,00부대 동원훈련용 소독티슈 구매,육군 52보병사단,솔안
35863,00부대 비말차단 마스크 및 향균필름 구매,육군 52보병사단,인터내셔널 삼위
35865,서보 유니트 1종 구매,해군군수사령부,세림상사 주식회사
35866,파병모 등 6종 구매,해군작전사령부,유니콘
35867,"등, 마루용 등 3종 구매",해군군수사령부,태양전자
35870,노즐 1종 구매,해군군수사령부,선
35872,암막커텐 등 2종 구매,해군작전사령부,오피스웨이 기장점
35879,장우산,국방부(운영지원과),중원
35886,R Syringe 등 10종 구매,제5738부대,주식회사 애니메디칼
35892,배토사 구매,제9227부대,현민유통
35897,인바디 다이얼W 2개 구매,해군교육사령부,영해
35898,무조날크림 15g 등 9품목 구매,해군교육사령부,에스제이메디칼
35903,분배 디스크 등 3종 구매,해군군수사령부,(주)블루마린
35904,"미세먼지마스크(KF-94/21,117개)",제7001부대,다림테크
35908,행사복 동코트 제작,국방부근무지원단,삼보실업
35910,파병부대 케리어 등 2종 구매,육군군수사령부,주식회사 포스트엑스
35911,파병부대 케리어 등 2종 구매,육군군수사령부,주식회사 케이백
35914,파병부대 케리어 등 2종 구매,육군군수사령부,주식회사 포스트엑스
35915,파병부대 케리어 등 2종 구매,육군군수사령부,주식회사 케이백
35923,헤드랜턴 등 4품목 구매,제9196부대,예인유통
35949,도어락 등 2종 구매(20-288),공군제15특수임무비행단,금강제이씨
35950,20-82-탱크레벨 셋트 등 13종,해군제2수리창,두성물산
35951,치약 등 2품목 구매,제3170부대,이지R&C
35952,실습작업대 등 5종 구매,해군교육사령부,디에이치 시스템
35953,호송작전 증편물자 구매,동원전력사령부,모양방시스템
35957,20-83-감압변 등 7종,해군제2수리창,안보종합상사
35970,비대면 자동감지 체온계 등 2종,해군본부,(유)우리상사
35972,(20-170) 도어락 등 60품목 구매,공군제18전투비행단,세진네트웍스(주)
35976,파라솔 등 2종 구매,해군교육사령부,엔씨
35977,타인에 대한 연민 등 72종 구매,해군교육사령부,대성
35978,레일형 토스터기 2개 구매,해군교육사령부,엔씨
35980,5단 툴세트 등 3종 구매,해군교육사령부,백야테크
35985,"등, 실내용 등 2종 구매",해군군수사령부,태양전자
35993,위-213 4개부대 방열기 자재구매,제3보병사단,가람산업
36002,전공가위 등 33품목 구매,제9181부대,주영
36010,동원훈련장 탄두회수함 탄성매트 구매 설치,제36보병사단,네이쳐 에프에스
36020,전동작업카트 구매,제9691부대,푸른도장
36022,4분기 12차 레슬링부 운동용품(방한용 패딩 등 2종),국군체육부대,쓰리지엠
36023,기름걸레 리필용 등 51종 구매,제9911부대,대건
36024,유해발굴작전 유지물자 구매(8차)(AA-20057),제5보병사단,정민테크
36025,싸이렌 앰프 등 32품목 구매,제3170부대,초록
36036,수간주사 약제배낭 등 8종,제7001부대,주식회사 반석
36039,컷쏘 등 2종 구매,해군사관학교,성화종합상사
36040,자동폽업 등 93종 구매,해군사관학교,주니어비
36042,물티슈 등 776종 구매,해군사관학교,주식회사 예린
36044,정통교 LAN 포트락 등 242종 구매,해군교육사령부,재동상사
36045,이블커버 등 50종,제7001부대,다다
36048,20-77-선반인서트 등 299종,해군제2수리창,대건
36049,OMR카드 리더기 1개 구매,해군교육사령부,유준닷컴
36050,무조날크림 15g 등 80품목 구매,해군교육사령부,네오썬팜
36051,현관정 등 70종,제7001부대,날으는곰에프엔지애드(F&GAD)
36053,0여단 자산류 19종 구매,제1891부대,충북판매서비스
36054,공업용 포장랩 등 17종,해군군수사령부,주식회사 진성하이텍
36059,소화약제(분말소화기 등 7종) 구매,국방부근무지원단,(주)오일금속
36066,어댑터 등 123종 구매,해군제3함대사령부,에스에이치상사
36068,작업등 등 160품목 구매(20323),해군제1수리창,주식회사 원경
36069,커패시터 고정식 등 11품목 구매(316~318),해군제1수리창,제이테크
36078,20-공-자동혈구계산기(중형) 구매,국군재정관리단,주식회사 남양메디칼
36080,만능밀링머신 구매,제1군수지원사령부,스카이 팡
36083,아일렛 핀 등 349품목 구매(20315),해군제1수리창,수주종합상사
36090,톤백(벨트형) 구매,해군군수사령부,엔씨
36091,외국어교채(영어) 13종구매,합동군사대학교,인텍
36093,자바라 컨베이어롤러 등 2종 구매,동원전력사령부,(주)디에스인프라
36095,세라믹 울 등 5종,해군군수사령부,코아
36097,부동급수전 등 75종,제7001부대,수정유통
36100,헤라 등 140종 구매,제9911부대,대건
36104,00공관 키폰교환기 교체납품,국군지휘통신사령부,주식회사 디와이기전
36106,옐로우 연필 등 248품목 구매,제9691부대,영수유통
36114,데스크탑 등 18종 구매 납품,제3283부대,헵시바상사
36115,심폐소생술마네킹 구매 납품,제3283부대,포항케이피엘(KPL)
36117,책장 4EA,해군 기동함대사령부,신제주스포츠
36119,컬러정부화일 등 48종,해군 기동함대사령부,알파유통 주식회사
36122,스테인리스 주름관 등 137품목 구매,제9181부대,대양전기
36134,컷팅매트 등 232종 구매,해군군수사령부,주식회사 우영물산
36142,비화전화용 VOIP 단말기 구매,해군작전사령부,(주) 건영패밀리
36144,겸용 제본기 등 41품목 구매,제9691부대,주식회사 이음
36152,20년 천궁 통제소 시험세트(안테나 정렬용),미래전력사업전력운영계약팀,(주)에이치케이씨
36153,이어플러그 등 8품목 구매,제9181부대,주식회사 은총
36154,[20-261]보관함(캐비닛) 구매,공군제10전투비행단,힐탑플러스
36167,갈퀴 등 56종 구매,해군제3함대사령부,무진통상
36168,쎄레브렉스 캡슐 등 48종,제2002부대,주식회사 위니드팜
36174,전투발전우수 제안 부상품(시계) 구매,육군교육사령부,(주)한일종합상사
36188,주방세재 등 36품목 구매,제9181부대,달루스 컴퍼니
36194,파병부대 팔토시 등 3종 구매,육군군수사령부,주식회사 하이스
36195,파병부대 팔토시 등 3종 구매,육군군수사령부,그린 유통사
36196,파병부대 팔토시 등 3종 구매,육군군수사령부,주식회사 쿠미오리
36197,파병부대 운동모 등 3종 구매,육군군수사령부,모이스텍
36198,파병부대 운동모 등 3종 구매,육군군수사령부,주식회사 스마트바이오
36199,파병부대 운동모 등 3종 구매,육군군수사령부,베스트프리 주식회사
36200,파병부대 셔츠류 3종 구매,육군군수사령부,주식회사 바룩하쉠
36201,파병부대 셔츠류 3종 구매,육군군수사령부,주식회사 태촌실업
36202,파병부대 셔츠류 3종 구매,육군군수사령부,주식회사 행복공간
36204,"변압기, 전력용 1종 구매",해군군수사령부,국제전기
36205,봉합 링 1종 구매,해군군수사령부,칼라투
36215,총기보관함 구매,제5738부대,네오안전 종합상사
36220,고정펀치 등 446종 구매,제5738부대,현민유통
36221,작업등 등 85종 구매,제5738부대,주식회사 태촌실업
36232,(20-337) 옷장 등 34종,공군제5공중기동비행단,퍼메이드종합가구
36234,축구공 등 12품목 구매,제9181부대,태성
36237,샤클 1품목 구매(20311),해군제1수리창,영동상사
36246,"변환기, 개스 터어빈용 등 2종 구매",해군군수사령부,주식회사 젬마물산
36250,팁 등 2종 구매,해군군수사령부,쌔미쌔미
36252,롱노우즈 등 86종,제7001부대,코아
36260,호스 등 51종 구매,육군종합정비창,영흥인퍼스
36261,튜브 등 21종 구매,육군종합정비창,소원테크
36263,"20-261. 인사행정처, 마스크 등 3종",공군 제8전투비행단,가나산업
36272,자동화 사격장 표적호 방호판 제작,제2632부대,두나무조경
36275,개스킷 등 18종 구매,해군군수사령부,가온리테일
36290,자동화사격장 방호판 구매설치,제22보병사단,에버그린
36293,[20-231]전동 승용카트 등 2종 구매,공군제10전투비행단,한민솔루션 주식회사
36296,벽면 타공판 등 45품목 구매,제9196부대,정진
36299,전자충격봉,공군군수사령부,주식회사 석호
36300,고압세척기 등 26종 구매,제9911부대,마리컴퍼니
36306,우편발송 라벨 등 369종('20-5차),제2002부대,주주컴퍼니
36309,중ㆍ대형견 이동견사(캐리어/케이지/켄넬) 구매,육군교육사령부,양원에스씨
36316,보행매트 등 4종 구매,제8385부대,(주)재성
36323,요커버 등 5품목,해군 기동함대사령부,해솔상사
36325,20-370 훈련장 단상 등 1품목,공군교육사령부,케이와이앤(KYN)
36334,20-2차 OO체계 운용용품,국방정보본부,필젠
36337,훈련용 비말마스크 및 향균필름 구매,제17보병사단,노브식스
36342,이지롱 등 133종 구매,제9911부대,(주)석호약품
36344,사격장 탄두회수함 설치납품(전남),제1989부대,엠에스유통
36347,"와셔, 평면형 등 33종 구매",해군군수사령부,선
36348,사격장 탄두회수함 설치납품(광주),제1989부대,전진상사
36349,크리넥스 스카트 물티슈 등 235종 구매,제9911부대,(주)디에스인프라
36355,국자(대) 등 60품목 구매,제9227부대,한성산업
36361,20-366 화상회의 에코캔슬러 등 51품목,공군교육사령부,주식회사 제이디글로벌
36376,"띠, 지지용 등 12종 구매",해군군수사령부,보성 MD
36379,상가대 사이드 빔 등 12종 구매,해군제3함대사령부,우성종합상사
36382,심폐소생술 마네킹 등 2품목 구매,연평부대,씨앤케이텍스(C&K TEX)
36383,브이벨트 등 12종,해군제3함대사령부,꿈에그린
36385,SNCN SW UPGRADE KIT 1종,해군군수사령부,경북상사
36386,딱풀 등 211품목 구매,제9227부대,주식회사 창원상사
36387,승용식 5갱모아 구매,제9227부대,(주)텍스코
36389,NT 커터날 등 374종 구매,제5738부대,유니유통
36390,이동형 냉풍기 등 9종 구매,제5738부대,호미유통
36394,(긴급) 팁 등 7종 구매,해군군수사령부,세명종합공구
36395,(긴급) 패킹재료 등 28종 구매,해군군수사령부,협성산업사
36399,파쇄날 등 8종 구매,공군제19전투비행단,주식회사 다윤
36400,도로 청소용 디스크 브러쉬 구매,공군제19전투비행단,(주)재성
36402,주파수 측정세트,공군군수사령부,범창기업 주식회사
36416,다웰바스틸폼 등 3종 구매,해군작전사령부,성화종합상사
36421,ㄱ형 접지프러그 등 30종 구매,재경근무지원대대,한진산업기계(주)
36425,발권기 감열지 등 66품목 구매,제9691부대,디앤유
36427,기군단 양수기 1대 구매,해군교육사령부,효원
36429,새끼줄 등 79품목 구매,제3170부대,(주)누리숲
36431,금형랙 등 2종 구매,해군군수사령부,제이에스컴퍼니
36432,수중랜턴 등 5종,제7001부대,주식회사팔공물산
36437,독서대 등 59종,해군 기동함대사령부,해솔상사
36438,고급용 미용세트 등 2종,해군 기동함대사령부,해솔상사
36449,(긴급) VDF 외함 등 2종 구매,해군군수사령부,에스와이테크
36452,"쉘터,비전개식(2½사격지휘차용)",화력총괄계약팀,주식회사 신광테크놀러지
36456,국자 등 18품목 구매,제9181부대,주식회사 오에스팜
36466,DVD(빈폴 등 33종) 구매,해군사관학교,효원
36469,흡착기 등 257종 구매,제5738부대,태양개발
36471,탄약고 침수경보반 등 2종 구매,해군군수사령부,사회적협동조합 푸른하늘
36472,"시일, 평면형 등 3종 구매",해군군수사령부,에이치디현대마린엔진 주식회사
36481,"2021년 해군 탁상달력 2,200개",해군본부,애드모아
36482,4분기 실습 재료 구매계약,육군부사관학교,형설과학
36485,가이드,지상공통전력운영계약팀,평화정밀
36486,라미네이팅 파우치필름 등 267종,해군 기동함대사령부,영테크
36497,분리형 이동식 냉방기 등 2종 구매,해군작전사령부,주식회사 반석
36515,잭 구매,제9691부대,동명이앤엘
36517,결재판 등 214종 구매,해군사관학교,주식회사 이수케이
36524,서가 등 4종 구매,공군제19전투비행단,제패
36525,"20-조-59,62 행사용 연설대등 11종",공군 작사예하 방포사예하 제2여단,푸른에스씨
36526,기군단 바스랄로커스 등 3종 구매,해군교육사령부,주식회사 더원시스템
36528,튜브 등 2종 구매,해군군수사령부,영화산업
36533,"캡, 물질잡이용 1종 구매",해군제1수리창,수주종합상사
36538,결재판 등 1212종,해군 기동함대사령부,엔피비(NPB)컴퍼니
36544,컨베이어 벨트 구매,제55보병사단,주식회사 태촌실업
36545,해드셋 H390 등 22종 구매,해군교육사령부,다모아
36546,체조 등 4개 부서 운동용품(평행봉바 등 12종),국군체육부대,미성종합상사
36549,동원훈련용 소독티슈 구매,제17보병사단,스카이 팡
36550,기군단 책장 2개 구매,해군교육사령부,영해
36555,Charging Corona Unit 등 82종,해군본부,주식회사 계룡대종합상사
36556,결재판 등 300종,해군본부,수정코리아
36565,행사 동코트 제작,국방부근무지원단,주식회사 조은나랑
36568,기행교 면장철 등 465종 구매,해군교육사령부,주식회사 진성하이텍
36571,(긴급) 패킹재료 등 14종 구매,해군군수사령부,에스제이유통(SJ)
36573,20-74-직결식 마스크 등 20종,해군제2수리창,메이순주식회사
36576,"동계피복(위장, 정비, 위병, 취사) 구매",제3707부대,제일피알
36578,고무판 등 374종 구매,제9121부대,대흥사무기상사
36579,20-73-롤러형 체인 등 13종,해군제2수리창,올파츠
36584,"제재목, 연재질, 두꺼운형 등 2종",해군군수사령부,에스지에스
36588,00훈련장 야외사격장 매트 구매,제60보병사단,한국통상
36592,개스킷 등 4종 구매,해군군수사령부,가촌상사
36593,개스킷 등 19종 구매,해군군수사령부,윤영
36596,행사 동코트 제작,국방부근무지원단,주식회사 조은나랑
36599,육군 행사복 코트 제작,국방부근무지원단,주식회사 조은나랑
36606,코팅지 등 200종 구매 납품,제3283부대,선혜상사
36607,인수공통 모든 전염병의 열쇠 등 131종,국군의무학교,아이원텍
36610,탐침봉 등 12종 구매 납품,제3283부대,피닉스
36611,제빙기 등 6종 구매 납품,제3283부대,대경산업
36617,(206298-C)자주식 브러쉬형 제설기 구매,국군재정관리단,주식회사 부강이엔지
36619,21년 정보월력 제작,제9965부대,팩컴코리아주식회사
36625,인헌관 GHP 실외기 구매설치,육군사관학교,주식회사 에이치앤아이웍스
36626,VR기반 비행교육훈련체계,공군군수사령부,주식회사 이너트론
36631,제본기 등 204품목 구매,제9해병여단,영신상사
36641,19인치 제논탐조등,지상공통전력운영계약팀,대양전기공업(주)
36648,20-목-해00단 CBT 교실 리스(208168-G),국군재정관리단,롯데캐피탈(주)
36653,손 세정제 등 3종 구매,공군제19전투비행단,주식회사 충청넷
36654,후지셈 등 82종 구매,제5738부대,으뜸상사
36658,대잠립 폼튜브 충진폼(특수스폰지) 구매/설치,제8385부대,(주)동건
36661,유성펜 등 416종 구매,제8385부대,월천테크
36662,부샤 체크 게이지 등 43종 구매,제8385부대,반석상사
36664,스팀다리미 등 11종 구매,국방부근무지원단,신수네
36667,샴푸대 등 5종 구매,제5738부대,일월종합상사
36674,"(조달-제작-30) 시험세트, 초음파식 구매",공군군수사령부,주식회사보승글로벌
36690,복대 등 102종 구매,제5738부대,나경기획
36692,"비석면판, 압축식 등 2종",해군군수사령부,금성특수산업
36696,쿼드콘(QUADCON) 구매,제3170부대,주식회사 큰나무
36698,축구공 등 153품목 구매,제9227부대,조광유통
36699,레이저포인터 등 284종 구매,제5738부대,골드라벨
36717,알루미늄 프로파일 등 3품목 구매(20-236),공군제15특수임무비행단,에이블커머스
36719,제본기(바인딩기 15대),제7001부대,주식회사조은기업
36720,전자방명록 구매,제9227부대,주식회사 넥스
36721,대용량PP컬러정부화일 등 233종 구매,해군군수사령부,영우상사
36723,그린사 구매,제9911부대,스타시스템
36724,피스톤 로드 등 2종 4점 구매,제9121부대,신동하이텍
36728,PP박스 등 8종 구매,육군종합정비창,주식회사 아주프라텍
36733,발칸 링등22종 구매,육군종합정비창,현대정밀가스켓
36736,비철류 늄합금봉등34종 구매,육군종합정비창,(주)종로인더스트리
36738,방진마스크 등 4종 구매,육군종합정비창,주식회사 이지아이템
36748,20-사령부 연병장 관람석 차양막 제작 설치,공군교육사령부,(주)스페이스업
36753,CD보관함 등 49종 구매,해군작전사령부,케이-부영
36759,육-20년 방탄조끼 등 3개품목-,제32보병사단,케이엠글로벌
36762,20년 2차 축성도구 구매,제1군수지원사령부,현우종합상사
36765,배드민턴 등 4개 부서 운동용품(셔틀콕 등 10종),국군체육부대,진성
36772,20년 155밀리 모의추진장약 등,지상공통전력운영계약팀,덕인산업
36783,"(긴급) 엘보,보스용 등 24종 구매",해군군수사령부,주식회사남동
36785,(긴급) 패킹재료 등 14종 구매,해군군수사령부,피앤에스
36787,00부대 항균티슈 및 항균 필름 구매,제6755부대,미컴퍼니
36795,"가열기, 온수용, 전기식 1종 구매",해군군수사령부,(주)블루마린
36798,재생지 라벨 등 63품목 구매,제3170부대,대박상사
36802,공기압축 휀다 4EA 구매,해군군수사령부,디엠글로벌
36803,"게이지, 압력측정용, 문자판식 등 18종 구매",해군군수사령부,주식회사남동
36806,00부대 숙소 자동문 설치(20-164),수도방위사령부,세영건설
36808,알루미늄관 등 111종,공군군수사령부,희망테크
36809,"조속기,전동기용 1EA 구매(20289)",해군제1수리창,남부상사
36833,재해복구를 위한 축성도구(2) 계약,제28보병사단,엔엘코리아
36835,커버 등 18종,해군제3함대사령부,동원샘물유통
36836,동원훈련용 비말차단 마스크 및 향균필름 구매,동원전력사령부,JS시너지
36837,동원훈련용 손소독 티슈 구매,동원전력사령부,골드상사
36840,"램프,발광 다이오드용 1종 구매",해군군수사령부,주식회사동양엔지니어링
36841,감지센샤 등 3종 구매,해군군수사령부,동진상사
36856,'20년 탑승식 습식청소차 구매,육군종합정비창,비엠코리아
36862,모사전송기 1항목 구매(통신),육군군수사령부,(주)인컴에스엔
36864,20-301 대형세차기 납품/설치 (수정),공군사관학교,연우상사
36865,코러스세프라딘캡슐 등 40폼목,해군 기동함대사령부,주식회사 한서팜
36866,스피링쿨러 등 21종,해군 기동함대사령부,신제주스포츠
36889,00부대 상징 조형물(솔개상) 제작,국군제1068부대,(주)신우이엔지
36897,"개스킷, 배기다기관용 등 53종 구매",해군군수사령부,경기종합상사
36904,멸균기 중형 1EA,제20전투비행단,좋은친구들
36912,방연마스크 등 367품목 구매,제9181부대,중앙
36913,다용도함 등 66품목 구매,제9181부대,케어다임(Caredigm)
36915,알루미늄 액자 등 136품목 구매,제9181부대,케이엔피 트레이드
36919,"커플링 하프,급속분리형 등 52종 1,392점 구매",제9121부대,라온상사
36921,전자순찰시계 등 5품목 구매(20-234),공군제15특수임무비행단,(주)피플컴퍼니
36926,"변환기, 동적 픽업용 1종 구매",해군군수사령부,미래상사
36930,바디워시 등 156품목 구매,제9227부대,민수유통
36932,반사안전조끼 등 11품목 구매(20-238),공군제15특수임무비행단,다복상사
36940,실내수영장 여과제 교체 설치,제3283부대,대명종합상사
36943,(207182-D)유해및유가족유전자검사재료구매(납품),국군재정관리단,(주)에이치엔에스바이오
36951,[20-방공관제사-44] 포터블 앰프 세트 등 13품목,공군방공관제사령부,주식회사 더그린
36952,클레비스 구매,제3170부대,대박상사
36955,프레임 작키 구매,제9691부대,아델라
36957,2-9) 영선반 자재구매,제28보병사단,JH컴퍼니
36964,20년 예비군부대 그늘막 구매,제1989부대,오피스라인현대
36971,호스결합체 등 50종 구매,육군종합정비창,(주)매싼커뮤니케이션
36975,순간접착제등9종 구매,육군종합정비창,마창케미칼 주식회사
36976,탈지제등3종 구매,육군종합정비창,마창케미칼 주식회사
36977,황산등7종 구매,육군종합정비창,마창케미칼 주식회사
36978,접착제등16종 구매,육군종합정비창,마창케미칼 주식회사
36979,마그네시아등18종 구매,육군종합정비창,마창케미칼 주식회사
36980,튜브 등 27종 구매,육군종합정비창,미래테크
36981,실사용보호필름등4종 구매,육군종합정비창,(주)종로인더스트리
36998,"20-274 천평, 비틀림식",공군제5공중기동비행단,영화상사
37006,20-6-탄약 크레인카 외주정비,제5738부대,(주)한일공업
37007,"체인(1,500MR)",제7001부대,주식회사보승글로벌
37014,크리넥스 손소독겔 등 972종 구매,제9911부대,씨티원 경기지점
37018,"고무링 3MM 등 22품목 구매(20279, 20280, 20282)",해군제1수리창,(주)동건
37028,면봉등80종 구매,육군종합정비창,주식회사우정상사
37032,화진포콘도 인덕션 구매 2종,국군복지단,드림산업
37036,C/S유바 등 76종 구매,제8385부대,다모아상사
37040,전동거꾸리 등 2종 구매,제9911부대,파코상사
37048,'20년 호우피해 복구자재 구매,육군항공사령부,서연컴퍼니주식회사
37050,20-71-오링 등 8종,해군제2수리창,대성물류
37051,새싹이 물티슈 등 827종 구매,제9911부대,다이소우
37053,커팅엣지 구매,제5738부대,호미유통
37054,20-2차 전장관리체계 운용품 구매,국군지휘통신사령부,주식회사도영디와이
37055,예비군훈련장 비말차단 마스크 구매,육군 제1군단,필유통상사
37056,예비군훈련장 소독티슈 구매,육군 제1군단,주식회사 클라우드컴퍼니
37057,[20-0073] 경량 다기능 방탄복 구매,공군제17전투비행단,(주)나우코퍼레이션
37064,타이로드 엔드,지상공통전력운영계약팀,우창기계 주식회사
37068,노후 방열기 교체(설치납품),육군부사관학교,주식회사 대성안전개발
37069,암롤박스 1EA 구매,해군 기동함대사령부,부경컴퍼니
37073,(207161-D)대테러복 등 11종 구매(납품),국군재정관리단,열매
37074,20-공-피로시험기 구매,국군재정관리단,햇임이상사
37080,작전용 헤드폰 등 4종 구매,제3707부대,주식회사 소낙
37096,딱풀 등 96품목 구매,제9227부대,우리디지털테크
37100,'20년 육성지원예산 통합 구매품목(야간투시경),제2632부대,한백항공(주)
37114,00부대 비말차단 마스크 구매,제6755부대,하우웰
37118,헤라 등 77종 구매,재경근무지원대대,주식회사 에프에이씨솔루션
37119,2-10)집중호우 피해복구 자재구매,제28보병사단,대일철물건재
37120,대공추적훈련장 철탑 설치납품,육군항공사령부,전성개발주식회사
37140,페턴커터 1종,공군군수사령부,(주)동건
37146,아트지 등 30품목 구매,제9691부대,더블제이컴퍼니
37148,보안회전문 등 4종,제7001부대,(주)엘트정보기술
37157,축구공 등 55종,해군 기동함대사령부,제이제이커머스(JJ COMMERCE)
37158,(206240-C) '20년 디지털 대형인화기 구매,국군재정관리단,(주)미래행복
37165,농구부 20-2차 훈련용품,국군체육부대,엠에스산업
37167,연관솔 등 473종,해군군수사령부,영성기업사
37168,모의병기 15개 구매,제8385부대,열혈상사
37171,HDMI 분배기 등 50종 구매,제8385부대,강원종합상사
37173,신나 등 276품목 구매,연평부대,주식회사 선샤인
37175,분광계(SPECTROMETER) 구매,제5738부대,다익테크
37190,NVR 등 154품목 구매,제9196부대,리누텍
37200,"고정물,전등용 1종 구매",해군군수사령부,태양전자
37203,[20-74]20-3차 정비피복 구매(1),제6보병사단,(사)한국기능장애인협회(보람 장애인 작업장)
37207,디스플레이 유닛 1종 구매,해군군수사령부,유비트론  주식회사
37209,기류검지기 42SET 구매,해군군수사령부,(주)동건
37211,"방현재, 선박용 등 3종 구매",해군군수사령부,(주)씨존
37215,안면부 여과식 방진 마스크 등 78종 구매,해군제1수리창,행운이엔씨
37230,(207178-F)기관지내시경 구매,국군재정관리단,인메드
37242,알루미늄 합금판 1종,해군군수사령부,(주)종로인더스트리
37247,비철류 동판등21종 구매,육군종합정비창,(주)종로인더스트리
37250,재난 응급복구 자재 구매(충북 영동),육군 탄약지원사령부,신수네
37251,재난 응급복구 자재 구매(충북 제천),육군 탄약지원사령부,믿음상사
37253,정원조성 피크닉테이블 제작 설치,국방부계룡대근무지원단,(주)플랜시아
37257,(207173-H)AKJCCS 사이버방호체계 노후교체(리스물건),국군재정관리단,주식회사 티앤디소프트
37270,아타칸정 등 50품목 구매,제9691부대,주식회사 인투바이오
37271,축성도구 구매,제8기동사단,스카이피아
37275,20년 유해발굴작전 상황실 수해복구 물자구매,제5보병사단,이즈컴넷
37288,탄약저장 및 결박자재(32mm 대철) 구매,육군 탄약지원사령부,나우 스페드
37291,탄약 정비자재(추진장약 보호용 전도성비닐) 구매,육군 탄약지원사령부,(주)동건
37301,디스플레이 유닛 1종 구매,해군군수사령부,동진상사
37314,Ain 지우개 등 320종,해군제3함대사령부,마이크로트렌드
37318,아령 등 13종 구매,해군작전사령부,하이비즈
37322,핸드팁 세트 등 271종,해군제3함대사령부,전일종합상사
37325,버스킹패키지 14종 구매,국군지휘통신사령부,주연아이씨티
37327,"공기 정화기, 흡입용 등 22종",해군제3함대사령부,우성종합상사
37332,방진마스크 등 84종 구매 납품,제3283부대,태평티엔티
37333,탄약정비용 안전보호용품(방진마스크 등 4종) 구매,육군 탄약지원사령부,이터널
37348,검찰수사기구 구매,육군본부,백제기업
37360,"3분기 3차 운동용품(유도, 육상, 사이클)",국군체육부대,에이스스포츠
37363,녹화끈 등 18종,제7001부대,주식회사 예운
37365,20-68-오링 등 2종 구매,해군제2수리창,스카이
37368,소음기 측정형 누적형,국군의무사령부,남경케미칼 주식회사
37379,방사선 측정세트 구매,국군수도병원,슈슈앤크라목포상동점
37385,"와셔, 잠금식 등 52품목 구매(20258~20262, 20266)",해군제1수리창,(주)동건
37386,공업용랩 등 5종,해군군수사령부,대인종합상사
37390,20-67-선반 인서트 등 271종 구매,해군제2수리창,아베크누주식회사
37402,000대 무선 테스트 세트 1EA 구매,공군방공관제사령부,VOK(비전오브코리아)
37404,군숙소 실내등 구매,제9965부대,패브릭 쿠키(Fabric Cookie)
37406,제빙기 등 4품목 구매,제9181부대,엠제이(MJ)인터내셔널
37408,워킹스탭 등 11품목 구매,제9181부대,동일산업
37410,20년 특수피복비(정비피복류) 구매,육군항공학교,두진양행(주)
37412,다중계기 등 2종 구매,해군군수사령부,유한회사 대성
37413,잡석 등 3종 구매,제9911부대,주식회사 승지산업
37415,크리센트 등 145종 구매,제9911부대,안보종합상사
37417,용기검사 등 3품목 구매,연평부대,엠에스인천가스(주)
37419,20-64-냉각용 콘덴서 등 3종 구매,해군제2수리창,안보종합상사
37421,20-63-전기용 와이어 등 13종 구매,해군제2수리창,덕신
37423,밧대리 등 53품목 구매 납품,제3170부대,예인공조시스템
37424,세척솔 등 9종,제7001부대,주광유통
37426,20-2차 정보화운용 재료 구매,국군복지단,용두동 쭈꾸미 상모점
37428,매직호스 등 258종,해군 기동함대사령부,엔피비(NPB)컴퍼니
37433,"AIP수소 54,586CZ 구매",제9121부대,창신가스(주)
37434,20년 군장품(전투모 벨크로) 계약,제28보병사단,대안건설중기
37442,20-계류지원정 건조(300톤/100톤급),특수함계약팀,(주)삼원중공업
37444,회로카드제직용 라벨등56종 구매,육군종합정비창,주식회사 태영이앤지
37446,00부대 등 5개부대 취사식당 부대구매품 구매,제11기동사단,우수이앤씨주식회사
37449,20-공-다목적용 전동카트 구매,국군재정관리단,(주)상보기업
37454,웹캠 및 이어폰 구매,해군사관학교,주식회사 비블리아
37455,방호복 등 16종 구매,해군사관학교,시저글로벌
37460,"엘보,보스용 등 14종 구매",해군군수사령부,주식회사남동
37461,20-기중기정 건조,특수함계약팀,(주)삼원중공업
37466,GP·GOP 경계력 보강 자재 구매(AA-20025),제5보병사단,채윤상사
37468,배선테스터 등 59종,제7001부대,주식회사 휴콤
37471,재해복구를 위한 축성도구 구매,제28보병사단,JH컴퍼니
37473,비말차단마스크(입체형) 등 2종,제7001부대,NS산업
37474,회로검사기 등 3종,해군작전사령부,주식회사도영디와이
37477,전자총 10대 구매,해군군수사령부,건즈앤웍스 맥스쓰로틀(GUNS N WORKS MAX THROTTLE)
37478,"패킹,성형식 등 43종 구매",해군군수사령부,다을상사
37483,쇄석 등 2종,제20전투비행단,드림으뜸상사
37490,다목적운반차 구매,제9691부대,에스제이(SJ)오피스
37499,개스킷 등 37종 구매,해군군수사령부,(주)블루마린
37500,사이드빔 등 3종 구매,해군군수사령부,VOK(비전오브코리아)
37506,18비 전승공원 간판 등 4건 제작 및 설치,공군제18전투비행단,(주)신우이엔지
37511,예비군훈련용 소독티슈 구매,제3697부대,디지털소프트
37518,예비군훈련용 비말차단 마스크 및 향균필름 구매,제3697부대,세인트
37519,앵카샤클 등 24종,제7001부대,대광산업
37520,충전식 그라인더 등 14종,해군군수사령부,주식회사 엑선이엔씨
37521,20-시청각기록물 관리체계 등 4건 리스(20H101-A),국군재정관리단,롯데캐피탈(주)
37536,"변환기,신호자료용 등 2종 구매",해군군수사령부,국제전기
37546,동원훈련 미세먼지마스크 구매,육군 탄약지원사령부,거산정보
37554,직결피스 등 199품목 구매,제9196부대,인성북스
37556,에어클리너 등 186품목 구매,제9196부대,크람하우스
37560,카트리지 등 14품목 구매,제9181부대,주식회사 서트
37563,분사노즐 등 2종 구매,해군군수사령부,썬.데일리
37565,결재판 등 132종 구매,제5738부대,주식회사 더원시스템
37568,개스킷 등 2종 구매,해군군수사령부,주식회사우정상사
37573,종이박스 등 7종,해군군수사령부,주식회사 복은
37578,ND자석 등 159종 구매,제5738부대,세이프부산
37586,충전기(20-205),공군제1전투비행단,희원
37587,정통교 수송부 전동셔터 설치,자운대근무지원연대,합자회사 어반스케이프
37593,(206142-B) 진공포장기(대형) 구매,국군재정관리단,이지프라자
37599,수해복구 긴급지원 자재 구매,제28보병사단,금강제이씨
37601,소나마운트,해군작전사령부,(주)오트로닉스
37602,세면기트랩 등 19종 구매,공군제19전투비행단,주식회사 금호테크놀로지
37608,비철류 스텐봉등18종 구매,육군종합정비창,세보테크(주)
37609,잡자재류 EPDM고무판등35종 구매,육군종합정비창,금성특수산업
37614,20-267 전광판 등 2종 구매.설치,공군사관학교,주식회사 디씨앤아이
37618,IC 등 5종 구매,해군제1수리창,지원종합상사
37620,소방기구(피토게이지 등 6종) 구매,국방부근무지원단,주식회사 원경
37632,20-해군특전단 CBT교실 개선(리스물건)(208113-A),국군재정관리단,주식회사 코어인프라
37653,사격용 귀마개 구매계약,제17보병사단,제이컴퍼니
37656,테이블 냅킨 등 27종 구매,해군사관학교,이트렌드
37659,식탁 등 2종 구매,제8385부대,남부상사
37667,"(20-047,048,049)접이식테이블 등 2종",공군 작사예하 방포사예하 제3여단,이즈컴넷
37674,탄약 정비자재(액체폭약 저장드럼) 구매,육군 탄약지원사령부,신한테크
37675,무열마을 3동 냉방기 설치납품,제2작전사령부,도원유통
37678,염산 등 17종,해군군수사령부,엘제이
37679,(군-위-12) 코호트 자재 설치납품,제15보병사단,주식회사 천광
37682,팁 등 9종 구매,해군군수사령부,(주)블루마린
37685,전기 소작기 등 2품목 구매,제9691부대,제이엠케이
37686,미세먼지마스크 등 2종,제7001부대,퍼블릭비딩
37690,자동워터호스릴 등 9종,제2002부대,신한테크
37704,항-20-038 자동뇨침사기등 2종,공군사관학교,MK메디칼
37710,DVD(백두산함에서 독도함까지 등 52종) 구매,해군사관학교,삼진E&C
37718,아령세트 등 6종,해군작전사령부,만복유통
37722,"스크린, 실크스크린 날염용 1SET 구매",해군군수사령부,에스지에스
37726,비접촉식 체온계 등 11종 구매 납품,제3283부대,서혜민
37731,20-2차 유전자감정 시약재료 구매,국방부조사본부,주식회사 엘씨케이테크놀로지스
37744,니플 등 47종 구매,제9121부대,성준실업
37747,전기리드선 등 31종 구매,제5738부대,늘푸른집
37753,품질인증서 각인기 1SET 구매,해군군수사령부,에코아이엔티(ECHO INT)
37759,자물쇠 등 52항목 구매(일장),육군군수사령부,씨앤케이
37769,물티슈 등 223종 구매,제8385부대,알파동해점
37774,20-164 00작전 자재(11개 품목) 구매,수도방위사령부,전투상사
37786,개스킷 등 30종 구매,해군군수사령부,하나유통
37789,"동글, 직렬포트아이버튼 1종",해군군수사령부,경북상사
37794,일체형바벨 등 3품목 구매 납품,제3170부대,금강이엔씨
37797,육성-20-방역물자구매 3차,육군 52보병사단,주식회사 래이오
37799,마스크 등 6품목 구매,제9196부대,도광컴퍼니
37801,노후 방열기 교체(설치납품),육군부사관학교,희정이엔지
37804,에어원터치커플러 등 104종,해군 기동함대사령부,주식회사 퍼펙스
37807,사령부 비성공원 주차장 차양막 제작 설치,공군교육사령부,티원주식회사
37808,두루마리상황판 등 234품목 구매,제9해병여단,지우상사
37809,HINGE 등 242품목 구매,제9해병여단,알파유통 주식회사
37821,전자청진기 등 3항목 구매(총포),육군군수사령부,에스엠제이
37827,쎄레브렉스 캡슐 200mg 등 84종,제2002부대,온케어메디홀주식회사
37831,비말차단 마스크(KF-AD) 구매,국군지휘통신사령부,주식회사 송현조경
37832,삼파장 램프 등 21종 구매,해군제3함대사령부,무림오피스웨이목포점
37833,"기군단 요가매트 1,587개 구매",해군교육사령부,자람 주식회사
37834,앰프 등 7종,해군작전사령부,헵시바유통
37835,방충두건 1항목 구매,육군군수사령부,주식회사 전우밀리터리
37843,슈퍼플로우 등 8종,해군작전사령부,성화종합상사
37845,손코팅필름 등 561종,해군작전사령부,이트렌드
37848,보난자 연필 등 634종,해군작전사령부,진양테크
37852,육성 통합구매(세단기 등 4개품목),제55보병사단,연세유통
37855,태극기 정기 등 2종 구매,해군군수사령부,주식회사 부강이엔지
37862,"20-212, 전투훈련장운영대대, 마사토",공군 제8전투비행단,이투유통
37865,손세정제 구매,제3697부대,엠티오
37866,20-해군6전단 CBT교실 신규교체(리스물건)(208141-A),국군재정관리단,(주)성우음향정보통신
37868,체온계 등 38종 구매(육성),해군제3함대사령부,하나유통
37871,"핀,직선형,무두형 등 19종",해군군수사령부,대지종합상사
37882,20-무기용 조명등 등 2종 구매,국군재정관리단,(주)한일종합상사
37883,개스킷 등 4품목,해군제1수리창,청아철물설비
37885,"20-58-인터페이스 유닛, 비디오 구매",해군제2수리창,동진상사
37888,호스밴드 등 178품목,해군제1수리창,크로바상사
37891,콤프레샤3240CFM 부속자재 구매,육군종합정비창,신동하이텍
37899,채칼 등 88종,해군작전사령부,참조은
37900,차광막 등 67종,해군작전사령부,애플민트
37902,고압저장용기 등 3종 구매/설치,해군제3함대사령부,삼성홀드
37903,데스크탑 세트 등 104종 구매,해군제3함대사령부,에코하이 주식회사
37904,PBC카드 등 153종,해군작전사령부,이동유통
37907,철공용줄 등 233품목,해군제1수리창,삼동유통상사
37909,지혈대 등 15종,해군작전사령부,주식회사 성민종합산업
37912,K-3공펀치 등 346품목 구매,제9227부대,주식회사 누비텔레콤
37919,"쉘터, 비전개식(1¼톤, S252K)",기동총괄계약팀,동일쉘터시스템
37921,(207163-E)기초잠수 착용물자 구매,국군재정관리단,주식회사 엔미디어솔루션
37924,(207153-D)통신소PC화상회의체계노후교체구매(설치),국군재정관리단,주식회사 신호
37927,방연마스크 등 4품목 구매,제9181부대,명진
37935,20년 코로나19 6피트 무균작업대,국군의무사령부,주식회사 부영상사
37936,20년 코로나19 4피트 무균작업대,국군의무사령부,성우약국
37945,[육성]야간투시경 구매,육군제53보병사단,한백항공(주)
37948,표본수집킷 및 시효성 물자 8종 구매,국군화생방방호사령부,성우약국
37952,디비디 비디오 레코더 등 1종 구매,제9121부대,성화종합상사
37953,시트지 등 157종 구매,제5738부대,세이프부산
37955,유증기 감지기 등 2종,해군군수사령부,경북상사
37958,투명 접착식 아스테이지 등 675품목 구매,제9227부대,대진실업
37959,사이드빔 9개 구매,제8385부대,디엠글로벌
37965,"저항기, 가변식, 권선형, 비정밀형 등 3종 구매",해군군수사령부,제일테크
37967,"슬링, 다지주형 1종 구매",해군군수사령부,전투상사
37981,(20-246) 레이저 마킹기,공군제5공중기동비행단,가온누리
37992,블랙박스 17EA 구매설치,제8385부대,금성종합상사
37993,아이텍스 등 29종 구매,제8385부대,삼동유통상사
37994,"비석면판, 압축식 등 2종",해군군수사령부,한영엔터프라이즈
38003,철문도어록 등 67종 구매,해군제3함대사령부,대진이엔지
38015,만능클리너 등 358종 구매,해군사관학교,주식회사 복은
38016,삼각자 등 619종 구매,해군사관학교,동산기업
38022,방진마스크등 5종 구매,육군종합정비창,신창가구
38028,HDL-C 등 28종 구매,국방부계룡대근무지원단,새힘기업
38039,작업대 1종,해군군수사령부,미래상사
38043,자동화사격장 표적호 방호판 제작설치납품,제8기동사단,주식회사 규장커뮤니케이션즈
38047,20-5차 비품 구매(소화기),국군수송사령부,(주)오일금속
38051,수사용 SW 구매(리스물건),육군본부,주식회사 엘케이테크
38057,마스크 KF-94 구매,국군제1068부대,다물테크
38061,펀치 등 378종 구매,해군제3함대사령부,일등산업
38070,차광막 구매,제9196부대,정일컴퍼니
38073,충전식 그라인더 등 2종,해군 기동함대사령부,해솔상사
38075,건조기 등 81품목 구매,제9196부대,대건테크
38077,코로나19 감염증 신속진단키트 6차 구매,국군의무사령부,주식회사 글로벌아토
38080,"시험세트, 무선기용 1종 1대 구매",공군83정보통신정비창,씨앤엘
38088,커팅매트 등 58품목 구매,제3170부대,헵시바상사
38089,전반기 실습재료 79종 구매,육군 제1군단,제이유테크
38096,"육성-20년 고정, 이동형 중계기 설치납품",육군 제37보병사단,신우아이앤에스
38102,소자 등 16항목 구매(일장),육군군수사령부,노원 상사
38104,발칸 구동유닛트 구매,육군종합정비창,신우정밀
38109,소화기 자동화 표적기 방호판 제작/구매,육군부사관학교,오성
38112,연귀자각도자 등 838종,해군군수사령부,(주)경남종합개발
38129,이연발 전자총 구매,제9691부대,에이엔티코리아 주식회사
38131,20-56-전동기 작동식 사이렌 등 14종 납품설치,해군제2수리창,나우 스페드
38134,원상사휴게실 쇼파 수선 등 10종,해군군수사령부,리스앙쥬화장품
38146,20-위-104-GOP노후 경계등 교체 자재구매,제3보병사단,이누코퍼레이션
38150,MS-GRPS 축전기 구매/설치(탈거포함),제9965부대,제이비글로벌주식회사
38153,three mirror contact lens 등 80종 구매,제9181부대,주식회사보승글로벌
38154,와이어등13종 구매,육군종합정비창,선우상사
38161,와이어링 제본기 등 10품목 구매,제9691부대,세명종합공구
38171,진유솔 등 90종,공군군수사령부,삼보
38172,레이저수평기 등 35종 구매,해군군수사령부,이안상사
38174,조수기 세척탱크 500MD 1종,해군군수사령부,미래상사
38181,침투저지봉 구매,제9227부대,주식회사 다원산업
38193,예비군총기 진공포장지 구매,제3697부대,대화수지공업 주식회사
38199,'20년 군견사료 구매,육군교육사령부,하늘테크
38200,'20년 군견사료 구매,육군교육사령부,하늘테크
38210,육-20년 야간투시경 등 8개 품목 구매,제32보병사단,지그로
38215,"조끼, 지상근무자용",기동총괄계약팀,삼부산업 주식회사
38217,호스류,지상공통전력운영계약팀,티케이(T.K)테크
38218,육-20년 위장마스크 등 7개품목 구매,제32보병사단,주식회사 수앤주
38223,쇼파 좌판 수선 등 5종,해군군수사령부,벨루나 주식회사
38224,정통교 족구공 등 11종 구매,해군교육사령부,진성
38226,황산(전해질용) 구매(유해화학물질판매허가업체대상),제3170부대,주식회사 에이에스씨
38230,에어매트 등 13품목 구매,제9227부대,조이스툴
38235,'20년 00함 탄약 승강기 정비,해군군수사령부,(주)대명엘리베이터
38253,압롤박스 구매,해군제3함대사령부,미래종합상사
38263,20-손도끼 등 6종 구매,국군재정관리단,경기종합상사
38266,블랙 메쉬 우산꽂이 등 478종 구매,제9121부대,소원테크
38271,체인 등 2종,제7001부대,이지테크
38272,개스킷 등 20종 구매,제9121부대,참조은
38273,홀더펜 등 195종 구매,해군제3함대사령부,호전
38282,Charging Corona Unit 등 36종,해군본부,주식회사 계룡대종합상사
38287,예비군훈련용 방역대책물자 구매,제6128부대,푸름상사
38290,사무용가위 등 300품목,해군제1수리창,월천테크
38294,흡입공기다기관 1종,해군군수사령부,씨앤엘
38300,(207125-D)워크스테이션 구매(설치),국군재정관리단,주식회사 릴라이언스정보
38308,암롤박스 1대,해군작전사령부,강해산업
38319,20년 랩핑기 구매,제1군수지원사령부,리니상사
38322,(207138-D)행위기반 해킹메일 탐지체계 구매(설치),국군재정관리단,신아시스템 주식회사
38334,"시일,평면형 1종",해군군수사령부,미래상사
38336,윤활방청제 등 38종 구매,제8385부대,가나안상사
38338,양수기 등 2종 구매,제8385부대,영동문구센타
38339,형광펜 등 249종 구매,제8385부대,월천테크
38340,베개커버 등 31종 구매,제9911부대,씨티원 경기지점
38341,고무팩킹 등 17품목,해군제1수리창,북평철물
38345,전동운반차 충전기 등 7종,해군군수사령부,참조은
38353,실리카 섬유포직 등 3품목 구매,해군군수사령부,제이브릿지
38355,"호스, 성형식 등 12종 구매",해군군수사령부,제일테크
38365,RJ보호캡등 294종 구매,해군제3함대사령부,엠에스상사
38369,재생지 라벨 등 144종 구매,해군제3함대사령부,대진이엔지
38370,소형컷터 등 71종,해군군수사령부,참조은
38371,조리복 상의 등 11종 구매,국방부근무지원단,유니온티에이
38375,"권양기, 체인식, 전동식 1톤 등 8종 구매",해군군수사령부,노원 상사
38402,브라켓 등 89품목 구매,제9196부대,대한상역
38414,배구공 등 27종 구매,해군사관학교,더블유비테크
38421,21년 국군복지단 홍보달력 제작,국군복지단,한스테크
38426,파티션 등 18종 구매,국방부계룡대근무지원단,오즈아이알 주식회사
38427,"(육성) 집음기, Face-Keeper 구매",제6128부대,신신교역
38431,육군 하계 행사복 등 4종 구매,국방부근무지원단,디에이치산업
38440,핑킹가위 등 125종,공군군수사령부,25시골치아픈집정리
38445,자동화사격장 표적기 방호판 구매,제7보병사단,주식회사 천광
38448,000체계 워크스테이션 구매,제3707부대,티에스라인시스템 주식회사
38456,"호이스트, 체인식",지상공통전력운영계약팀,대창마린테크(주)
38459,"호흡기, 휴대용(구매)",지상공통전력운영계약팀,Basic Korea(베이직산업)
38463,육군 행사모 구매,국방부근무지원단,수성시스템
38466,여자축구 훈련용품(보충제류 5종),국군체육부대,진영상사
38467,남자축구부 20-3차 훈련용품(축구화 등 3종),국군체육부대,제이아이비즈
38484,물티슈 등 228종 구매,해군제3함대사령부,일등산업
38486,방역물자 구매 2차,육군 52보병사단,블랙펄
38487,고급행주 등 222종 구매,제8385부대,청아철물설비
38497,배(신고)등 9종 구매,해군군수사령부,주식회사 류홀마트
38499,"시험세트, 전자계통용",화력총괄계약팀,(주)동일자동화전력
38502,황동봉등26종 구매,육군종합정비창,(주)종로인더스트리
38511,잠금플랜지 1종,해군군수사령부,(주)블루마린
38515,압력계 1품목,해군제1수리창,반석상사
38521,오링및패킹류,지상공통전력운영계약팀,덕인산업
38533,"다목적굴착기 절연체,열차단용 등 37항목 구매(일장)",육군군수사령부,이든산업
38535,마루광택기,제7001부대,다림테크
38536,부싱 등 16항목 구매(일장),육군군수사령부,영센스글로벌
38545,부싱 등 16항목 구매(일장),육군군수사령부,영센스글로벌
38551,4주식 리프트 등 5종 구매,자운대근무지원연대,산너울 주식회사
38553,20-작전헬멧 등 8종 구매(208118-H),국군재정관리단,주식회사 아워스
38561,"특수 봉인지(청색, 적색) 구매",제3170부대,(주)메들린
38562,랜카드 등 126종 구매,제3170부대,한국 후렌바
38575,컷팅자 등 48품목 구매,제9181부대,대건테크
38581,무선중계기 등 5종 구매,육군본부,발해
38583,수영장 수리 재료(PH조절제 등 3종) 구매,해군사관학교,피앤에스
38584,세라밴드 구매,해군사관학교,케이씨통상(KC통상)
38585,00교 흙먼지털이기(콤프레셔 방식) 설치납품,육군공병학교,스마일하우스(smile .house)
38596,지방근육모형세트 등 219종,제7001부대,더엣지
38598,개스킷 등 35종,해군군수사령부,티에스케이
38599,"백업링, 성형 패킹용 등 60종",해군군수사령부,주식회사 복은
38602,냉방기 설치 납품,국방부근무지원단,그린나래
38607,트럭 트랙터(탄약적재) 구매,공군제17전투비행단,드래곤모터스 주식회사
38612,20-새라밴드 등 248종 구매,국군재정관리단,메이
38617,독서대 등 8종 구매,제8385부대,가나안상사
38622,모병홍보품 구매,제9691부대,그린통상
38625,마포걸레 등 145종 구매,제8385부대,제이테크
38630,20-해군 브리핑/VTC체계 도입(리스물건)(208109-A),국군재정관리단,(주)아이엔지시스템
38632,월동파카(헌병용) 등 3종 구매,해군군수사령부,빛가람장애인시설
38633,"패킹, 성형식 222EA 구매",해군군수사령부,(주)블루마린
38635,약품포장기 자동식 1EA 구매,해군군수사령부,주식회사 발렌베리
38638,"브러시, 전기 접점용 1종 구매",해군군수사령부,세영산업
38641,탄약 정비자재(자동표기용 종이 등 3종)구매,육군 탄약지원사령부,더블랙펄컴퍼니
38647,(207141-B)잠수물자 기본세트 구매,국군재정관리단,씨앤엘
38652,제트스트림 유성펜 등 677종 구매,제9911부대,지니종합상사
38653,클립 등 258종,해군작전사령부,FDKL부산지사
38654,가위 등 81종,해군작전사령부,예광
38655,실링 등 3종,해군제3함대사령부,동양상사
38662,"사이렌, 전동기 작동식 등 37종",해군제3함대사령부,이지통상
38665,X-ray 수화물 투시기 구매(20-58),공군제15특수임무비행단,주식회사 코리아스캔텍
38668,식기소독보관함 소대용 1품목 구매,육군군수사령부,리오스코리아
38677,소화기 자동화 표적호 방호판 구매 설치납품,제11기동사단,더에스컴퍼니
38687,"슬리브,커플링,가요성 등 2종",해군군수사령부,노브식스
38709,모의병기 20EA,해군작전사령부,디에이치산업
38743,식기소독보관함류,물자계약팀,주식회사하인스
38746,3차원 모델링 SW 등 3종,공군군수사령부,은성세미
38755,기화기 등 6종 구매,해군군수사령부,주식회사 제워디
38756,고속정 단화W 구매,해군군수사령부,주식회사 이안제화
38757,홋줄보호대(소) 등 3종 구매,해군군수사령부,썬네
38760,"폭파기구세트 와이어,전기용 1항목 구매(일장)",육군군수사령부,주식회사남동
38762,박절기 회전형자동식,국군의무사령부,만능유한회사
38763,원심분리기미세형,국군의무사령부,만능유한회사
38764,세균배양기 CO2,국군의무사령부,만능유한회사
38769,원형램프 등 10종 구매,해군군수사령부,노브식스
38770,도마 등 58종 구매,제9911부대,경록컴퍼니
38775,"쥐마개,(대) 등 2종 구매",해군군수사령부,가온상패공장
38783,바인딩기 등 19종 구매 납품,제3283부대,대명종합상사
38785,후반기 디지털윤전재료 4종 구매,국방출판지원단,삼마상사
38786,20년 하이패스 단말기 구매,국군수송사령부,디노글로벌
38787,"연결봉,피스톤용 등 5종",해군군수사령부,세명종합공구
38790,손 세정제 구매 납품,육군 52보병사단,에딧온(edit on)
38791,호스 클램프 등  42품목,해군제1수리창,남부상사
38793,스타 족구공 등 34종 구매,해군제3함대사령부,전일종합상사
38795,원형테이블 등 9품목 구매,제9691부대,비드하이
38796,국기검 실습재료 48종 구매,육군 제1군단,한국이엠에스(주)
38798,가지 등 160품목 구매,제9691부대,호미식품
38804,취사용 앞치마,공군군수사령부,주식회사 대구봉제
38806,삼파장램프 등 70종 구매,재경근무지원대대,주식회사 멜랑말랑컴퍼니
38807,소파 2종,공군군수사령부,(주) 에스엠인테리어
38834,"커플링,클램프용,홈식 등 9항목 구매(특무)",육군군수사령부,세보테크(주)
38836,'20년 탄약 포장재료 관리용 자재 구매,육군 탄약지원사령부,태성이엘이씨 주식회사
38852,[20-64] 자동화 사격장 방호판 구매,제6보병사단,진영기업
38853,로워유닛트 구매,연평부대,카라인터내셔널
38856,배 등 7종 구매,제9911부대,주식회사 에이치앤아이웍스
38858,청력계 임피던스 1EA 구매,해군군수사령부,(주)하이엠디
38863,작업대 3항목 구매,육군군수사령부,에이스 컴퍼니
38864,뒷바퀴 등 71종,공군군수사령부,로이유통
38867,야전취사 소도구(잔반통 등 27종)구매,제60보병사단,제이케이컴퍼니(J K Company)
38869,부사관 학군단 입교품 구매(13개 품목),육군부사관학교,신도토탈오에이
38873,캡터 온도조절용 1종,해군군수사령부,동진상사
38877,방역용품 구매,육군 제8군단,SS종합상사
38880,스키드 로더 스위퍼 브러쉬 등 9품목,해군제1수리창,남부상사
38881,해군 함상복용계급장 16품목 구매,해군군수사령부,사단법인 대한민국공무원 공상유공자회
38894,용접모재 등 221종 구매,공군제15특수임무비행단,더에스컴퍼니
38900,암롤박스 2EA 구매,해군군수사령부,피앤에스
38902,"해군병 사복 회송용 가방 10,000개 구매",해군교육사령부,국제안보상사
38904,LTE 기반 위치식별체계 단말기 구매(208106-A),국군재정관리단,주식회사 아이티에이스
38906,"암,조준구 연장대 뭉치용",지상공통전력운영계약팀,디씨에이치(주)
38907,초자류,지상공통전력운영계약팀,주식회사 태영광학
38909,"플런저, 신속분리식",지상공통전력운영계약팀,대진테크
38913,디지털아이스조끼 등 5품목,해군 기동함대사령부,신제주스포츠
38920,간부 운동모,공군군수사령부,주식회사 피엔에이코리아
38925,"하우징,전자 구성품용 등 2종",해군군수사령부,넥스케이드
38927,욕실장 구매,해군사관학교,제나비즈
38929,미라클픽스 등 34종,제7001부대,참조은
38943,"20-현상유니트,X-선 필름용 구매",국군재정관리단,남양부직포(주)
38946,칠피단화,공군군수사령부,(주)진양통상
38955,사격장 방호판 구매,육군 제1군단,클릭바이 엠알오
38956,원목 관액자 50점 제작,제8385부대,금성종합상사
38959,20-44-개스킷 등 11종 구매,해군제2수리창,인터퓨전
38960,"20-43-샌딩 스펀지, 연마제 구매",해군제2수리창,대건
38961,20-해병 0사단 IP교환기 교체(리스물건)(208107-A),국군재정관리단,대신네트웍스주식회사
38964,개스킷 등 13종 구매,해군군수사령부,이든산업
38970,수동식 분무기 1품목 구매,육군군수사령부,서화테크
38981,교량가설단정 혼 구매,육군종합정비창,DGI산업
38985,20-4차 정보통신운영용품 구매,수도기계화보병사단,써니유통
38990,(207132-C) 윈도우7 보안패치SW 구매,국군재정관리단,한길씨앤씨 주식회사
39024,케미칼세트등9종 구매,육군종합정비창,주식회사 에이에스씨
39026,고무캡등3종 구매,육군종합정비창,대성볼트
39037,(207090-F)GPS전술시계 구매,국군재정관리단,경기모아상사
39050,개스킷 등 12종 구매,해군군수사령부,테크원
39051,20년 전술훈련용수류탄,지상공통전력운영계약팀,한국씨앤오테크(주)
39052,안테나(URC-106),미래전력사업전력운영계약팀,엠씨에스테크 주식회사
39060,20-공 군견사료 구매,국군재정관리단,주식회사 오로라
39066,동내의,물자계약팀,(주)동명양행
39073,냉방기 등 4종,해군군수사령부,디앤디산업
39074,기행교 RFID 태그 등 3종 구매 및 태깅 작업,해군교육사령부,주식회사 휴맥
39075,사관실 4인용 쇼파 수선 등 17종,해군군수사령부,건영
39080,20-42-디스플레이 유닛 등 9종 구매,해군제2수리창,대지종합상사
39083,"미세먼지마스크(KF-94/11,400개)",제7001부대,혜성비드
39085,티타늄 커트 등 75종,해군군수사령부,와이에스통상
39086,라틴송곳 등 7종,해군군수사령부,엔씨
39087,알루미늄 커팅자 등 73종,해군군수사령부,대인종합상사
39091,20년 방상외피 체촌,물자계약팀,희림상사
39093,플렉시블 픽업툴 등 40종,해군 기동함대사령부,은진상사
39100,20-교-CBT교실 신규교체(리스물건)(208091-A),국군재정관리단,주식회사 코어인프라
39101,20-승용식전동카트(5인승) 구매,국군재정관리단,주식회사 더그린
39108,표정지(제도지)_구매,지상공통전력운영계약팀,주식회사 제이에프
39117,(제작)거꾸로 우산 등 8종,제7001부대,와이케이(YK)컴퍼니
39119,(집행잔액-1) 00부대 포장자재 설치납품,제1보병사단,동산건설주식회사
39128,"온도계, 자체표시식 등 6종 구매",해군군수사령부,츄츄컴퍼니
39129,링 등 3종 구매,해군군수사령부,주식회사 우창이엠이
39130,신주솔 등 43종,공군군수사령부,우미상회
39136,"추출기,탄약용",지상공통전력운영계약팀,창진ENG(주)
39137,20년 방상내피 봉제 경쟁분,물자계약팀,주식회사 킴블스
39140,다목적전술차 조립용킷트등31종 구매,육군종합정비창,현대정밀가스켓
39161,"링,피스톤용 등 19종",해군군수사령부,서연컴퍼니주식회사
39164,3분기 정보통신운영지원 예산,제2307부대,가진테크
39166,암롤박스 3개 구매,제9911부대,동진상사
39167,고압호스 등 306종,해군제3함대사령부,이지통상
39168,트라디오 TRJ50 등 319종,해군제3함대사령부,에스에이치상사
39180,고속정 이동 휀다 등 5종 구매,해군군수사령부,제이케이컴퍼니
39183,20-1차 JFOS-K체계 운용품 구매,국군지휘통신사령부,로드코리아
39190,헬멧부속재,미래전력사업전력운영계약팀,삼덕상공(주)
39192,"쉘터,비전개식(1 1/4톤)",미래전력사업전력운영계약팀,동일쉘터시스템
39194,"밴드,지지용",지상공통전력운영계약팀,주식회사 천명하이텍
39200,20-244 큐브메모지 등 1품목,공군교육사령부,D.C스포츠총판
39209,방진마스크 면체 등 6품목 구매,제9181부대,후영엘텍
39213,지형정보 SW 라이센스(Erdas Imagine Pro) 구매,제9965부대,(주)윙넷
39218,2/4 6차 설치납품(00부대 수송부 셔터교체 등 3건),제22보병사단,광성산업
39228,가죽벨트용 요대,공군군수사령부,주식회사 에스지윈
39231,휴대폰보관함 제작,제9691부대,서울강철
39232,훈련용 테이블 등 8종 구매,제9911부대,(주)디에스인프라
39234,스탠드 잡지꽂이 3단 등 5종 구매,해군군수사령부,대광산업
39238,가슴장화 등 8품목 구매,제9227부대,탑앤탑(TNT)
39246,개선 행사복,공군군수사령부,주식회사 다미물산
39259,자분액 등 27종,해군군수사령부,예광
39266,올로파타딘점안액 등 64종,해군작전사령부,지엘메디칼
39267,SSU훈련화 100EA,해군작전사령부,성화종합상사
39268,내시경 건조장 구매,제5738부대,에이디 커머스
39275,해상-호크 나이프,해군군수사령부,엠케이개발 주식회사
39276,슬라이드 및 슬리브결합체,지상공통전력운영계약팀,하이펙 주식회사
39281,20-위임 000부대 방열기 교체,제7보병사단,조양상사
39282,코러스세프라딘 등 26종,해군 기동함대사령부,지엘메디칼
39285,기반운영환경 개선(리스물건),국군재정관리단,주식회사 아이티노매즈
39287,(206065-B)폴리머 탄창 구매,국군재정관리단,건즈앤웍스 맥스쓰로틀(GUNS N WORKS MAX THROTTLE)
39288,(206066-B)소음기·소염기 구매,국군재정관리단,주식회사 유티지
39289,사각팬티,물자계약팀,엠플러스에프엔씨 주식회사
39296,개스킷 등 52종,해군제3함대사령부,이지통상
39302,종이박스 등 6종,해군군수사령부,예진상사
39307,양변기 로우탱크부속 등 108종,제7001부대,주식회사 정우상사
39310,20년 취사ㆍ정비피복 구매,제51보병사단,이안상사
39314,20년 방상외피 봉제 경쟁분,물자계약팀,엠플러스에프엔씨 주식회사
39321,만년필 225개,해군본부,드림으뜸상사
39337,수입지 및 수입포,지상공통전력운영계약팀,(주)동인산업
39340,핸드볼부 운동용품(유니폼 등 17종),국군체육부대,우리페인트
39341,바비큐 그릴 구매,해군제3함대사령부,(유)목포신도digitalOA
39345,스노우볼 등 9종,해군본부,JH컴퍼니
39349,냉각팬 등 28품목,해군제1수리창,신우기업(주)
39354,"박스, 플라스틱제(대) 등 2품목 구매",해군군수사령부,(주)코리아이노테크
39361,리테이너류,지상공통전력운영계약팀,덕인산업
39363,부력방탄복,미래전력사업전력운영계약팀,주식회사 나루지엠에스
39369,춘추점퍼 등 5종 구매,자운대근무지원연대,아이원텍
39372,20-05-146 캐비넷 등 3종 구매,공군제16전투비행단,이조
39382,"헬멧, 방탄용, KH-B2000",미래전력사업전력운영계약팀,(주)대성테크
39384,20년 육군 정복/근무복(경쟁),물자계약팀,주식회사 앤비앤코퍼레이션
39390,후지셈 등 78종 구매,제5738부대,태형상사주식회사
39391,개스킷 등 9종,해군군수사령부,(주)블루마린
39400,회로판,지상공통전력운영계약팀,주식회사 광성테크
39403,버클류,물자계약팀,상신비앤비
39410,코로나19 감염증 신속진단키트 5차 구매,국군의무사령부,주식회사 웰스메디칼
39415,학군단 외투,공군군수사령부,주식회사 성신양행
39417,암롤박스 1EA 구매,제8385부대,반석상사
39424,소형 카라비너 등 24종,해군작전사령부,제로테크
39427,친마사토 52㎥,해군작전사령부,주식회사 반석
39430,자동화사격장 방호판 구매,제28보병사단,가평레져
39433,메커니컬 실 등 21종 구매,해군군수사령부,(주)한일종합상사
39434,"브래킷트, 축받침용 1종 구매",해군군수사령부,대린테크
39435,"클램프, 호스용 등 26종 구매",해군군수사령부,창진ENG(주)
39452,"측정막대,액체수위용 등 5황목 구매(일장)",육군군수사령부,주식회사 백운테크
39454,"게이지,압력측적용,문자판식 등 48항목 구매(일장)",육군군수사령부,(주)동은테크
39457,멀티게이트 등 8종 구매,공군83정보통신정비창,지와이테크놀리지
39458,20-164 연주자용 단상,공군사관학교,준산업
39460,스텐평식기,공군군수사령부,가림시스템
39478,20-142 중이층랙,공군제5공중기동비행단,해오름
39480,스피커 등 2종,해군군수사령부,걸작
39481,전기 이발기 41EA 구매,해군군수사령부,세연상사
39485,저장매체 구매,제9691부대,(주) 에이스티앤아이
39487,석면취급자 보호구 구매,제5군단사령부,모양방
39489,시험재료 00종 구매,육군 제1군단,이지프라자
39490,냉각용 콘덴서 코일 구매,해군군수사령부,센추리산업기술
39496,HDL-C 등 62종 구매,국방부계룡대근무지원단,제네시스
39499,공기청정기 구매 납품,제3283부대,청진유통
39502,20-주물사배합기 구매(208105-H),국군재정관리단,주식회사 씨티원 충남
39506,`20년 전반기 OOOO운영용품(통신 운영용품) 구매,제9965부대,경기종합상사
39508,지형정보 SW(3D Max) 구매,제9965부대,주식회사 반석건설엔지니어링
39510,20년 방상외피 원단,물자계약팀,티에이케이텍스타일 주식회사
39513,기군단 고무매트 등 82종 구매,해군교육사령부,와이에스피(YSP)
39515,정통교 잡지걸이 등 519종 구매,해군교육사령부,다다
39516,플러깅 등 105종 구매,제9121부대,진성
39517,진압봉 등 3종,해군작전사령부,한진아이티
39522,`20년 폭염대비 물자 구매,제1288부대,이네트워크
39534,오링 및 개스킷류,지상공통전력운영계약팀,오승산업
39535,20년 방상내피 원단(퀼팅원단),물자계약팀,(주)보광아이엔티
39541,방진마스크 등 4종 구매,육군종합정비창,지투스틸
39542,플렌지결합체 등 6종 구매,육군종합정비창,조강테크
39544,20-K-운전보조제 구매,제9181부대,불토스
39552,기상정보지원기 구매(209111-I),국군재정관리단,신아시스템 주식회사
39570,야자매트 등 6품목 구매 납품,제3170부대,은혜상사
39574,작업등 등 81품목 구매 납품,제3170부대,안평무역
39579,리더십 순간접착제 등 292종 구매,해군교육사령부,엔씨
39584,석면보호구 구매-,제7군단,주식회사 제이알디
39588,포탄조립체 등 4종 구매,해군군수사령부,용남상사
39589,20-205 개선견식의장 등 16품목,공군교육사령부,애플민트
39595,"20-102, 항공기정비대대, 트레일러 외부 연료 탱크용",공군 제8전투비행단,에스제이씨(SJC)
39597,모자 등 11종,해군 기동함대사령부,나린상사
39601,(207117-H)사이버 모의점검 및 평가도구 구매,국군재정관리단,주식회사 썬더디에스
39605,"배드민턴, 테니스부 운동용품(테니스공 등 9종)",국군체육부대,미성종합체육산업 주식회사
39606,야구부 훈련용품(유니폼류 등 19종),국군체육부대,에스에이리테일
39609,바닥보호매트 113롤 구매,제9911부대,시연상사
39610,익스팬션 조인트 등 129종 구매,제9911부대,대건
39632,턱걸이 밴드 등 78종 구매 납품,제3283부대,나무늘보
39633,00부대 정보통신 운영용품 구매,수도기계화보병사단,금목화물산
39643,각티슈,공군군수사령부,(주)한솔애드컴
39649,시트 등 2종,해군군수사령부,반석상사
39651,개비스콘 더블액션 현탁액 등 65품목 구매,제9691부대,중동의약품 주식회사
39652,경광봉 등 30품목 구매,제9691부대,화코리아
39656,지우개연필 등 284종 구매,제8385부대,수주종합상사
39662,20-41-파워헤드 어셈블러 등 2종 구매,해군제2수리창,오성머티리얼 주식회사
39665,다목적 가위 등 53종,해군작전사령부,석주산업
39668,컵소독보관기 등 39품목 구매,제9227부대,나무늘보
39673,"링,피스톤용 등 87종",해군군수사령부,영광상사
39674,사병동행사복 등 6종 구매,해군군수사령부,주식회사 우창이엠이
39675,개스킷 등 16종 구매,해군군수사령부,대린테크
39678,20-1차 00체계 운용품 구매,국군지휘통신사령부,삼마상사
39689,"게이지,압력측정용 등 16항목 구매(궤도)",육군군수사령부,대진테크
39690,20-191 리프트 등 4품목,공군교육사령부,스타CNS
39691,20-191 리프트 등 4품목,공군교육사령부,스타CNS
39696,"CSRP재료(시약,초자) 구매",국군화생방방호사령부,주식회사 부영상사
39698,교량가설단정 와셔등23종 구매,육군종합정비창,진광사
39706,(207105-C) 피아식별 헬멧라이트 구매,국군재정관리단,주식회사 엔미디어솔루션
39708,20년 육군 정복/근무복 원단,물자계약팀,주식회사 아즈텍더블유비이
39709,20년 육군 정복/근무복 원단,물자계약팀,주식회사 아즈텍더블유비이
39710,20년 육군 정복/근무복 원단,물자계약팀,(주)킹텍스
39714,벤딩머신 1EA 구매,제20전투비행단,주식회사 조은시스템
39716,체인블럭 등 430품목,해군제1수리창,신성유통
39718,골프공 6450개,제7001부대,세븐
39721,20년 경계력보강(침투저지봉) 자재 구매,제5767부대,JW종합상사
39722,석면취급자 보호구 구매,육군 제8군단,주희테크
39723,수전용 플러그 등 4품목,해군제1수리창,영동상사
39724,20-37-냉각용 콘덴서 구매,해군제2수리창,오성머티리얼 주식회사
39725,코드 섬유제 등 3종 구매,해군군수사령부,永昌製綱 株式會社
39727,주파수 변환기 2EA 구매,해군군수사령부,에이씨피코리아주식회사
39729,코드 섬유제 등 3종 구매,해군군수사령부,永昌製綱 株式會社
39730,해류유속계 구매,해군군수사령부,쓰리지엠
39736,3.5톤 구난차 개조 납품(2010030-I),국군재정관리단,주식회사 평강비아이엠(B. I. M)
39747,수입봉류,지상공통전력운영계약팀,대성테크
39748,"'20년 자바라컨베이어, 상·하차컨베이어 등 6종 구매",5군수지원사령부,가림시스템
39749,'20년 축성도구 구매,제1862부대,부원상사
39751,국군복지단 자동마루세척기 구매,국군복지단,미림교역
39752,20년 멀티메타 계수형 구매,국군의무사령부,(주)밝은미래
39753,유압호스류소요자재 커플링등6종 구매,육군종합정비창,거봉화이바 주식회사
39754,유압호스류소요자재 체결소켓등8종 구매,육군종합정비창,조강테크
39755,조종화(동계),물자계약팀,주식회사 익산하이테크
39762,신검문진표 작성대 등 4종,제7001부대,(주)원진
39763,방제약품(다니톨 등 15종),제7001부대,거성물산
39768,다용도 일회용 클리링 등 137종 구매,제9121부대,주식회사 이건교역
39770,20-35-작업대 등 14종 구매,해군제2수리창,지니종합상사
39776,가죽잠바,물자계약팀,주식회사 금조디앤에스
39782,조종화(하계),물자계약팀,주식회사 이안제화
39793,20-디자인용편집기 등 3종 구매,국군재정관리단,주식회사 제이씨정보통신
39795,귀마개 등 226종 구매,공군군수사령부,씨에스시스템
39796,분사식 살충제 등 7종 구매,제20전투비행단,주식회사 이앤아이
39809,공업용랩 등 2종,해군군수사령부,경남상사
39814,육군 개선 행사복 구매,국방부근무지원단,(주)테스온
39816,육군 개선 행사복 구매,국방부근무지원단,(주)테스온
39819,철사각관 등 69종 구매,공군군수사령부,세움
39821,20년 최루(CS) 캡슐,지상공통전력운영계약팀,한국씨앤오테크(주)
39825,관사 완강기 설치 자재 구매 설치,공군제11전투비행단,CL테크
39832,(206119-D)EOD전자내시경 세트 구매,국군재정관리단,카페그루터기
39840,20-K-제설함 구매,제9181부대,아주철강주식회사
39846,간호복(체촌),물자계약팀,주식회사 서우
39850,도가니 등 6품목,해군제1수리창,지원종합상사
39851,팔꿈치 무릎보호대 구매,제3170부대,LH하우징
39853,전투교 물먹는 하마 등 399종 구매,해군교육사령부,주식회사 예린
39854,전투교 분무기 등 514종 구매,해군교육사령부,찰스인코리아
39857,"바벨, 덤벨 세트 구매",해군군수사령부,참조은
39862,20-해병대 브리핑체계 교체(리스물건)(208094-A),국군재정관리단,(주)홀리랜드테크놀러지
39878,무기고 컨테이너 구매 납품,제3283부대,연천종합물산
39880,4성장군숙소 러그 구매설치 계약(2010028-H),국군재정관리단,쓰리지엠
39895,하이힐,공군군수사령부,주식회사에이치비
39897,기행교 압축분무기 등 139종 구매,해군교육사령부,부강자원
39898,아크릴 등 3종,해군군수사령부,효원
39902,실링콤파운드 등 13품목,해군제1수리창,지원종합상사
39903,유압호스 등 5품목,해군제1수리창,지원종합상사
39905,바벨봉 등 8종 구매,제9911부대,주식회사 엔앤비종합건설
39906,접이식 핸드카 등 49종 구매,제9911부대,에이스컴퍼니
39909,"감압변(25A),주강 등 18종",해군제3함대사령부,(유)한일상사
39912,제트스트림 등 253품목 구매,연평부대,현준유통
39918,축 스리브 등 4종 구매,해군군수사령부,칠광도장기기
39919,약품포장기 자동식 사단용 등 4종 구매,해군군수사령부,노원 상사
39923,천마 마찰판 구매,육군종합정비창,DGI산업
39937,퀵서트 등 194품목,해군제1수리창,영동문구센타
39942,보호캡 등 11종 구매,제9121부대,주식회사 태촌실업
39944,플랫실링(A40) 등 7종 구매,해군군수사령부,세중물산
39949,폭염대비 물자구매,제8278부대,우성무역
39951,지문수사키트 등 11종 구매,공군제11전투비행단,한국상사
39958,20년 재난 및 안전관리 예산 폭염대비 물자 구매,제1862부대,태성텔레콤주식회사
40031,모바일 상품권 구매,국방부유해발굴감식단,조양출판인쇄
40033,"페룰, 압축용, 튜브이음용 등 5종",해군군수사령부,미래상사
40034,3M 테이블 등134종,해군본부,세움종합상사
40035,식중독지수 알리미 등 28품목 구매,연평부대,(주)대원지엘에스
40050,멀티박스 등 116품목 구매,제9181부대,스카이
40052,(206150-F)신앙상징물 4종 구매,국군재정관리단,케이엠글로벌
40054,(206109-B)00부대 워크스테이션 구매 설치,국군재정관리단,주식회사 코리아싸인
40056,스테인리스 주름관 등 240품목 구매,제9181부대,주식회사 코리아종합관리
40067,표적호 방호판 구매납품,제9보병사단사령부,메이아이
40070,디스크 전극 세트 등 15종,해군제1수리창,영동문구센타
40072,20년 정비·취사 피복 구매,수도군단,지지올레
40079,20-2차 전장관리체계 전산운영용품 구매,동원전력사령부,불토스
40086,소화기멜빵류,지상공통전력운영계약팀,강서실업
40089,발칸 차폐개스킷 구매,육군종합정비창,현대정밀가스켓
40090,발칸 멈치 구매,육군종합정비창,협신정밀
40094,원형덤벨 등 5품목 구매 납품,제3170부대,헵시바상사
40102,20-백색마후라 등 5종 구매,국군재정관리단,SS종합상사
40105,20-166 하이브리드 키폰 1품목,공군교육사령부,에스네트웍스 주식회사
40107,헬멧위장포,물자계약팀,(주)보광아이엔티
40108,"추출기, 콘넥타용",물자계약팀,동진테크
40110,학군단복,물자계약팀,주식회사 앤비앤코퍼레이션
40117,지우개 등 73종 구매,제5738부대,우리디지털테크
40121,군숙소 디지털 도어록 구매/설치,해군제3함대사령부,하나유통
40125,평식기(스테이리스) 구매,제3170부대,애드온스마트 주식회사
40128,롱 임팩트 소켓 등 630종,해군군수사령부,소원테크
40136,스파이더 전압계 등 19항목 구매(통신),육군군수사령부,주식회사 나우이노
40137,엘보우류,지상공통전력운영계약팀,현대정밀가스켓
40141,골반고정대 등 7종,국군의무학교,주식회사 제이엠메디칼
40148,UPS 등 2품목 구매,제9196부대,아비누 말케이누
40152,(20-7)UPS구매,공군제10전투비행단,VOK(비전오브코리아)
40153,전투우의,물자계약팀,희림상사
40154,20년 해군해병 정복／근무복 원단,물자계약팀,조양모방(주)
40155,"전투우의, 디지털무늬",기동총괄계약팀,주식회사 무궁화용사촌에프앤씨(F&C)
40157,DVD(다큐공감 등 82종) 구매,해군사관학교,대성
40165,개스킷 등 22종 구매,해군군수사령부,세명종합공구
40166,스팀다리미 175EA 구매,해군군수사령부,지투스틸
40171,탄약중대 탄약지원 물자 7종 구매,공군제11전투비행단,한국상사
40176,다목적굴착기 끈등18종 구매,육군종합정비창,조강테크
40177,교량가설단정 볼조인트등5종 구매,육군종합정비창,정원사
40178,다목적굴착기 수리킷트등4종 구매,육군종합정비창,정원사
40194,덤보체어 등 3품목 구매,제9181부대,이터널
40197,에어원터치 커플러 등 92종,제7001부대,대명상사
40198,CPO실 쇼파 수선 등 8종,해군군수사령부,씨포스2000
40199,식당 테이블 수선 등 15종,해군군수사령부,효원
40200,샤워기 수전 등 23종,해군작전사령부,피앤에스
40211,1호 스티로폼 등 31종,제7001부대,주식회사 더원시스템
40213,여군 흑단화 등 4종 구매,해군군수사령부,(주)한양어패럴
40214,여군 흑단화 등 4종 구매,해군군수사령부,(주)한양어패럴
40226,호스류,지상공통전력운영계약팀,주식회사 서진에프에이
40235,세정용세척제 구매,육군종합정비창,삼일이화학상사
40236,이산화탄소용기검사 등 2종 구매,육군종합정비창,주식회사평화산소
40241,20년 소화기멜빵류,지상공통전력운영계약팀,동우산업사
40242,훈련장 쇄석 구매,육군학생군사학교,주식회사 청주테크
40244,쓰레받이 세트 등 66종 구매 납품,제3283부대,한국조달산업
40245,해군 신호기 등 121종 구매(20208025-F),국군재정관리단,성지EMB
40247,(206143-C) 제설자재 도구함 구매,국군재정관리단,다성
40252,20-1차 ㅇㅇ체계 운용용품 구매,국방정보본부,주식회사 크리에이티브에스
40258,하우징류,지상공통전력운영계약팀,덕인산업
40261,무선수신분배기 구매,국방부근무지원단,주식회사 수앤주
40264,20-33-방안자 등 272종 구매,해군제2수리창,대지종합상사
40268,병영식당 노후 감압변 설치납품,육군기계화학교,지엠에스
40271,무선수신분배기 구매,국방부근무지원단,주식회사 수앤주
40272,무선수신분배기 구매,국방부근무지원단,주식회사 수앤주
40273,TOD레이저 표적지시기 구매,제9691부대,주식회사 천화
40287,초음파 세척기 구매,육군군수사령부,제이에스컴퍼니
40295,20년 다목적 외투,물자계약팀,삼덕상공(주)
40297,20년 공군 정복／근무복,물자계약팀,주식회사 무궁화용사촌에프앤씨(F&C)
40304,00부대 사이버지식정보방 운영용품 구매,제28보병사단,국일기업
40306,말굽 등 98종 구매,제8385부대,상승물산
40308,20-조-24 이발가위 세트등 5종,공군 작사예하 방포사예하 제2여단,일리컴퍼니
40310,"20-099 보정세트, 2차표준원기용",공군제5공중기동비행단,영화상사
40311,만능우마작업대 등 5종,제7001부대,(주)원진
40317,인식표용 튜브 및 고무링 구매,제3170부대,으뜸컨설팅
40321,럭비부 운동용품(땀복 등 12종),국군체육부대,제이에스이SNC
40322,"육상,탁부,하키부 운동용품(반팔티 등 10종)",국군체육부대,미성종합체육산업 주식회사
40327,멸균포 등 38항목 구매(해파),육군군수사령부,주식회사 이든팜
40334,20-0함대 출입통제체계 확대(208067-A),국군재정관리단,주식회사 빅오이
40339,00부대 등 2개소 법면보강 자재구매,제28보병사단,닉스
40343,세면주머니,공군군수사령부,주식회사 에코유비아
40347,20년 폭염대비 재난 및 안전관리품,제8기동사단,준아트
40351,하계복장 조끼 등 3품목 구매,제9691부대,우주상사
40356,전술조끼 등 8품목 구매,제9691부대,경기종합상사
40357,"버스,도체용 등 9종",해군군수사령부,세종상사
40361,"작동기,유압식-공기식,회전형 1종",해군군수사령부,제일테크
40371,부대 후생용구 구매(전기이발기 등 4종),4284부대,주식회사 바른프린테크
40374,간부숙소 롤스크린 구매,국방부계룡대근무지원단,썬플러스
40380,(207104-B)자동 등강기 세트 구매,국군재정관리단,주식회사 하늘기업
40381,(206126-B)오더피커 구매,국군재정관리단,주식회사 팬웨스트에스앤티
40387,전기선 등 111품목 구매,제9181부대,체리유통
40388,제빙기 등 16품목 구매,제9227부대,도담테크
40400,형광램프 등 110종 구매,자운대근무지원연대,우신종합상사
40402,탄약 정비자재(PS테이프 등 12종) 구매,육군 탄약지원사령부,영센스글로벌
40403,야전배낭(I형),기동총괄계약팀,희림상사
40406,리프트,물자계약팀,성도교역
40407,"야전배낭(I, II, III형)",물자계약팀,강서실업
40410,"냉·난방기 등 4종 구매(설치포함)(20-100,125,137)",공군제15특수임무비행단,가평레져
40412,중량바 등 4종 구매,제9911부대,성원씨케이
40413,만능도끼 등 42종 구매,제9911부대,이슬컴퍼니
40415,유니레이 주 등 6종,제7001부대,제이메디케어
40418,국자(대) 등 116품목 구매,제9227부대,중앙종합상사
40422,화물결박용밴드 1항목 구매(물자),육군군수사령부,주식회사 이음
40424,프린트 등 6품목 구매,공군83정보통신정비창,에스아이솔루션
40425,호스 등 87종,공군군수사령부,중앙기업
40437,비철 늄합금천공판등11종 구매,육군종합정비창,(주)종로인더스트리
40439,20-03-053 에어클리너(K5) 등 43종 구매,공군제16전투비행단,아윤상사
40442,20년 정비피복류(정비화 등 3종) 구매,제7보병사단,(주)동건
40444,나트륨램프 등 51종,제20전투비행단,대경상사
40445,공기청정기 구매 납품,제3283부대,주식회사 제이스디자인
40452,(207094-C) 전자내시경 구매,국군재정관리단,신화컴퍼니
40463,스텝퍼 등 2종,제2002부대,(주)씨티원서비스
40466,20-34-전기용 절연니스 등 12종 구매,해군제2수리창,경기종합상사
40471,"램프, 발광다이오드 등 3종 구매",해군군수사령부,대양종합전력(주)
40474,"패킹, 성형식 등 34종 구매",해군군수사령부,와이에스통상
40477,20-120 소방차 1품목,공군교육사령부,정우정공주식회사
40478,"20년 플라스틱표적지(E,F형)",지상공통전력운영계약팀,엔피씨 주식회사
40483,피스톤 컴플레트,지상공통전력운영계약팀,대린테크
40498,제빙기 등 2품목 구매,제9181부대,은혜미디어
40499,방진마스크 등 6품목 구매,제9181부대,주식회사 삼우인더스트리
40502,20-125 전자칠판 등 6품목,공군교육사령부,주식회사보승글로벌
40506,20년 해군해병 정복／근무복,물자계약팀,성지EMB
40527,요대류,물자계약팀,동우산업사
40528,여과기,지상공통전력운영계약팀,삼우시스템 주식회사
40531,지상전술전자전 피뢰기 1항목 구매(통신),육군군수사령부,엠씨에스테크 주식회사
40533,고속단정(해병대용),지상공통전력운영계약팀,주식회사 반도마린
40542,전관앰프(600W) 설치납품,제1군수지원사령부,주식회사 뉴인테크
40546,"요대, 디지털무늬",물자계약팀,(주)대성테크
40551,하드바 등 87종 구매,해군군수사령부,하나계기상사
40552,"잭, 유압식, 수동식 등 12종",해군군수사령부,주영
40555,퓨즈 1종,해군군수사령부,신동하이텍
40577,20-125 철제 작업대 등 7품목,공군교육사령부,문경종합상사
40578,비행복,물자계약팀,SS패션(경동어패럴)
40581,유수분리기,지상공통전력운영계약팀,거림엔지니어링(주)
40584,(20F082-I)고속상황전파체계서버교체등6건통합리스,국군재정관리단,오릭스캐피탈코리아(주)
40591,수중 선체 검사 로봇 구매(20208055-F),국군재정관리단,에이치엠 엔지니어링
40593,20-K-간부숙소 전자도어락 구매,제9181부대,나우 스페드
40597,20년 철제계급장,물자계약팀,좋아실업 주식회사
40598,20년 정모류,물자계약팀,주식회사 유피앤아이
40599,식관,물자계약팀,주식회사 킹센스
40604,격발기 35EA,해군작전사령부,디에스지(DSG)
40606,물티슈 등 481종 구매,제5738부대,영우상사
40608,회전테이블 등 3품목 구매,제9해병여단,월정이엔씨
40611,방진마스크 112EA,해군작전사령부,세움
40613,20-120 20-20차 정비피복(8종) 구매,수도방위사령부,신화유통
40621,"코덱, 신호자료용 1종 구매",해군군수사령부,주식회사 디에스테크놀러지
40629,플라스틱 성형재 등 4종,공군군수사령부,신도통상
40638,아질산나트륨 등 8종 구매,육군종합정비창,삼일이화학상사
40640,00지역 정비 및 취사피복 구매,제6군단사령부,빛가람장애인시설
40651,2/4분기통합발주(스템플러심 등 1018종),제7001부대,영남물류
40657,밴드쏘 등 17종,해군군수사령부,대성
40658,"픽,직선형,무두형 등 26종",해군군수사령부,(주)블루마린
40659,시험세트(초음파식) 구매(20-34),공군제15특수임무비행단,디에이치엠(DHM)
40661,00부대 수송부 오버헤드도어 설치납품,지상작전사령부,예원
40663,"이산화탄소, 공업용 구매",해군군수사령부,주식회사 우진가스텍
40670,핸디 패티 등 343종,해군본부,청일산업
40678,20-30-스티어링 휠 등 18종 구매,해군제2수리창,오성머티리얼 주식회사
40680,L형 복구키트 제작 납품,해군작전사령부,금호상사
40681,연강봉 등 86종 구매,해군제3함대사령부,동서종합상사
40690,"간, 조준용",지상공통전력운영계약팀,평화정밀
40723,교량가설단정 래치A등2종 구매,육군종합정비창,DGI산업
40726,"브래킷, 판류",지상공통전력운영계약팀,삼호정밀
40727,월프레임 등 34종,해군 기동함대사령부,하나유통
40728,PVC커터 등 91종 구매,자운대근무지원연대,(주)한일종합상사
40731,(20-9)도장부스 구매/설치,공군제10전투비행단,주식회사 이노스트림
40743,공카드 등 16품목 구매,제9181부대,이정
40758,(20-9)도장부스 구매/설치,공군제10전투비행단,주식회사 이노스트림
40760,20년 포제계급장,물자계약팀,주식회사 흥선
40761,"야전상의, 대테러용",물자계약팀,주식회사 앤비앤코퍼레이션
40762,20년 공군 정복／근무복 원단,물자계약팀,주식회사 아즈텍더블유비이
40763,20년 공군 정복／근무복 원단,물자계약팀,주식회사 아즈텍더블유비이
40764,20년 공군 정복／근무복 원단,물자계약팀,주식회사 아즈텍더블유비이
40765,20년 공군 정복／근무복 원단,물자계약팀,주식회사 아즈텍더블유비이
40766,20년 공군 정복／근무복 원단,물자계약팀,주식회사 아즈텍더블유비이
40767,20년 공군 정복／근무복 원단,물자계약팀,주식회사 아즈텍더블유비이
40773,휴게실 쇼파(좌판) 수선 등 17종,해군군수사령부,크리스탈정보
40780,고무링 구매,제3170부대,명진산업
40782,"변환기,신호자료용 등 2종 구매",제9121부대,주식회사 태촌실업
40784,20년 재난 및 안전관리 물자 구매,제1607부대,주식회사 리한
40786,"정보통신대대 외장하드디스크 등 33종 구매(20-79,80)",공군제15특수임무비행단,안보종합상사
40787,감지센샤 등 4종,해군군수사령부,태양전자
40788,"링,피스톤용 등 68종",해군군수사령부,메트로마린서비스
40790,안전밸트 150EA 구매,해군군수사령부,주식회사 씨티원 충남
40795,"정렬고정기, 레이저용 1EA 구매",해군군수사령부,(주)동일자동화전력
40796,퓨즈 키트 등 8종 구매,해군군수사령부,에스티통상
40798,특수봉인지 1종 구매,해군군수사령부,씨티원 강원지점
40799,피스톤링 등 30종 구매,해군군수사령부,주식회사 제워디
40827,하네스류,지상공통전력운영계약팀,대호정기(주)
40831,연필 등 84종 구매 납품,제3283부대,진양통상
40832,인삼천 등 53종 구매 납품,제3283부대,이지시스템(EG system)
40833,DVD `그래비티` 등 23종,해군 기동함대사령부,주식회사 디엘에스(DLS)
40837,20-주변시야계 등 3종 구매,국군재정관리단,에스와이컴퍼니
40839,무릎보호대 등 30품목 구매,제9196부대,대원(垈元)
40848,세면기 고압호스 등 111종,제7001부대,주식회사 진성하이텍
40851,펜치 등 87종,제2002부대,오케이산업
40852,'20년 정비피복(장구류) 구매,제28보병사단,효선
40859,독서대 등 670품목 구매,제9227부대,나무늘보
40861,팁 등 2종,해군군수사령부,(주)블루마린
40887,잭 박스,지상공통전력운영계약팀,극동전기공업
40889,식탁,물자계약팀,주식회사 디에스나이키
40890,20-2차 정보화예산 계약,제1862부대,레위
40893,무전극안정기 등 4종,제20전투비행단,아름종합상사
40903,"(20-097)메인 프레임,전자식",공군제5공중기동비행단,에스씨원(SC1)
40909,3인용 쇼파 좌판 수선 등 11종,해군군수사령부,에이스유통
40911,20년 축성도구 구매,제1군수지원사령부,하나유통
40912,HET권양기(레버블럭) 구매,제1군수지원사령부,자비스
40919,보조호흡기 등 6종 구매,제5738부대,다올
40921,00체계 운용용품 구매,수도군단,레드박스
40923,연기감지기 등 21종 구매,해군군수사령부,신영물류
40929,"랜턴, 전기식 166EA 구매",해군군수사령부,주식회사 신우앤테크
40949,탄약정비자재(PP끈멈치 등 51개 품목) 구매,육군 탄약지원사령부,주식회사 케이제이
40950,탄약 정비자재(105밀리 보호캡) 구매,육군 탄약지원사령부,정호정보통신
40951,20년 육/해/공군 전투모,물자계약팀,주식회사 성신양행
40952,전투용탄약운반장구,물자계약팀,삼광기계제2공장
40953,잠바류,물자계약팀,주식회사 앤비앤코퍼레이션
40960,망간키트 등 25종,제7001부대,스마트테크
40964,"(20-101)분류기,계기식,다중범위용",공군제5공중기동비행단,주식회사 베스테크코리아
40965,MTB 자전거 4대 구매,해군교육사령부,진성
40966,서보유니트 등 29품목,해군제1수리창,유진물산
40969,"핀,직선형,무두형 등 22종",해군군수사령부,(주)블루마린
40973,에어카트리지 등 143종 구매,제3170부대,으뜸컨설팅
40978,멀티탐지형 랜 테스터기 등 158품목 구매,제9691부대,크립토씨앤이
41005,[20-33] 20년 정비 피복 구매(1),제6보병사단,(사)한국척수장애인협회 피복사업소
41007,바인더 등 376종 구매,제9121부대,선우블라인드 커튼
41009,(20-105)저항표준기,공군제5공중기동비행단,주식회사 에이티에스테크놀로지
41010,봉인 알루미늄 등 44종 구매,해군군수사령부,유진상사
41012,진공포장기 등 17품목,해군제1수리창,신우기업(주)
41013,(20-109)저항표준기SR1050-10M,공군제5공중기동비행단,주식회사 베스테크코리아
41014,(20-110)저항표준기,공군제5공중기동비행단,주식회사 베스테크코리아
41026,컴벳셔츠,물자계약팀,희림상사
41027,20-종이걸레등 2종 구매,국군재정관리단,드림비즈 주식회사
41033,사병외투,물자계약팀,GNT부산의용촌
41034,제동유교환유니트,물자계약팀,한성정공
41035,간부숙소 텔레비전 구매,제5602부대,광명실업
41040,블랙박스 등 2품목 구매,제9196부대,세영테크주식회사
41047,다용도 일회용 클리링 등 619종 구매,제9121부대,주식회사 케이기업
41052,터니켓 등 116종 구매,제5738부대,주식회사 광원종합상사
41054,잠수작업화(건식) 119EA 구매,해군군수사령부,씨티원 강원지점
41055,광대역 신호 분배기 등 5종 구매,해군군수사령부,주식회사 글로벌코넷
41056,클램프 등 29종 구매,해군군수사령부,(주) 우리해양기술
41069,밀링머신 구매(209017-I),국군재정관리단,주식회사 삼우개발
41070,X-RAY 수하물 투시기 구매(209074-I),국군재정관리단,주식회사 이레에스엔씨
41072,20-디지털 공기자료 시험세트 구매,국군재정관리단,우주상사주식회사
41077,사진편집기 등 4종 구매,해군군수사령부,에스엘(SL)상사
41080,대테러복 등 6품목 구매,육군군수사령부,주식회사 이음
41082,"릴,호스용 등 4항목 구매(일장)",육군군수사령부,주식회사 신우앤테크
41088,다중계기 구매,공군군수사령부,피에이치에스(PHS)
41090,경보기 세트,공군군수사령부,조인
41101,개선 안면마스크,물자계약팀,주식회사 킴블스
41102,용접복,물자계약팀,주식회사 킴블스
41103,"대테러복, 특전작전용",물자계약팀,주식회사 킴블스
41105,휀다 및 판류,지상공통전력운영계약팀,(주)대립
41122,전기디지털 코일등17종 구매,육군종합정비창,지앤와이일렉텍(주)
41127,20-142 이발용 기구 등 6품목,공군교육사령부,미래산업
41128,"20-108, 5시험소, 다이얼게이지 검사기",공군 제8전투비행단,제이에스건설화학
41130,텔레비전(54인치) 등 7종 구매,공군제19전투비행단,그린종합사무기
41137,20년 해군해병 정복／근무복 원단,물자계약팀,조양모방(주)
41138,20년 해군해병 정복／근무복 원단,물자계약팀,(주)킹텍스
41139,20년 해군해병 정복／근무복 원단,물자계약팀,주식회사 아즈텍더블유비이
41140,20년 해군해병 정복／근무복 원단,물자계약팀,주식회사 아즈텍더블유비이
41141,20년 해군해병 정복／근무복 원단,물자계약팀,주식회사 아즈텍더블유비이
41142,20년 해군해병 정복／근무복 원단,물자계약팀,주식회사 아즈텍더블유비이
41143,20년 해군해병 정복／근무복 원단,물자계약팀,주식회사 아즈텍더블유비이
41144,20년 해군해병 정복／근무복 원단,물자계약팀,주식회사 아즈텍더블유비이
41145,20년 해군해병 정복／근무복 원단,물자계약팀,(주)킹텍스
41151,시트 등 2종,해군군수사령부,세현종합상사
41155,육성-20-4차-철밴딩기 등 4종 구매,육군 52보병사단,씨에이치에이
41190,워크인쿨러 등 2종 구매(2010015-I),국군재정관리단,주식회사 엔미디어솔루션
41192,고속단정 인양기,지상공통전력운영계약팀,에이치엘비오션테크 주식회사
41198,제빙기 구매 납품,제3283부대,조은기업
41201,동력계산대 구매(2010014-I),국군재정관리단,주식회사 비케이트레이드
41203,구두솔 등 5종 구매,국군재정관리단,주식회사 로니로니밧시온
41208,20-118 습기제거제 등 8품목,공군교육사령부,씨티원 강원지점
41214,스웨터,물자계약팀,(주)보광아이엔티
41219,송신부 기판 등 28종,해군제3함대사령부,동서종합상사
41223,2020 정비피복(정비화) 구매,육군종합정비창,경한산업
41228,20-지형분석체계 교체(리스물건)(208080-A),국군재정관리단,(주) 한얼누리
41229,대대정기 등 4품목 구매,제9227부대,피닉스
41230,20-덕-SPIKE 해상사격표적 제작,제9691부대,모루상사
41232,온도계 자체표시식 등 9종 구매,해군군수사령부,세연상사
41244,20년 후보생 운동모 구매,육군부사관학교,희정이엔지
41248,(207085-E)도파관 건조공기주입기 구매,국군재정관리단,NS산업
41257,고무탄 총 등 2종 구매,육군본부,금융안전관리공사
41266,원목원형 벽시계 등 126종 구매,제3170부대,(주)미르건축
41271,냉장 쇼케이스 등 6종,해군작전사령부,예광
41276,엠시세람알로이cp 등 44품목,해군제1수리창,남부상사
41277,디지털 도어락  272EA 구매,제9911부대,하이드림
41280,디지탈사이니지 등 7품목 구매,공군83정보통신정비창,한국상사
41284,자전거 등 4종,해군제3함대사령부,무림오피스웨이목포점
41286,텀블러 등 2품목 구매,제9해병여단,엔피비(NPB)컴퍼니
41290,T자관 등 10종 구매,해군군수사령부,나우 스페드
41294,(육성) 20-3차 통합구매(제세동기),제1989부대,서진(sj)메디칼
41305,MC나이론판등23종 구매,육군종합정비창,(주)종로인더스트리
41308,20년 인식표,물자계약팀,주식회사 엔미디어솔루션
41312,20-전자청진기 11EA 구매,국군재정관리단,유한회사다연컴퍼니
41313,수입포 등 109종 구메,해군제3함대사령부,동원샘물유통
41314,멀티툴 구매,제9965부대,세정기업
41348,플레인서가 2종 구매,합동군사대학교,남광기업사
41351,비궁 해상표적 제작,연평부대,(주)씨티원서비스
41353,4륜 오토바이 등 50품목 구매,제9227부대,아윤상사
41358,차광망 등 274품목 구매,제9해병여단,엔피비(NPB)컴퍼니
41359,인화지 등 653품목 구매,제9해병여단,대교종합상사
41360,DGPS 안테나 등 2종 구매,해군군수사령부,제일테크
41361,대기용활성탄 등 17종,해군군수사령부,주식회사 제이에이치환경산업
41364,00통신대대 항온항습기 교체,제2632부대,주식회사 탑에이스
41369,천마 개스킷 구매,육군종합정비창,영진상사
41376,스펀지 밀대 등 210종,해군 기동함대사령부,신제주스포츠
41380,(206072-F)버스킹패키지 11종 구매,국군재정관리단,에이치와이씨(HYC)
41386,와이어 전기용 등 29품목,해군제1수리창,상승물산
41394,북문 스피드 셔터 설치 납품,국방부계룡대근무지원단,드림팩토리
41395,스쿼드 머신 등 15종 구매,제8385부대,남부상사
41396,블랙박스 등 2종 구매설치,제8385부대,반석상사
41397,알루미늄 리벳 등 4종 구매,해군군수사령부,케이-부영
41408,하네스류,지상공통전력운영계약팀,연합정밀(주)
41415,모기기피제 등 10종 구매,자운대근무지원연대,건양체육산업
41441,박물관 소장유물 보존 용품 구매,해군사관학교,위트랜스
41442,공군 하행사복 구매,국방부근무지원단,애드온스마트 주식회사
41443,20-22-충전식 리베터리 구매,해군제2수리창,안보종합상사
41444,20-23-스펀지 등 4종 구매,해군제2수리창,안보종합상사
41446,포장랩 등 26종,해군군수사령부,세종ENG
41447,분사식 살충제 등 8종(20-078),공군제1전투비행단,동서세라믹(주)
41450,바벨봉 등 6종 구매,제9911부대,멜로우디
41454,샤프심 등 615종('20-2차),제2002부대,주식회사 예안전력
41457,배토기 등 3종,제7001부대,(주)텍스코
41459,GOP통합급수 플렉시블이중보호관,제1862부대,(주) 솔포스텍
41460,에어호스등56종 구매,육군종합정비창,태일공구종합상사
41468,(207079-D)안테나 제작용 자재(재료) 구매,국군재정관리단,주식회사 승지산업
41470,투명시트지 등 651품목 구매,제9181부대,영수유통
41472,2020년 정비피복 구매,제1891부대,(사)한국기능장애인협회(보람 장애인 작업장)
41474,(20-026) 자립형 SUS 소화기함 등 4품목,공군제18전투비행단,우리온
41483,"무릎, 팔꿈치 보호대 셋 등 266품목 구매",연평부대,달빛서점
41490,쇼파 좌판 수선 등 6종,해군군수사령부,디엠
41495,개량비 등 43종,해군작전사령부,케어트리
41496,수중랜턴 등 5종,해군작전사령부,에스제이미디어
41502,빔프로젝트 등 12품목 구매,연평부대,레솔루션
41506,"혼, 신호용 등 4종 구매",해군군수사령부,대한테크원
41509,배낭부속재류,물자계약팀,삼덕상공(주)
41510,인산염코팅제등23종 구매,육군종합정비창,주식회사 니오졸케미칼
41511,다목적전술차 흙받기등47종 구매,육군종합정비창,현대정밀가스켓
41512,순간접착제등22종 구매,육군종합정비창,(주)피플컴퍼니
41518,스모그머신 등 4종,국군의무학교,남광기업사
41519,20-111 세라믹인두기 등 110품목,공군교육사령부,우성종합상사
41521,20-온열조끼 72EA 구매,국군재정관리단,애드온스마트 주식회사
41522,"(206071-E)연삭기(표면용,왕복식)구매",국군재정관리단,주식회사 보성기업
41526,20년 흉장 및 예비군마크,물자계약팀,주식회사 흥선
41527,20년 육군 베레모,물자계약팀,주식회사 나루지엠에스
41533,자동화재속보기 등 25종 구매,해군제3함대사령부,호전
41538,네임펜 등 60종 구매,제5738부대,한성
41540,실버크립 등 546품목 구매,제9227부대,기원상사
41541,활주로 진공청소차,기동총괄계약팀,드래곤모터스 주식회사
41546,"연장기, 경고등용",지상공통전력운영계약팀,티케이(T.K)테크
41551,식중독 알리미 등 2품목 구매,제9181부대,다이아나
41558,20-K-보안회전문 구매 설치(2),제9181부대,주식회사 우형정보통신
41559,디지털온도계 등 44품목 구매,제9181부대,금강아이티
41561,고무벨트 등 114종,해군 기동함대사령부,해솔상사
41566,전장관리체계 지원물품 구매,제2군단,디지털-두두
41571,카라티 등 3종,해군작전사령부,참조은
41583,차광막 등 86품목 구매,제9227부대,중앙Office
41586,전기레인지 등 2종 구매 설치,제5738부대,미컴퍼니
41589,안전등 등 7종 구매,해군군수사령부,카페그루터기
41591,전압계 1종 구매,해군군수사령부,테라시스템
41592,안테나(AS-374K) 등 11종 구매,해군군수사령부,오앤피
41593,안테나 등 2종 구매,해군군수사령부,Basic Korea(베이직산업)
41611,PP칼라정부화일 등 693종 구매,제9911부대,두리 [dulu]
41613,ㅇ 프롬프터 등 2종 구매,해군교육사령부,라온상사
41614,전해 살균제 발생셀 등 6종 구매,해군교육사령부,자인비
41617,메모홀더 등 62종,해군군수사령부,오피스플러스
41618,"주축, 기계작동식 등 4종 구매",해군군수사령부,창진ENG(주)
41620,동계취사복 등 3종 구매,해군군수사령부,씨티원 강원지점
41621,취사방한조끼 1품목 구매,해군군수사령부,주식회사 씨에스상사
41631,플렌지류,지상공통전력운영계약팀,평화정밀
41632,플렌지류,지상공통전력운영계약팀,평화정밀
41644,발생기 신호용 등 2종 구매(20209059-I),국군재정관리단,주식회사우정상사
41651,절단용 인서트 팁 등 27품목,해군제1수리창,반석상사
41652,PP파일등 114종 구매,해군제3함대사령부,동진기업
41654,스팀다리미 등 2종,제7001부대,씨티원 경남지점
41661,20-육성-2차-물자구매(PP박스),육군 52보병사단,바인시스템
41662,3단 경봉 구매,제3170부대,주식회사우정상사
41664,차륜평행기 소형 등 2종 구매,해군군수사령부,세종와이에이치
41666,배럴 로드셋 등 6종 구매,해군군수사령부,(주) 영창기술원
41670,00함 탄약승강기 정비,해군군수사령부,주식회사 일성이엔지
41672,중자건조로 1EA 구매,해군군수사령부,오구컴퍼니
41674,"유조차 (4,000G/A)",기동총괄계약팀,정우정공주식회사
41679,화합물등15종 구매,육군종합정비창,주식회사 에이에스씨
41680,호스등20종 구매,육군종합정비창,금강특수산업 주식회사
41681,튜브등19종 구매,육군종합정비창,장성
41683,호스결합체등52종 구매,육군종합정비창,월드테크
41685,붕산등15종 구매,육군종합정비창,마창케미칼 주식회사
41686,고착방지제등8종 구매,육군종합정비창,마창케미칼 주식회사
41687,접착제등33종 구매,육군종합정비창,삼일이화학상사
41688,아세톤등22종 구매,육군종합정비창,삼일이화학상사
41697,세탁망 등 3종 구매(20208022-I),국군재정관리단,주식회사보승글로벌
41703,국방헬프콜 홍보 스티커 제작,국방부조사본부,주식회사 신명이에스티
41706,"유조차 (2,500G/A)",기동총괄계약팀,정우정공주식회사
41707,"쉘타, 비전개식(2½사격지휘차용)",기동총괄계약팀,드래곤모터스 주식회사
41709,20년 태극마크,물자계약팀,주식회사 킴블스
41710,방진화,공군군수사령부,주식회사 해피코리아
41711,'20년 청력보호헤드셋용 어댑터 구매,제1987부대,그린종합사무기
41712,세척제 등 8종 구매,제5738부대,샘물기업
41713,결재판 등 343종 구매,제5738부대,세종인터날
41715,남자축구 훈련용품(축구화 등 7종),국군체육부대,영원산업개발(주)
41717,방진마스크 등 14종 구매,제5738부대,헵시바상사
41720,20-진급심사체계 교체(리스물건)(208069-A),국군재정관리단,주식회사 세안정보통신전기
41734,유전자시약재료 구매,국방부조사본부,(주)에이치엔에스바이오
41735,"(207081-H)가상화 기반환경(HW, SW) 구매",국군재정관리단,(주)엔큐컨설팅
41737,전동카트 구매(20209062-I),국군재정관리단,가림시스템
41742,(206036-C) CNC 수직선반 구매,국군재정관리단,(주)오성인피니티
41744,유전자시약재료 구매,국방부조사본부,(주)에이치엔에스바이오
41752,미송각재 등 24종 구매,해군교육사령부,선진
41757,Field PG 등 4종,해군군수사령부,제일테크
41758,양변기 커버 등 63종 구매,제9911부대,주식회사 백상비씨에스
41766,야외테이블 세트 등 2종,해군작전사령부,안보종합상사
41770,병세척솔등38종 구매,육군종합정비창,(주)티엠텍
41772,다목적굴착기 절연체16종 구매,육군종합정비창,주식회사 오케이 다대
41781,20-야시경 마운트 등 7종 구매,국군재정관리단,주식회사 보성기업
41799,디지털윤전재료 4종 구매,국방출판지원단,주식회사 더그린
41800,링브로워 등 291품목 구매,제9196부대,디엔씨오토메이션
41809,Charging Corona Unit 등 98종,해군본부,주식회사 씨티원 충남
41812,작전조끼 등 3종,해군작전사령부,더 엘림(THE ELIM)
41814,헌병표식(헬멧용) 등 32종 구매,제3170부대,현진
41819,"잉곳,주석-청동용 등 10종",해군군수사령부,주식회사 비에스씨
41821,오-링 등 11종,해군군수사령부,조은테크
41825,소형선반 1EA 구매,해군군수사령부,양지무역
41832,빨래 건조대 등 477종 구매,해군제3함대사령부,일등산업
41834,회전도 그린모아 등 14종,제7001부대,삼성
41836,조정 에르고미터 구매,해군사관학교,(주)코모엔터프라이즈
41838,소파 등 2종 구매,해군사관학교,가촌상사
41840,휴게실 쇼파(좌판) 수선 등 7종,해군군수사령부,북소
41841,디지털벽시계 등 7종,해군군수사령부,나래기업
41842,20년 유해발굴 물자 구매(A-20009),제5보병사단,제원테크
41843,20-취약점 점검도구 교체(208003-A),국군재정관리단,(주)플러스모던
41846,(207069-F)안압계 비접촉식 구매,국군재정관리단,서진티앤에스주식회사
41847,(206022-C)머시닝센타(수평) 구매,국군재정관리단,주식회사티엠에스
41848,20-1차 정보화 운용재료 구매(202010003-D),국군재정관리단,주식회사으뜸파트너스
41858,코어네트 등 9종 구매 납품,제3283부대,연천종합물산
41863,20년 대용량정수기 임차 렌탈,제36보병사단,(주)한성바이오테크
41866,웹 슬링 등 5품목,해군제1수리창,지원종합상사
41869,오-링 등 14종,해군제3함대사령부,(유)한일상사
41871,디스플레이 유닛 1종,해군군수사령부,세종상사
41876,네비게이션 등 3종 구매,제3170부대,주식회사 그린이지
41879,오링 등 24종,해군제3함대사령부,전일종합상사
41881,대테러 방탄복 구매,제3170부대,주식회사 에코비투
41882,물백 구매,제3170부대,탑앤탑(TNT)
41890,"핀, 피스톤용 등 77종 구매",해군군수사령부,범한산업 주식회사
41892,'20년 부대조달 후식(음료류 에너지음료),육군제7789부대,주식회사 디엠파워
41894,'20년 부대조달 후식(에너지바),육군제7789부대,세종와이에이치
41898,광융착접속기 등 30항목 구매(통신),육군군수사령부,주식회사 성우팜
41914,20년 후식(단가계약) 에너지바 구매,제1군수지원사령부,(주)대림
41936,20년 K1A기관단총,기동총괄계약팀,에스앤티모티브주식회사
41943,아리랑 커버 등 40종,해군작전사령부,무진상사
41944,패널세트 등 33종,해군작전사령부,호경북아트
41945,플라스틱 표적지 743EA,해군작전사령부,주식회사 부영상사
41954,청력 검사실 등 3종 구매,해군군수사령부,주식회사 유노미아
41957,해군 개선바클 1종 구매,해군군수사령부,주식회사 로뎀하이텍
41958,전기소작기 사단용 1대 구매,해군군수사령부,케이투메디칼
41960,소방두건 177EA 구매,해군군수사령부,주식회사 부영상사
41971,기상측정자료 표시세트 구매,공군83정보통신정비창,주식회사 엠제이엠
41972,유압식 돌리형 잭 3종,공군군수사령부,밀리 메이트
41973,총기보관함 2종,공군군수사령부,주식회사 금성강철
41987,(206050-D)샌딩로봇(발칸) 구매,국군재정관리단,주식회사 팬웨스트에스앤티
41992,실내청소차 구매,육군군수사령부,대덕
41995,매직호스 등 435종 구매,해군교육사령부,와이에스피(YSP)
41997,손세정제 구매,제3170부대,아이스크림할인매장 포항효자점
42003,DVD리모컨 등 485종 구매,해군교육사령부,한가온
42017,롱 임팩소켓 등 13항목 구매(물자),육군군수사령부,지앤지(G&G)
42023,방탄방패 1품목 구매(물자),육군군수사령부,제우실업
42025,전기소작기등 3종 구매,공군군수사령부,제이디건설기계 주식회사
42027,건열기등 3종 구매,공군군수사령부,세볕메디
42055,연마포등24종 구매,육군종합정비창,주식회사 성우
42056,도화용붓등44종 구매,육군종합정비창,선우상사
42061,화장지 등 231종 구매 납품,제3283부대,티씨씨엔지니어링(주)
42064,"망원경, 엘보형",기동총괄계약팀,(주)우경광학
42071,탐조등 1종,해군군수사령부,주식회사 챔피언스초이스
42074,전기온풍기 세트,제2002부대,(주)씨티원서비스
42082,전력계(110GHz) 1EA 구매,해군군수사령부,에이디링크
42089,어댑터 호이스트용 등 29항목 구매(물자),육군군수사령부,케이씨컴퍼니
42100,임팩소켓 등 11항목 구매(물자),육군군수사령부,선경실업
42102,형광투시검사 유니트 구매 및 설치,공군제17전투비행단,피앤비
42105,액상황산알루미늄 등 13종 구매,육군종합정비창,주식회사 부영상사
42106,다목적전술차 본넷등2종 구매,육군종합정비창,현대정밀가스켓
42107,알곤용기검사등10종 구매,육군종합정비창,석전의료공업 주식회사
42108,액상가성소다등2종 구매,육군종합정비창,인고케미칼
42122,00부대 소화기 구매,국군제1068부대,(주)한국소방기구제작소
42124,간부숙소 출입문 디지털 도어락 설치납품,지상작전사령부,두리상사
42132,그랜드 파킹 등 9종 구매,해군군수사령부,참조은
42133,"전동기, 교류식 등 2종 구매",해군군수사령부,대양전기공업(주)
42139,20년 꼬질대류,지상공통전력운영계약팀,테크노와이시스템주식회사
42140,20년 105밀리 모의탄,지상공통전력운영계약팀,와이엠아이 주식회사
42152,수영장 수리 재료(전해셀) 구매,해군사관학교,주식회사 우리에이치알컴퍼니
42155,갑판 현문탁자 수선 등 7종,해군군수사령부,(주)바로컴
42157,다목적 롱노우즈플라이이어 등 51종 구매,해군교육사령부,대성
42158,플라스틱 성형재 등 8종,해군군수사령부,밀리 메이트
42159,보행매트 등 5종 구매,해군제3함대사령부,준호산업
42162,1톤 유조차 구매,제9691부대,블루텍정공 주식회사
42165,유엔기 등 3품목 구매(물자),육군군수사령부,씨티원 강원지점
42180,(조달 20-1-48) 대형세차기 1품목 설치/납품,제3훈련비행단,세인트
42184,스푼세트(B형) 구매,국군재정관리단,주식회사 나래에너지
42185,(207074-E)유전자검사 시약재료 54종 구매,국군재정관리단,(주)에이치엔에스바이오
42186,20-00단련장 5갱모아등 2종 구매,국군재정관리단,(주)오성인피니티
42190,공기 집진기 1 Set 구매 설치,국군재정관리단,주식회사조은기업
42204,육각빠루 등 350품목 구매,연평부대,엠제이코리아
42207,골프공 세척기 등 3품목 구매,제9227부대,제이제이유통
42210,수영복 등 4종 구매,해군군수사령부,센트럴공인중개사사무소
42212,수직천공기 1종 구매,해군군수사령부,밀리 메이트
42221,반면형호흡보호구등19종 구매,육군종합정비창,씨티원 경남지점
42228,면봉등100종 구매,육군종합정비창,주식회사 백운테크
42229,핸드탭등113종 구매,육군종합정비창,주식회사 성우
42231,후레쉬등17종 구매,육군종합정비창,서화테크
42233,플라스틱브러쉬등43종 구매,육군종합정비창,서미그린
42234,가제수입포등6종 구매,육군종합정비창,(주)협성산업
42236,골무등27종 구매,육군종합정비창,주식회사 성우
42237,공마대등5종 구매,육군종합정비창,일광산업
42238,에어호스등56종 구매,육군종합정비창,주식회사 씨티코리아
42246,발생기 신호용 구매(20209025-I),국군재정관리단,매쉬미디어(주)
42247,(206024-E)방폭담요 구매,국군재정관리단,동신전기(주)
42270,문화 상품권 구매,해군군수사령부,경북상사
42279,지우개연필 등 93종 구매,해군군수사령부,오피스브릿지
42282,수중통화기세트 구매,제9691부대,위쥬아
42283,특수작전용 칼 구매,제9691부대,가나안테크
42289,도선용 접속기 등 9항목 구매(물자),육군군수사령부,동양산업
42290,슬링 등 56항목 구매(물자),육군군수사령부,금성산업
42294,소프트케이스 등 64항목 구매(물자),육군군수사령부,(주)서광오토테크
42295,수영모 등 2품목 구매(물자),육군군수사령부,에스에이리테일
42301,00부대 부대운영자재(드라이모르타르) 구매,제28보병사단,캠핑아미고
42315,캠코더 1종,해군군수사령부,대광종합상사
42316,전자식 불꽃신호기 구매,국방부근무지원단,에스에이리테일
42319,예초기 등 4종 구매,국군제1068부대,정샵
42320,조립식과속방지턱 등 15종,제7001부대,주식회사 백운테크
42322,"가열소자,전기식,매입형 등 3종",해군군수사령부,미래상사
42331,양극 등 8종 구매,해군군수사령부,주식회사 대유
42332,"계수기, 전자식, 숫자판독식 1종 구매",해군군수사령부,디에스산업
42335,원심분리기 대형 등 2종 구매,해군군수사령부,비티솔루션
42337,물통(플라스틱) 1항목 구매(물자),육군군수사령부,조인
42339,잠수경 1항목 구매(물자),육군군수사령부,주식회사 광원종합상사
42341,열풍기 등 66항목 구매(물자),육군군수사령부,디엔씨오토메이션
42357,라이브 콘솔 구매,해군 기동함대사령부,만물마차
42358,플룻 등 2종 구매,해군 기동함대사령부,주식회사 길상산업
42359,20-4-2)00부대 안전물자세트(안전벨트 등 6종) 구매,수도기계화보병사단,조은누리
42361,충전임팩트라쳇 등 79종 구매,자운대근무지원연대,그린워즈
42364,주파수 측정세트 구매(20209041-F),국군재정관리단,주식회사 다윤테크
42367,유류흡착롤 등 6종 구매(20209030-I),국군재정관리단,주식회사 에코비투
42376,슬림옷걸이 등 186종 구매,해군교육사령부,엔씨
42380,네비게이션 등 3품목 구매,제9해병여단,하나유통
42384,결속 가락지 등 4종 구매,해군군수사령부,밀리 메이트
42385,"판, 명시용 등 52종 구매",해군군수사령부,하이이코리아
42400,155밀리 백색추진장약 보호캡 구매,육군 탄약지원사령부,(주)한일종합상사
42404,"사이클, 체조, 육상부 운동용품(경기복 등 11종)",국군체육부대,희망정보
42405,램프 할로겐용 등 10종,해군제3함대사령부,호전
42408,고무 콘넥트조인트 등 10품목,해군제1수리창,북평철물
42412,"조속기, 전동기용 등 2품목",해군제1수리창,크로바상사
42414,"페룰,압축용,튜브이음용 등 3종",해군군수사령부,세종상사
42418,20-054 20-9차 신사복(4종) 구매,수도방위사령부,(주) 네오인아이텍
42419,탄소전극 등 35종,해군군수사령부,제이디아이(JDI)
42420,20-057 20-13차 경호물자(9종) 구매,수도방위사령부,헤세드
42421,이발기계 등 99종 구매,국방부계룡대근무지원단,신영물류
42432,20-073 다대스푼 등 80품목,공군교육사령부,주식회사 희성환경
42434,종이가방 등 2종,해군본부,씨티원 경남지점
42439,"신사 증목 스포츠 양말 4,000켤레",해군본부,주식회사 옐로우커머스
42444,공업용 아세톤 등 2종,공군군수사령부,주식회사 에이에스씨
42449,휴대용 공기청정기 등 5종,해군본부,제이투산업
42451,멸균주사침 등 268종,제7001부대,주식회사 메디시온
42454,내시경세척기 자동식 1종 구매,해군군수사령부,주식회사 성우팜
42466,발칸 베이스 구매,육군종합정비창,대성볼트
42467,발칸 개스킷등7종 구매,육군종합정비창,현대정밀가스켓
42470,전자감응식 헤드셋 구매(20209031-I),국군재정관리단,주식회사 아인스에스엔씨
42475,(206021-B) CNC선반(대형) 구매설치,국군재정관리단,주식회사 더원시스템
42480,함정장비 수리부속 연료필터 등 16품목 구매,제9181부대,디에이치산업
42483,다웰바 등 24종,해군작전사령부,와이에스통상
42484,오-링 등 2종,해군군수사령부,경북상사
42487,마포대 등 420종 구매,해군교육사령부,와이에스피(YSP)
42488,세비카HCT정 등 86종,해군작전사령부,호랑이약품
42491,"등,마루용 등 3종",해군군수사령부,태양전자
42492,다중계기 1종 구매,해군군수사령부,테라시스템
42500,풀룻 등 15품목 구매,제9691부대,주식회사 플라워앤백
42504,워커리프트트럭 1SET 구매,해군군수사령부,한성시스템
42505,초음파누설검사기 1EA 구매,해군군수사령부,에이치엠 엔지니어링
42512,(조달 20-1-18) 건초결속기 1품목 구매,제3훈련비행단,영광상사
42520,"20-026,048 공기청정기 등 10품목",공군교육사령부,모던셀코리아（Modernsell Korea）
42521,사복탁송용 박스 구매 납품,제3283부대,한성산업
42522,20-4-2) 안전물자세트(안전벨트 등 6종) 구매,수도기계화보병사단,영광상사
42524,000함 전기식 국솥 구매,해군 기동함대사령부,주식회사 호두
42534,톤백마대 등 246종 구매,해군제3함대사령부,스카이유통
42538,플라스틱 제본링 등 418종 구매,제8385부대,전승 종합상사
42544,호스릴 등 102종 구매,해군교육사령부,이조
42547,자연석경계석 180EA,해군작전사령부,주식회사 아림석재
42552,추적등 1종 구매,해군군수사령부,제이에스컴퍼니
42553,높낮이조절작업대 1종 구매,해군군수사령부,에이치컴퍼니
42555,코일권선기 1종 구매,해군군수사령부,에스에이치(SH)
42559,압력 감지기 등 26항목 구매(궤도),육군군수사령부,주식회사 엘케이텍
42562,절연체 등 68종,공군군수사령부,삼호상사
42571,20-교-부대기 구매 납품,제3283부대,주식회사 로뎀하이텍
42575,프로젝트 램프 등 541품목 구매,제9181부대,한서유통
42577,해상작전화 등 3품목 구매,제9181부대,주식회사서연인더스트리
42584,면마스크 2차 구매,육군 제8군단,엘디앤에스(LD&S)
42587,기가에이연질캡슐 등 78종 구매,제9911부대,온케어메디홀주식회사
42588,작전물자 안전발판 등 5종 구매,육군 제1군단,하은매니지먼트
42589,"[20-0022] 해드스탠드, X-선용 튜브",공군제17전투비행단,에스에이치홀딩스
42591,[20-0013] 엘리먼트-셋 킷 외 78품목,공군제17전투비행단,주식회사 태성사
42592,"변환기,신호자료용 등 2종",해군군수사령부,제일테크
42593,FIBER OPTIC TERMINATION TOOLS 2세트,해군작전사령부,서플라이 플러스
42595,"잉곳,주석-청동용 등 20품목",해군제1수리창,대광종합상사
42596,임펠러 등  8품목,해군제1수리창,천곡철물상사
42600,백색 가죽 요대 등 7종 구매,국방부근무지원단,주식회사 전우밀리터리
42604,투베르쿨린 피피디 알티 등 87종,제7001부대,(주)석호약품
42608,온습도 기록계 펜 등 106종,해군본부,천호상사
42613,실버카드링 등 231종,해군본부,현대상사
42621,20년 신병 군장품 부착(오바로크) 구매,제1607부대,바울빨래방
42629,20-13-케이스타입 직류전압계 등 39종 구매,해군제2수리창,영화산업
42632,머신헤드(소) 등 584종,해군제3함대사령부,영산무역
42633,딩기요트 구매,해군사관학교,에이디 커머스
42636,파워플레이트 등 2종 구매,해군사관학교,아리상회
42638,전자저울 150kg 등 2품목 구매(물자),육군군수사령부,우성무역
42654,'20년 맛밤 구매,제2군수지원여단,(주)비앤에스
42668,인명구조화,공군군수사령부,주식회사 이수케이
42669,20-11-오각후크 등 2종 구매,해군제2수리창,예원
42670,20-12-방독마스크 등 31종 구매,해군제2수리창,윤영
42673,"고정물,전등용 등 2종",해군군수사령부,걸작
42674,커버 등 3종,해군군수사령부,국제전기
42677,핸드워시 등 361종 구매,제5738부대,제이제이
42679,구리양극봉 등 4품목,해군제1수리창,삼동유통상사
42680,"등, 선박항해용 등 1품목",해군제1수리창,남부상사
42683,자동 확보기 세트 등 4종 구매(20208024-I),국군재정관리단,주식회사 유니메인
42685,"접속기, 섬유광학 도선용 2EA 구매",해군군수사령부,한경
42686,공기호흡기용 충전기(20-027),공군제1전투비행단,중현산업
42696,'20년 아이스팩형 구매,제2군수지원여단,태웅 태양광 발전소
42698,'20년 아이스컵형 구매,제2군수지원여단,주식회사 고코니
42702,좌식테이블 등 2종 구매 납품,제3283부대,신성통신(주)
42709,20-10-인터쿨러 등 15종 구매,해군제2수리창,대성물류
42711,락 링 등 7품목,해군제1수리창,지원종합상사
42712,포인터 플래그 등 240품목,해군제1수리창,서주통상
42714,"수영, 하키 운동용품(수영복 등 12종)",국군체육부대,진영상사
42723,해군기 3호 게양기 등 6품목 구매,해군군수사령부,군장코퍼레이션
42725,"천, 커튼용 1품목 구매",해군군수사령부,데코하임
42728,픽업 이동용 등 26항목 구매(물자),육군군수사령부,주식회사 청호
42729,청관제 등 3항목 구매(물자),육군군수사령부,그린산업
42732,"브래킷트,과급기용 등 9항목 구매(궤도)",육군군수사령부,세진정밀
42733,여과기 등 8항목 구매(궤도),육군군수사령부,주식회사 한강필터
42742,에이드,제3군수지원여단,엠케이유통
42749,'20년 에너지드링크 구매,제2군수지원여단,마이블리스
42757,"축전기,고정식 등 20항목 구매(특무)",육군군수사령부,유한회사 유경
42770,워킹스탭 등 72품목 구매,제9181부대,한국통상
42771,사진인화기 등 132품목 구매,제9181부대,아이케이엠상사
42772,핸드소켓 등 750품목 구매,제9181부대,휴심리치료연구소
42781,"열 건조용, 전기식 오븐 구매",공군제19전투비행단,오토테크
42785,톤마대 등 65종 구매,제3170부대,골드라벨
42790,통로개척용 물자 세트 등 5종 구매(20208012-I),국군재정관리단,주식회사 유티지
42791,3단 경봉 등 7품목 구매,제9691부대,중앙종합상사
42794,모자 등 4품목 구매,제9691부대,광명산업
42796,워셔액 등 181종,제7001부대,씨티원 경남지점
42798,"고정물,전등용 270EA 구매",해군군수사령부,만복통상
42799,"백면걸레 30,000KG 구매",해군군수사령부,퍼스트지비(FGB)
42800,활성탄 등 5종 구매,해군군수사령부,주식회사 에스에이치스틸앤
42801,초음파세척기 2EA 구매,해군군수사령부,하나유통
42810,"끈,세폭띠형 등 12항목 구매(일장)",육군군수사령부,코모레비(COMOREBI)
42812,작업대 등 3항목 구매(물자),육군군수사령부,그린스틸
42814,유압식잭 수동식(3톤) 등 12항목 구매(물자),육군군수사령부,유한회사 주안
42830,방-20-04 사격표적및표적기(조종기 2종) 구매,공군미사일방어사령부,선경실업
42831,방-20-04 사격표적및표적기(조종기 2종) 구매,공군미사일방어사령부,선경실업
42835,크립고무밴드등61종 구매,육군종합정비창,영진상사
42836,인청동봉등25종 구매,육군종합정비창,종로금속공업사
42852,"콘덴서, 냉각용 등 3품목",해군제1수리창,남부상사
42853,A4 758박스(20-024),공군제1전투비행단,수통상
42863,무선 블루투스 이어폰 등 4종,해군본부,알파
42872,도르래 등 7종 구매 납품,제3283부대,두나무조경
42874,사격장 고무매트 등 200종 구매 납품,제3283부대,승재유통
42882,청구기호출력기 4개 구매,해군교육사령부,경북상사
42883,개스킷 등 2종,해군군수사령부,제일테크
42885,DVD(더 킹 등 52종) 구매,해군사관학교,(주)동건
42895,제초제 등 5항목 구매(물자),육군군수사령부,그린원주식회사
42899,국기함 1품목 구매(물자),육군군수사령부,주식회사 성우팜
42900,대철조이기 등 5품목 구매(물자),육군군수사령부,주식회사 플라워앤백
42917,USB 분배기 등 149종 구매,제5738부대,엔스케이프주식회사
42921,판토록정40mg 등 87종,제2002부대,온케어메디홀주식회사
42926,에폭시접착제 등 77종,제7001부대,주식회사 반석
42927,테이블 리프트 등 1항목 구매,육군군수사령부,밀리 메이트
42928,"램프,해상공급용 등 7종 구매",해군군수사령부,주식회사 비오비시스템
42929,탐조등 5종 구매,해군군수사령부,에스케이상사
42930,전반기 사단 및 지원부대 소방안전점검,제6128부대,주식회사 김해누리소방
42932,역화방지기 등 4항목 구매(물자),육군군수사령부,고운유통
42934,"클램프,호스용 등 42항목 구매(일장)",육군군수사령부,용진H&C
42936,테이블 리프트 등 1항목 구매,육군군수사령부,밀리 메이트
42946,풍선 등 5종 구매(20208036-I),국군재정관리단,주식회사 삼성종합관리
42948,공마대 등 47품목 구매,제9196부대,엠케이유통
42963,트랜지스터 등 2종,해군제3함대사령부,동양상사
42967,"20-08-어댑터,호이스트용 구매",해군제2수리창,레위
42968,원심관 등 130종 구매,제5738부대,주식회사 메디시온
42969,요소 등 25종 구매,해군군수사령부,마창케미칼 주식회사
42970,방염두건 등 2종 구매,해군군수사령부,(주) 에이스티앤아이
42971,기구세척기 초음파형 사단용 14대 구매,해군군수사령부,지산
42973,플라스틱 판 2종 구매,해군군수사령부,(주)부산아크릴
42976,스폰지 등 4품목 구매(물자),육군군수사령부,에스엘(SL)상사
42977,유가족 DNA시료채취 키트 구매,국방부유해발굴감식단,성우약국
42979,유해발굴 수습물자 태극기 등 15종 구매,국방부유해발굴감식단,수림이앤씨
42987,고성능 이발기 구매 납품,제3283부대,이지R&C
42992,(206010-D)스캐너 구매,국군재정관리단,주식회사 나래에너지
43001,클립 등 744종('20-1차),제2002부대,본다
43003,석고방향제 등 11품목 구매,제9691부대,대원(垈元)
43004,표창장 케이스 구매,제9691부대,주식회사 협신물산
43005,야전앰프 구매,제9691부대,가나안테크
43011,"와전류검사기, 회전익용 1대 구매",해군군수사령부,카이트
43019,수동식 해머 등 28항목 구매(물자),육군군수사령부,달리보네(dalibone)
43025,00부대 안전보호세트 구매,제28보병사단,나경기획
43027,침투저지봉 구매 납품,제9227부대,대성산업
43042,야구장 용품(인필드믹스 등 7종),국군체육부대,비에스상사
43073,"20019 잉곳,주석-청동용 등 22품목",해군제1수리창,북평철물
43075,전력계 1종 구매,해군군수사령부,유한회사 엔디클릭
43077,이발용 가위 1품목 구매,육군군수사령부,(주)이삭메디칼
43079,살포대 등 32항목 구매,육군군수사령부,한성정공
43082,안테나 등 2항목 구매(일장),육군군수사령부,호승기계
43084,표시등 등 7항목 구매(일장),육군군수사령부,주식회사 비오비시스템
43086,작도기재류 등 3항목 구매,육군군수사령부,대한스크린
43087,"피스톤,내연기관용 등 1항목 구매(일장)",육군군수사령부,금성특수산업
43091,충격시험기 구매,육군종합정비창,태양이엔지 주식회사
43106,20년 국외 연속간행물 구매,육군사관학교,주식회사엠제이에스인터내셔날
43107,고무판 등 12종 구매,해군군수사령부,부산고무
43110,비파괴검사 기자재 구매,육군 탄약지원사령부,주식회사 제이에스원
43111,디지털도어락 구매 설치,제5738부대,고은테크
43112,아령 등 6종 구매,제9911부대,루나테크
43117,가이리멸치 등 142종 구매,제8385부대,금성종합상사
43118,20-06-알루미늄 합금판 등 15종 구매,해군제2수리창,세일상사
43119,"20-05-다기관, 흡입용 등 22종 구매",해군제2수리창,덕신
43121,벨트 등 7품목 구매,제9691부대,수성CNS
43122,오렌지 등 14종 구매,제8385부대,주식회사 오세샬롬
43124,투명지용 1종 구매,해군군수사령부,씨티원 경남지점
43126,인체샤워셋(2대) 구매,국군화생방방호사령부,프라임테크
43132,야전앰프 22대 구매(20208019-F),국군재정관리단,주식회사 창세기일장일절
43149,소켓트 등 1종 2점 구매,제9121부대,주식회사동양엔지니어링
43150,형광펜 등 797종,해군작전사령부,포워드림
43156,유성펜 등 829종,해군작전사령부,구룡종합상사
43160,UPS 등 45품목 구매,연평부대,드림테크
43161,해병대 상장케이스 등 438종 구매,제3170부대,아윤상사
43162,컨트롤기판 등 327종 구매,제3170부대,주식회사 이앤아이
43163,충전다용도 고속로터리툴 등 578종 구매,제3170부대,헵시바상사
43164,동판머그컵 등 4품목 구매,제9691부대,디에이치산업
43167,VHF 조난통신기 6EA 구매,해군군수사령부,오앤피
43168,"슬링, 원형 2종 구매",해군군수사령부,유한회사 효경이엔지
43170,"클램프, 루프형 등 20종 구매",해군군수사령부,영테크
43173,꼬리표 1품목 구매,육군군수사령부,현대하우징
43174,핸드트럭 1품목 구매,육군군수사령부,서진디스플레이 주식회사
43175,원추형 풍속기 등 4품목 구매,육군군수사령부,지앤와이일렉텍(주)
43178,오리콘 렌즈등10종 구매,육군종합정비창,주식회사 비케이반도체
43183,모사전송기 1항목 구매(통신),육군군수사령부,거돈글로벌
43185,"발생기,신호용 1항목 구매(통신)",육군군수사령부,티에스라인시스템 주식회사
43188,PRC-96K 집적회로 1항목 구매(통신),육군군수사령부,(주)범한네트웍스
43190,"막대,접지용 등 5항목 구매(통신)",육군군수사령부,호승기계
43193,탐지3호 모뎀 등 2항목 구매(통신),육군군수사령부,와이에스전자
43194,BTCS회로카드 등 11항목 구매(통신),육군군수사령부,주식회사 나우이노
43199,종이컵 등 29품목 구매 납품,제9227부대,대명종합상사
43206,돈의 정석 등 82품목 구매,연평부대,제로테크
43210,형광우의 등 2종 구매,국방부근무지원단,나눔플러스
43212,날크립 등 686품목 구매,연평부대,주식회사 지경이앤씨
43215,청소용릴호스 1종 구매,해군군수사령부,에이치컴퍼니
43235,국자 등 63품목 구매,제9181부대,한라컴퍼니
43244,모조지 등 2종,해군본부,주식회사미래존
43267,클리어화일 등 202종 구매,해군사관학교,하늘유통
43268,충전식 그라인더 등 7종,해군군수사령부,초이파크
43271,"세척 및 윤활제,전기 접점용 1,000CN 구매",해군군수사령부,티에스엘 주식회사
43275,자물쇠 등 2종 구매,해군군수사령부,금산
43277,"세척 및 윤활제,전기 접점용 1,000CN 구매",해군군수사령부,티에스엘 주식회사
43281,자물쇠 등 2종 구매,해군군수사령부,금산
43284,"힌지,버트형 등 14종 구매",해군군수사령부,케이-부영
43285,"이음쇠, 주유용 등 5품목 구매",해군군수사령부,찰스인코리아
43287,"헬멧, 용접공용 등 10종 구매",해군군수사령부,주식회사 진성하이텍
43288,취사장용 선반 1품목 구매,육군군수사령부,태양산업
43294,(206004-E)계룡스파텔 호텔용품 191종 구매,국군재정관리단,주식회사 송현조경
43296,20-연기발생기 구매(20208014-H),국군재정관리단,센텀알엔디 (주)
43297,인화지 등 215품목 구매,제9196부대,대한상역
43299,한빛부대 민사물자 학용품 세트 등 7품목 구매,육군군수사령부,주식회사 휴콤
43302,1/4분기 통합발주(라벨키퍼 등 704종),제7001부대,진성
43303,개비스콘 더블액션 현탁액 등 46품목 구매,제9691부대,(주)인큐브벤처스
43310,샌딩 스펀지 연마재 등 147품목,해군제1수리창,크로바상사
43312,적재판 432EA 구매,해군군수사령부,찰스인코리아
43317,원추형 풍속기 200EA 구매,해군군수사령부,대동산업
43335,CPO식당 2인용 쇼파 수선 등 27종,해군군수사령부,재민산업
43338,만능제도판 등 93종,해군군수사령부,우진
43339,수영장 수리 약품(고분자 응집제 등 3종) 구매,해군사관학교,에스에이리테일
43340,딱풀 등 247품목 구매,제9691부대,금호전기조명(주)
43341,CO2 소화기 2종 구매,해군군수사령부,주식회사 핌코리아
43342,"스크레이퍼, 선박용 2,370EA 구매",해군군수사령부,모양방
43343,리어카 등 3종 구매,해군군수사령부,주식회사 성우팜
43344,"패킹, 성형식 등 6품목 구매",해군군수사령부,조강테크
43353,"반사경,광학기구용 등 2항목 구매(특무)",육군군수사령부,주식회사 보성기업
43358,(20-1)3인용 소파 등 2종 구매,공군제10전투비행단,주식회사 삼원가구
43361,롤스크린 등 2종 설치(연간단가),국방부계룡대근무지원단,주식회사 월성
43369,한빛부대 접이식 핸드카트 등 24종 구매,육군군수사령부,조은정보
43381,스노우지  120g 등 87품목 구매,제9691부대,동명이앤엘
43382,"컵,세라믹 등 15종 구매",해군군수사령부,한국도자기(주)창원대리점
43409,냉각수첨가제(1.9리터) 1항목 구매,육군군수사령부,주식회사 성신사
43412,15톤 덤프 클러치 부스터 등 22항목 구매(해파),육군군수사령부,주식회사 태성사
43414,(20-2)메탈안정기 등 25종 구매,공군제10전투비행단,제이엔씨
43415,종이컵 등 159품목 구매 납품,제9227부대,참다한 홍삼 인동점
43420,대샤워기 등 171종 구매,제9121부대,행복유통
43421,호스릴 등 146종 구매,해군교육사령부,유진상사
43423,다용도컵 등 11종 구매,제8385부대,한웅종합건자재
43449,거봉 등 15종 구매,해군군수사령부,에이치에스도매유통
43474,에어식 자동밴딩기 구매,육군군수사령부,제이앤케이컴퍼니
43475,PP밴드용 조임기 등 190품목 구매 납품,제9227부대,진양통상
43479,4주식 리프트 2품목 등 구매(20208011-D),국군재정관리단,주식회사 케이에스
43488,20년 봉합사류 구매,국군수도병원,주식회사 메디시온
43490,20년 1분기 정보통신운영지원(J-2),제2307부대,에프앤비(FnB)
43491,접촉튜브 등 8종,해군군수사령부,신영에이텍
43492,고압세척기 등 3종 구매,제9911부대,싸원드(SSWD)
43499,카트리지 등 936종 구매,제9121부대,케이에스상사
43501,에어파스 등 692종 구매,제9121부대,씨티원 경남지점
43502,클렌징 크림 등 15종 구매,제9911부대,장암유통
43504,탄약 정비자재(8호 추진장약 보호캡) 구매,육군 탄약지원사령부,(주)화성종합물산
43505,헤어드라이기 10EA,해군 기동함대사령부,신제주스포츠
43506,000대대 독신자숙소 냉·온정수기 임차,해군 기동함대사령부,(주)금호티앤씨
43509,4주식 리프트 구매,육군군수사령부,부흥교역
43511,탄약 정비자재(봉인알루미늄) 구매,육군 탄약지원사령부,찰스인코리아
43513,극세사 세면타올 등 3종,해군작전사령부,한울종합상사
43515,자외선 램프 등 41종,해군군수사령부,마니
43516,정착기 등 30종,해군군수사령부,주식회사 씨엘테크
43517,H빔 등 4품목,해군제1수리창,삼동유통상사
43519,RGB분배기 등 55종 구매,제9911부대,장성
43522,조리실습재료(대추 등 202종) 구매,해군교육사령부,주식회사 서진컨설팅
43530,장병 자기개발 학습콘텐츠 구매,육군본부,(주)사이버출판사(지점)
43532,맥스포스 셀렉트겔 등 17항목 구매(해파),육군군수사령부,엠앤에스코리아
43533,마이톤텍스 등 66종 구매,해군교육사령부,주식회사 제이디글로벌
43534,학군단 학과출장용 가방 180개 구매,해군교육사령부,늘푸른집
43536,왕벚나무 등 4종,제7001부대,마니
43537,정수기 임차(렌탈),해군군수사령부,아쿠아닥터
43542,아로탈 등 117항목 구매(해파),육군군수사령부,주식회사 인투바이오
43546,포장자재 스폰지등36종 구매,육군종합정비창,(주)메들린
43547,발칸 띠등11종 구매,육군종합정비창,협신정밀
43548,항-20-002 청각보호용 귀마개(1),공군사관학교,주식회사 영현
43551,물티슈 구매 납품,제3283부대,정수프라자
43552,위장크림 등 11품목 구매 납품,제3283부대,대경산업
43555,밴드쏘 등 17종,해군군수사령부,제이에스테크
43557,칫솔 등 12종 구매(단가계약),재경근무지원대대,NPB타운
43558,다짐기 구매,제9691부대,(주)협성산업
43559,분말 소화기 7종 구매,해군군수사령부,(주)오일금속
43567,체중계 등 4종 구매,해군교육사령부,경북상사
43568,물티슈(캡형) 등 371종 구매,제9911부대,경은상회
43570,전력계 1항목 구매(특무),육군군수사령부,에이디링크
43585,공마대 등 3종 구매,제8385부대,냥이몽이
43586,3단 결재방 등 610종 구매,제8385부대,전승 종합상사
43587,건의함 등 161종 구매,제8385부대,대광종합상사
43591,디스플레이 유닛 1종,해군군수사령부,에스와이테크
43595,컴프레샤휠 등 386품목 구매,제9해병여단,영테크
43599,안테나 1종 구매,해군군수사령부,라온상사
43603,아질산나트륨 구매,육군종합정비창,삼일이화학상사
43605,발칸 심등12종 구매,육군종합정비창,부강인더스트리
43606,천마 오링등31종 구매,육군종합정비창,현대정밀가스켓
43611,차아염소산칼슘 등 5항목 구매(물자),육군군수사령부,한양화학상사
43615,커터칼 등 570종 구매,제9911부대,늘품
43617,SEPARATOR 등 3종 구매,제5738부대,에이치엠 엔지니어링
43626,교량가설단정 소화기 구매,육군종합정비창,주식회사화창엔지니어링스
43627,교량가설단정 전동기 구매,육군종합정비창,세진테크
43629,다목적굴착기 좌석 구매,육군종합정비창,주식회사 오케이 다대
43639,축구공 등 8품목 구매 납품,제9227부대,마겐다비드
43642,20년 백령도(개선식) 구매 납품,제9196부대,한샘유통 주식회사
43678,아크부대 팔꿈치보호대 등 37항목 구매(해파),육군군수사령부,에스제이메디칼
43679,항법가방 등 2항목 구매(물자),육군군수사령부,쿠닌
43689,진입판 등 26종 구매,해군사관학교,서플라이 플러스
43690,3인용 쇼파 수선 등 27종,해군군수사령부,한라컴퍼니
43697,수직형 머시닝센터 구매(20209001-I),국군재정관리단,주식회사 씨티원 충남
43699,리무버 세트 등 572품목,제9196부대,주식회사 코리아종합관리
43704,냉온풍기 등 15품목 구매,연평부대,화수분
43718,간부숙소 전자제품 구매(11개소),육군 제1군단,정필상사
43719,샤워가랑 등 21종 구매,제8385부대,조양상사
43731,가지 등 88종,제7001부대,행복유통
43732,'20년중대/대급 프린트 임차 계약,제3697부대,애드온스마트 주식회사
43740,성우회관용 로션 등 66종 구매,국방부계룡대근무지원단,삼성씨엔에스(주)
43743,20-00대학교 정기 간행물 구매,합동군사대학교,바이시스(Byciss)
43764,3사교 근지단 취사식당 GHP 구매 설치,육군3사관학교,주식회사 대건시스템즈
43772,야외용 테이블 등 4종 구매,해군사관학교,디어유통
43776,(21-322 ) CN-235 조종석 외피 등 6종,공군제5공중기동비행단,엠제이엠
43778,21-충-육-26B 자동제어,육군군수사령부,탑인더스트리(주)
43800,스위트콘 등 8종 구매,해군 기동함대사령부,오도유통
43807,야구부 훈련용품(야구화 등 12종),국군체육부대,진성
43808,여자축구부 훈련용품(축구화24종),국군체육부대,진성
43810,방화도구함 구매,제9181부대,제이쓰리 주식회사
43856,22년 국군복지단 근로자 재해보장보험,국군복지단,에이스아메리칸화재해상보험 주식회사 (영업소)
43870,'22년 계룡스파텔 호텔 용품 구매,육군인사사령부,럭키상사
43900,디지털 윤전재료(Print Head) 구매,국방출판지원단,(주)강산매니지먼트
43903,스킨 등 50품목 구매,제9691부대,세렌디피티
43911,2022년 국내 / 국외 간행물 구매,국방대학교,두호서점
43938,00부대 훈련대 간판 설치,육군 52보병사단,한솔
43940,동계 재난예방 물자(제설제 등 3종) 구매,수도군단,금강아이티
43968,비스켓슈 등 6종 구매,해군 기동함대사령부,오도유통
43995,21-해-신호기 숫자1(4호) 등 172품목 구매,국군재정관리단,태화기업
44015,슬라이딩 저장랭 및 이동식 저장대 설치 납품,육군군수사령부,은성세미
44046,육성 21-11차 구매,육군 52보병사단,팜컨설팅
44048,조도계 등 2종 구매,제9911부대,지오시스템
44063,(216392-C)유압시험기(고정식) 구매 설치,국군재정관리단,주식회사 정화실업
44070,콤비블라인드 등 6종 구매 설치,해군제3함대사령부,오피스넥스목포영암점
44071,00부대 핸드타올 등 4종 구매,국방부근무지원단,반포조달커뮤니티
44089,20-충-육-8 냉방기 설치 납품,육군 제37보병사단,주식회사 에그글로벌
44090,(재사용-39) 순찰로 보강용 자재구매,제1보병사단,비너스월드
44091,코로나 진단키트 등 44종,제2002부대,주식회사 위니드팜
44095,울산급 Batch-III 후속함(2번함) 건조,함정총괄계약팀,에스케이오션플랜트(주)
44098,불모지 작전 소요경감 자재 구매,제22보병사단,주식회사 가나안종합관리
44099,불모지 작전 소요경감 자재 구매,제22보병사단,주식회사 가나안종합관리
44103,불모지 작전 소요경감 자재 구매,제22보병사단,주식회사 가나안종합관리
44120,전장관리체계 운용용품 구매,제2군단,주식회사 마루전력
44121,비상탈출용 호흡기 구매,제3170부대,선경산업
44127,전술용G.P.S 시계,제9965부대,인투윈산업
44145,소화기 구매,제8385부대,주식회사 엠케이
44147,후반기 국가기술자격검정 실기시험 재료 구매,육군 제1군단,건후
44151,계단운반기 6EA 구매,해군군수사령부,유림상사
44153,절곡기 1종 구매,해군군수사령부,주식회사 와이에이제일
44169,쥐트랩 등 10종 구매,국방부계룡대근무지원단,주식회사 케이알피아
44171,[21-58] 의무근무대 물탱크 교체 설치납품,제6보병사단,코잇 주식회사
44172,코팅가위 등 564종 구매,국방부계룡대근무지원단,가람주식회사
44181,"커플링,축용,고정식 등 13종 구매",해군제2수리창,대성물류
44185,비접촉체온계 등 8종 구매,제9121부대,영도유통
44188,코팅팬 등 18품목 구매,연평부대,플러스컴퍼니
44195,공수강하용 헬멧 구매 납품,제3283부대,주식회사 제이투
44200,안타리포그머신 4대 구매,국군의무학교,아이원텍
44202,21-콘베이어 등 26종 구매(218261-H),국군재정관리단,화우
44203,21-공-사이버방호체계 보강 구매,국군재정관리단,경동아이티 주식회사
44210,검문소 경량화 장애물 구매,제3697부대,주식회사 오로라
44216,앰프 등 5품목,국군의무학교,주식회사 메스코리아
44217,"샌딩 스펀지,연마제 구매",해군제2수리창,대건
44223,기화기 등 217품목 구매,제9181부대,제디아 아이엔티
44224,맨홀개폐기 등 4품목 구매,제9691부대,주식회사 정호
44229,소형제빙기 등 2종 구매,제9121부대,주식회사 부영상사
44230,전해셀 등 2종 구매,해군사관학교,번개상사
44231,메인스피커 구매,해군사관학교,우주산업
44234,Uriscan 1 등 31품목 구매,해군교육사령부,강원상사
44236,야구부 훈련용품(유니폼 등 15종),국군체육부대,진성
44243,VR 핵심기본간호술 실습환경 조성,국군간호사관학교,그리다텍 주식회사
44245,검문소 경량화 물자 구매 납품,육군 52보병사단,현우ENG
44247,반면형 마스크 등 8종 구매,국방부계룡대근무지원단,엠에스테크
44248,핸드파레트트럭 5EA 구매,해군 기동함대사령부,은진상사
44258,21-해-가변형 작업대(B) 구매,국군재정관리단,수컴퍼니유통
44261,21-생환훈련정(계류바지선) 건조,국군재정관리단,아시아조선 주식회사
44266,21-11-480 자외선살균램프 등 75 품목,공군교육사령부,스타CNS
44272,랜야드 등 4품목 구매,제3170부대,이지시스템(EG system)
44275,청력보호헤드셋 등 3종 구매,해군작전사령부,제이에이치 테크
44278,21-덕-하드케이스 구매,제9691부대,에코아이엔티(ECHO INT)
44279,소형지시봉 등 45종 구매,국방부계룡대근무지원단,대경상사
44284,21-해-전동차 구매(218207-D),국군재정관리단,수성시스템
44292,트라조돈염산염정 등 14종,제7001부대,제이플러스팜주식회사
44293,cast shoes Type 2 등 47종,제7001부대,대한유통
44294,홀더투링목걸이 등 6종,제7001부대,주식회사 금경
44297,톤백마대 등 3종 구매,제9911부대,클로버
44298,D형 카라비너 구매,제5738부대,이지시스템(EG system)
44299,링라벨 등 101종 구매,제8385부대,알파동해점
44305,스탠드 등 8종 구매,해군작전사령부,자인비
44306,재봉틀 구매,제8385부대,청아철물설비
44311,노래반주기 등 7종,제7001부대,주식회사 금경
44319,보오스코우프,공군군수사령부,주식회사보승글로벌
44323,21-11-472 vctc 등 40 품목,공군교육사령부,주식회사 우영물산
44332,"도가니 등 34종 구매(326,329,330,331)",해군제1수리창,제우스
44338,울템 9085 등 23종,해군제3함대사령부,에스에이치상사
44340,양극 등 10종 구매,제9121부대,현대시스템
44342,00부대 육성 21-9차 구매,육군 52보병사단,주식회사 르몽드인터내셔널
44346,"(21-130)ABS도어 등 14품목 구매, 설치",공군제18전투비행단,티엔코리아(T&코리아)
44347,볼 집구기 등 3종 구매 납품,제9227부대,크라운유통
44352,[21-C27] 냉온수 고압세척기 구매,제6보병사단,에스엠컴퍼니
44357,유해발굴작전 물자 구매,제5보병사단,이즈컴넷
44360,자바라컨베이어 등 4항목 구매,제5보병사단,제원테크
44367,카드리더기 등 58품목 구매,제3170부대,호미유통
44369,무인자율주행 기술을 적용한 제초로봇 시범도입,국군재정관리단,주식회사한국픽셀
44376,21-공-5인승 전동 승용카트 구매,국군재정관리단,(주)상보기업
44378,시험세트 1종 구매,공군83정보통신정비창,인코어테크놀로지(주)
44379,8자 하강기 등 9종,공군군수사령부,지모테크(Jimo Tech)
44396,코팅지 등 65종 구매,해군 기동함대사령부,예랑스토어
44397,AES 무선데스크탑 900 등 41종 구매,해군 기동함대사령부,제이드
44398,금고 등 39품목 구매 납품,제9227부대,주식회사 다산종합기업
44400,21-조달-061 안전발판 구매,제1방공유도탄여단,열매코리아
44414,울셋정 등 24품목 구매,해군교육사령부,주식회사 경기종합약품
44415,영점표적지 등 120종 구매,해군교육사령부,주식회사 금경
44420,산악여단 산악물자 구매,육군 제8군단,주식회사 엠텍정보시스템
44425,00부대 Voip교환기 교체 설치납품,육군 제1군단,주식회사 태산정보기술
44427,등반기 등 2품목 구매,해군군수사령부,주식회사 나루지엠에스
44433,00부대 Voip교환기 교체 설치납품,육군 제1군단,주식회사 태산정보기술
44434,작업등 등 19품목 구매(21325),해군제1수리창,대광종합상사
44458,도어클로저 등 118종 구매,제5738부대,(주)한결
44459,활주로램프 등 2종 구매,제5738부대,동아광고산업
44460,컷팅매트 등 197종 구매,제5738부대,제이에스컴퍼니
44461,이산화탄소 소화기 구매,제5군단사령부,지오시스템
44465,"(긴급)휠, 광택연마용 1종",해군군수사령부,주식회사 와이에이제일
44467,스텐 대차,해군군수사령부,현대시스템
44469,3단 진압봉 등 4품목 구매,제3170부대,히트
44471,"(긴급)잉곳, 주석-청동용 1종",해군군수사령부,엘에스글로벌
44473,(긴급) 알루미늄 청동 1종 구매,해군군수사령부,케이원에스티
44475,"(긴급) 절연펠트,방열용 등 22종 구매",해군군수사령부,윤테크
44477,"(긴급)스터드,평형 등 21종",해군군수사령부,주식회사남동
44482,21-덕-승용식 로터리 모아 구매,제9691부대,미림교역
44484,쇼핑타운 장바구니 구매,국군복지단,주식회사 지에이
44491,휴대용 시료수집기 구매,국군화생방방호사령부,크레용 컴퍼니
44492,손전등 구매,해군사관학교,우주산업
44493,1인용 리클라이너(수동) 구매,제9121부대,청진산업
44496,워터릴 등 5종 구매,해군사관학교,에이치제이시스템
44497,제트스트림 등 305종 구매,해군사관학교,주식회사 선
44500,방재물자 장낫 등 31종 구매,제9911부대,삼공사
44503,플렉시블호스 구매,제9911부대,주식회사 무안유통
44509,21-조달-50[지원중대]오븐트롤리등57종(주방용품등),공군제7항공통신전대,건영
44515,다중복합감시체계 성능개선 물품 구매설치,제9691부대,강일에스티
44518,디지털 벽시계(2개국) 구매,제9691부대,태강인터내셔날
44520,21-해-중형선반 등 2종 구매설치,국군재정관리단,남북물산
44522,"어댑터, 접지단자용 등 24품목 구매(21318)",해군제1수리창,듀이
44525,[21-C14]어라운드뷰 등 2종 설치납품,제6보병사단,강원물류상사
44527,물먹는 하마 등 340품목 구매,제9해병여단,주식회사 한라로지스틱
44530,로잉머신 등 59종 구매,해군작전사령부,한울
44538,VR컨트롤러 4종 구매,공군본부,세계로상사
44540,디지털 도어록 등 2종 구매,해군본부,주식회사 월성
44543,티타늄 커브 가위 398종 구매,해군본부,세움종합상사
44551,21-해-엑스선기 1000mA 디지털 1종 구매,국군재정관리단,디케이메디칼솔루션(주)
44554,바닥매트 등 20품목 구매,제3170부대,주식회사 다산종합기업
44558,주행드라이브 등 10종 구매,해군제2수리창,주식회사 무안유통
44560,선반내경인서트 등 301종 구매,해군제2수리창,대성물류
44570,저장대(경량랙) 설치납품,제1군수지원사령부,주식회사 팬택씨앤아이인프라서비스
44572,(조달) 21-4-237 엑스선기전치아동시촬영기,제3훈련비행단,디에이치산업
44573,리필티슈 등 25종 구매,해군 기동함대사령부,영테크
44574,사격표적 및 표적기 세트 7품목 구매,제9691부대,불토스
44575,21-덕-티매트 등 3종 구매,제9691부대,주식회사 챔피언스초이스
44577,제트 스트림 등 63종 구매,해군 기동함대사령부,영신상사
44578,실버클립 등 33종 구매,해군 기동함대사령부,영종합상사
44579,라쳇 핸들 등 49종 구매,해군 기동함대사령부,신제주스포츠
44581,리빙박스 등 53종 구매,해군 기동함대사령부,오도유통
44583,"21-해-탐침세트, 와전류용 구매",국군재정관리단,나우주식회사
44587,CTP판 2종 구매,국방출판지원단,동호서적
44588,스토리지 내장형 SSD 구매,4284부대,함초롬
44598,육성 21-8차 구매,육군 52보병사단,주식회사 케이기획
44599,튜브 에어작기 구매,제3170부대,대경솔루션
44600,코로나19 확진 진단검사 시약 구매(긴급),국군수도병원,석진메드
44605,혈구계산기 자동식 소형 1종 구매,해군군수사령부,예쁜정원
44607,코로나19 확진 진단검사 시약 구매(긴급),국군수도병원,석진메드
44618,21-해-등반용 자동 승강기 구매,국군재정관리단,필굿
44628,유성매직 등 30종 구매,제5738부대,포항케이피엘(KPL)
44629,안연고 등 108품목 구매,해군교육사령부,주식회사 은하수팜
44633,칼라도마 등 21품목 구매,연평부대,케이브릿지
44635,캐비닛 3단 등 4종,제2002부대,주식회사 선샤인
44636,DVD(후쿠오카) 등 20종,제7001부대,대광산업
44640,저단캐비넷 등 13종,제7001부대,우리온
44641,해상사격훈련용 리플렉타 구매,해군작전사령부,우주산업플랜트 주식회사
44642,(긴급)강철조각 1종,해군군수사령부,디엠글로벌
44647,기관단총 전술 후레쉬,해군군수사령부,씨케이티(CKT)
44648,포트락 등 43종,해군군수사령부,삼영사무기
44652,열풍건조기 구매,해군군수사령부,제이원
44659,용접용 턴테이블 등 6품목 구매(21317),해군제1수리창,천곡철물상사
44664,"21-238,241 고압세척기 등 20종 구매",공군제10전투비행단,마티아
44670,"지우개 등 264품목 구매(21307, 21-14)",해군제1수리창,(주)동건
44671,21-229 00부대 등 2개소 출입문 교체,수도방위사령부,주식회사 유원광고기업
44674,압축링 등 3종,해군제3함대사령부,마이크로트렌드
44676,도파관 공기주입기 구매,연평부대,한신기계
44679,미싱기 등 2종 구매,해군작전사령부,장원종합미싱
44680,00지역 정보통신운영용품 구매,제6군단사령부,태영상사
44682,도어클로저 등 152종 구매,해군교육사령부,대명상사
44683,봉제필통 등 22종 구매,해군교육사령부,선민상사
44685,소방기구(이산화탄소 소화기) 구매,제8기동사단,캠핑아미고
44688,콤비블라인드 등 16종 구매 설치,해군제3함대사령부,대진이엔지
44693,VoIP 게이트웨이 구매,해군작전사령부,주식회사 진성하이텍
44695,개스킷밀봉제 등 118품목 구매(21313),해군제1수리창,삼일
44704,(217327-D) 유전자검사 시약재료 구매,국군재정관리단,(주)에이치엔에스바이오
44707,CO2소화기 구매 의뢰,제1군수지원사령부,아세아전기조명
44715,코팅필름 등 636종 구매,제9911부대,영광산업
44718,[21-C16]전기선 등 8종 구매,제6보병사단,자비스
44720,소파 등 24종 구매,제9911부대,영화산업
44726,적외선 온도계 등 12종 구매,해군작전사령부,광명케이
44730,밀대 등 79종 구매,제9911부대,샐리미용타운
44732,자가진단키트 구매,제9911부대,제이메디케어
44738,00부대 체계운영유지용품 구매(3차),육군과학화전투훈련단,우공산업
44739,순간접착제 등 85종 구매,해군 기동함대사령부,영종합상사
44744,리스킹컬레 등 40종 구매,해군 기동함대사령부,알덱스이엔지
44745,경량몽키(컬러그립) 등 19종 구매,해군 기동함대사령부,엔피비(NPB)컴퍼니
44748,쇼케이스(단면) 등 38종 구매,해군 기동함대사령부,예랑스토어
44756,"(긴급) 와이어,전기용 등 4종 구매",해군군수사령부,제이에이치 테크
44761,2022년 해군 탁상달력 제작,해군본부,예원문화
44762,종목별 훈련용품 구매(로진 등 11종),국군체육부대,오성
44765,'21년 군견사료(비작전견) 구매,육군교육사령부,대화ENG
44770,"커플링,축용,고정식 등 11종 구매",해군제2수리창,주식회사 승지산업
44778,21-223 싱크시험대 등 5품목,공군제10전투비행단,참다올비앤비
44781,"21-해-시험세트, 절연감지용 구매",국군재정관리단,주식회사 오로라
44782,21-공-발생기(신호용) 등  2종 구매,국군재정관리단,주식회사 유니와이드
44784,전기충전 예초기 세트 등 5품목 구매,제9691부대,오공상사
44785,21-2차 oo체계 운용품(전산용품) 구매,국방정보본부,한국가 강남
44786,불모지작전 소요경감 자재 구매(AA-21073),제5보병사단,지앤피코리아
44789,00보급단 습식 청소차 구매,육군군수사령부,이레산업
44792,제트 3볼 등 347종,제2002부대,제이투산업
44799,스크린 등 6종 구매,해군사관학교,나우통상
44800,대형제설함 등 94종 구매,제5738부대,한국타이어 여명상사
44802,지우개 등 190종 구매,해군사관학교,반도
44804,디지털 도어락 등 3종 구매,해군작전사령부,디에스산업
44814,"(21-125)자동화재속보기 등 26품목 구매, 설치",공군제18전투비행단,씨티원 강원지점
44815,결재판 등 54종 구매,국방부계룡대근무지원단,아름종합상사
44818,수도병원 UPS 설치납품,국군의무사령부,주식회사 티에스
44819,21-공-기상정보지원기 구매,국군재정관리단,(주)산들정보통신
44822,수도병원 UPS 설치납품,국군의무사령부,주식회사 티에스
44829,00부대 핸드타올 등 4종 구매,국방부근무지원단,트리플 미디어
44831,102기갑 정비피복(정비화 등 3종) 구매,육군 제8군단,이앤에스
44832,샤프 등 175종 구매,해군작전사령부,정민플러스
44834,물티슈 등 62종 구매,제8385부대,서주통상
44842,"(긴급) 커넥터,플러그 등 19종 구매",해군군수사령부,토탈marine
44844,(긴급)유압호스 1종,해군군수사령부,토탈marine
44847,"(긴급)시트,기계식 시일용 등 14종",해군군수사령부,나우통상
44848,보어게이지체커 등 2종,해군군수사령부,제이에이치 테크
44849,호스 라인 등 12종 구매,해군군수사령부,티에스케이
44855,블루레이 플레이어 등 2종 구매 납품,제3283부대,상아문화사
44856,3공 펀치 등 133종 구매 납품,제3283부대,주식회사 에스아이비전
44867,21-4차 국가기술자격검정 실습재료 구매,육군 제1군단,씨원
44871,헥시타놀 0.5% 등 16종,제7001부대,지인헬스케어 주식회사
44875,윤활방청제 등 496종 구매,해군제2수리창,대지종합상사
44885,수질개선 약품탱크 등 6종 구매,국방부계룡대근무지원단,주식회사 월성
44886,노후방열기 구매(교체),육군부사관학교,호성이엔지
44888,신발장 등 9종,국방부계룡대근무지원단,주식회사 티에스산업
44891,"멀티메타 등 34종 구매(21-28, 21291)",해군제1수리창,월천테크
44892,철직자 등 25종 구매,제5738부대,우진산업
44893,홈시어터 세트 구매,제5738부대,주식회사 다원화학
44895,휴대용혈압계 등 5종 구매,제9911부대,하이드림
44899,'21년 2차 축성도구 구매,제1보병사단,대자연프레임
44905,슬라이드 각도 등 6종 구매,해군사관학교,한성
44906,"아인 지우개 등 223종 3,587점 구매",제9121부대,주식회사 예운
44908,검도호구 세트 구매,해군사관학교,세종상사
44916,배드민턴 라켓 등 45종,제7001부대,경남상사
44919,라운지체어 등 4종 구매,해군사관학교,주식회사 이건교역
44920,파라솔 등 5종 구매,해군사관학교,코기루이
44921,DVD(검객 등 48종) 구매,해군사관학교,현성
44922,제도 샤프 등 83종 구매,해군사관학교,부명상사
44926,안전변 등 8품목 구매(21299),해군제1수리창,진영기업
44928,21-5차 저유량개인시료포집기,국군의무사령부,(주)한일종합상사
44934,샤워부스 납품 설치,국방부계룡대근무지원단,(주) 무한기술
44938,00창 테이블리프트 등 13품목 구매(강릉),공군제18전투비행단,성현아현
44943,야자매트 구매,제9196부대,(주) 탑크로스 이앤텍
44947,(정통-체-12) 21-12차 정보통신운영지원,제15보병사단,유명상사
44951,"도끼 등 29종 1,925점",제2002부대,안성톱밥
44955,전기레인지 등 3품목 구매,제9해병여단,주원솔루션 주식회사
44956,주파수 변환기 등 5종 구매,해군제2수리창,세창
44959,고배율 관측경 1종 구매,해군군수사령부,주식회사 유티지
44963,"알루미늄 합금판 등 16품목 구매(287,295,296)",해군제1수리창,(주)동건
44968,축구공 등 12품목 구매 납품,제9227부대,유앤미퍼스트
44970,광파워미터기 등 7품목 구매,제9181부대,에코아이엔티(ECHO INT)
44979,공마대 등 2종 구매,제8385부대,영동문구센타
44981,알루미늄판 등 55종 구매,제8385부대,대광종합상사
44987,"(긴급)양극,전류용,음극 방어방지용 등 12종",해군군수사령부,정일컴퍼니
44988,(긴급) 음성기록카드 등 4종,해군군수사령부,토탈marine
44990,"(긴급)어댑터,직선형,호스와 보스 연결용 등 12종",해군군수사령부,동산 주식회사
44991,(긴급)트랜지스터 등 6종,해군군수사령부,주식회사 칼라투
44993,"'21년 후반기 전장관리(A, J체계) 운용품 구매",국군지휘통신사령부,웰메이드상사
44996,"마사토(운동장 산책용, 운반비 포함) 구매납품",육군 제1군단,주식회사 제이에프
44999,신분증 케이스 구매,공군본부,주식회사 리한
45000,'21년 후반기 실습재료비(최종),육군사관학교,나무기업
45001,신분증 케이스 구매,공군본부,주식회사 리한
45007,불모지작전 자재(야자매트) 구매,제22보병사단,(주)네트워크아이
45019,디지털 헬멧외피 등 25종 구매,해군제3함대사령부,동원샘물유통
45025,"조속기,전동기용 등 20종",해군제3함대사령부,신정유통
45027,"브러시, 전기 접점용 등 27종 359점 구매",제9121부대,나우통상
45028,공기호흡기 구매,제3170부대,화로
45029,[21-C9]ATCIS 운용용품 등 6건 구매,제6보병사단,유명상사
45031,순간접착제 등 213종 구매,제5738부대,경북그래픽
45037,"접합제, 철 및 강철용 1종",해군군수사령부,엠지산업
45039,(긴급)오링세트 등 4종,해군군수사령부,제일테크
45040,"(긴급)연결봉, 피스톤용 등 20종",해군군수사령부,윤테크
45044,(긴급) 와셔 안장형 등 11종,해군군수사령부,주식회사남동
45045,평식기세정제 등 2종 구매,해군군수사령부,고려케미칼
45050,안전보호용품(방독마스크 등 3종) 구매,육군 탄약지원사령부,유니콘
45054,전기레인지(2구) 구매 납품,제9227부대,민14테크
45056,크로스핏 스테이션 등 15품목 구매 납품,제9227부대,태양개발
45057,국자(대) 등 52품목 구매 납품,제9227부대,태길종합
45058,디지털윤전재료 구매,국방출판지원단,유림상사
45059,21-3차 유전자 감정재료 구매,국방부조사본부,주식회사 길상산업
45066,소형발파기 세트 구매,해군작전사령부,우리유통
45069,00본청 라이트패널 교체(설치) 납품,국군지휘통신사령부,캐리온
45071,특전용품-사제 폭발물 기자재 세트 구매,해군작전사령부,주식회사 정현
45078,몽키 등 387품목 구매(21286),해군제1수리창,(주)대명종합관리
45080,보오스코우프 키트,항공기총괄계약팀,주식회사 제이에프
45089,4단 접이식 들것 등 2품목 구매,제9691부대,효경상사
45090,"플랩,내측 튜브용 등 13항목 구매(기장)",육군군수사령부,동아타이어공업 주식회사
45093,풀페이스 마스크 등 3종,제7001부대,대진상사
45094,2021년 불모지작전 자재 구매(코어네트 등),제25보병사단,가람상사
45095,종목별 훈련용품 구매(평행봉 등 2건),국군체육부대,승원컴퍼니
45110,달러트 꿈 백화점2 등 52종,국군의무학교,성원서림
45119,코로나19 자가진단키트 구매,제8385부대,디에이전
45120,교통사고 분석 프로그램 구매,제7001부대,만능유한회사
45121,(긴급) 태핏 등 3종 구매,해군군수사령부,주식회사 챔피언스초이스
45124,"(긴급) 게이지,전해질 수위용 등 23종 구매",해군군수사령부,미래상사
45137,트렌드코리아 2022 등 18종,제2002부대,이비컴퍼니
45140,스텐방범창 11종 구매 설치,해군제3함대사령부,(유)호남강건
45144,포토프린트 롤인화지 등 461종,해군제3함대사령부,다온상사
45145,에어캡 등 58종 구매,제5738부대,주식회사 아침
45146,박데이터 예측분석 도구 구매,국군제1068부대,(주)마루텔레콤
45158,"핀,토글용,유두형 등 9종",해군군수사령부,미래상사
45162,'21년 후반기 K체계 운용품 구매,국군지휘통신사령부,우상이엔에스
45164,발칸 분배함 구매,육군종합정비창,진광사
45168,소방방호복 등 4종 구매,국방부계룡대근무지원단,제이엠컴퍼니
45177,소형 대공표적기(구매),미래전력사업전력운영계약팀,은성세미
45178,MRI Syringe 등 3종 구매,제5738부대,준유통
45181,수전 등 231품목 구매,연평부대,엠메카닉
45188,체단장 그린사 등 2종 구매,제9911부대,(주)동서산업개발
45192,(긴급)에스앰 50-10X4X8 등 4종,해군군수사령부,동우철강(주)
45195,(긴급)노르말 핵산 등 31종,해군군수사령부,제이에이치 테크
45196,플라스틱 판 등 2종,해군군수사령부,금성상사
45197,(긴급)속도 감지기 등 3종,해군군수사령부,싸원드(SSWD)
45202,21-19차 진드기 파쇄용 균등기,국군의무사령부,신아인프라
45203,21-20차 슬라이드자동염색기,국군의무사령부,바이오 퍼포먼스
45208,수질원격감시체계(TMS) 설치납품,육군종합정비창,주식회사 윈스테크
45211,야전깔개 구매,제9181부대,주식회사 메디시온
45213,21-05-129 소화기 보관함 및 소화기 등 4품목,공군제16전투비행단,디에쓰산업
45219,"인식표용 튜브,고무링 등 2품목 구매",제3170부대,주식회사 누비텔레콤
45223,아스테이지 등 90종 구매,제5738부대,금탁종합상사
45224,클립 등 78종 구매,제5738부대,해비치
45225,비접촉체온계 등 10종 구매,제5738부대,한나
45228,펜꽂이 등 84종 구매,제5738부대,문덕철물종합상사
45229,Steri-strip 등 57종 구매,제5738부대,우리 B & I
45230,대대급 안전물자세트 구매,제1862부대,주식회사 칼라투
45233,랜턴 등 217종,해군 기동함대사령부,제이현 컴퍼니
45234,21년 소화기멜빵류,지상공통전력운영계약팀,(주)두성
45242,자외선 살균램프 등 12종,해군군수사령부,주광유통
45247,"게이지,전해질 수위용 등 29종",해군제3함대사령부,만복통상
45249,워터젯 추진기용 축,지상공통전력운영계약팀,주식회사 경성엠티
45259,스탠리 GO 진공텀블러 구매,한미연합군사령부,대신유통
45260,공무직 재료(C형 클램프 등 73종) 구매,자운대근무지원연대,히트로
45282,브로워 등 20종 구매,제9911부대,주식회사 정진산업
45284,아스테이지 구매,육군대학,제이퍼블리코
45286,"(긴급) 등,실내용 등 2종 구매",해군군수사령부,드림유통
45288,(긴급)개스킷 등 16종,해군군수사령부,미래상사
45289,"공기 정화기, 흡입용 등 7종 구매",해군군수사령부,주식회사 서한산업
45293,반투명 쫄대화일 등 397종 구매,해군본부,세계로상사
45294,22년 정보월력 제작 계약,제9965부대,주식회사 대원산업
45299,21년 탑승식 청소차 구매,5군수지원사령부,비전상사
45305,21-304 판업 등 76종,공군사관학교,고려종합배관상사
45307,딱풀 등 262품목 구매,제9196부대,경방이앤씨
45317,"(긴급)땜질, 합금, 은제 등 2종",해군군수사령부,바로산업
45329,방재물자 제설함 등 17품목 구매,제9691부대,존버
45334,(긴급)오-링 등 51종,해군군수사령부,아주
45337,반투막 1종,해군군수사령부,엠에이치케이(MHK)
45343,"패킹, 성형식 등 20종 구매",해군군수사령부,부라더미싱
45351,"리프트, 자동차용(4주식) 구매",공군작사근무지원단,주식회사 서희에프앤비
45364,월동준비 자재 구매,제9196부대,에이스 컴퍼니
45366,21-09-398 HDMI분배기 등 38 품목,공군교육사령부,우진
45379,옥외투광등 납품설치,제9121부대,현대시스템
45381,삼성 외장하드 J3 등 56종,제7001부대,오피스플러스
45391,코로나19 자가진단키트 구매,합동참모본부,멎지
45402,21-신호용 발생기 등 4종 구매(219147-H),국군재정관리단,주식회사 진성하이텍
45405,21-덕-지우개 등 808품목 구매,제9691부대,인테그랄 컴
45411,특수봉인지 구매,제3170부대,유니온종합상사
45412,미용티슈 등 115종 구매,제5738부대,삼성홀드
45413,UF(Ⅱ) 등 3종 구매,제5738부대,제이비글로벌주식회사
45414,WELL ROOT ST 등 20종 구매,제5738부대,오렌지덴탈
45415,셔틀콕 등 13종 구매,해군작전사령부,우주산업
45417,특전용품-접착식 라이트 셋 등 13종 구매,해군작전사령부,주식회사 진성하이텍
45418,(긴급)화학약품 1종,해군군수사령부,토탈marine
45422,"(긴급)버프,연마제 1종",해군군수사령부,토탈marine
45428,21-203 이발기구 등 6종 구매,공군제10전투비행단,에스더 기획
45429,남군숙소 전자도어락 구매설치,국방부계룡대근무지원단,신정상사
45430,(216128-B) 폴리머 탄창 2항목 구매,국군재정관리단,주식회사 케이씨아이
45435,원심관 등 30종 구매,제5738부대,MK메디칼
45437,스쿼트머신 등 2종 구매,제8385부대,청아철물설비
45445,섬유탈취제 등 180종 구매,해군교육사령부,주식회사 명일
45454,UDT 작전화 1종 구매,해군군수사령부,피앤에스
45455,중자건조로 구매,해군군수사령부,오월이십구일
45456,(긴급)와이어 전기용 등 2종,해군군수사령부,주식회사 와이에이제일
45458,철합금 도형제 등 3종,해군군수사령부,주식회사 와이에이제일
45459,컴벳셔츠 등 2종 구매,해군군수사령부,태건
45460,소형선반 구매,해군군수사령부,루아리
45461,탄약 포장재료 관리용 자재 구매(톤백마대 등 3종),육군 탄약지원사령부,성진유통
45465,유성펜 등 323품목 구매(21274),해군제1수리창,현대상사
45470,21-09-386 콤비스티머오븐 40단 1 품목,공군교육사령부,주식회사 티에스케이
45472,백탭세트 등 48종,해군 기동함대사령부,해솔상사
45477,(21F160-A)지역예비군 재난안전망단말기도입금융리스,국군재정관리단,롯데캐피탈(주)
45480,에피오틱 등 16품목 구매,제9911부대,주식회사 다온팜스
45481,대대급 안전보호 세트 구매,제5군단사령부,트라치
45485,공 보관함 등 17종 구매,해군제3함대사령부,동서종합상사
45491,(216349-E)소형 공압기 구매,국군재정관리단,성진실업
45492,"(216334-F)16, 32밀리 일체형 결속기 구매",국군재정관리단,주식회사 엔미디어솔루션
45501,소화기 구매,국방부계룡대근무지원단,현대상사
45509,"계산기 등 541종 10,760점 구매",제9121부대,제이테크놀리지
45515,21-공-보오스코우프 키트 구매,국군재정관리단,올림푸스한국(주)
45517,21-덕-비대면 음주감지기 구매,제9691부대,주식회사 가온산업
45521,세탁물 건조기 등 5종 구매,해군제3함대사령부,대진이엔지
45526,창문 롤스크린 구매,제5738부대,연천종합물산
45528,작-21-014(보라매 공중사격대회 시상품 구매),공군작전사령부,미치미
45531,안전망 1종 구매,해군군수사령부,주식회사 아인츠
45543,X-Ray 수하물 투시기,공군군수사령부,이레산업
45545,"작동기, 유압식 공기식 등 18품목(257,258,263)",해군제1수리창,현대상사
45548,(화공) 스티커제거제등 6종 구매,육군종합정비창,마창케미칼 주식회사
45552,(일장) 교량가설단정 솔레노이드 구매,육군종합정비창,태한주식회사
45556,고압세척기 3EA 구매,해군 기동함대사령부,에스엠크린
45564,"패킹,피스톤용 등 19종 구매",해군제2수리창,삼정종합상사
45565,로드셀 등 32종 구매,해군제2수리창,엘케이
45566,직류전압계 등 8종 구매,해군제2수리창,동진상사
45569,MRI Syringe 등 2종 구매,제5738부대,제이비글로벌주식회사
45575,703체계 00서버 구매ㆍ설치,제3707부대,주식회사 정호
45576,태핑유 등 19종,해군제3함대사령부,하나유통
45577,3단 책꽂이 등 223종,해군제3함대사령부,고산기업
45578,유가족 DNA 시료채취 키트 제작 구매 2차,국방부유해발굴감식단,주식회사 나리박스
45582,친환경 클리어화일 등 268종,해군 기동함대사령부,이안솔루션
45591,핸드워시 등 640종 구매,제9911부대,마리컴퍼니
45594,종이물티슈 등 677종 구매,제9911부대,벨루나 주식회사
45595,비접촉식온도계 구매,제9911부대,명화상사
45596,철밴드 등 39종 구매,제9911부대,주식회사 케이와이테크
45599,디지털 발파기 세트 구매,해군작전사령부,미로유통
45605,[21-50] C-GP 사이버지식정보방 자재구매 계약,제6보병사단,태영상사
45611,21-작업높이 가변형 작업대 구매(218202-H),국군재정관리단,제이엠티씨(JMTC)
45619,세탁망 등 5품목 구매,제3170부대,조이마켓
45621,대형컷터 등 8종,해군군수사령부,주광유통
45623,이동형 앰프 등 2종 구매,해군사관학교,동진상사
45626,PH 부대조달 나침반 등 9종 구매,제1891부대,대화ENG
45629,[21-C6]ATCIS 운용용품 등 6건 구매,제6보병사단,주식회사 희성
45637,브리넬경도기 구매,해군군수사령부,주식회사 대경코리아
45645,21-5차 정보화예산 집행,제1862부대,이엔에스(E&S)
45653,콘덴서 냉각용 1EA 구매(21252),해군제1수리창,주식회사 칼라투
45654,21-3차 국가기술자격검정 실습재료 구매,육군 제1군단,주식회사 하이테크비젼
45655,제논탐조등 3EA 구매,제9121부대,세이프티코리아
45656,딥소켓 등 264종 구매,제5738부대,헵시바유통
45658,혈구계산기 자동식 소형 등 3종 구매,해군군수사령부,평산상사
45660,학군단 외투,공군군수사령부,현대종합상사
45669,21-해-세척기 2종 구매,국군재정관리단,한성유통
45674,coban2”등 78종,제7001부대,제이어스
45694,구리양극봉 등 12품목 구매(21242),해군제1수리창,상승물산
45696,플러스펜 등 252종 구매,제5738부대,푸른세상
45697,텐션바 등 59종 구매,해군사관학교,주식회사 마크
45699,비접촉식 체온계 등 9종 구매,해군사관학교,플레이쿠킹
45701,신속항원진단키트 구매,해군사관학교,마하인터내셔널
45706,Level D 방호복 풀세트 구매,해군사관학교,주식회사 오에스팜
45711,"조달-제작-22, 밀링머신(2)",공군군수사령부,주식회사 해강
45733,"반투명컷팅매트 등 634종 28,809점 구매",제9121부대,엔씨
45738,셔틀콕 등 21종 구매,해군사관학교,백경종합인쇄
45744,(긴급)쇼파 방석 수선 등 11종,해군군수사령부,엠지산업
45746,(긴급)소파수선 등 12종,해군군수사령부,팔복5112
45749,(긴급) 오-링 등 31종 구매,해군군수사령부,엠지산업
45751,"플라스틱판, 비말차단용 1품목 구매",해군군수사령부,영종합상사
45752,전동차 1종 구매,해군군수사령부,케이에스유통
45753,적외선분광기 1종 구매,해군군수사령부,은혜유통
45755,회전고리자석 등 45종,해군군수사령부,나우통상
45760,탄약 정비조성품(전도성 비닐) 구매,육군 탄약지원사령부,그린나래
45784,(화공) 접착제오공본드등 11종 구매,육군종합정비창,삼일이화학상사
45785,(화공) 황산등 4종 구매,육군종합정비창,마창케미칼 주식회사
45794,링제본기 등 6품목 구매,제9691부대,영화산업
45798,지우개연필 등 340종 구매,제5738부대,영우상사
45799,종목별 훈련용품 (구름판 등 17종),국군체육부대,진영상사
45816,랩 등 67종 구매,해군사관학교,신흥컴퍼니
45817,자외선살균램프 등 84종 구매,해군사관학교,민트컴퍼니
45839,형광램프 등 25종 구매,국방부계룡대근무지원단,주식회사 계룡대종합상사
45840,스텐각관 등 18종 구매,국방부계룡대근무지원단,주식회사 에이치피솔루션
45843,00부대 체계운영유지용품 구매(2차),육군과학화전투훈련단,에이치에스물산
45848,취사전열기 구매,해군사관학교,주식회사 우영물산
45850,"(긴급)링, 피스톤용 등 53종",해군군수사령부,금성상사
45851,"(긴급) 등,선박항해용 1종 구매",해군군수사령부,태양전자
45853,압력비교검사기 1종 구매,해군군수사령부,자이림
45860,제빙기 등 4품목 구매,제9181부대,GF(지에프)
45861,전면패널기판 등 38품목 구매,제9181부대,JJ기획
45867,(216246-C) 재난예방(산불진화 장병보호구) 구매,국군재정관리단,(주)재성
45868,"(216252-C)21년,22년 육군사관학교 생도 수영복구매",국군재정관리단,빨강머리앤
45871,소대용 오븐기 구매(21-A003),수도방위사령부,주식회사 티에스케이
45884,'21년 공군학습포털 방화벽 교체,공군교육사령부,에녹(주)
45886,[육성]127여단 예비군훈련장 홍보용 DID 설치납품,육군제53보병사단,주식회사 해강
45890,21-해-산불진화복 2종 구매,국군재정관리단,주식회사 픽서(Fixer)
45895,22년 홍보달력 제작,국군복지단,삼정인쇄1
45908,스텝퍼 등 2종 구매,제5738부대,크라운유통
45911,특전용품-토니킷 등 9종 구매,해군작전사령부,피에프컴퍼니
45919,(긴급) 황동괴 1종 구매,해군군수사령부,동우철강(주)
45920,(긴급) 인청동 1종 구매,해군군수사령부,주식회사 비에스씨
45924,가황촉진제 D등 4종,해군군수사령부,주식회사 에이에스씨
45927,(긴급) 팁 등 13종,해군군수사령부,주식회사남동
45936,탄약고 자물쇠 구매,육군 탄약지원사령부,(주)대전공조
45937,'21년 HET 권양기 구매,제 2167부대,조인
45951,(위임62차) 00부대 보급창고 출입문 설치납품,제2군수지원여단,주식회사 우리창호
45952,아티반 1mg 등 75품목 구매,해군교육사령부,주식회사 경기종합약품
45953,"프레스,유압30톤 구매 설치",육군종합정비창,주식회사 더원시스템
45956,21-공-청력보호헤드셋 2종 구매,국군재정관리단,비전컴퍼니
45965,유해발굴 물자 트롤 등 32종 제작 구매,국방부유해발굴감식단,예경
45972,21-157 주파수 변환기,공군제10전투비행단,에이씨피코리아주식회사
45976,21-덕-이동식 무대단상 구매,제9691부대,주식회사 초이
45977,콘덴서 등 33품목,공군83정보통신정비창,주식회사 제이유통
45978,코팅필름 등 19종 구매,제5738부대,한성산업
45980,전자청진기(폭발물 탐지용) 1종 구매,해군군수사령부,윤슬공인중개사사무소
45981,램 유압용 1종 구매,해군군수사령부,윤테크
45991,(217327-D)유전자검사 시약재료 구매,국군재정관리단,주연티앤에스 주식회사
45996,21-덕-골프 연습구 구매,제9691부대,주식회사 가온산업
46002,디스플레이 유닛 1EA 구매(21241),해군제1수리창,조양상사
46005,면접바이블 등 76종 구매,해군교육사령부,엔씨
46006,손가락 골무 등 29종 구매,해군사관학교,엔씨
46013,21-261 무선철 제본기,공군사관학교,유원 인터내셔널
46015,재부지역 출입통제체계 구매/설치,해군작전사령부,주식회사세종기술
46016,(긴급) 플라이휠 하우징 등 10종 구매,해군군수사령부,은성물산
46017,직결피스 등 46종 구매,해군군수사령부,무무컴퍼니
46026,소아용 고정대 등 7종,국군의무학교,주식회사 메스코리아
46027,전자도어락 구매 설치,국방부계룡대근무지원단,주식회사 케이앤제이
46028,편지지 등 23종 구매 납품,제3283부대,현민유통
46029,유광인화지 등 424품목 구매,제9181부대,위디너
46040,스트레쳐카트 등 3종 구매,해군교육사령부,대광산업
46042,수사관 점퍼 등 3품목 구매,제3170부대,조은어페럴
46043,견식줄 등 17품목 구매,제3170부대,한마음
46045,진압봉 등 3품목 구매,제3170부대,가인세상
46050,"코덱, 자료신호용 등 1종 구매",해군군수사령부,주식회사 디에스테크놀러지
46053,비행요원 대기실 쇼파 등판 수선 등 8종,해군군수사령부,아우름
46054,"(긴급) 비석면판, 압축식 1종 구매",해군군수사령부,윤테크
46060,155밀리 추진장약 운반통 등 15개 품목 구매,육군 탄약지원사령부,에코아이엔티(ECHO INT)
46061,제설자재 도구함 구매,육군 탄약지원사령부,엘제이
46063,21-공-주파수 교란기 1종 구매,국군재정관리단,주식회사 신안정보통신
46064,21-해군 브리핑/화상회의체계 도입(리스물건),국군재정관리단,(주)아이엔지시스템
46067,(자재) 수용성절삭유 구매,육군종합정비창,영재유통
46068,(자재) 유압작동유 등 2종 구매,육군종합정비창,승일산업사
46069,(자재) 윤활그리스 등 10종 구매,육군종합정비창,주식회사 성우
46070,(자재) pp박스 7종 구매,육군종합정비창,(주)하이플
46072,톤백 마대 등 15품목 구매,제9181부대,한솔조경&청소용역
46073,노즐진공포장기 구매,제9181부대,이즈컴넷
46084,차세대초고속정,미래전력사업전력운영계약팀,(주) 우리해양기술
46088,장병 안전보호세트 구매,제7군단,현지몰
46089,덤벨 등 43종,국방부계룡대근무지원단,주식회사 미소테크
46097,3인용 소파 등 8종 구매,해군사관학교,초이파크
46098,DVD(골드체이서 등 49종) 구매,해군사관학교,영해
46100,"개조키트,선박 금구류 및 선체품목용",해군제3함대사령부,고산기업
46106,'21년 대대 장병 안전보호세트 구매,제 2167부대,새힘기업
46108,(자재) 폴리우레탄 신나 구매,육군종합정비창,주식회사도영디와이
46115,전신근육모형,국군의무학교,주식회사 제이엠메디칼
46126,소규모 취사장 오븐기 구매,제2067부대,주식회사 티에스케이
46130,(긴급) 와셔 등 3종 구매,해군군수사령부,주식회사 예운
46131,"(긴급)가열기,온수용,전기식 1종",해군군수사령부,동진상사
46138,체단장 트랙터 구매,제9911부대,대동공업평택대리점 주식회사
46149,마포걸레 등 16종 구매,자운대근무지원연대,대성종합기업
46156,3색 유성펜 등 192종 구매,해군교육사령부,주식회사 유진기업
46161,(긴급) 주철 1종 구매,해군군수사령부,주식회사 비에스씨
46162,전동카트 등 2종,해군군수사령부,에스앤제이 엔지니어
46166,[21-0149] Belly Tank Dock 구매 및 설치,공군제17전투비행단,우주산업플랜트 주식회사
46168,철사각관 등 76종 구매,공군군수사령부,신라통상
46179,캐비닛 등 567품목 구매,제9해병여단,향림바이오
46181,"조속기, 전동기용 1종 구매(21227)",해군제1수리창,주식회사 칼라투
46189,(216309-B) 비커스 경도기 구매,국군재정관리단,주식회사 천화
46193,테프론 등 8품목 구매(21229),해군제1수리창,금성상사
46212,양궁부 훈련용품(화살 등 4종),국군체육부대,아이원텍
46213,"이동반, 펜싱부 운동용품(사격 동계 조끼등 13종)",국군체육부대,아이지컴퍼니
46215,하프랙 랫타워(풀세트) 등 6종,제7001부대,아라날
46227,원심분리기 1종 구매,해군군수사령부,주식회사도영디와이
46240,DVD(반도) 등 28종,제7001부대,대광산업
46241,"고리, 홈파진형등 11종 295점",제9121부대,주식회사 서진컨설팅
46246,"솔 부분품, 소제용, 포용 등 8종 구매",해군군수사령부,에스디아이(주)
46247,삼각고체풀 등 118종 구매,해군군수사령부,마니
46250,"(긴급)잉곳,황동,고강도용 1종",해군군수사령부,주식회사 비에스씨
46259,21-덕-사진인화기 구매,제9691부대,주식회사 정현
46268,해남훈련장 순간급탕가열기 교체설치(위임 133차),제1989부대,동서종합상사
46269,(긴급) 시일링 1종 구매,해군군수사령부,한서유통
46272,고정형리더기 등 5종 구매,해군군수사령부,제이디건설기계 주식회사
46273,"(긴급) 허브,몸체용 등 10종 구매",해군군수사령부,강일에스티
46274,"(긴급) 시일, 평면형 등 4종 구매",해군군수사령부,주식회사남동
46275,"(긴급)링, 피스톤용 등 6종",해군군수사령부,자인비
46276,턴버클 등 2종,해군군수사령부,유한회사 창해
46280,임펠러 등 6품목 구매(21223),해군제1수리창,주식회사 칼라투
46284,21년 하반기 자산취득품목 구매,육군종합군수학교,남광기업사
46285,동원훈련장 에어컴프레셔 설치납품,육군제53보병사단,수앤주
46286,21-공-군견 건사료 구매,국군재정관리단,신화상사
46287,21-해-특수작전용 칼 구매,국군재정관리단,제이드
46291,오븐기 구매,제8385부대,대광종합상사
46294,CO2소화기 충전 및 용기검사,제5738부대,에너지종합가스
46296,잠수기세트용 잠수게이지 구매,해군작전사령부,(주)북차카
46297,손수레 바퀴 등 112종 구매,해군작전사령부,최고상사
46305,야자매트 등 189품목 구매,제9196부대,(주)씨티원서비스
46313,롤 카펫트 2종 납품 설치,국방부계룡대근무지원단,에스제이테크
46314,'21-5차 장서 구매,공군교육사령부,성화종합상사
46324,21-00정 어라운드 뷰 납품설치,제2002부대,주식회사 보아정보기술
46329,OA팬시페이퍼A4 등 36종 구매,해군교육사령부,찰스인코리아
46331,(육성) HMDI 매트릭스 구매/설치,제3697부대,주식회사 와이제이통신기술
46336,탄약 포장재료 정비,해군군수사령부,(주)대성기공
46348,크린스킨 등 367품목 구매(21205),해군제1수리창,주식회사 칼라투
46351,코디 아쿠아 후레쉬 물티슈 등 544종,제2002부대,주식회사 글로벌우리기획
46353,흰색 고무줄 등 19종,해군군수사령부,강림
46360,"(긴급)패널,배전용 등 2종",해군군수사령부,세종상사
46361,(긴급) 디스플레이 유닛 1종 구매,해군군수사령부,주식회사 부강이엔지
46367,"반창고,점착성(반창고,일회용(살색)) 등 9항목 구매",육군군수사령부,주식회사 천화
46368,브라켓류,지상공통전력운영계약팀,주식회사 디케이피
46381,사단 대강당 바닥 개선 설치납품,제1989부대,동서세라믹(주)
46383,00부대 소방기구(양압식 공기호흡기 등 3종 구매),국방부근무지원단,발해
46385,수납장 등 27종 제작,해군사관학교,주식회사 하이에프디
46390,(긴급) 팁 등 5종 구매,해군군수사령부,주식회사 템솔
46397,추진장약 분석시험용 재료구매,육군 탄약지원사령부,주식회사 오로라
46402,"(21-219) 광선조준키트, 적외선용 1종 36점",공군제5공중기동비행단,(주)유텍
46403,강중유 구매,제9181부대,주식회사 티원산업
46405,옷장 등 8종,국방부계룡대근무지원단,엠(M)유통
46411,"냉각유니트, 공기식 등 2종",해군제3함대사령부,계룡홀딩스
46415,셀프코팅라벨 등 213종 구매,제5738부대,일월종합상사
46429,코팅필름 등 357종,해군 기동함대사령부,엔탑제주
46432,KVM 등 123품목 구매,제3170부대,은혜상사
46436,(정통-체-07) 21-7차 정보통신운영지원 구매,제15보병사단,강원종합상사
46446,전기충전 대용량 세트 등 2품목 구매,제9691부대,주식회사 가온산업
46449,미래형 취사식당 자산취득비 구매-공고,제1보병사단,성성
46451,이중 압력게이지 1EA 구매,제9121부대,성광상사
46455,21-벨트 등 7종 구매,해군제2수리창,동 인
46456,노바스크 등 83종,제2002부대,주식회사 내일약품
46458,문화상품권 구매,제8385부대,청아철물설비
46461,21-해병대 출입통제체계 교체(리스물건)(218143-A),국군재정관리단,주식회사 슈프리마
46463,슈퍼그립 200글러브 등 172종,해군군수사령부,주영 디엔에스
46465,프로그립1000 등 404종,해군군수사령부,K＆J 테크
46466,인두기 등 408종,해군군수사령부,제이제이컴
46473,크리넥스 수앤수 물티슈 등 848종,해군 기동함대사령부,늘솔길
46475,21-07-320 무선풀 등 17 품목,공군교육사령부,주식회사 유진기업
46476,21-07-320 무선풀 등 17 품목,공군교육사령부,주식회사 유진기업
46491,작전용 헤드폰 등 6종 구매,제3707부대,경기모아상사
46492,작업방석 등 57종,제7001부대,영해
46494,레벨D 보호복 세트 등 4종,제7001부대,가온누리
46497,전기커넥터용 세척제 등 118종 구매,공군군수사령부,신라통상
46498,"조속기, 전동기용 1종 구매(21209)",해군제1수리창,주식회사 다온종합상사
46501,스위칭허브 등 142종,해군 기동함대사령부,경수산업
46502,DVR 2EA 구매 납품,제9227부대,(주)누리숲
46503,(216267-E)소형 사진인화기 구매,국군재정관리단,주식회사백운
46509,슬라이딩지우개 등 58종 구매,재경근무지원대대,유노상사
46511,SSU훈련화(120FW) 구매,해군작전사령부,주식회사 제이투
46513,전투조끼 등 5품목 구매,연평부대,케이이에스
46515,후반기 전장관리체계 운용용품 구매,제2작전사령부,주식회사 가나안종합관리
46517,"시험세트, 절연감지용 등 30점 263점",제9121부대,대진상사
46520,오링 등 60품목 구매,제3170부대,플루토스
46522,(긴급)이동식 배풍기 등 2종,해군군수사령부,주식회사 칼라투
46524,"제재목, 연재질, 두꺼운형 1종",해군군수사령부,금성특수산업
46525,(긴급)개스킷 등 5종,해군군수사령부,주식회사 칼라투
46542,토스터기 등 7종 구매,해군작전사령부,(주) 건영패밀리
46548,뜀틀매트 등 79종 구매,제8385부대,듀이
46549,원형식탁 등 4종 구매,제8385부대,깜장마켓
46560,접착마운트 등 654품목 구매,제9181부대,에스에치유통
46565,킴테크 등 29종 구매,제9911부대,파라닷컴
46568,유성매직 등 576품목 구매,제9196부대,엠팩토리
46570,심연기 등 501종 구매,해군본부,미주통상
46575,Charging Corona Unit 등 39종 구매,해군본부,드림으뜸상사
46576,21-피아식별용 라이트 등 10종 구매(218167-H),국군재정관리단,주식회사 갑목
46579,21-공-시험세트 무선기용 구매,국군재정관리단,주식회사 다솔산업
46580,21-정밀좌표측정체계 S/W 구매(218165-H),국군재정관리단,(주)미도지리정보
46584,"자동차, 양력5톤",공군군수사령부,푸른에스씨
46588,테일지지대 등 2종 구매(21-109),공군제15특수임무비행단,Basic Korea(베이직산업)
46591,구조용 하네스 등 8종 구매,제5738부대,탑앤탑(TNT)
46594,인식표줄 등 2종 구매,해군군수사령부,성현테크
46595,방공고속지령대 구매,제2307부대,한국전기통신주식회사
46596,탄약 정비자재(32밀리 대철 등 3개 품목) 구매,육군 탄약지원사령부,주식회사 연서
46604,21-해-정밀좌표측정체계 H/W 구매,국군재정관리단,(주)에스앤디비즈
46608,"벨트, V형 등 3품목 구매(191,192,210)",해군제1수리창,조양상사
46609,점보실버크립 등 426종 구매,제9911부대,하나솔텍
46611,21년 재난대비 00교 우회로 자재 구매,제5보병사단,채윤상사
46612,안전물자 세트 구매,제28보병사단,바이탈 듀
46615,"00지역 유조차(1,500리터) 구매",국군제1068부대,유니스포텍 주식회사
46619,(긴급) 아날로그 알람 표시기 1종 구매,해군군수사령부,세종상사
46621,자물쇠통 등 4종 구매,해군군수사령부,한진공인중개사사무소
46626,장성기 3종,국방부계룡대근무지원단,주식회사 덕산
46627,장군요대 등 4종,국방부계룡대근무지원단,대성물산
46630,구조훈련 실습용 마네킨 등 2종,국군의무학교,(주)동성메디칼
46637,파병부대 말라리아키트 등 48품목 구매,육군군수사령부,아이앤비케어 주식회사
46639,21년 정비피복 구매,제51보병사단,벨루나 주식회사
46644,"온, 습도 기록계",해군제3함대사령부,(유)한일상사
46646,용접홀더세트 등 93종 구매,제9911부대,푸름
46647,네임펜 등 293종 구매,해군사관학교,행복유통
46648,양면칠판 스탠드 209종 구매,해군사관학교,늘품 주식회사
46649,텀블러 등 79종 구매,해군사관학교,신영물류
46653,치약 구매,제3170부대,블루피쉬인베스트
46654,나일론 웨빙 등 5품목 구매,제3170부대,제이에스컴퍼니
46657,"(긴급) 고정물,전등용 등 6종 구매",해군군수사령부,햇임이상사
46658,충전식 그라인더 등 8종,해군군수사령부,수민
46659,"슬링,화물용,그물형 1종",해군군수사령부,미소테크
46660,멀티코드 등 168종 구매,해군군수사령부,제이제이유통
46662,에폭시 코팅키트 등 22종 구매,해군군수사령부,에스에스와이
46667,(21-214) GPS REPEATER SYSTEM 등 2품목,공군제5공중기동비행단,대진상사
46669,21-해-구조용바스켓 등 6종 구매,국군재정관리단,자이림
46674,피로시험기 구매,해군사관학교,주식회사 복은
46675,화재감지기 등 140종 구매,해군교육사령부,피앤에스
46677,맥스토 비트 등 369종 구매,제5738부대,드림조경 주식회사
46679,탄약장전기 등 15종 구매,해군작전사령부,주식회사 예운
46680,00망 네트워크접근통제체계(NAC) 교체(218127-A),국군재정관리단,주식회사 코어인프라
46684,육절기 등 4품목 구매,육군군수사령부,오피스웨이 기장점
46691,자바라 컨베이너 등 294품목 구매,제9196부대,자연교육사
46692,톤마대 등 150품목 구매,제9196부대,태경산업
46699,21년 정비피복 구매(정비화 등 4종),제22보병사단,주식회사 천광
46700,20비 신주니플패치등 149종,제20전투비행단,씨플러스
46708,[21-0147] 특수금고,공군제17전투비행단,푸르니컴퍼니
46726,형광펜 등 829종 구매,제8385부대,이지컴퍼니
46727,21-해병0사단 IP교환기 교체(리스물건)(218157-A),국군재정관리단,대신네트웍스 주식회사
46729,"(긴급) 냉각유니트,공기식 등 3종",해군군수사령부,주식회사 유노미아
46732,액티브 스피커 등 3종,해군군수사령부,주식회사 위드엔지니어링
46733,수직천공기 1종 구매,해군군수사령부,햇임이상사
46746,후생용구(이발기계 등) 계약,제3보병사단,주식회사 삼현
46748,오-링 등 50품목 구매(21171),해군제1수리창,주식회사 더블제이에스
46755,파워크립 등 111종,해군군수사령부,경북상사
46758,21년 특수피복비(정비피복류) 구매,육군항공학교,디앤디
46763,해상-호크나이프/구매,해군군수사령부,동화나라
46764,"(긴급)슬링,화물용,그물형(나일론 화물망) 1종",해군군수사령부,세종상사
46767,무릎/팔꿈치보호대 구매,해군군수사령부,위더스메디칼
46768,155밀리 추진장약 약포 충진기 등 8개 품목 구매,육군 탄약지원사령부,에코아이엔티(ECHO INT)
46771,고공낙하산,공군군수사령부,푸르니컴퍼니
46777,00훈련장 탄두회수대 구매/설치,제3697부대,주식회사 라온아띠
46783,국가기술자격검정용 자산구매,제1군수지원사령부,뷰소다 주식회사
46791,수간주입병 등 14종,제7001부대,주식회사 더원시스템
46792,'21년 군견훈련소 이동견사(캐리어/케이지/켄넬) 구매,육군교육사령부,주식회사 지경이앤씨
46796,21-56-오링 등 42종 구매,해군제2수리창,대성물류
46807,도마 등 66종 구매,제9911부대,모빅
46808,축구공 등 180품목 구매,연평부대,오피스디포 인천중앙점
46809,물분사소화기 등 4종 구매,제9911부대,유어스 컴퍼니
46810,야자매트 등 84종 구매,제9911부대,파코상사
46813,블랙박스 등 255품목 구매,연평부대,생수의 강
46823,3단 잡지서가 등 201품목 구매,제9181부대,대한상역
46824,꽈배기 튜브 등 39종 구매,제9181부대,금강레이저
46825,바스켓장 등 3종,국군의무학교,(주)동성메디칼
46838,제초매트 등 4종 구매,제9911부대,고덕종합상사
46839,Chisel 등 17종 구매,제5738부대,유리아빠
46859,'21년 정비/취사피복 구매,육군종합군수학교,더원컴퍼니
46861,방진마스크 등 2종 구매 납품,제9227부대,미소산업
46871,축 및 암류,지상공통전력운영계약팀,비씨아이 주식회사
46876,충전식 전정기 등 5종,제7001부대,자인비
46877,덴탈글러브 등 81종 구매,제5738부대,주식회사 에스에이치네트워크
46879,송수화기 등 2종 구매,해군군수사령부,우인미디어테크
46881,(긴급) 내수압 청동 1종 구매,해군군수사령부,(주)종로인더스트리
46891,자동적점용 시험기,공군군수사령부,주식회사 해강
46892,방사선 필름 등 6종(구매),공군군수사령부,주식회사 진성하이텍
46896,밴드쏘날 등 39종 구매(21-09),해군제1수리창,수주종합상사
46898,감항인증통합센터 관급(통합배선),제3훈련비행단,주식회사 창우
46904,20비 열감지기 등 12종,제20전투비행단,충이네트워크
46908,온수분배기 등 147종 구매(21-056),공군제15특수임무비행단,영화산업
46910,점보롤화장지 등 29품목 구매,제9911부대,경기모아상사
46915,"고배율관측경 1항목 구매(대테러,총포)",육군군수사령부,주식회사 유티지
46921,ND자석 등 58종 구매,제5738부대,화로
46923,SD Malaria 등 11종 구매,제5738부대,석진메드
46927,P트랩 등 73종 구매,제5738부대,은혜상사
46932,발칸 와셔 등 33종 구매,육군종합정비창,에이치에스테크
46934,특대형 전투조끼 구매,육군과학화전투훈련단,썬컴퍼니
46940,(긴급) 육각 스크류 등 3종 구매,해군군수사령부,금성상사
46948,"방현재,선박용",지상공통전력운영계약팀,주윤테크
46949,(217068-H)21년 사이버 모의점검 및 평가도구 구매,국군재정관리단,다온상사
46956,"시험세트, 항법용",공군군수사령부,준컴퍼니
46969,(긴급)고정물 전등용 등 5종,해군군수사령부,동진상사
46971,"(긴급)고정물,전등용 4종",해군군수사령부,성준실업
46980,"브래킷, 판류",지상공통전력운영계약팀,(주)세광이앤지
46984,(216201-F)방탄방패 구매,국군재정관리단,어썸스토어
46995,"콘덴서, 냉각용 1EA 구매(21179)",해군제1수리창,제이테크
46996,1회용 도식락용기 등 3품목 구매,연평부대,스타커넥트
47001,스미스머신 등 5종 구매,제8385부대,가나안상사
47012,랜포트락 등 108종 구매,해군작전사령부,한울
47015,VBSS배낭 1종 구매,해군군수사령부,주식회사 챔피언스초이스
47018,(긴급) 레이돔 1종 구매,해군군수사령부,에이스 컴퍼니
47019,중형 휀다 등 2종 구매,해군군수사령부,(주)씨존
47024,발칸 조준기설치어댑터 등 4종 구매,육군종합정비창,진광사
47029,21년 부사관학군단 입교품(13개품)구매,육군부사관학교,신도토탈오에이
47040,파일/인덱스 라벨 등 157종 구매,제9121부대,동아스포츠
47054,멀티툴캐비넷 등 16종,제7001부대,선민상사
47075,"HET 권양기(레버블럭, 체인블럭)",제1군수지원사령부,청아철물설비
47090,메모홀더 등 59종 구매,제5738부대,예광
47098,네비게이션 등 33품목 구매 납품,제9181부대,금강레이저
47113,보냉가방 등 10종 구매,해군제3함대사령부,무림오피스웨이목포점
47114,사관실 1인소파 수선 등 20종,해군군수사령부,대환산업
47125,여군 흑단화 등 2종 구매,해군군수사령부,(주)한양어패럴
47126,여군 흑단화 등 2종 구매,해군군수사령부,(주)한양어패럴
47128,"발생기, 신호용",공군군수사령부,신아인프라
47137,21-해-가레이지작키 등 4종 구매,국군재정관리단,디디인터내셔널
47142,지상군 헬멧 구매,해군작전사령부,이앤씨케이블 주식회사
47143,오-링 등 14품목 구매(21173),해군제1수리창,청아철물설비
47144,초자류,지상공통전력운영계약팀,(주)진성티앤피
47148,총상 모형 박스 등 20종,국군의무학교,주식회사 제이엠메디칼
47150,(216227-D)진공포장기(대형) 구매,국군재정관리단,(주)한국물류로봇
47161,21-4차 정보화예산 집행,제1862부대,ADN
47162,올인원카드리더 등 23품목 구매 납품,제9227부대,선진인스텍
47164,동 엘보 등 20품목 구매(21170),해군제1수리창,조양상사
47167,심폐소생술 마네킹 구매,해군작전사령부,나무늘보
47168,00부대 블랙박스 구매 설치,국방부근무지원단,영광기업
47169,접이식 캐노피 등 7종,제7001부대,피앤에스
47173,"(긴급) 디스플레이,광전자식 1종 구매",해군군수사령부,주식회사 위드엔지니어링
47176,"전동기,유압식 1종 구매",해군군수사령부,푸른에스씨
47178,해류유속계 1종 구매,해군군수사령부,드림유통
47194,(216134-C) 화재 및 폭염대비 물자 구매,국군재정관리단,주식회사 사피엔스인
47196,(217180-C)21년 전반기 전장관리체계 운용용품 구매,국군재정관리단,서백씨앤엠
47204,철사각관 등 49종 구매,공군군수사령부,도진상사
47212,작업테이블 등 31종,해군제3함대사령부,고산기업
47215,은 브러쉬 1종 구매,해군군수사령부,대일통상
47228,전술훈련용수류탄,지상공통전력운영계약팀,한국씨앤오테크(주)
47229,덤벨세트 등 7종,해군 기동함대사령부,(주)제이인터내셔날
47230,치닝디핑 등 19종,해군 기동함대사령부,오도유통
47231,21-해병-쿼드콘 구매,국군재정관리단,티에스와이
47235,과속방지턱 등 2종 구매,제9911부대,세창
47238,방역 약품(바퀴벌레 제거제 등 8종) 구매(21-113),공군제15특수임무비행단,래미컴퍼니
47239,시료수집킷 등 8종 구매,국군화생방방호사령부,미라클사이언스
47243,네카치프 등 3종 구매,해군군수사령부,주식회사 에코프로비(eco pro B)
47244,전자저울 1종 구매,해군군수사령부,대성이엘 주식회사
47247,"(긴급)냉각코일,공기식,통기관형 1종",해군군수사령부,유림상사
47249,"(긴급)가열소자,전기식,매입형 1종",해군군수사령부,윤테크
47250,(긴급)개스킷 등 32종,해군군수사령부,조양상사
47251,치약등 2종 구매,해군군수사령부,yes중앙스포츠
47254,"저항기, 무선주파수 부하용 3set 구매",해군군수사령부,대성이엘 주식회사
47257,청진기 키트(전자청진기) 1종 구매,해군군수사령부,주식회사 엠제이케이
47272,기본 간호학 등 36종,국군의무학교,성원서림
47277,알루미늄 합금판 등 12품목 구매(21172),해군제1수리창,지원종합상사
47279,알보칠 등 41종 구매,해군교육사령부,주식회사 몬즈약품유통
47281,(육성) 헤드셋/멀티충전기 구매,제3697부대,세방상사
47285,방안직자 등 281종,해군제3함대사령부,삼호자원
47290,스텝퍼 구매,제9196부대,(주)씨티원서비스
47291,비궁 해상표적 제작,연평부대,영원산업개발(주)
47300,팔꿈치 무릎 보호대 등 14품목 구매,제9181부대,기타가게
47308,골판지 등 18종 구매,제9911부대,모빅
47309,전자저울 등 4종 구매,제3170부대,아윤상사
47311,직결피스 등 63종 구매,제8385부대,영동상사
47312,용접헬멧 등 75종 구매,제8385부대,주식회사 다온종합상사
47323,핫멜트글루건 등 77종,해군 기동함대사령부,영신상사
47327,00관 GHP 실외기 구매설치,육군사관학교,고고써치
47328,21-042 동력행글라이더 3종,공군사관학교,인투윈산업
47339,00관 GHP 실외기 구매설치,육군사관학교,고고써치
47340,21-06-240 마사토 1 품목,공군교육사령부,에스와이테크
47341,21-042 동력행글라이더 3종,공군사관학교,인투윈산업
47342,보안스티커 제작 구매,공군본부,에스엠디자인
47348,스포츠매트 등 228종 구매,제3170부대,달빛컴퍼니
47359,수입봉류,지상공통전력운영계약팀,두영이엔시
47361,사출성형기용 금형 2종 구매,육군종합정비창,탑동
47364,전장순환 훈련용 더미 구매,육군과학화전투훈련단,한수조경
47385,21-47-PKM 사이드 반목 등 17종,해군제2수리창,오공상사
47389,개스킷 등 64종,해군제3함대사령부,달성상사
47391,IBM LT07 등 45종 구매,해군본부,주식회사 엘케이테크
47409,트럼펫 등 4종 구매(근-21-060),공군작사근무지원단,(주)아티스트앤뮤직
47417,인화점 시험기,공군군수사령부,유림상사
47419,갈퀴 등 29품목 구매,연평부대,엠제이코리아
47420,코팅지 등 138종 구매,제3170부대,이로운세상
47423,멀티프레스 1종 구매,해군군수사령부,푸른세상
47426,"슬링, 다지주형 1종 구매",해군군수사령부,참조은
47428,콘넥트 조인트 250A130L 등 6종,해군군수사령부,비에스상사
47429,저울(150Kg) 등 2종 구매,해군군수사령부,주식회사 위드엔지니어링
47430,콤프레샤 등 3종 구매,해군군수사령부,갓디유통
47431,워크스테이션 등 1종 3점/구매,해군군수사령부,에코아이엔티(ECHO INT)
47432,(긴급)받침고리 등 6종,해군군수사령부,주식회사 위드엔지니어링
47436,방열기 1종,해군군수사령부,동진상사
47437,다중계기 등 5종 구매,해군군수사령부,더호두
47446,가위 등 44종 구매 납품,제3283부대,주식회사 강산에코텍
47451,아이스박스,제2002부대,디엠글로벌
47454,결재판 등 922종(2분기 통합구매),제7001부대,성진유통
47457,"피스톤 등 37종 1,142점 구매",제9121부대,아라날
47458,아인지우개 등 47종 구매,해군사관학교,구룡
47462,부대후생용구(이발기구) 구매계약,제7보병사단,흥남건재
47463,"21-46-잉곳, 주석 청동",해군제2수리창,경기모아상사
47467,블랙박스 커버 제작 구매,공군본부,에이치엠
47469,"정비,취사 피복(장구류) 구매",제7보병사단,칠성유통
47471,21-241 동물용 초음파진단기 1품목,공군교육사령부,주식회사 성우팜
47476,21-해-어뢰인양기 구매,국군재정관리단,바론
47477,국방헬프콜 홍보 고정간판 교체 및 신규설치,국방부조사본부,여람디자인 주식회사
47507,21-공-승용식 전동카트(5인승) 구매,국군재정관리단,주식회사 동영상사
47513,K1A용 복합레일 등 2종 구매,제9911부대,경창산업
47518,(2-15) 영선반 자재구매,제28보병사단,뉴엠에프코리아
47520,정밀 증류수생산기 1종 구매,해군군수사령부,엘제이
47524,발칸 역풍기등29종 구매,육군종합정비창,에이치에스테크
47529,DRF치구(알루미뉼) 등 89종 구매 납품,제9227부대,기원상사
47530,21년 정비피복 구매,육군제6501부대,지니몰
47537,디지털 저울 등 7품목 구매,제9691부대,오공상사
47544,네임펜 등 285종 구매,해군사관학교,선영테크
47548,[21-방공관제사-32] C8000 2G 메모리카드 230EA,공군방공관제사령부,참다올비앤비
47554,(긴급) 팁 등 6종,해군군수사령부,주식회사 이천
47560,"표적지시시세트,전자-광학식 1종 구매",해군군수사령부,Basic Korea(베이직산업)
47565,헬멧부속재,미래전력사업전력운영계약팀,삼부산업 주식회사
47566,21-05-208 자기검사 유닛 1 품목,공군교육사령부,라온상사
47567,1연대 방열기 구매/설치,육군종합군수학교,NS산업
47571,21-해-클램핑 정반 1대 구매,국군재정관리단,디엠글로벌
47575,155밀리 고무밴드 등 68개 품목 구매,육군 탄약지원사령부,스테파노컴퍼니
47580,대형컷터 등 15종,해군군수사령부,효원
47587,자분액 등 38종,해군군수사령부,에스앤제이 엔지니어
47588,플라스틱 판 1종,해군군수사령부,바로산업
47592,주물사배합기 1종 구매,해군군수사령부,강일에스티
47593,"혼, 신호용 1종 구매",해군군수사령부,주식회사 칼라투
47599,탄약 정비자재(60밀리 추진장약 보호주머니) 구매,육군 탄약지원사령부,영진문화사
47604,21년 재난 및 복구 자재 구매 계약,제5925부대,한영엔터프라이즈
47620,비콘램프 등 118종 구매,제3170부대,타이어프로 문경점
47630,전기 그리들 등 3종,해군 기동함대사령부,성화종합상사
47631,가위 등 80종 구매,국방부계룡대근무지원단,유림상사
47639,호스 라인 등 11종,해군제3함대사령부,대진이엔지
47653,강당걸레 등 98종 구매 납품,제9227부대,웅지에코소재
47658,후보생 훈련용 교번(벨크로) 및 직위장 구매,육군학생군사학교,대성하이테크
47665,물티슈 등 77종 구매,해군교육사령부,탑동
47667,평면실링 등 15종 130점 구매,제9121부대,바로상사
47673,아트로핀 황산염 등 61종,제2002부대,바른약품 주식회사
47674,온냉배선카트 구매,제5738부대,주식회사 복은
47676,대대급 안전물자 세트 구매,제5군단사령부,일송
47682,개스킷 등 6종 구매,해군군수사령부,삼마상사
47686,팔꿈치포경/조준감사기(지명),지상공통전력운영계약팀,(주)우경광학
47688,"호흡기, 휴대용(구매)",지상공통전력운영계약팀,(주)비아이엔씨
47695,대대급 안전보호물자 세트(안전벨트 등 6종) 구매,육군제6501부대,케이(K) 마음
47701,(216103-D)산불진화보호구 구매,국군재정관리단,엘케이에스(LKS)
47710,톤백 등 48종,해군군수사령부,주식회사 제이투
47715,스티커제거제 등 457종 구매,제5738부대,우주상사
47716,21-087 안전보호물자(6종) 구매,수도방위사령부,일리컴퍼니
47717,코로나19 자가진단키트 구매,제8385부대,알파동해점
47724,자가진단키트 구매,제9911부대,모건다비드
47725,손도끼 등 28종 구매,제9911부대,선앤문국영협력개발공사
47726,바벨봉 등 4종 구매,제9911부대,써니유통
47731,"호이스트, 체인식",해군군수사령부,그린스틸
47743,'21-3차 장서 구매,공군교육사령부,득인이엔지
47745,축구공 등 28종 구매 납품,제9227부대,예인사무기
47755,유조차(4000G/A),기동총괄계약팀,드래곤모터스 주식회사
47756,"유조차(2,500G/A)",기동총괄계약팀,유니스포텍 주식회사
47758,하이폴리 등 21종 구매,해군작전사령부,비에스상사
47759,재난안전통신망 고정형 단말기 구매,국군지휘통신사령부,주식회사 에코앰넷
47761,클리어화일 등 30종 구매,제8385부대,동원상사
47765,21년 정비피복(정비모 등 4종) 구매,제28보병사단,세인트
47769,피스톤콤퓨레샤 1대 구매,제7001부대,경북상사
47774,"(긴급)디스플레이,광전자식 1종",해군군수사령부,동해상사
47777,(긴급) 팽창실 1종 구매,해군군수사령부,알파유통 주식회사
47778,(긴급) 디스플레이 유닛 등 2종 구매,해군군수사령부,디에이치바이오
47780,포켓용 손전등 1종 구매,해군군수사령부,초이스툴
47782,멀티프레스 1종 구매,해군군수사령부,유민상사
47783,윤활방청제 등 88종,해군군수사령부,디에이치글로벌
47787,21년 정비 취사피복 구매,육군 제8군단,주식회사 기조
47788,(21-94) 이동식 부스 설치/구매,공군제10전투비행단,케이스타주식회사
47789,"하이파론 등 13품목 구매(21151,21152)",해군제1수리창,한웅종합건자재
47791,천마 키등8종 구매,육군종합정비창,에이치에스테크
47794,발칸 리드선등2종 구매,육군종합정비창,엠앤티 M&T
47798,21-생물시료 수집기 등 3종 구매,국군재정관리단,알파유통 주식회사
47805,[21-30] 2분기 ATCIS운용용품 외 구매 계약,제6보병사단,정현경리솔루션
47810,21-무적감시체계 교체(리스물건)(218084-A),국군재정관리단,주식회사 파크엘즈
47817,'21년 대대급 안전물자세트 구매,수도기계화보병사단,주식회사 크리티브
47819,더플백 60L 등 54종,해군 기동함대사령부,영종합상사
47825,21-디자인용편집기 등 4종 구매,국군재정관리단,주식회사 제이에프
47829,00부대 3단 진압봉 구매,제6755부대,브라더이벤트기획
47831,보안 취약점 진단단용 가상화 SW 구매,국군제1068부대,(주)에스엠메이커스
47835,21년 정비취사피복 물품 구매 1차,제1607부대,영동문구센타
47836,재난예방 및 안전관리(복구자재)(2차) 구매,제15보병사단,흥남건재
47838,고무매트 등 4종 구매,해군교육사령부,경남상사
47839,온풍기 7대 구매,해군교육사령부,반도
47840,00지역 앰프 설치납품,제6군단사령부,나미컴퍼니
47842,책장 등 2종 구매,해군제3함대사령부,(유)목포신도digitalOA
47850,오링및패킹류,지상공통전력운영계약팀,덕인산업
47851,"21년 플라스틱표적지(E,F형)",지상공통전력운영계약팀,엔피씨 주식회사
47861,안테나(URC-106),미래전력사업전력운영계약팀,경안기계
47866,"(216197-F)CNC내경연삭기(고정형, 다용도용) 구매설치",국군재정관리단,주식회사티엠에스
47867,(216190-B)비커스 경도기 구매,국군재정관리단,다익테크
47869,(217173-F)코로나19 예방물자 구매,국군재정관리단,주식회사 태촌실업
47875,크린스킨 블랙마스터 등 42종 구매(21-14),해군제1수리창,카트메이트
47877,00부대 동행사복 등 3종 구매,국방부근무지원단,한강
47883,소화기 등 6종 구매,국방부근무지원단,주식회사 광원종합상사
47886,"(긴급) 베이스,소켓용 1종 구매",해군군수사령부,오공상사
47889,전기이발기 구매,해군군수사령부,스테파노컴퍼니
47890,"4주식리프트, 소형 등 2종 구매",해군군수사령부,디피 코퍼레이션(DP corporation)
47891,알루미늄 합금판 등 19종,해군군수사령부,(주)종로인더스트리
47896,모사전송기 1항목 구매(통신),육군군수사령부,주식회사 소향
47911,전술용 GPS시계 구매,제9965부대,준유통
47915,고무 띠 1종 구매(21140),해군제1수리창,영보상사
47921,'21년 폭염대비 안전물자 구매,제2군수지원여단,주희테크
47922,[보급대대] 안전캐비닛 등 9종(21-141),공군제19전투비행단,동하산업종합
47928,골프공 구매,제7001부대,나우통상
47929,재단가위 등 56종,해군군수사령부,늘품 주식회사
47930,EDTA 솔루션 등 41종 구매,제5738부대,거성컴퍼니
47933,대대급 안전물자 세트 구매,제5181부대,주식회사 창세기일장일절
47936,클리어화일 등 161종 구매,해군교육사령부,주식회사 예린
47938,21-1차 폭염대비 물자 구매 계약,제7보병사단,강원종합상사
47939,축성재료 32종 구매,국방부근무지원단,주식회사 제이원씨엔티
47946,"패킹, 성형식 등 22종 구매",해군군수사령부,주식회사남동
47949,개스킷 접착제 등 5품목 구매(21147),해군제1수리창,듀이
47955,간이탄약고 등 5종 구매 납품,제3283부대,태성전지
47957,21-이온크로마토그라프 구매,국군재정관리단,주식회사 3엠프론티어
47961,백업체계 S/W 용량 라이센스 구매,공군본부,도원정보시스템 주식회사
47964,(위임-184) 00부대 경계력 보강 자재구매,제1보병사단,은성기프트
47967,DAY SET 등 32종 구매,제5738부대,주식회사 태촌실업
47974,UTP Cable(파랑) 등 32종 구매,해군군수사령부,제이원텍
47976,터보 챠저 조립품 등 32종 구매,해군군수사령부,동서세라믹(주)
47985,155밀리 탄대보호환 등 4개 품목 구매,육군 탄약지원사령부,주식회사남동
47987,21년 정비피복 구매,육군제7789부대,주식회사 부창산업
47995,5톤 암롤박스 제작 구매,국방부계룡대근무지원단,주식회사엠에스테크
48010,[21-21] 21-1차 세출예산(축성도구) 구매계약,제6보병사단,에스티블루텍
48015,"고무펙킹등 16품목 구매(21148,21149)",해군제1수리창,천곡철물상사
48022,2채널 스피커 등 311종,해군 기동함대사령부,주식회사 제주플로우
48026,아이스박스 등 4품목 구매,제9181부대,위드리테일
48027,21-K-건립관사 비디오폰 구매 설치,제9181부대,주식회사 공후
48043,훈련장 쇄석 구매,육군학생군사학교,주식회사 청주테크
48046,고투명홀더 등 74종,해군군수사령부,미래테크
48054,[21-0075] 냉방기 외 8품목,공군제17전투비행단,태건기업
48058,21년 대대급 안전물자세트 구매,제5보병사단,올리비아
48060,군장품 오바로크,제21보병사단,대웅마트
48061,작업대 등 16종,해군군수사령부,하우돈유통
48064,(일장) 교량가설단정 전면판등 4종구매,육군종합정비창,삼강운수
48075,영업용국자 등 58품목 구매,제9196부대,댕댕드레스
48078,21-37-개스킷 등 33종,해군제2수리창,삼정종합상사
48080,(JSA-6) 판문점 후드티 구매,제1보병사단,공감
48083,스쿼트머신 등 2종,제7001부대,나우통상
48086,21-35-수정 슬리브 등 11종,해군제2수리창,케이피씨(KPC)
48091,(긴급) 디스플레이 유닛 1종 구매,해군군수사령부,윤테크
48095,"힌지, 출입문용(수직발사체계용) 1종 구매",해군군수사령부,티에스와이
48112,(217170-F)기초잠수 착용물자 구매,국군재정관리단,주식회사 동영상사
48121,귀마개 등 37종 구매,제9911부대,파코상사
48124,디아제팜 주 10mg 등 131종 구매,해군교육사령부,부천양행
48125,디지털 증거분석 수사체계 도입(218091-A),국군재정관리단,주식회사엔클라우드
48126,크린가드보호복 등 770종,해군군수사령부,비너스월드
48146,21-공-야간투시경 구매,국군재정관리단,주식회사 흥선
48151,어학(토익) 학습콘텐츠 구매,육군본부,경기모아상사
48156,21년 폭염대비 예방물자 구매,제1288부대,칠성유통
48158,청색튜브매트 50개 구매,해군교육사령부,로쏘
48169,구리스니플 등 70종 구매,제5738부대,민14테크
48172,조리대 서랍수선 등 11종,해군군수사령부,솔안
48179,"장갑세트,부가형,소형무기-파쇄방어용 1종 구매",해군군수사령부,주식회사 메이크띵즈
48182,열교환기 등 13종 구매,해군군수사령부,케이피코퍼레이션
48183,"조절판, 노통용 등 14종 구매",해군군수사령부,한서유통
48187,155밀리 추진장약 운반통 등 7개 품목 구매,육군 탄약지원사령부,주식회사 금성산업
48193,오토닉스 타이머 등 6품목 구매(21-06),해군제1수리창,남부상사
48195,엑스선관튜브 등 3종 구매,육군종합정비창,태린메디칼 주식회사
48196,21-05-174 냉방기 등 3 품목,공군교육사령부,주식회사 필성
48197,프로펠러 등 3종,해군 기동함대사령부,해솔상사
48198,알루미늄판 등 161종 구매,해군 기동함대사령부,주식회사해피넷
48200,탄약정비용 물품 구매,제9181부대,영인
48212,21-05-184 조리대 1 품목,공군교육사령부,경동종합주방
48215,고투명홀드 등 387종 구매,해군교육사령부,구룡
48217,"이동표적,복싱,하키,배드민턴,사이클,레슬링 운동용품",국군체육부대,레인보우
48225,방화벽 1종 구매,제9121부대,움찬
48226,배구부 훈련용품(배구화 등 2종),국군체육부대,주식회사 티앤제이커뮤니케이션
48241,(216140-C) 버스킹패키지 21종 구매,국군재정관리단,주식회사 챔피언스초이스
48251,도어락 등 175품목 구매,제9해병여단,제이드
48254,(긴급)감지센샤 1종,해군군수사령부,태양전자
48255,이동형집진기 1종 구매,해군군수사령부,우주상사주식회사
48267,21년 군마사료 구매,육군사관학교,주식회사 씨티원 충남
48269,'21년 정비피복(하계정비복) 구매,육군종합정비창,대우유니폼
48273,'21년 정비피복(정비화) 구매,육군종합정비창,가림시스템
48284,21-공- 모기해충기피제 등 8 종 구매,국군재정관리단,에이앤이글로벌
48288,21-덕-재난안전망 단말기 구매 설치,제9691부대,노드정보기술(주)
48292,(21-126) T-WALL(방호벽) 1종,공군제5공중기동비행단,주식회사 세정엠티엘
48300,해군 캐릭터 손풍기 등 2종 구매,해군본부,예인상사
48301,DVD(1917 등 28종) 구매,해군사관학교,대광그래픽스
48302,컷팅 매트 등 187종 구매,해군사관학교,주식회사 기백
48304,페이지마커 등 154종 구매,제8385부대,동해상사
48306,저격병기 고정 뭉치 등 91종 구매,해군작전사령부,케이에스상사
48307,들것 2개 구매,해군교육사령부,한성
48310,물티슈 등 76종 구매,제5738부대,주식회사만나다마음연구소
48311,21년 대대 안전보호세트 구매,제5767부대,지앤지(G&G)
48321,00부대 정비취사피복 구매,제6128부대,아이지컴퍼니
48331,수입지 및 수입포,지상공통전력운영계약팀,주식회사 엔에이치
48339,21-69톤 트랙터 등 2종 구매,국군재정관리단,드래곤모터스 주식회사
48342,21-공기호흡기등 4종구매,국군재정관리단,유엘피 주식회사
48357,"21-29-샌딩 스펀지, 연마재",해군제2수리창,주식회사 에코그릿
48359,'21년 국유재산 경계표 구매,국방시설본부,주식회사 모모
48362,대대급 안전보호세트 구매,제1군수지원사령부,주식회사 다인시스
48363,21년 대대 안전보호세트 구매 계약,제1288부대,강원종합상사
48364,결재판 등 263종 구매,제3170부대,주식회사 문화이야기
48366,도파관 건조 공기주입기 구매,국군지휘통신사령부,영센스글로벌
48367,디지털증거분석 수사체계 교체(218014-A),국군재정관리단,주식회사 성보
48368,(긴급) 오-링 등 21종 구매,해군군수사령부,에스제이유통
48369,(긴급)열 및 연기 감지기 1종,해군군수사령부,세라코
48380,알루미늄 합금판 등 9종,해군군수사령부,동우철강(주)
48381,도파관 건조 공기주입기 구매,국군지휘통신사령부,영센스글로벌
48384,고무바 등 29종 구매,공군군수사령부,책임상사
48386,"자동차, 양력 5톤 등 2종",공군군수사령부,주식회사 엔미디어솔루션
48387,크린스킨 등 456품목 구매(21101),해군제1수리창,주식회사 엠케이
48389,장병 안전보호세트 구매,제8278부대,지오시스템
48390,하우징류,지상공통전력운영계약팀,덕인산업
48391,PP자동밴드 구매,국방출판지원단,대전인재사
48395,21-해군 가솔린증류기 구매,국군재정관리단,으뜸컨설팅
48397,21-덕-텀블러 구매,제9691부대,샤인사이언스
48402,"샌딩, 스펀지 등 59품목 구매(133,135,136,137,141)",해군제1수리창,남부상사
48404,블랙박스 등 6종 구매/설치,제8385부대,한신
48406,RS-232 등 104종 구매,해군작전사령부,비와이상사
48408,아스텍스 등 126종 구매,제8385부대,동해스토어
48409,네오박스 등 239종 구매,제5738부대,크라운유통
48413,대대급 안전보호세트 구매,수도군단,넥스트레이딩주식회사
48415,21-교-CBT교실 신규교체(리스물건)(218027-A),국군재정관리단,주식회사 코어인프라
48417,7군단 기능실 전시체계 보강(리스물건),제7군단,주식회사 다음정보기술
48421,21-1차 축성도구 구매,제1862부대,인제건재
48422,전기 부침기 1EA,해군 기동함대사령부,나우통상
48425,(217129-C) 대테러복 등 11종 구매(납품),국군재정관리단,성도교역
48431,백신 호송·경계용 3단 진압봉 구매,제2632부대,호성이엔지
48444,모조지 등 38종 구매,해군본부,대경상사
48448,재난 대비 방재물자 구매,제9181부대,제이제이
48455,차광망 등 5품목 구매,제9181부대,(JNJ)글로벌
48458,산악용 들것 등 20품목 구매 납품,제9227부대,에코한농
48462,'21년 대대급 안전보호세트 구매,제1보병사단,주식회사 란타이마트
48464,해도 등 133종 구매,해군작전사령부,한국해양개발(주)
48465,(군-군-4) 폭염대비 재난안전 물자 구매,제15보병사단,주식회사 진우
48466,00부대 부대운영자재 구매,국방부근무지원단,우리 B & I
48467,네임펜 등 178종 구매,해군본부,엠에스테크
48471,네비게이션 등 16종 구매,제3170부대,제이제이
48472,21년 3단 진압봉 구매,육군 제37보병사단,그린종합사무기
48476,피스톤 1종 구매,해군군수사령부,비에스상사
48477,심지 등 13종 구매,해군군수사령부,주식회사 챔피언스초이스
48486,온도감지기 등 5종 구매,해군군수사령부,케이원에스티
48491,하우징류,지상공통전력운영계약팀,창진ENG(주)
48493,블랙박스(승용) 등 6종 구매 납품,제9227부대,동화나라
48495,21년 대대 장병 안전보호세트 구매,제8기동사단,뉴엠에프코리아
48510,순찰용 리더기 등 2종,제7001부대,쌔미쌔미
48512,여자축구부 훈련용품(축구화 등 22종),국군체육부대,진성
48521,(긴급) 디스플레이 유닛 등 3종,해군군수사령부,다온상사
48533,"게이지, 전해질수위용 1EA 구매(21098)",해군제1수리창,지원종합상사
48534,"하우징, 터보과급기용 1EA 구매(21129)",해군제1수리창,지원종합상사
48535,주파수변환기 1EA 구매(21124),해군제1수리창,주희테크
48542,탐지3호 모뎀 등 4항목 구매(통신),육군군수사령부,주식회사 케이디미디어
48543,고속단정 인양기,지상공통전력운영계약팀,(주)테크플라워
48552,유전자 감정 재료 구매,국방부조사본부,주식회사 엘씨케이테크놀로지스
48561,"연장기, 경고등용",지상공통전력운영계약팀,한성정공
48563,보강토블럭 등 2종 구매,해군교육사령부,주식회사 더원시스템
48565,3색 유성펜 등 105종 구매,해군교육사령부,주식회사 예운
48572,다목적방향제 등 78종 구매,제8385부대,(주)글로벌넷
48576,21년 축성도구 구매,제28보병사단,고은상사
48582,대기용 활성탄 등 26종,해군군수사령부,바로산업
48583,(긴급) 플라스틱성형재 등 9종,해군군수사령부,금성특수산업
48587,탄약고 및 무기고 무선비상벨 설치납품,제60보병사단,주식회사두성미디어
48592,흡입샌더 등 27품목 구매,공군83정보통신정비창,구구컴퍼니
48600,자바라 컨베이어 3EA 구매,해군 기동함대사령부,성화종합상사
48603,21-1차 정보화 운용재료 구매,국군재정관리단,케이엔지컴퍼니
48606,코로나19 백신수송호송용 3단진압봉 구매,제36보병사단,다우통상
48607,흡입샌더 등 27품목 구매,공군83정보통신정비창,구구컴퍼니
48608,"표시기, 전력비율용",공군83정보통신정비창,동우씨엠 서청주지사
48611,21년 정비피복류 구매,육군 52보병사단,주식회사 하이디
48613,간이탄약 보관함 등 4품목 구매,연평부대,윈터세이프
48614,제설함 등 36품목 구매,연평부대,신비문화사
48617,대형 돗자리 등 59종,제7001부대,구룡
48619,형광펜 등 291종 구매,제5738부대,문경종합상사
48620,칼라정부화일 등 283종 구매,제5738부대,(주)포항자재
48621,전장순환 훈련용 더미 구매,제3190부대,비엠컴퍼니
48626,더블클립 등 215종 구매,제5738부대,주식회사 동빈글로벌
48628,가이드,지상공통전력운영계약팀,주윤테크
48634,작업대 등 6종 구매,공군제11전투비행단,(주)위즈덤스카이
48635,위험물 보관함 등 7종 구매,공군제11전투비행단,사)우리들행복나눔 종합가구사업단
48641,상조용품(일회용품) 구매(219078-I),국군재정관리단,광명산업
48652,하네스류,지상공통전력운영계약팀,대호정기(주)
48653,송풍세척기 구매,공군군수사령부,주식회사 동광마이크론
48654,21-조-18 이동형보관함 등 8종,공군 작사예하 방포사예하 제2여단,북소
48655,지퍼백 등 391종 구매,제5738부대,가인세상
48658,"부싱장탈기(수동식) 등 14종 구매(21-061~064,067,069",공군제15특수임무비행단,안보종합상사
48660,21-28-개스킷 등 11종,해군제2수리창,주식회사 우창이엠이
48661,21-27-호스관 등 2종,해군제2수리창,대지종합상사
48663,21-25-엘보우 4개,해군제2수리창,주식회사 승지산업
48664,작전용 검문소 구매(장성),제1989부대,산하컴퍼니
48665,21-24-냉각용 콘덴서 등 5종,해군제2수리창,동 인
48669,"(긴급)디스플레이,광전자식 1종",해군군수사령부,Basic Korea(베이직산업)
48671,디스플레이 유닛 1종 구매,해군군수사령부,에스앤제이 엔지니어
48679,잡초방제용 부직포 1종 구매,해군군수사령부,쓰리지엠
48680,'21년 CSRP 초자 구매,국군화생방방호사령부,에스에이리테일
48685,"리프트,자동차용",우주지휘통신총괄계약팀,주식회사 세정엠티엘
48687,[21-방공관제사-15] 헤드셋 등 4품목 구매,공군방공관제사령부,주식회사 부영상사
48693,장병 안전보호세트 구매(안전벨트 등 6종),제55보병사단,메이트리
48694,(217150-E)분광계 구매,국군재정관리단,뉴트론테크
48698,21-공-전자감응식 헤드셋 2종 구매,국군재정관리단,(주)상보기업
48702,다목적 수세미 등 460종 구매,해군교육사령부,주식회사 예린
48703,다용도 도구걸이대 등 396종 구매,해군교육사령부,드림플러스
48704,축구공 등 437종 구매,해군교육사령부,스타CNS
48706,마사토 등 2종,제7001부대,엠에이치유통
48709,21-1차 국가기술자격검정 실기시험 재료 구매,육군 제1군단,태성
48710,'21년 CSRP 시약 구매,국군화생방방호사령부,주식회사 오로라
48711,휀다 및 판류,지상공통전력운영계약팀,(주)대립
48715,배럴 로드 셋 등 2종,지상공통전력운영계약팀,주식회사 천명하이텍
48723,(21-101) 메탈램프 등 33종,공군제5공중기동비행단,금호상사
48735,열쇠보관함 등 396종 구매,제5738부대,네오상사
48743,(긴급) 오-링 등 13종 구매,해군군수사령부,한서유통
48744,"(긴급)항법세트, 위성신호용 1종",해군군수사령부,라온상사
48745,오-링 등 28종 구매,해군군수사령부,주식회사남동
48747,팁 등 7종 구매,해군군수사령부,넥스케이드
48751,냉각용콘덴서 코일 14EA 구매,해군군수사령부,티에스와이
48753,△△함 탄약 승강기 정비,해군군수사령부,(주)대명엘리베이터
48755,커플링 등 13종 구매,해군군수사령부,(주)블루마린
48767,"발생기,가스압력,추진제식,훈련용",공군군수사령부,피에이치에스(PHS)
48768,개선 식탁,공군군수사령부,준산업
48772,21년 폭염대비 물자 구매,육군종합군수학교,예스원컴퍼니
48773,샤프 등 1122종 구매,해군작전사령부,동하툴
48775,"21048 / 변환기,신호자료용 등 2종 6점 구매",제9121부대,이트렌드
48779,승용식 그린 버티칼테크 3개,제7001부대,(주)텍스코
48780,양주헤스티아 씽크대 설치납품,수도군단,장원퍼니디어
48783,코로나 백신 경계용 3단진압봉 구매,제6128부대,주식회사 대명종합상사
48784,'21년 전장관리체계 소모품 구매,제1891부대,더지안(THE JIAN)
48785,21년 대대 장병 안전보호세트 구매 계약,제6755부대,퍼펙트리
48787,전장순환훈련용 더미 구매,제6128부대,재동상사
48788,캐노피 세척대 등 9종 구매 (21-100),공군제19전투비행단,주식회사 금호테크놀로지
48789,다니톨 등 14종,제7001부대,제일종묘사
48790,방청윤활제 등 113종 구매,해군교육사령부,이동유통
48794,"전자청진기 1항목 구매(대테러,총포)",육군군수사령부,성도교역
48803,신앙상징물 4종 구매,육군본부,퍼스트원
48805,군번도장 등 523품목 구매 납품,제9227부대,우영상사
48806,21-153 동물용 심전도계 1품목,공군교육사령부,세명종합공구
48817,번개공원 환경개선 자재납품,제17보병사단,주식회사 지경이앤씨
48822,3단 진압봉 등 3종 구매,해군작전사령부,코리아O.A시스템
48823,종이컵 등 245종 구매,제8385부대,남부상사
48825,물티슈 등 47종,해군군수사령부,참조은
48828,21년 1차 축성도구 구매,제1군수지원사령부,대원상사
48839,엘보우류,지상공통전력운영계약팀,동진테크
48841,"'21년 병사식당 천장, 배기후드/덕트 청소",공군교육사령부,코리아드론 주식회사
48844,21-137 캐리어빅파우치 1품목,공군교육사령부,피앤에스
48845,서울지구병원 방충망 교체 설치납품,국군의무사령부,주식회사 부성이엔씨
48852,영내 순찰로 보강 설치납품,육군학생군사학교,주식회사 아토
48856,00부대 후생용품 구매,국방부근무지원단,다니엘기획
48858,제트스키 등 2종 구매,해군사관학교,전고스토어
48859,대대급 안전보호세트 구매,제2067부대,대박
48860,'21년 장병 안전보호세트 구매,육군항공사령부,케이에스 굿딜
48862,휴대용 수중통화기세트 1종 구매,해군군수사령부,다원지앤피
48864,"분쇄기, 추진장약용(시약분쇄기) 구매",해군군수사령부,주식회사남동
48865,"피스톤, 내연기관용 등 19종 구매",해군군수사령부,주식회사 칼라투
48872,"밴드,지지용",지상공통전력운영계약팀,오승산업
48881,에어콤프레샤 등 35종 구매,국방부계룡대근무지원단,가람주식회사
48882,21년 1연대 자산취득품목 구매,육군종합군수학교,주식회사 해피리빙
48885,21년 3연대 자산취득품목 구매,육군종합군수학교,유진시스템
48886,21년 2연대 자산취득품목 구매,육군종합군수학교,금강이엔씨
48888,21년 2분기 자산취득품목 구매,육군종합군수학교,주식회사 산수산업
48889,모의분석 워크스테이션 구매,육군보병학교,주식회사 혁찬
48890,21-090 에어콘 등 5종,공군사관학교,그린종합사무기
48900,외장HDD 등 91종 구매,제9911부대,아주
48911,오링 및 개스킷류,지상공통전력운영계약팀,시케이정밀
48916,21-51 탄약관리비품 14종 구매,공군제10전투비행단,주식회사 힌네엘엘예슈아티
48927,변압기 펄스용 등 3종 구매(21100),해군제1수리창,가나안상사
48933,[21-방공관제사-18] 체온계 2품목(비접촉/고막),공군방공관제사령부,케이(K) 마음
48940,스위칭 허브 등 220종,제7001부대,최고상사
48944,(긴급)개스킷 등 5종,해군군수사령부,조이스툴
48947,플라스틱판 등 3종 구매,해군군수사령부,주식회사 이음
48955,21년 전장순환훈련용 더미 구매 납품,육군 제37보병사단,주식회사 랩터스
48970,인식표용 튜브 및 고무링 세트,공군군수사령부,엠제이(MJ)인터내셔널
48972,"알루미늄 합금판 등 18품목 구매(108,114,116)",해군제1수리창,크로바상사
48980,대대급 안전보호세트 구매 계약,제1862부대,주식회사 스마트바이오
48982,전장순환용 더미 구매,제1862부대,(주)대용
48987,예비군부대 방진방역물자 통합구매(방진복 등 3종),제55보병사단,중앙
48988,21-해-저격수 풍속계 등 4종 구매,국군재정관리단,주식회사남동
48991,종이컵 등 211종 구매,해군사관학교,스마트무역
48994,가위 등 53품목 구매,해군군수사령부,성화종합상사
48998,전기레인지 5EA,제2002부대,제이알 인터내셔널(JR INTERNATIONAL)
49001,워키리프트,육군종합정비창,드림즈
49012,승용식 그린배토기 등 4종,제7001부대,(주)텍스코
49013,청소용 릴호스 1종 구매,해군군수사령부,크로바상사
49017,증류수생산기 1종 구매,해군군수사령부,케이위너스 주식회사
49020,21년 부대운영자재 구매,제2632부대,호성
49021,이지롱 등 114종 구매,제9911부대,주식회사 인투바이오
49022,"배드민턴, 근대5종 운동용품 구매",국군체육부대,비드커뮤니티
49023,야구부 훈련용품(가방 등 6종),국군체육부대,(주) 에이스티앤아이
49026,"(긴급) 고정물,전등용 등 3종 구매",해군군수사령부,강일에스티
49031,"호이스트, 체인식",지상공통전력운영계약팀,대창마린테크(주)
49035,고속단정(해병대용 및 해군용),지상공통전력운영계약팀,주식회사 우남마린
49038,분말소화기 등 12종 구매,자운대근무지원연대,상원HCC
49042,무릎보호대 등 593품목 구매,제9196부대,제이알
49044,루프혼 어셈블리 등 108품목 구매,제9196부대,한솔조경&청소용역
49047,'21년 정비취사 피복 납품(취사피복),제3군수지원여단,썸메이드 주식회사
49050,"교정기, 전력용",공군군수사령부,주식회사남동
49051,해군기 4호 게양기 등 12종 구매,해군군수사령부,리치세리네
49052,CD보관함 등 97종 구매,해군교육사령부,주식회사 대경코리아
49058,유가족 DNA시료채취 키트 제작 구매,국방부유해발굴감식단,주식회사 신일관리
49061,"(긴급) 냉각코일,공기식,통기관형 1종",해군군수사령부,디디인터내셔널
49067,'21년 방진마스크(1급) 구매,제 2167부대,천운
49068,빨간마후라 목티 등 7종,공군군수사령부,주식회사 더엔진
49077,대대급 안전보호세트 구매,제22보병사단,다온기업
49078,화재 잔불 진화 보호구 구매,제22보병사단,주식회사 휴먼앤매직
49083,휴대용 스크린 등 5품목 구매,제9691부대,우주상사주식회사
49085,승용식멀티스위퍼 등 15종 구매 납품,제9227부대,명사
49087,21-신호기 숫자1(4호)등 172품목,국군재정관리단,에이치디컴퍼니
49088,"21-전등 유니트,휴대용 1종 구매",국군재정관리단,조이스툴
49093,밀링머신,공군군수사령부,우주상사
49096,21-066 3단 진압봉 구매,수도방위사령부,인플레이
49097,"램프, 수은등 4EA 구매",해군군수사령부,햇임이상사
49129,21-1차 전장관리체계 구매,제7군단,파라닷컴
49131,워커리프트트럭 1SET 구매,해군군수사령부,디앤디산업
49132,초강력 순간접착제 등 506종 구매,해군작전사령부,유준닷컴
49133,21-061 정비피복 구매,수도방위사령부,주식회사 콩앤별
49134,00지역 안전물자 구매,제6군단사령부,채연통상
49143,철띠 등 35종 구매,제8385부대,영동상사
49145,함상복용 포제약장 등 29종 구매,해군군수사령부,시선컴퍼니
49147,(긴급) 팁 등 4종 구매,해군군수사령부,주식회사 이천
49150,"(긴급)엘보,보스용 등 8종",해군군수사령부,주식회사 대경전설
49157,"전동기, 교류용 등 3종 구매",해군군수사령부,케이에이치필룩스 주식회사
49166,유압식 돌리형 잭 등 5종,공군군수사령부,한창CM
49168,"암,조준구",지상공통전력운영계약팀,대창마린테크(주)
49170,리테이너류,지상공통전력운영계약팀,덕인산업
49172,인삼천 등 43종 구매 납품,제3283부대,코리아 상사
49173,병원커튼 4종 구매 설치(근-21-027),공군작사근무지원단,봄이네집
49174,21년 사진재료 구매,육군제53보병사단,호현글로벌
49177,고무아령 등 5품목 구매,제9196부대,매직트리
49178,(21-050) 플러그 등 27품목 구매,공군제18전투비행단,백명종합상사
49180,21 공군 로켓용 폭음통 구매,국군재정관리단,휴먼스화공(주)
49181,튜브구리스 등 153품목 구매(95),해군제1수리창,경기종합상사
49184,사각샘플셀 등 150종,제7001부대,주식회사 명일
49186,21년 대대 장병 안전보호세트,제2632부대,태현헤어샵
49187,(JSA-3) 판문점 반바지 구매,제1보병사단,미가온
49189,"변환기, 신호용",해군제3함대사령부,대건상사
49194,21-NTS 체계 성능개선(218009-A),국군재정관리단,(주)케이씨이아이
49214,전장관리체계 운용용품 구매,제2작전사령부,비차일드
49217,딱풀 등 140종 구매,제5738부대,희경상사
49218,21년 대대급 안전보호세트 구매,제15보병사단,드림즈
49224,21-057 경호물자 구매,수도방위사령부,주식회사 성우팜
49227,21-054 신발류 구매,수도방위사령부,주식회사 에스에스피앤디
49228,21-053 신사복 구매,수도방위사령부,에이프러스
49247,호스류,지상공통전력운영계약팀,티케이(T.K)테크
49248,저장대 등 11품목 구매,제9196부대,글로벌서점
49255,21-공-군견사료 구매,국군재정관리단,하나C&C
49260,전자차폐 여파기 1종 구매,해군군수사령부,경성유통
49269,안전수칙판 1종 구매,해군군수사령부,신성상사
49270,백면걸레 1종 구매,해군군수사령부,라온상사
49271,00부대 통신운영용품 구매,국군제1068부대,주만산업
49288,(21-43) 부대운영자재,공군제10전투비행단,작은불꽃
49295,윈드와샤물통 등 55종,공군군수사령부,중앙기업
49298,상급자용 요트 구매,해군사관학교,디와이테크
49300,"에어만년필피스 등 405종 2,940점 구매",제9121부대,효(HYO)컴퍼니
49301,독도오르골 등 6종,제7001부대,피앤에스
49302,배구지주 등 2종 구매,해군사관학교,미성종합상사
49303,제로이드 인텐시브 크림 등 72종,제2002부대,온케어메디홀주식회사
49310,안전보호세트 구매,제7군단,영진글로벌
49311,00부대 행사용 백색단화 구매,국방부근무지원단,(주)진양통상
49325,파병부대 A4 등 10품목 구매,육군군수사령부,인터쿡
49326,자동약포장지 등 9종 구매,국방부계룡대근무지원단,주마메디칼
49334,활주로 진공청소차,기동총괄계약팀,드래곤모터스 주식회사
49339,"벨트, V형 등 17종 구매",해군군수사령부,에이디 커머스
49347,일체형바벨 등 14품목 구매 납품,제3170부대,플랜비
49350,가감저항기 등 19종,해군제3함대사령부,동원샘물서부총판
49351,생물학 무기 진단키트 구매,국군화생방방호사령부,주식회사 남양메디칼
49357,전장순환 훈련용 더미 구매,제2632부대,정철상회
49359,리코일 스타터 등 261품목 구매구매,연평부대,제원솔루션
49364,"브래킷트, 축받침용 등 3종 구매",해군군수사령부,주식회사남동
49367,00함 탄약 승강기 정비,해군군수사령부,주식회사 일성이엔지
49368,전장순환식 훈련용 더미 구매,제5군단사령부,에스피엘테크 주식회사 (Spltech Inc.)
49369,155밀리 백색 추진장약 점화제 보호캡 등 2건 구매,육군 탄약지원사령부,한국케이엔티(주)
49370,액상황산알루미늄 등 9품목 구매,육군종합정비창,삼일이화학상사
49377,홍보용 에코텀블러 등 3품목,제9181부대,디에스컴(DS Com)
49378,니콘 렌즈후드 등 40품목,제9181부대,더플러스에셋 주식회사
49379,00부대 세면주머니(보충역용) 구매,육군훈련소,제이앤비
49386,변환 젠더 등 166품목 구매,제3170부대,효경상사
49387,21-21-FRP활대 등 179종,해군제2수리창,파코상사
49388,21-20-핸드탭 등 177종,해군제2수리창,나우 스페드
49392,빌지 감지기 등 20종,해군제3함대사령부,무진통상
49396,green stone point 등 152종 구매,해군작전사령부,효성메디
49397,21-COVE 체계 성능개선(208010-A),국군재정관리단,(주)세이프텍리서치
49402,위임-16 삼0지 진지 온수탱크 설치납품,수도방위사령부,깜장마켓
49407,20비-21-85 방염커튼,제20전투비행단,이루유통
49408,20비-21-77 솔더링 기술 실습 키트 등 2종,제20전투비행단,홍빈솔루션
49413,(217109-C) 안테나 제작용 자재(재료) 구매,국군재정관리단,하이이코리아
49422,농구부 훈련용품(농구화 등 12종),국군체육부대,주식회사 성우팜
49423,배구부 훈련용품(유니폼 등 7종),국군체육부대,푸른에스씨
49432,화재진화 보호구 구매,제1군수지원사령부,광진종합건재상사
49435,투명애니스탠드 등 580종 구매,제9911부대,주식회사 케이와이테크
49437,21년 소화기멜빵류,지상공통전력운영계약팀,삼부산업 주식회사
49445,열풍기 등 6종 구매 납품,제9227부대,선혜상사
49446,21-해-오보에 등 20종,국군재정관리단,주식회사 팬웨스트에스앤티
49453,송풍세척 캐비닛,공군군수사령부,에스상사
49454,카본브러쉬 1종 구매,해군군수사령부,영광상사
49456,전투교 에어리스(공압식) 등 5종 구매,해군교육사령부,피앤에스
49460,"(긴급) 작동기,유압식-공기식,회전형 등 2종 구매",해군군수사령부,국제전기
49464,안전헬멧 등 2종 구매,해군군수사령부,번개상사
49468,인젝터 등 32종 구매,해군군수사령부,주식회사 예인컴퍼니
49481,전조등 시험기,공군군수사령부,주식회사 픽서(Fixer)
49492,분리수거장 2식 제작 설치,제9227부대,주식회사 하엘이엔씨
49493,21-공-엑스선기 전치아 동시촬영기 구매,국군재정관리단,샤밧살롬
49508,경고등 등 142품목 구매,제9해병여단,주식회사 케이에스
49509,경고등 등 142품목 구매,제9해병여단,주식회사 케이에스
49513,21년 모의 로켓포드,화력총괄계약팀,우주산업플랜트 주식회사
49517,유수분리기,지상공통전력운영계약팀,거림엔지니어링(주)
49518,21-39 화상회의 용품 구매,공군제10전투비행단,주식회사 쉐마이스라엘
49535,구동축 등 4품목 구매(21067),해군제1수리창,남부상사
49539,방습제 등 51종 구매,해군군수사령부,주식회사조은기업
49543,(정통-체-4) 정보통신 운영지원 구매,제15보병사단,대성
49544,21년 유해발굴작전 물자구매(인-1)(AA-21013),제5보병사단,포빌컴퍼니
49545,문화상품권 3종 구매,해군교육사령부,주식회사보승글로벌
49546,비말차단막 80개 구매,해군사관학교,진재하우스
49552,"(긴급) 변환기, 신호용 1종 구매",해군군수사령부,파파테크
49553,"링, 지지용 등 7종 구매",해군군수사령부,동진상사
49557,전장순환훈련용 더미 구매,육군 탄약지원사령부,다온
49558,탄약 정비자재(155밀리 탄대보호환) 구매,육군 탄약지원사령부,담야
49562,청렴검사실 등 3종,공군군수사령부,주식회사 구정
49563,안압계 비접촉식 등 2종,공군군수사령부,이지프라자
49564,세척복 등 62종 구매,공군군수사령부,희망테크
49565,"변압기 펄스용 등 17품목 구매(4,83,84)",해군제1수리창,지원종합상사
49575,21-해병-각티슈 구매(218066-F),국군재정관리단,제컴퍼니
49581,21년 1급 방진마스크 구매,제1군수지원사령부,우리들생활안전 주식회사
49584,대대급 안전물자 구매,제3697부대,주식회사백운
49585,네임펜 등 106종 구매,제5738부대,시온
49586,심폐소생술 마네킹 등 2종 구매,제8385부대,주식회사 스타일강
49604,21-03-102 텀블러 1 품목,공군교육사령부,주식회사 북크로싱
49611,21-03-101 훈련단학과용가방(디지털백팩) 1품목,공군교육사령부,주식회사 반석
49612,21-03-102 텀블러 1 품목,공군교육사령부,주식회사 북크로싱
49613,밴(1¼톤 포 사격지휘소용_V-251K),기동총괄계약팀,동일쉘터시스템
49615,(긴급) 디스플레이 유닛 등 2종 구매,해군군수사령부,세종상사
49616,21-03-100 의장행사화 등 2 품목,공군교육사령부,주식회사 진주넷
49617,21-03-098(2) 인화점 시험기,공군교육사령부,솔루엔
49618,"21-03-098(1) 시험키트,석유용 1 품목",공군교육사령부,주식회사고봉
49622,국선카드 등 4품목 구매,제9181부대,충만
49625,(긴급) 디스플레이 유닛 1종 구매,해군군수사령부,세종상사
49628,21년 155밀리 모의적재훈련탄 등,지상공통전력운영계약팀,삼호정밀
49631,국립서울현충원 유골함(충혼당 및 묘역용) 구매,국립서울현충원,예솔도요
49632,국립서울현충원 유골함(충혼당 및 묘역용) 구매,국립서울현충원,예솔도요
49633,접착제 등 20종 구매,육군종합정비창,서진디스플레이 주식회사
49654,"땜질 합금, 은제 등 8품목 구매(21076)",해군제1수리창,영동상사
49657,대대장병 안전보호세트 구매,육군 제1포병여단,주식회사 공본
49663,결속가락지 2종 구매,해군군수사령부,티에스와이
49667,"가열소자, 전기식, 매입형 1종 구매",해군군수사령부,윤테크
49669,분광광도계 1종 구매,해군군수사령부,효성유통
49670,"혼, 신호용 등 4종 구매",해군군수사령부,가온
49672,"핀, 잠금용 등 4종 구매",해군군수사령부,티케이(T.K)테크
49679,"저울, 무게측정용",공군군수사령부,카피플라자
49683,항-21-007 (조종사용)청력 보호용 귀마개,공군사관학교,대경헬스케어
49688,철문도어록 등 89종,해군 기동함대사령부,외룡기프트
49693,(216092-E)줄날 구매,국군재정관리단,아시아산업
49695,(216076-D)방폭담요 구매(납품),국군재정관리단,주식회사 진우전자
49702,"계수기,전자식,숫자판독식",공군군수사령부,서연컴퍼니주식회사
49705,"21-16-교환날, 앞창 닦개용 등 9종",해군제2수리창,올파츠
49710,'21년 화재진압/위험물취급자 보호구 구매,제1보병사단,파주차일드
49711,00부대 전장순환훈련용 더미 구매 납품,제6755부대,삼보
49712,대대급 안전보호세트 구매,육군 제8군단,더지안(THE JIAN)
49713,21년 전장순환 훈련용 더미 구매,제75보병사단,주식회사 티앤제이커뮤니케이션
49718,공기샘플러 2SET 구매,해군군수사령부,주식회사 이음
49723,냉동기 유 등 2종 구매,해군군수사령부,필 글로벌(PHIL GLOBAL)
49724,대대급 안전물자 구매,제1989부대,매일유통
49733,개선행사복 2종,공군군수사령부,주식회사 메이크띵즈
49737,21-공-벤딩기 구매,국군재정관리단,포빌리언
49742,세척재료(강증유) 구매,제9196부대,범원실업
49743,전장순환훈련용 더미 구매,수도기계화보병사단,가람상사
49745,화재진압 보호구 구매,제3보병사단,영진기계설비
49746,모자 등 3품목 구매,제9196부대,콩컴퍼니
49749,21-해-전기적정밀시험기 구매,국군재정관리단,메르시엠
49750,21-공-자동혈구계산기(중형) 구매(21-005),국군재정관리단,이림에스엔티
49762,실내 청소차 구매,육군군수사령부,비케이 글로벌
49765,레벨콘트롤러 등 53종,제7001부대,국제안보상사
49766,활성탄 등 5종 구매,해군군수사령부,주식회사백운
49767,"천, 커튼용품 등 2종 구매",해군군수사령부,스카이 팡
49770,심폐소생술마네킹 등 2종 구매,제5738부대,주식회사 이음
49772,대대급 안전보호세트 구매,제2군단,지니컴퍼니
49777,"시험키트, 석유용 등 2종",해군제3함대사령부,삼호자원
49781,"교정기, 전압용 등 3종 구매",해군군수사령부,에스에이치(SH)
49787,"킷트, 소모성 등 2종 구매",해군군수사령부,대청물산
49794,세균배양기 등 4종,공군군수사령부,주식회사백운
49795,다중계기,공군군수사령부,이강문구
49797,잭 박스,지상공통전력운영계약팀,(주)토탈음향
49801,변기세척제 등 31종 구매,자운대근무지원연대,그린콘트롤(대전)
49814,00부대 상징 조형물(솔개상) 제작,국군제1068부대,주식회사 에스티엔
49817,1-7)영선반 긴급복구 자재구매(2),제28보병사단,중앙
49821,(조달) 21-1-27 RJ-45커넥터 등 36종 구매,제3훈련비행단,율시스템
49823,00부대 체계운영유지용품 구매(1차),육군과학화전투훈련단,주식회사 천광
49828,바이메탈 홀커터 등 61종 구매,자운대근무지원연대,엠제이컴퍼니
49834,(217081-D)윈도우7 보안패치SW 구매(납품),국군재정관리단,(주) 투데이게이트
49838,21-1차 00체계 운용품(전산용품) 구매,국방정보본부,연우벤쳐스
49839,"쉘타, 비전개식(2½사격지휘차용)",기동총괄계약팀,주식회사 신광테크놀러지
49840,"트럭, 1¼톤 통신가설차용",기동총괄계약팀,주식회사 신광테크놀러지
49843,21-K-극압구리스 등 8품목,제9181부대,씨앤엘
49844,21-K-헤드셋 등 29품목 구매,제9181부대,Basic Korea(베이직산업)
49845,21-K-제설함 등 17품목 구매,제9181부대,청운
49848,인식표용 튜브 및 고무링 등 2품목 구매,제3170부대,티씨씨엔지니어링(주)
49850,헤드셋 보관함 구매,제3707부대,(주)호형이엔지
49854,21-K-도어락 등 93품목 구매,제9181부대,파파테크
49856,초음파세척기 1종 구매,해군군수사령부,주식회사 에이에스씨
49857,2주식리프트 등 2종 구매,해군군수사령부,이지프라자
49860,21-사이버방호체계 도입(218054-A),국군재정관리단,한국통신인터넷기술(주)
49863,"(긴급) 사출기,제트식 1종",해군군수사령부,윤테크
49885,T자관 등 11종 구매,해군군수사령부,하나테크
49889,전대장실 쇼파 수선 등 22종,해군군수사령부,이안상사
49890,대대급 안전보호 세트 구매,제25보병사단,에프온에프
49892,(군-군-1) 21년 군장품 부착(오버로크),제15보병사단,바울빨래방
49893,"유도,하키,체조,사격이동반,근대5종 운동용품 구매",국군체육부대,명지사
49894,대장균검사비(총 대장균 킷) 구매,제25보병사단,(주)에스티앤비
49897,(긴급) 열 과 연기 감지기 등 4종,해군군수사령부,세라코
49903,"혼,신호용 등 3항목 구매(기장)",육군군수사령부,주식회사 세정엠티엘
49910,'21-2차 소방기구(분말소화기 3.3kg 등 4품목) 구매,국군의무사령부,(주)오일금속
49913,간이탄약고 보관함 등 5종 구매 납품,제9227부대,건천통신
49915,고무블럭 등 6품목 구매 설치,제9181부대,디지털소프트
49925,'21-2차 소방기구(인명구조기구세트) 구매,국군의무사령부,천테크 주식회사
49928,(군-재-2) 화재진화 보호구 구매,제15보병사단,칠성유통
49929,제빙기 등 4품목 구매,연평부대,(주)두굿이엔지
49933,[21-방공관제사-08] 전력계 2EA,공군방공관제사령부,한영엔터프라이즈
49936,디지털도어락 등 27종,제7001부대,주식회사 예운
49938,힌지 PIN 구매,제9911부대,우리테크
49939,자바라 컨베이어 8EA 구매,해군군수사령부,움찬
49941,대대 장병 안전보호세트 7종 구매,제2작전사령부,원유통
49946,"발생기, 신호용 2set 구매",해군군수사령부,그린포스주식회사
49949,면봉 등 50종 구매,육군종합정비창,선우상사
49950,자동차광용접맨보호판 등 12종 구매,육군종합정비창,선우상사
49957,공수훈련용 도르래 등 3종 구매 납품,제3283부대,으뜸컨설팅
49964,21년 후보생 운동모 구매 계약,육군부사관학교,에이디 커머스
49970,"21-광학 판독기,자료입력용 1종 구매",국군재정관리단,(주)상일기업
49985,"(긴급) 링,피스톤용 등 20종",해군군수사령부,신용상사
49986,"(긴급) 패킹,성형식 등 8종 구매",해군군수사령부,그린포스주식회사
49990,특수봉인지 1종 구매,해군군수사령부,조이모바일
49991,"브리지, 정전용량-저항용 구매",해군군수사령부,우리유통
50003,기능시험용 자재(연판) 구매,육군 탄약지원사령부,경북상사
50004,탄약 정비자재(81밀리 추진장약 보호주머니) 구매,육군 탄약지원사령부,비욘드종합상사
50007,헤드랜턴 1항목 구매(물자),육군군수사령부,엠제이 오피스
50012,"클램프,루프형 등 55항목 구매(일장)",육군군수사령부,대청물산
50014,"추, 평형용 등 33항목 구매",육군군수사령부,사회적협동조합 푸른하늘
50019,"코어, 방열기용 등 16품목 구매(57, 60)",해군제1수리창,월천테크
50026,(21-030) 위상계 1종,공군제5공중기동비행단,영성기업사
50028,와이어(헤라클레스) 등 57종,해군 기동함대사령부,동신정밀기계
50036,테이블 비말차단막 구매,해군사관학교,경북상사
50038,"전장순환 훈련용 ""더미"" 구매",제2군수지원여단,지앤지(G&G)
50041,장병용 안전보호세트 구매,제2군수지원여단,제이원텍
50045,21년 대대급 안전물자 세트구매,제75보병사단,에스에이치메디칼
50047,대대급 안전보호 셋트 구매,제9251부대,띠띠공방
50060,지오셀 등 3종 구매,해군작전사령부,움찬
50062,21년 축성도구 구매,육군 탄약지원사령부,천운
50063,"등, 선박항해용 등 15종",해군제3함대사령부,엠에스유통
50064,자동날크립기 등 354종,해군제3함대사령부,영암통상
50065,21-03-072 자동식기세척기 등 4 품목,공군교육사령부,다혁솔루션
50070,텀블러 등 8종 구매,해군사관학교,미래컴퍼니
50073,00작전용 소형 공압기 구매,육군 제1군단,인투필드(In2Field)
50075,21-00실 통신망 녹음체계 교체(리스물건)(218057-A),국군재정관리단,엠에스전자통신주식회사
50081,"두껑,보호용,접안렌즈용 등 5항목 구매(궤도)",육군군수사령부,태양산업
50085,"어댑터,직선형,튜브 및 보스 등 13항목 구매(궤도)",육군군수사령부,태한주식회사
50088,부쉬 등 9항목 구매(궤도),육군군수사령부,주식회사 케이이티
50091,"스페이서 세트,링형 등 16항목 구매(궤도)",육군군수사령부,(주) 영창기술원
50093,액상가성소다 등 2품목 구매,육군종합정비창,주식회사 니오졸케미칼
50097,단프라박스 등 22품목 구매 납품,제9227부대,소망상사
50098,21-059 스파크 플러그 173품목,공군사관학교,초코인터내셔널 주식회사
50100,"21 엑스레이필름현상기, 자동식  구매",국군재정관리단,주식회사 푸드나무
50110,입식비 세트 등 229종 구매,해군교육사령부,유준닷컴
50111,다목적 수세미 등 119종 구매,해군교육사령부,행복유통
50113,컷팅 안전 방안자 등 357종 구매,해군교육사령부,노블컴퍼니
50116,21-정수기 임차 계약,해군제2수리창,지구종합상사
50118,전장순환 훈련용 더미 구매,제8기동사단,에이블존
50119,분말소화기(4.5kg) 등 3종 구매(21-030),공군제15특수임무비행단,에스에이치테크
50121,[21-방공관제사-07] 분말소화기 등 7종,공군방공관제사령부,나우 스페드
50123,모바일 상품권 구매,국방부유해발굴감식단,바이시스(Byciss)
50126,표정지(제도지)_구매,지상공통전력운영계약팀,삼마상사
50127,천마 마찰판등4종 구매,육군종합정비창,DGI산업
50133,(216071-E)스캐너 구매,국군재정관리단,영종합상사
50138,항-21-010 광각안저사진기,공군사관학교,제이엠케이
50139,"시일 링 등 23품목 구매(21046, 21048)",해군제1수리창,가나안상사
50140,오피스연필 등 115종 구매,제5738부대,제우상사
50143,`21년 축성도구 자재 구매,제1288부대,대성
50147,"21009 / 플랫트 실링 등 44종 2,221점 구매",제9121부대,다올
50148,천연 홈내츄럴 디퓨저 등 128종 구매,해군본부,진영상사
50150,전기레인지 구매 설치,제5738부대,우리디지털테크
50152,알곤 등 7종 구매(검사비 포함),제8385부대,대일가스
50156,엘리먼트 1종 구매,해군군수사령부,대진상사
50158,하이플랜 등 1057종,해군군수사령부,(주)대원지엘에스
50159,"대검, 칼집포함다목적대검 278SET 구매",해군군수사령부,주식회사 에코비투
50160,"램프, 발광 다이오드 등 3종 구매",해군군수사령부,주식회사 푸드나무
50165,"헤드스탠드, X-선용 튜브",공군군수사령부,경북상사
50171,(일장) 다목적굴착기 부싱등 3종구매,육군종합정비창,진광사
50176,전장순환 훈련용 더미구매,육군제53보병사단,양덕문구프라자
50181,21-해군 표면경화기 구매,국군재정관리단,성도교역
50187,21-청상어 실사용 표적 등2종(218012-H),국군재정관리단,엘씨텍(주)
50188,해독제킷 보관함 구매,제9196부대,미경솔루션
50192,H-빔 등 4품목(21-08),해군제1수리창,청아철물설비
50207,"(긴급) 연결봉,피스톤용 등 5종",해군군수사령부,신아인프라
50208,무선단자 세트 등 5종 구매,해군군수사령부,대양전기공업(주)
50209,소음기 등 7종 구매,해군군수사령부,주식회사 제이에스원
50211,전압계 1set 구매,해군군수사령부,보광시스템
50212,그랜드 파킹 등 5종 구매,해군군수사령부,효원
50216,봉합재 등 118항목 구매(일장),육군군수사령부,금진산업
50218,"튜브,엘보우 등 47항목 구매(일장)",육군군수사령부,건일테크
50222,개스킷 등 29항목 구매(기장),육군군수사령부,주식회사 공후
50223,"레버,원격제어용 등 18항목 구매(기장)",육군군수사령부,(주) 영창기술원
50225,집초기 등 2종,공군군수사령부,퍼스트지비(FGB)
50233,21-042 동력행글라이더 3종,공군사관학교,우주항공산업 주식회사
50234,00보급단 바코드 스캐너 구매,육군군수사령부,주식회사 브라이트텍
50243,"(21년) 기관단총, 5.56MM, K1A",기동총괄계약팀,에스앤티모티브주식회사
50244,21년 축성도구 구매,제75보병사단,신화상사
50245,21-03-062 경량랙선반 등 9 품목,공군교육사령부,루텍(Rutec)
50246,(위임26차) 탄약정비공장 등 2개소 출입문 설치납품,제2군수지원여단,(주)기승건설
50247,오공본드 등 61종 구매,제5738부대,대방유통
50249,산불진압 보호구 구매,제25보병사단,주식회사 정상일렉콤
50250,"A형 포장박스 16,300개 제작 납품",해군교육사령부,진성
50253,보조릴레이 등 21종,해군제3함대사령부,신안유통
50270,21-1차 정보화예산 계약,제1862부대,플러스유통
50272,'21-1차 장서 구매,공군교육사령부,주식회사 이수케이
50274,(216047-F)모의분석실 전시체계 구매설치,국군재정관리단,소성정보기술 주식회사
50275,21-습식선체청락기 구매,국군재정관리단,하우돈유통
50278,00부대 전장순환 훈련용 더미 구매,육군훈련소,기어원(GearWon)
50279,21-11-신호용 변환기 10개,해군제2수리창,지니종합상사
50281,"벨트, V형 등 18종",해군제3함대사령부,죽교상사
50284,모의병기 구매,해군작전사령부,오박사 컴퍼니
50291,"레버,수동 제어식 등 6항목 구매(총포)",육군군수사령부,삼호정밀
50293,"백,섬유제(휴대주머니) 등 9항목 구매(총포)",육군군수사령부,대일산업
50300,콤보스파이럴탭 등 100종 구매,육군종합정비창,주식회사 성우
50303,천마 개스킷 구매,육군종합정비창,금송산업
50304,발칸 핀등5종 구매,육군종합정비창,동성SR
50305,발칸 와셔등12종 구매,육군종합정비창,에이치에스테크
50322,21년 1분기 자산취득품목 구매,육군종합군수학교,비엠코리아
50344,21년 원심분리기 소형혈액은행용등 2품목 구매,국군의무사령부,해냄코리아
50351,[21-06] 21년 전장순환훈련용 더미 구매(1),제6보병사단,이엔씨코리아
50353,슬라이드선반 도어부착형 캐비닛 등 3종 구매,해군교육사령부,헥사
50354,다목적 가위 등 68종 구매,해군교육사령부,진영통상
50356,코드링 등 73종 구매,제5738부대,조이풀기획
50357,리포트 파일 등 313종 구매,해군제3함대사령부,상동상사
50358,대대 안전보호세트 구매,제2307부대,자연
50359,DVD(82년생 김지영 등 36종) 구매,해군사관학교,에코로드
50362,[21-1006] 에트리디아졸 유제 외 14품목,공군제17전투비행단,한국농약
50363,안전벨트(고위치 작업자용) 1종 구매,해군군수사령부,명신종합상사
50365,경비함용 음탐기용 등 2종 구매,해군군수사령부,(주)화승소재
50367,"방현재, 선박용 등 4종 구매",해군군수사령부,주식회사남동
50378,에이드,제3군수지원여단,은혜미디어
50379,21-050 패러글라이더,공군사관학교,바오컴퍼니
50388,더블 PP 펀치레스 파일(상철) 등 354종,해군 기동함대사령부,알덱스이엔지
50402,밀대걸레 등 47종 구매,제9911부대,동진상사
50406,21-015 전장순환 훈련용 더미 구매,수도방위사령부,올라운드
50413,"계수기, 전자식, 숫자판독식 1set 구매",해군군수사령부,주식회사 디텍인스트루먼트
50423,21-033 소화기보관함 등 3종,공군사관학교,태영기획
50424,전장순환훈련용 마네킹 구매,제36보병사단,주식회사 메디시온
50431,'21년 전자칠판 구매,국군의무사령부,유진시스템
50438,스틸녹스 12.5mg 등 83품목 구매,해군교육사령부,아림팜
50439,SER-T-FY I(Normal control)등 14품목 구매,해군교육사령부,금서
50442,21-1차 전장관리체계 운영용품 구매,동원전력사령부,썬테크
50444,8핀 릴레이등 190종 구매,재경근무지원대대,삼원기획
50450,"발생기, 펄스용 2set 구매",해군군수사령부,주식회사보승글로벌
50453,리어카(몸체) 등 3종 구매,해군군수사령부,주식회사키온테크
50454,안테나 1종 구매,해군군수사령부,광성산업
50455,다중계기(10MHz) 3set 구매,해군군수사령부,아이케이(IK)
50456,청동 물변 감압변 1종 구매,해군군수사령부,기원상사
50457,전력계 등 2종 구매,해군군수사령부,소망상사
50464,자동호스 등 6종,공군군수사령부,희망테크
50465,스로틀 링키지 등 67종,공군군수사령부,다원
50478,포스트 잇 등 221종 구매,해군제3함대사령부,동원샘물유통
50483,티꽂이매트 등 71종 구매,제8385부대,어썸스토어
50484,휘핑머신 구매,제8385부대,청아철물설비
50485,사이드테이블 구매,제8385부대,청아철물설비
50534,치주과학 실습지침서 등 100종,국군의무학교,주식회사 북누리
50535,분말소화기 구매,자운대근무지원연대,동아기업
50547,제도샤프 등 346종 구매,제5738부대,제이에스컴퍼니
50549,속지 교환형 텀블러 구매,제25보병사단,에스비종합상사
50552,"(긴급) 고정물,전등용 등 3종 구매",해군군수사령부,신영에이텍
50558,커넥터(PLUG) 등 41종,해군군수사령부,제일테크
50569,"발생기,신호용 등 1항목 구매(통신)",육군군수사령부,주식회사 서경방송
50575,동명부대 CPR 포켓마스크 1항목 구매,육군군수사령부,사라의료기
50582,해병대 사복탁송용 박스 구매 납품,제3283부대,규선유통
50588,21-해-야전앰프 구매,국군재정관리단,SS종합상사
50592,21 공군 종이타올 구매(219013-D),국군재정관리단,디케이상사
50606,21-02-055 다대스푼 등 68품목,공군교육사령부,영인터내셔널
50607,"[무기고탄약고 출입통제시스템 부품] 전지,축전지 4종",공군군수사령부,케이에이치(KH)컴퍼니
50611,전장순환 훈련용 더미 구매,특수전사령부,만나기획
50612,대대급 안전물자 세트 구매,제1891부대,나래기업
50613,대대급 안전보호 세트 구매,제9보병사단사령부,행복가든
50615,'21년 1차 축성도구 구매,제1보병사단,오월이십구일
50616,21년 대대급 안전물자 세트 구매,제60보병사단,(주)경남종합개발
50619,'21년 축성재료 구매,제1891부대,동양아연금속공업사
50625,(긴급) 음성기록카드 1종 구매,해군군수사령부,쌔미쌔미
50629,테이블리프트 1종 구매,해군군수사령부,성화종합상사
50633,시추기 여과기 등 13항목 구매(일장),육군군수사령부,주식회사 케이제이
50638,"등,선박항해용 등 10항목 구매(일장)",육군군수사령부,주식회사 삼정전기
50640,"피스톤,내연기관용 등 2항목 구매(일장)",육군군수사령부,피에이치에스(PHS)
50645,오-링 등 21항목 구매(특무),육군군수사령부,삼호정밀
50648,"밴딩머신, 유압식 구매",육군종합정비창,주식회사 대건텔
50652,판형 초콜릿,제3군수지원여단,유한회사 미래환경
50657,VRC-946K 확성기 등 3항목 구매(통신),육군군수사령부,주식회사 세연인터내셔널
50663,PRC-999K 직접회로 등 57항목 구매(통신),육군군수사령부,그레이스기획
50669,"21-02-034 균형기,차륜형 등 8 품목",공군교육사령부,더블유엠
50676,포탄 조립체 등 3종 구매,해군군수사령부,엠에스상사
50677,클램프 등 19종 구매,해군군수사령부,나우 스페드
50684,전장순환 훈련용 더미(87개) 구매,제32보병사단,휴앤케어
50685,21008 / 배출포트 등 22종 646점 구매,제9121부대,세종상사
50693,(긴급) 컨트롤 전시기 1종 구매,해군군수사령부,윤테크
50699,강철조각 1종,해군군수사령부,바로산업
50702,알루미늄리벳 등 5종 구매,해군군수사령부,에스앤제이 엔지니어
50705,"땜질 합금, 은제 등 2종",해군군수사령부,바로산업
50706,이음쇠 등 5종 구매,해군군수사령부,동양아연금속공업사
50707,전장순환훈련용 더미 구매,제1989부대,피터코리아
50719,"호스,성형식 등 21항목 구매(기장)",육군군수사령부,소올산업
50725,제초제 등 5항목 구매(물자),육군군수사령부,주식회사 필드이엔지
50726,PP끈 등 17항목 구매(물자),육군군수사령부,주식회사 복은
50732,"고무펙킹등 31품목 구매(34,35,39,40)",해군제1수리창,(주)동건
50738,21-공-유류흡착롤 등 5종 구매,국군재정관리단,주식회사 범만테크
50751,예비군간부 비상근 사무실 냉.난방기 설치납품,동원전력사령부,베스트컨설팅
50752,소화기 등 4종 구매 (21-25),제20전투비행단,아름종합상사
50753,21년 신병 군장품 제작납품,제9보병사단사령부,한빛금속
50757,전장순환 훈련용 더미 구매,육군학생군사학교,제이제이
50769,'21년 영내자후식 에너지바 구매,제2군수지원여단,그린포미(Green for me)
50776,바니쉬 등 15품목 구매(21027),해군제1수리창,남부상사
50777,미끄럼방지안전장화 등 9종 구매,육군종합정비창,주식회사 성우
50806,결재판 등 206종 구매,제5738부대,주식회사 문화이야기
50808,결재판 등 400종 구매,해군사관학교,대광산업
50810,왕벚나무 등 3종,제7001부대,대광산업
50814,"(긴급) 변환기,가속도용 등 25종 구매",해군군수사령부,주식회사 부영상사
50820,'21년 영내자후식 에너지드링크 구매,제2군수지원여단,에스와이시너지
50828,21년 부대조달 후식(에너지바),육군제7789부대,루아INC
50849,분리형 들것 등 5종,국군의무학교,주식회사 제이엠메디칼
50850,해상작전화 등 7품목 구매,제9181부대,진영컴퍼니
50853,21-02-045 무선풀 등 17품목,공군교육사령부,신영물류
50854,공군 종이걸레 등 2종 구매,국군재정관리단,성도교역
50855,21-해-요소 등 35종 구매,국군재정관리단,한양화학상사
50865,21-8-드레인 라인 등 8종,해군제2수리창,소망산업
50867,21-6-전기식 매입형 가열소자 등 2종 제작,해군제2수리창,올파츠
50870,원형회전식탁 제작 납품,해군작전사령부,한성
50873,(긴급) 잠금와이어 등 36종 구매,해군군수사령부,비에스상사
50876,"(긴급) 램프,전계발광판용 1종",해군군수사령부,신동하이텍
50878,VHF 조난통신기 13set 구매,해군군수사령부,삼영이엔씨주식회사
50880,쥐마개(소) 등 2종 구매,해군군수사령부,이앤씨케이블 주식회사
50888,에어카플링잭 등 27종 구매,육군종합정비창,선우상사
50889,폭염대비 디지털온도계 등 9품목 구매,제9181부대,채움컴퍼니
50898,"와이어,전기용 등 54종 구매(15,23,24,32,33)",해군제1수리창,에이스통상
50899,21-1차 비품 구매(소화기 등 8종),국군수송사령부,팔복5112
50901,수영부 운동용품 구매,국군체육부대,전고스토어
50902,야구부 훈련용품(유니폼 등 13종),국군체육부대,진진트레이딩
50903,00제거작전 소형공압기 구매,수도군단,태영
50906,(긴급) 개스킷 등 19종 구매,해군군수사령부,대원상사
50909,(긴급) 시트 등 2종 구매,해군군수사령부,강원상사
50910,안테나 70PM 등 4종 구매,해군군수사령부,드림비즈 주식회사
50913,스냅화일 케이스 등 257종,해군 기동함대사령부,알파유통 주식회사
50919,비파괴검사 기자재 구매,육군 탄약지원사령부,새물결
50920,"시험소켓,소화기탐지용 1품목 구매(18)",해군제1수리창,지원종합상사
50924,플루톨라닐입상수화제 등 10품목 구매,제9227부대,주식회사 그린에코
50930,[21-0011] 세탁물 건조기 외 1품목,공군제17전투비행단,세림상사 주식회사
50933,스위칭허브 등 238종,제7001부대,최고상사
50935,전장순환 훈련용 더미 구매,제25보병사단,대광종합상사
50939,21-018 분말소화기 4.5kg 등 3종 구매,공군사관학교,다리산업
50940,플라스틱링 제본기 등 17품목 구매,제9691부대,경기모아상사
50944,"(긴급) 표시기,기상제원용 1종",해군군수사령부,경북상사
50945,(긴급) 개스킷 등 10종 구매,해군군수사령부,가나안상사
50947,"콘덴서, 냉각용 1종",해군군수사령부,세종상사
50948,반투막 등 11종 구매,해군군수사령부,신영에이텍
50953,래커에어로졸 등 8종 구매,해군군수사령부,가온리테일
50957,원추형 풍속기 등 2항목 구매(물자),육군군수사령부,대웅상사
50958,도어락 등 35종 구매(21-02),해군제1수리창,에이치에스물산
50959,"전압계 등 27종 구매(14,17,21)",해군제1수리창,한웅종합건자재
50966,총대장균 간이검출시약 등 2종,해군 기동함대사령부,신제주스포츠
50967,랜툴 등 264종 구매,해군 기동함대사령부,연평기프트
50969,고압세척기 등 14종 구매 납품,제3283부대,주식회사 아침
50975,페브리즈 등 27종 구매,해군사관학교,도스패밀리
50978,스텐평식기 구매,제3170부대,주식회사 바른프린테크
50980,순간접착제 등 22종 구매,육군종합정비창,삼일이화학상사
50982,스티커제거제 등 8종 구매,육군종합정비창,주식회사 창원상사
50983,에칠알콜 등 24종 구매,육군종합정비창,마창케미칼 주식회사
50984,황산 등 11종 구매,육군종합정비창,마창케미칼 주식회사
50985,탈지제 등 6종 구매,육군종합정비창,마창케미칼 주식회사
50986,아질산나트륨 등 19종 구매,육군종합정비창,삼일이화학상사
50988,카보닌 등 12종 구매,육군종합정비창,삼일이화학상사
50990,앞면보호면 등 140종 구매,육군종합정비창,지앤와이일렉텍(주)
51003,21년 정비피복(10종)구매,제60보병사단,지에프(GF)유통
51004,엡손롤인화지 등 912종(1분기 통합구매),제7001부대,자인비
51006,"피라클로스트로빈, 클로르탈로닐(액상수화제) 등 8종",제7001부대,영우물산
51018,테스트튜브 등 130종 구매,제5738부대,해성사
51020,냉매 등 385품목 구매,제9691부대,세인트
51022,무선철 아교 등 84품목 구매,제9691부대,제이예스
51024,제트스트림 등 629품목 구매,제9691부대,예찬컴퍼니
51027,실리카 섬유포직 등 6종 구매,해군군수사령부,선민상사
51028,인터쿨러 1종 구매,해군군수사령부,조인
51029,클리어화일 등 496종 구매,해군본부,주식회사 엘케이테크
51035,Charging Corona Unit 등 52종 구매,해군본부,주식회사 엘케이테크
51036,"등,아군식별용 등 3종 구매",국군재정관리단,주식회사 컴버스테크
51039,탄약 정비자재(60밀리 추진장약 보호 주머니) 구매,육군 탄약지원사령부,주식회사 예운
51042,21-5-터보과급기 용 하우징 등 3종 구매,해군제2수리창,두성물산
51045,인덱스탭 등 476종 구매,해군작전사령부,호이(HOI)
51047,학군단 학과출장용가방 200개 구매,해군교육사령부,경남상사
51049,바둑판 등 19종,제7001부대,엔씨
51051,집성판 등 3종,해군군수사령부,희현코퍼레이션
51052,폴리퍼티 등 10종,해군군수사령부,윤테크
51055,링 22EA 구매,해군군수사령부,자이림
51057,155밀리 추진장약 점화제 보호캡 8호 구매,육군 탄약지원사령부,주식회사 칼라투
51060,플라스틱브러쉬 등 50종 구매,육군종합정비창,주식회사 창원상사
51064,절연면테프 등 18종 구매,육군종합정비창,포워드림
51065,연마포 등 14종 구매,육군종합정비창,나우 스페드
51066,인서트 팁 등 117종 구매,육군종합정비창,나우 스페드
51067,연마지 등 25종 구매,육군종합정비창,주식회사 지엘엔지니어링
51070,에어호스 등 45종 구매,육군종합정비창,태일공구종합상사
51074,방진마스크 등 6종 구매,육군종합정비창,래이컴퍼니
51077,[21-10] 소화기 등 2종 구매,공군제10전투비행단,(주)오일금속
51078,(21-004) BS사각맨홀 제작 납품,공군제18전투비행단,이지컴퍼니
51079,[21-10] 소화기 등 2종 구매,공군제10전투비행단,(주)오일금속
51080,현창 등 2종 구매,해군군수사령부,주식회사 예운
51088,방-21-03 사격표적 및 표적기(소형표적기 완제품),공군미사일방어사령부,두루미
51089,차아염소산칼슘 등 5항목 구매(물자),육군군수사령부,선호하우징
51092,컷팅매트 등 334종 구매,제8385부대,알파동해점
51093,어라운드 뷰 등 7종 구매/설치,해군제3함대사령부,오피스디포 목포점
51097,이발실 2인용 쇼파좌판 수선 등 14종,해군군수사령부,리얼컴
51105,인공눈물 등 47품목 구매,제9691부대,아림팜
51110,"디스플레이,광전자식 1종 구매",해군군수사령부,윤테크
51112,체인 등 2종 구매,해군군수사령부,지그인더스트리
51120,공마대 등 5종 구매,육군종합정비창,우리산업
51121,각반 등 17종,육군종합정비창,주식회사 성우
51122,동절기귀마개 등 14종,육군종합정비창,주식회사 성우
51123,도화용붓 등 54종 구매,육군종합정비창,선우상사
51124,가제수입포 등 6종 구매,육군종합정비창,협성산업사
51135,해병대 편지지 등 294종 구매 납품,제3283부대,대성상사
51158,운전회로기판 등 64품목 구매,제3170부대,대박상사
51162,세탁망 등 7품목 구매,제3170부대,예찬인터네셔날
51163,국통 등14품목 구매,제3170부대,매직시스
51191,전자도어락 등 262종 구매 납품,제3283부대,남산유통
51210,'21년 부대조달 후식 에너지바 구매,제1군수지원사령부,풀무원샘물(주)
51234,'21년 부대조달 후식 에너지바 구매,제1군수지원사령부,풀무원샘물(주)
51237,"산탄총(12게이지, 조수퇴치용)",공군군수사령부,심산물산
51240,울트라셋 세미정 등 90정,제2002부대,(주)파이안약품
51246,인화지 등 488품목 구매,제9해병여단,영신상사
51253,평면 실링 등 10종 구매,해군군수사령부,주식회사남동
51262,잠수경 등 2항목 구매(물자),육군군수사령부,(주)플러스모던
51263,안면보호기 등 4항목 구매(물자),육군군수사령부,지니몰
51265,국기함 등 2항목 구매(물자),육군군수사령부,경기모아상사
51269,다련장 개스킷등6종 구매,육군종합정비창,세진파트
51273,블라인트 25EA 구매,해군 기동함대사령부,오도유통
51274,21년 군마 건초 구매,육군사관학교,밀 바이오텍
51276,(216004-C) 21년 냉각수 첨가제 구매,국군재정관리단,주식회사 한빛테크
51278,국자 등 60품목 구매,제9181부대,쌔미쌔미
51282,공마대 등 3종 구매,제8385부대,프리마인
51283,보행매트 등 2종 구매,제8385부대,사이
51287,체인 등 2종,제7001부대,대진상사
51288,토션비트 등 48종 구매,제9911부대,정샵
51289,스테인레스 절단석 등 7종 구매,제9911부대,동진상사
51295,수풀벨크로 등 15종,해군군수사령부,주식회사 성민종합산업
51296,점보크립 등 11종,해군군수사령부,해비치
51297,콤비네이션 스퀘어 세트 등 40종,해군군수사령부,주식회사 태촌실업
51299,21-1차 축성도구 구매(AA-21001),제5보병사단,채윤상사
51300,오렌지 등 14종 구매,제8385부대,유진상사
51308,PP박스 8종 구매,육군종합정비창,(주)플러스모던
51311,21년 신교대 이름표 자수 계약,제3보병사단,대웅마트
51326,"비석면판, 압축식 등 3종",해군군수사령부,(주)종로인더스트리
51328,유해발굴 수습물자 스펀지 등 14종 구매,국방부유해발굴감식단,피엠코리아
51333,21-1차 해병대 모병홍보품 구매,제9691부대,디에스컴(DS Com)
51334,"임펠러,수원지용 1종 구매",해군군수사령부,윤서상사
51350,2인쇼파 수선 등 7종,해군군수사령부,제이에스컴퍼니
51352,문화상품권 통합 구매,해군군수사령부,로쏘
51357,태극기 정기 등 2품목 구매,해군군수사령부,영진글로벌
51358,신호발생기 1SET 구매,해군군수사령부,보광시스템
51359,힌지 등 11종 구매,해군군수사령부,한서유통
51365,21-구두솔 등5종 구매,국군재정관리단,일동테크
51368,21-1차 본크리트 등 36종 구매,해군교육사령부,삼일상사
51370,인식표용 튜브 및 고무링 구매,제3170부대,태영시스템
51386,멸치 분말가루 구매,해군군수사령부,핸드메이드 초대점
51394,'21년 이발소 이발기계 등 94종,국방부계룡대근무지원단,자몽
51396,'21년 이발소 이발기계 등 94종,국방부계룡대근무지원단,자몽
51400,내추럴그린 물티슈 등 148종 구매,제9121부대,(주)원진
51405,소형진동다짐기 1SET 구매,해군군수사령부,한서유통
51406,안압계 비접촉성 등 2종 구매,해군군수사령부,주리마켓
51408,마취기 야전용 1종 구매,해군군수사령부,주식회사 연서
51421,"시트, 수세식변기용 등 12품목 구매",해군군수사령부,케이(K) 마음
51423,스위트콘 구매,해군군수사령부,삼진유통
51425,"램프,전계발광 판용 1종 구매",해군군수사령부,주식회사 대경전설
51443,디스플레이 유닛 등 1종 구매,해군군수사령부,경북상사
51445,스크램블 에그 구매,해군군수사령부,에코
51446,안테나 등 7종 구매,해군군수사령부,삼영이엔씨주식회사
51448,고무판 등 12종 구매,해군군수사령부,주식회사 휴콤
51455,물통(플라스틱) 등 7항목 구매(물자),육군군수사령부,쓰리지엠
51456,"수레,수동식,원통형 등 6항목 구매(물자)",육군군수사령부,삼마상사
51462,'21년 석가탄신일 마카롱 구매,제2군수지원여단,(주)조이푸드
51463,전기레인지 등 3종 구매,제9911부대,모빅
51464,콤파스 등 852종 구매,제8385부대,오피스상사
51467,방진 마스크 등 42종 구매,제8385부대,에이스통상
51471,종이컵 등 532종 구매,제5738부대,주식회사 문화이야기
51472,수성롤러 등 190종 구매,제8385부대,영동문구센타
51480,코팅필름 등 281종 구매,제9121부대,주식회사 동화스틸
51488,00보급단 표준저장대 설치 납품,육군군수사령부,바인시스템
51497,원심분리기 대형 등 2종 구매,해군군수사령부,주식회사 천화
51498,청력계 임피던스용 1종 구매,해군군수사령부,MK메디칼
51512,냉동후라이 구매,해군군수사령부,농협김치영업소
51517,세면기 연결호스 등 3종 구매,해군군수사령부,주식회사 제이디글로벌
51526,해외파병부대 마스크 구매,육군군수사령부,주식회사 광주종합관리
51530,'21년 백령도(개선식) 구매 납품,제9196부대,웅진식품주식회사
51563,꼬리표 등 3항목 구매,육군군수사령부,이수
51572,'21년 계룡스파텔 호텔용품 구매,육군인사사령부,주식회사조은기업
51573,"AIP수소 25,622CZ 구매",제9121부대,창신가스(주)
51584,손세척대 등 3종 구매,해군군수사령부,다홍문화
51585,거봉 등 14종 구매,해군군수사령부,행복유통
51621,DGPS 안테나 등 2종 구매,해군군수사령부,에스앤제이 엔지니어
51625,슬림액자 A4 등 444종 구매,제9911부대,주식회사 은총
51643,흡인기 이동식 등 3종 구매,해군군수사령부,희송컴퍼니
51649,웹캠 및 이어폰 구매,해군사관학교,휴먼테크
51668,승조원 수납장 수선 등 20종,해군군수사령부,포빌리언
51675,(20-888) 605수송대대 통합배선,제5군단사령부,대신네트웍스(주)
51680,"회전자, 전동기용 구매",해군군수사령부,주식회사 칼라투
51694,가지 등 86종,제7001부대,케어트리
51697,117 예비군훈련대 개편(통합배선),제6128부대,(주)현진하이테크
51699,22-41차 부대구매(인플루엔자진단키트),제1862부대,카페그루터기
51700,체단장 스킨 등 42품목 구매,제9691부대,용인컴퓨터편의점
51705,헬멧부속재,미래전력사업전력운영계약팀,삼부산업 주식회사
51796,중하중스틸그레이팅 등 4종,제5738부대,한덕철강 주식회사
51804,중소형함용 측심기 1SET 구매,해군군수사령부,디에이치산업
51821,22년 00부대 화상회의체계 보강 물품구매,제2작전사령부,도진상사
51833,가지등 86종 구매,제7001부대,지(g)-마트
51835,의장 예식도 15EA 구매,해군군수사령부,주식회사 인젠
51843,ATCIS체계 운용용품 구매,제2307부대,주식회사 거목조경
51847,안전보조물자 구매,제8278부대,주식회사 제 일
51859,[22-0260] 적층랙,공군제17전투비행단,남촌산업
51861,간부숙소 전자제품 구매(22-23차),육군 제1군단,에이치이에이치
51862,디지털 사진인화기 구매,국군지휘통신사령부,주식회사  지티씨
51870,22년 정비 및 취사피복 계약(2),제3보병사단,(주) 한영디자인
51889,22-국-00본부 화상회의체계 구매설치,국군재정관리단,주식회사 에스엠엔지니어링
51901,'23년 국내 및 국외 간행물 구독,국방대학교,제이티
51902,"가열 총,전기식 1개 구매",해군제2수리창,이제이코퍼레이션
51911,"모니터,출입통제체계 등 통합금융리스",국군제1068부대,오릭스캐피탈코리아(주)
51928,22-해-내화비밀보관함 등 36품목 구매,국군재정관리단,금성스쿨
51933,무열마을 방범창 설치납품,제2작전사령부,남선기공사
51955,22년 3차 부대구매(독감 및 자가키트) 구매,제3보병사단,주식회사 희성
51972,101정보통신단 관급(리프트),육군 제1군단,현지유통
51979,22년 추가특식 에너지바 구매,제1군수지원사령부,이레축산
51992,RJ45커넥터 등 41종(22-411),공군제19전투비행단,제이에스컴퍼니
52017,훈련용 팔꿈치 및 무릎보호대 구매,육군부사관학교,주식회사 대성안전개발
52025,동계 긴급복구자재 구매(진행잔액),제5보병사단,정민테크
52029,스쿼트랙 등 7종 구매,제8385부대,씨에스상사
52033,'22년 후반기 K체계 운용품 구매,국군지휘통신사령부,에스디(SD)유통
52039,티셔츠 등 12종 구매,해군본부,대성
52040,피아식별 IR 구매,해군본부,알토란상사
52041,진압봉 구매,해군본부,헤세드
52049,'22년 안전 물자세트 구매(안전벨트 등 6품목),육군보병학교,유한회사 다연
52054,물자보관용 PP박스 구매,동원전력사령부,송강교역
52070,22년 컨베이어 토스트기 구매,제8기동사단,썬파인
52072,"22-393, 00대대, 쇼파 등 10종",공군 제8전투비행단,동해상사
52076,22년 125대대 더좋은 병영식당 식기류 구매,제8기동사단,호석유통
52081,UPS 구매,국군화생방방호사령부,주식회사경송에너텍
52092,[울산광역시]127여단 전자감응 헤드셋 구매 계약,육군제53보병사단,엠에스컴퍼니
52102,평와셔 등 74종 구매,제9911부대,보라별
52107,네임팬 등 29종 구매,해군사관학교,경나라
52111,원격검침 납품 설치,제5738부대,주식회사 경북기업
52118,22년 디지털포렌식 SW 라이센스 갱신,국방부조사본부,주식회사 인섹사이버시큐리티
52119,방역복 구매,국군화생방방호사령부,나니까(NANIKA)
52122,미생물 검사셋 구매,국군화생방방호사령부,은성유통
52128,후생용구(이발기계 등 5종) 계약,제3보병사단,영진
52140,훈련장 cctv설치납품,제8278부대,주식회사 희성
52146,22-140-수송중대-알로이 휠 등 19종,공군제38전투비행전대,자희
52150,티눈밴드 등 67품목 구매,제9227부대,(주)인큐브벤처스
52152,00체계 스토리지용량 증설물품구매,4284부대,(주)이젠정보통신
52154,00지역 노후방열기 교체,육군부사관학교,유한회사 드림위즈
52160,"유조차(4,000G/A)",기동총괄계약팀,정우정공주식회사
52163,IP교환기 기기인증서(TLS) 등 3종 구매,제9911부대,만능유한회사
52169,00훈련대 야자매트 구매 납품,육군 52보병사단,주식회사 도담
52170,신형 월경방지 경고판 교체,제1862부대,웅진산업개발(주)
52186,OO부대 더 좋은 병영식당 물자 구매(22-172),수도방위사령부,주식회사 소낙
52187,(육성) 예비군물자 보관용 PP박스 구매(서울),육군 52보병사단,조왕스텐
52188,(육성) 예비군물자 보관용 PP박스 구매(경기),육군 52보병사단,주식회사 정진산업
52192,4분기 통합구매(접착제거제 등 273종),해군사관학교,루어잡화점
52205,위병소/검문소 장애물 구매,제11기동사단,윤진 주식회사
52210,4분기 통합구매(충전기 등 198종),해군사관학교,석천산업
52217,22년 재난 및 안전관리 물자(대형양수기) 설치/납품,5군수지원사령부,태산
52219,22-11차 신속항원키트 (전문가용) 구매,제2군단,주식회사 휴먼앤매직
52242,야자매트 등 4품목 구매,제9181부대,오즈
52246,샤프심 등 46종 구매,제9121부대,영해
52250,에폭시퍼티 등 145품목 구매,제3170부대,주식회사 트리월드
52254,물소화기 및 워킹스탭 등 4품목 구매,제9181부대,윤샘
52259,"30발탄창파우치 1,148EA 구매",해군군수사령부,부림산업
52265,22-공-전자감응식 헤드셋 추가 구매(229179-F),국군재정관리단,와이에스컨설팅
52268,블루투스 이어폰 구매,해군본부,주식회사 원아방
52274,축구공 등 6품목 구매,제9181부대,필유통상사
52279,분리수거함 등 2종 구매,제2002부대,주식회사 헤이치 인 헤이치(H in H)
52283,TOOL SET 등 81품목 구매,제3170부대,마중물
52290,활주로 진공청소차,항공기총괄계약팀,리텍 주식회사
52318,Army-TIGER 전투실험부대 출입통제체계 설치납품,제25보병사단,대신네트웍스주식회사
52322,22-해병-강화 간부숙소(자동제어),제9181부대,주식회사 서번
52323,충전식 백팩브로워 등 2품목 구매,제9691부대,뉴엠에프코리아
52329,어라운드뷰 등 2종 구매,제8385부대,주식회사 더블제이에스
52333,전자게시판 등 5종 구매,해군제3함대사령부,삼호자원
52334,예식견장 등 3종 구매,해군사관학교,주식회사청천뉴테크
52336,워셔액 등 84종 구매,제7001부대,주식회사 한로드이엔씨
52351,예비군훈련대 사격장 피탄지 교체,제3697부대,서연컴퍼니주식회사
52354,사격부 훈련용품(이동반 사격복 등 7종)구매,국군체육부대,주식회사 신한기업
52355,종목별 훈련용품(셔틀콕 등 5종)구매,국군체육부대,제이엠비 컴퍼니
52361,22-2차 00부대 전장관리체계 운영용품 구매,제2작전사령부,수성
52363,"벨트, V형 등 23종 구매(214)",해군제1수리창,상승물산
52366,대대급 안전물자세트 구매 계약,육군 제8군단,부강상사
52372,와이밴드 등 2종 구매,해군사관학교,주식회사 해피코리아
52373,베개 등 4종 구매,해군사관학교,주식회사 씨에스상사
52374,과학화 예비군훈련대 실내사격장 피탄지보강 구매,제55보병사단,주식회사 연서
52378,행진 훈련용 점퍼 등 3종 구매,해군본부,씨에이치컴퍼니
52387,kcc마이텍스 등 127종 구매,제9911부대,홈트리
52389,식중독지수알리미 구매,제9911부대,유진시스템
52390,남선후라이팬 등 32종 구매,제9911부대,난다정
52391,예초기 등 2종 구매,제2002부대,팀버젠
52392,충전식 브로워 등 4품목 구매,연평부대,에스디피
52393,노크식형광펜 등 171종 구매,해군교육사령부,와이에스통상
52397,피카티니레일 구매,제3170부대,큰센바람
52398,바리케이트 구매,국방부계룡대근무지원단,(주)우리디자인
52399,로큐니움50mg/5ml 등 28종 구매,제7001부대,아이앤비케어 주식회사
52400,봉합사 바이크릴1-0 등 103종 구매,제7001부대,(주)씨오에스
52403,주장완장 등 9종 구매,제7001부대,효원
52409,"해군 리본, 소매용 400,000CM 구매",해군군수사령부,주식회사 돌섬
52411,(긴급)열 및 연기감지기 등 2종,해군군수사령부,세라코
52429,22-해병-김포 간부숙소(자동제어),제9181부대,주식회사 내일솔루션
52433,22-5차 소방기구(인명구조세트) 구매,국군의무사령부,동진산업
52442,전해셀 등 6종 구매,해군교육사령부,주식회사 유진기업
52450,22-136호 토류판 등 116종 구매,해군작전사령부,금호기술(주)
52454,22-139호 냉동기 등 3종 구매,해군작전사령부,선우블라인드 커튼
52456,아세이드액 875ml 등 8종 구매,제7001부대,티엠이바이오 주식회사
52459,관사 및 간부숙소 일산화탄소 경보기 설치납품,제17보병사단,이강욱
52461,[인천시]병영식당 조리기구 및 식기류 구매,제17보병사단,더드림
52462,[경기도 김포시]병영식당 조리기구 및 식기류 구매,제17보병사단,나나상회
52465,SER-T-FY2 등 15종 구매,해군교육사령부,효성메디
52468,발라렉스 등 64종 구매,해군교육사령부,우분트팜 주식회사
52471,오렌지 등 8종 구매,해군 기동함대사령부,제주푸른컴퍼니
52475,육포 등 7종 구매,해군 기동함대사령부,참좋은사람들
52498,Acecide checker 등 228종 구매,제7001부대,레오
52504,(긴급) 플렉시블 등 24종,해군군수사령부,토탈marine
52509,22-10차 더 좋은 병영식당 조리기구 및 식기류 구매,제2군수지원여단,세이플러스
52516,22-해-농업용 트랙터 3set 구매,국군재정관리단,(주)오성인피니티
52524,22-191 일산화탄소 경보기 구매,수도방위사령부,제이나르샤
52529,에쿠스 매트 등 14종,재경근무지원대대,주식회사 한강만수
52531,결재판 등 19종,재경근무지원대대,엔에이치코리아
52533,작업테이블 등 10종,해군제3함대사령부,넥스트목포점
52542,더좋은병영식당 식기류 구매,제8278부대,정컴퍼니
52549,충전식 브로워 등 2품목 구매,제9181부대,시대종합전기(주)
52551,톤백마대 등 10품목 구매,연평부대,소이
52555,00부대 포장 및 치장재료 구매,지상작전사령부,윤이도담
52557,탄약관리지원사업(바리게이트 등 6종 구매),육군제7789부대,클릭바이 엠알오
52558,탄약관리지원사업(이정표 등 4종) 구매,육군제7789부대,불토스
52559,"탄약관리사업 예초기, 살포기 구매",육군제7789부대,주식회사 정성글로벌
52564,출입통제 단말기 구매,제9해병여단,영종합상사
52572,장보고-III Batch-I 전력화지원요소 계류지원정 건조,한국형잠수함총괄계약팀,고려조선 주식회사
52573,해병-3단 자동우산 구매,제9691부대,에이앤알(A&R)
52574,더 좋은 병영식당 자산취득비 구매,제3보병사단,강원상사
52576,음압호스 등 3종 구매,제9965부대,삼보기업
52578,K-2 어댑터 구매,육군과학화전투훈련단,유나컴퍼니
52579,22-해-추종형 물류로봇 등 2종 구매,국군재정관리단,(주)마로로봇 테크
52585,(227415-D)기도확보마네킨 등 3품목 구매,국군재정관리단,더펜상사주식회사
52586,(227403-D)'22년 후반기 A · J체계 운용품 구매,국군재정관리단,메가프로
52587,22-덕-경호용 방탄가방 구매,제9691부대,지지올레
52589,22-덕-현장종합 수사세트 구매,제9691부대,주식회사 모든통상
52598,헤드셋 등 343종 구매,제9121부대,스타CNS
52599,DVD(경관의 피 등 57종) 구매,제9121부대,하나계기상사
52603,충전콤보세트 등 36품목 구매,제9181부대,보배
52612,디지털 사이니지 구매,국군화생방방호사령부,와이제이씨엔에스 주식회사
52621,젭슨 차트 구매(22-264),공군제15특수임무비행단,(주)베스틴무역
52624,22년 후반기 2차 체계운영유지용품구매,육군과학화전투훈련단,작은창고 (Tiny Warehouse)
52626,'22년 물자획득(오븐기) 설치납품,육군제53보병사단,주식회사 티에스케이
52633,(22G167-A)ATCIS 2차 성능개량 테스트베드 금융리스,국군재정관리단,오릭스캐피탈코리아(주)
52640,고소 작업대 구매,해군군수사령부,주식회사 금경
52642,대검보관함 등 3품목 구매,제9227부대,다원메이트
52643,축구공 등 9품목 구매,제9227부대,월드모아
52646,종이컵 등 476종 구매,제5738부대,대경산업
52649,코팅필름 등 943종 구매,제5738부대,선우테크
52650,22년 3사교 부대기 구매 계약,육군3사관학교,충성센타
52654,'22년 오성마을 전자도어락 구매,5군수지원사령부,주식회사 템솔
52674,골프카 등 2종 구매,제7001부대,EJ산업
52675,네임펜 등 443종 구매,해군교육사령부,루쓰
52679,22-11-374 알루미늄판 등 3품목,공군교육사령부,하하유통
52680,22-11-379 도식락용기(5칸) 등 7품목,공군교육사령부,삼일상사
52696,"(긴급) 비석면판,압축식 등 4종",해군군수사령부,경진테크
52697,(긴급) 동 조인트 티 등 62종,해군군수사령부,경진테크
52707,130층 나무집 등 124종,해군본부,이젠진상사
52715,1600CC 하이브리드 승용차 구매,국군수송사령부,기아 주식회사
52718,방진마스크 등 193품목 구매,제9181부대,모다잇
52720,22년 더좋은 병영식당 식기류 구매,제8기동사단,주영 디엔에스
52721,범퍼 등 23종 구매(211),해군제1수리창,수주종합상사
52722,파워에어호스 등 16종 구매,제9121부대,주식회사 유진기업
52723,22-10-342 위험물 보관함 등 10품목,공군교육사령부,정민플러스
52729,축구공 등 34종 구매,제7001부대,제나비즈
52730,"스마토 보호복 등 1,269종",해군군수사령부,마니
52731,인덕션 등 2종 구매,제5738부대,주식회사 신한기업
52732,핸드워시 리필용 등 295종 구매,제5738부대,시온
52733,접시머리 등 5종 구매,제5738부대,기쁨상사
52735,어라운드뷰 설치,제5738부대,더니즈
52736,아우라 자동향분사기 세트 등 24종 구매,제5738부대,이성우-성도종합중기
52737,샤워기 헤드 등 119종 구매,제5738부대,포항케이피엘(KPL)
52738,설국 등 192종 구매,제5738부대,(주)포항자재
52740,'22년 군견훈련소 특수임무피복 구매,육군교육사령부,(주)에이스네트웍스
52742,"[인천 서구,연수구]병영식당 조리기구 및 식기류 구매",제17보병사단,테크원
52743,디지털 평판 커팅기 구매,육군종합정비창,프린트폴
52747,22년 후반기 국가기술자격검정 실기시험 재료 구매,육군제7163부대,썬블루
52758,"표시기, 온도측정용 1종",해군군수사령부,토탈marine
52762,22-124호 물류관리용라벨 등 676종 구매,해군작전사령부,영해
52768,냉방기 설치납품(보-물-022),육군 제1군단,넥스케이드
52769,000지역 키폰교환기 교체납품,국군지휘통신사령부,(주)라인
52770,[22-C95]이발용품 구매계약,제6보병사단,삼영사무기
52774,"가열기, 온수용, 전기식 등 3종 구매(207)",해군제1수리창,유진물산
52777,전동 연필깎이 등 504종 구매,제2002부대,툴데포
52778,22-8차 신속항원진단키트 구매,제9보병사단사령부,(주)캐스트 원
52780,태블릿 케이스 구매,해군사관학교,두리
52784,순간접착제 등 168종 구매,해군 기동함대사령부,신우기업
52789,열쇠보관함 등 155종 구매,해군대학,클라크지게차클린판매
52792,발광 다이오드 등 26종,해군제3함대사령부,달성상사
52795,22년 대대급 안전보호세트 구매,제51보병사단,한경
52800,(조달) 22-4-216 안저사진기 1품목 구매,제3훈련비행단,대광산업
52804,(공-092) 붙박이장 등 4종,국방부계룡대근무지원단,피오코리아
52805,20비 22-326-전동카트 구매,제20전투비행단,매직트리
52812,20비 22-326-전동카트 구매,제20전투비행단,매직트리
52813,(조달) 22-3-153 전원부 등 9품목 구매,제3훈련비행단,동진산업
52815,티꽂이 매트 등 2종 구매,육군인사사령부,주식회사 창세기일장일절
52818,언어를 디자인하라 등 30종 구매,제2002부대,에스와이
52819,22-11-369 유랍램 1품목,공군교육사령부,하나유통
52821,액션캠 구매,제9121부대,하나계기상사
52834,육각기세트 등 252종 구매,해군 기동함대사령부,알덱스이엔지
52835,봉합링 등 18종 구매,제9121부대,스마트테크
52837,쿨러 인서트 등 2종 구매,제9121부대,신영물류
52842,(긴급) 스트라이커 플레이트 등 17종,해군군수사령부,주식회사 경쓰
52860,마름모 형상물 등 2종 구매,해군제2수리창,이제이코퍼레이션
52863,경호안전검측 물자 구매,국군제1068부대,참존
52869,22-120호 00부대 상선기 등 245종 구매,해군작전사령부,더나은
52887,발칸 판 등 10종 구매,육군종합정비창,디에스테크
52888,발칸 개스킷 등 13종 구매,육군종합정비창,디에스테크
52889,발칸 시트 등 4종 구매,육군종합정비창,현대정밀가스켓
52890,발칸 와셔 등 11종 구매,육군종합정비창,디에스테크
52891,총포 플러그 등 7종 구매,육군종합정비창,주안산업
52896,(22-131) 코로나 신속항원키트 등 2종 구매,공군제18전투비행단,주식회사 제타플러스
52903,'22년 군견 사료 구매,육군교육사령부,라니컴퍼니
52907,트럼펫 등 2종 구매,해군교육사령부,자희
52908,꽹과리(맞춤쇠) 등 7종 구매,해군교육사령부,자희
52909,'22년 배토사 구매,제8385부대,씨에스상사
52910,인명구조함 등 2종 구매,제8385부대,수지유통
52912,SMATO 작업등 등 131종 구매,해군 기동함대사령부,재아
52913,00부대 블랙박스 2종 구매,국방부근무지원단,경성유통
52916,"(긴급)제어유닛, 조속기용 1종",해군군수사령부,옐로우큐브
52917,후드사파리 쟈켓 156EA 구매,해군군수사령부,주식회사 진원이앤아이
52920,(긴급)해수감압변(32A) 등 16종,해군군수사령부,한국상사
52921,"(긴급)표시기,점검,액체용 등 7종",해군군수사령부,제일테크
52927,22년 부대 HDMI 매트릭스 구매 계약,제1891부대,(주)콜사인테크놀러지
52928,[22-C96]신속항원검사키트 구매계약,제6보병사단,서연컴퍼니주식회사
52932,삼단봉 40EA,해군본부,주식회사 씨티원 충남
52939,만능솔 등 357종 구매,제9121부대,꽃길유통
52944,PM 인화점 시험기용 CRM 등 32종,해군군수사령부,주식회사 제이디글로벌
52947,충전식 그라인더,해군제3함대사령부,주식회사 오비엔
52949,기호판 등 68품목 구매,제3170부대,바론산업개발
52950,파워엠프 등 3종 구매,제9911부대,씨에스컴퍼니
52952,축구공 등 51종 구매,해군 기동함대사령부,천진유통
52953,불편한 편의점2 등 43종 673권 구매,제5738부대,이노애드
52955,4분기 통합발주,제5738부대,미가
52960,스텐유압호스 등 15종 구매(201),해군제1수리창,천곡철물상사
52961,"다이얼 깊이 게이지 등 13종 구매(22-14,16)",해군제1수리창,씨에스상사
52962,"저울, 무게측정용 등 4종 구매(200)",해군제1수리창,조양상사
52963,손목보호대 등 55종 구매(199),해군제1수리창,백명종합상사
52973,종이컵 등 367품목 구매,제9해병여단,연평기프트
52974,22년 식기 구매(4찬형 식판 등 3개품목),육군보병학교,대성종합상사
52984,DVD(귀문 등 52종) 구매,해군사관학교,합성문고
52985,샌딩페이퍼 등 124종 구매,해군 기동함대사령부,영신상사
52986,스텐뜰채 등 46종 구매,해군 기동함대사령부,우도바이크
52988,3사교 홍보전광판 자재구매 및 설치납품,육군3사관학교,실크로드
52990,"(긴급)걸쇠,조임용 등 7종 구매",해군군수사령부,주식회사 이음
52994,우산 등 2종,해군본부,케이앤즈
52995,2023년 해군 탁상달력 제작,해군본부,광진문화사
53006,"전관용 앰프(120W, 360W) 구매",제9보병사단사령부,엔피비코리아
53011,ABS M30 Filament  등 23종,해군제3함대사령부,달성상사
53012,(긴급)팁 등 3종 구매,해군군수사령부,엔플
53013,"(긴급)스터드,평형 등 7종 구매",해군군수사령부,메트로마린서비스
53014,"(긴급)교정기,주파수용 등 11종 구매",해군군수사령부,동진기업
53020,22-115호 세탁건조기 1종 구매,해군작전사령부,다모아
53021,잠수물자 구매,제9965부대,청명상사
53026,22-공-원자흡광광도계 등 3종 구매,국군재정관리단,태화기업
53034,봉인납(알루미늄) 등 247종 구매,제5738부대,일동테크
53035,가로 쓰레받이 세트4호 등 3종 구매,제5738부대,인터네셔널 컴퍼니
53037,22-113호 타카핀 등 176종 구매,해군작전사령부,주니어비
53039,알루미늄 커팅자 등 67종 구매,제7001부대,주식회사 제이디글로벌
53041,과학화훈련장 쇄석 구매,제28보병사단,이즈컴넷
53042,양면슬림 커팅매트 121종 구매,해군 기동함대사령부,하나유통
53050,줄(평형) 등 266종,해군제3함대사령부,케이아이유통
53060,22-112호 동계트레이닝복 세트 등 2종 구매,해군작전사령부,미래테크
53061,검독수리-B B-II 1~4번함 건조,함정총괄계약팀,(주)에이치제이중공업
53063,22-해-헤드셋 1종 구매,국군재정관리단,우진
53068,22-덕-비밀보관함 구매,제9691부대,싸원드(SSWD)
53077,22년 소방기구 12종 구매,국방부근무지원단,주식회사 시그널아이씨티
53078,온장고 등 2종 구매 설치,제9121부대,국일광고산업
53079,자석 홀더 등 121종 구매,제9121부대,주식회사 부명
53082,에폭시 코팅 키트 등 12종 구매,제9121부대,우진
53083,"(긴급)페룰,압축용,튜브이음용 등 13종 구매",해군군수사령부,노브식스
53084,(긴급)오-링 등 24종 구매,해군군수사령부,아이테크
53088,"구급대(디지털무늬) 3,000EA 구매",해군군수사령부,태림산업
53092,22-7차 정보통신운영용품 구매,제1989부대,선우기업
53098,휴대용 마킹건 구매,육군 탄약지원사령부,효선
53104,22-110호 대전함 함역사관 설치,해군작전사령부,유한회사 엔디클릭
53111,22-해-정지 필 유니트 구매,국군재정관리단,벤딩캐리어주식회사
53112,22-덕-결재판 등 1298품목 통합구매,제9691부대,베야비스타
53117,판금쟈키 등 3종 구매,제5738부대,조은기업
53118,대대급 안전보호세트 구매,제22보병사단,히린
53122,현대크린 종이컵 등 398종 구매,제7001부대,스마트테크
53124,망치 등 42종 구매,제9911부대,주식회사 천일
53125,22-109호 포항함 함역사관 설치,해군작전사령부,(주)나노디자인그룹
53127,함수품(태극기 정기 등 66품목) 구매,제9196부대,제이앤컴퍼니
53130,서귀포호텔 매트리스 구매,국군복지단,난
53134,(2263565-D)자동납땜제거기 구매,국군재정관리단,주식회사보승글로벌
53138,덤벨아령 등 7종,해군본부,세계로상사
53150,(227404-E) NGS 유전자검사 시약재료 구매,국군재정관리단,(주)에이치엔에스바이오
53152,22년 4분기 실습재료비 구매의뢰,육군3사관학교,청림
53158,형광펜 등 172품목 구매,제9227부대,한일컴퍼니
53161,흰색포제 등 4종,해군군수사령부,달타니앙
53164,"축,선박추진용 등 8종 구매",해군제2수리창,GM테크
53165,신호변환기 등 6종 구매,해군제2수리창,이서환경
53167,"(긴급) 경보기,시청각식 등 4종 구매",해군군수사령부,한국상사
53171,슬립링 구매(198),해군제1수리창,강원상사
53176,결재판 등 475종 구매,해군본부,함초롬
53190,압력기록계 시계 등 8종 구매,제8385부대,(주)동건
53193,공업용 포장랩 등 18종,해군군수사령부,제이엔엠(J&M)
53194,탈의실 구매,해군군수사령부,반도
53195,전자올겐세트 등 5종 구매,제7001부대,제이엔
53198,실습마네킹 구매,제7001부대,하나메디칼
53202,포장끈 등 528종 구매,해군교육사령부,재현종합상사
53208,(긴급)인젝터 1종,해군군수사령부,에스엠컴퍼니
53210,(긴급)팁 등 11종,해군군수사령부,제로테크
53212,"(긴급) 전극, 용접용 등 9종",해군군수사령부,동우철강(주)
53218,(화공) 주물사 5호 등 2종구매,육군종합정비창,마창케미칼 주식회사
53224,투명 D링 바인더 등 59종 구매,해군 기동함대사령부,신제주스포츠
53225,다운라이트 등 6종 구매,국방부계룡대근무지원단,미르라이프
53239,"22년 핸드카트,포충기구매의뢰",육군제7163부대,불토스
53242,윤활방청제 등 121종 구매,해군제2수리창,휴이
53244,크린가드 보호복 등 30종 구매,해군제2수리창,파파테크
53245,바닥광택기 및 세척기 구매,국군제1068부대,주식회사 정성글로벌
53247,오링 등 23종 구매,해군제2수리창,GM테크
53249,철띠 등 163종 구매,제8385부대,알파동해점
53254,충전 그라인더 등 19종 구매,해군제2수리창,민 하이테크
53262,낙뢰감지기 구매,육군 탄약지원사령부,일진기획
53265,물수 22-108호 현대크랩 종이컵 등 583종 구매,해군작전사령부,엔와이커머스
53267,K77지휘차 호스 등 13종 구매,육군종합정비창,신기산업
53271,"전자제품(110V전용, UL인증품) 4종 구매",한미연합군사령부,바인시스템
53273,그린캠프 노후분전함 설치납품,육군제53보병사단,(주)대원이엔지
53274,신암소초 노후온수탱크 설치납품,육군제53보병사단,필 글로벌(PHIL GLOBAL)
53288,온장고 구매,국군제1068부대,비티컴주식회사
53289,K급 소화기 구매,제1891부대,주식회사 연서
53293,축구공 등 22종 구매,해군사관학교,주식회사 서진컨설팅
53294,'22년 더 좋은 병영식당 조리기구 구매 계약,제75보병사단,우아컴퍼니
53295,병영식당 조리기구 및 식기류 구매,제7군단,산하
53296,리튬 구리스 등 65종 구매,해군제3함대사령부,천마유통
53298,컨베이어토스터기 구매,국군제1068부대,RDTECH
53305,11월 부대계약 (어육가공품류),제1862부대,(주)해도식품
53311,검독수리-B B-II 1~4번함 건조,함정총괄계약팀,(주)에이치제이중공업
53314,(자재) 진공포장지 등 23종 구매,육군종합정비창,선우테크
53319,22-해병-간이탄약보관함 등 9종 구매,국군재정관리단,라온책방
53326,리프렌 캡슐 등 70종 구매,제5738부대,포인트팜
53327,종이컵 등 184종 구매,제5738부대,경북그래픽
53329,에어 석션팁 등 42종 구매,제5738부대,금목화물산
53331,페이스 쉴드 등 5종 구매,제5738부대,에스제이유통
53332,기름걸레 등 23종 구매,제5738부대,(주)포항자재
53334,책장 등 5종 구매,해군제3함대사령부,삼호자원
53335,산불진화복 2종 구매,해군제3함대사령부,주식회사보림
53337,22-4차 더좋은병영식당 세출예산 구매계약(현지),제6보병사단,삼성컴포터블가구
53339,전기이발기 등 2종 구매,해군교육사령부,수빈사
53342,CONTROL CABLE 등 30종 구매,제9911부대,작은불꽃
53343,ET-SLMP128 LAMP 등 18종 구매,제9911부대,윤샘
53345,22-10-327 자외선 살균 램프 등 113품목,공군교육사령부,대광산업
53347,PVC 노출박스 등 125종 구매,제7001부대,애플민트
53352,'23년 홍보용 달력 제작,국군복지단,명보사
53360,플라스틱 스틸 퍼티A 등 195종 구매(189),해군제1수리창,필라델피아사이언티픽 솔루션
53361,22-2차 자가진단키트 구매,제9보병사단사령부,씨에이치 로지테크
53365,피코퓨즈 등 118종 구매,해군제2수리창,에스제이유통
53371,양궁부 훈련용품(화살 사프트 등 4종)구매,국군체육부대,정가네잡화점
53372,육상부 훈련용품(스쿼트 렉 등 12종)구매,국군체육부대,공자실업
53373,사이클부 훈련용품(시합용 바퀴 등 4종)구매,국군체육부대,유니스제이
53376,충전용 무선인두기 등 29종 구매,해군제2수리창,덕신
53377,슬링벨트 등 53종 구매,해군제2수리창,희망교역
53380,투명 지퍼백 등 10종,해군군수사령부,현대시스템
53384,"(긴급) 감압변(25A),주강 등 3종 구매",해군군수사령부,대선테크
53386,(긴급) 커플링 등 3종 구매,해군군수사령부,토탈marine
53394,"트럭,수송용(7톤)",기동총괄계약팀,주식회사 와풀
53408,손 세정제 구매,제3170부대,아이콘
53411,일물 22-106호 스쿼트 랙 등 35종 구매,해군작전사령부,주식회사 케이기업
53412,"와이어,전기용 등 6종 구매",해군제2수리창,휴이
53414,아령세트 등 6종,해군군수사령부,동산 주식회사
53415,윗몸일으키기대 등 11종,해군군수사령부,다원
53417,중량물 적재대 등 29종,해군군수사령부,셀박스
53418,냉각용기 등 4종 구매,해군군수사령부,(주)동건
53428,견인 고리 1항목 구매(일장),육군군수사령부,우복테크
53429,DC컨트롤러 구매(188),해군제1수리창,영동상사
53430,다용도 발판 등 44종 구매(22-23),해군제1수리창,주식회사 더블유엠씨산업개발
53432,후반기 체계운영유지용품 구매,육군과학화전투훈련단,주식회사 세경
53437,흡지 바퀴롤러 등 2종 제작/구매,국방출판지원단,주식회사 성은공조
53444,조립식망치 등 311종 구매(185),해군제1수리창,마이트
53451,샤프 등 274품목 구매,제9181부대,원당상회
53452,00부대 연합화상회의용 코덱 구매,지상작전사령부,한국이엠에스(주)
53454,전신형 방역용 보호복 구매,육군 제1군단,오늘도 득템
53460,Pitot/Static Test Adapter Set 구매,제5738부대,디에이치산업
53461,스테인 등 12종 구매(187),해군제1수리창,호야
53462,조립식망치 등 311종 구매(185),해군제1수리창,마이트
53465,대테러용 작전화 51EA 구매,해군군수사령부,디에이치산업
53467,스테인 등 12종 구매(187),해군제1수리창,호야
53476,위임 00부대 통문 자동개폐기 자재구매,제17보병사단,주식회사 우석건설산업
53478,소형버스 어라운드뷰 세트 구매,제9911부대,레드박스
53484,오링 등 17종 구매,제9121부대,최고상사
53490,작업대 등 3종 구매,해군제2수리창,지니종합상사
53491,4구형 토스트기 등 5종 구매,해군제3함대사령부,오피스넥스목포영암점
53493,(22군책-대38)00부대 야적지 차양대 자재 구매,종합보급창,엘림네트웍스 주식회사
53497,"(긴급)시일, 밀봉형 등 4종",해군군수사령부,한국상사
53503,고리형 하이박스 등 10종 구매(22-12),해군제1수리창,대광종합상사
53504,테프론배선 등 10종 구매(22-13),해군제1수리창,주식회사 더블제이에스
53510,3D 입체퍼즐 등 12종 구매,해군교육사령부,한빛정보시스템
53511,도수용 포장랩 구매,제1군수지원사령부,스타커넥트
53513,문화상품권 구매,제9911부대,유진시스템
53520,RJ-45 등 25종,해군본부,주식회사 헤움
53526,수성펜 등 607품목 구매,제3170부대,네오상사
53528,야전 배낭 등 4종 구매,제7001부대,주식회사 와이에이제일
53529,체인 등 4종 구매,제7001부대,신일상사
53532,해상들것 등 2종 구매,제8385부대,청아철물설비
53533,긴척추고정판 등 2종 구매,제8385부대,청아철물설비
53536,X매립식 리프트 구매,국군제1068부대,충이네트워크
53538,벽시계 등 202품목 구매,제9해병여단,외룡기프트
53539,(긴급)기판  등 7종,해군군수사령부,대선테크
53543,"(긴급) 계기판,경보,선박용 등 3종 구매",해군군수사령부,일호컴퍼니
53544,(긴급) 개스킷 등 9종 구매,해군군수사령부,에스엔컴퍼니
53549,(화공) 코아딕실등17종 구매,육군종합정비창,지앤와이일렉텍(주)
53553,자수 패치 열쇠 고리 등 2동,해군본부,주식회사 경쓰
53565,PKO 군사전문가과정 교육용 물자 구매,국방대학교,이젠진상사
53566,생리식염수 등 99종 구매,해군교육사령부,지인헬스케어 주식회사
53570,귀마개 등  34종,해군제3함대사령부,무림오피스웨이목포점
53577,예열 플러그 등 2항목 구매(기장),육군군수사령부,신기산업
53588,22-공-전력계 등 21종 구매,국군재정관리단,주식회사 에코비투
53590,22-공-전동카트 구매,국군재정관리단,주식회사 제이에프
53595,"와셔, 잠금식 등 23종 구매(177,178)",해군제1수리창,대원상사
53600,1급 방진마스크 구매(2차),제1군수지원사령부,목요일
53601,정전기방지매트 등 178종 구매,제8385부대,알파동해점
53606,"(긴급)핀,토글용,유두형 등 15종",해군군수사령부,선호하우징
53610,2주식 리프트 1EA 구매,해군군수사령부,에스엔컴퍼니
53615,개스킷 등 14종 구매(183),해군제1수리창,수주종합상사
53616,IGBT 구매(180),해군제1수리창,디이에이치
53626,22년 병영식당 식기류 구매 계약,제5925부대,우공산업
53632,리오롤 등 33종 구매,제9911부대,정상네트웍스
53633,"22-9차 신속항원진단키트(전문가용, 자가용) 구매",제2군단,엠플러스코리아(Mpluskorea)
53639,야자매트 등 2종 구매,해군 기동함대사령부,가람스토어
53648,장성기,국방부계룡대근무지원단,연래아
53652,청소재료(변기세척제 등 18종) 구매,자운대근무지원연대,에스엠테크
53661,여자축구부 훈련용품(휘트니스 매트 등 16종)구매,국군체육부대,주식회사 이음
53662,체조부 훈련용품(철봉)구매,국군체육부대,유니버스
53686,동판머그컵 등 4종,해군본부,영산업
53696,[22-C82]더좋은 병영식당 세출예산 구매계약(비조달),제6보병사단,서진글로벌
53701,디스플레이 유닛 등 19종 구매,해군제2수리창,희망교역
53704,22-00부대 IP교환기 라이센스 구매설치,연평부대,주식회사 씨앤티
53706,예초기 구매,연평부대,주식회사 티원산업
53710,핸드젯 마킹기 등 2품목 구매,제9181부대,티엠에스(TMS)
53712,(긴급)디스플레이 유닛 1종 구매,해군군수사령부,제이디건설기계 주식회사
53713,(긴급)보안면 등 248종,해군군수사령부,주식회사 윈에스테크
53718,컴뱃셔츠 등 2종 구매,해군군수사령부,와이디컴퍼니
53720,해군기 등 16품목 구매,해군군수사령부,큐큐이엔지
53722,흑색요대 등 2종 구매,해군군수사령부,우주상사
53723,전기 자전거 구매,육군 탄약지원사령부,노원 상사
53728,파워 그립 플러스 등 181종 구매,해군 기동함대사령부,티에스 상사
53730,"(22-352) 천평,분석용 1종",공군제5공중기동비행단,영성기업사
53731,네임펜 6색 등 23종 구매,해군 기동함대사령부,신제주스포츠
53732,소방기구(분말소화기 등 13종) 구매,자운대근무지원연대,대교산업
53735,(226369-C)스캐너 구매,국군재정관리단,더블유텍
53742,신속항원진단키트(전문가용) 구매 (3차),제1군수지원사령부,주식회사 일동
53745,인젝터 등 6종 구매,해군제2수리창,파코상사
53753,22년 무반동총 광학기재,지상공통전력운영계약팀,주식회사 시그니처와이케이고
53765,표본수집키트 구매,국군화생방방호사령부,디앤에이(DNA)
53766,WMD 제거작전물자세트,국군화생방방호사령부,만물대장
53780,칫솔케이스 등 2품목 구매,제3170부대,두나무조경
53781,세탁망 구매,제3170부대,리더산업필터
53787,(화공) 황산등6종 구매,육군종합정비창,주식회사 에이에스씨
53789,(화공) 록타이트401등5종 구매,육군종합정비창,그린존
53790,(화공) 이형제등16종 구매,육군종합정비창,태양이엔지 주식회사
53800,톤백마대수거대 등 4종 구매,제9911부대,공리사
53801,스핀싸이클 등 2종,제7001부대,강영 주식회사
53805,구리양극봉 등 12종 구매,해군제2수리창,주식회사 엠에스유통
53806,(군-군-13) 병영식당 취시기구(소도구) 구매,제15보병사단,전우사
53810,고속단정용 고무튜브 등 7종 구매,해군제2수리창,창진종합상사
53811,디스플레이유닛 등 4종 구매,해군제2수리창,동 인
53812,"표시기,방위방향용 등 5종 구매",해군제2수리창,주식회사 참좋은
53815,23년 벽걸이 달력 제작,해군사관학교,대전인재사
53816,23년 탁상 달력 제작,해군사관학교,주식회사 리컴퍼니
53831,22-1차 안전관리자 TF 진단물자 구매,제11기동사단,한길상사
53834,투명라벨 등 437종 구매,해군 기동함대사령부,알파유통 주식회사
53836,23년 정보월력 제작,제9965부대,미다운
53839,에어릴 등 22종 구매,제9911부대,정직한은디
53844,소독용 티슈 등 3종 구매,제7001부대,주성해
53847,톤백마대 등 78종,해군작전사령부,리코
53853,(긴급)라인 등 5종,해군군수사령부,리치컴퍼니
53854,"(긴급) 단말기,위성통신용 1종 구매",해군군수사령부,구륙전기
53855,"(긴급)변환기, 디지털-아날로그 변환용 등 2종",해군군수사령부,제이에스컴퍼니
53856,동계취사복 등 3종 구매,해군군수사령부,주식회사 이수케이
53857,"방진마스크 6,030EA 구매",해군군수사령부,다옴유통
53858,(긴급) 정류자 등 7종,해군군수사령부,에스와이테크
53859,(긴급)잡용 수분제거기 등 5종,해군군수사령부,토탈marine
53864,안전보호용품(방독마스크 등 4종) 구매,육군 탄약지원사령부,주식회사 신우
53867,"고정물, 전등용 등 3종 구매(174)",해군제1수리창,수주종합상사
53868,사각창 등 3종 구매(173),해군제1수리창,수지유통
53870,K77지휘차 감지기 구매,육군종합정비창,주식회사 아산에스앤테크
53873,클리어바인더 등 131종 구매,해군 기동함대사령부,신제주스포츠
53882,22-3차 정보화예산 집행,제1862부대,다트원주점
53888,(226092-C) 방탄방패 구매,국군재정관리단,씨원
53904,분할 고정구 등 7종 구매,공군군수사령부,주식회사 템솔
53912,개스킷 등 3종,해군제3함대사령부,죽교상사
53913,00부대 태극기 등 9종 88점 구매,국군제1068부대,고은상사
53926,(긴급)고정자 등 4종,해군군수사령부,주식회사 이음
53935,종이컵 등 859종,해군군수사령부,소망상사
53938,행사 마스크 구매,해군사관학교,훈엠알오
53942,출동용박스 등 3품목 구매,제3170부대,동아광고산업
53950,"(긴급) 등,경보용 등 5종 구매",해군군수사령부,주식회사남동
53952,(긴급) 개스킷 등 51종 구매,해군군수사령부,엘에스글로벌
53961,TICN 10톤 리프트,우주지휘통신총괄계약팀,(주)도원에코텍
53971,자외선 램프 등 7종,해군군수사령부,제나비즈
53978,파레트 랩핑기,해군군수사령부,영해
53981,가로기 등 5종 구매,해군사관학교,센텀
53988,"(긴급)벨트, 평면형 등 15종",해군군수사령부,더펜상사주식회사
53990,와셔 등 6종 구매(170),해군제1수리창,수지유통
53996,휴대용 자동혈압계 등 6종 구매,해군 기동함대사령부,주식회사 더원메디텍
54009,"울산급 Batch-III 후속함(3, 4번함) 건조",함정총괄계약팀,에스케이오션플랜트(주)
54018,먼지제거제 등 477종,해군제3함대사령부,에스제이세라믹스
54021,라핑 엔드밀 등 57종,해군제3함대사령부,오피스넥스목포
54031,"(226118-C) 들것,접는형,단단한막대식 등 구매",국군재정관리단,태화기업
54042,22-5차 정보통신운영지원비 예산집행,제15보병사단,주식회사 만경
54047,"전극, 용접용 등 8종 구매(166)",해군제1수리창,영동상사
54052,"전극, 용접용 등 8종 구매(166)",해군제1수리창,영동상사
54064,기초잠수 착용물자 구매,제9965부대,우림
54068,분실물함 등 3종 구매,해군제3함대사령부,(주)한일
54073,"(긴급)제재목,연재질,판자용 등 4종",해군군수사령부,세명종합공구
54074,"(긴급) T형관,튜브용 등 16종",해군군수사령부,수민상사
54091,22-2차 정보화 운용재료 구매(2210060-F),국군재정관리단,주식회사 링크글로벌
54097,후유화성 형광침투제 등 23종,제5738부대,보금
54099,스티커 제거제 등 303종,해군제3함대사령부,동원샘물유통
54103,국지방공레이더 일반물자 부대정비 장비/공구(레이더),감시전자총괄계약팀,선우상사
54109,22-해-백면걸레 1품목 구매,국군재정관리단,스토리
54111,(226124-E) 폴리머 탄창 구매,국군재정관리단,주식회사 케이씨아이
54115,소형 대공표적기(구매),미래전력사업전력운영계약팀,주식회사 이에스티
54116,고무팩킹 등 14종 구매(157),해군제1수리창,대광종합상사
54118,세탁카트 등 7종 구매,해군작전사령부,주식회사 복은
54119,"22-8차 신속항원진단키트(전문가용, 자가용) 구매",제2군단,주식회사 금석건설
54124,"호이스트, 체인식 구매(160)",해군제1수리창,조양상사
54127,국지방공레이더 일반물자 야전정비 장비/공구(레이더),감시전자총괄계약팀,주식회사 서화테크
54131,원상사휴게실 좌판 수선 등 11종,해군군수사령부,강림
54132,불꽃방지커버 등 197종,해군군수사령부,하나상공
54134,(긴급)Any Casting Standard / Performance 1종,해군군수사령부,일호컴퍼니
54143,디지털 증거분석체계 라이센스 확보,해군본부,디아이에스아이앤씨 주식회사
54144,롤스크린 등 21종 구매(22-13),해군제1수리창,강원상사
54146,멀티룸 플로트 구매,제8385부대,제이테크
54148,올 퀵 멀티충전기 등 10종 구매,해군제3함대사령부,승리종합상사
54151,신속항원진단키트 구매,제55보병사단,코리아유통
54156,(긴급) 프로펠러 1종 구매,해군군수사령부,토탈marine
54160,투명지용 20RM 구매,해군군수사령부,제이에이치 테크
54161,(긴급) 오-링 등 27종,해군군수사령부,혜원
54162,"(긴급)연결봉, 피스톤용 등 8종",해군군수사령부,에이스 컴퍼니
54173,해군뱃지 등 5종,해군본부,에스에스더블유
54193,(긴급)오-링 등 25종,해군군수사령부,세종상사
54194,"(긴급)와셔, 잠금식 등 18종",해군군수사령부,동서세라믹(주)
54204,22-203 GPS 중계기 구매,공군제1전투비행단,중현산업
54207,사이드 밀링커터 등 2종 구매(154),해군제1수리창,(주)동건
54208,22-수상함예인정 건조,함정총괄계약팀,고려조선 주식회사
54212,발칸 어댑터카바 등 7종 구매,육군종합정비창,디에스테크
54213,발칸 클램프 등 16종 구매,육군종합정비창,디에스테크
54218,(226336-B) 휴대용 음성통신 단말기 충전기 구매,국군재정관리단,주식회사 팬웨스트에스앤티
54223,향균 코팅필름 100MIC 등 584종 구매,제2002부대,대성산업
54224,내수압 청동 등 2종 구매,해군제2수리창,하나솔텍
54226,로자살탄정 50mg 등 20종 구매,제7001부대,네오썬팜
54229,[22-C69]더좋은 병영식당 세출예산 구매계약,제6보병사단,제일테크놀러지
54230,22년 4찬형 식판 및 중대형 국그릇 구매,육군 제1군단,에스투비
54231,22년 9~10월 다수공급자 부대계약(중기간제외품목),제6보병사단,주식회사 아름상사
54232,방청지 등 49종 구매,제9911부대,덕수건설중기
54233,GPS ANT 등 36품목 구매,제9181부대,에스씨에스마켓
54235,실습재료(스파이크 프라임 코어 세트 등 2종) 구매,해군사관학교,제일테크놀러지
54236,국지방공레이더 일반물자 부대정비 장비/공구(차량부),감시전자총괄계약팀,(주)서광오토테크
54237,22-해병-무적감시체계 운영용품 구매,국군재정관리단,디자인나비
54240,옥토퍼스 등 3품목 구매,국군재정관리단,이루다
54242,다이메릴정 2mg 등 212종 구매,해군제3함대사령부,(주)인큐브벤처스
54244,염화칼슘 등 41종 구매,해군작전사령부,가람 글로벌
54247,(군-군-11)더 좋은 병영식당 조리기구 구매(1차),제15보병사단,주식회사 태승
54256,타세놀정 등 100종 구매,제8385부대,주식회사 오케이팜
54259,중량컬바 등 9품목 구매,제9227부대,연천종합물산
54268,22년 쌍방훈련용 K-2어댑터 구매,육군과학화전투훈련단,영신상사
54272,(긴급) 유압 유니온 등 2종 구매,해군군수사령부,동진기업
54274,탄약 포장재료 관리용 자재 구매,육군 탄약지원사령부,노원 상사
54281,벽부형 스피커 등 3종 구매,해군본부,현대상사
54283,(226287-B) 작전용 헤드폰 구매,국군재정관리단,캐리온
54288,방재물자 도끼 등 33종 구매,제9911부대,미니영
54292,바벨 등 7종 구매,제9911부대,혜원
54296,체단장 선별사(F/W배토사) 등 2종 구매,제9911부대,태화기업
54298,22-064 철대차 운반용 등 12종,공군제38전투비행전대,가빈
54299,22-1차 안전관리자 진단물자 구매,제1891부대,주식회사 이음
54305,개스킷 등 26종 구매,제9121부대,더펜상사주식회사
54307,(긴급)SOLIDWORKS Professional 1종,해군군수사령부,제일테크
54308,"변압기,전력용 등 6항목 구매(특무)",육군군수사령부,동진전력공사
54309,"등, 표시기 등 2항목 구매(특무)",육군군수사령부,동진전력공사
54332,DVD(10아이덴티티 등 55종) 구매,해군사관학교,대광산업
54338,(긴급) 디스플레이 유닛 1종 구매,해군군수사령부,케이테크
54343,(긴급) 전화교환대 군 등 5종 구매,해군군수사령부,에이스철물건자재주식회사
54355,22-08-271 학과용 가방(디지털 백팩) 등 1품목,공군교육사령부,토우코퍼레이션
54359,대잠립 충격흡수형 폼 분리형 튜브 구매,해군제2수리창,씨티원 경기지점
54373,인화지 등 87품목 구매,제9227부대,신영상사
54375,파워렉 등 38품목 구매 설치,연평부대,조양실업
54377,수위레벨계 등 84종 구매,해군 기동함대사령부,신제주스포츠
54379,포트락(KNCCS용) 등 267종 구매,해군 기동함대사령부,엔피비(NPB)컴퍼니
54386,22-해-궤도형 소형굴착기 1대 구매,국군재정관리단,(주)오성인피니티
54411,'22-5차 병영식당 조리기구 및 식기류 구매,제2군수지원여단,비즈원
54420,(227322-E) 통합보안관제체계 구매(리스물건),국군재정관리단,주식회사 에이치씨인포
54424,"22-7차 신속항원키트(전문가용, 자가용) 구매",제2군단,현우종합상사
54429,RJ-45 등 64 종 구매,제2112부대,남궁산업개발
54430,"샌딩 스펀지,연마제 50톤 구매",해군제2수리창,휴이
54432,야전깔개 구매,제9181부대,동선
54438,"(긴급)패킹, 성형식 등 35종",해군군수사령부,메트로마린서비스
54439,"4주식리프트, 소형 3EA 구매",해군군수사령부,성성
54449,순간접착제 등 116종 구매 납품,제3283부대,비드코리아
54459,"스테인 등 9종 구매(146,147)",해군제1수리창,천곡철물상사
54460,톤백 등 134종 구매,해군작전사령부,에스엠 마켓
54464,(긴급)표시등 등 14종,해군군수사령부,제일테크
54465,(긴급)카플링 1종,해군군수사령부,하나유통
54466,"방현재, 선박용 등 9종 구매",해군군수사령부,율로실업
54473,"방탄판, 레벨Ⅳ용(대형)",미래전력사업전력운영계약팀,코오롱스페이스웍스 주식회사
54478,22-해-수사물자 구매,국군재정관리단,주식회사디브이알씨앤씨
54479,"방탄판, 레벨Ⅳ용(중형)",미래전력사업전력운영계약팀,코오롱스페이스웍스 주식회사
54484,간이탄약고 등 6품목 구매,제9227부대,아이스크림할인매장 포항효자점
54485,마포걸레 등 72품목 구매,제9227부대,디에쓰산업
54486,3공펀치 등 625품목 구매,제9227부대,상상랩스
54491,(226312-F)안전보호세트 구매,국군재정관리단,주식회사 그린아이에스
54496,무지종이용기 등 182종 구매,제8385부대,탑오피스
54500,야자매트 등 23종 구매,해군교육사령부,상일상사
54503,"(긴급) 링,피스톤용 등 25종 구매",해군군수사령부,주식회사 경쓰
54506,"망원경,파노라마식 등 2항목구매(총포)",육군군수사령부,주식회사 동빈글로벌
54510,플렌지,지상공통전력운영계약팀,평화정밀
54514,(227264-C) 유전자검사 시약재료 구매,국군재정관리단,(주)에이치엔에스바이오
54518,(226294-C)다목적 운반차 구매,국군재정관리단,키비주얼나인
54519,(227240-C)전문실습마네킨 구매,국군재정관리단,유림상사
54521,3분기 통합구매(컷터 등 183종) 구매,해군사관학교,한성
54527,3.5톤 윙바디 트럭 구매,국군수송사령부,주식회사 아스트로닉 엘에스
54534,"걸쇠, 조임용 등 2종",해군군수사령부,윙게이츠
54535,황동괴 1종,해군군수사령부,제이에이치 테크
54539,신속항원키트 구매 납품,제3283부대,코어컨설팅
54541,(조달) 22-2-109 중랑랙 등 10품목 구매,제3훈련비행단,제이에이치테크
54548,(조달)22-2-064 Y형 휀스 등 2품목,제3훈련비행단,삼일씨앤씨 주식회사
54553,경보카드 등 28종,해군제3함대사령부,스카이유통
54554,"계기판,경보,선박용 등 4종",해군제3함대사령부,신신테크
54555,22-08-263 바이러스 수송배지,공군교육사령부,에이티
54558,코팅필름 등 342종 구매,해군제3함대사령부,동산 주식회사
54564,코로나19 신속항원키트 구매,제5738부대,주식회사 한스메디칼
54569,"(긴급) 저항기, 열민감식 등 7종",해군군수사령부,유민상사
54571,꿔바로우 구매,해군군수사령부,행복유통
54572,(긴급)알루미늄 청동 등 2종,해군군수사령부,태성산업
54574,"(긴급)휠,광택연마용 등 8종",해군군수사령부,경진테크
54578,양극 등 2종 구매,해군군수사령부,제이에이치 테크
54584,[미디어콘텐츠과] 협업스토리지 1차 성능개량 구매,공군본부,(주)앤디커뮤니케이션
54587,(화공) 주물사 5호 1종 구매,육군종합정비창,마창케미칼 주식회사
54590,커팅자 등 480종 구매,해군본부,해오름달
54594,(227031-H)육군 웹메일 공유볼륨 SW 도입(리스물건),국군재정관리단,주식회사 탑엘엔케이
54596,작업치마 등 412품목 구매,연평부대,친절한둘째언니
54597,위장크림 등 150품목 구매,제9181부대,텐텐플러스
54599,콤비블라인드 구매설치,해군제3함대사령부,주식회사 오비엔
54602,스테인레스 대변기 등 2종 구매,제9121부대,신신교역
54607,커넥터 등 2종 구매,공군83정보통신정비창,태화기업
54613,(226304-F)22~23년 생도 수영복 등 5종 구매,국군재정관리단,엘디앤에스(LD&S)
54616,육상부 훈련용품(게임체인져 등 12종),국군체육부대,르호봇(Rehoboth)
54617,역도부 훈련용품(로망체어 등 9종),국군체육부대,미성종합상사
54618,양궁부 훈련용품(캇터기 날 등 11종),국군체육부대,아이원텍
54619,레슬링부 훈련용품(레슬링매트 캠퍼스),국군체육부대,동현상사
54620,충전그라인더 등 29품목 구매,제2112부대,구미상림리14호태양광발전소
54621,위임 00부대  수송부 3상 전기인입 자재구매,제17보병사단,에버그린
54633,카프리썬 등 6종 구매,해군 기동함대사령부,주식회사 한라로지스틱
54635,커브그릴부어스트 등 14종 구매,해군 기동함대사령부,주식회사 한라로지스틱
54636,반미바게트 등 11종 구매,해군 기동함대사령부,소망영농조합법인
54638,"전자제품(110V, UL인증) 10종 구매",한미연합군사령부,제이엔씨
54641,Removal Tweezers 등 260종 구매,제5738부대,강영 주식회사
54643,도어클로저 등 24종 구매,제5738부대,주식회사 유진기업
54644,Yellow stone 등 31종 구매,제5738부대,이림에스엔티
54645,XN-CHECK 등 2종 구매,제5738부대,주식회사 애니메디칼
54646,CLO TEST 등 35종 구매,제5738부대,리치세리네
54647,네블라이저 키트 등 48종 구매,제5738부대,(주)플러스모던
54648,투리온정 등 62종 구매,제5738부대,피비팜 주식회사
54649,DAY SET 등 3종 구매,제5738부대,아이테르
54653,크린스킨 마스터 블랙마스터 등 551종 구매,제5738부대,대명종합상사
54667,(화공)록타이트 587 1종 구매,육군종합정비창,구구컴퍼니
54686,디스크 전극 세트 등 14종 구매(22-08),해군제1수리창,알파동해점
54695,수중용 캠 등 6종 구매,해군군수사령부,주식회사 전북진설종합관리
54701,UH-60 와셔 등 3종 구매,육군종합정비창,주식회사 제이알디
54711,(227229-E)2인승 동력패러슈트 세트 구매,국군재정관리단,주식회사 바른프린테크
54719,물소화기세트 등 9품목 구매(도서지역),제9196부대,줄리커뮤니케이션
54725,방역물자(체온계 등 19종) 구매,해군사관학교,더블제이컴퍼니
54727,22-046 옷장 등 5종 구매계약,공군제38전투비행전대,오리상사
54733,"(긴급)벨로스, 보호용 등 4종",해군군수사령부,에이스철물건자재주식회사
54741,"수중탐색기 1항목 구매(대테러, 총포)",육군군수사령부,(주)아세아안전
54742,발칸 걸쇠 등 23종 구매,육군종합정비창,주식회사 케이디에스
54746,만년필 등 485종 구매,해군본부,지안컨설팅
54750,(226047-G)'22년 육군 통합검색체계 교체(리스물건),국군재정관리단,씨지에스아이티(주)
54754,"22-6차 신속항원키트(전문가용, 자가용) 구매",제2군단,주식회사 소영프로젝트
54757,흑구온습도계 등 4품목 구매,제9227부대,포항신도OA
54761,(226046-G)'22년 육군 DB분석체계 교체(리스물건),국군재정관리단,HF테크
54772,표시크립 등 142종 구매,제9121부대,세명종합공구
54778,결재판 등 409종 구매,해군교육사령부,대성
54779,디지털액자 등 2품목 구매,제9해병여단,도두산업
54780,"'22년 후반기 앰프 구매(600W,360W)",제 2167부대,굿메이드
54785,벽걸이형 냉방기 구매 설치,제3283부대,주식회사 신한기업
54786,(226242-F)안전보호세트 구매,국군재정관리단,유나네
54788,플레이스테이션4 Slim 등 5종 구매,제8385부대,제이에이치 테크
54791,코팅필름(라미네이팅 필름) 등 45종 구매,제7001부대,구룡
54798,"(긴급)고무판,고화식 등 8종",해군군수사령부,토탈marine
54806,"제도샤프 등 1,016종",해군군수사령부,이지테크
54809,스미스머신 등 25종 구매,제1방공유도탄여단,금빛찬란
54810,알루미늄프로파일 등 10종 구매,제1방공유도탄여단,주식회사 우영물산
54811,22-공-동력행글라이더 구매,국군재정관리단,플라이리
54815,스피커 등 8종,해군본부,유케이
54820,양수기 등 10종 구매,제2112부대,메이
54822,물소화기 등 2품목 구매,제9181부대,예은컴퍼니
54823,22년 8월 다수공급자 부대계약(중기간제외품목),제6보병사단,더 푸른
54824,빔프로젝트 세트 등 4종 구매,해군제3함대사령부,유한회사 무궁화통신건설
54825,갈퀴 등 22종 구매,해군제3함대사령부,우성종합상사
54826,계단용 손수레 등 35종 구매,해군제3함대사령부,대진이엔지
54830,'22-2차 병영식당 조리기구 및 식기류 구매,제2군수지원여단,주식회사 금석건설
54834,"퓨즈, 통형(3A FUSE) 등 11종 구매",해군군수사령부,세종상사
54835,표면조도기 1EA 구매,해군군수사령부,(주)동건
54841,전기식 스팀오븐 등 5품목,제20전투비행단,뉴트로(NEW-TRO)
54848,[22-C64]자가진단키트 및 신속항원검사키트 구매계약,제6보병사단,(TS)산업
54851,공캔 등 3종,해군군수사령부,대인종합상사
54853,제트스트림 유성펜 등 280종 구매,제7001부대,주식회사 예운
54857,22-덕-사이버지식정보방 운영용품 구매,제9691부대,주식회사우정상사
54866,"차폐 개스킷,전자식 등 18항목 구매(특무)",육군군수사령부,삼호정밀
54868,22-07-228 제트스키 등 1품목,공군교육사령부,주식회사 마린맥스테크코리아
54884,핸드볼부 훈련용품(반팔티 등 14종)구매,국군체육부대,태흥공인중개사사무소
54885,레슬링부 훈련용품(땀복등 8종)구매,국군체육부대,주식회사 공후
54886,하키부 훈련용품(하키화 등 16종)구매,국군체육부대,코끼리보육사
54892,YTL(78) 사이드반목(P1-B2) 등 41종,해군제3함대사령부,이지통상
54896,(긴급) 인젝터 등 9종 구매,해군군수사령부,트리플 EX
54902,"스마토 보호복 등 1,242종",해군군수사령부,이동유통
54909,(육성) 예비군물자 보관용 PP박스 구매,육군 52보병사단,엠씨아이컴퍼니(주)
54912,3분기 발간재료 구매,제3707부대,제일테크놀러지
54914,안전보호물자 세트 구매,제28보병사단,준아트
54929,충전용 무선인두기 등 63종 구매,해군제2수리창,티이에이치
54930,안전웨빙띠 등 40종 구매,해군제2수리창,예은컴퍼니
54931,크린가드 보호복 등 106종 구매,해군제2수리창,봉화물산
54936,"공기 정화기, 흡입용 40EA 구매",해군군수사령부,티에스케이
54943,"발생기,신호용 등 1종",공군제5공중기동비행단,엔와이커머스
54948,턴버클 등 3항목 구매(통신),육군군수사령부,(주) 영창기술원
54950,22-147 랩마운트 등 5종,공군사관학교,디렉트
54954,22-해병-간이탄약보관함 등 11품목 구매,국군재정관리단,삼미상사
54958,'22년 탑승식 청소차 구매,5군수지원사령부,유한회사 엔디클릭
54963,3M 슈퍼그립 등 59종 구매,제7001부대,보티드코리아
54967,철띠 등 18종 구매,제8385부대,덕산유통
54968,22-4신속항원진단키트 및 자가진단키트 구매,제9보병사단사령부,무지개마켓
54969,[22-C62]3분기 ATCIS 운용용품 외 구매계약,제6보병사단,에스엠컴퍼니
54974,황동바 등 20종 구매,해군제2수리창,봉화물산
54975,알루미늄 합금판 등 7종 구매,해군제2수리창,한결
54978,폴리머탄창 구매,제3170부대,주식회사 케이씨아이
54980,"제재목,경질 등 14종",해군군수사령부,명일
54982,"주물사,주형용 등 29종",해군군수사령부,비피엔
54989,발칸 손잡이 등 10종 구매,육군종합정비창,진광사
54990,발칸 급속해제핀 등 2종 구매,육군종합정비창,진광사
54991,(화공)세정용세척제 1종 구매,육군종합정비창,디앤에이(DNA)
54992,Jane`s Unmanned Maritime Vehicles 2022-2023등5종,해군본부,엠에스테크
54993,22-024 군사훈련처 패러글라이더 구매,공군사관학교,유한회사 대성
54999,오링 등 22종 구매,해군제2수리창,씨티원 경기지점
55001,압송탱크(내통/속통) 외 43종 구매,해군제3함대사령부,신신테크
55011,디퓨져 등 106종 구매,제8385부대,알파동해점
55013,밀폐식 팽창탱크 등 9종 구매,해군교육사령부,주광유통
55016,다목적 수세미 등 202종 구매,해군교육사령부,주식회사 진성하이텍
55017,22년 예비군 육성지원(전투조끼) 구매,제51보병사단,주식회사 메이크띵즈
55022,22년 1연대 자산취득품목 구매,육군종합군수학교,한영엔터프라이즈
55027,(226280-F)32밀리 대철 2종 구매,국군재정관리단,아이크래프트 주식회사
55032,검문소 경량화 장애물 구매,제3697부대,엠와이지
55033,22년 예비군 육성지원(야전깔개) 구매,제51보병사단,효선
55036,00부대 소화기 등 7종 구매,국방부근무지원단,주식회사강원
55041,앱손 L1455 검정 등 30종,해군군수사령부,정민플러스
55054,대대 장병 안전보호세트 물자구매,육군 제1군단,세진
55055,정통-체-1 22-4차 정보통신운영지원 구매,제15보병사단,내무반코리아
55056,트랜스듀서 200KHZ 등 3종,해군제3함대사령부,삼호자원
55065,모의부하기(300KW),공군군수사령부,케이피브이(주)
55069,1인용 쇼파 등 8종,해군군수사령부,하하유통
55075,개스킷 등 7종,해군군수사령부,한서유통
55076,세이프티록 등 7종,해군군수사령부,제이에이치 테크
55084,야간투시경 구매,육군 제1군단,도하인터내셔널 주식회사
55087,22-06-217 스킨스쿠버(잠수)세트 등 7품목,공군교육사령부,주식회사 물이좋다
55088,야전배낭(I형),기동총괄계약팀,강서실업
55091,수상구조용마네킹 등 47품목 구매,제9227부대,삼성시스템
55092,화재 대비 물자 구매(방염복 등 4건),제1891부대,미소테크
55094,방안직자 등 781종 구매,해군작전사령부,엠씨씨 주식회사
55097,"(긴급) 스페이서, 직선형 등 13종 구매",해군군수사령부,세종상사
55101,(긴급) 오-링 등 68종,해군군수사령부,한민솔루션 주식회사
55105,"케이스,광학기구용 등27 항목 구매(총포)",육군군수사령부,군정비지원센터
55117,22-공-12게이지 엽총탄 구매,국군재정관리단,주식회사 현대화이어웍스
55118,22-해-저격수용 관측망원경 구매,국군재정관리단,다담시스 주식회사
55122,결재판 등 722종 구매,해군작전사령부,성화종합상사
55123,도로봉함재 1종(22-158),공군제19전투비행단,태백상사
55124,22년 발열팩 구매,육군 52보병사단,상상에이트 주식회사
55125,쇠갈퀴 등 28종 구매,제7001부대,소망상사
55126,코팅필름(라미네이팅 필름) 등 71종 구매,제7001부대,헤르메스
55127,알루미늄 커팅자 등 69종 구매,제5738부대,새방기업
55128,TSH 3 Ultra 등 4종 구매,제5738부대,MK메디칼
55129,NOZZLE CHECK VALVE 등 4종 구매,제5738부대,제이에이치 테크
55138,골프연습기계 구매,제9691부대,씨에스 경기
55144,실버클립 등 401종 구매,해군작전사령부,사인몰
55145,"니플, 튜브용 등 4종 구매",제9121부대,주식회사 반석
55150,고민의 답 등 30종,제2002부대,오성
55153,티눈밴드 등 89품목 구매,제9227부대,경성약품
55157,(긴급) 인입식 비트 A형 1종,해군군수사령부,하이수리방
55171,윗몸일으키기대 등 3종 구매 납품,제3283부대,제이피디
55174,22-공-골프연습장 오토티업기 등 17품목 구매설치,국군재정관리단,일호컴퍼니
55179,안전띠 등 6품목 구매,제9227부대,다보유통
55180,H-1 부대 행정게시판 등 31종 구매,제1891부대,럭키상사
55181,'22년도 정비피복 구매 계약,제51보병사단,주식회사 순수팩토리
55208,전력계등 1항목구매(특무),육군군수사령부,군정비지원센터
55209,22-175 UPS 구매,공군제1전투비행단,명아이엔지(주)
55228,4주식리프트 구매 설치(22-164),공군제15특수임무비행단,에스앤비
55230,안전고리 등 28품목 구매,연평부대,가온
55233,딱풀 등 282종 구매,해군작전사령부,주식회사 디유케이바이오산업
55239,"(긴급)시일,밀봉형 등 6종",해군군수사령부,유림상사
55240,(긴급) 푸쉬로드 등 64종 구매,해군군수사령부,삼성홀드
55241,(긴급) 오-링 등 9종 구매,해군군수사령부,태백상사
55244,"(긴급) 변기,변소용 등 6종 구매",해군군수사령부,삼일상사
55246,다중계기 등 6종 구매,해군군수사령부,에스엔컴퍼니
55254,블라인드 등 15종 구매 납품,제3283부대,구디헤어
55256,22-해-정전식 칼라출력기 2대 구매,국군재정관리단,사그래이
55258,종이박스 등 16종 구매,제5738부대,세이프부산
55262,코팅지 등 210품목 구매,제3170부대,다온
55265,대테러훈련용 이동식 가벽 설치납품(물-47),특수전사령부,혜원
55270,22-공-벤딩기 구매(229056-D),국군재정관리단,군정비지원센터
55275,"(226271-B) 16, 32밀리 일체형 결속기 구매",국군재정관리단,주식회사 에코비투
55280,22년 대대급 안전보호세트 구입,육군항공사령부,주식회사 엠피알 코리아
55282,22-06-224 분말소화기 등 5품목,공군교육사령부,주식회사 필성
55288,"(JSA-10) 판문점 후드티, 비니 구매",제1보병사단,엠케이라벨
55291,00부대 신속항원검사키트(전문가용) 구매,지상작전사령부,수코리아
55298,스텐판 등 57종 구매,공군군수사령부,세움
55300,모빌랙 구매설치,제9227부대,연천종합물산
55305,랜선 탈피기 등 134품목 구매,제9181부대,신나라상사
55316,회로판,지상공통전력운영계약팀,군정비지원센터
55317,해병 정훈물자 등 6품목 구매,제9691부대,사회적협동조합 푸른하늘
55325,홈시어터세트 등 3종 구매,제5738부대,에스에이치테크
55339,탁도계 등 19항목 구매(일장),육군군수사령부,군정비지원센터
55351,(227230-F)적외선 신호기 구매,국군재정관리단,에이스컴퍼니
55352,22-해-흡음형 방음판 구매,국군재정관리단,에제르유통
55359,종이컵 13온스 등 80종 구매,제5738부대,청진글로벌
55362,방향제 등 7종 구매,제5738부대,연천종합물산
55366,청해38진-차광막 등 232종 구매,해군작전사령부,신신교역
55369,안전매트 구매,제9181부대,유투엠
55370,'22-13차 물자유지비 세출 예산 구매계약 의뢰,제6보병사단,파라닷컴
55371,"22-5차 신속항원키트(전문가용, 자가용) 구매",제2군단,카페그루터기
55377,개스킷 등 1항목 구매(특무),육군군수사령부,코비상사
55390,"뚜껑, 주입구용 등 8종 구매(130)",해군제1수리창,신우기업(주)
55391,22-06-210 베토사 등 3품목,공군교육사령부,햇임이상사
55400,(22-210) C-130H 조종석 외피 등 4종,공군제5공중기동비행단,현대산업
55409,AV SYSTEM 구매 설치,제9181부대,신우정보통신 주식회사
55410,신속항원키트 구매,제9181부대,더블유원
55417,개스킷 등 36항목 구매(총포),육군군수사령부,군정비지원센터
55418,"케이스,광학기구용 등 105항목 구매(총포)",육군군수사령부,군정비지원센터
55421,발생기 신호용 1종 구매,공군83정보통신정비창,주식회사 제이디글로벌
55426,(227248-C) 사이버 모의점검 및 평가도구 구매,국군재정관리단,다온상사
55436,Xpert Xpress SARS-CoV-2 20BX 구매,제7001부대,(주)테스온
55439,3단로라연결봉등 217품목 구매,제2112부대,남궁산업개발
55441,'22 석면취급자 보호구 구매,육군 제1군단,에이앤이글로벌
55442,(긴급) 팁 등 10종 구매,해군군수사령부,하이수리방
55444,(긴급) 오링세트 등 2종 구매,해군군수사령부,(주)동건
55445,22년 7월 다수공급자부대계약(중기간 제외 품목),제6보병사단,주식회사 지호푸드서비스
55451,(226250-F)안전보호세트 구매,국군재정관리단,리스앙쥬화장품
55457,'22년 대대급 안전보호세트 구매,제2군수지원여단,주식회사 우리
55461,(긴급) 카플링 1종 구매,해군군수사령부,다담시스 주식회사
55463,(긴급) 높이조절작업대 등 10종,해군군수사령부,영해
55464,"(긴급) 제재목,연재질,두꺼운형 등 23종",해군군수사령부,초이스툴
55469,"고무,손잡이용 등 1항목 구매(특무)",육군군수사령부,주안산업
55470,철사각관 등 91종 구매,공군군수사령부,대신산업
55474,발칸 전압전류계 등 6종 구매,육군종합정비창,현대정밀가스켓
55476,'22년 전관앰프 360W 구매,제2군수지원여단,주식회사 대현
55482,신속항원키트 등 2종 구매 납품,제3283부대,푸드 매니아
55492,군관사 및 간부숙소 노후 방충망 교체 설치납품,제17보병사단,케이이에스
55494,"스페이서, 고리형 등 13종 구매(128)",해군제1수리창,주식회사 엠케이
55496,외장케이스 등 51종 구매,제9911부대,(주)제이에스정보통신
55499,피코휴즈 등 8품목 구매,제3170부대,정빈솔루션
55500,(긴급) 결재판 등 73종,해군군수사령부,한성
55503,판지 등 31종 구매,제9911부대,다복상사
55504,특전용품-제압용 수갑 등 14종 구매,해군작전사령부,디에이치산업
55505,(긴급)오-링 등 14종,해군군수사령부,도담
55506,"(긴급) 감압변(25A), 주강 등 3종",해군군수사령부,동해종합상사
55507,(긴급)오-링 등 23종,해군군수사령부,토탈marine
55508,(긴급) HYBRID CABLE 1종,해군군수사령부,성광상사
55518,잠수훈련물자 8종 구매,공군군수사령부,행복가든
55519,"조끼, 지상근무자용 등",기동총괄계약팀,부림산업
55521,22-3차 쇼핑타운 쇼핑카트 구매,국군복지단,주식회사 씨티원 충남
55529,공무직(춘추점퍼 등 10종) 구매,자운대근무지원연대,아가스(Agath)
55531,"방현재,선박용",지상공통전력운영계약팀,이든산업
55535,22-덕-종이컵 등 534품목 구매,제9691부대,이니스토리
55541,메모홀더 등 55종 구매,제5738부대,경북상사
55544,수중랜턴 등 9종 구매,제5738부대,미정컴퍼니
55546,22년 폭염대비 물자 구매,제8기동사단,주식회사 현욱
55547,안전고리 등 3품목 구매,제9181부대,유인터네셔널
55548,익형 등 35품목 구매,제9181부대,하은매니지먼트
55549,탐조등 충전기 등 35품목 구매,제9181부대,주식회사 선샤인
55551,와이어클립 등 19종 구매,제9121부대,경남상사
55563,레그익스텐션 등 21종 구매,해군 기동함대사령부,아일랜드
55567,"십자선, 광학기구용 등 10항목 구매(총포)",육군군수사령부,일호컴퍼니
55570,폭염대비 물자 구매(온도계 등 8건),제1891부대,파란
55572,00부대 체계운영유지용품 구매(1차),육군과학화전투훈련단,주식회사 건영
55573,디지털도어락 등 2종(22-197),공군제19전투비행단,제이앤제이
55578,대대급 안전보호세트 구매,제55보병사단,엔엘코리아
55580,22-06-205 철접시머리피스 등 57품목,공군교육사령부,대성기업
55581,22-06-203 자동에어벤트 등 59품목,공군교육사령부,지투스틸
55586,22년 정비 및 취사피복 계약,제3보병사단,빛가람장애인시설
55587,22년 부력방탄복,미래전력사업전력운영계약팀,경창산업
55595,손전등 등 57종 구매 납품,제3283부대,일복상사
55600,(226186-E) 기초잠수 착용물자 구매,국군재정관리단,해리엔터프라이즈
55601,"(226098-C) 반창고, 일회용 등 구매",국군재정관리단,성도교역
55604,접착식 폼블럭 등 17종 구매(22-19),해군제1수리창,동원상사
55606,구매(악의 등 75종) 구매,제2112부대,호미유통
55613,'22년 6월 다수공급자 품목 부대계약(중기간제외품목),제6보병사단,테라녹스
55617,00부대 대대급 장병 안전물자 세트 구매,제6755부대,우현퍼스트
55619,스티어 등 221품목 구매,제3170부대,아띠
55620,(긴급) 카플링 1종 구매,해군군수사령부,주식회사 브라이트텍
55621,(긴급)오-링 등 6종,해군군수사령부,도담
55622,(긴급)팁 등 7종,해군군수사령부,비피엔
55623,공업용 수소 등 6종 구매,해군군수사령부,세종상사
55624,"(긴급) 접촉기,자석식 등 13종 구매",해군군수사령부,국제전기
55625,(긴급) 디스플레이 유닛 1종 구매,해군군수사령부,성광상사
55626,"(긴급) 핀,직선형,무두형 등 23종 구매",해군군수사령부,윤스 리테일
55628,고무호스 등 10종 구매,해군군수사령부,태양물산 주식회사
55636,"브래킷, 판류",지상공통전력운영계약팀,우창기계 주식회사
55639,22-05-135 공병대대 분말소화기 4.5KG 등 3종 구매,공군제16전투비행단,미성상사
55641,22-공-유류 흡착롤 등 5종 구매(229059-G),국군재정관리단,미나클스
55657,'22년 대대급 안전보호물자 구매,육군 제1포병여단,주식회사 범산
55658,22년 국가기술검정실기재료비 구매,육군 제1군단,소소코리아
55666,00부대 voip교환기 교체 설치납품,제5군단사령부,주식회사 태산정보기술
55675,수입지 및 수입포,지상공통전력운영계약팀,주식회사 엔에이치
55680,22-공-차륜용 균형기 등 2종 구매(229084-D),국군재정관리단,위드리테일
55688,'22년 대대급 안전보호세트 구매,5군수지원사령부,나은컴퍼니
55697,22-170 LCU램프,공군사관학교,주식회사 스타일호
55699,DG Gel cooms card 등 15종 구매,제7001부대,효원
55700,DVD(피어썸) 등 40종,제7001부대,대광산업
55701,레인지 후드 등 2종 구매,제7001부대,현대시스템
55702,"인터쿨러,선외기 등 9종 구매",해군제2수리창,올파츠
55704,(육성)지역예비군 무기고 및 창고 선반 구매,제3697부대,이노엠테크
55706,접착제 등 9종 구매,해군제2수리창,엘케이
55712,샤워기헤드 등 7종 구매,해군군수사령부,대흥상사
55718,(긴급)안테나(AS-7502) 1종 구매,해군군수사령부,세종상사
55720,"개스킷(비석면판, 압축식) 등 2종",해군군수사령부,백제기업
55725,윈치세트 1종,해군군수사령부,동진기업
55726,"(긴급) 램프,발광 다이오드용 등 5종 구매",해군군수사령부,씨앤엘
55728,"(긴급) 변환기,신호자료용 등 3종 구매",해군군수사령부,주식회사 그린아이앤티
55729,(긴급) 브이벨트 25인치 등 4종 구매,해군군수사령부,신동하이텍
55732,"(긴급) 어댑터, 직선형, 호스와보스연결용 등9종",해군군수사령부,제이에이치 테크
55741,초자류,지상공통전력운영계약팀,밀레니엄옵틱칼시스템 주식회사
55752,22-공-보오스코우프 키트 구매(229095-D),국군재정관리단,리브레종
55755,22-해-야전앰프 구매,국군재정관리단,햇살컴퍼니
55767,개스킷 등 5종 구매,해군제2수리창,주식회사 참좋은
55768,고압호스 어셈블리 등 17종 구매,해군제2수리창,주식회사 세븐파트너스
55769,카프링 등 17종 구매,해군제2수리창,덕신
55770,"패킹,피스톤용 등 17종 구매",해군제2수리창,두성물산
55776,도어클로저 등 5종 구매,제9121부대,주식회사 진성하이텍
55778,해충퇴치기 구매,해군제3함대사령부,오피스넥스목포
55780,22년 전관용 600W 앰프 구매,제9보병사단사령부,주식회사 성보
55782,00부대 예비전력 치장창고 물자구매,동원전력사령부,우주상사
55783,아이스조끼 등 8종 구매,해군제3함대사령부,동원샘물유통
55784,(긴급) 4인용 쇼파 등 8종,해군군수사령부,민트컴퍼니
55787,산불 진화 개인보호물자 구매,제22보병사단,바른사람들
55802,'22년 정비피복 안전물자(안전화 등 4종) 구매,5군수지원사령부,대원유니버스
55813,22-2차 정보화예산 집행,제1862부대,구름E
55814,대대급 안전물자세트 구매,제1862부대,삼일
55815,외줄오르기 제작설치,제9227부대,제이피디
55816,22-06-192 메인스피커 등 3품목,공군교육사령부,주식회사 경원전자
55817,귀마개 등 42종,해군제3함대사령부,미래종합상사
55818,프러스펜 등 277종,해군제3함대사령부,동원샘물서부총판
55819,"변압기,전류용 등 9종",해군제3함대사령부,하나유통
55828,끈류,지상공통전력운영계약팀,주식회사 대창그랜드
55831,호스류,지상공통전력운영계약팀,우진테크
55835,22-공-자동산개기 구매(229101-D),국군재정관리단,시소커뮤니케이션
55836,22-공-세척재료(종이타올) 구매(229064-D),국군재정관리단,다올
55843,브래킷 및 판류(사전의향서),지상공통전력운영계약팀,탑앤케이코리아 주식회사
55846,아지란 등 10종 구매,제8385부대,주식회사     에코그린
55847,파워 브로워 2대 구매,제8385부대,신우기업(주)
55848,22년 전반기 국가기술자격검정 실기시험 재료비 구매,육군 제1군단,세움
55858,항만경비정 자이로 교체,지상공통전력운영계약팀,주식회사엠케이
55860,밴드쏘 등 50품목 구매,제9181부대,주식회사 주방라인
55862,안티포그티슈 등 171종 구매,해군 기동함대사령부,외룡기프트
55864,(22-043) 섬광등 램프 등 6종 구매,공군제18전투비행단,대광종합상사
55870,(227172-C)소형 잠수자 추진기 구매,국군재정관리단,희원
55875,22년 대대급 안전보호세트 구매,제8기동사단,주식회사 우리방재
55876,산불진화 개인보호물자 구매,제8기동사단,JH컴퍼니
55877,22-06-173 합성데크 등 4품목,공군교육사령부,대성
55879,`22년 대대급 안전보호세트 구매,육군 제37보병사단,아이비메디
55884,대대급 안전보호세트 구매,육군 제1군단,주식회사 순수팩토리
55888,"게이지, 압력측정용, 문자판식 등 6종 구매",해군군수사령부,케이테크
55893,'22년 냉/난방기 설치납품,제3707부대,주식회사 젠탑(GENTOP)
55895,155밀리 백색(7호) 추진장약 점화제 보호캡 구매,육군 탄약지원사령부,현민기업
55904,호스류,지상공통전력운영계약팀,탑앤케이코리아 주식회사
55913,신속항원진단키트(전문가용)구매(2차),제1군수지원사령부,움트리
55914,'22년 대대급 안전보호세트 구매,제17보병사단,보나오라
55915,탑승식 청소차(전동) 구매,제1군수지원사령부,대한상재
55918,대테러 물자(3종) 구매,수도방위사령부,싹컴퍼니(ssagcompany)
55921,UDT 훈련화(120FW) 구매,해군작전사령부,세이프티코리아
55922,00부대 치장창고 물자 구매(PP박스),동원전력사령부,씨아이
55923,32동지단 치장창고 물자 구매 계약의뢰(2차)(파레트),동원전력사령부,탑시스템
55924,축구공 등 34품목 구매,제9227부대,유에스ENG(US ENG)
55927,이동식 파렛 랩핑기 2SET 구매,해군군수사령부,주식회사 에프엔서플라이
55933,"등, 마루용 등 2종 구매(119)",해군제1수리창,청아철물설비
55950,소음기 등 14종,제7001부대,미래테크
55951,대대급 안전보호세트 구매,제2군단,마이트
55952,[22-C29]2분기 ATCIS 운용용품 외 구매계약,제6보병사단,유명상사
55953,세탁조 클리너 등 24종,해군군수사령부,스타일현 주식회사
55954,스트레치필름 등 9종,해군군수사령부,위드비
55955,콤비락 번호자물쇠 등 37종 구매,제7001부대,주식회사 북크로싱
55960,화진포콘도 해수욕장 감시탑 구매,국군복지단,노원 상사
55961,M2방향틀(등명구) 성능개선,지상공통전력운영계약팀,주식회사 코리아일레콤
55965,22년 적재훈련탄류,지상공통전력운영계약팀,디씨에이치(주)
55966,성인구조용마네킨 등 3품목,국군의무학교,(주)동성메디칼
55969,와이프용 구동 유니트,지상공통전력운영계약팀,동진테크
55970,22-해-사이버방호체계 도입,국군재정관리단,주식회사 진앤현시큐리티
55974,피아식별용IR 2종 구매,공군군수사령부,기현시스템
55976,00사단 식기세척기 임차,제3697부대,필립시스템
55977,티램주 등 100종 구매,제2002부대,주식회사 다온약품
55984,BD바큐테이너니들 등 16종 구매,해군교육사령부,효성메디
55985,Plastic snap Cap 등 9종 구매,제5738부대,해외대정 트레이딩
55986,턱걸이기구 등 11종 구매,해군교육사령부,대광산업
55990,퓨어스타 양면 드라잉타월 등 67종,재경근무지원대대,제이엘
55991,컷팅안전방안자 등 141종,재경근무지원대대,엔에이블
55992,저소음시계 등 82종,재경근무지원대대,NH
55997,'22년 전반기 A · J체계 운용품 구매,국군지휘통신사령부,에스에이치
56008,20비 스틸그레이팅 등 7품목 구매,제20전투비행단,주식회사 태흥그레이팅
56031,"취사기,야전용,트럭탑재식",지상공통전력운영계약팀,주식회사 금강특장차
56044,22-국-고성능입체비디오감식기 구매,국군재정관리단,(주)동욱씨앤아이
56052,22년 전술훈련용수류탄,지상공통전력운영계약팀,한국씨앤오테크(주)
56054,"산업용 내시경 등 18종 구매(22-4, 5)",해군제1수리창,지원종합상사
56055,22년 대대 안전보호세트 구매 계약,제5767부대,주식회사 금석건설
56056,22-1차 재난및안전관리(산불진화보호물자) 구매계약,제2신속대응사단,동우물류
56057,철밴드 등 21품목 구매,제9227부대,케이비정보
56060,군-군-4 22년 안전관리(화재진압 보호구) 구매,제15보병사단,진영기업
56061,군-군-3 재난 및 안전관리 물자 구매,제15보병사단,아이씨어
56065,22년 육성 방탄조끼 구매(수정),제2632부대,주식회사 비엠아이
56067,오피스라벨 등 467품목 구매,연평부대,(주)메들린
56068,소방 방화문 교체 납품,국군체육부대,네오상사
56069,스택박스 등 6종,제2002부대,파워에스에스
56072,22년 대대급 안전물자세트 구매,제2067부대,(주)에스엘티에스
56073,특정지역 경호물자류 구매(22-066),수도방위사령부,황노가
56076,장병 안전보호세트 구매 계약,제2신속대응사단,이지컴
56082,"(긴급)핀,토글용,유두형 등 19종",해군군수사령부,구름미디어
56085,대대급 안전 보호세트 구매,제1989부대,수원상사
56094,"실, 환경실험용",공군군수사령부,주식회사 정수테크
56096,"시일, 밀봉형 등 10종 구매(108)",해군제1수리창,남부상사
56097,알미늄 합금판 등 6종 구매(107),해군제1수리창,(주)동건
56098,역삼투 조수기 50톤,지상공통전력운영계약팀,(주)크로시스
56104,잭 박스,지상공통전력운영계약팀,극동전기공업
56109,22-해-4주식 리프트(대형) 구매설치,국군재정관리단,리우컴퍼니
56110,(227232-D) 재호흡기 구매,국군재정관리단,엘림네트웍스 주식회사
56112,"22-해-기, 신호용(A형크기4)등 199품목 구매",국군재정관리단,(주)군장코퍼레이션
56118,22년 대대급 안전물자 세트 구매,제9보병사단사령부,더제이원(THE J-ONE)
56121,22년 예비군 육성지원(야전배낭) 구매,제51보병사단,주식회사 순수팩토리
56122,농구부 훈련용품(유니폼 등 10종),국군체육부대,진영상사
56124,55경비단 하계용 하의 구매 납품(22-094),수도방위사령부,주식회사 레이나(REINA Inc.)
56133,활주로 진공 청소차,항공기총괄계약팀,드래곤모터스 주식회사
56140,(일장) 다목적굴착기 절연체등 18종구매,육군종합정비창,DGI산업
56143,"야전배낭(부사수, 탄약수)",지상공통전력운영계약팀,주식회사 대일산업
56145,총상모형박스 등 5품목,국군의무학교,주식회사 파라메스
56146,(22-070) 공기청정기 등 17품목 구매,공군제18전투비행단,주식회사비드블럭
56147,폰 스트랩 등 2종,해군본부,가람주식회사
56152,"22-공-분광계,회절격자용 구매(229114-F)",국군재정관리단,(주)스마트코리아
56158,[22-0083] 작전배낭,공군제17전투비행단,태백상사
56160,샤클 등 2종,제7001부대,에이엔디
56161,하이박스 등 55종,제7001부대,영림상사
56162,신속항원키트 구매(3차),제28보병사단,선우테크
56167,특전용품-공기매트 등 3종 구매,해군작전사령부,주식회사 해강
56180,"[22-73, 87, 90] PET밴딩기 등 61품목 구매",공군제10전투비행단,주식회사 큰나무
56186,(226017-C)랜야드 구매,국군재정관리단,엘리스컴퍼니
56187,22-국-쇼핑카트 등 5종 구매,국군재정관리단,주식회사조은기업
56188,22-공-디지털 공기자료 시험세트 구매,국군재정관리단,주식회사 그린이지
56194,[22-0097] 소화기 3품목,공군제17전투비행단,주식회사 한울방재
56195,00부대 후생용구 등 13종 구매,국방부근무지원단,주식회사 수연티앤씨
56198,'22년 대대급 안전보호세트 구매 계약,제7보병사단,주니컴퍼니
56200,특정지역 신사복류 구매 납품(22-046),수도방위사령부,주앤주
56202,플렉시블비트홀더 등 593종 구매,제5738부대,지만상사
56205,프레임 리프트 6EA 구매,해군군수사령부,한가람아이엔시
56221,22년 2분기 자산취득품목 구매,육군종합군수학교,주식회사 케이제이
56233,(조달) 22-1-033 소화기 등 4품목 구매,제3훈련비행단,주식회사 한울방재
56235,오링 및 개스킷류,지상공통전력운영계약팀,부강인더스트리
56236,이동식앰프 구매,제9911부대,불토스
56241,고프로 캠코더 2 SET 구매,제5738부대,제이에이치 테크
56242,잘풀리는집 미용티슈 등 516종 구매,제5738부대,미래오피스
56244,22년 00부대 문서회의체계 교체,제2작전사령부,한국씨엔에스
56246,테이저홀스터 등 8종 구매,제9911부대,캐리온
56250,실내자전거 등 7종 구매,해군교육사령부,예광
56252,수영복 등 4종 구매,해군교육사령부,소다(SOODA)
56256,"사이클,레슬링,바이애슬론,유도 용품 구매",국군체육부대,진영상사
56258,자물쇠통 5종 구매,해군군수사령부,티나라교육기획
56261,(긴급)알루미늄 합금 1종 구매,해군군수사령부,신동하이텍
56262,"(긴급)잉곳,주석-청동용 1종 구매",해군군수사령부,주식회사 이음
56264,(긴급) 래깅 핀 등 26종,해군군수사령부,경진테크
56265,"(긴급) 비석면판,압축식 등 14종",해군군수사령부,매쉬미디어(주)
56267,(긴급) 아연 석판 1종 구매,해군군수사령부,주식회사 비에스씨
56268,(긴급) 미소회로 등 7종 구매,해군군수사령부,미래상사
56269,"(긴급) 다기관,흡입용 등 10종 구매",해군군수사령부,주식회사남동
56271,"(긴급)휠, 광택연마용 1종",해군군수사령부,씨에스 강원
56272,다중계기 등 8종 구매,해군군수사령부,반도제일
56273,(긴급) 리니어 레일 등 3종 구매,해군군수사령부,신동하이텍
56274,"(긴급) 작동기,유압식-공기식,선형 등 6종 구매",해군군수사령부,윤스 리테일
56275,범퍼 3EA 구매,해군군수사령부,에이제이코리아
56276,(긴급) 팁 등 20종 구매,해군군수사령부,유니커뮤니케이션
56280,'22년 전반기 K체계 운용품 구매,국군지휘통신사령부,앨리스앤코
56288,하네스류,지상공통전력운영계약팀,대호정기(주)
56289,플렌지류,지상공통전력운영계약팀,우창기계 주식회사
56290,고속단정 인양기,지상공통전력운영계약팀,(주)테크플라워
56299,(군수-014) 하이라이트 등 2종,국방부계룡대근무지원단,홍빈솔루션
56301,(해-016) 사군자 파티션  2종 구매,국방부계룡대근무지원단,이젠진상사
56304,책꽂이 등 28품목 구매,제9691부대,영화산업
56307,22-공-군견(작전견) 건사료 구매,국군재정관리단,피에이치실업
56316,'22년 대대급 안전물자 세트 구매(안전벨트 등 6건),제1891부대,엠에스기프트
56317,예도세트 등 130품목 구매,제3283부대,아띠
56318,산악화 등 31품목 구매,제3283부대,도영
56321,안전보호세트 구매(A063),제21보병사단,제이와이케이 주식회사
56322,미보연고 등 36종 구매,제5738부대,(주)석호약품
56323,알지네이트 등 67종 구매,제5738부대,엠제이(MJ)인터내셔널
56324,데스민정 등 48종 구매,제5738부대,주식회사 닥터리츠
56325,풀업밴드 등 23종 구매,제5738부대,녹양코리아
56326,물먹는 하마 등 197종 구매,제5738부대,태양건설 주식회사
56327,자석 홀더 등 312종 구매,제5738부대,제이제이
56338,소화기 4종 구매,제1방공유도탄여단,(주)시온방재
56342,22년 대대급 안전물자 세트 구매,제60보병사단,해피ABN
56345,22-국-FW스위퍼 등 6종 구매,국군재정관리단,보라통상 주식회사
56347,22-공-청력보호헤드셋 구매,국군재정관리단,피앤비
56349,(226145-E) 학습프로그램(MS Office등 3종) 구매,국군재정관리단,주식회사 스타아이티
56350,22-덕-계산기 등 834품목 통합구매,제9691부대,SH상사
56352,핸드헬드 캠코더 등 3종 구매,제9965부대,지앤와이일렉텍(주)
56353,수중 VTR SET 등 3종 구매,제9965부대,엠에스컴퍼니
56357,"(긴급) 저항기,열민감식 등 4종 구매",해군군수사령부,토탈marine
56360,'22년 대대급 안전물자(절연장화 등) 구매,육군 제8군단,대광종합상사
56362,귀마개 등 205종 구매,해군교육사령부,주식회사 제이원
56371,게비스콘 더블액션 현탁액 등 68종 구매,해군 기동함대사령부,주식회사 다온약품
56381,국자 등 50품목 구매,연평부대,현민새싹
56385,플러스펜 3000 수성펜 등 79종,제7001부대,국일광고산업
56400,레그익스텐션 등 21종 구매,해군 기동함대사령부,주식회사 태촌실업
56401,레그익스텐션 등 21종 구매,해군 기동함대사령부,주식회사 태촌실업
56402,레그익스텐션 등 21종 구매,해군 기동함대사령부,주식회사 태촌실업
56403,(227208-E) 대테러복 등 5종 구매,국군재정관리단,수지상사
56405,"22-공-발생기,신호용 구매",국군재정관리단,유엘피 주식회사
56406,(226162-E) 신앙상징물 4종 구매,국군재정관리단,주식회사 이노스트림
56411,하드스틱 등 38종 구매,제2112부대,아주환경방역공사
56413,물티슈 등 40종 구매,제9121부대,오피스플러스
56416,DVD(듄 등 51종) 구매,해군사관학교,대광산업
56417,"(JSA-8) 판문점 캡모자, 반바지 구매",제1보병사단,주식회사 효령종합건설
56421,00대대 방열기 자재구매,제17보병사단,리오상점
56423,코팅지 등 22품목 구매,제3283부대,중앙종합상사
56425,"(긴급)혼,신호용 등 6종 구매",해군군수사령부,성광상사
56430,"열전대, 접촉용 등 2종 구매",해군군수사령부,신동하이텍
56436,고속단정(해병대용 및 해군용),지상공통전력운영계약팀,주식회사 우남마린
56437,"간, 조준용",지상공통전력운영계약팀,우창기계 주식회사
56442,(226202-C)보링기11KW 구매,국군재정관리단,효선
56449,하네스류,지상공통전력운영계약팀,대호정기(주)
56451,종이컵 등 600종 구매,제9911부대,한일상사
56454,22년 국가기술자격검정 실기시험 재료 구매,육군 제1군단,해다
56457,(긴급) 체스터 도어 등 3종,해군군수사령부,디에이치 시스템
56460,'22년 안전보호세트 구매,제1보병사단,공감
56461,물밀대 등 576종 구매,해군교육사령부,주식회사 정우상사
56463,'22년 폭염대비 물자 구매,제3697부대,주식회사 남달라
56466,장병안전보호세트,수도군단,(주) 에이스티앤아이
56467,훈련장 입간판 제작설치,제9227부대,서원
56469,주소용라벨 등 774종 구매,제9911부대,주식회사 해강
56472,쇼파테이블 등 8품목 구매설치,제9227부대,홍익
56475,"(긴급)램프,발광 다이오드용 등 28종 구매",해군군수사령부,제일테크
56483,동그량땡 구매,해군군수사령부,삼진유통
56484,"(긴급) 콘덴서,냉각용 1종 구매",해군군수사령부,주식회사 더원시스템
56488,"사이렌, 전동기 작동식 등 14종 구매",해군군수사령부,국제전기
56491,(긴급)오링류 등 12종 구매,해군군수사령부,에이스철물건자재주식회사
56495,10톤 가레이지작키 등 4종 구매,해군군수사령부,지그인더스트리
56496,개스킷 등 16종 구매,해군군수사령부,현대정밀가스켓
56503,스텐평식기 구매,공군군수사령부,윤슬
56508,(육성) 00부대 출입문 교체,육군 52보병사단,(주)쓰리에스리더
56511,22-해-자동 세차기 구매(228100-D),국군재정관리단,주식회사 게이트웨이
56520,22-국-워크인쿨러 등 3종 구매설치,국군재정관리단,동해하이테크산업(주)
56524,22년 6~8월 부대계약 (어육가공품),제15보병사단,(주)해도식품
56529,00부대 안전보호세트 구매,지상작전사령부,드루와 쇼핑
56534,22-05-171 코팅팬 등 2품목,공군교육사령부,조아상회
56535,(안전실)22년 대대급 안전보호세트 구매,제7군단,주식회사 래이오
56539,공병대대 분말소화기 4.5kg 등 4종(근-22-012),공군작사근무지원단,금호전기조명(주)
56540,'22년 대대급 안전물자 구매,제3697부대,(주)이코엠에스
56542,골강주사 마네킨 등 5품목,국군의무학교,(주)동성메디칼
56547,(화공) 에버루브 620 등 9종 구매,육군종합정비창,마창케미칼 주식회사
56555,22-공-00단련장 전동승용카트(5인승) 구매,국군재정관리단,주식회사 컴버스테크
56556,(226019-G)22년모바일/멀티미디어체계교체(리스물건),국군재정관리단,주식회사 소나타시스템즈
56577,브리넬 경도기 구매,육군종합정비창,주식회사 이수케이
56580,QCPR마네킨 등 3품목,국군의무학교,주식회사 파라메스
56591,"(22-007) 조명등, 무기용 1종 51점",공군제5공중기동비행단,에이엔티코리아 주식회사
56592,"(22-012) 망원경, 직선형 1종 8점",공군제5공중기동비행단,현대미건
56595,재난 안전관리 폭염대비 물자 구매,육군항공학교,유원 인터내셔널
56598,2분기 통합구매(와이어 자물쇠 등 503종),해군사관학교,주식회사 유진기업
56599,22년 재난 및 안전관리 (폭염대비물자) 구매계약,제7보병사단,미성이엘이
56605,22년 155밀리 장전훈련탄,지상공통전력운영계약팀,주식회사영진테크
56609,(일장) 교량가설단정 솔레노이드등 4종구매,육군종합정비창,DGI산업
56617,22-공-전동카트 구매,국군재정관리단,세계실업 주식회사
56626,"시일, 평면형 등 12종 구매(105)",해군제1수리창,유진물산
56631,지주목 등 140종,제7001부대,주식회사 태촌실업
56634,22년 대대급 안전물자 세트 구매,제5181부대,(주)티웍스
56638,'22년 대대급 안전보호세트 구매,제2307부대,주희테크
56640,2분기 통합구매(컷팅매트 등 390종),해군사관학교,국일광고산업
56641,대기용 활성탄 등 20종,해군군수사령부,(주)동건
56642,"변환기, 가속도용 등 14종 구매",해군군수사령부,조이스툴
56643,"(긴급)고정물,전등용 등 3종 구매",해군군수사령부,해오름달
56645,"핀, 피스톤용 등 14종 구매",해군군수사령부,미로유통
56650,"콘덴서, 냉각용 등 4종 구매(106)",해군제1수리창,영동상사
56656,하우징류,지상공통전력운영계약팀,덕인산업
56659,"22-04-119 시험세트, 초음파식 1품목",공군교육사령부,스타커넥트
56663,실내사격장 피탄지 고무판 교체 설치납품,육군군수사령부,더지(theg)
56664,22-해-센타리스 그라인더 머신 구매,국군재정관리단,태양이엔지 주식회사
56667,22-공- 주파수 측정세트 구매,국군재정관리단,세움
56668,"(226165-D) 시험세트군,전자계통용 구매",국군재정관리단,주식회사 이수케이
56669,(226115-D) 차아염소산나트륨 등 2종 구매,국군재정관리단,더원기업
56678,22년 대대급 안전물자세트 구매,제32보병사단,크신능력상사
56679,22-3차 정보통신운영지원(웹캠 AU100 등 87품목),제15보병사단,주식회사 다온전력
56681,스케치북 등 265종 구매,해군교육사령부,하나상사
56687,캐디기 등 6품목 구매,제9227부대,지안유통
56689,직각자 등 557품목 구매,제9181부대,에이블커머스
56690,펜라이트 등 157품목 구매,제9181부대,더블유원
56711,(긴급)열 및 연기 감지기 등 2종구매,해군군수사령부,(주)동건
56712,"핀,토글용,유두형 등 10종",해군군수사령부,주식회사 윈에스테크
56715,고경도 볼엔드밀 등 48종 구매,해군군수사령부,제이에이치 테크
56719,"회전자, 전동기용 6EA 구매",해군군수사령부,(주) 영창기술원
56720,MIT SAH 하드디스크 패키지 1종,해군군수사령부,(주)동건
56721,무선단자 세트 등 5종 구매,해군군수사령부,케이에이치필룩스 주식회사
56723,"잉곳,구리 등 1종",해군군수사령부,주식회사 비에스씨
56731,충전그라인더 등 2종 구매(103),해군제1수리창,성진
56734,(22-091) 초음파진단기1종,공군제5공중기동비행단,주식회사 오로라
56741,엘보우류,지상공통전력운영계약팀,삼호정밀
56743,(육성)훈련대 방역물자 4종 구매,육군 52보병사단,스카이컴퍼니
56744,22년 대대급 안전보호물자세트 구매,제5보병사단,정민테크
56750,22-국-유전자 감정재료 구매,국군재정관리단,(주)에이치엔에스바이오
56756,"축,직선형 등 2종 구매",해군군수사령부,토탈marine
56763,샌딩기 등 36품목 구매,제9181부대,지안상사
56771,목문손잡이 등 50종,제7001부대,주식회사 제이앤에스
56779,수입봉류,지상공통전력운영계약팀,티케이(T.K)테크
56780,"(22-008) 소음기,총용 1종 51점",공군제5공중기동비행단,주식회사 유티지
56785,포세틸입상수화제 등 16종(22-066)복지,공군제19전투비행단,주식회사 산그린
56790,"22년 호이스트, 체인식",지상공통전력운영계약팀,디씨에이치(주)
56802,"유조차(4,000 G/A)",기동총괄계약팀,드래곤모터스 주식회사
56805,도마 등 77종 구매,제9911부대,에스엠컴퍼니
56807,실내손잡이 등 95종 구매,제9911부대,디에이치산업
56808,22년 전관용 통신 앰프 구매,육군 제1군단,동진상사
56815,소화기 4종 구매,국방부계룡대근무지원단,주식회사 에이치피솔루션
56816,22년 폭염대비 물자 구매,육군 52보병사단,월드산업
56825,배구부 훈련용품(배구화 등 2종),국군체육부대,도토리
56828,22년 육군제25보병사단 안전보호세트 구매,제25보병사단,다함
56831,(긴급) 돔형 글로브 등 4종 구매,해군군수사령부,케이테크
56832,"(긴급) 축압기,유압식 등 3종 구매",해군군수사령부,미래상사
56838,포켓용 손전등 400EA 구매,해군군수사령부,주식회사 이음
56846,(일장) 교량가설단정 피스톤 구매,육군종합정비창,DGI산업
56850,'22년 안전보호세트 구매,제11기동사단,대성컴퍼니
56852,22-공-기상정보지원기 구매,국군재정관리단,주식회사 세안정보통신전기
56864,22년 신속항원진단키트 구매,제2067부대,백광유통
56865,메모홀더 등 91품목 구매,제9227부대,시나브로
56867,대형컷터날 등 78종,해군군수사령부,주식회사도영디와이
56872,회의용 USB스피커 폰 등 144종,제7001부대,와이에스통상
56873,에어콘 등 3품목 구매,연평부대,주식회사 블루문
56878,야전배낭Ⅱ형(해병대용 디지털무늬) 구매,제9181부대,신화상사
56881,"세척 및 윤활제, 전기 접점용 구매",해군군수사령부,"주식회사 나라에스앤씨 (NaRa SNC Co.,Ltd.)"
56882,(긴급) 메카니칼 시일 등 8종 구매,해군군수사령부,(주)블루마린
56885,(긴급) 실링 등 9종 구매,해군군수사령부,케이테크
56886,경비함용 음탐기 보호용 카바 구매,해군군수사령부,(주)화승소재
56890,(긴급)오-링 등 8종 구매,해군군수사령부,케이원에스티
56891,(긴급)개스킷 등 11종,해군군수사령부,동진기업
56893,"(긴급)와셔,평면형 등 7종",해군군수사령부,(주)블루마린
56896,태극기 정기 등 5종 구매,해군군수사령부,주식회사 드림이에스
56904,휀다 및 판류,지상공통전력운영계약팀,(주)대립
56907,안테나(URC-106),미래전력사업전력운영계약팀,한성정공
56909,"22-해-표적지시기 세트, 전자 광학식 구매(228074-D)",국군재정관리단,주식회사 아세아통상
56912,22-공-로켓용폭음통 구매,국군재정관리단,주식회사 현대화이어웍스
56924,바닥 솔 세트 357종 구매,해군교육사령부,진영통상
56925,마당비 등 198종 구매,해군교육사령부,부명상사
56926,다목적 수세미 등 339종 구매,해군교육사령부,오피스플러스
56930,변환젠더 등 160품목 구매,제2112부대,은혜상사
56931,00부대 반조조끼 등 2종 구매,국방부근무지원단,모아패션&정경아드레스
56936,덤벨 등 22종 구매,해군제3함대사령부,유니온테크
56939,종이컵 BOX 등 145종 구매,해군교육사령부,영해
56940,3색 유성펜 등 57종 구매,해군교육사령부,신영물류
56942,바스켓 등 94종 구매,해군교육사령부,주식회사 우영물산
56944,학군단 견장 등 26종 구매,해군교육사령부,현준유통
56947,'22년 00관 GHP 실외기 구매 설치,육군사관학교,주식회사 성운이엔지
56966,무선프리젠터 등 207종 구매(4월),해군대학,제이에스(JS)컴퍼니
56968,"하키,핸드볼부 운동용품 구매",국군체육부대,예손 브릿지
56969,Cidezyme 등 17종 구매,제5738부대,주식회사제이케이컴퍼니
56970,코로나19 신속항원키트 등 40종 구매,제5738부대,주식회사 솔북
56971,유린백 등 73종 구매,제5738부대,현우종합상사
56972,DAY SET 등 5종 구매,제5738부대,주식회사 오케이팜
56973,'22년 대대급 안전물자 세트 구매,제9251부대,럭키필드
56975,로잉머신 등 9중 구매,제9911부대,이즈컴넷
56984,대대급 안전보호 물자세트(6종) 구매,육군 52보병사단,윙게이츠
56985,안전용품 등 33종 구매,국방부계룡대근무지원단,주식회사 계룡대종합상사
57003,22년 대대급 안전물자세트 구매,제2작전사령부,선우워너비
57004,00부대 통신운영용품 구매,국군제1068부대,주만산업
57006,차단막 등 2품목 구매,제9해병여단,거산개발
57008,야구부 훈련용품(유니폼 등 12종),국군체육부대,로얄코리아
57012,코팅필름 등 121품목 구매,제9181부대,벨루나 주식회사
57016,(긴급) 연마 및 광택기 등 3종 구매,해군군수사령부,동이유통
57018,(긴급) 디스플레이 유닛 1종 구매,해군군수사령부,디에이치산업
57023,"전자청진기 등 1항목 구매(대테러, 총포)",육군군수사령부,고운유통
57030,"유무선 내시경 등 1항목 구매(대테러,총포)",육군군수사령부,에스와이컴퍼니
57036,충전기 등 200종 구매,공군군수사령부,신라통상
57038,구리양극봉 등 32종 구매(91),해군제1수리창,주식회사 더블제이에스
57045,(화공) 순간접착제 등 22종 구매,육군종합정비창,삼일이화학상사
57047,발칸 부싱 등 10종 구매,육군종합정비창,금송산업
57053,22년 안전 보호세트 구매,제36보병사단,동승상사
57055,[22-68] 분사식 살충제 등 9품목 구매,공군제10전투비행단,미니미펫
57074,안전보호물자세트(6종) 구매(22-062),수도방위사령부,주식회사두성미디어
57075,대잠립 충격흡수형 폼 분리형 튜브 구매,해군제2수리창,한결
57076,스러스트 워셔 등 23종 구매,해군제2수리창,서해전기주식회사
57077,충전기 등 12종 구매,해군제2수리창,주식회사 부강이엔지
57081,세라믹 메탈할라이드 램프 등 2종(22-101),공군제19전투비행단,뉴스타
57082,PoE인젝터 등 45종(22-114),공군제19전투비행단,남촌산업
57083,22년 예비군 육성지원(훈련대기용 차양막),제51보병사단,한성컴퍼니
57085,노즐진공포장기 구매설치,제9227부대,제이에이치 테크
57086,22-조달-14[공병중대]소화기co2 4.6kg등3종,공군제7항공통신전대,초이스툴
57087,22-107 생도테니스장 메쉬휀스 등 3종,공군사관학교,주식회사 대주
57088,주름관 등 205품목 구매,제9181부대,경성이앤씨
57090,염소 등 806품목 구매,제9227부대,주식회사 신한기업
57091,요소수 등 182종,제7001부대,경북상사
57092,멀티프레스 2EA 구매,해군군수사령부,주식회사 브라이트텍
57095,전자 청진기 8set 구매,해군군수사령부,꾸매씨
57097,해상 호크나이프 109EA 구매,해군군수사령부,주식회사 에스앤피
57098,"(긴급) 패킹,성형식 등 14종 구매",해군군수사령부,부라더미싱
57105,"망원경,엘보형(방향틀용)",기동총괄계약팀,(주)우경광학
57112,(226149-D) 심폐소생술 마네킹 구매,국군재정관리단,성진실업
57120,코로나19 신속항원키트 전문가용 구매,제8385부대,에스제이유통
57121,스텔홀컵 등 8종 구매,제8385부대,(주)동건
57125,레스큐스트롭 등 6품목 구매,제3170부대,아산
57131,ABS도어 등 58종 구매,제9911부대,우리함께
57134,22년 축성도구 구매계약,제7보병사단,주니컴퍼니
57142,리테이너류,지상공통전력운영계약팀,덕인산업
57150,알미늄 합금판 등 9종 구매(82),해군제1수리창,조양상사
57156,22-04-139 분사식살충제 등 7품목,공군교육사령부,다해시스템
57157,"22-26) 안전물자(대대,유류) 구매",제7297부대,신경기산업(주)
57160,투명컷팅매트 등 79종 구매,해군교육사령부,해비치
57164,(긴급)오-링 등 12종,해군군수사령부,티에스케이
57165,"(긴급)등,경보용 등 15종",해군군수사령부,토탈marine
57181,하우징류,지상공통전력운영계약팀,수성엠앤디
57185,발칸 슬립링홀더 등 25종 구매,육군종합정비창,주식회사 에이앤씨인터내셔널
57186,발칸 핀 등 6종 구매,육군종합정비창,주식회사 에이앤씨인터내셔널
57191,"산탄총(조수퇴치용, 12게이지)",공군군수사령부,심산물산
57193,Xpert Xpress SARS CoV-2 87BX,제7001부대,주식회사 엔디
57198,(긴급) 해수감압변 10K-40A 1종,해군군수사령부,효원
57200,"(긴급)축,직선형 1종",해군군수사령부,국제전기
57201,"패킹, 성형식 등 11종 구매",해군군수사령부,주식회사 스틸라인
57211,자운학사 신발장 구매,국군복지단,우주상사주식회사
57221,22-공-견인식 제초기 구매,국군재정관리단,서진디스플레이 주식회사
57233,"계기,조도 측정용 등 3종 구매",해군제2수리창,지니종합상사
57235,"잭,유압식 등 8종 구매",해군제2수리창,희망교역
57239,F/W 승용식 스위퍼 구매,제8385부대,(주)오성인피니티
57243,크립통 등 903종 구매,제9121부대,나우통상
57245,자바라 컨베이어 등 12종 구매,해군작전사령부,반도
57254,"(긴급)핀,토글용,유두형 등 6종",해군군수사령부,더 레스토랑
57256,"여과기, 흡입용 등 14종 구매",해군군수사령부,주식회사 에코비투
57262,"(화공) 건조제,활성식 등 21종 구매",육군종합정비창,삼일이화학상사
57266,(화공) 접착제 등 1종 구매,육군종합정비창,삼일이화학상사
57267,(화공) 니켈광택제지 등 15종 구매,육군종합정비창,삼일이화학상사
57268,(화공) 클리너453그람 등 2종 구매,육군종합정비창,삼일이화학상사
57269,(화공) 염화닉켈 등 26종 구매,육군종합정비창,삼일이화학상사
57271,(22-048) 공기청정기 등 4품목 구매,공군제18전투비행단,주식회사 비엠코리아
57273,22-공-비디오 보오스코우프 키트 구매,국군재정관리단,에비던트코리아 주식회사
57275,22-공-전자감응식 헤드셋 구매(229049-F),국군재정관리단,미르텍
57276,데스크탑 등 3종,해군본부,은서유통
57281,스텐평와샤 등 3종 구매(89),해군제1수리창,대원상사
57282,공마대 등 3종 구매,제8385부대,영동문구센타
57285,매끄니 등 5종 구매,제8385부대,주식회사 포레나무병원
57286,공업용 랩,해군군수사령부,반도
57287,책꽂이 등 66종,해군군수사령부,대성
57289,데스크탑 RAM 등 73종 구매,해군작전사령부,에듀미라
57290,미끄럼방지매트 등 28종 구매,해군교육사령부,이지테크
57294,간이탄약 보관함 등 20품목 구매(도서지역),제9196부대,진실한사람들
57297,해류유속계 1set 구매,해군군수사령부,이강문구
57298,개스킷 등 10종 구매,해군군수사령부,주식회사 와겐
57303,"(긴급)고정물,전등용 등 3종",해군군수사령부,주식회사 부명
57317,"면봉, 소화기청소용 등 4항목 구매(처묶음)",육군군수사령부,주식회사진도아이비에스
57321,방진마스크 등 280종 구매,공군군수사령부,주식회사 템솔
57322,스로틀 링키지 등 71종 구매,공군군수사령부,티엔코리아(T&코리아)
57324,보오스코우프,공군군수사령부,주식회사백운
57327,냉동기세트(2톤),지상공통전력운영계약팀,(주)와이엠테크
57334,고체풀 등 172종 구매,해군교육사령부,가온
57337,방진마스크 등 20종 구매,제9911부대,주식회사 티앤제이커뮤니케이션
57338,진공부목 등 5종 구매,제9911부대,(JN)글로벌
57342,인덱스 클리어 홀더 등 515종 구매,해군교육사령부,진성유통
57347,네비게이션 등 4품목 구매,제2112부대,제이제이유통
57348,티눈밴드 등 38품목 구매,제9227부대,송은메디칼
57353,발칸 구동기쉼 등 20종 구매,육군종합정비창,정원사
57355,발칸 와셔 등 10종 구매,육군종합정비창,DGI산업
57356,발칸 핀 등 22종 구매,육군종합정비창,주식회사 엠디인터내셔널
57370,커틀벨 등 13종 구매,제9121부대,현준유통
57371,22년 산불진화 개인보호구 구매계약,제7보병사단,내무반코리아
57375,22년 대대급 안전보호세트 구매 계약,제15보병사단,주식회사 삼현
57388,접착제 등 11종 구매(86),해군제1수리창,(주)동건
57389,22년 155밀리 모의적재훈련탄 등,지상공통전력운영계약팀,동이피엠씨 주식회사
57403,22-P-손 세정제(Hand Wash) 구매,국군재정관리단,(주)미성씨앤씨
57414,22년 축성도구 구매,제5767부대,칠성유통
57434,견식줄 등 24품목 구매,제3170부대,(주)테스온
57436,바닥매트 등 18품목 구매,제3170부대,대명종합상사
57438,00부대 피팅룸 구매,국군제1068부대,동분서주
57445,방열기 자재납품 구매,제28보병사단,다올산업주식회사
57447,USB 연장 리피터 등 54품목 구매,제9227부대,지안유통
57449,SIEVE PACKS 구매,제9227부대,시나브로
57455,"(긴급) 조종간,자료입력용 1종 구매",해군군수사령부,현진테크
57457,"(긴급) 걸쇠,조임용 등 3종 구매",해군군수사령부,윤테크
57459,"(긴급)작동기, 유압식-공기식,회전형 1종",해군군수사령부,동산 주식회사
57471,(화공) 고착방지제 등 6종 구매,육군종합정비창,우진케미칼
57475,와이어트위스트펜치 등 88종 구매,해군 기동함대사령부,영신상사
57477,모조지 80g 등 41종 구매,해군본부,알파
57478,22-국-휴대폰보관함 등 5종 구매,국군재정관리단,인토스 주식회사
57485,코덱 등 5종 구매 설치,육군 52보병사단,코잇 주식회사
57486,[91전대] 연속시험기 1종(22-044),공군제19전투비행단,주식회사 유노미아
57487,[91전대] 분광광도계 등 2종(22-034),공군제19전투비행단,주식회사 시마즈 사이언티픽 코리아
57488,[91전대] 불소시안추출기 등 5종(22-024),공군제19전투비행단,케이팔 사이언스
57490,[91전대]자가동력시추기 1종(22-010),공군제19전투비행단,주식회사 유노미아
57493,"잉곳,주석-청동용 등 5종 구매",해군제2수리창,지니종합상사
57494,접착제 등 7종 구매,해군제2수리창,주식회사 승지산업
57496,테니스볼머신 구매,제9911부대,오공상사
57497,일체형 바벨세트 등 13품목 구매,제9227부대,아리아스
57504,체스형 자석홀더 등 141종 구매,제9121부대,리원
57505,"인식표용 튜브,고무링 등 2품목 구매",제3170부대,호미유통
57509,(긴급)MITSNAJG-3128GA(128GB SSD) 1종,해군군수사령부,(주)동건
57512,"제어유닛, 조속기용 등 2종 구매",해군군수사령부,삼동유통상사
57516,콜드 파이어 487EA 구매,해군군수사령부,제이에이치 테크
57521,친환경 세척기 1종 구매,해군군수사령부,바른사람들
57522,(긴급)3단피스톤링 등 17종,해군군수사령부,현대상사
57526,"보존코팅제, 고무용 등 2종 구매",해군군수사령부,토탈marine
57527,포탄 조립체 등 2종 구매,해군군수사령부,스타커넥트
57528,"등, 선박용 등 8종 구매",해군군수사령부,국제전기
57529,디스플레이 유닛 등 2종 구매,해군군수사령부,동산 주식회사
57530,22-3차 간부숙소 벽걸이형 냉방기 설치납품,제2307부대,(주)아신
57533,81밀리 추진장약 보호주머니 구매,육군 탄약지원사령부,(주)한일
57534,수입포 등 51개 품목 구매,육군 탄약지원사령부,민스맘
57541,인명구조화 구매,공군군수사령부,주식회사 경성에프.알
57547,마네킨 팔 등 7품목,국군의무학교,주식회사 파라메스
57548,마그넷 원라인(화이트) 등 54종 구매,해군 기동함대사령부,영종합상사
57555,22-해-승용식로타리모어 등 2종 구매,국군재정관리단,(주)텍스코
57570,"시일, 밀봉형 등 5종 구매(78)",해군제1수리창,영동상사
57571,원형손잡이 등 9종 구매(77),해군제1수리창,천곡철물상사
57572,판 등 10종 구매(76),해군제1수리창,현대상사
57574,(자재) 제재목 8종 구매,육군종합정비창,우진물산
57575,PP 포장박스 구매 계약,제1288부대,(주)하이플
57576,충전 그라인더 등 3품목 구매,제9691부대,다정컴퍼니
57579,22-공-신호발생기 1품목 구매,국군재정관리단,주식회사 티앤엠시스템
57581,파라필름 등 9종 구매(22-3),해군제1수리창,조양상사
57582,경광등 등 342품목 구매,제3170부대,하나이야기
57583,김서림방지제 등 274품목 구매,제3170부대,두나무조경
57584,오-링 등5종,해군제3함대사령부,오피스디포 목포점
57585,콘넥트 조인트 등 41종,해군제3함대사령부,꿈에그린
57588,도어락(레버식) 등 29종 구매,해군제3함대사령부,무안유통
57591,연마페이퍼 등 358품목 구매,제3170부대,정빈솔루션
57602,(226130-D) 정비피복(정비화) 구매,국군재정관리단,진성네트웍스 주식회사
57605,(226094-F)방폭담요 구매,국군재정관리단,씨지에스아이티(주)
57608,(227037-C) 테라펜정 등 352품목 구매,국군재정관리단,청우약품주식회사
57616,간부숙소 가전 구매(1차),제6군단사령부,에스엠컴퍼니
57617,컨베이어(자바라형) 등 2품목 구매,연평부대,(주)대원지엘에스
57618,레터링 바스켓 등 748종 구매,해군작전사령부,주식회사 부영상사
57624,00함 탄약승강기 정비,해군군수사령부,(주)대명엘리베이터
57628,"발생기, 신호용 구매",해군군수사령부,매쉬미디어(주)
57635,(정수) 액상가성소다 등 2품목 구매,육군종합정비창,삼일이화학상사
57636,(정수) 액상황산알루미늄 등 7품목 구매,육군종합정비창,마창케미칼 주식회사
57641,혈액형 검사시약 등 49종 구매,국방부계룡대근무지원단,새물결
57646,22-03-073 밀링머신 등 1품목,공군교육사령부,하나이야기
57649,주름관 발브소켓 등 175종 구매,해군제3함대사령부,만리통상
57650,폼업 등 13품목 구매,제9181부대,다솜코퍼레이션
57654,22-03-061 컴파운드 등 2종 구매,공군제16전투비행단,에이에이피에어로스페이스 주식회사
57658,"(긴급)절연 펠트, 방열용 등 6종",해군군수사령부,신영에이텍
57667,22-03-061 컴파운드 등 2종 구매,공군제16전투비행단,에이에이피에어로스페이스 주식회사
57677,"3단 자동우산, 타올세트 등 2종 구매",해군본부,은혜상사
57679,(22-028) 분말소화기 등 3종 소방기구 소화기 구매,공군제18전투비행단,서준코퍼레이션
57680,삼단봉 등 6종,해군본부,마중물
57693,동판머그컵 등 57종,제7001부대,신흥컴퍼니
57695,[22-1013] 포세틸 알루미늄 입상수화제 등 15품목,공군제17전투비행단,디에스 정보통신
57696,"럭비,이동표적,테니스,배드민턴 운동용품 구매",국군체육부대,진성
57702,"허브,몸체용 등 8종 구매",해군제2수리창,씨에스 경기
57718,22-공-군견사료 2품목 구매,국군재정관리단,호박마켓
57726,00부대 전통 하속옷 등 1종 구매,국방부근무지원단,에이치아이엠
57731,사진인화지 등 123종 구매,해군작전사령부,세정유통
57732,제트라인 등 652종 구매,해군작전사령부,주식회사 반석
57733,업무공유체계 서버 구매/설치,해군작전사령부,삼화텔콤
57734,22-03-112 자외선 램프 등 60품목,공군교육사령부,선민상사
57735,야자매트 구매,제9121부대,한일주방닥트
57739,모기향 등 7품목 구매(22-065),공군제15특수임무비행단,휴스테크
57740,압력계 등 3종 구매(71),해군제1수리창,다모아상사
57741,압력감지기 등 4종 구매(72),해군제1수리창,상승물산
57744,(22-032) 저항표준기 등 1종,공군제5공중기동비행단,시소커뮤니케이션
57745,"(22-046) 보정기, 회전력 1종",공군제5공중기동비행단,디에이치산업
57753,멀티메타 등 151종 구매,해군제1수리창,서주통상
57754,실링기 등 29품목 구매,제3170부대,동아유통
57758,톤백,해군군수사령부,대광산업
57762,"여과기, 흡입용 등 5종 구매(48)",해군제1수리창,가진테크
57764,"표시기, 유량용 등 2종 구매",해군제1수리창,삼동유통상사
57765,결재판 등 376종 구매,해군제1수리창,전승 종합상사
57766,"조달-기체(군)-8, 다목적 진동카트",공군군수사령부,함초롬
57769,22-공-신호용발생기 구매,국군재정관리단,서연유통
57770,"22-공-초음파식, 시험세트 구매",국군재정관리단,예다컴퍼니
57776,22-03-099 아트지 등 4품목,공군교육사령부,룩섬
57783,브래킷 리셉터클 등 14항목 구매(궤도),육군군수사령부,창진ENG(주)
57784,다중계기,공군군수사령부,주식회사 진성하이텍
57792,22-공-종이걸레 등 2종 구매,국군재정관리단,그린코리아주식회사
57796,페이퍼타월 등 258종 구매,제5738부대,주식회사 금경
57798,[22-B13]00부대 물탱크 교체(설치 납품),제6보병사단,화우
57799,[22-C10]1분기 ATCIS 운용용품 외 구매 계약,제6보병사단,주식회사 정현출장경리
57800,생물학 무기진단 키트 구매,국군화생방방호사령부,그린종합사무기
57801,22-1차 축성도구 세출예산 구매계약 의뢰,제6보병사단,화우
57807,탄약정비용 안전보호용품(안전모 등 21개 품목),육군 탄약지원사령부,효(HYO)컴퍼니
57811,"링,지지용 등 161항목 구매(총포)",육군군수사령부,에스엔더블유테크
57824,지지대 범퍼 등 88항목 구매(기장),육군군수사령부,티케이(T.K)테크
57841,군장품(오버로크) 계약,제9보병사단사령부,고양체육사
57846,20비 작업대 등 15종 구매,제20전투비행단,주식회사 케이알피아
57847,20비 열감지기 등 23종,제20전투비행단,주희솔루션
57851,해병-국민안보공감대 홍보품 구매,제9691부대,주식회사 한길파트너스
57861,"링, 피스톤용 등 10종 구매",해군군수사령부,유민상사
57886,세탁물 운반카트 등  2종 구매,제5738부대,이성우-성도종합중기
57889,포세틸입상수화제 등 16종(22-066)복지,공군제19전투비행단,성우약국
57891,자외선램프 구매,제9181부대,오리
57892,유격포제 등 6품목 구매,제9181부대,티에스
57899,HET 권양기(레버블럭) 구매,제1군수지원사령부,에스지컴퍼니
57901,오링 등 8종 구매,해군제2수리창,동 인
57903,헬멧 위장 커버 등 20종 구매,해군작전사령부,예림유통
57919,GPS L1_L2 수신키트 등 4종(22-075),공군제19전투비행단,뉴스타
57933,22-024 군사훈련처 / 패러글라이더,공군사관학교,주식회사우정상사
57938,좌식테이블 구매 납품,제3283부대,희경상사
57946,22-1차 ㅇㅇ체계 운용품 구매,국방정보본부,보라매컨설팅
57947,'22년 부대조달후식(에너지음료) 구매,5군수지원사령부,(주)씨알푸드
57949,방화도구함 등 7품목 구매,제9181부대,구구컴퍼니
57952,"(긴급) 변환기,전력용,정지형 등 8종 구매",해군군수사령부,토탈marine
57953,(긴급) 전자접촉기 등 4종 구매,해군군수사령부,미래상사
57956,"(긴급) 변압기,전위차용 등 5종 구매",해군군수사령부,국제전기
57958,소음기 등 5종 구매,해군군수사령부,동산 주식회사
57960,탄약정비용 안전보호용품(반코팅장갑 등 2종) 구매,육군 탄약지원사령부,목화표장갑
57976,"저항기,가변식,권선형,비정밀형 등 4항목 구매(일장)",육군군수사령부,도현텍
57980,공기여과기 등 1항목 구매(일장),육군군수사령부,주식회사 해강
57986,00부대 통합막사 내부도색 자재구매,제2군수지원여단,"춘천사랑종합유통,필립스A/S"
57987,(조달) 22-1-019 초소계단 등 3품목 구매,제3훈련비행단,엘케이기획
57998,알곤 등 7종 구매(검사비 포함),제8385부대,대일가스
58001,"(긴급)시일, 밀봉형 등 7종",해군군수사령부,토탈marine
58004,"(긴급)페룰, 압축용, 튜브이음용 등 7종",해군군수사령부,미래상사
58008,(긴급)데드맨 릴 등 2종,해군군수사령부,미래상사
58009,"(긴급) 와셔,평면형 등 3종 구매",해군군수사령부,토탈marine
58010,이어폰 엘리먼트 등 2품목 구매,해군군수사령부,시소커뮤니케이션
58012,"리테이너,패킹용등 20종 구매",해군군수사령부,남양코스메틱 주식회사
58016,"링,지지용 등 7항목 구매(특무)",육군군수사령부,동산 주식회사
58021,오리콘 단자용판 등 17종 구매,육군종합정비창,주식회사 배성테크
58022,(일장) 다목적굴착기 절연체등 12종구매,육군종합정비창,신기산업
58025,오리콘 오링 등 27종 구매,육군종합정비창,금송산업
58026,TAS-815K 발광다이오드 등 8항목 구매(통신),육군군수사령부,주식회사 엠디인터내셔널
58034,(조달) 22-1-027 웹캠 등 32품목 구매,제3훈련비행단,다다
58035,(227106-F)22년 윈도우7 보안패치SW 구매,국군재정관리단,한길씨앤씨 주식회사
58053,"(긴급) 감압변, 50A 등 8종 구매",해군군수사령부,엠에이치유통
58059,여군 흑단화 등 2종 구매,해군군수사령부,주식회사 한신제화
58060,여군 흑단화 등 2종 구매,해군군수사령부,영광제화
58065,"간격유지기, 봉합식 1종 구매",해군군수사령부,신영에이텍
58079,청력검사실 등 3종,공군군수사령부,비티컴주식회사
58087,22-공-공기호흡기 구매,국군재정관리단,제이알코퍼레이션
58089,(227101-C) 안테나 제작용 자재(재료) 구매,국군재정관리단,누리코리아
58091,22-해-건식청락기 구매,국군재정관리단,주식회사 금경
58096,컷터날 등 91종 구매,제5738부대,상생상사
58097,(긴급)함장실 쇼파 등 3종,해군군수사령부,지앤제이(G&J)커리어
58098,제설제 살포기 구매,제9911부대,서현기획
58099,체인 등 2종,제7001부대,아덴
58102,"(긴급) 커플링,축용,고정식 등 2종 구매",해군군수사령부,주식회사 태양테크
58106,체인 핀 등 3항목 구매(기장),육군군수사령부,주식회사 칼라투
58107,"벨트,브이(V)형 등 7항목 구매(기장)",육군군수사령부,에스엔더블유테크
58116,위임-4) 공조기 냉온수코일 설치납품,육군군수사령부,주식회사 에이팩
58117,화재진압 보호구 구매계약,제9보병사단사령부,주식회사 엠피알 코리아
58122,"나침의, 자기식, 설치형 등 6종 구매(22035, 22050)",해군제1수리창,강원딜라잇
58125,레이저포인터 등 268종 구매,제8385부대,지원종합상사
58130,22년 고흥 예비군훈련장 검문소 물자 구매,제1989부대,바다랑 들녘이랑
58132,"22-03-094 테오도라이트, 측량용 등 2품목",공군교육사령부,하나계기상사
58135,"콘덴서,냉각용 등 10종",해군제3함대사령부,만리통상
58136,정렬핀 등 25품목 구매,제3170부대,금탁종합상사
58144,윤활방청제 등 252품목 구매(22034),해군제1수리창,창전동
58152,"탱크, 용융도금용, 직접 가열식",공군군수사령부,대한테크
58153,22-1차 정보화예산 집행,제1862부대,주식회사 엠텍정보시스템
58156,대형버스 어라운드뷰 등 4종 구매,제9911부대,(주)이코엠에스
58161,축성도구 구매,제28보병사단,영흥인퍼스
58162,조립식과속방지턱 등 31종 구매,제8385부대,금성상사
58173,"엘보,튜브 및 보스 연결용 등 17항목 구매(궤도)",육군군수사령부,시연테크
58186,(화공) 록타이트등2종 구매,육군종합정비창,대광산업
58189,안전밴드 등 247종 구매 납품,제3283부대,반도종합상사
58202,미끄럼방지 웨이브매트 등 174종,제7001부대,퓨리에어
58203,22-03-083/084 단디큐브형 접착메모함 등 2품목,공군교육사령부,선우블라인드 커튼
58205,"부호기, 디지털표시식 등 2종 구매",제9121부대,바로상사
58207,보강토블럭 등 2종 구매,해군교육사령부,주식회사 진성하이텍
58208,보이스레코더 등 7종 구매,제5738부대,피톤치드라이프협동조합
58210,'22년 HET 권양기 구매,제2군수지원여단,주식회사 칼라투
58211,사관실 쇼파등판 수선 등 18종,해군군수사령부,삼마소파
58212,"POWERHEAD,GEN5 등 4품목 구매",제9181부대,아름글로벌
58214,폴리퍼티 등 3종,해군군수사령부,윤테크
58215,"접합제,철 및 강철용 등 11종",해군군수사령부,윤테크
58217,"(긴급) 끝 이음쇠, 가요성 케이싱용 1종 구매",해군군수사령부,영화상사
58219,활성탄 등 5종 구매,해군군수사령부,주식회사 알파화학
58228,HET 권양기 구매,육군제7789부대,주연아이씨티
58229,항-22-006 심전도계 운동부하용 등 2종,공군사관학교,킴스헬스케어
58245,편지지 등 319종 구매 납품,제3283부대,한국타이어 여명상사
58253,COVID19 Ag신속항원 진단키트(전문가용) 400박스,제7001부대,관고동
58254,전기레인지 2구 구매,제8385부대,청아철물설비
58255,온장고 등 7종,제7001부대,주식회사 부영상사
58258,DDH 반목 등 26종 구매,해군제2수리창,이제이코퍼레이션
58259,강당걸레 등 140품목 구매,제9227부대,주식회사 태건전재
58261,검정포제 등 9종,해군군수사령부,주식회사 태촌실업
58266,"(긴급)제재목,연재질,판자벽용 1종",해군군수사령부,에이치필
58268,(긴급) 디스플레이 유닛 등 5종 구매,해군군수사령부,디에이치산업
58270,(긴급) 음성기록카드 등 2종 구매,해군군수사령부,토탈marine
58277,"(긴급)변환기,신호자료용 등 2종",해군군수사령부,미래상사
58281,(긴급)디지털온습도계 등 60종,해군군수사령부,동진상사
58282,온장고 1종 구매,해군군수사령부,제이에이치 테크
58284,안테나 70PM 등 2종 구매,해군군수사령부,주식회사 위성안테나전자
58285,"패킹, 성형식 등 4종 구매",해군군수사령부,도현텍
58289,비파괴검사 재료 구매,육군 탄약지원사령부,주식회사 로뎀하이텍
58298,제트스트림 등 24품목 구매,제9691부대,영화산업
58299,22-덕-배토사 등 4종 구매,제9691부대,메칸더 씨앤에스
58301,22-덕-에어콤푸레샤 등 3종 구매,제9691부대,불토스
58306,22-공-고정식 자기검사유닛 구매,국군재정관리단,주식회사 에코비투
58315,육군훈련소 인권존중실 홍보품(벽시계) 구매,육군본부,엘에스글로벌
58326,항-22-007 군수과 / 천평전자식 계수형 등 3종,공군사관학교,주식회사 우영물산
58338,모사전송기 1항목 구매(통신),육군군수사령부,주식회사 소향
58351,22-공-전자전모의 신호발생기 구매,국군재정관리단,다산상선 주식회사
58354,T자 등 289종,해군제3함대사령부,무림오피스웨이목포점
58356,스테인리스 커팅자 등 241종,해군제3함대사령부,만복통상
58365,탄약 정비 일반자재(봉인 알루미늄 등 2개 품목) 구매,육군 탄약지원사령부,디렉트
58366,참모총장 개인표창 부상품(메달) 구매,육군본부,주식회사 엔미디어솔루션
58369,"22-052 뱃지, 키링 2종",공군사관학교,주식회사 케이케이
58377,"VRC-946K 확성기,영구 자석식 등 3항목 구매(통신)",육군군수사령부,주식회사 세연인터내셔널
58379,22년 1분기 자산취득품목 구매,육군종합군수학교,기린네트워크
58404,윙카호스 구매,제9181부대,에이엔컴퍼니
58406,소방호스 등 5종 구매,제9121부대,주광유통
58421,"(긴급) 등, 선박항해용 등 4종",해군군수사령부,레전설 컴퍼니
58443,사단봉 120개 구매,해군본부,주식회사 복은
58461,미용티슈 등 47종 구매,제9121부대,주광유통
58464,"제재목,연재질,두꺼운형 등 5종",해군군수사령부,제이에이치 테크
58466,유해발굴 수습물자 태극기 등 13종 구매,국방부유해발굴감식단,메이순주식회사
58476,"22-공-시험세트, 초음파식 구매",국군재정관리단,주식회사 파파콜렉션
58488,22-02-062 IC 등 153품목,공군교육사령부,티엠씨엘에프 주식회사
58491,"강당걸레 등 1,150종 구매",제9121부대,주식회사팔공물산
58493,공업용세정제 등 9품목 구매,제3170부대,화로
58497,황색견장줄 등 21품목 구매,제3170부대,해원산업
58503,제빙기 등 6품목 구매,제9181부대,헤럴드
58506,초콜릿(초콜릿 가공품류) 구매,해군군수사령부,주식회사 명품식품
58522,쇼파 등받이 수선 등 14종,해군군수사령부,가람슬기상사
58523,디스플레이 유닛 5EA 구매,해군군수사령부,인터링크
58526,탄약 정비 일반자재(아세톤 등 29개 품목) 구매,육군 탄약지원사령부,주식회사 와겐
58551,타월렛트 구매,공군군수사령부,유진컴퍼니
58552,"계기, 전계 강도용",공군군수사령부,태화기업
58553,유압식 돌리형 잭 2종 구매,공군군수사령부,효컴퍼니
58573,22-1차 정보화 운용재료 구매(2210007-A),국군재정관리단,이수
58584,온장고 구매,제5738부대,주식회사 신한기업
58587,22년 1급 방진마스크 구매,제1군수지원사령부,주식회사 백사
58590,휄메저 등 44종 구매,재경근무지원대대,조이스툴
58591,발칸 와셔 등 17종 구매,육군종합정비창,정원사
58596,22-해-요소 등 27품목 구매,국군재정관리단,주식회사 제이에스원
58597,개스킷 등 8품목 구매(22021),해군제1수리창,삼동유통상사
58598,사물함 2인용 구매(직접 생산 업체),육군대학,주식회사피에프
58603,활주로램프 등 4종 구매,제5738부대,골드라벨
58604,블랙박스(승용) 등 5품목 구매,제9227부대,태성전지
58610,주형 등 8종,해군군수사령부,경진테크
58611,"잉곳,구리 1종",해군군수사령부,주식회사 비에스씨
58612,"링 세트, 피스톤용 등 27종 구매",해군군수사령부,동진상사
58613,흡인기이동식 등 4종 구매,해군군수사령부,아아컴퍼니
58615,유체정역학 유니트 등 4종 구매,해군군수사령부,신동하이텍
58619,"전동기, 교류용 등 3종 구매",해군군수사령부,주식회사 교성
58628,참모총장 개인표창 부상품(손목시계) 구매,육군본부,주식회사 아인코퍼레이션
58637,"스텐평와샤 등 14품목 구매(22028, 22033)",해군제1수리창,삼일
58658,ATCIS 디스플레이 광전자식 등 19항목 구매(통신),육군군수사령부,남촌산업
58659,PRC-999K 발광다이오드 등 42항목 구매(통신),육군군수사령부,주식회사 나우이노
58660,"PRC-950K 축전식,고정식 등 6항목 구매(통신)",육군군수사령부,주식회사 나우이노
58670,핸드 소켓 등 572품목 구매(22015),해군제1수리창,부원상사
58672,코팅필름 등 153종 구매,해군교육사령부,주식회사 반석
58675,00부대 KJCCS 및 ATCIS 운용용품 구매,지상작전사령부,주식회사 디앤엠팩토리
58678,DVD(블랙위도우 등 45종) 구매,해군사관학교,구룡
58683,22-02-059 알류미늄 등 9품목,공군교육사령부,도스패밀리
58689,크립 등 15종 구매,해군 기동함대사령부,영테크
58719,22년 부대조달 후식(에너지바) 구매,5군수지원사령부,주식회사 천일
58729,22년 군장품(오바로크) 구매,제25보병사단,주식회사 두원
58732,외장HDD 등 54종 구매,제8385부대,대명상사
58733,문화상품권 구매,제8385부대,(주)동건
58738,소변탈취제 등 117종 구매,해군교육사령부,스마트무역
58741,온장고(대) 등 2종 구매,해군제3함대사령부,에스에이치상사
58745,안테나 승강기군 1종 구매,해군군수사령부,성빈유통
58746,(긴급)미송(무절) 등 3종,해군군수사령부,비엠에이치주식회사
58749,"(긴급)표시기, 점검, 액체용 등 11종",해군군수사령부,케이테크
58750,"핀,토글용,유듀형 등 8종",해군군수사령부,토탈marine
58751,금형판재 등 7종,해군군수사령부,베짱이컴퍼니
58752,녹방지 코팅제 1종,해군군수사령부,메가프로
58755,"(긴급)창,선박용 등 5종",해군군수사령부,대원상사
58758,함상복용 포제약장 등 29종 구매,해군군수사령부,주성엠에스
58770,회전형 델리스코픽 스탠드 구매,공군군수사령부,케이디부품상사(KD부품상사)
58771,"천평, 비틀림식",공군군수사령부,아지트
58798,"22-공-시험세트, 진동기용 구매설치",국군재정관리단,(주)씨앤씨솔루션
58802,22년 축성도구 구매,제21보병사단,이엔씨코리아
58808,네임펜 등 65종 구매,해군교육사령부,이담
58826,니트로글리세린 등 90종 구매,해군교육사령부,네오썬팜
58827,본크리트 등 176종 구매,해군교육사령부,영남물류
58831,스텐평식기 등 2품목 구매,제3170부대,모멘트
58835,"(긴급)램프, 발광다이오드용 1종",해군군수사령부,동산 주식회사
58837,(긴급) 유체정역학 유니트 등 9종,해군군수사령부,케이테크
58851,컬러 정부화일 등 31종 구매,해군 기동함대사령부,해솔상사
58858,22-공-미립자계수기용 자동시료채취기 구매,국군재정관리단,주식회사 그린이지
58870,Siemens STEP7 Prof 등 3종 구매(22-01),해군제1수리창,진영기업
58871,배구부 훈련용품(유니폼 등 6종),국군체육부대,주식회사 에프엔프레시
58873,공카드 등 242품목 구매,제9181부대,영흥인퍼스
58878,샤프펜 등 45종,해군군수사령부,현대시스템
58884,자외선 램프 30W(G30T8) 등 7종,해군군수사령부,정빈테크
58891,(긴급)스트라이커 플레이트 등 11종,해군군수사령부,주식회사 정운씨앤씨
58892,"(긴급)하우징,전자구성품용 1종",해군군수사령부,도담헬스케어
58896,(긴급) 측정 막대-뚜껑 액위용 등 5종 구매,해군군수사령부,주식회사남동
58899,"(긴급) 시일, 밀봉형 등 6종 구매",해군군수사령부,베짱이컴퍼니
58902,주물사배합기 1종 구매,해군군수사령부,에이치제이
58911,순간접착제 등 770종,해군군수사령부,마티아
58915,(긴급)용접우산 등 255종,해군군수사령부,제이텍
58931,레이저프린트 1SET 구매,해군군수사령부,삼보
58942,STS 304 스텐판 등 11종 구매(22-2),해군제1수리창,주식회사 엠케이
58952,22-해-3단 진압봉 등 5종 구매,국군재정관리단,주식회사 파파콜렉션
58954,22-공-동력식 펀치용 프레스 구매,국군재정관리단,씨지에스아이티(주)
58961,"전압계 등 26품목 구매(2,18,20)",해군제1수리창,주식회사 엠케이
58964,"고정물,전등용등 5종",해군제3함대사령부,신정유통
58967,혈구계산기 1종(22-030),공군제19전투비행단,조양실업
58969,22-038 D급 소화기 등 5종,공군사관학교,드림티켓
58973,청소차 1종 구매,해군군수사령부,누리컴퍼니
58978,에폭시 코팅 키트 등 22종 구매,해군군수사령부,티나라교육기획
58980,세면기 연결호스 등 5종 구매,해군군수사령부,주식회사 와이에이제일
58981,쥐마개(대) 1종 구매,해군군수사령부,디아이에스아이앤씨 주식회사
58991,스폰지 등 44품목 구매(22019),해군제1수리창,대원상사
58992,22-해-청상어 실자용 표적 제작설치,국군재정관리단,우주산업플랜트 주식회사
58993,플러스 멀티박스 등 70종 구매,해군 기동함대사령부,영종합상사
58996,골강주사 실습모형 등 7품목,국군의무학교,(주)동성메디칼
59003,22-공-점도계(튜브형) 구매,국군재정관리단,소잉팩토리
59006,결재판 등 476종 구매,제5738부대,다온종합상사
59007,"열전대,접촉용 등 11종",해군제3함대사령부,무안유통
59008,리코일 아세이 등 8종,해군제3함대사령부,다보상사
59011,오더피커 구매,국군수송사령부,제스트
59021,22-해-비자성 드라슈트 등 4종 구매,국군재정관리단,블레스(Bless)
59029,1분기 정보통신운영 용품구매,육군 제1군단,스앤씨앤씨
59033,22-01-003 전치아동시촬영기,공군제16전투비행단,주식회사 디딤기획
59041,바닥청소솔 등 67종 구매,제9911부대,다온기업
59049,청소용릴호스 1종 구매,해군군수사령부,다유정밀
59050,리어카(몸체) 등 3종 구매,해군군수사령부,세명종합공구
59051,주철 등 3종,해군군수사령부,주식회사 바인디자인
59053,전기이발기 1종 구매,해군군수사령부,에이스건설산업
59054,출력계 1종 구매,해군군수사령부,에스제이(SJ)오피스
59058,총포 십자선 구매,육군종합정비창,인성테크
59066,22-덕-공DVD-R 구매,제9691부대,다판다 주주마켓
59072,22-01-039 여행용 가방 등 2품목,공군교육사령부,대광산업
59075,평지형예초기 등 3품목 구매,제3170부대,시온
59078,어라운드 뷰 구매(설치포함),해군제3함대사령부,동원샘물서부총판
59079,방진마스크 등 102종 구매,해군작전사령부,이룸
59081,종이컵 등 79종 구매,제5738부대,루브B&K
59083,진공계시험기 1종 구매,해군군수사령부,주식회사 모든통상
59084,전력계(1GHz) 구매,해군군수사령부,(주)케이텍시스템
59094,'22년 영내자후식(에너지바),제2군수지원여단,위드유
59106,'22년 영내자후식(에너지드링크),제2군수지원여단,주식회사 대평
59116,22년 부대조달 후식(에너지바),육군제7789부대,다정컴퍼니
59122,22년 부대조달 후식(에너지음료),육군제7789부대,우리윈시스템 주식회사
59140,군용반합 구매 납품,제3283부대,문화
59141,사복탁송용 박스 구매 납품,제3283부대,더 이엔지
59143,22-해-통로개척용 물자세트 등 2종 구매,국군재정관리단,영웅종합상사
59145,해병대용 야전배낭 구매 납품,제3283부대,주식회사 케이씨아이
59152,지우개 등 225종 구매,제5738부대,주식회사만나다마음연구소
59156,물소화기 등 4품목 구매,제9181부대,주식회사 바인디자인
59164,래커에어로졸 등 8종 구매,해군군수사령부,세명종합공구
59165,부양성 발연부 신호 등 3종 구매,해군군수사령부,고려화공 주식회사
59171,클램프 등 10종 구매,해군군수사령부,세명종합공구
59172,다중계기(10MHz) 1종 구매,해군군수사령부,제이에이치 테크
59187,22-12차GOP통합급수 2차 플렉시블 이중보호관 구매,제1862부대,(주)플렉스건설
59189,입소신병 군장품 구매,제28보병사단,고양체육사
59194,프러스펜 등 24종,제2002부대,그리마
59196,"펜싱,수영,복싱,역도,하키부 운동용품 구매",국군체육부대,진성
59200,인바디 구매,제9181부대,임마누엘
59202,오렌지 등 14종 구매,제8385부대,피에이치실업
59208,(226018-D)줄날 구매,국군재정관리단,시대종합전기(주)
59209,22-공-구두솔 등 5품목 구매,국군재정관리단,대상유통
59213,타이레놀 등 94품목,제2002부대,주식회사 위니드팜
59215,청소용 물티슈 등 466종 구매,해군교육사령부,석천산업
59216,학군단 학과출장용 가방 134개 구매,해군교육사령부,서정솔루션
59217,만능 클리너 등 236종 구매,해군교육사령부,에스케이상사
59218,다목적 수세미 등 523종 구매,해군교육사령부,참조은
59220,휠도리 등 16품목 구매,연평부대,제이에스
59228,승용식 그린배토기 등 2품목 구매 납품,제9227부대,수민
59230,20비 제초기 구매,제20전투비행단,드림워크
59233,22-공-자동차용 리프트(4주식) 구매설치,국군재정관리단,다원
59242,보냉고 등 13종 구매,공군군수사령부,에이엔컴퍼니
59253,스위트콘 구매,해군군수사령부,행복유통
59271,넥밴드선풍기 등 49품목 구매 납품,제9227부대,조은산업
59275,마취기 야전용 1종 3EA 구매,국군재정관리단,MK메디칼
59276,22-덕-팬꽂이 등 998품목 구매,제9691부대,와이에스(YS) 유통
59278,"페룰, 압축용, 튜브이음용 등 10품목 구매(22012)",해군제1수리창,제우스
59280,쇼파 등판/좌판 커버 수선 등 8종,해군군수사령부,퓨리에어
59284,미생물검사셋 구매,국군화생방방호사령부,주식회사 태촌실업
59285,냉동건조기 구매,국군화생방방호사령부,제스트
59291,꿔바로우 구매,해군군수사령부,삼진유통
59296,스크램블에그 구매,해군군수사령부,주식회사 류홀마트
59301,전기소작기 사단동 등 4종 구매,해군군수사령부,엠케이(MK) 물류
59304,송증 등 2종 구매,공군군수사령부,주식회사 진성하이텍
59307,발칸 핀 등 23종 구매,육군종합정비창,현대정밀가스켓
59308,발칸 유압손잡이 등 29종 구매,육군종합정비창,현대정밀가스켓
59309,발칸 왼쪽앞판 등 12종 구매,육군종합정비창,대성볼트
59312,발칸 백열등 등 7종 구매,육군종합정비창,주식회사 나우이노
59342,플라스틱 성형재 등 7종 구매,공군군수사령부,조아텍(JOA)
59345,임펙트소켓 등 108품목 구매,제3170부대,기쁨상사
59346,느티나무 등 2종,제7001부대,주식회사 효원
59348,(위임-65) 5개소 방범창 설치,제1보병사단,주식회사 제이씨건축
59349,3인용 쇼파수선 등 13종,해군군수사령부,대운상사
59350,엑셀관 등 241품목 구매,제3170부대,디에이치시스템 주식회사
59352,"COVID-19 자가진단키트 15,000BX",제7001부대,일광정보통신
59353,"(긴급) 변환기,가속도용 1종 구매",해군군수사령부,케이원에스티
59363,"(긴급)패널,표시기용 등 16종",해군군수사령부,더 레스토랑
59367,"(긴급)절연 펠트,방열용 등 4종",해군군수사령부,제이에이치 테크
59369,"(긴급)고무판,고화식 등 4종",해군군수사령부,윤테크
59372,(긴급) 압축링 등 7종 구매,해군군수사령부,(주)블루마린
59383,거봉 등 14종 구매,해군군수사령부,지(g)-마트
59391,플러스펜 등 925종,해군군수사령부,실크로드
59392,"(긴급)부호기,축각 디지털 표시식 1종",해군군수사령부,나우통상
59394,만능경도시험기 1종 구매,해군군수사령부,주식회사 길상산업
59398,전기다리미 1종 구매,해군군수사령부,경진테크
59399,고무판 등 12종 구매,해군군수사령부,팜유통
59400,"계수기, 전자식, 숫자판독식 1SE 구매",해군군수사령부,(IJ)유통
59405,냉각수 첨가제 1항목 구매(유류물자),육군군수사령부,유민상사
59427,[22-5] 인화점기 구입,공군제10전투비행단,유이미디어
59428,(조달) 22-1-003 집초기 1품목 구매,제3훈련비행단,태양물산 주식회사
59436,카이닉스 점안액 등 154품목 구매,제9181부대,티엘팜
59439,포스트 잇 등 439종 구매,해군본부,위듀
59449,(일장) 다목적굴착기 수리킷트등 53종구매,육군종합정비창,정원사
59452,(일장) 다목적굴착기 축등 2종구매,육군종합정비창,주식회사화창엔지니어링스
59458,점프스타트 등 4종 구매 납품,제3283부대,시엘아이템(CL Item)
59459,Developer Y 등 27종 구매,해군본부,위듀
59464,"인식표용 튜브,고무링 등 3품목 구매",제3170부대,KG건설
59469,155밀리 RAP 탄대보호환 등 4개 품목 구매,육군 탄약지원사령부,주식회사 에스앤피
59480,(긴급)석션호스 등 14종,해군군수사령부,세명종합공구
59496,"(긴급) 사출기,제트식 등 4종 구매",해군군수사령부,엠에이치유통
59499,충전식 전정기 1종 구매,해군군수사령부,제이에이치 테크
59503,포장용 PP자동밴드 구매,국방출판지원단,주식회사모나미스테이션둔산점
59504,안전벨트(고위치 작업자용) 1종 구매,해군군수사령부,채은컴퍼니
59506,육상부 운동용품 구매,국군체육부대,진성
59510,"(긴급)변환기, 동적 픽업용 등 3종",해군군수사령부,세이프티코리아
59520,전압계 1종 구매,해군군수사령부,디아이에스아이앤씨 주식회사
59526,산악용 들것 등 5품목 구매 납품,제9227부대,선아 (SUNA)
59532,인덱스탭 등 314종 구매,해군사관학교,글로컨비스
59533,플렉시블호스 구매,제9911부대,희원
59546,청해37진-차광망 등 295종 구매,해군작전사령부,디어유통
59549,플라스틱링 등 417종 구매,제9911부대,주식회사 주경
59550,공기플랩 솔레노이드 등 5종 구매,해군제2수리창,푸름
59555,22년 백령도 개선식 구매 납품,제9196부대,씨제이대한통운 주식회사
59562,6슬롯 카드리더기 등 180종 구매,해군교육사령부,대인종합상사
59568,(긴급)000실 쇼파수선 등 30종,해군군수사령부,재동상사
59569,(긴급)내수압 청동 등 2종,해군군수사령부,주식회사 비에스씨
59570,"걸쇠 세트, 장부구멍용 등 4종",해군군수사령부,케이테크
59573,(긴급)수분제거기 등 3종,해군군수사령부,케이테크
59574,(긴급)플라스틱판 1종,해군군수사령부,경진테크
59576,155밀리 8호 추진장약 점화제 보호캡 구매,육군 탄약지원사령부,백제기업
59579,탄약 정비자재(자동표기용종이) 구매,육군 탄약지원사령부,대건상점
59585,코로나19 자가진단키트 구매,해군제3함대사령부,새롬미디어
59588,디스플레이 유닛 1품목 구매(22003),해군제1수리창,현대상사
59590,(자재) PP박스 9종 구매,육군종합정비창,주식회사 부린
59591,(자재) 마봉강 등 33종 구매,육군종합정비창,(주)종로인더스트리
59603,(긴급) 소부신나 등 7종 구매,해군군수사령부,대광산업
59604,"(긴급) 코일,전기용 1종 구매",해군군수사령부,성광상사
59607,(자재) 환봉 등 13종 구매,육군종합정비창,디에스산업
59620,인덱스플레그 등 287품목 구매 납품,제9227부대,주식회사 청천엔지니어링
59625,총강용 세척제 구매,제3170부대,월드모아
59628,황산 구매,제3170부대,마창케미칼 주식회사
59632,전기레인지 구매,제9911부대,에이큐유통
59641,코로나19 자가진단키트 구매,제8385부대,상록메디칼
59648,정부화일 등 356종 구매,해군작전사령부,주식회사 비투엘글로벌
59651,물티슈 등 256종 구매,해군작전사령부,로쏘
59652,양압식 공기호흡기 구매,제3170부대,태성전지
59662,"COVID19 자가진단키트 10,000bx",제7001부대,이와이
59665,우레탄코일호스 등 182품목 구매 납품,제9227부대,지안유통
59666,자가진단키트 구매,제9911부대,라온커머스 주식회사
59679,파병부대 소프트쉘 구매,육군군수사령부,주식회사 포스트엑스
59703,파병부대 반팔티 등 6품목 구매,육군군수사령부,세종종합상사
59705,파병부대 운동모 등 3품목 구매,육군군수사령부,제이씨컴퍼니
59712,23-11-273 작전조끼 구매,공군제16전투비행단,경덕
59733,가지 등 80종 구매,제7001부대,진해식자재마트
59734,가지 등 80종 구매,제7001부대,진해식자재마트
59740,실외기(GHP) 구매,제8기동사단,주식회사 디앤엠팩토리
59743,00부대 로더 구매,지상작전사령부,현대중장비전남판매(주)
59755,[23-0295] 잠수마스크 등 2품목,공군제17전투비행단,좋은터
59765,'24년 동양 및 서양 정기간행물 구입,국방대학교,서이과학교육
59776,가이리멸치 등 148종 구매,제8385부대,해성푸드시스템
59788,군 전용철도 자재(침목) 구매,국군수송사령부,영중산업 주식회사
59794,(인복-) 자동세차기 구매,국방부계룡대근무지원단,디와이이노베이트 주식회사
59803,도시지역작전훈련물자(장애물 브리처 등 4종)구매,제3697부대,동진상사
59819,(23G237-I)클라우드기반 통합 정보업무체계 금융리스,국군재정관리단,롯데캐피탈(주)
59820,23-N-브리핑/화상회의체계 등 8건 통합 금융리스,국군재정관리단,롯데캐피탈(주)
59822,(236505-B)'24년 계룡스파텔 호텔용품 구매,국군재정관리단,주식회사 이현코리아
59824,23-N-IC 검사기 구매,국군재정관리단,큐텍코리아
59833,국그릇 소독 보관함 구매,육군훈련소,가람주식회사
59834,23년 더 좋은 병영식당 식기류 구매,육군 제37보병사단,시골 아이들
59836,전술스키 튜닝 머신 구매(특-23-물-115),특수전사령부,일호컴퍼니
59871,23년 동계 재난예방 물자구매,제2군단,홍빈테크
59888,23년 동계 재난대비물자(제설제 등 5종) 구매,육군학생군사학교,대박상사
59890,하계이불 등 2종 구매,해군사관학교,(주)로얄라이프
59891,생도정모 등 3종 구매,해군사관학교,강원종합상사
59892,수영복 등 7종 구매,해군사관학교,랑랑스토리
59904,군견(작전견) 건사료 구매,국군재정관리단,주식회사 에스에스피앤디
59906,(236507-D)골프연습장 연습공 구매,국군재정관리단,조아유통
59958,대테러 작전배낭 구매,국군화생방방호사령부,주식회사 귀하
59979,'23-14차 부대구매,제1862부대,서일약품(주)
59987,(237510-C)광대역 스캐너 등 2품목 구매,국군재정관리단,주식회사 버넥트
60007,SSU중절모 등 5종 구매,해군군수사령부,주식회사 머니정
60014,간호근무화 등 1종 구매,해군군수사령부,미래유통
60045,병기교육단 탄약정비실습장 비품 구매,육군종합군수학교,바인시스템
60075,테이블 세트 등 13종 구매,해군교육사령부,글로컨비스
60076,"23-143 헬멧, 방탄용",공군제38전투비행전대,주식회사 동원코리아
60077,23-239 소방기구 구매,공군제1전투비행단,지케이
60080,페리덱스 연고 등 112종 구매,해군교육사령부,주식회사 한스바이오파마
60089,Uriscan 4종 strip 등 19종 구매,해군교육사령부,하진유통
60090,보강토블럭 등 13종 구매,제8385부대,상생
60093,'23년 군견(비작전견) 사료 구매,육군교육사령부,서준코퍼레이션
60108,대테러 작전화 구매,국군화생방방호사령부,주식회사 에코프로비(eco pro B)
60109,대테러 작전조끼 구매,국군화생방방호사령부,주식회사 마크온탑
60112,"단열판,방열용 등 5종 구매",해군제2수리창,태평실업
60113,호이스트 체인식 등 3종 구매,해군제2수리창,주식회사 강서중공업
60114,포크숟가락 구매,동원전력사령부,주하라 댄스피트니스
60116,모루사신 점안액 등 115품목 구매,제2002부대,네오썬팜
60119,식중독지수 알리미 등 2종 구매,제2002부대,초이스툴
60122,23-031 통풍형 차화매트 구매,제7군수지원단,신호테크 주식회사
60123,와이어 등 7종 구매,해군제2수리창,명품디저트
60125,롤 블라인드 69개 구매/설치,해군교육사령부,주식회사 대경코리아
60126,자바라컨베이어 1종 1점 구매,해군제3함대사령부,에스제이세라믹스
60127,요소수 등 32종 구매,제9911부대,채은유통
60128,39사단 해안 소초 출입문 자동화개폐기 설치,제6128부대,서부테크
60132,양압식 공기호흡기 등 4종 구매,국방부계룡대근무지원단,에이치엠
60133,39사단 해안 소초 출입문 자동화개폐기 설치,제6128부대,서부테크
60134,39사단 해안 소초 출입문 자동화개폐기 설치,제6128부대,서부테크
60139,전동형 링 제본기 구매,해군본부,유니플러스
60141,23-3차 0000체계 운용품 구매,국방정보본부,싹컴퍼니(ssagcompany)
60143,대테러 작전잠바 구매,국군화생방방호사령부,주식회사 예감
60149,23-186호 3M 듀얼락 등 159종 구매,해군작전사령부,신화텍 주식회사
60150,232-185호 상선기 세이셜 등 118종 구매,해군작전사령부,다올
60151,232-184호 다용도 만능 클리너 등 162종 구매,해군작전사령부,구륙전기
60153,23-166호 제도샤프 등 614종 구매,해군작전사령부,카앤피플 창원진해구 믿음점
60156,23-163호 원목 책꽃이 슬라이드 등 627종 구매,해군작전사령부,샘플리(SAMPLELY)
60157,가상화 운영체제 환경지원 SW 구매,4284부대,주식회사 에코페어
60158,포장자재 2종 구매,제28보병사단,화성건설안전도우미협동조합
60161,(23육군-해파052)한빛부대 23-3차 2종물자 구매,종합보급창,라라장터
60162,23-182호 디지털줄자 등 31종 구매,해군작전사령부,한국상사
60163,23-183호 탐지용 멀티랜테스터기 등 83종 구매,해군작전사령부,삼현상사
60166,23-176호 병기 레일 마운트 등 15종 구매,해군작전사령부,성화종합상사
60169,오렌지 등 7종 구매,해군 기동함대사령부,제주푸른컴퍼니
60177,스위트콘 등 20종 구매,해군 기동함대사령부,참좋은사람들
60198,알루미늄 롤폴대 등 217종 구매,국방부계룡대근무지원단,덕분에
60221,동력버너 구매(2차),제28보병사단,이즈컴넷
60222,디지털반주기 등 4종 구매,해군교육사령부,에벤에셀
60236,"방전봉,절연용 1종 구매",해군군수사령부,엠앤티 M&T
60252,23년 탄약 지환통류(4차),화력총괄계약팀,주식회사 수원지관산업
60255,폐고철 보관함 구매,해군제3함대사령부,동서종합상사
60259,000전대 와이어트위스트펜치 등 282종 구매,해군제3함대사령부,아테나
60263,랜덤오비탈샌더,해군제1수리창,다모아상사
60265,전장순환 훈련용 더미 제작 구매,제8기동사단,에덴유통
60272,멀티조인트 등 138품목 구매,제3170부대,월드모아
60280,중량봉 등 4종 구매,제8385부대,청아철물설비
60282,61CF DUCK BILL PLIERS 등 35종,제5738부대,주식회사 서화테크
60286,통합용품(고무통 등 155품목) 구매,연평부대,에스와이
60291,전자식 개인 선량계 등 2품목,국군의무학교,이재하우스
60296,도어락 등 38품목,해군제1수리창,다모아상사
60299,하드카피기 등 6품목 구매,제9196부대,이지시스
60303,(23육군-해파048)한빛부대 앰프 등 15품목 구매,종합보급창,주식회사 케이기획
60308,(23G250-I) 분석관리체계 금융리스,국군재정관리단,오릭스캐피탈코리아(주)
60311,23-F-전자감응식 헤드셋 구매,국군재정관리단,엠(M)유통
60313,(237476-F) 작전용 헤드폰 구매,국군재정관리단,하늘테크
60314,(237446-F) 생물안전작업대 구매,국군재정관리단,유한회사 제이엠스토아
60318,23-2차 물자유지비 구매(3KVA 변압기 등 5종),제2신속대응사단,조이스툴
60325,비석면시트 등 13품목 구매,제3170부대,마중물
60328,파마겐 등 175종 구매,제7001부대,주식회사 송석팜
60331,00부대 로봇 포신 검사기 구매,제5767부대,농업회사법인(주)푸른샘
60333,콤프레샤 등 3품목 구매,제9181부대,제이엘
60335,안전고리 구매,제9181부대,황태양 주식회사
60337,'23년 방공고속지령대 구매,제2307부대,씨지에스아이티(주)
60344,(236486-C) PU 충전트레이 구매,국군재정관리단,(주)제이엘테크놀로지
60352,포장끈 등 536종 구매,제9911부대,클릭바이 엠알오
60371,23-3차 훈련용품 구매,육군훈련소,휴컨설팅
60387,브로워 등 2품목 구매,제9181부대,진심
60408,훈련대 실내사격장 3개소 피탄지 교체,육군 제37보병사단,야고보산업
60410,23-154호 그린헥시딘스틱스왑 등 102종 구매,해군작전사령부,고고팜
60424,23-해병-브리핑체계 운영용품 구매(1-1),제9691부대,(JNJ)글로벌
60432,전장순환훈련용 더미 구매,제1862부대,우상이엔에스
60443,교관·조교 모자 /티셔츠 구매(B180),제21보병사단,주식회사 오모가리에프앤비
60447,발칸 핀 등 9종 구매,육군종합정비창,현대정밀가스켓
60454,그린 시약차 승용식 1종(23-319),공군제19전투비행단,(주)토우그린
60455,23년 전장순환 훈련용 더미 구매,제3보병사단,야고보컴퍼니
60456,회선분기 커넥터 등 41품목 구매 납품,제9227부대,주식회사 수정전력
60457,23-조-063 고소작업용안전발판(A형) 등 5품목,공군 작사예하 방포사예하 제2여단,주식회사 케이엠시스템
60458,23-해병-진료전동테이블 구매,제9691부대,에이치와이메디케어
60464,"조준기,총강용,광학용(K-14용)",기동총괄계약팀,(주)협진정공
60467,23년 통풍형 차화매트 구매,제3군수지원여단,신호테크 주식회사
60471,예식견장 등 3종 구매,해군사관학교,스토리큐라
60472,와이밴드 등 2종 구매,해군사관학교,주식회사 유노인더스트리
60474,하우스 메이드 등 108종,제5738부대,예진스토어
60478,부하개폐기 등 6종 납품 설치,제9121부대,주식회사 동해전력
60480,"커플링,축용,고정식 등 21종 구매",해군군수사령부,씨앤엘
60484,해안R/D 및 TOD 출입문 자동개폐기 설치 납품,제6128부대,신비텍
60489,사복탁송용 박스 구매 납품,제3283부대,소망돌
60490,여과기 등 64품목(190/191/192),해군제1수리창,전승 종합상사
60501,소켓꽂이 등 46종,제5738부대,주식회사미래존
60502,형광펜 등 45종,제5738부대,유니플러스
60508,네임펜 등 29종 구매,해군사관학교,태영상사
60513,나비 경첩 등 148종,제5738부대,월드모아
60514,그릿 등 105종,제5738부대,주식회사 해피트리
60527,전자접촉기 등 123종 구매,제9911부대,제이에스컴퍼니
60528,연주용보면대 등 2종 구매,제9911부대,한빛상사
60532,헤어드라이기,재경근무지원대대,클린톤전자
60534,결재판 등 391종 구매,제9121부대,진해를 사랑하는 행님들
60537,특수봉인지 등 4품목 구매 납품,제9227부대,반도종합상사
60540,[23-C124] 부대물자(동력버너 등 2종) 구매,제6보병사단,모세컴퍼니
60545,'23년 전장관리체계 용품 구매,제2307부대,대광종합상사
60548,제설함 등 19품목 구매,제9181부대,엠제이코리아
60549,선반대 등 5품목 구매,제9181부대,파라닷컴
60553,00부대 취사장 식판 등 13종 구매 납품,육군 52보병사단,센세이션
60556,모자 등 2종 구매,해군본부,보테도담
60558,튜브구리스 등 118품목(184/187/189/23-21),해군제1수리창,영동문구센타
60567,접지실패 감지기 구매,제9121부대,덕산유통
60568,총기 진공포장기 구매,제6755부대,정가네잡화점
60573,독시싸이클린캅셀 등 59품목 구매,연평부대,(주)인큐브벤처스
60576,집게펀치 등 22종,재경근무지원대대,엔에이블
60579,23-2차 정보화 운용재료 구매,국군복지단,주식회사 패스넷
60580,종이컵 등 1190종,제5738부대,포투
60582,국방예산 운동용품 구매(테니스 공 등 ),국군체육부대,미성종합체육산업 주식회사
60585,4분기 실습재료비(2),육군정보통신학교,한성시스템
60587,4분기 실습재료비(1),육군정보통신학교,이즈리얼
60595,전극용접용 등 39품목(185/188),해군제1수리창,지원종합상사
60603,DVD(서치2 등 80종) 구매,해군사관학교,대광산업
60604,23-2차 동력버너 구매,제25보병사단,한솔
60606,23-156호 세탁건조기 등 7종 구매,해군작전사령부,국일광고산업
60610,테이블 하부 L자 프레임 수선 등 3종,해군군수사령부,삐쮸
60611,산불진화복 외투 등 2종 구매,제7001부대,주식회사시니케어
60613,세탁카트 등 4종 구매,제9911부대,주식회사 대림산업기술
60620,전투준비안전단 안전경고휘슬 구매,육군본부,오르보
60621,월동물자(제설함 등 20종) 구매,국방부계룡대근무지원단,이루다
60623,(236489-C) 스캐너 구매,국군재정관리단,번개상사
60625,(236432-C) TRS 대용량 충전기 구매,국군재정관리단,서울경인가구공업협동조합
60634,마약검사키트 등 14종,제5738부대,주식회사 한스바이오파마
60635,"PP펀치레스 파일 등 1,555종 구매",제8385부대,동해스토어
60639,23-2차 재포장 재료 구매(플라스틱 구매),제1보병사단,유부자
60645,다용도용 자동차(A형) 등 2종 구매,해군군수사령부,세명종합공구
60649,티타늄 가위 등 450종 구매,해군교육사령부,다올
60660,"지지대,위장차단 체계용(K105A1,K56용)",화력총괄계약팀,주식회사 삼양컴텍
60662,해안 R/D 및 TOD 출입문 자동개폐기 설치납품,육군제53보병사단,선
60684,아인 지우개(블루) 등 211종,제5738부대,은혜상사
60686,DAY SET 등 5종,제5738부대,초초부띠끄
60688,OSR6106 등 49종,제5738부대,디엔지유통
60692,휴대용 자동혈압계 구매,제9181부대,MK메디칼
60706,"샌딩 스펀지, 연마재 38톤 구매",해군제2수리창,파파테크
60707,주름관 벨브소켓 등 126품목 구매,제9181부대,사오구샵
60711,(긴급) 봉합제 세트 등 34종,해군군수사령부,에이블커머스
60712,(긴급) 트랜지스터 등 34종,해군군수사령부,엠지산업
60714,"(긴급) 변환기, 신호자료용 등 25종",해군군수사령부,토탈marine
60715,(긴급) 개스킷 등 135종,해군군수사령부,토탈marine
60717,기관단총 라이트 100EA 구매,해군군수사령부,좋은자원
60719,에폭시 코팅키트 등 10종 구매,해군군수사령부,미래유통
60720,안전벨트 등 3종 구매,해군군수사령부,넥스케이드
60727,(공-66) 비밀보관함 등 2종 구매,국방부계룡대근무지원단,가람주식회사
60733,만력기 등 423종 구매,해군제2수리창,동해유통
60736,(육성) 00부대 소화기함 등 2종 구매 납품,육군 52보병사단,이스트트레이딩
60743,리포트화일 등 172품목 구매,제9해병여단,하나유통
60745,날클립 등 782종 구매,제9911부대,재이컴퍼니
60748,PP박스 등 98품목 구매,제9181부대,(주)원더비즈
60751,23-615차 통합구매(디지털탄입대),제1989부대,영광기업
60752,공마대 등 133종 구매 납품,제2112부대,열심히
60767,양극 등 7종 구매,제9121부대,주식회사보승글로벌
60769,개스킷 및 성형 패킹 세트 등 21종 구매,제9121부대,한성
60771,이지롱 등 87종 구매,제8385부대,주식회사 한서팜
60779,라식스주 등 39품목 구매,제9181부대,주식회사 몬즈약품유통
60780,겔포스엠 등 195품목 구매,제9181부대,에스앤제이팜 주식회사
60783,이동식 차수막,공군군수사령부,다나우리
60786,23년 후반기 대대급 안전 보호세트 구매,제1989부대,그레이트
60787,23년 총기 진공포장기 구매,제1989부대,더원기업
60793,사진액자 등 3품목 구매 납품,제9227부대,유진테크
60800,23-N-프레임 리프트 구매,국군재정관리단,다미
60806,백상지 백색 등 288종,해군군수사령부,주식회사 도은
60808,핸드소켓 등 302종,해군제3함대사령부,고산기업
60809,소구경 보링바 홀더 등 47종,해군제3함대사령부,유한회사 정석
60810,Abbott Covid-19 Ag 등 8종,제5738부대,세비해랑
60811,북앤드 L형(중) 등 14종,제5738부대,포항케이피엘(KPL)
60814,넉가래 등 4종 412점 구매,해군제3함대사령부,무림오피스웨이목포점
60816,온열손상방지킷 등 23종 구매,해군제3함대사령부,주식회사 제이에스엠
60818,과학화 전술훈련체계 PC 구성품 구매,육군기계화학교,만능상사
60821,통합용품(콤프레샤 등 35품목),연평부대,엠제이코리아
60822,"23-3. 검찰 수사기구류 구매(녹음기,앰프)",육군본부,투걸(two girls)
60825,집성목 등 10품목 구매,제9181부대,에스와이티(SYT)
60828,간이탄약보관함 등 8품목 구매,제9181부대,참견고양이(ANOSYCAT)
60832,(긴급)주철 등 4종,해군군수사령부,주식회사 비에스씨
60833,"(긴급)격자 부재,커플링용 등 8종 구매",해군군수사령부,하린상사
60836,"방현재,선박용 구매",해군군수사령부,주식회사 동양알엠피
60844,(화공) 훼럭스25KG등 10품목 구매,육군종합정비창,주식회사 창원상사
60845,K77지휘차 호스 등 16종 구매,육군종합정비창,원일종합상사
60846,K77지휘차 절연체 등 6종 구매,육군종합정비창,신기산업
60847,K77지휘차 오링 등 23종 구매,육군종합정비창,현대정밀가스켓
60848,키링 인형 구매 납품,제9227부대,명성
60858,장교 학군단 토시형 견장 등 26종 구매,해군교육사령부,근영 인셀덤
60863,종이컵 등 270종,제5738부대,명사
60864,머니트렌드 등 60종,제5738부대,레몬트리
60865,23-10-371 릴레이 등 44품목,공군교육사령부,태양물산 주식회사
60871,샤프 등 766종 구매,해군교육사령부,하랑디엠
60874,23년 대대급 안전물자세트 3차 구매계약,제7보병사단,에스이엔지
60879,노클립 밴딩기 등 5품목 구매,제9181부대,주식회사 에코비투
60885,발칸 개스킷 등 16종 구매,육군종합정비창,엠에스산업
60890,어라운드 뷰 등 4품목 구매 납품 설치,제9227부대,간이역
60892,(236450-B)00부대 치장창고 물자 구매(오더피커),국군재정관리단,해와달
60894,(236367-B)표적분석용 워크스테이션 구매(리스물건),국군재정관리단,포스정보주식회사
60899,(23육군-해파047)동명부대 육절기 등 9품목 구매,종합보급창,미송조경
60905,23-7. 제2경비단 전장순환훈련용 더미 구매,육군본부,미래상사
60907,상업용 인덕션 등 2종 43점 구매,해군제3함대사령부,신동
60913,웹캠 등 89종,재경근무지원대대,주식회사 이음
60914,칫솔케이스 구매,해군군수사령부,슈가맥스
60916,해병대 레이저 클리닝기 1대 구매,해군군수사령부,희현코퍼레이션
60931,신분증 케이스 등 42품목 구매,제9691부대,유진시스템
60932,23-덕-승용식 3갱 모어 구매,제9691부대,팜유통
60940,유도부 훈련용품(유도복 등 21종)구매,국군체육부대,명지사
60942,20비 23-292 램프 어셈블리 포그 좌측 등 33품목,제20전투비행단,초이컴퍼니
60951,초경 볼 앤드밀 등 19종 구매,해군제2수리창,씨에스 경기
60952,메모리폼 손목보호대 등 428종 구매,해군제2수리창,건영
60954,00여단 군수지원대대 개편 관급(자동제어),제15보병사단,주식회사 성진이엔씨
60955,차선도색기 구매,육군종합군수학교,디에이치컴퍼니
60963,대대급 안전물자 세트 구매계약,제15보병사단,주식회사 희성
60966,(23-307) 조류기피제 1종,공군제5공중기동비행단,제이피플러스
60968,20비 23-302 세면대 호스 등 90종,제20전투비행단,한일전기주식회사
60977,23-D-오시접지기 구매,국군재정관리단,제이드
60980,23-151호 코팅필름 등 122종 구매,해군작전사령부,(주) 건영패밀리
60981,용접접합 편람 등 75종 구매(23-19),해군제1수리창,상승물산
60982,"초경 엔드밀 등 4종 구매(181, 182)",해군제1수리창,청아철물설비
60983,방진마스크 등 44종 구매,해군제1수리창,범스토리
60985,자바라 콘베이어 등 2종 구매,해군 기동함대사령부,토브
60986,화장지 등 233종 구매,제9121부대,하랑디엠
60987,전기온장고 등 2종 구매,제8385부대,영동문구센타
60989,코덱(자료신호용) 4대 구매,제8385부대,청아철물설비
60990,차광막 등 8품목 구매,제9181부대,더제이실업
60991,셔터형 자물쇠 구매,제9181부대,주식회사 레이크하우징
60992,워킹스텝 등 28품목 구매,제9181부대,영신상사
60996,23-277-1 블라인드 10종(설치조건부),공군사관학교,주식회사 윈플러스
61000,23년도 국군복지단 골프연습공 구매,국군복지단,코리아골프볼 주식회사
61006,분사기 등 27품목 구매 납품,제9227부대,블루비
61007,DNA시료채취 키트 SET 구매/납품,국방부유해발굴감식단,더페이퍼
61017,DNA시료채취 키트 SET 구매/납품,국방부유해발굴감식단,더페이퍼
61027,고무판 등 17품목 구매,제9181부대,더케이
61028,해상작전화 등 2품목 구매,제9181부대,레몬인형
61042,23-D-대형세차기 구매 설치(2310080-F),국군재정관리단,메탈케이
61045,23-N-인명구조용 들것 구매,국군재정관리단,위드제이(WITH J)
61047,평화크립 등 290종 구매,해군본부,신나라정보통신
61049,모조지 80g 등 32종 구매,해군본부,디앤디
61052,소프트지우개 등 617종 구매,제2002부대,파운트
61054,23-147호 브레이커 구매,해군작전사령부,헤이치 인 헤이치(hand in hand)
61056,FFM 매트 연결품 구매,제5738부대,비티지코퍼레이션(BTG)
61062,카드 조인트축 등 5종 구매,제9121부대,주식회사 경진유통
61067,질문기 및 응답기 시험세트 1set 구매,해군군수사령부,다인
61078,바인더 등 552종 구매,해군 기동함대사령부,놀멍스토어
61079,"청동잉곳 등 5종 구매(178, 179)",해군제1수리창,현대상사
61092,6시 20분의 남자등 76품목 구매 납품,제3283부대,피에스진
61093,'24년 정보월력 제작 납품,제9965부대,두합인쇄
61098,실내방음사격장 피탄벽 교체 설치납품,육군종합행정학교,대승테크
61099,경계력 보강 자재구매,제1862부대,누림
61100,"23-204,207,211,219 부대유지물자 47종 구매",공군제1전투비행단,오피스라인현대
61101,다목적 트랙로더 브러쉬 구매,제1862부대,대성정보통신주식회사
61102,책철 등 961종,제5738부대,주식회사 복은
61125,보행자 홍보용 로고라이트 구매 설치,국방부계룡대근무지원단,(주)우리디자인
61132,전체-04 경계부대 월북방지용 보강자재구매,제9보병사단사령부,주식회사 케이에스메탈
61133,23-146호 트렌드코리아 2024 등 16권 구매,해군작전사령부,제이앤제이 이엔지
61136,연장호스 등 41종 구매,제9121부대,티에스산기주식회사
61148,"(긴급)비석면판, 압축식 등 23종",해군군수사령부,제이더블류유통
61155,23-N-FILTER BAG 등 2종 구매,국군재정관리단,드림렌탈케어
61158,(236421-F) 테니스화 구매,국군재정관리단,온누리상회
61163,케이털 자동화재 속보기 등 129종 구매,해군제3함대사령부,버닝
61166,23-145호 긴척추고정판 등 2종 구매,해군작전사령부,마니
61178,링 등 6종 구매(177),해군제1수리창,가진테크
61179,변환기 신호용 구매(176),해군제1수리창,청아철물설비
61180,크린스킨 블랙마스터 441종 구매(172),해군제1수리창,한신
61181,"스텐바 등 26종 구매(170, 173, 174)",해군제1수리창,수주종합상사
61182,삼상유도전동기 등 12종 구매(171),해군제1수리창,천곡철물상사
61184,윤활방청제 등 225종 구매(166),해군제1수리창,짝덩
61187,"브러시,전기 접점용 등 39종 구매",제9121부대,대광산업
61194,플랫실링 등 14종 구매,제9121부대,세종상사
61195,플레이 매트 등 133종,해군제3함대사령부,승리종합상사
61199,"슬리브,추진축용,선박용 등 26종",해군제3함대사령부,천마유통
61215,23-덕-VR(HMD) 구매,제9691부대,깨미깨비
61225,위장망체계 지지대세트류,기동총괄계약팀,주식회사 삼양컴텍
61227,전동 리클라이너 등 5종 구매,제9911부대,주식회사 에스에이씨솔루션
61229,VR문화관 환경개선용 물자 구입,해군제3함대사령부,대진이엔지
61232,액션 모노팟 등 354품목 구매,제9해병여단,컴넷정보기술
61239,디스크 그라인더 휠 등 245종 구매,해군교육사령부,몬떼꼬레아
61240,탄약 지환통류(81밀리 신형연습탄 KC28),지상공통전력운영계약팀,(주)오성지관
61248,충전그라인더 등 322종 구매,해군 기동함대사령부,거산개발
61249,오링 등 19종 구매,제9121부대,주식회사 선
61267,목문용 손잡이 등 74종 구매,제9911부대,라핀
61268,Well-Root  PT(Putty) 등 77종,제5738부대,엘케이에스(LKS)
61273,칼라정부화일 등 1128종,제5738부대,피렌체
61276,일회용 멸균반창고 등 74종,제5738부대,제이디건설기계 주식회사
61278,23-141호 고게터 등 13종 구매,해군작전사령부,금호상사
61291,23-덕-키링 등 3품목 구매,제9691부대,올루야멘(All-Luyamen)
61296,피아식별용IR 2종 구매,공군군수사령부,피앤비
61297,수간주입병 등 27종,제7001부대,강림
61299,제전 긴팔 티셔츠 구매,육군 탄약지원사령부,베스타
61303,물류관리라벨 등 16종,제7001부대,주식회사팔공물산
61310,철띠 조임기 구매,해군제3함대사령부,주식회사 제이에스엠
61312,"벨브,체크형 등 10종",해군제3함대사령부,죽교상사
61313,유압게이지 등 14종,해군제3함대사령부,오피스타운목포점
61315,"(긴급)제재목,연재질,두꺼운형 등 14종",해군군수사령부,두물기업
61316,(긴급)VR기기 등 8종 구매/설치,해군군수사령부,(주)성현엔지니어링
61318,'23년 후반기 국가기술자격검정 실기시험 재료 구매,육군제7163부대,은성
61329,(236419-F) 남녀수영복 등 5종 구매,국군재정관리단,주식회사 바른프린테크
61330,23년 X-선기 전치아 동시촬영용 구매,국군재정관리단,주식회사 나유
61332,23-F-캠코더 등 19종 구매,국군재정관리단,윤슬
61347,거더 클램프 등 6종 구매(164),해군제1수리창,청아철물설비
61348,수동 핸드 샤링기 등 5종 구매(163),해군제1수리창,금성상사
61353,절단석 등 49종,해군제3함대사령부,동원샘물서부총판
61355,지우개 등 389종 구매,제9121부대,주식회사도영디와이
61356,위병소 출입문 자동화 설치납품(A-280),제2307부대,주식회사큐
61361,파티션 등 5종 구매(165),해군제1수리창,수지유통
61362,23-136호 부이 등 69종 구매,해군작전사령부,주식회사 해강
61363,23-137호 매립형 유도로등 등 2종 구매,해군작전사령부,진명
61371,피아식별IR(구매),미래전력사업전력운영계약팀,(주)아이디오스
61375,(23-295) Fore Flight(젭슨차트),공군제5공중기동비행단,(주)베스틴무역
61378,전원공급유닛 등 2종,항공기총괄계약팀,(주)에이젠코어
61385,23-09-315 플로터 1품목,공군교육사령부,리아마켓
61395,23년 전기식 이발기계(2차) 구매,육군훈련소,압타
61397,산불진화복(외투) 등 5종 구매,제8385부대,영무sp
61398,(긴급)디스플레이 유닛 등 2종 구매,해군군수사령부,(주)씨앤씨솔루션
61402,23-267 스텐엘보 등 76종,공군사관학교,디오컴퍼니
61404,항-23-033 개인시료포집기 등 2종,공군사관학교,그린종합사무기
61426,하지거상형 휠체어,제5738부대,주식회사 메디시온
61427,23년 대대급 안전물자 세트 구매,제2신속대응사단,영인터내셔널
61429,낙석 방지망 등 16종 구매,해군제3함대사령부,스카이유통
61430,방사성 동위원소 총론 등 69종 구매(23-16),해군제1수리창,탑오피스
61453,23-09-341 덴탈글러브 등 30품목 구매,공군교육사령부,주식회사 토우
61463,2.5인치 노즐 등 48종 구매,공군군수사령부,삼호상사
61466,23년 이산화탄소 및 K급 소화기 구매,제1891부대,주식회사 동아화이어
61473,(긴급)육각비트소켓 등 1490종,해군군수사령부,주식회사케이비즈
61475,상무대 택배보관함 설치납품,육군상무대근무지원단,명성금속제작소
61482,지우개연필 등 160품목 구매 납품,제9227부대,에스와이상사
61492,어라운드뷰 설치,제5738부대,(주)미르건축
61501,(긴급) 크랭크 축 조립품 등 89종,해군군수사령부,토탈marine
61502,판 등 3종 구매,해군군수사령부,디오엘
61508,승조원 휴게실 쇼파 좌판 수선 등 2종,해군군수사령부,구룡
61509,소파 좌판 레자 수선 등 11종,해군군수사령부,잇츠
61511,00부대 소화기 구매,국군제1068부대,주식회사 핌코리아
61515,23년 제초제(비선택성) 구매,제1군수지원사령부,씨앤와이(C&Y)
61519,파워앰프 등 14품목 구매 납품,제9227부대,소원테크
61521,(237380-B) 기구세척기 초음파형 구매,국군재정관리단,에스클래스주식회사
61527,탄약 봉인스티커 구매,공군군수사령부,두물기업
61528,23-063 인양능력테스터 등 2종,공군제38전투비행전대,우림
61540,"파라핀지환통 (발사통, 회로지령탄약)",지상공통전력운영계약팀,주식회사 수원지관산업
61542,로봇포신검사세트 구매,제25보병사단,주식회사 준성이엔알
61544,23년 00부대 대대급 안전물자세트 구매,제60보병사단,피앤에스글로벌주식회사
61546,(인복-23-280) 테이블 등 3종 구매,국방부계룡대근무지원단,주식회사미래존
61548,23-F-자동산개기 구매(239071-H),국군재정관리단,초연
61557,알루미늄 도어3면 2점 구매,제9121부대,대성
61558,"래피드 인덱스 등 8종 구매(23-17,18)",해군제1수리창,다모아상사
61559,경보등 등 4종 구매(156),해군제1수리창,씨에스 강원
61561,23-134호 스타프 등 120종 구매,해군작전사령부,온나라물자조달 주식회사
61563,"변환기, 직류대 직류용 등 37종 구매",제9121부대,하랑디엠
61567,00부대 치장창고 물자구매(자동밴딩기 등),동원전력사령부,아셀테크
61583,복싱부 훈련용품(글러브 10온스 등 5종)구매,국군체육부대,스타일담아
61586,00부대 블랙박스 및 네비게이션 구매,국방부근무지원단,항공에너지 주식회사
61588,23년 소화기 구매,제32보병사단,미성
61590,축전기 구매,연평부대,아이디
61592,대테러복(동계패딩) 등 3종 구매,해군군수사령부,주식회사 로운트리
61596,편지지등 172품목 구매,제3283부대,주식회사 트리월드
61610,00부대 치장창고 물자구매(랩핑기 등),동원전력사령부,와이제이테크
61611,00부대 치장창고 물자구매(압축포장기 등),동원전력사령부,더블유엠
61612,00부대 치장창고 물자구매(컴프레샤 등),동원전력사령부,가경유통
61614,00부대 치장창고 물자 구매(PP박스),동원전력사령부,메가플러스주식회사
61616,23-2차 0000체계 운용품 구매,국방정보본부,주식회사 한강만수
61617,23-247 정모 등 4종,공군사관학교,엠(M)유통
61620,포신 로봇검사 사양서,제20기갑여단,엘케이에스(LKS)
61622,금곡훈련대 2사격장 피탄지 교체,제3697부대,픽셀캣스튜디오
61624,워셔액 등 9품목 구매,제3170부대,팔팔청춘
61627,전동식 호흡 보호구,공군군수사령부,더공감
61649,K10 탄약운반차량 수리부속 등,지상공통전력운영계약팀,(주)경도
61657,마름모 형상물(소) 등 2종 구매,해군제2수리창,창진종합상사
61665,"(긴급) 계기판,경보,선박용 등 7종",해군군수사령부,일용상사
61667,"천,커튼용 780MR 구매",해군군수사령부,주식회사 에스엠플래닛
61674,23년 4분기 조리병 실습재료 구매,육군종합군수학교,선진유통
61676,로봇포신검사세트 구매,육군 제1포병여단,주식회사 준성이엔알
61687,소방기구(분말소화기 등 14종) 구매,자운대근무지원연대,제이엔씨테크(JnC TECH)
61688,23-N-특수소자탈착기 구매,국군재정관리단,주식회사 리젠아이
61692,23-517차 검문소 바리케이드 구매,제1989부대,문경전력 주식회사
61710,(육-090) 장성 요대 등 2종 구매,국방부계룡대근무지원단,마하인터내셔널
61712,23-2차 정보화 운용재료 구매,국군복지단,삼남매마켓
61716,멀티박스 등 139종,공군군수사령부,수정종합상사
61720,23년 총기 진공포장기 구매,제2632부대,수 브로우
61745,23-N-기관단총 조준경 구매((238233-F),국군재정관리단,주식회사 동인광학
61748,23년 예비군훈련대 실내사격장 피탄지교체 구매ㆍ설치,제55보병사단,소망상사
61749,"지시기, 유량용 등 41종 구매",공군군수사령부,중앙기업
61751,산불진화복 등 2종 구매,해군교육사령부,레노마 진해
61753,간이 영수증철 등 263종 구매,해군교육사령부,더 굿 스튜디오
61756,"'23년 종견(말리노이즈, 레브라도 리트리버) 구매",육군교육사령부,주식회사 케이9코리아
61758,`23년 대대장병 안전보호구 세트 구매,제2군수지원여단,비앤제이
61759,TG 등 14종 구매,해군교육사령부,제이메디케어
61760,낙센에스정 등 45종 구매,해군교육사령부,효성메디
61761,A4 등 11종,제5738부대,서원종합
61764,23-148~9차 통합구매(우의),제1989부대,주식회사 빛을 꿈꾸는 사람들
61766,견식줄 등 42품목 구매,제3170부대,(주)테스온
61777,청력보호구 구매,육군종합정비창,주식회사 씨티원 충남
61783,(화공) 주물사5호등 3종구매,육군종합정비창,주식회사 창원상사
61784,(화공) 코아딕실등 20종구매,육군종합정비창,그린존
61786,(화공) 세정용세척제 구매,육군종합정비창,그린존
61791,감정재료비(후반기 유전자 감정재료) 구매 23-5차,국방부조사본부,주식회사 엘씨케이테크놀로지스
61792,(237040-H)000지역 교환기 노후교체 납품(리스물건),국군재정관리단,대신네트웍스 주식회사
61793,(236386-F)안전물자 세트(2차) 구매,국군재정관리단,와이에스엘코리아
61796,감정재료비(후반기 유전자 감정재료) 구매 23-5차,국방부조사본부,주식회사 엘씨케이테크놀로지스
61798,항-23-029 초음파진단기 심장용,공군사관학교,주식회사 한마음플러스
61802,유한덱스피드연질캡슐 등 91품목 구매,제2002부대,(주)인큐브벤처스
61803,실사출력기 구매,육군 탄약지원사령부,해성컴퍼니
61804,00부대 치장창고 물자 구매(이동식 냉방기 등),동원전력사령부,YK통상
61812,변조기 등 3종 구매,해군제2수리창,태평실업
61818,탄약 계수기 구매,제9181부대,이루다컴퍼니(IRUDA)
61829,23년 후반기 자산취득품목 구매,육군종합군수학교,용인컴퓨터편의점
61830,산불진화복 외투 등 2종 구매,해군사관학교,경진테크
61840,"23-08-274,276 와이어 등 13품목",공군교육사령부,주식회사도영디와이
61841,아마종목 훈련용품(핸드볼화 등 2종)구매,국군체육부대,스포션
61842,역도부 훈련용품(역도바 등 5종),국군체육부대,미성종합체육산업 주식회사
61843,훈련용품 구매(제빙기 등 2종),국군체육부대,우주상사
61844,농구부 훈련용품(트레이닝복 등 4종)구매,국군체육부대,진영상사
61856,"AIP수소(8,000Kg) 납품",제9121부대,창신가스(주)
61857,오-링 등 78종 구매,해군군수사령부,범한산업 주식회사
61870,10.5mm 고무탄 등 3품목 구매 납품,제9227부대,삼영안전산업
61872,(육-087) 장성기 4종 구매,국방부계룡대근무지원단,주식회사 월성
61874,'23년 군견 사료 구매,육군교육사령부,주희테크
61878,23-08-291 스텐식판 1품목,공군교육사령부,영우상사
61887,"(긴급)이경, 콘넥트 조인트 65A 등 58종",해군군수사령부,제일테크
61888,섀클 등 40항목 구매(일장-058),육군군수사령부,석산전자 주식회사
61896,23-해병-53대대 취사식당(징크패널),제9181부대,대산산업 주식회사
61897,23년 마약 감정재료 구매,국방부조사본부,라온제나
61898,전군 VTC(화상회의체계) 구매 설치(0000단),국방부조사본부,주식회사진도아이비에스
61906,작업대 4개 구매,해군제2수리창,하나솔텍
61910,20비 23-229 마약검사키트 등 15종,제20전투비행단,제이앤비
61911,종이컵 등 116종 구매,제5738부대,흥환상사
61913,23년 대대급 안전물자세트 구매 2차,제32보병사단,케이엠글로벌
61914,래피콜콜드연질캅셀 등 95품목 구매,연평부대,주식회사웰피오팜
61929,23-F-폐쇄식 잠수기셋 구매(239066-H),국군재정관리단,송미정
61951,00부대 PBL창고 선반 구매,육군항공사령부,제디아 아이엔티
61960,23-N-수직천공기 2종 구매,국군재정관리단,케어원
61961,23-덕-리얼플라이트 구매,제9691부대,유니버스
61970,다목적 로다(2대) 구매,육군상무대근무지원단,주식회사 에이씨티코리아
61985,콜드파이어 등 5종 구매,해군군수사령부,대일컴퍼니
61986,23-경남아너스빌 홈오토메이션 설치,제7001부대,주식회사 인텍비전
61999,계기 특수눈금용 등 3종 구매(154),해군제1수리창,(주)동건
62000,"알루미늄 합금판 등 27종 구매(152, 153)",해군제1수리창,주식회사제이케이컴퍼니
62002,릴호스 구매 설치,제9해병여단,이안솔루션
62007,해군 네카치프 등 3종 구매,해군군수사령부,성공
62009,(긴급)선철 1종,해군군수사령부,주식회사 성우팜
62016,23-방공관제사-38(0000체계 헤드셋 구매),공군방공관제사령부,세정이앤씨
62021,(236047-G) 23년 사이버 모의공격 및 평가도구 구매,국군재정관리단,(주)에이치알정보통신
62030,디지털듀얼타이머 등 23종,제5738부대,흥환상사
62033,23-116호 유성매직 등 436종 구매,해군작전사령부,태환컴퍼니
62034,23-115호 플라스틱링 등 632종 구매,해군작전사령부,주식회사 더원시스템
62036,개스킷 등 2종 구매,해군제2수리창,엘케이
62039,디스플레이 유닛 1종 구매,해군군수사령부,일용상사
62048,"합성기,전기 주파수용",지상공통전력운영계약팀,주식회사 엔아이티
62049,23-226 다이어리 커버 등 3종,공군사관학교,제이알디
62061,기화기 등 15종 구매,해군제2수리창,봉화물산
62064,23-119호 낙센에스정 등 126종 구매,해군작전사령부,(주)씨오에스
62065,특정지역 대테러물자류 구매(23-172),수도방위사령부,주식회사 바룩하쉠
62066,특정지역 방탄복 구매(23-173),수도방위사령부,주식회사 초이스인터내셔날
62077,23-N-특수전 임무지형 서버 교체(리스물건),국군재정관리단,주식회사 아인시스아이엔씨
62079,"23-F-시험세트,무선기용 구매(U)",국군재정관리단,(s)클래스
62083,(육성) 00부대 총기운반함 구매 납품,육군 52보병사단,수석
62085,배드민턴부 훈련용품(셔틀콕 등 2종)구매,국군체육부대,(주)선진종합상사
62086,럭비부 훈련용품(츄리닝 등 12종) 구매,국군체육부대,미성종합체육산업 주식회사
62087,전국체전 개인종목 훈련용품(러버 등 7종) 구매,국군체육부대,케이브릿지
62088,미송각재 등 180종 구매,제7001부대,베이스먼트랩
62092,국자 등 54품목 구매,연평부대,필근아컴퍼니
62099,2024년 해군 모병 홍보 탁상달력 제작,해군본부,뉴룩스(NEWLOOKS)
62100,소화기(23-160),공군제15특수임무비행단,(주)디에프
62104,23년 10~12월 부대계약(식육가공품),제15보병사단,주식회사 엔미디어솔루션
62108,5in1 무선충전기 등 2종 구매,해군본부,스타일안 주식회사
62116,청사 GHP 실외기 구매설치,국립서울현충원,그린에너지주식회사
62118,헬멧 등 14품목 구매,제9181부대,루비스타
62120,산불진화 개인보호구 세트 구매계약,제2군수지원여단,TNI-BANK
62123,23-108호 분리수거함 등 429종 구매,해군작전사령부,피노키오
62125,23-06-217 휴대폰 보관함 등 3품목 구매,공군교육사령부,스타CNS
62126,비트 등 367품목 구매,제9181부대,에스에스더블유
62128,"(긴급)접합제,철 및 강철용 등 5종",해군군수사령부,원테크
62131,육군 비행정보간행물 바인더 구매,육군항공사령부,주식회사 호박피앤비
62132,"23-53전대-004, 칼라스모크",공군 제8전투비행단,오리콘 주식회사
62137,(236374-B)24년 생도 스포츠복류 구매,국군재정관리단,현대상사
62139,(236244-B) 작전회의실 노후 전시체계 구매(리스),국군재정관리단,주식회사 삼도통신
62141,인화지 등 16품목 구매,제9691부대,채연통상
62144,"등, 아군식별용 구매",해군본부,클릭바이 엠알오
62157,매직쿡팬 등 529품목 구매,연평부대,그리마
62178,버니어 하이트게이지 등 21종,해군군수사령부,경남상사
62183,보관함 구매,제9181부대,엠앤제이
62184,형광펜 등 550품목 구매,제9181부대,동진상사
62185,제빙기 구매,제9181부대,아이디
62186,메인 메어링 등 8종 구매,해군군수사령부,충이네트워크
62190,(긴급)메카니칼 시일 등 12종 구매,해군군수사령부,세종상사
62191,대테러 흑복 야전상의 등 2종목 구매,해군군수사령부,엔젤상사
62192,청소차(습식) 구매,해군군수사령부,주식회사 해피트리
62194,"(긴급) 작동기, 유압식-공기식, 회전형 등 3종",해군군수사령부,이노엠테크
62198,화재진화물자(방염복) 구매(C034),제7군단,주식회사 금조디앤에스
62201,23-해병-랜툴기 등 54품목 구매,제9691부대,신화랜드
62202,모자 등 4종 구매,해군본부,숨테크
62206,23년 더 좋은 병영식당 식기류 구매,제8기동사단,(주)테스온
62207,고무아령 9KG 등 6종 구매,해군교육사령부,주식회사 사람을 위한 상상
62209,"A형 포장박스 4,740개 구매",해군교육사령부,세명종합공구
62218,K77지휘차 호스류 등 9종 구매,육군종합정비창,원일종합상사
62219,K77지휘차 클램프 등 33종 구매,육군종합정비창,세진파트
62221,K77지휘차 와셔 등 11종 구매,육군종합정비창,엠에스산업
62222,K77지휘차 개스킷 등 5종 구매,육군종합정비창,에스엔더블유테크
62231,'23년 소방기구(송배풍기 등 4종) 구매,국방부근무지원단,사회적협동조합더행복나눔
62237,23년 후반기 부대기 및 부수기재 구매,육군사관학교,플랜비원 유한책임회사
62239,플라잉모아 2대 구매,제7001부대,성광상사
62241,00부대 치장창고 물자 구매(파레트),동원전력사령부,하이드림
62242,00부대 치장창고 물자 구매(청소차),동원전력사령부,우리테크
62243,00부대 치장창고 물자 구매(컴프레샤 등),동원전력사령부,감사희
62245,검문소 경량화 장애물(바리케이드)구매,제3697부대,매직시스
62261,전력계 등 1항목 구매(특무-002),육군군수사령부,주식회사 티엠시스
62265,(237264-F) 고공낙하산 등 2종 구매,국군재정관리단,푸디앤라이프 주식회사
62266,23-F-기상관측소 군 구매·설치(239141-F),국군재정관리단,주식회사 에스아이테크
62268,네이비 티셔츠 등 6종 구매,해군본부,관고동
62271,23-105호 물자적재함 3종 구매,해군작전사령부,강림
62273,화재진화물자(산불진화화 등) 구매(C037),제7군단,더제이실업
62278,고정식바벨세트 등 5종 납품 설치,제8385부대,성화종합상사
62280,소변검사용 컵 등 15종,제5738부대,동광
62281,Mixing Tips 등 37종,제5738부대,주식회사 경쓰
62282,23-95호 전장용품 211종 구매,해군작전사령부,씨크로스
62283,특기병 휴대폰보관함 구매,육군포병학교,혜안
62286,상황판 등 6품목 구매,제9181부대,구쯔
62288,피스톤용 링 1종 구매,해군군수사령부,그린월
62312,창설부대 취사물자(해면기 등 43건) 구매,제1891부대,주식회사 비엠코리아
62319,합동실험을 위한 MS SW(Any Logic) 및 HW구매,합동참모본부,주식회사 케이에스씨앤씨
62320,'23년 대대급 안전물자세트 구매,육군포병학교,한가온
62332,탐조등 등 17항목 구매(일장-054),육군군수사령부,주식회사 에스엠플래닛
62339,(236349-F)방탄방패 구매,국군재정관리단,금성스쿨
62344,육-00사단 23-1차 방탄조끼 통합구매,제32보병사단,주식회사 제이투
62358,튜브 등 8종 구매,해군제2수리창,이제이코퍼레이션
62362,고착방지제 등 148종 구매(142),해군제1수리창,영동상사
62363,디지털 전투조끼 등 20종 구매,해군제3함대사령부,지원사
62369,[23-C78]4분기 ATCIS 운용용품 외 구매 계약,제6보병사단,대길상사
62379,(육성)실내사격장 안전방호판 납품/설치,제3697부대,제이투시스템
62380,23-08-282 압축분무기 등 86품목,공군교육사령부,장터마켓
62386,23-방공관제사-32(비소흡착여재),공군방공관제사령부,제이케이이앤지
62389,23-N-수사물자 구매,국군재정관리단,블루윈 글로벌(Bluewin Global)
62404,발칸 베이스 구매,육군종합정비창,주식회사 엔아이티
62405,총포 렌즈 구매,육군종합정비창,명성RT
62406,발칸 스페이서 등 16종 구매,육군종합정비창,다연테크
62408,'23년 대대급 안전물자 세트 구매(2차),육군항공사령부,투피에스(TWOPS)
62410,(236314-D)광융착접속기등 6품목 구매,국군재정관리단,(주)뉴원에스엔티
62420,(236350-B)'23년 사전학습지원 기반체계(노트북) 도입,국군재정관리단,주식회사 은총
62439,덤벨set 1종,재경근무지원대대,주식회사 제이앤케이이앤에스
62442,"녹음기-재생기류, 신호자료용 등 13품목 구매",해군군수사령부,주식회사 유니메인
62449,23 X-RAY 수하물 투시기 구매(239051-F),국군재정관리단,주식회사 아트텍
62450,23-D-69톤 트랙터 구매(231055-I),국군재정관리단,주식회사 에스엠플래닛
62460,"절연니스 전기용 등 16종 구매(140, 141)",해군제1수리창,서주통상
62461,작업등 등 408종 구매(139),해군제1수리창,씨에스상사
62463,네임펜 등 286종 구매(137),해군제1수리창,동원상사
62467,(군-군-14) 23년 취사화 구매,제15보병사단,주니컴퍼니
62476,"콘덴서, 냉각용 등 5종 구매",해군군수사령부,지우민
62477,선반대 구매 설치,제9181부대,주식회사 브라이트텍
62479,개스킷 등 7종 구매,해군군수사령부,주식회사 에코비투
62481,"콘덴서, 냉각용 등 5종 구매",해군군수사령부,지우민
62482,카브레터 개스킷 등 8종 구매,해군군수사령부,대인상사
62484,"4주식리프트, 소형 구매",해군군수사령부,푸른세상
62485,디스플레이 유닛 6EA 구매,해군군수사령부,주식회사 에스엠플래닛
62492,23-F-전동카트 1종 구매(239145-F),국군재정관리단,진이컴퍼니
62496,앙카세트 등 494종,제5738부대,라온
62498,제설함 등 21품목 구매,연평부대,바나다하우스
62507,23-덕-USB 등 5품목 구매,제9691부대,이지프라자
62509,견출지 등 202종 구매,해군대학,동아오피스
62510,펜텔 수정펜 등 916종 구매,제9911부대,유한회사다연컴퍼니
62515,'23년 야전착색용 전기 호이스트 구매 설치,제1군수지원사령부,제이컴주식회사
62519,(236299-D)CS 프레스(파워 프레스) 150톤 구매,국군재정관리단,영인
62523,23-101호 코일매트 구매,해군작전사령부,로드코리아
62524,유박스 B 주 등 44종,제5738부대,주식회사 은하수팜
62525,DAY SET,제5738부대,제이비글로벌주식회사
62526,바퀴형바리케이트 등 4종 구매,해군제3함대사령부,혜안
62529,와이프올 L20 등 52종,제5738부대,주앤주
62534,23-N-아군식별용 등 구매,국군재정관리단,주식회사 대림산업기술
62538,23-덕-바디캠 구매,제9691부대,정진테크
62540,안테나 등 12종,제5738부대,청구종합상사
62548,23-93호 캐노피 등 148종 구매,해군작전사령부,더나은
62553,해군 스웨터용 해군대령표제모장 등 11종 구매,해군군수사령부,지우실업 주식회사
62554,흑색요대 등 2종 구매,해군군수사령부,주식회사 토브더가먼트메이커
62562,23-N-소형세차기 등 3종 구매,국군재정관리단,수 브로우
62565,23-98호 모의병기 등 3종 구매,해군작전사령부,태우 비즈
62568,"분진복 상,하의 구매",제7001부대,주식회사 부창산업
62574,제재목 등 8종 구매,해군제2수리창,파파테크
62577,2차 발굴물자 구매,국방부유해발굴감식단,(MC-LEE)승은.T/C
62580,퓨얼 쿡 어세이 등 7종 구매,해군군수사령부,세종상사
62590,(23육군-해파028)말라리아 키트 등 30품목 구매,종합보급창,주식회사 이레팜
62592,23년 특기병 휴대폰 보관함 구매,육군종합군수학교,유민산업
62597,역도부 훈련용품(역도바 등 6종)구매,국군체육부대,진영상사
62598,호스 세트 등 6종 구매,해군제2수리창,(주)디에스인프라
62599,"온도계, 자체표시식 등 9종 구매",해군제2수리창,휴이
62601,농구부 훈련용품(농구화 등 2종)구매,국군체육부대,진영상사
62602,수영부 훈련용품(수영시합복 등 6종)구매,국군체육부대,미성종합상사
62610,23-88호 000함 해도 및 서지 구매,해군작전사령부,한국해양개발(주)
62612,23-94호 EPIRB 구매,해군작전사령부,정빈테크
62613,(23육군-해파034)칼라각관 등 72품목 구매,종합보급창,다얼테크
62619,23-07-263 훈련단 학과용 가방 1품목 구매,공군교육사령부,플랜B
62624,소아쟁 등 11종 구매,해군교육사령부,환희 컴
62625,알루미늄 체크무늬판 등 2종 구매,제9121부대,리아마켓
62626,특수 고압호스 등 4종 구매,제9121부대,진성유통
62627,스팀다리미 등 3종 구매,제9121부대,세명종합공구
62636,(237315-F)NGS유전자검사 시약 재료 구매,국군재정관리단,(주)에이치엔에스바이오
62643,펄싱 제어카드 등 27종 구매,제8385부대,영동상사
62645,암로발탄 정 등 120종 구매,제8385부대,아림팜
62646,전장순환훈련용 더미(마네킹) 구매,육군 제1군단,동광
62659,(237028-H)000체계 워크스테이션 구매,국군재정관리단,인드라망
62669,(공-42) 비밀보관함 등 2종 구매,국방부계룡대근무지원단,주식회사 현대상사
62672,23년 윗몸일으키기대 구매,육군훈련소,매력철쓰
62673,컷팅자 등 1137종 구매,제5738부대,호미유통
62676,23-167 기지방호작전분야 비상경보체계 제작,공군제10전투비행단,주식회사티엠에스기술
62684,구조실습마네킨 등 3품목,국군의무학교,주식회사 파라메스
62690,"야간 조준경,K14용",기동총괄계약팀,(주)이오시스템
62692,접촉기 등 3종 구매,해군제2수리창,동서종합상사
62695,플라스크 등 13종 구매,해군제2수리창,(주)디에스인프라
62697,작동기 등 4종 구매,해군제2수리창,동 인
62700,개스킷 세트 등 32종 구매,해군제2수리창,주식회사 무안유통
62704,'23년 산불진화 개인보호물자 구매,제 2167부대,주식회사 대구봉제
62721,[유류과] 크로모미터 1종,공군군수사령부,주식회사 루트웰
62724,단안형 야간투시경 구매 납품,제9227부대,준호상사
62729,청간정콘도 커튼류 계약,국군복지단,수정기업
62734,내부투시기 등 3항목 구매(통신),육군군수사령부,레디스주식회사
62735,내부투시기 등 3항목 구매(통신),육군군수사령부,레디스주식회사
62741,(236300-F) 안전물자 세트 구매,국군재정관리단,필 글로벌(PHIL GLOBAL)
62742,23-F- 전동카트 구매(239135-F),국군재정관리단,대한사무용가구
62749,발안마기 등 2종 8점 구매,해군제3함대사령부,"호남설비·누수, 르네셀하당점"
62750,23년 정비피복(정비화 등 2종) 구매,제2군수지원여단,주식회사 천광
62752,워크스테이션 등 2종(23-109),공군제19전투비행단,도원정보시스템 주식회사
62754,00부대 치장창고 물자 구매(다목적용 카트),동원전력사령부,유니온티에이
62759,'23년 일체형 결속기 구매,제1군수지원사령부,부흥개발
62768,CBC Bottle 등 10종 구매,해군교육사령부,삼우메디칼(주)
62774,23-07-242 스텐이중면기 1품목,공군교육사령부,소소한
62779,지구병원 승강기 설치납품,국군의무사령부,(주)금강엔지니어링
62781,23-F-신호발생기용 변조기 구매,국군재정관리단,해원산업
62783,(237329-D)마약검사키트 구매,국군재정관리단,메가플러스주식회사
62789,23-D-터널세차기 구매설치,국군재정관리단,주식회사 에스엠플래닛
62791,지구병원 승강기 설치납품,국군의무사령부,(주)금강엔지니어링
62795,소화기(3.3kg) 등 2종 구매,제8385부대,수주종합상사
62796,쇼파등판 레자수선 등 8종,해군군수사령부,삐쮸
62798,더좋은 병영식당 식기세척기 임차,제3697부대,주식회사 엠에스케이원(MSK1 Inc.)
62803,투스포인트 등 138품목 구매,제3170부대,미라클플랫폼
62804,파워라인 형광펜 등 101종 구매,제8385부대,주식회사 엠케이
62807,스텐바 등 24종 구매(133),해군제1수리창,천곡철물상사
62808,23-87호 레버형 큐비클 등 107종 구매,해군작전사령부,세종상사
62809,오-링 등  4종,해군제3함대사령부,신정유통
62815,[부산광역시]원거리조준경 등 3건 구매,육군제53보병사단,주식회사 에프원웍스
62818,"23-F-시험세트, 초음파식 구매(23906-H)",국군재정관리단,한서유통
62820,'23년 안전문화 홍보용 로고라이트 구매,육군본부,(주)큐엔큐
62827,자외선램프 등 12종 구매,해군군수사령부,스카이코리아
62828,옥시크린 등 10종 구매,해군군수사령부,세명종합공구
62832,분리수거함 등 455품목 구매,제9181부대,(주)인광전기
62835,"(긴급)단열판,방열용 등 4종",해군군수사령부,온나라물자조달 주식회사
62837,"탱크, 온수저장용 등 10종 구매",해군군수사령부,주식회사 경진유통
62838,오링 등 10종 구매,해군군수사령부,파라닷컴
62845,"23-005 테오드라이트,측량용 1 품목",공군제5공중기동비행단,주식회사 우리측기
62851,"23-M-팔꿈치, 무릎보호대 구매",국군재정관리단,건후
62852,00부대 탑승식 건식 청소차 구매(23-146),수도방위사령부,태민
62857,위임3-1)영선반 자재 구매,제28보병사단,이터널
62860,저온츱착제 등 4종 구매(132),해군제1수리창,서주통상
62863,개스킷세트 등 4종 구매(129),해군제1수리창,천곡철물상사
62877,23-해병-53대대 취사식당(자동제어),제9181부대,미래정보산업(주)
62890,"링,지지용 등 25종",해군제3함대사령부,마린아트
62892,개스킷 등 6종,해군제3함대사령부,만리통상
62895,(인복-23-199) 사물함 전자키 구매,국방부계룡대근무지원단,주식회사 미소테크
62896,형광펜 등 56종 구매,제9121부대,마니
62897,20비 23-188 전구 등 76품목,제20전투비행단,주식회사 선샤인
62898,23-86호 케익스탠드 등 146종 구매,해군작전사령부,제나비즈
62900,24년도 국군복지단 달력 제작,국군복지단,대성사P&T
62903,스노우지 120g 등 31종,해군본부,다진
62905,(236307-C) 5인승 전동승용카트 구매,국군재정관리단,삼일앨엔에스
62912,자바라컨베이어 등 8종 22점 구매,해군제3함대사령부,주식회사 성화주방
62918,"클램프, 호스용 등 8종 구매",해군군수사령부,용진H&C
62920,천마 축전기 등 구매,미래전력사업전력운영계약팀,주식회사 코맥스
62936,소방작동기능 설치납품,지상작전사령부,주식회사 반도소방
62937,전체식 안전그네 등 72종,해군제3함대사령부,신동
62938,"콕,배출용 등 19종",해군제3함대사령부,아테나
62942,'23년 육성지원물자 구매(GPS),제1989부대,에스제이유통
62944,백열등 등 4종,해군제3함대사령부,삼호자원
62961,플라스틱들것 구매,국군의무사령부,(주)에스지테크놀로지
62965,위장망체계 지지대세트류,기동총괄계약팀,도균테크
62971,'23년 2차 대대급 안전물자 세트 구매,제17보병사단,도은주택
62975,샤워기 헤드 등 119종 구매,제9911부대,신영E.N.G
62977,근관세척기 등 2종,제5738부대,영남치과기재 주식회사
62978,23년 대대급 안전물자 세트 구매(2차),제2작전사령부,성경
62982,'23-38차 계약(특정지역 신사복류)(23-135),수도방위사령부,한스테크
62983,23년 대대급안전물자 2차 구매,제2632부대,이큐(EQ)컴퍼니
62988,스테인리스 대변기 45점 구매,제9121부대,주식회사 드림팩토리
62991,"(긴급)더블 비트, 10“ 1종",해군군수사령부,제일테크
62999,방폭형 전동호이스트 구매,공군83정보통신정비창,정일컴퍼니
63003,23-덕-내화비밀보관함 구매,제9691부대,주식회사 주방라인
63004,[부산시 8개 지역구]스팟 타워라이트 구매,육군제53보병사단,원전전기주식회사
63014,유류이송용 호스 구매,제9911부대,디피 코퍼레이션(DP corporation)
63017,방진마스크 등 47종 구매,제7001부대,민트컴퍼니
63028,HDL 등 32종 구매,해군작전사령부,사수상사
63031,23-2차 추진장약 분석시험용 재료 구매,육군 탄약지원사령부,주식회사 에스티에스
63034,비밀보관함 등 3종 구매,국방부계룡대근무지원단,주영산업
63038,23년 155밀리 추진장약통(5호),지상공통전력운영계약팀,주식회사 엔에이치
63039,23년 155밀리 추진장약통(6호),지상공통전력운영계약팀,주식회사 엔에이치
63042,"핀,발사용",지상공통전력운영계약팀,(주)경도
63048,23-D-산업용 3차원 엑스레이 구매,국군재정관리단,(주)쎄크
63054,알루미늄 포장지 등 74종,공군군수사령부,에이엘케이코리아(ALK코리아)
63056,커플러 등 267종 구매,해군 기동함대사령부,알파유통 주식회사
63057,온장고,제5738부대,만능유한회사
63058,(주) 켈스 HCG 등 39종,제5738부대,개스트하우스
63059,유체정역학 유니트 등 6종 구매,해군군수사령부,주식회사 모빅
63061,00부대 진공포장기 구매 납품,육군 52보병사단,씨비알 컴퍼니
63062,00부대 X-ray 검색대 구매(23-131),수도방위사령부,(주)거성
63069,공격배낭 43EA 구매,해군본부,디에이치산업
63070,경계용 폴리스캠 40EA 구매,해군본부,바인시스템
63071,2023 국군수도병원 피난기구(수직구조대) 설치 납품,국군수도병원,주식회사 삼양소방
63080,'23년 대대급 안전 보호세트 구매,제1989부대,동우물류
63081,본크리트 등 221종 구매,해군교육사령부,주식회사 인텍비전
63082,슈퍼크립 등 146종 구매,해군교육사령부,영림상사
63084,실험실기자재 망간측정키트 등 33종 구매,제7001부대,주식회사 더원시스템
63087,고정물 전등용 등 2종 구매(117),해군제1수리창,듀이
63090,"튜브,고무링 등 2품목 구매",제3170부대,호미유통
63100,녹색컷팅매트 등 191종 구매,국방부계룡대근무지원단,주식회사 미소테크
63103,수중 헤드업디스플레이 구매,제9965부대,주식회사 정현
63104,23년 탄약 지환통류(3차),화력총괄계약팀,(주)오성지관
63116,’23년 안전물자 세트 구매,제5181부대,네이쳐 에프에스
63117,코팅필름 등 376종 구매,해군 기동함대사령부,영테크
63119,블랙박스 등 5품목 구매 설치,제9181부대,아이원
63122,"AIP수소(8,600Kg) 납품",제9121부대,창신가스(주)
63127,23년 디지털포렌식 SW 라이센스 구매,국방부조사본부,주식회사  인섹시큐리티
63141,축구공 등 14품목 구매 납품,제9227부대,월드모아
63143,23-덕-대공표적 부수물자 구매,제9691부대,나래컴퍼니
63146,도어핸들 등 80품목 구매,제3170부대,광재상사
63148,"패킹, 성형식 등 26종 구매",해군제2수리창,동행사이언스
63151,완장 등 308품목 구매,제3170부대,피닉스
63152,디지털 티셔츠 구매,해군사관학교,존버
63153,MTB반목 등 13종 구매,해군제2수리창,주식회사 행복유통
63154,축구공 등 174품목 구매,제3170부대,모모앤
63166,살충제 등 68종 구매,제9121부대,한성
63169,(23육군-해파029)분전함 등 19품목 구매,종합보급창,황금상사
63174,"[23-0146, 0147] 리거밸트 및 세이프티 랜야드",공군제17전투비행단,주식회사 청주테크
63176,"트럭 트랙터,레커용",항공기총괄계약팀,주식회사 평강비아이엠(B. I. M)
63190,안전물자 세트 구매,육군 제1군단,수니몰
63191,23-2차 대대급 안전물자세트 구매,제1891부대,대성정보통신주식회사
63192,(긴급)고경도 볼엔드밀 등 7종,해군군수사령부,한국상사
63193,(긴급)레벨게이지 등 8종,해군군수사령부,나린아토
63195,요검사기 자동식 사단용 1EA 구매,해군군수사령부,주식회사 푸른미디어
63198,수입지 및 수입포,지상공통전력운영계약팀,(주)동인산업
63210,물자 세출예산 대대급안전물자 세트(2차),제9보병사단사령부,캔사스엘피바
63211,23년 총기 진공포장기 구매,제51보병사단,큰나무상사
63219,"(236294-C) 3D 스캐너, 휴대용 구매",국군재정관리단,주식회사 에프엔서플라이
63238,석유버너 등 3종 구매,해군교육사령부,디에이치커머스
63242,영점표적지 등 13종 구매,해군교육사령부,신영물류
63243,스크린골프장 구매 설치(C021),제7군단,예지미인
63249,"패킹 등 12종 구매(113, 114)",해군제1수리창,가포통상
63250,"시일,평면형등 13종 구매(111)",해군제1수리창,케이플러스
63254,밴드쏘 등 1133종,해군군수사령부,민정테크
63261,개스킷 등 17종 구매,해군군수사령부,나나아울렛
63262,스텝 스크랩 링 등 4종 구매,해군군수사령부,대한시스텍
63264,마칭 훈련용 점퍼 1종 구매,해군군수사령부,주식회사 토브더가먼트메이커
63271,"23년 멜빵,소화기용",지상공통전력운영계약팀,부림산업
63274,(23-110) 보오스코우프 1종 1점,공군제5공중기동비행단,에비던트코리아 주식회사
63279,누름단추 캡 등 4종 구매,제9121부대,다림테크
63280,총기 진공포장기 구매,제3697부대,사회적협동조합 푸른하늘
63291,23년 플라스틱 파레트 구매,국방출판지원단,미림상사
63293,23-F- 전류변환기 구매(239123-F),국군재정관리단,주식회사 삼마기업
63301,체조부 훈련용품(탄마대 등 6종) 구매,국군체육부대,진영상사
63303,호미 등 23종 구매,해군교육사령부,세현종합상사
63304,핸드볼부 운동용품(유니폼 등 6종) 구매,국군체육부대,바른전산
63308,노고산훈련대 실내사격장 피탄지 교체,제3697부대,주식회사 비엠케이
63323,(236247-E) 표정지 2종 구매,국군재정관리단,토너리아
63332,바디캠 구매,연평부대,제이알
63338,보호복 등 355종,해군군수사령부,리아마켓
63339,취타복 등 8종 구매,해군교육사령부,주식회사 유노인더스트리
63342,23-2차 대대급 안전물자세트 구매,육군 탄약지원사령부,아이두샵
63345,"전동기,교류용 등 1종 구매",해군군수사령부,모아테크
63347,의장 행사링 등 7종 구매,해군군수사령부,엠에스컴퍼니
63357,23년 총기 진공포장기 구매,육군제53보병사단,헤럴드
63369,육성지원물자 사무기기 통합구매,제1989부대,삼호자원
63370,콘트롤유닛 ECU 2개 구매,해군제2수리창,주식회사 참좋은
63377,"트레일러, 폭탄운반용 4EA 구매",해군군수사령부,럭키글로벌
63378,"절연체, 부싱형 등 18종 구매",해군군수사령부,이지테크
63384,오링 및 패킹류,지상공통전력운영계약팀,덕인산업
63395,내화비밀보관함,제5738부대,주식회사 대림산업기술
63396,고무판 등 98종 구매,제9911부대,바나나비행기
63403,(육성)지역예비군 전투조끼 구매,제3697부대,주식회사 헤세드코리아
63407,오링 등 71종 구매,해군제2수리창,서해전기주식회사
63412,잠수사추진용 킬코드 등 2품목 구매,제9181부대,화우
63415,섬유유연제 등 2종 구매,해군군수사령부,다이아나
63416,"프로펠러, 선박용 1종 구매",해군군수사령부,조이스툴
63417,(긴급) FCU 어셈블리 1종,해군군수사령부,대한냉동
63421,ROM복제기 2EA 구매,해군군수사령부,케이위너스 주식회사
63431,23-3차 조리병 실습재료구매,육군종합군수학교,선진유통
63438,계단목 등 48종 구매(23-76호),해군작전사령부,와이에스물산 주식회사
63457,23-F-하이드로우닉 파워 카트 구매(239024-E),국군재정관리단,함초롬
63459,23-F-전동승용카트 5인승 구매(239117-F),국군재정관리단,(주)오성인피니티
63463,00부대 치장창고 물자구매(컴프레샤 등),동원전력사령부,주식회사 이엠티
63464,00부대 치장창고 물자구매(오더피커),동원전력사령부,가구인
63465,00부대 치장창고 물자구매(청소차),동원전력사령부,블레이즈
63466,00부대 치장창고 물자구매(랩핑기),동원전력사령부,이현
63467,00부대 치장창고 물자구매(파레트),동원전력사령부,소망상사
63469,23년 총기 진공포장기 구매,제32보병사단,제이앤제이
63473,자바라 컨베이어 2종 구매,제9911부대,불토스
63476,23년 대대급 안전물자 세트 구매 2차,제8기동사단,모세기획
63479,수입포 등 24개 품목 구매,육군 탄약지원사령부,조인투게더
63505,원형테이블 등 2종 구매,제7001부대,주식회사 경진유통
63508,파라슈트 등 3종 구매,해군군수사령부,고려화공 주식회사
63514,총포 링 구매,육군종합정비창,주식회사 조은이엔지
63520,(236234-F)32mm 일체형 결속기 구매,국군재정관리단,주식회사 동빈글로벌
63525,공업용랩 등 4개 품목 구매,육군 탄약지원사령부,마티아
63526,23년 병영훈련용품 구매,육군학생군사학교,한마음
63529,23년 축성도구 구매계약,제7보병사단,주식회사 소영프로젝트
63530,종이박스 등 3종 구매,해군군수사령부,주식회사 더원시스템
63531,사물함 2인용 구매 계약 (직접생산업체),육군대학,주식회사센스
63535,세척제 등 20종 구매(23-72호),해군작전사령부,진명
63538,"냉각유니트, 공기식 등 7종 구매",해군군수사령부,삼일문화
63539,"링,지지용 등 16종 구매",해군군수사령부,케이테크
63540,네트 와이어 스테인레스 등 2종 구매,해군군수사령부,디에이치유통
63542,"커플링, 축용, 고정식 등 10종 구매",해군군수사령부,케이에이치(KH)컴퍼니
63559,(237183-F)기초잠수착용물자 구매,국군재정관리단,다온상사
63565,23-N-사이버자산 대상 모의침투 진단체계 도입,국군재정관리단,주식회사 인섹사이버시큐리티
63569,23-덕-위장크림(군용) 구매,제9691부대,주티
63584,23년 예비군 육성지원(판초우의) 구매,제51보병사단,한울
63587,해충퇴치기 구매,제9121부대,대인종합상사
63595,플랫실링 등 6종 구매,제9121부대,대인종합상사
63598,트럼펫 등 3종 구매,해군교육사령부,주식회사 제이앤에스
63603,23년 산불진화 개인보호구 구매,제3군수지원여단,주식회사 머니정
63604,(긴급) 개스킷 등 47종,해군군수사령부,희망교역
63605,노클립밴딩기 구매,제9181부대,주식회사 에코비투
63608,"(긴급)시일,평면형 등 5종 구매",해군군수사령부,(주)씨티원서비스
63610,(긴급) 개스킷 등 47종,해군군수사령부,희망교역
63611,냉각제 1종 구매,해군군수사령부,제일테크
63615,전자 청진기 4EA구매,해군군수사령부,조광유통
63618,음성기록카드 1종 구매,해군군수사령부,고운유통
63619,"램프, 발광다이오드용 3종 구매",해군군수사령부,세종상사
63620,정전압계기 시험기 1EA 구매,해군군수사령부,에이제이코리아
63626,22-충-육-44B 징크패널(98-2취사),제32보병사단,신강건설산업 주식회사
63631,"23-H-01 발생기, 신호용(5354) 구매",공군군수사령부,대흥상사
63635,더블클립 등 220품목 구매 납품,제9227부대,제이케이플러스
63636,발판소독조 등 9품목 구매 납품,제9227부대,규선유통
63640,원형탁자 등 2종 구매,국방부계룡대근무지원단,세계로상사
63644,펜싱부 훈련용품(플러레칼날 등 3종),국군체육부대,하림상사
63645,하키부 훈련용품(하키화 등 14종),국군체육부대,미성종합상사
63646,23년 후반기 00체계 운용품 구매,국군지휘통신사령부,해오름
63649,고무발포 시트 등 28종 구매,제9121부대,주식회사 제이앤케이이앤에스
63657,브래킷 및 판류,지상공통전력운영계약팀,주식회사 금탑
63658,23-1차 0000체계 운용품 구매,국방정보본부,장암유통
63659,23년 꼬질대류,지상공통전력운영계약팀,테크노와이시스템주식회사
63662,23-F-공기호흡기 구매,국군재정관리단,다르니 일렉트릭
63665,23-N- 레스큐 바스켓 등 3종 구매(238181-F),국군재정관리단,싸원드(SSWD)
63671,엘보우류,지상공통전력운영계약팀,환호테크
63673,차수판(23-117),공군제15특수임무비행단,앤젤AD
63675,낙센에스 정 등 53종 구매,해군교육사령부,주식회사 위니드팜
63679,3M슈퍼그립200 등 123종 구매,제8385부대,(주)선안전기술공사
63689,넉가래 등 15품목 구매 납품,제9227부대,혜민상회
63700,(조달) 23-2-092 랜 포트락 등 28품목,제3훈련비행단,삼자
63707,방청제 등 40품목 구매,제9181부대,태광일렉컴
63718,자바라 컨베이어 구매,해군 기동함대사령부,주식회사 성은공조
63722,육군훈련소 장병 휴대폰보관함 구매,육군훈련소,주식회사 진성하이텍
63726,"23-H-19 교정기 세트, 주파수용 구매",공군군수사령부,대길상사
63740,검정포제 등 5종 구매,해군군수사령부,하늘정보
63743,"브러시,전기 접점용 등 8종 구매",해군군수사령부,만물대장
63744,양극 등 5종 구매,해군군수사령부,쓰리지엠
63745,여과기부분품박막형 등 9종 구매,해군군수사령부,제일테크
63747,(긴급)알루미늄 합금판 등 22종,해군군수사령부,동우철강(주)
63763,23-F-재난안전통신망 단말기 구매,국군재정관리단,(주)티아이스퀘어
63767,23년 위장망체계 지지대세트류,미래전력사업전력운영계약팀,도균테크
63773,진동풀림방지 와셔 등 8종 구매,제9121부대,새방기업
63778,(군-군-5) 축성재료(축성도구) 구매,제15보병사단,국제
63781,"사복탁송용 가방 3,640개 제작",해군교육사령부,주식회사 나루지엠에스
63784,"비, 직립형 등 5종 구매",해군군수사령부,데쎄오
63785,(긴급) 세척탱크 1종,해군군수사령부,디앤에스
63791,자동 표기용 종이(울트라컷) 구매,육군 탄약지원사령부,링크버스
63792,81밀리 추진장약 보호주머니 구매,육군 탄약지원사령부,유한회사 이크린
63793,등짐형 염화칼슘 살포기 구매,육군 탄약지원사령부,뉴썬컴퍼니
63799,23-05-169 카드지갑 1품목 구매,공군교육사령부,드림컴퍼니
63801,어라운드 뷰 8대 납품 설치,제8385부대,동해상사
63809,경량화 장애물(자바라) 구매(23-103),수도방위사령부,주식회사 시그널아이씨티
63815,"방탄판, 레벨Ⅳ용(중형)",미래전력사업전력운영계약팀,(주)웰크론
63823,23-M-IP교환기 교체(리스물건),국군재정관리단,(주)글로벌텔레콤
63824,"쉘터, 비전개식(ATCIS용)",우주지휘통신총괄계약팀,(주)케이에스시스템
63825,"방탄판, 레벨Ⅳ용(중형)",미래전력사업전력운영계약팀,(주) 제이케이글로텍
63832,"고무펙킹 등 10종 구매(102, 103, 104)",해군제1수리창,동해상사
63837,"23년 방탄판, 레벨Ⅳ용(대형)",미래전력사업전력운영계약팀,(주) 제이케이글로텍
63838,"23년 방탄판, 레벨Ⅳ용(대형)",미래전력사업전력운영계약팀,(주)웰크론
63839,"23년 방탄판, 레벨Ⅳ용(대형)",미래전력사업전력운영계약팀,코오롱스페이스웍스 주식회사
63840,하우징류,지상공통전력운영계약팀,우창기계 주식회사
63845,23년 정비피복 구매,제3군수지원여단,(사)한국기능장애인협회(보람 장애인 작업장)
63848,"축압기,유압식 등 5항목 구매(궤도)",육군군수사령부,주식회사 와겐
63852,위병소 무인화 자동 출입문 설치납품,육군종합행정학교,세연기업주식회사
63853,통제관 모자 등 14품목 구매 납품,제9227부대,주식회사 강산에코텍
63854,콤프레셔(250CFM) 구매,국방부계룡대근무지원단,태리픽
63855,23-N-잠수용 마스크 구매,국군재정관리단,주식회사 창원상사
63856,(237237-E) 재호흡기 구매,국군재정관리단,주식회사 유니메인
63860,(237211-C) 전사자 유해 유전자 검사 재료 구매,국군재정관리단,주식회사 엘씨케이테크놀로지스
63861,(237017-H)상황공유체계 HW/SW 구매,국군재정관리단,매쉬미디어(주)
63867,공업용 포장랩 등 10종 구매,해군군수사령부,다모아
63870,스풀건 구매(098),해군제1수리창,상승물산
63871,라드웰드등 144종 구매(096),해군제1수리창,금성상사
63872,토피솔 밀크로션 등 4종,제5738부대,에스앤제이팜 주식회사
63877,수동식 인공 호흡기 등 7종,제5738부대,주식회사 인팩솔루션
63881,abbott HBs Ag Device 등 14종,제5738부대,엠에스유통
63886,(긴급)전극봉 등 13종 구매,해군군수사령부,한국상사
63888,"링, 피스톤용 등 44종 구매",해군군수사령부,세현종합상사
63907,23년 후반기 부대계약 후식(에너지음료) 구매,제3군수지원여단,체리시스템
63921,(23육군-해파025)00부대 키폰교환기 구매,종합보급창,지에이치정보통신주식회사
63923,복합청관제 등 5종 구매,국방부계룡대근무지원단,주식회사 현대상사
63925,23-F-응답기 세트용 시험세트 구매,국군재정관리단,주식회사 알앤엠텍
63933,23년 대대급 안전물자세트 구매계약,제7보병사단,영진
63936,샤프란 등 40종 구매,국방부계룡대근무지원단,위듀
63939,23년 전기식 이발기계 구매(1차),육군훈련소,주식회사 루트텍
63950,"(긴급) 표시기, 방위-방향용 1종",해군군수사령부,제일테크
63953,디스플레이 유닛 등 4종 구매,해군군수사령부,유비트론  주식회사
63954,오링 등 2종 구매,해군군수사령부,원테크전기통신 주식회사
63971,23-112 진동시험기,공군사관학교,주식회사 이브컨설팅
63973,23-F-휴대용 전등 유니트 구매,국군재정관리단,주식회사 에프엔프레시
63975,23-N-자동확보기 세트 등 3종 구매(238095-F),국군재정관리단,주식회사 발해에프유테크
63988,페이퍼 타올 등 88종 구매,제9121부대,한성
63989,페이퍼 등 64품목 구매,제3170부대,우주상사
63993,"23-154, 수송대대, 리프트(4주식, 8톤), 자동차용",공군 제8전투비행단,실크로드
64000,호스류,지상공통전력운영계약팀,주식회사 조은이엔지
64009,23년 상무대 쇼핑타운 면세유류,국군복지단,(유)무안IC주유소
64014,23년 부대조달(군장품) 구매(특-23-물-21),특수전사령부,시흥용사촌안흥합성 주식회사
64015,23-68호 정수기 등 16종 구매,해군작전사령부,주식회사 대경코리아
64016,23-67호 고압세척기 등 4종 구매,해군작전사령부,효원
64018,23-65호 스피커 등 6종 구매,해군작전사령부,주식회사 태원엠티
64023,155밀리 백색(7호) 추진장약 점화제 보호캡 구매,육군 탄약지원사령부,나니랜드
64046,끈류,지상공통전력운영계약팀,부림산업
64050,도마 등 67종 구매,제9911부대,시대종합전기(주)
64053,'23년 국가기술자격검정 실기시험 재료비 2차 구매,육군제7163부대,캐리웨이브
64061,네임펜 등 117종 구매,해군교육사령부,주식회사 경진유통
64063,튜브매트 32EA 구매,제7001부대,주식회사 오로라
64065,00부대 후생용구(스팀다리미 등 14종) 구매,국방부근무지원단,생수의 강
64081,(육성) 00부대 야전깔개 구매 납품,육군 52보병사단,소망산업
64091,"링,피스톤용 등 1항목 구매(궤도)",육군군수사령부,태한주식회사
64102,(236219-B)수중은밀침투기 구매,국군재정관리단,주식회사 포빌리언
64103,23-F-디지털 공기자료 시험세트 구매(239067-H),국군재정관리단,주식회사 푸드나무
64104,(236224-E) 탄소유황정량기 구매,국군재정관리단,주식회사 지비파트너스
64106,23-N-통로개척용 물자세트 등 4종 구매(238171-F),국군재정관리단,주식회사 도움넷비엠씨
64107,(236195-B) 제본기 구매,국군재정관리단,주식회사내각종합관리
64112,(236153-C) 음주 감지기 등 9종 구매,국군재정관리단,다정컴퍼니
64113,23-N-어뢰인양기 구매(238138-H),국군재정관리단,늘픔
64114,23-02 디지털 윤전재료 2종 수시 구매,국방출판지원단,JH컴퍼니
64115,'23년 감정재료 구매,국방부조사본부,더퍼스트
64131,"전관용 앰프120W ,600W 구매계약",제9보병사단사령부,주식회사 우성텔레콤
64136,20비 23-134 동소켓 등 79종,제20전투비행단,미림상사
64138,마이톤 텍스 등 7종 구매,제9121부대,주식회사 금오식품
64141,3M 절단석 등 45종,해군제3함대사령부,대건상사
64145,타이레놀 500mg등 102품목 구매,제2002부대,주식회사 신흥약품
64147,탄약고 자물쇠 2종 구매,육군 탄약지원사령부,수은상사
64149,4찬형 식판 및 국 용기 구매,제17보병사단,와이제이컴퍼니
64150,스마토작업등 등 396종 구매(095),해군제1수리창,스마일넷
64154,차광망 등 2품목 구매,제9181부대,(ZIA)컴퍼니
64155,아크릴판 등 9품목 구매,제9181부대,일진기획
64161,(긴급)개스킷 등 16종 구매,해군군수사령부,제이앤컴퍼니
64162,(긴급) 오-링 등 6종,해군군수사령부,좋은생각
64163,(긴급) 오-링 등 10종,해군군수사령부,소망산업
64170,원심분리기 2EA 구매,해군군수사령부,더블유비테크
64174,23-H-27 전력계 구매,공군군수사령부,하나유통
64188,스노우지 100g 등 42종,해군본부,오피스 유통
64189,주소용 라벨 등 278종 구매,해군본부,충남유통
64191,23년 독감 및 코로나19 자가진단 키트,제3보병사단,태산글로벌
64194,23-해-워커리프트트럭 2set 구매,국군재정관리단,다담시스 주식회사
64201,80모조 구매,해군교육사령부,영림상사
64203,DVD(폴 등 64종) 구매,해군사관학교,세명종합공구
64207,M플렉스 인덱스탭 등 426종 구매,해군제2수리창,동해유통
64208,케미컬 우드 갈색 등 3종 구매,해군제2수리창,동해유통
64212,소파 방석 등 12종,해군군수사령부,삼일상사
64223,23-N-00대학 전투근무지원모델 도입(리스물건),국군재정관리단,소성정보기술 주식회사
64232,반납 보관함 등 11품목 구매,제9해병여단,주식회사 주도산업
64235,23-38 GPS중계기 구매,공군제1전투비행단,에스에이치홀딩스
64245,(236121-E) 나프탈렌 2종 구매,국군재정관리단,다은컴퍼니
64246,"23-F- 탐침 세트,와전류용 구매(239027-F)",국군재정관리단,주식회사 이원
64263,초음파 식기세척기 구매,연평부대,플러스컴퍼니
64264,20비 23-129 분말소화기 등 5종,제20전투비행단,해오름달
64268,XN_CHECK 등 2종 구매,제5738부대,주식회사 한스피엠아이
64271,바비큐 그릴 등 3종 구매,제9911부대,와이에스(YS) 유통
64274,기름때 청소용 바닥 세척기 구매,제8기동사단,충이네트워크
64276,(긴급)윈치세트 1종,해군군수사령부,에코아이엔티(ECHO INT)
64280,소화기 보관함 구매,육군 탄약지원사령부,시스템 하나
64289,23-N-IR레이저 등 2종 구매(238094-F),국군재정관리단,주식회사 진우종합관리
64311,파일케이스 등 365종 구매,해군교육사령부,엠엘비(MLB)마산합성점
64314,예비군 훈련용 우의 구매(23-078),수도방위사령부,디에치솔루텍
64315,청소용타올 등 581종 구매,해군교육사령부,주식회사 명일
64317,콘덴서 등 401종 구매,해군제2수리창,창진종합상사
64318,[육성] 진주 훈련대 23-3차 입간판 등 14종 구매,제6128부대,성민
64323,소음/소염기 세트 등 2품목 구매 납품,제9227부대,주식회사 에프원웍스
64325,(긴급) 유압 호스 등 64종,해군군수사령부,메트로마린서비스
64327,"격먹,패킹성형식 등 3종 구매",해군군수사령부,제이에이치텍
64328,절연체 부싱형 등 2종 구매,해군군수사령부,행운유통
64342,(236198-E) 23년 정비피복(정비화) 구매,국군재정관리단,루이비치
64343,(236163-E) 압축포장기 등 3종 구매,국군재정관리단,매쉬미디어(주)
64349,23년 7~9월 부대계약(식육가공품),제15보병사단,주식회사 육팩토리
64351,미-23-3 사격표적기 및 표적기 구매,공군미사일방어사령부,이지프레임
64356,"브래킷, 판류",지상공통전력운영계약팀,우창기계 주식회사
64365,지폐교환기 구매,제7001부대,주식회사 경현
64366,징크 아노드 등 25종,해군제3함대사령부,오피스넥스목포영암점
64367,"벨트,V형 등 17종",해군제3함대사령부,신동
64374,23-05-159 PE직관 등 13품목 구매,공군교육사령부,주식회사 진성하이텍
64376,통신운영용품 구매,국군제1068부대,미노크로스
64381,(긴급)대잠 경광등 등 6종 구매,해군군수사령부,유한회사 창해
64382,"(긴급)니플,튜브용 등 98종",해군군수사령부,경진테크
64384,(긴급)속도감지기 등 3종 구매,해군군수사령부,씨에스상사
64385,"(긴급)작동기,유압식-공기식,회전형 등 19종 구매",해군군수사령부,엠에스상사
64387,"(긴급)시일,평면형 등 11종 구매",해군군수사령부,주식회사 서원아이엔
64392,"여과재, 공기조절용 등 10종 구매",해군군수사령부,그린종합사무기
64393,개스킷 등 25종 구매,해군군수사령부,주식회사 광원종합상사
64394,고속정 이동 휀다 등 2종 구매,해군군수사령부,주식회사 성운
64396,T자관 등 12종 구매,해군군수사령부,에스와이테크
64397,"슬링, 원형 등 2종 구매",해군군수사령부,해성인더스
64398,"링, 지지용 등 17종 구매",해군군수사령부,주식회사 조은이엔지
64399,"(긴급)페룰,압축용,튜브이음용 등 56종",해군군수사령부,제일테크
64404,바리케이드 등 2종 구매,국방부계룡대근무지원단,주식회사 에이원
64406,23-M-화상회의체계 교체(리스물건),국군재정관리단,주식회사 화성이엔씨
64407,23-F-위대장용 내시경 구매,국군재정관리단,라이언테크
64411,23년 축성도구 구매 납품,육군 52보병사단,우주상사
64414,23년 재해복구자재 구매 2차,육군제7163부대,JC컴퍼니
64416,액상입자계수기 1종(23-042),공군제19전투비행단,희원
64417,23년 대대급 안전물자 세트 구매,제8기동사단,제시로그
64423,'23년 탑승식 청소차 구매,5군수지원사령부,아이미디
64428,발칸 핀 등 16종 구매,육군종합정비창,진광사
64429,발칸 표시기용 등 2종 구매,육군종합정비창,주식회사 에이앤씨인터내셔널
64437,경호용 방탄가방 8EA구매,해군본부,주식회사 계룡대종합상사
64441,23년 25파운드 연습탄,지상공통전력운영계약팀,창성기업
64443,여자축구부 훈련용품(축구화 및 하계용품 23종)구매,국군체육부대,주식회사 이음
64444,개스킷 및 시일세트 등 3종 구매,제9121부대,드림플러스
64445,카본브러쉬 등 2종 구매,제9121부대,대인종합상사
64446,개스킷 등 8종 구매,제9121부대,엠에스종합상사
64449,연결소켓 등 17종 구매,제9121부대,덕산유통
64452,Front Surface Mirror Head 등 102종,제5738부대,드림북
64453,메티마졸 정 5mg 등 32종,제5738부대,송은메디칼
64462,발칸 손잡이 등 21종 구매,육군종합정비창,진광사
64467,23-F-칼라 사진 인화기 구매(239058-H),국군재정관리단,주식회사 이든종합관리
64471,암로발탄 정 등 125종 구매,제8385부대,에스제이메디칼
64472,23-57호 반투명홀더 등 575종 구매,해군작전사령부,비엠(BM)
64474,오링 등 7종 구매(080),해군제1수리창,서주통상
64475,"고무펙킹 등 52종 구매(078, 079, 081, 083, 084)",해군제1수리창,주식회사제이케이컴퍼니
64478,"전장관리체계(ATCIS, KJCCS) 용품비 구매(23-067)",수도방위사령부,홀리몰리
64479,특정지역 경호물자류 구매(23-75),수도방위사령부,다홍문화
64480,23-58호 안전커터 등 762종 구매,해군작전사령부,대운상사
64481,23-59호 결재판 등 749종 구매,해군작전사령부,대운상사
64483,물티슈 등 74품목 구매,제3283부대,이지시스템(EG system)
64485,희망파일 등 382품목 구매,제9181부대,파트앤어스
64499,K77지휘차 호스 등 16종 구매,육군종합정비창,원일종합상사
64500,K77지휘차 와셔 등 26종 구매,육군종합정비창,신기산업
64502,K77지휘차 개스킷 등 6종 구매,육군종합정비창,현대정밀가스켓
64503,탄약 지환통류,지상공통전력운영계약팀,주식회사 수원지관산업
64504,우산 등 2종 구매,해군본부,에스엠(SM)산업
64507,(236174-D)신앙상징물 4종 구매,국군재정관리단,제이앤제이
64515,ABL9 카트리지 등 4종,제5738부대,주식회사 애니메디칼
64523,수중랜턴 등 7종,제5738부대,현민유통
64526,낫 등 59종 구매,제9121부대,우주산업
64528,(긴급)대기용 활성탄 등 27종,해군군수사령부,제이와이 시스템
64529,"(긴급) 등, 경보용 등 5종",해군군수사령부,재우상사 주식회사
64532,청소용릴호스 133EA 구매,해군군수사령부,주식회사 라인메디칼(LINE MDEDICAL)
64534,이중압력게이지 등 8종 구매,해군군수사령부,신동하이텍
64562,제재목 등 4품목 구매,제9181부대,미르산업 주식회사
64564,매트 구매 설치,제9181부대,토리컴퍼니
64569,"(긴급)고무판,고화식 등 26종",해군군수사령부,경진테크
64570,"(긴급)비계,버팀대용 등 22종",해군군수사령부,주식회사우정상사
64577,"(긴급)잉곳,주석-청동용 등 4종",해군군수사령부,주식회사 비에스씨
64578,(긴급)폴리퍼티 등 17종,해군군수사령부,에스에이리테일
64579,"항법세트, 위성신호용 1종 구매",해군군수사령부,신동하이텍
64584,"칼, 특수작전용 163EA 구매",해군군수사령부,(주)나이프갤러리
64586,"간격유지기, 봉합식 1종 구매",해군군수사령부,예지정밀
64591,23년 비호 전력변환기,미래전력사업전력운영계약팀,이화전기공업 주식회사
64606,23년 국가기술검정 실기시험 재료비 구매,육군제7163부대,온빈이네
64618,시험세트 전기회로용,미래전력사업전력운영계약팀,태륭산업기계
64620,"간, 조준용",지상공통전력운영계약팀,평화정밀
64624,[부산광역시]지역방위대대 총기치장박스 구매,육군제53보병사단,주식회사 세정엠티엘
64627,(237173-C) 건식 잠수복(잠수물자) 구매,국군재정관리단,고앤구(KO & KU)
64632,23-1차 포장 및 치장재료 구매,제32보병사단,주식회사 아성기업
64635,[23-C32]23년 축성도구 구매계약,제6보병사단,참견고양이(ANOSYCAT)
64641,'23년 정비피복 안전물자(안전화 등 4종) 구매,5군수지원사령부,데일리라이프
64642,산불진화복 48벌,제5738부대,아이에스 주식회사
64653,RFID 안전순찰 단말기 등 2종,해군본부,주식회사 이브컨설팅
64654,23-D-동력계산대 3종 구매설치,국군재정관리단,씨엔케이
64656,23년 감정재료 구매(23-3차),국방부조사본부,(주)비아이엔씨
64657,유전자 감정재료 구매,국방부조사본부,(주)에이치엔에스바이오
64661,바디캠 구매 납품,제9227부대,뉴스용역공사
64663,"호이스트,체인식 등 7종",해군제3함대사령부,해동건설중기
64668,Carbon Skid Pipe for M690 등 23종 구매,제8385부대,듀이
64671,안면보호구 등 3종 구매,해군교육사령부,행운유통
64674,(계근단) 이발소 이발대 등 7종 구매,국방부계룡대근무지원단,주식회사 에이원
64680,(긴급)월넛 25×2400×200 등 8종,해군군수사령부,주식회사 규장커뮤니케이션즈
64681,"(긴급)잉곳,구리 1종",해군군수사령부,(주)비아이엔씨
64683,(긴급) 스트라이커 플레이트 등 37종,해군군수사령부,세종상사
64684,"(긴급) 작동기,유압식-공기식,회전형 1종",해군군수사령부,제디아 아이엔티
64692,리테이너류,지상공통전력운영계약팀,덕인산업
64697,상부 몸체 등 49항목 구매(일장),육군군수사령부,(주)지인테크
64698,"표시기,시간 합계식 등 6항목 구매(일장)",육군군수사령부,제이에이치텍
64716,"(236065-C) 반창고,일회용(살색) 등 5품목 구매",국군재정관리단,주식회사 로뎀하이텍
64720,위장차단 체계용 지지대,화력총괄계약팀,도균테크
64725,대대급 안전물자 세트 구매,제17보병사단,디에이치컴퍼니
64729,유성펜 등 10종 구매,제9121부대,디에이치커머스
64732,메모홀더 등 81종 구매,제7001부대,최고상사
64736,원심분리기 소형 등 2종,해군군수사령부,주식회사 한스메디칼
64737,클램프 등 10종 구매,해군군수사령부,세명종합공구
64738,원심분리기 소형 등 2종,해군군수사령부,주식회사 한스메디칼
64745,소석회살포기 1set 구매,해군군수사령부,보고통상
64746,(긴급) 누름단추 등 12종,해군군수사령부,제일테크
64749,용량 제어 어셈블리 등 11종 구매,해군군수사령부,수에스지
64750,디지털 캘리퍼 등 10종 구매,해군군수사령부,이유앤
64756,(조달) 23-1-063 중량측정키트 등 1품목,제3훈련비행단,모든장식
64759,"23-F-밀링머신,수평식,평면형 구매(239053-H)",국군재정관리단,가림시스템
64760,23년 소형 대공표적기(구매),미래전력사업전력운영계약팀,알티하이텍
64769,"자가진키트 구매(신속항원,독감진단)",육군부사관학교,민석그룹
64770,23-F-상조용품(일회용품) 구매,국군재정관리단,무민
64781,롤코팅필름 등 35종,해군군수사령부,주식회사 동빈글로벌
64787,"계수기, 전자식, 숫자판독식 2EA 구매",해군군수사령부,금강보청기 중.동구점
64788,"크랭크축,압추기용 5EA 구매",해군군수사령부,대성리테일
64789,반투막 등 12종 구매,해군군수사령부,하린상사
64790,전기다리미 152EA 구매,해군군수사령부,트윈테크
64796,냉동기세트(2톤),지상공통전력운영계약팀,신라이앤티 주식회사
64800,(237002-H)000지역 교환기 교체납품(리스물건),국군재정관리단,대신네트웍스 주식회사
64819,23년 대대급 안전물자 구매,제3697부대,노우메이커(knowmaker)
64825,럭비부 운동용품 구매,국군체육부대,명지사
64826,(육성)훈련용 물자 구매,제3697부대,제이피피
64830,8포병대 탄약고 철문 설치 부속품,제7보병사단,주니컴퍼니
64832,"(긴급)기화기,압력분무식 등 65종 구매",해군군수사령부,화로
64836,볼 5EA 구매,해군군수사령부,디앤에스
64837,여군 흑단화 등 2종 구매,해군군수사령부,(주)한양어패럴
64841,휀다 및 판류,지상공통전력운영계약팀,(주)대립
64848,(237136-F)응집반응관찰기 구매,국군재정관리단,로이유통
64849,(236052-B) 계룡스파텔 호텔 용품 구매,국군재정관리단,해성인더스
64854,오링 및 개스킷류,지상공통전력운영계약팀,현대정밀가스켓
64858,"시일, 밀봉형 구매",제9121부대,씨에스
64859,"시일, 평면형 등 14종 구매",제9121부대,하진
64861,검진복(CT/MRI복) 구매,제7001부대,주식회사 휴콤
64862,홀캇타 등 224품목 구매,제3283부대,그린나래상사
64864,'23년 석면취급자 보호구 구매,제2307부대,주식회사 지아이티
64869,23년 산불진화 개인보호물자 구매(방염복세트),제1891부대,주식회사 우정컴퍼니
64870,마포걸레 등 102품목 구매,제3283부대,경원산업
64871,빙벽화 등 27품목 구매,제3283부대,제이앤디
64872,치약 등 53품목 구매,제3283부대,옵스
64873,"시험기,경도계 등 10종 구매",해군제2수리창,영민종합상사
64876,노클립 밴딩기 등 12품목 구매,제9181부대,주식회사 에코비투
64877,요소 등 25종 구매,해군군수사령부,우진케미칼
64878,측면 펜더 등 9종 구매,해군군수사령부,주식회사 케이제이
64888,(긴급) 오-링 등 78종,해군군수사령부,네오상사
64897,출력계 1EA 구매,해군군수사령부,선민상사
64898,해류유속계 구매,해군군수사령부,제일화원
64899,해상-호크나이프 구매,해군군수사령부,지우민
64903,"십자선,광학기구용 등 7항목 구매(총포)",육군군수사령부,디에스 아이엔디
64909,23-F-로켓용 폭음통 구매,국군재정관리단,대한화공
64916,콘넥트 조인트 등 11종,해군제3함대사령부,케이아이유통
64921,'23년 16밀리 일체형 결속기 구매,제2군수지원여단,신라통상
64924,23-101 5인승 전동승용카트,공군사관학교,다원
64927,총상모형 등 39품목,국군의무학교,주식회사 파라메스
64930,(236143-E) 32밀리 대철 구매,국군재정관리단,글로벌네트워크 주식회사
64931,23-F-전력계 등 2종 구매(239107-F),국군재정관리단,에이스컴퍼니
64940,(23-1차) 대대급 안전물자세트 구매,제6128부대,우와
64944,"릴레이 등 35종 구매(072, 073, 074, 076)",해군제1수리창,가진테크
64946,"건조제 등 33종 구매(066, 067, 068, 069, 070)",해군제1수리창,서주통상
64949,(육성) 00부대 PP박스 구매 납품,육군 52보병사단,무민
64952,해군 캐릭터 열쇠고리 등 3종,해군본부,테크원
64958,"23-D-1,600cc 하이브리드 승용차 구매",국군재정관리단,캠핑플레인 주식회사
64959,23-N-교환기 교체(리스물건),국군재정관리단,대신정보기술 주식회사
64961,선풍기 2종 구매,제9해병여단,에스온
64963,23-04-130 나프탈렌 등 7품목 구매,공군교육사령부,서정솔루션
64965,스위칭허브 등 91종 구매,해군교육사령부,이동유통
64976,(육성) 00부대 주민신고 홍보품 구매 납품,육군 52보병사단,스포츠포올
64981,고속단정,지상공통전력운영계약팀,(주)군장조선
64989,(236140-F)전력계 구매,국군재정관리단,영성민진(YSMJ)
65007,광학 레이저 등 36종 구매,제5738부대,한국타이어 여명상사
65008,접지릴 구매,제5738부대,신영상사
65010,종이컵 등 160종 구매,제5738부대,농협김치영업소
65012,'23년 야전배낭 구매,제2307부대,행운이엔씨
65014,'23년 전투조끼,제2307부대,주식회사 세경
65015,23-04-107 자외선 살균 램프 등 93품목 구매,공군교육사령부,담야
65018,"샌딩 스펀지,연마재 100톤 구매",해군제2수리창,주식회사 산아름
65020,공기청정기 12대 구매,제8385부대,주식회사 구정
65030,고속단정(해군용),지상공통전력운영계약팀,주식회사 우남마린
65034,23년 전술훈련용수류탄,지상공통전력운영계약팀,한국씨앤오테크(주)
65048,울템 9085(Natural) Filament 등 22종,해군제3함대사령부,만복통상
65050,"여과기,침전물용 등 33종",해군제3함대사령부,영산무역
65051,요통대 등 56종 구매,제5738부대,주식회사 스카이팜
65053,마그네틱 베이스 등 56종 구매,제9911부대,VOK(비전오브코리아)
65054,오피덱스 등 3종 구매,제5738부대,주식회사 내일약품
65056,23년 산불진화 개인보호물자 구매(진화화 등 5건),제1891부대,현대상사
65059,벨트 V형 등 21종,해군제3함대사령부,상동상사
65060,세이노의 가르침 등 22품목 구매,연평부대,생수의 강
65061,알루미늄 판 등 2종 구매,제9121부대,현대시스템
65062,범퍼 등 4종 구매,제9121부대,토탈marine
65064,'23년 HET 권양기 구매 (재공고),제2군수지원여단,유현사운드
65068,(긴급) 소자 등 2종,해군군수사령부,토탈marine
65070,"(긴급) 흡수제,무선주파수 방사용 등 2종",해군군수사령부,세종상사
65076,전기 저항계 등 3종 구매,해군군수사령부,주식회사 전북진설종합관리
65078,"프로펠러,선박용 등 5종 구매",해군군수사령부,동화나라
65079,디스플레이 PR-4501 등 3종 구매,해군군수사령부,주식회사 전북진설종합관리
65081,국제표준 및 규격자료 구독(DoD 등 4개),방위사업청(운영지원과),주식회사 코이스
65087,23년 탄약 지환통류(2차),화력총괄계약팀,주식회사 수원지관산업
65089,(화공) 에칠알콜등 21종구매,육군종합정비창,한양화학상사
65094,23-D-상황관리용 디스플레이 구매,국군재정관리단,주식회사코드원
65100,화학보호복 등 31종 구매,제5738부대,그린나래
65103,'23년 산불진화 개인보호물자(소방화 등5종)구매,제1군수지원사령부,혜성비드
65104,중외 NS 20ml 등 134종 구매,해군제3함대사령부,(유)진보팜
65105,클리어 파일 등 639종 구매,제9911부대,동해유통
65108,사격장 탄두대 재료 구매,해군제3함대사령부,킴앤에스 컴퍼니
65110,라텍스 글러브 등 43종 구매,해군교육사령부,진코리아
65111,SAMPLE CUP 등 47종 구매,해군교육사령부,서일약품(주)
65112,Biopsy container 등 26종 구매,제5738부대,반석유통
65113,DAY SET 등 4종 구매,제5738부대,엠제이코리아
65114,23-063 텐덤 낙하산 1종,공군사관학교,주식회사 마크온탑
65118,"연장기,경고등용",지상공통전력운영계약팀,우진테크
65121,호스류,지상공통전력운영계약팀,한성정공
65122,청소재료(변기세척제 등 26종) 구매,자운대근무지원연대,좋은나무
65124,23-N-동점도시험기 구매,국군재정관리단,(주)세나
65128,승진훈련장 쇄석 납품,제5군단사령부,해솔
65140,수입봉류,지상공통전력운영계약팀,제이에이치테크
65142,23년 손망실 부수기재 구매,육군과학화전투훈련단,이룸커머스
65150,23-해병-국민안보공감 홍보품 구매,제9691부대,킴코팜
65161,"탐조등 등 21종 구매(059, 060, 061, 062, 063)",해군제1수리창,삼동유통상사
65162,스테인리스 커플러 등 17종 구매,제9121부대,세명종합공구
65168,"암,추출기,좌측용 3EA 구매",해군군수사령부,대호정밀
65171,결속 가락지 등 3종 구매,해군군수사령부,세명종합공구
65178,"망원경,엘보형(방향틀용)",기동총괄계약팀,(주)우경광학
65188,트랜스 등 17항목 구매(궤도),육군군수사령부,다미유통
65194,23-N-회로기판검사기A형 등 2종 구매,국군재정관리단,주식회사 진상사
65195,23-N-00학교 실습장 GHP실외기 구매설치,국군재정관리단,주식회사 선일
65197,23-F-수평 밀링머신 등 2종 구매(U),국군재정관리단,모아상사
65206,방충망 등 186종 구매,제5738부대,럭키게이트
65211,블레이드 어셈블리 등 219품목 구매,제3170부대,주식회사 트리월드
65212,클램프 테스터 등 149품목 구매,제3170부대,소망돌
65213,[23-C23]2분기 ATCIS 운용용품 외 구매계약,제6보병사단,서윤산업
65215,어댑터 등 1009종 구매,제5738부대,한성
65223,(긴급)팁 등 7종 구매,해군군수사령부,장대물산
65225,"(긴급)인터 쿨러(다기관,흡입용) 등 2종 구매",해군군수사령부,해성인더스
65234,클립 등 34항목 구매(일장),육군군수사령부,미소건업
65235,에레멘트 등 4항목 구매(일장),육군군수사령부,에스지티
65236,핀 아세이 등 2항목 구매(일장),육군군수사령부,케이인더스
65240,전구 등 4항목 구매(기장),육군군수사령부,세영정기
65243,"판,지지용,축용 등 18항목 구매(기장)",육군군수사령부,곰&솔
65244,"링,지지용 등 78항목 구매(기장)",육군군수사령부,티케이(T.K)테크
65245,"클램프,호스용 등 6항목 구매(기장)",육군군수사령부,신기산업
65246,플러그 세트 등 16항목 구매(일장),육군군수사령부,제이에이치텍
65250,(236167-E) 록크웰 경도기 구매,국군재정관리단,유니버스
65269,봉합재 링 80EA 구매,해군군수사령부,주윤테크
65272,샤워기헤드 등 4품목 구매,해군군수사령부,와이케이(YK)컴퍼니
65275,"추출기,탄약용",지상공통전력운영계약팀,환호테크
65282,인조바위 등 8품목,국군의무학교,주식회사 엘앤케이
65283,회로판,지상공통전력운영계약팀,주식회사 케이디에스
65284,상처봉합실습모형 등 8품목,국군의무학교,(주)동성메디칼
65286,23-N-사이버방호체계 도입,국군재정관리단,주식회사 조인트리
65291,GOP 통합급수 3차 플렉시블 이중보호관 외 구매,제1862부대,(주) 솔포스텍
65296,포세틸알루미늄 입상수화제 등 23종(23-050),공군제19전투비행단,다숨피앤시
65310,23-N-표면경화기구매,국군재정관리단,주식회사 팜스웰홀딩스
65317,23-4차 정보화예산 집행,제1862부대,기현시스템
65319,20비 23-91 핀펀치 등 74종,제20전투비행단,천지개벽
65330,23-F-주파수 측정세트 구매(239054-H),국군재정관리단,소영프로젝트
65334,23-F-군사훈련처 동력행글라이더 구매(239073-F),국군재정관리단,플라이리
65340,23-F-다기능 교정기 구매,국군재정관리단,주식회사 티앤엠시스템
65344,야전배낭(I형),기동총괄계약팀,주식회사 킴블스
65346,그랜드 패킹 등 25종 구매,제9121부대,세이프티코리아
65347,23년1분기 실습재료 구매,육군3사관학교,중앙Office
65349,개스킷 세트 등 26종 구매,해군제2수리창,씨에스 경기
65354,개스킷 등 3종 구매,제9121부대,주식회사 대경코리아
65360,후유화성 형광침투제 등 231종 구매,제5738부대,주식회사 해피트리
65361,캐비넷 등 4종 구매,제5738부대,선경산업
65365,활성탄 등 5종 구매,해군군수사령부,새길상사
65368,"헤드세트, 전기식 등 4종 구매",해군군수사령부,(주)비아이엔씨
65370,트렘펫 스피커 등 10종 구매,해군군수사령부,윤진상사
65374,"판,설치형 등 11종 구매",해군군수사령부,해리넷
65378,'23년 안전물자 세트 구매 납품,육군 52보병사단,이로운세상
65379,하네스류,지상공통전력운영계약팀,대호정기(주)
65400,"끈,지지용 등 14항목 구매(일장)",육군군수사령부,주식회사 대일산업
65410,23-M-궤도형 대형굴착기 구매(23805-F),국군재정관리단,(주)오성인피니티
65429,23년 대대급 안전물자세트 구매 계약,제9보병사단사령부,와이제이테크
65446,가지 등 35종 구매,제8385부대,행복한 식자재
65450,절단석 등 214종 구매,제7001부대,광명솔루션
65451,3차 통합구매(야외이젤 등 278종),해군사관학교,주광유통
65454,고들빼기무침 등 76종 구매,제8385부대,행복한 식자재
65455,가이리멸치 등 14종 구매,제8385부대,다나푸드시스템
65457,"발진기,수정 제어형(발진기) 등 4항목 구매(총포)",육군군수사령부,주식회사 에이앤씨인터내셔널
65461,23-P-비승용카트 구매(리스물건),제9227부대,주앤주
65463,"(긴급)접촉기,자석식 등 24종 구매",해군군수사령부,케이테크
65468,"(긴급) 시일,평면형 등 8종",해군군수사령부,케레스
65469,가동접점 등 6종 구매,해군군수사령부,태양전자
65470,대잠립 충격흡수형 폼 분리형 튜브 3SET 구매,해군군수사령부,조이스툴
65474,(긴급)레이저 발진기,해군군수사령부,주식회사 위드엔지니어링
65475,"교정기, 전압용 등 16종 구매",해군군수사령부,주식회사 모렌스
65476,디스플레이 유닛 4EA 구매,해군군수사령부,유비트론  주식회사
65485,(화공) 이소프로필 알코올등 2종 구매,육군종합정비창,주식회사 에이에스씨
65486,(화공) 순간접착제등 19종 구매,육군종합정비창,주식회사 성우
65490,T 소켓대 등 204품목 구매 납품,제9227부대,영림문구사
65491,'23년 사격훈련 표적지 제작,제7862부대,에스엔컴퍼니
65494,23-N-비자성 드라이슈트 등 5종 구매,국군재정관리단,엄마푸드
65496,수영장 수질정화약품 구매,해군사관학교,주광유통
65508,23-F-청력보호헤드셋 구매(239031-H),국군재정관리단,키스토어
65510,윌로겔 현탁액 등 46종 구매,해군교육사령부,(주)씨오에스
65514,미송 목봉(8각) 등 178종 구매,해군교육사령부,다림테크
65536,특수전용 고속단정,지상공통전력운영계약팀,주식회사 반도마린
65538,23년 현궁 유도탄훈련장비(마일즈용),유도무기총괄계약팀,(주)유텍
65547,맥동 방지기 등 16종 구매,해군군수사령부,에스제이유통
65548,MW안테나 Set 및 자재 구매,제3707부대,경은상회
65553,트랜지스터 등 8항목 구매(일장),육군군수사령부,(주)캐스트 원
65560,"23-F-자동시료채취기,미립자 계수기용 구매",국군재정관리단,연세유통
65562,"'23 전동카트,다목적용 구매(239035-H)",국군재정관리단,엔제이이엔티
65563,23-M-무적감시체계 전산운영용품 구매,제9691부대,썬테크
65565,23-H-22 자동밀도시험기 구매,공군군수사령부,맹스컴퍼니
65567,"도어락,중하중 그레이팅 등 2종",해군제3함대사령부,유한회사 정석
65585,플렌지류,지상공통전력운영계약팀,평화정밀
65587,(특무) 오링 등 34품목 구매,육군종합정비창,주식회사 에스엘상사
65596,"문,방탄 보호,인원용 등 16항목 구매(궤도)",육군군수사령부,한성정공
65598,"23년 조끼, 지상근무자용 등",기동총괄계약팀,주식회사 킴블스
65600,'23년 대대급 안전물자 세트 구매,수도기계화보병사단,아구몽
65616,커터칼 등 182종 구매,해군제3함대사령부,무안유통
65618,진미채 등 120종 구매,제2002부대,(주)세계종합유통
65624,"(긴급)저항기,가변식,권선형,비정밀형 등 20종 구매",해군군수사령부,세종상사
65628,"(긴급) 열전대,액침용 등 8종",해군군수사령부,제이에이치(JH)
65633,(긴급)수력배합기 부속키트 등 6종,해군군수사령부,(주)성현엔지니어링
65634,(긴급) 판재(A6061) 등 21종,해군군수사령부,엠지산업
65639,수직천공기(대) 1EA 구매,해군군수사령부,휴앤케어
65649,'23-1차 정보화 운용재료 구매/보급,국군복지단,세븐엠제이
65650,실습재료 구매 2,육군정보통신학교,한성시스템
65654,23-2차 조리병 실습재료 구매,육군종합군수학교,선진유통
65665,"수리 킷트,공기 제동기용 등 51항목 구매(총포)",육군군수사령부,주식회사 에이앤씨인터내셔널
65668,카트리지 등 101종 구매,제7001부대,자인비
65674,K77지휘차 스페이스 등 7종 구매,육군종합정비창,DGI산업
65677,발칸 부싱 등 11종 구매,육군종합정비창,DGI산업
65678,K77지휘차 도관 공기청정기용 구매,육군종합정비창,수성엠앤디
65679,유수분리기 2종,지상공통전력운영계약팀,거림엔지니어링(주)
65686,화장지 등 313품목 구매,제3170부대,정빈솔루션
65698,공무직 재료(건타카 등 128종) 구매,자운대근무지원연대,좋은터
65699,23-N-야전앰프 구매(238125-F),국군재정관리단,써니유통
65708,케이스 등 56종 구매,공군군수사령부,주식회사 모아텍
65710,개스킷 등 7종 구매(054),해군제1수리창,상승물산
65711,워터링 등 7종 구매(053),해군제1수리창,디에이치유통
65712,탐조등 구매(052),해군제1수리창,디에이치유통
65713,변압기 등 2종 구매(051),해군제1수리창,삼동유통상사
65715,00부대 자동누유감지설비 설치납품,육군 제1군단,(주)원텍정보기술
65717,단팥죽 등 24종 구매,제9911부대,부천희망나르미(주)
65723,"망원경,엘보형 등 3항목 생산능력(총포)",육군군수사령부,(주)우경광학
65727,117k 연동회로카드 자재구매,공군83정보통신정비창,희경
65732,접이식테이블 등 3종 구매,국방부계룡대근무지원단,세계로상사
65737,자주식 소드컷터 구매,제8385부대,청아철물설비
65742,23년 임실00부대 대대급 안전물자세트 구매,제2632부대,다온누리
65745,습도지시카드 등 19종 구매,제9911부대,주식회사글로벌브레인키즈아이
65749,축성도구 구매,제28보병사단,더블유비테크
65753,(긴급)윈치세트 1종,해군군수사령부,초연
65755,꿔바로우 구매,해군군수사령부,태양물산 주식회사
65782,"23-H-03 시험세트, 무선주파수 동력용 구매",공군군수사령부,주식회사 메타싸이트
65787,고속단정 인양기,지상공통전력운영계약팀,(주)테크플라워
65788,"방현재,선박용",지상공통전력운영계약팀,대현테크
65793,"면봉,소화기청소용 등 1항목 구매(궤도)",육군군수사령부,모아상사
65799,PRC-950K 집적회로 디지털형 등 8항목 구매(통신),육군군수사령부,주식회사 비티솔루션
65801,23년 탄약 지환통류(1차),화력총괄계약팀,(주)오성지관
65807,"23-F-자기 검사 유닛,고정식 구매(239047-F)",국군재정관리단,신일벤딩
65810,23-N-습식선체청락기 B형 등 2종 구매,국군재정관리단,주식회사 에스피건설
65816,23년 축성도구 구매,제1891부대,고은상사
65817,소트라테라 캡슐 등 47종,제5738부대,서일약품(주)
65818,Procrll M E2G 등 4종,제5738부대,주식회사 마리글로벌
65827,주파수변환기(200V) 등 2종,제5738부대,수성
65828,UPS(20kVA) 등 3종,제5738부대,아세아전기 (주)
65830,(긴급)팁 등 3종 구매,해군군수사령부,골드라벨
65831,(긴급)오-링 등 17종 구매,해군군수사령부,토탈marine
65833,"(긴급)슬리브, 추진축용, 선박용 등 42종",해군군수사령부,옐로우큐브
65834,(긴급)봉합재 기계식 등 12종 구매,해군군수사령부,제일테크
65838,"(긴급) 와이어,전기용 등 8종",해군군수사령부,제일테크
65839,"(긴급)힌지, 버트형 1종",해군군수사령부,푸른에스씨
65840,"(긴급)에틸알코올,미국화학회공인16종",해군군수사령부,하나계기상사
65841,(긴급)알루미늄 용기 등 47종,해군군수사령부,주식회사 칼라투
65844,공기흡입관 등 6종 구매,해군군수사령부,주식회사 한로드이엔씨
65845,수중용 캠 1종 구매,해군군수사령부,에스아이마켓
65846,리테이너 및 패킹 40EA 구매,해군군수사령부,윤서상사
65847,기-의장대 등 5종 구매,해군군수사령부,바이시스(Byciss)
65849,디스플레이 유닛 1종 구매,해군군수사령부,바른유통
65852,기판소자열감지기 1EA 구매,해군군수사령부,주식회사 전북진설종합관리
65853,"카트리지, 흡착용 등 2종 구매",해군군수사령부,주식회사 서한산업
65856,"열전대, 접촉용 등 11종 구매",해군군수사령부,베델유통
65864,스위트콘 구매,해군군수사령부,영진식자재
65940,"슬리브,추진축용,선박용 등 8종 구매",해군제2수리창,주식회사 참좋은
65941,징크 아노드 등 11종 구매,해군제2수리창,이제이코퍼레이션
65943,반투막 등 13종 구매,해군제2수리창,희망교역
65948,"디스크, 파열성 등 29종 구매",제9121부대,씨에스
65950,스위벨 드라이브 등 2종 구매,제9121부대,주 케이에스74
65955,벨 크랭크 등 11항목 구매(기장),육군군수사령부,하나계기상사
65958,축 등 8항목 구매(일장),육군군수사령부,에덴유통
65966,23년 지형분석 운영용품 구매,제1891부대,주식회사 에스디포
65969,철클립 등 56종 구매,제8385부대,알파동해점
65970,1톤 화물차트럭 등 6종 구매,제8385부대,대광종합상사
65971,긴척추고정판 등 2종 구매,제8385부대,엔제이 주식회사
65973,생물학무기진단키트 구매,국군화생방방호사령부,주식회사 인팩솔루션
65975,"브러시, 전기접점용 등 4종 구매",제9121부대,삼일상사
65977,"패킹 등 21종 구매(045, 046)",해군제1수리창,성은유통
65978,감압변 등 8종 구매(044),해군제1수리창,디에이치유통
65979,"고속단정용 고무튜브 등 4종 구매(042, 048)",해군제1수리창,듀이
65982,비상벨 구매설치,연평부대,(주)금화이앤씨
65983,23년 전장관리체계 운용용품 구매,제1891부대,호야
65996,23-1차 안전물자세트 구매,제25보병사단,수니몰
66017,총포 렌즈 구매,육군종합정비창,명성RT
66018,'23-1차 전장관리체계 운용용품 구매,육군항공사령부,에스와이티(SYT)
66025,"23-H-25 표시기,소음측정용 구매",공군군수사령부,에스클래스주식회사
66027,태극기 및 부수기재 구매,국군제1068부대,호연상사
66028,마이톤 등 43종 구매,해군 기동함대사령부,주식회사 자람
66036,"허브,몸체용 등 12종 구매",해군제2수리창,(주)디에스인프라
66038,23-44호 현문커버 등 505종 구매,해군작전사령부,디어유통
66040,"23-03-075,076 종이컵패키지 등 2품목 구매",공군교육사령부,튼튼대디
66042,(긴급)스티어링 브라켓 등 5종 구매,해군군수사령부,다얼테크
66045,"23-H-26 시험세트,초음파식 구매",공군군수사령부,민영상사
66046,23년 155밀리 적재훈련탄,지상공통전력운영계약팀,경창산업
66048,수중탐색기 1항목 구매(대테러),육군군수사령부,주식회사 삼마기업
66063,23-덕-그린사 등 3종 구매,제9691부대,청명상사
66069,"23-H-02 발생기,신호용 구매",공군군수사령부,세계실업 주식회사
66072,23년 생도선발 영어모의토익 구매,육군3사관학교,시사토익대구지사
66074,23-43호 티셔츠 등 4종 구매,해군작전사령부,문경종합상사
66075,코팅필름  등 131종 구매,해군제3함대사령부,만복통상
66076,철띠 3/4인치(19mm) 등 104종 구매,해군제3함대사령부,수성시스템
66079,탄약실셈확인대 등 6품목 구매,제9181부대,카라
66080,방화도구함 등 3품목 구매,제9181부대,턴아웃
66081,폭염대비 물자 구매 계약,제5767부대,주식회사 태양
66084,고급 알루미늄 프레임 등 3종 구매,제9121부대,승현물산
66087,김 등 89종 구매,제8385부대,주식회사 플러스
66097,"(긴급)잉곳,주석-청동용 등 9종",해군군수사령부,주식회사 비에스씨
66102,냉동후라이 구매,해군군수사령부,삼진유통
66109,산불진화 개인보호물자(방염복세트) 구매,육군 탄약지원사령부,대로종합상사
66111,"23-H-33 산탄총, 12게이지, 조수퇴치용 구매",공군군수사령부,심산물산
66114,(일장) 교량가설단정 부력블럭48 등 13종 구매,육군종합정비창,세진테크
66118,"23-03-063, 064, 065(전자 내시경 등 3품목 구매)",공군교육사령부,드림유통
66119,"(23-043) 계기, 전력비율용 1종 조달 의뢰",공군제5공중기동비행단,더블제이
66122,구조실습마네킨 등 7품목,국군의무학교,(주)동성메디칼
66131,알루미늄 합급판 등 7종 구매(041),해군제1수리창,씨에스 강원
66132,압력계 등 36종 구매(036),해군제1수리창,일진펌프앤그린씰 주식회사
66133,스텐평와샤 등 35종 구매(035),해군제1수리창,지원종합상사
66134,23-42호 SSU 교관모 등 5종 구매,해군작전사령부,호나랩
66135,헤드셋 등 59종 구매,제9911부대,제이와이엘글로벌
66140,(긴급)플라스틱 링 등 1538종,해군군수사령부,대연상사
66143,산불진화화 등 4종 구매,육군 탄약지원사령부,제이엠유통(JM유통)
66150,'23년 개선식 구매 납품(백령도),제9196부대,(주)파르마코리아
66162,"온도계, 자체표시식 등 4종 구매",해군군수사령부,훈엠알오
66163,흡인기 이동식 6EA 구매,해군군수사령부,주식회사 한스메디칼
66167,스크램블에그 구매,해군군수사령부,행복유통
66180,00부대 영점사격장 진입로(데크 구조물) 설치,육군 52보병사단,주식회사 제이에스조경
66185,(정수) 액상가성소다 등 2품목 구매,육군종합정비창,주식회사 에이에스씨
66186,(정수) 난분해성COD제거제 구매,육군종합정비창,매쉬미디어(주)
66187,(정수) 액상황산알루미늄 등 7품목 구매,육군종합정비창,알파케미칼
66188,봉인 알루미늄 등 2개 품목 구매,육군 탄약지원사령부,간이역
66190,155밀리 8호 추진장약 점화제 보호캡 구매,육군 탄약지원사령부,세인트
66205,23-F-견인식 제초기 구매(U),국군재정관리단,마인드
66207,자수사 등 6품목 구매,제3170부대,레몬트리
66209,쇼파 프레임 등 5종,해군군수사령부,효원
66211,23년 워게임 운영용품 구매,합동참모본부,루아INC
66216,23년 대대급 안전물자 세트 구매(1차),제32보병사단,알파
66219,체단장 내장객 무인 등록체계(키오스크)구매설치,국군복지단,(주)큐엔큐
66223,00부대 블랙박스 및 네비게이션 구매설치,자운대근무지원연대,성환
66226,(237082-E) 23년 전반기 OO체계 운용품 구매,국군재정관리단,메이일레븐
66234,커터블럭 등 5종 구매,해군군수사령부,호림솔루션
66238,"디스플레이 유닛, 다기능용 구매(038)",해군제1수리창,금성상사
66242,23-40호 에어건 등 59종 구매,해군작전사령부,승우유통
66243,23-39호 긴척추고정판 등 3종 구매,해군작전사령부,지모테크(Jimo Tech)
66247,"AIP수소(3,000Kg) 납품",제9121부대,창신산업가스
66250,항-23-005 기립경사테이블 등 4종,공군사관학교,케이위너스 주식회사
66280,이동식 바리케이드 등 4종 구매,해군본부,유광이엔씨
66293,23년 부대조달 후식 에너지바 구매,제1군수지원사령부,(주)디아이
66313,"23-H-23 시험기,인화점용 구매",공군군수사령부,에스에이리테일
66316,더블클립 등 359품목 구매,제9181부대,주식회사 이든
66319,시일 구매(033),해군제1수리창,듀이
66324,기관장실 소파 등 21종,해군군수사령부,효원
66328,(긴급) 개스킷 등 12종,해군군수사령부,토탈marine
66329,"(긴급) 풀리,홈통식 등 7종",해군군수사령부,동진기업
66332,(긴급)고정식 창문 등 12종,해군군수사령부,제일테크
66337,(긴급)망간철 합금 첨가제 등 3종,해군군수사령부,경진테크
66342,호스 라인 등  6종 구매,해군군수사령부,도현텍
66343,"게이지, 압력측정용, 문자판식 등 10종 구매",해군군수사령부,신영에이텍
66345,'23년 참모총장 개인표창 부상품(손목시계) 구매,육군본부,도우덱인터내셔날 주식회사
66346,'23년 참모총장 개인표창 부상품(메달) 구매,육군본부,지우실업 주식회사
66348,"23-H-20 경보기 세트,침입방지용,제한지역용 구매",공군군수사령부,와이즈티엔씨 주식회사
66353,밴딩커터 등 192품목 구매 납품,제9227부대,골드라벨
66361,"(23년)기관단총,5.56mm,K1A",기동총괄계약팀,에스앤티모티브주식회사
66364,공마대 등 34품목 구매,제3283부대,여정하리
66365,대형트럭 어라운드 뷰 등 4종 구매(설치포함),제9911부대,엠투어스
66369,계산기 등 29종 구매(23-7),해군제1수리창,오피스상사
66378,"(긴급)표시기,기상제원용 등 3종 구매",해군군수사령부,제일테크
66379,(긴급)수전용 플러그 등 8종 구매,해군군수사령부,에이스유통
66383,가연성 표시기 등 5종 구매,해군군수사령부,일우디지컴(주)
66386,정반(B형) 1EA 구매,해군군수사령부,효원
66397,유선내시경 1항목 구매(대테러),육군군수사령부,남컴퍼니
66401,SPIDER 발광다이오드 등 9항목 구매(통신),육군군수사령부,엠제이엠
66403,전자청진기 1항목 구매(대테러),육군군수사령부,한중무역
66416,"잉곳,주석-청동용 등 3종 구매",해군제2수리창,주식회사 참좋은
66420,오렌지 등 15종 구매,제8385부대,더탑주식회사
66426,"(긴급)기화기,부구 이용식 등 5종 구매",해군군수사령부,조이스툴
66427,"(긴급)시일보닛,튜브용 등 80종 구매",해군군수사령부,혜원
66428,"(긴급)링,피스톤용 등 12종 구매",해군군수사령부,그린통상
66429,(긴급)오-링 등 4종 구매,해군군수사령부,메트로마린서비스
66430,포탄 조립체 1종 구매,해군군수사령부,쓰리지엠
66431,온수가열기 히타 등 6종 구매,해군군수사령부,세종상사
66433,조끼 및 두건 130EA 구매,해군군수사령부,어거스틴
66437,충전식 전정기 75EA 구매,해군군수사령부,믿음
66452,8자하강기 등 3종 구매,해군본부,다온상사
66453,23-F-군견사료 2품목 구매,국군재정관리단,제이에이치
66457,`23년 4~6월 부대 계약(식육가공품),제15보병사단,다온
66458,(육성) 00부대 대형파라솔(썬차일) 구매 설치 납품,육군 52보병사단,에스엠하이테크
66460,23년 제뢰제거작전 물자 구매(95개 품목),제25보병사단,양주전기공사
66467,플로터 백상지 등 11종 구매(23-3),해군제1수리창,지원종합상사
66471,00리 제거작전 물자 구매,육군제7163부대,세인트
66472,축성도구 구매,육군제7163부대,불토스
66484,23-N-아군식별용 등 구매,국군재정관리단,알토란상사
66492,용접우산 등 271종,해군군수사령부,주식회사 더원시스템
66494,"납땜인두,전기식 등 17종",해군군수사령부,하늘소산
66495,23년 대대급 안전물자세트 구매,제2작전사령부,우현퍼스트
66498,튜브구리스 등 142종 구매(025),해군제1수리창,유진물산
66510,23년 1분기 체계운영유지용품 구매,육군과학화전투훈련단,럭셔리뷰티소사점
66514,고투명홀더 등 315종 구매,해군 기동함대사령부,더빈씨앤씨
66515,입상수화제등14종(23-021),공군제15특수임무비행단,씨앤와이(C&Y)
66517,23년 대대급 안전물자 세트 구매,제1891부대,누리다
66521,DVD(겨울전쟁 등 64종) 구매,해군사관학교,주식회사 사람을 위한 상상
66567,타이밍벨트 키트 등 45종 구매,공군군수사령부,주식회사 신창엠텍
66572,20비 23-43 초음파진단기 등 1종,제20전투비행단,우주상사주식회사
66574,KOH Filter Element 등 2종 구매,제9121부대,지그인더스트리
66578,23년 축성도구 구매 계약,제5767부대,케이강원
66585,모사전송기 1항목 구매(통신),육군군수사령부,주식회사 청호물산
66594,(육성)작계훈련 예비군용 완장 구매,제3697부대,성준상사
66595,23-02-055 디지털 다중계기 1품목,공군교육사령부,우성종합상사
66596,'23년 대대 안전물자세트 구매 계약,제5767부대,주식회사 거목조경
66597,23-36호 심폐소생술 마네킹 구매,해군작전사령부,루쓰
66619,(긴급)여자제어반 IFM 인터페이스 회로기판 1종 구매,해군군수사령부,유니스제이
66623,"(긴급) 혼,신호용 등 4종",해군군수사령부,네오상사
66624,(긴급) 오-링 등 17종,해군군수사령부,에스엠컴퍼니
66629,정밀정반(A형)1EA 구매,해군군수사령부,신영에이텍
66630,습식청락기(소형) 1EA 구매,해군군수사령부,쌔미쌔미
66653,(23-복-004) 치닝디핑 등 9종 구매,공군제5공중기동비행단,더모어
66654,"23년 장교후보생 증식(에너지바, 견과류) 구매",육군학생군사학교,주식회사 즐거운
66659,생물학표본수집기 구매,국군화생방방호사령부,제이컴주식회사
66665,방열복 등 4품목 구매,제3170부대,간이역
66666,23-33호 해도 및 서지 구매,해군작전사령부,한국해양개발(주)
66669,"23-027 평가관리실 키링, 뱃지",공군사관학교,주식회사 북센트
66673,23-F-전자감응식 헤드셋 2종 구매,국군재정관리단,주식회사 매사
66678,갈바프레임 등 5종 구매,제9121부대,미래유통
66679,아라미드패킹 등 3종 구매,제9121부대,태광상사
66680,"로드, 피스톤용 등 7종 구매",제9121부대,도담헬스케어
66681,개스킷 및 시일세트 구매,제9121부대,세명종합공구
66682,프로펠러커버 등 5종 구매,제9121부대,우인테크
66683,"백업링,성형 패킹용 등 33종",해군제3함대사령부,엠에스상사
66686,스텐스매트 등 18종 구매,제7001부대,주식회사 크리스탈
66687,칼라콘 등 50종 구매,제7001부대,스타CNS
66688,파티션꽂이 등 469종 구매,제7001부대,와이엠테크
66693,(긴급)알루미늄 합금판 등 27종,해군군수사령부,지나테크
66696,(긴급)페놀포베크(황) 1종,해군군수사령부,에스와이테크
66697,압력중력시험기 1EA 구매,해군군수사령부,근영유통
66702,출동물자보관함 63EA 구매,해군본부,메이인유
66703,진압봉 165EA 구매,해군본부,주식회사 엔마인
66715,빔프로젝트 등 3종 구매,해군제3함대사령부,대진이엔지
66718,(긴급)용량 제어 어셈블리 등 9종 구매,해군군수사령부,축복상사
66719,"(긴급)변환기,신호자료용 등 7종 구매",해군군수사령부,신동하이텍
66721,"고무판, 미끄럼 방지용 1,000EA 구매",해군군수사령부,엠에스컴퍼니
66737,23-N-백면걸레 구매,국군재정관리단,영화상사
66740,23-덕-열쇠고리 등 283품목 구매,제9691부대,케이엔지컴퍼니
66743,23년 부대조달후식(에너지바) 구매,5군수지원사령부,(주)부경럭키
66758,23년 부대조달후식(에너지음료) 구매,5군수지원사령부,주식회사 에스에스피앤디
66769,차광막 원터치 반자동 스크린 등 8종 구매,해군제3함대사령부,오피스넥스목포영암점
66772,안전 죠인트 등 13종 구매,해군제2수리창,동해유통
66774,개스킷 등 9종 구매,해군제2수리창,초이스툴
66777,아트만 에어척 등 63종 구매,제5738부대,영림문구사
66779,"대형승용차, 3500cc이상 2대 구매",해군군수사령부,기아 주식회사
66780,전자저울 1EA 구매,해군군수사령부,충이네트워크
66781,(긴급) 트랜지스터 등 2종,해군군수사령부,제이투산업
66789,에폭시 코팅 키트 등 20종 구매,해군군수사령부,(주) 거승이엔씨
66790,안테나 제작용 자재(재료) 구매,제3707부대,주식회사 진솔
66796,POP 꽃이 양면용 등 503종 구매,해군본부,서원
66797,항-23-003 항의원 청력보호용 귀마개,공군사관학교,주식회사 대경코리아
66798,결재판 등 357종 구매,해군 기동함대사령부,신제주스포츠
66801,양압식 공기호흡기 구매,제3170부대,주식회사 트리월드
66805,프러스펜 등 272종,해군제3함대사령부,천마유통
66816,20비-23-10 급유노즐 등 3종,제20전투비행단,드림으뜸상사
66826,오-링 등 5종 구매(018),해군제1수리창,현대상사
66827,"변환기, 신호자료용 구매",제9121부대,신동하이텍
66831,"끈, 선 지지용 등 4종 구매",제9121부대,라온상사
66834,야구부 훈련용품(야구화 등 13종)구매,국군체육부대,현대종합상사
66835,배구부 훈련용품(유니폼 등 9종)구매,국군체육부대,주식회사 세렌디피티
66843,'23년 육군박물관 빔프로젝트 등 2종 구매설치,육군사관학교,주식회사유엔콘트롤
66844,23-M-쿼드콘 구매,국군재정관리단,김앤한컴퍼니
66845,23-N-고속지령대 구매설치(238027-H),국군재정관리단,피에이치에스(PHS)
66848,도로획선기 1SET 구매,해군군수사령부,조이스툴
66849,국자 등 50품목 구매,연평부대,주식회사 디에스엘
66851,공캔 등 2종 구매,해군군수사령부,디에이치커머스
66852,점화코일 등 38종 구매,해군군수사령부,구룡
66854,흰색벨크로(거친면) 등 11종 구매,해군군수사령부,와이에스통상
66855,톤백 구매,해군군수사령부,민정테크
66858,(긴급)개스킷 세트 1종 구매,해군군수사령부,제일테크
66862,발칸 판 등 5종 구매,육군종합정비창,디에스테크
66876,'23년 부대조달 후식(에너지드링크),제2군수지원여단,루아리
66886,K77지휘차 유니버설조인트 등 2종 구매,육군종합정비창,수성엠앤디
66904,23년 축성도구 구매,동원전력사령부,에스제이유통
66905,물밀대 등 551종 구매,해군교육사령부,세이프티코리아
66906,핸드워시 등 192종 구매,해군교육사령부,기원
66908,트라스트패취 등 95품목 구매,제2002부대,주식회사 위니드팜
66910,유니클 등 11종 구매,제8385부대,주식회사 포레나무병원
66911,중성리필심 등 134종 구매,제8385부대,동인산업
66915,"게이지, 전해질 수위용 등 25종 구매(016)",해군제1수리창,일진펌프앤그린씰 주식회사
66916,실링 콤파운드 등 3종 구매(015),해군제1수리창,디이에이치
66918,(긴급)매트 #450 등 20종,해군군수사령부,휴앤케어
66961,NVR 등 4품목 구매 납품,제9227부대,예찬인터네셔날
66962,전동 연필깎이 등 484품목 구매 납품,제9227부대,우주상사
66963,(23-014)  전기 저항계 1종,공군제5공중기동비행단,이에스솔루션
66965,조달 23-17(절단석 등 98종),제20전투비행단,당찬
66968,샤워타월 구매,공군군수사령부,서이트레이드
66969,암로발탄정 등 165종 구매,제8385부대,효성메디
66970,공마대 등 3종 구매,제8385부대,제이에이비지니스
66975,사이클부 운동용품 구매,국군체육부대,명지사
66976,"하키부,육상부 운동용품 구매",국군체육부대,명지사
66977,전장관리체계 운영용품 구매,제28보병사단,날개돋친
66979,전동기 등 14종,해군제3함대사령부,천마유통
66981,학군단 가방 구매,제3170부대,태성전지
66982,세이노의 가르침 등 9종,제2002부대,한서유통
66986,공기세척기 등 2종 구매,제7001부대,세명종합공구
66991,"(긴급)고정물,전등용 등 14종 구매",해군군수사령부,대일통상
66992,(긴급)팁 등 2종 구매,해군군수사령부,쌔미쌔미
66993,세면기 연결호스 등 5종 구매,해군군수사령부,세명종합공구
66997,"(긴급) 페룰,압축용,튜브이음용 등 16종",해군군수사령부,대인상사
66999,"랜턴,전기식(이동식,고정식) 2종 구매",해군군수사령부,영진글로벌
67000,안전등 976EA 구매,해군군수사령부,바른전산
67008,3인치 노즐 등 34종 구매,공군군수사령부,중앙기업
67020,코팅필름 등 129종 구매,해군교육사령부,주식회사 금경
67023,"절연슬리브 등 7종 구매(010, 011)",해군제1수리창,일진펌프앤그린씰 주식회사
67029,체인 구매,제7001부대,제이에스팩토리
67032,"(화공) 아세톤,공업용등 19종구매",육군종합정비창,주식회사 에이에스씨
67033,(화공) 황산등 9종구매,육군종합정비창,주식회사 에이에스씨
67034,(화공) 흑색파우더등 9종구매,육군종합정비창,주식회사 성우
67035,(화공) 코아딕실등 22종구매,육군종합정비창,그린존
67036,(화공) 세정용세척제 구매,육군종합정비창,선우상사
67038,(화공) 알칼리착색제등 8종구매,육군종합정비창,주식회사 에이에스씨
67039,(화공) 이형제등 9종구매,육군종합정비창,그린존
67046,23-N-저압표준기 구매(238015-F),국군재정관리단,(주)오케이덕
67052,디스플레이 유닛 등 11종,해군제3함대사령부,다보상사
67055,필통 등 373품목 구매,제3283부대,선영솔루션
67056,호각 등 163품목 구매,제3283부대,주식회사 문화이야기
67057,A여단 자재 구매,제28보병사단,위드앤굿(With&Good)
67058,에코 더블 레바화일 등 133종 구매,해군대학,인디테크
67062,컷터날 등 350종 구매(009),해군제1수리창,신우기업(주)
67063,냉각수첨가제 1항목 구매(급유),육군군수사령부,일우디지컴(주)
67076,학군단 학과출장용 가방 200개 구매,해군교육사령부,주식회사 북크로싱
67079,(긴급)오-링 등 76종구매,해군군수사령부,하하유통
67093,1분기 자산취득비 구매,육군부사관학교,한성
67100,골판지 등 46종 구매,제9911부대,VOK(비전오브코리아)
67104,네임펜 등 675종 구매,제8385부대,주식회사제이케이컴퍼니
67105,(긴급) 램프 발광 다이오드 등 3종,해군군수사령부,성은 Global
67107,다중계기(100khz)1set 구매,해군군수사령부,하나상공
67109,"힌지,버트형 등 4종 구매",해군군수사령부,온나라물자조달 주식회사
67110,리어카(몸체) 등 3종 구매,해군군수사령부,세명종합공구
67115,DNA시료채취 키트 구매납품,국방부유해발굴감식단,주식회사강원
67122,실버날클립(중포장) 등 214종 구매,제7001부대,삼현상사
67125,바벨세트 구매,제9911부대,만보상사
67134,자율배식대 구매,제3170부대,굿볼트
67135,사각 맹커버 블랭크 등 149종 구매,해군제3함대사령부,수성시스템
67137,(긴급) 부저 등 9종,해군군수사령부,케이원에스티
67138,(긴급)플렉시블조인트 등 63종,해군군수사령부,주식회사 성우팜
67139,"(긴급)비석면판,압축식 등 9종",해군군수사령부,주식회사 더원시스템
67141,"(긴급) 잉곳,주석-청동용 1종",해군군수사령부,세명종합공구
67147,방진마스크 등 3종 구매,해군군수사령부,핀투어
67148,"고정물,전등용 등 2종 구매",해군군수사령부,조광유통
67149,청력계 임피던스 1종 구매,해군군수사령부,주리마켓
67153,표준온도시험기 1EA 구매,해군군수사령부,네오여의
67169,23-N-심전도계 사단용 구매(238005-D),국군재정관리단,주식회사 한스메디칼
67176,압력계 등 21종 구매(008),해군제1수리창,씨에스 강원
67177,"고정물, 전등용 구매(007)",해군제1수리창,수지유통
67178,동력분무기 구매(005),해군제1수리창,씨에스상사
67179,"샌딩스펀지, 연마재 등 14종 구매(004)",해군제1수리창,전승 종합상사
67180,재점착 라벨 등 51종 구매,제9121부대,엔씨
67182,"(JSA-3) 판문점 후드티, 반바지 구매",제1보병사단,두경
67185,(포장자재)스펀지 흰색 등 50종 구매,육군종합정비창,(주)씨티원서비스
67187,23-N-온도측정 및 교정기 구매,국군재정관리단,주식회사 한길파트너스
67192,중사 휴게실 쇼파 등 32종,해군군수사령부,자인비
67193,제빙기 등 139품목 구매,제3283부대,에스와이상사
67194,23-14호 전장용품 구매,해군작전사령부,에이프릴봄
67195,오산기지 동 엘보 등 163종(근-23-004),공군작사근무지원단,새로유통
67197,증기시험기 설치납품,국군화생방방호사령부,한국종합교재사
67198,물발울 시험기 설치납품,국군화생방방호사령부,한국종합교재사
67204,발칸 와셔 등 9종 구매,육군종합정비창,엠에스산업
67208,워크스테이션 등 20품목 구매,제9691부대,하림상사
67209,2인승 작업카트 구매,제9691부대,엠솔루션
67210,자주식 로타리모아 등 4품목 구매,제9691부대,더플러스에셋 주식회사
67214,23-1차 정보화예산 집행,제1862부대,주식회사 지엘피아이미디어
67215,구리스 등 308품목 구매 납품,제9227부대,우영상사
67217,"(긴급)창,선박용 등 5종 구매",해군군수사령부,성광상사
67222,23-1차 조리병 실습재료구매(공산품),육군종합군수학교,(주)비룡푸드
67231,무치악 트레이 등 80종 구매,제5738부대,태광일렉컴
67232,메티마졸 정 등 74종 구매,제5738부대,우수약품 주식회사
67233,휴대용 알약통 등 61종 구매,제5738부대,유나컴퍼니
67234,POB 등 33종 구매,제5738부대,태산글로벌
67235,ABL9 카트리지 등 3종 구매,제5738부대,우주상사주식회사
67240,23-10호 플로어힌지 등 71종 구매,해군작전사령부,주식회사 보훈
67244,CARBURETOR CENTER 등 15품목 구매,제3170부대,미가
67245,"인식표용 튜브,고무링 등 2품목 구매",제3170부대,지모테크(Jimo Tech)
67249,(긴급) 퍼마텍스 등 14종,해군군수사령부,쓰리지엠
67251,"(긴급) 잉곳,구리 등 5종",해군군수사령부,주식회사 비에스씨
67253,(긴급)내수압 청동 1종,해군군수사령부,주식회사 비에스씨
67254,(긴급)황동괴 1종,해군군수사령부,제이제이 커머스
67259,(22-002) 엣지직부등 1종,공군제5공중기동비행단,권시대박
67260,"(22-003,004) DX코일등 10종",공군제5공중기동비행단,(주) 건영패밀리
67270,Frame Shaft 등 17종 구매,제9121부대,새방기업
67274,"(긴급) 리테이너,패킹용 등 36종",해군군수사령부,넥스케이드
67279,"(긴급)가열기,온수용,전기식 등 8종",해군군수사령부,희현코퍼레이션
67297,개스킷 등 8종 구매,해군제2수리창,두성물산
67299,화장지 등 394품목 구매,제3170부대,다온종합상사
67300,골무 등 139품목 구매,제3170부대,예인사무기
67319,클린징 크림 등 12종 구매,제9911부대,솔로몬컴퓨터
67325,"(긴급)폴리,홈통식 등 9종",해군군수사령부,에스와이테크
67326,(긴급)패킹 등 4종,해군군수사령부,바이시스(Byciss)
67327,(긴급)컨트롤러 1종,해군군수사령부,알파유통 주식회사
67329,(긴급)제어카드 등 2종,해군군수사령부,에스앤제이 엔지니어
67330,(긴급)제어카드 등 11종,해군군수사령부,엠지산업
67340,발칸 핀 등 9종 구매,육군종합정비창,현대정밀가스켓
67343,발칸 스크류 등 18종 구매,육군종합정비창,월드정밀
67346,발칸 링 등 16종 구매,육군종합정비창,현대정밀가스켓
67349,(23-003) 시저스타입 리프트 구매,공군제18전투비행단,TNI-BANK
67363,전기소작기 내시경용 2EA 구매,해군군수사령부,주식회사 칼라투
67368,수영복 등 8종 구매,해군교육사령부,주식회사 유진기업
67369,샤워헤드 등 14품목 구매,제3170부대,지만상사
67374,임실00부대 사단 종합정밀점검 후속조치(설치/납품),제2632부대,신화비엠씨(주)
67376,23-5 5W30등 5품목 구매,공군제10전투비행단,파핀
67382,(긴급)수축튜브 등 14종 구매,해군군수사령부,다둥상회
67384,"풀리,홈통식 등 3종 구매",해군군수사령부,주식회사 길상산업
67397,기화기 하부 등 8종 구매,해군군수사령부,에코아이엔티(ECHO INT)
67403,[23-0007] 농염투시기,공군제17전투비행단,에이치앤주식회사
67404,야구부 훈련용품(유니폼 상의 등 18종),국군체육부대,정원시스템
67406,여자축구부 훈련용품(축구화 등 8종)구매,국군체육부대,퍼펙트바이트
67408,23-N-오더피커 구매,국군재정관리단,주식회사 삼마기업
67410,파명부대 반팔티 등 5품목 구매,종합보급창,주식회사아이디에프
67413,(긴급)라이너 등 6종,해군군수사령부,주식회사 신창엠텍
67416,(23F009-A)지리공간지형분석 Terra SW 등 금융리스,국군재정관리단,군인공제회
67421,주름관 등 204품목 구매,제9181부대,희모(heemo)
67434,티눈밴드 등 29품목 구매,제9227부대,주식회사 이든팜
67438,K77지휘차 개스킷 등 22종 구매,육군종합정비창,에스케이(SK)산업
67446,K77지휘차 오링 등 9종 구매,육군종합정비창,DGI산업
67451,유해발굴물자 구매 납품,국방부유해발굴감식단,토리파파
67462,(긴급) 커팅날 등 15종,해군군수사령부,제일테크
67467,(긴급)와셔 등 3종,해군군수사령부,다온산업
67470,23-01-006 구두솔 등 5품목 구매,공군교육사령부,윈앤윈
67485,"AIP수소(4,000Kg) 납품",제9121부대,주식회사 신창
67505,조깅화 등 2종 구매,해군사관학교,정민테크
67506,생도정모 등 3종 구매,해군사관학교,동화산업
67507,수영복 등 8종 구매,해군사관학교,주식회사 모든에프에스
67511,"제한기, 유체유동형 등 52종 구매",해군제2수리창,영란 주식회사
67514,가지 등 69종 구매,제7001부대,진해식자재마트
67531,(24G322-A)무인고정형 스펙트럼 탐지체계 금융리스,국군재정관리단,미래에셋캐피탈(주)
67532,24-M-브리핑체계 교체 등 10건 통합 금융리스,국군재정관리단,미래에셋캐피탈(주)
67538,오렌지 등 14종 구매,제8385부대,마리푸드
67545,프레임 등 16종 구매,해군군수사령부,세종상사
67547,(자재) 제재목 등 9종 구매,육군종합정비창,주식회사 유퍼니
67549,방향제 등 64종 구매,국방부계룡대근무지원단,(주)우리디자인
67550,(246404-C) 25년 계룡스파텔 호텔용품 구매,국군재정관리단,휴앤케어
67564,25-Y-비상수원 식수 구매 납품,연평부대,주식회사 아람비즈
67573,분말 및 청정 소화기 구매,국방통합데이터센터,장애인기업다우리 주식회사
67580,'24년 랜야드 구매(24-GP-119),제2307부대,캔디박스
67594,24-F-네트워크 사이버방호체계 교체 등 4건 금융리스,국군재정관리단,롯데캐피탈(주)
67600,'24-2차 정비피복 구매,5군수지원사령부,에이치엠
67606,'24년 정비피복 방한파카 구매(24-GP-106),제2307부대,원파워 주식회사
67641,24년 워게임체계 임차 금융리스,합동참모본부,미래에셋캐피탈(주)
67646,"연결링크,강체형 등 2종 구매",해군군수사령부,뉴테크코리아 주식회사
67651,간부숙소 붙박이장 설치납품,제6128부대,주식회사 엘베누스하우징
67661,권율 실내사격장 피탄지 설치납품,제60보병사단,중원사격장비(주)
67666,과속방지턱 등 2종 구매,자운대근무지원연대,유정컴퍼니
67689,"24-385, 393, 394 방첩 윤활제 등 114종",공군사관학교,와이비컴퍼니
67709,피아노 구매,제9691부대,유니온티에이
67713,서초훈련대 과학화체계 서버 등 설치,육군 52보병사단,주식회사 심시스글로벌(SIMSYSGLOBAL Inc.)
67736,플랙시블 루버 탱크 4EA 구매,해군군수사령부,대광산업
67742,'24년 정비피복(동계용) 구매,육군제6501부대,모리의테이블
67747,(246395-D) 증류시험기 등 5종 구매,국군재정관리단,아너스오토
67753,레슬링부 경기복 등 6종 구매,국군체육부대,미성종합체육산업 주식회사
67785,철제프레임 구매,제9227부대,수호천사
67786,24년 탄약류 파라핀 지환통(1차),화력총괄계약팀,(주)오성지관
67795,24-1-38호 중량봉 등 15종 구매,해군작전사령부,세종종합상사
67802,충전 임팩트 라쳇 등 2종 구매,제8385부대,청아철물설비
67803,24-조-061 개인방호물자 세트,공군 작사예하 방포사예하 제2여단,26데이즈
67805,각인기 구매,제9691부대,(주)에스지테크놀로지
67813,영점사격장 탄두회수블럭 구매,육군종합군수학교,모든솔루션
67815,(246400-C) 골프연습장 오토티업기 교체,국군재정관리단,다담시스 주식회사
67824,원형세면기 등 153종 구매,해군교육사령부,제나비즈
67826,상무대 쇼핑타운 면세유류 구매 2차,국군복지단,(유)무안IC주유소
67838,(자재) 폴리우레탄 녹색 구매,육군종합정비창,주영산업 주식회사
67840,[군-탄-23] 38여단 다목적트랙로더 솔 구매,제15보병사단,우수이앤씨주식회사
67843,(육-091) 전시대 등 9종 구매,국방부계룡대근무지원단,미소광고
67844,24-D-계룡대 출입통제체계 교체 금융리스,국군재정관리단,미래에셋캐피탈(주)
67853,"24-219, 238, 240, 251, 267, 268 동력분무기 등 20종",공군제1전투비행단,코코스토어
67856,해상방책선 유지관리 자재 구매,국군수송사령부,엠에스
67861,신교대대 더 좋은 병영식당 식기 구매,제6128부대,동하상사
67864,24-덕-총기보관함 구매,제9691부대,웰컴퍼니
67865,"온도계, 표시용 저항식 등 5종 구매",해군군수사령부,에이스상사
67894,허리보호대 등 37종 구매,제2002부대,씨에스컴퍼니
67900,염화나트륨 등 61품목,공군제15특수임무비행단,주식회사 한서팜
67904,공업용 포장랩 등 8종 구매,해군군수사령부,주식회사보승글로벌
67906,DVD(49등 61종) 구매,해군교육사령부,제이제이
67907,덤벨 등 38종 구매,해군교육사령부,만경테크
67908,럭비 훈련용품(후드티 등 7종)구매,국군체육부대,주식회사 이음
67909,인바디체중계 등 17종 구매,제2002부대,영흥기업
67919,"'24년 케이스, 반동식, 전방용",지상공통전력운영계약팀,오승산업
67920,"사격장 피탄지 보강자재(야자매트, 고정핀)",지상작전사령부,(주)푸른산천
67927,24-1-30호 평가용 심폐소생술 마네킹 3EA 구매,해군작전사령부,양원에스씨
67940,AED PAD 등 13종 구매,해군교육사령부,에이스컴퍼니
67958,"24년 야간조준경,K14용",기동총괄계약팀,(주)이오시스템
67961,청정소화기 등 4종 구매,제9912부대,주식회사 마크온탑
67972,(247369-E) 표본수집키트 구매,국군재정관리단,주식회사 경동기공
67976,소방기구 구매(청정소화기),국군지휘통신사령부,꽃길유통
67979,스틸케노피 등 2종 구매,제7001부대,국일광고산업
67982,제초겸용 멀티 작업로봇 구매,육군 탄약지원사령부,신아인프라
67985,팔 관통상 등 11품목 구매,국군의무학교,(주)한일종합상사
67989,소방 전자싸이렌 등 237종 구매,국방부계룡대근무지원단,(주)준파이브픽처스
67994,2024년 후반기 CTP판 2종 구매,국방출판지원단,(주)상지피앤아이
68003,24년 실내사격장 피탄지 교체 설치납품,육군 제37보병사단,야고보산업
68004,스윙모아 1대 구매,제8385부대,준컴퓨터네트워크
68005,플로우힌지 등 242종,제2002부대,주식회사 제이에이치에프컴퍼니
68006,텔레비전 1SET 구매,해군작전사령부,일광기업 주식회사
68007,고무육각아령 등 146종 구매,해군교육사령부,주식회사 부명
68008,작업테이블 등 24종 구매,해군제3함대사령부,오피스넥스목포영암점
68009,정비 피복 조끼 구매,자운대근무지원연대,오미
68012,냉매 등 387품목 구매,제9691부대,온그린
68013,자동3단봉 등 5품목 구매,제9691부대,주식회사 보안정보통신
68018,24-덕-밀 테이블 등 3품목 구매,제9691부대,디에스샵
68022,스위트콘 구매,해군군수사령부,해송
68031,현측작업 안전수칙판 등 31종 구매,해군군수사령부,예광
68042,(D096) 주둔지 보안 취약점 개선 경계망 설치납품,지상작전사령부,디에스코리아
68047,"글루건 등 58품목(24-05,24-06)",해군제1수리창,디그린
68050,하키부 훈련용품(하키복 등 22종)구매,국군체육부대,미성종합체육산업 주식회사
68053,24-평 00단련장 2인승 카트 구매,제9911부대,바람유통
68055,허브랙 전용 선반 등 10품목 구매(통신물자),제9181부대,덕우컴퍼니
68060,종이컵 13온스 등 732종 구매,제5738부대,다드림
68063,(D097) 소방종합정밀점검 후속조치 설치납품,지상작전사령부,예스소방산업 주식회사
68065,반전기 구매,국방출판지원단,에스클래스주식회사
68076,윤활 방청제 등 309종 구매,제5738부대,백야테크
68082,진공부목 등 8품목 구매,국군의무학교,가드케이 충청
68085,고리자석 등 47종 구매,제5738부대,참조은
68088,승용식 그린모아 릴 유니트 구매,제7001부대,(주)진성엘앤피
68104,(247365-D) 출입통제용 보안검색대 등 4종 구매,국군재정관리단,주식회사 대동씨큐리티
68107,정보통신물자(엑스밴드등 24품목)구매,제9227부대,아리아스
68109,24-1-26호 심폐소생술 마네킹 등 2종 구매,해군작전사령부,성화종합상사
68112,수소감지기 등 7종 구매,제9121부대,미라클스해픈
68113,야자매트 구매,제5767부대,주식회사 원주컴퓨터
68128,스크램블에그 구매,해군군수사령부,거제축산물급식센터 주식회사
68142,레이저각인기 등 21품목 구매 납품,제2112부대,호암
68149,(247378-E) 자동세척건조기 구매,국군재정관리단,조광유통
68156,[24-C100] 24년 16차 병참물자(동력버너) 구매 계약,제6보병사단,선우산업
68158,지퍼백 등 38종 구매,제9911부대,에쓰오전력 주식회사
68160,벽면실험대 등 7종 구매,제8385부대,(주)동건
68161,마션 등 22종 22권 구매,해군제3함대사령부,코코유통
68166,24년 안전물자세트 구매,제6755부대,서현테크
68167,기도관리 종합실습 마네킨 구매,국군의무학교,가드케이 충청
68205,(자재) 황동봉 등 35종 구매,육군종합정비창,주식회사 우경엔텍
68206,(자재) 알루미늄용 작업베이스 구매,육군종합정비창,상일상사
68216,24년 VoIP 교환기용 기기인증서 구매 및 설치(재공고),제2군단,주식회사플러스넷
68224,3단 완전자동우산 구매,해군본부,한국바이오랩
68229,가정용 일체형 세탁건조기 구매 설치,제9181부대,주식회사아람송
68231,대용량 종이컵 등 171종 구매,제8385부대,현대상사
68233,고압세척기호스등 637품목 구매,제9227부대,이성우-성도종합중기
68234,도어락 등 34품목(24049),해군제1수리창,산들산업
68235,필라델피아 등 41종 구매,제5738부대,모닝
68236,수세미 등 360품목(281),해군제1수리창,환희
68253,라쳇 핸들 등 164종 구매,해군군수사령부,백제기업
68298,24-215 엑스선기 600MA 디지털 TFT식 등 1종,공군제5공중기동비행단,(주)디알젬
68301,(24G280-A내부망 웹메일 및 메신저 노후교체 금융리스,국군재정관리단,롯데캐피탈(주)
68308,활주로 액상 제설제 등 16종 구매,제5738부대,정무역
68311,이동형차양막 등 51종 구매,해군교육사령부,제이제이
68319,'24년 파레트 캐리어 구매,제 2167부대,트라치
68320,스텐평식기 등 2품목 구매,제3170부대,월포카페 11월
68328,송0 실내사격장 피탄지 교체 설치납품,제17보병사단,주성엠에스
68331,오산 복지대대 수납장 3종,공군작사근무지원단,마티아
68336,훈련장 입간판 구매 설치,제9해병여단,주식회사우정상사
68340,(화공) 니켈광택제지 등 6종 구매,육군종합정비창,마창케미칼 주식회사
68341,(자재) 부대운영자재 제재목 등 3종 구매,육군종합정비창,(주)전일우드텍
68354,일의 기쁨과 슬픔 등 38종 574권 구매,해군제3함대사령부,신동
68366,24-N-OO부대 브리핑/화상회의체계 교체 금융리스,국군재정관리단,미래에셋캐피탈(주)
68367,(247377-D) 기관지내시경 구매,국군재정관리단,다을상사
68370,24-10-364 학과용 가방(디지털백팩) 구매,공군교육사령부,가원유통
68374,DVR 등 13품목 구매,제3283부대,경산에어컨청소혜경클린
68379,스텐판 등 134종 구매,해군제3함대사령부,퍼스트인
68384,'24년 4분기 실습재료비 구매,육군정보통신학교,에이스글로벌
68385,장화 등 95종 구매,제7001부대,주식회사 에스이엔지
68401,K77지휘차 개스킷 등 11종 구매,육군종합정비창,도하테크
68404,24-09-328 신호발생기 1품목 구매,공군교육사령부,VOK(비전오브코리아)
68410,상장케이스 등 82품목 구매,제3283부대,하우웰
68411,인덱스탭 등 105종 구매,해군교육사령부,로쏘
68417,키록 등 7품목(24-217),공군제15특수임무비행단,바른유통
68418,더블포켓화일 등 68종 구매,해군교육사령부,토브
68422,방진마스크 등 3품목 구매,제9181부대,하연토탈뷰티
68428,24년 밀리토피아골프연습장 폐연습공 매각,국군복지단,고은상사
68429,24-1-23호 덤벨세트 5SET 구매,해군작전사령부,제이에스컴퍼니
68430,원외도상훈련 키드 구매,국군의무학교,디솔브디자인
68434,CNC 목공선반 1대 구매,해군군수사령부,에이제이코리아
68442,(D107) 24-2차 JFOS-K 운용 용품 구매,지상작전사령부,현진테크
68446,24-조달-10-002 흡연부스 구매,제1방공유도탄여단,미래화학상사
68451,[군-탄-19] 38여단 군수지원대대 리프트 구매,제15보병사단,현대전력 (주)
68452,24~25-N-폭발물 원격 이동기 구매,국군재정관리단,로템컴퍼니
68453,넥타이핀 등 4종 구매,해군본부,율로실업
68455,24-230 노출형 진입등 등 6종,공군제1전투비행단,어울림
68456,DVD(1947 보스톤 등 74종) 구매,해군사관학교,제이앤제이 이엔지
68457,"24-335, 24-336 PEO 허브 등 36종",공군제5공중기동비행단,디와이시스템
68461,우편발송 라벨 등 257종 구매,해군제3함대사령부,동산 주식회사
68462,퓨어니트릴 라이트 등 399종 구매,해군제3함대사령부,일등산업
68466,콜릿척 세트 등 34종 구매,해군제3함대사령부,우성종합상사
68472,(D101) 공기호흡기 구매,지상작전사령부,연천이엔지
68477,"발모형(힘줄, 근육) 등 2종 구매",제5738부대,효경상사
68481,철직자 등 96종 구매,제5738부대,종합 에너지
68484,24-평 톤백마대 구매,제9911부대,(ZIA)컴퍼니
68489,종이컵 등 992종 구매,제9911부대,(ZIA)컴퍼니
68495,통신 캐패시터(012768070) 구매,육군종합정비창,주식회사 오성테크
68504,라우터 머신 1점,공군군수사령부,한국씨엔에스
68506,24-79호 휴대용 멀티박스 등 188종 구매,해군작전사령부,제이예스
68508,유한아세트아미노펜정 500mg 등 107종 구매,제8385부대,베네시아팜주식회사
68510,24-78호 물티슈 등 451종 구매,해군작전사령부,싹(SSAK)
68512,마약검사 키트(6종) 등 2종 구매,해군교육사령부,플러스컴퍼니
68517,24년 00단 어태치먼트 자재 구매,수도군단,광명산업
68521,24-2차 동력버너 구매,제8기동사단,선우산업
68522,자동화 사격장 방호판 구매,제8기동사단,영창 MGS
68531,(246372-E) 다목적트랙터 및 블로워 구매,국군재정관리단,엔시티（NCT）
68536,스틸 카프링 등 43종 구매,제5738부대,선영솔루션
68539,위험물저장소 등 3종 구매,자운대근무지원연대,한마음
68540,20비 24-338 운반박스 등 3품목,제20전투비행단,다진
68547,병기보관함 등 7품목 구매,제9181부대,부광트레이더스
68553,통신 캐패시터 등 10품목 구매,육군종합정비창,엠에스산업
68554,(긴급)집성판(1200X2400X18) 등 14종,해군군수사령부,대광산업
68561,유증기 액화 회수기 구매,5군수지원사령부,주식회사 라이프트리
68568,24-76호 투명 데스크 매트 등 158종 구매,해군작전사령부,에이치지테크
68569,운동용품 파워렉 등 10종 구매,제7001부대,국일광고산업
68572,무선 로봇 제초기 구매,육군 탄약지원사령부,아이컴퍼니
68580,24-덕-스 사각테이블 등 5종 구매,제9691부대,티나라교육기획
68581,베터리용 차화매트 구매,제9691부대,진해상사
68589,24년 후반기 간부과정 실습재료 구매,육군종합군수학교,송하푸드
68591,양궁부 훈련용품(표적지)구매,국군체육부대,청운테크
68595,검문소 경량화 장애물(바리케이드) 구매,제3697부대,중앙문고
68596,스포트 캡 팁 등 167종,공군군수사령부,정민상사
68598,24-10-273 3단 덤벨렉 등 11종 구매,공군제16전투비행단,오른공방
68599,카라비너 등 395종 구매,제5738부대,태성전지
68603,릴레이 등 4종 구매,제9121부대,아트트레블
68614,음악의 언어 등 46종 644권 구매,해군제3함대사령부,금강서점문구
68622,넉가래 등 4종 330점 구매,해군제3함대사령부,무안유통
68623,컨베이어 벨트 구매,해군제3함대사령부,전일종합상사
68624,소양동원훈련장 탄두회수함 설치납품,제2632부대,쏭테크(song tech)
68633,(246343-D) VR HMD 구매,국군재정관리단,에스에스더블유
68634,(246361-D) 소형 탑승식 청소차 구매,국군재정관리단,어거스틴
68640,"24-171, 174 차수판 등 2종",공군제1전투비행단,도현마켓
68641,워커카트 300L 10EA 구매,해군군수사령부,주호종합상사
68642,예초기 기화기 등 39종 구매,해군군수사령부,구룡
68645,24-B-수레형 염화칼슘 살포기 등 9품목 구매 납품,제9196부대,에이스건설산업
68650,"(긴급)절연 펠트,방열용 등 87종",해군군수사령부,미래상사
68655,통신 트랜지스터(37A206469) 구매,육군종합정비창,캐시드림
68659,24-N-프롬프터 등 4종 구매,국군재정관리단,라온상사
68660,항-24-055 칠러,공군사관학교,케어원
68662,24-F-마약검사키트  1품목 구매,국군재정관리단,한스테크
68663,(247364-F)NGS 유전자 검사 재료 구매,국군재정관리단,(주)에이치엔에스바이오
68670,홈가공 인서트 등 35종 구매,해군제2수리창,상진정밀
68674,연마지 등 91종 구매,해군제2수리창,희망교역
68677,작-24-022(독수리 트로피 등 7종),공군작전사령부,주식회사 순수팩토리
68691,'24년 요소수 구매,제2군수지원여단,주식회사대성환경
68706,차아 염소산 나트륨 등 6품목 구매,연평부대,성훈유통
68707,피탄고글 등 4품목 구매,제3170부대,마리안
68714,아티반정 등 43종 구매,제9911부대,주식회사 이든팜
68721,세면대 및 하부장세트 등 17종 구매,해군제2수리창,둥지
68723,굴착기 방탄판 구매 설치,제9181부대,주식회사 공후
68726,생리식염수 등 73품목 구매,제9691부대,주식회사 이든팜
68728,코팅 필름 등 539품목 구매,제9해병여단,알덱스이엔지
68729,산불진화복(외투) 등 3종 구매,해군교육사령부,이득컴퍼니
68731,삼발괭이 등 14종 구매,해군군수사령부,주식회사 동빈글로벌
68744,슈팅백 등 4품목 구매,제9181부대,디에이치코리아
68745,흑고무판 구매,제8385부대,제이에이비지니스
68751,GPㆍGOP 방호력생존성 보장 검증 통신자재 구매(2차),제5보병사단,이즈컴넷
68752,"전극 등 9품목(245,247,248)",해군제1수리창,준컴퍼니
68756,"송곳 등 44품목(24-09,24-10)",해군제1수리창,대광종합상사
68757,튜브 등 27품목(255),해군제1수리창,씨에스상사
68759,24-293 조류기피제 등 2종,공군제5공중기동비행단,아로유통
68760,이중캐비넷 구매,제9해병여단,(주) 에스엠인테리어
68761,부대관리용 cctv 자재구매 계약의뢰,연평부대,플러스전기 주식회사
68762,노즐 등 1품목(257),해군제1수리창,(주)동건
68766,와셔 등 25품목(256),해군제1수리창,제이테크
68769,압송탱크 등 1종 구매,해군제3함대사령부,에스제이세라믹스
68773,(D092) 본청 X-Ray 검색기 구매,지상작전사령부,(주)에이치에스
68778,24-204 매립형 유도로등 등 11종,공군제1전투비행단,조은데이
68779,"패킹, 성형식 등 10종 구매",해군제2수리창,파파테크
68780,탱크 레벨게이지,재경근무지원대대,주식회사강원
68781,열풍기 등 16품목 구매,제9181부대,킴테크
68782,저퍼필통 등 6품목 구매,국군의무학교,주식회사 로하스
68785,[B212] 107정보통신단 771대대 헬스기구 구매,제7군단,에스에스더블유
68788,24년 모의화학탄 파라핀지환통,지상공통전력운영계약팀,(주)오성지관
68789,시일평면형 등 97종 구매,해군제2수리창,세이프티코리아
68792,"24-289, 299, 316 군장품주기표 등 11종",공군사관학교,주식회사 해피코리아
68795,24-17차 실습재료 구매,육군사관학교,만나기획
68797,(D066) 고성능 망원렌즈 등 3종 구매,지상작전사령부,주식회사 시그니처와이케이고
68799,임펠러 등 4품목(242),해군제1수리창,가포통상
68803,플랜지 등 22품목(243),해군제1수리창,남부상사
68804,골절부목셋 등 3품목 구매,제9181부대,주식회사 거성인스
68805,만능도끼 등 34종 구매,제7001부대,스튜디오가이창원
68806,플레이스테이션5 세트 등 3종 구매,제7001부대,가람
68812,링크탄 계수기 구매,제9181부대,디에스샵
68813,해상작전화 등 2품목 구매,제9181부대,주식회사지텍
68825,24-M-네트워크접근통제체계 교체(리스자산),국군재정관리단,(주)프론텍
68827,수중통신기 구매,제9965부대,에스오케이
68833,핸드 체인 등 42종 구매,해군제2수리창,대지종합상사
68838,24-08-300 마약검사키트 등 2품목,공군교육사령부,에이치에스인터렉티브
68839,DC drive 등 31종 구매,해군제2수리창,탑종합상사
68845,발칸 케이스 구매,육군종합정비창,선우테크
68848,24-312 정모 등 4종,공군사관학교,(주)이은의류
68856,24-B-브로워 등 13품목 구매 납품,제9196부대,미라클소프트
68857,어라운드뷰 등 3종 납품 설치,제8385부대,씨에스 강원
68861,24-74호 타타대우 노부스 터보차저 1종 구매,해군작전사령부,주식회사 이레
68863,마스크 등 159종,해군군수사령부,더 굿 스튜디오
68867,공기 정화기 등 2품목(239),해군제1수리창,다모아상사
68869,커넥팅 소켓 등 8종 구매,제9121부대,창원엔젤
68870,24-08-303 젓가락 등 62품목,공군교육사령부,올포유어스
68871,도상훈련 키드 구매,국군의무학교,모아테크
68875,"어댑터 등 153품목(24-03,24-04)",해군제1수리창,동해유통
68876,제설함 등 19품목 구매,제9181부대,와이제이
68879,전사벨트 뭉치 등 24종 구매,해군교육사령부,대광산업
68891,"24-289, 314 군사훈련가방 등 4종",공군사관학교,다온유통
68896,Black silk 등 24종,제5738부대,주식회사 솔북
68899,'24년 후반기 군단 동력버너 구매(24-GP-82),제2307부대,동인산업
68904,"퓨즈 등 39품목(24-08,24-09)",해군제1수리창,산들산업
68905,24년 00부대 창고 물자(파레트트럭 등) 구매(6차),동원전력사령부,(주)디티엔
68906,24년 00부대 치장창고 물자(선풍기 등)구매(6차),동원전력사령부,푸디앤라이프 주식회사
68907,GPㆍGOP 방호력생존성 보장 검증 통신자재 구매,제5보병사단,삼이유통
68910,’24년 상무대 쇼핑타운 면세유류 구매,국군복지단,(유)무안IC주유소
68913,옴니파큐 300 등 26종 구매,제5738부대,대건약품
68927,24-72호 하트만액 등 80종 구매,해군작전사령부,에스제이메디칼
68933,랩바틀 등 7종 구매,해군제3함대사령부,미래종합상사
68938,'24년 안전물자 세트 구매(2차),육군항공사령부,삼영산업 주식회사
68944,수동 포크 리프트 등 581종 구매,해군제2수리창,대호유통
68947,대형 이젤 등 634품목 구매,제3170부대,성문상사
68953,24-70호 교관용 스노클 등 9종 구매,해군작전사령부,보광산업
68957,"게이지 등 3품목(233,234)",해군제1수리창,금성상사
68968,후반기 유전자 감정재료 구매,국방부조사본부,(주)에이치엔에스바이오
68973,인식표 커버 구매,제3170부대,도도(DoDo)
68978,캐노피 1종 구매,제7001부대,성화종합상사
68980,모듈형 탄약실셈기등 2품목 구매,제9227부대,우림
68991,"(긴급)핀,토글용,유두형 등 32종",해군군수사령부,(주)상지피앤아이
68997,(육-080) 장성기세트 4종 구매,국방부계룡대근무지원단,주식회사 청폄
69028,24년 정비피복 구매,제7보병사단,주식회사 마크온탑
69033,24-N-VR기기 등 7종 구매 설치,국군재정관리단,강원종합상사
69039,세포독심 등 92종 구매,제9911부대,주식회사 제이에스탑
69041,24-1-7호 디스크샌더페이퍼 등 81종 구매,해군작전사령부,카앤피플 창원진해구 믿음점
69061,24-280 ABS도어 등 1종,공군제5공중기동비행단,복돼지 주식회사
69071,핸드볼부 훈련용품(핸드볼 공 등 14종)구매,국군체육부대,주식회사 제일시드
69072,수영부 훈련용품(심박계 등 6종),국군체육부대,이치류 동탄점
69076,24년 재난 및 안전관리(산불진화 개인보호물자)구매,제3보병사단,에이아이피엔씨
69087,CAT 지혈대 등 8품목 구매,국군의무학교,주식회사 파라메스
69088,고압세척기등237품목 구매,제9227부대,서진산업
69091,종이가방 3종 구매,해군군수사령부,서진기계
69092,대테러 작전조끼 1종 구매,해군군수사령부,레버너스
69099,(A154) 00부대 지하주차장 화재감지기 설치납품,지상작전사령부,주식회사 씨엔방재
69100,(A155) 00부대 피난대피로 개선 설치납품,지상작전사령부,주식회사 에스케이앤건설
69105,24-F-군견(작전견) 건사료 구매(249150-F),국군재정관리단,(주)씨티원서비스
69112,600W 전관 앰프세트 구매(24-102),육군제6501부대,굿메이드
69114,아토르바정 등 172종 구매,해군 기동함대사령부,동행상사
69115,[B194] 24-1차 축성재료(축성도구) 구매,제7군단,명준유통
69118,인화지 등 16품목 구매,제9691부대,푸른에스씨
69121,산불진화복(외투) 등 3종 구매,해군교육사령부,제이엠컴퍼니
69123,(긴급) 개스킷 등 78종,해군군수사령부,피스앤웍스
69130,(일장) 다목적굴착기 절연체 등 5품목 구매,육군종합정비창,대아테크
69141,"변환기, 신호용 구매",해군제2수리창,에스알유통
69142,쿨토시 등 153품목(24-39),해군제1수리창,수지유통
69147,승용식 그린모아 구매,제7001부대,선우테크
69148,드라이슈트 세트 등 7종 구매,제7001부대,새롬상사
69149,(자재) 알루미늄판 등 17종 구매,육군종합정비창,주식회사 신태양
69155,DNA시료채취 키트 구매(2차),국방부유해발굴감식단,구구코리아
69163,제초매트 등 15종 구매,해군교육사령부,주식회사 오피스랜드
69180,"소화기 2종 구매 (K급, 이산화탄소 소화기)",육군 제1군단,주식회사 칼라투
69182,고무아령 등 10품목 구매,제9691부대,현대보수작업
69183,24-덕-VR 구매 설치,제9691부대,미진상사
69193,'24년 후반기 군견(비작전견) 사료 구매,육군교육사령부,퓨리나영동대리점
69199,싸이신주 등 86품목 구매,제2002부대,송은메디칼
69201,24-09-248 폭발물 방탄복 구매,공군제16전투비행단,더조은산업
69202,섬유탈취제 등 48품목 구매,제3283부대,YK통상
69206,'24년 후반기 군견(작전견) 사료 구매,육군교육사령부,더지안(THE JIAN)
69207,전동차 구매,제5738부대,에이알테크
69209,"A-Sleeve,Atria 등 45종 구매",제5738부대,진해상사
69210,00부대 6개소 출입문 자동개폐기 설치(집행잔액),제1989부대,주식회사 호연건설
69215,(자재) 스펀지 흰색 등 45종 구매,육군종합정비창,그린존
69217,"(화공) 아세톤,공업용 등 7종 구매",육군종합정비창,주식회사 에이에스씨
69231,24-M-손세정제 구매,국군재정관리단,아크
69233,덤 벨 등 18종 구매,제8385부대,삼성시스템
69234,결재판 등 342품목(224),해군제1수리창,가포통상
69236,화상방지마스크(페이스쉴드) 390개 구매,제8385부대,주식회사 글로벌엠제이
69241,롱방비세트 등 253종 구매,해군교육사령부,늘품 주식회사
69246,"AIP수소(5,000KG) 납품",제9121부대,유진산업가스 주식회사
69257,24-69호 해바라기 날 등 199종 구매,해군작전사령부,미리안
69261,피스톤로드 1점 구매,제9121부대,대인종합상사
69264,24-67호 극세사행주 등 146종 구매,해군작전사령부,주식회사 동빈글로벌
69266,24-경남아너스빌 홈오토메이션 설치 납품,제7001부대,주식회사 세안정보통신전기
69267,단니플 등 90종 구매,제7001부대,신영물류
69273,보호복 등 275종,해군군수사령부,신흥컴퍼니
69276,실습용 마네킹(상반신) 등 2품목 구매,국군의무학교,주식회사 파라메스
69286,24년 4분기 조리병 실습재료 구매,육군종합군수학교,새벽푸드
69289,(246340-E) 군인복무기본법 소책자 표지 제작,국군재정관리단,주식회사 완산정판
69294,공업용 포장랩 등 3종 구매,해군군수사령부,미라클스해픈
69295,실내사격장 피탄지 고무판 구매설치,제9해병여단,엠제이코리아
69301,계산기 등 325종 구매,해군군수사령부,디와이시스템
69305,2025년 부대월력 제작,제9965부대,크리커뮤니케이션
69312,"사출기, 제트식 등 20종 구매",해군군수사령부,디어유통
69316,"체인, 합금강 특수강 8,000MR 구매",해군군수사령부,마니
69317,월동 준비자재 구매(제설함 등 18품목),연평부대,제이와이솔루텍
69318,파로클립 등 447품목 구매,제9181부대,엔제이이엔티
69325,24년 안전물자세트 구매,제5767부대,강원테크
69328,(정수) 액상황산알루미늄 구매(2차),육군종합정비창,주식회사 오로드
69330,"터프컷쏘날 등 1,146종",해군군수사령부,다인
69337,마약감정재료 구매 2차,국방부조사본부,주식회사 무안유통
69348,칼라콘 등 101종 구매,해군교육사령부,선우블라인드 커튼
69350,HD-R1 ICE MAKER FILTER 등 27종 구매,제8385부대,영동문구센타
69351,에폭시 접착제 등 2품목(218),해군제1수리창,범스토리
69364,한컴오피스 Web 구매,해군본부,주식회사 동부아이씨티
69367,나일론 매듭실 등 51종 구매,제2112부대,희경상사
69369,자동확산소화기 등 2종 구매,제9911부대,파워코퍼레이션
69372,견인식브로워 구매,제9911부대,레버너스
69384,24년 예비군 육성지원(동계작전모) 구매,제51보병사단,한국인프라관리 주식회사
69392,24-N-탑승식 습식 청소차 구매,국군재정관리단,아주
69401,"클램프,호스용 등 49항목 구매(궤도-025)",육군군수사령부,에스씨(SC) 테크윈
69406,(247055-H)종합심사낙찰제입찰금액심사프로그램구매,국군재정관리단,(주)아이디어정보기술
69415,40미리 연습탄 파라핀 지환통,지상공통전력운영계약팀,(주)오성지관
69423,"신나 등  8품목(213,214,215)",해군제1수리창,듀이
69427,(자재) 경창캐스터 등 18종 구매,육군종합정비창,선우상사
69428,발칸 케이스 구매,육군종합정비창,세진테크
69429,[24-육-203] 모바일 포렌식 SW 5종 구매(리스물건),육군본부,주식회사 혼정보통신
69430,[24-육-219] 자동차(외산)포렌식 분석 KIT(리스),육군본부,(주) 솔포스텍
69433,계산기 등 580종 구매,해군본부,주식회사 청폄
69434,네이비 티셔츠 3종 구매,해군본부,연주테크
69435,청정소화기 등 5종 구매,제9912부대,주식회사 헤이치 인 헤이치(H in H)
69436,(247050-H)지리공간정보가시화 체계 서버보강,국군재정관리단,원케어
69437,24-F-생성형 AI 개발용 기반체계 구매,국군재정관리단,주식회사 경기방재
69439,2차 발굴물자 구매납품,국방부유해발굴감식단,주식회사 참좋은
69444,알곤캡 등 16품목(24-04),해군제1수리창,(주)동건
69448,자충에어매트 구매,제9911부대,디엔지유통
69451,흡인기 등 13품목 구매,국군의무학교,서우컴퍼니
69452,"창문 등 3품목(207,208,209)",해군제1수리창,준컴퍼니
69456,"커플링,축용,고정식 등 33종 구매",해군군수사령부,정욱
69463,'24년 000부대 육포 구매,제9965부대,나나아울렛
69468,피아식별용 IR 2종 구매,공군군수사령부,바로정
69470,[군-탄-12] 다목적트랙로더 솔 구매,제15보병사단,국제
69472,소화기 2종 구매,제28보병사단,해온
69475,고압세척기 등 2종 구매,제9911부대,불토스
69476,"'24년 K급,이산화탄소 소화기 구매(24-GP-69)",제2307부대,세한종합전기유통 주식회사
69479,비밀캐비넷,제5738부대,푸른샘
69480,홈스타 욕실용 등 44종 구매,제5738부대,대경솔루션
69485,남자축구 훈련용품(골키퍼 훈련용품 등 6종)구매,국군체육부대,구구코리아
69486,사이클부 훈련용품(에어로헬멧 등 3종)구매,국군체육부대,명지사
69489,레슬링부 운동용품(튜브 등 7종)구매,국군체육부대,비너스타
69491,통신 트랜지스터(37A206469) 구매,육군종합정비창,모아컴
69494,심폐소생술 마네킹 구매,제9해병여단,주식회사 메디시온
69501,"절연체, 열차단용 등 36항목 구매(일장-031)재",육군군수사령부,더펜상사주식회사
69504,"노말, 헥산 등 53종",해군군수사령부,주식회사 진성하이텍
69510,(246339-D) 생도 스포츠복류 구매,국군재정관리단,시온유통
69513,(247322-C) 2인승 동력 PG 구매,국군재정관리단,에스와이알(SYR)
69518,폴리머탄창 구매,제3170부대,주식회사 케이씨아이
69523,24-66호 이글바인더(A5) 등 287종 구매,해군작전사령부,주식회사 피케이
69537,통신 소켓(375110974) 구매,육군종합정비창,디엔테크
69540,(자재) 스텐봉 등 21종 구매,육군종합정비창,선경
69541,(자재) 마봉강 등 43종 구매,육군종합정비창,하나상공
69550,행주 등 62종 구매,자운대근무지원연대,보영
69554,'24년 VoIP 교환기 기기인증서 구매설치(24-GP-68),제2307부대,주식회사 태산정보기술
69557,화상방지 마스크 1종 423점 구매,해군제3함대사령부,전남물산
69559,"저울 등 7품목(189,190)",해군제1수리창,가신컴퍼니
69583,야전앰프 5EA 구매,해군군수사령부,이한
69586,양극 등 5종 구매,해군군수사령부,동진상사
69601,동물퇴치기 구매,제9181부대,채시하우징
69602,고무줄 구매,제3170부대,성형유통
69606,"온도계, 자기표시식, 바이메탈식 등 25종 구매",해군제2수리창,세창
69607,성인 기본 CPR 마네킹 구매,국군의무학교,주식회사 파라메스
69608,심폐소생술 훈련모형 구매,국군의무학교,연결고리
69613,24년도 디지털포렌식 SW 라이센스 구매,국방부조사본부,(주)제트코
69614,24년도 디지털포렌식 SW 라이센스 구매,국방부조사본부,(주)제트코
69615,24년도 디지털포렌식 SW 라이센스 구매,국방부조사본부,(주)제트코
69617,정보통신대대 창고 벽체 보강(설치납품),육군제53보병사단,주식회사 우경엔텍
69618,정보통신대대 막사 계단 보강(설치납품),육군제53보병사단,주식회사 호산이엔지
69619,24년도 디지털포렌식 SW 라이센스 구매,국방부조사본부,(주)제트코
69643,(247283-D) 수중확성기 구매,국군재정관리단,나우종합관리주식회사
69658,위병소 그늘막 납품 설치,제3697부대,다온 Daon
69659,야자매트 등 52종 구매,제9121부대,모도리
69661,세탁건조기 20대 구매,해군 기동함대사령부,동하상사
69664,콤팩트 라쳇 핸들 등 162종 구매,해군제3함대사령부,전남물산
69665,"씨일 등 4품목(185,186)",해군제1수리창,가포통상
69668,"청동 등 88품목(24-06,24-07)",해군제1수리창,(주)동건
69670,"(긴급) 콘덴서, 냉각용 등 6종",해군군수사령부,토탈marine
69685,24년 동원사격장 방탄보호판 설치납품,제75보병사단,주식회사 비엠케이
69690,(247327-F)안전보호세트 구매,국군재정관리단,주식회사 세명
69699,예초기날 등 565품목 구매,제9181부대,주식회사 에이치씨티
69702,스피커 등 3종 구매,제7001부대,로터스
69705,3분기 실습재료비 구매,육군정보통신학교,이랑
69706,카보네이트 방패 구매,제9691부대,남컴퍼니
69709,"해병대 대형버스, 37인승 6대 구매",해군군수사령부,기아 주식회사
69711,울트라랙 등 16종 구매,해군군수사령부,주식회사강원
69712,에폭시 코팅 키트 등 33종 구매,해군군수사령부,레인보우
69723,'24-2차 정보화운용재료 구매,국군복지단,톡톡 마캣
69726,스텐평식기 등 2품목 구매,제3170부대,헬싱
69734,미싱기 등 1품목(178),해군제1수리창,대광종합상사
69736,MULTI PATIENT SET 등 2종 구매,제5738부대,준유통
69738,XN-CHECK 등 39종 구매,제5738부대,제이와이엘글로벌
69740,오피덱스 액 1L 등 28종 구매,제5738부대,주식회사 한스바이오파마
69743,마약검사키트 구매,제3283부대,조이모바일
69750,24-61호 마이텍스 등 100종 구매,해군작전사령부,브랜뉴라이프
69755,K10탄운차 저항기등56종 구매,육군종합정비창,지앤와이일렉텍(주)
69764,(246055-B1)사이버 모의공격 및 평가도구,국군재정관리단,(주)원더비즈
69768,메모홀더 등 79종 구매,제5738부대,주식회사 세렌디피티
69769,안전띠 등 59종 구매,제5738부대,다온종합상사
69770,BLACK COAT 등 155종 구매,제8385부대,동인산업
69772,냉각시트세트 구매,제9181부대,은성
69774,(긴급)MIT-HASH 1종,해군군수사령부,강원상사
69777,자주식 제설기 1SET 구매,해군군수사령부,써니컴즈
69778,고압세척기 5EA 구매,해군군수사령부,아이앤월드
69779,스팀세척기 2EA 구매,해군군수사령부,민스 라이징
69780,해병대 이동식 자동랩핑기 1대 구매,해군군수사령부,와이에치산업
69787,K77지휘차 호스 등 14종 구매,육군종합정비창,원일종합상사
69797,실외 영점사격장 방탄보호판 납품 설치,제3697부대,라이커블
69806,[24-육-194] 참모총장 표창 부상품(손목시계) 구매,육군본부,란쯔시계
69807,[24-육-196] 참모총장 표창 부상품(메달) 구매,육군본부,월드에이앤씨
69808,[24-육-193] 정훈실 사진인화기 구매,육군본부,에이스컴퍼니
69809,"저항기,가변식 등 42항목 구매(궤도-016)",육군군수사령부,뉴테크코리아 주식회사
69812,간격유지기 등 48항목 구매(궤도-004),육군군수사령부,뉴테크코리아 주식회사
69814,[동명 30진] 24년 정보화예산 키폰교환기 구매,국제평화지원단,(주) 원테크놀로지
69818,방호조끼 등 2종 구매,해군본부,제이켐(Jchem)
69821,(246299-D) 병사용 간행물(3종) 구매,국군재정관리단,레이크
69824,(246320-E) 생도 테니스화 구매,국군재정관리단,주식회사 다발로
69826,"(246309-F) 들것,접는형,단단한막대식 구매",국군재정관리단,주식회사 에스피글로벌
69829,(246274-D)모바일기기 포렌식 SW 2종 구매,국군재정관리단,구루멘토링 주식회사
69831,24-N-총기 진공포장기 구매(248190-F),국군재정관리단,(주)매싼커뮤니케이션
69838,네오펜틴 캡슐 등 167종 구매,제8385부대,에스제이메디칼
69841,전자 계산기 등 311종 구매,해군제3함대사령부,버닝
69842,반투명 홀더 등 310종 구매,해군제3함대사령부,우성종합상사
69845,개스킷 등 20종 구매,해군제3함대사령부,해동건설중기
69847,심 등 25종 구매,해군제3함대사령부,에코텍
69850,벨조나1111 등 3종 구매,해군제2수리창,대호유통
69851,타이머 등 20종 구매,해군제2수리창,창원
69853,도저 방탄탑 설치 계약 의뢰,제7862부대,베야비스타
69857,실링 콤파운드 등 1품목(173),해군제1수리창,동원상사
69858,객실 출입문 전자도어록 구매설치,제2002부대,주식회사강원
69863,소형진동다짐기 3대 구매,해군군수사령부,연홍코퍼레이션
69864,디스플레이 유닛 등 3종,해군군수사령부,태광이엔에스
69879,"해군 메시지 키링 15,000EA 구매",해군본부,(주)에스앤씨텍
69882,24-M-00망 유해사이트 차단체계 교체(리스자산),국군재정관리단,(주)애니씨앤에스
69891,잉곳 주석 청동용 등 26종 구매,해군제2수리창,평화상사
69895,24-N-승용식 5갱 모아 등 2종 구매,국군재정관리단,한빛상사
69903,24-방공관제사-64(헤드셋),공군방공관제사령부,주식회사 케이디제이
69916,제76주년 국군의날 행사 참관인 모자 제작,국방부(운영지원과),주식회사 마크온탑
69921,24-N-프레임 리프트 구매,국군재정관리단,브레인비
69926,파라솔 등 42종 구매,해군교육사령부,주식회사보승글로벌
69968,엘레본 서보 등 2종,공군군수사령부,바이민
69970,"24년 기관단총,5.56mm,K1A",기동총괄계약팀,에스앤티모티브주식회사
69971,태극기 및 부수기재 구매,국군제1068부대,올리브상사
69979,24-B-야자매트 구매 납품,제9196부대,주식회사 디딤공간
69983,2분기 실습재료비,육군정보통신학교,오케이 상사
69991,'24년 동원훈련장 방탄보호판 설치납품,제9251부대,평화상사
69993,24-62 샤워기 줄 등 48종 구매,공군제1전투비행단,비와이그린텍
70012,(공-53) 고속 스캐너 등 3종 구매,국방부계룡대근무지원단,비티컴주식회사
70014,(246057-G) 24년도 국방망 사이버 위협정찰도구 구매,국군재정관리단,스피드
70015,24-D-바이올린 등 7종 구매,국군재정관리단,와이엠글로벌
70017,제전슬리퍼 등 205종,공군군수사령부,알파대구혁신점
70018,3M 조절 그래픽 필름 등 34종,공군군수사령부,주식회사 템솔
70019,저장빈 등 44종,공군군수사령부,상산
70021,작업단말 1점,공군군수사령부,피엘엠테크 주식회사
70023,"버저 등 73품목(24-05,24-06)",해군제1수리창,청아철물설비
70024,"버저 등 73품목(24-05,24-06)",해군제1수리창,청아철물설비
70026,절단석 등 217종,공군군수사령부,한국씨엔에스
70029,폴리카보네이트 60EA 구매,해군작전사령부,주식회사 대경코리아
70034,(긴급)Binder 등 2종,해군군수사령부,케이티씨
70037,(자재) 제재목 등 2종 구매,육군종합정비창,(주)한일목재
70038,통신 캐패시터(012768069) 구매,육군종합정비창,모아컴
70039,통신 변압기 등 9종 구매,육군종합정비창,주식회사 앤드영
70040,(자재) 특수윤활유 모리코트 구매,육군종합정비창,보성이엘에스 주식회사
70051,(246248-C) 모바일기기 증거분석 교체(HW)(리스자산),국군재정관리단,다우미디어테크
70052,24-F-자동혈구계산기  구매,국군재정관리단,대광산업
70065,알루미늄포장지 등 75종,공군군수사령부,선진종합상사
70069,스로틀 링키지 등 87종,공군군수사령부,주식회사 모아텍
70071,디지털 도어락 등 35종 구매,제5738부대,가람기프트
70072,아비타 5000 구매,제5738부대,영림문구사
70073,마약검사 키트(6종) 구매,해군교육사령부,주식회사 로운트리
70079,(일장) 교량가설단정 선박항해용 등 25품목 구매,육군종합정비창,신기산업
70081,"차폐 개스킷,전자식 등 34항목 구매(특무)",육군군수사령부,디에스테크
70084,"조종간,자료입력용 등 10항목 구매(총포)",육군군수사령부,주식회사 엔아이티
70091,내부투시기 1품목 구매(통신),육군군수사령부,하이하이샵
70096,24-F-CNC방전가공기 구매,국군재정관리단,대림엠텍
70104,24-07-054 초음파진단기 사단용 1품목,공군교육사령부,다선
70105,"바이스, 수동식 등 12종 구매",해군제2수리창,비티컴주식회사
70108,C형 클렘프 등 314품목 구매,제9181부대,바른기업
70109,24-B-접이식 철침판 등 12품목 구매 납품,제9196부대,미코정원
70110,24-B-핸드소켓 세트 등 100품목 구매 납품,제9196부대,더긋다
70115,해상-호크나이프 91EA 구매,해군군수사령부,황노가
70123,고배율 관측경 구매,해군군수사령부,영해산업
70138,화장지 등 141종 구매,제9121부대,세명종합공구
70141,'24년 정비피복 구매(24-064),육군제6501부대,주식회사 지에스씨
70143,개스킷 및 시일세트 등 3종 구매,제9121부대,경남상사
70160,올리오 책꽃이 등 391종 구매,해군사관학교,호나랩
70163,"브이피시 등 6품목 (144,145)",해군제1수리창,제이테크
70165,[24-육-178] 수사용 모바일기기 5종 구매(리스물건),육군본부,신한약국
70166,안테나 등 1품목(160),해군제1수리창,주식회사 더블제이에스
70169,실내사격장 피탄지 설치납품,제17보병사단,주식회사 에프티에스
70171,"가용전 등 3품목(159,162)",해군제1수리창,수지유통
70172,파티션 등 3품목(163),해군제1수리창,(주)동건
70173,"격막 등 10품목(141,142)",해군제1수리창,동해종합상사
70181,(특무) 오리콘 패킹 등 35품목 구매,육군종합정비창,주식회사 서원아이엔
70201,(246104-F)일회용 반창고 등 5품목 구매,국군재정관리단,주식회사 경훈테크
70203,24-N-남성용 5부 수영복 등 4종 구매,국군재정관리단,주식회사 마크
70209,이소트렌 연질캡슐 등 48품목,제2002부대,네오썬팜
70213,캐노피 등 51종 구매,해군사관학교,씨앤엘
70214,24-B-점프스타터 등 13품목 구매 납품,제9196부대,누리컴퍼니
70218,"(긴급)비석면판,압축식 등 37종",해군군수사령부,미래상사
70220,브래킷 및 판류,지상공통전력운영계약팀,원탑 하이테크
70222,"(긴급)제재목,경질 등 6종",해군군수사령부,주식회사 갑천만수
70232,[항자단] 수분분리지수 시험기 1종 2대,공군군수사령부,나리인터내셔널
70235,증류수 생산기 구매,해군제3함대사령부,주식회사 오비엔
70236,정비피복 구매,육군 탄약지원사령부,주식회사 보리똥
70237,콘덴서 클리너 등 9종 구매,해군제2수리창,닉스
70239,"작동기, 유압기 공기식 회전용 등 4종 구매",해군제2수리창,국보몰
70241,아연도각관 구매,제9911부대,바인시스템
70249,"게이지, 압력측정용, 문자판식 등 16종 구매",해군군수사령부,호호상사
70250,전자청진기 3EA 구매,해군군수사령부,써니팩토리(Sunny Factory)
70256,매트세척기 2EA 구매,해군군수사령부,다담시스 주식회사
70260,24-N-어뢰 인양기 구매,국군재정관리단,더블유비로지스틱스 주식회사
70261,섬유벨트슬링 1765점 구매,제9121부대,일용상사
70263,황동봉 등 16종 구매,제9121부대,보광산업
70281,BOTTLE SPIKE 등 2종 구매,제5738부대,제이비글로벌주식회사
70282,보이스레코더 등 6종,제5738부대,주식회사 대림산업기술
70291,24년 부대기 구매,육군사관학교,디와이플랫폼
70298,국방헬프콜 홍모물(로고라이트) 제작설치,국방부조사본부,주식회사 정인터내셔널
70301,반신하네스 구매,제3170부대,이지시스템(EG system)
70303,자바라 컨베이어 10EA 구매,해군작전사령부,디에스산업
70304,봉고3 디스크 어셈블리-클러치 등 208종 구매,제8385부대,케이플러스
70309,다중계기(10MHz) 9EA 구매,해군군수사령부,주식회사 엠아이엘아이엔씨
70310,"브러쉬 등 6품목 (148,149,150)",해군제1수리창,일진펌프앤그린씰 주식회사
70311,등 등 1품목 (151),해군제1수리창,주식회사제이케이컴퍼니
70314,24년 40mm 탄약류 파라핀지환통,화력총괄계약팀,(주)오성지관
70315,(특무) 직접회로 등 29품목 구매,육군종합정비창,시온테크
70316,(자재) 스테인리스 파우더 등 3종 구매,육군종합정비창,주식회사 씨이피테크
70322,(247286-C) 작전용 헤드폰 구매,국군재정관리단,햇살이네
70325,24-00 위치추적용 단말기 구매,드론작전사령부,주식회사 공감아이티
70328,"제한기, 유체유동형 등 52종 구매",해군제2수리창,나서스테크
70329,"게이지, 압력측정용, 문자판식 등 8종 구매",해군제3함대사령부,(유)한일상사
70330,각반목 등 19종 구매,해군제3함대사령부,삼호자원
70331,24년 간부숙소 소화기 구매(수도군단),수도군단,(주)이지씨엔이
70333,브이-밸트 등 12종 구매,제9121부대,대성
70334,반도 등 70종 구매,자운대근무지원연대,와이에이치상사
70336,노래반주기 세트 구매,제7001부대,엠엘비(MLB)마산합성점
70341,24-217 견인봉 등 1종,공군제5공중기동비행단,에이치산업
70345,임펠러 등 1품목 (127),해군제1수리창,남부상사
70346,증발기 등 1품목 (125),해군제1수리창,동해종합상사
70352,항-24-030 청력보호용 귀마개,공군사관학교,그린종합사무기
70354,24-N-해병대 4주식 리프트 구매,국군재정관리단,주식회사 태광
70362,[60전대] 2.5인치 노즐 등 96종 구매,공군군수사령부,삼호상사
70367,(육성)실내사격장 안전방호판 납품 설치,제3697부대,유진
70372,E-STOP 버튼 등 3종 구매,해군제3함대사령부,(유)한일상사
70373,20비 24-234 작업테이블 등 14종,제20전투비행단,동아문고
70374,"백업링, 성형 패킹용 등 21종 구매",해군제3함대사령부,삼호자원
70376,턱끈류,해상공중전력운영계약팀,주식회사 대일산업
70378,전투실험분석모델용 워크스테이션 구매,육군포병학교,헤음
70380,"패킹, 성형식 등 5종 구매",제9121부대,로쏘
70397,24-N-해병대 휴대용 수중통화기 4세트 구매,국군재정관리단,(주)케이탑솔루션
70401,24-N-기관단총 조준경 구매,국군재정관리단,(주)이오시스템
70407,안전벨트 구매,제3170부대,대성상사
70409,구조훈련마네킨 등 2품목 구매,국군의무학교,민주유통
70410,영아용 심폐소생술 마네킹 구매,국군의무학교,주식회사 파라메스
70417,집음기세트 구매,제9181부대,와이즈티엔씨 주식회사
70432,24년 소형 대공표적기(구매),해상공중전력운영계약팀,주식회사 이에스티
70434,24-1차 JFOS-K 운용용품 구매,지상작전사령부,미진상사
70437,Abbott HBs Ag Device 등 33종 구매,제5738부대,에이치에스물산
70438,함정 의료용 냉장고 1대 납품 설치,제8385부대,가포통상
70445,오피덱스 액 1L 등 63종,제5738부대,(주)  이수약품
70446,라우터 구매,제5738부대,주희솔루션
70448,복싱부 훈련용품(글러브 등 4종)구매,국군체육부대,오션무역
70449,(24육군-해파47)고무트랙 등 63품목 구매,종합보급창,재동상사
70453,단선 등 23품목,해군제1수리창,동원상사
70455,"시일 등 16품목(128,129,130)",해군제1수리창,디이에이치
70464,칼라정부화일 등 1112종 구매,제5738부대,영림문구사
70465,LAH훈련센터 자산 구매(24-6차),육군항공학교,닉스
70467,허송세월 등 37종 518권 구매,해군제3함대사령부,대유산업
70470,바이메탈 홀커트 등 48품목 구매,제3170부대,흥환상사
70491,24-1차 안전물자세트 구매,제32보병사단,길테크
70499,종이컵 등 128종 구매,제5738부대,통일종합상사
70518,24-B-타이레놀 등 78품목 구매 납품,제9196부대,네오썬팜
70521,24년 안전물자세트구매(1년/3년),수도군단,에스오케이
70522,청정소화기 등 3종 구매,제9121부대,스타CNS
70530,경보등 등 20품목(120/121/122/123/124/125),해군제1수리창,디이에이치
70532,통신 축전기(37A268443) 구매,육군종합정비창,일광정보통신
70534,"(긴급)바퀴,캐스터용,후륜 등 13종",해군군수사령부,현민유통
70535,통신 캐패시터(012768069) 구매,육군종합정비창,모아컴
70544,24-F-작동기 구매,국군재정관리단,에이티 솔루션 (AT Solution)
70545,24-D-계룡대 출입통제체계 교체(리스자산),국군재정관리단,지에스네트웍스(주)
70562,디지털 온습도계 등 54종 구매,해군교육사령부,주식회사 이현코리아
70567,변환 어댑터 플러그 등 277품목 구매,제9691부대,주식회사 새집다오
70575,예비군 야전배낭 구매(육성-1),수도군단,주식회사 엔에이치
70576,24-D-69톤 트랙터 구매,국군재정관리단,씨지에스아이티(주)
70578,원형세면기 등 112종 구매,해군교육사령부,케어트리
70583,전환식 세라믹 일자형 인두기 등 157종 구매,해군제2수리창,씨에스 경기
70584,공기흡입관 등 3품목 구매,제3170부대,시온
70593,대테러 작전화 구매,국군화생방방호사령부,목화테크
70594,24-N-카본제거기 구매,국군재정관리단,다모아테크
70595,튜브 등 15항목 구매(일장-014),육군군수사령부,동영사
70596,24-034 차수판 구매,39정찰비행단,신일상사
70599,대샤워기 수전 등 258종 구매,해군 기동함대사령부,연평기프트
70609,24년 실내사격장 방탄보호판(아크릴 등 2종) 구매,제51보병사단,(주)에코서브
70611,ABL9 solution 등 4종 구매,제5738부대,제이비글로벌주식회사
70612,각막 보호용 렌즈 등 32종,제5738부대,마니
70615,UPS 구매 설치,육군 제1군단,행복가든
70616,24-06-223 마약검사키트 등 2품목 구매,공군교육사령부,메이22
70618,FLAT TORX HEAD CAP SCREW 등 7종 구매,제9121부대,엠에스종합상사
70620,"4주식리프트, 소형 2EA 구매",해군군수사령부,도윤마켓
70624,세정제 등 21품목,해군제1수리창,(주)동건
70632,(246272-E) 스캐너 구매,국군재정관리단,픽
70634,24-3차 후생용구(이발기 등 2종) 구매,국군의무사령부,주식회사 이음
70636,"검사세트,포신용,로봇형 구매",제2군수지원여단,해솔상사
70639,메가폰 등 415품목 구매,제3170부대,영신상사
70646,제트스트림리필 등 40종 구매,해군교육사령부,태산
70648,"교정기, 주파수용 등 3종 구매",해군제2수리창,세움
70655,3단 진압봉 구매,제8385부대,디그린
70665,표시기 등 1품목 (113),해군제1수리창,금성상사
70668,(자재) 호스피팅 등 25종 구매,육군종합정비창,원욱
70672,(자재) 호스 등 16종 구매,육군종합정비창,선경
70675,듄 전집(6권) 등 15종,해군본부,비러브드(Beloved)
70676,모자 등 3종 구매,해군본부,프리앤
70678,24-N-경호물자 세트 구매,국군재정관리단,전고스토어
70680,(247253-F) 유전자 검사 재료 구매,국군재정관리단,주식회사 휴먼앤사이언스
70683,다공성 음압호스 구매,제9965부대,테라이엔씨
70697,냉방기 5식 구매설치,제9911부대,지니어스케이
70700,덤벨 등 7종 구매,제9911부대,준디자인주식회사
70702,야자매트 등 2종 구매,제9911부대,세라몰
70703,재난대비 물자(넉가래 등 18종) 구매,해군군수사령부,마카툴 코리아
70705,"날개, 프로펠러용, 선박용 등 1종 구매",해군군수사령부,(주)신라금속
70706,워커리프트트럭 1SET 구매,해군군수사령부,더긋다
70707,초음파세척기 1EA 구매,해군군수사령부,제일산업
70708,재난대비물자 12종 구매,해군군수사령부,주식회사 제이디글로벌
70713,의장 영관예식도 구매,해군군수사령부,주식회사 대림산업기술
70719,실납 등 73품목,해군제1수리창,청아철물설비
70720,집성판 등 13품목 (114),해군제1수리창,태영산업
70721,브이벨트 등 21품목(111),해군제1수리창,듀이
70722,툴홀더 등 53품목,해군제1수리창,씨에스 강원
70723,퀵몽키 등 34품목,해군제1수리창,영동상사
70727,"24-187, 복지대대, 천국의계단 등 5종",공군 제8전투비행단,안테그라
70730,24-1차 재포장 재료 구매,제1보병사단,선담
70739,"시일, 밀봉형 등 58항목 구매(기장)",육군군수사령부,에스엔더블유테크
70741,정보통신 운용재료 구매,국군제1068부대,휴먼
70744,영관급 지휘관 지휘봉 구매,육군인사사령부,케이제이컴퍼니
70745,20비 24-223 EMPR 등 91종,제20전투비행단,미주통상
70746,20비 24-226 캐노피 세척기 12대,제20전투비행단,케이엠글로벌
70747,20비 24-222 에어릴 등 114종,제20전투비행단,계룡흥업
70748,다목적 세정제 구매,제3170부대,삼성시스템
70751,(긴급)코일형 스테인레스 강선 5.0 등 38종,해군군수사령부,대광산업
70753,발광 다이오드 등 38항목 구매(통신),육군군수사령부,주식회사 세연인터내셔널
70755,유해 유전자 검사 재료/시약 구매(유해화학물질),국방부유해발굴감식단,주식회사 에이에스씨
70760,먹통 등 69품목,해군제1수리창,씨에스 강원
70761,슬링벨트 등 5품목,해군제1수리창,(주)동건
70770,"24-F-연삭기,원통형 2점 구매",국군재정관리단,레오컴퍼니
70773,"세척제,용매용 1종 구매",해군군수사령부,에스제이상사
70775,혼다 GX-35 기화기 등 40종 구매,해군군수사령부,주식회사 유진기업
70786,오링 등 30품목,해군제1수리창,씨에스상사
70787,뺀지 등 59품목,해군제1수리창,씨에스 강원
70791,2024 동맥 초음파 실습모형 구매,국군수도병원,(주)메드닉스
70794,(지통-5) 24년 소규모 수리ㆍ유지 UPS 구매,제15보병사단,현대전력 (주)
70795,축성도구 구매,제28보병사단,주식회사 라온아띠
70803,"디스플레이, 광전자식 등 14항목 구매(통신)",육군군수사령부,주식회사 엄지
70807,예비군훈련장 사격장 방탄보호판 구매 설치,육군 제1군단,와이디상사
70810,20비 24-219 위험물 보관함 등 15종,제20전투비행단,(s)클래스
70816,얼굴가리개 등 20종 구매,해군교육사령부,주식회사 진성하이텍
70818,샤워기헤드 등 67종 구매,제7001부대,태양테크
70821,잡초방지용 부직포 구매,제9181부대,이은글로벌
70833,"천,커튼용 구매 4,700MR 구매",해군군수사령부,엔플
70834,"링,피스톤용 등 17종 구매",해군군수사령부,이언
70836,10톤 가레이지작키 1EA 구매,해군군수사령부,해솔상사
70841,(자재) 희석제 등 2종 구매,육군종합정비창,에스에이치씨피주식회사
70845,24-N-벤딩머신 구매,국군재정관리단,천지유통
70846,24-N-백면걸레 구매,국군재정관리단,아트아키
70847,24-N-소형세차기 구매,국군재정관리단,주식회사 뮤템
70852,"슬리브, 추진축용, 선박용 등 43종 구매",해군제2수리창,희망교역
70861,24-M-쿼드콘 구매,국군재정관리단,주식회사 농업회사법인 포프리
70862,24-N-FILTER BAG 등 2종 구매,국군재정관리단,유니온필텍 주식회사
70870,트라디오펜 등 330종 구매,해군교육사령부,주식회사 대경코리아
70878,(자재) 튜브 등 12종 구매,육군종합정비창,주식회사 씨에스대현
70883,"24년 야자매트, 더미 구매",제15보병사단,현대전력 (주)
70886,(247026-H)사이버 방호체계 구매(설치),국군재정관리단,주식회사월드아이
70890,자석홀더 등 137종 구매,제9911부대,주식회사 공감과공유의제작소
70893,전기 압력 게이지 등 3종 구매,제9121부대,에스와이테크
70894,"표시기,점검,액체용",해상공중전력운영계약팀,이지텍
70895,자석홀더 등 137종 구매,제9911부대,주식회사 공감과공유의제작소
70900,(긴급)주철 등 5종,해군군수사령부,(주)비아이엔씨
70901,마칭 훈련용 모자 등 3종 구매,해군군수사령부,대양산업개발 주식회사
70907,방독마스크 등 26종 구매,국방부계룡대근무지원단,주식회사 계룡대종합상사
70908,24년 식중독지수 알리미 구매,제15보병사단,드림즈
70918,24-56호 독서대 등 307종 구매,해군작전사령부,주식회사 동금솔루션
70920,모듈형 탄약실셈기 구매,제9227부대,스쿨룩스 일산
70921,톤백마대 등 2종 구매,해군작전사령부,꼭지
70922,24-06-212 마약검사키트 등 2품목 구매,공군교육사령부,창조물산
70928,"캡, 튜브용 등 15종 구매",제9121부대,신동하이텍
70939,석필 등 47품목,해군제1수리창,탑오피스
70941,모멘트 TPU 등 3품목,해군제1수리창,(주)동건
70945,24년 120밀리 적재모의훈련탄,지상공통전력운영계약팀,에이테크솔루션(주)
70959,(247227-E) 총상모형 등 18품목 구매,국군재정관리단,(유)목양
70960,24-N-전자저울 구매,국군재정관리단,범진아크릴
70961,2024년 2-2차 CTP판출력기 구매,국방출판지원단,주식회사 에스앤피
70963,24-06-198 총상 모형 박스 등 4품목 구매,공군교육사령부,필라델피아사이언티픽 솔루션
70971,산악화 등 90품목 구매,제3283부대,가람기프트
70972,"24년 동원훈련장 물자(캐노피, 테이블) 구매 계약",동원전력사령부,피두치아
70977,24-54호 고체풀 등 342종 구매,해군작전사령부,다인
70980,원심분리기(소형) 1대 구매 설치,해군교육사령부,유한회사 정석
70989,잠수사 리콜 1종 구매,해군군수사령부,탑클라우드유통
70990,"연결봉, 피스톤용 등 23종 구매",해군군수사령부,전고스토어
70991,인입식 비트 A형 4EA 구매,해군군수사령부,주식회사 수연티앤씨
70999,튜브 등 30품목(101),해군제1수리창,청아철물설비
71004,24년 2수송연대 자산취득품목 구매,육군종합군수학교,더펜상사주식회사
71006,24-N-유도가열기 구매,국군재정관리단,(주)비아이엔씨
71014,하키부 운동용품(유니폼 등 16종)구매,국군체육부대,영웅종합상사
71015,레슬링부 운동용품(레슬링 화 등 2종)구매,국군체육부대,새롬상사
71020,"24년 방탄판, 레벨Ⅳ용(대형)",해상공중전력운영계약팀,카본헥사 주식회사
71021,"24년 방탄판, 레벨Ⅳ용(중형)",해상공중전력운영계약팀,카본헥사 주식회사
71023,24-00부대 항온항습기 구매,합동군사대학교,한마음
71025,"밴드,지지용",지상공통전력운영계약팀,환호테크
71026,24-F-주파수 측정세트 구매 (249046-F),국군재정관리단,정엔터프라이즈
71030,"24-F-절곡기, 유압식 구매",국군재정관리단,지엘(GL)몰
71032,24-52호 무지 종이컵 등 200종 구매,해군작전사령부,진명
71036,조종형 티셔츠(긴팔) 등 12종 구매,제5738부대,주식회사 은상컴퍼니
71038,24년 3분기 조리병 실습재료 구매,육군종합군수학교,주식회사 예스푸드
71046,24-M-정훈물자 구매,국군재정관리단,예림유통
71059,서바이벌총기 등 9종 구매,제7001부대,다혁솔루션
71062,농구부 운동용품(농구화 등 7종)구매,국군체육부대,진영상사
71067,구조용각형각관 등 14종 구매,제9911부대,우주상사
71068,24-51호 가시레이저 등 10종 구매,해군작전사령부,주식회사 진성하이텍
71071,샤워기 헤드 등 96종 구매,자운대근무지원연대,물댄동산
71079,LST-II 탄약승강기 외주정비,해군군수사령부,(주)대명엘리베이터
71080,(긴급)강철조각 1종,해군군수사령부,제일테크
71082,개스킷 등 10종 구매,해군군수사령부,에스제이상사
71086,가위 등 365품목(099),해군제1수리창,수지유통
71087,GASKET 등 40종 구매,제5738부대,에스에이치테크
71088,24-보안스티커 구매,공군본부,탑시스템
71105,[24-D44] 본청 UPS 교체 설치납품,지상작전사령부,아이에프텍 주식회사
71108,일자 비트 등 7종 구매,제5738부대,주식회사 백운테크
71109,OSR6118-TG 등 18종 구매,제5738부대,동산 주식회사
71114,아세트아미노펜정 등 184품목 구매,제9181부대,주식회사 다함메디
71115,혈압계 구매,제9181부대,주식회사 혼정보통신
71120,수입포 등 10개 품목 구매,육군 탄약지원사령부,앤트
71135,해류유속계 구매,해군군수사령부,(주)지오테크시스템
71138,소자 등 24종 구매,해군군수사령부,보니어
71141,"게이지, 기체흐름 측정용 등 3종 구매",해군군수사령부,세종상사
71145,"시일, 밀봉형 등 5종 구매",해군군수사령부,신동하이텍
71152,"(긴급)잉곳,주석-청동용 등 3종",해군군수사령부,주식회사 비에스씨
71156,비밀보관함 2종 구매,국방부계룡대근무지원단,주식회사 티에스
71173,24-3차 소방기구(소화기 등 4종) 구매,국군의무사령부,비에스상사
71180,24년 위장망체계 지지대세트류,해상공중전력운영계약팀,도균테크
71189,"24년 2,3분기 정보통신운영지원 용품 구매",육군 제1군단,선우
71190,모조지(80g) 등 3종 구매,해군교육사령부,피앤지(PNG)
71191,소켓 등 233종 구매,제5738부대,경성상사
71192,24년 구급대 구매,제55보병사단,주식회사 천일
71194,프레임리프트 2EA 구매,해군군수사령부,태양테크
71195,백업링 등 11종 구매,해군군수사령부,새한전기조명
71196,유증기 감지기 등 7종 구매,해군군수사령부,제이루
71197,플랫트 실링 등 10종 구매,해군군수사령부,우복테크
71198,유체정역학유니트 등 2종 구매,해군군수사령부,기호종합상사
71199,초음파누설검사기 2EA 구매,해군군수사령부,유한회사 제이엠스토아
71200,안전포크 등 4종 구매,해군군수사령부,대한냉동
71205,[육성지원금-24-5] 심폐소생술마네킹 등 2종 구매,수도방위사령부,영신상사
71219,(지구병원-023) 순번표시기 세트 구매 설치,국방부계룡대근무지원단,드림으뜸상사
71226,투명지퍼백 등 10종 구매,해군군수사령부,서플라이 플러스
71228,결재판 등 108종 구매,해군군수사령부,로쏘
71242,24-50호 보조 병기 이탈방지끈 등 8종 구매,해군작전사령부,비바송
71245,망간측정키트 등 32종 구매,제7001부대,주식회사 동빈글로벌
71247,이산화탄소 등 7종,공군군수사령부,(주)에어텍
71263,"솔레노이드, 전기식 등 17항목 구매(기장)",육군군수사령부,미성엔지니어링
71268,모사전송기 등 1항목 구매(통신),육군군수사령부,주식회사 송운
71273,24-N-기관단총 라이트 구매,국군재정관리단,비앤와이컴퍼니
71280,방한두건 등 20종 구매,해군제3함대사령부,주식회사 케이디제이
71281,파워헤드어셈블러 구매,해군제2수리창,지니종합상사
71287,24년 정비 피복 구매계약,제7군단,이스타
71289,24년 병영훈련용품(키핑케이스 등 13종) 구매,육군학생군사학교,주식회사 드림팝
71294,오-링 등 23종 구매,해군군수사령부,주식회사 컴버스테크
71306,24-N-긴급구조잠수세트 등 2종 구매,국군재정관리단,(주)에스엘푸드
71316,LCD슈퍼크립 등 108종 구매,해군제3함대사령부,유한회사 정석
71317,24-45호 스위퍼스트먼지털이제거기 등 17종 구매,해군작전사령부,엘앤비소프트
71318,24-44호 보스민액 등 123종 구매,해군작전사령부,지인헬스케어 주식회사
71320,보호 20-F211 등 257종 구매,해군제3함대사령부,대유산업
71321,CO2 카본팁 등 20종 구매,해군제3함대사령부,우성종합상사
71331,2분기 자산취득비 구매,육군부사관학교,주식회사 마한건설조명
71333,24-N-자동확보기 세트 등 4종 구매,국군재정관리단,주식회사 포빌리언
71336,(246031-G)사전학습지원 기반체계(콘텐츠학습) 교체,국군재정관리단,(주)나우시스템
71337,24-N-PE수도관 구매,국군재정관리단,아리유통
71338,(247198-E) 기초잠수착용물자 구매,국군재정관리단,와이엠글로벌
71343,(247173-F) 재호흡기 구매,국군재정관리단,크레용 컴퍼니
71360,[24-1050] 단독경보형 연기감지기 등 193품목 구매,공군제17전투비행단,휴텍레이저
71361,DVD(30일 등 53종) 구매,해군사관학교,경북상사
71367,작통단 정통대대 원격통신소 방화벽 구매(근-24-053),공군작사근무지원단,사회적협동조합 나라사랑
71372,물티슈 등 314종 구매,해군교육사령부,효선상사
71373,멀티렉 등 7품목 구매,제9해병여단,하나유통
71381,"브러시,전기접점용 등 7종 구매",해군군수사령부,제이엘
71385,초음파 탐침기 구매,해군군수사령부,수코리아
71389,연점시험기,해군군수사령부,쿨우주인
71415,제동자 커플러(24-090),공군제15특수임무비행단,주식회사 대림산업기술
71419,20비 24-158 조류기피제,제20전투비행단,비엠에이치주식회사
71420,24년 단안형 야간투시경 구매,제9227부대,세이프부산
71422,지형측지분석용품 구매(C050),제7군단,환경윤빈
71423,00부대 앰프 등 설치 납품,육군 52보병사단,(주)윤씨네
71452,투명 크리어 등 24종,공군군수사령부,한국씨엔에스
71453,00부대 세탁 트롤리 카트 구매 납품,육군 52보병사단,주식회사 진원이앤아이
71457,플라스틱 성형재 등 11종,공군군수사령부,조아텍(JOA)
71460,이동식 차수막 구매,제3170부대,모아이엔지
71465,래커 등 18품목(089),해군제1수리창,지지유통
71467,호스 등 32품목 (092),해군제1수리창,주식회사 엠케이
71468,접착제 등 13품목 (091),해군제1수리창,에이스통상
71472,"간, 조준용",지상공통전력운영계약팀,평화정밀
71473,"연장기,경고등용",지상공통전력운영계약팀,그린스틸
71477,끈류,지상공통전력운영계약팀,주식회사 신창엠텍
71482,24-3기 NCS 급양관리관 조리재료 구매,육군종합군수학교,다해푸드
71483,플러그류,지상공통전력운영계약팀,케이인더스
71484,24년 안전물자세트 구매,제15보병사단,중앙산업(일렉트로닉)
71487,24-F-수평 밀링머신 1종 구매,국군재정관리단,와이에스
71496,탄약 지환통류,지상공통전력운영계약팀,(주)오성지관
71500,비행정보기기(FIB) 단말기 구매,제5738부대,주식회사 제이디폼
71505,24-A34) 24년 초도보급 정비피복 구매,제7297부대,주식회사 마크온탑
71507,(육성) 00부대 이동형 냉방기 구매 납품,육군 52보병사단,이스트트레이딩
71509,24년 제설기 구매,제3707부대,주식회사 그린아이앤티
71515,동삼 TOD 계단 설치납품,육군제53보병사단,주식회사 호산이엔지
71517,K77지휘차 반사경 구매,육군종합정비창,명성RT
71538,24-N-섬유유연제 등 2품목 구매,국군재정관리단,은혜상사
71568,[24-1039] 24-특수작전용 헤드셋 구매,공군제17전투비행단,주식회사연화엠텍
71569,고압세척기(소형)등 95품목 구매,제9227부대,포포
71570,Grease-Aircraft General Purpose 등 3종 구매,제5738부대,올리비아
71571,셔틀콕 등 295종 구매,해군교육사령부,주식회사 스타일남
71578,공기 샘플러 2Set 구매,해군군수사령부,산트
71582,테이블리프트 2EA 구매,해군군수사령부,엔씨솔루션
71584,청소용 릴호수 1종 구매,해군군수사령부,부광컴퍼니
71587,유압식 절곡기 1EA 구매,해군군수사령부,주식회사 바른프린테크
71592,스냅 훅 등 11항목 구매(총포),육군군수사령부,티에이치이주식회사
71595,구리양극봉 등 15품목 (085),해군제1수리창,동해상사
71596,오링 등 23품목 (086),해군제1수리창,제이테크
71597,호스 등 42품목 (088),해군제1수리창,소망유통
71598,24년 대대급 안전물자 세트 구매,제8기동사단,가람상사
71603,24-F-해상임무장구 6종 구매,국군재정관리단,에스와이알(SYR)
71605,"00부대 창고 물자구매(랩핑머신, 스트래치 필름)",동원전력사령부,모아상사
71606,딱풀 등 523종 구매,해군제2수리창,한스서포트
71608,00부대 창고 물자 구매(파레트),동원전력사령부,주식회사 에스제이상사
71609,석면취급자 보호구 구매(C047),제7군단,오코몰(O-KO MALL)
71613,"브러시, 전기접점용 등 6종 구매",제9121부대,주식회사 북크로싱
71617,24-1차 안전물자 세트 구매,제1보병사단,썬블루
71619,00부대 정문위병소 철문 설치납품,육군항공사령부,대성안전건설(주)
71621,24-1차 안전물자 세트 구매,제1보병사단,썬블루
71622,섬유유연제 등 595종 구매,해군교육사령부,대성정보기술 주식회사
71623,근관세척기 등 3종 구매,제5738부대,유원케이
71624,핸드워시 등 231종 구매,해군교육사령부,영림상사
71630,엘보우류,지상공통전력운영계약팀,도하테크
71632,(자재) 마봉강 등 20종 구매,육군종합정비창,상일상사
71637,24-150 범용 밀링머신 등 2종,공군사관학교,케어원
71641,"24-2차 기록물정보관리체계, 전산운영용품 구매 계약",제9보병사단사령부,주식회사 대한글로비스
71643,(247029-H)전자식 교환기(VoIP) 교체,국군재정관리단,(주)아이필넷
71651,"징비피복(정비화, 안전모) 구매",육군 제1군단,주식회사 청미이엔지
71656,수납형 테이블 등 24종 구매,해군사관학교,와이 에스 엠
71658,배드민턴부 운동용품(셔틀콕)구매,국군체육부대,케이씨테크노(주)
71679,탑승식 습식 청소차 구매,육군항공사령부,무한상사
71687,재난안전물자(레스큐튜브등 2품목)구매,제9227부대,한컴퍼니
71689,예비군훈련대 실내사격장 방탄보호판 설치(24-GP-34),제2307부대,주식회사 태승
71694,24-1차 ○○○체계 운용품 구매,국방정보본부,주식회사 도경
71702,24-2차 정보통신운영 및 사이버지식정보방 구매,육군종합군수학교,스페이스 와이지
71711,구조실습 마네킨 등 5품목 구매,국군의무학교,가드케이 충청
71715,[24-육-114] 안전문화 홍보 로고라이트 구매,육군본부,에제르 컴퍼니
71716,Drum unit 등 24종 구매,해군본부,이젠진상사
71718,타이가 팬츠 등 3종,해군작전사령부,대성
71728,(246214-E) 자동표기용 종이(울트라컷)구매,국군재정관리단,소영프로젝트
71732,(긴급) 과급기 등 2종,해군군수사령부,재윤상사
71740,‘24년 3분기 영내자증식 (에너지바 등 17종),제3군수지원여단,주식회사 삼성육운
71743,"리드선,전기용 등 15항목 구매(총포)",육군군수사령부,시온테크
71749,오-링 등 23항목 구매(궤도-012),육군군수사령부,도하테크
71751,"브래킷, 판류",지상공통전력운영계약팀,우창기계 주식회사
71762,24-N-다관절리프트 구매,국군재정관리단,기본(The Gibbon)
71764,24-D-동력계산대 구매,국군재정관리단,히트
71765,"24-D-오토바이 1,450cc 이상 구매",국군재정관리단,(유)기흥모터스 용인점
71772,"망원경,엘보형(방향틀용)",기동총괄계약팀,(주)우경광학
71779,24년 부대후생용구(이발도구) 구매,육군훈련소,제일산업
71787,산불진화복(외투) 등 3종 구매,제8385부대,거산
71791,기-의장대 등 13종 구매,해군군수사령부,빌리언우먼
71793,"폴리머 탄창 2,511EA 구매",해군군수사령부,주식회사 엠아이티에스프리시즌
71796,압력시험기,해군군수사령부,서희테크
71797,압력비교검사기 1EA 구매,해군군수사령부,김가유통
71812,"24-F-전동카트, 승용식 1종 구매",국군재정관리단,삼보기업
71815,가슴장화 등 20종 구매,제9121부대,가람
71816,(공-31) 대형 플로터 프란터 1종 구매,국방부계룡대근무지원단,은영테크
71820,"기록세트, 신호자료용 등 2종 구매",해군제2수리창,덕신
71822,24년 안전물자세트 구매(C045),제7군단,하이엔비
71825,(육성)지역예비군 전투조끼 구매,제3697부대,주식회사 순수팩토리
71828,'24년 산불진화 개인보호구 구매,육군제7789부대,에스클래스주식회사
71829,Tube Cap 등 5종 구매,제9121부대,뉴텍（NEW TACK）
71830,예초기 날 등 5종 구매,해군교육사령부,이트렌드
71846,24년 석면 보호구 구매,제2군단,더블유에프(WF)시스템
71847,두건 등 4종(잠수물자) 구매,제9965부대,에스제이유통
71848,24년 1급 방진마스크 구매,제1군수지원사령부,(주)제이앤비이노베이션
71852,(247021-H)내부망웹메일메신저노후교체(리스자산),국군재정관리단,지후
71855,24-F-공기호흡기 등 2종 구매,국군재정관리단,휴앤케어
71856,하우징류,지상공통전력운영계약팀,주식회사덕인
71859,윤활방청제 등 97종 구매,제8385부대,가진테크
71867,예초기 조속레버 등 10종 구매 납품,연평부대,뉴제이커넥션
71868,24-30호 아쿠아텍 스쿠버얼럿 등 15종 구매,해군작전사령부,만능유한회사
71872,행잉화일 등 70품목 구매,제9691부대,협성산업사
71878,"'24년 방현재, 선박용",지상공통전력운영계약팀,오승산업
71885,24년 안전물자세트 구매(재료비),제2군수지원여단,주식회사 구곡건설
71899,"24-H-46 합성기,전기 주파수용",공군군수사령부,반석유통
71905,24-05-167 ABC 소화기 등 3품목 구매,공군교육사령부,삼자
71906,KCTC체계 운영유지용품 구매(2분기),육군과학화전투훈련단,티에프
71908,펜싱부 운동용품(레슨용 마스크 등 10종)구매,국군체육부대,주식회사 하늘미디어
71909,"프로펠러, 선박용 등 4종 구매",해군군수사령부,제이에스컴퍼니
71911,"컵,세라믹제 등 7종 구매",해군군수사령부,다엘시스템
71912,"교정기, 전압용 등 8종 구매",해군군수사령부,스피드
71921,개스킷 등 33품목(082),해군제1수리창,동원상사
71922,개스킷 등 33품목(082),해군제1수리창,동원상사
71928,생물학무기용 진단키트 구매,국군화생방방호사령부,마니
71929,표본수집키트 구매,국군화생방방호사령부,폴트레이드
71931,"(246076-F) 들것, 플라스틱 구매",국군재정관리단,주식회사 제이씨이앤엠
71938,'24년 군견(비작전견) 사료 구매,육군교육사령부,다원건축설비
71940,24-B-탑카울 등 14품목 구매 납품,제9196부대,주식회사 헤이치 인 헤이치(H in H)
71947,"저울(30kg, 150kg) 2종 구매",해군군수사령부,(주)씨앤씨솔루션
71955,알루미늄 파티션 등 16품목(074),해군제1수리창,청아철물설비
71956,"핀,발사용",지상공통전력운영계약팀,(주)경도
71968,'24년 HET 권양기 구매,제2군수지원여단,대광종합상사
71971,24-F-신호발생기 1품목 구매,국군재정관리단,주식회사 크리스탈
71977,모사전송기 등 1항목 구매(통신),육군군수사령부,이모던솔루션
71987,24-28호 상선기 마다카스타르 등 122종 구매,해군작전사령부,주식회사 원에스엠종합관리
71997,24년 축성도구 구매,제5767부대,(주)동건
72000,야구부 훈련용품(야구화)구매,국군체육부대,그린포스주식회사
72007,전기다리미 86EA 구매,해군군수사령부,티나라교육기획
72013,24년 안전물자(10가지 품목)통합구매 계약,제9보병사단사령부,정안기업
72015,24-D-쇼핑카트 등 6종 구매,국군재정관리단,다비드 주식회사
72018,24-N-IR레이저 등 2종 구매,국군재정관리단,(주)선진종합상사
72020,"20비 24-133 기도, 인두용 등 14종",제20전투비행단,골든타임코리아
72026,이지롱 등 154종 구매,제8385부대,주식회사 정진약품
72029,(일장) 다목적굴착기 어댑터 등 10품목 구매,육군종합정비창,진광사
72043,"핀,분할형 등 52항목 구매(궤도-007)",육군군수사령부,이레축산
72049,(24F176-B)해안감시망연동체계 교체(금융리스),국군재정관리단,미래에셋캐피탈(주)
72051,(246234-D)소화기 보관함 구매,국군재정관리단,(주)다남정보통신
72052,(246207-D)일체형 결속기 2종(16밀리/32밀리) 구매,국군재정관리단,주식회사 에이원씨에프
72053,(246194-E) 영현백 구매,국군재정관리단,공손
72057,24-D-워크인쿨러 등 4종 구매,국군재정관리단,주식회사 제일타임씨티피
72067,투척용 바리게이트 구매,해군본부,와이피 주식회사
72082,방재실 낙뢰경보기 교체 설치납품,육군학생군사학교,베이비에스테틱연구소
72083,호스 등 21종 구매,해군군수사령부,바라유통
72085,클리어 화일내지 등 190품목 구매,제9181부대,에스아이컴퍼니
72090,"(긴급)세라믹,울 등 46종",해군군수사령부,미래상사
72092,"비,직립형 등 5종 구매",해군군수사령부,에스알주식회사
72093,호스 등 21종 구매,해군군수사령부,바라유통
72094,"건조제, 활성식 등 3종 구매",해군군수사령부,토탈marine
72100,K77지휘차 호스류 등 16종 구매,육군종합정비창,이든산업
72101,K77지휘차 튜브류 등 8종 구매,육군종합정비창,삼강운수
72120,자재보관함 등 16종(24-065),공군제19전투비행단,서청주일등자이공인중개사사무소
72128,24-D-2-1차 날개접지기 구매(241031-F),국군재정관리단,파인트리 트랜스월드 주식회사
72133,(긴급)수전용 플러그 등 4종,해군군수사령부,세종상사
72140,24년 동력버너 구매,제8기동사단,닉스
72141,원추형 풍속기 등 3항목 구매(물자),육군군수사령부,주식회사 만상
72151,"24-F-현상 유니트,X-선 필름용 구매 (249034-F)",국군재정관리단,나우주식회사
72152,(247124-F) 임플란트3 구매,국군재정관리단,주식회사 매직케어
72157,제침기 등 1071종 구매,제5738부대,기쁨상사
72159,종이컵 13온스 등 1028종 구매,제5738부대,이성우-성도종합중기
72161,활차 도르레 등 21품목 구매,제3283부대,위즈덤
72162,강력단조가위 등 142품목 구매,제3283부대,신영상사
72163,무게조절 육각덤벨 등 7종 구매,제8385부대,청아철물설비
72165,레이저레벨기 등 60종 구매,해군제2수리창,동서종합상사
72170,의장 군기(부대기 등 24종) 구매,육군인사사령부,제이플
72175,24-00교 수문 침투저지망 설치납품,자운대근무지원연대,우근건설 주식회사
72176,인터쿨러 구매,해군제2수리창,올파츠
72177,"슬라이드, 서랍용, 연장식 등 8종 구매",해군제2수리창,창원
72183,유성펜 등 29종 구매,해군교육사령부,대연상사
72185,24-05-151 모기향 등 7품목 구매,공군교육사령부,주식회사 프라임푸드시스템
72187,비상수원 식수 구매 납품,연평부대,우보유통
72190,적색 불꽃 신호 등 3종 구매,해군군수사령부,고려화공 주식회사
72193,"(긴급)조종간,자료입력용 등 3종",해군군수사령부,지그인더스트리
72198,흄 후드 구매,해군군수사령부,주식회사 신영엘에스티
72200,"슬링,원형 등 3종 구매",해군군수사령부,두리 [dulu]
72201,개스킷 등 20종 구매,해군군수사령부,도하테크
72208,24-H-28 다중계기,공군군수사령부,주식회사 가이던트
72209,"24-H-12 산탄총, 12게이지, 조수퇴치용",공군군수사령부,심산물산
72219,후유화성 형광침투제 등 10종 구매,제5738부대,이터널
72220,컷팅 메트 등 83종 구매,제5738부대,참조은
72223,랜테스터기 등 191종 구매,해군교육사령부,한청
72232,24년 부력방탄복,해상공중전력운영계약팀,주식회사 케이씨아이
72248,지문인식기 구매,국방시설본부,봉이컴퍼니
72250,'24-1차 축성도구 구매,육군제7163부대,조이스툴
72251,'24-1차 국가기술자격검정 실습 재료 구매,육군제7163부대,테크벤처스 주식회사
72253,"터프컷쏘날 등 1,013종",해군군수사령부,주식회사 대경코리아
72258,파노라마식 망원경,지상공통전력운영계약팀,(주)우경광학
72259,알루미늄합금판 등 14품목(072),해군제1수리창,우리에이치제이
72266,(247153-D)deflate 2-layer 등 16종 구매,국군재정관리단,영도유통
72267,(246175-D) 신앙상징물 4종 구매,국군재정관리단,프라임테크
72269,24-N-전기파리채 등 183종 구매,국군재정관리단,별하전력
72275,24년 안전물자 세트 구매,제5군단사령부,늘푸른고기마을
72281,물자적재함 등 4종,해군작전사령부,백야테크
72283,"방폭담요, 방탄방패 등 13종",해군작전사령부,신동하이텍
72286,미그 용접와이어 등 11종 구매,제9121부대,일등상사
72287,2차통합구매 (코니아앨범 등 545종 구매),해군사관학교,참조은
72296,K10 탄약운반차량 수리부속 등,지상공통전력운영계약팀,(주)경도
72301,"시일,밀봉형 등 79항목 구매(일장-001)",육군군수사령부,DGI산업
72302,'24년 전장관리체계 운용용품 구매,육군항공사령부,씨디시스템
72306,24년 축성도구 구매,제3보병사단,주식회사 한마음플러스
72307,"와셔,평면형",지상공통전력운영계약팀,환호테크
72315,24-F-전자감응식 헤드셋 2종구매(249059-F),국군재정관리단,더호두
72324,태극기도르래 등 3항목 구매(물자),육군군수사령부,동은이엔지
72335,시약탱크(24-065),공군제15특수임무비행단,태건
72336,커터칼 등 75종,해군작전사령부,루이네
72337,SSU교관모 등 5종 구매,해군작전사령부,주식회사 세양
72343,전자식 혈압계 등 3품목 구매,제9181부대,(주)제이인터내셔날
72345,개스킷 등 15종 구매,해군군수사령부,오늘상사
72346,혈구계산기(자동식) 1대 구매 설치,해군교육사령부,가람몰
72355,조끼 및 두건 46EA 구매,해군군수사령부,해오름유통
72356,수분검사기 구매,해군군수사령부,디에이치시스템 주식회사
72357,오-링 등 12종 구매,해군군수사령부,티케이(T.K)테크
72359,건조오븐 구매,해군군수사령부,조이스툴
72362,개스킷 등 15종 구매,해군군수사령부,오늘상사
72364,"안면보호구,공장직공용 등 8종 구매",해군군수사령부,주식회사 성우
72365,"연결봉,피스톤용 등 21종 구매",해군군수사령부,일용상사
72380,임플란트2 8종 구매,국군의무사령부,제이웰
72392,스펀지 등 6종 구매,해군제3함대사령부,(유)한일상사
72393,폴리우레탄 신나 구매,제3170부대,희망테크
72396,K-File 등 46종 구매,제5738부대,이에스솔루션
72399,여과백 등 16종,해군군수사령부,피앤에스
72405,24-04-140 스텐이중면기 1품목,공군교육사령부,주니어비
72410,(화공) 크실렌 1종구매,육군종합정비창,하나케미칼
72424,안전물자세트 구매(X036),제21보병사단,세진네트웍스(주)
72429,팔굽혀펴기대 등 4종 구매,해군교육사령부,대광산업
72431,[24-B15] A부대 방열기 구매,제6보병사단,씨티원 강원지점
72433,경종 등 205품목 구매,제9691부대,솔바이크
72440,24-수사상황유지 고정형 대형상황판 구매설치,공군본부,주식회사대명이엔지
72447,24-F-무산동 안저사진기 등 2종 구매,국군재정관리단,이브닝
72453,지폐교환기 1대 구매 설치,제8385부대,다알시스 주식회사
72455,인덕션(전기레인지) 구매설치,제9911부대,주식회사 브라이트텍
72456,펜치 등 153종 구매,해군교육사령부,진성
72464,"체인,체인호이스트용 등 10종 구매",해군군수사령부,다옴
72470,멀티메타 3EA 구매,해군군수사령부,주식회사 엠아이엘아이엔씨
72473,이어폰 엘리먼트 등 2품목 구매,해군군수사령부,주식회사 능인솔루션
72482,"24-090, 091, 117 프론트 스테빌라이저 등 187품목",공군사관학교,제이앤제이
72483,(군수-012) 순번표시기 구매 설치,국방부계룡대근무지원단,케이엠글로벌
72484,24년 2분기 자산취득품목 구매,육군종합군수학교,주식회사 갑천만수
72487,24년 1수송연대 자산취득품목 구매,육군종합군수학교,대광종합상사
72494,에코소닉 투명 초음파겔 등 67종,제5738부대,(주)테스온
72497,자물쇠 등 36종 구매,제5738부대,드림으뜸상사
72505,'24년 수입포,지상공통전력운영계약팀,(주)동인산업
72506,20비 24-106 솔더링 기술 실습 키트 1종 150점,제20전투비행단,와이에스컴퍼니
72509,섀클 등 14종(059/061/062),해군제1수리창,소망유통
72518,24-공군 해상도 검증 표적 구조물 제작 설치,공군본부,(주)우리디자인
72520,플렌지류,지상공통전력운영계약팀,평화정밀
72525,'24년 석면보호구 구매 계약(24-GP-19),제2307부대,추가령기획
72526,샤워타올 등 3품목 구매,제3170부대,미정컴퍼니
72529,CD 라벨 등 362종 구매,해군 기동함대사령부,영신상사
72531,24-24호 탬퍼링 블랙 커터 등 470종 구매,해군작전사령부,세계로유통
72532,24-진-주도로 전광판 설치 납품,제7001부대,주식회사 조인테크
72537,24-24호 탬퍼링 블랙 커터 등 470종 구매,해군작전사령부,세계로유통
72539,추동점퍼 등 5종 구매,자운대근무지원연대,영영그룹
72564,"링, 피스톤용 등 43품목(066)",해군제1수리창,대광종합상사
72567,"피스톤,내연기관용 등 21품목(058)",해군제1수리창,디에이치유통
72575,XN-CHECK 등 3종 구매,제5738부대,준아트
72581,abbott HIV 등 31종,제5738부대,우주네
72583,농도계 및 화구 등 17품목 구매,제9181부대,천하장사삼남매
72587,안면부 여과식 방진마스크 등 121종,해군제1수리창,알파동해점
72601,요석제거제 등 155종 구매,자운대근무지원연대,성환
72603,24-A19)폭염대비 물자 구매,제7297부대,현창기획
72604,혈압측정 트레이너 마네킹 등 10품목,국군의무학교,(주)동성메디칼
72606,탄약고 비상벨 구매 설치,연평부대,차이나yo
72609,24-19호 야자매트 등 2종 구매,해군작전사령부,주식회사 코아람
72611,"(긴급)방현재, 선박용 1종",해군군수사령부,엘와이씨글로벌
72612,꼬질대류,지상공통전력운영계약팀,테크노와이시스템주식회사
72615,(246139-F) 음주감지기 등 13종 구매,국군재정관리단,(주) 거승이엔씨
72621,하네스류,지상공통전력운영계약팀,대호정기(주)
72631,인젝터 등 4종 구매,해군제2수리창,하나솔텍
72635,시일키트 등 15종 구매,해군군수사령부,엘제이
72636,개스킷류,지상공통전력운영계약팀,부강인더스트리
72641,오링 및 개스킷류,지상공통전력운영계약팀,시앤에스테크
72654,1분기 실습재료비 구매,육군정보통신학교,주식회사 황산
72657,코팅지 등 944종 구매,제9911부대,현스하우스
72662,단팥죽 등 24종 구매,제9911부대,케이푸드
72665,K77지휘차 운송 및 저장용기 구매,육군종합정비창,이지텍
72669,24-F-조류퇴치기 구매,국군재정관리단,투걸(two girls)
72670,(246040-E) 전조기 3.7KW 구매,국군재정관리단,(주)비아이엔씨
72680,입간판 제작 설치,제3283부대,다온
72684,유류이송용 호스 2종 구매,제9911부대,(주)케이티비에스
72685,Mess Holder 등 133종 구매,제5738부대,유니스제이
72689,기압저항기 등 5종 구매,해군제2수리창,휴이
72691,"보호물, 기계식 구동용 등 2종 구매",해군제2수리창,시우
72693,24-22호 방향제 디스펜서 등 583종 구매,해군작전사령부,태산
72694,X-SmartPlus 등 2종,제5738부대,가람슬기상사
72696,24-B-통합구매(도어클로저 등 213품목),제9196부대,주식회사 유씨앤
72697,간부숙소  디지털도어락 납품/설치,제9227부대,도담헬스케어
72698,"(긴급) 제한기, 유체유동용 등 94종",해군군수사령부,(주)랜스에디팅
72699,요소 등 25종 구매,해군군수사령부,주식회사 에이에스씨
72702,취약점 진단도구 구매,4284부대,주식회사 마에스트로포렌식
72716,24-B-통합구매(업소용국자 등 78품목) 구매,제9196부대,그레이브즈
72717,소켓트 2점 구매,제9121부대,더함
72718,24-B-통합구매(업소용국자 등 78품목) 구매,제9196부대,그레이브즈
72722,전술훈련용수류탄,지상공통전력운영계약팀,한국씨앤오테크(주)
72725,파워랙 등 24품목 구매,제2112부대,주식회사 스포플렉스
72731,(246102-D) 방탄방패 구매,국군재정관리단,에스에이치
72733,(246157-E) 컷팅기(호스용) 구매,국군재정관리단,주식회사 엠제이엠
72735,24-F-소형표적기 완제품 구매,국군재정관리단,라온
72743,WD 윤활 방청제 등 180품목 구매,제9196부대,수호유통
72744,24-36 CO2소화기 등 2종 구매,공군제1전투비행단,더엠케이
72753,24-B-통합구매(유성매직 등 114품목) 구매,제9196부대,대성리테일
72756,(자재) 스테인리스파우더 등 3종 구매,육군종합정비창,주식회사 에이디엠테크
72757,TOD용 DVR 구매,제2군단,"춘천사랑종합유통,필립스A/S"
72761,(246184-C) 5인승 전동승용카트 구매,국군재정관리단,한림 주식회사
72768,"24-B-통합구매(톤백,마대)구매",제9196부대,광성
72770,24-21호 자석리포트화일 등 433종 구매,해군작전사령부,아프로플러스
72771,24-04-118 자외선 살균 램프 등 73품목 구매,공군교육사령부,주식회사 국제주방
72775,"(긴급) 작동기, 유압식-공기식, 회전형 등 17종",해군군수사령부,수성
72782,발칸 총구용어댑터 구매,육군종합정비창,주윤테크
72783,통신 집적회로 등 55종 구매,육군종합정비창,지앤와이일렉텍(주)
72789,고무패킹 등 235품목(054/055),해군제1수리창,남부상사
72794,유전자 감정재료 구매 1차,국방부조사본부,(주)에이치엔에스바이오
72795,유전자 감정재료 구매 1차,국방부조사본부,(주)에이치엔에스바이오
72797,(246174-C) 전력계 구매,국군재정관리단,와이에스
72798,24-N-기포성시험기 구매,국군재정관리단,에제르유통
72799,24-N-고성능 확대경 구매,국군재정관리단,루나테크
72800,24-N-작업높이 가변형 작업대 구매,국군재정관리단,경기상사
72803,유전자 감정재료 구매 1차,국방부조사본부,(주)에이치엔에스바이오
72819,마이텍스 등 148종 구매,자운대근무지원연대,우주유통
72824,간이호흡기 구매,제3170부대,주식회사만나다마음연구소
72825,24년 실내사격장 방탄보호판 설치납품,육군 제37보병사단,미옥
72828,24-B-통합구매(중량기둥 등 24품목),제9196부대,오유코리아(OUKOREA)
72832,스티키매트 300시트 등 430종 구매,제7001부대,천지유통
72837,"디스플레이 유닛,다기능용 등 2품목 구매",해군군수사령부,팔복5112
72838,"(긴급) 등, 선박항해용 등 7종",해군군수사령부,토탈marine
72843,고무판 등 7품목 구매,해군군수사령부,서아기업
72846,[항자단] 검시험기,공군군수사령부,아로유통
72847,(정수) 분말활성탄 구매,육군종합정비창,에그트리
72851,(자재) 고무링 구매,육군종합정비창,선우상사
72853,25파운드 연습탄,지상공통전력운영계약팀,주식회사 경일지엠씨
72856,보호견출지 등 520종 구매,국방부계룡대근무지원단,주식회사 관이네
72857,(246165-B)24년 정비피복(정비화) 구매,국군재정관리단,앤-티엠（N-TM)
72862,24-N-습식선체청락기 구매,국군재정관리단,씨티원 경기지점
72876,LTO-7 TYPE 등 81종 구매,해군교육사령부,백야테크
72883,(긴급)봉합제 세트 등 86종,해군군수사령부,금강인터내셔날
72888,접속함 등 4품목 구매,해군군수사령부,민영상사
72890,유류흡착롤 등 3종 구매,공군군수사령부,주식회사 대림산업기술
72899,24-F-축도기용 조각기 구매,국군재정관리단,에제르 컴퍼니
72900,24-N-회로기판검사기 B형 구매,국군재정관리단,하나유통
72901,24-N-회로기판검사기 A형 구매,국군재정관리단,대산코리아 주식회사
72902,24-N-수직밀링기 구매,국군재정관리단,케어원
72907,"보호물, 기계식 구동용 등 35종 구매",해군제2수리창,씨에스 경기
72913,"보관함 등 31종(24-026, 24-029, 24-053)",공군제19전투비행단,성공물산
72916,24-1차 축성도구 구매 계약,제7보병사단,우드피아이에스티
72917,"24년 플런저,신속분리식",지상공통전력운영계약팀,가온테크
72924,24년 전반기 조리초급리더과정 실습재료 구매,육군종합군수학교,다해푸드
72925,잭박스,지상공통전력운영계약팀,(주)경원R&D
72935,24-D-사이드슬립 테스타기 등 8종 구매,국군재정관리단,케이에스이엔지주식회사
72948,24-12호 트리암시놀론주 40mg 등 16종 구매,해군작전사령부,(주)석호약품
72949,20비 24-81 절단석 등 85종,제20전투비행단,백제기업
72954,24-덕-체 자주식 그린 모어 등 2품목 구매,제9691부대,제이엘
72957,"판, 안내용 1,000EA 구매",해군군수사령부,수에스지
72982,(물-027) 안전물자 세트(재료비) 구매,제1862부대,주식회사 누리넷
72983,(물-025)GOP대대 비상발전 구성 자재구매,제1862부대,주식회사 일성
72984,(물-026) 안전물자 세트(자산취득비) 구매,제1862부대,주식회사 누리넷
72989,"시일,밀봉형 등 20종 구매",해군군수사령부,(주)수디자인
72992,오더피커 1set 구매,해군군수사령부,주식회사 수성이브이
72994,24년 대대급 안전물자 세트 구매,제7보병사단,제일홈케어
72996,24년 155밀리 적재훈련탄,지상공통전력운영계약팀,삼호정밀
72999,(자재) ABS-M30 등 5종 구매,육군종합정비창,일우디지컴(주)
73005,간부용 릴홀더형 목걸이 등 2종 제작구매,국방부계룡대근무지원단,현대종합상사
73011,24-F-제초기 구매,국군재정관리단,준아트
73019,"24-F-기압계, 아네로이드식 구매",국군재정관리단,나연
73030,하네스류,지상공통전력운영계약팀,대호정기(주)
73032,"살충제, 조류퇴치용 1종(24-073)",공군제19전투비행단,유한회사 정현
73044,대잠립 충격흡수형 폼 분리형 튜브 3SET 구매,해군군수사령부,이도랜드
73048,24년 소화기 보관함 구매,육군 탄약지원사령부,환희 컴
73055,"샤프트 등 48품목(047,049,050)",해군제1수리창,듀이
73065,00부대 방열기 구매(Z019),제21보병사단,한영엔터프라이즈
73068,종이컵 등 124종 구매,제5738부대,영림종합문구상사
73069,심폐소생술 연습대 2EA 구매,제7001부대,주식회사베스트씨피알
73073,안전헬멧 등 41품목 구매,제9181부대,유진시스템
73074,[24-091] 조류기피제 1종,공군제5공중기동비행단,일송정
73075,"추출기,탄약용",지상공통전력운영계약팀,시앤에스테크
73078,(246009-G) 24년 OO사 대형전시체계 교체(리스물건),국군재정관리단,주식회사 컴버스테크
73079,24-N-통로개척용 물자세트 등 4종 구매(248045-F),국군재정관리단,비트
73094,(정수) 액상황산알루미늄 등 8품목 구매,육군종합정비창,삼일이화학상사
73097,(정수) 액상가성소다 등 2품목 구매,육군종합정비창,휴먼텍
73099,유수분리기,지상공통전력운영계약팀,거림엔지니어링(주)
73113,검정포제 등 13종 구매,해군군수사령부,예광
73114,"도가니, 용광로용 등 9종 구매",해군제2수리창,다온상사
73117,베터리 등 2품목 구매,해군군수사령부,제일테크
73123,24-03-084 태양망원경 등 4품목 구매,공군교육사령부,동화나라
73125,수입솔류,지상공통전력운영계약팀,테크노와이시스템주식회사
73136,24-F-장례용품 구매,국군재정관리단,성진에스앤에프 주식회사
73147,꼬리표 1품목 구매(물자),육군군수사령부,주식회사 공감과공유의제작소
73153,(긴급) 구리양극봉 등 9종,해군군수사령부,에그코리아
73154,"(긴급) 와셔, 잠금식 등 57종",해군군수사령부,좋은자원
73156,은 브러쉬 등 7종 구매,해군군수사령부,주식회사 월성
73161,통신 캐패시터(012768070) 구매,육군종합정비창,윌프리
73167,(자재) 마봉 특수강 등 18종 구매,육군종합정비창,(주)종로인더스트리
73170,통신 축전기(013696376) 구매,육군종합정비창,캐시드림
73173,24년 ATCIS운영용품 구매,제8기동사단,검프코리아
73176,"벨브, 솔레노이드용 등 3품목(053)",해군제1수리창,천곡철물상사
73183,24-N-용수철제작기 B형 구매(248072-F),국군재정관리단,주식회사 유니메인
73184,(247094-F) 전장관리체계 운용품 구매,국군재정관리단,태건
73195,"24-H-16 시험기, 인화점용",공군군수사령부,대광그래픽스
73196,중량봉 등 13종 구매,제8385부대,유북서점
73203,메프로닐 수화제 등 16종(24-032),공군제19전투비행단,포시즌
73204,24-13호 HDMI 분배기 등 167종 구매,해군작전사령부,나노정보통신
73206,아마종목 운동용품(수영복 등 22종) 구매,국군체육부대,주식회사 화민
73207,근대5종 운동용품(수영복 등 6종) 구매,국군체육부대,주식회사 이음
73208,복싱부 운동용품(시합복 등 9종)구매,국군체육부대,명지사
73227,청력보호헤드셋 구매,공군군수사령부,와이에스컴퍼니
73230,"24-A-32 시험기, 조정용",공군군수사령부,헤럴드
73231,24-H-06 폭파기,공군군수사령부,에스에이치 컴퍼니
73250,Coalescer Element 등 4종,제5738부대,케이위너스 주식회사
73253,디지털 도어락 등 145종 구매,제7001부대,애플민트
73264,"24-F-전동카트, 다목적용 구매",국군재정관리단,다감
73266,24-F-군견사료 2품목 구매,국군재정관리단,주식회사 금석건설
73273,방제약품 스미치온 등 14종 구매,제7001부대,주식회사 한성종합관리
73275,공마대 등 41품목 구매,제3283부대,대박상사
73278,배구부 훈련용품(유니폼 등 2종)구매,국군체육부대,성우약국
73279,야구부 훈련용품(로진 등 3종)구매,국군체육부대,주식회사 이음
73281,24-방공관제사-11(헤드셋 2종),공군방공관제사령부,주식회사 예스코(yesco)
73282,24-02-063 항온항습기 1품목 구매,공군교육사령부,스리컴퍼니
73290,(긴급)프리휠터 메디어 1종),해군군수사령부,세종상사
73298,안전물자세트 구매,육군 제1군단,인스미디어
73302,인화지 등 98품목 구매,제9181부대,프라임테크
73305,"패킹,성형식 등 16종 구매",해군군수사령부,에스와이테크
73311,"(긴급) 작동기, 유압식-공기식, 회전형 등 3종",해군군수사령부,카앤피플 창원진해구 믿음점
73314,실리카 섬유포직 등 4품목 / 구매,해군군수사령부,이동유통
73317,디스플레이 유닛 등 9EA 구매,해군군수사령부,수종합상사
73323,24-073 패러글라이더(초급기) 6대,공군사관학교,씨에스시스템
73337,'24-1차 안전보호물자 세트 구매(24-GP-10),제2307부대,주식회사삼광전기
73338,"벨트, V형 등 4종 구매",제9121부대,일용상사
73339,브러시 등 14종 구매,제9121부대,세현종합상사
73351,발칸 신속분리식 핀 등 22종 구매,육군종합정비창,다연테크
73358,산불진화 개인보호물자 구매,육군항공사령부,은앤수 주식회사
73360,24년 2분기 조리병 실습재료 구매,육군종합군수학교,선진유통
73364,(246029-F) 나프탈렌 구매,국군재정관리단,단풍리테일
73365,무릎보호대 등 3항목 구매(물자),육군군수사령부,정일컴퍼니
73367,나혼자만 레벨업 등 119종,제5738부대,그린서점·문구
73375,네트워크통제실 전시체계 교체(특-24-물-8),특수전사령부,(주)천하정보기술
73380,24년 정비피복(하계정비용티셔츠 등 5종) 구매-수정,육군종합군수학교,에이티
73382,24-N-청력보호헤드셋 구매,국군재정관리단,제이엔비
73391,립 실 등 12종 구매,해군제2수리창,대지종합상사
73392,"접촉기, 자석식 등 5종 구매",해군제2수리창,창진종합상사
73393,"땜납제거기, 전기식 등 3종 구매",해군제2수리창,하나솔텍
73402,(24육군-해파20)한빛부대 24-1차 2종물자 구매,종합보급창,태양
73404,2024년 국제표준 및 규격(DoD 등 4개) 구독,방위사업청(운영지원과),주식회사 코이스
73406,통신 트랜지스터 등 3종 구매,육군종합정비창,모아컴
73408,호스류,지상공통전력운영계약팀,원일종합상사
73413,24-F-5갱모어 등 6종 구매(249054-F),국군재정관리단,보라통상 주식회사
73423,(24육군-해파13)한빛부대 앰프 등 14품목 구매,종합보급창,푸름
73426,(24육군-해파22)한빛부대 이앙기 등 3품목 구매,종합보급창,디에쓰산업
73428,(24육군-해파17)한빛부대 요소수 등 8품목 구매,종합보급창,주식회사 휴콤
73431,00부대 전장관리체계 구매 납품,육군 52보병사단,플러스전자 주식회사
73434,24년 동력버너 구매,제15보병사단,영진
73435,'24년 안전물자세트 구매,수도기계화보병사단,유정인베스트
73438,24-2차(추가) 학습프로그램(Google) 구매,육군사관학교,주식회사 지에스티
73441,"24-F-리프트, 자동차용(4주식)구매",국군재정관리단,그레이브즈
73443,화물결박용 밴드 1항목 구매(물자),육군군수사령부,마켓에서 (from MARKET)
73445,24-15호 전기레인지 등 4종 구매,해군작전사령부,제이앤제이 이엔지
73446,재난안전 물자(방재함등 13품목)구매,제9227부대,클린큐브환경
73447,24-03-074 플럭스 등 14품목 구매,공군교육사령부,진해를 사랑하는 행님들
73448,에트리디아졸 유제 등 17종(24-019),공군제15특수임무비행단,경원JS
73451,투명홀더 등 137종 구매,해군 기동함대사령부,알덱스이엔지
73454,24년 1분기 정보통신운영지원 용품 구매,육군 제1군단,솔바이크
73458,오-링 등 30종 구매,해군군수사령부,조강테크
73459,전화교환대군 등 2종 구매,해군군수사령부,동진상사
73464,보호복 등 58종,해군군수사령부,주식회사 더원시스템
73470,K77지휘차 표시기 등 2품목 구매,육군종합정비창,디에스테크
73474,동력버너 구매(5861부대 등 4개 부대),제22보병사단,한영엔터프라이즈
73479,"24-F-시험세트,응답기 세트용 구매",국군재정관리단,주식회사 알앤엠텍
73482,24-N-트랙터형 제초기 구매,국군재정관리단,대호컴퍼니
73496,자동에어호스릴 등 87종,제5738부대,죽도상사
73498,제로이드 인텐시브 로션 등 67종,제5738부대,주식회사 주원팜
73501,24년 안전물자세트 구매,제3697부대,히바네상점
73504,24-1차 안전물자 구매,육군 탄약지원사령부,경방이앤씨
73506,체스터(바지장화) 등 31품목 구매,제9해병여단,투와이솔루션
73509,24년 비파괴검사 재료 구매,육군 탄약지원사령부,이현
73510,무선바코드리더기 구매,해군사관학교,경북상사
73511,DVD(교섭 등 70종) 구매,해군사관학교,경북상사
73515,"호이스트,체인식 등 13종",해군군수사령부,정빈테크
73518,Eyescan Blue Lightbar 등 2종,제5738부대,동진상사
73519,초콜릿(초콜릿 가공품류) 구매,해군군수사령부,주식회사 푸드앤하우스
73522,초콜릿(초콜릿 가공품류) 구매,해군군수사령부,주식회사 푸드앤하우스
73532,"(긴급) 등, 선박항해용 등 4종",해군군수사령부,주식회사 경동기공
73536,디스플레이 유닛 등 2종 구매,해군군수사령부,여경
73537,디스플레이 유닛 27EA 구매,해군군수사령부,일용상사
73542,24년 수입봉류,지상공통전력운영계약팀,대현테크
73545,"핸디줄자 등 1,120종",해군군수사령부,포에스
73547,"(긴급)힌지, 버트형 등 41종",해군군수사령부,제일테크
73548,"(긴급)휠, 연마용 등 22종",해군군수사령부,제일테크
73557,발칸 케이스 구매,육군종합정비창,코비상사
73559,발칸 심봉세트 구매,육군종합정비창,환호테크
73566,24-N-IC검사기 구매(248064-F),국군재정관리단,큐텍코리아
73571,24-M-화상회의체계 교체(리스물건),국군재정관리단,주식회사 우광
73581,안전밴드 등 136품목 구매,제3283부대,영신상사
73584,퓨얼 쿡 어세이 등 11종 구매,해군제3함대사령부,주식회사 케이디제이
73586,직결식마스크 등 303종,해군군수사령부,패뷸러스
73587,천장재 흡읍 텍스 등 138종 구매,해군제3함대사령부,복음출판사
73590,'24년 안전물자 세트 구매,육군 제1군단,정안기업
73592,'24년 군단 직할 축성도구 구매(24-GP-7),제2307부대,주식회사제이케이컴퍼니
73593,"피스톤, 압축이용 등 5종 구매",해군제3함대사령부,나르샤
73595,"접합제, 철 및 강철용 등 2종 구매",해군제3함대사령부,삼호자원
73596,윤활방청제 등 28종 구매,해군제3함대사령부,주식회사 제이에스엠
73597,컷팅 방안자 등 316종 구매,해군제3함대사령부,신정유통
73598,반투명 쫄대화일 등 284종 구매,해군제3함대사령부,엠에스유통
73621,그로밋 등 4품목 구매,해군군수사령부,조이스툴
73623,독서대 등 255종 구매,해군군수사령부,제이앤제이
73624,'24년 군견(작전견) 사료 구매,육군교육사령부,원파워 주식회사
73627,고도경보기 구매,공군군수사령부,명진전기통신(주)
73629,인명구조화 구매,공군군수사령부,스카이코리아
73631,[60전대] 2.5인치 노즐 등 95종 구매,공군군수사령부,중앙기업
73634,24-N-해상방책선 연결체인 구매,국군재정관리단,행복한 세상
73635,24-N-해상방책선 연결체인 구매,국군재정관리단,행복한 세상
73647,직관형 형광램프 등 507종 구매,국방부계룡대근무지원단,주식회사 에스제이상사
73651,거꾸로 3단 자동우산 등 3종 구매,해군본부,정진글로벌
73656,(246035-D)레이저 가공기 등 4종 구매,국군재정관리단,에스텍아이앤씨 주식회사
73664,산불진화복 외투 등 2종 구매,제7001부대,주식회사 더엔진
73671,24년 안전물자세트 구매,제25보병사단,양주전기공사
73676,패킹 등 15종 구매,제9121부대,하하유통
73680,직결식 마스크 등 8종 구매,제9121부대,토브
73681,24년 안전관리 물자 세트 구매,제2632부대,천지상사
73683,24년 재난 및 안전관리 예산(방진마스크 등 3종 구매),제2632부대,미성FEP
73684,네오박스 등 54종,제5738부대,길테크
73687,24-028 다이얼게이지 검사기 등 1종,공군제5공중기동비행단,주식회사 프리젠
73697,(246090-B) 목발 석고용 신발 등 2품목 구매,국군재정관리단,넥스트솔루션
73698,(246093-E) 32밀리 대철 구매,국군재정관리단,현테크
73699,"24-F-리프트, 자동차용 구매",국군재정관리단,주식회사 예안전력
73706,발굴물자 구매납품,국방부유해발굴감식단,주식회사 엘리야가먼저와서
73707,소관/수습물자 구매,국방부유해발굴감식단,주방라인
73710,[60전대] 크랭크축 등 60종,공군군수사령부,주식회사 와겐
73714,목문도어록 등 26종 구매,제9121부대,서플라이 플러스
73716,24년 전반기 전장관리체계 운용용품 구매,제2작전사령부,근영유통
73720,20비 24-61 중량랙 등 20종,제20전투비행단,드림으뜸상사
73722,20비 24-41 에트리아졸 유제 등 14종,제20전투비행단,농마트
73723,[24-0021] 네오박스 구매,공군제17전투비행단,주식회사 랩터스
73724,우편용라벨 등 401종 구매,해군 기동함대사령부,국제물류
73728,24-02-056 와전류검사기 1품목 구매,공군교육사령부,광명테크
73730,타월렛트 구매,공군군수사령부,지앤와이일렉텍(주)
73742,(특무) 오리콘 와셔 등 38품목 구매,육군종합정비창,제이테크
73744,총포 십자선 등 2종 구매,육군종합정비창,(주)우경광학
73746,줄날 등 3항목 구매(물자),육군군수사령부,주식회사솔라
73747,24년 정비피복 구매,제15보병사단,부원상사
73748,24년 사격훈련장 전면 방호판 구매,제15보병사단,둥글이파파
73750,대민지원용 개인보호물자 구매 계약,제15보병사단,주식회사 우성전력
73752,24-N-바닥청소차 구매,국군재정관리단,주식회사 신영
73754,24-N-비자성 드라이슈트 등 4종 구매(248052-F),국군재정관리단,주식회사보승글로벌
73757,24-N-야전앰프 구매,국군재정관리단,아로마포레스트 송파점
73760,감정재료 구매 24-1차,국방부조사본부,남산컴퍼니
73765,24-14호 캡 등 125종 구매,해군작전사령부,에스알케이플랫폼
73768,원형테이블 등 5종 구매,제7001부대,진성
73772,요소수 구매,제9181부대,글리터캐슬
73776,힌지 등 10품목 / 구매,해군군수사령부,에스클래스
73778,알루미늄 리벳트 건 4.8밀리 등 3품목 구매,해군군수사령부,온나라물자조달 주식회사
73784,24-02-052 아연각관 등 14품목 구매,공군교육사령부,무한상사
73786,(자재) 스펀지 흰색 등 49종 구매,육군종합정비창,지앤와이일렉텍(주)
73799,'24년 안전물자 세트 구매,제51보병사단,섬오브셋
73800,24-02-049 전자내시경 1품목 구매,공군교육사령부,365공유경제사회적협동조합
73802,"24-032 분류기, 계기식, 다중범위용 등 1종",공군제5공중기동비행단,엘비벤처스
73806,톤백 구매,해군군수사령부,가람
73810,수성펜 리필 등 1408종 구매,제9121부대,다온
73816,"게이지, 전해질 수위용 등 20종 구매",해군제3함대사령부,주식회사미소환경
73823,"'24년 예비군 육성,지원 전술조끼 구매(24-MP-1)",제2307부대,주식회사 나루지엠에스
73830,(군수-007) 야외용 테이블 등 2종 구매,국방부계룡대근무지원단,오성기획
73831,방충복 등 2종 구매,국방부계룡대근무지원단,오성기획
73834,24 - 1차 축성도구 구매(X007),제21보병사단,최강린율
73839,베이스트럼본 등 3종 구매,해군교육사령부,라온상사
73843,지시봉 등 221종 구매,제9121부대,주식회사도영디와이
73847,지퍼형 넥타이 등 3품목 구매,제3170부대,대명종합상사
73852,(긴급)주강 등 13종,해군군수사령부,주식회사 비에스씨
73864,24-N-아군식별용 헬멧 라이트 구매,국군재정관리단,용덕군단
73874,24년 판문점 작전화 구매,제1보병사단,주식회사 순수팩토리
73875,현관발판 등 35종 구매,제9911부대,창조물산
73876,전자호각 구매,제9181부대,해리솔루션
73877,승용식그린모어 구매,제9911부대,리모아
73881,(자재) 마봉강 등 21종 구매,육군종합정비창,주식회사 우경엔텍
73884,24년 1분기 자산취득품목 구매,육군종합군수학교,와이에스
73885,24년 안전물자세트 구매,제2군단,송아
73887,(246077-C) 자동납땜제거기 구매,국군재정관리단,상우기업주식회사
73888,(246037-F) 와이어컷방전가공기 구매,국군재정관리단,두산하이테크
73900,쥐끈끈이 등 3품목 구매,제3170부대,종합 에너지
73902,Abbott HBs Ag Device 등 63종,제5738부대,제이에스산업
73906,"전동기, 교류용 등 19종 구매",해군군수사령부,토탈marine
73911,'24년 부대조달후식(에너지음료) 구매,5군수지원사령부,주식회사 큐엔씨유통
73917,‘24년 2분기 영내자증식 (에너지바 등 22종) 구매,제3군수지원여단,농업회사법인본돈주식회사
73928,(화공) 순간접착제등 21종 구매,육군종합정비창,주식회사 창원상사
73929,K10탄운차 축전기 구매,육군종합정비창,주식회사 앤드영
73938,(246066-D) 튜브밴딩기 CNC 구매,국군재정관리단,주식회사 하이패스텔
73946,(246015-D) 표정지 2종 구매,국군재정관리단,우리 코퍼레이션
73947,감지센샤 등 14종 구매,해군군수사령부,주식회사 유니메인
73948,"가이드,위치결정용등 20종 / 구매",해군군수사령부,영화상사
73951,"변환기,신호용 등 25품목(025/027/031/032)",해군제1수리창,대광종합상사
73953,24년 개선식 구매 납품(백령도),제9196부대,풀무원식품 주식회사
73957,ABL9 카트리지 등 5종,제5738부대,제이비글로벌주식회사
73958,오피덱스액 1L 등 96종,제5738부대,제이메디케어
73959,DAY SET 등 2종,제5738부대,조이유통
73960,피스톤 로드 등 2종 구매,제9121부대,주식회사팔공물산
73962,원형좌판(식당) 등 13종,해군군수사령부,서정솔루션
73965,칫솔 등 2품목 구매,제3170부대,주식회사 신한기업
73967,전자도어락 구매,국군제1068부대,(주)채널정보기술
73970,AL PLATE 등 12종 구매,제9121부대,주광유통
73972,KCTC체계 운영유지용품 구매,육군과학화전투훈련단,주식회사 건영
73976,"(긴급)핀,토글용,유두형 등 38종",해군군수사령부,농업회사법인본돈주식회사
73979,(긴급) 개스킷 등 44종,해군군수사령부,다올페이퍼
73983,고무 등 15종 구매,해군군수사령부,더와이지
73984,클램프 등 11품목 구매,해군군수사령부,세명종합공구
73991,'24년 부대조달후식(에너지바) 구매,5군수지원사령부,(주)신대한관리
74015,24-M-고공낙하산(행사용)구매(248008-F),국군재정관리단,한길씨앤씨 주식회사
74020,(화공) 접착제 등 16종구매,육군종합정비창,지앤와이일렉텍(주)
74021,(화공) 붕산 등 10종구매,육군종합정비창,주식회사 에이에스씨
74022,(자재) 호스피팅 등 2종 구매,육군종합정비창,한빛Rubber
74023,(자재) 헬리코일 등 24종 구매,육군종합정비창,에스케이(SK)산업
74025,(일장) 교량가설단정 호스류 9품목 구매,육군종합정비창,원일종합상사
74026,"(화공) 화합물,닦기용 등 11종구매",육군종합정비창,주식회사 에이에스씨
74028,(화공) 크실렌55가론 1종구매,육군종합정비창,주식회사 에이에스씨
74029,(화공) 알카리착색제 등 5종구매,육군종합정비창,주식회사 에이에스씨
74030,(화공) 씨록스 등 9종구매,육군종합정비창,마창케미칼 주식회사
74031,(화공) 쓰리본드 등 14종구매,육군종합정비창,디앤에이(DNA)
74038,OMR 카드계수기 등 196종 구매,해군교육사령부,케이컴퍼니
74039,24-6호 심전도계 사단용 구매,해군작전사령부,주식회사 부영상사
74040,H-BEAM 등 18종 구매,제9121부대,대호상사
74041,24년 안전물자세트,동원전력사령부,오희소식
74044,멀티 스카프 등 16종 구매,해군제2수리창,와와산업
74051,(화공) 세라몰 등 14종구매,육군종합정비창,그린존
74054,(화공) 세정용세척제 1종구매,육군종합정비창,선우상사
74063,(246065-C) 포밍기 구매,국군재정관리단,에이치에스물산
74078,충전 임팩트 라쳇 등 311종 구매,제2002부대,로얄브릿지
74080,귀마개 등  69종 구매,제7001부대,승현물산
74086,"램프, 발광용 다이오드용 3종 구매",해군군수사령부,와이에스물산 주식회사
74087,"온도계, 자체포시실 등 3종 구매",해군군수사령부,에이스상사
74102,안면보호기 등 3항목 구매(물자),육군군수사령부,비에이엠티
74106,24-N- 친환경 소화기 등 3품목 구매,국군재정관리단,주식회사 휴먼시스템
74114,기화기GX-35 등 27종 구매,해군군수사령부,주식회사 이수케이
74117,24-1차 전장관리체계운영용품 구매,제5군단사령부,모두라운드
74118,크리스탈 수세미 등 863종 구매,해군교육사령부,주식회사청천뉴테크
74123,전문가용 재단가위 등 25종 구매,해군군수사령부,대한냉동
74124,"실드, 코일용 등 2종 구매",해군제3함대사령부,피엔지
74127,"다기관, 배기용 등 4종 구매",해군제3함대사령부,투걸(two girls)
74135,냉각제 등 9종 구매,해군군수사령부,토탈marine
74137,안전등 등 8종 구매,해군군수사령부,주식회사 공후
74140,(긴급)재생 아크릴판 3MM 등 14종,해군군수사령부,디디인터내셔널
74160,24-1차 안전물자세트 구매,제1891부대,주식회사 강원토탈기업
74161,막대형 들 것 등 5품목 구매,국군의무학교,주식회사 케이제이
74166,실리카겔 제습제 등 19종 구매,해군교육사령부,유어스 컴퍼니
74168,케이캡 50mg 등 60종 구매,해군교육사령부,(주)석호약품
74170,'24년 안전물자세트 구매,제6128부대,제이엔엠(J&M)
74176,오렌지 등 14종 구매,제8385부대,농업회사법인주식회사대화농산
74178,안테나 등 4품목 구매,해군군수사령부,삼영이엔씨주식회사
74180,(긴급)콘넥트 조인트 등 33종,해군군수사령부,제일테크
74182,오링 등 5종 구매,해군군수사령부,(주) 거승이엔씨
74191,"24-H-20  세척기, 압력식, 용제-물용",공군군수사령부,여경
74197,24-F-로켓용 폭음통 구매(249011-F),국군재정관리단,경기화약 주식회사
74201,24년 산불진화 개인보호물자 세트 구매,제1891부대,난조아
74202,24년 산불진화 개인보호물자 세트 구매,제1891부대,난조아
74223,아모잘탄정 등 126종 구매,해군 기동함대사령부,삼성팜
74228,연료필터 카트리지 등 91품목 구매(수리부속),제9181부대,은빈코퍼레이션
74229,주름관 등 157품목 구매,제9181부대,수호천사
74232,직결식마스크 등 292종 구매,해군군수사령부,보티드코리아
74238,램프 등 22품목(008/001/012/021/023),해군제1수리창,가진테크
74243,24-D-고해상도평판스캐너 구매,국군재정관리단,주식회사 모든통상
74252,앵커체인 등 3종 구매,제9911부대,세븐엠제이
74254,탄약정비안전물품(탄약실셈기등 49품목)구매 납품,제9227부대,하우웰
74262,24-Y-개선식 구매 납품,연평부대,주식회사 대흥푸드
74267,플라스틱판 등 2종 구매,해군군수사령부,주식회사강원
74268,"랜턴,전기식 2종 구매",해군군수사령부,해솔
74269,샤워기 헤드 등 5품목 구매,해군군수사령부,영해산업
74276,24년 워게임망 SW 구매,합동참모본부,주식회사 원아이티엠
74279,캐릭터 열쇠고리 등 2종,해군본부,서연툴
74283,물통(플라스틱) 등 13항목 구매(물자),육군군수사령부,알티하이텍
74286,염소(아비타)등 720품목 구매 납품,제9227부대,미소산업
74295,20비 24-26 상체식 안전벨트 등 71종,제20전투비행단,제이제이물산
74299,디스플레이 유닛 1종 구매,해군군수사령부,포레SC
74300,방향제 등 97종 구매,국방부계룡대근무지원단,트루플렉스
74301,"24-011, 012 낙하산 보관함 등 3종",공군사관학교,선진산업 주식회사
74303,고리자석 등 410종 구매,해군본부,선경종합상사
74308,"시트,나선형 압축용수철용 등 2종 구매",제9121부대,성화종합상사
74309,(육성)소독용 티슈 구매,제3697부대,금성기업
74310,24-7호 낙센에스정 등 114종 구매,해군작전사령부,주식회사 스카이팜
74311,개스킷 등 2종 구매,제9121부대,피앤에스
74312,섬유유연제 등 2품목 구매,제3170부대,행복세상
74320,(긴급) 캠 롤러 등 5종,해군군수사령부,비에스상사
74321,"고정물, 전등용 2종 구매",해군군수사령부,다로컴퍼니
74323,"바이스,수동식 등 13종 구매",해군군수사령부,세종상사
74325,리어카(몸체) 등 3종 구매,해군군수사령부,파이(Phi)
74327,안테나 지시봉 등 431종 구매,해군본부,오피스 유통
74339,'24 폐쇄식 잠수기셋 구매(U),국군재정관리단,네오상사
74341,하키부 운동용품(유니폼 등 6종) 구매,국군체육부대,미성종합체육산업 주식회사
74343,레슬링부 운동용품(경기복 등 4종)구매,국군체육부대,미래컴퍼니
74344,럭비부 운동용품(유니폼)구매,국군체육부대,스포션
74347,여자축구부 훈련용품(테이핑 등 20종) 구매,국군체육부대,진영상사
74348,공마대 등 4종 구매,제8385부대,동해스토어
74353,24-8 쇄석 구매,공군제1전투비행단,유진산업유한회사
74357,A4 등 421품목 구매,제9181부대,(주)이코엠에스
74370,야자매트 구매,제9121부대,대광테크
74371,24년 안전물자세트 구매,제2작전사령부,성경
74372,유성매직 등 232품목 구매,제3283부대,포포
74386,(일장) 다목적굴착기 절연체류 등 25품목 구매,육군종합정비창,DGI산업
74389,(자재) 도장자재 포리빠데 등 11종 구매,육군종합정비창,주식회사 창원상사
74390,(자재) 특수윤활유 윤활그리스 등 16종 구매,육군종합정비창,주식회사 성우
74398,녹화끈 등 15종 구매,제7001부대,지상물산
74402,24-10호 녹제거제 등 416종 구매,해군작전사령부,코다
74404,24-9호 17cm 가위 등 398종 구매,해군작전사령부,아성기업
74405,여자축구부 훈련용품(롱패딩 등  20종)구매,국군체육부대,삼안시스템
74408,패킹 등 20종 구매,해군제3함대사령부,더 까까주까 우승오피스마트
74412,"AIP수소(9,200KG) 납품",제9121부대,신라특수가스
74421,매크 세척건조기 등 3종 구매,자운대근무지원연대,도수파워
74422,아이콘 펜슬 케이스 등 398종 구매,국방부계룡대근무지원단,이젠진상사
74423,DNA시료채취 키트 구매,국방부유해발굴감식단,유한회사 대산디컴
74425,1/4분기 통합구매(저장용기 등 103품목) 납품,제9227부대,호암
74428,"샌딩 스펀지, 연마재 100톤 구매",해군제2수리창,동진상사
74429,연마석 등 18종 구매,해군제2수리창,시논인터네셔널
74430,이지롱 등 109종 구매,제8385부대,효성메디
74433,CARBURETOR UPPER 등 111품목 구매,제3170부대,주식회사 비케이
74436,콤비롤스크린 등 2종 납품 설치,국방부계룡대근무지원단,새한커텐상사
74438,특무 발칸 핀 등 10종구매,육군종합정비창,현대정밀가스켓
74443,티꽂이매트 등 2종 구매,제7001부대,다다
74447,심블 등 5종 구매,제7001부대,아톰시스템즈
74452,펀치 등 142품목 구매,제9181부대,(주)씨엘시스템
74453,열쇠보관함 등 18품목 구매,제9181부대,제이더블유(JW)아키
74461,"'24년 독수리회관 농, 수, 축, 공산 납품 계약",공군작사근무지원단,주식회사 아름상사
74466,실내사격장 피탄지 고무판 구매설치,제9해병여단,더블유원
74467,더스트프리 지우개 등 844종 구매,제8385부대,씨에스 강원
74468,동물퇴치기 구매,제9181부대,주식회사 솔북
74475,스크램블 에그 구매,해군군수사령부,블루홀딩스 주식회사
74477,"등, 아군식별용 45EA",해군본부,오성기획
74478,24-F- 디지털 공기자료 시험세트 구매(249004-F),국군재정관리단,상우기업주식회사
74482,제설브러쉬 구매,제9911부대,이즈컴넷
74483,1/4분기 통합구매(티눈밴드 등 178품목)납품,제9227부대,송은메디칼
74491,특수봉인지 1종 구매,해군군수사령부,가온테크
74494,활성탄 등 5종 구매,해군군수사령부,주식회사 제 일
74504,오피스 겔펜 등 794종,제5738부대,엠제이(MJ)컴퍼니
74516,24-01-005 전자교탁 등 7종 구매,공군제16전투비행단,더긋다
74519,"교정기, 주파수용 등 4종 구매",해군제2수리창,대호유통
74523,남자축구부 훈련용품(골대) 구매,국군체육부대,보나오라
74525,헤드랜턴 등 4품목 구매,제3170부대,대형월드
74534,총포 손잡이 구매,육군종합정비창,(주)경원R&D
74535,(자재) 고무스폰지 등 30종 구매,육군종합정비창,선우상사
74538,플라스틱들것 구매,국군의무사령부,서준 코퍼레이션
74542,"(일장) 교량가설단정 소화기,화재진압용 등 2종 구매",육군종합정비창,청우전기시스템 주식회사
74546,토스트기 등 2품목 구매 납품,제2112부대,주식회사 도토리
74549,메모홀더 등 925종,제5738부대,다드림
74550,아이겔 후드마스크 등 38종,제5738부대,주식회사 한서팜
74552,지속적 피동운동기(CPM),제5738부대,주식회사 칼라투
74556,마사토 등 2종 구매,해군교육사령부,경나라
74558,전기소작기 사단용 1대 구매,해군교육사령부,주식회사 한스메디칼
74559,24년 연간 통합 장서구입(수정),합동군사대학교,미라클소프트
74562,(긴급) 에어 컴프레서 등 2종,해군군수사령부,동해종합상사
74572,"(긴급)레버클램프 등 1,233종",해군군수사령부,무안마켓
74575,갈퀴 등 114품목 구매 납품,제2112부대,지나하우스
74583,일회용 샤워타올 등 14종 구매,제7001부대,주식회사보승글로벌
74598,스위트콘 구매,해군군수사령부,농협김치영업소
74625,24-01-012 구두솔 등 5품목 구매,공군교육사령부,행복한세상
74638,셔터형 자물쇠 구매,제3170부대,무한상사
74642,야구부 훈련용품(언더랩 등 48종)구매,국군체육부대,조이스툴
74643,야구부 훈련용품(유니폼 상의 등 18종) 구매,국군체육부대,우팸
74647,에폭시 코팅키트 등 3품목(002),해군제1수리창,씨에스상사
74648,"24년 1분기(2,3월) 조리병 실습재료 구매",육군종합군수학교,선진유통
74649,"24년 1분기(2,3월) 조리병 실습재료 구매",육군종합군수학교,선진유통
74651,24-N-브리핑 등 8건 통합 금융리스,국군재정관리단,미래에셋캐피탈(주)
74652,COVID-19 AG TEST 구매,해군교육사령부,메이
74661,꿔바로우 구매,해군군수사령부,농협김치영업소
74708,파병부대 반팔티 등 5품목 구매,종합보급창,프로컴퍼니
