공고구분,공고번호,공고차수,판단번호,항목번호,입찰명,요구년도,발주기관코드,발주기관,계약방법,입찰방법,낙찰자결정방법,개찰일시,개찰일자,입찰결과
긴급공고,HDF0064,1,63150,***,23년 음식물쓰레기 처리용역,2022,HDF,공군 제8전투비행단,제한경쟁,총액제,적격심사제,202212301100,20221230,낙찰
긴급공고,LHG0107,1,62567,***,12사단 간부숙소150실 신축 관급자재 - 콘크리트 말뚝,2022,LHG,제1862부대,제한경쟁,총액제,최저가격제,202212301100,20221230,낙찰
긴급공고,LKH0030,1,63490,***,117 예비군훈련대 개편(통합배선),2022,LKH,제6128부대,제한경쟁,총액제,적격심사제,202212301030,20221230,낙찰
정상공고,UMM0754,1,57157,***,23-해병대 전세버스 수송 용역(22H149-H),2022,UMM,국군재정관리단,제한경쟁,총액제,적격심사제,202212301100,20221230,유찰
긴급공고,LBA0181,1,60518,001,'23년 1~3월 식자재 다수품목 단가계약,2022,LBA,제 2167부대,2단계경쟁(동시),단가제,최저가격제,202212291030,20221229,낙찰
긴급공고,LCP0038,1,62477,***,VR 훈련장비 구매,2022,LCP,육군항공사령부,일반경쟁,총액제,적격심사제,202212291100,20221229,유찰
긴급공고,LDF0012,1,62034,***,'19년 사이버대응 훈련센터 보강사업 유지보수 용역,2022,LDF,육군정보통신학교,제한경쟁,총액제,적격심사제,202212291030,20221229,낙찰
긴급공고,LHG0110,1,62622,***,22-41차 부대구매(인플루엔자진단키트),2022,LHG,제1862부대,제한경쟁,총액제,적격심사제,202212291100,20221229,낙찰
정상공고,MDD0161,1,59502,***,2023년 국군수도병원 환자식재료 납품,2022,MDD,국군수도병원,수의계약,총액제,적격심사제,202212291100,20221229,유찰
재공고,SFC0142,2,57878,***,체단장 스킨 등 42품목 구매,2022,SFC,제9691부대,제한경쟁,총액제,적격심사제,202212291100,20221229,낙찰
긴급공고,SFD0114,1,62312,***,23-P-생활폐기물 위탁처리용역,2022,SFD,제9227부대,제한경쟁,총액제,적격심사제,202212291100,20221229,낙찰
정상공고,UMM0753,1,52614,***,"23-공-천궁, 발칸 CBT 교육훈련장비 유지보수",2022,UMM,국군재정관리단,제한경쟁,총액제,적격심사제,202212291100,20221229,낙찰
정상공고,UMM0750,1,54981,***,23-해병-프린터 렌탈 용역(22H141-H),2022,UMM,국군재정관리단,제한경쟁,총액제,적격심사제,202212291100,20221229,낙찰
정상공고,UMM0751,1,56299,***,23-공본지역 임대프린터 임차용역(22J073-H),2022,UMM,국군재정관리단,제한경쟁,총액제,적격심사제,202212291100,20221229,낙찰
긴급공고,UMM0761,1,60918,***,((22F214-A)전자유도카트 위탁관리용역,2022,UMM,국군재정관리단,제한경쟁,총액제,적격심사제,202212291100,20221229,낙찰
정상공고,UMM0752,1,61427,***,23-해병-워게임모델 H/W 유지보수,2022,UMM,국군재정관리단,일반경쟁,총액제,적격심사제,202212291100,20221229,낙찰
재공고,EHF0209,2,2B060,***,헬멧부속재,2022,EHF,미래전력사업전력운영계약팀,일반경쟁,총액제,적격심사제,202212281100,20221228,낙찰
긴급공고,ERA0015,1,3032,***,군위성통신체계-Ⅱ정비지원장비(공구류),2022,ERA,우주지휘통신총괄계약팀,일반경쟁,총액제,적격심사제,202212281030,20221228,낙찰
긴급공고,HCM0109,1,62190,***,3차원 전신스캐너(신형 체형측정장비) 유지보수,2022,HCM,공군교육사령부,수의계약,총액제,적격심사제,202212281300,20221228,순위확정
긴급공고,HCS0031,1,62095,***,"'23년 채소및공산품(장교,토성회관)",2022,HCS,제3훈련비행단,제한경쟁,총액제,적격심사제,202212281100,20221228,낙찰
긴급공고,HCS0032,1,62109,***,"'23년 육류계약(장교,토성회관)",2022,HCS,제3훈련비행단,제한경쟁,총액제,적격심사제,202212281100,20221228,낙찰
긴급공고,HDC0004,1,00050,***,23-용-3 생활폐기물 처리용역,2023,HDC,공군제1전투비행단,수의계약,총액제,적격심사제,202212281030,20221228,유찰
재공고,HDE0007,2,56696,***,공군 호텔 등 2개소 세탁물(시트 등 26종) 처리용역,2022,HDE,공군항공안전단,제한경쟁,총액제,적격심사제,202212281100,20221228,낙찰
재공고,HDE0008,2,56786,***,그린나래호텔 세탁물(시트 등 26종) 처리용역,2022,HDE,공군항공안전단,수의계약,총액제,적격심사제,202212281100,20221228,유찰
긴급공고,HDQ0089,1,61951,***,23-생활폐기물 위탁처리 용역,2022,HDQ,제20전투비행단,제한경쟁,총액제,적격심사제,202212281030,20221228,유찰
긴급공고,HDQ0090,1,61984,***,23-음식물 폐기물 위탁처리 용역,2022,HDQ,제20전투비행단,제한경쟁,총액제,적격심사제,202212281030,20221228,낙찰
정상공고,LIK0133,1,61068,***,'22~25년 식기세척기 임차용역,2022,LIK,제2군수지원여단,제한경쟁,총액제,적격심사제,202212281100,20221228,낙찰
긴급공고,MCS0103,1,62094,***,23-계룡대 병영식당 음식폐기물 처리용역,2022,MCS,국방부계룡대근무지원단,일반경쟁,총액제,적격심사제,202212281030,20221228,낙찰
긴급공고,MCT0078,1,60904,***,"23년도 선수급식(농 수산물,공산품 등 779종)",2022,MCT,국군체육부대,일반경쟁,총액제,적격심사제,202212281030,20221228,낙찰
긴급공고,MDN0004,1,00061,***,23년 전산장비 통합 유지보수 용역,2023,MDN,국군화생방방호사령부,제한경쟁,총액제,적격심사제,202212281030,20221228,낙찰
재공고,UMM0743,2,58237,***,23년 입영 신체검사 위탁 용역,2022,UMM,국군재정관리단,수의계약,총액제,적격심사제,202212281100,20221228,순위확정
정상공고,UMM0749,1,60531,***,23-공-기록관련 전산체계 유지보수 용역(22J072-D),2022,UMM,국군재정관리단,제한경쟁,총액제,적격심사제,202212281100,20221228,낙찰
재공고,EBB0450,2,3705,***,22-214급 잠수함(윤00함) 6.5년차 창정비,2022,EBB,지상공통전력운영계약팀,수의계약,총액제,최저가격제,202212271100,20221227,유찰
정정공고,EKA0052,2,7010A,***,(22년)K1A기관단총 안전성향상 사업(현존전력 극대화),2022,EKA,기동총괄계약팀,지명경쟁,총액제,적격심사제,202212271030,20221227,낙찰
재공고,ELA0045,2,5530L,***,22년 탄약 지환통류(60/81/105mm),2022,ELA,화력총괄계약팀,일반경쟁,총액제,적격심사제,202212271100,20221227,유찰
재공고,ELA0048,2,6143,***,보호의 포장재,2022,ELA,화력총괄계약팀,일반경쟁,총액제,적격심사제,202212271100,20221227,낙찰
정상공고,HDT0025,1,58589,***,'23년 KICC RCS 연동서버 유지보수 용역,2022,HDT,공군작사근무지원단,제한경쟁,총액제,적격심사제,202212271100,20221227,유찰
긴급공고,LBA0182,1,60684,001,'23년 1~3월 부대조달 부식(돈가스 3종) 제조/구매,2022,LBA,제 2167부대,제한경쟁,단가제,적격심사제,202212271030,20221227,낙찰
긴급공고,LBA0183,1,60687,001,23년 1~3월 부대조달 부식(부대찌개모듬햄)제조/구매,2022,LBA,제 2167부대,제한경쟁,단가제,적격심사제,202212271030,20221227,낙찰
긴급공고,LBA0184,1,60695,001,23년 1~3월 부대조달 부식(오색모듬어묵) 제조/구매,2022,LBA,제 2167부대,제한경쟁,단가제,적격심사제,202212271030,20221227,낙찰
긴급공고,LDF0009,1,60229,***,21년 사이버 온라인 교육센터 교체 유지보수 용역,2022,LDF,육군정보통신학교,제한경쟁,총액제,적격심사제,202212271030,20221227,낙찰
긴급공고,LDF0011,1,60230,***,17년 사이버대응 훈련센터 구축 유지보수,2022,LDF,육군정보통신학교,제한경쟁,총액제,적격심사제,202212271030,20221227,낙찰
긴급공고,LDF0010,1,60231,***,18년 사이버 온라인 교육센터 유지보수,2022,LDF,육군정보통신학교,제한경쟁,총액제,적격심사제,202212271030,20221227,낙찰
재공고,LHG0095,2,59507,***,23년1월부대계약식자재납품(빵류),2022,LHG,제1862부대,제한경쟁,총액제,적격심사제,202212271030,20221227,낙찰
재공고,LHG0096,2,59508,***,23년1월부대계약식자재납품(식육가공품-돈가스),2022,LHG,제1862부대,제한경쟁,총액제,적격심사제,202212271030,20221227,낙찰
재공고,LHG0097,2,59509,***,23년1월부대계약식자재납품(식육가공품-불고기패티),2022,LHG,제1862부대,제한경쟁,총액제,적격심사제,202212271030,20221227,낙찰
재공고,LHG0098,2,59510,***,23년1월부대계약식자재납품(식육가공품-소시지),2022,LHG,제1862부대,제한경쟁,총액제,적격심사제,202212271030,20221227,낙찰
재공고,LHG0100,2,59512,***,23년1월_부대계약_식자재납품_식육가공품(탕수육),2022,LHG,제1862부대,제한경쟁,총액제,적격심사제,202212271030,20221227,낙찰
재공고,LHG0101,2,59513,***,23년1월_부대계약_식자재납품_식육가공품(햄),2022,LHG,제1862부대,제한경쟁,총액제,적격심사제,202212271030,20221227,낙찰
재공고,LHG0102,2,59514,***,23년1월_부대계약식자재납품(어육가공품),2022,LHG,제1862부대,제한경쟁,총액제,적격심사제,202212271030,20221227,낙찰
재공고,LHG0103,2,59521,***,23년1월부대계약식자재납품(식육가공품-미트볼),2022,LHG,제1862부대,제한경쟁,총액제,적격심사제,202212271030,20221227,낙찰
재공고,LHG0104,2,59526,***,23년1월_부대계약_식자재납품(면류),2022,LHG,제1862부대,제한경쟁,총액제,적격심사제,202212271030,20221227,낙찰
긴급공고,LHG0106,1,59700,001,23년1월 부대계약(부식)식자재납품,2022,LHG,제1862부대,2단계경쟁(동시),단가제,최저가격제,202212271030,20221227,낙찰
정정공고,LHK0070,2,59890,***,실전적 과학화훈련장 구축 관급자재(맨홀뚜껑),2022,LHK,제2군단,제한경쟁,총액제,적격심사제,202212271030,20221227,낙찰
긴급공고,LKF0030,1,60493,***,00사단 4개지역 토양오염복원사업 설계용역,2022,LKF,제6755부대,일반경쟁,총액제,적격심사제,202212271030,20221227,낙찰
긴급공고,LKF0033,1,61544,***,501여단 예비군훈련대개편 소규모환경영향평가용역,2022,LKF,제6755부대,일반경쟁,총액제,적격심사제,202212271030,20221227,낙찰
긴급공고,LKF0035,1,61574,***,501여단 예비군훈련대개편 재해영향평가용역,2022,LKF,제6755부대,일반경쟁,총액제,적격심사제,202212271030,20221227,낙찰
긴급공고,LKF0036,1,61582,***,120여단 예비군훈련대개편 소규모환경영향평가용역,2022,LKF,제6755부대,일반경쟁,총액제,적격심사제,202212271030,20221227,낙찰
재공고,LKQ0017,2,58387,***,"'23년 항행안전시설 2종(VOR, ILS) 외주정비 용역",2022,LKQ,육군항공학교,제한경쟁,총액제,적격심사제,202212271030,20221227,낙찰
긴급공고,LKQ0019,1,61220,***,’23년 비행 3종 시뮬레이터 외주정비 용역,2022,LKQ,육군항공학교,수의계약,총액제,적격심사제,202212271030,20221227,유찰
재공고,LMK0088,2,58191,001,23년 1~3월 식자재 구매계약(꼬치어묵 등 2종),2022,LMK,제6보병사단,제한경쟁,단가제,적격심사제,202212271030,20221227,유찰
재공고,LMK0089,2,58193,001,23년 1~3월 식자재 구매계약(통밀식빵 등 3종),2022,LMK,제6보병사단,제한경쟁,단가제,적격심사제,202212271030,20221227,유찰
긴급공고,LNR0026,1,61061,001,23-1차 식재료 구매(3개월분),2022,LNR,수도기계화보병사단,일반경쟁,단가제,적격심사제,202212271100,20221227,낙찰
긴급공고,LPM0033,1,61037,***,'23년 사단 음식물류 폐기물 위탁처리 용역,2022,LPM,제9보병사단사령부,일반경쟁,총액제,적격심사제,202212271100,20221227,낙찰
긴급공고,LQG0175,1,61645,***,00부대 성당 신축공사 AV설비 설치,2022,LQG,육군 52보병사단,제한경쟁,총액제,적격심사제,202212271030,20221227,낙찰
재공고,MCM0018,2,51970,***,00체계 라이선스 구매(연장),2022,MCM,4284부대,일반경쟁,총액제,적격심사제,202212271030,20221227,낙찰
긴급공고,MDG0209,1,58590,***,23년 VoIP 교환기 정비 유지보수용역,2022,MDG,국군의무사령부,제한경쟁,총액제,적격심사제,202212271100,20221227,낙찰
긴급공고,MDI0011,1,60889,***,23년 전산장비 유지보수 용역,2022,MDI,제7016부대,제한경쟁,총액제,적격심사제,202212271100,20221227,낙찰
긴급공고,MDN0042,1,61520,***,"OO부대 온습도, 차압모니터 설치납품",2022,MDN,국군화생방방호사령부,제한경쟁,총액제,적격심사제,202212271030,20221227,순위확정
긴급공고,SCH0151,1,60957,***,23-부 음식물류 폐기물 처리용역,2022,SCH,해군작전사령부,일반경쟁,총액제,적격심사제,202212271030,20221227,낙찰
긴급공고,SCQ0192,1,60591,***,23-어 일반무 등 38종 구매(도서지역),2022,SCQ,제9911부대,수의계약,총액제,적격심사제,202212271030,20221227,유찰
긴급공고,SCQ0194,1,60949,***,관급자재(해상구조훈련장 크레인) 구매,2022,SCQ,제9911부대,제한경쟁,총액제,적격심사제,202212271400,20221227,낙찰
긴급공고,UMM0754,1,55623,***,(22G057-H)23년 IP 교환기 유지보수 용역,2022,UMM,국군재정관리단,제한경쟁,총액제,적격심사제,202212271100,20221227,낙찰
정상공고,UMM0748,1,56735,***,23-생활쓰레기 처리 용역(22K061-H),2022,UMM,국군재정관리단,일반경쟁,총액제,적격심사제,202212271100,20221227,낙찰
긴급공고,HDC0002,1,00030,***,23-용-2 음식물폐기물 처리용역,2023,HDC,공군제1전투비행단,수의계약,총액제,적격심사제,202212261330,20221226,유찰
긴급공고,HDL0027,1,61105,***,경계작전 통합생활관 신축 공사(관급자재_내진철근),2022,HDL,공군제16전투비행단,제한경쟁,총액제,적격심사제,202212261330,20221226,낙찰
긴급공고,HDL0026,1,61135,***,경계작전 통합생활관신축(관급자재_원격검침)제조설치,2022,HDL,공군제16전투비행단,제한경쟁,총액제,적격심사제,202212261330,20221226,낙찰
긴급공고,LCH0047,1,61021,***,22년 자동산개기 정기검사 정비용역(용-39),2022,LCH,특수전사령부,지명경쟁,총액제,적격심사제,202212261100,20221226,유찰
긴급공고,LHN0055,1,58461,001,23년 1~3월 식자재 다수품목 단가계약,2022,LHN,제7보병사단,2단계경쟁(동시),단가제,최저가격제,202212261000,20221226,낙찰
정상공고,LMB0025,1,59815,***,23년도 음식물류 폐기물 처리용역,2022,LMB,제8278부대,제한경쟁,총액제,적격심사제,202212261100,20221226,낙찰
긴급공고,LMK0092,1,58196,001,23년 식자재 다수품목 단가계약(중기간제외품목),2022,LMK,제6보병사단,2단계경쟁(동시),단가제,최저가격제,202212261400,20221226,낙찰
정상공고,MCD0055,1,58098,***,23년 삼정검 수여식 행사 용역,2022,MCD,국방부(운영지원과),협상에의한계약(전자),총액제,최저가격제,202212261030,20221226,낙찰
긴급공고,MCT0077,1,59835,***,23년도 선수급식(축산),2022,MCT,국군체육부대,일반경쟁,총액제,적격심사제,202212261030,20221226,낙찰
긴급공고,UMM0758,1,50939,***,(22G210-A)'23년 오수처리시설 위탁관리 용역,2022,UMM,국군재정관리단,제한경쟁,총액제,적격심사제,202212261100,20221226,낙찰
긴급공고,UMM0757,1,59820,***,(22F212-A)23년 대기오염 측정용역(일반물질),2022,UMM,국군재정관리단,제한경쟁,총액제,적격심사제,202212261100,20221226,낙찰
긴급공고,HDL0023,1,58347,***,`23년 예성회관 식자재 구매(김치류 제외),2022,HDL,공군제16전투비행단,일반경쟁,총액제,적격심사제,202212231100,20221223,낙찰
긴급공고,MCD0054,1,56293,***,미래세대 군복무 인식개선 및 사회적 보상방안,2022,MCD,국방부(운영지원과),수의계약,총액제,최저가격제,202212231030,20221223,유찰
정상공고,UMM0746,1,52244,***,23년 부식류 민간위탁 배송 용역,2022,UMM,국군재정관리단,일반경쟁,총액제,적격심사제,202212231100,20221223,낙찰
정상공고,UMM0745,1,56305,***,23-해병-육로화물 수송 용역,2022,UMM,국군재정관리단,일반경쟁,총액제,적격심사제,202212231100,20221223,유찰
정상공고,UMM0747,1,56793,***,23년 세탁 용역,2022,UMM,국군재정관리단,제한경쟁,총액제,적격심사제,202212231100,20221223,낙찰
긴급공고,HCM0108,1,59889,***,생활관 개선 공사 관급자재(온수보일러) 제조 구매,2022,HCM,공군교육사령부,일반경쟁,총액제,적격심사제,202212221100,20221222,낙찰
긴급공고,LFC0086,1,59877,***,육군훈련소 설날 경축특식 글레이즈드 도넛 제조구매,2022,LFC,육군훈련소,일반경쟁,총액제,적격심사제,202212221030,20221222,낙찰
긴급공고,LHK0071,1,59892,***,실전적 과학화훈련장 구축 관급자재(자동제어),2022,LHK,제2군단,제한경쟁,총액제,적격심사제,202212221030,20221222,낙찰
긴급공고,LHQ0058,1,59836,***,공정사단 본부 및 A여단 개편사업(타일),2022,LHQ,제2작전사령부,일반경쟁,총액제,적격심사제,202212221030,20221222,유찰
긴급공고,LNT0073,1,59730,***,DMZ 중거리카메라 제조설치,2022,LNT,제28보병사단,일반경쟁,총액제,적격심사제,202212221030,20221222,낙찰
긴급공고,LPC0049,1,59891,***,BTL 간부숙소 침대 및 매트리스 제조/설치,2022,LPC,제25보병사단,제한경쟁,총액제,적격심사제,202212221100,20221222,낙찰
긴급공고,LPF0081,1,59633,***,00부대 자동제어 제조설치,2022,LPF,제51보병사단,제한경쟁,총액제,적격심사제,202212221100,20221222,낙찰
긴급공고,LPM0029,1,59904,***,신영-017 오버헤드크레인 제조 설치,2022,LPM,제9보병사단사령부,일반경쟁,총액제,적격심사제,202212221030,20221222,낙찰
긴급공고,LPM0030,1,59905,***,00부대 개편 오버헤드크레인 제조 설치,2022,LPM,제9보병사단사령부,일반경쟁,총액제,적격심사제,202212221030,20221222,낙찰
긴급공고,LPM0031,1,59906,***,신영-1533 오버헤드크레인 제조 설치,2022,LPM,제9보병사단사령부,일반경쟁,총액제,적격심사제,202212221030,20221222,낙찰
긴급공고,MCS0098,1,56897,***,계룡대 지구병원 신축 관급(자동제어),2022,MCS,국방부계룡대근무지원단,제한경쟁,총액제,적격심사제,202212221100,20221222,낙찰
긴급공고,MCS0097,1,58522,***,'23년 복지회관 식자재 구매,2022,MCS,국방부계룡대근무지원단,일반경쟁,총액제,적격심사제,202212221100,20221222,낙찰
긴급공고,MDS0025,1,59911,***,'23년 HPC체계 기반시설 유지보수 용역,2022,MDS,제3707부대,수의계약,총액제,적격심사제,202212221030,20221222,유찰
긴급공고,MDS0026,1,59915,***,'23년 통합보안시스템 유지보수 용역,2022,MDS,제3707부대,제한경쟁,총액제,적격심사제,202212221030,20221222,낙찰
긴급공고,SFN0070,1,59784,***,23-Y-무인감시장비 유지보수용역,2022,SFN,연평부대,일반경쟁,총액제,적격심사제,202212221030,20221222,낙찰
정상공고,UMM0744,1,55695,***,23-P-프린터(복합기) 렌탈 용역,2022,UMM,국군재정관리단,일반경쟁,총액제,적격심사제,202212221100,20221222,낙찰
재공고,ERA0012,2,3014,***,TICN 4차양산 상용장비 구매(2차),2022,ERA,우주지휘통신총괄계약팀,수의계약,총액제,적격심사제,202212211400,20221221,유찰
긴급공고,HCQ0068,1,59269,***,"22-12-166 23년 기본복지시설(하늘,은마회관) 식자재",2022,HCQ,공군제5공중기동비행단,일반경쟁,총액제,적격심사제,202212211100,20221221,낙찰
긴급공고,HDC0001,1,00022,***,23-용-1 광주권역 임대프린터 용역,2023,HDC,공군제1전투비행단,수의계약,총액제,적격심사제,202212211030,20221221,유찰
긴급공고,HDM0030,1,59622,***,'23년 레스큐가든 식자재 납품,2022,HDM,공군제17전투비행단,제한경쟁,총액제,적격심사제,202212211030,20221221,낙찰
긴급공고,HDM0031,1,59629,***,'23년 에이스가든 식자재 납품,2022,HDM,공군제17전투비행단,제한경쟁,총액제,적격심사제,202212211030,20221221,낙찰
긴급공고,HFK0037,1,59141,***,22-공-나0정비대 관급자재 통합배선 제조설치,2022,HFK,제1방공유도탄여단,제한경쟁,총액제,적격심사제,202212211100,20221221,낙찰
긴급공고,LHG0099,1,59511,***,23년1월_부대계약_식자재납품(장류),2022,LHG,제1862부대,수의계약,총액제,적격심사제,202212211030,20221221,유찰
긴급공고,LHG0102,1,59514,***,23년1월_부대계약식자재납품(어육가공품),2022,LHG,제1862부대,제한경쟁,총액제,적격심사제,202212211030,20221221,유찰
긴급공고,LHG0103,1,59521,***,23년1월부대계약식자재납품(식육가공품-미트볼),2022,LHG,제1862부대,제한경쟁,총액제,적격심사제,202212211030,20221221,유찰
긴급공고,LKD0081,1,59378,001,23년 상병 건강검진 민간위탁 용역,2022,LKD,제32보병사단,수의계약,단가제,적격심사제,202212211030,20221221,유찰
긴급공고,LQG0166,1,59536,***,00부대 성당 조명기구 설치납품,2022,LQG,육군 52보병사단,제한경쟁,총액제,적격심사제,202212211100,20221221,낙찰
긴급공고,LQG0167,1,59560,***,00부대 성당 수배전반 제조 설치,2022,LQG,육군 52보병사단,제한경쟁,총액제,적격심사제,202212211030,20221221,낙찰
긴급공고,LQG0168,1,59561,***,0부대 성당 전열교환기 제조 설치,2022,LQG,육군 52보병사단,제한경쟁,총액제,적격심사제,202212211100,20221221,낙찰
긴급공고,LQG0169,1,59563,***,00부대 성당 신축공사 냉난방기 설치,2022,LQG,육군 52보병사단,제한경쟁,총액제,적격심사제,202212211100,20221221,낙찰
긴급공고,LQG0170,1,59564,***,00부대 성당 신축공사 설치납품(창호),2022,LQG,육군 52보병사단,제한경쟁,총액제,적격심사제,202212211030,20221221,낙찰
긴급공고,LQG0172,1,59565,***,00부대 성당 분전반 구매 납품,2022,LQG,육군 52보병사단,제한경쟁,총액제,적격심사제,202212211030,20221221,낙찰
재공고,SCF0401,2,51181,***,중소형함용 측심기 1SET 구매,2022,SCF,해군군수사령부,제한경쟁,총액제,적격심사제,202212211030,20221221,낙찰
정상공고,SCR0083,1,55698,***,23-욕지도 운용대 급식 구매,2022,SCR,해군제3함대사령부,제한경쟁,총액제,적격심사제,202212211030,20221221,낙찰
정상공고,SCR0079,1,55703,***,23-욕지도 전진기지 급식 구매,2022,SCR,해군제3함대사령부,일반경쟁,총액제,적격심사제,202212211030,20221221,낙찰
정상공고,SCR0081,1,55708,***,23-흑산도 운용대 급식구매,2022,SCR,해군제3함대사령부,일반경쟁,총액제,적격심사제,202212211030,20221221,낙찰
정상공고,SCR0080,1,55714,***,23-흑산도 전진기지 급식 구매,2022,SCR,해군제3함대사령부,일반경쟁,총액제,적격심사제,202212211030,20221221,낙찰
정상공고,SCR0082,1,55722,***,23-거문도 운용대 급식 구매,2022,SCR,해군제3함대사령부,일반경쟁,총액제,적격심사제,202212211030,20221221,낙찰
정상공고,SCR0084,1,55771,***,23-추자도 운용대 급식 구매,2022,SCR,해군제3함대사령부,제한경쟁,총액제,적격심사제,202212211030,20221221,낙찰
정상공고,SCR0085,1,55775,***,23-안마도 운용대 급식 구매,2022,SCR,해군제3함대사령부,제한경쟁,총액제,적격심사제,202212211030,20221221,낙찰
긴급공고,SDF0184,1,58323,***,중하중스틸그레이팅 등 4종,2022,SDF,제5738부대,일반경쟁,총액제,적격심사제,202212211030,20221221,낙찰
긴급공고,SFG0141,1,59432,***,23-K-방송시스템 유지보수용역,2022,SFG,제9181부대,제한경쟁,총액제,적격심사제,202212211030,20221221,순위확정
긴급공고,SFG0142,1,59434,***,23-K-열상장비 감시체계시스템 유지보수 용역,2022,SFG,제9181부대,일반경쟁,총액제,적격심사제,202212211030,20221221,낙찰
재공고,UMM0702,2,44140,***,22-해-기동반 제조설치,2022,UMM,국군재정관리단,제한경쟁,총액제,적격심사제,202212211100,20221221,낙찰
정상공고,UMM0751,1,56943,***,(22G216-A)23년 프린터 임차용역,2022,UMM,국군재정관리단,일반경쟁,총액제,적격심사제,202212211100,20221221,낙찰
긴급공고,UMM0755,1,59271,***,(22F224-A)  재난안전망 단말기 도입사업  금융리스,2022,UMM,국군재정관리단,일반경쟁,총액제,최저가격제,202212211100,20221221,낙찰
긴급공고,UMM0756,1,59297,***,(22G225-I) 00 영상판독체계 노후교체사업 금융리스,2022,UMM,국군재정관리단,일반경쟁,총액제,최저가격제,202212211100,20221221,낙찰
긴급공고,DSS0099,1,58620,***,UPS 배터리 구매,2022,DSS,국군제1068부대,제한경쟁,총액제,적격심사제,202212201030,20221220,낙찰
정상공고,ELA0052,1,1045A,***,"밴, 1¼톤 포사격지휘소용(K105A1용, 2작사 추가)",2022,ELA,화력총괄계약팀,수의계약,총액제,적격심사제,202212201030,20221220,유찰
정상공고,EMA0012,1,3610A,***,수중탐색음탐기,2022,EMA,함정총괄계약팀,수의계약,총액제,최저가격제,202212201400,20221220,유찰
긴급공고,HCM0106,1,59042,***,3차원 전신스캐너(구형 체형측정장비) 유지보수,2022,HCM,공군교육사령부,제한경쟁,총액제,적격심사제,202212201300,20221220,낙찰
정상공고,HDE0007,1,56696,***,공군 호텔 등 2개소 세탁물(시트 등 26종) 처리용역,2022,HDE,공군항공안전단,제한경쟁,총액제,적격심사제,202212201100,20221220,유찰
긴급공고,HDN0044,1,58391,***,00비 간부식당 식자재(양곡류 및 기타품목) 납품 계약,2022,HDN,공군제18전투비행단,일반경쟁,총액제,적격심사제,202212201030,20221220,낙찰
긴급공고,HDP0069,1,58752,***,23년 오폐수처리장 관리용역,2022,HDP,공군제19전투비행단,제한경쟁,총액제,적격심사제,202212201100,20221220,낙찰
긴급공고,LCH0046,1,58968,***,22년 자동산개기 정기검사 정비용역(용-39),2022,LCH,특수전사령부,지명경쟁,총액제,적격심사제,202212201100,20221220,유찰
긴급공고,LGI0141,1,53340,001,23-1차 부대계약 식자재 납품(부식),2022,LGI,제3군수지원여단,2단계경쟁(동시),단가제,최저가격제,202212201600,20221220,낙찰
재공고,LGP0295,2,56363,001,23-1차 빵류 다수품목 단가계약(경기북부),2022,LGP,제1군수지원사령부,일반경쟁,단가제,적격심사제,202212201100,20221220,유찰
긴급공고,LGP0301,1,58965,001,22년 추가특식 쿠키 제조/구매,2022,LGP,제1군수지원사령부,일반경쟁,단가제,적격심사제,202212201100,20221220,낙찰
정정공고,LGS0052,2,57891,***,00부대 간부숙소 신축공사(통합배선),2022,LGS,육군 제8군단,제한경쟁,총액제,적격심사제,202212201030,20221220,낙찰
긴급공고,LGS0053,1,57903,***,00부대 간부숙소 신축(고강도콘크리트 말뚝),2022,LGS,육군 제8군단,제한경쟁,총액제,적격심사제,202212201030,20221220,낙찰
긴급공고,LGT0034,1,58134,***,ATCIS체계 운용용품 구매,2022,LGT,제2307부대,제한경쟁,총액제,적격심사제,202212201030,20221220,낙찰
정정공고,LHM0101,2,58530,001,23년 1~3월 부대계약(빵류),2022,LHM,제15보병사단,제한경쟁,단가제,적격심사제,202212201100,20221220,유찰
정정공고,LHM0102,2,59031,001,23년 1~3월 부대계약(식육가공품),2022,LHM,제15보병사단,제한경쟁,단가제,적격심사제,202212201100,20221220,유찰
긴급공고,LHN0056,1,58661,001,23년 1~3월 부대계약 부식 빵류(제조/구매),2022,LHN,제7보병사단,제한경쟁,단가제,적격심사제,202212201030,20221220,낙찰
긴급공고,LHQ0055,1,58259,***,공정사단 본부 및 A여단 개편사업(태양광),2022,LHQ,제2작전사령부,일반경쟁,총액제,적격심사제,202212201030,20221220,낙찰
긴급공고,LKQ0014,1,58366,***,’23년 KUH-1 시뮬레이터 외주정비 용역,2022,LKQ,육군항공학교,제한경쟁,총액제,적격심사제,202212201030,20221220,낙찰
긴급공고,LKQ0015,1,58375,***,’23년 전술훈련 시뮬레이터 외주정비 용역,2022,LKQ,육군항공학교,제한경쟁,총액제,적격심사제,202212201030,20221220,유찰
긴급공고,LKQ0016,1,58383,***,'23년 항공교통관제 시뮬레이터 외주정비 용역,2022,LKQ,육군항공학교,제한경쟁,총액제,적격심사제,202212201030,20221220,낙찰
긴급공고,LKQ0017,1,58387,***,"'23년 항행안전시설 2종(VOR, ILS) 외주정비 용역",2022,LKQ,육군항공학교,제한경쟁,총액제,적격심사제,202212201030,20221220,유찰
긴급공고,LKT0078,1,58864,***,"23년 1월,2월 부대조달 급식품목(빵류) 구매",2022,LKT,제1989부대,일반경쟁,총액제,적격심사제,202212201030,20221220,낙찰
긴급공고,LMK0088,1,58191,001,23년 1~3월 식자재 구매계약(꼬치어묵 등 2종),2022,LMK,제6보병사단,제한경쟁,단가제,적격심사제,202212201030,20221220,유찰
긴급공고,LMK0089,1,58193,001,23년 1~3월 식자재 구매계약(통밀식빵 등 3종),2022,LMK,제6보병사단,제한경쟁,단가제,적격심사제,202212201030,20221220,유찰
긴급공고,LQG0163,1,58663,***,00부대 순찰로 보수 자재(야자매트) 구매 납품,2022,LQG,육군 52보병사단,제한경쟁,총액제,적격심사제,202212201030,20221220,낙찰
긴급공고,LQG0164,1,59009,***,00부대 울타리 설치공사 제조납품,2022,LQG,육군 52보병사단,제한경쟁,총액제,적격심사제,202212201030,20221220,낙찰
긴급공고,MCM0021,1,58351,***,00체계 라이선스(연장) 구매,2022,MCM,4284부대,일반경쟁,총액제,적격심사제,202212201030,20221220,낙찰
정상공고,MCX0058,1,57843,***,간사교 생도증식(가지 등 437종) 구매,2022,MCX,자운대근무지원연대,제한경쟁,총액제,적격심사제,202212201100,20221220,낙찰
재공고,SCF0402,2,47856,***,"군악,의장 행사용 단화류 464PR 구매",2022,SCF,해군군수사령부,제한경쟁,총액제,적격심사제,202212201030,20221220,낙찰
재공고,SCF0155,2,49418,***,'22년 함정 조명계통(LED) 교체 용역,2022,SCF,해군군수사령부,일반경쟁,총액제,적격심사제,202212201030,20221220,낙찰
재공고,SCF0400,2,53080,***,의장 예식도 15EA 구매,2022,SCF,해군군수사령부,제한경쟁,총액제,적격심사제,202212201030,20221220,낙찰
긴급공고,SCF0185,1,57848,***,'22년 함정 화장실/세면장 바닥교체 용역,2022,SCF,해군군수사령부,일반경쟁,총액제,적격심사제,202212201030,20221220,낙찰
긴급공고,SCF0187,1,58300,***,'22년 함정 수밀개폐구 정비,2022,SCF,해군군수사령부,일반경쟁,총액제,적격심사제,202212201030,20221220,낙찰
긴급공고,SCN0200,1,57508,***,가지등 86종 구매,2022,SCN,제7001부대,제한경쟁,총액제,적격심사제,202212201030,20221220,낙찰
재공고,SCR0076,2,51743,***,23-목 배추김치 등 11종 구매,2022,SCR,해군제3함대사령부,제한경쟁,총액제,적격심사제,202212201030,20221220,낙찰
긴급공고,SFC0160,1,58335,***,22-해병-헬기장개선 등 4건 자동제어설치,2022,SFC,제9691부대,제한경쟁,총액제,적격심사제,202212201100,20221220,낙찰
긴급공고,SFC0161,1,58336,***,22-해병-헬기장개선 등 4건 통합배선설치,2022,SFC,제9691부대,제한경쟁,총액제,적격심사제,202212201100,20221220,낙찰
긴급공고,SFM0112,1,57548,***,23-S-식자재 위탁배송 용역,2022,SFM,제3170부대,제한경쟁,총액제,적격심사제,202212201030,20221220,낙찰
정상공고,UMM0741,1,52469,***,23-24-공-MCRC HW 유지보수,2022,UMM,국군재정관리단,일반경쟁,총액제,적격심사제,202212201100,20221220,낙찰
긴급공고,UMM0750,1,55656,***,(22G055-H)'23년 전산장비 유지보수 용역,2022,UMM,국군재정관리단,일반경쟁,총액제,적격심사제,202212201100,20221220,낙찰
긴급공고,UMM0753,1,56597,***,(22F213-I) 23년 대기오염 측정용역(특정물질),2022,UMM,국군재정관리단,제한경쟁,총액제,적격심사제,202212201100,20221220,낙찰
재공고,UMM0735,2,56677,***,22-해-근거리전산망(LAN) 등 9건 리스,2022,UMM,국군재정관리단,일반경쟁,총액제,최저가격제,202212201100,20221220,낙찰
긴급공고,UMM0749,1,57304,***,(22F223-A)군사지리정보체계 S/W 교체사업 금융리스,2022,UMM,국군재정관리단,일반경쟁,총액제,최저가격제,202212201100,20221220,낙찰
정상공고,UMM0742,1,57811,***,22-해-해수배수펌프 제조,2022,UMM,국군재정관리단,일반경쟁,총액제,적격심사제,202212201100,20221220,유찰
긴급공고,UMM0752,1,58115,***,(22G209-I) VOIP 교체사업 금융리스,2022,UMM,국군재정관리단,일반경쟁,총액제,최저가격제,202212201100,20221220,낙찰
정상공고,EQA0011,1,9400,***,KUH-1 데이터획득처리장치/통합형항공계기 조달,2022,EQA,헬기총괄계약팀,수의계약,총액제,적격심사제,202212191500,20221219,유찰
긴급공고,HDM0027,1,55020,***,[22-0260] 적층랙,2022,HDM,공군제17전투비행단,수의계약,총액제,적격심사제,202212191030,20221219,낙찰
정상공고,MCD0053,1,55642,***,23년 전자 법률도서관 이용사업,2022,MCD,국방부(운영지원과),수의계약,총액제,최저가격제,202212191030,20221219,유찰
긴급공고,MCT0073,1,56592,***,23년 선수급식(유제품) 구매,2022,MCT,국군체육부대,제한경쟁,총액제,적격심사제,202212191030,20221219,낙찰
정정공고,MDG0205,2,56281,***,23년 간부수첩 케이스 구매,2022,MDG,국군의무사령부,제한경쟁,총액제,적격심사제,202212191100,20221219,낙찰
정정공고,MDG0207,2,57156,***,국군구리병원 출입통제시스템 및 CCTV 구축 사업,2022,MDG,국군의무사령부,제한경쟁,총액제,적격심사제,202212191100,20221219,낙찰
긴급공고,MDG0206,1,57378,***,22-2차 취사기구(보존식냉장고 등 6품목) 구매,2022,MDG,국군의무사령부,제한경쟁,총액제,적격심사제,202212191100,20221219,낙찰
긴급공고,MDR0052,1,57863,***,UPS(100KVA) 배터리 구매설치,2022,MDR,제9965부대,일반경쟁,총액제,적격심사제,202212191100,20221219,낙찰
긴급공고,SCL0091,1,58189,***,태권도복 등 3종 구매,2022,SCL,해군사관학교,제한경쟁,총액제,적격심사제,202212191030,20221219,낙찰
긴급공고,SFC0142,1,57878,***,체단장 스킨 등 42품목 구매,2022,SFC,제9691부대,제한경쟁,총액제,적격심사제,202212191100,20221219,유찰
긴급공고,SFC0143,1,57881,***,체단장 분말짜장 등 173품목 구매,2022,SFC,제9691부대,제한경쟁,총액제,적격심사제,202212191100,20221219,낙찰
재공고,UAB0111,2,54877,***,국군복지단 송정콘도 세탁물처리 용역,2022,UAB,국군복지단,일반경쟁,총액제,적격심사제,202212191500,20221219,유찰
정상공고,UAB0122,1,57705,***,'23년 국군복지단 영업시설업자 배상책임보험,2022,UAB,국군복지단,수의계약,총액제,적격심사제,202212191300,20221219,유찰
정상공고,UAB0127,1,58199,***,'23년 국군복지단 식자재 구매,2022,UAB,국군복지단,수의계약,총액제,적격심사제,202212191700,20221219,유찰
긴급공고,UHC0019,1,58458,***,"22-00포대 다목적강당 무대장치 제조,설치",2022,UHC,공군 작사예하 방포사예하 제2여단,제한경쟁,총액제,적격심사제,202212191100,20221219,낙찰
정상공고,UMM0739,1,49629,***,23-해-0전단 민간위탁 배송 용역,2022,UMM,국군재정관리단,일반경쟁,총액제,적격심사제,202212191100,20221219,낙찰
긴급공고,HCG0058,1,57266,***,'23년 항공관제 분석체계 유지보수,2022,HCG,공군본부,제한경쟁,총액제,적격심사제,202212161130,20221216,낙찰
긴급공고,LGP0279,1,52381,001,'23-1차 식자재 다수품목 단가계약(경기서부),2022,LGP,제1군수지원사령부,2단계경쟁(동시),단가제,최저가격제,202212161100,20221216,낙찰
긴급공고,LGP0280,1,52384,001,'23-1차 식자재 다수품목 단가계약(경기남부),2022,LGP,제1군수지원사령부,2단계경쟁(동시),단가제,최저가격제,202212161100,20221216,낙찰
긴급공고,LGP0281,1,52385,001,'23-1차 식자재 다수품목 단가계약(경기북부),2022,LGP,제1군수지원사령부,2단계경쟁(동시),단가제,최저가격제,202212161100,20221216,낙찰
긴급공고,LGP0282,1,52387,001,'23-1차 식자재 다수품목 단가계약(강원동부),2022,LGP,제1군수지원사령부,2단계경쟁(동시),단가제,최저가격제,202212161100,20221216,낙찰
긴급공고,LGP0283,1,52389,001,'23-1차 식자재 다수품목 단가계약(강원서부),2022,LGP,제1군수지원사령부,2단계경쟁(동시),단가제,최저가격제,202212161100,20221216,낙찰
긴급공고,LHQ0054,1,57288,***,32보급대 통합창고 신축공사(샌드위치패널),2022,LHQ,제2작전사령부,일반경쟁,총액제,적격심사제,202212161030,20221216,낙찰
정상공고,MDN0002,1,00003,***,OO부대 음식물 쓰레기 처리용역,2023,MDN,국군화생방방호사령부,제한경쟁,총액제,적격심사제,202212161030,20221216,낙찰
정상공고,MFH0018,1,55063,***,전군 공통사용 시설SW(통합내역관리) 구매,2022,MFH,국방시설본부,제한경쟁,총액제,적격심사제,202212161100,20221216,낙찰
정상공고,UMM0731,1,47830,***,22-공-00공사 관급자재(냉난방기) 구매설치,2022,UMM,국군재정관리단,제한경쟁,총액제,적격심사제,202212161100,20221216,낙찰
긴급공고,UMM0004,1,49135,***,"22-육-00부대 물절약투자대행사업(WASCO, 22-A276)",2022,UMM,국군재정관리단,협상에의한계약(전자),총액제,최저가격제,202212161100,20221216,낙찰
정상공고,UMM0746,1,54322,***,(227454-D)디지털 포렌식 장비 구매,2022,UMM,국군재정관리단,제한경쟁,총액제,적격심사제,202212161100,20221216,낙찰
정상공고,UMM0734,1,56493,***,23년공군학습포털및무선기반학습체계통합유지보수용역,2022,UMM,국군재정관리단,제한경쟁,총액제,적격심사제,202212161100,20221216,낙찰
정상공고,EBB0449,1,3033,***,22년 소화기(총류) 부품류(구매),2022,EBB,지상공통전력운영계약팀,일반경쟁,총액제,적격심사제,202212151100,20221215,낙찰
정상공고,EWA0012,1,1001,***,장보고-III Batch-I 지원장비(축전지툴박스 등 216종),2022,EWA,한국형잠수함총괄계약팀,일반경쟁,총액제,적격심사제,202212151500,20221215,유찰
긴급공고,HCM0103,1,57150,***,'23년 하늘/우주식당 김치류 제조 구매,2022,HCM,공군교육사령부,일반경쟁,총액제,적격심사제,202212151100,20221215,낙찰
긴급공고,HFK0035,1,57076,***,방포교 생활관 신축공사 관급자재 원격검침 제조설치,2022,HFK,제1방공유도탄여단,제한경쟁,총액제,적격심사제,202212151100,20221215,낙찰
정상공고,LDH1033,1,56026,***,23년 보급품 하역 용역,2022,LDH,육군종합정비창,제한경쟁,총액제,적격심사제,202212151300,20221215,낙찰
긴급공고,LGT0033,1,55928,***,3군단 사이버방호실 전시체계 구축사업,2022,LGT,제2307부대,일반경쟁,총액제,적격심사제,202212151030,20221215,낙찰
긴급공고,LHG0094,1,53738,***,GOP음식물쓰레기 처리장비(건조기) 임차,2022,LHG,제1862부대,일반경쟁,총액제,적격심사제,202212151030,20221215,낙찰
정상공고,LIK0129,1,54743,001,'23년 설날 경축특식 조각케익세트 제조,2022,LIK,제2군수지원여단,제한경쟁,단가제,적격심사제,202212151030,20221215,유찰
정정공고,LIK0130,2,56209,001,'23년 삼일절 경축특식 훈제닭다리 제조/구매,2022,LIK,제2군수지원여단,제한경쟁,단가제,적격심사제,202212151030,20221215,낙찰
정상공고,LIK0128,1,56257,001,'23년 부대계약(1~3월) 부식(빵류) 제조/구매,2022,LIK,제2군수지원여단,제한경쟁,단가제,적격심사제,202212151030,20221215,낙찰
긴급공고,LNG0107,1,57011,***,00부대 정비고 호이스트크레인 제조설치,2022,LNG,육군 제1군단,일반경쟁,총액제,적격심사제,202212151030,20221215,낙찰
긴급공고,LPF0080,1,56764,***,23년 렌탈프린터 임차 용역,2022,LPF,제51보병사단,제한경쟁,총액제,적격심사제,202212151030,20221215,낙찰
정정공고,MCN0050,2,56779,***,'23~'25년 정수기 임차 용역,2022,MCN,국방부근무지원단,일반경쟁,총액제,적격심사제,202212151030,20221215,유찰
정정공고,MCN0051,2,56819,***,'23년 음식물 쓰레기 처리 용역,2022,MCN,국방부근무지원단,제한경쟁,총액제,적격심사제,202212151030,20221215,낙찰
긴급공고,MDG0203,1,55715,***,22년 의무장비(수술대 등 2품목) 구매,2022,MDG,국군의무사령부,제한경쟁,총액제,적격심사제,202212151100,20221215,낙찰
긴급공고,MDG0204,1,55736,***,23년 컬러프린터 임대용역,2022,MDG,국군의무사령부,제한경쟁,총액제,적격심사제,202212151100,20221215,낙찰
긴급공고,MDG0031,1,56202,***,연구장비(가스크로마토그래피) 구매 계약,2022,MDG,국군의무사령부,수의계약,총액제,적격심사제,202212151600,20221215,유찰
재공고,MDN0026,2,47176,***,"00부대 온습도, 차압모니터 설치납품",2022,MDN,국군화생방방호사령부,제한경쟁,총액제,적격심사제,202212151030,20221215,유찰
정상공고,MDN0041,1,54735,***,CSRP 시험기자재 검교정 용역,2022,MDN,국군화생방방호사령부,수의계약,총액제,적격심사제,202212151030,20221215,유찰
정상공고,MDN0040,1,54736,***,CSRP 시초자(표준가스) 구매,2022,MDN,국군화생방방호사령부,제한경쟁,총액제,적격심사제,202212151030,20221215,순위확정
긴급공고,SCF0177,1,44590,***,육군경비정 디젤엔진(MTU12V183) 총분해 정비,2022,SCF,해군군수사령부,일반경쟁,총액제,적격심사제,202212151030,20221215,낙찰
긴급공고,SCF0179,1,49246,***,전동기 권선 정비,2022,SCF,해군군수사령부,일반경쟁,총액제,적격심사제,202212151030,20221215,순위확정
긴급공고,SCF0181,1,49641,***,'22년 함정 통풍관 소제 용역,2022,SCF,해군군수사령부,일반경쟁,총액제,적격심사제,202212151030,20221215,낙찰
긴급공고,SCF0183,1,49840,***,함정 화장실/세면장 리모델링 정비,2022,SCF,해군군수사령부,일반경쟁,총액제,적격심사제,202212151030,20221215,낙찰
긴급공고,SCF0178,1,55643,***,도산안창호급 잠수함 연료전지 모듈 정비,2022,SCF,해군군수사령부,일반경쟁,총액제,적격심사제,202212151030,20221215,낙찰
긴급공고,SCF0180,1,57179,***,함정 갑판 청락/도장 용역,2022,SCF,해군군수사령부,일반경쟁,총액제,적격심사제,202212151030,20221215,낙찰
긴급공고,SCF0184,1,57192,***,함정 취사장 바닥 교체 용역,2022,SCF,해군군수사령부,일반경쟁,총액제,적격심사제,202212151030,20221215,낙찰
긴급공고,SFG0137,1,57040,***,23-K-무인감시장비(CCTV) 유지보수 용역,2022,SFG,제9181부대,일반경쟁,총액제,적격심사제,202212151030,20221215,낙찰
정상공고,UMM0729,1,49613,***,23-국방부근지단 출근버스 용역(22K051-H),2022,UMM,국군재정관리단,제한경쟁,총액제,적격심사제,202212151100,20221215,유찰
긴급공고,UMM0740,1,49912,***,22-해병-탄두회수장치 제조,2022,UMM,국군재정관리단,일반경쟁,총액제,적격심사제,202212151100,20221215,유찰
정상공고,UMM0730,1,51195,***,"23-상병건강검진(부분,영상판독) 위탁용역(22H136-H)",2022,UMM,국군재정관리단,제한경쟁,총액제,적격심사제,202212151100,20221215,낙찰
연기공고,UMM0722,2,52079,***,22-국-00본부 화상회의체계 구매설치,2022,UMM,국군재정관리단,제한경쟁,총액제,적격심사제,202212151100,20221215,낙찰
정상공고,UMM0728,1,56104,***,23-전세버스 수송 용역,2022,UMM,국군재정관리단,일반경쟁,총액제,적격심사제,202212151100,20221215,낙찰
긴급공고,UMM0747,1,56564,***,(22G215-I) 노후 네트워크 LAN 교체사업 금융리스,2022,UMM,국군재정관리단,수의계약,총액제,최저가격제,202212151100,20221215,유찰
긴급공고,UMM0748,1,57056,***,(226440-E)KCTC 대대급(사후검토실) 장비교체,2022,UMM,국군재정관리단,일반경쟁,총액제,적격심사제,202212151100,20221215,낙찰
정상공고,DSS0098,1,55795,***,"모니터,출입통제체계 등 통합금융리스",2022,DSS,국군제1068부대,일반경쟁,총액제,최저가격제,202212141100,20221214,낙찰
정상공고,EHF0209,1,2B060,***,헬멧부속재,2022,EHF,미래전력사업전력운영계약팀,일반경쟁,총액제,적격심사제,202212141100,20221214,순위확정
정상공고,EHF0210,1,7504C,***,대용량 무선전송장비 부품(구매),2022,EHF,미래전력사업전력운영계약팀,일반경쟁,총액제,적격심사제,202212141030,20221214,순위확정
정상공고,EHF0202,1,9901A,***,해안감시레이더(GPW-05K) 성능개선,2022,EHF,미래전력사업전력운영계약팀,수의계약,총액제,최저가격제,202212141000,20221214,유찰
재공고,ELA0041,2,3002A,***,"트럭, 수송용(81mm박격포-II용 후속)",2022,ELA,화력총괄계약팀,일반경쟁,총액제,적격심사제,202212141100,20221214,낙찰
긴급공고,ERA0012,1,3014,***,TICN 4차양산 상용장비 구매(2차),2022,ERA,우주지휘통신총괄계약팀,수의계약,총액제,적격심사제,202212141400,20221214,순위확정
재공고,ER50003,2,5900G,***,특수작전무전기 후속구매,2023,ERA,우주지휘통신총괄계약팀,협상에의한계약(서류),총액제,최저가격제,202212141500,20221214,낙찰
긴급공고,HCM0102,1,56823,***,'23년 하늘/우주식당 식자재·축산류 구매,2022,HCM,공군교육사령부,일반경쟁,총액제,적격심사제,202212141100,20221214,낙찰
긴급공고,HCQ0067,1,56706,***,누유감지시스템 제조설치,2022,HCQ,공군제5공중기동비행단,수의계약,총액제,적격심사제,202212141100,20221214,유찰
긴급공고,LHQ0052,1,56584,***,무열마을 방범창 설치납품,2022,LHQ,제2작전사령부,제한경쟁,총액제,적격심사제,202212141030,20221214,낙찰
긴급공고,LKD0080,1,56755,***,99 예비군훈련대 신축 관급(통합배선반),2022,LKD,제32보병사단,일반경쟁,총액제,적격심사제,202212141030,20221214,낙찰
정상공고,LKP0068,1,55540,001,'23년 설날 경축특식(냉동조각케이크) 제조,2022,LKP,5군수지원사령부,수의계약,단가제,적격심사제,202212141100,20221214,유찰
정상공고,LKP0069,1,55541,001,'23년 삼일절 경축특식(훈제닭다리) 제조,2022,LKP,5군수지원사령부,제한경쟁,단가제,적격심사제,202212141100,20221214,낙찰
재공고,LQG0125,2,47237,***,00부대 연병장 개선공사 탄성포장재(트랙) 구매,2022,LQG,육군 52보병사단,제한경쟁,총액제,적격심사제,202212141100,20221214,유찰
긴급공고,LQG0162,1,56940,***,00부대 작전지휘시설 분전반 구매 납품,2022,LQG,육군 52보병사단,제한경쟁,총액제,적격심사제,202212141030,20221214,낙찰
정상공고,MDN0039,1,53417,***,병영생활관 도서구매,2022,MDN,국군화생방방호사령부,제한경쟁,총액제,적격심사제,202212141030,20221214,낙찰
긴급공고,SCF0176,1,49242,***,'22년 장기수리함정 거주격실 클리닝 용역,2022,SCF,해군군수사령부,일반경쟁,총액제,적격심사제,202212141030,20221214,낙찰
긴급공고,SCF0175,1,49429,***,P-3 야전 SIL 유지보수 정비,2022,SCF,해군군수사령부,일반경쟁,총액제,적격심사제,202212141030,20221214,낙찰
정상공고,SCR0077,1,54982,***,23-목 국수(소면) 등 254종 구매,2022,SCR,해군제3함대사령부,제한경쟁,총액제,적격심사제,202212141030,20221214,낙찰
정상공고,SFD0109,1,55639,***,23-P-CCTV 외주정비 용역,2022,SFD,제9227부대,제한경쟁,총액제,적격심사제,202212141100,20221214,낙찰
긴급공고,SFH0146,1,56814,***,23-B-전기안전관리대행 용역(도서지역),2022,SFH,제9196부대,제한경쟁,총액제,적격심사제,202212141030,20221214,낙찰
재공고,UAB0102,2,54209,***,국군복지단 체육시설업자 배상책임보험,2022,UAB,국군복지단,일반경쟁,총액제,적격심사제,202212141700,20221214,낙찰
정상공고,UAB0113,1,56331,***,국군복지단 서귀포호텔 세탁물 처리용역,2022,UAB,국군복지단,일반경쟁,총액제,적격심사제,202212141500,20221214,낙찰
긴급공고,UAC0039,1,55072,***,디지털 인쇄재료(재투자장비) 24종 구매,2022,UAC,국방출판지원단,제한경쟁,총액제,적격심사제,202212141100,20221214,낙찰
재공고,UMM0677,2,47268,***,22-해-내화비밀보관함 등 36품목 구매,2022,UMM,국군재정관리단,제한경쟁,총액제,적격심사제,202212141100,20221214,낙찰
정상공고,UMM0724,1,50306,***,23-육로화물 수송용역,2022,UMM,국군재정관리단,일반경쟁,총액제,적격심사제,202212141100,20221214,낙찰
긴급공고,UMM0737,1,50584,***,22-해-0함대 자동제어 제조설치,2022,UMM,국군재정관리단,제한경쟁,총액제,적격심사제,202212141100,20221214,낙찰
재공고,UMM0692,2,51088,***,"22-해-상용짚, 경호용 1대 구매",2022,UMM,국군재정관리단,제한경쟁,총액제,적격심사제,202212141100,20221214,낙찰
정상공고,UMM0720,1,51441,***,23-K-음식물류 폐기물 위탁처리 용역,2022,UMM,국군재정관리단,일반경쟁,총액제,적격심사제,202212141100,20221214,낙찰
정상공고,UMM0738,1,51640,***,(226466-F)육군정보체계 헬프데스크 콜센터 서버구축,2022,UMM,국군재정관리단,제한경쟁,총액제,적격심사제,202212141100,20221214,낙찰
긴급공고,UMM0733,1,53681,***,22-해-고속상륙정 통합배선반 제조설치,2022,UMM,국군재정관리단,제한경쟁,총액제,적격심사제,202212141100,20221214,낙찰
긴급공고,UMM0743,1,53827,***,(226474-B) RF기동영상전송장비 구매(리스물건),2022,UMM,국군재정관리단,일반경쟁,총액제,적격심사제,202212141100,20221214,낙찰
정상공고,UMM0737,1,54323,***,(227460-D)액상세포처리기 구매,2022,UMM,국군재정관리단,제한경쟁,총액제,적격심사제,202212141100,20221214,유찰
긴급공고,UMM0745,1,54795,***,(227472-D)00지역 영상회의시스템 구매설치 3차 사업,2022,UMM,국군재정관리단,일반경쟁,총액제,적격심사제,202212141100,20221214,낙찰
긴급공고,UMM0728,1,54987,***,(22F073-G) 23년 체력단련장 전산시스템 유지보수,2022,UMM,국군재정관리단,제한경쟁,총액제,적격심사제,202212141100,20221214,낙찰
긴급공고,UMM0740,1,55492,***,(22F075-G) 23~24년 BCTP 모델운용장비 유지보수사업,2022,UMM,국군재정관리단,일반경쟁,총액제,적격심사제,202212141100,20221214,낙찰
긴급공고,UMM0742,1,56628,***,(22G194-A)온나라 시스템 노후교체사업 금융리스,2022,UMM,국군재정관리단,일반경쟁,총액제,최저가격제,202212141100,20221214,낙찰
긴급공고,UMM0732,1,56632,***,23-25-국-워게임장비 정비 용역,2022,UMM,국군재정관리단,일반경쟁,총액제,적격심사제,202212141100,20221214,낙찰
긴급공고,UMM0735,1,56677,***,22-해-근거리전산망(LAN) 등 9건 리스,2022,UMM,국군재정관리단,일반경쟁,총액제,최저가격제,202212141100,20221214,유찰
긴급공고,UMM0736,1,56704,***,22-해병-멀티전시체계 교체사업 등 12건 통합금융리스,2022,UMM,국군재정관리단,일반경쟁,총액제,최저가격제,202212141100,20221214,낙찰
긴급공고,UMM0738,1,56743,***,22년 공군 정보/기반체계사업 6건 통합금융리스,2022,UMM,국군재정관리단,일반경쟁,총액제,최저가격제,202212141100,20221214,낙찰
긴급공고,UMM0744,1,56765,***,(22F222-I) 주전산기 교체사업 등 54건 통합금융리스,2022,UMM,국군재정관리단,일반경쟁,총액제,최저가격제,202212141100,20221214,낙찰
정상공고,EHF0203,1,8B03A,001,"방탄조끼, 파편 및 소총 방호용(특대형)",2022,EHF,미래전력사업전력운영계약팀,제한경쟁,단가제,최저가격제,202212131300,20221213,낙찰
정상공고,EHF0204,1,8B03B,001,"방탄조끼, 파편 및 소총 방호용(대형)",2022,EHF,미래전력사업전력운영계약팀,제한경쟁,단가제,최저가격제,202212131300,20221213,낙찰
정상공고,EHF0206,1,8B03C,001,"방탄조끼, 파편 및 소총 방호용(중형)",2022,EHF,미래전력사업전력운영계약팀,제한경쟁,단가제,최저가격제,202212131300,20221213,낙찰
정상공고,EHF0207,1,8B03D,001,"방탄조끼, 파편 및 소총 방호용(소형)",2022,EHF,미래전력사업전력운영계약팀,제한경쟁,단가제,최저가격제,202212131300,20221213,낙찰
긴급공고,HCL0091,1,56598,***,22-공사 외곽울타리 관급자재,2022,HCL,공군사관학교,제한경쟁,총액제,적격심사제,202212131100,20221213,낙찰
긴급공고,LBA0177,1,56075,***,'22년 부대이전 시설사업 자산취득비품 부대비품 구매,2022,LBA,제 2167부대,제한경쟁,총액제,적격심사제,202212131030,20221213,낙찰
긴급공고,LBA0180,1,56204,001,'22년 12월 식자재 다수품목 단가계약,2022,LBA,제 2167부대,일반경쟁,단가제,적격심사제,202212131030,20221213,낙찰
정상공고,LCF0553,1,55077,***,"뚜껑,주입구용 등 26항목 구매(항공)",2022,LCF,육군군수사령부,일반경쟁,총액제,적격심사제,202212131130,20221213,낙찰
긴급공고,LCM0066,1,54048,***,'23년 1~2월 부대계약 부식 구매(일반품목),2022,LCM,육군교육사령부,일반경쟁,총액제,적격심사제,202212131030,20221213,낙찰
긴급공고,LCM0067,1,54694,***,'23년 1~2월 부대계약 부식 제조(냉동빵),2022,LCM,육군교육사령부,수의계약,총액제,적격심사제,202212131030,20221213,유찰
긴급공고,LCM0068,1,55045,***,'23년 1~2월 부대계약 부식 제조(면류),2022,LCM,육군교육사령부,수의계약,총액제,적격심사제,202212131030,20221213,유찰
긴급공고,LFC0080,1,55514,***,경쟁계약 품목 23년(1~3월) 닭순살꼬치 등 26개구매,2022,LFC,육군훈련소,제한경쟁,총액제,적격심사제,202212131030,20221213,낙찰
정정공고,LFC0082,2,55531,***,육군훈련소 2023년 신정 경축특식 쿠키슈 제조구매,2022,LFC,육군훈련소,제한경쟁,총액제,적격심사제,202212131030,20221213,순위확정
긴급공고,LGM0046,1,55847,***,공기청정기 필터 구매,2022,LGM,제11기동사단,일반경쟁,총액제,적격심사제,202212131100,20221213,낙찰
긴급공고,LGP0292,1,56344,001,23-1차 빵류 다수품목 단가계약(강원서부),2022,LGP,제1군수지원사령부,일반경쟁,단가제,적격심사제,202212131100,20221213,낙찰
긴급공고,LGP0293,1,56353,001,23-1차 빵류 다수품목 단가계약(강원동부),2022,LGP,제1군수지원사령부,일반경쟁,단가제,적격심사제,202212131100,20221213,낙찰
긴급공고,LGP0294,1,56360,001,23-1차 빵류 다수품목 단가계약(경기남부),2022,LGP,제1군수지원사령부,일반경쟁,단가제,적격심사제,202212131100,20221213,낙찰
긴급공고,LGP0295,1,56363,001,23-1차 빵류 다수품목 단가계약(경기북부),2022,LGP,제1군수지원사령부,일반경쟁,단가제,적격심사제,202212131100,20221213,유찰
긴급공고,LGP0296,1,56366,001,23-1차 빵류 다수품목 단가계약(경기서부),2022,LGP,제1군수지원사령부,일반경쟁,단가제,적격심사제,202212131100,20221213,낙찰
긴급공고,LGP0297,1,56414,001,22년 추가특식 에너지바 구매,2022,LGP,제1군수지원사령부,제한경쟁,단가제,적격심사제,202212131100,20221213,낙찰
긴급공고,LGP0298,1,56420,001,22년 추가특식 콜라 구매,2022,LGP,제1군수지원사령부,제한경쟁,단가제,적격심사제,202212131100,20221213,낙찰
긴급공고,LGT0029,1,55924,***,00부대 간부숙소 신축 관급자재(자동제어) 제조설치,2022,LGT,제2307부대,일반경쟁,총액제,적격심사제,202212131030,20221213,낙찰
긴급공고,LGT0030,1,56323,***,'23년 00부대 음식물쓰레기 위탁처리 용역,2022,LGT,제2307부대,제한경쟁,총액제,적격심사제,202212131030,20221213,낙찰
긴급공고,LHG0091,1,55334,***,23년 음식물쓰레기 위탁처리용역,2022,LHG,제1862부대,일반경쟁,총액제,적격심사제,202212131100,20221213,낙찰
긴급공고,LHM0096,1,53220,001,23년 1~3월 식자재 다수품목 단가계약,2022,LHM,제15보병사단,2단계경쟁(동시),단가제,최저가격제,202212131400,20221213,낙찰
정정공고,LIK0126,2,52155,001,'23년 부대계약(1~3월) 부식(일반품목) 구매,2022,LIK,제2군수지원여단,2단계경쟁(동시),단가제,최저가격제,202212131300,20221213,낙찰
긴급공고,LKG0097,1,55198,***,'23년 1~2월 부대급식계약(일반품목),2022,LKG,육군제53보병사단,일반경쟁,총액제,적격심사제,202212131100,20221213,낙찰
긴급공고,LKG0098,1,55200,***,'23년 1~2월 부대급식계약(면류),2022,LKG,육군제53보병사단,제한경쟁,총액제,적격심사제,202212131100,20221213,낙찰
긴급공고,LKG0099,1,55204,***,'23년 1~2월 부대급식계약(빵류),2022,LKG,육군제53보병사단,제한경쟁,총액제,적격심사제,202212131100,20221213,유찰
정상공고,LKP0067,1,54813,***,'23년 1~2월 부대계약품목(식자재) 구매,2022,LKP,5군수지원사령부,일반경쟁,총액제,적격심사제,202212131100,20221213,낙찰
긴급공고,LKP0070,1,55653,001,'22년 추가 경축특식(마카롱) 제조,2022,LKP,5군수지원사령부,제한경쟁,단가제,적격심사제,202212131100,20221213,낙찰
긴급공고,LKP0071,1,55655,001,'22년 추가 경축특식(훈제닭다리) 제조,2022,LKP,5군수지원사령부,제한경쟁,단가제,적격심사제,202212131100,20221213,낙찰
긴급공고,LMK0086,1,56229,***,[22-12(14)] 체육관 신축(자동제어장치) 제조설치,2022,LMK,제6보병사단,제한경쟁,총액제,적격심사제,202212131030,20221213,낙찰
긴급공고,LNF0049,1,56355,***,23년 1~3월 부대계약 식자재 납품(빵류-냉동빵),2022,LNF,제1보병사단,일반경쟁,총액제,적격심사제,202212131100,20221213,유찰
긴급공고,LNG0102,1,56307,***,101정보통신단 관급(리프트),2022,LNG,육군 제1군단,일반경쟁,총액제,적격심사제,202212131100,20221213,낙찰
긴급공고,LNG0104,1,56362,***,00부대 개편사업 호이스트크레인,2022,LNG,육군 제1군단,일반경쟁,총액제,적격심사제,202212131100,20221213,낙찰
긴급공고,LNG0105,1,56370,***,00부대 개편사업 콘크리트파일,2022,LNG,육군 제1군단,일반경쟁,총액제,적격심사제,202212131100,20221213,낙찰
긴급공고,LNG0106,1,56381,***,00부대 한국형헬기 후속양산 콘크리트파일,2022,LNG,육군 제1군단,일반경쟁,총액제,적격심사제,202212131100,20221213,낙찰
긴급공고,LQG0161,1,55939,***,"00부대 작전지휘시설 수배전반, MCC반 제조 설치 납품",2022,LQG,육군 52보병사단,제한경쟁,총액제,적격심사제,202212131030,20221213,낙찰
긴급공고,MCS0092,1,54061,***,'23년 간부식당 식자재 구매,2022,MCS,국방부계룡대근무지원단,일반경쟁,총액제,적격심사제,202212131100,20221213,낙찰
정상공고,MCX0052,1,54918,***,23년 자운대지역 음식물류 폐기물 처리 용역,2022,MCX,자운대근무지원연대,제한경쟁,총액제,적격심사제,202212131100,20221213,낙찰
정정공고,MDD0135,3,43533,***,2022 재투자 의무장비(흡인기 음압치료용) 구매,2022,MDD,국군수도병원,제한경쟁,총액제,적격심사제,202212131100,20221213,유찰
정정공고,MDD0149,4,47029,***,2022 재투자 의무장비(생활심전도계) 구매,2022,MDD,국군수도병원,수의계약,총액제,적격심사제,202212131100,20221213,유찰
긴급공고,MDK0043,1,54714,***,22-3차 동명부대 재보급물자 수송관리 용역,2022,MDK,국군수송사령부,일반경쟁,총액제,적격심사제,202212131030,20221213,낙찰
긴급공고,MDK0045,1,55508,***,22-3차 한빛부대 재보급물자 수송관리 용역,2022,MDK,국군수송사령부,일반경쟁,총액제,적격심사제,202212131030,20221213,낙찰
정상공고,MDN0037,1,53251,***,"기술용역 재료비(시약, 초자) 구매",2022,MDN,국군화생방방호사령부,제한경쟁,총액제,적격심사제,202212131030,20221213,낙찰
정상공고,MDN0036,1,53254,***,특수피복(방폭보호의) 구매,2022,MDN,국군화생방방호사령부,제한경쟁,총액제,적격심사제,202212131030,20221213,낙찰
정상공고,MDN0038,1,53256,***,포말제독기 제독용액 구매,2022,MDN,국군화생방방호사령부,제한경쟁,총액제,적격심사제,202212131030,20221213,낙찰
정상공고,MFH0015,1,52156,***,기준검색시스템 유지보수용역,2022,MFH,국방시설본부,협상에의한계약(전자),총액제,최저가격제,202212131100,20221213,유찰
긴급공고,SCF0169,1,42332,***,'22년 함정 청수탱크 청소 및 청락/도장 외주용역,2022,SCF,해군군수사령부,일반경쟁,총액제,적격심사제,202212131030,20221213,낙찰
긴급공고,SCF0170,1,45701,***,장보고/손원일급 잠수함 무장장전 플랫폼 정비,2022,SCF,해군군수사령부,수의계약,총액제,적격심사제,202212131030,20221213,유찰
긴급공고,SCF0171,1,45932,***,'22년 PKG MCS 유지보수 정비,2022,SCF,해군군수사령부,일반경쟁,총액제,적격심사제,202212131030,20221213,낙찰
긴급공고,SCF0168,1,46327,***,'22년 함정 실내 청락/도장 용역,2022,SCF,해군군수사령부,일반경쟁,총액제,적격심사제,202212131030,20221213,순위확정
재공고,SCF0392,2,49794,***,회로카드조립체 3EA 구매,2022,SCF,해군군수사령부,제한경쟁,총액제,적격심사제,202212131030,20221213,낙찰
긴급공고,SCF0166,1,54208,***,FFG 발전기 아마추어 정비,2022,SCF,해군군수사령부,수의계약,총액제,적격심사제,202212131030,20221213,유찰
긴급공고,SCF0167,1,54469,***,잠수함용 계류지원정(YPK-C) 선체 외주정비,2022,SCF,해군군수사령부,수의계약,총액제,적격심사제,202212131030,20221213,유찰
긴급공고,SCF0174,1,56220,***,'22년 함정 실내 격벽 응결수 방지 청락/도장 용역,2022,SCF,해군군수사령부,일반경쟁,총액제,적격심사제,202212131030,20221213,낙찰
정상공고,SCR0075,1,51732,***,23-목 콩나물 등 23종 구매,2022,SCR,해군제3함대사령부,제한경쟁,총액제,적격심사제,202212131030,20221213,낙찰
정정공고,SCU0161,2,49269,001,'23-ㅇㅇ전대 혼합폐기물 처리 용역,2022,SCU,해군 기동함대사령부,제한경쟁,단가제,적격심사제,202212131030,20221213,낙찰
정상공고,SFD0105,1,53394,***,23-P-열상장비 외주정비 용역,2022,SFD,제9227부대,제한경쟁,총액제,적격심사제,202212131100,20221213,낙찰
정상공고,SFH0144,1,55173,***,23-B-서북도서 출타장병 환승 수송용역,2022,SFH,제9196부대,제한경쟁,총액제,적격심사제,202212131030,20221213,낙찰
긴급공고,SFN0067,1,55014,***,23-Y-액화석유가스(LPG) 구매,2022,SFN,연평부대,제한경쟁,총액제,적격심사제,202212131030,20221213,낙찰
정상공고,UMM0729,1,40468,***,(226360-D)00부대 관찰통제관 부족 장비 구매,2022,UMM,국군재정관리단,일반경쟁,총액제,적격심사제,202212131100,20221213,낙찰
정상공고,UMM0735,1,49084,***,(226406-C)해상경계드론 제조 납품,2022,UMM,국군재정관리단,제한경쟁,총액제,적격심사제,202212131100,20221213,낙찰
정상공고,UMM0713,1,49612,***,23-해군 하역 용역(22H127-H),2022,UMM,국군재정관리단,일반경쟁,총액제,적격심사제,202212131100,20221213,낙찰
정상공고,UMM0715,1,49614,***,23-서북도서 해상화물 수송용역(22H131-H),2022,UMM,국군재정관리단,일반경쟁,총액제,적격심사제,202212131100,20221213,낙찰
재공고,UMM0700,2,49990,***,22-해-해상구조훈련장 콘크리트파일 제조,2022,UMM,국군재정관리단,제한경쟁,총액제,적격심사제,202212131100,20221213,유찰
재공고,UMM0699,2,50870,***,(22F067-G) 심리뇌파분석시스템 유지보수사업,2022,UMM,국군재정관리단,제한경쟁,총액제,적격심사제,202212131100,20221213,낙찰
긴급공고,UMM0727,1,50898,***,(22F074-G) 23년 육군 기록관리시스템 유지보수용역,2022,UMM,국군재정관리단,제한경쟁,총액제,적격심사제,202212131100,20221213,낙찰
정상공고,UMM0717,1,51010,***,23-공-온나라체계 유지보수 용역(22J065-F),2022,UMM,국군재정관리단,제한경쟁,총액제,적격심사제,202212131100,20221213,낙찰
정상공고,UMM0734,1,51434,***,(227457-C) 선박인양설비 제조,2022,UMM,국군재정관리단,제한경쟁,총액제,적격심사제,202212131100,20221213,낙찰
정상공고,UMM0736,1,51885,***,(226468-C) 원격교육 포털 재구축 구매 사업,2022,UMM,국군재정관리단,일반경쟁,총액제,적격심사제,202212131100,20221213,낙찰
정상공고,UMM0732,1,51895,***,(227465-E) 관급자재(보일러) 제조납품,2022,UMM,국군재정관리단,제한경쟁,총액제,적격심사제,202212131100,20221213,낙찰
재공고,UMM0712,2,52090,***,(22G211-I) 브리핑시스템 노후교체 2차 사업 금융리스,2022,UMM,국군재정관리단,수의계약,총액제,최저가격제,202212131100,20221213,유찰
정상공고,UMM0730,1,52207,***,(227459-C) 의무장비 비디오안진검사기 구매,2022,UMM,국군재정관리단,제한경쟁,총액제,적격심사제,202212131100,20221213,유찰
재공고,UMM0723,2,52229,***,(22F159-A) 22 ~ 26년 임차차량 용역,2022,UMM,국군재정관리단,일반경쟁,총액제,적격심사제,202212131100,20221213,낙찰
긴급공고,UMM0726,1,52588,***,23-24년 공군 항공무장효과분석모델 통합유지보수,2022,UMM,국군재정관리단,일반경쟁,총액제,적격심사제,202212131100,20221213,낙찰
정상공고,UMM0733,1,52610,***,(227461-E)의무장비(혈액응고측정기) 구매,2022,UMM,국군재정관리단,제한경쟁,총액제,적격심사제,202212131100,20221213,낙찰
정상공고,UMM0711,1,53508,***,22-해-고속상륙정 자동제어 제조설치,2022,UMM,국군재정관리단,제한경쟁,총액제,적격심사제,202212131100,20221213,낙찰
긴급공고,UMM0719,1,53538,***,22-해-고속상륙정 크레인 제조설치,2022,UMM,국군재정관리단,제한경쟁,총액제,적격심사제,202212131100,20221213,낙찰
긴급공고,UMM0721,1,53934,***,22-국-전자법정시스템 구매설치,2022,UMM,국군재정관리단,제한경쟁,총액제,적격심사제,202212131100,20221213,낙찰
정상공고,UMM0718,1,54018,***,22-해-0000방어대대 출입통제체계 복구사업,2022,UMM,국군재정관리단,제한경쟁,총액제,적격심사제,202212131100,20221213,낙찰
긴급공고,UMM0739,1,54064,***,(226366-E) 관급자재(항공등화) 제조,2022,UMM,국군재정관리단,수의계약,총액제,적격심사제,202212131100,20221213,유찰
정상공고,UMM0710,1,55046,***,22-해-생활관 자동제어 제조,2022,UMM,국군재정관리단,제한경쟁,총액제,적격심사제,202212131100,20221213,낙찰
정상공고,UMM0731,1,55178,***,(226355-C) VR훈련장비 구매,2022,UMM,국군재정관리단,일반경쟁,총액제,적격심사제,202212131100,20221213,유찰
정상공고,UMM0716,1,55223,***,23-공-항공정보단 전산장비 유지보수,2022,UMM,국군재정관리단,제한경쟁,총액제,적격심사제,202212131100,20221213,낙찰
긴급공고,UMM0727,1,55804,***,22-국-우주기상 통합배선 제조설치,2022,UMM,국군재정관리단,제한경쟁,총액제,적격심사제,202212131100,20221213,낙찰
긴급공고,LGD0016,1,51524,***,00부대 간부식당 민간위탁 용역,2022,LGD,육군종합행정학교,협상에의한계약(전자),총액제,최저가격제,202212121100,20221212,유찰
긴급공고,MCK0013,1,55174,***,'22년 사무용 데스크톱컴퓨터 도입사업(금융리스),2022,MCK,국방전산정보원,수의계약,총액제,최저가격제,202212121400,20221212,유찰
정정공고,MDN0034,2,51614,***,4분기 전산운영품 구매,2022,MDN,국군화생방방호사령부,제한경쟁,총액제,적격심사제,202212121030,20221212,낙찰
정상공고,SFG0133,1,54752,***,23-K-간부숙소 청소용역,2022,SFG,제9181부대,일반경쟁,총액제,적격심사제,202212121030,20221212,낙찰
긴급공고,UAC0038,1,54507,***,인쇄용지 6종 구매,2022,UAC,국방출판지원단,제한경쟁,총액제,적격심사제,202212121500,20221212,낙찰
정상공고,UMM0709,1,53280,***,22-공-방포교 생활관 냉난방기 구매설치,2022,UMM,국군재정관리단,제한경쟁,총액제,적격심사제,202212121100,20221212,낙찰
긴급공고,DSS0097,1,51887,***,군 암호체계 분석보호시스템 분석장비 구매,2022,DSS,국군제1068부대,2단계경쟁(동시),총액제,최저가격제,202212091030,20221209,유찰
정상공고,EBB0447,1,MB015,***,105/155mm 견인포 포구자동청소기,2022,EBB,지상공통전력운영계약팀,2단계경쟁(동시),총액제,최저가격제,202212091500,20221209,낙찰
긴급공고,EBB0448,1,MP012,***,수상함 압력계 테스트 포트 밸브/니플,2022,EBB,지상공통전력운영계약팀,수의계약,총액제,적격심사제,202212091430,20221209,유찰
정상공고,EUA0007,1,8282I,***,도하 작전용 무인 정찰장비(신속시범),2022,EUA,첨단기술총괄계약팀,수의계약,총액제,최저가격제,202212091000,20221209,유찰
긴급공고,HDG0036,1,52219,***,[22-13-30] 전기공사 관급자재(변압기) 구매,2022,HDG,공군제10전투비행단,제한경쟁,총액제,적격심사제,202212091030,20221209,낙찰
정상공고,MCD0052,1,51118,***,금천구 00부대 배치방안 등 연구,2022,MCD,국방부(운영지원과),수의계약,총액제,최저가격제,202212091030,20221209,유찰
정상공고,SFD0104,1,54204,***,23-P-음식물류폐기물 위탁처리 용역,2022,SFD,제9227부대,제한경쟁,총액제,적격심사제,202212091100,20221209,낙찰
정상공고,UAB0110,1,54876,***,국군복지단 대천콘도 세탁물처리 용역,2022,UAB,국군복지단,일반경쟁,총액제,적격심사제,202212091500,20221209,유찰
정상공고,UMM0705,1,52061,***,22-공-관급자재(경계울타리) 구매,2022,UMM,국군재정관리단,제한경쟁,총액제,적격심사제,202212091100,20221209,유찰
정상공고,UMM0726,1,52062,***,(227462-F)의무장비(신경항법 수술기) 구매,2022,UMM,국군재정관리단,일반경쟁,총액제,적격심사제,202212091100,20221209,낙찰
재공고,EHF0200,2,2702,***,22년 비호체계 수리부속(구매),2022,EHF,미래전력사업전력운영계약팀,일반경쟁,총액제,적격심사제,202212081100,20221208,낙찰
정상공고,ELA0049,1,K1000,***,K10탄약운반장갑차 후방카메라 장착,2022,ELA,화력총괄계약팀,일반경쟁,총액제,적격심사제,202212081030,20221208,낙찰
정상공고,ELA0050,1,K5600,***,K56탄약운반장갑차 후방카메라 장착,2022,ELA,화력총괄계약팀,일반경쟁,총액제,적격심사제,202212081030,20221208,낙찰
정상공고,ELA0051,1,K7700,***,K77탄약운반장갑차 후방카메라 장착,2022,ELA,화력총괄계약팀,일반경쟁,총액제,적격심사제,202212081030,20221208,낙찰
정상공고,ELA0047,1,K7701,***,냉각팬보호망(K77현존전력성능극대화사업),2022,ELA,화력총괄계약팀,일반경쟁,총액제,적격심사제,202212081030,20221208,낙찰
정상공고,EUA0006,1,8282H,***,상용 5G기반 공군 작전지원차량 양자암호체계,2022,EUA,첨단기술총괄계약팀,수의계약,총액제,최저가격제,202212081400,20221208,유찰
긴급공고,HCQ0066,1,54774,***,5비 누유감지 시스템 제조설치,2022,HCQ,공군제5공중기동비행단,제한경쟁,총액제,적격심사제,202212081100,20221208,유찰
정상공고,HDF0059,1,53881,***,22-0비 다목적강당 관급자재 무대장치 제조·설치,2022,HDF,공군 제8전투비행단,제한경쟁,총액제,적격심사제,202212081100,20221208,낙찰
긴급공고,LCZ0018,1,54777,***,물자보관용 PP박스 구매,2022,LCZ,동원전력사령부,제한경쟁,총액제,적격심사제,202212081030,20221208,낙찰
정정공고,LHQ0045,3,52343,***,무열회관 증개축 보수공사(조명기구),2022,LHQ,제2작전사령부,제한경쟁,총액제,적격심사제,202212081030,20221208,낙찰
긴급공고,LKD0078,1,54771,***,간부숙소 신축 관급자재 구매(타일),2022,LKD,제32보병사단,수의계약,총액제,적격심사제,202212081030,20221208,유찰
긴급공고,MCJ0009,1,54711,***,방사청 등 3개 기관 고도화 및 육군 웹메일 금융리스,2022,MCJ,국방통합데이터센터,수의계약,총액제,최저가격제,202212081100,20221208,유찰
긴급공고,MDP0019,1,54759,***,무선도청탐지장비(휴대용) 2대 구매,2022,MDP,한미연합군사령부,제한경쟁,총액제,적격심사제,202212081100,20221208,낙찰
긴급공고,MDP0020,1,54775,***,'23 ~ '24년 프린터 렌탈,2022,MDP,한미연합군사령부,제한경쟁,총액제,적격심사제,202212081100,20221208,낙찰
긴급공고,SCF0402,1,47856,***,"군악,의장 행사용 단화류 464PR 구매",2022,SCF,해군군수사령부,제한경쟁,총액제,적격심사제,202212081030,20221208,순위확정
긴급공고,UMM0707,1,49001,***,22-국-우주기상 자동제어 제조설치,2022,UMM,국군재정관리단,제한경쟁,총액제,적격심사제,202212081100,20221208,낙찰
정상공고,EQA0010,1,9000,***,회전익기 다중 데이터 실시간 전송체계 장착사업,2022,EQA,헬기총괄계약팀,2단계경쟁(동시),총액제,최저가격제,202212071700,20221207,유찰
긴급공고,ERA0011,1,2100J,***,ATCIS용 서버 및 운영체제,2022,ERA,우주지휘통신총괄계약팀,일반경쟁,총액제,적격심사제,202212071100,20221207,낙찰
정상공고,LDG0096,1,53625,***,'22년 2차 지반조사 용역,2022,LDG,육군 탄약지원사령부,제한경쟁,총액제,적격심사제,202212071030,20221207,낙찰
정상공고,LDG0097,1,53660,***,'22년 2차 내진성능평가 용역,2022,LDG,육군 탄약지원사령부,제한경쟁,총액제,적격심사제,202212071030,20221207,낙찰
정상공고,LDG0098,1,53662,***,'22년 2차 내진성능평가 검증용역,2022,LDG,육군 탄약지원사령부,제한경쟁,총액제,적격심사제,202212071030,20221207,낙찰
긴급공고,LFN0069,1,54444,***,전관방송시스템 설치납품(3사교),2022,LFN,육군3사관학교,일반경쟁,총액제,적격심사제,202212071030,20221207,낙찰
긴급공고,LGP0289,1,54467,001,23년 신정 경축특식 커피 구매,2022,LGP,제1군수지원사령부,제한경쟁,단가제,적격심사제,202212071100,20221207,낙찰
긴급공고,LGP0290,1,54468,001,23년 신정 경축특식 마카롱 제조/구매,2022,LGP,제1군수지원사령부,일반경쟁,단가제,적격심사제,202212071100,20221207,낙찰
긴급공고,LGS0051,1,53798,***,23사단 57여단 병영생활관 개수 관급자재(자동제어),2022,LGS,육군 제8군단,제한경쟁,총액제,적격심사제,202212071030,20221207,낙찰
긴급공고,LHM0099,1,54555,001,23년 1~3월 부대 계약(빵류),2022,LHM,제15보병사단,제한경쟁,단가제,적격심사제,202212071100,20221207,유찰
긴급공고,LKD0074,1,54182,***,예비군훈련대 부대개편사업 관급(99)(자동제어),2022,LKD,제32보병사단,일반경쟁,총액제,적격심사제,202212071030,20221207,낙찰
긴급공고,LKD0077,1,54222,***,간부숙소 신축 관급자재 구매(가구),2022,LKD,제32보병사단,제한경쟁,총액제,적격심사제,202212071030,20221207,낙찰
긴급공고,LKD0076,1,54223,***,간부숙소 신축 관급 제조설치(씽크대),2022,LKD,제32보병사단,제한경쟁,총액제,적격심사제,202212071030,20221207,낙찰
정정공고,LMR0056,2,52283,***,안보 테마파크 조성 방안 정책연구,2022,LMR,제5군단사령부,수의계약,총액제,최저가격제,202212071000,20221207,유찰
긴급공고,LMR0062,1,54071,***,군단 화면전시체계 구축 사업,2022,LMR,제5군단사령부,제한경쟁,총액제,적격심사제,202212071030,20221207,낙찰
정상공고,LNF0046,1,53553,***,23년 1~3월 부대계약 식자재 납품,2022,LNF,제1보병사단,일반경쟁,총액제,적격심사제,202212071100,20221207,낙찰
정상공고,LNF0048,1,53581,***,23년 1~3월 부대계약 식자재 납품(면류),2022,LNF,제1보병사단,일반경쟁,총액제,적격심사제,202212071100,20221207,낙찰
정정공고,MCN0045,2,54099,***,군수소 헬스/골프장 위탁관리 용역,2022,MCN,국방부근무지원단,일반경쟁,총액제,적격심사제,202212071030,20221207,낙찰
긴급공고,MDD0158,1,53285,***,2022년 의무장비(원심분리기 소형 탁상형) 구매 계약,2022,MDD,국군수도병원,제한경쟁,총액제,적격심사제,202212071100,20221207,유찰
긴급공고,MDD0157,1,53291,***,2022 후반기 외과(1)장비운영소모품 10품목 구매,2022,MDD,국군수도병원,제한경쟁,총액제,적격심사제,202212071100,20221207,낙찰
정상공고,MDN0035,1,51613,***,UPS 구매,2022,MDN,국군화생방방호사령부,제한경쟁,총액제,적격심사제,202212071030,20221207,낙찰
긴급공고,SCF0162,1,42251,***,PKMR ECS(기관제어장치) 유지보수 정비,2022,SCF,해군군수사령부,일반경쟁,총액제,적격심사제,202212071030,20221207,낙찰
재공고,SCF0143,3,46009,***,통합기관제어장치 회로카드 모듈재생 외주정비,2022,SCF,해군군수사령부,일반경쟁,총액제,적격심사제,202212071030,20221207,순위확정
긴급공고,SCF0164,1,54413,***,LST-II/AOE-II/MLS-II 기관제어장치 유지보수 정비,2022,SCF,해군군수사령부,일반경쟁,총액제,적격심사제,202212071030,20221207,낙찰
정상공고,UAB0102,1,54209,***,국군복지단 체육시설업자 배상책임보험,2022,UAB,국군복지단,일반경쟁,총액제,적격심사제,202212071700,20221207,유찰
재공고,UMM0667,2,43627,***,(226425-F)22년 육군 VR 안전교육장비 구매,2022,UMM,국군재정관리단,일반경쟁,총액제,적격심사제,202212071100,20221207,낙찰
정상공고,UMM0724,1,45600,***,(226428-E) 관급자재(스틸그레이팅) 제조납품,2022,UMM,국군재정관리단,제한경쟁,총액제,적격심사제,202212071100,20221207,낙찰
정상공고,UMM0701,1,48101,***,22-공-창정비시설 관급자재 통합배선 제조설치,2022,UMM,국군재정관리단,제한경쟁,총액제,적격심사제,202212071100,20221207,낙찰
재공고,UMM0715,2,49049,***,(226409-F)전투실험용상용드론(공중중계드론)제조납품,2022,UMM,국군재정관리단,수의계약,총액제,적격심사제,202212071100,20221207,유찰
재공고,EHF0199,2,7504B,***,대용량 무선전송장비 부품(제조),2022,EHF,미래전력사업전력운영계약팀,수의계약,총액제,적격심사제,202212061030,20221206,순위확정
긴급공고,ELA0048,1,6143,***,보호의 포장재,2022,ELA,화력총괄계약팀,일반경쟁,총액제,적격심사제,202212061500,20221206,순위확정
재공고,HDC0026,2,52280,***,"22-284,285 TA-50 신축건물 정비 및 전자 비품 구매",2022,HDC,공군제1전투비행단,제한경쟁,총액제,적격심사제,202212061030,20221206,낙찰
재공고,LCF0551,2,50989,***,"축,종감속기용(종감속기2/2)등 7항목제조(생능,궤도)",2022,LCF,육군군수사령부,제한경쟁,총액제,적격심사제,202212061030,20221206,유찰
재공고,LCP0037,2,49825,***,지휘용 헬기 위성통신단말기 구매,2022,LCP,육군항공사령부,제한경쟁,총액제,적격심사제,202212061030,20221206,낙찰
긴급공고,LGI0145,1,54169,***,23-1차 부대계약 후식(아이스티 등 5종)(구매),2022,LGI,제3군수지원여단,제한경쟁,총액제,적격심사제,202212061500,20221206,낙찰
긴급공고,LGI0146,1,54170,***,23-1차 부대계약 후식(파인애플스틱 등 8종)(구매),2022,LGI,제3군수지원여단,제한경쟁,총액제,적격심사제,202212061500,20221206,낙찰
긴급공고,LGS0009,1,53244,***,23경비여단(1공구) 8개소 내진성능평가,2022,LGS,육군 제8군단,수의계약,총액제,적격심사제,202212061030,20221206,유찰
긴급공고,LGS0010,1,53247,***,23경비여단(2공구) 8개소 내진성능평가,2022,LGS,육군 제8군단,제한경쟁,총액제,적격심사제,202212061030,20221206,낙찰
긴급공고,LHG0089,1,53330,***,차륜형대공포 관급자재(호이스트크레인) 제조설치,2022,LHG,제1862부대,제한경쟁,총액제,적격심사제,202212061100,20221206,낙찰
재공고,LHQ0046,2,52371,***,무열마을 방범창 설치납품,2022,LHQ,제2작전사령부,제한경쟁,총액제,적격심사제,202212061030,20221206,유찰
긴급공고,LKD0070,1,54067,***,'22년 예비군 기동대 정예화 장비 2차 제조/납품,2022,LKD,제32보병사단,수의계약,총액제,적격심사제,202212061100,20221206,유찰
정정공고,LNG0099,2,53059,***,간부숙소 초도비품 구매(전자제품),2022,LNG,육군 제1군단,제한경쟁,총액제,적격심사제,202212061030,20221206,낙찰
긴급공고,LNG0101,1,54065,***,00부대 소방설비 설치납품(재사용-019),2022,LNG,육군 제1군단,제한경쟁,총액제,적격심사제,202212061030,20221206,낙찰
긴급공고,LNQ0067,1,53772,***,감시정찰장비 비보급품(다수 품목) 구매,2022,LNQ,제17보병사단,제한경쟁,총액제,적격심사제,202212061030,20221206,낙찰
재공고,LQG0142,2,50854,***,안전점검 및 내진성능평가 용역(104공구),2022,LQG,육군 52보병사단,수의계약,총액제,적격심사제,202212061100,20221206,유찰
긴급공고,MCD0051,1,51896,***,2022 국방백서 외국어 번역,2022,MCD,국방부(운영지원과),협상에의한계약(전자),총액제,최저가격제,202212061030,20221206,낙찰
정정공고,MCM0019,2,53604,***,국방사이버훈련장 라이선스 구매,2022,MCM,4284부대,일반경쟁,총액제,적격심사제,202212061030,20221206,낙찰
정상공고,MDG0200,1,51222,***,'22년 교육훈련물자(플라스틱 들것 롤업) 구매,2022,MDG,국군의무사령부,제한경쟁,총액제,적격심사제,202212061100,20221206,낙찰
정상공고,MDG0201,1,52222,***,22-2차 취사기구(보존식냉장고 등 6품목) 구매,2022,MDG,국군의무사령부,제한경쟁,총액제,적격심사제,202212061100,20221206,유찰
정상공고,MDN0031,1,51406,***,미생물 검사셋 구매,2022,MDN,국군화생방방호사령부,제한경쟁,총액제,적격심사제,202212061030,20221206,낙찰
정상공고,MDN0029,1,51407,***,특수피복(작전모 등 5종) 구매,2022,MDN,국군화생방방호사령부,제한경쟁,총액제,적격심사제,202212061030,20221206,낙찰
정상공고,MDN0030,1,51458,***,소방기구 구매,2022,MDN,국군화생방방호사령부,제한경쟁,총액제,적격심사제,202212061030,20221206,유찰
정상공고,MDN0033,1,51908,***,어린이집 교구 및 비품 구매,2022,MDN,국군화생방방호사령부,제한경쟁,총액제,적격심사제,202212061030,20221206,낙찰
긴급공고,MDN0032,1,51909,***,방역복 구매,2022,MDN,국군화생방방호사령부,제한경쟁,총액제,적격심사제,202212061030,20221206,낙찰
긴급공고,NIT0016,1,53310,***,22년 디지털포렌식 SW 라이센스 갱신,2022,NIT,국방부조사본부,제한경쟁,총액제,적격심사제,202212061030,20221206,낙찰
재공고,SCF0134,2,39928,***,'22년 FFG 헬기 유도장치 정비,2022,SCF,해군군수사령부,일반경쟁,총액제,적격심사제,202212061030,20221206,순위확정
긴급공고,SCF0160,1,42250,***,FFG-l ECS(기관제어장치) 유지보수 정비,2022,SCF,해군군수사령부,일반경쟁,총액제,적격심사제,202212061030,20221206,낙찰
재공고,SCF0595,2,43402,***,"(긴급)시동기,전동기용 등 4종 구매",2022,SCF,해군군수사령부,제한경쟁,총액제,적격심사제,202212061030,20221206,낙찰
긴급공고,SCF0159,1,44744,***,링스 항공기 무선용 송신기 조립체 정비,2022,SCF,해군군수사령부,수의계약,총액제,적격심사제,202212061030,20221206,유찰
재공고,SCF0393,2,46893,***,"백색각반, 의장용 등 7종 구매",2022,SCF,해군군수사령부,제한경쟁,총액제,적격심사제,202212061030,20221206,순위확정
재공고,SCF0642,2,49016,***,(긴급) VR장비세트 등 2종,2022,SCF,해군군수사령부,수의계약,총액제,적격심사제,202212061030,20221206,유찰
긴급공고,SCF0401,1,51181,***,중소형함용 측심기 1SET 구매,2022,SCF,해군군수사령부,제한경쟁,총액제,적격심사제,202212061030,20221206,유찰
긴급공고,SCF0400,1,53080,***,의장 예식도 15EA 구매,2022,SCF,해군군수사령부,제한경쟁,총액제,적격심사제,202212061030,20221206,순위확정
긴급공고,SCF0157,1,53253,***,P-3 엔진시험기 유지보수 정비,2022,SCF,해군군수사령부,일반경쟁,총액제,적격심사제,202212061030,20221206,낙찰
재공고,UMM0683,2,41559,***,(226374-C) BIM 설계SW 구매,2022,UMM,국군재정관리단,제한경쟁,총액제,적격심사제,202212061100,20221206,낙찰
긴급공고,UMM0699,1,43417,***,22-해-정비창 크레인 제조설치,2022,UMM,국군재정관리단,제한경쟁,총액제,적격심사제,202212061100,20221206,낙찰
긴급공고,UMM0702,1,44140,***,22-해-기동반 제조설치,2022,UMM,국군재정관리단,제한경쟁,총액제,적격심사제,202212061100,20221206,유찰
긴급공고,UMM0720,1,48332,***,(22F070-G) 경계용 영상분석 데이터셋 구축,2022,UMM,국군재정관리단,일반경쟁,총액제,적격심사제,202212061100,20221206,낙찰
긴급공고,UMM0698,1,50662,***,22-캄보디아 공여 장비물자 수송관리 용역,2022,UMM,국군재정관리단,제한경쟁,총액제,적격심사제,202212061100,20221206,낙찰
정상공고,UMM0721,1,53175,***,(226337-C) 기동영상장비 구매(리스물건),2022,UMM,국군재정관리단,일반경쟁,총액제,적격심사제,202212061100,20221206,낙찰
긴급공고,UMM0722,1,53246,***,(226079-G) 미래군단 지휘통제실 전시체계 구축사업,2022,UMM,국군재정관리단,일반경쟁,총액제,적격심사제,202212061100,20221206,낙찰
긴급공고,LCG0122,1,52647,***,육군 의료기관 잠복결핵 검진용역,2022,LCG,육군본부,일반경쟁,총액제,적격심사제,202212051030,20221205,낙찰
정상공고,LDH1028,1,52689,001,폐합성수지(폐염화비닐수지류제외) 위탁처리 용역,2022,LDH,육군종합정비창,제한경쟁,단가제,적격심사제,202212051300,20221205,낙찰
긴급공고,LNS0081,1,53585,***,과학화훈련대 과학화체계 유지ㆍ보수 용역,2022,LNS,제55보병사단,제한경쟁,총액제,적격심사제,202212051100,20221205,낙찰
긴급공고,MCM0018,1,51970,***,00체계 라이선스 구매(연장),2022,MCM,4284부대,일반경쟁,총액제,적격심사제,202212051030,20221205,유찰
긴급공고,MDD0156,1,51892,***,2022년 의약품(pelubiprofen 45mg) 구매계약,2022,MDD,국군수도병원,제한경쟁,총액제,적격심사제,202212051100,20221205,낙찰
정상공고,UMM0708,1,49164,***,(227455-E) 디지털포렌식 SW라이선스 구매,2022,UMM,국군재정관리단,제한경쟁,총액제,적격심사제,202212051100,20221205,낙찰
정상공고,UMM0717,1,52602,***,(226395-E) 체력단련장 관리장비(굴삭기) 구매,2022,UMM,국군재정관리단,제한경쟁,총액제,적격심사제,202212051100,20221205,낙찰
정상공고,EKA0050,1,2870F,***,지능형 항재밍 센서 장착(K21 현존 전력 극대화 사업),2022,EKA,기동총괄계약팀,수의계약,총액제,최저가격제,202212021030,20221202,유찰
정상공고,EKA0049,1,7310A,***,"유조차(4,000G/A)",2022,EKA,기동총괄계약팀,일반경쟁,총액제,적격심사제,202212021030,20221202,낙찰
긴급공고,ET40005,1,4306,***,위성위치보고장치 구매사업,2023,ETA,감시전자총괄계약팀,협상에의한계약(서류),총액제,최저가격제,202212021530,20221202,낙찰
긴급공고,LHG0088,1,52290,***,신형 월경방지 경고판 교체,2022,LHG,제1862부대,제한경쟁,총액제,적격심사제,202212021030,20221202,낙찰
정상공고,LQG0158,1,52620,***,00훈련대 야자매트 구매 납품,2022,LQG,육군 52보병사단,제한경쟁,총액제,적격심사제,202212021030,20221202,낙찰
재공고,MCD0044,2,46610,***,군인 공상 추정기준 수립 연구,2022,MCD,국방부(운영지원과),협상에의한계약(전자),총액제,최저가격제,202212021030,20221202,낙찰
정상공고,MCD0048,1,50082,***,지뢰대응법 하위 법령등에 관한 연구,2022,MCD,국방부(운영지원과),협상에의한계약(전자),총액제,최저가격제,202212021030,20221202,낙찰
정정공고,MCD0049,2,51180,***,민군복합타운 조성을 위한 제도적 방안 연구,2022,MCD,국방부(운영지원과),협상에의한계약(전자),총액제,최저가격제,202212021030,20221202,낙찰
긴급공고,MCM0017,1,51527,***,00체계 스토리지용량 증설물품구매,2022,MCM,4284부대,일반경쟁,총액제,적격심사제,202212021100,20221202,낙찰
정상공고,UMM0711,1,49044,***,(226441-C)실습장비 굴착기 구매,2022,UMM,국군재정관리단,일반경쟁,총액제,적격심사제,202212021100,20221202,낙찰
정상공고,UMM0697,1,49974,***,22-해-군악기 21종 구매,2022,UMM,국군재정관리단,일반경쟁,총액제,적격심사제,202212021100,20221202,유찰
정상공고,UMM0696,1,50281,***,22-해-사병 동행사복 등 6종 제조,2022,UMM,국군재정관리단,제한경쟁,총액제,적격심사제,202212021100,20221202,낙찰
정상공고,UMM0695,1,52179,***,22-해병-00생활관 자동제어 제조,2022,UMM,국군재정관리단,제한경쟁,총액제,적격심사제,202212021100,20221202,낙찰
긴급공고,LHD0043,1,52396,***,"부대구매 의료기재, 장비운영소모품 구매(A174)",2022,LHD,제21보병사단,제한경쟁,총액제,적격심사제,202212011030,20221201,낙찰
긴급공고,LHQ0047,1,52528,***,공정사단 본부 및 A여단 개편사업(금속제창),2022,LHQ,제2작전사령부,제한경쟁,총액제,적격심사제,202212011030,20221201,낙찰
긴급공고,LHQ0048,1,52529,***,공정사단 본부 및 A여단 개편사업(금속제패널),2022,LHQ,제2작전사령부,제한경쟁,총액제,적격심사제,202212011030,20221201,낙찰
긴급공고,LKD0067,1,52633,***,육-00사단 방탄조끼 Ⅰ형 제조/납품,2022,LKD,제32보병사단,제한경쟁,총액제,적격심사제,202212011100,20221201,낙찰
긴급공고,LKD0068,1,52642,***,육-00사단 전투용 응급처치키트 구매,2022,LKD,제32보병사단,제한경쟁,총액제,적격심사제,202212011100,20221201,낙찰
긴급공고,LNG0096,1,50804,***,주거시설 민간위탁 관리용역,2022,LNG,육군 제1군단,2단계경쟁(동시),총액제,최저가격제,202212011030,20221201,낙찰
긴급공고,LPK0057,1,52643,***,22년 윤활유 구매,2022,LPK,제8기동사단,제한경쟁,총액제,적격심사제,202212011100,20221201,낙찰
정상공고,LQG0148,1,51935,***,00부대 사무자동화 비품 제조 납품,2022,LQG,육군 52보병사단,제한경쟁,총액제,적격심사제,202212011030,20221201,낙찰
긴급공고,SCF0152,1,44482,***,잠수함(SS-I) 디젤엔진 조속기 정비(2차),2022,SCF,해군군수사령부,일반경쟁,총액제,적격심사제,202212011030,20221201,낙찰
긴급공고,SCF0154,1,45171,***,링스 항공기 기내녹음장비 유지보수 정비,2022,SCF,해군군수사령부,수의계약,총액제,적격심사제,202212011030,20221201,유찰
긴급공고,SCF0151,1,45688,***,잠수함(SS-II) TCC배전반 자동추진제어(APC) 정비,2022,SCF,해군군수사령부,수의계약,총액제,적격심사제,202212011030,20221201,순위확정
긴급공고,SCF0155,1,49418,***,'22년 함정 조명계통(LED) 교체 용역,2022,SCF,해군군수사령부,일반경쟁,총액제,적격심사제,202212011030,20221201,유찰
긴급공고,SCF0399,1,50482,***,대테러흑복야전상의 36EA 구매,2022,SCF,해군군수사령부,제한경쟁,총액제,적격심사제,202212011030,20221201,순위확정
긴급공고,SCF0156,1,52613,***,함정 유류탱크 소제 용역,2022,SCF,해군군수사령부,일반경쟁,총액제,적격심사제,202212011030,20221201,낙찰
정상공고,SCG0105,1,42065,***,22-3차 개념설계 기술지원 연구용역,2022,SCG,해군본부,협상에의한계약(전자),총액제,최저가격제,202212011000,20221201,낙찰
긴급공고,UAC0036,1,51581,***,디지털 윤전용지 등 2종 구매,2022,UAC,국방출판지원단,제한경쟁,총액제,적격심사제,202212011100,20221201,낙찰
긴급공고,UAC0037,1,51592,***,인쇄재료 56종 구매,2022,UAC,국방출판지원단,제한경쟁,총액제,적격심사제,202212011100,20221201,낙찰
재공고,UMM0670,2,46059,***,(22F119-I) 22년~23년 간부피복 택배 용역,2022,UMM,국군재정관리단,일반경쟁,총액제,적격심사제,202212011100,20221201,낙찰
긴급공고,UMM0718,1,48977,***,(226408-E)전투실험용 상용드론(조명방송드론) 제조,2022,UMM,국군재정관리단,제한경쟁,총액제,적격심사제,202212011100,20221201,낙찰
긴급공고,UMM0716,1,51315,***,(227467-F)부대조달정보체계 콜센터 구축,2022,UMM,국군재정관리단,제한경쟁,총액제,적격심사제,202212011100,20221201,낙찰
정상공고,UMM0707,1,51423,***,(227447-E) 전투부상자 전신마네킹 구매,2022,UMM,국군재정관리단,제한경쟁,총액제,적격심사제,202212011100,20221201,낙찰
긴급공고,UMM0714,1,52475,***,(22G207-I)차세대지능형SDDC기반DIDC구축금융리스,2022,UMM,국군재정관리단,일반경쟁,총액제,최저가격제,202212011100,20221201,낙찰
정상공고,EHF0199,1,7504B,***,대용량 무선전송장비 부품(제조),2022,EHF,미래전력사업전력운영계약팀,수의계약,총액제,적격심사제,202211301100,20221130,유찰
정정공고,ELA0043,3,5531T,***,22년 105mm 대전차고폭예광탄 목상자,2022,ELA,화력총괄계약팀,수의계약,총액제,적격심사제,202211301100,20221130,유찰
재공고,LCF0548,2,47882,***,"방활구 등 2항목 제조(생산능력,궤도)",2022,LCF,육군군수사령부,수의계약,총액제,적격심사제,202211301030,20221130,순위확정
정상공고,LDH1006,1,51324,***,통신장비 수리부속 부호기 구매,2022,LDH,육군종합정비창,수의계약,총액제,적격심사제,202211301000,20221130,유찰
긴급공고,LGP0263,1,52299,001,22년 성탄절 경축특식 조각케익 제조,2022,LGP,제1군수지원사령부,일반경쟁,단가제,적격심사제,202211301100,20221130,낙찰
긴급공고,LGP0278,1,52349,001,22년 성탄절 경축특식 커피 구매,2022,LGP,제1군수지원사령부,제한경쟁,단가제,적격심사제,202211301100,20221130,낙찰
긴급공고,LHQ0046,1,52371,***,무열마을 방범창 설치납품,2022,LHQ,제2작전사령부,제한경쟁,총액제,적격심사제,202211301030,20221130,유찰
긴급공고,LKT0072,1,52151,***,(육성) 22-2차 육성지원 핸드토키 임차 용역,2022,LKT,제1989부대,수의계약,총액제,적격심사제,202211301030,20221130,유찰
긴급공고,LKT0073,1,52152,***,(육성) 22-4차 육성지원 핸드토키 제조 구매,2022,LKT,제1989부대,제한경쟁,총액제,적격심사제,202211301030,20221130,낙찰
긴급공고,LQG0154,1,52392,***,내진성능평가 지반조사 용역(131공구),2022,LQG,육군 52보병사단,제한경쟁,총액제,적격심사제,202211301100,20221130,낙찰
긴급공고,LQG0155,1,52393,***,00부대 노후시설 보수공사 탄성포장재 설치,2022,LQG,육군 52보병사단,제한경쟁,총액제,적격심사제,202211301100,20221130,낙찰
정상공고,MDD0153,1,49691,***,2023년 국군수도병원 승강기 유지관리 용역,2022,MDD,국군수도병원,제한경쟁,총액제,적격심사제,202211301700,20221130,낙찰
재공고,SCF0131,2,40874,***,잠수함(SS-I) 직류 전동기(통풍팬모터) 정비,2022,SCF,해군군수사령부,일반경쟁,총액제,적격심사제,202211301030,20221130,낙찰
재공고,SCF0602,2,43538,***,"(긴급)벨트,V형 등 4종 구매",2022,SCF,해군군수사령부,제한경쟁,총액제,적격심사제,202211301030,20221130,유찰
재공고,SCF0143,2,46009,***,통합기관제어장치 회로카드 모듈재생 외주정비,2022,SCF,해군군수사령부,일반경쟁,총액제,적격심사제,202211301030,20221130,순위확정
긴급공고,SCF0398,1,47395,***,"군악, 의장 백색예식장갑 5,312PR 제조",2022,SCF,해군군수사령부,제한경쟁,총액제,적격심사제,202211301030,20221130,낙찰
긴급공고,SFC0139,1,52075,***,국민안보공감 홍보물품 2차 구매,2022,SFC,제9691부대,제한경쟁,총액제,적격심사제,202211301100,20221130,낙찰
재공고,SFM0101,2,49949,***,23-S-취사용 LPG 구매,2022,SFM,제3170부대,제한경쟁,총액제,적격심사제,202211301030,20221130,낙찰
정상공고,UAB0079,1,52128,***,국군복지단 소개영상 제작,2022,UAB,국군복지단,일반경쟁,총액제,적격심사제,202211301700,20221130,낙찰
긴급공고,UMM0709,1,50057,***,(226458-E) 교육훈련장비(피로시험기) 구매,2022,UMM,국군재정관리단,제한경쟁,총액제,적격심사제,202211301100,20221130,유찰
정상공고,EHF0201,1,4505G,***,22년 수상함용 레이더 부품(구매)(B),2022,EHF,미래전력사업전력운영계약팀,일반경쟁,총액제,적격심사제,202211291100,20221129,유찰
정상공고,ELA0045,1,5530L,***,22년 탄약 지환통류(60/81/105mm),2022,ELA,화력총괄계약팀,일반경쟁,총액제,적격심사제,202211291100,20221129,유찰
정정공고,ELA0046,2,6130,***,"종이,화학제 탐지기용(KM9)",2022,ELA,화력총괄계약팀,일반경쟁,총액제,적격심사제,202211291500,20221129,낙찰
긴급공고,HCF0216,1,51509,***,[(K)F-16 부품]RAM COATING 2종 구매,2022,HCF,공군군수사령부,제한경쟁,총액제,적격심사제,202211291030,20221129,유찰
긴급공고,HFG0005,1,47207,***,전술정보체계 이종프로토콜연동장치도입사업,2022,HFG,공군제7항공통신전대,제한경쟁,총액제,적격심사제,202211291100,20221129,낙찰
정상공고,LBA0176,1,51190,001,'22년 11~12월 부대조달 부식(면류) 구매,2022,LBA,제 2167부대,제한경쟁,단가제,적격심사제,202211291030,20221129,낙찰
정정공고,LCF0546,3,47455,***,전원증폭기 등 15항목 구매(궤도),2022,LCF,육군군수사령부,일반경쟁,총액제,적격심사제,202211291030,20221129,순위확정
정상공고,LCF0551,1,50989,***,"축,종감속기용(종감속기2/2)등 7항목제조(생능,궤도)",2022,LCF,육군군수사령부,제한경쟁,총액제,적격심사제,202211291030,20221129,유찰
긴급공고,LGP0249,1,51938,***,22년 내진성능평가 용역(1공구),2022,LGP,제1군수지원사령부,제한경쟁,총액제,적격심사제,202211291100,20221129,낙찰
긴급공고,LGP0250,1,51941,***,22년 내진성능평가 용역(2공구),2022,LGP,제1군수지원사령부,제한경쟁,총액제,적격심사제,202211291100,20221129,낙찰
긴급공고,LGP0251,1,51944,***,22년 내진성능평가 용역(3공구),2022,LGP,제1군수지원사령부,제한경쟁,총액제,적격심사제,202211291100,20221129,낙찰
긴급공고,LGP0252,1,51945,***,22년 내진성능평가 용역(4공구),2022,LGP,제1군수지원사령부,제한경쟁,총액제,적격심사제,202211291100,20221129,낙찰
긴급공고,LGP0253,1,51948,***,22년 내진성능평가 용역(5공구),2022,LGP,제1군수지원사령부,제한경쟁,총액제,적격심사제,202211291100,20221129,낙찰
긴급공고,LGP0254,1,51950,***,22년 내진성능평가 용역(6공구),2022,LGP,제1군수지원사령부,일반경쟁,총액제,적격심사제,202211291100,20221129,낙찰
긴급공고,LGP0255,1,51951,***,22년 내진성능평가 용역(7공구),2022,LGP,제1군수지원사령부,일반경쟁,총액제,적격심사제,202211291100,20221129,낙찰
긴급공고,LHD0042,1,51074,***,월경방지 경고표지판 제조(1323),2022,LHD,제21보병사단,제한경쟁,총액제,적격심사제,202211291030,20221129,낙찰
긴급공고,LKF0026,1,51503,***,22년 육성지원 작전용드론 구매,2022,LKF,제6755부대,일반경쟁,총액제,적격심사제,202211291030,20221129,낙찰
긴급공고,LKG0089,1,51584,***,53사단 식기세척기 임차용역,2022,LKG,육군제53보병사단,제한경쟁,총액제,적격심사제,202211291100,20221129,낙찰
긴급공고,LMK0081,1,51242,***,[22-11(13)] 실전훈련장 구축(통합배선) 제조설치,2022,LMK,제6보병사단,제한경쟁,총액제,적격심사제,202211291030,20221129,낙찰
긴급공고,LNT0060,1,51564,***,23년 음식물쓰레기 처리용역,2022,LNT,제28보병사단,일반경쟁,총액제,적격심사제,202211291030,20221129,낙찰
긴급공고,LNT0071,1,51981,***,DMZ 중거리카메라 제조설치,2022,LNT,제28보병사단,제한경쟁,총액제,적격심사제,202211291030,20221129,유찰
긴급공고,LQG0150,1,52010,***,00부대 노후시설 보수공사 디자인형울타리 설치,2022,LQG,육군 52보병사단,제한경쟁,총액제,적격심사제,202211291100,20221129,낙찰
긴급공고,LQG0151,1,52011,***,00부대 노후시설 보수공사 데크 목재 설치,2022,LQG,육군 52보병사단,제한경쟁,총액제,적격심사제,202211291100,20221129,낙찰
긴급공고,LQG0152,1,52012,***,00부대 노후시설 보수공사 파고라 설치,2022,LQG,육군 52보병사단,제한경쟁,총액제,적격심사제,202211291100,20221129,낙찰
긴급공고,MDD0154,1,49749,***,22년 의무장비(음향비강통기검사장비) 구매계약,2022,MDD,국군수도병원,제한경쟁,총액제,적격심사제,202211291100,20221129,낙찰
긴급공고,MDD0155,1,51094,***,22년 4-9차 의무비품 구매,2022,MDD,국군수도병원,제한경쟁,총액제,적격심사제,202211291100,20221129,낙찰
긴급공고,SCF0148,1,41925,***,AOE 보수통제장치(DCC) 정비,2022,SCF,해군군수사령부,일반경쟁,총액제,적격심사제,202211291030,20221129,낙찰
긴급공고,SCF0397,1,42840,***,"30발탄창파우치 1,148EA 구매",2022,SCF,해군군수사령부,제한경쟁,총액제,적격심사제,202211291030,20221129,낙찰
긴급공고,SCF0149,1,43010,***,함정 비행갑판 안전망 개조 외주정비,2022,SCF,해군군수사령부,일반경쟁,총액제,적격심사제,202211291030,20221129,낙찰
재공고,SCF0596,2,43377,***,"(긴급)전원공급기,무정전식 등 12종 구매",2022,SCF,해군군수사령부,제한경쟁,총액제,적격심사제,202211291030,20221129,유찰
긴급공고,SCF0396,1,45298,***,전원분배장치 2EA구매,2022,SCF,해군군수사령부,제한경쟁,총액제,적격심사제,202211291030,20221129,낙찰
재공고,SCF0631,2,46190,***,"(긴급) 판, 금속제 등 52종",2022,SCF,해군군수사령부,제한경쟁,총액제,적격심사제,202211291030,20221129,유찰
긴급공고,SCF0150,1,46239,***,LPH 연료유탱크 관통배관(소자케이블) 유밀처리 용역,2022,SCF,해군군수사령부,일반경쟁,총액제,적격심사제,202211291030,20221129,낙찰
재공고,SCF0628,2,47300,***,"(긴급)장치대,탄력형,일반목적용 등 2종",2022,SCF,해군군수사령부,제한경쟁,총액제,적격심사제,202211291030,20221129,낙찰
긴급공고,SCF0147,1,50887,***,항공교통관제 시뮬레이터 유지보수 용역,2022,SCF,해군군수사령부,일반경쟁,총액제,적격심사제,202211291030,20221129,낙찰
긴급공고,UMM0699,1,50870,***,(22F067-G) 심리뇌파분석시스템 유지보수사업,2022,UMM,국군재정관리단,제한경쟁,총액제,적격심사제,202211291100,20221129,유찰
긴급공고,UMM0700,1,50995,***,(226405-F)간부숙소비품(에어컨) 구매설치,2022,UMM,국군재정관리단,일반경쟁,총액제,적격심사제,202211291100,20221129,낙찰
정상공고,UMM0692,1,51088,***,"22-해-상용짚, 경호용 1대 구매",2022,UMM,국군재정관리단,제한경쟁,총액제,적격심사제,202211291100,20221129,유찰
긴급공고,UMM0704,1,51402,***,(22G186-A)노후 네트워크장비 교체사업 금융리스,2022,UMM,국군재정관리단,수의계약,총액제,최저가격제,202211291100,20221129,유찰
긴급공고,UMM0705,1,51428,***,(22G208-A)정보통신망 네트워크 장비 교체 금융리스,2022,UMM,국군재정관리단,일반경쟁,총액제,최저가격제,202211291100,20221129,유찰
긴급공고,UMM0694,1,51542,***,22-해-건선거 GATE 제조설치(228269-E),2022,UMM,국군재정관리단,일반경쟁,총액제,적격심사제,202211291100,20221129,낙찰
긴급공고,UMM0706,1,51689,***,(227050-H)22교육정보시스템 주전산기 교체(리스물건),2022,UMM,국군재정관리단,일반경쟁,총액제,적격심사제,202211291100,20221129,낙찰
정상공고,EKA0048,1,4150,***,위장망체계 지지대세트류(소형전술차량),2022,EKA,기동총괄계약팀,제한경쟁,총액제,적격심사제,202211281030,20221128,낙찰
재공고,EQA0008,2,9100,***,KUH-1 비행훈련 시뮬레이터 개선사업,2022,EQA,헬기총괄계약팀,수의계약,총액제,최저가격제,202211281500,20221128,유찰
긴급공고,LCG0119,1,50849,***,과학수사대 디지털 증거수집 장비도입 사업,2022,LCG,육군본부,제한경쟁,총액제,적격심사제,202211281030,20221128,낙찰
긴급공고,LCG0118,1,50970,***,강화유리용 비닐테이프(통신보안 경고용 스티커) 구매,2022,LCG,육군본부,제한경쟁,총액제,적격심사제,202211281030,20221128,낙찰
재공고,LHG0082,2,48679,***,12월 부대조달 식자재 납품(빵류),2022,LHG,제1862부대,제한경쟁,총액제,적격심사제,202211281030,20221128,낙찰
재공고,LHG0083,2,48700,***,12월 부대조달 식자재 납품(식육가공품류 - 돈가스),2022,LHG,제1862부대,제한경쟁,총액제,적격심사제,202211281030,20221128,낙찰
재공고,LHG0085,2,48720,***,12월 부대조달 식자재 납품(식육가공품류 - 햄),2022,LHG,제1862부대,제한경쟁,총액제,적격심사제,202211281030,20221128,낙찰
긴급공고,LKT0070,1,50972,***,22년 12월 부대조달 급식품목(빵류) 제조구매,2022,LKT,제1989부대,제한경쟁,총액제,적격심사제,202211281530,20221128,낙찰
재공고,SCU0129,2,48170,***,등심돈까스 등 3종 구매,2022,SCU,해군 기동함대사령부,수의계약,총액제,적격심사제,202211281030,20221128,유찰
재공고,SCU0143,2,48251,***,배추김치 2종 구매,2022,SCU,해군 기동함대사령부,제한경쟁,총액제,적격심사제,202211281030,20221128,낙찰
재공고,SCU0144,2,48253,***,깍두기김치 등 7종 구매,2022,SCU,해군 기동함대사령부,수의계약,총액제,적격심사제,202211281030,20221128,유찰
재공고,SFC0135,2,49860,***,'22년 선박 및 차량(윙바디) 임차 용역,2022,SFC,제9691부대,수의계약,총액제,적격심사제,202211281100,20221128,유찰
정상공고,UMM0689,1,50728,***,22-공-전자감응식 헤드셋 추가 구매(229179-F),2022,UMM,국군재정관리단,일반경쟁,총액제,적격심사제,202211281100,20221128,낙찰
정상공고,EKA0047,1,7260B,***,"쉘타, 비전개식(2½톤 사격지휘차용)",2022,EKA,기동총괄계약팀,수의계약,총액제,적격심사제,202211251030,20221125,유찰
정상공고,EPA0024,1,7360A,***,활주로 진공청소차,2022,EPA,항공기총괄계약팀,일반경쟁,총액제,적격심사제,202211251400,20221125,낙찰
정정공고,UAF0001,3,40669,***,"군인연금기금 위험관리, 성과평가 및 자산운용컨설팅",2022,UAF,국방부 인사복지실,수의계약,총액제,최저가격제,202211251600,20221125,유찰
재공고,UMM0001,2,40577,***,22-공-00비 방호성능평가용역(D093),2022,UMM,국군재정관리단,수의계약,총액제,최저가격제,202211251030,20221125,유찰
정상공고,UMM0697,1,42365,***,(226384-C)탄약실습장 정비용장비 제조설치,2022,UMM,국군재정관리단,일반경쟁,총액제,적격심사제,202211251100,20221125,낙찰
정상공고,UMM0694,1,44908,***,(226411-D)포신스프링시험장비 제조 설치,2022,UMM,국군재정관리단,제한경쟁,총액제,적격심사제,202211251100,20221125,낙찰
정상공고,UMM0698,1,46972,***,(227445-C)출입통제체계 구매 사업,2022,UMM,국군재정관리단,제한경쟁,총액제,적격심사제,202211251100,20221125,낙찰
정상공고,UMM0695,1,48805,***,(226429-F)내부방탄복 등 2종 제조납품,2022,UMM,국군재정관리단,제한경쟁,총액제,적격심사제,202211251100,20221125,낙찰
정상공고,UMM0696,1,50452,***,(226397-B)체력단련장 관리장비 4종 구매,2022,UMM,국군재정관리단,제한경쟁,총액제,적격심사제,202211251100,20221125,낙찰
긴급공고,ELA0044,1,6002,***,"시뮬레이터, 화생방정찰차-Ⅱ(차량형)용",2022,ELA,화력총괄계약팀,일반경쟁,총액제,적격심사제,202211241500,20221124,낙찰
긴급공고,HDP0064,1,50786,***,21-충-공-6B도장부스(00비 방부관리 정비고 증축)제조,2022,HDP,공군제19전투비행단,일반경쟁,총액제,적격심사제,202211241100,20221124,낙찰
연기공고,LBB0074,3,50724,001,22년 추가특식 (훈제닭다리),2022,LBB,육군제7789부대,제한경쟁,단가제,적격심사제,202211241030,20221124,낙찰
정상공고,LCF0548,1,47882,***,"방활구 등 2항목 제조(생산능력,궤도)",2022,LCF,육군군수사령부,수의계약,총액제,적격심사제,202211241030,20221124,유찰
긴급공고,LCG0117,1,50837,***,22-4차 전산운영용품 구매,2022,LCG,육군본부,제한경쟁,총액제,적격심사제,202211241030,20221124,낙찰
긴급공고,LDH1005,1,50679,***,22-16차 정비용 장비 부품 구매,2022,LDH,육군종합정비창,제한경쟁,총액제,적격심사제,202211241300,20221124,순위확정
재공고,LGI0140,2,49116,001,'23년 신정 경축특식 냉동슈크림 (제조),2022,LGI,제3군수지원여단,제한경쟁,단가제,적격심사제,202211241500,20221124,낙찰
긴급공고,LHN0050,1,50821,***,22년 후반기 간부숙소 비품 구매계약,2022,LHN,제7보병사단,제한경쟁,총액제,적격심사제,202211241100,20221124,낙찰
긴급공고,LKG0084,1,50565,***,53사단 더좋은 병영식당 물품 설치납품 및 구매,2022,LKG,육군제53보병사단,제한경쟁,총액제,적격심사제,202211241100,20221124,낙찰
긴급공고,LNS0078,1,50607,***,과학화 예비군훈련대 실내사격장 피탄지보강 구매,2022,LNS,제55보병사단,제한경쟁,총액제,적격심사제,202211241030,20221124,낙찰
긴급공고,LPF0073,1,50445,***,실내사격장용 청력보호용 장비 구매계약 의뢰,2022,LPF,제51보병사단,제한경쟁,총액제,적격심사제,202211241030,20221124,유찰
긴급공고,LQG0139,1,50850,***,내진성능평가 제3자 검증용역(121공구),2022,LQG,육군 52보병사단,제한경쟁,총액제,적격심사제,202211241100,20221124,낙찰
긴급공고,LQG0141,1,50853,***,안전점검 및 내진성능평가 용역(105공구),2022,LQG,육군 52보병사단,제한경쟁,총액제,적격심사제,202211241100,20221124,낙찰
긴급공고,LQG0142,1,50854,***,안전점검 및 내진성능평가 용역(104공구),2022,LQG,육군 52보병사단,수의계약,총액제,적격심사제,202211241100,20221124,유찰
긴급공고,LQG0143,1,50855,***,안전점검 및 내진성능평가 용역(103공구),2022,LQG,육군 52보병사단,제한경쟁,총액제,적격심사제,202211241100,20221124,낙찰
긴급공고,LQG0144,1,50856,***,안전점검 및 내진성능평가 용역(102공구),2022,LQG,육군 52보병사단,제한경쟁,총액제,적격심사제,202211241100,20221124,낙찰
긴급공고,LQG0145,1,50858,***,안전점검 및 내진성능평가 용역(101공구),2022,LQG,육군 52보병사단,제한경쟁,총액제,적격심사제,202211241100,20221124,낙찰
긴급공고,LQH0039,1,50654,***,금곡훈련대 기반시설(컨테이너) 제조/설치,2022,LQH,제3697부대,제한경쟁,총액제,적격심사제,202211241100,20221124,낙찰
긴급공고,SCL0079,1,50651,***,면수건 등 2종 구매,2022,SCL,해군사관학교,수의계약,총액제,적격심사제,202211241030,20221124,유찰
긴급공고,SCL0080,1,50657,***,베개 등 4종 구매,2022,SCL,해군사관학교,제한경쟁,총액제,적격심사제,202211241030,20221124,낙찰
긴급공고,SCL0082,1,50774,***,와이밴드 등 2종 구매,2022,SCL,해군사관학교,제한경쟁,총액제,적격심사제,202211241030,20221124,낙찰
긴급공고,SFC0138,1,50753,***,충전식 백팩브로워 등 2품목 구매,2022,SFC,제9691부대,제한경쟁,총액제,적격심사제,202211241100,20221124,낙찰
긴급공고,SFG0122,1,49914,***,22-해병-강화 간부숙소(자동제어),2022,SFG,제9181부대,일반경쟁,총액제,적격심사제,202211241100,20221124,낙찰
정상공고,SFM0101,1,49949,***,23-S-취사용 LPG 구매,2022,SFM,제3170부대,제한경쟁,총액제,적격심사제,202211241030,20221124,유찰
긴급공고,UAC0034,1,49866,***,소형봉투제작세트 등 2종 구매,2022,UAC,국방출판지원단,제한경쟁,총액제,적격심사제,202211241100,20221124,낙찰
정상공고,UMM0693,1,45560,***,(22F185-A) '22~25년 임차용 정수기 용역,2022,UMM,국군재정관리단,제한경쟁,총액제,적격심사제,202211241100,20221124,낙찰
긴급공고,UMM0688,1,45742,***,22-해병-공기청정기 필터 제조,2022,UMM,국군재정관리단,제한경쟁,총액제,적격심사제,202211241100,20221124,낙찰
긴급공고,UMM0687,1,49406,***,22-공군 3차3 코로나19  PCR 위탁검사용역(22J059-H),2022,UMM,국군재정관리단,일반경쟁,총액제,적격심사제,202211241100,20221124,낙찰
정상공고,DSS0089,1,49725,***,종합상황처리 스토리지 유지보수 용역,2022,DSS,국군제1068부대,제한경쟁,총액제,적격심사제,202211231030,20221123,낙찰
긴급공고,DSS0091,1,50151,***,1337 제보 접수 시스탬 개선 구매사업(리스물건),2022,DSS,국군제1068부대,일반경쟁,총액제,적격심사제,202211231030,20221123,낙찰
정상공고,EBB0445,1,5531T,***,105밀리 연습예광탄 목상자,2022,EBB,지상공통전력운영계약팀,일반경쟁,총액제,적격심사제,202211231430,20221123,낙찰
정상공고,EMA0011,1,5722,***,독도함 원격제어밸브 교체,2022,EMA,함정총괄계약팀,일반경쟁,총액제,적격심사제,202211231500,20221123,낙찰
정상공고,EMA0013,1,7101,***,광개토-III Batch-II 후속함(3번함) 건조,2022,EMA,함정총괄계약팀,수의계약,총액제,적격심사제,202211231030,20221123,유찰
재공고,EPA0023,2,6410,***,모의비행훈련장비(T-50),2022,EPA,항공기총괄계약팀,수의계약,총액제,최저가격제,202211231400,20221123,유찰
긴급공고,LFC0075,1,50478,***,육군훈련소 신정 경축특식 쿠키슈 구매,2022,LFC,육군훈련소,제한경쟁,총액제,적격심사제,202211231030,20221123,유찰
긴급공고,LHG0087,1,48759,001,12월 부대계약(부식) 식자재 납품,2022,LHG,제1862부대,2단계경쟁(동시),단가제,최저가격제,202211231000,20221123,낙찰
긴급공고,LMR0053,1,50574,***,국가기술자격검정용 궤도형 굴삭기 구매,2022,LMR,제5군단사령부,제한경쟁,총액제,적격심사제,202211231030,20221123,낙찰
정정공고,LPN0018,2,50544,***,개인전투천막 제조 구매,2022,LPN,수도군단,제한경쟁,총액제,적격심사제,202211231030,20221123,낙찰
긴급공고,LPN0019,1,50546,***,야전배낭 제조 구매(육성-4),2022,LPN,수도군단,제한경쟁,총액제,적격심사제,202211231030,20221123,낙찰
긴급공고,MCD0046,1,48005,***,국방 AI센터 창설 및 운영방안,2022,MCD,국방부(운영지원과),협상에의한계약(전자),총액제,최저가격제,202211231100,20221123,낙찰
재공고,MCN0032,2,47333,***,'23년 승강기 위탁관리 용역(연간단가계약),2022,MCN,국방부근무지원단,수의계약,총액제,적격심사제,202211231030,20221123,유찰
정정공고,MDD0147,2,47003,***,2022년 재투자 의무장비(전산화인지치료기) 구매,2022,MDD,국군수도병원,제한경쟁,총액제,적격심사제,202211231100,20221123,낙찰
정정공고,MDD0148,2,47014,***,2022년 재투자 의무장비(환자관찰장치이동형) 구매,2022,MDD,국군수도병원,제한경쟁,총액제,적격심사제,202211231100,20221123,낙찰
정정공고,MDD0149,2,47029,***,2022 재투자 의무장비(생활심전도계) 구매,2022,MDD,국군수도병원,수의계약,총액제,적격심사제,202211231100,20221123,유찰
정정공고,MDD0152,2,48313,***,2022 재투자 의무장비(임플란트엔진) 구매,2022,MDD,국군수도병원,제한경쟁,총액제,적격심사제,202211231100,20221123,낙찰
정정공고,MDD0151,2,48315,***,2022년 재투자 의무장비(지혈대 자동식) 구매계약,2022,MDD,국군수도병원,제한경쟁,총액제,적격심사제,202211231100,20221123,낙찰
정정공고,MDD0150,2,48319,***,2022년 재투자 의무장비(수액조절기 일반용) 구매계약,2022,MDD,국군수도병원,제한경쟁,총액제,적격심사제,202211231100,20221123,낙찰
재공고,SCF0389,2,43098,***,"건조용기, 제습기용 3EA 구매",2022,SCF,해군군수사령부,수의계약,총액제,적격심사제,202211231030,20221123,유찰
긴급공고,SCF0146,1,44886,***,디지털전문처리체계(DMHS) 유지보수 용역,2022,SCF,해군군수사령부,일반경쟁,총액제,적격심사제,202211231030,20221123,낙찰
재공고,SCF0630,2,44921,***,"(긴급)접속장치, 자동자료처리용 등 13종",2022,SCF,해군군수사령부,제한경쟁,총액제,적격심사제,202211231030,20221123,유찰
재공고,SCF0618,2,45247,***,(긴급)열 및 연기감지기 등 2종,2022,SCF,해군군수사령부,제한경쟁,총액제,적격심사제,202211231030,20221123,낙찰
재공고,SCF0629,2,45389,***,(긴급)호출표시기 등 4종,2022,SCF,해군군수사령부,제한경쟁,총액제,적격심사제,202211231030,20221123,유찰
재공고,SCF0623,2,45604,***,"파이프, 금속제 등 13종",2022,SCF,해군군수사령부,제한경쟁,총액제,적격심사제,202211231030,20221123,낙찰
재공고,SCF0138,2,45687,***,링스 엔진시험기 유지보수 정비,2022,SCF,해군군수사령부,수의계약,총액제,적격심사제,202211231030,20221123,유찰
긴급공고,SCF0395,1,46033,***,"해군 리본, 소매용 400,000CM 구매",2022,SCF,해군군수사령부,제한경쟁,총액제,적격심사제,202211231030,20221123,낙찰
긴급공고,SCF0394,1,46758,***,"군악, 의장 행사모 310EA 구매",2022,SCF,해군군수사령부,제한경쟁,총액제,적격심사제,202211231030,20221123,낙찰
정정공고,SCU0128,2,48162,***,감자튀김 등 10종 구매,2022,SCU,해군 기동함대사령부,제한경쟁,총액제,적격심사제,202211231030,20221123,낙찰
재공고,UMM0674,2,42863,***,(226422-C)성능시험장비 연료감지기용 제조,2022,UMM,국군재정관리단,제한경쟁,총액제,적격심사제,202211231100,20221123,낙찰
정상공고,UMM0690,1,46951,***,(226449-C)대회의실 음향장비 구매 구축사업,2022,UMM,국군재정관리단,제한경쟁,총액제,적격심사제,202211231100,20221123,낙찰
정상공고,UMM0686,1,47093,***,22-국-복지정보체계 장비교체 사업 금융리스,2022,UMM,국군재정관리단,수의계약,총액제,최저가격제,202211231100,20221123,유찰
정상공고,UMM0691,1,49827,***,(226439-C)비디오월 구축(리스물건),2022,UMM,국군재정관리단,제한경쟁,총액제,적격심사제,202211231100,20221123,낙찰
정상공고,DSS0087,1,49317,***,재난안전통신망 브리핑시스템 금융리스,2022,DSS,국군제1068부대,일반경쟁,총액제,최저가격제,202211221100,20221122,낙찰
정상공고,EHF0196,1,0420B,***,VIC-7K/9K부품류,2022,EHF,미래전력사업전력운영계약팀,제한경쟁,총액제,적격심사제,202211221100,20221122,낙찰
정상공고,ELA0043,1,5531T,***,22년 105mm 대전차고폭예광탄 목상자,2022,ELA,화력총괄계약팀,수의계약,총액제,적격심사제,202211221100,20221122,유찰
재공고,EPA0022,2,4002A,***,항공기 급유차(5000G/L),2022,EPA,항공기총괄계약팀,일반경쟁,총액제,적격심사제,202211221400,20221122,유찰
긴급공고,HCF0215,1,49945,***,스마트 임무수행 환경 구축사업,2022,HCF,공군군수사령부,일반경쟁,총액제,적격심사제,202211221030,20221122,낙찰
재공고,LCF0542,2,46809,***,"와이어로프조립체 등 6항목제조(생산능력,일장)",2022,LCF,육군군수사령부,수의계약,총액제,적격심사제,202211221030,20221122,유찰
재공고,LCF0543,2,46887,***,점화모듈등 74항목 제조(일장),2022,LCF,육군군수사령부,수의계약,총액제,적격심사제,202211221030,20221122,유찰
긴급공고,LCP0037,1,49825,***,지휘용 헬기 위성통신단말기 구매,2022,LCP,육군항공사령부,제한경쟁,총액제,적격심사제,202211221030,20221122,유찰
긴급공고,LGD0015,1,49973,***,영내숙소 비품(옷장) 제조 납품,2022,LGD,육군종합행정학교,제한경쟁,총액제,적격심사제,202211221100,20221122,낙찰
정정공고,LGP0237,2,49788,***,22-3차 폐목재류 위탁처리 용역,2022,LGP,제1군수지원사령부,일반경쟁,총액제,적격심사제,202211221100,20221122,낙찰
정정공고,LGQ0011,2,49316,***,00부대 병영생활관 보수개선공사(통합배선),2022,LGQ,제36보병사단,제한경쟁,총액제,적격심사제,202211221030,20221122,낙찰
재공고,LHQ0037,2,48567,***,공정사단 본부 및 A여단 개편사업(타일),2022,LHQ,제2작전사령부,제한경쟁,총액제,적격심사제,202211221030,20221122,유찰
긴급공고,LIK0125,1,50203,***,22-10차 더 좋은 병영식당 조리기구 및 식기류 구매,2022,LIK,제2군수지원여단,제한경쟁,총액제,적격심사제,202211221030,20221122,낙찰
긴급공고,LKF0024,1,49995,***,22년 PMS 무전기 제조구매 및 설치납품,2022,LKF,제6755부대,수의계약,총액제,적격심사제,202211221030,20221122,유찰
재공고,LKP0064,2,48212,001,'23년 신정 추가 경축특식 (마카롱) 제조,2022,LKP,5군수지원사령부,제한경쟁,단가제,적격심사제,202211221430,20221122,낙찰
재공고,LKP0063,2,48213,001,'22년 크리스마스 추가 경축특식(훈제닭다리) 제조,2022,LKP,5군수지원사령부,제한경쟁,단가제,적격심사제,202211221430,20221122,낙찰
긴급공고,LMP0073,1,49178,***,22년 55차 부대구매 의료기재(진단키트 등)구매(수정),2022,LMP,제3보병사단,제한경쟁,총액제,적격심사제,202211221100,20221122,낙찰
긴급공고,LMR0050,1,50034,***,(21-특2)관급자재(자동제어) 제조설치,2022,LMR,제5군단사령부,일반경쟁,총액제,적격심사제,202211221100,20221122,낙찰
긴급공고,LMR0051,1,50208,***,(21-특1) 관급자재(냉동기) 제조설치,2022,LMR,제5군단사령부,일반경쟁,총액제,적격심사제,202211221100,20221122,낙찰
긴급공고,MCN0033,1,48163,***,주거시설 위탁관리 용역,2022,MCN,국방부근무지원단,2단계경쟁(동시),총액제,최저가격제,202211221030,20221122,유찰
정상공고,MCN0035,1,49507,***,23년 청소 및 위생용품 구매 (연간단가계약),2022,MCN,국방부근무지원단,일반경쟁,총액제,적격심사제,202211221030,20221122,낙찰
정상공고,MDG0199,1,47847,***,22-5차 소방기구(인명구조세트) 구매,2022,MDG,국군의무사령부,제한경쟁,총액제,적격심사제,202211221100,20221122,낙찰
긴급공고,MDS0024,1,49672,***,00부대 감시장비(CCTV) 제조구매,2022,MDS,제3707부대,제한경쟁,총액제,적격심사제,202211221030,20221122,낙찰
정상공고,MFK0016,1,49390,***,이사화물용역,2022,MFK,제9912부대,제한경쟁,총액제,적격심사제,202211221100,20221122,낙찰
긴급공고,MHD0091,1,48885,***,'22년도 4분기 전산(프린터) 소모품 구매,2022,MHD,방위사업청(운영지원과),제한경쟁,총액제,적격심사제,202211221100,20221122,낙찰
재공고,SCF0135,2,38902,***,탄약 포장재료 외주정비,2022,SCF,해군군수사령부,수의계약,총액제,적격심사제,202211221030,20221122,유찰
재공고,SCF0384,2,42008,***,"베어링, 롤러식, 스러스트형 1EA 구매",2022,SCF,해군군수사령부,제한경쟁,총액제,적격심사제,202211221030,20221122,순위확정
긴급공고,SCF0142,1,43270,***,000함 함미크레인 외주정비,2022,SCF,해군군수사령부,일반경쟁,총액제,적격심사제,202211221030,20221122,낙찰
재공고,SCF0612,2,44235,***,"(긴급)고정기 조립체,전기 접촉 브러쉬용 등 9종",2022,SCF,해군군수사령부,제한경쟁,총액제,적격심사제,202211221030,20221122,유찰
긴급공고,SCF0145,1,44727,***,기중기정 해상크레인 정비,2022,SCF,해군군수사령부,일반경쟁,총액제,적격심사제,202211221030,20221122,낙찰
긴급공고,SCF0641,1,44790,***,(긴급) 플렉시블 등 24종,2022,SCF,해군군수사령부,제한경쟁,총액제,적격심사제,202211221030,20221122,낙찰
긴급공고,SCF0141,1,44862,***,링스 항공기 Station Box 정비,2022,SCF,해군군수사령부,일반경쟁,총액제,적격심사제,202211221030,20221122,낙찰
긴급공고,SCF0640,1,44996,***,"(긴급)스위치, 액체 수평기용 등 6종",2022,SCF,해군군수사령부,제한경쟁,총액제,적격심사제,202211221030,20221122,낙찰
긴급공고,SCF0639,1,45059,***,"(긴급)시일 조립체, 굴대용 등 19종",2022,SCF,해군군수사령부,제한경쟁,총액제,적격심사제,202211221030,20221122,낙찰
재공고,SCF0613,2,45434,***,"(긴급)밸브,글로브형 등 10종 구매",2022,SCF,해군군수사령부,제한경쟁,총액제,적격심사제,202211221030,20221122,유찰
긴급공고,SCF0143,1,46009,***,통합기관제어장치 회로카드 모듈재생 외주정비,2022,SCF,해군군수사령부,일반경쟁,총액제,적격심사제,202211221030,20221122,유찰
긴급공고,SCF0391,1,46406,***,락카스프레이 등 199종 구매,2022,SCF,해군군수사령부,제한경쟁,총액제,적격심사제,202211221030,20221122,낙찰
긴급공고,SCF0393,1,46893,***,"백색각반, 의장용 등 7종 구매",2022,SCF,해군군수사령부,제한경쟁,총액제,적격심사제,202211221030,20221122,순위확정
긴급공고,SCF0642,1,49016,***,(긴급) VR장비세트 등 2종,2022,SCF,해군군수사령부,수의계약,총액제,적격심사제,202211221030,20221122,유찰
긴급공고,SCF0392,1,49794,***,회로카드조립체 3EA 구매,2022,SCF,해군군수사령부,제한경쟁,총액제,적격심사제,202211221030,20221122,순위확정
긴급공고,SCF0144,1,50175,***,MSH 비자성 보조보일러 외주정비,2022,SCF,해군군수사령부,일반경쟁,총액제,적격심사제,202211221030,20221122,낙찰
긴급공고,SCN0184,1,50204,***,Acecide checker 등 228종 구매,2022,SCN,제7001부대,일반경쟁,총액제,적격심사제,202211221030,20221122,낙찰
정상공고,SCU0123,1,48140,***,계란후라이 등 7종 구매,2022,SCU,해군 기동함대사령부,제한경쟁,총액제,적격심사제,202211221030,20221122,낙찰
정상공고,SCU0124,1,48144,***,잡채말이어묵 등 6종 구매,2022,SCU,해군 기동함대사령부,제한경쟁,총액제,적격심사제,202211221030,20221122,낙찰
정상공고,SCU0125,1,48148,***,함박스테이크 등 5종 구매,2022,SCU,해군 기동함대사령부,제한경쟁,총액제,적격심사제,202211221030,20221122,낙찰
정상공고,SCU0126,1,48152,***,불고기패티 등 9종 구매,2022,SCU,해군 기동함대사령부,제한경쟁,총액제,적격심사제,202211221030,20221122,낙찰
정상공고,SCU0127,1,48156,***,깐쇼새우 등 7종 구매,2022,SCU,해군 기동함대사령부,제한경쟁,총액제,적격심사제,202211221030,20221122,낙찰
정상공고,SCU0129,1,48170,***,등심돈까스 등 3종 구매,2022,SCU,해군 기동함대사령부,수의계약,총액제,적격심사제,202211221030,20221122,유찰
정상공고,SCU0130,1,48174,***,사골우거지국 등 4종 구매,2022,SCU,해군 기동함대사령부,제한경쟁,총액제,적격심사제,202211221030,20221122,낙찰
정상공고,SCU0131,1,48179,***,베이컨 등 6종 구매,2022,SCU,해군 기동함대사령부,제한경쟁,총액제,적격심사제,202211221030,20221122,낙찰
정상공고,SCU0132,1,48209,***,물만두 등 14종 구매,2022,SCU,해군 기동함대사령부,제한경쟁,총액제,적격심사제,202211221030,20221122,낙찰
정상공고,SCU0133,1,48211,***,깐메추리알 등 8종 구매,2022,SCU,해군 기동함대사령부,제한경쟁,총액제,적격심사제,202211221030,20221122,낙찰
정정공고,SCU0134,2,48214,***,슬라이스햄 등 8종 구매,2022,SCU,해군 기동함대사령부,제한경쟁,총액제,적격심사제,202211221030,20221122,낙찰
정상공고,SCU0135,1,48216,***,찰순대 등 9종 구매,2022,SCU,해군 기동함대사령부,제한경쟁,총액제,적격심사제,202211221030,20221122,낙찰
정상공고,SCU0136,1,48220,***,오이지 등 11종 구매,2022,SCU,해군 기동함대사령부,제한경쟁,총액제,적격심사제,202211221030,20221122,낙찰
정상공고,SCU0137,1,48223,***,떡국떡 등 7종 구매,2022,SCU,해군 기동함대사령부,제한경쟁,총액제,적격심사제,202211221030,20221122,낙찰
정상공고,SCU0138,1,48226,***,할라피뇨 등 8종 구매,2022,SCU,해군 기동함대사령부,제한경쟁,총액제,적격심사제,202211221300,20221122,낙찰
정상공고,SCU0139,1,48229,***,참치통조림 등 15종 구매,2022,SCU,해군 기동함대사령부,제한경쟁,총액제,적격심사제,202211221030,20221122,낙찰
정상공고,SCU0140,1,48231,***,식빵 등 12종 구매,2022,SCU,해군 기동함대사령부,제한경쟁,총액제,적격심사제,202211221030,20221122,낙찰
정상공고,SCU0141,1,48234,***,스파게티소스 등 21종 구매,2022,SCU,해군 기동함대사령부,제한경쟁,총액제,적격심사제,202211221030,20221122,낙찰
정상공고,SCU0142,1,48235,***,순두부찌개양념 등 30종 구매,2022,SCU,해군 기동함대사령부,제한경쟁,총액제,적격심사제,202211221030,20221122,낙찰
정상공고,SCU0143,1,48251,***,배추김치 2종 구매,2022,SCU,해군 기동함대사령부,제한경쟁,총액제,적격심사제,202211221030,20221122,유찰
정상공고,SCU0144,1,48253,***,깍두기김치 등 7종 구매,2022,SCU,해군 기동함대사령부,수의계약,총액제,적격심사제,202211221030,20221122,유찰
정상공고,SCU0145,1,48254,***,초코링비요뜨 등 7종 구매,2022,SCU,해군 기동함대사령부,제한경쟁,총액제,적격심사제,202211221030,20221122,낙찰
정상공고,SCU0146,1,48258,***,크로크무슈 등 14종 구매,2022,SCU,해군 기동함대사령부,제한경쟁,총액제,적격심사제,202211221030,20221122,낙찰
정상공고,SCU0147,1,48260,***,샌드위치 등 8종 구매,2022,SCU,해군 기동함대사령부,제한경쟁,총액제,적격심사제,202211221030,20221122,낙찰
정상공고,SCU0148,1,48262,***,국수(소면) 등 28종 구매,2022,SCU,해군 기동함대사령부,제한경쟁,총액제,적격심사제,202211221030,20221122,낙찰
정상공고,SCU0149,1,48264,***,옥수수맛시리얼 등 15종 구매,2022,SCU,해군 기동함대사령부,제한경쟁,총액제,적격심사제,202211221030,20221122,낙찰
정상공고,SCU0150,1,48268,***,육포 등 7종 구매,2022,SCU,해군 기동함대사령부,제한경쟁,총액제,적격심사제,202211221030,20221122,낙찰
정상공고,SCU0151,1,48270,***,콜라 등 6종 구매,2022,SCU,해군 기동함대사령부,제한경쟁,총액제,적격심사제,202211221030,20221122,낙찰
정상공고,SCU0152,1,48273,***,멸균딸기우유 등 8종 구매,2022,SCU,해군 기동함대사령부,제한경쟁,총액제,적격심사제,202211221030,20221122,낙찰
정상공고,SCU0153,1,48276,***,생수(소) 등 15종 구매,2022,SCU,해군 기동함대사령부,제한경쟁,총액제,적격심사제,202211221030,20221122,낙찰
정상공고,SCU0154,1,48279,***,오렌지 등 8종 구매,2022,SCU,해군 기동함대사령부,제한경쟁,총액제,적격심사제,202211221030,20221122,낙찰
긴급공고,SFC0136,1,50015,***,22-덕-칸막이 열람대 등 2품목 구매,2022,SFC,제9691부대,제한경쟁,총액제,적격심사제,202211221100,20221122,낙찰
긴급공고,SFC0137,1,50102,***,의약품 개보린 등 74종 구매,2022,SFC,제9691부대,제한경쟁,총액제,적격심사제,202211221100,20221122,낙찰
긴급공고,SFG0121,1,49904,***,22-해병-김포 간부숙소(자동제어),2022,SFG,제9181부대,일반경쟁,총액제,적격심사제,202211221100,20221122,낙찰
재공고,SFM0099,2,48009,***,22-S-상장공장 정비장비 외주정비 용역,2022,SFM,제3170부대,제한경쟁,총액제,적격심사제,202211221030,20221122,낙찰
긴급공고,SFN0065,1,49333,***,수리부속 메인보드 등 35품목 구매,2022,SFN,연평부대,일반경쟁,총액제,적격심사제,202211221030,20221122,유찰
긴급공고,UHC0014,1,50209,***,[22-조-060]기동형 소방펌프 2종,2022,UHC,공군 작사예하 방포사예하 제2여단,제한경쟁,총액제,적격심사제,202211221100,20221122,순위확정
정상공고,UMM0685,1,43300,***,22-해-천정크레인 제조설치,2022,UMM,국군재정관리단,제한경쟁,총액제,적격심사제,202211221100,20221122,낙찰
재공고,UMM0655,2,44837,***,22-24 해사 CBT 유지보수 용역,2022,UMM,국군재정관리단,제한경쟁,총액제,적격심사제,202211221100,20221122,낙찰
정상공고,UMM0683,1,45512,***,22-철매Ⅱ 성능개량(나0정비대) 관급(크레인)제조설치,2022,UMM,국군재정관리단,제한경쟁,총액제,적격심사제,202211221100,20221122,낙찰
정상공고,UMM0684,1,46460,***,22-해-전동파렛트 트럭 등 15종 구매,2022,UMM,국군재정관리단,제한경쟁,총액제,적격심사제,202211221100,20221122,낙찰
정상공고,UMM0688,1,48492,***,(226456-F)육군용사상 표창장표지 등 3종 제조납품,2022,UMM,국군재정관리단,제한경쟁,총액제,적격심사제,202211221100,20221122,낙찰
정정공고,LGQ0008,2,49313,***,00부대 신축공사 관급자재(통합배선) 제조설치,2022,LGQ,제36보병사단,제한경쟁,총액제,적격심사제,202211211030,20221121,낙찰
긴급공고,LGQ0010,1,49315,***,00부대 행정동 신축공사 관급자재(통합배선) 제조설치,2022,LGQ,제36보병사단,제한경쟁,총액제,적격심사제,202211211030,20221121,낙찰
재공고,MCK0009,3,46599,***,국방부 영내 출입통제체계 개선사업 금융리스,2022,MCK,국방전산정보원,일반경쟁,총액제,최저가격제,202211211400,20221121,유찰
정상공고,MDR0047,1,49017,***,지형정보제작용 HW(백업서버) 구매,2022,MDR,제9965부대,제한경쟁,총액제,적격심사제,202211211100,20221121,낙찰
긴급공고,SFC0133,1,49761,***,22-덕-카드프린터기 등 18품목 구매,2022,SFC,제9691부대,제한경쟁,총액제,적격심사제,202211211100,20221121,낙찰
긴급공고,SFC0134,1,49778,***,22-덕-이동식 자동영상 속도 측정기 구매,2022,SFC,제9691부대,제한경쟁,총액제,적격심사제,202211211100,20221121,낙찰
긴급공고,SFC0135,1,49860,***,'22년 선박 및 차량(윙바디) 임차 용역,2022,SFC,제9691부대,수의계약,총액제,적격심사제,202211211100,20221121,유찰
정상공고,UMM0681,1,45357,***,22-해-농업용 트랙터 3set 구매,2022,UMM,국군재정관리단,일반경쟁,총액제,적격심사제,202211211100,20221121,낙찰
정상공고,UMM0687,1,47327,***,(226452-F)체력단련장 연못 폭기시스템 구매설치,2022,UMM,국군재정관리단,제한경쟁,총액제,적격심사제,202211211100,20221121,낙찰
긴급공고,DSS0086,1,46957,***,군 암호체계 분석보호시스템 분석장비 구매,2022,DSS,국군제1068부대,2단계경쟁(동시),총액제,최저가격제,202211181030,20221118,유찰
정상공고,EBB0442,1,6911,***,회로카드조립체,2022,EBB,지상공통전력운영계약팀,수의계약,총액제,적격심사제,202211181100,20221118,유찰
정상공고,EHF0195,1,4813,***,중어뢰(SUT) 정비장비세트,2022,EHF,미래전력사업전력운영계약팀,수의계약,총액제,적격심사제,202211181030,20221118,유찰
정상공고,ELA0042,1,1045A,***,"밴, 1¼톤 포사격지휘소용(K105A1용, 2작사 추가)",2022,ELA,화력총괄계약팀,수의계약,총액제,적격심사제,202211181030,20221118,유찰
정상공고,EQA0008,1,9100,***,KUH-1 비행훈련 시뮬레이터 개선사업,2022,EQA,헬기총괄계약팀,수의계약,총액제,최저가격제,202211181500,20221118,유찰
정상공고,LCF0161,1,47382,***,안면두건 1항목 제조(피복물자),2022,LCF,육군군수사령부,제한경쟁,총액제,적격심사제,202211181030,20221118,낙찰
정상공고,LCF0162,1,47383,***,지뢰보호헬멧 1항목 구매(피복물자),2022,LCF,육군군수사령부,제한경쟁,총액제,적격심사제,202211181030,20221118,낙찰
긴급공고,LHG0086,1,48733,***,12월 부대조달 식자재 납품(어육가공품류),2022,LHG,제1862부대,제한경쟁,총액제,적격심사제,202211181630,20221118,낙찰
긴급공고,LPF0072,1,49192,***,22-27년 식기세척기 임차 용역,2022,LPF,제51보병사단,제한경쟁,총액제,적격심사제,202211181030,20221118,낙찰
정상공고,LQG0132,1,48860,***,(육성) 00부대 질병예방물품 마스크 구매 납품,2022,LQG,육군 52보병사단,제한경쟁,총액제,적격심사제,202211181030,20221118,낙찰
정상공고,MCD0043,1,47664,***,군 급식 피복류 조달이관 성과분석 연구,2022,MCD,국방부(운영지원과),수의계약,총액제,최저가격제,202211181030,20221118,유찰
긴급공고,SCF0638,1,48008,***,"(긴급) 보호장치,열-과부하용,전동기용 등 6종 구매",2022,SCF,해군군수사령부,제한경쟁,총액제,적격심사제,202211181030,20221118,낙찰
정상공고,UMM0683,1,41559,***,(226374-C) BIM 설계SW 구매,2022,UMM,국군재정관리단,제한경쟁,총액제,적격심사제,202211181100,20221118,유찰
정상공고,UMM0680,1,46250,***,22-해병대 탄피받이 등 2종 구매(228265-H),2022,UMM,국군재정관리단,제한경쟁,총액제,적격심사제,202211181100,20221118,낙찰
정상공고,UMM0678,1,48437,***,(226410-C) 지형분석장비 구매(리스물건),2022,UMM,국군재정관리단,제한경쟁,총액제,적격심사제,202211181100,20221118,낙찰
정상공고,UMM0679,1,48755,***,22-해병-주둔지 경계용 CCTV 제조설치,2022,UMM,국군재정관리단,제한경쟁,총액제,적격심사제,202211181100,20221118,낙찰
정상공고,EWA0008,1,1201,***,장보고-III Batch-I 전력화지원요소 계류지원정 건조,2022,EWA,한국형잠수함총괄계약팀,일반경쟁,총액제,적격심사제,202211171500,20221117,낙찰
긴급공고,HDC0025,1,49004,***,22-273 피해복구훈련 자재구매(쇄석),2022,HDC,공군제1전투비행단,제한경쟁,총액제,적격심사제,202211171030,20221117,유찰
긴급공고,LBB0066,1,48857,001,22년 추가특식 (커피음료),2022,LBB,육군제7789부대,제한경쟁,단가제,적격심사제,202211171030,20221117,낙찰
긴급공고,LBB0067,1,48858,001,22년 추가특식 (탄산음료),2022,LBB,육군제7789부대,제한경쟁,단가제,적격심사제,202211171030,20221117,낙찰
긴급공고,LBB0068,1,48859,001,22년 추가 특식 (티라미수),2022,LBB,육군제7789부대,수의계약,단가제,적격심사제,202211171030,20221117,유찰
긴급공고,LBB0069,1,48861,001,22년 추가 특식(핫바세트),2022,LBB,육군제7789부대,수의계약,단가제,적격심사제,202211171030,20221117,유찰
긴급공고,LCF0547,1,49111,***,"뚜껑,주입구용 등 138항목 구매(항공)",2022,LCF,육군군수사령부,일반경쟁,총액제,적격심사제,202211171130,20221117,순위확정
긴급공고,LDG0090,1,49011,***,안전보호구 물품 구매,2022,LDG,육군 탄약지원사령부,제한경쟁,총액제,적격심사제,202211171030,20221117,낙찰
긴급공고,LDG0091,1,49163,***,경계시스템 카메라용 UPS 배터리 팩 납품설치,2022,LDG,육군 탄약지원사령부,제한경쟁,총액제,적격심사제,202211171030,20221117,낙찰
긴급공고,LGI0140,1,49116,001,'23년 신정 경축특식 냉동슈크림 (제조),2022,LGI,제3군수지원여단,제한경쟁,단가제,적격심사제,202211171500,20221117,유찰
긴급공고,LIK0124,1,49054,***,22-9차 더 좋은 병영식당 조리기구(배식대) 제조설치,2022,LIK,제2군수지원여단,제한경쟁,총액제,적격심사제,202211171030,20221117,낙찰
긴급공고,LPC0043,1,48800,***,토양환경평가조사 용역(용역1),2022,LPC,제25보병사단,제한경쟁,총액제,적격심사제,202211171030,20221117,낙찰
긴급공고,LPN0016,1,49088,***,굴삭기 부수기재(채버켓 등 4종) 구매,2022,LPN,수도군단,제한경쟁,총액제,적격심사제,202211171030,20221117,낙찰
긴급공고,LPN0017,1,49130,***,더 좋은 병영식당 식기세척기 임차용역,2022,LPN,수도군단,제한경쟁,총액제,적격심사제,202211171030,20221117,낙찰
긴급공고,MDG0197,1,46593,***,22년 의무장비(초음파진단기 고급형) 구매,2022,MDG,국군의무사령부,2단계경쟁(동시),총액제,최저가격제,202211171530,20221117,낙찰
정상공고,MDN0028,1,47170,***,디지털 사이니지 구매,2022,MDN,국군화생방방호사령부,제한경쟁,총액제,적격심사제,202211171030,20221117,낙찰
정상공고,MDN0021,1,47172,***,"화생방 성능시험 재료비(시약, 초자) 구매",2022,MDN,국군화생방방호사령부,제한경쟁,총액제,적격심사제,202211171030,20221117,낙찰
정상공고,MDN0023,1,47173,***,OO부대 CCTV 및 녹화기 설치 납품,2022,MDN,국군화생방방호사령부,제한경쟁,총액제,적격심사제,202211171030,20221117,낙찰
정상공고,MDN0024,1,47174,***,00부대 가스경보기 설치납품,2022,MDN,국군화생방방호사령부,제한경쟁,총액제,적격심사제,202211171030,20221117,낙찰
정정공고,MDN0025,2,47175,***,OO부대 공기압축기 소모품 설치 납품,2022,MDN,국군화생방방호사령부,제한경쟁,총액제,적격심사제,202211171030,20221117,낙찰
정상공고,MDN0026,1,47176,***,"00부대 온습도, 차압모니터 설치납품",2022,MDN,국군화생방방호사령부,제한경쟁,총액제,적격심사제,202211171030,20221117,유찰
정상공고,MDN0027,1,47178,***,OO부대 자동제어 통신모듈 설치납품,2022,MDN,국군화생방방호사령부,제한경쟁,총액제,적격심사제,202211171030,20221117,낙찰
정상공고,MDN0022,1,47179,***,00부대 가스여과기 필터 설치납품,2022,MDN,국군화생방방호사령부,제한경쟁,총액제,적격심사제,202211171030,20221117,낙찰
긴급공고,SFC0123,1,49101,***,해병-3단 자동우산 구매,2022,SFC,제9691부대,제한경쟁,총액제,적격심사제,202211171100,20221117,낙찰
긴급공고,SFC0125,1,49109,***,22-덕-04 모병홍보물품 구매,2022,SFC,제9691부대,제한경쟁,총액제,적격심사제,202211171100,20221117,낙찰
긴급공고,SFC0126,1,49112,***,22-덕-03 모병홍보물품 구매,2022,SFC,제9691부대,제한경쟁,총액제,적격심사제,202211171100,20221117,낙찰
긴급공고,SFC0127,1,49118,***,22-덕-보안회전문 보강 사업,2022,SFC,제9691부대,제한경쟁,총액제,적격심사제,202211171100,20221117,낙찰
긴급공고,SFC0128,1,49125,***,22-덕-02 보안회전문 보강 사업,2022,SFC,제9691부대,제한경쟁,총액제,적격심사제,202211171100,20221117,낙찰
긴급공고,SFC0129,1,49155,***,22-덕-현장종합 수사세트 구매,2022,SFC,제9691부대,제한경쟁,총액제,적격심사제,202211171100,20221117,낙찰
긴급공고,SFC0131,1,49165,***,22-덕-레펠 로프 구매,2022,SFC,제9691부대,제한경쟁,총액제,적격심사제,202211171100,20221117,낙찰
긴급공고,SFC0132,1,49167,***,22-덕-경호용 방탄가방 구매,2022,SFC,제9691부대,제한경쟁,총액제,적격심사제,202211171100,20221117,낙찰
정상공고,UMM0680,1,43240,***,(227403-D)'22년 후반기 A · J체계 운용품 구매,2022,UMM,국군재정관리단,제한경쟁,총액제,적격심사제,202211171100,20221117,낙찰
정상공고,UMM0681,1,43346,***,(227415-D)기도확보마네킨 등 3품목 구매,2022,UMM,국군재정관리단,제한경쟁,총액제,적격심사제,202211171100,20221117,낙찰
정상공고,UMM0675,1,44431,***,(226394-C) 오일펌프시험장비 제조,2022,UMM,국군재정관리단,일반경쟁,총액제,적격심사제,202211171100,20221117,낙찰
정상공고,UMM0677,1,44784,***,(227416-E)지형정보제작장비(워크스테이션) 구매,2022,UMM,국군재정관리단,제한경쟁,총액제,적격심사제,202211171100,20221117,낙찰
정상공고,UMM0679,1,44912,***,(227419-D)22-5차 oo부대 전산운용품 구매,2022,UMM,국군재정관리단,제한경쟁,총액제,적격심사제,202211171100,20221117,낙찰
정상공고,UMM0682,1,45051,***,(226380-D)oo학교 생도 60기 침구류 제조,2022,UMM,국군재정관리단,제한경쟁,총액제,적격심사제,202211171100,20221117,낙찰
정상공고,UMM0676,1,45909,***,(226379-C) 피복(가방류) 제조,2022,UMM,국군재정관리단,제한경쟁,총액제,적격심사제,202211171100,20221117,낙찰
긴급공고,UMM0682,1,49092,***,22-해-추종형 물류로봇 등 2종 구매,2022,UMM,국군재정관리단,제한경쟁,총액제,적격심사제,202211171100,20221117,낙찰
긴급공고,HCR0035,1,48485,***,젭슨 차트 구매(22-264),2022,HCR,공군제15특수임무비행단,제한경쟁,총액제,적격심사제,202211161100,20221116,낙찰
긴급공고,HDQ0075,1,49188,***,"20비-22-378 컨테이너 부스, 정비사 대기실 10동 구매",2022,HDQ,제20전투비행단,제한경쟁,총액제,적격심사제,202211161100,20221116,낙찰
긴급공고,LCH0042,1,48362,***,화력장비 전자총 구매(물-105),2022,LCH,특수전사령부,일반경쟁,총액제,적격심사제,202211161100,20221116,유찰
긴급공고,LDG0089,1,48642,***,UPS 배터리 구매 및 교체,2022,LDG,육군 탄약지원사령부,제한경쟁,총액제,적격심사제,202211161030,20221116,낙찰
정상공고,LDH1002,1,47983,***,(정비) 에어카플링잭등 47종구매,2022,LDH,육군종합정비창,제한경쟁,총액제,적격심사제,202211161300,20221116,낙찰
정상공고,LDH1003,1,47986,***,(정비) 인서트팁등 140종구매,2022,LDH,육군종합정비창,제한경쟁,총액제,적격심사제,202211161300,20221116,낙찰
긴급공고,LDH1004,1,48743,***,부품제작자재 고무로프 등 30종 구매,2022,LDH,육군종합정비창,제한경쟁,총액제,적격심사제,202211161300,20221116,낙찰
긴급공고,LHM0090,1,48596,***,`22~25년 정수기 임차용역,2022,LHM,제15보병사단,제한경쟁,총액제,적격심사제,202211161100,20221116,낙찰
긴급공고,LHM0092,1,48952,***,22년 사업장 혼합폐기물 처리용역(화천 A공구),2022,LHM,제15보병사단,제한경쟁,총액제,적격심사제,202211161100,20221116,낙찰
긴급공고,LHM0093,1,48954,***,22년 사업장 혼합폐기물 처리용역(철원군),2022,LHM,제15보병사단,제한경쟁,총액제,적격심사제,202211161100,20221116,낙찰
정상공고,LKP0064,1,48212,001,'23년 신정 추가 경축특식 (마카롱) 제조,2022,LKP,5군수지원사령부,제한경쟁,단가제,적격심사제,202211161100,20221116,유찰
정상공고,LKP0063,1,48213,001,'22년 크리스마스 추가 경축특식(훈제닭다리) 제조,2022,LKP,5군수지원사령부,제한경쟁,단가제,적격심사제,202211161100,20221116,유찰
긴급공고,LPF0070,1,48383,***,22년 예비군 육성지원(응급처치키트/야전지혈대 구매),2022,LPF,제51보병사단,제한경쟁,총액제,적격심사제,202211161030,20221116,낙찰
긴급공고,MDG0198,1,47480,***,22-5차 의무비품(신장체중계 등 18종) 구매,2022,MDG,국군의무사령부,제한경쟁,총액제,적격심사제,202211161100,20221116,낙찰
긴급공고,MHD0089,1,46459,***,위성전군방공경보체계 경미한 성능개량 사업분석,2022,MHD,방위사업청(운영지원과),협상에의한계약(전자),총액제,최저가격제,202211161400,20221116,낙찰
긴급공고,SFM0099,1,48009,***,22-S-상장공장 정비장비 외주정비 용역,2022,SFM,제3170부대,제한경쟁,총액제,적격심사제,202211161030,20221116,유찰
정상공고,UAC0033,1,48035,***,후반기 인쇄 CTP판 구매,2022,UAC,국방출판지원단,제한경쟁,총액제,적격심사제,202211161100,20221116,낙찰
재공고,UMM0620,2,35480,***,22-해-함정용 부식이송 컨베이어벨트 제조설치,2022,UMM,국군재정관리단,제한경쟁,총액제,적격심사제,202211161100,20221116,낙찰
정상공고,UMM0674,1,42863,***,(226422-C)성능시험장비 연료감지기용 제조,2022,UMM,국군재정관리단,제한경쟁,총액제,적격심사제,202211161100,20221116,유찰
정상공고,UMM0673,1,43451,***,(226398-C)자동화창고 무인지게차 구매,2022,UMM,국군재정관리단,제한경쟁,총액제,적격심사제,202211161100,20221116,유찰
긴급공고,UMM0684,1,48661,***,(22G167-A)ATCIS 2차 성능개량 테스트베드 금융리스,2022,UMM,국군재정관리단,일반경쟁,총액제,최저가격제,202211161100,20221116,낙찰
긴급공고,UMM0686,1,48741,***,(227043-H)22년 노후 LAN 교체사업,2022,UMM,국군재정관리단,제한경쟁,총액제,적격심사제,202211161100,20221116,낙찰
정상공고,EBB0441,1,MB014,***,UH-60P 화재진화장비 성능개선,2022,EBB,지상공통전력운영계약팀,수의계약,총액제,최저가격제,202211151500,20221115,유찰
정상공고,EPA0023,1,6410,***,모의비행훈련장비(T-50),2022,EPA,항공기총괄계약팀,수의계약,총액제,최저가격제,202211151400,20221115,유찰
긴급공고,HCF0214,1,48447,***,"[F-16부품]스위치,압력식 1종 구매",2022,HCF,공군군수사령부,제한경쟁,총액제,적격심사제,202211151030,20221115,낙찰
정상공고,LCF0546,1,47455,***,전원증폭기 등 15항목 구매(궤도),2022,LCF,육군군수사령부,일반경쟁,총액제,적격심사제,202211151030,20221115,순위확정
재공고,LDH0983,2,45940,***,발칸 나사 등 14종 구매,2022,LDH,육군종합정비창,제한경쟁,총액제,적격심사제,202211151300,20221115,낙찰
긴급공고,LFN0058,1,47814,***,22년 무선LAN 교체사업 (리스물건),2022,LFN,육군3사관학교,제한경쟁,총액제,적격심사제,202211151030,20221115,낙찰
정상공고,LGD0014,1,47189,***,영내숙소 비품(옷장) 제조 납품,2022,LGD,육군종합행정학교,제한경쟁,총액제,적격심사제,202211151100,20221115,유찰
긴급공고,LGI0139,1,48552,001,'22년 성탄절 경축특식 티라미슈 (제조),2022,LGI,제3군수지원여단,제한경쟁,단가제,적격심사제,202211151500,20221115,낙찰
긴급공고,LKF0022,1,47844,***,22년 PMS 무전기 제조구매 및 설치납품,2022,LKF,제6755부대,일반경쟁,총액제,적격심사제,202211151030,20221115,유찰
긴급공고,LKG0075,1,47972,***,'22년 12월 부대급식계약(일반품목),2022,LKG,육군제53보병사단,일반경쟁,총액제,적격심사제,202211151100,20221115,낙찰
긴급공고,LKG0076,1,47973,***,'22년 12월 부대급식계약(면류),2022,LKG,육군제53보병사단,수의계약,총액제,적격심사제,202211151100,20221115,유찰
긴급공고,LKS0058,1,48482,***,22~23년 체력단련장 식자재 구매(전라권),2022,LKS,육군인사사령부,일반경쟁,총액제,적격심사제,202211151030,20221115,낙찰
긴급공고,LQG0127,1,47931,***,00부대 건물지역전투훈련장 설치(CCTV),2022,LQG,육군 52보병사단,제한경쟁,총액제,적격심사제,202211151030,20221115,낙찰
긴급공고,MDR0046,1,48208,***,개발제한구역 관리계획 수립 용역(22-A),2022,MDR,제9965부대,일반경쟁,총액제,적격심사제,202211151030,20221115,낙찰
재공고,SCF0113,3,41575,***,링스 항공기 레이더용 변조기 정비,2022,SCF,해군군수사령부,수의계약,총액제,적격심사제,202211151030,20221115,유찰
긴급공고,SCF0631,1,46190,***,"(긴급) 판, 금속제 등 52종",2022,SCF,해군군수사령부,제한경쟁,총액제,적격심사제,202211151030,20221115,유찰
긴급공고,SCF0634,1,46194,***,(긴급) 동 조인트 티 등 62종,2022,SCF,해군군수사령부,제한경쟁,총액제,적격심사제,202211151030,20221115,낙찰
긴급공고,SCF0637,1,46225,***,"(긴급) 비석면판,압축식 등 4종",2022,SCF,해군군수사령부,제한경쟁,총액제,적격심사제,202211151030,20221115,낙찰
긴급공고,SCF0636,1,46556,***,"(긴급) 박판, 금속제 등 5종",2022,SCF,해군군수사령부,제한경쟁,총액제,적격심사제,202211151030,20221115,낙찰
긴급공고,SCF0390,1,46603,***,컬러잉크 등 14종 구매,2022,SCF,해군군수사령부,제한경쟁,총액제,적격심사제,202211151030,20221115,낙찰
긴급공고,SCF0140,1,47076,***,'22년 취사장 리모델링 정비,2022,SCF,해군군수사령부,일반경쟁,총액제,적격심사제,202211151030,20221115,낙찰
긴급공고,SCQ0175,1,47903,***,22-평 콜라 등 10종 구매(2차분),2022,SCQ,제9911부대,일반경쟁,총액제,적격심사제,202211151030,20221115,낙찰
긴급공고,SCQ0176,1,47913,***,22-평 구이용삼겹살 등 8종 구매(2차분),2022,SCQ,제9911부대,제한경쟁,총액제,적격심사제,202211151030,20221115,낙찰
긴급공고,SCQ0177,1,47926,***,22-평 슬라이스치즈 등 91종 구매(2차분),2022,SCQ,제9911부대,제한경쟁,총액제,적격심사제,202211151030,20221115,낙찰
재공고,SFN0061,2,46381,***,22-Y-폐기물 처리 용역(일반폐기물),2022,SFN,연평부대,수의계약,총액제,적격심사제,202211151030,20221115,유찰
정상공고,UMM0667,1,43627,***,(226425-F)22년 육군 VR 안전교육장비 구매,2022,UMM,국군재정관리단,일반경쟁,총액제,적격심사제,202211151100,20221115,유찰
정상공고,UMM0669,1,44143,***,(227423-E) 상용SW 및 전장체계용SW 구매,2022,UMM,국군재정관리단,일반경쟁,총액제,적격심사제,202211151100,20221115,낙찰
정상공고,UMM0666,1,44954,***,(226444-F)K9 보디금형 제조설치,2022,UMM,국군재정관리단,제한경쟁,총액제,적격심사제,202211151100,20221115,낙찰
정상공고,UMM0668,1,45277,***,(226443-E) K9 패드 금형 제조설치,2022,UMM,국군재정관리단,제한경쟁,총액제,적격심사제,202211151100,20221115,낙찰
정상공고,UMM0670,1,46059,***,(22F119-I) 22년~23년 간부피복 택배 용역,2022,UMM,국군재정관리단,일반경쟁,총액제,적격심사제,202211151100,20221115,유찰
정상공고,UMM0678,1,47687,***,22-해-금속성분분석기 구매,2022,UMM,국군재정관리단,제한경쟁,총액제,적격심사제,202211151100,20221115,낙찰
긴급공고,HDR0009,1,48218,***,22-방공관제사-68(0000체계 수리부속 구매),2022,HDR,공군방공관제사령부,제한경쟁,총액제,적격심사제,202211141100,20221114,낙찰
긴급공고,LDH0999,1,47643,***,부품제작자재 철판 SS41 10T 등 21종 구매,2022,LDH,육군종합정비창,제한경쟁,총액제,적격심사제,202211141300,20221114,낙찰
정상공고,MCN0032,1,47333,***,'23년 승강기 위탁관리 용역(연간단가계약),2022,MCN,국방부근무지원단,수의계약,총액제,적격심사제,202211141030,20221114,유찰
긴급공고,MDG0196,1,48060,***,22-3차 의무비품(의료폐기물 거치대 등 3종) 구매,2022,MDG,국군의무사령부,제한경쟁,총액제,적격심사제,202211141100,20221114,낙찰
정상공고,MDK0039,1,46742,***,1600CC 하이브리드 승용차 구매,2022,MDK,국군수송사령부,일반경쟁,총액제,적격심사제,202211141030,20221114,낙찰
재공고,UMM0612,2,34091,***,(226314-C) 인식표 타자기 제조,2022,UMM,국군재정관리단,수의계약,총액제,적격심사제,202211141100,20221114,유찰
정상공고,UMM0675,1,44641,***,22-해병-열영상 CCTV 제조,2022,UMM,국군재정관리단,제한경쟁,총액제,적격심사제,202211141100,20221114,낙찰
정상공고,UMM0670,1,47031,***,22-해-효소면역측정기 중형 구매,2022,UMM,국군재정관리단,제한경쟁,총액제,적격심사제,202211141100,20221114,낙찰
정상공고,UMM0671,1,47051,***,22-해-지도보관함 구매,2022,UMM,국군재정관리단,제한경쟁,총액제,적격심사제,202211141100,20221114,낙찰
정상공고,UMM0676,1,47096,***,22-해-잠수훈련장리모델링 관급(여과설비)제조설치(2),2022,UMM,국군재정관리단,제한경쟁,총액제,적격심사제,202211141100,20221114,낙찰
정상공고,UMM0673,1,47163,***,22-국-바닥청소차량 구매,2022,UMM,국군재정관리단,제한경쟁,총액제,적격심사제,202211141100,20221114,낙찰
정상공고,UMM0677,1,47268,***,22-해-내화비밀보관함 등 36품목 구매,2022,UMM,국군재정관리단,제한경쟁,총액제,적격심사제,202211141100,20221114,유찰
재공고,EU50002,3,2221,***,비전21모델 성능개량 체계개발,2022,EUA,첨단기술총괄계약팀,협상에의한계약(서류),총액제,최저가격제,202211111700,20221111,낙찰
정상공고,LCF0542,1,46809,***,"와이어로프조립체 등 6항목제조(생산능력,일장)",2022,LCF,육군군수사령부,수의계약,총액제,적격심사제,202211111030,20221111,유찰
정상공고,LCF0543,1,46887,***,점화모듈등 74항목 제조(일장),2022,LCF,육군군수사령부,수의계약,총액제,적격심사제,202211111030,20221111,유찰
정상공고,LDH0998,1,46913,***,디지털 평판 커팅기 구매,2022,LDH,육군종합정비창,제한경쟁,총액제,적격심사제,202211111300,20221111,낙찰
정정공고,LIK0122,2,46974,001,'22-2차 일반폐기물 위탁처리 용역,2022,LIK,제2군수지원여단,제한경쟁,단가제,적격심사제,202211111030,20221111,유찰
긴급공고,LKH0026,1,47082,***,사령부 데시앙 아파트 보일러 교체공사(설치납품),2022,LKH,제6128부대,일반경쟁,총액제,적격심사제,202211111030,20221111,낙찰
정상공고,LQG0117,1,46703,***,22년 신규편성 취사기구 구매 설치 납품,2022,LQG,육군 52보병사단,제한경쟁,총액제,적격심사제,202211111030,20221111,낙찰
정상공고,MCD0042,1,44438,***,민군복합타운 조성방안 연구,2022,MCD,국방부(운영지원과),협상에의한계약(전자),총액제,최저가격제,202211111030,20221111,유찰
정상공고,UMM0662,1,37236,***,22-국-노후 네트워크 장비 교체사업,2022,UMM,국군재정관리단,일반경쟁,총액제,적격심사제,202211111100,20221111,낙찰
정상공고,UMM0663,1,42543,***,(226391-E) 재난안전망 단말기 도입사업(리스물건),2022,UMM,국군재정관리단,일반경쟁,총액제,적격심사제,202211111100,20221111,낙찰
정상공고,UMM0661,1,46247,***,(22F199-I)네트워크위협분석시스템구매사업금융리스,2022,UMM,국군재정관리단,일반경쟁,총액제,최저가격제,202211111100,20221111,낙찰
정상공고,UMM0660,1,46249,***,(22F198-I) 통합보안관제체계 구매사업 금융리스,2022,UMM,국군재정관리단,수의계약,총액제,최저가격제,202211111100,20221111,유찰
정상공고,UMM0663,1,46996,***,22-해-발전기 500kw 제조,2022,UMM,국군재정관리단,제한경쟁,총액제,적격심사제,202211111100,20221111,낙찰
정상공고,UMM0666,1,47009,***,"22-해-상용짚, 경호용 1대 구매",2022,UMM,국군재정관리단,제한경쟁,총액제,적격심사제,202211111100,20221111,유찰
정상공고,UMM0668,1,47012,***,22-남-전차축소사격장 관급(사격장비 표적)제조설치,2022,UMM,국군재정관리단,제한경쟁,총액제,적격심사제,202211111100,20221111,낙찰
정상공고,UMM0667,1,47013,***,22-해-교육사 상용 소프트웨어 구매,2022,UMM,국군재정관리단,제한경쟁,총액제,적격심사제,202211111100,20221111,낙찰
정상공고,UMM0669,1,47022,***,22-바란스측정기 구매(228266-H),2022,UMM,국군재정관리단,제한경쟁,총액제,적격심사제,202211111100,20221111,낙찰
정상공고,UMM0664,1,47026,***,(227420-E) 광전송장비(MSPP) 제조납품,2022,UMM,국군재정관리단,제한경쟁,총액제,적격심사제,202211111100,20221111,낙찰
정상공고,UMM0665,1,47060,***,(22F363-B) 별관동 냉난방기 교체,2022,UMM,국군재정관리단,제한경쟁,총액제,적격심사제,202211111100,20221111,낙찰
정상공고,UMM0672,1,47143,***,22-해병-노후생활관 관급자재(자동제어) 제조설치,2022,UMM,국군재정관리단,제한경쟁,총액제,적격심사제,202211111100,20221111,낙찰
재공고,EBB0429,4,0202I,***,"전지,재충전불가식(BA-3517)",2022,EBB,지상공통전력운영계약팀,수의계약,총액제,적격심사제,202211101100,20221110,순위확정
긴급공고,HCF0212,1,47110,***,[(K)F-16 부품]RAM COATING 2종 구매,2022,HCF,공군군수사령부,제한경쟁,총액제,적격심사제,202211101030,20221110,유찰
긴급공고,HCF0213,1,47127,***,"팁, 절단기비트용(인서트) 등 85종 구매",2022,HCF,공군군수사령부,제한경쟁,총액제,적격심사제,202211101030,20221110,낙찰
긴급공고,HCM0097,1,47329,***,22-11-367 흑백 프린터 토너 등 9품목,2022,HCM,공군교육사령부,제한경쟁,총액제,적격심사제,202211101100,20221110,순위확정
긴급공고,HCS0029,1,47380,***,(조달) 22-4-216 안저사진기 1품목 구매,2022,HCS,제3훈련비행단,제한경쟁,총액제,적격심사제,202211101100,20221110,낙찰
긴급공고,HCS0030,1,47386,***,(조달) 22-3-153 전원부 등 9품목 구매,2022,HCS,제3훈련비행단,제한경쟁,총액제,적격심사제,202211101100,20221110,낙찰
긴급공고,HDQ0071,1,47180,***,22-시스템에어컨 세척 용역 계약,2022,HDQ,제20전투비행단,제한경쟁,총액제,적격심사제,202211101030,20221110,낙찰
정정공고,HDQ0072,2,47339,***,20비 22-326-전동카트 구매,2022,HDQ,제20전투비행단,제한경쟁,총액제,적격심사제,202211101100,20221110,낙찰
재공고,LCF0540,2,45355,***,"칼라, 폐쇄기 고리용 등 39항목 제조(생산능력, 궤도)",2022,LCF,육군군수사령부,수의계약,총액제,적격심사제,202211101030,20221110,유찰
정상공고,LCF0541,1,46575,***,군 장비정비 및 수리부속 원가계산 용역,2022,LCF,육군군수사령부,제한경쟁,총액제,적격심사제,202211101030,20221110,낙찰
정상공고,LDH0993,1,46427,***,발칸 반도체장치 구매,2022,LDH,육군종합정비창,제한경쟁,총액제,적격심사제,202211101300,20221110,낙찰
정상공고,LDH0994,1,46428,***,K1전차 베어링 등 12종 구매,2022,LDH,육군종합정비창,제한경쟁,총액제,적격심사제,202211101300,20221110,낙찰
긴급공고,LGP0236,1,47221,***,EOD로보트 외주정비 용역,2022,LGP,제1군수지원사령부,일반경쟁,총액제,적격심사제,202211101100,20221110,유찰
긴급공고,LKP0062,1,47352,001,23년 신정 경축특식(훈제닭다리) 제조,2022,LKP,5군수지원사령부,제한경쟁,단가제,적격심사제,202211101430,20221110,낙찰
긴급공고,LKP0084,1,47362,***,'22년 53군지단 조리병교육대 조리대 제조설치 납품,2022,LKP,5군수지원사령부,제한경쟁,총액제,적격심사제,202211101100,20221110,낙찰
긴급공고,LKT0068,1,47248,***,22-2차 육성지원 핸드토키 임차 용역,2022,LKT,제1989부대,제한경쟁,총액제,적격심사제,202211101030,20221110,유찰
긴급공고,LKT0069,1,47273,***,22-4차 육성지원 핸드토키 제조 구매,2022,LKT,제1989부대,제한경쟁,총액제,적격심사제,202211101030,20221110,유찰
긴급공고,LQG0124,1,47236,***,연병장 개선공사 태양광 가로등 제조설치,2022,LQG,육군 52보병사단,제한경쟁,총액제,적격심사제,202211101100,20221110,낙찰
긴급공고,LQG0125,1,47237,***,00부대 연병장 개선공사 탄성포장재(트랙) 구매,2022,LQG,육군 52보병사단,제한경쟁,총액제,적격심사제,202211101100,20221110,유찰
재공고,MDN0020,2,38606,***,휴대용 화학탐지기 구매,2022,MDN,국군화생방방호사령부,수의계약,총액제,적격심사제,202211101030,20221110,유찰
긴급공고,SCF0139,1,42792,***,DDH-II 에어컨 동력케이블 및 차단기 교체 정비,2022,SCF,해군군수사령부,일반경쟁,총액제,적격심사제,202211101030,20221110,낙찰
긴급공고,SCF0389,1,43098,***,"건조용기, 제습기용 3EA 구매",2022,SCF,해군군수사령부,수의계약,총액제,적격심사제,202211101430,20221110,유찰
긴급공고,SCF0625,1,44459,***,(긴급)회로카드조립체 등 7종,2022,SCF,해군군수사령부,제한경쟁,총액제,적격심사제,202211101030,20221110,낙찰
긴급공고,SCF0630,1,44921,***,"(긴급)접속장치, 자동자료처리용 등 13종",2022,SCF,해군군수사령부,제한경쟁,총액제,적격심사제,202211101030,20221110,유찰
긴급공고,SCF0624,1,45079,***,(긴급) 스트라이커 플레이트 등 17종,2022,SCF,해군군수사령부,제한경쟁,총액제,적격심사제,202211101030,20221110,낙찰
긴급공고,SCF0629,1,45389,***,(긴급)호출표시기 등 4종,2022,SCF,해군군수사령부,제한경쟁,총액제,적격심사제,202211101030,20221110,유찰
긴급공고,SCF0626,1,46005,***,"(긴급)조절기-제어기, 전자식, 엔진용 1종",2022,SCF,해군군수사령부,제한경쟁,총액제,적격심사제,202211101030,20221110,낙찰
긴급공고,SCF0628,1,47300,***,"(긴급)장치대,탄력형,일반목적용 등 2종",2022,SCF,해군군수사령부,제한경쟁,총액제,적격심사제,202211101030,20221110,유찰
재공고,SCP0133,3,43833,***,22-00대대 가-000호정 외주정비,2022,SCP,제8385부대,제한경쟁,총액제,적격심사제,202211101030,20221110,낙찰
긴급공고,UAC0032,1,46299,***,디지털인쇄재료 24종 구매,2022,UAC,국방출판지원단,일반경쟁,총액제,적격심사제,202211101100,20221110,낙찰
재공고,UMM0648,2,34285,***,(226317-C)경호용승합짚 제조,2022,UMM,국군재정관리단,일반경쟁,총액제,적격심사제,202211101100,20221110,유찰
정상공고,UMM0659,1,43399,***,(226389-C)체력단련장(연습장) 골프공 제조납품,2022,UMM,국군재정관리단,일반경쟁,총액제,적격심사제,202211101100,20221110,유찰
긴급공고,UMM0674,1,44017,***,22-해-신축 이음관 제조,2022,UMM,국군재정관리단,제한경쟁,총액제,적격심사제,202211101100,20221110,낙찰
정상공고,UMM0646,1,45465,***,22-해-LYNX 엔진시험기 제조,2022,UMM,국군재정관리단,일반경쟁,총액제,적격심사제,202211101100,20221110,낙찰
정상공고,UMM0658,1,46571,***,(226414-C) 항공장구(잠수물자류) 구매,2022,UMM,국군재정관리단,일반경쟁,총액제,적격심사제,202211101100,20221110,낙찰
재공고,EHF0193,2,9600B,***,후방지역위성통신체계 성능개선(가속기 라이선스 등),2022,EHF,미래전력사업전력운영계약팀,수의계약,총액제,적격심사제,202211091100,20221109,순위확정
긴급공고,HCF0211,1,45838,***,공사생도 해외항법훈련 KC-330 운항지원 용역,2022,HCF,공군군수사령부,일반경쟁,총액제,적격심사제,202211091030,20221109,낙찰
긴급공고,HCG0056,1,45836,***,"회복탄력성 교보재 (텀블러,볼펜)",2022,HCG,공군본부,제한경쟁,총액제,적격심사제,202211091030,20221109,낙찰
긴급공고,LBA0168,1,46470,001,'22년 신정 경축특식(글레이즈드 도넛) 구매,2022,LBA,제 2167부대,제한경쟁,단가제,적격심사제,202211091030,20221109,낙찰
긴급공고,LBA0169,1,46478,001,'22년 성탄절 경축특식(조각케이크) 제조/구매,2022,LBA,제 2167부대,제한경쟁,단가제,적격심사제,202211091030,20221109,낙찰
긴급공고,LBA0170,1,46485,001,'22년 경축특식(쿠키슈) 제조/구매,2022,LBA,제 2167부대,제한경쟁,단가제,적격심사제,202211091030,20221109,순위확정
긴급공고,LBA0171,1,46602,001,'22년 경축특식(훈제닭다리) 제조/구매,2022,LBA,제 2167부대,제한경쟁,단가제,적격심사제,202211091030,20221109,순위확정
재공고,LCF0539,2,43886,***,"제어장치, 공기조화기용 등 9항목 제조(일장)",2022,LCF,육군군수사령부,제한경쟁,총액제,적격심사제,202211091030,20221109,유찰
재공고,LCF0538,2,44551,***,"잠금조립체, 후드용 등 6항목 제조(기장)",2022,LCF,육군군수사령부,제한경쟁,총액제,적격심사제,202211091030,20221109,유찰
정상공고,LDH0992,1,46143,***,통신장비 수리부속 축전기 등 2종 구매,2022,LDH,육군종합정비창,제한경쟁,총액제,적격심사제,202211091000,20221109,낙찰
긴급공고,LDH0996,1,46838,***,부품제작자재 특수강 SCM21 55파이 등 22종 구매,2022,LDH,육군종합정비창,수의계약,총액제,적격심사제,202211091300,20221109,유찰
긴급공고,LDH0997,1,46873,***,특수대형철골구조(PEB) 건축물 정밀안전진단 용역,2022,LDH,육군종합정비창,일반경쟁,총액제,적격심사제,202211091100,20221109,낙찰
긴급공고,LGS0046,1,46355,***,주거시설 보수 씽크대 제조설치납품(2권역),2022,LGS,육군 제8군단,제한경쟁,총액제,적격심사제,202211091030,20221109,낙찰
긴급공고,LGS0047,1,47080,***,주거보수 씽크대 제조/설치(3권역),2022,LGS,육군 제8군단,제한경쟁,총액제,적격심사제,202211091030,20221109,낙찰
긴급공고,LIK0123,1,47004,001,'22-2차 진지공사용 폐타이어 위탁 수송 용역,2022,LIK,제2군수지원여단,제한경쟁,단가제,적격심사제,202211091030,20221109,낙찰
긴급공고,LQG0121,1,46705,***,00부대 건물지역전투훈련장 설치납품(창호),2022,LQG,육군 52보병사단,제한경쟁,총액제,적격심사제,202211091100,20221109,낙찰
긴급공고,LQG0120,1,46707,***,00부대 건물지역전투훈련장 분전반 납품,2022,LQG,육군 52보병사단,제한경쟁,총액제,적격심사제,202211091100,20221109,낙찰
긴급공고,LQG0119,1,46708,***,00부대 건물지역전투훈련장 설치납품(조명기구),2022,LQG,육군 52보병사단,제한경쟁,총액제,적격심사제,202211091100,20221109,낙찰
정상공고,MDD0136,1,43521,***,2022년 재투자 의무장비(시약및약품냉장고대형),2022,MDD,국군수도병원,제한경쟁,총액제,적격심사제,202211091100,20221109,낙찰
정상공고,MDD0137,1,43527,***,2022 재투자 의무장비(전자동정제분류포장기) 구매,2022,MDD,국군수도병원,제한경쟁,총액제,적격심사제,202211091100,20221109,낙찰
정상공고,MDD0138,1,43540,***,2022 재투자 의무장비(수술등 입식) 구매,2022,MDD,국군수도병원,제한경쟁,총액제,적격심사제,202211091100,20221109,낙찰
긴급공고,MHD0087,1,43996,***,2022년 방위사업청-CSIS 컨퍼런스 행사,2022,MHD,방위사업청(운영지원과),협상에의한계약(전자),총액제,최저가격제,202211091400,20221109,낙찰
긴급공고,UMM0659,1,43638,***,22-국-인쇄용지 9종 구매,2022,UMM,국군재정관리단,일반경쟁,총액제,적격심사제,202211091100,20221109,낙찰
정상공고,UMM0655,1,44837,***,22-24 해사 CBT 유지보수 용역,2022,UMM,국군재정관리단,제한경쟁,총액제,적격심사제,202211091100,20221109,유찰
긴급공고,UMM0662,1,46991,***,(226068-G) 22년 3군단 회의실 전시체계 구축사업,2022,UMM,국군재정관리단,제한경쟁,총액제,적격심사제,202211091100,20221109,낙찰
재공고,HCM0087,2,44420,***,22년 하늘식당 식기세척기 임차,2022,HCM,공군교육사령부,제한경쟁,총액제,적격심사제,202211081100,20221108,낙찰
정상공고,LBA0167,1,45866,***,'22년 부대이전 시설사업 자산취득 비품,2022,LBA,제 2167부대,제한경쟁,총액제,적격심사제,202211081100,20221108,낙찰
긴급공고,LCJ0041,1,46218,***,(22육군-물품105) 화면전시체계 구축(리스물건),2022,LCJ,종합보급창,제한경쟁,총액제,적격심사제,202211081100,20221108,낙찰
긴급공고,LCM0064,1,46590,***,'22년 군견 사료 구매,2022,LCM,육군교육사령부,제한경쟁,총액제,적격심사제,202211081030,20221108,낙찰
긴급공고,LCP0036,1,46326,***,무정전전원공급장치(UPS) 축전지 구매설치,2022,LCP,육군항공사령부,일반경쟁,총액제,적격심사제,202211081030,20221108,낙찰
재공고,LDH0963,2,44663,***,K9 핀 금형 제조,2022,LDH,육군종합정비창,제한경쟁,총액제,적격심사제,202211081300,20221108,낙찰
정상공고,LDH0968,1,45887,***,(일장) 다목적굴착기 축 구매,2022,LDH,육군종합정비창,수의계약,총액제,적격심사제,202211081300,20221108,유찰
정상공고,LDH0971,1,45890,***,(일장) 장갑전투도자 회전속도계 구매,2022,LDH,육군종합정비창,수의계약,총액제,적격심사제,202211081300,20221108,유찰
정상공고,LDH0972,1,45896,***,K1전차 호스 등 2종 구매,2022,LDH,육군종합정비창,수의계약,총액제,적격심사제,202211081300,20221108,유찰
정상공고,LDH0973,1,45910,***,총포 플러그 등 7종 구매,2022,LDH,육군종합정비창,제한경쟁,총액제,적격심사제,202211081300,20221108,낙찰
정상공고,LDH0974,1,45915,***,발칸 와셔 등 11종 구매,2022,LDH,육군종합정비창,제한경쟁,총액제,적격심사제,202211081300,20221108,낙찰
정상공고,LDH0975,1,45918,***,발칸 시트 등 4종 구매,2022,LDH,육군종합정비창,제한경쟁,총액제,적격심사제,202211081300,20221108,낙찰
정상공고,LDH0976,1,45922,***,발칸 리드선 등 10종 구매,2022,LDH,육군종합정비창,수의계약,총액제,적격심사제,202211081300,20221108,유찰
정상공고,LDH0977,1,45923,***,발칸 나사 등 7종 구매,2022,LDH,육군종합정비창,수의계약,총액제,적격심사제,202211081300,20221108,유찰
정상공고,LDH0978,1,45924,***,발칸 개스킷 등 13종 구매,2022,LDH,육군종합정비창,제한경쟁,총액제,적격심사제,202211081300,20221108,낙찰
정상공고,LDH0981,1,45931,***,발칸 판 등 10종 구매,2022,LDH,육군종합정비창,제한경쟁,총액제,적격심사제,202211081300,20221108,낙찰
정상공고,LDH0982,1,45935,***,발칸 나사 등 2종 구매,2022,LDH,육군종합정비창,제한경쟁,총액제,적격심사제,202211081300,20221108,낙찰
정상공고,LDH0983,1,45940,***,발칸 나사 등 14종 구매,2022,LDH,육군종합정비창,제한경쟁,총액제,적격심사제,202211081300,20221108,유찰
정상공고,LDH0984,1,45943,***,(화공) 하론소화약제가스 1종 구매,2022,LDH,육군종합정비창,수의계약,총액제,적격심사제,202211081300,20221108,유찰
정상공고,LDH0985,1,45945,***,"(화공) 산소,공업용 등 2종 구매",2022,LDH,육군종합정비창,수의계약,총액제,적격심사제,202211081300,20221108,유찰
정상공고,LDH0986,1,45946,***,(화공) 목형수지등 7종 구매,2022,LDH,육군종합정비창,수의계약,총액제,적격심사제,202211081300,20221108,유찰
정상공고,LDH0987,1,45949,***,(정비)프라스틱브러쉬등41종구매,2022,LDH,육군종합정비창,제한경쟁,총액제,적격심사제,202211081300,20221108,낙찰
정상공고,LDH0988,1,45951,***,(정비)크롬크릿트1종구매,2022,LDH,육군종합정비창,수의계약,총액제,적격심사제,202211081300,20221108,유찰
정상공고,LDH0989,1,45952,***,(정비)반면형호흡보호구등 20종구매,2022,LDH,육군종합정비창,제한경쟁,총액제,적격심사제,202211081300,20221108,낙찰
긴급공고,LGP0235,1,46441,***,22-2차 근거리감시레이더 외주정비 용역,2022,LGP,제1군수지원사령부,일반경쟁,총액제,적격심사제,202211081100,20221108,낙찰
긴급공고,LHK0059,1,46314,***,내진성능평가 및 지반조사용역(직할 1공구),2022,LHK,제2군단,제한경쟁,총액제,적격심사제,202211081030,20221108,낙찰
긴급공고,LHK0060,1,46316,***,내진성능평가 및 지반조사용역(직할 2공구),2022,LHK,제2군단,제한경쟁,총액제,적격심사제,202211081030,20221108,낙찰
긴급공고,LHK0061,1,46319,***,내진성능평가 및 지반조사용역(직할 3공구),2022,LHK,제2군단,제한경쟁,총액제,적격심사제,202211081030,20221108,낙찰
긴급공고,LHK0062,1,46320,***,내진성능평가 및 지반조사용역(주거시설),2022,LHK,제2군단,제한경쟁,총액제,적격심사제,202211081030,20221108,낙찰
긴급공고,LHN0045,1,46242,***,22년 비상수원 식수(생수) 구매계약,2022,LHN,제7보병사단,일반경쟁,총액제,적격심사제,202211081030,20221108,낙찰
긴급공고,LMK0075,1,46170,***,[22-C96]신속항원검사키트 구매계약,2022,LMK,제6보병사단,제한경쟁,총액제,적격심사제,202211081030,20221108,낙찰
재공고,LQG0110,2,42458,***,서초훈련대 과학화체계 유지보수 용역,2022,LQG,육군 52보병사단,제한경쟁,총액제,적격심사제,202211081030,20221108,낙찰
긴급공고,LQP0074,1,46297,***,22년 부대 HDMI 매트릭스 구매 계약,2022,LQP,제1891부대,제한경쟁,총액제,적격심사제,202211081030,20221108,낙찰
재공고,MDG0180,2,41102,***,22-2차 취사기구(보존식냉장고 등 6품목) 구매,2022,MDG,국군의무사령부,제한경쟁,총액제,적격심사제,202211081100,20221108,유찰
긴급공고,MDR0044,1,46617,***,개발제한구역 관리계획 수립 용역(22-B),2022,MDR,제9965부대,수의계약,총액제,적격심사제,202211081030,20221108,유찰
긴급공고,SCF0134,1,39928,***,'22년 FFG 헬기 유도장치 정비,2022,SCF,해군군수사령부,일반경쟁,총액제,적격심사제,202211081030,20221108,순위확정
긴급공고,SCF0131,1,40874,***,잠수함(SS-I) 직류 전동기(통풍팬모터) 정비,2022,SCF,해군군수사령부,일반경쟁,총액제,적격심사제,202211081030,20221108,순위확정
긴급공고,SCF0132,1,41556,***,DDH-ll 노후설비 교체 정비,2022,SCF,해군군수사령부,일반경쟁,총액제,적격심사제,202211081030,20221108,낙찰
긴급공고,SCF0130,1,41961,***,링스 항공기 회로카드조립체 정비,2022,SCF,해군군수사령부,수의계약,총액제,적격심사제,202211081030,20221108,유찰
긴급공고,SCF0384,1,42008,***,"베어링, 롤러식, 스러스트형 1EA 구매",2022,SCF,해군군수사령부,제한경쟁,총액제,적격심사제,202211081030,20221108,순위확정
긴급공고,SCF0133,1,42779,***,LST-l 노후설비 교체 정비,2022,SCF,해군군수사령부,일반경쟁,총액제,적격심사제,202211081030,20221108,낙찰
긴급공고,SCF0385,1,42822,***,대형 타이어 탈착기 등 2종 구매,2022,SCF,해군군수사령부,제한경쟁,총액제,적격심사제,202211081030,20221108,낙찰
긴급공고,SCF0388,1,43610,***,"압축기, 냉동용 4EA 구매",2022,SCF,해군군수사령부,제한경쟁,총액제,적격심사제,202211081030,20221108,낙찰
긴급공고,SCF0387,1,43959,***,해군 특전 전투복 상의 등 4종 제조,2022,SCF,해군군수사령부,제한경쟁,총액제,적격심사제,202211081030,20221108,낙찰
긴급공고,SCF0615,1,44236,***,"(긴급)표시기,점검,액체용 등 7종",2022,SCF,해군군수사령부,제한경쟁,총액제,적격심사제,202211081030,20221108,낙찰
긴급공고,SCF0617,1,44238,***,(긴급)해수감압변(32A) 등 16종,2022,SCF,해군군수사령부,제한경쟁,총액제,적격심사제,202211081030,20221108,낙찰
긴급공고,SCF0620,1,45046,***,"(긴급) 파이프,금속제 등 22종",2022,SCF,해군군수사령부,제한경쟁,총액제,적격심사제,202211081030,20221108,낙찰
긴급공고,SCF0621,1,45048,***,"(긴급)튜브및 이음쇠,금속제 등 21종",2022,SCF,해군군수사령부,제한경쟁,총액제,적격심사제,202211081030,20221108,낙찰
긴급공고,SCF0386,1,45239,***,후드사파리 쟈켓 156EA 구매,2022,SCF,해군군수사령부,제한경쟁,총액제,적격심사제,202211081030,20221108,낙찰
긴급공고,SCF0618,1,45247,***,(긴급)열 및 연기감지기 등 2종,2022,SCF,해군군수사령부,제한경쟁,총액제,적격심사제,202211081030,20221108,유찰
긴급공고,SCF0616,1,45398,***,"(긴급)제어유닛, 조속기용 1종",2022,SCF,해군군수사령부,제한경쟁,총액제,적격심사제,202211081030,20221108,낙찰
긴급공고,SCF0613,1,45434,***,"(긴급)밸브,글로브형 등 10종 구매",2022,SCF,해군군수사령부,제한경쟁,총액제,적격심사제,202211081030,20221108,유찰
긴급공고,SCF0622,1,45596,***,"바, 금속제 등 3종",2022,SCF,해군군수사령부,제한경쟁,총액제,적격심사제,202211081030,20221108,낙찰
긴급공고,SCF0623,1,45604,***,"파이프, 금속제 등 13종",2022,SCF,해군군수사령부,제한경쟁,총액제,적격심사제,202211081030,20221108,유찰
긴급공고,SCF0137,1,46578,***,0-000호정 전기장치 외주정비,2022,SCF,해군군수사령부,일반경쟁,총액제,적격심사제,202211081030,20221108,유찰
긴급공고,SCG0115,1,45402,***,'22~'24년 기록물보존콤시스템 유지보수,2022,SCG,해군본부,일반경쟁,총액제,적격심사제,202211081030,20221108,낙찰
긴급공고,SFC0121,1,46492,***,22-해병-화상회의 교체 사업(리스물건),2022,SFC,제9691부대,일반경쟁,총액제,적격심사제,202211081100,20221108,낙찰
긴급공고,SFC0122,1,46526,***,22-해병-운전교육 시뮬레이터 유지보수 용역,2022,SFC,제9691부대,제한경쟁,총액제,적격심사제,202211081100,20221108,낙찰
재공고,SFG0106,2,44860,***,22-해병-김포 간부숙소(콘크리트 말뚝),2022,SFG,제9181부대,일반경쟁,총액제,적격심사제,202211081100,20221108,낙찰
긴급공고,SFN0059,1,46173,***,콘솔데스크 등 23품목 제조설치,2022,SFN,연평부대,일반경쟁,총액제,적격심사제,202211081030,20221108,낙찰
긴급공고,SFN0061,1,46381,***,22-Y-폐기물 처리 용역(일반폐기물),2022,SFN,연평부대,수의계약,총액제,적격심사제,202211081030,20221108,유찰
재공고,UMM0600,2,37771,***,22-공-디지털포렌식 장비 성능개선 사업,2022,UMM,국군재정관리단,일반경쟁,총액제,적격심사제,202211081100,20221108,낙찰
정상공고,UMM0653,1,42342,***,22-해병-이동형 지휘통신체계 도입(리스물건),2022,UMM,국군재정관리단,일반경쟁,총액제,적격심사제,202211081100,20221108,낙찰
긴급공고,UMM0654,1,45704,***,(22G186-A)노후 네트워크장비 교체사업 금융리스,2022,UMM,국군재정관리단,일반경쟁,총액제,최저가격제,202211081100,20221108,유찰
정상공고,EKA0045,1,0110,***,K1E1전차 4차양산 일반공구,2022,EKA,기동총괄계약팀,제한경쟁,총액제,적격심사제,202211071030,20221107,낙찰
정상공고,ETA0009,1,5301,***,해상감시레이더-II 일반공구,2022,ETA,감시전자총괄계약팀,제한경쟁,총액제,적격심사제,202211071030,20221107,낙찰
정상공고,ETA0010,1,5302,***,해상감시레이더-II 기본불출품목 및 시험장비,2022,ETA,감시전자총괄계약팀,제한경쟁,총액제,적격심사제,202211071430,20221107,유찰
긴급공고,HCC0118,1,46257,***,손목보호대 등 55종 구매(199),2022,HCC,해군제1수리창,제한경쟁,총액제,적격심사제,202211071030,20221107,낙찰
긴급공고,HCC0119,1,46259,***,"저울, 무게측정용 등 4종 구매(200)",2022,HCC,해군제1수리창,제한경쟁,총액제,적격심사제,202211071030,20221107,낙찰
긴급공고,HCC0120,1,46264,***,"다이얼 깊이 게이지 등 13종 구매(22-14,16)",2022,HCC,해군제1수리창,제한경쟁,총액제,적격심사제,202211071030,20221107,낙찰
긴급공고,HCC0121,1,46296,***,스텐유압호스 등 15종 구매(201),2022,HCC,해군제1수리창,제한경쟁,총액제,적격심사제,202211071030,20221107,낙찰
긴급공고,LDH0991,1,46131,***,부품제작자재 마봉강 SM20C 19파이 등 18종 구매,2022,LDH,육군종합정비창,수의계약,총액제,적격심사제,202211071300,20221107,유찰
긴급공고,LFN0052,1,44405,***,3사교 생도 국토순례 여행 용역,2022,LFN,육군3사관학교,2단계경쟁(동시),총액제,최저가격제,202211071300,20221107,낙찰
정상공고,LFN0053,1,45608,***,22년 4분기 3사교 학습프로그램 구매,2022,LFN,육군3사관학교,일반경쟁,총액제,적격심사제,202211071030,20221107,유찰
긴급공고,LHM0084,1,45676,***,(군-기-3) 22년 지반조사용역(2차)(A공구),2022,LHM,제15보병사단,제한경쟁,총액제,적격심사제,202211071100,20221107,낙찰
긴급공고,LHM0085,1,45677,***,(군-기-3) 22년 지반조사용역(B공구),2022,LHM,제15보병사단,제한경쟁,총액제,적격심사제,202211071100,20221107,낙찰
긴급공고,LHM0086,1,45678,***,(군-기-3) 22년 지반조사용역(C공구),2022,LHM,제15보병사단,제한경쟁,총액제,적격심사제,202211071100,20221107,낙찰
긴급공고,MCK0007,1,42191,***,차세대 국방통합재정정보체계 00장비 미들웨어 도입,2022,MCK,국방전산정보원,수의계약,총액제,최저가격제,202211071100,20221107,유찰
정상공고,MDD0135,1,43533,***,2022 재투자 의무장비(흡인기 음압치료용) 구매,2022,MDD,국군수도병원,제한경쟁,총액제,적격심사제,202211071100,20221107,유찰
정상공고,MDD0134,1,43547,***,2022 재투자 의무장비(비디오삽관기) 구매,2022,MDD,국군수도병원,제한경쟁,총액제,적격심사제,202211071100,20221107,낙찰
정상공고,MDD0133,1,43565,***,2022 국군수도병원 장비운영소모품 147차 구매계약,2022,MDD,국군수도병원,제한경쟁,총액제,적격심사제,202211071100,20221107,낙찰
긴급공고,UMM0653,1,45531,***,(22G173-A)전자출판시스템 구매 금융리스,2022,UMM,국군재정관리단,제한경쟁,총액제,최저가격제,202211071100,20221107,낙찰
정상공고,UMM0648,1,45572,***,22-해-AI 빅데이터 분석 개발용 학습 플랫폼 구축,2022,UMM,국군재정관리단,일반경쟁,총액제,적격심사제,202211071100,20221107,낙찰
정상공고,EBB0438,1,MP011,***,함정용 해양방사능 측정장비,2022,EBB,지상공통전력운영계약팀,2단계경쟁(동시),총액제,최저가격제,202211041500,20221104,낙찰
정상공고,EHF0194,1,8020,***,22년 천마 수리부속류(호스 등 구매),2022,EHF,미래전력사업전력운영계약팀,일반경쟁,총액제,적격심사제,202211041100,20221104,낙찰
정상공고,EKA0042,1,7260A,***,"쉘타, 비전개식(2½사격지휘차용_V-251K)",2022,EKA,기동총괄계약팀,수의계약,총액제,적격심사제,202211041030,20221104,유찰
정정공고,HDQ0069,2,45529,***,22-탄약고 추가 소요 제초 용역 계약,2022,HDQ,제20전투비행단,제한경쟁,총액제,적격심사제,202211041030,20221104,낙찰
정상공고,LCF0540,1,45355,***,"칼라, 폐쇄기 고리용 등 39항목 제조(생산능력, 궤도)",2022,LCF,육군군수사령부,수의계약,총액제,적격심사제,202211041030,20221104,유찰
정상공고,LDG0079,1,45323,***,'22-3차 탄약폐기물(혼용재질) 위탁처리 용역,2022,LDG,육군 탄약지원사령부,일반경쟁,총액제,적격심사제,202211041030,20221104,낙찰
정상공고,LDG0078,1,45327,***,'22-3차 탄약폐기물(폐지환통) 위탁처리 용역,2022,LDG,육군 탄약지원사령부,일반경쟁,총액제,적격심사제,202211041030,20221104,낙찰
정상공고,LDG0080,1,45337,***,'22-3차 탄약폐기물(폐목재) 위탁처리 용역,2022,LDG,육군 탄약지원사령부,일반경쟁,총액제,적격심사제,202211041030,20221104,낙찰
정상공고,LHD0040,1,45418,***,천미리 표적지 사후환경영향조서 용역(A142),2022,LHD,제21보병사단,일반경쟁,총액제,적격심사제,202211041030,20221104,낙찰
정상공고,LIK0117,1,45283,001,'23년 신정 경축특식 글레이즈드 도넛 제조/구매,2022,LIK,제2군수지원여단,제한경쟁,단가제,적격심사제,202211041030,20221104,낙찰
정상공고,LKP0060,1,45272,001,'22년 크리스마스 경축특식(마카롱) 제조,2022,LKP,5군수지원사령부,제한경쟁,단가제,적격심사제,202211041100,20221104,낙찰
긴급공고,LPF0065,1,45582,***,22년 예비군 육성지원(응급처치키트/야전지혈대 구매),2022,LPF,제51보병사단,제한경쟁,총액제,적격심사제,202211041030,20221104,유찰
정정공고,MDD0132,2,43015,***,2022 재투자 의무장비(심장세동제거기) 구매 계약,2022,MDD,국군수도병원,제한경쟁,총액제,적격심사제,202211041100,20221104,낙찰
정상공고,MFH0013,1,45244,***,EMP 성능시험장비 유지보수 용역,2022,MFH,국방시설본부,일반경쟁,총액제,적격심사제,202211041030,20221104,유찰
정상공고,MFH0014,1,45411,***,EMP 성능시험장비 검교정 용역,2022,MFH,국방시설본부,일반경쟁,총액제,적격심사제,202211041030,20221104,유찰
긴급공고,SCF0611,1,44816,***,"(긴급)밸브,유량조절용 등 19종 구매",2022,SCF,해군군수사령부,제한경쟁,총액제,적격심사제,202211041030,20221104,낙찰
긴급공고,SCF0609,1,44820,***,"(긴급)걸쇠,조임용 등 7종 구매",2022,SCF,해군군수사령부,제한경쟁,총액제,적격심사제,202211041030,20221104,낙찰
정상공고,UAC0031,1,45228,***,'22년 후반기 옵셋인쇄기 롤러피복교체 외주정비 용역,2022,UAC,국방출판지원단,제한경쟁,총액제,적격심사제,202211041100,20221104,낙찰
정상공고,UMM0650,1,40465,***,(226375-D)’22년 원격교육 포털 플랫폼 재구축사업,2022,UMM,국군재정관리단,일반경쟁,총액제,적격심사제,202211041100,20221104,유찰
정상공고,UMM0645,1,41436,***,22- 해군 3차 코로나19 PCR 위탁검사 용역(22H1125-H),2022,UMM,국군재정관리단,일반경쟁,총액제,적격심사제,202211041100,20221104,낙찰
정상공고,EBB0439,1,0070,***,22년 삼정검,2022,EBB,지상공통전력운영계약팀,수의계약,총액제,적격심사제,202211031100,20221103,유찰
재공고,EBB0429,3,0202I,***,"전지,재충전불가식(BA-3517)",2022,EBB,지상공통전력운영계약팀,수의계약,총액제,적격심사제,202211031100,20221103,순위확정
긴급공고,HDT0018,1,43440,***,오산기지 UPS 배터리 1종 구매ㆍ설치,2022,HDT,공군작사근무지원단,일반경쟁,총액제,적격심사제,202211031100,20221103,낙찰
긴급공고,LGC0035,1,45613,***,23년 학군후보생 기타피복류 제조,2022,LGC,육군학생군사학교,일반경쟁,총액제,적격심사제,202211031100,20221103,낙찰
긴급공고,LGC0036,1,45624,***,23년 학군사관후보생 군장품류 제조,2022,LGC,육군학생군사학교,일반경쟁,총액제,적격심사제,202211031100,20221103,낙찰
긴급공고,LGM0033,1,45581,***,22년 정비 및 취사물자 구매,2022,LGM,제11기동사단,제한경쟁,총액제,적격심사제,202211031100,20221103,낙찰
긴급공고,LMR0047,1,45502,***,식기세척기 임차용역(8대),2022,LMR,제5군단사령부,일반경쟁,총액제,적격심사제,202211031030,20221103,낙찰
긴급공고,LNF0045,1,45516,***,(의무-9) 자가진단키트 등 3품목 구매,2022,LNF,제1보병사단,제한경쟁,총액제,적격심사제,202211031030,20221103,낙찰
재공고,SCF0115,2,36993,***,Lynx 항공기 APS 전원공급기 정비,2022,SCF,해군군수사령부,수의계약,총액제,적격심사제,202211031030,20221103,순위확정
긴급공고,SCF0128,1,40876,***,잠수함(SS-II) 축전지 감시센서 정비(2차),2022,SCF,해군군수사령부,일반경쟁,총액제,적격심사제,202211031030,20221103,낙찰
긴급공고,SCF0608,1,43237,***,"(긴급)스위치, 리드식 등 5종",2022,SCF,해군군수사령부,제한경쟁,총액제,적격심사제,202211031030,20221103,낙찰
긴급공고,SCF0606,1,43361,***,"(긴급)밸브,안전릴리프형 1종 구매",2022,SCF,해군군수사령부,제한경쟁,총액제,적격심사제,202211031030,20221103,낙찰
긴급공고,SCF0605,1,43386,***,"(긴급)스위치,압력식 등 5종 구매",2022,SCF,해군군수사령부,제한경쟁,총액제,적격심사제,202211031030,20221103,낙찰
긴급공고,SCF0607,1,43446,***,"(긴급)교정기,주파수용 등 11종 구매",2022,SCF,해군군수사령부,제한경쟁,총액제,적격심사제,202211031030,20221103,낙찰
긴급공고,SCF0604,1,43456,***,"(긴급)스터드,평형 등 7종 구매",2022,SCF,해군군수사령부,제한경쟁,총액제,적격심사제,202211031030,20221103,낙찰
긴급공고,SCF0603,1,43459,***,(긴급)팁 등 3종 구매,2022,SCF,해군군수사령부,제한경쟁,총액제,적격심사제,202211031030,20221103,낙찰
긴급공고,SCF0602,1,43538,***,"(긴급)벨트,V형 등 4종 구매",2022,SCF,해군군수사령부,제한경쟁,총액제,적격심사제,202211031030,20221103,유찰
긴급공고,SCF0126,1,43590,***,500KW 비상발전기 정비,2022,SCF,해군군수사령부,수의계약,총액제,적격심사제,202211031030,20221103,유찰
긴급공고,SCF0612,1,44235,***,"(긴급)고정기 조립체,전기 접촉 브러쉬용 등 9종",2022,SCF,해군군수사령부,제한경쟁,총액제,적격심사제,202211031030,20221103,유찰
긴급공고,UMM0649,1,41850,***,22-해-소나돔리프트 제조,2022,UMM,국군재정관리단,일반경쟁,총액제,적격심사제,202211031100,20221103,낙찰
정상공고,UMM0643,1,44827,***,22-해-소형 마이크로웨이브 구매,2022,UMM,국군재정관리단,일반경쟁,총액제,적격심사제,202211031100,20221103,낙찰
정상공고,LCF0539,1,43886,***,"제어장치, 공기조화기용 등 9항목 제조(일장)",2022,LCF,육군군수사령부,제한경쟁,총액제,적격심사제,202211021030,20221102,유찰
정상공고,LDH0964,1,44704,***,통신장비 수리부속 트랜지스터 등 3종 구매,2022,LDH,육군종합정비창,수의계약,총액제,적격심사제,202211021000,20221102,유찰
재공고,LHG0072,2,43005,***,11월 부대계약 (식육가공품류) - 돈까스,2022,LHG,제1862부대,수의계약,총액제,적격심사제,202211021030,20221102,유찰
재공고,LHG0077,2,43014,***,11월 부대계약 (식육가공품류) - 햄,2022,LHG,제1862부대,수의계약,총액제,적격심사제,202211021030,20221102,유찰
정상공고,LIK0116,1,45266,001,'22년 성탄절 경축특식 쿠키슈 제조,2022,LIK,제2군수지원여단,제한경쟁,단가제,적격심사제,202211021030,20221102,유찰
정상공고,LQG0114,1,44718,***,(육성) 검문소 경량화 물자 제조 납품 2차,2022,LQG,육군 52보병사단,제한경쟁,총액제,적격심사제,202211021030,20221102,낙찰
정상공고,MDR0042,1,42959,***,잠수물자 구매,2022,MDR,제9965부대,제한경쟁,총액제,적격심사제,202211021100,20221102,낙찰
긴급공고,SCF0124,1,42340,***,잠수함(SS-I) 비상전원 공급장치 정비,2022,SCF,해군군수사령부,일반경쟁,총액제,적격심사제,202211021030,20221102,낙찰
긴급공고,SCF0599,1,43754,***,"(긴급)제동자,배기관용,디젤엔진용 등 13종 구매",2022,SCF,해군군수사령부,제한경쟁,총액제,적격심사제,202211021030,20221102,낙찰
긴급공고,SCF0601,1,43912,***,(긴급)유압실린더 등 2종 구매,2022,SCF,해군군수사령부,제한경쟁,총액제,적격심사제,202211021030,20221102,낙찰
긴급공고,SCF0600,1,44102,***,"(긴급)스위치,온도조절용 등 11종 구매",2022,SCF,해군군수사령부,제한경쟁,총액제,적격심사제,202211021030,20221102,낙찰
긴급공고,SCF0125,1,45347,***,00함 RCS 차폐막 정비,2022,SCF,해군군수사령부,일반경쟁,총액제,적격심사제,202211021030,20221102,낙찰
정상공고,SCN0157,1,44812,***,22-간부숙소 특수페인트 제조설치,2022,SCN,제7001부대,일반경쟁,총액제,적격심사제,202211021030,20221102,낙찰
정정공고,SFC0119,2,45232,***,22-덕-현장종합 수사세트 구매,2022,SFC,제9691부대,제한경쟁,총액제,적격심사제,202211021100,20221102,유찰
긴급공고,SFC0120,1,45279,***,22-덕-해병 수첩 커버 구매,2022,SFC,제9691부대,제한경쟁,총액제,적격심사제,202211021100,20221102,낙찰
정상공고,UMM0637,1,36771,***,무정전전원장치(UPS) 노후 배터리 교체 사업,2022,UMM,국군재정관리단,제한경쟁,총액제,적격심사제,202211021100,20221102,낙찰
정상공고,UMM0645,1,39422,***,(226392-F)군악기 구매,2022,UMM,국군재정관리단,제한경쟁,총액제,적격심사제,202211021100,20221102,낙찰
재공고,UMM0643,2,41012,***,(226390-D)전자총 구매,2022,UMM,국군재정관리단,수의계약,총액제,적격심사제,202211021100,20221102,유찰
정상공고,UMM0636,1,42487,***,22-해병-탄약고 CCTV 제조설치,2022,UMM,국군재정관리단,제한경쟁,총액제,적격심사제,202211021100,20221102,낙찰
긴급공고,UMM0646,1,42688,***,(226412-E) TRS 시스템 신버전 SW 구매,2022,UMM,국군재정관리단,일반경쟁,총액제,적격심사제,202211021100,20221102,낙찰
정상공고,UMM0639,1,44789,***,22-공-원자흡광광도계 등 3종 구매,2022,UMM,국군재정관리단,제한경쟁,총액제,적격심사제,202211021100,20221102,낙찰
긴급공고,UMM0649,1,45422,***,(226177-D)특정지역 신사복류 제조,2022,UMM,국군재정관리단,제한경쟁,총액제,적격심사제,202211021100,20221102,낙찰
정상공고,EBB0435,1,MB013,***,저공풍측정기 성능개선,2022,EBB,지상공통전력운영계약팀,2단계경쟁(동시),총액제,최저가격제,202211011500,20221101,낙찰
정상공고,EBB0436,1,MP010,***,함교 및 지휘소용 영상전시기(구매/설치),2022,EBB,지상공통전력운영계약팀,2단계경쟁(동시),총액제,최저가격제,202211011500,20221101,낙찰
재공고,EHF0191,2,4602,***,"정비키트, 어뢰용",2022,EHF,미래전력사업전력운영계약팀,수의계약,총액제,적격심사제,202211011030,20221101,유찰
정상공고,EHF0193,1,9600B,***,후방지역위성통신체계 성능개선(가속기 라이선스 등),2022,EHF,미래전력사업전력운영계약팀,수의계약,총액제,적격심사제,202211011100,20221101,유찰
재공고,EMA0010,4,7325,***,검독수리-B B-II 1~4번함 건조,2022,EMA,함정총괄계약팀,지명경쟁,총액제,적격심사제,202211011100,20221101,낙찰
정상공고,EM70003,1,7800,***,소해함(MSH-II) 기본설계,2022,EMA,함정총괄계약팀,협상에의한계약(서류),총액제,최저가격제,202211011500,20221101,낙찰
긴급공고,ERA0010,1,3030,***,"발전기세트(트레일러탑재식,TJQ-709K)",2022,ERA,우주지휘통신총괄계약팀,일반경쟁,총액제,적격심사제,202211011600,20221101,낙찰
긴급공고,HCF0206,1,41740,***,[F-16 부품]스위치 1종,2022,HCF,공군군수사령부,제한경쟁,총액제,적격심사제,202211011030,20221101,유찰
긴급공고,HCF0207,1,42523,***,전자전훈련체계(EWTS) 유지보수,2022,HCF,공군군수사령부,제한경쟁,총액제,적격심사제,202211011030,20221101,낙찰
긴급공고,HCF0208,1,42561,***,탄도유도탄 통제소 유지보수,2022,HCF,공군군수사령부,제한경쟁,총액제,적격심사제,202211011030,20221101,낙찰
정정공고,HCF0021,2,43400,***,"조달-기체(군)-25, 고양 가동장치 작업대",2022,HCF,공군군수사령부,제한경쟁,총액제,적격심사제,202211011100,20221101,낙찰
긴급공고,HDC0024,1,45020,***,TA-50 탄약정비실 신축 자재 구매 및 설치,2022,HDC,공군제1전투비행단,제한경쟁,총액제,적격심사제,202211011030,20221101,낙찰
긴급공고,LBA0166,1,44798,***,'22년 후반기 일반폐기물 위탁처리 용역 계약 의뢰,2022,LBA,제 2167부대,일반경쟁,총액제,적격심사제,202211011030,20221101,낙찰
재공고,LCF0532,2,42461,***,"전동기, 와이퍼용, 공압식 등 2항목 제조(일장)",2022,LCF,육군군수사령부,제한경쟁,총액제,적격심사제,202211011030,20221101,유찰
재공고,LCF0534,2,43308,***,브레이크 시험기 등 8항목 제조(기장),2022,LCF,육군군수사령부,수의계약,총액제,적격심사제,202211011030,20221101,유찰
정상공고,LCF0538,1,44551,***,"잠금조립체, 후드용 등 6항목 제조(기장)",2022,LCF,육군군수사령부,제한경쟁,총액제,적격심사제,202211011030,20221101,유찰
정상공고,LCG0111,1,44158,***,'23년 안전캘린더 후가공 제조,2022,LCG,육군본부,제한경쟁,총액제,적격심사제,202211011030,20221101,낙찰
정정공고,LCG0112,2,44404,***,'22년 지휘관 및 주임원사 휘장류 제조,2022,LCG,육군본부,제한경쟁,총액제,적격심사제,202211011030,20221101,낙찰
긴급공고,LCP0032,1,44984,***,항공정비장비(호이스트 점검 툴) 구매 계약,2022,LCP,육군항공사령부,일반경쟁,총액제,적격심사제,202211011030,20221101,낙찰
재공고,LDG0067,2,39773,***,휴대용 마킹건 구매,2022,LDG,육군 탄약지원사령부,제한경쟁,총액제,적격심사제,202211011030,20221101,낙찰
정상공고,LDH0961,1,44088,***,통신장비 수리부속 캐패시터 등 16종 구매,2022,LDH,육군종합정비창,제한경쟁,총액제,적격심사제,202211011000,20221101,낙찰
긴급공고,LGP0229,1,44746,***,"22년 화공가스(SF6 충전및용기, 고압질소 충전) 구매",2022,LGP,제1군수지원사령부,제한경쟁,총액제,적격심사제,202211011030,20221101,낙찰
긴급공고,LKS0051,1,43585,***,'22~'23년 체력단련장 식자재 구매(경기권),2022,LKS,육군인사사령부,일반경쟁,총액제,적격심사제,202211011030,20221101,낙찰
긴급공고,LKS0053,1,43587,***,'22~'23년 체력단련장 식자재 구매(충청권),2022,LKS,육군인사사령부,일반경쟁,총액제,적격심사제,202211011030,20221101,낙찰
긴급공고,LKS0054,1,43588,***,'22~'23년 체력단련장 식자재 구매(경북권),2022,LKS,육군인사사령부,일반경쟁,총액제,적격심사제,202211011030,20221101,낙찰
긴급공고,LKS0055,1,43589,***,'22~'23년 체력단련장 식자재 구매(경남권),2022,LKS,육군인사사령부,제한경쟁,총액제,적격심사제,202211011030,20221101,낙찰
긴급공고,LKT0066,1,44387,***,22-7차 정보통신운영용품 구매,2022,LKT,제1989부대,제한경쟁,총액제,적격심사제,202211011030,20221101,낙찰
긴급공고,LKT0067,1,44470,***,22년 11월 부대조달 급식품목(빵류) 제조 구매,2022,LKT,제1989부대,수의계약,총액제,적격심사제,202211011030,20221101,유찰
긴급공고,LMH0021,1,44379,***,7군단 군숙소 시설관리용역,2022,LMH,제7군단,일반경쟁,총액제,적격심사제,202211011100,20221101,낙찰
긴급공고,LPK0053,1,45120,***,222/631포병 부대개편 관급 자동제어 제조설치,2022,LPK,제8기동사단,제한경쟁,총액제,적격심사제,202211011100,20221101,낙찰
긴급공고,LPK0054,1,45128,***,222/631포병 부대개편 관급 원격검침설비 제조설치,2022,LPK,제8기동사단,제한경쟁,총액제,적격심사제,202211011100,20221101,낙찰
긴급공고,LQH0036,1,44451,***,노고산 예비군훈련대 과학화체계 제반사항 구축,2022,LQH,제3697부대,제한경쟁,총액제,적격심사제,202211011100,20221101,낙찰
재공고,SCF0541,2,36681,***,(긴급)방향제어밸브 1종,2022,SCF,해군군수사령부,수의계약,총액제,적격심사제,202211011030,20221101,유찰
긴급공고,SCF0381,1,41555,***,00사 취사장 청소용역,2022,SCF,해군군수사령부,일반경쟁,총액제,적격심사제,202211011030,20221101,낙찰
긴급공고,SCF0591,1,41607,***,(긴급) 브레이크 슈즈 셋트 1종,2022,SCF,해군군수사령부,제한경쟁,총액제,적격심사제,202211011030,20221101,낙찰
긴급공고,SCF0383,1,42675,***,장갑 등 365종 구매,2022,SCF,해군군수사령부,제한경쟁,총액제,적격심사제,202211011030,20221101,낙찰
긴급공고,SCF0592,1,42988,***,(긴급)핀 직선형 나사식 1종,2022,SCF,해군군수사령부,제한경쟁,총액제,적격심사제,202211011030,20221101,낙찰
긴급공고,SCF0382,1,43175,***,"구급대(디지털무늬) 3,000EA 구매",2022,SCF,해군군수사령부,제한경쟁,총액제,적격심사제,202211011030,20221101,낙찰
긴급공고,SCF0590,1,43177,***,"(긴급) 압축기, 냉동용 등 5종",2022,SCF,해군군수사령부,제한경쟁,총액제,적격심사제,202211011030,20221101,낙찰
긴급공고,SCF0596,1,43377,***,"(긴급)전원공급기,무정전식 등 12종 구매",2022,SCF,해군군수사령부,제한경쟁,총액제,적격심사제,202211011030,20221101,유찰
긴급공고,SCF0594,1,43392,***,"(긴급) 전달장치,압력용 등 4종 구매",2022,SCF,해군군수사령부,제한경쟁,총액제,적격심사제,202211011030,20221101,낙찰
긴급공고,SCF0595,1,43402,***,"(긴급)시동기,전동기용 등 4종 구매",2022,SCF,해군군수사령부,제한경쟁,총액제,적격심사제,202211011030,20221101,유찰
긴급공고,SCF0597,1,43428,***,"(긴급)펌프,회전식 등 4종 구매",2022,SCF,해군군수사령부,제한경쟁,총액제,적격심사제,202211011030,20221101,낙찰
긴급공고,SCF0598,1,43439,***,(긴급)오-링 등 24종 구매,2022,SCF,해군군수사령부,제한경쟁,총액제,적격심사제,202211011030,20221101,낙찰
긴급공고,SCF0593,1,43463,***,"(긴급)페룰,압축용,튜브이음용 등 13종 구매",2022,SCF,해군군수사령부,제한경쟁,총액제,적격심사제,202211011030,20221101,낙찰
긴급공고,SCI0082,1,44669,***,에폭시 코팅 키트 등 12종 구매,2022,SCI,제9121부대,제한경쟁,총액제,적격심사제,202211011030,20221101,낙찰
재공고,SCP0133,2,43833,***,22-00대대 가-000호정 외주정비,2022,SCP,제8385부대,제한경쟁,총액제,적격심사제,202211011030,20221101,유찰
긴급공고,SFC0112,1,45058,***,병영도서관 관리체계 부속품(바코드 등) 구매 설치,2022,SFC,제9691부대,제한경쟁,총액제,적격심사제,202211011100,20221101,낙찰
긴급공고,SFC0114,1,45064,***,'23년 해병 달력 제작(후가공) 구매,2022,SFC,제9691부대,제한경쟁,총액제,적격심사제,202211011100,20221101,낙찰
긴급공고,SFC0115,1,45067,***,22-덕-싱크대 제조 설치,2022,SFC,제9691부대,제한경쟁,총액제,적격심사제,202211011100,20221101,낙찰
긴급공고,SFC0117,1,45073,***,22-덕-비밀보관함 구매,2022,SFC,제9691부대,제한경쟁,총액제,적격심사제,202211011100,20221101,낙찰
긴급공고,SFC0118,1,45077,***,22-덕-카드 프린터기 등 8품목 구매,2022,SFC,제9691부대,제한경쟁,총액제,적격심사제,202211011100,20221101,낙찰
긴급공고,SFG0106,1,44860,***,22-해병-김포 간부숙소(콘크리트 말뚝),2022,SFG,제9181부대,일반경쟁,총액제,적격심사제,202211011100,20221101,유찰
긴급공고,SFN0056,1,44756,***,온수순환펌프 등 263품목 구매,2022,SFN,연평부대,제한경쟁,총액제,적격심사제,202211011030,20221101,낙찰
정상공고,UAC0030,1,43560,***,수리부속 31종 구매,2022,UAC,국방출판지원단,제한경쟁,총액제,적격심사제,202211011100,20221101,낙찰
긴급공고,UMM0644,1,39477,***,22-공-자동차 검사장비 세트 구매,2022,UMM,국군재정관리단,제한경쟁,총액제,적격심사제,202211011100,20221101,낙찰
정상공고,UMM0635,1,42478,***,22-한빛부대 15·16진 교대 전세항공수송(국적기)용역,2022,UMM,국군재정관리단,수의계약,총액제,적격심사제,202211011100,20221101,유찰
정상공고,UMM0644,1,43798,***,(22F183-A) 22~23년 육군 체력단련장 배상 책임보험,2022,UMM,국군재정관리단,수의계약,총액제,적격심사제,202211011100,20221101,유찰
정상공고,UMM0633,1,44350,***,22-공-특수요원 작전복 5종 구매,2022,UMM,국군재정관리단,제한경쟁,총액제,적격심사제,202211011100,20221101,유찰
긴급공고,UMM0638,1,44725,***,22-해-태블릿 PC 구매,2022,UMM,국군재정관리단,일반경쟁,총액제,적격심사제,202211011100,20221101,낙찰
정정공고,DSS0074,2,43782,***,OOO 출입통제체계 교체사업 제조설치(리스물건),2022,DSS,국군제1068부대,일반경쟁,총액제,적격심사제,202210311030,20221031,낙찰
재공고,EHF0172,3,8014,***,22년 천마수리부속(전동기류),2022,EHF,미래전력사업전력운영계약팀,수의계약,총액제,적격심사제,202210311100,20221031,유찰
재공고,ER40007,2,7230,***,TACAN,2023,ERA,우주지휘통신총괄계약팀,협상에의한계약(서류),총액제,최저가격제,202210311400,20221031,낙찰
긴급공고,HCM0087,1,44420,***,22년 하늘식당 식기세척기 임차,2022,HCM,공군교육사령부,제한경쟁,총액제,적격심사제,202210311100,20221031,유찰
긴급공고,HDS0018,1,44500,001,미-22-액화석유가스(LPG) 구매,2022,HDS,공군미사일방어사령부,수의계약,단가제,적격심사제,202210311100,20221031,유찰
긴급공고,HDS0019,1,44606,***,미-22-진지공사용 폐타이어 처리용역,2022,HDS,공군미사일방어사령부,제한경쟁,총액제,적격심사제,202210311100,20221031,낙찰
정상공고,LDH0953,1,43971,***,(정비) 인서트팁등140종구매,2022,LDH,육군종합정비창,제한경쟁,총액제,적격심사제,202210311300,20221031,유찰
정상공고,LDH0954,1,43983,***,(정비) 에어카플링잭등47종구매,2022,LDH,육군종합정비창,제한경쟁,총액제,적격심사제,202210311300,20221031,유찰
정상공고,LDH0955,1,43985,***,(정비) 카본부라쉬등103종구매,2022,LDH,육군종합정비창,제한경쟁,총액제,적격심사제,202210311300,20221031,낙찰
정상공고,LDH0959,1,44076,***,(정비) 글라스비드등 8종구매,2022,LDH,육군종합정비창,제한경쟁,총액제,적격심사제,202210311300,20221031,낙찰
정상공고,MCD0041,1,42262,***,성주기지 주변지역 건강영향 역학조사 연구,2022,MCD,국방부(운영지원과),수의계약,총액제,최저가격제,202210311030,20221031,유찰
긴급공고,SFC0111,1,44514,***,22-덕-결재판 등 1298품목 통합구매,2022,SFC,제9691부대,제한경쟁,총액제,적격심사제,202210311100,20221031,낙찰
정상공고,UMM0632,1,41574,***,22-해-정지 필 유니트 구매,2022,UMM,국군재정관리단,제한경쟁,총액제,적격심사제,202210311100,20221031,낙찰
정상공고,UMM0631,1,42613,***,22-해병대 연합연습용 화상회의 장비 구매(228258-H),2022,UMM,국군재정관리단,제한경쟁,총액제,적격심사제,202210311100,20221031,낙찰
정상공고,UMM0642,1,43981,***,(226395-E) 체력단련장 관리장비(굴삭기) 구매,2022,UMM,국군재정관리단,제한경쟁,총액제,적격심사제,202210311100,20221031,유찰
정상공고,ELA0041,1,3002A,***,"트럭, 수송용(81mm박격포-II용 후속)",2022,ELA,화력총괄계약팀,일반경쟁,총액제,적격심사제,202210281500,20221028,유찰
긴급공고,HCC0114,1,44486,***,"전지, 축전기 등 11종 구매(191,192)",2022,HCC,해군제1수리창,제한경쟁,총액제,적격심사제,202210281030,20221028,낙찰
긴급공고,HCC0115,1,44487,***,"앵글, 건축용 등 8종 구매(193)",2022,HCC,해군제1수리창,제한경쟁,총액제,적격심사제,202210281030,20221028,낙찰
긴급공고,HCC0116,1,44489,***,"압축기 유닛, 왕복식 등 28종 구매(197)",2022,HCC,해군제1수리창,제한경쟁,총액제,적격심사제,202210281030,20221028,낙찰
긴급공고,HCC0117,1,44491,***,슬립링 구매(198),2022,HCC,해군제1수리창,제한경쟁,총액제,적격심사제,202210281030,20221028,낙찰
재공고,HCG0053,2,38165,***,성희롱 등 사건분석을 통한 조직문화 개선방안 연구,2022,HCG,공군본부,수의계약,총액제,최저가격제,202210281100,20221028,유찰
재공고,LBA0159,2,41606,001,'22년 11~12월 부대조달 부식(빵류) 구매,2022,LBA,제 2167부대,제한경쟁,단가제,적격심사제,202210281030,20221028,순위확정
긴급공고,LBA0164,1,44060,001,'22년 11~12월 부대조달 부식(면류) 구매,2022,LBA,제 2167부대,제한경쟁,단가제,적격심사제,202210281030,20221028,유찰
정상공고,LCF0536,1,42267,***,가설병시험용전화기 등 6항목 구매(통신),2022,LCF,육군군수사령부,제한경쟁,총액제,적격심사제,202210281130,20221028,낙찰
재공고,LCF0528,2,42357,***,오리콘 회로카드조립체 등 6항목 정비,2022,LCF,육군군수사령부,제한경쟁,총액제,적격심사제,202210281030,20221028,유찰
정상공고,MCD0040,1,41919,***,22년 국방민원 우수담당관 국내연수,2022,MCD,국방부(운영지원과),협상에의한계약(전자),총액제,최저가격제,202210281030,20221028,유찰
긴급공고,MDG0183,1,42496,***,22년 의무장비(수술현미경 안과용) 구매,2022,MDG,국군의무사령부,2단계경쟁(동시),총액제,최저가격제,202210281530,20221028,유찰
긴급공고,MDG0189,1,42601,***,22년 의무장비(초음파진단기 일반용) 구매,2022,MDG,국군의무사령부,2단계경쟁(동시),총액제,최저가격제,202210281530,20221028,낙찰
긴급공고,SCF0579,1,43057,***,"(긴급) 연결기,리셉터클형,전기용 등 2종 구매",2022,SCF,해군군수사령부,제한경쟁,총액제,적격심사제,202210281030,20221028,낙찰
긴급공고,SCF0580,1,44020,***,(긴급) 라디에이터 1종 구매,2022,SCF,해군군수사령부,제한경쟁,총액제,적격심사제,202210281030,20221028,낙찰
긴급공고,SCF0581,1,44032,***,"(긴급) 분무팁,노즐,연료분사용 등 2종 구매",2022,SCF,해군군수사령부,제한경쟁,총액제,적격심사제,202210281030,20221028,낙찰
긴급공고,SCF0582,1,44047,***,"(긴급) 경보기,시청각식 등 4종 구매",2022,SCF,해군군수사령부,제한경쟁,총액제,적격심사제,202210281030,20221028,낙찰
정상공고,UMM0630,1,39535,***,(226385-D)음향장비세트 구매설치,2022,UMM,국군재정관리단,제한경쟁,총액제,적격심사제,202210281100,20221028,낙찰
정상공고,UMM0631,1,40467,***,(2263565-D)자동납땜제거기 구매,2022,UMM,국군재정관리단,제한경쟁,총액제,적격심사제,202210281300,20221028,낙찰
정상공고,UMM0629,1,41571,***,(227404-E) NGS 유전자검사 시약재료 구매,2022,UMM,국군재정관리단,일반경쟁,총액제,적격심사제,202210281100,20221028,낙찰
정상공고,UMM0627,1,41930,***,(226381-E) 생도피복(신발류) 구매,2022,UMM,국군재정관리단,제한경쟁,총액제,적격심사제,202210281100,20221028,낙찰
정상공고,UMM0629,1,43820,***,22-해-스프레이부스 등 2종 제조설치,2022,UMM,국군재정관리단,일반경쟁,총액제,적격심사제,202210281100,20221028,유찰
긴급공고,UMM0638,1,43974,***,(226435-F)작전대기시설 컨테이너(6공구) 제조설치,2022,UMM,국군재정관리단,제한경쟁,총액제,적격심사제,202210281100,20221028,낙찰
긴급공고,UMM0639,1,43975,***,(226436-F)작전대기시설 컨테이너(7공구) 제조설치,2022,UMM,국군재정관리단,제한경쟁,총액제,적격심사제,202210281100,20221028,낙찰
긴급공고,UMM0640,1,43976,***,(226437-F)작전대기시설 컨테이너(8공구) 제조설치,2022,UMM,국군재정관리단,제한경쟁,총액제,적격심사제,202210281100,20221028,낙찰
긴급공고,UMM0641,1,43977,***,(226438-F)작전대기시설 컨테이너(9공구) 제조설치,2022,UMM,국군재정관리단,제한경쟁,총액제,적격심사제,202210281100,20221028,낙찰
긴급공고,UMM0632,1,43989,***,(226430-D) 작전대기시설 컨테이너 제조설치(1공구),2022,UMM,국군재정관리단,제한경쟁,총액제,적격심사제,202210281100,20221028,낙찰
긴급공고,UMM0634,1,43990,***,(226431-D) 작전대기시설 컨테이너 제조설치(2공구),2022,UMM,국군재정관리단,제한경쟁,총액제,적격심사제,202210281100,20221028,낙찰
긴급공고,UMM0637,1,43991,***,(226434-D) 작전대기시설 컨테이너 제조설치(5공구),2022,UMM,국군재정관리단,제한경쟁,총액제,적격심사제,202210281100,20221028,낙찰
긴급공고,UMM0636,1,43992,***,(226433-D) 작전대기시설 컨테이너 제조설치(4공구),2022,UMM,국군재정관리단,제한경쟁,총액제,적격심사제,202210281100,20221028,낙찰
긴급공고,UMM0635,1,43993,***,(226432-D) 작전대기시설 컨테이너 제조설치(3공구),2022,UMM,국군재정관리단,제한경쟁,총액제,적격심사제,202210281100,20221028,낙찰
정상공고,ELA0039,1,5200,***,시험장비/특수공구(230mm급 다련장 2차 양산),2022,ELA,화력총괄계약팀,제한경쟁,총액제,적격심사제,202210271030,20221027,낙찰
재공고,LCF0527,2,42319,***,"표시기,시간 합계식 등 50항목 제조(생산능력, 일장)",2022,LCF,육군군수사령부,수의계약,총액제,적격심사제,202210271030,20221027,유찰
정상공고,LDH0950,1,43496,***,K9자주포 케이지섹터 구매,2022,LDH,육군종합정비창,제한경쟁,총액제,적격심사제,202210271300,20221027,낙찰
긴급공고,LGI0138,1,44132,***,22년 우수상용품(무인 운반 견인차) 구매,2022,LGI,제3군수지원여단,일반경쟁,총액제,적격심사제,202210271030,20221027,유찰
정상공고,LIK0114,1,43505,001,'22년 성탄절 경축특식 쿠키슈 제조,2022,LIK,제2군수지원여단,제한경쟁,단가제,적격심사제,202210271030,20221027,유찰
긴급공고,LPM0022,1,44134,***,(육-재-007) 00소초 계류장(부잔교) 제조설치,2022,LPM,제9보병사단사령부,수의계약,총액제,적격심사제,202210271030,20221027,유찰
정상공고,MDG0184,1,42563,***,22년 의무장비(마취기 병원용) 구매,2022,MDG,국군의무사령부,제한경쟁,총액제,적격심사제,202210271100,20221027,낙찰
정상공고,MDG0185,1,42577,***,22년 의무장비(두부 진찰등) 구매,2022,MDG,국군의무사령부,제한경쟁,총액제,적격심사제,202210271100,20221027,낙찰
정상공고,MDG0186,1,42581,***,22년 의무장비(비뇨기능측정기) 구매,2022,MDG,국군의무사령부,제한경쟁,총액제,적격심사제,202210271100,20221027,낙찰
정상공고,MDG0187,1,42592,***,22년 의무장비(콤프레셔 치과용) 구매,2022,MDG,국군의무사령부,제한경쟁,총액제,적격심사제,202210271100,20221027,낙찰
정상공고,MDG0188,1,42596,***,22년 의무장비(인공호흡기병원용 등 2품목) 구매,2022,MDG,국군의무사령부,제한경쟁,총액제,적격심사제,202210271100,20221027,낙찰
긴급공고,MDG0192,1,43070,***,22년 의무장비(요분석기) 구매,2022,MDG,국군의무사령부,제한경쟁,총액제,적격심사제,202210271100,20221027,낙찰
긴급공고,MDG0193,1,43071,***,22년 의무장비(혈액가스분석기 중형) 구매,2022,MDG,국군의무사령부,제한경쟁,총액제,적격심사제,202210271100,20221027,낙찰
긴급공고,MDG0194,1,43075,***,22년 의무장비(시약 및 약품냉장고 소형) 구매,2022,MDG,국군의무사령부,제한경쟁,총액제,적격심사제,202210271100,20221027,낙찰
정상공고,MDG0191,1,43374,***,22년 의무장비(자동흉부압박기) 구매,2022,MDG,국군의무사령부,제한경쟁,총액제,적격심사제,202210271100,20221027,낙찰
긴급공고,MDP0018,1,44150,***,군 장병 통근용 버스 임차 용역,2022,MDP,한미연합군사령부,수의계약,총액제,적격심사제,202210271100,20221027,유찰
긴급공고,SCF0123,1,39847,***,해상초계기 비행관리체계 유지보수 용역,2022,SCF,해군군수사령부,일반경쟁,총액제,적격심사제,202210271030,20221027,낙찰
긴급공고,SCF0578,1,42934,***,3D프린터용 STS 316L 등 2종,2022,SCF,해군군수사령부,제한경쟁,총액제,적격심사제,202210271030,20221027,낙찰
긴급공고,SCF0584,1,43191,***,"(긴급) 전극, 용접용 등 9종",2022,SCF,해군군수사령부,제한경쟁,총액제,적격심사제,202210271030,20221027,낙찰
긴급공고,SCF0583,1,44054,***,"(긴급)펌프, 액체 작동식 등 6종",2022,SCF,해군군수사령부,제한경쟁,총액제,적격심사제,202210271030,20221027,낙찰
긴급공고,SCF0585,1,44061,***,(긴급)팁 등 11종,2022,SCF,해군군수사령부,제한경쟁,총액제,적격심사제,202210271030,20221027,낙찰
긴급공고,SCF0586,1,44077,***,(긴급)회로차단기 등 6종,2022,SCF,해군군수사령부,제한경쟁,총액제,적격심사제,202210271030,20221027,낙찰
긴급공고,SCF0587,1,44087,***,(긴급)인젝터 1종,2022,SCF,해군군수사령부,제한경쟁,총액제,적격심사제,202210271030,20221027,낙찰
긴급공고,SCF0588,1,44101,***,"(긴급)밸브, 글로브형 등 15종",2022,SCF,해군군수사령부,제한경쟁,총액제,적격심사제,202210271030,20221027,낙찰
긴급공고,SCF0589,1,44116,***,"(긴급)밸브, 유량조절용 등 2종",2022,SCF,해군군수사령부,제한경쟁,총액제,적격심사제,202210271030,20221027,낙찰
긴급공고,SFC0106,1,42203,***,해병-병영문화혁신 영상 제작 용역,2022,SFC,제9691부대,2단계경쟁(동시),총액제,최저가격제,202210271030,20221027,낙찰
정상공고,UAC0029,1,42650,***,인쇄용가습기 구매설치,2022,UAC,국방출판지원단,제한경쟁,총액제,적격심사제,202210271100,20221027,낙찰
긴급공고,UMM0633,1,39838,***,(227046-H)22년 무선침입차단체계 교체사업(리스물건),2022,UMM,국군재정관리단,일반경쟁,총액제,적격심사제,202210271100,20221027,낙찰
긴급공고,UMM0643,1,41012,***,(226390-D)전자총 구매,2022,UMM,국군재정관리단,수의계약,총액제,적격심사제,202210271100,20221027,유찰
재공고,LCF0520,2,41176,***,"판, 연결용, 예열플러그 등 16항목 구매(기장)",2022,LCF,육군군수사령부,제한경쟁,총액제,적격심사제,202210261030,20221026,순위확정
정상공고,LCF0533,1,42460,***,"브라켓트, 조립체, 좌석용 등 4항목 구매(일장)",2022,LCF,육군군수사령부,제한경쟁,총액제,적격심사제,202210261030,20221026,낙찰
정상공고,LCF0532,1,42461,***,"전동기, 와이퍼용, 공압식 등 2항목 제조(일장)",2022,LCF,육군군수사령부,제한경쟁,총액제,적격심사제,202210261030,20221026,유찰
정상공고,LCF0535,1,43309,***,"회전, 이음관쇠, 수력용 등 5항목 구매(일장)",2022,LCF,육군군수사령부,제한경쟁,총액제,적격심사제,202210261030,20221026,순위확정
정상공고,LDG0074,1,43052,***,낙뢰감지기 구매,2022,LDG,육군 탄약지원사령부,제한경쟁,총액제,적격심사제,202210261030,20221026,낙찰
정상공고,LDG0075,1,43181,***,고지용 엔진톱 구매,2022,LDG,육군 탄약지원사령부,제한경쟁,총액제,적격심사제,202210261030,20221026,낙찰
정상공고,LDH0941,1,43205,***,(화공) 그리스 등 40품목 구매,2022,LDH,육군종합정비창,제한경쟁,총액제,적격심사제,202210261300,20221026,낙찰
정상공고,LDH0942,1,43208,***,(화공) 주물사 5호 등 2종구매,2022,LDH,육군종합정비창,제한경쟁,총액제,적격심사제,202210261300,20221026,낙찰
정상공고,LDH0943,1,43211,***,(정비) 용접가죽장갑등47종 구매,2022,LDH,육군종합정비창,제한경쟁,총액제,적격심사제,202210261300,20221026,낙찰
정상공고,LDH0944,1,43216,***,(정비) NBR코팅장갑 등 14종 구매,2022,LDH,육군종합정비창,제한경쟁,총액제,적격심사제,202210261300,20221026,낙찰
긴급공고,LHG0067,1,42439,001,11월 부대계약 식자재 납품,2022,LHG,제1862부대,2단계경쟁(동시),단가제,최저가격제,202210261000,20221026,낙찰
긴급공고,LMK0069,1,42408,001,22년 11~12월 식자재 구매(중기간제외품목),2022,LMK,제6보병사단,2단계경쟁(동시),단가제,최저가격제,202210261630,20221026,낙찰
정상공고,MDG0182,1,42330,***,22-4차 의무비품(에어매트리스 등 5품목) 구매,2022,MDG,국군의무사령부,제한경쟁,총액제,적격심사제,202210261100,20221026,낙찰
정상공고,MFH0012,1,43111,***,EMP 성능시험장비 유지보수 용역,2022,MFH,국방시설본부,제한경쟁,총액제,적격심사제,202210261030,20221026,유찰
정상공고,MHD0086,1,43147,***,통합 문자발송 서비스,2022,MHD,방위사업청(운영지원과),제한경쟁,총액제,적격심사제,202210261030,20221026,낙찰
긴급공고,SCF0379,1,39602,***,해군 군사경찰 행사복 등 4종 구매,2022,SCF,해군군수사령부,제한경쟁,총액제,적격심사제,202210261030,20221026,낙찰
긴급공고,SCF0380,1,39691,***,레펠장갑 40PR 구매,2022,SCF,해군군수사령부,제한경쟁,총액제,적격심사제,202210261030,20221026,낙찰
긴급공고,SCP0133,1,43833,***,22-00대대 가-000호정 외주정비,2022,SCP,제8385부대,제한경쟁,총액제,적격심사제,202210261030,20221026,유찰
정정공고,SFG0104,2,43326,***,헤드라이트 측정기 등 9품목 구매,2022,SFG,제9181부대,제한경쟁,총액제,적격심사제,202210261030,20221026,낙찰
긴급공고,UMM0628,1,38509,***,(227044-H)00지역 음향장비(대출력 앰프) 노후교체,2022,UMM,국군재정관리단,일반경쟁,총액제,적격심사제,202210261100,20221026,낙찰
정상공고,UMM0623,1,40109,***,22-국-인쇄용 디자인편집기 구매,2022,UMM,국군재정관리단,제한경쟁,총액제,적격심사제,202210261100,20221026,낙찰
정상공고,UMM0625,1,40393,***,22-해-FRP계류부이 제조,2022,UMM,국군재정관리단,일반경쟁,총액제,적격심사제,202210261100,20221026,낙찰
긴급공고,UMM0626,1,40783,***,(227386-E) 감시장비(CCTV 등) 제조설치,2022,UMM,국군재정관리단,제한경쟁,총액제,적격심사제,202210261100,20221026,낙찰
긴급공고,UMM0628,1,41081,***,22-해-방탄헬멧 1종 구매,2022,UMM,국군재정관리단,제한경쟁,총액제,적격심사제,202210261100,20221026,낙찰
긴급공고,UMM0625,1,41780,***,(226413-F)디지털 인쇄재료 구매,2022,UMM,국군재정관리단,제한경쟁,총액제,적격심사제,202210261100,20221026,낙찰
긴급공고,DSS0070,1,41595,***,1337 제보 접수 시스템 개선 구매사업(리스물건),2022,DSS,국군제1068부대,일반경쟁,총액제,적격심사제,202210251030,20221025,낙찰
재공고,EBB0432,2,5531M,***,22년 105밀리 연습예광탄 목상자,2022,EBB,지상공통전력운영계약팀,일반경쟁,총액제,적격심사제,202210251430,20221025,유찰
재공고,ELA0037,2,5531M,***,22년 105mm 대전차고폭예광탄 목상자,2022,ELA,화력총괄계약팀,일반경쟁,총액제,적격심사제,202210251100,20221025,유찰
정상공고,EM70002,1,7802,***,복합감응기뢰소해장비 탐색개발,2022,EMA,함정총괄계약팀,협상에의한계약(서류),총액제,최저가격제,202210251500,20221025,낙찰
정상공고,EWA0010,1,1116,***,장보고-III 정비대체장비(케이블조립체 등 12종),2022,EWA,한국형잠수함총괄계약팀,일반경쟁,총액제,적격심사제,202210251700,20221025,낙찰
긴급공고,HCF0205,1,42657,***,[군악대]스피커 시스템,2022,HCF,공군군수사령부,제한경쟁,총액제,적격심사제,202210251030,20221025,낙찰
긴급공고,HCL0084,1,43554,***,22-연병장 개선공사 인조잔디 구매설치,2022,HCL,공군사관학교,제한경쟁,총액제,적격심사제,202210251100,20221025,낙찰
정정공고,HDQ0067,2,42972,***,20비-22-319-전자파 상시측정 장비 구매,2022,HDQ,제20전투비행단,제한경쟁,총액제,적격심사제,202210251100,20221025,낙찰
긴급공고,LBA0163,1,43173,***,'22년 후반기 지정폐기물 위탁처리 용역,2022,LBA,제 2167부대,일반경쟁,총액제,적격심사제,202210251030,20221025,유찰
정상공고,LCF0530,1,42230,***,오-링 등 6항목 제조(일장),2022,LCF,육군군수사령부,제한경쟁,총액제,적격심사제,202210251030,20221025,낙찰
정상공고,LCF0531,1,42231,***,"펌프,냉각계통,엔진용 등 3항목 구매(일장)",2022,LCF,육군군수사령부,제한경쟁,총액제,적격심사제,202210251030,20221025,낙찰
긴급공고,LCM0062,1,43298,***,'22년 군견 사료 구매,2022,LCM,육군교육사령부,제한경쟁,총액제,적격심사제,202210251030,20221025,유찰
정상공고,LDH0911,1,42704,***,(일장) 장갑전투도자 T형관등 6종구매,2022,LDH,육군종합정비창,제한경쟁,총액제,적격심사제,202210251300,20221025,낙찰
정상공고,LDH0913,1,42706,***,(일장) 다목적굴착기 밸브등 6종구매,2022,LDH,육군종합정비창,제한경쟁,총액제,적격심사제,202210251300,20221025,낙찰
정상공고,LDH0915,1,42708,***,(일장) 장갑전투도자 축압기 구매,2022,LDH,육군종합정비창,수의계약,총액제,적격심사제,202210251300,20221025,유찰
정상공고,LDH0917,1,42712,***,(기동) 5톤차량 볼트 등 21종구매,2022,LDH,육군종합정비창,수의계약,총액제,적격심사제,202210251300,20221025,유찰
정상공고,LDH0921,1,42716,***,(기동) 5톤차량 리드선 구매,2022,LDH,육군종합정비창,수의계약,총액제,적격심사제,202210251300,20221025,유찰
정상공고,LDH0925,1,42723,***,K1전차 윈도우 등 2종 구매,2022,LDH,육군종합정비창,제한경쟁,총액제,적격심사제,202210251300,20221025,순위확정
정상공고,LDH0928,1,42729,***,K1전차 핀 등 8종 구매,2022,LDH,육군종합정비창,제한경쟁,총액제,적격심사제,202210251300,20221025,낙찰
정상공고,LDH0930,1,42913,***,K1전차 베어링 등 13종 구매,2022,LDH,육군종합정비창,제한경쟁,총액제,적격심사제,202210251300,20221025,순위확정
정상공고,LDH0932,1,42963,***,K77지휘차 개스킷 등 11종 구매,2022,LDH,육군종합정비창,수의계약,총액제,적격심사제,202210251300,20221025,유찰
정상공고,LDH0933,1,42964,***,K77지휘차 단열모포 등 9종 구매,2022,LDH,육군종합정비창,수의계약,총액제,적격심사제,202210251300,20221025,유찰
정상공고,LDH0934,1,42965,***,K77지휘차 베어링 등 4종 구매,2022,LDH,육군종합정비창,수의계약,총액제,적격심사제,202210251300,20221025,유찰
정상공고,LDH0937,1,42975,***,K77지휘차 호스 등 13종 구매,2022,LDH,육군종합정비창,제한경쟁,총액제,적격심사제,202210251300,20221025,낙찰
재공고,LGI0131,2,42219,***,22-5차 부대계약 후식(아이스티 등 10종),2022,LGI,제3군수지원여단,제한경쟁,총액제,적격심사제,202210251030,20221025,낙찰
긴급공고,LGI0135,1,43566,***,22-5차 부대조달 식자재 납품(냉동빵류) (구매),2022,LGI,제3군수지원여단,제한경쟁,총액제,적격심사제,202210251030,20221025,낙찰
긴급공고,LGI0136,1,43567,***,22-5차 부대계약 후식(냉동빵류) (구매),2022,LGI,제3군수지원여단,제한경쟁,총액제,적격심사제,202210251030,20221025,유찰
긴급공고,LGP0224,1,43546,***,22-2차 폐목재류 처리용역,2022,LGP,제1군수지원사령부,일반경쟁,총액제,적격심사제,202210251100,20221025,낙찰
긴급공고,LHG0075,1,43012,***,11월 부대계약 (식육가공품류) - 탕수육,2022,LHG,제1862부대,수의계약,총액제,적격심사제,202210251030,20221025,유찰
긴급공고,LHG0078,1,43017,***,11월 부대계약 (어육가공품류),2022,LHG,제1862부대,제한경쟁,총액제,적격심사제,202210251030,20221025,낙찰
긴급공고,LHG0080,1,43019,***,11월 부대계약 (장류) - 간장,2022,LHG,제1862부대,수의계약,총액제,적격심사제,202210251030,20221025,유찰
긴급공고,LHG0081,1,43020,***,11월 부대계약 (장류) - 고추장,2022,LHG,제1862부대,제한경쟁,총액제,적격심사제,202210251030,20221025,낙찰
정상공고,LIK0113,1,42954,001,'22년 진지공사용 폐타이어 위탁처리 용역,2022,LIK,제2군수지원여단,제한경쟁,단가제,적격심사제,202210251030,20221025,유찰
긴급공고,LKP0057,1,42589,***,'22년 11~12월 부대계약품목(식자재) 구매,2022,LKP,5군수지원사령부,일반경쟁,총액제,적격심사제,202210251100,20221025,낙찰
긴급공고,LQG0113,1,43601,***,00부대 개발제한구역 관리계획 수립 용역,2022,LQG,육군 52보병사단,제한경쟁,총액제,적격심사제,202210251100,20221025,낙찰
긴급공고,MCM0014,1,42958,***,임베디드 조사도구 구매,2022,MCM,4284부대,일반경쟁,총액제,적격심사제,202210251100,20221025,낙찰
정정공고,MCN0026,2,41420,***,22년 복지시설 식자재 구매 (연간단가계약),2022,MCN,국방부근무지원단,2단계경쟁(동시),총액제,최저가격제,202210251030,20221025,유찰
정정공고,MDD0129,2,39546,***,22년 수술기구(ret.senn(blunt) 등 7품목) 구매 계약,2022,MDD,국군수도병원,제한경쟁,총액제,적격심사제,202210251100,20221025,낙찰
정정공고,MDD0130,2,40235,***,22 특수수술재료(sextant multi screw 등 3품목) 구매,2022,MDD,국군수도병원,제한경쟁,총액제,적격심사제,202210251100,20221025,유찰
재공고,SCF0107,2,34332,***,'22년 함정 화재감시장치 외주정비,2022,SCF,해군군수사령부,수의계약,총액제,적격심사제,202210251030,20221025,순위확정
긴급공고,SCF0122,1,38121,***,'22-2차 함정 승강기 외주정비,2022,SCF,해군군수사령부,일반경쟁,총액제,적격심사제,202210251030,20221025,낙찰
긴급공고,SCF0119,1,40237,***,MSH 비자성 보일러 외주정비,2022,SCF,해군군수사령부,일반경쟁,총액제,적격심사제,202210251030,20221025,유찰
재공고,SCF0370,2,40415,***,전시파손항공기수리차 1EA 제조,2022,SCF,해군군수사령부,제한경쟁,총액제,적격심사제,202210251030,20221025,낙찰
긴급공고,SCF0118,1,41438,***,AOE-II 화물용 승강기 정비,2022,SCF,해군군수사령부,일반경쟁,총액제,적격심사제,202210251030,20221025,낙찰
긴급공고,SCF0121,1,42249,***,잠수함(SS-l) 디젤감시장치 PWR PCB 정비,2022,SCF,해군군수사령부,수의계약,총액제,적격심사제,202210251030,20221025,유찰
긴급공고,SCF0120,1,42667,***,장보고급 조종훈련장 유압장치 정비,2022,SCF,해군군수사령부,일반경쟁,총액제,적격심사제,202210251030,20221025,낙찰
긴급공고,SCP0131,1,42917,***,22-00창 유해환경 개선 도장·샌딩부스 제조/설치,2022,SCP,제8385부대,일반경쟁,총액제,적격심사제,202210251030,20221025,낙찰
긴급공고,SFG0105,1,43418,***,22-해병-김포 간부숙소(콘크리트말뚝),2022,SFG,제9181부대,제한경쟁,총액제,적격심사제,202210251100,20221025,유찰
긴급공고,UMM0622,1,36094,***,(227357-E) MW RF 송수신기 구매,2022,UMM,국군재정관리단,제한경쟁,총액제,적격심사제,202210251100,20221025,낙찰
긴급공고,UMM0624,1,37910,***,(227041-H)정보통신망 네트워크장비교체(리스물건),2022,UMM,국군재정관리단,일반경쟁,총액제,적격심사제,202210251100,20221025,낙찰
정상공고,UMM0620,1,39936,***,(226397-B) 체력단련장 관리장비 4종 구매,2022,UMM,국군재정관리단,제한경쟁,총액제,적격심사제,202210251100,20221025,유찰
정상공고,UMM0621,1,39994,***,(227047-H)온나라스토리지 및 보안로그서버 용량 증설,2022,UMM,국군재정관리단,일반경쟁,총액제,적격심사제,202210251100,20221025,낙찰
정상공고,UMM0622,1,40331,***,22-국-디지털인쇄기 등 3종 구매,2022,UMM,국군재정관리단,일반경쟁,총액제,적격심사제,202210251100,20221025,낙찰
정상공고,UMM0623,1,41737,***,(226256-C) 차양대 신축 관급자재(CCTV) 제조,2022,UMM,국군재정관리단,제한경쟁,총액제,적격심사제,202210251100,20221025,낙찰
정상공고,UMM0627,1,43145,***,22-공-체력단련장 농약 추가구매(229160-D),2022,UMM,국군재정관리단,제한경쟁,총액제,적격심사제,202210251100,20221025,낙찰
정상공고,EHF0190,1,2063,***,변환기 전원공급용 등,2022,EHF,미래전력사업전력운영계약팀,수의계약,총액제,적격심사제,202210241030,20221024,유찰
정상공고,EHF0191,1,4602,***,"정비키트, 어뢰용",2022,EHF,미래전력사업전력운영계약팀,수의계약,총액제,적격심사제,202210241030,20221024,유찰
정상공고,EMA0010,1,7325,***,검독수리-B B-II 1~4번함 건조,2022,EMA,함정총괄계약팀,지명경쟁,총액제,적격심사제,202210241400,20221024,낙찰
긴급공고,LBA0153,1,41519,001,'22년 11~12월 식자재 다수품목 단가계약,2022,LBA,제 2167부대,2단계경쟁(동시),단가제,최저가격제,202210241030,20221024,낙찰
정상공고,LDH0905,1,42495,***,22-15차 정비용 장비 부품 구매,2022,LDH,육군종합정비창,제한경쟁,총액제,적격심사제,202210241300,20221024,낙찰
정상공고,LDH0907,1,42690,***,(자재) 진공포장지 등 23종 구매,2022,LDH,육군종합정비창,제한경쟁,총액제,적격심사제,202210241300,20221024,낙찰
긴급공고,LHR0051,1,42948,***,충북지역 00부대 병영도서관 도서 납품,2022,LHR,육군 제37보병사단,일반경쟁,총액제,적격심사제,202210241030,20221024,낙찰
긴급공고,MCJ0007,1,43146,***,DIDC 1센터 예비상면 전력화공사 관급자재(면진마루),2022,MCJ,국방통합데이터센터,일반경쟁,총액제,적격심사제,202210241330,20221024,낙찰
긴급공고,SFC0110,1,43206,***,해병-중량원판 4종 구매,2022,SFC,제9691부대,제한경쟁,총액제,적격심사제,202210241100,20221024,낙찰
정상공고,UMM0620,1,35480,***,22-해-함정용 부식이송 컨베이어벨트 제조설치,2022,UMM,국군재정관리단,제한경쟁,총액제,적격심사제,202210241100,20221024,유찰
정상공고,UMM0616,1,39253,***,(227042-H)00부대 화상회의 시스템 설치구매,2022,UMM,국군재정관리단,제한경쟁,총액제,적격심사제,202210241100,20221024,낙찰
정상공고,UMM0621,1,39990,***,22-해병-간이탄약보관함 등 9종 구매,2022,UMM,국군재정관리단,제한경쟁,총액제,적격심사제,202210241100,20221024,낙찰
긴급공고,HCC0112,1,42989,***,플라스틱 스틸 퍼티A 등 195종 구매(189),2022,HCC,해군제1수리창,제한경쟁,총액제,적격심사제,202210211030,20221021,낙찰
긴급공고,HCC0113,1,42990,***,공구상자 등 3종 구매(22-16),2022,HCC,해군제1수리창,제한경쟁,총액제,적격심사제,202210211030,20221021,낙찰
정상공고,LCF0527,1,42319,***,"표시기,시간 합계식 등 50항목 제조(생산능력, 일장)",2022,LCF,육군군수사령부,수의계약,총액제,적격심사제,202210211030,20221021,유찰
정상공고,LCF0526,1,42320,***,"후크,고정용,좌측용 등 12항목 제조(생산능력, 일장)",2022,LCF,육군군수사령부,제한경쟁,총액제,적격심사제,202210211030,20221021,유찰
정상공고,LCF0523,1,42321,***,"제어장치,전압조정기용 등 1항목 제조(일장)",2022,LCF,육군군수사령부,제한경쟁,총액제,적격심사제,202210211030,20221021,낙찰
정상공고,LCF0524,1,42322,***,"갈고리,고정장치용 등 7항목 구매(일장)",2022,LCF,육군군수사령부,제한경쟁,총액제,적격심사제,202210211030,20221021,낙찰
정상공고,LCF0525,1,42323,***,"문,차량용 등 2항목 구매(일장)",2022,LCF,육군군수사령부,제한경쟁,총액제,적격심사제,202210211030,20221021,낙찰
정상공고,LCF0522,1,42324,***,"끈,지지용 등 6항목 구매(일장)",2022,LCF,육군군수사령부,제한경쟁,총액제,적격심사제,202210211030,20221021,순위확정
정상공고,LCF0528,1,42357,***,오리콘 회로카드조립체 등 6항목 정비,2022,LCF,육군군수사령부,제한경쟁,총액제,적격심사제,202210211030,20221021,유찰
재공고,LCP0026,2,41266,***,이동식 항공기상관측장비(TACMET) 외주정비 용역,2022,LCP,육군항공사령부,제한경쟁,총액제,적격심사제,202210211030,20221021,유찰
정상공고,LDH0892,1,42236,***,K200 개스킷류 9종 구매,2022,LDH,육군종합정비창,제한경쟁,총액제,적격심사제,202210211300,20221021,낙찰
정상공고,LDH0895,1,42239,***,K200 베어링 등 7종 구매,2022,LDH,육군종합정비창,수의계약,총액제,적격심사제,202210211300,20221021,유찰
정상공고,LDH0896,1,42240,***,K200 손잡이 등 12종 구매,2022,LDH,육군종합정비창,제한경쟁,총액제,적격심사제,202210211300,20221021,낙찰
정상공고,LDH0904,1,42248,***,K200 패킹 등 9종 구매,2022,LDH,육군종합정비창,제한경쟁,총액제,적격심사제,202210211300,20221021,유찰
정상공고,LKP0079,1,42416,***,'22년 디지털 인쇄재료(30종) 구매,2022,LKP,5군수지원사령부,제한경쟁,총액제,적격심사제,202210211100,20221021,낙찰
긴급공고,LPG0088,1,42165,***,22년 11~12월 부대조달 급식계약(일반경쟁품목),2022,LPG,제5보병사단,2단계경쟁(동시),총액제,최저가격제,202210211400,20221021,낙찰
정상공고,LQG0107,1,42455,***,박달훈련대 과학화체계 유지보수 용역,2022,LQG,육군 52보병사단,제한경쟁,총액제,적격심사제,202210211030,20221021,낙찰
정상공고,LQG0110,1,42458,***,서초훈련대 과학화체계 유지보수 용역,2022,LQG,육군 52보병사단,제한경쟁,총액제,적격심사제,202210211030,20221021,유찰
긴급공고,MDG0181,1,41306,***,국군양주병원 안전보건 관리체계 구축 컨설팅,2022,MDG,국군의무사령부,2단계경쟁(동시),총액제,최저가격제,202210211530,20221021,낙찰
긴급공고,SCF0559,1,41450,***,(긴급) 3단 흡입밸브조립체 등 22종 구매,2022,SCF,해군군수사령부,제한경쟁,총액제,적격심사제,202210211030,20221021,낙찰
긴급공고,SCF0560,1,41467,***,(긴급) 커플링 등 3종 구매,2022,SCF,해군군수사령부,제한경쟁,총액제,적격심사제,202210211030,20221021,낙찰
긴급공고,SCF0558,1,41483,***,"(긴급) 스위치,압력식 등 5종 구매",2022,SCF,해군군수사령부,제한경쟁,총액제,적격심사제,202210211030,20221021,낙찰
긴급공고,SCF0562,1,41506,***,"(긴급) 감압변(25A),주강 등 3종 구매",2022,SCF,해군군수사령부,제한경쟁,총액제,적격심사제,202210211030,20221021,낙찰
긴급공고,SCF0563,1,41513,***,"(긴급) 날,와이퍼용 등 13종 구매",2022,SCF,해군군수사령부,제한경쟁,총액제,적격심사제,202210211030,20221021,낙찰
긴급공고,SCF0561,1,41518,***,"(긴급) 시일링, 금속제 등 85종 구매",2022,SCF,해군군수사령부,제한경쟁,총액제,적격심사제,202210211030,20221021,낙찰
정상공고,UAB0072,1,42721,***,'23년 홍보용 달력 제작,2022,UAB,국군복지단,일반경쟁,총액제,적격심사제,202210211700,20221021,낙찰
정상공고,UMM0614,1,39800,***,(226396-F)관리장비(승용식로터리모아 등 3종)구매,2022,UMM,국군재정관리단,제한경쟁,총액제,적격심사제,202210211100,20221021,낙찰
정상공고,UMM0619,1,39892,***,공사감독 업무수행 차량 임차 용역,2022,UMM,국군재정관리단,제한경쟁,총액제,적격심사제,202210211100,20221021,낙찰
정상공고,UMM0613,1,41441,***,(226378-B) 생도피복(파카류) 제조,2022,UMM,국군재정관리단,제한경쟁,총액제,적격심사제,202210211100,20221021,낙찰
정상공고,UMM0615,1,42333,***,(226263-F)통신정밀측정장비(광융착접속기등 6종)구매,2022,UMM,국군재정관리단,일반경쟁,총액제,적격심사제,202210211100,20221021,낙찰
정상공고,EKA0039,1,9802A,***,"트럭,수송용(7톤)",2022,EKA,기동총괄계약팀,일반경쟁,총액제,적격심사제,202210201100,20221020,낙찰
긴급공고,HCC0109,1,42648,***,잉크 등 14종 구매(22-14),2022,HCC,해군제1수리창,제한경쟁,총액제,적격심사제,202210201030,20221020,낙찰
긴급공고,HCC0110,1,42651,***,다용도 발판 등 44종 구매(22-23),2022,HCC,해군제1수리창,제한경쟁,총액제,적격심사제,202210201030,20221020,낙찰
긴급공고,HCC0111,1,42653,***,DC컨트롤러 구매(188),2022,HCC,해군제1수리창,제한경쟁,총액제,적격심사제,202210201030,20221020,낙찰
재공고,HCF0201,2,35129,***,항공용 친환경 페인트 제거제 2종,2022,HCF,공군군수사령부,제한경쟁,총액제,적격심사제,202210201030,20221020,유찰
긴급공고,HCR0004,1,42731,***,전시항공기 도장 용역,2022,HCR,공군제15특수임무비행단,일반경쟁,총액제,적격심사제,202210201100,20221020,낙찰
정상공고,LCF0521,1,40834,***,견인 고리 1항목 구매(일장),2022,LCF,육군군수사령부,제한경쟁,총액제,적격심사제,202210201030,20221020,낙찰
긴급공고,LCG0105,1,39476,***,'22년 VR 육군 안전문화 콘텐츠 제작 용역,2022,LCG,육군본부,2단계경쟁(동시),총액제,최저가격제,202210201000,20221020,낙찰
긴급공고,LCG0104,1,39487,***,주간정신전력교육 디지털 교재(eBOOK) 제작 용역,2022,LCG,육군본부,수의계약,총액제,최저가격제,202210201000,20221020,유찰
긴급공고,LCG0107,1,40590,***,육군 초연결·초융합 기반환경 발전 세미나 용역,2022,LCG,육군본부,2단계경쟁(동시),총액제,최저가격제,202210201000,20221020,낙찰
긴급공고,LCJ0040,1,42509,***,(22군책-물품091)00부대 6000LB 전동지게차 구매,2022,LCJ,종합보급창,제한경쟁,총액제,적격심사제,202210201100,20221020,낙찰
긴급공고,LDH0918,1,42711,***,부품도장기 철거 외주정비 용역,2022,LDH,육군종합정비창,제한경쟁,총액제,적격심사제,202210201300,20221020,낙찰
긴급공고,LDH0922,1,42718,***,동력 메인 이송라인 컨베이어 철거 외주정비 용역,2022,LDH,육군종합정비창,제한경쟁,총액제,적격심사제,202210201300,20221020,낙찰
긴급공고,LFA0007,1,42691,***,201여단 미활용부지 토양환경평가용역,2022,LFA,제2신속대응사단,제한경쟁,총액제,적격심사제,202210201100,20221020,낙찰
긴급공고,LGI0125,1,41584,001,22-5차 부대조달 식자재 납품(부식),2022,LGI,제3군수지원여단,2단계경쟁(동시),단가제,최저가격제,202210201600,20221020,낙찰
긴급공고,LHQ0034,1,40522,***,22년 낙동강지구 참전용사 전승행사 도시락 구매,2022,LHQ,제2작전사령부,2단계경쟁(동시),총액제,최저가격제,202210201030,20221020,낙찰
긴급공고,LKT0065,1,42649,***,22-2차 육성지원 핸드토키 임차 용역,2022,LKT,제1989부대,제한경쟁,총액제,적격심사제,202210201030,20221020,유찰
긴급공고,LMK0068,1,42622,001,22년 11~12월 식자재 단가 계약(배추김치 등 4종),2022,LMK,제6보병사단,제한경쟁,단가제,적격심사제,202210201030,20221020,낙찰
긴급공고,LNQ0054,1,42555,***,'22년11월~'23년1월 부대조달 식자재(116품목) 구매,2022,LNQ,제17보병사단,일반경쟁,총액제,적격심사제,202210201030,20221020,낙찰
긴급공고,LNQ0055,1,42560,***,'22년11월~'23년1월 부대조달 식자재(50품목) 구매,2022,LNQ,제17보병사단,제한경쟁,총액제,적격심사제,202210201030,20221020,낙찰
긴급공고,LQG0111,1,42658,***,00부대 간부숙소 보수공사 설치납품(창호),2022,LQG,육군 52보병사단,제한경쟁,총액제,적격심사제,202210201100,20221020,낙찰
긴급공고,MDD0128,1,39972,***,2022년 의약품 239차(리피스톱정 등 5품목) 구매,2022,MDD,국군수도병원,제한경쟁,총액제,적격심사제,202210201700,20221020,낙찰
정상공고,MDD0126,1,40742,***,22년 의무비품 3-23차 구매,2022,MDD,국군수도병원,제한경쟁,총액제,적격심사제,202210201100,20221020,낙찰
긴급공고,SCF0117,1,35935,***,잠수함(SS-I) 무장적재장치 와이어 교체정비,2022,SCF,해군군수사령부,일반경쟁,총액제,적격심사제,202210201030,20221020,낙찰
재공고,SCF0366,2,38564,***,동환자복상의 등 5종 제조,2022,SCF,해군군수사령부,제한경쟁,총액제,적격심사제,202210201030,20221020,낙찰
재공고,SCF0356,2,39064,***,회로카드조립체 3EA 구매,2022,SCF,해군군수사령부,제한경쟁,총액제,적격심사제,202210201030,20221020,순위확정
재공고,SCF0548,2,39243,***,(긴급)22-00창 근골격계부담작업 유해요인조사,2022,SCF,해군군수사령부,수의계약,총액제,적격심사제,202210201030,20221020,유찰
긴급공고,SCF0375,1,39605,***,"로프, 섬유제 400CL 제조",2022,SCF,해군군수사령부,제한경쟁,총액제,적격심사제,202210201030,20221020,낙찰
긴급공고,SCF0377,1,40420,***,"해군 체육모 2,820EA 제조",2022,SCF,해군군수사령부,제한경쟁,총액제,적격심사제,202210201030,20221020,낙찰
긴급공고,SCF0376,1,40823,***,"수신기, 디지털 자료용 2EA 구매",2022,SCF,해군군수사령부,제한경쟁,총액제,적격심사제,202210201030,20221020,낙찰
긴급공고,SCF0378,1,40845,***,냉각용기 등 4종 구매,2022,SCF,해군군수사령부,제한경쟁,총액제,적격심사제,202210201030,20221020,낙찰
긴급공고,SCF0567,1,41071,***,중량물 적재대 등 29종,2022,SCF,해군군수사령부,제한경쟁,총액제,적격심사제,202210201030,20221020,낙찰
긴급공고,SCF0373,1,41179,***,중소형함용 측심기 1SET 구매,2022,SCF,해군군수사령부,제한경쟁,총액제,적격심사제,202210201030,20221020,유찰
긴급공고,SCF0374,1,41187,***,개선보온식관 40SET 구매,2022,SCF,해군군수사령부,제한경쟁,총액제,적격심사제,202210201030,20221020,낙찰
긴급공고,SCF0566,1,41630,***,윗몸일으키기대 등 11종,2022,SCF,해군군수사령부,제한경쟁,총액제,적격심사제,202210201030,20221020,낙찰
긴급공고,SCF0565,1,41633,***,아령세트 등 6종,2022,SCF,해군군수사령부,제한경쟁,총액제,적격심사제,202210201030,20221020,낙찰
재공고,UMM0560,2,24616,***,22-해-금속성분분석기 구매,2022,UMM,국군재정관리단,제한경쟁,총액제,적격심사제,202210201100,20221020,유찰
재공고,UMM0512,2,26776,***,(227282-C) UPS 및 배터리 제조 설치,2022,UMM,국군재정관리단,제한경쟁,총액제,적격심사제,202210201100,20221020,유찰
재공고,UMM0566,2,33268,***,22-공-00장비 대용량 저장매체 구매,2022,UMM,국군재정관리단,제한경쟁,총액제,적격심사제,202210201100,20221020,낙찰
긴급공고,UMM0617,1,39623,***,(227382-F)체력단련기구 구매,2022,UMM,국군재정관리단,제한경쟁,총액제,적격심사제,202210201100,20221020,낙찰
정상공고,EBB0432,1,5531M,***,22년 105밀리 연습예광탄 목상자,2022,EBB,지상공통전력운영계약팀,일반경쟁,총액제,적격심사제,202210191430,20221019,유찰
정상공고,ELA0037,1,5531M,***,22년 105mm 대전차고폭예광탄 목상자,2022,ELA,화력총괄계약팀,일반경쟁,총액제,적격심사제,202210191100,20221019,유찰
정정공고,HCC0107,2,42418,***,조립식망치 등 311종 구매(185),2022,HCC,해군제1수리창,제한경쟁,총액제,적격심사제,202210191030,20221019,낙찰
정정공고,HCC0108,2,42429,***,스테인 등 12종 구매(187),2022,HCC,해군제1수리창,제한경쟁,총액제,적격심사제,202210191030,20221019,낙찰
긴급공고,LCK0054,1,42371,***,예비군훈련대 LED 전광판 제조 설치(22-142),2022,LCK,수도방위사령부,제한경쟁,총액제,적격심사제,202210191030,20221019,낙찰
긴급공고,LHR0050,1,42265,***,00부대 훈련장 방탄시설 설치납품,2022,LHR,육군 제37보병사단,수의계약,총액제,적격심사제,202210191030,20221019,유찰
긴급공고,LNJ0007,1,41913,***,'22년~'25년 OO부대 식기세척기 임대서비스 용역,2022,LNJ,육군 제1포병여단,제한경쟁,총액제,적격심사제,202210191030,20221019,낙찰
긴급공고,LQG0104,1,42449,***,00부대 간부숙소 보수공사(냉난방기 설치납품),2022,LQG,육군 52보병사단,제한경쟁,총액제,적격심사제,202210191100,20221019,낙찰
긴급공고,LQG0108,1,42457,***,00부대 무궁화아파트 창호 설치납품,2022,LQG,육군 52보병사단,제한경쟁,총액제,적격심사제,202210191100,20221019,낙찰
정상공고,MDD0122,1,38769,***,2022년 특수수술재료(CG PASTE) 구매 계약,2022,MDD,국군수도병원,제한경쟁,총액제,적격심사제,202210191100,20221019,낙찰
긴급공고,SCF0372,1,35662,***,대테러용 작전화 51EA 구매,2022,SCF,해군군수사령부,제한경쟁,총액제,적격심사제,202210191030,20221019,낙찰
긴급공고,SCF0115,1,36993,***,Lynx 항공기 APS 전원공급기 정비,2022,SCF,해군군수사령부,수의계약,총액제,적격심사제,202210191030,20221019,유찰
긴급공고,SCF0116,1,39736,***,잠수함(SS-I) 타각송신기 정비,2022,SCF,해군군수사령부,일반경쟁,총액제,적격심사제,202210191030,20221019,낙찰
재공고,SCF0112,2,41578,***,잠수함(SS-I) 충전용 발전기 전압조절단 PCB 정비,2022,SCF,해군군수사령부,수의계약,총액제,적격심사제,202210191030,20221019,순위확정
긴급공고,SCK0116,1,42444,***,"사복탁상용 가방 7,870개 제작",2022,SCK,해군교육사령부,제한경쟁,총액제,적격심사제,202210191030,20221019,낙찰
정상공고,UMM0612,1,34091,***,(226314-C) 인식표 타자기 제조,2022,UMM,국군재정관리단,수의계약,총액제,적격심사제,202210191100,20221019,유찰
재공고,UMM0612,2,39502,***,22-공-가스탄 등 3종 구매,2022,UMM,국군재정관리단,제한경쟁,총액제,적격심사제,202210191100,20221019,낙찰
정상공고,UMM0606,1,39891,***,(227393-B) 특수수술재료 2종 구매,2022,UMM,국군재정관리단,제한경쟁,총액제,적격심사제,202210191100,20221019,낙찰
정상공고,UMM0617,1,40054,***,22-공-83창 저장랙 제조 설치(229171-H),2022,UMM,국군재정관리단,일반경쟁,총액제,적격심사제,202210191100,20221019,낙찰
정상공고,UMM0616,1,40451,***,인쇄재단기 등 4종 구매,2022,UMM,국군재정관리단,제한경쟁,총액제,적격심사제,202210191100,20221019,낙찰
정상공고,UMM0610,1,41802,***,(22G033-H)00부대 IP교환기 유지보수 용역,2022,UMM,국군재정관리단,제한경쟁,총액제,적격심사제,202210191100,20221019,낙찰
정상공고,DSS0067,1,41514,***,군 암호체계 전자파 시험 챔버 구축 사업,2022,DSS,국군제1068부대,제한경쟁,총액제,적격심사제,202210181030,20221018,낙찰
정상공고,EPA0022,1,4002A,***,항공기 급유차(5000G/L),2022,EPA,항공기총괄계약팀,일반경쟁,총액제,적격심사제,202210181400,20221018,유찰
긴급공고,HCC0104,1,42207,***,테프론배선 등 10종 구매(22-13),2022,HCC,해군제1수리창,제한경쟁,총액제,적격심사제,202210181030,20221018,낙찰
긴급공고,HCC0105,1,42211,***,고리형 하이박스 등 10종 구매(22-12),2022,HCC,해군제1수리창,제한경쟁,총액제,적격심사제,202210181030,20221018,낙찰
긴급공고,HCC0106,1,42217,***,휴지통 등 341종 구매(184),2022,HCC,해군제1수리창,제한경쟁,총액제,적격심사제,202210181030,20221018,낙찰
긴급공고,HCF0204,1,41354,***,스테인레스 용접봉 등 210종 구매,2022,HCF,공군군수사령부,제한경쟁,총액제,적격심사제,202210181030,20221018,낙찰
긴급공고,HCG0055,1,41852,***,[근무행정과] 공군 근속 30년 기념휘장 3종 제조구매,2022,HCG,공군본부,제한경쟁,총액제,적격심사제,202210181030,20221018,낙찰
긴급공고,LBA0154,1,41579,001,'22년 11~12월 부대조달 부식(볼어묵) 제조/구매,2022,LBA,제 2167부대,제한경쟁,단가제,적격심사제,202210181030,20221018,유찰
긴급공고,LBA0156,1,41593,001,'22년 11~12월 부대조달 부식(치즈돈가스) 제조/구매,2022,LBA,제 2167부대,제한경쟁,단가제,적격심사제,202210181030,20221018,유찰
긴급공고,LBA0157,1,41598,001,'22년 11~12월 부대조달 부식(스팸형햄) 구매,2022,LBA,제 2167부대,제한경쟁,단가제,적격심사제,202210181030,20221018,낙찰
긴급공고,LBA0158,1,41604,001,22년 11~12월 부대조달 부식(부대찌개용햄) 제조/구매,2022,LBA,제 2167부대,제한경쟁,단가제,적격심사제,202210181030,20221018,유찰
긴급공고,LBA0160,1,41610,001,'22년 11~12월 부대조달 부식(미트볼) 제조/구매,2022,LBA,제 2167부대,제한경쟁,단가제,적격심사제,202210181030,20221018,유찰
재공고,LCF0510,2,39440,***,호스 등 39항목 구매(기장),2022,LCF,육군군수사령부,제한경쟁,총액제,적격심사제,202210181030,20221018,순위확정
재공고,LCF0513,3,40244,***,"필터 본체,유체용 등 22항목 제조(기장)",2022,LCF,육군군수사령부,수의계약,총액제,적격심사제,202210181030,20221018,유찰
긴급공고,LFN0049,1,41133,***,3사교 해외 군사유적지 탐방 여행용역,2022,LFN,육군3사관학교,수의계약,총액제,최저가격제,202210181000,20221018,유찰
긴급공고,LGP0219,1,41947,***,차량 발전기 및 시동기용 성능시험대 제조구매,2022,LGP,제1군수지원사령부,수의계약,총액제,적격심사제,202210181030,20221018,유찰
긴급공고,SCF0369,1,37588,***,대형차량스캐너 5EA 구매,2022,SCF,해군군수사령부,제한경쟁,총액제,적격심사제,202210181030,20221018,낙찰
긴급공고,SCF0557,1,39370,***,"(긴급)시일, 밀봉형 등 4종",2022,SCF,해군군수사령부,제한경쟁,총액제,적격심사제,202210181030,20221018,낙찰
긴급공고,SCF0370,1,40415,***,전시파손항공기수리차 1EA 제조,2022,SCF,해군군수사령부,제한경쟁,총액제,적격심사제,202210181030,20221018,유찰
긴급공고,SCF0555,1,40899,***,"(긴급)튜브 조립체,금속제 1종 구매",2022,SCF,해군군수사령부,제한경쟁,총액제,적격심사제,202210181030,20221018,낙찰
긴급공고,SCF0371,1,41349,***,"해군 대표수병휘장 5,000EA 구매",2022,SCF,해군군수사령부,제한경쟁,총액제,적격심사제,202210181030,20221018,낙찰
긴급공고,SFC0104,1,42200,***,의료기기 수술대 야전용 등 2품목 구매,2022,SFC,제9691부대,제한경쟁,총액제,적격심사제,202210181100,20221018,낙찰
긴급공고,UMM0611,1,40186,***,(227030-H)국군대전병원 네트워크 개선사업,2022,UMM,국군재정관리단,일반경쟁,총액제,적격심사제,202210181100,20221018,낙찰
정상공고,EKA0038,1,3510,***,일반 공구류(RCWS용 부대 및 야전 정비용),2022,EKA,기동총괄계약팀,수의계약,총액제,적격심사제,202210171030,20221017,유찰
정상공고,LCP0026,1,41266,***,이동식 항공기상관측장비(TACMET) 외주정비 용역,2022,LCP,육군항공사령부,제한경쟁,총액제,적격심사제,202210171030,20221017,유찰
정상공고,LDH0888,1,41576,***,(정비) 반면형호흡보호구등21종 구매,2022,LDH,육군종합정비창,제한경쟁,총액제,적격심사제,202210171300,20221017,순위확정
긴급공고,LNR0021,1,41769,***,군 주거시설 공동구역 청소용역,2022,LNR,수도기계화보병사단,제한경쟁,총액제,적격심사제,202210171100,20221017,낙찰
정상공고,MDD0125,1,40637,***,2022 국군수도병원 소방시설 종합정밀점검 용역,2022,MDD,국군수도병원,일반경쟁,총액제,적격심사제,202210171100,20221017,낙찰
정상공고,UMM0615,1,39628,***,22-해-추종형 물류로봇 등 2종 구매,2022,UMM,국군재정관리단,제한경쟁,총액제,적격심사제,202210171100,20221017,유찰
정상공고,UMM0609,1,41588,***,(226337-E) 22년 공기청정기 필터 제조납품,2022,UMM,국군재정관리단,제한경쟁,총액제,적격심사제,202210171100,20221017,낙찰
정상공고,EBB0431,1,4956C,***,2022 셀 모듈 조립체(일반),2022,EBB,지상공통전력운영계약팀,수의계약,총액제,적격심사제,202210141100,20221014,유찰
재공고,EKA0037,2,7230A,***,"밴, 포사격지휘소용(1¼톤용_V251K)",2022,EKA,기동총괄계약팀,수의계약,총액제,적격심사제,202210141030,20221014,유찰
긴급공고,HCM0085,1,41615,***,"전시항공기 도장용역(F-4E, F-5E)",2022,HCM,공군교육사령부,일반경쟁,총액제,적격심사제,202210141100,20221014,낙찰
정상공고,MDI0009,1,41046,***,VoIP교환기 교체사업 금융 리스,2022,MDI,제7016부대,일반경쟁,총액제,최저가격제,202210141030,20221014,낙찰
정상공고,MDQ0035,1,39638,***,흉부외상처치모형 등 11품목,2022,MDQ,국군의무학교,일반경쟁,총액제,적격심사제,202210141100,20221014,낙찰
긴급공고,SCF0368,1,37340,***,가솔린매연측정기 등 2종 구매,2022,SCF,해군군수사령부,제한경쟁,총액제,적격심사제,202210141030,20221014,낙찰
재공고,SCF0365,2,37376,***,작전배낭 72EA 구매,2022,SCF,해군군수사령부,제한경쟁,총액제,적격심사제,202210141030,20221014,순위확정
재공고,SCF0533,2,38482,***,(긴급) 제도받침대 등 2종,2022,SCF,해군군수사령부,제한경쟁,총액제,적격심사제,202210141030,20221014,유찰
긴급공고,SCF0546,1,38536,***,(긴급) 개스킷 등 9종 구매,2022,SCF,해군군수사령부,제한경쟁,총액제,적격심사제,202210141030,20221014,낙찰
긴급공고,SCF0554,1,39220,***,"(긴급) 계기판,경보,선박용 등 3종 구매",2022,SCF,해군군수사령부,제한경쟁,총액제,적격심사제,202210141030,20221014,낙찰
긴급공고,SCF0553,1,39250,***,"(긴급)노즐, 연료분사용 등 31종",2022,SCF,해군군수사령부,제한경쟁,총액제,적격심사제,202210141030,20221014,낙찰
긴급공고,SCF0552,1,39348,***,"(긴급)스위치, 압력식 등 3종",2022,SCF,해군군수사령부,제한경쟁,총액제,적격심사제,202210141030,20221014,낙찰
긴급공고,SCF0550,1,39713,***,"(긴급) 플랜지, 파이프용 등 50종",2022,SCF,해군군수사령부,제한경쟁,총액제,적격심사제,202210141030,20221014,낙찰
긴급공고,SCF0551,1,40457,***,(긴급)기판  등 7종,2022,SCF,해군군수사령부,제한경쟁,총액제,적격심사제,202210141030,20221014,낙찰
정상공고,UMM0614,1,38784,***,22-공-00사령부 브리핑시스템 교체사업(229167-F),2022,UMM,국군재정관리단,일반경쟁,총액제,적격심사제,202210141100,20221014,낙찰
정상공고,UMM0605,1,41330,***,(227036-H)통합정보시스템 구축 사업(리스물건),2022,UMM,국군재정관리단,일반경쟁,총액제,적격심사제,202210141100,20221014,낙찰
정상공고,EBB0425,1,4050A,***,K2 전차 궤도장비류(구매),2022,EBB,지상공통전력운영계약팀,일반경쟁,총액제,적격심사제,202210131400,20221013,낙찰
정상공고,EBB0430,1,9463,***,최종구동장치조립체류,2022,EBB,지상공통전력운영계약팀,일반경쟁,총액제,적격심사제,202210131100,20221013,유찰
정상공고,EHF0187,1,6300G,***,"22년 BTCS 부품(일반, 제조)",2022,EHF,미래전력사업전력운영계약팀,일반경쟁,총액제,적격심사제,202210131100,20221013,낙찰
재공고,ELA0034,2,6144,001,침투성 보호의,2022,ELA,화력총괄계약팀,수의계약,단가제,최저가격제,202210131530,20221013,유찰
재공고,ELA0034,2,6144,002,침투성 보호의,2022,ELA,화력총괄계약팀,수의계약,단가제,최저가격제,202210131530,20221013,유찰
재공고,ELA0034,2,6144,003,침투성 보호의,2022,ELA,화력총괄계약팀,수의계약,단가제,최저가격제,202210131530,20221013,유찰
재공고,ELA0034,2,6144,004,침투성 보호의,2022,ELA,화력총괄계약팀,수의계약,단가제,최저가격제,202210131530,20221013,유찰
재공고,ELA0034,2,6144,005,침투성 보호의,2022,ELA,화력총괄계약팀,수의계약,단가제,최저가격제,202210131530,20221013,유찰
재공고,ELA0034,2,6144,006,침투성 보호의,2022,ELA,화력총괄계약팀,수의계약,단가제,최저가격제,202210131530,20221013,유찰
재공고,ELA0034,2,6144,007,침투성 보호의,2022,ELA,화력총괄계약팀,수의계약,단가제,최저가격제,202210131530,20221013,유찰
재공고,ELA0034,2,6144,008,침투성 보호의,2022,ELA,화력총괄계약팀,수의계약,단가제,최저가격제,202210131530,20221013,유찰
긴급공고,ERA0009,1,5609N,***,발전기세트 공구류 및 수리부속류 등,2022,ERA,우주지휘통신총괄계약팀,일반경쟁,총액제,적격심사제,202210131500,20221013,낙찰
긴급공고,HCF0202,1,39482,***,전파환경측정 분석장비 유지보수,2022,HCF,공군군수사령부,일반경쟁,총액제,적격심사제,202210131030,20221013,낙찰
긴급공고,HCF0203,1,40526,***,자동화 점검장비(PT8100i) 유지보수,2022,HCF,공군군수사령부,수의계약,총액제,적격심사제,202210131030,20221013,유찰
정상공고,LCF0518,1,32091,***,감시장비 케이블조립체 등 6항목 구매(통신),2022,LCF,육군군수사령부,제한경쟁,총액제,적격심사제,202210131130,20221013,순위확정
정상공고,LCF0519,1,41175,***,예열 플러그 등 2항목 구매(기장),2022,LCF,육군군수사령부,제한경쟁,총액제,적격심사제,202210131030,20221013,낙찰
정상공고,LCF0520,1,41176,***,"판, 연결용, 예열플러그 등 16항목 구매(기장)",2022,LCF,육군군수사령부,제한경쟁,총액제,적격심사제,202210131030,20221013,순위확정
긴급공고,LCG0106,1,40271,***,'22년 후반기 임용 예비군지휘관 근무복류 제조,2022,LCG,육군본부,제한경쟁,총액제,적격심사제,202210131030,20221013,낙찰
긴급공고,LCG0108,1,41250,***,제15회 육군 M&S 국제학술대회 기념품구매,2022,LCG,육군본부,제한경쟁,총액제,적격심사제,202210131030,20221013,낙찰
정상공고,LDG0072,1,41026,***,안전보건경영시스템(ISO 45001) 인증 최초 심사 용역,2022,LDG,육군 탄약지원사령부,제한경쟁,총액제,적격심사제,202210131030,20221013,낙찰
재공고,LDH0842,2,38648,***,(정비) 도화용붓등38종 구매,2022,LDH,육군종합정비창,제한경쟁,총액제,적격심사제,202210131300,20221013,순위확정
재공고,LDH0851,2,38658,***,(정비) 절연면테프등25종 구매,2022,LDH,육군종합정비창,제한경쟁,총액제,적격심사제,202210131300,20221013,낙찰
재공고,LDH0856,2,38842,***,(화공) 콘텍트크리너등16종 구매,2022,LDH,육군종합정비창,제한경쟁,총액제,적격심사제,202210131300,20221013,낙찰
재공고,LDH0858,2,38856,***,(화공) 코아딕실등17종 구매,2022,LDH,육군종합정비창,제한경쟁,총액제,적격심사제,202210131300,20221013,낙찰
재공고,LDH0869,2,39973,***,통신장비 수리부속 트랜지스터 등 3종 구매,2022,LDH,육군종합정비창,수의계약,총액제,적격심사제,202210131000,20221013,유찰
정상공고,LDH0887,1,41151,***,통신장비 수리부속 계전기 등 10종 구매,2022,LDH,육군종합정비창,수의계약,총액제,적격심사제,202210131000,20221013,유찰
재공고,LGP0211,2,40631,***,22-2차 건설장비 외주정비(경기북부)용역,2022,LGP,제1군수지원사령부,제한경쟁,총액제,적격심사제,202210131100,20221013,유찰
긴급공고,LGP0217,1,41505,***,22년 유류중대 방화지대구축 용역,2022,LGP,제1군수지원사령부,제한경쟁,총액제,적격심사제,202210131100,20221013,낙찰
긴급공고,LPK0050,1,41586,***,222/631포병 부대개편 오버헤드크레인 제조설치,2022,LPK,제8기동사단,제한경쟁,총액제,적격심사제,202210131100,20221013,낙찰
긴급공고,LPK0051,1,41602,***,222/631포병 부대개편 리프트 4주식 제조설치,2022,LPK,제8기동사단,제한경쟁,총액제,적격심사제,202210131100,20221013,낙찰
정상공고,MCL0012,1,39389,***,'22~'23 재외무관부 긴급의료 이후송 및 구난서비스,2022,MCL,국방정보본부,2단계경쟁(동시),총액제,최저가격제,202210131000,20221013,낙찰
정정공고,MDD0123,2,40529,***,22년 의무비품 3-21~22차 구매,2022,MDD,국군수도병원,제한경쟁,총액제,적격심사제,202210131100,20221013,낙찰
정상공고,MDG0178,1,40584,***,22-2차 의학도서 구매,2022,MDG,국군의무사령부,제한경쟁,총액제,적격심사제,202210131100,20221013,낙찰
정상공고,MDG0180,1,41102,***,22-2차 취사기구(보존식냉장고 등 6품목) 구매,2022,MDG,국군의무사령부,제한경쟁,총액제,적격심사제,202210131100,20221013,유찰
재공고,SCF0351,2,36828,***,전투용 물백 등 7종 구매,2022,SCF,해군군수사령부,제한경쟁,총액제,적격심사제,202210131030,20221013,낙찰
정상공고,UMM0610,1,38220,***,22-K-식기세척기 임차용역(22H122-H),2022,UMM,국군재정관리단,제한경쟁,총액제,적격심사제,202210131100,20221013,낙찰
연기공고,UMM0608,2,39023,***,22-3차 전산운영용품 구매,2022,UMM,국군재정관리단,일반경쟁,총액제,적격심사제,202210131100,20221013,낙찰
정상공고,UMM0612,1,39502,***,22-공-가스탄 등 3종 구매,2022,UMM,국군재정관리단,제한경쟁,총액제,적격심사제,202210131100,20221013,유찰
정상공고,UMM0603,1,41013,***,(22G167-A) ATCIS 2차 테스트베드 구축사업(금융리스),2022,UMM,국군재정관리단,일반경쟁,총액제,최저가격제,202210131100,20221013,유찰
정상공고,UMM0604,1,41030,***,(226362-F)작전지속지원분석모델장비 도입(리스물건),2022,UMM,국군재정관리단,일반경쟁,총액제,적격심사제,202210131100,20221013,낙찰
정상공고,UMM0611,1,41039,***,22-공-특수요원 작전복 5종 구매(229125-D),2022,UMM,국군재정관리단,제한경쟁,총액제,적격심사제,202210131100,20221013,유찰
긴급공고,UMM0608,1,41497,***,(227229-E) 2인승 동력패러슈트 세트 구매,2022,UMM,국군재정관리단,제한경쟁,총액제,적격심사제,202210131100,20221013,유찰
정상공고,EBB0427,1,0288,***,"FFG 추진전동기 구성품(PEM, DAU) 정비",2022,EBB,지상공통전력운영계약팀,수의계약,총액제,적격심사제,202210121100,20221012,유찰
긴급공고,HCC0100,1,41142,***,"와셔, 잠금식 등 23종 구매(177,178)",2022,HCC,해군제1수리창,제한경쟁,총액제,적격심사제,202210121030,20221012,낙찰
긴급공고,HCC0101,1,41143,***,전원공급기 등 3종 구매(179),2022,HCC,해군제1수리창,제한경쟁,총액제,적격심사제,202210121030,20221012,낙찰
긴급공고,HCC0102,1,41144,***,IGBT 구매(180),2022,HCC,해군제1수리창,제한경쟁,총액제,적격심사제,202210121030,20221012,낙찰
긴급공고,HCC0103,1,41145,***,개스킷 등 14종 구매(183),2022,HCC,해군제1수리창,제한경쟁,총액제,적격심사제,202210121030,20221012,낙찰
재공고,LCF0511,2,33592,***,"플러그, 파이프용 등 26항목 제조(궤도)",2022,LCF,육군군수사령부,제한경쟁,총액제,적격심사제,202210121030,20221012,순위확정
정상공고,LCF0517,1,39793,***,"전지,축전식(MF-200L,12V200AH) 등 5항목 제조(기장)",2022,LCF,육군군수사령부,제한경쟁,총액제,적격심사제,202210121030,20221012,낙찰
긴급공고,LDC0024,1,41328,***,교전훈련장비 수리부속 구매(22-31차),2022,LDC,육군과학화전투훈련단,제한경쟁,총액제,적격심사제,202210121100,20221012,낙찰
정상공고,LDG0071,1,40313,***,탄약고 보안 차단막 제조,2022,LDG,육군 탄약지원사령부,제한경쟁,총액제,적격심사제,202210121030,20221012,낙찰
긴급공고,LDH0883,1,40641,***,"궤도조립기, K-9자주포용 제조 설치",2022,LDH,육군종합정비창,2단계경쟁(동시),총액제,최저가격제,202210121300,20221012,낙찰
긴급공고,LDH0885,1,40670,***,K-55궤도조립기 외주정비 용역,2022,LDH,육군종합정비창,2단계경쟁(동시),총액제,최저가격제,202210121300,20221012,낙찰
정상공고,LDH0886,1,40758,***,K55자주포 베어링 슬리브형 구매,2022,LDH,육군종합정비창,제한경쟁,총액제,적격심사제,202210121300,20221012,낙찰
긴급공고,LHM0080,1,41381,001,22년 11~12월 부대계약(빵류),2022,LHM,제15보병사단,일반경쟁,단가제,적격심사제,202210121100,20221012,유찰
긴급공고,LKD0054,1,41356,***,육-00-3대대 22-15차 개인천막 제조/납품,2022,LKD,제32보병사단,제한경쟁,총액제,적격심사제,202210121100,20221012,낙찰
긴급공고,LKD0055,1,41358,***,육-세종시 22-8차 방탄조끼 제조/납품,2022,LKD,제32보병사단,제한경쟁,총액제,적격심사제,202210121100,20221012,낙찰
긴급공고,LKG0061,1,41084,***,22년 11월 부대급식계약(면류),2022,LKG,육군제53보병사단,수의계약,총액제,적격심사제,202210121030,20221012,유찰
긴급공고,LKG0060,1,41088,***,22년 11월 부대급식품목(일반품목),2022,LKG,육군제53보병사단,일반경쟁,총액제,적격심사제,202210121030,20221012,낙찰
긴급공고,LQG0100,1,40959,***,00부대 창박숙소 보수공사 설치납품(창호),2022,LQG,육군 52보병사단,제한경쟁,총액제,적격심사제,202210121100,20221012,낙찰
긴급공고,MHD0083,1,39856,***,방위사업 원가계산 외부용역(12차),2022,MHD,방위사업청(운영지원과),협상에의한계약(전자),총액제,최저가격제,202210121400,20221012,낙찰
재공고,SCF0103,2,32614,***,'22년 FFG 추진전동기 유지보수 용역,2022,SCF,해군군수사령부,수의계약,총액제,적격심사제,202210121030,20221012,유찰
재공고,SCF0106,2,35515,***,00창 항온항습기 및 제습기 외주정비,2022,SCF,해군군수사령부,일반경쟁,총액제,적격심사제,202210121030,20221012,낙찰
긴급공고,SCF0110,1,38202,***,"잠수함(SS-I, II) 조음기 정비",2022,SCF,해군군수사령부,수의계약,총액제,적격심사제,202210121030,20221012,유찰
긴급공고,SCF0367,1,38711,***,2주식 리프트 1EA 구매,2022,SCF,해군군수사령부,제한경쟁,총액제,적격심사제,202210121030,20221012,낙찰
재공고,SCF0108,2,38720,***,000함 G/T 감속기어 축계 중심정렬 외주용역,2022,SCF,해군군수사령부,일반경쟁,총액제,적격심사제,202210121030,20221012,낙찰
긴급공고,SCF0548,1,39243,***,(긴급)22-00창 근골격계부담작업 유해요인조사,2022,SCF,해군군수사령부,수의계약,총액제,적격심사제,202210121030,20221012,유찰
긴급공고,SCF0547,1,39307,***,"(긴급)밸브, 나비형 등 9종",2022,SCF,해군군수사령부,제한경쟁,총액제,적격심사제,202210121030,20221012,낙찰
긴급공고,SCF0545,1,39340,***,"(긴급)밸브, 안전릴리프형 등 5종",2022,SCF,해군군수사령부,제한경쟁,총액제,적격심사제,202210121030,20221012,낙찰
긴급공고,SCF0544,1,39673,***,(긴급) 메인스타팅밸브 1종,2022,SCF,해군군수사령부,제한경쟁,총액제,적격심사제,202210121030,20221012,낙찰
긴급공고,SCF0543,1,40307,***,"(긴급)핀,토글용,유두형 등 15종",2022,SCF,해군군수사령부,제한경쟁,총액제,적격심사제,202210121030,20221012,낙찰
재공고,SFC0103,2,38815,***,22-덕-TICN 2차전지 구매,2022,SFC,제9691부대,제한경쟁,총액제,적격심사제,202210121100,20221012,낙찰
정정공고,UMM0597,2,32346,***,22-공-전동카트 구매,2022,UMM,국군재정관리단,일반경쟁,총액제,적격심사제,202210121100,20221012,낙찰
재공고,UMM0574,2,35374,***,(22G038-H)인터넷익스플로러(IE) 관련 체계 개선사업,2022,UMM,국군재정관리단,제한경쟁,총액제,적격심사제,202210121100,20221012,낙찰
정상공고,UMM0605,1,37562,***,"22-해-상용짚, 경호용 1대 구매",2022,UMM,국군재정관리단,제한경쟁,총액제,적격심사제,202210121100,20221012,순위확정
재공고,UMM0563,2,37708,***,(226285-B) 22-1차 교수부 교육장비 구매,2022,UMM,국군재정관리단,일반경쟁,총액제,적격심사제,202210121100,20221012,유찰
정상공고,UMM0599,1,37855,***,(227040-H)출입통제체계 구축사업,2022,UMM,국군재정관리단,제한경쟁,총액제,적격심사제,202210121100,20221012,낙찰
정상공고,UMM0606,1,38406,***,22-공-전력계 등 21종 구매,2022,UMM,국군재정관리단,일반경쟁,총액제,적격심사제,202210121100,20221012,낙찰
정상공고,UMM0601,1,40744,***,(22G177-A)'22년 국직부대 정보화장비 구매(금융리스,2022,UMM,국군재정관리단,일반경쟁,총액제,최저가격제,202210121100,20221012,낙찰
정상공고,UMM0602,1,40785,***,(227358-B) 주거시설 싱크대 제조설치,2022,UMM,국군재정관리단,제한경쟁,총액제,적격심사제,202210121100,20221012,낙찰
정상공고,UMM0607,1,40840,***,22-공-스마트 임무수행 환경 구축사업,2022,UMM,국군재정관리단,일반경쟁,총액제,적격심사제,202210121100,20221012,유찰
정상공고,UMM0609,1,40848,***,'22~'24년 해군 훈련체계 CBT 유지보수 용역,2022,UMM,국군재정관리단,제한경쟁,총액제,적격심사제,202210121100,20221012,낙찰
긴급공고,UMM0613,1,41085,***,"22-해-0함대 대차횡이동보기, 대차보강공 제조설치",2022,UMM,국군재정관리단,일반경쟁,총액제,적격심사제,202210121100,20221012,낙찰
긴급공고,HDS0013,1,39945,***,22-미-부대홍보영상 제작용역,2022,HDS,공군미사일방어사령부,수의계약,총액제,최저가격제,202210111100,20221011,유찰
정상공고,LDH0877,1,40536,***,(일장) 교량가설단정 전동식 구매,2022,LDH,육군종합정비창,수의계약,총액제,적격심사제,202210111300,20221011,유찰
정상공고,LDH0879,1,40558,***,(화공) 하론소화약제가스 1종 구매,2022,LDH,육군종합정비창,수의계약,총액제,적격심사제,202210111300,20221011,유찰
정상공고,LDH0881,1,40562,***,(정비) 액화산소1종구매,2022,LDH,육군종합정비창,수의계약,총액제,적격심사제,202210111200,20221011,유찰
정상공고,LDH0882,1,40564,***,(기동) 5톤차량 펠트 등 58종구매,2022,LDH,육군종합정비창,수의계약,총액제,적격심사제,202210111300,20221011,유찰
긴급공고,LKT0063,1,40891,***,실감형 디지털교육장(VR체험관) 구축물자 설치납품,2022,LKT,제1989부대,제한경쟁,총액제,적격심사제,202210111330,20221011,낙찰
긴급공고,MCJ0005,1,39616,***,DIDC 2센터 예비상면 전력화공사 관급자재(자동제어),2022,MCJ,국방통합데이터센터,일반경쟁,총액제,적격심사제,202210111330,20221011,낙찰
긴급공고,MCJ0004,1,39618,***,DIDC 1센터 예비상면 전력화공사 관급자재(자동제어),2022,MCJ,국방통합데이터센터,일반경쟁,총액제,적격심사제,202210111330,20221011,낙찰
긴급공고,MDD0124,1,41106,***,2022 국군수도병원 출입통제시스템 유지관리 용역,2022,MDD,국군수도병원,일반경쟁,총액제,적격심사제,202210111700,20221011,낙찰
정상공고,UMM0595,1,38992,***,(226383-B) 군기 7종 제조,2022,UMM,국군재정관리단,제한경쟁,총액제,적격심사제,202210111100,20221011,낙찰
재공고,EBB0420,2,0296,***,MTU엔진 창정비(12V183TE54),2022,EBB,지상공통전력운영계약팀,일반경쟁,총액제,적격심사제,202210071100,20221007,유찰
정상공고,EBB0423,1,9220,***,정수장비부품(구매),2022,EBB,지상공통전력운영계약팀,수의계약,총액제,적격심사제,202210071100,20221007,유찰
정상공고,LCF0514,1,38160,***,심장세동제거기 등 6항목 구매(의무),2022,LCF,육군군수사령부,제한경쟁,총액제,적격심사제,202210071130,20221007,낙찰
정상공고,LCF0515,1,38170,***,수술등 야전용 등 9항목 구매(의무),2022,LCF,육군군수사령부,제한경쟁,총액제,적격심사제,202210071130,20221007,낙찰
정상공고,LCF0516,1,38539,***,"링, 축용 등 2항목 제조(궤도)",2022,LCF,육군군수사령부,제한경쟁,총액제,적격심사제,202210071030,20221007,낙찰
정상공고,LDH0874,1,40454,***,천마 개스킷 등 2종 구매,2022,LDH,육군종합정비창,수의계약,총액제,적격심사제,202210071300,20221007,유찰
정상공고,LDH0875,1,40463,***,컨베이어 및 부품도장기 철거 외주정비 용역,2022,LDH,육군종합정비창,일반경쟁,총액제,적격심사제,202210071300,20221007,유찰
긴급공고,LHM0068,1,38644,001,22년 11~12월 식자재 다수품목 단가계약,2022,LHM,제15보병사단,2단계경쟁(동시),단가제,최저가격제,202210071400,20221007,낙찰
정상공고,MCD0038,1,38804,***,22년 국방민원서비스 고객만족도 조사 용역,2022,MCD,국방부(운영지원과),수의계약,총액제,최저가격제,202210071030,20221007,유찰
정상공고,MCD0037,1,39652,***,23년 예비군 안보교육 표준교안(영상물 포함) 제작,2022,MCD,국방부(운영지원과),협상에의한계약(전자),총액제,최저가격제,202210071030,20221007,낙찰
정상공고,UAC0026,1,39408,***,폐쇄망 ADOBE社 SW 3종 라이선스 구매,2022,UAC,국방출판지원단,수의계약,총액제,적격심사제,202210071100,20221007,유찰
정상공고,UMM0604,1,35319,***,22-공-신축(화악)공사 관급자재(원격검침) 제조설치,2022,UMM,국군재정관리단,제한경쟁,총액제,적격심사제,202210071100,20221007,낙찰
정상공고,UMM0600,1,37771,***,22-공-디지털포렌식 장비 성능개선 사업,2022,UMM,국군재정관리단,일반경쟁,총액제,적격심사제,202210071100,20221007,유찰
정상공고,UMM0603,1,39633,***,22-한빛부대 15.16 진 교대 전세항공수송(제3국적기),2022,UMM,국군재정관리단,일반경쟁,총액제,적격심사제,202210071100,20221007,낙찰
정상공고,UMM0590,1,40147,***,(226063-G) 22년 지통실 전시체계 구축사업(리스물건),2022,UMM,국군재정관리단,제한경쟁,총액제,적격심사제,202210071100,20221007,낙찰
정상공고,UMM0599,1,40286,***,22-해-효소면역측정기 중형 구매(228235-D),2022,UMM,국군재정관리단,제한경쟁,총액제,적격심사제,202210071100,20221007,유찰
정상공고,UMM0602,1,40340,***,22-해-공병지원용 드론 2SET 제조(228239-H),2022,UMM,국군재정관리단,제한경쟁,총액제,적격심사제,202210071100,20221007,낙찰
재공고,EHF0177,2,6731,***,22년 피티비 헬륨킷트기구,2022,EHF,미래전력사업전력운영계약팀,수의계약,총액제,적격심사제,202210061300,20221006,유찰
재공고,EHF0185,2,7023G,***,22년 GPS-98K 레이더 부품(구매)(C),2022,EHF,미래전력사업전력운영계약팀,수의계약,총액제,적격심사제,202210061100,20221006,유찰
긴급공고,HCM0084,1,40449,***,22년 공군 병영(교육)시설 방제요역,2022,HCM,공군교육사령부,제한경쟁,총액제,적격심사제,202210061100,20221006,낙찰
정상공고,LCF0513,1,40244,***,"필터 본체,유체용 등 22항목 제조(기장)",2022,LCF,육군군수사령부,수의계약,총액제,적격심사제,202210061030,20221006,유찰
정상공고,LDH0870,1,40117,***,K1전차 벨로스 구매,2022,LDH,육군종합정비창,제한경쟁,총액제,적격심사제,202210061300,20221006,낙찰
정상공고,LDH0871,1,40119,***,K1전차 개스킷등성형패킹세트 등 3종 구매,2022,LDH,육군종합정비창,제한경쟁,총액제,적격심사제,202210061300,20221006,낙찰
정상공고,LDH0873,1,40122,***,(일장) 다목적굴착기 수리킷트등 33종구매,2022,LDH,육군종합정비창,수의계약,총액제,적격심사제,202210061300,20221006,유찰
긴급공고,LFN0047,1,40605,***,3사교 훈련장 제초용역,2022,LFN,육군3사관학교,제한경쟁,총액제,적격심사제,202210061030,20221006,낙찰
긴급공고,LGP0212,1,40634,***,22년 유류중대 방화지대구축 용역,2022,LGP,제1군수지원사령부,제한경쟁,총액제,적격심사제,202210061100,20221006,유찰
재공고,LHG0042,2,37211,001,10월 부대계약 식자재 납품,2022,LHG,제1862부대,2단계경쟁(동시),단가제,최저가격제,202210061000,20221006,낙찰
정상공고,LKG0059,1,40188,***,[울산광역시]소음방지용 전자감응 헤드셋,2022,LKG,육군제53보병사단,일반경쟁,총액제,적격심사제,202210061030,20221006,유찰
긴급공고,LPF0062,1,40508,***,실내사격장용 청력보호용 장비 구매계약 의뢰,2022,LPF,제51보병사단,제한경쟁,총액제,적격심사제,202210061030,20221006,유찰
정정공고,MDI0008,2,40052,***,키폰 교환기 교체사업,2022,MDI,제7016부대,제한경쟁,총액제,적격심사제,202210061030,20221006,낙찰
정정공고,MDI0007,2,40053,***,음향장비 교체(2차)사업,2022,MDI,제7016부대,일반경쟁,총액제,적격심사제,202210061030,20221006,낙찰
정상공고,MHD0080,1,35511,***,잠수함 시운전 제도 개선방안 연구,2022,MHD,방위사업청(운영지원과),협상에의한계약(전자),총액제,최저가격제,202210061400,20221006,낙찰
긴급공고,SCF0541,1,36681,***,(긴급)방향제어밸브 1종,2022,SCF,해군군수사령부,수의계약,총액제,적격심사제,202210061030,20221006,유찰
긴급공고,SCF0542,1,39281,***,"(긴급)베어링, 볼형, 벨 크랭크용 등 15종",2022,SCF,해군군수사령부,제한경쟁,총액제,적격심사제,202210061030,20221006,낙찰
정상공고,UMM0598,1,32493,***,22-국-500KW 발전기 제조설치,2022,UMM,국군재정관리단,제한경쟁,총액제,적격심사제,202210061100,20221006,낙찰
정상공고,UMM0593,1,37393,***,(226361-E) 동시통역기 교체사업,2022,UMM,국군재정관리단,제한경쟁,총액제,적격심사제,202210061100,20221006,낙찰
긴급공고,UMM0591,1,38452,***,(226064-G)22년 도서관자동화체계 교체사업(리스물건),2022,UMM,국군재정관리단,제한경쟁,총액제,적격심사제,202210061100,20221006,낙찰
정상공고,UMM0592,1,40151,***,(22G173-A)전자출판시스템 구매설치 금융리스,2022,UMM,국군재정관리단,제한경쟁,총액제,최저가격제,202210061100,20221006,유찰
재공고,EBB0418,2,4040C,***,2022 인체제독용물자세트 수리부속(제조),2022,EBB,지상공통전력운영계약팀,수의계약,총액제,적격심사제,202210051500,20221005,유찰
정정공고,HDC0023,3,38169,***,22-232 세탁기 및 건조기 구매,2022,HDC,공군제1전투비행단,제한경쟁,총액제,적격심사제,202210051030,20221005,낙찰
긴급공고,HDQ0065,1,39912,***,20비 계기 전계 강도용,2022,HDQ,제20전투비행단,일반경쟁,총액제,적격심사제,202210051100,20221005,유찰
정상공고,HFG0003,1,37554,***,성능개량 전파분석체계도입사업,2022,HFG,공군제7항공통신전대,2단계경쟁(동시),총액제,최저가격제,202210051300,20221005,낙찰
재공고,LCF0155,2,36354,***,삽입기 및 제거기 전기접촉자용 등 26항목 구매,2022,LCF,육군군수사령부,제한경쟁,총액제,적격심사제,202210051030,20221005,순위확정
재공고,LCF0506,2,37405,***,오리콘 발전기조립체 등 6항목 정비,2022,LCF,육군군수사령부,수의계약,총액제,적격심사제,202210051030,20221005,유찰
정상공고,LCF0510,1,39440,***,호스 등 39항목 구매(기장),2022,LCF,육군군수사령부,제한경쟁,총액제,적격심사제,202210051030,20221005,순위확정
긴급공고,LCG0103,1,40058,***,군환경관리센터 동계피복 구매,2022,LCG,육군본부,제한경쟁,총액제,적격심사제,202210051030,20221005,낙찰
정상공고,LDG0065,1,39013,***,탄약정비공장 컨베이어 가이드 보강 외주정비 용역,2022,LDG,육군 탄약지원사령부,제한경쟁,총액제,적격심사제,202210051030,20221005,낙찰
정상공고,LDG0067,1,39773,***,휴대용 마킹건 구매,2022,LDG,육군 탄약지원사령부,제한경쟁,총액제,적격심사제,202210051030,20221005,유찰
정상공고,LDG0066,1,39774,***,전기 자전거 구매,2022,LDG,육군 탄약지원사령부,제한경쟁,총액제,적격심사제,202210051030,20221005,낙찰
정상공고,LDH0868,1,39975,***,(자재) 에나멜 회색무광 등 23종 구매,2022,LDH,육군종합정비창,제한경쟁,총액제,적격심사제,202210051300,20221005,낙찰
긴급공고,LHR0049,1,40219,***,00부대 더 좋은 병영식당 식기세척기 임차 용역,2022,LHR,육군 제37보병사단,제한경쟁,총액제,적격심사제,202210051030,20221005,낙찰
긴급공고,LNF0044,1,40421,***,22년 간편식 활용 작전식량(간편조리식품),2022,LNF,제1보병사단,일반경쟁,총액제,적격심사제,202210051100,20221005,낙찰
재공고,MDG0027,2,35140,***,22-15차 연구장비 구매 계약  - 진탕욕조,2022,MDG,국군의무사령부,제한경쟁,총액제,적격심사제,202210051600,20221005,낙찰
정상공고,MDN0020,1,38606,***,휴대용 화학탐지기 구매,2022,MDN,국군화생방방호사령부,수의계약,총액제,적격심사제,202210051030,20221005,유찰
긴급공고,MDS0023,1,39913,***,안테나 제작용 부품 / 자재 제조 구매,2022,MDS,제3707부대,제한경쟁,총액제,적격심사제,202210051030,20221005,유찰
정상공고,NIT0015,1,39639,***,[연구소] 유전자 자동염기서열 정비 및 검교정,2022,NIT,국방부조사본부,수의계약,총액제,적격심사제,202210051030,20221005,유찰
긴급공고,SCF0107,1,34332,***,'22년 함정 화재감시장치 외주정비,2022,SCF,해군군수사령부,수의계약,총액제,적격심사제,202210051030,20221005,순위확정
긴급공고,SCF0106,1,35515,***,00창 항온항습기 및 제습기 외주정비,2022,SCF,해군군수사령부,일반경쟁,총액제,적격심사제,202210051030,20221005,순위확정
재공고,SCF0350,2,35526,***,기관단총 전술 라이트 등 2종 구매,2022,SCF,해군군수사령부,수의계약,총액제,적격심사제,202210051030,20221005,유찰
재공고,SCF0344,2,35800,***,전원분배장치 2EA 구매,2022,SCF,해군군수사령부,제한경쟁,총액제,적격심사제,202210051030,20221005,순위확정
긴급공고,SCF0363,1,36830,***,흑색요대 등 2종 구매,2022,SCF,해군군수사령부,제한경쟁,총액제,적격심사제,202210051030,20221005,낙찰
긴급공고,SCF0359,1,37205,***,조리요원 손보호장갑 등 2종 구매,2022,SCF,해군군수사령부,제한경쟁,총액제,적격심사제,202210051030,20221005,낙찰
긴급공고,SCF0360,1,37245,***,해군기 등 16품목 구매,2022,SCF,해군군수사령부,제한경쟁,총액제,적격심사제,202210051030,20221005,낙찰
긴급공고,SCF0361,1,37257,***,폭발물처리반 작전화 19EA 구매,2022,SCF,해군군수사령부,제한경쟁,총액제,적격심사제,202210051030,20221005,낙찰
긴급공고,SCF0364,1,37369,***,컴뱃셔츠 등 2종 구매,2022,SCF,해군군수사령부,제한경쟁,총액제,적격심사제,202210051030,20221005,낙찰
긴급공고,SCF0365,1,37376,***,작전배낭 72EA 구매,2022,SCF,해군군수사령부,제한경쟁,총액제,적격심사제,202210051030,20221005,유찰
긴급공고,SCF0357,1,37583,***,"방한장갑 1,900PR 제조",2022,SCF,해군군수사령부,제한경쟁,총액제,적격심사제,202210051030,20221005,낙찰
긴급공고,SCF0536,1,38267,***,(긴급)제어장치-표시기 하부조립체 등 4종,2022,SCF,해군군수사령부,제한경쟁,총액제,적격심사제,202210051030,20221005,낙찰
긴급공고,SCF0538,1,38526,***,(긴급) 판 스위치 1종 구매,2022,SCF,해군군수사령부,제한경쟁,총액제,적격심사제,202210051030,20221005,낙찰
긴급공고,SCF0366,1,38564,***,동환자복상의 등 5종 제조,2022,SCF,해군군수사령부,제한경쟁,총액제,적격심사제,202210051030,20221005,순위확정
재공고,SCF0355,2,39049,001,항공유(JP-5) 구매,2022,SCF,해군군수사령부,수의계약,단가제,적격심사제,202210051030,20221005,유찰
긴급공고,SCF0540,1,39065,***,"(긴급)판, 금속제 등 3종",2022,SCF,해군군수사령부,제한경쟁,총액제,적격심사제,202210051030,20221005,낙찰
긴급공고,SCF0539,1,39232,***,(긴급)보안면 등 248종,2022,SCF,해군군수사령부,제한경쟁,총액제,적격심사제,202210051030,20221005,낙찰
긴급공고,SCF0534,1,39235,***,(긴급)디스플레이 유닛 1종 구매,2022,SCF,해군군수사령부,제한경쟁,총액제,적격심사제,202210051030,20221005,낙찰
긴급공고,SCF0535,1,39249,***,"(긴급)호스, 비금속제 등 70종",2022,SCF,해군군수사령부,제한경쟁,총액제,적격심사제,202210051030,20221005,낙찰
긴급공고,SFG0101,1,39273,***,핸드젯 마킹기 등 2품목 구매,2022,SFG,제9181부대,제한경쟁,총액제,적격심사제,202210051030,20221005,낙찰
재공고,UMM0566,2,34749,***,(22F163-A) 수료신병 수송용역,2022,UMM,국군재정관리단,제한경쟁,총액제,적격심사제,202210051100,20221005,낙찰
정상공고,UMM0588,1,35623,***,(226310-C) 전자칠판 등 제조 설치,2022,UMM,국군재정관리단,제한경쟁,총액제,적격심사제,202210051100,20221005,낙찰
정상공고,UMM0594,1,37113,***,"22-사거리측정기, 레이저용 구매(228238-H)",2022,UMM,국군재정관리단,제한경쟁,총액제,적격심사제,202210051100,20221005,낙찰
재공고,UMM0588,2,37224,***,22-국-00센터 가구 제조,2022,UMM,국군재정관리단,제한경쟁,총액제,적격심사제,202210051100,20221005,낙찰
정상공고,UMM0587,1,37297,***,(227373-B) 병리장비운영소모품 39종 구매,2022,UMM,국군재정관리단,제한경쟁,총액제,적격심사제,202210051100,20221005,낙찰
정상공고,UMM0570,1,38488,***,(226062-G)22년 기능실 전시체계 보강사업(리스물건),2022,UMM,국군재정관리단,일반경쟁,총액제,적격심사제,202210051100,20221005,낙찰
정상공고,UMM0585,1,39658,***,(226053-G) 22년 주전산기 교체사업(리스물건),2022,UMM,국군재정관리단,제한경쟁,총액제,적격심사제,202210051100,20221005,낙찰
정상공고,UMM0595,1,39859,***,22-해-폭발물 처리 공구키트 구매,2022,UMM,국군재정관리단,제한경쟁,총액제,적격심사제,202210051100,20221005,낙찰
재공고,ET10001,2,2220,***,Link-22 HF통신기 기술협력생산사업,2022,ETA,감시전자총괄계약팀,협상에의한계약(서류),총액제,최저가격제,202210041500,20221004,낙찰
긴급공고,HDM0020,1,38510,***,[22-0194] 22-3차 일반소모성자재(GUC) 구매,2022,HDM,공군제17전투비행단,제한경쟁,총액제,적격심사제,202210041030,20221004,낙찰
재공고,LCH0037,2,38952,***,민간스키장 이용권 구매(물-62),2022,LCH,특수전사령부,지명경쟁,총액제,적격심사제,202210041100,20221004,유찰
재공고,LDH0834,2,38639,***,(정비) 우의등20종 구매,2022,LDH,육군종합정비창,제한경쟁,총액제,적격심사제,202210041300,20221004,낙찰
긴급공고,LHM0073,1,39738,001,22년 11~12월 부대계약(빵류),2022,LHM,제15보병사단,일반경쟁,단가제,적격심사제,202210041100,20221004,유찰
정상공고,MCD0036,1,38283,***,22년 모범군무원 격려 국내시찰 용역,2022,MCD,국방부(운영지원과),협상에의한계약(전자),총액제,최저가격제,202210041030,20221004,낙찰
정상공고,UMM0584,1,34590,***,(227348-E) 차량 정비용장비 구매,2022,UMM,국군재정관리단,제한경쟁,총액제,적격심사제,202210041100,20221004,낙찰
정상공고,UMM0592,1,35340,***,22-공-작전지원실 관급자재(통합배선) 제조설치,2022,UMM,국군재정관리단,제한경쟁,총액제,적격심사제,202210041100,20221004,낙찰
정상공고,UMM0593,1,35447,***,22-공-군악대 유선마이크 등 4종 구매,2022,UMM,국군재정관리단,제한경쟁,총액제,적격심사제,202210041100,20221004,낙찰
정상공고,UMM0582,1,35938,***,(226356-D)대회의실 비디오월 구축(리스물건),2022,UMM,국군재정관리단,일반경쟁,총액제,적격심사제,202210041100,20221004,낙찰
정상공고,UMM0581,1,36678,***,(226369-C)스캐너 구매,2022,UMM,국군재정관리단,제한경쟁,총액제,적격심사제,202210041100,20221004,낙찰
정상공고,UMM0580,1,37021,***,"(227364-C)전산운영용품 잉크,토너 구매",2022,UMM,국군재정관리단,제한경쟁,총액제,적격심사제,202210041100,20221004,낙찰
정상공고,UMM0583,1,39513,***,(226241-E) 22년 교육용 상용 드론 제조,2022,UMM,국군재정관리단,제한경쟁,총액제,적격심사제,202210041100,20221004,낙찰
정상공고,EBB0419,1,4000,***,K5 방독면 수리부속(방산),2022,EBB,지상공통전력운영계약팀,지명경쟁,총액제,적격심사제,202209301100,20220930,낙찰
정상공고,EM70001,1,7801,***,기뢰탐색음탐기 탐색개발,2022,EMA,함정총괄계약팀,협상에의한계약(서류),총액제,최저가격제,202209301500,20220930,낙찰
정상공고,HAE0008,1,37738,***,조종사 인사관리방안 연구용역,2022,HAE,39정찰비행단,2단계경쟁(동시),총액제,적격심사제,202209301100,20220930,유찰
정상공고,LCF0509,1,38179,***,치과유니트 등 2항목 구매(의무),2022,LCF,육군군수사령부,제한경쟁,총액제,적격심사제,202209301130,20220930,낙찰
정상공고,LDH0864,1,39193,***,(정비) 컷와이어 1종구매,2022,LDH,육군종합정비창,제한경쟁,총액제,적격심사제,202209301300,20220930,낙찰
정상공고,LDH0865,1,39337,***,22-14차 정비용 장비 부품 구매,2022,LDH,육군종합정비창,제한경쟁,총액제,적격심사제,202209301300,20220930,낙찰
정상공고,LDH0866,1,39361,***,부품제작자재  호스피팅 내부나사형 등 5종 구매,2022,LDH,육군종합정비창,제한경쟁,총액제,적격심사제,202209301300,20220930,낙찰
정정공고,LPN0011,2,36095,***,군 주거시설 민간위탁 관리 용역,2022,LPN,수도군단,2단계경쟁(동시),총액제,최저가격제,202209301030,20220930,낙찰
재공고,MCR0035,2,34922,***,교육 발전방향 연구용역,2022,MCR,국방대학교,수의계약,총액제,최저가격제,202209301100,20220930,유찰
정상공고,MDN0017,1,37351,***,WMD 제거작전물자세트,2022,MDN,국군화생방방호사령부,제한경쟁,총액제,적격심사제,202209301030,20220930,낙찰
정상공고,MDN0018,1,37352,***,표본수집키트 구매,2022,MDN,국군화생방방호사령부,제한경쟁,총액제,적격심사제,202209301030,20220930,낙찰
정상공고,MDN0019,1,37505,***,휴대용핵종분석기 구매,2022,MDN,국군화생방방호사령부,제한경쟁,총액제,적격심사제,202209301030,20220930,낙찰
정상공고,UMM0590,1,37307,***,22-국-디지털인쇄재료 25종 구매,2022,UMM,국군재정관리단,제한경쟁,총액제,적격심사제,202209301100,20220930,낙찰
재공고,HDE0006,3,36833,***,공군 국방안전관리 교육프로그램 개발용역,2022,HDE,공군항공안전단,수의계약,총액제,최저가격제,202209291100,20220929,유찰
정상공고,LCF0508,1,38182,***,생화학분석기(동물용) 1항목 구매(의무),2022,LCF,육군군수사령부,제한경쟁,총액제,적격심사제,202209291130,20220929,낙찰
재공고,LCF0503,2,38302,***,"송풍기, 튜브 축방형 등 11항목 제조(생산능력,궤도)",2022,LCF,육군군수사령부,수의계약,총액제,적격심사제,202209291030,20220929,유찰
정상공고,LDH0863,1,38985,***,전술정보통신체계 창정비요소개발 비품 구매,2022,LDH,육군종합정비창,제한경쟁,총액제,적격심사제,202209291300,20220929,낙찰
재공고,LGP0202,2,37744,***,22년 개발제한구역 관리계획 수립용역,2022,LGP,제1군수지원사령부,제한경쟁,총액제,적격심사제,202209291100,20220929,유찰
재공고,LGP0203,2,37953,***,22년 내진성능평가 검증용역(1공구),2022,LGP,제1군수지원사령부,제한경쟁,총액제,적격심사제,202209291100,20220929,낙찰
긴급공고,LGT0025,1,37039,***,22-강설-오수-7 설계용역,2022,LGT,제2307부대,2단계경쟁(동시),총액제,최저가격제,202209291030,20220929,낙찰
재공고,LQG0094,2,37335,***,00부대 급수시설 보수공사 자재납품(온수탱크),2022,LQG,육군 52보병사단,제한경쟁,총액제,적격심사제,202209291100,20220929,유찰
긴급공고,SFM0086,1,38535,***,지문인식기 제조/설치,2022,SFM,제3170부대,제한경쟁,총액제,적격심사제,202209291030,20220929,낙찰
정정공고,UAZ0019,2,37899,***,22-외국 군사자료 번역사업,2022,UAZ,합동군사대학교,협상에의한계약(전자),총액제,최저가격제,202209291000,20220929,낙찰
정상공고,UMM0576,1,35537,***,(226306-C)영상정보 교육시스템 구매 설치,2022,UMM,국군재정관리단,제한경쟁,총액제,적격심사제,202209291100,20220929,낙찰
정상공고,UMM0575,1,35569,***,(226352-E) 학교교실 장비도입(통합강의체계)사업,2022,UMM,국군재정관리단,일반경쟁,총액제,적격심사제,202209291100,20220929,낙찰
정상공고,UMM0589,1,38126,***,22-공-관급자재(원격검침) 제조설치,2022,UMM,국군재정관리단,제한경쟁,총액제,적격심사제,202209291100,20220929,낙찰
정상공고,UMM0573,1,38950,***,(226054-G) ’22년 원격교육 스튜디오 교체사업,2022,UMM,국군재정관리단,일반경쟁,총액제,적격심사제,202209291100,20220929,낙찰
재공고,EHF0173,2,4791,***,"회전인양빔 조립체, 유도탄중간정비장비세트,해성-1",2022,EHF,미래전력사업전력운영계약팀,제한경쟁,총액제,적격심사제,202209281030,20220928,낙찰
재공고,EHF0172,2,8014,***,22년 천마수리부속(전동기류),2022,EHF,미래전력사업전력운영계약팀,수의계약,총액제,적격심사제,202209281100,20220928,유찰
긴급공고,HCF0201,1,35129,***,항공용 친환경 페인트 제거제 2종,2022,HCF,공군군수사령부,제한경쟁,총액제,적격심사제,202209281030,20220928,유찰
긴급공고,HCG0052,1,38200,***,성고충예방대응센터 홍보영상 제작,2022,HCG,공군본부,제한경쟁,총액제,적격심사제,202209281130,20220928,낙찰
긴급공고,HCL0078,1,37544,***,'22년 공사생도 해외항법훈련 용역,2022,HCL,공군사관학교,2단계경쟁(동시),총액제,최저가격제,202209281000,20220928,낙찰
긴급공고,HDQ0063,1,39051,***,20비 취사연료 공급계약,2022,HDQ,제20전투비행단,일반경쟁,총액제,적격심사제,202209281100,20220928,낙찰
재공고,LCF0029,2,32996,***,케이블조립체무선 주파수용(W112)등22항목제조(특무),2022,LCF,육군군수사령부,제한경쟁,총액제,적격심사제,202209281030,20220928,낙찰
재공고,LCF0031,2,33006,***,"보안경,광학기구용 등 21항목 구매(특무)",2022,LCF,육군군수사령부,제한경쟁,총액제,적격심사제,202209281030,20220928,순위확정
재공고,LCF0030,2,34233,***,"지지대,디스플레이 유닛 등 41항목 구매(특무)",2022,LCF,육군군수사령부,제한경쟁,총액제,적격심사제,202209281030,20220928,순위확정
재공고,LDH0792,2,36859,***,(자재) 포리빠데 등 36종 구매,2022,LDH,육군종합정비창,수의계약,총액제,적격심사제,202209281300,20220928,유찰
재공고,LDH0796,3,36863,***,(자재) 락카스프레이 연밤색 등 18종 구매,2022,LDH,육군종합정비창,수의계약,총액제,적격심사제,202209281300,20220928,유찰
정상공고,LDH0853,1,38837,***,(화공) 황산등6종 구매,2022,LDH,육군종합정비창,제한경쟁,총액제,적격심사제,202209281300,20220928,낙찰
정상공고,LDH0854,1,38839,***,(화공) 부식방지제등14종 구매,2022,LDH,육군종합정비창,제한경쟁,총액제,적격심사제,202209281300,20220928,낙찰
정상공고,LDH0855,1,38841,***,(화공) 이형제등16종 구매,2022,LDH,육군종합정비창,제한경쟁,총액제,적격심사제,202209281300,20220928,낙찰
정상공고,LDH0856,1,38842,***,(화공) 콘텍트크리너등16종 구매,2022,LDH,육군종합정비창,제한경쟁,총액제,적격심사제,202209281300,20220928,순위확정
정상공고,LDH0857,1,38846,***,(화공) 목형수지등7종 구매,2022,LDH,육군종합정비창,제한경쟁,총액제,적격심사제,202209281300,20220928,유찰
정상공고,LDH0858,1,38856,***,(화공) 코아딕실등17종 구매,2022,LDH,육군종합정비창,제한경쟁,총액제,적격심사제,202209281300,20220928,순위확정
정상공고,LDH0859,1,38860,***,(화공) 록타이트401등5종 구매,2022,LDH,육군종합정비창,제한경쟁,총액제,적격심사제,202209281300,20220928,낙찰
정상공고,LDH0860,1,38861,***,(기동) 다목적전술차 스위치등 77종구매,2022,LDH,육군종합정비창,수의계약,총액제,적격심사제,202209281300,20220928,유찰
정상공고,LDH0861,1,38892,***,부품제작자재  튜브 너트 적용관 등 14종 구매,2022,LDH,육군종합정비창,제한경쟁,총액제,적격심사제,202209281300,20220928,낙찰
긴급공고,LHK0051,1,37933,***,주거시설 민간위탁 관리용역,2022,LHK,제2군단,2단계경쟁(동시),총액제,최저가격제,202209281030,20220928,낙찰
정상공고,MCD0035,1,37006,***,2022년 군 책임운영기관 고객만족도조사 용역,2022,MCD,국방부(운영지원과),협상에의한계약(전자),총액제,최저가격제,202209281100,20220928,낙찰
재공고,MDD0111,2,36477,***,2022 장비운영소모품(154차) 구매계약,2022,MDD,국군수도병원,수의계약,총액제,적격심사제,202209281400,20220928,유찰
긴급공고,MDK0035,1,39183,***,1600CC 하이브리드 승용차 구매,2022,MDK,국군수송사령부,일반경쟁,총액제,적격심사제,202209281030,20220928,유찰
긴급공고,MDS0022,1,39388,***,자체정비용 정밀측정장비(현미경) 구매,2022,MDS,제3707부대,제한경쟁,총액제,적격심사제,202209281030,20220928,낙찰
재공고,MHD0071,2,31126,***,국방통합원가시스템 고도화 2차 사업,2022,MHD,방위사업청(운영지원과),협상에의한계약(전자),총액제,최저가격제,202209281400,20220928,낙찰
긴급공고,SCF0103,1,32614,***,'22년 FFG 추진전동기 유지보수 용역,2022,SCF,해군군수사령부,수의계약,총액제,적격심사제,202209281030,20220928,순위확정
긴급공고,SCF0104,1,37326,***,AOE-II 인원용 승강기 정비,2022,SCF,해군군수사령부,일반경쟁,총액제,적격심사제,202209281030,20220928,낙찰
긴급공고,SCF0533,1,38482,***,(긴급) 제도받침대 등 2종,2022,SCF,해군군수사령부,제한경쟁,총액제,적격심사제,202209281230,20220928,유찰
긴급공고,SCL0070,1,39343,***,23년 탁상 달력 제작,2022,SCL,해군사관학교,제한경쟁,총액제,적격심사제,202209281030,20220928,낙찰
긴급공고,SCL0071,1,39344,***,23년 벽걸이 달력 제작,2022,SCL,해군사관학교,제한경쟁,총액제,적격심사제,202209281030,20220928,낙찰
긴급공고,SCN0140,1,39386,***,22-부두 CCTV 제조설치,2022,SCN,제7001부대,제한경쟁,총액제,적격심사제,202209281030,20220928,낙찰
긴급공고,UHD0012,1,39118,***,(22-032) 부대체육비품(덤벨랙 등 35종) 구매,2022,UHD,공군 작사예하 방포사예하 제3여단,제한경쟁,총액제,적격심사제,202209281100,20220928,유찰
정상공고,UMM0588,1,37224,***,22-국-00센터 가구 제조,2022,UMM,국군재정관리단,제한경쟁,총액제,적격심사제,202209281100,20220928,유찰
긴급공고,UMM0579,1,37576,***,(22F053-I)22년 육로 특수화물 수송용역,2022,UMM,국군재정관리단,일반경쟁,총액제,적격심사제,202209281100,20220928,낙찰
정정공고,UMM0578,2,39176,***,(22G171-A) 사이버 관제시스템 구매설치(금융리스),2022,UMM,국군재정관리단,일반경쟁,총액제,최저가격제,202209281100,20220928,낙찰
재공고,EBB0413,3,1130G,***,로드휠(K-55 자주포용),2022,EBB,지상공통전력운영계약팀,수의계약,총액제,적격심사제,202209271030,20220927,유찰
재공고,EHF0123,3,0022,***,22년 오리콘 사격통제장치 부품류(제조),2022,EHF,미래전력사업전력운영계약팀,수의계약,총액제,적격심사제,202209271100,20220927,유찰
정상공고,EHF0177,1,6731,***,22년 피티비 헬륨킷트기구,2022,EHF,미래전력사업전력운영계약팀,수의계약,총액제,적격심사제,202209271300,20220927,유찰
정상공고,ET40001,1,4700,***,함정용전자전장비-II 체계개발사업,2022,ETA,감시전자총괄계약팀,협상에의한계약(서류),총액제,최저가격제,202209271400,20220927,낙찰
재공고,EWA0009,2,1201,***,장보고-III Batch-I 전력화지원요소 계류지원정 건조,2022,EWA,한국형잠수함총괄계약팀,일반경쟁,총액제,적격심사제,202209271500,20220927,유찰
긴급공고,HCC0097,1,39054,***,전원공급기 조립체 등 5종 구매(172),2022,HCC,해군제1수리창,제한경쟁,총액제,적격심사제,202209271030,20220927,낙찰
긴급공고,HCC0098,1,39056,***,사각창 등 3종 구매(173),2022,HCC,해군제1수리창,제한경쟁,총액제,적격심사제,202209271030,20220927,낙찰
긴급공고,HCC0099,1,39058,***,"고정물, 전등용 등 3종 구매(174)",2022,HCC,해군제1수리창,제한경쟁,총액제,적격심사제,202209271030,20220927,낙찰
재공고,HCF0198,2,36217,***,스타터 등 33종 구매,2022,HCF,공군군수사령부,수의계약,총액제,적격심사제,202209271030,20220927,유찰
재공고,LCF0499,2,33588,***,"컵, 테이퍼형 롤러 베어링용 등 9항목 구매(궤도)",2022,LCF,육군군수사령부,제한경쟁,총액제,적격심사제,202209271030,20220927,낙찰
재공고,LCF0497,2,33596,***,"스페이서, 슬리브형 등 5항목 제조(궤도)",2022,LCF,육군군수사령부,제한경쟁,총액제,적격심사제,202209271030,20220927,낙찰
재공고,LCF0494,2,36087,***,"연결기,브레이크용 등 22항목 구매(기장)",2022,LCF,육군군수사령부,제한경쟁,총액제,적격심사제,202209271030,20220927,순위확정
재공고,LCF0021,2,36520,***,"계산척(3U,4U-5U,6M )등10항목 제조(생산능력 자주포)",2022,LCF,육군군수사령부,수의계약,총액제,적격심사제,202209271030,20220927,유찰
재공고,LCF0022,3,36521,***,"렌치, 신관 고정장치용 등 10항목 제조(생산능력)",2022,LCF,육군군수사령부,수의계약,총액제,적격심사제,202209271030,20220927,유찰
재공고,LCF0496,2,37216,***,"퓨즈, 밀폐관형 등 12항목 구매(기장)",2022,LCF,육군군수사령부,제한경쟁,총액제,적격심사제,202209271030,20220927,유찰
긴급공고,LCH0037,1,38952,***,민간스키장 이용권 구매(물-62),2022,LCH,특수전사령부,지명경쟁,총액제,적격심사제,202209271100,20220927,유찰
정상공고,LDG0062,1,37789,***,안전보호용품(방독마스크 등 4종) 구매,2022,LDG,육군 탄약지원사령부,제한경쟁,총액제,적격심사제,202209271030,20220927,낙찰
정상공고,LDG0063,1,38341,***,탄약 정비 일반자재(국방색 페인트 등 5개 품목) 제조,2022,LDG,육군 탄약지원사령부,제한경쟁,총액제,적격심사제,202209271030,20220927,낙찰
정상공고,LDG0064,1,38342,***,대인지뢰 KM16목상자 등 3개 품목 제조,2022,LDG,육군 탄약지원사령부,제한경쟁,총액제,적격심사제,202209271030,20220927,낙찰
정상공고,LDH0833,1,38637,***,(정비) 연마지등5종 구매,2022,LDH,육군종합정비창,제한경쟁,총액제,적격심사제,202209271300,20220927,낙찰
정상공고,LDH0834,1,38639,***,(정비) 우의등20종 구매,2022,LDH,육군종합정비창,제한경쟁,총액제,적격심사제,202209271300,20220927,유찰
정상공고,LDH0835,1,38640,***,(정비) 에어건등6종 구매,2022,LDH,육군종합정비창,수의계약,총액제,적격심사제,202209271300,20220927,유찰
정상공고,LDH0836,1,38641,***,(정비) 열수축튜브등34종 구매,2022,LDH,육군종합정비창,제한경쟁,총액제,적격심사제,202209271300,20220927,낙찰
정상공고,LDH0837,1,38642,***,(정비) 가제수입포등11종 구매,2022,LDH,육군종합정비창,제한경쟁,총액제,적격심사제,202209271300,20220927,낙찰
정상공고,LDH0839,1,38645,***,(정비) 용접가죽장갑등47종 구매,2022,LDH,육군종합정비창,제한경쟁,총액제,적격심사제,202209271300,20220927,순위확정
정상공고,LDH0840,1,38646,***,(정비) 플라스틱마개등25개 구매,2022,LDH,육군종합정비창,수의계약,총액제,적격심사제,202209271300,20220927,유찰
정상공고,LDH0841,1,38647,***,(정비) 방진마스크등6종 구매,2022,LDH,육군종합정비창,제한경쟁,총액제,적격심사제,202209271300,20220927,낙찰
정상공고,LDH0842,1,38648,***,(정비) 도화용붓등38종 구매,2022,LDH,육군종합정비창,제한경쟁,총액제,적격심사제,202209271300,20220927,순위확정
정상공고,LDH0844,1,38650,***,(정비) 케이블타이등22종 구매,2022,LDH,육군종합정비창,수의계약,총액제,적격심사제,202209271300,20220927,유찰
정상공고,LDH0845,1,38651,***,(정비) 카본부라쉬등103종 구매,2022,LDH,육군종합정비창,제한경쟁,총액제,적격심사제,202209271300,20220927,순위확정
정상공고,LDH0846,1,38652,***,(정비) 인서트팁등139종 구매,2022,LDH,육군종합정비창,제한경쟁,총액제,적격심사제,202209271300,20220927,순위확정
정상공고,LDH0847,1,38653,***,(정비) 코팅앤드밀등64종 구매,2022,LDH,육군종합정비창,제한경쟁,총액제,적격심사제,202209271300,20220927,낙찰
정상공고,LDH0848,1,38654,***,(정비) 프라스틱브러쉬등42종 구매,2022,LDH,육군종합정비창,제한경쟁,총액제,적격심사제,202209271300,20220927,순위확정
정상공고,LDH0849,1,38655,***,(정비) 면장갑등33종 구매,2022,LDH,육군종합정비창,제한경쟁,총액제,적격심사제,202209271300,20220927,낙찰
정상공고,LDH0850,1,38657,***,(정비) 면봉등80종 구매,2022,LDH,육군종합정비창,제한경쟁,총액제,적격심사제,202209271300,20220927,낙찰
정상공고,LDH0851,1,38658,***,(정비) 절연면테프등25종 구매,2022,LDH,육군종합정비창,제한경쟁,총액제,적격심사제,202209271300,20220927,순위확정
정상공고,LKS0045,1,38273,***,문서수발장비(문서낭 등 4종) 제조 납품,2022,LKS,육군인사사령부,제한경쟁,총액제,적격심사제,202209271030,20220927,낙찰
재공고,LKT0061,2,37767,***,22년 부대조달 급식품목(빵류) 제조구매,2022,LKT,제1989부대,수의계약,총액제,적격심사제,202209271030,20220927,유찰
긴급공고,LKT0062,1,38599,***,22-2차 육성지원 핸드토키 임차 용역,2022,LKT,제1989부대,제한경쟁,총액제,적격심사제,202209271030,20220927,유찰
정상공고,LNF0039,1,38576,***,22년 10~12월 부대계약 식자재 납품(2차),2022,LNF,제1보병사단,일반경쟁,총액제,적격심사제,202209271100,20220927,낙찰
재공고,MDD0102,2,31584,***,2022 특수수술재료(BIO BMP2)구매,2022,MDD,국군수도병원,제한경쟁,총액제,적격심사제,202209271100,20220927,유찰
긴급공고,MDK0034,1,38056,***,해상전환 실제훈련 선박 임차,2022,MDK,국군수송사령부,일반경쟁,총액제,적격심사제,202209271030,20220927,낙찰
정상공고,MDR0039,1,37233,***,23년 정보월력 제작,2022,MDR,제9965부대,제한경쟁,총액제,적격심사제,202209271100,20220927,낙찰
정상공고,MDR0040,1,38064,***,전역차륜차량 구매,2022,MDR,제9965부대,제한경쟁,총액제,적격심사제,202209271100,20220927,낙찰
재공고,SCF0337,2,27331,***,에어컨가스 회수충전기 1EA 구매,2022,SCF,해군군수사령부,제한경쟁,총액제,적격심사제,202209271030,20220927,낙찰
재공고,SCF0340,2,33096,***,"섬유로프조립체, 단일구간용 제조",2022,SCF,해군군수사령부,수의계약,총액제,적격심사제,202209271030,20220927,유찰
긴급공고,SCF0350,1,35526,***,기관단총 전술 라이트 등 2종 구매,2022,SCF,해군군수사령부,수의계약,총액제,적격심사제,202209271030,20220927,유찰
재공고,SCF0489,2,36020,***,(긴급)잡용 수분제거기 등 5종,2022,SCF,해군군수사령부,제한경쟁,총액제,적격심사제,202209271030,20220927,낙찰
긴급공고,SCF0530,1,36662,***,(긴급)엘레먼트 조립체 등 7종,2022,SCF,해군군수사령부,제한경쟁,총액제,적격심사제,202209271030,20220927,유찰
긴급공고,SCF0531,1,36788,***,(긴급) 정류자 등 7종,2022,SCF,해군군수사령부,제한경쟁,총액제,적격심사제,202209271030,20220927,낙찰
긴급공고,SCF0351,1,36828,***,전투용 물백 등 7종 구매,2022,SCF,해군군수사령부,제한경쟁,총액제,적격심사제,202209271030,20220927,순위확정
긴급공고,SCF0348,1,36909,***,"방진마스크 6,030EA 구매",2022,SCF,해군군수사령부,제한경쟁,총액제,적격심사제,202209271030,20220927,낙찰
긴급공고,SCF0352,1,37586,***,동계취사복 등 3종 구매,2022,SCF,해군군수사령부,제한경쟁,총액제,적격심사제,202209271030,20220927,낙찰
긴급공고,SCF0532,1,37591,***,"(긴급)변환기, 디지털-아날로그 변환용 등 2종",2022,SCF,해군군수사령부,제한경쟁,총액제,적격심사제,202209271030,20220927,낙찰
긴급공고,SCF0528,1,38014,***,"(긴급) 단말기,위성통신용 1종 구매",2022,SCF,해군군수사령부,제한경쟁,총액제,적격심사제,202209271030,20220927,낙찰
긴급공고,SCF0529,1,38261,***,(긴급)라인 등 5종,2022,SCF,해군군수사령부,제한경쟁,총액제,적격심사제,202209271030,20220927,낙찰
긴급공고,SCF0354,1,39042,***,복사용지(A4) 130box 구매,2022,SCF,해군군수사령부,제한경쟁,총액제,적격심사제,202209271030,20220927,낙찰
긴급공고,SCF0355,1,39049,001,항공유(JP-5) 구매,2022,SCF,해군군수사령부,수의계약,단가제,적격심사제,202209271030,20220927,유찰
긴급공고,SCF0356,1,39064,***,회로카드조립체 3EA 구매,2022,SCF,해군군수사령부,제한경쟁,총액제,적격심사제,202209271030,20220927,순위확정
재공고,SFC0098,4,34884,***,체력단련장 식자재(가지 등 174품목) 구매,2022,SFC,제9691부대,수의계약,총액제,적격심사제,202209271100,20220927,유찰
긴급공고,SFC0103,1,38815,***,22-덕-TICN 2차전지 구매,2022,SFC,제9691부대,제한경쟁,총액제,적격심사제,202209271100,20220927,유찰
긴급공고,SFN0051,1,38783,***,멤브레인필터 구매,2022,SFN,연평부대,일반경쟁,총액제,적격심사제,202209271030,20220927,낙찰
긴급공고,UMM0574,1,35374,***,(22G038-H)인터넷익스플로러(IE) 관련 체계 개선사업,2022,UMM,국군재정관리단,제한경쟁,총액제,적격심사제,202209271100,20220927,유찰
정정공고,UMM0586,2,38136,***,22-해-2차 상륙군 장비수송선 등 11척 임차 용역,2022,UMM,국군재정관리단,일반경쟁,총액제,적격심사제,202209271100,20220927,유찰
정상공고,DSS0060,1,38438,***,군 암호체계 분석보호시스템 분석도구 구매,2022,DSS,국군제1068부대,제한경쟁,총액제,적격심사제,202209261030,20220926,낙찰
정상공고,EHF0181,1,2840G,***,"22년 가시기,주야간관측용(대테러장비)(구매)",2022,EHF,미래전력사업전력운영계약팀,일반경쟁,총액제,적격심사제,202209261100,20220926,낙찰
정상공고,EHF0174,1,4100G,***,22년 지상감시레이더 부품(구매),2022,EHF,미래전력사업전력운영계약팀,제한경쟁,총액제,적격심사제,202209261500,20220926,순위확정
정상공고,EHF0180,1,8013,***,22년 천마 수리부속류(연결기 등 구매),2022,EHF,미래전력사업전력운영계약팀,일반경쟁,총액제,적격심사제,202209261030,20220926,낙찰
재공고,EP30001,2,7400,***,소해헬기 체계개발사업,2022,EPA,항공기총괄계약팀,협상에의한계약(서류),총액제,최저가격제,202209261500,20220926,낙찰
긴급공고,LCN0034,1,35703,***,'23년 생도 태권도복 구매 계약,2022,LCN,육군사관학교,2단계경쟁(동시),총액제,최저가격제,202209261100,20220926,낙찰
긴급공고,LCN0033,1,35704,***,'23년 생도 테니스화 구매 계약,2022,LCN,육군사관학교,수의계약,총액제,최저가격제,202209261100,20220926,유찰
재공고,LDH0822,2,37615,***,K77지휘차 감지기 구매,2022,LDH,육군종합정비창,제한경쟁,총액제,적격심사제,202209261300,20220926,낙찰
긴급공고,MDG0030,1,38851,***,22-6차 연구장비 구매 계약(수정) - 시약및약품냉장고,2022,MDG,국군의무사령부,제한경쟁,총액제,적격심사제,202209261600,20220926,낙찰
긴급공고,MDG0029,1,38852,***,22-3차 연구장비 구매 계약(수정) - 미생물측정기,2022,MDG,국군의무사령부,제한경쟁,총액제,적격심사제,202209261600,20220926,순위확정
연기공고,UHC0011,3,28379,***,"22-조-21, 기동형 산불 진화장비",2022,UHC,공군 작사예하 방포사예하 제2여단,제한경쟁,총액제,적격심사제,202209261100,20220926,낙찰
긴급공고,UMM0571,1,38118,***,(22F164-A)22년 2차 예초관리 용역,2022,UMM,국군재정관리단,제한경쟁,총액제,적격심사제,202209261100,20220926,낙찰
정상공고,EBB0418,1,4040C,***,2022 인체제독용물자세트 수리부속(제조),2022,EBB,지상공통전력운영계약팀,수의계약,총액제,적격심사제,202209231100,20220923,순위확정
정상공고,EKA0036,1,9801A,***,25톤 화물트럭,2022,EKA,기동총괄계약팀,일반경쟁,총액제,적격심사제,202209231030,20220923,유찰
재공고,ET10003,2,2200,***,Link-22 함정/육상 16종 체계개발사업,2022,ETA,감시전자총괄계약팀,협상에의한계약(서류),총액제,최저가격제,202209231500,20220923,낙찰
재공고,ET10002,2,2210,***,KSS-I Link-22 체계개발사업,2022,ETA,감시전자총괄계약팀,협상에의한계약(서류),총액제,최저가격제,202209231500,20220923,낙찰
정상공고,LCF0503,1,38302,***,"송풍기, 튜브 축방형 등 11항목 제조(생산능력,궤도)",2022,LCF,육군군수사령부,수의계약,총액제,적격심사제,202209231030,20220923,유찰
정상공고,LCF0502,1,38305,***,"필터엘리먼트, 공기조절용 등 3항목 구매(궤도)",2022,LCF,육군군수사령부,제한경쟁,총액제,적격심사제,202209231030,20220923,순위확정
재공고,LHG0044,2,37286,***,10월 부대조달 식자재 납품(면류-자장면),2022,LHG,제1862부대,제한경쟁,총액제,적격심사제,202209231030,20220923,낙찰
재공고,LHG0045,2,37287,***,10월 부대조달 식자재 납품(면류-쫄면),2022,LHG,제1862부대,제한경쟁,총액제,적격심사제,202209231030,20220923,낙찰
재공고,LHG0046,2,37288,***,10월 부대조달 식자재 납품(불고기패티),2022,LHG,제1862부대,제한경쟁,총액제,적격심사제,202209231030,20220923,낙찰
재공고,LHG0047,2,37289,***,10월 부대조달 식자재 납품(빵류),2022,LHG,제1862부대,수의계약,총액제,적격심사제,202209231030,20220923,유찰
재공고,LHG0048,2,37290,***,10월 부대계약 (식육가공품류) - 돈까스,2022,LHG,제1862부대,제한경쟁,총액제,적격심사제,202209231030,20220923,낙찰
재공고,LHG0049,2,37293,***,10월 부대계약 (식육가공품류) - 미트볼,2022,LHG,제1862부대,제한경쟁,총액제,적격심사제,202209231030,20220923,낙찰
재공고,LHG0050,2,37294,***,10월 부대계약 (식육가공품류) - 소시지,2022,LHG,제1862부대,제한경쟁,총액제,적격심사제,202209231030,20220923,낙찰
재공고,LHG0051,2,37295,***,10월 부대계약 (식육가공품류) - 햄,2022,LHG,제1862부대,수의계약,총액제,적격심사제,202209231030,20220923,유찰
정상공고,UMM0587,1,34872,***,22-해-공보정훈촬영용 드론(10set) 제조 설치,2022,UMM,국군재정관리단,일반경쟁,총액제,적격심사제,202209231100,20220923,낙찰
정상공고,UMM0568,1,35898,***,(226351-C)휴대용 속도측정기 등 12종 구매,2022,UMM,국군재정관리단,제한경쟁,총액제,적격심사제,202209231100,20220923,낙찰
정상공고,UMM0567,1,38073,***,(226332-B) 고정식 진술녹화시스템 등 2종 구매,2022,UMM,국군재정관리단,제한경쟁,총액제,적격심사제,202209231100,20220923,낙찰
정상공고,UMM0569,1,38242,***,(226092-C) 방탄방패 구매,2022,UMM,국군재정관리단,제한경쟁,총액제,적격심사제,202209231100,20220923,낙찰
정상공고,EBB0416,1,1440,***,표준차 유지부품,2022,EBB,지상공통전력운영계약팀,수의계약,총액제,적격심사제,202209221100,20220922,순위확정
재공고,ELA0035,2,1050,***,안테나조립체(AS-992K)(대포병탐지레이더-Ⅱ용),2022,ELA,화력총괄계약팀,수의계약,총액제,적격심사제,202209221500,20220922,유찰
긴급공고,HCF0200,1,37709,***,분할 고정구 등 7종 구매,2022,HCF,공군군수사령부,제한경쟁,총액제,적격심사제,202209221030,20220922,낙찰
긴급공고,HDI0010,1,37699,***,수신기 전원공급기 등 12종 구매,2022,HDI,공군83정보통신정비창,일반경쟁,총액제,적격심사제,202209221030,20220922,유찰
긴급공고,LFN0043,1,38320,***,22년 생도 60기 피복 제조구매(체육복류),2022,LFN,육군3사관학교,일반경쟁,총액제,적격심사제,202209221030,20220922,낙찰
긴급공고,LGI0116,1,37598,001,22-4차 부대조달 식자재 납품(부식),2022,LGI,제3군수지원여단,2단계경쟁(동시),단가제,최저가격제,202209221600,20220922,낙찰
재공고,LGS0005,2,37203,***,간부숙소 147실 관급자재(타일),2022,LGS,육군 제8군단,제한경쟁,총액제,적격심사제,202209221100,20220922,유찰
긴급공고,LKG0057,1,38236,***,[부산광역시 등 5개 지자체]야간투시경 통합 구매,2022,LKG,육군제53보병사단,수의계약,총액제,적격심사제,202209221030,20220922,유찰
정상공고,LKP0056,1,37485,***,'22년 10월 식자재(부대조달 부식) 구매,2022,LKP,5군수지원사령부,일반경쟁,총액제,적격심사제,202209221100,20220922,낙찰
긴급공고,LMP0064,1,38078,001,22-3차 10·11·12월 부대조달 식자재(일반 경쟁)계약,2022,LMP,제3보병사단,2단계경쟁(동시),단가제,최저가격제,202209221100,20220922,낙찰
정상공고,MDL0006,1,36696,***,한미동맹과 비군사적 협력 연구용역,2022,MDL,국방부군사편찬연구소,수의계약,총액제,최저가격제,202209221100,20220922,유찰
정상공고,MDL0007,1,36697,***,한미동맹의 미래 연구용역,2022,MDL,국방부군사편찬연구소,협상에의한계약(전자),총액제,최저가격제,202209221100,20220922,낙찰
긴급공고,SCN0133,1,38463,***,풀업밴드 4단계 퍼플 등 228종 구매(의료기재),2022,SCN,제7001부대,제한경쟁,총액제,적격심사제,202209221030,20220922,낙찰
재공고,SFG0093,2,34623,***,22-K-예비군 도시락 구매,2022,SFG,제9181부대,수의계약,총액제,최저가격제,202209221030,20220922,유찰
긴급공고,SFG0097,1,38436,***,반투명 봉투 등 171품목 구매,2022,SFG,제9181부대,제한경쟁,총액제,적격심사제,202209221030,20220922,낙찰
정상공고,UAB0070,1,38113,***,4분기 국군복지단 식자재 구매,2022,UAB,국군복지단,일반경쟁,총액제,적격심사제,202209221130,20220922,낙찰
정상공고,UMM0585,1,31097,***,22-해-유류지원정 제조,2022,UMM,국군재정관리단,일반경쟁,총액제,적격심사제,202209221100,20220922,낙찰
재공고,EBB0413,2,1130G,***,로드휠(K-55 자주포용),2022,EBB,지상공통전력운영계약팀,수의계약,총액제,적격심사제,202209211030,20220921,유찰
재공고,EBB0351,5,8231A,***,22년 K21장갑차 엔진 외주정비,2022,EBB,지상공통전력운영계약팀,수의계약,총액제,적격심사제,202209211100,20220921,유찰
정상공고,EHF0173,1,4791,***,"회전인양빔 조립체, 유도탄중간정비장비세트,해성-1",2022,EHF,미래전력사업전력운영계약팀,제한경쟁,총액제,적격심사제,202209211100,20220921,순위확정
정상공고,EHF0172,1,8014,***,22년 천마수리부속(전동기류),2022,EHF,미래전력사업전력운영계약팀,수의계약,총액제,적격심사제,202209211100,20220921,유찰
긴급공고,HCF0199,1,36100,***,광전송장비 유지보수,2022,HCF,공군군수사령부,제한경쟁,총액제,적격심사제,202209211030,20220921,낙찰
긴급공고,HDC0023,1,38169,***,22-232 세탁기 및 건조기 구매,2022,HDC,공군제1전투비행단,제한경쟁,총액제,적격심사제,202209211030,20220921,유찰
긴급공고,HDP0060,1,38253,***,기지외곽 및 공동구역 제초 유지관리 용역 추가계약,2022,HDP,공군제19전투비행단,제한경쟁,총액제,적격심사제,202209211100,20220921,낙찰
정상공고,LBB0061,1,37323,001,22년 경축특식 (성탄절) 치즈조각케익,2022,LBB,육군제7789부대,제한경쟁,단가제,적격심사제,202209211030,20220921,낙찰
정상공고,LBB0062,1,37701,001,22년 경축특식 (성탄절) 탄산음료,2022,LBB,육군제7789부대,제한경쟁,단가제,적격심사제,202209211030,20220921,낙찰
정상공고,LBB0063,1,37777,001,22년 경축특식(23년신정) 마카롱,2022,LBB,육군제7789부대,제한경쟁,단가제,적격심사제,202209211030,20220921,낙찰
정상공고,LBB0064,1,37780,001,22년 경축특식(23년신정)커피음료,2022,LBB,육군제7789부대,제한경쟁,단가제,적격심사제,202209211030,20220921,낙찰
재공고,LCF0023,2,32997,***,"나사,기계용 등 214항목 제조(생산능력 특무)",2022,LCF,육군군수사령부,수의계약,총액제,적격심사제,202209211030,20220921,유찰
재공고,LCF0024,2,32999,***,탄약장진기 등 1항목 제조(생산능력 특무),2022,LCF,육군군수사령부,수의계약,총액제,적격심사제,202209211030,20220921,유찰
재공고,LCF0025,2,33002,***,"다기관,가스통용 등 2항목 일반제조(특무)",2022,LCF,육군군수사령부,수의계약,총액제,적격심사제,202209211030,20220921,유찰
재공고,LCF0500,2,33590,***,"판,압력용,회전펌프용 등 6항목 제조(생산능력,궤도)",2022,LCF,육군군수사령부,수의계약,총액제,적격심사제,202209211030,20220921,유찰
정상공고,LCF0155,1,36354,***,삽입기 및 제거기 전기접촉자용 등 26항목 구매,2022,LCF,육군군수사령부,제한경쟁,총액제,적격심사제,202209211030,20220921,유찰
재공고,LCF0495,2,36721,***,고무밴드 조립체 등 1항목 제조(기장),2022,LCF,육군군수사령부,수의계약,총액제,적격심사제,202209211030,20220921,유찰
재공고,LDH0736,2,35041,***,통신장비 수리부속 캐패시터 등 5종 구매,2022,LDH,육군종합정비창,제한경쟁,총액제,적격심사제,202209211000,20220921,낙찰
정상공고,LDH0826,1,37830,***,M48전차 표시기 구매,2022,LDH,육군종합정비창,제한경쟁,총액제,적격심사제,202209211300,20220921,낙찰
정상공고,LDH0827,1,37835,***,후반기 정비장비 예비부품(필터류 1차) 구매,2022,LDH,육군종합정비창,제한경쟁,총액제,적격심사제,202209211300,20220921,낙찰
정상공고,LDH0828,1,37839,***,후반기 정비장비 예비부품(필터류 2차) 구매,2022,LDH,육군종합정비창,제한경쟁,총액제,적격심사제,202209211300,20220921,낙찰
정상공고,LDH0831,1,37850,***,(정비) NBR코팅장갑등14종 구매,2022,LDH,육군종합정비창,제한경쟁,총액제,적격심사제,202209211300,20220921,유찰
정상공고,LDH0832,1,37851,***,(정비) 지퍼백밀봉형등146종 구매,2022,LDH,육군종합정비창,제한경쟁,총액제,적격심사제,202209211300,20220921,낙찰
긴급공고,LGI0119,1,38288,001,'22년 국군의날 경축특식 훈제닭다리 구매,2022,LGI,제3군수지원여단,제한경쟁,단가제,적격심사제,202209211030,20220921,낙찰
정상공고,MDD0115,1,36885,***,22년 3-14차 의무비품 구매,2022,MDD,국군수도병원,제한경쟁,총액제,적격심사제,202209211100,20220921,낙찰
긴급공고,MHD0081,1,36025,***,2022년도 방위사업청 대국민 인지도조사,2022,MHD,방위사업청(운영지원과),협상에의한계약(전자),총액제,최저가격제,202209211400,20220921,낙찰
재공고,SCF0334,2,34769,***,디젤감시장치 회로카드조립체 등 8종 구매,2022,SCF,해군군수사령부,제한경쟁,총액제,적격심사제,202209211030,20220921,낙찰
재공고,SCF0497,2,35231,***,"(긴급)고무판, 고화식 등 3종",2022,SCF,해군군수사령부,수의계약,총액제,적격심사제,202209211230,20220921,유찰
재공고,SCF0338,2,35413,***,해군 특전 전투복 상의 등 4종 제조,2022,SCF,해군군수사령부,제한경쟁,총액제,적격심사제,202209211030,20220921,순위확정
긴급공고,SCF0346,1,35674,***,대테러용 방탄복 30EA 제조,2022,SCF,해군군수사령부,제한경쟁,총액제,적격심사제,202209211030,20220921,낙찰
긴급공고,SCF0523,1,35827,***,(긴급) 개스킷 등 51종 구매,2022,SCF,해군군수사령부,제한경쟁,총액제,적격심사제,202209211030,20220921,낙찰
긴급공고,SCF0347,1,36043,***,"링크, 분리 가능형 2인치 75EA 제조",2022,SCF,해군군수사령부,제한경쟁,총액제,적격심사제,202209211030,20220921,낙찰
긴급공고,SCF0525,1,36817,***,(긴급)고정자 등 4종,2022,SCF,해군군수사령부,제한경쟁,총액제,적격심사제,202209211230,20220921,낙찰
긴급공고,SCF0524,1,36983,***,"(긴급) 등,경보용 등 5종 구매",2022,SCF,해군군수사령부,제한경쟁,총액제,적격심사제,202209211030,20220921,낙찰
정상공고,UMM0581,1,33145,***,22-해-대형차량리프트(브릿지형) 구매,2022,UMM,국군재정관리단,일반경쟁,총액제,적격심사제,202209211100,20220921,낙찰
정상공고,UMM0565,1,33734,***,(226339-F)UPS 배터리 교체사업,2022,UMM,국군재정관리단,일반경쟁,총액제,적격심사제,202209211100,20220921,낙찰
정상공고,UMM0562,1,34199,***,(226345-B) 병영식당 조리기구 및 식기류 제조,2022,UMM,국군재정관리단,수의계약,총액제,적격심사제,202209211100,20220921,유찰
정상공고,UMM0582,1,35212,***,22-공-체력단련장 농약 추가구매,2022,UMM,국군재정관리단,제한경쟁,총액제,적격심사제,202209211100,20220921,낙찰
정상공고,UMM0563,1,37708,***,(226285-B) 22-1차 교수부 교육장비 구매,2022,UMM,국군재정관리단,일반경쟁,총액제,적격심사제,202209211100,20220921,유찰
정상공고,EBB0414,1,9410A,***,지뢰탐지기 부품(구매),2022,EBB,지상공통전력운영계약팀,일반경쟁,총액제,적격심사제,202209201100,20220920,낙찰
정상공고,EHF0171,1,2812,***,22년 비호 레이다 수리부속(구매),2022,EHF,미래전력사업전력운영계약팀,일반경쟁,총액제,적격심사제,202209201100,20220920,순위확정
정상공고,ELA0034,1,6144,001,침투성 보호의,2022,ELA,화력총괄계약팀,수의계약,단가제,최저가격제,202209201530,20220920,유찰
정상공고,ELA0034,1,6144,002,침투성 보호의,2022,ELA,화력총괄계약팀,수의계약,단가제,최저가격제,202209201530,20220920,유찰
정상공고,ELA0034,1,6144,003,침투성 보호의,2022,ELA,화력총괄계약팀,수의계약,단가제,최저가격제,202209201530,20220920,유찰
정상공고,ELA0034,1,6144,004,침투성 보호의,2022,ELA,화력총괄계약팀,수의계약,단가제,최저가격제,202209201530,20220920,유찰
정상공고,ELA0034,1,6144,005,침투성 보호의,2022,ELA,화력총괄계약팀,수의계약,단가제,최저가격제,202209201530,20220920,유찰
정상공고,ELA0034,1,6144,006,침투성 보호의,2022,ELA,화력총괄계약팀,수의계약,단가제,최저가격제,202209201530,20220920,유찰
정상공고,ELA0034,1,6144,007,침투성 보호의,2022,ELA,화력총괄계약팀,수의계약,단가제,최저가격제,202209201530,20220920,유찰
정상공고,ELA0034,1,6144,008,침투성 보호의,2022,ELA,화력총괄계약팀,수의계약,단가제,최저가격제,202209201530,20220920,유찰
긴급공고,ERA0007,1,3004,***,TICN 10톤 리프트,2022,ERA,우주지휘통신총괄계약팀,일반경쟁,총액제,적격심사제,202209201400,20220920,낙찰
긴급공고,HCC0095,1,38104,***,"임펠러, 펌프용, 원심식 구매(168)",2022,HCC,해군제1수리창,제한경쟁,총액제,적격심사제,202209201030,20220920,낙찰
긴급공고,HCC0096,1,38106,***,와셔 등 6종 구매(170),2022,HCC,해군제1수리창,제한경쟁,총액제,적격심사제,202209201030,20220920,낙찰
정정공고,HCG0040,4,31466,***,제7대 공군총장 장성환 장군 편찬 용역,2022,HCG,공군본부,수의계약,총액제,최저가격제,202209201100,20220920,유찰
정정공고,LCF0020,4,32998,***,플런저 등 11항목 제조(생산능력 특무),2022,LCF,육군군수사령부,수의계약,총액제,적격심사제,202209201030,20220920,유찰
재공고,LCF0492,2,36285,***,"플러그,파이프용 등 11항목 구매(기장)",2022,LCF,육군군수사령부,제한경쟁,총액제,적격심사제,202209201030,20220920,순위확정
재공고,LCF0154,2,37433,***,22-충-육-42B 혼합골재,2022,LCF,육군군수사령부,제한경쟁,총액제,적격심사제,202209201100,20220920,낙찰
긴급공고,LCM0060,1,37366,***,'22년 10~12월 부대계약 부식 구매(일반품목),2022,LCM,육군교육사령부,일반경쟁,총액제,적격심사제,202209201030,20220920,낙찰
긴급공고,LGP0190,1,35150,001,'22-3차 식자재 다수품목 단가계약(경기서부),2022,LGP,제1군수지원사령부,2단계경쟁(동시),단가제,최저가격제,202209201100,20220920,낙찰
긴급공고,LGP0191,1,35155,001,'22-3차 식자재 다수품목 단가계약(경기남부),2022,LGP,제1군수지원사령부,2단계경쟁(동시),단가제,최저가격제,202209201100,20220920,낙찰
긴급공고,LGP0192,1,35157,001,'22-3차 식자재 다수품목 단가계약(경기북부),2022,LGP,제1군수지원사령부,2단계경쟁(동시),단가제,최저가격제,202209201100,20220920,낙찰
긴급공고,LGP0193,1,35158,001,'22-3차 식자재 다수품목 단가계약(강원서부),2022,LGP,제1군수지원사령부,2단계경쟁(동시),단가제,최저가격제,202209201100,20220920,낙찰
긴급공고,LGP0194,1,35161,001,'22-3차 식자재 다수품목 단가계약(강원동부),2022,LGP,제1군수지원사령부,2단계경쟁(동시),단가제,최저가격제,202209201100,20220920,낙찰
재공고,LGP0200,2,37399,001,22년 국군의날 경축특식 냉동슈 제조,2022,LGP,제1군수지원사령부,일반경쟁,단가제,적격심사제,202209201100,20220920,유찰
재공고,LGP0201,2,37400,001,22년 국군의날 경축특식 음료 구매,2022,LGP,제1군수지원사령부,제한경쟁,단가제,적격심사제,202209201100,20220920,유찰
긴급공고,LGP0203,1,37953,***,22년 내진성능평가 검증용역(1공구),2022,LGP,제1군수지원사령부,제한경쟁,총액제,적격심사제,202209201100,20220920,유찰
긴급공고,LGP0204,1,37956,***,22년 내진성능평가 검증용역(2공구),2022,LGP,제1군수지원사령부,제한경쟁,총액제,적격심사제,202209201100,20220920,낙찰
긴급공고,LGP0205,1,37963,***,22년 내진성능평가 검증용역(3공구),2022,LGP,제1군수지원사령부,제한경쟁,총액제,적격심사제,202209201100,20220920,낙찰
긴급공고,LHG0042,1,37211,001,10월 부대계약 식자재 납품,2022,LHG,제1862부대,2단계경쟁(동시),단가제,최저가격제,202209201000,20220920,유찰
재공고,LMP0061,2,37425,001,3차 10·11·12월 부대조달 식자재(중기간)-장유류,2022,LMP,제3보병사단,제한경쟁,단가제,적격심사제,202209201100,20220920,유찰
정상공고,MCD0034,1,36841,***,기술인력육성 보조사업자 운영성과 평가 및 연구,2022,MCD,국방부(운영지원과),협상에의한계약(전자),총액제,최저가격제,202209201030,20220920,낙찰
정정공고,MDD0108,4,34967,***,22년 3-11차 의무비품 구매,2022,MDD,국군수도병원,수의계약,총액제,적격심사제,202209201100,20220920,유찰
재공고,SCF0095,4,31640,***,손원일급 잠수함 전투체계 수명주기지원 정비,2022,SCF,해군군수사령부,수의계약,총액제,적격심사제,202209201030,20220920,유찰
긴급공고,SCF0519,1,35573,***,"(긴급)벨트, 평면형 등 15종",2022,SCF,해군군수사령부,제한경쟁,총액제,적격심사제,202209201030,20220920,낙찰
긴급공고,SCF0520,1,35581,***,"(긴급)튜브조립체, 금속제 등 6종",2022,SCF,해군군수사령부,제한경쟁,총액제,적격심사제,202209201030,20220920,낙찰
긴급공고,SCF0521,1,35710,***,"(긴급)조정기세트, 전압용 1종",2022,SCF,해군군수사령부,제한경쟁,총액제,적격심사제,202209201030,20220920,낙찰
긴급공고,SCF0522,1,35798,***,"(긴급)베어링, 볼형, 벨 크랭크용 등 12종",2022,SCF,해군군수사령부,제한경쟁,총액제,적격심사제,202209201030,20220920,낙찰
긴급공고,SCF0518,1,36800,***,"(긴급)밸브, 게이트형 등 12종",2022,SCF,해군군수사령부,제한경쟁,총액제,적격심사제,202209201030,20220920,낙찰
정상공고,SCG0094,1,33797,***,22-성폭력 예방 교육 영상 제작,2022,SCG,해군본부,2단계경쟁(동시),총액제,최저가격제,202209201000,20220920,낙찰
재공고,UMM0577,2,33813,***,22-해-0함대 화재수신기 제조,2022,UMM,국군재정관리단,제한경쟁,총액제,적격심사제,202209201100,20220920,낙찰
긴급공고,UMM0564,1,34535,***,(22F166-A) 00부대 2차 제초용역,2022,UMM,국군재정관리단,제한경쟁,총액제,적격심사제,202209201100,20220920,낙찰
긴급공고,UMM0566,1,34749,***,(22F163-A) 수료신병 수송용역,2022,UMM,국군재정관리단,제한경쟁,총액제,적격심사제,202209201100,20220920,유찰
재공고,EHF0151,2,2702C,***,22년 모터용 증폭기(구매),2022,EHF,미래전력사업전력운영계약팀,수의계약,총액제,적격심사제,202209191100,20220919,순위확정
재공고,LDH0796,2,36863,***,(자재) 락카스프레이 연밤색 등 18종 구매,2022,LDH,육군종합정비창,수의계약,총액제,적격심사제,202209191300,20220919,순위확정
정상공고,LDH0800,1,37361,***,K21 발사관 1종 구매,2022,LDH,육군종합정비창,제한경쟁,총액제,적격심사제,202209191300,20220919,유찰
정상공고,LDH0801,1,37378,***,K21 회로카드조립체 1종 구매,2022,LDH,육군종합정비창,제한경쟁,총액제,적격심사제,202209191300,20220919,낙찰
정상공고,LDH0804,1,37383,***,K9자주포 고정구 구매,2022,LDH,육군종합정비창,제한경쟁,총액제,적격심사제,202209191300,20220919,낙찰
정상공고,LDH0806,1,37385,***,K9자주포 완충기 구매,2022,LDH,육군종합정비창,제한경쟁,총액제,적격심사제,202209191300,20220919,낙찰
정상공고,LDH0808,1,37387,***,K200 부품키트 등 15종 구매,2022,LDH,육군종합정비창,수의계약,총액제,적격심사제,202209191300,20220919,유찰
정상공고,LDH0809,1,37420,***,다기관용 시험장비 외주정비 용역,2022,LDH,육군종합정비창,제한경쟁,총액제,적격심사제,202209191300,20220919,낙찰
재공고,SCF0329,2,32708,***,압력센서조립체 5EA 구매,2022,SCF,해군군수사령부,수의계약,총액제,적격심사제,202209191030,20220919,순위확정
긴급공고,UAZ0021,1,38247,***,22-2 합동대 국내현장학습 용역,2022,UAZ,합동군사대학교,일반경쟁,총액제,적격심사제,202209191100,20220919,유찰
정상공고,UMM0561,1,33480,***,(226338-E) 22-2차 체력단련장 관리장비 통합구매,2022,UMM,국군재정관리단,제한경쟁,총액제,적격심사제,202209191100,20220919,낙찰
정상공고,UMM0559,1,34343,***,(226349-F)인쇄재료 45종 구매,2022,UMM,국군재정관리단,제한경쟁,총액제,적격심사제,202209191100,20220919,낙찰
정상공고,ELA0035,1,1050,***,안테나조립체(AS-992K)(대포병탐지레이더-Ⅱ용),2022,ELA,화력총괄계약팀,수의계약,총액제,적격심사제,202209161500,20220916,유찰
정상공고,EMA0008,1,7222,***,"울산급 Batch-III 후속함(3, 4번함) 건조",2022,EMA,함정총괄계약팀,지명경쟁,총액제,적격심사제,202209161130,20220916,낙찰
정상공고,LCF0029,1,32996,***,케이블조립체무선 주파수용(W112)등22항목제조(특무),2022,LCF,육군군수사령부,제한경쟁,총액제,적격심사제,202209161030,20220916,순위확정
정상공고,LCF0028,1,33003,***,전원공급기조립체(입력전원 조립체)등3항목제조(특무),2022,LCF,육군군수사령부,제한경쟁,총액제,적격심사제,202209161030,20220916,낙찰
정상공고,LCF0031,1,33006,***,"보안경,광학기구용 등 21항목 구매(특무)",2022,LCF,육군군수사령부,제한경쟁,총액제,적격심사제,202209161030,20220916,순위확정
정상공고,LCF0030,1,34233,***,"지지대,디스플레이 유닛 등 41항목 구매(특무)",2022,LCF,육군군수사령부,제한경쟁,총액제,적격심사제,202209161030,20220916,순위확정
정상공고,LDH0810,1,37603,***,K55자주포 나사 등 40종 구매,2022,LDH,육군종합정비창,제한경쟁,총액제,적격심사제,202209161300,20220916,순위확정
정상공고,LDH0812,1,37605,***,K55자주포 개스킷 등 9종 구매,2022,LDH,육군종합정비창,제한경쟁,총액제,적격심사제,202209161300,20220916,낙찰
정상공고,LDH0813,1,37606,***,K55자주포 베어링 등 7종 구매,2022,LDH,육군종합정비창,제한경쟁,총액제,적격심사제,202209161300,20220916,낙찰
정상공고,LDH0816,1,37609,***,K55자주포 호스 등 17종 구매,2022,LDH,육군종합정비창,수의계약,총액제,적격심사제,202209161300,20220916,유찰
정상공고,LDH0822,1,37615,***,K77지휘차 감지기 구매,2022,LDH,육군종합정비창,제한경쟁,총액제,적격심사제,202209161300,20220916,유찰
정상공고,LDH0823,1,37616,***,K1전차 집적회로 구매,2022,LDH,육군종합정비창,제한경쟁,총액제,적격심사제,202209161300,20220916,낙찰
정상공고,LDH0824,1,37617,***,K1전차 베어링 등 5종 구매,2022,LDH,육군종합정비창,제한경쟁,총액제,적격심사제,202209161300,20220916,낙찰
정상공고,LGD0012,1,37359,***,00아파트 승강기 로프 설치 납품,2022,LGD,육군종합행정학교,제한경쟁,총액제,적격심사제,202209161100,20220916,낙찰
긴급공고,LHG0056,1,37595,***,10월 부대조달 식자재 납품(어육가공품),2022,LHG,제1862부대,제한경쟁,총액제,적격심사제,202209161030,20220916,낙찰
정상공고,LKG0056,1,37312,***,[부산광역시] 개인천막 구매 계약,2022,LKG,육군제53보병사단,제한경쟁,총액제,적격심사제,202209161030,20220916,낙찰
정상공고,MCD0033,1,36988,***,한미동맹 70주년 기념 화보집 디자인 제작 용역,2022,MCD,국방부(운영지원과),수의계약,총액제,최저가격제,202209161030,20220916,유찰
정상공고,MDD0114,1,36456,***,2022년 국군외상센터 외벽청소 용역계약,2022,MDD,국군수도병원,제한경쟁,총액제,적격심사제,202209161700,20220916,유찰
정상공고,MDD0112,1,36472,***,2022 후반기 치과장비운영소모품 20품목 구매계약,2022,MDD,국군수도병원,제한경쟁,총액제,적격심사제,202209161700,20220916,낙찰
정상공고,MDD0111,1,36477,***,2022 장비운영소모품(154차) 구매계약,2022,MDD,국군수도병원,수의계약,총액제,적격심사제,202209161700,20220916,유찰
정정공고,MDG0028,2,37491,***,22-12차 연구장비 구매 계약 - 초저온냉동고,2022,MDG,국군의무사령부,제한경쟁,총액제,적격심사제,202209161600,20220916,낙찰
정상공고,MHD0072,1,32977,***,미래형 성과기반 군수지원 적용방안 연구,2022,MHD,방위사업청(운영지원과),협상에의한계약(전자),총액제,최저가격제,202209161400,20220916,낙찰
정상공고,UMM0558,1,33932,***,(226263-B) 교육종합정보 시스템 교체사업(리스물건),2022,UMM,국군재정관리단,일반경쟁,총액제,적격심사제,202209161100,20220916,낙찰
정상공고,UMM0560,1,34234,***,(226313-B) 지리공간정보 교육시스템 구매,2022,UMM,국군재정관리단,제한경쟁,총액제,적격심사제,202209161100,20220916,낙찰
정상공고,UMM0579,1,37114,***,22-해-기지경계용 드론 제조 및 모니터링체계 구축,2022,UMM,국군재정관리단,일반경쟁,총액제,적격심사제,202209161100,20220916,낙찰
정상공고,UMM0580,1,37592,***,22-해병-출입통제체계 교체 사업(리스물건)(228129-F),2022,UMM,국군재정관리단,일반경쟁,총액제,적격심사제,202209161100,20220916,낙찰
정상공고,EWA0009,1,1201,***,장보고-III Batch-I 전력화지원요소 계류지원정 건조,2022,EWA,한국형잠수함총괄계약팀,일반경쟁,총액제,적격심사제,202209151500,20220915,유찰
긴급공고,HCC0092,1,37394,***,"전원 공급장치 등 33종 구매(161,169)",2022,HCC,해군제1수리창,제한경쟁,총액제,적격심사제,202209151030,20220915,낙찰
긴급공고,HCC0093,1,37395,***,6단 히터스위치 등 12종 구매(163),2022,HCC,해군제1수리창,제한경쟁,총액제,적격심사제,202209151030,20220915,낙찰
정정공고,HCC0094,2,37396,***,"전극, 용접용 등 8종 구매(166)",2022,HCC,해군제1수리창,제한경쟁,총액제,적격심사제,202209151030,20220915,낙찰
정상공고,HCG0048,1,34673,***,인공기상조절 연구용역,2022,HCG,공군본부,수의계약,총액제,최저가격제,202209151100,20220915,유찰
정상공고,LCF0024,1,32999,***,탄약장진기 등 1항목 제조(생산능력 특무),2022,LCF,육군군수사령부,수의계약,총액제,적격심사제,202209151030,20220915,유찰
정상공고,LCF0026,1,33001,***,"필터,무선주파수 혼신용 등 19항목 일반제조(특무)",2022,LCF,육군군수사령부,제한경쟁,총액제,적격심사제,202209151030,20220915,낙찰
정상공고,LCF0498,1,33587,***,"엘보, 파이프용 등 46항목 구매(궤도)",2022,LCF,육군군수사령부,제한경쟁,총액제,적격심사제,202209151030,20220915,낙찰
정상공고,LCF0499,1,33588,***,"컵, 테이퍼형 롤러 베어링용 등 9항목 구매(궤도)",2022,LCF,육군군수사령부,제한경쟁,총액제,적격심사제,202209151030,20220915,유찰
정상공고,LCF0500,1,33590,***,"판,압력용,회전펌프용 등 6항목 제조(생산능력,궤도)",2022,LCF,육군군수사령부,수의계약,총액제,적격심사제,202209151030,20220915,유찰
정상공고,LCF0497,1,33596,***,"스페이서, 슬리브형 등 5항목 제조(궤도)",2022,LCF,육군군수사령부,제한경쟁,총액제,적격심사제,202209151030,20220915,유찰
재공고,LCF0487,2,35164,***,K55A1자주포 전시통제기 정비,2022,LCF,육군군수사령부,수의계약,총액제,적격심사제,202209151030,20220915,유찰
정상공고,LCF0495,1,36721,***,고무밴드 조립체 등 1항목 제조(기장),2022,LCF,육군군수사령부,수의계약,총액제,적격심사제,202209151030,20220915,유찰
정상공고,LCF0496,1,37216,***,"퓨즈, 밀폐관형 등 12항목 구매(기장)",2022,LCF,육군군수사령부,제한경쟁,총액제,적격심사제,202209151030,20220915,순위확정
긴급공고,LFH0012,1,34881,***,"00부대 간부급식(간부,충사식당) 민간위탁 용역",2022,LFH,육군부사관학교,협상에의한계약(서류),총액제,최저가격제,202209151100,20220915,낙찰
긴급공고,LHG0053,1,37298,***,10월 부대조달 식자재 납품(장류-간장),2022,LHG,제1862부대,제한경쟁,총액제,적격심사제,202209151030,20220915,유찰
긴급공고,LHG0054,1,37300,***,10월 부대조달 식자재 납품(장류-고추장),2022,LHG,제1862부대,제한경쟁,총액제,적격심사제,202209151030,20220915,낙찰
긴급공고,LNR0019,1,37481,001,22-3차 식재료 구매(3개월 분),2022,LNR,수도기계화보병사단,일반경쟁,단가제,적격심사제,202209151100,20220915,낙찰
정상공고,MFL0022,1,37148,***,00부대 전략환경영향평가용역,2022,MFL,합동참모본부,일반경쟁,총액제,적격심사제,202209151030,20220915,낙찰
정상공고,MFL0021,1,37166,***,00부대 재해영향평가용역,2022,MFL,합동참모본부,일반경쟁,총액제,적격심사제,202209151030,20220915,낙찰
긴급공고,MHD0078,1,35321,***,첨단기술을 적용한 안티드론 체계의 전력화 방안 연구,2022,MHD,방위사업청(운영지원과),협상에의한계약(전자),총액제,최저가격제,202209151400,20220915,낙찰
긴급공고,SCF0344,1,35800,***,전원분배장치 2EA 구매,2022,SCF,해군군수사령부,제한경쟁,총액제,적격심사제,202209151030,20220915,순위확정
긴급공고,SCF0345,1,35809,***,로프와이어제 등 6종 구매,2022,SCF,해군군수사령부,제한경쟁,총액제,적격심사제,202209151030,20220915,낙찰
정정공고,SFC0098,3,34884,***,체력단련장 식자재(가지 등 174품목) 구매,2022,SFC,제9691부대,수의계약,총액제,적격심사제,202209151100,20220915,유찰
긴급공고,UAZ0018,1,37138,***,22-합동대 국내현장학습 용역,2022,UAZ,합동군사대학교,일반경쟁,총액제,적격심사제,202209151100,20220915,유찰
정상공고,UMM0557,1,31696,***,(227244-C) 디지털 포렌신 장비 구매,2022,UMM,국군재정관리단,제한경쟁,총액제,적격심사제,202209151100,20220915,낙찰
정상공고,UMM0556,1,35227,***,"(226118-C) 들것,접는형,단단한막대식 등 구매",2022,UMM,국군재정관리단,제한경쟁,총액제,적격심사제,202209151100,20220915,낙찰
긴급공고,UMM0578,1,37560,***,22-해-통합정비고 크레인 제조,2022,UMM,국군재정관리단,제한경쟁,총액제,적격심사제,202209151100,20220915,낙찰
재공고,DSS0054,2,35452,***,군 OOOO 지원체계 구축 사업 용역,2022,DSS,국군제1068부대,수의계약,총액제,적격심사제,202209141030,20220914,유찰
정상공고,DSS0056,1,36907,***,00부대 마이크로필름장비 유지보수 용역,2022,DSS,국군제1068부대,일반경쟁,총액제,적격심사제,202209141030,20220914,낙찰
정상공고,EBB0411,1,4956A,***,2022 화학탐지장비세트(K-CAM2) 수리부속(일반),2022,EBB,지상공통전력운영계약팀,일반경쟁,총액제,적격심사제,202209141500,20220914,낙찰
정상공고,EBB0412,1,4956B,***,2022 화학탐지장비세트(K-CAM2) 수리부속(해외도입),2022,EBB,지상공통전력운영계약팀,일반경쟁,총액제,적격심사제,202209141100,20220914,낙찰
정상공고,HCG0050,1,37140,***,[공군군악의장대대] 2022년 군악기 구매,2022,HCG,공군본부,제한경쟁,총액제,적격심사제,202209141030,20220914,낙찰
재공고,LCF0481,2,34065,***,"발전기,교류식 등 1항목 구매(기장)",2022,LCF,육군군수사령부,제한경쟁,총액제,적격심사제,202209141030,20220914,순위확정
정상공고,LCF0494,1,36087,***,"연결기,브레이크용 등 22항목 구매(기장)",2022,LCF,육군군수사령부,제한경쟁,총액제,적격심사제,202209141030,20220914,순위확정
재공고,LCF0489,3,36088,***,"링,측면용 등 11항목 제조(생산능력, 기장)",2022,LCF,육군군수사령부,수의계약,총액제,적격심사제,202209141030,20220914,유찰
재공고,LCF0491,2,36282,***,"핀,차량 겹판 스프링 등 46항목 제조(생산능력, 기장)",2022,LCF,육군군수사령부,수의계약,총액제,적격심사제,202209141030,20220914,유찰
재공고,LCF0493,2,36287,***,"배선장치,갈래형 등 50항목 제조(생산능력, 기장)",2022,LCF,육군군수사령부,수의계약,총액제,적격심사제,202209141030,20220914,유찰
긴급공고,LCF0154,1,37433,***,22-충-육-42B 혼합골재,2022,LCF,육군군수사령부,제한경쟁,총액제,적격심사제,202209141100,20220914,유찰
긴급공고,LCM0059,1,37264,***,'22년 10~12월 부대계약 부식 제조구매(면류),2022,LCM,육군교육사령부,수의계약,총액제,적격심사제,202209141030,20220914,유찰
긴급공고,LFC0069,1,37265,***,경쟁계약 품목 구매 10~12월(타코야끼 등 34개품목),2022,LFC,육군훈련소,제한경쟁,총액제,적격심사제,202209141030,20220914,낙찰
긴급공고,LGP0201,1,37400,001,22년 국군의날 경축특식 음료 구매,2022,LGP,제1군수지원사령부,제한경쟁,단가제,적격심사제,202209141100,20220914,유찰
재공고,LKD0049,2,36641,***,22년 예비군 기동대 정예화 장비 제조/납품,2022,LKD,제32보병사단,수의계약,총액제,적격심사제,202209141100,20220914,유찰
긴급공고,LMP0061,1,37425,001,3차 10·11·12월 부대조달 식자재(중기간)-장유류,2022,LMP,제3보병사단,제한경쟁,단가제,적격심사제,202209141100,20220914,유찰
정상공고,LNF0032,1,37196,***,22년 10~12월 부대계약 식자재 납품,2022,LNF,제1보병사단,일반경쟁,총액제,적격심사제,202209141100,20220914,낙찰
정상공고,LNF0036,1,37200,***,22년 10~12월 부대계약 식자재 납품(장류),2022,LNF,제1보병사단,일반경쟁,총액제,적격심사제,202209141100,20220914,유찰
정상공고,LNG0063,1,36603,***,00부대 급유펌프 설치납품(대보수-107),2022,LNG,육군 제1군단,제한경쟁,총액제,적격심사제,202209141100,20220914,낙찰
긴급공고,LQG0094,1,37335,***,00부대 급수시설 보수공사 자재납품(온수탱크),2022,LQG,육군 52보병사단,제한경쟁,총액제,적격심사제,202209141100,20220914,유찰
재공고,MDG0176,2,35517,001,'22년 전남지역 LPG가스(난방·취사연료) 구매,2022,MDG,국군의무사령부,제한경쟁,단가제,적격심사제,202209141100,20220914,낙찰
정상공고,MDR0038,1,35430,***,기초잠수 착용물자 구매,2022,MDR,제9965부대,제한경쟁,총액제,적격심사제,202209141100,20220914,낙찰
긴급공고,SCF0102,1,31213,***,LPH 지휘지원체계(CSS) 유지보수 용역,2022,SCF,해군군수사령부,일반경쟁,총액제,적격심사제,202209141030,20220914,낙찰
긴급공고,SCF0341,1,35134,***,"테이프, 발광형 2,000EA 구매",2022,SCF,해군군수사령부,제한경쟁,총액제,적격심사제,202209141030,20220914,낙찰
긴급공고,SCF0343,1,35274,***,화이트보드 등 296종 구매,2022,SCF,해군군수사령부,제한경쟁,총액제,적격심사제,202209141030,20220914,낙찰
긴급공고,SCF0511,1,35387,***,"(긴급) 계전기,고체소자식 등 2종 구매",2022,SCF,해군군수사령부,제한경쟁,총액제,적격심사제,202209141030,20220914,낙찰
긴급공고,SCF0512,1,35388,***,(긴급) 구리양극조립체 등 4종 구매,2022,SCF,해군군수사령부,제한경쟁,총액제,적격심사제,202209141030,20220914,낙찰
긴급공고,SCF0515,1,35826,***,(긴급) 라바 블록 등 11종 구매,2022,SCF,해군군수사령부,제한경쟁,총액제,적격심사제,202209141030,20220914,낙찰
긴급공고,SCF0514,1,35828,***,"(긴급) 밸브,나비형 1종 구매",2022,SCF,해군군수사령부,제한경쟁,총액제,적격심사제,202209141030,20220914,낙찰
긴급공고,SCF0513,1,36122,***,"(긴급) 밸브,글로브형 1종 구매",2022,SCF,해군군수사령부,제한경쟁,총액제,적격심사제,202209141030,20220914,낙찰
재공고,SCF0100,2,36135,***,"PKMR-00호정 No.1,2 발전기 6,000시간 정비",2022,SCF,해군군수사령부,수의계약,총액제,적격심사제,202209141030,20220914,유찰
긴급공고,SCF0517,1,36772,***,"(긴급) T형관,튜브용 등 16종",2022,SCF,해군군수사령부,제한경쟁,총액제,적격심사제,202209141030,20220914,낙찰
긴급공고,SCF0516,1,36775,***,"(긴급)제재목,연재질,판자용 등 4종",2022,SCF,해군군수사령부,제한경쟁,총액제,적격심사제,202209141030,20220914,낙찰
긴급공고,SCF0230,1,36911,***,LA소갈비(냉동) 등 3종 구매,2022,SCF,해군군수사령부,제한경쟁,총액제,적격심사제,202209141030,20220914,낙찰
긴급공고,SCH0094,1,36286,***,수중감시카메라 납품설치,2022,SCH,해군작전사령부,제한경쟁,총액제,적격심사제,202209141030,20220914,낙찰
긴급공고,SCH0095,1,36295,***,가잠식 펌프 등 3종 구매,2022,SCH,해군작전사령부,일반경쟁,총액제,적격심사제,202209141030,20220914,낙찰
정정공고,UMM0574,2,28122,***,22-해-00아파트 싱크대 제조설치,2022,UMM,국군재정관리단,제한경쟁,총액제,적격심사제,202209141100,20220914,낙찰
재공고,UMM0522,2,33117,***,(226319-F)체력단련기구 제조설치,2022,UMM,국군재정관리단,제한경쟁,총액제,적격심사제,202209141100,20220914,낙찰
정정공고,UMM0551,2,33396,***,(226058-G)22년 수사정보시스템 서버 교체(리스물건),2022,UMM,국군재정관리단,일반경쟁,총액제,적격심사제,202209141100,20220914,낙찰
정상공고,UMM0577,1,33813,***,22-해-0함대 화재수신기 제조,2022,UMM,국군재정관리단,제한경쟁,총액제,적격심사제,202209141100,20220914,유찰
정상공고,UMM0554,1,37004,***,(226303-E) 22년 빔프로젝터 교체사업,2022,UMM,국군재정관리단,제한경쟁,총액제,적격심사제,202209141100,20220914,낙찰
정상공고,EHF0167,1,0412A,***,TA-512K부품(구매),2022,EHF,미래전력사업전력운영계약팀,일반경쟁,총액제,적격심사제,202209131100,20220913,낙찰
재공고,EM50001,2,4617,***,대형수송함 1번함 성능개량 체계개발,2022,EMA,함정총괄계약팀,협상에의한계약(서류),총액제,최저가격제,202209131400,20220913,낙찰
긴급공고,LCG0092,1,34129,***,무건리훈련장 갈등영향분석 용역,2022,LCG,육군본부,2단계경쟁(동시),총액제,최저가격제,202209131000,20220913,낙찰
재공고,LDH0756,2,35736,***,K1전차 핀 등 22종 구매,2022,LDH,육군종합정비창,제한경쟁,총액제,적격심사제,202209131300,20220913,낙찰
정상공고,LDH0791,1,36858,***,(자재) 안티겔링 등 22종 구매,2022,LDH,육군종합정비창,수의계약,총액제,적격심사제,202209131300,20220913,유찰
정상공고,LDH0792,1,36859,***,(자재) 포리빠데 등 36종 구매,2022,LDH,육군종합정비창,수의계약,총액제,적격심사제,202209131300,20220913,순위확정
정상공고,LDH0794,1,36861,***,(자재) 마봉강 등 59종 구매,2022,LDH,육군종합정비창,수의계약,총액제,적격심사제,202209131300,20220913,유찰
정상공고,LDH0796,1,36863,***,(자재) 락카스프레이 연밤색 등 18종 구매,2022,LDH,육군종합정비창,수의계약,총액제,적격심사제,202209131300,20220913,유찰
정상공고,LDH0797,1,36864,***,(일장) 교량가설단정 부력블록등 4종구매,2022,LDH,육군종합정비창,제한경쟁,총액제,적격심사제,202209131300,20220913,낙찰
정상공고,LDH0798,1,36899,***,22-13차 정비용 장비 부품 구매,2022,LDH,육군종합정비창,제한경쟁,총액제,적격심사제,202209131300,20220913,낙찰
정정공고,LPM0020,2,35869,***,차기다련장 8차 시설공사 통합배선 제조설치,2022,LPM,제9보병사단사령부,일반경쟁,총액제,적격심사제,202209131030,20220913,낙찰
긴급공고,MCR0035,1,34922,***,교육 발전방향 연구용역,2022,MCR,국방대학교,수의계약,총액제,최저가격제,202209131100,20220913,유찰
재공고,MON0006,3,31491,***,기본교재활용 및 개선방안 강구위한 의견수렴 용역,2022,MON,국방정신전력원,2단계경쟁(동시),총액제,최저가격제,202209131000,20220913,낙찰
긴급공고,SFC0100,1,35682,***,22-해병대 병영문화혁신 외부 연구용역,2022,SFC,제9691부대,2단계경쟁(동시),총액제,최저가격제,202209131100,20220913,낙찰
정상공고,UMM0553,1,32327,***,(226320-B) 지형분석장비 교체(리스물건),2022,UMM,국군재정관리단,일반경쟁,총액제,적격심사제,202209131100,20220913,낙찰
정상공고,UMM0552,1,33274,***,(226298-C) 주파수교란장비 제조,2022,UMM,국군재정관리단,일반경쟁,총액제,적격심사제,202209131100,20220913,낙찰
정상공고,UMM0575,1,33605,***,22-2차 정보화 운용재료 구매(2210060-F),2022,UMM,국군재정관리단,제한경쟁,총액제,적격심사제,202209131100,20220913,낙찰
정상공고,EBB0408,1,0918,***,PCC 프로펠러 외주정비,2022,EBB,지상공통전력운영계약팀,수의계약,총액제,적격심사제,202209081100,20220908,유찰
정상공고,EBB0409,1,4824,***,발전기400KW(함정용),2022,EBB,지상공통전력운영계약팀,일반경쟁,총액제,적격심사제,202209081100,20220908,낙찰
재공고,EBB0394,2,9107D,***,K2 전차 항법세트,2022,EBB,지상공통전력운영계약팀,일반경쟁,총액제,적격심사제,202209081100,20220908,유찰
정상공고,EHF0163,1,0500,***,소형 대공표적기(구매),2022,EHF,미래전력사업전력운영계약팀,제한경쟁,총액제,적격심사제,202209081100,20220908,낙찰
정상공고,EHF0165,1,8012,***,22년 천마 수리부속(축전기 등_구매),2022,EHF,미래전력사업전력운영계약팀,제한경쟁,총액제,적격심사제,202209081430,20220908,낙찰
정상공고,EHF0166,1,8021,***,22년 천마 수리부속(분배함),2022,EHF,미래전력사업전력운영계약팀,일반경쟁,총액제,적격심사제,202209081430,20220908,낙찰
재공고,ETA0005,2,5602,***,국지방공레이더 일반물자 부대정비 장비/공구(레이더),2022,ETA,감시전자총괄계약팀,제한경쟁,총액제,적격심사제,202209081430,20220908,낙찰
긴급공고,HCC0090,1,36834,***,고무팩킹 등 14종 구매(157),2022,HCC,해군제1수리창,제한경쟁,총액제,적격심사제,202209081030,20220908,낙찰
긴급공고,HCC0091,1,36836,***,"호이스트, 체인식 구매(160)",2022,HCC,해군제1수리창,제한경쟁,총액제,적격심사제,202209081030,20220908,낙찰
긴급공고,HCF0198,1,36217,***,스타터 등 33종 구매,2022,HCF,공군군수사령부,수의계약,총액제,적격심사제,202209081030,20220908,유찰
정상공고,LCF0021,1,36520,***,"계산척(3U,4U-5U,6M )등10항목 제조(생산능력 자주포)",2022,LCF,육군군수사령부,수의계약,총액제,적격심사제,202209081030,20220908,순위확정
재공고,LCG0087,2,31811,***,지상공중우주계층별 양자기술연구용역,2022,LCG,육군본부,수의계약,총액제,최저가격제,202209081000,20220908,유찰
긴급공고,LCG0089,1,33361,***,'22년 육군 안전문화 콘텐츠 제작 용역,2022,LCG,육군본부,수의계약,총액제,최저가격제,202209081000,20220908,유찰
긴급공고,LCM0057,1,36851,***,'22년 10~12월 부대계약 부식 제조구매(냉동빵),2022,LCM,육군교육사령부,수의계약,총액제,적격심사제,202209081030,20220908,유찰
재공고,LDG0059,2,34189,***,'22-2차 탄약폐기물(혼용재질) 위탁처리 용역,2022,LDG,육군 탄약지원사령부,일반경쟁,총액제,적격심사제,202209081030,20220908,낙찰
정상공고,LDH0789,1,36458,***,수리온 창정비요소개발 알루미늄시트패널 제조설치,2022,LDH,육군종합정비창,제한경쟁,총액제,적격심사제,202209081000,20220908,낙찰
긴급공고,LHP0043,1,35812,001,22-4차 부대계약 식자재 납품(다수품목 단가계약),2022,LHP,제22보병사단,2단계경쟁(동시),단가제,최저가격제,202209081100,20220908,낙찰
긴급공고,LKG0052,1,36784,***,'22년 10월 부대급식(일반품목),2022,LKG,육군제53보병사단,일반경쟁,총액제,적격심사제,202209081030,20220908,낙찰
긴급공고,LKG0053,1,36786,***,'22년 10월 부대급식(면류),2022,LKG,육군제53보병사단,수의계약,총액제,적격심사제,202209081030,20220908,유찰
긴급공고,SCF0340,1,33096,***,"섬유로프조립체, 단일구간용 제조",2022,SCF,해군군수사령부,수의계약,총액제,적격심사제,202209081030,20220908,순위확정
정상공고,UAC0024,1,35741,***,인쇄재료 65종 구매,2022,UAC,국방출판지원단,제한경쟁,총액제,적격심사제,202209081100,20220908,낙찰
정상공고,UMM0550,1,31093,***,(227321-C) 네트워크 위협분석시스템 구매(리스물건),2022,UMM,국군재정관리단,일반경쟁,총액제,적격심사제,202209081100,20220908,낙찰
긴급공고,UMM0480,1,31490,***,(226124-E) 폴리머 탄창 구매,2022,UMM,국군재정관리단,2단계경쟁(동시),총액제,최저가격제,202209081100,20220908,낙찰
정정공고,UMM0569,2,34074,***,22-해병-통합위협관리체계(UTM) 구축 사업(리스물건),2022,UMM,국군재정관리단,일반경쟁,총액제,적격심사제,202209081100,20220908,낙찰
긴급공고,UMM0576,1,35970,***,22~25년 식기세척기 임차 용역,2022,UMM,국군재정관리단,제한경쟁,총액제,적격심사제,202209081100,20220908,낙찰
정상공고,UMM0573,1,36333,***,22-해-백면걸레 1품목 구매,2022,UMM,국군재정관리단,제한경쟁,총액제,적격심사제,202209081100,20220908,낙찰
정상공고,EBB0406,1,6900A,***,장갑차수리부속류(구매),2022,EBB,지상공통전력운영계약팀,일반경쟁,총액제,적격심사제,202209071100,20220907,낙찰
재공고,EHF0154,2,2020B,***,상호통화기세트(VIC-7DK),2022,EHF,미래전력사업전력운영계약팀,수의계약,총액제,적격심사제,202209071100,20220907,유찰
정상공고,ETA0008,1,5604,***,국지방공레이더 일반물자 야전정비 장비/공구(레이더),2022,ETA,감시전자총괄계약팀,제한경쟁,총액제,적격심사제,202209071430,20220907,낙찰
긴급공고,HCC0089,1,36691,***,롤스크린 등 21종 구매(22-13),2022,HCC,해군제1수리창,제한경쟁,총액제,적격심사제,202209071030,20220907,낙찰
긴급공고,HCF0197,1,35794,***,조기경보(SPS-1000) 자동점검장비 유지보수,2022,HCF,공군군수사령부,제한경쟁,총액제,적격심사제,202209071030,20220907,낙찰
긴급공고,HCF0196,1,35802,***,비행시험 지상계측장비 유지보수,2022,HCF,공군군수사령부,제한경쟁,총액제,적격심사제,202209071030,20220907,낙찰
정정공고,LCF0020,2,32998,***,플런저 등 11항목 제조(생산능력 특무),2022,LCF,육군군수사령부,수의계약,총액제,적격심사제,202209071030,20220907,유찰
정정공고,LCF0488,2,33594,***,"방열기, 난방용 등 2항목 제조(궤도)",2022,LCF,육군군수사령부,제한경쟁,총액제,적격심사제,202209071030,20220907,낙찰
재공고,LCF0484,2,34633,***,"전지,축전식 등 8항목 제조(기장)",2022,LCF,육군군수사령부,수의계약,총액제,적격심사제,202209071030,20220907,순위확정
정상공고,LCF0491,1,36282,***,"핀,차량 겹판 스프링 등 46항목 제조(생산능력, 기장)",2022,LCF,육군군수사령부,수의계약,총액제,적격심사제,202209071030,20220907,유찰
정상공고,LCF0492,1,36285,***,"플러그,파이프용 등 11항목 구매(기장)",2022,LCF,육군군수사령부,제한경쟁,총액제,적격심사제,202209071030,20220907,유찰
정상공고,LCF0493,1,36287,***,"배선장치,갈래형 등 50항목 제조(생산능력, 기장)",2022,LCF,육군군수사령부,수의계약,총액제,적격심사제,202209071030,20220907,유찰
재공고,LDH0704,2,34191,***,통신장비 수리부속 트랜지스터 등 3종 구매,2022,LDH,육군종합정비창,수의계약,총액제,적격심사제,202209071000,20220907,유찰
재공고,LDH0738,2,35393,***,K200 베어링 2종 구매,2022,LDH,육군종합정비창,제한경쟁,총액제,적격심사제,202209071300,20220907,낙찰
정상공고,LDH0772,1,36146,***,수리온 창정비요소개발 통합배선 제조설치,2022,LDH,육군종합정비창,제한경쟁,총액제,적격심사제,202209071000,20220907,낙찰
정상공고,LDH0773,1,36253,***,발칸 패드 등 22종,2022,LDH,육군종합정비창,수의계약,총액제,적격심사제,202209071300,20220907,유찰
정상공고,LDH0781,1,36274,***,(일장) 장갑전투도자 개스킷등 14종구매,2022,LDH,육군종합정비창,수의계약,총액제,적격심사제,202209071300,20220907,유찰
긴급공고,LDH0790,1,36703,***,회로카드생산시스템(PCB) 구매,2022,LDH,육군종합정비창,일반경쟁,총액제,적격심사제,202209071300,20220907,낙찰
긴급공고,LFC0065,1,36626,***,00부대 건설폐기물 처리용역,2022,LFC,육군훈련소,제한경쟁,총액제,적격심사제,202209071030,20220907,낙찰
정상공고,MDD0110,1,35507,***,22년 3-12차 의무비품 제조 구매 (제작금속),2022,MDD,국군수도병원,제한경쟁,총액제,적격심사제,202209071600,20220907,낙찰
긴급공고,MFL0020,1,36782,***,'22년 합참 우수근무자 국내 연수,2022,MFL,합동참모본부,수의계약,총액제,최저가격제,202209071400,20220907,유찰
긴급공고,SCF0099,1,31999,***,L.y.n.x 항공기 레이더용 수신기 정비,2022,SCF,해군군수사령부,수의계약,총액제,적격심사제,202209071030,20220907,유찰
긴급공고,SCF0499,1,33658,***,"(긴급)너트, 평면형, 육각형 등 17종",2022,SCF,해군군수사령부,제한경쟁,총액제,적격심사제,202209071230,20220907,낙찰
긴급공고,SCF0500,1,33693,***,"(긴급)볼트, 기계용 등 2종",2022,SCF,해군군수사령부,제한경쟁,총액제,적격심사제,202209071230,20220907,낙찰
긴급공고,SCF0498,1,33702,***,"(긴급)튜브, 연장용, 배수용 등 6종",2022,SCF,해군군수사령부,제한경쟁,총액제,적격심사제,202209071230,20220907,낙찰
긴급공고,SCF0506,1,34122,***,"(긴급)연결봉, 피스톤용 등 8종",2022,SCF,해군군수사령부,제한경쟁,총액제,적격심사제,202209071030,20220907,낙찰
긴급공고,SCF0504,1,34876,***,(긴급) 오-링 등 27종,2022,SCF,해군군수사령부,제한경쟁,총액제,적격심사제,202209071030,20220907,낙찰
긴급공고,SCF0339,1,35136,***,투명지용 20RM 구매,2022,SCF,해군군수사령부,제한경쟁,총액제,적격심사제,202209071030,20220907,낙찰
긴급공고,SCF0508,1,35154,***,"(긴급)감지소자, 화재탐지장치용 1종",2022,SCF,해군군수사령부,제한경쟁,총액제,적격심사제,202209071030,20220907,낙찰
긴급공고,SCF0501,1,35170,***,(긴급)Any Casting Standard / Performance 1종,2022,SCF,해군군수사령부,제한경쟁,총액제,적격심사제,202209071230,20220907,낙찰
긴급공고,SCF0496,1,35171,***,"(긴급)금속제,첨가용 1종",2022,SCF,해군군수사령부,제한경쟁,총액제,적격심사제,202209071230,20220907,낙찰
긴급공고,SCF0497,1,35231,***,"(긴급)고무판, 고화식 등 3종",2022,SCF,해군군수사령부,수의계약,총액제,적격심사제,202209071230,20220907,유찰
긴급공고,SCF0510,1,35313,***,(긴급)씰 등 40종,2022,SCF,해군군수사령부,제한경쟁,총액제,적격심사제,202209071030,20220907,낙찰
긴급공고,SCF0507,1,35769,***,"(긴급)배터리, 충전기 1종",2022,SCF,해군군수사령부,제한경쟁,총액제,적격심사제,202209071030,20220907,낙찰
긴급공고,SCF0509,1,35825,***,(긴급) 프로펠러 1종 구매,2022,SCF,해군군수사령부,제한경쟁,총액제,적격심사제,202209071030,20220907,낙찰
긴급공고,SCF0100,1,36135,***,"PKMR-00호정 No.1,2 발전기 6,000시간 정비",2022,SCF,해군군수사령부,수의계약,총액제,적격심사제,202209071030,20220907,유찰
정상공고,SCG0093,1,35599,***,디지털 증거분석체계 라이센스 확보,2022,SCG,해군본부,제한경쟁,총액제,적격심사제,202209071100,20220907,낙찰
긴급공고,SCQ0120,1,36510,***,22-평 00도 선체 정비,2022,SCQ,제9911부대,제한경쟁,총액제,적격심사제,202209071030,20220907,낙찰
긴급공고,SFG0093,1,34623,***,22-K-예비군 도시락 구매,2022,SFG,제9181부대,수의계약,총액제,최저가격제,202209071030,20220907,유찰
정상공고,UMM0571,1,30559,***,22-해-권총 전술 조준경 구매,2022,UMM,국군재정관리단,제한경쟁,총액제,적격심사제,202209071100,20220907,낙찰
정상공고,UMM0549,1,33069,***,(226329-C) 디지털 평판 커팅기 구매,2022,UMM,국군재정관리단,제한경쟁,총액제,적격심사제,202209071100,20220907,유찰
정상공고,UMM0546,1,33409,***,(226341-B) 군사경찰 통신장비 5종 구매설치,2022,UMM,국군재정관리단,제한경쟁,총액제,적격심사제,202209071100,20220907,낙찰
정상공고,UMM0572,1,36289,***,22-해병-멀티전시체계 교체 사업(리스물건),2022,UMM,국군재정관리단,일반경쟁,총액제,적격심사제,202209071100,20220907,낙찰
재공고,EBB0374,3,2330,***,"기어조립체,감속기용(자주포류)",2022,EBB,지상공통전력운영계약팀,수의계약,총액제,적격심사제,202209061100,20220906,유찰
정상공고,EBB0405,1,4030,***,K계열 전차용 부품류(구매),2022,EBB,지상공통전력운영계약팀,일반경쟁,총액제,적격심사제,202209061400,20220906,낙찰
재공고,EHF0153,2,0470P,***,"22년 탐지기, 방향 및 풍속용(정비)",2022,EHF,미래전력사업전력운영계약팀,수의계약,총액제,적격심사제,202209061400,20220906,유찰
재공고,EHF0152,2,0530,***,'22년 안테나 조립체(정비),2022,EHF,미래전력사업전력운영계약팀,수의계약,총액제,적격심사제,202209061100,20220906,유찰
정상공고,EHF0159,1,1010B,***,22년 발칸 포가부 부품(제조),2022,EHF,미래전력사업전력운영계약팀,제한경쟁,총액제,적격심사제,202209061400,20220906,낙찰
재공고,EHF0141,2,2013A,***,송수화기(H-920K),2022,EHF,미래전력사업전력운영계약팀,수의계약,총액제,적격심사제,202209061100,20220906,유찰
재공고,ELA0028,3,1047B,***,"쉘터,비전개식(1 1/4톤, K105A1용)",2022,ELA,화력총괄계약팀,수의계약,총액제,적격심사제,202209061030,20220906,유찰
정상공고,ETA0007,1,5601,***,"국지방공레이더 일반물자(BII,소모성 보급품 및 물자)",2022,ETA,감시전자총괄계약팀,제한경쟁,총액제,적격심사제,202209061430,20220906,낙찰
긴급공고,HCC0086,1,36479,***,콤비렌치 등 465종 구매(153),2022,HCC,해군제1수리창,제한경쟁,총액제,적격심사제,202209061030,20220906,낙찰
긴급공고,HCC0087,1,36499,***,사이드 밀링커터 등 2종 구매(154),2022,HCC,해군제1수리창,제한경쟁,총액제,적격심사제,202209061030,20220906,낙찰
긴급공고,HCC0088,1,36504,***,"캘리퍼스, 내경 측미계용 구매(156)",2022,HCC,해군제1수리창,제한경쟁,총액제,적격심사제,202209061030,20220906,낙찰
긴급공고,HCF0020,1,35152,***,"조달-제작-11, 전기식 열처리용 노",2022,HCF,공군군수사령부,제한경쟁,총액제,적격심사제,202209061120,20220906,낙찰
긴급공고,HCF0195,1,35522,***,주유펌프 구매,2022,HCF,공군군수사령부,제한경쟁,총액제,적격심사제,202209061030,20220906,낙찰
긴급공고,HCF0019,1,35539,***,프레스 펀치용 동력식 장비 구매,2022,HCF,공군군수사령부,제한경쟁,총액제,적격심사제,202209061100,20220906,낙찰
긴급공고,HDC0022,1,34852,***,22-203 GPS 중계기 구매,2022,HDC,공군제1전투비행단,제한경쟁,총액제,적격심사제,202209061030,20220906,낙찰
긴급공고,HDP0058,1,36394,***,22-75-1 소음저감시설공사 관급자재 금속제 창호,2022,HDP,공군제19전투비행단,일반경쟁,총액제,적격심사제,202209061100,20220906,낙찰
긴급공고,HDP0059,1,36410,***,00전대 공병대대본부신축 통합배선 관급자재 제조설치,2022,HDP,공군제19전투비행단,일반경쟁,총액제,적격심사제,202209061100,20220906,낙찰
긴급공고,HDR0008,1,36263,***,22-방공관제사-56(광 전송장비),2022,HDR,공군방공관제사령부,제한경쟁,총액제,적격심사제,202209061100,20220906,낙찰
재공고,LCF0472,2,33262,***,"펌프,회전식 등 3항목 제조(생산능력, 기장)",2022,LCF,육군군수사령부,수의계약,총액제,적격심사제,202209061030,20220906,순위확정
재공고,LCM0049,2,35256,***,22년 Army TIGER 전투실험용 LiDAR 드론 임차,2022,LCM,육군교육사령부,수의계약,총액제,적격심사제,202209061030,20220906,유찰
긴급공고,LCM0055,1,36301,***,22년 학교교실 장비도입(교탁용 책상 제조 설치),2022,LCM,육군교육사령부,제한경쟁,총액제,적격심사제,202209061030,20220906,낙찰
재공고,LDH0732,2,35014,***,K9자주포 볼트 등 33종 구매,2022,LDH,육군종합정비창,제한경쟁,총액제,적격심사제,202209061300,20220906,낙찰
긴급공고,LKT0060,1,36514,***,'22년 육성지원물자 제조구매(표적지시기) 재공고,2022,LKT,제1989부대,수의계약,총액제,적격심사제,202209061030,20220906,유찰
긴급공고,LKT0058,1,36516,***,'22년 육성지원물자 제조구매(고성능확대경) 재공고,2022,LKT,제1989부대,수의계약,총액제,적격심사제,202209061030,20220906,유찰
정상공고,MDD0109,1,33824,***,22년 조달 의무장비(치과유니트) 구매계약,2022,MDD,국군수도병원,제한경쟁,총액제,적격심사제,202209061100,20220906,낙찰
재공고,MDS0020,2,34409,***,00체계 수리부속 구매(RF어댑터 등 4종),2022,MDS,제3707부대,제한경쟁,총액제,적격심사제,202209061030,20220906,낙찰
긴급공고,MHD0077,1,35100,***,방위사업 원가계산 외부용역(11차),2022,MHD,방위사업청(운영지원과),협상에의한계약(전자),총액제,최저가격제,202209061400,20220906,낙찰
긴급공고,NIT0014,1,34935,***,'22년 수사데이터 연관 분석시스템 구매,2022,NIT,국방부조사본부,제한경쟁,총액제,적격심사제,202209061030,20220906,낙찰
긴급공고,SCF0337,1,27331,***,에어컨가스 회수충전기 1EA 구매,2022,SCF,해군군수사령부,제한경쟁,총액제,적격심사제,202209061030,20220906,순위확정
재공고,SCF0451,2,31045,***,"(긴급) 접촉기,자석식 등 3종 구매",2022,SCF,해군군수사령부,제한경쟁,총액제,적격심사제,202209061030,20220906,유찰
재공고,SCF0453,2,31738,***,"(긴급) 밸브,글로브형 등 13종 구매",2022,SCF,해군군수사령부,제한경쟁,총액제,적격심사제,202209061030,20220906,유찰
긴급공고,SCF0098,1,34015,***,'22년 중요시설경계시스템 유지보수 용역,2022,SCF,해군군수사령부,일반경쟁,총액제,적격심사제,202209061030,20220906,낙찰
긴급공고,SCF0334,1,34769,***,디젤감시장치 회로카드조립체 등 8종 구매,2022,SCF,해군군수사령부,제한경쟁,총액제,적격심사제,202209061030,20220906,순위확정
긴급공고,SCF0333,1,34835,***,"펌프,냉각계통,엔진용 등 2종 구매",2022,SCF,해군군수사령부,일반경쟁,총액제,적격심사제,202209061030,20220906,낙찰
긴급공고,SCF0492,1,35094,***,"(긴급) 센서,주위온도용 등 12종 구매",2022,SCF,해군군수사령부,제한경쟁,총액제,적격심사제,202209061030,20220906,낙찰
긴급공고,SCF0494,1,35299,***,(긴급)필라멘트 울템용 카트리지 등 3종,2022,SCF,해군군수사령부,제한경쟁,총액제,적격심사제,202209061030,20220906,낙찰
긴급공고,SCF0493,1,35389,***,"(긴급) 부품키트,체크밸브용 등 3종 구매",2022,SCF,해군군수사령부,제한경쟁,총액제,적격심사제,202209061030,20220906,낙찰
긴급공고,SCF0336,1,35410,***,"닻, 선박용, 갈고리용(비자성체) 2EA 제조",2022,SCF,해군군수사령부,제한경쟁,총액제,적격심사제,202209061030,20220906,낙찰
긴급공고,SCF0338,1,35413,***,해군 특전 전투복 상의 등 4종 제조,2022,SCF,해군군수사령부,제한경쟁,총액제,적격심사제,202209061030,20220906,순위확정
긴급공고,SCF0487,1,35999,***,"(긴급)밸브, 글로브형 등 4종",2022,SCF,해군군수사령부,제한경쟁,총액제,적격심사제,202209061030,20220906,낙찰
긴급공고,SCF0488,1,36003,***,"(긴급)와셔, 잠금식 등 18종",2022,SCF,해군군수사령부,제한경쟁,총액제,적격심사제,202209061030,20220906,낙찰
긴급공고,SCF0489,1,36020,***,(긴급)잡용 수분제거기 등 5종,2022,SCF,해군군수사령부,제한경쟁,총액제,적격심사제,202209061030,20220906,유찰
긴급공고,SCF0490,1,36027,***,(긴급)오-링 등 25종,2022,SCF,해군군수사령부,제한경쟁,총액제,적격심사제,202209061030,20220906,낙찰
긴급공고,SCF0491,1,36034,***,"(긴급)압축기, 왕복식 1종",2022,SCF,해군군수사령부,제한경쟁,총액제,적격심사제,202209061030,20220906,낙찰
재공고,SCU0062,2,33019,***,스팸부대찌개 등 9종 구매,2022,SCU,해군 기동함대사령부,제한경쟁,총액제,적격심사제,202209061100,20220906,낙찰
긴급공고,SFM0081,1,35944,***,22-S-01 폐합성수지 처리 용역,2022,SFM,제3170부대,제한경쟁,총액제,적격심사제,202209061030,20220906,낙찰
정상공고,UAB0066,1,36417,***,체력단련장 코스관리장비 구매,2022,UAB,국군복지단,일반경쟁,총액제,적격심사제,202209061700,20220906,낙찰
긴급공고,UEK0004,1,36418,***,(22-44) 전차 폭음장치 제조,2022,UEK,제2기갑여단,제한경쟁,총액제,적격심사제,202209061030,20220906,낙찰
재공고,UMM0457,2,23225,***,(226160-C) 주파수 변환기 제조 설치,2022,UMM,국군재정관리단,제한경쟁,총액제,적격심사제,202209061100,20220906,낙찰
정상공고,UMM0544,1,30876,***,(226048-G)’22년 스마트러닝체계 교체사업,2022,UMM,국군재정관리단,일반경쟁,총액제,적격심사제,202209061100,20220906,낙찰
긴급공고,UMM0548,1,32905,***,(226327-F)22년 네트워크 통제실 구축사업(리스물건),2022,UMM,국군재정관리단,제한경쟁,총액제,적격심사제,202209061100,20220906,낙찰
긴급공고,UMM0547,1,33544,***,(227035-H)노후 네트워크 LAN 교체사업(리스물건),2022,UMM,국군재정관리단,일반경쟁,총액제,적격심사제,202209061100,20220906,낙찰
정상공고,UMM0570,1,35976,***,22-해병-해·강안 경계부대 전시체계 구축(리스물건),2022,UMM,국군재정관리단,일반경쟁,총액제,적격심사제,202209061100,20220906,낙찰
정상공고,EBB0403,1,6039,***,22년 개인화기 주야조준경(Ⅱ형) 부품류(구매),2022,EBB,지상공통전력운영계약팀,수의계약,총액제,적격심사제,202209051100,20220905,유찰
재공고,EL20001,2,8702,***,사단급대포병탐지레이더 체계개발,2022,ELA,화력총괄계약팀,협상에의한계약(서류),총액제,최저가격제,202209051100,20220905,낙찰
정상공고,EMA0007,1,8110,***,22-수상함예인정 건조,2022,EMA,함정총괄계약팀,일반경쟁,총액제,적격심사제,202209051500,20220905,낙찰
정정공고,HCG0043,3,31969,***,공군 지능형 스마트비행단 성과분석 및 발전방안 연구,2022,HCG,공군본부,수의계약,총액제,최저가격제,202209051100,20220905,유찰
정정공고,HCG0047,2,33065,***,2022 사천에어쇼 항공우주체험장 부스설치 용역,2022,HCG,공군본부,수의계약,총액제,최저가격제,202209051100,20220905,유찰
긴급공고,HCM0081,1,35924,***,병사식당 부식류(브런치 재료) 구매,2022,HCM,공군교육사령부,일반경쟁,총액제,적격심사제,202209051100,20220905,낙찰
정상공고,LDH0753,1,35729,***,K1전차 나사 등 22종 구매,2022,LDH,육군종합정비창,제한경쟁,총액제,적격심사제,202209051300,20220905,낙찰
정상공고,LDH0755,1,35733,***,K1전차 베어링 등 4종 구매,2022,LDH,육군종합정비창,제한경쟁,총액제,적격심사제,202209051300,20220905,낙찰
정상공고,LDH0756,1,35736,***,K1전차 핀 등 22종 구매,2022,LDH,육군종합정비창,제한경쟁,총액제,적격심사제,202209051300,20220905,유찰
정상공고,LDH0760,1,35749,***,발칸 클램프 등 16종 구매,2022,LDH,육군종합정비창,제한경쟁,총액제,적격심사제,202209051300,20220905,낙찰
정상공고,LDH0762,1,35752,***,발칸 오링 등 18종 구매,2022,LDH,육군종합정비창,수의계약,총액제,적격심사제,202209051300,20220905,유찰
정상공고,LDH0763,1,35757,***,발칸 어댑터카바 등 7종 구매,2022,LDH,육군종합정비창,제한경쟁,총액제,적격심사제,202209051300,20220905,낙찰
정상공고,LDH0764,1,35759,***,발칸 전압계 등 2종 구매,2022,LDH,육군종합정비창,수의계약,총액제,적격심사제,202209051300,20220905,유찰
정상공고,LDH0766,1,35763,***,총포 스프링 등 8종 구매,2022,LDH,육군종합정비창,수의계약,총액제,적격심사제,202209051300,20220905,유찰
정상공고,LDH0767,1,35767,***,총포 튜브조립체 등 2종 구매,2022,LDH,육군종합정비창,제한경쟁,총액제,적격심사제,202209051300,20220905,낙찰
정상공고,LDH0769,1,35775,***,(화공) 부식방지제1종 구매,2022,LDH,육군종합정비창,제한경쟁,총액제,적격심사제,202209051300,20220905,낙찰
정상공고,UMM0535,1,31331,***,(226270-F)사이버방호실관제전시체계구축(리스물건),2022,UMM,국군재정관리단,제한경쟁,총액제,적격심사제,202209051100,20220905,낙찰
정상공고,UMM0540,1,33852,***,(226336-B) 휴대용 음성통신 단말기 충전기 구매,2022,UMM,국군재정관리단,제한경쟁,총액제,적격심사제,202209051100,20220905,낙찰
정상공고,UMM0543,1,35753,***,(22G029-H)'22~23년 과학화경계시스템 유지보수 용역,2022,UMM,국군재정관리단,제한경쟁,총액제,적격심사제,202209051100,20220905,낙찰
정상공고,EBB0404,1,3030,***,60mm 박격포 부품류,2022,EBB,지상공통전력운영계약팀,수의계약,총액제,적격심사제,202209021400,20220902,유찰
정상공고,ETA0006,1,5603,***,국지방공레이더 일반물자 부대정비 장비/공구(차량부),2022,ETA,감시전자총괄계약팀,제한경쟁,총액제,적격심사제,202209021430,20220902,낙찰
정상공고,LDH0740,1,35509,***,부품제작자재 스프링 강선 SPS2 등 26종 구매,2022,LDH,육군종합정비창,수의계약,총액제,적격심사제,202209021300,20220902,유찰
정상공고,LDH0747,1,35614,***,(기동) 5톤차량 공기정화기등 2종구매,2022,LDH,육군종합정비창,수의계약,총액제,적격심사제,202209021300,20220902,유찰
정상공고,LQP0053,1,35636,***,'22년 네트워크통제실 전시체계 구축 (리스 사업),2022,LQP,제1891부대,제한경쟁,총액제,적격심사제,202209021030,20220902,낙찰
정정공고,MCD0031,3,32539,***,국방 안전사고 조사 표준 매뉴얼 마련을위한연구,2022,MCD,국방부(운영지원과),협상에의한계약(전자),총액제,최저가격제,202209021030,20220902,낙찰
정상공고,MDG0176,1,35517,001,'22년 전남지역 LPG가스(난방·취사연료) 구매,2022,MDG,국군의무사령부,제한경쟁,단가제,적격심사제,202209021100,20220902,유찰
긴급공고,MHD0075,1,33886,***,정책연구용역(화생방보호의-Ⅱ 제안서평가기준 마련),2022,MHD,방위사업청(운영지원과),협상에의한계약(전자),총액제,최저가격제,202209021500,20220902,낙찰
긴급공고,SCF0485,1,34844,***,"(긴급) 개폐기,스위치용 등 15종 구매",2022,SCF,해군군수사령부,제한경쟁,총액제,적격심사제,202209021030,20220902,낙찰
긴급공고,SCF0486,1,35092,***,(긴급) 디스크 드라이브 장치 등 5종 구매,2022,SCF,해군군수사령부,제한경쟁,총액제,적격심사제,202209021030,20220902,낙찰
긴급공고,SCF0484,1,35093,***,(긴급) 폐기온도센서 등 11종 구매,2022,SCF,해군군수사령부,제한경쟁,총액제,적격심사제,202209021030,20220902,낙찰
정상공고,UMM0567,1,30464,***,22-해병-무적감시체계 운영용품 구매,2022,UMM,국군재정관리단,제한경쟁,총액제,적격심사제,202209021100,20220902,낙찰
정상공고,UMM0540,1,31509,***,22-군 사격장 소음 영향도 조사 용역(22H103-H),2022,UMM,국군재정관리단,일반경쟁,총액제,적격심사제,202209021100,20220902,낙찰
정상공고,UMM0568,1,33513,***,옥토퍼스 등 3품목 구매,2022,UMM,국군재정관리단,제한경쟁,총액제,적격심사제,202209021100,20220902,낙찰
정상공고,UMM0536,1,33717,***,(226335-F)22년 후반기 근속30주년 기념휘장 제조납품,2022,UMM,국군재정관리단,제한경쟁,총액제,적격심사제,202209021100,20220902,낙찰
정상공고,UMM0538,1,35453,***,(226309-B) 학교교실 장비도입(PC등 제조설치),2022,UMM,국군재정관리단,제한경쟁,총액제,적격심사제,202209021100,20220902,낙찰
정상공고,EHF0154,1,2020B,***,상호통화기세트(VIC-7DK),2022,EHF,미래전력사업전력운영계약팀,수의계약,총액제,적격심사제,202209011100,20220901,유찰
재공고,EHF0135,2,2090B,***,군위성통신체계부품(구매),2022,EHF,미래전력사업전력운영계약팀,수의계약,총액제,적격심사제,202209011100,20220901,유찰
정상공고,EHF0157,1,2702,***,22년 비호체계 수리부속(구매),2022,EHF,미래전력사업전력운영계약팀,일반경쟁,총액제,적격심사제,202209011100,20220901,유찰
정상공고,EHF0155,1,2873,***,22년 비호 포체계 수리부속(구매),2022,EHF,미래전력사업전력운영계약팀,제한경쟁,총액제,적격심사제,202209011100,20220901,낙찰
재공고,EHF0144,2,9005J,***,22년 비호 주전원공급기 정비,2022,EHF,미래전력사업전력운영계약팀,수의계약,총액제,적격심사제,202209011100,20220901,순위확정
정상공고,ETA0005,1,5602,***,국지방공레이더 일반물자 부대정비 장비/공구(레이더),2022,ETA,감시전자총괄계약팀,제한경쟁,총액제,적격심사제,202209011430,20220901,유찰
긴급공고,HCC0084,1,35792,***,나사고정제 등 181종 구매(152),2022,HCC,해군제1수리창,제한경쟁,총액제,적격심사제,202209011030,20220901,낙찰
긴급공고,HCC0085,1,35799,***,자동전압조절기 등 8종 구매(164),2022,HCC,해군제1수리창,제한경쟁,총액제,적격심사제,202209011030,20220901,낙찰
긴급공고,HCF0194,1,35078,***,TA/FA-50 APU 덮개 4종 제조,2022,HCF,공군군수사령부,제한경쟁,총액제,적격심사제,202209011030,20220901,낙찰
긴급공고,HCF0193,1,35445,***,학군단 외투 제조,2022,HCF,공군군수사령부,제한경쟁,총액제,적격심사제,202209011030,20220901,낙찰
재공고,LCF0476,3,33284,***,"신호처리기조립체 등 4항목 제조(생산능력, 일장)",2022,LCF,육군군수사령부,수의계약,총액제,적격심사제,202209011530,20220901,유찰
정상공고,LCF0484,1,34633,***,"전지,축전식 등 8항목 제조(기장)",2022,LCF,육군군수사령부,수의계약,총액제,적격심사제,202209011030,20220901,유찰
정상공고,LDG0061,1,35323,***,탄약 포장재료 관리용 자재 구매,2022,LDG,육군 탄약지원사령부,제한경쟁,총액제,적격심사제,202209011030,20220901,낙찰
정상공고,LDH0738,1,35393,***,K200 베어링 2종 구매,2022,LDH,육군종합정비창,제한경쟁,총액제,적격심사제,202209011300,20220901,유찰
정정공고,MDD0108,2,34967,***,22년 3-11차 의무비품 구매,2022,MDD,국군수도병원,수의계약,총액제,적격심사제,202209011600,20220901,유찰
재공고,SCF0327,2,33786,001,저유황경유(도서) 등 3종 구매,2022,SCF,해군군수사령부,수의계약,단가제,적격심사제,202209011030,20220901,유찰
재공고,SCF0327,2,33786,002,저유황경유(도서) 등 3종 구매,2022,SCF,해군군수사령부,수의계약,단가제,적격심사제,202209011030,20220901,유찰
재공고,SCF0327,2,33786,003,저유황경유(도서) 등 3종 구매,2022,SCF,해군군수사령부,수의계약,단가제,적격심사제,202209011030,20220901,유찰
긴급공고,SCF0476,1,34719,***,"(긴급) 전원공급기, 무정전식 1종 구매",2022,SCF,해군군수사령부,제한경쟁,총액제,적격심사제,202209011030,20220901,낙찰
긴급공고,SCF0478,1,34720,***,(긴급) 유압 유니온 등 2종 구매,2022,SCF,해군군수사령부,제한경쟁,총액제,적격심사제,202209011030,20220901,낙찰
긴급공고,SCF0477,1,34721,***,"(긴급) 필터,정수용 등 3종 구매",2022,SCF,해군군수사령부,제한경쟁,총액제,적격심사제,202209011030,20220901,낙찰
정상공고,UMM0537,1,32093,***,(227034-H)브리핑시스템 구매,2022,UMM,국군재정관리단,제한경쟁,총액제,적격심사제,202209011100,20220901,낙찰
정상공고,UMM0565,1,32404,***,22-2차 한빛부대 재보급물자 수송관리 용역(22K033-H),2022,UMM,국군재정관리단,제한경쟁,총액제,적격심사제,202209011100,20220901,낙찰
정상공고,UMM0566,1,33268,***,22-공-00장비 대용량 저장매체 구매,2022,UMM,국군재정관리단,제한경쟁,총액제,적격심사제,202209011100,20220901,유찰
정상공고,DSS0054,1,35452,***,군 OOOO 지원체계 구축 사업 용역,2022,DSS,국군제1068부대,수의계약,총액제,적격심사제,202208311030,20220831,유찰
정상공고,EBB0401,1,0042,***,광학장비부품류(지명),2022,EBB,지상공통전력운영계약팀,수의계약,총액제,적격심사제,202208311100,20220831,유찰
재공고,EHF0128,2,0480P,***,"22년 증폭기, 무선 주파수용(정비)",2022,EHF,미래전력사업전력운영계약팀,수의계약,총액제,적격심사제,202208311100,20220831,순위확정
재공고,EKA0023,2,9670,***,"천막, 분대용",2022,EKA,기동총괄계약팀,수의계약,총액제,적격심사제,202208311030,20220831,유찰
정상공고,ERA0006,1,2400A,***,밴트럭(1¼톤 열상장비용 밴조립체),2022,ERA,우주지휘통신총괄계약팀,수의계약,총액제,적격심사제,202208311100,20220831,유찰
정상공고,HCG0044,1,32525,***,'22년 범죄사고예방 영상콘텐츠(MCPO 홍보) 제작용역,2022,HCG,공군본부,2단계경쟁(동시),총액제,최저가격제,202208311100,20220831,낙찰
정정공고,HDC0021,2,34807,***,22-용-77 2중펜스 및 기지외곽 2차 제초용역,2022,HDC,공군제1전투비행단,제한경쟁,총액제,적격심사제,202208311030,20220831,낙찰
정상공고,LCF0019,1,32906,***,"등, 표시기 등 2항목 구매(특무)",2022,LCF,육군군수사령부,제한경쟁,총액제,적격심사제,202208311030,20220831,낙찰
정상공고,LCF0018,1,32907,***,"변압기,전력용 등 6항목 구매(특무)",2022,LCF,육군군수사령부,제한경쟁,총액제,적격심사제,202208311030,20220831,낙찰
재공고,LCF0478,2,34152,***,"만곡부,차량지붕용 등 10항목 제조(생산능력, 기장)",2022,LCF,육군군수사령부,수의계약,총액제,적격심사제,202208311030,20220831,유찰
정정공고,LCF0479,3,34157,***,"헤드세트,음향용 등 6항목 제조(생산능력, 일장)",2022,LCF,육군군수사령부,수의계약,총액제,적격심사제,202208311030,20220831,유찰
정상공고,LDH0724,1,34971,***,K200 클램프 등 17종 구매,2022,LDH,육군종합정비창,제한경쟁,총액제,적격심사제,202208311300,20220831,낙찰
정상공고,LDH0726,1,34999,***,K9자주포 호스조립체등19종 구매,2022,LDH,육군종합정비창,제한경쟁,총액제,적격심사제,202208311300,20220831,유찰
정상공고,LDH0729,1,35006,***,K9자주포 엘보등7종 구매,2022,LDH,육군종합정비창,제한경쟁,총액제,적격심사제,202208311300,20220831,낙찰
정상공고,LDH0731,1,35011,***,K9자주포 부품키트등12종 구매,2022,LDH,육군종합정비창,제한경쟁,총액제,적격심사제,202208311300,20220831,유찰
정상공고,LDH0732,1,35014,***,K9자주포 볼트 등 33종 구매,2022,LDH,육군종합정비창,제한경쟁,총액제,적격심사제,202208311300,20220831,유찰
정상공고,LDH0733,1,35016,***,"K9자주포 링,봉합재용등35종 구매",2022,LDH,육군종합정비창,제한경쟁,총액제,적격심사제,202208311300,20220831,낙찰
정상공고,LDH0734,1,35031,***,K9자주포나사(5638)등32종구매,2022,LDH,육군종합정비창,수의계약,총액제,적격심사제,202208311300,20220831,유찰
정상공고,LDH0735,1,35039,***,부품제작자재 특수강 SCM 440 등 16종 구매,2022,LDH,육군종합정비창,수의계약,총액제,적격심사제,202208311300,20220831,유찰
정상공고,LDH0737,1,35053,***,통신장비 수리부속 계전기 등 10종 구매,2022,LDH,육군종합정비창,제한경쟁,총액제,적격심사제,202208311000,20220831,순위확정
긴급공고,LGI0112,1,35624,***,'22-2차 지정폐기물 위탁처리용역,2022,LGI,제3군수지원여단,일반경쟁,총액제,적격심사제,202208311030,20220831,유찰
재공고,LHN0036,3,33304,001,22년 9~12월 부대계약 부식 빵류 제조구매,2022,LHN,제7보병사단,수의계약,단가제,적격심사제,202208311030,20220831,유찰
재공고,LHN0038,3,33360,001,22년 9~12월 부대계약 부식 식육가공품 제조구매,2022,LHN,제7보병사단,수의계약,단가제,적격심사제,202208311030,20220831,유찰
재공고,LKP0055,2,34666,***,'22년 부대계약품목(빵류) 제조,2022,LKP,5군수지원사령부,수의계약,총액제,적격심사제,202208311100,20220831,유찰
긴급공고,LKT0056,1,35632,***,22년 9월 부대조달 급식품목(빵류) 제조구매,2022,LKT,제1989부대,수의계약,총액제,적격심사제,202208311030,20220831,유찰
긴급공고,LPK0039,1,35608,***,222/631포병 부대개편 급탕탱크 제조설치,2022,LPK,제8기동사단,제한경쟁,총액제,적격심사제,202208311100,20220831,낙찰
긴급공고,LPK0040,1,35617,***,222/631포병 부대개편 진공온수보일러 제조설치,2022,LPK,제8기동사단,제한경쟁,총액제,적격심사제,202208311100,20220831,유찰
긴급공고,SCF0474,1,33978,***,(긴급)SOLIDWORKS Professional 1종,2022,SCF,해군군수사령부,제한경쟁,총액제,적격심사제,202208311030,20220831,낙찰
긴급공고,SCQ0117,1,35601,***,22-평 00정 유도관 정비,2022,SCQ,제9911부대,제한경쟁,총액제,적격심사제,202208311030,20220831,낙찰
긴급공고,SDF0117,1,33460,***,22년 해군 안전콘텐츠(동영상) 제작 용역,2022,SDF,제5738부대,협상에의한계약(전자),총액제,최저가격제,202208311030,20220831,낙찰
정상공고,UMM0529,1,26602,***,(226045-G)사이버방호센터 전시체계 구축(리스물건),2022,UMM,국군재정관리단,제한경쟁,총액제,적격심사제,202208311100,20220831,낙찰
재공고,UMM0463,2,27639,***,(226287-B) 작전용 헤드폰 구매,2022,UMM,국군재정관리단,제한경쟁,총액제,적격심사제,202208311100,20220831,낙찰
정상공고,UMM0563,1,29266,***,22-해-00원 덕트청소용역,2022,UMM,국군재정관리단,제한경쟁,총액제,적격심사제,202208311100,20220831,낙찰
정상공고,UMM0533,1,31633,***,(226286-C) 군기(軍旗) 11종 제조 및 납품,2022,UMM,국군재정관리단,일반경쟁,총액제,적격심사제,202208311100,20220831,낙찰
정상공고,UMM0564,1,32148,***,22-평 식기세척기 10대 임차 용역(22H117-H),2022,UMM,국군재정관리단,제한경쟁,총액제,적격심사제,202208311100,20220831,낙찰
재공고,UMM0493,2,32213,***,(22F119-I) 22~'23년 간부피복 택배 용역,2022,UMM,국군재정관리단,수의계약,총액제,적격심사제,202208311100,20220831,유찰
정상공고,UMM0562,1,33830,***,22-2차 동명부대 재보급물자 수송관리 용역,2022,UMM,국군재정관리단,제한경쟁,총액제,적격심사제,202208311100,20220831,낙찰
정상공고,EBB0399,1,8520B,***,22년 포병 전술사격 과학화훈련장비체계,2022,EBB,지상공통전력운영계약팀,일반경쟁,총액제,적격심사제,202208301100,20220830,낙찰
정상공고,EHF0153,1,0470P,***,"22년 탐지기, 방향 및 풍속용(정비)",2022,EHF,미래전력사업전력운영계약팀,수의계약,총액제,적격심사제,202208301400,20220830,유찰
정상공고,EHF0152,1,0530,***,'22년 안테나 조립체(정비),2022,EHF,미래전력사업전력운영계약팀,수의계약,총액제,적격심사제,202208301100,20220830,유찰
재공고,ELA0026,3,5200A,***,시험장비(2종)(230mm급 다련장 2차 양산),2022,ELA,화력총괄계약팀,일반경쟁,총액제,적격심사제,202208301030,20220830,낙찰
재공고,ELA0031,2,6040,***,인체제독용 물자세트,2022,ELA,화력총괄계약팀,수의계약,총액제,적격심사제,202208301030,20220830,유찰
재공고,ERA0005,2,3013,***,정합기세트용노트북,2022,ERA,우주지휘통신총괄계약팀,수의계약,총액제,적격심사제,202208301400,20220830,유찰
재공고,HCF0186,2,31706,***,실린더 버터플라이 밸브 등 72종 구매,2022,HCF,공군군수사령부,제한경쟁,총액제,적격심사제,202208301030,20220830,낙찰
긴급공고,HCF0192,1,32419,***,F-35A 지원체계 유지보수,2022,HCF,공군군수사령부,제한경쟁,총액제,적격심사제,202208301030,20220830,낙찰
재공고,LCF0467,2,30236,***,"사거리 측정기, 레이저용 1항목 구매(대테러, 총포)",2022,LCF,육군군수사령부,제한경쟁,총액제,적격심사제,202208301030,20220830,낙찰
정상공고,LCF0481,1,34065,***,"발전기,교류식 등 1항목 구매(기장)",2022,LCF,육군군수사령부,제한경쟁,총액제,적격심사제,202208301030,20220830,유찰
긴급공고,LCM0051,1,35246,***,22년 Army TIGER 전투실험용 FANET 드론 임차,2022,LCM,육군교육사령부,수의계약,총액제,적격심사제,202208301030,20220830,유찰
긴급공고,LCM0050,1,35249,***,22년 Army TIGER 전투실험용 액화수소 드론 임차,2022,LCM,육군교육사령부,수의계약,총액제,적격심사제,202208301030,20220830,유찰
긴급공고,LCM0052,1,35257,***,22년 Army TIGER 전투실험용 헬기형 드론 임차,2022,LCM,육군교육사령부,수의계약,총액제,적격심사제,202208301030,20220830,유찰
긴급공고,LCM0053,1,35261,***,22년 Army TIGER 전투실험용 소형 SAR 드론 임차,2022,LCM,육군교육사령부,수의계약,총액제,적격심사제,202208301030,20220830,유찰
긴급공고,LCM0054,1,35265,***,22년 Army TIGER 전투실험용 고압수소 드론 임차,2022,LCM,육군교육사령부,수의계약,총액제,적격심사제,202208301030,20220830,유찰
정상공고,LDG0060,1,34021,***,탄약포장재료(5.56밀리 철상자 등 3개 품목) 외주정비,2022,LDG,육군 탄약지원사령부,일반경쟁,총액제,적격심사제,202208301030,20220830,낙찰
정상공고,LDH0707,1,34780,***,통신장비 수리부속 단자판 등 5종 구매,2022,LDH,육군종합정비창,제한경쟁,총액제,적격심사제,202208301000,20220830,낙찰
정상공고,LDH0717,1,34840,***,K200 개스킷 등 9종 구매,2022,LDH,육군종합정비창,수의계약,총액제,적격심사제,202208301300,20220830,유찰
정상공고,LDH0718,1,34846,***,K200 나사 등 13종구매,2022,LDH,육군종합정비창,제한경쟁,총액제,적격심사제,202208301300,20220830,낙찰
긴급공고,LHP0042,1,34952,***,경계력 보강용 커브드 와이드 모니터 구매,2022,LHP,제22보병사단,제한경쟁,총액제,적격심사제,202208301100,20220830,낙찰
정상공고,MDD0107,1,33816,***,혈액가스분석기 병리장비운영소모품(13) 구매계약,2022,MDD,국군수도병원,제한경쟁,총액제,적격심사제,202208301100,20220830,낙찰
정상공고,MDG0173,1,34836,***,22년 화생방전 도서 구매,2022,MDG,국군의무사령부,제한경쟁,총액제,적격심사제,202208301100,20220830,낙찰
긴급공고,MDG0027,1,35140,***,22-15차 연구장비 구매 계약  - 진탕욕조,2022,MDG,국군의무사령부,제한경쟁,총액제,적격심사제,202208301600,20220830,유찰
정정공고,MDG0026,2,35141,***,22-11차 연구장비 구매 계약  - 의약품 냉동고(수정),2022,MDG,국군의무사령부,제한경쟁,총액제,적격심사제,202208301600,20220830,낙찰
정상공고,MDN0016,1,34841,***,"화학위험물질 및 방사선 탐지, 분석용 드론제조",2022,MDN,국군화생방방호사령부,제한경쟁,총액제,적격심사제,202208301030,20220830,낙찰
재공고,SCF0097,2,28029,***,"유도탄검사장비(00체계 가스승압기, 가스분석기) 정비",2022,SCF,해군군수사령부,수의계약,총액제,적격심사제,202208301030,20220830,유찰
재공고,SCF0424,2,29899,***,"(긴급) 연결기, 플러그형, 전기용 등 5종",2022,SCF,해군군수사령부,제한경쟁,총액제,적격심사제,202208301030,20220830,낙찰
재공고,SCF0445,2,30271,***,(긴급)정류자 등 7종,2022,SCF,해군군수사령부,제한경쟁,총액제,적격심사제,202208301030,20220830,유찰
재공고,SCF0430,2,31046,***,(긴급) 전화교환대 군 등 5종 구매,2022,SCF,해군군수사령부,제한경쟁,총액제,적격심사제,202208301030,20220830,낙찰
긴급공고,SCF0328,1,32613,***,"케이블조립체, 특수목적용, 전기용 등 4종 구매",2022,SCF,해군군수사령부,제한경쟁,총액제,적격심사제,202208301030,20220830,낙찰
긴급공고,SCF0329,1,32708,***,압력센서조립체 5EA 구매,2022,SCF,해군군수사령부,수의계약,총액제,적격심사제,202208301030,20220830,순위확정
긴급공고,SCF0472,1,33167,***,"(긴급)펌프, 냉각계통, 엔진용 등 25종",2022,SCF,해군군수사령부,제한경쟁,총액제,적격심사제,202208301030,20220830,낙찰
긴급공고,SCF0469,1,33703,***,"(긴급)밸브, 버섯형, 엔진용 등 11종",2022,SCF,해군군수사령부,제한경쟁,총액제,적격심사제,202208301030,20220830,낙찰
긴급공고,SCF0471,1,34109,***,"(긴급) 펌프, 회전식 등 9종",2022,SCF,해군군수사령부,제한경쟁,총액제,적격심사제,202208301030,20220830,낙찰
긴급공고,SCF0470,1,34403,***,(긴급) 디스플레이 유닛 1종 구매,2022,SCF,해군군수사령부,제한경쟁,총액제,적격심사제,202208301030,20220830,낙찰
긴급공고,SCF0468,1,34404,***,(긴급) 보일러 급수펌프 1종 구매,2022,SCF,해군군수사령부,제한경쟁,총액제,적격심사제,202208301030,20220830,낙찰
긴급공고,SCF0330,1,34483,***,복사용지 등 155종 구매,2022,SCF,해군군수사령부,제한경쟁,총액제,적격심사제,202208301030,20220830,낙찰
긴급공고,SCF0331,1,35148,***,공기청정기 필터 335EA 제조,2022,SCF,해군군수사령부,제한경쟁,총액제,적격심사제,202208301030,20220830,낙찰
긴급공고,SCF0475,1,35224,***,라벨프린터 카트리지 등 23종,2022,SCF,해군군수사령부,제한경쟁,총액제,적격심사제,202208301230,20220830,낙찰
긴급공고,SCH0084,1,35311,***,방탄헬멧 등 3종 구매,2022,SCH,해군작전사령부,일반경쟁,총액제,적격심사제,202208301030,20220830,낙찰
긴급공고,SFC0098,1,34884,***,체력단련장 식자재(가지 등 174품목) 구매,2022,SFC,제9691부대,수의계약,총액제,적격심사제,202208301100,20220830,유찰
정상공고,UMM0560,1,24616,***,22-해-금속성분분석기 구매,2022,UMM,국군재정관리단,제한경쟁,총액제,적격심사제,202208301100,20220830,유찰
연기공고,UMM0557,2,28858,***,22-공-스마트 임무수행 환경 구축사업,2022,UMM,국군재정관리단,일반경쟁,총액제,적격심사제,202208301100,20220830,유찰
정상공고,UMM0526,1,33770,***,(226330-E) PC기반 수신체계 안테나 제조설치,2022,UMM,국군재정관리단,제한경쟁,총액제,적격심사제,202208301100,20220830,낙찰
긴급공고,UMM0534,1,34301,***,(226342-F)작전대기시설(서부) 컨테이너 제조설치,2022,UMM,국군재정관리단,제한경쟁,총액제,적격심사제,202208301100,20220830,낙찰
긴급공고,UMM0532,1,34302,***,(226346-F)작전대기시설(동부) 컨테이너 제조설치,2022,UMM,국군재정관리단,제한경쟁,총액제,적격심사제,202208301100,20220830,낙찰
긴급공고,UMM0527,1,34828,***,"(227305-B) 운동복, 운동화 구매",2022,UMM,국군재정관리단,제한경쟁,총액제,적격심사제,202208301100,20220830,낙찰
정상공고,UMM0561,1,34932,***,22-공-00부대 컴퓨터 디지털 형 등 2종 제조,2022,UMM,국군재정관리단,제한경쟁,총액제,적격심사제,202208301100,20220830,낙찰
정상공고,ELA0032,1,6000,***,K5 방독면 6차 양산,2022,ELA,화력총괄계약팀,지명경쟁,총액제,적격심사제,202208291530,20220829,낙찰
정상공고,HCG0045,1,32807,***,공군 우주분야 인력관리 발전방안 연구,2022,HCG,공군본부,수의계약,총액제,최저가격제,202208291400,20220829,유찰
긴급공고,LGI0110,1,34874,001,'22년 추석 경축특식 글레이즈도넛 구매,2022,LGI,제3군수지원여단,제한경쟁,단가제,적격심사제,202208291100,20220829,낙찰
재공고,LHG0033,2,33796,***,9월 부대조달 식자재 납품(불고기패티),2022,LHG,제1862부대,제한경쟁,총액제,적격심사제,202208291030,20220829,낙찰
재공고,LHG0038,2,33803,***,9월 부대계약(식육가공품류)-돈까스,2022,LHG,제1862부대,수의계약,총액제,적격심사제,202208291030,20220829,유찰
재공고,LHG0039,2,33804,***,9월 부대계약 (식육가공품류) - 탕수육,2022,LHG,제1862부대,제한경쟁,총액제,적격심사제,202208291030,20220829,낙찰
재공고,LHG0041,2,33805,***,9월 부대계약(식육가공품류) - 미트볼,2022,LHG,제1862부대,수의계약,총액제,적격심사제,202208291030,20220829,유찰
재공고,LHG0040,2,33806,***,9월 부대계약 (식육가공품류) - 햄,2022,LHG,제1862부대,제한경쟁,총액제,적격심사제,202208291030,20220829,낙찰
재공고,LHG0035,2,33808,***,9월 부대계약(식육가공품류) - 소세지,2022,LHG,제1862부대,수의계약,총액제,적격심사제,202208291030,20220829,유찰
긴급공고,LPG0081,1,34595,001,22년 9~10월 부대조달 급식계약(일반경쟁),2022,LPG,제5보병사단,2단계경쟁(동시),단가제,최저가격제,202208291400,20220829,낙찰
재공고,MDG0017,3,28884,***,22-6차 연구장비 구매 계약 - 시약 및 약품냉장고,2022,MDG,국군의무사령부,제한경쟁,총액제,적격심사제,202208291600,20220829,순위확정
재공고,MON0006,2,31491,***,기본교재활용 및 개선방안 강구위한 의견수렴 용역,2022,MON,국방정신전력원,2단계경쟁(동시),총액제,최저가격제,202208291000,20220829,유찰
정상공고,UMM0558,1,30828,***,22-해-인양장구 등 15종 구매,2022,UMM,국군재정관리단,제한경쟁,총액제,적격심사제,202208291500,20220829,낙찰
긴급공고,UMM0528,1,30888,***,(22F157-A)기화성 부식방지 장비 치장 개선 용역,2022,UMM,국군재정관리단,제한경쟁,총액제,적격심사제,202208291500,20220829,낙찰
정상공고,UMM0525,1,34530,***,'(22F162-A)00부대  정수기임차용역,2022,UMM,국군재정관리단,일반경쟁,총액제,적격심사제,202208291500,20220829,낙찰
정상공고,UMM0559,1,34644,***,22-해병-근거리전산망 교체사업(리스물건),2022,UMM,국군재정관리단,일반경쟁,총액제,적격심사제,202208291530,20220829,낙찰
정상공고,EHF0150,1,2090D,***,군위성통신체계부품(구매),2022,EHF,미래전력사업전력운영계약팀,일반경쟁,총액제,적격심사제,202208261600,20220826,낙찰
재공고,EHF0118,2,5400,***,"자이로 유니트 정비,어뢰용",2022,EHF,미래전력사업전력운영계약팀,수의계약,총액제,적격심사제,202208261530,20220826,유찰
긴급공고,LBA0138,1,34638,001,'22년 9~10월 부대조달 부식(치즈돈가스) 구매,2022,LBA,제 2167부대,제한경쟁,단가제,적격심사제,202208261530,20220826,유찰
긴급공고,LBA0139,1,34653,001,'22년 9~10월 부대조달 부식(쫄면) 구매,2022,LBA,제 2167부대,제한경쟁,단가제,적격심사제,202208261530,20220826,낙찰
긴급공고,LBA0140,1,34660,001,'22년 9~10월 부대조달 부식(꽃빵) 구매,2022,LBA,제 2167부대,제한경쟁,단가제,적격심사제,202208261530,20220826,낙찰
긴급공고,LBA0141,1,34663,001,'22년 9~10월 부대조달 부식(모듬햄) 구매,2022,LBA,제 2167부대,제한경쟁,단가제,적격심사제,202208261530,20220826,낙찰
긴급공고,LBA0142,1,34670,001,'22년 9~10월 부대조달 부식(스팸형햄) 구매,2022,LBA,제 2167부대,제한경쟁,단가제,적격심사제,202208261530,20220826,낙찰
긴급공고,LBA0143,1,34679,001,'22년 9~10월 부대조달 부식(모닝빵) 구매,2022,LBA,제 2167부대,제한경쟁,단가제,적격심사제,202208261530,20220826,낙찰
긴급공고,LBA0145,1,34684,001,'22년 9~10월 부대조달 부식(자장면) 구매,2022,LBA,제 2167부대,제한경쟁,단가제,적격심사제,202208261530,20220826,낙찰
정정공고,LCF0476,2,33284,***,"신호처리기조립체 등 4항목 제조(생산능력, 일장)",2022,LCF,육군군수사령부,수의계약,총액제,적격심사제,202208261530,20220826,유찰
정상공고,LCF0480,1,34291,***,"케이블 조립체,엔진용 등 4항목 구매(기장)",2022,LCF,육군군수사령부,제한경쟁,총액제,적격심사제,202208261530,20220826,낙찰
정상공고,LDG0058,1,34186,***,'22-2차 탄약폐기물(폐목재) 위탁처리 용역,2022,LDG,육군 탄약지원사령부,일반경쟁,총액제,적격심사제,202208261530,20220826,낙찰
정상공고,LDG0059,1,34189,***,'22-2차 탄약폐기물(혼용재질) 위탁처리 용역,2022,LDG,육군 탄약지원사령부,일반경쟁,총액제,적격심사제,202208261530,20220826,순위확정
긴급공고,LMK0057,1,34121,001,"'22년 식자재 다수품목 단가계약(9,10월)",2022,LMK,제6보병사단,2단계경쟁(동시),단가제,최저가격제,202208261630,20220826,낙찰
재공고,LQG0082,2,31326,***,(육성) 야전배낭 등 3종 제조 납품,2022,LQG,육군 52보병사단,제한경쟁,총액제,적격심사제,202208261530,20220826,낙찰
정상공고,LQP0050,1,34507,***,22년 창설부대 C4I 체계 구축,2022,LQP,제1891부대,제한경쟁,총액제,적격심사제,202208261530,20220826,순위확정
정정공고,MDI0004,2,34374,***,중계기 콘솔장비 교체사업,2022,MDI,제7016부대,제한경쟁,총액제,적격심사제,202208261530,20220826,낙찰
정정공고,MON0007,2,31328,***,정신전력교육 기본교재 재발간에 따른 사전 연구 용역,2022,MON,국방정신전력원,수의계약,총액제,최저가격제,202208261200,20220826,유찰
정상공고,UMM0552,1,29680,***,22-해-궤도형 소형굴착기 1대 구매,2022,UMM,국군재정관리단,제한경쟁,총액제,적격심사제,202208261530,20220826,낙찰
정상공고,UMM0553,1,31599,***,22-해병-상용정보통신장비 보관함 구매,2022,UMM,국군재정관리단,제한경쟁,총액제,적격심사제,202208261530,20220826,낙찰
정상공고,UMM0522,1,33117,***,(226319-F)체력단련기구 제조설치,2022,UMM,국군재정관리단,제한경쟁,총액제,적격심사제,202208261530,20220826,순위확정
정상공고,UMM0523,1,33118,***,(226344-F)체력단련기구 구매설치,2022,UMM,국군재정관리단,제한경쟁,총액제,적격심사제,202208261530,20220826,낙찰
정상공고,UMM0556,1,34268,***,22-해-함정작전지원용 드론 제조,2022,UMM,국군재정관리단,일반경쟁,총액제,적격심사제,202208261530,20220826,낙찰
정상공고,UMM0524,1,34311,***,(226326-E) 구조해석장비 구매,2022,UMM,국군재정관리단,제한경쟁,총액제,적격심사제,202208261530,20220826,낙찰
정상공고,UMM0555,1,34461,***,22-해-인터넷 트래픽 암·복호화 체계 구축사업,2022,UMM,국군재정관리단,일반경쟁,총액제,적격심사제,202208261530,20220826,낙찰
정상공고,EBB0397,1,8520A,***,22년 신형 소대급 교전훈련장비체계,2022,EBB,지상공통전력운영계약팀,일반경쟁,총액제,적격심사제,202208251100,20220825,낙찰
정상공고,EHF0149,1,0537,***,"'22년 냉난방기(18000BTU, 수직형) 정비",2022,EHF,미래전력사업전력운영계약팀,수의계약,총액제,적격심사제,202208251100,20220825,유찰
정상공고,EHF0151,1,2702C,***,22년 모터용 증폭기(구매),2022,EHF,미래전력사업전력운영계약팀,수의계약,총액제,적격심사제,202208251400,20220825,순위확정
재공고,EHF0125,2,9500A,***,KSS-II 선박자동식별장비 성능개선,2022,EHF,미래전력사업전력운영계약팀,수의계약,총액제,적격심사제,202208251400,20220825,유찰
재공고,LCF0146,2,33493,***,파워팩 조립체 등 4항목 제조(화생방수리부속),2022,LCF,육군군수사령부,수의계약,총액제,적격심사제,202208251030,20220825,유찰
정상공고,LCF0148,1,33623,***,세폭띠 직물제 1항목 구매(일반물자),2022,LCF,육군군수사령부,제한경쟁,총액제,적격심사제,202208251030,20220825,낙찰
정상공고,LCF0478,1,34152,***,"만곡부,차량지붕용 등 10항목 제조(생산능력, 기장)",2022,LCF,육군군수사령부,수의계약,총액제,적격심사제,202208251030,20220825,유찰
정상공고,LCF0479,1,34157,***,"헤드세트,음향용 등 6항목 제조(생산능력, 일장)",2022,LCF,육군군수사령부,수의계약,총액제,적격심사제,202208251030,20220825,유찰
긴급공고,LCG0091,1,34128,***,군악 흑색단화 등 2종 제조구매,2022,LCG,육군본부,제한경쟁,총액제,적격심사제,202208251030,20220825,낙찰
긴급공고,LFN0034,1,34557,***,3사교 22-2학기 생도교과서 구매(국내서),2022,LFN,육군3사관학교,일반경쟁,총액제,적격심사제,202208251030,20220825,낙찰
정정공고,LHN0039,2,33553,001,22년 9~12월 식자재 다수품목 단가계약,2022,LHN,제7보병사단,2단계경쟁(동시),단가제,최저가격제,202208251000,20220825,낙찰
정상공고,LIK0110,1,34165,***,'22-5차 병영식당 조리기구 및 식기류 구매,2022,LIK,제2군수지원여단,제한경쟁,총액제,적격심사제,202208251030,20220825,낙찰
긴급공고,LKP0053,1,34636,001,'22년 국군의날 경축특식(훈제닭다리) 구매(제조),2022,LKP,5군수지원사령부,제한경쟁,단가제,적격심사제,202208251500,20220825,낙찰
긴급공고,LKP0055,1,34666,***,'22년 부대계약품목(빵류) 제조,2022,LKP,5군수지원사령부,수의계약,총액제,적격심사제,202208251100,20220825,유찰
긴급공고,LKT0054,1,34628,***,'22년 육성지원물자 제조구매(고성능확대경),2022,LKT,제1989부대,제한경쟁,총액제,적격심사제,202208251030,20220825,유찰
긴급공고,LKT0053,1,34629,***,'22년 육성지원물자 제조구매(개인화기조준경),2022,LKT,제1989부대,제한경쟁,총액제,적격심사제,202208251030,20220825,낙찰
긴급공고,LKT0055,1,34675,***,'22년 육성지원물자 제조구매(표적지시기),2022,LKT,제1989부대,제한경쟁,총액제,적격심사제,202208251030,20220825,유찰
정정공고,MDS0015,2,28996,***,000사업 구축,2022,MDS,제3707부대,수의계약,총액제,적격심사제,202208251030,20220825,유찰
긴급공고,MHD0073,1,33265,***,K11 복합형소총 채무부존재확인 항소심 위탁계약,2022,MHD,방위사업청(운영지원과),협상에의한계약(전자),총액제,최저가격제,202208251400,20220825,낙찰
정상공고,MHD0076,1,34085,***,'22년 기술유출방지시스템 구축 지원사업 감리용역,2022,MHD,방위사업청(운영지원과),제한경쟁,총액제,적격심사제,202208251400,20220825,낙찰
재공고,SCF0420,2,31254,***,(긴급)집성판(1200X2400X18) 등 18종,2022,SCF,해군군수사령부,제한경쟁,총액제,적격심사제,202208251030,20220825,유찰
재공고,SCF0439,2,32153,***,(긴급)무두 렌치 볼트 등 15종,2022,SCF,해군군수사령부,제한경쟁,총액제,적격심사제,202208251030,20220825,유찰
긴급공고,SCF0327,1,33786,001,저유황경유(도서) 등 3종 구매,2022,SCF,해군군수사령부,수의계약,단가제,적격심사제,202208251030,20220825,유찰
긴급공고,SCF0327,1,33786,002,저유황경유(도서) 등 3종 구매,2022,SCF,해군군수사령부,수의계약,단가제,적격심사제,202208251030,20220825,유찰
긴급공고,SCF0327,1,33786,003,저유황경유(도서) 등 3종 구매,2022,SCF,해군군수사령부,수의계약,단가제,적격심사제,202208251030,20220825,유찰
긴급공고,SCF0467,1,34571,***,(긴급)단열테이프 등 5종,2022,SCF,해군군수사령부,제한경쟁,총액제,적격심사제,202208251030,20220825,낙찰
정상공고,UMM0519,1,31769,***,(227328-B) 통합관제시스템 구매,2022,UMM,국군재정관리단,일반경쟁,총액제,적격심사제,202208251100,20220825,낙찰
정상공고,UMM0520,1,32599,***,(227334-E)정밀측정장비(스펙트럼분석기 등 2종)구매,2022,UMM,국군재정관리단,제한경쟁,총액제,적격심사제,202208251100,20220825,낙찰
정상공고,EBB0396,1,6302A,***,회로카드조립체(입출력용),2022,EBB,지상공통전력운영계약팀,일반경쟁,총액제,적격심사제,202208241100,20220824,낙찰
재공고,EHF0133,3,2H37A,001,공드럼 정비,2022,EHF,미래전력사업전력운영계약팀,일반경쟁,단가제,적격심사제,202208241100,20220824,낙찰
재공고,EHF0133,3,2H37A,004,공드럼 정비,2022,EHF,미래전력사업전력운영계약팀,일반경쟁,단가제,적격심사제,202208241100,20220824,낙찰
정상공고,ELA0031,1,6040,***,인체제독용 물자세트,2022,ELA,화력총괄계약팀,수의계약,총액제,적격심사제,202208241030,20220824,유찰
재공고,ESA0006,2,4601,***,"1톤 부식차(상용, 4WD)",2022,ESA,유도무기총괄계약팀,수의계약,총액제,적격심사제,202208241100,20220824,유찰
재공고,ESA0008,2,4604,***,5톤 상용트럭,2022,ESA,유도무기총괄계약팀,수의계약,총액제,적격심사제,202208241100,20220824,유찰
재공고,ESA0007,2,4605,***,"트럭,유조형(1톤 급유차) 4WD",2022,ESA,유도무기총괄계약팀,수의계약,총액제,적격심사제,202208241100,20220824,유찰
긴급공고,HCF0191,1,34319,***,항공기터빈엔진용 합성윤활유(TURBONYCOIL 600) 구매,2022,HCF,공군군수사령부,제한경쟁,총액제,적격심사제,202208241030,20220824,낙찰
정상공고,LCF0017,1,32908,***,"케이블조립체및스위치,전기용등70항목제조 (자주포)",2022,LCF,육군군수사령부,제한경쟁,총액제,적격심사제,202208241030,20220824,낙찰
정상공고,LCF0147,1,33457,***,의자 식탁용 1항목 구매(일반물자),2022,LCF,육군군수사령부,제한경쟁,총액제,적격심사제,202208241030,20220824,낙찰
긴급공고,LCM0048,1,34399,***,'22년 AI·드론봇 전투발전 콘퍼런스 용역,2022,LCM,육군교육사령부,제한경쟁,총액제,적격심사제,202208241030,20220824,낙찰
정상공고,LDG0057,1,34054,***,'22~'24년 식기세척기 임차 용역(임실),2022,LDG,육군 탄약지원사령부,제한경쟁,총액제,적격심사제,202208241030,20220824,낙찰
재공고,MDG0154,3,28001,***,22년 의무장비(비디오기도삽관기) 구매,2022,MDG,국군의무사령부,제한경쟁,총액제,적격심사제,202208241100,20220824,유찰
재공고,MDL0004,3,30831,***,국외수집자료(영어) 국문번역 용역,2022,MDL,국방부군사편찬연구소,협상에의한계약(전자),총액제,최저가격제,202208241100,20220824,유찰
정상공고,MDS0016,1,28999,***,디지털신호 다채널 자동 탐지ㆍ추출 시스템 구축,2022,MDS,제3707부대,수의계약,총액제,적격심사제,202208241030,20220824,유찰
긴급공고,MDS0020,1,34409,***,00체계 수리부속 구매(RF어댑터 등 4종),2022,MDS,제3707부대,제한경쟁,총액제,적격심사제,202208241030,20220824,유찰
재공고,MHD0068,2,31000,***,방산소재 개발사업 기획 및 인증체계 구축 연구,2022,MHD,방위사업청(운영지원과),협상에의한계약(전자),총액제,최저가격제,202208241400,20220824,낙찰
재공고,SCF0091,2,27964,***,Lynx FTD(모의비행장치) 유지보수 용역,2022,SCF,해군군수사령부,수의계약,총액제,적격심사제,202208241030,20220824,유찰
재공고,SCF0307,2,29592,***,"배출관, 연료주입 펌프용 등 10종 구매",2022,SCF,해군군수사령부,제한경쟁,총액제,적격심사제,202208241030,20220824,순위확정
긴급공고,SCF0326,1,30946,***,"4주식리프트, 소형 3EA 구매",2022,SCF,해군군수사령부,제한경쟁,총액제,적격심사제,202208241030,20220824,낙찰
긴급공고,SCF0466,1,32966,***,"(긴급)패킹, 성형식 등 35종",2022,SCF,해군군수사령부,제한경쟁,총액제,적격심사제,202208241030,20220824,낙찰
긴급공고,SCF0465,1,33163,***,(긴급)연료 인텍터 어셈블리 1종,2022,SCF,해군군수사령부,제한경쟁,총액제,적격심사제,202208241030,20220824,낙찰
정상공고,UMM0518,1,30512,***,(226311-E) 학교교실 장비도입(스크린 제조설치)사업,2022,UMM,국군재정관리단,제한경쟁,총액제,적격심사제,202208241100,20220824,낙찰
정상공고,UMM0517,1,32549,***,(227322-E) 통합보안관제체계 구매(리스물건),2022,UMM,국군재정관리단,일반경쟁,총액제,적격심사제,202208241100,20220824,낙찰
정상공고,UMM0549,1,33079,***,22-해군교육사 정수기(138대) 임차 용역(22 H118-H),2022,UMM,국군재정관리단,제한경쟁,총액제,적격심사제,202208241100,20220824,낙찰
정상공고,UMM0550,1,33120,***,22-해병-브리핑장비 교체사업(리스물건),2022,UMM,국군재정관리단,일반경쟁,총액제,적격심사제,202208241100,20220824,낙찰
긴급공고,UMM0521,1,33927,***,(22F130-A)22년 ASP 방화지대 구축(제초) 용역,2022,UMM,국군재정관리단,일반경쟁,총액제,적격심사제,202208241100,20220824,낙찰
재공고,EBB0384,2,1A203,***,22~23년 (F-5) 요크 및 쉴드조립체 정비(D),2022,EBB,지상공통전력운영계약팀,수의계약,총액제,적격심사제,202208231100,20220823,유찰
재공고,EBB0374,2,2330,***,"기어조립체,감속기용(자주포류)",2022,EBB,지상공통전력운영계약팀,수의계약,총액제,적격심사제,202208231100,20220823,순위확정
정상공고,EHF0146,1,2710B,***,'22년 열상장비(TAS-815K) 수리부속(구매)(B),2022,EHF,미래전력사업전력운영계약팀,수의계약,총액제,적격심사제,202208231100,20220823,유찰
재공고,ERA0004,2,3002,***,위장망체계 지지대세트류,2022,ERA,우주지휘통신총괄계약팀,수의계약,총액제,적격심사제,202208231400,20220823,유찰
긴급공고,HCF0189,1,32983,***,항공기터빈엔진용 합성윤활유(LGT) 구매,2022,HCF,공군군수사령부,제한경쟁,총액제,적격심사제,202208231030,20220823,낙찰
긴급공고,HCF0190,1,33306,***,'22년 상용SW 구매,2022,HCF,공군군수사령부,제한경쟁,총액제,적격심사제,202208231030,20220823,낙찰
긴급공고,HFK0031,1,34201,***,철매-Ⅱ성능개량(무0지역)관급자재(방호벽),2022,HFK,제1방공유도탄여단,제한경쟁,총액제,적격심사제,202208231100,20220823,낙찰
재공고,LCF0009,3,29505,***,"렌치,신관고정장치용 등10항목 제조(총포생산능력)",2022,LCF,육군군수사령부,제한경쟁,총액제,적격심사제,202208231030,20220823,순위확정
긴급공고,LGP0187,1,34156,001,22년 추석 경축특식 훈제닭다리 제조/구매,2022,LGP,제1군수지원사령부,일반경쟁,단가제,적격심사제,202208231100,20220823,낙찰
긴급공고,LGP0188,1,34158,001,22년 추석 경축특식 음료 구매,2022,LGP,제1군수지원사령부,제한경쟁,단가제,적격심사제,202208231100,20220823,낙찰
긴급공고,LHG0032,1,33542,001,22년 9월 부대계약 식자재 납품,2022,LHG,제1862부대,2단계경쟁(동시),단가제,최저가격제,202208231600,20220823,낙찰
긴급공고,LHR0044,1,34180,***,00부대 식기세척기 임차용역 (중형 4대),2022,LHR,육군 제37보병사단,제한경쟁,총액제,적격심사제,202208231030,20220823,낙찰
긴급공고,LKP0051,1,34124,***,22년 9월 부대계약품목(부대조달부식) 구매,2022,LKP,5군수지원사령부,일반경쟁,총액제,적격심사제,202208231100,20220823,낙찰
긴급공고,LQG0092,1,33943,***,00부대 대보수공사 감리용역,2022,LQG,육군 52보병사단,제한경쟁,총액제,적격심사제,202208231100,20220823,낙찰
긴급공고,MDD0106,1,34624,***,군외상체계 공공의료 민군협력 시범사업 용역계약,2022,MDD,국군수도병원,수의계약,총액제,적격심사제,202208231400,20220823,유찰
재공고,MDG0012,2,16943,***,22-5차 연구장비 구매 계약 - 원심분리기 소형탁상용,2022,MDG,국군의무사령부,제한경쟁,총액제,적격심사제,202208231600,20220823,낙찰
재공고,MDG0024,2,32985,***,22-1차 연구장비 구매 계약 - 증기후드,2022,MDG,국군의무사령부,수의계약,총액제,적격심사제,202208231600,20220823,유찰
긴급공고,MDG0025,1,34195,***,22-13차 연구장비 구매 계약 - 원심분리기 중형,2022,MDG,국군의무사령부,제한경쟁,총액제,적격심사제,202208231600,20220823,낙찰
긴급공고,SCF0462,1,29922,***,"(긴급)밸브, 조절용, 계통압력용 등 5종",2022,SCF,해군군수사령부,제한경쟁,총액제,적격심사제,202208231030,20220823,낙찰
긴급공고,SCF0464,1,29961,***,"(긴급)밸브, 조절용,유압식 등 6종",2022,SCF,해군군수사령부,제한경쟁,총액제,적격심사제,202208231030,20220823,낙찰
정정공고,SCF0318,2,30728,***,"방현재, 선박용 등 9종 구매",2022,SCF,해군군수사령부,제한경쟁,총액제,적격심사제,202208231030,20220823,낙찰
재공고,SCF0323,2,31656,***,파라슈트 등 3종 구매,2022,SCF,해군군수사령부,제한경쟁,총액제,적격심사제,202208231030,20220823,유찰
긴급공고,SCF0306,1,31762,***,4차 산업혁명 기술기반의 군수사 발전 기반구축용역,2022,SCF,해군군수사령부,2단계경쟁(동시),총액제,최저가격제,202208231030,20220823,낙찰
긴급공고,SCF0461,1,32457,***,(긴급)카플링 1종,2022,SCF,해군군수사령부,제한경쟁,총액제,적격심사제,202208231030,20220823,낙찰
긴급공고,SCF0463,1,32680,***,(긴급)표시등 등 14종,2022,SCF,해군군수사령부,제한경쟁,총액제,적격심사제,202208231030,20220823,낙찰
재공고,SFC0095,2,33154,***,의약품 등(콜킨 정 등 71품목) 구매,2022,SFC,제9691부대,제한경쟁,총액제,적격심사제,202208231100,20220823,낙찰
정정공고,SFC0097,2,34064,***,22-덕-대형 코인 등 11품목 구매,2022,SFC,제9691부대,제한경쟁,총액제,적격심사제,202208231100,20220823,낙찰
정상공고,UAB0064,1,34020,***,서귀포호텔 침구류 구매,2022,UAB,국군복지단,일반경쟁,총액제,적격심사제,202208231300,20220823,낙찰
재공고,UMM0452,2,21859,***,(226255-B)국가기술검정 실습장비(차륜형굴착기) 구매,2022,UMM,국군재정관리단,제한경쟁,총액제,적격심사제,202208231100,20220823,유찰
재공고,UMM0479,2,31469,***,(226278-B) 병영생활플래너 표지 제조,2022,UMM,국군재정관리단,제한경쟁,총액제,적격심사제,202208231100,20220823,낙찰
정상공고,EBB0394,1,9107D,***,K2 전차 항법세트,2022,EBB,지상공통전력운영계약팀,일반경쟁,총액제,적격심사제,202208221100,20220822,순위확정
정상공고,EHF0147,1,8B05A,001,"방탄판, 레벨Ⅳ용(대형)",2022,EHF,미래전력사업전력운영계약팀,제한경쟁,단가제,최저가격제,202208221100,20220822,낙찰
정상공고,EHF0148,1,8B05B,001,"방탄판, 레벨Ⅳ용(중형)",2022,EHF,미래전력사업전력운영계약팀,제한경쟁,단가제,최저가격제,202208221100,20220822,낙찰
정상공고,HCG0042,1,32330,***,공군참모총장배 드론경연대회(드론클래쉬)운영 용역,2022,HCG,공군본부,수의계약,총액제,최저가격제,202208221100,20220822,유찰
재공고,HDS0011,2,31409,***,미-22-무인표적기 회수 용역,2022,HDS,공군미사일방어사령부,수의계약,총액제,적격심사제,202208221100,20220822,유찰
정상공고,LDH0702,1,33945,***,부품제작자재  호스피팅 등 12종 구매,2022,LDH,육군종합정비창,제한경쟁,총액제,적격심사제,202208221300,20220822,낙찰
정상공고,LDH0703,1,33951,***,부품제작자재 탑포린 등 2종 구매,2022,LDH,육군종합정비창,제한경쟁,총액제,적격심사제,202208221300,20220822,낙찰
긴급공고,MCT0048,1,33527,***,22-25년 정수기 임차 용역,2022,MCT,국군체육부대,일반경쟁,총액제,적격심사제,202208221030,20220822,낙찰
정상공고,UMM0512,1,26776,***,(227282-C) UPS 및 배터리 제조 설치,2022,UMM,국군재정관리단,제한경쟁,총액제,적격심사제,202208221100,20220822,유찰
정상공고,UMM0548,1,29491,***,22-해-수사물자 구매,2022,UMM,국군재정관리단,제한경쟁,총액제,적격심사제,202208221100,20220822,낙찰
정상공고,UMM0514,1,31261,***,(227236-C) 스테레오 위성영상 구매,2022,UMM,국군재정관리단,일반경쟁,총액제,적격심사제,202208221100,20220822,낙찰
정상공고,UMM0513,1,32816,***,(226331-F)이동식 자동영상 속도측정기 구매,2022,UMM,국군재정관리단,제한경쟁,총액제,적격심사제,202208221100,20220822,낙찰
정상공고,EBB0392,1,4030T,***,K계열전차 차체부품류(구매),2022,EBB,지상공통전력운영계약팀,제한경쟁,총액제,적격심사제,202208191100,20220819,유찰
정상공고,EBB0383,1,MB011,***,UH-60 시뮬레이터 성능개선,2022,EBB,지상공통전력운영계약팀,2단계경쟁(동시),총액제,최저가격제,202208191500,20220819,낙찰
정상공고,EHF0141,1,2013A,***,송수화기(H-920K),2022,EHF,미래전력사업전력운영계약팀,수의계약,총액제,적격심사제,202208191100,20220819,순위확정
정상공고,EHF0145,1,2400J,***,22년 전자전장비 전원제어함 구성품(정비),2022,EHF,미래전력사업전력운영계약팀,수의계약,총액제,적격심사제,202208191100,20220819,유찰
정상공고,EHF0144,1,9005J,***,22년 비호 주전원공급기 정비,2022,EHF,미래전력사업전력운영계약팀,수의계약,총액제,적격심사제,202208191100,20220819,순위확정
재공고,EUA0005,2,8282G,***,자율항법 기반의 차세대 기뢰제거처리기,2022,EUA,첨단기술총괄계약팀,수의계약,총액제,최저가격제,202208191400,20220819,유찰
정상공고,HCG0041,1,31467,***,제8대 공군총장 박원석 장군 편찬 용역,2022,HCG,공군본부,수의계약,총액제,최저가격제,202208191100,20220819,유찰
긴급공고,LBA0123,1,33745,001,'22년 9~10월 부대조달 부식(볼어묵) 제조,2022,LBA,제 2167부대,제한경쟁,단가제,적격심사제,202208191030,20220819,낙찰
긴급공고,LBA0136,1,33791,001,'22년 9~10월 식자재 다수품목 단가계약,2022,LBA,제 2167부대,일반경쟁,단가제,적격심사제,202208191030,20220819,낙찰
긴급공고,LBA0137,1,33868,***,'22년 진지공사용 폐타이어 위탁수송 용역,2022,LBA,제 2167부대,제한경쟁,총액제,적격심사제,202208191030,20220819,낙찰
정상공고,LCF0016,1,32650,***,"호스,비금속제등 1항목구매(총포)",2022,LCF,육군군수사령부,제한경쟁,총액제,적격심사제,202208191030,20220819,낙찰
정상공고,LCF0015,1,32760,***,"망원경,파노라마식 등 2항목구매(총포)",2022,LCF,육군군수사령부,제한경쟁,총액제,적격심사제,202208191030,20220819,낙찰
재공고,LCG0080,2,29453,***,미래 합동특수작전사령부 창설 필요성 연구용역,2022,LCG,육군본부,수의계약,총액제,최저가격제,202208191000,20220819,낙찰
정상공고,LDH0701,1,33809,***,탐지레이더 체인조립체 등 24종 구매,2022,LDH,육군종합정비창,제한경쟁,총액제,적격심사제,202208191000,20220819,낙찰
긴급공고,LHG0037,1,33802,***,9월 부대조달 식자재 납품(어육가공품류),2022,LHG,제1862부대,제한경쟁,총액제,적격심사제,202208191030,20220819,낙찰
긴급공고,LHG0038,1,33803,***,9월 부대계약(식육가공품류)-돈까스,2022,LHG,제1862부대,수의계약,총액제,적격심사제,202208191030,20220819,유찰
긴급공고,LHG0039,1,33804,***,9월 부대계약 (식육가공품류) - 탕수육,2022,LHG,제1862부대,제한경쟁,총액제,적격심사제,202208191030,20220819,유찰
긴급공고,LHP0041,1,33009,001,22-2차추가 부대계약 식자재납품(다수품목 단가계약),2022,LHP,제22보병사단,2단계경쟁(동시),단가제,최저가격제,202208191100,20220819,낙찰
정상공고,MCM0012,1,33137,***,'22년 출입통제체계 제조설치,2022,MCM,4284부대,제한경쟁,총액제,적격심사제,202208191100,20220819,낙찰
긴급공고,SCF0460,1,32032,***,(긴급) 메카니칼 씰 등 3종 구매,2022,SCF,해군군수사령부,제한경쟁,총액제,적격심사제,202208191030,20220819,낙찰
긴급공고,SCF0458,1,32033,***,"(긴급) 링,피스톤용 등 25종 구매",2022,SCF,해군군수사령부,제한경쟁,총액제,적격심사제,202208191030,20220819,낙찰
긴급공고,SCF0459,1,32035,***,"(긴급) 송신기,온도계용 등 2종 구매",2022,SCF,해군군수사령부,제한경쟁,총액제,적격심사제,202208191030,20220819,낙찰
긴급공고,SCL0056,1,30787,***,22-00학교 홍보책자 제작 용역,2022,SCL,해군사관학교,2단계경쟁(동시),총액제,최저가격제,202208191000,20220819,낙찰
긴급공고,UMM0535,1,31345,***,한국형 전투표본산출모델 개발사업 감리용역,2022,UMM,국군재정관리단,협상에의한계약(전자),총액제,최저가격제,202208191030,20220819,낙찰
정상공고,UMM0511,1,31860,***,(226312-F)안전보호세트 구매,2022,UMM,국군재정관리단,일반경쟁,총액제,적격심사제,202208191100,20220819,낙찰
정상공고,UMM0547,1,32226,***,22-공-수첩커버 등 3종 제조,2022,UMM,국군재정관리단,제한경쟁,총액제,적격심사제,202208191100,20220819,낙찰
재공고,EBB0334,2,4813,***,"합성기,전기 주파수용",2022,EBB,지상공통전력운영계약팀,일반경쟁,총액제,적격심사제,202208181100,20220818,유찰
정상공고,EBB0389,1,5310A,***,플렌지,2022,EBB,지상공통전력운영계약팀,일반경쟁,총액제,적격심사제,202208181430,20220818,낙찰
정상공고,EHF0135,1,2090B,***,군위성통신체계부품(구매),2022,EHF,미래전력사업전력운영계약팀,수의계약,총액제,적격심사제,202208181100,20220818,순위확정
정상공고,EHF0139,1,7024G,***,22년 GPS-98K 레이더 부품(구매)(D),2022,EHF,미래전력사업전력운영계약팀,제한경쟁,총액제,적격심사제,202208181100,20220818,낙찰
재공고,ETA0002,2,5201,***,해상감시레이더-II 일반공구,2022,ETA,감시전자총괄계약팀,제한경쟁,총액제,적격심사제,202208181430,20220818,순위확정
재공고,ETA0003,2,5202,***,해상감시레이더-II 기본불출품목 및 시험장비,2022,ETA,감시전자총괄계약팀,제한경쟁,총액제,적격심사제,202208181630,20220818,순위확정
긴급공고,HCM0079,1,33881,***,간부교육생 숙소 청소용역,2022,HCM,공군교육사령부,제한경쟁,총액제,적격심사제,202208181300,20220818,낙찰
정상공고,LCF0145,1,32649,***,항타기 등 11항목 제조(일반공구),2022,LCF,육군군수사령부,제한경쟁,총액제,적격심사제,202208181030,20220818,낙찰
정상공고,LCF0471,1,33212,***,건열기 소형 등 16항목 구매(의무),2022,LCF,육군군수사령부,제한경쟁,총액제,적격심사제,202208181130,20220818,낙찰
정상공고,LCF0146,1,33493,***,파워팩 조립체 등 4항목 제조(화생방수리부속),2022,LCF,육군군수사령부,수의계약,총액제,적격심사제,202208181030,20220818,유찰
정상공고,LCF0474,1,33541,***,"플러그,파이프용 등 24항목 구매(기장)",2022,LCF,육군군수사령부,제한경쟁,총액제,적격심사제,202208181030,20220818,낙찰
정상공고,LDH0700,1,33534,***,부품제작자재 다기능접속장치 회로카드 1종 구매,2022,LDH,육군종합정비창,제한경쟁,총액제,적격심사제,202208181300,20220818,낙찰
긴급공고,LFN0030,1,33896,***,22년 조경용역 계약,2022,LFN,육군3사관학교,제한경쟁,총액제,적격심사제,202208181030,20220818,낙찰
긴급공고,LGC0027,1,33859,***,22년 후반기 소방안전점검(종합정밀점검) 용역,2022,LGC,육군학생군사학교,제한경쟁,총액제,적격심사제,202208181100,20220818,낙찰
정상공고,LGN0005,1,33267,***,'22년 식기세척기 임차계약 의뢰,2022,LGN,제3기갑여단,제한경쟁,총액제,적격심사제,202208181030,20220818,낙찰
정상공고,LIK0109,1,33503,001,'22년 9~12월 부대계약 부식(빵류) 제조/구매,2022,LIK,제2군수지원여단,제한경쟁,단가제,적격심사제,202208181030,20220818,낙찰
긴급공고,MCL0011,1,33008,***,'22년 추계 주한외국무관 안보현장 견학 용역,2022,MCL,국방정보본부,수의계약,총액제,최저가격제,202208181000,20220818,유찰
긴급공고,MCM0013,1,33924,***,000 이전,2022,MCM,4284부대,일반경쟁,총액제,적격심사제,202208181030,20220818,낙찰
긴급공고,MDK0030,1,32521,***,3.5톤 윙바디 트럭 구매,2022,MDK,국군수송사령부,일반경쟁,총액제,적격심사제,202208181030,20220818,낙찰
정상공고,MDK0029,1,32732,***,1톤 밴 구매,2022,MDK,국군수송사령부,수의계약,총액제,적격심사제,202208181030,20220818,유찰
재공고,SCF0083,3,19878,***,대잠전술훈련장(ASWTT) 유지보수 용역,2022,SCF,해군군수사령부,수의계약,총액제,적격심사제,202208181030,20220818,순위확정
정정공고,SCF0325,2,31023,***,"등, 침대용 등 5종 제조",2022,SCF,해군군수사령부,제한경쟁,총액제,적격심사제,202208181030,20220818,낙찰
긴급공고,SCF0451,1,31045,***,"(긴급) 접촉기,자석식 등 3종 구매",2022,SCF,해군군수사령부,제한경쟁,총액제,적격심사제,202208181030,20220818,유찰
긴급공고,SCF0453,1,31738,***,"(긴급) 밸브,글로브형 등 13종 구매",2022,SCF,해군군수사령부,제한경쟁,총액제,적격심사제,202208181030,20220818,유찰
긴급공고,SCF0452,1,32036,***,"(긴급) 스위치,유동식 등 3종 구매",2022,SCF,해군군수사령부,제한경쟁,총액제,적격심사제,202208181030,20220818,낙찰
정상공고,UMM0506,1,23562,***,(227240-C)전문실습마네킨 구매,2022,UMM,국군재정관리단,제한경쟁,총액제,적격심사제,202208181100,20220818,낙찰
정상공고,UMM0507,1,29249,***,(226294-C)다목적 운반차 구매,2022,UMM,국군재정관리단,일반경쟁,총액제,적격심사제,202208181100,20220818,낙찰
정상공고,UMM0508,1,29301,***,(227307-E) 호흡용 고압 공기압축기(이동용) 구매,2022,UMM,국군재정관리단,일반경쟁,총액제,적격심사제,202208181100,20220818,낙찰
정상공고,UMM0505,1,29338,***,(226276-C)사이버훈련체계 구축 구매,2022,UMM,국군재정관리단,일반경쟁,총액제,적격심사제,202208181100,20220818,낙찰
긴급공고,UMM0510,1,30765,***,(227296-F)통합감지시스템(적외선감지기) 교체사업,2022,UMM,국군재정관리단,제한경쟁,총액제,적격심사제,202208181100,20220818,낙찰
정상공고,UMM0509,1,33535,***,(227264-C) 유전자검사 시약재료 구매,2022,UMM,국군재정관리단,일반경쟁,총액제,적격심사제,202208181100,20220818,낙찰
재공고,EBB0363,2,4602,***,"케이블 조립체,특수목적용,전기용",2022,EBB,지상공통전력운영계약팀,수의계약,총액제,적격심사제,202208171030,20220817,순위확정
정상공고,EBB0388,1,6900,***,장갑차부품,2022,EBB,지상공통전력운영계약팀,일반경쟁,총액제,적격심사제,202208171400,20220817,낙찰
정상공고,EBB0387,1,7530A,***,파이프류,2022,EBB,지상공통전력운영계약팀,수의계약,총액제,적격심사제,202208171100,20220817,유찰
정상공고,EHF0140,1,0540P,***,'22년 레이더세트(회전결합기 정비),2022,EHF,미래전력사업전력운영계약팀,제한경쟁,총액제,적격심사제,202208171100,20220817,낙찰
재공고,EHF0133,2,2H37A,001,공드럼 정비,2022,EHF,미래전력사업전력운영계약팀,일반경쟁,단가제,적격심사제,202208171100,20220817,순위확정
재공고,EHF0133,2,2H37A,004,공드럼 정비,2022,EHF,미래전력사업전력운영계약팀,일반경쟁,단가제,적격심사제,202208171100,20220817,순위확정
정상공고,EHF0138,1,8019,***,천마 수리부속류(튜브류),2022,EHF,미래전력사업전력운영계약팀,제한경쟁,총액제,적격심사제,202208171030,20220817,낙찰
긴급공고,ERA0005,1,3013,***,정합기세트용노트북,2022,ERA,우주지휘통신총괄계약팀,수의계약,총액제,적격심사제,202208171400,20220817,순위확정
긴급공고,HCF0188,1,32951,***,F-5 항공기 실링 컴파운드 구매,2022,HCF,공군군수사령부,제한경쟁,총액제,적격심사제,202208171030,20220817,낙찰
긴급공고,HCG0046,1,32750,***,[미디어콘텐츠과] 협업스토리지 1차 성능개량 구매,2022,HCG,공군본부,제한경쟁,총액제,적격심사제,202208171030,20220817,낙찰
긴급공고,HCS0026,1,33767,***,(조달)22-2-064 Y형 휀스 등 2품목,2022,HCS,제3훈련비행단,제한경쟁,총액제,적격심사제,202208171100,20220817,낙찰
긴급공고,HDF0048,1,33103,***,"22-178, 독립망 중앙스위치 구매·설치",2022,HDF,공군 제8전투비행단,제한경쟁,총액제,적격심사제,202208171100,20220817,낙찰
긴급공고,HFK0030,1,33500,***,철매-Ⅱ성능개량(무0지역)관급자재(방호벽),2022,HFK,제1방공유도탄여단,제한경쟁,총액제,적격심사제,202208171100,20220817,유찰
재공고,LCF0454,3,28078,***,"시동기,엔진용,전기식 등 2항목 제조(생산능력,궤도)",2022,LCF,육군군수사령부,수의계약,총액제,적격심사제,202208171030,20220817,유찰
정상공고,LCF0472,1,33262,***,"펌프,회전식 등 3항목 제조(생산능력, 기장)",2022,LCF,육군군수사령부,수의계약,총액제,적격심사제,202208171030,20220817,순위확정
재공고,LCG0073,2,28337,***,미래 GOP과학화경계시스템 구축방안에 대한 연구 용역,2022,LCG,육군본부,협상에의한계약(전자),총액제,최저가격제,202208171000,20220817,낙찰
긴급공고,LCG0090,1,32840,***,군사경찰장비용 휴대용무전기 건전지 등 2종 구매,2022,LCG,육군본부,제한경쟁,총액제,적격심사제,202208171030,20220817,낙찰
정상공고,LDH0696,1,33218,***,22-12차 정비용 장비 부품 구매,2022,LDH,육군종합정비창,제한경쟁,총액제,적격심사제,202208171300,20220817,낙찰
정상공고,LDH0697,1,33321,***,부품제작자재  튜브 스테인리스 관 등 16종 구매,2022,LDH,육군종합정비창,제한경쟁,총액제,적격심사제,202208171300,20220817,낙찰
정상공고,LDH0698,1,33326,***,부품제작자재  튜브 너트 적용관 등 14종 구매,2022,LDH,육군종합정비창,제한경쟁,총액제,적격심사제,202208171300,20220817,유찰
정상공고,LDH0699,1,33328,***,부품제작자재  호스피팅 내부나사형 등 6종 구매,2022,LDH,육군종합정비창,제한경쟁,총액제,적격심사제,202208171300,20220817,유찰
긴급공고,LHN0036,1,33304,001,22년 9~12월 부대계약 부식 빵류 제조구매,2022,LHN,제7보병사단,수의계약,단가제,적격심사제,202208171030,20220817,유찰
긴급공고,LHN0037,1,33355,001,22년 9~12월 부대계약 부식 어육가공품류 제조구매,2022,LHN,제7보병사단,제한경쟁,단가제,적격심사제,202208171030,20220817,낙찰
긴급공고,LHN0038,1,33360,001,22년 9~12월 부대계약 부식 식육가공품 제조구매,2022,LHN,제7보병사단,수의계약,단가제,적격심사제,202208171030,20220817,유찰
정상공고,LKP0073,1,33264,***,'22-2차 화공가스류 구매,2022,LKP,5군수지원사령부,제한경쟁,총액제,적격심사제,202208171100,20220817,낙찰
긴급공고,LKP0076,1,33487,***,22년 후방지역 위성통신체계 외주정비 용역,2022,LKP,5군수지원사령부,일반경쟁,총액제,적격심사제,202208171100,20220817,낙찰
긴급공고,LPG0077,1,33426,***,22년 식기세척기 임차용역 신규계약,2022,LPG,제5보병사단,제한경쟁,총액제,적격심사제,202208171100,20220817,낙찰
긴급공고,LQG0091,1,33537,***,00부대 급수시설 보수공사 자재납품(물탱크),2022,LQG,육군 52보병사단,제한경쟁,총액제,적격심사제,202208171100,20220817,낙찰
긴급공고,LQS0009,1,33639,***,'22년~'25년 식기세척기 임차용역,2022,LQS,제3739부대,제한경쟁,총액제,적격심사제,202208171100,20220817,낙찰
재공고,MCD0023,3,24376,***,군 급식 민간위탁 시범사업 성과분석 연구,2022,MCD,국방부(운영지원과),협상에의한계약(전자),총액제,최저가격제,202208171030,20220817,낙찰
정상공고,MCD0030,1,31277,***,국방 무인항공기(드론) 정비사 자격 신설 연구용역,2022,MCD,국방부(운영지원과),협상에의한계약(전자),총액제,최저가격제,202208171030,20220817,낙찰
재공고,SCF0088,2,22999,***,"잠수함(SS-I, SS-II) 전술훈련장비 유지보수 용역",2022,SCF,해군군수사령부,일반경쟁,총액제,적격심사제,202208171030,20220817,낙찰
긴급공고,SCF0448,1,29937,***,"(긴급)표지등, 공항착륙용 등 8종",2022,SCF,해군군수사령부,제한경쟁,총액제,적격심사제,202208171030,20220817,낙찰
긴급공고,SCF0445,1,30271,***,(긴급)정류자 등 7종,2022,SCF,해군군수사령부,제한경쟁,총액제,적격심사제,202208171030,20220817,유찰
재공고,SCF0412,2,30366,***,M.D.I v1.0 (Myung Disk InformationUtility) 구매,2022,SCF,해군군수사령부,수의계약,총액제,적격심사제,202208171230,20220817,유찰
긴급공고,SCF0315,1,30691,***,"타이어탈착기, 소형 등 2종 구매",2022,SCF,해군군수사령부,제한경쟁,총액제,적격심사제,202208171030,20220817,낙찰
긴급공고,SCF0317,1,30766,***,CO₂용접기 등 2종 구매,2022,SCF,해군군수사령부,제한경쟁,총액제,적격심사제,202208171030,20220817,낙찰
긴급공고,SCF0095,1,31640,***,손원일급 잠수함 전투체계 수명주기지원 정비,2022,SCF,해군군수사령부,수의계약,총액제,적격심사제,202208171030,20220817,유찰
긴급공고,SCF0324,1,31775,***,양극 등 2종 구매,2022,SCF,해군군수사령부,제한경쟁,총액제,적격심사제,202208171030,20220817,낙찰
긴급공고,SCF0321,1,31943,***,"베어링, 볼형 등 8종 구매",2022,SCF,해군군수사령부,제한경쟁,총액제,적격심사제,202208171030,20220817,낙찰
긴급공고,SCF0322,1,31949,***,컬러잉크 등 49종 구매,2022,SCF,해군군수사령부,제한경쟁,총액제,적격심사제,202208171030,20220817,낙찰
긴급공고,SCF0454,1,31995,***,"걸쇠, 조임용 등 2종",2022,SCF,해군군수사령부,일반경쟁,총액제,적격심사제,202208171230,20220817,낙찰
긴급공고,SCF0455,1,31997,***,"호스 조립체, 비금속제 등 7종",2022,SCF,해군군수사령부,일반경쟁,총액제,적격심사제,202208171230,20220817,낙찰
긴급공고,SCF0456,1,31998,***,"덮개, 입구용 등 7종",2022,SCF,해군군수사령부,일반경쟁,총액제,적격심사제,202208171230,20220817,낙찰
긴급공고,SCF0446,1,32087,***,(긴급)구리양극조립체 등 8종,2022,SCF,해군군수사령부,제한경쟁,총액제,적격심사제,202208171030,20220817,낙찰
긴급공고,SCF0442,1,32487,***,"(긴급)휠,광택연마용 등 8종",2022,SCF,해군군수사령부,제한경쟁,총액제,적격심사제,202208171030,20220817,낙찰
긴급공고,SCF0443,1,32581,***,"(긴급)클러치,자기식,비차량용 등 2종",2022,SCF,해군군수사령부,일반경쟁,총액제,적격심사제,202208171030,20220817,낙찰
긴급공고,SCF0444,1,32756,***,(긴급)알루미늄 청동 등 2종,2022,SCF,해군군수사령부,제한경쟁,총액제,적격심사제,202208171030,20220817,낙찰
재공고,SCF0227,2,32855,***,LA소갈비(냉동) 등 3종 구매,2022,SCF,해군군수사령부,제한경쟁,총액제,적격심사제,202208171030,20220817,유찰
재공고,SCF0228,2,32866,001,꿔바로우 구매,2022,SCF,해군군수사령부,제한경쟁,단가제,적격심사제,202208171030,20220817,낙찰
긴급공고,SCF0320,1,32964,***,정제소금 20TM 구매,2022,SCF,해군군수사령부,제한경쟁,총액제,적격심사제,202208171030,20220817,낙찰
긴급공고,SCF0447,1,33148,***,"(긴급) 저항기, 열민감식 등 7종",2022,SCF,해군군수사령부,제한경쟁,총액제,적격심사제,202208171030,20220817,낙찰
긴급공고,SCF0316,1,33190,***,기화기 조립체 등 6종 구매,2022,SCF,해군군수사령부,제한경쟁,총액제,적격심사제,202208171030,20220817,낙찰
긴급공고,SCF0319,1,33403,***,폭발물처리반 작전복 등 2종 구매,2022,SCF,해군군수사령부,제한경쟁,총액제,적격심사제,202208171030,20220817,낙찰
긴급공고,SCF0457,1,33581,***,황동괴 1종,2022,SCF,해군군수사령부,일반경쟁,총액제,적격심사제,202208171230,20220817,낙찰
긴급공고,SCF0450,1,33691,***,(긴급)'22-00창 00직장 토양정밀조사 용역,2022,SCF,해군군수사령부,제한경쟁,총액제,적격심사제,202208171030,20220817,낙찰
재공고,UMM0528,2,23353,***,'22년 후반기 전군지원 전세버스 수송용역,2022,UMM,국군재정관리단,일반경쟁,총액제,적격심사제,202208171100,20220817,낙찰
정상공고,UMM0546,1,23957,***,22-해-계류부이 제조,2022,UMM,국군재정관리단,제한경쟁,총액제,적격심사제,202208171100,20220817,낙찰
정상공고,UMM0545,1,30529,***,22-해-안전발판사다리 등 11종 구매,2022,UMM,국군재정관리단,제한경쟁,총액제,적격심사제,202208171100,20220817,낙찰
정상공고,UMM0503,1,31075,***,(226324-B) 스마트러닝체계 교체(노트북 및 보관함),2022,UMM,국군재정관리단,일반경쟁,총액제,적격심사제,202208171100,20220817,낙찰
재공고,LCG0066,4,23339,***,저고도 공역 통합 관제체계 연동 소요 연구용역,2022,LCG,육군본부,수의계약,총액제,최저가격제,202208161000,20220816,유찰
재공고,LDH0676,2,31455,***,(화공) 주물사 5호 1종 구매,2022,LDH,육군종합정비창,제한경쟁,총액제,적격심사제,202208161300,20220816,낙찰
정상공고,LDH0695,1,32947,***,후반기 정비장비 예비부품(통신장비류) 구매,2022,LDH,육군종합정비창,제한경쟁,총액제,적격심사제,202208161300,20220816,낙찰
정상공고,LIK0106,1,32044,001,'22년 9~12월 식자재 다수품목 구매,2022,LIK,제2군수지원여단,2단계경쟁(동시),단가제,최저가격제,202208161000,20220816,낙찰
정상공고,MDD0101,1,31581,***,2022 국군수도병원 특수수술재료(Gaurdix SOL) 구매,2022,MDD,국군수도병원,제한경쟁,총액제,적격심사제,202208161700,20220816,낙찰
정상공고,MDD0102,1,31584,***,2022 특수수술재료(BIO BMP2)구매,2022,MDD,국군수도병원,제한경쟁,총액제,적격심사제,202208161700,20220816,유찰
긴급공고,SFC0095,1,33154,***,의약품 등(콜킨 정 등 71품목) 구매,2022,SFC,제9691부대,제한경쟁,총액제,적격심사제,202208161100,20220816,유찰
긴급공고,SFC0096,1,33158,***,22-덕-2차 모병홍보물품 구매,2022,SFC,제9691부대,제한경쟁,총액제,적격심사제,202208161100,20220816,낙찰
정정공고,UAZ0015,5,28564,***,합동군사대학교 홍보영상 용역,2022,UAZ,합동군사대학교,일반경쟁,총액제,적격심사제,202208161000,20220816,낙찰
정상공고,UMM0500,1,30098,***,(227031-H)육군 웹메일 공유볼륨 SW 도입(리스물건),2022,UMM,국군재정관리단,제한경쟁,총액제,적격심사제,202208161100,20220816,낙찰
정상공고,UMM0501,1,31167,***,(226316-F)KCTC 이동형 망연계시스템 교체사업,2022,UMM,국군재정관리단,일반경쟁,총액제,적격심사제,202208161100,20220816,낙찰
정상공고,UMM0499,1,32841,***,(22F051-G) 헬기위치추적체계 SW고도화사업 감리용역,2022,UMM,국군재정관리단,제한경쟁,총액제,적격심사제,202208161100,20220816,낙찰
긴급공고,DSS0051,1,31078,***,국방보안 컨퍼런스 행사 용역,2022,DSS,국군제1068부대,협상에의한계약(전자),총액제,최저가격제,202208121400,20220812,낙찰
정상공고,EBB0385,1,1A204,***,22~23년 (F-5) 조준기 등 정비(D),2022,EBB,지상공통전력운영계약팀,수의계약,총액제,적격심사제,202208121130,20220812,유찰
정상공고,EHF0137,1,2550J,***,22년 천마 가스터빈 엔진 정비,2022,EHF,미래전력사업전력운영계약팀,수의계약,총액제,적격심사제,202208121030,20220812,유찰
긴급공고,LKG0042,1,32965,***,22년 9월 부대급식품목(일반품목),2022,LKG,육군제53보병사단,일반경쟁,총액제,적격심사제,202208121030,20220812,낙찰
긴급공고,LKG0043,1,32968,***,22년 9월 부대급식품목(어묵류),2022,LKG,육군제53보병사단,제한경쟁,총액제,적격심사제,202208121030,20220812,낙찰
긴급공고,LKG0044,1,32972,***,22년 9월 부대급식품목(면류),2022,LKG,육군제53보병사단,제한경쟁,총액제,적격심사제,202208121030,20220812,낙찰
긴급공고,LKG0045,1,32975,***,22년 9월 부대급식품목(빵류),2022,LKG,육군제53보병사단,제한경쟁,총액제,적격심사제,202208121030,20220812,유찰
정상공고,MCM0010,1,31963,***,VOIP 교환기 구축,2022,MCM,4284부대,일반경쟁,총액제,적격심사제,202208121030,20220812,낙찰
정정공고,MDD0100,2,31542,***,22년 213차 의약품(pelubiprofen 45mg 등 3품목) 구매,2022,MDD,국군수도병원,제한경쟁,총액제,적격심사제,202208121700,20220812,낙찰
정상공고,MDD0099,1,31559,***,22년 국군수도병원 핵의학과 교정용선원(C0-57) 구매,2022,MDD,국군수도병원,수의계약,총액제,적격심사제,202208121700,20220812,유찰
재공고,MDG0154,2,28001,***,22년 의무장비(비디오기도삽관기) 구매,2022,MDG,국군의무사령부,제한경쟁,총액제,적격심사제,202208121100,20220812,유찰
정정공고,MDG0171,3,32418,***,수도병원 승강기 교체 IT분전반 제조설치,2022,MDG,국군의무사령부,제한경쟁,총액제,적격심사제,202208121100,20220812,낙찰
정상공고,UMM0496,1,26746,***,(227281-B) UPS 배터리 관리시스템 구매설치,2022,UMM,국군재정관리단,일반경쟁,총액제,적격심사제,202208121100,20220812,낙찰
정상공고,UMM0494,1,28396,***,(226285-B) 22-1차 교수부 교육장비 구매,2022,UMM,국군재정관리단,일반경쟁,총액제,적격심사제,202208121100,20220812,유찰
정상공고,UMM0498,1,32751,***,(226304-F)22~23년 생도 수영복 등 5종 구매,2022,UMM,국군재정관리단,제한경쟁,총액제,적격심사제,202208121100,20220812,낙찰
재공고,HCF0176,2,25720,***,[신궁부품]가스관조립체 등 7종 제조,2022,HCF,공군군수사령부,제한경쟁,총액제,적격심사제,202208111030,20220811,낙찰
재공고,HCF0173,2,28016,***,"[TA-1 부품]차량용 에어컨,루프형 구매",2022,HCF,공군군수사령부,제한경쟁,총액제,적격심사제,202208111030,20220811,낙찰
긴급공고,HDS0011,1,31409,***,미-22-무인표적기 회수 용역,2022,HDS,공군미사일방어사령부,수의계약,총액제,적격심사제,202208111100,20220811,유찰
재공고,MDG0019,2,29980,***,22-11차 연구장비 구매 계약 - 의약품 냉동고,2022,MDG,국군의무사령부,제한경쟁,총액제,적격심사제,202208111600,20220811,유찰
재공고,MDG0020,2,29981,***,22-12차 연구장비 구매 계약 - 초저온냉동고,2022,MDG,국군의무사령부,제한경쟁,총액제,적격심사제,202208111600,20220811,순위확정
재공고,MDG0023,2,29984,***,22-15차 연구장비 구매 계약 - 진탕욕조,2022,MDG,국군의무사령부,제한경쟁,총액제,적격심사제,202208111600,20220811,유찰
긴급공고,MDG0172,1,32709,***,홍천병원 승강기교체 제조설치납품,2022,MDG,국군의무사령부,제한경쟁,총액제,적격심사제,202208111100,20220811,낙찰
긴급공고,MDG0024,1,32985,***,22-1차 연구장비 구매 계약 - 증기후드,2022,MDG,국군의무사령부,수의계약,총액제,적격심사제,202208111600,20220811,유찰
긴급공고,MDP0015,1,32980,***,"전자제품(110V, UL인증) 10종 구매",2022,MDP,한미연합군사령부,제한경쟁,총액제,적격심사제,202208111100,20220811,낙찰
긴급공고,SCF0313,1,31792,001,AIP 산소 구매,2022,SCF,해군군수사령부,제한경쟁,단가제,적격심사제,202208111030,20220811,낙찰
긴급공고,SCF0439,1,32153,***,(긴급)무두 렌치 볼트 등 15종,2022,SCF,해군군수사령부,제한경쟁,총액제,적격심사제,202208111030,20220811,유찰
긴급공고,SCF0441,1,32411,***,"(긴급)전지, 축전식 등 8종",2022,SCF,해군군수사령부,제한경쟁,총액제,적격심사제,202208111030,20220811,낙찰
긴급공고,SCF0440,1,32430,***,(긴급) 커민스 피티펌프 1종,2022,SCF,해군군수사령부,제한경쟁,총액제,적격심사제,202208111030,20220811,낙찰
긴급공고,SCF0227,1,32855,***,LA소갈비(냉동) 등 3종 구매,2022,SCF,해군군수사령부,제한경쟁,총액제,적격심사제,202208111030,20220811,유찰
긴급공고,SCF0228,1,32866,001,꿔바로우 구매,2022,SCF,해군군수사령부,제한경쟁,단가제,적격심사제,202208111030,20220811,유찰
긴급공고,SCF0229,1,32881,001,해물완자 구매,2022,SCF,해군군수사령부,제한경쟁,단가제,적격심사제,202208111030,20220811,낙찰
긴급공고,SCU0060,1,33015,***,바베큐폭립 등 7종 구매,2022,SCU,해군 기동함대사령부,제한경쟁,총액제,적격심사제,202208111100,20220811,낙찰
긴급공고,SCU0061,1,33018,***,반미바게트 등 11종 구매,2022,SCU,해군 기동함대사령부,제한경쟁,총액제,적격심사제,202208111100,20220811,낙찰
긴급공고,SCU0062,1,33019,***,스팸부대찌개 등 9종 구매,2022,SCU,해군 기동함대사령부,제한경쟁,총액제,적격심사제,202208111100,20220811,유찰
긴급공고,SCU0063,1,33020,***,커브그릴부어스트 등 14종 구매,2022,SCU,해군 기동함대사령부,제한경쟁,총액제,적격심사제,202208111100,20220811,낙찰
긴급공고,SCU0064,1,33021,***,제주감귤파이 등 8종 구매,2022,SCU,해군 기동함대사령부,제한경쟁,총액제,적격심사제,202208111100,20220811,낙찰
긴급공고,SCU0065,1,33022,***,카프리썬 등 6종 구매,2022,SCU,해군 기동함대사령부,제한경쟁,총액제,적격심사제,202208111100,20220811,낙찰
긴급공고,SCU0066,1,33023,***,큐브매콤덮밥소스 등 25종 구매,2022,SCU,해군 기동함대사령부,제한경쟁,총액제,적격심사제,202208111100,20220811,낙찰
긴급공고,SCU0067,1,33028,***,아르미 김치전 8종 구매,2022,SCU,해군 기동함대사령부,제한경쟁,총액제,적격심사제,202208111100,20220811,낙찰
긴급공고,SFN0047,1,32962,***,생수 등 25품목 구매(도서전투부식),2022,SFN,연평부대,일반경쟁,총액제,적격심사제,202208111030,20220811,낙찰
정상공고,UMM0518,1,26221,***,22-공-전투복 등 2종 제조,2022,UMM,국군재정관리단,제한경쟁,총액제,적격심사제,202208111100,20220811,낙찰
정상공고,UMM0493,1,32213,***,(22F119-I) 22~'23년 간부피복 택배 용역,2022,UMM,국군재정관리단,수의계약,총액제,적격심사제,202208111100,20220811,유찰
재공고,EHF0123,2,0022,***,22년 오리콘 사격통제장치 부품류(제조),2022,EHF,미래전력사업전력운영계약팀,수의계약,총액제,적격심사제,202208101400,20220810,순위확정
재공고,EHF0121,2,3110J,***,22년 패트리어트 안테나 결합체 외주정비,2022,EHF,미래전력사업전력운영계약팀,수의계약,총액제,적격심사제,202208101100,20220810,유찰
재공고,ELA0026,2,5200A,***,시험장비(2종)(230mm급 다련장 2차 양산),2022,ELA,화력총괄계약팀,일반경쟁,총액제,적격심사제,202208101030,20220810,유찰
재공고,HCF0174,2,24803,***,"제거제, 페인트용 1종 구매",2022,HCF,공군군수사령부,제한경쟁,총액제,적격심사제,202208101030,20220810,낙찰
정상공고,HFK0029,1,32782,***,22-용-37 133-5포대 이사 용역,2022,HFK,제1방공유도탄여단,제한경쟁,총액제,적격심사제,202208101030,20220810,낙찰
재공고,LCF0466,2,30926,***,"튜브,공기 타이어용,차량용 등 8항목 제조(기장)",2022,LCF,육군군수사령부,수의계약,총액제,적격심사제,202208101030,20220810,유찰
정상공고,LDG0056,1,31672,***,공사감독 안전용품 구매,2022,LDG,육군 탄약지원사령부,제한경쟁,총액제,적격심사제,202208101030,20220810,낙찰
정상공고,LDH0680,1,32253,***,(정비) 테스터기 리드선등 24종구매,2022,LDH,육군종합정비창,제한경쟁,총액제,적격심사제,202208101300,20220810,낙찰
정상공고,LDH0682,1,32342,***,후반기 정비장비 예비부품(공병장비류) 구매,2022,LDH,육군종합정비창,제한경쟁,총액제,적격심사제,202208101300,20220810,낙찰
정상공고,LDH0683,1,32344,***,후반기 정비장비 예비부품(궤도장비류) 구매,2022,LDH,육군종합정비창,제한경쟁,총액제,적격심사제,202208101300,20220810,낙찰
정상공고,LDH0685,1,32350,***,UH-60 와셔 등 3종 구매,2022,LDH,육군종합정비창,제한경쟁,총액제,적격심사제,202208101000,20220810,낙찰
정상공고,LDH0684,1,32353,***,후반기 정비장비 예비부품(기타장비류) 구매,2022,LDH,육군종합정비창,제한경쟁,총액제,적격심사제,202208101300,20220810,낙찰
정상공고,LDH0686,1,32356,***,K55자주포 기어세트 구매,2022,LDH,육군종합정비창,제한경쟁,총액제,적격심사제,202208101300,20220810,낙찰
정상공고,LDH0688,1,32389,***,후반기 정비장비 예비부품(필터류 1차) 구매,2022,LDH,육군종합정비창,제한경쟁,총액제,적격심사제,202208101300,20220810,유찰
정상공고,LDH0691,1,32408,***,후반기 정비장비 예비부품(전산소모품) 구매,2022,LDH,육군종합정비창,제한경쟁,총액제,적격심사제,202208101300,20220810,낙찰
정상공고,LDH0692,1,32445,***,부품제작자재 고무스폰지 등 20종 구매,2022,LDH,육군종합정비창,제한경쟁,총액제,적격심사제,202208101300,20220810,낙찰
정상공고,LDH0693,1,32446,***,(화공)록타이트 587 1종 구매,2022,LDH,육군종합정비창,제한경쟁,총액제,적격심사제,202208101300,20220810,낙찰
정상공고,LDH0694,1,32450,***,(정비) 에어호스등 26종구매,2022,LDH,육군종합정비창,제한경쟁,총액제,적격심사제,202208101300,20220810,낙찰
정상공고,LIK0108,1,32414,001,'22년 국군의날 경축특식 훈제닭다리 제조/구매,2022,LIK,제2군수지원여단,제한경쟁,단가제,적격심사제,202208101030,20220810,낙찰
긴급공고,LQG0087,1,32696,***,00부대 화생방지원대(구호송대) 냉난방기 설치납품,2022,LQG,육군 52보병사단,제한경쟁,총액제,적격심사제,202208101100,20220810,낙찰
재공고,MCD0028,2,29135,***,군 상용차량 교체주기 및 대당 유지비 편성기준 검토,2022,MCD,국방부(운영지원과),협상에의한계약(전자),총액제,최저가격제,202208101100,20220810,낙찰
긴급공고,MCD0029,1,31363,***,2022년 AI·SW 리더스 교육과정 운영 용역,2022,MCD,국방부(운영지원과),협상에의한계약(전자),총액제,최저가격제,202208101100,20220810,낙찰
긴급공고,MON0005,1,27178,***,22년 상용S/W구매사업,2022,MON,국방정신전력원,제한경쟁,총액제,적격심사제,202208101100,20220810,낙찰
긴급공고,SCF0309,1,29787,***,차륜정렬장치 1EA 구매,2022,SCF,해군군수사령부,제한경쟁,총액제,적격심사제,202208101030,20220810,낙찰
재공고,SCF0299,2,29793,***,"송풍기, 날개 축방향형 1EA 구매",2022,SCF,해군군수사령부,제한경쟁,총액제,적격심사제,202208101030,20220810,낙찰
긴급공고,SCF0308,1,30970,***,"축, 해수펌프용 등 11종 구매",2022,SCF,해군군수사령부,제한경쟁,총액제,적격심사제,202208101030,20220810,낙찰
긴급공고,SCF0310,1,31743,***,수중용 캠 등 6종 구매,2022,SCF,해군군수사령부,제한경쟁,총액제,적격심사제,202208101030,20220810,낙찰
긴급공고,SCF0312,1,31923,***,스위치 등 3종 구매,2022,SCF,해군군수사령부,제한경쟁,총액제,적격심사제,202208101030,20220810,낙찰
긴급공고,UMM0497,1,24586,***,(226040-G) 22년 기능실 전시체계 구축사업(리스물건),2022,UMM,국군재정관리단,일반경쟁,총액제,적격심사제,202208101100,20220810,낙찰
정상공고,UMM0491,1,28260,***,(226272-C)피아식별띠 제조,2022,UMM,국군재정관리단,제한경쟁,총액제,적격심사제,202208101100,20220810,낙찰
정상공고,UMM0543,1,28478,***,22-공-광전송장비 구매,2022,UMM,국군재정관리단,제한경쟁,총액제,적격심사제,202208101100,20220810,낙찰
정상공고,UMM0544,1,30206,***,22-공-가스크로마토그래피(질량분석식) 구매,2022,UMM,국군재정관리단,제한경쟁,총액제,적격심사제,202208101100,20220810,낙찰
정상공고,UMM0488,1,30320,***,(227318-E) 전산장비(노트북 등 5종) 구매,2022,UMM,국군재정관리단,제한경쟁,총액제,적격심사제,202208101100,20220810,낙찰
정상공고,EQA0006,1,9090,***,HF무전기 데이터 주입기,2022,EQA,헬기총괄계약팀,수의계약,총액제,최저가격제,202208091500,20220809,유찰
정상공고,EU40001,1,7201,***,소형무인기대응체계(Block-I) 체계개발,2022,EUA,첨단기술총괄계약팀,협상에의한계약(서류),총액제,적격심사제,202208091500,20220809,낙찰
긴급공고,HCF0187,1,31510,***,[항공기급유차 부품]모터 구매,2022,HCF,공군군수사령부,제한경쟁,총액제,적격심사제,202208091030,20220809,낙찰
긴급공고,HCF0186,1,31706,***,실린더 버터플라이 밸브 등 72종 구매,2022,HCF,공군군수사령부,제한경쟁,총액제,적격심사제,202208091030,20220809,유찰
긴급공고,HCF0185,1,32352,***,"시험세트, 전산기용 외주정비",2022,HCF,공군군수사령부,수의계약,총액제,적격심사제,202208091030,20220809,유찰
재공고,LCF0460,3,29535,***,자주포 궤도 가류불량 고무제거 정비,2022,LCF,육군군수사령부,수의계약,총액제,적격심사제,202208091030,20220809,유찰
재공고,LCF0464,2,30088,***,K계열 전차 소화기류 정비,2022,LCF,육군군수사령부,수의계약,총액제,적격심사제,202208091030,20220809,유찰
정상공고,LCF0467,1,30236,***,"사거리 측정기, 레이저용 1항목 구매(대테러, 총포)",2022,LCF,육군군수사령부,제한경쟁,총액제,적격심사제,202208091030,20220809,유찰
정상공고,LCF0468,1,30237,***,"수중탐색기 1항목 구매(대테러, 총포)",2022,LCF,육군군수사령부,일반경쟁,총액제,적격심사제,202208091030,20220809,낙찰
정상공고,LCF0469,1,32118,***,개스킷 및 성형패킹세트 등 64항목 제조(궤도),2022,LCF,육군군수사령부,제한경쟁,총액제,적격심사제,202208091030,20220809,낙찰
긴급공고,LCP0025,1,32444,***,`22-`25년 정수기 임차용역,2022,LCP,육군항공사령부,일반경쟁,총액제,적격심사제,202208091130,20220809,낙찰
정상공고,LDG0055,1,31962,***,'22년 사이버지식정보방 소모품 구매,2022,LDG,육군 탄약지원사령부,수의계약,총액제,적격심사제,202208091030,20220809,유찰
정상공고,LDH0674,1,31338,***,대형 제청도장기 외주정비 용역,2022,LDH,육군종합정비창,수의계약,총액제,최저가격제,202208091300,20220809,유찰
정상공고,LDH0679,1,32167,***,22-11차 정비용 장비 부품 구매,2022,LDH,육군종합정비창,제한경쟁,총액제,적격심사제,202208091300,20220809,낙찰
긴급공고,LHR0038,1,32485,***,'22년 00부대 예비군 훈련대 청소 용역,2022,LHR,육군 제37보병사단,제한경쟁,총액제,적격심사제,202208091030,20220809,낙찰
긴급공고,LKG0041,1,32117,***,22년 부대조달(식용유)구매,2022,LKG,육군제53보병사단,제한경쟁,총액제,적격심사제,202208091030,20220809,낙찰
긴급공고,LKP0044,1,32392,001,22년 부대조달 후식류(바나나) 구매,2022,LKP,5군수지원사령부,일반경쟁,단가제,적격심사제,202208091500,20220809,낙찰
긴급공고,LNQ0041,1,32081,***,'22년 신영사업 내진성능평가 용역(1공구),2022,LNQ,제17보병사단,제한경쟁,총액제,적격심사제,202208091030,20220809,유찰
긴급공고,LNQ0042,1,32082,***,'22년 신영사업 내진성능평가 용역(2공구),2022,LNQ,제17보병사단,제한경쟁,총액제,적격심사제,202208091030,20220809,낙찰
긴급공고,LNQ0043,1,32083,***,'22년 신영사업 내진성능평가 용역(3공구),2022,LNQ,제17보병사단,제한경쟁,총액제,적격심사제,202208091030,20220809,낙찰
긴급공고,LNQ0044,1,32084,***,'22년 신영사업 내진성능평가 용역(4공구),2022,LNQ,제17보병사단,제한경쟁,총액제,적격심사제,202208091030,20220809,낙찰
긴급공고,LQG0086,1,32009,***,00부대 보수근무대 개선공사(냉난방기 설치납품),2022,LQG,육군 52보병사단,제한경쟁,총액제,적격심사제,202208091100,20220809,낙찰
긴급공고,MBC0004,1,32498,***,여단 전시체계(브리핑/화상회의) 설치사업(리스물건),2022,MBC,화력여단,제한경쟁,총액제,적격심사제,202208091030,20220809,낙찰
긴급공고,MCM0009,1,30114,***,정보화 인프라 구축,2022,MCM,4284부대,협상에의한계약(전자),총액제,최저가격제,202208091000,20220809,낙찰
정상공고,MCR0028,1,30928,***,22-3차 전산운영용품 (빔프로젝트 램프)구매,2022,MCR,국방대학교,일반경쟁,총액제,적격심사제,202208091030,20220809,낙찰
정상공고,MDG0168,1,30955,***,'22년 화생방전 도서 구매,2022,MDG,국군의무사령부,제한경쟁,총액제,적격심사제,202208091100,20220809,유찰
정상공고,MDG0169,1,32106,***,22년 의무장비(지속적피동운동기) 구매,2022,MDG,국군의무사령부,제한경쟁,총액제,적격심사제,202208091100,20220809,낙찰
긴급공고,MDG0170,1,32394,***,함평병원 기계설비 성능점검 용역,2022,MDG,국군의무사령부,제한경쟁,총액제,적격심사제,202208091100,20220809,낙찰
정상공고,MDJ0037,1,31883,***,특수수술재료(하이코갤 1.5cc 등 3종) 연간계약,2022,MDJ,국군대전병원,일반경쟁,총액제,적격심사제,202208091030,20220809,낙찰
긴급공고,MHD0070,1,31348,***,'22년도 3분기 전산(프린터) 소모품 구매,2022,MHD,방위사업청(운영지원과),제한경쟁,총액제,적격심사제,202208091100,20220809,낙찰
긴급공고,SCF0436,1,23021,***,"바, 금속제 등 5종",2022,SCF,해군군수사령부,일반경쟁,총액제,적격심사제,202208091230,20220809,낙찰
재공고,SCF0074,3,23779,***,잠수함 출입용 현문 사다리 전동기 정비,2022,SCF,해군군수사령부,수의계약,총액제,적격심사제,202208091030,20220809,유찰
재공고,SCF0402,2,28834,***,(긴급)실링 등 5종,2022,SCF,해군군수사령부,제한경쟁,총액제,적격심사제,202208091030,20220809,유찰
재공고,SCF0385,2,28945,***,(긴급) 사이트 글라스 등 7종,2022,SCF,해군군수사령부,제한경쟁,총액제,적격심사제,202208091030,20220809,유찰
긴급공고,SCF0435,1,28981,***,"바, 금속제 등 6종",2022,SCF,해군군수사령부,일반경쟁,총액제,적격심사제,202208091230,20220809,낙찰
재공고,SCF0403,2,29023,***,"(긴급)계전기, 고체소자식 등 2종",2022,SCF,해군군수사령부,제한경쟁,총액제,적격심사제,202208091030,20220809,유찰
긴급공고,SCF0426,1,29129,***,"(긴급) 부품키트, 세면대용 등 7종",2022,SCF,해군군수사령부,제한경쟁,총액제,적격심사제,202208091030,20220809,낙찰
긴급공고,SCF0434,1,29168,***,"(긴급)밸브, 게이트형(5K80) 등 11종",2022,SCF,해군군수사령부,제한경쟁,총액제,적격심사제,202208091030,20220809,낙찰
긴급공고,SCF0432,1,29205,***,"(긴급)벨로스, 보호용 등 4종",2022,SCF,해군군수사령부,제한경쟁,총액제,적격심사제,202208091030,20220809,낙찰
긴급공고,SCF0425,1,29211,***,(긴급) 시일 밀봉형 등 4종,2022,SCF,해군군수사령부,제한경쟁,총액제,적격심사제,202208091030,20220809,유찰
긴급공고,SCF0307,1,29592,***,"배출관, 연료주입 펌프용 등 10종 구매",2022,SCF,해군군수사령부,제한경쟁,총액제,적격심사제,202208091030,20220809,순위확정
긴급공고,SCF0424,1,29899,***,"(긴급) 연결기, 플러그형, 전기용 등 5종",2022,SCF,해군군수사령부,제한경쟁,총액제,적격심사제,202208091030,20220809,유찰
긴급공고,SCF0429,1,30026,***,(긴급)스위치 조립체 등 8종,2022,SCF,해군군수사령부,제한경쟁,총액제,적격심사제,202208091030,20220809,낙찰
긴급공고,SCF0093,1,30454,***,함정 진공식 오수배관 용역,2022,SCF,해군군수사령부,일반경쟁,총액제,적격심사제,202208091030,20220809,낙찰
긴급공고,SCF0428,1,31041,***,"(긴급) 펌프,액체 작동식 등 5종 구매",2022,SCF,해군군수사령부,제한경쟁,총액제,적격심사제,202208091030,20220809,낙찰
긴급공고,SCF0427,1,31042,***,"(긴급) 스위치,압력식 등 4종 구매",2022,SCF,해군군수사령부,제한경쟁,총액제,적격심사제,202208091030,20220809,낙찰
긴급공고,SCF0431,1,31043,***,"(긴급) 노즐,연료 분사용 등 13종 구매",2022,SCF,해군군수사령부,제한경쟁,총액제,적격심사제,202208091030,20220809,낙찰
긴급공고,SCF0430,1,31046,***,(긴급) 전화교환대 군 등 5종 구매,2022,SCF,해군군수사령부,제한경쟁,총액제,적격심사제,202208091030,20220809,유찰
긴급공고,SCF0433,1,32180,***,"(긴급) 연결기, 플러그형,전기용 등 5종 구매",2022,SCF,해군군수사령부,제한경쟁,총액제,적격심사제,202208091030,20220809,낙찰
긴급공고,SCF0438,1,32511,***,"고무판, 고화식 등 3종",2022,SCF,해군군수사령부,일반경쟁,총액제,적격심사제,202208091230,20220809,유찰
긴급공고,SCU0055,1,32625,***,22-0전단 시설물 안전점검용역,2022,SCU,해군 기동함대사령부,일반경쟁,총액제,적격심사제,202208091100,20220809,유찰
재공고,UMM0520,2,23914,***,22-공-조종사용 선글라스 5종 제조,2022,UMM,국군재정관리단,제한경쟁,총액제,적격심사제,202208091100,20220809,낙찰
정상공고,UMM0541,1,24629,***,22-국-하계행사복 등 11종 제조,2022,UMM,국군재정관리단,제한경쟁,총액제,적격심사제,202208091100,20220809,낙찰
긴급공고,UMM0489,1,26594,***,(227229-E)2인승 동력패러슈트 세트 구매,2022,UMM,국군재정관리단,제한경쟁,총액제,적격심사제,202208091100,20220809,낙찰
정상공고,UMM0486,1,28380,***,(227297-B) 전자출판시스템 구매(리스물건),2022,UMM,국군재정관리단,제한경쟁,총액제,적격심사제,202208091100,20220809,낙찰
정상공고,UMM0487,1,32181,***,(227261-E) OO기지 UPS 및 배터리 교체사업,2022,UMM,국군재정관리단,제한경쟁,총액제,적격심사제,202208091100,20220809,낙찰
정상공고,EBB0381,1,5880,***,"22년 발연통, 연습폭탄용",2022,EBB,지상공통전력운영계약팀,수의계약,총액제,적격심사제,202208081100,20220808,유찰
재공고,HCG0036,2,27730,***,정원감축 대비 민간인력 전환분야 및 규모식별 연구,2022,HCG,공군본부,수의계약,총액제,최저가격제,202208081400,20220808,유찰
정상공고,HDF0046,1,32135,***,"22-199, 활성탄 구매 및 교체·처리",2022,HDF,공군 제8전투비행단,제한경쟁,총액제,적격심사제,202208081100,20220808,낙찰
재공고,LDH0652,2,29696,***,발칸 걸쇠 등 23종 구매,2022,LDH,육군종합정비창,제한경쟁,총액제,적격심사제,202208081300,20220808,낙찰
재공고,LDH0653,2,29699,***,발칸 덮개 등 12종 구매,2022,LDH,육군종합정비창,제한경쟁,총액제,적격심사제,202208081300,20220808,낙찰
정상공고,LDH0666,1,30662,***,콘테이너 샌드기 제조 설치,2022,LDH,육군종합정비창,2단계경쟁(동시),총액제,최저가격제,202208081300,20220808,낙찰
정상공고,SCG0078,1,29778,***,22-함정 포배열 체계 개선 및 발전방향 연구,2022,SCG,해군본부,2단계경쟁(동시),총액제,최저가격제,202208081000,20220808,낙찰
긴급공고,SCH0079,1,31520,***,ㅇㅇ함 노후교체 감시카메라(CCTV) 구매/설치,2022,SCH,해군작전사령부,제한경쟁,총액제,적격심사제,202208081030,20220808,낙찰
재공고,UMM0453,2,21256,***,(226243-B) 체력단련장 관리장비 통합구매,2022,UMM,국군재정관리단,일반경쟁,총액제,적격심사제,202208081100,20220808,낙찰
정상공고,UMM0481,1,25571,***,(227267-B) UPS배터리 구매 및 교체설치,2022,UMM,국군재정관리단,일반경쟁,총액제,적격심사제,202208081100,20220808,낙찰
정상공고,UMM0484,1,28673,***,(226047-G)'22년 육군 통합검색체계 교체(리스물건),2022,UMM,국군재정관리단,제한경쟁,총액제,적격심사제,202208081100,20220808,낙찰
정상공고,UMM0485,1,30291,***,(226052-G)지통실 화면전시체계 구축사업(리스물건),2022,UMM,국군재정관리단,제한경쟁,총액제,적격심사제,202208081100,20220808,낙찰
정상공고,EHF0133,1,2H37A,001,공드럼 정비,2022,EHF,미래전력사업전력운영계약팀,일반경쟁,단가제,적격심사제,202208051100,20220805,순위확정
정상공고,EHF0133,1,2H37A,002,공드럼 정비,2022,EHF,미래전력사업전력운영계약팀,일반경쟁,단가제,적격심사제,202208051100,20220805,낙찰
정상공고,EHF0133,1,2H37A,003,공드럼 정비,2022,EHF,미래전력사업전력운영계약팀,일반경쟁,단가제,적격심사제,202208051100,20220805,낙찰
정상공고,EHF0133,1,2H37A,004,공드럼 정비,2022,EHF,미래전력사업전력운영계약팀,일반경쟁,단가제,적격심사제,202208051100,20220805,순위확정
정상공고,EHF0131,1,4801,***,봉합재조립체 패킹링용 (백상어 수리부속),2022,EHF,미래전력사업전력운영계약팀,제한경쟁,총액제,적격심사제,202208051030,20220805,낙찰
정상공고,EHF0130,1,4812,***,"에이케이블 외, 정비장비세트, 중어뢰, SUT",2022,EHF,미래전력사업전력운영계약팀,수의계약,총액제,적격심사제,202208051030,20220805,유찰
재공고,SFC0086,2,29182,***,복지회관 중·장기 보수계획 관련 연구용역,2022,SFC,제9691부대,2단계경쟁(동시),총액제,최저가격제,202208051100,20220805,낙찰
정상공고,UMM0482,1,28664,***,(226046-G)'22년 육군 DB분석체계 교체(리스물건),2022,UMM,국군재정관리단,제한경쟁,총액제,적격심사제,202208051100,20220805,낙찰
정상공고,UMM0483,1,28990,***,(226308-F)22년 학교교실장비(빔프로젝터 등)도입사업,2022,UMM,국군재정관리단,일반경쟁,총액제,적격심사제,202208051100,20220805,낙찰
정상공고,UMM0539,1,31796,***,"22-해병 재난안전망 단말기, 지령장치 도입(리스물건)",2022,UMM,국군재정관리단,일반경쟁,총액제,적격심사제,202208051100,20220805,낙찰
정상공고,EBB0380,1,1217,***,2022 K10신형제독장치 부품,2022,EBB,지상공통전력운영계약팀,일반경쟁,총액제,적격심사제,202208041500,20220804,낙찰
정상공고,EBB0378,1,4020,***,K1방독면 수리부속,2022,EBB,지상공통전력운영계약팀,지명경쟁,총액제,적격심사제,202208041100,20220804,낙찰
정상공고,EBB0379,1,4270,***,2022 생물학정찰차 탐지물자,2022,EBB,지상공통전력운영계약팀,수의계약,총액제,적격심사제,202208041100,20220804,유찰
정상공고,ERA0004,1,3002,***,위장망체계 지지대세트류,2022,ERA,우주지휘통신총괄계약팀,수의계약,총액제,적격심사제,202208041400,20220804,순위확정
긴급공고,HDF0045,1,31954,***,"22-178, 독립망 중앙스위치 구매·설치",2022,HDF,공군 제8전투비행단,제한경쟁,총액제,적격심사제,202208041100,20220804,순위확정
긴급공고,LBA0117,1,31760,001,'22년 부대조달 후식 구매(초코볼),2022,LBA,제 2167부대,제한경쟁,단가제,적격심사제,202208041030,20220804,순위확정
긴급공고,LBA0118,1,31768,001,'22년 부대조달 후식 구매(맛밤),2022,LBA,제 2167부대,제한경쟁,단가제,적격심사제,202208041030,20220804,낙찰
정상공고,LCF0143,1,30467,***,방열소방장화 1항목 구매(피복물자),2022,LCF,육군군수사령부,제한경쟁,총액제,적격심사제,202208041030,20220804,낙찰
정상공고,LCF0466,1,30926,***,"튜브,공기 타이어용,차량용 등 8항목 제조(기장)",2022,LCF,육군군수사령부,수의계약,총액제,적격심사제,202208041030,20220804,유찰
정상공고,LDH0676,1,31455,***,(화공) 주물사 5호 1종 구매,2022,LDH,육군종합정비창,제한경쟁,총액제,적격심사제,202208041300,20220804,순위확정
정상공고,LDH0678,1,31554,***,(정비) 기계톱날 1종 구매,2022,LDH,육군종합정비창,제한경쟁,총액제,적격심사제,202208041300,20220804,낙찰
정정공고,LFC0061,2,31356,***,00부대 부대비품유지비 공기청정기 필터 제조설치-3차,2022,LFC,육군훈련소,일반경쟁,총액제,적격심사제,202208041030,20220804,낙찰
긴급공고,LQG0085,1,31974,***,'22년 냉난방기 설치 납품,2022,LQG,육군 52보병사단,제한경쟁,총액제,적격심사제,202208041030,20220804,낙찰
긴급공고,MDK0027,1,29609,***,중장비 수송차량 이동을 위한 도로능력 검증 연구용역,2022,MDK,국군수송사령부,협상에의한계약(전자),총액제,최저가격제,202208041030,20220804,낙찰
긴급공고,SCF0421,1,31039,***,"(긴급) 하우징,기계구동장치용 등 18종 구매",2022,SCF,해군군수사령부,제한경쟁,총액제,적격심사제,202208041030,20220804,낙찰
긴급공고,SCF0422,1,31040,***,(긴급) 레벨스위치 등 12종 구매,2022,SCF,해군군수사령부,제한경쟁,총액제,적격심사제,202208041030,20220804,낙찰
긴급공고,SCF0418,1,31246,***,"(긴급)박판,금속제 등 25종",2022,SCF,해군군수사령부,제한경쟁,총액제,적격심사제,202208041030,20220804,낙찰
긴급공고,SCF0420,1,31254,***,(긴급)집성판(1200X2400X18) 등 18종,2022,SCF,해군군수사령부,제한경쟁,총액제,적격심사제,202208041030,20220804,유찰
긴급공고,SCF0419,1,31268,***,"(긴급)고무판,고화식 등 8종",2022,SCF,해군군수사령부,제한경쟁,총액제,적격심사제,202208041030,20220804,낙찰
정상공고,UMM0478,1,29109,***,(226242-F)안전보호세트 구매,2022,UMM,국군재정관리단,제한경쟁,총액제,적격심사제,202208041100,20220804,낙찰
정상공고,UMM0479,1,31469,***,(226278-B) 병영생활플래너 표지 제조,2022,UMM,국군재정관리단,제한경쟁,총액제,적격심사제,202208041100,20220804,유찰
정상공고,EBB0374,1,2330,***,"기어조립체,감속기용(자주포류)",2022,EBB,지상공통전력운영계약팀,수의계약,총액제,적격심사제,202208031100,20220803,순위확정
정상공고,EBB0375,1,8260,***,상륙돌격장갑차 유지부품(구매),2022,EBB,지상공통전력운영계약팀,일반경쟁,총액제,적격심사제,202208031100,20220803,낙찰
정상공고,EBB0377,1,9462A,***,장갑차 변속기 부품(구매),2022,EBB,지상공통전력운영계약팀,제한경쟁,총액제,적격심사제,202208031400,20220803,낙찰
정상공고,EBB0376,1,9463,***,최종구동장치조립체류,2022,EBB,지상공통전력운영계약팀,일반경쟁,총액제,적격심사제,202208031500,20220803,순위확정
정상공고,EHF0128,1,0480P,***,"22년 증폭기, 무선 주파수용(정비)",2022,EHF,미래전력사업전력운영계약팀,수의계약,총액제,적격심사제,202208031100,20220803,순위확정
긴급공고,HCF0184,1,30339,***,초경드릴 등 152종 구매,2022,HCF,공군군수사령부,제한경쟁,총액제,적격심사제,202208031030,20220803,낙찰
긴급공고,LBB0059,1,31700,001,'22년 8월 부대계약(빵류),2022,LBB,육군제7789부대,제한경쟁,단가제,적격심사제,202208031030,20220803,유찰
정상공고,LCF0465,1,31074,***,상처드레싱패드 1품목 구매(의무),2022,LCF,육군군수사령부,제한경쟁,총액제,적격심사제,202208031130,20220803,낙찰
긴급공고,LPC0030,1,31561,***,22년 취사장 청소(후드 및 덕트) 용역,2022,LPC,제25보병사단,제한경쟁,총액제,적격심사제,202208031100,20220803,낙찰
긴급공고,LPC0031,1,31562,001,22-2차 식용유(콩기름) 구매,2022,LPC,제25보병사단,제한경쟁,단가제,적격심사제,202208031100,20220803,낙찰
정상공고,LQG0082,1,31326,***,(육성) 야전배낭 등 3종 제조 납품,2022,LQG,육군 52보병사단,제한경쟁,총액제,적격심사제,202208031100,20220803,유찰
정상공고,LQG0083,1,31388,***,22년 병영식당 의자 등 제조(납품),2022,LQG,육군 52보병사단,제한경쟁,총액제,적격심사제,202208031100,20220803,낙찰
정정공고,MHD0066,2,30104,***,방위사업 원가계산 외부용역(9차),2022,MHD,방위사업청(운영지원과),협상에의한계약(전자),총액제,최저가격제,202208031400,20220803,낙찰
긴급공고,NIT0013,1,31652,***,[연구소] 감정장비(컴퓨터 거짓말 탐지 세트) 구매,2022,NIT,국방부조사본부,제한경쟁,총액제,적격심사제,202208031030,20220803,낙찰
재공고,SCF0282,2,18306,***,"시일 링, 금속제 등 10종 구매",2022,SCF,해군군수사령부,제한경쟁,총액제,적격심사제,202208031030,20220803,유찰
긴급공고,SCF0092,1,23900,***,육상발전기 엔진 정비,2022,SCF,해군군수사령부,일반경쟁,총액제,적격심사제,202208031030,20220803,낙찰
긴급공고,SCF0091,1,27964,***,Lynx FTD(모의비행장치) 유지보수 용역,2022,SCF,해군군수사령부,수의계약,총액제,적격심사제,202208031030,20220803,순위확정
긴급공고,SCF0305,1,28346,***,표면조도기 1EA 구매,2022,SCF,해군군수사령부,제한경쟁,총액제,적격심사제,202208031030,20220803,낙찰
긴급공고,SCF0304,1,28600,***,"퓨즈, 통형(3A FUSE) 등 11종 구매",2022,SCF,해군군수사령부,제한경쟁,총액제,적격심사제,202208031030,20220803,낙찰
긴급공고,SCF0090,1,29541,***,"잠수함(SS-I, II) 조종훈련장비 유지보수 용역",2022,SCF,해군군수사령부,일반경쟁,총액제,적격심사제,202208031030,20220803,낙찰
긴급공고,SCF0416,1,31152,***,(긴급)전기용접기 등 4종,2022,SCF,해군군수사령부,제한경쟁,총액제,적격심사제,202208031030,20220803,낙찰
긴급공고,SCG0083,1,31791,***,스피커 등 8종,2022,SCG,해군본부,제한경쟁,총액제,적격심사제,202208031100,20220803,낙찰
재공고,SFC0081,3,27734,***,체력단련장 식자재 가지 등 174품목 구매,2022,SFC,제9691부대,일반경쟁,총액제,적격심사제,202208031100,20220803,유찰
정상공고,UMM0536,1,29486,***,22-해-고소작업대 등 5종 구매,2022,UMM,국군재정관리단,제한경쟁,총액제,적격심사제,202208031100,20220803,낙찰
정상공고,UMM0533,1,29489,***,22-해-수중자동청소기 등 22종 구매,2022,UMM,국군재정관리단,일반경쟁,총액제,적격심사제,202208031100,20220803,낙찰
정상공고,UMM0534,1,30039,***,22-해-상용 소프트웨어 구매,2022,UMM,국군재정관리단,일반경쟁,총액제,적격심사제,202208031100,20220803,낙찰
정상공고,UMM0532,1,30189,***,22-공-동력행글라이더 구매,2022,UMM,국군재정관리단,제한경쟁,총액제,적격심사제,202208031100,20220803,낙찰
정상공고,UMM0477,1,31343,***,(22F137-I) 직할부대 제초관리용역,2022,UMM,국군재정관리단,제한경쟁,총액제,적격심사제,202208031100,20220803,낙찰
재공고,EBB0365,2,4071A,***,2022 화학자동경보기 수리부속(일반),2022,EBB,지상공통전력운영계약팀,수의계약,총액제,적격심사제,202208021030,20220802,유찰
정상공고,EBB0373,1,4991A,***,2022 화학탐지기(CAD) 수리부속(일반),2022,EBB,지상공통전력운영계약팀,수의계약,총액제,적격심사제,202208021100,20220802,유찰
재공고,EBB0366,2,7521,***,22년 120밀리 적재훈련탄(K1A1전차용),2022,EBB,지상공통전력운영계약팀,수의계약,총액제,적격심사제,202208021430,20220802,순위확정
긴급공고,LBB0058,1,31114,***,폐목재 위탁처리 용역(22-2차),2022,LBB,육군제7789부대,일반경쟁,총액제,적격심사제,202208021030,20220802,낙찰
긴급공고,LBB0057,1,31115,***,일반폐기물 위탁처리 용역(22-2차),2022,LBB,육군제7789부대,일반경쟁,총액제,적격심사제,202208021030,20220802,유찰
긴급공고,LBB0056,1,31116,***,지정폐기물 위탁처리 용역(22-2차),2022,LBB,육군제7789부대,일반경쟁,총액제,적격심사제,202208021030,20220802,유찰
재공고,LCF0128,2,25419,***,"차폐 개스킷,전자식 등 18항목 구매(특무)",2022,LCF,육군군수사령부,제한경쟁,총액제,적격심사제,202208021030,20220802,낙찰
재공고,LCF0009,2,29505,***,"렌치,신관고정장치용 등10항목 제조(총포생산능력)",2022,LCF,육군군수사령부,제한경쟁,총액제,적격심사제,202208021030,20220802,순위확정
정정공고,LCF0460,2,29535,***,자주포 궤도 가류불량 고무제거 정비,2022,LCF,육군군수사령부,수의계약,총액제,적격심사제,202208021030,20220802,유찰
재공고,LCF0461,2,29599,***,K1전차 트랙 C형 등 10종 정비,2022,LCF,육군군수사령부,수의계약,총액제,적격심사제,202208021030,20220802,유찰
재공고,LCM0033,2,30137,***,'22년 8~9월 부대계약 부식 구매(일반품목),2022,LCM,육군교육사령부,수의계약,총액제,적격심사제,202208021030,20220802,유찰
재공고,LCM0036,2,30666,001,식용유 부대계약 구매,2022,LCM,육군교육사령부,일반경쟁,단가제,적격심사제,202208021030,20220802,낙찰
재공고,LDH0628,2,28376,***,통신장비 수리부속 연결기조립체 구매,2022,LDH,육군종합정비창,제한경쟁,총액제,적격심사제,202208021000,20220802,낙찰
정상공고,LDH0671,1,31149,***,부품제작자재 나이롱로프 등 25종 구매,2022,LDH,육군종합정비창,제한경쟁,총액제,적격심사제,202208021300,20220802,낙찰
정상공고,LIK0101,1,31067,***,'22-1차 병영식당 조리기구(배식대) 제조설치,2022,LIK,제2군수지원여단,제한경쟁,총액제,적격심사제,202208021030,20220802,낙찰
정상공고,LIK0102,1,31084,001,'22년 추석 경축특식 조각케익세트 제조,2022,LIK,제2군수지원여단,제한경쟁,단가제,적격심사제,202208021030,20220802,낙찰
정상공고,LIK0103,1,31085,001,'22년 국군의날 경축특식 훈제닭다리 제조,2022,LIK,제2군수지원여단,제한경쟁,단가제,적격심사제,202208021030,20220802,순위확정
정상공고,MDG0167,1,30612,***,22-7차 복지기금 자산성비품(탁구대) 구매,2022,MDG,국군의무사령부,제한경쟁,총액제,적격심사제,202208021100,20220802,낙찰
긴급공고,MDP0014,1,31299,***,'22년 2차 장병 수송용역,2022,MDP,한미연합군사령부,수의계약,총액제,적격심사제,202208021100,20220802,유찰
재공고,MHD0064,2,28621,***,방위력개선사업에 K-RMF 적용을 위한 방안연구,2022,MHD,방위사업청(운영지원과),협상에의한계약(전자),총액제,최저가격제,202208021400,20220802,낙찰
긴급공고,MHD0067,1,30505,***,방위사업 원가계산 외부용역(10차),2022,MHD,방위사업청(운영지원과),협상에의한계약(전자),총액제,최저가격제,202208021400,20220802,낙찰
긴급공고,NIT0012,1,30840,***,[사이버수사대] 디지털포렌식 SW 라이센스 갱신 사업,2022,NIT,국방부조사본부,제한경쟁,총액제,적격심사제,202208021030,20220802,낙찰
재공고,SCF0083,2,19878,***,대잠전술훈련장(ASWTT) 유지보수 용역,2022,SCF,해군군수사령부,수의계약,총액제,적격심사제,202208021030,20220802,순위확정
재공고,SCF0369,2,23466,***,"(긴급)전지, 축전식 등 11종",2022,SCF,해군군수사령부,제한경쟁,총액제,적격심사제,202208021030,20220802,낙찰
재공고,SCF0377,2,27195,***,"(긴급)조정기세트, 전압용 등 3종",2022,SCF,해군군수사령부,제한경쟁,총액제,적격심사제,202208021030,20220802,유찰
재공고,SCF0373,2,27420,***,"(긴급)밸브, 조절용, 유압식 등 5종",2022,SCF,해군군수사령부,제한경쟁,총액제,적격심사제,202208021030,20220802,낙찰
긴급공고,SCF0303,1,30725,***,파렛트 랩핑기(이동식) 3SET 구입,2022,SCF,해군군수사령부,제한경쟁,총액제,적격심사제,202208021030,20220802,낙찰
긴급공고,SCF0414,1,30842,***,(긴급) 와이퍼 조립체 등 4종,2022,SCF,해군군수사령부,제한경쟁,총액제,적격심사제,202208021030,20220802,낙찰
재공고,UMM0396,2,17184,***,(227215-D) 비용분석용 상용SW 구매,2022,UMM,국군재정관리단,제한경쟁,총액제,적격심사제,202208021100,20220802,낙찰
정정공고,UMM0526,2,28474,***,22-해-응급치료키트 등 4종 구매,2022,UMM,국군재정관리단,제한경쟁,총액제,적격심사제,202208021100,20220802,낙찰
정상공고,UMM0531,1,31098,***,'22년 관제부대 병영식당 방제용역,2022,UMM,국군재정관리단,제한경쟁,총액제,적격심사제,202208021100,20220802,낙찰
정상공고,EHF0127,1,0730,***,22년 신궁 부품(구매),2022,EHF,미래전력사업전력운영계약팀,일반경쟁,총액제,적격심사제,202208011030,20220801,순위확정
정상공고,EHF0124,1,4795,***,22년 천마 수리부속류(케이블조립체 외_구매),2022,EHF,미래전력사업전력운영계약팀,제한경쟁,총액제,적격심사제,202208011030,20220801,낙찰
정상공고,EHF0118,1,5400,***,"자이로 유니트 정비,어뢰용",2022,EHF,미래전력사업전력운영계약팀,수의계약,총액제,적격심사제,202208011030,20220801,유찰
정상공고,EHF0125,1,9500A,***,KSS-II 선박자동식별장비 성능개선,2022,EHF,미래전력사업전력운영계약팀,수의계약,총액제,적격심사제,202208011400,20220801,순위확정
정상공고,ETA0002,1,5201,***,해상감시레이더-II 일반공구,2022,ETA,감시전자총괄계약팀,제한경쟁,총액제,적격심사제,202208011430,20220801,순위확정
정상공고,ETA0003,1,5202,***,해상감시레이더-II 기본불출품목 및 시험장비,2022,ETA,감시전자총괄계약팀,제한경쟁,총액제,적격심사제,202208011630,20220801,순위확정
긴급공고,HCM0076,1,31276,***,22-07-228 제트스키 등 1품목,2022,HCM,공군교육사령부,일반경쟁,총액제,적격심사제,202208011100,20220801,낙찰
긴급공고,LCJ0030,1,27435,***,(22육군-해파032)00부대 민간위탁급식 용역,2022,LCJ,종합보급창,협상에의한계약(전자),총액제,최저가격제,202208011100,20220801,유찰
재공고,LHM0055,2,30327,001,22 8~10월 부대계약 (어육가공품),2022,LHM,제15보병사단,제한경쟁,단가제,적격심사제,202208011100,20220801,유찰
정상공고,EBB0372,1,0918,***,PCC 프로펠러 외주정비,2022,EBB,지상공통전력운영계약팀,수의계약,총액제,적격심사제,202207291100,20220729,유찰
정상공고,EHF0123,1,0022,***,22년 오리콘 사격통제장치 부품류(제조),2022,EHF,미래전력사업전력운영계약팀,수의계약,총액제,적격심사제,202207291400,20220729,유찰
정상공고,EHF0121,1,3110J,***,22년 패트리어트 안테나 결합체 외주정비,2022,EHF,미래전력사업전력운영계약팀,수의계약,총액제,적격심사제,202207291100,20220729,유찰
정상공고,EHF0126,1,7302,***,22년 신호변환기(DMHS용)(구매),2022,EHF,미래전력사업전력운영계약팀,수의계약,총액제,적격심사제,202207291100,20220729,유찰
정상공고,ELA0025,1,5200,***,시험장비/특수공구(230mm급 다련장 2차 양산),2022,ELA,화력총괄계약팀,제한경쟁,총액제,적격심사제,202207291430,20220729,유찰
정상공고,ELA0026,1,5200A,***,시험장비(2종)(230mm급 다련장 2차 양산),2022,ELA,화력총괄계약팀,일반경쟁,총액제,적격심사제,202207291430,20220729,유찰
정상공고,HCG0037,1,28185,***,공군 NCS 직무표준화 교육 및 컨설팅 위탁 용역,2022,HCG,공군본부,수의계약,총액제,최저가격제,202207291100,20220729,유찰
긴급공고,LDA0026,1,30985,***,00부대 중요시설 경계시스템 외주정비용역,2022,LDA,지상작전사령부,제한경쟁,총액제,적격심사제,202207291030,20220729,낙찰
긴급공고,LDF0004,1,31007,***,공기청정기 필터,2022,LDF,육군정보통신학교,제한경쟁,총액제,적격심사제,202207291000,20220729,유찰
재공고,LDH0617,2,27922,***,적외선차폐발연기 조종기 등 3종 시험기소요자재 구매,2022,LDH,육군종합정비창,수의계약,총액제,최저가격제,202207291300,20220729,유찰
정상공고,LDH0667,1,30852,***,(기동) 1 1/4톤샵차량 플레이트등 8종구매,2022,LDH,육군종합정비창,수의계약,총액제,적격심사제,202207291300,20220729,유찰
정상공고,LDH0668,1,30854,***,(기동) 1 1/4톤샵차량 베어링등 3종구매,2022,LDH,육군종합정비창,수의계약,총액제,적격심사제,202207291300,20220729,유찰
정상공고,LDH0669,1,30855,***,(기동) 1 1/4톤샵차량 클램프등 10종구매,2022,LDH,육군종합정비창,수의계약,총액제,적격심사제,202207291300,20220729,유찰
정정공고,MDI0003,2,30846,***,VoIP교환기 교체사업(리스물건),2022,MDI,제7016부대,일반경쟁,총액제,적격심사제,202207291030,20220729,낙찰
재공고,SCF0358,2,24843,***,"(긴급) 부품키트,세면대용 등 4종 구매",2022,SCF,해군군수사령부,제한경쟁,총액제,적격심사제,202207291030,20220729,낙찰
재공고,SCF0362,2,25369,***,"(긴급) 베어링하프 세트,슬리브용 등 72종 구매",2022,SCF,해군군수사령부,일반경쟁,총액제,적격심사제,202207291030,20220729,낙찰
긴급공고,SCF0410,1,29972,***,"(긴급) 제어장치,전동기-발전기용 등 4종 구매",2022,SCF,해군군수사령부,제한경쟁,총액제,적격심사제,202207291030,20220729,낙찰
긴급공고,SCF0409,1,29973,***,(긴급) 인젝터 등 9종 구매,2022,SCF,해군군수사령부,제한경쟁,총액제,적격심사제,202207291030,20220729,낙찰
긴급공고,SCF0411,1,29974,***,"(긴급) 스위치,액체 수평기용 등 3종 구매",2022,SCF,해군군수사령부,제한경쟁,총액제,적격심사제,202207291030,20220729,낙찰
긴급공고,SFC0089,1,29664,***,22-AI(인공지능) 면접체계 사업,2022,SFC,제9691부대,2단계경쟁(동시),총액제,최저가격제,202207291100,20220729,유찰
정상공고,UMM0530,1,27948,***,22-P-02 조경관리 용역,2022,UMM,국군재정관리단,일반경쟁,총액제,적격심사제,202207291100,20220729,낙찰
정상공고,UMM0473,1,30811,***,(226191-F)22년 정비/취사피복 제조납품,2022,UMM,국군재정관리단,제한경쟁,총액제,적격심사제,202207291100,20220729,낙찰
정상공고,UMM0474,1,30823,***,(226196-C) 공기청정기 필터 제조,2022,UMM,국군재정관리단,제한경쟁,총액제,적격심사제,202207291100,20220729,낙찰
정상공고,EBB0371,1,1A350,***,"22년 (UH-60) 전동기, 직류용 정비",2022,EBB,지상공통전력운영계약팀,수의계약,총액제,적격심사제,202207281600,20220728,유찰
긴급공고,HCF0182,1,30040,***,KF-16 SWMF 지원장비 유지보수,2022,HCF,공군군수사령부,제한경쟁,총액제,적격심사제,202207281030,20220728,낙찰
긴급공고,HCF0181,1,30051,***,F-15K SWMF 지원장비 유지보수,2022,HCF,공군군수사령부,수의계약,총액제,적격심사제,202207281030,20220728,유찰
긴급공고,LBA0111,1,30802,001,'22년 추석 경축특식(마카롱) 제조,2022,LBA,제 2167부대,제한경쟁,단가제,적격심사제,202207281030,20220728,낙찰
긴급공고,LBA0114,1,30993,***,'22년 진지공사용 폐타이어 위탁수송 용역,2022,LBA,제 2167부대,제한경쟁,총액제,적격심사제,202207281030,20220728,유찰
재공고,LCF0001,2,27019,***,"오실리스코프,디지털형 등6항목구매(특무)",2022,LCF,육군군수사령부,제한경쟁,총액제,적격심사제,202207281030,20220728,낙찰
재공고,LCF0011,2,29506,***,눈금판 좌 등 12항목 제조(생산능력 총포),2022,LCF,육군군수사령부,수의계약,총액제,적격심사제,202207281030,20220728,유찰
재공고,LCF0010,2,29508,***,손잡이 등 27항목 제조(총포 생산능력),2022,LCF,육군군수사령부,제한경쟁,총액제,적격심사제,202207281030,20220728,유찰
재공고,LCF0137,2,29930,***,파워팩 조립체 등 4항목 제조(화생방수리부속),2022,LCF,육군군수사령부,수의계약,총액제,적격심사제,202207281030,20220728,유찰
재공고,LCG0076,2,28450,***,’22년 폭발물처리 종사자 단체보험 계약,2022,LCG,육군본부,수의계약,총액제,적격심사제,202207281030,20220728,유찰
긴급공고,LHM0051,1,30054,001,22년 8~10월 식자재 다수품목 단가계약,2022,LHM,제15보병사단,2단계경쟁(동시),단가제,최저가격제,202207281600,20220728,낙찰
정상공고,LIK0100,1,30660,***,'22년 유류중대 방화지대 구축 용역,2022,LIK,제2군수지원여단,제한경쟁,총액제,적격심사제,202207281030,20220728,낙찰
정상공고,MCR0024,1,30059,***,학사관리시스템 고도화사업 SW구매,2022,MCR,국방대학교,제한경쟁,총액제,적격심사제,202207281030,20220728,낙찰
정상공고,MDG0165,1,28895,***,22-3차 의무비품(롤러믹서기 등 3품목) 구매,2022,MDG,국군의무사령부,제한경쟁,총액제,적격심사제,202207281100,20220728,낙찰
정상공고,MDR0036,1,28640,***,"구명정(15인승, 25인승) 구매",2022,MDR,제9965부대,제한경쟁,총액제,적격심사제,202207281100,20220728,낙찰
긴급공고,SCF0412,1,30366,***,M.D.I v1.0 (Myung Disk InformationUtility) 구매,2022,SCF,해군군수사령부,수의계약,총액제,적격심사제,202207281230,20220728,유찰
긴급공고,SCH0076,1,30943,***,22년 급식-배추김치 등 7종 구매,2022,SCH,해군작전사령부,제한경쟁,총액제,적격심사제,202207281030,20220728,낙찰
긴급공고,SCH0075,1,30944,***,22년 급식-샌드위치 등 32종 구매,2022,SCH,해군작전사령부,제한경쟁,총액제,적격심사제,202207281030,20220728,낙찰
긴급공고,SFC0087,1,29374,***,22-리더십센터 교육용 콘텐츠 제작 용역,2022,SFC,제9691부대,2단계경쟁(동시),총액제,최저가격제,202207281100,20220728,유찰
정상공고,UMM0528,1,23353,***,'22년 후반기 전군지원 전세버스 수송용역,2022,UMM,국군재정관리단,일반경쟁,총액제,적격심사제,202207281100,20220728,유찰
정상공고,UMM0471,1,25295,***,(226277-F)군인복무기본법 소책자 표지 제조,2022,UMM,국군재정관리단,제한경쟁,총액제,적격심사제,202207281100,20220728,낙찰
재공고,UMM0487,2,25845,***,`22년 공군 재난안전통신망 단말기 도입 사업,2022,UMM,국군재정관리단,일반경쟁,총액제,적격심사제,202207281100,20220728,낙찰
정상공고,EQA0004,1,9060,***,수리온/마린온 지원장비,2022,EQA,헬기총괄계약팀,일반경쟁,총액제,적격심사제,202207271500,20220727,낙찰
정상공고,LCF0013,1,28500,***,"창, 광학기구용 등 20항목 제조(총포렌즈)",2022,LCF,육군군수사령부,제한경쟁,총액제,적격심사제,202207271030,20220727,낙찰
정상공고,LCF0141,1,30487,***,항공선글라스 1항목 구매(피복물자),2022,LCF,육군군수사령부,제한경쟁,총액제,적격심사제,202207271030,20220727,낙찰
정상공고,LCF0142,1,30490,***,조임기 회전각도용 1항목 구매(총포공구),2022,LCF,육군군수사령부,제한경쟁,총액제,적격심사제,202207271030,20220727,낙찰
재공고,LCM0034,3,30141,***,'22년 8~9월 부대계약 부식 제조구매(면류),2022,LCM,육군교육사령부,수의계약,총액제,적격심사제,202207271030,20220727,유찰
긴급공고,LCM0037,1,30858,***,정보학교 통합강의동 신축(통합배선),2022,LCM,육군교육사령부,제한경쟁,총액제,적격심사제,202207271030,20220727,낙찰
재공고,LHG0028,2,29384,***,22-3차 8월 부대조달 식자재 납품(장류),2022,LHG,제1862부대,제한경쟁,총액제,적격심사제,202207271030,20220727,유찰
긴급공고,LHM0058,1,30657,***,(군-기-1) 22년 내진성능 지반조사용역,2022,LHM,제15보병사단,제한경쟁,총액제,적격심사제,202207271100,20220727,낙찰
긴급공고,LNG0055,1,30530,***,간부숙소 노후비품(에어컨) 설치납품,2022,LNG,육군 제1군단,제한경쟁,총액제,적격심사제,202207271030,20220727,낙찰
긴급공고,MDG0166,1,30622,***,공조기필터 제조설치납품(수도병원),2022,MDG,국군의무사령부,일반경쟁,총액제,적격심사제,202207271100,20220727,낙찰
재공고,SCF0208,3,15505,***,전류조절기 등 4종 구매,2022,SCF,해군군수사령부,제한경쟁,총액제,적격심사제,202207271030,20220727,순위확정
긴급공고,SCF0300,1,28085,***,멈치 밸브 등 2종 구매,2022,SCF,해군군수사령부,제한경쟁,총액제,적격심사제,202207271030,20220727,낙찰
긴급공고,SCF0301,1,28906,***,엔진종합검사기 1SET 구매,2022,SCF,해군군수사령부,제한경쟁,총액제,적격심사제,202207271030,20220727,낙찰
긴급공고,SCF0302,1,28968,***,"공기 정화기, 흡입용 40EA 구매",2022,SCF,해군군수사령부,제한경쟁,총액제,적격심사제,202207271030,20220727,낙찰
재공고,UMM0465,2,22821,***,(227257-E) 기반장비 도입,2022,UMM,국군재정관리단,제한경쟁,총액제,적격심사제,202207271100,20220727,낙찰
정상공고,UMM0468,1,25898,***,(227279-C) 전산운영용품 구매,2022,UMM,국군재정관리단,제한경쟁,총액제,적격심사제,202207271100,20220727,낙찰
정상공고,UMM0527,1,30374,***,22-공-특수요원 방탄복 제조,2022,UMM,국군재정관리단,제한경쟁,총액제,적격심사제,202207271100,20220727,낙찰
정상공고,UMM0469,1,30446,***,(226067-C) 수술현미경 안과용 구매,2022,UMM,국군재정관리단,일반경쟁,총액제,적격심사제,202207271100,20220727,유찰
긴급공고,UMM0529,1,30761,***,22-공-자동차정비 공구세트 구매(229086-D),2022,UMM,국군재정관리단,제한경쟁,총액제,적격심사제,202207271100,20220727,유찰
재공고,EBB0347,2,0970A,***,LSF-II 엔진 감속기어,2022,EBB,지상공통전력운영계약팀,수의계약,총액제,적격심사제,202207261100,20220726,유찰
재공고,EBB0356,2,A1040,***,"22년 (F-5) 회로망,펄스 형성용",2022,EBB,지상공통전력운영계약팀,일반경쟁,총액제,적격심사제,202207261100,20220726,순위확정
긴급공고,HCF0180,1,30617,***,봉고Ⅲ 3WAY 덤프,2022,HCF,공군군수사령부,수의계약,총액제,적격심사제,202207261030,20220726,유찰
긴급공고,HCL0072,1,30609,***,22-206 22-2학기 국내교과서,2022,HCL,공군사관학교,제한경쟁,총액제,적격심사제,202207261100,20220726,낙찰
긴급공고,HDM0019,1,29424,***,[22-0129] 22-2차 일반소모성자재(GUC) 구매,2022,HDM,공군제17전투비행단,제한경쟁,총액제,적격심사제,202207261030,20220726,낙찰
긴급공고,LBA0109,1,30499,001,'22년 7~8월 부대조달 부식(당면) 구매,2022,LBA,제 2167부대,제한경쟁,단가제,적격심사제,202207261030,20220726,유찰
긴급공고,LBA0110,1,30504,001,'22년 7~8월 부대조달 부식(냉면면사리) 구매,2022,LBA,제 2167부대,제한경쟁,단가제,적격심사제,202207261030,20220726,순위확정
재공고,LBB0054,2,29342,***,8월 부대계약(빵류),2022,LBB,육군제7789부대,제한경쟁,총액제,적격심사제,202207261030,20220726,유찰
재공고,LCF0136,2,27498,***,막 코틀용 등 29항목 구매(화생방수리부속),2022,LCF,육군군수사령부,제한경쟁,총액제,적격심사제,202207261030,20220726,낙찰
정상공고,LCF0461,1,29599,***,K1전차 트랙 C형 등 10종 정비,2022,LCF,육군군수사령부,수의계약,총액제,적격심사제,202207261030,20220726,유찰
정상공고,LCF0462,1,30179,***,턴버클 등 3항목 구매(통신),2022,LCF,육군군수사령부,제한경쟁,총액제,적격심사제,202207261130,20220726,낙찰
긴급공고,LCM0035,1,29503,***,제5회 드론봇 챌린지 대회 행사용역,2022,LCM,육군교육사령부,제한경쟁,총액제,적격심사제,202207261030,20220726,낙찰
긴급공고,LCM0036,1,30666,001,식용유 부대계약 구매,2022,LCM,육군교육사령부,일반경쟁,단가제,적격심사제,202207261030,20220726,유찰
정상공고,LDG0052,1,29262,***,에나멜 국방색 페인트 등 5개 품목 제조,2022,LDG,육군 탄약지원사령부,제한경쟁,총액제,적격심사제,202207261030,20220726,낙찰
정상공고,LDH0663,1,30280,***,부품제작자재 고무스폰지 등 20종 구매,2022,LDH,육군종합정비창,제한경쟁,총액제,적격심사제,202207261300,20220726,유찰
정상공고,LKP0037,1,30310,***,22년 8월 식자재(부대조달 부식) 구매,2022,LKP,5군수지원사령부,일반경쟁,총액제,적격심사제,202207261100,20220726,낙찰
정상공고,LKP0071,1,30318,***,'22년 탑승식 청소차 구매,2022,LKP,5군수지원사령부,제한경쟁,총액제,적격심사제,202207261100,20220726,낙찰
긴급공고,LKT0049,1,30200,***,22년 8월 부대조달 급식품목(빵류) 제조구매,2022,LKT,제1989부대,수의계약,총액제,적격심사제,202207261030,20220726,유찰
재공고,LQH0027,2,28126,***,금곡예비군훈련대 제2훈련장 교전장비 유지보수,2022,LQH,제3697부대,제한경쟁,총액제,적격심사제,202207261100,20220726,낙찰
재공고,LQH0026,2,28127,***,금곡예비군훈련대 제1훈련장 교전장비 유지보수,2022,LQH,제3697부대,제한경쟁,총액제,적격심사제,202207261100,20220726,낙찰
긴급공고,MCM0008,1,30361,***,00부대 이사화물용역,2022,MCM,4284부대,제한경쟁,총액제,적격심사제,202207261100,20220726,낙찰
정상공고,MDD0096,1,29288,***,2022 의무장비(환자관찰장치 이동형) 구매계약,2022,MDD,국군수도병원,제한경쟁,총액제,적격심사제,202207261100,20220726,낙찰
정정공고,MDD0097,2,29521,***,2022 수술기구(Container 187mm) 구매계약,2022,MDD,국군수도병원,제한경쟁,총액제,적격심사제,202207261100,20220726,낙찰
정상공고,MDD0098,1,29551,***,2022 수술기구(Vascular Clamps) 구매계약,2022,MDD,국군수도병원,제한경쟁,총액제,적격심사제,202207261100,20220726,낙찰
정상공고,MDG0164,1,30522,***,"22년 승용차(하이브리드 1,600CC) 구매",2022,MDG,국군의무사령부,제한경쟁,총액제,적격심사제,202207261100,20220726,유찰
재공고,SCF0285,2,20678,***,이동식 공기 압축기 구매,2022,SCF,해군군수사령부,제한경쟁,총액제,적격심사제,202207261030,20220726,낙찰
재공고,SCF0056,2,22483,***,잠수함(SS-II) DC 충전연결구 케이블 조립체 정비,2022,SCF,해군군수사령부,일반경쟁,총액제,적격심사제,202207261030,20220726,낙찰
긴급공고,SCF0087,1,22994,***,"잠수함(SS-I, SS-II) 통풍관 청소 용역",2022,SCF,해군군수사령부,일반경쟁,총액제,적격심사제,202207261030,20220726,낙찰
긴급공고,SCF0088,1,22999,***,"잠수함(SS-I, SS-II) 전술훈련장비 유지보수 용역",2022,SCF,해군군수사령부,일반경쟁,총액제,적격심사제,202207261030,20220726,유찰
긴급공고,SCF0402,1,28834,***,(긴급)실링 등 5종,2022,SCF,해군군수사령부,제한경쟁,총액제,적격심사제,202207261030,20220726,유찰
긴급공고,SCF0298,1,28877,***,조정기 등 3종 구매,2022,SCF,해군군수사령부,제한경쟁,총액제,적격심사제,202207261030,20220726,낙찰
긴급공고,SCF0403,1,29023,***,"(긴급)계전기, 고체소자식 등 2종",2022,SCF,해군군수사령부,제한경쟁,총액제,적격심사제,202207261030,20220726,순위확정
긴급공고,SCF0401,1,29055,***,(긴급)프로펠러 1종,2022,SCF,해군군수사령부,제한경쟁,총액제,적격심사제,202207261030,20220726,유찰
정상공고,SCF0400,1,29212,***,"주물사,주형용 등 29종",2022,SCF,해군군수사령부,제한경쟁,총액제,적격심사제,202207261030,20220726,낙찰
정상공고,SCF0398,1,29214,***,"반사경,유리제 등 5종",2022,SCF,해군군수사령부,제한경쟁,총액제,적격심사제,202207261030,20220726,낙찰
정상공고,SCF0399,1,29218,***,"제재목,경질 등 14종",2022,SCF,해군군수사령부,제한경쟁,총액제,적격심사제,202207261030,20220726,낙찰
긴급공고,SCF0406,1,29316,***,"(긴급) 너트, 평면형, 육각형 등 16종",2022,SCF,해군군수사령부,일반경쟁,총액제,적격심사제,202207261230,20220726,낙찰
긴급공고,SCF0405,1,29337,***,"(긴급)플랜지, 파이프용 등 15종",2022,SCF,해군군수사령부,일반경쟁,총액제,적격심사제,202207261230,20220726,낙찰
긴급공고,SCF0299,1,29793,***,"송풍기, 날개 축방향형 1EA 구매",2022,SCF,해군군수사령부,제한경쟁,총액제,적격심사제,202207261030,20220726,순위확정
긴급공고,SCF0407,1,30564,***,(긴급)구리양극조립체 등 10종,2022,SCF,해군군수사령부,제한경쟁,총액제,적격심사제,202207261030,20220726,낙찰
긴급공고,SFM0074,1,30390,***,폴리머탄창 구매,2022,SFM,제3170부대,제한경쟁,총액제,적격심사제,202207261030,20220726,낙찰
정상공고,UMM0525,1,28063,***,22-해병-간이탄약보관함 등 11품목 구매,2022,UMM,국군재정관리단,제한경쟁,총액제,적격심사제,202207261100,20220726,낙찰
정상공고,UMM0467,1,30294,***,"(226190-E) 정비,취사물품(정비화 등 11종) 구매",2022,UMM,국군재정관리단,제한경쟁,총액제,적격심사제,202207261100,20220726,낙찰
재공고,LDH0640,2,28998,***,22-3차 전동화물운반차 계약의뢰,2022,LDH,육군종합정비창,수의계약,총액제,적격심사제,202207251300,20220725,유찰
정상공고,LDH0647,1,29681,***,(기동) 5톤차량 라지에타썰망등 5종구매,2022,LDH,육군종합정비창,수의계약,총액제,적격심사제,202207251300,20220725,유찰
정상공고,LDH0648,1,29685,***,(기동) 5톤차량 볼조립체 구매,2022,LDH,육군종합정비창,제한경쟁,총액제,적격심사제,202207251300,20220725,순위확정
정상공고,LDH0649,1,29688,***,(기동) 5톤차량 실린더조립체 구매,2022,LDH,육군종합정비창,제한경쟁,총액제,적격심사제,202207251300,20220725,순위확정
정상공고,LDH0650,1,29689,***,"(기동) 5톤차량 로프,와이어제 구매",2022,LDH,육군종합정비창,제한경쟁,총액제,적격심사제,202207251300,20220725,순위확정
정상공고,LDH0652,1,29696,***,발칸 걸쇠 등 23종 구매,2022,LDH,육군종합정비창,제한경쟁,총액제,적격심사제,202207251300,20220725,순위확정
정상공고,LDH0653,1,29699,***,발칸 덮개 등 12종 구매,2022,LDH,육군종합정비창,제한경쟁,총액제,적격심사제,202207251300,20220725,순위확정
정상공고,LDH0654,1,29700,***,발칸 손잡이 등 10종 구매,2022,LDH,육군종합정비창,제한경쟁,총액제,적격심사제,202207251300,20220725,낙찰
정상공고,LDH0656,1,29847,***,(화공)세정용세척제 1종 구매,2022,LDH,육군종합정비창,제한경쟁,총액제,적격심사제,202207251300,20220725,낙찰
정상공고,LDH0660,1,30139,***,발칸 급속해제핀 등 2종 구매,2022,LDH,육군종합정비창,제한경쟁,총액제,적격심사제,202207251300,20220725,낙찰
긴급공고,LHM0055,1,30327,001,22 8~10월 부대계약 (어육가공품),2022,LHM,제15보병사단,제한경쟁,단가제,적격심사제,202207251100,20220725,유찰
긴급공고,NIT0010,1,30299,***,[연구소] '22-2차 감정재료 구매,2022,NIT,국방부조사본부,제한경쟁,총액제,적격심사제,202207251030,20220725,낙찰
정상공고,LCF0137,1,29930,***,파워팩 조립체 등 4항목 제조(화생방수리부속),2022,LCF,육군군수사령부,수의계약,총액제,적격심사제,202207221030,20220722,유찰
긴급공고,LCG0072,1,28300,***,신재생에너지 적용관련 군 에너지 정책방향 연구용역,2022,LCG,육군본부,협상에의한계약(전자),총액제,최저가격제,202207221000,20220722,낙찰
긴급공고,LCG0073,1,28337,***,미래 GOP과학화경계시스템 구축방안에 대한 연구 용역,2022,LCG,육군본부,협상에의한계약(전자),총액제,최저가격제,202207221000,20220722,유찰
긴급공고,LCG0081,1,29485,***,22년 영상제작장비(영상편집기)구매,2022,LCG,육군본부,제한경쟁,총액제,적격심사제,202207221030,20220722,낙찰
긴급공고,LCG0082,1,29536,***,22-3차 전산운영용품 구매 계약,2022,LCG,육군본부,제한경쟁,총액제,적격심사제,202207221030,20220722,낙찰
긴급공고,LHG0024,1,29202,001,8월 부대계약 식자재 납품,2022,LHG,제1862부대,2단계경쟁(동시),단가제,최저가격제,202207221600,20220722,낙찰
긴급공고,LPF0052,1,30058,***,22년 예비군 육성지원(전투조끼) 구매,2022,LPF,제51보병사단,제한경쟁,총액제,적격심사제,202207221030,20220722,낙찰
정정공고,MCD0026,2,28004,***,군 내 인성교육 프로그램 간 효과성 비교연구,2022,MCD,국방부(운영지원과),협상에의한계약(전자),총액제,최저가격제,202207221100,20220722,낙찰
정상공고,MFH0007,1,29204,***,22~25년 대미사업 공사감독 임대용역,2022,MFH,국방시설본부,수의계약,총액제,적격심사제,202207221030,20220722,유찰
정상공고,UMM0463,1,27639,***,(226287-B) 작전용 헤드폰 구매,2022,UMM,국군재정관리단,제한경쟁,총액제,적격심사제,202207221100,20220722,유찰
정상공고,UMM0524,1,29948,***,22-공-인트라넷 실시간 방송체계 노후교체 사업,2022,UMM,국군재정관리단,일반경쟁,총액제,적격심사제,202207221100,20220722,낙찰
정상공고,EBB0369,1,5534,***,22년 120밀리 모의탄(전차 장전훈련용),2022,EBB,지상공통전력운영계약팀,일반경쟁,총액제,적격심사제,202207211430,20220721,낙찰
정상공고,EBB0368,1,8555,***,22년 장갑차 전원제어장치류 외주정비,2022,EBB,지상공통전력운영계약팀,수의계약,총액제,적격심사제,202207211100,20220721,유찰
정상공고,EHF0116,1,8026,***,22년 위장망체계 지지대세트류,2022,EHF,미래전력사업전력운영계약팀,수의계약,총액제,적격심사제,202207211500,20220721,유찰
정상공고,EKA0033,1,9680,***,"천막, 일반전투용",2022,EKA,기동총괄계약팀,제한경쟁,총액제,적격심사제,202207211030,20220721,낙찰
재공고,EKA0020,2,9810,***,"지게차(3톤,8톤)",2022,EKA,기동총괄계약팀,제한경쟁,총액제,적격심사제,202207211030,20220721,유찰
정상공고,LCF0006,1,29504,***,"판,후면용 등66항목 제조(총포)",2022,LCF,육군군수사령부,제한경쟁,총액제,적격심사제,202207211030,20220721,낙찰
정상공고,LCF0009,1,29505,***,"렌치,신관고정장치용 등10항목 제조(총포생산능력)",2022,LCF,육군군수사령부,제한경쟁,총액제,적격심사제,202207211030,20220721,순위확정
정상공고,LCF0011,1,29506,***,눈금판 좌 등 12항목 제조(생산능력 총포),2022,LCF,육군군수사령부,수의계약,총액제,적격심사제,202207211030,20220721,유찰
정상공고,LCF0010,1,29508,***,손잡이 등 27항목 제조(총포 생산능력),2022,LCF,육군군수사령부,제한경쟁,총액제,적격심사제,202207211030,20220721,유찰
정상공고,LCF0007,1,29509,***,"어댑터,가늠자용 등 21항목 제조(총포)",2022,LCF,육군군수사령부,제한경쟁,총액제,적격심사제,202207211030,20220721,낙찰
정상공고,LCF0008,1,29511,***,"케이스,표정판용 등 8항목 제조(총포)",2022,LCF,육군군수사령부,제한경쟁,총액제,적격심사제,202207211030,20220721,유찰
긴급공고,LCF0139,1,30138,***,21-충-육-27 원격검침 설비 제조설치(자동제어),2022,LCF,육군군수사령부,제한경쟁,총액제,적격심사제,202207211100,20220721,낙찰
긴급공고,LCM0033,1,30137,***,'22년 8~9월 부대계약 부식 구매(일반품목),2022,LCM,육군교육사령부,수의계약,총액제,적격심사제,202207211030,20220721,유찰
긴급공고,MDG0019,1,29980,***,22-11차 연구장비 구매 계약 - 의약품 냉동고,2022,MDG,국군의무사령부,제한경쟁,총액제,적격심사제,202207211600,20220721,유찰
긴급공고,MDG0020,1,29981,***,22-12차 연구장비 구매 계약 - 초저온냉동고,2022,MDG,국군의무사령부,제한경쟁,총액제,적격심사제,202207211600,20220721,유찰
긴급공고,MDG0022,1,29983,***,22-14차 장비 구매 계약 - 시약 및 약품냉장고 소형,2022,MDG,국군의무사령부,제한경쟁,총액제,적격심사제,202207211600,20220721,낙찰
긴급공고,MDG0023,1,29984,***,22-15차 연구장비 구매 계약 - 진탕욕조,2022,MDG,국군의무사령부,제한경쟁,총액제,적격심사제,202207211600,20220721,유찰
긴급공고,SCF0085,1,19465,***,'22년 DDG 에어컨 개조·개장 외주정비,2022,SCF,해군군수사령부,수의계약,총액제,적격심사제,202207211030,20220721,유찰
긴급공고,SCF0086,1,25303,***,'22년 함정 NON-SKID 청락/도장 용역,2022,SCF,해군군수사령부,일반경쟁,총액제,적격심사제,202207211030,20220721,낙찰
긴급공고,SCN0113,1,30024,***,22-진-53 간부숙소(957회선)22~25TV방송및인터넷용역,2022,SCN,제7001부대,일반경쟁,총액제,적격심사제,202207211030,20220721,낙찰
긴급공고,SCU0048,1,30145,***,22-00전대 간부숙소 TV방송 및 인터넷 서비스,2022,SCU,해군 기동함대사령부,일반경쟁,총액제,적격심사제,202207211100,20220721,낙찰
재공고,SFC0081,2,27734,***,체력단련장 식자재 가지 등 174품목 구매,2022,SFC,제9691부대,일반경쟁,총액제,적격심사제,202207211100,20220721,유찰
정상공고,UMM0462,1,25808,***,(226280-F)32밀리 대철 2종 구매,2022,UMM,국군재정관리단,일반경쟁,총액제,적격심사제,202207211100,20220721,낙찰
긴급공고,UMM0466,1,26174,***,(22F154-I)아키텍쳐모델링도구서버교체(금융리스),2022,UMM,국군재정관리단,일반경쟁,총액제,최저가격제,202207211100,20220721,낙찰
정상공고,UMM0461,1,28807,***,(226300-F)보안용지 구매,2022,UMM,국군재정관리단,제한경쟁,총액제,적격심사제,202207211100,20220721,낙찰
정상공고,EBB0367,1,0098A,***,22년 사격 훈련장비세트(제조),2022,EBB,지상공통전력운영계약팀,일반경쟁,총액제,적격심사제,202207201100,20220720,낙찰
재공고,EHF0113,2,2611,***,22년 비호 사통장치 수리부속(구매),2022,EHF,미래전력사업전력운영계약팀,수의계약,총액제,적격심사제,202207201100,20220720,유찰
재공고,HCF0149,2,19486,***,공군 LAN/교환기 유지보수,2022,HCF,공군군수사령부,제한경쟁,총액제,적격심사제,202207201030,20220720,낙찰
긴급공고,HCF0178,1,24977,***,모의부하기(300KW),2022,HCF,공군군수사령부,일반경쟁,총액제,적격심사제,202207201030,20220720,낙찰
긴급공고,HCF0179,1,29926,***,Pitch Black 훈련 참가 해외비행 운항지원 용역,2022,HCF,공군군수사령부,일반경쟁,총액제,적격심사제,202207201030,20220720,낙찰
긴급공고,LBA0106,1,29507,001,'22년 광복절 경축특식(떠먹는 티라미슈) 구매,2022,LBA,제 2167부대,제한경쟁,단가제,적격심사제,202207201030,20220720,유찰
긴급공고,LBA0107,1,29540,001,'22년 국군의 날 경축특식(글레이즈드 도넛) 구매,2022,LBA,제 2167부대,제한경쟁,단가제,적격심사제,202207201030,20220720,낙찰
긴급공고,LBA0108,1,29701,001,'22년 7~8월 식자재 다수품목 단가계약,2022,LBA,제 2167부대,일반경쟁,단가제,적격심사제,202207201030,20220720,낙찰
재공고,LCF0456,2,28002,***,궤도 가류 불량품 고무제거(소각) 정비,2022,LCF,육군군수사령부,수의계약,총액제,적격심사제,202207201030,20220720,유찰
긴급공고,LCG0079,1,29594,***,'22년 상용SW(웹 침투체스트 도구) 구매,2022,LCG,육군본부,제한경쟁,총액제,적격심사제,202207201030,20220720,낙찰
긴급공고,LCM0032,1,29276,***,정보학교 통합강의동 신축(자동제어),2022,LCM,육군교육사령부,제한경쟁,총액제,적격심사제,202207201030,20220720,낙찰
긴급공고,LCN0027,1,29771,***,00지역 드론교육센터 컨테이너(제조설치납품),2022,LCN,육군사관학교,제한경쟁,총액제,적격심사제,202207201400,20220720,낙찰
정상공고,LDH0645,1,29432,***,"K21 핀, 신속 분리식 등 21종구매",2022,LDH,육군종합정비창,수의계약,총액제,적격심사제,202207201300,20220720,유찰
긴급공고,LHG0029,1,29475,***,22-3차 8월 부대조달 식자재 납품(어육가공품류),2022,LHG,제1862부대,제한경쟁,총액제,적격심사제,202207201030,20220720,낙찰
긴급공고,LKG0039,1,29667,***,22년 8월 부대급식품목(어묵류),2022,LKG,육군제53보병사단,제한경쟁,총액제,적격심사제,202207201030,20220720,낙찰
긴급공고,LKG0040,1,29710,***,22년 8월 부대급식품목(일반),2022,LKG,육군제53보병사단,일반경쟁,총액제,적격심사제,202207201030,20220720,낙찰
긴급공고,LKT0048,1,29749,***,22년 8월 부대조달 급식푸목(일반품목) 구매,2022,LKT,제1989부대,일반경쟁,총액제,적격심사제,202207201100,20220720,낙찰
긴급공고,LMP0050,1,29054,001,22-2차 8·9월 부대조달 식자재(일반 경쟁) 조달계약,2022,LMP,제3보병사단,2단계경쟁(동시),단가제,최저가격제,202207201500,20220720,낙찰
재공고,LMP0047,2,29194,001,8·9월 부대조달 식자재(중기간 최종)-어육가공품,2022,LMP,제3보병사단,제한경쟁,단가제,적격심사제,202207201100,20220720,유찰
재공고,LMP0049,2,29196,001,8·9월 부대조달 식자재 계약(중기간 최종)-장유류,2022,LMP,제3보병사단,제한경쟁,단가제,적격심사제,202207201100,20220720,유찰
긴급공고,LNQ0034,1,29339,***,00부대 8~10월 식자재 납품 계약(유부 등 110건),2022,LNQ,제17보병사단,일반경쟁,총액제,적격심사제,202207201030,20220720,낙찰
정상공고,MCL0008,1,26903,***,통합해외정보관리체계(IFIMS) 개선사업 기술용역,2022,MCL,국방정보본부,수의계약,총액제,최저가격제,202207201400,20220720,유찰
긴급공고,MDG0159,1,28696,***,22년 상병건강검진결과 모바일 서비스,2022,MDG,국군의무사령부,2단계경쟁(동시),총액제,최저가격제,202207201200,20220720,유찰
재공고,MHD0061,2,24128,***,DX-Korea 방사청 홍보관 기획·설치 및 운영,2022,MHD,방위사업청(운영지원과),협상에의한계약(전자),총액제,최저가격제,202207201400,20220720,낙찰
재공고,MHD0062,2,24754,***,대공표적예인기 탑재장비 성능개선 등 2건 비용분석,2022,MHD,방위사업청(운영지원과),협상에의한계약(전자),총액제,최저가격제,202207201400,20220720,낙찰
긴급공고,UMM0434,1,19873,***,(22G140-A)범국민 안보의식조사 연구 용역,2022,UMM,국군재정관리단,협상에의한계약(전자),총액제,최저가격제,202207201100,20220720,낙찰
정상공고,UMM0460,1,27786,***,(227290-B) 22-3차 전산운용품 구매,2022,UMM,국군재정관리단,제한경쟁,총액제,적격심사제,202207201100,20220720,낙찰
정상공고,UMM0459,1,28170,***,(226289-F)통신정밀측정장비(오실로스코프) 구매,2022,UMM,국군재정관리단,제한경쟁,총액제,적격심사제,202207201100,20220720,낙찰
정상공고,UMM0523,1,29478,***,22-해-고도/온도시험기 제조,2022,UMM,국군재정관리단,제한경쟁,총액제,적격심사제,202207201100,20220720,낙찰
재공고,EBB0354,2,1A206,***,"22년~23년 (C-130) 지시기, 자세용 정비(D)",2022,EBB,지상공통전력운영계약팀,수의계약,총액제,적격심사제,202207191100,20220719,유찰
재공고,EBB0248,3,5116,***,22년 소구경 파쇄탄류,2022,EBB,지상공통전력운영계약팀,수의계약,총액제,적격심사제,202207191100,20220719,유찰
정상공고,EBB0366,1,7521,***,22년 120밀리 적재훈련탄(K1A1전차용),2022,EBB,지상공통전력운영계약팀,수의계약,총액제,적격심사제,202207191430,20220719,순위확정
재공고,EHF0108,2,6700A,***,22년 낙하산 및 수리부속,2022,EHF,미래전력사업전력운영계약팀,수의계약,총액제,적격심사제,202207191500,20220719,유찰
재공고,EHF0114,2,7301,***,22년 상용 위성항법장비(GPS)(구매),2022,EHF,미래전력사업전력운영계약팀,제한경쟁,총액제,적격심사제,202207191100,20220719,낙찰
정상공고,EKA0032,1,9640,***,야전배낭(I형),2022,EKA,기동총괄계약팀,제한경쟁,총액제,적격심사제,202207191030,20220719,낙찰
긴급공고,HCM0074,1,29684,***,22-06-217 스킨스쿠버(잠수)세트 등 7품목,2022,HCM,공군교육사령부,일반경쟁,총액제,적격심사제,202207191100,20220719,낙찰
긴급공고,LBB0049,1,28880,***,22년 화공가스 구매,2022,LBB,육군제7789부대,제한경쟁,총액제,적격심사제,202207191030,20220719,낙찰
정상공고,LBB0051,1,29035,001,22년 경축특식(국군의 날) 초코조각케익,2022,LBB,육군제7789부대,제한경쟁,단가제,적격심사제,202207191030,20220719,낙찰
정상공고,LBB0052,1,29042,001,22년 경축특식 (국군의 날) 탄산음료,2022,LBB,육군제7789부대,제한경쟁,단가제,적격심사제,202207191030,20220719,낙찰
정상공고,LBB0053,1,29044,001,22년 경축특식 (추석) 커피음료,2022,LBB,육군제7789부대,제한경쟁,단가제,적격심사제,202207191030,20220719,낙찰
재공고,LCF0448,2,27445,***,"끈,세폭띠형 등 22항목 구매(일장)",2022,LCF,육군군수사령부,수의계약,총액제,적격심사제,202207191030,20220719,유찰
정상공고,LCF0459,1,28222,***,인쇄배선판 등 2항목 구매(항공),2022,LCF,육군군수사령부,제한경쟁,총액제,적격심사제,202207191130,20220719,낙찰
재공고,LCF0449,2,28253,***,"개스킷 등 71항목 제조(생산능력, 일장)",2022,LCF,육군군수사령부,수의계약,총액제,적격심사제,202207191030,20220719,유찰
정상공고,LCF0004,1,28501,***,"볼, 베어링용 등 18항목 구매(사격총포)",2022,LCF,육군군수사령부,제한경쟁,총액제,적격심사제,202207191030,20220719,낙찰
정상공고,LCF0005,1,29353,***,"케이스,광학기구용 등27 항목 구매(총포)",2022,LCF,육군군수사령부,제한경쟁,총액제,적격심사제,202207191030,20220719,낙찰
긴급공고,LCP0023,1,29455,***,22년 레이더경보수신기(RWR) SW 지원셋 외주정비용역,2022,LCP,육군항공사령부,일반경쟁,총액제,적격심사제,202207191030,20220719,유찰
정상공고,LDH0642,1,29369,***,부품제작자재 호스(E121-5) 등 12종 구매,2022,LDH,육군종합정비창,제한경쟁,총액제,적격심사제,202207191300,20220719,유찰
정상공고,LDH0644,1,29371,***,부품제작자재  관이음결합체 1종 구매,2022,LDH,육군종합정비창,제한경쟁,총액제,적격심사제,202207191300,20220719,낙찰
긴급공고,LFN0028,1,29294,***,3사교 22년 하반기 생도증식(돼지등뼈 등 71종) 구매,2022,LFN,육군3사관학교,수의계약,총액제,적격심사제,202207191030,20220719,유찰
긴급공고,LGP0173,1,29458,001,22년 광복절 경축특식 음료 구매,2022,LGP,제1군수지원사령부,제한경쟁,단가제,적격심사제,202207191100,20220719,낙찰
긴급공고,LGP0174,1,29464,001,22년 광복절 경축특식 핫바,2022,LGP,제1군수지원사령부,제한경쟁,단가제,적격심사제,202207191100,20220719,낙찰
긴급공고,LGP0175,1,29593,***,22년 내진성능평가 및 지반조사 용역(1공구),2022,LGP,제1군수지원사령부,제한경쟁,총액제,적격심사제,202207191100,20220719,낙찰
긴급공고,LGP0176,1,29595,***,22년 내진성능평가 및 지반조사 용역(2공구),2022,LGP,제1군수지원사령부,제한경쟁,총액제,적격심사제,202207191100,20220719,낙찰
긴급공고,LGP0177,1,29598,***,22년 내진성능평가 및 지반조사 용역(3공구),2022,LGP,제1군수지원사령부,제한경쟁,총액제,적격심사제,202207191100,20220719,낙찰
재공고,LGT0009,2,08821,***,22-강설-폐수-3 설계용역,2022,LGT,제2307부대,수의계약,총액제,최저가격제,202207191030,20220719,유찰
긴급공고,LGT0022,1,29709,***,4차 간부숙소 초도비품 벽걸이형 에어컨 설치납품,2022,LGT,제2307부대,제한경쟁,총액제,적격심사제,202207191030,20220719,낙찰
긴급공고,LHG0028,1,29384,***,22-3차 8월 부대조달 식자재 납품(장류),2022,LHG,제1862부대,제한경쟁,총액제,적격심사제,202207191030,20220719,유찰
재공고,LKP0063,2,26030,001,'22년 부대조달 부식류 민간위탁배송 용역(경남권),2022,LKP,5군수지원사령부,수의계약,단가제,적격심사제,202207191100,20220719,유찰
정상공고,LNG0053,1,29322,***,야간투시경 구매,2022,LNG,육군 제1군단,제한경쟁,총액제,적격심사제,202207191100,20220719,낙찰
긴급공고,LQG0079,1,29308,***,"(육성) 예비군기동대 감시정찰용, 교육용 드론 제조",2022,LQG,육군 52보병사단,제한경쟁,총액제,적격심사제,202207191430,20220719,낙찰
긴급공고,LQH0033,1,29740,***,금곡예비군훈련대 과학화예비군훈련체계 유지보수,2022,LQH,제3697부대,제한경쟁,총액제,적격심사제,202207191100,20220719,낙찰
재공고,MCD0023,2,24376,***,군 급식 민간위탁 시범사업 성과분석 연구,2022,MCD,국방부(운영지원과),협상에의한계약(전자),총액제,최저가격제,202207191030,20220719,유찰
정상공고,MDD0095,1,29253,***,수도병원 임상의학연구센터 통계프로그램 구매계약,2022,MDD,국군수도병원,제한경쟁,총액제,적격심사제,202207191100,20220719,낙찰
정상공고,MDG0157,1,28316,***,22년 차륜정비장비 구매,2022,MDG,국군의무사령부,일반경쟁,총액제,적격심사제,202207191100,20220719,낙찰
긴급공고,MDR0030,1,23018,***,22-강원-오수-6 오수처리시설 설계용역,2022,MDR,제9965부대,2단계경쟁(동시),총액제,최저가격제,202207191030,20220719,낙찰
긴급공고,SCF0083,1,19878,***,대잠전술훈련장(ASWTT) 유지보수 용역,2022,SCF,해군군수사령부,수의계약,총액제,적격심사제,202207191030,20220719,순위확정
긴급공고,SCF0386,1,23034,***,에폭시 도료 등 12종,2022,SCF,해군군수사령부,일반경쟁,총액제,적격심사제,202207191230,20220719,낙찰
긴급공고,SCF0391,1,23051,***,"볼트, 아이형 등 3종",2022,SCF,해군군수사령부,일반경쟁,총액제,적격심사제,202207191230,20220719,낙찰
긴급공고,SCF0390,1,23086,***,"판, 금속제 등 15종",2022,SCF,해군군수사령부,일반경쟁,총액제,적격심사제,202207191230,20220719,낙찰
긴급공고,SCF0387,1,23099,***,세이프티록 등 7종,2022,SCF,해군군수사령부,일반경쟁,총액제,적격심사제,202207191230,20220719,낙찰
긴급공고,SCF0377,1,27195,***,"(긴급)조정기세트, 전압용 등 3종",2022,SCF,해군군수사령부,제한경쟁,총액제,적격심사제,202207191030,20220719,유찰
긴급공고,SCF0379,1,28105,***,"(긴급)실린더 블록, 유압전동-펌프용 1종",2022,SCF,해군군수사령부,제한경쟁,총액제,적격심사제,202207191030,20220719,낙찰
긴급공고,SCF0378,1,28301,***,"(긴급) 밸브, 솔레노이드용 등 6종",2022,SCF,해군군수사령부,제한경쟁,총액제,적격심사제,202207191030,20220719,낙찰
긴급공고,SCF0384,1,28369,***,(긴급) 오-링 등 68종,2022,SCF,해군군수사령부,제한경쟁,총액제,적격심사제,202207191030,20220719,낙찰
긴급공고,SCF0382,1,28532,***,"(긴급) 윤활유,냉매 압축기용 등 4종 구매",2022,SCF,해군군수사령부,제한경쟁,총액제,적격심사제,202207191030,20220719,낙찰
긴급공고,SCF0380,1,28534,***,"(긴급) 스위치 유닛,전력전달용 1종 구매",2022,SCF,해군군수사령부,제한경쟁,총액제,적격심사제,202207191030,20220719,낙찰
긴급공고,SCF0383,1,28535,***,(긴급) 회로카드 조립체 1종 구매,2022,SCF,해군군수사령부,제한경쟁,총액제,적격심사제,202207191030,20220719,낙찰
긴급공고,SCF0381,1,28765,***,"(긴급) 스페이서, 직선형 등 13종 구매",2022,SCF,해군군수사령부,제한경쟁,총액제,적격심사제,202207191030,20220719,낙찰
긴급공고,SCF0396,1,28911,***,개스킷 등 7종,2022,SCF,해군군수사령부,일반경쟁,총액제,적격심사제,202207191230,20220719,낙찰
긴급공고,SCF0084,1,28915,***,기중기정 크레인 안전검사 용역,2022,SCF,해군군수사령부,수의계약,총액제,적격심사제,202207191030,20220719,유찰
긴급공고,SCF0395,1,28925,***,항공급유 연결장치 등 4종,2022,SCF,해군군수사령부,일반경쟁,총액제,적격심사제,202207191230,20220719,낙찰
긴급공고,SCF0388,1,28935,***,"바, 금속제(황동육각 C3604 16) 등 7종",2022,SCF,해군군수사령부,일반경쟁,총액제,적격심사제,202207191230,20220719,낙찰
긴급공고,SCF0385,1,28945,***,(긴급) 사이트 글라스 등 7종,2022,SCF,해군군수사령부,제한경쟁,총액제,적격심사제,202207191030,20220719,유찰
긴급공고,SCF0394,1,28953,***,"밸브, 나비형 1종",2022,SCF,해군군수사령부,일반경쟁,총액제,적격심사제,202207191230,20220719,낙찰
긴급공고,SCF0392,1,28959,***,"판, 금속제 등 23종",2022,SCF,해군군수사령부,일반경쟁,총액제,적격심사제,202207191230,20220719,낙찰
긴급공고,SCF0393,1,28973,***,"판, 금속제 등 8종",2022,SCF,해군군수사령부,일반경쟁,총액제,적격심사제,202207191230,20220719,낙찰
재공고,UMM0480,2,17953,***,22-국-유전자 감정장비 구매,2022,UMM,국군재정관리단,일반경쟁,총액제,적격심사제,202207191100,20220719,낙찰
재공고,UMM0463,3,21354,***,22-국-골프연습공 제조,2022,UMM,국군재정관리단,일반경쟁,총액제,적격심사제,202207191100,20220719,유찰
정상공고,EBB0364,1,1557,***,교정간격 부품류,2022,EBB,지상공통전력운영계약팀,일반경쟁,총액제,적격심사제,202207181100,20220718,낙찰
정상공고,EHF0115,1,7009,***,22년 유도무기 케이블조립체류,2022,EHF,미래전력사업전력운영계약팀,일반경쟁,총액제,적격심사제,202207181030,20220718,낙찰
재공고,HCG0030,2,19538,***,00부대 스마트 자동화 저장창고 신축 비용분석 연구,2022,HCG,공군본부,수의계약,총액제,최저가격제,202207181100,20220718,유찰
재공고,HCG0027,2,20923,***,공군지 과월호 한글화 편집 사업,2022,HCG,공군본부,수의계약,총액제,최저가격제,202207181100,20220718,유찰
재공고,HCG0031,2,22332,***,공군 수송기 전력 최적화 방안 연구용역,2022,HCG,공군본부,수의계약,총액제,최저가격제,202207181100,20220718,유찰
긴급공고,HDF0040,1,29229,***,"22-178, 정보통신대대, 독립망 중앙스위치 구매˙설치",2022,HDF,공군 제8전투비행단,제한경쟁,총액제,적격심사제,202207181100,20220718,순위확정
재공고,LDH0625,2,28363,***,(일장) 장갑전투도자 축압기 구매,2022,LDH,육군종합정비창,제한경쟁,총액제,적격심사제,202207181300,20220718,낙찰
정상공고,LDH0638,1,28979,***,22-10차 정비용 장비 부품 구매,2022,LDH,육군종합정비창,제한경쟁,총액제,적격심사제,202207181300,20220718,낙찰
정상공고,LDH0639,1,28982,***,부품제작자재 스프링 강선 SPS2 등 27종 구매,2022,LDH,육군종합정비창,제한경쟁,총액제,적격심사제,202207181300,20220718,유찰
정상공고,LDH0640,1,28998,***,22-3차 전동화물운반차 계약의뢰,2022,LDH,육군종합정비창,수의계약,총액제,적격심사제,202207181300,20220718,유찰
긴급공고,LDH0646,1,29526,***,자동화 창고 외주정비 용역,2022,LDH,육군종합정비창,일반경쟁,총액제,적격심사제,202207181300,20220718,낙찰
정상공고,LIK0099,1,27289,001,'22년 8월 식자재 다수품목 단가계약,2022,LIK,제2군수지원여단,2단계경쟁(동시),단가제,최저가격제,202207181000,20220718,낙찰
정상공고,MDG0155,1,27884,***,22-6차 복지기금 자산성비품 구매,2022,MDG,국군의무사령부,제한경쟁,총액제,적격심사제,202207181100,20220718,낙찰
정상공고,UMM0347,1,14193,***,(226168-C) 데스크톱 PC 도입사업(리스물건) 제조,2022,UMM,국군재정관리단,수의계약,총액제,최저가격제,202207181100,20220718,유찰
정상공고,UMM0458,1,17104,***,(226134-D) 저장대(중량렉) 제조납품,2022,UMM,국군재정관리단,제한경쟁,총액제,적격심사제,202207181100,20220718,낙찰
긴급공고,UMM0380,1,18095,***,(22G123-I) 2022년 군 건강조사 용역,2022,UMM,국군재정관리단,2단계경쟁(동시),총액제,최저가격제,202207181100,20220718,낙찰
긴급공고,UMM0426,1,19394,***,(22F128-A) 22년 안전교육 영상콘텐츠 제작 용역,2022,UMM,국군재정관리단,2단계경쟁(동시),총액제,최저가격제,202207181100,20220718,낙찰
정상공고,UMM0457,1,23225,***,(226160-C) 주파수 변환기 제조 설치,2022,UMM,국군재정관리단,제한경쟁,총액제,적격심사제,202207181100,20220718,유찰
정상공고,UMM0520,1,23914,***,22-공-조종사용 선글라스 5종 제조,2022,UMM,국군재정관리단,제한경쟁,총액제,적격심사제,202207181100,20220718,유찰
정상공고,UMM0521,1,24118,***,22-해-저격수용 관측망원경 구매,2022,UMM,국군재정관리단,제한경쟁,총액제,적격심사제,202207181100,20220718,낙찰
정상공고,UMM0522,1,29209,***,22-공-12게이지 엽총탄 구매,2022,UMM,국군재정관리단,제한경쟁,총액제,적격심사제,202207181100,20220718,낙찰
재공고,EBB0311,3,0041,***,광학장비부품류(구매),2022,EBB,지상공통전력운영계약팀,제한경쟁,총액제,적격심사제,202207151100,20220715,유찰
정상공고,EBB0363,1,4602,***,"케이블 조립체,특수목적용,전기용",2022,EBB,지상공통전력운영계약팀,수의계약,총액제,적격심사제,202207151030,20220715,유찰
긴급공고,LBA0100,1,29100,001,'22년 7~8월 부대조달 부식(핫도그빵) 제조,2022,LBA,제 2167부대,제한경쟁,단가제,적격심사제,202207151030,20220715,유찰
긴급공고,LBA0103,1,29124,001,'22년 7~8월 부대조달 부식(납작어묵) 제조,2022,LBA,제 2167부대,제한경쟁,단가제,적격심사제,202207151030,20220715,낙찰
긴급공고,LBA0104,1,29130,001,'22년 7~8월 부대조달 부식(조미간장) 제조,2022,LBA,제 2167부대,제한경쟁,단가제,적격심사제,202207151030,20220715,유찰
정상공고,LCF0457,1,28855,***,"플랩,내측 튜브용,공기 타이어용 등 7항목 구매(기장)",2022,LCF,육군군수사령부,일반경쟁,총액제,적격심사제,202207151030,20220715,낙찰
정상공고,LCF0458,1,28865,***,"제어장치,발전기용 등 7항목 구매(일장)",2022,LCF,육군군수사령부,제한경쟁,총액제,적격심사제,202207151030,20220715,낙찰
정상공고,LDG0051,1,28890,***,내진성능평가 검증용역,2022,LDG,육군 탄약지원사령부,제한경쟁,총액제,적격심사제,202207151030,20220715,낙찰
정상공고,LDH0617,1,27922,***,적외선차폐발연기 조종기 등 3종 시험기소요자재 구매,2022,LDH,육군종합정비창,수의계약,총액제,최저가격제,202207151300,20220715,유찰
정상공고,LDH0637,1,28901,***,UH-60 패킹 등 6종 구매,2022,LDH,육군종합정비창,수의계약,총액제,적격심사제,202207151000,20220715,유찰
정상공고,LDH0641,1,29015,***,500MD너트 등 5종 구매,2022,LDH,육군종합정비창,제한경쟁,총액제,적격심사제,202207151000,20220715,낙찰
긴급공고,LKH0018,1,28852,***,함정장비 발전기 설치납품,2022,LKH,제6128부대,제한경쟁,총액제,적격심사제,202207151030,20220715,낙찰
긴급공고,LQG0077,1,29161,***,서초훈련대 영상모의사격장비 유지보수 용역,2022,LQG,육군 52보병사단,제한경쟁,총액제,적격심사제,202207151530,20220715,낙찰
긴급공고,LQG0078,1,29173,***,박달훈련대 영상모의사격장비 유지보수 용역,2022,LQG,육군 52보병사단,제한경쟁,총액제,적격심사제,202207151530,20220715,낙찰
긴급공고,MCC0005,1,27650,***,정비 및 취사피복 제조 구매,2022,MCC,제3포병여단,2단계경쟁(동시),총액제,최저가격제,202207151030,20220715,낙찰
긴급공고,SCF0364,1,23063,***,"(긴급) 양극,부식방지용 등 4종",2022,SCF,해군군수사령부,제한경쟁,총액제,적격심사제,202207151030,20220715,낙찰
긴급공고,SCF0368,1,27990,***,(긴급) 인입식 비트 A형 1종,2022,SCF,해군군수사령부,제한경쟁,총액제,적격심사제,202207151030,20220715,낙찰
긴급공고,SCF0367,1,27999,***,"(긴급) 파이프,금속제 등 11종",2022,SCF,해군군수사령부,제한경쟁,총액제,적격심사제,202207151030,20220715,낙찰
긴급공고,SCF0366,1,28005,***,"(긴급) 덮개,입구용 등 20종",2022,SCF,해군군수사령부,제한경쟁,총액제,적격심사제,202207151030,20220715,낙찰
긴급공고,SCF0376,1,28533,***,(긴급) 카운트밸런스 밸브 1종 구매,2022,SCF,해군군수사령부,제한경쟁,총액제,적격심사제,202207151030,20220715,낙찰
정상공고,UMM0455,1,24495,***,(226275-B) 체력단련장 전동승용카트 구매,2022,UMM,국군재정관리단,일반경쟁,총액제,적격심사제,202207151100,20220715,낙찰
정상공고,EBB0361,1,0073,***,22년 LED 연습용 조명지뢰,2022,EBB,지상공통전력운영계약팀,일반경쟁,총액제,적격심사제,202207141100,20220714,낙찰
정상공고,EBB0362,1,0470A,***,MTU엔진 일반부품,2022,EBB,지상공통전력운영계약팀,제한경쟁,총액제,적격심사제,202207141100,20220714,낙찰
정상공고,ELA0023,1,3503,***,화생방정찰차-Ⅱ(차량형) 일반공구류(후속),2022,ELA,화력총괄계약팀,일반경쟁,총액제,적격심사제,202207141030,20220714,낙찰
긴급공고,HCF0176,1,25720,***,[신궁부품]가스관조립체 등 7종 제조,2022,HCF,공군군수사령부,제한경쟁,총액제,적격심사제,202207141030,20220714,유찰
정상공고,HCG0034,1,27465,***,원격탐사체계 중·장기 발전계획 기반연구,2022,HCG,공군본부,수의계약,총액제,최저가격제,202207141100,20220714,유찰
긴급공고,LBA0097,1,28383,001,'22년 추석 경축특식(마카롱) 제조,2022,LBA,제 2167부대,제한경쟁,단가제,적격심사제,202207141030,20220714,유찰
정정공고,LBA0099,2,28480,001,'22년 부대조달 후식 구매(콜라),2022,LBA,제 2167부대,제한경쟁,단가제,적격심사제,202207141030,20220714,낙찰
정상공고,LCF0456,1,28002,***,궤도 가류 불량품 고무제거(소각) 정비,2022,LCF,육군군수사령부,수의계약,총액제,적격심사제,202207141030,20220714,유찰
정상공고,LDH0632,1,28797,***,(정비) 석면판 등 15종 구매,2022,LDH,육군종합정비창,제한경쟁,총액제,적격심사제,202207141300,20220714,낙찰
정상공고,LDH0633,1,28814,***,(정비) 초경앤드밀 1종 구매,2022,LDH,육군종합정비창,제한경쟁,총액제,적격심사제,202207141300,20220714,낙찰
정상공고,LDH0636,1,28819,***,수평안전판 작동기시험기 제조,2022,LDH,육군종합정비창,제한경쟁,총액제,적격심사제,202207141300,20220714,낙찰
긴급공고,LHP0036,1,29165,***,광망 이격장치 구매,2022,LHP,제22보병사단,제한경쟁,총액제,적격심사제,202207141100,20220714,낙찰
긴급공고,LMP0049,1,29196,001,8·9월 부대조달 식자재 계약(중기간 최종)-장유류,2022,LMP,제3보병사단,제한경쟁,단가제,적격심사제,202207141100,20220714,유찰
정상공고,MDD0094,1,28180,***,2022년 의무장비(흡인기 음압치료용) 구매계약,2022,MDD,국군수도병원,수의계약,총액제,적격심사제,202207141100,20220714,유찰
정상공고,MDG0154,1,28001,***,22년 의무장비(비디오기도삽관기) 구매,2022,MDG,국군의무사령부,제한경쟁,총액제,적격심사제,202207141100,20220714,유찰
정정공고,MDG0018,3,29179,***,아데노바이러스 55형 백신개발 타당성 검토 연구,2022,MDG,국군의무사령부,2단계경쟁(동시),총액제,최저가격제,202207141600,20220714,낙찰
재공고,SCF0344,2,22006,***,"(긴급) 폴리, 홈통식 등 9종 구매",2022,SCF,해군군수사령부,제한경쟁,총액제,적격심사제,202207141030,20220714,유찰
긴급공고,SCF0082,1,29158,***,'22년 함정 기관실 바닥 청락/도장 용역,2022,SCF,해군군수사령부,일반경쟁,총액제,적격심사제,202207141030,20220714,낙찰
긴급공고,UAZ0014,1,27132,***,두루말 어울림 아파트 용역계약,2022,UAZ,합동군사대학교,일반경쟁,총액제,적격심사제,202207141100,20220714,낙찰
정상공고,UMM0453,1,21256,***,(226243-B) 체력단련장 관리장비 통합구매,2022,UMM,국군재정관리단,일반경쟁,총액제,적격심사제,202207141100,20220714,유찰
정상공고,UMM0452,1,21859,***,(226255-B)국가기술검정 실습장비(차륜형굴착기) 구매,2022,UMM,국군재정관리단,제한경쟁,총액제,적격심사제,202207141100,20220714,유찰
정상공고,UMM0516,1,24365,***,22-공-골프연습장 오토티업기 등 17품목 구매설치,2022,UMM,국군재정관리단,제한경쟁,총액제,적격심사제,202207141100,20220714,낙찰
정상공고,UMM0517,1,26487,***,22-국-인쇄용지 10종 구매,2022,UMM,국군재정관리단,일반경쟁,총액제,적격심사제,202207141100,20220714,낙찰
정상공고,UMM0451,1,28720,***,(22G153-A) 수송 및 학사기반운영 구축사업 리스,2022,UMM,국군재정관리단,일반경쟁,총액제,최저가격제,202207141100,20220714,낙찰
정상공고,EBB0357,1,0350,***,수산화리튬 카트리지,2022,EBB,지상공통전력운영계약팀,수의계약,총액제,적격심사제,202207131100,20220713,유찰
재공고,EBB0346,2,1170,***,전시 통제기(K55 자주포용),2022,EBB,지상공통전력운영계약팀,수의계약,총액제,적격심사제,202207131400,20220713,유찰
정상공고,EBB0356,1,A1040,***,"22년 (F-5) 회로망,펄스 형성용",2022,EBB,지상공통전력운영계약팀,일반경쟁,총액제,적격심사제,202207131100,20220713,순위확정
재공고,EHF0109,2,1002,***,22년 발칸 사격통제부품(구매),2022,EHF,미래전력사업전력운영계약팀,일반경쟁,총액제,적격심사제,202207131100,20220713,낙찰
정상공고,EHF0113,1,2611,***,22년 비호 사통장치 수리부속(구매),2022,EHF,미래전력사업전력운영계약팀,수의계약,총액제,적격심사제,202207131100,20220713,유찰
정상공고,EHF0114,1,7301,***,22년 상용 위성항법장비(GPS)(구매),2022,EHF,미래전력사업전력운영계약팀,제한경쟁,총액제,적격심사제,202207131100,20220713,순위확정
긴급공고,HCF0175,1,28972,***,오실로스코프,2022,HCF,공군군수사령부,제한경쟁,총액제,적격심사제,202207131030,20220713,낙찰
긴급공고,HCR0027,1,28920,***,[기동형 전파차단장비 부품] 증폭기 11종 제조 구매,2022,HCR,공군제15특수임무비행단,제한경쟁,총액제,적격심사제,202207131100,20220713,낙찰
긴급공고,HDC0018,1,28874,***,22-175 UPS 구매,2022,HDC,공군제1전투비행단,제한경쟁,총액제,적격심사제,202207131030,20220713,낙찰
긴급공고,HDC0019,1,28889,***,22-176 외주정비물품구매,2022,HDC,공군제1전투비행단,제한경쟁,총액제,적격심사제,202207131030,20220713,유찰
긴급공고,HDC0020,1,29018,***,22-156 가스여과기 구매,2022,HDC,공군제1전투비행단,일반경쟁,총액제,적격심사제,202207131030,20220713,순위확정
정상공고,LCF0002,1,27016,***,전력계등 1항목구매(특무),2022,LCF,육군군수사령부,제한경쟁,총액제,적격심사제,202207131030,20220713,낙찰
정상공고,LCF0001,1,27019,***,"오실리스코프,디지털형 등6항목구매(특무)",2022,LCF,육군군수사령부,제한경쟁,총액제,적격심사제,202207131030,20220713,순위확정
재공고,LCF0445,2,27450,***,"필터 엘리먼트,유체용 등 1항목 제조(일장)",2022,LCF,육군군수사령부,수의계약,총액제,적격심사제,202207131030,20220713,유찰
정상공고,LCF0136,1,27498,***,막 코틀용 등 29항목 구매(화생방수리부속),2022,LCF,육군군수사령부,제한경쟁,총액제,적격심사제,202207131030,20220713,순위확정
정상공고,LCF0453,1,27989,***,K1계열전차 송풍기 조립체 정비,2022,LCF,육군군수사령부,제한경쟁,총액제,적격심사제,202207131030,20220713,낙찰
정상공고,LCF0455,1,28079,***,"벨트, V형 등 3항목 제조(궤도)",2022,LCF,육군군수사령부,제한경쟁,총액제,적격심사제,202207131030,20220713,낙찰
긴급공고,LCG0077,1,28140,***,22년도 성폭력 예방활동 홍보물품 구매,2022,LCG,육군본부,제한경쟁,총액제,적격심사제,202207131030,20220713,낙찰
긴급공고,LCG0076,1,28450,***,’22년 폭발물처리 종사자 단체보험 계약,2022,LCG,육군본부,수의계약,총액제,적격심사제,202207131030,20220713,유찰
재공고,LHP0029,2,25129,***,건조식 음식물처리 장비 임차,2022,LHP,제22보병사단,일반경쟁,총액제,적격심사제,202207131100,20220713,유찰
긴급공고,MCD0025,1,26855,***,국방정보화 법률 개정방안 연구,2022,MCD,국방부(운영지원과),협상에의한계약(전자),총액제,최저가격제,202207131100,20220713,낙찰
정정공고,MDG0017,2,28884,***,22-6차 연구장비 구매 계약 - 시약 및 약품냉장고,2022,MDG,국군의무사령부,제한경쟁,총액제,적격심사제,202207131600,20220713,유찰
정정공고,MDG0016,2,28886,***,22-7차 연구장비 구매 계약 - 멸균소독기 소형,2022,MDG,국군의무사령부,제한경쟁,총액제,적격심사제,202207131600,20220713,낙찰
긴급공고,SCF0296,1,25927,***,'22년 국외항공특송 수송용역,2022,SCF,해군군수사령부,제한경쟁,총액제,적격심사제,202207131030,20220713,낙찰
긴급공고,SCF0373,1,27420,***,"(긴급)밸브, 조절용, 유압식 등 5종",2022,SCF,해군군수사령부,제한경쟁,총액제,적격심사제,202207131030,20220713,유찰
긴급공고,SCF0374,1,28266,***,"(긴급)파이프, 배기용 등 5종",2022,SCF,해군군수사령부,제한경쟁,총액제,적격심사제,202207131030,20220713,낙찰
긴급공고,SCI0053,1,28957,***,"밸브, 격막식, 개폐용 등 13종 구매",2022,SCI,제9121부대,제한경쟁,총액제,적격심사제,202207131030,20220713,낙찰
긴급공고,SFH0086,1,28883,***,리보트릴정 등 156품목 구매(도서지역),2022,SFH,제9196부대,제한경쟁,총액제,적격심사제,202207131030,20220713,낙찰
정상공고,UMM0514,1,21348,***,22-해병-상륙기습구명의 등 2종 제조,2022,UMM,국군재정관리단,제한경쟁,총액제,적격심사제,202207131100,20220713,낙찰
긴급공고,UMM0519,1,24084,***,22-미-00사격장 폐탄수거 용역,2022,UMM,국군재정관리단,일반경쟁,총액제,적격심사제,202207131100,20220713,낙찰
정상공고,UMM0513,1,24763,***,22-해-광학기구(금속현미경) 구매,2022,UMM,국군재정관리단,제한경쟁,총액제,적격심사제,202207131100,20220713,낙찰
긴급공고,UMM0454,1,27488,***,(226292-F)22년 2학기 교과서(국내서) 구매,2022,UMM,국군재정관리단,제한경쟁,총액제,적격심사제,202207131100,20220713,낙찰
정상공고,UMM0448,1,28439,***,(226039-G) '22년도 육사교 LAN 교체사업(리스물건),2022,UMM,국군재정관리단,일반경쟁,총액제,적격심사제,202207131100,20220713,낙찰
정상공고,UMM0515,1,28614,***,22-해-통합선박정보관리체계↔e-Nav 연동체계 구축,2022,UMM,국군재정관리단,일반경쟁,총액제,적격심사제,202207131100,20220713,낙찰
재공고,EBB0336,2,0202H,***,"전지,재충전불가식(BA-3517)",2022,EBB,지상공통전력운영계약팀,일반경쟁,총액제,적격심사제,202207121100,20220712,유찰
정상공고,EBB0358,1,1286,***,기동화력 부속유지용 부품류,2022,EBB,지상공통전력운영계약팀,수의계약,총액제,적격심사제,202207121030,20220712,유찰
정상공고,EBB0359,1,1287,***,자주포 동력장치 부품류,2022,EBB,지상공통전력운영계약팀,수의계약,총액제,적격심사제,202207121040,20220712,유찰
정상공고,EBB0354,1,1A206,***,"22년~23년 (C-130) 지시기, 자세용 정비(D)",2022,EBB,지상공통전력운영계약팀,수의계약,총액제,적격심사제,202207121100,20220712,유찰
재공고,EBB0342,2,9462,***,변속기 부품(구매),2022,EBB,지상공통전력운영계약팀,수의계약,총액제,적격심사제,202207121100,20220712,유찰
재공고,EL30004,2,1071A,***,적외선차폐연막통(연막제) 유해성 입증시험 연구용역,2022,ELA,화력총괄계약팀,협상에의한계약(서류),총액제,최저가격제,202207121430,20220712,낙찰
긴급공고,HCF0174,1,24803,***,"제거제, 페인트용 1종 구매",2022,HCF,공군군수사령부,제한경쟁,총액제,적격심사제,202207121030,20220712,유찰
긴급공고,HCF0169,1,25269,***,주유펌프 구매,2022,HCF,공군군수사령부,제한경쟁,총액제,적격심사제,202207121030,20220712,유찰
긴급공고,HCF0172,1,28008,***,[시동용발전기 부품]아날로그 카드 등 2종 제조,2022,HCF,공군군수사령부,제한경쟁,총액제,적격심사제,202207121030,20220712,낙찰
긴급공고,HCF0173,1,28016,***,"[TA-1 부품]차량용 에어컨,루프형 구매",2022,HCF,공군군수사령부,제한경쟁,총액제,적격심사제,202207121030,20220712,유찰
긴급공고,HCF0171,1,28110,***,"분석기, 스펙트럼",2022,HCF,공군군수사령부,제한경쟁,총액제,적격심사제,202207121030,20220712,낙찰
긴급공고,HDR0007,1,29045,***,관제부대 병영식당 청소용역,2022,HDR,공군방공관제사령부,제한경쟁,총액제,적격심사제,202207121100,20220712,낙찰
정정공고,LCF0065,3,06297,***,작전용 캐리어 1항목 구매,2022,LCF,육군군수사령부,수의계약,총액제,최저가격제,202207121400,20220712,유찰
재공고,LCF0419,2,24547,***,"연결기, 파이프용 등 4항목 구매(궤도)",2022,LCF,육군군수사령부,제한경쟁,총액제,적격심사제,202207121030,20220712,낙찰
재공고,LCF0441,2,26888,***,"청소기,배관용 등 5항목 제조(생산능력, 일장)",2022,LCF,육군군수사령부,수의계약,총액제,적격심사제,202207121030,20220712,유찰
재공고,LCF0440,2,26889,***,"제어헤드 조립체 등 5항목 제조(생산능력, 일장)",2022,LCF,육군군수사령부,수의계약,총액제,적격심사제,202207121030,20220712,순위확정
재공고,LCF0439,2,26891,***,"덮개,누름단추용 등 10항목 제조(생산능력, 일장)",2022,LCF,육군군수사령부,수의계약,총액제,적격심사제,202207121030,20220712,유찰
정상공고,LCF0451,1,27529,***,접착식탄력붕대 등 2항목 구매(의무),2022,LCF,육군군수사령부,제한경쟁,총액제,적격심사제,202207121130,20220712,낙찰
정상공고,LCF0450,1,28223,***,"통,집게용 등 3항목 구매(의무)",2022,LCF,육군군수사령부,제한경쟁,총액제,적격심사제,202207121130,20220712,낙찰
정상공고,LCF0452,1,28225,***,전원 공급기 등 3항목 구매(항공),2022,LCF,육군군수사령부,제한경쟁,총액제,적격심사제,202207121130,20220712,낙찰
정상공고,LCF0449,1,28253,***,"개스킷 등 71항목 제조(생산능력, 일장)",2022,LCF,육군군수사령부,수의계약,총액제,적격심사제,202207121030,20220712,유찰
재공고,LCG0056,4,18986,***,군 VoiP 교환시스템 통합운용방안 연구 용역,2022,LCG,육군본부,협상에의한계약(전자),총액제,최저가격제,202207121000,20220712,낙찰
정상공고,LDH0621,1,28323,***,통신장비 수리부속 제어장치 구매,2022,LDH,육군종합정비창,제한경쟁,총액제,적격심사제,202207121000,20220712,낙찰
정상공고,LDH0625,1,28363,***,(일장) 장갑전투도자 축압기 구매,2022,LDH,육군종합정비창,제한경쟁,총액제,적격심사제,202207121300,20220712,유찰
정상공고,LDH0628,1,28376,***,통신장비 수리부속 연결기조립체 구매,2022,LDH,육군종합정비창,제한경쟁,총액제,적격심사제,202207121000,20220712,순위확정
정상공고,LDH0629,1,28377,***,통신장비 수리부속 덮개 등 2종 구매,2022,LDH,육군종합정비창,제한경쟁,총액제,적격심사제,202207121000,20220712,낙찰
긴급공고,LHN0031,1,28711,***,'22-'25년 정수기 임차용역,2022,LHN,제7보병사단,제한경쟁,총액제,적격심사제,202207121100,20220712,낙찰
긴급공고,LHP0035,1,28785,***,22년 제초관리 용역,2022,LHP,제22보병사단,일반경쟁,총액제,적격심사제,202207121030,20220712,낙찰
긴급공고,LNF0023,1,28558,***,22년 8~9월 부대계약 식자재 납품,2022,LNF,제1보병사단,일반경쟁,총액제,적격심사제,202207121100,20220712,낙찰
긴급공고,LQH0027,1,28126,***,금곡예비군훈련대 제2훈련장 교전장비 유지보수,2022,LQH,제3697부대,제한경쟁,총액제,적격심사제,202207121100,20220712,유찰
긴급공고,LQH0026,1,28127,***,금곡예비군훈련대 제1훈련장 교전장비 유지보수,2022,LQH,제3697부대,제한경쟁,총액제,적격심사제,202207121100,20220712,유찰
긴급공고,LQH0029,1,28136,***,노고산예비군훈련대 관제장비 유지보수,2022,LQH,제3697부대,제한경쟁,총액제,적격심사제,202207121100,20220712,낙찰
긴급공고,LQH0030,1,28756,***,노고산예비군훈련대 영상모의사격장비 유지보수,2022,LQH,제3697부대,제한경쟁,총액제,적격심사제,202207121100,20220712,낙찰
긴급공고,MDG0153,1,28455,***,율동아파트 싱크대 교체 설치납품,2022,MDG,국군의무사령부,제한경쟁,총액제,적격심사제,202207121100,20220712,낙찰
재공고,SCF0061,2,10494,***,다중복합감시체계 유지보수 용역,2022,SCF,해군군수사령부,일반경쟁,총액제,적격심사제,202207121030,20220712,낙찰
재공고,SCF0323,2,22014,***,(긴급) 개스킷 등 12종 구매,2022,SCF,해군군수사령부,제한경쟁,총액제,적격심사제,202207121030,20220712,유찰
긴급공고,SCF0075,1,22163,***,잠수함 조함/저주파 훈련장비 유지보수 용역,2022,SCF,해군군수사령부,제한경쟁,총액제,적격심사제,202207121030,20220712,낙찰
재공고,SCF0332,2,22686,***,(긴급)스툴의자 등 1종,2022,SCF,해군군수사령부,제한경쟁,총액제,적격심사제,202207121030,20220712,유찰
긴급공고,SCF0079,1,22996,***,이지스 전투체계 육상지원장비 유지보수 용역,2022,SCF,해군군수사령부,일반경쟁,총액제,적격심사제,202207121030,20220712,낙찰
긴급공고,SCF0369,1,23466,***,"(긴급)전지, 축전식 등 11종",2022,SCF,해군군수사령부,제한경쟁,총액제,적격심사제,202207121030,20220712,유찰
긴급공고,SCF0291,1,23531,***,다중계기 등 6종 구매,2022,SCF,해군군수사령부,제한경쟁,총액제,적격심사제,202207121030,20220712,낙찰
긴급공고,SCF0074,1,23779,***,잠수함 출입용 현문 사다리 전동기 정비,2022,SCF,해군군수사령부,수의계약,총액제,적격심사제,202207121030,20220712,순위확정
긴급공고,SCF0293,1,24139,***,"스위치, 근접식 3EA 구매",2022,SCF,해군군수사령부,제한경쟁,총액제,적격심사제,202207121030,20220712,낙찰
긴급공고,SCF0357,1,24842,***,"(긴급) 변기,변소용 등 6종 구매",2022,SCF,해군군수사령부,제한경쟁,총액제,적격심사제,202207121030,20220712,낙찰
긴급공고,SCF0358,1,24843,***,"(긴급) 부품키트,세면대용 등 4종 구매",2022,SCF,해군군수사령부,제한경쟁,총액제,적격심사제,202207121030,20220712,유찰
긴급공고,SCF0362,1,25369,***,"(긴급) 베어링하프 세트,슬리브용 등 72종 구매",2022,SCF,해군군수사령부,일반경쟁,총액제,적격심사제,202207121030,20220712,유찰
긴급공고,SCF0361,1,25483,***,(긴급) 3단 흡입밸브조립체 등 20종,2022,SCF,해군군수사령부,제한경쟁,총액제,적격심사제,202207121030,20220712,낙찰
긴급공고,SCF0363,1,25547,***,"(긴급)베어링, 볼형, 환상형 등 10종",2022,SCF,해군군수사령부,제한경쟁,총액제,적격심사제,202207121030,20220712,낙찰
재공고,SCF0072,2,25963,***,000함 G/T 감속기어 축계 중심정렬 외주용역,2022,SCF,해군군수사령부,일반경쟁,총액제,적격심사제,202207121030,20220712,유찰
긴급공고,SCF0359,1,26669,***,(긴급) 오-링 등 9종 구매,2022,SCF,해군군수사령부,제한경쟁,총액제,적격심사제,202207121030,20220712,낙찰
긴급공고,SCF0360,1,26670,***,(긴급) 푸쉬로드 등 64종 구매,2022,SCF,해군군수사령부,제한경쟁,총액제,적격심사제,202207121030,20220712,낙찰
긴급공고,SCF0371,1,27424,***,"(긴급)시일,밀봉형 등 6종",2022,SCF,해군군수사령부,제한경쟁,총액제,적격심사제,202207121030,20220712,낙찰
긴급공고,SCF0295,1,27456,***,소형차륜평형기 8EA 구매,2022,SCF,해군군수사령부,제한경쟁,총액제,적격심사제,202207121030,20220712,낙찰
긴급공고,SCF0372,1,27744,***,(긴급)기어박스 키트 등 4종,2022,SCF,해군군수사령부,제한경쟁,총액제,적격심사제,202207121030,20220712,낙찰
긴급공고,SCF0294,1,27850,***,대형차륜평형기 5EA 구매,2022,SCF,해군군수사령부,제한경쟁,총액제,적격심사제,202207121030,20220712,낙찰
긴급공고,SCF0292,1,27853,***,메카니칼 씰 등 7종 구매,2022,SCF,해군군수사령부,제한경쟁,총액제,적격심사제,202207121030,20220712,낙찰
긴급공고,SCF0365,1,28123,***,"(긴급)베어링, 롤러식, 원통형 등 6종",2022,SCF,해군군수사령부,제한경쟁,총액제,적격심사제,202207121030,20220712,낙찰
긴급공고,UHC0011,1,28379,***,"22-조-21, 기동형 산불 진화장비",2022,UHC,공군 작사예하 방포사예하 제2여단,제한경쟁,총액제,적격심사제,202207121100,20220712,유찰
재공고,UMM0484,2,19152,***,22-해-소형승용차(하이브리드) 구매,2022,UMM,국군재정관리단,제한경쟁,총액제,적격심사제,202207121100,20220712,순위확정
긴급공고,UMM0445,1,25104,***,(226044-G)22년 BCTP 장비 교체사업(리스물건),2022,UMM,국군재정관리단,일반경쟁,총액제,적격심사제,202207121100,20220712,낙찰
긴급공고,UMM0447,1,25117,***,(22F077-A)22년 급유시설 민간위탁 기술용역,2022,UMM,국군재정관리단,제한경쟁,총액제,적격심사제,202207121100,20220712,낙찰
정상공고,UMM0511,1,27288,***,22년 함정 매트리스 세척 및 소독 용역,2022,UMM,국군재정관리단,제한경쟁,총액제,적격심사제,202207121100,20220712,낙찰
정상공고,UMM0512,1,28366,***,22-해병-LAN 소규모 설치 사업,2022,UMM,국군재정관리단,일반경쟁,총액제,적격심사제,202207121100,20220712,낙찰
정상공고,EBB0355,1,4032,***,K288구난차 바퀴,2022,EBB,지상공통전력운영계약팀,수의계약,총액제,적격심사제,202207111100,20220711,유찰
정상공고,EHF0111,1,8011,***,22년 천마 수리부속(하우징류),2022,EHF,미래전력사업전력운영계약팀,일반경쟁,총액제,적격심사제,202207111030,20220711,낙찰
정상공고,EHF0112,1,8152,***,22년 천마 수리부속(필터류),2022,EHF,미래전력사업전력운영계약팀,일반경쟁,총액제,적격심사제,202207111030,20220711,낙찰
정상공고,EHF0110,1,8520P,***,22년 KCTC 교전훈련장비(마일즈)용 충전지,2022,EHF,미래전력사업전력운영계약팀,일반경쟁,총액제,적격심사제,202207111500,20220711,낙찰
재공고,EHF0095,2,8615,***,22년 현궁 사격통제장비 부품(구매),2022,EHF,미래전력사업전력운영계약팀,수의계약,총액제,적격심사제,202207111030,20220711,유찰
재공고,EHF0098,2,8630,***,22년 현궁 발사통제장비 부품,2022,EHF,미래전력사업전력운영계약팀,수의계약,총액제,적격심사제,202207111100,20220711,유찰
긴급공고,HDR0006,1,28821,***,22-방공관제사-48(에어컨 등 2품목),2022,HDR,공군방공관제사령부,제한경쟁,총액제,적격심사제,202207111100,20220711,낙찰
정상공고,LDG0042,1,24762,***,탄약결박 및 수송 안전시험평가체계구축 용역,2022,LDG,육군 탄약지원사령부,수의계약,총액제,최저가격제,202207111300,20220711,유찰
정상공고,SCU0047,1,29070,***,22-00전대 간부숙소 tv방송 및 인터넷 서비스,2022,SCU,해군 기동함대사령부,일반경쟁,총액제,적격심사제,202207111100,20220711,순위확정
정상공고,UMM0508,1,23736,***,22-해-정전식 칼라출력기 2대 구매,2022,UMM,국군재정관리단,제한경쟁,총액제,적격심사제,202207111100,20220711,낙찰
정상공고,UMM0510,1,26417,***,22-해병대사 정수기(100대) 임차 용역,2022,UMM,국군재정관리단,제한경쟁,총액제,적격심사제,202207111100,20220711,낙찰
정상공고,UMM0507,1,28082,***,22-공-벤딩기 구매(229056-D),2022,UMM,국군재정관리단,제한경쟁,총액제,적격심사제,202207111030,20220711,낙찰
정상공고,UMM0509,1,28164,***,22-해-노트북·프린터·모니터 도입(리스물건),2022,UMM,국군재정관리단,일반경쟁,총액제,적격심사제,202207111100,20220711,낙찰
정상공고,EBB0352,1,2410,***,K-9 엔진부품류(구매),2022,EBB,지상공통전력운영계약팀,제한경쟁,총액제,적격심사제,202207081400,20220708,낙찰
재공고,HCG0022,4,19360,***,공군 Kill-Web의 임무효과도 및 발전 로드맵 연구,2022,HCG,공군본부,수의계약,총액제,최저가격제,202207081130,20220708,유찰
재공고,LCH0025,2,27154,***,5.56mm소총 컨버젼키트 및 페인트탄 구매(물-44),2022,LCH,특수전사령부,일반경쟁,총액제,적격심사제,202207081100,20220708,유찰
재공고,LGP0139,2,20772,***,국가기술자격검정 장비(교육용 궤도형 불도저)구매,2022,LGP,제1군수지원사령부,수의계약,총액제,적격심사제,202207081100,20220708,유찰
재공고,MCM0006,2,20316,***,미래 한국군 통합사이버전 수행방안 연구,2022,MCM,4284부대,협상에의한계약(전자),총액제,최저가격제,202207081030,20220708,낙찰
정정공고,MFL0016,2,28118,***,영상정보에 대한 학습데이터 확보방안 연구,2022,MFL,합동참모본부,협상에의한계약(전자),총액제,최저가격제,202207081330,20220708,낙찰
정상공고,UMM0273,1,17979,***,(226113-B) 방탄복 3형 조끼 제조,2022,UMM,국군재정관리단,협상에의한계약(전자),총액제,최저가격제,202207081100,20220708,낙찰
정상공고,UMM0506,1,19161,***,22-해-해상방송 시스템 구매설치,2022,UMM,국군재정관리단,일반경쟁,총액제,적격심사제,202207081100,20220708,낙찰
긴급공고,UMM0383,1,19890,***,(22F139-I) 00부대 군 사격장 소음영향도 조사용역,2022,UMM,국군재정관리단,일반경쟁,총액제,적격심사제,202207081100,20220708,낙찰
정상공고,UMM0444,1,22679,***,(227258-F)사이버 기술분석용 장비/SW 도입,2022,UMM,국군재정관리단,일반경쟁,총액제,적격심사제,202207081100,20220708,낙찰
정상공고,UMM0442,1,24095,***,"(226271-B) 16, 32밀리 일체형 결속기 구매",2022,UMM,국군재정관리단,일반경쟁,총액제,적격심사제,202207081100,20220708,낙찰
정상공고,UMM0443,1,28028,***,(226123-D)A형 팔레트 등 13종 제조,2022,UMM,국군재정관리단,일반경쟁,총액제,적격심사제,202207081100,20220708,낙찰
재공고,DSS0033,2,19872,***,22년 테러예방 교육 동영상 제작 용역,2022,DSS,국군제1068부대,수의계약,총액제,최저가격제,202207071030,20220707,유찰
재공고,EBB0317,2,1A212,***,"22년 (UH-60) 제어장치,시동보조기용 정비",2022,EBB,지상공통전력운영계약팀,일반경쟁,총액제,적격심사제,202207071300,20220707,낙찰
정상공고,EBB0349,1,4651,***,22년 차체 유압제어 블록 조립체,2022,EBB,지상공통전력운영계약팀,수의계약,총액제,적격심사제,202207071400,20220707,유찰
정상공고,EHF0108,1,6700A,***,22년 낙하산 및 수리부속,2022,EHF,미래전력사업전력운영계약팀,수의계약,총액제,적격심사제,202207071500,20220707,유찰
재공고,HCF0156,2,23978,***,스텐판 등 57종 구매,2022,HCF,공군군수사령부,제한경쟁,총액제,적격심사제,202207071030,20220707,낙찰
긴급공고,HCF0168,1,28104,***,전원공급기,2022,HCF,공군군수사령부,일반경쟁,총액제,적격심사제,202207071030,20220707,낙찰
재공고,HCG0024,3,18358,***,공군 군수지원 분야 발전방향 연구 용역,2022,HCG,공군본부,수의계약,총액제,최저가격제,202207071130,20220707,유찰
정상공고,LCF0133,1,26070,***,파워팩 조립체 등 4항목 제조(화생방수리부속),2022,LCF,육군군수사령부,제한경쟁,총액제,적격심사제,202207071030,20220707,유찰
정상공고,LCF0132,1,26089,***,전동식 연료펌프 등 11항목 구매(궤도공구),2022,LCF,육군군수사령부,일반경쟁,총액제,적격심사제,202207071030,20220707,낙찰
재공고,LCF0428,2,26350,***,개스킷 등 37항목 제조(자주포),2022,LCF,육군군수사령부,제한경쟁,총액제,적격심사제,202207071030,20220707,낙찰
정상공고,LCF0448,1,27445,***,"끈,세폭띠형 등 22항목 구매(일장)",2022,LCF,육군군수사령부,수의계약,총액제,적격심사제,202207071030,20220707,순위확정
정상공고,LCF0445,1,27450,***,"필터 엘리먼트,유체용 등 1항목 제조(일장)",2022,LCF,육군군수사령부,수의계약,총액제,적격심사제,202207071030,20220707,유찰
정상공고,LCF0444,1,27452,***,"덮개,스쿠우프용 등 2항목 제조(일장)",2022,LCF,육군군수사령부,제한경쟁,총액제,적격심사제,202207071030,20220707,낙찰
긴급공고,LCF0135,1,28184,***,복합교육센터 영상장비 교체,2022,LCF,육군군수사령부,제한경쟁,총액제,적격심사제,202207071100,20220707,낙찰
정상공고,LDG0045,1,26432,***,추진장약 안정제 분석시험용 재료 구매,2022,LDG,육군 탄약지원사령부,제한경쟁,총액제,적격심사제,202207071030,20220707,유찰
정상공고,LDG0046,1,26448,***,실사출력기 소모품 구매,2022,LDG,육군 탄약지원사령부,제한경쟁,총액제,적격심사제,202207071030,20220707,낙찰
정상공고,LDG0049,1,27631,***,지반조사 및 내진성능평가 용역,2022,LDG,육군 탄약지원사령부,제한경쟁,총액제,적격심사제,202207071030,20220707,낙찰
긴급공고,LFP0017,1,28114,***,교육용 총기 보관대 제조/설치납품,2022,LFP,육군보병학교,제한경쟁,총액제,적격심사제,202207071030,20220707,낙찰
긴급공고,LNT0038,1,28064,***,22~25년 식기세척기 임차 용역,2022,LNT,제28보병사단,제한경쟁,총액제,적격심사제,202207071030,20220707,낙찰
긴급공고,SFG0083,1,28076,***,랜선 탈피기 등 134품목 구매,2022,SFG,제9181부대,제한경쟁,총액제,적격심사제,202207071030,20220707,낙찰
긴급공고,SFN0042,1,28103,***,와이퍼날 등 26품목 구매(함정장비 수리부속),2022,SFN,연평부대,일반경쟁,총액제,적격심사제,202207071030,20220707,낙찰
정상공고,UMM0504,1,27585,***,22-K-교육훈련장 예초용역,2022,UMM,국군재정관리단,제한경쟁,총액제,적격심사제,202207071100,20220707,낙찰
재공고,EBB0310,2,0022,***,등명구부품류,2022,EBB,지상공통전력운영계약팀,수의계약,총액제,적격심사제,202207061030,20220706,유찰
정상공고,EBB0348,1,0038,***,22년 전차 주간표적지 세트,2022,EBB,지상공통전력운영계약팀,제한경쟁,총액제,적격심사제,202207061100,20220706,낙찰
정상공고,EBB0347,1,0970A,***,LSF-II 엔진 감속기어,2022,EBB,지상공통전력운영계약팀,수의계약,총액제,적격심사제,202207061100,20220706,유찰
정상공고,EBB0344,1,1554,***,자주포 스프링류,2022,EBB,지상공통전력운영계약팀,제한경쟁,총액제,적격심사제,202207061400,20220706,낙찰
재공고,EBB0320,2,1A202,***,"22년~23년 (KF-16) 수신기, 송신기 등 2품목 정비",2022,EBB,지상공통전력운영계약팀,수의계약,총액제,적격심사제,202207061100,20220706,유찰
재공고,EBB0330,2,6303,***,22년 계전기 및 배선장치류,2022,EBB,지상공통전력운영계약팀,수의계약,총액제,적격심사제,202207061100,20220706,유찰
재공고,EHF0101,2,0470P,***,"22년 탐지기, 방향 및 풍속용(정비)",2022,EHF,미래전력사업전력운영계약팀,수의계약,총액제,적격심사제,202207061100,20220706,유찰
정상공고,ELA0022,1,2055B,***,포구자동청소기(K55A1자주포용),2022,ELA,화력총괄계약팀,2단계경쟁(동시),총액제,최저가격제,202207061430,20220706,낙찰
재공고,LCF0409,2,24243,***,"플랩,내측 튜브용,공기 타이어용 등 7항목 구매(기장)",2022,LCF,육군군수사령부,제한경쟁,총액제,적격심사제,202207061030,20220706,유찰
정상공고,LCF0131,1,25526,***,가방 공구용 등 32항목 구매(공구류),2022,LCF,육군군수사령부,제한경쟁,총액제,적격심사제,202207061030,20220706,낙찰
정상공고,LCF0130,1,25700,***,워크벤치 등 29항목 구매(공구류),2022,LCF,육군군수사령부,일반경쟁,총액제,적격심사제,202207061030,20220706,낙찰
정상공고,LCF0440,1,26889,***,"제어헤드 조립체 등 5항목 제조(생산능력, 일장)",2022,LCF,육군군수사령부,수의계약,총액제,적격심사제,202207061030,20220706,유찰
정상공고,LCF0439,1,26891,***,"덮개,누름단추용 등 10항목 제조(생산능력, 일장)",2022,LCF,육군군수사령부,수의계약,총액제,적격심사제,202207061030,20220706,유찰
정상공고,LCF0433,1,27051,***,탁도계 등 19항목 구매(일장),2022,LCF,육군군수사령부,제한경쟁,총액제,적격심사제,202207061030,20220706,낙찰
정상공고,LCF0432,1,27053,***,"베어링,슬리브형 등 6항목 구매(일장)",2022,LCF,육군군수사령부,제한경쟁,총액제,적격심사제,202207061030,20220706,낙찰
정상공고,LCF0430,1,27060,***,"연결기,복식,유압 배관용 등 8항목 구매(일장)",2022,LCF,육군군수사령부,제한경쟁,총액제,적격심사제,202207061030,20220706,낙찰
정상공고,LCF0431,1,27061,***,"분리기,오일용 등 2항목 구매(일장)",2022,LCF,육군군수사령부,제한경쟁,총액제,적격심사제,202207061030,20220706,낙찰
정상공고,LCF0443,1,27169,***,볼형 베어링 등 9항목 구매(궤도),2022,LCF,육군군수사령부,제한경쟁,총액제,적격심사제,202207061030,20220706,낙찰
정상공고,LCF0442,1,27232,***,제어장치-전원공급기 등 2항목 구매(기장),2022,LCF,육군군수사령부,제한경쟁,총액제,적격심사제,202207061030,20220706,낙찰
재공고,LDG0044,2,25005,***,'22년 탄약폐기물(PCP상자) 위탁처리 소각 용역,2022,LDG,육군 탄약지원사령부,수의계약,총액제,적격심사제,202207061030,20220706,유찰
정상공고,LIK0098,1,27278,001,'22년 광복절 경축특식 글레이즈드 도넛 제조/구매,2022,LIK,제2군수지원여단,제한경쟁,단가제,적격심사제,202207061030,20220706,낙찰
정상공고,LKP0068,1,27410,***,'22년 국가기술자격검정(자동차정비) 실습물품 구매,2022,LKP,5군수지원사령부,제한경쟁,총액제,적격심사제,202207061100,20220706,낙찰
정상공고,LKP0069,1,27413,***,'22년 국가기술자격검정(자동차정비) 실습물품 제조,2022,LKP,5군수지원사령부,수의계약,총액제,적격심사제,202207061100,20220706,유찰
정상공고,LKP0070,1,27419,***,'22년 식검장비 소모품 구매,2022,LKP,5군수지원사령부,제한경쟁,총액제,적격심사제,202207061100,20220706,낙찰
긴급공고,LKT0047,1,27453,***,'22년 육성지원물자 제조구매(전투용응급처치키트),2022,LKT,제1989부대,제한경쟁,총액제,적격심사제,202207061030,20220706,낙찰
재공고,MHD0058,2,22838,***,잠수함 지휘통신체계 경미한 성능개량 사업분석,2022,MHD,방위사업청(운영지원과),협상에의한계약(전자),총액제,최저가격제,202207061400,20220706,낙찰
긴급공고,SCF0073,1,19192,***,"잠수함 훈련장비(저주파분석, 대함모의) 유지보수용역",2022,SCF,해군군수사령부,일반경쟁,총액제,적격심사제,202207061030,20220706,낙찰
긴급공고,SFC0077,1,24748,***,해병대 모병홍보 영상 제작 용역,2022,SFC,제9691부대,2단계경쟁(동시),총액제,최저가격제,202207061030,20220706,낙찰
정상공고,UMM0503,1,15006,***,"22-공군-노트북,프린터,모니터 도입사업(리스물건)",2022,UMM,국군재정관리단,일반경쟁,총액제,적격심사제,202207061100,20220706,낙찰
정상공고,UMM0501,1,21186,***,22-보-창고 이사 용역(22H097-H),2022,UMM,국군재정관리단,일반경쟁,총액제,적격심사제,202207061100,20220706,낙찰
정정공고,UMM0493,2,21978,***,22-해-전관방송시스템 제조설치,2022,UMM,국군재정관리단,일반경쟁,총액제,적격심사제,202207061100,20220706,낙찰
긴급공고,UMM0454,1,22608,***,22-공-자동소음측정망 구축 시범사업,2022,UMM,국군재정관리단,2단계경쟁(동시),총액제,최저가격제,202207061030,20220706,낙찰
정상공고,UMM0441,1,27243,***,(226213-F)이동식 산불진화장비 구매,2022,UMM,국군재정관리단,제한경쟁,총액제,적격심사제,202207061100,20220706,낙찰
정상공고,UMM0502,1,27267,***,22-해-건식 제습기 구매(228058-F),2022,UMM,국군재정관리단,제한경쟁,총액제,적격심사제,202207061100,20220706,낙찰
재공고,EBB0322,2,0091,***,열영상 전차용 표적세트(윤곽형),2022,EBB,지상공통전력운영계약팀,수의계약,총액제,적격심사제,202207051500,20220705,유찰
정상공고,EBB0340,1,1028,***,자주포 암조립체류,2022,EBB,지상공통전력운영계약팀,수의계약,총액제,적격심사제,202207051030,20220705,유찰
정상공고,EBB0346,1,1170,***,전시 통제기(K55 자주포용),2022,EBB,지상공통전력운영계약팀,수의계약,총액제,적격심사제,202207051400,20220705,유찰
재공고,EBB0324,2,4778,***,전원공급기 조립체,2022,EBB,지상공통전력운영계약팀,수의계약,총액제,적격심사제,202207051030,20220705,유찰
정상공고,EBB0341,1,6302,***,"회로카드조립체(전차,장갑차,상륙장갑차)",2022,EBB,지상공통전력운영계약팀,일반경쟁,총액제,적격심사제,202207051400,20220705,낙찰
재공고,EBB0287,2,7440,***,실린더조립체(전차),2022,EBB,지상공통전력운영계약팀,수의계약,총액제,적격심사제,202207051430,20220705,유찰
재공고,EBB0091,2,7820,***,총포 및 궤도장비 시트류,2022,EBB,지상공통전력운영계약팀,일반경쟁,총액제,적격심사제,202207051100,20220705,낙찰
재공고,EBB0329,2,MB006,***,디스플레이 유닛,2022,EBB,지상공통전력운영계약팀,수의계약,총액제,적격심사제,202207051500,20220705,유찰
정상공고,EHF0109,1,1002,***,22년 발칸 사격통제부품(구매),2022,EHF,미래전력사업전력운영계약팀,일반경쟁,총액제,적격심사제,202207051100,20220705,유찰
정상공고,EHF0105,1,1011J,***,22년 발칸용 사격통제장치 부품 정비,2022,EHF,미래전력사업전력운영계약팀,일반경쟁,총액제,적격심사제,202207051030,20220705,낙찰
재공고,EHF0045,2,2101H,***,TICN용 2차전지 모듈,2022,EHF,미래전력사업전력운영계약팀,수의계약,총액제,적격심사제,202207051100,20220705,유찰
정상공고,EHF0106,1,8650,***,22년 현궁 발사장비 부품,2022,EHF,미래전력사업전력운영계약팀,제한경쟁,총액제,적격심사제,202207051100,20220705,낙찰
정상공고,EKA0023,1,9670,***,"천막, 분대용",2022,EKA,기동총괄계약팀,수의계약,총액제,적격심사제,202207051030,20220705,유찰
재공고,EMA0001,2,7340A,***,"항공기견인차(27,000LBS)",2022,EMA,함정총괄계약팀,수의계약,총액제,최저가격제,202207051100,20220705,유찰
긴급공고,HCF0167,1,24983,***,항공관제레이더 BTE-2000 구성품 외주정비,2022,HCF,공군군수사령부,수의계약,총액제,적격심사제,202207051030,20220705,유찰
재공고,LCF0126,2,23491,***,전자구성품조립체 등 1항목 제조(특무),2022,LCF,육군군수사령부,제한경쟁,총액제,적격심사제,202207051030,20220705,낙찰
재공고,LCF0411,2,24538,***,"링,외부 나사식 등 29항목 구매(총포)",2022,LCF,육군군수사령부,제한경쟁,총액제,적격심사제,202207051030,20220705,낙찰
정상공고,LCF0129,1,25003,***,개스킷 등 1항목 구매(특무),2022,LCF,육군군수사령부,제한경쟁,총액제,적격심사제,202207051030,20220705,낙찰
정상공고,LCF0429,1,25336,***,"부목,만능용 등 7항목 구매(의무)",2022,LCF,육군군수사령부,제한경쟁,총액제,적격심사제,202207051130,20220705,낙찰
정상공고,LCF0128,1,25419,***,"차폐 개스킷,전자식 등 18항목 구매(특무)",2022,LCF,육군군수사령부,제한경쟁,총액제,적격심사제,202207051030,20220705,순위확정
긴급공고,LCJ0029,1,27433,***,(22군책-물품043)00부대 탑승식 습식청소차 구매,2022,LCJ,종합보급창,일반경쟁,총액제,적격심사제,202207051100,20220705,낙찰
정상공고,LDH0616,1,26804,***,자동샌딩기 제조,2022,LDH,육군종합정비창,제한경쟁,총액제,적격심사제,202207051300,20220705,낙찰
재공고,LPG0059,3,25883,001,22년 7~8월 부대조달 부식계약(중기간-배추김치 등),2022,LPG,제5보병사단,제한경쟁,단가제,적격심사제,202207051100,20220705,낙찰
정상공고,LQG0070,1,27038,***,00훈련대 청소 용역,2022,LQG,육군 52보병사단,제한경쟁,총액제,적격심사제,202207051100,20220705,낙찰
긴급공고,MDS0014,1,27522,***,00신호 자동처리서버 교체,2022,MDS,제3707부대,제한경쟁,총액제,적격심사제,202207051030,20220705,낙찰
긴급공고,SCF0290,1,24140,***,열화상카메라 6EA 구매,2022,SCF,해군군수사령부,제한경쟁,총액제,적격심사제,202207051030,20220705,낙찰
긴급공고,SCF0288,1,25163,***,양념 분쇄기 등 3종 구매,2022,SCF,해군군수사령부,제한경쟁,총액제,적격심사제,202207051030,20220705,낙찰
긴급공고,SCF0289,1,25166,***,"스위치, 감응식 등 2종 구매",2022,SCF,해군군수사령부,제한경쟁,총액제,적격심사제,202207051030,20220705,낙찰
긴급공고,SCF0072,1,25963,***,000함 G/T 감속기어 축계 중심정렬 외주용역,2022,SCF,해군군수사령부,일반경쟁,총액제,적격심사제,202207051030,20220705,유찰
긴급공고,SFC0081,1,27734,***,체력단련장 식자재 가지 등 174품목 구매,2022,SFC,제9691부대,일반경쟁,총액제,적격심사제,202207051100,20220705,유찰
재공고,SFM0067,2,24933,***,22-S-02 지정폐기물 처리 용역,2022,SFM,제3170부대,수의계약,총액제,적격심사제,202207051030,20220705,유찰
정상공고,UMM0495,1,21761,***,22-해군 교육사 비데(314대) 임차 용역(22H104-H),2022,UMM,국군재정관리단,제한경쟁,총액제,적격심사제,202207051100,20220705,낙찰
정상공고,UMM0439,1,24307,***,(227265-E) 핵산추출장치 구매,2022,UMM,국군재정관리단,제한경쟁,총액제,적격심사제,202207051100,20220705,낙찰
정상공고,UMM0496,1,24985,***,22-해-흡음형 방음판 구매,2022,UMM,국군재정관리단,제한경쟁,총액제,적격심사제,202207051100,20220705,낙찰
정정공고,UMM0494,2,26046,***,00사업 선행연구용역,2022,UMM,국군재정관리단,지명경쟁,총액제,적격심사제,202207051100,20220705,낙찰
정상공고,UMM0438,1,26598,***,(227230-F)적외선 신호기 구매,2022,UMM,국군재정관리단,제한경쟁,총액제,적격심사제,202207051100,20220705,낙찰
정상공고,UMM0497,1,26823,***,22-공-군사경찰 가죽장구 제조,2022,UMM,국군재정관리단,제한경쟁,총액제,적격심사제,202207051100,20220705,낙찰
정상공고,UMM0498,1,26824,***,'22년 관제부대 병영식당/생활관 방제용역,2022,UMM,국군재정관리단,제한경쟁,총액제,적격심사제,202207051100,20220705,낙찰
정상공고,UMM0499,1,26906,***,22-해-연료탱크 가스 제거기 구매(228056-F),2022,UMM,국군재정관리단,제한경쟁,총액제,적격심사제,202207051100,20220705,낙찰
정상공고,EBB0342,1,9462,***,변속기 부품(구매),2022,EBB,지상공통전력운영계약팀,수의계약,총액제,적격심사제,202207041100,20220704,순위확정
정상공고,EHF0103,1,1012J,***,22년 발칸 전기주파수용 합성기 정비,2022,EHF,미래전력사업전력운영계약팀,일반경쟁,총액제,적격심사제,202207041100,20220704,낙찰
재공고,HCG0018,3,19355,***,미래 전투기 등급분류 발전방향 연구,2022,HCG,공군본부,협상에의한계약(전자),총액제,최저가격제,202207041100,20220704,낙찰
긴급공고,HCM0070,1,27400,***,22-06-197 공기청정기 필터 등 4품목,2022,HCM,공군교육사령부,일반경쟁,총액제,적격심사제,202207041100,20220704,낙찰
긴급공고,LCH0025,1,27154,***,5.56mm소총 컨버젼키트 및 페인트탄 구매(물-44),2022,LCH,특수전사령부,일반경쟁,총액제,적격심사제,202207041100,20220704,유찰
재공고,LDH0584,3,21547,***,K1패드형 궤도 핀금형 제조,2022,LDH,육군종합정비창,제한경쟁,총액제,적격심사제,202207041300,20220704,낙찰
정상공고,LDH0615,1,26575,***,"검사장비, 전기장치용 외주정비 용역",2022,LDH,육군종합정비창,제한경쟁,총액제,적격심사제,202207041300,20220704,낙찰
긴급공고,LFC0059,1,22911,***,00부대 민간위탁 급식시설 용역계약,2022,LFC,육군훈련소,협상에의한계약(전자),총액제,최저가격제,202207041100,20220704,낙찰
정상공고,LQG0069,1,26494,***,00훈련대 제초용역,2022,LQG,육군 52보병사단,제한경쟁,총액제,적격심사제,202207041100,20220704,낙찰
정상공고,UMM0379,1,07338,***,'22년 공군 기지 네트워크 개선사업(리스물건),2022,UMM,국군재정관리단,협상에의한계약(전자),총액제,최저가격제,202207041300,20220704,낙찰
긴급공고,UMM0472,1,19534,***,22-공-지능형 스마트비행단 표준플랫폼 시범 구축,2022,UMM,국군재정관리단,협상에의한계약(전자),총액제,최저가격제,202207041100,20220704,낙찰
정상공고,UMM0437,1,22227,***,(226249-E) 종교행사용 TV 구매,2022,UMM,국군재정관리단,일반경쟁,총액제,적격심사제,202207041100,20220704,낙찰
긴급공고,DSS0039,1,23290,***,22년 군방첩교육 모션그래픽 동영상 제작 용역,2022,DSS,국군제1068부대,협상에의한계약(전자),총액제,최저가격제,202207011030,20220701,낙찰
정상공고,EBB0335,1,0050,***,밸브류(함정용),2022,EBB,지상공통전력운영계약팀,일반경쟁,총액제,적격심사제,202207011100,20220701,낙찰
정상공고,EBB0337,1,5311,***,22년 스페이서류(제조),2022,EBB,지상공통전력운영계약팀,수의계약,총액제,적격심사제,202207011400,20220701,유찰
정상공고,EBB0338,1,9464,***,연막탄발사기 부품류,2022,EBB,지상공통전력운영계약팀,제한경쟁,총액제,적격심사제,202207011100,20220701,낙찰
정상공고,EKA0030,1,0510,***,장애물개척전차용 일반공구류(구매),2022,EKA,기동총괄계약팀,일반경쟁,총액제,적격심사제,202207011030,20220701,낙찰
정상공고,EMA0001,1,7340A,***,"항공기견인차(27,000LBS)",2022,EMA,함정총괄계약팀,수의계약,총액제,최저가격제,202207011100,20220701,유찰
정상공고,ESA0003,1,8760,***,22년 공구세트 등(방공C2A체계용),2022,ESA,유도무기총괄계약팀,제한경쟁,총액제,적격심사제,202207011100,20220701,낙찰
정상공고,LCF0424,1,24575,***,"케이스,광학기구용 등 105항목 구매(총포)",2022,LCF,육군군수사령부,일반경쟁,총액제,적격심사제,202207011030,20220701,낙찰
정상공고,LCF0425,1,24576,***,개스킷 등 36항목 구매(총포),2022,LCF,육군군수사령부,제한경쟁,총액제,적격심사제,202207011030,20220701,낙찰
정상공고,LCF0426,1,24577,***,"스패너,로드커버용 등 10항목 구매(총포)",2022,LCF,육군군수사령부,제한경쟁,총액제,적격심사제,202207011030,20220701,낙찰
정상공고,LCF0428,1,26350,***,개스킷 등 37항목 제조(자주포),2022,LCF,육군군수사령부,제한경쟁,총액제,적격심사제,202207011030,20220701,유찰
정상공고,LDH0608,1,26234,***,(정비)가제수입포 등 6종 구매,2022,LDH,육군종합정비창,제한경쟁,총액제,적격심사제,202207011300,20220701,낙찰
정상공고,LDH0609,1,26239,***,(정비)인서트팁 등 16종 구매,2022,LDH,육군종합정비창,제한경쟁,총액제,적격심사제,202207011300,20220701,낙찰
정상공고,LDH0611,1,26286,***,음성분석기 구매,2022,LDH,육군종합정비창,제한경쟁,총액제,적격심사제,202207011300,20220701,낙찰
정상공고,LDH0612,1,26291,***,동체회전기 외주정비 용역,2022,LDH,육군종합정비창,제한경쟁,총액제,적격심사제,202207011300,20220701,낙찰
정상공고,LKP0067,1,26275,001,22년 육군훈련소 군량곡 민간위탁배송 용역,2022,LKP,5군수지원사령부,수의계약,단가제,적격심사제,202207011100,20220701,유찰
정상공고,SCG0070,1,17910,***,22-1차 개념설계 기술지원 연구용역,2022,SCG,해군본부,수의계약,총액제,최저가격제,202207011000,20220701,유찰
재공고,UMM0463,2,21354,***,22-국-골프연습공 제조,2022,UMM,국군재정관리단,일반경쟁,총액제,적격심사제,202207011100,20220701,순위확정
정상공고,UMM0431,1,21675,***,(227027-H)신호처리 전용체계 구축,2022,UMM,국군재정관리단,일반경쟁,총액제,적격심사제,202207011100,20220701,낙찰
정상공고,UMM0490,1,21785,***,22-국-디지털인쇄재료 67종 구매,2022,UMM,국군재정관리단,일반경쟁,총액제,적격심사제,202207011100,20220701,낙찰
정상공고,UMM0432,1,23609,***,(226034-G) 22년 주전산기 교체사업,2022,UMM,국군재정관리단,제한경쟁,총액제,적격심사제,202207011100,20220701,낙찰
정상공고,UMM0492,1,26268,***,'22년 해병대 워게임모델 장비 구축사업,2022,UMM,국군재정관리단,일반경쟁,총액제,적격심사제,202207011100,20220701,낙찰
정상공고,EBB0333,1,4130,***,K계열 전차 엔진 부품류(구매),2022,EBB,지상공통전력운영계약팀,일반경쟁,총액제,적격심사제,202206301400,20220630,낙찰
정상공고,EBB0334,1,4813,***,"합성기,전기 주파수용",2022,EBB,지상공통전력운영계약팀,일반경쟁,총액제,적격심사제,202206301600,20220630,유찰
정상공고,EBB0083,1,6001,***,22년 개인화기조준경,2022,EBB,지상공통전력운영계약팀,협상에의한계약(서류),총액제,최저가격제,202206301700,20220630,낙찰
정상공고,EBB0084,1,6003,***,22년 고성능확대경,2022,EBB,지상공통전력운영계약팀,협상에의한계약(서류),총액제,최저가격제,202206301700,20220630,낙찰
정상공고,EBB0330,1,6303,***,22년 계전기 및 배선장치류,2022,EBB,지상공통전력운영계약팀,수의계약,총액제,적격심사제,202206301300,20220630,유찰
정상공고,EBB0331,1,8520C,***,22년 예비군 교전훈련장비체계,2022,EBB,지상공통전력운영계약팀,일반경쟁,총액제,적격심사제,202206301100,20220630,낙찰
정상공고,EBB0332,1,8520D,***,22년 예비군 교전훈련장비 구성품,2022,EBB,지상공통전력운영계약팀,일반경쟁,총액제,적격심사제,202206301100,20220630,낙찰
재공고,EHF0075,2,0351A,***,GRC-512K 부품(구매),2022,EHF,미래전력사업전력운영계약팀,일반경쟁,총액제,적격심사제,202206301100,20220630,낙찰
재공고,EHF0096,2,1022,***,22년 발칸 축전식 전지(제조),2022,EHF,미래전력사업전력운영계약팀,수의계약,총액제,적격심사제,202206301100,20220630,유찰
재공고,EHF0097,2,1070,***,22년 발칸 포가부 부품(제조),2022,EHF,미래전력사업전력운영계약팀,수의계약,총액제,적격심사제,202206301400,20220630,유찰
긴급공고,HCF0166,1,25592,***,"브레이크기,박판금,수동식",2022,HCF,공군군수사령부,제한경쟁,총액제,적격심사제,202206301030,20220630,낙찰
재공고,LCF0414,2,24542,***,지지대(휀/방열기 지지대) 등 24항목 제조(궤도),2022,LCF,육군군수사령부,수의계약,총액제,적격심사제,202206301030,20220630,유찰
재공고,LCF0415,2,24543,***,개스킷 및 성형패킹세트 등 64항목 제조(궤도),2022,LCF,육군군수사령부,수의계약,총액제,적격심사제,202206301030,20220630,유찰
재공고,LCF0416,2,24544,***,"볼트, T-자 머리형 등 4항목 제조(생산능력,궤도)",2022,LCF,육군군수사령부,수의계약,총액제,적격심사제,202206301030,20220630,순위확정
재공고,LCF0418,2,24546,***,"배선 결합체(U4/B1) 등 32항목 제조(생산능력,궤도)",2022,LCF,육군군수사령부,수의계약,총액제,적격심사제,202206301030,20220630,유찰
재공고,LCF0420,2,24548,***,"전지봉, 외부전원용 등 8항목 제조(총포)",2022,LCF,육군군수사령부,수의계약,총액제,적격심사제,202206301030,20220630,유찰
재공고,LCF0421,2,24549,***,"렌즈, 광학기구용 등 2항목 제조(총포)",2022,LCF,육군군수사령부,수의계약,총액제,적격심사제,202206301030,20220630,유찰
재공고,LCF0422,2,24550,***,"로드 조립체, 연결용 등 12항목 제조(총포)",2022,LCF,육군군수사령부,수의계약,총액제,적격심사제,202206301030,20220630,유찰
정상공고,LDH0607,1,25802,***,겐트리크레인(50.8톤) 정밀안전진단 용역,2022,LDH,육군종합정비창,제한경쟁,총액제,적격심사제,202206301300,20220630,낙찰
정상공고,LIK0092,1,25829,***,'22년 부대계약 부식(식용유) 구매,2022,LIK,제2군수지원여단,제한경쟁,총액제,적격심사제,202206301030,20220630,낙찰
정상공고,LKP0058,1,25999,001,22년 중앙조달 부식류 민간위탁배송 용역(전라권),2022,LKP,5군수지원사령부,일반경쟁,단가제,적격심사제,202206301100,20220630,낙찰
정상공고,LKP0059,1,26001,001,22년 중앙조달 부식류 민간위탁배송 용역(경남권),2022,LKP,5군수지원사령부,일반경쟁,단가제,적격심사제,202206301100,20220630,낙찰
정상공고,LKP0060,1,26003,001,22년 중앙조달 부식류 민간위탁배송 용역(충청권),2022,LKP,5군수지원사령부,일반경쟁,단가제,적격심사제,202206301100,20220630,낙찰
정상공고,LKP0061,1,26008,001,22년 중앙조달 부식류 민간위탁배송 용역(경북권),2022,LKP,5군수지원사령부,일반경쟁,단가제,적격심사제,202206301100,20220630,낙찰
정상공고,LKP0062,1,26029,001,'22년 부대조달 부식류 민간위탁배송 용역(전라권),2022,LKP,5군수지원사령부,일반경쟁,단가제,적격심사제,202206301100,20220630,낙찰
정상공고,LKP0063,1,26030,001,'22년 부대조달 부식류 민간위탁배송 용역(경남권),2022,LKP,5군수지원사령부,수의계약,단가제,적격심사제,202206301100,20220630,유찰
정상공고,LKP0064,1,26035,001,'22년 부대조달 부식류 민간위탁배송 용역(충청권),2022,LKP,5군수지원사령부,일반경쟁,단가제,적격심사제,202206301100,20220630,낙찰
정상공고,LKP0065,1,26036,001,'22년 부대조달 부식류 민간위탁배송 용역(경북권),2022,LKP,5군수지원사령부,일반경쟁,단가제,적격심사제,202206301100,20220630,낙찰
긴급공고,LMK0042,1,26330,001,22년 7월 다수공급자부대계약(중기간 제외 품목),2022,LMK,제6보병사단,일반경쟁,단가제,적격심사제,202206301030,20220630,낙찰
긴급공고,MCX0036,1,25774,***,00학교 생활관 콘크리트 파일 제조,2022,MCX,자운대근무지원연대,일반경쟁,총액제,적격심사제,202206301100,20220630,낙찰
긴급공고,MDG0152,1,25391,***,국군수도병원 안전보건관리체계 구축 컨설팅용역,2022,MDG,국군의무사령부,2단계경쟁(동시),총액제,최저가격제,202206301530,20220630,유찰
재공고,MFL0013,3,22240,***,22년 분석실험실 상용 SW 구매,2022,MFL,합동참모본부,제한경쟁,총액제,최저가격제,202206301300,20220630,낙찰
긴급공고,SCF0355,1,24782,***,(긴급) 오링세트 등 2종 구매,2022,SCF,해군군수사령부,제한경쟁,총액제,적격심사제,202206301030,20220630,낙찰
긴급공고,SCF0354,1,24783,***,"(긴급) 밸브,체크형 등 4종 구매",2022,SCF,해군군수사령부,제한경쟁,총액제,적격심사제,202206301030,20220630,낙찰
긴급공고,SCF0353,1,24784,***,(긴급) 팁 등 10종 구매,2022,SCF,해군군수사령부,제한경쟁,총액제,적격심사제,202206301030,20220630,낙찰
정상공고,SCG0074,1,25751,***,디지털 증거분석체계 SW 라이선스 갱신,2022,SCG,해군본부,제한경쟁,총액제,적격심사제,202206301100,20220630,낙찰
정상공고,UMM0488,1,18223,***,22-해-교환기 교체사업(리스물건),2022,UMM,국군재정관리단,제한경쟁,총액제,적격심사제,202206301100,20220630,낙찰
정상공고,UMM0425,1,21260,***,(227239-B) 악성코드 수집분석체계 라이선스 구매,2022,UMM,국군재정관리단,제한경쟁,총액제,적격심사제,202206301100,20220630,낙찰
정상공고,UMM0429,1,21577,***,(226247-B) 자동재단기 등 인쇄장비 4종 구매,2022,UMM,국군재정관리단,일반경쟁,총액제,적격심사제,202206301100,20220630,낙찰
긴급공고,UMM0435,1,21579,***,(227026-H)사이버 관제시스템 구매설치(리스물건),2022,UMM,국군재정관리단,일반경쟁,총액제,적격심사제,202206301100,20220630,낙찰
정상공고,UMM0430,1,23029,***,(227248-C) 사이버 모의점검 및 평가도구 구매,2022,UMM,국군재정관리단,제한경쟁,총액제,적격심사제,202206301100,20220630,낙찰
정상공고,UMM0486,1,25699,***,22-국-기동위성송출장비 제조,2022,UMM,국군재정관리단,제한경쟁,총액제,적격심사제,202206301100,20220630,낙찰
정상공고,UMM0487,1,25845,***,`22년 공군 재난안전통신망 단말기 도입 사업,2022,UMM,국군재정관리단,일반경쟁,총액제,적격심사제,202206301100,20220630,순위확정
정상공고,UMM0489,1,25974,***,22~23년 공군 전자정보 수집/분석장비 유지보수,2022,UMM,국군재정관리단,일반경쟁,총액제,적격심사제,202206301100,20220630,낙찰
정상공고,DSS0032,1,19996,001,00부대 손목시계 제조납품,2022,DSS,국군제1068부대,2단계경쟁(동시),단가제,최저가격제,202206291030,20220629,낙찰
재공고,EBB0303,2,0037,***,전차용 표적 및 표적꽂이,2022,EBB,지상공통전력운영계약팀,수의계약,총액제,적격심사제,202206291400,20220629,유찰
정상공고,EBB0322,1,0091,***,열영상 전차용 표적세트(윤곽형),2022,EBB,지상공통전력운영계약팀,수의계약,총액제,적격심사제,202206291500,20220629,유찰
재공고,EBB0309,2,1006,***,민수용 짚,2022,EBB,지상공통전력운영계약팀,수의계약,총액제,적격심사제,202206291100,20220629,유찰
정상공고,EBB0319,1,2210,***,K9자주포 엔진부품류(구매),2022,EBB,지상공통전력운영계약팀,제한경쟁,총액제,적격심사제,202206291030,20220629,낙찰
재공고,EBB0304,2,4050,***,K2 전차 부품류(구매),2022,EBB,지상공통전력운영계약팀,수의계약,총액제,적격심사제,202206291600,20220629,유찰
정상공고,EBB0327,1,6303A,***,조종수 카메라,2022,EBB,지상공통전력운영계약팀,수의계약,총액제,적격심사제,202206291100,20220629,유찰
정상공고,EBB0326,1,8150,***,"필터류(차량,전차,중장비)",2022,EBB,지상공통전력운영계약팀,수의계약,총액제,적격심사제,202206291100,20220629,유찰
정상공고,EBB0325,1,8997,***,고무밴드조립체,2022,EBB,지상공통전력운영계약팀,일반경쟁,총액제,적격심사제,202206291100,20220629,유찰
재공고,EHF0078,2,2013,***,송수화기(H-920K) 및 부품,2022,EHF,미래전력사업전력운영계약팀,수의계약,총액제,적격심사제,202206291100,20220629,순위확정
정상공고,EHF0102,1,4200N,***,22년 해군 원격레이더 통합전시기 세트,2022,EHF,미래전력사업전력운영계약팀,일반경쟁,총액제,적격심사제,202206291100,20220629,낙찰
재공고,HCF0159,2,24444,***,민수용 지프(2WD),2022,HCF,공군군수사령부,수의계약,총액제,적격심사제,202206291030,20220629,유찰
긴급공고,HCF0164,1,24528,***,철사각관 등 91종 구매,2022,HCF,공군군수사령부,제한경쟁,총액제,적격심사제,202206291030,20220629,낙찰
긴급공고,HCG0026,1,22666,***,공군 모집홍보영상 제작 용역,2022,HCG,공군본부,2단계경쟁(동시),총액제,최저가격제,202206291300,20220629,낙찰
재공고,LCF0407,2,22775,***,"K1A1전차 튜브조립체,탄약선반용(21종) 정비",2022,LCF,육군군수사령부,수의계약,총액제,적격심사제,202206291030,20220629,유찰
정상공고,LCF0126,1,23491,***,전자구성품조립체 등 1항목 제조(특무),2022,LCF,육군군수사령부,제한경쟁,총액제,적격심사제,202206291030,20220629,유찰
정상공고,LCF0125,1,24321,***,"고무,손잡이용 등 1항목 구매(특무)",2022,LCF,육군군수사령부,제한경쟁,총액제,적격심사제,202206291030,20220629,낙찰
긴급공고,LGP0165,1,26091,***,이전사업 관급자재(통신-통합배선),2022,LGP,제1군수지원사령부,제한경쟁,총액제,적격심사제,202206291030,20220629,낙찰
긴급공고,LGT0021,1,26334,***,22-6차 간부숙소 벽걸이형 에어컨 설치납품,2022,LGT,제2307부대,제한경쟁,총액제,적격심사제,202206291030,20220629,낙찰
재공고,LHG0021,2,23561,***,22-2차 부대조달 식자재 납품(어육가공품류)(제조),2022,LHG,제1862부대,제한경쟁,총액제,적격심사제,202206291030,20220629,낙찰
재공고,LHG0023,2,23566,***,22-2차 부대조달 식자재 납품(면류) (제조),2022,LHG,제1862부대,제한경쟁,총액제,적격심사제,202206291030,20220629,유찰
정정공고,LPG0059,2,25883,001,22년 7~8월 부대조달 부식계약(중기간-배추김치 등),2022,LPG,제5보병사단,제한경쟁,단가제,적격심사제,202206291100,20220629,유찰
정정공고,LPG0060,2,25884,001,22년 7~8월 부대조달 부식계약(중기간-깍두기),2022,LPG,제5보병사단,수의계약,단가제,적격심사제,202206291100,20220629,유찰
정정공고,LPG0061,2,25885,001,22년 7~8월 부대조달 부식계약(중기간-열무김치),2022,LPG,제5보병사단,제한경쟁,단가제,적격심사제,202206291100,20220629,낙찰
정상공고,LQG0063,1,25241,***,22년 냉난방기 설치 납품,2022,LQG,육군 52보병사단,제한경쟁,총액제,적격심사제,202206291100,20220629,낙찰
재공고,MCD0020,2,20291,***,미래 비전통 안보위협 국방의 역할 및 요구능력,2022,MCD,국방부(운영지원과),협상에의한계약(전자),총액제,최저가격제,202206291100,20220629,낙찰
재공고,SCF0261,2,11083,***,부동액 구매,2022,SCF,해군군수사령부,제한경쟁,총액제,적격심사제,202206291030,20220629,낙찰
재공고,SCF0262,2,15020,***,분배함 등 2종 구매,2022,SCF,해군군수사령부,제한경쟁,총액제,적격심사제,202206291030,20220629,순위확정
긴급공고,SCF0060,1,16444,***,"LPH, LST 대형도어 및  램프 안전도 검사 용역",2022,SCF,해군군수사령부,수의계약,총액제,적격심사제,202206291030,20220629,유찰
긴급공고,SCF0070,1,17085,***,조함 및 항해훈련장비(OH-530K) 유지보수 용역,2022,SCF,해군군수사령부,일반경쟁,총액제,적격심사제,202206291030,20220629,낙찰
재공고,SCF0271,2,17478,***,"축, 직선형 등 17종 구매",2022,SCF,해군군수사령부,일반경쟁,총액제,적격심사제,202206291030,20220629,순위확정
재공고,SCF0272,2,18305,***,"실린더조립체, 공기식 등 5종 구매",2022,SCF,해군군수사령부,제한경쟁,총액제,적격심사제,202206291030,20220629,순위확정
긴급공고,SCF0356,1,22093,***,"(긴급) 제재목,연재질,두꺼운형 등 23종",2022,SCF,해군군수사령부,제한경쟁,총액제,적격심사제,202206291030,20220629,낙찰
재공고,SCF0302,2,22688,***,(긴급) 높이조절작업대 등 10종,2022,SCF,해군군수사령부,제한경쟁,총액제,적격심사제,202206291030,20220629,낙찰
재공고,SCF0274,2,22826,***,파라핀 수욕조 2EA 구매,2022,SCF,해군군수사령부,수의계약,총액제,적격심사제,202206291030,20220629,순위확정
재공고,SCF0275,2,22848,***,수욕기 다리치료용 2EA 구매,2022,SCF,해군군수사령부,수의계약,총액제,적격심사제,202206291030,20220629,순위확정
긴급공고,SCF0352,1,23079,***,"(긴급) 박판,금속제 등 3종",2022,SCF,해군군수사령부,제한경쟁,총액제,적격심사제,202206291030,20220629,낙찰
재공고,SCF0283,2,23153,***,부식방지제 등 30종 구매,2022,SCF,해군군수사령부,수의계약,총액제,적격심사제,202206291030,20220629,유찰
긴급공고,SCF0350,1,24439,***,(긴급) 카플링 1종 구매,2022,SCF,해군군수사령부,제한경쟁,총액제,적격심사제,202206291030,20220629,낙찰
긴급공고,SCF0349,1,24785,***,(긴급) 전원공급기(항해/운항 컴퓨터용) 1종 구매,2022,SCF,해군군수사령부,제한경쟁,총액제,적격심사제,202206291030,20220629,낙찰
재공고,UMM0300,2,18632,***,(22F013-G)22년 자주포 조종시뮬레이터 유지보수 용역,2022,UMM,국군재정관리단,수의계약,총액제,적격심사제,202206291100,20220629,유찰
정상공고,UMM0424,1,21817,***,(226250-F)안전보호세트 구매,2022,UMM,국군재정관리단,제한경쟁,총액제,적격심사제,202206291100,20220629,낙찰
긴급공고,UMM0433,1,23817,***,(227028-H)국방부 영상회의시스템 구매설치,2022,UMM,국군재정관리단,일반경쟁,총액제,적격심사제,202206291100,20220629,낙찰
정상공고,EBB0318,1,1612,***,케이블/배선장치류,2022,EBB,지상공통전력운영계약팀,일반경쟁,총액제,적격심사제,202206281400,20220628,낙찰
재공고,EBB0209,2,9135A,***,"피스톤, 교량가설단정용",2022,EBB,지상공통전력운영계약팀,수의계약,총액제,적격심사제,202206281100,20220628,유찰
긴급공고,EBB0328,1,MB005,***,"카메라,텔레비젼용",2022,EBB,지상공통전력운영계약팀,수의계약,총액제,적격심사제,202206281500,20220628,유찰
재공고,EHF0074,2,4000,***,냉난방기 HD-701K 부품(구매),2022,EHF,미래전력사업전력운영계약팀,수의계약,총액제,적격심사제,202206281100,20220628,유찰
재공고,EK40001,2,6000,***,전술교량-II Block-I 체계개발 사업,2022,EKA,기동총괄계약팀,협상에의한계약(서류),총액제,최저가격제,202206281430,20220628,낙찰
정상공고,EKA0021,1,7210,***,¼톤 통신장비 탑재차,2022,EKA,기동총괄계약팀,일반경쟁,총액제,적격심사제,202206281030,20220628,낙찰
정상공고,EKA0022,1,9500,***,"조끼, 지상근무자용 등",2022,EKA,기동총괄계약팀,제한경쟁,총액제,적격심사제,202206281030,20220628,낙찰
재공고,EPA0008,3,4002,***,"항공기 급유차(5,000 G/L)",2022,EPA,항공기총괄계약팀,수의계약,총액제,적격심사제,202206281400,20220628,유찰
긴급공고,HCF0162,1,22170,***,F-15K 정비훈련장비(CBT/TIMS) 유지보수,2022,HCF,공군군수사령부,수의계약,총액제,적격심사제,202206281030,20220628,유찰
긴급공고,HCF0161,1,23718,***,잠수훈련물자 8종 구매,2022,HCF,공군군수사령부,제한경쟁,총액제,적격심사제,202206281030,20220628,낙찰
긴급공고,HCF0163,1,25744,***,KT-1 시험대 항공기 엔진용 장비 외주정비,2022,HCF,공군군수사령부,수의계약,총액제,적격심사제,202206281030,20220628,유찰
긴급공고,HCM0068,1,25910,***,22-06-200 오실로스코프 등 2품목,2022,HCM,공군교육사령부,일반경쟁,총액제,적격심사제,202206281100,20220628,낙찰
재공고,LCF0398,3,21346,***,에너지 완충기 등 7항목 구매(항공),2022,LCF,육군군수사령부,일반경쟁,총액제,적격심사제,202206281130,20220628,순위확정
정정공고,LCG0055,4,18950,***,ATCIS 개방형 OS 전환 비용대비 효과분석 연구용역,2022,LCG,육군본부,협상에의한계약(전자),총액제,최저가격제,202206281000,20220628,낙찰
정상공고,LDH0597,1,24954,***,22-9차 정비용 장비 부품 구매,2022,LDH,육군종합정비창,제한경쟁,총액제,적격심사제,202206281300,20220628,낙찰
정상공고,LDH0600,1,25020,***,K1전차 판조립체 구매,2022,LDH,육군종합정비창,수의계약,총액제,적격심사제,202206281300,20220628,유찰
정상공고,LDH0601,1,25043,***,발칸 스위치 및 전선조립체 구매,2022,LDH,육군종합정비창,수의계약,총액제,적격심사제,202206281300,20220628,유찰
정상공고,LDH0602,1,25047,***,발칸 장치대 구매,2022,LDH,육군종합정비창,제한경쟁,총액제,적격심사제,202206281300,20220628,낙찰
정상공고,LDH0603,1,25052,***,발칸 전압전류계 등 6종 구매,2022,LDH,육군종합정비창,제한경쟁,총액제,적격심사제,202206281300,20220628,낙찰
긴급공고,LFT0009,1,25517,***,유압제어장치 실물(투명) 교육보조재 구매,2022,LFT,육군공병학교,수의계약,총액제,적격심사제,202206281300,20220628,유찰
재공고,LHK0034,2,24496,***,내진성능평가 및 지반조사용역(C부대 1공구),2022,LHK,제2군단,제한경쟁,총액제,적격심사제,202206281030,20220628,낙찰
긴급공고,LHP0029,1,25129,***,건조식 음식물처리 장비 임차,2022,LHP,제22보병사단,일반경쟁,총액제,적격심사제,202206281100,20220628,유찰
정상공고,LIK0087,1,25139,001,'22년 7~8월 부대계약 부식(면류) 제조,2022,LIK,제2군수지원여단,제한경쟁,단가제,적격심사제,202206281030,20220628,유찰
정상공고,LIK0088,1,25140,001,'22년 7~8월 부대계약 부식(일반품목) 구매,2022,LIK,제2군수지원여단,제한경쟁,단가제,적격심사제,202206281030,20220628,낙찰
정상공고,LIK0089,1,25145,001,'22년 제헌절 경축특식 쿠키슈 제조,2022,LIK,제2군수지원여단,제한경쟁,단가제,적격심사제,202206281030,20220628,낙찰
긴급공고,LKP0035,1,25838,001,'22년 제헌절 경축특식(훈제닭다리) 구매(제조),2022,LKP,5군수지원사령부,제한경쟁,단가제,적격심사제,202206281100,20220628,낙찰
재공고,LNF0019,4,22961,***,'22년 공기청정기 필터 제조 구매,2022,LNF,제1보병사단,일반경쟁,총액제,적격심사제,202206281030,20220628,낙찰
정상공고,MDR0033,1,24708,***,코팅기 구매,2022,MDR,제9965부대,제한경쟁,총액제,적격심사제,202206281100,20220628,낙찰
긴급공고,MHD0060,1,23835,***,국방사업관리사 동영상 교육 강좌 제작,2022,MHD,방위사업청(운영지원과),협상에의한계약(전자),총액제,최저가격제,202206281400,20220628,낙찰
재공고,SCF0276,2,04059,***,"구명구, 조끼형 1종 구매",2022,SCF,해군군수사령부,제한경쟁,총액제,적격심사제,202206281030,20220628,낙찰
재공고,SCF0258,2,19784,***,"카메라, 텔레비전용 등 4종 제조",2022,SCF,해군군수사령부,제한경쟁,총액제,적격심사제,202206281030,20220628,순위확정
긴급공고,SCF0344,1,22006,***,"(긴급) 폴리, 홈통식 등 9종 구매",2022,SCF,해군군수사령부,제한경쟁,총액제,적격심사제,202206281030,20220628,유찰
긴급공고,SCF0345,1,22011,***,"(긴급) 표지,수중음파 탐지기용 등 12종 구매",2022,SCF,해군군수사령부,제한경쟁,총액제,적격심사제,202206281030,20220628,낙찰
긴급공고,SCF0337,1,22133,***,"(긴급) 플랜지,파이프용 등 44종",2022,SCF,해군군수사령부,제한경쟁,총액제,적격심사제,202206281030,20220628,낙찰
긴급공고,SCF0338,1,22141,***,U볼트 등 45종,2022,SCF,해군군수사령부,일반경쟁,총액제,적격심사제,202206281030,20220628,낙찰
재공고,SCF0263,2,22155,***,전원공급기 등 2종 구매,2022,SCF,해군군수사령부,제한경쟁,총액제,적격심사제,202206281030,20220628,낙찰
긴급공고,SCF0347,1,22248,***,(긴급)코팅기 등 6종,2022,SCF,해군군수사령부,제한경쟁,총액제,적격심사제,202206281030,20220628,낙찰
긴급공고,SCF0346,1,23055,***,(긴급) HYBRID CABLE 1종,2022,SCF,해군군수사령부,제한경쟁,총액제,적격심사제,202206281030,20220628,낙찰
긴급공고,SCF0343,1,23369,***,(긴급) 전자 구성품 조립체 등 8종,2022,SCF,해군군수사령부,제한경쟁,총액제,적격심사제,202206281030,20220628,유찰
긴급공고,SCF0342,1,23728,***,(긴급)오-링 등 23종,2022,SCF,해군군수사령부,제한경쟁,총액제,적격심사제,202206281030,20220628,낙찰
긴급공고,SCF0348,1,23814,***,"(긴급) 감압변(25A), 주강 등 3종",2022,SCF,해군군수사령부,제한경쟁,총액제,적격심사제,202206281030,20220628,낙찰
긴급공고,SCF0351,1,24028,***,(긴급)오-링 등 14종,2022,SCF,해군군수사령부,제한경쟁,총액제,적격심사제,202206281030,20220628,낙찰
긴급공고,SCH0062,1,24259,***,특전용품-제압용 수갑 등 14종 구매,2022,SCH,해군작전사령부,일반경쟁,총액제,적격심사제,202206281030,20220628,낙찰
정상공고,SDG0035,1,25133,***,22-인-조경관리 용역,2022,SDG,제2002부대,제한경쟁,총액제,적격심사제,202206281030,20220628,낙찰
재공고,SFN0041,2,24062,***,22-Y-일반폐기물 처리용역,2022,SFN,연평부대,수의계약,총액제,적격심사제,202206281030,20220628,유찰
긴급공고,UHC0009,1,25567,***,[공군 2여단] 병영시설 방제용역,2022,UHC,공군 작사예하 방포사예하 제2여단,제한경쟁,총액제,적격심사제,202206281030,20220628,낙찰
긴급공고,UMM0403,1,17058,***,22-공군 화보집 제작 용역(22J044-H),2022,UMM,국군재정관리단,2단계경쟁(동시),총액제,최저가격제,202206281100,20220628,낙찰
긴급공고,UMM0427,1,20076,***,(220631-G)22년 교육용 엘지 VoIP 교환기 교체사업,2022,UMM,국군재정관리단,일반경쟁,총액제,적격심사제,202206281100,20220628,낙찰
긴급공고,UMM0428,1,20079,***,(220532-G)22년 교육용 삼성 VoIP 교환기 교체사업,2022,UMM,국군재정관리단,일반경쟁,총액제,적격심사제,202206281100,20220628,낙찰
정상공고,UMM0418,1,22094,***,(227259-B) 조사체계 SW 라이선스 구매,2022,UMM,국군재정관리단,일반경쟁,총액제,적격심사제,202206281100,20220628,낙찰
정상공고,UMM0485,1,24398,***,22-16전비 후반기 오폐수처리시설 관리용역(22J054-H),2022,UMM,국군재정관리단,제한경쟁,총액제,적격심사제,202206281100,20220628,낙찰
정상공고,UMM0422,1,24833,***,(226017-G) 22년 LAN용 UPS 제조설치사업(리스물건),2022,UMM,국군재정관리단,제한경쟁,총액제,적격심사제,202206281100,20220628,낙찰
정상공고,UMM0423,1,25032,***,(227084-E) 의무종합훈련센터 GHP실외기 구매,2022,UMM,국군재정관리단,제한경쟁,총액제,적격심사제,202206281100,20220628,순위확정
정상공고,EBB0316,1,1160,***,자주포 포탑부품류,2022,EBB,지상공통전력운영계약팀,제한경쟁,총액제,적격심사제,202206271030,20220627,낙찰
정상공고,EHF0094,1,2B520,***,22년 일반/통신장비커버류,2022,EHF,미래전력사업전력운영계약팀,제한경쟁,총액제,적격심사제,202206271500,20220627,낙찰
재공고,HCL0044,2,15042,***,KT-100 야전점검장비 제조,2022,HCL,공군사관학교,수의계약,총액제,최저가격제,202206271100,20220627,유찰
긴급공고,HCL0068,1,25215,***,22-내진성능평가 지반조사용역,2022,HCL,공군사관학교,제한경쟁,총액제,적격심사제,202206271030,20220627,낙찰
재공고,HDR0004,2,20792,***,22-방공관제사-14(0000체계 수리부속 구매),2022,HDR,공군방공관제사령부,수의계약,총액제,적격심사제,202206271100,20220627,유찰
정상공고,HFK0022,1,21830,***,'22년 간부식당 식자재(김치제외),2022,HFK,제1방공유도탄여단,2단계경쟁(동시),총액제,최저가격제,202206271030,20220627,낙찰
긴급공고,LCH0024,1,25029,***,간부숙소 신축 관급자재(통합배선)(22-신-6-15),2022,LCH,특수전사령부,제한경쟁,총액제,적격심사제,202206271100,20220627,낙찰
긴급공고,LCH0023,1,25034,***,간부숙소 신축 관급자재(자동제어)(22-신-6-14),2022,LCH,특수전사령부,제한경쟁,총액제,적격심사제,202206271100,20220627,낙찰
재공고,LDH0584,2,21547,***,K1패드형 궤도 핀금형 제조,2022,LDH,육군종합정비창,제한경쟁,총액제,적격심사제,202206271300,20220627,유찰
정상공고,LDH0596,1,24665,***,22년 정비피복(정비용티셔츠) 제조,2022,LDH,육군종합정비창,제한경쟁,총액제,적격심사제,202206271300,20220627,낙찰
긴급공고,LGI0093,1,25128,001,'22년 광복절 경축특식 티라미슈 (제조),2022,LGI,제3군수지원여단,제한경쟁,단가제,적격심사제,202206271100,20220627,낙찰
긴급공고,LGI0094,1,25132,001,'22년 광복절 경축특식 커피 (구매),2022,LGI,제3군수지원여단,수의계약,단가제,적격심사제,202206271100,20220627,유찰
긴급공고,LMK0038,1,23879,001,"'22년 식자재 다수품목 단가계약(7,8월)",2022,LMK,제6보병사단,2단계경쟁(동시),단가제,최저가격제,202206271630,20220627,낙찰
긴급공고,LMP0037,1,25185,***,22년 공기청정기 필터 제조계약,2022,LMP,제3보병사단,제한경쟁,총액제,적격심사제,202206271100,20220627,낙찰
긴급공고,LMP0036,1,25627,***,22년 제초용역,2022,LMP,제3보병사단,제한경쟁,총액제,적격심사제,202206271100,20220627,낙찰
긴급공고,LMR0038,1,24969,***,22년 음식물쓰레기 위탁처리 용역,2022,LMR,제5군단사령부,제한경쟁,총액제,적격심사제,202206271130,20220627,낙찰
긴급공고,LPG0053,1,24738,001,22녀 7~8월 부대조달 부식계약(일반경쟁),2022,LPG,제5보병사단,2단계경쟁(동시),단가제,최저가격제,202206271400,20220627,낙찰
재공고,MDD0092,3,21786,***,2022년 국군수도병원 수시의약품 6품목 구매계약,2022,MDD,국군수도병원,제한경쟁,총액제,적격심사제,202206271100,20220627,낙찰
긴급공고,MHD0059,1,23411,***,방위사업 원가계산 외부용역(8차),2022,MHD,방위사업청(운영지원과),협상에의한계약(전자),총액제,최저가격제,202206271400,20220627,낙찰
긴급공고,SFC0078,1,25551,***,22-덕-종이컵 등 534품목 구매,2022,SFC,제9691부대,제한경쟁,총액제,적격심사제,202206271100,20220627,낙찰
긴급공고,SFC0079,1,25566,***,22-덕-디지털 인쇄 재료 구매,2022,SFC,제9691부대,제한경쟁,총액제,적격심사제,202206271100,20220627,낙찰
정정공고,UMM0232,2,15021,***,(226167-F)권총조준경 구매 제안사업,2022,UMM,국군재정관리단,2단계경쟁(동시),총액제,최저가격제,202206271100,20220627,낙찰
긴급공고,UMM0392,1,19828,***,22-해-출입통제체계 구축(리스물건),2022,UMM,국군재정관리단,협상에의한계약(전자),총액제,최저가격제,202206271030,20220627,낙찰
정상공고,UMM0483,1,21246,***,22-해병-2단 갈퀴겸 야전삽자루 등 8품목 구매,2022,UMM,국군재정관리단,제한경쟁,총액제,적격심사제,202206271100,20220627,낙찰
정상공고,EBB0315,1,3074,***,22년 박격포 축사기,2022,EBB,지상공통전력운영계약팀,일반경쟁,총액제,적격심사제,202206241430,20220624,낙찰
정상공고,EHF0099,1,0029J,***,22년 오리콘 사격통제장치 부품류 외주정비,2022,EHF,미래전력사업전력운영계약팀,일반경쟁,총액제,적격심사제,202206241100,20220624,낙찰
정상공고,EHF0093,1,8640,***,22년 현궁 모의유도탄 수리부속(구매),2022,EHF,미래전력사업전력운영계약팀,일반경쟁,총액제,적격심사제,202206241630,20220624,유찰
긴급공고,HCQ0053,1,22653,***,"(22-005) 조준기,총강용,광학용 1종 51점",2022,HCQ,공군제5공중기동비행단,수의계약,총액제,최저가격제,202206241100,20220624,유찰
긴급공고,HDQ0048,1,22515,***,활주로지역 배수로 개선 분석평가 및 선행연구 용역,2022,HDQ,제20전투비행단,2단계경쟁(동시),총액제,최저가격제,202206241100,20220624,낙찰
정상공고,LCF0406,1,23032,***,"권총 전술라이트 1항목 구매(대테러, 총포)",2022,LCF,육군군수사령부,2단계경쟁(동시),총액제,최저가격제,202206241500,20220624,낙찰
정상공고,LCF0409,1,24243,***,"플랩,내측 튜브용,공기 타이어용 등 7항목 구매(기장)",2022,LCF,육군군수사령부,제한경쟁,총액제,적격심사제,202206241030,20220624,유찰
정상공고,LCF0410,1,24537,***,"십자선, 광학기구용 등 10항목 구매(총포)",2022,LCF,육군군수사령부,제한경쟁,총액제,적격심사제,202206241030,20220624,낙찰
정상공고,LCF0411,1,24538,***,"링,외부 나사식 등 29항목 구매(총포)",2022,LCF,육군군수사령부,제한경쟁,총액제,적격심사제,202206241030,20220624,순위확정
정상공고,LCF0412,1,24540,***,마이크로 메타 아답타 등 331항목 구매(총포),2022,LCF,육군군수사령부,일반경쟁,총액제,적격심사제,202206241030,20220624,낙찰
정상공고,LCF0413,1,24541,***,"뚜껑, 주입구용 등 4항목 제조(궤도)",2022,LCF,육군군수사령부,제한경쟁,총액제,적격심사제,202206241030,20220624,낙찰
정상공고,LCF0415,1,24543,***,개스킷 및 성형패킹세트 등 64항목 제조(궤도),2022,LCF,육군군수사령부,수의계약,총액제,적격심사제,202206241030,20220624,유찰
정상공고,LCF0416,1,24544,***,"볼트, T-자 머리형 등 4항목 제조(생산능력,궤도)",2022,LCF,육군군수사령부,수의계약,총액제,적격심사제,202206241030,20220624,유찰
정상공고,LCF0418,1,24546,***,"배선 결합체(U4/B1) 등 32항목 제조(생산능력,궤도)",2022,LCF,육군군수사령부,수의계약,총액제,적격심사제,202206241030,20220624,유찰
정상공고,LCF0419,1,24547,***,"연결기, 파이프용 등 4항목 구매(궤도)",2022,LCF,육군군수사령부,제한경쟁,총액제,적격심사제,202206241030,20220624,순위확정
정상공고,LCF0420,1,24548,***,"전지봉, 외부전원용 등 8항목 제조(총포)",2022,LCF,육군군수사령부,수의계약,총액제,적격심사제,202206241030,20220624,유찰
정상공고,LDG0041,1,24229,***,안전보건경영시스템(ISO45001) 인증 컨설팅 용역,2022,LDG,육군 탄약지원사령부,일반경쟁,총액제,적격심사제,202206241030,20220624,낙찰
정상공고,LDH0589,1,24464,***,(정비) 연마재(금강사40번) 1종 구매,2022,LDH,육군종합정비창,제한경쟁,총액제,적격심사제,202206241300,20220624,낙찰
정상공고,LDH0590,1,24468,***,(기동) 5톤차량 리드선 등 23종구매,2022,LDH,육군종합정비창,수의계약,총액제,적격심사제,202206241300,20220624,유찰
정상공고,LDH0591,1,24469,***,(기동) 5톤차량 부싱등 7종구매,2022,LDH,육군종합정비창,수의계약,총액제,적격심사제,202206241300,20220624,유찰
정상공고,LDH0592,1,24470,***,(기동) 5톤차량 튜브 등 11종구매,2022,LDH,육군종합정비창,수의계약,총액제,적격심사제,202206241300,20220624,유찰
정상공고,LDH0593,1,24480,***,"(화공) 화합물,닦기용등 6종구매",2022,LDH,육군종합정비창,수의계약,총액제,적격심사제,202206241300,20220624,유찰
정상공고,LDH0594,1,24485,***,(화공) 콘넥트크리너 1종 구매,2022,LDH,육군종합정비창,수의계약,총액제,적격심사제,202206241300,20220624,유찰
긴급공고,LGT0018,1,24149,***,22-1차 정비 및 취사피복 제조 구매,2022,LGT,제2307부대,2단계경쟁(동시),총액제,최저가격제,202206241700,20220624,낙찰
긴급공고,LMP0034,1,23327,***,22년 정비 및 취사피복 계약,2022,LMP,제3보병사단,2단계경쟁(동시),총액제,최저가격제,202206241000,20220624,낙찰
긴급공고,LPF0046,1,24660,***,실내사격장 청력보호용 장비 구매요청,2022,LPF,제51보병사단,제한경쟁,총액제,적격심사제,202206241030,20220624,유찰
정상공고,LQG0062,1,24826,***,22년 HACCP형 취사기구 제조,2022,LQG,육군 52보병사단,제한경쟁,총액제,적격심사제,202206241100,20220624,유찰
정상공고,MCN0020,1,23822,***,00부대 악기(잉글리쉬 혼 등 11종)구매,2022,MCN,국방부근무지원단,일반경쟁,총액제,적격심사제,202206241030,20220624,낙찰
정상공고,MDG0151,1,23114,***,22-2차 의무비품(스텝퍼 등 7품목) 구매,2022,MDG,국군의무사령부,제한경쟁,총액제,적격심사제,202206241100,20220624,낙찰
정상공고,MDG0150,1,23115,***,22-2차 의무비품(투약용카트 등 6품목) 구매,2022,MDG,국군의무사령부,제한경쟁,총액제,적격심사제,202206241100,20220624,낙찰
정상공고,MDG0149,1,23116,***,22-2차 의무비품(관절모형 등 10품목) 구매,2022,MDG,국군의무사령부,제한경쟁,총액제,적격심사제,202206241100,20220624,낙찰
정정공고,MDJ0034,3,20928,***,의무장비 구매(내시경자동세척기),2022,MDJ,국군대전병원,수의계약,총액제,적격심사제,202206241030,20220624,순위확정
정정공고,MDJ0035,3,20929,***,의무장비 구매(동위원소측정기),2022,MDJ,국군대전병원,수의계약,총액제,적격심사제,202206241030,20220624,순위확정
정상공고,MHD0049,1,18266,***,2022년 절충교역 물품자산 재물조사,2022,MHD,방위사업청(운영지원과),협상에의한계약(전자),총액제,최저가격제,202206241400,20220624,낙찰
긴급공고,SCL0046,1,21042,***,22-00학교 무선랜인증체계 서버 교체 용역,2022,SCL,해군사관학교,일반경쟁,총액제,적격심사제,202206241030,20220624,낙찰
정정공고,SCU0043,2,23580,***,레그익스텐션 등 21종 구매,2022,SCU,해군 기동함대사령부,제한경쟁,총액제,적격심사제,202206241100,20220624,낙찰
정상공고,UAB0058,1,25138,***,서귀포호텔 가구류 구매,2022,UAB,국군복지단,일반경쟁,총액제,적격심사제,202206241700,20220624,낙찰
연기공고,UMM0471,2,16290,***,22-해-00창 관급자재 자동제어 제조설치,2022,UMM,국군재정관리단,제한경쟁,총액제,적격심사제,202206241100,20220624,낙찰
정상공고,UMM0480,1,17953,***,22-국-유전자 감정장비 구매,2022,UMM,국군재정관리단,일반경쟁,총액제,적격심사제,202206241100,20220624,유찰
정상공고,UMM0479,1,19757,***,22-해-항공구조용 하네스 등 10종 구매(228162-D),2022,UMM,국군재정관리단,제한경쟁,총액제,적격심사제,202206241100,20220624,낙찰
정상공고,UMM0414,1,21015,***,(226176-C)특정지역 특정복류 제조 납품,2022,UMM,국군재정관리단,일반경쟁,총액제,적격심사제,202206241100,20220624,낙찰
연기공고,UMM0467,2,23138,***,22-해병-생활관 관급자재(자동제어) 제조설치,2022,UMM,국군재정관리단,제한경쟁,총액제,적격심사제,202206241100,20220624,낙찰
정상공고,UMM0415,1,24473,***,(226129-C) 회로카드생산시스템(PCB) 구매 설치,2022,UMM,국군재정관리단,일반경쟁,총액제,적격심사제,202206241100,20220624,유찰
정상공고,UMM0482,1,24477,***,22-공군 3여단 병영시설 방제용역(22J046-H),2022,UMM,국군재정관리단,제한경쟁,총액제,적격심사제,202206241100,20220624,낙찰
정상공고,EBB0312,1,3019,***,곡사포 일반부품류(제조),2022,EBB,지상공통전력운영계약팀,제한경쟁,총액제,적격심사제,202206231400,20220623,낙찰
정상공고,EBB0307,1,5085,***,장갑차 부품,2022,EBB,지상공통전력운영계약팀,일반경쟁,총액제,적격심사제,202206231430,20220623,낙찰
재공고,EHF0071,2,0353,***,VHF무전기용 마스트류,2022,EHF,미래전력사업전력운영계약팀,수의계약,총액제,적격심사제,202206231100,20220623,유찰
정상공고,EHF0096,1,1022,***,22년 발칸 축전식 전지(제조),2022,EHF,미래전력사업전력운영계약팀,수의계약,총액제,적격심사제,202206231400,20220623,유찰
정상공고,EHF0097,1,1070,***,22년 발칸 포가부 부품(제조),2022,EHF,미래전력사업전력운영계약팀,수의계약,총액제,적격심사제,202206231430,20220623,유찰
재공고,EHF0072,2,2032A,***,함정용안테나부품(구매),2022,EHF,미래전력사업전력운영계약팀,제한경쟁,총액제,적격심사제,202206231100,20220623,낙찰
정상공고,EHF0091,1,2090A,***,군위성통신체계부품(구매),2022,EHF,미래전력사업전력운영계약팀,일반경쟁,총액제,적격심사제,202206231400,20220623,낙찰
정상공고,EHF0089,1,3310,***,22년 변환기조립체(구축함용)(제조),2022,EHF,미래전력사업전력운영계약팀,제한경쟁,총액제,적격심사제,202206231100,20220623,낙찰
재공고,EHF0067,2,8C070,***,22년 부력방탄복,2022,EHF,미래전력사업전력운영계약팀,제한경쟁,총액제,적격심사제,202206231500,20220623,낙찰
정정공고,HDC0016,2,24968,***,영외자 식당 식자재 납품 계약,2022,HDC,공군제1전투비행단,일반경쟁,총액제,적격심사제,202206231030,20220623,낙찰
재공고,LCF0404,2,21568,***,방수포 등 3항목 제조(기장),2022,LCF,육군군수사령부,수의계약,총액제,적격심사제,202206231030,20220623,유찰
정상공고,LCF0408,1,21743,***,"폭발물 처리 전자내시경 등 1항목 구매(대테러, 총포)",2022,LCF,육군군수사령부,일반경쟁,총액제,적격심사제,202206231030,20220623,낙찰
정상공고,LDG0040,1,23008,***,탄약보호덮개 제조,2022,LDG,육군 탄약지원사령부,제한경쟁,총액제,적격심사제,202206231030,20220623,낙찰
긴급공고,LGR0013,1,24810,***,22년 제초용역,2022,LGR,제1288부대,제한경쟁,총액제,적격심사제,202206231030,20220623,낙찰
정정공고,LHK0031,2,24481,***,내진성능평가 및 지반조사용역(B부대 1공구),2022,LHK,제2군단,제한경쟁,총액제,적격심사제,202206231030,20220623,낙찰
긴급공고,LPG0054,1,24734,001,22년 7~8월 부대조달 부식계약(중기간-어육가공품),2022,LPG,제5보병사단,제한경쟁,단가제,적격심사제,202206231100,20220623,유찰
긴급공고,LPG0056,1,24736,001,22년 7~8월 부대조달 부식계약(중기간-양념류),2022,LPG,제5보병사단,수의계약,단가제,적격심사제,202206231100,20220623,유찰
긴급공고,MCM0006,1,20316,***,미래 한국군 통합사이버전 수행방안 연구,2022,MCM,4284부대,협상에의한계약(전자),총액제,최저가격제,202206231030,20220623,유찰
재공고,SCF0219,2,17006,***,고무호스 등 10종 구매,2022,SCF,해군군수사령부,제한경쟁,총액제,적격심사제,202206231030,20220623,낙찰
재공고,SCF0300,2,18965,***,(긴급) 안전밸브 등 7종 구매,2022,SCF,해군군수사령부,제한경쟁,총액제,적격심사제,202206231030,20220623,낙찰
재공고,SCF0295,2,19117,***,"(긴급)필터 ,오일용 등 4종 구매",2022,SCF,해군군수사령부,제한경쟁,총액제,적격심사제,202206231030,20220623,유찰
긴급공고,SCF0329,1,22007,***,"(긴급) 핀,직선형,무두형 등 23종 구매",2022,SCF,해군군수사령부,제한경쟁,총액제,적격심사제,202206231030,20220623,낙찰
긴급공고,SCF0330,1,22147,***,(긴급) 디스플레이 유닛 1종 구매,2022,SCF,해군군수사령부,제한경쟁,총액제,적격심사제,202206231030,20220623,낙찰
긴급공고,SCF0331,1,22506,***,"(긴급) 접촉기,자석식 등 13종 구매",2022,SCF,해군군수사령부,제한경쟁,총액제,적격심사제,202206231030,20220623,낙찰
긴급공고,SCF0287,1,22827,***,공업용 수소 등 6종 구매,2022,SCF,해군군수사령부,제한경쟁,총액제,적격심사제,202206231030,20220623,낙찰
긴급공고,SCF0334,1,23402,***,(긴급)팁 등 7종,2022,SCF,해군군수사령부,제한경쟁,총액제,적격심사제,202206231030,20220623,낙찰
긴급공고,SCF0336,1,23413,***,(긴급)오-링 등 6종,2022,SCF,해군군수사령부,제한경쟁,총액제,적격심사제,202206231030,20220623,낙찰
긴급공고,SCF0335,1,23766,***,(긴급) 카플링 1종 구매,2022,SCF,해군군수사령부,제한경쟁,총액제,적격심사제,202206231030,20220623,낙찰
긴급공고,SCF0068,1,24710,***,함정 하우스 건현 청락/도장 용역,2022,SCF,해군군수사령부,일반경쟁,총액제,적격심사제,202206231030,20220623,낙찰
긴급공고,SCF0067,1,24723,***,함정 수면하 선저 조패류 수중소제 용역,2022,SCF,해군군수사령부,일반경쟁,총액제,적격심사제,202206231030,20220623,낙찰
긴급공고,SFM0065,1,24591,***,스티어 등 221품목 구매,2022,SFM,제3170부대,제한경쟁,총액제,적격심사제,202206231030,20220623,낙찰
정상공고,UAC0022,1,23031,***,'22년 전반기 옵셋인쇄기 롤러피복교체 외주정비 용역,2022,UAC,국방출판지원단,일반경쟁,총액제,적격심사제,202206231100,20220623,낙찰
정상공고,UMM0410,1,15260,***,"(226098-C) 반창고, 일회용 등 구매",2022,UMM,국군재정관리단,제한경쟁,총액제,적격심사제,202206231100,20220623,낙찰
긴급공고,UMM0378,1,15585,***,(22F114-A) 보급부대 근무분야 민간위탁(강원인제),2022,UMM,국군재정관리단,일반경쟁,총액제,적격심사제,202206231100,20220623,유찰
정상공고,UMM0411,1,16324,***,(226186-E) 기초잠수 착용물자 구매,2022,UMM,국군재정관리단,제한경쟁,총액제,적격심사제,202206231100,20220623,낙찰
긴급공고,UMM0417,1,19453,***,(22F126-A) 22년 3사교 조경용역,2022,UMM,국군재정관리단,제한경쟁,총액제,적격심사제,202206231100,20220623,유찰
정상공고,UMM0475,1,19882,***,22-해-구조용 텐트 2세트 구매,2022,UMM,국군재정관리단,제한경쟁,총액제,적격심사제,202206231100,20220623,낙찰
정상공고,UMM0476,1,20235,***,22-국-감정장비(가스크로토마토그래피) 구매,2022,UMM,국군재정관리단,제한경쟁,총액제,적격심사제,202206231100,20220623,낙찰
정상공고,UMM0474,1,21867,***,22-해-현장감식용 드론 제조설치,2022,UMM,국군재정관리단,제한경쟁,총액제,적격심사제,202206231100,20220623,낙찰
긴급공고,UMM0421,1,22749,***,(226245-E)이동형 헬기위치추적체계 도입(리스물건),2022,UMM,국군재정관리단,일반경쟁,총액제,적격심사제,202206231100,20220623,낙찰
긴급공고,UMM0416,1,23601,***,(22F150-A)7사단 22년 제초용역,2022,UMM,국군재정관리단,일반경쟁,총액제,적격심사제,202206231100,20220623,낙찰
정상공고,EBB0303,1,0037,***,전차용 표적 및 표적꽂이,2022,EBB,지상공통전력운영계약팀,수의계약,총액제,적격심사제,202206221100,20220622,유찰
정상공고,EBB0306,1,0230,***,230mm급 다련장 수리부속(구매),2022,EBB,지상공통전력운영계약팀,일반경쟁,총액제,적격심사제,202206221400,20220622,낙찰
정상공고,EBB0308,1,1623,***,"브래킷, 판류",2022,EBB,지상공통전력운영계약팀,일반경쟁,총액제,적격심사제,202206221400,20220622,낙찰
정상공고,EBB0301,1,3026,***,박격포 짐판,2022,EBB,지상공통전력운영계약팀,제한경쟁,총액제,적격심사제,202206221030,20220622,낙찰
정상공고,EBB0304,1,4050,***,K2 전차 부품류(구매),2022,EBB,지상공통전력운영계약팀,수의계약,총액제,적격심사제,202206221500,20220622,유찰
정상공고,EBB0305,1,4823,***,기뢰정비장비용 전지조립체,2022,EBB,지상공통전력운영계약팀,수의계약,총액제,적격심사제,202206221030,20220622,유찰
정상공고,EBB0302,1,6101A,***,"스페이서류(제조,일반)",2022,EBB,지상공통전력운영계약팀,일반경쟁,총액제,적격심사제,202206221100,20220622,낙찰
재공고,EBB0064,3,8940A,***,축전식 전지(밀폐형),2022,EBB,지상공통전력운영계약팀,수의계약,총액제,적격심사제,202206221100,20220622,순위확정
정상공고,EHF0088,1,0389A,***,PP-2K부품(구매),2022,EHF,미래전력사업전력운영계약팀,일반경쟁,총액제,적격심사제,202206221100,20220622,낙찰
재공고,EHF0057,2,3B410,***,22년 지뢰보호용 전투화 및 덧신,2022,EHF,미래전력사업전력운영계약팀,제한경쟁,총액제,적격심사제,202206221500,20220622,낙찰
정상공고,EHF0090,1,4101B,***,22년 KGGB 수리부속,2022,EHF,미래전력사업전력운영계약팀,일반경쟁,총액제,적격심사제,202206221400,20220622,낙찰
재공고,EHF0065,2,6086H,***,리튬전지(BA-6086),2022,EHF,미래전력사업전력운영계약팀,수의계약,총액제,적격심사제,202206221100,20220622,유찰
정상공고,ELA0021,1,5200,***,시험장비/특수공구(230mm급 다련장 2차 양산),2022,ELA,화력총괄계약팀,제한경쟁,총액제,적격심사제,202206221030,20220622,유찰
정상공고,HDI0003,1,22113,***,회로카드 조립체 구매,2022,HDI,공군83정보통신정비창,일반경쟁,총액제,적격심사제,202206221030,20220622,낙찰
재공고,LCF0398,2,21346,***,에너지 완충기 등 7항목 구매(항공),2022,LCF,육군군수사령부,일반경쟁,총액제,적격심사제,202206221130,20220622,유찰
정상공고,LCF0407,1,22775,***,"K1A1전차 튜브조립체,탄약선반용(21종) 정비",2022,LCF,육군군수사령부,수의계약,총액제,적격심사제,202206221030,20220622,유찰
긴급공고,LCG0065,1,22931,***,군사경찰장비용 휴대용무전기 건전지 등 5종 구매,2022,LCG,육군본부,제한경쟁,총액제,적격심사제,202206221030,20220622,낙찰
긴급공고,LDC0012,1,24567,***,'22년 00부대 제초 용역,2022,LDC,육군과학화전투훈련단,제한경쟁,총액제,적격심사제,202206221030,20220622,낙찰
긴급공고,LHG0017,1,22490,001,22-2차 7월 부대계약(부식),2022,LHG,제1862부대,2단계경쟁(동시),단가제,최저가격제,202206221600,20220622,낙찰
긴급공고,LHK0028,1,24462,***,00부대 활주로보강 문화재시굴조사용역,2022,LHK,제2군단,제한경쟁,총액제,적격심사제,202206221030,20220622,낙찰
긴급공고,LHK0029,1,24471,***,내진성능평가 및 지반조사용역(군단 직할),2022,LHK,제2군단,제한경쟁,총액제,적격심사제,202206221030,20220622,낙찰
긴급공고,LHK0030,1,24476,***,내진성능평가 및 지반조사용역(A부대),2022,LHK,제2군단,제한경쟁,총액제,적격심사제,202206221030,20220622,낙찰
긴급공고,LHK0032,1,24489,***,내진성능평가 및 지반조사용역(B부대 2공구),2022,LHK,제2군단,제한경쟁,총액제,적격심사제,202206221030,20220622,낙찰
긴급공고,LHK0033,1,24492,***,내진성능평가 및 지반조사용역(B부대 3공구),2022,LHK,제2군단,제한경쟁,총액제,적격심사제,202206221030,20220622,낙찰
긴급공고,LHK0034,1,24496,***,내진성능평가 및 지반조사용역(C부대 1공구),2022,LHK,제2군단,제한경쟁,총액제,적격심사제,202206221030,20220622,유찰
긴급공고,LHK0035,1,24498,***,내진성능평가 및 지반조사용역(C부대 2공구),2022,LHK,제2군단,제한경쟁,총액제,적격심사제,202206221030,20220622,낙찰
긴급공고,LHK0036,1,24499,***,내진성능평가 및 지반조사용역(C부대 3공구),2022,LHK,제2군단,제한경쟁,총액제,적격심사제,202206221030,20220622,낙찰
긴급공고,LHK0037,1,24501,***,내진성능평가 및 지반조사용역(C부대 4공구),2022,LHK,제2군단,제한경쟁,총액제,적격심사제,202206221030,20220622,낙찰
긴급공고,LHK0038,1,24504,***,내진성능평가 및 지반조사용역(C부대 5공구),2022,LHK,제2군단,제한경쟁,총액제,적격심사제,202206221030,20220622,낙찰
긴급공고,LHK0039,1,24506,***,내진성능평가 및 지반조사용역(C부대 6공구),2022,LHK,제2군단,제한경쟁,총액제,적격심사제,202206221030,20220622,낙찰
긴급공고,LHK0040,1,24508,***,내진성능평가 및 지반조사용역(D부대),2022,LHK,제2군단,제한경쟁,총액제,적격심사제,202206221030,20220622,낙찰
정상공고,LKP0033,1,23809,001,'22년 광복절 경축특식(마카롱) 제조,2022,LKP,5군수지원사령부,제한경쟁,단가제,적격심사제,202206221100,20220622,낙찰
정상공고,LKP0034,1,23815,001,'22년 제헌절 경축특식(훈제닭다리) 제조,2022,LKP,5군수지원사령부,제한경쟁,단가제,적격심사제,202206221100,20220622,유찰
긴급공고,LMR0037,1,23980,***,00부대 voip교환기 교체 설치납품,2022,LMR,제5군단사령부,제한경쟁,총액제,적격심사제,202206221030,20220622,낙찰
긴급공고,LPC0024,1,24503,001,22년 6~8월 식용유(콩기름) 구매,2022,LPC,제25보병사단,제한경쟁,단가제,적격심사제,202206221100,20220622,낙찰
재공고,MDD0080,3,11128,***,2022년 의무장비(치과유니트) 구매계약,2022,MDD,국군수도병원,제한경쟁,총액제,적격심사제,202206221100,20220622,유찰
긴급공고,SCF0282,1,18306,***,"시일 링, 금속제 등 10종 구매",2022,SCF,해군군수사령부,제한경쟁,총액제,적격심사제,202206221030,20220622,순위확정
긴급공고,SCF0285,1,20678,***,이동식 공기 압축기 구매,2022,SCF,해군군수사령부,제한경쟁,총액제,적격심사제,202206221030,20220622,유찰
긴급공고,SCF0281,1,21905,***,LED 방습등 40W 등 109종 구매,2022,SCF,해군군수사령부,제한경쟁,총액제,적격심사제,202206221030,20220622,낙찰
긴급공고,SCF0324,1,22012,***,"(긴급) 날,와이퍼용 등 9종 구매",2022,SCF,해군군수사령부,제한경쟁,총액제,적격심사제,202206221030,20220622,낙찰
긴급공고,SCF0326,1,22013,***,(긴급) 로드 와이퍼 링 등 6종 구매,2022,SCF,해군군수사령부,제한경쟁,총액제,적격심사제,202206221030,20220622,낙찰
긴급공고,SCF0323,1,22014,***,(긴급) 개스킷 등 12종 구매,2022,SCF,해군군수사령부,제한경쟁,총액제,적격심사제,202206221030,20220622,유찰
긴급공고,SCF0325,1,22154,***,(긴급) 시동 피스톤 밸브 등 4종 구매,2022,SCF,해군군수사령부,제한경쟁,총액제,적격심사제,202206221030,20220622,낙찰
긴급공고,SCF0332,1,22686,***,(긴급)스툴의자 등 1종,2022,SCF,해군군수사령부,제한경쟁,총액제,적격심사제,202206221030,20220622,유찰
긴급공고,SCF0284,1,23126,***,회로 차단기 등 17종 구매,2022,SCF,해군군수사령부,제한경쟁,총액제,적격심사제,202206221030,20220622,낙찰
긴급공고,SCF0283,1,23153,***,부식방지제 등 30종 구매,2022,SCF,해군군수사령부,수의계약,총액제,적격심사제,202206221030,20220622,유찰
긴급공고,SCF0286,1,24463,***,"부품키트, 축방향피스톤 등 12종 구매",2022,SCF,해군군수사령부,제한경쟁,총액제,적격심사제,202206221030,20220622,낙찰
긴급공고,SCR0031,1,24383,***,22-계류지원정(YPK-C) 외주정비,2022,SCR,해군제3함대사령부,제한경쟁,총액제,적격심사제,202206221130,20220622,낙찰
정정공고,UMM0441,2,03811,***,22-국-차륜형 상용 정수장비 제조,2022,UMM,국군재정관리단,일반경쟁,총액제,적격심사제,202206221100,20220622,낙찰
정상공고,UMM0464,1,16887,***,22-국-전통 금관조복 등 6종 제조,2022,UMM,국군재정관리단,제한경쟁,총액제,적격심사제,202206221100,20220622,낙찰
정상공고,UMM0393,1,20065,***,(22G024-H)000단 출입통제체계 구축,2022,UMM,국군재정관리단,제한경쟁,총액제,적격심사제,202206221100,20220622,낙찰
정상공고,UMM0469,1,20563,***,22-해-해안정찰지원용 드론 4set 제조,2022,UMM,국군재정관리단,제한경쟁,총액제,적격심사제,202206221100,20220622,낙찰
정상공고,UMM0394,1,20616,***,(226158-E) 관급자재(호이스트크레인) 제조설치,2022,UMM,국군재정관리단,제한경쟁,총액제,적격심사제,202206221100,20220622,낙찰
긴급공고,UMM0412,1,20920,***,(22G144-A)22년 군 의료요원 배상책임보험 용역,2022,UMM,국군재정관리단,수의계약,총액제,적격심사제,202206221100,20220622,유찰
정상공고,UMM0466,1,21108,***,22-해-해상대테러작전지원용 드론 제조,2022,UMM,국군재정관리단,제한경쟁,총액제,적격심사제,202206221100,20220622,낙찰
정상공고,UMM0395,1,22716,***,(22G013-H)출입통제체계 유지관리 용역,2022,UMM,국군재정관리단,일반경쟁,총액제,적격심사제,202206221100,20220622,낙찰
정상공고,UMM0468,1,23145,***,22-국-차량용 DC컨버터 제조,2022,UMM,국군재정관리단,제한경쟁,총액제,적격심사제,202206221100,20220622,낙찰
긴급공고,UMM0413,1,23418,***,(22F148-A) 39보병사단 제초관리용역,2022,UMM,국군재정관리단,일반경쟁,총액제,적격심사제,202206221100,20220622,낙찰
정상공고,UMM0465,1,23678,***,22-공-유류 흡착롤 등 5종 구매(229059-G),2022,UMM,국군재정관리단,제한경쟁,총액제,적격심사제,202206221100,20220622,낙찰
긴급공고,DSS0042,1,23500,***,00부대 정보체계 통합유지보수 용역,2022,DSS,국군제1068부대,일반경쟁,총액제,적격심사제,202206211030,20220621,낙찰
정상공고,EBB0300,1,0002,***,초자류,2022,EBB,지상공통전력운영계약팀,제한경쟁,총액제,적격심사제,202206211030,20220621,낙찰
정상공고,EBB0294,1,0036,***,"22년 플라스틱표적지(E,F형)",2022,EBB,지상공통전력운영계약팀,수의계약,총액제,적격심사제,202206211100,20220621,유찰
정상공고,EBB0295,1,2E401,***,수입지 및 수입포,2022,EBB,지상공통전력운영계약팀,일반경쟁,총액제,적격심사제,202206211100,20220621,낙찰
정상공고,EBB0293,1,2F490,***,"장비커버류(기동,총포,통신)",2022,EBB,지상공통전력운영계약팀,제한경쟁,총액제,적격심사제,202206211100,20220621,낙찰
정상공고,EBB0299,1,5440,***,22년 130밀리 연습연막로켓탄,2022,EBB,지상공통전력운영계약팀,수의계약,총액제,적격심사제,202206211100,20220621,유찰
재공고,EBB0265,2,6330,***,전기식 와이퍼모타,2022,EBB,지상공통전력운영계약팀,수의계약,총액제,적격심사제,202206211100,20220621,유찰
정상공고,EBB0296,1,6610,***,K계열 궤도장비 부품류,2022,EBB,지상공통전력운영계약팀,일반경쟁,총액제,적격심사제,202206211100,20220621,낙찰
재공고,EBB0263,2,8365,***,호로대,2022,EBB,지상공통전력운영계약팀,수의계약,총액제,적격심사제,202206211100,20220621,유찰
정상공고,EBB0292,1,9020,***,장갑전투도자 부품(구매),2022,EBB,지상공통전력운영계약팀,일반경쟁,총액제,적격심사제,202206211100,20220621,낙찰
재공고,EBB0264,2,9021,***,씰조립체,2022,EBB,지상공통전력운영계약팀,수의계약,총액제,적격심사제,202206211100,20220621,유찰
정상공고,EBB0297,1,9107J,***,"22년 궤도부품류(조임쇠조립체 등, 사전의향서)",2022,EBB,지상공통전력운영계약팀,제한경쟁,총액제,적격심사제,202206211100,20220621,낙찰
정상공고,EBB0280,1,MB007,***,정수장비(흡입펌프/호스) 성능개선,2022,EBB,지상공통전력운영계약팀,2단계경쟁(동시),총액제,최저가격제,202206211500,20220621,낙찰
정상공고,EBB0279,1,MD002,***,HH-32 비행기록장치 성능개선,2022,EBB,지상공통전력운영계약팀,2단계경쟁(동시),총액제,최저가격제,202206211500,20220621,낙찰
정상공고,EBB0278,1,MP005,***,수상함 헬기유도등장치 교체,2022,EBB,지상공통전력운영계약팀,2단계경쟁(동시),총액제,최저가격제,202206211500,20220621,낙찰
재공고,EHF0069,2,0205H,***,리튬전지류(BA-6853 등 3종),2022,EHF,미래전력사업전력운영계약팀,수의계약,총액제,적격심사제,202206211100,20220621,유찰
정상공고,EKA0020,1,9810,***,"지게차(3톤,8톤)",2022,EKA,기동총괄계약팀,제한경쟁,총액제,적격심사제,202206211030,20220621,유찰
긴급공고,HCF0157,1,19838,***,F-16 ASPJ 지원장비 유지보수,2022,HCF,공군군수사령부,제한경쟁,총액제,적격심사제,202206211030,20220621,낙찰
긴급공고,HCF0156,1,23978,***,스텐판 등 57종 구매,2022,HCF,공군군수사령부,제한경쟁,총액제,적격심사제,202206211030,20220621,유찰
긴급공고,HCL0064,1,24167,***,22-박물관 전시항공기 도장 용역,2022,HCL,공군사관학교,일반경쟁,총액제,적격심사제,202206211030,20220621,낙찰
재공고,HDC0015,2,21937,***,영외자 식당 김치류 납품 계약,2022,HDC,공군제1전투비행단,일반경쟁,총액제,적격심사제,202206211030,20220621,낙찰
긴급공고,LBB0048,1,23318,001,취사용 LPG 구매,2022,LBB,육군제7789부대,제한경쟁,단가제,적격심사제,202206211030,20220621,낙찰
재공고,LCF0395,2,19287,***,"들것,접는형,단단한막대식 등 12항목 구매(의무)",2022,LCF,육군군수사령부,제한경쟁,총액제,적격심사제,202206211130,20220621,순위확정
재공고,LCF0399,2,21362,***,"프로펠러,항공기용 등 61항목 구매(항공)",2022,LCF,육군군수사령부,수의계약,총액제,적격심사제,202206211130,20220621,순위확정
재공고,LCF0403,2,21630,***,"리테이너,오일시일용등 78항목 제조(생산능력,자주포)",2022,LCF,육군군수사령부,수의계약,총액제,적격심사제,202206211030,20220621,유찰
긴급공고,LCM0028,1,24010,***,22년 7월 부대계약 품목 구매(일반품목),2022,LCM,육군교육사령부,일반경쟁,총액제,적격심사제,202206211030,20220621,낙찰
긴급공고,LCM0030,1,24032,***,22년 7월 부대계약 품목 제조구매(어육가공품),2022,LCM,육군교육사령부,수의계약,총액제,적격심사제,202206211030,20220621,유찰
긴급공고,LFH0011,1,23720,***,총기보관함(렉) 제조,2022,LFH,육군부사관학교,제한경쟁,총액제,적격심사제,202206211100,20220621,낙찰
정정공고,LGR0012,2,24215,***,00부대 임시숙영시설 컨테이너 제조구매,2022,LGR,제1288부대,일반경쟁,총액제,적격심사제,202206211030,20220621,낙찰
긴급공고,LGS0022,1,23834,***,주거시설(1권역) 도배 및 장판 설치납품,2022,LGS,육군 제8군단,제한경쟁,총액제,적격심사제,202206211030,20220621,낙찰
긴급공고,LGS0023,1,23840,***,주거시설(2권역) 도배 및 장판 설치납품,2022,LGS,육군 제8군단,제한경쟁,총액제,적격심사제,202206211030,20220621,낙찰
긴급공고,LHG0021,1,23561,***,22-2차 부대조달 식자재 납품(어육가공품류)(제조),2022,LHG,제1862부대,제한경쟁,총액제,적격심사제,202206211030,20220621,유찰
정상공고,LKP0048,1,23100,***,'22년 7월 식자재(부대조달 부식) 구매,2022,LKP,5군수지원사령부,일반경쟁,총액제,적격심사제,202206211100,20220621,낙찰
정상공고,LKP0051,1,23111,001,'22년 7월 식자재(어육가공품) 제조,2022,LKP,5군수지원사령부,제한경쟁,단가제,적격심사제,202206211100,20220621,낙찰
긴급공고,LKP0053,1,24113,***,'22년 대대급 안전보호세트 구매,2022,LKP,5군수지원사령부,제한경쟁,총액제,적격심사제,202206211100,20220621,낙찰
긴급공고,LNF0018,1,23337,***,22년 7월 부대계약 식자재 납품,2022,LNF,제1보병사단,일반경쟁,총액제,적격심사제,202206211100,20220621,낙찰
긴급공고,LPF0040,1,23489,***,22~25년 사단 정수기 통합 임차 용역,2022,LPF,제51보병사단,제한경쟁,총액제,적격심사제,202206211030,20220621,유찰
긴급공고,LPF0042,1,23850,***,1공구 내진성능평가 용역,2022,LPF,제51보병사단,제한경쟁,총액제,적격심사제,202206211100,20220621,낙찰
정정공고,LPF0043,2,23851,***,2공구 내진성능평가 용역,2022,LPF,제51보병사단,제한경쟁,총액제,적격심사제,202206211100,20220621,낙찰
긴급공고,LPF0044,1,23855,***,3공구 내진성능평가 용역,2022,LPF,제51보병사단,제한경쟁,총액제,적격심사제,202206211100,20220621,낙찰
긴급공고,MDK0022,1,22800,***,'22년 훈련병 의류대 택배수송 용역,2022,MDK,국군수송사령부,수의계약,총액제,적격심사제,202206211030,20220621,유찰
정상공고,MDN0014,1,22562,***,병영문화 예술체험교육 용역,2022,MDN,국군화생방방호사령부,수의계약,총액제,적격심사제,202206211030,20220621,유찰
재공고,SCF0234,2,05536,***,안테나조립체 1종 구매,2022,SCF,해군군수사령부,제한경쟁,총액제,적격심사제,202206211030,20220621,낙찰
재공고,SCF0257,2,07754,***,위장카메라 셋 2SET 구매,2022,SCF,해군군수사령부,제한경쟁,총액제,적격심사제,202206211030,20220621,낙찰
재공고,SCF0243,2,13090,***,대형차량스캐너 구매,2022,SCF,해군군수사령부,제한경쟁,총액제,적격심사제,202206211030,20220621,순위확정
재공고,SCF0232,2,15031,***,"동기장치, 전기식 구매",2022,SCF,해군군수사령부,제한경쟁,총액제,적격심사제,202206211030,20220621,순위확정
재공고,SCF0247,2,15226,***,호스 조립체 등 8종 구매,2022,SCF,해군군수사령부,제한경쟁,총액제,적격심사제,202206211030,20220621,순위확정
긴급공고,SCF0308,1,15419,***,"(긴급) 어댑터, 직선형, 호스와보스연결용 등9종",2022,SCF,해군군수사령부,제한경쟁,총액제,적격심사제,202206211030,20220621,낙찰
긴급공고,SCF0063,1,15548,***,열상장비 유지보수 용역,2022,SCF,해군군수사령부,일반경쟁,총액제,적격심사제,202206211030,20220621,낙찰
긴급공고,SCF0065,1,16438,***,잠수함(SS-II) 축전지 감시센서 정비,2022,SCF,해군군수사령부,일반경쟁,총액제,적격심사제,202206211030,20220621,낙찰
재공고,SCF0225,2,18995,***,금속제 바 10EA 구매,2022,SCF,해군군수사령부,제한경쟁,총액제,적격심사제,202206211030,20220621,낙찰
재공고,SCF0054,2,19874,***,잠수함 축전지 충방전 용역,2022,SCF,해군군수사령부,수의계약,총액제,적격심사제,202206211030,20220621,순위확정
재공고,SCF0255,2,20107,***,로프와이어제 등 6종 구매,2022,SCF,해군군수사령부,제한경쟁,총액제,적격심사제,202206211030,20220621,순위확정
긴급공고,SCF0062,1,20194,***,잠수장비세트(FADS) 안전도 검사 용역,2022,SCF,해군군수사령부,수의계약,총액제,적격심사제,202206211030,20220621,유찰
긴급공고,SCF0318,1,22005,***,(긴급) 브이벨트 25인치 등 4종 구매,2022,SCF,해군군수사령부,제한경쟁,총액제,적격심사제,202206211030,20220621,낙찰
긴급공고,SCF0317,1,22008,***,"(긴급) 변환기,신호자료용 등 3종 구매",2022,SCF,해군군수사령부,제한경쟁,총액제,적격심사제,202206211030,20220621,낙찰
긴급공고,SCF0314,1,22009,***,(긴급) 전원 공급기 등 3종 구매,2022,SCF,해군군수사령부,제한경쟁,총액제,적격심사제,202206211030,20220621,낙찰
긴급공고,SCF0316,1,22010,***,"(긴급) 램프,발광 다이오드용 등 5종 구매",2022,SCF,해군군수사령부,제한경쟁,총액제,적격심사제,202206211030,20220621,낙찰
긴급공고,SCF0306,1,22028,***,윈치세트 1종,2022,SCF,해군군수사령부,일반경쟁,총액제,적격심사제,202206211030,20220621,낙찰
긴급공고,SCF0310,1,22030,***,"(긴급) 방염도료, 투명 등 9종",2022,SCF,해군군수사령부,일반경쟁,총액제,적격심사제,202206211030,20220621,낙찰
긴급공고,SCF0315,1,22148,***,"(긴급) 밸브,스프링용 등 3종 구매",2022,SCF,해군군수사령부,제한경쟁,총액제,적격심사제,202206211030,20220621,낙찰
긴급공고,SCF0311,1,22179,***,"(긴급) 파이프 조립체,금속제 등 15종",2022,SCF,해군군수사령부,일반경쟁,총액제,적격심사제,202206211030,20220621,낙찰
긴급공고,SCF0312,1,22217,***,"(긴급) 볼트, 기계용 등 26종",2022,SCF,해군군수사령부,일반경쟁,총액제,적격심사제,202206211030,20220621,낙찰
긴급공고,SCF0307,1,22237,***,"개스킷(비석면판, 압축식) 등 2종",2022,SCF,해군군수사령부,일반경쟁,총액제,적격심사제,202206211030,20220621,낙찰
긴급공고,SCF0322,1,22311,***,(긴급)회로 차단기 1종 구매,2022,SCF,해군군수사령부,제한경쟁,총액제,적격심사제,202206211030,20220621,낙찰
긴급공고,SCF0319,1,22312,***,(긴급)안테나(AS-7502) 1종 구매,2022,SCF,해군군수사령부,제한경쟁,총액제,적격심사제,202206211030,20220621,낙찰
긴급공고,SCF0328,1,22313,***,"(긴급)시일,하부 베어링용 등 3종 구매",2022,SCF,해군군수사령부,제한경쟁,총액제,적격심사제,202206211030,20220621,낙찰
긴급공고,SCF0320,1,22314,***,"(긴급)밸브,솔레노이드용 등 2종 구매",2022,SCF,해군군수사령부,제한경쟁,총액제,적격심사제,202206211030,20220621,낙찰
긴급공고,SCF0321,1,22317,***,"(긴급)파이프,금속제 등 4종 구매",2022,SCF,해군군수사령부,제한경쟁,총액제,적격심사제,202206211030,20220621,낙찰
긴급공고,SCF0327,1,22319,***,(긴급)호스 조립체 세트 등 8종 구매,2022,SCF,해군군수사령부,제한경쟁,총액제,적격심사제,202206211030,20220621,낙찰
긴급공고,SCF0064,1,22502,***,함정 비수밀도어 교체 정비,2022,SCF,해군군수사령부,일반경쟁,총액제,적격심사제,202206211030,20220621,낙찰
긴급공고,SCF0279,1,22580,***,샤워기헤드 등 7종 구매,2022,SCF,해군군수사령부,제한경쟁,총액제,적격심사제,202206211030,20220621,낙찰
긴급공고,SCF0280,1,22583,***,타이어 공기주입기 10EA 구매,2022,SCF,해군군수사령부,제한경쟁,총액제,적격심사제,202206211030,20220621,낙찰
긴급공고,SCF0278,1,22902,***,폭발물처리반 작전복 등 2종 구매,2022,SCF,해군군수사령부,제한경쟁,총액제,적격심사제,202206211030,20220621,순위확정
긴급공고,UMM0389,1,15580,***,(22F118-A) 보급근무분야 민간위탁 용역(강원 원주),2022,UMM,국군재정관리단,일반경쟁,총액제,적격심사제,202206211100,20220621,낙찰
긴급공고,UMM0407,1,15586,***,(22F106-A) 근무분야 민간위탁 용역(전남 장성),2022,UMM,국군재정관리단,일반경쟁,총액제,적격심사제,202206211100,20220621,낙찰
긴급공고,UMM0401,1,15588,***,(22F108-A) 근무분야 민간위탁 용역(경남 김해),2022,UMM,국군재정관리단,일반경쟁,총액제,적격심사제,202206211100,20220621,낙찰
긴급공고,UMM0396,1,17184,***,(227215-D) 비용분석용 상용SW 구매,2022,UMM,국군재정관리단,제한경쟁,총액제,적격심사제,202206211100,20220621,유찰
긴급공고,UMM0400,1,17684,***,(22F122-A) 식자재 민간위탁 배송용역,2022,UMM,국군재정관리단,일반경쟁,총액제,적격심사제,202206211100,20220621,낙찰
긴급공고,UMM0477,1,17994,***,22-국-이동마트차량 제조,2022,UMM,국군재정관리단,일반경쟁,총액제,적격심사제,202206211100,20220621,낙찰
긴급공고,UMM0391,1,19327,***,(22F132-A)육군포병학교 '22년 제초용역,2022,UMM,국군재정관리단,제한경쟁,총액제,적격심사제,202206211100,20220621,낙찰
긴급공고,UMM0399,1,19418,***,(227025-H)00지역 영상회의시스템 등 구매설치(2차),2022,UMM,국군재정관리단,일반경쟁,총액제,적격심사제,202206211100,20220621,낙찰
재공고,UMM0424,2,19731,***,22-해-12인치 탐조등 6EA 제조,2022,UMM,국군재정관리단,제한경쟁,총액제,적격심사제,202206211100,20220621,낙찰
긴급공고,UMM0404,1,20649,***,22~23년 공군 항공기 정비운영 CBT 교체사업,2022,UMM,국군재정관리단,2단계경쟁(동시),총액제,최저가격제,202206211300,20220621,낙찰
긴급공고,UMM0406,1,20665,***,'22년 공군 인터넷 네트워크 사이버방호체계 구축사업,2022,UMM,국군재정관리단,2단계경쟁(동시),총액제,최저가격제,202206211300,20220621,낙찰
긴급공고,UMM0398,1,21370,***,(226235-B) 경호용승용차 제조,2022,UMM,국군재정관리단,일반경쟁,총액제,적격심사제,202206211100,20220621,낙찰
긴급공고,UMM0392,1,22000,***,(226035)2군단지휘소화면전시체계 교체사업(리스물건),2022,UMM,국군재정관리단,일반경쟁,총액제,적격심사제,202206211100,20220621,낙찰
긴급공고,UMM0408,1,22057,***,(22G143-I) 냉온 정수기 임차 용역,2022,UMM,국군재정관리단,제한경쟁,총액제,적격심사제,202206211100,20220621,낙찰
긴급공고,UMM0404,1,23071,***,(22F133-I) 00부대 제초관리 용역,2022,UMM,국군재정관리단,제한경쟁,총액제,적격심사제,202206211100,20220621,낙찰
긴급공고,UMM0406,1,23220,***,(22F109-I) 보급 근무분야 민간위탁 용역(대전 유성),2022,UMM,국군재정관리단,일반경쟁,총액제,적격심사제,202206211100,20220621,낙찰
긴급공고,UMM0405,1,23221,***,(22F107-I) 보급 근무분야 민간위탁 용역(대구 수성),2022,UMM,국군재정관리단,일반경쟁,총액제,적격심사제,202206211100,20220621,낙찰
긴급공고,UMM0402,1,23223,***,(22F125-I) 00부대 제초용역,2022,UMM,국군재정관리단,제한경쟁,총액제,적격심사제,202206211100,20220621,낙찰
긴급공고,UMM0403,1,23224,***,(22F135-I) 00부대 제초용역,2022,UMM,국군재정관리단,제한경쟁,총액제,적격심사제,202206211100,20220621,낙찰
정상공고,UMM0388,1,23329,***,(226033-G) 차륜형장갑차 시뮬레이터 제조납품,2022,UMM,국군재정관리단,제한경쟁,총액제,적격심사제,202206211100,20220621,낙찰
정상공고,UMM0461,1,23392,***,22-공-차륜용 균형기 등 2종 구매(229084-D),2022,UMM,국군재정관리단,제한경쟁,총액제,적격심사제,202206211100,20220621,낙찰
긴급공고,UMM0390,1,23481,***,(22F090-A) 3군수지원여단 ASP 방화지대 구축용역,2022,UMM,국군재정관리단,제한경쟁,총액제,적격심사제,202206211100,20220621,낙찰
정상공고,UMM0462,1,23495,***,22-국-00학교 생활관 원격검침설비 제조설치,2022,UMM,국군재정관리단,제한경쟁,총액제,적격심사제,202206211100,20220621,낙찰
긴급공고,UMM0409,1,24092,***,(22F147-I) 00부대 제초용역,2022,UMM,국군재정관리단,일반경쟁,총액제,적격심사제,202206211100,20220621,낙찰
긴급공고,DSS0033,1,19872,***,22년 테러예방 교육 동영상 제작 용역,2022,DSS,국군제1068부대,수의계약,총액제,최저가격제,202206201030,20220620,유찰
정상공고,EHF0081,1,0113,***,케이블조립체(차폐용),2022,EHF,미래전력사업전력운영계약팀,일반경쟁,총액제,적격심사제,202206201100,20220620,낙찰
정상공고,EHF0082,1,0114,***,케이블조립체(비차폐용),2022,EHF,미래전력사업전력운영계약팀,일반경쟁,총액제,적격심사제,202206201500,20220620,낙찰
정상공고,EHF0083,1,7300,***,22년 레이더 세트(보조선용 표면레이더)(구매),2022,EHF,미래전력사업전력운영계약팀,일반경쟁,총액제,적격심사제,202206201100,20220620,낙찰
정상공고,EHF0087,1,8010A,***,22년 천마 수리부속(궤도부품류),2022,EHF,미래전력사업전력운영계약팀,일반경쟁,총액제,적격심사제,202206201500,20220620,낙찰
정상공고,EHF0085,1,8647,***,22년 현궁 패널 부품(케이블류),2022,EHF,미래전력사업전력운영계약팀,제한경쟁,총액제,적격심사제,202206201430,20220620,낙찰
재공고,HCG0013,3,16222,***,차세대 미사일 방어 무기체계 발전 방향 연구,2022,HCG,공군본부,수의계약,총액제,최저가격제,202206201115,20220620,유찰
재공고,LDH0545,2,18976,***,정밀캐스팅자동화시스템 제조 설치,2022,LDH,육군종합정비창,2단계경쟁(동시),총액제,최저가격제,202206201300,20220620,낙찰
긴급공고,LDH0587,1,23868,***,(22-소-8) 00부대 철조망 자재납품,2022,LDH,육군종합정비창,제한경쟁,총액제,적격심사제,202206201330,20220620,낙찰
긴급공고,LGP0149,1,21947,001,'22-2차 식자재 다수품목 단가계약(경기서부),2022,LGP,제1군수지원사령부,2단계경쟁(동시),단가제,최저가격제,202206201100,20220620,낙찰
긴급공고,LGP0150,1,21950,001,'22-2차 식자재 다수품목 단가계약(경기남부),2022,LGP,제1군수지원사령부,2단계경쟁(동시),단가제,최저가격제,202206201100,20220620,낙찰
긴급공고,LGP0151,1,21952,001,'22-2차 식자재 다수품목 단가계약(경기북부),2022,LGP,제1군수지원사령부,2단계경쟁(동시),단가제,최저가격제,202206201100,20220620,낙찰
긴급공고,LGP0152,1,21955,001,'22-2차 식자재 다수품목 단가계약(강원동부),2022,LGP,제1군수지원사령부,2단계경쟁(동시),단가제,최저가격제,202206201100,20220620,낙찰
긴급공고,LGP0153,1,21960,001,'22-2차 식자재 다수품목 단가계약(강원서부),2022,LGP,제1군수지원사령부,2단계경쟁(동시),단가제,최저가격제,202206201100,20220620,낙찰
긴급공고,LMR0034,1,23589,***,(21-본1) 관급자재(자동제어) 제조설치,2022,LMR,제5군단사령부,일반경쟁,총액제,적격심사제,202206201100,20220620,낙찰
정상공고,MCD0022,1,21529,***,22년도 군 급식 및 피복 만족도 조사 연구용역,2022,MCD,국방부(운영지원과),협상에의한계약(전자),총액제,최저가격제,202206201030,20220620,낙찰
정정공고,MDD0066,4,11115,***,2022년 의무장비(혈액가스및전해질분석기) 구매,2022,MDD,국군수도병원,제한경쟁,총액제,적격심사제,202206201100,20220620,낙찰
재공고,MDD0087,2,18259,***,2022년 의무장비(혈액가온장치) 구매계약,2022,MDD,국군수도병원,제한경쟁,총액제,적격심사제,202206201100,20220620,낙찰
정정공고,MDD0092,2,21786,***,2022년 국군수도병원 수시의약품 6품목 구매계약,2022,MDD,국군수도병원,제한경쟁,총액제,적격심사제,202206201100,20220620,유찰
정정공고,MDG0147,2,23452,***,수도병원 승강기 교체,2022,MDG,국군의무사령부,제한경쟁,총액제,적격심사제,202206201100,20220620,낙찰
정상공고,UMM0338,1,16935,***,22-해 IoT 기술 활용 통신시설(맨홀) 관리시스템 구축,2022,UMM,국군재정관리단,2단계경쟁(동시),총액제,최저가격제,202206201030,20220620,낙찰
정상공고,UMM0458,1,17937,***,22-국-인쇄장비(디지털윤전시스템) 구매,2022,UMM,국군재정관리단,일반경쟁,총액제,적격심사제,202206201100,20220620,낙찰
긴급공고,UMM0317,1,19865,***,(22G088-A) VR 지뢰훈련시뮬레이터 선행연구용역,2022,UMM,국군재정관리단,2단계경쟁(동시),총액제,최저가격제,202206201100,20220620,낙찰
긴급공고,UMM0395,1,20072,***,'22년 해병대 CBT 교실 구축사업(228123-F),2022,UMM,국군재정관리단,2단계경쟁(동시),총액제,최저가격제,202206201300,20220620,낙찰
정상공고,UMM0452,1,20571,***,22-해-야전앰프 구매,2022,UMM,국군재정관리단,제한경쟁,총액제,적격심사제,202206201100,20220620,낙찰
정상공고,UMM0374,1,21642,***,(226159-F)관급자재(화물용 엘리베이터) 제조설치,2022,UMM,국군재정관리단,제한경쟁,총액제,적격심사제,202206201100,20220620,낙찰
정상공고,UMM0453,1,23005,***,22-공-전등유니트(휴대용) 구매(229013-G),2022,UMM,국군재정관리단,일반경쟁,총액제,적격심사제,202206201100,20220620,낙찰
정상공고,UMM0460,1,23125,***,22-공-보오스코우프 키트 구매(229095-D),2022,UMM,국군재정관리단,제한경쟁,총액제,적격심사제,202206201100,20220620,낙찰
정상공고,EBB0288,1,0922A,***,PKG 가스터빈(LM-500) 국부제어반 마이크로넷 정비,2022,EBB,지상공통전력운영계약팀,수의계약,총액제,적격심사제,202206171100,20220617,유찰
정상공고,EBB0284,1,1160,***,자주포 포탑부품류,2022,EBB,지상공통전력운영계약팀,제한경쟁,총액제,적격심사제,202206171030,20220617,순위확정
정상공고,EBB0282,1,1288,***,자주포 운영용 수리부속류,2022,EBB,지상공통전력운영계약팀,일반경쟁,총액제,적격심사제,202206171030,20220617,낙찰
정상공고,EBB0285,1,3016,***,22년 수입솔류,2022,EBB,지상공통전력운영계약팀,수의계약,총액제,적격심사제,202206171100,20220617,유찰
정상공고,EBB0286,1,5050,***,클램프류,2022,EBB,지상공통전력운영계약팀,수의계약,총액제,적격심사제,202206171100,20220617,유찰
정상공고,EBB0289,1,5330,***,22년 40밀리 연습유탄,2022,EBB,지상공통전력운영계약팀,수의계약,총액제,적격심사제,202206171100,20220617,유찰
정상공고,EBB0291,1,6303B,***,자동소화장치류,2022,EBB,지상공통전력운영계약팀,수의계약,총액제,적격심사제,202206171400,20220617,유찰
정상공고,EBB0277,1,6944,***,22년 장갑차 부품,2022,EBB,지상공통전력운영계약팀,수의계약,총액제,적격심사제,202206171100,20220617,유찰
정상공고,EBB0287,1,7440,***,실린더조립체(전차),2022,EBB,지상공통전력운영계약팀,수의계약,총액제,적격심사제,202206171100,20220617,순위확정
정상공고,EBB0290,1,9106,***,축 조립체류,2022,EBB,지상공통전력운영계약팀,제한경쟁,총액제,적격심사제,202206171100,20220617,낙찰
정상공고,EHF0086,1,0016A,***,22년 오리콘 부품(방아쇠조립체 등),2022,EHF,미래전력사업전력운영계약팀,제한경쟁,총액제,적격심사제,202206171400,20220617,낙찰
정상공고,EHF0077,1,0115,***,케이블조립체(통신장비용),2022,EHF,미래전력사업전력운영계약팀,일반경쟁,총액제,적격심사제,202206171100,20220617,낙찰
정상공고,EHF0075,1,0351A,***,GRC-512K 부품(구매),2022,EHF,미래전력사업전력운영계약팀,일반경쟁,총액제,적격심사제,202206171100,20220617,순위확정
재공고,EHF0064,2,0420A,***,VIC-7K/9K부품류,2022,EHF,미래전력사업전력운영계약팀,수의계약,총액제,적격심사제,202206171100,20220617,유찰
정상공고,EHF0078,1,2013,***,송수화기(H-920K) 및 부품,2022,EHF,미래전력사업전력운영계약팀,수의계약,총액제,적격심사제,202206171400,20220617,순위확정
정상공고,ESA0002,1,7309,***,신궁 창정비용 상용장비 및 일반공구,2022,ESA,유도무기총괄계약팀,제한경쟁,총액제,적격심사제,202206171100,20220617,낙찰
긴급공고,HCF0144,1,21351,***,다중구조물에 대한 비파괴검사 탐지기법 개발,2022,HCF,공군군수사령부,수의계약,총액제,최저가격제,202206171030,20220617,유찰
재공고,HCG0014,4,16501,***,최적의 우주기지 선정 연구,2022,HCG,공군본부,수의계약,총액제,최저가격제,202206171100,20220617,유찰
재공고,HDE0004,2,19487,***,항공무기정비분야 안전관리체계 고도화방안 연구용역,2022,HDE,공군항공안전단,수의계약,총액제,최저가격제,202206171100,20220617,유찰
긴급공고,HFK0024,1,23149,***,22-1여-용-5 문화재 시굴조사,2022,HFK,제1방공유도탄여단,제한경쟁,총액제,적격심사제,202206171030,20220617,낙찰
정상공고,LCF0124,1,21946,***,수레 수동식 등 4항목 구매(일반물자),2022,LCF,육군군수사령부,제한경쟁,총액제,적격심사제,202206171030,20220617,낙찰
긴급공고,LCG0062,1,23014,***,'22년 전반기 임용 예비전력관리자 근무복류 제조,2022,LCG,육군본부,제한경쟁,총액제,적격심사제,202206171030,20220617,낙찰
긴급공고,LHP0024,1,21637,001,22-2차 식자재 다수품목 단가계약,2022,LHP,제22보병사단,2단계경쟁(동시),단가제,최저가격제,202206171100,20220617,낙찰
정상공고,LKP0046,1,22803,***,'22년 정비피복 안전물자(안전화 등 4종) 구매,2022,LKP,5군수지원사령부,제한경쟁,총액제,적격심사제,202206171100,20220617,낙찰
정상공고,LQG0059,1,23134,***,(육성) 예비군부대 방탄방패 제조 납품,2022,LQG,육군 52보병사단,제한경쟁,총액제,적격심사제,202206171100,20220617,낙찰
정상공고,LQG0060,1,23136,***,(육성) 야전배낭 등 3종 제조 납품,2022,LQG,육군 52보병사단,제한경쟁,총액제,적격심사제,202206171100,20220617,유찰
정정공고,MDD0090,2,21205,***,22년 2-5차 의무비품 구매,2022,MDD,국군수도병원,제한경쟁,총액제,적격심사제,202206171100,20220617,낙찰
재공고,MDG0122,2,17648,***,22년 특수수술재료(수술재료3) 구매,2022,MDG,국군의무사령부,제한경쟁,총액제,적격심사제,202206171100,20220617,유찰
긴급공고,SCF0305,1,22193,***,(긴급) 메인스타팅밸브 1종 구매,2022,SCF,해군군수사령부,제한경쟁,총액제,적격심사제,202206171030,20220617,낙찰
정상공고,UAB0054,1,23139,***,동여주 체력단련장 승용식 로타리 구매,2022,UAB,국군복지단,일반경쟁,총액제,적격심사제,202206171700,20220617,유찰
정상공고,UMM0448,1,11000,***,22-국-동계 육군 행사복 코트 등 2종 제조,2022,UMM,국군재정관리단,제한경쟁,총액제,적격심사제,202206171100,20220617,낙찰
정상공고,UMM0373,1,17800,***,(227218-C)특수수술재료(수술재료4) 구매,2022,UMM,국군재정관리단,일반경쟁,총액제,적격심사제,202206171100,20220617,낙찰
정상공고,UMM0445,1,18486,***,22-공-소음측정 및 분석시스템 구매(229124-F),2022,UMM,국군재정관리단,제한경쟁,총액제,적격심사제,202206171100,20220617,낙찰
정상공고,UMM0369,1,20421,***,(226234-E) 군악기(피콜로 등 45종) 구매,2022,UMM,국군재정관리단,일반경쟁,총액제,적격심사제,202206171100,20220617,낙찰
정상공고,UMM0442,1,20776,***,해군잠수훈련장 리모델링 관급자재(관류형증기보일러),2022,UMM,국군재정관리단,제한경쟁,총액제,적격심사제,202206171100,20220617,낙찰
정상공고,UMM0370,1,21655,***,(226246-F)자동세척기 제조설치,2022,UMM,국군재정관리단,제한경쟁,총액제,적격심사제,202206171100,20220617,낙찰
정상공고,UMM0446,1,21903,***,22-K-교육훈련장 예초용역,2022,UMM,국군재정관리단,제한경쟁,총액제,적격심사제,202206171100,20220617,유찰
정상공고,UMM0371,1,22668,***,한미영상정보공유기반체계 노후교체사업(리스물건),2022,UMM,국군재정관리단,일반경쟁,총액제,적격심사제,202206171100,20220617,낙찰
정상공고,EBB0275,1,0467,***,가스켓류(함정),2022,EBB,지상공통전력운영계약팀,제한경쟁,총액제,적격심사제,202206161030,20220616,낙찰
재공고,EBB0121,2,1130B,***,"방열기,엔진냉각제용(포)",2022,EBB,지상공통전력운영계약팀,수의계약,총액제,적격심사제,202206161030,20220616,유찰
정상공고,EBB0269,1,1210,***,2022 KM9제독차셋트수리부속,2022,EBB,지상공통전력운영계약팀,일반경쟁,총액제,적격심사제,202206161100,20220616,낙찰
정상공고,EBB0266,1,1620,***,끈류,2022,EBB,지상공통전력운영계약팀,일반경쟁,총액제,적격심사제,202206161400,20220616,낙찰
정상공고,EBB0270,1,2130,***,K9 전동기 조립체,2022,EBB,지상공통전력운영계약팀,수의계약,총액제,적격심사제,202206161400,20220616,유찰
정상공고,EBB0276,1,4620,***,"격발장치,포용 등 4종",2022,EBB,지상공통전력운영계약팀,제한경쟁,총액제,적격심사제,202206161430,20220616,낙찰
정상공고,EBB0267,1,5345,***,22년 10.5밀리 고무탄,2022,EBB,지상공통전력운영계약팀,수의계약,총액제,적격심사제,202206161100,20220616,유찰
정상공고,EBB0273,1,9107A,***,브래킷 및 판류(사전의향서),2022,EBB,지상공통전력운영계약팀,제한경쟁,총액제,적격심사제,202206161100,20220616,낙찰
정상공고,EBB0272,1,9632,***,베어링류(제조),2022,EBB,지상공통전력운영계약팀,수의계약,총액제,적격심사제,202206161100,20220616,유찰
정상공고,EBB0255,1,MP007,***,함정 자기장 교정장비 성능 개선,2022,EBB,지상공통전력운영계약팀,수의계약,총액제,최저가격제,202206161500,20220616,유찰
정상공고,EHF0076,1,7510A,***,TICN 전원공급기 부품(구매),2022,EHF,미래전력사업전력운영계약팀,일반경쟁,총액제,적격심사제,202206161500,20220616,낙찰
긴급공고,HCF0155,1,18999,***,T-50계열 임무지원체계 유지보수,2022,HCF,공군군수사령부,수의계약,총액제,적격심사제,202206161030,20220616,유찰
긴급공고,HCF0153,1,20313,***,공군 CCTV 통합유지보수,2022,HCF,공군군수사령부,제한경쟁,총액제,적격심사제,202206161030,20220616,낙찰
긴급공고,HCF0152,1,22169,***,F-15K 정비훈련장비(MTD/WLT) 유지보수,2022,HCF,공군군수사령부,제한경쟁,총액제,적격심사제,202206161030,20220616,낙찰
정상공고,HCG0021,1,19535,***,공군 정보통신 준·부사관 특기체계 개선방안 연구,2022,HCG,공군본부,수의계약,총액제,최저가격제,202206161100,20220616,유찰
정상공고,HCG0025,1,20828,***,신기술 기반 공군 교육통합플랫폼 구축방안 연구,2022,HCG,공군본부,수의계약,총액제,최저가격제,202206161130,20220616,유찰
긴급공고,HDQ0044,1,19708,***,22-작전지휘시설 신축 분석평가 및 선행연구 용역,2022,HDQ,제20전투비행단,2단계경쟁(동시),총액제,최저가격제,202206161000,20220616,낙찰
재공고,LBB0043,2,21896,***,식용유 구매,2022,LBB,육군제7789부대,제한경쟁,총액제,적격심사제,202206161030,20220616,낙찰
재공고,LCF0122,2,20512,***,보존식용기 등 2항목 제조(일반물자),2022,LCF,육군군수사령부,수의계약,총액제,적격심사제,202206161030,20220616,유찰
정상공고,LCF0404,1,21568,***,방수포 등 3항목 제조(기장),2022,LCF,육군군수사령부,수의계약,총액제,적격심사제,202206161030,20220616,유찰
정상공고,LDG0035,1,22221,***,'22년 탄약폐기물(폐탄포 등 2개 품목) 위탁처리 용역,2022,LDG,육군 탄약지원사령부,제한경쟁,총액제,적격심사제,202206161030,20220616,낙찰
정상공고,LDG0039,1,22224,***,'22년 탄약폐기물(폐지환통) 위탁처리 용역,2022,LDG,육군 탄약지원사령부,제한경쟁,총액제,적격심사제,202206161030,20220616,낙찰
재공고,LGP0134,2,20044,***,22년 식자재 민간위탁 배송 용역(수방사),2022,LGP,제1군수지원사령부,일반경쟁,총액제,적격심사제,202206161100,20220616,낙찰
재공고,LGP0136,2,20057,***,22년 식자재 민간위탁 배송 용역(수도군단),2022,LGP,제1군수지원사령부,일반경쟁,총액제,적격심사제,202206161100,20220616,낙찰
긴급공고,LGP0157,1,23075,***,이전사업 관급자재(기계-보일러),2022,LGP,제1군수지원사령부,제한경쟁,총액제,적격심사제,202206161030,20220616,낙찰
긴급공고,LGP0159,1,23133,001,22년 제헌절 경축특식 음료 구매,2022,LGP,제1군수지원사령부,제한경쟁,단가제,적격심사제,202206161100,20220616,낙찰
긴급공고,LGP0160,1,23135,001,22년 제헌절 경축특식 조각케익,2022,LGP,제1군수지원사령부,제한경쟁,단가제,적격심사제,202206161100,20220616,낙찰
정상공고,LIK0085,1,22552,***,'22년 식자재 민간위탁 배송용역,2022,LIK,제2군수지원여단,제한경쟁,총액제,적격심사제,202206161030,20220616,낙찰
긴급공고,LKT0041,1,22997,***,"'22년 후드, 덕트 청소 용역",2022,LKT,제1989부대,제한경쟁,총액제,적격심사제,202206161030,20220616,낙찰
정상공고,LMB0004,1,22345,***,총기 박스 등 4개품목 제조 납품,2022,LMB,제8278부대,수의계약,총액제,적격심사제,202206161030,20220616,유찰
정상공고,LPF0020,1,19498,001,22년 예비군도시락 제조납품(1권역),2022,LPF,제51보병사단,수의계약,단가제,적격심사제,202206161000,20220616,유찰
정상공고,LPF0019,1,19499,001,22년 예비군도시락 제조납품(2권역),2022,LPF,제51보병사단,2단계경쟁(동시),단가제,적격심사제,202206161000,20220616,낙찰
긴급공고,SCF0276,1,04059,***,"구명구, 조끼형 1종 구매",2022,SCF,해군군수사령부,제한경쟁,총액제,적격심사제,202206161030,20220616,순위확정
긴급공고,SCF0061,1,10494,***,다중복합감시체계 유지보수 용역,2022,SCF,해군군수사령부,일반경쟁,총액제,적격심사제,202206161030,20220616,유찰
긴급공고,SCF0059,1,14794,***,DDH-II / FFG-II 마스트 전파 흡수재 시공 외주정비,2022,SCF,해군군수사령부,수의계약,총액제,적격심사제,202206161030,20220616,유찰
긴급공고,SCF0058,1,18423,***,잠수함(SS-I) 디젤 및 축전지 감시장치 정비,2022,SCF,해군군수사령부,일반경쟁,총액제,적격심사제,202206161030,20220616,낙찰
긴급공고,SCF0057,1,22079,***,잠수함 잠망경 헤드윈도우 정비,2022,SCF,해군군수사령부,일반경쟁,총액제,적격심사제,202206161030,20220616,낙찰
긴급공고,SCF0303,1,22305,***,"(긴급)기어 작동기,회전형 등 2종 구매",2022,SCF,해군군수사령부,제한경쟁,총액제,적격심사제,202206161030,20220616,낙찰
정상공고,UMM0192,1,08604,***,(226090-F)화력장비(복합레일K-1A용)구매설치제안사업,2022,UMM,국군재정관리단,2단계경쟁(동시),총액제,최저가격제,202206161100,20220616,낙찰
정상공고,UMM0435,1,09731,***,22-공-야간투시경 제조,2022,UMM,국군재정관리단,수의계약,총액제,적격심사제,202206161100,20220616,유찰
재공고,UMM0373,2,11328,***,22-공-자동차정비 공구세트 구매,2022,UMM,국군재정관리단,제한경쟁,총액제,적격심사제,202206161100,20220616,낙찰
긴급공고,UMM0382,1,19772,***,(22F141-I) 제초관리용역,2022,UMM,국군재정관리단,제한경쟁,총액제,적격심사제,202206161100,20220616,낙찰
정상공고,UMM0357,1,20437,***,(226117-B) 위생용 침대매드 등 3품목 구매,2022,UMM,국군재정관리단,제한경쟁,총액제,적격심사제,202206161100,20220616,낙찰
정상공고,UMM0366,1,20630,***,(226178-E) 특정지역 대테러복류 제조납품,2022,UMM,국군재정관리단,제한경쟁,총액제,적격심사제,202206161100,20220616,낙찰
정상공고,UMM0433,1,20682,***,22-평 동원선박(화물선 등 7척) 임차 용역,2022,UMM,국군재정관리단,일반경쟁,총액제,적격심사제,202206161100,20220616,낙찰
정상공고,UMM0438,1,22474,***,22-공-세척재료(종이타올) 구매(229064-D),2022,UMM,국군재정관리단,제한경쟁,총액제,적격심사제,202206161100,20220616,낙찰
정상공고,UMM0439,1,22486,***,22-공-자동산개기 구매(229101-D),2022,UMM,국군재정관리단,제한경쟁,총액제,적격심사제,202206161100,20220616,낙찰
긴급공고,UMM0375,1,23061,***,(22F116-A) 보급근무분야 민간위탁 용역(양주 덕정),2022,UMM,국군재정관리단,일반경쟁,총액제,적격심사제,202206161100,20220616,낙찰
긴급공고,UMM0376,1,23084,***,(22F112-A) 22년 근무분야 민간위탁 용역(경기 고양),2022,UMM,국군재정관리단,일반경쟁,총액제,적격심사제,202206161100,20220616,낙찰
재공고,EBB0233,2,1030,***,장비 일반고무제품류,2022,EBB,지상공통전력운영계약팀,수의계약,총액제,적격심사제,202206151400,20220615,유찰
정상공고,EBB0262,1,1100,***,군용 트레일러,2022,EBB,지상공통전력운영계약팀,제한경쟁,총액제,적격심사제,202206151100,20220615,낙찰
정상공고,EBB0261,1,4030K,***,유압유 플러싱 장비류,2022,EBB,지상공통전력운영계약팀,일반경쟁,총액제,적격심사제,202206151400,20220615,낙찰
정상공고,EBB0265,1,6330,***,전기식 와이퍼모타,2022,EBB,지상공통전력운영계약팀,수의계약,총액제,적격심사제,202206151100,20220615,유찰
정상공고,EBB0263,1,8365,***,호로대,2022,EBB,지상공통전력운영계약팀,수의계약,총액제,적격심사제,202206151100,20220615,유찰
정상공고,EBB0264,1,9021,***,씰조립체,2022,EBB,지상공통전력운영계약팀,수의계약,총액제,적격심사제,202206151100,20220615,유찰
정상공고,EBB0259,1,MP006,***,항만경비정 자이로 교체,2022,EBB,지상공통전력운영계약팀,2단계경쟁(동시),총액제,최저가격제,202206151500,20220615,낙찰
정상공고,EHF0074,1,4000,***,냉난방기 HD-701K 부품(구매),2022,EHF,미래전력사업전력운영계약팀,수의계약,총액제,적격심사제,202206151100,20220615,순위확정
재공고,ETA0001,2,5102,***,해상감시레이더-II 양산사업 일반공구,2022,ETA,감시전자총괄계약팀,일반경쟁,총액제,적격심사제,202206151430,20220615,유찰
재공고,HCF0119,2,18783,***,냉동고기 슬라이서 등 2종 구매,2022,HCF,공군군수사령부,수의계약,총액제,적격심사제,202206151030,20220615,유찰
긴급공고,HCF0151,1,19818,***,기지무선통신체계 유지보수,2022,HCF,공군군수사령부,제한경쟁,총액제,적격심사제,202206151030,20220615,낙찰
긴급공고,HFK0023,1,23027,***,'22년 간부식당 식자재(김치) 납품,2022,HFK,제1방공유도탄여단,수의계약,총액제,적격심사제,202206151430,20220615,유찰
긴급공고,LBB0045,1,22718,***,22년 ASP 방화지대 구축 용역,2022,LBB,육군제7789부대,제한경쟁,총액제,적격심사제,202206151030,20220615,낙찰
재공고,LCF0116,2,18194,***,조임기 회전각도용 등 27항목 구매(총포공구),2022,LCF,육군군수사령부,제한경쟁,총액제,적격심사제,202206151030,20220615,순위확정
재공고,LCF0401,2,21542,***,"필터 본체,유체용 등 25항목 제조(생산능력, 기장)",2022,LCF,육군군수사령부,수의계약,총액제,적격심사제,202206151030,20220615,유찰
정상공고,LDG0031,1,21555,***,155밀리 백색(7호) 추진장약 점화제 보호캡 구매,2022,LDG,육군 탄약지원사령부,제한경쟁,총액제,적격심사제,202206151030,20220615,낙찰
정상공고,LDG0033,1,22242,***,과학화경계시스템 외주정비 용역(대전),2022,LDG,육군 탄약지원사령부,일반경쟁,총액제,적격심사제,202206151030,20220615,낙찰
정상공고,LDG0036,1,22244,***,과학화경계시스템 외주정비 용역(천안),2022,LDG,육군 탄약지원사령부,일반경쟁,총액제,적격심사제,202206151030,20220615,낙찰
정상공고,LDG0037,1,22245,***,과학화경계시스템 외주정비 용역(임실),2022,LDG,육군 탄약지원사령부,일반경쟁,총액제,적격심사제,202206151030,20220615,낙찰
정상공고,LDG0038,1,22247,***,과학화경계시스템 외주정비 용역(영동),2022,LDG,육군 탄약지원사령부,일반경쟁,총액제,적격심사제,202206151030,20220615,낙찰
긴급공고,LFC0058,1,22824,***,경쟁계약 품목(미니떡 스테이크 등 50개품목)구매,2022,LFC,육군훈련소,제한경쟁,총액제,적격심사제,202206151030,20220615,낙찰
긴급공고,LHP0027,1,22521,***,GOP대대 화면전시체계 구축사업(리스물건),2022,LHP,제22보병사단,제한경쟁,총액제,적격심사제,202206151100,20220615,낙찰
긴급공고,LNQ0026,1,19427,001,'22년 예비군 도시락 제조납품(1권역),2022,LNQ,제17보병사단,2단계경쟁(동시),단가제,최저가격제,202206151400,20220615,낙찰
긴급공고,LNQ0027,1,19428,001,'22년 예비군 도시락 제조납품(2권역),2022,LNQ,제17보병사단,2단계경쟁(동시),단가제,최저가격제,202206151400,20220615,유찰
긴급공고,LNR0012,1,22633,001,22-2차 식재료 구매(3개월 분),2022,LNR,수도기계화보병사단,일반경쟁,단가제,적격심사제,202206151100,20220615,낙찰
긴급공고,MCM0003,1,18215,***,사이버위험평가 방법 및 군 적용방안 연구,2022,MCM,4284부대,수의계약,총액제,최저가격제,202206151030,20220615,유찰
정상공고,MDG0143,1,21740,***,22년 병영도서관 도서 구매,2022,MDG,국군의무사령부,제한경쟁,총액제,적격심사제,202206151100,20220615,낙찰
긴급공고,MDS0013,1,22881,***,'22년 냉/난방기 설치납품,2022,MDS,제3707부대,제한경쟁,총액제,적격심사제,202206151030,20220615,낙찰
재공고,SCF0119,2,05469,***,"시일 조립체, 굴대용, 용수철부하식 등 5종 구매",2022,SCF,해군군수사령부,제한경쟁,총액제,적격심사제,202206151030,20220615,낙찰
재공고,SCF0245,2,13320,***,"갑판피복, 경량급, 미끄럼방지용 구매",2022,SCF,해군군수사령부,제한경쟁,총액제,적격심사제,202206151030,20220615,낙찰
재공고,SCF0250,2,17040,***,무인항공기(UAV) 전지조립체 97EA 구매,2022,SCF,해군군수사령부,제한경쟁,총액제,적격심사제,202206151030,20220615,낙찰
재공고,SCF0227,2,17061,***,조절기 등 21종 구매,2022,SCF,해군군수사령부,제한경쟁,총액제,적격심사제,202206151030,20220615,순위확정
긴급공고,SCF0271,1,17478,***,"축, 직선형 등 17종 구매",2022,SCF,해군군수사령부,일반경쟁,총액제,적격심사제,202206151030,20220615,순위확정
긴급공고,SCF0272,1,18305,***,"실린더조립체, 공기식 등 5종 구매",2022,SCF,해군군수사령부,제한경쟁,총액제,적격심사제,202206151030,20220615,순위확정
긴급공고,SCF0269,1,19877,***,전원공급기 등 3종 구매,2022,SCF,해군군수사령부,제한경쟁,총액제,적격심사제,202206151030,20220615,낙찰
긴급공고,SCF0268,1,20769,***,"게이지, 압력측정용, 문자판식 등 6종 구매",2022,SCF,해군군수사령부,제한경쟁,총액제,적격심사제,202206151030,20220615,낙찰
긴급공고,SCF0273,1,20900,***,케이블 타이 등 226종 구매,2022,SCF,해군군수사령부,제한경쟁,총액제,적격심사제,202206151030,20220615,낙찰
긴급공고,SCF0301,1,21627,***,(긴급)3D 프린터 울템 재료 카트리지,2022,SCF,해군군수사령부,제한경쟁,총액제,적격심사제,202206151030,20220615,낙찰
긴급공고,SCF0270,1,21677,***,컬러잉크 등 88종 구매,2022,SCF,해군군수사령부,제한경쟁,총액제,적격심사제,202206151030,20220615,낙찰
긴급공고,SCF0302,1,22688,***,(긴급) 높이조절작업대 등 10종,2022,SCF,해군군수사령부,제한경쟁,총액제,적격심사제,202206151030,20220615,유찰
긴급공고,SCF0274,1,22826,***,파라핀 수욕조 2EA 구매,2022,SCF,해군군수사령부,수의계약,총액제,적격심사제,202206151030,20220615,순위확정
긴급공고,SCF0275,1,22848,***,수욕기 다리치료용 2EA 구매,2022,SCF,해군군수사령부,수의계약,총액제,적격심사제,202206151030,20220615,순위확정
정상공고,UMM0348,1,15230,***,(226180-C)빔프로젝터 도입사업 구매(리스물건),2022,UMM,국군재정관리단,일반경쟁,총액제,적격심사제,202206151100,20220615,낙찰
정상공고,UMM0356,1,16162,***,(227206-C) 장비운영소모품 구매 (병리8),2022,UMM,국군재정관리단,일반경쟁,총액제,적격심사제,202206151100,20220615,유찰
정상공고,UMM0355,1,16817,***,(227172-C)소형 잠수자 추진기 구매,2022,UMM,국군재정관리단,제한경쟁,총액제,적격심사제,202206151100,20220615,낙찰
긴급공고,UMM0450,1,17110,***,22-해-00시설사업 GHP 제조,2022,UMM,국군재정관리단,일반경쟁,총액제,적격심사제,202206151100,20220615,낙찰
긴급공고,UMM0451,1,20061,***,22-덕-조경관리 용역(22H096-H),2022,UMM,국군재정관리단,제한경쟁,총액제,적격심사제,202206151100,20220615,낙찰
정상공고,UMM0353,1,20808,***,(226238-F) 빔프로젝터 램프 및 프린터 토너 구매,2022,UMM,국군재정관리단,제한경쟁,총액제,적격심사제,202206151100,20220615,낙찰
정정공고,UMM0423,2,21083,***,자운대 식기세척기 임차 용역,2022,UMM,국군재정관리단,제한경쟁,총액제,적격심사제,202206151100,20220615,낙찰
정상공고,UMM0354,1,22167,***,(226201-C) 화재진압장비 구매,2022,UMM,국군재정관리단,제한경쟁,총액제,적격심사제,202206151100,20220615,낙찰
정상공고,UMM0432,1,22186,***,22-국-감정장비(디지털현미경) 구매,2022,UMM,국군재정관리단,제한경쟁,총액제,적격심사제,202206151100,20220615,낙찰
재공고,EAD0001,2,22F01,***,FMS 항공운송(전 군),2022,EAD,북미지역협력담당관,수의계약,단가제,적격심사제,202206141430,20220614,유찰
재공고,EAD0002,2,22F02,***,"FMS 해상운송(공군, 국직)",2022,EAD,북미지역협력담당관,수의계약,단가제,적격심사제,202206141430,20220614,유찰
재공고,EAD0003,2,22F03,***,"FMS 해상운송(육군, 해군)",2022,EAD,북미지역협력담당관,수의계약,단가제,적격심사제,202206141430,20220614,유찰
정상공고,EBB0254,1,0074,***,22년 무반동총 축사기류,2022,EBB,지상공통전력운영계약팀,수의계약,총액제,적격심사제,202206141430,20220614,유찰
재공고,EBB0204,2,0202H,***,"전지,재충전불가식(BA-3517)",2022,EBB,지상공통전력운영계약팀,일반경쟁,총액제,적격심사제,202206141100,20220614,유찰
재공고,EBB0225,2,0760,***,연료유ㆍ윤활유 정유기,2022,EBB,지상공통전력운영계약팀,수의계약,총액제,적격심사제,202206141100,20220614,유찰
정상공고,EBB0257,1,5870,***,22년 25파운드 연습탄,2022,EBB,지상공통전력운영계약팀,수의계약,총액제,적격심사제,202206141430,20220614,유찰
정상공고,EBB0256,1,5950,***,22년 조류퇴치탄,2022,EBB,지상공통전력운영계약팀,수의계약,총액제,적격심사제,202206141430,20220614,유찰
정상공고,EBB0253,1,8355,***,타이어체인,2022,EBB,지상공통전력운영계약팀,일반경쟁,총액제,적격심사제,202206141100,20220614,낙찰
정상공고,EHF0071,1,0353,***,VHF무전기용 마스트류,2022,EHF,미래전력사업전력운영계약팀,수의계약,총액제,적격심사제,202206141100,20220614,유찰
정상공고,EHF0070,1,0413A,***,PRC-999K부품(구매),2022,EHF,미래전력사업전력운영계약팀,일반경쟁,총액제,적격심사제,202206141500,20220614,낙찰
정상공고,EHF0073,1,1300,***,안테나조립체(AS-992K)및부품,2022,EHF,미래전력사업전력운영계약팀,일반경쟁,총액제,적격심사제,202206141700,20220614,낙찰
정상공고,EHF0072,1,2032A,***,함정용안테나부품(구매),2022,EHF,미래전력사업전력운영계약팀,제한경쟁,총액제,적격심사제,202206141700,20220614,유찰
정상공고,EHF0068,1,2702C,***,22년 모터용 증폭기(구매),2022,EHF,미래전력사업전력운영계약팀,수의계약,총액제,적격심사제,202206141500,20220614,순위확정
재공고,ELA0018,2,6220,***,휴대용제독기,2022,ELA,화력총괄계약팀,수의계약,총액제,적격심사제,202206141030,20220614,유찰
정상공고,ELA0020,1,8520,***,일반 공구류(230mm급 다련장 2차 양산),2022,ELA,화력총괄계약팀,제한경쟁,총액제,적격심사제,202206141430,20220614,낙찰
정상공고,EPA0008,1,4002,***,"항공기 급유차(5,000 G/L)",2022,EPA,항공기총괄계약팀,수의계약,총액제,적격심사제,202206141400,20220614,유찰
긴급공고,HCC0061,1,22532,***,"플랜지, 파이프 용 등 4종 구매",2022,HCC,해군제1수리창,제한경쟁,총액제,적격심사제,202206141030,20220614,낙찰
긴급공고,HCC0062,1,22534,***,"패널, 모니터 구매(111)",2022,HCC,해군제1수리창,제한경쟁,총액제,적격심사제,202206141030,20220614,낙찰
긴급공고,HCC0063,1,22538,***,"양극, 부식방지용 등 4종 구매(118)",2022,HCC,해군제1수리창,제한경쟁,총액제,적격심사제,202206141030,20220614,낙찰
긴급공고,HCC0064,1,22543,***,소프트웨어(TYPE-3 V13) 구매(22-6),2022,HCC,해군제1수리창,제한경쟁,총액제,적격심사제,202206141030,20220614,순위확정
긴급공고,HCC0065,1,22551,***,"등, 마루용 등 2종 구매(119)",2022,HCC,해군제1수리창,제한경쟁,총액제,적격심사제,202206141030,20220614,낙찰
긴급공고,HCF0149,1,19486,***,공군 LAN/교환기 유지보수,2022,HCF,공군군수사령부,제한경쟁,총액제,적격심사제,202206141030,20220614,유찰
재공고,LCF0113,2,18189,***,프레스 아버용 수동식 등 9항목 제조(총포공구),2022,LCF,육군군수사령부,수의계약,총액제,적격심사제,202206141030,20220614,순위확정
재공고,LCF0119,2,18702,***,"전지,재충전불가식 망간전지 등 2항목 구매(일반물자)",2022,LCF,육군군수사령부,제한경쟁,총액제,적격심사제,202206141030,20220614,낙찰
재공고,LCF0391,2,19868,***,"챠트,시력검사용 등 10항목 구매(의무)",2022,LCF,육군군수사령부,수의계약,총액제,적격심사제,202206141130,20220614,유찰
재공고,LCF0397,2,21312,***,"덮개,입구용 등 28항목 제조(생산능력, 기장)",2022,LCF,육군군수사령부,수의계약,총액제,적격심사제,202206141030,20220614,유찰
긴급공고,LCK0026,1,22320,***,22년 과학화경계시스템(CCTV) 외주정비 용역(22-041),2022,LCK,수도방위사령부,제한경쟁,총액제,적격심사제,202206141030,20220614,낙찰
긴급공고,LCK0027,1,22324,***,22년 전파차단장비 외주정비 용역(22-043),2022,LCK,수도방위사령부,수의계약,총액제,적격심사제,202206141030,20220614,유찰
재공고,LHR0024,2,21417,001,(육성)[청주] `22년 예비군 전세 버스 수송 용역,2022,LHR,육군 제37보병사단,수의계약,단가제,적격심사제,202206141030,20220614,유찰
정상공고,MHD0046,1,16329,***,방위사업 교육포털시스템 구축사업,2022,MHD,방위사업청(운영지원과),협상에의한계약(전자),총액제,최저가격제,202206141500,20220614,낙찰
재공고,SCF0244,2,10006,***,축전지 56EA 구매,2022,SCF,해군군수사령부,제한경쟁,총액제,적격심사제,202206141030,20220614,순위확정
긴급공고,SCF0261,1,11083,***,부동액 구매,2022,SCF,해군군수사령부,제한경쟁,총액제,적격심사제,202206141030,20220614,순위확정
재공고,SCF0220,2,11460,***,"테이프, 절연용, 전기용 등 2종 구매",2022,SCF,해군군수사령부,제한경쟁,총액제,적격심사제,202206141030,20220614,낙찰
긴급공고,SCF0262,1,15020,***,분배함 등 2종 구매,2022,SCF,해군군수사령부,제한경쟁,총액제,적격심사제,202206141030,20220614,순위확정
긴급공고,SCF0055,1,16968,***,DDH-ll 음압격실 개조정비(2차),2022,SCF,해군군수사령부,일반경쟁,총액제,적격심사제,202206141030,20220614,낙찰
재공고,SCF0293,2,17915,***,"(긴급)밸브,나비형 등 3종 구매",2022,SCF,해군군수사령부,제한경쟁,총액제,적격심사제,202206141030,20220614,낙찰
재공고,SCF0260,2,17918,***,(긴급)방향제어밸브 1종 구매,2022,SCF,해군군수사령부,제한경쟁,총액제,적격심사제,202206141030,20220614,유찰
긴급공고,SCF0258,1,19784,***,"카메라, 텔레비전용 등 4종 제조",2022,SCF,해군군수사령부,제한경쟁,총액제,적격심사제,202206141030,20220614,순위확정
긴급공고,SCF0259,1,20675,***,"공구키트, 탄약 정비용 4EA 제조",2022,SCF,해군군수사령부,제한경쟁,총액제,적격심사제,202206141030,20220614,낙찰
긴급공고,SCF0265,1,20775,***,이동식 파렛 랩핑기 2SET 구매,2022,SCF,해군군수사령부,제한경쟁,총액제,적격심사제,202206141030,20220614,낙찰
긴급공고,SCF0264,1,20816,***,"파이프 조립체, 금속제등 15종 구매",2022,SCF,해군군수사령부,제한경쟁,총액제,적격심사제,202206141030,20220614,낙찰
긴급공고,SCF0266,1,21913,***,"박스, 플라스틱(대) 등 2종 제조",2022,SCF,해군군수사령부,제한경쟁,총액제,적격심사제,202206141030,20220614,낙찰
긴급공고,SCF0263,1,22155,***,전원공급기 등 2종 구매,2022,SCF,해군군수사령부,제한경쟁,총액제,적격심사제,202206141030,20220614,순위확정
긴급공고,SCF0056,1,22483,***,잠수함(SS-II) DC 충전연결구 케이블 조립체 정비,2022,SCF,해군군수사령부,일반경쟁,총액제,적격심사제,202206141030,20220614,유찰
긴급공고,SCF0267,1,22489,***,수중용 캠 등 6종 구매,2022,SCF,해군군수사령부,제한경쟁,총액제,적격심사제,202206141030,20220614,순위확정
정상공고,UAB0045,1,19033,***,22-23년 국군복지단 식자재 구매,2022,UAB,국군복지단,2단계경쟁(동시),총액제,최저가격제,202206141500,20220614,유찰
긴급공고,UMM0288,1,12457,***,(22F084-A)수도군단 군 사격장 소음영향도 조사 용역,2022,UMM,국군재정관리단,수의계약,총액제,적격심사제,202206141100,20220614,유찰
긴급공고,UMM0436,1,16294,***,22-해-00창 관급자재 수중펌프 제조,2022,UMM,국군재정관리단,제한경쟁,총액제,적격심사제,202206141100,20220614,낙찰
긴급공고,UMM0297,1,16469,***,(22F089-I) 00부대 군 사격장 소음영향도 조사 용역,2022,UMM,국군재정관리단,일반경쟁,총액제,적격심사제,202206141100,20220614,낙찰
긴급공고,UMM0290,1,16506,***,(22F102-A)교육사 소음영향도 조사용역,2022,UMM,국군재정관리단,일반경쟁,총액제,적격심사제,202206141100,20220614,낙찰
긴급공고,UMM0291,1,16512,***,(22F092-A) 8군단 소음영향도 조사 용역,2022,UMM,국군재정관리단,일반경쟁,총액제,적격심사제,202206141100,20220614,낙찰
긴급공고,UMM0293,1,16536,***,(22F100-A) 2작전사령부 소음영향도 조사용역,2022,UMM,국군재정관리단,일반경쟁,총액제,적격심사제,202206141100,20220614,유찰
긴급공고,UMM0292,1,16554,***,((22F104-A) 7군단  소음영향도 평가 조사용역,2022,UMM,국군재정관리단,일반경쟁,총액제,적격심사제,202206141100,20220614,낙찰
긴급공고,UMM0430,1,17135,***,22-해-00시설사업 관급자재(통합배선반)제조설치,2022,UMM,국군재정관리단,제한경쟁,총액제,적격심사제,202206141100,20220614,낙찰
긴급공고,UMM0296,1,18527,***,(22F101-I) 00부대 군 사격장 소음영향도 조사 용역,2022,UMM,국군재정관리단,일반경쟁,총액제,적격심사제,202206141100,20220614,유찰
긴급공고,UMM0358,1,20409,***,(22F142-A) 56사단 제초관리 용역,2022,UMM,국군재정관리단,제한경쟁,총액제,적격심사제,202206141100,20220614,낙찰
긴급공고,UMM0359,1,20423,***,(226226-F)재난구조장비 구매,2022,UMM,국군재정관리단,일반경쟁,총액제,적격심사제,202206141100,20220614,낙찰
연기공고,UMM0419,2,21345,***,'22년 공군 무기체계 사이버취약점 점검도구 구축,2022,UMM,국군재정관리단,일반경쟁,총액제,적격심사제,202206141100,20220614,낙찰
긴급공고,UMM0431,1,22139,***,22-김해기지 일반(공통)구역 제초 용역(수정),2022,UMM,국군재정관리단,제한경쟁,총액제,적격심사제,202206141100,20220614,낙찰
긴급공고,UMM0362,1,22437,***,(22F086-A)유해환경근무자 특수건강진단 위탁용역,2022,UMM,국군재정관리단,일반경쟁,총액제,적격심사제,202206141100,20220614,낙찰
긴급공고,UMM0363,1,22527,***,(22F111-I) '22년 근무분야 민간위탁 용역(강원 춘천),2022,UMM,국군재정관리단,일반경쟁,총액제,적격심사제,202206141100,20220614,낙찰
긴급공고,UMM0364,1,22533,***,(22F115-I) 보급근무분야 민간위탁 용역(인천 부평),2022,UMM,국군재정관리단,일반경쟁,총액제,적격심사제,202206141100,20220614,낙찰
긴급공고,UMM0365,1,22542,***,(22F117-I) 보급근무분야 민간위탁 용역(강원 강릉),2022,UMM,국군재정관리단,일반경쟁,총액제,적격심사제,202206141100,20220614,낙찰
긴급공고,UMM0367,1,22550,***,(22F129-I) 보급부대 근무분야 민간위탁(경기 포천),2022,UMM,국군재정관리단,일반경쟁,총액제,적격심사제,202206141100,20220614,낙찰
정상공고,UMM0440,1,22553,***,22-해-앵카윈드라스 세트 6EA 제조 설치,2022,UMM,국군재정관리단,일반경쟁,총액제,적격심사제,202206141100,20220614,낙찰
정정공고,DSS0031,2,19233,***,국방 사이버보안 경진대회 문제구현 용역,2022,DSS,국군제1068부대,수의계약,총액제,최저가격제,202206131030,20220613,유찰
정상공고,HCR0019,1,19520,***,15비 부대소개영화 제작 용역,2022,HCR,공군제15특수임무비행단,2단계경쟁(동시),총액제,최저가격제,202206131100,20220613,낙찰
정상공고,LCF0364,1,09973,***,"소총전술라이트 등 1항목 구매(대테러,총포)",2022,LCF,육군군수사령부,2단계경쟁(동시),총액제,최저가격제,202206131500,20220613,낙찰
정상공고,LIK0079,1,21925,***,'22년 주둔지(춘천) 제초 용역,2022,LIK,제2군수지원여단,제한경쟁,총액제,적격심사제,202206131030,20220613,낙찰
정상공고,LIK0080,1,21951,***,'22년 ASP 방화지대(춘천) 구축 용역,2022,LIK,제2군수지원여단,제한경쟁,총액제,적격심사제,202206131030,20220613,낙찰
정상공고,LIK0081,1,21954,***,'22년 ASP 방화지대(가평) 구축 용역,2022,LIK,제2군수지원여단,제한경쟁,총액제,적격심사제,202206131030,20220613,낙찰
재공고,LMP0031,2,21154,001,6·7월 부대조달 급식 식자재 장유류 계약,2022,LMP,제3보병사단,제한경쟁,단가제,적격심사제,202206131100,20220613,유찰
긴급공고,MHD0055,1,21064,***,방위사업 원가계산 외부용역(7차),2022,MHD,방위사업청(운영지원과),협상에의한계약(전자),총액제,최저가격제,202206131400,20220613,낙찰
재공고,SEE0023,2,20658,***,전투부식(차돌 된장찌개 등 15품목) 구매,2022,SEE,제9해병여단,제한경쟁,총액제,적격심사제,202206131030,20220613,낙찰
긴급공고,SFC0074,1,22032,***,의약품 스틸녹스 등 64품목 구매,2022,SFC,제9691부대,제한경쟁,총액제,적격심사제,202206131100,20220613,낙찰
긴급공고,SFC0075,1,22033,***,의료기기(소형 소독기) 구매,2022,SFC,제9691부대,제한경쟁,총액제,적격심사제,202206131100,20220613,낙찰
긴급공고,SFC0076,1,22035,***,의료기기(원심분리기) 등 5품목 구매,2022,SFC,제9691부대,제한경쟁,총액제,적격심사제,202206131100,20220613,낙찰
정상공고,UMM0427,1,12061,***,22-국-과학화 출입통제체계 제조 설치(2210033-F),2022,UMM,국군재정관리단,제한경쟁,총액제,적격심사제,202206131100,20220613,낙찰
긴급공고,UMM0248,1,12538,***,'22년 LAN 교체사업(리스물건),2022,UMM,국군재정관리단,2단계경쟁(동시),총액제,최저가격제,202206131300,20220613,낙찰
긴급공고,UMM0277,1,17101,***,(22G021-H)국방사이버 보안지원체계개발 ISP사업,2022,UMM,국군재정관리단,협상에의한계약(전자),총액제,최저가격제,202206131400,20220613,낙찰
정상공고,UMM0429,1,17126,***,22-해-소형화물승강기 4EA 제조설치,2022,UMM,국군재정관리단,일반경쟁,총액제,적격심사제,202206131100,20220613,낙찰
정상공고,UMM0352,1,19210,***,(226220-F)발광분광 분석기 구매,2022,UMM,국군재정관리단,일반경쟁,총액제,적격심사제,202206131100,20220613,낙찰
정상공고,UMM0424,1,19731,***,22-해-12인치 탐조등 6EA 제조,2022,UMM,국군재정관리단,제한경쟁,총액제,적격심사제,202206131100,20220613,유찰
정상공고,UMM0428,1,21790,***,22-공-트랙터 제조,2022,UMM,국군재정관리단,일반경쟁,총액제,적격심사제,202206131100,20220613,낙찰
정상공고,EBB0240,1,1624,***,상자/바스켓류,2022,EBB,지상공통전력운영계약팀,제한경쟁,총액제,적격심사제,202206101400,20220610,낙찰
정상공고,EBB0250,1,5033,***,22년 적재훈련탄류,2022,EBB,지상공통전력운영계약팀,일반경쟁,총액제,적격심사제,202206101100,20220610,낙찰
정상공고,EBB0249,1,5337,***,22년 항공연막통,2022,EBB,지상공통전력운영계약팀,수의계약,총액제,적격심사제,202206101100,20220610,유찰
정상공고,EBB0245,1,6321,***,와이퍼모타(에어식),2022,EBB,지상공통전력운영계약팀,일반경쟁,총액제,적격심사제,202206101100,20220610,유찰
정상공고,EBB0246,1,7970,***,"판조립체, 덮개용(K1전차)",2022,EBB,지상공통전력운영계약팀,제한경쟁,총액제,적격심사제,202206101400,20220610,낙찰
정상공고,EBB0242,1,8220E,***,장갑차 현수장치 부품(구매),2022,EBB,지상공통전력운영계약팀,일반경쟁,총액제,적격심사제,202206101100,20220610,낙찰
정상공고,EBB0232,1,8331,***,오링 및 패킹류,2022,EBB,지상공통전력운영계약팀,수의계약,총액제,적격심사제,202206101400,20220610,유찰
정상공고,EBB0243,1,9107C,***,"궤도부품류(덮개 등, 사전의향서)",2022,EBB,지상공통전력운영계약팀,제한경쟁,총액제,적격심사제,202206101100,20220610,낙찰
정상공고,EBB0244,1,A1071,***,22년 F-5 전자 구성품 조립체(제조),2022,EBB,지상공통전력운영계약팀,수의계약,총액제,적격심사제,202206101100,20220610,유찰
정상공고,EBB0247,1,A2850,***,22년 (500MD) 밧데리 17 AMP 제조,2022,EBB,지상공통전력운영계약팀,수의계약,총액제,적격심사제,202206101400,20220610,유찰
정상공고,EBB0223,1,MB002,***,M2방향틀(등명구) 성능개선,2022,EBB,지상공통전력운영계약팀,2단계경쟁(동시),총액제,최저가격제,202206101500,20220610,낙찰
정상공고,EBB0235,1,MB003,***,500MD 전원공급장치(배터리) 성능개선,2022,EBB,지상공통전력운영계약팀,수의계약,총액제,최저가격제,202206101500,20220610,유찰
긴급공고,HCF0146,1,20055,***,피아식별용IR 2종 구매,2022,HCF,공군군수사령부,제한경쟁,총액제,적격심사제,202206101030,20220610,낙찰
긴급공고,HCF0147,1,21897,***,스핀들 오일 등 4종 구매,2022,HCF,공군군수사령부,제한경쟁,총액제,적격심사제,202206101030,20220610,낙찰
정정공고,HCG0019,2,19765,***,전시피해건물 상태평가 기준정립 연구용역,2022,HCG,공군본부,수의계약,총액제,최저가격제,202206101100,20220610,유찰
긴급공고,HDG0031,1,20521,***,[22-92] 에어컨(벽걸이) 등 14품목 구매,2022,HDG,공군제10전투비행단,제한경쟁,총액제,적격심사제,202206101100,20220610,유찰
정정공고,HDP0049,2,20620,***,동편활주로 재포장사업 선행연구 용역,2022,HDP,공군제19전투비행단,수의계약,총액제,최저가격제,202206101500,20220610,유찰
정상공고,LBB0042,1,21549,***,22년 유류중대 방화지대 구축 민간위탁 용역,2022,LBB,육군제7789부대,제한경쟁,총액제,적격심사제,202206101030,20220610,낙찰
정상공고,LCF0122,1,20512,***,보존식용기 등 2항목 제조(일반물자),2022,LCF,육군군수사령부,수의계약,총액제,적격심사제,202206101030,20220610,유찰
정상공고,LCF0398,1,21346,***,에너지 완충기 등 7항목 구매(항공),2022,LCF,육군군수사령부,일반경쟁,총액제,적격심사제,202206101130,20220610,순위확정
정상공고,LCF0399,1,21362,***,"프로펠러,항공기용 등 61항목 구매(항공)",2022,LCF,육군군수사령부,수의계약,총액제,적격심사제,202206101130,20220610,순위확정
정상공고,LCF0400,1,21495,***,"타이어,공기압식,차량용 등 7항목 구매(기장)",2022,LCF,육군군수사령부,제한경쟁,총액제,적격심사제,202206101030,20220610,낙찰
정상공고,LCF0401,1,21542,***,"필터 본체,유체용 등 25항목 제조(생산능력, 기장)",2022,LCF,육군군수사령부,수의계약,총액제,적격심사제,202206101030,20220610,유찰
정상공고,LCF0402,1,21546,***,"필터 엘리먼트,유체용 등 18항목 제조(기장)",2022,LCF,육군군수사령부,제한경쟁,총액제,적격심사제,202206101030,20220610,유찰
정상공고,LCF0403,1,21630,***,"리테이너,오일시일용등 78항목 제조(생산능력,자주포)",2022,LCF,육군군수사령부,수의계약,총액제,적격심사제,202206101030,20220610,순위확정
정상공고,LDH0584,1,21547,***,K1패드형 궤도 핀금형 제조,2022,LDH,육군종합정비창,제한경쟁,총액제,적격심사제,202206101300,20220610,유찰
정상공고,MDF0014,1,21281,***,'22년 전반기 A · J체계 운용품 구매,2022,MDF,국군지휘통신사령부,제한경쟁,총액제,적격심사제,202206101030,20220610,낙찰
재공고,MDG0123,2,17415,***,22년 특수수술재료(수술재료5) 구매,2022,MDG,국군의무사령부,제한경쟁,총액제,적격심사제,202206101100,20220610,유찰
재공고,MDG0124,2,17421,***,22년 특수수술재료(수술재료6) 구매,2022,MDG,국군의무사령부,제한경쟁,총액제,적격심사제,202206101100,20220610,유찰
긴급공고,SCF0300,1,18965,***,(긴급) 안전밸브 등 7종 구매,2022,SCF,해군군수사령부,제한경쟁,총액제,적격심사제,202206101030,20220610,유찰
긴급공고,SFC0071,1,21826,***,22-덕-헬기위치추적 체계 단말기 구매 설치,2022,SFC,제9691부대,제한경쟁,총액제,적격심사제,202206101100,20220610,낙찰
정상공고,UMM0350,1,15098,***,(22G110-A)안테나지역 제초용역,2022,UMM,국군재정관리단,제한경쟁,총액제,적격심사제,202206101100,20220610,낙찰
정상공고,UMM0421,1,19577,***,22-해-00사 방화선벨트 제초용역,2022,UMM,국군재정관리단,제한경쟁,총액제,적격심사제,202206101100,20220610,낙찰
정상공고,UMM0422,1,21656,***,22-해-사이버방호체계 도입,2022,UMM,국군재정관리단,제한경쟁,총액제,적격심사제,202206101100,20220610,낙찰
정상공고,EBB0233,1,1030,***,장비 일반고무제품류,2022,EBB,지상공통전력운영계약팀,수의계약,총액제,적격심사제,202206091400,20220609,유찰
긴급공고,HCF0018,1,21299,***,"조달-부품-10, 유압프레스 1종 구매",2022,HCF,공군군수사령부,제한경쟁,총액제,적격심사제,202206091100,20220609,낙찰
긴급공고,HDC0011,1,20957,***,"22-79, 81 배터리 및 타이어 구매",2022,HDC,공군제1전투비행단,일반경쟁,총액제,적격심사제,202206091030,20220609,유찰
긴급공고,HDC0012,1,20993,***,복지대대 영외자식당 쌀 납품업체 계약,2022,HDC,공군제1전투비행단,일반경쟁,총액제,적격심사제,202206091030,20220609,유찰
긴급공고,HDC0015,1,21937,***,영외자 식당 김치류 납품 계약,2022,HDC,공군제1전투비행단,일반경쟁,총액제,적격심사제,202206091030,20220609,유찰
긴급공고,HDQ0047,1,21361,***,20비 스틸그레이팅 등 7품목 구매,2022,HDQ,제20전투비행단,일반경쟁,총액제,적격심사제,202206091100,20220609,낙찰
긴급공고,LBA0087,1,21048,001,'22년 6월 부식(스모크햄) 제조,2022,LBA,제 2167부대,제한경쟁,단가제,적격심사제,202206091030,20220609,낙찰
긴급공고,LBA0088,1,21061,001,'22년 6월 부식(고추장) 제조,2022,LBA,제 2167부대,제한경쟁,단가제,적격심사제,202206091030,20220609,낙찰
긴급공고,LBA0089,1,21075,001,'22년 6월 부식(한식간장) 제조,2022,LBA,제 2167부대,제한경쟁,단가제,적격심사제,202206091030,20220609,낙찰
긴급공고,LBA0090,1,21090,001,'22년 6월 식자재 다수품목 단가계약,2022,LBA,제 2167부대,일반경쟁,단가제,적격심사제,202206091030,20220609,낙찰
재공고,LBB0037,2,19635,***,22년 폐타이어 위탁처리,2022,LBB,육군제7789부대,일반경쟁,총액제,적격심사제,202206091030,20220609,낙찰
긴급공고,LBB0043,1,21896,***,식용유 구매,2022,LBB,육군제7789부대,제한경쟁,총액제,적격심사제,202206091030,20220609,유찰
재공고,LCF0381,2,17447,***,상처드레싱패드 1품목 구매(의무),2022,LCF,육군군수사령부,제한경쟁,총액제,적격심사제,202206091130,20220609,순위확정
재공고,LCF0383,2,18235,***,회로카드 조립체 등 5항목 구매(총포),2022,LCF,육군군수사령부,제한경쟁,총액제,적격심사제,202206091030,20220609,낙찰
정상공고,LCF0395,1,19287,***,"들것,접는형,단단한막대식 등 12항목 구매(의무)",2022,LCF,육군군수사령부,제한경쟁,총액제,적격심사제,202206091130,20220609,순위확정
재공고,LCF0386,2,19348,***,"삼각대, 사격통제 기구용 등 15항목 구매(총포)",2022,LCF,육군군수사령부,제한경쟁,총액제,적격심사제,202206091030,20220609,순위확정
재공고,LCG0039,3,12742,***,육군 병영생활관 신축기준 연구용역,2022,LCG,육군본부,2단계경쟁(동시),총액제,최저가격제,202206091000,20220609,낙찰
긴급공고,LGI0092,1,21779,001,'22년 제헌절 경축특식 훈제닭다리 (구매),2022,LGI,제3군수지원여단,수의계약,단가제,적격심사제,202206091100,20220609,유찰
긴급공고,LHN0028,1,21949,***,22년 식기세척기 임차용역,2022,LHN,제7보병사단,제한경쟁,총액제,적격심사제,202206091100,20220609,낙찰
긴급공고,LKF0013,1,21915,***,22년 00부대 대구경북지역 제초용역,2022,LKF,제6755부대,일반경쟁,총액제,적격심사제,202206091030,20220609,낙찰
정정공고,LKT0037,2,21517,***,22년 공기청정기 필터 제조 구매,2022,LKT,제1989부대,제한경쟁,총액제,적격심사제,202206091030,20220609,낙찰
긴급공고,LNS0048,1,21939,***,"구리, 남양주 예비군훈련 병력수송 버스 임차 용역",2022,LNS,제55보병사단,수의계약,총액제,적격심사제,202206091100,20220609,유찰
긴급공고,LPF0029,1,21639,***,22년 예비군 육성지원(전투조끼) 구매,2022,LPF,제51보병사단,제한경쟁,총액제,적격심사제,202206091030,20220609,유찰
정상공고,MDG0137,1,21208,***,22년 의무장비(약품포장기 자동식)구매,2022,MDG,국군의무사령부,일반경쟁,총액제,적격심사제,202206091100,20220609,낙찰
긴급공고,MDG0142,1,21828,***,22년 의무장비(레이져통증치료기 등 3품목) 구매,2022,MDG,국군의무사령부,제한경쟁,총액제,적격심사제,202206091100,20220609,낙찰
긴급공고,MDS0012,1,21809,***,교육단용 상용SW(Passon CBT) 구매,2022,MDS,제3707부대,제한경쟁,총액제,적격심사제,202206091030,20220609,낙찰
재공고,SCF0269,2,11150,***,(긴급)키퍼스트립 등 5종,2022,SCF,해군군수사령부,제한경쟁,총액제,적격심사제,202206091030,20220609,유찰
재공고,SCF0267,2,16242,***,(긴급)과부하 히터 코일 등 24종 구매,2022,SCF,해군군수사령부,제한경쟁,총액제,적격심사제,202206091030,20220609,유찰
긴급공고,SCF0054,1,19874,***,잠수함 축전지 충방전 용역,2022,SCF,해군군수사령부,수의계약,총액제,적격심사제,202206091030,20220609,순위확정
긴급공고,SCF0299,1,20765,***,"(긴급)너트,평면형,나비형 등 7종",2022,SCF,해군군수사령부,제한경쟁,총액제,적격심사제,202206091030,20220609,낙찰
긴급공고,SCF0298,1,21851,***,"(긴급) 박판,금속제 등 5종",2022,SCF,해군군수사령부,제한경쟁,총액제,적격심사제,202206091030,20220609,낙찰
긴급공고,UMM0351,1,19341,***,(227225-E) 사이버 자산정보 수집체계 라이선스 구매,2022,UMM,국군재정관리단,제한경쟁,총액제,적격심사제,202206091100,20220609,낙찰
긴급공고,UMM0426,1,20935,***,22-해병-지능형 사이버침해사고 조사분석체계 구축,2022,UMM,국군재정관리단,제한경쟁,총액제,적격심사제,202206091100,20220609,낙찰
정상공고,EAD0002,1,22F02,***,"FMS 해상운송(공군, 국직)",2022,EAD,북미지역협력담당관,수의계약,단가제,적격심사제,202206081430,20220608,유찰
정상공고,EBB0234,1,1104,***,"취사기,야전용,트럭탑재식",2022,EBB,지상공통전력운영계약팀,일반경쟁,총액제,적격심사제,202206081100,20220608,낙찰
정상공고,EBB0230,1,3032,***,81mm 박격포 부품류,2022,EBB,지상공통전력운영계약팀,일반경쟁,총액제,적격심사제,202206081400,20220608,낙찰
정상공고,EBB0229,1,4230,***,2022 KM11휴대용제독기수리부속류,2022,EBB,지상공통전력운영계약팀,제한경쟁,총액제,적격심사제,202206081100,20220608,낙찰
정상공고,EBB0218,1,5328S,***,22년 전술훈련용수류탄,2022,EBB,지상공통전력운영계약팀,일반경쟁,총액제,적격심사제,202206081100,20220608,낙찰
정상공고,EBB0226,1,5330,***,22년 40밀리 연습유탄,2022,EBB,지상공통전력운영계약팀,수의계약,총액제,적격심사제,202206081100,20220608,유찰
정상공고,EBB0219,1,5345,***,22년 10.5밀리 고무탄,2022,EBB,지상공통전력운영계약팀,수의계약,총액제,적격심사제,202206081100,20220608,유찰
정상공고,EBB0222,1,6038,***,22년 개인화기 주야조준경(Ⅱ형) 부품류(제조),2022,EBB,지상공통전력운영계약팀,일반경쟁,총액제,적격심사제,202206081100,20220608,낙찰
정상공고,EBB0215,1,6101,***,K계열전차 체결류,2022,EBB,지상공통전력운영계약팀,수의계약,총액제,적격심사제,202206081100,20220608,유찰
정상공고,EBB0216,1,7440A,***,실린더조립체,2022,EBB,지상공통전력운영계약팀,제한경쟁,총액제,적격심사제,202206081100,20220608,낙찰
정상공고,EBB0236,1,7710,***,궤도장비 부품류(기어 브래킷 등),2022,EBB,지상공통전력운영계약팀,수의계약,총액제,적격심사제,202206081100,20220608,유찰
정상공고,EBB0220,1,8345,***,마스터휠실린더,2022,EBB,지상공통전력운영계약팀,일반경쟁,총액제,적격심사제,202206081100,20220608,유찰
정상공고,EBB0227,1,8431,***,궤도장비 부품류(장갑차용),2022,EBB,지상공통전력운영계약팀,일반경쟁,총액제,적격심사제,202206081100,20220608,낙찰
정상공고,EBB0237,1,9101,***,"장갑차 부품류(어댑터, 클램프 등)",2022,EBB,지상공통전력운영계약팀,제한경쟁,총액제,적격심사제,202206081100,20220608,낙찰
정상공고,EBB0238,1,9103,***,연료용 펌프(구매),2022,EBB,지상공통전력운영계약팀,일반경쟁,총액제,적격심사제,202206081100,20220608,유찰
정상공고,EBB0221,1,9111,***,반자동식부교 부품(구매),2022,EBB,지상공통전력운영계약팀,제한경쟁,총액제,적격심사제,202206081100,20220608,낙찰
정상공고,EHF0064,1,0420A,***,VIC-7K/9K부품류,2022,EHF,미래전력사업전력운영계약팀,수의계약,총액제,적격심사제,202206081100,20220608,순위확정
재공고,EHF0023,3,2110,***,'22년 냉난방기(TPS-830K용) 제조,2022,EHF,미래전력사업전력운영계약팀,수의계약,총액제,적격심사제,202206081100,20220608,순위확정
재공고,EKA0017,2,7270,***,"쉘터, 비전개식(1¼톤_S-252K)",2022,EKA,기동총괄계약팀,수의계약,총액제,적격심사제,202206081030,20220608,유찰
정상공고,ELA0018,1,6220,***,휴대용제독기,2022,ELA,화력총괄계약팀,수의계약,총액제,적격심사제,202206081030,20220608,유찰
정정공고,HCC0055,2,20824,***,"산업용 내시경 등 18종 구매(22-4, 5)",2022,HCC,해군제1수리창,제한경쟁,총액제,적격심사제,202206081030,20220608,낙찰
긴급공고,HCC0057,1,21379,***,알미늄 합금판 등 6종 구매(107),2022,HCC,해군제1수리창,제한경쟁,총액제,적격심사제,202206081030,20220608,낙찰
긴급공고,HCC0058,1,21381,***,"시일, 밀봉형 등 10종 구매(108)",2022,HCC,해군제1수리창,제한경쟁,총액제,적격심사제,202206081030,20220608,낙찰
긴급공고,HCC0059,1,21383,***,"스텐볼트, 너트 등 28종 구매(109)",2022,HCC,해군제1수리창,제한경쟁,총액제,적격심사제,202206081030,20220608,낙찰
긴급공고,HCF0142,1,17564,***,KT/A-1 엔진 수리부속 6종 외주정비,2022,HCF,공군군수사령부,수의계약,총액제,적격심사제,202206081030,20220608,유찰
긴급공고,HCF0141,1,20095,***,"실, 환경실험용",2022,HCF,공군군수사령부,제한경쟁,총액제,적격심사제,202206081030,20220608,낙찰
긴급공고,HCK0001,1,17596,***,KAOC 신축사업 지휘통신체계 구축방안 연구용역,2022,HCK,공군작전사령부,2단계경쟁(동시),총액제,최저가격제,202206081100,20220608,낙찰
정정공고,HCS0024,2,20629,***,"'22년 KT-1 시험대, 항공기 엔진용 장비 유지보수",2022,HCS,제3훈련비행단,수의계약,총액제,적격심사제,202206081030,20220608,유찰
긴급공고,HDP0050,1,21739,***,컨테이너 부스 1종(22-139),2022,HDP,공군제19전투비행단,제한경쟁,총액제,적격심사제,202206081100,20220608,낙찰
재공고,HFK0013,2,14657,***,"22-용-13 제초(부산,김해,울산)",2022,HFK,제1방공유도탄여단,제한경쟁,총액제,적격심사제,202206081030,20220608,낙찰
정상공고,HFK0020,1,21598,***,22-용-19 이사 용역,2022,HFK,제1방공유도탄여단,제한경쟁,총액제,적격심사제,202206081030,20220608,낙찰
정상공고,HFK0021,1,21626,***,22-용-6 1여단 통합 방역 용역,2022,HFK,제1방공유도탄여단,제한경쟁,총액제,적격심사제,202206081030,20220608,낙찰
재공고,LBB0040,2,19478,001,22년 경축특식(광복절) 티라미수,2022,LBB,육군제7789부대,제한경쟁,단가제,적격심사제,202206081030,20220608,낙찰
재공고,LBB0041,2,19479,001,22년 경축특식(광복절) 커피음료,2022,LBB,육군제7789부대,수의계약,단가제,적격심사제,202206081030,20220608,유찰
재공고,LCF0388,2,19472,***,K77장갑차 궤도 고무제거 정비,2022,LCF,육군군수사령부,수의계약,총액제,적격심사제,202206081030,20220608,유찰
재공고,LCF0387,2,19475,***,K9자주포 궤도 고무제거 정비,2022,LCF,육군군수사령부,수의계약,총액제,적격심사제,202206081030,20220608,유찰
재공고,LCF0390,2,19697,***,"헬기용 피스톤,유압축압기용 등 12종 정비",2022,LCF,육군군수사령부,수의계약,총액제,적격심사제,202206081030,20220608,유찰
정상공고,LCF0121,1,19972,***,DC모터 등 75항목 구매(화생방수리부속),2022,LCF,육군군수사령부,제한경쟁,총액제,적격심사제,202206081030,20220608,낙찰
정상공고,LCF0397,1,21312,***,"덮개,입구용 등 28항목 제조(생산능력, 기장)",2022,LCF,육군군수사령부,수의계약,총액제,적격심사제,202206081030,20220608,순위확정
긴급공고,LCG0060,1,20732,***,'22년 상용SW(웹 침투테스트 도구) 구매,2022,LCG,육군본부,제한경쟁,총액제,적격심사제,202206081030,20220608,순위확정
긴급공고,LCZ0008,1,21384,***,32동지단 치장창고 물류취급장비 구매(고소작업대),2022,LCZ,동원전력사령부,일반경쟁,총액제,적격심사제,202206081030,20220608,낙찰
긴급공고,LCZ0009,1,21385,***,32동지단 치장창고 물류취급장비 구매(청소차),2022,LCZ,동원전력사령부,일반경쟁,총액제,적격심사제,202206081030,20220608,낙찰
긴급공고,LCZ0010,1,21610,***,디젤지게차 및 전동지게차 구매,2022,LCZ,동원전력사령부,일반경쟁,총액제,적격심사제,202206081030,20220608,낙찰
정상공고,LDG0030,1,19884,***,차량용 결박밴드 등 3종 구매,2022,LDG,육군 탄약지원사령부,제한경쟁,총액제,적격심사제,202206081030,20220608,낙찰
정상공고,LDH0545,1,18976,***,정밀캐스팅자동화시스템 제조 설치,2022,LDH,육군종합정비창,2단계경쟁(동시),총액제,최저가격제,202206081300,20220608,유찰
정상공고,LDH0578,1,21190,***,K1전차 오일펌프조립체 등 6종 구매,2022,LDH,육군종합정비창,수의계약,총액제,적격심사제,202206081300,20220608,유찰
정상공고,LDH0579,1,21195,***,K1전차 핀 구매,2022,LDH,육군종합정비창,제한경쟁,총액제,적격심사제,202206081300,20220608,낙찰
정상공고,LDH0583,1,21352,***,K21장갑차 노즐 구매,2022,LDH,육군종합정비창,제한경쟁,총액제,적격심사제,202206081300,20220608,낙찰
긴급공고,LGP0145,1,21262,***,22년 식자재 민간위탁 배송 용역(7군단),2022,LGP,제1군수지원사령부,일반경쟁,총액제,적격심사제,202206081100,20220608,낙찰
긴급공고,LHP0025,1,21629,***,GOP 과학화 운용 PC 구매,2022,LHP,제22보병사단,제한경쟁,총액제,적격심사제,202206081100,20220608,낙찰
긴급공고,LHR0024,1,21417,001,(육성)[청주] `22년 예비군 전세 버스 수송 용역,2022,LHR,육군 제37보병사단,수의계약,단가제,적격심사제,202206081030,20220608,유찰
긴급공고,LKF0011,1,21536,***,22년 정비 및 취사 피복 제조구매,2022,LKF,제6755부대,제한경쟁,총액제,적격심사제,202206081030,20220608,낙찰
긴급공고,LKF0012,1,21567,***,22년 공기청정기 필터 제조구매,2022,LKF,제6755부대,제한경쟁,총액제,적격심사제,202206081030,20220608,낙찰
긴급공고,LKT0036,1,21104,***,대대급 안전 보호세트 구매,2022,LKT,제1989부대,제한경쟁,총액제,적격심사제,202206081030,20220608,낙찰
정상공고,LNS0039,1,21390,***,예비군훈련대 과학화 장비 유지ㆍ보수 용역,2022,LNS,제55보병사단,제한경쟁,총액제,적격심사제,202206081100,20220608,낙찰
긴급공고,LPF0026,1,21198,***,22년 예비군훈련대 과학화 장비 유지보수 용역,2022,LPF,제51보병사단,일반경쟁,총액제,적격심사제,202206081030,20220608,낙찰
정상공고,MDG0136,1,17817,***,AI+X 군의료 사업 개인정보영향평가 용역,2022,MDG,국군의무사령부,제한경쟁,총액제,적격심사제,202206081100,20220608,낙찰
재공고,MDG0127,2,17964,***,22년 공공의료기관 의료장비 거래실례가격조사 용역,2022,MDG,국군의무사령부,2단계경쟁(동시),총액제,최저가격제,202206081530,20220608,유찰
정상공고,MDJ0033,1,20927,***,의무장비 구매(치과유니트),2022,MDJ,국군대전병원,일반경쟁,총액제,적격심사제,202206081030,20220608,낙찰
정상공고,MDJ0034,1,20928,***,의무장비 구매(내시경자동세척기),2022,MDJ,국군대전병원,수의계약,총액제,적격심사제,202206081030,20220608,순위확정
정상공고,MDJ0035,1,20929,***,의무장비 구매(동위원소측정기),2022,MDJ,국군대전병원,수의계약,총액제,적격심사제,202206081030,20220608,순위확정
정상공고,MHD0042,1,15515,***,소형무인기의 획득 및 운용을 위한 총수명주기 분석,2022,MHD,방위사업청(운영지원과),협상에의한계약(전자),총액제,최저가격제,202206081500,20220608,낙찰
긴급공고,SCF0257,1,07754,***,위장카메라 셋 2SET 구매,2022,SCF,해군군수사령부,제한경쟁,총액제,적격심사제,202206081030,20220608,순위확정
재공고,SCF0245,2,09171,***,"파이프 조립체,금속제 등 9종",2022,SCF,해군군수사령부,제한경쟁,총액제,적격심사제,202206081030,20220608,유찰
긴급공고,SCF0053,1,14791,***,피아식별장비 BTE-2000 1종2점 외주정비,2022,SCF,해군군수사령부,수의계약,총액제,적격심사제,202206081030,20220608,유찰
재공고,SCF0247,2,15393,***,볼 밸브2 등 9종,2022,SCF,해군군수사령부,제한경쟁,총액제,적격심사제,202206081030,20220608,낙찰
재공고,SCF0221,2,18685,***,보충실린더 조립체 1종 구매,2022,SCF,해군군수사령부,제한경쟁,총액제,적격심사제,202206081030,20220608,순위확정
긴급공고,SCF0297,1,18714,***,"(긴급)핀,토글용,유두형 등 19종",2022,SCF,해군군수사령부,제한경쟁,총액제,적격심사제,202206081030,20220608,낙찰
긴급공고,SCF0295,1,19117,***,"(긴급)필터 ,오일용 등 4종 구매",2022,SCF,해군군수사령부,제한경쟁,총액제,적격심사제,202206081030,20220608,유찰
긴급공고,SCF0296,1,19119,***,"(긴급)스위치,액체 수평기용 1종 구매",2022,SCF,해군군수사령부,제한경쟁,총액제,적격심사제,202206081030,20220608,낙찰
긴급공고,SCF0255,1,20107,***,로프와이어제 등 6종 구매,2022,SCF,해군군수사령부,제한경쟁,총액제,적격심사제,202206081030,20220608,순위확정
긴급공고,SCF0256,1,20350,***,복사용지(A4) 100BOX 구매,2022,SCF,해군군수사령부,제한경쟁,총액제,적격심사제,202206081030,20220608,낙찰
긴급공고,SFN0037,1,21033,***,임팩트전기드릴 등 297품목 구매,2022,SFN,연평부대,제한경쟁,총액제,적격심사제,202206081030,20220608,낙찰
정상공고,UMM0414,1,11582,***,22-국-고성능입체비디오감식기 구매,2022,UMM,국군재정관리단,제한경쟁,총액제,적격심사제,202206081100,20220608,낙찰
정상공고,UMM0417,1,13667,***,22-해병-스파이어링 로프 구매,2022,UMM,국군재정관리단,제한경쟁,총액제,적격심사제,202206081100,20220608,낙찰
정상공고,UMM0313,1,15831,***,(226027-G)’22년전시체계(비디오월)구축(리스물건),2022,UMM,국군재정관리단,일반경쟁,총액제,적격심사제,202206081100,20220608,낙찰
정상공고,UMM0343,1,15996,***,(227135-E)디지털포렌식 조사분석도구 구매,2022,UMM,국군재정관리단,제한경쟁,총액제,적격심사제,202206081100,20220608,낙찰
정상공고,UMM0349,1,16010,***,(226210-C) 화상회의체계 구축사업 구매(리스물건),2022,UMM,국군재정관리단,일반경쟁,총액제,적격심사제,202206081100,20220608,낙찰
정상공고,UMM0420,1,16015,***,22-해-교육용 자동제세동기 등 15종 구매,2022,UMM,국군재정관리단,제한경쟁,총액제,적격심사제,202206081100,20220608,낙찰
정상공고,UMM0413,1,16131,***,22-해-차륜정렬장치 구매,2022,UMM,국군재정관리단,제한경쟁,총액제,적격심사제,202206081100,20220608,낙찰
정상공고,UMM0415,1,16308,***,22-해-의약품 208종 통합 구매,2022,UMM,국군재정관리단,제한경쟁,총액제,적격심사제,202206081100,20220608,낙찰
정상공고,UMM0412,1,17204,***,22-해군 2차 코로나19 PCR 위탁검사 용역(22H094-H),2022,UMM,국군재정관리단,일반경쟁,총액제,적격심사제,202206081100,20220608,낙찰
긴급공고,UMM0371,1,18270,***,'22년 공군 침입차단 방지체계 교체사업(리스물건),2022,UMM,국군재정관리단,2단계경쟁(동시),총액제,최저가격제,202206081300,20220608,낙찰
정상공고,UMM0318,1,19904,***,(226171-F)22년 프린터 도입사업(리스물건),2022,UMM,국군재정관리단,일반경쟁,총액제,적격심사제,202206081100,20220608,낙찰
정상공고,UMM0333,1,20693,***,(22F024-G)'22년 VoIP교환기 유지보수사업(ELG),2022,UMM,국군재정관리단,일반경쟁,총액제,적격심사제,202206081100,20220608,낙찰
정상공고,UMM0338,1,21050,***,(22F025-G)'22년 VoIP 교환기 유지보수사업(삼성기종),2022,UMM,국군재정관리단,일반경쟁,총액제,적격심사제,202206081100,20220608,낙찰
정상공고,EBB0206,1,0613,***,역삼투 조수기 50톤,2022,EBB,지상공통전력운영계약팀,일반경쟁,총액제,적격심사제,202206071400,20220607,낙찰
정상공고,EBB0213,1,1619,***,자주포 일반부품류,2022,EBB,지상공통전력운영계약팀,일반경쟁,총액제,적격심사제,202206071400,20220607,낙찰
정상공고,EBB0214,1,5021,***,시동기(궤도장비용),2022,EBB,지상공통전력운영계약팀,수의계약,총액제,적격심사제,202206071030,20220607,유찰
정상공고,EHF0063,1,3010,***,'22년 탐지3호용 수리부속(구매),2022,EHF,미래전력사업전력운영계약팀,제한경쟁,총액제,적격심사제,202206071100,20220607,낙찰
재공고,EHF0054,2,8618,***,22년 현궁 수리부속 축전지류(제조),2022,EHF,미래전력사업전력운영계약팀,일반경쟁,총액제,적격심사제,202206071130,20220607,순위확정
정상공고,EHF0062,1,8632,***,22년 현궁 발사장비 부품(삼각대_제조),2022,EHF,미래전력사업전력운영계약팀,제한경쟁,총액제,적격심사제,202206071100,20220607,낙찰
재공고,EQ20001,2,9070,***,상륙공격헬기 체계개발사업,2022,EQA,헬기총괄계약팀,협상에의한계약(서류),총액제,최저가격제,202206071500,20220607,낙찰
재공고,HCF0129,2,19334,***,항공기 기관 창정비장비 유지보수,2022,HCF,공군군수사령부,제한경쟁,총액제,적격심사제,202206071530,20220607,낙찰
긴급공고,HCF0143,1,21355,***,美 현지 연합 소부대훈련 운항지원 용역,2022,HCF,공군군수사령부,수의계약,총액제,적격심사제,202206071530,20220607,유찰
재공고,HCG0013,2,16222,***,차세대 미사일 방어 무기체계 발전 방향 연구,2022,HCG,공군본부,수의계약,총액제,최저가격제,202206071115,20220607,유찰
정상공고,HCG0023,1,16667,***,’22년 미세먼지 감시 시스템 유지보수,2022,HCG,공군본부,제한경쟁,총액제,적격심사제,202206071130,20220607,낙찰
정상공고,HCG0017,1,18289,***,사이버방호를 위한 보안 플랫폼 구축방안 연구,2022,HCG,공군본부,수의계약,총액제,최저가격제,202206071100,20220607,유찰
재공고,LDH0525,2,17480,***,3D 금속 프린터 구매,2022,LDH,육군종합정비창,일반경쟁,총액제,적격심사제,202206071300,20220607,낙찰
정상공고,LDH0577,1,21113,***,22-7차 정비용 장비 부품 구매,2022,LDH,육군종합정비창,제한경쟁,총액제,적격심사제,202206071300,20220607,낙찰
정상공고,LDH0581,1,21286,***,K1변속기성능시험장비 토크센서 구매,2022,LDH,육군종합정비창,수의계약,총액제,적격심사제,202206071300,20220607,유찰
정상공고,LDH0582,1,21303,***,22-8차 정비용 장비 부품 구매,2022,LDH,육군종합정비창,제한경쟁,총액제,적격심사제,202206071300,20220607,낙찰
긴급공고,LKD0029,1,16561,001,22년 예비군도시락 제조납품(3권역),2022,LKD,제32보병사단,수의계약,단가제,적격심사제,202206071300,20220607,유찰
긴급공고,LKD0027,1,16588,001,22년 예비군도시락 제조납품(1권역),2022,LKD,제32보병사단,수의계약,단가제,적격심사제,202206071300,20220607,유찰
긴급공고,LKD0028,1,16589,001,22년 예비군도시락 제조구매(2권역),2022,LKD,제32보병사단,수의계약,단가제,적격심사제,202206071300,20220607,유찰
긴급공고,LMP0028,1,21150,001,6·7월 부대조달 급식 식자재 식육가공품 계약,2022,LMP,제3보병사단,제한경쟁,단가제,적격심사제,202206071100,20220607,유찰
긴급공고,LMP0030,1,21153,001,6·7월 부대조달 급식 식자재 요리용소스 계약,2022,LMP,제3보병사단,제한경쟁,단가제,적격심사제,202206071100,20220607,유찰
긴급공고,LMP0031,1,21154,001,6·7월 부대조달 급식 식자재 장유류 계약,2022,LMP,제3보병사단,제한경쟁,단가제,적격심사제,202206071100,20220607,유찰
재공고,LNG0044,2,16618,***,22년 예비군 도시락 제조납품,2022,LNG,육군 제1군단,협상에의한계약(전자),총액제,최저가격제,202206071100,20220607,낙찰
정상공고,LQG0052,1,20841,***,(육성) 예비군부대 총기박스 제조 납품,2022,LQG,육군 52보병사단,제한경쟁,총액제,적격심사제,202206071100,20220607,유찰
정상공고,MCD0018,1,19291,***,군 실내공기질 관리 개선방안 연구용역,2022,MCD,국방부(운영지원과),수의계약,총액제,최저가격제,202206071030,20220607,유찰
재공고,MDD0084,2,14428,***,2022 의무장비(박절기 회전형자동냉각식) 구매,2022,MDD,국군수도병원,제한경쟁,총액제,적격심사제,202206071100,20220607,낙찰
정상공고,MDJ0031,1,20558,***,"의료기재(수술재료, 근육견인테이프 등119종)연간계약",2022,MDJ,국군대전병원,일반경쟁,총액제,적격심사제,202206071030,20220607,낙찰
정상공고,MDJ0030,1,20560,***,"의료기재(치과재료, Surgical bur 등 283종)연간계약",2022,MDJ,국군대전병원,일반경쟁,총액제,적격심사제,202206071030,20220607,낙찰
정상공고,MDJ0032,1,20584,***,수술장비운영소모품(Bovie pencil 등 41종) 연간계약,2022,MDJ,국군대전병원,일반경쟁,총액제,적격심사제,202206071030,20220607,낙찰
긴급공고,UMM0315,1,03052,***,22-해병대 청룡부대 참전기념비 건립(제조설치),2022,UMM,국군재정관리단,협상에의한계약(전자),총액제,최저가격제,202206071100,20220607,낙찰
재공고,UMM0362,2,12727,***,22-000체력단련장 5인승 자동 골프카 10대 임차용역,2022,UMM,국군재정관리단,제한경쟁,총액제,적격심사제,202206071100,20220607,낙찰
정상공고,UMM0408,1,14330,***,"22-해-기, 신호용(A형크기4)등 199품목 구매",2022,UMM,국군재정관리단,제한경쟁,총액제,적격심사제,202206071100,20220607,낙찰
정상공고,UMM0330,1,14391,***,(226023-G)'22년무기체계사이버위협 분석시스템 도입,2022,UMM,국군재정관리단,일반경쟁,총액제,적격심사제,202206071100,20220607,낙찰
긴급공고,UMM0337,1,18076,***,'(22F120-A) 22년 사단 제초용역,2022,UMM,국군재정관리단,일반경쟁,총액제,적격심사제,202206071100,20220607,낙찰
긴급공고,UMM0336,1,18737,***,(22F098-A) ASP 방화지대 구축 용역(서부권),2022,UMM,국군재정관리단,일반경쟁,총액제,적격심사제,202206071100,20220607,낙찰
정상공고,UMM0407,1,19218,***,22년 공군 병영시설 방제 용역,2022,UMM,국군재정관리단,제한경쟁,총액제,적격심사제,202206071100,20220607,낙찰
정상공고,UMM0332,1,19337,***,(227232-D) 재호흡기 구매,2022,UMM,국군재정관리단,일반경쟁,총액제,적격심사제,202206071100,20220607,낙찰
정상공고,UMM0409,1,20729,***,22-해-4주식 리프트(대형) 구매설치,2022,UMM,국군재정관리단,제한경쟁,총액제,적격심사제,202206071100,20220607,낙찰
정상공고,UMM0410,1,20831,***,22~23년 공군 특수임무피복(공중근무자 목티) 제조,2022,UMM,국군재정관리단,제한경쟁,총액제,적격심사제,202206071100,20220607,낙찰
정상공고,EBB0200,1,0030,***,사격통제장치부품류(구매),2022,EBB,지상공통전력운영계약팀,일반경쟁,총액제,적격심사제,202206031400,20220603,낙찰
정상공고,EBB0204,1,0202H,***,"전지,재충전불가식(BA-3517)",2022,EBB,지상공통전력운영계약팀,일반경쟁,총액제,적격심사제,202206031100,20220603,유찰
재공고,EBB0145,2,2C180,***,"야전배낭(부사수, 탄약수)",2022,EBB,지상공통전력운영계약팀,제한경쟁,총액제,적격심사제,202206031100,20220603,낙찰
정상공고,EBB0205,1,3015,***,22년 꼬질대류,2022,EBB,지상공통전력운영계약팀,수의계약,총액제,적격심사제,202206031100,20220603,유찰
정상공고,EBB0212,1,4036,***,22년 K계열전차 변속기 부품류(구매),2022,EBB,지상공통전력운영계약팀,제한경쟁,총액제,적격심사제,202206031400,20220603,낙찰
정상공고,EBB0203,1,5881,***,22년 훈련탄 신호제,2022,EBB,지상공통전력운영계약팀,수의계약,총액제,적격심사제,202206031100,20220603,유찰
정상공고,EBB0211,1,9050,***,다목적굴착기 부품(구매),2022,EBB,지상공통전력운영계약팀,일반경쟁,총액제,적격심사제,202206031100,20220603,낙찰
정상공고,EBB0209,1,9135A,***,"피스톤, 교량가설단정용",2022,EBB,지상공통전력운영계약팀,수의계약,총액제,적격심사제,202206031100,20220603,유찰
정상공고,EBB0103,1,9410,***,지뢰탐지기 부품(구매),2022,EBB,지상공통전력운영계약팀,일반경쟁,총액제,적격심사제,202206031100,20220603,낙찰
정상공고,EBB0208,1,9631,***,볼베어링(구매),2022,EBB,지상공통전력운영계약팀,제한경쟁,총액제,적격심사제,202206031100,20220603,낙찰
재공고,EHF0052,2,0006,***,"22년 오리콘 노리쇠조립체 및 멈치, 폐쇄기용",2022,EHF,미래전력사업전력운영계약팀,수의계약,총액제,적격심사제,202206031400,20220603,유찰
재공고,EHF0053,2,0016B,***,22년 오리콘 몸통(덮개),2022,EHF,미래전력사업전력운영계약팀,수의계약,총액제,적격심사제,202206031100,20220603,유찰
정상공고,EHF0058,1,0360A,***,PRC-96K부품(구매),2022,EHF,미래전력사업전력운영계약팀,일반경쟁,총액제,적격심사제,202206031100,20220603,낙찰
정상공고,EHF0059,1,0503,***,22년 대공표적기 지원용역(천마),2022,EHF,미래전력사업전력운영계약팀,수의계약,총액제,적격심사제,202206031030,20220603,유찰
정상공고,EHF0057,1,3B410,***,22년 지뢰보호용 전투화 및 덧신,2022,EHF,미래전력사업전력운영계약팀,제한경쟁,총액제,적격심사제,202206031500,20220603,순위확정
정상공고,EPA0011,1,7360,***,활주로 진공 청소차,2022,EPA,항공기총괄계약팀,일반경쟁,총액제,적격심사제,202206031400,20220603,낙찰
긴급공고,HCF0140,1,20817,***,"트럭, 정비용 등 4종",2022,HCF,공군군수사령부,수의계약,총액제,적격심사제,202206031030,20220603,유찰
긴급공고,HDL0014,1,20140,***,"시험대, 항공기 엔진용 외주정비",2022,HDL,공군제16전투비행단,수의계약,총액제,적격심사제,202206031100,20220603,유찰
긴급공고,HDM0012,1,19490,***,[22-0083] 작전배낭,2022,HDM,공군제17전투비행단,제한경쟁,총액제,적격심사제,202206031030,20220603,낙찰
정상공고,LCF0393,1,20018,***,"인젝터, 연료용 등 1항목 구매(자주포)",2022,LCF,육군군수사령부,일반경쟁,총액제,적격심사제,202206031030,20220603,낙찰
정상공고,LCF0392,1,20413,***,"플랩,내측 튜브용,공기 타이어용 등 7항목 구매(기장)",2022,LCF,육군군수사령부,제한경쟁,총액제,적격심사제,202206031030,20220603,순위확정
정상공고,LDG0029,1,19403,***,점도측정기 등 2종 구매,2022,LDG,육군 탄약지원사령부,제한경쟁,총액제,적격심사제,202206031030,20220603,낙찰
정상공고,LDH0559,1,20448,***,(정비) 면봉등 36종 구매,2022,LDH,육군종합정비창,제한경쟁,총액제,적격심사제,202206031300,20220603,낙찰
정상공고,LDH0561,1,20565,***,(기동) 2.5톤 차량 어댑터등 59종구매,2022,LDH,육군종합정비창,수의계약,총액제,적격심사제,202206031300,20220603,유찰
정상공고,LDH0562,1,20569,***,(기동) 5톤 차량 패킹등 62종구매,2022,LDH,육군종합정비창,수의계약,총액제,적격심사제,202206031300,20220603,유찰
정상공고,LDH0563,1,20572,***,(기동) 5톤차량 밸브 구매,2022,LDH,육군종합정비창,제한경쟁,총액제,적격심사제,202206031300,20220603,낙찰
정상공고,LDH0564,1,20574,***,(기동) 5톤차량 부품키트 구매,2022,LDH,육군종합정비창,제한경쟁,총액제,적격심사제,202206031300,20220603,낙찰
정상공고,LDH0566,1,20580,***,(일장) 다목적굴착기 절연체등 18종구매,2022,LDH,육군종합정비창,제한경쟁,총액제,적격심사제,202206031300,20220603,낙찰
정상공고,LDH0568,1,20585,***,(일장) 장갑전투도자 커플링 하프등 2종구매,2022,LDH,육군종합정비창,제한경쟁,총액제,적격심사제,202206031300,20220603,낙찰
정상공고,LDH0569,1,20596,***,(화공) 중크롬산소다 등 5종 구매,2022,LDH,육군종합정비창,제한경쟁,총액제,적격심사제,202206031300,20220603,낙찰
정상공고,LDH0573,1,20654,***,K1전차 제어장치 구매,2022,LDH,육군종합정비창,수의계약,총액제,적격심사제,202206031300,20220603,유찰
정상공고,LDH0574,1,20659,***,부품제작자재 환강 등 15종 구매,2022,LDH,육군종합정비창,제한경쟁,총액제,적격심사제,202206031300,20220603,낙찰
정상공고,LDH0575,1,20660,***,부품제작자재 스프링 강판 등 17종 구매,2022,LDH,육군종합정비창,제한경쟁,총액제,적격심사제,202206031300,20220603,낙찰
긴급공고,LGP0134,1,20044,***,22년 식자재 민간위탁 배송 용역(수방사),2022,LGP,제1군수지원사령부,일반경쟁,총액제,적격심사제,202206031100,20220603,유찰
긴급공고,LGP0135,1,20056,***,22년 식자재 민간위탁 배송 용역(8군단),2022,LGP,제1군수지원사령부,일반경쟁,총액제,적격심사제,202206031100,20220603,낙찰
긴급공고,LGP0136,1,20057,***,22년 식자재 민간위탁 배송 용역(수도군단),2022,LGP,제1군수지원사령부,일반경쟁,총액제,적격심사제,202206031100,20220603,유찰
긴급공고,LGP0137,1,20063,***,22년 식자재 민간위탁 배송 용역(재원지역),2022,LGP,제1군수지원사령부,일반경쟁,총액제,적격심사제,202206031100,20220603,낙찰
긴급공고,LGP0139,1,20772,***,국가기술자격검정 장비(교육용 궤도형 불도저)구매,2022,LGP,제1군수지원사령부,수의계약,총액제,적격심사제,202206031100,20220603,유찰
재공고,LHR0020,2,18336,***,`22년 취사장 후드 및 덕트 청소 용역,2022,LHR,육군 제37보병사단,제한경쟁,총액제,적격심사제,202206031030,20220603,낙찰
긴급공고,LHR0022,1,20739,***,`22년 00부대 제초 용역,2022,LHR,육군 제37보병사단,제한경쟁,총액제,적격심사제,202206031030,20220603,낙찰
긴급공고,LKG0025,1,18927,***,22년 예비군 도시락 제조납품(1권역),2022,LKG,육군제53보병사단,2단계경쟁(동시),총액제,최저가격제,202206031400,20220603,유찰
긴급공고,LKG0028,1,19073,***,22년 예비군 도시락 제조납품(2권역),2022,LKG,육군제53보병사단,2단계경쟁(동시),총액제,최저가격제,202206031400,20220603,유찰
긴급공고,LKG0029,1,19082,***,22년 예비군 도시락 제조납품(3권역),2022,LKG,육군제53보병사단,2단계경쟁(동시),총액제,최저가격제,202206031400,20220603,낙찰
정상공고,LQG0050,1,20408,***,22년 제초관리 용역,2022,LQG,육군 52보병사단,제한경쟁,총액제,적격심사제,202206031100,20220603,낙찰
정상공고,MDG0132,1,19533,***,2022년 잠복결핵 위탁검사용역,2022,MDG,국군의무사령부,제한경쟁,총액제,적격심사제,202206031100,20220603,낙찰
정상공고,MDR0026,1,18888,***,선박 하우스 교체 및 엔진 외주정비,2022,MDR,제9965부대,제한경쟁,총액제,적격심사제,202206031100,20220603,낙찰
긴급공고,SCF0052,1,11220,***,"잠수함(SS-I,II) 축전지 충/방전기 정비",2022,SCF,해군군수사령부,일반경쟁,총액제,적격심사제,202206031030,20220603,낙찰
긴급공고,SCF0254,1,17670,***,"비닐카바 7,000EA 구매",2022,SCF,해군군수사령부,제한경쟁,총액제,적격심사제,202206031030,20220603,낙찰
긴급공고,SCF0253,1,18828,***,함정용 음식물 분쇄기 6EA 구매,2022,SCF,해군군수사령부,제한경쟁,총액제,적격심사제,202206031030,20220603,낙찰
재공고,SCG0037,3,07056,***,22-해군 전장기능 지능화 추진방안 연구,2022,SCG,해군본부,수의계약,총액제,최저가격제,202206031000,20220603,유찰
긴급공고,SCH0060,1,20017,***,특전용품-공기매트 등 3종 구매,2022,SCH,해군작전사령부,일반경쟁,총액제,적격심사제,202206031030,20220603,낙찰
정상공고,UAB0048,1,20788,***,서귀포호텔 가구류 제조(구매),2022,UAB,국군복지단,일반경쟁,총액제,적격심사제,202206031700,20220603,유찰
정상공고,UMM0324,1,14426,***,(22F099-I) ASP 방화지대 구축 용역(연천처리장),2022,UMM,국군재정관리단,제한경쟁,총액제,적격심사제,202206031100,20220603,낙찰
정상공고,UMM0329,1,16200,***,(227194-E) 위성관제용 브리핑시스템 노후교체,2022,UMM,국군재정관리단,일반경쟁,총액제,적격심사제,202206031100,20220603,낙찰
정상공고,UMM0400,1,16747,***,'22년 군 드론 및 UAV 보험,2022,UMM,국군재정관리단,일반경쟁,총액제,적격심사제,202206031100,20220603,낙찰
정상공고,UMM0399,1,16749,***,22-K-취사장 후드청소 용역,2022,UMM,국군재정관리단,제한경쟁,총액제,적격심사제,202206031100,20220603,낙찰
정상공고,UMM0401,1,16838,***,'22년 해군 함정·병영시설 전문방제용역,2022,UMM,국군재정관리단,일반경쟁,총액제,적격심사제,202206031100,20220603,낙찰
정상공고,UMM0405,1,17376,***,"22-공-분광계,회절격자용 구매(229114-F)",2022,UMM,국군재정관리단,제한경쟁,총액제,적격심사제,202206031100,20220603,낙찰
정상공고,UMM0402,1,18163,***,22-국-후반기 전군지원 전세버스 수송용역,2022,UMM,국군재정관리단,일반경쟁,총액제,적격심사제,202206031100,20220603,유찰
긴급공고,UMM0335,1,18268,***,(227222-F)22년사이버침해사고조사도구SW라이선스구매,2022,UMM,국군재정관리단,일반경쟁,총액제,적격심사제,202206031100,20220603,낙찰
정상공고,UMM0326,1,18643,***,(22F121-I) 22년 00부대 제초관리용역,2022,UMM,국군재정관리단,제한경쟁,총액제,적격심사제,202206031100,20220603,낙찰
정상공고,UMM0327,1,18946,***,(22F131-I) 00부대 제초용역,2022,UMM,국군재정관리단,일반경쟁,총액제,적격심사제,202206031100,20220603,낙찰
긴급공고,ELA0016,1,5290,***,22년 연막수류탄류,2022,ELA,화력총괄계약팀,일반경쟁,총액제,적격심사제,202206021100,20220602,낙찰
긴급공고,HCF0139,1,19267,***,컴퓨터제어기계공작장비 유지보수,2022,HCF,공군군수사령부,수의계약,총액제,적격심사제,202206021530,20220602,유찰
긴급공고,HCF0135,1,19721,***,항공기유도차,2022,HCF,공군군수사령부,수의계약,총액제,적격심사제,202206021030,20220602,유찰
긴급공고,HCF0137,1,19739,***,[TA-1 부품] 스포트 라이트 등 132종,2022,HCF,공군군수사령부,제한경쟁,총액제,적격심사제,202206021030,20220602,낙찰
긴급공고,HCF0134,1,19746,***,[항공자동기상관측장비 부품] 풍향풍속센서 등 3종,2022,HCF,공군군수사령부,제한경쟁,총액제,적격심사제,202206021030,20220602,낙찰
긴급공고,HDR0004,1,20792,***,22-방공관제사-14(0000체계 수리부속 구매),2022,HDR,공군방공관제사령부,수의계약,총액제,적격심사제,202206021100,20220602,유찰
정상공고,LBB0038,1,19429,001,22년 경축특식(제헌절) 훈제닭다리,2022,LBB,육군제7789부대,제한경쟁,단가제,적격심사제,202206021030,20220602,낙찰
정상공고,LBB0039,1,19431,001,22년 경축특식(제헌절) 탄산음료,2022,LBB,육군제7789부대,제한경쟁,단가제,적격심사제,202206021030,20220602,낙찰
정상공고,LBB0040,1,19478,001,22년 경축특식(광복절) 티라미수,2022,LBB,육군제7789부대,제한경쟁,단가제,적격심사제,202206021030,20220602,유찰
정상공고,LBB0041,1,19479,001,22년 경축특식(광복절) 커피음료,2022,LBB,육군제7789부대,수의계약,단가제,적격심사제,202206021030,20220602,유찰
정상공고,LCF0391,1,19868,***,"챠트,시력검사용 등 10항목 구매(의무)",2022,LCF,육군군수사령부,수의계약,총액제,적격심사제,202206021130,20220602,순위확정
재공고,LDH0547,2,19079,***,열상장비 전동기 2종 구매,2022,LDH,육군종합정비창,제한경쟁,총액제,적격심사제,202206021300,20220602,낙찰
재공고,LDH0551,2,19347,***,K1전차 렌즈 등 4종 구매,2022,LDH,육군종합정비창,제한경쟁,총액제,적격심사제,202206021300,20220602,낙찰
재공고,MCD0015,2,15605,***,국방 사이버보안 종합발전 전략 연구,2022,MCD,국방부(운영지원과),협상에의한계약(전자),총액제,최저가격제,202206021000,20220602,낙찰
긴급공고,MDD0089,1,19594,***,2022년 병리장비운영소모품(1) 85품목 구매계약,2022,MDD,국군수도병원,일반경쟁,총액제,적격심사제,202206021100,20220602,낙찰
정상공고,MDG0131,1,19294,***,22-1차 소방기구 제조납품 (분말소화기 등 6품목),2022,MDG,국군의무사령부,수의계약,총액제,적격심사제,202206021100,20220602,유찰
긴급공고,SCF0251,1,10217,***,연료 파이프 킷 등 18종 구매,2022,SCF,해군군수사령부,제한경쟁,총액제,적격심사제,202206021030,20220602,낙찰
재공고,SCF0217,2,12620,***,"탐지기,풍향 및 풍속용 등 3종 구매",2022,SCF,해군군수사령부,제한경쟁,총액제,적격심사제,202206021030,20220602,유찰
긴급공고,SCF0245,1,13320,***,"갑판피복, 경량급, 미끄럼방지용 구매",2022,SCF,해군군수사령부,제한경쟁,총액제,적격심사제,202206021030,20220602,순위확정
재공고,SCF0214,2,14085,***,전동포크리프트 2set 구매,2022,SCF,해군군수사령부,제한경쟁,총액제,적격심사제,202206021030,20220602,순위확정
긴급공고,SCF0247,1,15226,***,호스 조립체 등 8종 구매,2022,SCF,해군군수사령부,제한경쟁,총액제,적격심사제,202206021030,20220602,순위확정
재공고,SCF0208,2,15505,***,전류조절기 등 4종 구매,2022,SCF,해군군수사령부,제한경쟁,총액제,적격심사제,202206021030,20220602,유찰
재공고,SCF0236,2,16017,***,(긴급)방향 제어 밸브 등 5종 구매,2022,SCF,해군군수사령부,제한경쟁,총액제,적격심사제,202206021030,20220602,유찰
긴급공고,SCF0250,1,17040,***,무인항공기(UAV) 전지조립체 97EA 구매,2022,SCF,해군군수사령부,제한경쟁,총액제,적격심사제,202206021030,20220602,순위확정
긴급공고,SCF0249,1,18099,***,프레임 리프트 6EA 구매,2022,SCF,해군군수사령부,제한경쟁,총액제,적격심사제,202206021030,20220602,낙찰
긴급공고,SCF0248,1,18210,***,가솔린 매연측정기 4EA 구매,2022,SCF,해군군수사령부,제한경쟁,총액제,적격심사제,202206021030,20220602,낙찰
긴급공고,SCF0252,1,18300,***,식기세척기 임차 용역,2022,SCF,해군군수사령부,제한경쟁,총액제,적격심사제,202206021030,20220602,낙찰
긴급공고,SCU0038,1,20812,***,불닭마요덮밥 등 13종 구매,2022,SCU,해군 기동함대사령부,제한경쟁,총액제,적격심사제,202206021100,20220602,낙찰
긴급공고,SEE0023,1,20658,***,전투부식(차돌 된장찌개 등 15품목) 구매,2022,SEE,제9해병여단,제한경쟁,총액제,적격심사제,202206021030,20220602,유찰
긴급공고,SFC0070,1,20606,***,22-덕-IP교환기 라이선스 구매 설치,2022,SFC,제9691부대,제한경쟁,총액제,적격심사제,202206021100,20220602,낙찰
정상공고,UAC0019,1,19366,***,인쇄재료(소모품) 51종 구매,2022,UAC,국방출판지원단,제한경쟁,총액제,적격심사제,202206021100,20220602,낙찰
정상공고,UMM0168,1,08749,***,기갑/기계화부대 중대급 교전훈련장비 2차 선행연구,2022,UMM,국군재정관리단,2단계경쟁(동시),총액제,최저가격제,202206021100,20220602,낙찰
정상공고,UMM0398,1,11047,***,22-공-디지털 공기자료 시험세트 구매,2022,UMM,국군재정관리단,제한경쟁,총액제,적격심사제,202206021100,20220602,낙찰
정정공고,UMM0231,4,11254,***,특수전 모의훈련체계 성능개선사업,2022,UMM,국군재정관리단,협상에의한계약(전자),총액제,최저가격제,202206021300,20220602,낙찰
정상공고,UMM0397,1,13712,***,22-국-쇼핑카트 등 5종 구매,2022,UMM,국군재정관리단,제한경쟁,총액제,적격심사제,202206021100,20220602,낙찰
정상공고,UMM0321,1,17414,***,(226017-C)랜야드 구매,2022,UMM,국군재정관리단,제한경쟁,총액제,적격심사제,202206021100,20220602,낙찰
정상공고,UMM0320,1,18444,***,(227184-C) 호흡용고압공기압축기 구매,2022,UMM,국군재정관리단,제한경쟁,총액제,적격심사제,202206021100,20220602,낙찰
정상공고,UMM0301,1,18767,***,(226169-D) '22년 모니터 도입사업(리스물건),2022,UMM,국군재정관리단,일반경쟁,총액제,적격심사제,202206021100,20220602,낙찰
정상공고,EBB0198,1,0333,***,스프링류,2022,EBB,지상공통전력운영계약팀,제한경쟁,총액제,적격심사제,202205311100,20220531,낙찰
정상공고,EBB0194,1,0460,***,오링 및 개스킷류,2022,EBB,지상공통전력운영계약팀,제한경쟁,총액제,적격심사제,202205311100,20220531,낙찰
정상공고,EBB0189,1,1101,***,"취사기, 트레일러 탑재식(400명분) 및 수리부속류",2022,EBB,지상공통전력운영계약팀,수의계약,총액제,적격심사제,202205311100,20220531,유찰
정상공고,EBB0191,1,1102,***,"취사기, 트레일러탑재식(800명분) 및 수리부속류",2022,EBB,지상공통전력운영계약팀,수의계약,총액제,적격심사제,202205311100,20220531,유찰
정상공고,EBB0192,1,1103,***,"세탁기, 트레일러탑재식",2022,EBB,지상공통전력운영계약팀,수의계약,총액제,적격심사제,202205311100,20220531,유찰
재공고,EBB0128,2,1268,***,발전기 및 발전기 부품류,2022,EBB,지상공통전력운영계약팀,수의계약,총액제,적격심사제,202205311030,20220531,유찰
재공고,EBB0133,2,1618,***,송풍기류,2022,EBB,지상공통전력운영계약팀,일반경쟁,총액제,적격심사제,202205311400,20220531,낙찰
정상공고,EBB0188,1,1622,***,K계열 기동궤도부품류,2022,EBB,지상공통전력운영계약팀,일반경쟁,총액제,적격심사제,202205311400,20220531,낙찰
정상공고,EBB0190,1,1A028,***,22년 헬기 구성품(변환기 등) 정비,2022,EBB,지상공통전력운영계약팀,수의계약,총액제,적격심사제,202205311400,20220531,유찰
정상공고,EBB0195,1,1A036,***,"22년 헬기전장품정비(회전자,발전기용)",2022,EBB,지상공통전력운영계약팀,수의계약,총액제,적격심사제,202205311500,20220531,유찰
정상공고,EBB0193,1,1A040,***,"22~23년 (KF-16) 바퀴 조립체,항공기용 정비(D)",2022,EBB,지상공통전력운영계약팀,수의계약,총액제,적격심사제,202205311400,20220531,유찰
정상공고,EBB0197,1,4272,***,2022 진단키트 생물학무기용,2022,EBB,지상공통전력운영계약팀,수의계약,총액제,적격심사제,202205311100,20220531,유찰
정상공고,EBB0199,1,6124,***,기어류(전차),2022,EBB,지상공통전력운영계약팀,일반경쟁,총액제,적격심사제,202205311100,20220531,낙찰
정상공고,EBB0187,1,7410,***,브라켓류(제조),2022,EBB,지상공통전력운영계약팀,제한경쟁,총액제,적격심사제,202205311400,20220531,낙찰
재공고,EBB0064,2,8940A,***,축전식 전지(밀폐형),2022,EBB,지상공통전력운영계약팀,수의계약,총액제,적격심사제,202205311100,20220531,유찰
재공고,EBB0148,2,9820,001,군용 표준차량 타이어류,2022,EBB,지상공통전력운영계약팀,수의계약,단가제,적격심사제,202205311100,20220531,유찰
재공고,EBB0148,2,9820,002,군용 표준차량 타이어류,2022,EBB,지상공통전력운영계약팀,수의계약,단가제,적격심사제,202205311100,20220531,유찰
재공고,EBB0148,2,9820,003,군용 표준차량 타이어류,2022,EBB,지상공통전력운영계약팀,수의계약,단가제,적격심사제,202205311100,20220531,유찰
정상공고,EHF0055,1,5810M,***,'22년 저고도탐지레이더 수리부속(구매),2022,EHF,미래전력사업전력운영계약팀,일반경쟁,총액제,적격심사제,202205311500,20220531,낙찰
긴급공고,HAE0007,1,20490,***,항공기 군사재 이전 및 설치 용역,2022,HAE,39정찰비행단,제한경쟁,총액제,적격심사제,202205311100,20220531,낙찰
긴급공고,HCF0128,1,17130,***,22년 상용 SW구매,2022,HCF,공군군수사령부,제한경쟁,총액제,적격심사제,202205311030,20220531,낙찰
재공고,HCF0124,2,17992,***,"'22년 지정폐기물 (폐유기용제, 폐페인트) 위탁처리",2022,HCF,공군군수사령부,수의계약,총액제,적격심사제,202205311030,20220531,유찰
긴급공고,HCF0131,1,18898,***,차체인양기 2주식,2022,HCF,공군군수사령부,제한경쟁,총액제,적격심사제,202205311030,20220531,낙찰
긴급공고,HCF0127,1,19248,***,美 현지 연합 KC-330 해외비행 운항지원 용역,2022,HCF,공군군수사령부,일반경쟁,총액제,적격심사제,202205311030,20220531,유찰
긴급공고,HCF0133,1,19317,***,'22년~'23년 장거리 통신장비 부품 외주정비,2022,HCF,공군군수사령부,제한경쟁,총액제,적격심사제,202205311030,20220531,낙찰
긴급공고,HCF0132,1,19319,***,음성통신통제체계 유지보수,2022,HCF,공군군수사령부,제한경쟁,총액제,적격심사제,202205311030,20220531,낙찰
긴급공고,HCF0129,1,19334,***,항공기 기관 창정비장비 유지보수,2022,HCF,공군군수사령부,제한경쟁,총액제,적격심사제,202205311030,20220531,유찰
긴급공고,HCS0023,1,20027,***,(조달) 22-1-033 소화기 등 4품목 구매,2022,HCS,제3훈련비행단,제한경쟁,총액제,적격심사제,202205311100,20220531,낙찰
긴급공고,HDR0003,1,20662,***,22-방공관제사-30(에어컨 등 6품목 구매),2022,HDR,공군방공관제사령부,제한경쟁,총액제,적격심사제,202205311100,20220531,유찰
정상공고,LBB0037,1,19635,***,22년 폐타이어 위탁처리,2022,LBB,육군제7789부대,일반경쟁,총액제,적격심사제,202205311030,20220531,유찰
정상공고,LCF0115,1,18178,***,렌치 토크용 등 10항목 구매(총포공구),2022,LCF,육군군수사령부,제한경쟁,총액제,적격심사제,202205311030,20220531,낙찰
정상공고,LCF0112,1,18185,***,줄 세트 수동식 등 105항목 구매(총포공구),2022,LCF,육군군수사령부,제한경쟁,총액제,적격심사제,202205311030,20220531,낙찰
정상공고,LCF0113,1,18189,***,프레스 아버용 수동식 등 9항목 제조(총포공구),2022,LCF,육군군수사령부,수의계약,총액제,적격심사제,202205311030,20220531,유찰
정상공고,LCF0116,1,18194,***,조임기 회전각도용 등 27항목 구매(총포공구),2022,LCF,육군군수사령부,제한경쟁,총액제,적격심사제,202205311030,20220531,순위확정
정상공고,LCF0114,1,18197,***,렌치 박스형 등 244항목 구매(총포공구),2022,LCF,육군군수사령부,제한경쟁,총액제,적격심사제,202205311030,20220531,낙찰
정상공고,LCF0119,1,18702,***,"전지,재충전불가식 망간전지 등 2항목 구매(일반물자)",2022,LCF,육군군수사령부,제한경쟁,총액제,적격심사제,202205311030,20220531,순위확정
재공고,LCG0040,2,12750,***,고성능탄두 기술적용 전투수행개념 연구 용역,2022,LCG,육군본부,협상에의한계약(전자),총액제,최저가격제,202205311000,20220531,낙찰
재공고,LCG0045,2,15092,***,육군 부사관학교 시설종합발전계획 연구용역,2022,LCG,육군본부,2단계경쟁(동시),총액제,최저가격제,202205311000,20220531,낙찰
재공고,LCG0047,3,15484,***,장병자기개발 동영상 학습콘텐츠 구매,2022,LCG,육군본부,수의계약,총액제,적격심사제,202205311030,20220531,유찰
긴급공고,LCJ0025,1,20282,***,해상운송 수출용 컨테이너 구매(UN 주기 부착),2022,LCJ,종합보급창,일반경쟁,총액제,적격심사제,202205311100,20220531,낙찰
긴급공고,LFH0009,1,20331,***,22년 공기청정기 필터 제조납품,2022,LFH,육군부사관학교,제한경쟁,총액제,적격심사제,202205311100,20220531,낙찰
긴급공고,LFP0014,1,19657,***,’22년 제초 용역,2022,LFP,육군보병학교,제한경쟁,총액제,적격심사제,202205311030,20220531,낙찰
긴급공고,LGI0089,1,20347,001,'22년 제헌절 경축특식 콜라 (구매),2022,LGI,제3군수지원여단,제한경쟁,단가제,적격심사제,202205311100,20220531,낙찰
긴급공고,LKT0035,1,20353,***,육경정 발전기 설치납품,2022,LKT,제1989부대,제한경쟁,총액제,적격심사제,202205311030,20220531,낙찰
긴급공고,LNQ0028,1,20150,***,’22년 제2291부대 영내외 직할대 제초 용역,2022,LNQ,제17보병사단,제한경쟁,총액제,적격심사제,202205311030,20220531,낙찰
정상공고,MCD0017,1,19410,***,시험평가 의사결정체계 효율화 방안 연구,2022,MCD,국방부(운영지원과),수의계약,총액제,최저가격제,202205311030,20220531,유찰
정상공고,MDD0086,1,17876,***,22년 장비운영소모품(92차) 구매계약,2022,MDD,국군수도병원,제한경쟁,총액제,적격심사제,202205311100,20220531,낙찰
정상공고,MDD0087,1,18259,***,2022년 의무장비(혈액가온장치) 구매계약,2022,MDD,국군수도병원,제한경쟁,총액제,적격심사제,202205311100,20220531,유찰
정상공고,MDD0088,1,18269,***,2022년 의무장비(환자체온조절기 자동식) 구매,2022,MDD,국군수도병원,제한경쟁,총액제,적격심사제,202205311100,20220531,낙찰
정정공고,MDF0012,2,19163,***,MW안테나 복구용 수리부속 구매,2022,MDF,국군지휘통신사령부,제한경쟁,총액제,적격심사제,202205311030,20220531,낙찰
정상공고,MDF0013,1,19345,***,'22년 전반기 K체계 운용품 구매,2022,MDF,국군지휘통신사령부,제한경쟁,총액제,적격심사제,202205311030,20220531,낙찰
재공고,MDG0090,2,11862,***,22년 의무장비(주변시야계) 구매,2022,MDG,국군의무사령부,2단계경쟁(동시),총액제,최저가격제,202205311530,20220531,유찰
정상공고,MDG0130,1,19092,***,22-1차 재생토너 구매,2022,MDG,국군의무사령부,제한경쟁,총액제,적격심사제,202205311100,20220531,낙찰
긴급공고,MHD0050,1,19090,***,방위사업 원가계산 외부용역(6차),2022,MHD,방위사업청(운영지원과),협상에의한계약(전자),총액제,최저가격제,202205311500,20220531,낙찰
긴급공고,SCF0244,1,10006,***,축전지 56EA 구매,2022,SCF,해군군수사령부,제한경쟁,총액제,적격심사제,202205311030,20220531,순위확정
긴급공고,SCF0051,1,11799,***,"잠수함(SS-I, II) 위생 및 오수탱크 청소/도장 용역",2022,SCF,해군군수사령부,일반경쟁,총액제,적격심사제,202205311030,20220531,낙찰
재공고,SCF0199,2,12571,***,2톤 전동지게차 1대 구매,2022,SCF,해군군수사령부,제한경쟁,총액제,적격심사제,202205311030,20220531,낙찰
재공고,SCF0187,2,12640,***,배터리 67EA 구매,2022,SCF,해군군수사령부,제한경쟁,총액제,적격심사제,202205311030,20220531,낙찰
긴급공고,SCF0243,1,13090,***,대형차량스캐너 구매,2022,SCF,해군군수사령부,제한경쟁,총액제,적격심사제,202205311030,20220531,순위확정
재공고,SCF0240,2,16139,***,"(긴급) 가스켓, 필터 헤드 등 9종 구매",2022,SCF,해군군수사령부,제한경쟁,총액제,적격심사제,202205311030,20220531,낙찰
긴급공고,SCF0274,1,16142,***,(긴급) 팁 등 20종 구매,2022,SCF,해군군수사령부,제한경쟁,총액제,적격심사제,202205311030,20220531,낙찰
재공고,SCF0193,2,16816,001,베이크드빈스 구매,2022,SCF,해군군수사령부,제한경쟁,단가제,적격심사제,202205311030,20220531,유찰
긴급공고,SCF0242,1,16997,***,범퍼 3EA 구매,2022,SCF,해군군수사령부,제한경쟁,총액제,적격심사제,202205311030,20220531,낙찰
긴급공고,SCF0277,1,17228,***,"(긴급) 작동기,유압식-공기식,선형 등 6종 구매",2022,SCF,해군군수사령부,제한경쟁,총액제,적격심사제,202205311030,20220531,낙찰
긴급공고,SCF0275,1,17229,***,(긴급) 리니어 레일 등 3종 구매,2022,SCF,해군군수사령부,제한경쟁,총액제,적격심사제,202205311030,20220531,낙찰
재공고,SCF0212,2,17729,001,냉동후라이 구매,2022,SCF,해군군수사령부,제한경쟁,단가제,적격심사제,202205311030,20220531,유찰
긴급공고,SCF0239,1,17739,***,다중계기 등 8종 구매,2022,SCF,해군군수사령부,제한경쟁,총액제,적격심사제,202205311030,20220531,낙찰
긴급공고,SCF0293,1,17915,***,"(긴급)밸브,나비형 등 3종 구매",2022,SCF,해군군수사령부,제한경쟁,총액제,적격심사제,202205311030,20220531,유찰
긴급공고,SCF0282,1,18630,***,"(긴급)휠, 광택연마용 1종",2022,SCF,해군군수사령부,제한경쟁,총액제,적격심사제,202205311030,20220531,낙찰
긴급공고,SCF0281,1,18644,***,"(긴급)바,금속제(STS 316L 160Ø) 등 34종",2022,SCF,해군군수사령부,제한경쟁,총액제,적격심사제,202205311030,20220531,낙찰
긴급공고,SCF0278,1,18957,***,"(긴급) 다기관,흡입용 등 10종 구매",2022,SCF,해군군수사령부,제한경쟁,총액제,적격심사제,202205311030,20220531,낙찰
긴급공고,SCF0279,1,18961,***,(긴급) 미소회로 등 7종 구매,2022,SCF,해군군수사령부,제한경쟁,총액제,적격심사제,202205311030,20220531,낙찰
긴급공고,SCF0276,1,18963,***,(긴급) 아연 석판 1종 구매,2022,SCF,해군군수사령부,제한경쟁,총액제,적격심사제,202205311030,20220531,낙찰
긴급공고,SCF0280,1,18967,***,"(긴급) 하우징, 기계 구동장치용등 3종 구매",2022,SCF,해군군수사령부,제한경쟁,총액제,적격심사제,202205311030,20220531,낙찰
긴급공고,SCF0284,1,18973,***,"(긴급) 비석면판,압축식 등 14종",2022,SCF,해군군수사령부,제한경쟁,총액제,적격심사제,202205311030,20220531,낙찰
긴급공고,SCF0283,1,18991,***,(긴급) 래깅 핀 등 26종,2022,SCF,해군군수사령부,제한경쟁,총액제,적격심사제,202205311030,20220531,낙찰
긴급공고,SCF0292,1,19116,***,"(긴급)통,니들 밸브용 등 3종 구매",2022,SCF,해군군수사령부,제한경쟁,총액제,적격심사제,202205311030,20220531,낙찰
긴급공고,SCF0291,1,19120,***,"(긴급)잉곳,주석-청동용 1종 구매",2022,SCF,해군군수사령부,제한경쟁,총액제,적격심사제,202205311030,20220531,낙찰
긴급공고,SCF0290,1,19121,***,(긴급)알루미늄 합금 1종 구매,2022,SCF,해군군수사령부,제한경쟁,총액제,적격심사제,202205311030,20220531,낙찰
긴급공고,SCF0286,1,19265,***,(긴급) 구리니켈 파이프 등 46종,2022,SCF,해군군수사령부,제한경쟁,총액제,적격심사제,202205311030,20220531,낙찰
긴급공고,SCF0285,1,19296,***,(긴급) 연결기 조인트 등 18종,2022,SCF,해군군수사령부,제한경쟁,총액제,적격심사제,202205311030,20220531,낙찰
긴급공고,SCF0241,1,19361,***,자물쇠통 5종 구매,2022,SCF,해군군수사령부,제한경쟁,총액제,적격심사제,202205311030,20220531,낙찰
긴급공고,SCQ0087,1,20113,***,22-평 00아파트 시설관리 용역,2022,SCQ,제9911부대,제한경쟁,총액제,적격심사제,202205311030,20220531,낙찰
정상공고,SFG0074,1,19848,***,22-K-사업장 일반폐기물(폐합성수지류) 위탁처리 용역,2022,SFG,제9181부대,제한경쟁,총액제,적격심사제,202205311030,20220531,낙찰
긴급공고,SFH0079,1,20336,***,해상방송 원격 제어 시스템 구매 설치(도서지역),2022,SFH,제9196부대,제한경쟁,총액제,적격심사제,202205311100,20220531,낙찰
정상공고,UMM0391,1,12779,***,22-해-전관방송시설 제조설치,2022,UMM,국군재정관리단,제한경쟁,총액제,적격심사제,202205311100,20220531,낙찰
정상공고,UMM0295,1,13983,***,(226170-E) 22년 노트북 도입사업(리스물건),2022,UMM,국군재정관리단,일반경쟁,총액제,적격심사제,202205311100,20220531,낙찰
정정공고,UMM0238,2,16219,***,(22F091-I)00부대군용비행장등4개소소음영향도조사,2022,UMM,국군재정관리단,일반경쟁,총액제,적격심사제,202205311100,20220531,유찰
정정공고,UMM0239,2,16225,***,(22F095-I) 00부대 군 사격장 소음영향도 조사용역,2022,UMM,국군재정관리단,일반경쟁,총액제,적격심사제,202205311100,20220531,유찰
정정공고,UMM0240,2,16233,***,(22F103-I) 00부대 소음영향도 조사 용역,2022,UMM,국군재정관리단,일반경쟁,총액제,적격심사제,202205311100,20220531,낙찰
정상공고,UMM0390,1,17151,***,22-K-갈대제거 용역,2022,UMM,국군재정관리단,일반경쟁,총액제,적격심사제,202205311100,20220531,낙찰
정상공고,UMM0314,1,17714,***,(227096-D) 특수수술재료(수술재료2) 구매,2022,UMM,국군재정관리단,일반경쟁,총액제,적격심사제,202205311100,20220531,유찰
긴급공고,UMM0323,1,19202,***,(22F124-A)22년 훈련장 제초용역,2022,UMM,국군재정관리단,일반경쟁,총액제,적격심사제,202205311100,20220531,낙찰
정상공고,UMM0315,1,19747,***,(226131-F)디지털 인쇄장비 구매설치,2022,UMM,국군재정관리단,일반경쟁,총액제,적격심사제,202205311100,20220531,낙찰
긴급공고,UMM0325,1,20205,***,(22F105-I) 수도기계화 보병사단 조경관리용역,2022,UMM,국군재정관리단,제한경쟁,총액제,적격심사제,202205311100,20220531,낙찰
정상공고,EBB0184,1,0022A,***,"정렬장치,광학총강용",2022,EBB,지상공통전력운영계약팀,수의계약,총액제,적격심사제,202205301030,20220530,유찰
정상공고,EBB0182,1,0933,***,고속단정 인양기,2022,EBB,지상공통전력운영계약팀,일반경쟁,총액제,적격심사제,202205301400,20220530,낙찰
정상공고,EBB0180,1,4160C,***,K계열전차 유압장치부품류(제조),2022,EBB,지상공통전력운영계약팀,일반경쟁,총액제,적격심사제,202205301100,20220530,낙찰
정상공고,EBB0177,1,5021A,***,시동기,2022,EBB,지상공통전력운영계약팀,수의계약,총액제,적격심사제,202205301400,20220530,유찰
정상공고,EBB0181,1,5054,***,밸브류,2022,EBB,지상공통전력운영계약팀,일반경쟁,총액제,적격심사제,202205301100,20220530,낙찰
정상공고,EBB0185,1,5144,***,하네스류,2022,EBB,지상공통전력운영계약팀,일반경쟁,총액제,적격심사제,202205301430,20220530,낙찰
정상공고,EBB0186,1,5310,***,플렌지류,2022,EBB,지상공통전력운영계약팀,일반경쟁,총액제,적격심사제,202205301430,20220530,낙찰
재공고,EL20001,3,9004,***,다기능 관측경 국내구매사업,2022,EKA,기동총괄계약팀,협상에의한계약(서류),총액제,최저가격제,202205301400,20220530,낙찰
정정공고,EL20001,2,9004,***,다기능 관측경 국내구매사업,2022,EKA,기동총괄계약팀,협상에의한계약(서류),총액제,최저가격제,202205301400,20220530,낙찰
긴급공고,HCR0017,1,19353,***,레일식 집진장치(매연용) 제조 설치(22-049),2022,HCR,공군제15특수임무비행단,제한경쟁,총액제,적격심사제,202205301330,20220530,낙찰
정상공고,LCF0388,1,19472,***,K77장갑차 궤도 고무제거 정비,2022,LCF,육군군수사령부,수의계약,총액제,적격심사제,202205301030,20220530,유찰
정상공고,LCF0387,1,19475,***,K9자주포 궤도 고무제거 정비,2022,LCF,육군군수사령부,수의계약,총액제,적격심사제,202205301030,20220530,유찰
정상공고,LDH0532,1,17785,***,금형주조기 제조,2022,LDH,육군종합정비창,2단계경쟁(동시),총액제,최저가격제,202205301300,20220530,낙찰
정상공고,LDH0555,1,19401,***,전반기 정비장비 예비부품(궤도장비류) 구매,2022,LDH,육군종합정비창,제한경쟁,총액제,적격심사제,202205301300,20220530,낙찰
정상공고,LDH0556,1,19406,***,전반기 정비장비 예비부품(공병장비류) 구매,2022,LDH,육군종합정비창,제한경쟁,총액제,적격심사제,202205301300,20220530,낙찰
정상공고,LDH0557,1,19407,***,전반기 정비장비 예비부품(필터류 1차) 구매,2022,LDH,육군종합정비창,제한경쟁,총액제,적격심사제,202205301300,20220530,낙찰
긴급공고,LHG0010,1,19514,***,22-1차 부대조달 식자재 납품(식육가공품류),2022,LHG,제1862부대,제한경쟁,총액제,적격심사제,202205301030,20220530,낙찰
긴급공고,LKM0030,1,18837,001,"22년 예비군도시락 제조납품(남원, 정읍, 군산)",2022,LKM,제2632부대,2단계경쟁(동시),단가제,최저가격제,202205301030,20220530,낙찰
긴급공고,MDG0127,1,17964,***,22년 공공의료기관 의료장비 거래실례가격조사 용역,2022,MDG,국군의무사령부,2단계경쟁(동시),총액제,최저가격제,202205301530,20220530,유찰
정상공고,SCG0066,1,16988,***,22-함정 비행갑판 개조(Harpoon Grid 이동) 방안 연구,2022,SCG,해군본부,수의계약,총액제,최저가격제,202205301000,20220530,유찰
재공고,SFC0064,2,18513,***,22-덕-화생방 차량 특장 제작,2022,SFC,제9691부대,수의계약,총액제,적격심사제,202205301100,20220530,유찰
재공고,UMM0118,2,05121,***,(226064-E)화생방장비(KDS-1 엔진시험기) 제조,2022,UMM,국군재정관리단,2단계경쟁(동시),총액제,최저가격제,202205301100,20220530,낙찰
긴급공고,UMM0166,1,11683,***,(226014-G) ’22년 VoIP 교환기 교체사업,2022,UMM,국군재정관리단,2단계경쟁(동시),총액제,최저가격제,202205301300,20220530,낙찰
정상공고,UMM0310,1,12518,***,(226161-D) 체력단련장 운영용 카트 배터리 구매,2022,UMM,국군재정관리단,제한경쟁,총액제,적격심사제,202205301100,20220530,낙찰
정상공고,UMM0311,1,15508,***,(227175-F)감시장비(CCTV) 제조설치,2022,UMM,국군재정관리단,제한경쟁,총액제,적격심사제,202205301100,20220530,낙찰
정상공고,UMM0388,1,16869,***,22-공-군견(작전견) 건사료 구매,2022,UMM,국군재정관리단,일반경쟁,총액제,적격심사제,202205301100,20220530,낙찰
정상공고,EBB0168,1,5000,***,구동제어장치류,2022,EBB,지상공통전력운영계약팀,수의계약,총액제,적격심사제,202205271100,20220527,유찰
정상공고,EBB0173,1,5093,***,"부품키트, 소화기용",2022,EBB,지상공통전력운영계약팀,제한경쟁,총액제,적격심사제,202205271400,20220527,낙찰
정상공고,EBB0175,1,7210,***,19인치 제논탐조등,2022,EBB,지상공통전력운영계약팀,수의계약,총액제,적격심사제,202205271100,20220527,유찰
정상공고,EBB0179,1,7510,***,"암,조립체",2022,EBB,지상공통전력운영계약팀,일반경쟁,총액제,적격심사제,202205271100,20220527,낙찰
정상공고,EBB0169,1,7880,***,"허브,드럼류",2022,EBB,지상공통전력운영계약팀,일반경쟁,총액제,적격심사제,202205271100,20220527,낙찰
정상공고,EKA0017,1,7270,***,"쉘터, 비전개식(1¼톤_S-252K)",2022,EKA,기동총괄계약팀,수의계약,총액제,적격심사제,202205271030,20220527,유찰
재공고,HCG0012,2,12622,***,방음정비고 사업 정립을 위한 선행연구용역,2022,HCG,공군본부,수의계약,총액제,최저가격제,202205271100,20220527,유찰
정상공고,HCG0013,1,16222,***,차세대 미사일 방어 무기체계 발전 방향 연구,2022,HCG,공군본부,수의계약,총액제,최저가격제,202205271115,20220527,유찰
긴급공고,HCQ0040,1,17797,***,"(22-013) 장치대,소총용 1종 8점",2022,HCQ,공군제5공중기동비행단,수의계약,총액제,최저가격제,202205271100,20220527,유찰
긴급공고,HCQ0042,1,17834,***,(22-109) 방탄헬멧 1종,2022,HCQ,공군제5공중기동비행단,수의계약,총액제,최저가격제,202205271100,20220527,유찰
정상공고,LCF0383,1,18235,***,회로카드 조립체 등 5항목 구매(총포),2022,LCF,육군군수사령부,제한경쟁,총액제,적격심사제,202205271030,20220527,순위확정
정상공고,LCF0382,1,19132,***,"병,원통형 등 5품목 구매(의무)",2022,LCF,육군군수사령부,제한경쟁,총액제,적격심사제,202205271130,20220527,낙찰
정상공고,LCF0386,1,19348,***,"삼각대, 사격통제 기구용 등 15항목 구매(총포)",2022,LCF,육군군수사령부,제한경쟁,총액제,적격심사제,202205271030,20220527,순위확정
정상공고,LDH0551,1,19347,***,K1전차 렌즈 등 4종 구매,2022,LDH,육군종합정비창,제한경쟁,총액제,적격심사제,202205271300,20220527,유찰
정상공고,LDH0553,1,19365,***,열상장비 등받침대 등 6종 구매,2022,LDH,육군종합정비창,수의계약,총액제,적격심사제,202205271300,20220527,유찰
정상공고,LNS0016,1,14139,***,22년 예비군 도시락 제조 납품(1권역),2022,LNS,제55보병사단,2단계경쟁(동시),총액제,최저가격제,202205271300,20220527,낙찰
정상공고,LNS0017,1,14160,***,22년 예비군 도시락 제조 납품(2권역),2022,LNS,제55보병사단,수의계약,총액제,최저가격제,202205271300,20220527,유찰
정상공고,LNS0018,1,14163,***,22년 예비군 도시락 제조 납품(3권역),2022,LNS,제55보병사단,2단계경쟁(동시),총액제,최저가격제,202205271300,20220527,낙찰
정상공고,LNS0027,1,19332,***,육성지원사업 예비군 훈련 병력수송 버스 임차 용역,2022,LNS,제55보병사단,제한경쟁,총액제,적격심사제,202205271100,20220527,유찰
정상공고,LQG0048,1,19295,***,(육성) 검문소 경량화 물자 제조 납품,2022,LQG,육군 52보병사단,제한경쟁,총액제,적격심사제,202205271100,20220527,낙찰
정상공고,MDR0024,1,17676,***,무장결속띠 등 2종 제조,2022,MDR,제9965부대,일반경쟁,총액제,적격심사제,202205271100,20220527,낙찰
정상공고,MDR0020,1,17914,***,수중 VTR SET 등 3종 구매,2022,MDR,제9965부대,제한경쟁,총액제,적격심사제,202205271100,20220527,낙찰
정상공고,MDR0022,1,18124,***,핸드헬드 캠코더 등 3종 구매,2022,MDR,제9965부대,제한경쟁,총액제,적격심사제,202205271100,20220527,낙찰
정상공고,MDR0023,1,18125,***,방수배낭 구매,2022,MDR,제9965부대,제한경쟁,총액제,적격심사제,202205271100,20220527,낙찰
정상공고,SFC0067,1,19051,***,22-덕-계산기 등 834품목 통합구매,2022,SFC,제9691부대,제한경쟁,총액제,적격심사제,202205271100,20220527,낙찰
정상공고,UMM0259,1,12586,***,22-해-스마트 군항 구축 ISP,2022,UMM,국군재정관리단,협상에의한계약(전자),총액제,최저가격제,202205271030,20220527,낙찰
정상공고,UMM0309,1,16295,***,(226145-E) 학습프로그램(MS Office등 3종) 구매,2022,UMM,국군재정관리단,제한경쟁,총액제,적격심사제,202205271100,20220527,낙찰
정상공고,UMM0385,1,16507,***,22-해-열상장비(주·야간 전선 관측장비) 7set 구매,2022,UMM,국군재정관리단,일반경쟁,총액제,적격심사제,202205271100,20220527,낙찰
정상공고,UMM0382,1,17208,***,22-공-청력보호헤드셋 구매,2022,UMM,국군재정관리단,일반경쟁,총액제,적격심사제,202205271100,20220527,낙찰
정상공고,UMM0274,1,18004,***,(226157-D)재난안전망관리장비등 도입사업(리스물건),2022,UMM,국군재정관리단,일반경쟁,총액제,적격심사제,202205271100,20220527,낙찰
정상공고,UMM0383,1,18231,***,22-국-FW스위퍼 등 6종 구매,2022,UMM,국군재정관리단,일반경쟁,총액제,적격심사제,202205271100,20220527,낙찰
정상공고,UMM0381,1,19238,***,22-해병-상륙작전 탑재모델 유지보수 용역,2022,UMM,국군재정관리단,제한경쟁,총액제,적격심사제,202205271100,20220527,낙찰
정상공고,UMM0387,1,19330,***,22-해-작전영상전송체계 노후장비 교체사업,2022,UMM,국군재정관리단,일반경쟁,총액제,적격심사제,202205271100,20220527,낙찰
정상공고,EBB0166,1,1289,***,자주포 베어링류,2022,EBB,지상공통전력운영계약팀,수의계약,총액제,적격심사제,202205261030,20220526,유찰
재공고,EBB0136,2,6038,***,22년 개인화기 주야조준경(Ⅱ형) 부품류(제조),2022,EBB,지상공통전력운영계약팀,일반경쟁,총액제,적격심사제,202205261100,20220526,유찰
정상공고,EBB0171,1,8152,***,필터류(장갑차),2022,EBB,지상공통전력운영계약팀,수의계약,총액제,적격심사제,202205261400,20220526,유찰
정상공고,EBB0172,1,8516,***,궤도부품류(클러치 조립체 등),2022,EBB,지상공통전력운영계약팀,수의계약,총액제,적격심사제,202205261600,20220526,유찰
재공고,EHF0047,2,2556J,***,22년 천마 공기조절기 부품 정비,2022,EHF,미래전력사업전력운영계약팀,수의계약,총액제,적격심사제,202205261130,20220526,유찰
정상공고,EHF0054,1,8618,***,22년 현궁 수리부속 축전지류(제조),2022,EHF,미래전력사업전력운영계약팀,일반경쟁,총액제,적격심사제,202205261100,20220526,유찰
재공고,EHF0048,2,8640,***,22년 현궁 모의유도탄 수리부속(구매),2022,EHF,미래전력사업전력운영계약팀,일반경쟁,총액제,적격심사제,202205261430,20220526,유찰
정정공고,HCG0011,3,15955,***,제24회 항공우주력 국제학술회의 행사 위탁 용역,2022,HCG,공군본부,수의계약,총액제,최저가격제,202205261100,20220526,유찰
긴급공고,HDC0009,1,19513,***,22-68 공기청정기 필터 구메,2022,HDC,공군제1전투비행단,일반경쟁,총액제,적격심사제,202205261030,20220526,낙찰
정상공고,LCF0381,1,17447,***,상처드레싱패드 1품목 구매(의무),2022,LCF,육군군수사령부,제한경쟁,총액제,적격심사제,202205261130,20220526,순위확정
재공고,LCF0376,2,17990,***,궤도(2종) 고무제거 정비,2022,LCF,육군군수사령부,수의계약,총액제,적격심사제,202205261030,20220526,유찰
재공고,LCF0380,2,18111,***,"콘덴샤 등 2항목 제조(생산능력, 궤도)",2022,LCF,육군군수사령부,수의계약,총액제,적격심사제,202205261030,20220526,유찰
재공고,LCF0378,2,18113,***,"완제품고무,로드휠(천마)등 4항목제조(생산능력,궤도)",2022,LCF,육군군수사령부,수의계약,총액제,적격심사제,202205261030,20220526,유찰
재공고,LCH0021,2,18432,***,피티비 헬륨킷트기구(물-23),2022,LCH,특수전사령부,일반경쟁,총액제,적격심사제,202205261100,20220526,유찰
긴급공고,LCM0025,1,19530,***,22년 6월 부대계약 품목 제조구매(냉동빵),2022,LCM,육군교육사령부,수의계약,총액제,적격심사제,202205261030,20220526,유찰
긴급공고,LCM0026,1,19531,***,22년 6월 부대계약 품목 제조구매(신선한빵),2022,LCM,육군교육사령부,제한경쟁,총액제,적격심사제,202205261030,20220526,유찰
재공고,LDH0520,2,17175,***,K1전차 부품키트 구매,2022,LDH,육군종합정비창,제한경쟁,총액제,적격심사제,202205261300,20220526,낙찰
정상공고,LDH0540,1,18517,***,부품제작자재 ABS-M30 등 9종 구매,2022,LDH,육군종합정비창,수의계약,총액제,적격심사제,202205261300,20220526,유찰
정상공고,LDH0541,1,18670,***,부품제작자재 마봉강 등 64종 구매,2022,LDH,육군종합정비창,제한경쟁,총액제,적격심사제,202205261300,20220526,낙찰
정상공고,LDH0544,1,18746,***,의무장비 엑스선관 튜브 등 3종 구매,2022,LDH,육군종합정비창,제한경쟁,총액제,적격심사제,202205261300,20220526,낙찰
정상공고,LDH0546,1,19077,***,K200장갑차 봉합재 등 21종 구매,2022,LDH,육군종합정비창,제한경쟁,총액제,적격심사제,202205261300,20220526,낙찰
정상공고,LDH0547,1,19079,***,열상장비 전동기 2종 구매,2022,LDH,육군종합정비창,제한경쟁,총액제,적격심사제,202205261300,20220526,유찰
긴급공고,LMR0033,1,19301,***,항공단 과학화 경계시스템 외주정비 용역,2022,LMR,제5군단사령부,제한경쟁,총액제,적격심사제,202205261030,20220526,낙찰
긴급공고,MCD0016,1,16215,***,2022년 국방 지능정보화 컨퍼런스 행사 용역,2022,MCD,국방부(운영지원과),협상에의한계약(전자),총액제,최저가격제,202205261100,20220526,낙찰
긴급공고,MDD0085,1,18272,***,국군수도병원 본관동 건축물 정밀안전점검 용역계약,2022,MDD,국군수도병원,일반경쟁,총액제,적격심사제,202205261100,20220526,낙찰
정상공고,MDG0128,1,18135,***,22년 의무장비(인공호흡기 이동식) 구매,2022,MDG,국군의무사령부,제한경쟁,총액제,적격심사제,202205261100,20220526,낙찰
정상공고,MFL0009,1,18063,***,AI 기반 6세대 전투기 운용개념 및 발전방안 연구,2022,MFL,합동참모본부,협상에의한계약(전자),총액제,최저가격제,202205261400,20220526,낙찰
긴급공고,UMM0306,1,10723,***,22-공-인공지능 면접체계 시범적용,2022,UMM,국군재정관리단,협상에의한계약(전자),총액제,최저가격제,202205261030,20220526,낙찰
정상공고,UMM0305,1,11543,***,(22F067-A)'22년 제초관리 용역,2022,UMM,국군재정관리단,제한경쟁,총액제,적격심사제,202205261100,20220526,낙찰
긴급공고,UMM0322,1,12304,***,22-Space Challenge 무인항공기 코딩 경연대회 용역,2022,UMM,국군재정관리단,협상에의한계약(전자),총액제,최저가격제,202205261100,20220526,낙찰
긴급공고,UMM0323,1,13362,***,22-대한민국 해군 공모전 대행 용역(22H084-H),2022,UMM,국군재정관리단,2단계경쟁(동시),총액제,최저가격제,202205261100,20220526,낙찰
긴급공고,UMM0287,1,14251,***,22-해-브리핑/화상회의체계 도입사업(리스물건),2022,UMM,국군재정관리단,협상에의한계약(전자),총액제,최저가격제,202205261030,20220526,낙찰
정상공고,UMM0307,1,14808,***,(227187-F)22년 스크린 도입사업(리스물건),2022,UMM,국군재정관리단,제한경쟁,총액제,적격심사제,202205261100,20220526,낙찰
긴급공고,UMM0230,1,15973,***,(22G079-I)국방IoT제품보안가이드라인수립연구용역,2022,UMM,국군재정관리단,협상에의한계약(전자),총액제,최저가격제,202205261100,20220526,낙찰
정상공고,UMM0306,1,16472,***,(22F097-I) 22년 ASP 방화지대 구축 용역(중동부권),2022,UMM,국군재정관리단,일반경쟁,총액제,적격심사제,202205261100,20220526,낙찰
정상공고,EBB0160,1,0870,***,"시일 조립체,축통용,선박용",2022,EBB,지상공통전력운영계약팀,제한경쟁,총액제,적격심사제,202205251400,20220525,낙찰
정상공고,EBB0159,1,1488,***,표준차 유지부품,2022,EBB,지상공통전력운영계약팀,수의계약,총액제,적격심사제,202205251100,20220525,유찰
정상공고,EBB0153,1,1A519,***,22년~25년 KF-16 RAM COATING 및 외부전면도장,2022,EBB,지상공통전력운영계약팀,수의계약,총액제,적격심사제,202205251400,20220525,유찰
정상공고,EBB0161,1,4013E,***,K계열전차 포신 부품류(제조),2022,EBB,지상공통전력운영계약팀,제한경쟁,총액제,적격심사제,202205251400,20220525,낙찰
정상공고,EBB0162,1,5910,***,22년 단안형 야간투시경 부품류,2022,EBB,지상공통전력운영계약팀,수의계약,총액제,적격심사제,202205251430,20220525,유찰
정상공고,EBB0163,1,5910A,***,22년 단안형 야간투시경 부품류(구매),2022,EBB,지상공통전력운영계약팀,수의계약,총액제,적격심사제,202205251430,20220525,유찰
정상공고,EBB0154,1,6603,***,22년 제어장치조립체 및 축 조립체류,2022,EBB,지상공통전력운영계약팀,수의계약,총액제,적격심사제,202205251100,20220525,유찰
정상공고,EBB0155,1,6955,***,22년 장갑차 수리부속류(K21),2022,EBB,지상공통전력운영계약팀,수의계약,총액제,적격심사제,202205251100,20220525,유찰
정상공고,EBB0158,1,8320N,***,윈드실드(2510-700-5417),2022,EBB,지상공통전력운영계약팀,일반경쟁,총액제,적격심사제,202205251100,20220525,유찰
정상공고,EBB0157,1,8335,***,조향기어,2022,EBB,지상공통전력운영계약팀,일반경쟁,총액제,적격심사제,202205251100,20220525,유찰
정상공고,EBB0156,1,8551,***,"바퀴,고형,고무타이어용",2022,EBB,지상공통전력운영계약팀,수의계약,총액제,적격심사제,202205251100,20220525,유찰
정상공고,EBB0152,1,8998S,***,스프로킷 휠,2022,EBB,지상공통전력운영계약팀,수의계약,총액제,적격심사제,202205251100,20220525,유찰
정상공고,EHF0052,1,0006,***,"22년 오리콘 노리쇠조립체 및 멈치, 폐쇄기용",2022,EHF,미래전력사업전력운영계약팀,수의계약,총액제,적격심사제,202205251100,20220525,유찰
재공고,EHF0039,2,0015,***,22년 오리콘 탄약장진기,2022,EHF,미래전력사업전력운영계약팀,일반경쟁,총액제,적격심사제,202205251400,20220525,유찰
정상공고,EHF0053,1,0016B,***,22년 오리콘 몸통(덮개),2022,EHF,미래전력사업전력운영계약팀,수의계약,총액제,적격심사제,202205251400,20220525,유찰
정상공고,EPA0009,1,7320,***,"항공기 견인차(4,000 LBS)",2022,EPA,항공기총괄계약팀,일반경쟁,총액제,적격심사제,202205251400,20220525,낙찰
재공고,HCF0117,2,16434,***,"F-16계열 모니터,전방시현용(ASHM) 외주정비",2022,HCF,공군군수사령부,수의계약,총액제,적격심사제,202205251030,20220525,유찰
긴급공고,HCF0125,1,16862,***,작전상황 전파체계(기지 방송망) 유지보수,2022,HCF,공군군수사령부,제한경쟁,총액제,적격심사제,202205251030,20220525,낙찰
재공고,LDH0528,2,17578,***,(일장) 교량가설단정 추진장치 보호 구매,2022,LDH,육군종합정비창,제한경쟁,총액제,적격심사제,202205251300,20220525,낙찰
긴급공고,LGP0131,1,19182,***,이전사업 관급자재(토목-혼합골재),2022,LGP,제1군수지원사령부,수의계약,총액제,적격심사제,202205251030,20220525,유찰
긴급공고,LHG0008,1,17886,001,22-1차 부대계약 식자재 납품 (부식),2022,LHG,제1862부대,2단계경쟁(동시),단가제,최저가격제,202205251600,20220525,낙찰
정상공고,LNS0022,1,18639,***,22년 제초 관리 용역 (제2권역),2022,LNS,제55보병사단,제한경쟁,총액제,적격심사제,202205251100,20220525,낙찰
정상공고,LNS0023,1,18646,***,22년 제초 관리 용역 (제1권역),2022,LNS,제55보병사단,제한경쟁,총액제,적격심사제,202205251100,20220525,낙찰
정상공고,LQG0018,1,13715,***,22년 예비군 도시락 제조 납품(1권역),2022,LQG,육군 52보병사단,협상에의한계약(전자),총액제,최저가격제,202205251300,20220525,유찰
정상공고,LQG0019,1,13718,***,22년 예비군 도시락 제조 납품(2권역),2022,LQG,육군 52보병사단,협상에의한계약(전자),총액제,최저가격제,202205251300,20220525,유찰
정상공고,LQG0020,1,13724,***,22년 예비군 도시락 제조 납품(3권역),2022,LQG,육군 52보병사단,협상에의한계약(전자),총액제,최저가격제,202205251300,20220525,낙찰
정상공고,LQG0021,1,13725,***,22년 예비군 도시락 제조 납품(4권역),2022,LQG,육군 52보병사단,협상에의한계약(전자),총액제,최저가격제,202205251300,20220525,낙찰
재공고,MHD0041,2,14930,***,국방R&D 과제 평가체계 개선방안 연구,2022,MHD,방위사업청(운영지원과),협상에의한계약(전자),총액제,최저가격제,202205251400,20220525,낙찰
긴급공고,MHD0045,1,16229,***,CSP 획득개선 및 무기체계 가동률 향상방안 연구,2022,MHD,방위사업청(운영지원과),협상에의한계약(전자),총액제,최저가격제,202205251500,20220525,낙찰
정상공고,NIT0008,1,18836,***,22-국-감정장비(지문검색기) 구매,2022,NIT,국방부조사본부,제한경쟁,총액제,적격심사제,202205251100,20220525,낙찰
긴급공고,SCF0269,1,11150,***,(긴급)키퍼스트립 등 5종,2022,SCF,해군군수사령부,제한경쟁,총액제,적격심사제,202205251030,20220525,유찰
긴급공고,SCF0050,1,11745,***,'22년 000함 클리닝 시공용역,2022,SCF,해군군수사령부,일반경쟁,총액제,적격심사제,202205251030,20220525,낙찰
긴급공고,SCF0235,1,13106,***,"차륜평형기, 대형 1EA 구매",2022,SCF,해군군수사령부,제한경쟁,총액제,적격심사제,202205251030,20220525,낙찰
긴급공고,SCF0268,1,14555,***,"(긴급)부품키트, 체크밸브용 등 2종",2022,SCF,해군군수사령부,제한경쟁,총액제,적격심사제,202205251030,20220525,낙찰
긴급공고,SCF0237,1,16511,***,승압펌프 조립체 등 14종 구매,2022,SCF,해군군수사령부,제한경쟁,총액제,적격심사제,202205251030,20220525,낙찰
긴급공고,SCF0236,1,16513,***,"열전대, 접촉용 등 2종 구매",2022,SCF,해군군수사령부,제한경쟁,총액제,적격심사제,202205251030,20220525,낙찰
긴급공고,SCF0048,1,16985,***,효율적인 전투체계 창정비 방안 연구용역,2022,SCF,해군군수사령부,2단계경쟁(동시),총액제,최저가격제,202205251030,20220525,낙찰
긴급공고,SCF0261,1,17226,***,"(긴급) 밸브,나비형 등 3종 구매",2022,SCF,해군군수사령부,제한경쟁,총액제,적격심사제,202205251030,20220525,낙찰
긴급공고,SCF0262,1,17227,***,"(긴급) 실린더,유압식 1종 구매",2022,SCF,해군군수사령부,제한경쟁,총액제,적격심사제,202205251030,20220525,낙찰
긴급공고,SCF0272,1,17916,***,"(긴급)패널,차량 작동용 등 2종 구매",2022,SCF,해군군수사령부,제한경쟁,총액제,적격심사제,202205251030,20220525,낙찰
긴급공고,SCF0238,1,18304,***,페인트분무기 구매,2022,SCF,해군군수사령부,제한경쟁,총액제,적격심사제,202205251030,20220525,낙찰
재공고,SCG0052,2,11995,***,22-수중광통신의 군사적 활용방안 및 운용효과 분석,2022,SCG,해군본부,수의계약,총액제,최저가격제,202205251000,20220525,유찰
재공고,SCG0053,2,12004,***,22-G/K 창정비 사업 성과분석 연구,2022,SCG,해군본부,수의계약,총액제,최저가격제,202205251000,20220525,유찰
재공고,SCG0055,2,12012,***,22-파라메트릭 기반 함정 수명주기비용 추정방법 연구,2022,SCG,해군본부,2단계경쟁(동시),총액제,최저가격제,202205251000,20220525,낙찰
정상공고,SCG0065,1,16809,***,22-해상기반 우주발사체계 개념 연구,2022,SCG,해군본부,2단계경쟁(동시),총액제,최저가격제,202205251000,20220525,낙찰
재공고,SFN0033,2,18230,***,22-Y-사업장 비배출시설계 폐기물 처리용역,2022,SFN,연평부대,수의계약,총액제,적격심사제,202205251030,20220525,유찰
정상공고,UMM0376,1,14093,***,22-1차 공군 신형 저장랙 제조설치(229107-F),2022,UMM,국군재정관리단,제한경쟁,총액제,적격심사제,202205251100,20220525,낙찰
정상공고,UMM0303,1,14328,***,(226162-E) 신앙상징물 4종 구매,2022,UMM,국군재정관리단,제한경쟁,총액제,적격심사제,202205251100,20220525,낙찰
정상공고,UMM0374,1,14373,***,"22-공-발생기,신호용 구매",2022,UMM,국군재정관리단,일반경쟁,총액제,적격심사제,202205251100,20220525,낙찰
정상공고,UMM0299,1,16226,***,(227019-H)화상회의시스템 구매 설치,2022,UMM,국군재정관리단,제한경쟁,총액제,적격심사제,202205251100,20220525,낙찰
정상공고,UMM0377,1,16286,***,"22-해병-2차 상병건강검진(부분,영상판독) 검사 용역",2022,UMM,국군재정관리단,제한경쟁,총액제,적격심사제,202205251100,20220525,낙찰
정상공고,UMM0302,1,17025,***,(227208-E) 대테러복 등 5종 구매,2022,UMM,국군재정관리단,제한경쟁,총액제,적격심사제,202205251100,20220525,낙찰
긴급공고,UMM0386,1,18469,***,22-예천기지 일반지역 제초용역(22J045-H),2022,UMM,국군재정관리단,제한경쟁,총액제,적격심사제,202205251100,20220525,낙찰
정상공고,UMM0300,1,18632,***,(22F013-G)22년 자주포 조종시뮬레이터 유지보수 용역,2022,UMM,국군재정관리단,수의계약,총액제,적격심사제,202205251100,20220525,유찰
정상공고,EBB0151,1,0950B,***,고속단정(해병대용 및 해군용),2022,EBB,지상공통전력운영계약팀,제한경쟁,총액제,적격심사제,202205241400,20220524,낙찰
정상공고,EBB0145,1,2C180,***,"야전배낭(부사수, 탄약수)",2022,EBB,지상공통전력운영계약팀,제한경쟁,총액제,적격심사제,202205241400,20220524,유찰
정상공고,EBB0143,1,3011,***,"간, 조준용",2022,EBB,지상공통전력운영계약팀,일반경쟁,총액제,적격심사제,202205241400,20220524,낙찰
정상공고,EBB0147,1,4235,***,2022 중형제독기수리부속,2022,EBB,지상공통전력운영계약팀,제한경쟁,총액제,적격심사제,202205241100,20220524,낙찰
정상공고,EBB0140,1,6010,***,하네스류,2022,EBB,지상공통전력운영계약팀,일반경쟁,총액제,적격심사제,202205241100,20220524,낙찰
정상공고,EBB0141,1,6110,***,게이지류,2022,EBB,지상공통전력운영계약팀,수의계약,총액제,적격심사제,202205241100,20220524,유찰
재공고,EBB0111,2,8011N,***,프리히터,2022,EBB,지상공통전력운영계약팀,수의계약,총액제,적격심사제,202205241100,20220524,유찰
재공고,EBB0107,2,8326,***,휀다(기동),2022,EBB,지상공통전력운영계약팀,수의계약,총액제,적격심사제,202205241100,20220524,유찰
재공고,EBB0110,2,8366,***,차량 쿠션시트류,2022,EBB,지상공통전력운영계약팀,수의계약,총액제,적격심사제,202205241100,20220524,유찰
정상공고,EBB0142,1,8960,***,라이트류,2022,EBB,지상공통전력운영계약팀,수의계약,총액제,적격심사제,202205241100,20220524,유찰
정상공고,EBB0139,1,9091A,***,K-1 전차부품,2022,EBB,지상공통전력운영계약팀,일반경쟁,총액제,적격심사제,202205241430,20220524,낙찰
정상공고,EBB0146,1,9210,***,정수장비부품,2022,EBB,지상공통전력운영계약팀,수의계약,총액제,적격심사제,202205241100,20220524,유찰
정상공고,EHF0049,1,0381A,***,VRC-946K장치대부품(구매),2022,EHF,미래전력사업전력운영계약팀,일반경쟁,총액제,적격심사제,202205241100,20220524,낙찰
재공고,EKA0016,2,7220,***,밴(1¼톤 암호차),2022,EKA,기동총괄계약팀,수의계약,총액제,적격심사제,202205241100,20220524,유찰
재공고,HCF0099,2,15501,***,[시동용 발전기 부품] 주파수 제어기군 등 7종,2022,HCF,공군군수사령부,제한경쟁,총액제,적격심사제,202205241030,20220524,낙찰
긴급공고,HCF0123,1,18449,***,'22년 CAD/PAD품목 ASRP성능시험,2022,HCF,공군군수사령부,수의계약,총액제,적격심사제,202205241030,20220524,유찰
긴급공고,HCF0119,1,18783,***,냉동고기 슬라이서 등 2종 구매,2022,HCF,공군군수사령부,수의계약,총액제,적격심사제,202205241030,20220524,유찰
긴급공고,HCF0120,1,18789,***,스텐평식기 구매,2022,HCF,공군군수사령부,제한경쟁,총액제,적격심사제,202205241030,20220524,낙찰
긴급공고,HCF0121,1,18820,***,보존식 냉동고 등 3종 구매,2022,HCF,공군군수사령부,제한경쟁,총액제,적격심사제,202205241030,20220524,낙찰
긴급공고,HCF0122,1,18895,***,[항공등화 부품]노출형 유도로 등기구 4종,2022,HCF,공군군수사령부,수의계약,총액제,적격심사제,202205241030,20220524,유찰
긴급공고,HDP0046,1,18504,***,병사식당 식기세척이 임차용역(2대),2022,HDP,공군제19전투비행단,제한경쟁,총액제,적격심사제,202205241100,20220524,낙찰
정상공고,LBA0080,1,17941,001,'22년 제헌절 경축특식(쿠키슈)제조,2022,LBA,제 2167부대,제한경쟁,단가제,적격심사제,202205241030,20220524,낙찰
정상공고,LBA0082,1,18239,***,'22년 부식 재포장재료 구매,2022,LBA,제 2167부대,제한경쟁,총액제,적격심사제,202205241030,20220524,낙찰
긴급공고,LBB0036,1,18641,001,취사용 LPG 가스 구매,2022,LBB,육군제7789부대,제한경쟁,단가제,적격심사제,202205241030,20220524,유찰
긴급공고,LCM0024,1,18805,***,22년 6월 부대계약 품목 제조구매(어육가공품),2022,LCM,육군교육사령부,제한경쟁,총액제,적격심사제,202205241030,20220524,낙찰
긴급공고,LDA0016,1,18764,***,22년 00지역 제초관리용역,2022,LDA,지상작전사령부,제한경쟁,총액제,적격심사제,202205241100,20220524,낙찰
긴급공고,LHD0030,1,18531,***,음식물쓰레기 건조기 임차(A054),2022,LHD,제21보병사단,일반경쟁,총액제,적격심사제,202205241030,20220524,낙찰
긴급공고,LHN0024,1,17836,001,'22년 6~8월 다수품목 식자재 구매계약,2022,LHN,제7보병사단,2단계경쟁(동시),단가제,최저가격제,202205241000,20220524,낙찰
긴급공고,LHR0020,1,18336,***,`22년 취사장 후드 및 덕트 청소 용역,2022,LHR,육군 제37보병사단,제한경쟁,총액제,적격심사제,202205241030,20220524,유찰
정상공고,LKF0005,1,15938,001,예비군훈련 도시락 제조납품(2권역),2022,LKF,제6755부대,2단계경쟁(동시),단가제,최저가격제,202205241100,20220524,낙찰
정상공고,LKF0006,1,15941,001,예비군훈련 도시락 제조납품(3권역),2022,LKF,제6755부대,2단계경쟁(동시),단가제,최저가격제,202205241100,20220524,유찰
정상공고,LKF0007,1,15943,001,예비군훈련 도시락 제조납품(4권역),2022,LKF,제6755부대,2단계경쟁(동시),단가제,최저가격제,202205241100,20220524,낙찰
정상공고,LKF0008,1,16238,001,예비군훈련 도시락 제조납품(1권역),2022,LKF,제6755부대,2단계경쟁(동시),단가제,최저가격제,202205241100,20220524,낙찰
긴급공고,LKT0022,1,15855,001,22년 예비군훈련 도시락 제조납품(1권역),2022,LKT,제1989부대,2단계경쟁(동시),단가제,최저가격제,202205241030,20220524,낙찰
긴급공고,LKT0023,1,15863,001,22년 예비군훈련 도시락 제조납품(2권역),2022,LKT,제1989부대,2단계경쟁(동시),단가제,최저가격제,202205241030,20220524,낙찰
긴급공고,LKT0024,1,15867,001,22년 예비군훈련 도시락 제조납품(3권역),2022,LKT,제1989부대,2단계경쟁(동시),단가제,최저가격제,202205241030,20220524,낙찰
긴급공고,LKT0025,1,15871,001,22년 예비군훈련 도시락 제조납품(4권역),2022,LKT,제1989부대,수의계약,단가제,최저가격제,202205241030,20220524,유찰
긴급공고,LMR0028,1,13621,***,"취사장 후드,덕트 청소용역",2022,LMR,제5군단사령부,제한경쟁,총액제,적격심사제,202205241030,20220524,낙찰
긴급공고,LMR0029,1,18953,***,군 숙소 청소용역(포천),2022,LMR,제5군단사령부,제한경쟁,총액제,적격심사제,202205241030,20220524,순위확정
긴급공고,LMR0030,1,19007,***,음식물쓰레기 위탁처리 용역,2022,LMR,제5군단사령부,제한경쟁,총액제,적격심사제,202205241030,20220524,순위확정
정정공고,LMR0032,2,19128,***,(21-본2) 00훈련장 탁류저감시설 배수문 제조설치납품,2022,LMR,제5군단사령부,일반경쟁,총액제,적격심사제,202205241030,20220524,낙찰
정상공고,LQG0040,1,18605,***,박달훈련대 과학화체계 유지보수 용역,2022,LQG,육군 52보병사단,일반경쟁,총액제,적격심사제,202205241100,20220524,유찰
정상공고,LQG0041,1,18606,***,서초훈련대 과학화체계 유지보수 용역,2022,LQG,육군 52보병사단,일반경쟁,총액제,적격심사제,202205241100,20220524,유찰
정상공고,LQG0042,1,18607,***,박달훈련대 관제장비 유지보수 용역,2022,LQG,육군 52보병사단,일반경쟁,총액제,적격심사제,202205241100,20220524,낙찰
정상공고,LQG0043,1,18608,***,서초훈련대 관제장비 유지보수 용역,2022,LQG,육군 52보병사단,일반경쟁,총액제,적격심사제,202205241100,20220524,낙찰
긴급공고,MCK0004,1,16026,***,국방 증명서 통합발급체계 개인정보영향평가 사업,2022,MCK,국방전산정보원,수의계약,총액제,최저가격제,202205241100,20220524,유찰
재공고,MDD0054,2,04245,***,의무장비(환자관찰장치이동형 마취통증의학과) 구매,2022,MDD,국군수도병원,제한경쟁,총액제,적격심사제,202205241700,20220524,유찰
정상공고,MDD0084,1,14428,***,2022 의무장비(박절기 회전형자동냉각식) 구매,2022,MDD,국군수도병원,제한경쟁,총액제,적격심사제,202205241700,20220524,유찰
정상공고,MDG0123,1,17415,***,22년 특수수술재료(수술재료5) 구매,2022,MDG,국군의무사령부,제한경쟁,총액제,적격심사제,202205241100,20220524,유찰
정상공고,MDG0124,1,17421,***,22년 특수수술재료(수술재료6) 구매,2022,MDG,국군의무사령부,제한경쟁,총액제,적격심사제,202205241100,20220524,유찰
정상공고,MDG0125,1,17460,***,22년 의무장비(지속적피동운동기) 구매,2022,MDG,국군의무사령부,제한경쟁,총액제,적격심사제,202205241100,20220524,낙찰
정상공고,MDG0126,1,17470,***,22년 환자체온보온기 자동식(공기식) 구매,2022,MDG,국군의무사령부,제한경쟁,총액제,적격심사제,202205241100,20220524,낙찰
정상공고,MDG0122,1,17648,***,22년 특수수술재료(수술재료3) 구매,2022,MDG,국군의무사령부,제한경쟁,총액제,적격심사제,202205241100,20220524,유찰
정상공고,MDJ0029,1,18284,***,의무비품(침대(조절식 3단)등 3종)구매계약,2022,MDJ,국군대전병원,일반경쟁,총액제,적격심사제,202205241030,20220524,낙찰
정상공고,MHD0038,1,12914,***,국방감항인증원(가칭) 설립 및 운영에 관한 연구,2022,MHD,방위사업청(운영지원과),협상에의한계약(전자),총액제,최저가격제,202205241500,20220524,낙찰
긴급공고,MHD0047,1,17867,***,방위사업 원가계산 외부용역(5차),2022,MHD,방위사업청(운영지원과),협상에의한계약(전자),총액제,최저가격제,202205241500,20220524,낙찰
긴급공고,SCF0234,1,05536,***,안테나조립체 1종 구매,2022,SCF,해군군수사령부,제한경쟁,총액제,적격심사제,202205241030,20220524,순위확정
긴급공고,SCF0233,1,06445,***,개스킷 등 16종 구매,2022,SCF,해군군수사령부,제한경쟁,총액제,적격심사제,202205241030,20220524,낙찰
재공고,SCF0195,2,10557,***,밸브 등 7종 구매,2022,SCF,해군군수사령부,제한경쟁,총액제,적격심사제,202205241030,20220524,순위확정
긴급공고,SCF0223,1,11090,***,10톤 가레이지작키 등 4종 구매,2022,SCF,해군군수사령부,제한경쟁,총액제,적격심사제,202205241030,20220524,낙찰
긴급공고,SCF0222,1,11303,***,전원공급기 구매,2022,SCF,해군군수사령부,제한경쟁,총액제,적격심사제,202205241030,20220524,낙찰
긴급공고,SCF0253,1,11389,***,"(긴급)판,금속제 등 3종",2022,SCF,해군군수사령부,제한경쟁,총액제,적격심사제,202205241030,20220524,낙찰
긴급공고,SCF0220,1,11460,***,"테이프, 절연용, 전기용 등 2종 구매",2022,SCF,해군군수사령부,제한경쟁,총액제,적격심사제,202205241030,20220524,순위확정
재공고,SCF0221,2,12419,***,(긴급) 브레이크 슈즈 셋트 등 8종 구매,2022,SCF,해군군수사령부,제한경쟁,총액제,적격심사제,202205241030,20220524,유찰
재공고,SCF0213,2,12421,***,"(긴급) 밸브,솔레노이드용 등 6종 구매",2022,SCF,해군군수사령부,제한경쟁,총액제,적격심사제,202205241030,20220524,유찰
재공고,SCF0209,2,12766,***,(긴급) 기어박스 키트 등 4종 구매,2022,SCF,해군군수사령부,제한경쟁,총액제,적격심사제,202205241030,20220524,유찰
재공고,SCF0186,2,13235,***,확성기-마이크로폰 등 14종 구매,2022,SCF,해군군수사령부,제한경쟁,총액제,적격심사제,202205241030,20220524,순위확정
긴급공고,SCF0232,1,15031,***,"동기장치, 전기식 구매",2022,SCF,해군군수사령부,제한경쟁,총액제,적격심사제,202205241030,20220524,순위확정
재공고,SCF0189,2,15424,***,"시험세트,전기회로용,유도탄 발사장치용 1종 구매",2022,SCF,해군군수사령부,제한경쟁,총액제,적격심사제,202205241030,20220524,낙찰
긴급공고,SCF0257,1,15545,***,(긴급)오링류 등 12종 구매,2022,SCF,해군군수사령부,제한경쟁,총액제,적격심사제,202205241030,20220524,낙찰
긴급공고,SCF0258,1,16236,***,"(긴급)진공펌프,왕복식 등 6종 구매",2022,SCF,해군군수사령부,제한경쟁,총액제,적격심사제,202205241030,20220524,낙찰
긴급공고,SCF0259,1,16240,***,"(긴급)노즐,연료 분사용 등 4종 구매",2022,SCF,해군군수사령부,제한경쟁,총액제,적격심사제,202205241030,20220524,낙찰
긴급공고,SCF0267,1,16242,***,(긴급)과부하 히터 코일 등 24종 구매,2022,SCF,해군군수사령부,제한경쟁,총액제,적격심사제,202205241030,20220524,유찰
긴급공고,SCF0224,1,16574,***,"사이렌, 전동기 작동식 등 14종 구매",2022,SCF,해군군수사령부,제한경쟁,총액제,적격심사제,202205241030,20220524,낙찰
긴급공고,SCF0231,1,16737,***,"씰, 밀봉형 등 2종 구매",2022,SCF,해군군수사령부,제한경쟁,총액제,적격심사제,202205241030,20220524,낙찰
긴급공고,SCF0226,1,17059,***,"부품키트, 왕복 펌프용 등 3종 구매",2022,SCF,해군군수사령부,제한경쟁,총액제,적격심사제,202205241030,20220524,낙찰
긴급공고,SCF0227,1,17061,***,조절기 등 21종 구매,2022,SCF,해군군수사령부,제한경쟁,총액제,적격심사제,202205241030,20220524,순위확정
긴급공고,SCF0254,1,17223,***,(긴급) 해수펌프 등 2종 구매,2022,SCF,해군군수사령부,제한경쟁,총액제,적격심사제,202205241030,20220524,낙찰
긴급공고,SCF0255,1,17224,***,"(긴급) 콘덴서,냉각용 1종 구매",2022,SCF,해군군수사령부,제한경쟁,총액제,적격심사제,202205241030,20220524,낙찰
긴급공고,SCF0214,1,17720,001,동그량땡 구매,2022,SCF,해군군수사령부,제한경쟁,단가제,적격심사제,202205241030,20220524,낙찰
긴급공고,SCF0213,1,17726,001,요거트푸딩 구매,2022,SCF,해군군수사령부,제한경쟁,단가제,적격심사제,202205241030,20220524,낙찰
긴급공고,SCF0212,1,17729,001,냉동후라이 구매,2022,SCF,해군군수사령부,제한경쟁,단가제,적격심사제,202205241030,20220524,유찰
긴급공고,SCF0215,1,17733,001,야채튀김 구매,2022,SCF,해군군수사령부,제한경쟁,단가제,적격심사제,202205241030,20220524,낙찰
긴급공고,SCF0216,1,17737,001,고구마튀김 구매,2022,SCF,해군군수사령부,제한경쟁,단가제,적격심사제,202205241030,20220524,낙찰
긴급공고,SCF0205,1,17806,001,마요네즈 구매,2022,SCF,해군군수사령부,제한경쟁,단가제,적격심사제,202205241030,20220524,낙찰
긴급공고,SCF0204,1,17816,001,부대찌개소스 구매,2022,SCF,해군군수사령부,제한경쟁,단가제,적격심사제,202205241030,20220524,낙찰
긴급공고,SCF0202,1,17840,001,바나나우유 구매,2022,SCF,해군군수사령부,제한경쟁,단가제,적격심사제,202205241030,20220524,낙찰
긴급공고,SCF0256,1,17917,***,"(긴급)밸브,선형,방향 제어용 1종 구매",2022,SCF,해군군수사령부,제한경쟁,총액제,적격심사제,202205241030,20220524,낙찰
긴급공고,SCF0260,1,17918,***,(긴급)방향제어밸브 1종 구매,2022,SCF,해군군수사령부,제한경쟁,총액제,적격심사제,202205241030,20220524,유찰
긴급공고,SCF0266,1,17920,***,"(긴급)램프,발광 다이오드용 등 28종 구매",2022,SCF,해군군수사령부,제한경쟁,총액제,적격심사제,202205241030,20220524,낙찰
긴급공고,SCF0228,1,18104,***,위성방송수신안테나 6set 구매,2022,SCF,해군군수사령부,제한경쟁,총액제,적격심사제,202205241030,20220524,낙찰
긴급공고,SCF0230,1,18202,***,개스킷 등 9종 구매,2022,SCF,해군군수사령부,제한경쟁,총액제,적격심사제,202205241030,20220524,순위확정
긴급공고,SCF0229,1,18211,***,앵글밸브 등 3종 구매,2022,SCF,해군군수사령부,제한경쟁,총액제,적격심사제,202205241030,20220524,낙찰
긴급공고,SCF0221,1,18685,***,보충실린더 조립체 1종 구매,2022,SCF,해군군수사령부,제한경쟁,총액제,적격심사제,202205241030,20220524,순위확정
긴급공고,SCF0225,1,18995,***,금속제 바 10EA 구매,2022,SCF,해군군수사령부,제한경쟁,총액제,적격심사제,202205241030,20220524,순위확정
긴급공고,SCQ0083,1,18754,***,22-평 00함 등 부분보수 용역,2022,SCQ,제9911부대,제한경쟁,총액제,적격심사제,202205241030,20220524,낙찰
정상공고,SFD0050,1,17731,***,22-P-열상장비 외주정비 용역,2022,SFD,제9227부대,제한경쟁,총액제,적격심사제,202205241100,20220524,낙찰
긴급공고,SFD0049,1,18370,***,쇼파테이블 등 8품목 구매설치,2022,SFD,제9227부대,제한경쟁,총액제,적격심사제,202205241030,20220524,낙찰
긴급공고,SFM0061,1,18617,***,22-해병대 유류(도서-차량) 구매,2022,SFM,제3170부대,제한경쟁,총액제,적격심사제,202205241030,20220524,낙찰
긴급공고,UMM0302,1,10874,***,22-공군 기후예측 및 기후변화 시나리오 연구용역,2022,UMM,국군재정관리단,수의계약,총액제,최저가격제,202205241100,20220524,유찰
정상공고,UMM0373,1,11328,***,22-공-자동차정비 공구세트 구매,2022,UMM,국군재정관리단,제한경쟁,총액제,적격심사제,202205241100,20220524,유찰
재공고,UMM0241,2,14393,***,(22F085-I) 유해환경작업장 작업환경 측정 용역,2022,UMM,국군재정관리단,일반경쟁,총액제,적격심사제,202205241100,20220524,낙찰
긴급공고,UMM0304,1,14463,***,(226189-D) 중형 굴삭기(타이어형) 구매,2022,UMM,국군재정관리단,제한경쟁,총액제,적격심사제,202205241100,20220524,낙찰
정상공고,UMM0372,1,14585,***,22-해병-스키장구(바인딩 등 4종) 구매,2022,UMM,국군재정관리단,제한경쟁,총액제,적격심사제,202205241100,20220524,낙찰
정상공고,UMM0286,1,15470,***,(227183-F)고정형 음원수집기지 구축사업,2022,UMM,국군재정관리단,일반경쟁,총액제,적격심사제,202205241100,20220524,낙찰
정상공고,UMM0294,1,15679,***,(226202-C)보링기11KW 구매,2022,UMM,국군재정관리단,일반경쟁,총액제,적격심사제,202205241100,20220524,낙찰
정상공고,UMM0289,1,15899,***,(227182-E) 이동형 음원수집장비 노후교체사업,2022,UMM,국군재정관리단,일반경쟁,총액제,적격심사제,202205241100,20220524,낙찰
정상공고,EBB0135,1,1617,***,프로펠라 샤후트류,2022,EBB,지상공통전력운영계약팀,수의계약,총액제,적격심사제,202205231400,20220523,유찰
긴급공고,LGC0014,1,13987,***,육군학생군사학교 후보생식당 민간위탁급식 용역,2022,LGC,육군학생군사학교,협상에의한계약(전자),총액제,최저가격제,202205231100,20220523,낙찰
긴급공고,LHM0030,1,18287,001,22년 6~8월 식자재 다수품목 단가계약,2022,LHM,제15보병사단,2단계경쟁(동시),단가제,최저가격제,202205231400,20220523,낙찰
긴급공고,LHM0032,1,18472,***,22년 음식물쓰레기 위탁처리 용역,2022,LHM,제15보병사단,제한경쟁,총액제,적격심사제,202205231100,20220523,낙찰
긴급공고,LHM0034,1,18818,001,22년 6~8월 부대계약 (어육가공품),2022,LHM,제15보병사단,일반경쟁,단가제,적격심사제,202205231100,20220523,낙찰
정상공고,LIK0076,1,18090,001,'22년 6~8월 부대계약 부식(빵류 2개 품목),2022,LIK,제2군수지원여단,제한경쟁,단가제,적격심사제,202205231030,20220523,낙찰
정상공고,LNG0045,1,17871,***,종합훈련장 내부시설물 물품구매,2022,LNG,육군 제1군단,제한경쟁,총액제,적격심사제,202205231100,20220523,낙찰
정상공고,LNG0046,1,18160,***,간부숙소 노후비품 구매,2022,LNG,육군 제1군단,제한경쟁,총액제,적격심사제,202205231100,20220523,낙찰
정상공고,LNG0047,1,18186,***,군단 직할부대 제초 용역,2022,LNG,육군 제1군단,제한경쟁,총액제,적격심사제,202205231100,20220523,낙찰
긴급공고,SFC0064,1,18513,***,22-덕-화생방 차량 특장 제작,2022,SFC,제9691부대,수의계약,총액제,적격심사제,202205231100,20220523,유찰
긴급공고,SFC0066,1,18526,***,22-덕-헬기위치추적체계 단말기 구매 설치,2022,SFC,제9691부대,제한경쟁,총액제,적격심사제,202205231100,20220523,유찰
정상공고,UMM0275,1,12074,***,(226144-D)교육장비(GCMS) 구매,2022,UMM,국군재정관리단,제한경쟁,총액제,적격심사제,202205231100,20220523,낙찰
재공고,UMM0307,2,13118,***,22-공-조종사용 선글라스 5종 제조,2022,UMM,국군재정관리단,제한경쟁,총액제,적격심사제,202205231100,20220523,유찰
정상공고,UMM0363,1,13416,***,22-국-워크인쿨러 등 3종 구매설치,2022,UMM,국군재정관리단,일반경쟁,총액제,적격심사제,202205231100,20220523,낙찰
정상공고,UMM0279,1,13716,***,(226155-F)차륜정비장비(타이어탈착기 등 2종) 구매,2022,UMM,국군재정관리단,일반경쟁,총액제,적격심사제,202205231100,20220523,낙찰
정상공고,UMM0227,1,13728,***,(226021-G)'22년통합위협관리체계 교체사업(리스물건),2022,UMM,국군재정관리단,일반경쟁,총액제,적격심사제,202205231100,20220523,낙찰
정상공고,UMM0283,1,14029,***,"(226154-E) 차륜정비장비(분석기,차량엔진용) 구매",2022,UMM,국군재정관리단,일반경쟁,총액제,적격심사제,202205231100,20220523,낙찰
정상공고,UMM0367,1,14961,***,22-해-다기능 사다리 등 2종 구매,2022,UMM,국군재정관리단,제한경쟁,총액제,적격심사제,202205231100,20220523,낙찰
정상공고,UMM0280,1,15095,***,(226173-D) 22년 육군 표창장 표지 제조납품,2022,UMM,국군재정관리단,제한경쟁,총액제,적격심사제,202205231100,20220523,낙찰
정상공고,UMM0281,1,15365,***,(227205-F)진단검사 장비운영소모품 72종 구매,2022,UMM,국군재정관리단,일반경쟁,총액제,적격심사제,202205231100,20220523,낙찰
정상공고,UMM0278,1,15812,***,(227199-F)보장구 40종 구매,2022,UMM,국군재정관리단,제한경쟁,총액제,적격심사제,202205231100,20220523,낙찰
정상공고,UMM0368,1,18155,***,"22-국-냉장, 냉동고 등 5종 구매",2022,UMM,국군재정관리단,일반경쟁,총액제,적격심사제,202205231100,20220523,낙찰
정상공고,UMM0369,1,18175,***,22-해-자동 세차기 구매(228100-D),2022,UMM,국군재정관리단,제한경쟁,총액제,적격심사제,202205231100,20220523,낙찰
정상공고,EBB0138,1,0120A,***,워터젯추진기용 실린더,2022,EBB,지상공통전력운영계약팀,제한경쟁,총액제,적격심사제,202205201100,20220520,낙찰
정상공고,EBB0133,1,1618,***,송풍기류,2022,EBB,지상공통전력운영계약팀,일반경쟁,총액제,적격심사제,202205201400,20220520,유찰
정상공고,EBB0134,1,1621,***,자주포 전기전자장치 부품류,2022,EBB,지상공통전력운영계약팀,일반경쟁,총액제,적격심사제,202205201030,20220520,낙찰
정상공고,EBB0136,1,6038,***,22년 개인화기 주야조준경(Ⅱ형) 부품류(제조),2022,EBB,지상공통전력운영계약팀,일반경쟁,총액제,적격심사제,202205201100,20220520,유찰
정상공고,EBB0124,1,A1054,***,"22년~23년 (F-5항공기용) 피스톤, 선형작동 실린더용",2022,EBB,지상공통전력운영계약팀,수의계약,총액제,적격심사제,202205201400,20220520,유찰
정상공고,EHF0046,1,0550A,***,스파이더체계 수리부속(구매),2022,EHF,미래전력사업전력운영계약팀,일반경쟁,총액제,적격심사제,202205201300,20220520,낙찰
정상공고,EHF0042,1,7503A,***,전술이동체계 부품(구매),2022,EHF,미래전력사업전력운영계약팀,일반경쟁,총액제,적격심사제,202205201100,20220520,낙찰
재공고,EKA0013,2,7250,***,트럭(1¼톤 통신가설차용),2022,EKA,기동총괄계약팀,수의계약,총액제,적격심사제,202205201100,20220520,유찰
정정공고,LBA0079,2,17716,001,'22년 부대조달 부식(쫄면) 구매,2022,LBA,제 2167부대,제한경쟁,단가제,적격심사제,202205201030,20220520,낙찰
정정공고,LBA0077,2,17718,001,'22년 부대조달 부식(꽃빵) 구매,2022,LBA,제 2167부대,제한경쟁,단가제,적격심사제,202205201030,20220520,낙찰
정상공고,LCF0376,1,17990,***,궤도(2종) 고무제거 정비,2022,LCF,육군군수사령부,수의계약,총액제,적격심사제,202205201030,20220520,유찰
정상공고,LCF0380,1,18111,***,"콘덴샤 등 2항목 제조(생산능력, 궤도)",2022,LCF,육군군수사령부,수의계약,총액제,적격심사제,202205201030,20220520,유찰
정상공고,LCF0379,1,18112,***,노즐홀더 조립체 등 2항목 구매(궤도),2022,LCF,육군군수사령부,제한경쟁,총액제,적격심사제,202205201030,20220520,낙찰
정상공고,LCF0377,1,18114,***,고정자 코일 등 1항목 제조(궤도),2022,LCF,육군군수사령부,제한경쟁,총액제,적격심사제,202205201030,20220520,낙찰
긴급공고,LCH0021,1,18432,***,피티비 헬륨킷트기구(물-23),2022,LCH,특수전사령부,일반경쟁,총액제,적격심사제,202205201100,20220520,유찰
정정공고,LDH0521,2,17176,***,K1전차 부품목록 구매,2022,LDH,육군종합정비창,제한경쟁,총액제,적격심사제,202205201300,20220520,낙찰
정상공고,LDH0535,1,18081,***,K55자주포 베어링 8종 구매,2022,LDH,육군종합정비창,제한경쟁,총액제,적격심사제,202205201300,20220520,낙찰
정상공고,LDH0536,1,18085,***,(화공) 에버루브 620 등 9종 구매,2022,LDH,육군종합정비창,제한경쟁,총액제,적격심사제,202205201300,20220520,낙찰
정상공고,LDH0537,1,18086,***,K55자주포 단열모포 9종 구매,2022,LDH,육군종합정비창,제한경쟁,총액제,적격심사제,202205201300,20220520,유찰
긴급공고,LGQ0011,1,15577,***,22년 예비군훈련 급식업체 (도시락) 계약,2022,LGQ,제36보병사단,2단계경쟁(동시),총액제,적격심사제,202205201100,20220520,낙찰
정정공고,LHM0028,2,17712,***,[군-군-5] 22년 취사장 청소용역,2022,LHM,제15보병사단,제한경쟁,총액제,적격심사제,202205201030,20220520,낙찰
긴급공고,LMK0024,1,17213,***,6월 부대계약 급식품목(중기간 제외 품목),2022,LMK,제6보병사단,2단계경쟁(동시),총액제,최저가격제,202205201030,20220520,낙찰
긴급공고,LMZ0002,1,18031,***,22년 00부대 제초용역,2022,LMZ,제2공병여단,제한경쟁,총액제,적격심사제,202205201100,20220520,낙찰
긴급공고,LQH0007,1,15445,***,22년 예비군 도시락 제조 납품(2권역),2022,LQH,제3697부대,협상에의한계약(전자),총액제,최저가격제,202205201300,20220520,낙찰
긴급공고,LQH0008,1,15593,***,22년 예비군 도시락 제조 납품(1권역),2022,LQH,제3697부대,협상에의한계약(전자),총액제,최저가격제,202205201300,20220520,낙찰
재공고,MDR0017,2,14531,***,선박 엔진 외주정비,2022,MDR,제9965부대,일반경쟁,총액제,적격심사제,202205201100,20220520,낙찰
정상공고,MDR0021,1,15047,***,방수총낭 구매,2022,MDR,제9965부대,일반경쟁,총액제,적격심사제,202205201100,20220520,낙찰
긴급공고,UMM0291,1,12347,***,22-설계자료 활용 및 군 시설단가 표준화 연구용역,2022,UMM,국군재정관리단,수의계약,총액제,최저가격제,202205201100,20220520,유찰
정상공고,UMM0362,1,12727,***,22-000체력단련장 5인승 자동 골프카 10대 임차용역,2022,UMM,국군재정관리단,제한경쟁,총액제,적격심사제,202205201100,20220520,유찰
정상공고,UMM0265,1,13597,***,(226019-G)22년모바일/멀티미디어체계교체(리스물건),2022,UMM,국군재정관리단,제한경쟁,총액제,적격심사제,202205201100,20220520,낙찰
정상공고,UMM0365,1,13617,***,22-공-00단련장 전동승용카트(5인승) 구매,2022,UMM,국군재정관리단,일반경쟁,총액제,적격심사제,202205201100,20220520,낙찰
정상공고,UMM0366,1,13872,***,22-해-비상소화펌프 250GPM 10EA 구매,2022,UMM,국군재정관리단,일반경쟁,총액제,적격심사제,202205201100,20220520,낙찰
긴급공고,UMM0299,1,14969,***,22-해사 스마트캠퍼스 구축 ISP,2022,UMM,국군재정관리단,협상에의한계약(전자),총액제,최저가격제,202205201030,20220520,낙찰
정상공고,UMM0361,1,17701,***,22-해-생활하수배출펌프 4EA 제조,2022,UMM,국군재정관리단,제한경쟁,총액제,적격심사제,202205201100,20220520,낙찰
정상공고,EBB0128,1,1268,***,발전기 및 발전기 부품류,2022,EBB,지상공통전력운영계약팀,수의계약,총액제,적격심사제,202205191030,20220519,순위확정
정상공고,EBB0126,1,4160G,***,22년 K계열전차 유압장치부품류(구매),2022,EBB,지상공통전력운영계약팀,제한경쟁,총액제,적격심사제,202205191400,20220519,낙찰
정상공고,EBB0130,1,4185,***,"시험세트, 조종장치용",2022,EBB,지상공통전력운영계약팀,수의계약,총액제,적격심사제,202205191500,20220519,유찰
정상공고,EBB0125,1,4312B,***,탄피 방출통 조립체(40미리함포 부품),2022,EBB,지상공통전력운영계약팀,제한경쟁,총액제,적격심사제,202205191430,20220519,낙찰
정상공고,EBB0131,1,5002A,***,제동기 조립체,2022,EBB,지상공통전력운영계약팀,수의계약,총액제,적격심사제,202205191100,20220519,유찰
정상공고,EBB0127,1,6305,***,궤도부품류,2022,EBB,지상공통전력운영계약팀,수의계약,총액제,적격심사제,202205191030,20220519,유찰
정상공고,EBB0132,1,6470,***,터미날(축전지용),2022,EBB,지상공통전력운영계약팀,제한경쟁,총액제,적격심사제,202205191100,20220519,낙찰
재공고,EBB0026,2,6607,***,"22년 뚜껑,주입구용",2022,EBB,지상공통전력운영계약팀,수의계약,총액제,적격심사제,202205191100,20220519,유찰
정상공고,EBB0129,1,9222A,***,22년 회로카드조립체,2022,EBB,지상공통전력운영계약팀,수의계약,총액제,적격심사제,202205191400,20220519,유찰
재공고,EHF0023,2,2110,***,'22년 냉난방기(TPS-830K용) 제조,2022,EHF,미래전력사업전력운영계약팀,수의계약,총액제,적격심사제,202205191500,20220519,순위확정
정상공고,EHF0047,1,2556J,***,22년 천마 공기조절기 부품 정비,2022,EHF,미래전력사업전력운영계약팀,수의계약,총액제,적격심사제,202205191100,20220519,유찰
정상공고,EHF0048,1,8640,***,22년 현궁 모의유도탄 수리부속(구매),2022,EHF,미래전력사업전력운영계약팀,일반경쟁,총액제,적격심사제,202205191430,20220519,유찰
긴급공고,HCF0118,1,16156,***,"하이브리드차(1,600CC)",2022,HCF,공군군수사령부,수의계약,총액제,적격심사제,202205191030,20220519,유찰
긴급공고,HCF0115,1,18010,***,구조경보기 구매,2022,HCF,공군군수사령부,제한경쟁,총액제,적격심사제,202205191030,20220519,낙찰
긴급공고,HCF0116,1,18027,***,방탄복 제조,2022,HCF,공군군수사령부,제한경쟁,총액제,적격심사제,202205191030,20220519,낙찰
재공고,HCQ0026,2,11413,***,"(22-012) 망원경, 직선형 1종 8점",2022,HCQ,공군제5공중기동비행단,수의계약,총액제,최저가격제,202205191100,20220519,낙찰
긴급공고,HCQ0036,1,16420,***,"(22-010) 발사장치,비살상용 1종 8점",2022,HCQ,공군제5공중기동비행단,수의계약,총액제,최저가격제,202205191100,20220519,유찰
긴급공고,HCQ0037,1,16439,***,(22-019) 휴대용 금속절단 토치 1종 8점,2022,HCQ,공군제5공중기동비행단,수의계약,총액제,최저가격제,202205191100,20220519,유찰
긴급공고,HCQ0038,1,16450,***,"(22-007) 조명등, 무기용 1종 51점",2022,HCQ,공군제5공중기동비행단,수의계약,총액제,최저가격제,202205191100,20220519,낙찰
긴급공고,HCS0022,1,18252,***,(조달) 22-1-031 공기청정기 필터 등 4품목 구매,2022,HCS,제3훈련비행단,제한경쟁,총액제,적격심사제,202205191100,20220519,낙찰
긴급공고,LCG0053,1,17509,***,'22-2차 전산운영용품 구매,2022,LCG,육군본부,제한경쟁,총액제,적격심사제,202205191030,20220519,낙찰
긴급공고,LCG0054,1,17693,***,'22년 과학화출입통제체계 운용 SW관리용역,2022,LCG,육군본부,제한경쟁,총액제,적격심사제,202205191030,20220519,낙찰
정상공고,LDH0531,1,17709,***,브리넬 경도기 구매,2022,LDH,육군종합정비창,제한경쟁,총액제,적격심사제,202205191300,20220519,낙찰
긴급공고,LKM0016,1,15961,001,22년 예비군 도시락 제조납품(3권역),2022,LKM,제2632부대,2단계경쟁(동시),단가제,최저가격제,202205191030,20220519,낙찰
긴급공고,LKM0017,1,15964,001,22년 예비군 도시락 제조납품(4권역),2022,LKM,제2632부대,2단계경쟁(동시),단가제,최저가격제,202205191030,20220519,낙찰
긴급공고,LKM0019,1,15968,001,22년 예비군 도시락 제조납품(6권역),2022,LKM,제2632부대,2단계경쟁(동시),단가제,최저가격제,202205191030,20220519,낙찰
긴급공고,LMH0008,1,18107,***,공기청정기 필터 구매,2022,LMH,제7군단,제한경쟁,총액제,적격심사제,202205191030,20220519,낙찰
긴급공고,LNF0012,1,18020,***,'22년 전진교 정밀안전점검 용역,2022,LNF,제1보병사단,제한경쟁,총액제,적격심사제,202205191030,20220519,낙찰
정상공고,MFL0007,1,16980,***,"인공지능 무기체계 시험평가 기준,절차,방법 연구",2022,MFL,합동참모본부,협상에의한계약(전자),총액제,최저가격제,202205191500,20220519,낙찰
긴급공고,SFN0033,1,18230,***,22-Y-사업장 비배출시설계 폐기물 처리용역,2022,SFN,연평부대,수의계약,총액제,적격심사제,202205191030,20220519,유찰
정상공고,UMM0356,1,06289,***,22-공-트랙터탑재식 청소기 구매,2022,UMM,국군재정관리단,일반경쟁,총액제,적격심사제,202205191100,20220519,낙찰
정상공고,UMM0355,1,10029,***,22-국-3톤 지게차 등 2종 구매,2022,UMM,국군재정관리단,제한경쟁,총액제,적격심사제,202205191100,20220519,낙찰
정상공고,UMM0267,1,10759,***,(226126-C) 화상회의체계장비 구매설치,2022,UMM,국군재정관리단,제한경쟁,총액제,적격심사제,202205191100,20220519,낙찰
정상공고,UMM0269,1,12858,***,(227156-C) 전산운영용품(잉크/토너) 구매,2022,UMM,국군재정관리단,제한경쟁,총액제,적격심사제,202205191100,20220519,낙찰
정상공고,UMM0263,1,14589,***,(226150-E) 플로터 등 인쇄장비 2종 구매,2022,UMM,국군재정관리단,제한경쟁,총액제,적격심사제,202205191100,20220519,낙찰
정상공고,UMM0357,1,15315,***,22-공-압축기(왕복식) 구매,2022,UMM,국군재정관리단,일반경쟁,총액제,적격심사제,202205191100,20220519,낙찰
긴급공고,UMM0282,1,15672,***,(22G080-A)'22 ~ '25년 식기세척기 임차 용역,2022,UMM,국군재정관리단,제한경쟁,총액제,적격심사제,202205191100,20220519,낙찰
긴급공고,UMM0270,1,16186,***,(227128-B) 하키장 인조잔디 구매설치,2022,UMM,국군재정관리단,일반경쟁,총액제,적격심사제,202205191100,20220519,낙찰
정상공고,UMM0359,1,16293,***,22-해-항만시설대 FRP계류부이 등 7종 제조,2022,UMM,국군재정관리단,일반경쟁,총액제,적격심사제,202205191100,20220519,유찰
정상공고,UMM0358,1,17741,***,22-해-온수가열기(1EA) 제조설치,2022,UMM,국군재정관리단,제한경쟁,총액제,적격심사제,202205191100,20220519,낙찰
긴급공고,UMM0370,1,18249,***,"22-1차 계룡대 쇼핑타운 비품(쇼케이스, 진열대) 구매",2022,UMM,국군재정관리단,제한경쟁,총액제,적격심사제,202205191100,20220519,낙찰
정상공고,EBB0102,1,1110,***,관성제동장치 조립체,2022,EBB,지상공통전력운영계약팀,일반경쟁,총액제,적격심사제,202205181100,20220518,낙찰
정상공고,EBB0121,1,1130B,***,"방열기,엔진냉각제용(포)",2022,EBB,지상공통전력운영계약팀,수의계약,총액제,적격심사제,202205181040,20220518,유찰
정상공고,EBB0055,1,4112,***,"방열기,엔진냉각제용",2022,EBB,지상공통전력운영계약팀,일반경쟁,총액제,적격심사제,202205181100,20220518,낙찰
정상공고,EBB0105,1,4545A,***,케이블 조립체,2022,EBB,지상공통전력운영계약팀,일반경쟁,총액제,적격심사제,202205181100,20220518,낙찰
정상공고,EBB0106,1,4999A,***,함정 실내 LED 천장등,2022,EBB,지상공통전력운영계약팀,일반경쟁,총액제,적격심사제,202205181430,20220518,낙찰
정상공고,EBB0118,1,5026,***,22년 155밀리 장전훈련탄,2022,EBB,지상공통전력운영계약팀,제한경쟁,총액제,적격심사제,202205181430,20220518,낙찰
정상공고,EBB0108,1,5143,***,라이트류,2022,EBB,지상공통전력운영계약팀,수의계약,총액제,적격심사제,202205181100,20220518,유찰
정상공고,EBB0122,1,6630,***,유압밸브류,2022,EBB,지상공통전력운영계약팀,일반경쟁,총액제,적격심사제,202205181400,20220518,낙찰
정상공고,EBB0111,1,8011N,***,프리히터,2022,EBB,지상공통전력운영계약팀,수의계약,총액제,적격심사제,202205181100,20220518,유찰
정상공고,EBB0123,1,8159,***,K-1전차 여과기류,2022,EBB,지상공통전력운영계약팀,수의계약,총액제,적격심사제,202205181100,20220518,유찰
정상공고,EBB0107,1,8326,***,휀다(기동),2022,EBB,지상공통전력운영계약팀,수의계약,총액제,적격심사제,202205181100,20220518,유찰
정상공고,EHF0038,1,1002B,***,22년 발칸 유지부품(구매),2022,EHF,미래전력사업전력운영계약팀,일반경쟁,총액제,적격심사제,202205181100,20220518,낙찰
재공고,EHF0029,2,4335,***,통신용10kw발전기유지부품,2022,EHF,미래전력사업전력운영계약팀,수의계약,총액제,적격심사제,202205181500,20220518,유찰
재공고,EHF0028,2,4507,***,5kw 발전기유지부품,2022,EHF,미래전력사업전력운영계약팀,수의계약,총액제,적격심사제,202205181100,20220518,유찰
정상공고,ETA0001,1,5102,***,해상감시레이더-II 양산사업 일반공구,2022,ETA,감시전자총괄계약팀,일반경쟁,총액제,적격심사제,202205181530,20220518,순위확정
정상공고,EUA0003,1,8282F,***,항공작전용 바람 프로파일러,2022,EUA,첨단기술총괄계약팀,수의계약,총액제,최저가격제,202205181400,20220518,유찰
긴급공고,HCC0053,1,18070,***,"시일, 평면형 등 12종 구매(105)",2022,HCC,해군제1수리창,제한경쟁,총액제,적격심사제,202205181030,20220518,낙찰
긴급공고,HCC0054,1,18074,***,"콘덴서, 냉각용 등 4종 구매(106)",2022,HCC,해군제1수리창,제한경쟁,총액제,적격심사제,202205181030,20220518,낙찰
재공고,HCF0090,2,12683,***,음성합성 소프트웨어 등 5종,2022,HCF,공군군수사령부,제한경쟁,총액제,적격심사제,202205181030,20220518,낙찰
정상공고,HCG0012,1,12622,***,방음정비고 사업 정립을 위한 선행연구용역,2022,HCG,공군본부,수의계약,총액제,최저가격제,202205181100,20220518,유찰
긴급공고,HCM0059,1,18073,***,22-05-162 적혈구침강속도측정기 등 2품목,2022,HCM,공군교육사령부,일반경쟁,총액제,적격심사제,202205181100,20220518,낙찰
재공고,LBB0032,2,09253,001,22년 부대조달 후식(바나나),2022,LBB,육군제7789부대,일반경쟁,단가제,적격심사제,202205181030,20220518,낙찰
정상공고,LCF0110,1,17073,***,개스킷 드럼용 등 8항목 제조(급유물자),2022,LCF,육군군수사령부,제한경쟁,총액제,적격심사제,202205181030,20220518,낙찰
정상공고,LCF0109,1,17075,***,플러그 드럼용 등 8항목 제조(급유물자),2022,LCF,육군군수사령부,제한경쟁,총액제,적격심사제,202205181030,20220518,낙찰
긴급공고,LCK0014,1,18088,***,22-063 00부대 제습기 제조 설치,2022,LCK,수도방위사령부,수의계약,총액제,적격심사제,202205181030,20220518,유찰
정상공고,LDG0027,1,17209,***,'22년 취사장 후드 및 덕트 청소용역,2022,LDG,육군 탄약지원사령부,제한경쟁,총액제,적격심사제,202205181030,20220518,낙찰
정상공고,LDH0525,1,17480,***,3D 금속 프린터 구매,2022,LDH,육군종합정비창,일반경쟁,총액제,적격심사제,202205181300,20220518,유찰
정상공고,LDH0526,1,17504,***,3D 비금속 프린터 구매,2022,LDH,육군종합정비창,일반경쟁,총액제,적격심사제,202205181300,20220518,낙찰
정상공고,LDH0527,1,17576,***,(일장) 교량가설단정 솔레노이드등 4종구매,2022,LDH,육군종합정비창,제한경쟁,총액제,적격심사제,202205181300,20220518,낙찰
정상공고,LDH0528,1,17578,***,(일장) 교량가설단정 추진장치 보호 구매,2022,LDH,육군종합정비창,제한경쟁,총액제,적격심사제,202205181300,20220518,유찰
정상공고,LDH0529,1,17580,***,(일장) 장갑전투도자 노즐등 6종구매,2022,LDH,육군종합정비창,제한경쟁,총액제,적격심사제,202205181300,20220518,낙찰
정상공고,LKP0044,1,17617,***,22년 6월 식자재(부대조달 부식) 구매,2022,LKP,5군수지원사령부,일반경쟁,총액제,적격심사제,202205181100,20220518,낙찰
긴급공고,LMP0023,1,17220,001,22-1차 부대계약 급식품목 식자재 계약(수정2),2022,LMP,제3보병사단,2단계경쟁(동시),단가제,최저가격제,202205181000,20220518,낙찰
긴급공고,LPG0033,1,18101,001,22년 군숙소 액화석유가스(LPG) 납품 신규계약,2022,LPG,제5보병사단,제한경쟁,단가제,적격심사제,202205181100,20220518,낙찰
정상공고,LQG0032,1,17662,***,(육성)야간투시경 제조(납품),2022,LQG,육군 52보병사단,일반경쟁,총액제,적격심사제,202205181100,20220518,낙찰
긴급공고,MCK0003,1,16030,***,상용망 기반의 전장이동추적 단말기 구매 사업,2022,MCK,국방전산정보원,수의계약,총액제,최저가격제,202205181100,20220518,유찰
정상공고,MDG0117,1,17492,***,22년 의무장비(전산화 신경인지기능검사기) 구매,2022,MDG,국군의무사령부,제한경쟁,총액제,적격심사제,202205181100,20220518,낙찰
재공고,MFL0005,2,14923,***,민군 상생을 위한 대체시설 검토 및 관리방안 연구,2022,MFL,합동참모본부,협상에의한계약(전자),총액제,최저가격제,202205181400,20220518,낙찰
긴급공고,SCF0218,1,06392,***,"핀, 피스톤용 등 14종 구매",2022,SCF,해군군수사령부,제한경쟁,총액제,적격심사제,202205181030,20220518,낙찰
긴급공고,SCF0216,1,12552,***,가청 주파수 증폭기 5EA 구매,2022,SCF,해군군수사령부,제한경쟁,총액제,적격심사제,202205181030,20220518,낙찰
긴급공고,SCF0217,1,12620,***,"탐지기,풍향 및 풍속용 등 3종 구매",2022,SCF,해군군수사령부,제한경쟁,총액제,적격심사제,202205181030,20220518,순위확정
긴급공고,SCF0214,1,14085,***,전동포크리프트 2set 구매,2022,SCF,해군군수사령부,제한경쟁,총액제,적격심사제,202205181030,20220518,순위확정
긴급공고,SCF0252,1,15294,***,"(긴급)고정물,전등용 등 3종 구매",2022,SCF,해군군수사령부,제한경쟁,총액제,적격심사제,202205181030,20220518,낙찰
긴급공고,SCF0215,1,16986,***,"변환기, 가속도용 등 14종 구매",2022,SCF,해군군수사령부,제한경쟁,총액제,적격심사제,202205181030,20220518,낙찰
긴급공고,SCF0219,1,17006,***,고무호스 등 10종 구매,2022,SCF,해군군수사령부,제한경쟁,총액제,적격심사제,202205181030,20220518,유찰
긴급공고,SCF0251,1,17240,***,대기용 활성탄 등 20종,2022,SCF,해군군수사령부,제한경쟁,총액제,적격심사제,202205181030,20220518,낙찰
긴급공고,UMM0195,1,12037,***,(22F011-G) 헬기위치추적체계 SW고도화 사업 용역,2022,UMM,국군재정관리단,협상에의한계약(전자),총액제,최저가격제,202205181300,20220518,낙찰
정상공고,UMM0353,1,13866,***,22-해-정수장 및 수원지 제초용역,2022,UMM,국군재정관리단,제한경쟁,총액제,적격심사제,202205181100,20220518,낙찰
정상공고,UMM0259,1,14895,***,(22F068-I)유류중대급유시설민간위탁기술검사 용역,2022,UMM,국군재정관리단,일반경쟁,총액제,적격심사제,202205181100,20220518,낙찰
정상공고,UMM0352,1,15613,***,22-공-전동카트 구매,2022,UMM,국군재정관리단,일반경쟁,총액제,적격심사제,202205181100,20220518,낙찰
정상공고,UMM0258,1,17550,***,(22F094-A)학교본부 및 3연대 정수기 임차용역,2022,UMM,국군재정관리단,제한경쟁,총액제,적격심사제,202205181100,20220518,낙찰
정상공고,UMM0354,1,17562,***,22-공-오실로스코프 등 3종 구매,2022,UMM,국군재정관리단,제한경쟁,총액제,적격심사제,202205181100,20220518,낙찰
정상공고,EBB0112,1,2110A,***,"K9자주포 포신,포미장치부품류(제조)",2022,EBB,지상공통전력운영계약팀,일반경쟁,총액제,적격심사제,202205171030,20220517,낙찰
정상공고,EBB0098,1,3002,***,22년 방수포장백류,2022,EBB,지상공통전력운영계약팀,일반경쟁,총액제,적격심사제,202205171400,20220517,낙찰
정상공고,EBB0117,1,4031,***,"바퀴, 고형고무타이어용",2022,EBB,지상공통전력운영계약팀,수의계약,총액제,적격심사제,202205171100,20220517,유찰
정상공고,EBB0115,1,4040B,***,2022 인체제독용물자세트 수리부속(구매),2022,EBB,지상공통전력운영계약팀,일반경쟁,총액제,적격심사제,202205171400,20220517,낙찰
정상공고,EBB0104,1,4111B,***,"22년 스위치,온도조절용",2022,EBB,지상공통전력운영계약팀,수의계약,총액제,적격심사제,202205171400,20220517,유찰
정상공고,EBB0004,1,6004,***,22년 전술레이저 표적지시기,2022,EBB,지상공통전력운영계약팀,협상에의한계약(서류),총액제,최저가격제,202205171400,20220517,낙찰
재공고,EBB0045,2,6211,***,섀클류(전차용),2022,EBB,지상공통전력운영계약팀,수의계약,총액제,적격심사제,202205171100,20220517,유찰
정상공고,EBB0116,1,6620,***,하우징류,2022,EBB,지상공통전력운영계약팀,일반경쟁,총액제,적격심사제,202205171400,20220517,낙찰
재공고,EBB0065,2,8571,***,"방열기, 난방용",2022,EBB,지상공통전력운영계약팀,수의계약,총액제,적격심사제,202205171500,20220517,유찰
재공고,EHF0021,2,0300M,***,22년 수신안테나 레이돔(ALQ-88/200) 구매,2022,EHF,미래전력사업전력운영계약팀,수의계약,총액제,적격심사제,202205171500,20220517,유찰
정상공고,EHF0040,1,0350A,***,AM무전기부품(구매),2022,EHF,미래전력사업전력운영계약팀,일반경쟁,총액제,적격심사제,202205171500,20220517,낙찰
재공고,EHF0026,2,1003,***,통합전화기(제조),2022,EHF,미래전력사업전력운영계약팀,수의계약,총액제,적격심사제,202205171100,20220517,유찰
재공고,EHF0024,2,8039A,***,22년 특수무기 베어링,2022,EHF,미래전력사업전력운영계약팀,수의계약,총액제,적격심사제,202205171100,20220517,유찰
정상공고,ELA0014,1,1000T,***,기술교범 인쇄 및 바인더(230mm급다련장 2차양산),2022,ELA,화력총괄계약팀,제한경쟁,총액제,적격심사제,202205171430,20220517,낙찰
정상공고,ELA0013,1,5802,***,22년 해상연막조명 신호탄,2022,ELA,화력총괄계약팀,수의계약,총액제,적격심사제,202205171500,20220517,유찰
긴급공고,HCC0051,1,17891,***,충전임펙렌치 등 3종 구매(102),2022,HCC,해군제1수리창,제한경쟁,총액제,적격심사제,202205171030,20220517,낙찰
긴급공고,HCC0052,1,17895,***,충전그라인더 등 2종 구매(103),2022,HCC,해군제1수리창,제한경쟁,총액제,적격심사제,202205171030,20220517,낙찰
긴급공고,HCF0114,1,16899,***,연동통제소(TADIL-ICS) 유지보수,2022,HCF,공군군수사령부,제한경쟁,총액제,적격심사제,202205171030,20220517,낙찰
긴급공고,HCF0112,1,17553,***,'22년~'23년 RC-800 무전기용 수신기-송신기 외주정비,2022,HCF,공군군수사령부,제한경쟁,총액제,적격심사제,202205171030,20220517,낙찰
재공고,HCG0006,2,12177,***,야전정비 수리부속 구매 계약 (펌프 등 6종),2022,HCG,공군본부,수의계약,총액제,적격심사제,202205171100,20220517,유찰
긴급공고,HCM0056,1,17688,***,"22-04-119 시험세트, 초음파식 1품목",2022,HCM,공군교육사령부,일반경쟁,총액제,적격심사제,202205171100,20220517,낙찰
긴급공고,HDG0027,1,16377,***,22-13-13 야전공장 분석평가 및 선행연구 용역,2022,HDG,공군제10전투비행단,2단계경쟁(동시),총액제,최저가격제,202205171100,20220517,낙찰
긴급공고,HFK0016,1,17549,***,철매Ⅱ성능개량 (무0지역) 관급자재 레미콘 납품,2022,HFK,제1방공유도탄여단,수의계약,총액제,적격심사제,202205171100,20220517,유찰
재공고,LCF0104,2,14098,***,반사경 등 27항목 구매(항공공구),2022,LCF,육군군수사령부,제한경쟁,총액제,적격심사제,202205171030,20220517,낙찰
재공고,LCF0355,3,14554,***,오-링 등 250항목 제조(처묶음),2022,LCF,육군군수사령부,수의계약,총액제,적격심사제,202205171030,20220517,유찰
재공고,LCG0042,2,12744,***,’22년 미래혁신연구센터 부대소개영상 제작용역,2022,LCG,육군본부,2단계경쟁(동시),총액제,최저가격제,202205171000,20220517,낙찰
긴급공고,LCG0041,1,12755,***,미래 지역예비군 최적화 방안 연구 용역,2022,LCG,육군본부,협상에의한계약(전자),총액제,최저가격제,202205171000,20220517,낙찰
재공고,LCG0043,2,13596,***,’22년 군종 영상교재 제작 용역,2022,LCG,육군본부,수의계약,총액제,최저가격제,202205171000,20220517,유찰
긴급공고,LCG0044,1,13662,***,미래환경 변화 속 육군 병과체계 발전 방안 연구 용역,2022,LCG,육군본부,협상에의한계약(전자),총액제,최저가격제,202205171000,20220517,낙찰
긴급공고,LCG0045,1,15092,***,육군 부사관학교 시설종합발전계획 연구용역,2022,LCG,육군본부,2단계경쟁(동시),총액제,최저가격제,202205171000,20220517,유찰
긴급공고,LCG0046,1,15427,***,’22년 육군 기획홍보영상 제작 용역,2022,LCG,육군본부,협상에의한계약(전자),총액제,최저가격제,202205171000,20220517,낙찰
긴급공고,LCG0049,1,15669,***,육군 이미지 및 신뢰도 조사 용역,2022,LCG,육군본부,협상에의한계약(전자),총액제,최저가격제,202205171000,20220517,낙찰
긴급공고,LCG0050,1,15951,***,재사용 가능한 우주발사체 효용성 연구 용역,2022,LCG,육군본부,수의계약,총액제,최저가격제,202205171000,20220517,유찰
긴급공고,LCJ0022,1,17778,***,(22군책-물품026)00부대 워키스태커 구매,2022,LCJ,종합보급창,일반경쟁,총액제,적격심사제,202205171100,20220517,낙찰
긴급공고,LCV0001,1,17530,***,[특수전학교] '22년 제초용역,2022,LCV,특수전학교,제한경쟁,총액제,적격심사제,202205171030,20220517,낙찰
정상공고,LDH0524,1,17369,***,(화공) 수산화나트륨 등 9종 구매,2022,LDH,육군종합정비창,제한경쟁,총액제,적격심사제,202205171300,20220517,낙찰
긴급공고,LGP0130,1,17782,***,22년 정비피복 제조구매,2022,LGP,제1군수지원사령부,제한경쟁,총액제,적격심사제,202205171100,20220517,낙찰
긴급공고,LHK0023,1,17434,***,00부대 공사감독 차량 임차용역,2022,LHK,제2군단,수의계약,총액제,적격심사제,202205171030,20220517,유찰
긴급공고,LHN0022,1,17804,001,'22년 6~8월 부대계약 부식 어육가공품류 계약,2022,LHN,제7보병사단,제한경쟁,단가제,적격심사제,202205171030,20220517,낙찰
긴급공고,LIK0073,1,16447,001,'22년 6~8월 식자재 다수품목 단가계약,2022,LIK,제2군수지원여단,2단계경쟁(동시),단가제,최저가격제,202205171000,20220517,낙찰
긴급공고,LKD0030,1,17391,***,00부대 예비군훈련대 신축 관급자재(자동제어)(22-1),2022,LKD,제32보병사단,일반경쟁,총액제,적격심사제,202205171100,20220517,낙찰
긴급공고,LKD0031,1,17393,***,00부대 예비군훈련대 신축 관급자재(자동제어)(22-2),2022,LKD,제32보병사단,일반경쟁,총액제,적격심사제,202205171100,20220517,낙찰
긴급공고,LKS0038,1,16982,***,'22년 모범장병 나라사랑 투어 버스 임차용역,2022,LKS,육군인사사령부,제한경쟁,총액제,적격심사제,202205171030,20220517,낙찰
긴급공고,LKS0039,1,17010,***,'22년 모범장병 나라사랑 투어 홍보 물품 구매,2022,LKS,육군인사사령부,제한경쟁,총액제,적격심사제,202205171030,20220517,낙찰
긴급공고,LKT0032,1,17698,***,'22년 육성지원물자 제조구매(야전깔개 등 3개 품목),2022,LKT,제1989부대,제한경쟁,총액제,적격심사제,202205171030,20220517,낙찰
긴급공고,LNQ0020,1,17888,***,00부대 부대계약 식자재 구매(6~7월),2022,LNQ,제17보병사단,일반경쟁,총액제,적격심사제,202205171030,20220517,낙찰
정상공고,MDG0012,1,16943,***,22-5차 연구장비 구매 계약 - 원심분리기 소형탁상용,2022,MDG,국군의무사령부,제한경쟁,총액제,적격심사제,202205171600,20220517,순위확정
정상공고,MDG0010,1,16947,***,22-3차 연구장비 구매 계약 - 미생물측정기,2022,MDG,국군의무사령부,제한경쟁,총액제,적격심사제,202205171600,20220517,유찰
정상공고,MDG0011,1,16948,***,22-4차 연구장비 구매 계약 - 세균배양기 CO2,2022,MDG,국군의무사령부,제한경쟁,총액제,적격심사제,202205171600,20220517,낙찰
정상공고,MDG0008,1,17344,***,22-1차 연구장비 구매 계약 - 증기후드,2022,MDG,국군의무사령부,수의계약,총액제,적격심사제,202205171600,20220517,순위확정
정상공고,MDG0009,1,17349,***,22-2차 연구장비 구매 계약 - 기구세척기 초음파형,2022,MDG,국군의무사령부,수의계약,총액제,적격심사제,202205171600,20220517,유찰
긴급공고,MHD0043,1,15516,***,방산업체 방위산업기술 보호역량 강화방안 연구,2022,MHD,방위사업청(운영지원과),협상에의한계약(전자),총액제,최저가격제,202205171500,20220517,낙찰
재공고,SCF0169,2,05678,***,수신기-송신기군 등 2종 구매,2022,SCF,해군군수사령부,일반경쟁,총액제,적격심사제,202205171030,20220517,낙찰
긴급공고,SCF0245,1,09171,***,"파이프 조립체,금속제 등 9종",2022,SCF,해군군수사령부,제한경쟁,총액제,적격심사제,202205171030,20220517,유찰
긴급공고,SCF0241,1,09758,***,"잉곳,구리 등 1종",2022,SCF,해군군수사령부,제한경쟁,총액제,적격심사제,202205171030,20220517,낙찰
긴급공고,SCF0205,1,10206,***,"고압세척기, 차량용 6EA 구매",2022,SCF,해군군수사령부,제한경쟁,총액제,적격심사제,202205171030,20220517,낙찰
긴급공고,SCF0206,1,10219,***,무선단자 세트 등 5종 구매,2022,SCF,해군군수사령부,제한경쟁,총액제,적격심사제,202205171030,20220517,낙찰
긴급공고,SCF0244,1,11040,***,MIT SAH 하드디스크 패키지 1종,2022,SCF,해군군수사령부,제한경쟁,총액제,적격심사제,202205171030,20220517,낙찰
긴급공고,SCF0203,1,11305,***,"회전자, 전동기용 6EA 구매",2022,SCF,해군군수사령부,제한경쟁,총액제,적격심사제,202205171030,20220517,낙찰
긴급공고,SCF0211,1,11323,***,부호기 조립체 9EA 구매,2022,SCF,해군군수사령부,제한경쟁,총액제,적격심사제,202205171030,20220517,낙찰
긴급공고,SCF0210,1,11449,***,"전원공급기, 무정전식 등 3종 구매",2022,SCF,해군군수사령부,제한경쟁,총액제,적격심사제,202205171030,20220517,낙찰
재공고,SCF0192,2,11563,***,에어컨가스 회수충전기 1EA 구매,2022,SCF,해군군수사령부,수의계약,총액제,적격심사제,202205171030,20220517,순위확정
재공고,SCF0181,2,13204,***,"벨트, V형 등 9종 구매",2022,SCF,해군군수사령부,제한경쟁,총액제,적격심사제,202205171030,20220517,순위확정
재공고,SCF0198,2,13407,***,"(긴급)밸브,앵글형 등 10종",2022,SCF,해군군수사령부,제한경쟁,총액제,적격심사제,202205171030,20220517,낙찰
재공고,SCF0182,2,13651,***,투명지용(트레이싱지) 구매,2022,SCF,해군군수사령부,제한경쟁,총액제,적격심사제,202205171030,20220517,유찰
재공고,SCF0205,2,13779,***,(긴급)제어장치-표시기 하부조립체 등 2종,2022,SCF,해군군수사령부,제한경쟁,총액제,적격심사제,202205171030,20220517,유찰
재공고,SCF0193,2,13919,***,"클램프, 호스용 등 2종 구매",2022,SCF,해군군수사령부,제한경쟁,총액제,적격심사제,202205171030,20220517,순위확정
긴급공고,SCF0207,1,13922,***,고경도 볼엔드밀 등 48종 구매,2022,SCF,해군군수사령부,제한경쟁,총액제,적격심사제,202205171030,20220517,낙찰
긴급공고,SCF0209,1,15159,***,"등, 표지, 선박용 등 5종 구매",2022,SCF,해군군수사령부,제한경쟁,총액제,적격심사제,202205171030,20220517,낙찰
긴급공고,SCF0247,1,15393,***,볼 밸브2 등 9종,2022,SCF,해군군수사령부,제한경쟁,총액제,적격심사제,202205171030,20220517,유찰
긴급공고,SCF0204,1,15409,***,에어컨가스회수충전기 구매,2022,SCF,해군군수사령부,제한경쟁,총액제,적격심사제,202205171030,20220517,낙찰
긴급공고,SCF0246,1,15414,***,"핀,토글용,유두형 등 10종",2022,SCF,해군군수사령부,제한경쟁,총액제,적격심사제,202205171030,20220517,낙찰
긴급공고,SCF0243,1,15417,***,다이어콜 등 2종,2022,SCF,해군군수사령부,수의계약,총액제,적격심사제,202205171030,20220517,유찰
긴급공고,SCF0208,1,15505,***,전류조절기 등 4종 구매,2022,SCF,해군군수사령부,제한경쟁,총액제,적격심사제,202205171030,20220517,유찰
긴급공고,SCF0249,1,15540,***,(긴급)열 및 연기 감지기 등 2종구매,2022,SCF,해군군수사령부,제한경쟁,총액제,적격심사제,202205171030,20220517,낙찰
긴급공고,SCF0242,1,15982,***,"철선, 비 전기용 등 9종",2022,SCF,해군군수사령부,제한경쟁,총액제,적격심사제,202205171030,20220517,낙찰
긴급공고,SCF0240,1,16139,***,"(긴급) 가스켓, 필터 헤드 등 9종 구매",2022,SCF,해군군수사령부,제한경쟁,총액제,적격심사제,202205171030,20220517,유찰
긴급공고,SCF0250,1,16243,***,(긴급)연결기 1종 구매,2022,SCF,해군군수사령부,제한경쟁,총액제,적격심사제,202205171030,20220517,낙찰
긴급공고,SCF0248,1,16244,***,(긴급)전자 구성품 조립체 등 2종 구매,2022,SCF,해군군수사령부,제한경쟁,총액제,적격심사제,202205171030,20220517,낙찰
긴급공고,SCF0183,1,16696,001,오리훈제(슬라이스) 구매,2022,SCF,해군군수사령부,제한경쟁,단가제,적격심사제,202205171030,20220517,낙찰
긴급공고,SCF0185,1,16705,001,어채볶음 구매,2022,SCF,해군군수사령부,제한경쟁,단가제,적격심사제,202205171030,20220517,낙찰
긴급공고,SCF0186,1,16711,001,게맛살 구매,2022,SCF,해군군수사령부,제한경쟁,단가제,적격심사제,202205171030,20220517,낙찰
긴급공고,SCF0187,1,16716,001,떡국떡 구매,2022,SCF,해군군수사령부,제한경쟁,단가제,적격심사제,202205171030,20220517,낙찰
긴급공고,SCF0188,1,16721,001,고구마샐러드 구매,2022,SCF,해군군수사령부,제한경쟁,단가제,적격심사제,202205171030,20220517,낙찰
긴급공고,SCF0189,1,16724,001,떡볶이떡 구매,2022,SCF,해군군수사령부,제한경쟁,단가제,적격심사제,202205171030,20220517,낙찰
긴급공고,SCF0190,1,16726,001,단무지 구매,2022,SCF,해군군수사령부,제한경쟁,단가제,적격심사제,202205171030,20220517,유찰
긴급공고,SCF0191,1,16730,001,실곤약 구매,2022,SCF,해군군수사령부,제한경쟁,단가제,적격심사제,202205171030,20220517,낙찰
긴급공고,SCF0192,1,16732,001,생우동 구매,2022,SCF,해군군수사령부,제한경쟁,단가제,적격심사제,202205171030,20220517,낙찰
긴급공고,SCF0194,1,16761,001,두반장 소스 구매,2022,SCF,해군군수사령부,제한경쟁,단가제,적격심사제,202205171030,20220517,낙찰
긴급공고,SCF0195,1,16763,001,매실농축액 구매,2022,SCF,해군군수사령부,제한경쟁,단가제,적격심사제,202205171030,20220517,낙찰
긴급공고,SCF0196,1,16766,001,모짜렐라치즈 구매,2022,SCF,해군군수사령부,제한경쟁,단가제,적격심사제,202205171030,20220517,낙찰
긴급공고,SCF0197,1,16770,001,생강분말 구매,2022,SCF,해군군수사령부,제한경쟁,단가제,적격심사제,202205171030,20220517,낙찰
긴급공고,SCF0198,1,16774,001,칠리소스 구매,2022,SCF,해군군수사령부,제한경쟁,단가제,적격심사제,202205171030,20220517,유찰
긴급공고,SCF0199,1,16814,001,마카로니 구매,2022,SCF,해군군수사령부,제한경쟁,단가제,적격심사제,202205171030,20220517,유찰
긴급공고,SCF0193,1,16816,001,베이크드빈스 구매,2022,SCF,해군군수사령부,제한경쟁,단가제,적격심사제,202205171030,20220517,유찰
긴급공고,SCF0212,1,17044,***,"베어링, 볼형, 환상형 등 5종 구매",2022,SCF,해군군수사령부,제한경쟁,총액제,적격심사제,202205171030,20220517,낙찰
긴급공고,SCF0213,1,17051,***,오-링 등 15종 구매,2022,SCF,해군군수사령부,제한경쟁,총액제,적격심사제,202205171030,20220517,순위확정
긴급공고,SCF0182,1,17561,001,버팔로치킨윙 구매,2022,SCF,해군군수사령부,제한경쟁,단가제,적격심사제,202205171030,20220517,낙찰
긴급공고,SCN0069,1,17905,***,라텍스글러브 등 218종(의료기재),2022,SCN,제7001부대,제한경쟁,총액제,적격심사제,202205171030,20220517,낙찰
재공고,SCP0066,2,15509,***,YPK-A(00호정) 상가 외주정비,2022,SCP,제8385부대,제한경쟁,총액제,적격심사제,202205171030,20220517,낙찰
긴급공고,SFG0067,1,17812,***,응급처치키트 구매,2022,SFG,제9181부대,일반경쟁,총액제,적격심사제,202205171030,20220517,낙찰
긴급공고,SFG0066,1,17819,***,펜라이트 등 157품목 구매,2022,SFG,제9181부대,일반경쟁,총액제,적격심사제,202205171030,20220517,낙찰
긴급공고,SFG0065,1,17824,***,직각자 등 557품목 구매,2022,SFG,제9181부대,제한경쟁,총액제,적격심사제,202205171030,20220517,낙찰
긴급공고,SFH0075,1,17732,***,22-B-비데 임차 용역,2022,SFH,제9196부대,제한경쟁,총액제,적격심사제,202205171030,20220517,낙찰
재공고,SFN0028,2,16128,***,22-연평도 부식류 민간위탁배송 용역,2022,SFN,연평부대,수의계약,총액제,적격심사제,202205171030,20220517,유찰
재공고,UAC0018,2,16384,***,폐쇄망 3D SW 라이선스 구매,2022,UAC,국방출판지원단,수의계약,총액제,적격심사제,202205171100,20220517,유찰
정상공고,UMM0221,1,08066,***,22-군 비행장 조명시설 표준화 연구용역,2022,UMM,국군재정관리단,수의계약,총액제,최저가격제,202205171100,20220517,유찰
정상공고,UMM0217,1,09788,***,22-해상근무자 정신전력 집체교육 용역(22H060-H),2022,UMM,국군재정관리단,협상에의한계약(전자),총액제,최저가격제,202205171100,20220517,낙찰
정상공고,UMM0253,1,10546,***,(226115-D) 차아염소산나트륨 등 2종 구매,2022,UMM,국군재정관리단,제한경쟁,총액제,적격심사제,202205171100,20220517,낙찰
정상공고,UMM0254,1,13549,***,"(226165-D) 시험세트군,전자계통용 구매",2022,UMM,국군재정관리단,제한경쟁,총액제,적격심사제,202205171100,20220517,낙찰
재공고,UMM0277,2,13653,***,22-공- 주파수 측정세트 구매,2022,UMM,국군재정관리단,제한경쟁,총액제,적격심사제,202205171100,20220517,낙찰
정상공고,UMM0255,1,14877,***,(227197-D) 전산운영용품 구매,2022,UMM,국군재정관리단,제한경쟁,총액제,적격심사제,202205171100,20220517,낙찰
긴급공고,UMM0266,1,15463,***,(226152-C)식품검사장비 운영소모품 구매,2022,UMM,국군재정관리단,제한경쟁,총액제,적격심사제,202205171100,20220517,낙찰
정상공고,UMM0350,1,15944,***,22~27년 정수기(75대) 임차용역(22J041-H),2022,UMM,국군재정관리단,제한경쟁,총액제,적격심사제,202205171100,20220517,낙찰
정상공고,UMM0351,1,16509,***,22년 활주로 제초 용역(22J043-I),2022,UMM,국군재정관리단,제한경쟁,총액제,적격심사제,202205171100,20220517,낙찰
정정공고,UMM0339,2,16931,***,22-해-센타리스 그라인더 머신 구매,2022,UMM,국군재정관리단,제한경쟁,총액제,적격심사제,202205171100,20220517,낙찰
정상공고,UMM0349,1,17338,***,22-국-리치스태커 구매(2210012-D),2022,UMM,국군재정관리단,수의계약,총액제,적격심사제,202205171100,20220517,유찰
정상공고,EBB0099,1,5150,***,엘보우류,2022,EBB,지상공통전력운영계약팀,일반경쟁,총액제,적격심사제,202205161100,20220516,낙찰
정상공고,EBB0095,1,6013,***,22년 전차 클램프류(제조),2022,EBB,지상공통전력운영계약팀,일반경쟁,총액제,적격심사제,202205161400,20220516,낙찰
정상공고,EBB0097,1,8322,***,"시일,봉합조립체류",2022,EBB,지상공통전력운영계약팀,일반경쟁,총액제,적격심사제,202205161030,20220516,낙찰
정상공고,EBB0100,1,8580,***,가스켓류,2022,EBB,지상공통전력운영계약팀,수의계약,총액제,적격심사제,202205161100,20220516,유찰
정상공고,ER60001,1,0001,***,해상작전위성통신체계-II,2021,ER6,우주감시정찰사업팀,협상에의한계약(서류),총액제,최저가격제,202205161500,20220516,유찰
정상공고,LBA0072,1,16476,001,'22년 부대조달 부식(어육가공품 4종) 제조,2022,LBA,제 2167부대,제한경쟁,단가제,적격심사제,202205161030,20220516,낙찰
정상공고,LBA0076,1,16484,001,‘22년 6~8월 식자재 다수품목 단가계약,2022,LBA,제 2167부대,일반경쟁,단가제,최저가격제,202205161030,20220516,낙찰
정상공고,LDH0510,1,17115,***,22-6 정비용 장비 부품 구매,2022,LDH,육군종합정비창,제한경쟁,총액제,적격심사제,202205161300,20220516,낙찰
정상공고,LDH0511,1,17158,***,K1전차 와셔 등 30종 구매,2022,LDH,육군종합정비창,제한경쟁,총액제,적격심사제,202205161300,20220516,낙찰
정상공고,LDH0513,1,17162,***,K1전차 튜브조립체 등 15종 구매,2022,LDH,육군종합정비창,제한경쟁,총액제,적격심사제,202205161300,20220516,유찰
정상공고,LDH0515,1,17165,***,K1전차 베어링 8종 구매,2022,LDH,육군종합정비창,제한경쟁,총액제,적격심사제,202205161300,20220516,낙찰
정상공고,LDH0516,1,17166,***,K1전차 베어링 5종 구매,2022,LDH,육군종합정비창,제한경쟁,총액제,적격심사제,202205161300,20220516,낙찰
정상공고,LDH0518,1,17171,***,K1전차 실린더조립체 2종 구매,2022,LDH,육군종합정비창,제한경쟁,총액제,적격심사제,202205161300,20220516,낙찰
정상공고,LDH0520,1,17175,***,K1전차 부품키트 구매,2022,LDH,육군종합정비창,제한경쟁,총액제,적격심사제,202205161300,20220516,유찰
재공고,LMK0023,2,17017,***,혼합골재 구매,2022,LMK,제6보병사단,제한경쟁,총액제,적격심사제,202205161100,20220516,낙찰
긴급공고,MCD0015,1,15605,***,국방 사이버보안 종합발전 전략 연구,2022,MCD,국방부(운영지원과),협상에의한계약(전자),총액제,최저가격제,202205161000,20220516,유찰
재공고,MDG0109,3,15254,***,2022년 승강기 관리용역(경기권),2022,MDG,국군의무사령부,제한경쟁,총액제,적격심사제,202205161100,20220516,낙찰
재공고,MON0003,3,11788,***,국방 정신전력교육지도사 자격신설 연구용역,2022,MON,국방정신전력원,수의계약,총액제,최저가격제,202205161000,20220516,유찰
정상공고,UMM0202,1,04861,***,PBL 적용을 위한 성과지표/목표 연구,2022,UMM,국군재정관리단,2단계경쟁(동시),총액제,최저가격제,202205161100,20220516,낙찰
정상공고,UMM0344,1,09995,***,22-K-비데 임차용역,2022,UMM,국군재정관리단,제한경쟁,총액제,적격심사제,202205161100,20220516,낙찰
정상공고,UMM0346,1,13084,***,22- 해-생활오수이송펌프(2EA) 제조 설치,2022,UMM,국군재정관리단,제한경쟁,총액제,적격심사제,202205161100,20220516,낙찰
긴급공고,UMM0273,1,13519,***,헬기 이·착함 유도 및 전력공급시스템 CBT 개발,2022,UMM,국군재정관리단,2단계경쟁(동시),총액제,최저가격제,202205161030,20220516,낙찰
긴급공고,UMM0274,1,13526,***,음탐보조장비 모의장비형 CBT 개발,2022,UMM,국군재정관리단,2단계경쟁(동시),총액제,최저가격제,202205161030,20220516,낙찰
정상공고,UMM0342,1,13855,***,22-부-0000기지 조경 및 제초 관리 용역,2022,UMM,국군재정관리단,일반경쟁,총액제,적격심사제,202205161100,20220516,낙찰
정상공고,UMM0343,1,14220,***,22-국-유전자 감정재료 구매,2022,UMM,국군재정관리단,일반경쟁,총액제,적격심사제,202205161100,20220516,낙찰
정상공고,UMM0249,1,14406,***,(227185-D) 분광계 및 초분광카메라 구매,2022,UMM,국군재정관리단,제한경쟁,총액제,적격심사제,202205161100,20220516,낙찰
정상공고,UMM0348,1,15017,***,22-평 조경관리 용역(22H087-H),2022,UMM,국군재정관리단,일반경쟁,총액제,적격심사제,202205161100,20220516,낙찰
정상공고,UMM0345,1,17156,***,22-해-캡스탄세트 4EA 제조 설치,2022,UMM,국군재정관리단,일반경쟁,총액제,적격심사제,202205161100,20220516,낙찰
정상공고,UMM0347,1,17178,***,22-공-야간조류감시용 적외선 카메라 구매,2022,UMM,국군재정관리단,일반경쟁,총액제,적격심사제,202205161100,20220516,낙찰
정상공고,EBB0076,1,A0172,***,"22년~23년 전지,축전식(UH-1H/AH-1헬기)",2022,EBB,지상공통전력운영계약팀,수의계약,총액제,적격심사제,202205131400,20220513,유찰
정상공고,EBB0077,1,A1058,***,"22년~23년 UH-60 셀,전지용",2022,EBB,지상공통전력운영계약팀,수의계약,총액제,적격심사제,202205131530,20220513,유찰
정상공고,EKA0014,1,7230,***,밴(1¼톤 포사격지휘소용_V-251K),2022,EKA,기동총괄계약팀,일반경쟁,총액제,적격심사제,202205131100,20220513,유찰
재공고,HCQ0015,2,10464,***,(22-011) 폭파기 1종 3점,2022,HCQ,공군제5공중기동비행단,수의계약,총액제,최저가격제,202205131100,20220513,유찰
재공고,HCQ0016,2,10469,***,"(22-009) 훈련기재,소총사격술용, 레이져식 1종 51점",2022,HCQ,공군제5공중기동비행단,수의계약,총액제,최저가격제,202205131100,20220513,유찰
재공고,HCQ0017,2,10472,***,"(22-008) 소음기,총용 1종 51점",2022,HCQ,공군제5공중기동비행단,2단계경쟁(동시),총액제,최저가격제,202205131100,20220513,낙찰
재공고,HCQ0019,2,10507,***,"(22-006) 광성조준키트, 적외선용 1종 51점",2022,HCQ,공군제5공중기동비행단,수의계약,총액제,최저가격제,202205131100,20220513,유찰
재공고,HCQ0025,2,11402,***,(22-014) 탐조등 1종 51점,2022,HCQ,공군제5공중기동비행단,수의계약,총액제,최저가격제,202205131100,20220513,유찰
재공고,HCQ0027,2,11433,***,(22-015) 저격용소총 표적획득장비 1종 8점,2022,HCQ,공군제5공중기동비행단,수의계약,총액제,최저가격제,202205131100,20220513,유찰
긴급공고,HDC0006,1,17124,***,22-용-49 관사 및 숙소지역 제초용역,2022,HDC,공군제1전투비행단,일반경쟁,총액제,적격심사제,202205131030,20220513,낙찰
긴급공고,MDD0081,1,15028,***,22년 2-3차 의무비품 구매,2022,MDD,국군수도병원,제한경쟁,총액제,적격심사제,202205131100,20220513,낙찰
정상공고,UMM0131,1,00818,***,(226009-F)대테러기동영상전송장비도입사업(리스물건),2022,UMM,국군재정관리단,2단계경쟁(동시),총액제,최저가격제,202205131100,20220513,낙찰
긴급공고,UMM0180,1,11191,***,(22F066-I) 22년 부품단종정보 획득 용역,2022,UMM,국군재정관리단,2단계경쟁(동시),총액제,최저가격제,202205131100,20220513,낙찰
정상공고,EBB0088,1,1411M,***,윈치조립체 수리부속,2022,EBB,지상공통전력운영계약팀,수의계약,총액제,적격심사제,202205121100,20220512,유찰
정상공고,EBB0089,1,1411S,***,윈치조립체,2022,EBB,지상공통전력운영계약팀,수의계약,총액제,적격심사제,202205121100,20220512,유찰
정상공고,EBB0093,1,5051,***,고압호스(전차),2022,EBB,지상공통전력운영계약팀,일반경쟁,총액제,적격심사제,202205121500,20220512,낙찰
정상공고,EBB0085,1,6602,***,"22년 호이스트, 체인식",2022,EBB,지상공통전력운영계약팀,일반경쟁,총액제,적격심사제,202205121400,20220512,낙찰
정상공고,EBB0092,1,6703,***,장갑차 부품(어댑터류),2022,EBB,지상공통전력운영계약팀,일반경쟁,총액제,적격심사제,202205121400,20220512,낙찰
정상공고,EBB0091,1,7820,***,총포 및 궤도장비 시트류,2022,EBB,지상공통전력운영계약팀,일반경쟁,총액제,적격심사제,202205121100,20220512,유찰
정상공고,EBB0090,1,8550N,***,슬리브조립체,2022,EBB,지상공통전력운영계약팀,일반경쟁,총액제,적격심사제,202205121100,20220512,낙찰
정상공고,EHF0032,1,1002A,***,22년 발칸 자이로스코프(구매),2022,EHF,미래전력사업전력운영계약팀,일반경쟁,총액제,적격심사제,202205121100,20220512,낙찰
정상공고,EHF0027,1,1100,***,'22년 성능개량 위치보고접속장치 수리부속(구매),2022,EHF,미래전력사업전력운영계약팀,일반경쟁,총액제,적격심사제,202205121500,20220512,낙찰
정상공고,EHF0033,1,1914,***,22년 발칸 사격제어부 부품,2022,EHF,미래전력사업전력운영계약팀,일반경쟁,총액제,적격심사제,202205121400,20220512,낙찰
정상공고,EKA0015,1,7310,***,"유조차(4,000 G/A)",2022,EKA,기동총괄계약팀,일반경쟁,총액제,적격심사제,202205121100,20220512,낙찰
긴급공고,HCS0021,1,17137,***,"'22년 KT-1 시험대, 항공기 엔진용 장비 유지보수",2022,HCS,제3훈련비행단,제한경쟁,총액제,적격심사제,202205121030,20220512,유찰
정상공고,LCF0106,1,15763,***,에어 드리이버 등 10항목 구매(공구),2022,LCF,육군군수사령부,제한경쟁,총액제,적격심사제,202205121030,20220512,낙찰
정상공고,LCF0108,1,15864,***,헤드랜턴 1항목 구매(일반물자),2022,LCF,육군군수사령부,제한경쟁,총액제,적격심사제,202205121030,20220512,낙찰
재공고,LDH0501,2,15561,***,부품제작자재 스티커비닐 등 35종 구매,2022,LDH,육군종합정비창,수의계약,총액제,적격심사제,202205121300,20220512,유찰
정상공고,LDH0508,1,16996,***,천마 압축기 등 5종 구매,2022,LDH,육군종합정비창,수의계약,총액제,적격심사제,202205121300,20220512,유찰
정상공고,LDH0509,1,17007,***,발칸 지지용 띠 구매,2022,LDH,육군종합정비창,제한경쟁,총액제,적격심사제,202205121300,20220512,유찰
긴급공고,LIK0075,1,16452,001,'22년 6~8월 부대계약 부식(어육가공품류 4개품목),2022,LIK,제2군수지원여단,제한경쟁,단가제,적격심사제,202205121030,20220512,낙찰
긴급공고,LKS0037,1,15404,***,'22년 계룡스파텔 식자재 구매,2022,LKS,육군인사사령부,수의계약,총액제,최저가격제,202205121030,20220512,유찰
긴급공고,MCL0007,1,13506,***,국방 OO장비 관리체계 정보전략계획(ISP) 수립,2022,MCL,국방정보본부,수의계약,총액제,최저가격제,202205121400,20220512,유찰
재공고,MDD0077,2,07556,***,특수수수술재료(cancellous bone 등 2품목) 구매계약,2022,MDD,국군수도병원,수의계약,총액제,적격심사제,202205121100,20220512,유찰
긴급공고,MDD0083,1,17211,***,22년 국군수도병원 장비운영소모품 89차 구매,2022,MDD,국군수도병원,제한경쟁,총액제,적격심사제,202205121100,20220512,낙찰
재공고,MDG0093,2,11905,***,22년 의무장비(신경자극치료기) 구매,2022,MDG,국군의무사령부,제한경쟁,총액제,적격심사제,202205121100,20220512,유찰
재공고,MDG0094,2,11925,***,22년 의무장비(견인치료기 경요추용) 구매,2022,MDG,국군의무사령부,제한경쟁,총액제,적격심사제,202205121100,20220512,유찰
정상공고,MDJ0027,1,15983,***,중공장비운영소모품(파라핀 등 70종) 연간계약,2022,MDJ,국군대전병원,일반경쟁,총액제,적격심사제,202205121030,20220512,낙찰
긴급공고,UMM0252,1,10943,***,(227015-H)아키텍쳐 모델링 도구 서버 교체(리스물건),2022,UMM,국군재정관리단,일반경쟁,총액제,적격심사제,202205121100,20220512,낙찰
긴급공고,UMM0165,1,11189,***,(22F064-I)과학화동원훈련체계발전방안연구용역,2022,UMM,국군재정관리단,협상에의한계약(전자),총액제,최저가격제,202205121100,20220512,낙찰
긴급공고,UMM0260,1,12633,***,빅데이터/AI 기반 기뢰전 작전지원 체계 구축 ISP,2022,UMM,국군재정관리단,협상에의한계약(전자),총액제,최저가격제,202205121030,20220512,낙찰
정정공고,UMM0327,2,12674,***,22-공-마이크로폰 헤드셋 구매,2022,UMM,국군재정관리단,일반경쟁,총액제,적격심사제,202205121100,20220512,낙찰
정상공고,UMM0246,1,13247,***,(227151-F)MW통신소 전원공급장치 교체사업,2022,UMM,국군재정관리단,제한경쟁,총액제,적격심사제,202205121100,20220512,낙찰
정상공고,UMM0337,1,13943,***,22-1차 한빛부대 재보급물자 수송관리 용역,2022,UMM,국군재정관리단,일반경쟁,총액제,적격심사제,202205121100,20220512,낙찰
정상공고,UMM0247,1,14407,***,(227174-E) 방사선장비운영소모품 13종 구매,2022,UMM,국군재정관리단,제한경쟁,총액제,적격심사제,202205121100,20220512,낙찰
정상공고,UMM0340,1,16929,***,22-K-오수처리시설 위탁관리 용역(22H062-H),2022,UMM,국군재정관리단,일반경쟁,총액제,적격심사제,202205121100,20220512,낙찰
재공고,EBB0051,2,0750A,***,유수분리기,2022,EBB,지상공통전력운영계약팀,수의계약,총액제,적격심사제,202205111100,20220511,유찰
정상공고,EBB0075,1,5080,***,22년 궤도장비 밸브류,2022,EBB,지상공통전력운영계약팀,수의계약,총액제,적격심사제,202205111100,20220511,유찰
정상공고,EBB0071,1,6920,***,22년 장갑차 부품(축 및 기어류),2022,EBB,지상공통전력운영계약팀,일반경쟁,총액제,적격심사제,202205111100,20220511,낙찰
정상공고,EBB0073,1,7520,***,22년 와이어로프 조립체,2022,EBB,지상공통전력운영계약팀,수의계약,총액제,적격심사제,202205111100,20220511,유찰
정상공고,EBB0081,1,8223,***,궤도장비 전장품류,2022,EBB,지상공통전력운영계약팀,수의계약,총액제,적격심사제,202205111100,20220511,유찰
정상공고,EBB0082,1,8228,***,유공압 부품류,2022,EBB,지상공통전력운영계약팀,수의계약,총액제,적격심사제,202205111400,20220511,유찰
정상공고,EBB0064,1,8940A,***,축전식 전지(밀폐형),2022,EBB,지상공통전력운영계약팀,수의계약,총액제,적격심사제,202205111100,20220511,유찰
정상공고,EBB0058,1,A1106,***,"22년~23년 축, 펌프용",2022,EBB,지상공통전력운영계약팀,수의계약,총액제,적격심사제,202205111400,20220511,유찰
정상공고,EBB0080,1,A1508,***,"24~25년 500MD 셀, 전지용",2022,EBB,지상공통전력운영계약팀,일반경쟁,총액제,적격심사제,202205111400,20220511,유찰
정상공고,EHF0023,1,2110,***,'22년 냉난방기(TPS-830K용) 제조,2022,EHF,미래전력사업전력운영계약팀,수의계약,총액제,적격심사제,202205111500,20220511,순위확정
정상공고,EHF0036,1,4515,***,700w 발전기유지부품,2022,EHF,미래전력사업전력운영계약팀,일반경쟁,총액제,적격심사제,202205111100,20220511,낙찰
정상공고,EKA0012,1,7540,***,(22년) 전술용 전화기 세트(TA-512K),2022,EKA,기동총괄계약팀,일반경쟁,총액제,적격심사제,202205111030,20220511,낙찰
정상공고,EKA0011,1,9801,***,25톤 화물트럭,2022,EKA,기동총괄계약팀,수의계약,총액제,최저가격제,202205111030,20220511,유찰
긴급공고,HCC0047,1,16934,***,2/2 방향밸브 구매(98),2022,HCC,해군제1수리창,제한경쟁,총액제,적격심사제,202205111030,20220511,낙찰
긴급공고,HCC0048,1,16937,***,"송풍기, 환기용 등 9종 구매(99)",2022,HCC,해군제1수리창,제한경쟁,총액제,적격심사제,202205111030,20220511,낙찰
긴급공고,HCL0050,1,16760,***,항-22-008 운동치료세트 등 5종,2022,HCL,공군사관학교,제한경쟁,총액제,적격심사제,202205111030,20220511,낙찰
재공고,LCF0341,2,10549,***,건열기 소형 등 16항목 구매(의무),2022,LCF,육군군수사령부,제한경쟁,총액제,적격심사제,202205111130,20220511,순위확정
긴급공고,LNF0008,1,14954,***,22년 6~7월 식자재 납품,2022,LNF,제1보병사단,2단계경쟁(동시),총액제,최저가격제,202205111000,20220511,낙찰
정상공고,MDG0115,1,15999,***,22년 의무장비(초음파진단기 사단용) 구매,2022,MDG,국군의무사령부,제한경쟁,총액제,적격심사제,202205111100,20220511,낙찰
정상공고,MHP0008,1,15847,***,유해발굴피복 모자 등 9종 제조,2022,MHP,국방부유해발굴감식단,제한경쟁,총액제,적격심사제,202205111100,20220511,낙찰
재공고,SCF0028,2,05166,***,'22년 고압가스 용기 검사/정비,2022,SCF,해군군수사령부,수의계약,총액제,적격심사제,202205111030,20220511,유찰
긴급공고,SCF0038,1,07431,***,함정 상가대 안전진단 용역,2022,SCF,해군군수사령부,수의계약,총액제,적격심사제,202205111030,20220511,유찰
재공고,SCF0139,2,09897,***,포켓용 손전등 400EA 구매,2022,SCF,해군군수사령부,제한경쟁,총액제,적격심사제,202205111030,20220511,낙찰
재공고,SCF0166,2,10209,***,"케이블, 전력용 등 16종 구매",2022,SCF,해군군수사령부,일반경쟁,총액제,적격심사제,202205111030,20220511,낙찰
재공고,SCF0178,2,11321,***,인쇄회로판 등 2종 구매,2022,SCF,해군군수사령부,제한경쟁,총액제,적격심사제,202205111030,20220511,순위확정
재공고,SCF0176,2,13333,***,수욕기 다리치료용 2EA 구매,2022,SCF,해군군수사령부,제한경쟁,총액제,적격심사제,202205111030,20220511,유찰
긴급공고,SCF0237,1,13780,***,"(긴급)회로차단기,500V400A 등 5종 구매",2022,SCF,해군군수사령부,제한경쟁,총액제,적격심사제,202205111030,20220511,낙찰
긴급공고,SCF0201,1,15232,***,콘크리트 절단기 2set 구매,2022,SCF,해군군수사령부,제한경쟁,총액제,적격심사제,202205111030,20220511,낙찰
긴급공고,SCF0235,1,15547,***,"(긴급)밸브,안전릴리프형 등 5종 구매",2022,SCF,해군군수사령부,제한경쟁,총액제,적격심사제,202205111030,20220511,낙찰
긴급공고,SCF0236,1,16017,***,(긴급)방향 제어 밸브 등 5종 구매,2022,SCF,해군군수사령부,제한경쟁,총액제,적격심사제,202205111030,20220511,유찰
긴급공고,SCF0202,1,16104,***,다관절리프트 1EA 제조,2022,SCF,해군군수사령부,제한경쟁,총액제,적격심사제,202205111030,20220511,낙찰
긴급공고,SCF0234,1,16136,***,"(긴급) 축압기,유압식 등 3종 구매",2022,SCF,해군군수사령부,제한경쟁,총액제,적격심사제,202205111030,20220511,낙찰
긴급공고,SCF0232,1,16141,***,(긴급) 돔형 글로브 등 4종 구매,2022,SCF,해군군수사령부,제한경쟁,총액제,적격심사제,202205111030,20220511,낙찰
긴급공고,SCF0233,1,16144,***,(긴급) 전원공급기 1종 구매,2022,SCF,해군군수사령부,제한경쟁,총액제,적격심사제,202205111030,20220511,낙찰
정상공고,UMM0187,1,03789,***,함정추진축계이상소음발생위치추정및원인분석기법연구,2022,UMM,국군재정관리단,2단계경쟁(동시),총액제,최저가격제,202205111100,20220511,낙찰
정상공고,UMM0244,1,05034,***,(226068-D)탄통 봉인스티커 제조,2022,UMM,국군재정관리단,제한경쟁,총액제,적격심사제,202205111100,20220511,낙찰
긴급공고,UMM0146,1,06506,***,(227014-E) 22년 의무피복 제조납품,2022,UMM,국군재정관리단,2단계경쟁(동시),총액제,최저가격제,202205111100,20220511,낙찰
정상공고,UMM0177,1,06840,***,22년 공군전투부대순회 집중정신전력교육,2022,UMM,국군재정관리단,협상에의한계약(전자),총액제,최저가격제,202205111100,20220511,낙찰
긴급공고,UMM0174,1,08742,***,2(22G058-A)022년 정신전력 영상 콘텐츠 제작 용역,2022,UMM,국군재정관리단,2단계경쟁(동시),총액제,최저가격제,202205111100,20220511,낙찰
정상공고,UMM0334,1,09219,***,22-용-34 탄약고 제초 용역,2022,UMM,국군재정관리단,제한경쟁,총액제,적격심사제,202205111100,20220511,낙찰
정상공고,UMM0243,1,10463,***,(226100-F)의무장비(산소소생기 자동식)구매,2022,UMM,국군재정관리단,제한경쟁,총액제,적격심사제,202205111100,20220511,낙찰
정상공고,UMM0336,1,12338,***,22-김해기지 일반(공통)구역 제초 용역(22J024-H),2022,UMM,국군재정관리단,제한경쟁,총액제,적격심사제,202205111100,20220511,낙찰
정상공고,UMM0245,1,16744,***,(227164-C)연구활동 재료(시약) 구매,2022,UMM,국군재정관리단,제한경쟁,총액제,적격심사제,202205111100,20220511,낙찰
정상공고,EBB0062,1,1031,***,격발장치부품류,2022,EBB,지상공통전력운영계약팀,일반경쟁,총액제,적격심사제,202205101400,20220510,낙찰
정상공고,EBB0069,1,1130D,***,로드휠용(자주포),2022,EBB,지상공통전력운영계약팀,수의계약,총액제,적격심사제,202205101030,20220510,유찰
정상공고,EBB0070,1,1130E,***,롤러 조립체(베어링류),2022,EBB,지상공통전력운영계약팀,일반경쟁,총액제,적격심사제,202205101040,20220510,낙찰
정상공고,EBB0068,1,1266,***,펌프 및 발전기 부품류,2022,EBB,지상공통전력운영계약팀,일반경쟁,총액제,적격심사제,202205101030,20220510,낙찰
정상공고,EBB0074,1,6960,***,"K계열전차 전기장치 부품류(제조,일반)",2022,EBB,지상공통전력운영계약팀,일반경쟁,총액제,적격심사제,202205101050,20220510,낙찰
정상공고,EBB0065,1,8571,***,"방열기, 난방용",2022,EBB,지상공통전력운영계약팀,수의계약,총액제,적격심사제,202205101100,20220510,유찰
재공고,EBB0007,2,9211,***,정수장치부품(물탱크류),2022,EBB,지상공통전력운영계약팀,일반경쟁,총액제,적격심사제,202205101100,20220510,낙찰
정상공고,EBB0067,1,A1072,***,"22년 KF-5E 변압기,펄스용 등(제조)",2022,EBB,지상공통전력운영계약팀,수의계약,총액제,적격심사제,202205101400,20220510,유찰
정상공고,EBB0063,1,A7784,***,22년 (T-50) 오링 등 3품목 제조,2022,EBB,지상공통전력운영계약팀,일반경쟁,총액제,적격심사제,202205101400,20220510,낙찰
정상공고,EHF0021,1,0300M,***,22년 수신안테나 레이돔(ALQ-88/200) 구매,2022,EHF,미래전력사업전력운영계약팀,수의계약,총액제,적격심사제,202205101500,20220510,유찰
정상공고,EHF0034,1,0501,***,22년 대공표적기 지원용역(발칸),2022,EHF,미래전력사업전력운영계약팀,수의계약,총액제,적격심사제,202205101100,20220510,유찰
정상공고,EHF0035,1,0502,***,"22년 대공표적기 지원용역(미스트랄, 신궁)",2022,EHF,미래전력사업전력운영계약팀,수의계약,총액제,적격심사제,202205101500,20220510,유찰
재공고,EHF0013,2,2035,***,"수신기-송신기,무전기용",2022,EHF,미래전력사업전력운영계약팀,일반경쟁,총액제,적격심사제,202205101100,20220510,낙찰
정상공고,EHF0029,1,4335,***,통신용10kw발전기유지부품,2022,EHF,미래전력사업전력운영계약팀,수의계약,총액제,적격심사제,202205101500,20220510,유찰
정상공고,EHF0028,1,4507,***,5kw 발전기유지부품,2022,EHF,미래전력사업전력운영계약팀,수의계약,총액제,적격심사제,202205101100,20220510,유찰
정상공고,EHF0024,1,8039A,***,22년 특수무기 베어링,2022,EHF,미래전력사업전력운영계약팀,수의계약,총액제,적격심사제,202205101100,20220510,유찰
재공고,EKA0010,2,7100B,***,"22년 삼각대,사격통제기구용",2022,EKA,기동총괄계약팀,수의계약,총액제,적격심사제,202205101030,20220510,유찰
긴급공고,HCC0046,1,16728,***,"테프론 테이프 등 26종 구매(95,96)",2022,HCC,해군제1수리창,제한경쟁,총액제,적격심사제,202205101030,20220510,낙찰
재공고,HCF0077,2,13612,***,스텐판 등 57종 구매,2022,HCF,공군군수사령부,제한경쟁,총액제,적격심사제,202205101030,20220510,유찰
긴급공고,HCF0108,1,16406,***,'22년~'23년 RC-800 무전기용 수신기-송신기 외주정비,2022,HCF,공군군수사령부,제한경쟁,총액제,적격심사제,202205101030,20220510,유찰
긴급공고,HCF0111,1,16991,***,"전용승용차 3,400CC미만",2022,HCF,공군군수사령부,수의계약,총액제,적격심사제,202205101030,20220510,유찰
정상공고,HCG0010,1,12592,***,공군검찰단 홍보영상 제작 용역,2022,HCG,공군본부,2단계경쟁(동시),총액제,최저가격제,202205101100,20220510,낙찰
긴급공고,HCS0019,1,16913,***,'22년 사천기지 영외탄약고 제초,2022,HCS,제3훈련비행단,제한경쟁,총액제,적격심사제,202205101030,20220510,낙찰
긴급공고,HCS0020,1,16967,***,'22년 사천기지 POL 제초,2022,HCS,제3훈련비행단,제한경쟁,총액제,적격심사제,202205101030,20220510,낙찰
긴급공고,HDP0041,1,17037,***,에어컨 등 3종(22-110),2022,HDP,공군제19전투비행단,제한경쟁,총액제,적격심사제,202205101100,20220510,낙찰
재공고,LCF0081,2,11933,***,렌치 등 37항목 구매(궤도공구),2022,LCF,육군군수사령부,제한경쟁,총액제,적격심사제,202205101030,20220510,낙찰
재공고,LCF0078,2,11986,***,전동식 연료펌프 등 11항목 구매(궤도공구),2022,LCF,육군군수사령부,제한경쟁,총액제,적격심사제,202205101030,20220510,유찰
재공고,LCF0356,2,12081,***,"나사,기계용 등 310항목 제조(생산능력, 기장)",2022,LCF,육군군수사령부,수의계약,총액제,적격심사제,202205101030,20220510,유찰
정정공고,LCF0091,3,13714,***,플라이어 등 6항목 구매(통신공구),2022,LCF,육군군수사령부,제한경쟁,총액제,적격심사제,202205101030,20220510,유찰
재공고,LCF0362,2,14489,***,"M48전차 연결봉,피스톤용 정비",2022,LCF,육군군수사령부,수의계약,총액제,적격심사제,202205101030,20220510,유찰
재공고,LCF0359,2,14728,***,"후크,고정용,좌측용 등 24항목 제조(생산능력, 일장)",2022,LCF,육군군수사령부,제한경쟁,총액제,적격심사제,202205101030,20220510,유찰
긴급공고,LCF0107,1,16603,***,22년 폐리튬전지 위탁처리 용역,2022,LCF,육군군수사령부,수의계약,총액제,적격심사제,202205101100,20220510,유찰
긴급공고,LCG0052,1,16564,***,'22년 안전문화 홍보물(로고라이트) 구매,2022,LCG,육군본부,제한경쟁,총액제,적격심사제,202205101030,20220510,낙찰
재공고,LDH0442,2,13800,***,(일장) 교량가설단정 피스톤 구매,2022,LDH,육군종합정비창,제한경쟁,총액제,적격심사제,202205101300,20220510,낙찰
정상공고,LDH0478,1,14764,***,"‘시험장비,유기압현수장치 검사용’ 외주정비 용역",2022,LDH,육군종합정비창,2단계경쟁(동시),총액제,최저가격제,202205101300,20220510,낙찰
긴급공고,LFC0049,1,16416,***,00부대 부대비품 유지비 공기청정기 필터 구매,2022,LFC,육군훈련소,일반경쟁,총액제,적격심사제,202205101030,20220510,낙찰
긴급공고,LHP0010,1,14484,001,22-1차 부대계약 식자재 납품,2022,LHP,제22보병사단,2단계경쟁(동시),단가제,최저가격제,202205101100,20220510,낙찰
긴급공고,LKT0026,1,16539,***,22년 에비군훈련장 방제용역,2022,LKT,제1989부대,제한경쟁,총액제,적격심사제,202205101030,20220510,낙찰
긴급공고,LKT0030,1,16740,***,"22년 육성지원물자 제조구매(야전깔개,위장포,탄입대)",2022,LKT,제1989부대,제한경쟁,총액제,적격심사제,202205101030,20220510,유찰
긴급공고,LKT0029,1,16741,***,22년 육성지원물자 제조구매(수통),2022,LKT,제1989부대,제한경쟁,총액제,적격심사제,202205101030,20220510,유찰
긴급공고,LKT0028,1,16742,***,22년 육성지원물자 제조구매(천막),2022,LKT,제1989부대,제한경쟁,총액제,적격심사제,202205101030,20220510,낙찰
긴급공고,LPK0015,1,16993,***,22년 제초용역,2022,LPK,제8기동사단,일반경쟁,총액제,적격심사제,202205101100,20220510,낙찰
긴급공고,MCS0026,1,17039,***,22-간부숙소 및 구룡품안콘도 청소용역,2022,MCS,국방부계룡대근무지원단,일반경쟁,총액제,적격심사제,202205101030,20220510,낙찰
정상공고,MDG0114,1,15255,***,22년 의무장비(원심분리기 소형 혈액은행용) 구매,2022,MDG,국군의무사령부,제한경쟁,총액제,적격심사제,202205101100,20220510,낙찰
정상공고,MDR0016,1,16481,***,"냉/난방기, 에어컨 구매 설치",2022,MDR,제9965부대,제한경쟁,총액제,적격심사제,202205101100,20220510,낙찰
정상공고,MFL0006,1,14929,***,민군 상생을 위한 훈련장 최적환 관리방안 연구,2022,MFL,합동참모본부,협상에의한계약(전자),총액제,최저가격제,202205101500,20220510,낙찰
긴급공고,MHD0040,1,14268,***,기술교범 국제규격 S1000D 적용 방안 연구,2022,MHD,방위사업청(운영지원과),협상에의한계약(전자),총액제,최저가격제,202205101500,20220510,낙찰
긴급공고,SCF0197,1,05676,***,태극기 정기 등 5종 구매,2022,SCF,해군군수사령부,제한경쟁,총액제,적격심사제,202205101030,20220510,낙찰
재공고,SCF0168,2,06398,***,"스위치,감승식 등 3종 구매",2022,SCF,해군군수사령부,제한경쟁,총액제,적격심사제,202205101030,20220510,순위확정
긴급공고,SCF0222,1,09786,***,"(긴급) 임펠러,펌프용,원심식 1종 구매",2022,SCF,해군군수사령부,제한경쟁,총액제,적격심사제,202205101030,20220510,낙찰
재공고,SCF0027,3,10136,***,소해함 음탐기(193M MOD1) 변환기조립체 정비,2022,SCF,해군군수사령부,수의계약,총액제,적격심사제,202205101030,20220510,순위확정
긴급공고,SCF0195,1,10557,***,밸브 등 7종 구매,2022,SCF,해군군수사령부,제한경쟁,총액제,적격심사제,202205101030,20220510,순위확정
긴급공고,SCF0221,1,12419,***,(긴급) 브레이크 슈즈 셋트 등 8종 구매,2022,SCF,해군군수사령부,제한경쟁,총액제,적격심사제,202205101030,20220510,유찰
긴급공고,SCF0199,1,12571,***,2톤 전동지게차 1대 구매,2022,SCF,해군군수사령부,제한경쟁,총액제,적격심사제,202205101030,20220510,순위확정
재공고,SCF0175,2,12864,***,"발신기, 조난 등 2종 제조",2022,SCF,해군군수사령부,제한경쟁,총액제,적격심사제,202205101030,20220510,낙찰
재공고,SCF0188,2,13006,***,"(긴급)부품키트,체크밸브용 등 4종",2022,SCF,해군군수사령부,제한경쟁,총액제,적격심사제,202205101030,20220510,유찰
재공고,SCF0189,2,13115,***,"(긴급)와셔,평면형 등 7종",2022,SCF,해군군수사령부,제한경쟁,총액제,적격심사제,202205101030,20220510,낙찰
긴급공고,SCF0045,1,13700,***,"잠수함 선체, 실내 및 탱크 소제·청락·도장 용역",2022,SCF,해군군수사령부,일반경쟁,총액제,적격심사제,202205101030,20220510,낙찰
긴급공고,SCF0044,1,13813,***,항만경비정 MTU 16V2000 엔진 총분해 정비,2022,SCF,해군군수사령부,일반경쟁,총액제,적격심사제,202205101030,20220510,낙찰
긴급공고,SCF0196,1,14344,***,"테이프, 발광형 구매",2022,SCF,해군군수사령부,제한경쟁,총액제,적격심사제,202205101030,20220510,유찰
긴급공고,SCF0219,1,14557,***,(긴급)개스킷 등 11종,2022,SCF,해군군수사령부,제한경쟁,총액제,적격심사제,202205101030,20220510,낙찰
긴급공고,SCF0224,1,15279,***,(긴급)오-링 등 8종 구매,2022,SCF,해군군수사령부,제한경쟁,총액제,적격심사제,202205101030,20220510,낙찰
긴급공고,SCF0225,1,15283,***,"(긴급)가열기,냉각제,엔진용 등 2종 구매",2022,SCF,해군군수사령부,제한경쟁,총액제,적격심사제,202205101030,20220510,낙찰
긴급공고,SCF0223,1,15286,***,"(긴급)하우징 섹션,액체펌프용 1종 구매",2022,SCF,해군군수사령부,제한경쟁,총액제,적격심사제,202205101030,20220510,낙찰
긴급공고,SCF0226,1,15295,***,"(긴급)전지,축전식 등 2종 구매",2022,SCF,해군군수사령부,제한경쟁,총액제,적격심사제,202205101030,20220510,낙찰
긴급공고,SCF0194,1,15857,***,경비함용 음탐기 보호용 카바 구매,2022,SCF,해군군수사령부,일반경쟁,총액제,적격심사제,202205101030,20220510,낙찰
긴급공고,SCF0231,1,16137,***,(긴급) 실링 등 9종 구매,2022,SCF,해군군수사령부,제한경쟁,총액제,적격심사제,202205101030,20220510,낙찰
긴급공고,SCF0230,1,16138,***,(긴급) 고압펌프 셋(1차) 등 2종 구매,2022,SCF,해군군수사령부,제한경쟁,총액제,적격심사제,202205101030,20220510,낙찰
긴급공고,SCF0229,1,16140,***,"(긴급) 센서,전자기식 속도 측정용 등 3종 구매",2022,SCF,해군군수사령부,제한경쟁,총액제,적격심사제,202205101030,20220510,낙찰
긴급공고,SCF0228,1,16145,***,(긴급) 메카니칼 시일 등 8종 구매,2022,SCF,해군군수사령부,제한경쟁,총액제,적격심사제,202205101030,20220510,낙찰
긴급공고,SCF0200,1,16959,***,"세척 및 윤활제, 전기 접점용 구매",2022,SCF,해군군수사령부,제한경쟁,총액제,적격심사제,202205101030,20220510,낙찰
긴급공고,SCN0066,1,16477,***,오잘탄정 50mg 등 38종(의약품),2022,SCN,제7001부대,제한경쟁,총액제,적격심사제,202205101030,20220510,낙찰
긴급공고,SEE0017,1,16706,***,22-J-예비군 도시락 제조 납품,2022,SEE,제9해병여단,협상에의한계약(서류),총액제,최저가격제,202205101030,20220510,낙찰
긴급공고,SFG0063,1,16758,***,야전배낭Ⅱ형(해병대용 디지털무늬) 구매,2022,SFG,제9181부대,일반경쟁,총액제,적격심사제,202205101030,20220510,낙찰
긴급공고,SFH0068,1,16698,***,페인트 제조 구매(도서지역),2022,SFH,제9196부대,제한경쟁,총액제,적격심사제,202205101030,20220510,낙찰
긴급공고,SFH0070,1,17018,***,해상방송 원격 제어 시스템 구매 설치(도서지역),2022,SFH,제9196부대,제한경쟁,총액제,적격심사제,202205101030,20220510,유찰
정상공고,SFN0028,1,16128,***,22-연평도 부식류 민간위탁배송 용역,2022,SFN,연평부대,수의계약,총액제,적격심사제,202205101030,20220510,유찰
정상공고,SFN0030,1,16625,***,22-Y-무인감시장비 유지보수용역,2022,SFN,연평부대,제한경쟁,총액제,적격심사제,202205101030,20220510,낙찰
정상공고,UAC0018,1,16384,***,폐쇄망 3D SW 라이선스 구매,2022,UAC,국방출판지원단,수의계약,총액제,적격심사제,202205101100,20220510,유찰
정상공고,UMM0234,1,03962,***,(227022-C) 관급자재(조명제어) 제조,2022,UMM,국군재정관리단,제한경쟁,총액제,적격심사제,202205101100,20220510,낙찰
정상공고,UMM0176,1,04883,***,22-추진전동기 드라이브 모사장치 개발 설치,2022,UMM,국군재정관리단,2단계경쟁(동시),총액제,최저가격제,202205101100,20220510,낙찰
긴급공고,UMM0242,1,05073,***,(22G005-H)교육기재장비(av장비) 유지보수 용역,2022,UMM,국군재정관리단,일반경쟁,총액제,적격심사제,202205101100,20220510,낙찰
정상공고,UMM0332,1,08002,***,22-000급 잠수함 어뢰음향대항체계 탄모의기 개발,2022,UMM,국군재정관리단,수의계약,총액제,적격심사제,202205101100,20220510,유찰
정상공고,UMM0208,1,09737,***,(22F071-A)'22년 방화지대 구축 용역,2022,UMM,국군재정관리단,일반경쟁,총액제,적격심사제,202205101100,20220510,낙찰
재공고,UMM0184,2,10901,***,(226139-D) 정비피복(하계정비복) 제조,2022,UMM,국군재정관리단,제한경쟁,총액제,적격심사제,202205101100,20220510,낙찰
정상공고,UMM0330,1,13982,***,22-공-기상정보지원기 구매,2022,UMM,국군재정관리단,일반경쟁,총액제,적격심사제,202205101100,20220510,낙찰
정상공고,UMM0236,1,14379,***,(22G058-I) 22년 의료세탁물 위탁용역,2022,UMM,국군재정관리단,일반경쟁,총액제,적격심사제,202205101100,20220510,낙찰
정상공고,UMM0241,1,14393,***,(22F085-I) 유해환경작업장 작업환경 측정 용역,2022,UMM,국군재정관리단,일반경쟁,총액제,적격심사제,202205101100,20220510,순위확정
정상공고,UMM0237,1,15866,***,[22G074-I] 00부대 조경관리용역,2022,UMM,국군재정관리단,제한경쟁,총액제,적격심사제,202205101100,20220510,낙찰
정상공고,UMM0235,1,16463,***,(227148-C) 상징 조형물 제조설치,2022,UMM,국군재정관리단,제한경쟁,총액제,적격심사제,202205101100,20220510,낙찰
정상공고,EBB0061,1,5070,***,휀다 및 판류,2022,EBB,지상공통전력운영계약팀,일반경쟁,총액제,적격심사제,202205091100,20220509,낙찰
정상공고,EBB0059,1,7008,***,22년 케이블조립체류,2022,EBB,지상공통전력운영계약팀,일반경쟁,총액제,적격심사제,202205091400,20220509,낙찰
재공고,EHF0012,2,0208H,***,"전지, 축전식(BB-7184K)",2022,EHF,미래전력사업전력운영계약팀,수의계약,총액제,적격심사제,202205091300,20220509,유찰
정상공고,EHF0020,1,7008,***,22년 특수무기 케이블조립체류,2022,EHF,미래전력사업전력운영계약팀,일반경쟁,총액제,적격심사제,202205091100,20220509,낙찰
긴급공고,HCM0052,1,16515,***,병사식당 부식류 구매,2022,HCM,공군교육사령부,일반경쟁,총액제,적격심사제,202205091100,20220509,낙찰
긴급공고,HDN0020,1,16727,***,18비 자율운영부식비 납품,2022,HDN,공군제18전투비행단,일반경쟁,총액제,적격심사제,202205091100,20220509,낙찰
정상공고,LPG0018,1,15030,001,22년 6월 부대조달 부식(부대계약 품목) 계약,2022,LPG,제5보병사단,2단계경쟁(동시),단가제,최저가격제,202205091400,20220509,낙찰
재공고,MDG0109,2,15254,***,2022년 승강기 관리용역(경기권),2022,MDG,국군의무사령부,제한경쟁,총액제,적격심사제,202205091100,20220509,유찰
정상공고,UMM0320,1,08271,***,22-해-재난안전통신망 단말기 도입 사업,2022,UMM,국군재정관리단,제한경쟁,총액제,적격심사제,202205091100,20220509,낙찰
정상공고,UMM0325,1,11405,***,22-공-정밀선반 장비 구매,2022,UMM,국군재정관리단,제한경쟁,총액제,적격심사제,202205091100,20220509,낙찰
정상공고,UMM0228,1,11440,***,(227136-F)정밀측정장비(고주파신호발생기등 3종)구매,2022,UMM,국군재정관리단,일반경쟁,총액제,적격심사제,202205091100,20220509,낙찰
정상공고,UMM0329,1,11670,***,22-공-기상 위성방송 수신기 구매설치,2022,UMM,국군재정관리단,제한경쟁,총액제,적격심사제,202205091100,20220509,낙찰
정상공고,UMM0215,1,11736,***,(226015-G) 22년 VoIP교환기용 음성동보장치제조설치,2022,UMM,국군재정관리단,일반경쟁,총액제,적격심사제,202205091100,20220509,낙찰
긴급공고,UMM0252,1,12006,***,22-CBT교실 전산장비 교체 사업,2022,UMM,국군재정관리단,2단계경쟁(동시),총액제,최저가격제,202205091030,20220509,낙찰
정상공고,UMM0319,1,12405,***,22-목-0함대 제초관리 용역,2022,UMM,국군재정관리단,일반경쟁,총액제,적격심사제,202205091100,20220509,낙찰
정상공고,UMM0317,1,13644,***,22-국-동력계산대(비품) 구매설치,2022,UMM,국군재정관리단,제한경쟁,총액제,적격심사제,202205091100,20220509,낙찰
정상공고,UMM0318,1,13942,***,22-1차 동명부대 재보급물자 수송관리 용역,2022,UMM,국군재정관리단,수의계약,총액제,적격심사제,202205091100,20220509,유찰
정상공고,UMM0321,1,14209,***,22-용-43 2중펜스 및 기지외곽 제초용역,2022,UMM,국군재정관리단,제한경쟁,총액제,적격심사제,202205091100,20220509,낙찰
정상공고,UMM0326,1,15029,***,22-평 예초관리 용역(22H088-H),2022,UMM,국군재정관리단,일반경쟁,총액제,적격심사제,202205091100,20220509,낙찰
정상공고,UMM0314,1,15826,***,22-공-로켓용폭음통 구매,2022,UMM,국군재정관리단,일반경쟁,총액제,적격심사제,202205091100,20220509,낙찰
정상공고,UMM0316,1,15922,***,22-공-가스탄(가스고무탄총용) 등 6종 구매(229073-G),2022,UMM,국군재정관리단,일반경쟁,총액제,적격심사제,202205091100,20220509,낙찰
정상공고,UMM0226,1,15963,***,(226122-C)체력단련장 캐디피복 제조,2022,UMM,국군재정관리단,제한경쟁,총액제,적격심사제,202205091100,20220509,낙찰
정상공고,UMM0229,1,16071,***,(22F051-A)상무대 조경관리 용역,2022,UMM,국군재정관리단,제한경쟁,총액제,적격심사제,202205091100,20220509,낙찰
정상공고,UMM0324,1,16090,***,"22-해-표적지시기 세트, 전자 광학식 구매(228074-D)",2022,UMM,국군재정관리단,제한경쟁,총액제,적격심사제,202205091100,20220509,낙찰
긴급공고,UMM0231,1,16282,***,(22F038-A)  음식물류 폐기물수집 및 위탁처리 용역,2022,UMM,국군재정관리단,일반경쟁,총액제,적격심사제,202205091100,20220509,낙찰
정상공고,EBB0057,1,1522,***,"세척키트, 총포용",2022,EBB,지상공통전력운영계약팀,수의계약,총액제,적격심사제,202205061030,20220506,유찰
긴급공고,HCF0106,1,15397,***,"세단, 1800CC미만",2022,HCF,공군군수사령부,수의계약,총액제,적격심사제,202205061030,20220506,유찰
정상공고,HCG0008,1,12170,***,방공포병 모의훈련체계 구축방안 연구,2022,HCG,공군본부,수의계약,총액제,최저가격제,202205061100,20220506,유찰
정정공고,LCF0355,2,14554,***,오-링 등 250항목 제조(처묶음),2022,LCF,육군군수사령부,수의계약,총액제,적격심사제,202205061030,20220506,순위확정
정상공고,LCF0372,1,14858,***,"인젝터, 연료용 등 2항목 구매(자주포)",2022,LCF,육군군수사령부,일반경쟁,총액제,적격심사제,202205061030,20220506,순위확정
정정공고,LCF0105,2,15625,***,잠수장화 1항목 구매(피복물자),2022,LCF,육군군수사령부,제한경쟁,총액제,적격심사제,202205061030,20220506,낙찰
정정공고,LCN0018,2,15421,***,'22년 00관 GHP 실외기 구매 설치,2022,LCN,육군사관학교,제한경쟁,총액제,적격심사제,202205061400,20220506,낙찰
재공고,LDH0472,2,14583,***,K55자주포 개스킷 등 10종 구매,2022,LDH,육군종합정비창,제한경쟁,총액제,적격심사제,202205061300,20220506,낙찰
재공고,LDH0482,2,14827,***,M48전차 스위치 구매,2022,LDH,육군종합정비창,수의계약,총액제,적격심사제,202205061300,20220506,유찰
정상공고,LDH0502,1,15644,***,통신장비 수리부속 트랜지스터 등 3종 구매,2022,LDH,육군종합정비창,제한경쟁,총액제,적격심사제,202205061300,20220506,낙찰
긴급공고,LFP0012,1,16211,***,`22년 즉각취식형 전투식량 구매 납품,2022,LFP,육군보병학교,일반경쟁,총액제,적격심사제,202205061030,20220506,유찰
긴급공고,LNR0007,1,16089,***,00부대 식재료 구매(1개월 분),2022,LNR,수도기계화보병사단,일반경쟁,총액제,적격심사제,202205061100,20220506,낙찰
재공고,MDG0081,2,10132,***,'22년 특수수술재료 구매 (임플란트4),2022,MDG,국군의무사령부,수의계약,총액제,적격심사제,202205061100,20220506,유찰
정정공고,MDG0111,2,15036,001,22년 경기지역 LPG가스(난방·취사연료) 구매,2022,MDG,국군의무사령부,제한경쟁,단가제,적격심사제,202205061100,20220506,낙찰
정상공고,MDG0112,1,15741,001,22년 강원지역 LPG가스(취사연료) 구매,2022,MDG,국군의무사령부,제한경쟁,단가제,적격심사제,202205061100,20220506,낙찰
정상공고,MDJ0025,1,15347,***,영상장비운영소모품(듀얼실린지 등 10종) 연간계약,2022,MDJ,국군대전병원,일반경쟁,총액제,적격심사제,202205061030,20220506,낙찰
정상공고,MDJ0026,1,15348,***,병리장비운영소모품(Controserum 등 136종)연간계약,2022,MDJ,국군대전병원,일반경쟁,총액제,적격심사제,202205061030,20220506,낙찰
정상공고,SDF0051,1,14502,***,가스히트펌프 3종 구매,2022,SDF,제5738부대,제한경쟁,총액제,적격심사제,202205061030,20220506,낙찰
정상공고,UAB0039,1,14018,***,"서귀포호텔 가구류 구매(제조,설치)",2022,UAB,국군복지단,일반경쟁,총액제,적격심사제,202205061700,20220506,유찰
정상공고,UMM0309,1,03819,***,22-해-포구세척기 2종 제조설치,2022,UMM,국군재정관리단,일반경쟁,총액제,적격심사제,202205061100,20220506,낙찰
정상공고,UMM0218,1,05022,***,(226067-C)수술현미경 (안과용) 구매,2022,UMM,국군재정관리단,일반경쟁,총액제,적격심사제,202205061100,20220506,유찰
재공고,UMM0255,3,10149,***,22-국-마트용 종이물품봉투 제조,2022,UMM,국군재정관리단,수의계약,총액제,적격심사제,202205061100,20220506,유찰
정상공고,UMM0214,1,10522,***,(226120-E) 화재 및 화학 기호판 8종 제조,2022,UMM,국군재정관리단,제한경쟁,총액제,적격심사제,202205061100,20220506,낙찰
정상공고,UMM0221,1,11187,***,(22F053-I) 22년 육로 수송용역(특수화물),2022,UMM,국군재정관리단,일반경쟁,총액제,적격심사제,202205061100,20220506,유찰
정상공고,UMM0222,1,11188,***,(22F055-I) 22년 육로 수송용역(일반화물),2022,UMM,국군재정관리단,일반경쟁,총액제,적격심사제,202205061100,20220506,낙찰
정상공고,UMM0220,1,11385,***,(22F049-I) 22년 제초관리용역(00부대),2022,UMM,국군재정관리단,제한경쟁,총액제,적격심사제,202205061100,20220506,낙찰
정상공고,UMM0216,1,11848,***,(226140-E) 정비피복(동계정비복) 제조,2022,UMM,국군재정관리단,제한경쟁,총액제,적격심사제,202205061100,20220506,낙찰
정상공고,UMM0312,1,11884,***,22-평 오폐수처리시설 및 중계펌프장 위탁관리 용역,2022,UMM,국군재정관리단,제한경쟁,총액제,적격심사제,202205061100,20220506,낙찰
정상공고,UMM0217,1,12587,***,(226143-C) 교육장비(자동정제시스템) 구매,2022,UMM,국군재정관리단,제한경쟁,총액제,적격심사제,202205061100,20220506,낙찰
정상공고,UMM0213,1,13432,***,(227163-F)연구활동재료(초자) 구매,2022,UMM,국군재정관리단,제한경쟁,총액제,적격심사제,202205061100,20220506,낙찰
정상공고,UMM0310,1,13622,***,22-국-냉난방기(판매장비) 구매,2022,UMM,국군재정관리단,제한경쟁,총액제,적격심사제,202205061100,20220506,낙찰
정상공고,EBB0051,1,0750A,***,유수분리기,2022,EBB,지상공통전력운영계약팀,수의계약,총액제,적격심사제,202205041100,20220504,유찰
정상공고,EBB0053,1,4140,***,"22년 챔버,예비연소용(제조,일반)",2022,EBB,지상공통전력운영계약팀,일반경쟁,총액제,적격심사제,202205041400,20220504,낙찰
정상공고,EBB0054,1,5032,***,22년 스위치류(제조),2022,EBB,지상공통전력운영계약팀,수의계약,총액제,적격심사제,202205041400,20220504,유찰
정상공고,EBB0056,1,6120,***,나사류(궤도장비용),2022,EBB,지상공통전력운영계약팀,수의계약,총액제,적격심사제,202205041400,20220504,유찰
정상공고,EBB0052,1,A1051,***,"22년 (F-5) 키, 브레이크 디스크 드라이브",2022,EBB,지상공통전력운영계약팀,일반경쟁,총액제,적격심사제,202205041400,20220504,낙찰
정상공고,EHF0016,1,0306,***,"22년 장비커버류(기동,총포)",2022,EHF,미래전력사업전력운영계약팀,제한경쟁,총액제,적격심사제,202205041100,20220504,낙찰
정상공고,EHF0018,1,2400G,***,22년 지상전술전자전장비 부품(구매)(A),2022,EHF,미래전력사업전력운영계약팀,일반경쟁,총액제,적격심사제,202205041100,20220504,낙찰
정상공고,EHF0017,1,4504G,***,22년 수상함용 레이더 부품(구매),2022,EHF,미래전력사업전력운영계약팀,수의계약,총액제,적격심사제,202205041100,20220504,유찰
긴급공고,HCC0043,1,15974,***,"장치대, 탄력형 등 3종 구매(90)",2022,HCC,해군제1수리창,제한경쟁,총액제,적격심사제,202205041030,20220504,낙찰
긴급공고,HCC0044,1,15975,***,구리양극봉 등 32종 구매(91),2022,HCC,해군제1수리창,제한경쟁,총액제,적격심사제,202205041030,20220504,낙찰
긴급공고,HCC0045,1,15992,***,"송신기, 유량용 구매",2022,HCC,해군제1수리창,제한경쟁,총액제,적격심사제,202205041030,20220504,낙찰
긴급공고,HCF0081,1,12781,***,정기공수 운영분석 및 최적 노선 선정 알고리즘 개발,2022,HCF,공군군수사령부,2단계경쟁(동시),총액제,최저가격제,202205041030,20220504,낙찰
긴급공고,HCF0104,1,13624,***,충전기 등 200종 구매,2022,HCF,공군군수사령부,제한경쟁,총액제,적격심사제,202205041030,20220504,낙찰
긴급공고,HCF0103,1,15041,***,크린스킨 니트릴 장갑 등 209종 구매,2022,HCF,공군군수사령부,제한경쟁,총액제,적격심사제,202205041030,20220504,낙찰
긴급공고,HCF0105,1,15127,***,세척장갑 등 91종 구매,2022,HCF,공군군수사령부,제한경쟁,총액제,적격심사제,202205041030,20220504,낙찰
재공고,HCG0003,3,05410,***,전시 비상급수 기준 수립 연구,2022,HCG,공군본부,수의계약,총액제,최저가격제,202205041100,20220504,유찰
재공고,LCF0076,3,05239,***,"링크,바퀴 실린더용 등 4항목 제조(생산능력, 기장)",2022,LCF,육군군수사령부,수의계약,총액제,적격심사제,202205041030,20220504,순위확정
재공고,LCF0190,3,07862,***,"고공가설작업기구 등 2항목 제조(생산능력, 일장)",2022,LCF,육군군수사령부,수의계약,총액제,적격심사제,202205041030,20220504,순위확정
정정공고,LCF0222,5,08374,***,"배선장치,갈래형 등 7항목 제조(생산능력,자주포)",2022,LCF,육군군수사령부,제한경쟁,총액제,적격심사제,202205041030,20220504,낙찰
재공고,LCF0075,2,09356,***,펌프 킷트개조형 등 6항목 제조(총포공구),2022,LCF,육군군수사령부,제한경쟁,총액제,적격심사제,202205041030,20220504,낙찰
정상공고,LCF0366,1,09967,***,"무선폭음경보장치 등 1항목 구매(대테러,총포)",2022,LCF,육군군수사령부,제한경쟁,총액제,적격심사제,202205041030,20220504,낙찰
정상공고,LCF0365,1,09969,***,"유무선 내시경 등 1항목 구매(대테러,총포)",2022,LCF,육군군수사령부,제한경쟁,총액제,적격심사제,202205041030,20220504,낙찰
정상공고,LCF0367,1,09970,***,"휴대용 액체폭약 탐지기 등 1항목 구매(대테러,총포)",2022,LCF,육군군수사령부,일반경쟁,총액제,적격심사제,202205041030,20220504,낙찰
재공고,LCF0351,2,13755,***,"등, 겨눔대용 등 3항목 제조(처묶음, 특수)",2022,LCF,육군군수사령부,수의계약,총액제,적격심사제,202205041030,20220504,유찰
정상공고,LCF0102,1,14097,***,미니망치 등 52항목 구매(특무공구),2022,LCF,육군군수사령부,제한경쟁,총액제,적격심사제,202205041030,20220504,낙찰
정상공고,LCF0104,1,14098,***,반사경 등 27항목 구매(항공공구),2022,LCF,육군군수사령부,제한경쟁,총액제,적격심사제,202205041030,20220504,순위확정
정상공고,LCF0103,1,14099,***,"소켓, 소켓 렌치용 등 68항목 구매(항공공구)",2022,LCF,육군군수사령부,제한경쟁,총액제,적격심사제,202205041030,20220504,낙찰
정상공고,LCF0101,1,14100,***,키세트 소켓 머리 나사용 등 58항목 구매(특무공구),2022,LCF,육군군수사령부,제한경쟁,총액제,적격심사제,202205041030,20220504,낙찰
정상공고,LCF0368,1,15112,***,"금속탐지기, 휴대용 등 1항목 구매(대테러, 총포)",2022,LCF,육군군수사령부,제한경쟁,총액제,적격심사제,202205041030,20220504,낙찰
정상공고,LCF0369,1,15113,***,"폭발물 탐지기 등 1항목 구매(대테러, 총포)",2022,LCF,육군군수사령부,제한경쟁,총액제,적격심사제,202205041030,20220504,낙찰
정상공고,LCF0370,1,15114,***,"전자청진기 등 1항목 구매(대테러, 총포)",2022,LCF,육군군수사령부,제한경쟁,총액제,적격심사제,202205041030,20220504,낙찰
긴급공고,LCJ0021,1,15840,***,파레트 슬라이딩 저장랙 등 3품목 설치 납품,2022,LCJ,종합보급창,일반경쟁,총액제,적격심사제,202205041100,20220504,낙찰
정상공고,LDG0025,1,14806,***,체계유도탄 군직정비 자재 구매,2022,LDG,육군 탄약지원사령부,제한경쟁,총액제,적격심사제,202205041030,20220504,낙찰
정상공고,LDG0026,1,14821,***,지대공유도탄 군직정비 자재 구매,2022,LDG,육군 탄약지원사령부,제한경쟁,총액제,적격심사제,202205041030,20220504,낙찰
정상공고,LDG0024,1,15275,***,'22~'24년 식기세척기 임차 용역,2022,LDG,육군 탄약지원사령부,제한경쟁,총액제,적격심사제,202205041030,20220504,낙찰
재공고,LDH0413,3,13586,***,통신장비 수리부속 감쇠기 등 7종 구매,2022,LDH,육군종합정비창,수의계약,총액제,적격심사제,202205041300,20220504,순위확정
재공고,LDH0434,2,13791,***,(일장) 다목적굴착기 플라스틱링등 16종구매,2022,LDH,육군종합정비창,제한경쟁,총액제,적격심사제,202205041300,20220504,유찰
재공고,LDH0437,2,13794,***,(일장) 장갑전투도자 임펠러등 29종구매,2022,LDH,육군종합정비창,수의계약,총액제,적격심사제,202205041300,20220504,유찰
재공고,LDH0452,2,13810,***,(기동) 다목적전술차 베어링등 2종구매,2022,LDH,육군종합정비창,제한경쟁,총액제,적격심사제,202205041300,20220504,유찰
재공고,LDH0454,2,13812,***,(기동) 다목적전술차 와셔등 41종구매,2022,LDH,육군종합정비창,제한경쟁,총액제,적격심사제,202205041300,20220504,유찰
정상공고,LDH0499,1,15386,***,"‘프레스 유압, 150톤용’ 외주정비 용역",2022,LDH,육군종합정비창,제한경쟁,총액제,적격심사제,202205041300,20220504,낙찰
정상공고,LDH0500,1,15430,***,K21장갑차 보호판 구매,2022,LDH,육군종합정비창,제한경쟁,총액제,적격심사제,202205041300,20220504,낙찰
정상공고,LDH0501,1,15561,***,부품제작자재 스티커비닐 등 35종 구매,2022,LDH,육군종합정비창,수의계약,총액제,적격심사제,202205041300,20220504,유찰
긴급공고,LKT0021,1,15802,***,22년 제초관리 용역,2022,LKT,제1989부대,일반경쟁,총액제,적격심사제,202205041030,20220504,낙찰
긴급공고,LPC0016,1,15953,***,‘22년 공기청정기 필터 구매(제25보병사단),2022,LPC,제25보병사단,제한경쟁,총액제,적격심사제,202205041100,20220504,낙찰
정상공고,LPG0019,1,15287,001,22년 6월 부대조달(중기간경쟁) 부식(어육가공품),2022,LPG,제5보병사단,제한경쟁,단가제,적격심사제,202205041030,20220504,낙찰
정상공고,LQG0025,1,15534,***,비데 임차 용역,2022,LQG,육군 52보병사단,일반경쟁,총액제,적격심사제,202205041100,20220504,낙찰
긴급공고,MDG0113,1,14787,***,22년 의무장비(스트레스측정기) 구매,2022,MDG,국군의무사령부,제한경쟁,총액제,적격심사제,202205041100,20220504,낙찰
정정공고,MON0003,2,11788,***,국방 정신전력교육지도사 자격신설 연구용역,2022,MON,국방정신전력원,수의계약,총액제,최저가격제,202205041000,20220504,유찰
긴급공고,SCF0215,1,12424,***,"(긴급) 밸브,글로브형 등 4종 구매",2022,SCF,해군군수사령부,제한경쟁,총액제,적격심사제,202205041030,20220504,낙찰
긴급공고,SCF0218,1,13525,***,(긴급) 디스플레이 유닛 1종 구매,2022,SCF,해군군수사령부,제한경쟁,총액제,적격심사제,202205041030,20220504,낙찰
긴급공고,SCF0217,1,13529,***,"(긴급) 노즐,연료분사용 등 12종 구매",2022,SCF,해군군수사령부,제한경쟁,총액제,적격심사제,202205041030,20220504,낙찰
긴급공고,SCF0216,1,13530,***,(긴급) 연마 및 광택기 등 3종 구매,2022,SCF,해군군수사령부,제한경쟁,총액제,적격심사제,202205041030,20220504,낙찰
긴급공고,SCF0214,1,13532,***,"(긴급) 밸브,글로브형 등 6종 구매",2022,SCF,해군군수사령부,제한경쟁,총액제,적격심사제,202205041030,20220504,낙찰
긴급공고,SCR0021,1,16004,***,22-해-생존훈련장 신축 관급자재(조명기구 7종),2022,SCR,해군제3함대사령부,제한경쟁,총액제,적격심사제,202205041100,20220504,낙찰
긴급공고,SEE0014,1,16013,***,복사용지 등 729품목 구매,2022,SEE,제9해병여단,제한경쟁,총액제,적격심사제,202205041030,20220504,낙찰
긴급공고,SFG0060,1,16052,***,UTP케이블 등 172품목 구매,2022,SFG,제9181부대,제한경쟁,총액제,적격심사제,202205041030,20220504,낙찰
긴급공고,SFG0061,1,16053,***,코팅필름 등 121품목 구매,2022,SFG,제9181부대,제한경쟁,총액제,적격심사제,202205041030,20220504,낙찰
긴급공고,SFN0027,1,15984,***,22-Y-제초용역,2022,SFN,연평부대,제한경쟁,총액제,적격심사제,202205041030,20220504,낙찰
정상공고,UMM0210,1,06407,***,(226049-E)통합상황관리시스템 하드웨어 교체사업,2022,UMM,국군재정관리단,제한경쟁,총액제,적격심사제,202205041100,20220504,낙찰
정상공고,UMM0308,1,09362,***,22-해병-스키장구 4품목 구매,2022,UMM,국군재정관리단,제한경쟁,총액제,적격심사제,202205041100,20220504,낙찰
정상공고,UMM0204,1,10083,***,(227132-B) 정밀측정장비(에러측정기 등 4종) 구매,2022,UMM,국군재정관리단,일반경쟁,총액제,적격심사제,202205041100,20220504,낙찰
긴급공고,UMM0160,1,10890,***,(22F010-G)합성훈련환경 정보체계 ISP 수립용역,2022,UMM,국군재정관리단,협상에의한계약(전자),총액제,최저가격제,202205041300,20220504,낙찰
정상공고,UMM0205,1,11181,***,(226142-B) 교육장비(딥러닝머신 러닝서버) 구매,2022,UMM,국군재정관리단,제한경쟁,총액제,적격심사제,202205041100,20220504,낙찰
정상공고,UMM0207,1,11245,***,(227146-F)특수수술재료 6종 구매,2022,UMM,국군재정관리단,일반경쟁,총액제,적격심사제,202205041100,20220504,낙찰
정상공고,UMM0307,1,13118,***,22-공-조종사용 선글라스 5종 제조,2022,UMM,국군재정관리단,제한경쟁,총액제,적격심사제,202205041100,20220504,유찰
긴급공고,UMM0225,1,14229,***,(22G018-H)22년 합동전쟁종합실습 운영장비 임차용역,2022,UMM,국군재정관리단,제한경쟁,총액제,적격심사제,202205041100,20220504,낙찰
정상공고,UMM0206,1,15249,***,(226127-D) 무기체계 회로카드 관리시스템 구매,2022,UMM,국군재정관리단,제한경쟁,총액제,적격심사제,202205041100,20220504,낙찰
정상공고,EBB0044,1,0085,***,일반광학장비부품(화포용수포류),2022,EBB,지상공통전력운영계약팀,수의계약,총액제,적격심사제,202205031030,20220503,유찰
정상공고,EBB0043,1,0087,***,파노라마식 망원경,2022,EBB,지상공통전력운영계약팀,일반경쟁,총액제,적격심사제,202205031100,20220503,유찰
정상공고,EBB0047,1,5020,***,"제네레이터(장갑차, 전차)",2022,EBB,지상공통전력운영계약팀,수의계약,총액제,적격심사제,202205031100,20220503,유찰
정상공고,EBB0048,1,6210A,***,"삽입기, 나사류",2022,EBB,지상공통전력운영계약팀,수의계약,총액제,적격심사제,202205031100,20220503,유찰
정상공고,EBB0045,1,6211,***,섀클류(전차용),2022,EBB,지상공통전력운영계약팀,수의계약,총액제,적격심사제,202205031100,20220503,유찰
정상공고,EBB0049,1,6704,***,연료펌프류,2022,EBB,지상공통전력운영계약팀,수의계약,총액제,적격심사제,202205031100,20220503,유찰
재공고,EBB0018,2,7325,***,22년 연습용 지뢰(KM79),2022,EBB,지상공통전력운영계약팀,일반경쟁,총액제,적격심사제,202205031430,20220503,낙찰
정상공고,EBB0046,1,8525,***,장갑차 전장품류,2022,EBB,지상공통전력운영계약팀,일반경쟁,총액제,적격심사제,202205031030,20220503,낙찰
정상공고,EHF0015,1,7020G,***,22년 GPS-98K 레이더 부품(구매),2022,EHF,미래전력사업전력운영계약팀,제한경쟁,총액제,적격심사제,202205031100,20220503,낙찰
재공고,EKA0009,2,7100A,***,"망원경,엘보형(방향틀용)",2022,EKA,기동총괄계약팀,일반경쟁,총액제,적격심사제,202205031030,20220503,낙찰
정상공고,EKA0010,1,7100B,***,"22년 삼각대,사격통제기구용",2022,EKA,기동총괄계약팀,수의계약,총액제,적격심사제,202205031030,20220503,유찰
정상공고,ESA0001,1,9005,***,22년 보조전원공급기(30mm차륜형대공포용),2022,ESA,유도무기총괄계약팀,일반경쟁,총액제,적격심사제,202205031100,20220503,낙찰
재공고,HCF0082,2,14067,***,손톱깍이 제조,2022,HCF,공군군수사령부,제한경쟁,총액제,적격심사제,202205031030,20220503,낙찰
긴급공고,HCF0098,1,14233,***,"분석기, 스펙트럼용",2022,HCF,공군군수사령부,제한경쟁,총액제,적격심사제,202205031030,20220503,낙찰
긴급공고,HCF0097,1,15428,***,합판 구매,2022,HCF,공군군수사령부,제한경쟁,총액제,적격심사제,202205031030,20220503,유찰
긴급공고,HCF0099,1,15501,***,[시동용 발전기 부품] 주파수 제어기군 등 7종,2022,HCF,공군군수사령부,제한경쟁,총액제,적격심사제,202205031030,20220503,유찰
긴급공고,HCL0046,1,15519,***,22-공군사관학교 제초용역,2022,HCL,공군사관학교,제한경쟁,총액제,적격심사제,202205031300,20220503,낙찰
긴급공고,HCM0051,1,15619,***,22-일반지역 예초 용역,2022,HCM,공군교육사령부,제한경쟁,총액제,적격심사제,202205031100,20220503,낙찰
긴급공고,HCQ0035,1,15745,***,병사식당 부식(조미료 및 부재료) 공급 계약 의뢰,2022,HCQ,공군제5공중기동비행단,제한경쟁,총액제,적격심사제,202205031100,20220503,낙찰
긴급공고,HDM0009,1,14339,***,[22-0054] 22-1차 일반소모성자재(GUC) 구매,2022,HDM,공군제17전투비행단,제한경쟁,총액제,적격심사제,202205031030,20220503,낙찰
긴급공고,HDP0038,1,15785,***,정비지원용 정비작업대 등 13종(22-069),2022,HDP,공군제19전투비행단,제한경쟁,총액제,적격심사제,202205031100,20220503,낙찰
긴급공고,HDS0009,1,15734,***,22-미-제초관리용역1(대천),2022,HDS,공군미사일방어사령부,제한경쟁,총액제,적격심사제,202205031100,20220503,낙찰
긴급공고,HDS0010,1,15753,***,22-미-제초관리용역2(진천),2022,HDS,공군미사일방어사령부,제한경쟁,총액제,적격심사제,202205031100,20220503,낙찰
긴급공고,HFK0015,1,15712,***,공기청정기필터 4종 구매,2022,HFK,제1방공유도탄여단,일반경쟁,총액제,적격심사제,202205031100,20220503,낙찰
정상공고,LCF0362,1,14489,***,"M48전차 연결봉,피스톤용 정비",2022,LCF,육군군수사령부,수의계약,총액제,적격심사제,202205031030,20220503,유찰
재공고,LDH0396,2,13524,***,발칸 부싱 등 10종 구매,2022,LDH,육군종합정비창,제한경쟁,총액제,적격심사제,202205031300,20220503,낙찰
재공고,LDH0415,2,13589,***,통신장비 수리부속 배선장치 등 4종 구매,2022,LDH,육군종합정비창,제한경쟁,총액제,적격심사제,202205031300,20220503,낙찰
재공고,LDH0419,2,13769,***,(화공) 순간접착제 등 22종 구매,2022,LDH,육군종합정비창,제한경쟁,총액제,적격심사제,202205031300,20220503,낙찰
재공고,LDH0463,2,14188,***,K21장갑차  출입용 문 6종 구매,2022,LDH,육군종합정비창,제한경쟁,총액제,적격심사제,202205031300,20220503,낙찰
재공고,LDH0468,2,14309,***,K9자주포 케이블조립체 및 스위치 구매,2022,LDH,육군종합정비창,제한경쟁,총액제,적격심사제,202205031300,20220503,낙찰
정상공고,LDH0490,1,15319,***,K9자주포 뽑게 등 28종 구매,2022,LDH,육군종합정비창,제한경쟁,총액제,적격심사제,202205031300,20220503,낙찰
정상공고,LDH0491,1,15322,***,K9자주포 나사(2937) 등 26종 구매,2022,LDH,육군종합정비창,제한경쟁,총액제,적격심사제,202205031300,20220503,낙찰
정상공고,LDH0495,1,15329,***,K9자주포 벨트 등 9종 구매,2022,LDH,육군종합정비창,제한경쟁,총액제,적격심사제,202205031300,20220503,유찰
재공고,LKP0030,2,13949,001,'22년 부대조달 생수 구매(A권역),2022,LKP,5군수지원사령부,일반경쟁,단가제,적격심사제,202205031100,20220503,낙찰
정상공고,MCD0014,1,13752,***,군사시설부문 온실가스 감축 계획수립 연구,2022,MCD,국방부(운영지원과),협상에의한계약(전자),총액제,최저가격제,202205031030,20220503,낙찰
정상공고,MDG0100,1,13857,***,22년 의무장비(자동시력측정기) 구매,2022,MDG,국군의무사령부,제한경쟁,총액제,적격심사제,202205031100,20220503,낙찰
정상공고,MDG0101,1,13863,***,22년 의무장비(치과유니트 및 의자) 구매,2022,MDG,국군의무사령부,제한경쟁,총액제,적격심사제,202205031100,20220503,낙찰
정상공고,MDG0102,1,13865,***,22년 의무장비(적외선 열화상카메라) 구매,2022,MDG,국군의무사령부,일반경쟁,총액제,적격심사제,202205031100,20220503,낙찰
정상공고,MDG0103,1,13898,***,22년 의무장비(좌욕기) 구매,2022,MDG,국군의무사령부,제한경쟁,총액제,적격심사제,202205031100,20220503,낙찰
정상공고,MDG0104,1,13904,***,22년 의무장비(치료테이블 전기식) 구매,2022,MDG,국군의무사령부,제한경쟁,총액제,적격심사제,202205031100,20220503,낙찰
정상공고,MDG0105,1,13907,***,22년 의무장비(레이져통증치료기) 구매,2022,MDG,국군의무사령부,제한경쟁,총액제,적격심사제,202205031100,20220503,유찰
정상공고,MDG0106,1,13921,***,22년 의무장비(온열 자기장 치료기) 구매,2022,MDG,국군의무사령부,제한경쟁,총액제,적격심사제,202205031100,20220503,낙찰
정상공고,MDG0107,1,13930,***,22년 의무장비(초음파치료기) 구매,2022,MDG,국군의무사령부,제한경쟁,총액제,적격심사제,202205031100,20220503,낙찰
정상공고,MDG0108,1,14419,***,22-2차 일반비품 구매 (에어컨 중형 등 5품목),2022,MDG,국군의무사령부,제한경쟁,총액제,적격심사제,202205031100,20220503,낙찰
긴급공고,MDG0109,1,15254,***,2022년 승강기 관리용역(경기권),2022,MDG,국군의무사령부,제한경쟁,총액제,적격심사제,202205031100,20220503,유찰
긴급공고,MDG0110,1,15339,***,2022년 승강기 관리용역(국군대구병원),2022,MDG,국군의무사령부,수의계약,총액제,적격심사제,202205031100,20220503,유찰
긴급공고,MDR0014,1,15744,***,어택보드(수중 나침의) 구매,2022,MDR,제9965부대,제한경쟁,총액제,적격심사제,202205031100,20220503,낙찰
재공고,SCF0161,2,05728,***,변조기-전원공급기 등 3종 구매,2022,SCF,해군군수사령부,제한경쟁,총액제,적격심사제,202205031030,20220503,순위확정
긴급공고,SCF0184,1,05749,***,22-무선통신 중계장비 구매/설치,2022,SCF,해군군수사령부,제한경쟁,총액제,적격심사제,202205031030,20220503,낙찰
긴급공고,SCF0188,1,09035,***,"배터리충전기, 황산 1종 구매",2022,SCF,해군군수사령부,제한경쟁,총액제,적격심사제,202205031030,20220503,낙찰
긴급공고,SCF0185,1,11084,***,"면양말, 백색 제조",2022,SCF,해군군수사령부,제한경쟁,총액제,적격심사제,202205031030,20220503,낙찰
긴급공고,SCF0043,1,11312,***,'22 ~ '24년 VLF 지휘통신체계 유지보수 용역,2022,SCF,해군군수사령부,일반경쟁,총액제,적격심사제,202205031030,20220503,낙찰
긴급공고,SCF0192,1,11563,***,에어컨가스 회수충전기 1EA 구매,2022,SCF,해군군수사령부,수의계약,총액제,적격심사제,202205031030,20220503,순위확정
긴급공고,SCF0042,1,12024,***,"표시판,레이더세트 제원용(DY-NDS) 유지보수 용역",2022,SCF,해군군수사령부,일반경쟁,총액제,적격심사제,202205031030,20220503,낙찰
긴급공고,SCF0213,1,12421,***,"(긴급) 밸브,솔레노이드용 등 6종 구매",2022,SCF,해군군수사령부,제한경쟁,총액제,적격심사제,202205031030,20220503,유찰
긴급공고,SCF0211,1,12422,***,"(긴급) 패킹,성형식 등 14종 구매",2022,SCF,해군군수사령부,제한경쟁,총액제,적격심사제,202205031030,20220503,낙찰
긴급공고,SCF0187,1,12640,***,배터리 67EA 구매,2022,SCF,해군군수사령부,제한경쟁,총액제,적격심사제,202205031030,20220503,순위확정
긴급공고,SCF0183,1,12732,***,해상 호크나이프 109EA 구매,2022,SCF,해군군수사령부,제한경쟁,총액제,적격심사제,202205031030,20220503,낙찰
긴급공고,SCF0210,1,12762,***,"(긴급) 밸브,솔레노이드용 등 19종 구매",2022,SCF,해군군수사령부,제한경쟁,총액제,적격심사제,202205031030,20220503,낙찰
긴급공고,SCF0209,1,12766,***,(긴급) 기어박스 키트 등 4종 구매,2022,SCF,해군군수사령부,제한경쟁,총액제,적격심사제,202205031030,20220503,유찰
긴급공고,SCF0186,1,13235,***,확성기-마이크로폰 등 14종 구매,2022,SCF,해군군수사령부,제한경쟁,총액제,적격심사제,202205031030,20220503,순위확정
재공고,SCF0172,2,13317,***,부식방지제 등 30종 구매,2022,SCF,해군군수사령부,제한경쟁,총액제,적격심사제,202205031030,20220503,유찰
긴급공고,SCF0190,1,13351,***,전자 청진기 8set 구매,2022,SCF,해군군수사령부,제한경쟁,총액제,적격심사제,202205031030,20220503,낙찰
긴급공고,SCF0212,1,13520,***,"(긴급) 밸브,솔레노이드용 등 32종 구매",2022,SCF,해군군수사령부,제한경쟁,총액제,적격심사제,202205031030,20220503,낙찰
긴급공고,SCF0182,1,13651,***,투명지용(트레이싱지) 구매,2022,SCF,해군군수사령부,제한경쟁,총액제,적격심사제,202205031030,20220503,유찰
긴급공고,SCF0208,1,13781,***,"(긴급)호스,비금속제 등 30종",2022,SCF,해군군수사령부,제한경쟁,총액제,적격심사제,202205031030,20220503,낙찰
긴급공고,SCF0191,1,13878,***,멀티프레스 2EA 구매,2022,SCF,해군군수사령부,제한경쟁,총액제,적격심사제,202205031030,20220503,낙찰
긴급공고,SCF0193,1,13919,***,"클램프, 호스용 등 2종 구매",2022,SCF,해군군수사령부,제한경쟁,총액제,적격심사제,202205031030,20220503,순위확정
긴급공고,SCF0189,1,15424,***,"시험세트,전기회로용,유도탄 발사장치용 1종 구매",2022,SCF,해군군수사령부,제한경쟁,총액제,적격심사제,202205031030,20220503,순위확정
재공고,SCN0046,3,11784,***,요소수 등 182종,2022,SCN,제7001부대,제한경쟁,총액제,적격심사제,202205031030,20220503,낙찰
긴급공고,SCP0066,1,15509,***,YPK-A(00호정) 상가 외주정비,2022,SCP,제8385부대,제한경쟁,총액제,적격심사제,202205031030,20220503,유찰
재공고,SFC0053,2,11211,***,해병대 정체성 향상 프로그램 개발 연구 용역,2022,SFC,제9691부대,2단계경쟁(동시),총액제,최저가격제,202205031030,20220503,낙찰
재공고,SFC0054,2,11212,***,스마트팩토리 기반 KAAV창정비 공장 연구 용역(1),2022,SFC,제9691부대,2단계경쟁(동시),총액제,최저가격제,202205031030,20220503,낙찰
긴급공고,SFD0041,1,15490,***,염소 등 806품목 구매,2022,SFD,제9227부대,제한경쟁,총액제,적격심사제,202205031030,20220503,낙찰
재공고,SFG0054,3,12417,***,22-K-액화석유가스 구매(소형탱크),2022,SFG,제9181부대,제한경쟁,총액제,적격심사제,202205031030,20220503,낙찰
긴급공고,SFG0059,1,15533,***,주름관 등 205품목 구매,2022,SFG,제9181부대,제한경쟁,총액제,적격심사제,202205031030,20220503,낙찰
정상공고,UAB0027,1,12333,***,판매수수료 현실화 방안 연구용역,2022,UAB,국군복지단,수의계약,총액제,최저가격제,202205031700,20220503,유찰
정정공고,UAF0001,2,07343,***,군인복지기금 성과평가 및 자산운용컨설팅,2022,UAF,국방부 인사복지실,수의계약,총액제,최저가격제,202205031600,20220503,유찰
재공고,UMM0276,2,10671,***,22-공군 코로나19 PCR 민간 위탁 용역(22J030-H),2022,UMM,국군재정관리단,일반경쟁,총액제,적격심사제,202205031100,20220503,낙찰
긴급공고,UMM0212,1,12163,***,(226141-F)싱크대 제조설치 납품,2022,UMM,국군재정관리단,제한경쟁,총액제,적격심사제,202205031100,20220503,낙찰
정상공고,UMM0304,1,12332,***,22-김해기지 활주로 제초 용역(22J023-H),2022,UMM,국군재정관리단,제한경쟁,총액제,적격심사제,202205031100,20220503,낙찰
정상공고,UMM0303,1,12416,***,22-용-45 활주로 제초 용역,2022,UMM,국군재정관리단,제한경쟁,총액제,적격심사제,202205031100,20220503,낙찰
정상공고,UMM0203,1,13641,***,(227017-H)00지역 영상회의시스템 등 구매설치(1차),2022,UMM,국군재정관리단,일반경쟁,총액제,적격심사제,202205031100,20220503,낙찰
정상공고,UMM0305,1,15307,***,22-공-형광투시검사 유니트 제조설치,2022,UMM,국군재정관리단,제한경쟁,총액제,적격심사제,202205031100,20220503,낙찰
정상공고,EBB0042,1,1261,***,자주포 유압장치 부품류,2022,EBB,지상공통전력운영계약팀,일반경쟁,총액제,적격심사제,202205021030,20220502,낙찰
정상공고,EBB0040,1,1262,***,"하우징, 속도조정기용",2022,EBB,지상공통전력운영계약팀,수의계약,총액제,적격심사제,202205021040,20220502,유찰
정상공고,EBB0039,1,1626,***,여과기류,2022,EBB,지상공통전력운영계약팀,수의계약,총액제,적격심사제,202205021030,20220502,유찰
정상공고,EBB0041,1,8321,***,패드류,2022,EBB,지상공통전력운영계약팀,일반경쟁,총액제,적격심사제,202205021100,20220502,낙찰
정상공고,EHF0013,1,2035,***,"수신기-송신기,무전기용",2022,EHF,미래전력사업전력운영계약팀,일반경쟁,총액제,적격심사제,202205021100,20220502,유찰
긴급공고,HCM0049,1,15099,***,22-04-142 파형측정기 1품목,2022,HCM,공군교육사령부,일반경쟁,총액제,적격심사제,202205021100,20220502,낙찰
긴급공고,HCM0047,1,15185,***,22-04-128 냉장고 의약용품 등 2품목,2022,HCM,공군교육사령부,일반경쟁,총액제,적격심사제,202205021100,20220502,낙찰
긴급공고,HCM0048,1,15186,***,22-03-113 컬러프린터 잉크 등 24품목,2022,HCM,공군교육사령부,일반경쟁,총액제,적격심사제,202205021100,20220502,낙찰
긴급공고,LHN0015,1,15205,***,군 관사 LPG액화석유가스 구매계약,2022,LHN,제7보병사단,제한경쟁,총액제,적격심사제,202205021100,20220502,낙찰
정상공고,SCR0017,1,13643,***,22-0함대 홍보영상 신규제작 용역,2022,SCR,해군제3함대사령부,협상에의한계약(전자),총액제,최저가격제,202205021100,20220502,낙찰
긴급공고,SCU0027,1,15555,***,불닭마요덮밥 등 13종 구매,2022,SCU,해군 기동함대사령부,제한경쟁,총액제,적격심사제,202205021100,20220502,낙찰
긴급공고,UMM0226,1,07042,***,공군 휴대용 소형무인기 대응체계 연구 용역,2022,UMM,국군재정관리단,2단계경쟁(동시),총액제,최저가격제,202205021300,20220502,낙찰
긴급공고,UMM0229,1,07742,***,비전통위협 대비군시설활용및 공용면적 기준 개정연구,2022,UMM,국군재정관리단,협상에의한계약(전자),총액제,최저가격제,202205021100,20220502,낙찰
정상공고,UMM0296,1,10035,***,22-공-포장 및 치장재료 제조,2022,UMM,국군재정관리단,제한경쟁,총액제,적격심사제,202205021100,20220502,낙찰
정상공고,UMM0198,1,11562,***,(226149-D) 심폐소생술 마네킹 구매,2022,UMM,국군재정관리단,일반경쟁,총액제,적격심사제,202205021100,20220502,낙찰
정상공고,UMM0298,1,11657,***,22-해-로더스코프 1대 구매,2022,UMM,국군재정관리단,일반경쟁,총액제,적격심사제,202205021100,20220502,낙찰
긴급공고,UMM0258,1,12204,***,22년 블랙이글스 영국에어쇼 참가지원 용역(22J012-H),2022,UMM,국군재정관리단,협상에의한계약(전자),총액제,최저가격제,202205021100,20220502,낙찰
정상공고,UMM0297,1,14936,***,22-해-주파수변환기(60Hz) 6EA 제조설치,2022,UMM,국군재정관리단,일반경쟁,총액제,적격심사제,202205021100,20220502,낙찰
정상공고,UMM0300,1,15019,***,22-공-폭발무기용 탐지기 구매,2022,UMM,국군재정관리단,제한경쟁,총액제,적격심사제,202205021100,20220502,낙찰
정상공고,EBB0037,1,6102,***,리테이너류,2022,EBB,지상공통전력운영계약팀,일반경쟁,총액제,적격심사제,202204291100,20220429,낙찰
정상공고,EBB0038,1,6966,***,케이블 및 배선장치류,2022,EBB,지상공통전력운영계약팀,일반경쟁,총액제,적격심사제,202204291100,20220429,낙찰
정상공고,EHF0010,1,0601,***,22년 발칸 부품키트(제조),2022,EHF,미래전력사업전력운영계약팀,일반경쟁,총액제,적격심사제,202204291100,20220429,낙찰
정상공고,EHF0014,1,3100,***,22년 확성기세트 부품(제조),2022,EHF,미래전력사업전력운영계약팀,일반경쟁,총액제,적격심사제,202204291100,20220429,낙찰
재공고,HCC0039,2,13676,***,알미늄 합금판 등 9종 구매(82),2022,HCC,해군제1수리창,제한경쟁,총액제,적격심사제,202204291030,20220429,낙찰
긴급공고,HCQ0032,1,13556,***,(21-071) 출입문개방용 유압절단기 1종 3점,2022,HCQ,공군제5공중기동비행단,수의계약,총액제,최저가격제,202204291100,20220429,유찰
정상공고,LCF0356,1,12081,***,"나사,기계용 등 310항목 제조(생산능력, 기장)",2022,LCF,육군군수사령부,수의계약,총액제,적격심사제,202204291030,20220429,유찰
정상공고,LCF0361,1,12472,***,차륜평형기 등 112항목 구매(기장),2022,LCF,육군군수사령부,일반경쟁,총액제,적격심사제,202204291030,20220429,낙찰
정상공고,LCF0091,1,13714,***,플라이어 등 6항목 구매(통신공구),2022,LCF,육군군수사령부,제한경쟁,총액제,적격심사제,202204291030,20220429,순위확정
정상공고,LCF0090,1,13751,***,드릴세트 등 12항목 구매(기일공구),2022,LCF,육군군수사령부,일반경쟁,총액제,적격심사제,202204291030,20220429,낙찰
정상공고,LCF0092,1,13754,***,렌치 레칫형 등 3항목 구매(기일공구),2022,LCF,육군군수사령부,제한경쟁,총액제,적격심사제,202204291030,20220429,낙찰
정상공고,LCF0093,1,13756,***,베어링 제거 공구 등 26항목 구매(기일공구),2022,LCF,육군군수사령부,제한경쟁,총액제,적격심사제,202204291030,20220429,낙찰
정상공고,LCF0094,1,13757,***,뽑게 기계식 등 26항목 구매(기일공구),2022,LCF,육군군수사령부,제한경쟁,총액제,적격심사제,202204291030,20220429,낙찰
정상공고,LCF0095,1,13759,***,에어구리스펌프 등 6항목 구매(기일공구),2022,LCF,육군군수사령부,제한경쟁,총액제,적격심사제,202204291030,20220429,낙찰
정상공고,LCF0096,1,13760,***,아댑터 소켓렌치용 등 14항목 구매,2022,LCF,육군군수사령부,제한경쟁,총액제,적격심사제,202204291030,20220429,낙찰
정상공고,LCF0099,1,13761,***,게이지 비교측정기용 등 22항목 구매(기일공구),2022,LCF,육군군수사령부,제한경쟁,총액제,적격심사제,202204291030,20220429,낙찰
정상공고,LCF0100,1,13762,***,렌치 등 41항목 구매(기일공구),2022,LCF,육군군수사령부,제한경쟁,총액제,적격심사제,202204291030,20220429,낙찰
정상공고,LCF0098,1,13763,***,드릴 비틀림식 등 13항목 구매(기일공구),2022,LCF,육군군수사령부,제한경쟁,총액제,적격심사제,202204291030,20220429,낙찰
정상공고,LCF0097,1,13764,***,렌치 토크용 등 27항목 구매(기일공구),2022,LCF,육군군수사령부,제한경쟁,총액제,적격심사제,202204291030,20220429,낙찰
정상공고,LCF0088,1,13765,***,주입기 액체용 직접공급식 등 13항목 구매(기일공구),2022,LCF,육군군수사령부,일반경쟁,총액제,적격심사제,202204291030,20220429,낙찰
정상공고,LCF0089,1,13766,***,정비용 깔판 등 14항목 구매(기일공구),2022,LCF,육군군수사령부,일반경쟁,총액제,적격심사제,202204291030,20220429,낙찰
정상공고,LCF0359,1,14728,***,"후크,고정용,좌측용 등 24항목 제조(생산능력, 일장)",2022,LCF,육군군수사령부,제한경쟁,총액제,적격심사제,202204291030,20220429,순위확정
긴급공고,LDA0013,1,15088,***,22년 00부대 제초관리용역,2022,LDA,지상작전사령부,제한경쟁,총액제,적격심사제,202204291100,20220429,낙찰
정상공고,LDH0470,1,14577,***,K55자주포 와셔 등 44종 구매,2022,LDH,육군종합정비창,제한경쟁,총액제,적격심사제,202204291300,20220429,낙찰
정상공고,LDH0474,1,14592,***,K55자주포 호스 등 9종 구매,2022,LDH,육군종합정비창,제한경쟁,총액제,적격심사제,202204291300,20220429,낙찰
정상공고,LDH0476,1,14599,***,K55자주포 절연체 등 6종 구매,2022,LDH,육군종합정비창,제한경쟁,총액제,적격심사제,202204291300,20220429,낙찰
정상공고,LDH0479,1,14778,***,발칸 평판형오일리스베어링 등 11종 구매,2022,LDH,육군종합정비창,제한경쟁,총액제,적격심사제,202204291300,20220429,낙찰
정상공고,LDH0480,1,14790,***,22-5차 정비용 장비 부품 구매,2022,LDH,육군종합정비창,제한경쟁,총액제,적격심사제,202204291300,20220429,낙찰
정상공고,LDH0481,1,14826,***,M48전차 표시기 구매,2022,LDH,육군종합정비창,수의계약,총액제,적격심사제,202204291300,20220429,유찰
정상공고,LDH0483,1,14829,***,K10탄운차 볼트(5348) 등 34종 구매,2022,LDH,육군종합정비창,수의계약,총액제,적격심사제,202204291300,20220429,유찰
정상공고,LDH0484,1,14839,***,K10탄운차 너트 등 34종 구매,2022,LDH,육군종합정비창,수의계약,총액제,적격심사제,202204291300,20220429,유찰
정상공고,LDH0486,1,14843,***,K10탄운차 볼트(5321) 등 30종 구매,2022,LDH,육군종합정비창,수의계약,총액제,적격심사제,202204291300,20220429,유찰
정상공고,LDH0487,1,14848,***,K10탄운차 나사 등 14종 구매,2022,LDH,육군종합정비창,수의계약,총액제,적격심사제,202204291300,20220429,유찰
정정공고,MDD0080,2,11128,***,2022년 의무장비(치과유니트) 구매계약,2022,MDD,국군수도병원,제한경쟁,총액제,적격심사제,202204291100,20220429,유찰
정상공고,MDD0079,1,12967,***,22년 수도병원 의무장비(슬라이드 자동염색기) 구매,2022,MDD,국군수도병원,제한경쟁,총액제,적격심사제,202204291100,20220429,낙찰
재공고,MDJ0023,2,13171,***,22년 환자급식재료 계약(농산품 등 456종),2022,MDJ,국군대전병원,수의계약,총액제,적격심사제,202204291030,20220429,유찰
재공고,MHD0026,2,09555,***,대형공격헬기의 효과적인 시설사업 추진방안 연구,2022,MHD,방위사업청(운영지원과),협상에의한계약(전자),총액제,최저가격제,202204291500,20220429,낙찰
긴급공고,MHD0035,1,12378,***,2022 군용항공기 감항인증 국제 컨퍼런스 행사 진행,2022,MHD,방위사업청(운영지원과),협상에의한계약(전자),총액제,최저가격제,202204291500,20220429,낙찰
긴급공고,SCF0207,1,13563,***,"(긴급)등,경보용 등 15종",2022,SCF,해군군수사령부,제한경쟁,총액제,적격심사제,202204291030,20220429,낙찰
긴급공고,SCF0205,1,13779,***,(긴급)제어장치-표시기 하부조립체 등 2종,2022,SCF,해군군수사령부,제한경쟁,총액제,적격심사제,202204291030,20220429,유찰
긴급공고,SCF0206,1,13782,***,(긴급)오-링 등 12종,2022,SCF,해군군수사령부,제한경쟁,총액제,적격심사제,202204291030,20220429,낙찰
정상공고,SFG0058,1,14799,***,22-K-열상장비 감시체계시스템 유지보수 용역,2022,SFG,제9181부대,일반경쟁,총액제,적격심사제,202204291030,20220429,낙찰
정상공고,UMM0199,1,10618,***,(226110-C) 정밀캐스팅자동화시스템 제조 설치,2022,UMM,국군재정관리단,일반경쟁,총액제,적격심사제,202204291100,20220429,유찰
정상공고,UMM0293,1,11773,***,22-K-조경관리 용역(22H076-I),2022,UMM,국군재정관리단,제한경쟁,총액제,적격심사제,202204291100,20220429,낙찰
정상공고,UMM0201,1,12765,***,(227047-C )병리장비운영소모품 48품목 구매,2022,UMM,국군재정관리단,일반경쟁,총액제,적격심사제,202204291100,20220429,낙찰
정상공고,UMM0294,1,13848,***,22-8비 일반도로 제초용역(22J035-H),2022,UMM,국군재정관리단,제한경쟁,총액제,적격심사제,202204291100,20220429,낙찰
정상공고,UMM0197,1,14722,***,(22F016-G)'22년 영구기록물 DB 구축,2022,UMM,국군재정관리단,일반경쟁,총액제,적격심사제,202204291100,20220429,낙찰
정상공고,EBB0029,1,5042,***,하우징류,2022,EBB,지상공통전력운영계약팀,제한경쟁,총액제,적격심사제,202204281430,20220428,낙찰
정상공고,EBB0036,1,6301,***,궤도장비부품류,2022,EBB,지상공통전력운영계약팀,일반경쟁,총액제,적격심사제,202204281100,20220428,낙찰
긴급공고,HCF0096,1,02667,***,"산탄총(조수퇴치용, 12게이지)",2022,HCF,공군군수사령부,제한경쟁,총액제,적격심사제,202204281030,20220428,낙찰
긴급공고,HCF0093,1,14168,***,"[패트리어트 작전차량 부품] 타이어, 공기압식 차량용",2022,HCF,공군군수사령부,제한경쟁,총액제,적격심사제,202204281030,20220428,낙찰
긴급공고,HCF0095,1,14939,***,항공기터빈엔진용 합성윤활유(항공수송),2022,HCF,공군군수사령부,제한경쟁,총액제,적격심사제,202204281030,20220428,낙찰
긴급공고,HDC0005,1,13541,***,22-46 엔진 장착용 어댑터 제조 구매,2022,HDC,공군제1전투비행단,일반경쟁,총액제,적격심사제,202204281030,20220428,낙찰
긴급공고,HFK0013,1,14657,***,"22-용-13 제초(부산,김해,울산)",2022,HFK,제1방공유도탄여단,제한경쟁,총액제,적격심사제,202204281030,20220428,유찰
긴급공고,HFK0014,1,14776,***,"22-용-13 제초(대구,포항,성주)",2022,HFK,제1방공유도탄여단,제한경쟁,총액제,적격심사제,202204281030,20220428,낙찰
긴급공고,LCN0017,1,14772,***,'22년~'25년 정수기 임차용역(육사교),2022,LCN,육군사관학교,제한경쟁,총액제,적격심사제,202204281400,20220428,낙찰
재공고,LDH0386,2,13420,***,"'22-1차 6,000LB, 디젤지게차 계약의뢰",2022,LDH,육군종합정비창,제한경쟁,총액제,적격심사제,202204281300,20220428,낙찰
재공고,LDH0390,2,13465,***,발칸 핀 등 6종 구매,2022,LDH,육군종합정비창,제한경쟁,총액제,적격심사제,202204281300,20220428,낙찰
재공고,LDH0395,2,13518,***,발칸 슬립링홀더 등 25종 구매,2022,LDH,육군종합정비창,제한경쟁,총액제,적격심사제,202204281300,20220428,낙찰
재공고,LDH0404,2,13569,***,K200장갑차 봉합재 등 21종 구매,2022,LDH,육군종합정비창,제한경쟁,총액제,적격심사제,202204281300,20220428,유찰
재공고,LDH0408,2,13579,***,통신장비 수리부속 저항기 등 17종 구매,2022,LDH,육군종합정비창,제한경쟁,총액제,적격심사제,202204281300,20220428,낙찰
재공고,LDH0413,2,13586,***,통신장비 수리부속 감쇠기 등 7종 구매,2022,LDH,육군종합정비창,수의계약,총액제,적격심사제,202204281300,20220428,유찰
정상공고,LDH0452,1,13810,***,(기동) 다목적전술차 베어링등 2종구매,2022,LDH,육군종합정비창,제한경쟁,총액제,적격심사제,202204281300,20220428,유찰
정상공고,LDH0453,1,13811,***,(기동) 다목적전술차 스위치 구매,2022,LDH,육군종합정비창,제한경쟁,총액제,적격심사제,202204281300,20220428,낙찰
긴급공고,LFP0011,1,15008,***,`22년 즉각취식형 전투식량 구매 납품,2022,LFP,육군보병학교,일반경쟁,총액제,적격심사제,202204281030,20220428,유찰
긴급공고,LGP0126,1,14948,***,22년 진지공사용 폐타이어 수송처리 용역,2022,LGP,제1군수지원사령부,일반경쟁,총액제,적격심사제,202204281100,20220428,낙찰
긴급공고,LPT0001,1,14999,***,'22년 정수기 임차 용역,2022,LPT,제75보병사단,제한경쟁,총액제,적격심사제,202204281100,20220428,낙찰
재공고,LQG0012,2,12927,***,22년 체력단련기구 제조 납품,2022,LQG,육군 52보병사단,일반경쟁,총액제,적격심사제,202204281100,20220428,유찰
정상공고,LQG0023,1,14507,***,예비군동대 노후비품 교체,2022,LQG,육군 52보병사단,일반경쟁,총액제,적격심사제,202204281100,20220428,유찰
재공고,SCF0130,2,05512,***,양극 등 9종 구매,2022,SCF,해군군수사령부,제한경쟁,총액제,적격심사제,202204281030,20220428,순위확정
긴급공고,SCF0039,1,08443,***,'22년 잠수함 위성지휘 통신체계 유지보수 정비,2022,SCF,해군군수사령부,수의계약,총액제,적격심사제,202204281030,20220428,유찰
긴급공고,SCF0202,1,08854,***,"(긴급)양극, 부식방지용 등 8종",2022,SCF,해군군수사령부,제한경쟁,총액제,적격심사제,202204281030,20220428,낙찰
긴급공고,SCF0040,1,11231,***,통신쉘터 부품정비,2022,SCF,해군군수사령부,수의계약,총액제,적격심사제,202204281030,20220428,유찰
긴급공고,SCF0193,1,12591,***,"(긴급)제어장치 및 합성장치, 전기 주파수용 등 22종",2022,SCF,해군군수사령부,제한경쟁,총액제,적격심사제,202204281030,20220428,낙찰
긴급공고,SCF0041,1,12723,***,함내외 및 함내무선통신체계 유지보수 정비,2022,SCF,해군군수사령부,일반경쟁,총액제,적격심사제,202204281030,20220428,낙찰
긴급공고,SCF0194,1,13029,***,"(긴급)임펠러,펌프용,원심식 1종",2022,SCF,해군군수사령부,제한경쟁,총액제,적격심사제,202204281030,20220428,낙찰
긴급공고,SCF0181,1,13204,***,"벨트, V형 등 9종 구매",2022,SCF,해군군수사령부,제한경쟁,총액제,적격심사제,202204281030,20220428,순위확정
긴급공고,SCF0180,1,13241,***,온수순환수펌프(EHP-40B) 2EA 제조,2022,SCF,해군군수사령부,제한경쟁,총액제,적격심사제,202204281030,20220428,낙찰
긴급공고,SCF0179,1,13262,***,"패킹, 성형식 등 11종 구매",2022,SCF,해군군수사령부,제한경쟁,총액제,적격심사제,202204281030,20220428,낙찰
긴급공고,SCF0198,1,13407,***,"(긴급)밸브,앵글형 등 10종",2022,SCF,해군군수사령부,제한경쟁,총액제,적격심사제,202204281030,20220428,유찰
긴급공고,SCF0196,1,13499,***,"(긴급)베어링,롤러식,원통형 등 6종",2022,SCF,해군군수사령부,제한경쟁,총액제,적격심사제,202204281030,20220428,유찰
긴급공고,SCF0192,1,13509,***,"(긴급)축,직선형 1종",2022,SCF,해군군수사령부,제한경쟁,총액제,적격심사제,202204281030,20220428,낙찰
재공고,SCG0029,2,06688,***,22-경항모 건조가 산업에 미치는 영향 분석,2022,SCG,해군본부,2단계경쟁(동시),총액제,최저가격제,202204281000,20220428,낙찰
재공고,SCG0039,2,07344,***,21세기형 선진해군문화 연구,2022,SCG,해군본부,2단계경쟁(동시),총액제,최저가격제,202204281500,20220428,낙찰
정상공고,UMM0140,1,05538,***,'22년 해군 해상근무자 정신전력 집체교육 용역,2022,UMM,국군재정관리단,협상에의한계약(전자),총액제,최저가격제,202204281100,20220428,낙찰
정상공고,UMM0292,1,07772,***,22-해-노트북 구매,2022,UMM,국군재정관리단,일반경쟁,총액제,적격심사제,202204281100,20220428,낙찰
정상공고,UMM0289,1,10082,***,22-K-수제선 예초용역,2022,UMM,국군재정관리단,일반경쟁,총액제,적격심사제,202204281100,20220428,낙찰
정상공고,UMM0288,1,10250,***,'22년 JLOTS훈련 선박 임차 용역,2022,UMM,국군재정관리단,일반경쟁,총액제,적격심사제,202204281100,20220428,낙찰
정상공고,UMM0290,1,14430,***,22-공-X-선 장치(방사선 사진용) 구매,2022,UMM,국군재정관리단,일반경쟁,총액제,적격심사제,202204281100,20220428,낙찰
정상공고,EBB0024,1,1555,***,자주포 하우징류,2022,EBB,지상공통전력운영계약팀,일반경쟁,총액제,적격심사제,202204271030,20220427,낙찰
정상공고,EBB0032,1,5091,***,"센서, 화재용",2022,EBB,지상공통전력운영계약팀,수의계약,총액제,적격심사제,202204271100,20220427,유찰
정상공고,EBB0034,1,5142,***,계기 및 계기부품류,2022,EBB,지상공통전력운영계약팀,수의계약,총액제,적격심사제,202204271050,20220427,유찰
정상공고,EBB0035,1,6007,***,"소화기류(제조,일반)",2022,EBB,지상공통전력운영계약팀,수의계약,총액제,적격심사제,202204271500,20220427,유찰
정상공고,EBB0026,1,6607,***,"22년 뚜껑,주입구용",2022,EBB,지상공통전력운영계약팀,수의계약,총액제,적격심사제,202204271430,20220427,유찰
정상공고,EBB0033,1,6950,***,"구동장치부품류(제조,일반",2022,EBB,지상공통전력운영계약팀,일반경쟁,총액제,적격심사제,202204271040,20220427,낙찰
정상공고,EBB0030,1,8570,***,가열기조립체류,2022,EBB,지상공통전력운영계약팀,수의계약,총액제,적격심사제,202204271100,20220427,유찰
재공고,EKA0008,2,7810,***,"지뢰탐지기-II양산 공구키트, 공병용, 다용도용",2022,EKA,기동총괄계약팀,제한경쟁,총액제,적격심사제,202204271030,20220427,낙찰
정상공고,HCG0009,1,13213,***,야전정비 수리부속 구매(습구-구형 온도계 키트),2022,HCG,공군본부,제한경쟁,총액제,적격심사제,202204271100,20220427,낙찰
재공고,LCF0327,2,09591,***,야전배낭(사수) 등 1항목 제조(총포),2022,LCF,육군군수사령부,수의계약,총액제,적격심사제,202204271030,20220427,유찰
재공고,LCF0329,2,09593,***,"스프링조립체,갈퀴,소화기용 등 42항목 제조(총포)",2022,LCF,육군군수사령부,제한경쟁,총액제,적격심사제,202204271030,20220427,낙찰
재공고,LCF0315,2,09607,***,"마스크,안면용,야간관측용 등 8항목 구매(총포)",2022,LCF,육군군수사령부,제한경쟁,총액제,적격심사제,202204271030,20220427,순위확정
재공고,LCF0072,2,10609,***,항공선글라스 1항목 구매(피복물자),2022,LCF,육군군수사령부,제한경쟁,총액제,적격심사제,202204271030,20220427,순위확정
재공고,LDH0374,2,13110,***,전반기 정비장비 예비부품(공병장비류) 구매,2022,LDH,육군종합정비창,제한경쟁,총액제,적격심사제,202204271300,20220427,유찰
재공고,LDH0376,2,13128,***,전반기 정비장비 예비부품(항공장비류) 구매,2022,LDH,육군종합정비창,수의계약,총액제,적격심사제,202204271300,20220427,유찰
재공고,LDH0379,2,13200,***,부품제작자재 ABS-M30 등 9종 구매,2022,LDH,육군종합정비창,제한경쟁,총액제,적격심사제,202204271300,20220427,유찰
정상공고,LDH0434,1,13791,***,(일장) 다목적굴착기 플라스틱링등 16종구매,2022,LDH,육군종합정비창,제한경쟁,총액제,적격심사제,202204271300,20220427,유찰
정상공고,LDH0438,1,13795,***,(일장) 장갑전투도자 축등 2종구매,2022,LDH,육군종합정비창,제한경쟁,총액제,적격심사제,202204271300,20220427,낙찰
정상공고,LDH0441,1,13799,***,(일장) 제독차 베어링등 5종구매,2022,LDH,육군종합정비창,제한경쟁,총액제,적격심사제,202204271300,20220427,낙찰
정상공고,LDH0442,1,13800,***,(일장) 교량가설단정 피스톤 구매,2022,LDH,육군종합정비창,제한경쟁,총액제,적격심사제,202204271300,20220427,유찰
정상공고,LDH0455,1,14147,***,K21장갑차 나사 등 83종 구매,2022,LDH,육군종합정비창,수의계약,총액제,적격심사제,202204271300,20220427,유찰
정상공고,LDH0464,1,14191,***,K21장갑차  베어링 등 5종 구매,2022,LDH,육군종합정비창,제한경쟁,총액제,적격심사제,202204271300,20220427,낙찰
정상공고,LDH0468,1,14309,***,K9자주포 케이블조립체 및 스위치 구매,2022,LDH,육군종합정비창,제한경쟁,총액제,적격심사제,202204271300,20220427,유찰
긴급공고,LPC0015,1,14767,***,22년 육군25보병사단 비데 임차용역,2022,LPC,제25보병사단,제한경쟁,총액제,적격심사제,202204271100,20220427,낙찰
정상공고,LQG0022,1,14260,***,22년 정비피복류 제조(납품),2022,LQG,육군 52보병사단,일반경쟁,총액제,적격심사제,202204271100,20220427,낙찰
긴급공고,MDS0008,1,14828,***,휴대폰 보관함 제조 구매,2022,MDS,제3707부대,제한경쟁,총액제,적격심사제,202204271030,20220427,낙찰
긴급공고,SCF0177,1,05554,***,"여과기, 흡입용 등 14종 구매",2022,SCF,해군군수사령부,제한경쟁,총액제,적격심사제,202204271030,20220427,낙찰
재공고,SCF0137,2,09884,***,회로카드 조립체 등 4종 구매,2022,SCF,해군군수사령부,제한경쟁,총액제,적격심사제,202204271030,20220427,순위확정
재공고,SCF0135,2,10676,***,흡입공기용 패널형 필터 7EA 구매,2022,SCF,해군군수사령부,제한경쟁,총액제,적격심사제,202204271030,20220427,유찰
긴급공고,SCF0199,1,11300,***,"(긴급) T자관,파이프와 튜브와 호스연결용 등 15종",2022,SCF,해군군수사령부,제한경쟁,총액제,적격심사제,202204271030,20220427,낙찰
재공고,SCF0164,2,11304,***,"(긴급) 잉곳,주석-청동용 등 9종",2022,SCF,해군군수사령부,수의계약,총액제,적격심사제,202204271030,20220427,유찰
긴급공고,SCF0178,1,11321,***,인쇄회로판 등 2종 구매,2022,SCF,해군군수사령부,제한경쟁,총액제,적격심사제,202204271030,20220427,순위확정
긴급공고,SCF0195,1,12315,***,"(긴급)핀,토글용,유두형 등 6종",2022,SCF,해군군수사령부,제한경쟁,총액제,적격심사제,202204271030,20220427,낙찰
긴급공고,SCF0197,1,12718,***,"(긴급)바,금속제 등 7종",2022,SCF,해군군수사령부,제한경쟁,총액제,적격심사제,202204271030,20220427,낙찰
긴급공고,SCF0175,1,12864,***,"발신기, 조난 등 2종 제조",2022,SCF,해군군수사령부,제한경쟁,총액제,적격심사제,202204271030,20220427,유찰
긴급공고,SCF0188,1,13006,***,"(긴급)부품키트,체크밸브용 등 4종",2022,SCF,해군군수사령부,제한경쟁,총액제,적격심사제,202204271030,20220427,유찰
긴급공고,SCF0189,1,13115,***,"(긴급)와셔,평면형 등 7종",2022,SCF,해군군수사령부,제한경쟁,총액제,적격심사제,202204271030,20220427,유찰
긴급공고,SCF0176,1,13333,***,수욕기 다리치료용 2EA 구매,2022,SCF,해군군수사령부,제한경쟁,총액제,적격심사제,202204271030,20220427,유찰
긴급공고,SCF0190,1,13515,***,"(긴급)패널,모니터용 1종",2022,SCF,해군군수사령부,제한경쟁,총액제,적격심사제,202204271030,20220427,낙찰
긴급공고,SCF0191,1,13534,***,"(긴급)릴,케이블용 1종",2022,SCF,해군군수사령부,제한경쟁,총액제,적격심사제,202204271030,20220427,낙찰
긴급공고,SCF0200,1,14820,***,"(긴급)파이프,금속제 등 23종",2022,SCF,해군군수사령부,제한경쟁,총액제,적격심사제,202204271030,20220427,낙찰
긴급공고,SFH0055,1,14699,***,무릎보호대 등 524품목 구매(도서지역),2022,SFH,제9196부대,제한경쟁,총액제,적격심사제,202204271030,20220427,낙찰
긴급공고,SFH0056,1,14706,***,부대비품(침대) 제조 구매(도서지역),2022,SFH,제9196부대,제한경쟁,총액제,적격심사제,202204271030,20220427,낙찰
정상공고,UAB0028,1,14727,***,기숙사 에어컨 설치납품,2022,UAB,국군복지단,일반경쟁,총액제,적격심사제,202204271700,20220427,낙찰
정상공고,UMM0189,1,06514,***,(227078-D)장비운영소모품(외과2) 37종 구매,2022,UMM,국군재정관리단,제한경쟁,총액제,적격심사제,202204271100,20220427,낙찰
정상공고,UMM0185,1,06951,***,(226083-D)지뢰보호의 등 2종 제조,2022,UMM,국군재정관리단,제한경쟁,총액제,적격심사제,202204271100,20220427,낙찰
재공고,UMM0143,2,09077,***,(226109-F) 금형주조기 제조 설치,2022,UMM,국군재정관리단,일반경쟁,총액제,적격심사제,202204271100,20220427,순위확정
정상공고,UMM0284,1,09656,***,22-공-견인식 제초기 구매,2022,UMM,국군재정관리단,제한경쟁,총액제,적격심사제,202204271100,20220427,낙찰
재공고,UMM0268,2,09997,***,22-Y-음식물쓰레기 처리기 임차 용역,2022,UMM,국군재정관리단,일반경쟁,총액제,적격심사제,202204271100,20220427,낙찰
정상공고,UMM0283,1,11209,***,22-공-라운드 스틱 볼펜 구매,2022,UMM,국군재정관리단,제한경쟁,총액제,적격심사제,202204271100,20220427,낙찰
긴급공고,UMM0196,1,11674,***,(227009-H)00체계 네트워크장비 구매,2022,UMM,국군재정관리단,일반경쟁,총액제,적격심사제,202204271100,20220427,낙찰
정상공고,UMM0282,1,11755,***,22-공-비교측정기(광학투영식) 구매,2022,UMM,국군재정관리단,제한경쟁,총액제,적격심사제,202204271100,20220427,낙찰
정상공고,UMM0191,1,14159,***,(227102-D) '22~23년 의료재료(248종) 구매,2022,UMM,국군재정관리단,일반경쟁,총액제,적격심사제,202204271100,20220427,낙찰
정상공고,UMM0194,1,14182,***,(227074-E) 장비운영소모품(병리5) 52종 구매,2022,UMM,국군재정관리단,일반경쟁,총액제,적격심사제,202204271100,20220427,낙찰
재공고,EBB0005,3,1570,***,고압호스,2022,EBB,지상공통전력운영계약팀,수의계약,총액제,적격심사제,202204261100,20220426,유찰
정상공고,EBB0021,1,1575,***,일반호스(구매),2022,EBB,지상공통전력운영계약팀,제한경쟁,총액제,적격심사제,202204261100,20220426,낙찰
정상공고,EBB0020,1,1590,***,"클렘프류(기동,궤도)",2022,EBB,지상공통전력운영계약팀,수의계약,총액제,적격심사제,202204261100,20220426,유찰
정상공고,EBB0018,1,7325,***,22년 연습용 지뢰(KM79),2022,EBB,지상공통전력운영계약팀,일반경쟁,총액제,적격심사제,202204261430,20220426,유찰
정상공고,EBB0022,1,8515A,***,"날개, 트림 장갑차용",2022,EBB,지상공통전력운영계약팀,제한경쟁,총액제,적격심사제,202204261100,20220426,낙찰
정상공고,EBB0023,1,8550,***,장갑차 부품류,2022,EBB,지상공통전력운영계약팀,일반경쟁,총액제,적격심사제,202204261400,20220426,낙찰
재공고,EHF0007,2,1031,***,"쉘터,비전개식(1 1/4톤)",2022,EHF,미래전력사업전력운영계약팀,수의계약,총액제,적격심사제,202204261100,20220426,유찰
긴급공고,HCC0042,1,14384,***,스텐평와샤 등 3종 구매(89),2022,HCC,해군제1수리창,제한경쟁,총액제,적격심사제,202204261030,20220426,낙찰
긴급공고,HCF0076,1,02596,***,취사용 위생모자 제조,2022,HCF,공군군수사령부,제한경쟁,총액제,적격심사제,202204261030,20220426,낙찰
긴급공고,HCF0089,1,08789,***,보오스코우프,2022,HCF,공군군수사령부,제한경쟁,총액제,적격심사제,202204261030,20220426,낙찰
긴급공고,HCF0086,1,08803,***,"탐지기, 가스용",2022,HCF,공군군수사령부,제한경쟁,총액제,적격심사제,202204261030,20220426,낙찰
긴급공고,HCF0090,1,12683,***,음성합성 소프트웨어 등 5종,2022,HCF,공군군수사령부,제한경쟁,총액제,적격심사제,202204261030,20220426,유찰
긴급공고,HCF0085,1,12728,***,스로틀 링키지 등 71종 구매,2022,HCF,공군군수사령부,제한경쟁,총액제,적격심사제,202204261030,20220426,낙찰
긴급공고,HCF0084,1,12735,***,방진마스크 등 280종 구매,2022,HCF,공군군수사령부,제한경쟁,총액제,적격심사제,202204261030,20220426,낙찰
긴급공고,HCF0082,1,14067,***,손톱깍이 제조,2022,HCF,공군군수사령부,제한경쟁,총액제,적격심사제,202204261030,20220426,유찰
긴급공고,HCF0083,1,14108,***,계급장류 제조,2022,HCF,공군군수사령부,제한경쟁,총액제,적격심사제,202204261030,20220426,낙찰
긴급공고,HCF0087,1,14347,***,군장품류 제조,2022,HCF,공군군수사령부,제한경쟁,총액제,적격심사제,202204261030,20220426,낙찰
재공고,LCF0340,2,06801,***,가설병시험용전화기 등 6항목 구매(통신),2022,LCF,육군군수사령부,제한경쟁,총액제,적격심사제,202204261130,20220426,순위확정
재공고,LCF0140,2,07382,***,변환기조립체 등 12항목 구매(궤도),2022,LCF,육군군수사령부,제한경쟁,총액제,적격심사제,202204261030,20220426,낙찰
정상공고,LCF0352,1,11274,***,"면봉, 소화기청소용 등 4항목 구매(처묶음)",2022,LCF,육군군수사령부,제한경쟁,총액제,적격심사제,202204261030,20220426,낙찰
정상공고,LCF0085,1,11917,***,고정구 궤도연결용 등 29항목 제조(궤도공구),2022,LCF,육군군수사령부,제한경쟁,총액제,적격심사제,202204261030,20220426,낙찰
정상공고,LCF0084,1,11922,***,제동유 교환 유니트 등 3항목 제조(궤도공구),2022,LCF,육군군수사령부,제한경쟁,총액제,적격심사제,202204261030,20220426,낙찰
정상공고,LCF0086,1,11926,***,받침대 등 13항목 제조(궤도공구),2022,LCF,육군군수사령부,제한경쟁,총액제,적격심사제,202204261030,20220426,낙찰
정상공고,LCF0083,1,11928,***,정비 킷트 등 23항목 제조(궤도공구),2022,LCF,육군군수사령부,제한경쟁,총액제,적격심사제,202204261030,20220426,낙찰
정상공고,LCF0082,1,11930,***,클램프 등 34항목 구매(궤도공구),2022,LCF,육군군수사령부,제한경쟁,총액제,적격심사제,202204261030,20220426,낙찰
정상공고,LCF0081,1,11933,***,렌치 등 37항목 구매(궤도공구),2022,LCF,육군군수사령부,제한경쟁,총액제,적격심사제,202204261030,20220426,순위확정
정상공고,LCF0080,1,11937,***,고정구 등 47항목 구매(궤도공구),2022,LCF,육군군수사령부,제한경쟁,총액제,적격심사제,202204261030,20220426,낙찰
정상공고,LCF0079,1,11985,***,충전 임팩렌치 등 13항목 구매(궤도공구),2022,LCF,육군군수사령부,제한경쟁,총액제,적격심사제,202204261030,20220426,낙찰
정상공고,LCF0078,1,11986,***,전동식 연료펌프 등 11항목 구매(궤도공구),2022,LCF,육군군수사령부,제한경쟁,총액제,적격심사제,202204261030,20220426,순위확정
정상공고,LCF0077,1,11988,***,이동식 공구함 세트 등 13항목 구매(궤도공구),2022,LCF,육군군수사령부,제한경쟁,총액제,적격심사제,202204261030,20220426,낙찰
정상공고,LCF0076,1,11989,***,충전햄머드릴 등 3항목 구매(궤도공구),2022,LCF,육군군수사령부,일반경쟁,총액제,적격심사제,202204261030,20220426,낙찰
재공고,LCF0342,2,12499,***,위성망가속기 외주정비(용역),2022,LCF,육군군수사령부,수의계약,총액제,적격심사제,202204261030,20220426,유찰
정상공고,LCF0351,1,13755,***,"등, 겨눔대용 등 3항목 제조(처묶음, 특수)",2022,LCF,육군군수사령부,수의계약,총액제,적격심사제,202204261030,20220426,유찰
정상공고,LCF0353,1,13758,***,"브래킷, 궤도가이드 레일용 등 29항목 제조(총포)",2022,LCF,육군군수사령부,제한경쟁,총액제,적격심사제,202204261030,20220426,낙찰
재공고,LDH0370,2,12976,***,천마 나사 등 6종 구매,2022,LDH,육군종합정비창,수의계약,총액제,적격심사제,202204261300,20220426,유찰
재공고,LDH0371,2,12978,***,비호 나사 등 15종 구매,2022,LDH,육군종합정비창,수의계약,총액제,적격심사제,202204261300,20220426,유찰
재공고,LDH0382,2,13372,***,(정비) 자동차광용접맨보호판 등 12종 구매,2022,LDH,육군종합정비창,수의계약,총액제,적격심사제,202204261300,20220426,유찰
정상공고,LDH0418,1,13768,***,"(화공) 건조제,활성식 등 21종 구매",2022,LDH,육군종합정비창,제한경쟁,총액제,적격심사제,202204261300,20220426,낙찰
정상공고,LDH0419,1,13769,***,(화공) 순간접착제 등 22종 구매,2022,LDH,육군종합정비창,제한경쟁,총액제,적격심사제,202204261300,20220426,유찰
정상공고,LDH0420,1,13770,***,(화공) 염화닉켈 등 26종 구매,2022,LDH,육군종합정비창,제한경쟁,총액제,적격심사제,202204261300,20220426,낙찰
정상공고,LDH0421,1,13771,***,(화공) 클리너453그람 등 2종 구매,2022,LDH,육군종합정비창,제한경쟁,총액제,적격심사제,202204261300,20220426,낙찰
정상공고,LDH0422,1,13772,***,(화공) 니켈광택제지 등 15종 구매,2022,LDH,육군종합정비창,제한경쟁,총액제,적격심사제,202204261300,20220426,낙찰
정상공고,LDH0423,1,13773,***,(화공) 접착제 등 1종 구매,2022,LDH,육군종합정비창,제한경쟁,총액제,적격심사제,202204261300,20220426,낙찰
정상공고,LDH0425,1,13775,***,(정비) 인서트팁 등 98종 구매,2022,LDH,육군종합정비창,제한경쟁,총액제,적격심사제,202204261300,20220426,낙찰
정상공고,LDH0426,1,13776,***,(정비) 연마재 등 18종 구매,2022,LDH,육군종합정비창,제한경쟁,총액제,적격심사제,202204261300,20220426,낙찰
긴급공고,LFC0048,1,14358,***,육군훈련소 부대비품유지비 공기청정기 필터구매,2022,LFC,육군훈련소,일반경쟁,총액제,적격심사제,202204261030,20220426,낙찰
긴급공고,LGP0123,1,14483,***,"22-1차 대테러장비(기관단총,SCAR-L) 수리부속 구매",2022,LGP,제1군수지원사령부,수의계약,총액제,적격심사제,202204261030,20220426,유찰
긴급공고,LGP0124,1,14491,***,"22-3차 대테러장비(산탄총,12게이지MP4)수리부속구매",2022,LGP,제1군수지원사령부,수의계약,총액제,적격심사제,202204261030,20220426,유찰
긴급공고,LGP0125,1,14493,***,22-5차 대테러장비(부수기재)수리부속 구매,2022,LGP,제1군수지원사령부,수의계약,총액제,적격심사제,202204261030,20220426,유찰
재공고,LKP0041,2,13343,***,'22년 5월 식자재(부대조달 부식) 구매,2022,LKP,5군수지원사령부,일반경쟁,총액제,적격심사제,202204261100,20220426,낙찰
정상공고,LKP0030,1,13949,001,'22년 부대조달 생수 구매(A권역),2022,LKP,5군수지원사령부,일반경쟁,단가제,적격심사제,202204261100,20220426,유찰
정상공고,LKP0031,1,13956,001,'22년 부대조달 생수 구매(B권역),2022,LKP,5군수지원사령부,일반경쟁,단가제,적격심사제,202204261100,20220426,낙찰
긴급공고,MDF0009,1,13618,***,00지역 대변인실 브리핑장비 구매설치,2022,MDF,국군지휘통신사령부,제한경쟁,총액제,적격심사제,202204261030,20220426,낙찰
정정공고,MDF0010,2,13710,***,국방전화번호 통합검색체계 이전용역,2022,MDF,국군지휘통신사령부,제한경쟁,총액제,적격심사제,202204261030,20220426,낙찰
정상공고,MDG0090,1,11862,***,22년 의무장비(주변시야계) 구매,2022,MDG,국군의무사령부,2단계경쟁(동시),총액제,최저가격제,202204261530,20220426,유찰
정상공고,MDG0098,1,14248,***,22년 의무장비(수술대 병원용(자동식)) 구매,2022,MDG,국군의무사령부,제한경쟁,총액제,적격심사제,202204261100,20220426,낙찰
재공고,MDJ0017,2,08309,***,22년 조달 의무장비(치과유니트) 구매,2022,MDJ,국군대전병원,일반경쟁,총액제,적격심사제,202204261030,20220426,유찰
재공고,MDJ0020,2,08312,***,22년 조달 의무장비(동위원소측정기) 구매,2022,MDJ,국군대전병원,수의계약,총액제,적격심사제,202204261030,20220426,유찰
재공고,MDJ0021,2,08314,***,22년 조달 의무장비(내시경자동세척기) 구매,2022,MDJ,국군대전병원,일반경쟁,총액제,적격심사제,202204261030,20220426,순위확정
재공고,MHD0027,2,09902,***,함정 표준감항인증기준 수립 및 사업 영향성 연구,2022,MHD,방위사업청(운영지원과),협상에의한계약(전자),총액제,최저가격제,202204261500,20220426,유찰
긴급공고,MHD0033,1,11494,***,소형무장헬기 양산 시설사업기본계획(2차),2022,MHD,방위사업청(운영지원과),협상에의한계약(전자),총액제,최저가격제,202204261500,20220426,낙찰
긴급공고,SCF0034,1,06562,***,'22년 수중탐색음탐기 5종 유지보수 정비,2022,SCF,해군군수사령부,일반경쟁,총액제,적격심사제,202204261030,20220426,낙찰
긴급공고,SCF0187,1,09569,***,"(긴급)고정물,전등용 등 3종",2022,SCF,해군군수사령부,제한경쟁,총액제,적격심사제,202204261030,20220426,낙찰
긴급공고,SCF0036,1,11225,***,통신쉘터 냉난방기 부품정비,2022,SCF,해군군수사령부,수의계약,총액제,적격심사제,202204261030,20220426,순위확정
긴급공고,SCF0173,1,11352,***,항공기세척기 2EA 구매,2022,SCF,해군군수사령부,제한경쟁,총액제,적격심사제,202204261030,20220426,낙찰
긴급공고,SCF0171,1,12060,***,"정비대, 자주식(고소작업대) 1EA 구매",2022,SCF,해군군수사령부,제한경쟁,총액제,적격심사제,202204261030,20220426,낙찰
긴급공고,SCF0186,1,12449,***,"(긴급) 장치대, 탄력형, 일반목적용 등 2종",2022,SCF,해군군수사령부,제한경쟁,총액제,적격심사제,202204261030,20220426,낙찰
긴급공고,SCF0185,1,12450,***,"(긴급) 밸브,게이트형 등 3종",2022,SCF,해군군수사령부,제한경쟁,총액제,적격심사제,202204261030,20220426,낙찰
긴급공고,SCF0174,1,12582,***,개스킷 등 10종 구매,2022,SCF,해군군수사령부,제한경쟁,총액제,적격심사제,202204261030,20220426,낙찰
긴급공고,SCF0170,1,12806,***,해류유속계 1set 구매,2022,SCF,해군군수사령부,제한경쟁,총액제,적격심사제,202204261030,20220426,낙찰
긴급공고,SCF0172,1,13317,***,부식방지제 등 30종 구매,2022,SCF,해군군수사령부,제한경쟁,총액제,적격심사제,202204261030,20220426,유찰
긴급공고,SCF0037,1,13713,***,00함 롤러커튼 외주정비,2022,SCF,해군군수사령부,일반경쟁,총액제,적격심사제,202204261030,20220426,낙찰
정상공고,SCG0059,1,13934,***,데스크탑 등 3종,2022,SCG,해군본부,제한경쟁,총액제,적격심사제,202204261100,20220426,낙찰
재공고,SCH0040,3,12152,***,22-부 음식물류 폐기물 처리용역,2022,SCH,해군작전사령부,수의계약,총액제,적격심사제,202204261030,20220426,유찰
재공고,SCN0046,2,11784,***,요소수 등 182종,2022,SCN,제7001부대,제한경쟁,총액제,적격심사제,202204261030,20220426,유찰
긴급공고,SFG0055,1,14278,***,종량제 봉투 구매(김포),2022,SFG,제9181부대,수의계약,총액제,적격심사제,202204261030,20220426,유찰
긴급공고,SFH0048,1,14178,***,필터 제조 구매(도서지역),2022,SFH,제9196부대,제한경쟁,총액제,적격심사제,202204261030,20220426,낙찰
긴급공고,SFH0051,1,14352,***,간이탄약 보관함 등 20품목 구매(도서지역),2022,SFH,제9196부대,제한경쟁,총액제,적격심사제,202204261030,20220426,낙찰
재공고,UMM0060,2,01044,***,(22F016-A) 22년도 <육군>지 편집디자인 용역,2022,UMM,국군재정관리단,수의계약,총액제,최저가격제,202204261100,20220426,유찰
정상공고,UMM0129,1,01437,***,22-공-전계방사형 주사전자현미경 구매설치,2022,UMM,국군재정관리단,수의계약,총액제,최저가격제,202204261100,20220426,유찰
정상공고,UMM0279,1,05581,***,22-공-전자감응식 헤드셋 구매(229049-F),2022,UMM,국군재정관리단,제한경쟁,총액제,적격심사제,202204261100,20220426,낙찰
정상공고,UMM0278,1,08751,***,22-공-수목 시약차량 등 5종 구매,2022,UMM,국군재정관리단,제한경쟁,총액제,적격심사제,202204261100,20220426,낙찰
정상공고,UMM0280,1,09235,***,22-공-비디오 보오스코우프 키트 구매,2022,UMM,국군재정관리단,일반경쟁,총액제,적격심사제,202204261100,20220426,낙찰
긴급공고,UMM0206,1,10122,***,4차 산업혁명 기술적용 공군훈련체계 발전방향 연구,2022,UMM,국군재정관리단,2단계경쟁(동시),총액제,최저가격제,202204261100,20220426,낙찰
재공고,UMM0255,2,10149,***,22-국-마트용 종이물품봉투 제조,2022,UMM,국군재정관리단,수의계약,총액제,적격심사제,202204261100,20220426,유찰
재공고,UMM0135,2,10756,***,(22F043-I) 22년 자동화 창고 유지관리 용역,2022,UMM,국군재정관리단,일반경쟁,총액제,적격심사제,202204261100,20220426,낙찰
정상공고,UMM0184,1,10901,***,(226139-D) 정비피복(하계정비복) 제조,2022,UMM,국군재정관리단,제한경쟁,총액제,적격심사제,202204261100,20220426,유찰
긴급공고,UMM0222,1,11051,***,22-1차 공군 브리핑시스템 도입사업,2022,UMM,국군재정관리단,2단계경쟁(동시),총액제,최저가격제,202204261300,20220426,낙찰
긴급공고,UMM0183,1,13595,***,(226020-G) 22년 육군홍보관 전시체계 구축(리스물건),2022,UMM,국군재정관리단,제한경쟁,총액제,적격심사제,202204261100,20220426,낙찰
정상공고,UMM0281,1,14050,***,22-국방부근지단 조경관리 용역(22K020-H),2022,UMM,국군재정관리단,제한경쟁,총액제,적격심사제,202204261100,20220426,낙찰
정상공고,EBB0019,1,0960,***,냉동기세트(2톤),2022,EBB,지상공통전력운영계약팀,일반경쟁,총액제,적격심사제,202204251100,20220425,낙찰
정상공고,EKA0009,1,7100A,***,"망원경,엘보형(방향틀용)",2022,EKA,기동총괄계약팀,일반경쟁,총액제,적격심사제,202204251030,20220425,유찰
긴급공고,HDS0006,1,12820,***,'22년 레이더 냉각체계 유지보수 용역,2022,HDS,공군미사일방어사령부,제한경쟁,총액제,적격심사제,202204251100,20220425,낙찰
긴급공고,LGI0077,1,12550,001,22-2차 부대조달 식자재 납품(부식),2022,LGI,제3군수지원여단,2단계경쟁(동시),단가제,최저가격제,202204251600,20220425,낙찰
긴급공고,LGI0080,1,14036,001,'22년 석가탄신일 경축특식 초코케익,2022,LGI,제3군수지원여단,제한경쟁,단가제,적격심사제,202204251100,20220425,낙찰
긴급공고,LGI0083,1,14172,***,22-2차 부대조달 식자재 납품(식육가공품류),2022,LGI,제3군수지원여단,제한경쟁,총액제,적격심사제,202204251100,20220425,낙찰
긴급공고,LNJ0001,1,13720,***,'22년 00부대 민간 제초관리 용역,2022,LNJ,육군 제1포병여단,제한경쟁,총액제,적격심사제,202204251030,20220425,낙찰
긴급공고,UMM0201,1,07122,***,22-00생활관 신축 분석평가 및 선행연구 용역,2022,UMM,국군재정관리단,2단계경쟁(동시),총액제,최저가격제,202204251100,20220425,낙찰
긴급공고,UMM0133,1,07519,***,(22G050-I) 국외영주권자 등 병사 주거래여행사 용역,2022,UMM,국군재정관리단,협상에의한계약(전자),총액제,최저가격제,202204251100,20220425,낙찰
정상공고,UMM0178,1,08042,***,"(226099-D) 의무물자(거울,구강검사용 등 13종) 구매",2022,UMM,국군재정관리단,제한경쟁,총액제,적격심사제,202204251100,20220425,낙찰
정상공고,UMM0275,1,10279,***,22-공-다목적 작업차 구매(229091-G),2022,UMM,국군재정관리단,제한경쟁,총액제,적격심사제,202204251100,20220425,낙찰
정상공고,UMM0277,1,13653,***,22-공- 주파수 측정세트 구매,2022,UMM,국군재정관리단,제한경쟁,총액제,적격심사제,202204251100,20220425,유찰
긴급공고,HCC0040,1,14028,***,"전달장치, 압력용 등 2종 구매(85)",2022,HCC,해군제1수리창,제한경쟁,총액제,적격심사제,202204221030,20220422,낙찰
긴급공고,HCC0041,1,14040,***,접착제 등 11종 구매(86),2022,HCC,해군제1수리창,제한경쟁,총액제,적격심사제,202204221030,20220422,낙찰
긴급공고,HCS0014,1,10290,***,22-4-작전지휘시설 신축 선행연구용역,2022,HCS,제3훈련비행단,수의계약,총액제,최저가격제,202204221300,20220422,유찰
정정공고,HCS0017,2,13690,***,'22년 3비 활주로 및 라인 내 일반지역 제초,2022,HCS,제3훈련비행단,제한경쟁,총액제,적격심사제,202204221030,20220422,낙찰
긴급공고,HDG0016,1,12401,***,'22년 병사식당 자율운영부식비 연간계약,2022,HDG,공군제10전투비행단,제한경쟁,총액제,적격심사제,202204221100,20220422,낙찰
정상공고,LCF0348,1,09144,***,"표지,교통 표시용 등 3항목 구매(기장)",2022,LCF,육군군수사령부,제한경쟁,총액제,적격심사제,202204221030,20220422,낙찰
정상공고,LCF0349,1,09154,***,"제어장치,전원공급기용 등 2항목 구매(기장)",2022,LCF,육군군수사령부,제한경쟁,총액제,적격심사제,202204221030,20220422,낙찰
정정공고,LCF0345,2,12383,***,제빙기 등 10항목 구매(의무),2022,LCF,육군군수사령부,제한경쟁,총액제,적격심사제,202204221130,20220422,낙찰
정상공고,LDH0384,1,13409,***,K1전차 봉합재 등 2종 구매,2022,LDH,육군종합정비창,제한경쟁,총액제,적격심사제,202204221300,20220422,낙찰
정상공고,LDH0385,1,13419,***,K1전차 오링 등 7종 구매,2022,LDH,육군종합정비창,제한경쟁,총액제,적격심사제,202204221300,20220422,낙찰
정상공고,LDH0386,1,13420,***,"'22-1차 6,000LB, 디젤지게차 계약의뢰",2022,LDH,육군종합정비창,제한경쟁,총액제,적격심사제,202204221300,20220422,유찰
정상공고,LDH0389,1,13428,***,"'22-2차 4,000LB, 전동지게차 계약의뢰",2022,LDH,육군종합정비창,제한경쟁,총액제,적격심사제,202204221300,20220422,낙찰
정상공고,LDH0388,1,13430,***,K1전차 나사 등 13종 구매,2022,LDH,육군종합정비창,제한경쟁,총액제,적격심사제,202204221300,20220422,낙찰
정상공고,LDH0390,1,13465,***,발칸 핀 등 6종 구매,2022,LDH,육군종합정비창,제한경쟁,총액제,적격심사제,202204221300,20220422,유찰
정상공고,LDH0391,1,13466,***,발칸 핀 등 22종 구매,2022,LDH,육군종합정비창,제한경쟁,총액제,적격심사제,202204221300,20220422,낙찰
정상공고,LDH0393,1,13471,***,발칸 와셔 등 10종 구매,2022,LDH,육군종합정비창,제한경쟁,총액제,적격심사제,202204221300,20220422,낙찰
정상공고,LDH0394,1,13501,***,K1전차 롤러 등 3종 구매,2022,LDH,육군종합정비창,제한경쟁,총액제,적격심사제,202204221300,20220422,낙찰
정상공고,LDH0395,1,13518,***,발칸 슬립링홀더 등 25종 구매,2022,LDH,육군종합정비창,제한경쟁,총액제,적격심사제,202204221300,20220422,유찰
정상공고,LDH0396,1,13524,***,발칸 부싱 등 10종 구매,2022,LDH,육군종합정비창,제한경쟁,총액제,적격심사제,202204221300,20220422,순위확정
정상공고,LDH0398,1,13533,***,발칸 구동기쉼 등 20종 구매,2022,LDH,육군종합정비창,제한경쟁,총액제,적격심사제,202204221300,20220422,낙찰
정상공고,LDH0399,1,13564,***,K200장갑차 개스킷 등 6종 구매,2022,LDH,육군종합정비창,제한경쟁,총액제,적격심사제,202204221300,20220422,순위확정
정상공고,LDH0408,1,13579,***,통신장비 수리부속 저항기 등 17종 구매,2022,LDH,육군종합정비창,제한경쟁,총액제,적격심사제,202204221300,20220422,유찰
정상공고,LDH0410,1,13582,***,통신장비 수리부속 반도체장치 등 9종 구매,2022,LDH,육군종합정비창,제한경쟁,총액제,적격심사제,202204221300,20220422,낙찰
정상공고,LDH0411,1,13583,***,통신장비 수리부속 스위치 등 8종 구매,2022,LDH,육군종합정비창,제한경쟁,총액제,적격심사제,202204221300,20220422,낙찰
정상공고,LDH0412,1,13584,***,통신장비 수리부속 시일 등 7종 구매,2022,LDH,육군종합정비창,수의계약,총액제,적격심사제,202204221300,20220422,유찰
정상공고,LDH0413,1,13586,***,통신장비 수리부속 감쇠기 등 7종 구매,2022,LDH,육군종합정비창,수의계약,총액제,적격심사제,202204221300,20220422,유찰
정상공고,LDH0415,1,13589,***,통신장비 수리부속 배선장치 등 4종 구매,2022,LDH,육군종합정비창,제한경쟁,총액제,적격심사제,202204221300,20220422,순위확정
정상공고,LDH0416,1,13590,***,통신장비 수리부속 코일조립체 등 3종 구매,2022,LDH,육군종합정비창,제한경쟁,총액제,적격심사제,202204221300,20220422,낙찰
정정공고,LFA0006,2,12207,***,'22년 자산취득비(관통형 냉장고) 제조 설치 납품,2022,LFA,제2신속대응사단,제한경쟁,총액제,적격심사제,202204221030,20220422,낙찰
재공고,LHR0011,2,06944,001,`22년 예비군 도시락 제조납품(1권역),2022,LHR,육군 제37보병사단,2단계경쟁(동시),단가제,최저가격제,202204221000,20220422,낙찰
재공고,LHR0012,2,06945,001,`22년 예비군 도시락 제조납품(2권역),2022,LHR,육군 제37보병사단,2단계경쟁(동시),단가제,최저가격제,202204221000,20220422,낙찰
재공고,LHR0013,2,06946,001,`22년 예비군 도시락 제조납품(3권역),2022,LHR,육군 제37보병사단,2단계경쟁(동시),단가제,최저가격제,202204221000,20220422,낙찰
재공고,MDD0041,2,03174,***,2022 병리장비운영소모품(12) 혈액검사 9품목 구매,2022,MDD,국군수도병원,수의계약,총액제,적격심사제,202204221100,20220422,유찰
정상공고,MDJ0023,1,13171,***,22년 환자급식재료 계약(농산품 등 456종),2022,MDJ,국군대전병원,수의계약,총액제,적격심사제,202204221030,20220422,유찰
긴급공고,MHD0037,1,12638,***,제6회 국방과학기술 대제전 행사 시행,2022,MHD,방위사업청(운영지원과),협상에의한계약(전자),총액제,최저가격제,202204221500,20220422,낙찰
긴급공고,SCF0024,1,06367,***,음탐센서 시험 KOLAS 인정 사전 연구용역,2022,SCF,해군군수사령부,2단계경쟁(동시),총액제,최저가격제,202204221030,20220422,낙찰
긴급공고,SCF0182,1,12420,***,"(긴급) 밸브,안전 릴리프형 등 5종 구매",2022,SCF,해군군수사령부,제한경쟁,총액제,적격심사제,202204221030,20220422,낙찰
긴급공고,SCF0183,1,12635,***,"(긴급) 고정기,밸브스프링 리테이너용 등 20종 구매",2022,SCF,해군군수사령부,제한경쟁,총액제,적격심사제,202204221030,20220422,낙찰
긴급공고,SCF0184,1,12763,***,"(긴급)시일 조립체,굴대용,용수철 부하식 등 8종 구매",2022,SCF,해군군수사령부,제한경쟁,총액제,적격심사제,202204221030,20220422,낙찰
정상공고,UMM0270,1,08772,***,'22년 주한미군기지이전 이사화물 수송용역(22K016-H),2022,UMM,국군재정관리단,일반경쟁,총액제,적격심사제,202204221100,20220422,낙찰
정상공고,UMM0173,1,10307,***,(227133-C)통신장비용 축전지 구매설치,2022,UMM,국군재정관리단,제한경쟁,총액제,적격심사제,202204221100,20220422,낙찰
정상공고,UMM0271,1,10680,***,22-정수기(166대) 임차용역(22H072-H),2022,UMM,국군재정관리단,제한경쟁,총액제,적격심사제,202204221100,20220422,낙찰
정상공고,UMM0269,1,13439,***,'22년 공군 교환기 교체사업(229070-F),2022,UMM,국군재정관리단,일반경쟁,총액제,적격심사제,202204221100,20220422,낙찰
정상공고,EBB0016,1,1521,***,자주포 유지용 일반부품류,2022,EBB,지상공통전력운영계약팀,일반경쟁,총액제,적격심사제,202204211040,20220421,낙찰
정상공고,EBB0017,1,5024,***,22년 155밀리 모의적재훈련탄 등,2022,EBB,지상공통전력운영계약팀,일반경쟁,총액제,적격심사제,202204211430,20220421,낙찰
정상공고,EBB0015,1,8157,***,"필터류(제조,일반)",2022,EBB,지상공통전력운영계약팀,수의계약,총액제,적격심사제,202204211030,20220421,유찰
재공고,EHF0004,2,3400G,***,22년 어뢰음향대항체계 부품(구매),2022,EHF,미래전력사업전력운영계약팀,수의계약,총액제,적격심사제,202204211100,20220421,순위확정
정상공고,EHF0008,1,5142,***,22년 발칸 게이지/스위치류,2022,EHF,미래전력사업전력운영계약팀,수의계약,총액제,적격심사제,202204211100,20220421,유찰
긴급공고,HCC0039,1,13676,***,알미늄 합금판 등 9종 구매(82),2022,HCC,해군제1수리창,제한경쟁,총액제,적격심사제,202204211030,20220421,유찰
긴급공고,HCF0074,1,03252,***,'22년~'23년 방공관제레이더(117E1) 증폭기 외주정비,2022,HCF,공군군수사령부,수의계약,총액제,적격심사제,202204211030,20220421,유찰
긴급공고,HCF0073,1,03259,***,'22년~'23년 방공관제레이더 부품(미소회로) 외주정비,2022,HCF,공군군수사령부,수의계약,총액제,적격심사제,202204211030,20220421,유찰
재공고,HCF0052,2,09286,***,'22년~'23년 (K)F-16 ADVR 부품 외주정비,2022,HCF,공군군수사령부,수의계약,총액제,적격심사제,202204211030,20220421,유찰
긴급공고,HCF0078,1,11208,***,안전모 등 21종 구매,2022,HCF,공군군수사령부,제한경쟁,총액제,적격심사제,202204211030,20220421,낙찰
긴급공고,HCF0079,1,12754,***,그리스 제거기 구매,2022,HCF,공군군수사령부,제한경쟁,총액제,적격심사제,202204211030,20220421,낙찰
긴급공고,HCF0080,1,12867,***,정보처리 전산체계 유지보수,2022,HCF,공군군수사령부,제한경쟁,총액제,적격심사제,202204211030,20220421,낙찰
긴급공고,HCF0072,1,12877,***,[시동용 발전기 부품]제어장치 판넬 등 5종,2022,HCF,공군군수사령부,일반경쟁,총액제,적격심사제,202204211030,20220421,낙찰
긴급공고,HCF0075,1,12923,***,[무장장착장비 부품]밸브조립체 등 86종,2022,HCF,공군군수사령부,제한경쟁,총액제,적격심사제,202204211030,20220421,낙찰
긴급공고,HCF0077,1,13612,***,스텐판 등 57종 구매,2022,HCF,공군군수사령부,제한경쟁,총액제,적격심사제,202204211030,20220421,유찰
긴급공고,HCQ0026,1,11413,***,"(22-012) 망원경, 직선형 1종 8점",2022,HCQ,공군제5공중기동비행단,수의계약,총액제,최저가격제,202204211100,20220421,유찰
긴급공고,HCS0018,1,13719,***,'22년 사천기지 일반지역 제초,2022,HCS,제3훈련비행단,제한경쟁,총액제,적격심사제,202204211030,20220421,낙찰
재공고,HDF0015,2,10117,***,‘22년 복지대대 병사식당(보라매) 식자재,2022,HDF,공군 제8전투비행단,수의계약,총액제,적격심사제,202204211100,20220421,유찰
재공고,LCF0133,2,08336,***,통풍 밸브 등 2항목 구매(항공),2022,LCF,육군군수사령부,제한경쟁,총액제,적격심사제,202204211130,20220421,순위확정
재공고,LCF0222,3,08374,***,"배선장치,갈래형 등 7항목 제조(생산능력,자주포)",2022,LCF,육군군수사령부,제한경쟁,총액제,적격심사제,202204211030,20220421,순위확정
재공고,LCF0292,2,09507,***,DNA정량분석기 등 7항목 구매(의무),2022,LCF,육군군수사령부,제한경쟁,총액제,적격심사제,202204211130,20220421,낙찰
정상공고,LCF0344,1,09646,***,DC전원공급기 1항목 구매(통신),2022,LCF,육군군수사령부,제한경쟁,총액제,적격심사제,202204211130,20220421,낙찰
정상공고,LCF0346,1,12365,***,바이러스추출장치 등 2항목 구매(의무),2022,LCF,육군군수사령부,제한경쟁,총액제,적격심사제,202204211130,20220421,낙찰
정상공고,LCF0347,1,12374,***,세균배양기 등 14항목 구매(의무),2022,LCF,육군군수사령부,제한경쟁,총액제,적격심사제,202204211130,20220421,낙찰
긴급공고,LCP0014,1,13701,***,'22년 통신장비 외주정비 용역,2022,LCP,육군항공사령부,제한경쟁,총액제,적격심사제,202204211030,20220421,낙찰
정상공고,LDH0372,1,13095,***,전반기 정비장비 예비부품(궤도장비류) 구매,2022,LDH,육군종합정비창,제한경쟁,총액제,적격심사제,202204211300,20220421,유찰
정상공고,LDH0373,1,13105,***,전반기 정비장비 예비부품(통신장비류) 구매,2022,LDH,육군종합정비창,제한경쟁,총액제,적격심사제,202204211300,20220421,낙찰
정상공고,LDH0374,1,13110,***,전반기 정비장비 예비부품(공병장비류) 구매,2022,LDH,육군종합정비창,제한경쟁,총액제,적격심사제,202204211300,20220421,유찰
정상공고,LDH0375,1,13124,***,전반기 정비장비 예비부품(기타장비류) 구매,2022,LDH,육군종합정비창,제한경쟁,총액제,적격심사제,202204211300,20220421,낙찰
정상공고,LDH0378,1,13133,***,전반기 정비장비 예비부품(필터류 2차) 구매,2022,LDH,육군종합정비창,제한경쟁,총액제,적격심사제,202204211300,20220421,낙찰
긴급공고,LHN0010,1,13727,***,22년 음식물류 폐기물 처리용역,2022,LHN,제7보병사단,일반경쟁,총액제,적격심사제,202204211100,20220421,낙찰
긴급공고,LMK0022,1,13704,***,혼합골재 구매,2022,LMK,제6보병사단,제한경쟁,총액제,적격심사제,202204211100,20220421,유찰
긴급공고,LNQ0012,1,13240,***,’22년 음식물류 폐기물 수거 및 위탁처리 용역,2022,LNQ,제17보병사단,일반경쟁,총액제,적격심사제,202204211100,20220421,낙찰
긴급공고,MDD0078,1,12660,***,2022 소방시설 작동기능점검 용역계약,2022,MDD,국군수도병원,제한경쟁,총액제,적격심사제,202204211100,20220421,낙찰
정정공고,MDD0072,2,12986,***,22년 조달의무장비(전자동 정제분류포장기) 구매,2022,MDD,국군수도병원,제한경쟁,총액제,적격심사제,202204211100,20220421,낙찰
정정공고,MDD0073,2,13054,***,2022년 조달 의무장비(운동부하심전도계) 구매,2022,MDD,국군수도병원,제한경쟁,총액제,적격심사제,202204211100,20220421,낙찰
정상공고,MDG0091,1,11885,***,22년 의무장비(무릎운동테이블 물리치료용) 구매,2022,MDG,국군의무사령부,제한경쟁,총액제,적격심사제,202204211100,20220421,낙찰
정상공고,MDG0092,1,11891,***,22년 의무장비(수액조절기 일반용 등 2품목) 구매,2022,MDG,국군의무사령부,제한경쟁,총액제,적격심사제,202204211100,20220421,낙찰
정상공고,MDG0093,1,11905,***,22년 의무장비(신경자극치료기) 구매,2022,MDG,국군의무사령부,제한경쟁,총액제,적격심사제,202204211100,20220421,유찰
정상공고,MDG0094,1,11925,***,22년 의무장비(견인치료기 경요추용) 구매,2022,MDG,국군의무사령부,제한경쟁,총액제,적격심사제,202204211100,20220421,유찰
긴급공고,SCF0169,1,05678,***,수신기-송신기군 등 2종 구매,2022,SCF,해군군수사령부,일반경쟁,총액제,적격심사제,202204211030,20220421,순위확정
긴급공고,SCF0167,1,06348,***,"녹음기-재생기 세트, 음향용 등 5품목 구매",2022,SCF,해군군수사령부,제한경쟁,총액제,적격심사제,202204211030,20220421,낙찰
긴급공고,SCF0168,1,06398,***,"스위치,감승식 등 3종 구매",2022,SCF,해군군수사령부,제한경쟁,총액제,적격심사제,202204211030,20220421,순위확정
긴급공고,SCF0166,1,10209,***,"케이블, 전력용 등 16종 구매",2022,SCF,해군군수사령부,일반경쟁,총액제,적격심사제,202204211030,20220421,유찰
긴급공고,SFC0061,1,13734,***,의료기기(청력계임피던스용) 등 2품목 구매,2022,SFC,제9691부대,제한경쟁,총액제,적격심사제,202204211100,20220421,낙찰
긴급공고,SFC0062,1,13737,***,22-덕-전투표지석 제조 설치,2022,SFC,제9691부대,제한경쟁,총액제,적격심사제,202204211100,20220421,낙찰
정상공고,UMM0267,1,02732,***,22-P-손 세정제(Hand Wash) 구매,2022,UMM,국군재정관리단,일반경쟁,총액제,적격심사제,202204211100,20220421,낙찰
긴급공고,UMM0199,1,09006,***,22-창끝부대 안보콘서트 공연 대행 용역(22H061-H),2022,UMM,국군재정관리단,2단계경쟁(동시),총액제,최저가격제,202204211100,20220421,낙찰
정상공고,UMM0268,1,09997,***,22-Y-음식물쓰레기 처리기 임차 용역,2022,UMM,국군재정관리단,일반경쟁,총액제,적격심사제,202204211100,20220421,유찰
긴급공고,UMM0276,1,10671,***,22-공군 코로나19 PCR 민간 위탁 용역(22J030-H),2022,UMM,국군재정관리단,일반경쟁,총액제,적격심사제,202204211100,20220421,유찰
재공고,UMM0241,2,10839,***,22-해-용수철제작기 제조,2022,UMM,국군재정관리단,수의계약,총액제,적격심사제,202204211100,20220421,유찰
재공고,UMM0163,2,12084,***,(226050-F)군사경찰피복(방탄헬멧 등 3종) 제조,2022,UMM,국군재정관리단,수의계약,총액제,적격심사제,202204211100,20220421,유찰
정상공고,UMM0172,1,12816,***,(227108-D) 전산소모품(프린터 토너 등 4종) 구매,2022,UMM,국군재정관리단,제한경쟁,총액제,적격심사제,202204211100,20220421,낙찰
정상공고,EKA0008,1,7810,***,"지뢰탐지기-II양산 공구키트, 공병용, 다용도용",2022,EKA,기동총괄계약팀,제한경쟁,총액제,적격심사제,202204201030,20220420,유찰
긴급공고,HCF0071,1,12501,***,"호스조립체,비금속제 2종 구매",2022,HCF,공군군수사령부,일반경쟁,총액제,적격심사제,202204201030,20220420,낙찰
긴급공고,HCF0070,1,13321,***,"발전기세트, 가솔린엔진식(1.5KW)",2022,HCF,공군군수사령부,제한경쟁,총액제,적격심사제,202204201030,20220420,낙찰
긴급공고,HDS0005,1,13411,***,방-22-3 사격표적기(소형표적기) 제조/구매,2022,HDS,공군미사일방어사령부,일반경쟁,총액제,적격심사제,202204201100,20220420,낙찰
재공고,LCF0173,3,07589,***,게이지블록 등 6항목 제조(자주포),2022,LCF,육군군수사령부,제한경쟁,총액제,적격심사제,202204201030,20220420,낙찰
정상공고,LCF0074,1,09355,***,신관결합기이동형 등 11항목 구매(총포공구),2022,LCF,육군군수사령부,제한경쟁,총액제,적격심사제,202204201030,20220420,낙찰
정상공고,LCF0075,1,09356,***,펌프 킷트개조형 등 6항목 제조(총포공구),2022,LCF,육군군수사령부,제한경쟁,총액제,적격심사제,202204201030,20220420,유찰
재공고,LCF0317,2,09605,***,"장치대,망원경용 등 69항목 구매(총포)",2022,LCF,육군군수사령부,제한경쟁,총액제,적격심사제,202204201030,20220420,유찰
재공고,LCF0316,2,09606,***,"케이스 조립체, 운반용 등 4항목 구매(총포)",2022,LCF,육군군수사령부,제한경쟁,총액제,적격심사제,202204201030,20220420,낙찰
정상공고,LDH0363,1,12956,***,통신장비 수리부속 전원공급기 등 4종 구매,2022,LDH,육군종합정비창,제한경쟁,총액제,적격심사제,202204201300,20220420,낙찰
긴급공고,LDH0380,1,13359,***,(정비) 실리콘건 등 7종 구매,2022,LDH,육군종합정비창,제한경쟁,총액제,적격심사제,202204201300,20220420,낙찰
긴급공고,LDH0381,1,13370,***,(정비) 에어호스 등 37종 구매,2022,LDH,육군종합정비창,제한경쟁,총액제,적격심사제,202204201300,20220420,유찰
정정공고,MDD0066,2,11115,***,2022년 의무장비(혈액가스및전해질분석기) 구매,2022,MDD,국군수도병원,제한경쟁,총액제,적격심사제,202204201100,20220420,유찰
정정공고,MDD0067,2,11119,***,2022 의무장비(자동적혈구침강속도측정기) 구매 계약,2022,MDD,국군수도병원,제한경쟁,총액제,적격심사제,202204201100,20220420,낙찰
정정공고,MDD0068,2,11125,***,22년 의무장비(박절기회전형자동식 병리과) 구매계약,2022,MDD,국군수도병원,일반경쟁,총액제,적격심사제,202204201100,20220420,낙찰
긴급공고,MDF0006,1,12778,***,'22년 승용차(하이브리드 1600cc) 구매,2022,MDF,국군지휘통신사령부,수의계약,총액제,적격심사제,202204201030,20220420,유찰
긴급공고,SCF0161,1,05728,***,변조기-전원공급기 등 3종 구매,2022,SCF,해군군수사령부,제한경쟁,총액제,적격심사제,202204201030,20220420,순위확정
긴급공고,SCF0160,1,06177,***,접착제(실리콘) 등 3종 구매,2022,SCF,해군군수사령부,제한경쟁,총액제,적격심사제,202204201030,20220420,낙찰
긴급공고,SCF0159,1,06383,***,파렛트 랩핑기(이동식) 구매,2022,SCF,해군군수사령부,제한경쟁,총액제,적격심사제,202204201030,20220420,유찰
긴급공고,SCF0163,1,06410,***,"운송 및 저장용기, 케이블용 구매",2022,SCF,해군군수사령부,제한경쟁,총액제,적격심사제,202204201030,20220420,낙찰
긴급공고,SCF0157,1,06422,***,인쇄회로판 등  5종 구매,2022,SCF,해군군수사령부,제한경쟁,총액제,적격심사제,202204201030,20220420,낙찰
긴급공고,SCF0158,1,07694,***,"고정식공기압축기, 차량용 등 2종 구매",2022,SCF,해군군수사령부,제한경쟁,총액제,적격심사제,202204201030,20220420,낙찰
긴급공고,SCF0180,1,08824,***,"(긴급)작동기, 유압식-공기식,회전형 1종",2022,SCF,해군군수사령부,제한경쟁,총액제,적격심사제,202204201030,20220420,낙찰
긴급공고,SCF0175,1,09339,***,"(긴급) 부품키트,체크밸브용 등 11종 구매",2022,SCF,해군군수사령부,제한경쟁,총액제,적격심사제,202204201030,20220420,낙찰
긴급공고,SCF0179,1,09626,***,"(긴급) 걸쇠,조임용 등 3종 구매",2022,SCF,해군군수사령부,제한경쟁,총액제,적격심사제,202204201030,20220420,낙찰
긴급공고,SCF0177,1,09628,***,"(긴급) 부품키트,시일교체용,기계장치용 등 11종 구매",2022,SCF,해군군수사령부,제한경쟁,총액제,적격심사제,202204201030,20220420,낙찰
긴급공고,SCF0178,1,09629,***,"(긴급) 조종간,자료입력용 1종 구매",2022,SCF,해군군수사령부,제한경쟁,총액제,적격심사제,202204201030,20220420,낙찰
재공고,SCF0140,2,09893,***,"대검, 칼집포함다목적대검(특수작전용 칼)166set 구매",2022,SCF,해군군수사령부,수의계약,총액제,적격심사제,202204201030,20220420,유찰
긴급공고,SCF0162,1,10195,***,결속 가락지 등 4종 구매,2022,SCF,해군군수사령부,제한경쟁,총액제,적격심사제,202204201030,20220420,순위확정
긴급공고,SCF0032,1,10937,***,00함 함안정기 정비,2022,SCF,해군군수사령부,일반경쟁,총액제,적격심사제,202204201030,20220420,낙찰
긴급공고,SCF0165,1,13436,***,회로카드 조립체 등 18종 구매,2022,SCF,해군군수사령부,일반경쟁,총액제,적격심사제,202204201030,20220420,낙찰
재공고,SFG0054,2,12417,***,22-K-액화석유가스 구매(소형탱크),2022,SFG,제9181부대,제한경쟁,총액제,적격심사제,202204201030,20220420,유찰
정상공고,UMM0261,1,03019,***,22-해병-세탁비누 등 7품목 구매(228060-F),2022,UMM,국군재정관리단,제한경쟁,총액제,적격심사제,202204201100,20220420,낙찰
정상공고,UMM0263,1,06544,***,22-국-전반기 전산운영용품 구매,2022,UMM,국군재정관리단,제한경쟁,총액제,적격심사제,202204201100,20220420,낙찰
정상공고,UMM0264,1,09782,***,22-공-타이어 탈착기 등 2종 구매(229079-F),2022,UMM,국군재정관리단,제한경쟁,총액제,적격심사제,202204201100,20220420,낙찰
재공고,EHF0003,2,0023,***,니카드전지(함포용),2022,EHF,미래전력사업전력운영계약팀,제한경쟁,총액제,적격심사제,202204191400,20220419,유찰
재공고,EHF0006,2,0810G,***,22년 대포병탐지레이더 부품(구매),2022,EHF,미래전력사업전력운영계약팀,수의계약,총액제,적격심사제,202204191100,20220419,유찰
정상공고,EHF0007,1,1031,***,"쉘터,비전개식(1 1/4톤)",2022,EHF,미래전력사업전력운영계약팀,수의계약,총액제,적격심사제,202204191100,20220419,유찰
재공고,EKA0006,2,9510,***,25톤 화물수송차,2022,EKA,기동총괄계약팀,수의계약,총액제,적격심사제,202204191400,20220419,유찰
긴급공고,HCF0067,1,02109,***,군사경찰 개선 행사복 2종 제조,2022,HCF,공군군수사령부,제한경쟁,총액제,적격심사제,202204191030,20220419,낙찰
긴급공고,HCF0065,1,06119,***,취사용 앞치마 제조,2022,HCF,공군군수사령부,제한경쟁,총액제,적격심사제,202204191030,20220419,낙찰
재공고,HCF0048,2,07204,***,[패트리어트 시스템프레임 부품] 활주부 등 67종,2022,HCF,공군군수사령부,일반경쟁,총액제,적격심사제,202204191030,20220419,유찰
긴급공고,HCF0066,1,08687,***,인명구조화 구매,2022,HCF,공군군수사령부,제한경쟁,총액제,적격심사제,202204191030,20220419,낙찰
긴급공고,HCF0068,1,09299,***,항공기 전기계통 창정비장비 유지보수,2022,HCF,공군군수사령부,제한경쟁,총액제,적격심사제,202204191030,20220419,낙찰
긴급공고,HCF0069,1,12353,***,"병,오일분석용 구매",2022,HCF,공군군수사령부,제한경쟁,총액제,적격심사제,202204191030,20220419,낙찰
정정공고,HDC0003,2,12618,***,22-용-44 POL 제초용역,2022,HDC,공군제1전투비행단,일반경쟁,총액제,적격심사제,202204191030,20220419,낙찰
정정공고,HDG0015,2,13239,***,22-40 22년 수원기지 제초용역,2022,HDG,공군제10전투비행단,일반경쟁,총액제,적격심사제,202204191100,20220419,낙찰
긴급공고,HDP0028,1,12671,***,22년 작전지원용 차량 임차,2022,HDP,공군제19전투비행단,수의계약,총액제,적격심사제,202204191100,20220419,유찰
긴급공고,HDP0029,1,13163,***,기지외곽 및 공동구역 제초 유지관리 용역,2022,HDP,공군제19전투비행단,제한경쟁,총액제,적격심사제,202204191100,20220419,낙찰
긴급공고,HDP0030,1,13287,***,[91전대]자가동력시추기 1종(22-010),2022,HDP,공군제19전투비행단,제한경쟁,총액제,적격심사제,202204191100,20220419,낙찰
긴급공고,HDP0031,1,13290,***,[91전대] 송유관 정밀진단 측정기 등 2종(22-022),2022,HDP,공군제19전투비행단,제한경쟁,총액제,적격심사제,202204191100,20220419,낙찰
긴급공고,HDP0033,1,13293,***,[91전대] 불소시안추출기 등 5종(22-024),2022,HDP,공군제19전투비행단,제한경쟁,총액제,적격심사제,202204191100,20220419,낙찰
긴급공고,HDP0032,1,13294,***,[91전대] 분광광도계 등 2종(22-034),2022,HDP,공군제19전투비행단,일반경쟁,총액제,적격심사제,202204191100,20220419,낙찰
긴급공고,HDP0034,1,13296,***,[91전대] 연속시험기 1종(22-044),2022,HDP,공군제19전투비행단,제한경쟁,총액제,적격심사제,202204191100,20220419,낙찰
정정공고,LCF0061,3,05035,***,송풍기 등 2항목 구매(화생방 수리부속),2022,LCF,육군군수사령부,제한경쟁,총액제,적격심사제,202204191030,20220419,순위확정
재공고,LCF0060,2,05076,***,정화통 연결쇠 뭉치 등 48항목 구매(화생방수리부속),2022,LCF,육군군수사령부,제한경쟁,총액제,적격심사제,202204191030,20220419,유찰
정정공고,LCF0058,3,05151,***,DC 모터 등 75항목 구매(화생방수리부속),2022,LCF,육군군수사령부,제한경쟁,총액제,적격심사제,202204191030,20220419,순위확정
정정공고,LCF0054,3,05325,***,수레 수동식 등 4항목 구매(일반물자),2022,LCF,육군군수사령부,제한경쟁,총액제,적격심사제,202204191030,20220419,유찰
재공고,LCF0055,2,05331,***,가스자동밥솥 등 3항목 구매(일반물자),2022,LCF,육군군수사령부,제한경쟁,총액제,적격심사제,202204191030,20220419,낙찰
재공고,LCF0056,2,06284,***,전지 재충전 불가식 등 2항목 구매(일반물자),2022,LCF,육군군수사령부,제한경쟁,총액제,적격심사제,202204191030,20220419,순위확정
재공고,LCF0090,3,07597,***,"리엑터 조립체 등 8항목 제조(생산능력,궤도)",2022,LCF,육군군수사령부,수의계약,총액제,적격심사제,202204191030,20220419,유찰
재공고,LCF0155,3,07658,***,"유리,접합형 등 3항목 구매(기장)",2022,LCF,육군군수사령부,제한경쟁,총액제,적격심사제,202204191030,20220419,유찰
재공고,LCF0180,2,08841,***,핀 조립체 등 499항목 제조(궤도),2022,LCF,육군군수사령부,수의계약,총액제,적격심사제,202204191030,20220419,유찰
재공고,LCF0278,2,08893,***,"연결기,리셉터클형 등 70항목 구매(자주포)",2022,LCF,육군군수사령부,일반경쟁,총액제,적격심사제,202204191030,20220419,낙찰
재공고,LCF0308,2,09140,***,브라켓 조립체 등 6항목 구매(기장),2022,LCF,육군군수사령부,제한경쟁,총액제,적격심사제,202204191030,20220419,낙찰
재공고,LCF0307,2,09141,***,"U자형 고리,겹판 스프링 등 7항목 구매(기장)",2022,LCF,육군군수사령부,제한경쟁,총액제,적격심사제,202204191030,20220419,유찰
재공고,LCF0305,2,09143,***,"케이블 조립체,엔진용 등 4항목 구매(기장)",2022,LCF,육군군수사령부,제한경쟁,총액제,적격심사제,202204191030,20220419,유찰
재공고,LCF0301,2,09149,***,"펌프,진공식 등 39항목 구매(기장)",2022,LCF,육군군수사령부,제한경쟁,총액제,적격심사제,202204191030,20220419,유찰
재공고,LCF0311,2,10537,***,받침 고무 조립체 등 6항목 구매(총포),2022,LCF,육군군수사령부,제한경쟁,총액제,적격심사제,202204191030,20220419,낙찰
정상공고,LCF0342,1,12499,***,위성망가속기 외주정비(용역),2022,LCF,육군군수사령부,수의계약,총액제,적격심사제,202204191030,20220419,유찰
긴급공고,LCG0038,1,12690,***,사운드소스(음원 및 저작권) 물품구매,2022,LCG,육군본부,제한경쟁,총액제,적격심사제,202204191030,20220419,낙찰
긴급공고,LCJ0019,1,13151,***,파레트 슬라이딩 저장랙 등 3품목 설치 납품,2022,LCJ,종합보급창,일반경쟁,총액제,적격심사제,202204191100,20220419,순위확정
정상공고,LDG0022,1,11592,***,수입포 등 51개 품목 구매,2022,LDG,육군 탄약지원사령부,제한경쟁,총액제,적격심사제,202204191030,20220419,낙찰
정상공고,LDG0023,1,11830,***,81밀리 추진장약 보호주머니 구매,2022,LDG,육군 탄약지원사령부,일반경쟁,총액제,적격심사제,202204191030,20220419,낙찰
정상공고,LDH0352,1,12527,***,부품제작자재 방수시트 등 6종 구매,2022,LDH,육군종합정비창,수의계약,총액제,적격심사제,202204191300,20220419,유찰
정상공고,LDH0353,1,12529,***,부품제작자재 스프링강판 등 14종 구매,2022,LDH,육군종합정비창,수의계약,총액제,적격심사제,202204191300,20220419,유찰
정상공고,LDH0354,1,12546,***,K21장갑차 탱크 연막 발사대용 구매,2022,LDH,육군종합정비창,제한경쟁,총액제,적격심사제,202204191300,20220419,낙찰
정상공고,LDH0355,1,12551,***,K21장갑차 베어링 구매,2022,LDH,육군종합정비창,제한경쟁,총액제,적격심사제,202204191300,20220419,낙찰
정상공고,LDH0358,1,12577,***,(화공) 고착방지제 등 6종 구매,2022,LDH,육군종합정비창,제한경쟁,총액제,적격심사제,202204191300,20220419,낙찰
재공고,LGP0097,2,08069,***,`22년 SPIDER 성능개량장비 외주정비,2022,LGP,제1군수지원사령부,제한경쟁,총액제,적격심사제,202204191100,20220419,유찰
긴급공고,LGP0118,1,13273,***,이전사업 관급자재(전기-케이블트레이),2022,LGP,제1군수지원사령부,제한경쟁,총액제,적격심사제,202204191030,20220419,낙찰
긴급공고,LGP0120,1,13276,***,이전사업 관급자재(토목-순환골재),2022,LGP,제1군수지원사령부,제한경쟁,총액제,적격심사제,202204191030,20220419,낙찰
연기공고,LGT0005,2,06811,***,22-강설-오수-3 설계용역,2022,LGT,제2307부대,2단계경쟁(동시),총액제,최저가격제,202204191030,20220419,낙찰
연기공고,LGT0006,2,06824,***,22-강설-오수-4 설계용역,2022,LGT,제2307부대,2단계경쟁(동시),총액제,최저가격제,202204191030,20220419,낙찰
긴급공고,LGT0013,1,12979,***,22-3차 간부숙소 벽걸이형 냉방기 설치납품,2022,LGT,제2307부대,제한경쟁,총액제,적격심사제,202204191030,20220419,낙찰
긴급공고,LHG0006,1,12642,***,22년 음식물쓰레기 수거 및 위탁처리용역,2022,LHG,제1862부대,일반경쟁,총액제,적격심사제,202204191100,20220419,낙찰
연기공고,LHK0004,2,06094,***,22-강원-오수-1 설계용역,2022,LHK,제2군단,2단계경쟁(동시),총액제,최저가격제,202204191030,20220419,낙찰
연기공고,LHK0005,2,06098,***,22-강원-오수-2 설계용역,2022,LHK,제2군단,2단계경쟁(동시),총액제,최저가격제,202204191030,20220419,낙찰
연기공고,LHK0006,2,06100,***,22-강원-폐수-1 설계용역,2022,LHK,제2군단,2단계경쟁(동시),총액제,최저가격제,202204191030,20220419,낙찰
연기공고,LHK0007,2,06104,***,22-강원-폐수-2 설계용역,2022,LHK,제2군단,2단계경쟁(동시),총액제,최저가격제,202204191030,20220419,낙찰
긴급공고,LHR0015,1,12615,***,`22년 과학화훈련장비 유지보수 통합 정비용역,2022,LHR,육군 제37보병사단,일반경쟁,총액제,적격심사제,202204191030,20220419,낙찰
긴급공고,LMR0025,1,11424,***,00훈련장 교전전술훈련 시스템 유지보수 용역,2022,LMR,제5군단사령부,제한경쟁,총액제,적격심사제,202204191100,20220419,낙찰
긴급공고,LNT0015,1,13197,***,'22~'25년 비데 임차용역,2022,LNT,제28보병사단,일반경쟁,총액제,적격심사제,202204191030,20220419,낙찰
정상공고,LQG0011,1,12567,***,코덱 등 5종 구매 설치,2022,LQG,육군 52보병사단,일반경쟁,총액제,적격심사제,202204191100,20220419,낙찰
긴급공고,MDD0064,1,12143,***,22년 2-2차 의무비품 구매,2022,MDD,국군수도병원,제한경쟁,총액제,적격심사제,202204191100,20220419,낙찰
정상공고,MDG0089,1,11469,***,22년 의무장비(약품포장기 자동식)구매,2022,MDG,국군의무사령부,일반경쟁,총액제,적격심사제,202204191100,20220419,유찰
정상공고,MDR0008,1,11801,***,선박 수리부속 구매,2022,MDR,제9965부대,제한경쟁,총액제,적격심사제,202204191100,20220419,낙찰
정상공고,MDR0009,1,11999,***,선박 엔진 수리부속 구매,2022,MDR,제9965부대,제한경쟁,총액제,적격심사제,202204191100,20220419,낙찰
정상공고,MDR0012,1,12611,***,선박 정기수리 용역,2022,MDR,제9965부대,제한경쟁,총액제,적격심사제,202204191100,20220419,낙찰
정상공고,MDR0013,1,12657,***,선박 엔진 외주정비,2022,MDR,제9965부대,제한경쟁,총액제,적격심사제,202204191100,20220419,낙찰
긴급공고,MHD0029,1,10186,***,2022년 방위사업청 외국어교실 위탁교육,2022,MHD,방위사업청(운영지원과),협상에의한계약(전자),총액제,최저가격제,202204191500,20220419,낙찰
긴급공고,MHD0036,1,12398,***,국방과학 창업경진대회 행사 시행,2022,MHD,방위사업청(운영지원과),협상에의한계약(전자),총액제,최저가격제,202204191500,20220419,낙찰
긴급공고,SCF0146,1,05472,***,보충실린더 조립체 1종 구매,2022,SCF,해군군수사령부,제한경쟁,총액제,적격심사제,202204191030,20220419,유찰
긴급공고,SCF0143,1,05481,***,디스플레이 유닛 등 2종 구매,2022,SCF,해군군수사령부,제한경쟁,총액제,적격심사제,202204191030,20220419,낙찰
긴급공고,SCF0149,1,05511,***,"등, 선박용 등 8종 구매",2022,SCF,해군군수사령부,제한경쟁,총액제,적격심사제,202204191030,20220419,낙찰
재공고,SCF0122,2,05530,***,"암, 추출기, 좌측용 등 6종 구매",2022,SCF,해군군수사령부,제한경쟁,총액제,적격심사제,202204191030,20220419,유찰
긴급공고,SCF0144,1,05725,***,포탄 조립체 등 2종 구매,2022,SCF,해군군수사령부,제한경쟁,총액제,적격심사제,202204191030,20220419,낙찰
재공고,SCF0124,2,05740,***,기화기 조립체 등 6종 구매,2022,SCF,해군군수사령부,제한경쟁,총액제,적격심사제,202204191030,20220419,유찰
긴급공고,SCF0152,1,06379,***,"보존코팅제, 고무용 등 2종 구매",2022,SCF,해군군수사령부,제한경쟁,총액제,적격심사제,202204191030,20220419,낙찰
재공고,SCF0122,2,07008,***,"(긴급) 제어장치,경보기용 1종 구매",2022,SCF,해군군수사령부,제한경쟁,총액제,적격심사제,202204191030,20220419,낙찰
긴급공고,SCF0147,1,08507,***,"표시기, 산소유출용 등 2종 구매",2022,SCF,해군군수사령부,제한경쟁,총액제,적격심사제,202204191030,20220419,낙찰
재공고,SCF0110,2,08603,***,"밸브, 솔레노이드용 1종 구매",2022,SCF,해군군수사령부,제한경쟁,총액제,적격심사제,202204191030,20220419,순위확정
긴급공고,SCF0173,1,08849,***,(긴급)인디케이트 밸브 등 5종,2022,SCF,해군군수사령부,제한경쟁,총액제,적격심사제,202204191030,20220419,낙찰
긴급공고,SCF0174,1,08850,***,(긴급)로드 와이퍼 링 등 6종,2022,SCF,해군군수사령부,제한경쟁,총액제,적격심사제,202204191030,20220419,유찰
긴급공고,SCF0171,1,08852,***,(긴급)3단피스톤링 등 17종,2022,SCF,해군군수사령부,제한경쟁,총액제,적격심사제,202204191030,20220419,낙찰
긴급공고,SCF0145,1,09045,***,친환경 세척기 1종 구매,2022,SCF,해군군수사령부,제한경쟁,총액제,적격심사제,202204191030,20220419,낙찰
긴급공고,SCF0172,1,09338,***,(긴급) 연료파이프 킷 등 27종 구매,2022,SCF,해군군수사령부,제한경쟁,총액제,적격심사제,202204191030,20220419,낙찰
긴급공고,SCF0169,1,09448,***,(긴급)전화기 등 6종,2022,SCF,해군군수사령부,제한경쟁,총액제,적격심사제,202204191030,20220419,낙찰
긴급공고,SCF0170,1,09539,***,"(긴급)베어링, 볼형, 환상형 등 13종",2022,SCF,해군군수사령부,제한경쟁,총액제,적격심사제,202204191030,20220419,낙찰
긴급공고,SCF0150,1,09932,***,"로타리, 스위치 등 7종 구매",2022,SCF,해군군수사령부,제한경쟁,총액제,적격심사제,202204191030,20220419,낙찰
재공고,SCF0027,2,10136,***,소해함 음탐기(193M MOD1) 변환기조립체 정비,2022,SCF,해군군수사령부,수의계약,총액제,적격심사제,202204191030,20220419,순위확정
긴급공고,SCF0151,1,10514,***,콜드 파이어 487EA 구매,2022,SCF,해군군수사령부,제한경쟁,총액제,적격심사제,202204191030,20220419,낙찰
재공고,SCF0026,2,11100,***,대함무인표적체계 부품 정비,2022,SCF,해군군수사령부,일반경쟁,총액제,적격심사제,202204191030,20220419,낙찰
긴급공고,SCF0167,1,11302,***,(긴급) 내연비닐절연전선 등 79종,2022,SCF,해군군수사령부,제한경쟁,총액제,적격심사제,202204191030,20220419,낙찰
긴급공고,SCF0156,1,11317,***,수성백색페인트 등 2종 구매,2022,SCF,해군군수사령부,제한경쟁,총액제,적격심사제,202204191030,20220419,낙찰
긴급공고,SCF0155,1,11320,***,"제어유닛, 조속기용 등 2종 구매",2022,SCF,해군군수사령부,제한경쟁,총액제,적격심사제,202204191030,20220419,낙찰
긴급공고,SCF0154,1,11329,***,"전지, 축전식 등 2종 구매",2022,SCF,해군군수사령부,제한경쟁,총액제,적격심사제,202204191030,20220419,낙찰
긴급공고,SCF0153,1,11554,***,차량용 스캐너 2EA 구매,2022,SCF,해군군수사령부,제한경쟁,총액제,적격심사제,202204191030,20220419,낙찰
긴급공고,SCF0165,1,12040,***,(긴급)MITSNAJG-3128GA(128GB SSD) 1종,2022,SCF,해군군수사령부,제한경쟁,총액제,적격심사제,202204191030,20220419,낙찰
긴급공고,SCF0166,1,12317,***,(긴급)디지털카메라 등 3종,2022,SCF,해군군수사령부,제한경쟁,총액제,적격심사제,202204191030,20220419,낙찰
긴급공고,SCF0148,1,12625,***,밸브 킷트 등 5종 구매,2022,SCF,해군군수사령부,제한경쟁,총액제,적격심사제,202204191030,20220419,낙찰
긴급공고,SCF0031,1,13261,***,기지용 감압실(TDS-I) 정비,2022,SCF,해군군수사령부,수의계약,총액제,적격심사제,202204191030,20220419,유찰
재공고,SCH0040,2,12152,***,22-부 음식물류 폐기물 처리용역,2022,SCH,해군작전사령부,수의계약,총액제,적격심사제,202204191030,20220419,유찰
재공고,SCQ0052,2,11803,***,22-평 폐기물(폐합성수지) 처리 용역,2022,SCQ,제9911부대,제한경쟁,총액제,적격심사제,202204191030,20220419,낙찰
재공고,UMM0140,2,05346,***,(227065-F)치과기공물 제조,2022,UMM,국군재정관리단,제한경쟁,총액제,적격심사제,202204191100,20220419,낙찰
정상공고,UMM0170,1,06362,***,(227104-C) 병리재료 구매,2022,UMM,국군재정관리단,일반경쟁,총액제,적격심사제,202204191100,20220419,낙찰
정상공고,UMM0169,1,08071,***,(227072-C)장비운영소모품 구매 (병리3),2022,UMM,국군재정관리단,일반경쟁,총액제,적격심사제,202204191100,20220419,낙찰
재공고,UMM0236,2,09236,***,22-국-휴대폰보관함 등 5종 구매,2022,UMM,국군재정관리단,제한경쟁,총액제,적격심사제,202204191100,20220419,낙찰
정상공고,UMM0257,1,09689,***,22-해-공기주입식 구명정(25인승) 제조,2022,UMM,국군재정관리단,수의계약,총액제,적격심사제,202204191100,20220419,유찰
재공고,UMM0148,2,11381,***,(226062-C) 대테러화 등 5종 제조,2022,UMM,국군재정관리단,수의계약,총액제,적격심사제,202204191100,20220419,유찰
정상공고,EBB0012,1,0730,***,오수처리장치,2022,EBB,지상공통전력운영계약팀,수의계약,총액제,적격심사제,202204181100,20220418,유찰
긴급공고,HCC0035,1,12848,***,LED면조명 등 21종 구매(22-14),2022,HCC,해군제1수리창,제한경쟁,총액제,적격심사제,202204181030,20220418,낙찰
긴급공고,HCC0036,1,12853,***,판 등 10종 구매(76),2022,HCC,해군제1수리창,제한경쟁,총액제,적격심사제,202204181030,20220418,낙찰
긴급공고,HCC0037,1,12876,***,원형손잡이 등 9종 구매(77),2022,HCC,해군제1수리창,제한경쟁,총액제,적격심사제,202204181030,20220418,낙찰
긴급공고,HCC0038,1,12882,***,"시일, 밀봉형 등 5종 구매(78)",2022,HCC,해군제1수리창,제한경쟁,총액제,적격심사제,202204181030,20220418,낙찰
긴급공고,HCG0007,1,10457,***,공군 장례용품 지원사업(일회용품 구매),2022,HCG,공군본부,제한경쟁,총액제,적격심사제,202204181130,20220418,낙찰
정정공고,HDS0004,3,11823,***,방-22-4 사격표적기(소형표적기 수리부속) 구매,2022,HDS,공군미사일방어사령부,일반경쟁,총액제,적격심사제,202204181100,20220418,낙찰
정상공고,LBA0070,1,12094,001,22년 석가탄신일 경축특식(글레이즈드 도넛)제조/구매,2022,LBA,제 2167부대,제한경쟁,단가제,적격심사제,202204181030,20220418,낙찰
긴급공고,LCG0035,1,10226,***,'22년 육군 분석평가단 소개영상 제작용역,2022,LCG,육군본부,2단계경쟁(동시),총액제,최저가격제,202204181000,20220418,낙찰
긴급공고,LCH0013,1,12452,001,음식물폐기물 위탁처리 용역(재경권역),2022,LCH,특수전사령부,제한경쟁,단가제,적격심사제,202204181100,20220418,낙찰
긴급공고,LCH0012,1,12453,001,음식물폐기물 위탁처리 용역(경기남부권역),2022,LCH,특수전사령부,제한경쟁,단가제,적격심사제,202204181100,20220418,낙찰
연기공고,LDA0007,2,06065,***,22-강원-폐수-4 설계용역,2022,LDA,지상작전사령부,2단계경쟁(동시),총액제,최저가격제,202204181000,20220418,낙찰
재공고,LDH0326,2,11226,***,"(화공) 알곤,공업용 1종 구매",2022,LDH,육군종합정비창,수의계약,총액제,적격심사제,202204181300,20220418,유찰
재공고,LDH0327,2,11228,***,"(정비) 산소,공업용 등 4종 구매",2022,LDH,육군종합정비창,수의계약,총액제,적격심사제,202204181300,20220418,유찰
재공고,LDH0328,2,11230,***,(정비) 액화산소 1종 구매,2022,LDH,육군종합정비창,수의계약,총액제,적격심사제,202204181300,20220418,유찰
정상공고,LDH0350,1,12369,***,통신장비 수리부속 회로카드조립체 구매,2022,LDH,육군종합정비창,제한경쟁,총액제,적격심사제,202204181300,20220418,낙찰
긴급공고,LGI0076,1,12630,***,22-2차 부대조달 식자재 납품(어육가공품류),2022,LGI,제3군수지원여단,수의계약,총액제,적격심사제,202204181100,20220418,유찰
긴급공고,LGI0079,1,12737,001,'22년 석가탄신일 경축특식 커피,2022,LGI,제3군수지원여단,수의계약,단가제,적격심사제,202204181100,20220418,유찰
연기공고,LMG0006,2,06213,***,[22-경기북부-폐수-1] 설계용역.,2022,LMG,제6군단사령부,2단계경쟁(동시),총액제,최저가격제,202204181000,20220418,낙찰
긴급공고,LNR0006,1,12706,***,'22년 음식물류 폐기물 수집 및 위탁처리 용역,2022,LNR,수도기계화보병사단,제한경쟁,총액제,적격심사제,202204181600,20220418,낙찰
긴급공고,MDD0065,1,12659,***,22년 수도병원 병리장비운영소모품(2) 57품목 구매,2022,MDD,국군수도병원,제한경쟁,총액제,적격심사제,202204181100,20220418,낙찰
긴급공고,SCU0022,1,12805,***,LED 직판형 방폭등 세트 204EA 구매,2022,SCU,해군 기동함대사령부,제한경쟁,총액제,적격심사제,202204181100,20220418,낙찰
긴급공고,SCU0023,1,12926,***,불닭마요덮밥 등 13종 구매,2022,SCU,해군 기동함대사령부,제한경쟁,총액제,적격심사제,202204181100,20220418,유찰
연기공고,UHC0002,2,05653,***,22-충청-폐수-3공구 설계용역,2022,UHC,공군 작사예하 방포사예하 제2여단,2단계경쟁(동시),총액제,최저가격제,202204181030,20220418,낙찰
연기공고,UHC0001,2,05765,***,22-강원-오수-5 설계용역,2022,UHC,공군 작사예하 방포사예하 제2여단,2단계경쟁(동시),총액제,최저가격제,202204181030,20220418,낙찰
정상공고,UMM0164,1,09039,***,(226121-B) 상장용지 7종 제조,2022,UMM,국군재정관리단,제한경쟁,총액제,적격심사제,202204181100,20220418,낙찰
정상공고,UMM0256,1,09195,***,22-국-감정장비(디지털현미경) 구매,2022,UMM,국군재정관리단,제한경쟁,총액제,적격심사제,202204181100,20220418,낙찰
정상공고,UMM0255,1,10149,***,22-국-마트용 종이물품봉투 제조,2022,UMM,국군재정관리단,수의계약,총액제,적격심사제,202204181100,20220418,유찰
정상공고,UMM0254,1,10903,***,22-해-승용식로타리모어 등 2종 구매,2022,UMM,국군재정관리단,제한경쟁,총액제,적격심사제,202204181100,20220418,낙찰
정상공고,UMM0251,1,11176,***,22-공-차량견인식 FO제거장비용 스위퍼 구매,2022,UMM,국군재정관리단,제한경쟁,총액제,적격심사제,202204181100,20220418,낙찰
정상공고,UMM0253,1,12331,***,22-해-3방향 전동지게차 1대 구매,2022,UMM,국군재정관리단,제한경쟁,총액제,적격심사제,202204181100,20220418,낙찰
긴급공고,HCC0033,1,12605,***,파라필름 등 9종 구매(22-3),2022,HCC,해군제1수리창,제한경쟁,총액제,적격심사제,202204151030,20220415,낙찰
긴급공고,HCC0034,1,12608,***,그리스 등 7종 구매(22-13),2022,HCC,해군제1수리창,제한경쟁,총액제,적격심사제,202204151030,20220415,낙찰
정상공고,HCG0006,1,12177,***,야전정비 수리부속 구매 계약 (펌프 등 6종),2022,HCG,공군본부,수의계약,총액제,적격심사제,202204151100,20220415,유찰
긴급공고,HCQ0015,1,10464,***,(22-011) 폭파기 1종 3점,2022,HCQ,공군제5공중기동비행단,수의계약,총액제,최저가격제,202204151100,20220415,유찰
긴급공고,HCQ0016,1,10469,***,"(22-009) 훈련기재,소총사격술용, 레이져식 1종 51점",2022,HCQ,공군제5공중기동비행단,수의계약,총액제,최저가격제,202204151100,20220415,유찰
긴급공고,HCQ0017,1,10472,***,"(22-008) 소음기,총용 1종 51점",2022,HCQ,공군제5공중기동비행단,2단계경쟁(동시),총액제,최저가격제,202204151100,20220415,유찰
긴급공고,HCQ0019,1,10507,***,"(22-006) 광성조준키트, 적외선용 1종 51점",2022,HCQ,공군제5공중기동비행단,수의계약,총액제,최저가격제,202204151100,20220415,유찰
정상공고,LCF0071,1,10596,***,체인슬링 등 1항목 구매(일반물자),2022,LCF,육군군수사령부,제한경쟁,총액제,적격심사제,202204151030,20220415,낙찰
정상공고,LCF0072,1,10609,***,항공선글라스 1항목 구매(피복물자),2022,LCF,육군군수사령부,제한경쟁,총액제,적격심사제,202204151030,20220415,순위확정
정상공고,LCF0067,1,10705,***,총기방수백 1항목 제조(피복물자),2022,LCF,육군군수사령부,제한경쟁,총액제,적격심사제,202204151030,20220415,낙찰
정상공고,LCF0070,1,10760,***,세폭띠 등 2항목 구매(일반물자),2022,LCF,육군군수사령부,제한경쟁,총액제,적격심사제,202204151030,20220415,낙찰
정상공고,LCF0073,1,12199,***,항법 가방 등 2항목 제조(피복물자),2022,LCF,육군군수사령부,제한경쟁,총액제,적격심사제,202204151030,20220415,낙찰
재공고,LDH0228,2,06636,***,K10제독차 인버터 부하시험장비 소요자재 구매,2022,LDH,육군종합정비창,수의계약,총액제,최저가격제,202204151300,20220415,유찰
정상공고,LDH0348,1,12068,***,K1계열전차 포탑회로망상자 시험장비 개발 연구용역,2022,LDH,육군종합정비창,수의계약,총액제,적격심사제,202204151300,20220415,유찰
정상공고,LDH0349,1,12193,***,(자재) 제재목 8종 구매,2022,LDH,육군종합정비창,제한경쟁,총액제,적격심사제,202204151300,20220415,낙찰
정상공고,LGR0008,1,11822,***,총기 포장박스 제조 납품,2022,LGR,제1288부대,수의계약,총액제,적격심사제,202204151100,20220415,유찰
정상공고,LGR0007,1,11961,***,PP 포장박스 구매 계약,2022,LGR,제1288부대,제한경쟁,총액제,적격심사제,202204151100,20220415,낙찰
정상공고,MCD0013,1,10701,***,시험평가 의사결정체계 효율화 방안 연구,2022,MCD,국방부(운영지원과),수의계약,총액제,최저가격제,202204151030,20220415,유찰
정상공고,MDG0081,1,10132,***,'22년 특수수술재료 구매 (임플란트4),2022,MDG,국군의무사령부,수의계약,총액제,적격심사제,202204151100,20220415,유찰
정상공고,MDG0088,1,12083,***,22년 특수수술재료 구매 (임플란트2),2022,MDG,국군의무사령부,수의계약,총액제,적격심사제,202204151100,20220415,유찰
재공고,SFC0020,3,04489,***,22-해병 디자인홍보물품 제조 구매,2022,SFC,제9691부대,2단계경쟁(동시),총액제,최저가격제,202204151030,20220415,낙찰
정상공고,UMM0095,1,01988,***,22-OOO사 교과목형 CBT 개발,2022,UMM,국군재정관리단,2단계경쟁(동시),총액제,최저가격제,202204151030,20220415,낙찰
긴급공고,UMM0115,1,04565,***,(22F036-A)Army-Tiger 기획 홍보 영상컨텐츠 제작용역,2022,UMM,국군재정관리단,협상에의한계약(전자),총액제,최저가격제,202204151100,20220415,낙찰
정상공고,UMM0249,1,06896,***,22-오 폐수처리시설 관리 용역(22J015-I),2022,UMM,국군재정관리단,일반경쟁,총액제,적격심사제,202204151100,20220415,낙찰
정상공고,UMM0247,1,07190,***,21-공-풀 트레일러(제설차) 제조,2022,UMM,국군재정관리단,제한경쟁,총액제,적격심사제,202204151100,20220415,낙찰
정상공고,UMM0246,1,07916,***,22-공-신호발생기 1품목 구매,2022,UMM,국군재정관리단,제한경쟁,총액제,적격심사제,202204151100,20220415,낙찰
정상공고,UMM0250,1,09384,***,22-평-정수기 57대 임차용역(22H064-H),2022,UMM,국군재정관리단,제한경쟁,총액제,적격심사제,202204151100,20220415,낙찰
정상공고,UMM0248,1,09651,***,22-공-소형 타이어 탈착기 구매,2022,UMM,국군재정관리단,제한경쟁,총액제,적격심사제,202204151100,20220415,낙찰
정상공고,UMM0162,1,11318,***,"(226119-D) 의무물자(혈압계,전자식) 구매",2022,UMM,국군재정관리단,제한경쟁,총액제,적격심사제,202204151100,20220415,낙찰
정상공고,UMM0163,1,12084,***,(226050-F)군사경찰피복(방탄헬멧 등 3종) 제조,2022,UMM,국군재정관리단,수의계약,총액제,적격심사제,202204151100,20220415,유찰
정상공고,EBB0011,1,0600,***,보조보일러(대형),2022,EBB,지상공통전력운영계약팀,제한경쟁,총액제,적격심사제,202204141100,20220414,낙찰
정상공고,EBB0010,1,8280,***,실린더조립체(궤도용),2022,EBB,지상공통전력운영계약팀,수의계약,총액제,적격심사제,202204141400,20220414,유찰
긴급공고,HCF0064,1,09635,***,[시동용 발전기 부품] 배출구 등 32종,2022,HCF,공군군수사령부,제한경쟁,총액제,적격심사제,202204141030,20220414,낙찰
긴급공고,HCF0063,1,11708,***,"항공기용 컴파운드, 접착제 13종",2022,HCF,공군군수사령부,일반경쟁,총액제,적격심사제,202204141030,20220414,낙찰
긴급공고,HCF0014,1,12404,***,"조달-제작-10, 연마기",2022,HCF,공군군수사령부,제한경쟁,총액제,적격심사제,202204141100,20220414,낙찰
긴급공고,HCF0015,1,12408,***,"조달-제작-3, 표면측정기 장비 구매",2022,HCF,공군군수사령부,제한경쟁,총액제,적격심사제,202204141130,20220414,낙찰
정상공고,LBA0068,1,11790,***,'22년 공기청정기 필터 구매,2022,LBA,제 2167부대,제한경쟁,총액제,적격심사제,202204141030,20220414,낙찰
재공고,LCF0050,3,06749,***,에너지 완충기 등 7항목 구매(항공),2022,LCF,육군군수사령부,일반경쟁,총액제,적격심사제,202204141130,20220414,순위확정
재공고,LCF0323,2,09586,***,회로카드조립체(유연성기판조립체)등 5항목제조(총포),2022,LCF,육군군수사령부,수의계약,총액제,적격심사제,202204141030,20220414,유찰
재공고,LCF0331,2,09595,***,"계산판,간접사격요(M17) 등 4항목 제조(총포)",2022,LCF,육군군수사령부,제한경쟁,총액제,적격심사제,202204141030,20220414,낙찰
재공고,LCF0322,2,10939,***,대대 정찰용 무인항공기 정비(용역),2022,LCF,육군군수사령부,수의계약,총액제,적격심사제,202204141030,20220414,유찰
재공고,LCF0338,2,11145,***,"부싱, 슬리브형 등 14항목 제조(생산능력, 자주포)",2022,LCF,육군군수사령부,수의계약,총액제,적격심사제,202204141030,20220414,유찰
재공고,LCF0066,2,11271,***,22년 폐리튬전지 위탁처리 용역,2022,LCF,육군군수사령부,수의계약,총액제,적격심사제,202204141100,20220414,유찰
정상공고,LDH0340,1,11871,***,K55자주포 부품키트 등 68종 구매,2022,LDH,육군종합정비창,수의계약,총액제,적격심사제,202204141300,20220414,유찰
정상공고,LDH0341,1,11876,***,부품제작자재 고무판 등 26종 구매,2022,LDH,육군종합정비창,수의계약,총액제,적격심사제,202204141300,20220414,유찰
정상공고,LDH0343,1,11915,***,(일장) 교량가설단정 부력블록등 10종구매,2022,LDH,육군종합정비창,수의계약,총액제,적격심사제,202204141300,20220414,유찰
정상공고,LDH0344,1,11921,***,(화공) 초고순도알곤가스 등 7종 구매,2022,LDH,육군종합정비창,수의계약,총액제,적격심사제,202204141300,20220414,유찰
긴급공고,LFT0003,1,12246,***,22년 교량전차 시뮬레이터 유지보수,2022,LFT,육군공병학교,제한경쟁,총액제,적격심사제,202204141430,20220414,낙찰
긴급공고,LKG0016,1,12179,***,"22년 5월 부대급식품목 계약(일반, 면류)",2022,LKG,육군제53보병사단,일반경쟁,총액제,적격심사제,202204141030,20220414,낙찰
긴급공고,LKG0017,1,12183,***,22년 5월 부대급식품목 계약(어묵류),2022,LKG,육군제53보병사단,일반경쟁,총액제,적격심사제,202204141030,20220414,유찰
재공고,LKS0034,2,11103,***,'22년 해외공연 항공화물(군악기류) 수송용역,2022,LKS,육군인사사령부,제한경쟁,총액제,적격심사제,202204141030,20220414,유찰
긴급공고,LMP0013,1,12188,***,(주거시설 3) 신원아파트 보수공사(씽크대),2022,LMP,제3보병사단,제한경쟁,총액제,적격심사제,202204141100,20220414,낙찰
재공고,MCK0002,2,08103,***,상용망 기반의 전장이동추적 단말기 구매 사업,2022,MCK,국방전산정보원,협상에의한계약(전자),총액제,최저가격제,202204141100,20220414,유찰
긴급공고,SCF0028,1,05166,***,'22년 고압가스 용기 검사/정비,2022,SCF,해군군수사령부,수의계약,총액제,적격심사제,202204141030,20220414,순위확정
긴급공고,SCF0141,1,06434,***,"발생기, 신호용 구매",2022,SCF,해군군수사령부,제한경쟁,총액제,적격심사제,202204141030,20220414,낙찰
긴급공고,SCF0136,1,06550,***,"증폭기, 가속도계 신호용 등 5종 구매",2022,SCF,해군군수사령부,일반경쟁,총액제,적격심사제,202204141030,20220414,낙찰
긴급공고,SCF0134,1,06978,***,"베어링,평면형,자동중심조정용 등 21종 구매",2022,SCF,해군군수사령부,일반경쟁,총액제,적격심사제,202204141030,20220414,낙찰
긴급공고,SCF0138,1,07126,***,"전지, 습식, 일차 등 7종 구매",2022,SCF,해군군수사령부,제한경쟁,총액제,적격심사제,202204141030,20220414,낙찰
긴급공고,SCF0137,1,09884,***,회로카드 조립체 등 4종 구매,2022,SCF,해군군수사령부,제한경쟁,총액제,적격심사제,202204141030,20220414,순위확정
긴급공고,SCF0139,1,09897,***,포켓용 손전등 400EA 구매,2022,SCF,해군군수사령부,제한경쟁,총액제,적격심사제,202204141030,20220414,유찰
긴급공고,SCF0029,1,10330,***,00함 탄약승강기 정비,2022,SCF,해군군수사령부,일반경쟁,총액제,적격심사제,202204141030,20220414,낙찰
긴급공고,SCF0135,1,10676,***,흡입공기용 패널형 필터 7EA 구매,2022,SCF,해군군수사령부,제한경쟁,총액제,적격심사제,202204141030,20220414,순위확정
긴급공고,SFC0058,1,12352,***,의료기기(마취기 야전용) 등 2품목 구매,2022,SFC,제9691부대,제한경쟁,총액제,적격심사제,202204141100,20220414,낙찰
긴급공고,SFG0053,1,12418,***,CCTV 등 3품목 구매,2022,SFG,제9181부대,일반경쟁,총액제,적격심사제,202204141030,20220414,낙찰
긴급공고,SFH0045,1,12414,***,필터 제조 구매(도서지역),2022,SFH,제9196부대,제한경쟁,총액제,적격심사제,202204141030,20220414,유찰
정상공고,UMM0161,1,03938,***,(227037-C) 테라펜정 등 352품목 구매,2022,UMM,국군재정관리단,일반경쟁,총액제,적격심사제,202204141100,20220414,낙찰
정상공고,UMM0242,1,04819,***,22-국-체력단련장 골프카트 배터리 구매,2022,UMM,국군재정관리단,제한경쟁,총액제,적격심사제,202204141100,20220414,낙찰
정상공고,UMM0244,1,06592,***,22-해-보오스코프(시각검사장비) 구매,2022,UMM,국군재정관리단,일반경쟁,총액제,적격심사제,202204141100,20220414,낙찰
정상공고,UMM0158,1,06753,***,(226094-F)방폭담요 구매,2022,UMM,국군재정관리단,일반경쟁,총액제,적격심사제,202204141100,20220414,낙찰
정상공고,UMM0157,1,07332,***,(227071-B) 장비운영소모품(병리2) 59종 구매,2022,UMM,국군재정관리단,일반경쟁,총액제,적격심사제,202204141100,20220414,낙찰
정상공고,UMM0245,1,07471,***,'22년 기술교범 외주번역 용역,2022,UMM,국군재정관리단,제한경쟁,총액제,적격심사제,202204141100,20220414,낙찰
정상공고,UMM0156,1,08113,***,(227081-B) 장비운영소모품(방사선) 19종 구매,2022,UMM,국군재정관리단,일반경쟁,총액제,적격심사제,202204141100,20220414,낙찰
정상공고,UMM0150,1,09778,***,(226130-D) 정비피복(정비화) 구매,2022,UMM,국군재정관리단,제한경쟁,총액제,적격심사제,202204141100,20220414,낙찰
정상공고,UMM0159,1,11879,***,(22F065-A)22년 탄약취급장비(지게차) 용역,2022,UMM,국군재정관리단,일반경쟁,총액제,적격심사제,202204141100,20220414,낙찰
긴급공고,HCC0030,1,12165,***,시일조립체 등 6종 구매(68),2022,HCC,해군제1수리창,제한경쟁,총액제,적격심사제,202204131030,20220413,낙찰
긴급공고,HCC0031,1,12169,***,수온조절기 등 8종 구매(62),2022,HCC,해군제1수리창,제한경쟁,총액제,적격심사제,202204131030,20220413,낙찰
긴급공고,HCC0032,1,12176,***,"축전지 등 4종 구매(66, 67)",2022,HCC,해군제1수리창,제한경쟁,총액제,적격심사제,202204131030,20220413,낙찰
긴급공고,HCF0062,1,09497,***,"[패트리어트 작전차량 부품] 밴드,지지용 등 46종",2022,HCF,공군군수사령부,제한경쟁,총액제,적격심사제,202204131030,20220413,낙찰
긴급공고,HCF0061,1,10388,***,"[TA-50 부품] 덮개조립체,통합다기능프로브 제조",2022,HCF,공군군수사령부,제한경쟁,총액제,적격심사제,202204131030,20220413,낙찰
긴급공고,HCF0010,1,11707,***,"조달-기체(군)-6, 5톤 지게차",2022,HCF,공군군수사령부,제한경쟁,총액제,적격심사제,202204131030,20220413,낙찰
긴급공고,HCF0011,1,12140,***,"조달-부품-6, 전원공급기",2022,HCF,공군군수사령부,제한경쟁,총액제,적격심사제,202204131030,20220413,낙찰
긴급공고,HCF0012,1,12161,***,"조달-제작-7, 열처리용 노",2022,HCF,공군군수사령부,제한경쟁,총액제,적격심사제,202204131100,20220413,낙찰
긴급공고,HCM0043,1,12174,***,22-03-073 밀링머신 등 1품목,2022,HCM,공군교육사령부,일반경쟁,총액제,적격심사제,202204131100,20220413,낙찰
정정공고,HDL0007,2,12082,***,22-03-061 컴파운드 등 2종 구매,2022,HDL,공군제16전투비행단,제한경쟁,총액제,적격심사제,202204131030,20220413,낙찰
긴급공고,HDP0026,1,12219,***,'22년 병사식당 자율운영부식비,2022,HDP,공군제19전투비행단,제한경쟁,총액제,적격심사제,202204131100,20220413,낙찰
정상공고,LCF0340,1,06801,***,가설병시험용전화기 등 6항목 구매(통신),2022,LCF,육군군수사령부,제한경쟁,총액제,적격심사제,202204131130,20220413,순위확정
재공고,LCF0190,2,07862,***,"고공가설작업기구 등 2항목 제조(생산능력, 일장)",2022,LCF,육군군수사령부,수의계약,총액제,적격심사제,202204131030,20220413,순위확정
재공고,LCF0238,2,07919,***,"끈,지지용 등 28항목 구매(일장)",2022,LCF,육군군수사령부,제한경쟁,총액제,적격심사제,202204131030,20220413,순위확정
재공고,LCF0237,2,07922,***,"엘보,튜브용 등 37항목 구매(일장)",2022,LCF,육군군수사령부,제한경쟁,총액제,적격심사제,202204131030,20220413,순위확정
재공고,LCF0232,3,08360,***,"로드 조립체,연결용 등 22항목 제조(생산능력,총포)",2022,LCF,육군군수사령부,제한경쟁,총액제,적격심사제,202204131030,20220413,유찰
정상공고,LCF0341,1,10549,***,건열기 소형 등 16항목 구매(의무),2022,LCF,육군군수사령부,제한경쟁,총액제,적격심사제,202204131130,20220413,순위확정
긴급공고,LCG0036,1,11190,***,전차축소사격 소총거치대 등 3종 제조,2022,LCG,육군본부,제한경쟁,총액제,적격심사제,202204131030,20220413,낙찰
긴급공고,LCG0037,1,12019,***,22-1차 장비획득(휴대용 금속탐지기) 구매,2022,LCG,육군본부,제한경쟁,총액제,적격심사제,202204131030,20220413,낙찰
정상공고,LDH0333,1,11542,***,22-4차 정비용 장비 부품 구매,2022,LDH,육군종합정비창,제한경쟁,총액제,적격심사제,202204131300,20220413,낙찰
정상공고,LDH0337,1,11659,***,(화학) 화학탐지기 펌프조립체 구매,2022,LDH,육군종합정비창,제한경쟁,총액제,적격심사제,202204131300,20220413,낙찰
정상공고,LDH0338,1,11679,***,(정수) 액상황산알루미늄 등 7품목 구매,2022,LDH,육군종합정비창,제한경쟁,총액제,적격심사제,202204131300,20220413,낙찰
정상공고,LDH0339,1,11684,***,(정수) 액상가성소다 등 2품목 구매,2022,LDH,육군종합정비창,제한경쟁,총액제,적격심사제,202204131300,20220413,낙찰
긴급공고,LFP0004,1,12206,***,`22년 즉각취식형 전투식량 구매 납품,2022,LFP,육군보병학교,일반경쟁,총액제,적격심사제,202204131030,20220413,유찰
긴급공고,LKS0031,1,09819,***,육군 간부모집 홍보전략 컨설팅 용역,2022,LKS,육군인사사령부,수의계약,총액제,최저가격제,202204131030,20220413,유찰
정정공고,MDF0005,2,12214,***,VoIP전화기(Lisence 포함) 및 패치프로그램 구매,2022,MDF,국군지휘통신사령부,일반경쟁,총액제,적격심사제,202204131030,20220413,낙찰
긴급공고,MDG0085,1,10218,***,22년 군병원 환자만족도조사 및 환자경험평가용역,2022,MDG,국군의무사령부,2단계경쟁(동시),총액제,최저가격제,202204131200,20220413,낙찰
정상공고,MDG0087,1,11735,001,22년 의료폐기물처리용역(서울지구병원),2022,MDG,국군의무사령부,제한경쟁,단가제,적격심사제,202204131100,20220413,유찰
정상공고,MHD0028,1,09307,***,2022년도 미국 국방부품 및 군수물자 정보자료집 구독,2022,MHD,방위사업청(운영지원과),2단계경쟁(동시),총액제,최저가격제,202204131030,20220413,낙찰
재공고,SCF0094,2,02362,***,오링 등 8종 구매,2022,SCF,해군군수사령부,제한경쟁,총액제,적격심사제,202204131030,20220413,순위확정
긴급공고,SCF0130,1,05512,***,양극 등 9종 구매,2022,SCF,해군군수사령부,제한경쟁,총액제,적격심사제,202204131030,20220413,순위확정
긴급공고,SCF0132,1,05532,***,"증폭기, 가청주파수용 등 3종 구매",2022,SCF,해군군수사령부,제한경쟁,총액제,적격심사제,202204131030,20220413,낙찰
긴급공고,SCF0128,1,06430,***,호스조립체 등 3종 제조,2022,SCF,해군군수사령부,제한경쟁,총액제,적격심사제,202204131030,20220413,낙찰
긴급공고,SCF0133,1,06431,***,"인쇄회로판, 항해등용 등 4종 구매",2022,SCF,해군군수사령부,제한경쟁,총액제,적격심사제,202204131030,20220413,낙찰
재공고,SCF0117,2,07278,***,"(긴급)파이프,금속제 등 6종",2022,SCF,해군군수사령부,제한경쟁,총액제,적격심사제,202204131030,20220413,낙찰
재공고,SCF0119,2,07286,***,"(긴급)잉곳,구리 등 11종",2022,SCF,해군군수사령부,수의계약,총액제,적격심사제,202204131030,20220413,유찰
긴급공고,SCF0163,1,09178,***,"(긴급)절연 펠트, 방열용 등 6종",2022,SCF,해군군수사령부,제한경쟁,총액제,적격심사제,202204131030,20220413,낙찰
긴급공고,SCF0164,1,11304,***,"(긴급) 잉곳,주석-청동용 등 9종",2022,SCF,해군군수사령부,수의계약,총액제,적격심사제,202204131030,20220413,유찰
긴급공고,SCF0129,1,12154,***,육전케이블 등 2종 구매,2022,SCF,해군군수사령부,제한경쟁,총액제,적격심사제,202204131030,20220413,낙찰
긴급공고,SCF0131,1,12172,***,"대형승용차, 3,400cc 이상 구매",2022,SCF,해군군수사령부,수의계약,총액제,적격심사제,202204131030,20220413,유찰
긴급공고,SCH0040,1,12152,***,22-부 음식물류 폐기물 처리용역,2022,SCH,해군작전사령부,수의계약,총액제,적격심사제,202204131030,20220413,유찰
긴급공고,SCP0057,1,12228,***,22-동 00숙소 유선TV방송 및 인터넷(WI-FI)서비스,2022,SCP,제8385부대,제한경쟁,총액제,적격심사제,202204131030,20220413,낙찰
긴급공고,SFG0050,1,12201,***,MCU PCB 등 6품목 구매,2022,SFG,제9181부대,제한경쟁,총액제,적격심사제,202204131030,20220413,낙찰
긴급공고,SFN0019,1,12051,***,순두부 등 4품목 구매,2022,SFN,연평부대,일반경쟁,총액제,적격심사제,202204131030,20220413,낙찰
정상공고,UAB0026,1,11666,***,22년 복지시설 통신장비 교체사업,2022,UAB,국군복지단,제한경쟁,총액제,적격심사제,202204131100,20220413,낙찰
긴급공고,UMM0100,1,06347,***,'(22G046-A)22년 한국 안보·역사·문화탐방 대행용역,2022,UMM,국군재정관리단,2단계경쟁(동시),총액제,최저가격제,202204131100,20220413,낙찰
정상공고,UMM0238,1,07516,***,22-해-교류 전원변환기(60Hz)  제조설치,2022,UMM,국군재정관리단,일반경쟁,총액제,적격심사제,202204131100,20220413,낙찰
정상공고,UMM0152,1,09377,***,(22G059-I) 프린터 렌탈(충청권역),2022,UMM,국군재정관리단,제한경쟁,총액제,적격심사제,202204131100,20220413,낙찰
정상공고,UMM0154,1,09388,***,(22G061-I) 프린터 렌탈(강원권역),2022,UMM,국군재정관리단,제한경쟁,총액제,적격심사제,202204131100,20220413,낙찰
정상공고,UMM0239,1,09940,***,22-해-바라스트 펌프(360㎥/hr) 제조,2022,UMM,국군재정관리단,제한경쟁,총액제,적격심사제,202204131100,20220413,낙찰
정상공고,UMM0155,1,11772,***,(22G060-I) 프린터 렌탈(경기권역),2022,UMM,국군재정관리단,제한경쟁,총액제,적격심사제,202204131100,20220413,낙찰
재공고,EBB0005,2,1570,***,고압호스,2022,EBB,지상공통전력운영계약팀,수의계약,총액제,적격심사제,202204121100,20220412,유찰
정상공고,EBB0009,1,4912,***,특수보호의(Level A),2022,EBB,지상공통전력운영계약팀,일반경쟁,총액제,적격심사제,202204121500,20220412,낙찰
정상공고,EHF0003,1,0023,***,니카드전지(함포용),2022,EHF,미래전력사업전력운영계약팀,제한경쟁,총액제,적격심사제,202204121100,20220412,유찰
정상공고,EHF0006,1,0810G,***,22년 대포병탐지레이더 부품(구매),2022,EHF,미래전력사업전력운영계약팀,수의계약,총액제,적격심사제,202204121500,20220412,순위확정
정상공고,EHF0005,1,3320,***,22년 스테이브 조립체(제조),2022,EHF,미래전력사업전력운영계약팀,수의계약,총액제,적격심사제,202204121100,20220412,유찰
정상공고,EKA0006,1,9510,***,25톤 화물수송차,2022,EKA,기동총괄계약팀,수의계약,총액제,적격심사제,202204121030,20220412,유찰
재공고,HCF0049,2,03267,***,E-737 Escape Slide 외주정비,2022,HCF,공군군수사령부,수의계약,총액제,적격심사제,202204121030,20220412,유찰
긴급공고,HCF0060,1,07215,***,"[무장장착장비 부품] 측정막대,액체수위용 등 16종",2022,HCF,공군군수사령부,제한경쟁,총액제,적격심사제,202204121030,20220412,낙찰
긴급공고,HCF0006,1,11390,***,"조달-제작-18, 공업용 가스 액화알곤 등 11종(수정)",2022,HCF,공군군수사령부,제한경쟁,총액제,적격심사제,202204121030,20220412,낙찰
긴급공고,HCF0007,1,11468,***,"조달-기체(군)-5, 3톤 지게차",2022,HCF,공군군수사령부,제한경쟁,총액제,적격심사제,202204121330,20220412,낙찰
긴급공고,HCS0015,1,10527,***,"[22-소-1-] 개선공사 관급( 메쉬울타리,출입문)",2022,HCS,제3훈련비행단,제한경쟁,총액제,적격심사제,202204121100,20220412,낙찰
긴급공고,HDK0020,1,10589,***,22년 기지 제초용역(활주로지역),2022,HDK,공군제11전투비행단,일반경쟁,총액제,적격심사제,202204121030,20220412,낙찰
재공고,LCF0076,2,05239,***,"링크,바퀴 실린더용 등 4항목 제조(생산능력, 기장)",2022,LCF,육군군수사령부,수의계약,총액제,적격심사제,202204121030,20220412,순위확정
재공고,LCF0057,2,06470,***,전원 공급기 등 3항목 구매(항공),2022,LCF,육군군수사령부,제한경쟁,총액제,적격심사제,202204121130,20220412,순위확정
재공고,LCF0151,2,07371,***,"끈,세폭띠형 등 31항목 구매(궤도)",2022,LCF,육군군수사령부,제한경쟁,총액제,적격심사제,202204121030,20220412,유찰
재공고,LCF0290,2,09418,***,통신쉘터 외주정비(용역),2022,LCF,육군군수사령부,수의계약,총액제,적격심사제,202204121030,20220412,유찰
재공고,LCF0287,2,09424,***,통신쉘터 냉난방기 외주정비(용역),2022,LCF,육군군수사령부,수의계약,총액제,적격심사제,202204121030,20220412,유찰
재공고,LCF0284,2,09447,***,무선망관리체계 외주정비(용역),2022,LCF,육군군수사령부,수의계약,총액제,적격심사제,202204121030,20220412,유찰
재공고,LCF0298,2,10230,***,"그로밋,비금속제 등 94항목 제조(생산능력, 기장)",2022,LCF,육군군수사령부,수의계약,총액제,적격심사제,202204121030,20220412,유찰
긴급공고,LCG0028,1,08135,***,Army TIGER 2050 개념군 연구 용역,2022,LCG,육군본부,2단계경쟁(동시),총액제,최저가격제,202204121000,20220412,낙찰
긴급공고,LCG0031,1,08144,***,비상근예비군 확대 및 훈련체계 정립 연구 용역,2022,LCG,육군본부,협상에의한계약(전자),총액제,최저가격제,202204121000,20220412,낙찰
재공고,LCH0009,2,10022,***,00부대 육로수송 버스 용역(예-용-3),2022,LCH,특수전사령부,제한경쟁,총액제,적격심사제,202204121100,20220412,낙찰
긴급공고,LCJ0016,1,11934,***,00부대 공사물자 구매(PE배수로 등 79품목),2022,LCJ,종합보급창,일반경쟁,총액제,적격심사제,202204121100,20220412,낙찰
재공고,LCM0017,2,06339,***,'22년 기술연구용역 계약(1),2022,LCM,육군교육사령부,2단계경쟁(동시),총액제,최저가격제,202204121300,20220412,낙찰
정상공고,LDH0330,1,11423,***,K288장갑차 바퀴 구매,2022,LDH,육군종합정비창,수의계약,총액제,적격심사제,202204121300,20220412,유찰
긴급공고,LHQ0018,1,06719,***,22-충청-폐수-1공구 설계용역,2022,LHQ,제2작전사령부,2단계경쟁(동시),총액제,최저가격제,202204121100,20220412,낙찰
정상공고,LKP0036,1,11224,***,'22년 화공가스류 구매,2022,LKP,5군수지원사령부,제한경쟁,총액제,적격심사제,202204121100,20220412,낙찰
긴급공고,LKT0016,1,11952,***,정보통신운영지원 전산소모품 구매,2022,LKT,제1989부대,제한경쟁,총액제,적격심사제,202204121030,20220412,낙찰
긴급공고,LMH0007,1,06835,***,경기남부-폐수-1공구 처리시설 설계용역,2022,LMH,제7군단,2단계경쟁(동시),총액제,최저가격제,202204121100,20220412,낙찰
정상공고,MDG0082,1,09993,***,22년 의무장비(자동분석기 생화학용 중형) 구매,2022,MDG,국군의무사령부,제한경쟁,총액제,적격심사제,202204121100,20220412,낙찰
정상공고,MDG0083,1,09994,***,22년 의무장비(혈액가스분석기 소형) 구매,2022,MDG,국군의무사령부,제한경쟁,총액제,적격심사제,202204121100,20220412,낙찰
정상공고,MDG0084,1,09996,***,22년 의무장비(원심분리기 중형)구매,2022,MDG,국군의무사령부,제한경쟁,총액제,적격심사제,202204121100,20220412,낙찰
재공고,SCF0118,2,07689,***,"나사, 캡식, 6각 머리형 등 11종 구매",2022,SCF,해군군수사령부,제한경쟁,총액제,적격심사제,202204121030,20220412,순위확정
긴급공고,SCN0046,1,11784,***,요소수 등 182종,2022,SCN,제7001부대,제한경쟁,총액제,적격심사제,202204121030,20220412,유찰
긴급공고,SCN0047,1,11791,***,멸균 알콜스왑 등 199종(의료기재),2022,SCN,제7001부대,제한경쟁,총액제,적격심사제,202204121030,20220412,낙찰
긴급공고,SCQ0052,1,11803,***,22-평 폐기물(폐합성수지) 처리 용역,2022,SCQ,제9911부대,제한경쟁,총액제,적격심사제,202204121030,20220412,유찰
긴급공고,SDG0016,1,06381,***,22-인-폐수 3공구 설계용역,2022,SDG,제2002부대,2단계경쟁(동시),총액제,최저가격제,202204121030,20220412,낙찰
긴급공고,SFG0023,1,06136,***,경기남부-오수-1공구 설계용역,2022,SFG,제9181부대,2단계경쟁(동시),총액제,최저가격제,202204121100,20220412,낙찰
긴급공고,SFH0033,1,08723,***,22-해병-오수(00소초) 2공구 설계용역,2022,SFH,제9196부대,2단계경쟁(동시),총액제,최저가격제,202204121030,20220412,낙찰
긴급공고,SFH0043,1,11984,***,가드레일 등 3품목 제조 구매(도서지역),2022,SFH,제9196부대,수의계약,총액제,적격심사제,202204121030,20220412,유찰
긴급공고,SFL0039,1,11608,***,22-교-훈련장 제초관리 용역,2022,SFL,제3283부대,제한경쟁,총액제,적격심사제,202204121100,20220412,낙찰
긴급공고,UHD0007,1,06209,***,[22-경기북부-오수-05] 설계용역,2022,UHD,공군 작사예하 방포사예하 제3여단,2단계경쟁(동시),총액제,최저가격제,202204121030,20220412,낙찰
재공고,UMM0183,2,03948,***,22-공-공항정보 자동 방송장치 제조설치,2022,UMM,국군재정관리단,일반경쟁,총액제,적격심사제,202204121100,20220412,낙찰
정상공고,UMM0235,1,04823,***,22-해-대형세차기 등 4종 제조,2022,UMM,국군재정관리단,제한경쟁,총액제,적격심사제,202204121100,20220412,낙찰
정상공고,UMM0233,1,05555,***,활주로 노견 및 엄체호 주변 제초용역,2022,UMM,국군재정관리단,제한경쟁,총액제,적격심사제,202204121100,20220412,낙찰
정상공고,UMM0147,1,06170,***,"(226085-F)통신정밀측정장비(발생기,신호용) 구매설치",2022,UMM,국군재정관리단,제한경쟁,총액제,적격심사제,202204121100,20220412,낙찰
정상공고,UMM0232,1,07984,***,22-해-신호분석기 구매,2022,UMM,국군재정관리단,제한경쟁,총액제,적격심사제,202204121100,20220412,낙찰
정상공고,UMM0234,1,08149,***,22-해-자동 체형측정기 구매,2022,UMM,국군재정관리단,제한경쟁,총액제,적격심사제,202204121100,20220412,낙찰
정상공고,UMM0236,1,09236,***,22-국-휴대폰보관함 등 5종 구매,2022,UMM,국군재정관리단,제한경쟁,총액제,적격심사제,202204121100,20220412,유찰
재공고,UMM0209,2,09992,***,22-해-유해환경근무자 특수검진용역,2022,UMM,국군재정관리단,일반경쟁,총액제,적격심사제,202204121100,20220412,낙찰
정상공고,UMM0148,1,11381,***,(226062-C) 대테러화 등 5종 제조,2022,UMM,국군재정관리단,수의계약,총액제,적격심사제,202204121100,20220412,유찰
정상공고,UMM0149,1,11451,***,(227059-E)방탐정확도 정밀분석 시험용 드론 제조,2022,UMM,국군재정관리단,제한경쟁,총액제,적격심사제,202204121100,20220412,낙찰
긴급공고,HCC0025,1,11750,***,"밸브, 솔레노이드 등 4종 구매(22070, 74)",2022,HCC,해군제1수리창,제한경쟁,총액제,적격심사제,202204111030,20220411,낙찰
긴급공고,HCC0026,1,11751,***,회로카드 조립체 구매(73),2022,HCC,해군제1수리창,제한경쟁,총액제,적격심사제,202204111030,20220411,낙찰
긴급공고,HCC0027,1,11756,***,레이더 전시기 등 2종 구매(75),2022,HCC,해군제1수리창,제한경쟁,총액제,적격심사제,202204111030,20220411,낙찰
긴급공고,HCC0028,1,11760,***,압력감지기 등 4종 구매(72),2022,HCC,해군제1수리창,제한경쟁,총액제,적격심사제,202204111030,20220411,낙찰
긴급공고,HCC0029,1,11765,***,압력계 등 3종 구매(71),2022,HCC,해군제1수리창,제한경쟁,총액제,적격심사제,202204111030,20220411,낙찰
긴급공고,HCM0038,1,11550,***,22년 전시항공기 도장용역,2022,HCM,공군교육사령부,일반경쟁,총액제,적격심사제,202204111100,20220411,낙찰
정상공고,LBA0065,1,11031,001,'22년 제헌절 경축특식(쿠키슈)제조,2022,LBA,제 2167부대,제한경쟁,단가제,적격심사제,202204111030,20220411,유찰
재공고,LDH0302,2,09392,***,22-1차 정비용 장비 부품 구매,2022,LDH,육군종합정비창,제한경쟁,총액제,적격심사제,202204111300,20220411,낙찰
정상공고,LDH0329,1,11232,***,(자재) 수용성절삭유 등 17종 구매,2022,LDH,육군종합정비창,수의계약,총액제,적격심사제,202204111300,20220411,유찰
긴급공고,LGP0116,1,11415,001,'22년 부처님오신날 경축특식 냉동도넛 구매,2022,LGP,제1군수지원사령부,일반경쟁,단가제,적격심사제,202204111100,20220411,낙찰
긴급공고,LGP0117,1,11416,001,'22년 부천님오신날 경축특식 음료 구매,2022,LGP,제1군수지원사령부,제한경쟁,단가제,적격심사제,202204111100,20220411,낙찰
긴급공고,LNG0041,1,06583,***,22-경기북부-오수-4 설계용역,2022,LNG,육군 제1군단,2단계경쟁(동시),총액제,최저가격제,202204111630,20220411,낙찰
정정공고,LNG0040,2,06584,***,22-경기북부-폐수-03공구 설계용역,2022,LNG,육군 제1군단,2단계경쟁(동시),총액제,최저가격제,202204111630,20220411,낙찰
긴급공고,LNG0039,1,06585,***,22-경기북부-폐수-5 설계용역,2022,LNG,육군 제1군단,2단계경쟁(동시),총액제,최저가격제,202204111630,20220411,낙찰
긴급공고,LNG0038,1,06586,***,22-경기북부-폐수-6 설계용역,2022,LNG,육군 제1군단,2단계경쟁(동시),총액제,최저가격제,202204111630,20220411,낙찰
긴급공고,LNG0037,1,06587,***,22-경기북부-오수-02공구 설계용역,2022,LNG,육군 제1군단,2단계경쟁(동시),총액제,최저가격제,202204111630,20220411,낙찰
재공고,LQG0007,2,08602,***,22년 취사피복류 구매(납품),2022,LQG,육군 52보병사단,제한경쟁,총액제,적격심사제,202204111100,20220411,유찰
정상공고,LQG0008,1,11195,***,22년 공기청정기 필터 구매(납품),2022,LQG,육군 52보병사단,제한경쟁,총액제,적격심사제,202204111100,20220411,낙찰
정상공고,LQG0009,1,11201,***,22년 정비피복류 구매(납품),2022,LQG,육군 52보병사단,제한경쟁,총액제,적격심사제,202204111100,20220411,유찰
정정공고,MDP0006,2,09746,***,'22년 1차 도시락(A지역) 제조 / 납품,2022,MDP,한미연합군사령부,2단계경쟁(동시),총액제,최저가격제,202204111100,20220411,낙찰
재공고,SCG0021,2,03553,***,22-병력절감형 Smart Battleship 함정 설계연구,2022,SCG,해군본부,2단계경쟁(동시),총액제,최저가격제,202204111300,20220411,낙찰
재공고,SCR0009,2,05564,***,22-00지원대 오수처리시설 개선 설계용역,2022,SCR,해군제3함대사령부,2단계경쟁(동시),총액제,최저가격제,202204111030,20220411,낙찰
정상공고,UMM0225,1,03865,***,22-공-음성정보시스템 제조·설치,2022,UMM,국군재정관리단,일반경쟁,총액제,적격심사제,202204111100,20220411,낙찰
긴급공고,UMM0071,1,04097,***,(226033-D) 위국헌신 청춘 감사앨범 제조,2022,UMM,국군재정관리단,협상에의한계약(전자),총액제,최저가격제,202204111100,20220411,낙찰
정상공고,UMM0228,1,04845,***,22-국-리치스태커 구매,2022,UMM,국군재정관리단,일반경쟁,총액제,적격심사제,202204111100,20220411,유찰
정상공고,UMM0142,1,05067,***,(22F040-A)육군훈련소 조경관리 용역,2022,UMM,국군재정관리단,제한경쟁,총액제,적격심사제,202204111100,20220411,낙찰
정상공고,UMM0224,1,05113,***,22-공-군견사료 2품목 구매,2022,UMM,국군재정관리단,제한경쟁,총액제,적격심사제,202204111100,20220411,낙찰
정상공고,UMM0140,1,05346,***,(227065-F)치과기공물 제조,2022,UMM,국군재정관리단,제한경쟁,총액제,적격심사제,202204111100,20220411,유찰
정상공고,UMM0144,1,06444,***,(227070-F)장비운영소모품(병리1) 128종 구매,2022,UMM,국군재정관리단,일반경쟁,총액제,적격심사제,202204111100,20220411,낙찰
연기공고,UMM0220,2,07766,***,22-공-전화기용 케이블 13종 구매,2022,UMM,국군재정관리단,제한경쟁,총액제,적격심사제,202204111100,20220411,낙찰
정상공고,UMM0141,1,08179,***,(226114-C) 인쇄재료 26종 구매,2022,UMM,국군재정관리단,제한경쟁,총액제,적격심사제,202204111100,20220411,낙찰
정상공고,UMM0143,1,09077,***,(226109-F) 금형주조기 제조 설치,2022,UMM,국군재정관리단,일반경쟁,총액제,적격심사제,202204111100,20220411,유찰
정상공고,EBB0007,1,9211,***,정수장치부품(물탱크류),2022,EBB,지상공통전력운영계약팀,일반경쟁,총액제,적격심사제,202204081100,20220408,유찰
정상공고,EBB0008,1,S8009,***,작전용 고무보트,2022,EBB,지상공통전력운영계약팀,일반경쟁,총액제,적격심사제,202204081100,20220408,낙찰
긴급공고,HCC0021,1,11242,***,멀티메타 등 151종 구매,2022,HCC,해군제1수리창,제한경쟁,총액제,적격심사제,202204081030,20220408,낙찰
긴급공고,HCC0020,1,11247,***,결재판 등 376종 구매,2022,HCC,해군제1수리창,제한경쟁,총액제,적격심사제,202204081030,20220408,낙찰
긴급공고,HCC0022,1,11475,***,"표시기, 유량용 등 2종 구매",2022,HCC,해군제1수리창,제한경쟁,총액제,적격심사제,202204081030,20220408,낙찰
긴급공고,HCC0023,1,11480,***,"판, 금속제 등 5종 구매(58)",2022,HCC,해군제1수리창,제한경쟁,총액제,적격심사제,202204081030,20220408,낙찰
긴급공고,HCC0024,1,11485,***,"여과기, 흡입용 등 5종 구매(48)",2022,HCC,해군제1수리창,제한경쟁,총액제,적격심사제,202204081030,20220408,낙찰
긴급공고,HDK0017,1,10151,***,22년 기지 제초용역(POL),2022,HDK,공군제11전투비행단,일반경쟁,총액제,적격심사제,202204081030,20220408,낙찰
긴급공고,HDK0018,1,10194,***,22년 기지제초용역(탄약고),2022,HDK,공군제11전투비행단,일반경쟁,총액제,적격심사제,202204081030,20220408,낙찰
긴급공고,HDK0019,1,10246,***,22년 기지제초용역(일반지역),2022,HDK,공군제11전투비행단,일반경쟁,총액제,적격심사제,202204081030,20220408,낙찰
긴급공고,HDL0005,1,11130,***,22년 정수기 신규 임차 용역(104대),2022,HDL,공군제16전투비행단,제한경쟁,총액제,적격심사제,202204081100,20220408,낙찰
정상공고,LCF0324,1,09587,***,"링,외부 나사식 등 44항목 제조(총포)",2022,LCF,육군군수사령부,제한경쟁,총액제,적격심사제,202204081030,20220408,유찰
정상공고,LCF0325,1,09589,***,소프트케이스 등 34항목 제조(총포),2022,LCF,육군군수사령부,제한경쟁,총액제,적격심사제,202204081030,20220408,낙찰
정상공고,LCF0326,1,09590,***,머리 끈 조립체 등 14항목 제조(총포),2022,LCF,육군군수사령부,제한경쟁,총액제,적격심사제,202204081030,20220408,순위확정
정상공고,LCF0327,1,09591,***,야전배낭(사수) 등 1항목 제조(총포),2022,LCF,육군군수사령부,수의계약,총액제,적격심사제,202204081030,20220408,순위확정
정상공고,LCF0329,1,09593,***,"스프링조립체,갈퀴,소화기용 등 42항목 제조(총포)",2022,LCF,육군군수사령부,제한경쟁,총액제,적격심사제,202204081030,20220408,순위확정
정상공고,LCF0330,1,09594,***,"브래킷,궤도가이드 레일용 등 29항목 제조(총포)",2022,LCF,육군군수사령부,제한경쟁,총액제,적격심사제,202204081030,20220408,순위확정
정상공고,LCF0322,1,10939,***,대대 정찰용 무인항공기 정비(용역),2022,LCF,육군군수사령부,수의계약,총액제,적격심사제,202204081030,20220408,유찰
정상공고,LCF0338,1,11145,***,"부싱, 슬리브형 등 14항목 제조(생산능력, 자주포)",2022,LCF,육군군수사령부,수의계약,총액제,적격심사제,202204081030,20220408,유찰
재공고,LKP0026,2,08519,001,'22년 부처님오신날 경축특식(냉동조각케이크) 제조,2022,LKP,5군수지원사령부,제한경쟁,단가제,적격심사제,202204081100,20220408,낙찰
정상공고,MCD0012,1,09567,***,군 보건의료 발전계획 선행연구,2022,MCD,국방부(운영지원과),수의계약,총액제,최저가격제,202204081030,20220408,유찰
정상공고,MDD0063,1,11106,***,2022 의무장비(환자관찰장치 중앙침상형) 구매계약,2022,MDD,국군수도병원,제한경쟁,총액제,적격심사제,202204081100,20220408,낙찰
정상공고,MFL0004,1,10220,***,무기체계 인공지능 기술적용 JROC 작성지침 개정 연구,2022,MFL,합동참모본부,협상에의한계약(전자),총액제,최저가격제,202204081400,20220408,낙찰
긴급공고,UMM0083,1,03525,***,(227006-H)연합연습 모의지원을 위한 기반체계 구축,2022,UMM,국군재정관리단,협상에의한계약(전자),총액제,최저가격제,202204081400,20220408,낙찰
재공고,HCF0030,2,06315,***,호스조립체 등 56종,2022,HCF,공군군수사령부,제한경쟁,총액제,적격심사제,202204071030,20220407,낙찰
긴급공고,HCF0058,1,08436,***,다중계기,2022,HCF,공군군수사령부,제한경쟁,총액제,적격심사제,202204071030,20220407,낙찰
긴급공고,HCF0059,1,09454,***,기상정보지원기 유지보수,2022,HCF,공군군수사령부,제한경쟁,총액제,적격심사제,202204071030,20220407,낙찰
정정공고,HCF0057,2,09831,***,[시동용 발전기 부품] 주파수 제어기군 등 7종,2022,HCF,공군군수사령부,제한경쟁,총액제,적격심사제,202204071030,20220407,유찰
긴급공고,HCF0005,1,11257,***,"조달-기체(군)-8, 다목적 진동카트",2022,HCF,공군군수사령부,제한경쟁,총액제,적격심사제,202204071130,20220407,낙찰
재공고,LCF0117,2,07365,***,"트레이,장전기-장전판용(트레이)등 27항목 제조(궤도)",2022,LCF,육군군수사령부,수의계약,총액제,적격심사제,202204071030,20220407,유찰
재공고,LCF0152,2,07370,***,브래킷 리셉터클 등 14항목 구매(궤도),2022,LCF,육군군수사령부,제한경쟁,총액제,적격심사제,202204071030,20220407,낙찰
재공고,LCF0142,2,07381,***,하부링조립체 등 4항목 구매(궤도),2022,LCF,육군군수사령부,제한경쟁,총액제,적격심사제,202204071030,20220407,낙찰
재공고,LCF0136,2,07386,***,"실린더,유압완충장치용 등 1항목 구매(궤도)",2022,LCF,육군군수사령부,제한경쟁,총액제,적격심사제,202204071030,20220407,순위확정
재공고,LCF0135,2,07387,***,"완제품 고무,로드휠(천마) 등 4항목 구매(궤도)",2022,LCF,육군군수사령부,제한경쟁,총액제,적격심사제,202204071030,20220407,순위확정
재공고,LCF0171,2,07641,***,"벨트,차량내 안전용 등 20항목 구매(기장)",2022,LCF,육군군수사령부,수의계약,총액제,적격심사제,202204071030,20220407,유찰
재공고,LCF0163,2,07650,***,"플러그,파이프용 등 24항목 구매(기장)",2022,LCF,육군군수사령부,제한경쟁,총액제,적격심사제,202204071030,20220407,순위확정
재공고,LCF0221,3,08373,***,"링,지지용 등 7항목 제조(생산능력,자주포)",2022,LCF,육군군수사령부,수의계약,총액제,적격심사제,202204071030,20220407,유찰
재공고,LCF0269,2,08647,***,"베어링,롤러식 등 31항목 제조(생산능력,궤도)",2022,LCF,육군군수사령부,수의계약,총액제,적격심사제,202204071030,20220407,유찰
재공고,LCF0266,3,09634,***,"삽입기, 나사용 등 767항목 제조(자주포)",2022,LCF,육군군수사령부,수의계약,총액제,적격심사제,202204071030,20220407,유찰
긴급공고,LCF0066,1,11271,***,22년 폐리튬전지 위탁처리 용역,2022,LCF,육군군수사령부,수의계약,총액제,적격심사제,202204071100,20220407,유찰
긴급공고,LCP0013,1,10794,***,항공 관제용 U/VHF 무전기 외주정비 용역,2022,LCP,육군항공사령부,일반경쟁,총액제,적격심사제,202204071100,20220407,낙찰
긴급공고,LFC0034,1,11068,***,22년 육군훈련소 생수(500ml)구매,2022,LFC,육군훈련소,일반경쟁,총액제,적격심사제,202204071030,20220407,낙찰
재공고,LFK0011,2,08162,001,22년 장거리이동 특기병 도시락 제조 구매,2022,LFK,육군종합군수학교,2단계경쟁(동시),단가제,최저가격제,202204071000,20220407,낙찰
재공고,LNT0014,2,09875,***,22~24년 정수기 임차 용역,2022,LNT,제28보병사단,수의계약,총액제,적격심사제,202204071030,20220407,유찰
재공고,MDG0036,2,03396,***,22년 의무장비(원심분리기 소형 혈액은행용) 구매,2022,MDG,국군의무사령부,제한경쟁,총액제,적격심사제,202204071100,20220407,유찰
정상공고,SCG0039,1,07344,***,21세기형 선진해군문화 연구,2022,SCG,해군본부,2단계경쟁(동시),총액제,최저가격제,202204071000,20220407,유찰
긴급공고,SFC0050,1,11160,***,22-해병-복지시설 정수기 임차 용역,2022,SFC,제9691부대,제한경쟁,총액제,적격심사제,202204071100,20220407,낙찰
정상공고,UMM0216,1,06651,***,22~25-해-드림빌 간부숙소 정수기(106대) 임차용역,2022,UMM,국군재정관리단,제한경쟁,총액제,적격심사제,202204071100,20220407,낙찰
정상공고,UMM0134,1,06741,***,(227103-F)치과재료 166종 구매,2022,UMM,국군재정관리단,제한경쟁,총액제,적격심사제,202204071100,20220407,낙찰
긴급공고,UMM0166,1,06842,***,22년 공군 국가관 함양교육 용역,2022,UMM,국군재정관리단,2단계경쟁(동시),총액제,최저가격제,202204071100,20220407,낙찰
정상공고,UMM0214,1,07144,***,22-해-체력딘련장 농약 25종 구매,2022,UMM,국군재정관리단,제한경쟁,총액제,적격심사제,202204071100,20220407,낙찰
정상공고,UMM0215,1,07281,***,"22-공-초음파식, 시험세트 구매",2022,UMM,국군재정관리단,제한경쟁,총액제,적격심사제,202204071100,20220407,낙찰
정상공고,UMM0213,1,07298,***,22-공-신호용발생기 구매,2022,UMM,국군재정관리단,제한경쟁,총액제,적격심사제,202204071100,20220407,낙찰
정상공고,UMM0137,1,10047,***,(226042-C) 강하기구 헬륨가스 구매,2022,UMM,국군재정관리단,일반경쟁,총액제,적격심사제,202204071100,20220407,낙찰
정상공고,UMM0135,1,10756,***,(22F043-I) 22년 자동화 창고 유지관리 용역,2022,UMM,국군재정관리단,일반경쟁,총액제,적격심사제,202204071100,20220407,유찰
긴급공고,HCF0056,1,09863,***,목재 제조,2022,HCF,공군군수사령부,제한경쟁,총액제,적격심사제,202204061030,20220406,낙찰
긴급공고,HCF0004,1,10590,***,"22-조달-제작-4, 동력 절단용 톱",2022,HCF,공군군수사령부,제한경쟁,총액제,적격심사제,202204061130,20220406,낙찰
정정공고,HCF0054,2,10660,***,취사용 고무장갑 구매,2022,HCF,공군군수사령부,제한경쟁,총액제,적격심사제,202204061030,20220406,낙찰
긴급공고,HCF0055,1,10904,***,총기보관함 2종 제조,2022,HCF,공군군수사령부,제한경쟁,총액제,적격심사제,202204061030,20220406,낙찰
정상공고,HCR0007,1,09725,***,공기청정기 필터 5종 제조· 구매(22-049),2022,HCR,공군제15특수임무비행단,제한경쟁,총액제,적격심사제,202204061030,20220406,낙찰
긴급공고,HDK0014,1,09720,***,광성회관 식자재 및 소모품 구매,2022,HDK,공군제11전투비행단,일반경쟁,총액제,적격심사제,202204061330,20220406,낙찰
정상공고,HDQ0031,1,10311,***,20비 공기청정기 필터 등 4종 구매,2022,HDQ,제20전투비행단,일반경쟁,총액제,적격심사제,202204061100,20220406,낙찰
정상공고,HDQ0038,1,10818,***,20비 정비사 정비용 부스 대기실 구매제조,2022,HDQ,제20전투비행단,일반경쟁,총액제,적격심사제,202204061100,20220406,낙찰
정상공고,LCF0061,1,05035,***,송풍기 등 2항목 구매(화생방 수리부속),2022,LCF,육군군수사령부,제한경쟁,총액제,적격심사제,202204061030,20220406,유찰
정상공고,LCF0063,1,05066,***,일체형 수통마개 등 3항목 구매(화생방수리부속),2022,LCF,육군군수사령부,제한경쟁,총액제,적격심사제,202204061030,20220406,낙찰
정상공고,LCF0060,1,05076,***,정화통 연결쇠 뭉치 등 48항목 구매(화생방수리부속),2022,LCF,육군군수사령부,제한경쟁,총액제,적격심사제,202204061030,20220406,유찰
정상공고,LCF0058,1,05151,***,DC 모터 등 75항목 구매(화생방수리부속),2022,LCF,육군군수사령부,제한경쟁,총액제,적격심사제,202204061030,20220406,유찰
정상공고,LCF0059,1,05214,***,엔진 가솔린 식 등 25항목 구매(화생방수리부속),2022,LCF,육군군수사령부,제한경쟁,총액제,적격심사제,202204061030,20220406,낙찰
정상공고,LCF0062,1,05227,***,배선장치 등 20항목 구매(화생방수리부속),2022,LCF,육군군수사령부,제한경쟁,총액제,적격심사제,202204061030,20220406,낙찰
정상공고,LCF0054,1,05325,***,수레 수동식 등 4항목 구매(일반물자),2022,LCF,육군군수사령부,제한경쟁,총액제,적격심사제,202204061030,20220406,순위확정
정상공고,LCF0055,1,05331,***,가스자동밥솥 등 3항목 구매(일반물자),2022,LCF,육군군수사령부,제한경쟁,총액제,적격심사제,202204061030,20220406,유찰
정상공고,LCF0056,1,06284,***,전지 재충전 불가식 등 2항목 구매(일반물자),2022,LCF,육군군수사령부,제한경쟁,총액제,적격심사제,202204061030,20220406,순위확정
재공고,LCF0050,2,06749,***,에너지 완충기 등 7항목 구매(항공),2022,LCF,육군군수사령부,일반경쟁,총액제,적격심사제,202204061130,20220406,유찰
재공고,LCF0257,2,07394,***,"챠트,시력검사용 등 10항목 구매(의무)",2022,LCF,육군군수사령부,제한경쟁,총액제,적격심사제,202204061130,20220406,유찰
재공고,LCF0165,2,07648,***,"판,연결용,예열 플러그용 등 17항목 구매(기장)",2022,LCF,육군군수사령부,제한경쟁,총액제,적격심사제,202204061030,20220406,순위확정
재공고,LCF0159,2,07654,***,호스 등 39항목 구매(기장),2022,LCF,육군군수사령부,제한경쟁,총액제,적격심사제,202204061030,20220406,순위확정
재공고,LCF0158,2,07655,***,"플러그,파이프용 등 5항목 구매(기장)",2022,LCF,육군군수사령부,제한경쟁,총액제,적격심사제,202204061030,20220406,유찰
재공고,LCF0156,2,07657,***,"플랩,내측 튜브용,공기 타이어용 등 7항목 구매(기장)",2022,LCF,육군군수사령부,제한경쟁,총액제,적격심사제,202204061030,20220406,순위확정
재공고,LCF0155,2,07658,***,"유리,접합형 등 3항목 구매(기장)",2022,LCF,육군군수사령부,제한경쟁,총액제,적격심사제,202204061030,20220406,유찰
재공고,LCF0222,2,08374,***,"배선장치,갈래형 등 7항목 제조(생산능력,자주포)",2022,LCF,육군군수사령부,제한경쟁,총액제,적격심사제,202204061030,20220406,순위확정
재공고,LCF0260,2,09295,***,"립스틱,트임방지용 4~6G 1품목 구매(의무)",2022,LCF,육군군수사령부,수의계약,총액제,적격심사제,202204061130,20220406,유찰
정상공고,LCF0321,1,09600,***,"링,지지용 등 161항목 구매(총포)",2022,LCF,육군군수사령부,제한경쟁,총액제,적격심사제,202204061030,20220406,낙찰
정상공고,LCF0320,1,09601,***,"덮개,포구용 등 10항목 구매(총포)",2022,LCF,육군군수사령부,제한경쟁,총액제,적격심사제,202204061030,20220406,낙찰
정상공고,LCF0319,1,09602,***,"베어링,롤러식,스러스트형 등 17항목 구매(총포)",2022,LCF,육군군수사령부,제한경쟁,총액제,적격심사제,202204061030,20220406,낙찰
정상공고,LCF0318,1,09603,***,"손잡이,밝기조절용 등 15항목 구매(총포)",2022,LCF,육군군수사령부,제한경쟁,총액제,적격심사제,202204061030,20220406,순위확정
정상공고,LCF0317,1,09605,***,"장치대,망원경용 등 69항목 구매(총포)",2022,LCF,육군군수사령부,제한경쟁,총액제,적격심사제,202204061030,20220406,순위확정
정상공고,LCF0316,1,09606,***,"케이스 조립체, 운반용 등 4항목 구매(총포)",2022,LCF,육군군수사령부,제한경쟁,총액제,적격심사제,202204061030,20220406,순위확정
정상공고,LCF0315,1,09607,***,"마스크,안면용,야간관측용 등 8항목 구매(총포)",2022,LCF,육군군수사령부,제한경쟁,총액제,적격심사제,202204061030,20220406,순위확정
정상공고,LCF0314,1,09608,***,좌측 덮개 조립체 등 25항목 구매(총포),2022,LCF,육군군수사령부,제한경쟁,총액제,적격심사제,202204061030,20220406,낙찰
정상공고,LCF0313,1,09609,***,"분도기,반원형 등 9항목 구매(총포)",2022,LCF,육군군수사령부,제한경쟁,총액제,적격심사제,202204061030,20220406,순위확정
정상공고,LCF0312,1,09610,***,"케이스,광학기구용 등 6항목 구매(총포)",2022,LCF,육군군수사령부,제한경쟁,총액제,적격심사제,202204061030,20220406,순위확정
정상공고,LCF0311,1,10537,***,받침 고무 조립체 등 6항목 구매(총포),2022,LCF,육군군수사령부,제한경쟁,총액제,적격심사제,202204061030,20220406,순위확정
정상공고,LDG0021,1,09673,***,탄약정비용 안전보호용품(안전모 등 21개 품목),2022,LDG,육군 탄약지원사령부,제한경쟁,총액제,적격심사제,202204061030,20220406,낙찰
정상공고,LIK0070,1,10428,001,'22-1차 폐목재 위탁처리 용역,2022,LIK,제2군수지원여단,일반경쟁,단가제,적격심사제,202204061030,20220406,낙찰
긴급공고,LKS0034,1,11103,***,'22년 해외공연 항공화물(군악기류) 수송용역,2022,LKS,육군인사사령부,제한경쟁,총액제,적격심사제,202204061030,20220406,유찰
긴급공고,MCD0010,1,08718,***,22년 서울안보대화 프로그램 기획 및 발전방향 연구,2022,MCD,국방부(운영지원과),수의계약,총액제,최저가격제,202204061000,20220406,유찰
긴급공고,MDS0006,1,11098,***,광 전송장비 구매ㆍ설치,2022,MDS,제3707부대,제한경쟁,총액제,적격심사제,202204061030,20220406,낙찰
정상공고,MHD0018,1,05017,***,'22년 군 감항인증 전문교육과정 위탁사업,2022,MHD,방위사업청(운영지원과),협상에의한계약(전자),총액제,최저가격제,202204061500,20220406,낙찰
긴급공고,SCI0018,1,07004,***,잠수함 승조원 티셔츠 제조 납품,2022,SCI,제9121부대,2단계경쟁(동시),총액제,최저가격제,202204061030,20220406,낙찰
정상공고,UMM0088,1,04348,***,22-해병 서북/서측도서 소규모 순회 문화공연 용역,2022,UMM,국군재정관리단,2단계경쟁(동시),총액제,최저가격제,202204061100,20220406,낙찰
정상공고,UMM0212,1,05769,***,22-국-00사 가구 제조설치,2022,UMM,국군재정관리단,제한경쟁,총액제,적격심사제,202204061100,20220406,낙찰
정상공고,UMM0211,1,06307,***,22-공-종이걸레 등 2종 구매,2022,UMM,국군재정관리단,일반경쟁,총액제,적격심사제,202204061100,20220406,낙찰
정상공고,UMM0210,1,08936,***,22-해-국내해도(대한민국) 등 450종 구매,2022,UMM,국군재정관리단,수의계약,총액제,적격심사제,202204061100,20220406,유찰
정상공고,EBB0005,1,1570,***,고압호스,2022,EBB,지상공통전력운영계약팀,수의계약,총액제,적격심사제,202204051100,20220405,유찰
재공고,EKA0003,3,5500,***,10톤 상용구난차,2022,EKA,기동총괄계약팀,수의계약,총액제,적격심사제,202204051030,20220405,유찰
재공고,ELA0002,2,3002,***,"트럭, 수송용(81mm박격포-II용 후속)",2022,ELA,화력총괄계약팀,수의계약,총액제,적격심사제,202204051500,20220405,유찰
재공고,HCF0043,2,06891,***,FA/TA-50 소프트웨어개발장비(SWMF) 유지보수,2022,HCF,공군군수사령부,제한경쟁,총액제,적격심사제,202204051030,20220405,낙찰
긴급공고,HCF0051,1,09256,***,'22년~'23년 C-130 볼스크류 조립체 외주정비,2022,HCF,공군군수사령부,수의계약,총액제,적격심사제,202204051030,20220405,유찰
긴급공고,HCF0050,1,09270,***,방공관제레이더(AN/FPS-117K) 증폭기 외주정비,2022,HCF,공군군수사령부,수의계약,총액제,적격심사제,202204051030,20220405,유찰
긴급공고,HCF0052,1,09286,***,'22년~'23년 (K)F-16 ADVR 부품 외주정비,2022,HCF,공군군수사령부,수의계약,총액제,적격심사제,202204051030,20220405,유찰
긴급공고,HCF0053,1,09747,***,상층대기분석장비 유지보수,2022,HCF,공군군수사령부,제한경쟁,총액제,적격심사제,202204051030,20220405,낙찰
긴급공고,HCF0002,1,10408,***,"22-조달-기체(군)-4, 2톤 지게차(전지포크형)",2022,HCF,공군군수사령부,제한경쟁,총액제,적격심사제,202204051130,20220405,낙찰
긴급공고,HDP0016,1,10418,***,라인지역 제초 유지관리용역,2022,HDP,공군제19전투비행단,제한경쟁,총액제,적격심사제,202204051100,20220405,낙찰
정상공고,LBA0063,1,09858,***,'22년 화공가스 구매 및 용기검사,2022,LBA,제 2167부대,제한경쟁,총액제,적격심사제,202204051030,20220405,낙찰
재공고,LCF0028,2,03977,***,환자용 옷장(침상형) 등 5항목 구매(의무),2022,LCF,육군군수사령부,제한경쟁,총액제,적격심사제,202204051130,20220405,낙찰
재공고,LCF0046,2,04783,***,통신장비 케이블류 등 9항목 구매(통신),2022,LCF,육군군수사령부,제한경쟁,총액제,적격심사제,202204051130,20220405,순위확정
재공고,LCF0045,2,04788,***,통신장비 방향기 보호캡 등 15항목 구매(통신),2022,LCF,육군군수사령부,제한경쟁,총액제,적격심사제,202204051130,20220405,순위확정
재공고,LCF0051,2,06202,***,"프로펠러,항공기용 등 61항목 구매(항공)",2022,LCF,육군군수사령부,일반경쟁,총액제,적격심사제,202204051130,20220405,순위확정
재공고,LCF0061,2,06476,***,"리벳,폐쇄형 등 3항목 구매(항공)",2022,LCF,육군군수사령부,제한경쟁,총액제,적격심사제,202204051130,20220405,유찰
정상공고,LCF0309,1,07653,***,"퓨즈,밀폐관형 등 12항목 구매(기장)",2022,LCF,육군군수사령부,제한경쟁,총액제,적격심사제,202204051430,20220405,순위확정
재공고,LCF0204,2,07850,***,"실,공기제동기용 등 7항목 제조(생산능력, 기장)",2022,LCF,육군군수사령부,수의계약,총액제,적격심사제,202204051430,20220405,유찰
재공고,LCF0203,2,07851,***,"만곡부,차량지붕용 등 14항목 제조(생산능력, 기장)",2022,LCF,육군군수사령부,제한경쟁,총액제,적격심사제,202204051430,20220405,유찰
정정공고,LCF0199,3,07852,***,"엘보,튜브용 등 44항목 제조(생산능력, 일장)",2022,LCF,육군군수사령부,제한경쟁,총액제,적격심사제,202204051430,20220405,낙찰
재공고,LCF0197,2,07853,***,"펌프,유압펌프식 등 45항목 제조(생산능력, 일장)",2022,LCF,육군군수사령부,수의계약,총액제,적격심사제,202204051430,20220405,유찰
재공고,LCF0196,2,07854,***,"프로펠러 축,비차량 등 15항목 제조(생산능력, 일장)",2022,LCF,육군군수사령부,수의계약,총액제,적격심사제,202204051430,20220405,유찰
재공고,LCF0195,2,07855,***,"개스킷 등 71항목 제조(생산능력, 일장)",2022,LCF,육군군수사령부,제한경쟁,총액제,적격심사제,202204051430,20220405,유찰
재공고,LCF0210,2,07856,***,"밸브,조절용,유압식 등 5항목 제조(생산능력, 일장)",2022,LCF,육군군수사령부,수의계약,총액제,적격심사제,202204051430,20220405,유찰
재공고,LCF0194,2,07857,***,"잠망경 하부조립체 등 2항목 제조(생산능력, 일장)",2022,LCF,육군군수사령부,수의계약,총액제,적격심사제,202204051430,20220405,유찰
재공고,LCF0193,2,07859,***,"기어,전동장치용 등 29항목 제조(생산능력, 일장)",2022,LCF,육군군수사령부,수의계약,총액제,적격심사제,202204051430,20220405,유찰
재공고,LCF0191,2,07861,***,"뚜껑,압력용 등 30항목 제조(생산능력, 일장)",2022,LCF,육군군수사령부,제한경쟁,총액제,적격심사제,202204051430,20220405,낙찰
재공고,LCF0185,2,07863,***,"밸브,연료 장치용 등 4항목 제조(생산능력, 일장)",2022,LCF,육군군수사령부,수의계약,총액제,적격심사제,202204051430,20220405,유찰
재공고,LCF0184,2,07864,***,"핀,직선형,유두형 등 325항목 제조(생산능력, 일장)",2022,LCF,육군군수사령부,수의계약,총액제,적격심사제,202204051430,20220405,유찰
재공고,LCF0187,2,07869,***,"어댑터,직선형,튜브 등 43항목 제조(생산능력, 일장)",2022,LCF,육군군수사령부,수의계약,총액제,적격심사제,202204051430,20220405,유찰
재공고,LCF0186,2,07870,***,"공구,시험용 등 40항목 제조(생산능력, 일장)",2022,LCF,육군군수사령부,수의계약,총액제,적격심사제,202204051430,20220405,유찰
재공고,LCF0227,2,08355,***,"너트,슬리브용 등 19항목 제조(생산능력,총포)",2022,LCF,육군군수사령부,수의계약,총액제,적격심사제,202204051030,20220405,유찰
재공고,LCF0228,2,08356,***,"베어링,볼형,환상형 등 1항목 제조(생산능력,총포)",2022,LCF,육군군수사령부,수의계약,총액제,적격심사제,202204051030,20220405,유찰
재공고,LCF0229,2,08357,***,"튜브 조립체,금속제 등 4항목 제조(생산능력,총포)",2022,LCF,육군군수사령부,수의계약,총액제,적격심사제,202204051030,20220405,유찰
재공고,LCF0230,2,08358,***,"축 등 4항목 제조(생산능력,총포)",2022,LCF,육군군수사령부,수의계약,총액제,적격심사제,202204051030,20220405,유찰
재공고,LCF0231,2,08359,***,"판,지지용,축용 등 2항목 제조(생산능력,총포)",2022,LCF,육군군수사령부,수의계약,총액제,적격심사제,202204051030,20220405,유찰
재공고,LCF0232,2,08360,***,"로드 조립체,연결용 등 22항목 제조(생산능력,총포)",2022,LCF,육군군수사령부,제한경쟁,총액제,적격심사제,202204051030,20220405,유찰
재공고,LCF0212,2,08365,***,"슬라이드,방향제어 등 9항목제조(생산능력,자주포)",2022,LCF,육군군수사령부,수의계약,총액제,적격심사제,202204051030,20220405,유찰
재공고,LCF0214,2,08367,***,"기어,나선형 등 14항목 제조(생산능력,자주포)",2022,LCF,육군군수사령부,수의계약,총액제,적격심사제,202204051030,20220405,유찰
재공고,LCF0216,2,08369,***,"롤러,베어링용 등 6항목 제조(생산능력,자주포)",2022,LCF,육군군수사령부,수의계약,총액제,적격심사제,202204051030,20220405,유찰
재공고,LCF0219,2,08371,***,"니플,튜브용 등 93항목 제조(생산능력,자주포)",2022,LCF,육군군수사령부,수의계약,총액제,적격심사제,202204051030,20220405,유찰
재공고,LCF0220,2,08372,***,"호스,공기통용 등 26항목 제조(생산능력,자주포)",2022,LCF,육군군수사령부,수의계약,총액제,적격심사제,202204051030,20220405,유찰
재공고,LCF0209,2,08979,***,"노즐,앞유리창 등 36항목 제조(생산능력, 기장)",2022,LCF,육군군수사령부,수의계약,총액제,적격심사제,202204051430,20220405,유찰
재공고,LCF0208,2,08993,***,"실린더조립체,차륜용 등 8항목 제조(생산능력,기장)",2022,LCF,육군군수사령부,수의계약,총액제,적격심사제,202204051430,20220405,유찰
재공고,LCF0224,2,09131,***,"리테이너 및 롤러용 등 8항목 제조(생산능력,총포)",2022,LCF,육군군수사령부,수의계약,총액제,적격심사제,202204051030,20220405,유찰
재공고,LCF0225,2,09132,***,"간,조준용 등 23항목 제조(생산능력,총포)",2022,LCF,육군군수사령부,제한경쟁,총액제,적격심사제,202204051030,20220405,낙찰
재공고,LCF0226,2,09133,***,"안전장치,인원보호용 등 71항목 제조(생산능력,총포)",2022,LCF,육군군수사령부,수의계약,총액제,적격심사제,202204051030,20220405,유찰
정상공고,LCF0308,1,09140,***,브라켓 조립체 등 6항목 구매(기장),2022,LCF,육군군수사령부,제한경쟁,총액제,적격심사제,202204051430,20220405,순위확정
정상공고,LCF0307,1,09141,***,"U자형 고리,겹판 스프링 등 7항목 구매(기장)",2022,LCF,육군군수사령부,제한경쟁,총액제,적격심사제,202204051430,20220405,순위확정
정상공고,LCF0306,1,09142,***,"베어링,슬리브형 등 3항목 구매(기장)",2022,LCF,육군군수사령부,제한경쟁,총액제,적격심사제,202204051430,20220405,낙찰
정상공고,LCF0305,1,09143,***,"케이블 조립체,엔진용 등 4항목 구매(기장)",2022,LCF,육군군수사령부,제한경쟁,총액제,적격심사제,202204051430,20220405,순위확정
정상공고,LCF0304,1,09146,***,지지대 범퍼 등 88항목 구매(기장),2022,LCF,육군군수사령부,제한경쟁,총액제,적격심사제,202204051430,20220405,낙찰
정상공고,LCF0303,1,09147,***,"베어링,클러치 릴리이스용 등 9항목 구매(기장)",2022,LCF,육군군수사령부,제한경쟁,총액제,적격심사제,202204051430,20220405,낙찰
정상공고,LCF0301,1,09149,***,"펌프,진공식 등 39항목 구매(기장)",2022,LCF,육군군수사령부,제한경쟁,총액제,적격심사제,202204051430,20220405,순위확정
정상공고,LCF0302,1,09150,***,"호스,진공용 등 5항목 구매(기장)",2022,LCF,육군군수사령부,제한경쟁,총액제,적격심사제,202204051430,20220405,순위확정
정상공고,LCF0300,1,09151,***,"전동기,와이퍼용,전기식 등 6항목 구매(기장)",2022,LCF,육군군수사령부,제한경쟁,총액제,적격심사제,202204051430,20220405,순위확정
정상공고,LCF0299,1,09153,***,"후방카메라세트, 표준차량용 등 3항목 구매(기장)",2022,LCF,육군군수사령부,제한경쟁,총액제,적격심사제,202204051430,20220405,낙찰
정상공고,LCF0297,1,09241,***,브레이크시험기 등 8항목 제조(기장),2022,LCF,육군군수사령부,제한경쟁,총액제,적격심사제,202204051430,20220405,유찰
정상공고,LCF0290,1,09418,***,통신쉘터 외주정비(용역),2022,LCF,육군군수사령부,수의계약,총액제,적격심사제,202204051030,20220405,유찰
정상공고,LCF0287,1,09424,***,통신쉘터 냉난방기 외주정비(용역),2022,LCF,육군군수사령부,수의계약,총액제,적격심사제,202204051030,20220405,유찰
정상공고,LCF0295,1,09439,***,심전도계 동물용 등 12항목 구매(의무),2022,LCF,육군군수사령부,제한경쟁,총액제,적격심사제,202204051130,20220405,낙찰
정상공고,LCF0284,1,09447,***,무선망관리체계 외주정비(용역),2022,LCF,육군군수사령부,수의계약,총액제,적격심사제,202204051030,20220405,유찰
정상공고,LCF0283,1,09452,***,ATCIS장비 외주정비(용역),2022,LCF,육군군수사령부,제한경쟁,총액제,적격심사제,202204051030,20220405,낙찰
정상공고,LCF0296,1,09461,***,청력계 자동식 등 17항목 구매(의무),2022,LCF,육군군수사령부,제한경쟁,총액제,적격심사제,202204051130,20220405,낙찰
정상공고,LCF0282,1,09474,***,견인치료기경요추용 등 15항목 구매(의무),2022,LCF,육군군수사령부,제한경쟁,총액제,적격심사제,202204051130,20220405,낙찰
정상공고,LCF0286,1,09479,***,산소포화도측정기 이동용 등 22항목 구매(의무),2022,LCF,육군군수사령부,제한경쟁,총액제,적격심사제,202204051130,20220405,낙찰
정상공고,LCF0288,1,09485,***,환자관찰장치 등 17항목 구매(의무),2022,LCF,육군군수사령부,제한경쟁,총액제,적격심사제,202204051130,20220405,낙찰
정상공고,LCF0289,1,09495,***,균질기 등 16항목 구매(의무),2022,LCF,육군군수사령부,제한경쟁,총액제,적격심사제,202204051130,20220405,낙찰
정상공고,LCF0291,1,09501,***,조직분쇄기 등 8항목 구매(의무),2022,LCF,육군군수사령부,제한경쟁,총액제,적격심사제,202204051130,20220405,낙찰
정상공고,LCF0292,1,09507,***,DNA정량분석기 등 7항목 구매(의무),2022,LCF,육군군수사령부,제한경쟁,총액제,적격심사제,202204051130,20220405,순위확정
정상공고,LCF0294,1,09515,***,자동뇨검사기 등 6항목 구매(의무),2022,LCF,육군군수사령부,제한경쟁,총액제,적격심사제,202204051130,20220405,낙찰
정상공고,LCF0293,1,09523,***,중금속 가열분석기 등 1항목 구매(의무),2022,LCF,육군군수사령부,제한경쟁,총액제,적격심사제,202204051130,20220405,낙찰
정상공고,LCF0298,1,10230,***,"그로밋,비금속제 등 94항목 제조(생산능력, 기장)",2022,LCF,육군군수사령부,수의계약,총액제,적격심사제,202204051430,20220405,유찰
정정공고,LCG0034,2,10094,***,00사단 관사 이전사업 선행연구 용역,2022,LCG,육군본부,제한경쟁,총액제,적격심사제,202204051030,20220405,낙찰
재공고,LDG0018,2,08391,***,'22년 선형가속기 시스템 외주정비,2022,LDG,육군 탄약지원사령부,일반경쟁,총액제,적격심사제,202204051030,20220405,낙찰
재공고,LDH0180,2,04648,***,K1계열전차 포탑회로망상자 시험장비 개발 연구용역,2022,LDH,육군종합정비창,2단계경쟁(동시),총액제,최저가격제,202204051300,20220405,유찰
정상공고,LDH0286,1,08392,***,TAS-815K 레이저거리측정기 시험장비 개발 연구용역,2022,LDH,육군종합정비창,수의계약,총액제,최저가격제,202204051300,20220405,유찰
재공고,LDH0287,2,08573,***,부품제작자재 고무로프 등 97종 구매,2022,LDH,육군종합정비창,수의계약,총액제,적격심사제,202204051300,20220405,유찰
재공고,LDH0292,2,08879,***,탐지레이더 가스켓 등 44종 구매,2022,LDH,육군종합정비창,수의계약,총액제,적격심사제,202204051300,20220405,유찰
정상공고,LDH0318,1,10028,***,22-3차 정비용 장비 부품 구매,2022,LDH,육군종합정비창,제한경쟁,총액제,적격심사제,202204051300,20220405,낙찰
긴급공고,LFH0003,1,10586,***,22년 후보생 증식(우유 등) 구매,2022,LFH,육군부사관학교,제한경쟁,총액제,적격심사제,202204051100,20220405,낙찰
재공고,LKT0011,2,09715,***,22년 주거시설 싱크대 설치납품,2022,LKT,제1989부대,제한경쟁,총액제,적격심사제,202204051030,20220405,유찰
긴급공고,LKT0012,1,10391,***,'22년 5월 부대조달 급식품목(미트볼) 제조/구매,2022,LKT,제1989부대,수의계약,총액제,적격심사제,202204051030,20220405,유찰
긴급공고,LKT0013,1,10395,***,'22년 5월 부대조달 급식품목(탕수육) 제조/구매,2022,LKT,제1989부대,제한경쟁,총액제,적격심사제,202204051030,20220405,낙찰
정정공고,MCD0011,2,08904,***,군 작업환경 및 작업자 보건관리 훈령 발전연구,2022,MCD,국방부(운영지원과),협상에의한계약(전자),총액제,최저가격제,202204051030,20220405,낙찰
정상공고,MDG0076,1,06499,***,22년 의무장비(엑스선기 전치아 동시촬영용) 구매,2022,MDG,국군의무사령부,2단계경쟁(동시),총액제,최저가격제,202204051530,20220405,낙찰
정상공고,MDG0080,1,10080,***,'22년 특수수술재료 구매 (임플란트3),2022,MDG,국군의무사령부,수의계약,총액제,적격심사제,202204051100,20220405,유찰
긴급공고,MDS0004,1,10364,***,00체계 수리부속 구매(전원공급기 등 17종),2022,MDS,제3707부대,제한경쟁,총액제,적격심사제,202204051030,20220405,낙찰
긴급공고,MHD0021,1,07791,***,K105A1자주포 경미한 성능개량 사업분석,2022,MHD,방위사업청(운영지원과),협상에의한계약(전자),총액제,최저가격제,202204051500,20220405,낙찰
긴급공고,MHD0025,1,09550,***,방위사업 원가계산 외부용역(4차),2022,MHD,방위사업청(운영지원과),협상에의한계약(전자),총액제,최저가격제,202204051500,20220405,낙찰
정상공고,MHP0007,1,10261,***,유해발굴장병 단체보험,2022,MHP,국방부유해발굴감식단,일반경쟁,총액제,적격심사제,202204051030,20220405,낙찰
긴급공고,SCF0021,1,04281,***,'22~'24년 함정용 위성방송 수신안테나 유지보수 용역,2022,SCF,해군군수사령부,수의계약,총액제,적격심사제,202204051030,20220405,유찰
긴급공고,SCF0121,1,05478,***,방송스테이션 등 14종 구매,2022,SCF,해군군수사령부,일반경쟁,총액제,적격심사제,202204051030,20220405,낙찰
긴급공고,SCF0125,1,05484,***,"송신기군, 습도-온도 측정용 1종 구매",2022,SCF,해군군수사령부,제한경쟁,총액제,적격심사제,202204051030,20220405,낙찰
긴급공고,SCF0122,1,05530,***,"암, 추출기, 좌측용 등 6종 구매",2022,SCF,해군군수사령부,제한경쟁,총액제,적격심사제,202204051030,20220405,순위확정
재공고,SCF0101,2,05535,***,"덮개, 발사대용 등 4종 구매",2022,SCF,해군군수사령부,제한경쟁,총액제,적격심사제,202204051030,20220405,낙찰
재공고,SCF0099,2,05701,***,금속제 바 1종 구매,2022,SCF,해군군수사령부,제한경쟁,총액제,적격심사제,202204051030,20220405,유찰
긴급공고,SCF0124,1,05740,***,기화기 조립체 등 6종 구매,2022,SCF,해군군수사령부,제한경쟁,총액제,적격심사제,202204051030,20220405,유찰
긴급공고,SCF0023,1,07454,***,수중청음기(수중음파탐지기용) 부품정비,2022,SCF,해군군수사령부,일반경쟁,총액제,적격심사제,202204051030,20220405,낙찰
긴급공고,SCF0126,1,08313,***,복사용지 등 134종 구매,2022,SCF,해군군수사령부,제한경쟁,총액제,적격심사제,202204051030,20220405,낙찰
긴급공고,SCF0123,1,09010,***,"링, 피스톤용 등 10종 구매",2022,SCF,해군군수사령부,제한경쟁,총액제,적격심사제,202204051030,20220405,낙찰
긴급공고,SCF0022,1,09309,***,기지용 감압실(TDS-I) 안전도검사 용역,2022,SCF,해군군수사령부,수의계약,총액제,적격심사제,202204051030,20220405,유찰
긴급공고,SCU0014,1,10862,***,22-0전단 재초관리용역,2022,SCU,해군 기동함대사령부,제한경쟁,총액제,적격심사제,202204051100,20220405,낙찰
긴급공고,SFC0046,1,10493,***,22-덕-공기청정기 필터 제조 구매,2022,SFC,제9691부대,제한경쟁,총액제,적격심사제,202204051100,20220405,낙찰
긴급공고,SFC0047,1,10501,***,해병-국민안보공감대 홍보품 구매,2022,SFC,제9691부대,제한경쟁,총액제,적격심사제,202204051100,20220405,낙찰
재공고,UAC0013,2,07518,***,2022년 정보화장비 통합 유지보수 용역,2022,UAC,국방출판지원단,제한경쟁,총액제,적격심사제,202204051100,20220405,낙찰
재공고,UMM0120,2,04336,***,22-해-포신약실검사장비 제조,2022,UMM,국군재정관리단,수의계약,총액제,적격심사제,202204051100,20220405,유찰
재공고,UMM0185,2,05550,***,22-평 함정 및 유해환경근무자 특수건강검진 용역,2022,UMM,국군재정관리단,일반경쟁,총액제,적격심사제,202204051100,20220405,낙찰
긴급공고,UMM0136,1,05911,***,(22G045-I) 2022년 00부대 조경관리 용역,2022,UMM,국군재정관리단,제한경쟁,총액제,적격심사제,202204051100,20220405,낙찰
정상공고,UMM0207,1,07217,***,22-공-전기식 금속 결함 탐지기 구매,2022,UMM,국군재정관리단,제한경쟁,총액제,적격심사제,202204051100,20220405,낙찰
긴급공고,UMM0132,1,07628,***,'22년 육로 수송용역(여객서부),2022,UMM,국군재정관리단,일반경쟁,총액제,적격심사제,202204051100,20220405,낙찰
긴급공고,UMM0130,1,07740,***,'22년 육로 수송용역(여객동부),2022,UMM,국군재정관리단,일반경쟁,총액제,적격심사제,202204051100,20220405,낙찰
정상공고,UMM0208,1,09915,***,"22-해-원심식 펌프(2.0㎥/hr, 9 GPM) 제조",2022,UMM,국군재정관리단,제한경쟁,총액제,적격심사제,202204051100,20220405,낙찰
정상공고,UMM0209,1,09992,***,22-해-유해환경근무자 특수검진용역,2022,UMM,국군재정관리단,일반경쟁,총액제,적격심사제,202204051100,20220405,유찰
정상공고,UMM0205,1,10085,***,22-SALS-K 탄약 수송용역(22K006-H),2022,UMM,국군재정관리단,일반경쟁,총액제,적격심사제,202204051100,20220405,낙찰
긴급공고,HCS0013,1,09508,***,(조달) 22-1-026 스틸그레이팅 등 10품목 구매,2022,HCS,제3훈련비행단,제한경쟁,총액제,적격심사제,202204041100,20220404,유찰
긴급공고,HDF0015,1,10117,***,‘22년 복지대대 병사식당(보라매) 식자재,2022,HDF,공군 제8전투비행단,수의계약,총액제,적격심사제,202204041100,20220404,유찰
긴급공고,LCH0009,1,10022,***,00부대 육로수송 버스 용역(예-용-3),2022,LCH,특수전사령부,제한경쟁,총액제,적격심사제,202204041100,20220404,유찰
정상공고,LDH0304,1,09705,***,부품제작자재 늄합금봉 등 55종 구매,2022,LDH,육군종합정비창,수의계약,총액제,적격심사제,202204041300,20220404,유찰
정상공고,LDH0309,1,09773,***,K21장갑차 핀 등 39종 구매,2022,LDH,육군종합정비창,제한경쟁,총액제,적격심사제,202204041300,20220404,유찰
긴급공고,LHM0014,1,10060,***,군 관사 LPG 액화석유가스 (LPG) 구매,2022,LHM,제15보병사단,제한경쟁,총액제,적격심사제,202204041300,20220404,낙찰
긴급공고,LHM0017,1,10284,***,22년 음식물 쓰레기 처리용역,2022,LHM,제15보병사단,제한경쟁,총액제,적격심사제,202204041300,20220404,유찰
긴급공고,LMP0009,1,10222,***,(대보수 주거시설 3) 신원아파트 보수공사,2022,LMP,제3보병사단,제한경쟁,총액제,적격심사제,202204041100,20220404,유찰
긴급공고,SCH0034,1,08907,***,공기청정기 필터 3종 구매,2022,SCH,해군작전사령부,일반경쟁,총액제,적격심사제,202204041030,20220404,낙찰
긴급공고,SCH0033,1,09038,***,헬멧 위장 커버 등 20종 구매,2022,SCH,해군작전사령부,일반경쟁,총액제,적격심사제,202204041030,20220404,낙찰
정상공고,UMM0203,1,01506,***,22-해-ㅇㅇ창 기관공장 신축(크레인) 제조설치,2022,UMM,국군재정관리단,제한경쟁,총액제,적격심사제,202204041100,20220404,낙찰
정상공고,UMM0126,1,04587,***,(226058-D) 피탄방지 방풍안경 등 2종 제조,2022,UMM,국군재정관리단,제한경쟁,총액제,적격심사제,202204041100,20220404,낙찰
정상공고,UMM0127,1,06447,***,(227080-F)장비운영소모품(병원) 128종 구매,2022,UMM,국군재정관리단,일반경쟁,총액제,적격심사제,202204041100,20220404,낙찰
정상공고,UMM0204,1,08185,***,22-해-2톤 리치트럭 3대 구매,2022,UMM,국군재정관리단,제한경쟁,총액제,적격심사제,202204041100,20220404,낙찰
정상공고,UMM0128,1,09930,***,(227024-E)특수수술재료 구매,2022,UMM,국군재정관리단,일반경쟁,총액제,적격심사제,202204041100,20220404,낙찰
정상공고,LCF0281,1,08890,***,단열모포 등 7항목 구매(자주포),2022,LCF,육군군수사령부,제한경쟁,총액제,적격심사제,202204011030,20220401,낙찰
정상공고,LCF0280,1,08891,***,"덮개,입구용 등 38항목 구매(자주포)",2022,LCF,육군군수사령부,제한경쟁,총액제,적격심사제,202204011030,20220401,낙찰
정상공고,LCF0278,1,08893,***,"연결기,리셉터클형 등 70항목 구매(자주포)",2022,LCF,육군군수사령부,일반경쟁,총액제,적격심사제,202204011030,20220401,순위확정
정상공고,LCF0276,1,08894,***,"전지,축전식 등 5항목 구매(자주포)",2022,LCF,육군군수사령부,일반경쟁,총액제,적격심사제,202204011030,20220401,낙찰
정상공고,LCF0273,1,08898,***,"시일,밀봉형 등 55항목 제조(자주포)",2022,LCF,육군군수사령부,제한경쟁,총액제,적격심사제,202204011030,20220401,낙찰
정상공고,LCF0272,1,08899,***,"플러그,파이프용 등 109항목 제조(자주포)",2022,LCF,육군군수사령부,제한경쟁,총액제,적격심사제,202204011030,20220401,낙찰
정상공고,LCF0279,1,09837,***,"엘보, 튜브 및 호스 연결용 등 39항목 구매(자주포)",2022,LCF,육군군수사령부,일반경쟁,총액제,적격심사제,202204011030,20220401,낙찰
정상공고,LCF0277,1,09839,***,"베어링, 볼형 등 43항목 구매(자주포)",2022,LCF,육군군수사령부,제한경쟁,총액제,적격심사제,202204011030,20220401,낙찰
정상공고,LCF0275,1,09840,***,집적회로 등 49항목 구매(자주포),2022,LCF,육군군수사령부,일반경쟁,총액제,적격심사제,202204011030,20220401,낙찰
정상공고,LDH0305,1,09717,***,(기동) 5톤차량 오일리저버 구매,2022,LDH,육군종합정비창,수의계약,총액제,적격심사제,202204011300,20220401,유찰
정상공고,MCD0009,1,08022,***,22년 독서통신교육 위탁운영,2022,MCD,국방부(운영지원과),협상에의한계약(전자),총액제,최저가격제,202204011030,20220401,낙찰
정상공고,MDG0079,1,09662,***,22년 의무장비(침대자동식 응급실용)구매,2022,MDG,국군의무사령부,제한경쟁,총액제,적격심사제,202204011100,20220401,낙찰
정상공고,SCG0028,1,06687,***,22-유도/수중무기 창정비 비용 대 효과 분석,2022,SCG,해군본부,2단계경쟁(동시),총액제,최저가격제,202204011000,20220401,낙찰
정상공고,SCG0029,1,06688,***,22-경항모 건조가 산업에 미치는 영향 분석,2022,SCG,해군본부,2단계경쟁(동시),총액제,최저가격제,202204011000,20220401,유찰
긴급공고,SCG0027,1,06725,***,22-해군 장병 정신전력교육용 영상교재 제작,2022,SCG,해군본부,협상에의한계약(전자),총액제,최저가격제,202204011100,20220401,낙찰
정상공고,SCG0035,1,06730,***,22-EMP 관련 기준 발전 및 시험평가/검증(안) 도출,2022,SCG,해군본부,수의계약,총액제,최저가격제,202204011000,20220401,유찰
정상공고,UMM0197,1,01962,***,'22년 해군 영구보존기록물 DB 구축 사업,2022,UMM,국군재정관리단,제한경쟁,총액제,적격심사제,202204011100,20220401,낙찰
정상공고,UMM0125,1,05082,***,(22F042-A) '22년 유류중대 급유시설 기술검사 민간위,2022,UMM,국군재정관리단,제한경쟁,총액제,적격심사제,202204011100,20220401,낙찰
정상공고,UMM0120,1,06509,***,(227079-E) 장비운영소모품(외과3) 36종 구매,2022,UMM,국군재정관리단,제한경쟁,총액제,적격심사제,202204011100,20220401,낙찰
정상공고,UMM0198,1,06529,***,22-국-영선보수자재 구매,2022,UMM,국군재정관리단,일반경쟁,총액제,적격심사제,202204011100,20220401,낙찰
긴급공고,UMM0118,1,06983,***,'22년 해군 통합해양정보체계 기상자료 가시화,2022,UMM,국군재정관리단,협상에의한계약(전자),총액제,최저가격제,202204011300,20220401,낙찰
정상공고,UMM0194,1,09456,***,22-국-인쇄재료 153종 구매,2022,UMM,국군재정관리단,일반경쟁,총액제,적격심사제,202204011100,20220401,낙찰
정상공고,UMM0195,1,09536,***,OO사 시스템 장비/자재 구매납품,2022,UMM,국군재정관리단,일반경쟁,총액제,적격심사제,202204011100,20220401,낙찰
정상공고,UMM0123,1,09642,***,(22G022-A)화상회의장비 금융리스,2022,UMM,국군재정관리단,일반경쟁,총액제,최저가격제,202204011100,20220401,낙찰
정상공고,UMM0196,1,09668,***,22-공-체력단련장 비료 구매(229027-D),2022,UMM,국군재정관리단,제한경쟁,총액제,적격심사제,202204011100,20220401,낙찰
정상공고,EHF0001,1,3210,***,"22년 변압기,펄스용(레이더용)(제조)",2022,EHF,미래전력사업전력운영계약팀,일반경쟁,총액제,적격심사제,202203311100,20220331,낙찰
긴급공고,HCF0048,1,07204,***,[패트리어트 시스템프레임 부품] 활주부 등 67종,2022,HCF,공군군수사령부,일반경쟁,총액제,적격심사제,202203311030,20220331,유찰
재공고,HCQ0012,2,08252,***,병사식당 부식 공급 계약 의뢰,2022,HCQ,공군제5공중기동비행단,제한경쟁,총액제,적격심사제,202203311100,20220331,순위확정
재공고,LCF0037,2,03688,***,파이프 등 12항목 구매(피복물자),2022,LCF,육군군수사령부,제한경쟁,총액제,적격심사제,202203311030,20220331,유찰
재공고,LCF0178,2,07583,***,"허브,몸체용 등 18항목 제조(생산능력,자주포)",2022,LCF,육군군수사령부,수의계약,총액제,적격심사제,202203311030,20220331,유찰
재공고,LCF0177,2,07584,***,"필터엘리먼트 등 6항목 제조(생산능력,자주포)",2022,LCF,육군군수사령부,수의계약,총액제,적격심사제,202203311030,20220331,유찰
재공고,LCF0174,2,07588,***,"클램프,루프형 등 27항목 제조(자주포)",2022,LCF,육군군수사령부,제한경쟁,총액제,적격심사제,202203311030,20220331,낙찰
정상공고,LCF0263,1,08095,***,조종사용 목티 반팔 등 1항목 제조(피복물자),2022,LCF,육군군수사령부,제한경쟁,총액제,적격심사제,202203311030,20220331,낙찰
정상공고,LCF0264,1,08098,***,조종사용 목티 긴팔 등 1항목 제조(피복물자),2022,LCF,육군군수사령부,제한경쟁,총액제,적격심사제,202203311030,20220331,낙찰
정상공고,LCF0262,1,08101,***,흑색로프 등 1항목 구매(피복물자),2022,LCF,육군군수사령부,제한경쟁,총액제,적격심사제,202203311030,20220331,낙찰
정상공고,LCF0261,1,08102,***,작전배낭 등 1항목 제조(피복물자),2022,LCF,육군군수사령부,제한경쟁,총액제,적격심사제,202203311030,20220331,낙찰
정정공고,LCF0221,2,08373,***,"링,지지용 등 7항목 제조(생산능력,자주포)",2022,LCF,육군군수사령부,수의계약,총액제,적격심사제,202203311030,20220331,유찰
정상공고,LCF0271,1,08645,***,"조절기,트랙,차량용 등 2항목 제조(생산능력,궤도)",2022,LCF,육군군수사령부,제한경쟁,총액제,적격심사제,202203311030,20220331,낙찰
정상공고,LCF0269,1,08647,***,"베어링,롤러식 등 31항목 제조(생산능력,궤도)",2022,LCF,육군군수사령부,수의계약,총액제,적격심사제,202203311030,20220331,유찰
정상공고,LCF0053,1,08661,***,장전뭉치 정렬계기 1항목 제조(특무),2022,LCF,육군군수사령부,제한경쟁,총액제,적격심사제,202203311030,20220331,낙찰
정상공고,LCF0268,1,08843,***,"펌프,회전식 등 3항목 제조(궤도)",2022,LCF,육군군수사령부,제한경쟁,총액제,적격심사제,202203311030,20220331,낙찰
정상공고,LCF0267,1,08844,***,"크랭크축,엔진용 등 116항목 구매(궤도)",2022,LCF,육군군수사령부,일반경쟁,총액제,적격심사제,202203311030,20220331,낙찰
정정공고,LCF0266,2,09634,***,"삽입기, 나사용 등 767항목 제조(자주포)",2022,LCF,육군군수사령부,수의계약,총액제,적격심사제,202203311030,20220331,유찰
정상공고,LDG0020,1,08691,***,탄약정비용 안전보호용품(반코팅장갑 등 2종) 구매,2022,LDG,육군 탄약지원사령부,제한경쟁,총액제,적격심사제,202203311030,20220331,낙찰
정상공고,LDH0302,1,09392,***,22-1차 정비용 장비 부품 구매,2022,LDH,육군종합정비창,제한경쟁,총액제,적격심사제,202203311300,20220331,유찰
정상공고,LDH0303,1,09526,***,탐지레이더 감쇠기 등 21종 구매,2022,LDH,육군종합정비창,제한경쟁,총액제,적격심사제,202203311300,20220331,낙찰
재공고,LGI0071,2,08802,***,'22년 유류중대 급유시설 기술검사 민간위탁,2022,LGI,제3군수지원여단,일반경쟁,총액제,적격심사제,202203311030,20220331,낙찰
긴급공고,LGP0113,1,09947,001,22년 부처님오신날 경축특식 음료 구매,2022,LGP,제1군수지원사령부,제한경쟁,단가제,적격심사제,202203311100,20220331,유찰
정상공고,LIK0067,1,09528,001,'22-1차 지정폐기물 위탁처리 용역,2022,LIK,제2군수지원여단,제한경쟁,단가제,적격심사제,202203311030,20220331,유찰
긴급공고,LKP0028,1,09966,001,'22년 부대조달후식(에너지음료) 구매,2022,LKP,5군수지원사령부,일반경쟁,단가제,적격심사제,202203311100,20220331,낙찰
긴급공고,LNT0014,1,09875,***,22~24년 정수기 임차 용역,2022,LNT,제28보병사단,수의계약,총액제,적격심사제,202203311030,20220331,유찰
정상공고,MCL0003,1,09925,***,22-1차 ㅇㅇ체계 운용품 구매,2022,MCL,국방정보본부,제한경쟁,총액제,적격심사제,202203311100,20220331,낙찰
재공고,MDG0057,2,06455,001,22년 의료폐기물처리용역(국군대구병원),2022,MDG,국군의무사령부,제한경쟁,단가제,적격심사제,202203311100,20220331,유찰
긴급공고,MDN0010,1,09330,***,보호의시험셋 외주정비 용역,2022,MDN,국군화생방방호사령부,수의계약,총액제,적격심사제,202203311030,20220331,유찰
긴급공고,MDP0010,1,09963,***,'22년 1차 장병 수송용역,2022,MDP,한미연합군사령부,제한경쟁,총액제,적격심사제,202203311100,20220331,낙찰
긴급공고,SCF0020,1,03657,***,'22년 잠수함 상가대 정비,2022,SCF,해군군수사령부,일반경쟁,총액제,적격심사제,202203311030,20220331,낙찰
긴급공고,SCF0114,1,05118,***,소음기 등 5종 구매,2022,SCF,해군군수사령부,제한경쟁,총액제,적격심사제,202203311030,20220331,낙찰
긴급공고,SCF0119,1,05469,***,"시일 조립체, 굴대용, 용수철부하식 등 5종 구매",2022,SCF,해군군수사령부,제한경쟁,총액제,적격심사제,202203311030,20220331,순위확정
재공고,SCF0095,2,05545,***,액체아르곤가스 9BT 구매,2022,SCF,해군군수사령부,수의계약,총액제,적격심사제,202203311030,20220331,순위확정
긴급공고,SCF0155,1,07037,***,(긴급) 앵글밸브 등 10종 구매,2022,SCF,해군군수사령부,제한경쟁,총액제,적격심사제,202203311030,20220331,낙찰
긴급공고,SCF0154,1,07041,***,"(긴급) 변압기,전위차용 등 5종 구매",2022,SCF,해군군수사령부,제한경쟁,총액제,적격심사제,202203311030,20220331,낙찰
긴급공고,SCF0118,1,07689,***,"나사, 캡식, 6각 머리형 등 11종 구매",2022,SCF,해군군수사령부,제한경쟁,총액제,적격심사제,202203311030,20220331,순위확정
긴급공고,SCF0138,1,07745,***,KOLAS 시험기관 인정획득 컨설팅 용역,2022,SCF,해군군수사령부,2단계경쟁(동시),총액제,최저가격제,202203311030,20220331,낙찰
긴급공고,SCF0156,1,08558,***,"(긴급) 압축기 유니트, 냉동용 1종 구매",2022,SCF,해군군수사령부,제한경쟁,총액제,적격심사제,202203311030,20220331,낙찰
긴급공고,SCF0162,1,08712,***,(긴급) KS전기절연테이프 등 65종,2022,SCF,해군군수사령부,제한경쟁,총액제,적격심사제,202203311030,20220331,낙찰
긴급공고,SCF0157,1,08764,***,(긴급) 전자접촉기 등 4종 구매,2022,SCF,해군군수사령부,제한경쟁,총액제,적격심사제,202203311030,20220331,낙찰
긴급공고,SCF0159,1,09730,***,"(긴급) 변환기,전력용,정지형 등 8종 구매",2022,SCF,해군군수사령부,제한경쟁,총액제,적격심사제,202203311030,20220331,낙찰
정상공고,UMM0117,1,03505,***,(226034-E) 81밀리 목상자 등 10품목 제조납품,2022,UMM,국군재정관리단,일반경쟁,총액제,적격심사제,202203311100,20220331,낙찰
정상공고,UMM0189,1,04291,***,22-2-00창 숲 정비용역(22H040-H),2022,UMM,국군재정관리단,일반경쟁,총액제,적격심사제,202203311100,20220331,낙찰
정상공고,UMM0193,1,04799,***,22-공-연료탱크 등 2종 제조설치,2022,UMM,국군재정관리단,제한경쟁,총액제,적격심사제,202203311100,20220331,낙찰
정상공고,UMM0191,1,05345,***,22-공-이동식 콘크리트 믹서장비 구매,2022,UMM,국군재정관리단,일반경쟁,총액제,적격심사제,202203311100,20220331,낙찰
정상공고,UMM0188,1,05553,***,22-해-00부대 조경관리 용역,2022,UMM,국군재정관리단,제한경쟁,총액제,적격심사제,202203311100,20220331,낙찰
재공고,UMM0158,2,06182,***,22-공-국지기상관측용 무인항공기 구매,2022,UMM,국군재정관리단,수의계약,총액제,적격심사제,202203311100,20220331,유찰
정상공고,UMM0186,1,06302,***,22-해병-1차 전산운영용품 구매,2022,UMM,국군재정관리단,일반경쟁,총액제,적격심사제,202203311100,20220331,낙찰
정상공고,UMM0192,1,06792,***,22-해-이기종 연동장비(RoIP 장비 세트) 구매설치,2022,UMM,국군재정관리단,제한경쟁,총액제,적격심사제,202203311100,20220331,낙찰
정상공고,UMM0119,1,07335,***,(227076-B) 장비운영소모품(병리7) 37종 구매,2022,UMM,국군재정관리단,일반경쟁,총액제,적격심사제,202203311100,20220331,낙찰
정상공고,UMM0121,1,08053,***,(227077-C) 장비운영소모품 구매 (외과1),2022,UMM,국군재정관리단,제한경쟁,총액제,적격심사제,202203311100,20220331,낙찰
정상공고,UMM0122,1,09570,***,(22G007-H)00대학교 정보통신장비 통합유지보수 용역,2022,UMM,국군재정관리단,일반경쟁,총액제,적격심사제,202203311100,20220331,낙찰
긴급공고,UMM0129,1,09929,***,(22G041-I) '22년 병영 및 행정시설 전문방제 용역,2022,UMM,국군재정관리단,제한경쟁,총액제,적격심사제,202203311100,20220331,낙찰
긴급공고,DSS0017,1,09643,***,00부대 온나라 시스템 유지보수 용역,2022,DSS,국군제1068부대,일반경쟁,총액제,적격심사제,202203301030,20220330,낙찰
긴급공고,HCF0047,1,07133,***,[시동용 발전기 부품] 제어장치 판넬 등 5종,2022,HCF,공군군수사령부,일반경쟁,총액제,적격심사제,202203301030,20220330,유찰
재공고,LBA0031,2,06256,***,'22년 지정폐기물 위탁처리 용역,2022,LBA,제 2167부대,수의계약,총액제,적격심사제,202203301030,20220330,유찰
정상공고,LCF0259,1,06473,***,"반도체 장치,다이오드용 등 2항목 구매(항공)",2022,LCF,육군군수사령부,제한경쟁,총액제,적격심사제,202203301130,20220330,낙찰
정상공고,LCF0258,1,07393,***,"스트라익,걸쇠용 등 4항목 구매(항공)",2022,LCF,육군군수사령부,일반경쟁,총액제,적격심사제,202203301130,20220330,낙찰
정상공고,LCF0257,1,07394,***,"챠트,시력검사용 등 10항목 구매(의무)",2022,LCF,육군군수사령부,제한경쟁,총액제,적격심사제,202203301130,20220330,순위확정
정상공고,LCF0050,1,07834,***,"링,지지용 등 7항목 구매(특무)",2022,LCF,육군군수사령부,제한경쟁,총액제,적격심사제,202203301030,20220330,낙찰
정상공고,LCF0254,1,07883,***,"갈고리,고정장치용 등 19항목 구매(일장)",2022,LCF,육군군수사령부,제한경쟁,총액제,적격심사제,202203301430,20220330,순위확정
정상공고,LCF0241,1,07891,***,피스톤 펌프 등 1항목 구매(일장),2022,LCF,육군군수사령부,제한경쟁,총액제,적격심사제,202203301430,20220330,낙찰
정상공고,LCF0247,1,07893,***,"안정기,투광조명등용 등 1항목 구매(일장)",2022,LCF,육군군수사령부,제한경쟁,총액제,적격심사제,202203301430,20220330,순위확정
정상공고,LCF0242,1,07895,***,"연결기,플러그형,전기용 등 14항목 구매(일장)",2022,LCF,육군군수사령부,제한경쟁,총액제,적격심사제,202203301430,20220330,낙찰
정상공고,LCF0243,1,07896,***,공기여과기 등 1항목 구매(일장),2022,LCF,육군군수사령부,제한경쟁,총액제,적격심사제,202203301430,20220330,낙찰
정상공고,LCF0244,1,07900,***,"튜브 조립체,금속제 등 16항목 구매(일장)",2022,LCF,육군군수사령부,제한경쟁,총액제,적격심사제,202203301430,20220330,낙찰
정상공고,LCF0252,1,07902,***,탁도계 등 25항목 구매(일장),2022,LCF,육군군수사령부,제한경쟁,총액제,적격심사제,202203301430,20220330,순위확정
정상공고,LCF0249,1,07908,***,"연결기,리셉터클형,전기용 등 25항목 구매(일장)",2022,LCF,육군군수사령부,제한경쟁,총액제,적격심사제,202203301430,20220330,낙찰
정상공고,LCF0245,1,07911,***,"그로밋,비금속제 등 108항목 구매(일장)",2022,LCF,육군군수사령부,제한경쟁,총액제,적격심사제,202203301430,20220330,낙찰
정상공고,LCF0246,1,07914,***,"저항기,가변식,권선형,비정밀형 등 4항목 구매(일장)",2022,LCF,육군군수사령부,제한경쟁,총액제,적격심사제,202203301430,20220330,낙찰
정상공고,LCF0240,1,07915,***,"필터,유체용 등 11항목 구매(일장)",2022,LCF,육군군수사령부,제한경쟁,총액제,적격심사제,202203301430,20220330,순위확정
정상공고,LCF0239,1,07918,***,"클램프,블록용 등 70항목 구매(일장)",2022,LCF,육군군수사령부,수의계약,총액제,적격심사제,202203301430,20220330,순위확정
정상공고,LCF0238,1,07919,***,"끈,지지용 등 28항목 구매(일장)",2022,LCF,육군군수사령부,제한경쟁,총액제,적격심사제,202203301430,20220330,순위확정
정상공고,LCF0237,1,07922,***,"엘보,튜브용 등 37항목 구매(일장)",2022,LCF,육군군수사령부,제한경쟁,총액제,적격심사제,202203301430,20220330,순위확정
정상공고,LCF0236,1,07924,***,점화 플러그 등 5항목 구매(일장),2022,LCF,육군군수사령부,제한경쟁,총액제,적격심사제,202203301430,20220330,순위확정
정상공고,LCF0235,1,07925,***,"베어링,니이들용 등 24항목 구매(일장)",2022,LCF,육군군수사령부,제한경쟁,총액제,적격심사제,202203301430,20220330,낙찰
정상공고,LCF0234,1,07927,***,"탱크,기름용,유압장치용 등 2항목 구매(일장)",2022,LCF,육군군수사령부,제한경쟁,총액제,적격심사제,202203301430,20220330,순위확정
정상공고,LCF0250,1,07928,***,"밸브,버섯형,엔진용 등 15항목 구매(일장)",2022,LCF,육군군수사령부,제한경쟁,총액제,적격심사제,202203301430,20220330,낙찰
정상공고,LCF0251,1,07930,***,"엔진,가솔린식 등 2항목 구매(일장)",2022,LCF,육군군수사령부,제한경쟁,총액제,적격심사제,202203301430,20220330,낙찰
정상공고,LCF0248,1,07972,***,"베어링,슬리브형 등 8항목 구매(일장)",2022,LCF,육군군수사령부,제한경쟁,총액제,적격심사제,202203301430,20220330,순위확정
정상공고,LCF0253,1,07973,***,"스위치,회전식 등 84항목 구매(일장)",2022,LCF,육군군수사령부,제한경쟁,총액제,적격심사제,202203301430,20220330,낙찰
정상공고,LCF0256,1,08236,***,"실린더 조립체,작동식,선형 등 7항목 제조(일장)",2022,LCF,육군군수사령부,제한경쟁,총액제,적격심사제,202203301430,20220330,낙찰
정상공고,LCF0255,1,08246,***,"슬리브,급수용 등 36항목 제조(일장)",2022,LCF,육군군수사령부,제한경쟁,총액제,적격심사제,202203301430,20220330,낙찰
정상공고,LCF0260,1,09295,***,"립스틱,트임방지용 4~6G 1품목 구매(의무)",2022,LCF,육군군수사령부,수의계약,총액제,적격심사제,202203301130,20220330,유찰
긴급공고,LCM0017,1,06339,***,'22년 기술연구용역 계약(1),2022,LCM,육군교육사령부,2단계경쟁(동시),총액제,최저가격제,202203301300,20220330,유찰
긴급공고,LCM0018,1,06341,***,'22년 기술연구용역 계약(2),2022,LCM,육군교육사령부,수의계약,총액제,최저가격제,202203301300,20220330,유찰
긴급공고,LCM0019,1,06342,***,'22년 기술연구용역 계약(3),2022,LCM,육군교육사령부,수의계약,총액제,최저가격제,202203301300,20220330,유찰
긴급공고,LCM0020,1,06343,***,'22년 기술연구용역 계약(4),2022,LCM,육군교육사령부,수의계약,총액제,최저가격제,202203301300,20220330,유찰
정상공고,LDG0018,1,08391,***,'22년 선형가속기 시스템 외주정비,2022,LDG,육군 탄약지원사령부,일반경쟁,총액제,적격심사제,202203301030,20220330,유찰
정상공고,LDG0019,1,09220,***,'22년 토양오염검사 용역,2022,LDG,육군 탄약지원사령부,제한경쟁,총액제,적격심사제,202203301030,20220330,낙찰
정상공고,LDH0252,1,07401,***,천마 발사터렛 전원공급제어기 개발 소요자재 구매,2022,LDH,육군종합정비창,수의계약,총액제,최저가격제,202203301300,20220330,유찰
정상공고,LDH0253,1,07414,***,화생방정찰차-Ⅱ기상센서 시험장비 소요자재 구매,2022,LDH,육군종합정비창,수의계약,총액제,최저가격제,202203301300,20220330,유찰
재공고,LDH0278,2,08207,***,(자재) 화학저항페인트 구매,2022,LDH,육군종합정비창,수의계약,총액제,적격심사제,202203301300,20220330,유찰
재공고,LDH0279,2,08222,***,(기동) 2.5톤차량 날개등 77종구매,2022,LDH,육군종합정비창,수의계약,총액제,적격심사제,202203301300,20220330,유찰
재공고,LDH0280,2,08224,***,(기동) 5톤차량 라지에다썰망등 48종구매,2022,LDH,육군종합정비창,수의계약,총액제,적격심사제,202203301300,20220330,유찰
재공고,LDH0281,2,08226,***,(기동) 5톤차량 너트등 4종구매,2022,LDH,육군종합정비창,수의계약,총액제,적격심사제,202203301300,20220330,유찰
재공고,LDH0282,2,08229,***,(기동) 기동부교 밸브 구매,2022,LDH,육군종합정비창,수의계약,총액제,적격심사제,202203301300,20220330,유찰
재공고,LDH0283,2,08232,***,(기동) 5톤차량 가스밸브등 3종구매,2022,LDH,육군종합정비창,수의계약,총액제,적격심사제,202203301300,20220330,유찰
재공고,LDH0284,2,08234,***,(기동) 5톤차량 파이프등 19종구매,2022,LDH,육군종합정비창,수의계약,총액제,적격심사제,202203301300,20220330,유찰
정상공고,LDH0300,1,09181,***,탐지레이더 표시기용등 등 31종 구매,2022,LDH,육군종합정비창,제한경쟁,총액제,적격심사제,202203301300,20220330,낙찰
정상공고,LDH0301,1,09199,***,K9자주포 덮개 등 28종 구매,2022,LDH,육군종합정비창,수의계약,총액제,적격심사제,202203301300,20220330,유찰
긴급공고,LFC0033,1,09470,***,경쟁계약 품목 구매(미니떡 스테이크 등 61종),2022,LFC,육군훈련소,제한경쟁,총액제,적격심사제,202203301030,20220330,낙찰
재공고,LGP0061,3,05866,***,"22년 구난차 외주정비(서울,인천,경기)",2022,LGP,제1군수지원사령부,제한경쟁,총액제,적격심사제,202203301100,20220330,유찰
긴급공고,LGT0012,1,09801,***,22-2차 간부숙소 벽걸이형 냉난방기 설치납품,2022,LGT,제2307부대,제한경쟁,총액제,적격심사제,202203301030,20220330,낙찰
긴급공고,LHP0009,1,09688,***,22년 음식물쓰레기 위탁처리 용역,2022,LHP,제22보병사단,일반경쟁,총액제,적격심사제,202203301030,20220330,낙찰
정상공고,LKP0035,1,09304,***,'22년 중요시설 경계시스템 외주정비 용역,2022,LKP,5군수지원사령부,제한경쟁,총액제,적격심사제,202203301100,20220330,낙찰
재공고,LKS0023,2,05652,***,인력획득 모집홍보 대상의 성향 분석 연구 용역,2022,LKS,육군인사사령부,수의계약,총액제,최저가격제,202203301030,20220330,유찰
긴급공고,LKT0011,1,09715,***,22년 주거시설 싱크대 설치납품,2022,LKT,제1989부대,제한경쟁,총액제,적격심사제,202203301030,20220330,유찰
정정공고,LQP0017,3,08833,***,22년 과학화경계시스템 외주정비 용역(강원권),2022,LQP,제1891부대,제한경쟁,총액제,적격심사제,202203301030,20220330,낙찰
긴급공고,MDN0009,1,09111,***,중성자측정기 구매,2022,MDN,국군화생방방호사령부,제한경쟁,총액제,적격심사제,202203301030,20220330,낙찰
긴급공고,SCF0116,1,03765,***,"리테이너,패킹용등 20종 구매",2022,SCF,해군군수사령부,제한경쟁,총액제,적격심사제,202203301030,20220330,낙찰
재공고,SCF0081,2,04219,***,축전식 전지 1종 구매,2022,SCF,해군군수사령부,제한경쟁,총액제,적격심사제,202203301030,20220330,순위확정
긴급공고,SCF0106,1,05744,***,고순도질소가스 140BT 구매,2022,SCF,해군군수사령부,제한경쟁,총액제,적격심사제,202203301030,20220330,낙찰
긴급공고,SCF0117,1,06353,***,이어폰 엘리먼트 등 2품목 구매,2022,SCF,해군군수사령부,제한경쟁,총액제,적격심사제,202203301030,20220330,낙찰
재공고,SCF0085,2,06493,***,안테나 등 2종 구매,2022,SCF,해군군수사령부,수의계약,총액제,적격심사제,202203301030,20220330,순위확정
긴급공고,SCF0151,1,08009,***,"(긴급) 와셔,평면형 등 3종 구매",2022,SCF,해군군수사령부,제한경쟁,총액제,적격심사제,202203301030,20220330,낙찰
긴급공고,SCF0153,1,08039,***,(긴급)데드맨 릴 등 2종,2022,SCF,해군군수사령부,제한경쟁,총액제,적격심사제,202203301030,20220330,낙찰
긴급공고,SCF0150,1,08553,***,"(긴급) 밸브,앵글형 등 2종 구매",2022,SCF,해군군수사령부,제한경쟁,총액제,적격심사제,202203301030,20220330,낙찰
긴급공고,SCF0149,1,08770,***,"(긴급) 실린더,유압완충장치용 1종 구매",2022,SCF,해군군수사령부,제한경쟁,총액제,적격심사제,202203301030,20220330,낙찰
긴급공고,SCF0160,1,08811,***,"(긴급)양극, 부식방지용 1종",2022,SCF,해군군수사령부,제한경쟁,총액제,적격심사제,202203301030,20220330,낙찰
긴급공고,SCF0161,1,08848,***,"(긴급)페룰, 압축용, 튜브이음용 등 7종",2022,SCF,해군군수사령부,제한경쟁,총액제,적격심사제,202203301030,20220330,낙찰
재공고,SCP0044,2,08278,***,22-동 음식물류폐기물 처리 용역,2022,SCP,제8385부대,제한경쟁,총액제,적격심사제,202203301030,20220330,낙찰
긴급공고,SCR0012,1,09759,***,네트워크 관리CCTV 장비 구매,2022,SCR,해군제3함대사령부,제한경쟁,총액제,적격심사제,202203301030,20220330,낙찰
정상공고,UMM0116,1,02206,***,(227027-C)치과재료 76품목 구매,2022,UMM,국군재정관리단,제한경쟁,총액제,적격심사제,202203301100,20220330,낙찰
정상공고,UMM0114,1,03246,***,(227043-D)병리장비운영소모품(3) 31종 구매,2022,UMM,국군재정관리단,일반경쟁,총액제,적격심사제,202203301100,20220330,낙찰
정상공고,UMM0183,1,03948,***,22-공-공항정보 자동 방송장치 제조설치,2022,UMM,국군재정관리단,일반경쟁,총액제,적격심사제,202203301100,20220330,순위확정
정상공고,UMM0179,1,03968,***,"22-공-분석기, 주파수편이용 구매(229037-F)",2022,UMM,국군재정관리단,일반경쟁,총액제,적격심사제,202203301100,20220330,낙찰
정상공고,UMM0181,1,05309,***,22-공-항공기 교통신호용 등 구매,2022,UMM,국군재정관리단,제한경쟁,총액제,적격심사제,202203301100,20220330,낙찰
정상공고,UMM0185,1,05550,***,22-평 함정 및 유해환경근무자 특수건강검진 용역,2022,UMM,국군재정관리단,일반경쟁,총액제,적격심사제,202203301100,20220330,유찰
정상공고,UMM0113,1,06387,***,(226105-D) 경인쇄기 설치,2022,UMM,국군재정관리단,제한경쟁,총액제,적격심사제,202203301100,20220330,낙찰
정정공고,UMM0180,2,08663,***,22-해-디젤발전기 50KW 제조설치(228063-D),2022,UMM,국군재정관리단,일반경쟁,총액제,적격심사제,202203301100,20220330,낙찰
정상공고,UMM0111,1,08956,***,(227075-F) 장비운영소모품(병리6) 29종 구매,2022,UMM,국군재정관리단,일반경쟁,총액제,적격심사제,202203301100,20220330,낙찰
정상공고,UMM0178,1,09198,***,22-해-소독기 저온멸균형 구매(228013-D),2022,UMM,국군재정관리단,제한경쟁,총액제,적격심사제,202203301100,20220330,낙찰
정상공고,ELA0002,1,3002,***,"트럭, 수송용(81mm박격포-II용 후속)",2022,ELA,화력총괄계약팀,수의계약,총액제,적격심사제,202203291500,20220329,유찰
재공고,EUA0001,2,8282B,***,TOD AI 객체인식 경고시스템,2022,EUA,첨단기술총괄계약팀,2단계경쟁(동시),총액제,최저가격제,202203291000,20220329,낙찰
재공고,HCF0012,2,03140,***,[항공지원장비 부품] 공기정화기 등 3종,2022,HCF,공군군수사령부,제한경쟁,총액제,적격심사제,202203291030,20220329,낙찰
긴급공고,HCF0042,1,06331,***,자동화 점검장비(GR2287I) 유지보수,2022,HCF,공군군수사령부,제한경쟁,총액제,적격심사제,202203291030,20220329,낙찰
긴급공고,HCF0043,1,06891,***,FA/TA-50 소프트웨어개발장비(SWMF) 유지보수,2022,HCF,공군군수사령부,제한경쟁,총액제,적격심사제,202203291030,20220329,유찰
긴급공고,HCF0045,1,08424,***,현미경 등 2종,2022,HCF,공군군수사령부,제한경쟁,총액제,적격심사제,202203291030,20220329,낙찰
긴급공고,HCF0046,1,08431,***,청력검사실 등 3종,2022,HCF,공군군수사령부,제한경쟁,총액제,적격심사제,202203291030,20220329,낙찰
긴급공고,HCF0044,1,08433,***,경피신경자극치료기 등 4종,2022,HCF,공군군수사령부,제한경쟁,총액제,적격심사제,202203291030,20220329,낙찰
긴급공고,HCF0041,1,08902,***,이동용 체인톱 등 2종 구매,2022,HCF,공군군수사령부,제한경쟁,총액제,적격심사제,202203291030,20220329,낙찰
긴급공고,HDP0013,1,09553,***,탄약고 제초 유지관리 용역,2022,HDP,공군제19전투비행단,제한경쟁,총액제,적격심사제,202203291100,20220329,낙찰
정정공고,HDQ0027,2,09290,***,22-POL 제초 용역,2022,HDQ,제20전투비행단,제한경쟁,총액제,적격심사제,202203291030,20220329,낙찰
긴급공고,HDQ0025,1,09292,***,22-활주로 제초 용역,2022,HDQ,제20전투비행단,일반경쟁,총액제,적격심사제,202203291030,20220329,낙찰
긴급공고,HDQ0028,1,09306,***,22-공동외곽지역 제초 용역,2022,HDQ,제20전투비행단,일반경쟁,총액제,적격심사제,202203291030,20220329,낙찰
정상공고,LBB0032,1,09253,001,22년 부대조달 후식(바나나),2022,LBB,육군제7789부대,일반경쟁,단가제,적격심사제,202203291030,20220329,유찰
정정공고,LCF0037,3,04558,***,TAS-815K 발광다이오드 등 8항목 구매(통신),2022,LCF,육군군수사령부,제한경쟁,총액제,적격심사제,202203291130,20220329,낙찰
재공고,LCF0047,2,04649,***,PRC-999K기억유지건전지 등 4항목 구매(통신),2022,LCF,육군군수사령부,제한경쟁,총액제,적격심사제,202203291130,20220329,순위확정
정정공고,LCF0039,3,04676,***,TMR 영상표시장치 등 2항목 구매(통신),2022,LCF,육군군수사령부,제한경쟁,총액제,적격심사제,202203291130,20220329,낙찰
재공고,LCF0064,2,05185,***,"베어링,슬리브형 등 2항목 제조(생산능력, 기장)",2022,LCF,육군군수사령부,수의계약,총액제,적격심사제,202203291430,20220329,유찰
재공고,LCF0066,2,05187,***,"제어장치 조립체 등 3항목 제조(생산능력, 기장)",2022,LCF,육군군수사령부,수의계약,총액제,적격심사제,202203291430,20220329,유찰
재공고,LCF0068,2,05196,***,"케이블 조립체,전기용 등 2항목 제조(생산능력, 기장)",2022,LCF,육군군수사령부,수의계약,총액제,적격심사제,202203291430,20220329,유찰
재공고,LCF0073,2,05224,***,"파이프 조립체 등 32항목 제조(생산능력, 기장)",2022,LCF,육군군수사령부,제한경쟁,총액제,적격심사제,202203291430,20220329,유찰
재공고,LCF0074,2,05231,***,"진공탱크 조립체 등 5항목 제조(생산능력, 기장)",2022,LCF,육군군수사령부,수의계약,총액제,적격심사제,202203291430,20220329,유찰
재공고,LCF0114,2,05317,***,개스킷(흡기 다기관용) 등 25항목 제조(기장),2022,LCF,육군군수사령부,수의계약,총액제,적격심사제,202203291430,20220329,유찰
재공고,LCF0111,2,05323,***,"스프링,나선형,압축 등 27항목 제조(기장)",2022,LCF,육군군수사령부,수의계약,총액제,적격심사제,202203291430,20220329,유찰
재공고,LCF0108,2,05328,***,"클램프,호스용 등 29항목 제조(기장)",2022,LCF,육군군수사령부,수의계약,총액제,적격심사제,202203291430,20220329,유찰
재공고,LCF0048,2,05965,***,"회전자,발전기용 등 14항목 제조(생산능력,특무)",2022,LCF,육군군수사령부,수의계약,총액제,적격심사제,202203291030,20220329,유찰
재공고,LCF0047,2,05969,***,"핀-리벳 등 44항목 제조(생산능력,특무)",2022,LCF,육군군수사령부,수의계약,총액제,적격심사제,202203291030,20220329,유찰
재공고,LCF0046,2,05970,***,"볼트,내부렌치형 등 92항목 제조(생산능력,특무)",2022,LCF,육군군수사령부,수의계약,총액제,적격심사제,202203291030,20220329,유찰
재공고,LCF0130,2,07352,***,연마지 등 3항목 제조(궤도),2022,LCF,육군군수사령부,제한경쟁,총액제,적격심사제,202203291030,20220329,낙찰
재공고,LCF0123,2,07359,***,"축,구동용,가용성 등 21항목 제조(궤도)",2022,LCF,육군군수사령부,제한경쟁,총액제,적격심사제,202203291030,20220329,낙찰
재공고,LCF0122,2,07360,***,"호스 조립체,비금속제 등 36항목 제조(궤도)",2022,LCF,육군군수사령부,제한경쟁,총액제,적격심사제,202203291030,20220329,낙찰
재공고,LCF0120,2,07362,***,"분리기,물분리용,액체연료식 등 5항목 제조(궤도)",2022,LCF,육군군수사령부,제한경쟁,총액제,적격심사제,202203291030,20220329,낙찰
재공고,LCF0118,2,07364,***,시일(VARI)등 11항목 제조(궤도),2022,LCF,육군군수사령부,제한경쟁,총액제,적격심사제,202203291030,20220329,낙찰
재공고,LCF0086,2,07593,***,"부싱,슬리브형 등 25항목 제조(생산능력,궤도)",2022,LCF,육군군수사령부,수의계약,총액제,적격심사제,202203291030,20220329,유찰
재공고,LCF0088,2,07595,***,"다기관,흡입용 등 9항목 제조(생산능력,궤도)",2022,LCF,육군군수사령부,수의계약,총액제,적격심사제,202203291030,20220329,유찰
재공고,LCF0089,2,07596,***,"튜브 조립체,금속제 등 29항목 제조(생산능력,궤도)",2022,LCF,육군군수사령부,수의계약,총액제,적격심사제,202203291030,20220329,유찰
재공고,LCF0090,2,07597,***,"리엑터 조립체 등 8항목 제조(생산능력,궤도)",2022,LCF,육군군수사령부,수의계약,총액제,적격심사제,202203291030,20220329,순위확정
재공고,LCF0092,2,07599,***,"베어링,롤러 등 50항목 제조(생산능력,궤도)",2022,LCF,육군군수사령부,수의계약,총액제,적격심사제,202203291030,20220329,유찰
재공고,LCF0094,2,07601,***,"회로카드 조립체 등 1항목 제조(생산능력,궤도)",2022,LCF,육군군수사령부,제한경쟁,총액제,적격심사제,202203291030,20220329,유찰
재공고,LCF0095,2,07602,***,"회로카드 조립체 등 5항목 제조(생산능력,궤도)",2022,LCF,육군군수사령부,수의계약,총액제,적격심사제,202203291030,20220329,유찰
재공고,LCF0096,2,07603,***,"다기관조립체 등 31항목 제조(생산능력,궤도)",2022,LCF,육군군수사령부,수의계약,총액제,적격심사제,202203291030,20220329,유찰
재공고,LCF0097,3,07604,***,"스파이더,제동기용 등 8항목 제조(생산능력,궤도)",2022,LCF,육군군수사령부,수의계약,총액제,적격심사제,202203291030,20220329,유찰
재공고,LCF0098,2,07605,***,"축,어깨형 등 8항목 제조(생산능력,궤도)",2022,LCF,육군군수사령부,수의계약,총액제,적격심사제,202203291030,20220329,유찰
재공고,LCF0099,2,07606,***,"유니버설조인트 등 2항목 제조(생산능력,궤도)",2022,LCF,육군군수사령부,수의계약,총액제,적격심사제,202203291030,20220329,유찰
정상공고,LCF0207,1,07848,***,"브레이크 슈 등 30항목 제조(생산능력, 기장)",2022,LCF,육군군수사령부,제한경쟁,총액제,적격심사제,202203291430,20220329,낙찰
정상공고,LCF0203,1,07851,***,"만곡부,차량지붕용 등 14항목 제조(생산능력, 기장)",2022,LCF,육군군수사령부,제한경쟁,총액제,적격심사제,202203291430,20220329,유찰
정상공고,LCF0199,1,07852,***,"엘보,튜브용 등 44항목 제조(생산능력, 일장)",2022,LCF,육군군수사령부,제한경쟁,총액제,적격심사제,202203291430,20220329,유찰
정상공고,LCF0196,1,07854,***,"프로펠러 축,비차량 등 15항목 제조(생산능력, 일장)",2022,LCF,육군군수사령부,수의계약,총액제,적격심사제,202203291430,20220329,유찰
정상공고,LCF0195,1,07855,***,"개스킷 등 71항목 제조(생산능력, 일장)",2022,LCF,육군군수사령부,제한경쟁,총액제,적격심사제,202203291430,20220329,유찰
정상공고,LCF0210,1,07856,***,"밸브,조절용,유압식 등 5항목 제조(생산능력, 일장)",2022,LCF,육군군수사령부,수의계약,총액제,적격심사제,202203291430,20220329,유찰
정상공고,LCF0194,1,07857,***,"잠망경 하부조립체 등 2항목 제조(생산능력, 일장)",2022,LCF,육군군수사령부,수의계약,총액제,적격심사제,202203291430,20220329,유찰
정상공고,LCF0193,1,07859,***,"기어,전동장치용 등 29항목 제조(생산능력, 일장)",2022,LCF,육군군수사령부,수의계약,총액제,적격심사제,202203291430,20220329,유찰
정상공고,LCF0191,1,07861,***,"뚜껑,압력용 등 30항목 제조(생산능력, 일장)",2022,LCF,육군군수사령부,제한경쟁,총액제,적격심사제,202203291430,20220329,유찰
정상공고,LCF0190,1,07862,***,"고공가설작업기구 등 2항목 제조(생산능력, 일장)",2022,LCF,육군군수사령부,수의계약,총액제,적격심사제,202203291430,20220329,순위확정
정상공고,LCF0185,1,07863,***,"밸브,연료 장치용 등 4항목 제조(생산능력, 일장)",2022,LCF,육군군수사령부,수의계약,총액제,적격심사제,202203291430,20220329,유찰
정상공고,LCF0184,1,07864,***,"핀,직선형,유두형 등 325항목 제조(생산능력, 일장)",2022,LCF,육군군수사령부,수의계약,총액제,적격심사제,202203291430,20220329,유찰
정상공고,LCF0198,1,07865,***,"제어장치 등 6항목 제조(생산능력, 일장)",2022,LCF,육군군수사령부,제한경쟁,총액제,적격심사제,202203291430,20220329,낙찰
정상공고,LCF0183,1,07867,***,"호스,흡입용 등 70항목 제조(생산능력, 일장)",2022,LCF,육군군수사령부,제한경쟁,총액제,적격심사제,202203291430,20220329,낙찰
정상공고,LCF0227,1,08355,***,"너트,슬리브용 등 19항목 제조(생산능력,총포)",2022,LCF,육군군수사령부,수의계약,총액제,적격심사제,202203291030,20220329,유찰
정상공고,LCF0228,1,08356,***,"베어링,볼형,환상형 등 1항목 제조(생산능력,총포)",2022,LCF,육군군수사령부,수의계약,총액제,적격심사제,202203291030,20220329,유찰
정상공고,LCF0229,1,08357,***,"튜브 조립체,금속제 등 4항목 제조(생산능력,총포)",2022,LCF,육군군수사령부,수의계약,총액제,적격심사제,202203291030,20220329,유찰
정상공고,LCF0230,1,08358,***,"축 등 4항목 제조(생산능력,총포)",2022,LCF,육군군수사령부,수의계약,총액제,적격심사제,202203291030,20220329,유찰
정상공고,LCF0231,1,08359,***,"판,지지용,축용 등 2항목 제조(생산능력,총포)",2022,LCF,육군군수사령부,수의계약,총액제,적격심사제,202203291030,20220329,유찰
정상공고,LCF0212,1,08365,***,"슬라이드,방향제어 등 9항목제조(생산능력,자주포)",2022,LCF,육군군수사령부,수의계약,총액제,적격심사제,202203291030,20220329,유찰
정상공고,LCF0214,1,08367,***,"기어,나선형 등 14항목 제조(생산능력,자주포)",2022,LCF,육군군수사령부,수의계약,총액제,적격심사제,202203291030,20220329,유찰
정상공고,LCF0216,1,08369,***,"롤러,베어링용 등 6항목 제조(생산능력,자주포)",2022,LCF,육군군수사령부,수의계약,총액제,적격심사제,202203291030,20220329,유찰
정상공고,LCF0218,1,08370,***,"부싱,슬리브형 등 14항목 제조(생산능력,자주포)",2022,LCF,육군군수사령부,제한경쟁,총액제,적격심사제,202203291030,20220329,유찰
정상공고,LCF0219,1,08371,***,"니플,튜브용 등 93항목 제조(생산능력,자주포)",2022,LCF,육군군수사령부,수의계약,총액제,적격심사제,202203291030,20220329,유찰
정상공고,LCF0222,1,08374,***,"배선장치,갈래형 등 7항목 제조(생산능력,자주포)",2022,LCF,육군군수사령부,제한경쟁,총액제,적격심사제,202203291030,20220329,유찰
정상공고,LCF0180,1,08841,***,핀 조립체 등 499항목 제조(궤도),2022,LCF,육군군수사령부,수의계약,총액제,적격심사제,202203291030,20220329,순위확정
정상공고,LCF0181,1,08842,***,볼형 베어링 등 12항목 구매(궤도),2022,LCF,육군군수사령부,제한경쟁,총액제,적격심사제,202203291030,20220329,순위확정
정상공고,LCF0209,1,08979,***,"노즐,앞유리창 등 36항목 제조(생산능력, 기장)",2022,LCF,육군군수사령부,수의계약,총액제,적격심사제,202203291430,20220329,유찰
정상공고,LCF0211,1,08990,***,"체인조립체,타이어용 등 3항목 제조(생산능력, 기장)",2022,LCF,육군군수사령부,제한경쟁,총액제,적격심사제,202203291430,20220329,낙찰
정상공고,LCF0224,1,09131,***,"리테이너 및 롤러용 등 8항목 제조(생산능력,총포)",2022,LCF,육군군수사령부,수의계약,총액제,적격심사제,202203291030,20220329,유찰
정상공고,LCF0225,1,09132,***,"간,조준용 등 23항목 제조(생산능력,총포)",2022,LCF,육군군수사령부,제한경쟁,총액제,적격심사제,202203291030,20220329,유찰
정상공고,LCF0226,1,09133,***,"안전장치,인원보호용 등 71항목 제조(생산능력,총포)",2022,LCF,육군군수사령부,수의계약,총액제,적격심사제,202203291030,20220329,유찰
긴급공고,LCF0265,1,09503,***,무인경계시스템(CCTV) 정비(용역),2022,LCF,육군군수사령부,제한경쟁,총액제,적격심사제,202203291030,20220329,낙찰
재공고,LCG0023,2,04712,***,22년 육군 SNS 운영전략 컨설팅 용역,2022,LCG,육군본부,수의계약,총액제,최저가격제,202203291000,20220329,유찰
정정공고,LCM0008,3,03750,***,’22년 전투발전 연구과제 용역(2),2022,LCM,육군교육사령부,수의계약,총액제,최저가격제,202203291300,20220329,유찰
재공고,LCM0009,2,03809,***,’22년 전투발전 연구과제 용역(3),2022,LCM,육군교육사령부,수의계약,총액제,최저가격제,202203291300,20220329,유찰
긴급공고,LCM0015,1,05808,***,그룹/팀코칭 프로그램 개발,2022,LCM,육군교육사령부,수의계약,총액제,최저가격제,202203291300,20220329,유찰
재공고,LDH0267,2,07937,***,(화공) 액체그리스등 39종 구매,2022,LDH,육군종합정비창,수의계약,총액제,적격심사제,202203291300,20220329,유찰
정상공고,LDH0292,1,08879,***,탐지레이더 가스켓 등 44종 구매,2022,LDH,육군종합정비창,수의계약,총액제,적격심사제,202203291300,20220329,순위확정
정상공고,LDH0293,1,08880,***,오리콘 단자용판 등 17종 구매,2022,LDH,육군종합정비창,제한경쟁,총액제,적격심사제,202203291300,20220329,낙찰
정상공고,LDH0294,1,08881,***,오리콘 오링 등 27종 구매,2022,LDH,육군종합정비창,제한경쟁,총액제,적격심사제,202203291300,20220329,낙찰
정상공고,LDH0295,1,08882,***,탐지레이더 전자구성품조립체 등 14종 구매,2022,LDH,육군종합정비창,제한경쟁,총액제,적격심사제,202203291300,20220329,낙찰
정상공고,LDH0297,1,08912,***,통신장비 광신호용케이블조립체 2종 구매,2022,LDH,육군종합정비창,제한경쟁,총액제,적격심사제,202203291300,20220329,낙찰
정상공고,LDH0298,1,08951,***,(일장) 다목적굴착기 절연체등 12종구매,2022,LDH,육군종합정비창,제한경쟁,총액제,적격심사제,202203291300,20220329,낙찰
긴급공고,LGP0108,1,09044,***,22년 고압가스(아세틸렌 가스충전 및 용기검사),2022,LGP,제1군수지원사령부,일반경쟁,총액제,적격심사제,202203291030,20220329,낙찰
긴급공고,LGP0109,1,09073,***,22년 화공가스(충전 및 용기검사/밸브교체)구매,2022,LGP,제1군수지원사령부,일반경쟁,총액제,적격심사제,202203291030,20220329,낙찰
긴급공고,LKS0024,1,05666,***,통섭형 인재 육성을 위한 직무순환 방안 연구 용역,2022,LKS,육군인사사령부,2단계경쟁(동시),총액제,최저가격제,202203291030,20220329,낙찰
긴급공고,LKS0025,1,06092,***,군무원 적정 충원 비율에 관한 연구 용역,2022,LKS,육군인사사령부,수의계약,총액제,최저가격제,202203291030,20220329,유찰
긴급공고,LKT0009,1,09419,***,'22년 병영시설 에어컨 설치납품,2022,LKT,제1989부대,제한경쟁,총액제,적격심사제,202203291030,20220329,낙찰
긴급공고,LNF0006,1,08589,***,'22년 화재진압장비 구매,2022,LNF,제1보병사단,제한경쟁,총액제,적격심사제,202203291030,20220329,낙찰
정정공고,LPG0015,2,08823,***,렌탈프린터 임차용역 (AA-22010),2022,LPG,제5보병사단,제한경쟁,총액제,적격심사제,202203291100,20220329,낙찰
정상공고,MCD0008,1,07456,***,22년 국방부 전화화상 외국어 위탁운영,2022,MCD,국방부(운영지원과),협상에의한계약(전자),총액제,최저가격제,202203291030,20220329,낙찰
정상공고,MDG0077,1,09025,***,22~23년 장비운영소모품 구매 (병리8),2022,MDG,국군의무사령부,제한경쟁,총액제,적격심사제,202203291100,20220329,유찰
정상공고,MDG0078,1,09026,***,22~23년 장비운영소모품 구매 (치과),2022,MDG,국군의무사령부,제한경쟁,총액제,적격심사제,202203291100,20220329,낙찰
재공고,MFK0003,2,07444,***,2022년 교육훈련용 물품(기구) 제조/구매,2022,MFK,제9912부대,제한경쟁,총액제,적격심사제,202203291100,20220329,유찰
재공고,MFK0004,2,07476,***,2022년 항공전단작전 자재개선 제조/구매,2022,MFK,제9912부대,제한경쟁,총액제,적격심사제,202203291100,20220329,유찰
긴급공고,MHD0023,1,08763,***,방위사업 원가계산 외부용역(3차),2022,MHD,방위사업청(운영지원과),협상에의한계약(전자),총액제,최저가격제,202203291500,20220329,낙찰
긴급공고,SCF0107,1,02683,***,00함 엔진 윤활유 구매,2022,SCF,해군군수사령부,제한경쟁,총액제,적격심사제,202203291030,20220329,낙찰
긴급공고,SCF0016,1,03674,***,"'22년 잠수함(SS-I,II) 직류 전동기 정비",2022,SCF,해군군수사령부,일반경쟁,총액제,적격심사제,202203291030,20220329,낙찰
긴급공고,SCF0113,1,03951,***,"간격유지기, 봉합식 1종 구매",2022,SCF,해군군수사령부,제한경쟁,총액제,적격심사제,202203291030,20220329,낙찰
재공고,SCF0102,2,05127,***,"(긴급) 압축기, 인젝터 스피링용 등 15종 구매",2022,SCF,해군군수사령부,제한경쟁,총액제,적격심사제,202203291030,20220329,낙찰
재공고,SCF0106,2,05150,***,내수압 청동 1종,2022,SCF,해군군수사령부,수의계약,총액제,적격심사제,202203291030,20220329,유찰
재공고,SCF0108,2,05152,***,황동괴 1종,2022,SCF,해군군수사령부,수의계약,총액제,적격심사제,202203291030,20220329,유찰
긴급공고,SCF0015,1,05552,***,함정 격실 개조 외주정비,2022,SCF,해군군수사령부,일반경쟁,총액제,적격심사제,202203291030,20220329,낙찰
재공고,SCF0095,2,06149,***,"(긴급)나사,캡식,6각 머리형 등 21종",2022,SCF,해군군수사령부,제한경쟁,총액제,적격심사제,202203291030,20220329,유찰
재공고,SCF0097,2,06171,***,"(긴급)플랜지,파이프용,폐쇄형 등 30종",2022,SCF,해군군수사령부,제한경쟁,총액제,적격심사제,202203291030,20220329,유찰
긴급공고,SCF0104,1,06359,***,"펌프조립체,기어식 등 14종 구매",2022,SCF,해군군수사령부,제한경쟁,총액제,적격심사제,202203291030,20220329,낙찰
긴급공고,SCF0115,1,06436,***,전기 히터 등 6종 구매,2022,SCF,해군군수사령부,제한경쟁,총액제,적격심사제,202203291030,20220329,낙찰
긴급공고,SCF0102,1,06671,001,여군 흑단화 등 2종 구매,2022,SCF,해군군수사령부,제한경쟁,단가제,적격심사제,202203291030,20220329,낙찰
긴급공고,SCF0102,1,06671,002,여군 흑단화 등 2종 구매,2022,SCF,해군군수사령부,제한경쟁,단가제,적격심사제,202203291030,20220329,낙찰
긴급공고,SCF0108,1,07130,***,"양극, 부식방지용 등 9종 구매",2022,SCF,해군군수사령부,제한경쟁,총액제,적격심사제,202203291030,20220329,낙찰
긴급공고,SCF0112,1,07153,***,앵글밸브 등 3종 구매,2022,SCF,해군군수사령부,제한경쟁,총액제,적격심사제,202203291030,20220329,순위확정
긴급공고,SCF0109,1,07334,***,브레이크오일교환기 등 3종 구매,2022,SCF,해군군수사령부,제한경쟁,총액제,적격심사제,202203291030,20220329,낙찰
재공고,SCF0011,2,07505,***,PKG D/E 감속기어 축계 중심정렬 용역,2022,SCF,해군군수사령부,일반경쟁,총액제,적격심사제,202203291030,20220329,낙찰
긴급공고,SCF0105,1,07683,***,가스총 1종 구매,2022,SCF,해군군수사령부,제한경쟁,총액제,적격심사제,202203291030,20220329,낙찰
긴급공고,SCF0144,1,08011,***,"(긴급) 밸브,버섯형,엔진용 등 13종 구매",2022,SCF,해군군수사령부,제한경쟁,총액제,적격심사제,202203291030,20220329,낙찰
긴급공고,SCF0141,1,08050,***,(긴급) 회로차단기 등 4종,2022,SCF,해군군수사령부,제한경쟁,총액제,적격심사제,202203291030,20220329,낙찰
긴급공고,SCF0017,1,08382,***,'22 ~'23년 문서소독기 유지보수 용역,2022,SCF,해군군수사령부,일반경쟁,총액제,적격심사제,202203291030,20220329,낙찰
긴급공고,SCF0143,1,08555,***,"(긴급) 감압변, 50A 등 8종 구매",2022,SCF,해군군수사령부,제한경쟁,총액제,적격심사제,202203291030,20220329,낙찰
긴급공고,SCF0110,1,08603,***,"밸브, 솔레노이드용 1종 구매",2022,SCF,해군군수사령부,제한경쟁,총액제,적격심사제,202203291030,20220329,순위확정
긴급공고,SCF0111,1,08611,***,친환경 금속 녹 세정제 등 3종 구매,2022,SCF,해군군수사령부,제한경쟁,총액제,적격심사제,202203291030,20220329,낙찰
긴급공고,SCF0152,1,09402,***,(긴급) 실린더 라이너 등 65종 구매,2022,SCF,해군군수사령부,제한경쟁,총액제,적격심사제,202203291030,20220329,낙찰
긴급공고,SCN0033,1,09094,***,공기청정기 필터 등 4종,2022,SCN,제7001부대,제한경쟁,총액제,적격심사제,202203291030,20220329,낙찰
재공고,SFC0026,2,04770,***,4차 산업혁명 전장기능별 무기체계 소요 연구 용역,2022,SFC,제9691부대,2단계경쟁(동시),총액제,최저가격제,202203291030,20220329,낙찰
재공고,SFC0027,2,04772,***,사단정찰용 UAV 백령도서내 운용 가능성 연구,2022,SFC,제9691부대,2단계경쟁(동시),총액제,최저가격제,202203291030,20220329,낙찰
긴급공고,SFC0032,1,06626,***,해병대 인력획득체계 분석 발전 방향 연구 용역,2022,SFC,제9691부대,2단계경쟁(동시),총액제,최저가격제,202203291030,20220329,낙찰
긴급공고,SFC0033,1,06627,***,해병대 과학화예비군 훈련장 발전방안 연구 용역,2022,SFC,제9691부대,2단계경쟁(동시),총액제,최저가격제,202203291030,20220329,낙찰
정상공고,UAC0014,1,08253,***,인쇄재료 14종 구매,2022,UAC,국방출판지원단,제한경쟁,총액제,적격심사제,202203291100,20220329,낙찰
정상공고,UMM0112,1,02222,***,(227032-C) 병원장비운영소모품 96품목 구매,2022,UMM,국군재정관리단,일반경쟁,총액제,적격심사제,202203291100,20220329,낙찰
정상공고,UMM0110,1,03248,***,(227045-F)병리장비운영소모품 117종 구매,2022,UMM,국군재정관리단,일반경쟁,총액제,적격심사제,202203291100,20220329,낙찰
정상공고,UMM0174,1,03722,***,22-P-조경관리 용역,2022,UMM,국군재정관리단,일반경쟁,총액제,적격심사제,202203291100,20220329,낙찰
재공고,UMM0125,2,03797,***,통신전자장비 전계강도 측정분석장비 개발,2022,UMM,국군재정관리단,수의계약,총액제,적격심사제,202203291100,20220329,유찰
정상공고,UMM0107,1,05143,***,(22G039-I) '22년 임상병리 위수탁 검사 용역,2022,UMM,국군재정관리단,일반경쟁,총액제,적격심사제,202203291100,20220329,낙찰
재공고,UMM0144,2,05571,***,22년 위탁물품 가격조사 용역,2022,UMM,국군재정관리단,일반경쟁,총액제,적격심사제,202203291100,20220329,낙찰
정상공고,UMM0173,1,05847,***,상륙군장비수송선 등 8척 임차용역,2022,UMM,국군재정관리단,일반경쟁,총액제,적격심사제,202203291100,20220329,낙찰
긴급공고,UMM0108,1,06408,***,에듀테크 기반 공군 학습포털 재구축 사업(229042-F),2022,UMM,국군재정관리단,2단계경쟁(동시),총액제,최저가격제,202203291300,20220329,낙찰
정상공고,UMM0108,1,06576,***,(22G037-I) 유가족 유전자검사 위탁용역,2022,UMM,국군재정관리단,일반경쟁,총액제,적격심사제,202203291100,20220329,낙찰
정상공고,UMM0109,1,06808,***,(227106-F)22년 윈도우7 보안패치SW 구매,2022,UMM,국군재정관리단,일반경쟁,총액제,적격심사제,202203291100,20220329,낙찰
정상공고,UMM0172,1,08303,***,22-해-모범장병 및 군무원 국내시찰,2022,UMM,국군재정관리단,제한경쟁,총액제,적격심사제,202203291100,20220329,낙찰
긴급공고,LCM0007,1,03737,***,’22년 전투발전 연구과제 용역(1),2022,LCM,육군교육사령부,2단계경쟁(동시),총액제,최저가격제,202203281300,20220328,낙찰
긴급공고,LCM0010,1,03814,***,’22년 전투발전 연구과제 용역(4),2022,LCM,육군교육사령부,2단계경쟁(동시),총액제,최저가격제,202203281300,20220328,낙찰
긴급공고,LCM0011,1,03816,***,'22년 전투발전 연구용역 과제 세미나 수행 용역(5),2022,LCM,육군교육사령부,2단계경쟁(동시),총액제,최저가격제,202203281300,20220328,낙찰
긴급공고,LCM0016,1,05819,***,"부사관, 군무원의 리더십 진단문항 개발 용역",2022,LCM,육군교육사령부,2단계경쟁(동시),총액제,최저가격제,202203281000,20220328,낙찰
재공고,LDH0231,2,06993,***,(정비) 콤보스파이럴탭등63종 구매,2022,LDH,육군종합정비창,수의계약,총액제,적격심사제,202203281300,20220328,유찰
재공고,LDH0234,2,06997,***,(정비) 자동차광용접맨보호판등13종 구매,2022,LDH,육군종합정비창,제한경쟁,총액제,적격심사제,202203281300,20220328,유찰
정상공고,LDH0247,1,07184,***,주퇴복좌장치 스프링분해조립장비개발 소요자재 구매,2022,LDH,육군종합정비창,수의계약,총액제,최저가격제,202203281300,20220328,유찰
재공고,LDH0257,2,07775,***,(화공) 건조제등21종 구매,2022,LDH,육군종합정비창,제한경쟁,총액제,적격심사제,202203281300,20220328,유찰
재공고,LDH0258,2,07778,***,(화공) 니켈광택지등15종 구매,2022,LDH,육군종합정비창,제한경쟁,총액제,적격심사제,202203281300,20220328,유찰
재공고,LDH0260,2,07785,***,(화공) 아세톤등21종 구매,2022,LDH,육군종합정비창,수의계약,총액제,적격심사제,202203281300,20220328,유찰
재공고,LDH0262,2,07792,***,(화공) 개스킷등 32종 구매,2022,LDH,육군종합정비창,수의계약,총액제,적격심사제,202203281300,20220328,유찰
긴급공고,LGP0110,1,09212,001,'22년 부대조달 후식(가공품) 조각케익 구매,2022,LGP,제1군수지원사령부,일반경쟁,단가제,적격심사제,202203281100,20220328,낙찰
긴급공고,LKH0005,1,04367,***,'22년 예비군도시락 제조납품(1권역),2022,LKH,제6128부대,협상에의한계약(전자),총액제,최저가격제,202203281000,20220328,유찰
정정공고,LKH0006,2,04368,***,'22년 예비군도시락 제조납품(2권역),2022,LKH,제6128부대,협상에의한계약(전자),총액제,최저가격제,202203281000,20220328,유찰
긴급공고,LKS0022,1,05612,***,'22년 계룡스파텔 시설개선사업 선행연구 용역,2022,LKS,육군인사사령부,2단계경쟁(동시),총액제,최저가격제,202203281030,20220328,낙찰
재공고,LMK0013,2,08127,***,차기다련장 8차 시설사업 관급자재(혼합골재),2022,LMK,제6보병사단,수의계약,총액제,적격심사제,202203281100,20220328,유찰
긴급공고,LPG0014,1,08297,001,22년 유해발굴 및 지뢰제거작전 투입장병 도시락 납품,2022,LPG,제5보병사단,수의계약,단가제,최저가격제,202203281100,20220328,유찰
정상공고,MCD0007,1,07208,***,'22년 국방부 전화친절도 조사 용역,2022,MCD,국방부(운영지원과),협상에의한계약(전자),총액제,최저가격제,202203281030,20220328,낙찰
정상공고,MFL0003,1,07986,***,22년 외국군사자료 번역,2022,MFL,합동참모본부,협상에의한계약(전자),총액제,최저가격제,202203281500,20220328,낙찰
정상공고,SCG0022,1,06591,***,22-이맹기 제독 평전 연구 용역,2022,SCG,해군본부,2단계경쟁(동시),총액제,최저가격제,202203281100,20220328,낙찰
재공고,SFC0020,2,04489,***,22-해병 디자인홍보물품 제조 구매,2022,SFC,제9691부대,2단계경쟁(동시),총액제,최저가격제,202203281030,20220328,유찰
재공고,SFC0021,2,04504,***,해병대 디자인 컨텐츠 제작 용역,2022,SFC,제9691부대,2단계경쟁(동시),총액제,최저가격제,202203281030,20220328,낙찰
정정공고,SFC0022,3,04507,***,'22년 해병대 정신전력 영상교재 제작 용역,2022,SFC,제9691부대,2단계경쟁(동시),총액제,최저가격제,202203281030,20220328,낙찰
연기공고,UMM0165,2,01351,***,"22-공-이동형, 공기조절기 구매",2022,UMM,국군재정관리단,일반경쟁,총액제,적격심사제,202203281100,20220328,낙찰
정상공고,UMM0099,1,03322,***,(227046-B) 병리장비운영소모품 36품목 구매,2022,UMM,국군재정관리단,일반경쟁,총액제,적격심사제,202203281100,20220328,낙찰
정상공고,UMM0101,1,04132,***,(226055-F)군사경찰피복(반조봉 등 9종) 구매,2022,UMM,국군재정관리단,제한경쟁,총액제,적격심사제,202203281100,20220328,낙찰
연기공고,UMM0164,2,05222,***,22-해-건식청락기 구매,2022,UMM,국군재정관리단,제한경쟁,총액제,적격심사제,202203281100,20220328,낙찰
정상공고,UMM0105,1,06556,***,(227095-C) 특수수술재료 구매,2022,UMM,국군재정관리단,일반경쟁,총액제,적격심사제,202203281100,20220328,낙찰
정상공고,UMM0104,1,06594,***,(227101-C) 안테나 제작용 자재(재료) 구매,2022,UMM,국군재정관리단,제한경쟁,총액제,적격심사제,202203281100,20220328,낙찰
정상공고,UMM0102,1,08677,***,(226093-D) 육군 수첩표지 제조,2022,UMM,국군재정관리단,제한경쟁,총액제,적격심사제,202203281100,20220328,낙찰
정상공고,UMM0171,1,08709,***,22-공-공기호흡기 구매,2022,UMM,국군재정관리단,제한경쟁,총액제,적격심사제,202203281100,20220328,낙찰
긴급공고,HCC0017,1,08981,***,"나침의, 자기식, 설치형 등 6종 구매(22035, 22050)",2022,HCC,해군제1수리창,제한경쟁,총액제,적격심사제,202203251030,20220325,낙찰
긴급공고,HCC0018,1,09002,***,윤활방청제 등 252품목 구매(22034),2022,HCC,해군제1수리창,제한경쟁,총액제,적격심사제,202203251030,20220325,낙찰
긴급공고,HCC0019,1,09062,***,목장갑 등 102종 구매(22-10),2022,HCC,해군제1수리창,제한경쟁,총액제,적격심사제,202203251030,20220325,낙찰
재공고,HCF0023,2,05318,***,냉동고기 슬라이서 등 3종 구매,2022,HCF,공군군수사령부,제한경쟁,총액제,적격심사제,202203251030,20220325,유찰
정상공고,LCF0179,1,07582,***,"천,청소용,슬리브용 등 8항목 구매(자주포)",2022,LCF,육군군수사령부,제한경쟁,총액제,적격심사제,202203251030,20220325,낙찰
정상공고,LCF0178,1,07583,***,"허브,몸체용 등 18항목 제조(생산능력,자주포)",2022,LCF,육군군수사령부,수의계약,총액제,적격심사제,202203251030,20220325,유찰
정상공고,LCF0177,1,07584,***,"필터엘리먼트 등 6항목 제조(생산능력,자주포)",2022,LCF,육군군수사령부,수의계약,총액제,적격심사제,202203251030,20220325,유찰
정상공고,LCF0176,1,07586,***,"보조통접착물,추출용 등 3항목 제조(자주포)",2022,LCF,육군군수사령부,제한경쟁,총액제,적격심사제,202203251030,20220325,낙찰
정상공고,LCF0175,1,07587,***,"스프링,나선형,압축 등 47항목 제조(자주포)",2022,LCF,육군군수사령부,제한경쟁,총액제,적격심사제,202203251030,20220325,낙찰
정상공고,LCF0174,1,07588,***,"클램프,루프형 등 27항목 제조(자주포)",2022,LCF,육군군수사령부,제한경쟁,총액제,적격심사제,202203251030,20220325,유찰
정정공고,LCF0173,2,07589,***,게이지블록 등 6항목 제조(자주포),2022,LCF,육군군수사령부,제한경쟁,총액제,적격심사제,202203251030,20220325,순위확정
정상공고,LCF0171,1,07641,***,"벨트,차량내 안전용 등 20항목 구매(기장)",2022,LCF,육군군수사령부,수의계약,총액제,적격심사제,202203251430,20220325,순위확정
정상공고,LCF0170,1,07642,***,"건조용기,제습기용 등 1항목 구매(기장)",2022,LCF,육군군수사령부,제한경쟁,총액제,적격심사제,202203251430,20220325,낙찰
정상공고,LCF0169,1,07643,***,"손잡이,스위치용 등 2항목 구매(기장)",2022,LCF,육군군수사령부,제한경쟁,총액제,적격심사제,202203251430,20220325,낙찰
정상공고,LCF0168,1,07645,***,문풍지 등 8항목 구매(기장),2022,LCF,육군군수사령부,제한경쟁,총액제,적격심사제,202203251430,20220325,순위확정
정상공고,LCF0166,1,07647,***,브레이크 슈 고정키트 등 3항목 구매(기장),2022,LCF,육군군수사령부,제한경쟁,총액제,적격심사제,202203251430,20220325,유찰
정상공고,LCF0165,1,07648,***,"판,연결용,예열 플러그용 등 17항목 구매(기장)",2022,LCF,육군군수사령부,제한경쟁,총액제,적격심사제,202203251430,20220325,순위확정
정상공고,LCF0164,1,07649,***,차량 고임목(중형) 등 6항목 구매(기장),2022,LCF,육군군수사령부,제한경쟁,총액제,적격심사제,202203251430,20220325,낙찰
정상공고,LCF0163,1,07650,***,"플러그,파이프용 등 24항목 구매(기장)",2022,LCF,육군군수사령부,제한경쟁,총액제,적격심사제,202203251430,20220325,순위확정
정상공고,LCF0162,1,07651,***,"벨트,브이(V)형 등 7항목 구매(기장)",2022,LCF,육군군수사령부,제한경쟁,총액제,적격심사제,202203251430,20220325,낙찰
정상공고,LCF0159,1,07654,***,호스 등 39항목 구매(기장),2022,LCF,육군군수사령부,제한경쟁,총액제,적격심사제,202203251430,20220325,순위확정
정상공고,LCF0158,1,07655,***,"플러그,파이프용 등 5항목 구매(기장)",2022,LCF,육군군수사령부,제한경쟁,총액제,적격심사제,202203251430,20220325,순위확정
정상공고,LCF0157,1,07656,***,체인 핀 등 3항목 구매(기장),2022,LCF,육군군수사령부,제한경쟁,총액제,적격심사제,202203251430,20220325,낙찰
정상공고,LCF0156,1,07657,***,"플랩,내측 튜브용,공기 타이어용 등 7항목 구매(기장)",2022,LCF,육군군수사령부,제한경쟁,총액제,적격심사제,202203251430,20220325,유찰
정상공고,LCF0155,1,07658,***,"유리,접합형 등 3항목 구매(기장)",2022,LCF,육군군수사령부,제한경쟁,총액제,적격심사제,202203251430,20220325,순위확정
정상공고,LCF0131,1,08320,***,포 덮개 조립체 등 16항목 구매(항공),2022,LCF,육군군수사령부,제한경쟁,총액제,적격심사제,202203251130,20220325,낙찰
정상공고,LCF0132,1,08333,***,"창,관찰용 등 7항목 구매(항공)",2022,LCF,육군군수사령부,제한경쟁,총액제,적격심사제,202203251130,20220325,순위확정
정상공고,LCF0133,1,08336,***,통풍 밸브 등 2항목 구매(항공),2022,LCF,육군군수사령부,제한경쟁,총액제,적격심사제,202203251130,20220325,순위확정
정상공고,LCF0141,1,08339,***,"송풍기,환기용 등 4항목 구매(항공)",2022,LCF,육군군수사령부,제한경쟁,총액제,적격심사제,202203251130,20220325,낙찰
정상공고,LCF0172,1,08633,***,카고박스커버 킷트 등 2항목 제조(기장),2022,LCF,육군군수사령부,제한경쟁,총액제,적격심사제,202203251430,20220325,유찰
정상공고,LDH0287,1,08573,***,부품제작자재 고무로프 등 97종 구매,2022,LDH,육군종합정비창,수의계약,총액제,적격심사제,202203251300,20220325,순위확정
정상공고,LDH0288,1,08630,***,K1전차 튜브조립체 4종 구매,2022,LDH,육군종합정비창,제한경쟁,총액제,적격심사제,202203251300,20220325,낙찰
정상공고,LDH0289,1,08631,***,K1전차 호스조립체 2종 구매,2022,LDH,육군종합정비창,제한경쟁,총액제,적격심사제,202203251300,20220325,낙찰
정상공고,LDH0291,1,08640,***,통신장비 수리부속 캐패시터 2종 구매,2022,LDH,육군종합정비창,제한경쟁,총액제,적격심사제,202203251300,20220325,낙찰
재공고,LMG0004,2,01396,***,22년 예비군 도시락 제조납품,2022,LMG,제6군단사령부,수의계약,총액제,최저가격제,202203251300,20220325,유찰
정상공고,LQG0007,1,08602,***,22년 취사피복류 구매(납품),2022,LQG,육군 52보병사단,제한경쟁,총액제,적격심사제,202203251100,20220325,유찰
재공고,MDG0058,2,06456,001,22년 의료폐기물처리용역(국군서울지구병원),2022,MDG,국군의무사령부,제한경쟁,단가제,적격심사제,202203251100,20220325,유찰
정상공고,MDJ0015,1,08115,***,의료용가스(액체산소 등 8종) 연간계약,2022,MDJ,국군대전병원,일반경쟁,총액제,적격심사제,202203251030,20220325,낙찰
정상공고,MDJ0017,1,08309,***,22년 조달 의무장비(치과유니트) 구매,2022,MDJ,국군대전병원,일반경쟁,총액제,적격심사제,202203251030,20220325,유찰
정상공고,MDJ0018,1,08310,***,22년 조달 의무장비(혈액가온장치) 구매,2022,MDJ,국군대전병원,일반경쟁,총액제,적격심사제,202203251030,20220325,낙찰
정상공고,MDJ0019,1,08311,***,22년 조달 의무장비(시약 및 약품냉장고) 구매,2022,MDJ,국군대전병원,일반경쟁,총액제,적격심사제,202203251030,20220325,낙찰
정상공고,MDJ0020,1,08312,***,22년 조달 의무장비(동위원소측정기) 구매,2022,MDJ,국군대전병원,수의계약,총액제,적격심사제,202203251030,20220325,유찰
정상공고,MDJ0021,1,08314,***,22년 조달 의무장비(내시경자동세척기) 구매,2022,MDJ,국군대전병원,일반경쟁,총액제,적격심사제,202203251030,20220325,유찰
긴급공고,MHD0020,1,07752,***,방위사업 원가계산 외부용역(2차),2022,MHD,방위사업청(운영지원과),협상에의한계약(전자),총액제,최저가격제,202203251500,20220325,낙찰
재공고,SCF0096,2,06159,***,"(긴급)판,금속제 등 18종",2022,SCF,해군군수사령부,제한경쟁,총액제,적격심사제,202203251030,20220325,유찰
정상공고,UMM0091,1,04148,***,(226051-B) 군사경찰 피복(작전조끼 등 9종) 제조,2022,UMM,국군재정관리단,제한경쟁,총액제,적격심사제,202203251100,20220325,낙찰
정상공고,UMM0169,1,04846,***,22- 국방시설본부 임대차량 용역(22K015-H),2022,UMM,국군재정관리단,일반경쟁,총액제,적격심사제,202203251100,20220325,낙찰
정상공고,UMM0096,1,05092,***,(227082-C)보장구 구매,2022,UMM,국군재정관리단,일반경쟁,총액제,적격심사제,202203251100,20220325,낙찰
정상공고,UMM0163,1,05914,***,22-공-대형콘크리트 절단기 구매,2022,UMM,국군재정관리단,일반경쟁,총액제,적격심사제,202203251100,20220325,낙찰
정상공고,UMM0098,1,08550,***,(226053-D) 하계 대테러복 등 6종 제조,2022,UMM,국군재정관리단,제한경쟁,총액제,적격심사제,202203251100,20220325,낙찰
재공고,EKA0003,2,5500,***,10톤 상용구난차,2022,EKA,기동총괄계약팀,수의계약,총액제,적격심사제,202203241030,20220324,유찰
정정공고,HCF0007,3,01290,***,보존식 냉동고 등 3종,2022,HCF,공군군수사령부,제한경쟁,총액제,적격심사제,202203241030,20220324,유찰
재공고,HCF0015,2,02663,***,"발전기세트,가솔린엔진식",2022,HCF,공군군수사령부,제한경쟁,총액제,적격심사제,202203241030,20220324,유찰
긴급공고,HCF0039,1,05755,***,"탱크, 용융도금용, 직접 가열식",2022,HCF,공군군수사령부,제한경쟁,총액제,적격심사제,202203241030,20220324,낙찰
긴급공고,HCF0040,1,07203,***,"톱, 원형 등 2종",2022,HCF,공군군수사령부,제한경쟁,총액제,적격심사제,202203241030,20220324,낙찰
재공고,LCF0052,2,05467,***,"UH-60헬기 고도계,압력용 등 4종 정비",2022,LCF,육군군수사령부,수의계약,총액제,적격심사제,202203241030,20220324,유찰
정상공고,LCF0154,1,07368,***,스위치(유압조절기) 등 3항목 구매(궤도),2022,LCF,육군군수사령부,제한경쟁,총액제,적격심사제,202203241030,20220324,낙찰
정상공고,LCF0153,1,07369,***,"센서조립체,바람감지용 등 22항목 구매(궤도)",2022,LCF,육군군수사령부,제한경쟁,총액제,적격심사제,202203241030,20220324,낙찰
정상공고,LCF0152,1,07370,***,브래킷 리셉터클 등 14항목 구매(궤도),2022,LCF,육군군수사령부,제한경쟁,총액제,적격심사제,202203241030,20220324,순위확정
정상공고,LCF0151,1,07371,***,"끈,세폭띠형 등 31항목 구매(궤도)",2022,LCF,육군군수사령부,제한경쟁,총액제,적격심사제,202203241030,20220324,순위확정
정상공고,LCF0150,1,07372,***,"좌석,차량용 등 6항목 구매(궤도)",2022,LCF,육군군수사령부,제한경쟁,총액제,적격심사제,202203241030,20220324,순위확정
정상공고,LCF0149,1,07373,***,"레이저유리(탄약수잠망경,탱크용)등 2항목 구매(궤도)",2022,LCF,육군군수사령부,제한경쟁,총액제,적격심사제,202203241030,20220324,낙찰
정상공고,LCF0148,1,07375,***,"필터,유체용 등 7항목 구매(궤도)",2022,LCF,육군군수사령부,제한경쟁,총액제,적격심사제,202203241030,20220324,낙찰
정상공고,LCF0147,1,07376,***,증폭기 등 31항목 구매(궤도),2022,LCF,육군군수사령부,제한경쟁,총액제,적격심사제,202203241030,20220324,낙찰
정상공고,LCF0146,1,07377,***,"덮개,차량구성품용(차량덮개) 등 9항목 구매(궤도)",2022,LCF,육군군수사령부,제한경쟁,총액제,적격심사제,202203241030,20220324,낙찰
정상공고,LCF0145,1,07378,***,좌측홀드조립체 등 12항목 구매(궤도),2022,LCF,육군군수사령부,제한경쟁,총액제,적격심사제,202203241030,20220324,순위확정
정상공고,LCF0144,1,07379,***,"엘보,튜브 및 보스 연결용 등 17항목 구매(궤도)",2022,LCF,육군군수사령부,제한경쟁,총액제,적격심사제,202203241030,20220324,낙찰
정상공고,LCF0143,1,07380,***,우측홀드조립체 등 23항목 구매(궤도),2022,LCF,육군군수사령부,제한경쟁,총액제,적격심사제,202203241030,20220324,낙찰
정상공고,LCF0142,1,07381,***,하부링조립체 등 4항목 구매(궤도),2022,LCF,육군군수사령부,제한경쟁,총액제,적격심사제,202203241030,20220324,순위확정
정상공고,LCF0140,1,07382,***,변환기조립체 등 12항목 구매(궤도),2022,LCF,육군군수사령부,제한경쟁,총액제,적격심사제,202203241030,20220324,순위확정
정상공고,LCF0138,1,07384,***,"펌프,유압용 등 12항목 구매(궤도)",2022,LCF,육군군수사령부,제한경쟁,총액제,적격심사제,202203241030,20220324,낙찰
정상공고,LCF0137,1,07385,***,수압기중기 모터(휀) 등 3항목 구매(궤도),2022,LCF,육군군수사령부,제한경쟁,총액제,적격심사제,202203241030,20220324,낙찰
정상공고,LCF0136,1,07386,***,"실린더,유압완충장치용 등 1항목 구매(궤도)",2022,LCF,육군군수사령부,제한경쟁,총액제,적격심사제,202203241030,20220324,순위확정
정상공고,LCF0135,1,07387,***,"완제품 고무,로드휠(천마) 등 4항목 구매(궤도)",2022,LCF,육군군수사령부,제한경쟁,총액제,적격심사제,202203241030,20220324,순위확정
정상공고,LCF0134,1,07388,***,"부품키트,서보장치조립체,고각용등 21항목 구매(궤도)",2022,LCF,육군군수사령부,제한경쟁,총액제,적격심사제,202203241030,20220324,낙찰
재공고,LCG0012,3,02660,***,전자기스펙트럼 측정/분석체계 운용방안 연구,2022,LCG,육군본부,협상에의한계약(전자),총액제,최저가격제,202203241000,20220324,낙찰
재공고,LDH0248,2,07232,***,"(화공) 질소,공업용 등 2종 구매",2022,LDH,육군종합정비창,수의계약,총액제,적격심사제,202203241300,20220324,유찰
정상공고,LDH0277,1,08200,***,(자재) 합판 2종 구매,2022,LDH,육군종합정비창,제한경쟁,총액제,적격심사제,202203241300,20220324,낙찰
정상공고,LDH0278,1,08207,***,(자재) 화학저항페인트 구매,2022,LDH,육군종합정비창,수의계약,총액제,적격심사제,202203241300,20220324,유찰
정상공고,LDH0279,1,08222,***,(기동) 2.5톤차량 날개등 77종구매,2022,LDH,육군종합정비창,수의계약,총액제,적격심사제,202203241300,20220324,유찰
정상공고,LDH0280,1,08224,***,(기동) 5톤차량 라지에다썰망등 48종구매,2022,LDH,육군종합정비창,수의계약,총액제,적격심사제,202203241300,20220324,유찰
정상공고,LDH0281,1,08226,***,(기동) 5톤차량 너트등 4종구매,2022,LDH,육군종합정비창,수의계약,총액제,적격심사제,202203241300,20220324,유찰
정상공고,LDH0282,1,08229,***,(기동) 기동부교 밸브 구매,2022,LDH,육군종합정비창,수의계약,총액제,적격심사제,202203241300,20220324,유찰
정상공고,LDH0283,1,08232,***,(기동) 5톤차량 가스밸브등 3종구매,2022,LDH,육군종합정비창,수의계약,총액제,적격심사제,202203241300,20220324,유찰
정상공고,LDH0284,1,08234,***,(기동) 5톤차량 파이프등 19종구매,2022,LDH,육군종합정비창,수의계약,총액제,적격심사제,202203241300,20220324,유찰
긴급공고,LGI0071,1,08802,***,'22년 유류중대 급유시설 기술검사 민간위탁,2022,LGI,제3군수지원여단,일반경쟁,총액제,적격심사제,202203241030,20220324,유찰
긴급공고,LGP0105,1,08652,***,22년 GOP과학화경계시스템(동부) 외주정비 용역,2022,LGP,제1군수지원사령부,제한경쟁,총액제,적격심사제,202203241100,20220324,낙찰
긴급공고,LGP0106,1,08654,***,22년 GOP과학화경계시스템(중·서부) 외주정비 용역,2022,LGP,제1군수지원사령부,제한경쟁,총액제,적격심사제,202203241100,20220324,낙찰
긴급공고,LQP0017,1,08833,***,22년 과학화경계시스템 외주정비 용역(강원권),2022,LQP,제1891부대,제한경쟁,총액제,적격심사제,202203241030,20220324,유찰
정정공고,LQP0018,2,08835,***,22년 과학화경계시스템 외주정비 용역(경기권),2022,LQP,제1891부대,제한경쟁,총액제,적격심사제,202203241030,20220324,낙찰
정정공고,LQP0019,2,08836,***,22년 과학화경계시스템 외주정비 용역(충청권),2022,LQP,제1891부대,제한경쟁,총액제,적격심사제,202203241030,20220324,낙찰
정정공고,LQP0020,2,08837,***,22년 과확화경계시스템 외주정비 용역(경상권),2022,LQP,제1891부대,제한경쟁,총액제,적격심사제,202203241030,20220324,낙찰
긴급공고,LQP0021,1,08839,***,22년 과확화경계시스템 외주정비 용역(전라권),2022,LQP,제1891부대,제한경쟁,총액제,적격심사제,202203241030,20220324,낙찰
긴급공고,SCF0139,1,06928,***,"(긴급)스위치, 회전식 2종",2022,SCF,해군군수사령부,제한경쟁,총액제,적격심사제,202203241030,20220324,낙찰
긴급공고,SCQ0049,1,08826,***,22-평 도서전투부식 구매,2022,SCQ,제9911부대,제한경쟁,총액제,적격심사제,202203241030,20220324,낙찰
정정공고,SDG0018,3,06788,***,콜라 등 49종,2022,SDG,제2002부대,제한경쟁,총액제,적격심사제,202203241030,20220324,낙찰
정상공고,UAC0013,1,07518,***,2022년 정보화장비 통합 유지보수 용역,2022,UAC,국방출판지원단,제한경쟁,총액제,적격심사제,202203241100,20220324,유찰
정상공고,UMM0152,1,01905,***,22-해-소화펌프 227㎥/HR 8EA 제조,2022,UMM,국군재정관리단,제한경쟁,총액제,적격심사제,202203241100,20220324,낙찰
정상공고,UMM0088,1,03042,***,(227028-D)외과장비운영소모품(1) 구매,2022,UMM,국군재정관리단,제한경쟁,총액제,적격심사제,202203241100,20220324,낙찰
정정공고,UMM0124,2,03232,***,22년 활주로 제초 용역,2022,UMM,국군재정관리단,일반경쟁,총액제,적격심사제,202203241100,20220324,낙찰
긴급공고,UMM0103,1,03266,***,(227044-E)병리장비운영소모품 22품목 구매,2022,UMM,국군재정관리단,일반경쟁,총액제,적격심사제,202203241100,20220324,낙찰
정상공고,UMM0092,1,04343,***,(22F033-I) '22년 조경관리 용역(00부대),2022,UMM,국군재정관리단,제한경쟁,총액제,적격심사제,202203241100,20220324,낙찰
정상공고,UMM0094,1,04707,***,(226039-E) 체력단련장 코스관리용 비료 구매,2022,UMM,국군재정관리단,일반경쟁,총액제,적격심사제,202203241100,20220324,낙찰
정상공고,UMM0160,1,05658,***,22-해-00사 제초용역,2022,UMM,국군재정관리단,제한경쟁,총액제,적격심사제,202203241100,20220324,낙찰
정상공고,UMM0085,1,05899,***,(226041-B) 체력단련장 코스관리용 농약 구매,2022,UMM,국군재정관리단,일반경쟁,총액제,적격심사제,202203241100,20220324,낙찰
정상공고,UMM0090,1,06507,***,(227073-D)장비운영소모품(병리4) 41종 구매,2022,UMM,국군재정관리단,제한경쟁,총액제,적격심사제,202203241100,20220324,낙찰
긴급공고,HCF0038,1,07075,***,엔진 포워드 마운트 등 42종 제조,2022,HCF,공군군수사령부,제한경쟁,총액제,적격심사제,202203231030,20220323,낙찰
긴급공고,HDQ0023,1,08613,***,22-통합간부식당 식자재(축산품),2022,HDQ,제20전투비행단,일반경쟁,총액제,적격심사제,202203231130,20220323,낙찰
긴급공고,HDQ0024,1,08614,***,22-통합간부식당 식자재(김치류),2022,HDQ,제20전투비행단,일반경쟁,총액제,적격심사제,202203231130,20220323,낙찰
정상공고,LBB0031,1,08028,***,HET 권양기 구매,2022,LBB,육군제7789부대,제한경쟁,총액제,적격심사제,202203231030,20220323,낙찰
정상공고,LCF0111,1,05323,***,"스프링,나선형,압축 등 27항목 제조(기장)",2022,LCF,육군군수사령부,수의계약,총액제,적격심사제,202203231430,20220323,유찰
정상공고,LCF0110,1,05324,***,"힌지,T-자 관용 등 2항목 제조(기장)",2022,LCF,육군군수사령부,제한경쟁,총액제,적격심사제,202203231430,20220323,낙찰
정상공고,LCF0108,1,05328,***,"클램프,호스용 등 29항목 제조(기장)",2022,LCF,육군군수사령부,수의계약,총액제,적격심사제,202203231430,20220323,유찰
정상공고,LCF0106,1,05333,***,"브래킷,차량부품용 등 18항목 제조(기장)",2022,LCF,육군군수사령부,제한경쟁,총액제,적격심사제,202203231430,20220323,낙찰
정상공고,LCF0105,1,05335,***,"필터 본체,유체용 등 22항목 제조(기장)",2022,LCF,육군군수사령부,제한경쟁,총액제,적격심사제,202203231430,20220323,유찰
정상공고,LCF0130,1,07352,***,연마지 등 3항목 제조(궤도),2022,LCF,육군군수사령부,제한경쟁,총액제,적격심사제,202203231030,20220323,유찰
정상공고,LCF0125,1,07357,***,"훅,견인용 등 7항목 제조(궤도)",2022,LCF,육군군수사령부,제한경쟁,총액제,적격심사제,202203231030,20220323,낙찰
정상공고,LCF0124,1,07358,***,"걸쇠,조임용 등 16항목 제조(궤도)",2022,LCF,육군군수사령부,제한경쟁,총액제,적격심사제,202203231030,20220323,낙찰
정상공고,LCF0123,1,07359,***,"축,구동용,가용성 등 21항목 제조(궤도)",2022,LCF,육군군수사령부,제한경쟁,총액제,적격심사제,202203231030,20220323,유찰
정상공고,LCF0122,1,07360,***,"호스 조립체,비금속제 등 36항목 제조(궤도)",2022,LCF,육군군수사령부,제한경쟁,총액제,적격심사제,202203231030,20220323,유찰
정상공고,LCF0120,1,07362,***,"분리기,물분리용,액체연료식 등 5항목 제조(궤도)",2022,LCF,육군군수사령부,제한경쟁,총액제,적격심사제,202203231030,20220323,유찰
정상공고,LCF0119,1,07363,***,"시일,평면형 등 9항목 제조(궤도)",2022,LCF,육군군수사령부,제한경쟁,총액제,적격심사제,202203231030,20220323,낙찰
정상공고,LCF0118,1,07364,***,시일(VARI)등 11항목 제조(궤도),2022,LCF,육군군수사령부,제한경쟁,총액제,적격심사제,202203231030,20220323,유찰
정상공고,LCF0117,1,07365,***,"트레이,장전기-장전판용(트레이)등 27항목 제조(궤도)",2022,LCF,육군군수사령부,수의계약,총액제,적격심사제,202203231030,20220323,순위확정
정정공고,LCF0097,2,07604,***,"스파이더,제동기용 등 8항목 제조(생산능력,궤도)",2022,LCF,육군군수사령부,수의계약,총액제,적격심사제,202203231030,20220323,유찰
정상공고,LCF0049,1,07817,***,"계전기,전자자기식 등 45항목 구매(특무)",2022,LCF,육군군수사령부,제한경쟁,총액제,적격심사제,202203231030,20220323,낙찰
정상공고,LDH0267,1,07937,***,(화공) 액체그리스등 39종 구매,2022,LDH,육군종합정비창,수의계약,총액제,적격심사제,202203231300,20220323,유찰
정상공고,LDH0268,1,07944,***,(화공) 클리너등 2종 구매,2022,LDH,육군종합정비창,수의계약,총액제,적격심사제,202203231300,20220323,유찰
정상공고,LDH0269,1,07947,***,(정비) 앞면보호면등 191종 구매,2022,LDH,육군종합정비창,제한경쟁,총액제,적격심사제,202203231300,20220323,낙찰
정상공고,LDH0270,1,07951,***,(정비) 원형샌드사포등 165종 구매,2022,LDH,육군종합정비창,제한경쟁,총액제,적격심사제,202203231300,20220323,낙찰
정상공고,LDH0274,1,08073,***,(자재) 에나멜적색무광 등 27종 구매,2022,LDH,육군종합정비창,수의계약,총액제,적격심사제,202203231300,20220323,유찰
정상공고,LDH0275,1,08077,***,(자재) 에폭시프라이머코팅키트 등 2종 구매,2022,LDH,육군종합정비창,제한경쟁,총액제,적격심사제,202203231300,20220323,낙찰
긴급공고,LGP0104,1,08473,***,"22년 의료용품(산소,용기안전검사 및 밸브교체)구매",2022,LGP,제1군수지원사령부,일반경쟁,총액제,적격심사제,202203231030,20220323,낙찰
정상공고,LIK0064,1,07165,001,'22-1차 지정폐기물 위탁처리 용역,2022,LIK,제2군수지원여단,제한경쟁,단가제,적격심사제,202203231030,20220323,유찰
정상공고,LIK0065,1,07167,001,'22-1차 일반폐기물 위탁처리 용역,2022,LIK,제2군수지원여단,제한경쟁,단가제,적격심사제,202203231030,20220323,유찰
정상공고,LQG0006,1,08212,001,22년 음식물류 폐기물 위탁처리 용역,2022,LQG,육군 52보병사단,일반경쟁,단가제,적격심사제,202203231100,20220323,낙찰
긴급공고,SCF0094,1,02362,***,오링 등 8종 구매,2022,SCF,해군군수사령부,제한경쟁,총액제,적격심사제,202203231030,20220323,순위확정
긴급공고,SCF0096,1,03301,***,"스프링, 나선형 등 4종 구매",2022,SCF,해군군수사령부,제한경쟁,총액제,적격심사제,202203231030,20220323,낙찰
재공고,SCF0070,2,03762,***,경비함용 음탐기 보호용 커버 1종 구매,2022,SCF,해군군수사령부,제한경쟁,총액제,적격심사제,202203231030,20220323,순위확정
긴급공고,SCF0101,1,05535,***,"덮개, 발사대용 등 4종 구매",2022,SCF,해군군수사령부,제한경쟁,총액제,적격심사제,202203231030,20220323,순위확정
긴급공고,SCF0095,1,05545,***,액체아르곤가스 9BT 구매,2022,SCF,해군군수사령부,수의계약,총액제,적격심사제,202203231030,20220323,유찰
긴급공고,SCF0097,1,05615,***,콘크리트 믹서기 구매,2022,SCF,해군군수사령부,제한경쟁,총액제,적격심사제,202203231030,20220323,낙찰
긴급공고,SCF0098,1,05691,***,"필터, 유체용 등 5종 구매",2022,SCF,해군군수사령부,제한경쟁,총액제,적격심사제,202203231030,20220323,낙찰
긴급공고,SCF0099,1,05701,***,금속제 바 1종 구매,2022,SCF,해군군수사령부,제한경쟁,총액제,적격심사제,202203231030,20220323,유찰
긴급공고,SCF0100,1,07328,***,활성탄 등 5종 구매,2022,SCF,해군군수사령부,제한경쟁,총액제,적격심사제,202203231030,20220323,낙찰
긴급공고,SCF0136,1,07611,***,"(긴급) 밸브,체크형 등 3종 구매",2022,SCF,해군군수사령부,제한경쟁,총액제,적격심사제,202203231030,20220323,낙찰
긴급공고,SCF0137,1,07612,***,"(긴급) 끝 이음쇠, 가요성 케이싱용 1종 구매",2022,SCF,해군군수사령부,제한경쟁,총액제,적격심사제,202203231030,20220323,낙찰
긴급공고,SCF0132,1,07613,***,항공급유 연결장치 1종,2022,SCF,해군군수사령부,제한경쟁,총액제,적격심사제,202203231030,20220323,낙찰
긴급공고,SCF0133,1,07615,***,"접합제,철 및 강철용 등 11종",2022,SCF,해군군수사령부,제한경쟁,총액제,적격심사제,202203231030,20220323,낙찰
긴급공고,SCF0134,1,07617,***,황동괴 등 1종,2022,SCF,해군군수사령부,수의계약,총액제,적격심사제,202203231030,20220323,유찰
긴급공고,SCF0135,1,07625,***,폴리퍼티 등 3종,2022,SCF,해군군수사령부,제한경쟁,총액제,적격심사제,202203231030,20220323,낙찰
긴급공고,SFG0036,1,06267,***,LED 전광판 제조설치,2022,SFG,제9181부대,제한경쟁,총액제,적격심사제,202203231030,20220323,낙찰
긴급공고,SFG0035,1,08626,***,"POWERHEAD,GEN5 등 4품목 구매",2022,SFG,제9181부대,일반경쟁,총액제,적격심사제,202203231030,20220323,낙찰
정상공고,UMM0154,1,01220,***,22-공-벽투시레이더 구매,2022,UMM,국군재정관리단,제한경쟁,총액제,적격심사제,202203231100,20220323,낙찰
정상공고,UMM0157,1,01458,***,"22-공-X선 장치 세트,방사선 사진용,산업용 구매",2022,UMM,국군재정관리단,제한경쟁,총액제,적격심사제,202203231100,20220323,낙찰
재공고,UMM0083,2,01470,***,22-해-고압 공기압축기(4EA) 제조,2022,UMM,국군재정관리단,일반경쟁,총액제,적격심사제,202203231100,20220323,낙찰
정상공고,UMM0150,1,02356,***,22-2-00창 예초용역(22H027-H),2022,UMM,국군재정관리단,제한경쟁,총액제,적격심사제,202203231100,20220323,낙찰
정상공고,UMM0086,1,03033,***,(227023-D) 의료기재(기즈모 등 284종) 구매,2022,UMM,국군재정관리단,일반경쟁,총액제,적격심사제,202203231100,20220323,낙찰
긴급공고,UMM0051,1,03547,***,(22G029-I) 22년 국방부 정신전력 영상교재 제작 용역,2022,UMM,국군재정관리단,2단계경쟁(동시),총액제,최저가격제,202203231100,20220323,낙찰
정상공고,UMM0149,1,05011,***,22-해-해상표적(고래 등 6종) 제조,2022,UMM,국군재정관리단,제한경쟁,총액제,적격심사제,202203231100,20220323,낙찰
정상공고,UMM0158,1,06182,***,22-공-국지기상관측용 무인항공기 구매,2022,UMM,국군재정관리단,수의계약,총액제,적격심사제,202203231100,20220323,유찰
정상공고,UMM0146,1,07936,***,22년 자운대지역 조경관리 용역,2022,UMM,국군재정관리단,일반경쟁,총액제,적격심사제,202203231100,20220323,낙찰
정상공고,UMM0148,1,07950,***,22-오폐수처리시설 관리용역(공사),2022,UMM,국군재정관리단,일반경쟁,총액제,적격심사제,202203231100,20220323,낙찰
정상공고,UMM0147,1,07953,***,"22-국-69톤 트랙터, 트레일러 구매",2022,UMM,국군재정관리단,일반경쟁,총액제,적격심사제,202203231100,20220323,낙찰
정상공고,UMM0155,1,08046,***,22-합 -분석실험실 운용장비 교체사업 리스,2022,UMM,국군재정관리단,일반경쟁,총액제,최저가격제,202203231100,20220323,낙찰
정상공고,UMM0156,1,08052,***,22-무적감시체계 교체사업 리스(22K039-H),2022,UMM,국군재정관리단,일반경쟁,총액제,최저가격제,202203231100,20220323,낙찰
긴급공고,HCF0034,1,06631,***,피피멀티로프 5종 제조,2022,HCF,공군군수사령부,제한경쟁,총액제,적격심사제,202203221030,20220322,낙찰
긴급공고,HCQ0012,1,08252,***,병사식당 부식 공급 계약 의뢰,2022,HCQ,공군제5공중기동비행단,제한경쟁,총액제,적격심사제,202203221100,20220322,유찰
긴급공고,HDT0003,1,07835,***,"22년 독수리회관 농, 수, 축, 공산 납품 용역",2022,HDT,공군작사근무지원단,제한경쟁,총액제,적격심사제,202203221100,20220322,낙찰
정상공고,LBB0029,1,06560,***,'22년 유류중대 급유시설 기술검사 민간위탁,2022,LBB,육군제7789부대,제한경쟁,총액제,적격심사제,202203221030,20220322,낙찰
정상공고,LCF0073,1,05224,***,"파이프 조립체 등 32항목 제조(생산능력, 기장)",2022,LCF,육군군수사령부,제한경쟁,총액제,적격심사제,202203221430,20220322,유찰
정상공고,LCF0074,1,05231,***,"진공탱크 조립체 등 5항목 제조(생산능력, 기장)",2022,LCF,육군군수사령부,수의계약,총액제,적격심사제,202203221430,20220322,유찰
정상공고,LCF0076,1,05239,***,"링크,바퀴 실린더용 등 4항목 제조(생산능력, 기장)",2022,LCF,육군군수사령부,수의계약,총액제,적격심사제,202203221430,20220322,순위확정
정상공고,LCF0048,1,05965,***,"회전자,발전기용 등 14항목 제조(생산능력,특무)",2022,LCF,육군군수사령부,수의계약,총액제,적격심사제,202203221030,20220322,유찰
정상공고,LCF0047,1,05969,***,"핀-리벳 등 44항목 제조(생산능력,특무)",2022,LCF,육군군수사령부,수의계약,총액제,적격심사제,202203221030,20220322,유찰
정상공고,LCF0046,1,05970,***,"볼트,내부렌치형 등 92항목 제조(생산능력,특무)",2022,LCF,육군군수사령부,수의계약,총액제,적격심사제,202203221030,20220322,유찰
정정공고,LCF0084,2,07591,***,"스프링,소용돌이형 등 38항목 제조(생산능력, 궤도)",2022,LCF,육군군수사령부,제한경쟁,총액제,적격심사제,202203221030,20220322,낙찰
정상공고,LCF0086,1,07593,***,"부싱,슬리브형 등 25항목 제조(생산능력,궤도)",2022,LCF,육군군수사령부,수의계약,총액제,적격심사제,202203221030,20220322,유찰
정상공고,LCF0088,1,07595,***,"다기관,흡입용 등 9항목 제조(생산능력,궤도)",2022,LCF,육군군수사령부,수의계약,총액제,적격심사제,202203221030,20220322,유찰
정상공고,LCF0089,1,07596,***,"튜브 조립체,금속제 등 29항목 제조(생산능력,궤도)",2022,LCF,육군군수사령부,수의계약,총액제,적격심사제,202203221030,20220322,유찰
정상공고,LCF0090,1,07597,***,"리엑터 조립체 등 8항목 제조(생산능력,궤도)",2022,LCF,육군군수사령부,수의계약,총액제,적격심사제,202203221030,20220322,유찰
정상공고,LCF0092,1,07599,***,"베어링,롤러 등 50항목 제조(생산능력,궤도)",2022,LCF,육군군수사령부,수의계약,총액제,적격심사제,202203221030,20220322,유찰
정상공고,LCF0094,1,07601,***,"회로카드 조립체 등 1항목 제조(생산능력,궤도)",2022,LCF,육군군수사령부,제한경쟁,총액제,적격심사제,202203221030,20220322,유찰
정상공고,LCF0095,1,07602,***,"회로카드 조립체 등 5항목 제조(생산능력,궤도)",2022,LCF,육군군수사령부,수의계약,총액제,적격심사제,202203221030,20220322,유찰
정상공고,LCF0096,1,07603,***,"다기관조립체 등 31항목 제조(생산능력,궤도)",2022,LCF,육군군수사령부,수의계약,총액제,적격심사제,202203221030,20220322,유찰
정상공고,LCF0098,1,07605,***,"축,어깨형 등 8항목 제조(생산능력,궤도)",2022,LCF,육군군수사령부,수의계약,총액제,적격심사제,202203221030,20220322,유찰
정상공고,LCF0099,1,07606,***,"유니버설조인트 등 2항목 제조(생산능력,궤도)",2022,LCF,육군군수사령부,수의계약,총액제,적격심사제,202203221030,20220322,유찰
정상공고,LCF0083,1,07610,***,"볼트,T-자 머리형 등 4항목 제조(생산능력,궤도)",2022,LCF,육군군수사령부,제한경쟁,총액제,적격심사제,202203221030,20220322,유찰
정상공고,LDG0017,1,07767,***,비파괴검사 재료 구매,2022,LDG,육군 탄약지원사령부,제한경쟁,총액제,적격심사제,202203221030,20220322,낙찰
재공고,LDH0245,2,07040,***,통신장비 덮개 등 10종 구매,2022,LDH,육군종합정비창,제한경쟁,총액제,적격심사제,202203221300,20220322,낙찰
정상공고,LDH0257,1,07775,***,(화공) 건조제등21종 구매,2022,LDH,육군종합정비창,제한경쟁,총액제,적격심사제,202203221300,20220322,유찰
정상공고,LDH0258,1,07778,***,(화공) 니켈광택지등15종 구매,2022,LDH,육군종합정비창,제한경쟁,총액제,적격심사제,202203221300,20220322,유찰
정상공고,LDH0260,1,07785,***,(화공) 아세톤등21종 구매,2022,LDH,육군종합정비창,수의계약,총액제,적격심사제,202203221300,20220322,유찰
정상공고,LDH0262,1,07792,***,(화공) 개스킷등 32종 구매,2022,LDH,육군종합정비창,수의계약,총액제,적격심사제,202203221300,20220322,유찰
정상공고,LDH0263,1,07793,***,(화공) 고착방지제등 6종 구매,2022,LDH,육군종합정비창,제한경쟁,총액제,적격심사제,202203221300,20220322,유찰
정상공고,LDH0264,1,07842,***,K1전차 호스조립체 4종 구매,2022,LDH,육군종합정비창,제한경쟁,총액제,적격심사제,202203221300,20220322,낙찰
긴급공고,LDH0285,1,08343,***,집진기 백필터 구매(2022),2022,LDH,육군종합정비창,제한경쟁,총액제,적격심사제,202203221030,20220322,낙찰
재공고,LGP0066,2,06908,***,22년 건설장비 외주정비(강원도),2022,LGP,제1군수지원사령부,제한경쟁,총액제,적격심사제,202203221100,20220322,낙찰
재공고,LGP0067,2,06916,***,22년 표준 및 상용차량 외주정비(강원도),2022,LGP,제1군수지원사령부,제한경쟁,총액제,적격심사제,202203221100,20220322,유찰
재공고,LGP0070,2,06948,***,22년 신형정수차 외주정비,2022,LGP,제1군수지원사령부,제한경쟁,총액제,적격심사제,202203221100,20220322,유찰
재공고,LGP0071,2,06958,***,"22년 건설장비 외주정비(서울,인천,경기)",2022,LGP,제1군수지원사령부,제한경쟁,총액제,적격심사제,202203221100,20220322,낙찰
긴급공고,LGP0097,1,08069,***,`22년 SPIDER 성능개량장비 외주정비,2022,LGP,제1군수지원사령부,제한경쟁,총액제,적격심사제,202203221100,20220322,순위확정
긴급공고,LGP0098,1,08076,***,22년 유조ㆍ급수 및 살수차 외주정비(강원도),2022,LGP,제1군수지원사령부,제한경쟁,총액제,적격심사제,202203221100,20220322,낙찰
긴급공고,LGP0099,1,08080,***,22년 특장차량 외주정비(강원도),2022,LGP,제1군수지원사령부,제한경쟁,총액제,적격심사제,202203221100,20220322,유찰
긴급공고,LGP0100,1,08084,***,22년 특장차량 외주정비(서울ㆍ인천ㆍ경기),2022,LGP,제1군수지원사령부,제한경쟁,총액제,적격심사제,202203221100,20220322,낙찰
긴급공고,LGP0101,1,08088,***,22년 구난차 외주정비(강원도),2022,LGP,제1군수지원사령부,제한경쟁,총액제,적격심사제,202203221100,20220322,유찰
긴급공고,LGP0102,1,08090,***,22년 부식차 및 쉘터차량 외주정비(강원도),2022,LGP,제1군수지원사령부,제한경쟁,총액제,적격심사제,202203221100,20220322,낙찰
긴급공고,LKD0018,1,08227,001,22년 상병건강검진 민간위탁 용역,2022,LKD,제32보병사단,수의계약,단가제,적격심사제,202203221100,20220322,유찰
긴급공고,LMK0008,1,07034,001,’22년 식자재 다수품목 단가계약(1차),2022,LMK,제6보병사단,2단계경쟁(동시),단가제,최저가격제,202203221000,20220322,낙찰
긴급공고,LNG0042,1,08286,***,00부대 탄약고 피뢰침교체 등 7건(22-북-117),2022,LNG,육군 제1군단,제한경쟁,총액제,적격심사제,202203221030,20220322,낙찰
긴급공고,LPC0009,1,07797,***,22년 제초용역(제25보병사단),2022,LPC,제25보병사단,일반경쟁,총액제,적격심사제,202203221100,20220322,낙찰
정정공고,LPG0013,2,07538,***,22년 음식물쓰레기 위탁처리 용역(AA-22002),2022,LPG,제5보병사단,제한경쟁,총액제,적격심사제,202203221100,20220322,낙찰
정정공고,MDD0062,2,07844,***,2022 부대조달 외과장비운영소모품(6) 16품목 구매,2022,MDD,국군수도병원,제한경쟁,총액제,적격심사제,202203221100,20220322,낙찰
정상공고,MDG0063,1,06110,***,'22년 특수수술재료 구매 (임플란트2),2022,MDG,국군의무사령부,제한경쟁,총액제,적격심사제,202203221100,20220322,유찰
정상공고,MDG0064,1,06111,***,'22년 특수수술재료 구매 (임플란트3),2022,MDG,국군의무사령부,제한경쟁,총액제,적격심사제,202203221100,20220322,유찰
정상공고,MDG0065,1,06190,***,22-1차 의무비품(디지털혈압계) 구매,2022,MDG,국군의무사령부,수의계약,총액제,적격심사제,202203221100,20220322,유찰
정상공고,MDG0066,1,06206,***,22-1차 일반비품(가스레인지) 구매,2022,MDG,국군의무사령부,제한경쟁,총액제,적격심사제,202203221100,20220322,낙찰
정정공고,MDG0073,2,06494,***,22년 의무장비(내시경 관절용) 구매,2022,MDG,국군의무사령부,제한경쟁,총액제,적격심사제,202203221100,20220322,낙찰
정정공고,MDG0074,2,06495,***,22년 의무장비(내시경 인후두용) 구매,2022,MDG,국군의무사령부,제한경쟁,총액제,적격심사제,202203221100,20220322,낙찰
정정공고,MDG0075,2,06498,***,22년 의무장비(심전도계 병원용) 구매,2022,MDG,국군의무사령부,제한경쟁,총액제,적격심사제,202203221100,20220322,낙찰
정상공고,MDG0067,1,06596,***,22년 승강기 관리용역(경기권),2022,MDG,국군의무사령부,제한경쟁,총액제,적격심사제,202203221100,20220322,유찰
정상공고,MDG0068,1,06603,***,2022년 승강기 관리용역(국군대구병원),2022,MDG,국군의무사령부,제한경쟁,총액제,적격심사제,202203221100,20220322,유찰
정상공고,MDG0069,1,06611,***,2022년 승강기 관리용역(국군서울지구병원),2022,MDG,국군의무사령부,제한경쟁,총액제,적격심사제,202203221100,20220322,낙찰
정상공고,MDG0070,1,06614,***,2022년 승강기 관리용역(국군함평병원),2022,MDG,국군의무사령부,제한경쟁,총액제,적격심사제,202203221100,20220322,낙찰
정상공고,MDG0071,1,06619,***,2022년 승강기 관리용역(국군홍천병원),2022,MDG,국군의무사령부,제한경쟁,총액제,적격심사제,202203221100,20220322,유찰
긴급공고,MFK0002,1,07430,***,2022년 교육훈련용 전단인쇄용역,2022,MFK,제9912부대,제한경쟁,총액제,적격심사제,202203221100,20220322,낙찰
재공고,SCF0063,2,00716,***,수욕기 다리치료용 등 2종,2022,SCF,해군군수사령부,제한경쟁,총액제,적격심사제,202203221030,20220322,순위확정
재공고,SCF0047,2,01822,001,감자튀김 구매,2022,SCF,해군군수사령부,제한경쟁,단가제,적격심사제,202203221030,20220322,낙찰
긴급공고,SCF0087,1,02332,***,철판원형가공기 1종 구매,2022,SCF,해군군수사령부,제한경쟁,총액제,적격심사제,202203221030,20220322,낙찰
긴급공고,SCF0086,1,03287,***,"패킹, 성형식 등 4종 구매",2022,SCF,해군군수사령부,제한경쟁,총액제,적격심사제,202203221030,20220322,낙찰
재공고,SCF0071,2,03839,***,"(긴급) 밸브,글로브형 등 5종 구매",2022,SCF,해군군수사령부,제한경쟁,총액제,적격심사제,202203221030,20220322,유찰
긴급공고,SCF0092,1,03936,***,안테나 70PM 등 2종 구매,2022,SCF,해군군수사령부,제한경쟁,총액제,적격심사제,202203221030,20220322,낙찰
재공고,SCF0079,2,04318,***,"판,금속제 등 17종",2022,SCF,해군군수사령부,제한경쟁,총액제,적격심사제,202203221030,20220322,유찰
긴급공고,SCF0088,1,05200,***,도파관 조립체 1종 구매,2022,SCF,해군군수사령부,제한경쟁,총액제,적격심사제,202203221030,20220322,낙찰
긴급공고,SCF0093,1,05724,***,온장고 1종 구매,2022,SCF,해군군수사령부,제한경쟁,총액제,적격심사제,202203221030,20220322,낙찰
긴급공고,SCF0129,1,06034,***,(긴급)디지털온습도계 등 60종,2022,SCF,해군군수사령부,제한경쟁,총액제,적격심사제,202203221030,20220322,낙찰
긴급공고,SCF0121,1,06602,***,"(긴급)센서,공기충전,온도용,방사제어용 등 5종",2022,SCF,해군군수사령부,제한경쟁,총액제,적격심사제,202203221030,20220322,낙찰
긴급공고,SCF0120,1,06804,***,"(긴급)제어기,전동기용 등 3종",2022,SCF,해군군수사령부,제한경쟁,총액제,적격심사제,202203221030,20220322,낙찰
긴급공고,SCF0128,1,06858,***,"(긴급) 클러치, 오일펌프 등 14종",2022,SCF,해군군수사령부,제한경쟁,총액제,적격심사제,202203221030,20220322,낙찰
긴급공고,SCF0123,1,06889,***,"(긴급)변환기,신호자료용 등 2종",2022,SCF,해군군수사령부,제한경쟁,총액제,적격심사제,202203221030,20220322,낙찰
긴급공고,SCF0111,1,06979,***,"열교환기,냉장고용 1종",2022,SCF,해군군수사령부,제한경쟁,총액제,적격심사제,202203221030,20220322,낙찰
긴급공고,SCF0112,1,06981,***,"밸브,나비형 1종",2022,SCF,해군군수사령부,제한경쟁,총액제,적격심사제,202203221030,20220322,낙찰
긴급공고,SCF0113,1,06987,***,"밸브,앵글형 등 3종",2022,SCF,해군군수사령부,제한경쟁,총액제,적격심사제,202203221030,20220322,낙찰
긴급공고,SCF0114,1,06989,***,"밸브,유량조절용 등 2종",2022,SCF,해군군수사령부,제한경쟁,총액제,적격심사제,202203221030,20220322,낙찰
긴급공고,SCF0115,1,06991,***,"부품키트,세면대용 1종",2022,SCF,해군군수사령부,제한경쟁,총액제,적격심사제,202203221030,20220322,낙찰
긴급공고,SCF0122,1,07008,***,"(긴급) 제어장치,경보기용 1종 구매",2022,SCF,해군군수사령부,제한경쟁,총액제,적격심사제,202203221030,20220322,유찰
긴급공고,SCF0124,1,07016,***,"(긴급) 전동기 조립체,전기식 1종 구매",2022,SCF,해군군수사령부,제한경쟁,총액제,적격심사제,202203221030,20220322,낙찰
긴급공고,SCF0116,1,07018,***,"튜브,금속제 등 18종",2022,SCF,해군군수사령부,제한경쟁,총액제,적격심사제,202203221030,20220322,유찰
긴급공고,SCF0126,1,07019,***,(긴급) 음성기록카드 등 2종 구매,2022,SCF,해군군수사령부,제한경쟁,총액제,적격심사제,202203221030,20220322,낙찰
긴급공고,SCF0125,1,07033,***,(긴급) 실린더 슬리브 등 37종 구매,2022,SCF,해군군수사령부,제한경쟁,총액제,적격심사제,202203221030,20220322,낙찰
긴급공고,SCF0127,1,07038,***,(긴급) 디스플레이 유닛 등 5종 구매,2022,SCF,해군군수사령부,제한경쟁,총액제,적격심사제,202203221030,20220322,낙찰
긴급공고,SCF0090,1,07141,***,"발전기, 교류식 등 22종 구매",2022,SCF,해군군수사령부,제한경쟁,총액제,적격심사제,202203221030,20220322,낙찰
긴급공고,SCF0131,1,07271,***,"(긴급)핀,토글용,유두형 등 11종",2022,SCF,해군군수사령부,제한경쟁,총액제,적격심사제,202203221030,20220322,유찰
긴급공고,SCF0117,1,07278,***,"(긴급)파이프,금속제 등 6종",2022,SCF,해군군수사령부,제한경쟁,총액제,적격심사제,202203221030,20220322,유찰
긴급공고,SCF0118,1,07282,***,"(긴급)제재목,연재질,판자벽용 1종",2022,SCF,해군군수사령부,제한경쟁,총액제,적격심사제,202203221030,20220322,낙찰
긴급공고,SCF0119,1,07286,***,"(긴급)잉곳,구리 등 11종",2022,SCF,해군군수사령부,수의계약,총액제,적격심사제,202203221030,20220322,유찰
긴급공고,SCF0089,1,07929,***,모래주머니 1종 제조,2022,SCF,해군군수사령부,제한경쟁,총액제,적격심사제,202203221030,20220322,낙찰
긴급공고,SCP0044,1,08278,***,22-동 음식물류폐기물 처리 용역,2022,SCP,제8385부대,제한경쟁,총액제,적격심사제,202203221030,20220322,유찰
긴급공고,SCQ0041,1,08128,***,22-평 폐기물(폐합성수지) 처리 용역,2022,SCQ,제9911부대,제한경쟁,총액제,적격심사제,202203221030,20220322,유찰
긴급공고,SFG0029,1,08117,***,파이프 등 15품목 구매,2022,SFG,제9181부대,제한경쟁,총액제,적격심사제,202203221030,20220322,낙찰
정정공고,SFL0030,2,07064,***,편지지 등 319종 구매 납품,2022,SFL,제3283부대,제한경쟁,총액제,적격심사제,202203221100,20220322,낙찰
긴급공고,SFN0016,1,08075,***,햄버거빵 등 14품목 구매,2022,SFN,연평부대,일반경쟁,총액제,적격심사제,202203221030,20220322,낙찰
정상공고,UAC0012,1,06668,***,맞춤용지(인쇄용지) 2종 연간 구매,2022,UAC,국방출판지원단,제한경쟁,총액제,적격심사제,202203221100,20220322,낙찰
정상공고,UAC0011,1,07676,***,인쇄용지 모조지 등 2종 구매,2022,UAC,국방출판지원단,제한경쟁,총액제,적격심사제,202203221100,20220322,낙찰
정상공고,UMM0141,1,03782,***,22-해-연안 해저작전 환경조사 용역,2022,UMM,국군재정관리단,일반경쟁,총액제,적격심사제,202203221100,20220322,낙찰
정상공고,UMM0143,1,03950,***,22-해-주요 군항만 연안해역 정밀조사 용역,2022,UMM,국군재정관리단,일반경쟁,총액제,적격심사제,202203221100,20220322,낙찰
정상공고,UMM0084,1,04630,***,(226061-B) 군사경찰 피복(레펠장갑 등 5종) 제조,2022,UMM,국군재정관리단,제한경쟁,총액제,적격심사제,202203221100,20220322,낙찰
정상공고,UMM0145,1,05221,***,22-국-인쇄용지 11종 구매,2022,UMM,국군재정관리단,일반경쟁,총액제,적격심사제,202203221100,20220322,낙찰
정상공고,UMM0082,1,05302,***,'(22G044-A)22년 병영시설 민간 전문방제 위탁용역,2022,UMM,국군재정관리단,제한경쟁,총액제,적격심사제,202203221100,20220322,낙찰
정상공고,UMM0144,1,05571,***,22년 위탁물품 가격조사 용역,2022,UMM,국군재정관리단,일반경쟁,총액제,적격심사제,202203221100,20220322,유찰
정상공고,UMM0081,1,06052,***,(22G008-H)의무기록정보관 중요기록물 DB 구축용역,2022,UMM,국군재정관리단,제한경쟁,총액제,적격심사제,202203221100,20220322,낙찰
정상공고,UMM0080,1,06262,***,(226088-D) 군악행사코트 등 6종 제조,2022,UMM,국군재정관리단,제한경쟁,총액제,적격심사제,202203221100,20220322,낙찰
긴급공고,HCL0033,1,07812,***,항-22-005 원자흡광광도계 등 3종,2022,HCL,공군사관학교,제한경쟁,총액제,적격심사제,202203211000,20220321,유찰
재공고,LCG0015,2,03775,***,육군수사단 소개영상 제작용역,2022,LCG,육군본부,2단계경쟁(동시),총액제,최저가격제,202203211000,20220321,낙찰
정상공고,LDH0191,1,05037,***,K21 실린더 제어밸브 시험장비 소요자재 구매,2022,LDH,육군종합정비창,수의계약,총액제,최저가격제,202203211500,20220321,유찰
재공고,LDH0209,2,06165,***,부품제작자재 난연천 등 41종 구매,2022,LDH,육군종합정비창,제한경쟁,총액제,적격심사제,202203211300,20220321,낙찰
재공고,LDH0215,2,06404,***,(정비) 에어호스등 37종 구매,2022,LDH,육군종합정비창,제한경쟁,총액제,적격심사제,202203211300,20220321,유찰
재공고,LDH0219,2,06411,***,(정비) 산소절단용보호안경등 17종 구매,2022,LDH,육군종합정비창,수의계약,총액제,적격심사제,202203211300,20220321,유찰
재공고,LDH0221,2,06416,***,(정비) 동절기귀마개등 17종 구매,2022,LDH,육군종합정비창,수의계약,총액제,적격심사제,202203211300,20220321,유찰
재공고,LDH0230,2,06663,***,22-2차 정비용 장비 부품 구매,2022,LDH,육군종합정비창,제한경쟁,총액제,적격심사제,202203211300,20220321,낙찰
정상공고,LDH0254,1,07450,***,(정비) 절연면테프등17종 구매,2022,LDH,육군종합정비창,제한경쟁,총액제,적격심사제,202203211300,20220321,낙찰
긴급공고,LHN0002,1,07009,001,22년 4~5월 다수품목 식자재 단가계약,2022,LHN,제7보병사단,2단계경쟁(동시),단가제,최저가격제,202203211000,20220321,낙찰
정정공고,LMK0012,2,07976,***,[22-C12]22년 취사장 청소용역 계약,2022,LMK,제6보병사단,일반경쟁,총액제,적격심사제,202203211030,20220321,낙찰
긴급공고,LMK0013,1,08127,***,차기다련장 8차 시설사업 관급자재(혼합골재),2022,LMK,제6보병사단,수의계약,총액제,적격심사제,202203211100,20220321,유찰
긴급공고,LMK0015,1,08129,***,[22-C13]22년 제초 용역 계약,2022,LMK,제6보병사단,일반경쟁,총액제,적격심사제,202203211030,20220321,낙찰
정상공고,MDD0060,1,06463,***,2022년 의무장비 수액조절기 일반용 3ch,2022,MDD,국군수도병원,제한경쟁,총액제,적격심사제,202203211100,20220321,낙찰
긴급공고,MDG0060,1,06728,***,복지기금 자산성비품 구매 1차,2022,MDG,국군의무사령부,제한경쟁,총액제,적격심사제,202203211100,20220321,낙찰
재공고,MHD0016,2,03603,***,공지통신무전기 및 함대공유도탄-II 사업 비용분석,2022,MHD,방위사업청(운영지원과),협상에의한계약(전자),총액제,최저가격제,202203211500,20220321,낙찰
긴급공고,SCH0029,1,06778,***,원형카트리지 필터 구매,2022,SCH,해군작전사령부,일반경쟁,총액제,적격심사제,202203211030,20220321,낙찰
정상공고,SDF0023,1,06723,***,22-6-항공사령부 홍보영상 제작 용역,2022,SDF,제5738부대,2단계경쟁(동시),총액제,최저가격제,202203211030,20220321,낙찰
정상공고,UMM0138,1,01096,***,22-해-안과세극등(이동식) 5세트 구매,2022,UMM,국군재정관리단,제한경쟁,총액제,적격심사제,202203211100,20220321,낙찰
정상공고,UMM0136,1,01350,***,22-공-고정식 자기검사유닛 구매,2022,UMM,국군재정관리단,일반경쟁,총액제,적격심사제,202203211100,20220321,낙찰
정상공고,UMM0128,1,01491,***,22-공-오실로스코프 구매,2022,UMM,국군재정관리단,제한경쟁,총액제,적격심사제,202203211100,20220321,낙찰
정상공고,UMM0122,1,02708,***,22-해-중압 공기압축기(원심형) 제조,2022,UMM,국군재정관리단,일반경쟁,총액제,적격심사제,202203211100,20220321,낙찰
긴급공고,UMM0057,1,03233,***,MZ세대 주거시설 시설기준 제·개정 연구용역,2022,UMM,국군재정관리단,협상에의한계약(전자),총액제,최저가격제,202203211100,20220321,낙찰
정상공고,UMM0078,1,04183,***,(226054-E)형광우의 등 2종 제조납품,2022,UMM,국군재정관리단,제한경쟁,총액제,적격심사제,202203211100,20220321,낙찰
정상공고,UMM0139,1,04616,***,22-항공기술정보 외주번역 용역(22J011-H),2022,UMM,국군재정관리단,일반경쟁,총액제,적격심사제,202203211100,20220321,낙찰
정상공고,UMM0135,1,05483,***,22-공-교통 표시용 장비 구매,2022,UMM,국군재정관리단,일반경쟁,총액제,적격심사제,202203211100,20220321,낙찰
정상공고,DSS0004,1,03820,***,00부대 조직문화 진단 연구용역,2022,DSS,국군제1068부대,2단계경쟁(동시),총액제,최저가격제,202203181030,20220318,낙찰
정상공고,EKA0003,1,5500,***,10톤 상용구난차,2022,EKA,기동총괄계약팀,수의계약,총액제,적격심사제,202203181030,20220318,유찰
정상공고,ER40005,1,7551,***,태양광학망원경 체계개발,2022,ERA,우주지휘통신총괄계약팀,협상에의한계약(서류),총액제,최저가격제,202203181400,20220318,낙찰
재공고,ES30001,2,5800,***,경어뢰-II 체계개발,2022,ESA,유도무기총괄계약팀,협상에의한계약(서류),총액제,최저가격제,202203181600,20220318,낙찰
재공고,HCF0025,2,02142,***,총기보관함 2종 제조,2022,HCF,공군군수사령부,제한경쟁,총액제,적격심사제,202203181030,20220318,유찰
정상공고,LCF0052,1,05467,***,"UH-60헬기 고도계,압력용 등 4종 정비",2022,LCF,육군군수사령부,수의계약,총액제,적격심사제,202203181030,20220318,유찰
정상공고,LCF0054,1,06316,***,나프탈렌(피복용) 등 8항목 구매(의무),2022,LCF,육군군수사령부,제한경쟁,총액제,적격심사제,202203181130,20220318,낙찰
정상공고,LCF0053,1,06327,***,모사전송기 1항목 구매(통신),2022,LCF,육군군수사령부,제한경쟁,총액제,적격심사제,202203181130,20220318,낙찰
정상공고,LCF0055,1,06467,***,에어 필터 등 4항목 구매(항공),2022,LCF,육군군수사령부,제한경쟁,총액제,적격심사제,202203181130,20220318,낙찰
정상공고,LCF0056,1,06468,***,탄통조립체(개선 우) 등 2항목 구매(항공),2022,LCF,육군군수사령부,제한경쟁,총액제,적격심사제,202203181130,20220318,낙찰
정상공고,LCF0057,1,06470,***,전원 공급기 등 3항목 구매(항공),2022,LCF,육군군수사령부,제한경쟁,총액제,적격심사제,202203181130,20220318,순위확정
정상공고,LCF0058,1,06472,***,회로판 등 2항목 구매(항공),2022,LCF,육군군수사령부,제한경쟁,총액제,적격심사제,202203181130,20220318,낙찰
정상공고,LCF0059,1,06474,***,제네레타 연결배선 등 6항목 구매(항공),2022,LCF,육군군수사령부,제한경쟁,총액제,적격심사제,202203181130,20220318,낙찰
정상공고,LCF0060,1,06475,***,"고무띠 결합체,문용 등 2항목 구매(항공)",2022,LCF,육군군수사령부,제한경쟁,총액제,적격심사제,202203181130,20220318,낙찰
정상공고,LCF0061,1,06476,***,"리벳,폐쇄형 등 3항목 구매(항공)",2022,LCF,육군군수사령부,제한경쟁,총액제,적격심사제,202203181130,20220318,순위확정
정상공고,LCF0062,1,06477,***,훨로워 조립체 등 2항목 구매(항공),2022,LCF,육군군수사령부,제한경쟁,총액제,적격심사제,202203181130,20220318,낙찰
재공고,LCG0024,2,05482,***,동계행사모 등 4종 제조구매,2022,LCG,육군본부,제한경쟁,총액제,적격심사제,202203181130,20220318,낙찰
재공고,LCG0025,2,06314,***,참모총장 개인표창 부상품(메달) 구매,2022,LCG,육군본부,제한경쟁,총액제,적격심사제,202203181030,20220318,낙찰
정상공고,LDG0015,1,06332,***,탄약 정비 일반자재(봉인 알루미늄 등 2개 품목) 구매,2022,LDG,육군 탄약지원사령부,제한경쟁,총액제,적격심사제,202203181030,20220318,낙찰
정상공고,LDH0199,1,05784,***,열상감시장비 열영상 불균일보정 장비 소요자재 구매,2022,LDH,육군종합정비창,수의계약,총액제,최저가격제,202203181500,20220318,유찰
정상공고,LDH0248,1,07232,***,"(화공) 질소,공업용 등 2종 구매",2022,LDH,육군종합정비창,수의계약,총액제,적격심사제,202203181300,20220318,유찰
긴급공고,LGI0065,1,07473,001,22-1차 부대조달 식자재 납품(부식),2022,LGI,제3군수지원여단,2단계경쟁(동시),단가제,최저가격제,202203181600,20220318,낙찰
정상공고,LIK0061,1,06124,001,'22년 부대조달 후식(바나나) 구매,2022,LIK,제2군수지원여단,제한경쟁,단가제,적격심사제,202203181030,20220318,낙찰
정상공고,LIK0062,1,06125,001,'22년 부대조달 후식(생수) 구매,2022,LIK,제2군수지원여단,일반경쟁,단가제,적격심사제,202203181030,20220318,낙찰
긴급공고,LKG0009,1,07302,***,'22년 부대급식품목 계약(일반),2022,LKG,육군제53보병사단,일반경쟁,총액제,적격심사제,202203181030,20220318,낙찰
긴급공고,LKG0010,1,07308,***,'22년 부대급식품목 계약(어묵류),2022,LKG,육군제53보병사단,제한경쟁,총액제,적격심사제,202203181030,20220318,낙찰
정상공고,MDD0057,1,06464,***,2022년 의약품(졸레어주사 등 19품목) 구매,2022,MDD,국군수도병원,제한경쟁,총액제,적격심사제,202203181100,20220318,낙찰
정정공고,MDD0058,2,06542,***,2022년 의료기재(수술포 39품목) 구매,2022,MDD,국군수도병원,제한경쟁,총액제,적격심사제,202203181100,20220318,낙찰
정상공고,MDG0053,1,06449,001,22년 의료폐기물처리용역(경기권1),2022,MDG,국군의무사령부,제한경쟁,단가제,적격심사제,202203181100,20220318,낙찰
정상공고,MDG0054,1,06450,001,22년 의료폐기물처리용역(경기권2),2022,MDG,국군의무사령부,제한경쟁,단가제,적격심사제,202203181100,20220318,낙찰
정상공고,MDG0055,1,06452,001,22년 의료폐기물처리용역(강원권),2022,MDG,국군의무사령부,제한경쟁,단가제,적격심사제,202203181100,20220318,낙찰
정상공고,MDG0056,1,06453,001,22년 의료폐기물처리용역(국군강릉병원),2022,MDG,국군의무사령부,제한경쟁,단가제,적격심사제,202203181100,20220318,낙찰
정상공고,MDG0057,1,06455,001,22년 의료폐기물처리용역(국군대구병원),2022,MDG,국군의무사령부,제한경쟁,단가제,적격심사제,202203181100,20220318,유찰
정상공고,MDG0059,1,06459,001,22년 의료폐기물처리용역(국군함평병원),2022,MDG,국군의무사령부,제한경쟁,단가제,적격심사제,202203181100,20220318,낙찰
재공고,UAB0014,2,06204,***,화진포콘도 세탁물처리용역,2022,UAB,국군복지단,수의계약,총액제,적격심사제,202203181700,20220318,유찰
정상공고,UAB0021,1,06920,***,체력단련장 22년 코스관리자재 비료 구매(정정),2022,UAB,국군복지단,일반경쟁,총액제,적격심사제,202203181000,20220318,낙찰
정상공고,UAB0022,1,07522,***,태릉 체력단련장 색물성잔재 폐기물처리,2022,UAB,국군복지단,일반경쟁,총액제,적격심사제,202203181700,20220318,유찰
정상공고,UMM0131,1,01083,***,22년 계룡지역 조경관리 용역,2022,UMM,국군재정관리단,일반경쟁,총액제,적격심사제,202203181100,20220318,낙찰
정상공고,UMM0121,1,01355,***,22-공-전자전모의 신호발생기 구매,2022,UMM,국군재정관리단,일반경쟁,총액제,적격심사제,202203181100,20220318,낙찰
정상공고,UMM0132,1,02150,***,22-해-하드케이스(특전장구류) 등 4종 구매,2022,UMM,국군재정관리단,일반경쟁,총액제,적격심사제,202203181100,20220318,낙찰
정상공고,UMM0073,1,02183,***,(227030-F)외과장비운영소모품 55종 구매,2022,UMM,국군재정관리단,제한경쟁,총액제,적격심사제,202203181100,20220318,낙찰
정상공고,UMM0119,1,02349,***,22-P-쿼드콘(컨테이너) 구매,2022,UMM,국군재정관리단,일반경쟁,총액제,적격심사제,202203181100,20220318,낙찰
정상공고,UMM0127,1,03017,***,22-해-공기압축기 중압 350 BAR 1EA 제조(228059-F),2022,UMM,국군재정관리단,제한경쟁,총액제,적격심사제,202203181100,20220318,낙찰
정상공고,UMM0125,1,03797,***,통신전자장비 전계강도 측정분석장비 개발,2022,UMM,국군재정관리단,수의계약,총액제,적격심사제,202203181100,20220318,유찰
정상공고,UMM0120,1,04336,***,22-해-포신약실검사장비 제조,2022,UMM,국군재정관리단,수의계약,총액제,적격심사제,202203181100,20220318,유찰
정상공고,UMM0072,1,04596,***,(226063-D) 하계 행사복 등 11종 제조,2022,UMM,국군재정관리단,제한경쟁,총액제,적격심사제,202203181100,20220318,낙찰
정상공고,UMM0134,1,05281,***,22-국-체력단련장 경기도우미 피복 제조,2022,UMM,국군재정관리단,지명경쟁,총액제,적격심사제,202203181100,20220318,낙찰
정상공고,UMM0133,1,05312,***,22-해-에어텐트 등 2종 구매,2022,UMM,국군재정관리단,제한경쟁,총액제,적격심사제,202203181100,20220318,낙찰
정상공고,UMM0130,1,06205,***,22-공-헬륨가스 구매,2022,UMM,국군재정관리단,일반경쟁,총액제,적격심사제,202203181100,20220318,낙찰
정상공고,UMM0068,1,06861,***,(227031-B) 외과장비운영소모품 39품목 구매,2022,UMM,국군재정관리단,일반경쟁,총액제,적격심사제,202203181100,20220318,낙찰
정상공고,UMM0074,1,07137,***,(22F013-I) '22년 수료신병 수송 용역,2022,UMM,국군재정관리단,제한경쟁,총액제,적격심사제,202203181100,20220318,낙찰
정상공고,UMM0123,1,07179,***,22-해-함정 습식선체청락기 구매,2022,UMM,국군재정관리단,일반경쟁,총액제,적격심사제,202203181100,20220318,낙찰
정상공고,LBA0038,1,06451,001,'22년 4~5월 식자재 다수품목 단가계약,2022,LBA,제 2167부대,수의계약,단가제,최저가격제,202203171330,20220317,유찰
재공고,LCF0027,2,04041,***,해치 로직 조립체 등 13항목 제조(특무),2022,LCF,육군군수사령부,제한경쟁,총액제,적격심사제,202203171030,20220317,낙찰
재공고,LCF0029,2,04050,***,"패널,전기-전자장비용 등 9항목 제조(특무)",2022,LCF,육군군수사령부,수의계약,총액제,적격심사제,202203171030,20220317,유찰
재공고,LCF0031,2,04054,***,"덮개,탄약용 등 31항목 구매(특무)",2022,LCF,육군군수사령부,제한경쟁,총액제,적격심사제,202203171030,20220317,순위확정
정상공고,LCF0049,1,04793,***,"VRC-946K 확성기,영구 자석식 등 3항목 구매(통신)",2022,LCF,육군군수사령부,제한경쟁,총액제,적격심사제,202203171130,20220317,낙찰
정상공고,LCF0051,1,06202,***,"프로펠러,항공기용 등 61항목 구매(항공)",2022,LCF,육군군수사령부,일반경쟁,총액제,적격심사제,202203171130,20220317,순위확정
정상공고,LCF0050,1,06749,***,에너지 완충기 등 7항목 구매(항공),2022,LCF,육군군수사령부,일반경쟁,총액제,적격심사제,202203171130,20220317,순위확정
정상공고,LDH0231,1,06993,***,(정비) 콤보스파이럴탭등63종 구매,2022,LDH,육군종합정비창,수의계약,총액제,적격심사제,202203171300,20220317,유찰
정상공고,LDH0232,1,06995,***,(정비) 가제수입포등6종 구매,2022,LDH,육군종합정비창,제한경쟁,총액제,적격심사제,202203171300,20220317,유찰
정상공고,LDH0233,1,06996,***,(정비) 플라스틱브러쉬등53종 구매,2022,LDH,육군종합정비창,제한경쟁,총액제,적격심사제,202203171300,20220317,낙찰
정상공고,LDH0234,1,06997,***,(정비) 자동차광용접맨보호판등13종 구매,2022,LDH,육군종합정비창,제한경쟁,총액제,적격심사제,202203171300,20220317,유찰
정상공고,LDH0235,1,06998,***,(정비) 크린가드작업복등12종 구매,2022,LDH,육군종합정비창,제한경쟁,총액제,적격심사제,202203171300,20220317,낙찰
정상공고,LDH0236,1,06999,***,(정비) 미끄럼방지안전장화등8종 구매,2022,LDH,육군종합정비창,제한경쟁,총액제,적격심사제,202203171300,20220317,낙찰
정상공고,LDH0237,1,07000,***,(정비) 방한장갑등33종 구매,2022,LDH,육군종합정비창,제한경쟁,총액제,적격심사제,202203171300,20220317,낙찰
정상공고,LDH0238,1,07005,***,(정비) 배선터미널등28종 구매,2022,LDH,육군종합정비창,제한경쟁,총액제,적격심사제,202203171300,20220317,유찰
정상공고,LDH0239,1,07007,***,(정비) 면봉등51종 구매,2022,LDH,육군종합정비창,제한경쟁,총액제,적격심사제,202203171300,20220317,유찰
정상공고,LDH0240,1,07010,***,(정비) 미니롤러등90종 구매,2022,LDH,육군종합정비창,제한경쟁,총액제,적격심사제,202203171300,20220317,낙찰
긴급공고,LFC0013,1,07403,***,장거리 이동신병 도시락 구매,2022,LFC,육군훈련소,2단계경쟁(동시),총액제,최저가격제,202203171030,20220317,낙찰
긴급공고,LFC0014,1,07418,***,육군훈련소 가공후식(떠먹는 토핑형 발효유) 구매,2022,LFC,육군훈련소,일반경쟁,총액제,적격심사제,202203171030,20220317,낙찰
긴급공고,LFC0015,1,07449,***,육군훈련소 가공후식(탄산음료) 구매,2022,LFC,육군훈련소,일반경쟁,총액제,적격심사제,202203171030,20220317,낙찰
정정공고,LFC0016,2,07451,***,육군훈련소 부대조달 가공후식(초콜릿) 구매,2022,LFC,육군훈련소,일반경쟁,총액제,적격심사제,202203171030,20220317,낙찰
정정공고,LFC0017,2,07453,***,육군훈련소 부대조달 가공후식(과일바) 구매,2022,LFC,육군훈련소,일반경쟁,총액제,적격심사제,202203171030,20220317,낙찰
정정공고,LFC0018,2,07457,***,육군훈련소 부대조달 가공후식(워터젤리) 구매,2022,LFC,육군훈련소,일반경쟁,총액제,적격심사제,202203171030,20220317,낙찰
정정공고,LFC0019,2,07459,***,육군훈련소 부대조달 가공후식(과일푸딩) 구매,2022,LFC,육군훈련소,일반경쟁,총액제,적격심사제,202203171030,20220317,낙찰
정정공고,LFC0020,3,07462,***,육군훈련소 부대조달 가공후식(떠먹는 발효유) 구매,2022,LFC,육군훈련소,일반경쟁,총액제,적격심사제,202203171030,20220317,낙찰
정정공고,LFC0021,2,07464,***,육군훈련소 부대조달 가공후식(마시는 발효유) 구매,2022,LFC,육군훈련소,일반경쟁,총액제,적격심사제,202203171030,20220317,낙찰
긴급공고,LFC0022,1,07465,***,육군훈련소 부대조달 가공후식(팥빙수) 구매,2022,LFC,육군훈련소,일반경쟁,총액제,적격심사제,202203171030,20220317,낙찰
긴급공고,LFC0023,1,07466,***,육군훈련소 가공후식(컵형 아이스크림) 구매,2022,LFC,육군훈련소,일반경쟁,총액제,적격심사제,202203171030,20220317,낙찰
정정공고,LFC0024,2,07467,***,육군훈련소 부대조달 가공후식(샌드형 아이스크림),2022,LFC,육군훈련소,일반경쟁,총액제,적격심사제,202203171030,20220317,낙찰
긴급공고,LFC0025,1,07468,***,육군훈련소 부대조달 가공후식(팩형 아이스크림) 구매,2022,LFC,육군훈련소,일반경쟁,총액제,적격심사제,202203171030,20220317,낙찰
정정공고,LFC0026,2,07469,***,육군훈련소 부대조달 가공후식(콘형 아이스크림) 구매,2022,LFC,육군훈련소,일반경쟁,총액제,적격심사제,202203171030,20220317,낙찰
정정공고,LFC0027,2,07470,***,육군훈련소 부대조달 가공후식(반건조 고구마)구매,2022,LFC,육군훈련소,일반경쟁,총액제,적격심사제,202203171030,20220317,낙찰
정정공고,LFC0028,2,07472,***,육군훈련소 부대조달 가공후식(과채주스) 구매,2022,LFC,육군훈련소,일반경쟁,총액제,적격심사제,202203171030,20220317,낙찰
긴급공고,LFC0029,1,07474,***,육군훈련소 부대조달 가공후식(짜먹는 발효유) 구매,2022,LFC,육군훈련소,일반경쟁,총액제,적격심사제,202203171030,20220317,낙찰
긴급공고,LFC0030,1,07475,***,육군훈련소 부대조달 가공후식(이온음료) 구매,2022,LFC,육군훈련소,일반경쟁,총액제,적격심사제,202203171030,20220317,낙찰
정정공고,LFC0031,2,07477,***,육군훈련소 부대조달 가공후식(바나나맛 우유) 구매,2022,LFC,육군훈련소,일반경쟁,총액제,적격심사제,202203171030,20220317,낙찰
긴급공고,LGP0092,1,06000,001,'22년 부대조달 후식 마시는 발효유 구매,2022,LGP,제1군수지원사령부,일반경쟁,단가제,적격심사제,202203171100,20220317,낙찰
긴급공고,LGP0091,1,06001,001,'22년 부대조달 후식 떠먹는  발효유 구매,2022,LGP,제1군수지원사령부,일반경쟁,단가제,적격심사제,202203171100,20220317,낙찰
긴급공고,LGP0090,1,06002,001,'22년 부대조달 후식 떠먹는발효유(토핑) 구매,2022,LGP,제1군수지원사령부,일반경쟁,단가제,적격심사제,202203171100,20220317,낙찰
긴급공고,LGP0089,1,06003,001,'22년 부대조달 후식 짜먹는 발효유 구매,2022,LGP,제1군수지원사령부,일반경쟁,단가제,적격심사제,202203171100,20220317,낙찰
긴급공고,LGP0088,1,06004,001,'22년 부대조달 후식 식혜 구매,2022,LGP,제1군수지원사령부,일반경쟁,단가제,적격심사제,202203171100,20220317,낙찰
긴급공고,LGP0087,1,06005,001,'22년 부대조달 후식 이온음료 구매,2022,LGP,제1군수지원사령부,일반경쟁,단가제,적격심사제,202203171100,20220317,낙찰
긴급공고,LGP0086,1,06006,001,'22년 부대조달 후식 탄산음료 구매,2022,LGP,제1군수지원사령부,일반경쟁,단가제,적격심사제,202203171100,20220317,낙찰
긴급공고,LGP0085,1,06007,001,'22년 부대조달 후식 에이드음료 구매,2022,LGP,제1군수지원사령부,일반경쟁,단가제,적격심사제,202203171100,20220317,낙찰
긴급공고,LGP0084,1,06008,001,'22년 부대조달 후식 커피(컵타입) 구매,2022,LGP,제1군수지원사령부,일반경쟁,단가제,적격심사제,202203171100,20220317,낙찰
긴급공고,LGP0083,1,06009,001,'22년 부대조달 후식 생수 구매,2022,LGP,제1군수지원사령부,일반경쟁,단가제,적격심사제,202203171100,20220317,낙찰
긴급공고,LGP0082,1,06010,001,'22년 부대조달 후식 콘 아이스크림 구매,2022,LGP,제1군수지원사령부,일반경쟁,단가제,적격심사제,202203171100,20220317,낙찰
긴급공고,LGP0081,1,06011,001,'22년 부대조달 후식 컵 아이스크림 구매,2022,LGP,제1군수지원사령부,일반경쟁,단가제,적격심사제,202203171100,20220317,낙찰
긴급공고,LGP0080,1,06012,001,'22년 부대조달 후식 팩 아이스크림 구매,2022,LGP,제1군수지원사령부,일반경쟁,단가제,적격심사제,202203171100,20220317,낙찰
긴급공고,LGP0079,1,06013,001,'22년 부대조달 후식 샌드 아이스크림 구매,2022,LGP,제1군수지원사령부,일반경쟁,단가제,적격심사제,202203171100,20220317,낙찰
긴급공고,LGP0078,1,06014,001,'22년 부대조달 후식 팥빙수 구매,2022,LGP,제1군수지원사령부,일반경쟁,단가제,적격심사제,202203171100,20220317,낙찰
긴급공고,LGP0077,1,06015,001,'22년 부대조달 후식 조각케익 제조구매,2022,LGP,제1군수지원사령부,일반경쟁,단가제,적격심사제,202203171100,20220317,유찰
긴급공고,LGP0076,1,06017,001,'22년 부대조달 후식 초콜릿 구매,2022,LGP,제1군수지원사령부,일반경쟁,단가제,적격심사제,202203171100,20220317,낙찰
긴급공고,LGP0075,1,06018,001,'22년 부대조달 후식 에너지바 구매,2022,LGP,제1군수지원사령부,수의계약,단가제,적격심사제,202203171100,20220317,순위확정
긴급공고,LGP0074,1,06019,001,'22년 부대조달 후식 워터젤리 구매,2022,LGP,제1군수지원사령부,일반경쟁,단가제,적격심사제,202203171100,20220317,낙찰
긴급공고,LGP0073,1,06020,001,'22년 부대조달 후식 스트링치즈 구매,2022,LGP,제1군수지원사령부,일반경쟁,단가제,적격심사제,202203171100,20220317,낙찰
긴급공고,LGP0072,1,06021,001,'22년 부대조달 후식 과일푸딩 구매,2022,LGP,제1군수지원사령부,일반경쟁,단가제,적격심사제,202203171100,20220317,낙찰
긴급공고,LGT0008,1,07397,***,22-1차 간부숙소 벽걸이형 냉난방기 설치납품,2022,LGT,제2307부대,제한경쟁,총액제,적격심사제,202203171030,20220317,낙찰
재공고,LQP0001,2,06259,***,22년 정수기 임차용역(2차),2022,LQP,제1891부대,일반경쟁,총액제,적격심사제,202203171030,20220317,유찰
재공고,MCK0001,3,02891,***,국방 전자서명 인증체계 고도화 개인정보영향평가,2022,MCK,국방전산정보원,수의계약,총액제,최저가격제,202203171100,20220317,유찰
재공고,SCF0151,2,05490,***,사각어묵(냉동) 등 4종 구매,2022,SCF,해군군수사령부,제한경쟁,총액제,적격심사제,202203171030,20220317,낙찰
긴급공고,SCF0085,1,06493,***,안테나 등 2종 구매,2022,SCF,해군군수사령부,수의계약,총액제,적격심사제,202203171030,20220317,순위확정
긴급공고,SCF0110,1,06637,***,"(긴급) 등, 선박항해용 등 4종",2022,SCF,해군군수사령부,제한경쟁,총액제,적격심사제,202203171030,20220317,낙찰
긴급공고,SCF0109,1,06652,***,"(긴급)전원공급기,무정전식 1종",2022,SCF,해군군수사령부,제한경쟁,총액제,적격심사제,202203171030,20220317,낙찰
긴급공고,SCF0011,1,07505,***,PKG D/E 감속기어 축계 중심정렬 용역,2022,SCF,해군군수사령부,일반경쟁,총액제,적격심사제,202203171030,20220317,순위확정
긴급공고,UMM0079,1,00326,***,(227007-C) 22년 일반의약품 659품목 구매,2022,UMM,국군재정관리단,일반경쟁,총액제,적격심사제,202203171100,20220317,낙찰
긴급공고,UMM0043,1,02429,***,(22F027-I)GOP및해강안소초찾아가는문화공연용역,2022,UMM,국군재정관리단,협상에의한계약(전자),총액제,최저가격제,202203171100,20220317,낙찰
긴급공고,HAE0002,1,07535,***,22-001 산소보급기 구매,2022,HAE,39정찰비행단,제한경쟁,총액제,적격심사제,202203161100,20220316,낙찰
긴급공고,HCF0037,1,07125,***,"[F-16 ADVR 부품] 기억장치, 비행기록기용 등 6종",2022,HCF,공군군수사령부,제한경쟁,총액제,적격심사제,202203161030,20220316,낙찰
재공고,HCG0002,2,05918,***,'22년 기상위성수신체계 유지보수,2022,HCG,공군본부,제한경쟁,총액제,적격심사제,202203161100,20220316,낙찰
긴급공고,HCM0020,1,04225,***,훈련단 병사식당 급식 민간위탁 운영,2022,HCM,공군교육사령부,협상에의한계약(서류),총액제,최저가격제,202203161400,20220316,낙찰
정상공고,LCP0008,1,05802,***,'22년 비행협조소 무인화체계(RCU) 외주정비 용역,2022,LCP,육군항공사령부,제한경쟁,총액제,적격심사제,202203161030,20220316,유찰
정상공고,LDH0243,1,07032,***,K1전차 볼트 등 2종 구매,2022,LDH,육군종합정비창,제한경쟁,총액제,적격심사제,202203161300,20220316,낙찰
정상공고,LDH0244,1,07035,***,K1전차 리테이너 등 6종 구매,2022,LDH,육군종합정비창,제한경쟁,총액제,적격심사제,202203161300,20220316,유찰
정상공고,LDH0245,1,07040,***,통신장비 덮개 등 10종 구매,2022,LDH,육군종합정비창,제한경쟁,총액제,적격심사제,202203161300,20220316,유찰
긴급공고,LGI0064,1,07193,***,'22년 부대조달 후식(생수),2022,LGI,제3군수지원여단,일반경쟁,총액제,적격심사제,202203161100,20220316,낙찰
정정공고,LGP0065,2,06902,***,"22년 특수무기 전력변환기(천마,비호) 외주정비",2022,LGP,제1군수지원사령부,제한경쟁,총액제,적격심사제,202203161100,20220316,유찰
재공고,LKD0014,2,06102,001,22년 사단 음식물폐기물 위탁처리 용역,2022,LKD,제32보병사단,제한경쟁,단가제,적격심사제,202203161030,20220316,낙찰
재공고,LKP0030,2,05684,***,'22년 M2 장간조립교 외주정비 용역,2022,LKP,5군수지원사령부,제한경쟁,총액제,적격심사제,202203161100,20220316,낙찰
정상공고,LMK0007,1,07260,***,[22-C11]소방시설 종합정밀점검 용역 계약,2022,LMK,제6보병사단,제한경쟁,총액제,최저가격제,202203161030,20220316,유찰
정상공고,MCL0002,1,06665,***,재외공관 주재 무관부 신변안전보험,2022,MCL,국방정보본부,수의계약,총액제,적격심사제,202203161100,20220316,유찰
재공고,SCF0073,2,01634,***,중형휀다 등 2종 제조,2022,SCF,해군군수사령부,수의계약,총액제,적격심사제,202203161030,20220316,유찰
재공고,SCF0057,2,03280,***,화재대피 마스크 1종 구매,2022,SCF,해군군수사령부,수의계약,총액제,적격심사제,202203161030,20220316,순위확정
재공고,SCF0057,2,03982,001,"22-00창 일반폐기물(폐P/S 볼,폐주물사) 처리용역",2022,SCF,해군군수사령부,수의계약,단가제,적격심사제,202203161030,20220316,유찰
긴급공고,SCF0107,1,04342,***,"제재목,연재질,두꺼운형 등 5종",2022,SCF,해군군수사령부,제한경쟁,총액제,적격심사제,202203161030,20220316,낙찰
긴급공고,SCF0106,1,05150,***,내수압 청동 1종,2022,SCF,해군군수사령부,수의계약,총액제,적격심사제,202203161030,20220316,유찰
긴급공고,SCF0108,1,05152,***,황동괴 1종,2022,SCF,해군군수사령부,수의계약,총액제,적격심사제,202203161030,20220316,유찰
긴급공고,SCF0084,1,07310,***,공기압축 휀다 등 3종 제조,2022,SCF,해군군수사령부,제한경쟁,총액제,적격심사제,202203161030,20220316,낙찰
긴급공고,SFC0034,1,07240,***,22-덕-비궁 해상사격표적기 제조 설치,2022,SFC,제9691부대,제한경쟁,총액제,적격심사제,202203161100,20220316,낙찰
긴급공고,SFL0032,1,07333,***,볼펜 등 298종 구매 납품,2022,SFL,제3283부대,제한경쟁,총액제,적격심사제,202203161100,20220316,낙찰
정상공고,UMM0115,1,03476,***,"22-해-앵글, 저장용 1품목 구매",2022,UMM,국군재정관리단,제한경쟁,총액제,적격심사제,202203161100,20220316,낙찰
정상공고,UMM0067,1,06754,***,(22G023-I) 대테러 훈련용 기동영상전송장비 금융리스,2022,UMM,국군재정관리단,일반경쟁,총액제,최저가격제,202203161100,20220316,낙찰
정상공고,UMM0117,1,06957,***,22-공-체력단련장 농약 구매,2022,UMM,국군재정관리단,일반경쟁,총액제,적격심사제,202203161100,20220316,낙찰
긴급공고,UMM0075,1,07254,***,22년 일반화물 수송용역,2022,UMM,국군재정관리단,일반경쟁,총액제,적격심사제,202203161100,20220316,낙찰
긴급공고,HCF0036,1,04759,***,"압축기 유니트,회전식",2022,HCF,공군군수사령부,제한경쟁,총액제,적격심사제,202203151030,20220315,낙찰
긴급공고,HCF0031,1,05851,***,유압식 돌리형 잭 2종 구매,2022,HCF,공군군수사령부,제한경쟁,총액제,적격심사제,202203151030,20220315,낙찰
긴급공고,HCF0035,1,06024,***,"계기, 전계 강도용",2022,HCF,공군군수사령부,일반경쟁,총액제,적격심사제,202203151030,20220315,낙찰
긴급공고,HCF0032,1,06174,***,타월렛트 구매,2022,HCF,공군군수사령부,제한경쟁,총액제,적격심사제,202203151030,20220315,낙찰
긴급공고,HCF0033,1,06759,***,방진화 제조,2022,HCF,공군군수사령부,제한경쟁,총액제,적격심사제,202203151030,20220315,낙찰
정정공고,LBA0030,2,06254,***,'22년 일반폐기물 위탁처리 용역,2022,LBA,제 2167부대,일반경쟁,총액제,적격심사제,202203151030,20220315,낙찰
긴급공고,LBA0039,1,06672,001,'22년 부대조달 후식(콜라) 구매,2022,LBA,제 2167부대,일반경쟁,단가제,적격심사제,202203151030,20220315,유찰
긴급공고,LBA0040,1,06680,001,'22년 부대조달 후식(사이다) 구매,2022,LBA,제 2167부대,일반경쟁,단가제,적격심사제,202203151030,20220315,낙찰
긴급공고,LBA0041,1,06681,001,'22년 부대조달 후식(캔형 커피) 구매,2022,LBA,제 2167부대,제한경쟁,단가제,적격심사제,202203151030,20220315,유찰
긴급공고,LBA0042,1,06683,001,'22년 부대조달 후식(컵형 커피) 구매,2022,LBA,제 2167부대,일반경쟁,단가제,적격심사제,202203151030,20220315,낙찰
긴급공고,LBA0043,1,06684,001,'22년 부대조달 후식(이온음료) 구매,2022,LBA,제 2167부대,제한경쟁,단가제,적격심사제,202203151030,20220315,낙찰
긴급공고,LBA0044,1,06685,001,'22년 부대조달 후식(비타민음료) 구매,2022,LBA,제 2167부대,제한경쟁,단가제,적격심사제,202203151030,20220315,낙찰
긴급공고,LBA0045,1,06686,001,'22년 부대조달 후식(식혜) 구매,2022,LBA,제 2167부대,제한경쟁,단가제,적격심사제,202203151030,20220315,낙찰
긴급공고,LBA0046,1,06692,001,'22년 부대조달 후식(과일탄산음료) 구매,2022,LBA,제 2167부대,제한경쟁,단가제,적격심사제,202203151030,20220315,낙찰
긴급공고,LBA0047,1,06693,001,'22년 부대조달 후식(팥빙수) 구매,2022,LBA,제 2167부대,일반경쟁,단가제,적격심사제,202203151030,20220315,낙찰
긴급공고,LBA0048,1,06695,001,'22년 부대조달 후식(콘형 아이스크림) 구매,2022,LBA,제 2167부대,제한경쟁,단가제,적격심사제,202203151030,20220315,낙찰
긴급공고,LBA0049,1,06696,001,'22년 부대조달 후식(팩형 아이스크림) 구매,2022,LBA,제 2167부대,제한경쟁,단가제,적격심사제,202203151030,20220315,낙찰
긴급공고,LBA0050,1,06698,001,'22년 부대조달 후식(컵형 아이스크림) 구매,2022,LBA,제 2167부대,제한경쟁,단가제,적격심사제,202203151030,20220315,낙찰
긴급공고,LBA0051,1,06699,001,'22년 부대조달 후식(샌드형 아이스크림) 구매,2022,LBA,제 2167부대,제한경쟁,단가제,적격심사제,202203151030,20220315,낙찰
긴급공고,LBA0052,1,06700,001,'22년 부대조달 후식(튜브형 아이스크림) 구매,2022,LBA,제 2167부대,제한경쟁,단가제,적격심사제,202203151030,20220315,낙찰
긴급공고,LBA0053,1,06701,001,'22년 부대조달 후식(마시는 발효유),2022,LBA,제 2167부대,제한경쟁,단가제,적격심사제,202203151030,20220315,낙찰
긴급공고,LBA0054,1,06704,001,'22년 부대조달 후식(떠먹는 발효유) 구매,2022,LBA,제 2167부대,제한경쟁,단가제,적격심사제,202203151030,20220315,낙찰
긴급공고,LBA0055,1,06707,001,'22년 부대조달 후식(짜먹는 발효유),2022,LBA,제 2167부대,제한경쟁,단가제,적격심사제,202203151030,20220315,낙찰
긴급공고,LBA0056,1,06709,001,'22년 부대조달 후식(토핑요거트) 구매,2022,LBA,제 2167부대,일반경쟁,단가제,적격심사제,202203151030,20220315,낙찰
긴급공고,LBA0057,1,06711,001,'22년 부대조달 후식(워터젤리) 구매,2022,LBA,제 2167부대,제한경쟁,단가제,적격심사제,202203151030,20220315,낙찰
긴급공고,LBA0058,1,06712,001,'22년 부대조달 후식(초코바) 구매,2022,LBA,제 2167부대,제한경쟁,단가제,적격심사제,202203151030,20220315,낙찰
긴급공고,LBA0059,1,06716,001,'22년 부대조달 후식(초콜릿) 구매,2022,LBA,제 2167부대,제한경쟁,단가제,적격심사제,202203151030,20220315,낙찰
긴급공고,LBA0061,1,06721,001,'22년 부대조달 후식(과일푸딩) 구매,2022,LBA,제 2167부대,제한경쟁,단가제,적격심사제,202203151030,20220315,낙찰
재공고,LCF0023,2,02311,***,오일펜스 1항목 구매(일반물자),2022,LCF,육군군수사령부,제한경쟁,총액제,적격심사제,202203151030,20220315,낙찰
재공고,LCF0026,2,03468,***,살균제 등 5항목 구매(화생방물자),2022,LCF,육군군수사령부,제한경쟁,총액제,적격심사제,202203151030,20220315,낙찰
정상공고,LDG0013,1,05599,***,공기청정기 필터 구매,2022,LDG,육군 탄약지원사령부,제한경쟁,총액제,적격심사제,202203151030,20220315,낙찰
정상공고,LDG0014,1,05787,***,탄약 정비 일반자재(아세톤 등 29개 품목) 구매,2022,LDG,육군 탄약지원사령부,제한경쟁,총액제,적격심사제,202203151030,20220315,낙찰
정상공고,LDH0182,1,04833,***,저탐레이더송수신부 회로카드 시험장비 개발자재 구매,2022,LDH,육군종합정비창,2단계경쟁(동시),총액제,최저가격제,202203151500,20220315,낙찰
정상공고,LDH0229,1,06661,***,22-1차 정비용 장비 부품 구매,2022,LDH,육군종합정비창,제한경쟁,총액제,적격심사제,202203151300,20220315,순위확정
정상공고,LDH0230,1,06663,***,22-2차 정비용 장비 부품 구매,2022,LDH,육군종합정비창,제한경쟁,총액제,적격심사제,202203151300,20220315,유찰
긴급공고,LGI0062,1,07011,001,'22년 부대조달 후식(소세지),2022,LGI,제3군수지원여단,일반경쟁,단가제,적격심사제,202203151100,20220315,낙찰
재공고,LGP0026,2,04327,***,"도하장비 외주정비 용역(서울,인천,경기)",2022,LGP,제1군수지원사령부,제한경쟁,총액제,적격심사제,202203151100,20220315,낙찰
재공고,LGP0027,2,04330,***,도하장비 외주정비 용역(경기북부),2022,LGP,제1군수지원사령부,제한경쟁,총액제,적격심사제,202203151100,20220315,낙찰
재공고,LGP0033,2,04633,***,22년 건설장비 외주정비 용역(경기북부),2022,LGP,제1군수지원사령부,제한경쟁,총액제,적격심사제,202203151100,20220315,유찰
긴급공고,LGP0039,1,04911,001,'22-1차 식자재 다수품목 단가계약(강원동부),2022,LGP,제1군수지원사령부,2단계경쟁(동시),단가제,최저가격제,202203151100,20220315,낙찰
긴급공고,LGP0040,1,04914,001,'22 - 1차 식자재 다수품목 단가계약(강원서부),2022,LGP,제1군수지원사령부,2단계경쟁(동시),단가제,최저가격제,202203151100,20220315,낙찰
긴급공고,LGP0041,1,04917,001,'22-1차 식자재 다수품목 단가계약(경기남부),2022,LGP,제1군수지원사령부,수의계약,단가제,최저가격제,202203151100,20220315,유찰
긴급공고,LGP0042,1,04923,001,'22-1차 식자재 다수품목 단가계약(경기서부),2022,LGP,제1군수지원사령부,2단계경쟁(동시),단가제,최저가격제,202203151100,20220315,낙찰
긴급공고,LGP0043,1,05058,001,'22-1차 식자재 다수품목 단가계약(경기북부),2022,LGP,제1군수지원사령부,2단계경쟁(동시),단가제,최저가격제,202203151100,20220315,낙찰
재공고,LGP0044,2,05083,***,22년 광단국 장비 외주정비,2022,LGP,제1군수지원사령부,일반경쟁,총액제,적격심사제,202203151100,20220315,낙찰
재공고,LGP0047,2,05095,***,22년 TICN전원공급기 외주정비 용역(3군단),2022,LGP,제1군수지원사령부,제한경쟁,총액제,적격심사제,202203151100,20220315,낙찰
재공고,LGP0049,2,05105,***,22년 시추장비 외주정비 용역,2022,LGP,제1군수지원사령부,제한경쟁,총액제,적격심사제,202203151100,20220315,유찰
재공고,LGP0051,2,05114,***,"22년 표준 및 상용차량 외주정비(서울,인천,경기)",2022,LGP,제1군수지원사령부,제한경쟁,총액제,적격심사제,202203151100,20220315,낙찰
긴급공고,LGP0066,1,06908,***,22년 건설장비 외주정비(강원도),2022,LGP,제1군수지원사령부,제한경쟁,총액제,적격심사제,202203151100,20220315,유찰
긴급공고,LGP0067,1,06916,***,22년 표준 및 상용차량 외주정비(강원도),2022,LGP,제1군수지원사령부,제한경쟁,총액제,적격심사제,202203151100,20220315,유찰
긴급공고,LGP0068,1,06919,***,22년 함정장비 외주정비,2022,LGP,제1군수지원사령부,일반경쟁,총액제,적격심사제,202203151100,20220315,유찰
긴급공고,LGP0070,1,06948,***,22년 신형정수차 외주정비,2022,LGP,제1군수지원사령부,제한경쟁,총액제,적격심사제,202203151100,20220315,유찰
긴급공고,LGP0071,1,06958,***,"22년 건설장비 외주정비(서울,인천,경기)",2022,LGP,제1군수지원사령부,제한경쟁,총액제,적격심사제,202203151100,20220315,유찰
긴급공고,LHN0003,1,07029,001,22년 4~5월 부대계약 부식 빵류 2개품목(제조),2022,LHN,제7보병사단,제한경쟁,단가제,적격심사제,202203151030,20220315,유찰
긴급공고,LHN0004,1,07045,001,22년 4~5월 부대계약 부식 어육가공품류(제조),2022,LHN,제7보병사단,제한경쟁,단가제,적격심사제,202203151030,20220315,낙찰
정상공고,LIK0060,1,06532,001,'22년 음식물류 폐기물 위탁처리 용역,2022,LIK,제2군수지원여단,제한경쟁,단가제,적격심사제,202203151030,20220315,낙찰
정상공고,LKP0024,1,06432,001,22년 부대조달후식(이온음료) 구매,2022,LKP,5군수지원사령부,일반경쟁,단가제,적격심사제,202203151100,20220315,낙찰
정상공고,LKP0025,1,06439,001,22년 부대조달후식(바나나맛 우유) 구매,2022,LKP,5군수지원사령부,일반경쟁,단가제,적격심사제,202203151100,20220315,낙찰
긴급공고,LMK0006,1,06628,***,[22-C8]22년 음식물류 폐기물 처리용역 계약,2022,LMK,제6보병사단,일반경쟁,총액제,적격심사제,202203151030,20220315,낙찰
긴급공고,LPK0010,1,06660,***,음식물류 폐기물 처리용역r,2022,LPK,제8기동사단,일반경쟁,총액제,적격심사제,202203151100,20220315,낙찰
정상공고,MDF0001,1,06677,***,'22-1차 전산운용품 구매,2022,MDF,국군지휘통신사령부,일반경쟁,총액제,적격심사제,202203151030,20220315,낙찰
정상공고,MDG0050,1,05685,***,22년 의무장비(내시경 자동세척소독기) 구매,2022,MDG,국군의무사령부,제한경쟁,총액제,적격심사제,202203151100,20220315,낙찰
정상공고,MDG0051,1,05687,***,22년 의무장비(수술등 입식) 구매,2022,MDG,국군의무사령부,제한경쟁,총액제,적격심사제,202203151100,20220315,낙찰
정상공고,MDG0049,1,05689,***,22년 의무장비(안압계 비접촉식) 구매,2022,MDG,국군의무사령부,제한경쟁,총액제,적격심사제,202203151100,20220315,낙찰
정상공고,MDG0052,1,05690,***,22년 의무장비(치과수술용 현미경) 구매,2022,MDG,국군의무사령부,제한경쟁,총액제,적격심사제,202203151100,20220315,낙찰
정상공고,MDK0012,1,06590,***,'22년 군 전용선 입환작업 책임보험,2022,MDK,국군수송사령부,일반경쟁,총액제,적격심사제,202203151030,20220315,낙찰
재공고,SCF0035,2,01327,***,양념분쇄기 등 3품목 구매,2022,SCF,해군군수사령부,제한경쟁,총액제,적격심사제,202203151030,20220315,순위확정
재공고,SCF0003,3,02775,***,음탐기 수중케이블 및 소나돔 윈도우 교체정비,2022,SCF,해군군수사령부,수의계약,총액제,적격심사제,202203151030,20220315,유찰
긴급공고,SCF0083,1,03676,***,디스플레이 유닛 5EA 구매,2022,SCF,해군군수사령부,제한경쟁,총액제,적격심사제,202203151030,20220315,낙찰
긴급공고,SCF0103,1,04711,***,쇼파 등받이 수선 등 14종,2022,SCF,해군군수사령부,제한경쟁,총액제,적격심사제,202203151030,20220315,낙찰
긴급공고,SCF0104,1,04814,***,"갑압변,주강 등 5종",2022,SCF,해군군수사령부,제한경쟁,총액제,적격심사제,202203151030,20220315,유찰
긴급공고,SCF0152,1,06290,001,바나나맛우유(가공유류) 구매,2022,SCF,해군군수사령부,제한경쟁,단가제,적격심사제,202203151030,20220315,낙찰
긴급공고,SCF0153,1,06298,001,이온음료(혼합음료류) 구매,2022,SCF,해군군수사령부,제한경쟁,단가제,적격심사제,202203151030,20220315,낙찰
긴급공고,SCF0154,1,06303,001,"콜라,과일탄산(탄산음료류) 구매",2022,SCF,해군군수사령부,제한경쟁,단가제,적격심사제,202203151030,20220315,낙찰
긴급공고,SCF0155,1,06310,001,과채주스 구매,2022,SCF,해군군수사령부,제한경쟁,단가제,적격심사제,202203151030,20220315,낙찰
긴급공고,SCF0156,1,06317,001,콘형 아이스크림 구매,2022,SCF,해군군수사령부,제한경쟁,단가제,적격심사제,202203151030,20220315,낙찰
긴급공고,SCF0157,1,06321,001,컵형 아이스크림 구매,2022,SCF,해군군수사령부,제한경쟁,단가제,적격심사제,202203151030,20220315,낙찰
긴급공고,SCF0158,1,06329,001,샌드형 아이스크림 구매,2022,SCF,해군군수사령부,제한경쟁,단가제,적격심사제,202203151030,20220315,낙찰
긴급공고,SCF0159,1,06336,001,팩형 아이스크림 구매,2022,SCF,해군군수사령부,제한경쟁,단가제,적격심사제,202203151030,20220315,낙찰
긴급공고,SCF0160,1,06345,001,팥빙수(빙과류) 구매,2022,SCF,해군군수사령부,제한경쟁,단가제,적격심사제,202203151030,20220315,낙찰
긴급공고,SCF0161,1,06349,001,떠먹는 발효유(발효유류) 구매,2022,SCF,해군군수사령부,제한경쟁,단가제,적격심사제,202203151030,20220315,낙찰
긴급공고,SCF0162,1,06352,001,마시는 발효유(발효유류) 구매,2022,SCF,해군군수사령부,제한경쟁,단가제,적격심사제,202203151030,20220315,낙찰
긴급공고,SCF0163,1,06355,001,짜먹는 발효유(발효유류) 구매,2022,SCF,해군군수사령부,제한경쟁,단가제,적격심사제,202203151030,20220315,낙찰
긴급공고,SCF0164,1,06358,001,떠먹는 토핑형 발효유(발효유류) 구매,2022,SCF,해군군수사령부,제한경쟁,단가제,적격심사제,202203151030,20220315,낙찰
긴급공고,SCF0166,1,06366,001,"워터젤리(과채음료, 혼합음료, 캔디류) 구매",2022,SCF,해군군수사령부,제한경쟁,단가제,적격심사제,202203151030,20220315,낙찰
긴급공고,SCF0167,1,06375,001,아이스 과일바(과채가공품류) 구매,2022,SCF,해군군수사령부,제한경쟁,단가제,적격심사제,202203151030,20220315,낙찰
긴급공고,SCF0168,1,06382,001,초콜릿(초콜릿 가공품류) 구매,2022,SCF,해군군수사령부,제한경쟁,단가제,적격심사제,202203151030,20220315,낙찰
긴급공고,SCF0169,1,06386,001,반건조 고구마(서류가공품류) 구매,2022,SCF,해군군수사령부,제한경쟁,단가제,적격심사제,202203151030,20220315,낙찰
긴급공고,SCF0165,1,06397,001,과일푸딩(캔디류) 구매,2022,SCF,해군군수사령부,제한경쟁,단가제,적격심사제,202203151030,20220315,낙찰
정상공고,SCG0010,1,02081,***,22-해군 정보융합관리체계 개념 연구,2022,SCG,해군본부,2단계경쟁(동시),총액제,최저가격제,202203151100,20220315,낙찰
정상공고,SCG0020,1,03564,***,22-해상기반 우주발사체계 개념 연구,2022,SCG,해군본부,2단계경쟁(동시),총액제,최저가격제,202203151300,20220315,유찰
정상공고,SCG0017,1,03577,***,22-함정무기체계 한국형 사이버보안제도 적용연구,2022,SCG,해군본부,2단계경쟁(동시),총액제,최저가격제,202203151300,20220315,낙찰
정상공고,SCG0016,1,03579,***,22-함정 갑판부착장비 내충격성능 검증방안연구,2022,SCG,해군본부,수의계약,총액제,최저가격제,202203151300,20220315,유찰
정상공고,SCG0013,1,03584,***,"22-운영유지단계잠수함감항관리지침,매뉴얼정립",2022,SCG,해군본부,수의계약,총액제,최저가격제,202203151300,20220315,유찰
정상공고,SCG0012,1,03586,***,"22-함정 대기오염 저감방안, 설계영향성 연구",2022,SCG,해군본부,수의계약,총액제,최저가격제,202203151300,20220315,유찰
긴급공고,SFC0023,1,04757,***,상륙돌격장갑차 3차 창정비 방안 연구,2022,SFC,제9691부대,2단계경쟁(동시),총액제,최저가격제,202203151030,20220315,낙찰
긴급공고,SFC0024,1,04764,***,마린온 3차 PBL사업 적용범위 사업타당성 조사 연구,2022,SFC,제9691부대,2단계경쟁(동시),총액제,최저가격제,202203151030,20220315,낙찰
긴급공고,SFC0025,1,04767,***,해병 과학화경계시스템 추진방안 연구 용역,2022,SFC,제9691부대,2단계경쟁(동시),총액제,최저가격제,202203151030,20220315,낙찰
긴급공고,SFG0024,1,07021,***,제빙기 등 6품목 구매,2022,SFG,제9181부대,제한경쟁,총액제,적격심사제,202203151030,20220315,낙찰
정상공고,SFN0010,1,06487,***,게맛살 등 58품목 구매,2022,SFN,연평부대,일반경쟁,총액제,적격심사제,202203151030,20220315,낙찰
정상공고,SFN0011,1,06488,***,비요뜨 등 82품목 구매,2022,SFN,연평부대,일반경쟁,총액제,적격심사제,202203151030,20220315,낙찰
정상공고,SFN0012,1,06489,***,순두부 등 4품목 구매,2022,SFN,연평부대,일반경쟁,총액제,적격심사제,202203151030,20220315,낙찰
정상공고,SFN0013,1,06490,***,배추김치 등 9품목 제조,2022,SFN,연평부대,제한경쟁,총액제,적격심사제,202203151030,20220315,낙찰
정상공고,UMM0111,1,01493,***,"22-공-시험세트, 초음파식 구매",2022,UMM,국군재정관리단,제한경쟁,총액제,적격심사제,202203151100,20220315,낙찰
긴급공고,UMM0065,1,03023,***,(22F030-A)22년 창정비/위탁 수송 용역,2022,UMM,국군재정관리단,일반경쟁,총액제,적격심사제,202203151100,20220315,낙찰
정상공고,UMM0066,1,03594,***,(22F031-I) 22년 한국군 탄약 수송 용역,2022,UMM,국군재정관리단,일반경쟁,총액제,적격심사제,202203151100,20220315,낙찰
정상공고,UMM0113,1,03815,***,22-해-레이저추적측정기 구매설치,2022,UMM,국군재정관리단,일반경쟁,총액제,적격심사제,202203151100,20220315,낙찰
정상공고,UMM0110,1,03877,***,22-해-소화 및 바라스트 펌프 114㎥/hr 제조,2022,UMM,국군재정관리단,제한경쟁,총액제,적격심사제,202203151100,20220315,낙찰
정상공고,UMM0064,1,04600,***,(226060-F)군사경찰피복(백색가죽요대 등 6종) 제조,2022,UMM,국군재정관리단,제한경쟁,총액제,적격심사제,202203151100,20220315,낙찰
정상공고,UMM0109,1,05874,***,22-국-00단련장 코스자재(모래) 구매,2022,UMM,국군재정관리단,제한경쟁,총액제,적격심사제,202203151100,20220315,낙찰
정상공고,UMM0114,1,06638,***,'22년 공군 중요기록물 DB구축사업(22J003-F),2022,UMM,국군재정관리단,일반경쟁,총액제,적격심사제,202203151100,20220315,낙찰
긴급공고,HDG0010,1,06893,***,22-34 예비지휘소 인근 00지역 토양정밀조사 용역,2022,HDG,공군제10전투비행단,제한경쟁,총액제,적격심사제,202203141100,20220314,낙찰
재공고,LCG0010,3,01133,***,미래 육군비행장 발전계획 검증 연구 용역,2022,LCG,육군본부,수의계약,총액제,최저가격제,202203141000,20220314,유찰
긴급공고,LCG0018,1,05041,***,K-UAM과 연계한 드론 통합관제체계 구축 방안 연구,2022,LCG,육군본부,협상에의한계약(전자),총액제,최저가격제,202203141000,20220314,낙찰
재공고,LDH0178,2,04122,***,(기동) 기동부교 커플링조립체등 10종구매,2022,LDH,육군종합정비창,제한경쟁,총액제,적격심사제,202203141300,20220314,낙찰
정상공고,LDH0214,1,06402,***,(정비) 실리콘건등 7종 구매,2022,LDH,육군종합정비창,제한경쟁,총액제,적격심사제,202203141300,20220314,유찰
정상공고,LDH0216,1,06405,***,(정비) 공마대등 5종 구매,2022,LDH,육군종합정비창,제한경쟁,총액제,적격심사제,202203141300,20220314,낙찰
정상공고,LDH0217,1,06406,***,(정비) 저수소용접봉등 13종 구매,2022,LDH,육군종합정비창,제한경쟁,총액제,적격심사제,202203141300,20220314,낙찰
정상공고,LDH0218,1,06409,***,(정비) 연마재등 18종 구매,2022,LDH,육군종합정비창,제한경쟁,총액제,적격심사제,202203141300,20220314,낙찰
정상공고,LDH0219,1,06411,***,(정비) 산소절단용보호안경등 17종 구매,2022,LDH,육군종합정비창,수의계약,총액제,적격심사제,202203141300,20220314,유찰
정상공고,LDH0220,1,06414,***,(정비) 반면형호흡보호구등 25종 구매,2022,LDH,육군종합정비창,제한경쟁,총액제,적격심사제,202203141300,20220314,낙찰
정상공고,LDH0222,1,06420,***,(정비) 도화용붓등 50종 구매,2022,LDH,육군종합정비창,제한경쟁,총액제,적격심사제,202203141300,20220314,낙찰
정상공고,LDH0224,1,06421,***,(정비) 에어카플링잭등 29종 구매,2022,LDH,육군종합정비창,제한경쟁,총액제,적격심사제,202203141300,20220314,낙찰
정상공고,LDH0223,1,06423,***,(정비) 케이블타이등 20종 구매,2022,LDH,육군종합정비창,제한경쟁,총액제,적격심사제,202203141300,20220314,낙찰
정상공고,LDH0225,1,06427,***,(정비) 인서트팁등 98종 구매,2022,LDH,육군종합정비창,제한경쟁,총액제,적격심사제,202203141300,20220314,유찰
정상공고,LDH0226,1,06429,***,(화학) 화학탐지기 펌프조립체 구매,2022,LDH,육군종합정비창,제한경쟁,총액제,적격심사제,202203141300,20220314,유찰
긴급공고,LGI0061,1,06732,001,'22년 부대조달 후식(바나나),2022,LGI,제3군수지원여단,수의계약,단가제,적격심사제,202203141100,20220314,유찰
재공고,MDD0010,2,01073,***,군의료 연구용역(냉동 혈소판제제 제조법 확립),2022,MDD,국군수도병원,수의계약,총액제,최저가격제,202203141030,20220314,유찰
정상공고,MDD0045,1,03011,***,2022년 특수수술재료(7) anchor 등 6품목 구매,2022,MDD,국군수도병원,제한경쟁,총액제,적격심사제,202203141100,20220314,유찰
정상공고,MDD0046,1,03013,***,2022년 특수수술재료(8) Atelo collagen 구매,2022,MDD,국군수도병원,제한경쟁,총액제,적격심사제,202203141100,20220314,유찰
정상공고,MDD0047,1,03014,***,2022 특수수술재료(임플란트) 구매,2022,MDD,국군수도병원,수의계약,총액제,적격심사제,202203141100,20220314,유찰
정상공고,MDD0051,1,03177,***,병리장비운영소모품(4) 가스포화도검사33품목 구매,2022,MDD,국군수도병원,제한경쟁,총액제,적격심사제,202203141100,20220314,낙찰
정상공고,MDD0052,1,03179,***,22년 병리장비운영소모품(6) 요분석검사 27품목 구매,2022,MDD,국군수도병원,제한경쟁,총액제,적격심사제,202203141100,20220314,낙찰
정상공고,MDD0055,1,04235,***,2022년 의무장비(인공호흡기 고급형) 구매 계약,2022,MDD,국군수도병원,제한경쟁,총액제,적격심사제,202203141100,20220314,낙찰
정상공고,MDD0054,1,04245,***,의무장비(환자관찰장치이동형 마취통증의학과) 구매,2022,MDD,국군수도병원,제한경쟁,총액제,적격심사제,202203141100,20220314,유찰
정상공고,MDD0053,1,04248,***,2022년 의무장비(고주파수술기 하지정맥용)구매,2022,MDD,국군수도병원,제한경쟁,총액제,적격심사제,202203141100,20220314,낙찰
정상공고,MDD0048,1,04249,***,22년 의무장비(심장세동제거기 마취통증의학과) 구매,2022,MDD,국군수도병원,제한경쟁,총액제,적격심사제,202203141100,20220314,낙찰
긴급공고,SFC0022,1,04507,***,'22년 해병대 정신전력 영상교재 제작 용역,2022,SFC,제9691부대,2단계경쟁(동시),총액제,최저가격제,202203141030,20220314,유찰
긴급공고,SFC0030,1,06620,***,의료기기 엑스선기(이동식) 등 2품목 구매,2022,SFC,제9691부대,제한경쟁,총액제,적격심사제,202203141100,20220314,낙찰
긴급공고,SFC0031,1,06623,***,22-덕-오일필터 등 361품목 구매,2022,SFC,제9691부대,제한경쟁,총액제,적격심사제,202203141100,20220314,낙찰
정상공고,UMM0063,1,02182,***,(227025-F)의료기재(봉합사 등 79종) 구매,2022,UMM,국군재정관리단,제한경쟁,총액제,적격심사제,202203141100,20220314,낙찰
정상공고,UMM0104,1,02860,***,22-해-윤활유이송펌프(4EA) 제조,2022,UMM,국군재정관리단,제한경쟁,총액제,적격심사제,202203141100,20220314,낙찰
정상공고,UMM0107,1,02877,***,22-1차 정보화 운용재료 구매(2210007-A),2022,UMM,국군재정관리단,제한경쟁,총액제,적격심사제,202203141100,20220314,낙찰
정상공고,UMM0103,1,03289,***,22-해-기기급수공급펌프(EHU-40A) 제조,2022,UMM,국군재정관리단,제한경쟁,총액제,적격심사제,202203141100,20220314,낙찰
정상공고,UMM0062,1,04177,***,(226052-C) 방탄복 피 등 3종 제조,2022,UMM,국군재정관리단,제한경쟁,총액제,적격심사제,202203141100,20220314,낙찰
연기공고,UMM0099,2,05901,***,22-해병-총포류부속품 구매,2022,UMM,국군재정관리단,일반경쟁,총액제,적격심사제,202203141100,20220314,낙찰
정상공고,UMM0058,1,05955,***,(227026-B) 병리재료 109품목 구매,2022,UMM,국군재정관리단,제한경쟁,총액제,적격심사제,202203141100,20220314,낙찰
정상공고,UMM0059,1,06237,***,(227029-E) 외과장비운영소모품 33종 구매,2022,UMM,국군재정관리단,일반경쟁,총액제,적격심사제,202203141100,20220314,낙찰
정상공고,UMM0106,1,06361,***,온수가열기 3500L 6EA 제조,2022,UMM,국군재정관리단,제한경쟁,총액제,적격심사제,202203141100,20220314,낙찰
정상공고,EUA0002,1,8282A,***,복합센서 폭발물탐지기,2022,EUA,첨단기술총괄계약팀,수의계약,총액제,최저가격제,202203111400,20220311,유찰
긴급공고,HCC0012,1,06557,***,개스킷 등 8품목 구매(22021),2022,HCC,해군제1수리창,제한경쟁,총액제,적격심사제,202203111030,20220311,낙찰
긴급공고,HCC0013,1,06571,***,"계전기, 고체소자식 등 10품목 구매(22023, 22026)",2022,HCC,해군제1수리창,제한경쟁,총액제,적격심사제,202203111030,20220311,낙찰
긴급공고,HCC0014,1,06622,***,"축전지 등 20품목 구매(22036, 22037, 22039)",2022,HCC,해군제1수리창,제한경쟁,총액제,적격심사제,202203111030,20220311,낙찰
긴급공고,HCC0015,1,06647,***,"스텐평와샤 등 14품목 구매(22028, 22033)",2022,HCC,해군제1수리창,제한경쟁,총액제,적격심사제,202203111030,20220311,낙찰
긴급공고,HCC0016,1,06667,***,"튜브 조립체, 금속제 등 56품목 구매(22051)",2022,HCC,해군제1수리창,제한경쟁,총액제,적격심사제,202203111030,20220311,낙찰
재공고,HCF0003,2,01224,***,스텐판 등 57종 구매,2022,HCF,공군군수사령부,제한경쟁,총액제,적격심사제,202203111030,20220311,유찰
긴급공고,HCF0025,1,02142,***,총기보관함 2종 제조,2022,HCF,공군군수사령부,제한경쟁,총액제,적격심사제,202203111030,20220311,유찰
긴급공고,HCF0030,1,06315,***,호스조립체 등 56종,2022,HCF,공군군수사령부,제한경쟁,총액제,적격심사제,202203111030,20220311,유찰
정정공고,HDQ0016,2,06266,***,22-지정폐기물 위탁처리 용역,2022,HDQ,제20전투비행단,제한경쟁,총액제,적격심사제,202203111030,20220311,유찰
정정공고,HDQ0017,2,06272,***,22-탄약고 제초 용역,2022,HDQ,제20전투비행단,제한경쟁,총액제,적격심사제,202203111030,20220311,낙찰
재공고,LCF0021,2,02725,***,"칼날,외과수술칼용,분리식 등 6항목 구매(의무)",2022,LCF,육군군수사령부,제한경쟁,총액제,적격심사제,202203111130,20220311,순위확정
재공고,LCF0024,2,02730,***,"카테터, 바늘 유니트 등 3항목 구매(의무)",2022,LCF,육군군수사령부,제한경쟁,총액제,적격심사제,202203111130,20220311,순위확정
재공고,LCF0020,2,02766,***,삼각건 등 1품목 구매(의무),2022,LCF,육군군수사령부,제한경쟁,총액제,적격심사제,202203111130,20220311,순위확정
정상공고,LCF0043,1,03317,***,영현백 등 2항목 제조(일반물자),2022,LCF,육군군수사령부,제한경쟁,총액제,적격심사제,202203111030,20220311,낙찰
정상공고,LCF0042,1,03659,***,제초제 등 7항목 구매(화생방물자),2022,LCF,육군군수사령부,제한경쟁,총액제,적격심사제,202203111030,20220311,낙찰
정상공고,LCF0040,1,03663,***,수산화 칼륨 등 6항목 구매(화생방물자),2022,LCF,육군군수사령부,제한경쟁,총액제,적격심사제,202203111030,20220311,낙찰
정상공고,LCF0039,1,03679,***,전지 등 3항목 구매(일반물자),2022,LCF,육군군수사령부,제한경쟁,총액제,적격심사제,202203111030,20220311,낙찰
정상공고,LCF0038,1,03683,***,보드판 1항목 구매(일반물자),2022,LCF,육군군수사령부,제한경쟁,총액제,적격심사제,202203111030,20220311,낙찰
정상공고,LCF0037,1,03688,***,파이프 등 12항목 구매(피복물자),2022,LCF,육군군수사령부,제한경쟁,총액제,적격심사제,202203111030,20220311,유찰
정상공고,LCF0045,1,03694,***,소포장낭 1항목 제조(피복물자),2022,LCF,육군군수사령부,제한경쟁,총액제,적격심사제,202203111030,20220311,낙찰
정상공고,LCF0044,1,03698,***,플러그 등 16항목 제조(유류물자),2022,LCF,육군군수사령부,제한경쟁,총액제,적격심사제,202203111030,20220311,유찰
정상공고,LCF0041,1,03899,***,방풍안경 등 2항목 구매(피복물자),2022,LCF,육군군수사령부,제한경쟁,총액제,적격심사제,202203111030,20220311,낙찰
정상공고,LCF0047,1,04649,***,PRC-999K기억유지건전지 등 4항목 구매(통신),2022,LCF,육군군수사령부,제한경쟁,총액제,적격심사제,202203111130,20220311,순위확정
정상공고,LCF0046,1,04783,***,통신장비 케이블류 등 9항목 구매(통신),2022,LCF,육군군수사령부,제한경쟁,총액제,적격심사제,202203111130,20220311,순위확정
정상공고,LCF0045,1,04788,***,통신장비 방향기 보호캡 등 15항목 구매(통신),2022,LCF,육군군수사령부,제한경쟁,총액제,적격심사제,202203111130,20220311,순위확정
긴급공고,LCG0024,1,05482,***,동계행사모 등 4종 제조구매,2022,LCG,육군본부,제한경쟁,총액제,적격심사제,202203111130,20220311,순위확정
긴급공고,LCG0025,1,06314,***,참모총장 개인표창 부상품(메달) 구매,2022,LCG,육군본부,제한경쟁,총액제,적격심사제,202203111030,20220311,유찰
긴급공고,LCG0026,1,06320,***,참모총장 개인표창 부상품(손목시계) 구매,2022,LCG,육군본부,제한경쟁,총액제,적격심사제,202203111030,20220311,낙찰
재공고,LDG0010,2,04282,***,지대공 유도탄 군직정비용 수리부속 제조,2022,LDG,육군 탄약지원사령부,일반경쟁,총액제,적격심사제,202203111030,20220311,낙찰
정상공고,LDH0208,1,06153,***,부품제작자재 마봉강 등 19종 구매,2022,LDH,육군종합정비창,수의계약,총액제,적격심사제,202203111300,20220311,유찰
정상공고,LDH0209,1,06165,***,부품제작자재 난연천 등 41종 구매,2022,LDH,육군종합정비창,제한경쟁,총액제,적격심사제,202203111300,20220311,유찰
정상공고,LDH0210,1,06244,***,발칸 와셔 등 17종 구매,2022,LDH,육군종합정비창,제한경쟁,총액제,적격심사제,202203111300,20220311,낙찰
긴급공고,LFT0001,1,05497,***,22년교량전차 시뮬레이터 유지보수 용역,2022,LFT,육군공병학교,제한경쟁,총액제,적격심사제,202203111030,20220311,유찰
긴급공고,LGI0057,1,06457,001,22-1차 부대조달 식자재 납품(어육가공품류),2022,LGI,제3군수지원여단,수의계약,단가제,적격심사제,202203111130,20220311,유찰
긴급공고,LHP0001,1,06215,***,22년 렌탈프린터 임차 계약,2022,LHP,제22보병사단,제한경쟁,총액제,적격심사제,202203111100,20220311,낙찰
긴급공고,LIK0059,1,06378,001,'22년 4~5월 식자재 다수품목 단가계약,2022,LIK,제2군수지원여단,2단계경쟁(동시),단가제,최저가격제,202203111030,20220311,낙찰
정상공고,LQG0002,1,06239,***,00부대 노후비품 교체,2022,LQG,육군 52보병사단,일반경쟁,총액제,적격심사제,202203111100,20220311,유찰
긴급공고,LQP0001,1,06259,***,22년 정수기 임차용역(2차),2022,LQP,제1891부대,일반경쟁,총액제,적격심사제,202203111030,20220311,유찰
정상공고,MDJ0008,1,02613,***,의료기재구매비 - 기공재료(후지락 등 42품목),2022,MDJ,국군대전병원,일반경쟁,총액제,적격심사제,202203111030,20220311,낙찰
정상공고,MDJ0007,1,02614,***,22년 의료기재구매비-병리재료(원심분리관 등 59품목),2022,MDJ,국군대전병원,일반경쟁,총액제,적격심사제,202203111030,20220311,낙찰
정상공고,MDJ0011,1,05507,***,22년 병건강검진소모품(TBAc8000 L-GGTR1 등 21종),2022,MDJ,국군대전병원,일반경쟁,총액제,적격심사제,202203111030,20220311,낙찰
정상공고,MDJ0009,1,05509,***,"22년 의료기재(처치재료, VOLAR 등 7종) 연간계약",2022,MDJ,국군대전병원,일반경쟁,총액제,적격심사제,202203111030,20220311,낙찰
정상공고,MDJ0012,1,05698,***,22년 병 건강검진소모품(ALT 등 54종) 연간계약,2022,MDJ,국군대전병원,일반경쟁,총액제,적격심사제,202203111030,20220311,낙찰
정상공고,MDJ0014,1,05730,***,진단검사장비운영소모품 연간계약(TBA-c8000 등 77종),2022,MDJ,국군대전병원,일반경쟁,총액제,적격심사제,202203111030,20220311,낙찰
재공고,SCF0058,2,02116,***,철 엘보 등 20종,2022,SCF,해군군수사령부,제한경쟁,총액제,적격심사제,202203111030,20220311,유찰
긴급공고,SCF0077,1,02370,***,"전동기, 교류용 등 3종 구매",2022,SCF,해군군수사령부,일반경쟁,총액제,적격심사제,202203111030,20220311,낙찰
재공고,SCF0119,2,02438,001,미향(맛술) 구매,2022,SCF,해군군수사령부,제한경쟁,단가제,적격심사제,202203111030,20220311,낙찰
긴급공고,SCF0075,1,03244,***,기뢰 케이블조립체 1종 구매,2022,SCF,해군군수사령부,제한경쟁,총액제,적격심사제,202203111030,20220311,낙찰
긴급공고,SCF0076,1,03769,***,해상등화관제스위치 등 20종 구매,2022,SCF,해군군수사령부,일반경쟁,총액제,적격심사제,202203111030,20220311,낙찰
긴급공고,SCF0078,1,03783,***,유체정역학 유니트 등 4종 구매,2022,SCF,해군군수사령부,제한경쟁,총액제,적격심사제,202203111030,20220311,낙찰
긴급공고,SCF0072,1,03993,***,상용헤드셋 변환기 등 2종 구매,2022,SCF,해군군수사령부,제한경쟁,총액제,적격심사제,202203111030,20220311,낙찰
긴급공고,SCF0080,1,04208,***,흡인기이동식 등 4종 구매,2022,SCF,해군군수사령부,제한경쟁,총액제,적격심사제,202203111030,20220311,낙찰
긴급공고,SCF0081,1,04219,***,축전식 전지 1종 구매,2022,SCF,해군군수사령부,제한경쟁,총액제,적격심사제,202203111030,20220311,순위확정
긴급공고,SCF0082,1,04408,***,"링 세트, 피스톤용 등 27종 구매",2022,SCF,해군군수사령부,제한경쟁,총액제,적격심사제,202203111030,20220311,낙찰
긴급공고,SCF0102,1,05127,***,"(긴급) 압축기, 인젝터 스피링용 등 15종 구매",2022,SCF,해군군수사령부,제한경쟁,총액제,적격심사제,202203111030,20220311,유찰
긴급공고,SCF0098,1,05136,***,"잉곳,구리 1종",2022,SCF,해군군수사령부,제한경쟁,총액제,적격심사제,202203111030,20220311,낙찰
긴급공고,SCF0099,1,05145,***,주형 등 8종,2022,SCF,해군군수사령부,제한경쟁,총액제,적격심사제,202203111030,20220311,낙찰
긴급공고,SCF0100,1,05148,***,"볼트,기계용 등 2종",2022,SCF,해군군수사령부,제한경쟁,총액제,적격심사제,202203111030,20220311,낙찰
긴급공고,SCF0101,1,05158,***,인플레이션밸브 등 2종,2022,SCF,해군군수사령부,제한경쟁,총액제,적격심사제,202203111030,20220311,낙찰
긴급공고,SCF0094,1,06135,***,"(긴급)로프,와이어제 등 36종",2022,SCF,해군군수사령부,제한경쟁,총액제,적격심사제,202203111030,20220311,낙찰
긴급공고,SCF0095,1,06149,***,"(긴급)나사,캡식,6각 머리형 등 21종",2022,SCF,해군군수사령부,제한경쟁,총액제,적격심사제,202203111030,20220311,유찰
긴급공고,SCF0096,1,06159,***,"(긴급)판,금속제 등 18종",2022,SCF,해군군수사령부,제한경쟁,총액제,적격심사제,202203111030,20220311,유찰
긴급공고,SCF0097,1,06171,***,"(긴급)플랜지,파이프용,폐쇄형 등 30종",2022,SCF,해군군수사령부,제한경쟁,총액제,적격심사제,202203111030,20220311,유찰
긴급공고,SCF0079,1,06364,***,안과유니트 등 2종 구매,2022,SCF,해군군수사령부,제한경쟁,총액제,적격심사제,202203111030,20220311,낙찰
정상공고,UAB0014,1,06204,***,화진포콘도 세탁물처리용역,2022,UAB,국군복지단,수의계약,총액제,적격심사제,202203111000,20220311,유찰
정상공고,UAB0015,1,06211,***,태릉 체력단련장 식물성잔재 폐기물처리,2022,UAB,국군복지단,일반경쟁,총액제,적격심사제,202203111000,20220311,유찰
정상공고,UAC0009,1,05364,***,2022년 인쇄장비 외주정비 용역(1차),2022,UAC,국방출판지원단,제한경쟁,총액제,적격심사제,202203111100,20220311,낙찰
긴급공고,UMM0034,1,01306,***,(22F018-I) '22년 육군 병영시설 전문방제 용역,2022,UMM,국군재정관리단,2단계경쟁(동시),총액제,최저가격제,202203111100,20220311,낙찰
긴급공고,UMM0044,1,01505,***,함정 근무장병 육상지원 등 기준 제·개정 연구용역,2022,UMM,국군재정관리단,수의계약,총액제,최저가격제,202203111100,20220311,유찰
긴급공고,UMM0042,1,02259,***,22-해군 영상 콘텐츠 기획 및 제작 용역,2022,UMM,국군재정관리단,협상에의한계약(전자),총액제,최저가격제,202203111100,20220311,낙찰
정상공고,UMM0098,1,04666,***,22-해-요소 등 27품목 구매,2022,UMM,국군재정관리단,제한경쟁,총액제,적격심사제,202203111100,20220311,낙찰
정상공고,UMM0100,1,06063,***,22-해-빌지펌프 4.5㎥/HR 9EA 제조,2022,UMM,국군재정관리단,제한경쟁,총액제,적격심사제,202203111100,20220311,낙찰
정상공고,UMM0102,1,06090,***,22-해-전자총(권총형) 구매,2022,UMM,국군재정관리단,수의계약,총액제,적격심사제,202203111100,20220311,유찰
긴급공고,HCC0011,1,06268,***,핸드 소켓 등 572품목 구매(22015),2022,HCC,해군제1수리창,제한경쟁,총액제,적격심사제,202203101030,20220310,낙찰
재공고,HCF0016,2,03863,***,항공기용 실링 컴파운드,2022,HCF,공군군수사령부,제한경쟁,총액제,적격심사제,202203101030,20220310,낙찰
정상공고,HCG0002,1,05918,***,'22년 기상위성수신체계 유지보수,2022,HCG,공군본부,제한경쟁,총액제,적격심사제,202203101100,20220310,유찰
긴급공고,HCM0026,1,06270,***,병사식당 부식류 구매,2022,HCM,공군교육사령부,일반경쟁,총액제,적격심사제,202203101100,20220310,낙찰
정상공고,LCF0040,1,04511,***,E/O가스 멸균용 포장백 등 6항목 구매(의무),2022,LCF,육군군수사령부,제한경쟁,총액제,적격심사제,202203101130,20220310,낙찰
정상공고,LCF0041,1,04536,***,멸균거즈 등 4항목 구매(의무),2022,LCF,육군군수사령부,제한경쟁,총액제,적격심사제,202203101130,20220310,낙찰
정상공고,LCF0037,1,04558,***,TAS-815K 발광다이오드 등 8항목 구매(통신),2022,LCF,육군군수사령부,제한경쟁,총액제,적격심사제,202203101130,20220310,순위확정
정상공고,LCF0033,1,04574,***,성능개량 BTCS 전원공급기 등 9항목 구매(통신),2022,LCF,육군군수사령부,일반경쟁,총액제,적격심사제,202203101130,20220310,낙찰
정상공고,LCF0034,1,04578,***,SPIDER 회로카드 조립체 등 32항목 구매(통신),2022,LCF,육군군수사령부,일반경쟁,총액제,적격심사제,202203101130,20220310,낙찰
정상공고,LCF0038,1,04646,***,"PRC-950K 축전식,고정식 등 6항목 구매(통신)",2022,LCF,육군군수사령부,제한경쟁,총액제,적격심사제,202203101130,20220310,낙찰
정상공고,LCF0036,1,04652,***,PRC-999K 발광다이오드 등 42항목 구매(통신),2022,LCF,육군군수사령부,제한경쟁,총액제,적격심사제,202203101130,20220310,낙찰
정상공고,LCF0035,1,04657,***,ATCIS 디스플레이 광전자식 등 19항목 구매(통신),2022,LCF,육군군수사령부,제한경쟁,총액제,적격심사제,202203101130,20220310,낙찰
정상공고,LCF0039,1,04676,***,TMR 영상표시장치 등 2항목 구매(통신),2022,LCF,육군군수사령부,제한경쟁,총액제,적격심사제,202203101130,20220310,순위확정
정상공고,LDH0184,1,04963,***,부품제작자재 디스플레이유닛 부품키트 등 2종 구매,2022,LDH,육군종합정비창,제한경쟁,총액제,적격심사제,202203101300,20220310,낙찰
정상공고,LDH0185,1,04975,***,부품제작자재 하우징 상부하부 부품키트 등 2종 구매,2022,LDH,육군종합정비창,제한경쟁,총액제,적격심사제,202203101300,20220310,낙찰
정상공고,LDH0186,1,04981,***,"부품제작자재 미소회로, 5V 부품키트 등 2종 구매",2022,LDH,육군종합정비창,일반경쟁,총액제,적격심사제,202203101300,20220310,낙찰
정상공고,LDH0188,1,05001,***,부품제작자재 디지털부2 부품키트 구매,2022,LDH,육군종합정비창,일반경쟁,총액제,적격심사제,202203101300,20220310,낙찰
정상공고,LDH0189,1,05030,***,부품제작자재 너트 등 25종 구매,2022,LDH,육군종합정비창,제한경쟁,총액제,적격심사제,202203101300,20220310,낙찰
정상공고,LDH0190,1,05038,***,부품제작자재  호스(421-8) 등 11종 구매,2022,LDH,육군종합정비창,제한경쟁,총액제,적격심사제,202203101300,20220310,낙찰
정상공고,LDH0192,1,05039,***,부품제작자재 나사형 보호마개 등 23종 구매,2022,LDH,육군종합정비창,제한경쟁,총액제,적격심사제,202203101300,20220310,낙찰
정상공고,LDH0193,1,05045,***,부품제작자재 튜브류 12종 구매,2022,LDH,육군종합정비창,제한경쟁,총액제,적격심사제,202203101300,20220310,낙찰
정상공고,LDH0194,1,05047,***,부품제작자재  호스(AE 546-6 ) 등 3종 구매,2022,LDH,육군종합정비창,제한경쟁,총액제,적격심사제,202203101300,20220310,낙찰
정상공고,LDH0195,1,05048,***,부품제작자재 플랜지결합체 등 2종 구매,2022,LDH,육군종합정비창,제한경쟁,총액제,적격심사제,202203101300,20220310,낙찰
정상공고,LDH0196,1,05051,***,부품제작자재 호스(667-16) 구매,2022,LDH,육군종합정비창,일반경쟁,총액제,적격심사제,202203101300,20220310,낙찰
정상공고,LDH0197,1,05061,***,부품제작자재 호스(AE 601-20) 등 2종 구매,2022,LDH,육군종합정비창,일반경쟁,총액제,적격심사제,202203101300,20220310,낙찰
정상공고,LDH0198,1,05063,***,부품제작자재 관이음결합체 등 9종 구매,2022,LDH,육군종합정비창,일반경쟁,총액제,적격심사제,202203101300,20220310,낙찰
정상공고,LDH0200,1,05850,***,통신장비 케이블조립체 2종 구매,2022,LDH,육군종합정비창,제한경쟁,총액제,적격심사제,202203101300,20220310,낙찰
정상공고,LDH0201,1,05852,***,통신장비 트랜지스터 등 3종 구매,2022,LDH,육군종합정비창,제한경쟁,총액제,적격심사제,202203101300,20220310,낙찰
정상공고,LDH0202,1,05857,***,통신장비 집적회로 구매,2022,LDH,육군종합정비창,제한경쟁,총액제,적격심사제,202203101300,20220310,낙찰
정상공고,LDH0205,1,05900,***,부품제작자재 스티커비닐 등 35종 구매,2022,LDH,육군종합정비창,제한경쟁,총액제,적격심사제,202203101300,20220310,유찰
정상공고,LDH0206,1,05915,***,통신장비 관찰용 창 등 7종 구매,2022,LDH,육군종합정비창,제한경쟁,총액제,적격심사제,202203101300,20220310,낙찰
긴급공고,LKD0014,1,06102,001,22년 사단 음식물폐기물 위탁처리 용역,2022,LKD,제32보병사단,제한경쟁,단가제,적격심사제,202203101030,20220310,유찰
긴급공고,SCF0073,1,01634,***,중형휀다 등 2종 제조,2022,SCF,해군군수사령부,수의계약,총액제,적격심사제,202203101030,20220310,유찰
재공고,UMM0003,2,00125,***,(22F002-I)영상콘텐츠 제작용역(ROKA 대백과사전),2022,UMM,국군재정관리단,2단계경쟁(동시),총액제,최저가격제,202203101100,20220310,낙찰
긴급공고,ERA0002,1,3001,***,TICN 4차양산 상용장비,2022,ERA,우주지휘통신총괄계약팀,일반경쟁,총액제,적격심사제,202203081400,20220308,낙찰
긴급공고,HCF0024,1,02607,***,카트운반구(롤테이너) 구매,2022,HCF,공군군수사령부,제한경쟁,총액제,적격심사제,202203081030,20220308,낙찰
긴급공고,HCF0026,1,04644,***,"천평, 비틀림식",2022,HCF,공군군수사령부,제한경쟁,총액제,적격심사제,202203081030,20220308,낙찰
긴급공고,HCF0029,1,04766,***,회전형 델리스코픽 스탠드 구매,2022,HCF,공군군수사령부,제한경쟁,총액제,적격심사제,202203081030,20220308,낙찰
긴급공고,HCF0023,1,05318,***,냉동고기 슬라이서 등 3종 구매,2022,HCF,공군군수사령부,제한경쟁,총액제,적격심사제,202203081030,20220308,유찰
긴급공고,HCF0027,1,05803,***,드럼 리프트,2022,HCF,공군군수사령부,제한경쟁,총액제,적격심사제,202203081030,20220308,낙찰
긴급공고,LBB0027,1,04853,001,22년 부대조달 후식(생수),2022,LBB,육군제7789부대,일반경쟁,단가제,적격심사제,202203081030,20220308,낙찰
긴급공고,LDC0008,1,05764,***,교전장비 수리부속 구매(2차)(수정),2022,LDC,육군과학화전투훈련단,일반경쟁,총액제,적격심사제,202203081030,20220308,낙찰
정상공고,LDG0011,1,04761,***,'22년 비파괴검사과 재료 구매,2022,LDG,육군 탄약지원사령부,제한경쟁,총액제,적격심사제,202203081030,20220308,유찰
정상공고,LDG0012,1,04776,***,탄알집 봉인스티커 제조,2022,LDG,육군 탄약지원사령부,제한경쟁,총액제,적격심사제,202203081030,20220308,낙찰
긴급공고,LGM0001,1,05966,001,'22년 음식물쓰레기 위탁처리 용역(홍천),2022,LGM,제11기동사단,제한경쟁,단가제,적격심사제,202203081100,20220308,낙찰
긴급공고,LGP0056,1,05820,***,"22년 유조ㆍ급수 및 살수차 외주정비(서울,인천,경기)",2022,LGP,제1군수지원사령부,제한경쟁,총액제,적격심사제,202203081100,20220308,낙찰
긴급공고,LGP0057,1,05853,***,"22년 부식차 및 쉘터차량 외주정비(서울,인천,경기)",2022,LGP,제1군수지원사령부,제한경쟁,총액제,적격심사제,202203081100,20220308,낙찰
긴급공고,LGP0059,1,05863,***,22년 부식차 및 쉘터차량 외주정비(경기북부),2022,LGP,제1군수지원사령부,제한경쟁,총액제,적격심사제,202203081100,20220308,낙찰
긴급공고,LGP0061,1,05866,***,"22년 구난차 외주정비(서울,인천,경기)",2022,LGP,제1군수지원사령부,제한경쟁,총액제,적격심사제,202203081100,20220308,유찰
긴급공고,LHQ0017,1,05886,***,22년 오수처리시설 방류수 수질검사 용역,2022,LHQ,제2작전사령부,일반경쟁,총액제,적격심사제,202203081030,20220308,낙찰
정상공고,LIK0053,1,04881,001,'22년 4~5월 부대계약 부식(어육가공품류 5개품목),2022,LIK,제2군수지원여단,제한경쟁,단가제,적격심사제,202203081030,20220308,유찰
정상공고,LKP0005,1,04912,001,22년 부대조달 후식(워터젤리) 구매,2022,LKP,5군수지원사령부,일반경쟁,단가제,적격심사제,202203081100,20220308,낙찰
정상공고,LKP0006,1,04913,001,22년 부대조달후식(탄산음료) 구매,2022,LKP,5군수지원사령부,일반경쟁,단가제,적격심사제,202203081100,20220308,낙찰
정상공고,LKP0007,1,04916,001,22년 부대조달 후식(과일바) 구매,2022,LKP,5군수지원사령부,일반경쟁,단가제,적격심사제,202203081100,20220308,낙찰
정상공고,LKP0008,1,04919,001,22년 부대조달 후식(초콜릿) 구매,2022,LKP,5군수지원사령부,일반경쟁,단가제,적격심사제,202203081100,20220308,낙찰
정상공고,LKP0009,1,04922,001,22년 부대조달 후식(에너지바) 구매,2022,LKP,5군수지원사령부,일반경쟁,단가제,적격심사제,202203081100,20220308,낙찰
정상공고,LKP0010,1,04924,001,22년 부대조달후식(과채주스) 구매,2022,LKP,5군수지원사령부,일반경쟁,단가제,적격심사제,202203081100,20220308,낙찰
정상공고,LKP0011,1,04925,001,22년 부대조달 후식(스트링치즈) 구매,2022,LKP,5군수지원사령부,일반경쟁,단가제,적격심사제,202203081100,20220308,낙찰
정상공고,LKP0012,1,04929,001,22년 부대조달후식(커피) 구매,2022,LKP,5군수지원사령부,일반경쟁,단가제,적격심사제,202203081100,20220308,낙찰
정상공고,LKP0013,1,04931,001,22년 부대조달후식(에너지음료) 구매,2022,LKP,5군수지원사령부,일반경쟁,단가제,적격심사제,202203081100,20220308,순위확정
정상공고,LKP0014,1,04932,001,22년 부대조달후식(콘형 아이스크림) 구매,2022,LKP,5군수지원사령부,일반경쟁,단가제,적격심사제,202203081100,20220308,낙찰
정상공고,LKP0015,1,04934,001,22년 부대조달후식(팩형 아이스크림) 구매,2022,LKP,5군수지원사령부,일반경쟁,단가제,적격심사제,202203081100,20220308,낙찰
정상공고,LKP0016,1,04937,001,22년 부대조달후식(샌드형 아이스크림) 구,2022,LKP,5군수지원사령부,일반경쟁,단가제,적격심사제,202203081100,20220308,낙찰
정상공고,LKP0017,1,04940,001,22년 부대조달후식(컵형 아이스크림) 구매,2022,LKP,5군수지원사령부,일반경쟁,단가제,적격심사제,202203081100,20220308,낙찰
정상공고,LKP0018,1,04943,001,22년 부대조달후식(팥빙수) 구매,2022,LKP,5군수지원사령부,일반경쟁,단가제,적격심사제,202203081100,20220308,낙찰
정상공고,LKP0019,1,04944,001,22년 부대조달후식(마시는 발효유) 구매,2022,LKP,5군수지원사령부,일반경쟁,단가제,적격심사제,202203081100,20220308,낙찰
정상공고,LKP0020,1,04946,001,22년 부대조달후식(짜먹는 발효유) 구매,2022,LKP,5군수지원사령부,일반경쟁,단가제,적격심사제,202203081100,20220308,낙찰
정상공고,LKP0021,1,04947,001,22년 부대조달후식(떠먹는 발효유) 구매,2022,LKP,5군수지원사령부,일반경쟁,단가제,적격심사제,202203081100,20220308,낙찰
정상공고,LKP0022,1,04948,001,22년 부대조달후식(떠먹는 토핑형 발효유) 구매,2022,LKP,5군수지원사령부,일반경쟁,단가제,적격심사제,202203081100,20220308,낙찰
정상공고,LKP0023,1,04949,001,22년 부대조달후식(과일푸딩) 구매,2022,LKP,5군수지원사령부,일반경쟁,단가제,적격심사제,202203081100,20220308,낙찰
정상공고,LKP0030,1,05684,***,'22년 M2 장간조립교 외주정비 용역,2022,LKP,5군수지원사령부,제한경쟁,총액제,적격심사제,202203081400,20220308,유찰
재공고,LKS0011,2,03205,***,'22년 체력단련장 운영용 유류 구매(충청권),2022,LKS,육군인사사령부,제한경쟁,총액제,적격심사제,202203081030,20220308,유찰
정상공고,MCD0006,1,03900,***,22년 국방정책토론회,2022,MCD,국방부(운영지원과),협상에의한계약(전자),총액제,최저가격제,202203081000,20220308,낙찰
긴급공고,MCS0010,1,05630,***,22-계룡대지역 방제용역,2022,MCS,국방부계룡대근무지원단,제한경쟁,총액제,적격심사제,202203081030,20220308,낙찰
정상공고,MDD0040,1,03173,***,2022년 혈액가스검사 병리장비운영소모품(13) 구매,2022,MDD,국군수도병원,제한경쟁,총액제,적격심사제,202203081100,20220308,낙찰
정상공고,MDD0041,1,03174,***,2022 병리장비운영소모품(12) 혈액검사 9품목 구매,2022,MDD,국군수도병원,수의계약,총액제,적격심사제,202203081100,20220308,유찰
정상공고,MDD0042,1,03175,***,2022년 장비운영소모품(10) 미생물검사 8품목 구매,2022,MDD,국군수도병원,제한경쟁,총액제,적격심사제,202203081100,20220308,낙찰
정상공고,MDD0044,1,03176,***,2022년 병리장비운영소모품(7) 세포검사 12품목 구매,2022,MDD,국군수도병원,제한경쟁,총액제,적격심사제,202203081100,20220308,낙찰
정정공고,MDD0039,2,04976,***,22년 1-3차 의무비품 구매,2022,MDD,국군수도병원,제한경쟁,총액제,적격심사제,202203081100,20220308,낙찰
정상공고,MDG0035,1,03394,***,22년 의무장비(원심분리기 대형) 구매,2022,MDG,국군의무사령부,제한경쟁,총액제,적격심사제,202203081100,20220308,낙찰
정상공고,MDG0036,1,03396,***,22년 의무장비(원심분리기 소형 혈액은행용) 구매,2022,MDG,국군의무사령부,제한경쟁,총액제,적격심사제,202203081100,20220308,유찰
정상공고,MDG0037,1,03399,***,22년 의무장비(응집반응관찰기) 구매,2022,MDG,국군의무사령부,제한경쟁,총액제,적격심사제,202203081100,20220308,낙찰
정상공고,MDG0038,1,03404,***,22년 의무장비(중합효소연쇄반응장치) 구매,2022,MDG,국군의무사령부,제한경쟁,총액제,적격심사제,202203081100,20220308,낙찰
정상공고,MDG0039,1,03410,***,22년 의무장비(핵산추출장치) 구매,2022,MDG,국군의무사령부,제한경쟁,총액제,적격심사제,202203081100,20220308,낙찰
정상공고,MDG0040,1,03412,***,22년 의무장비(현미경광학 양안식) 구매,2022,MDG,국군의무사령부,일반경쟁,총액제,적격심사제,202203081100,20220308,낙찰
정상공고,MDG0041,1,03438,***,22년 의무장비(격리병실 음압유지기) 구매,2022,MDG,국군의무사령부,제한경쟁,총액제,적격심사제,202203081100,20220308,유찰
정상공고,MDG0042,1,03440,***,22년 의무장비(경두개 자기자극술) 구매,2022,MDG,국군의무사령부,제한경쟁,총액제,적격심사제,202203081100,20220308,낙찰
정상공고,MDG0043,1,03442,***,22년 의무장비(수술대 병원용(자동식)) 구매,2022,MDG,국군의무사령부,제한경쟁,총액제,적격심사제,202203081100,20220308,유찰
정상공고,MDG0044,1,03444,***,22년 의무장비(수술등 천정식) 구매,2022,MDG,국군의무사령부,제한경쟁,총액제,적격심사제,202203081100,20220308,낙찰
정상공고,MDG0046,1,03449,***,22년 의무장비(전산화 신경인지기능검사기) 구매,2022,MDG,국군의무사령부,제한경쟁,총액제,적격심사제,202203081100,20220308,순위확정
정상공고,MDG0047,1,03452,***,22년 의무장비(전자동 정제분류포장기) 구매,2022,MDG,국군의무사령부,일반경쟁,총액제,적격심사제,202203081100,20220308,낙찰
연기공고,MFK0001,2,05171,***,2022년 기구용 고압가스-수소고압가스 구매,2022,MFK,제9912부대,제한경쟁,총액제,적격심사제,202203081330,20220308,낙찰
재공고,SCF0018,2,00693,***,이동식 파렛 랩핑기 2set 구매,2022,SCF,해군군수사령부,제한경쟁,총액제,적격심사제,202203081030,20220308,순위확정
재공고,SCF0038,2,01791,001,씻어나온쌀 구매,2022,SCF,해군군수사령부,제한경쟁,단가제,적격심사제,202203081030,20220308,낙찰
정정공고,SCF0061,2,02447,001,공업용가스 5종 구매,2022,SCF,해군군수사령부,제한경쟁,단가제,적격심사제,202203081030,20220308,낙찰
정정공고,SCF0061,2,02447,002,공업용가스 5종 구매,2022,SCF,해군군수사령부,제한경쟁,단가제,적격심사제,202203081030,20220308,낙찰
정정공고,SCF0061,2,02447,003,공업용가스 5종 구매,2022,SCF,해군군수사령부,제한경쟁,단가제,적격심사제,202203081030,20220308,낙찰
정정공고,SCF0061,2,02447,004,공업용가스 5종 구매,2022,SCF,해군군수사령부,제한경쟁,단가제,적격심사제,202203081030,20220308,낙찰
정정공고,SCF0061,2,02447,005,공업용가스 5종 구매,2022,SCF,해군군수사령부,제한경쟁,단가제,적격심사제,202203081030,20220308,낙찰
긴급공고,SCF0010,1,03155,***,잠수함(SS-II) 통신마스트 1단 정비,2022,SCF,해군군수사령부,일반경쟁,총액제,적격심사제,202203081030,20220308,낙찰
긴급공고,SCF0067,1,03261,***,함상복용 포제약장 등 29종 구매,2022,SCF,해군군수사령부,제한경쟁,총액제,적격심사제,202203081030,20220308,낙찰
긴급공고,SCF0068,1,03749,***,전원공급기 등 10종 구매,2022,SCF,해군군수사령부,제한경쟁,총액제,적격심사제,202203081030,20220308,낙찰
긴급공고,SCF0070,1,03762,***,경비함용 음탐기 보호용 커버 1종 구매,2022,SCF,해군군수사령부,제한경쟁,총액제,적격심사제,202203081030,20220308,순위확정
긴급공고,SCF0071,1,03874,***,전지세트 등 8종 구매,2022,SCF,해군군수사령부,제한경쟁,총액제,적격심사제,202203081030,20220308,낙찰
긴급공고,SCF0085,1,03969,***,"(긴급)창,선박용 등 5종",2022,SCF,해군군수사령부,제한경쟁,총액제,적격심사제,202203081030,20220308,낙찰
긴급공고,SCF0066,1,04178,001,LPG 1종 구매,2022,SCF,해군군수사령부,제한경쟁,단가제,적격심사제,202203081030,20220308,낙찰
긴급공고,SCF0066,1,04178,002,LPG 1종 구매,2022,SCF,해군군수사령부,제한경쟁,단가제,적격심사제,202203081030,20220308,낙찰
긴급공고,SCF0088,1,04324,***,녹방지 코팅제 1종,2022,SCF,해군군수사령부,제한경쟁,총액제,적격심사제,202203081030,20220308,낙찰
긴급공고,SCF0089,1,04331,***,금형판재 등 7종,2022,SCF,해군군수사령부,제한경쟁,총액제,적격심사제,202203081030,20220308,낙찰
긴급공고,SCF0090,1,04334,***,"핀,토글용,유듀형 등 8종",2022,SCF,해군군수사령부,제한경쟁,총액제,적격심사제,202203081030,20220308,낙찰
긴급공고,SCF0092,1,04669,***,"(긴급)표시기, 점검, 액체용 등 11종",2022,SCF,해군군수사령부,제한경쟁,총액제,적격심사제,202203081030,20220308,낙찰
긴급공고,SCF0087,1,05023,***,(긴급)엘리베이터 가스켓 등 3종,2022,SCF,해군군수사령부,제한경쟁,총액제,적격심사제,202203081030,20220308,낙찰
긴급공고,SCF0091,1,05125,***,"(긴급) 밸브,앵글형 등 5종 구매",2022,SCF,해군군수사령부,제한경쟁,총액제,적격심사제,202203081030,20220308,낙찰
긴급공고,SCF0086,1,05772,***,(긴급)미송(무절) 등 3종,2022,SCF,해군군수사령부,제한경쟁,총액제,적격심사제,202203081030,20220308,낙찰
긴급공고,SCF0069,1,05813,***,안테나 승강기군 1종 구매,2022,SCF,해군군수사령부,제한경쟁,총액제,적격심사제,202203081030,20220308,낙찰
재공고,SCP0023,2,04927,***,22-0함대 유해환경 작업자 건강검진 용역,2022,SCP,제8385부대,제한경쟁,총액제,적격심사제,202203081030,20220308,낙찰
긴급공고,SCQ0035,1,05611,***,22-평 폐기물(폐합성수지) 처리 용역,2022,SCQ,제9911부대,제한경쟁,총액제,적격심사제,202203081030,20220308,유찰
재공고,SFN0007,2,04274,***,22-Y-일반폐기물 처리용역,2022,SFN,연평부대,제한경쟁,총액제,적격심사제,202203081030,20220308,유찰
정정공고,UMM0085,2,02011,***,22-해-냉동기세트(전투체계용) 제조,2022,UMM,국군재정관리단,일반경쟁,총액제,적격심사제,202203081100,20220308,낙찰
정상공고,UMM0055,1,02712,***,(227036-B) 보장구 69품목 구매,2022,UMM,국군재정관리단,일반경쟁,총액제,적격심사제,202203081100,20220308,낙찰
긴급공고,UMM0056,1,05648,***,[21사단]음식물쓰레기 수거 및 위탁처리 용역,2022,UMM,국군재정관리단,일반경쟁,총액제,적격심사제,202203081100,20220308,낙찰
정정공고,LCN0010,2,05301,***,'22년 육사교 사이버교육장 유지보수 용역(최종),2022,LCN,육군사관학교,제한경쟁,총액제,적격심사제,202203071400,20220307,낙찰
정상공고,LDH0165,1,03446,***,위치보고접속장치 통신회로카드 대체품 개발 연구용역,2022,LDH,육군종합정비창,2단계경쟁(동시),총액제,최저가격제,202203071300,20220307,낙찰
정상공고,LDH0166,1,03596,***,UH-60 휠제동용 유압장치 시험장비 개발 연구용역,2022,LDH,육군종합정비창,2단계경쟁(동시),총액제,최저가격제,202203071300,20220307,낙찰
정상공고,LDH0181,1,04740,***,UH-60 볼트 등 13종 구매,2022,LDH,육군종합정비창,제한경쟁,총액제,적격심사제,202203071300,20220307,낙찰
긴급공고,LFR0003,1,05650,***,22년 전차모의훈련장비 외주정비 용역,2022,LFR,육군기계화학교,제한경쟁,총액제,적격심사제,202203071030,20220307,낙찰
긴급공고,LGI0029,1,05531,001,'22년 부대조달 후식(탄산음료),2022,LGI,제3군수지원여단,제한경쟁,단가제,적격심사제,202203071130,20220307,낙찰
긴급공고,LGI0030,1,05533,001,'22년 부대조달 후식(바나나맛 우유),2022,LGI,제3군수지원여단,제한경쟁,단가제,적격심사제,202203071130,20220307,낙찰
긴급공고,LGI0031,1,05534,001,'22년 부대조달 후식(짜먹는 발효유),2022,LGI,제3군수지원여단,제한경쟁,단가제,적격심사제,202203071130,20220307,낙찰
긴급공고,LGI0032,1,05537,001,'22년 부대조달 후식(딸기맛 우유),2022,LGI,제3군수지원여단,제한경쟁,단가제,적격심사제,202203071130,20220307,낙찰
긴급공고,LGI0033,1,05539,001,'22년 부대조달 후식(아이스크림 컵형),2022,LGI,제3군수지원여단,제한경쟁,단가제,적격심사제,202203071130,20220307,낙찰
긴급공고,LGI0034,1,05548,001,'22년 부대조달 후식(소시지),2022,LGI,제3군수지원여단,제한경쟁,단가제,적격심사제,202203071130,20220307,유찰
긴급공고,LGI0035,1,05562,001,'22년 부대조달 후식(식혜),2022,LGI,제3군수지원여단,제한경쟁,단가제,적격심사제,202203071130,20220307,낙찰
긴급공고,LGI0036,1,05565,001,'22년 부대조달 후식(과일푸딩),2022,LGI,제3군수지원여단,제한경쟁,단가제,적격심사제,202203071130,20220307,낙찰
긴급공고,LGI0037,1,05573,001,'22년 부대조달 후식(초콜릿),2022,LGI,제3군수지원여단,제한경쟁,단가제,적격심사제,202203071130,20220307,낙찰
긴급공고,LGI0038,1,05576,001,'22년 부대조달 후식(에이드),2022,LGI,제3군수지원여단,제한경쟁,단가제,적격심사제,202203071130,20220307,낙찰
긴급공고,LGI0039,1,05578,001,'22년 부대조달 후식(아이스크림 콘형),2022,LGI,제3군수지원여단,제한경쟁,단가제,적격심사제,202203071130,20220307,낙찰
긴급공고,LGI0040,1,05592,001,'22년 부대조달 후식(아이스크림 팥빙수),2022,LGI,제3군수지원여단,제한경쟁,단가제,적격심사제,202203071130,20220307,낙찰
긴급공고,LGI0041,1,05618,001,'22년 부대조달 후식(커피),2022,LGI,제3군수지원여단,제한경쟁,단가제,적격심사제,202203071130,20220307,낙찰
긴급공고,LGI0042,1,05620,001,'22년 부대조달 후식(아이스크림 샌드형),2022,LGI,제3군수지원여단,제한경쟁,단가제,적격심사제,202203071130,20220307,낙찰
긴급공고,LGI0043,1,05622,001,'22년 부대조달 후식(아이스크림 팩형),2022,LGI,제3군수지원여단,제한경쟁,단가제,적격심사제,202203071130,20220307,낙찰
긴급공고,LGI0044,1,05623,001,'22년 부대조달 후식(떠먹는 발효유),2022,LGI,제3군수지원여단,제한경쟁,단가제,적격심사제,202203071130,20220307,낙찰
긴급공고,LGI0046,1,05629,001,'22년 부대조달 후식(마시는 발효유),2022,LGI,제3군수지원여단,제한경쟁,단가제,적격심사제,202203071130,20220307,낙찰
긴급공고,LGI0047,1,05631,001,'22년 부대조달 후식(생과일바),2022,LGI,제3군수지원여단,제한경쟁,단가제,적격심사제,202203071130,20220307,낙찰
긴급공고,LGI0048,1,05634,001,'22년 부대조달 후식(과채주스(소)),2022,LGI,제3군수지원여단,제한경쟁,단가제,적격심사제,202203071130,20220307,낙찰
긴급공고,LGI0049,1,05642,001,'22년 부대조달 후식(영양바),2022,LGI,제3군수지원여단,제한경쟁,단가제,적격심사제,202203071130,20220307,낙찰
긴급공고,LGI0050,1,05656,001,'22년 부대조달 후식(짜먹는 젤리),2022,LGI,제3군수지원여단,제한경쟁,단가제,적격심사제,202203071130,20220307,낙찰
긴급공고,LGI0051,1,05659,001,'22년 부대조달 후식(견과류혼합),2022,LGI,제3군수지원여단,제한경쟁,단가제,적격심사제,202203071130,20220307,낙찰
긴급공고,LGI0052,1,05660,001,'22년 부대조달 후식(과채주스(중)),2022,LGI,제3군수지원여단,제한경쟁,단가제,적격심사제,202203071130,20220307,유찰
긴급공고,LGI0053,1,05661,001,'22년 부대조달 후식(사과주스),2022,LGI,제3군수지원여단,제한경쟁,단가제,적격심사제,202203071130,20220307,순위확정
긴급공고,LGI0054,1,05662,001,'22년 부대조달 후식(사과즙(후지) 주스),2022,LGI,제3군수지원여단,수의계약,단가제,적격심사제,202203071130,20220307,순위확정
긴급공고,LGI0055,1,05663,001,'22년 부대조달 후식(배즙주스),2022,LGI,제3군수지원여단,제한경쟁,단가제,적격심사제,202203071130,20220307,유찰
정상공고,MDP0003,1,02441,***,민사분야 연구용역(2-1),2022,MDP,한미연합군사령부,협상에의한계약(전자),총액제,최저가격제,202203071100,20220307,낙찰
정상공고,MDP0004,1,02443,***,민사분야 연구용역(2-2),2022,MDP,한미연합군사령부,협상에의한계약(전자),총액제,최저가격제,202203071100,20220307,낙찰
정상공고,UMM0093,1,02550,***,22-해병-윤형철조망 등 4종 제조,2022,UMM,국군재정관리단,제한경쟁,총액제,적격심사제,202203071100,20220307,낙찰
정상공고,UMM0092,1,03000,***,"22-공-시험세트, 진동기용 구매설치",2022,UMM,국군재정관리단,일반경쟁,총액제,적격심사제,202203071100,20220307,낙찰
정상공고,UMM0052,1,03389,***,(226010-E)플렉시블 이중보온관 구매,2022,UMM,국군재정관리단,일반경쟁,총액제,적격심사제,202203071100,20220307,낙찰
정상공고,UMM0097,1,03569,***,22-K-부식 민간위탁 배송용역,2022,UMM,국군재정관리단,일반경쟁,총액제,적격심사제,202203071100,20220307,낙찰
정상공고,UMM0094,1,05285,***,22-해-왕복식 중압 공기압축기(3EA) 제조,2022,UMM,국군재정관리단,일반경쟁,총액제,적격심사제,202203071100,20220307,낙찰
긴급공고,HCF0020,1,05255,***,가스켓 세트 등 46종 구매,2022,HCF,공군군수사령부,제한경쟁,총액제,적격심사제,202203041030,20220304,낙찰
긴급공고,LBA0004,1,04904,001,'22년 생수 구매,2022,LBA,제 2167부대,일반경쟁,단가제,적격심사제,202203041030,20220304,낙찰
긴급공고,LBA0003,1,04905,001,'22년 바나나 구매,2022,LBA,제 2167부대,제한경쟁,단가제,적격심사제,202203041030,20220304,낙찰
긴급공고,LCG0020,1,05016,***,'22-1차 군 오수처리시설 물품구매,2022,LCG,육군본부,제한경쟁,총액제,적격심사제,202203041030,20220304,낙찰
긴급공고,LCG0021,1,05062,***,'22-9차 군사경찰 피복(로프 100m) 제조,2022,LCG,육군본부,수의계약,총액제,적격심사제,202203041030,20220304,유찰
긴급공고,LCP0007,1,05343,***,'22년 헬기위치추적체계 소프트웨어 유지보수 용역,2022,LCP,육군항공사령부,제한경쟁,총액제,적격심사제,202203041130,20220304,낙찰
재공고,LKP0023,2,03824,***,'22년 일반장비 외주정비 용역(대전/충남/충북/세종),2022,LKP,5군수지원사령부,제한경쟁,총액제,적격심사제,202203041100,20220304,유찰
재공고,LKP0026,2,03850,***,'22년 통신장비 외주정비 용역(부산/경남),2022,LKP,5군수지원사령부,제한경쟁,총액제,적격심사제,202203041100,20220304,유찰
긴급공고,LMR0022,1,05488,***,(21-특1) 00부대 관급(콘크리트파일) 제조납품,2022,LMR,제5군단사령부,일반경쟁,총액제,적격심사제,202203041100,20220304,낙찰
긴급공고,MDD0035,1,04401,***,22년 1-4차 의무비품 구매,2022,MDD,국군수도병원,제한경쟁,총액제,적격심사제,202203041100,20220304,낙찰
긴급공고,MDD0036,1,04457,***,22년 1-5차 의무비품 구매,2022,MDD,국군수도병원,제한경쟁,총액제,적격심사제,202203041100,20220304,낙찰
긴급공고,MDD0037,1,04461,***,22년 1-6차 의무비품 구매(제작목재),2022,MDD,국군수도병원,제한경쟁,총액제,적격심사제,202203041100,20220304,낙찰
정상공고,MDG0029,1,04158,***,22년 방제용역(경기권),2022,MDG,국군의무사령부,제한경쟁,총액제,적격심사제,202203041100,20220304,낙찰
정상공고,MDG0030,1,04159,***,22년 방제용역(강원권),2022,MDG,국군의무사령부,제한경쟁,총액제,적격심사제,202203041100,20220304,낙찰
정상공고,MDG0031,1,04160,***,22년 방제용역(국군서울지구병원),2022,MDG,국군의무사령부,제한경쟁,총액제,적격심사제,202203041100,20220304,낙찰
정상공고,MDG0032,1,04161,***,22년 방제용역(국군대구병원),2022,MDG,국군의무사령부,제한경쟁,총액제,적격심사제,202203041100,20220304,낙찰
정상공고,MDG0033,1,04163,***,22년 방제용역(국군함평병원),2022,MDG,국군의무사령부,제한경쟁,총액제,적격심사제,202203041100,20220304,낙찰
긴급공고,SCF0082,1,02018,***,(긴급) 유체정역학 유니트 등 9종,2022,SCF,해군군수사령부,제한경쟁,총액제,적격심사제,202203041030,20220304,낙찰
긴급공고,SCF0081,1,03947,***,"(긴급)밸브, 앵글형 등 14종",2022,SCF,해군군수사령부,제한경쟁,총액제,적격심사제,202203041030,20220304,유찰
긴급공고,SCF0084,1,04009,***,(긴급)계전기 등 2종,2022,SCF,해군군수사령부,제한경쟁,총액제,적격심사제,202203041030,20220304,낙찰
긴급공고,SCF0083,1,04672,***,"(긴급)램프, 발광다이오드용 1종",2022,SCF,해군군수사령부,제한경쟁,총액제,적격심사제,202203041030,20220304,낙찰
정상공고,UAB0012,1,05124,***,체력단련장 22년 코스관리자재 비료 구매,2022,UAB,국군복지단,일반경쟁,총액제,적격심사제,202203041000,20220304,유찰
정상공고,UMM0086,1,00752,***,22-해-고소작업대 구매,2022,UMM,국군재정관리단,제한경쟁,총액제,적격심사제,202203041100,20220304,낙찰
긴급공고,UMM0019,1,01192,***,표준훈련장 설치기준 정립 연구 용역,2022,UMM,국군재정관리단,협상에의한계약(전자),총액제,최저가격제,202203041100,20220304,낙찰
정상공고,UMM0087,1,02366,***,22-국-체력단련장 코스관리자재(농약) 구매,2022,UMM,국군재정관리단,제한경쟁,총액제,적격심사제,202203041100,20220304,낙찰
정상공고,UMM0091,1,02374,***,22년 자운대 방제 용역(22K010-H),2022,UMM,국군재정관리단,제한경쟁,총액제,적격심사제,202203041100,20220304,낙찰
정상공고,UMM0050,1,03366,***,(226035-F)155밀리 고폭탄 팔레트 등 8종 제조납품,2022,UMM,국군재정관리단,일반경쟁,총액제,적격심사제,202203041100,20220304,낙찰
정상공고,UMM0090,1,05053,***,22-해-잠수펌프 제조,2022,UMM,국군재정관리단,제한경쟁,총액제,적격심사제,202203041100,20220304,낙찰
재공고,EKA0002,2,7400,***,"22년 측지기, 전자식거리측정용, 적외선식",2022,EKA,기동총괄계약팀,수의계약,총액제,적격심사제,202203031430,20220303,유찰
긴급공고,HCC0008,1,05074,***,Siemens STEP7 Prof 등 3종 구매(22-01),2022,HCC,해군제1수리창,제한경쟁,총액제,적격심사제,202203031030,20220303,낙찰
긴급공고,HCC0009,1,05169,***,STS 304 스텐판 등 11종 구매(22-2),2022,HCC,해군제1수리창,제한경쟁,총액제,적격심사제,202203031030,20220303,낙찰
긴급공고,HCC0010,1,05173,***,토너 등 12종 구매(22-3),2022,HCC,해군제1수리창,제한경쟁,총액제,적격심사제,202203031030,20220303,낙찰
긴급공고,HCF0017,1,04169,***,[(K)F-16 항전 부품] 볼트 구매,2022,HCF,공군군수사령부,제한경쟁,총액제,적격심사제,202203031030,20220303,낙찰
긴급공고,HDQ0014,1,05307,***,22-보드테스터 유지보수 용역,2022,HDQ,제20전투비행단,일반경쟁,총액제,적격심사제,202203031030,20220303,낙찰
긴급공고,HDQ0015,1,05353,***,22-비데 임차 용역,2022,HDQ,제20전투비행단,제한경쟁,총액제,적격심사제,202203031030,20220303,낙찰
재공고,LCF0010,2,01578,***,"병,원통형 등 5품목 구매(의무)",2022,LCF,육군군수사령부,제한경쟁,총액제,적격심사제,202203031130,20220303,순위확정
정상공고,LCF0032,1,03760,***,"덮개,입구용 등 52항목 구매(특무)",2022,LCF,육군군수사령부,제한경쟁,총액제,적격심사제,202203031030,20220303,낙찰
정상공고,LCF0029,1,03973,***,응급담요 1품목 구매(의무),2022,LCF,육군군수사령부,제한경쟁,총액제,적격심사제,202203031130,20220303,낙찰
정상공고,LCF0028,1,03977,***,환자용 옷장(침상형) 등 5항목 구매(의무),2022,LCF,육군군수사령부,제한경쟁,총액제,적격심사제,202203031130,20220303,순위확정
정상공고,LCF0032,1,03981,***,검이경 및 검안경 세트 등 2항목 구매(의무),2022,LCF,육군군수사령부,제한경쟁,총액제,적격심사제,202203031130,20220303,낙찰
정상공고,LCF0026,1,03987,***,"붕대,깁스용 등 6항목 구매(의무)",2022,LCF,육군군수사령부,제한경쟁,총액제,적격심사제,202203031130,20220303,낙찰
정상공고,LCF0031,1,03998,***,"절단기,석고붕대용 등 3항목 구매(의무)",2022,LCF,육군군수사령부,제한경쟁,총액제,적격심사제,202203031130,20220303,낙찰
정상공고,LCF0030,1,04000,***,"혈압계,무수은(탁상용) 등 5항목 구매(의무)",2022,LCF,육군군수사령부,제한경쟁,총액제,적격심사제,202203031130,20220303,낙찰
정상공고,LCF0025,1,04005,***,"지지대,들것용 등 11항목 구매(의무)",2022,LCF,육군군수사령부,제한경쟁,총액제,적격심사제,202203031130,20220303,낙찰
정상공고,LCF0027,1,04006,***,환자용 옷장(침대형) 등 9항목 구매(의무),2022,LCF,육군군수사령부,제한경쟁,총액제,적격심사제,202203031130,20220303,낙찰
정상공고,LCF0027,1,04041,***,해치 로직 조립체 등 13항목 제조(특무),2022,LCF,육군군수사령부,제한경쟁,총액제,적격심사제,202203031030,20220303,유찰
정상공고,LCF0033,1,04043,***,"스위치,토글식 등 33항목 구매(특무)",2022,LCF,육군군수사령부,제한경쟁,총액제,적격심사제,202203031030,20220303,낙찰
정상공고,LCF0035,1,04044,***,"필터 엘리먼트,유체용 등 4항목 구매(특무)",2022,LCF,육군군수사령부,제한경쟁,총액제,적격심사제,202203031030,20220303,낙찰
정상공고,LCF0034,1,04047,***,"베어링,볼형,환상형 등 9항목 구매(특무)",2022,LCF,육군군수사령부,제한경쟁,총액제,적격심사제,202203031030,20220303,낙찰
정상공고,LCF0028,1,04048,***,"케이블조립체특수목적용,전기용 등 5항목제조(특무)",2022,LCF,육군군수사령부,제한경쟁,총액제,적격심사제,202203031030,20220303,낙찰
정상공고,LCF0029,1,04050,***,"패널,전기-전자장비용 등 9항목 제조(특무)",2022,LCF,육군군수사령부,수의계약,총액제,적격심사제,202203031030,20220303,유찰
정상공고,LCF0030,1,04051,***,스프링 총류(플런저 스프링)등 7항목 제조(특무),2022,LCF,육군군수사령부,제한경쟁,총액제,적격심사제,202203031030,20220303,낙찰
정상공고,LCF0031,1,04054,***,"덮개,탄약용 등 31항목 구매(특무)",2022,LCF,육군군수사령부,제한경쟁,총액제,적격심사제,202203031030,20220303,순위확정
정상공고,LDG0010,1,04282,***,지대공 유도탄 군직정비용 수리부속 제조,2022,LDG,육군 탄약지원사령부,일반경쟁,총액제,적격심사제,202203031030,20220303,유찰
긴급공고,LFH0002,1,04119,***,일반폐기물(생활쓰레기) 처리(수집ㆍ운반) 용역,2022,LFH,육군부사관학교,수의계약,총액제,적격심사제,202203031100,20220303,유찰
긴급공고,LFN0018,1,04969,***,'22년 사이버교육장 유지보수 용역,2022,LFN,육군3사관학교,일반경쟁,총액제,적격심사제,202203031030,20220303,낙찰
정상공고,LGP0024,1,04320,***,도하장비 외주정비 용역(강원도1),2022,LGP,제1군수지원사령부,일반경쟁,총액제,적격심사제,202203031100,20220303,낙찰
정상공고,LGP0025,1,04325,***,도하장비 외주정비 용역(강원도2),2022,LGP,제1군수지원사령부,일반경쟁,총액제,적격심사제,202203031100,20220303,낙찰
정상공고,LGP0026,1,04327,***,"도하장비 외주정비 용역(서울,인천,경기)",2022,LGP,제1군수지원사령부,제한경쟁,총액제,적격심사제,202203031100,20220303,유찰
정상공고,LGP0027,1,04330,***,도하장비 외주정비 용역(경기북부),2022,LGP,제1군수지원사령부,제한경쟁,총액제,적격심사제,202203031100,20220303,유찰
정상공고,LGP0028,1,04333,***,신형정수차 외주정비 용역,2022,LGP,제1군수지원사령부,제한경쟁,총액제,적격심사제,202203031100,20220303,유찰
정상공고,LGP0029,1,04338,***,세탁장비 외주정비 용역,2022,LGP,제1군수지원사령부,제한경쟁,총액제,적격심사제,202203031100,20220303,낙찰
긴급공고,LGP0030,1,04611,***,22년 통합상황관리시스템 외주정비 용역,2022,LGP,제1군수지원사령부,제한경쟁,총액제,적격심사제,202203031100,20220303,낙찰
긴급공고,LGP0032,1,04628,***,"22년 건설장비 외주정비 용역(서울,인천,경기남부)",2022,LGP,제1군수지원사령부,제한경쟁,총액제,적격심사제,202203031100,20220303,유찰
긴급공고,LGP0033,1,04633,***,22년 건설장비 외주정비 용역(경기북부),2022,LGP,제1군수지원사령부,제한경쟁,총액제,적격심사제,202203031100,20220303,유찰
긴급공고,LGP0044,1,05083,***,22년 광단국 장비 외주정비,2022,LGP,제1군수지원사령부,일반경쟁,총액제,적격심사제,202203031100,20220303,유찰
긴급공고,LGP0046,1,05089,***,22년 TICN전원공급기 외주정비 용역(1군단),2022,LGP,제1군수지원사령부,제한경쟁,총액제,적격심사제,202203031100,20220303,낙찰
긴급공고,LGP0047,1,05095,***,22년 TICN전원공급기 외주정비 용역(3군단),2022,LGP,제1군수지원사령부,제한경쟁,총액제,적격심사제,202203031100,20220303,유찰
긴급공고,LGP0048,1,05104,***,"22년 TICN전원공급기 외주정비 용역(7군단,기타)",2022,LGP,제1군수지원사령부,제한경쟁,총액제,적격심사제,202203031100,20220303,낙찰
긴급공고,LGP0049,1,05105,***,22년 시추장비 외주정비 용역,2022,LGP,제1군수지원사령부,제한경쟁,총액제,적격심사제,202203031100,20220303,유찰
정상공고,LHD0015,1,04900,***,00부대 플렉시블이중보온관 구매(1013),2022,LHD,제21보병사단,제한경쟁,총액제,적격심사제,202203031030,20220303,낙찰
긴급공고,LHK0003,1,05368,001,22년 음식물쓰레기 위탁처리 용역,2022,LHK,제2군단,제한경쟁,단가제,적격심사제,202203031430,20220303,낙찰
긴급공고,MCS0007,1,04654,***,22-계룡대 음식폐기물 처리용역,2022,MCS,국방부계룡대근무지원단,일반경쟁,총액제,적격심사제,202203031030,20220303,낙찰
정상공고,MDD0032,1,03003,***,2022년 특수수술재료(4) Plate&Screw 6품목 구매,2022,MDD,국군수도병원,수의계약,총액제,적격심사제,202203031100,20220303,유찰
정상공고,MDD0033,1,03005,***,2022 특수수술재료(5) Plate&Screw 구매3품목 구매,2022,MDD,국군수도병원,수의계약,총액제,적격심사제,202203031100,20220303,유찰
정상공고,MDD0034,1,03006,***,2022년 특수수술재료(6) Plate&Screw 3품목 구매,2022,MDD,국군수도병원,수의계약,총액제,적격심사제,202203031100,20220303,유찰
정상공고,MDG0021,1,02722,***,22년 의무장비(폐기능측정기) 구매,2022,MDG,국군의무사령부,제한경쟁,총액제,적격심사제,202203031100,20220303,낙찰
정상공고,MDG0022,1,02909,***,22년 의무장비(냉장고 혈액은행용 대형) 구매,2022,MDG,국군의무사령부,제한경쟁,총액제,적격심사제,202203031100,20220303,낙찰
정상공고,MDG0023,1,02915,***,22년 의무장비(시약 및 약품냉장고 소형) 구매,2022,MDG,국군의무사령부,제한경쟁,총액제,적격심사제,202203031100,20220303,낙찰
정상공고,MDG0024,1,02923,***,22년 의무장비(멀티메타 계수형) 구매,2022,MDG,국군의무사령부,일반경쟁,총액제,적격심사제,202203031100,20220303,낙찰
정상공고,MDG0025,1,02926,***,22년 의무장비(사체냉동기2구용 등 2품목) 구매,2022,MDG,국군의무사령부,제한경쟁,총액제,적격심사제,202203031100,20220303,낙찰
정상공고,MDG0026,1,02985,***,22년 의무장비(엑스선기 치과용 디지털) 구매,2022,MDG,국군의무사령부,제한경쟁,총액제,적격심사제,202203031100,20220303,낙찰
정상공고,MDG0027,1,03008,***,22년 의무장비(체외충격파치료기) 구매,2022,MDG,국군의무사령부,제한경쟁,총액제,적격심사제,202203031100,20220303,낙찰
정상공고,MDG0028,1,03010,***,22년 의무장비(혈압감시장치 24시간) 구매,2022,MDG,국군의무사령부,제한경쟁,총액제,적격심사제,202203031100,20220303,낙찰
긴급공고,MDG0034,1,04714,***,'22-1차 의학도서 구매,2022,MDG,국군의무사령부,제한경쟁,총액제,적격심사제,202203031100,20220303,낙찰
재공고,SCF0017,2,00699,***,보호안경 산업용 등 6종 구매,2022,SCF,해군군수사령부,제한경쟁,총액제,적격심사제,202203031030,20220303,낙찰
재공고,SCF0014,2,00703,***,레이저프린트 1SET 구매,2022,SCF,해군군수사령부,제한경쟁,총액제,적격심사제,202203031030,20220303,낙찰
긴급공고,SCF0063,1,00716,***,수욕기 다리치료용 등 2종,2022,SCF,해군군수사령부,제한경쟁,총액제,적격심사제,202203031030,20220303,순위확정
긴급공고,SCF0060,1,01188,***,"마이크로폰, 고성능식 등 4종 구매",2022,SCF,해군군수사령부,제한경쟁,총액제,적격심사제,202203031030,20220303,낙찰
재공고,SCF0038,2,01892,***,(긴급) 열 및 연기 감지기 1종 구매,2022,SCF,해군군수사령부,제한경쟁,총액제,적격심사제,202203031030,20220303,유찰
긴급공고,SCF0059,1,02176,***,CO2 용접기 등 3종 구매,2022,SCF,해군군수사령부,제한경쟁,총액제,적격심사제,202203031030,20220303,낙찰
재공고,SCF0045,2,02291,***,"(긴급) 양극,부식방지용 등 4종 구매",2022,SCF,해군군수사령부,제한경쟁,총액제,적격심사제,202203031030,20220303,낙찰
긴급공고,SCF0065,1,02315,***,"(긴급)커플링 조립체,호스용 등 2종",2022,SCF,해군군수사령부,제한경쟁,총액제,적격심사제,202203031030,20220303,낙찰
재공고,SCF0087,2,02345,001,칠리소스 구매,2022,SCF,해군군수사령부,제한경쟁,단가제,적격심사제,202203031030,20220303,유찰
긴급공고,SCF0066,1,02416,***,"(긴급)플랜지,파이프용,폐쇄형 등 29종",2022,SCF,해군군수사령부,제한경쟁,총액제,적격심사제,202203031030,20220303,낙찰
긴급공고,SCF0116,1,02427,001,카스타드 구매,2022,SCF,해군군수사령부,제한경쟁,단가제,적격심사제,202203031030,20220303,낙찰
긴급공고,SCF0117,1,02433,001,후레쉬베리 구매,2022,SCF,해군군수사령부,제한경쟁,단가제,적격심사제,202203031030,20220303,낙찰
긴급공고,SCF0119,1,02438,001,미향(맛술) 구매,2022,SCF,해군군수사령부,제한경쟁,단가제,적격심사제,202203031030,20220303,유찰
긴급공고,SCF0120,1,02472,001,견과류 구매,2022,SCF,해군군수사령부,제한경쟁,단가제,적격심사제,202203031030,20220303,낙찰
긴급공고,SCF0121,1,02473,001,땅콩분태 구매,2022,SCF,해군군수사령부,제한경쟁,단가제,적격심사제,202203031030,20220303,유찰
긴급공고,SCF0122,1,02476,001,쇠고기 분말가루 구매,2022,SCF,해군군수사령부,제한경쟁,단가제,적격심사제,202203031030,20220303,낙찰
긴급공고,SCF0123,1,02479,001,소불고기양념 구매,2022,SCF,해군군수사령부,제한경쟁,단가제,적격심사제,202203031030,20220303,낙찰
긴급공고,SCF0124,1,02484,001,돼지불고기양념 구매,2022,SCF,해군군수사령부,제한경쟁,단가제,적격심사제,202203031030,20220303,낙찰
긴급공고,SCF0125,1,02489,001,미소된장 구매,2022,SCF,해군군수사령부,제한경쟁,단가제,적격심사제,202203031030,20220303,낙찰
긴급공고,SCF0126,1,02490,001,컵밥 구매,2022,SCF,해군군수사령부,제한경쟁,단가제,적격심사제,202203031030,20220303,낙찰
긴급공고,SCF0128,1,02495,001,닭고기 덮밥소스 구매,2022,SCF,해군군수사령부,제한경쟁,단가제,적격심사제,202203031030,20220303,낙찰
긴급공고,SCF0068,1,02519,***,(긴급)공구가방 등 887종,2022,SCF,해군군수사령부,제한경쟁,총액제,적격심사제,202203031030,20220303,낙찰
긴급공고,SCF0067,1,02523,***,(긴급)용접우산 등 255종,2022,SCF,해군군수사령부,제한경쟁,총액제,적격심사제,202203031030,20220303,낙찰
긴급공고,SCF0129,1,02528,001,식초 구매,2022,SCF,해군군수사령부,제한경쟁,단가제,적격심사제,202203031030,20220303,낙찰
긴급공고,SCF0130,1,02531,001,까나리액젓 구매,2022,SCF,해군군수사령부,제한경쟁,단가제,적격심사제,202203031030,20220303,낙찰
긴급공고,SCF0131,1,02533,001,스파게티소스 구매,2022,SCF,해군군수사령부,제한경쟁,단가제,적격심사제,202203031030,20220303,낙찰
긴급공고,SCF0069,1,02540,***,순간접착제 등 770종,2022,SCF,해군군수사령부,제한경쟁,총액제,적격심사제,202203031030,20220303,낙찰
긴급공고,SCF0132,1,02541,001,마요네즈 구매,2022,SCF,해군군수사령부,제한경쟁,단가제,적격심사제,202203031030,20220303,유찰
긴급공고,SCF0133,1,02551,001,돈까스소스 구매,2022,SCF,해군군수사령부,제한경쟁,단가제,적격심사제,202203031030,20220303,낙찰
긴급공고,SCF0134,1,02555,001,데미그라소스 구매,2022,SCF,해군군수사령부,제한경쟁,단가제,적격심사제,202203031030,20220303,낙찰
긴급공고,SCF0138,1,02609,001,가쓰오우동소스 구매,2022,SCF,해군군수사령부,제한경쟁,단가제,적격심사제,202203031030,20220303,낙찰
긴급공고,SCF0141,1,02615,001,생수 구매,2022,SCF,해군군수사령부,제한경쟁,단가제,적격심사제,202203031030,20220303,낙찰
긴급공고,SCF0142,1,02618,001,멸균초코우유 구매,2022,SCF,해군군수사령부,제한경쟁,단가제,적격심사제,202203031030,20220303,낙찰
긴급공고,SCF0143,1,02620,001,멸균딸기우유 구매,2022,SCF,해군군수사령부,제한경쟁,단가제,적격심사제,202203031030,20220303,낙찰
긴급공고,SCF0144,1,02628,001,바나나우유 구매,2022,SCF,해군군수사령부,제한경쟁,단가제,적격심사제,202203031030,20220303,유찰
긴급공고,SCF0145,1,02632,001,떠먹는발효유 구매,2022,SCF,해군군수사령부,제한경쟁,단가제,적격심사제,202203031030,20220303,낙찰
긴급공고,SCF0146,1,02635,001,요구르트 구매,2022,SCF,해군군수사령부,제한경쟁,단가제,적격심사제,202203031030,20220303,낙찰
긴급공고,SCF0147,1,02637,001,보리차 구매,2022,SCF,해군군수사령부,제한경쟁,단가제,적격심사제,202203031030,20220303,유찰
긴급공고,SCF0064,1,02668,***,주물사배합기 1종 구매,2022,SCF,해군군수사령부,제한경쟁,총액제,적격심사제,202203031030,20220303,낙찰
정상공고,SCF0008,1,03146,***,MSH MRTU 회로카드 조립체 정비,2022,SCF,해군군수사령부,일반경쟁,총액제,적격심사제,202203031030,20220303,낙찰
긴급공고,SCF0057,1,03280,***,화재대피 마스크 1종 구매,2022,SCF,해군군수사령부,수의계약,총액제,적격심사제,202203031030,20220303,순위확정
긴급공고,SCF0058,1,03656,***,윤형철조망 등 2종 구매,2022,SCF,해군군수사령부,제한경쟁,총액제,적격심사제,202203031030,20220303,낙찰
긴급공고,SCF0071,1,03839,***,"(긴급) 밸브,글로브형 등 5종 구매",2022,SCF,해군군수사령부,제한경쟁,총액제,적격심사제,202203031030,20220303,유찰
긴급공고,SCF0072,1,03841,***,"(긴급) 시일, 밀봉형 등 6종 구매",2022,SCF,해군군수사령부,제한경쟁,총액제,적격심사제,202203031030,20220303,낙찰
긴급공고,SCF0076,1,03842,***,"(긴급) 가열기, 냉각제,엔진용 등 3종 구매",2022,SCF,해군군수사령부,제한경쟁,총액제,적격심사제,202203031030,20220303,낙찰
긴급공고,SCF0073,1,03843,***,"(긴급) 감지소자, 화재탐지장치용 등 2종 구매",2022,SCF,해군군수사령부,제한경쟁,총액제,적격심사제,202203031030,20220303,낙찰
긴급공고,SCF0074,1,03844,***,(긴급) 측정 막대-뚜껑 액위용 등 5종 구매,2022,SCF,해군군수사령부,제한경쟁,총액제,적격심사제,202203031030,20220303,낙찰
긴급공고,SCF0070,1,03845,***,(긴급) 인쇄배선판 1종 구매,2022,SCF,해군군수사령부,제한경쟁,총액제,적격심사제,202203031030,20220303,낙찰
긴급공고,SCF0064,1,03858,***,"(긴급)노즐, 연료 분사용 1종",2022,SCF,해군군수사령부,제한경쟁,총액제,적격심사제,202203031030,20220303,낙찰
긴급공고,SCF0063,1,03859,***,"(긴급)볼트, 기계용 등 4종",2022,SCF,해군군수사령부,제한경쟁,총액제,적격심사제,202203031030,20220303,낙찰
긴급공고,SCF0062,1,03897,***,"(긴급)하우징,전자구성품용 1종",2022,SCF,해군군수사령부,제한경쟁,총액제,적격심사제,202203031030,20220303,낙찰
긴급공고,SCF0061,1,03995,***,(긴급)스트라이커 플레이트 등 11종,2022,SCF,해군군수사령부,제한경쟁,총액제,적격심사제,202203031030,20220303,낙찰
긴급공고,SCF0077,1,04297,***,"판,금속제 등 3종",2022,SCF,해군군수사령부,제한경쟁,총액제,적격심사제,202203031030,20220303,낙찰
긴급공고,SCF0079,1,04318,***,"판,금속제 등 17종",2022,SCF,해군군수사령부,제한경쟁,총액제,적격심사제,202203031030,20220303,유찰
긴급공고,SCF0080,1,04328,***,"커플링,파이프용 등 3종",2022,SCF,해군군수사령부,제한경쟁,총액제,적격심사제,202203031030,20220303,낙찰
긴급공고,SCF0078,1,04349,***,로타리 햄머드릴 등 18종,2022,SCF,해군군수사령부,제한경쟁,총액제,적격심사제,202203031030,20220303,낙찰
긴급공고,SCF0140,1,05380,001,비빔양념장 구매,2022,SCF,해군군수사령부,제한경쟁,단가제,적격심사제,202203031030,20220303,낙찰
긴급공고,SCQ0028,1,04668,***,22-평 00도 00정 선체 정비,2022,SCQ,제9911부대,제한경쟁,총액제,적격심사제,202203031030,20220303,낙찰
정정공고,UAZ0003,2,06028,***,[도서관]'22년 도서구매(430-01),2022,UAZ,합동군사대학교,일반경쟁,총액제,적격심사제,202203031400,20220303,낙찰
정상공고,UMM0082,1,01459,***,22-국-ㅇㅇ단 가구 제조설치,2022,UMM,국군재정관리단,제한경쟁,총액제,적격심사제,202203031100,20220303,낙찰
정상공고,UMM0083,1,01470,***,22-해-고압 공기압축기(4EA) 제조,2022,UMM,국군재정관리단,일반경쟁,총액제,적격심사제,202203031100,20220303,유찰
정상공고,UMM0047,1,01497,***,(226020-F)교육재료(8단접이식깔판 등 10종) 구매,2022,UMM,국군재정관리단,제한경쟁,총액제,적격심사제,202203031100,20220303,낙찰
정상공고,UMM0081,1,02152,***,22-공-미립자계수기용 자동시료채취기 구매,2022,UMM,국군재정관리단,제한경쟁,총액제,적격심사제,202203031100,20220303,낙찰
정상공고,UMM0048,1,02643,***,(226019-E) 폴리에스터 멀티로프 3종 구매,2022,UMM,국군재정관리단,제한경쟁,총액제,적격심사제,202203031100,20220303,낙찰
정상공고,UMM0046,1,02882,***,(226040-F)체력단련장 코스관리용 모래 구매,2022,UMM,국군재정관리단,일반경쟁,총액제,적격심사제,202203031100,20220303,낙찰
정상공고,UMM0077,1,02930,***,22-해병-동행사복 등 17품목 제조,2022,UMM,국군재정관리단,제한경쟁,총액제,적격심사제,202203031100,20220303,낙찰
정상공고,UMM0084,1,03012,***,22-해병-액상세제 등 2품목 구매(228057-F),2022,UMM,국군재정관리단,제한경쟁,총액제,적격심사제,202203031100,20220303,낙찰
정상공고,UMM0078,1,03065,***,22-보조연료유이송펌프 3.0㎥/HR 4EA 제조(228064-H),2022,UMM,국군재정관리단,제한경쟁,총액제,적격심사제,202203031100,20220303,낙찰
긴급공고,UMM0040,1,03624,***,(22F020-A)22년 육군 장병 군인정신 영상교재 제작 용,2022,UMM,국군재정관리단,2단계경쟁(동시),총액제,최저가격제,202203031100,20220303,낙찰
정상공고,UMM0045,1,03690,***,(22G028-A)생물안전3등급 연구시설 유지보수 용역,2022,UMM,국군재정관리단,수의계약,총액제,적격심사제,202203031100,20220303,유찰
정정공고,UMM0052,2,03905,***,22-해-효소면역측정기 구매(228014-D),2022,UMM,국군재정관리단,제한경쟁,총액제,적격심사제,202203031100,20220303,낙찰
긴급공고,HCC0006,1,04820,***,"전압계 등 26품목 구매(2,18,20)",2022,HCC,해군제1수리창,제한경쟁,총액제,적격심사제,202203021030,20220302,낙찰
긴급공고,HCC0007,1,04902,***,스폰지 등 44품목 구매(22019),2022,HCC,해군제1수리창,제한경쟁,총액제,적격심사제,202203021030,20220302,낙찰
긴급공고,HCF0016,1,03863,***,항공기용 실링 컴파운드,2022,HCF,공군군수사령부,제한경쟁,총액제,적격심사제,202203021030,20220302,유찰
긴급공고,HDL0002,1,00697,***,22년 음식물폐기물 처리용역,2022,HDL,공군제16전투비행단,제한경쟁,총액제,적격심사제,202203021100,20220302,낙찰
정상공고,LBB0025,1,04073,001,'22년 음식물 쓰레기 처리 위탁,2022,LBB,육군제7789부대,제한경쟁,단가제,적격심사제,202203021030,20220302,낙찰
정정공고,LBB0026,2,04168,001,22년 부대조달 후식 (컵형 아이스크림),2022,LBB,육군제7789부대,일반경쟁,단가제,적격심사제,202203021030,20220302,낙찰
재공고,LCF0017,2,01785,***,종이 등 12항목 제조(일반물자),2022,LCF,육군군수사령부,수의계약,총액제,적격심사제,202203021030,20220302,유찰
재공고,LCF0020,2,01807,***,스트레처 등 18항목 제조(일반물자),2022,LCF,육군군수사령부,제한경쟁,총액제,적격심사제,202203021030,20220302,낙찰
재공고,LCF0018,2,01813,***,마스킹 테이프 등 12항목 제조(일반물자),2022,LCF,육군군수사령부,수의계약,총액제,적격심사제,202203021030,20220302,유찰
재공고,LCF0014,2,01835,***,소화약제 등 5항목 구매(화생방물자),2022,LCF,육군군수사령부,제한경쟁,총액제,적격심사제,202203021030,20220302,낙찰
재공고,LCF0010,2,01865,***,표정지 등 3항목 구매(일반물자),2022,LCF,육군군수사령부,수의계약,총액제,적격심사제,202203021030,20220302,유찰
재공고,LCF0009,2,01871,***,비닐끈 등 12항목 구매(일반물자),2022,LCF,육군군수사령부,제한경쟁,총액제,적격심사제,202203021030,20220302,낙찰
정상공고,LCF0021,1,02308,***,안면보호기 등 2항목 구매(일반물자),2022,LCF,육군군수사령부,제한경쟁,총액제,적격심사제,202203021030,20220302,낙찰
정상공고,LCF0022,1,02310,***,유엔기 등 3항목 구매(일반물자),2022,LCF,육군군수사령부,제한경쟁,총액제,적격심사제,202203021030,20220302,낙찰
정상공고,LCF0023,1,02311,***,오일펜스 1항목 구매(일반물자),2022,LCF,육군군수사령부,제한경쟁,총액제,적격심사제,202203021030,20220302,유찰
정상공고,LCF0024,1,03303,***,무릅보호대 등 2항목 구매(일반물자),2022,LCF,육군군수사령부,제한경쟁,총액제,적격심사제,202203021030,20220302,낙찰
정상공고,LCF0025,1,03311,***,수중후레쉬 1항목 구매(일반물자),2022,LCF,육군군수사령부,제한경쟁,총액제,적격심사제,202203021030,20220302,낙찰
정상공고,LCF0026,1,03468,***,살균제 등 5항목 구매(화생방물자),2022,LCF,육군군수사령부,제한경쟁,총액제,적격심사제,202203021030,20220302,유찰
재공고,LDH0078,2,02154,***,K1전차 오일펌프조립체 등 11종 구매,2022,LDH,육군종합정비창,수의계약,총액제,적격심사제,202203021300,20220302,유찰
정상공고,LDH0177,1,04121,***,(기동) 2.5톤차량 펌프 구매,2022,LDH,육군종합정비창,제한경쟁,총액제,적격심사제,202203021300,20220302,낙찰
정상공고,LDH0178,1,04122,***,(기동) 기동부교 커플링조립체등 10종구매,2022,LDH,육군종합정비창,제한경쟁,총액제,적격심사제,202203021300,20220302,유찰
긴급공고,LHQ0014,1,04694,***,5군지사 72정비시설 신축공사(금속재패널),2022,LHQ,제2작전사령부,일반경쟁,총액제,적격심사제,202203021030,20220302,낙찰
긴급공고,LPG0009,1,04704,***,22년 지뢰제거작전 물자 구매,2022,LPG,제5보병사단,제한경쟁,총액제,적격심사제,202203021100,20220302,낙찰
정상공고,MDD0030,1,02298,***,22년 수도병원 병원장비운영소모품(2) 45품목 구매,2022,MDD,국군수도병원,제한경쟁,총액제,적격심사제,202203021100,20220302,낙찰
정상공고,MDD0025,1,02302,***,22년 외과장비운영소모품(5) 23품목 구매계약,2022,MDD,국군수도병원,제한경쟁,총액제,적격심사제,202203021100,20220302,낙찰
정상공고,MDD0027,1,02304,***,22년 치과장비운영소모품 35품목 구매,2022,MDD,국군수도병원,제한경쟁,총액제,적격심사제,202203021100,20220302,낙찰
정상공고,MDD0028,1,02305,***,특수수술재료(2) DISK 수핵자동흡입술용재료 등 구매,2022,MDD,국군수도병원,제한경쟁,총액제,적격심사제,202203021100,20220302,유찰
정상공고,MDD0031,1,02680,***,2022년 국군수도병원 특수수술재료(Plate&screw) 구매,2022,MDD,국군수도병원,수의계약,총액제,적격심사제,202203021100,20220302,유찰
긴급공고,MDS0003,1,04509,***,'22 ~ '25년 병영생활관 비데 임차 용역,2022,MDS,제3707부대,제한경쟁,총액제,적격심사제,202203021030,20220302,낙찰
긴급공고,SCF0049,1,01508,***,쥐마개(대) 1종 구매,2022,SCF,해군군수사령부,제한경쟁,총액제,적격심사제,202203021030,20220302,낙찰
긴급공고,SCF0056,1,01825,***,세면기 연결호스 등 5종 구매,2022,SCF,해군군수사령부,제한경쟁,총액제,적격심사제,202203021030,20220302,낙찰
긴급공고,SCF0007,1,02076,***,대잠RIB 엔진 정비,2022,SCF,해군군수사령부,일반경쟁,총액제,적격심사제,202203021030,20220302,낙찰
긴급공고,SCF0052,1,02200,***,에폭시 코팅 키트 등 22종 구매,2022,SCF,해군군수사령부,제한경쟁,총액제,적격심사제,202203021030,20220302,낙찰
긴급공고,SCF0055,1,02403,***,"실린더 헤드, 디젤엔진용 1종 구매",2022,SCF,해군군수사령부,제한경쟁,총액제,적격심사제,202203021030,20220302,낙찰
긴급공고,SCF0050,1,02445,***,방수장갑 1종 구매,2022,SCF,해군군수사령부,제한경쟁,총액제,적격심사제,202203021030,20220302,낙찰
재공고,SCF0003,2,02775,***,음탐기 수중케이블 및 소나돔 윈도우 교체정비,2022,SCF,해군군수사령부,수의계약,총액제,적격심사제,202203021030,20220302,유찰
긴급공고,SCF0051,1,02924,***,'22년 구명식량 구매,2022,SCF,해군군수사령부,제한경쟁,총액제,적격심사제,202203021030,20220302,낙찰
긴급공고,SCF0053,1,03180,***,조난위치지시무선송신기 1종 구매,2022,SCF,해군군수사령부,제한경쟁,총액제,적격심사제,202203021030,20220302,낙찰
긴급공고,SCF0054,1,03187,***,청소차 1종 구매,2022,SCF,해군군수사령부,제한경쟁,총액제,적격심사제,202203021030,20220302,낙찰
긴급공고,SCP0023,1,04927,***,22-0함대 유해환경 작업자 건강검진 용역,2022,SCP,제8385부대,제한경쟁,총액제,적격심사제,202203021030,20220302,유찰
정상공고,SFD0022,1,04402,***,22-P-CCTV 외주정비 용역,2022,SFD,제9227부대,제한경쟁,총액제,적격심사제,202203021100,20220302,낙찰
긴급공고,SFG0021,1,05129,***,CCTV 등 2품목 구매,2022,SFG,제9181부대,일반경쟁,총액제,적격심사제,202203021030,20220302,낙찰
긴급공고,SFG0022,1,05132,***,부대정기 등 13품목 제조/구매,2022,SFG,제9181부대,일반경쟁,총액제,적격심사제,202203021030,20220302,낙찰
정상공고,SFN0007,1,04274,***,22-Y-일반폐기물 처리용역,2022,SFN,연평부대,제한경쟁,총액제,적격심사제,202203021030,20220302,유찰
긴급공고,UMM0014,1,00907,***,"(22F008-I)주민,지자체함께와상생하는훈련장연구용역",2022,UMM,국군재정관리단,협상에의한계약(전자),총액제,최저가격제,202203021100,20220302,낙찰
정상공고,UMM0074,1,01291,***,22-해-체력단련장 비료 등 57종 구매,2022,UMM,국군재정관리단,일반경쟁,총액제,적격심사제,202203021100,20220302,낙찰
정상공고,UMM0075,1,01343,***,22-해-00이착함 훈련지원정(바지선) 건조(제조),2022,UMM,국군재정관리단,일반경쟁,총액제,적격심사제,202203021100,20220302,낙찰
정상공고,UMM0069,1,01916,***,22-공-동력식 펀치용 프레스 구매,2022,UMM,국군재정관리단,제한경쟁,총액제,적격심사제,202203021100,20220302,낙찰
정상공고,UMM0068,1,02023,***,22-해-리치트럭 구매,2022,UMM,국군재정관리단,제한경쟁,총액제,적격심사제,202203021100,20220302,낙찰
정상공고,UMM0067,1,02138,***,22-해-3단 진압봉 등 5종 구매,2022,UMM,국군재정관리단,일반경쟁,총액제,적격심사제,202203021100,20220302,낙찰
정상공고,UMM0073,1,02253,***,22-해-대형 다목적 방수백 등 2종 구매,2022,UMM,국군재정관리단,일반경쟁,총액제,적격심사제,202203021100,20220302,낙찰
정상공고,UMM0072,1,02326,***,22-해-선박강습사다리용 세트 등 5종 구매,2022,UMM,국군재정관리단,일반경쟁,총액제,적격심사제,202203021100,20220302,낙찰
정상공고,UMM0070,1,02858,***,22-해-연료유 이송펌프(6EA) 제조,2022,UMM,국군재정관리단,제한경쟁,총액제,적격심사제,202203021100,20220302,낙찰
정상공고,UMM0066,1,03593,***,니블로배럭스 사용료 산출을 위한 감정평가 용역,2022,UMM,국군재정관리단,제한경쟁,총액제,적격심사제,202203021100,20220302,낙찰
정상공고,UMM0071,1,04355,***,"'22년 공군 천궁, 발칸 교육훈련장비 유지보수",2022,UMM,국군재정관리단,제한경쟁,총액제,적격심사제,202203021100,20220302,낙찰
재공고,LCG0011,2,01124,***,군사타운 개념의 부대배치 발전방향 연구 용역,2022,LCG,육군본부,협상에의한계약(전자),총액제,최저가격제,202202281000,20220228,낙찰
재공고,LCG0010,2,01133,***,미래 육군비행장 발전계획 검증 연구 용역,2022,LCG,육군본부,수의계약,총액제,최저가격제,202202281000,20220228,유찰
긴급공고,LCG0012,1,02660,***,전자기스펙트럼 측정/분석체계 운용방안 연구,2022,LCG,육군본부,협상에의한계약(전자),총액제,최저가격제,202202281000,20220228,유찰
정상공고,LDH0169,1,04080,***,K9(A1) 조종판 표시장치 야전시험장비 소요자재 구매,2022,LDH,육군종합정비창,수의계약,총액제,적격심사제,202202281300,20220228,유찰
정상공고,LDH0170,1,04093,***,K1계열전차 탄도계산기 시험장비개발 소요자재 구매,2022,LDH,육군종합정비창,수의계약,총액제,적격심사제,202202281300,20220228,유찰
긴급공고,LMR0003,1,04636,***,항공전술훈련 시뮬레이터 외주정비 용역,2022,LMR,제5군단사령부,제한경쟁,총액제,적격심사제,202202281030,20220228,낙찰
긴급공고,LMR0021,1,04715,***,대보수 실시설계 용역 11공구,2022,LMR,제5군단사령부,제한경쟁,총액제,적격심사제,202202281030,20220228,낙찰
긴급공고,LMR0020,1,04716,***,대보수 실시설계용역(12공구),2022,LMR,제5군단사령부,제한경쟁,총액제,적격심사제,202202281030,20220228,낙찰
긴급공고,LMR0019,1,04717,***,대보수 실시설계용역(13공구),2022,LMR,제5군단사령부,제한경쟁,총액제,적격심사제,202202281030,20220228,낙찰
긴급공고,LMR0018,1,04718,***,대보수 실시설계용역(14공구),2022,LMR,제5군단사령부,제한경쟁,총액제,적격심사제,202202281030,20220228,낙찰
긴급공고,LMR0017,1,04719,***,대보수 실시설계용역(15공구),2022,LMR,제5군단사령부,제한경쟁,총액제,적격심사제,202202281030,20220228,낙찰
긴급공고,LMR0016,1,04720,***,대보수 실시설계용역(16공구),2022,LMR,제5군단사령부,제한경쟁,총액제,적격심사제,202202281030,20220228,낙찰
긴급공고,LMR0015,1,04721,***,대보수 실시설계용역(17공구),2022,LMR,제5군단사령부,제한경쟁,총액제,적격심사제,202202281030,20220228,낙찰
긴급공고,LMR0014,1,04722,***,대보수 실시설계용역(18공구),2022,LMR,제5군단사령부,제한경쟁,총액제,적격심사제,202202281030,20220228,낙찰
긴급공고,LMR0013,1,04723,***,대보수 실시설계용역(19공구),2022,LMR,제5군단사령부,제한경쟁,총액제,적격심사제,202202281030,20220228,낙찰
긴급공고,LMR0012,1,04724,***,대보수 실시설계용역(20공구),2022,LMR,제5군단사령부,제한경쟁,총액제,적격심사제,202202281030,20220228,낙찰
긴급공고,LMR0011,1,04725,***,대보수 실시설계용역(21공구),2022,LMR,제5군단사령부,제한경쟁,총액제,적격심사제,202202281030,20220228,낙찰
긴급공고,LMR0010,1,04726,***,대보수 실시설계용역(22공구),2022,LMR,제5군단사령부,제한경쟁,총액제,적격심사제,202202281030,20220228,낙찰
긴급공고,LMR0009,1,04727,***,대보수 실시설계용역(23공구),2022,LMR,제5군단사령부,제한경쟁,총액제,적격심사제,202202281030,20220228,낙찰
긴급공고,LMR0008,1,04728,***,대보수 실시설계용역(24공구),2022,LMR,제5군단사령부,제한경쟁,총액제,적격심사제,202202281030,20220228,낙찰
긴급공고,LMR0007,1,04729,***,대보수 실시설계용역(25공구),2022,LMR,제5군단사령부,제한경쟁,총액제,적격심사제,202202281030,20220228,낙찰
긴급공고,LMR0006,1,04730,***,대보수 실시설계용역(26공구),2022,LMR,제5군단사령부,제한경쟁,총액제,적격심사제,202202281030,20220228,낙찰
긴급공고,LMR0005,1,04731,***,대보수 실시설계용역(27공구),2022,LMR,제5군단사령부,제한경쟁,총액제,적격심사제,202202281030,20220228,낙찰
긴급공고,LMR0004,1,04732,***,대보수 주거 실시설계용역(1공구),2022,LMR,제5군단사령부,제한경쟁,총액제,적격심사제,202202281030,20220228,낙찰
긴급공고,SFG0018,1,04709,***,페인트류 구매,2022,SFG,제9181부대,일반경쟁,총액제,적격심사제,202202281030,20220228,낙찰
정상공고,UMM0059,1,00403,***,22-해-청상어 실자용 표적 제작설치,2022,UMM,국군재정관리단,일반경쟁,총액제,적격심사제,202202281100,20220228,낙찰
긴급공고,UMM0025,1,01441,***,22년 해군 문화공연 대행 용역,2022,UMM,국군재정관리단,2단계경쟁(동시),총액제,최저가격제,202202281100,20220228,낙찰
정상공고,UMM0062,1,01467,***,22-국-ㅇㅇ단 가구 구매설치,2022,UMM,국군재정관리단,제한경쟁,총액제,적격심사제,202202281100,20220228,낙찰
정상공고,UMM0060,1,01701,***,22-공-점도계(튜브형) 구매,2022,UMM,국군재정관리단,제한경쟁,총액제,적격심사제,202202281100,20220228,낙찰
정상공고,UMM0058,1,01913,***,22-해-해수펌프 50㎥/HR 4EA 제조,2022,UMM,국군재정관리단,제한경쟁,총액제,적격심사제,202202281100,20220228,낙찰
정상공고,UMM0061,1,02137,***,22-해-통로개척용 절단기세트 구매,2022,UMM,국군재정관리단,일반경쟁,총액제,적격심사제,202202281100,20220228,낙찰
정상공고,UMM0064,1,02145,***,22-해-특전 해상용 헤드셋 등 2종 구매,2022,UMM,국군재정관리단,일반경쟁,총액제,적격심사제,202202281100,20220228,낙찰
정정공고,UMM0033,2,02207,***,(22F025-I) 22년 지뢰(불발탄) 제거 인원보험 용역,2022,UMM,국군재정관리단,수의계약,총액제,적격심사제,202202281100,20220228,유찰
정상공고,UMM0065,1,02694,***,22-공-근속30년 기념휘장 제조,2022,UMM,국군재정관리단,제한경쟁,총액제,적격심사제,202202281100,20220228,낙찰
정상공고,UMM0042,1,02853,***,(226038-D)체력단련장 위생용품 구매,2022,UMM,국군재정관리단,제한경쟁,총액제,적격심사제,202202281100,20220228,낙찰
정상공고,LNG0029,1,04038,***,종합훈련장 내부시설물 구매,2022,LNG,육군 제1군단,제한경쟁,총액제,적격심사제,202202251100,20220225,유찰
정상공고,MCN0007,1,04069,***,00지역 유리창 청소 용역,2022,MCN,국방부근무지원단,제한경쟁,총액제,적격심사제,202202251030,20220225,낙찰
재공고,MDD0016,2,01418,***,2022년 국군수도병원 의료가스 구매,2022,MDD,국군수도병원,제한경쟁,총액제,적격심사제,202202251100,20220225,낙찰
정정공고,MDD0017,3,01419,***,2022 국군수도병원 보장구69품목 부대계약,2022,MDD,국군수도병원,수의계약,총액제,적격심사제,202202251100,20220225,유찰
긴급공고,MDD0029,1,02773,***,2022년 전자동 대용량 PCR 진단시약 구매,2022,MDD,국군수도병원,제한경쟁,총액제,적격심사제,202202251100,20220225,낙찰
정상공고,MDG0020,1,03988,***,22년 환의세탁용역(국군강릉병원),2022,MDG,국군의무사령부,제한경쟁,총액제,적격심사제,202202251100,20220225,낙찰
정상공고,SCF0057,1,03982,001,"22-00창 일반폐기물(폐P/S 볼,폐주물사) 처리용역",2022,SCF,해군군수사령부,수의계약,단가제,적격심사제,202202251030,20220225,유찰
긴급공고,SCQ0027,1,04234,***,22-평 폐기물(음식물류) 처리 용역,2022,SCQ,제9911부대,제한경쟁,총액제,적격심사제,202202251030,20220225,낙찰
정상공고,UMM0054,1,01088,***,"22-공-압축기 유니트, 왕복식 구매",2022,UMM,국군재정관리단,제한경쟁,총액제,적격심사제,202202251100,20220225,낙찰
정상공고,UMM0053,1,02267,***,22-해-비자성 드라슈트 등 4종 구매,2022,UMM,국군재정관리단,제한경쟁,총액제,적격심사제,202202251100,20220225,낙찰
긴급공고,HDL0001,1,03304,***,22-01-003 전치아동시촬영기,2022,HDL,공군제16전투비행단,제한경쟁,총액제,적격심사제,202202241100,20220224,낙찰
긴급공고,HDQ0013,1,04156,***,22-보드테스터 유지보수,2022,HDQ,제20전투비행단,제한경쟁,총액제,적격심사제,202202241030,20220224,유찰
긴급공고,LCG0014,1,03708,***,22-1차 전산운영용품 구매,2022,LCG,육군본부,제한경쟁,총액제,적격심사제,202202241030,20220224,낙찰
긴급공고,LCG0016,1,04146,***,'22년 3096부대 중요시설경계시스템 외주정비용역,2022,LCG,육군본부,제한경쟁,총액제,적격심사제,202202241030,20220224,낙찰
정정공고,LCG0017,2,04209,***,안보교육용 시각설치물(배너) 제작,2022,LCG,육군본부,제한경쟁,총액제,적격심사제,202202241030,20220224,낙찰
정정공고,LCH0001,2,03324,***,00부대 렌탈프린터 임차 용역(예-용-1),2022,LCH,특수전사령부,제한경쟁,총액제,적격심사제,202202241030,20220224,낙찰
정상공고,LDG0008,1,03125,***,지대지 유도탄 군직정비용 수리부속 구매,2022,LDG,육군 탄약지원사령부,제한경쟁,총액제,적격심사제,202202241030,20220224,낙찰
긴급공고,LGR0004,1,04076,001,22년 폐기물(음식물)처리 용역,2022,LGR,제1288부대,제한경쟁,단가제,적격심사제,202202241030,20220224,낙찰
긴급공고,LGR0005,1,04140,001,22년 생활폐기물처리 용역,2022,LGR,제1288부대,제한경쟁,단가제,적격심사제,202202241030,20220224,낙찰
긴급공고,LHK0001,1,04144,001,'22년 음식물쓰레기 위탁처리 용역,2022,LHK,제2군단,제한경쟁,단가제,적격심사제,202202241030,20220224,유찰
긴급공고,LHQ0013,1,04199,***,공정사단 본부 및 A여단 개편사업(통합배선),2022,LHQ,제2작전사령부,일반경쟁,총액제,적격심사제,202202241030,20220224,낙찰
정상공고,LKP0025,1,03849,***,'22년 통신장비 외주정비 용역(광주/전남/전북),2022,LKP,5군수지원사령부,제한경쟁,총액제,적격심사제,202202241100,20220224,낙찰
정상공고,LKP0026,1,03850,***,'22년 통신장비 외주정비 용역(부산/경남),2022,LKP,5군수지원사령부,제한경쟁,총액제,적격심사제,202202241100,20220224,유찰
정상공고,LKP0027,1,03851,***,'22년 통신장비 외주정비 용역(대전/충남/충북/세종),2022,LKP,5군수지원사령부,제한경쟁,총액제,적격심사제,202202241100,20220224,낙찰
정상공고,LKP0028,1,03852,***,'22년 통신장비 외주정비 용역(대구/경북),2022,LKP,5군수지원사령부,제한경쟁,총액제,적격심사제,202202241100,20220224,낙찰
정상공고,LKP0029,1,03853,***,'22년 함정장비 외주정비 용역,2022,LKP,5군수지원사령부,수의계약,총액제,적격심사제,202202241100,20220224,유찰
긴급공고,LKS0009,1,02538,***,'22년 계룡스파텔 시설개선사업 선행연구 용역,2022,LKS,육군인사사령부,2단계경쟁(동시),총액제,최저가격제,202202241030,20220224,유찰
긴급공고,LKS0008,1,02623,***,무공훈장찾아주기사업 홍보 동영상 및 음원 제작,2022,LKS,육군인사사령부,2단계경쟁(동시),총액제,최저가격제,202202241030,20220224,낙찰
긴급공고,SCF0044,1,00406,***,출력계 1종 구매,2022,SCF,해군군수사령부,제한경쟁,총액제,적격심사제,202202241030,20220224,낙찰
긴급공고,SCF0046,1,01067,***,전기이발기 1종 구매,2022,SCF,해군군수사령부,제한경쟁,총액제,적격심사제,202202241030,20220224,낙찰
긴급공고,SCF0045,1,01335,***,호스조립체 2종 구매,2022,SCF,해군군수사령부,제한경쟁,총액제,적격심사제,202202241030,20220224,낙찰
재공고,SCF0027,2,01498,***,"(긴급) 축,직선형 등 4종 구매",2022,SCF,해군군수사령부,제한경쟁,총액제,적격심사제,202202241030,20220224,유찰
긴급공고,SCF0058,1,02116,***,철 엘보 등 20종,2022,SCF,해군군수사령부,제한경쟁,총액제,적격심사제,202202241030,20220224,유찰
긴급공고,SCF0059,1,02420,***,주철 등 3종,2022,SCF,해군군수사령부,제한경쟁,총액제,적격심사제,202202241030,20220224,낙찰
긴급공고,SCF0048,1,02595,***,리어카(몸체) 등 3종 구매,2022,SCF,해군군수사령부,제한경쟁,총액제,적격심사제,202202241030,20220224,낙찰
긴급공고,SCF0047,1,02642,***,청소용릴호스 1종 구매,2022,SCF,해군군수사령부,제한경쟁,총액제,적격심사제,202202241030,20220224,낙찰
긴급공고,SCF0043,1,04133,***,"00함 윤활유, 엔진용 1종 구매",2022,SCF,해군군수사령부,제한경쟁,총액제,적격심사제,202202241030,20220224,낙찰
정상공고,UMM0041,1,00937,***,(227001-H)VoIP 교환기 구축사업,2022,UMM,국군재정관리단,일반경쟁,총액제,적격심사제,202202241100,20220224,낙찰
긴급공고,UMM0063,1,02218,***,'22년 UAV 드론 보험,2022,UMM,국군재정관리단,일반경쟁,총액제,적격심사제,202202241100,20220224,낙찰
긴급공고,UMM0044,1,04166,***,(21F190-I)입영장병 부분신체검사 용역,2022,UMM,국군재정관리단,일반경쟁,총액제,적격심사제,202202241100,20220224,낙찰
긴급공고,LBB0024,1,03332,001,22년 부대조달 후식(떠먹는 발효유),2022,LBB,육군제7789부대,일반경쟁,단가제,적격심사제,202202231030,20220223,낙찰
긴급공고,LBB0010,1,03333,001,22년 부대조달 후식(마시는 발효유),2022,LBB,육군제7789부대,일반경쟁,단가제,적격심사제,202202231030,20220223,낙찰
긴급공고,LBB0011,1,03334,001,22년 부대조달 후식(떠먹는 토핑형 발효유),2022,LBB,육군제7789부대,일반경쟁,단가제,적격심사제,202202231030,20220223,낙찰
긴급공고,LBB0012,1,03335,001,22년 부대조달 후식(사이다),2022,LBB,육군제7789부대,일반경쟁,단가제,적격심사제,202202231030,20220223,낙찰
긴급공고,LBB0013,1,03336,001,22년 부대조달 후식(과일탄산에이드),2022,LBB,육군제7789부대,일반경쟁,단가제,적격심사제,202202231030,20220223,낙찰
긴급공고,LBB0014,1,03337,001,22년 부대조달 후식(콜라),2022,LBB,육군제7789부대,일반경쟁,단가제,적격심사제,202202231030,20220223,낙찰
긴급공고,LBB0015,1,03339,001,22년 부대조달 후식(에너지음료),2022,LBB,육군제7789부대,일반경쟁,단가제,적격심사제,202202231030,20220223,낙찰
긴급공고,LBB0016,1,03340,001,22년 부대조달 후식(컵커피),2022,LBB,육군제7789부대,일반경쟁,단가제,적격심사제,202202231030,20220223,낙찰
긴급공고,LBB0017,1,03341,001,22년 부대조달 후식(비타민 음료),2022,LBB,육군제7789부대,일반경쟁,단가제,적격심사제,202202231030,20220223,낙찰
긴급공고,LBB0018,1,03343,001,22년 부대조달 후식(콘형 아이스크림),2022,LBB,육군제7789부대,일반경쟁,단가제,적격심사제,202202231030,20220223,낙찰
긴급공고,LBB0019,1,03344,001,22년 부대조달 후식(팩형 아이스크림),2022,LBB,육군제7789부대,일반경쟁,단가제,적격심사제,202202231030,20220223,낙찰
긴급공고,LBB0020,1,03345,001,22년 부대조달 후식(팥빙수),2022,LBB,육군제7789부대,일반경쟁,단가제,적격심사제,202202231030,20220223,낙찰
긴급공고,LBB0021,1,03346,001,22년 부대조달 후식(에너지바),2022,LBB,육군제7789부대,일반경쟁,단가제,적격심사제,202202231030,20220223,낙찰
긴급공고,LBB0022,1,03347,001,22년 부대조달 후식(과일젤리),2022,LBB,육군제7789부대,일반경쟁,단가제,적격심사제,202202231030,20220223,낙찰
긴급공고,LBB0023,1,03348,001,22년 부대조달 후식(초코과자),2022,LBB,육군제7789부대,제한경쟁,단가제,적격심사제,202202231030,20220223,낙찰
재공고,LCF0014,2,01664,***,"500MD헬기 지시계,진로 방향표시-R용 등 2종 정비",2022,LCF,육군군수사령부,수의계약,총액제,적격심사제,202202231030,20220223,유찰
긴급공고,LDC0005,1,04014,***,'22년 음식물쓰레기 처리용역,2022,LDC,육군과학화전투훈련단,제한경쟁,총액제,적격심사제,202202231030,20220223,낙찰
재공고,LDH0089,2,02208,***,K1전차 저항기 등 9종 구매,2022,LDH,육군종합정비창,제한경쟁,총액제,적격심사제,202202231300,20220223,유찰
재공고,LDH0124,2,02386,***,총포 십자선 구매,2022,LDH,육군종합정비창,제한경쟁,총액제,적격심사제,202202231300,20220223,낙찰
정상공고,LDH0167,1,03636,***,발칸 지지대 구매,2022,LDH,육군종합정비창,수의계약,총액제,적격심사제,202202231300,20220223,유찰
정상공고,LGO0003,1,03827,001,'22년 음식물폐기물 위탁처리 용역 단가계약,2022,LGO,제20기갑여단,제한경쟁,단가제,적격심사제,202202231400,20220223,낙찰
긴급공고,LGP0022,1,03931,***,22년 SPIDER 성능개량장비 외주정비,2022,LGP,제1군수지원사령부,제한경쟁,총액제,적격심사제,202202231100,20220223,유찰
정상공고,LIK0047,1,02784,001,'22년 영내자후식(사이다),2022,LIK,제2군수지원여단,일반경쟁,단가제,적격심사제,202202231030,20220223,낙찰
정상공고,LIK0046,1,02789,001,'22년 영내자후식(비타민음료),2022,LIK,제2군수지원여단,제한경쟁,단가제,적격심사제,202202231030,20220223,낙찰
정상공고,LIK0028,1,03536,001,'22년 영내자후식(마시는발효유),2022,LIK,제2군수지원여단,제한경쟁,단가제,적격심사제,202202231030,20220223,낙찰
정상공고,LIK0029,1,03537,001,'22년 영내자후식(짜먹는발효유),2022,LIK,제2군수지원여단,제한경쟁,단가제,적격심사제,202202231030,20220223,낙찰
정상공고,LIK0030,1,03538,001,'22년 영내자후식(떠먹는발효유),2022,LIK,제2군수지원여단,제한경쟁,단가제,적격심사제,202202231030,20220223,낙찰
정상공고,LIK0031,1,03539,001,'22년 영내자후식(이온음료),2022,LIK,제2군수지원여단,제한경쟁,단가제,적격심사제,202202231030,20220223,낙찰
정상공고,LIK0032,1,03541,001,'22년 영내자후식(과일맛소다),2022,LIK,제2군수지원여단,제한경쟁,단가제,적격심사제,202202231030,20220223,낙찰
정상공고,LIK0033,1,03542,001,'22년 영내자후식(에너지드링크),2022,LIK,제2군수지원여단,제한경쟁,단가제,적격심사제,202202231030,20220223,낙찰
정상공고,LIK0034,1,03543,001,'22년 영내자후식(식혜),2022,LIK,제2군수지원여단,제한경쟁,단가제,적격심사제,202202231030,20220223,낙찰
정상공고,LIK0035,1,03545,001,'22년 영내자후식(커피캔형),2022,LIK,제2군수지원여단,제한경쟁,단가제,적격심사제,202202231030,20220223,낙찰
정상공고,LIK0036,1,03548,001,'22년 영내자후식(콘형아이스크림),2022,LIK,제2군수지원여단,제한경쟁,단가제,적격심사제,202202231030,20220223,낙찰
정상공고,LIK0037,1,03549,001,'22 영내자후식(샌드형아이스크림),2022,LIK,제2군수지원여단,제한경쟁,단가제,적격심사제,202202231030,20220223,낙찰
정상공고,LIK0038,1,03550,001,'22년 영내자후식(팩형아이스크림),2022,LIK,제2군수지원여단,제한경쟁,단가제,적격심사제,202202231030,20220223,낙찰
정상공고,LIK0039,1,03551,001,'22년 영내자후식(튜브형아이스크림),2022,LIK,제2군수지원여단,제한경쟁,단가제,적격심사제,202202231030,20220223,낙찰
정상공고,LIK0040,1,03552,001,'22년 영내자후식(팥빙수),2022,LIK,제2군수지원여단,제한경쟁,단가제,적격심사제,202202231030,20220223,낙찰
정상공고,LIK0041,1,03554,001,'22년 영내자후식(워터젤리),2022,LIK,제2군수지원여단,제한경쟁,단가제,적격심사제,202202231030,20220223,낙찰
정상공고,LIK0042,1,03555,001,'22년 영내자후식(아몬드초코렛),2022,LIK,제2군수지원여단,제한경쟁,단가제,적격심사제,202202231030,20220223,낙찰
정상공고,LIK0043,1,03556,001,'22년 영내자후식(과일푸딩),2022,LIK,제2군수지원여단,제한경쟁,단가제,적격심사제,202202231030,20220223,낙찰
정상공고,LIK0044,1,03557,001,'22년 영내자후식(맛밤),2022,LIK,제2군수지원여단,제한경쟁,단가제,적격심사제,202202231030,20220223,낙찰
정상공고,LIK0045,1,03558,001,'22년 영내자후식(에너지바),2022,LIK,제2군수지원여단,제한경쟁,단가제,적격심사제,202202231030,20220223,낙찰
정상공고,LIK0048,1,03617,001,'22년 영내자후식(떠먹는발효유 토핑),2022,LIK,제2군수지원여단,일반경쟁,단가제,적격심사제,202202231030,20220223,낙찰
정상공고,LIK0049,1,03618,001,'22년 영내자후식(바나나맛우유),2022,LIK,제2군수지원여단,일반경쟁,단가제,적격심사제,202202231030,20220223,낙찰
정상공고,LIK0050,1,03619,001,'22년 영내자후식(콜라),2022,LIK,제2군수지원여단,일반경쟁,단가제,적격심사제,202202231030,20220223,낙찰
정상공고,LIK0051,1,03620,001,'22년 영내자후식(컵형아이스크림),2022,LIK,제2군수지원여단,일반경쟁,단가제,적격심사제,202202231030,20220223,낙찰
정상공고,MDD0023,1,03172,***,2022년 방사성의약품 17품목 구매,2022,MDD,국군수도병원,수의계약,총액제,적격심사제,202202231100,20220223,유찰
긴급공고,SCF0040,1,00636,***,심전도계 병원용 등 2종 구매,2022,SCF,해군군수사령부,제한경쟁,총액제,적격심사제,202202231030,20220223,낙찰
재공고,SCF0009,2,00687,***,전동포크리프트 2SET 구매,2022,SCF,해군군수사령부,제한경쟁,총액제,적격심사제,202202231030,20220223,순위확정
재공고,SCF0021,2,01243,***,"잉곳, 주석-청동용 1종",2022,SCF,해군군수사령부,제한경쟁,총액제,적격심사제,202202231030,20220223,유찰
긴급공고,SCF0035,1,01327,***,양념분쇄기 등 3품목 구매,2022,SCF,해군군수사령부,제한경쟁,총액제,적격심사제,202202231030,20220223,순위확정
긴급공고,SCF0036,1,01375,***,"탭,나사 절삭용 등 15종 구매",2022,SCF,해군군수사령부,제한경쟁,총액제,적격심사제,202202231030,20220223,낙찰
긴급공고,SCF0039,1,01909,***,"케이블조립체, 특수목적용 등 15종 구매",2022,SCF,해군군수사령부,일반경쟁,총액제,적격심사제,202202231030,20220223,낙찰
긴급공고,SCF0056,1,02316,***,"(긴급)냉각기,유체식,산업용 등 1종",2022,SCF,해군군수사령부,제한경쟁,총액제,적격심사제,202202231030,20220223,낙찰
긴급공고,SCF0038,1,03104,***,스터드 용접기 등 2종 구매,2022,SCF,해군군수사령부,제한경쟁,총액제,적격심사제,202202231030,20220223,낙찰
긴급공고,SCF0037,1,03115,***,전력계(1GHz) 구매,2022,SCF,해군군수사령부,제한경쟁,총액제,적격심사제,202202231030,20220223,낙찰
긴급공고,SCF0042,1,04016,***,진공계시험기 1종 구매,2022,SCF,해군군수사령부,제한경쟁,총액제,적격심사제,202202231030,20220223,낙찰
재공고,SCL0012,3,01341,***,22년 해사 학보 제작 용역,2022,SCL,해군사관학교,2단계경쟁(동시),총액제,최저가격제,202202231030,20220223,낙찰
긴급공고,SCQ0019,1,03629,***,22-평 소방시설 점검 용역,2022,SCQ,제9911부대,제한경쟁,총액제,적격심사제,202202231030,20220223,낙찰
긴급공고,SFC0016,1,03939,***,22-덕-모병홍보물품 구매,2022,SFC,제9691부대,제한경쟁,총액제,적격심사제,202202231100,20220223,낙찰
긴급공고,SFC0017,1,03941,***,22-덕-SPIKE 표적기 제조 설치,2022,SFC,제9691부대,제한경쟁,총액제,적격심사제,202202231100,20220223,낙찰
긴급공고,SFC0019,1,04034,***,22-덕-산불진화기계화 시스템 구매,2022,SFC,제9691부대,제한경쟁,총액제,적격심사제,202202231100,20220223,낙찰
정상공고,UMM0036,1,01515,***,(22G022-A)화상회의장비 금융리스,2022,UMM,국군재정관리단,일반경쟁,총액제,최저가격제,202202231100,20220223,유찰
정상공고,UMM0038,1,01992,***,(227003-H)스펙트럼측정/분석장비 노후교체,2022,UMM,국군재정관리단,일반경쟁,총액제,적격심사제,202202231100,20220223,낙찰
정상공고,EKA0002,1,7400,***,"22년 측지기, 전자식거리측정용, 적외선식",2022,EKA,기동총괄계약팀,수의계약,총액제,적격심사제,202202221430,20220222,유찰
긴급공고,HCF0010,1,01302,***,라디에이터 어셈블리 등 310종 구매,2022,HCF,공군군수사령부,제한경쟁,총액제,적격심사제,202202221030,20220222,낙찰
긴급공고,HCF0015,1,02663,***,"발전기세트,가솔린엔진식",2022,HCF,공군군수사령부,제한경쟁,총액제,적격심사제,202202221030,20220222,유찰
긴급공고,HCF0014,1,02664,***,"압축기 유니트, 왕복식",2022,HCF,공군군수사령부,제한경쟁,총액제,적격심사제,202202221030,20220222,낙찰
긴급공고,HCF0011,1,02704,***,실린더 버터플라이 밸브 등 48종,2022,HCF,공군군수사령부,제한경쟁,총액제,적격심사제,202202221030,20220222,낙찰
긴급공고,HCF0012,1,03140,***,[항공지원장비 부품] 공기정화기 등 3종,2022,HCF,공군군수사령부,제한경쟁,총액제,적격심사제,202202221030,20220222,유찰
정상공고,LCF0015,1,01299,***,"캐비넷,마약함결합식 등 11항목 구매(의무)",2022,LCF,육군군수사령부,제한경쟁,총액제,적격심사제,202202221130,20220222,낙찰
정상공고,LCF0016,1,01305,***,"들것,플라스틱 등 8항목 구매(의무)",2022,LCF,육군군수사령부,제한경쟁,총액제,적격심사제,202202221130,20220222,낙찰
정상공고,LCF0019,1,01767,***,포장재료 등 3항목 제조(일반물자),2022,LCF,육군군수사령부,제한경쟁,총액제,적격심사제,202202221030,20220222,낙찰
정상공고,LCF0017,1,01785,***,종이 등 12항목 제조(일반물자),2022,LCF,육군군수사령부,수의계약,총액제,적격심사제,202202221030,20220222,유찰
정상공고,LCF0020,1,01807,***,스트레처 등 18항목 제조(일반물자),2022,LCF,육군군수사령부,제한경쟁,총액제,적격심사제,202202221030,20220222,유찰
정상공고,LCF0018,1,01813,***,마스킹 테이프 등 12항목 제조(일반물자),2022,LCF,육군군수사령부,수의계약,총액제,적격심사제,202202221030,20220222,유찰
정상공고,LCF0019,1,02684,***,알루미늄 목발(특대) 등 4항목 구매(의무),2022,LCF,육군군수사령부,제한경쟁,총액제,적격심사제,202202221130,20220222,낙찰
정상공고,LCF0021,1,02725,***,"칼날,외과수술칼용,분리식 등 6항목 구매(의무)",2022,LCF,육군군수사령부,제한경쟁,총액제,적격심사제,202202221130,20220222,순위확정
정상공고,LCF0022,1,02728,***,"튜브,배수용,외과용 등 9항목 구매(의무)",2022,LCF,육군군수사령부,제한경쟁,총액제,적격심사제,202202221130,20220222,낙찰
정상공고,LCF0023,1,02729,***,"바늘,피하주사용 등 8항목 구매(의무)",2022,LCF,육군군수사령부,제한경쟁,총액제,적격심사제,202202221130,20220222,낙찰
정상공고,LCF0024,1,02730,***,"카테터, 바늘 유니트 등 3항목 구매(의무)",2022,LCF,육군군수사령부,제한경쟁,총액제,적격심사제,202202221130,20220222,순위확정
정상공고,LCF0020,1,02766,***,삼각건 등 1품목 구매(의무),2022,LCF,육군군수사령부,제한경쟁,총액제,적격심사제,202202221130,20220222,순위확정
재공고,LCM0002,2,00756,***,전투실험 발전 과제 연구용역(1),2022,LCM,육군교육사령부,2단계경쟁(동시),총액제,최저가격제,202202221030,20220222,낙찰
정상공고,LDG0007,1,02449,***,지대공 유도탄 군직정비용 수리부속 구매,2022,LDG,육군 탄약지원사령부,제한경쟁,총액제,적격심사제,202202221030,20220222,낙찰
재공고,LDH0072,2,02131,***,K200장갑차 베어링 등 2종 구매,2022,LDH,육군종합정비창,제한경쟁,총액제,적격심사제,202202221300,20220222,낙찰
재공고,LDH0153,2,02549,***,K9자주포 엘보 등 6종 구매,2022,LDH,육군종합정비창,제한경쟁,총액제,적격심사제,202202221300,20220222,낙찰
재공고,LGP0016,2,02904,***,22년 통신 상층기상관측장비세트 외주정비,2022,LGP,제1군수지원사령부,일반경쟁,총액제,적격심사제,202202221100,20220222,유찰
재공고,LGP0017,2,02913,***,22년 통신 민수용감시장비 외주정비,2022,LGP,제1군수지원사령부,일반경쟁,총액제,적격심사제,202202221100,20220222,유찰
재공고,LGP0018,2,02918,***,22년 이동형기상측정세트 외주정비,2022,LGP,제1군수지원사령부,일반경쟁,총액제,적격심사제,202202221100,20220222,유찰
재공고,LGP0019,2,02927,***,22년 통신 고속지령대 외주정비,2022,LGP,제1군수지원사령부,일반경쟁,총액제,적격심사제,202202221100,20220222,유찰
재공고,LGP0020,2,02928,***,22년 지정폐기물 처리(경기권역),2022,LGP,제1군수지원사령부,일반경쟁,총액제,적격심사제,202202221100,20220222,유찰
재공고,LGP0021,2,02935,***,22년 지정폐기물 처리(강원권역),2022,LGP,제1군수지원사령부,일반경쟁,총액제,적격심사제,202202221100,20220222,유찰
정상공고,LHD0012,1,03398,***,(1008)군수지원대대 신축(오버헤드크레인 설치납품),2022,LHD,제21보병사단,제한경쟁,총액제,적격심사제,202202221100,20220222,낙찰
긴급공고,LMH0006,1,03836,***,22년 음식물쓰레기 처리 용역,2022,LMH,제7군단,제한경쟁,총액제,적격심사제,202202221030,20220222,낙찰
정정공고,LNG0007,4,00642,***,00부대 정비고 신축 등 6건 설계용역(22-북-134),2022,LNG,육군 제1군단,일반경쟁,총액제,적격심사제,202202221030,20220222,낙찰
긴급공고,MDR0006,1,03378,***,00부대 설계용역(22-충-국-10),2022,MDR,제9965부대,제한경쟁,총액제,적격심사제,202202221030,20220222,낙찰
긴급공고,MDR0007,1,03382,***,00부대 설계용역(22-충-국-13),2022,MDR,제9965부대,제한경쟁,총액제,적격심사제,202202221030,20220222,낙찰
재공고,MHD0013,2,01946,***,"DoD, SAE 등 4개 규격자료 구독",2022,MHD,방위사업청(운영지원과),수의계약,총액제,최저가격제,202202221030,20220222,유찰
긴급공고,MHD0014,1,02737,***,방위사업청 국제계약 표준문안 정비 및 개선 법률자문,2022,MHD,방위사업청(운영지원과),협상에의한계약(전자),총액제,최저가격제,202202221500,20220222,낙찰
재공고,SCF0006,2,00318,***,다중계기(10MHz) 1종 구매,2022,SCF,해군군수사령부,제한경쟁,총액제,적격심사제,202202221030,20220222,낙찰
긴급공고,SCF0029,1,00695,***,클램프 등 10종 구매,2022,SCF,해군군수사령부,제한경쟁,총액제,적격심사제,202202221030,20220222,낙찰
긴급공고,SCF0030,1,01373,***,혈액응고측정기 1종 구매,2022,SCF,해군군수사령부,제한경쟁,총액제,적격심사제,202202221030,20220222,낙찰
긴급공고,SCF0002,1,01549,***,'22년 잠수함 디젤 감시장치 PCB 정비,2022,SCF,해군군수사령부,일반경쟁,총액제,적격심사제,202202221030,20220222,낙찰
재공고,SCF0020,2,01724,001,버팔로치킨윙 구매,2022,SCF,해군군수사령부,제한경쟁,단가제,적격심사제,202202221030,20220222,유찰
재공고,SCF0024,2,01737,001,계란지단채 구매,2022,SCF,해군군수사령부,제한경쟁,단가제,적격심사제,202202221030,20220222,낙찰
재공고,SCF0035,2,01777,001,냉동날치알 구매,2022,SCF,해군군수사령부,제한경쟁,단가제,적격심사제,202202221030,20220222,유찰
재공고,SCF0048,2,01823,001,오리훈제(슬라이스) 구매,2022,SCF,해군군수사령부,제한경쟁,단가제,적격심사제,202202221030,20220222,유찰
재공고,SCF0049,2,01824,001,새우튀김 구매,2022,SCF,해군군수사령부,제한경쟁,단가제,적격심사제,202202221030,20220222,낙찰
재공고,SCF0054,2,01944,001,고구마샐러드 구매,2022,SCF,해군군수사령부,제한경쟁,단가제,적격심사제,202202221030,20220222,유찰
재공고,SCF0057,2,01960,001,단무지 구매,2022,SCF,해군군수사령부,제한경쟁,단가제,적격심사제,202202221030,20220222,유찰
재공고,SCF0059,2,01985,001,실곤약 구매,2022,SCF,해군군수사령부,제한경쟁,단가제,적격심사제,202202221030,20220222,유찰
재공고,SCF0060,2,02001,001,생우동 구매,2022,SCF,해군군수사령부,제한경쟁,단가제,적격심사제,202202221030,20220222,유찰
재공고,SCF0062,2,02006,001,동그랑땡 구매,2022,SCF,해군군수사령부,제한경쟁,단가제,적격심사제,202202221030,20220222,유찰
긴급공고,SCF0032,1,02013,***,"절단기, 볼트용 등 8종 구매",2022,SCF,해군군수사령부,제한경쟁,총액제,적격심사제,202202221030,20220222,낙찰
재공고,SCF0079,2,02080,001,고구마튀김 구매,2022,SCF,해군군수사령부,제한경쟁,단가제,적격심사제,202202221030,20220222,유찰
재공고,SCF0075,2,02090,001,순살햄 구매,2022,SCF,해군군수사령부,수의계약,단가제,적격심사제,202202221030,20220222,유찰
긴급공고,SCF0033,1,02190,***,부양성 발연부 신호 등 3종 구매,2022,SCF,해군군수사령부,제한경쟁,총액제,적격심사제,202202221030,20220222,낙찰
긴급공고,SCF0034,1,02569,***,래커에어로졸 등 8종 구매,2022,SCF,해군군수사령부,제한경쟁,총액제,적격심사제,202202221030,20220222,낙찰
긴급공고,SCF0031,1,02973,***,"체인조립체, 단일구간용 1종 구매",2022,SCF,해군군수사령부,제한경쟁,총액제,적격심사제,202202221030,20220222,낙찰
긴급공고,SCF0110,1,03260,001,마카로니 구매,2022,SCF,해군군수사령부,제한경쟁,단가제,적격심사제,202202221030,20220222,유찰
긴급공고,SCF0055,1,03759,***,"(긴급)전달장치, 압력용 1종",2022,SCF,해군군수사령부,제한경쟁,총액제,적격심사제,202202221030,20220222,낙찰
재공고,SCN0014,2,02666,***,22-진-10 음식물류 폐기물처리용역(2차),2022,SCN,제7001부대,제한경쟁,총액제,적격심사제,202202221030,20220222,낙찰
긴급공고,SFH0017,1,03640,***,22년 액화석유가스(LPG) 구매 납품,2022,SFH,제9196부대,수의계약,총액제,적격심사제,202202221100,20220222,유찰
긴급공고,SFL0022,1,03831,***,해병대용 개인천막 구매 납품,2022,SFL,제3283부대,제한경쟁,총액제,적격심사제,202202221100,20220222,낙찰
긴급공고,SFL0023,1,03832,***,해병대용 야전배낭 구매 납품,2022,SFL,제3283부대,제한경쟁,총액제,적격심사제,202202221100,20220222,낙찰
정상공고,SFN0002,1,03237,***,보일러 등 581품목 구매,2022,SFN,연평부대,일반경쟁,총액제,적격심사제,202202221030,20220222,낙찰
정상공고,SFN0003,1,03238,***,건전지 등 175품목 구매,2022,SFN,연평부대,제한경쟁,총액제,적격심사제,202202221030,20220222,낙찰
긴급공고,UDA0002,1,03328,***,00지역 음식물쓰레기 위탁처리 용역,2022,UDA,제3190부대,제한경쟁,총액제,적격심사제,202202221530,20220222,낙찰
재공고,UMM0026,2,00658,***,'22년 공군 체력단련장 체육시설업자 배상책임보험,2022,UMM,국군재정관리단,수의계약,총액제,적격심사제,202202221100,20220222,유찰
긴급공고,UMM0037,1,00788,***,(227005-F)노후 네트워크장비 교체사업(리스물건),2022,UMM,국군재정관리단,일반경쟁,총액제,적격심사제,202202221100,20220222,낙찰
정정공고,UMM0038,2,01653,***,22년 자운대지역 조경관리 용역,2022,UMM,국군재정관리단,일반경쟁,총액제,적격심사제,202202221100,20220222,유찰
정상공고,UMM0046,1,02141,***,22-해-통로개척용 물자세트 등 2종 구매,2022,UMM,국군재정관리단,제한경쟁,총액제,적격심사제,202202221100,20220222,낙찰
재공고,UMM0030,2,02418,***,22-국-표준화차(4량) 제조,2022,UMM,국군재정관리단,일반경쟁,총액제,적격심사제,202202221100,20220222,낙찰
정상공고,UMM0047,1,03403,***,'22년 계룡대 출입통제체계 유지보수 용역(22K012-F),2022,UMM,국군재정관리단,제한경쟁,총액제,적격심사제,202202221100,20220222,낙찰
긴급공고,LCM0004,1,00763,***,전투실험 발전 연구용역 세미나 및 책자발간 용역,2022,LCM,육군교육사령부,2단계경쟁(동시),총액제,최저가격제,202202211300,20220221,낙찰
재공고,LDH0039,2,02037,***,K9자주포 스프링 등 11종 구매,2022,LDH,육군종합정비창,제한경쟁,총액제,적격심사제,202202211300,20220221,낙찰
재공고,LDH0069,2,02125,***,K200장갑차 나사 등 14종 구매,2022,LDH,육군종합정비창,제한경쟁,총액제,적격심사제,202202211300,20220221,낙찰
재공고,LDH0090,2,02210,***,K1전차 튜브조립체 14종 구매,2022,LDH,육군종합정비창,제한경쟁,총액제,적격심사제,202202211300,20220221,유찰
재공고,LDH0092,2,02219,***,K1전차 호스조립체 3종 구매,2022,LDH,육군종합정비창,제한경쟁,총액제,적격심사제,202202211300,20220221,낙찰
재공고,LDH0110,2,02279,***,(기동) 5톤차량 파이프등 19종구매,2022,LDH,육군종합정비창,제한경쟁,총액제,적격심사제,202202211300,20220221,유찰
재공고,LDH0113,2,02336,***,통신장비 반도체장치 등 24종 구매,2022,LDH,육군종합정비창,제한경쟁,총액제,적격심사제,202202211300,20220221,유찰
재공고,LDH0114,2,02339,***,통신장비 키패드 등 21종 구매,2022,LDH,육군종합정비창,제한경쟁,총액제,적격심사제,202202211300,20220221,유찰
재공고,LDH0115,2,02340,***,통신장비 트랜지스터 구매,2022,LDH,육군종합정비창,제한경쟁,총액제,적격심사제,202202211300,20220221,낙찰
재공고,LDH0116,2,02347,***,통신장비 저항체 등 41종 구매,2022,LDH,육군종합정비창,제한경쟁,총액제,적격심사제,202202211300,20220221,유찰
재공고,LDH0118,2,02355,***,통신장비 부호기 등 11종 구매,2022,LDH,육군종합정비창,제한경쟁,총액제,적격심사제,202202211300,20220221,유찰
재공고,LDH0119,2,02360,***,통신장비 발광다이오드 등 21종 구매,2022,LDH,육군종합정비창,제한경쟁,총액제,적격심사제,202202211300,20220221,유찰
재공고,LDH0132,2,02440,***,발칸 고무판 등 13종 구매,2022,LDH,육군종합정비창,제한경쟁,총액제,적격심사제,202202211300,20220221,유찰
재공고,LDH0136,2,02452,***,발칸 램프홀더 구매,2022,LDH,육군종합정비창,제한경쟁,총액제,적격심사제,202202211300,20220221,유찰
재공고,LDH0145,2,02487,***,발칸 전원공급기 구매,2022,LDH,육군종합정비창,제한경쟁,총액제,적격심사제,202202211300,20220221,유찰
긴급공고,LGC0009,1,03532,***,22년 학군 및 장교후보생 증식(음료) 구매,2022,LGC,육군학생군사학교,제한경쟁,총액제,적격심사제,202202211100,20220221,낙찰
긴급공고,LGC0010,1,03632,***,22년 학군 및 장교후보생 증식(빵) 제조,2022,LGC,육군학생군사학교,제한경쟁,총액제,적격심사제,202202211100,20220221,유찰
긴급공고,LHG0003,1,03119,***,22-12차GOP통합급수 2차 플렉시블 이중보호관 구매,2022,LHG,제1862부대,제한경쟁,총액제,적격심사제,202202211100,20220221,낙찰
긴급공고,LKT0004,1,03474,***,22년 지뢰제거작전 승합차 임차용역(보성),2022,LKT,제1989부대,수의계약,총액제,적격심사제,202202211530,20220221,유찰
긴급공고,LMG0004,1,01396,***,22년 예비군 도시락 제조납품,2022,LMG,제6군단사령부,수의계약,총액제,최저가격제,202202211300,20220221,유찰
재공고,MCD0003,2,00764,***,국방전직교육원 조직진단 및 기능강화 방안연구,2022,MCD,국방부(운영지원과),협상에의한계약(전자),총액제,최저가격제,202202211100,20220221,낙찰
정정공고,MDD0022,6,01673,***,2022년 국군수도병원 의료폐기물 위탁처리 용역계약,2022,MDD,국군수도병원,제한경쟁,총액제,적격심사제,202202211100,20220221,낙찰
정정공고,MDD0021,3,01710,***,2022년 국군수도병원 음식물폐기물 위탁처리 용역,2022,MDD,국군수도병원,일반경쟁,총액제,적격심사제,202202211100,20220221,낙찰
긴급공고,MDD0024,1,02524,***,2022년 코로나19 PCR 진단검사시약 구매,2022,MDD,국군수도병원,수의계약,총액제,적격심사제,202202211100,20220221,유찰
정정공고,MDL0002,2,01368,***,군사문헌집(용사잡록) 국문번역 용역,2022,MDL,국방부군사편찬연구소,협상에의한계약(전자),총액제,최저가격제,202202211100,20220221,낙찰
재공고,MHD0008,2,01541,***,방위사업에 특화된 계약법 제정을 위한 연구,2022,MHD,방위사업청(운영지원과),협상에의한계약(전자),총액제,최저가격제,202202211500,20220221,낙찰
긴급공고,SCP0013,1,03390,***,이온음료 등 104종 구매,2022,SCP,제8385부대,일반경쟁,총액제,적격심사제,202202211030,20220221,낙찰
긴급공고,SCP0014,1,03400,***,오렌지 등 14종 구매,2022,SCP,제8385부대,제한경쟁,총액제,적격심사제,202202211030,20220221,낙찰
긴급공고,SCP0015,1,03413,***,수육용돼지고기 등 8종 구매,2022,SCP,제8385부대,제한경쟁,총액제,적격심사제,202202211030,20220221,낙찰
긴급공고,SFC0014,1,03385,***,의료기기 안과세극동장치 등 2품목 구매,2022,SFC,제9691부대,제한경쟁,총액제,적격심사제,202202211100,20220221,낙찰
정상공고,UMM0045,1,02237,***,22-美 해군 6.25전쟁 분석자료 번역 용역,2022,UMM,국군재정관리단,제한경쟁,총액제,적격심사제,202202211100,20220221,낙찰
긴급공고,LCG0009,1,00778,***,과학화경계시스템 정비지원체계 운영분석 연구용역,2022,LCG,육군본부,2단계경쟁(동시),총액제,최저가격제,202202181000,20220218,낙찰
긴급공고,LCG0008,1,01126,***,군사용 인공지능 윤리적 평가 및 검증요소 연구 용역,2022,LCG,육군본부,협상에의한계약(전자),총액제,최저가격제,202202181000,20220218,낙찰
재공고,MDD0005,2,00541,***,2022년 국군수도병원 의약품(마약) 구매계약,2022,MDD,국군수도병원,수의계약,총액제,적격심사제,202202181100,20220218,유찰
재공고,MDD0004,3,00619,***,2022년 국군수도병원 구충구서 방제용역,2022,MDD,국군수도병원,수의계약,총액제,적격심사제,202202181100,20220218,유찰
긴급공고,MDD0008,1,01072,***,외상성 출혈 시 혈관 내 지혈술 개발 연구용역,2022,MDD,국군수도병원,수의계약,총액제,최저가격제,202202181030,20220218,유찰
긴급공고,MDD0009,1,01075,***,군의료 특성화 연구용역(말라리아 발생 예측연구),2022,MDD,국군수도병원,협상에의한계약(전자),총액제,최저가격제,202202181030,20220218,유찰
정상공고,MDD0019,1,01420,***,2022년 조달 의무장비(환자관찰장치 이동형) 구매,2022,MDD,국군수도병원,제한경쟁,총액제,적격심사제,202202181100,20220218,낙찰
긴급공고,MHD0009,1,01841,***,통신중계드론 사업분석,2022,MHD,방위사업청(운영지원과),협상에의한계약(전자),총액제,최저가격제,202202181500,20220218,낙찰
긴급공고,MHD0010,1,01849,***,전술정찰정보수집체계 경미한 성능개량 사업분석,2022,MHD,방위사업청(운영지원과),협상에의한계약(전자),총액제,최저가격제,202202181500,20220218,낙찰
긴급공고,MHD0011,1,01855,***,탄도수정신관 사업분석,2022,MHD,방위사업청(운영지원과),협상에의한계약(전자),총액제,최저가격제,202202181500,20220218,낙찰
긴급공고,MHD0012,1,01872,***,단안형 야간투시경 경미한 성능개량 사업분석,2022,MHD,방위사업청(운영지원과),협상에의한계약(전자),총액제,최저가격제,202202181500,20220218,낙찰
정상공고,UMM0030,1,00233,***,(22F004-I) '22년 사단의무대 외진버스 민간용역,2022,UMM,국군재정관리단,일반경쟁,총액제,적격심사제,202202181100,20220218,낙찰
정상공고,UMM0041,1,00781,***,22-공-구두솔 등 5품목 구매,2022,UMM,국군재정관리단,제한경쟁,총액제,적격심사제,202202181100,20220218,낙찰
정상공고,UMM0027,1,01661,***,(226018-D)줄날 구매,2022,UMM,국군재정관리단,제한경쟁,총액제,적격심사제,202202181100,20220218,낙찰
정상공고,UMM0039,1,02936,***,'22년 학습포털 및 무선기반 학습체계 통합 유지보수,2022,UMM,국군재정관리단,제한경쟁,총액제,적격심사제,202202181100,20220218,낙찰
긴급공고,HCF0007,1,01290,***,보존식 냉동고 등 3종,2022,HCF,공군군수사령부,제한경쟁,총액제,적격심사제,202202171030,20220217,유찰
긴급공고,HCF0009,1,02931,***,보냉고 등 13종 구매,2022,HCF,공군군수사령부,제한경쟁,총액제,적격심사제,202202171030,20220217,낙찰
정상공고,LCF0014,1,01664,***,"500MD헬기 지시계,진로 방향표시-R용 등 2종 정비",2022,LCF,육군군수사령부,수의계약,총액제,적격심사제,202202171030,20220217,유찰
긴급공고,LCK0006,1,03087,001,00부대 음식물쓰레기 위탁처리 용역(22-002),2022,LCK,수도방위사령부,제한경쟁,단가제,적격심사제,202202171030,20220217,낙찰
긴급공고,LDC0004,1,03069,***,교전장비 수리부속 구매(2차),2022,LDC,육군과학화전투훈련단,일반경쟁,총액제,적격심사제,202202171030,20220217,유찰
재공고,LDH0027,2,02010,***,K9자주포 너트 등 19종 구매,2022,LDH,육군종합정비창,제한경쟁,총액제,적격심사제,202202171300,20220217,낙찰
재공고,LDH0055,2,02094,***,K21장갑차 스프링 등 23종 구매,2022,LDH,육군종합정비창,제한경쟁,총액제,적격심사제,202202171300,20220217,유찰
재공고,LDH0062,2,02106,***,K55자주포 기어세트 등 13종 구매,2022,LDH,육군종합정비창,제한경쟁,총액제,적격심사제,202202171300,20220217,유찰
정상공고,LDH0159,1,02754,***,UH-60 와셔 등 11종 구매,2022,LDH,육군종합정비창,수의계약,총액제,적격심사제,202202171300,20220217,유찰
정상공고,LDH0161,1,02761,***,K1전차 어댑터 등 8종 구매,2022,LDH,육군종합정비창,제한경쟁,총액제,적격심사제,202202171300,20220217,유찰
긴급공고,LHD0008,1,03127,***,(1010)군수지원대대 신축(오버헤드크레인 설치납품),2022,LHD,제21보병사단,제한경쟁,총액제,적격심사제,202202171100,20220217,낙찰
긴급공고,LHD0009,1,03131,***,(1009)군수지원대대 신축(오버헤드크레인 설치납품),2022,LHD,제21보병사단,제한경쟁,총액제,적격심사제,202202171100,20220217,낙찰
정정공고,LHQ0012,2,02910,***,2작사 연병장 개선공사(전광판),2022,LHQ,제2작전사령부,일반경쟁,총액제,적격심사제,202202171030,20220217,낙찰
정상공고,MDD0016,1,01418,***,2022년 국군수도병원 의료가스 구매,2022,MDD,국군수도병원,제한경쟁,총액제,적격심사제,202202171100,20220217,유찰
정상공고,MDD0017,1,01419,***,2022 국군수도병원 보장구69품목 부대계약,2022,MDD,국군수도병원,수의계약,총액제,적격심사제,202202171100,20220217,유찰
정상공고,MDD0018,1,01421,***,2022년 국군수도병원 재활의학과 슬링셋 구매,2022,MDD,국군수도병원,제한경쟁,총액제,적격심사제,202202171100,20220217,낙찰
정정공고,MDD0015,2,01422,***,2022년 국군수도병원 의약품 36품목 구매,2022,MDD,국군수도병원,제한경쟁,총액제,적격심사제,202202171100,20220217,낙찰
정상공고,MDG0014,1,01842,***,22년 의무장비(간섭파치료기) 구매,2022,MDG,국군의무사령부,제한경쟁,총액제,적격심사제,202202171100,20220217,낙찰
정상공고,MDG0015,1,01851,***,22년 의무장비(소독물품포장기) 구매,2022,MDG,국군의무사령부,일반경쟁,총액제,적격심사제,202202171100,20220217,낙찰
정상공고,MDG0016,1,01860,***,22년 의무장비(수욕기 일반용(사지용)) 구매,2022,MDG,국군의무사령부,제한경쟁,총액제,적격심사제,202202171100,20220217,낙찰
정상공고,MDG0017,1,01861,***,22년 의무장비(슬링셋) 구매,2022,MDG,국군의무사령부,제한경쟁,총액제,적격심사제,202202171100,20220217,낙찰
정상공고,MDG0018,1,01864,***,22년 의무장비(침대자동식 응급실용) 구매,2022,MDG,국군의무사령부,제한경쟁,총액제,적격심사제,202202171100,20220217,유찰
정정공고,MDL0001,2,01357,***,2022년 베트남 파병장병 증언청취 용역,2022,MDL,국방부군사편찬연구소,수의계약,총액제,최저가격제,202202171100,20220217,유찰
긴급공고,SCF0109,1,02209,001,굴소스 구매,2022,SCF,해군군수사령부,제한경쟁,단가제,적격심사제,202202171030,20220217,낙찰
긴급공고,SCF0108,1,02215,001,두반장소스 구매,2022,SCF,해군군수사령부,제한경쟁,단가제,적격심사제,202202171030,20220217,유찰
긴급공고,SCF0054,1,02293,***,"(긴급) 시일 링, 금속제 등 32종 구매",2022,SCF,해군군수사령부,제한경쟁,총액제,적격심사제,202202171030,20220217,낙찰
긴급공고,SCF0106,1,02317,001,양송이스프 구매,2022,SCF,해군군수사령부,제한경쟁,단가제,적격심사제,202202171030,20220217,낙찰
긴급공고,SCF0105,1,02318,001,발사믹드레싱 구매,2022,SCF,해군군수사령부,제한경쟁,단가제,적격심사제,202202171030,20220217,낙찰
긴급공고,SCF0104,1,02319,001,볶음춘장 구매,2022,SCF,해군군수사령부,제한경쟁,단가제,적격심사제,202202171030,20220217,낙찰
긴급공고,SCF0103,1,02321,001,크림파스타소스 구매,2022,SCF,해군군수사령부,제한경쟁,단가제,적격심사제,202202171030,20220217,낙찰
긴급공고,SCF0101,1,02323,001,삼색푸실리 구매,2022,SCF,해군군수사령부,제한경쟁,단가제,적격심사제,202202171030,20220217,낙찰
긴급공고,SCF0099,1,02324,001,데리야끼소스 구매,2022,SCF,해군군수사령부,제한경쟁,단가제,적격심사제,202202171030,20220217,낙찰
긴급공고,SCF0098,1,02325,001,카레가루 구매,2022,SCF,해군군수사령부,제한경쟁,단가제,적격심사제,202202171030,20220217,낙찰
긴급공고,SCF0097,1,02341,001,오리엔탈드레싱 구매,2022,SCF,해군군수사령부,제한경쟁,단가제,적격심사제,202202171030,20220217,낙찰
긴급공고,SCF0087,1,02345,001,칠리소스 구매,2022,SCF,해군군수사령부,제한경쟁,단가제,적격심사제,202202171030,20220217,유찰
긴급공고,SCF0095,1,02348,001,스위트콘 구매,2022,SCF,해군군수사령부,제한경쟁,단가제,적격심사제,202202171030,20220217,낙찰
긴급공고,SCF0092,1,02357,001,키위 드레싱 구매,2022,SCF,해군군수사령부,제한경쟁,단가제,적격심사제,202202171030,20220217,낙찰
긴급공고,SCF0090,1,02368,001,감자튀김 시즈닝 파우더 구매,2022,SCF,해군군수사령부,제한경쟁,단가제,적격심사제,202202171030,20220217,낙찰
긴급공고,SCF0089,1,02369,001,소고기스프 구매,2022,SCF,해군군수사령부,제한경쟁,단가제,적격심사제,202202171030,20220217,낙찰
긴급공고,SCF0088,1,02371,001,고추기름 구매,2022,SCF,해군군수사령부,제한경쟁,단가제,적격심사제,202202171030,20220217,낙찰
긴급공고,SCF0053,1,02437,***,"(긴급) 충전기, 전지용 등 9종 구매",2022,SCF,해군군수사령부,제한경쟁,총액제,적격심사제,202202171030,20220217,낙찰
긴급공고,SCF0096,1,03160,001,캡사이신소스 구매,2022,SCF,해군군수사령부,제한경쟁,단가제,적격심사제,202202171030,20220217,낙찰
긴급공고,SFG0014,1,03041,***,22-K-식기세척기 임차 용역,2022,SFG,제9181부대,일반경쟁,총액제,적격심사제,202202171030,20220217,낙찰
정상공고,UMM0025,1,00174,***,"(226001-B) 22년 무공훈장(을지,충무,화랑) 제조",2022,UMM,국군재정관리단,일반경쟁,총액제,적격심사제,202202171100,20220217,낙찰
정상공고,UMM0023,1,01103,***,(22F004-G)'22년~'23년 워게임모델 장비정비 통합사업,2022,UMM,국군재정관리단,일반경쟁,총액제,적격심사제,202202171100,20220217,낙찰
정상공고,UMM0037,1,01485,***,22-공-자동차용 리프트(4주식) 구매설치,2022,UMM,국군재정관리단,제한경쟁,총액제,적격심사제,202202171100,20220217,낙찰
정상공고,UMM0036,1,02695,***,'22년 공군 초단기 예경보체계 유지보수(22J008-F),2022,UMM,국군재정관리단,제한경쟁,총액제,적격심사제,202202171100,20220217,낙찰
긴급공고,HCC0005,1,02954,***,"페룰, 압축용, 튜브이음용 등 10품목 구매(22012)",2022,HCC,해군제1수리창,제한경쟁,총액제,적격심사제,202202161030,20220216,낙찰
긴급공고,HCF0006,1,02017,***,송증 등 2종 구매,2022,HCF,공군군수사령부,제한경쟁,총액제,적격심사제,202202161030,20220216,낙찰
긴급공고,HCF0005,1,02169,***,모래주머니 제조,2022,HCF,공군군수사령부,제한경쟁,총액제,적격심사제,202202161030,20220216,낙찰
긴급공고,LDC0003,1,02837,***,'22년 음식물쓰레기 처리용역,2022,LDC,육군과학화전투훈련단,제한경쟁,총액제,적격심사제,202202161030,20220216,유찰
재공고,LDH0011,2,01008,***,(자재) 안티겔링 등 25종 구매,2022,LDH,육군종합정비창,수의계약,총액제,적격심사제,202202161300,20220216,유찰
정상공고,LDH0149,1,02516,***,발칸 계전기 3종 구매,2022,LDH,육군종합정비창,제한경쟁,총액제,적격심사제,202202161300,20220216,낙찰
정상공고,LDH0153,1,02549,***,K9자주포 엘보 등 6종 구매,2022,LDH,육군종합정비창,제한경쟁,총액제,적격심사제,202202161300,20220216,유찰
정상공고,LDH0154,1,02552,***,K9자주포 플런저 등 4종 구매,2022,LDH,육군종합정비창,수의계약,총액제,적격심사제,202202161300,20220216,유찰
정상공고,LDH0157,1,02578,***,K9자주포 핀 등 17종 구매,2022,LDH,육군종합정비창,제한경쟁,총액제,적격심사제,202202161300,20220216,낙찰
긴급공고,LGP0017,1,02913,***,22년 통신 민수용감시장비 외주정비,2022,LGP,제1군수지원사령부,일반경쟁,총액제,적격심사제,202202161100,20220216,유찰
긴급공고,LGP0019,1,02927,***,22년 통신 고속지령대 외주정비,2022,LGP,제1군수지원사령부,일반경쟁,총액제,적격심사제,202202161100,20220216,유찰
긴급공고,LGP0020,1,02928,***,22년 지정폐기물 처리(경기권역),2022,LGP,제1군수지원사령부,일반경쟁,총액제,적격심사제,202202161100,20220216,유찰
긴급공고,LGP0021,1,02935,***,22년 지정폐기물 처리(강원권역),2022,LGP,제1군수지원사령부,일반경쟁,총액제,적격심사제,202202161100,20220216,유찰
재공고,LKP0002,2,01412,001,'22년 삼일절 경축특식(마카롱) 제조,2022,LKP,5군수지원사령부,제한경쟁,단가제,적격심사제,202202161100,20220216,낙찰
긴급공고,LMH0005,1,03009,***,22년 음식물쓰레기 처리 용역,2022,LMH,제7군단,일반경쟁,총액제,적격심사제,202202161030,20220216,순위확정
정정공고,LNC0001,2,02594,***,22년 음식물쓰레기 처리용역,2022,LNC,제2067부대,제한경쟁,총액제,적격심사제,202202161100,20220216,낙찰
긴급공고,LPG0002,1,02855,***,GOP 종심지역 CCTV 설치 납품,2022,LPG,제5보병사단,제한경쟁,총액제,적격심사제,202202161100,20220216,낙찰
정상공고,MCN0006,1,02568,***,00지역 카본 필터 구매(설치납품),2022,MCN,국방부근무지원단,일반경쟁,총액제,적격심사제,202202161030,20220216,낙찰
긴급공고,SCF0027,1,00830,***,전기소작기 사단동 등 4종 구매,2022,SCF,해군군수사령부,제한경쟁,총액제,적격심사제,202202161030,20220216,낙찰
긴급공고,SCF0026,1,01320,***,전기치료기 초음파발생형 1종 구매,2022,SCF,해군군수사령부,제한경쟁,총액제,적격심사제,202202161030,20220216,낙찰
긴급공고,SCF0028,1,01362,***,견인치료기 경요추용 1종 구매,2022,SCF,해군군수사령부,제한경쟁,총액제,적격심사제,202202161030,20220216,낙찰
재공고,SCF0010,2,01699,001,감자수제비 구매,2022,SCF,해군군수사령부,제한경쟁,단가제,적격심사제,202202161030,20220216,낙찰
재공고,SCF0016,2,01715,001,멸치고추장 볶음 구매,2022,SCF,해군군수사령부,제한경쟁,단가제,적격심사제,202202161030,20220216,낙찰
긴급공고,SCF0085,1,02071,001,스크램블에그 구매,2022,SCF,해군군수사령부,제한경쟁,단가제,적격심사제,202202161030,20220216,낙찰
긴급공고,SCF0083,1,02073,001,야채 고기말이 구매,2022,SCF,해군군수사령부,제한경쟁,단가제,적격심사제,202202161030,20220216,낙찰
긴급공고,SCF0082,1,02074,001,깐풍기 구매,2022,SCF,해군군수사령부,제한경쟁,단가제,적격심사제,202202161030,20220216,낙찰
긴급공고,SCF0081,1,02075,001,칠리새우 구매,2022,SCF,해군군수사령부,제한경쟁,단가제,적격심사제,202202161030,20220216,낙찰
긴급공고,SCF0080,1,02078,001,오징어 튀김 구매,2022,SCF,해군군수사령부,제한경쟁,단가제,적격심사제,202202161030,20220216,낙찰
긴급공고,SCF0078,1,02084,001,꿔바로우 구매,2022,SCF,해군군수사령부,제한경쟁,단가제,적격심사제,202202161030,20220216,낙찰
긴급공고,SCF0077,1,02087,001,해물완자 구매,2022,SCF,해군군수사령부,제한경쟁,단가제,적격심사제,202202161030,20220216,낙찰
긴급공고,SCF0075,1,02090,001,순살햄 구매,2022,SCF,해군군수사령부,수의계약,단가제,적격심사제,202202161030,20220216,유찰
긴급공고,SCF0076,1,02099,001,돈까스 구매,2022,SCF,해군군수사령부,제한경쟁,단가제,적격심사제,202202161030,20220216,낙찰
긴급공고,SCF0051,1,02234,***,"(긴급)스위치, 압력식 등 6종",2022,SCF,해군군수사령부,제한경쟁,총액제,적격심사제,202202161030,20220216,낙찰
긴급공고,SFC0010,1,02916,***,22-덕-팬꽂이 등 998품목 구매,2022,SFC,제9691부대,제한경쟁,총액제,적격심사제,202202161100,20220216,낙찰
긴급공고,SFM0023,1,03116,***,해병대 KAAV 해상보험 용역,2022,SFM,제3170부대,수의계약,총액제,적격심사제,202202161030,20220216,유찰
정상공고,UMM0035,1,00759,***,22년 국빈행사장 조경용역,2022,UMM,국군재정관리단,제한경쟁,총액제,적격심사제,202202161100,20220216,낙찰
연기공고,UMM0029,2,01106,***,마취기 야전용 1종 3EA 구매,2022,UMM,국군재정관리단,제한경쟁,총액제,적격심사제,202202161100,20220216,낙찰
정상공고,UMM0034,1,01246,***,22-해-소형 사단용 생화학자동분석기 구매,2022,UMM,국군재정관리단,제한경쟁,총액제,적격심사제,202202161100,20220216,낙찰
정상공고,UMM0033,1,01317,***,22-해병-군악물자 구매,2022,UMM,국군재정관리단,제한경쟁,총액제,적격심사제,202202161100,20220216,낙찰
정상공고,UMM0032,1,01342,***,22-공-신호처리기용 시험세트 구매,2022,UMM,국군재정관리단,제한경쟁,총액제,적격심사제,202202161100,20220216,낙찰
긴급공고,HCF0003,1,01224,***,스텐판 등 57종 구매,2022,HCF,공군군수사령부,제한경쟁,총액제,적격심사제,202202151030,20220215,유찰
긴급공고,HCF0004,1,01585,***,플라스틱 성형재 등 7종 구매,2022,HCF,공군군수사령부,제한경쟁,총액제,적격심사제,202202151030,20220215,낙찰
정상공고,LCF0005,1,00884,***,물통 등 11항목 구매(일반물자),2022,LCF,육군군수사령부,제한경쟁,총액제,적격심사제,202202151030,20220215,낙찰
정상공고,LCF0005,1,01228,***,"스타키넷,외과용 등 8항목 구매(의무)",2022,LCF,육군군수사령부,제한경쟁,총액제,적격심사제,202202151130,20220215,낙찰
정상공고,LCF0006,1,01244,***,"캐비넷,외과 기구용 등 14항목 구매(의무)",2022,LCF,육군군수사령부,제한경쟁,총액제,적격심사제,202202151130,20220215,낙찰
정상공고,LCF0012,1,01251,***,"진료대,진찰용 등 18항목 구매(의무)",2022,LCF,육군군수사령부,제한경쟁,총액제,적격심사제,202202151130,20220215,낙찰
정상공고,LCF0013,1,01259,***,"등,마루용(진료보조등) 등 41항목 구매(의무)",2022,LCF,육군군수사령부,제한경쟁,총액제,적격심사제,202202151130,20220215,낙찰
정상공고,LCF0011,1,01323,***,"걸상,직립형 등 34항목 구매(의무)",2022,LCF,육군군수사령부,제한경쟁,총액제,적격심사제,202202151130,20220215,낙찰
정상공고,LCF0007,1,01348,***,"봉투,소독용 등 12항목 구매(의무)",2022,LCF,육군군수사령부,제한경쟁,총액제,적격심사제,202202151130,20220215,낙찰
정상공고,LCF0008,1,01428,***,"신장계, 체중계 자동측정기 등 4항목 구매(의무)",2022,LCF,육군군수사령부,제한경쟁,총액제,적격심사제,202202151130,20220215,낙찰
정상공고,LCF0009,1,01474,***,목발 석고용 신발 등 6항목 구매(의무),2022,LCF,육군군수사령부,제한경쟁,총액제,적격심사제,202202151130,20220215,낙찰
정상공고,LCF0010,1,01578,***,"병,원통형 등 5품목 구매(의무)",2022,LCF,육군군수사령부,제한경쟁,총액제,적격심사제,202202151130,20220215,순위확정
정상공고,LCF0015,1,01819,***,방사능 측정기 1항목 구매(화생방장비),2022,LCF,육군군수사령부,제한경쟁,총액제,적격심사제,202202151030,20220215,낙찰
정상공고,LCF0014,1,01835,***,소화약제 등 5항목 구매(화생방물자),2022,LCF,육군군수사령부,제한경쟁,총액제,적격심사제,202202151030,20220215,유찰
정상공고,LCF0012,1,01846,***,화물결박용 밴드 1항목 구매(일반물자),2022,LCF,육군군수사령부,제한경쟁,총액제,적격심사제,202202151030,20220215,낙찰
정상공고,LCF0011,1,01856,***,비닐봉투 등 9항목 구매(일반물자),2022,LCF,육군군수사령부,제한경쟁,총액제,적격심사제,202202151030,20220215,낙찰
정상공고,LCF0010,1,01865,***,표정지 등 3항목 구매(일반물자),2022,LCF,육군군수사령부,수의계약,총액제,적격심사제,202202151030,20220215,유찰
정상공고,LCF0009,1,01871,***,비닐끈 등 12항목 구매(일반물자),2022,LCF,육군군수사령부,제한경쟁,총액제,적격심사제,202202151030,20220215,유찰
정상공고,LCF0008,1,01878,***,꼬리표 등 3항목 구매(일반물자),2022,LCF,육군군수사령부,제한경쟁,총액제,적격심사제,202202151030,20220215,낙찰
정상공고,LCF0007,1,01882,***,플라스틱 상자 등 3항목 구매(일반물자),2022,LCF,육군군수사령부,제한경쟁,총액제,적격심사제,202202151030,20220215,낙찰
정상공고,LCF0006,1,01886,***,냉각수 첨가제 1항목 구매(유류물자),2022,LCF,육군군수사령부,제한경쟁,총액제,적격심사제,202202151030,20220215,낙찰
긴급공고,LCJ0006,1,02401,***,'22년 자동화창고 외주정비 및 유지관리 용역,2022,LCJ,종합보급창,제한경쟁,총액제,적격심사제,202202151100,20220215,낙찰
긴급공고,LCM0005,1,02170,***,'22년 대대급 교전훈련장비 유지보수 용역,2022,LCM,육군교육사령부,수의계약,총액제,적격심사제,202202151030,20220215,유찰
정상공고,LDH0115,1,02340,***,통신장비 트랜지스터 구매,2022,LDH,육군종합정비창,제한경쟁,총액제,적격심사제,202202151300,20220215,유찰
정상공고,LDH0117,1,02352,***,통신장비 케이블조립체 등 17종 구매,2022,LDH,육군종합정비창,제한경쟁,총액제,적격심사제,202202151300,20220215,낙찰
정상공고,LDH0121,1,02380,***,총포 베어링 2종 구매,2022,LDH,육군종합정비창,제한경쟁,총액제,적격심사제,202202151300,20220215,낙찰
정상공고,LDH0124,1,02386,***,총포 십자선 구매,2022,LDH,육군종합정비창,제한경쟁,총액제,적격심사제,202202151300,20220215,순위확정
정상공고,LDH0125,1,02393,***,총포 연결기 등 17종 구매,2022,LDH,육군종합정비창,제한경쟁,총액제,적격심사제,202202151300,20220215,낙찰
정상공고,LDH0126,1,02395,***,총포 튜브조립체 2종 구매,2022,LDH,육군종합정비창,제한경쟁,총액제,적격심사제,202202151300,20220215,낙찰
정상공고,LDH0130,1,02412,***,천마 스프링 등 17종 구매,2022,LDH,육군종합정비창,제한경쟁,총액제,적격심사제,202202151300,20220215,유찰
정상공고,LDH0132,1,02440,***,발칸 고무판 등 13종 구매,2022,LDH,육군종합정비창,제한경쟁,총액제,적격심사제,202202151300,20220215,유찰
정상공고,LDH0133,1,02442,***,발칸 나사 등 11종 구매,2022,LDH,육군종합정비창,제한경쟁,총액제,적격심사제,202202151300,20220215,낙찰
정상공고,LDH0134,1,02446,***,발칸 나사 등 32종 구매,2022,LDH,육군종합정비창,제한경쟁,총액제,적격심사제,202202151300,20220215,낙찰
정상공고,LDH0135,1,02451,***,발칸 덮개 등 8종 구매,2022,LDH,육군종합정비창,제한경쟁,총액제,적격심사제,202202151300,20220215,낙찰
정상공고,LDH0138,1,02455,***,발칸 백열등 등 7종 구매,2022,LDH,육군종합정비창,제한경쟁,총액제,적격심사제,202202151300,20220215,낙찰
정상공고,LDH0139,1,02474,***,발칸 베어링 등 7종 구매,2022,LDH,육군종합정비창,제한경쟁,총액제,적격심사제,202202151300,20220215,낙찰
정상공고,LDH0140,1,02475,***,발칸 베이스 구매,2022,LDH,육군종합정비창,수의계약,총액제,적격심사제,202202151300,20220215,유찰
정상공고,LDH0142,1,02478,***,발칸 볼트 등 30종 구매,2022,LDH,육군종합정비창,제한경쟁,총액제,적격심사제,202202151300,20220215,낙찰
정상공고,LDH0143,1,02483,***,발칸 왼쪽앞판 등 12종 구매,2022,LDH,육군종합정비창,제한경쟁,총액제,적격심사제,202202151300,20220215,낙찰
정상공고,LDH0144,1,02486,***,발칸 유압손잡이 등 29종 구매,2022,LDH,육군종합정비창,제한경쟁,총액제,적격심사제,202202151300,20220215,낙찰
정상공고,LDH0145,1,02487,***,발칸 전원공급기 구매,2022,LDH,육군종합정비창,제한경쟁,총액제,적격심사제,202202151300,20220215,유찰
정상공고,LDH0148,1,02496,***,발칸 핀 등 23종 구매,2022,LDH,육군종합정비창,제한경쟁,총액제,적격심사제,202202151300,20220215,낙찰
긴급공고,LFC0005,1,02514,***,21-충-육-15D 야외강의장 냉난방기 구매설치,2022,LFC,육군훈련소,제한경쟁,총액제,적격심사제,202202151030,20220215,낙찰
긴급공고,LGT0004,1,02833,***,22년 음식물쓰레기 위탁처리 용역,2022,LGT,제2307부대,제한경쟁,총액제,적격심사제,202202151030,20220215,낙찰
긴급공고,LHD0005,1,02554,***,(1005)군수지원대대 신축(우레탄패널 설치납품),2022,LHD,제21보병사단,제한경쟁,총액제,적격심사제,202202151030,20220215,낙찰
긴급공고,LHD0006,1,02645,***,(1006)군수지원대대 신축(우레탄패널 설치납품),2022,LHD,제21보병사단,제한경쟁,총액제,적격심사제,202202151030,20220215,낙찰
긴급공고,LHD0007,1,02646,***,(1007)군수지원대대 신축(우레탄패널 설치납품),2022,LHD,제21보병사단,제한경쟁,총액제,적격심사제,202202151030,20220215,낙찰
긴급공고,LKT0003,1,02701,***,"'22년 지뢰제거작전 공압기 임차용역(나주, 보성)",2022,LKT,제1989부대,수의계약,총액제,적격심사제,202202151030,20220215,유찰
긴급공고,LNG0026,1,02753,***,00부대 장갑차유개호 신축 등 3건(22-북-135),2022,LNG,육군 제1군단,제한경쟁,총액제,적격심사제,202202151030,20220215,낙찰
긴급공고,LNG0027,1,02760,***,00부대 취사식당 신축 등 3건(22-북-162),2022,LNG,육군 제1군단,제한경쟁,총액제,적격심사제,202202151030,20220215,낙찰
긴급공고,LPM0001,1,02662,***,음식물쓰레기 위탁처리 용역,2022,LPM,제9보병사단사령부,일반경쟁,총액제,적격심사제,202202151030,20220215,낙찰
정상공고,MCD0005,1,01500,***,22년 국방부 미디어 트레이닝 교육,2022,MCD,국방부(운영지원과),수의계약,총액제,최저가격제,202202151100,20220215,유찰
정상공고,MCD0004,1,01649,***,23~27 국방양성평등정책기본계획작성방향 연구,2022,MCD,국방부(운영지원과),수의계약,총액제,최저가격제,202202151100,20220215,유찰
재공고,MCR0003,2,00299,***,2022년 어학 강좌 운영 위탁업체 선정,2022,MCR,국방대학교,협상에의한계약(전자),총액제,최저가격제,202202151100,20220215,낙찰
정상공고,MDG0007,1,01223,***,22년 의무장비(공기식드릴 신경외과용) 구매,2022,MDG,국군의무사령부,제한경쟁,총액제,적격심사제,202202151100,20220215,낙찰
정상공고,MDG0008,1,01229,***,22년 의무장비(청력검사실) 구매,2022,MDG,국군의무사령부,제한경쟁,총액제,적격심사제,202202151100,20220215,낙찰
정상공고,MDG0009,1,01230,***,22년 의무장비(청력계 임피던스) 구매,2022,MDG,국군의무사령부,제한경쟁,총액제,적격심사제,202202151100,20220215,낙찰
정상공고,MDG0010,1,01332,***,22년 의무장비(냉동치료기) 구매,2022,MDG,국군의무사령부,제한경쟁,총액제,적격심사제,202202151100,20220215,낙찰
정상공고,MDG0011,1,01334,***,22년 의무장비(기구세척기초음파 치과용등 2품목)구매,2022,MDG,국군의무사령부,제한경쟁,총액제,적격심사제,202202151100,20220215,낙찰
정상공고,MDG0012,1,01337,***,22년 의무장비(핸드피스 소독기) 구매,2022,MDG,국군의무사령부,제한경쟁,총액제,적격심사제,202202151100,20220215,낙찰
정상공고,MDG0013,1,01340,***,22년 코로나19 의무장비(음압휠체어) 구매,2022,MDG,국군의무사령부,일반경쟁,총액제,적격심사제,202202151100,20220215,낙찰
긴급공고,MDK0009,1,02530,***,22년 전군지원 택배 수송용역,2022,MDK,국군수송사령부,일반경쟁,총액제,적격심사제,202202151030,20220215,낙찰
긴급공고,SCF0020,1,00421,***,"계수기, 전자식, 숫자판독식 1SE 구매",2022,SCF,해군군수사령부,제한경쟁,총액제,적격심사제,202202151030,20220215,낙찰
재공고,SCF0010,2,00645,***,`22년 빌지수거 수송용역,2022,SCF,해군군수사령부,수의계약,총액제,적격심사제,202202151030,20220215,유찰
긴급공고,SCF0018,1,00693,***,이동식 파렛 랩핑기 2set 구매,2022,SCF,해군군수사령부,제한경쟁,총액제,적격심사제,202202151030,20220215,순위확정
긴급공고,SCF0017,1,00699,***,보호안경 산업용 등 6종 구매,2022,SCF,해군군수사령부,제한경쟁,총액제,적격심사제,202202151030,20220215,순위확정
긴급공고,SCF0014,1,00703,***,레이저프린트 1SET 구매,2022,SCF,해군군수사령부,제한경쟁,총액제,적격심사제,202202151030,20220215,순위확정
긴급공고,SCF0019,1,00762,***,고무판 등 12종 구매,2022,SCF,해군군수사령부,제한경쟁,총액제,적격심사제,202202151030,20220215,낙찰
긴급공고,SCF0021,1,00768,***,전기다리미 1종 구매,2022,SCF,해군군수사령부,제한경쟁,총액제,적격심사제,202202151030,20220215,낙찰
긴급공고,SCF0015,1,00799,***,비석면가스켓 등 3종 구매,2022,SCF,해군군수사령부,제한경쟁,총액제,적격심사제,202202151030,20220215,낙찰
긴급공고,SCF0022,1,00824,***,가스농도측정기 등 2종 구매,2022,SCF,해군군수사령부,제한경쟁,총액제,적격심사제,202202151030,20220215,낙찰
긴급공고,SCF0023,1,01159,***,"의자, 식탁용(플라스틱제) 1종 구매",2022,SCF,해군군수사령부,제한경쟁,총액제,적격심사제,202202151030,20220215,낙찰
긴급공고,SCF0025,1,01161,***,만능경도시험기 1종 구매,2022,SCF,해군군수사령부,제한경쟁,총액제,적격심사제,202202151030,20220215,낙찰
긴급공고,SCF0016,1,01198,***,소독기 소형 1종 구매,2022,SCF,해군군수사령부,제한경쟁,총액제,적격심사제,202202151030,20220215,낙찰
긴급공고,SCF0048,1,01203,***,"(긴급)부호기,축각 디지털 표시식 1종",2022,SCF,해군군수사령부,제한경쟁,총액제,적격심사제,202202151030,20220215,낙찰
긴급공고,SCF0036,1,01679,***,플러스펜 등 925종,2022,SCF,해군군수사령부,제한경쟁,총액제,적격심사제,202202151030,20220215,낙찰
긴급공고,SCF0026,1,01749,***,LA소갈비(냉동) 등 3종 구매,2022,SCF,해군군수사령부,제한경쟁,총액제,적격심사제,202202151030,20220215,낙찰
긴급공고,SCF0027,1,01759,***,차돌박이(냉동/슬라이스) 등 3종 구매,2022,SCF,해군군수사령부,제한경쟁,총액제,적격심사제,202202151030,20220215,낙찰
긴급공고,SCF0033,1,01768,001,모듬해물 구매,2022,SCF,해군군수사령부,제한경쟁,단가제,적격심사제,202202151030,20220215,낙찰
긴급공고,SCF0028,1,01781,***,돼지삼겹살(냉동) 등 3종 구매,2022,SCF,해군군수사령부,제한경쟁,총액제,적격심사제,202202151030,20220215,낙찰
긴급공고,SCF0036,1,01784,001,뼈발골 닭다리 정육 구매,2022,SCF,해군군수사령부,제한경쟁,단가제,적격심사제,202202151030,20220215,낙찰
긴급공고,SCF0037,1,01786,001,훈제연어(덩어리/냉동) 구매,2022,SCF,해군군수사령부,제한경쟁,단가제,적격심사제,202202151030,20220215,낙찰
긴급공고,SCF0029,1,01787,***,돼지목심(냉동) 등 4종 구매,2022,SCF,해군군수사령부,제한경쟁,총액제,적격심사제,202202151030,20220215,낙찰
긴급공고,SCF0038,1,01791,001,씻어나온쌀 구매,2022,SCF,해군군수사령부,제한경쟁,단가제,적격심사제,202202151030,20220215,유찰
긴급공고,SCF0030,1,01793,***,거봉 등 14종 구매,2022,SCF,해군군수사령부,제한경쟁,총액제,적격심사제,202202151030,20220215,낙찰
긴급공고,SCF0039,1,01795,001,훈제연어(슬라이스) 구매,2022,SCF,해군군수사령부,제한경쟁,단가제,적격심사제,202202151030,20220215,낙찰
긴급공고,SCF0040,1,01797,001,깐메추리알 구매,2022,SCF,해군군수사령부,제한경쟁,단가제,적격심사제,202202151030,20220215,낙찰
긴급공고,SCF0041,1,01803,001,삼계탕한방재료 구매,2022,SCF,해군군수사령부,제한경쟁,단가제,적격심사제,202202151030,20220215,낙찰
긴급공고,SCF0042,1,01812,001,냉동피홍합 구매,2022,SCF,해군군수사령부,제한경쟁,단가제,적격심사제,202202151030,20220215,낙찰
긴급공고,SCF0043,1,01816,001,절단꽃게 구매,2022,SCF,해군군수사령부,제한경쟁,단가제,적격심사제,202202151030,20220215,낙찰
긴급공고,SCF0044,1,01818,001,재첩국(냉장) 구매,2022,SCF,해군군수사령부,제한경쟁,단가제,적격심사제,202202151030,20220215,낙찰
긴급공고,SCF0045,1,01820,001,김말이튀김 구매,2022,SCF,해군군수사령부,제한경쟁,단가제,적격심사제,202202151030,20220215,낙찰
긴급공고,SCF0046,1,01821,001,생선까스 구매,2022,SCF,해군군수사령부,제한경쟁,단가제,적격심사제,202202151030,20220215,낙찰
긴급공고,SCF0034,1,01833,001,냉동새우 구매,2022,SCF,해군군수사령부,제한경쟁,단가제,적격심사제,202202151030,20220215,낙찰
긴급공고,SCF0031,1,01839,***,돼지생삼겹살 등 12종 구매,2022,SCF,해군군수사령부,제한경쟁,총액제,적격심사제,202202151030,20220215,낙찰
긴급공고,SCF0043,1,01890,***,(긴급) 압축링 등 7종 구매,2022,SCF,해군군수사령부,제한경쟁,총액제,적격심사제,202202151030,20220215,낙찰
긴급공고,SCF0037,1,01891,***,"(긴급)플랜지,파이프용 등 33종",2022,SCF,해군군수사령부,제한경쟁,총액제,적격심사제,202202151030,20220215,낙찰
긴급공고,SCF0038,1,01892,***,(긴급) 열 및 연기 감지기 1종 구매,2022,SCF,해군군수사령부,제한경쟁,총액제,적격심사제,202202151030,20220215,유찰
긴급공고,SCF0039,1,01893,***,"(긴급) 가열기,냉각제,엔진용 1종 구매",2022,SCF,해군군수사령부,제한경쟁,총액제,적격심사제,202202151030,20220215,낙찰
긴급공고,SCF0046,1,01927,***,"(긴급)고무판,고화식 등 4종",2022,SCF,해군군수사령부,제한경쟁,총액제,적격심사제,202202151030,20220215,낙찰
긴급공고,SCF0053,1,01933,001,포장순대(슬라이스) 구매,2022,SCF,해군군수사령부,제한경쟁,단가제,적격심사제,202202151030,20220215,낙찰
긴급공고,SCF0034,1,01935,***,"(긴급)절연 펠트,방열용 등 4종",2022,SCF,해군군수사령부,제한경쟁,총액제,적격심사제,202202151030,20220215,낙찰
긴급공고,SCF0052,1,01938,001,짬뽕양념장 구매,2022,SCF,해군군수사령부,제한경쟁,단가제,적격심사제,202202151030,20220215,낙찰
긴급공고,SCF0054,1,01944,001,고구마샐러드 구매,2022,SCF,해군군수사령부,제한경쟁,단가제,적격심사제,202202151030,20220215,유찰
긴급공고,SCF0055,1,01948,001,떡볶이떡 구매,2022,SCF,해군군수사령부,제한경쟁,단가제,적격심사제,202202151030,20220215,유찰
긴급공고,SCF0056,1,01956,001,단호박샐러드 구매,2022,SCF,해군군수사령부,제한경쟁,단가제,적격심사제,202202151030,20220215,낙찰
긴급공고,SCF0057,1,01960,001,단무지 구매,2022,SCF,해군군수사령부,제한경쟁,단가제,적격심사제,202202151030,20220215,유찰
긴급공고,SCF0058,1,01965,001,감자고르케 구매,2022,SCF,해군군수사령부,제한경쟁,단가제,적격심사제,202202151030,20220215,낙찰
긴급공고,SCF0047,1,01966,***,"(긴급)패널,표시기용 등 16종",2022,SCF,해군군수사령부,제한경쟁,총액제,적격심사제,202202151030,20220215,낙찰
긴급공고,SCF0059,1,01985,001,실곤약 구매,2022,SCF,해군군수사령부,제한경쟁,단가제,적격심사제,202202151030,20220215,유찰
긴급공고,SCF0061,1,01993,001,핫도그 구매,2022,SCF,해군군수사령부,제한경쟁,단가제,적격심사제,202202151030,20220215,낙찰
긴급공고,SCF0063,1,02009,001,치킨너겟 구매,2022,SCF,해군군수사령부,제한경쟁,단가제,적격심사제,202202151030,20220215,낙찰
긴급공고,SCF0064,1,02012,001,치즈스틱 구매,2022,SCF,해군군수사령부,제한경쟁,단가제,적격심사제,202202151030,20220215,낙찰
긴급공고,SCF0065,1,02016,001,함박스테이크 구매,2022,SCF,해군군수사령부,제한경쟁,단가제,적격심사제,202202151030,20220215,낙찰
긴급공고,SCF0067,1,02030,001,베이컨 구매,2022,SCF,해군군수사령부,제한경쟁,단가제,적격심사제,202202151030,20220215,낙찰
긴급공고,SCF0068,1,02036,001,체다슬라이스치즈 구매,2022,SCF,해군군수사령부,제한경쟁,단가제,적격심사제,202202151030,20220215,낙찰
긴급공고,SCF0041,1,02114,***,"나사,캡식,6각 머리형 등 25종",2022,SCF,해군군수사령부,제한경쟁,총액제,적격심사제,202202151030,20220215,낙찰
긴급공고,SCF0042,1,02115,***,"덮개, 입구용 등 3종",2022,SCF,해군군수사령부,제한경쟁,총액제,적격심사제,202202151030,20220215,낙찰
긴급공고,SCF0045,1,02291,***,"(긴급) 양극,부식방지용 등 4종 구매",2022,SCF,해군군수사령부,제한경쟁,총액제,적격심사제,202202151030,20220215,유찰
긴급공고,SCF0050,1,02626,***,냉장염지조각닭 등 11종 구매,2022,SCF,해군군수사령부,제한경쟁,총액제,적격심사제,202202151030,20220215,낙찰
긴급공고,SCF0049,1,02746,***,"(긴급) 변환기,가속도용 1종 구매",2022,SCF,해군군수사령부,제한경쟁,총액제,적격심사제,202202151030,20220215,낙찰
긴급공고,SCN0013,1,02457,***,"COVID-19 자가진단키트 15,000BX",2022,SCN,제7001부대,제한경쟁,총액제,적격심사제,202202151030,20220215,낙찰
긴급공고,SCN0014,1,02666,***,22-진-10 음식물류 폐기물처리용역(2차),2022,SCN,제7001부대,제한경쟁,총액제,적격심사제,202202151030,20220215,유찰
긴급공고,SCN0016,1,02813,***,듀오덤엑스트라씬 등 101종(의료기재),2022,SCN,제7001부대,제한경쟁,총액제,적격심사제,202202151030,20220215,낙찰
정상공고,SFL0014,1,02373,***,22-교-01 조경관리용역,2022,SFL,제3283부대,제한경쟁,총액제,적격심사제,202202151100,20220215,낙찰
긴급공고,SFM0019,1,02547,***,엑셀관 등 241품목 구매,2022,SFM,제3170부대,제한경쟁,총액제,적격심사제,202202151030,20220215,낙찰
정상공고,UMM0018,1,00898,***,(227013-D)이동식 취약점 분석평가 체계 구축사업,2022,UMM,국군재정관리단,일반경쟁,총액제,적격심사제,202202151100,20220215,낙찰
정상공고,UMM0022,1,00995,***,'22~24년 국방통합급여정보체계(DIPIS) 유지보수,2022,UMM,국군재정관리단,일반경쟁,총액제,적격심사제,202202151100,20220215,낙찰
정상공고,UMM0031,1,01048,***,22-공-금속명찰 등 3품목 제조,2022,UMM,국군재정관리단,제한경쟁,총액제,적격심사제,202202151100,20220215,낙찰
긴급공고,UMM0020,1,01543,***,(226021-B) 입소장병 사복우송 포장박스 등 3종 제조,2022,UMM,국군재정관리단,일반경쟁,총액제,적격심사제,202202151100,20220215,낙찰
정상공고,UMM0030,1,02418,***,22-국-표준화차(4량) 제조,2022,UMM,국군재정관리단,일반경쟁,총액제,적격심사제,202202151100,20220215,유찰
긴급공고,UMM0024,1,02459,***,(226004-E)근속 30주년 기념휘장 제조납품,2022,UMM,국군재정관리단,일반경쟁,총액제,적격심사제,202202151100,20220215,낙찰
긴급공고,HCC0003,1,02576,***,청동글로브 밸브 등 2품목 구매(22006),2022,HCC,해군제1수리창,제한경쟁,총액제,적격심사제,202202141030,20220214,낙찰
긴급공고,HCC0004,1,02616,***,"필터엘리먼트, 흡입공기 정화기용 등 16품목 구매(7)",2022,HCC,해군제1수리창,제한경쟁,총액제,적격심사제,202202141030,20220214,낙찰
긴급공고,HCM0014,1,02063,***,22-01-010 항공유압실습장비 등 2품목,2022,HCM,공군교육사령부,수의계약,총액제,적격심사제,202202141100,20220214,유찰
정상공고,LDH0068,1,02124,***,K200장갑차 개스킷 5종 구매,2022,LDH,육군종합정비창,제한경쟁,총액제,적격심사제,202202141300,20220214,낙찰
정상공고,LDH0069,1,02125,***,K200장갑차 나사 등 14종 구매,2022,LDH,육군종합정비창,제한경쟁,총액제,적격심사제,202202141300,20220214,유찰
정상공고,LDH0072,1,02131,***,K200장갑차 베어링 등 2종 구매,2022,LDH,육군종합정비창,제한경쟁,총액제,적격심사제,202202141300,20220214,순위확정
정상공고,LDH0073,1,02132,***,K200장갑차 호스 등 11종 구매,2022,LDH,육군종합정비창,제한경쟁,총액제,적격심사제,202202141300,20220214,낙찰
정상공고,LDH0074,1,02136,***,K200장갑차 튜빙 등 17종 구매,2022,LDH,육군종합정비창,제한경쟁,총액제,적격심사제,202202141300,20220214,낙찰
정상공고,LDH0075,1,02139,***,K200장갑차 부싱 등 19종 구매,2022,LDH,육군종합정비창,제한경쟁,총액제,적격심사제,202202141300,20220214,유찰
정상공고,LDH0078,1,02154,***,K1전차 오일펌프조립체 등 11종 구매,2022,LDH,육군종합정비창,수의계약,총액제,적격심사제,202202141300,20220214,순위확정
정상공고,LDH0080,1,02166,***,K1전차 베어링 8종 구매,2022,LDH,육군종합정비창,제한경쟁,총액제,적격심사제,202202141300,20220214,낙찰
정상공고,LDH0081,1,02167,***,K1전차 베어링 7종 구매,2022,LDH,육군종합정비창,제한경쟁,총액제,적격심사제,202202141300,20220214,낙찰
정상공고,LDH0082,1,02177,***,K1전차 콘및롤러 등 3종 구매,2022,LDH,육군종합정비창,제한경쟁,총액제,적격심사제,202202141300,20220214,낙찰
정상공고,LDH0083,1,02179,***,K1전차 알미늄미러 구매,2022,LDH,육군종합정비창,제한경쟁,총액제,적격심사제,202202141300,20220214,낙찰
정상공고,LDH0084,1,02184,***,K1전차 핀 등 40종 구매,2022,LDH,육군종합정비창,제한경쟁,총액제,적격심사제,202202141300,20220214,낙찰
정상공고,LDH0085,1,02189,***,K1전차 나사 등 13종 구매,2022,LDH,육군종합정비창,제한경쟁,총액제,적격심사제,202202141300,20220214,낙찰
정상공고,LDH0087,1,02192,***,K1전차 펌프 등 2종 구매,2022,LDH,육군종합정비창,제한경쟁,총액제,적격심사제,202202141300,20220214,유찰
정상공고,LDH0088,1,02204,***,K1전차 커플링 등 4종 구매,2022,LDH,육군종합정비창,제한경쟁,총액제,적격심사제,202202141300,20220214,낙찰
정상공고,LDH0089,1,02208,***,K1전차 저항기 등 9종 구매,2022,LDH,육군종합정비창,제한경쟁,총액제,적격심사제,202202141300,20220214,순위확정
정상공고,LDH0090,1,02210,***,K1전차 튜브조립체 14종 구매,2022,LDH,육군종합정비창,제한경쟁,총액제,적격심사제,202202141300,20220214,유찰
정상공고,LDH0091,1,02213,***,K1전차 오링 등 23종 구매,2022,LDH,육군종합정비창,제한경쟁,총액제,적격심사제,202202141300,20220214,낙찰
정상공고,LDH0092,1,02219,***,K1전차 호스조립체 3종 구매,2022,LDH,육군종합정비창,제한경쟁,총액제,적격심사제,202202141300,20220214,유찰
정상공고,LDH0093,1,02221,***,K1전차 끈 등 16종 구매,2022,LDH,육군종합정비창,제한경쟁,총액제,적격심사제,202202141300,20220214,낙찰
정상공고,LDH0100,1,02256,***,(기동) 다목적전술차 베어링등 5종구매,2022,LDH,육군종합정비창,수의계약,총액제,적격심사제,202202141300,20220214,유찰
정상공고,LDH0104,1,02264,***,(기동) 기동부교 보도판 구매,2022,LDH,육군종합정비창,제한경쟁,총액제,적격심사제,202202141300,20220214,낙찰
정상공고,LDH0109,1,02272,***,(기동) 5톤차량 와셔등 76종구매,2022,LDH,육군종합정비창,수의계약,총액제,적격심사제,202202141300,20220214,유찰
정상공고,LDH0110,1,02279,***,(기동) 5톤차량 파이프등 19종구매,2022,LDH,육군종합정비창,제한경쟁,총액제,적격심사제,202202141300,20220214,유찰
정상공고,LQG0001,1,02274,***,22년 렌탈 프린터 임차,2022,LQG,육군 52보병사단,제한경쟁,총액제,적격심사제,202202141100,20220214,낙찰
정정공고,MCT0009,2,02624,***,22년 조경 및 훈련장 잔디관리 용역,2022,MCT,국군체육부대,일반경쟁,총액제,적격심사제,202202141030,20220214,낙찰
긴급공고,MDG0006,1,01895,***,'22년 특수수술재료 구매(임플1)(THE GRAFT등15품목),2022,MDG,국군의무사령부,수의계약,총액제,적격심사제,202202141100,20220214,유찰
긴급공고,SFC0006,1,02647,***,22-덕-앱손 토너 등 45품목 구매,2022,SFC,제9691부대,제한경쟁,총액제,적격심사제,202202141100,20220214,낙찰
긴급공고,SFC0007,1,02653,***,22-덕-캐논 토너 등 47품목 구매,2022,SFC,제9691부대,제한경쟁,총액제,적격심사제,202202141100,20220214,낙찰
긴급공고,UMM0002,1,00133,***,(22F001-A)22년 육군 영상콘텐츠 제작용역(웹시트콤),2022,UMM,국군재정관리단,2단계경쟁(동시),총액제,최저가격제,202202141100,20220214,낙찰
정상공고,UMM0017,1,00592,***,(22F010-A)육군  코로나19 PCR 위탁검사 용역,2022,UMM,국군재정관리단,일반경쟁,총액제,적격심사제,202202141100,20220214,낙찰
정상공고,UMM0016,1,01283,***,(226016-B) 육군 용사상 표창장 표지 제조 등 2건,2022,UMM,국군재정관리단,제한경쟁,총액제,적격심사제,202202141100,20220214,낙찰
정상공고,LBB0008,1,02034,001,'22년 경축특식(석가탄신일)(마카롱),2022,LBB,육군제7789부대,제한경쟁,단가제,적격심사제,202202111030,20220211,낙찰
정상공고,LBB0009,1,02052,001,'22년 경축특식(석가탄신일)(과일탄산음료),2022,LBB,육군제7789부대,제한경쟁,단가제,적격심사제,202202111030,20220211,낙찰
정상공고,LDG0006,1,01363,***,155밀리 RAP 탄대보호환 등 4개 품목 구매,2022,LDG,육군 탄약지원사령부,제한경쟁,총액제,적격심사제,202202111030,20220211,낙찰
정상공고,LDH0026,1,01989,***,K9자주포 나사 등 19종 구매,2022,LDH,육군종합정비창,제한경쟁,총액제,적격심사제,202202111300,20220211,낙찰
정상공고,LDH0027,1,02010,***,K9자주포 너트 등 19종 구매,2022,LDH,육군종합정비창,제한경쟁,총액제,적격심사제,202202111300,20220211,유찰
정상공고,LDH0028,1,02014,***,K9자주포 로프 등 7종 구매,2022,LDH,육군종합정비창,제한경쟁,총액제,적격심사제,202202111300,20220211,낙찰
정상공고,LDH0029,1,02022,***,(일장) 장갑전투도자 판등 30종구매,2022,LDH,육군종합정비창,제한경쟁,총액제,적격심사제,202202111300,20220211,유찰
정상공고,LDH0031,1,02024,***,K9자주포 리테이너 등 21종 구매,2022,LDH,육군종합정비창,제한경쟁,총액제,적격심사제,202202111300,20220211,유찰
정상공고,LDH0030,1,02026,***,(일장) 교량가설단정 링등 5종구매,2022,LDH,육군종합정비창,제한경쟁,총액제,적격심사제,202202111300,20220211,유찰
정상공고,LDH0032,1,02027,***,(일장) 장갑전투도자 밸브등 3종구매,2022,LDH,육군종합정비창,제한경쟁,총액제,적격심사제,202202111300,20220211,유찰
정상공고,LDH0033,1,02029,***,K9자주포 밸브 등 2종 구매,2022,LDH,육군종합정비창,제한경쟁,총액제,적격심사제,202202111300,20220211,낙찰
정상공고,LDH0034,1,02031,***,(일장) 장갑전투도자 베어링등 3종구매,2022,LDH,육군종합정비창,제한경쟁,총액제,적격심사제,202202111300,20220211,낙찰
정상공고,LDH0035,1,02032,***,(일장) 장갑전투도자 개스킷등 8종구매,2022,LDH,육군종합정비창,제한경쟁,총액제,적격심사제,202202111300,20220211,유찰
정상공고,LDH0036,1,02033,***,K9자주포 베어링용볼 등 13종 구매,2022,LDH,육군종합정비창,제한경쟁,총액제,적격심사제,202202111300,20220211,유찰
정상공고,LDH0037,1,02035,***,(일장) 다목적굴착기 엘보우등 74종구매,2022,LDH,육군종합정비창,제한경쟁,총액제,적격심사제,202202111300,20220211,유찰
정상공고,LDH0039,1,02037,***,K9자주포 스프링 등 11종 구매,2022,LDH,육군종합정비창,제한경쟁,총액제,적격심사제,202202111300,20220211,순위확정
정상공고,LDH0038,1,02038,***,"(일장) 다목적굴착기 등,실내용등 5종구매",2022,LDH,육군종합정비창,제한경쟁,총액제,적격심사제,202202111300,20220211,유찰
정상공고,LDH0040,1,02040,***,(일장) 다목적굴착기 스위치등 10종구매,2022,LDH,육군종합정비창,제한경쟁,총액제,적격심사제,202202111300,20220211,유찰
정상공고,LDH0042,1,02046,***,(일장) 장갑전투도자 시동기등 4종구매,2022,LDH,육군종합정비창,제한경쟁,총액제,적격심사제,202202111300,20220211,낙찰
정상공고,LDH0043,1,02047,***,(일장) 다목적굴착기 축등 2종구매,2022,LDH,육군종합정비창,제한경쟁,총액제,적격심사제,202202111300,20220211,낙찰
정상공고,LDH0044,1,02048,***,(일장) 장갑전투도자 필터본체등 2종구매,2022,LDH,육군종합정비창,제한경쟁,총액제,적격심사제,202202111300,20220211,낙찰
정상공고,LDH0045,1,02051,***,(일장) 장갑전투도자 튜브조립체등 76종구매,2022,LDH,육군종합정비창,제한경쟁,총액제,적격심사제,202202111300,20220211,낙찰
정상공고,LDH0046,1,02053,***,(일장) 다목적굴착기 수리킷트등 53종구매,2022,LDH,육군종합정비창,제한경쟁,총액제,적격심사제,202202111300,20220211,낙찰
정상공고,LDH0047,1,02055,***,(일장) 다목적굴착기 절연체등 17종구매,2022,LDH,육군종합정비창,제한경쟁,총액제,적격심사제,202202111300,20220211,유찰
정상공고,LDH0048,1,02056,***,K21장갑차 패킹 등 12종 구매,2022,LDH,육군종합정비창,제한경쟁,총액제,적격심사제,202202111300,20220211,낙찰
정상공고,LDH0049,1,02057,***,(일장) 다목적굴착기 연결기등 6종구매,2022,LDH,육군종합정비창,제한경쟁,총액제,적격심사제,202202111300,20220211,유찰
정상공고,LDH0050,1,02082,***,K21장갑차 노즐 구매,2022,LDH,육군종합정비창,제한경쟁,총액제,적격심사제,202202111300,20220211,낙찰
정상공고,LDH0051,1,02086,***,K21장갑차 링 등 14종 구매,2022,LDH,육군종합정비창,제한경쟁,총액제,적격심사제,202202111300,20220211,유찰
정상공고,LDH0052,1,02089,***,K21장갑차 배선장치 2종 구매,2022,LDH,육군종합정비창,제한경쟁,총액제,적격심사제,202202111300,20220211,유찰
정상공고,LDH0053,1,02091,***,K21장갑차 밸브 3종 구매,2022,LDH,육군종합정비창,제한경쟁,총액제,적격심사제,202202111300,20220211,유찰
정상공고,LDH0054,1,02092,***,K21장갑차 부싱 등 3종 구매,2022,LDH,육군종합정비창,제한경쟁,총액제,적격심사제,202202111300,20220211,낙찰
정상공고,LDH0055,1,02094,***,K21장갑차 스프링 등 23종 구매,2022,LDH,육군종합정비창,제한경쟁,총액제,적격심사제,202202111300,20220211,유찰
정상공고,LDH0056,1,02096,***,K21장갑차 회로카드조립체 등 7종 구매,2022,LDH,육군종합정비창,제한경쟁,총액제,적격심사제,202202111300,20220211,유찰
정상공고,LDH0057,1,02097,***,K21장갑차 회전자조립체 등 4종 구매,2022,LDH,육군종합정비창,제한경쟁,총액제,적격심사제,202202111300,20220211,유찰
정상공고,LDH0058,1,02101,***,K55자주포 핀 등 46종 구매,2022,LDH,육군종합정비창,제한경쟁,총액제,적격심사제,202202111300,20220211,유찰
정상공고,LDH0059,1,02102,***,K55자주포 와셔 등 60종 구매,2022,LDH,육군종합정비창,제한경쟁,총액제,적격심사제,202202111300,20220211,유찰
정상공고,LDH0060,1,02103,***,K55자주포 베어링 등 15종 구매,2022,LDH,육군종합정비창,제한경쟁,총액제,적격심사제,202202111300,20220211,낙찰
정상공고,LDH0061,1,02104,***,K55자주포 단열모포 등 16종 구매,2022,LDH,육군종합정비창,제한경쟁,총액제,적격심사제,202202111300,20220211,낙찰
정상공고,LDH0062,1,02106,***,K55자주포 기어세트 등 13종 구매,2022,LDH,육군종합정비창,제한경쟁,총액제,적격심사제,202202111300,20220211,유찰
정상공고,LDH0063,1,02107,***,K55자주포 리드선 등 11종 구매,2022,LDH,육군종합정비창,제한경쟁,총액제,적격심사제,202202111300,20220211,유찰
정상공고,LDH0064,1,02110,***,K55자주포 반사경 등 6종 구매,2022,LDH,육군종합정비창,제한경쟁,총액제,적격심사제,202202111300,20220211,낙찰
정상공고,LDH0065,1,02111,***,K55자주포 호스조립체 등 6종 구매,2022,LDH,육군종합정비창,제한경쟁,총액제,적격심사제,202202111300,20220211,낙찰
정상공고,LDH0066,1,02112,***,K55자주포 조향장치 등 15종 구매,2022,LDH,육군종합정비창,제한경쟁,총액제,적격심사제,202202111300,20220211,유찰
정상공고,LDH0067,1,02113,***,K55자주포 유니버셜조인트 구매,2022,LDH,육군종합정비창,제한경쟁,총액제,적격심사제,202202111300,20220211,낙찰
정상공고,MHD0013,1,01946,***,"DoD, SAE 등 4개 규격자료 구독",2022,MHD,방위사업청(운영지원과),수의계약,총액제,최저가격제,202202111030,20220211,유찰
정상공고,UMM0027,1,00297,***,22-해-오실로스코프 구매,2022,UMM,국군재정관리단,제한경쟁,총액제,적격심사제,202202111100,20220211,낙찰
정상공고,UMM0028,1,00912,***,22-H-공보정훈물자 구매,2022,UMM,국군재정관리단,제한경쟁,총액제,적격심사제,202202111100,20220211,낙찰
정상공고,UMM0013,1,01082,***,22년 렌탈프린터 임차용역,2022,UMM,국군재정관리단,제한경쟁,총액제,적격심사제,202202111100,20220211,낙찰
재공고,LCG0001,2,00244,***,'22년 6·25전쟁 사료 한글화 용역,2022,LCG,육군본부,수의계약,총액제,최저가격제,202202101000,20220210,유찰
재공고,LDH0001,2,00343,***,회로카드생산시스템(PCB) 구매,2022,LDH,육군종합정비창,일반경쟁,총액제,적격심사제,202202101300,20220210,유찰
재공고,LDH0017,2,01384,***,500MD 상부판넬 등 2종 구매,2022,LDH,육군종합정비창,수의계약,총액제,적격심사제,202202101300,20220210,유찰
정정공고,LHQ0005,2,02069,***,5군지사 72정비시설 신축공사(건축감리),2022,LHQ,제2작전사령부,제한경쟁,총액제,적격심사제,202202101030,20220210,낙찰
정상공고,LKP0002,1,01412,001,'22년 삼일절 경축특식(마카롱) 제조,2022,LKP,5군수지원사령부,제한경쟁,단가제,적격심사제,202202101100,20220210,유찰
긴급공고,LMH0002,1,02312,***,22년 항공전술훈련 시뮬레이터 외주정비,2022,LMH,제7군단,제한경쟁,총액제,적격심사제,202202101030,20220210,낙찰
긴급공고,LNQ0004,1,02236,***,'22년 예비군부대 렌탈프린터 임차 용역,2022,LNQ,제17보병사단,제한경쟁,총액제,적격심사제,202202101100,20220210,낙찰
긴급공고,LNQ0005,1,02252,***,'22년 00부대 렌탈프린터 임차 용역,2022,LNQ,제17보병사단,제한경쟁,총액제,적격심사제,202202101100,20220210,낙찰
긴급공고,LPN0001,1,02277,***,22년 렌탈프린터 임차 용역,2022,LPN,수도군단,제한경쟁,총액제,적격심사제,202202101030,20220210,낙찰
긴급공고,MDW0004,1,02235,***,22-1차 교과서 구매,2022,MDW,국군간호사관학교,제한경쟁,총액제,적격심사제,202202101100,20220210,낙찰
긴급공고,MON0001,1,01866,***,안보현장학습 버스 임차용역,2022,MON,국방정신전력원,제한경쟁,총액제,적격심사제,202202101100,20220210,낙찰
긴급공고,SCF0011,1,00644,***,충전식 전정기 1종 구매,2022,SCF,해군군수사령부,제한경쟁,총액제,적격심사제,202202101030,20220210,낙찰
긴급공고,SCF0004,1,01439,001,명이절임 구매,2022,SCF,해군군수사령부,제한경쟁,단가제,적격심사제,202202101030,20220210,낙찰
긴급공고,SCF0027,1,01498,***,"(긴급) 축,직선형 등 4종 구매",2022,SCF,해군군수사령부,제한경쟁,총액제,적격심사제,202202101030,20220210,유찰
긴급공고,SCF0028,1,01502,***,(긴급) 오일링 등 7종 구매,2022,SCF,해군군수사령부,제한경쟁,총액제,적격심사제,202202101030,20220210,낙찰
긴급공고,SCF0029,1,01503,***,"(긴급) 사출기,제트식 등 4종 구매",2022,SCF,해군군수사령부,제한경쟁,총액제,적격심사제,202202101030,20220210,낙찰
긴급공고,SCF0005,1,01650,001,낙지젓갈 구매,2022,SCF,해군군수사령부,제한경쟁,단가제,적격심사제,202202101030,20220210,낙찰
긴급공고,SCF0006,1,01657,001,깻잎장아찌 구매,2022,SCF,해군군수사령부,제한경쟁,단가제,적격심사제,202202101030,20220210,낙찰
긴급공고,SCF0007,1,01677,001,무말랭이무침 구매,2022,SCF,해군군수사령부,제한경쟁,단가제,적격심사제,202202101030,20220210,낙찰
긴급공고,SCF0008,1,01682,001,마늘장아찌 구매,2022,SCF,해군군수사령부,제한경쟁,단가제,적격심사제,202202101030,20220210,낙찰
긴급공고,SCF0009,1,01687,001,명란젓갈 구매,2022,SCF,해군군수사령부,제한경쟁,단가제,적격심사제,202202101030,20220210,낙찰
긴급공고,SCF0010,1,01699,001,감자수제비 구매,2022,SCF,해군군수사령부,제한경쟁,단가제,적격심사제,202202101030,20220210,유찰
긴급공고,SCF0011,1,01704,001,양념시래기 구매,2022,SCF,해군군수사령부,제한경쟁,단가제,적격심사제,202202101030,20220210,낙찰
긴급공고,SCF0013,1,01707,001,땅콩조림 구매,2022,SCF,해군군수사령부,제한경쟁,단가제,적격심사제,202202101030,20220210,낙찰
긴급공고,SCF0014,1,01713,001,김자반 구매,2022,SCF,해군군수사령부,제한경쟁,단가제,적격심사제,202202101030,20220210,낙찰
긴급공고,SCF0015,1,01714,001,진미채볶음 구매,2022,SCF,해군군수사령부,제한경쟁,단가제,적격심사제,202202101030,20220210,낙찰
긴급공고,SCF0016,1,01715,001,멸치고추장 볶음 구매,2022,SCF,해군군수사령부,제한경쟁,단가제,적격심사제,202202101030,20220210,유찰
긴급공고,SCF0012,1,01718,001,모듬콩조림 구매,2022,SCF,해군군수사령부,제한경쟁,단가제,적격심사제,202202101030,20220210,낙찰
긴급공고,SCF0018,1,01719,001,게맛살 구매,2022,SCF,해군군수사령부,제한경쟁,단가제,적격심사제,202202101030,20220210,유찰
긴급공고,SCF0019,1,01723,001,포장족발(슬라이스) 구매,2022,SCF,해군군수사령부,제한경쟁,단가제,적격심사제,202202101030,20220210,낙찰
긴급공고,SCF0020,1,01724,001,버팔로치킨윙 구매,2022,SCF,해군군수사령부,제한경쟁,단가제,적격심사제,202202101030,20220210,유찰
긴급공고,SCF0021,1,01729,001,해쉬포테이토 구매,2022,SCF,해군군수사령부,제한경쟁,단가제,적격심사제,202202101030,20220210,낙찰
긴급공고,SCF0022,1,01731,001,냉동 유부슬라이스 구매,2022,SCF,해군군수사령부,제한경쟁,단가제,적격심사제,202202101030,20220210,낙찰
긴급공고,SCF0023,1,01736,001,냉면육수 구매,2022,SCF,해군군수사령부,제한경쟁,단가제,적격심사제,202202101030,20220210,낙찰
긴급공고,SCF0024,1,01737,001,계란지단채 구매,2022,SCF,해군군수사령부,제한경쟁,단가제,적격심사제,202202101030,20220210,유찰
긴급공고,SCF0025,1,01740,001,쌈무 구매,2022,SCF,해군군수사령부,제한경쟁,단가제,적격심사제,202202101030,20220210,낙찰
긴급공고,SCF0033,1,01762,***,(긴급)석션호스 등 14종,2022,SCF,해군군수사령부,제한경쟁,총액제,적격심사제,202202101030,20220210,낙찰
긴급공고,SCF0012,1,02289,***,오더피커 1대 구매,2022,SCF,해군군수사령부,제한경쟁,총액제,적격심사제,202202101030,20220210,유찰
긴급공고,SFC0004,1,02223,***,22-덕-해병30주년 기념휘장세트 제조 구매,2022,SFC,제9691부대,제한경쟁,총액제,적격심사제,202202101100,20220210,낙찰
긴급공고,SFM0015,1,02134,***,타이어 등 87품목 구매,2022,SFM,제3170부대,제한경쟁,총액제,적격심사제,202202101030,20220210,낙찰
정정공고,LCF0002,2,01134,***,"응급치료키트,화상치료용 1품목 구매(의무)",2022,LCF,육군군수사령부,제한경쟁,총액제,적격심사제,202202091130,20220209,낙찰
정정공고,LCF0003,2,01142,***,"청진기,의사용 1품목 구매(의무)",2022,LCF,육군군수사령부,제한경쟁,총액제,적격심사제,202202091130,20220209,낙찰
긴급공고,LFN0006,1,01221,***,57기 졸업 및 임관 행사대행 용역,2022,LFN,육군3사관학교,수의계약,총액제,최저가격제,202202091600,20220209,유찰
정상공고,MDD0005,1,00541,***,2022년 국군수도병원 의약품(마약) 구매계약,2022,MDD,국군수도병원,수의계약,총액제,적격심사제,202202091030,20220209,유찰
정정공고,MDD0006,2,00545,***,2022년 국군수도병원 PET-CT 방사성의약품 구매 계약,2022,MDD,국군수도병원,수의계약,총액제,적격심사제,202202091030,20220209,유찰
정정공고,MDD0004,2,00619,***,2022년 국군수도병원 구충구서 방제용역,2022,MDD,국군수도병원,수의계약,총액제,적격심사제,202202091030,20220209,유찰
긴급공고,MHD0006,1,00944,***,차륜형지휘소용차량 시설사업기본계획 연구용역,2022,MHD,방위사업청(운영지원과),협상에의한계약(전자),총액제,최저가격제,202202091500,20220209,낙찰
긴급공고,SCF0006,1,00318,***,다중계기(10MHz) 1종 구매,2022,SCF,해군군수사령부,제한경쟁,총액제,적격심사제,202202091030,20220209,유찰
긴급공고,SCF0004,1,00324,***,안전벨트(고위치 작업자용) 1종 구매,2022,SCF,해군군수사령부,제한경쟁,총액제,적격심사제,202202091030,20220209,낙찰
긴급공고,SCF0010,1,00645,***,`22년 빌지수거 수송용역,2022,SCF,해군군수사령부,수의계약,총액제,적격심사제,202202091030,20220209,유찰
긴급공고,SCF0005,1,00682,***,전압계 1종 구매,2022,SCF,해군군수사령부,제한경쟁,총액제,적격심사제,202202091030,20220209,낙찰
긴급공고,SCF0009,1,00687,***,전동포크리프트 2SET 구매,2022,SCF,해군군수사령부,제한경쟁,총액제,적격심사제,202202091030,20220209,유찰
긴급공고,SCF0018,1,01201,***,"(긴급) 컴퓨터세트,디지털형 1종",2022,SCF,해군군수사령부,제한경쟁,총액제,적격심사제,202202091030,20220209,낙찰
긴급공고,SCF0019,1,01207,***,"(긴급)제어기, 호이스트용 1종",2022,SCF,해군군수사령부,제한경쟁,총액제,적격심사제,202202091030,20220209,낙찰
긴급공고,SCF0024,1,01440,***,"세일링, 판넬 1종",2022,SCF,해군군수사령부,제한경쟁,총액제,적격심사제,202202091030,20220209,낙찰
긴급공고,SFH0011,1,01994,***,복지시설 식자재 구매 납품,2022,SFH,제9196부대,제한경쟁,총액제,적격심사제,202202091100,20220209,유찰
재공고,UMM0010,2,00918,***,22-보-민간위탁배송용역(21H150-H),2022,UMM,국군재정관리단,일반경쟁,총액제,적격심사제,202202091100,20220209,낙찰
재공고,HDP0001,2,01391,***,22년 지뢰제거작전 작전지원용 공압기 임차,2022,HDP,공군제19전투비행단,수의계약,총액제,적격심사제,202202081130,20220208,유찰
정상공고,LCF0001,1,01149,***,수레응급함 등 3품목 구매(의무),2022,LCF,육군군수사령부,제한경쟁,총액제,적격심사제,202202081130,20220208,낙찰
정상공고,LCF0004,1,01157,***,해제장치 세트(척추고정대) 등 42항목 구매(의무),2022,LCF,육군군수사령부,제한경쟁,총액제,적격심사제,202202081130,20220208,낙찰
재공고,LCG0007,3,01086,***,'22년도 <육군>지 발송 용역,2022,LCG,육군본부,수의계약,총액제,적격심사제,202202081030,20220208,유찰
정정공고,MDD0003,2,00546,***,2022년 전기설비 직무고시 정기점검 용역계약,2022,MDD,국군수도병원,제한경쟁,총액제,적격심사제,202202081030,20220208,낙찰
긴급공고,SCF0023,1,01205,***,(긴급)황동괴 1종,2022,SCF,해군군수사령부,제한경쟁,총액제,적격심사제,202202081030,20220208,유찰
긴급공고,SCF0020,1,01242,***,"판, 금속제 1종",2022,SCF,해군군수사령부,제한경쟁,총액제,적격심사제,202202081030,20220208,낙찰
긴급공고,SCF0021,1,01243,***,"잉곳, 주석-청동용 1종",2022,SCF,해군군수사령부,제한경쟁,총액제,적격심사제,202202081030,20220208,유찰
긴급공고,SCF0022,1,01245,***,"판, 금속제 등 1종",2022,SCF,해군군수사령부,제한경쟁,총액제,적격심사제,202202081030,20220208,낙찰
재공고,UMM0665,2,58300,***,"'22~'23년 교환기(전자식, VoIP) 유지보수 용역",2021,UMM,국군재정관리단,일반경쟁,총액제,적격심사제,202202081100,20220208,낙찰
재공고,LDH0003,2,00885,***,(자재) 에어캡 등 4종 구매,2022,LDH,육군종합정비창,수의계약,총액제,적격심사제,202202071300,20220207,유찰
정상공고,LDH0023,1,01811,***,(기동) 5톤차량 필터 구매,2022,LDH,육군종합정비창,제한경쟁,총액제,적격심사제,202202071300,20220207,낙찰
정상공고,LDH0024,1,01814,***,(기동) 5톤차량 에어튜브표시기등 5종구매,2022,LDH,육군종합정비창,수의계약,총액제,적격심사제,202202071300,20220207,유찰
정상공고,LDH0025,1,01817,***,(자재) 타카못 등 31종 구매,2022,LDH,육군종합정비창,수의계약,총액제,적격심사제,202202071300,20220207,유찰
재공고,UMM0011,2,00532,***,(22F007-A)'22년 일반화물 용역수송,2022,UMM,국군재정관리단,일반경쟁,총액제,적격심사제,202202071100,20220207,낙찰
재공고,HCL0005,3,01171,***,파입부대 식자재,2022,HCL,공군사관학교,제한경쟁,총액제,적격심사제,202202041030,20220204,낙찰
긴급공고,HCL0013,1,01727,***,22-004  교수부 22-1학기 국내교과서,2022,HCL,공군사관학교,제한경쟁,총액제,적격심사제,202202041100,20220204,낙찰
긴급공고,HDC0001,1,01495,***,'22년 생활폐기물 처리,2022,HDC,공군제1전투비행단,제한경쟁,총액제,적격심사제,202202041430,20220204,유찰
정상공고,LDG0001,1,00657,***,탄약 정비자재(자동표기용종이) 구매,2022,LDG,육군 탄약지원사령부,제한경쟁,총액제,적격심사제,202202041030,20220204,낙찰
정상공고,LDG0003,1,00663,***,탄약 정비자재(에나멜 국방색 페인트 등 10개) 제조,2022,LDG,육군 탄약지원사령부,제한경쟁,총액제,적격심사제,202202041030,20220204,낙찰
정상공고,LDG0004,1,01002,***,155밀리8호 추진장약통 뚜껑 가스켓 등 4개 품목 구매,2022,LDG,육군 탄약지원사령부,제한경쟁,총액제,적격심사제,202202041030,20220204,낙찰
정상공고,LDG0005,1,01353,***,155밀리 8호 추진장약 점화제 보호캡 구매,2022,LDG,육군 탄약지원사령부,제한경쟁,총액제,적격심사제,202202041030,20220204,낙찰
정상공고,LDH0014,1,01137,***,비철 늄합금봉 등 55종 구매,2022,LDH,육군종합정비창,제한경쟁,총액제,적격심사제,202202041300,20220204,순위확정
정상공고,LDH0015,1,01140,***,잡자재 고무로프 등 97종 구매,2022,LDH,육군종합정비창,제한경쟁,총액제,적격심사제,202202041300,20220204,순위확정
정상공고,LDH0016,1,01148,***,철재 마봉강 등 86종 구매,2022,LDH,육군종합정비창,제한경쟁,총액제,적격심사제,202202041300,20220204,순위확정
정상공고,LDH0017,1,01384,***,500MD 상부판넬 등 2종 구매,2022,LDH,육군종합정비창,수의계약,총액제,적격심사제,202202041300,20220204,유찰
정정공고,LGP0006,2,01114,***,22년 근거리감시레이더 외주정비,2022,LGP,제1군수지원사령부,제한경쟁,총액제,적격심사제,202202041100,20220204,낙찰
정정공고,LGP0011,2,01660,***,22년 폐목재류 처리 용역,2022,LGP,제1군수지원사령부,일반경쟁,총액제,적격심사제,202202041100,20220204,낙찰
긴급공고,LGP0013,1,01706,***,22년 일반폐기물 처리용역(강원권역),2022,LGP,제1군수지원사령부,일반경쟁,총액제,적격심사제,202202041100,20220204,낙찰
긴급공고,LGP0012,1,01708,***,22년 일반폐기물 처리용역(경기권역),2022,LGP,제1군수지원사령부,일반경쟁,총액제,적격심사제,202202041100,20220204,낙찰
긴급공고,LGP0015,1,01709,***,22년 지정폐기물 처리용역(강원권역),2022,LGP,제1군수지원사령부,일반경쟁,총액제,적격심사제,202202041100,20220204,유찰
긴급공고,LGP0014,1,01711,***,22년 지정폐기물 처리용역(경기권역),2022,LGP,제1군수지원사령부,일반경쟁,총액제,적격심사제,202202041100,20220204,유찰
정상공고,LIK0005,1,01399,001,'22년 삼일절 경축특식 훈제닭다리(제조/구매),2022,LIK,제2군수지원여단,제한경쟁,단가제,적격심사제,202202041030,20220204,낙찰
정상공고,LKH0003,1,01496,***,22년 상병건강검진 위탁진료,2022,LKH,제6128부대,제한경쟁,총액제,적격심사제,202202041030,20220204,낙찰
긴급공고,LMG0003,1,01393,***,00지역 음식물쓰레기 위탁처리 용역,2022,LMG,제6군단사령부,제한경쟁,총액제,적격심사제,202202041130,20220204,낙찰
긴급공고,LNG0006,1,00391,***,00부대 실내체육관 신축 등 3건 설계용역(22-북-147),2022,LNG,육군 제1군단,일반경쟁,총액제,적격심사제,202202041030,20220204,낙찰
정상공고,MCD0003,1,00764,***,국방전직교육원 조직진단 및 기능강화 방안연구,2022,MCD,국방부(운영지원과),협상에의한계약(전자),총액제,최저가격제,202202041100,20220204,유찰
정상공고,MDG0005,1,00725,***,22년 방제용역(국군의무사령부),2022,MDG,국군의무사령부,제한경쟁,총액제,적격심사제,202202041100,20220204,낙찰
긴급공고,MDR0001,1,01499,***,CCTV시스템 유지보수 용역,2022,MDR,제9965부대,제한경쟁,총액제,적격심사제,202202041030,20220204,낙찰
긴급공고,MHD0007,1,01239,***,방위사업 원가계산 외부용역(1차),2022,MHD,방위사업청(운영지원과),협상에의한계약(전자),총액제,최저가격제,202202041500,20220204,낙찰
긴급공고,SCF0005,1,00867,***,(긴급)플라스틱판 1종,2022,SCF,해군군수사령부,제한경쟁,총액제,적격심사제,202202041030,20220204,낙찰
긴급공고,SCF0004,1,00879,***,(긴급)수분제거기 등 3종,2022,SCF,해군군수사령부,제한경쟁,총액제,적격심사제,202202041030,20220204,낙찰
긴급공고,SCF0010,1,00883,***,"판, 금속제 등 2종",2022,SCF,해군군수사령부,제한경쟁,총액제,적격심사제,202202041030,20220204,낙찰
긴급공고,SCF0011,1,00887,***,프로탄 톱코드 1종,2022,SCF,해군군수사령부,제한경쟁,총액제,적격심사제,202202041030,20220204,낙찰
긴급공고,SCF0012,1,00893,***,"걸쇠 세트, 장부구멍용 등 4종",2022,SCF,해군군수사령부,제한경쟁,총액제,적격심사제,202202041030,20220204,낙찰
긴급공고,SCF0015,1,01097,***,(긴급)내수압 청동 등 2종,2022,SCF,해군군수사령부,제한경쟁,총액제,적격심사제,202202041030,20220204,낙찰
긴급공고,SCF0014,1,01104,***,"(긴급)잉곳,구리 등 3종",2022,SCF,해군군수사령부,제한경쟁,총액제,적격심사제,202202041030,20220204,유찰
긴급공고,SCF0013,1,01115,***,(긴급)000실 쇼파수선 등 30종,2022,SCF,해군군수사령부,제한경쟁,총액제,적격심사제,202202041030,20220204,낙찰
긴급공고,SCF0007,1,01197,***,"(긴급)양극, 부식방지용 등11종",2022,SCF,해군군수사령부,제한경쟁,총액제,적격심사제,202202041030,20220204,낙찰
긴급공고,SCF0006,1,01200,***,(긴급)제어기-모니터 등 4종,2022,SCF,해군군수사령부,제한경쟁,총액제,적격심사제,202202041030,20220204,낙찰
정상공고,SFH0002,1,01464,***,22년 백령도 김치류 제조 납품,2022,SFH,제9196부대,제한경쟁,총액제,적격심사제,202202041100,20220204,낙찰
긴급공고,SFH0004,1,01628,***,22년 대청도 부식 구매 납품,2022,SFH,제9196부대,일반경쟁,총액제,적격심사제,202202041100,20220204,낙찰
긴급공고,SFH0005,1,01631,***,22년 소청도 부식 구매 납품,2022,SFH,제9196부대,일반경쟁,총액제,적격심사제,202202041100,20220204,낙찰
긴급공고,SFH0006,1,01639,***,22년 백령도 가공식품 구매 납품,2022,SFH,제9196부대,일반경쟁,총액제,적격심사제,202202041100,20220204,낙찰
긴급공고,SFH0007,1,01642,***,22년 백령도 기호식품 구매 납품,2022,SFH,제9196부대,일반경쟁,총액제,적격심사제,202202041100,20220204,낙찰
긴급공고,SFH0008,1,01644,***,22년 백령도 개선식 구매 납품,2022,SFH,제9196부대,일반경쟁,총액제,적격심사제,202202041100,20220204,낙찰
긴급공고,SFH0009,1,01647,***,22년 백령도 도서전투부식 구매 납품,2022,SFH,제9196부대,일반경쟁,총액제,적격심사제,202202041100,20220204,낙찰
긴급공고,SFH0010,1,01648,***,22년 백령도 두채류 구매 납품,2022,SFH,제9196부대,일반경쟁,총액제,적격심사제,202202041100,20220204,낙찰
정상공고,UMM0020,1,00479,***,22-국-학군교 입영훈련 전세버스 수송용역,2022,UMM,국군재정관리단,제한경쟁,총액제,적격심사제,202202041100,20220204,낙찰
정상공고,UMM0018,1,00482,***,22년 전군지원 전세버스 용역,2022,UMM,국군재정관리단,일반경쟁,총액제,적격심사제,202202041100,20220204,낙찰
정상공고,UMM0019,1,00770,***,22-해-잠수함 습식선체청락기 구매,2022,UMM,국군재정관리단,제한경쟁,총액제,적격심사제,202202041100,20220204,낙찰
정상공고,UMM0024,1,00783,***,22-해-해군지 제작 용역,2022,UMM,국군재정관리단,제한경쟁,총액제,적격심사제,202202041100,20220204,낙찰
정상공고,UMM0022,1,00786,***,22-해-입영신체검사 위탁용역,2022,UMM,국군재정관리단,일반경쟁,총액제,적격심사제,202202041100,20220204,낙찰
정상공고,UMM0021,1,01380,***,22-임대프린터 임차용역(공사),2022,UMM,국군재정관리단,제한경쟁,총액제,적격심사제,202202041100,20220204,낙찰
정상공고,UMM0023,1,01404,***,22년 공군 행정지원체계 통합 유지보수(21J082-F),2022,UMM,국군재정관리단,제한경쟁,총액제,적격심사제,202202041100,20220204,낙찰
긴급공고,HCC0001,1,01298,***,특수금속보수코팅제 등 20품목 구매(22001),2022,HCC,해군제1수리창,제한경쟁,총액제,적격심사제,202202031030,20220203,낙찰
긴급공고,HCC0002,1,01318,***,디스플레이 유닛 1품목 구매(22003),2022,HCC,해군제1수리창,제한경쟁,총액제,적격심사제,202202031030,20220203,낙찰
재공고,LKT0001,2,00866,***,22년 신병교육대 군장품 부착 용역,2022,LKT,제1989부대,수의계약,총액제,적격심사제,202202031530,20220203,유찰
정상공고,MCD0002,1,00514,***,미래 예비군 제도를 대비한 예비군 개념 정립 연구,2022,MCD,국방부(운영지원과),협상에의한계약(전자),총액제,최저가격제,202202031100,20220203,낙찰
정상공고,MDD0002,1,00539,***,2022년 국군수도병원 의약품 15품목 구매계약,2022,MDD,국군수도병원,제한경쟁,총액제,적격심사제,202202031100,20220203,낙찰
정상공고,SCH0016,1,00889,***,오수중계장 수중펌프 구매,2022,SCH,해군작전사령부,제한경쟁,총액제,적격심사제,202202031030,20220203,낙찰
긴급공고,LCG0003,1,00454,***,제12회 대한민국 호국미술대전 홍보물 제작/발송 용역,2022,LCG,육군본부,수의계약,총액제,최저가격제,202201281000,20220128,유찰
정상공고,LDH0010,1,01007,***,(자재) PP박스 9종 구매,2022,LDH,육군종합정비창,제한경쟁,총액제,적격심사제,202201281300,20220128,낙찰
정상공고,LDH0011,1,01008,***,(자재) 안티겔링 등 25종 구매,2022,LDH,육군종합정비창,수의계약,총액제,적격심사제,202201281300,20220128,순위확정
정상공고,LDH0012,1,01013,***,(자재) 단조철선 등 33종 구매,2022,LDH,육군종합정비창,제한경쟁,총액제,적격심사제,202201281300,20220128,낙찰
정상공고,LDH0013,1,01016,***,(자재) 마봉강 등 33종 구매,2022,LDH,육군종합정비창,제한경쟁,총액제,적격심사제,202201281300,20220128,낙찰
정상공고,MCD0072,1,61983,***,22년도 진급장성 삼정검수여식 행사 용역,2021,MCD,국방부(운영지원과),협상에의한계약(전자),총액제,최저가격제,202201281100,20220128,낙찰
정정공고,MDJ0006,2,00377,***,장비운영소모품-기공장비(지르코니아 블록12T 등 8종),2022,MDJ,국군대전병원,제한경쟁,총액제,적격심사제,202201281030,20220128,낙찰
긴급공고,MHD0005,1,00734,***,2022 한-유럽·아시아 방산협력 컨퍼런스 행사,2022,MHD,방위사업청(운영지원과),협상에의한계약(전자),총액제,최저가격제,202201281500,20220128,낙찰
정정공고,HCL0005,2,01171,***,파입부대 식자재,2022,HCL,공군사관학교,제한경쟁,총액제,적격심사제,202201271030,20220127,유찰
긴급공고,HCL0004,1,01172,***,'22년 생활계 폐기물 처리 용역,2022,HCL,공군사관학교,제한경쟁,총액제,적격심사제,202201271030,20220127,낙찰
긴급공고,LCG0001,1,00244,***,'22년 6·25전쟁 사료 한글화 용역,2022,LCG,육군본부,수의계약,총액제,최저가격제,202201271000,20220127,유찰
정정공고,LCG0006,2,00750,***,'22년 통합인증관리체계(SSO) 유지보수,2022,LCG,육군본부,제한경쟁,총액제,적격심사제,202201271030,20220127,낙찰
정정공고,LCG0007,2,01086,***,'22년도 <육군>지 발송 용역,2022,LCG,육군본부,수의계약,총액제,적격심사제,202201271030,20220127,유찰
정상공고,LDH0005,1,00891,***,(자재) 락카스프레이 연밤색 등 28종 구매,2022,LDH,육군종합정비창,제한경쟁,총액제,적격심사제,202201271300,20220127,낙찰
정상공고,LDH0007,1,00894,***,(자재) 환봉 등 13종 구매,2022,LDH,육군종합정비창,제한경쟁,총액제,적격심사제,202201271300,20220127,낙찰
긴급공고,MDS0002,1,01119,***,703체계 수리부속 구매(Ka-Band LNA),2022,MDS,제3707부대,제한경쟁,총액제,적격심사제,202201271030,20220127,낙찰
긴급공고,SCF0003,1,01094,***,"필터엘리먼트, 공기조절기용 1종 구매",2022,SCF,해군군수사령부,제한경쟁,총액제,적격심사제,202201271030,20220127,낙찰
긴급공고,UHD0003,1,00729,***,'22년 오수/폐수처리시설 관리용역,2022,UHD,공군 작사예하 방포사예하 제3여단,제한경쟁,총액제,적격심사제,202201271100,20220127,낙찰
정상공고,UMM0012,1,00258,***,공군 코로나19 PCR 위탁검사 용역(22J001-I),2022,UMM,국군재정관리단,일반경쟁,총액제,적격심사제,202201271100,20220127,낙찰
정상공고,UMM0013,1,00292,***,22-해-품질개선 명찰(클립형) 제조,2022,UMM,국군재정관리단,제한경쟁,총액제,적격심사제,202201271100,20220127,낙찰
정상공고,UMM0011,1,00460,***,22년 해군 코로나19 PCR 위탁검사 용역,2022,UMM,국군재정관리단,일반경쟁,총액제,적격심사제,202201271100,20220127,낙찰
정상공고,UMM0006,1,00503,***,(226006-B) 포제명찰 새김 및 벨크로 부착 제조,2022,UMM,국군재정관리단,일반경쟁,총액제,적격심사제,202201271100,20220127,낙찰
정상공고,UMM0011,1,00532,***,(22F007-A)'22년 일반화물 용역수송,2022,UMM,국군재정관리단,일반경쟁,총액제,적격심사제,202201271100,20220127,유찰
정상공고,UMM0010,1,00918,***,22-보-민간위탁배송용역(21H150-H),2022,UMM,국군재정관리단,일반경쟁,총액제,적격심사제,202201271100,20220127,유찰
정상공고,UMM0745,1,60627,***,22-해-오수관거시설 민간위탁 관리용역,2021,UMM,국군재정관리단,일반경쟁,총액제,적격심사제,202201271100,20220127,낙찰
정정공고,HCL0003,3,00749,***,간부식당 식자재,2022,HCL,공군사관학교,일반경쟁,총액제,적격심사제,202201261030,20220126,낙찰
긴급공고,HDG0002,1,00991,***,22-6 권선관사 경비용역,2022,HDG,공군제10전투비행단,제한경쟁,총액제,적격심사제,202201261100,20220126,낙찰
재공고,LKP0003,2,00306,***,'22년 지정폐기물 위탁처리 용역(대전),2022,LKP,5군수지원사령부,일반경쟁,총액제,적격심사제,202201261100,20220126,낙찰
긴급공고,LQH0002,1,00994,***,22년 음식물 쓰레기 처리 용역,2022,LQH,제3697부대,제한경쟁,총액제,적격심사제,202201261100,20220126,낙찰
재공고,SCP0001,2,00308,***,22-0함대 민간예선 위탁용역,2022,SCP,제8385부대,수의계약,총액제,적격심사제,202201261030,20220126,유찰
정상공고,UMM0007,1,00182,***,(226003-D)’22년 무공훈장(기념메달) 제조,2022,UMM,국군재정관리단,일반경쟁,총액제,적격심사제,202201261100,20220126,낙찰
긴급공고,UMM0016,1,00275,***,22-해병 병영시설 민간 전문방제 위탁용역,2022,UMM,국군재정관리단,일반경쟁,총액제,적격심사제,202201261100,20220126,낙찰
긴급공고,UMM0017,1,00436,***,22-보-육로화물 민간 수송 용역,2022,UMM,국군재정관리단,제한경쟁,총액제,적격심사제,202201261100,20220126,낙찰
정상공고,UMM0009,1,00821,***,22- 임대프린터 용역계약(작근단),2022,UMM,국군재정관리단,제한경쟁,총액제,적격심사제,202201261100,20220126,낙찰
정상공고,UMM0744,1,61970,***,22년 생활쓰레기 처리 용역,2021,UMM,국군재정관리단,일반경쟁,총액제,적격심사제,202201261100,20220126,낙찰
긴급공고,HCS0002,1,01060,***,"'22년 육류(장교,토성회관)계약",2022,HCS,제3훈련비행단,제한경쟁,총액제,적격심사제,202201251100,20220125,낙찰
긴급공고,LMG0002,1,00938,***,00지역 음식물쓰레기 위탁처리 용역,2022,LMG,제6군단사령부,제한경쟁,총액제,적격심사제,202201251130,20220125,순위확정
재공고,MCR0002,2,00298,***,생활관 침구류 세탁 용역 (단가계약),2022,MCR,국방대학교,수의계약,총액제,적격심사제,202201251330,20220125,유찰
정상공고,MDG0001,1,00455,***,22년 환의세탁용역(국군강릉병원),2022,MDG,국군의무사령부,제한경쟁,총액제,적격심사제,202201251100,20220125,유찰
정상공고,MDG0003,1,00456,***,22년 환의세탁용역(국군구리병원),2022,MDG,국군의무사령부,제한경쟁,총액제,적격심사제,202201251100,20220125,낙찰
정상공고,MDG0002,1,00459,***,22년 환의세탁용역(국군포천병원),2022,MDG,국군의무사령부,제한경쟁,총액제,적격심사제,202201251100,20220125,낙찰
정상공고,MDG0004,1,00462,***,22년 환의세탁용역(국군고양병원),2022,MDG,국군의무사령부,제한경쟁,총액제,적격심사제,202201251100,20220125,낙찰
긴급공고,MDS0001,1,00661,***,'22년 703체계 안테나시스템 외주정비 용역,2022,MDS,제3707부대,수의계약,총액제,적격심사제,202201251030,20220125,유찰
재공고,SCF0002,2,00362,***,'22년 청수 수송 용역,2022,SCF,해군군수사령부,제한경쟁,총액제,적격심사제,202201251030,20220125,낙찰
긴급공고,SCF0003,1,00471,***,'22-00창 대기자가측정 및 수질검사 용역,2022,SCF,해군군수사령부,제한경쟁,총액제,적격심사제,202201251030,20220125,낙찰
긴급공고,SFG0003,1,00739,***,22-K-음식물처리 위탁관리 용역,2022,SFG,제9181부대,일반경쟁,총액제,적격심사제,202201251100,20220125,낙찰
긴급공고,UMM0009,1,00692,***,(22F002-G)'22~'23년 육군 온나라시스템 SW유지보수,2022,UMM,국군재정관리단,일반경쟁,총액제,적격심사제,202201251100,20220125,낙찰
긴급공고,UMM0010,1,00823,***,(226002-C) 22년 1학기 교과서 구매,2022,UMM,국군재정관리단,제한경쟁,총액제,적격심사제,202201251100,20220125,낙찰
재공고,LBA0001,2,00107,001,'22년 삼일절 경축특식(글레이즈드 도넛),2022,LBA,제 2167부대,제한경쟁,단가제,적격심사제,202201241030,20220124,낙찰
정상공고,LDF0001,1,00561,***,'17년 사이버교육훈련장 구축사업 유지보수 용역,2022,LDF,육군정보통신학교,제한경쟁,총액제,적격심사제,202201241030,20220124,낙찰
정상공고,LDF0003,1,00606,***,'19년 사이버대응 훈련센터 보강사업 유지보수 용역,2022,LDF,육군정보통신학교,제한경쟁,총액제,적격심사제,202201241330,20220124,낙찰
정상공고,LDF0002,1,00607,***,'18년 사이버침해대응훈련장 구축사업 유지보수 용역,2022,LDF,육군정보통신학교,제한경쟁,총액제,적격심사제,202201241100,20220124,낙찰
긴급공고,MHD0004,1,00226,***,2022년 방위사업청 온라인 홍보,2022,MHD,방위사업청(운영지원과),협상에의한계약(전자),총액제,최저가격제,202201241500,20220124,낙찰
재공고,SCH0005,2,00104,***,감귤 등 18종 구매,2022,SCH,해군작전사령부,제한경쟁,총액제,적격심사제,202201241030,20220124,낙찰
재공고,SCH0003,2,00105,***,감자수제비 등 37종 구매,2022,SCH,해군작전사령부,제한경쟁,총액제,적격심사제,202201241030,20220124,낙찰
재공고,SCH0004,2,00106,***,도토리묵 등 44종 구매,2022,SCH,해군작전사령부,제한경쟁,총액제,적격심사제,202201241030,20220124,낙찰
긴급공고,SCP0003,1,00409,***,22-오폐수처리시설 위탁관리 용역,2022,SCP,제8385부대,제한경쟁,총액제,적격심사제,202201241030,20220124,낙찰
긴급공고,UHD0002,1,00579,***,'22년 음식물쓰레기 처리 용역,2022,UHD,공군 작사예하 방포사예하 제3여단,제한경쟁,총액제,적격심사제,202201241100,20220124,낙찰
정상공고,UMM0004,1,00332,***,22-보-선저폐수 처리용역(21H151-H),2022,UMM,국군재정관리단,일반경쟁,총액제,적격심사제,202201241100,20220124,낙찰
정상공고,UMM0005,1,00611,***,'22년 공군 항공교통관제 CBT 유지보수 용역,2022,UMM,국군재정관리단,제한경쟁,총액제,적격심사제,202201241100,20220124,낙찰
긴급공고,HCL0001,1,00544,***,복지대대 생도식당 계란조림 등 246종 구매,2022,HCL,공군사관학교,제한경쟁,총액제,적격심사제,202201211000,20220121,낙찰
긴급공고,HCQ0003,1,00582,***,"22년 기본복시시설(하늘, 은마회관) 김치 구매",2022,HCQ,공군제5공중기동비행단,제한경쟁,총액제,적격심사제,202201211100,20220121,유찰
긴급공고,HCQ0004,1,00583,***,"22년 기본복지시설(하늘, 은마회관) 식자재 구매",2022,HCQ,공군제5공중기동비행단,제한경쟁,총액제,적격심사제,202201211100,20220121,낙찰
긴급공고,LFN0001,1,00230,***,22년 충성대 신문제작 용역,2022,LFN,육군3사관학교,2단계경쟁(동시),총액제,최저가격제,202201211600,20220121,낙찰
정상공고,MCT0072,1,60499,***,22년 선수 공통피복 구매,2021,MCT,국군체육부대,2단계경쟁(동시),총액제,최저가격제,202201211100,20220121,낙찰
재공고,MDD0146,2,54835,***,2021 의무장비(체외충격파치료기) 구매 계약,2021,MDD,국군수도병원,제한경쟁,총액제,적격심사제,202201211030,20220121,낙찰
정상공고,MDJ0002,1,00374,***,'22년 대전병원 의료폐기물 처리용역 계약,2022,MDJ,국군대전병원,제한경쟁,총액제,적격심사제,202201211030,20220121,낙찰
정상공고,MDJ0001,1,00375,***,기타의약품(오피덱스 등 28종) 연간계약,2022,MDJ,국군대전병원,제한경쟁,총액제,적격심사제,202201211030,20220121,낙찰
정상공고,MDJ0003,1,00376,***,의료용가스(액체산소 등 8종) 연간계약,2022,MDJ,국군대전병원,제한경쟁,총액제,적격심사제,202201211030,20220121,낙찰
정상공고,MDJ0005,1,00402,***,장비운영소모품-기공장비(ARUM PLANT) 구매,2022,MDJ,국군대전병원,제한경쟁,총액제,적격심사제,202201211030,20220121,낙찰
긴급공고,SCF0001,1,00389,***,DDH-ll 음압격실 개조정비,2022,SCF,해군군수사령부,일반경쟁,총액제,적격심사제,202201211030,20220121,낙찰
정상공고,UMM0003,1,00538,***,'22년 공군 온나라체계 유지보수 용역,2022,UMM,국군재정관리단,제한경쟁,총액제,적격심사제,202201211100,20220121,낙찰
정상공고,UMM0743,1,61971,***,22년 승강기 관리 용역,2021,UMM,국군재정관리단,제한경쟁,총액제,적격심사제,202201211100,20220121,낙찰
긴급공고,HDE0001,1,00633,***,0000아파트 등 2개소 시설관리용역,2022,HDE,공군항공안전단,제한경쟁,총액제,적격심사제,202201201100,20220120,낙찰
재공고,LBB0006,2,00263,001,22년 삼일절 경축특식 (커피음료),2022,LBB,육군제7789부대,일반경쟁,단가제,적격심사제,202201201030,20220120,낙찰
긴급공고,LCP0001,1,00622,***,'22년 UH-60시뮬레이터(SFTS) 외주정비용역,2022,LCP,육군항공사령부,수의계약,총액제,적격심사제,202201201030,20220120,유찰
긴급공고,LCP0002,1,00624,***,'22년 항공전술훈련 시뮬레이터 외주정비용역,2022,LCP,육군항공사령부,수의계약,총액제,적격심사제,202201201030,20220120,유찰
긴급공고,LCP0003,1,00625,***,'22년 항공기 유도장비(VOR)외주정비용역,2022,LCP,육군항공사령부,일반경쟁,총액제,적격심사제,202201201030,20220120,낙찰
정상공고,LDH0001,1,00343,***,회로카드생산시스템(PCB) 구매,2022,LDH,육군종합정비창,일반경쟁,총액제,적격심사제,202201201300,20220120,유찰
정정공고,LGP0001,2,00495,001,'22년 삼일절 경축특식 훈제닭다리,2022,LGP,제1군수지원사령부,일반경쟁,단가제,적격심사제,202201201100,20220120,낙찰
긴급공고,LMP0002,1,00621,***,22년 음식물류 폐기물 처리용역 부대계약(3),2022,LMP,제3보병사단,제한경쟁,총액제,적격심사제,202201201100,20220120,낙찰
긴급공고,MHD0003,1,00191,***,2022년 방위사업청 영상 콘텐츠 제작 및 홍보,2022,MHD,방위사업청(운영지원과),협상에의한계약(전자),총액제,최저가격제,202201201500,20220120,낙찰
긴급공고,SCP0001,1,00308,***,22-0함대 민간예선 위탁용역,2022,SCP,제8385부대,수의계약,총액제,적격심사제,202201201030,20220120,유찰
긴급공고,LCN0002,1,00531,***,'22년 생도증식(건포도 등 180종) 구매,2022,LCN,육군사관학교,제한경쟁,총액제,적격심사제,202201191400,20220119,낙찰
긴급공고,LGP0002,1,00496,001,'22년 삼일절 경축특식 탄산음료,2022,LGP,제1군수지원사령부,일반경쟁,단가제,적격심사제,202201191100,20220119,낙찰
재공고,LHR0004,2,00260,***,`22년 음식물 쓰레기 처리 용역,2022,LHR,육군 제37보병사단,제한경쟁,총액제,적격심사제,202201191030,20220119,낙찰
긴급공고,LIK0004,1,00494,001,'22년 설날 경축특식 냉동슈(제조/구매),2022,LIK,제2군수지원여단,제한경쟁,단가제,적격심사제,202201191030,20220119,낙찰
긴급공고,MHD0001,1,00082,***,2022년 방위사업청 종합 홍보,2022,MHD,방위사업청(운영지원과),협상에의한계약(전자),총액제,최저가격제,202201191430,20220119,낙찰
긴급공고,MHD0002,1,00119,***,2022년 방위사업청 소식지 및 웹진 제작,2022,MHD,방위사업청(운영지원과),협상에의한계약(전자),총액제,최저가격제,202201191500,20220119,낙찰
긴급공고,SCH0009,1,00502,***,배추김치 등 9종 구매,2022,SCH,해군작전사령부,제한경쟁,총액제,적격심사제,202201191030,20220119,낙찰
재공고,LBB0003,2,00207,***,일반폐기물 위탁처리 용역(22-1차),2022,LBB,육군제7789부대,일반경쟁,총액제,적격심사제,202201181030,20220118,낙찰
재공고,LBB0004,2,00221,***,지정폐기물 위탁처리 용역(22-1차),2022,LBB,육군제7789부대,일반경쟁,총액제,적격심사제,202201181030,20220118,유찰
긴급공고,LCG0004,1,00465,***,'22년 군 사이버교육장 유지보수 용역,2022,LCG,육군본부,제한경쟁,총액제,적격심사제,202201181030,20220118,낙찰
긴급공고,LFN0002,1,00450,***,22-1학기 생도 교과서(국내서) 구매,2022,LFN,육군3사관학교,제한경쟁,총액제,적격심사제,202201181100,20220118,낙찰
정상공고,LGI0002,1,00152,001,'22년 삼일절 경축특식 아이스롤케이크,2022,LGI,제3군수지원여단,제한경쟁,단가제,적격심사제,202201181330,20220118,낙찰
정상공고,LKP0001,1,00304,***,'22년 일반폐기물 위탁처리 용역(장성),2022,LKP,5군수지원사령부,일반경쟁,총액제,적격심사제,202201181500,20220118,낙찰
정상공고,LKP0002,1,00305,***,'22년 일반폐기물 위탁처리 용역(대전),2022,LKP,5군수지원사령부,일반경쟁,총액제,적격심사제,202201181500,20220118,낙찰
정상공고,LKP0003,1,00306,***,'22년 지정폐기물 위탁처리 용역(대전),2022,LKP,5군수지원사령부,일반경쟁,총액제,적격심사제,202201181500,20220118,유찰
정정공고,LPC0003,3,00446,001,2022년 음식물류폐기물 수거운반 용역,2022,LPC,제25보병사단,제한경쟁,단가제,적격심사제,202201181100,20220118,낙찰
정상공고,MCR0002,1,00298,***,생활관 침구류 세탁 용역 (단가계약),2022,MCR,국방대학교,수의계약,총액제,적격심사제,202201181430,20220118,유찰
긴급공고,SCF0002,1,00362,***,'22년 청수 수송 용역,2022,SCF,해군군수사령부,제한경쟁,총액제,적격심사제,202201181030,20220118,유찰
긴급공고,SCN0005,1,00387,***,가스오부시 등 96종,2022,SCN,제7001부대,제한경쟁,총액제,적격심사제,202201181030,20220118,낙찰
긴급공고,SCN0004,1,00431,***,가지 등 98종(농·축산물),2022,SCN,제7001부대,제한경쟁,총액제,적격심사제,202201181030,20220118,낙찰
긴급공고,SCN0002,1,00434,***,배추김치 등 3종,2022,SCN,제7001부대,제한경쟁,총액제,적격심사제,202201181030,20220118,낙찰
정상공고,UMM0001,1,00293,***,'22년 공군 항공무장효과분석모델 통합 유지보수,2022,UMM,국군재정관리단,일반경쟁,총액제,적격심사제,202201181100,20220118,낙찰
긴급공고,UMM0669,1,55359,***,(21F193-A)대기오염측정용역(일반물질),2021,UMM,국군재정관리단,제한경쟁,총액제,적격심사제,202201181100,20220118,낙찰
긴급공고,HCS0001,1,00396,***,"'22년 공산품 및 채소류(장교,토성회관)계약",2022,HCS,제3훈련비행단,제한경쟁,총액제,적격심사제,202201171100,20220117,낙찰
긴급공고,LCF0004,1,00203,***,파병부대 소프트쉘 구매,2022,LCF,육군군수사령부,2단계경쟁(동시),총액제,최저가격제,202201171100,20220117,낙찰
정상공고,LIK0003,1,00269,001,'22년 석가탄신일 경축특식 조각케익세트 제조,2022,LIK,제2군수지원여단,제한경쟁,단가제,적격심사제,202201171030,20220117,낙찰
긴급공고,LKD0003,1,00291,001,22년 상병건강검진 민간위탁 용역,2022,LKD,제32보병사단,제한경쟁,단가제,적격심사제,202201171100,20220117,유찰
재공고,MCD0071,2,57027,***,22년도 진급장성 삼정검 수여식 행사 용역,2021,MCD,국방부(운영지원과),협상에의한계약(전자),총액제,최저가격제,202201171100,20220117,유찰
긴급공고,SCH0005,1,00104,***,감귤 등 18종 구매,2022,SCH,해군작전사령부,제한경쟁,총액제,적격심사제,202201171030,20220117,유찰
긴급공고,SCH0003,1,00105,***,감자수제비 등 37종 구매,2022,SCH,해군작전사령부,제한경쟁,총액제,적격심사제,202201171030,20220117,유찰
긴급공고,SCH0004,1,00106,***,도토리묵 등 44종 구매,2022,SCH,해군작전사령부,제한경쟁,총액제,적격심사제,202201171030,20220117,유찰
정상공고,LKF0001,1,00225,***,00부대 사업장 생활폐기물 처리 용역,2022,LKF,제6755부대,제한경쟁,총액제,적격심사제,202201141030,20220114,낙찰
정정공고,MDD0151,2,60751,***,2022년 국가지정격리병상 시설관리유지 용역 계약,2021,MDD,국군수도병원,제한경쟁,총액제,적격심사제,202201141700,20220114,낙찰
정상공고,UMM0742,1,53468,***,22년 세탁 용역,2021,UMM,국군재정관리단,제한경쟁,총액제,적격심사제,202201141100,20220114,낙찰
긴급공고,LBB0005,1,00262,001,22년 삼일절 경축특식 (냉동슈),2022,LBB,육군제7789부대,일반경쟁,단가제,적격심사제,202201131030,20220113,낙찰
긴급공고,LBB0006,1,00263,001,22년 삼일절 경축특식 (커피음료),2022,LBB,육군제7789부대,일반경쟁,단가제,적격심사제,202201131030,20220113,유찰
긴급공고,LGI0001,1,00240,001,'22년 설날 경축특식 커피,2022,LGI,제3군수지원여단,제한경쟁,단가제,적격심사제,202201131330,20220113,낙찰
긴급공고,LHR0003,1,00256,***,`22년 00부대 렌탈 프린터 용역,2022,LHR,육군 제37보병사단,제한경쟁,총액제,적격심사제,202201131030,20220113,낙찰
긴급공고,LHR0004,1,00260,***,`22년 음식물 쓰레기 처리 용역,2022,LHR,육군 제37보병사단,제한경쟁,총액제,적격심사제,202201131030,20220113,유찰
정상공고,LKG0001,1,00161,***,22년 상병건강검진 민간위탁 용역,2022,LKG,육군제53보병사단,제한경쟁,총액제,적격심사제,202201131100,20220113,유찰
긴급공고,MCR0001,1,00231,***,"월간지(안보현안분석, 린사포럼) 인쇄 용역",2022,MCR,국방대학교,제한경쟁,총액제,적격심사제,202201131430,20220113,낙찰
긴급공고,MDD0001,1,00163,***,국군수도병원 국가격리병상 CCTV 설치납품,2022,MDD,국군수도병원,제한경쟁,총액제,적격심사제,202201131100,20220113,낙찰
긴급공고,SCQ0001,1,00266,***,22-체단장 계란 등 110종 구매,2022,SCQ,제9911부대,제한경쟁,총액제,적격심사제,202201131030,20220113,낙찰
재공고,UMM0659,2,53822,***,(21F187-A)22년 상병건강검진 부분위탁검사용역,2021,UMM,국군재정관리단,수의계약,총액제,적격심사제,202201131100,20220113,유찰
긴급공고,HCF0001,1,00046,***,'22년 한마음회관 식자재 구매(김치류 제외),2022,HCF,공군군수사령부,제한경쟁,총액제,적격심사제,202201121030,20220112,낙찰
긴급공고,LBB0002,1,00201,***,22년 렌탈프린터 임차 계약,2022,LBB,육군제7789부대,제한경쟁,총액제,적격심사제,202201121030,20220112,낙찰
긴급공고,LBB0003,1,00207,***,일반폐기물 위탁처리 용역(22-1차),2022,LBB,육군제7789부대,일반경쟁,총액제,적격심사제,202201121030,20220112,유찰
긴급공고,LBB0004,1,00221,***,지정폐기물 위탁처리 용역(22-1차),2022,LBB,육군제7789부대,일반경쟁,총액제,적격심사제,202201121030,20220112,유찰
긴급공고,LKP0001,1,00199,001,22년 설날 경축특식(훈제닭다리),2022,LKP,5군수지원사령부,제한경쟁,단가제,적격심사제,202201121100,20220112,낙찰
긴급공고,UMM0668,1,55374,***,(21F192-I) '22년 대기오염 측정 용역(특정물질),2021,UMM,국군재정관리단,제한경쟁,총액제,적격심사제,202201121100,20220112,낙찰
긴급공고,LBB0001,1,00098,***,폐목재 위탁처리 용역(22-1차),2022,LBB,육군제7789부대,일반경쟁,총액제,적격심사제,202201111030,20220111,낙찰
긴급공고,LMK0001,1,00093,***,[22-C1]신체검사 부분위탁 용역,2022,LMK,제6보병사단,일반경쟁,총액제,적격심사제,202201111030,20220111,낙찰
재공고,LNF0052,3,56462,***,'22년 미래형 취사식당 시범운영 식자재 구매,2021,LNF,제1보병사단,일반경쟁,총액제,적격심사제,202201111030,20220111,낙찰
긴급공고,LNG0001,1,00169,***,OO부대 건축공사 감리용역(21-2500-37-11),2022,LNG,육군 제1군단,제한경쟁,총액제,적격심사제,202201111030,20220111,낙찰
재공고,SCF0238,2,59692,***,22-보-일반폐기물(FRP 등 7종) 처리용역,2021,SCF,해군군수사령부,수의계약,총액제,적격심사제,202201111030,20220111,유찰
정상공고,UMM0741,1,60186,***,한빛부대 14·15진 교대 전세항공수송(제3국적기),2021,UMM,국군재정관리단,일반경쟁,총액제,적격심사제,202201111100,20220111,낙찰
긴급공고,LCF0068,1,61469,***,파병부대 사막색 전투화 구매,2021,LCF,육군군수사령부,2단계경쟁(동시),총액제,최저가격제,202201101100,20220110,유찰
긴급공고,LCF0070,1,61470,***,파병부대 동운동복 등 3종 구매,2021,LCF,육군군수사령부,2단계경쟁(동시),총액제,최저가격제,202201101100,20220110,낙찰
긴급공고,LCF0071,1,61474,***,파병부대 운동화 등 2품목 구매,2021,LCF,육군군수사령부,2단계경쟁(동시),총액제,최저가격제,202201101100,20220110,낙찰
재공고,NIT0002,2,00029,***,22년 범죄정보시스템 유지보수,2022,NIT,국방부조사본부,수의계약,총액제,최저가격제,202201101600,20220110,유찰
긴급공고,MCM0019,1,58773,***,22년 00체계 유지보수,2021,MCM,4284부대,수의계약,총액제,최저가격제,202201071030,20220107,유찰
긴급공고,HDM0032,1,57650,***,`22년 레스큐가든 식자재 납품,2021,HDM,공군제17전투비행단,제한경쟁,총액제,적격심사제,202201061030,20220106,낙찰
긴급공고,LCF0076,1,59332,***,파병부대 특전복 등 2품목 구매,2021,LCF,육군군수사령부,일반경쟁,총액제,적격심사제,202201061100,20220106,낙찰
긴급공고,LCF0073,1,61475,***,파병부대 운동모 등 3품목 구매,2021,LCF,육군군수사령부,일반경쟁,총액제,적격심사제,202201061100,20220106,낙찰
긴급공고,LCF0075,1,61476,***,파병부대 전투용 안경 구매,2021,LCF,육군군수사령부,일반경쟁,총액제,적격심사제,202201061100,20220106,낙찰
긴급공고,LCF0074,1,61477,***,파병부대 반팔티 등 6품목 구매,2021,LCF,육군군수사령부,일반경쟁,총액제,적격심사제,202201061100,20220106,낙찰
재공고,UMM0676,2,51432,***,22~24년 해병대 IP 교환기 유지보수 용역,2021,UMM,국군재정관리단,일반경쟁,총액제,적격심사제,202201061100,20220106,낙찰
긴급공고,LBB0072,1,60705,001,22년 설날 경축특식 (냉동슈),2021,LBB,육군제7789부대,일반경쟁,단가제,적격심사제,202201051030,20220105,유찰
긴급공고,LBB0073,1,60717,001,22년 설날 경축특식(커피음료),2021,LBB,육군제7789부대,일반경쟁,단가제,적격심사제,202201051030,20220105,유찰
긴급공고,LGI0075,1,61230,001,'22년 설날 경축특식 조각케익,2021,LGI,제3군수지원여단,제한경쟁,단가제,적격심사제,202201051330,20220105,낙찰
정상공고,UMM0739,1,53376,***,'22~'25 국방시설본부 임대차량 용역,2021,UMM,국군재정관리단,일반경쟁,총액제,적격심사제,202201051100,20220105,낙찰
정상공고,UMM0740,1,60148,***,'22년 공군 기록관련 전산체계 통합 유지보수 용역,2021,UMM,국군재정관리단,제한경쟁,총액제,적격심사제,202201051100,20220105,낙찰
긴급공고,UMM0667,1,60447,***,(21F186-I) 22년 보급품 적재 하역 용역,2021,UMM,국군재정관리단,제한경쟁,총액제,적격심사제,202201051100,20220105,낙찰
긴급공고,LKT0080,1,60340,***,22년 프린터 임차 용역,2021,LKT,제1989부대,제한경쟁,총액제,적격심사제,202201041030,20220104,낙찰
재공고,LMB0011,2,55011,***,22년도 음식물류 폐기물 처리 용역,2021,LMB,제8278부대,제한경쟁,총액제,적격심사제,202201041100,20220104,낙찰
긴급공고,MDD0150,1,58535,***,국군수도병원 국가격리병상 CCTV 설치납품,2021,MDD,국군수도병원,제한경쟁,총액제,적격심사제,202201041030,20220104,유찰
재공고,UMM0738,2,52760,***,"22-상병건강검진 (부분,영상판독) 위탁용역",2021,UMM,국군재정관리단,일반경쟁,총액제,적격심사제,202201041100,20220104,낙찰
재공고,UMM0737,2,53478,***,22년 출근버스 임차 용역,2021,UMM,국군재정관리단,수의계약,총액제,적격심사제,202201041100,20220104,유찰
정상공고,UMM0665,1,58300,***,"'22~'23년 교환기(전자식, VoIP) 유지보수 용역",2021,UMM,국군재정관리단,일반경쟁,총액제,적격심사제,202201041100,20220104,유찰
긴급공고,HDC0031,1,57408,***,22-용-2 '22년 음식물 처리 용역,2021,HDC,공군제1전투비행단,일반경쟁,총액제,적격심사제,202201031330,20220103,유찰
긴급공고,UMM0664,1,58365,***,(21F196-I) '22년 부대하역 용역,2021,UMM,국군재정관리단,일반경쟁,총액제,적격심사제,202201031100,20220103,낙찰
