공고구분,공고번호,공고차수,판단번호,항목번호,입찰명,요구년도,발주기관코드,발주기관,계약방법,입찰방법,낙찰자결정방법,개찰일시,개찰일자,입찰결과
재공고,ER70001,2,6100,***,해상작전위성통신체계-Ⅱ,2024,ERA,우주지휘통신총괄계약팀,협상에의한계약(서류),총액제,최저가격제,202412311400,20241231,낙찰
긴급공고,HCF0252,1,62129,***,'25년 해외임무 긴급 수리부속 수송 용역(개인수하물),2024,HCF,공군군수사령부,제한경쟁,총액제,적격심사제,202412311030,20241231,유찰
정상공고,HDQ0087,1,63865,***,20비 24-통합간부식당 식자재(가공품),2024,HDQ,제20전투비행단,일반경쟁,총액제,적격심사제,202412311100,20241231,낙찰
긴급공고,LHG0064,1,63941,***,'24년 임차사업(식기세척기) 계약,2024,LHG,제1862부대,일반경쟁,총액제,적격심사제,202412311100,20241231,낙찰
긴급공고,LKH0055,1,63522,***,'25년 사단 직할대 음식물류 폐기물 처리용역,2024,LKH,제6128부대,제한경쟁,총액제,적격심사제,202412311030,20241231,유찰
재공고,MDP0013,2,62289,***,2025년 인원수송버스 임차용역,2024,MDP,한미연합군사령부,제한경쟁,총액제,적격심사제,202412311100,20241231,유찰
재공고,SCF1120,2,53600,***,모터드라이버 AZ/CL 구동용 등 2종 구매,2024,SCF,해군군수사령부,일반경쟁,총액제,적격심사제,202412311030,20241231,유찰
긴급공고,SCN0211,1,63774,***,가지 등 69종 구매,2024,SCN,제7001부대,제한경쟁,총액제,적격심사제,202412311030,20241231,낙찰
긴급공고,SDQ0127,1,61399,***,"제한기, 유체유동형 등 52종 구매",2024,SDQ,해군제2수리창,제한경쟁,총액제,적격심사제,202412311330,20241231,낙찰
긴급공고,SFG0154,1,64216,***,25-K-전기안전관리대행(김포),2024,SFG,제9181부대,제한경쟁,총액제,적격심사제,202412311030,20241231,낙찰
재공고,MDG0234,3,49113,***,25년 상병건강검진결과 모바일 서비스 용역,2024,MDG,국군의무사령부,일반경쟁,총액제,적격심사제,202412301100,20241230,낙찰
정정공고,MGA0007,2,61401,***,전략사 억제심포지엄 주제연구 및 발표,2024,MGA,전략사령부,협상에의한계약(전자),총액제,최저가격제,202412301100,20241230,유찰
긴급공고,HDM0060,1,58514,***,17비 항공관제레이더 3차전력화기지 수배전반,2024,HDM,공군제17전투비행단,일반경쟁,총액제,적격심사제,202412271030,20241227,낙찰
긴급공고,HDM0061,1,58520,***,17비 항공관제레이더 3차전력화기지 자동제어,2024,HDM,공군제17전투비행단,일반경쟁,총액제,적격심사제,202412271030,20241227,낙찰
긴급공고,LCH0085,1,63133,***,모의고공훈련장(윈드터널)성능개량및유지보수정비용역,2024,LCH,특수전사령부,제한경쟁,총액제,적격심사제,202412271030,20241227,유찰
긴급공고,LCP0057,1,62959,***,'25년 헬기위치추적체계(HAPS) SW 유지보수 용역,2024,LCP,육군항공사령부,제한경쟁,총액제,적격심사제,202412271130,20241227,낙찰
재공고,SCF1052,2,51576,001,냉동유부슬라이스 구매,2024,SCF,해군군수사령부,제한경쟁,단가제,적격심사제,202412271030,20241227,유찰
정상공고,SCF1128,1,59534,***,'25년 국외항공 특송 수송용역,2024,SCF,해군군수사령부,제한경쟁,총액제,적격심사제,202412271030,20241227,낙찰
긴급공고,SCF1127,1,60919,001,팥빙수(빙과류) 구매,2024,SCF,해군군수사령부,제한경쟁,단가제,적격심사제,202412271030,20241227,낙찰
긴급공고,SCP0126,1,61302,***,25-동 음식물류폐기물 처리 용역,2024,SCP,제8385부대,제한경쟁,총액제,적격심사제,202412271030,20241227,낙찰
긴급공고,SCP0128,1,61318,***,수육용 돼지고기 등 9종 구매,2024,SCP,제8385부대,일반경쟁,총액제,적격심사제,202412271030,20241227,낙찰
긴급공고,SCP0127,1,61352,***,오렌지 등 14종 구매,2024,SCP,제8385부대,일반경쟁,총액제,적격심사제,202412271030,20241227,낙찰
긴급공고,SCR0137,1,62711,***,25-0함대 민간 예선 위탁 용역,2024,SCR,해군제3함대사령부,제한경쟁,총액제,적격심사제,202412271030,20241227,유찰
긴급공고,SFD0131,1,63175,***,25년 전관방송 및 광전송장비 외주정비 용역,2024,SFD,제9227부대,제한경쟁,총액제,적격심사제,202412271030,20241227,낙찰
정상공고,UMM1375,1,52764,***,25-D-계룡대 출입통제체계 유지보수,2024,UMM,국군재정관리단,제한경쟁,총액제,적격심사제,202412271100,20241227,낙찰
정상공고,UMM1372,1,61570,***,24-F-국방 5G 특화망 무선네트워크 등 3건 금융리스,2024,UMM,국군재정관리단,일반경쟁,총액제,최저가격제,202412271100,20241227,유찰
긴급공고,UMM1379,1,62603,***,24-M-브리핑체계 교체 등 10건 통합 금융리스,2024,UMM,국군재정관리단,일반경쟁,총액제,최저가격제,202412271100,20241227,낙찰
긴급공고,UMM1380,1,63043,***,(24G322-A)무인고정형 스펙트럼 탐지체계 금융리스,2024,UMM,국군재정관리단,일반경쟁,총액제,최저가격제,202412271100,20241227,낙찰
긴급공고,HDE0016,1,62894,***,공군호텔 객실등 2개소 세탁물 처리 용역,2024,HDE,공군항공안전단,제한경쟁,총액제,적격심사제,202412261030,20241226,낙찰
긴급공고,HDQ0003,1,00115,***,25-의료폐기물 위탁처리 용역,2025,HDQ,제20전투비행단,제한경쟁,총액제,적격심사제,202412261100,20241226,유찰
긴급공고,MCS0141,1,62736,***,'25년 간부식당 식자재 및 소모품 구매,2024,MCS,국방부계룡대근무지원단,제한경쟁,총액제,적격심사제,202412261100,20241226,낙찰
긴급공고,SCF1126,1,54317,***,프레임 등 16종 구매,2024,SCF,해군군수사령부,제한경쟁,총액제,적격심사제,202412261030,20241226,낙찰
긴급공고,SCN0205,1,62160,***,25-진-01 음식물류 폐기물 처리용역,2024,SCN,제7001부대,제한경쟁,총액제,적격심사제,202412261030,20241226,낙찰
정상공고,SDG0071,1,61730,***,배추 등 100종 구매,2024,SDG,제2002부대,제한경쟁,총액제,적격심사제,202412261030,20241226,낙찰
긴급공고,SFD0130,1,62572,***,24-P-해안복합감시체계 외주정비 용역,2024,SFD,제9227부대,제한경쟁,총액제,적격심사제,202412261030,20241226,낙찰
긴급공고,SFH0004,1,00113,***,25-B-프린터 렌탈 용역(도서지역),2025,SFH,제9196부대,제한경쟁,총액제,적격심사제,202412261030,20241226,낙찰
긴급공고,UAB0095,1,62843,***,'25년 서귀포호텔 세탁물 처리 용역,2024,UAB,국군복지단,제한경쟁,총액제,적격심사제,202412261500,20241226,낙찰
긴급공고,UAB0099,1,62965,***,'25년 화진포콘도 세탁물처리 위탁용역(긴급),2024,UAB,국군복지단,제한경쟁,총액제,적격심사제,202412261500,20241226,낙찰
긴급공고,UAB0100,1,62975,***,'25년 청간정콘도 세탁물처리 용역,2024,UAB,국군복지단,제한경쟁,총액제,적격심사제,202412261500,20241226,낙찰
정상공고,UMM1371,1,60171,***,25-M-상병건강검진 부분 및 영상판독 위탁 용역,2024,UMM,국군재정관리단,제한경쟁,총액제,적격심사제,202412261100,20241226,낙찰
정상공고,EBB0358,1,3705,***,24-214급 잠수함(이00함) 6.5년차 창정비,2024,EBB,지상공통전력운영계약팀,수의계약,총액제,적격심사제,202412241030,20241224,유찰
긴급공고,HCM0003,1,00054,***,'25년 간부교육생 숙소 청소용역,2025,HCM,공군교육사령부,제한경쟁,총액제,적격심사제,202412241030,20241224,낙찰
긴급공고,LDH0921,1,61628,***,(자재) 폴리우레탄 녹색 구매,2024,LDH,육군종합정비창,제한경쟁,총액제,적격심사제,202412241300,20241224,유찰
긴급공고,LDH0922,1,61641,***,"(자재) 희석제,페인트제품용 구매",2024,LDH,육군종합정비창,제한경쟁,총액제,적격심사제,202412241300,20241224,낙찰
긴급공고,LDH0923,1,61646,***,(자재) 에폭시프라이머코팅키트 등 2종 구매,2024,LDH,육군종합정비창,제한경쟁,총액제,적격심사제,202412241300,20241224,유찰
긴급공고,LDH0924,1,61673,***,(자재) 제재목 등 9종 구매,2024,LDH,육군종합정비창,제한경쟁,총액제,적격심사제,202412241300,20241224,낙찰
긴급공고,LHD0059,1,62349,***,성공대아파트 싱크대 교체 제조설치(Z296)v3,2024,LHD,제21보병사단,일반경쟁,총액제,적격심사제,202412241030,20241224,낙찰
정정공고,LHR0056,2,62170,***,청안동원훈련장 관급자재(온수탱크)제조/설치 납품,2024,LHR,육군 제37보병사단,제한경쟁,총액제,적격심사제,202412241030,20241224,낙찰
긴급공고,LHR0057,1,62379,***,신교대 개수공사 관급자재 제조/구매(알루미늄쉬트),2024,LHR,육군 제37보병사단,제한경쟁,총액제,적격심사제,202412241030,20241224,유찰
긴급공고,LKH0051,1,61402,***,식기세척기 임차용역,2024,LKH,제6128부대,제한경쟁,총액제,적격심사제,202412241030,20241224,낙찰
긴급공고,LMR0068,1,61866,***,교육용 상용드론 구매,2024,LMR,제5군단사령부,제한경쟁,총액제,적격심사제,202412241030,20241224,낙찰
긴급공고,LNR0039,1,61908,***,'25년 생활폐기물 처리 용역,2024,LNR,수도기계화보병사단,제한경쟁,총액제,적격심사제,202412241100,20241224,낙찰
긴급공고,MCS0002,1,00099,***,25-OO지역 음식물류폐기물 처리용역,2025,MCS,국방부계룡대근무지원단,일반경쟁,총액제,적격심사제,202412241030,20241224,낙찰
긴급공고,MDP0013,1,62289,***,2025년 인원수송버스 임차용역,2024,MDP,한미연합군사령부,제한경쟁,총액제,적격심사제,202412241100,20241224,유찰
긴급공고,SCF1125,1,58296,***,잠수함 추진계통 통합 정비,2024,SCF,해군군수사령부,일반경쟁,총액제,적격심사제,202412241030,20241224,낙찰
정상공고,SDG0069,1,61389,***,돼지고기 앞다리살 등 11종,2024,SDG,제2002부대,제한경쟁,총액제,적격심사제,202412241030,20241224,낙찰
정상공고,SDG0070,1,61393,***,떡국떡 등 119종 구매,2024,SDG,제2002부대,제한경쟁,총액제,적격심사제,202412241030,20241224,낙찰
긴급공고,SFG0151,1,61777,***,25년 청룡회관 식자재 구매,2024,SFG,제9181부대,제한경쟁,총액제,적격심사제,202412241030,20241224,낙찰
긴급공고,SFN0005,1,00095,***,25-Y-비상수원 식수 구매 납품,2025,SFN,연평부대,일반경쟁,총액제,적격심사제,202412241030,20241224,낙찰
긴급공고,SFN0007,1,00102,***,25-Y-연평지역 부식류 민간위탁배송 용역,2025,SFN,연평부대,일반경쟁,총액제,적격심사제,202412241030,20241224,유찰
긴급공고,UAB0091,1,62374,***,24년 후반기 체력단련장 코스관리장비 구매,2024,UAB,국군복지단,일반경쟁,총액제,적격심사제,202412241100,20241224,순위확정
긴급공고,UMM1376,1,55116,***,(24G071-H)25년 MW EMS 유지보수 용역,2024,UMM,국군재정관리단,제한경쟁,총액제,적격심사제,202412241100,20241224,낙찰
긴급공고,UMM1342,1,55399,***,25-N-육로화물 수송용역,2024,UMM,국군재정관리단,일반경쟁,총액제,적격심사제,202412241100,20241224,낙찰
정상공고,UMM1359,1,58537,***,25-F-M000 H/W 유지보수,2024,UMM,국군재정관리단,일반경쟁,총액제,적격심사제,202412241100,20241224,낙찰
정상공고,UMM1367,1,59138,***,(24F321-A)25년 수료신병 수송용역,2024,UMM,국군재정관리단,제한경쟁,총액제,적격심사제,202412241100,20241224,낙찰
정상공고,UMM1363,1,60272,***,(24G314-I) VoIP 교환기 도입사업 금융리스,2024,UMM,국군재정관리단,일반경쟁,총액제,최저가격제,202412241100,20241224,낙찰
정상공고,UMM1365,1,61109,***,(24F315-A) 25년 음식물류 폐기물 위탁처리용역,2024,UMM,국군재정관리단,일반경쟁,총액제,적격심사제,202412241100,20241224,낙찰
정상공고,UMM1364,1,61194,***,(24G304-I) 출입통제시스템 노후 교체사업(금융리스),2024,UMM,국군재정관리단,일반경쟁,총액제,최저가격제,202412241100,20241224,낙찰
긴급공고,UMM1374,1,61710,***,2(24F317-A) 24-3차 정보화사업 통합금융리스,2024,UMM,국군재정관리단,일반경쟁,총액제,최저가격제,202412241100,20241224,낙찰
긴급공고,UMM1378,1,62144,***,(246404-C) 25년 계룡스파텔 호텔용품 구매,2024,UMM,국군재정관리단,제한경쟁,총액제,적격심사제,202412241100,20241224,낙찰
긴급공고,HDT0028,1,61674,***,작근단 유휴시설 철거 건설폐기물 처리용역,2024,HDT,공군작사근무지원단,제한경쟁,총액제,적격심사제,202412231100,20241223,낙찰
재공고,LCF0585,2,53664,***,MR기반 핵 및 화생방작전 교육훈련체계 선행연구용역,2024,LCF,육군군수사령부,2단계경쟁(동시),총액제,최저가격제,202412231100,20241223,낙찰
긴급공고,LFR0020,1,61538,***,"전차 표적지(영점, 고정, 이동) 구매",2024,LFR,육군기계화학교,제한경쟁,총액제,적격심사제,202412231030,20241223,낙찰
긴급공고,MCJ0011,1,61212,***,군수동원 등 이관사업 SW 직접구매 금융리스,2024,MCJ,국방통합데이터센터,일반경쟁,총액제,최저가격제,202412231100,20241223,낙찰
재공고,MDG0225,2,52703,***,25년 VoIP 교환기 유지보수용역,2024,MDG,국군의무사령부,일반경쟁,총액제,적격심사제,202412231100,20241223,유찰
긴급공고,SFG0145,1,61447,***,25년 액화석유가스 구매(소형벌크),2024,SFG,제9181부대,일반경쟁,총액제,적격심사제,202412231030,20241223,낙찰
긴급공고,MDS0003,1,00093,***,'25년 HPC체계 기반시설 유지보수 용역,2025,MDS,제3707부대,제한경쟁,총액제,적격심사제,202412201030,20241220,낙찰
정상공고,SCF1124,1,59488,***,'25년 청수 수송 용역,2024,SCF,해군군수사령부,제한경쟁,총액제,적격심사제,202412201030,20241220,낙찰
긴급공고,SCQ0133,1,60962,***,25-평 사과 등 15종 구매,2024,SCQ,제9911부대,제한경쟁,총액제,적격심사제,202412201030,20241220,낙찰
긴급공고,SCQ0135,1,60966,***,25-연 연평지구(일반무 등 38종) 구매,2024,SCQ,제9911부대,제한경쟁,총액제,적격심사제,202412201030,20241220,낙찰
긴급공고,SCQ0136,1,60968,***,25-평 슬라이스치즈 등 83종 구매,2024,SCQ,제9911부대,제한경쟁,총액제,적격심사제,202412201030,20241220,낙찰
긴급공고,SCQ0137,1,60969,***,25-평 구이용삼겹살 등 7종 구매,2024,SCQ,제9911부대,제한경쟁,총액제,적격심사제,202412201030,20241220,낙찰
긴급공고,HCQ0084,1,60879,***,25년 기본복지시설(하늘회관) 식자재 공급 계약,2024,HCQ,공군제5공중기동비행단,제한경쟁,총액제,적격심사제,202412191100,20241219,낙찰
긴급공고,HCQ0085,1,60905,***,25년 기본복지시설(하늘회관) 김치 공급 계약,2024,HCQ,공군제5공중기동비행단,제한경쟁,총액제,적격심사제,202412191100,20241219,낙찰
긴급공고,HDE0013,1,60869,***,태성대아파트 등 2개소 시설관리용역,2024,HDE,공군항공안전단,제한경쟁,총액제,적격심사제,202412191030,20241219,낙찰
긴급공고,HDK0032,1,59494,***,25년 정화시설 관리용역,2024,HDK,공군제11전투비행단,제한경쟁,총액제,적격심사제,202412191030,20241219,낙찰
긴급공고,HDK0033,1,59515,***,25년 사업장 폐기물처리 용역,2024,HDK,공군제11전투비행단,제한경쟁,총액제,적격심사제,202412191030,20241219,낙찰
긴급공고,HDQ0001,1,00087,***,25-의료폐기물 위탁처리 용역,2025,HDQ,제20전투비행단,제한경쟁,총액제,적격심사제,202412191100,20241219,유찰
긴급공고,HDQ0085,1,61000,***,"20비 24-404, 411 CCTV 구매설치",2024,HDQ,제20전투비행단,제한경쟁,총액제,적격심사제,202412191100,20241219,낙찰
긴급공고,LAZ0022,1,60985,***,작전지휘시설 선행 연구용역,2024,LAZ,드론작전사령부,일반경쟁,총액제,적격심사제,202412191030,20241219,낙찰
긴급공고,LCG0105,1,60932,***,[24-육-327] 24-4차 정보화사업 통합금융리스,2024,LCG,육군본부,일반경쟁,총액제,최저가격제,202412191230,20241219,낙찰
긴급공고,LCJ0056,1,60936,***,25년 부대하역 용역,2024,LCJ,종합보급창,일반경쟁,총액제,적격심사제,202412191100,20241219,낙찰
긴급공고,LGI0103,1,60888,001,'25-1차 부대계약 영내자증식(구운계란 등 7종),2024,LGI,제3군수지원여단,제한경쟁,단가제,적격심사제,202412191030,20241219,낙찰
긴급공고,LQG0078,1,60950,***,00부대 식기세척기 임차 용역,2024,LQG,육군 52보병사단,제한경쟁,총액제,적격심사제,202412191030,20241219,낙찰
긴급공고,MCD0088,1,60750,***,25년 예비군 웹사이트 휴대폰 본인확인 서비스,2024,MCD,국방부(운영지원과),제한경쟁,총액제,적격심사제,202412191100,20241219,낙찰
정정공고,MDG0234,2,49113,***,25년 상병건강검진결과 모바일 서비스 용역,2024,MDG,국군의무사령부,일반경쟁,총액제,적격심사제,202412191100,20241219,유찰
정상공고,MDG0235,1,57329,***,25년 의료기관종사자 잠복결핵 검진위탁,2024,MDG,국군의무사령부,제한경쟁,총액제,적격심사제,202412191100,20241219,낙찰
정상공고,MDG0233,1,57956,***,25년 환의세탁용역(국군함평병원),2024,MDG,국군의무사령부,제한경쟁,총액제,적격심사제,202412191100,20241219,유찰
긴급공고,MDP0012,1,59432,***,25~26년 렌탈프린터 임차용역,2024,MDP,한미연합군사령부,제한경쟁,총액제,적격심사제,202412191100,20241219,낙찰
긴급공고,SCF1123,1,58768,***,FFG-II 가스터빈(MT-3040) 유지보수 정비,2024,SCF,해군군수사령부,일반경쟁,총액제,적격심사제,202412191030,20241219,유찰
긴급공고,SCR0131,1,57010,***,25-욕지도 전진기지대 급식구매,2024,SCR,해군제3함대사령부,일반경쟁,총액제,적격심사제,202412191030,20241219,낙찰
긴급공고,SCR0132,1,57011,***,25-흑산도 전진기지대 및 운용대 급식구매,2024,SCR,해군제3함대사령부,일반경쟁,총액제,적격심사제,202412191030,20241219,낙찰
긴급공고,SCR0135,1,57012,***,25-추자도 운용대 급식구매,2024,SCR,해군제3함대사령부,제한경쟁,총액제,적격심사제,202412191030,20241219,낙찰
긴급공고,SCR0136,1,57013,***,25-안마도 운용대 급식구매,2024,SCR,해군제3함대사령부,제한경쟁,총액제,적격심사제,202412191030,20241219,낙찰
긴급공고,SCR0134,1,57014,***,25-거문도 운용대 급식구매,2024,SCR,해군제3함대사령부,제한경쟁,총액제,적격심사제,202412191030,20241219,낙찰
긴급공고,SCR0133,1,57015,***,25-욕지도 운용대 급식구매,2024,SCR,해군제3함대사령부,제한경쟁,총액제,적격심사제,202412191030,20241219,낙찰
긴급공고,SCR0130,1,60946,***,25년 국수(소면) 등 316종 구매,2024,SCR,해군제3함대사령부,일반경쟁,총액제,적격심사제,202412191030,20241219,낙찰
긴급공고,SFC0166,1,60824,***,24-덕-간부숙소 신축 선행연구 사업,2024,SFC,제9691부대,일반경쟁,총액제,적격심사제,202412191100,20241219,낙찰
재공고,SFG0135,2,57221,***,25-K-말도 민간선박 임차,2024,SFG,제9181부대,일반경쟁,총액제,적격심사제,202412191030,20241219,유찰
재공고,SFM0100,2,58737,***,25~27년 해병대 KAAV 해상보험 용역,2024,SFM,제3170부대,일반경쟁,총액제,적격심사제,202412191030,20241219,유찰
재공고,SFN0101,2,58828,***,25-Y-액화석유가스(LPG) 구매,2024,SFN,연평부대,제한경쟁,총액제,적격심사제,202412191030,20241219,유찰
긴급공고,UMM1360,1,56397,***,(246085-G)24년 BCTP 장비교체사업(리스자산),2024,UMM,국군재정관리단,일반경쟁,총액제,적격심사제,202412191100,20241219,낙찰
긴급공고,UMM1351,1,59908,***,(24G318-I) 전장망 사이버방호체계 교체사업 금융리스,2024,UMM,국군재정관리단,일반경쟁,총액제,최저가격제,202412191100,20241219,낙찰
긴급공고,UMM1350,1,60007,***,24-F-PC 및 노트북 등 도입사업 통합 금융리스,2024,UMM,국군재정관리단,일반경쟁,총액제,최저가격제,202412191100,20241219,낙찰
긴급공고,UMM1358,1,60678,***,24-F-네트워크 사이버방호체계 교체 등 4건 금융리스,2024,UMM,국군재정관리단,일반경쟁,총액제,최저가격제,202412191100,20241219,낙찰
정상공고,EBB0356,1,3700,***,24-209급 잠수함(나00함) 6.5년차 창정비,2024,EBB,지상공통전력운영계약팀,수의계약,총액제,적격심사제,202412181030,20241218,유찰
정상공고,EBB0357,1,3705C,***,24-214급 잠수함(손00함) 13년차 창정비,2024,EBB,지상공통전력운영계약팀,수의계약,총액제,적격심사제,202412181100,20241218,유찰
정상공고,EWA0009,1,1101,***,"장-III B-I 정비대체장비(지지대,윈치용 등 10종)",2024,EWA,한국형잠수함총괄계약팀,일반경쟁,총액제,적격심사제,202412181100,20241218,낙찰
긴급공고,HCM0076,1,60090,***,"’25년 하늘/우주식당 식자재, 축산류 구매",2024,HCM,공군교육사령부,일반경쟁,총액제,적격심사제,202412181030,20241218,낙찰
긴급공고,HDN0046,1,60427,***,’25년 음식물류 폐기물 처리 용역,2024,HDN,공군제18전투비행단,제한경쟁,총액제,적격심사제,202412181300,20241218,낙찰
정정공고,LCF0586,2,54378,***,기화기 조립체 등 14항목 제조(일장-019),2024,LCF,육군군수사령부,제한경쟁,총액제,적격심사제,202412181030,20241218,순위확정
긴급공고,LKT0083,1,60555,***,25년 1~3월 부대계약 급식품목(식육가공품) 구매,2024,LKT,제1989부대,일반경쟁,총액제,적격심사제,202412181030,20241218,낙찰
긴급공고,LKT0084,1,60569,***,25년 1~3월 부대계약 급식품목(빵류) 구매,2024,LKT,제1989부대,일반경쟁,총액제,적격심사제,202412181030,20241218,낙찰
긴급공고,MCX0078,1,59987,***,24-일반장비(다목적 송풍기) 구매,2024,MCX,자운대근무지원연대,일반경쟁,총액제,적격심사제,202412181100,20241218,낙찰
긴급공고,MDI0006,1,60446,***,'25년 전산장비 유지보수,2024,MDI,제7016부대,제한경쟁,총액제,적격심사제,202412181030,20241218,낙찰
정상공고,SCK0167,1,59965,***,25-00사 입영신체검사 위탁용역,2024,SCK,해군교육사령부,일반경쟁,총액제,적격심사제,202412181030,20241218,유찰
긴급공고,UMM1354,1,53071,***,(24G069-H)25년 전산장비 유지보수 용역,2024,UMM,국군재정관리단,제한경쟁,총액제,적격심사제,202412181100,20241218,낙찰
재공고,UMM1320,2,55370,***,25-N-전세버스 수송용역,2024,UMM,국군재정관리단,제한경쟁,총액제,적격심사제,202412181100,20241218,낙찰
긴급공고,UMM1355,1,56780,***,25-M-음식물류 폐기물 위탁처리 용역,2024,UMM,국군재정관리단,일반경쟁,총액제,적격심사제,202412181100,20241218,유찰
긴급공고,UMM1353,1,60174,***,24-F-주기장경계시스템 기반체계 교체 금융리스,2024,UMM,국군재정관리단,일반경쟁,총액제,최저가격제,202412181100,20241218,낙찰
정상공고,EKA0042,1,4010,***,"덮개,차량구성품용(소차 5차양산)",2024,EKA,기동총괄계약팀,제한경쟁,총액제,적격심사제,202412171030,20241217,낙찰
긴급공고,EKA0043,1,4160,***,차량공구셋트류,2024,EKA,기동총괄계약팀,제한경쟁,총액제,적격심사제,202412171030,20241217,낙찰
긴급공고,HDK0030,1,58763,***,25년 주거시설 계단청소 용역,2024,HDK,공군제11전투비행단,일반경쟁,총액제,적격심사제,202412171030,20241217,낙찰
재공고,HDM0057,2,51742,***,[24-0216] 귀빈공수헬기 시트 2품목 구매,2024,HDM,공군제17전투비행단,일반경쟁,총액제,적격심사제,202412171030,20241217,낙찰
긴급공고,HDN0042,1,59359,***,'25년 생활폐기물(폐합성수지류) 처리 용역,2024,HDN,공군제18전투비행단,제한경쟁,총액제,적격심사제,202412171300,20241217,낙찰
긴급공고,HDN0043,1,60140,***,'25년 오폐수처리시설 관리용역,2024,HDN,공군제18전투비행단,제한경쟁,총액제,적격심사제,202412171300,20241217,낙찰
재공고,HDP0037,2,54129,***,정비격납고 개보수/증축 관급자재(SGP 판넬) 제조,2024,HDP,공군제19전투비행단,제한경쟁,총액제,적격심사제,202412171100,20241217,낙찰
긴급공고,HDQ0083,1,60144,***,24-피해복구 건설폐기물 처리 용역,2024,HDQ,제20전투비행단,제한경쟁,총액제,적격심사제,202412171100,20241217,낙찰
긴급공고,LCF0585,1,53664,***,MR기반 핵 및 화생방작전 교육훈련체계 선행연구용역,2024,LCF,육군군수사령부,2단계경쟁(동시),총액제,최저가격제,202412171100,20241217,유찰
정정공고,LHR0002,3,00028,***,25년 음식물류 폐기물 위탁처리 용역,2025,LHR,육군 제37보병사단,제한경쟁,총액제,적격심사제,202412171030,20241217,낙찰
긴급공고,LKH0049,1,59282,***,간부숙소 붙박이장 설치납품,2024,LKH,제6128부대,제한경쟁,총액제,적격심사제,202412171030,20241217,낙찰
긴급공고,LKS0066,1,59594,***,근속30주년 기념휘장 제조,2024,LKS,육군인사사령부,일반경쟁,총액제,적격심사제,202412171030,20241217,낙찰
정상공고,LMP0051,1,59232,***,24년 정비피복 제조(정비복 외 6종),2024,LMP,제3보병사단,제한경쟁,총액제,적격심사제,202412171030,20241217,낙찰
긴급공고,LPG0038,1,60048,***,"상주GP 노후 방탄유리 설치, 납품",2024,LPG,제5보병사단,제한경쟁,총액제,적격심사제,202412171030,20241217,낙찰
긴급공고,MCD0084,1,53780,***,2025년 국방부 종합홍보용역,2024,MCD,국방부(운영지원과),협상에의한계약(전자),총액제,최저가격제,202412171700,20241217,낙찰
긴급공고,MCD0087,1,57628,***,국방 시설분야 BMI 추진전략 및 기준,2024,MCD,국방부(운영지원과),협상에의한계약(전자),총액제,최저가격제,202412171700,20241217,낙찰
긴급공고,MCS0139,1,60107,***,'25년 간부식당 김치류 구매,2024,MCS,국방부계룡대근무지원단,제한경쟁,총액제,적격심사제,202412171100,20241217,낙찰
긴급공고,MDD0119,1,58769,***,2024년 4-4차 의무비품 구매,2024,MDD,국군수도병원,제한경쟁,총액제,적격심사제,202412171700,20241217,낙찰
긴급공고,MDK0073,1,59961,***,25년 하역장비 보험,2024,MDK,국군수송사령부,일반경쟁,총액제,적격심사제,202412171100,20241217,유찰
긴급공고,MFL0010,1,59581,***,24년 워게임체계 임차 금융리스,2024,MFL,합동참모본부,일반경쟁,총액제,최저가격제,202412171100,20241217,낙찰
재공고,SCF0947,4,43308,***,Lynx 음탐 케이블 인양 검사기 유지보수 정비,2024,SCF,해군군수사령부,일반경쟁,총액제,적격심사제,202412171030,20241217,순위확정
재공고,SCF0978,2,46037,***,DDG 원격 제어밸브 정비,2024,SCF,해군군수사령부,일반경쟁,총액제,적격심사제,202412171030,20241217,낙찰
긴급공고,SCF1120,1,53600,***,모터드라이버 AZ/CL 구동용 등 2종 구매,2024,SCF,해군군수사령부,일반경쟁,총액제,적격심사제,202412171030,20241217,순위확정
정상공고,SCF1121,1,54428,***,"연결링크,강체형 등 2종 구매",2024,SCF,해군군수사령부,제한경쟁,총액제,적격심사제,202412171030,20241217,낙찰
긴급공고,SCF1122,1,58962,***,전투원용무전기 유지보수 정비,2024,SCF,해군군수사령부,일반경쟁,총액제,적격심사제,202412171030,20241217,유찰
재공고,SDF0187,2,57907,***,24-항-06 항공기 견인차 외주정비,2024,SDF,제5738부대,제한경쟁,총액제,적격심사제,202412171030,20241217,유찰
재공고,SFC0155,2,56108,***,24-덕-항온항습기 구매 설치,2024,SFC,제9691부대,제한경쟁,총액제,적격심사제,202412171030,20241217,유찰
긴급공고,SFD0124,1,58362,***,25-P-감시장비 외주정비 용역,2024,SFD,제9227부대,제한경쟁,총액제,적격심사제,202412171030,20241217,낙찰
긴급공고,SFH0001,1,00049,***,25-B-전기안전관리대행 용역(도서지역),2025,SFH,제9196부대,제한경쟁,총액제,적격심사제,202412171030,20241217,낙찰
긴급공고,SFN0102,1,59879,***,24-Y-2 기호식품 구매 납품,2024,SFN,연평부대,제한경쟁,총액제,적격심사제,202412171030,20241217,낙찰
정상공고,UMM0002,1,00002,***,25-N-해군 하역 용역,2025,UMM,국군재정관리단,일반경쟁,총액제,적격심사제,202412171100,20241217,낙찰
긴급공고,UMM1352,1,55697,***,(246409-C) 관급자재 변압기 제조,2024,UMM,국군재정관리단,제한경쟁,총액제,적격심사제,202412171100,20241217,낙찰
긴급공고,UMM1339,1,56500,***,25-M-워게임모델 H/W 유지보수,2024,UMM,국군재정관리단,제한경쟁,총액제,적격심사제,202412171100,20241217,낙찰
긴급공고,UMM1340,1,57183,***,25-M-프린터(복합기) 임차 용역,2024,UMM,국군재정관리단,일반경쟁,총액제,적격심사제,202412171100,20241217,낙찰
긴급공고,UMM1345,1,57467,***,(24F293-I) 사단 외진버스 민간용역(서부1권역),2024,UMM,국군재정관리단,제한경쟁,총액제,적격심사제,202412171100,20241217,유찰
긴급공고,UMM1346,1,57468,***,(24F294-I) 사단 외진버스 민간용역(서부2권역),2024,UMM,국군재정관리단,제한경쟁,총액제,적격심사제,202412171100,20241217,유찰
긴급공고,UMM1347,1,57469,***,(24F295-I) 사단 외진버스 민간용역 동부권역,2024,UMM,국군재정관리단,제한경쟁,총액제,적격심사제,202412171100,20241217,낙찰
정상공고,UMM1334,1,57542,***,24-M-볼음소초 생활관 자동제어 제조,2024,UMM,국군재정관리단,제한경쟁,총액제,적격심사제,202412171100,20241217,낙찰
정상공고,UMM1333,1,58686,***,24-N-스마트쉽 무선네트워크 구축 금융리스,2024,UMM,국군재정관리단,일반경쟁,총액제,최저가격제,202412171100,20241217,낙찰
재공고,EMA0025,2,2995,***,고성능영상감시체계,2024,EMA,함정총괄계약팀,수의계약,총액제,최저가격제,202412161500,20241216,유찰
긴급공고,HCR0045,1,57650,***,15비 항공관제레이더 관급자재 자동제어설치공사,2024,HCR,공군제15특수임무비행단,제한경쟁,총액제,적격심사제,202412161330,20241216,낙찰
긴급공고,LFC0080,1,59202,***,25년 1~3월 부식 제조/구매,2024,LFC,육군훈련소,일반경쟁,총액제,적격심사제,202412161100,20241216,낙찰
긴급공고,LFC0081,1,59209,***,25년 1~3월 후식 제조/구매,2024,LFC,육군훈련소,일반경쟁,총액제,적격심사제,202412161100,20241216,낙찰
긴급공고,LKQ0043,1,58848,***,'25년 항행안전시설 1종(VOR) 외주정비 용역 재공고,2024,LKQ,육군항공학교,제한경쟁,총액제,적격심사제,202412161030,20241216,낙찰
긴급공고,MCT0077,1,59600,001,25년 선수급식(공산품)구매 -3,2024,MCT,국군체육부대,일반경쟁,단가제,적격심사제,202412161030,20241216,낙찰
긴급공고,MDD0118,1,58020,***,2024년 4-3차 의무비품 구매,2024,MDD,국군수도병원,제한경쟁,총액제,적격심사제,202412161700,20241216,낙찰
긴급공고,UMM1343,1,53058,***,(24F302-A)  근조화환 지원 용역,2024,UMM,국군재정관리단,일반경쟁,총액제,적격심사제,202412161100,20241216,유찰
정상공고,LFN0040,1,55200,***,24년 3사교 모집홍보영상 제작 용역,2024,LFN,육군3사관학교,2단계경쟁(동시),총액제,최저가격제,202412131500,20241213,유찰
긴급공고,MCT0073,1,58894,001,25년 선수급식(축산)구매,2024,MCT,국군체육부대,일반경쟁,단가제,적격심사제,202412131030,20241213,순위확정
긴급공고,MCT0072,1,58896,001,25년 선수급식(유제품)구매,2024,MCT,국군체육부대,제한경쟁,단가제,적격심사제,202412131030,20241213,낙찰
긴급공고,MCT0075,1,59255,001,"25년도 선수급식(농,수산품)구매",2024,MCT,국군체육부대,일반경쟁,단가제,적격심사제,202412131030,20241213,낙찰
긴급공고,SFM0100,1,58737,***,25~27년 해병대 KAAV 해상보험 용역,2024,SFM,제3170부대,일반경쟁,총액제,적격심사제,202412131030,20241213,유찰
정상공고,UAB0088,1,58893,***,25년 국군복지단 체육시설업자 배상책임보험 재공고,2024,UAB,국군복지단,일반경쟁,총액제,적격심사제,202412131100,20241213,유찰
긴급공고,UMM1338,1,58582,***,(24G306-I) MW통신체계 성능 개선 금융리스,2024,UMM,국군재정관리단,일반경쟁,총액제,최저가격제,202412131100,20241213,낙찰
긴급공고,UMM1336,1,58784,***,(24G308-I) 전군 통합보안관제 확대구축 사업 리스,2024,UMM,국군재정관리단,일반경쟁,총액제,최저가격제,202412131100,20241213,낙찰
긴급공고,UMM1337,1,58787,***,"(24G310-I) 합참,국직부대 정보화장비구매(금융리스)",2024,UMM,국군재정관리단,일반경쟁,총액제,최저가격제,202412131100,20241213,낙찰
긴급공고,HCG0056,1,57687,***,24-공군 근속 30년 기념휘장 제조,2024,HCG,공군본부,일반경쟁,총액제,적격심사제,202412121330,20241212,낙찰
긴급공고,HCS0014,1,57641,***,3훈비 노후체육관 증개축 등 2건 관급(가구),2024,HCS,제3훈련비행단,제한경쟁,총액제,적격심사제,202412121030,20241212,유찰
긴급공고,HCS0013,1,57656,***,항공관제레이다 3차 전력화기지 공사 관급(자동제어),2024,HCS,제3훈련비행단,제한경쟁,총액제,적격심사제,202412121030,20241212,낙찰
긴급공고,LDH0920,1,58751,***,25년 보급품 하역 용역,2024,LDH,육군종합정비창,제한경쟁,총액제,적격심사제,202412121300,20241212,낙찰
긴급공고,LMU0057,1,55204,001,(25-급-001) '25-1차 부대계약 식자재(가공품류) 계약,2024,LMU,제7군수지원단,2단계경쟁(동시),단가제,최저가격제,202412121100,20241212,낙찰
긴급공고,LMU0058,1,55205,001,(25-급-002) '25-1차 부대계약 식자재(가공품류) 계약,2024,LMU,제7군수지원단,2단계경쟁(동시),단가제,최저가격제,202412121100,20241212,낙찰
긴급공고,LMU0059,1,55206,001,(25-급-003) '25-1차 부대계약 식자재(가공품류) 계약,2024,LMU,제7군수지원단,2단계경쟁(동시),단가제,최저가격제,202412121100,20241212,낙찰
긴급공고,LPC0048,1,58820,***,25사단 71여단 군수지원대대 개편 관급자재(크레인),2024,LPC,제25보병사단,제한경쟁,총액제,적격심사제,202412121100,20241212,낙찰
긴급공고,LPC0047,1,58824,***,25사단 72여단 군수지원대대 개편 관급자재(크레인),2024,LPC,제25보병사단,제한경쟁,총액제,적격심사제,202412121100,20241212,낙찰
긴급공고,LPC0046,1,58827,***,25사단 사단 군수지원대대 개편사업 관급자재(크레인),2024,LPC,제25보병사단,제한경쟁,총액제,적격심사제,202412121100,20241212,낙찰
긴급공고,LQG0077,1,58881,***,서초훈련대 과학화체계 서버 등 설치,2024,LQG,육군 52보병사단,제한경쟁,총액제,적격심사제,202412121030,20241212,낙찰
긴급공고,LQP0042,1,58729,***,24년 공병장비 구매(굴착기 회전링크등),2024,LQP,제1891부대,일반경쟁,총액제,적격심사제,202412121030,20241212,낙찰
긴급공고,LQP0043,1,58805,***,24년 정비피복 제조,2024,LQP,제1891부대,제한경쟁,총액제,적격심사제,202412121030,20241212,낙찰
정정공고,MCN0003,2,00006,***,'25년 복지시설 직원식당 식자재 구매,2025,MCN,국방부근무지원단,2단계경쟁(동시),총액제,최저가격제,202412121000,20241212,낙찰
긴급공고,MDG0231,1,58154,***,24-6차 의무물자(비상샤워기 등 3종),2024,MDG,국군의무사령부,제한경쟁,총액제,적격심사제,202412121100,20241212,낙찰
긴급공고,MDG0232,1,58155,***,24-5차 의무물자(실험의자 등 3종),2024,MDG,국군의무사령부,제한경쟁,총액제,적격심사제,202412121100,20241212,낙찰
긴급공고,MHD0101,1,58817,***,함정정보시스템용 3D CAD 프로그램 라이선스 구매,2024,MHD,방위사업청(운영지원과),제한경쟁,총액제,적격심사제,202412121430,20241212,낙찰
긴급공고,SCF1119,1,57679,***,OO함 연료유 탱크 청락/도장 외주용역,2024,SCF,해군군수사령부,일반경쟁,총액제,적격심사제,202412121030,20241212,낙찰
긴급공고,SCR0127,1,57008,***,25-포장두부 등 44종 구매,2024,SCR,해군제3함대사령부,일반경쟁,총액제,적격심사제,202412121030,20241212,낙찰
긴급공고,SFC0001,1,00029,***,25-덕-체 식재료(가지 등 174품목) 구매,2025,SFC,제9691부대,일반경쟁,총액제,적격심사제,202412121030,20241212,낙찰
긴급공고,SFC0004,1,00032,***,25-덕-체 공산품(분말짜장 등 173품목) 구매,2025,SFC,제9691부대,제한경쟁,총액제,적격심사제,202412121030,20241212,낙찰
긴급공고,SFC0161,1,58888,***,피아노 구매,2024,SFC,제9691부대,제한경쟁,총액제,적격심사제,202412121030,20241212,낙찰
긴급공고,SFN0101,1,58828,***,25-Y-액화석유가스(LPG) 구매,2024,SFN,연평부대,제한경쟁,총액제,적격심사제,202412121030,20241212,유찰
정상공고,UMM1321,1,53763,***,(24 F307-A)25년 대기오염 측정용역(특정/일반물질),2024,UMM,국군재정관리단,제한경쟁,총액제,적격심사제,202412121100,20241212,낙찰
정상공고,UMM1315,1,56622,***,25-F-배속병력 전세버스 수송용역,2024,UMM,국군재정관리단,제한경쟁,총액제,적격심사제,202412121100,20241212,낙찰
긴급공고,UMM1332,1,56635,***,25~28-D-국방시설본부 임대차량 용역,2024,UMM,국군재정관리단,일반경쟁,총액제,적격심사제,202412121100,20241212,낙찰
재공고,DSS0069,2,51673,***,첨단과학화 00장비 도입사업,2024,DSS,국군제1068부대,일반경쟁,총액제,적격심사제,202412111030,20241211,유찰
정상공고,DSS0070,1,57331,***,LAN장비 교체사업 금융리스,2024,DSS,국군제1068부대,일반경쟁,총액제,최저가격제,202412111030,20241211,낙찰
긴급공고,LCF0590,1,57600,***,방탄헬멧3형 턱끈조립체 4항목 제조(피복),2024,LCF,육군군수사령부,제한경쟁,총액제,적격심사제,202412111100,20241211,낙찰
긴급공고,LDC0025,1,58410,***,교전훈련장비 수리부속 구매(24-17차),2024,LDC,육군과학화전투훈련단,일반경쟁,총액제,적격심사제,202412111030,20241211,낙찰
긴급공고,LGC0041,1,58503,***,25~26년 주거시설 관리사무소 관리용역,2024,LGC,육군학생군사학교,지명경쟁,총액제,적격심사제,202412111030,20241211,유찰
긴급공고,LKP0159,1,58522,***,'25년 1분기 부대계약부식(빵류) 제조/구매,2024,LKP,5군수지원사령부,제한경쟁,총액제,적격심사제,202412111030,20241211,낙찰
긴급공고,LPF0085,1,58367,***,25년 렌탈프린터 임차 용역(재),2024,LPF,제51보병사단,제한경쟁,총액제,적격심사제,202412111030,20241211,낙찰
긴급공고,MCR0066,1,54973,***,25년 IP교환기 유지보수 용역,2024,MCR,국방대학교,제한경쟁,총액제,적격심사제,202412111100,20241211,낙찰
긴급공고,MCR0068,1,56356,***,'25년 통합사이버교육시스템 유지보수 용역,2024,MCR,국방대학교,제한경쟁,총액제,적격심사제,202412111100,20241211,낙찰
긴급공고,SCF1117,1,47489,***,호흡용 고압공기압축기 유지보수 정비,2024,SCF,해군군수사령부,일반경쟁,총액제,적격심사제,202412111030,20241211,낙찰
긴급공고,SCF1116,1,54284,***,플랙시블 루버 탱크 4EA 구매,2024,SCF,해군군수사령부,제한경쟁,총액제,적격심사제,202412111030,20241211,낙찰
긴급공고,SCF1118,1,56188,***,열상장비 유지보수 용역,2024,SCF,해군군수사령부,일반경쟁,총액제,적격심사제,202412111030,20241211,낙찰
정상공고,SFG0140,1,57590,***,25-K-간부숙소 청소 용역,2024,SFG,제9181부대,일반경쟁,총액제,적격심사제,202412111030,20241211,낙찰
정상공고,UMM0001,1,00015,***,25-M-전기안전관리 대행 용역,2025,UMM,국군재정관리단,제한경쟁,총액제,적격심사제,202412111100,20241211,낙찰
긴급공고,UMM1330,1,52547,***,(24F082-G)25~26년 BCTP 모델운용장비 유지보수 사업,2024,UMM,국군재정관리단,일반경쟁,총액제,적격심사제,202412111100,20241211,낙찰
정상공고,UMM1319,1,52912,***,(24G300-A)'25년  프린터 임차 용역,2024,UMM,국군재정관리단,제한경쟁,총액제,적격심사제,202412111100,20241211,낙찰
긴급공고,UMM1329,1,53642,***,24-F-전력화기지 공사 관급(UPS)제조(249162-F),2024,UMM,국군재정관리단,제한경쟁,총액제,적격심사제,202412111100,20241211,낙찰
긴급공고,UMM1325,1,56072,***,25-M-해병 프린터(복합기) 렌탈 용역,2024,UMM,국군재정관리단,제한경쟁,총액제,적격심사제,202412111100,20241211,낙찰
긴급공고,UMM1326,1,56869,***,24-F-항공관제레이더 전력화기지 수배전반 제조,2024,UMM,국군재정관리단,제한경쟁,총액제,적격심사제,202412111100,20241211,낙찰
정상공고,UMM1317,1,57492,***,(24G311-A)사이버위협 경보체계 교체사업  금융리스,2024,UMM,국군재정관리단,일반경쟁,총액제,최저가격제,202412111100,20241211,낙찰
긴급공고,UMM1324,1,58126,***,24-M-사격장 관급자재(내마모강판) 구매,2024,UMM,국군재정관리단,일반경쟁,총액제,적격심사제,202412111100,20241211,낙찰
긴급공고,UMM1327,1,58262,***,24-M-차단벽 경계울타리 제조(248261-F),2024,UMM,국군재정관리단,제한경쟁,총액제,적격심사제,202412111100,20241211,낙찰
긴급공고,UMM1328,1,58336,***,24-M-도서관 신축공사 관급자재(셔터) 제조설치,2024,UMM,국군재정관리단,제한경쟁,총액제,적격심사제,202412111100,20241211,낙찰
재공고,EBB0353,2,4617A,***,대형수송함 (LPH-Ⅰ) 외주 창정비,2024,EBB,지상공통전력운영계약팀,수의계약,총액제,적격심사제,202412101100,20241210,유찰
긴급공고,EBB0355,1,8520Z,***,KCTC 여단급 전투훈련 부족 마일즈장비,2024,EBB,지상공통전력운영계약팀,일반경쟁,총액제,적격심사제,202412101100,20241210,낙찰
연기공고,EWA0006,2,1003A,***,"장-III Batch-I 정비지원장비(차개,탄약용 등 11종)",2024,EWA,한국형잠수함총괄계약팀,수의계약,총액제,최저가격제,202412101000,20241210,유찰
긴급공고,HCF0251,1,57143,***,마이크로폰 헤드셋 구매,2024,HCF,공군군수사령부,제한경쟁,총액제,적격심사제,202412101030,20241210,낙찰
긴급공고,LFK0083,1,57597,***,조리실습장 조리시연장비(PTZ 카메라등) 설치납품,2024,LFK,육군종합군수학교,제한경쟁,총액제,적격심사제,202412101100,20241210,낙찰
긴급공고,LKD0084,1,57298,***,24-70차 육-드론 구매 계약,2024,LKD,제32보병사단,제한경쟁,총액제,적격심사제,202412101100,20241210,낙찰
긴급공고,LKH0048,1,57680,***,00여단 차단벽구조 사격장 신설 설계VE(용역),2024,LKH,제6128부대,일반경쟁,총액제,적격심사제,202412101030,20241210,낙찰
긴급공고,LMU0061,1,58095,001,(25-급-004) '25-1차 부대계약 식자재 (빵류) 계약,2024,LMU,제7군수지원단,일반경쟁,단가제,적격심사제,202412101100,20241210,낙찰
긴급공고,MCN0004,1,00016,***,’25년 사업장생활폐기물(음식물) 처리용역,2025,MCN,국방부근무지원단,일반경쟁,총액제,적격심사제,202412101030,20241210,낙찰
긴급공고,MCN0005,1,00022,***,군 주거시설 위탁관리 용역,2025,MCN,국방부근무지원단,지명경쟁,총액제,적격심사제,202412101100,20241210,낙찰
긴급공고,MDD0117,1,56587,***,2024년 재투자 의무장비(혈액가온장치) 구매,2024,MDD,국군수도병원,제한경쟁,총액제,적격심사제,202412101100,20241210,낙찰
정상공고,MDG0229,1,54012,***,25년 환의세탁용역(국군고양병원),2024,MDG,국군의무사령부,제한경쟁,총액제,적격심사제,202412101100,20241210,낙찰
정상공고,MDG0230,1,54541,***,25년 환의세탁용역(국군포천병원),2024,MDG,국군의무사령부,제한경쟁,총액제,적격심사제,202412101100,20241210,유찰
긴급공고,MDS0002,1,00024,***,'25년 통합보안시스템 유지보수 용역,2025,MDS,제3707부대,제한경쟁,총액제,적격심사제,202412101030,20241210,낙찰
재공고,SCF0893,3,42498,***,'24년 함정 헬기유도등 장치 정비,2024,SCF,해군군수사령부,일반경쟁,총액제,적격심사제,202412101030,20241210,순위확정
재공고,SCF0974,2,50430,***,해병대 누수탐지기  등 3종 구매,2024,SCF,해군군수사령부,제한경쟁,총액제,적격심사제,202412101030,20241210,순위확정
긴급공고,SCF1110,1,51644,***,냉장염지닭 등 10종 구매,2024,SCF,해군군수사령부,제한경쟁,총액제,적격심사제,202412101030,20241210,낙찰
긴급공고,SCF1111,1,51645,***,돼지생삼겹살 등 3종 구매,2024,SCF,해군군수사령부,제한경쟁,총액제,적격심사제,202412101030,20241210,유찰
긴급공고,SCF1114,1,53851,***,2함대 함정 상가대 체인잭 외주정비,2024,SCF,해군군수사령부,일반경쟁,총액제,적격심사제,202412101030,20241210,낙찰
긴급공고,SCF1113,1,54665,***,어뢰 회수용 보트(TRB) 외주정비,2024,SCF,해군군수사령부,일반경쟁,총액제,적격심사제,202412101030,20241210,낙찰
긴급공고,SCF1112,1,55174,***,"해병대 대형차량 리프트, 브릿지형 구매",2024,SCF,해군군수사령부,제한경쟁,총액제,적격심사제,202412101030,20241210,낙찰
긴급공고,SCF1109,1,56119,001,콩나물 구매,2024,SCF,해군군수사령부,제한경쟁,단가제,적격심사제,202412101030,20241210,낙찰
긴급공고,SCF1115,1,58145,***,’24년 대형수송함 지휘지원체계(CSS) 유지보수 용역,2024,SCF,해군군수사령부,일반경쟁,총액제,적격심사제,202412101030,20241210,낙찰
긴급공고,SFC0160,1,57657,***,코팅기 등 2품목 구매,2024,SFC,제9691부대,제한경쟁,총액제,적격심사제,202412101030,20241210,낙찰
정상공고,SFG0136,1,57223,***,25-K-방송시스템 유지보수 용역,2024,SFG,제9181부대,제한경쟁,총액제,적격심사제,202412101030,20241210,낙찰
정상공고,SFG0138,1,57225,***,25-K-무인감시장비(CCTV) 유지보수 용역,2024,SFG,제9181부대,일반경쟁,총액제,적격심사제,202412101030,20241210,낙찰
정상공고,SFG0139,1,57226,***,25-K-열상감시장비 유지보수 용역,2024,SFG,제9181부대,일반경쟁,총액제,적격심사제,202412101030,20241210,낙찰
긴급공고,SFL0055,1,57620,***,25-교-신병 입영신체검사(흉부 및 소변)용역,2024,SFL,제3283부대,제한경쟁,총액제,적격심사제,202412101030,20241210,낙찰
긴급공고,UMM1318,1,49976,***,24~26-N-CBT 및 사이버전 실습체계 유지보수,2024,UMM,국군재정관리단,제한경쟁,총액제,적격심사제,202412101100,20241210,낙찰
긴급공고,UMM1316,1,50230,***,(246395-D) 증류시험기 등 5종 구매,2024,UMM,국군재정관리단,일반경쟁,총액제,적격심사제,202412101100,20241210,낙찰
재공고,UMM1297,2,51861,***,24-F-항공장구 [조종사용 선글라스] 제조,2024,UMM,국군재정관리단,제한경쟁,총액제,적격심사제,202412101100,20241210,낙찰
긴급공고,UMM1294,1,52393,***,25-D-출근버스 임차용역,2024,UMM,국군재정관리단,제한경쟁,총액제,적격심사제,202412101100,20241210,유찰
긴급공고,UMM1311,1,53706,***,"24-F-항온, 항습 공조기 제조 설치(249163-F)",2024,UMM,국군재정관리단,제한경쟁,총액제,적격심사제,202412101100,20241210,낙찰
긴급공고,UMM1320,1,55370,***,25-N-전세버스 수송용역,2024,UMM,국군재정관리단,제한경쟁,총액제,적격심사제,202412101100,20241210,유찰
긴급공고,UMM1323,1,55722,***,(247408-F) 의무비품(3단 조절식 침대) 구매설치,2024,UMM,국군재정관리단,일반경쟁,총액제,적격심사제,202412101100,20241210,낙찰
정상공고,UMM1313,1,56220,***,(24G312-I) 기록관리시스템 노후 교체사업 금융리스,2024,UMM,국군재정관리단,일반경쟁,총액제,최저가격제,202412101100,20241210,낙찰
정정공고,LCF0580,2,52668,***,24-용역-10 AI기반 군수지원 소요산정 모델개발 감리,2024,LCF,육군군수사령부,협상에의한계약(서류),총액제,최저가격제,202412091400,20241209,유찰
긴급공고,MCT0064,1,57306,***,25-26년 훈련장 관리(잔디/조경)용역,2024,MCT,국군체육부대,일반경쟁,총액제,적격심사제,202412091130,20241209,낙찰
재공고,MDD0114,2,52726,***,'24년 의무장비(장기지속형 체외순환막 심폐보조장치),2024,MDD,국군수도병원,제한경쟁,총액제,적격심사제,202412091100,20241209,유찰
재공고,MDD0115,2,54006,***,'24년 재투자 의무장비(손세척대) 구매,2024,MDD,국군수도병원,제한경쟁,총액제,적격심사제,202412091100,20241209,유찰
긴급공고,UMM1265,1,51344,***,24-D-00지역 통합분청 신축 선행연구용역(B026),2024,UMM,국군재정관리단,협상에의한계약(전자),총액제,최저가격제,202412091030,20241209,낙찰
긴급공고,LCF0588,1,54041,***,무균작업대 등 5항목 구매(의무),2024,LCF,육군군수사령부,제한경쟁,총액제,적격심사제,202412061300,20241206,낙찰
긴급공고,LCF0587,1,54708,***,감압농축기 등 2항목 구매(의무),2024,LCF,육군군수사령부,제한경쟁,총액제,적격심사제,202412061200,20241206,낙찰
긴급공고,LCF0589,1,56320,***,치과유니트 이동식 동물용 등 1항목 구매(의무),2024,LCF,육군군수사령부,제한경쟁,총액제,적격심사제,202412061600,20241206,유찰
긴급공고,LKQ0042,1,55981,***,'25년 항행안전시설 1종(VOR) 외주정비 용역,2024,LKQ,육군항공학교,제한경쟁,총액제,적격심사제,202412061030,20241206,유찰
긴급공고,LPG0036,1,57128,***,24-2차 기타유지물자(경략렉) 설치 납품,2024,LPG,제5보병사단,제한경쟁,총액제,적격심사제,202412061030,20241206,낙찰
긴급공고,MCD0085,1,53924,***,2025년 신문기사 스크랩 솔루션 용역,2024,MCD,국방부(운영지원과),협상에의한계약(전자),총액제,최저가격제,202412061700,20241206,유찰
긴급공고,MHD0100,1,56910,***,’24년도 4분기 2차 전산(프린터) 소모품 구매,2024,MHD,방위사업청(운영지원과),제한경쟁,총액제,적격심사제,202412061430,20241206,낙찰
긴급공고,SFC0149,1,53413,***,24-M-CAS 시뮬레이터 구매,2024,SFC,제9691부대,2단계경쟁(동시),총액제,최저가격제,202412061030,20241206,유찰
정상공고,SFJ0029,1,56865,***,25-항-시설관리용역,2024,SFJ,제2112부대,제한경쟁,총액제,적격심사제,202412061100,20241206,낙찰
정상공고,UMM1300,1,55510,***,(24G298-I) 전산자료 보안관리시스템 등 통합금융리스,2024,UMM,국군재정관리단,일반경쟁,총액제,최저가격제,202412061100,20241206,낙찰
정상공고,UMM1307,1,56362,***,(24G299-I) 정보보호장비(방화벽) 교체사업 금융리스,2024,UMM,국군재정관리단,일반경쟁,총액제,최저가격제,202412061100,20241206,낙찰
긴급공고,ELA0035,1,5522L,***,24년 탄약류 파라핀 지환통(1차),2024,ELA,화력총괄계약팀,일반경쟁,총액제,적격심사제,202412051100,20241205,낙찰
재공고,HDC0046,2,53112,***,"'24년~'27년 LPG(난방, 취사용) 구매",2024,HDC,공군제1전투비행단,제한경쟁,총액제,적격심사제,202412051100,20241205,낙찰
긴급공고,LCG0100,1,51529,***,[24-육-288] 동원훈련장 생활관 선행연구 용역-55사,2024,LCG,육군본부,2단계경쟁(동시),총액제,최저가격제,202412051300,20241205,유찰
긴급공고,LCG0101,1,51530,***,[24-육-289] 동원훈련장 생활관 선행연구 용역-31사,2024,LCG,육군본부,2단계경쟁(동시),총액제,최저가격제,202412051300,20241205,유찰
긴급공고,LKP0157,1,54448,***,'25년 1분기 부대계약부식(식자재) 구매,2024,LKP,5군수지원사령부,일반경쟁,총액제,적격심사제,202412051030,20241205,낙찰
긴급공고,LKP0158,1,54493,***,'25년 1분기 부대계약부식(빵류) 제조,2024,LKP,5군수지원사령부,제한경쟁,총액제,적격심사제,202412051030,20241205,유찰
긴급공고,SCU0109,1,56889,001,'25~27년 제주지역 액화석유가스(LPG) 구매,2024,SCU,해군 기동함대사령부,제한경쟁,단가제,적격심사제,202412051030,20241205,낙찰
긴급공고,SCU0109,1,56889,002,'25~27년 제주지역 액화석유가스(LPG) 구매,2024,SCU,해군 기동함대사령부,제한경쟁,단가제,적격심사제,202412051030,20241205,낙찰
긴급공고,SFC0159,1,56877,***,각인기 구매,2024,SFC,제9691부대,제한경쟁,총액제,적격심사제,202412051030,20241205,낙찰
정정공고,UAB0084,2,56186,***,25년도 국군복지단 영업시설업자 배상책임보험,2024,UAB,국군복지단,일반경쟁,총액제,적격심사제,202412051100,20241205,낙찰
정상공고,UMM1293,1,55523,***,(24G303-A)-군수동원 이전사업 SW구매 금융리스,2024,UMM,국군재정관리단,일반경쟁,총액제,최저가격제,202412051100,20241205,유찰
정상공고,UMM1298,1,55941,***,(24G309-A)안보폰 기반 DDoS 보호 구축 통합 금융리스,2024,UMM,국군재정관리단,일반경쟁,총액제,최저가격제,202412051100,20241205,낙찰
긴급공고,UMM1310,1,56254,***,24-N-0함대 식기세척기(9대) 임차용역,2024,UMM,국군재정관리단,제한경쟁,총액제,적격심사제,202412051100,20241205,낙찰
재공고,EBB0352,2,0070,***,삼정검(부수기재 포함),2024,EBB,지상공통전력운영계약팀,수의계약,총액제,적격심사제,202412041100,20241204,유찰
정상공고,EBB0354,1,4956D,***,2024 셀 모듈 조립체(CAM2),2024,EBB,지상공통전력운영계약팀,수의계약,총액제,적격심사제,202412041030,20241204,유찰
긴급공고,HCM0075,1,55895,***,'25년도 하늘/우주식당 김치류 제조 구매,2024,HCM,공군교육사령부,제한경쟁,총액제,적격심사제,202412041030,20241204,낙찰
정정공고,LAZ0021,2,56660,***,24-원거리 데이터링크 소형 통신모듈 임차용역,2024,LAZ,드론작전사령부,일반경쟁,총액제,적격심사제,202412041030,20241204,유찰
긴급공고,LHN0083,1,56463,***,중거리 열상카메라 구매,2024,LHN,제7보병사단,일반경쟁,총액제,적격심사제,202412041030,20241204,유찰
긴급공고,LHQ0054,1,55611,***,00대대 대테러 특수피복 및 물자구매,2024,LHQ,제2작전사령부,일반경쟁,총액제,적격심사제,202412041100,20241204,낙찰
긴급공고,LHQ0055,1,55635,***,00대대 대테러 특수피복(군용장구류) 구매,2024,LHQ,제2작전사령부,제한경쟁,총액제,적격심사제,202412041100,20241204,낙찰
긴급공고,LHQ0056,1,55654,***,00대대 대테러 특수피복(군복류) 제조,2024,LHQ,제2작전사령부,제한경쟁,총액제,적격심사제,202412041100,20241204,낙찰
긴급공고,LQP0036,1,55627,***,어라운드뷰 형 카메라 구매,2024,LQP,제1891부대,일반경쟁,총액제,적격심사제,202412041030,20241204,낙찰
긴급공고,MDR0066,1,51119,***,25년 간부식당 및 회관 식자재 구매,2024,MDR,제9965부대,2단계경쟁(동시),총액제,최저가격제,202412041000,20241204,낙찰
긴급공고,MFH0018,1,56533,***,EMP 성능시험장비 유지보수 용역,2024,MFH,국방시설본부,제한경쟁,총액제,적격심사제,202412041030,20241204,유찰
재공고,MGO0009,2,49822,***,K계열 전차포 자동정비체계 도입(120mm),2024,MGO,국방기술품질원,2단계경쟁(동시),총액제,최저가격제,202412041500,20241204,낙찰
재공고,MGO0008,2,49824,***,K계열 전차포 자동정비체계 도입(105mm),2024,MGO,국방기술품질원,2단계경쟁(동시),총액제,최저가격제,202412041500,20241204,낙찰
재공고,SCF1035,2,45133,***,'24년 수소제조시설 고압 압축기 정비,2024,SCF,해군군수사령부,일반경쟁,총액제,적격심사제,202412041030,20241204,유찰
재공고,SCF0979,2,46047,***,잠수함(SS-III) 연료전지 모듈 정비,2024,SCF,해군군수사령부,일반경쟁,총액제,적격심사제,202412041030,20241204,낙찰
정상공고,SCU0108,1,53624,001,25-00전대 혼합폐기물 처리 용역,2024,SCU,해군 기동함대사령부,제한경쟁,단가제,적격심사제,202412041030,20241204,낙찰
긴급공고,SFN0002,1,00009,***,25-Y-무인감시장비 유지보수용역,2025,SFN,연평부대,제한경쟁,총액제,적격심사제,202412041030,20241204,낙찰
긴급공고,UMM1309,1,49043,***,(246390-F) 고철 압축기 제조설치,2024,UMM,국군재정관리단,제한경쟁,총액제,적격심사제,202412041100,20241204,낙찰
긴급공고,UMM1306,1,49162,***,24-N-병탄창 관급자재(항온항습기) 제조설치,2024,UMM,국군재정관리단,일반경쟁,총액제,적격심사제,202412041100,20241204,낙찰
긴급공고,UMM1308,1,51377,***,(246400-C) 골프연습장 오토티업기 교체,2024,UMM,국군재정관리단,일반경쟁,총액제,적격심사제,202412041100,20241204,낙찰
긴급공고,UMM1304,1,52947,***,(24F077-B1) 지능형디지털아카이브체계 유지보수 용역,2024,UMM,국군재정관리단,제한경쟁,총액제,적격심사제,202412041100,20241204,낙찰
정정공고,UMM1290,2,54573,***,(24G277-I) 출입통제시스템 노후교체 사업 금융리스,2024,UMM,국군재정관리단,일반경쟁,총액제,최저가격제,202412041100,20241204,유찰
정상공고,DSS0069,1,51673,***,첨단과학화 00장비 도입사업,2024,DSS,국군제1068부대,일반경쟁,총액제,적격심사제,202412031030,20241203,유찰
정상공고,ESA0009,1,5055,***,천궁II 구성장비 재도장,2024,ESA,유도무기총괄계약팀,일반경쟁,총액제,적격심사제,202412031100,20241203,유찰
정상공고,EWA0008,1,1011A,***,"장-III B-I 정비대체/지원장비(센서,전류용 등 7종)",2024,EWA,한국형잠수함총괄계약팀,수의계약,총액제,적격심사제,202412031400,20241203,유찰
긴급공고,HCF0250,1,56069,***,F-16 ASPJ 지원장비 유지보수,2024,HCF,공군군수사령부,제한경쟁,총액제,적격심사제,202412031030,20241203,유찰
긴급공고,HCR0043,1,55663,***,15비 간부숙소 신축 관급자재 - 가구1,2024,HCR,공군제15특수임무비행단,제한경쟁,총액제,적격심사제,202412031330,20241203,낙찰
긴급공고,LAZ0018,1,56110,***,24- 라이다(LIDAR) 맵핑드론 임차용역,2024,LAZ,드론작전사령부,일반경쟁,총액제,적격심사제,202412031030,20241203,유찰
긴급공고,LAZ0019,1,56113,***,24-동계용 무인항공기 시스템 제어 배터리 임차용역,2024,LAZ,드론작전사령부,일반경쟁,총액제,적격심사제,202412031030,20241203,유찰
긴급공고,LCG0103,1,53261,***,[24-육-292] '25년 밀리터리 이미지넷 유지보수,2024,LCG,육군본부,제한경쟁,총액제,적격심사제,202412031230,20241203,낙찰
긴급공고,LCH0073,1,55506,***,00부대 간편식 구매(1-24-물-4),2024,LCH,특수전사령부,제한경쟁,총액제,적격심사제,202412031030,20241203,낙찰
긴급공고,LCH0074,1,55511,***,00부대 간편식 구매(9-24-물-2),2024,LCH,특수전사령부,제한경쟁,총액제,적격심사제,202412031030,20241203,낙찰
긴급공고,LDH0917,1,55542,***,00부대 주거시설 관리위탁용역,2024,LDH,육군종합정비창,지명경쟁,총액제,최저가격제,202412031100,20241203,낙찰
긴급공고,LDH0919,1,56148,***,(자재) 폴리우레탄 녹색 구매,2024,LDH,육군종합정비창,제한경쟁,총액제,적격심사제,202412031300,20241203,낙찰
긴급공고,LGI0102,1,52109,001,'25-1차 부대계약 부식(빵류) 구매,2024,LGI,제3군수지원여단,제한경쟁,단가제,적격심사제,202412031030,20241203,낙찰
긴급공고,LGI0101,1,52112,001,'25-1차 부대계약 부식(식육가공품류) 구매,2024,LGI,제3군수지원여단,제한경쟁,단가제,적격심사제,202412031030,20241203,낙찰
긴급공고,LGP0167,1,56162,001,25-1차 빵류 다수품목 단가계약(구매),2024,LGP,제1군수지원사령부,일반경쟁,단가제,적격심사제,202412031100,20241203,낙찰
재공고,LHN0081,2,53779,***,24-신영-03 5여단후방CP 병영생활관 신축(CATV),2024,LHN,제7보병사단,지명경쟁,총액제,적격심사제,202412031030,20241203,낙찰
긴급공고,LHP0054,1,55079,***,'24년 GP복원 중거리카메라 제조 및 설치 납품,2024,LHP,제22보병사단,일반경쟁,총액제,적격심사제,202412031030,20241203,낙찰
긴급공고,LKQ0041,1,55254,***,항공교통관제 시뮬레이터 외주정비,2024,LKQ,육군항공학교,제한경쟁,총액제,적격심사제,202412031030,20241203,낙찰
긴급공고,LPF0084,1,55326,***,유휴시설 2공구 철거공사 - 건설폐기물처리 24-197,2024,LPF,제51보병사단,제한경쟁,총액제,적격심사제,202412031100,20241203,낙찰
긴급공고,LPM0053,1,55315,***,정비용 장비(유압유 플러싱) 제조 계약,2024,LPM,제9보병사단사령부,제한경쟁,총액제,적격심사제,202412031100,20241203,낙찰
긴급공고,LPM0054,1,55316,***,정비용 장비(유압유 오염도 측정기) 제조 계약,2024,LPM,제9보병사단사령부,제한경쟁,총액제,적격심사제,202412031100,20241203,낙찰
긴급공고,LPM0057,1,55729,***,재-002-1 작전대기시설 컨테이너 제조설치 납품,2024,LPM,제9보병사단사령부,제한경쟁,총액제,적격심사제,202412031030,20241203,낙찰
긴급공고,LPM0058,1,56271,***,여성화장실(기타이동식화장실) 제조설치,2024,LPM,제9보병사단사령부,제한경쟁,총액제,적격심사제,202412031030,20241203,낙찰
긴급공고,MDD0116,1,54826,***,2024년 4-2차 의무비품 구매,2024,MDD,국군수도병원,제한경쟁,총액제,적격심사제,202412031700,20241203,낙찰
긴급공고,MDN0029,1,55618,***,휴대용 액체폭약탐지기 구매,2024,MDN,국군화생방방호사령부,제한경쟁,총액제,적격심사제,202412031100,20241203,유찰
재공고,SCF0983,3,44033,***,손원일급 잠수함 통신마스트 유압실린더 정비,2024,SCF,해군군수사령부,일반경쟁,총액제,적격심사제,202412031030,20241203,순위확정
재공고,SCF0965,2,45366,***,'24년 중어뢰(SUT) 전압조절기카드 부품정비,2024,SCF,해군군수사령부,일반경쟁,총액제,적격심사제,202412031030,20241203,유찰
재공고,SCF1044,2,49110,***,전력계(110GHz)1EA 구매,2024,SCF,해군군수사령부,제한경쟁,총액제,적격심사제,202412031030,20241203,유찰
재공고,SCF0976,2,50486,***,엔진오일 교환기 등 2종 구매,2024,SCF,해군군수사령부,제한경쟁,총액제,적격심사제,202412031030,20241203,순위확정
재공고,SCF0982,2,50781,***,도산안창호급 잠수함 군위성 통신기 안테나 정비,2024,SCF,해군군수사령부,일반경쟁,총액제,적격심사제,202412031030,20241203,순위확정
긴급공고,SCF1090,1,51631,001,훈제연어(슬라이스) 구매,2024,SCF,해군군수사령부,제한경쟁,단가제,적격심사제,202412031030,20241203,낙찰
긴급공고,SCF1091,1,51632,001,훈제연어(덩어리/냉동) 구매,2024,SCF,해군군수사령부,제한경쟁,단가제,적격심사제,202412031030,20241203,낙찰
긴급공고,SCF1092,1,51633,001,감자고로케 구매,2024,SCF,해군군수사령부,제한경쟁,단가제,적격심사제,202412031030,20241203,낙찰
긴급공고,SCF1093,1,51634,001,모듬수제소시지 구매,2024,SCF,해군군수사령부,제한경쟁,단가제,적격심사제,202412031030,20241203,낙찰
긴급공고,SCF1094,1,51635,001,우엉조림 구매,2024,SCF,해군군수사령부,제한경쟁,단가제,적격심사제,202412031030,20241203,낙찰
긴급공고,SCF1095,1,51636,001,연근조림 구매,2024,SCF,해군군수사령부,제한경쟁,단가제,적격심사제,202412031030,20241203,낙찰
긴급공고,SCF1096,1,51637,001,토스트소스,2024,SCF,해군군수사령부,제한경쟁,단가제,적격심사제,202412031030,20241203,낙찰
긴급공고,SCF1097,1,51638,001,오이피클(슬라이스) 구매,2024,SCF,해군군수사령부,제한경쟁,단가제,적격심사제,202412031030,20241203,낙찰
긴급공고,SCF1098,1,51639,001,고추튀김 구매,2024,SCF,해군군수사령부,제한경쟁,단가제,적격심사제,202412031030,20241203,낙찰
긴급공고,SCF1105,1,51640,***,바나나등 14종 구매,2024,SCF,해군군수사령부,제한경쟁,총액제,적격심사제,202412031030,20241203,낙찰
긴급공고,SCF1106,1,51641,***,낙지젓갈 등  2종 구매,2024,SCF,해군군수사령부,제한경쟁,총액제,적격심사제,202412031030,20241203,낙찰
긴급공고,SCF1107,1,51642,***,마늘장아찌 등 3종 구매,2024,SCF,해군군수사령부,제한경쟁,총액제,적격심사제,202412031030,20241203,낙찰
긴급공고,SCF1108,1,51643,***,진미채볶음 등 3종 구매,2024,SCF,해군군수사령부,제한경쟁,총액제,적격심사제,202412031030,20241203,낙찰
긴급공고,SCF1099,1,52792,***,침구류 살균 청소기 등 2종 구매,2024,SCF,해군군수사령부,제한경쟁,총액제,적격심사제,202412031030,20241203,낙찰
긴급공고,SCF1103,1,52957,***,유압 오일 400PL 구매,2024,SCF,해군군수사령부,제한경쟁,총액제,적격심사제,202412031030,20241203,낙찰
긴급공고,SCF1104,1,55137,***,"온도계, 표시용 저항식 등 5종 구매",2024,SCF,해군군수사령부,제한경쟁,총액제,적격심사제,202412031030,20241203,낙찰
긴급공고,SFC0154,1,56100,***,24-덕-총기보관함 구매,2024,SFC,제9691부대,제한경쟁,총액제,적격심사제,202412031030,20241203,낙찰
긴급공고,SFC0155,1,56108,***,24-덕-항온항습기 구매 설치,2024,SFC,제9691부대,제한경쟁,총액제,적격심사제,202412031030,20241203,유찰
긴급공고,SFC0156,1,56122,***,24-덕-체 엔진톱 등 2품목 구매,2024,SFC,제9691부대,제한경쟁,총액제,적격심사제,202412031030,20241203,낙찰
긴급공고,SFC0157,1,56135,***,의료기재(항공용 응급처치가방 등 2품목) 구매,2024,SFC,제9691부대,제한경쟁,총액제,적격심사제,202412031030,20241203,낙찰
재공고,SFL0052,2,53198,***,24-경-유격교육대 생활관 증축공사 관급자재(타일),2024,SFL,제3283부대,제한경쟁,총액제,적격심사제,202412031030,20241203,유찰
긴급공고,UMM1275,1,44062,***,"24-N-시험세트,기만기용 제조",2024,UMM,국군재정관리단,일반경쟁,총액제,적격심사제,202412031100,20241203,유찰
재공고,UMM1248,2,46146,***,24-D-기동위성송출장비 제조(241058-F),2024,UMM,국군재정관리단,제한경쟁,총액제,적격심사제,202412031100,20241203,낙찰
정상공고,UMM1289,1,51225,***,(24F286-I) 개인정보영향평가 용역,2024,UMM,국군재정관리단,제한경쟁,총액제,적격심사제,202412031100,20241203,낙찰
긴급공고,UMM1297,1,51861,***,24-F-항공장구 [조종사용 선글라스] 제조,2024,UMM,국군재정관리단,제한경쟁,총액제,적격심사제,202412031100,20241203,유찰
긴급공고,UMM1296,1,54258,***,24-N-병탄창 관급자재(자동제어) 제조,2024,UMM,국군재정관리단,제한경쟁,총액제,적격심사제,202412031100,20241203,낙찰
정상공고,UMM1291,1,54595,***,(24G288-I) PC 교체도입 금융리스,2024,UMM,국군재정관리단,일반경쟁,총액제,최저가격제,202412031100,20241203,낙찰
긴급공고,UMM1295,1,55342,***,24-D-계룡대 출입통제체계 교체 금융리스,2024,UMM,국군재정관리단,일반경쟁,총액제,최저가격제,202412031100,20241203,낙찰
재공고,HCL0070,2,47660,***,24-324 전자적 지상지원장치,2024,HCL,공군사관학교,2단계경쟁(동시),총액제,최저가격제,202412021030,20241202,유찰
정상공고,MDG0225,1,52703,***,25년 VoIP 교환기 유지보수용역,2024,MDG,국군의무사령부,일반경쟁,총액제,적격심사제,202412021100,20241202,유찰
정상공고,MDG0226,1,52994,***,24년 의무장비(환자관찰장치 이동형) 구매,2024,MDG,국군의무사령부,제한경쟁,총액제,적격심사제,202412021100,20241202,유찰
정상공고,UMM1277,1,54495,***,(24G285-A) 출입통제시스템 구축 사업 금융리스,2024,UMM,국군재정관리단,일반경쟁,총액제,최저가격제,202412021100,20241202,낙찰
정상공고,UMM1278,1,54501,***,(24G305-A) 24년 IP교환기 노후교체 사업 금융리스,2024,UMM,국군재정관리단,일반경쟁,총액제,최저가격제,202412021100,20241202,낙찰
재공고,EPA0031,2,7000A,***,TA-50 Block2 지원장비류,2024,EPA,항공기총괄계약팀,수의계약,총액제,적격심사제,202411291100,20241129,유찰
긴급공고,LGI0089,1,52102,001,'25-1차 부대계약 부식(신남지역) 구매,2024,LGI,제3군수지원여단,2단계경쟁(동시),단가제,최저가격제,202411291030,20241129,낙찰
긴급공고,LGI0090,1,52105,001,'25-1차 부대계약 부식(양구지역) 구매,2024,LGI,제3군수지원여단,2단계경쟁(동시),단가제,최저가격제,202411291030,20241129,낙찰
긴급공고,LGI0091,1,52106,001,'25-1차 부대계약 부식(고성지역) 구매,2024,LGI,제3군수지원여단,2단계경쟁(동시),단가제,최저가격제,202411291030,20241129,낙찰
긴급공고,LGI0092,1,52107,001,'25-1차 부대계약 부식(강릉지역) 구매,2024,LGI,제3군수지원여단,2단계경쟁(동시),단가제,최저가격제,202411291030,20241129,낙찰
긴급공고,LGI0093,1,52488,001,'25-1차 부대계약 부식(인제지역) 구매,2024,LGI,제3군수지원여단,2단계경쟁(동시),단가제,최저가격제,202411291030,20241129,낙찰
긴급공고,LGT0091,1,52288,***,군 주거시설 운영 및 관리위탁용역,2024,LGT,제2307부대,2단계경쟁(동시),총액제,최저가격제,202411291100,20241129,유찰
긴급공고,LPC0045,1,54571,***,무정전 전원공급기 제조/설치,2024,LPC,제25보병사단,일반경쟁,총액제,적격심사제,202411291100,20241129,낙찰
긴급공고,LPG0033,1,53017,***,무인예초기 제조/구매,2024,LPG,제5보병사단,2단계경쟁(분리),총액제,적격심사제,202411291030,20241129,유찰
긴급공고,MDR0067,1,51498,***,'25~26년 주거시설 민간위탁 관리용역,2024,MDR,제9965부대,2단계경쟁(동시),총액제,최저가격제,202411291100,20241129,유찰
정상공고,SFM0095,1,54287,***,25-S-식자재 위탁배송 용역,2024,SFM,제3170부대,일반경쟁,총액제,적격심사제,202411291030,20241129,낙찰
정상공고,UMM1272,1,52680,***,(24G297-B1) 노후 화상회의 시스템 교체사업(금융리스,2024,UMM,국군재정관리단,일반경쟁,총액제,최저가격제,202411291100,20241129,낙찰
정상공고,DSS0065,1,53749,***,00부대 마이크로필름장비 유지보수 용역,2024,DSS,국군제1068부대,제한경쟁,총액제,적격심사제,202411281030,20241128,낙찰
정상공고,EKA0041,1,4150,***,위장망체계 지지대세트류,2024,EKA,기동총괄계약팀,수의계약,총액제,적격심사제,202411281030,20241128,유찰
긴급공고,HCM0074,1,54586,***,’24-09-325 비디오프로젝터 등 3품목 구매,2024,HCM,공군교육사령부,제한경쟁,총액제,적격심사제,202411281030,20241128,낙찰
재공고,HDC0045,2,53110,***,'24~'25년 영외자식당 식자재 구매,2024,HDC,공군제1전투비행단,일반경쟁,총액제,적격심사제,202411281100,20241128,낙찰
긴급공고,LCJ0051,1,54836,***,(24육군-해파80)동명부대 640w 발전기 세트 제조,2024,LCJ,종합보급창,제한경쟁,총액제,적격심사제,202411281100,20241128,낙찰
긴급공고,LKP0155,1,54831,***,'25년 급식 민간위탁배송(중앙조달 경북권),2024,LKP,5군수지원사령부,일반경쟁,총액제,적격심사제,202411281030,20241128,낙찰
긴급공고,LKP0156,1,54832,***,'25년 급식 민간위탁배송(중앙조달 전라권),2024,LKP,5군수지원사령부,일반경쟁,총액제,적격심사제,202411281030,20241128,낙찰
긴급공고,LKQ0036,1,53941,***,KUH-1 시뮬레이터 외주정비,2024,LKQ,육군항공학교,제한경쟁,총액제,적격심사제,202411281030,20241128,낙찰
긴급공고,LKQ0037,1,54615,***,LAH 시뮬레이터 외주정비,2024,LKQ,육군항공학교,제한경쟁,총액제,적격심사제,202411281030,20241128,낙찰
긴급공고,LKQ0038,1,54657,***,비행3종 시뮬레이터 외주정비,2024,LKQ,육군항공학교,제한경쟁,총액제,적격심사제,202411281030,20241128,유찰
긴급공고,LKQ0039,1,54658,***,전술훈련 시뮬레이터 외주정비,2024,LKQ,육군항공학교,제한경쟁,총액제,적격심사제,202411281030,20241128,낙찰
긴급공고,MCM0022,1,51862,***,'25년 침해사고 조사도구(바이러스 DB)라이선스 구매,2024,MCM,4284부대,제한경쟁,총액제,적격심사제,202411281030,20241128,낙찰
긴급공고,MCM0021,1,51911,***,'25년 국방사이버훈련장 구축(라이선스 구매),2024,MCM,4284부대,제한경쟁,총액제,적격심사제,202411281030,20241128,낙찰
긴급공고,MDF0038,1,54671,***,25~26년 합동전파관리시스템 유지보수용역(JSMS),2024,MDF,국군지휘통신사령부,제한경쟁,총액제,적격심사제,202411281100,20241128,낙찰
긴급공고,MDK0067,1,54809,***,54톤 트랙터 구매,2024,MDK,국군수송사령부,제한경쟁,총액제,적격심사제,202411281100,20241128,유찰
정상공고,MDP0011,1,53946,***,24년 지형분석장비 구매 금융리스,2024,MDP,한미연합군사령부,일반경쟁,총액제,최저가격제,202411281100,20241128,낙찰
긴급공고,SCF1080,1,51590,001,뼈발골닭다리정육 구매,2024,SCF,해군군수사령부,제한경쟁,단가제,적격심사제,202411281030,20241128,낙찰
긴급공고,SCF1081,1,51591,001,새우튀김 구매,2024,SCF,해군군수사령부,제한경쟁,단가제,적격심사제,202411281030,20241128,낙찰
긴급공고,SCF1082,1,51594,001,생수 구매,2024,SCF,해군군수사령부,제한경쟁,단가제,적격심사제,202411281030,20241128,낙찰
정정공고,SCF1083,2,51601,001,씻어나온쌀 구매,2024,SCF,해군군수사령부,제한경쟁,단가제,적격심사제,202411281030,20241128,낙찰
긴급공고,SCF1084,1,51625,001,양송이스프 구매,2024,SCF,해군군수사령부,제한경쟁,단가제,적격심사제,202411281030,20241128,낙찰
정정공고,SCF1085,2,51626,001,요거트푸딩 구매,2024,SCF,해군군수사령부,제한경쟁,단가제,적격심사제,202411281030,20241128,낙찰
긴급공고,SCF1086,1,51627,001,재첩국 구매,2024,SCF,해군군수사령부,제한경쟁,단가제,적격심사제,202411281030,20241128,낙찰
긴급공고,SCF1087,1,51628,001,치즈스틱 구매,2024,SCF,해군군수사령부,제한경쟁,단가제,적격심사제,202411281030,20241128,낙찰
긴급공고,SCF1088,1,51629,001,크림파스타소스 구매,2024,SCF,해군군수사령부,제한경쟁,단가제,적격심사제,202411281030,20241128,낙찰
긴급공고,SCF1089,1,51630,001,포장순대(슬라이스) 구매,2024,SCF,해군군수사령부,제한경쟁,단가제,적격심사제,202411281030,20241128,낙찰
긴급공고,SCF1079,1,53696,***,수액조절기 6EA 구매,2024,SCF,해군군수사령부,제한경쟁,총액제,적격심사제,202411281030,20241128,낙찰
정상공고,UAB0066,1,48491,***,25년도 국군복지단 식자재 통합 계약,2024,UAB,국군복지단,2단계경쟁(동시),총액제,최저가격제,202411281000,20241128,낙찰
정상공고,UAB0078,1,53800,***,처인체력단련장 세탁물처리 용역,2024,UAB,국군복지단,일반경쟁,총액제,적격심사제,202411281500,20241128,낙찰
정상공고,UAB0077,1,54472,***,동여주체력단련장 세탁물처리 용역,2024,UAB,국군복지단,일반경쟁,총액제,적격심사제,202411281500,20241128,낙찰
긴급공고,UMM1276,1,41362,***,(247276-E) 드론 작전용 특장차량 제조납품,2024,UMM,국군재정관리단,일반경쟁,총액제,적격심사제,202411281100,20241128,낙찰
긴급공고,UMM1287,1,45921,***,(247384-C) 패스트로프 등 3종 구매,2024,UMM,국군재정관리단,제한경쟁,총액제,적격심사제,202411281100,20241128,낙찰
긴급공고,UMM1285,1,48322,***,"(246374-D) 조끼, 방탄복 3형 구성품 5종 제조",2024,UMM,국군재정관리단,제한경쟁,총액제,적격심사제,202411281100,20241128,낙찰
긴급공고,UMM1279,1,49209,***,(24F263-I) 프린터 임차용역,2024,UMM,국군재정관리단,제한경쟁,총액제,적격심사제,202411281100,20241128,낙찰
긴급공고,UMM1288,1,49844,***,(24F075-G)25~'26년 육군기록관리시스템 유지보수용역,2024,UMM,국군재정관리단,일반경쟁,총액제,적격심사제,202411281100,20241128,낙찰
긴급공고,UMM1280,1,52652,***,(24G067-H)교육기재장비 유지보수 용역,2024,UMM,국군재정관리단,일반경쟁,총액제,적격심사제,202411281100,20241128,낙찰
긴급공고,UMM1281,1,54695,***,24~29-N-해사종합정보체계 서버 교체 금융리스,2024,UMM,국군재정관리단,일반경쟁,총액제,최저가격제,202411281100,20241128,낙찰
긴급공고,UMM1283,1,54778,***,(24F271-I) 얼음정수기 임차용역,2024,UMM,국군재정관리단,일반경쟁,총액제,적격심사제,202411281100,20241128,낙찰
정상공고,EKA0040,1,6052,***,"24년 야간조준경,K14용",2024,EKA,기동총괄계약팀,일반경쟁,총액제,적격심사제,202411271400,20241127,낙찰
재공고,EPA0028,3,1091A,***,"5톤 유조차(2,000G/A)",2024,EPA,항공기총괄계약팀,수의계약,총액제,적격심사제,202411271100,20241127,유찰
재공고,EPA0027,2,4005,***,"항공기 급유차(5,000 G/L)",2024,EPA,항공기총괄계약팀,일반경쟁,총액제,적격심사제,202411271100,20241127,낙찰
정상공고,EPA0032,1,7000B,***,TA-50 Block2 정비지원장비(Computer Console 등),2024,EPA,항공기총괄계약팀,수의계약,총액제,적격심사제,202411271130,20241127,유찰
재공고,EWA0004,2,1009,***,장-III Batch-I 정비지원장비(전원공급기 등 17종),2024,EWA,한국형잠수함총괄계약팀,수의계약,총액제,적격심사제,202411271100,20241127,유찰
재공고,LCF0581,2,48935,***,＇24년 통신쉘터 정비(용역),2024,LCF,육군군수사령부,제한경쟁,총액제,적격심사제,202411271030,20241127,유찰
재공고,LDH0894,2,50551,***,(자재) 부품제작자재 난연천 등 98종 구매,2024,LDH,육군종합정비창,제한경쟁,총액제,적격심사제,202411271300,20241127,유찰
재공고,LDH0893,2,50553,***,(자재) 부품제작자재 ABS-M30 등 8종 구매,2024,LDH,육군종합정비창,제한경쟁,총액제,적격심사제,202411271300,20241127,낙찰
재공고,LHD0051,2,52682,***,전차 고정표적기 구매(X123),2024,LHD,제21보병사단,제한경쟁,총액제,적격심사제,202411271030,20241127,유찰
긴급공고,LKQ0034,1,53917,***,기초비행훈련기(BELL-505) 시뮬레이터 외주정비 용역,2024,LKQ,육군항공학교,제한경쟁,총액제,적격심사제,202411271030,20241127,유찰
정상공고,MDD0114,1,52726,***,'24년 의무장비(장기지속형 체외순환막 심폐보조장치),2024,MDD,국군수도병원,제한경쟁,총액제,적격심사제,202411271200,20241127,유찰
재공고,MDG0223,2,51801,***,생물안전3등급 연구시설(BL-3) 유지보수 용역,2024,MDG,국군의무사령부,일반경쟁,총액제,적격심사제,202411271030,20241127,낙찰
재공고,MDG0223,3,51801,***,생물안전3등급 연구시설(BL-3) 유지보수 용역,2024,MDG,국군의무사령부,일반경쟁,총액제,적격심사제,202411271030,20241127,낙찰
재공고,MDR0070,2,53032,***,24년 트렉터 엔진 및 DPF 외주정비,2024,MDR,제9965부대,제한경쟁,총액제,적격심사제,202411271100,20241127,유찰
재공고,SCF0973,2,45505,***,"케이블 조립체, 특수목적용, 전기용 15EA 제조",2024,SCF,해군군수사령부,제한경쟁,총액제,적격심사제,202411271030,20241127,유찰
긴급공고,SCF1077,1,46958,***,'24년 비행갑판 안전망 정비,2024,SCF,해군군수사령부,일반경쟁,총액제,적격심사제,202411271030,20241127,순위확정
긴급공고,SCF1076,1,50125,***,폭발물 처리장비 유지보수 정비,2024,SCF,해군군수사령부,일반경쟁,총액제,적격심사제,202411271030,20241127,유찰
긴급공고,SCF1075,1,51595,***,도산안창호급 잠수함 통합양강마스트 정비,2024,SCF,해군군수사령부,일반경쟁,총액제,적격심사제,202411271030,20241127,유찰
긴급공고,SCG0046,1,54482,***,근속30주년 기념 금배지 제조,2024,SCG,해군본부,제한경쟁,총액제,적격심사제,202411271100,20241127,낙찰
정상공고,UAB0067,1,50137,***,VAN사 선정를 위한 사업 전반적인 사항에 대한 연구,2024,UAB,국군복지단,2단계경쟁(동시),총액제,최저가격제,202411271700,20241127,낙찰
정정공고,UAF0003,3,46034,***,"군인연금기금 위험관리, 성과평가 및 자산운용 컨설팅",2024,UAF,국방부 인사복지실,협상에의한계약(전자),총액제,최저가격제,202411271600,20241127,유찰
정상공고,UMM1271,1,48680,***,(247369-E) 표본수집키트 구매,2024,UMM,국군재정관리단,제한경쟁,총액제,적격심사제,202411271100,20241127,낙찰
긴급공고,UMM1274,1,49015,***,(246382-E) 인쇄장비(타공기) 구매,2024,UMM,국군재정관리단,제한경쟁,총액제,적격심사제,202411271100,20241127,낙찰
정정공고,UMM1259,2,52677,***,(24G281-I) 00부대 교환기 구축사업 금융리스,2024,UMM,국군재정관리단,일반경쟁,총액제,최저가격제,202411271100,20241127,낙찰
정상공고,UMM1269,1,53266,***,(24G283-I) 00연동체계 교체사업 금융리스,2024,UMM,국군재정관리단,일반경쟁,총액제,최저가격제,202411271100,20241127,낙찰
정상공고,UMM1267,1,53556,***,(24G296-A)지휘통신 신속대응 장비 추가 도입금융리스,2024,UMM,국군재정관리단,일반경쟁,총액제,최저가격제,202411271100,20241127,낙찰
재공고,EBH0137,2,8620A,***,24년 현궁 사격통제장비 부품(구매),2024,EBH,해상공중전력운영계약팀,제한경쟁,총액제,적격심사제,202411261100,20241126,유찰
정상공고,EWA0005,1,1008,***,장-III B-I 정비지원장비(1톤 전동차),2024,EWA,한국형잠수함총괄계약팀,제한경쟁,총액제,적격심사제,202411261400,20241126,낙찰
긴급공고,HCF0242,1,49334,***,지능형 안전순찰로봇 체계 구매설치,2024,HCF,공군군수사령부,협상에의한계약(전자),총액제,최저가격제,202411261100,20241126,유찰
긴급공고,HCF0249,1,53943,***,"지정폐기물(그 밖의 공정오니(개미산, 과망간+칼륨))",2024,HCF,공군군수사령부,제한경쟁,총액제,적격심사제,202411261030,20241126,유찰
정상공고,HCG0052,1,47985,***,24-공군 소방서(소방구조중대) 시설기준 연구용역,2024,HCG,공군본부,협상에의한계약(전자),총액제,최저가격제,202411261100,20241126,낙찰
긴급공고,HDP0037,1,54129,***,정비격납고 개보수/증축 관급자재(SGP 판넬) 제조,2024,HDP,공군제19전투비행단,제한경쟁,총액제,적격심사제,202411261100,20241126,유찰
긴급공고,LBA0069,1,50863,***,‘25년 1~3월 식자재 다수품목 단가계약,2024,LBA,제 2167부대,2단계경쟁(동시),총액제,최저가격제,202411261000,20241126,낙찰
긴급공고,LCH0071,1,54251,***,00부대 CCTV 설치 납품(3-24-물-1),2024,LCH,특수전사령부,제한경쟁,총액제,적격심사제,202411261030,20241126,낙찰
재공고,LDH0896,2,50547,***,(자재) 부품제작자재 마봉강 등 34종 구매,2024,LDH,육군종합정비창,제한경쟁,총액제,적격심사제,202411261300,20241126,유찰
정상공고,LDH0915,1,53281,***,발칸 베이스 구매,2024,LDH,육군종합정비창,제한경쟁,총액제,적격심사제,202411261300,20241126,유찰
긴급공고,LFR0016,1,53756,***,"전차 표적지(영점, 고정, 이동) 구매",2024,LFR,육군기계화학교,제한경쟁,총액제,적격심사제,202411261030,20241126,낙찰
긴급공고,LGI0100,1,53962,001,'25-1차 부대계약 후식(간식류) 구매,2024,LGI,제3군수지원여단,제한경쟁,단가제,적격심사제,202411261030,20241126,낙찰
긴급공고,LGP0163,1,52489,001,25-1차 후식류 다수품목 단가계약,2024,LGP,제1군수지원사령부,일반경쟁,단가제,적격심사제,202411261100,20241126,낙찰
긴급공고,LGP0164,1,52493,001,25-1차 식자재 다수품목 단가계약(경기 남부),2024,LGP,제1군수지원사령부,일반경쟁,단가제,적격심사제,202411261100,20241126,낙찰
긴급공고,LGP0165,1,52497,001,25-1차 식자재 다수품목 단가계약(경기 서부),2024,LGP,제1군수지원사령부,일반경쟁,단가제,적격심사제,202411261100,20241126,낙찰
긴급공고,LGT0089,1,49920,***,'24년 군 주거시설 개선사업 선행연구(3차),2024,LGT,제2307부대,2단계경쟁(동시),총액제,최저가격제,202411261030,20241126,낙찰
긴급공고,LHM0112,1,51427,***,[군-탄-21] 00부대 중거리카메라 구매 및 설치,2024,LHM,제15보병사단,제한경쟁,총액제,적격심사제,202411261100,20241126,낙찰
긴급공고,LHN0082,1,54147,***,작전대기시설 비품 구매,2024,LHN,제7보병사단,일반경쟁,총액제,적격심사제,202411261030,20241126,낙찰
정상공고,LIK0079,1,52952,***,25년 식기세척기 임차용역,2024,LIK,제2군수지원여단,일반경쟁,총액제,적격심사제,202411261100,20241126,낙찰
정상공고,LMK0047,1,53481,***,[24-C95] 궤도장비 정비용 장비(오염도 측정기) 구매,2024,LMK,제6보병사단,일반경쟁,총액제,적격심사제,202411261030,20241126,유찰
재공고,SCF0983,2,44033,***,손원일급 잠수함 통신마스트 유압실린더 정비,2024,SCF,해군군수사령부,일반경쟁,총액제,적격심사제,202411261030,20241126,유찰
긴급공고,SCF1063,1,49530,***,현측작업 안전수칙판 등 31종 구매,2024,SCF,해군군수사령부,제한경쟁,총액제,적격심사제,202411261030,20241126,낙찰
긴급공고,SCF1067,1,51583,001,떡볶이떡 구매,2024,SCF,해군군수사령부,제한경쟁,단가제,적격심사제,202411261030,20241126,낙찰
긴급공고,SCF1068,1,51584,001,맛술 구매,2024,SCF,해군군수사령부,제한경쟁,단가제,적격심사제,202411261030,20241126,낙찰
긴급공고,SCF1069,1,51585,001,매실농축액 구매,2024,SCF,해군군수사령부,제한경쟁,단가제,적격심사제,202411261030,20241126,낙찰
긴급공고,SCF1070,1,51586,001,명이절임 구매,2024,SCF,해군군수사령부,제한경쟁,단가제,적격심사제,202411261030,20241126,낙찰
긴급공고,SCF1071,1,51587,001,모듬콩조림 구매,2024,SCF,해군군수사령부,제한경쟁,단가제,적격심사제,202411261030,20241126,낙찰
긴급공고,SCF1072,1,51588,001,바나나우유 구매,2024,SCF,해군군수사령부,제한경쟁,단가제,적격심사제,202411261030,20241126,낙찰
긴급공고,SCF1073,1,51589,001,베이컨 구매,2024,SCF,해군군수사령부,제한경쟁,단가제,적격심사제,202411261030,20241126,낙찰
긴급공고,SCF1066,1,51596,001,생우동 구매,2024,SCF,해군군수사령부,제한경쟁,단가제,적격심사제,202411261030,20241126,낙찰
긴급공고,SCF1065,1,51598,001,스위트콘 구매,2024,SCF,해군군수사령부,제한경쟁,단가제,적격심사제,202411261030,20241126,낙찰
긴급공고,SCF1064,1,51600,001,쌈무 구매,2024,SCF,해군군수사령부,제한경쟁,단가제,적격심사제,202411261030,20241126,낙찰
긴급공고,SCF1074,1,54036,***,'24년 함정 유류탱크 소제 용역,2024,SCF,해군군수사령부,일반경쟁,총액제,적격심사제,202411261030,20241126,낙찰
재공고,SCU0077,2,51293,***,동그랑땡 등 6종 구매,2024,SCU,해군 기동함대사령부,제한경쟁,총액제,적격심사제,202411261030,20241126,낙찰
재공고,SCU0103,2,51338,***,깍두기김치 등 9종 제조(구매),2024,SCU,해군 기동함대사령부,제한경쟁,총액제,적격심사제,202411261030,20241126,낙찰
재공고,SFC0142,2,50577,***,코팅기 등 5품목 구매,2024,SFC,제9691부대,제한경쟁,총액제,적격심사제,202411261030,20241126,유찰
정상공고,SFC0144,1,53199,***,24-덕-밀 테이블 등 3품목 구매,2024,SFC,제9691부대,제한경쟁,총액제,적격심사제,202411261030,20241126,낙찰
정상공고,SFC0146,1,53201,***,복사용지 등 12품목 구매,2024,SFC,제9691부대,제한경쟁,총액제,적격심사제,202411261030,20241126,낙찰
정상공고,SFC0147,1,53202,***,24-덕-홍보물(2차) 제작 구매,2024,SFC,제9691부대,제한경쟁,총액제,적격심사제,202411261030,20241126,낙찰
정상공고,SFC0148,1,53203,***,잉크젯 용지 등 35품목 구매,2024,SFC,제9691부대,제한경쟁,총액제,적격심사제,202411261030,20241126,낙찰
정상공고,SFC0150,1,53461,***,24-덕-2차 기념휘장 셋트 제작 구매,2024,SFC,제9691부대,제한경쟁,총액제,적격심사제,202411261030,20241126,낙찰
정상공고,SFC0151,1,53472,***,자동3단봉 등 5품목 구매,2024,SFC,제9691부대,제한경쟁,총액제,적격심사제,202411261030,20241126,낙찰
정상공고,SFC0152,1,53485,***,냉매 등 387품목 구매,2024,SFC,제9691부대,제한경쟁,총액제,적격심사제,202411261030,20241126,낙찰
긴급공고,SFC0153,1,53724,***,24-해병-별관 정수기 임차 용역(1-1),2024,SFC,제9691부대,제한경쟁,총액제,적격심사제,202411261100,20241126,낙찰
정상공고,SFL0052,1,53198,***,24-경-유격교육대 생활관 증축공사 관급자재(타일),2024,SFL,제3283부대,제한경쟁,총액제,적격심사제,202411261030,20241126,유찰
정상공고,UAC0058,1,53447,***,2024년 후반기 CTP판 2종 구매,2024,UAC,국방출판지원단,제한경쟁,총액제,적격심사제,202411261100,20241126,낙찰
긴급공고,UMM1270,1,41494,***,24-F-간부회관 관급자재(오수펌프) 제조,2024,UMM,국군재정관리단,제한경쟁,총액제,적격심사제,202411261100,20241126,낙찰
정상공고,UMM1266,1,51834,***,(246381-D) 3.5톤급 콤비롤러 장비 구매,2024,UMM,국군재정관리단,제한경쟁,총액제,적격심사제,202411261100,20241126,낙찰
긴급공고,HCM0073,1,53668,***,외곽펜스 조명시설 관급자재 LED투광등 제조구매 F002,2024,HCM,공군교육사령부,제한경쟁,총액제,적격심사제,202411251100,20241125,낙찰
긴급공고,HCS0012,1,53666,***,(조달) 24-3-184 항공등화 등 7품목,2024,HCS,제3훈련비행단,제한경쟁,총액제,적격심사제,202411251100,20241125,낙찰
긴급공고,LIK0072,1,48421,001,'25년 부대계약 부식(1~3월)(일반품목)(8902부대),2024,LIK,제2군수지원여단,2단계경쟁(동시),단가제,최저가격제,202411251400,20241125,낙찰
긴급공고,LIK0073,1,48426,001,'25년 부대계약 부식(1~3월)(일반품목)(2621부대),2024,LIK,제2군수지원여단,2단계경쟁(동시),단가제,최저가격제,202411251400,20241125,낙찰
긴급공고,LIK0077,1,50182,001,'25년 부대계약 부식(1~3월)(일반품목)(6685부대),2024,LIK,제2군수지원여단,2단계경쟁(동시),단가제,최저가격제,202411251400,20241125,낙찰
긴급공고,LKD0078,1,51245,***,24~27년 신병교육대대 병영식당 급식 민간위탁,2024,LKD,제32보병사단,협상에의한계약(전자),총액제,최저가격제,202411251030,20241125,낙찰
긴급공고,MCS0129,1,53054,***,24-D-소방 고가사다리차 33M 제조 구매,2024,MCS,국방부계룡대근무지원단,일반경쟁,총액제,적격심사제,202411251100,20241125,유찰
정상공고,UMM1264,1,49153,***,(24F289-A)상병건강검진 부분위탁 위탁용역,2024,UMM,국군재정관리단,제한경쟁,총액제,적격심사제,202411251100,20241125,낙찰
정상공고,EBH0138,1,4547,***,"소형정찰드론 Ⅲ형(일반,제조)",2024,EBH,해상공중전력운영계약팀,일반경쟁,총액제,적격심사제,202411221100,20241122,유찰
긴급공고,EM10006,1,5516,***,"울산급 Batch-IV  1, 2번함",2024,EMA,함정총괄계약팀,수의계약,총액제,최저가격제,202411221300,20241122,낙찰
정정공고,LCF0554,2,43145,***,캐브 조립체 등 2항목 제조(기동-생산-021)재(수),2024,LCF,육군군수사령부,제한경쟁,총액제,적격심사제,202411221030,20241122,유찰
긴급공고,LCM0063,1,51964,***,'25년 1~3월 부대계약 부식 구매(일반품목),2024,LCM,육군교육사령부,일반경쟁,총액제,적격심사제,202411221030,20241122,낙찰
긴급공고,LKG0098,1,52886,***,'25년 1~3월 부대계약(일반품목) 구매,2024,LKG,육군제53보병사단,일반경쟁,총액제,적격심사제,202411221100,20241122,낙찰
긴급공고,LKG0099,1,52891,***,'25년 1~3월 부대계약(빵류) 구매,2024,LKG,육군제53보병사단,제한경쟁,총액제,적격심사제,202411221100,20241122,낙찰
긴급공고,MCS0128,1,52861,***,24-공조기필터 제조설치납품,2024,MCS,국방부계룡대근무지원단,일반경쟁,총액제,적격심사제,202411221100,20241122,낙찰
정정공고,SFM0093,2,52614,***,25-S-취사용 LPG 구매,2024,SFM,제3170부대,제한경쟁,총액제,적격심사제,202411221030,20241122,낙찰
정상공고,UAC0055,1,51592,***,디지털인쇄재료 3종 수시 구매,2024,UAC,국방출판지원단,제한경쟁,총액제,적격심사제,202411221100,20241122,낙찰
정상공고,UAC0056,1,52810,***,인쇄용지 6종 수시 구매,2024,UAC,국방출판지원단,일반경쟁,총액제,적격심사제,202411221100,20241122,낙찰
정상공고,EWA0004,1,1009,***,장-III Batch-I 정비지원장비(전원공급기 등 17종),2024,EWA,한국형잠수함총괄계약팀,수의계약,총액제,적격심사제,202411211400,20241121,유찰
긴급공고,HDC0046,1,53112,***,"'24년~'27년 LPG(난방, 취사용) 구매",2024,HDC,공군제1전투비행단,제한경쟁,총액제,적격심사제,202411211100,20241121,유찰
긴급공고,HDM0057,1,51742,***,[24-0216] 귀빈공수헬기 시트 2품목 구매,2024,HDM,공군제17전투비행단,일반경쟁,총액제,적격심사제,202411211030,20241121,유찰
긴급공고,LCF0582,1,51115,***,K9 자주포 전기전자시험장비 운영체제 개선 재료 구매,2024,LCF,육군군수사령부,제한경쟁,총액제,적격심사제,202411211130,20241121,낙찰
긴급공고,LCF0583,1,52717,***,K9자주포 전기장치시험장비(ETS) SW개선 재료 구매,2024,LCF,육군군수사령부,제한경쟁,총액제,적격심사제,202411211130,20241121,낙찰
긴급공고,LCK0048,1,53128,***,[일반-24-216] 11차 특정지역 특수피복(방한복) 구매,2024,LCK,수도방위사령부,제한경쟁,총액제,적격심사제,202411211030,20241121,낙찰
긴급공고,LNG0093,1,52534,***,마일즈 컨테이너(장비 보관 및 정비용) 제조 구매,2024,LNG,육군 제1군단,제한경쟁,총액제,적격심사제,202411211030,20241121,낙찰
긴급공고,LPN0026,1,53003,***,25년 군 주거시설 도배장판 설치납품(안양권역),2024,LPN,수도군단,제한경쟁,총액제,적격심사제,202411211030,20241121,낙찰
긴급공고,MDF0035,1,51196,***,24~25년 군 위성-II  해외장비 유지보수 용역,2024,MDF,국군지휘통신사령부,협상에의한계약(전자),총액제,최저가격제,202411211400,20241121,유찰
정상공고,MDG0224,1,52513,***,24년 후반기 병영도서관 도서 구매,2024,MDG,국군의무사령부,제한경쟁,총액제,적격심사제,202411211100,20241121,낙찰
긴급공고,SCF1044,1,49110,***,전력계(110GHz)1EA 구매,2024,SCF,해군군수사령부,제한경쟁,총액제,적격심사제,202411211030,20241121,유찰
긴급공고,SCF1039,1,51409,001,오리훈제슬라이스 구매,2024,SCF,해군군수사령부,제한경쟁,단가제,적격심사제,202411211030,20241121,낙찰
긴급공고,SCF1037,1,51415,001,소고기스프 구매,2024,SCF,해군군수사령부,제한경쟁,단가제,적격심사제,202411211030,20241121,낙찰
긴급공고,SCF1038,1,51418,001,컵밥 구매,2024,SCF,해군군수사령부,제한경쟁,단가제,적격심사제,202411211030,20241121,낙찰
긴급공고,SCF1040,1,51562,001,견과류 구매,2024,SCF,해군군수사령부,제한경쟁,단가제,적격심사제,202411211030,20241121,낙찰
긴급공고,SCF1041,1,51563,001,야채고기말이 구매,2024,SCF,해군군수사령부,제한경쟁,단가제,적격심사제,202411211030,20241121,낙찰
긴급공고,SCF1042,1,51564,001,미소된장 구매,2024,SCF,해군군수사령부,제한경쟁,단가제,적격심사제,202411211030,20241121,낙찰
긴급공고,SCF1043,1,51565,001,스크램블에그 구매,2024,SCF,해군군수사령부,제한경쟁,단가제,적격심사제,202411211030,20241121,낙찰
긴급공고,SCF1045,1,51566,001,감자수제비 구매,2024,SCF,해군군수사령부,제한경쟁,단가제,적격심사제,202411211030,20241121,낙찰
긴급공고,SCF1046,1,51568,001,게맛살 구매,2024,SCF,해군군수사령부,제한경쟁,단가제,적격심사제,202411211030,20241121,낙찰
긴급공고,SCF1047,1,51569,001,계란지단채 구매,2024,SCF,해군군수사령부,제한경쟁,단가제,적격심사제,202411211030,20241121,낙찰
긴급공고,SCF1048,1,51571,001,고구마샐러드 구매,2024,SCF,해군군수사령부,제한경쟁,단가제,적격심사제,202411211030,20241121,낙찰
긴급공고,SCF1049,1,51573,001,까나리액젓 구매,2024,SCF,해군군수사령부,제한경쟁,단가제,적격심사제,202411211030,20241121,낙찰
긴급공고,SCF1050,1,51574,001,깐메추리알 구매,2024,SCF,해군군수사령부,제한경쟁,단가제,적격심사제,202411211030,20241121,낙찰
긴급공고,SCF1051,1,51575,001,냉동새우 구매,2024,SCF,해군군수사령부,제한경쟁,단가제,적격심사제,202411211030,20241121,낙찰
긴급공고,SCF1052,1,51576,001,냉동유부슬라이스 구매,2024,SCF,해군군수사령부,제한경쟁,단가제,적격심사제,202411211030,20241121,순위확정
긴급공고,SCF1053,1,51577,001,핫도그 구매,2024,SCF,해군군수사령부,제한경쟁,단가제,적격심사제,202411211030,20241121,낙찰
긴급공고,SCF1054,1,51578,001,냉동피홍합 구매,2024,SCF,해군군수사령부,제한경쟁,단가제,적격심사제,202411211030,20241121,낙찰
긴급공고,SCF1055,1,51579,001,단호박샐러드 구매,2024,SCF,해군군수사령부,제한경쟁,단가제,적격심사제,202411211030,20241121,낙찰
긴급공고,SCF1057,1,51582,001,떡국떡 구매,2024,SCF,해군군수사령부,제한경쟁,단가제,적격심사제,202411211030,20241121,낙찰
긴급공고,SCF1058,1,53052,001,땅콩조림 구매,2024,SCF,해군군수사령부,제한경쟁,단가제,적격심사제,202411211030,20241121,낙찰
긴급공고,SCG0045,1,52022,***,근속30주년 기념배지 구매(제조),2024,SCG,해군본부,제한경쟁,총액제,적격심사제,202411211100,20241121,낙찰
긴급공고,SDF0174,1,53115,***,"24-항-07 발전기세트, 디젤엔진식 외주정비",2024,SDF,제5738부대,제한경쟁,총액제,적격심사제,202411211030,20241121,낙찰
정정공고,SEE0054,2,52750,***,25-J-사업장폐기물 위탁처리 용역,2024,SEE,제9해병여단,제한경쟁,총액제,적격심사제,202411211030,20241121,낙찰
긴급공고,UMM1262,1,47382,***,(247365-D) 출입통제용 보안검색대 등 4종 구매,2024,UMM,국군재정관리단,제한경쟁,총액제,적격심사제,202411211100,20241121,낙찰
정상공고,UMM1252,1,50151,***,24-F-간부회관 관급자재 자동제어 제조(249149-I),2024,UMM,국군재정관리단,제한경쟁,총액제,적격심사제,202411211100,20241121,낙찰
정상공고,UMM1256,1,50242,***,(246401-D) 체력단련장 예초장비 2종 구매,2024,UMM,국군재정관리단,제한경쟁,총액제,적격심사제,202411211100,20241121,낙찰
긴급공고,HCM0071,1,52514,***,24-09-312  취사기구(스마트 야채절단기 등) 14품목,2024,HCM,공군교육사령부,제한경쟁,총액제,적격심사제,202411201030,20241120,낙찰
긴급공고,HFD0015,1,51957,001,공군제38전투비행전대 액화석유가스(LPG)공급 계약,2024,HFD,공군제38전투비행전대,제한경쟁,단가제,적격심사제,202411201030,20241120,낙찰
긴급공고,LGI0097,1,52114,001,'25-1차 부대계약 후식(과일류) 구매,2024,LGI,제3군수지원여단,제한경쟁,단가제,적격심사제,202411201030,20241120,낙찰
긴급공고,LGI0098,1,52115,001,'25-1차 부대계약 후식(기타) 구매,2024,LGI,제3군수지원여단,제한경쟁,단가제,적격심사제,202411201030,20241120,낙찰
긴급공고,LGI0099,1,52116,001,'25-1차 부대계약 후식(유제품류) 구매,2024,LGI,제3군수지원여단,제한경쟁,단가제,적격심사제,202411201030,20241120,낙찰
긴급공고,LMP0045,1,52804,***,'24년 훈련 급식용 간편식 구매,2024,LMP,제3보병사단,일반경쟁,총액제,적격심사제,202411201030,20241120,낙찰
긴급공고,LPN0019,1,49133,***,25년 군 주거시설 민간위탁 관리 용역(수도),2024,LPN,수도군단,2단계경쟁(동시),총액제,최저가격제,202411201130,20241120,유찰
긴급공고,LPN0022,1,51347,***,'25년 군 주거시설 민간위탁 관리용역,2024,LPN,수도군단,2단계경쟁(동시),총액제,최저가격제,202411201130,20241120,유찰
재공고,MDD0112,3,45451,***,'24년 재투자 의무장비(혈액가온장치) 구매,2024,MDD,국군수도병원,제한경쟁,총액제,적격심사제,202411201500,20241120,유찰
긴급공고,SCF0986,1,50479,***,"(긴급) 분사기,조립체,연료용 등 32종",2024,SCF,해군군수사령부,제한경쟁,총액제,적격심사제,202411201030,20241120,낙찰
긴급공고,SCF0988,1,50492,***,"(긴급) 제어기,환경시스템용 등 15종",2024,SCF,해군군수사령부,제한경쟁,총액제,적격심사제,202411201030,20241120,낙찰
긴급공고,SCF0987,1,50505,***,"(긴급) 계전기,통제-감시용 등 28종",2024,SCF,해군군수사령부,제한경쟁,총액제,적격심사제,202411201030,20241120,순위확정
긴급공고,SCN0191,1,52834,***,24~28 00숙소(2964회선) 유선TV방송 및 인터넷용역,2024,SCN,제7001부대,일반경쟁,총액제,적격심사제,202411201030,20241120,낙찰
긴급공고,SCP0114,1,50602,***,24-0함대 민간예인선 위탁 용역,2024,SCP,제8385부대,제한경쟁,총액제,적격심사제,202411201030,20241120,낙찰
긴급공고,SCU0074,1,51280,***,통등심돈까스 등 6종 구매,2024,SCU,해군 기동함대사령부,제한경쟁,총액제,적격심사제,202411201030,20241120,낙찰
긴급공고,SCU0075,1,51285,***,부추해물완자 등 6종 구매,2024,SCU,해군 기동함대사령부,제한경쟁,총액제,적격심사제,202411201030,20241120,낙찰
긴급공고,SCU0076,1,51289,***,너비아니 등 4종 구매,2024,SCU,해군 기동함대사령부,제한경쟁,총액제,적격심사제,202411201030,20241120,낙찰
긴급공고,SCU0077,1,51293,***,동그랑땡 등 6종 구매,2024,SCU,해군 기동함대사령부,제한경쟁,총액제,적격심사제,202411201030,20241120,유찰
긴급공고,SCU0078,1,51294,***,치킨너겟 등 6종 구매,2024,SCU,해군 기동함대사령부,제한경쟁,총액제,적격심사제,202411201030,20241120,낙찰
긴급공고,SCU0079,1,51296,***,새우튀김 등 10종 구매,2024,SCU,해군 기동함대사령부,제한경쟁,총액제,적격심사제,202411201030,20241120,낙찰
긴급공고,SCU0080,1,51297,***,베이컨 등 11종 구매,2024,SCU,해군 기동함대사령부,제한경쟁,총액제,적격심사제,202411201030,20241120,낙찰
긴급공고,SCU0081,1,51300,***,어묵 등 9종 구매,2024,SCU,해군 기동함대사령부,제한경쟁,총액제,적격심사제,202411201030,20241120,낙찰
긴급공고,SCU0083,1,51302,***,간장 소불고기 등 7종 구매,2024,SCU,해군 기동함대사령부,제한경쟁,총액제,적격심사제,202411201030,20241120,낙찰
긴급공고,SCU0084,1,51304,***,부대찌개모듬햄 등 12종 구매,2024,SCU,해군 기동함대사령부,제한경쟁,총액제,적격심사제,202411201030,20241120,낙찰
긴급공고,SCU0085,1,51307,***,중화면 등 12종 구매,2024,SCU,해군 기동함대사령부,제한경쟁,총액제,적격심사제,202411201030,20241120,낙찰
긴급공고,SCU0086,1,51308,***,콤피네이션 사각피자 등 19종 구매,2024,SCU,해군 기동함대사령부,제한경쟁,총액제,적격심사제,202411201030,20241120,낙찰
긴급공고,SCU0087,1,51311,***,돼지족발 등 3종 구매,2024,SCU,해군 기동함대사령부,제한경쟁,총액제,적격심사제,202411201030,20241120,낙찰
긴급공고,SCU0088,1,51313,***,반판두부 등 16종 구매,2024,SCU,해군 기동함대사령부,제한경쟁,총액제,적격심사제,202411201030,20241120,낙찰
긴급공고,SCU0089,1,51314,***,찰순대 등 9종 구매,2024,SCU,해군 기동함대사령부,제한경쟁,총액제,적격심사제,202411201030,20241120,낙찰
긴급공고,SCU0090,1,51320,***,소고기 장조림 등 9종 구매,2024,SCU,해군 기동함대사령부,제한경쟁,총액제,적격심사제,202411201030,20241120,낙찰
긴급공고,SCU0091,1,51322,***,멸치육수 등 26종 구매,2024,SCU,해군 기동함대사령부,제한경쟁,총액제,적격심사제,202411201030,20241120,낙찰
긴급공고,SCU0092,1,51323,***,슬라이스치즈 등 10종 구매,2024,SCU,해군 기동함대사령부,제한경쟁,총액제,적격심사제,202411201030,20241120,낙찰
긴급공고,SCU0093,1,51324,***,즉석밥 등 11종 구매,2024,SCU,해군 기동함대사령부,제한경쟁,총액제,적격심사제,202411201030,20241120,낙찰
긴급공고,SCU0094,1,51325,***,돈까스 소스 등 20종 구매,2024,SCU,해군 기동함대사령부,제한경쟁,총액제,적격심사제,202411201030,20241120,낙찰
긴급공고,SCU0095,1,51326,***,오징어 진미채 등 10종 구매,2024,SCU,해군 기동함대사령부,제한경쟁,총액제,적격심사제,202411201030,20241120,낙찰
긴급공고,SCU0096,1,51328,***,식빵 등 18종 구매,2024,SCU,해군 기동함대사령부,제한경쟁,총액제,적격심사제,202411201030,20241120,낙찰
긴급공고,SCU0097,1,51329,***,콜라음료 등 11종 구매,2024,SCU,해군 기동함대사령부,제한경쟁,총액제,적격심사제,202411201030,20241120,낙찰
긴급공고,SCU0098,1,51330,***,커피음료 등 13종 구매,2024,SCU,해군 기동함대사령부,제한경쟁,총액제,적격심사제,202411201030,20241120,낙찰
긴급공고,SCU0099,1,51332,***,매운맛라면(봉지) 등 24종 구매,2024,SCU,해군 기동함대사령부,제한경쟁,총액제,적격심사제,202411201030,20241120,낙찰
긴급공고,SCU0100,1,51333,***,초코파이 등 23종 구매,2024,SCU,해군 기동함대사령부,제한경쟁,총액제,적격심사제,202411201030,20241120,낙찰
긴급공고,SCU0101,1,51334,***,파인애플 등 14종 구매,2024,SCU,해군 기동함대사령부,제한경쟁,총액제,적격심사제,202411201030,20241120,낙찰
긴급공고,SCU0102,1,51337,***,배추김치(조각) 등 3종 제조(구매),2024,SCU,해군 기동함대사령부,제한경쟁,총액제,적격심사제,202411201030,20241120,낙찰
긴급공고,SCU0103,1,51338,***,깍두기김치 등 9종 제조(구매),2024,SCU,해군 기동함대사령부,제한경쟁,총액제,적격심사제,202411201030,20241120,유찰
정상공고,UMM1243,1,46279,***,24-N-호이스트크레인 제조(248252-F),2024,UMM,국군재정관리단,제한경쟁,총액제,적격심사제,202411201100,20241120,낙찰
긴급공고,UMM1260,1,48682,***,(247378-E) 자동세척건조기 구매,2024,UMM,국군재정관리단,제한경쟁,총액제,적격심사제,202411201100,20241120,낙찰
긴급공고,UMM1261,1,51751,***,(246399-F) 빅데이터 유통체계 저장장치 구매설치,2024,UMM,국군재정관리단,제한경쟁,총액제,적격심사제,202411201100,20241120,낙찰
정상공고,UMM1251,1,52198,***,"24-D-냉장, 냉동고 구매(241061-F)",2024,UMM,국군재정관리단,제한경쟁,총액제,적격심사제,202411201100,20241120,낙찰
정상공고,EBB0349,1,1119,***,관성항법장치류(구매),2024,EBB,지상공통전력운영계약팀,수의계약,총액제,적격심사제,202411191100,20241119,유찰
재공고,EBB0346,2,1216A,***,2024 K10신형제독장치 부품(동력장치 및 기타)(제조),2024,EBB,지상공통전력운영계약팀,수의계약,총액제,적격심사제,202411191030,20241119,유찰
재공고,EBB0344,2,5531T,***,24년 105밀리 연습예광탄 목상자,2024,EBB,지상공통전력운영계약팀,수의계약,총액제,적격심사제,202411191430,20241119,유찰
긴급공고,HDL0027,1,52332,***,25년 예성회관 식자재 계약의뢰,2024,HDL,공군제16전투비행단,제한경쟁,총액제,적격심사제,202411191100,20241119,낙찰
긴급공고,HFK0035,1,52212,***,'24년 수성회관 식자재 371종 구매,2024,HFK,제1방공유도탄여단,제한경쟁,총액제,적격심사제,202411191100,20241119,낙찰
긴급공고,LCM0061,1,52083,***,'25년 1~3월 부대계약 부식 제조(냉동빵),2024,LCM,육군교육사령부,제한경쟁,총액제,적격심사제,202411191030,20241119,유찰
긴급공고,LCM0062,1,52085,***,'25년 1~3월 부대계약 부식 제조(면류),2024,LCM,육군교육사령부,제한경쟁,총액제,적격심사제,202411191030,20241119,유찰
정상공고,LDG0094,1,51683,***,24-2차 탄약폐기물(폐목재) 위탁처리 용역,2024,LDG,육군 탄약지원사령부,일반경쟁,총액제,적격심사제,202411191030,20241119,낙찰
재공고,LDH0884,2,50074,***,통신 단자판 등 12품목 구매,2024,LDH,육군종합정비창,제한경쟁,총액제,적격심사제,202411191300,20241119,유찰
정상공고,LDH0896,1,50547,***,(자재) 부품제작자재 마봉강 등 34종 구매,2024,LDH,육군종합정비창,제한경쟁,총액제,적격심사제,202411191300,20241119,유찰
정상공고,LDH0894,1,50551,***,(자재) 부품제작자재 난연천 등 98종 구매,2024,LDH,육군종합정비창,제한경쟁,총액제,적격심사제,202411191300,20241119,순위확정
정상공고,LDH0893,1,50553,***,(자재) 부품제작자재 ABS-M30 등 8종 구매,2024,LDH,육군종합정비창,제한경쟁,총액제,적격심사제,202411191300,20241119,순위확정
정상공고,LDH0901,1,50554,***,(자재) 부품제작자재 알루미늄 베이스 등 3종 구매,2024,LDH,육군종합정비창,제한경쟁,총액제,적격심사제,202411191300,20241119,유찰
정상공고,LDH0897,1,50555,***,(자재) 부품제작자재 철판 등 15종 구매,2024,LDH,육군종합정비창,제한경쟁,총액제,적격심사제,202411191300,20241119,낙찰
정상공고,LDH0898,1,50697,***,(자재) 부품제작자재 스프링강선 등 39종 구매,2024,LDH,육군종합정비창,제한경쟁,총액제,적격심사제,202411191300,20241119,낙찰
정상공고,LDH0899,1,50698,***,(자재) 부품제작자재 마봉특수강 등 27종 구매,2024,LDH,육군종합정비창,제한경쟁,총액제,적격심사제,202411191300,20241119,낙찰
정상공고,LDH0900,1,50700,***,(자재) 부품제작자재 스프링강판 등 17종 구매,2024,LDH,육군종합정비창,제한경쟁,총액제,적격심사제,202411191300,20241119,낙찰
정상공고,LDH0904,1,50877,***,K1전차 베어링 등 2종 구매,2024,LDH,육군종합정비창,제한경쟁,총액제,적격심사제,202411191300,20241119,낙찰
긴급공고,LDH0906,1,51228,***,(자재) 에폭시프라이머코팅키트 등 2종 구매,2024,LDH,육군종합정비창,제한경쟁,총액제,적격심사제,202411191300,20241119,낙찰
긴급공고,LDH0910,1,51547,***,K9자주포 실린더조립체 구매,2024,LDH,육군종합정비창,제한경쟁,총액제,적격심사제,202411191300,20241119,낙찰
긴급공고,LDH0911,1,51549,***,K1전차 봉합재키트 구매,2024,LDH,육군종합정비창,제한경쟁,총액제,적격심사제,202411191300,20241119,낙찰
긴급공고,LDH0912,1,51550,***,K1전차 베어링 구매,2024,LDH,육군종합정비창,제한경쟁,총액제,적격심사제,202411191300,20241119,낙찰
긴급공고,LDH0913,1,51551,***,K1전차 호스 등 15종 구매,2024,LDH,육군종합정비창,제한경쟁,총액제,적격심사제,202411191300,20241119,유찰
긴급공고,LDH0914,1,51552,***,K1전차 개스킷 등 8종 구매,2024,LDH,육군종합정비창,일반경쟁,총액제,적격심사제,202411191300,20241119,유찰
긴급공고,LDH0907,1,52326,***,(자재) 알루미늄용 작업베이스 구매,2024,LDH,육군종합정비창,제한경쟁,총액제,적격심사제,202411191300,20241119,낙찰
긴급공고,LDH0908,1,52328,***,(자재) 황동봉 등 35종 구매,2024,LDH,육군종합정비창,제한경쟁,총액제,적격심사제,202411191300,20241119,낙찰
긴급공고,LPN0023,1,52261,***,25년 군 주거시설 도배장판 설치납품(인천/김포),2024,LPN,수도군단,제한경쟁,총액제,적격심사제,202411191030,20241119,낙찰
긴급공고,LPN0024,1,52286,***,25년 군 주거시설 도배장판 설치납품(화성권역),2024,LPN,수도군단,제한경쟁,총액제,적격심사제,202411191030,20241119,낙찰
재공고,MCD0063,3,39803,***,사례분석을 통한 對아세안 국방협력 발전방안 연구,2024,MCD,국방부(운영지원과),협상에의한계약(전자),총액제,최저가격제,202411191100,20241119,낙찰
긴급공고,MCD0081,1,50208,***,25년 삼정검 수여식 행사 용역,2024,MCD,국방부(운영지원과),협상에의한계약(전자),총액제,최저가격제,202411191700,20241119,낙찰
긴급공고,MCX0066,1,52224,***,24-자운대지역 기계설비성능점검 용역,2024,MCX,자운대근무지원연대,제한경쟁,총액제,적격심사제,202411191030,20241119,낙찰
정상공고,MDG0223,1,51801,***,생물안전3등급 연구시설(BL-3) 유지보수 용역,2024,MDG,국군의무사령부,일반경쟁,총액제,적격심사제,202411191030,20241119,유찰
긴급공고,MDR0068,1,51804,***,0000부대 특수요원 모집 영상 제작,2024,MDR,제9965부대,제한경쟁,총액제,적격심사제,202411191030,20241119,낙찰
재공고,MHD0097,2,48675,***,RDP-A 체결 대비 중소기업 영향성 분석 등 연구,2024,MHD,방위사업청(운영지원과),협상에의한계약(전자),총액제,최저가격제,202411191500,20241119,낙찰
재공고,SCF0851,2,39065,***,"펌프, 회전식 등 1종 구매",2024,SCF,해군군수사령부,일반경쟁,총액제,적격심사제,202411191030,20241119,낙찰
재공고,SCF0968,2,43183,***,DDG RCS 차폐막 정비,2024,SCF,해군군수사령부,일반경쟁,총액제,적격심사제,202411191030,20241119,낙찰
긴급공고,SCF1035,1,45133,***,'24년 수소제조시설 고압 압축기 정비,2024,SCF,해군군수사령부,일반경쟁,총액제,적격심사제,202411191030,20241119,순위확정
긴급공고,SCF0979,1,46047,***,잠수함(SS-III) 연료전지 모듈 정비,2024,SCF,해군군수사령부,일반경쟁,총액제,적격심사제,202411191030,20241119,유찰
긴급공고,SCF1023,1,46899,***,"회전자씰, 축용 등 3종 구매",2024,SCF,해군군수사령부,제한경쟁,총액제,적격심사제,202411191030,20241119,낙찰
재공고,SCF0958,3,47016,***,아-83호정 No.2 특수추진기 외주정비,2024,SCF,해군군수사령부,일반경쟁,총액제,적격심사제,202411191030,20241119,유찰
긴급공고,SCF1022,1,47258,***,이동형 감압실(1인용) 외주정비,2024,SCF,해군군수사령부,일반경쟁,총액제,적격심사제,202411191030,20241119,유찰
긴급공고,SCF0995,1,50221,001,이온음료(혼합음료류),2024,SCF,해군군수사령부,제한경쟁,단가제,적격심사제,202411191030,20241119,낙찰
긴급공고,SCF0998,1,50226,001,콘형 아이스크림 구매,2024,SCF,해군군수사령부,제한경쟁,단가제,적격심사제,202411191030,20241119,낙찰
긴급공고,SCF0997,1,50231,001,컵형 아이스크림 구매,2024,SCF,해군군수사령부,제한경쟁,단가제,적격심사제,202411191030,20241119,낙찰
긴급공고,SCF0996,1,50236,001,샌드형 아이스크림,2024,SCF,해군군수사령부,제한경쟁,단가제,적격심사제,202411191030,20241119,낙찰
긴급공고,SCF0990,1,50244,001,팩형 아이스크림 구매,2024,SCF,해군군수사령부,제한경쟁,단가제,적격심사제,202411191030,20241119,낙찰
긴급공고,SCF0991,1,50262,001,찹쌀떡 아이스크림,2024,SCF,해군군수사령부,제한경쟁,단가제,적격심사제,202411191030,20241119,낙찰
긴급공고,SCF0994,1,50269,001,떠먹는 발효유(발효유류),2024,SCF,해군군수사령부,제한경쟁,단가제,적격심사제,202411191030,20241119,낙찰
긴급공고,SCF0992,1,50276,001,마시는 발효유(발효유류) 구매,2024,SCF,해군군수사령부,제한경쟁,단가제,적격심사제,202411191030,20241119,낙찰
긴급공고,SCF0993,1,50293,001,짜먹는 발효유(발효유류) 구매,2024,SCF,해군군수사령부,제한경쟁,단가제,적격심사제,202411191030,20241119,낙찰
긴급공고,SCF0999,1,50396,001,떠먹는 토핑형 발효유(발효유류) 구매,2024,SCF,해군군수사령부,제한경쟁,단가제,적격심사제,202411191030,20241119,순위확정
긴급공고,SCF1000,1,50401,001,과일푸딩(캔디류) 구매,2024,SCF,해군군수사령부,제한경쟁,단가제,적격심사제,202411191030,20241119,낙찰
긴급공고,SCF1001,1,50417,001,"워터젤리(과채음료, 혼합음료, 캔디류) 구매",2024,SCF,해군군수사령부,제한경쟁,단가제,적격심사제,202411191030,20241119,낙찰
긴급공고,SCF1002,1,50422,001,초콜릿(초콜릿 가공품류) 구매,2024,SCF,해군군수사령부,제한경쟁,단가제,적격심사제,202411191030,20241119,유찰
긴급공고,SCF1009,1,51012,001,고구마튀김 구매,2024,SCF,해군군수사령부,제한경쟁,단가제,적격심사제,202411191030,20241119,낙찰
긴급공고,SCF1010,1,51022,001,야채튀김 구매,2024,SCF,해군군수사령부,제한경쟁,단가제,적격심사제,202411191030,20241119,낙찰
긴급공고,SCF1011,1,51027,001,오징어튀김 구매,2024,SCF,해군군수사령부,제한경쟁,단가제,적격심사제,202411191030,20241119,낙찰
긴급공고,SCF1012,1,51030,001,김말이튀김 구매,2024,SCF,해군군수사령부,제한경쟁,단가제,적격심사제,202411191030,20241119,낙찰
긴급공고,SCF1013,1,51034,001,LA갈비(냉동) 구매,2024,SCF,해군군수사령부,제한경쟁,단가제,적격심사제,202411191030,20241119,낙찰
긴급공고,SCF1014,1,51042,001,차돌박이(냉동/슬라이스) 구매,2024,SCF,해군군수사령부,제한경쟁,단가제,적격심사제,202411191030,20241119,낙찰
긴급공고,SCF1015,1,51048,001,소갈비순살(냉동/슬라이스) 구매,2024,SCF,해군군수사령부,제한경쟁,단가제,적격심사제,202411191030,20241119,낙찰
긴급공고,SCF1016,1,51056,001,소갈비(냉동/갈비탕용)  구매,2024,SCF,해군군수사령부,제한경쟁,단가제,적격심사제,202411191030,20241119,낙찰
정정공고,SCF1017,2,51061,001,살치살(냉동/스테이크용) 구매,2024,SCF,해군군수사령부,제한경쟁,단가제,적격심사제,202411191030,20241119,낙찰
정정공고,SCF1018,2,51064,001,부챗살(냉동/스테이크용) 구매,2024,SCF,해군군수사령부,제한경쟁,단가제,적격심사제,202411191030,20241119,낙찰
정정공고,SCF1008,3,51071,001,살치살(냉동/덩어리) 구매,2024,SCF,해군군수사령부,제한경쟁,단가제,적격심사제,202411191030,20241119,낙찰
정정공고,SCF1007,2,51137,001,부챗살(냉동/덩어리) 구매,2024,SCF,해군군수사령부,제한경쟁,단가제,적격심사제,202411191030,20241119,낙찰
정정공고,SCF1006,2,51152,001,돼지목심(냉동) 구매,2024,SCF,해군군수사령부,제한경쟁,단가제,적격심사제,202411191030,20241119,낙찰
긴급공고,SCF1005,1,51159,001,냉동수육용삼겹살 구매,2024,SCF,해군군수사령부,제한경쟁,단가제,적격심사제,202411191030,20241119,낙찰
정정공고,SCF1004,2,51167,001,LA돼지갈비(냉동) 구매,2024,SCF,해군군수사령부,제한경쟁,단가제,적격심사제,202411191030,20241119,낙찰
정정공고,SCF1003,2,51197,001,돼지등뼈(냉동) 구매,2024,SCF,해군군수사령부,제한경쟁,단가제,적격심사제,202411191030,20241119,낙찰
정정공고,SCF1019,2,51200,001,돼지삼겹살(냉동)구매,2024,SCF,해군군수사령부,제한경쟁,단가제,적격심사제,202411191030,20241119,낙찰
정정공고,SCF1020,2,51204,001,대패삼겹살(냉동) 구매,2024,SCF,해군군수사령부,제한경쟁,단가제,적격심사제,202411191030,20241119,낙찰
정정공고,SCF1021,2,51211,001,돼지등갈비(냉동) 구매,2024,SCF,해군군수사령부,제한경쟁,단가제,적격심사제,202411191030,20241119,낙찰
긴급공고,SCF1024,1,51376,001,요구르트 구매,2024,SCF,해군군수사령부,제한경쟁,단가제,적격심사제,202411191030,20241119,낙찰
긴급공고,SCF1025,1,51379,001,단무지 구매,2024,SCF,해군군수사령부,제한경쟁,단가제,적격심사제,202411191030,20241119,낙찰
긴급공고,SCF1026,1,51385,001,카스타드 구매,2024,SCF,해군군수사령부,제한경쟁,단가제,적격심사제,202411191030,20241119,낙찰
긴급공고,SCF1027,1,51390,001,순살햄 구매,2024,SCF,해군군수사령부,제한경쟁,단가제,적격심사제,202411191030,20241119,낙찰
긴급공고,SCF1028,1,51392,001,포장족발(슬라이스) 구매,2024,SCF,해군군수사령부,제한경쟁,단가제,적격심사제,202411191030,20241119,낙찰
긴급공고,SCF1029,1,51397,001,체다슬라이스치즈 구매,2024,SCF,해군군수사령부,제한경쟁,단가제,적격심사제,202411191030,20241119,낙찰
긴급공고,SCF1030,1,51399,001,비엔나소시지 구매,2024,SCF,해군군수사령부,제한경쟁,단가제,적격심사제,202411191030,20241119,낙찰
긴급공고,SCF1034,1,51406,001,떠먹는발효유 구매,2024,SCF,해군군수사령부,제한경쟁,단가제,적격심사제,202411191030,20241119,낙찰
긴급공고,SCF1032,1,51481,***,라쳇 핸들 등 164종 구매,2024,SCF,해군군수사령부,제한경쟁,총액제,적격심사제,202411191030,20241119,낙찰
긴급공고,SCF1036,1,51620,***,"PKMR No.1, 2 워터제트 추진기 외주정비",2024,SCF,해군군수사령부,일반경쟁,총액제,적격심사제,202411191030,20241119,유찰
긴급공고,SCF1033,1,52417,001,모듬해물 구매,2024,SCF,해군군수사령부,제한경쟁,단가제,적격심사제,202411191030,20241119,낙찰
정상공고,SCG0041,1,51093,***,3단 완전자동우산 구매,2024,SCG,해군본부,제한경쟁,총액제,적격심사제,202411191100,20241119,낙찰
긴급공고,SCG0042,1,52234,***,현장수사용 휴대용프린터 등 20종 구매,2024,SCG,해군본부,제한경쟁,총액제,적격심사제,202411191100,20241119,낙찰
긴급공고,SCG0043,1,52242,***,진술녹화시스템 구매(설치),2024,SCG,해군본부,제한경쟁,총액제,적격심사제,202411191100,20241119,낙찰
재공고,SFC0131,2,48155,***,24-덕-달력 후가공(벽걸이) 제작 구매,2024,SFC,제9691부대,제한경쟁,총액제,적격심사제,202411191030,20241119,낙찰
긴급공고,UAC0054,1,52401,***,스마트 북 제작 플랫폼 구매,2024,UAC,국방출판지원단,제한경쟁,총액제,적격심사제,202411191100,20241119,낙찰
재공고,UMM1073,2,39328,***,(24F192-I) 군 사격장 소음영향도 조사용역,2024,UMM,국군재정관리단,일반경쟁,총액제,적격심사제,202411191100,20241119,낙찰
긴급공고,UMM1255,1,48023,***,(247375-D) 초음파 수술 흡인기 구매,2024,UMM,국군재정관리단,제한경쟁,총액제,적격심사제,202411191100,20241119,낙찰
긴급공고,UMM1254,1,49525,***,(24G066-H)정보통신장비 통합유지보수용역,2024,UMM,국군재정관리단,일반경쟁,총액제,적격심사제,202411191100,20241119,낙찰
정상공고,UMM1242,1,51371,***,24-N-원격통합통신체계 구축 등 7건 금융리스,2024,UMM,국군재정관리단,일반경쟁,총액제,최저가격제,202411191100,20241119,낙찰
긴급공고,UMM1241,1,51388,***,24-D-00사 지휘통제실 비디오월 구축,2024,UMM,국군재정관리단,일반경쟁,총액제,적격심사제,202411191100,20241119,낙찰
정상공고,EBH0137,1,8620A,***,24년 현궁 사격통제장비 부품(구매),2024,EBH,해상공중전력운영계약팀,제한경쟁,총액제,적격심사제,202411181100,20241118,유찰
긴급공고,HCQ0082,1,47651,***,24-215 엑스선기 600MA 디지털 TFT식 등 1종,2024,HCQ,공군제5공중기동비행단,제한경쟁,총액제,적격심사제,202411181100,20241118,낙찰
긴급공고,LCK0047,1,52196,***,[일반-24-213] 대테러초동조치부대 물자 구매 2차,2024,LCK,수도방위사령부,제한경쟁,총액제,적격심사제,202411181030,20241118,낙찰
정상공고,UMM1244,1,51400,***,(24F292-A) 24-2차 정보화사업 통합금융리스,2024,UMM,국군재정관리단,일반경쟁,총액제,최저가격제,202411181100,20241118,낙찰
정상공고,UMM1245,1,51410,***,(24G280-A내부망 웹메일 및 메신저 노후교체 금융리스,2024,UMM,국군재정관리단,일반경쟁,총액제,최저가격제,202411181100,20241118,낙찰
정상공고,EBB0348,1,8520A,***,신형 소대급 교전훈련장비체계,2024,EBB,지상공통전력운영계약팀,일반경쟁,총액제,적격심사제,202411151100,20241115,낙찰
정상공고,EM30002,1,7325,***,검독수리 Batch-II 후속함(9~12번함),2024,EMA,함정총괄계약팀,수의계약,총액제,최저가격제,202411151300,20241115,낙찰
긴급공고,LHN0079,1,51536,***,주둔지 경계용 CCTV 구매 및 설치,2024,LHN,제7보병사단,일반경쟁,총액제,적격심사제,202411151030,20241115,낙찰
긴급공고,MCD0080,1,49456,***,사회변화를 반영한 군 일하는 문화 개선방안,2024,MCD,국방부(운영지원과),협상에의한계약(전자),총액제,최저가격제,202411151600,20241115,낙찰
긴급공고,MCD0079,1,49457,***,'24년 국방 지능정보화 컨퍼런스 행사용역,2024,MCD,국방부(운영지원과),협상에의한계약(전자),총액제,최저가격제,202411151600,20241115,낙찰
긴급공고,MCD0078,1,50159,***,국방분야 도급·용역·위탁 관리방안 연구,2024,MCD,국방부(운영지원과),협상에의한계약(전자),총액제,최저가격제,202411151700,20241115,유찰
정상공고,SCG0039,1,50082,***,모니터 스피커 등 12종 구매,2024,SCG,해군본부,제한경쟁,총액제,적격심사제,202411151100,20241115,낙찰
정상공고,SCG0040,1,50083,***,이동식 속도측정기 구매,2024,SCG,해군본부,제한경쟁,총액제,적격심사제,202411151100,20241115,낙찰
긴급공고,SFC0135,1,49747,***,24-해병-사고예방 영상 제작 대행,2024,SFC,제9691부대,2단계경쟁(동시),총액제,최저가격제,202411151030,20241115,낙찰
재공고,UMM1218,2,46377,***,"(24G278-A) 25년 위례 출,퇴근버스 임차용역",2024,UMM,국군재정관리단,제한경쟁,총액제,적격심사제,202411151100,20241115,낙찰
긴급공고,UMM1238,1,50873,***,(24G275-I) 대테러 RF기동영상전송장비 리스,2024,UMM,국군재정관리단,일반경쟁,총액제,최저가격제,202411151100,20241115,낙찰
정상공고,EKA0037,1,7020A,***,"24년 소총,5.56mm,K2C1",2024,EKA,기동총괄계약팀,지명경쟁,총액제,적격심사제,202411141030,20241114,낙찰
긴급공고,HCF0246,1,50526,***,[60전대] 실린더 버터플라이 밸브 등 90종,2024,HCF,공군군수사령부,제한경쟁,총액제,적격심사제,202411141030,20241114,낙찰
긴급공고,HCF0245,1,50537,***,[60전대] 경사각도 실린더 조립체 등 16종,2024,HCF,공군군수사령부,제한경쟁,총액제,적격심사제,202411141030,20241114,낙찰
긴급공고,HCM0070,1,51274,***,"24-10-360 도시락, 수통 IED 등 41품목 구매",2024,HCM,공군교육사령부,제한경쟁,총액제,적격심사제,202411141100,20241114,낙찰
정상공고,LDH0879,1,50712,***,(화공) 니켈광택제지 등 6종 구매,2024,LDH,육군종합정비창,제한경쟁,총액제,적격심사제,202411141300,20241114,낙찰
정상공고,LDH0880,1,50756,***,(자재) 부대운영자재 제재목 등 3종 구매,2024,LDH,육군종합정비창,제한경쟁,총액제,적격심사제,202411141300,20241114,낙찰
정정공고,LDH0892,2,51474,***,(자재) 폴리우레탄 녹색 구매,2024,LDH,육군종합정비창,제한경쟁,총액제,적격심사제,202411141300,20241114,유찰
긴급공고,LFK0077,1,51407,***,3수송교육연대 교육생생활관 문화재시굴조사용역,2024,LFK,육군종합군수학교,제한경쟁,총액제,적격심사제,202411141100,20241114,낙찰
긴급공고,LQG0076,1,51531,***,(육성) 00부대 드론 재밍건 제조 납품,2024,LQG,육군 52보병사단,제한경쟁,총액제,적격심사제,202411141500,20241114,낙찰
긴급공고,MDI0005,1,51432,***,노후 통신지원차량 교체사업,2024,MDI,제7016부대,일반경쟁,총액제,적격심사제,202411141030,20241114,낙찰
긴급공고,SCF0989,1,50106,***,"(긴급)호스,비금속제 등 24종",2024,SCF,해군군수사령부,제한경쟁,총액제,적격심사제,202411141030,20241114,낙찰
긴급공고,SCF0985,1,50459,***,"(긴급) 가열기, 냉각제, 엔진용 등 34종",2024,SCF,해군군수사령부,제한경쟁,총액제,적격심사제,202411141030,20241114,낙찰
정상공고,SCG0035,1,50078,***,캐릭터(이나비) 볼펜 등 3종 구매,2024,SCG,해군본부,제한경쟁,총액제,적격심사제,202411141100,20241114,낙찰
정상공고,SCG0036,1,50080,***,'24년 해군수첩 커버(6공) 제조,2024,SCG,해군본부,제한경쟁,총액제,적격심사제,202411141100,20241114,유찰
정상공고,SCG0037,1,50081,***,접이식 실리콘 텀블러 구매,2024,SCG,해군본부,제한경쟁,총액제,적격심사제,202411141100,20241114,낙찰
긴급공고,SFC0141,1,50509,***,24-덕-디지털 카메라 등 12품목 구매,2024,SFC,제9691부대,제한경쟁,총액제,적격심사제,202411141030,20241114,낙찰
긴급공고,SFC0142,1,50577,***,코팅기 등 5품목 구매,2024,SFC,제9691부대,제한경쟁,총액제,적격심사제,202411141030,20241114,유찰
긴급공고,SFC0143,1,51507,***,캐비닛 등 2품목 제조 구매,2024,SFC,제9691부대,제한경쟁,총액제,적격심사제,202411141030,20241114,낙찰
긴급공고,UMM1246,1,47307,***,(247380-C) 환자관찰장치 이동형 구매,2024,UMM,국군재정관리단,제한경쟁,총액제,적격심사제,202411141100,20241114,낙찰
재공고,UMM1200,2,47648,***,24-N-0함대 부두 로딩암 제조설치,2024,UMM,국군재정관리단,일반경쟁,총액제,적격심사제,202411141100,20241114,유찰
정상공고,UMM1230,1,50380,***,(24F287-A) 정보화사업 13건 통합금융리스,2024,UMM,국군재정관리단,일반경쟁,총액제,최저가격제,202411141100,20241114,낙찰
정상공고,EBH0136,1,8520P,***,24년 KCTC교전훈련장비(마일즈)용 충전지,2024,EBH,해상공중전력운영계약팀,일반경쟁,총액제,적격심사제,202411131400,20241113,낙찰
긴급공고,HCF0243,1,51060,***,'24~'27 부대조달 외자 수송대행용역,2024,HCF,공군군수사령부,제한경쟁,총액제,적격심사제,202411131030,20241113,유찰
긴급공고,HCM0069,1,50063,***,24-10-364 학과용 가방(디지털백팩) 구매,2024,HCM,공군교육사령부,제한경쟁,총액제,적격심사제,202411131030,20241113,낙찰
긴급공고,HDN0036,1,51140,***,'24년 폐목재류 처리용역,2024,HDN,공군제18전투비행단,제한경쟁,총액제,적격심사제,202411131300,20241113,낙찰
긴급공고,LBA0070,1,50958,***,‘25년 1~3월 부대조달 부식(햄류 2품목) 구매,2024,LBA,제 2167부대,일반경쟁,총액제,적격심사제,202411131030,20241113,낙찰
긴급공고,LBA0071,1,50959,***,‘25년 1~3월 부대조달 부식(빵류 58품목) 구매,2024,LBA,제 2167부대,일반경쟁,총액제,적격심사제,202411131030,20241113,낙찰
긴급공고,LBA0072,1,50960,***,‘25년 1~3월 부대조달 부식(돈가스 6품목) 제조/구매,2024,LBA,제 2167부대,제한경쟁,총액제,적격심사제,202411131030,20241113,낙찰
긴급공고,LDH0891,1,51212,***,"(기동) 5톤 어댑터,오일팬용 등 20품목 구매",2024,LDH,육군종합정비창,제한경쟁,총액제,적격심사제,202411131300,20241113,유찰
긴급공고,LKS0058,1,51041,***,'24 ~ '25년 체력단련장 식자재 구매(경남권),2024,LKS,육군인사사령부,제한경쟁,총액제,적격심사제,202411131030,20241113,낙찰
긴급공고,LKS0059,1,51044,***,'24 ~ '25년 체력단련장 식자재 구매(충청권),2024,LKS,육군인사사령부,일반경쟁,총액제,적격심사제,202411131030,20241113,낙찰
긴급공고,LKS0060,1,51047,***,'24 ~ '25년 체력단련장 식자재 구매(경기권),2024,LKS,육군인사사령부,일반경쟁,총액제,적격심사제,202411131030,20241113,낙찰
긴급공고,LKS0061,1,51051,***,'24 ~ '25년 체력단련장 식자재 구매(경북권),2024,LKS,육군인사사령부,일반경쟁,총액제,적격심사제,202411131030,20241113,낙찰
긴급공고,LKT0078,1,51281,***,24년 11~12월 부대조달 급식품목(빵류) 구매,2024,LKT,제1989부대,일반경쟁,총액제,적격심사제,202411131030,20241113,낙찰
긴급공고,LMU0055,1,51269,***,24-물용-014 지정폐기물 처리 용역(2차),2024,LMU,제7군수지원단,제한경쟁,총액제,적격심사제,202411131100,20241113,낙찰
긴급공고,SCF0983,1,44033,***,손원일급 잠수함 통신마스트 유압실린더 정비,2024,SCF,해군군수사령부,일반경쟁,총액제,적격심사제,202411131030,20241113,순위확정
긴급공고,SCF0984,1,51072,***,폭발물처리반 작전복 1종 구매,2024,SCF,해군군수사령부,제한경쟁,총액제,적격심사제,202411131030,20241113,순위확정
정상공고,UAC0052,1,49893,***,수리부속 21종 구매,2024,UAC,국방출판지원단,제한경쟁,총액제,적격심사제,202411131100,20241113,낙찰
정상공고,UMM1213,1,43584,***,24-D-체력단련장 코스관리장비 구매,2024,UMM,국군재정관리단,제한경쟁,총액제,적격심사제,202411131100,20241113,순위확정
정상공고,UMM1232,1,47358,***,(247394-C) 대테러 작전조끼 제조,2024,UMM,국군재정관리단,제한경쟁,총액제,적격심사제,202411131100,20241113,낙찰
긴급공고,UMM1237,1,47894,***,(247377-D) 기관지내시경 구매,2024,UMM,국군재정관리단,제한경쟁,총액제,적격심사제,202411131100,20241113,낙찰
정상공고,UMM1229,1,49161,***,(24F290-A) 상병건강검진 영상판독 위탁용역,2024,UMM,국군재정관리단,일반경쟁,총액제,적격심사제,202411131100,20241113,낙찰
정상공고,UMM1226,1,49923,***,24-N-OO부대 브리핑/화상회의체계 교체 금융리스,2024,UMM,국군재정관리단,일반경쟁,총액제,최저가격제,202411131100,20241113,낙찰
정상공고,UMM1234,1,50493,***,(246342-C) 교육생생활관 관급자재(자동제어) 제조,2024,UMM,국군재정관리단,제한경쟁,총액제,적격심사제,202411131100,20241113,낙찰
정상공고,EBB0346,1,1216A,***,2024 K10신형제독장치 부품(동력장치 및 기타)(제조),2024,EBB,지상공통전력운영계약팀,수의계약,총액제,적격심사제,202411121030,20241112,순위확정
정상공고,EPA0031,1,7000A,***,TA-50 Block2 지원장비류,2024,EPA,항공기총괄계약팀,수의계약,총액제,적격심사제,202411121130,20241112,유찰
긴급공고,HCM0067,1,50464,***,24-09-328 신호발생기 1품목 구매,2024,HCM,공군교육사령부,제한경쟁,총액제,적격심사제,202411121100,20241112,낙찰
재공고,LCG0096,2,48130,***,[24-육-268] 후반기 예비군지휘관 근무복류 제조,2024,LCG,육군본부,제한경쟁,총액제,적격심사제,202411121230,20241112,순위확정
긴급공고,LCG0097,1,49459,***,[24-육-280] 법률도서 구매 4차,2024,LCG,육군본부,제한경쟁,총액제,적격심사제,202411121230,20241112,낙찰
긴급공고,LCG0099,1,50213,***,[24-육-279] 육군인권존중센터 홍보물품 구매(모자),2024,LCG,육군본부,제한경쟁,총액제,적격심사제,202411121230,20241112,낙찰
재공고,LDH0818,2,46483,***,(자재) 부품제작자재 와이어조립체 등 51종 구매,2024,LDH,육군종합정비창,제한경쟁,총액제,적격심사제,202411121300,20241112,유찰
정상공고,LDH0863,1,49229,***,K9자주포 보조통접착물 구매,2024,LDH,육군종합정비창,제한경쟁,총액제,적격심사제,202411121300,20241112,낙찰
정상공고,LDH0864,1,49234,***,K9자주포 베어링등15종 구매,2024,LDH,육군종합정비창,제한경쟁,총액제,적격심사제,202411121300,20241112,유찰
정상공고,LDH0865,1,49237,***,"K9자주포 나사,캡식,6각 머리형등9종 구매",2024,LDH,육군종합정비창,제한경쟁,총액제,적격심사제,202411121300,20241112,유찰
정상공고,LDH0867,1,49268,***,K10탄운차 집적회로등2종 구매,2024,LDH,육군종합정비창,제한경쟁,총액제,적격심사제,202411121300,20241112,유찰
정상공고,LDH0869,1,49292,***,통신 연결기 등 9품목 구매,2024,LDH,육군종합정비창,제한경쟁,총액제,적격심사제,202411121300,20241112,유찰
정상공고,LDH0870,1,49296,***,통신 집적회로 등 10품목 구매,2024,LDH,육군종합정비창,제한경쟁,총액제,적격심사제,202411121300,20241112,유찰
정상공고,LDH0871,1,49439,***,K77지휘차 개스킷 등 11종 구매,2024,LDH,육군종합정비창,제한경쟁,총액제,적격심사제,202411121300,20241112,낙찰
정상공고,LDH0873,1,49446,***,K77지휘차 호스조립체 등 10종 구매,2024,LDH,육군종합정비창,제한경쟁,총액제,적격심사제,202411121300,20241112,낙찰
정상공고,LDH0874,1,49451,***,K77지휘차 볼트 등 15종 구매,2024,LDH,육군종합정비창,제한경쟁,총액제,적격심사제,202411121300,20241112,유찰
긴급공고,LDH0884,1,50074,***,통신 단자판 등 12품목 구매,2024,LDH,육군종합정비창,제한경쟁,총액제,적격심사제,202411121300,20241112,유찰
긴급공고,LDH0886,1,50084,***,K77지휘차 너트 등 10종 구매,2024,LDH,육군종합정비창,제한경쟁,총액제,적격심사제,202411121300,20241112,낙찰
정상공고,LDH0862,1,50201,***,"(특무) 스위치,토글식 등 24품목 구매",2024,LDH,육군종합정비창,제한경쟁,총액제,적격심사제,202411121300,20241112,낙찰
긴급공고,LDH0888,1,50886,***,K1전차 콘 및 롤러 등 2종 구매,2024,LDH,육군종합정비창,제한경쟁,총액제,적격심사제,202411121300,20241112,유찰
긴급공고,LDH0889,1,50887,***,K1전차 오링 등 18종 구매,2024,LDH,육군종합정비창,제한경쟁,총액제,적격심사제,202411121300,20241112,낙찰
긴급공고,LDH0890,1,50889,***,K1전차 모의연결기 등 9종 구매,2024,LDH,육군종합정비창,제한경쟁,총액제,적격심사제,202411121300,20241112,유찰
긴급공고,LGC0034,1,50892,***,25~27년 얼음정수기 임차용역,2024,LGC,육군학생군사학교,제한경쟁,총액제,적격심사제,202411121030,20241112,낙찰
긴급공고,LIK0078,1,50893,001,‘25년 부대계약 부식(1~3월)(빵류) 제조/구매,2024,LIK,제2군수지원여단,일반경쟁,단가제,적격심사제,202411121030,20241112,낙찰
긴급공고,LPM0048,1,50962,***,24년 얼음 정수기 임차 계약의뢰(2차)2,2024,LPM,제9보병사단사령부,제한경쟁,총액제,적격심사제,202411121100,20241112,낙찰
긴급공고,MFH0017,1,50435,***,EMP성능시험(SE측정시스템) 유지보수 용역,2024,MFH,국방시설본부,일반경쟁,총액제,적격심사제,202411121030,20241112,순위확정
긴급공고,MGA0002,1,50626,***,00부대 기능실 브리핑 시스템 구축 설치 및 납품,2024,MGA,전략사령부,일반경쟁,총액제,적격심사제,202411121030,20241112,낙찰
재공고,MHD0096,3,45104,***,국방 분야 보안과제 적용방안 및 제도정비 연구,2024,MHD,방위사업청(운영지원과),협상에의한계약(전자),총액제,최저가격제,202411121500,20241112,낙찰
재공고,SCF0905,3,39467,***,함정 진공식 오수배관 소제 외주용역,2024,SCF,해군군수사령부,일반경쟁,총액제,적격심사제,202411121030,20241112,유찰
긴급공고,SCF0973,1,45505,***,"케이블 조립체, 특수목적용, 전기용 15EA 제조",2024,SCF,해군군수사령부,제한경쟁,총액제,적격심사제,202411121030,20241112,유찰
긴급공고,SCF0971,1,45525,***,"장치대, 탄력형, 일반 목적용 등 19종 구매",2024,SCF,해군군수사령부,제한경쟁,총액제,적격심사제,202411121030,20241112,낙찰
긴급공고,SCF0978,1,46037,***,DDG 원격 제어밸브 정비,2024,SCF,해군군수사령부,일반경쟁,총액제,적격심사제,202411121030,20241112,유찰
재공고,SCF0958,2,47016,***,아-83호정 No.2 특수추진기 외주정비,2024,SCF,해군군수사령부,일반경쟁,총액제,적격심사제,202411121030,20241112,유찰
긴급공고,SCF0980,1,47520,***,"(긴급) 밸브, 버섯형, 엔진용 등 112종",2024,SCF,해군군수사령부,일반경쟁,총액제,적격심사제,202411121030,20241112,낙찰
긴급공고,SCF0981,1,48162,***,FFG 추진전동기 소프트웨어 정비,2024,SCF,해군군수사령부,일반경쟁,총액제,적격심사제,202411121030,20241112,유찰
긴급공고,SCF0972,1,49121,***,CNC 목공선반 1대 구매,2024,SCF,해군군수사령부,제한경쟁,총액제,적격심사제,202411121030,20241112,낙찰
긴급공고,SCF0974,1,50430,***,해병대 누수탐지기  등 3종 구매,2024,SCF,해군군수사령부,제한경쟁,총액제,적격심사제,202411121030,20241112,순위확정
긴급공고,SCF0977,1,50474,***,페인트 희석용기 등 194종 구매,2024,SCF,해군군수사령부,제한경쟁,총액제,적격심사제,202411121030,20241112,낙찰
긴급공고,SCF0976,1,50486,***,엔진오일 교환기 등 2종 구매,2024,SCF,해군군수사령부,제한경쟁,총액제,적격심사제,202411121030,20241112,순위확정
긴급공고,SCF0982,1,50781,***,도산안창호급 잠수함 군위성 통신기 안테나 정비,2024,SCF,해군군수사령부,일반경쟁,총액제,적격심사제,202411121030,20241112,순위확정
긴급공고,SFC0138,1,50036,***,24-덕-별관 원형회전판 식탁 제조,2024,SFC,제9691부대,제한경쟁,총액제,적격심사제,202411121030,20241112,낙찰
긴급공고,SFC0137,1,50044,***,교육용 드론 구매,2024,SFC,제9691부대,제한경쟁,총액제,적격심사제,202411121030,20241112,낙찰
긴급공고,UMM1235,1,42762,***,(24F265-I) 24년~27년 얼음정수기 임차용역,2024,UMM,국군재정관리단,일반경쟁,총액제,적격심사제,202411121100,20241112,낙찰
긴급공고,UMM1228,1,48332,***,24-D-다목적 송풍기 구매,2024,UMM,국군재정관리단,제한경쟁,총액제,적격심사제,202411121100,20241112,유찰
긴급공고,UMM1212,1,48576,***,"24-N-공구키트, 폭발물처리반용 구매",2024,UMM,국군재정관리단,제한경쟁,총액제,적격심사제,202411121100,20241112,낙찰
긴급공고,UMM1231,1,49444,***,24-F-보조배터리 1품목 구매,2024,UMM,국군재정관리단,제한경쟁,총액제,적격심사제,202411121100,20241112,낙찰
긴급공고,UMM1233,1,50498,***,"24-F-PC 및 노트북,모니터 등 도입사업 통합 금융리스",2024,UMM,국군재정관리단,일반경쟁,총액제,최저가격제,202411121100,20241112,유찰
긴급공고,UMM1236,1,50876,***,(246069-G)교육훈련관리체계(DTMS)HW구축(리스자산),2024,UMM,국군재정관리단,일반경쟁,총액제,적격심사제,202411121100,20241112,낙찰
긴급공고,HCM0068,1,50512,***,외곽펜스 조명시설 관급자재 가로등주 제조구매 F002,2024,HCM,공군교육사령부,제한경쟁,총액제,적격심사제,202411111100,20241111,낙찰
정상공고,LDH0860,1,50058,***,(정비) 연마포 등 12종 구매,2024,LDH,육군종합정비창,제한경쟁,총액제,적격심사제,202411111300,20241111,낙찰
정상공고,MCL0005,1,49178,***,24~25 재외무관부 긴급 의료 이·후송 및 구난서비스,2024,MCL,국방정보본부,2단계경쟁(동시),총액제,최저가격제,202411111000,20241111,유찰
긴급공고,SCG0034,1,49619,***,넥타이핀 등 4종 구매,2024,SCG,해군본부,제한경쟁,총액제,적격심사제,202411111100,20241111,낙찰
긴급공고,SCN0180,1,50545,***,24~27 00마을 아파트 시설관리용역,2024,SCN,제7001부대,지명경쟁,총액제,최저가격제,202411111030,20241111,유찰
긴급공고,SCN0181,1,50557,***,25~27 00아파트 시설관리용역,2024,SCN,제7001부대,지명경쟁,총액제,최저가격제,202411111030,20241111,유찰
정상공고,UMM1223,1,47494,***,24~25-N-폭발물 원격 이동기 구매,2024,UMM,국군재정관리단,일반경쟁,총액제,적격심사제,202411111100,20241111,낙찰
정상공고,EBB0345,1,1120C,***,K10 탄약운반차량 구성품 외주정비,2024,EBB,지상공통전력운영계약팀,수의계약,총액제,적격심사제,202411081100,20241108,유찰
재공고,EM10003,2,5515,***,울산급 Batch-IV 통합기관제어체계 체계개발,2024,EMA,함정총괄계약팀,협상에의한계약(서류),총액제,최저가격제,202411081300,20241108,낙찰
재공고,EM10002,2,5517,***,울산급 Batch-Ⅳ 무장통제장비(4종) 체계개발,2024,EMA,함정총괄계약팀,수의계약,총액제,최저가격제,202411081300,20241108,낙찰
긴급공고,LQH0049,1,49981,***,금곡 예비군훈련 관리체계 통합시험평가 용역,2024,LQH,제3697부대,제한경쟁,총액제,적격심사제,202411081100,20241108,유찰
정상공고,MDJ0060,1,49847,***,의무장비(환자관찰장치 중앙 침상형) 구매계약,2024,MDJ,국군대전병원,일반경쟁,총액제,적격심사제,202411081030,20241108,낙찰
정상공고,DSS0058,1,48497,***,방탄헬멧 제조구매,2024,DSS,국군제1068부대,제한경쟁,총액제,적격심사제,202411071030,20241107,낙찰
정상공고,ELA0032,1,2055B,***,"부품키트,포구초속측정기용(K55A1용)",2024,ELA,화력총괄계약팀,일반경쟁,총액제,적격심사제,202411071030,20241107,낙찰
정상공고,EMA0021,1,7327,***,검독수리-B Batch-I 정비대체장비(가스터빈),2024,EMA,함정총괄계약팀,수의계약,총액제,적격심사제,202411071100,20241107,유찰
정상공고,LDH0851,1,48622,***,K21 베어링 등 2종 구매,2024,LDH,육군종합정비창,제한경쟁,총액제,적격심사제,202411071300,20241107,낙찰
정상공고,LDH0856,1,48634,***,통신 캐패시터(012768070) 구매,2024,LDH,육군종합정비창,제한경쟁,총액제,적격심사제,202411071300,20241107,낙찰
정상공고,LDH0857,1,48636,***,통신 송풍기 등 7품목 구매,2024,LDH,육군종합정비창,제한경쟁,총액제,적격심사제,202411071300,20241107,유찰
정상공고,LDH0858,1,48638,***,통신 저항기 등 8품목 구매,2024,LDH,육군종합정비창,제한경쟁,총액제,적격심사제,202411071300,20241107,순위확정
긴급공고,LKG0097,1,50103,***,17해안감시기동대대 개편 자동제어 제조설치,2024,LKG,육군제53보병사단,제한경쟁,총액제,적격심사제,202411071100,20241107,낙찰
긴급공고,LQG0074,1,49825,***,(육성) 00부대 PC(본체) 제조 설치 납품,2024,LQG,육군 52보병사단,제한경쟁,총액제,적격심사제,202411071030,20241107,낙찰
긴급공고,LQG0075,1,49834,***,(육성) 00부대 모니터 등 7종 구매 납품,2024,LQG,육군 52보병사단,제한경쟁,총액제,적격심사제,202411071030,20241107,낙찰
정상공고,MCL0006,1,49248,***,24-2차 0000체계 운용품 구매,2024,MCL,국방정보본부,제한경쟁,총액제,적격심사제,202411071000,20241107,순위확정
정상공고,MCL0008,2,49278,***,00체계 UPS 배터리 구매,2024,MCL,국방정보본부,제한경쟁,총액제,적격심사제,202411071000,20241107,낙찰
긴급공고,NIT0023,1,50018,***,유전자과 자동염기서열분석기 정비,2024,NIT,국방부조사본부,제한경쟁,총액제,적격심사제,202411071100,20241107,낙찰
긴급공고,NIT0024,1,50024,***,감정장비(DNA 보관냉장고) 구매,2024,NIT,국방부조사본부,제한경쟁,총액제,적격심사제,202411071100,20241107,낙찰
긴급공고,NIT0025,1,50051,***,감정장비(자동핵산추출시스템) 구매,2024,NIT,국방부조사본부,제한경쟁,총액제,적격심사제,202411071100,20241107,낙찰
긴급공고,NIT0026,1,50057,***,감정장비(배양기) 구매,2024,NIT,국방부조사본부,제한경쟁,총액제,적격심사제,202411071100,20241107,낙찰
긴급공고,SCK0143,1,49306,***,마약검사 키트(6종) 등 2종 구매,2024,SCK,해군교육사령부,일반경쟁,총액제,적격심사제,202411071030,20241107,낙찰
긴급공고,SFC0136,1,50025,***,아크릴표지판 등 193품목 구매,2024,SFC,제9691부대,제한경쟁,총액제,적격심사제,202411071030,20241107,낙찰
긴급공고,UMM1227,1,39571,***,(24F250-I) 가지치기 및 수목제거 용역,2024,UMM,국군재정관리단,제한경쟁,총액제,적격심사제,202411071100,20241107,낙찰
정상공고,EBB0343,1,5531R,***,24년 105밀리 연습예광탄 파라핀지환통,2024,EBB,지상공통전력운영계약팀,일반경쟁,총액제,적격심사제,202411061430,20241106,낙찰
정상공고,EBB0344,1,5531T,***,24년 105밀리 연습예광탄 목상자,2024,EBB,지상공통전력운영계약팀,수의계약,총액제,적격심사제,202411061430,20241106,순위확정
긴급공고,LDA0076,1,49280,***,(A164) 24년 주거시설 도배 및 장판 설치납품,2024,LDA,지상작전사령부,제한경쟁,총액제,적격심사제,202411061100,20241106,낙찰
정상공고,LDH0846,1,49164,***,(자재) 부품제작자재 용사파우더 구매,2024,LDH,육군종합정비창,제한경쟁,총액제,적격심사제,202411061300,20241106,낙찰
정상공고,LDH0847,1,49298,***,K21 축전기 등 6종 구매,2024,LDH,육군종합정비창,제한경쟁,총액제,적격심사제,202411061300,20241106,낙찰
긴급공고,LIK0075,1,48432,001,'25년 부대계약 부식(1~3월)(빵류) 제조,2024,LIK,제2군수지원여단,제한경쟁,단가제,적격심사제,202411061030,20241106,유찰
긴급공고,LKF0068,1,49854,***,122여단 예비군훈련대 개편 관급자재(유입변압기),2024,LKF,제6755부대,제한경쟁,총액제,적격심사제,202411061030,20241106,유찰
긴급공고,LPN0020,1,49811,***,25년 군 주거시설 도배장판 설치납품(인천권역),2024,LPN,수도군단,제한경쟁,총액제,적격심사제,202411061030,20241106,낙찰
긴급공고,LPN0021,1,49922,***,24년 00단 어태치먼트 자재 구매,2024,LPN,수도군단,제한경쟁,총액제,적격심사제,202411061500,20241106,낙찰
긴급공고,MCT0056,1,49900,***,간부숙소 시스템에어컨 설치/납품,2024,MCT,국군체육부대,일반경쟁,총액제,적격심사제,202411061030,20241106,낙찰
재공고,MDD0112,2,45451,***,'24년 재투자 의무장비(혈액가온장치) 구매,2024,MDD,국군수도병원,제한경쟁,총액제,적격심사제,202411061700,20241106,유찰
재공고,MGO0007,2,45749,***,ATCIS 2차 성능개량(OOO사) 임무수행능력 향상,2024,MGO,국방기술품질원,2단계경쟁(동시),총액제,최저가격제,202411061500,20241106,유찰
재공고,MHD0083,2,38867,***,효과적인 무기체계 부품국산화 국산화율 정교화 연구,2024,MHD,방위사업청(운영지원과),협상에의한계약(전자),총액제,최저가격제,202411061500,20241106,낙찰
긴급공고,SCF0968,1,43183,***,DDG RCS 차폐막 정비,2024,SCF,해군군수사령부,일반경쟁,총액제,적격심사제,202411061030,20241106,순위확정
재공고,SCF0920,3,45134,***,'24년 상륙돌격장갑차(KAAV) 최종구동장치 외주정비,2024,SCF,해군군수사령부,일반경쟁,총액제,적격심사제,202411061030,20241106,낙찰
긴급공고,SCF0965,1,45366,***,'24년 중어뢰(SUT) 전압조절기카드 부품정비,2024,SCF,해군군수사령부,일반경쟁,총액제,적격심사제,202411061030,20241106,순위확정
긴급공고,SCF0969,1,47325,***,'24년 함정 승강기 외주정비,2024,SCF,해군군수사령부,일반경쟁,총액제,적격심사제,202411061030,20241106,낙찰
긴급공고,SCF0966,1,49181,***,’24년 함정 통풍관 및 FCU 소제 용역,2024,SCF,해군군수사령부,일반경쟁,총액제,적격심사제,202411061030,20241106,낙찰
정상공고,SFG0113,1,49091,***,실내용 돔카메라 등 3품목 구매,2024,SFG,제9181부대,일반경쟁,총액제,적격심사제,202411061030,20241106,낙찰
정상공고,SFG0112,1,49092,***,병기보관함 등 7품목 구매,2024,SFG,제9181부대,제한경쟁,총액제,적격심사제,202411061030,20241106,낙찰
정상공고,UMM1219,1,45315,***,24-M-침해사고 조사분석체계 상용 SW 구매,2024,UMM,국군재정관리단,제한경쟁,총액제,적격심사제,202411061100,20241106,낙찰
긴급공고,UMM1224,1,45569,***,(246372-E) 다목적트랙터 및 블로워 구매,2024,UMM,국군재정관리단,제한경쟁,총액제,적격심사제,202411061100,20241106,낙찰
정상공고,UMM1221,1,47099,***,(247358-D)안테나 교체공사용 도파관 등 3종 구매,2024,UMM,국군재정관리단,제한경쟁,총액제,적격심사제,202411061100,20241106,낙찰
긴급공고,UMM1225,1,47721,***,(247383-F) 수술모 등 의료기재 구매,2024,UMM,국군재정관리단,제한경쟁,총액제,적격심사제,202411061100,20241106,낙찰
정상공고,UMM1220,1,49130,***,24-M-공기청정기 필터 제조,2024,UMM,국군재정관리단,제한경쟁,총액제,적격심사제,202411061100,20241106,낙찰
정상공고,ELA0031,1,2536,***,휴대용무전기(K56용),2024,ELA,화력총괄계약팀,2단계경쟁(동시),총액제,최저가격제,202411051600,20241105,낙찰
정상공고,EMA0012,1,9913,***,광개토-III Batch-Ⅱ 전투체계 기술교범 번역 및 발간,2024,EMA,함정총괄계약팀,수의계약,총액제,적격심사제,202411051100,20241105,유찰
긴급공고,LCG0095,1,49023,***,[24-육-241] 2025년 안전캘린더 후가공 제조,2024,LCG,육군본부,제한경쟁,총액제,적격심사제,202411051230,20241105,낙찰
긴급공고,LCK0044,1,49611,***,[일반-24-203] 직할부대 식기세척기 임차용역,2024,LCK,수도방위사령부,제한경쟁,총액제,적격심사제,202411051030,20241105,낙찰
재공고,LDH0812,2,45764,***,통신 캐패시터 등 10품목 구매,2024,LDH,육군종합정비창,제한경쟁,총액제,적격심사제,202411051300,20241105,낙찰
정상공고,LDH0836,1,47789,***,"(일장) 교량가설단정 시동기,엔진용 등 11품목 구매",2024,LDH,육군종합정비창,제한경쟁,총액제,적격심사제,202411051300,20241105,유찰
정상공고,LDH0837,1,47791,***,"(기동) 5톤차량 튜브,곡선형,금속제 등 7품목 구매",2024,LDH,육군종합정비창,제한경쟁,총액제,적격심사제,202411051300,20241105,낙찰
정상공고,LDH0845,1,47851,***,"K200 나사,캡식,6각 머리형 등 10종 구매",2024,LDH,육군종합정비창,제한경쟁,총액제,적격심사제,202411051300,20241105,낙찰
정상공고,LDH0843,1,47853,***,"K200 베어링,롤러식,테이퍼형 등 17종 구매",2024,LDH,육군종합정비창,제한경쟁,총액제,적격심사제,202411051300,20241105,유찰
정상공고,LPG0028,1,49580,***,여성 편의시설 컨테이너 제조/구매,2024,LPG,제5보병사단,제한경쟁,총액제,적격심사제,202411051030,20241105,낙찰
정상공고,MDG0217,1,49011,***,24-5차 의무비품(운반대수동식선반형 등 10종) 구매,2024,MDG,국군의무사령부,제한경쟁,총액제,적격심사제,202411051100,20241105,낙찰
정상공고,MDG0218,1,49012,***,24-5차 의무비품(직상검안경 등 8종) 구매,2024,MDG,국군의무사령부,제한경쟁,총액제,적격심사제,202411051100,20241105,유찰
정상공고,MDJ0059,1,49016,***,의무장비(혈액가온장치),2024,MDJ,국군대전병원,일반경쟁,총액제,적격심사제,202411051030,20241105,유찰
긴급공고,SCF0964,1,45602,***,컴뱃셔츠 등 3종 구매,2024,SCF,해군군수사령부,제한경쟁,총액제,적격심사제,202411051030,20241105,순위확정
재공고,SCF0944,2,45657,***,경유 등 3종 구매,2024,SCF,해군군수사령부,제한경쟁,총액제,적격심사제,202411051030,20241105,유찰
긴급공고,SCF0963,1,46523,***,"덮개, 입구용 등 2품목 구매",2024,SCF,해군군수사령부,제한경쟁,총액제,적격심사제,202411051030,20241105,낙찰
긴급공고,SCF0962,1,47619,***,(긴급)집성판(1200X2400X18) 등 14종,2024,SCF,해군군수사령부,제한경쟁,총액제,적격심사제,202411051300,20241105,낙찰
긴급공고,SCF0955,1,48464,***,전원공급기 등 2종 구매,2024,SCF,해군군수사령부,제한경쟁,총액제,적격심사제,202411051030,20241105,낙찰
긴급공고,SFC0131,1,48155,***,24-덕-달력 후가공(벽걸이) 제작 구매,2024,SFC,제9691부대,제한경쟁,총액제,적격심사제,202411051030,20241105,유찰
긴급공고,SFC0132,1,48158,***,24-해병-수첩 커버 구매,2024,SFC,제9691부대,제한경쟁,총액제,적격심사제,202411051030,20241105,낙찰
정상공고,SFC0133,1,48163,***,베터리용 차화매트 구매,2024,SFC,제9691부대,제한경쟁,총액제,적격심사제,202411051030,20241105,낙찰
정상공고,SFC0134,1,48170,***,24-덕-스 사각테이블 등 5종 구매,2024,SFC,제9691부대,제한경쟁,총액제,적격심사제,202411051030,20241105,낙찰
정상공고,SFG0111,1,48906,***,각파이프 등 7품목 구매,2024,SFG,제9181부대,일반경쟁,총액제,적격심사제,202411051030,20241105,낙찰
긴급공고,SFG0115,1,49438,***,탄피받이 제조 구매,2024,SFG,제9181부대,일반경쟁,총액제,적격심사제,202411051030,20241105,낙찰
긴급공고,UAC0051,1,48683,***,'24년 디지털 윤전정합기(롤투컷) 외주정비 용역,2024,UAC,국방출판지원단,일반경쟁,총액제,적격심사제,202411051100,20241105,낙찰
긴급공고,UMM1222,1,46238,***,24-N-통합배선반 제조설치(248247-F),2024,UMM,국군재정관리단,제한경쟁,총액제,적격심사제,202411051100,20241105,낙찰
정상공고,UMM1217,1,47628,***,"(247379-F) 멸균소독기, 전기식 구매",2024,UMM,국군재정관리단,제한경쟁,총액제,적격심사제,202411051100,20241105,낙찰
정상공고,UMM1214,1,48855,***,(24G258-A)25년 의무비품 이전 용역,2024,UMM,국군재정관리단,제한경쟁,총액제,적격심사제,202411051100,20241105,낙찰
정상공고,UMM1216,1,48856,***,(24F252-I) 24~27년 얼음정수기 임차용역,2024,UMM,국군재정관리단,제한경쟁,총액제,적격심사제,202411051100,20241105,낙찰
정상공고,UMM1215,1,48878,***,(24F266-A)장비정비 및 수리부속 원가계산 용역,2024,UMM,국군재정관리단,일반경쟁,총액제,적격심사제,202411051100,20241105,낙찰
정상공고,LGI0086,1,48434,***,24년 유류시험장비 구매,2024,LGI,제3군수지원여단,제한경쟁,총액제,적격심사제,202411041030,20241104,낙찰
정상공고,LMU0054,1,48684,***,24-물용-014 지정폐기물 처리 용역(2차),2024,LMU,제7군수지원단,제한경쟁,총액제,적격심사제,202411041100,20241104,유찰
정상공고,DSS0057,1,47634,***,00부대 마이크로필름장비 유지보수 용역,2024,DSS,국군제1068부대,제한경쟁,총액제,적격심사제,202411011030,20241101,낙찰
재공고,EBH0135,2,0630,***,"BTCS 수리부속(일반,정비)",2024,EBH,해상공중전력운영계약팀,제한경쟁,총액제,적격심사제,202411011100,20241101,낙찰
재공고,LCF0564,2,45853,***,저항기 등 59항목 구매(기동-030)재,2024,LCF,육군군수사령부,제한경쟁,총액제,적격심사제,202411011030,20241101,순위확정
정정공고,LCF0574,2,46097,***,"허브, 차륜용 등 3항목 제조(기동-020)",2024,LCF,육군군수사령부,제한경쟁,총액제,적격심사제,202411011030,20241101,낙찰
긴급공고,LCF0575,1,47298,***,"덮개 조립체, 보호용 등 15항목 제조(기동-017)",2024,LCF,육군군수사령부,제한경쟁,총액제,적격심사제,202411011030,20241101,유찰
긴급공고,LCF0576,1,47308,***,"시일, 밀봉형 등 5항목 제조(기동-018)",2024,LCF,육군군수사령부,제한경쟁,총액제,적격심사제,202411011030,20241101,유찰
긴급공고,LCF0577,1,47314,***,"호스, 공기흡입용 등 11항목 제조(기동-019)",2024,LCF,육군군수사령부,제한경쟁,총액제,적격심사제,202411011030,20241101,유찰
정정공고,LKH0038,3,47713,***,'24년 식기세척기 임차용역,2024,LKH,제6128부대,제한경쟁,총액제,적격심사제,202411011100,20241101,낙찰
긴급공고,LKS0055,1,48007,***,'24년 ~ '25년 계룡스파텔 식자재 구매,2024,LKS,육군인사사령부,2단계경쟁(동시),총액제,최저가격제,202411011030,20241101,낙찰
정상공고,MDG0216,1,48482,***,24년 의무장비(안저카메라 고급형) 구매,2024,MDG,국군의무사령부,제한경쟁,총액제,적격심사제,202411011100,20241101,낙찰
정상공고,UMM1210,1,48058,***,(24F273-I) 정보화사업 통합금융리스,2024,UMM,국군재정관리단,일반경쟁,총액제,최저가격제,202411011100,20241101,낙찰
정상공고,EBB0342,1,3800C,***,"K2전차 엔진 외주정비(제조,일반)",2024,EBB,지상공통전력운영계약팀,수의계약,총액제,적격심사제,202410311100,20241031,유찰
재공고,EPA0028,2,1091A,***,"5톤 유조차(2,000G/A)",2024,EPA,항공기총괄계약팀,수의계약,총액제,적격심사제,202410311100,20241031,유찰
정상공고,EPA0029,1,7360B,***,활주로 진공 청소차,2024,EPA,항공기총괄계약팀,수의계약,총액제,적격심사제,202410311100,20241031,유찰
긴급공고,HCF0237,1,48473,***,[신궁 부품]전지(재충전불가식) 제조,2024,HCF,공군군수사령부,제한경쟁,총액제,적격심사제,202410311030,20241031,유찰
긴급공고,HCM0065,1,48177,***,공교사 군수2학교 학과장 개선공사(관급자재_GHP),2024,HCM,공군교육사령부,제한경쟁,총액제,적격심사제,202410311030,20241031,낙찰
긴급공고,LCF0573,1,46216,***,"문, 차량용 등 25항목 구매(기동-032)",2024,LCF,육군군수사령부,제한경쟁,총액제,적격심사제,202410311030,20241031,순위확정
긴급공고,LCF0572,1,47349,***,"거울, 교체 등 4항목 구매(기동-031)",2024,LCF,육군군수사령부,제한경쟁,총액제,적격심사제,202410311030,20241031,순위확정
긴급공고,LHD0049,1,48649,***,민수형 전투식량(함수형) 구매(X116),2024,LHD,제21보병사단,일반경쟁,총액제,적격심사제,202410311030,20241031,낙찰
정상공고,MDG0211,1,47365,***,24년 의무장비(전자동정제분류포장기) 구매,2024,MDG,국군의무사령부,제한경쟁,총액제,적격심사제,202410311100,20241031,낙찰
정상공고,MDG0212,1,47366,***,24년 의무장비(자동분석기 생화학용 중형) 구매,2024,MDG,국군의무사령부,제한경쟁,총액제,적격심사제,202410311100,20241031,낙찰
정상공고,MDG0214,1,47367,***,24년 의무장비(자동혈구계산기 중형) 구매,2024,MDG,국군의무사령부,제한경쟁,총액제,적격심사제,202410311100,20241031,낙찰
긴급공고,MDP0010,1,48735,***,24년 지형분석장비 구매(리스물건),2024,MDP,한미연합군사령부,제한경쟁,총액제,적격심사제,202410311100,20241031,낙찰
정상공고,MHD0093,1,42855,***,'25년 국방연구개발사업 성과조사·분석 연구,2024,MHD,방위사업청(운영지원과),협상에의한계약(전자),총액제,최저가격제,202410311500,20241031,낙찰
정상공고,MHD0092,1,42856,***,'22~'24년 국방연구개발사업 종합적 성과분석 연구,2024,MHD,방위사업청(운영지원과),협상에의한계약(전자),총액제,최저가격제,202410311500,20241031,낙찰
재공고,SCF0878,2,41779,***,대잠전술훈련장(ASWTT) 유지보수 용역,2024,SCF,해군군수사령부,일반경쟁,총액제,적격심사제,202410311030,20241031,유찰
재공고,SCF0893,2,42498,***,'24년 함정 헬기유도등 장치 정비,2024,SCF,해군군수사령부,일반경쟁,총액제,적격심사제,202410311030,20241031,순위확정
긴급공고,SCF0956,1,47356,***,"(긴급)절연 펠트,방열용 등 87종",2024,SCF,해군군수사령부,제한경쟁,총액제,적격심사제,202410311030,20241031,낙찰
긴급공고,SCF0959,1,48620,***,"심해잠수체계(PTC, Wet Bell) 유지보수 정비",2024,SCF,해군군수사령부,일반경쟁,총액제,적격심사제,202410311030,20241031,낙찰
긴급공고,SFH0143,1,48733,***,24-B-대형 에어컨 등 5품목 구매 납품 및 설치,2024,SFH,제9196부대,제한경쟁,총액제,적격심사제,202410311030,20241031,낙찰
정상공고,UMM1207,1,43067,***,(246361-D) 소형 탑승식 청소차 구매,2024,UMM,국군재정관리단,제한경쟁,총액제,적격심사제,202410311100,20241031,낙찰
정상공고,UMM1206,1,45064,***,(246343-D) VR HMD 구매,2024,UMM,국군재정관리단,제한경쟁,총액제,적격심사제,202410311100,20241031,낙찰
긴급공고,UMM1209,1,45807,***,24-M-공업용 헬륨가스 구매,2024,UMM,국군재정관리단,제한경쟁,총액제,적격심사제,202410311100,20241031,낙찰
재공고,LDH0821,2,45939,***,발칸 계전기 구매,2024,LDH,육군종합정비창,제한경쟁,총액제,적격심사제,202410301300,20241030,낙찰
재공고,LDH0814,2,45960,***,K21 집적회로 등 64종 구매,2024,LDH,육군종합정비창,제한경쟁,총액제,적격심사제,202410301300,20241030,유찰
정상공고,LDH0831,1,47782,***,(정비) 지퍼백밀봉형중형 등 62종 구매,2024,LDH,육군종합정비창,제한경쟁,총액제,적격심사제,202410301300,20241030,낙찰
정상공고,LDH0832,1,47815,***,통신 트랜지스터(37A206469) 구매,2024,LDH,육군종합정비창,제한경쟁,총액제,적격심사제,202410301300,20241030,낙찰
긴급공고,LPM0044,1,48229,***,전체-02 강안소초 방탄유리 교체(30-2대대),2024,LPM,제9보병사단사령부,제한경쟁,총액제,적격심사제,202410301100,20241030,유찰
긴급공고,MCN0031,1,47841,***,가스열펌프(GHP) 배출가스 저감장치 설치/검사용역,2024,MCN,국방부근무지원단,일반경쟁,총액제,적격심사제,202410301030,20241030,유찰
재공고,MDD0106,2,44665,***,'24년 재투자 의무장비(손세척대) 구매,2024,MDD,국군수도병원,제한경쟁,총액제,적격심사제,202410301500,20241030,유찰
긴급공고,MDI0004,1,48398,***,노후 통합감지기 교체사업,2024,MDI,제7016부대,지명경쟁,총액제,적격심사제,202410301030,20241030,낙찰
재공고,SCF0918,2,41778,***,"윤활유,일반용 9DR 구매",2024,SCF,해군군수사령부,제한경쟁,총액제,적격심사제,202410301030,20241030,낙찰
긴급공고,SCF0957,1,42499,***,'24년 함정 청수탱크 소제/청락/도장 외주용역,2024,SCF,해군군수사령부,일반경쟁,총액제,적격심사제,202410301030,20241030,낙찰
긴급공고,SCF0951,1,45537,***,DDH-Ⅱ / PKG 구명지주·라이프라인 개선 정비,2024,SCF,해군군수사령부,일반경쟁,총액제,적격심사제,202410301030,20241030,낙찰
정정공고,SCF0943,2,46511,***,병영도서관 도서 구매,2024,SCF,해군군수사령부,제한경쟁,총액제,적격심사제,202410301030,20241030,낙찰
긴급공고,SCF0952,1,46856,***,후드사파리 쟈켓 제조,2024,SCF,해군군수사령부,제한경쟁,총액제,적격심사제,202410301030,20241030,낙찰
긴급공고,SCF0954,1,48447,***,00사 육상식당 취사장 청소용역,2024,SCF,해군군수사령부,제한경쟁,총액제,적격심사제,202410301030,20241030,낙찰
긴급공고,SFC0130,1,47652,***,의무장비(비디오 기도삽관기) 구매,2024,SFC,제9691부대,제한경쟁,총액제,적격심사제,202410301030,20241030,낙찰
긴급공고,SFC0129,1,48444,***,보호의자 등 2품목 구매,2024,SFC,제9691부대,제한경쟁,총액제,적격심사제,202410301030,20241030,낙찰
정상공고,UMM1181,1,42042,***,24-N-프롬프터 등 4종 구매,2024,UMM,국군재정관리단,제한경쟁,총액제,적격심사제,202410301100,20241030,낙찰
정상공고,UMM1196,1,46534,***,24-N-대형 차륜평형기 구매,2024,UMM,국군재정관리단,제한경쟁,총액제,적격심사제,202410301100,20241030,낙찰
정상공고,UMM1204,1,46808,***,(246388-E) 육군 상장용지 제조,2024,UMM,국군재정관리단,제한경쟁,총액제,적격심사제,202410301100,20241030,낙찰
긴급공고,UMM1211,1,47596,***,(247364-F)NGS 유전자 검사 재료 구매,2024,UMM,국군재정관리단,일반경쟁,총액제,적격심사제,202410301100,20241030,낙찰
정상공고,UMM1203,1,47887,***,24-F-마약검사키트  1품목 구매,2024,UMM,국군재정관리단,제한경쟁,총액제,적격심사제,202410301100,20241030,낙찰
긴급공고,DSS0056,1,46333,***,전자자료 유출방지시스템 교체사업(솔루션)(리스자산),2024,DSS,국군제1068부대,일반경쟁,총액제,적격심사제,202410291030,20241029,낙찰
정상공고,EBB0340,1,0285,***,MSH VSP 외주 창정비,2024,EBB,지상공통전력운영계약팀,일반경쟁,총액제,적격심사제,202410291100,20241029,낙찰
정상공고,EBB0339,1,1216B,***,2024 K10신형제독장치 부품(전기/전자류)(제조),2024,EBB,지상공통전력운영계약팀,일반경쟁,총액제,적격심사제,202410291030,20241029,낙찰
재공고,EBH0134,2,0730J,***,24년 신궁 구성품 정비,2024,EBH,해상공중전력운영계약팀,수의계약,총액제,적격심사제,202410291100,20241029,유찰
재공고,EPA0026,2,7440,***,고층전자기상관측장비,2024,EPA,항공기총괄계약팀,수의계약,총액제,최저가격제,202410291500,20241029,유찰
긴급공고,HCF0236,1,46750,***,[60전대] 중량랙 등 7종 제조,2024,HCF,공군군수사령부,제한경쟁,총액제,적격심사제,202410291030,20241029,낙찰
긴급공고,HCG0047,1,44919,***,24-모바일 증거분석체계 교체사업,2024,HCG,공군본부,일반경쟁,총액제,적격심사제,202410291330,20241029,낙찰
긴급공고,LCF0566,1,47381,***,청력계기능검사기 등 1항목 구매(의무),2024,LCF,육군군수사령부,제한경쟁,총액제,적격심사제,202410291100,20241029,낙찰
재공고,LDH0787,2,41821,***,(정비) 동절기 귀마개 등 29종 구매,2024,LDH,육군종합정비창,제한경쟁,총액제,적격심사제,202410291300,20241029,낙찰
재공고,LDH0782,2,41828,***,(정비) 자외선차단 보호안경 등 27종 구매,2024,LDH,육군종합정비창,제한경쟁,총액제,적격심사제,202410291300,20241029,유찰
재공고,LDH0784,2,41830,***,(정비) 용접가죽장갑 등 34종 구매,2024,LDH,육군종합정비창,제한경쟁,총액제,적격심사제,202410291300,20241029,낙찰
정상공고,LDH0830,1,46771,***,(화공) 고진공구리스 등 15종 구매,2024,LDH,육군종합정비창,제한경쟁,총액제,적격심사제,202410291300,20241029,낙찰
정상공고,LDH0829,1,46824,***,"(기동) 전술차 후드,엔진 격실용 구매",2024,LDH,육군종합정비창,제한경쟁,총액제,적격심사제,202410291300,20241029,유찰
정상공고,LDH0825,1,46890,***,(자재) 부품제작자재 알루미늄프로파일 등 23종 구매,2024,LDH,육군종합정비창,제한경쟁,총액제,적격심사제,202410291300,20241029,유찰
정상공고,LFK0074,1,48157,***,24년 조리실습장 비품(PTZ 카메라 등) 설치납품,2024,LFK,육군종합군수학교,제한경쟁,총액제,적격심사제,202410291100,20241029,낙찰
정상공고,LGC0029,1,46590,***,25년 학군후보생 티셔츠류 제조납품,2024,LGC,육군학생군사학교,제한경쟁,총액제,적격심사제,202410291030,20241029,낙찰
긴급공고,LHG0051,1,47336,***,'24년 생활폐기물 수집운반 용역,2024,LHG,제1862부대,제한경쟁,총액제,적격심사제,202410291100,20241029,낙찰
긴급공고,LKP0146,1,47737,***,'24-2차 지정폐기물처리용역,2024,LKP,5군수지원사령부,일반경쟁,총액제,적격심사제,202410291130,20241029,낙찰
긴급공고,LKT0074,1,47543,***,24~25년 프린터 임차 용역,2024,LKT,제1989부대,제한경쟁,총액제,적격심사제,202410291030,20241029,낙찰
긴급공고,MDR0062,1,48185,***,24년 부대비품 9차 구매,2024,MDR,제9965부대,제한경쟁,총액제,적격심사제,202410291100,20241029,낙찰
긴급공고,SCF0946,1,25937,***,MTU 12V4000 T/C 정비,2024,SCF,해군군수사령부,일반경쟁,총액제,적격심사제,202410291030,20241029,낙찰
긴급공고,SCF0947,1,43308,***,Lynx 음탐 케이블 인양 검사기 유지보수 정비,2024,SCF,해군군수사령부,일반경쟁,총액제,적격심사제,202410291030,20241029,순위확정
재공고,SCF0920,2,45134,***,'24년 상륙돌격장갑차(KAAV) 최종구동장치 외주정비,2024,SCF,해군군수사령부,일반경쟁,총액제,적격심사제,202410291030,20241029,유찰
긴급공고,SCF0944,1,45657,***,경유 등 3종 구매,2024,SCF,해군군수사령부,제한경쟁,총액제,적격심사제,202410291030,20241029,유찰
긴급공고,SCF0950,1,46340,***,이동형 감압실(1인용) 안전도 검사 외주용역,2024,SCF,해군군수사령부,일반경쟁,총액제,적격심사제,202410291030,20241029,유찰
긴급공고,SCF0949,1,47391,***,삼발괭이 등 14종 구매,2024,SCF,해군군수사령부,제한경쟁,총액제,적격심사제,202410291030,20241029,낙찰
긴급공고,SCF0945,1,47524,***,'24년 함정 오수처리기 및 탱크 소제/청락/도장 용역,2024,SCF,해군군수사령부,일반경쟁,총액제,적격심사제,202410291030,20241029,낙찰
긴급공고,SCF0942,1,47555,***,"진공청소기,전기식 2EA 구매",2024,SCF,해군군수사령부,제한경쟁,총액제,적격심사제,202410291030,20241029,낙찰
긴급공고,SCK0136,1,48094,***,산불진화복(외투) 등 3종 구매,2024,SCK,해군교육사령부,일반경쟁,총액제,적격심사제,202410291030,20241029,낙찰
정상공고,SEE0049,1,47734,***,코팅 필름 등 539품목 구매,2024,SEE,제9해병여단,제한경쟁,총액제,적격심사제,202410291030,20241029,낙찰
긴급공고,SFC0127,1,47202,***,24-덕-야외전시 장비 보강 및 도색 용역,2024,SFC,제9691부대,제한경쟁,총액제,적격심사제,202410291100,20241029,낙찰
정상공고,SFC0123,1,47370,***,24-해병-2차 전산운영용품 구매,2024,SFC,제9691부대,제한경쟁,총액제,적격심사제,202410291030,20241029,낙찰
정상공고,SFC0124,1,47654,***,생리식염수 등 73품목 구매,2024,SFC,제9691부대,제한경쟁,총액제,적격심사제,202410291030,20241029,낙찰
정상공고,SFC0125,1,47657,***,디지털 전용지 등 23품목 구매,2024,SFC,제9691부대,제한경쟁,총액제,적격심사제,202410291030,20241029,낙찰
긴급공고,SFC0126,1,48146,***,24-덕-상용통신장비 보관함 구매,2024,SFC,제9691부대,제한경쟁,총액제,적격심사제,202410291030,20241029,낙찰
정상공고,SFG0110,1,47144,***,굴착기 방탄판 구매 설치,2024,SFG,제9181부대,제한경쟁,총액제,적격심사제,202410291030,20241029,낙찰
정상공고,UMM1194,1,39566,***,(24F243-I) 얼음정수기 임차용역,2024,UMM,국군재정관리단,일반경쟁,총액제,적격심사제,202410291100,20241029,낙찰
긴급공고,UMM1208,1,40641,***,24-D-주거시설 싱크대 제조,2024,UMM,국군재정관리단,일반경쟁,총액제,적격심사제,202410291100,20241029,낙찰
정상공고,UMM1198,1,40660,***,(24F253-A) 렌탈프린터 임차용역,2024,UMM,국군재정관리단,제한경쟁,총액제,적격심사제,202410291100,20241029,낙찰
긴급공고,UMM1205,1,42725,***,(24F262-A) 방호시설 폭발실증시험 계측 및 분석용역,2024,UMM,국군재정관리단,제한경쟁,총액제,적격심사제,202410291100,20241029,유찰
정정공고,UMM1178,2,42768,***,(246065-G) 10해감대대 화면전시체계 구축(리스자산),2024,UMM,국군재정관리단,제한경쟁,총액제,적격심사제,202410291100,20241029,낙찰
정정공고,UMM1187,2,44205,***,(246063-G) 16해감기동대대 전시체계 구축(리스자산),2024,UMM,국군재정관리단,제한경쟁,총액제,적격심사제,202410291100,20241029,낙찰
정상공고,UMM1199,1,44820,***,(247371-C) 특수수술재료(골이식재) 구매,2024,UMM,국군재정관리단,제한경쟁,총액제,적격심사제,202410291100,20241029,낙찰
재공고,UMM1174,2,45041,***,(246368-C) 전장순환훈련용 더미 제조,2024,UMM,국군재정관리단,제한경쟁,총액제,적격심사제,202410291100,20241029,낙찰
정상공고,UMM1195,1,45221,***,24-F-항공장구[마이크로폰 헤드셋]구매(249154-F),2024,UMM,국군재정관리단,제한경쟁,총액제,적격심사제,202410291100,20241029,순위확정
정상공고,UMM1197,1,45968,***,(24F276-A)식기세척기 임차용역,2024,UMM,국군재정관리단,일반경쟁,총액제,적격심사제,202410291100,20241029,낙찰
긴급공고,UMM1200,1,47648,***,24-N-0함대 부두 로딩암 제조설치,2024,UMM,국군재정관리단,일반경쟁,총액제,적격심사제,202410291100,20241029,순위확정
긴급공고,UMM1201,1,47746,***,24-N-평 승조원 부하경감 외주용역,2024,UMM,국군재정관리단,제한경쟁,총액제,적격심사제,202410291100,20241029,낙찰
긴급공고,UMM1202,1,47865,***,"24-F-체력단련장, 승용식 5갱 모아 구매",2024,UMM,국군재정관리단,제한경쟁,총액제,적격심사제,202410291100,20241029,낙찰
긴급공고,HCQ0076,1,47436,***,후류벽 설치공사 후류벽 금속 제조,2024,HCQ,공군제5공중기동비행단,제한경쟁,총액제,적격심사제,202410281100,20241028,낙찰
긴급공고,HCR0039,1,46835,***,포어 플라이트(24-199),2024,HCR,공군제15특수임무비행단,제한경쟁,총액제,적격심사제,202410281300,20241028,유찰
긴급공고,HDS0009,1,47542,***,24-미-5 미사일방어태세 보강 공사 방호벽 제조설치,2024,HDS,공군미사일방어사령부,제한경쟁,총액제,적격심사제,202410281100,20241028,낙찰
긴급공고,LKD0072,1,47147,***,[98-2대대] 육-작전용 드론 구매,2024,LKD,제32보병사단,제한경쟁,총액제,적격심사제,202410281100,20241028,낙찰
긴급공고,MDD0113,1,46847,***,'24년 재투자 의무장비(환자체온조절기자동식(물타입),2024,MDD,국군수도병원,제한경쟁,총액제,적격심사제,202410281700,20241028,낙찰
정상공고,SFG0108,1,47143,***,슈팅백 등 4품목 구매,2024,SFG,제9181부대,제한경쟁,총액제,적격심사제,202410281030,20241028,낙찰
정상공고,UMM1183,1,46427,***,24-N-냉난방장치(냉수제조기)160RT 6EA 제조,2024,UMM,국군재정관리단,일반경쟁,총액제,적격심사제,202410281100,20241028,낙찰
정상공고,EBH0135,1,0630,***,"BTCS 수리부속(일반,정비)",2024,EBH,해상공중전력운영계약팀,제한경쟁,총액제,적격심사제,202410251100,20241025,유찰
긴급공고,LNR0026,1,47234,***,'24년 식기세척기 임차용역,2024,LNR,수도기계화보병사단,일반경쟁,총액제,적격심사제,202410251100,20241025,낙찰
정상공고,SFG0106,1,47051,***,파레트 제조 구매,2024,SFG,제9181부대,일반경쟁,총액제,적격심사제,202410251030,20241025,낙찰
정상공고,UMM1185,1,46525,***,(24G225-A) 클라우드기반 구축 금융리스,2024,UMM,국군재정관리단,일반경쟁,총액제,최저가격제,202410251100,20241025,낙찰
정상공고,UMM1190,1,46931,***,(24G264-A)사이버위협 탐지체계 구축 금융리스,2024,UMM,국군재정관리단,일반경쟁,총액제,최저가격제,202410251100,20241025,낙찰
정상공고,EBB0338,1,1170,***,전시 통제기(K55 자주포용),2024,EBB,지상공통전력운영계약팀,일반경쟁,총액제,적격심사제,202410241100,20241024,낙찰
정상공고,EBB0337,1,7400R,***,24년 모의화학탄 파라핀지환통,2024,EBB,지상공통전력운영계약팀,일반경쟁,총액제,적격심사제,202410241430,20241024,낙찰
긴급공고,HCF0235,1,45144,***,항공기 기내 소화기 구매,2024,HCF,공군군수사령부,제한경쟁,총액제,적격심사제,202410241030,20241024,낙찰
긴급공고,LCF0565,1,45976,***,"권선, 회전자용 등 5항목 구매(기동-033)",2024,LCF,육군군수사령부,제한경쟁,총액제,적격심사제,202410241030,20241024,낙찰
긴급공고,LDA0067,1,47310,***,(D066) 고성능 망원렌즈 등 3종 구매,2024,LDA,지상작전사령부,일반경쟁,총액제,적격심사제,202410241100,20241024,낙찰
재공고,LDH0793,2,41977,***,(화공) 니켈광택제지 등 6종 구매,2024,LDH,육군종합정비창,제한경쟁,총액제,적격심사제,202410241300,20241024,순위확정
정상공고,LDH0821,1,45939,***,발칸 계전기 구매,2024,LDH,육군종합정비창,제한경쟁,총액제,적격심사제,202410241300,20241024,유찰
긴급공고,LDH0823,1,47269,***,(자재) 부품제작자재 용사파우더 구매,2024,LDH,육군종합정비창,제한경쟁,총액제,적격심사제,202410241300,20241024,유찰
긴급공고,SCF0938,1,45809,***,"LST-I 함수도어/램프, 함미램프 외주정비",2024,SCF,해군군수사령부,일반경쟁,총액제,적격심사제,202410241030,20241024,낙찰
긴급공고,SDQ0105,1,46985,***,시일평면형 등 97종 구매,2024,SDQ,해군제2수리창,제한경쟁,총액제,적격심사제,202410241330,20241024,낙찰
정상공고,SFG0104,1,46692,***,해상작전화 등 2품목 구매,2024,SFG,제9181부대,제한경쟁,총액제,적격심사제,202410241030,20241024,낙찰
정상공고,SFG0105,1,46794,***,링크탄 계수기 구매,2024,SFG,제9181부대,제한경쟁,총액제,적격심사제,202410241030,20241024,낙찰
긴급공고,SFH0135,1,47429,***,24-B-열영상 CCTV 외주정비 용역,2024,SFH,제9196부대,제한경쟁,총액제,적격심사제,202410241030,20241024,낙찰
긴급공고,HDL0024,1,47114,***,영내관사 액화석유가스(LPG) 공급계약 의뢰,2024,HDL,공군제16전투비행단,일반경쟁,총액제,적격심사제,202410231100,20241023,낙찰
재공고,LAZ0014,2,46065,***,24년 상용차량 구매(3.5톤 무진동 윙바디 1대),2024,LAZ,드론작전사령부,일반경쟁,총액제,최저가격제,202410231100,20241023,유찰
재공고,LCF0560,2,44930,***,"암, 백미러용 등 51항목 구매(기동-028)재",2024,LCF,육군군수사령부,제한경쟁,총액제,적격심사제,202410231030,20241023,순위확정
정상공고,LDH0818,1,46483,***,(자재) 부품제작자재 와이어조립체 등 51종 구매,2024,LDH,육군종합정비창,제한경쟁,총액제,적격심사제,202410231300,20241023,유찰
정상공고,LDH0819,1,46505,***,(자재) 부품제작자재 항공난연천용접착제 구매,2024,LDH,육군종합정비창,제한경쟁,총액제,적격심사제,202410231300,20241023,낙찰
긴급공고,LHK0059,1,45324,***,'24~'26년 주거시설 민간위탁 관리 용역,2024,LHK,제2군단,2단계경쟁(동시),총액제,최저가격제,202410231100,20241023,유찰
긴급공고,LKP0142,1,47029,***,'24-2차 일반폐기물처리용역,2024,LKP,5군수지원사령부,일반경쟁,총액제,적격심사제,202410231130,20241023,낙찰
긴급공고,LPF0077,1,46225,***,24년 00부대 통합상활실 화면전시체계 설치납품,2024,LPF,제51보병사단,제한경쟁,총액제,적격심사제,202410231030,20241023,낙찰
긴급공고,MDD0112,1,45451,***,'24년 재투자 의무장비(혈액가온장치) 구매,2024,MDD,국군수도병원,제한경쟁,총액제,적격심사제,202410231700,20241023,유찰
긴급공고,MDR0060,1,47128,***,수중통신기 구매,2024,MDR,제9965부대,제한경쟁,총액제,적격심사제,202410231100,20241023,낙찰
재공고,SCF0814,4,33238,***,육상 심해잠수훈련장비 외주정비],2024,SCF,해군군수사령부,일반경쟁,총액제,적격심사제,202410231030,20241023,낙찰
긴급공고,SCF0932,1,43552,***,'24~'26년 비화데이터체계 유지보수 용역,2024,SCF,해군군수사령부,일반경쟁,총액제,적격심사제,202410231030,20241023,낙찰
긴급공고,SCF0931,1,45474,***,이동용 발전기 7대 구매,2024,SCF,해군군수사령부,제한경쟁,총액제,적격심사제,202410231030,20241023,낙찰
긴급공고,SCF0934,1,45601,***,"윤활유,기어용 50,000리터 구매",2024,SCF,해군군수사령부,제한경쟁,총액제,적격심사제,202410231030,20241023,낙찰
긴급공고,SCF0933,1,45852,***,'24년 함정 바라스트탱크 소제/청락/도장 용역,2024,SCF,해군군수사령부,일반경쟁,총액제,적격심사제,202410231030,20241023,낙찰
정상공고,SFG0103,1,46533,***,전차표적지 및 스틸타겟 구매,2024,SFG,제9181부대,제한경쟁,총액제,적격심사제,202410231030,20241023,낙찰
긴급공고,UAC0047,1,46284,***,자담 인쇄재료 17종 수시구매,2024,UAC,국방출판지원단,일반경쟁,총액제,적격심사제,202410231100,20241023,낙찰
정상공고,UMM1177,1,39238,***,24-M-네트워크접근통제체계 교체(리스자산),2024,UMM,국군재정관리단,일반경쟁,총액제,적격심사제,202410231100,20241023,낙찰
정상공고,UMM1180,1,39556,***,24-N-해양부생물 생성방지장치 제조,2024,UMM,국군재정관리단,제한경쟁,총액제,적격심사제,202410231100,20241023,낙찰
정상공고,UMM1179,1,42769,***,(247062-H)노후 무선교육망 교체사업(리스자산),2024,UMM,국군재정관리단,일반경쟁,총액제,적격심사제,202410231100,20241023,낙찰
정상공고,UMM1182,1,44168,***,(246366-E) 기동형 방송시스템 제조설치,2024,UMM,국군재정관리단,제한경쟁,총액제,적격심사제,202410231100,20241023,낙찰
재공고,EBB0336,2,4000,***,K5 방독면 수리부속(방산),2024,EBB,지상공통전력운영계약팀,지명경쟁,총액제,적격심사제,202410221030,20241022,낙찰
재공고,EMA0009,2,7326,***,검독수리-B Batch-I 정비대체장비(발전기),2024,EMA,함정총괄계약팀,수의계약,총액제,적격심사제,202410221100,20241022,유찰
재공고,HCF0229,2,45376,***,[82창] 이동형 중량렉 등 3품목 제조/구매,2024,HCF,공군군수사령부,제한경쟁,총액제,적격심사제,202410221100,20241022,유찰
긴급공고,HDM0054,1,41521,***,[24-0173] 24-8차 일반소모성자재(GUC) 구매,2024,HDM,공군제17전투비행단,일반경쟁,총액제,적격심사제,202410221030,20241022,낙찰
재공고,LCF0558,2,44774,***,"판, 지지용, 축용 등 74항목 구매(일장-032)재",2024,LCF,육군군수사령부,일반경쟁,총액제,적격심사제,202410221030,20241022,순위확정
긴급공고,LCG0092,1,46306,***,[24-육-223] 지능정보기술단 회의실 음향장비 구매,2024,LCG,육군본부,제한경쟁,총액제,적격심사제,202410221230,20241022,낙찰
긴급공고,LCK0042,1,46576,***,[일반-24-188] 대테러초동조치부대 물자 구매,2024,LCK,수도방위사령부,제한경쟁,총액제,적격심사제,202410221030,20241022,낙찰
긴급공고,LCK0043,1,46929,***,[일반-24-139-1] 00부대 병영식당 비품 구매(1),2024,LCK,수도방위사령부,제한경쟁,총액제,적격심사제,202410221030,20241022,낙찰
정상공고,LDH0816,1,45279,***,발칸 케이스 구매,2024,LDH,육군종합정비창,제한경쟁,총액제,적격심사제,202410221300,20241022,낙찰
정상공고,LDH0815,1,45281,***,특무 베이스 구매,2024,LDH,육군종합정비창,제한경쟁,총액제,적격심사제,202410221300,20241022,유찰
긴급공고,LGP0152,1,45565,***,24년 얼음정수기 임차 용역,2024,LGP,제1군수지원사령부,제한경쟁,총액제,적격심사제,202410221100,20241022,낙찰
정정공고,LHQ0047,2,44851,***,보안 검색장비 구매,2024,LHQ,제2작전사령부,일반경쟁,총액제,적격심사제,202410221100,20241022,낙찰
긴급공고,LMK0036,1,46209,***,[24-04]00부대 실내체육관 신축 자동제어 제조설치,2024,LMK,제6보병사단,제한경쟁,총액제,적격심사제,202410221100,20241022,낙찰
긴급공고,LQG0073,1,46570,***,24년 검문소 경량화 물자 제조 납품,2024,LQG,육군 52보병사단,제한경쟁,총액제,적격심사제,202410221030,20241022,낙찰
재공고,MCD0073,2,43742,***,24년 군소음보상 업무관계자 워크숍행사 대행,2024,MCD,국방부(운영지원과),협상에의한계약(전자),총액제,최저가격제,202410221700,20241022,낙찰
긴급공고,MCD0076,1,44624,***,군 지휘조직 진단을 위한 소요인력 산정방안 연구,2024,MCD,국방부(운영지원과),협상에의한계약(전자),총액제,최저가격제,202410221100,20241022,낙찰
재공고,SCF0897,2,38539,***,"레버, 수동제어식 등 2종 구매",2024,SCF,해군군수사령부,제한경쟁,총액제,적격심사제,202410221030,20241022,순위확정
재공고,SCF0909,2,41137,***,체크밸브 등 4품목 제조,2024,SCF,해군군수사령부,제한경쟁,총액제,적격심사제,202410221030,20241022,유찰
긴급공고,SCF0924,1,43239,***,수리함정 클리닝 용역,2024,SCF,해군군수사령부,일반경쟁,총액제,적격심사제,202410221030,20241022,낙찰
긴급공고,SCF0926,1,44152,***,"(긴급) 세척제,산성,파이프라인용 등 3종",2024,SCF,해군군수사령부,제한경쟁,총액제,적격심사제,202410221030,20241022,낙찰
긴급공고,SCF0930,1,45871,***,해병대 차량용 배터리 충전기 14EA 구매,2024,SCF,해군군수사령부,제한경쟁,총액제,적격심사제,202410221030,20241022,낙찰
긴급공고,SCF0923,1,46014,***,'24년 함정 실내 격벽 응결수 방지 청락/도장 용역,2024,SCF,해군군수사령부,일반경쟁,총액제,적격심사제,202410221030,20241022,낙찰
긴급공고,SCK0133,1,45806,***,전사벨트 뭉치 등 24종 구매,2024,SCK,해군교육사령부,제한경쟁,총액제,적격심사제,202410221030,20241022,낙찰
긴급공고,SCK0132,1,45828,***,국악피복(취타복 등 6종) 제조 납품,2024,SCK,해군교육사령부,일반경쟁,총액제,적격심사제,202410221030,20241022,낙찰
긴급공고,SFC0122,1,45515,***,개인보호장구류 (방한귀마개 등 21품목) 구매,2024,SFC,제9691부대,제한경쟁,총액제,적격심사제,202410221030,20241022,낙찰
정상공고,SFG0102,1,46181,***,제설함 등 19품목 구매,2024,SFG,제9181부대,제한경쟁,총액제,적격심사제,202410221030,20241022,낙찰
정상공고,UMM1176,1,43068,***,24-M-수제선 갈대제거 용역,2024,UMM,국군재정관리단,제한경쟁,총액제,적격심사제,202410221100,20241022,낙찰
정상공고,UMM1173,1,43185,***,(247363-C)다발성외상 구조훈련 마네킹 등 4품목 구매,2024,UMM,국군재정관리단,일반경쟁,총액제,적격심사제,202410221100,20241022,낙찰
긴급공고,UMM1184,1,44533,***,24-D-PHC파일 제조,2024,UMM,국군재정관리단,제한경쟁,총액제,적격심사제,202410221100,20241022,낙찰
긴급공고,UMM1188,1,46765,***,"(246275-C) 특정지역 감시조피복, 등산복류 구매",2024,UMM,국군재정관리단,제한경쟁,총액제,적격심사제,202410221100,20241022,낙찰
정상공고,LDH0813,1,45959,***,"K21 노즐,연료분사용 1종 구매",2024,LDH,육군종합정비창,제한경쟁,총액제,적격심사제,202410211300,20241021,낙찰
정상공고,LDH0814,1,45960,***,K21 집적회로 등 64종 구매,2024,LDH,육군종합정비창,제한경쟁,총액제,적격심사제,202410211300,20241021,순위확정
긴급공고,LFR0014,1,46222,***,24년 교실내 공기청정기 필터 제조납품,2024,LFR,육군기계화학교,제한경쟁,총액제,적격심사제,202410211030,20241021,낙찰
긴급공고,MDD0111,1,45446,***,'24년 재투자 의무장비(전자동정제분류포장기)구매,2024,MDD,국군수도병원,제한경쟁,총액제,적격심사제,202410211100,20241021,낙찰
정상공고,UMM1175,1,40649,***,24-F-격납고 관급자재(SGP 판넬) 제조,2024,UMM,국군재정관리단,제한경쟁,총액제,적격심사제,202410211100,20241021,유찰
정상공고,EPA0027,1,4005,***,"항공기 급유차(5,000 G/L)",2024,EPA,항공기총괄계약팀,일반경쟁,총액제,적격심사제,202410181100,20241018,순위확정
정상공고,LDH0812,1,45764,***,통신 캐패시터 등 10품목 구매,2024,LDH,육군종합정비창,제한경쟁,총액제,적격심사제,202410181300,20241018,순위확정
긴급공고,LMB0021,1,45964,***,식기세척기 임차(2대),2024,LMB,제8278부대,제한경쟁,총액제,적격심사제,202410181030,20241018,낙찰
긴급공고,MCD0075,1,44592,***,군무원 소개 및 채용 홍보물 제작,2024,MCD,국방부(운영지원과),협상에의한계약(전자),총액제,최저가격제,202410181700,20241018,낙찰
긴급공고,SCU0062,1,43517,***,24-0전단 자생단체 안보문화탐방 용역,2024,SCU,해군 기동함대사령부,2단계경쟁(동시),총액제,최저가격제,202410181300,20241018,유찰
정상공고,UMM1172,1,45647,***,(24G274-A)교육망 정보보호체계 구축 금융리스,2024,UMM,국군재정관리단,일반경쟁,총액제,최저가격제,202410181100,20241018,낙찰
긴급공고,HCF0233,1,42740,***,[신궁 부품]전지(재충전불가식) 제조,2024,HCF,공군군수사령부,제한경쟁,총액제,적격심사제,202410171030,20241017,유찰
긴급공고,LAZ0014,1,46065,***,24년 상용차량 구매(3.5톤 무진동 윙바디 1대),2024,LAZ,드론작전사령부,일반경쟁,총액제,최저가격제,202410171100,20241017,유찰
긴급공고,LBB0041,1,45887,001,'24-8차 민수용 작전식량 구매,2024,LBB,육군제7789부대,제한경쟁,단가제,적격심사제,202410171030,20241017,낙찰
재공고,LCF0547,2,42040,***,전압 조정기 등 12항목 구매(궤도-006),2024,LCF,육군군수사령부,제한경쟁,총액제,적격심사제,202410171130,20241017,순위확정
재공고,LCF0557,2,44080,***,분배함 등 1항목 구매(기동-026)재,2024,LCF,육군군수사령부,제한경쟁,총액제,적격심사제,202410171030,20241017,순위확정
재공고,LCF0561,2,44196,***,항법 계기비행 모의훈련장비  개발 재료 구매,2024,LCF,육군군수사령부,제한경쟁,총액제,적격심사제,202410171130,20241017,낙찰
긴급공고,LCK0039,1,45810,***,[일반-24-182-2] 00부대 병영식당2 비품 구매,2024,LCK,수도방위사령부,제한경쟁,총액제,적격심사제,202410171030,20241017,낙찰
재공고,LKP0141,2,44332,***,24년 급식 민간위탁배송(부대조달 전라권),2024,LKP,5군수지원사령부,일반경쟁,총액제,적격심사제,202410171130,20241017,유찰
재공고,LMU0051,2,45032,***,24년 식자재 민간위탁 배송용역(홍천),2024,LMU,제7군수지원단,일반경쟁,총액제,적격심사제,202410171100,20241017,낙찰
긴급공고,LMU0052,1,45368,***,"'24년 식자재 민간위탁 배송용역(양평,가평)",2024,LMU,제7군수지원단,일반경쟁,총액제,적격심사제,202410171100,20241017,낙찰
재공고,MCJ0007,2,42918,***,DBMS SW 직접구매 및 설치사업(리스물건),2024,MCJ,국방통합데이터센터,제한경쟁,총액제,적격심사제,202410171100,20241017,낙찰
긴급공고,MDD0110,1,44669,***,'24년 재투자 의무장비(침대 자동식(일반용)) 구매,2024,MDD,국군수도병원,제한경쟁,총액제,적격심사제,202410171700,20241017,낙찰
재공고,SCF0905,2,39467,***,함정 진공식 오수배관 소제 외주용역,2024,SCF,해군군수사령부,일반경쟁,총액제,적격심사제,202410171030,20241017,유찰
긴급공고,SCF0920,1,45134,***,'24년 상륙돌격장갑차(KAAV) 최종구동장치 외주정비,2024,SCF,해군군수사령부,일반경쟁,총액제,적격심사제,202410171030,20241017,유찰
긴급공고,SCF0922,1,45327,***,비디오프로젝터 구매/설치,2024,SCF,해군군수사령부,제한경쟁,총액제,적격심사제,202410171030,20241017,낙찰
긴급공고,SFG0101,1,45893,***,철판 등 3품목 구매,2024,SFG,제9181부대,제한경쟁,총액제,적격심사제,202410171030,20241017,낙찰
긴급공고,SFL0039,1,43407,***,24-교-장병 문화예술공연,2024,SFL,제3283부대,협상에의한계약(전자),총액제,최저가격제,202410171300,20241017,낙찰
재공고,UMM1029,2,35585,***,24-D-마트용 종이봉투 제조,2024,UMM,국군재정관리단,일반경쟁,총액제,적격심사제,202410171100,20241017,낙찰
긴급공고,HDM0053,1,45561,***,활주로 접근등 트레일러 세트 등 5품목 구매,2024,HDM,공군제17전투비행단,일반경쟁,총액제,적격심사제,202410161030,20241016,낙찰
긴급공고,LCF0564,1,45853,***,저항기 등 59항목 구매(기동-030)재,2024,LCF,육군군수사령부,제한경쟁,총액제,적격심사제,202410161030,20241016,순위확정
재공고,LDH0802,2,43920,***,K1전차 슬리이브 구매,2024,LDH,육군종합정비창,제한경쟁,총액제,적격심사제,202410161300,20241016,낙찰
연기공고,LPM0034,2,41612,***,주-대-1 일산에버나인 아파트 싱크대 제조설치납품,2024,LPM,제9보병사단사령부,2단계경쟁(동시),총액제,최저가격제,202410161100,20241016,낙찰
정상공고,MDG0209,1,44343,***,24년 의무장비(시약 및 약품냉장고 소형) 구매,2024,MDG,국군의무사령부,제한경쟁,총액제,적격심사제,202410161100,20241016,낙찰
정상공고,MDG0210,1,45051,***,24-3차 조달 연구장비(의약품 냉동고) 구매,2024,MDG,국군의무사령부,제한경쟁,총액제,적격심사제,202410161030,20241016,낙찰
정상공고,MFH0015,1,45839,***,EMP 성능시험장비 유지보수 용역,2024,MFH,국방시설본부,제한경쟁,총액제,적격심사제,202410161030,20241016,유찰
긴급공고,MHD0095,1,45103,***,소형공격드론 사업분석 용역,2024,MHD,방위사업청(운영지원과),협상에의한계약(전자),총액제,최저가격제,202410161500,20241016,낙찰
긴급공고,NIT0021,1,45719,***,후반기 유전자 감정재료 구매,2024,NIT,국방부조사본부,일반경쟁,총액제,적격심사제,202410161100,20241016,낙찰
정정공고,NIT0022,2,45785,***,국방헬프콜 홍보물(버스 부착용스티커) 제작 부착,2024,NIT,국방부조사본부,일반경쟁,총액제,적격심사제,202410161100,20241016,낙찰
긴급공고,SFC0118,1,45784,***,24-다족보행 로봇 장비 임차 용역(1-3),2024,SFC,제9691부대,일반경쟁,총액제,적격심사제,202410161100,20241016,유찰
긴급공고,SFC0119,1,45794,***,24-덕-대드론 방오체계 장비 임차 용역(1-3),2024,SFC,제9691부대,일반경쟁,총액제,적격심사제,202410161100,20241016,유찰
긴급공고,SFC0120,1,45798,***,24-덕-장기체공 드론장비 임차 용역(1-3),2024,SFC,제9691부대,일반경쟁,총액제,적격심사제,202410161100,20241016,낙찰
긴급공고,SFN0081,1,45686,***,24-6차 물품 통합구매,2024,SFN,연평부대,제한경쟁,총액제,적격심사제,202410161030,20241016,낙찰
정상공고,UMM1146,1,43402,***,24~27-D-공기청정기 임차 용역,2024,UMM,국군재정관리단,제한경쟁,총액제,적격심사제,202410161100,20241016,낙찰
정상공고,EBB0336,1,4000,***,K5 방독면 수리부속(방산),2024,EBB,지상공통전력운영계약팀,지명경쟁,총액제,적격심사제,202410151030,20241015,순위확정
재공고,ELA0030,2,6000,***,K5방독면 8차 양산,2024,ELA,화력총괄계약팀,지명경쟁,총액제,적격심사제,202410151100,20241015,낙찰
재공고,ERA0002,2,5604N,***,"발전기,엔진보조용[TICN용]",2024,ERA,우주지휘통신총괄계약팀,수의계약,총액제,적격심사제,202410151100,20241015,유찰
재공고,ETA0005,2,5603,***,"국지방공레이더 일반물자 부대정비 (차량부, 레이더)",2024,ETA,감시전자총괄계약팀,수의계약,총액제,적격심사제,202410151330,20241015,유찰
긴급공고,HCF0231,1,43617,***,[상층대기 분석장비]회로카드 조립체 등 4종 구매,2024,HCF,공군군수사령부,제한경쟁,총액제,적격심사제,202410151030,20241015,낙찰
긴급공고,HCF0226,1,44651,***,"컴퓨터,기상자료용(NC-LFP) 구매",2024,HCF,공군군수사령부,제한경쟁,총액제,적격심사제,202410151030,20241015,낙찰
긴급공고,HCF0230,1,45062,***,'24~'25 RC-800 항전수리부속(거리측정장비) 외주정비,2024,HCF,공군군수사령부,제한경쟁,총액제,적격심사제,202410151030,20241015,유찰
재공고,LCG0088,2,42266,***,[24-육-221] 주전산기 교체사업(장군인사)(리스물건),2024,LCG,육군본부,제한경쟁,총액제,적격심사제,202410151230,20241015,낙찰
재공고,LDH0759,2,41653,***,"(일장) 장갑전투도자 리테이너,패킹용 구매",2024,LDH,육군종합정비창,제한경쟁,총액제,적격심사제,202410151300,20241015,유찰
재공고,LDH0803,2,44155,***,"(특무) 덮개,전자통신 장비용 등 11품목 구매",2024,LDH,육군종합정비창,일반경쟁,총액제,적격심사제,202410151300,20241015,순위확정
정상공고,LDH0810,1,44836,***,(자재) 부품제작자재 마봉강 등 29종 구매,2024,LDH,육군종합정비창,제한경쟁,총액제,적격심사제,202410151300,20241015,낙찰
정상공고,LDH0811,1,45231,***,(화공) 실리콘 등 9종 구매,2024,LDH,육군종합정비창,제한경쟁,총액제,적격심사제,202410151300,20241015,낙찰
긴급공고,LHN0075,1,45424,***,24년 정비피복 구매,2024,LHN,제7보병사단,일반경쟁,총액제,적격심사제,202410151030,20241015,낙찰
긴급공고,LPN0013,1,45500,***,'24년  00공병단 어태치먼트 구매,2024,LPN,수도군단,제한경쟁,총액제,적격심사제,202410151030,20241015,유찰
긴급공고,LQG0070,1,45492,***,2차 작계훈련 무기 등 수송 차량 임차(1권역),2024,LQG,육군 52보병사단,제한경쟁,총액제,적격심사제,202410151030,20241015,낙찰
긴급공고,LQG0071,1,45495,***,2차 작계훈련 무기 등 수송 차량 임차(2권역),2024,LQG,육군 52보병사단,제한경쟁,총액제,적격심사제,202410151030,20241015,낙찰
긴급공고,LQG0072,1,45496,***,2차 작계훈련 무기 등 수송 차량 임차(3권역),2024,LQG,육군 52보병사단,제한경쟁,총액제,적격심사제,202410151030,20241015,낙찰
정상공고,MDD0104,1,44629,***,2024년 임상의학연구센터 통계프로그램 구매,2024,MDD,국군수도병원,제한경쟁,총액제,적격심사제,202410151600,20241015,낙찰
정상공고,MDG0206,1,44113,***,24년 의무장비(레이저수술기 이산화탄소) 구매,2024,MDG,국군의무사령부,제한경쟁,총액제,적격심사제,202410151100,20241015,낙찰
정상공고,MDG0207,1,44344,***,24년 의무장비(요분석기) 구매,2024,MDG,국군의무사령부,제한경쟁,총액제,적격심사제,202410151100,20241015,낙찰
정상공고,MDG0208,1,44345,***,24년 의무장비(자동적혈구 침강속도측정기) 구매,2024,MDG,국군의무사령부,제한경쟁,총액제,적격심사제,202410151100,20241015,낙찰
정상공고,MDJ0056,1,45243,***,의무장비(간이수면검사기),2024,MDJ,국군대전병원,제한경쟁,총액제,적격심사제,202410151030,20241015,낙찰
정상공고,MDJ0055,1,45244,***,의무장비(견관절 지속운동기),2024,MDJ,국군대전병원,제한경쟁,총액제,적격심사제,202410151030,20241015,낙찰
정상공고,MDJ0054,1,45245,***,의무장비(도상검안경),2024,MDJ,국군대전병원,제한경쟁,총액제,적격심사제,202410151030,20241015,낙찰
정상공고,MDJ0057,1,45246,***,의무장비(산소소생기),2024,MDJ,국군대전병원,제한경쟁,총액제,적격심사제,202410151030,20241015,낙찰
정상공고,MDJ0053,1,45247,***,의무장비(소독물품포장기),2024,MDJ,국군대전병원,제한경쟁,총액제,적격심사제,202410151030,20241015,낙찰
정상공고,MDJ0052,1,45248,***,의무장비(수액조절기 일반용),2024,MDJ,국군대전병원,제한경쟁,총액제,적격심사제,202410151030,20241015,낙찰
정상공고,MDJ0051,1,45249,***,의무장비(수액조절기 주사용 미세주입기),2024,MDJ,국군대전병원,제한경쟁,총액제,적격심사제,202410151030,20241015,낙찰
정상공고,MDJ0050,1,45250,***,의무장비(추나요법 치료테이블),2024,MDJ,국군대전병원,일반경쟁,총액제,적격심사제,202410151030,20241015,유찰
정상공고,MDJ0049,1,45252,***,의무장비(시약 및 약품냉장고 소형),2024,MDJ,국군대전병원,제한경쟁,총액제,적격심사제,202410151030,20241015,낙찰
정상공고,MDJ0058,1,45305,***,전산장비(광화일스캐너) 구매,2024,MDJ,국군대전병원,제한경쟁,총액제,적격심사제,202410151030,20241015,낙찰
재공고,MHP0017,2,43399,***,6.25전사자 카드 스캔 및 제본 용역,2024,MHP,국방부유해발굴감식단,제한경쟁,총액제,적격심사제,202410151100,20241015,유찰
긴급공고,SCF0918,1,41778,***,"윤활유,일반용 9DR 구매",2024,SCF,해군군수사령부,제한경쟁,총액제,적격심사제,202410151030,20241015,순위확정
긴급공고,SCF0917,1,41857,***,초경량 무인비행장치(드론) 유지보수 정비,2024,SCF,해군군수사령부,일반경쟁,총액제,적격심사제,202410151030,20241015,낙찰
긴급공고,SCF0914,1,42186,***,반발경도 측정기 등 4종 구매,2024,SCF,해군군수사령부,제한경쟁,총액제,적격심사제,202410151030,20241015,낙찰
긴급공고,SCF0916,1,44157,***,24년 P-3 야전 SIL 유지보수 용역,2024,SCF,해군군수사령부,일반경쟁,총액제,적격심사제,202410151030,20241015,낙찰
긴급공고,SCF0913,1,44179,***,"(긴급) 임펠러,펌프용,원심식 등 2종",2024,SCF,해군군수사령부,제한경쟁,총액제,적격심사제,202410151030,20241015,낙찰
긴급공고,SCF0912,1,44534,***,"(긴급)핀,토글용,유두형 등 32종",2024,SCF,해군군수사령부,제한경쟁,총액제,적격심사제,202410151300,20241015,낙찰
긴급공고,SCF0915,1,44727,***,MLS-II 접이식 격납고 정비,2024,SCF,해군군수사령부,일반경쟁,총액제,적격심사제,202410151030,20241015,낙찰
정상공고,UMM1171,1,38640,***,(246336-E) 심폐소생술 마네킹 제조,2024,UMM,국군재정관리단,제한경쟁,총액제,적격심사제,202410151100,20241015,낙찰
정상공고,UMM1169,1,39550,***,24-N-표적예인용 드론 구매,2024,UMM,국군재정관리단,일반경쟁,총액제,적격심사제,202410151100,20241015,낙찰
정상공고,UMM1167,1,40204,***,(246347-D) 공병장비 회전링크 등 5품목 구매,2024,UMM,국군재정관리단,일반경쟁,총액제,적격심사제,202410151100,20241015,유찰
정상공고,UMM1170,1,41208,***,(24G260-A( 0000사업 주장비 수송용역,2024,UMM,국군재정관리단,일반경쟁,총액제,적격심사제,202410151100,20241015,낙찰
긴급공고,HCF0227,1,45359,***,[82창] 교류전원 공급기 1종 구매,2024,HCF,공군군수사령부,제한경쟁,총액제,적격심사제,202410141100,20241014,낙찰
긴급공고,HCF0232,1,45555,***,24-F-엔진 포워드 마운트 등 42종 제조,2024,HCF,공군군수사령부,일반경쟁,총액제,적격심사제,202410141100,20241014,낙찰
긴급공고,HDF0061,1,45519,***,"24-253, 00대대, 24-2차 식자재 구매",2024,HDF,공군 제8전투비행단,제한경쟁,총액제,적격심사제,202410141100,20241014,낙찰
긴급공고,LCN0062,1,44047,***,24년 4학년 생도 안보동맹 현장방문 여행 용역,2024,LCN,육군사관학교,협상에의한계약(전자),총액제,최저가격제,202410141100,20241014,낙찰
정상공고,LDH0753,1,41356,***,기초비행훈련용헬기 조종계통 시험장비 개발 연구용역,2024,LDH,육군종합정비창,2단계경쟁(동시),총액제,최저가격제,202410141300,20241014,유찰
긴급공고,MDD0106,1,44665,***,'24년 재투자 의무장비(손세척대) 구매,2024,MDD,국군수도병원,제한경쟁,총액제,적격심사제,202410141700,20241014,유찰
긴급공고,MDD0107,1,44666,***,'24년 재투자 의무장비(초저온냉동고) 구매,2024,MDD,국군수도병원,제한경쟁,총액제,적격심사제,202410141700,20241014,낙찰
긴급공고,MDD0105,1,44674,***,'24년 재투자 의무장비(자동흉부압박기)구매,2024,MDD,국군수도병원,제한경쟁,총액제,적격심사제,202410141700,20241014,낙찰
긴급공고,MDK0061,1,45568,***,24년 항만종합전술훈련 선박임차,2024,MDK,국군수송사령부,일반경쟁,총액제,적격심사제,202410141100,20241014,낙찰
정상공고,UMM1166,1,42189,***,24-N-VR기기 등 7종 구매 설치,2024,UMM,국군재정관리단,제한경쟁,총액제,적격심사제,202410141100,20241014,낙찰
재공고,EKA0030,2,0330M,***,일반공구류(K2전차 창정비요소개발용),2024,EKA,기동총괄계약팀,수의계약,총액제,적격심사제,202410111100,20241011,유찰
정상공고,EPA0026,1,7440,***,고층전자기상관측장비,2024,EPA,항공기총괄계약팀,수의계약,총액제,최저가격제,202410111500,20241011,유찰
정상공고,HDR0010,1,43534,***,분석기(스펙트럼용) 구매,2024,HDR,공군방공관제사령부,제한경쟁,총액제,적격심사제,202410111100,20241011,낙찰
정정공고,LCF0540,5,39998,***,"타이어, 공기압식 등 16항목 제조(기동-014)",2024,LCF,육군군수사령부,일반경쟁,총액제,적격심사제,202410111030,20241011,유찰
재공고,LCF0552,2,43069,***,"브래킷트, 윈치용 등 20항목 구매(기동-013)재",2024,LCF,육군군수사령부,제한경쟁,총액제,적격심사제,202410111030,20241011,순위확정
긴급공고,LCF0561,1,44196,***,항법 계기비행 모의훈련장비  개발 재료 구매,2024,LCF,육군군수사령부,제한경쟁,총액제,적격심사제,202410111130,20241011,유찰
긴급공고,LCF0558,1,44774,***,"판, 지지용, 축용 등 74항목 구매(일장-032)재",2024,LCF,육군군수사령부,일반경쟁,총액제,적격심사제,202410111030,20241011,순위확정
긴급공고,LCF0562,1,44953,***,다기능접속장치(MFE) 유선카드조립체 대체픔 개발,2024,LCF,육군군수사령부,제한경쟁,총액제,적격심사제,202410111030,20241011,낙찰
긴급공고,LMU0051,1,45032,***,24년 식자재 민간위탁 배송용역(홍천),2024,LMU,제7군수지원단,일반경쟁,총액제,적격심사제,202410111100,20241011,유찰
긴급공고,LNR0025,1,45114,***,"00부대 취사식당 신축공사 감리용역(건축, 상주)",2024,LNR,수도기계화보병사단,제한경쟁,총액제,적격심사제,202410111100,20241011,낙찰
긴급공고,MCD0073,1,43742,***,24년 군소음보상 업무관계자 워크숍행사 대행,2024,MCD,국방부(운영지원과),협상에의한계약(전자),총액제,최저가격제,202410111700,20241011,유찰
긴급공고,MCK0002,1,43500,***,국방동원정보체계 보안강화 사업,2024,MCK,국방전산정보원,협상에의한계약(전자),총액제,최저가격제,202410111600,20241011,유찰
재공고,MDG0186,2,39097,***,24년 일반장비(공기압축기) 구매,2024,MDG,국군의무사령부,일반경쟁,총액제,적격심사제,202410111100,20241011,낙찰
정상공고,MDG0196,1,43342,***,24년 의무장비(혈액가온장치) 구매,2024,MDG,국군의무사령부,제한경쟁,총액제,적격심사제,202410111100,20241011,낙찰
정상공고,MDG0197,1,44110,***,24년 의무장비(자동흉부압박기) 구매,2024,MDG,국군의무사령부,제한경쟁,총액제,적격심사제,202410111100,20241011,낙찰
정상공고,MDG0198,1,44111,***,24년 의무장비(흡인기 음압치료용) 구매,2024,MDG,국군의무사령부,제한경쟁,총액제,적격심사제,202410111100,20241011,낙찰
정상공고,MDG0199,1,44112,***,24년 의무장비(호기산화질소측정기) 구매,2024,MDG,국군의무사령부,제한경쟁,총액제,적격심사제,202410111100,20241011,낙찰
정상공고,MDG0200,1,44114,***,24년 의무장비(비디오기도삽관기) 구매,2024,MDG,국군의무사령부,제한경쟁,총액제,적격심사제,202410111100,20241011,낙찰
정상공고,MDG0201,1,44115,***,24년 의무장비(침대자동식 응급실용) 구매,2024,MDG,국군의무사령부,제한경쟁,총액제,적격심사제,202410111100,20241011,낙찰
정상공고,MDG0202,1,44116,***,24년 의무장비(환자관찰장치 이동형) 구매,2024,MDG,국군의무사령부,제한경쟁,총액제,적격심사제,202410111100,20241011,유찰
정상공고,MDG0203,1,44117,***,24년 의무장비(레이저치료기) 구매,2024,MDG,국군의무사령부,제한경쟁,총액제,적격심사제,202410111100,20241011,낙찰
정상공고,MDG0204,1,44118,***,24년 의무장비(전기자극치료기) 구매,2024,MDG,국군의무사령부,제한경쟁,총액제,적격심사제,202410111100,20241011,낙찰
정상공고,MDG0205,1,44201,***,24년 의무장비(심전도계 병원용) 구매,2024,MDG,국군의무사령부,제한경쟁,총액제,적격심사제,202410111100,20241011,낙찰
정상공고,UMM1165,1,41911,***,(246282-C) 전산운영용품 구매,2024,UMM,국군재정관리단,제한경쟁,총액제,적격심사제,202410111100,20241011,낙찰
긴급공고,LCF0559,1,44926,***,브래킷트 등 23항목 제조(기동-016)재,2024,LCF,육군군수사령부,제한경쟁,총액제,적격심사제,202410101030,20241010,낙찰
긴급공고,LCF0560,1,44930,***,"암, 백미러용 등 51항목 구매(기동-028)재",2024,LCF,육군군수사령부,제한경쟁,총액제,적격심사제,202410101030,20241010,순위확정
긴급공고,LHN0073,1,44834,***,24년 취사피복 구매,2024,LHN,제7보병사단,일반경쟁,총액제,적격심사제,202410101030,20241010,낙찰
긴급공고,LNS0048,1,43404,***,‘24~27년 신병교육대대 민간위탁 이동급식 용역,2024,LNS,제55보병사단,협상에의한계약(서류),총액제,최저가격제,202410101000,20241010,순위확정
정정공고,SCF0907,2,41467,***,해병대 목재선반(CNC) 1대 구매,2024,SCF,해군군수사령부,제한경쟁,총액제,적격심사제,202410101030,20241010,낙찰
긴급공고,SCF0908,1,43968,***,대테러 작전조끼 1종 구매,2024,SCF,해군군수사령부,제한경쟁,총액제,적격심사제,202410101030,20241010,낙찰
긴급공고,SCF0910,1,44882,***,종이가방 3종 구매,2024,SCF,해군군수사령부,제한경쟁,총액제,적격심사제,202410101030,20241010,낙찰
정상공고,EBH0133,1,2702,***,24년 비호체계 수리부속(구매),2024,EBH,해상공중전력운영계약팀,일반경쟁,총액제,적격심사제,202410081400,20241008,낙찰
정상공고,ELA0030,1,6000,***,K5방독면 8차 양산,2024,ELA,화력총괄계약팀,지명경쟁,총액제,적격심사제,202410081500,20241008,유찰
정상공고,ERA0002,1,5604N,***,"발전기,엔진보조용[TICN용]",2024,ERA,우주지휘통신총괄계약팀,수의계약,총액제,적격심사제,202410081100,20241008,유찰
정상공고,LDH0805,1,43854,***,(일장) 교량가설단정 실린더 슬리브 구매,2024,LDH,육군종합정비창,제한경쟁,총액제,적격심사제,202410081300,20241008,순위확정
긴급공고,LFR0013,1,44390,***,전차포사격장 방화지대 제초용역,2024,LFR,육군기계화학교,제한경쟁,총액제,적격심사제,202410081030,20241008,낙찰
긴급공고,LKP0141,1,44332,***,24년 급식 민간위탁배송(부대조달 전라권),2024,LKP,5군수지원사령부,일반경쟁,총액제,적격심사제,202410081130,20241008,유찰
재공고,MCD0068,2,41014,***,24년 하반기 모범군무원 격려 국내시찰,2024,MCD,국방부(운영지원과),협상에의한계약(전자),총액제,최저가격제,202410081700,20241008,낙찰
긴급공고,MCD0069,1,42848,***,24년 병영생활상담관 보수교육 운영,2024,MCD,국방부(운영지원과),협상에의한계약(전자),총액제,최저가격제,202410081700,20241008,낙찰
긴급공고,MCD0070,1,42849,***,국방부 다문화이해 교육 표준교안 개발,2024,MCD,국방부(운영지원과),협상에의한계약(전자),총액제,최저가격제,202410081700,20241008,유찰
긴급공고,MCD0071,1,42893,***,비상근예비군제도 운용성과 및 효과측정,2024,MCD,국방부(운영지원과),협상에의한계약(전자),총액제,최저가격제,202410081700,20241008,유찰
긴급공고,MCD0072,1,43162,***,예비군법 개정방안 연구,2024,MCD,국방부(운영지원과),협상에의한계약(전자),총액제,최저가격제,202410081700,20241008,낙찰
정상공고,MHD0086,1,40248,***,2024 방위사업정책 발전 컨퍼런스,2024,MHD,방위사업청(운영지원과),협상에의한계약(전자),총액제,최저가격제,202410081500,20241008,낙찰
재공고,MHD0091,2,42632,***,「2024년 방위사업청-CSIS 컨퍼런스」행사 진행 용역,2024,MHD,방위사업청(운영지원과),협상에의한계약(전자),총액제,최저가격제,202410081500,20241008,낙찰
재공고,SCF0827,2,34277,***,"케이블, 전력용 등 22종 구매",2024,SCF,해군군수사령부,일반경쟁,총액제,적격심사제,202410081030,20241008,낙찰
재공고,SCF0827,3,34277,***,"케이블, 전력용 등 22종 구매",2024,SCF,해군군수사령부,일반경쟁,총액제,적격심사제,202410081030,20241008,낙찰
긴급공고,SCF0905,1,39467,***,함정 진공식 오수배관 소제 외주용역,2024,SCF,해군군수사령부,일반경쟁,총액제,적격심사제,202410081030,20241008,유찰
긴급공고,SCF0903,1,40402,***,스텐슬 절단기 2set 구매,2024,SCF,해군군수사령부,제한경쟁,총액제,적격심사제,202410081030,20241008,낙찰
긴급공고,SCF0909,1,41137,***,체크밸브 등 4품목 제조,2024,SCF,해군군수사령부,제한경쟁,총액제,적격심사제,202410081030,20241008,유찰
긴급공고,SCF0906,1,43614,***,(긴급) 개스킷 등 78종,2024,SCF,해군군수사령부,제한경쟁,총액제,적격심사제,202410081030,20241008,낙찰
정정공고,SCF0901,3,43984,***,해병대 목재 밀링기 등 2종 구매,2024,SCF,해군군수사령부,제한경쟁,총액제,적격심사제,202410081030,20241008,낙찰
긴급공고,SCK0123,1,43942,***,산불진화복(외투) 등 3종 구매,2024,SCK,해군교육사령부,일반경쟁,총액제,적격심사제,202410081030,20241008,낙찰
긴급공고,SCU0061,1,43528,***,24-별관 신축 관급자재(제로에너지)제조 설치,2024,SCU,해군 기동함대사령부,제한경쟁,총액제,적격심사제,202410081030,20241008,낙찰
정상공고,SFC0110,1,44076,***,PCB 파쇄기 제조 구매,2024,SFC,제9691부대,제한경쟁,총액제,적격심사제,202410081030,20241008,낙찰
정상공고,SFC0111,1,44355,***,인화지 등 16품목 구매,2024,SFC,제9691부대,제한경쟁,총액제,적격심사제,202410081030,20241008,낙찰
긴급공고,SFC0114,1,44605,***,24-덕-다족보행 로봇 장비 임차 용역(1-2),2024,SFC,제9691부대,제한경쟁,총액제,적격심사제,202410081100,20241008,유찰
긴급공고,SFC0115,1,44620,***,24-덕-장기체공 드론장비 임차 용역(1-2),2024,SFC,제9691부대,제한경쟁,총액제,적격심사제,202410081100,20241008,유찰
긴급공고,UAF0002,1,43482,***,2024년도 국방전직교육원 고객만족도 조사,2024,UAF,국방부 인사복지실,협상에의한계약(서류),총액제,최저가격제,202410081030,20241008,낙찰
재공고,UMM1142,2,33637,***,(247277-F) 2.5톤 유조차 제조납품,2024,UMM,국군재정관리단,일반경쟁,총액제,적격심사제,202410081100,20241008,유찰
정상공고,UMM1164,1,40179,***,24-M-교-액화염소가스용기 검사 및 처리 용역,2024,UMM,국군재정관리단,제한경쟁,총액제,적격심사제,202410081100,20241008,낙찰
정상공고,UMM1163,1,40389,***,"개인정보영향평가(밀리패스, 병적관리시스템) 용역",2024,UMM,국군재정관리단,제한경쟁,총액제,적격심사제,202410081200,20241008,낙찰
정상공고,UMM1150,1,42206,***,(247354-C) 액체크로마토그래피 이중질량분석기 구매,2024,UMM,국군재정관리단,일반경쟁,총액제,적격심사제,202410081100,20241008,낙찰
긴급공고,UMM1162,1,43362,***,(247061-H)VoIP 교환기 도입사업(리스자산),2024,UMM,국군재정관리단,일반경쟁,총액제,적격심사제,202410081100,20241008,낙찰
정상공고,UMM1151,1,43800,***,(24G270-A)국방부 교환기  교체사업 금융리스,2024,UMM,국군재정관리단,일반경쟁,총액제,최저가격제,202410081100,20241008,낙찰
정상공고,UMM1156,1,44133,***,24-F-군견(작전견) 건사료 구매(249150-F),2024,UMM,국군재정관리단,일반경쟁,총액제,적격심사제,202410081100,20241008,낙찰
정상공고,UMM1158,1,44288,***,(246046-B1)견인차량 운전교육 시뮬레이터 구매 설치,2024,UMM,국군재정관리단,일반경쟁,총액제,적격심사제,202410081100,20241008,낙찰
정상공고,UMM1160,1,44347,***,(247053-H)출입통제체계 구축,2024,UMM,국군재정관리단,제한경쟁,총액제,적격심사제,202410081100,20241008,낙찰
정상공고,ETA0004,1,4504,***,(24년)위성위치보고장치 구매사업,2024,ETA,감시전자총괄계약팀,수의계약,총액제,최저가격제,202410071400,20241007,유찰
긴급공고,HDL0021,1,44622,***,영내관사 액화석유가스(LPG) 공급계약 의뢰,2024,HDL,공군제16전투비행단,제한경쟁,총액제,적격심사제,202410071100,20241007,유찰
재공고,LDH0769,2,42578,***,"(일장) 장갑전투도자 호스조립체,비금속제 구매",2024,LDH,육군종합정비창,제한경쟁,총액제,적격심사제,202410071300,20241007,낙찰
재공고,LDH0768,2,42582,***,(일장) 다목적굴착기 절연체 등 5품목 구매,2024,LDH,육군종합정비창,제한경쟁,총액제,적격심사제,202410071300,20241007,낙찰
재공고,LDH0774,2,42600,***,(항공) UH60 슬리브 등 2종 구매,2024,LDH,육군종합정비창,제한경쟁,총액제,적격심사제,202410071300,20241007,낙찰
정상공고,LDH0803,1,44155,***,"(특무) 덮개,전자통신 장비용 등 11품목 구매",2024,LDH,육군종합정비창,일반경쟁,총액제,적격심사제,202410071300,20241007,유찰
정상공고,LDH0804,1,44334,***,K77지휘차 회로카드조립체 구매,2024,LDH,육군종합정비창,제한경쟁,총액제,적격심사제,202410071300,20241007,낙찰
긴급공고,LKG0094,1,44278,***,[육성]전투원용 무전기 구매,2024,LKG,육군제53보병사단,일반경쟁,총액제,적격심사제,202410071100,20241007,낙찰
정상공고,SFG0099,1,44248,***,각파이프 등 7품목 구매,2024,SFG,제9181부대,제한경쟁,총액제,적격심사제,202410071030,20241007,유찰
정상공고,UAC0041,1,43218,***,2024년 2-1차 재투자장비 구매(UV평판인쇄기 등 2종),2024,UAC,국방출판지원단,제한경쟁,총액제,적격심사제,202410071100,20241007,낙찰
정상공고,EBB0334,1,1635,***,K9자주포 패널 외주정비,2024,EBB,지상공통전력운영계약팀,일반경쟁,총액제,적격심사제,202410041100,20241004,낙찰
정상공고,EKA0030,1,0330M,***,일반공구류(K2전차 창정비요소개발용),2024,EKA,기동총괄계약팀,수의계약,총액제,적격심사제,202410041100,20241004,유찰
정상공고,ETA0005,1,5603,***,"국지방공레이더 일반물자 부대정비 (차량부, 레이더)",2024,ETA,감시전자총괄계약팀,수의계약,총액제,적격심사제,202410041330,20241004,유찰
긴급공고,HCF0221,1,43282,***,무정전전원장치(방공관제) 유지보수,2024,HCF,공군군수사령부,제한경쟁,총액제,적격심사제,202410041030,20241004,낙찰
긴급공고,HCF0222,1,43283,***,무정전전원장치(항행안전) 유지보수,2024,HCF,공군군수사령부,제한경쟁,총액제,적격심사제,202410041030,20241004,낙찰
재공고,LCF0551,2,42936,***,"밸브, 회전식 등 35항목 제조(일장-생산-018)재",2024,LCF,육군군수사령부,제한경쟁,총액제,적격심사제,202410041030,20241004,유찰
정정공고,LCF0555,2,43881,***,K9자주포 전기장치 시험장비(ETS) SW개선 재료 구매,2024,LCF,육군군수사령부,제한경쟁,총액제,적격심사제,202410041030,20241004,낙찰
긴급공고,LCF0557,1,44080,***,분배함 등 1항목 구매(기동-026)재,2024,LCF,육군군수사령부,제한경쟁,총액제,적격심사제,202410041030,20241004,순위확정
정상공고,LDH0800,1,42980,***,(자재) 알루미늄판 등 17종 구매,2024,LDH,육군종합정비창,제한경쟁,총액제,적격심사제,202410041300,20241004,낙찰
정상공고,LDH0802,1,43920,***,K1전차 슬리이브 구매,2024,LDH,육군종합정비창,제한경쟁,총액제,적격심사제,202410041300,20241004,순위확정
긴급공고,LMU0049,1,43525,***,"'24년 식자재 민간위탁 배송용역(양평, 가평)",2024,LMU,제7군수지원단,일반경쟁,총액제,적격심사제,202410041100,20241004,유찰
긴급공고,MHP0016,1,43100,***,DNA시료채취 키트 구매(2차),2024,MHP,국방부유해발굴감식단,제한경쟁,총액제,적격심사제,202410041100,20241004,낙찰
정정공고,SCF0902,2,44186,***,"(긴급)판,금속제 등 60종",2024,SCF,해군군수사령부,제한경쟁,총액제,적격심사제,202410041300,20241004,낙찰
정상공고,UMM1148,1,40331,***,24-N-전원변환기 DC24V300A 2EA 제조,2024,UMM,국군재정관리단,제한경쟁,총액제,적격심사제,202410041100,20241004,낙찰
긴급공고,UMM1153,1,42723,***,24-D-자운대지역 조경관리 용역(00학교 지역),2024,UMM,국군재정관리단,제한경쟁,총액제,적격심사제,202410041100,20241004,낙찰
정상공고,UMM1149,1,43581,***,24~25-F-학습포털체계 교체 감리,2024,UMM,국군재정관리단,제한경쟁,총액제,적격심사제,202410041100,20241004,낙찰
긴급공고,UMM1154,1,43862,***,24-N-기지경계용 드론 제조,2024,UMM,국군재정관리단,일반경쟁,총액제,적격심사제,202410041100,20241004,낙찰
정상공고,ESA0006,1,5011,***,특수공구(전술지대지유도무기),2024,ESA,유도무기총괄계약팀,제한경쟁,총액제,적격심사제,202410021100,20241002,낙찰
긴급공고,HCF0219,1,43895,***,[항기소] F-15K 열전지 방전특성시험 외주용역,2024,HCF,공군군수사령부,제한경쟁,총액제,적격심사제,202410021030,20241002,유찰
긴급공고,LCF0556,1,43913,***,"어댑터, 오일파이프용 등 32항목 제조(기동-생산-045-",2024,LCF,육군군수사령부,제한경쟁,총액제,적격심사제,202410021030,20241002,유찰
긴급공고,LKP0140,1,43397,***,24년 4분기 부대계약부식(빵류) 제조/구매,2024,LKP,5군수지원사령부,제한경쟁,총액제,적격심사제,202410021030,20241002,낙찰
긴급공고,LMR0054,1,44227,***,24-18 다락대 훈련장 시설보강 자재구매(PC모듈),2024,LMR,제5군단사령부,제한경쟁,총액제,적격심사제,202410021100,20241002,낙찰
긴급공고,LMU0047,1,43687,***,24-물용-010 민수용 전투식량 구매 계약,2024,LMU,제7군수지원단,일반경쟁,총액제,적격심사제,202410021100,20241002,낙찰
긴급공고,MCJ0007,1,42918,***,DBMS SW 직접구매 및 설치사업(리스물건),2024,MCJ,국방통합데이터센터,제한경쟁,총액제,적격심사제,202410021100,20241002,유찰
긴급공고,MDF0031,1,43582,***,전장망 사이버방호체계 노후 교체사업(리스물건),2024,MDF,국군지휘통신사령부,일반경쟁,총액제,적격심사제,202410021030,20241002,낙찰
긴급공고,MDF0032,1,43641,***,24~25년 MW통신체계 성능개선 감리용역,2024,MDF,국군지휘통신사령부,제한경쟁,총액제,적격심사제,202410021030,20241002,낙찰
정정공고,MDR0048,3,39267,***,'24년 000부대 휴대용 금속탐지기 세트 구매,2024,MDR,제9965부대,제한경쟁,총액제,적격심사제,202410021030,20241002,낙찰
재공고,MDR0055,2,42777,***,'24년 000부대 삼겹살 등 130품목,2024,MDR,제9965부대,제한경쟁,총액제,적격심사제,202410021030,20241002,낙찰
긴급공고,MDR0058,1,43445,***,3.5톤 유조차 제조,2024,MDR,제9965부대,제한경쟁,총액제,적격심사제,202410021100,20241002,유찰
긴급공고,SCF0899,1,36760,***,누수탐지기 3대 구매,2024,SCF,해군군수사령부,제한경쟁,총액제,적격심사제,202410021030,20241002,낙찰
긴급공고,SCF0897,1,38539,***,"레버, 수동제어식 등 2종 구매",2024,SCF,해군군수사령부,제한경쟁,총액제,적격심사제,202410021030,20241002,순위확정
긴급공고,SCF0898,1,40477,***,3축 가속도센서 등 5종 68점 구매,2024,SCF,해군군수사령부,제한경쟁,총액제,적격심사제,202410021030,20241002,낙찰
긴급공고,SCF0900,1,43894,***,"차륜평형기, 소형 2EA 구매",2024,SCF,해군군수사령부,제한경쟁,총액제,적격심사제,202410021030,20241002,낙찰
긴급공고,SFC0108,1,43127,***,24-덕-VR 구매 설치,2024,SFC,제9691부대,제한경쟁,총액제,적격심사제,202410021030,20241002,낙찰
긴급공고,SFC0109,1,43235,***,고무아령 등 10품목 구매,2024,SFC,제9691부대,제한경쟁,총액제,적격심사제,202410021030,20241002,낙찰
정상공고,UAC0040,1,43732,***,인쇄재료 67종 수시 구매,2024,UAC,국방출판지원단,제한경쟁,총액제,적격심사제,202410021100,20241002,낙찰
긴급공고,UMM1147,1,39945,***,24-D-후반기 인쇄용지 21종 구매,2024,UMM,국군재정관리단,일반경쟁,총액제,적격심사제,202410021100,20241002,낙찰
재공고,EBB0330,2,1522,***,"세척키트,총포용",2024,EBB,지상공통전력운영계약팀,수의계약,총액제,적격심사제,202409301100,20240930,순위확정
긴급공고,HCL0061,1,42708,***,24-3학년 생도 안보의식함양훈련,2024,HCL,공군사관학교,2단계경쟁(동시),총액제,최저가격제,202409301030,20240930,유찰
재공고,LCF0541,2,41375,***,"펌프조립체, 엔진냉각수용 등 7항목 제조(기동-015)재",2024,LCF,육군군수사령부,제한경쟁,총액제,적격심사제,202409301030,20240930,유찰
정상공고,LDH0798,1,42767,***,발칸 케이블조립체 구매,2024,LDH,육군종합정비창,제한경쟁,총액제,적격심사제,202409301300,20240930,낙찰
정상공고,LDH0796,1,43110,***,K1전차 집적회로 구매,2024,LDH,육군종합정비창,제한경쟁,총액제,적격심사제,202409301300,20240930,낙찰
정상공고,MDG0195,1,42091,***,24년 화상회의체계 노후장비 교체,2024,MDG,국군의무사령부,일반경쟁,총액제,적격심사제,202409301100,20240930,낙찰
정상공고,UAC0036,1,43097,***,후반기 맞춤용지 구매(재경지원반),2024,UAC,국방출판지원단,제한경쟁,총액제,적격심사제,202409301100,20240930,낙찰
재공고,UHD0034,2,40863,001,[경기1지역] 취사연료(LPG) 구매,2024,UHD,공군 작사예하 방포사예하 제3여단,제한경쟁,단가제,적격심사제,202409301100,20240930,유찰
정상공고,DSS0051,1,43101,***,000 정보체계 시스템 유지보수 용역,2024,DSS,국군제1068부대,지명경쟁,총액제,최저가격제,202409271030,20240927,낙찰
정상공고,EWA0002,1,1000,***,장보고-III Batch-I 정비지원장비(플라이어 등 117종),2024,EWA,한국형잠수함총괄계약팀,제한경쟁,총액제,적격심사제,202409271100,20240927,낙찰
정상공고,LDH0781,1,41810,***,(정비) 실리콘 건 등 13종 구매,2024,LDH,육군종합정비창,제한경쟁,총액제,적격심사제,202409271300,20240927,낙찰
정상공고,LDH0779,1,41812,***,(정비) 티그용접봉 등 12종 구매,2024,LDH,육군종합정비창,제한경쟁,총액제,적격심사제,202409271300,20240927,낙찰
정상공고,LDH0780,1,41815,***,(정비) 연마포 등 12종 구매,2024,LDH,육군종합정비창,제한경쟁,총액제,적격심사제,202409271300,20240927,순위확정
정상공고,LDH0789,1,41816,***,(정비) 미그와이어 구매,2024,LDH,육군종합정비창,제한경쟁,총액제,적격심사제,202409271300,20240927,유찰
정상공고,LDH0790,1,41818,***,(정비) 도화용붓 등 49종 구매,2024,LDH,육군종합정비창,제한경쟁,총액제,적격심사제,202409271300,20240927,유찰
정상공고,LDH0791,1,41819,***,(정비) 가제수입포 등 11종 구매,2024,LDH,육군종합정비창,제한경쟁,총액제,적격심사제,202409271300,20240927,낙찰
정상공고,LDH0787,1,41821,***,(정비) 동절기 귀마개 등 29종 구매,2024,LDH,육군종합정비창,제한경쟁,총액제,적격심사제,202409271300,20240927,순위확정
정상공고,LDH0776,1,41824,***,(정비) 방독마스크필터 등 12종 구매,2024,LDH,육군종합정비창,제한경쟁,총액제,적격심사제,202409271300,20240927,낙찰
정상공고,LDH0788,1,41826,***,(정비) 방진필터 등 9종 구매,2024,LDH,육군종합정비창,제한경쟁,총액제,적격심사제,202409271300,20240927,낙찰
정상공고,LDH0775,1,41827,***,"(정비) 보호복,후드일체형 등 13종 구매",2024,LDH,육군종합정비창,제한경쟁,총액제,적격심사제,202409271300,20240927,낙찰
정상공고,LDH0782,1,41828,***,(정비) 자외선차단 보호안경 등 27종 구매,2024,LDH,육군종합정비창,제한경쟁,총액제,적격심사제,202409271300,20240927,순위확정
정상공고,LDH0783,1,41829,***,(정비) 견인고리셋 등 32종 구매,2024,LDH,육군종합정비창,제한경쟁,총액제,적격심사제,202409271300,20240927,낙찰
정상공고,LDH0784,1,41830,***,(정비) 용접가죽장갑 등 34종 구매,2024,LDH,육군종합정비창,제한경쟁,총액제,적격심사제,202409271300,20240927,순위확정
정상공고,LDH0785,1,41832,***,(정비) 에어카플링잭 등 49종 구매,2024,LDH,육군종합정비창,제한경쟁,총액제,적격심사제,202409271300,20240927,낙찰
정상공고,LDH0778,1,41834,***,(정비) 스틸 절단석 등 41종 구매,2024,LDH,육군종합정비창,제한경쟁,총액제,적격심사제,202409271300,20240927,낙찰
정상공고,LDH0777,1,41835,***,(정비) 인서트팁 등 147종 구매,2024,LDH,육군종합정비창,제한경쟁,총액제,적격심사제,202409271300,20240927,순위확정
정상공고,LDH0786,1,41836,***,(정비) 자동 용접면 카트리지 등 41종 구매,2024,LDH,육군종합정비창,제한경쟁,총액제,적격심사제,202409271300,20240927,낙찰
정상공고,LDH0795,1,41960,***,(화공) 에칠알콜 등 12종 구매,2024,LDH,육군종합정비창,제한경쟁,총액제,적격심사제,202409271300,20240927,유찰
정상공고,LDH0793,1,41977,***,(화공) 니켈광택제지 등 6종 구매,2024,LDH,육군종합정비창,제한경쟁,총액제,적격심사제,202409271300,20240927,순위확정
정상공고,LDH0794,1,41978,***,(화공) 실리콘 등 9종 구매,2024,LDH,육군종합정비창,제한경쟁,총액제,적격심사제,202409271300,20240927,유찰
정상공고,LDH0792,1,41979,***,"(화공) 아세톤,공업용 등 7종 구매",2024,LDH,육군종합정비창,제한경쟁,총액제,적격심사제,202409271300,20240927,낙찰
정상공고,LDH0771,1,42398,***,"(자재) 회로카드조립체, 영상용 부품키트 등 4종 구매",2024,LDH,육군종합정비창,제한경쟁,총액제,적격심사제,202409271300,20240927,낙찰
정상공고,LDH0772,1,42563,***,(자재) 스펀지 흰색 등 45종 구매,2024,LDH,육군종합정비창,제한경쟁,총액제,적격심사제,202409271300,20240927,낙찰
정상공고,LDH0770,1,42570,***,(일장) 장갑전투도자 핸드 빌지 등 8품목 구매,2024,LDH,육군종합정비창,제한경쟁,총액제,적격심사제,202409271300,20240927,낙찰
정상공고,LDH0769,1,42578,***,"(일장) 장갑전투도자 호스조립체,비금속제 구매",2024,LDH,육군종합정비창,제한경쟁,총액제,적격심사제,202409271300,20240927,유찰
정상공고,LDH0768,1,42582,***,(일장) 다목적굴착기 절연체 등 5품목 구매,2024,LDH,육군종합정비창,제한경쟁,총액제,적격심사제,202409271300,20240927,유찰
정상공고,LDH0774,1,42600,***,(항공) UH60 슬리브 등 2종 구매,2024,LDH,육군종합정비창,제한경쟁,총액제,적격심사제,202409271300,20240927,유찰
정상공고,LKP0137,1,42437,***,24년 급식 민간위탁배송(부대조달 충청권),2024,LKP,5군수지원사령부,일반경쟁,총액제,적격심사제,202409271030,20240927,낙찰
정상공고,LKP0138,1,43008,***,'24년 정수약품(요소수) 계약 의뢰,2024,LKP,5군수지원사령부,제한경쟁,총액제,적격심사제,202409271100,20240927,낙찰
정상공고,MHD0094,1,42992,***,2024년 4분기 전산(프린터) 소모품 구매,2024,MHD,방위사업청(운영지원과),제한경쟁,총액제,적격심사제,202409271430,20240927,낙찰
긴급공고,SCI0115,1,43192,***,"AIP수소(5,000KG) 납품",2024,SCI,제9121부대,일반경쟁,총액제,적격심사제,202409271030,20240927,낙찰
정상공고,UMM1072,1,39326,***,(24F188-I) 군 사격장 소음영향도 조사 용역,2024,UMM,국군재정관리단,일반경쟁,총액제,적격심사제,202409271100,20240927,낙찰
정상공고,UMM1073,1,39328,***,(24F192-I) 군 사격장 소음영향도 조사용역,2024,UMM,국군재정관리단,일반경쟁,총액제,적격심사제,202409271100,20240927,유찰
정상공고,UMM1136,1,40537,***,24-M-손세정제 구매,2024,UMM,국군재정관리단,제한경쟁,총액제,적격심사제,202409271100,20240927,낙찰
긴급공고,UMM1145,1,42946,***,(24F259-I) 정보체계 통합 금융리스,2024,UMM,국군재정관리단,일반경쟁,총액제,최저가격제,202409271100,20240927,낙찰
정상공고,EBH0132,1,2552J,***,24년 천마 분배함 정비,2024,EBH,해상공중전력운영계약팀,일반경쟁,총액제,적격심사제,202409261430,20240926,낙찰
정상공고,ETA0003,1,4704,***,"국지방공레이더 2차 일반물자(BII,소모성물자)",2024,ETA,감시전자총괄계약팀,제한경쟁,총액제,적격심사제,202409261100,20240926,낙찰
재공고,HCF0215,2,39282,***,조기경보(SPS-1000) 자동점검장비 유지보수,2024,HCF,공군군수사령부,제한경쟁,총액제,적격심사제,202409261030,20240926,낙찰
재공고,HCF0213,2,41239,***,'24~'25 응답검출조정유니트 외주정비,2024,HCF,공군군수사령부,제한경쟁,총액제,적격심사제,202409261030,20240926,유찰
재공고,HCF0217,2,41614,***,'24~'25 (K)F-16 ADVR 외주정비,2024,HCF,공군군수사령부,제한경쟁,총액제,적격심사제,202409261030,20240926,유찰
긴급공고,LCF0552,1,43069,***,"브래킷트, 윈치용 등 20항목 구매(기동-013)재",2024,LCF,육군군수사령부,제한경쟁,총액제,적격심사제,202409261030,20240926,순위확정
긴급공고,LCF0553,1,43126,***,"덮개, 입구용 등 8항목 제조(기동-생산-030)재(수)",2024,LCF,육군군수사령부,제한경쟁,총액제,적격심사제,202409261030,20240926,유찰
긴급공고,LCI0006,1,42975,***,현O원 진지 OOO체계 이전사업(24-105),2024,LCI,육군제6501부대,지명경쟁,총액제,적격심사제,202409261030,20240926,낙찰
재공고,LDH0763,2,41839,***,(화공) 접착제 등 16종 구매,2024,LDH,육군종합정비창,제한경쟁,총액제,적격심사제,202409261300,20240926,유찰
재공고,LDH0761,2,42092,***,K21 베어링 등 2종 구매,2024,LDH,육군종합정비창,제한경쟁,총액제,적격심사제,202409261300,20240926,낙찰
긴급공고,LFN0034,1,43123,***,24년 3사교 무선 LAN 장비 구매,2024,LFN,육군3사관학교,제한경쟁,총액제,적격심사제,202409261100,20240926,낙찰
재공고,LGP0142,2,42379,***,24년 유류이관 민간위탁 수송용역,2024,LGP,제1군수지원사령부,제한경쟁,총액제,적격심사제,202409261100,20240926,유찰
긴급공고,LGT0083,1,43035,***,'24년 노후 ATICIS 네트워크 장비 교체사업(리스물건),2024,LGT,제2307부대,일반경쟁,총액제,적격심사제,202409261100,20240926,낙찰
정상공고,MDG0194,2,41594,***,24년 의무장비(수액조절기 일반용) 구매,2024,MDG,국군의무사령부,제한경쟁,총액제,적격심사제,202409261100,20240926,낙찰
재공고,SCF0785,4,32452,***,'24년 P-3 항공기 방빙장치 시간측정기 정비,2024,SCF,해군군수사령부,일반경쟁,총액제,적격심사제,202409261030,20240926,낙찰
긴급공고,SCF0894,1,40536,***,(긴급)항공급유 연결장치 1종,2024,SCF,해군군수사령부,제한경쟁,총액제,적격심사제,202409261030,20240926,낙찰
긴급공고,SCF0893,1,42498,***,'24년 함정 헬기유도등 장치 정비,2024,SCF,해군군수사령부,일반경쟁,총액제,적격심사제,202409261030,20240926,순위확정
재공고,SCK0104,2,41882,***,바다로서비스 포장박스 제조 납품,2024,SCK,해군교육사령부,일반경쟁,총액제,적격심사제,202409261030,20240926,유찰
긴급공고,SFG0096,1,43059,***,탄피받이 구매,2024,SFG,제9181부대,제한경쟁,총액제,적격심사제,202409261030,20240926,낙찰
긴급공고,UMM1141,1,38816,***,"24-F-지프형 경호차량(3,000cc급 이상) 제조",2024,UMM,국군재정관리단,제한경쟁,총액제,적격심사제,202409261100,20240926,유찰
긴급공고,UMM1138,1,41301,***,24-N-태블릿 PC 구매(248240-F),2024,UMM,국군재정관리단,제한경쟁,총액제,적격심사제,202409261100,20240926,낙찰
긴급공고,UMM1144,1,41767,***,(247353-F) 5톤 지게차 구매,2024,UMM,국군재정관리단,제한경쟁,총액제,적격심사제,202409261100,20240926,낙찰
긴급공고,UMM1143,1,43046,***,(24G268-A) 온나라시스템 통합구축 금융리스,2024,UMM,국군재정관리단,일반경쟁,총액제,최저가격제,202409261100,20240926,낙찰
정상공고,EBB0331,1,0288,***,FFG 추진전동기 구성품(PEM) 정비,2024,EBB,지상공통전력운영계약팀,일반경쟁,총액제,적격심사제,202409251400,20240925,순위확정
정상공고,EBB0332,1,1A519,***,24~25 KF-16 RAM COATING 및 외부전면도장(D),2024,EBB,지상공통전력운영계약팀,수의계약,총액제,적격심사제,202409251030,20240925,유찰
정상공고,EPA0025,1,1117A,***,"트레일러, 탄약적재운송용(KMT-1)",2024,EPA,항공기총괄계약팀,제한경쟁,총액제,적격심사제,202409251100,20240925,낙찰
긴급공고,LCF0549,1,41730,***,"스위치,누름식 등 6항목 구매(통신)",2024,LCF,육군군수사령부,일반경쟁,총액제,적격심사제,202409251100,20240925,낙찰
긴급공고,LCF0548,1,42551,***,K5 방독면 안경테 등 1항목 구매(의무),2024,LCF,육군군수사령부,제한경쟁,총액제,적격심사제,202409251400,20240925,낙찰
긴급공고,LCF0551,1,42936,***,"밸브, 회전식 등 35항목 제조(일장-생산-018)재",2024,LCF,육군군수사령부,제한경쟁,총액제,적격심사제,202409251030,20240925,유찰
긴급공고,LCG0088,1,42266,***,[24-육-221] 주전산기 교체사업(장군인사)(리스물건),2024,LCG,육군본부,제한경쟁,총액제,적격심사제,202409251230,20240925,순위확정
긴급공고,LCG0089,1,42268,***,[24-육-215] 안전 경고등 휘슬 제조구매,2024,LCG,육군본부,제한경쟁,총액제,적격심사제,202409251230,20240925,낙찰
긴급공고,LCG0087,1,42358,***,[24-육-227] 무선 데이터통신 운영환경 동적분석 장비,2024,LCG,육군본부,제한경쟁,총액제,적격심사제,202409251230,20240925,낙찰
긴급공고,LKH0029,1,42447,***,00중대 작전대기시설(컨테이너 1동) 제조설치납품,2024,LKH,제6128부대,일반경쟁,총액제,적격심사제,202409251030,20240925,낙찰
긴급공고,LKT0072,1,42942,***,'24~27년 식기세척기 임차 용역,2024,LKT,제1989부대,제한경쟁,총액제,적격심사제,202409251100,20240925,낙찰
긴급공고,SCF0889,1,34564,***,계산기 등 325종 구매,2024,SCF,해군군수사령부,제한경쟁,총액제,적격심사제,202409251030,20240925,낙찰
긴급공고,SCF0890,1,38529,***,비디오 기도삽관기 3대 구매,2024,SCF,해군군수사령부,제한경쟁,총액제,적격심사제,202409251030,20240925,낙찰
긴급공고,SFC0106,1,42440,***,24-덕-대드론 방호체계 장비 임차 용역,2024,SFC,제9691부대,제한경쟁,총액제,적격심사제,202409251100,20240925,유찰
긴급공고,SFC0107,1,42441,***,24-덕-장기체공 드론 장비 임차 용역,2024,SFC,제9691부대,제한경쟁,총액제,적격심사제,202409251100,20240925,유찰
긴급공고,UMM1139,1,40816,***,(246340-E) 군인복무기본법 소책자 표지 제작,2024,UMM,국군재정관리단,제한경쟁,총액제,적격심사제,202409251100,20240925,낙찰
긴급공고,UMM1140,1,42972,***,24-N-헬기 시동/정비 전원공급장치 제조,2024,UMM,국군재정관리단,일반경쟁,총액제,적격심사제,202409251100,20240925,낙찰
재공고,EBB0328,2,1216A,***,2024 K10신형제독장치 부품(동력장치 및 기타)(제조),2024,EBB,지상공통전력운영계약팀,수의계약,총액제,적격심사제,202409241300,20240924,유찰
재공고,EBB0321,2,1217,***,2024 K10신형제독장치 부품(구매),2024,EBB,지상공통전력운영계약팀,일반경쟁,총액제,적격심사제,202409241430,20240924,유찰
정상공고,EBH0131,1,8640,***,24년 현궁 모의유도탄 부품,2024,EBH,해상공중전력운영계약팀,일반경쟁,총액제,적격심사제,202409241400,20240924,낙찰
정정공고,ELA0028,3,2631,***,"충전기,전지용(K105A1)",2024,ELA,화력총괄계약팀,수의계약,총액제,적격심사제,202409241100,20240924,유찰
긴급공고,HCG0045,1,41798,***,24-2024 사천에어쇼 항공우주  체험장 부스설치 용역,2024,HCG,공군본부,제한경쟁,총액제,적격심사제,202409241100,20240924,낙찰
재공고,LCF0527,2,40728,***,"전동기,제어식 등 3항목 구매(일장-023)재",2024,LCF,육군군수사령부,제한경쟁,총액제,적격심사제,202409241030,20240924,순위확정
재공고,LCF0532,2,40867,***,"송신기,유압용 등 9항목 구매(일장-028)재",2024,LCF,육군군수사령부,제한경쟁,총액제,적격심사제,202409241030,20240924,순위확정
재공고,LCF0533,2,40871,***,탐조등  등 59항목 구매(일장-026)재,2024,LCF,육군군수사령부,일반경쟁,총액제,적격심사제,202409241030,20240924,순위확정
재공고,LCF0534,2,40900,***,"필터 엘리먼트,유체용 등 52항목 구매(일장-029)재",2024,LCF,육군군수사령부,제한경쟁,총액제,적격심사제,202409241030,20240924,순위확정
정상공고,LDH0767,1,42776,***,"K21스위치,토글식 1종 구매",2024,LDH,육군종합정비창,제한경쟁,총액제,적격심사제,202409241300,20240924,낙찰
재공고,MHD0085,2,40234,***,방위사업계약 및 지체상금 제도 선진화 개선방안 연구,2024,MHD,방위사업청(운영지원과),협상에의한계약(전자),총액제,최저가격제,202409241500,20240924,낙찰
긴급공고,MHD0088,1,41619,***,2024년도 방위사업청 대국민 인지도조사 용역사업,2024,MHD,방위사업청(운영지원과),협상에의한계약(전자),총액제,최저가격제,202409241500,20240924,낙찰
재공고,SCF0764,2,30737,***,전원공급기 8EA 구매,2024,SCF,해군군수사령부,제한경쟁,총액제,적격심사제,202409241030,20240924,순위확정
재공고,SCF0854,2,39322,***,"수중청음기, 수중 음파탐지기용 1EA 구매",2024,SCF,해군군수사령부,제한경쟁,총액제,적격심사제,202409241030,20240924,순위확정
긴급공고,SCF0888,1,40403,***,"사출기, 제트식 등 20종 구매",2024,SCF,해군군수사령부,제한경쟁,총액제,적격심사제,202409241030,20240924,낙찰
긴급공고,SCF0882,1,41985,***,"체인, 합금강 특수강 8,000MR 구매",2024,SCF,해군군수사령부,제한경쟁,총액제,적격심사제,202409241030,20240924,낙찰
정상공고,UMM1125,1,25477,***,24-N-선체부식방지장치 제조(249124-F),2024,UMM,국군재정관리단,일반경쟁,총액제,적격심사제,202409241100,20240924,낙찰
재공고,UMM1032,2,26338,***,24-D-54톤 트랙터(야드용) 구매(241050-F),2024,UMM,국군재정관리단,제한경쟁,총액제,적격심사제,202409241100,20240924,유찰
정상공고,UMM1133,1,26357,***,24-N-대형승용차 구매,2024,UMM,국군재정관리단,제한경쟁,총액제,적격심사제,202409241100,20240924,유찰
정상공고,UMM1132,1,37517,***,(247060-H)전산자료 보안관리시스템 교체(리스자산),2024,UMM,국군재정관리단,일반경쟁,총액제,적격심사제,202409241100,20240924,낙찰
정상공고,UMM1050,1,38690,***,(24F221-A)소음영향도 조사용역,2024,UMM,국군재정관리단,제한경쟁,총액제,적격심사제,202409241100,20240924,낙찰
정상공고,UMM1135,1,40565,***,(246352-E) 00부대 항공기유도등(라이트건) 구매,2024,UMM,국군재정관리단,제한경쟁,총액제,적격심사제,202409241100,20240924,낙찰
정상공고,UMM1137,1,40662,***,24-M-비누상자 등 8품목 구매,2024,UMM,국군재정관리단,제한경쟁,총액제,적격심사제,202409241100,20240924,낙찰
정상공고,UMM1127,1,42308,***,24-N-00사 기지영상공유시스템 구축 금융리스,2024,UMM,국군재정관리단,일반경쟁,총액제,최저가격제,202409241100,20240924,낙찰
긴급공고,LHR0045,1,41026,***,24-27년 신병교육대대 병영식당 급식 민간위탁 용역,2024,LHR,육군 제37보병사단,협상에의한계약(전자),총액제,최저가격제,202409231030,20240923,낙찰
긴급공고,MHD0089,1,41782,***,생성형 AI 서비스 구축 방안 정책연구용역,2024,MHD,방위사업청(운영지원과),협상에의한계약(전자),총액제,최저가격제,202409231500,20240923,낙찰
재공고,EBB0317,3,1534,***,비상 항공등화 세트,2024,EBB,지상공통전력운영계약팀,수의계약,총액제,적격심사제,202409201400,20240920,유찰
재공고,EBH0120,2,0350A,***,24년 AM무전기 부품(구매),2024,EBH,해상공중전력운영계약팀,제한경쟁,총액제,적격심사제,202409201100,20240920,낙찰
재공고,EBH0127,2,2090C,***,24년 후방지역 군위성통신체계(정비),2024,EBH,해상공중전력운영계약팀,수의계약,총액제,적격심사제,202409201100,20240920,유찰
정상공고,EBH0130,1,4801,***,봉합재조립체 패킹링용 등 수리부속(구매),2024,EBH,해상공중전력운영계약팀,제한경쟁,총액제,적격심사제,202409201400,20240920,낙찰
긴급공고,HCF0215,1,39282,***,조기경보(SPS-1000) 자동점검장비 유지보수,2024,HCF,공군군수사령부,제한경쟁,총액제,적격심사제,202409201030,20240920,유찰
재공고,HCF0211,2,41317,***,[항기소] F-15K 열전지 방전특성시험 외주용역,2024,HCF,공군군수사령부,제한경쟁,총액제,적격심사제,202409201030,20240920,유찰
정상공고,HCG0042,1,38736,***,24-군 상시학습제도 도입 방안 연구 용역,2024,HCG,공군본부,협상에의한계약(전자),총액제,최저가격제,202409201100,20240920,유찰
긴급공고,LBA0068,1,42346,***,'24년 ASP 방화지대 구축 용역,2024,LBA,제 2167부대,제한경쟁,총액제,적격심사제,202409201030,20240920,낙찰
긴급공고,LBB0034,1,42180,001,'24-7차 민수용 작전식량 구매,2024,LBB,육군제7789부대,제한경쟁,단가제,적격심사제,202409201030,20240920,낙찰
정정공고,LCF0545,2,40378,***,다기능접속장치(MFE) 유선카드조립체 대체픔 개발,2024,LCF,육군군수사령부,제한경쟁,총액제,적격심사제,202409201030,20240920,유찰
긴급공고,LCF0547,1,42040,***,전압 조정기 등 12항목 구매(궤도-006),2024,LCF,육군군수사령부,제한경쟁,총액제,적격심사제,202409201130,20240920,순위확정
긴급공고,LCG0084,1,40892,***,[24-육-166] 건설정보모델링용 SW 구매,2024,LCG,육군본부,제한경쟁,총액제,적격심사제,202409201230,20240920,낙찰
긴급공고,LCG0083,1,40893,***,"[24-육-216] 포렌식 SW, 수사장비 등 12종(리스)",2024,LCG,육군본부,제한경쟁,총액제,적격심사제,202409201230,20240920,낙찰
긴급공고,LDA0045,1,42511,***,(D075) 24년 도서관 자동화시스템 구축 사업,2024,LDA,지상작전사령부,제한경쟁,총액제,적격심사제,202409201100,20240920,낙찰
재공고,LDH0750,2,40869,***,(자재) 마봉강 등 10품목 구매,2024,LDH,육군종합정비창,제한경쟁,총액제,적격심사제,202409201300,20240920,유찰
정상공고,LDH0754,1,41028,***,(자재) 폴리우레탄코팅제(녹색) 제조,2024,LDH,육군종합정비창,제한경쟁,총액제,적격심사제,202409201300,20240920,유찰
재공고,LDH0751,2,41382,***,"K200 크랭크축,엔진용 등 3종 구매",2024,LDH,육군종합정비창,제한경쟁,총액제,적격심사제,202409201300,20240920,유찰
정상공고,LDH0756,1,41600,***,(자재) 특수윤활유 모리코트 등 17종 구매,2024,LDH,육군종합정비창,제한경쟁,총액제,적격심사제,202409201300,20240920,유찰
정상공고,LDH0759,1,41653,***,"(일장) 장갑전투도자 리테이너,패킹용 구매",2024,LDH,육군종합정비창,제한경쟁,총액제,적격심사제,202409201300,20240920,순위확정
정상공고,LDH0755,1,41994,***,(정수) 액상황산알루미늄 구매(2차),2024,LDH,육군종합정비창,제한경쟁,총액제,적격심사제,202409201330,20240920,낙찰
정상공고,LDH0760,1,42084,***,"K21 저항기,고정식 등 67종 구매",2024,LDH,육군종합정비창,제한경쟁,총액제,적격심사제,202409201300,20240920,낙찰
정상공고,LDH0761,1,42092,***,K21 베어링 등 2종 구매,2024,LDH,육군종합정비창,제한경쟁,총액제,적격심사제,202409201300,20240920,유찰
정상공고,LDH0765,1,42658,***,(기동) 5톤차량 브레이크 밴드 등 31품목 구매,2024,LDH,육군종합정비창,제한경쟁,총액제,적격심사제,202409201300,20240920,유찰
긴급공고,LGP0144,1,42260,***,"24-2차 특수무기 전력변환기(천마,비호) 외주정비용역",2024,LGP,제1군수지원사령부,제한경쟁,총액제,적격심사제,202409201100,20240920,낙찰
긴급공고,LGP0145,1,42489,***,24-2차 표준 및 상용차량 외주정비 용역(강원),2024,LGP,제1군수지원사령부,제한경쟁,총액제,적격심사제,202409201100,20240920,유찰
긴급공고,LKG0093,1,42410,***,'24년 10~12월 부대계약(빵류) 구매,2024,LKG,육군제53보병사단,제한경쟁,총액제,적격심사제,202409201100,20240920,낙찰
정상공고,LQG0064,1,42448,***,(육성) 24년 검문소 경량화 물자 제조 납품,2024,LQG,육군 52보병사단,제한경쟁,총액제,적격심사제,202409201030,20240920,낙찰
정상공고,LQG0065,1,42460,***,(육성) 예비군기동대 감시정찰용 드론 제조 납품,2024,LQG,육군 52보병사단,제한경쟁,총액제,적격심사제,202409201030,20240920,낙찰
정상공고,LQG0066,1,42520,***,(육성) 00부대 야전배낭 제조 납품,2024,LQG,육군 52보병사단,제한경쟁,총액제,적격심사제,202409201030,20240920,낙찰
정상공고,LQG0067,1,42533,***,(육성) 00부대 진공청소기 등 8종 구매 납품,2024,LQG,육군 52보병사단,제한경쟁,총액제,적격심사제,202409201030,20240920,낙찰
정정공고,MCD0063,2,39803,***,사례분석을 통한 對아세안 국방협력 발전방안 연구,2024,MCD,국방부(운영지원과),협상에의한계약(전자),총액제,최저가격제,202409201100,20240920,유찰
정상공고,MDG0188,1,40886,***,24-5차 의무비품(산소포화도측정기 등 4종) 구매,2024,MDG,국군의무사령부,제한경쟁,총액제,적격심사제,202409201100,20240920,낙찰
정상공고,MDG0189,1,40887,***,24-5차 의무비품(직상검안경 등 8종) 구매,2024,MDG,국군의무사령부,제한경쟁,총액제,적격심사제,202409201100,20240920,유찰
정상공고,MDG0190,1,40888,***,24-5차 의무비품(운반대수동식선반형 등 10종) 구매,2024,MDG,국군의무사령부,제한경쟁,총액제,적격심사제,202409201100,20240920,유찰
정상공고,MDG0191,1,40889,***,24-5차 의무비품(물리치료용 침대) 구매,2024,MDG,국군의무사령부,제한경쟁,총액제,적격심사제,202409201100,20240920,낙찰
정상공고,MDG0192,1,41656,***,통신물자(건전지) 구매,2024,MDG,국군의무사령부,제한경쟁,총액제,적격심사제,202409201100,20240920,낙찰
긴급공고,MHD0087,1,40708,***,2024년 방위사업 이러닝콘텐츠 제작,2024,MHD,방위사업청(운영지원과),협상에의한계약(전자),총액제,최저가격제,202409201500,20240920,낙찰
긴급공고,NIT0020,1,42650,***,마약감정재료 구매 2차,2024,NIT,국방부조사본부,제한경쟁,총액제,적격심사제,202409201100,20240920,낙찰
재공고,SCF0814,3,33238,***,육상 심해잠수훈련장비 외주정비],2024,SCF,해군군수사령부,일반경쟁,총액제,적격심사제,202409201030,20240920,순위확정
긴급공고,SCF0884,1,33749,***,"AOE-I 추진기관 R-3(24,000H) 총분해정비",2024,SCF,해군군수사령부,일반경쟁,총액제,적격심사제,202409201030,20240920,낙찰
재공고,SCF0876,2,37370,***,잠수함(SS-I) 자동시동기(20kW) 정비,2024,SCF,해군군수사령부,일반경쟁,총액제,적격심사제,202409201030,20240920,낙찰
긴급공고,SCF0881,1,37833,***,'24년 함정 기관실 청락/도장 용역,2024,SCF,해군군수사령부,일반경쟁,총액제,적격심사제,202409201030,20240920,낙찰
긴급공고,SCF0885,1,38526,***,통신쉘터 냉난방기 부품정비,2024,SCF,해군군수사령부,일반경쟁,총액제,적격심사제,202409201030,20240920,유찰
긴급공고,SCF0883,1,41106,***,'24년 통신쉘터 부품정비,2024,SCF,해군군수사령부,일반경쟁,총액제,적격심사제,202409201030,20240920,유찰
긴급공고,SCF0886,1,42314,***,'24년 다중복합감시체계 유지보수 용역,2024,SCF,해군군수사령부,일반경쟁,총액제,적격심사제,202409201030,20240920,낙찰
긴급공고,SCK0105,1,41515,***,공기청정기 필터 6종 제조 납품,2024,SCK,해군교육사령부,일반경쟁,총액제,적격심사제,202409201030,20240920,낙찰
긴급공고,SCK0104,1,41882,***,바다로서비스 포장박스 제조 납품,2024,SCK,해군교육사령부,일반경쟁,총액제,적격심사제,202409201030,20240920,유찰
정상공고,SFC0104,1,41522,***,24-덕-체 타석 휴게의자 구매,2024,SFC,제9691부대,제한경쟁,총액제,적격심사제,202409201030,20240920,낙찰
정상공고,UAC0032,1,41057,***,디지털인쇄재료 5종 구매,2024,UAC,국방출판지원단,제한경쟁,총액제,적격심사제,202409201100,20240920,낙찰
정상공고,UMM1037,1,18807,***,(24F185-A) 소음영향도 조사용역,2024,UMM,국군재정관리단,제한경쟁,총액제,적격심사제,202409201100,20240920,낙찰
정상공고,UMM1033,1,19918,***,'(24F189-A) 군 사격장 소음영향도 조사 용역,2024,UMM,국군재정관리단,일반경쟁,총액제,적격심사제,202409201100,20240920,낙찰
긴급공고,UMM1129,1,32597,***,(24F224-I) 숲 가꾸기(벌목) 시공 용역,2024,UMM,국군재정관리단,일반경쟁,총액제,적격심사제,202409201100,20240920,낙찰
긴급공고,UMM1130,1,39242,***,(246349-F) 인쇄재료 구매,2024,UMM,국군재정관리단,제한경쟁,총액제,적격심사제,202409201100,20240920,낙찰
긴급공고,UMM1126,1,42041,***,(24F071-I)24년 전기안전관리대행 용역,2024,UMM,국군재정관리단,일반경쟁,총액제,적격심사제,202409201100,20240920,낙찰
긴급공고,UMM1131,1,42417,***,(247312-F) 전산소모품 구매,2024,UMM,국군재정관리단,제한경쟁,총액제,적격심사제,202409201100,20240920,낙찰
정상공고,LDH0752,1,41775,***,K200 오-링 등 21종 구매,2024,LDH,육군종합정비창,제한경쟁,총액제,적격심사제,202409191300,20240919,유찰
긴급공고,LHN0070,1,42168,***,24년~27년 식기세척기 임차 용역,2024,LHN,제7보병사단,일반경쟁,총액제,적격심사제,202409191030,20240919,낙찰
정상공고,EBB0329,1,0927,***,고속상륙정(LSF-I) 외주 창정비,2024,EBB,지상공통전력운영계약팀,일반경쟁,총액제,적격심사제,202409131100,20240913,낙찰
정상공고,EBB0330,1,1522,***,"세척키트,총포용",2024,EBB,지상공통전력운영계약팀,수의계약,총액제,적격심사제,202409131100,20240913,순위확정
긴급공고,EBH0112,1,4546A,***,소형자폭드론,2024,EBH,해상공중전력운영계약팀,협상에의한계약(서류),총액제,최저가격제,202409131400,20240913,낙찰
재공고,LCF0526,2,40630,***,버팀대 갑판시일용 등 79항목 구매(일장-030)재,2024,LCF,육군군수사령부,제한경쟁,총액제,적격심사제,202409131030,20240913,순위확정
긴급공고,LNR0023,1,40307,***,사단 작전지휘시설 신축사업 선행연구 용역,2024,LNR,수도기계화보병사단,2단계경쟁(동시),총액제,최저가격제,202409131030,20240913,낙찰
재공고,MCD0043,3,33151,***,국방무인체계 총수명주기관리방안 연구,2024,MCD,국방부(운영지원과),협상에의한계약(전자),총액제,최저가격제,202409131700,20240913,유찰
정상공고,MCD0065,1,39914,***,2024년도 군 주거지원 만족도 조사,2024,MCD,국방부(운영지원과),협상에의한계약(전자),총액제,최저가격제,202409131700,20240913,낙찰
정상공고,MCD0066,1,40129,***,24년 국방민원서비스 만족도 조사 연구,2024,MCD,국방부(운영지원과),협상에의한계약(전자),총액제,최저가격제,202409131700,20240913,낙찰
정상공고,MCD0067,1,40256,***,안전하고 신뢰할 수 있는 AI활용 국방가이드라인 연구,2024,MCD,국방부(운영지원과),협상에의한계약(전자),총액제,최저가격제,202409131600,20240913,낙찰
긴급공고,LCF0544,1,40193,***,K9 자주포 전기전자시험장비 운영체제 개선 재료 구매,2024,LCF,육군군수사령부,제한경쟁,총액제,적격심사제,202409121030,20240912,낙찰
긴급공고,LCF0543,1,40194,***,K9자주포 전기장치시험장비(ETS) SW개선 재료 구매,2024,LCF,육군군수사령부,제한경쟁,총액제,적격심사제,202409121030,20240912,유찰
긴급공고,LDC0021,1,41222,***,K-4발사기 LCD모듈 제조 및 교체,2024,LDC,육군과학화전투훈련단,일반경쟁,총액제,적격심사제,202409121030,20240912,낙찰
정상공고,LDH0746,1,40857,***,(정비) 실링건 카트리지 등 43종 구매,2024,LDH,육군종합정비창,제한경쟁,총액제,적격심사제,202409121300,20240912,유찰
정상공고,LDH0749,1,40861,***,(정비) 지퍼백밀봉형중형 등 98종 구매,2024,LDH,육군종합정비창,제한경쟁,총액제,적격심사제,202409121300,20240912,유찰
정상공고,LDH0748,1,40866,***,(화공) 액체그리스 등 11종 구매,2024,LDH,육군종합정비창,제한경쟁,총액제,적격심사제,202409121300,20240912,유찰
정상공고,LDH0750,1,40869,***,(자재) 마봉강 등 10품목 구매,2024,LDH,육군종합정비창,제한경쟁,총액제,적격심사제,202409121300,20240912,유찰
정상공고,LDH0745,1,41351,***,K9자주포 연결기(4978) 구매,2024,LDH,육군종합정비창,제한경쟁,총액제,적격심사제,202409121300,20240912,낙찰
긴급공고,LKT0065,1,37255,***,‘24~27년 신병교육대대 병영식당 급식 민간위탁,2024,LKT,제1989부대,협상에의한계약(전자),총액제,최저가격제,202409121000,20240912,낙찰
긴급공고,LKT0071,1,41487,***,24년 10~12월 부대조달 급식품목(식육가공품) 구매,2024,LKT,제1989부대,일반경쟁,총액제,적격심사제,202409121030,20240912,낙찰
긴급공고,SCF0877,1,40430,***,"(긴급) 압축기, 왕복식 1종",2024,SCF,해군군수사령부,제한경쟁,총액제,적격심사제,202409121030,20240912,낙찰
긴급공고,SCF0878,1,41779,***,대잠전술훈련장(ASWTT) 유지보수 용역,2024,SCF,해군군수사령부,일반경쟁,총액제,적격심사제,202409121030,20240912,순위확정
긴급공고,UHD0034,1,40863,001,[경기1지역] 취사연료(LPG) 구매,2024,UHD,공군 작사예하 방포사예하 제3여단,제한경쟁,단가제,적격심사제,202409121100,20240912,유찰
긴급공고,UMM1124,1,25152,***,(247041-H)출입통제체계 구축 사업,2024,UMM,국군재정관리단,제한경쟁,총액제,적격심사제,202409121100,20240912,낙찰
정상공고,UMM1116,1,37689,***,24-N-탑승식 습식 청소차 구매,2024,UMM,국군재정관리단,제한경쟁,총액제,적격심사제,202409121100,20240912,낙찰
정상공고,UMM1117,1,39997,***,24-M-00장비 네트워크 연동장비 도입,2024,UMM,국군재정관리단,제한경쟁,총액제,적격심사제,202409121100,20240912,낙찰
정상공고,UMM1120,1,41189,***,(246047-B1)대형차량 운전교육 시뮬레이터 구매 설치,2024,UMM,국군재정관리단,일반경쟁,총액제,적격심사제,202409121100,20240912,낙찰
정상공고,DSS0047,1,41147,***,안보관 음향시스템 개선사업,2024,DSS,국군제1068부대,제한경쟁,총액제,적격심사제,202409111100,20240911,낙찰
정상공고,EBB0327,1,4000A,***,K5 방독면 수리부속(구매),2024,EBB,지상공통전력운영계약팀,수의계약,총액제,적격심사제,202409111030,20240911,유찰
정상공고,EBB0326,1,7250F,***,40미리 연습탄 파라핀 지환통,2024,EBB,지상공통전력운영계약팀,일반경쟁,총액제,적격심사제,202409111100,20240911,낙찰
정상공고,EBH0128,1,0380A,***,기갑병헬멧부품(구매),2024,EBH,해상공중전력운영계약팀,제한경쟁,총액제,적격심사제,202409111100,20240911,낙찰
재공고,EBH0122,2,2090J,***,24년 전술지휘정보체계(ATCIS) 정비,2024,EBH,해상공중전력운영계약팀,수의계약,총액제,적격심사제,202409111100,20240911,유찰
정상공고,EBH0123,1,2873,***,24년 비호 포체계 수리부속(구매),2024,EBH,해상공중전력운영계약팀,일반경쟁,총액제,적격심사제,202409111400,20240911,낙찰
정상공고,ELA0028,1,2631,***,"충전기,전지용(K105A1)",2024,ELA,화력총괄계약팀,수의계약,총액제,적격심사제,202409111100,20240911,유찰
긴급공고,LBA0067,1,41557,***,'24년 ASP 방화지대 구축 용역,2024,LBA,제 2167부대,제한경쟁,총액제,적격심사제,202409111030,20240911,유찰
긴급공고,LCF0539,1,38715,***,"클램프,호스용 등 49항목 구매(궤도-025)",2024,LCF,육군군수사령부,제한경쟁,총액제,적격심사제,202409111130,20240911,낙찰
재공고,LCF0520,4,40222,***,브레이크 슈 세트 등 9항목 제조(기동-생산-004-재),2024,LCF,육군군수사령부,일반경쟁,총액제,적격심사제,202409111030,20240911,유찰
긴급공고,LCF0541,1,41375,***,"펌프조립체, 엔진냉각수용 등 7항목 제조(기동-015)재",2024,LCF,육군군수사령부,제한경쟁,총액제,적격심사제,202409111030,20240911,순위확정
정정공고,LCF0542,2,41390,***,캐브 조립체 등 2항목 제조(기동-생산-021)재,2024,LCF,육군군수사령부,제한경쟁,총액제,적격심사제,202409111030,20240911,유찰
긴급공고,LCF0546,1,41395,***,"스프링,스위치 등 12항목 제조(총포)",2024,LCF,육군군수사령부,제한경쟁,총액제,적격심사제,202409111130,20240911,낙찰
긴급공고,LKD0067,1,41450,***,육-00부대 전투원용 무전기 체계 제조/납품,2024,LKD,제32보병사단,제한경쟁,총액제,적격심사제,202409111100,20240911,낙찰
재공고,LKP0132,2,38470,***,24년 급식 민간위탁배송(부대조달 전라권),2024,LKP,5군수지원사령부,일반경쟁,총액제,적격심사제,202409111130,20240911,유찰
정상공고,LKP0134,1,41198,***,'24년 2차 상용차량 외주정비 용역,2024,LKP,5군수지원사령부,제한경쟁,총액제,적격심사제,202409111100,20240911,유찰
긴급공고,LPC0040,1,41568,***,25사단 사령부 간부숙소 신축 관급자재(타일) 제조,2024,LPC,제25보병사단,일반경쟁,총액제,적격심사제,202409111100,20240911,낙찰
정상공고,MDG0187,1,40392,***,부수장비(바코드프린터) 구매,2024,MDG,국군의무사령부,제한경쟁,총액제,적격심사제,202409111100,20240911,낙찰
긴급공고,MDW0021,1,40440,***,25년 생도피복(맞춤피복) 제조구매,2024,MDW,국군간호사관학교,2단계경쟁(동시),총액제,최저가격제,202409111100,20240911,낙찰
정상공고,UMM1114,1,36384,***,24-F-고출력 증폭기 1품목 구매,2024,UMM,국군재정관리단,제한경쟁,총액제,적격심사제,202409111100,20240911,낙찰
재공고,UMM1087,2,37057,***,(246311-E) 분석용 고성능 PC등 2품목 (리스자산),2024,UMM,국군재정관리단,제한경쟁,총액제,적격심사제,202409111100,20240911,낙찰
긴급공고,UMM1122,1,37784,***,(246329-E) 육군달력 후가공 제조 납품,2024,UMM,국군재정관리단,제한경쟁,총액제,적격심사제,202409111100,20240911,낙찰
정상공고,UMM1115,1,39597,***,24-M-00대사 얼음정수기 임차용역,2024,UMM,국군재정관리단,일반경쟁,총액제,적격심사제,202409111100,20240911,낙찰
정상공고,UMM1118,1,40938,***,24~26-N-유도무기 교육훈련장비(GMTT) 유지보수 용역,2024,UMM,국군재정관리단,제한경쟁,총액제,적격심사제,202409111100,20240911,낙찰
정상공고,UMM1119,1,41182,***,(247055-H)종합심사낙찰제입찰금액심사프로그램구매,2024,UMM,국군재정관리단,일반경쟁,총액제,적격심사제,202409111100,20240911,낙찰
긴급공고,UMM1123,1,41641,***,(246301-F) 기지국 무전기 등 5종 구축사업,2024,UMM,국군재정관리단,제한경쟁,총액제,적격심사제,202409111100,20240911,낙찰
재공고,EBB0318,2,1218,***,2024 K10제독장치 부품,2024,EBB,지상공통전력운영계약팀,수의계약,총액제,적격심사제,202409101500,20240910,순위확정
정상공고,EBB0324,1,1629A,***,K55송풍기(신형),2024,EBB,지상공통전력운영계약팀,일반경쟁,총액제,적격심사제,202409101100,20240910,낙찰
정상공고,EBB0323,1,4956A,***,2024 화학탐지장비세트(K-CAM2) 수리부속(일반),2024,EBB,지상공통전력운영계약팀,일반경쟁,총액제,적격심사제,202409101030,20240910,낙찰
정상공고,EBB0325,1,9470A,***,보병전투차량용 등,2024,EBB,지상공통전력운영계약팀,제한경쟁,총액제,적격심사제,202409101100,20240910,낙찰
재공고,EBH0119,2,0029J,***,24년 오리콘 사격통제장치 부품류(외주정비),2024,EBH,해상공중전력운영계약팀,수의계약,총액제,적격심사제,202409101100,20240910,유찰
긴급공고,HCF0210,1,40574,***,피아식별용 IR 2종 구매,2024,HCF,공군군수사령부,제한경쟁,총액제,적격심사제,202409101030,20240910,낙찰
긴급공고,HCF0212,1,40712,***,광전송장비 유지보수,2024,HCF,공군군수사령부,제한경쟁,총액제,적격심사제,202409101030,20240910,낙찰
긴급공고,HCG0044,1,38738,***,24-공군 전투실험 및 M&S 발전 세미나 행사대행 용역,2024,HCG,공군본부,제한경쟁,총액제,적격심사제,202409101100,20240910,낙찰
긴급공고,LBA0065,1,40525,***,‘24년10~12월 부대조달 부식(집게맛살튀김)제조/구매,2024,LBA,제 2167부대,제한경쟁,총액제,적격심사제,202409101030,20240910,유찰
긴급공고,LBA0066,1,40526,***,‘24년10~12월 부대조달부식(돈가스 8품목) 제조/구매,2024,LBA,제 2167부대,제한경쟁,총액제,적격심사제,202409101030,20240910,낙찰
긴급공고,LCG0081,1,40894,***,[24-육-203] 모바일 포렌식 SW 5종 구매(리스물건),2024,LCG,육군본부,제한경쟁,총액제,적격심사제,202409101230,20240910,낙찰
긴급공고,LCG0082,1,40895,***,[24-육-219] 자동차(외산)포렌식 분석 KIT(리스),2024,LCG,육군본부,제한경쟁,총액제,적격심사제,202409101230,20240910,낙찰
재공고,LDH0696,2,37608,***,K9자주포 나사등28종 구매,2024,LDH,육군종합정비창,제한경쟁,총액제,적격심사제,202409101300,20240910,유찰
재공고,LDH0727,2,38880,***,(자재) 경창캐스터 등 18종 구매,2024,LDH,육군종합정비창,제한경쟁,총액제,적격심사제,202409101300,20240910,낙찰
재공고,LDH0735,2,39236,***,(자재) 포장자재 양면접착테이프 등 4종 구매,2024,LDH,육군종합정비창,제한경쟁,총액제,적격심사제,202409101300,20240910,유찰
정상공고,LDH0743,1,40494,***,발칸 케이스 구매,2024,LDH,육군종합정비창,제한경쟁,총액제,적격심사제,202409101300,20240910,낙찰
정상공고,LDH0744,1,41009,***,(일장) 교량가설단정 부력블럭48 등 17품목 구매,2024,LDH,육군종합정비창,제한경쟁,총액제,적격심사제,202409101300,20240910,유찰
긴급공고,LHQ0043,1,38636,001,24년 낙동강전승행사 도시락 제조납품,2024,LHQ,제2작전사령부,2단계경쟁(동시),단가제,최저가격제,202409101030,20240910,낙찰
긴급공고,LKP0135,1,40554,***,'24년 4분기 부대계약부식(식자재) 구매,2024,LKP,5군수지원사령부,일반경쟁,총액제,적격심사제,202409101030,20240910,낙찰
긴급공고,LKP0136,1,40569,***,'24년 4분기 부대계약부식(빵류) 제조,2024,LKP,5군수지원사령부,제한경쟁,총액제,적격심사제,202409101030,20240910,유찰
긴급공고,LMP0038,1,41276,***,24년 제초용역(신병교육대대 훈련장),2024,LMP,제3보병사단,일반경쟁,총액제,적격심사제,202409101100,20240910,낙찰
긴급공고,LPC0039,1,41072,***,24년 식기세척기 임차용역,2024,LPC,제25보병사단,일반경쟁,총액제,적격심사제,202409101100,20240910,낙찰
긴급공고,LPG0020,1,41077,***,작전대기시설 컨테이너 제조/구매,2024,LPG,제5보병사단,제한경쟁,총액제,적격심사제,202409101030,20240910,낙찰
긴급공고,MDR0050,1,40453,***,'24년 000부대 육포 구매,2024,MDR,제9965부대,제한경쟁,총액제,적격심사제,202409101030,20240910,낙찰
정상공고,MHD0077,1,36177,***,우주무기체계 효율적 획득 및 운영을 위한 발전방향,2024,MHD,방위사업청(운영지원과),협상에의한계약(전자),총액제,최저가격제,202409101500,20240910,낙찰
긴급공고,MHP0015,1,39491,***,2차 발굴물자 구매납품,2024,MHP,국방부유해발굴감식단,제한경쟁,총액제,적격심사제,202409101100,20240910,낙찰
긴급공고,SCF0868,1,36767,***,폭발물처리반 작전복 등 6종 구매,2024,SCF,해군군수사령부,제한경쟁,총액제,적격심사제,202409101030,20240910,낙찰
긴급공고,SCF0870,1,36768,***,에어컨 가스 회수 충전기 4EA 구매,2024,SCF,해군군수사령부,제한경쟁,총액제,적격심사제,202409101030,20240910,낙찰
긴급공고,SCF0874,1,37379,***,"군악,의장 행사단화류 제조",2024,SCF,해군군수사령부,제한경쟁,총액제,적격심사제,202409101030,20240910,낙찰
긴급공고,SCF0869,1,38619,***,"시일조립체,굴대용,용수철 부하식 1종 구매",2024,SCF,해군군수사령부,제한경쟁,총액제,적격심사제,202409101030,20240910,낙찰
긴급공고,SCF0872,1,40143,***,해병대 10Kw 발전기 세트 구매,2024,SCF,해군군수사령부,제한경쟁,총액제,적격심사제,202409101030,20240910,낙찰
긴급공고,SCF0873,1,40344,***,닻 1EA 제조,2024,SCF,해군군수사령부,제한경쟁,총액제,적격심사제,202409101030,20240910,낙찰
긴급공고,SCF0867,1,40582,***,"커플링,축용,고정식 등 33종 구매",2024,SCF,해군군수사령부,제한경쟁,총액제,적격심사제,202409101030,20240910,낙찰
긴급공고,SCF0871,1,41227,***,이동식 공기 압축기 구매,2024,SCF,해군군수사령부,제한경쟁,총액제,적격심사제,202409101030,20240910,낙찰
긴급공고,SFC0101,1,40463,***,의무장비[혈액가스 분석기(휴대용)] 구매,2024,SFC,제9691부대,제한경쟁,총액제,적격심사제,202409101030,20240910,낙찰
정상공고,UMM1107,1,34037,***,24-M-해강안경계부대 중소초급 상황실 개선(리스자산),2024,UMM,국군재정관리단,제한경쟁,총액제,적격심사제,202409101100,20240910,낙찰
재공고,UMM1099,2,39191,***,"(24F240-I) 식자재 민간위탁 배송용역(홍천, 가평)",2024,UMM,국군재정관리단,일반경쟁,총액제,적격심사제,202409101100,20240910,유찰
긴급공고,UMM1105,1,40680,***,24-F-생성형 AI 개발용 기반체계 구매,2024,UMM,국군재정관리단,일반경쟁,총액제,적격심사제,202409101100,20240910,낙찰
정상공고,UMM1113,1,40980,***,(247050-H)지리공간정보가시화 체계 서버보강,2024,UMM,국군재정관리단,제한경쟁,총액제,적격심사제,202409101100,20240910,낙찰
정상공고,EBH0126,1,2090H,***,24년 통신쉘터용 냉난반기 정비,2024,EBH,해상공중전력운영계약팀,제한경쟁,총액제,적격심사제,202409091100,20240909,낙찰
정상공고,EBH0124,1,3020,***,24년 케이블조립체(탐지3호용)(제조),2024,EBH,해상공중전력운영계약팀,일반경쟁,총액제,적격심사제,202409091100,20240909,낙찰
재공고,HDS0008,2,37146,***,무기체계 레이다 특성을 고려한 작전성 검토기준 정립,2024,HDS,공군미사일방어사령부,협상에의한계약(전자),총액제,최저가격제,202409091100,20240909,낙찰
정정공고,LCF0540,2,39998,***,"타이어, 공기압식 등 16항목 제조(기동-014)",2024,LCF,육군군수사령부,일반경쟁,총액제,적격심사제,202409091030,20240909,유찰
긴급공고,LCJ0050,1,40780,***,(24육군-용역020)자동화창고 스태커크레인 정비 용역,2024,LCJ,종합보급창,제한경쟁,총액제,적격심사제,202409091100,20240909,낙찰
정상공고,MDG0186,1,39097,***,24년 일반장비(공기압축기) 구매,2024,MDG,국군의무사령부,일반경쟁,총액제,적격심사제,202409091100,20240909,유찰
긴급공고,SFC0100,1,40488,***,24-덕-도청탐지시스템 유지보수 용역,2024,SFC,제9691부대,제한경쟁,총액제,적격심사제,202409091100,20240909,낙찰
정상공고,UMM1108,1,35990,***,24-M-취사장 후드 청소용역,2024,UMM,국군재정관리단,제한경쟁,총액제,적격심사제,202409091100,20240909,낙찰
정상공고,EBB0322,1,8231A,***,K21장갑차 엔진 외주정비,2024,EBB,지상공통전력운영계약팀,수의계약,총액제,적격심사제,202409061100,20240906,유찰
재공고,EK40003,2,7900,***,레이저폭발물제거장비 체계개발,2024,EKA,기동총괄계약팀,협상에의한계약(서류),총액제,최저가격제,202409061500,20240906,낙찰
재공고,LCF0523,2,40280,***,운송 및 저장용기 1항목 제조(일장-제조-014),2024,LCF,육군군수사령부,제한경쟁,총액제,적격심사제,202409061030,20240906,낙찰
재공고,LCF0524,2,40282,***,"실린더 조립체,작동식 8항목 제조(일장-제조-015)",2024,LCF,육군군수사령부,제한경쟁,총액제,적격심사제,202409061030,20240906,유찰
긴급공고,LCF0534,1,40900,***,"필터 엘리먼트,유체용 등 52항목 구매(일장-029)재",2024,LCF,육군군수사령부,제한경쟁,총액제,적격심사제,202409061030,20240906,순위확정
긴급공고,LCF0535,1,40902,***,"절연체, 열차단용 등 36항목 구매(일장-031)재",2024,LCF,육군군수사령부,제한경쟁,총액제,적격심사제,202409061030,20240906,낙찰
정정공고,LCF0536,2,40967,***,베어링하프 세트 등 3항목(기동-생산-042)재,2024,LCF,육군군수사령부,제한경쟁,총액제,적격심사제,202409061030,20240906,순위확정
긴급공고,LCF0537,1,40972,***,스위치 유동식 등 11항목(일장-제조-017)재,2024,LCF,육군군수사령부,제한경쟁,총액제,적격심사제,202409061030,20240906,유찰
긴급공고,LCF0538,1,41039,***,"폴드로크,도로용 등 87항목(일장-제조-018)재",2024,LCF,육군군수사령부,제한경쟁,총액제,적격심사제,202409061030,20240906,유찰
긴급공고,LCJ0049,1,35987,***,25~26년 아크부대 민간위탁 급식용역,2024,LCJ,종합보급창,협상에의한계약(전자),총액제,최저가격제,202409061000,20240906,유찰
정상공고,LDH0739,1,40496,***,통신 트랜지스터(37A206469) 구매,2024,LDH,육군종합정비창,제한경쟁,총액제,적격심사제,202409061300,20240906,낙찰
정상공고,MDD0103,1,38858,***,2024년 외과장비운영소모품(5-2) 19품목 구매(2),2024,MDD,국군수도병원,제한경쟁,총액제,적격심사제,202409061200,20240906,낙찰
정상공고,UAC0031,1,40692,***,2025년 월력 인쇄용지 구매,2024,UAC,국방출판지원단,제한경쟁,총액제,적격심사제,202409061100,20240906,낙찰
정상공고,UMM1101,1,37235,***,(247057-H)음성분석시스템 개선사업(리스자산),2024,UMM,국군재정관리단,제한경쟁,총액제,적격심사제,202409061100,20240906,낙찰
정상공고,UMM1104,1,40657,***,(246062-G) 24년 00기동대대 전시체계 구축(리스자산),2024,UMM,국군재정관리단,제한경쟁,총액제,적격심사제,202409061100,20240906,낙찰
정상공고,DSS0039,1,35650,001,표창부상품(손목시계) 제조납품,2024,DSS,국군제1068부대,2단계경쟁(동시),단가제,최저가격제,202409051030,20240905,낙찰
정상공고,EBH0121,1,9005J,***,24년 비호 주전원공급기 정비,2024,EBH,해상공중전력운영계약팀,일반경쟁,총액제,적격심사제,202409051500,20240905,낙찰
재공고,EKA0027,3,9822,***,"발전기세트,디젤엔진식,15kW",2024,EKA,기동총괄계약팀,수의계약,총액제,적격심사제,202409051030,20240905,유찰
재공고,ELA0026,2,0029,***,조준장치(81mm박격포-Ⅱ용),2024,ELA,화력총괄계약팀,지명경쟁,총액제,적격심사제,202409051500,20240905,낙찰
긴급공고,HCF0209,1,40890,***,'24 E-737 Escape Slide 외주정비,2024,HCF,공군군수사령부,제한경쟁,총액제,적격심사제,202409051030,20240905,유찰
정상공고,HCG0038,1,34197,***,24-방공관제 작전제한 해소 추가레이다 설치방안 연구,2024,HCG,공군본부,2단계경쟁(동시),총액제,최저가격제,202409051100,20240905,유찰
긴급공고,LCF0530,1,40658,***,"계전기, 전자식 등 6항목 생산능력확인제조(자주포)",2024,LCF,육군군수사령부,제한경쟁,총액제,적격심사제,202409051130,20240905,유찰
긴급공고,LCF0527,1,40728,***,"전동기,제어식 등 3항목 구매(일장-023)재",2024,LCF,육군군수사령부,제한경쟁,총액제,적격심사제,202409051030,20240905,순위확정
긴급공고,LCF0528,1,40774,***,"바스켓,가교장비용 등 9항목 구매(일장-024)재",2024,LCF,육군군수사령부,일반경쟁,총액제,적격심사제,202409051030,20240905,낙찰
긴급공고,LCF0529,1,40813,***,"전동식,청소기용 등 7항목 구매(일장-025)재",2024,LCF,육군군수사령부,제한경쟁,총액제,적격심사제,202409051030,20240905,낙찰
긴급공고,LCF0531,1,40856,***,"좌석,차량용 1항목 구매(일장-027)재",2024,LCF,육군군수사령부,제한경쟁,총액제,적격심사제,202409051030,20240905,낙찰
긴급공고,LCF0532,1,40867,***,"송신기,유압용 등 9항목 구매(일장-028)재",2024,LCF,육군군수사령부,제한경쟁,총액제,적격심사제,202409051030,20240905,순위확정
긴급공고,LCF0533,1,40871,***,탐조등  등 59항목 구매(일장-026)재,2024,LCF,육군군수사령부,일반경쟁,총액제,적격심사제,202409051030,20240905,순위확정
긴급공고,LFC0062,1,40529,***,`24년 육훈소 2차 제초관리 용역,2024,LFC,육군훈련소,제한경쟁,총액제,적격심사제,202409051100,20240905,낙찰
긴급공고,LFC0060,1,40715,***,24년 10~12월 가공후식(이온음료 등 4품목) 구매,2024,LFC,육군훈련소,일반경쟁,총액제,적격심사제,202409051100,20240905,낙찰
긴급공고,LFC0061,1,40720,***,24년 10~12월 경쟁계약품목(부식류) 구매,2024,LFC,육군훈련소,일반경쟁,총액제,적격심사제,202409051100,20240905,낙찰
긴급공고,LKF0061,1,40838,***,24년 00부대 식기세척기 임차용역,2024,LKF,제6755부대,제한경쟁,총액제,적격심사제,202409051100,20240905,낙찰
재공고,LPF0074,2,39371,***,24년 예비군 육성(응급처치킷/야전지혈대) 제조/구매,2024,LPF,제51보병사단,제한경쟁,총액제,적격심사제,202409051030,20240905,낙찰
재공고,SCF0822,2,34067,***,에어프라즈마 절단기 3EA 구매,2024,SCF,해군군수사령부,제한경쟁,총액제,적격심사제,202409051030,20240905,순위확정
긴급공고,SCF0862,1,36068,***,견시용 차양모 등 2종 제조,2024,SCF,해군군수사령부,제한경쟁,총액제,적격심사제,202409051030,20240905,낙찰
재공고,SCF0842,2,37838,***,'24년 잠수함용 측심기(VE-5900) 정비,2024,SCF,해군군수사령부,일반경쟁,총액제,적격심사제,202409051030,20240905,낙찰
긴급공고,SCF0863,1,38535,***,해군 목재선반 1대  구매,2024,SCF,해군군수사령부,제한경쟁,총액제,적격심사제,202409051030,20240905,낙찰
긴급공고,SCF0861,1,39752,***,탄약 검사용 게이지 외주정비,2024,SCF,해군군수사령부,일반경쟁,총액제,적격심사제,202409051030,20240905,유찰
재공고,UMM1008,2,35086,***,(247322-C) 2인승 동력 PG 구매,2024,UMM,국군재정관리단,제한경쟁,총액제,적격심사제,202409051100,20240905,낙찰
긴급공고,UMM1111,1,36998,***,(246314-E) 생도피복(직위장류 등 4품목) 제조,2024,UMM,국군재정관리단,제한경쟁,총액제,적격심사제,202409051100,20240905,낙찰
정상공고,UMM1097,1,37790,***,(246332-E) 경호부대 특정지역 대테러(기동)복류 제조,2024,UMM,국군재정관리단,제한경쟁,총액제,적격심사제,202409051100,20240905,낙찰
긴급공고,UMM1110,1,38082,***,(246339-D) 생도 스포츠복류 구매,2024,UMM,국군재정관리단,제한경쟁,총액제,적격심사제,202409051100,20240905,낙찰
긴급공고,UMM1109,1,38800,***,(246341-F)병영생활플래너 표지 제조,2024,UMM,국군재정관리단,제한경쟁,총액제,적격심사제,202409051100,20240905,낙찰
긴급공고,UMM1106,1,40689,***,(247058-H)음향장비(대출력 앰프) 노후교체,2024,UMM,국군재정관리단,일반경쟁,총액제,적격심사제,202409051100,20240905,낙찰
재공고,EBH0118,2,5500,***,24년 계기착륙장치(ILS) 부품(제조),2024,EBH,해상공중전력운영계약팀,수의계약,총액제,적격심사제,202409041100,20240904,유찰
긴급공고,HCF0204,1,39283,***,자동화 점검장비(PT-8100i) 유지보수,2024,HCF,공군군수사령부,제한경쟁,총액제,적격심사제,202409041030,20240904,유찰
긴급공고,HCF0208,1,40672,***,초음파 세척기 장비 제조(구매),2024,HCF,공군군수사령부,제한경쟁,총액제,적격심사제,202409041030,20240904,유찰
정정공고,HDC0038,2,37448,***,"24-164 탐지기, 화학제, 자동식 등 1종 구매",2024,HDC,공군제1전투비행단,일반경쟁,총액제,적격심사제,202409041030,20240904,낙찰
재공고,HDC0036,2,39807,***,영외자식당 김치 구매,2024,HDC,공군제1전투비행단,일반경쟁,총액제,적격심사제,202409041030,20240904,유찰
재공고,HDC0036,3,39807,***,영외자식당 김치 구매,2024,HDC,공군제1전투비행단,일반경쟁,총액제,적격심사제,202409041030,20240904,유찰
정정공고,LCF0520,3,40222,***,브레이크 슈 세트 등 9항목 제조(기동-생산-004-재),2024,LCF,육군군수사령부,일반경쟁,총액제,적격심사제,202409041030,20240904,유찰
긴급공고,LCF0526,1,40630,***,버팀대 갑판시일용 등 79항목 구매(일장-030)재,2024,LCF,육군군수사령부,제한경쟁,총액제,적격심사제,202409041030,20240904,순위확정
재공고,LDH0715,2,38683,***,총포 계전기 등 3종 구매,2024,LDH,육군종합정비창,제한경쟁,총액제,적격심사제,202409041300,20240904,유찰
정상공고,LDH0726,1,38875,***,(자재) ㄱ형강 등 15종 구매,2024,LDH,육군종합정비창,제한경쟁,총액제,적격심사제,202409041300,20240904,낙찰
정상공고,LDH0728,1,38887,***,(자재) 마봉강 등 43종 구매,2024,LDH,육군종합정비창,제한경쟁,총액제,적격심사제,202409041300,20240904,낙찰
정상공고,LDH0729,1,38894,***,(자재) 스텐봉 등 21종 구매,2024,LDH,육군종합정비창,제한경쟁,총액제,적격심사제,202409041300,20240904,낙찰
정상공고,LDH0730,1,38902,***,(자재) 필터 구매,2024,LDH,육군종합정비창,제한경쟁,총액제,적격심사제,202409041300,20240904,낙찰
정상공고,LDH0731,1,38970,***,(자재) 도장자재 단조철선 등 28종 구매,2024,LDH,육군종합정비창,제한경쟁,총액제,적격심사제,202409041300,20240904,낙찰
정상공고,LDH0734,1,39235,***,(자재) 정비용철재 환봉 등 10종 구매,2024,LDH,육군종합정비창,제한경쟁,총액제,적격심사제,202409041300,20240904,유찰
정상공고,LDH0736,1,40221,***,통신 소켓(375110974) 구매,2024,LDH,육군종합정비창,제한경쟁,총액제,적격심사제,202409041300,20240904,낙찰
정상공고,LDH0738,1,40265,***,(화공) 하론소화약제가스 구매,2024,LDH,육군종합정비창,제한경쟁,총액제,적격심사제,202409041300,20240904,낙찰
정정공고,LGI0080,2,38103,001,'24-4차 부대계약 식자재(부식) 구매(빵류),2024,LGI,제3군수지원여단,제한경쟁,단가제,적격심사제,202409041030,20240904,낙찰
긴급공고,LKD0066,1,40026,***,육-24년 육성지원사업 작전용 드론 통합 구매,2024,LKD,제32보병사단,제한경쟁,총액제,적격심사제,202409041100,20240904,낙찰
긴급공고,SCF0859,1,25314,***,"AOE-I 화물용 승강기 No.1, 2, 3 외주정비",2024,SCF,해군군수사령부,일반경쟁,총액제,적격심사제,202409041030,20240904,낙찰
재공고,SCF0828,2,32470,***,'24년 KAAV 해수추진장치 외주정비,2024,SCF,해군군수사령부,일반경쟁,총액제,적격심사제,202409041030,20240904,유찰
정상공고,UMM1084,1,34641,***,24-N-보어스코프 구매(248214-F),2024,UMM,국군재정관리단,제한경쟁,총액제,적격심사제,202409041100,20240904,낙찰
긴급공고,UMM1102,1,36837,***,(246335-D) 프린터(2차) 도입사업(리스물건),2024,UMM,국군재정관리단,일반경쟁,총액제,적격심사제,202409041100,20240904,낙찰
정상공고,UMM1090,1,40024,***,(24G255-A) 인터넷 확장사업 금융리스,2024,UMM,국군재정관리단,일반경쟁,총액제,최저가격제,202409041100,20240904,낙찰
긴급공고,UMM1103,1,40647,***,"24-N-노트북, 모니터, 프린터 도입(리스자산)",2024,UMM,국군재정관리단,일반경쟁,총액제,적격심사제,202409041100,20240904,낙찰
정상공고,DSS0044,1,39343,***,온나라 시스템 유지보수 용역,2024,DSS,국군제1068부대,제한경쟁,총액제,적격심사제,202409031030,20240903,낙찰
정상공고,EBB0321,1,1217,***,2024 K10신형제독장치 부품(구매),2024,EBB,지상공통전력운영계약팀,일반경쟁,총액제,적격심사제,202409031100,20240903,순위확정
정상공고,EBH0120,1,0350A,***,24년 AM무전기 부품(구매),2024,EBH,해상공중전력운영계약팀,제한경쟁,총액제,적격심사제,202409031100,20240903,순위확정
긴급공고,HCF0202,1,40471,***,F-35A 지원체계 유지보수,2024,HCF,공군군수사령부,제한경쟁,총액제,적격심사제,202409031030,20240903,낙찰
긴급공고,HCG0041,1,39575,***,24-벨기에 국제군악제 화물운송 용역,2024,HCG,공군본부,제한경쟁,총액제,적격심사제,202409031100,20240903,낙찰
긴급공고,LBA0064,1,38892,***,‘24년 10~12월 식자재 다수품목 단가계약,2024,LBA,제 2167부대,2단계경쟁(동시),총액제,최저가격제,202409031000,20240903,낙찰
재공고,LCF0512,2,38051,***,시료흡입막 1항목 구매(화생방),2024,LCF,육군군수사령부,제한경쟁,총액제,적격심사제,202409031030,20240903,낙찰
긴급공고,LCF0519,1,39800,***,"스프링,판형 등 4항목 제조(총포)",2024,LCF,육군군수사령부,제한경쟁,총액제,적격심사제,202409031130,20240903,낙찰
긴급공고,LCG0080,1,39636,***,[24-육-205] 전산운영용품 구매 5차,2024,LCG,육군본부,제한경쟁,총액제,적격심사제,202409031230,20240903,낙찰
재공고,LCK0035,2,39589,***,[일반-24-142-2] 00부대 병영식당 비품 구매(2),2024,LCK,수도방위사령부,제한경쟁,총액제,적격심사제,202409031030,20240903,낙찰
재공고,LDH0692,2,37528,***,"K21 베어링,볼형 등 5종 구매",2024,LDH,육군종합정비창,제한경쟁,총액제,적격심사제,202409031300,20240903,유찰
재공고,LDH0697,2,37610,***,K9자주포 밸브 구매,2024,LDH,육군종합정비창,제한경쟁,총액제,적격심사제,202409031300,20240903,낙찰
정상공고,LDH0721,1,38891,***,K21 집적회로 등 70종 구매,2024,LDH,육군종합정비창,제한경쟁,총액제,적격심사제,202409031300,20240903,유찰
정상공고,LDH0723,1,39009,***,K1전차 베어링 등 2종 구매,2024,LDH,육군종합정비창,제한경쟁,총액제,적격심사제,202409031300,20240903,낙찰
재공고,LDH0717,2,39418,***,"(특무) 덮개, 전자통신 장비용 등 11품목 구매",2024,LDH,육군종합정비창,일반경쟁,총액제,적격심사제,202409031300,20240903,유찰
긴급공고,LGI0081,1,38105,001,'24-4차 부대계약 식자재(부식) 구매(식육가공품류),2024,LGI,제3군수지원여단,제한경쟁,단가제,적격심사제,202409031030,20240903,낙찰
긴급공고,LKT0069,1,39875,***,24년 10~12월 부대조달 급식품목(빵류) 제조/납품,2024,LKT,제1989부대,제한경쟁,총액제,적격심사제,202409031030,20240903,낙찰
긴급공고,LMU0044,1,40286,001,(24-급-038) '24-4차 부대계약 식자재 납품(빵류)계약,2024,LMU,제7군수지원단,일반경쟁,단가제,적격심사제,202409031100,20240903,낙찰
정상공고,MCD0060,1,38695,***,2024년 군 책임운영기관 고객만족도조사 용역,2024,MCD,국방부(운영지원과),협상에의한계약(전자),총액제,최저가격제,202409031100,20240903,낙찰
긴급공고,MDR0048,1,39267,***,'24년 000부대 휴대용 금속탐지기 세트 구매,2024,MDR,제9965부대,제한경쟁,총액제,적격심사제,202409031030,20240903,유찰
긴급공고,MHD0084,1,39490,***,방위사업 원가계산 외부용역(8차),2024,MHD,방위사업청(운영지원과),협상에의한계약(전자),총액제,최저가격제,202409031500,20240903,낙찰
긴급공고,SCF0857,1,28238,***,고속단정 2종 제조,2024,SCF,해군군수사령부,제한경쟁,총액제,적격심사제,202409031030,20240903,낙찰
긴급공고,SCF0856,1,35504,***,가솔린 매연 측정기 3SET 구매,2024,SCF,해군군수사령부,제한경쟁,총액제,적격심사제,202409031030,20240903,낙찰
긴급공고,SCF0852,1,36804,***,양극 등 5종 구매,2024,SCF,해군군수사령부,제한경쟁,총액제,적격심사제,202409031030,20240903,낙찰
긴급공고,SCF0855,1,36887,***,레펠장갑 구매,2024,SCF,해군군수사령부,제한경쟁,총액제,적격심사제,202409031030,20240903,낙찰
긴급공고,SCF0853,1,38176,***,"구명식량 2,937BX 구매",2024,SCF,해군군수사령부,제한경쟁,총액제,적격심사제,202409031030,20240903,낙찰
긴급공고,SCF0858,1,38202,***,야전앰프 5EA 구매,2024,SCF,해군군수사령부,제한경쟁,총액제,적격심사제,202409031030,20240903,낙찰
긴급공고,SCF0851,1,39065,***,"펌프, 회전식 등 1종 구매",2024,SCF,해군군수사령부,일반경쟁,총액제,적격심사제,202409031030,20240903,유찰
긴급공고,SCF0854,1,39322,***,"수중청음기, 수중 음파탐지기용 1EA 구매",2024,SCF,해군군수사령부,제한경쟁,총액제,적격심사제,202409031030,20240903,순위확정
재공고,SFC0093,2,37592,***,24-덕-밀 사인에이지 구매 설치,2024,SFC,제9691부대,제한경쟁,총액제,적격심사제,202409031030,20240903,순위확정
정상공고,SFG0089,1,39987,***,일반팬 등 6품목 구매,2024,SFG,제9181부대,제한경쟁,총액제,적격심사제,202409031030,20240903,낙찰
긴급공고,UMM1092,1,35601,***,24-M-군단급 UAV 영상판독시스템 교체(리스자산),2024,UMM,국군재정관리단,일반경쟁,총액제,적격심사제,202409031100,20240903,낙찰
정상공고,UMM1087,1,37057,***,(246311-E) 분석용 고성능 PC등 2품목 (리스자산),2024,UMM,국군재정관리단,제한경쟁,총액제,적격심사제,202409031100,20240903,유찰
재공고,UMM1076,2,37404,***,(247267-D) 3.5톤 유조차 제조,2024,UMM,국군재정관리단,제한경쟁,총액제,적격심사제,202409031100,20240903,유찰
긴급공고,UMM1094,1,37764,***,(247059-H)온라인교육시스템 교체(리스자산),2024,UMM,국군재정관리단,일반경쟁,총액제,적격심사제,202409031100,20240903,낙찰
정상공고,UMM1077,1,37960,***,24- F-체력단련장 전동승용카트 구매(249143-F),2024,UMM,국군재정관리단,제한경쟁,총액제,적격심사제,202409031100,20240903,낙찰
정상공고,UMM1085,1,37994,***,24-M-얼음 냉온정수기 및 대형정수기 임차용역,2024,UMM,국군재정관리단,일반경쟁,총액제,적격심사제,202409031100,20240903,낙찰
정상공고,UMM1088,1,38178,***,(246326-E) 분석용 고성능 PC등 5품목 (리스자산),2024,UMM,국군재정관리단,제한경쟁,총액제,적격심사제,202409031100,20240903,낙찰
정상공고,UMM1086,1,38795,***,(247346-C) 재단기 구매,2024,UMM,국군재정관리단,제한경쟁,총액제,적격심사제,202409031100,20240903,낙찰
긴급공고,UMM1096,1,38835,***,(246330-F) 소총 탄피받이 제조,2024,UMM,국군재정관리단,일반경쟁,총액제,적격심사제,202409031100,20240903,낙찰
정상공고,UMM1089,1,38838,***,(246333-F) 고소작업대 구매,2024,UMM,국군재정관리단,제한경쟁,총액제,적격심사제,202409031100,20240903,낙찰
긴급공고,UMM1098,1,39185,***,(24F238-I) 식자재 민간위탁 배송용역(양평),2024,UMM,국군재정관리단,일반경쟁,총액제,적격심사제,202409031100,20240903,유찰
긴급공고,UMM1099,1,39191,***,"(24F240-I) 식자재 민간위탁 배송용역(홍천, 가평)",2024,UMM,국군재정관리단,일반경쟁,총액제,적격심사제,202409031100,20240903,유찰
긴급공고,UMM1093,1,40149,***,(24F230-I) 얼음 정수기 임차용역,2024,UMM,국군재정관리단,일반경쟁,총액제,적격심사제,202409031100,20240903,낙찰
긴급공고,UMM1095,1,40349,***,24-F-항공기술정보 외주번역(한영) 용역,2024,UMM,국군재정관리단,일반경쟁,총액제,적격심사제,202409031100,20240903,낙찰
재공고,HCQ0068,2,38726,***,24년 아스팔트 재포장 관급자재(개질아스콘 제조),2024,HCQ,공군제5공중기동비행단,제한경쟁,총액제,적격심사제,202409021100,20240902,유찰
긴급공고,LCF0521,1,40273,***,"감소기,튜브형 등 26항목 제조(일장-제조-012)",2024,LCF,육군군수사령부,제한경쟁,총액제,적격심사제,202409021030,20240902,낙찰
긴급공고,LCF0522,1,40276,***,와이어 로프 조립체 등 5항목 제조(일장-제조-013),2024,LCF,육군군수사령부,제한경쟁,총액제,적격심사제,202409021030,20240902,낙찰
긴급공고,LCF0523,1,40280,***,운송 및 저장용기 1항목 제조(일장-제조-014),2024,LCF,육군군수사령부,제한경쟁,총액제,적격심사제,202409021030,20240902,유찰
긴급공고,LCF0524,1,40282,***,"실린더 조립체,작동식 8항목 제조(일장-제조-015)",2024,LCF,육군군수사령부,제한경쟁,총액제,적격심사제,202409021030,20240902,유찰
정상공고,LQG0063,1,39809,***,00부대 실외사격장(동원) 방호시스템 설치 납품,2024,LQG,육군 52보병사단,제한경쟁,총액제,적격심사제,202409021030,20240902,낙찰
긴급공고,SFC0094,1,37236,***,24-해병-성희롱 성폭력 예방 콘텐츠 제작 대행,2024,SFC,제9691부대,2단계경쟁(동시),총액제,최저가격제,202409021030,20240902,낙찰
정상공고,UMM1081,1,37309,***,24-N-대형텐트 등 3종 구매(248219-F),2024,UMM,국군재정관리단,일반경쟁,총액제,적격심사제,202409021100,20240902,낙찰
정상공고,UMM1082,1,39680,***,24-N-리치트럭 2대 구매,2024,UMM,국군재정관리단,제한경쟁,총액제,적격심사제,202409021100,20240902,낙찰
정상공고,EBH0119,1,0029J,***,24년 오리콘 사격통제장치 부품류(외주정비),2024,EBH,해상공중전력운영계약팀,수의계약,총액제,적격심사제,202408301100,20240830,유찰
재공고,EBH0093,2,4545A,***,소형정찰드론,2024,EBH,해상공중전력운영계약팀,수의계약,총액제,최저가격제,202408301400,20240830,낙찰
정상공고,EKA0028,1,7551A,***,(`24년) 지뢰살포기 부품류 7종,2024,EKA,기동총괄계약팀,제한경쟁,총액제,적격심사제,202408301500,20240830,낙찰
긴급공고,LGI0066,1,38097,001,'24-4차 부대계약 식자재(부식) 구매 -신남지역-,2024,LGI,제3군수지원여단,2단계경쟁(동시),단가제,최저가격제,202408301030,20240830,낙찰
긴급공고,LGI0067,1,38098,001,'24-4차 부대계약 식자재(부식) 구매 -인제지역-,2024,LGI,제3군수지원여단,2단계경쟁(동시),단가제,최저가격제,202408301030,20240830,낙찰
긴급공고,LGI0068,1,38099,001,'24-4차 부대계약 식자재(부식) 구매 -양구지역-,2024,LGI,제3군수지원여단,2단계경쟁(동시),단가제,최저가격제,202408301030,20240830,낙찰
긴급공고,LGI0069,1,38100,001,'24-4차 부대계약 식자재(부식) 구매 -고성지역-,2024,LGI,제3군수지원여단,2단계경쟁(동시),단가제,최저가격제,202408301030,20240830,낙찰
긴급공고,LGI0070,1,38101,001,'24-4차 부대계약 식자재(부식) 구매 -강릉지역-,2024,LGI,제3군수지원여단,2단계경쟁(동시),단가제,최저가격제,202408301030,20240830,낙찰
긴급공고,LQH0044,1,39690,***,(육성)후반기 예비군훈련 운송버스 임차 용역,2024,LQH,제3697부대,제한경쟁,총액제,적격심사제,202408301330,20240830,유찰
긴급공고,MCD0057,1,37871,***,기술인력육성 보조사업자 운영성과평가 및 연구,2024,MCD,국방부(운영지원과),협상에의한계약(전자),총액제,최저가격제,202408301700,20240830,낙찰
긴급공고,MCD0058,1,37947,***,국군의 날 행사 도시락 제조 납품,2024,MCD,국방부(운영지원과),협상에의한계약(전자),총액제,최저가격제,202408301700,20240830,낙찰
긴급공고,MCD0059,1,38179,***,24년 우수장병 국외시찰 행사 용역,2024,MCD,국방부(운영지원과),협상에의한계약(전자),총액제,최저가격제,202408301700,20240830,낙찰
정정공고,NIT0012,4,38425,***,24년도 디지털포렌식 SW 라이센스 구매,2024,NIT,국방부조사본부,협상에의한계약(서류),총액제,최저가격제,202408301100,20240830,낙찰
정상공고,UMM1060,1,36704,***,24-N-해병대 비금속탐지기 등 2종 구매,2024,UMM,국군재정관리단,제한경쟁,총액제,적격심사제,202408301100,20240830,낙찰
정상공고,UMM1061,1,37164,***,24-M-소규모 네트워크 장비 교체,2024,UMM,국군재정관리단,제한경쟁,총액제,적격심사제,202408301100,20240830,낙찰
정상공고,UMM1067,1,37668,***,24-F-체력단련장 농약 3종 구매,2024,UMM,국군재정관리단,제한경쟁,총액제,적격심사제,202408301100,20240830,낙찰
정상공고,EBH0118,1,5500,***,24년 계기착륙장치(ILS) 부품(제조),2024,EBH,해상공중전력운영계약팀,수의계약,총액제,적격심사제,202408291100,20240829,유찰
재공고,EKA0027,2,9822,***,"발전기세트,디젤엔진식,15kW",2024,EKA,기동총괄계약팀,수의계약,총액제,적격심사제,202408291030,20240829,유찰
정상공고,ELA0026,1,0029,***,조준장치(81mm박격포-Ⅱ용),2024,ELA,화력총괄계약팀,지명경쟁,총액제,적격심사제,202408291500,20240829,유찰
긴급공고,HCF0201,1,38808,***,인터컴 시스템,2024,HCF,공군군수사령부,제한경쟁,총액제,적격심사제,202408291030,20240829,낙찰
긴급공고,HDC0036,1,39807,***,영외자식당 김치 구매,2024,HDC,공군제1전투비행단,일반경쟁,총액제,적격심사제,202408291030,20240829,유찰
긴급공고,LCH0062,1,39788,***,OO부대 훈련장 공중동작시설 자동화체계(23-신-12-6),2024,LCH,특수전사령부,일반경쟁,총액제,적격심사제,202408291100,20240829,낙찰
정상공고,LDH0715,1,38683,***,총포 계전기 등 3종 구매,2024,LDH,육군종합정비창,제한경쟁,총액제,적격심사제,202408291300,20240829,유찰
정상공고,LDH0716,1,38686,***,총포 베어링 2종 구매,2024,LDH,육군종합정비창,제한경쟁,총액제,적격심사제,202408291300,20240829,낙찰
긴급공고,LHD0036,1,39806,***,[주거]BTL 노후 도배/장판 보수(Z111),2024,LHD,제21보병사단,제한경쟁,총액제,적격심사제,202408291030,20240829,낙찰
긴급공고,LHN0065,1,39750,***,24년 공기청정기 필터 구매 2차,2024,LHN,제7보병사단,일반경쟁,총액제,적격심사제,202408291100,20240829,낙찰
긴급공고,LHP0032,1,39645,***,24~27년도 얼음정수기 임차 용역,2024,LHP,제22보병사단,일반경쟁,총액제,적격심사제,202408291100,20240829,낙찰
긴급공고,LPF0074,1,39371,***,24년 예비군 육성(응급처치킷/야전지혈대) 제조/구매,2024,LPF,제51보병사단,제한경쟁,총액제,적격심사제,202408291030,20240829,유찰
긴급공고,NIT0016,1,39770,***,국방헬프콜 홍보영상 및 포스터 제작 용역,2024,NIT,국방부조사본부,일반경쟁,총액제,적격심사제,202408291030,20240829,낙찰
긴급공고,SCF0848,1,38045,***,'24년 이지스전투체계 육상지원장비 유지보수 용역,2024,SCF,해군군수사령부,일반경쟁,총액제,적격심사제,202408291030,20240829,낙찰
긴급공고,SCF0849,1,39037,***,(긴급)에폭시 프라이머 코팅 키트 등 12종,2024,SCF,해군군수사령부,제한경쟁,총액제,적격심사제,202408291030,20240829,낙찰
정상공고,UMM1065,1,36841,***,(247283-D) 수중확성기 구매,2024,UMM,국군재정관리단,제한경쟁,총액제,적격심사제,202408291100,20240829,낙찰
정상공고,UMM1066,1,37333,***,(24F247-A) ASP 방화지대 구축용역,2024,UMM,국군재정관리단,제한경쟁,총액제,적격심사제,202408291100,20240829,낙찰
긴급공고,UMM1080,1,39643,***,(24F223-A) 얼음정수기 임차용역,2024,UMM,국군재정관리단,일반경쟁,총액제,적격심사제,202408291100,20240829,낙찰
긴급공고,UMM1083,1,39715,***,(246328-C) 유류시험장비 구매,2024,UMM,국군재정관리단,제한경쟁,총액제,적격심사제,202408291100,20240829,낙찰
긴급공고,HCF0196,1,37715,***,무기체계 공급망 관리(SCM) 최적화 프로세스 연구,2024,HCF,공군군수사령부,2단계경쟁(동시),총액제,최저가격제,202408281300,20240828,낙찰
재공고,LCF0469,2,35359,***,제습포 등 16항목 구매(총포),2024,LCF,육군군수사령부,일반경쟁,총액제,적격심사제,202408281130,20240828,유찰
재공고,LCK0034,2,38699,***,[일반-24-142-1] 00부대 병영식당 비품구매(1),2024,LCK,수도방위사령부,제한경쟁,총액제,적격심사제,202408281030,20240828,낙찰
재공고,LDH0680,2,37429,***,K77지휘차 회로카드조립체 등 2종 구매,2024,LDH,육군종합정비창,제한경쟁,총액제,적격심사제,202408281300,20240828,유찰
정상공고,LDH0714,1,37879,***,K1전차 계전기 구매,2024,LDH,육군종합정비창,제한경쟁,총액제,적격심사제,202408281300,20240828,유찰
긴급공고,LDH0717,1,39418,***,"(특무) 덮개, 전자통신 장비용 등 11품목 구매",2024,LDH,육군종합정비창,일반경쟁,총액제,적격심사제,202408281300,20240828,유찰
긴급공고,LKG0087,1,38708,***,24년 10~12월 부대계약(빵류) 구매,2024,LKG,육군제53보병사단,제한경쟁,총액제,적격심사제,202408281100,20240828,유찰
긴급공고,LNG0072,1,39498,***,00부대 설계용역 (24-북-172),2024,LNG,육군 제1군단,제한경쟁,총액제,적격심사제,202408281030,20240828,낙찰
긴급공고,MCX0054,1,39311,***,24-기동장비(5인승 벤 등 2종) 구매,2024,MCX,자운대근무지원연대,일반경쟁,총액제,적격심사제,202408281100,20240828,유찰
재공고,MDD0102,2,35262,***,2024년 외과장비운영소모품(5-1) 4품목 구매(2),2024,MDD,국군수도병원,제한경쟁,총액제,적격심사제,202408281200,20240828,유찰
재공고,SCF0670,2,24187,***,회로카드 조립체 등 5종 구매,2024,SCF,해군군수사령부,제한경쟁,총액제,적격심사제,202408281030,20240828,낙찰
긴급공고,SCF0847,1,38845,***,"(긴급) 콘덴서, 냉각용 등 6종",2024,SCF,해군군수사령부,제한경쟁,총액제,적격심사제,202408281030,20240828,낙찰
재공고,UMM0982,2,26228,***,24-D-트레일러 2종 제조,2024,UMM,국군재정관리단,제한경쟁,총액제,적격심사제,202408281100,20240828,낙찰
정상공고,UMM1056,1,32508,***,24-N-탄약견인장비 구매,2024,UMM,국군재정관리단,제한경쟁,총액제,적격심사제,202408281100,20240828,낙찰
긴급공고,UMM1078,1,32966,***,(246088-E) 3연대 정비종합실습장(자동제어)제조설치,2024,UMM,국군재정관리단,제한경쟁,총액제,적격심사제,202408281100,20240828,낙찰
긴급공고,UMM1058,1,33430,***,24-M-2차 전세버스 수송용역,2024,UMM,국군재정관리단,제한경쟁,총액제,적격심사제,202408281100,20240828,낙찰
정상공고,UMM1055,1,37072,***,24-M-근거리전산망 교체사업(리스자산),2024,UMM,국군재정관리단,제한경쟁,총액제,적격심사제,202408281100,20240828,낙찰
정상공고,UMM1057,1,37279,***,24-M-교-얼음정수기 임차용역,2024,UMM,국군재정관리단,일반경쟁,총액제,적격심사제,202408281100,20240828,낙찰
긴급공고,UMM1076,1,37404,***,(247267-D) 3.5톤 유조차 제조,2024,UMM,국군재정관리단,제한경쟁,총액제,적격심사제,202408281100,20240828,유찰
긴급공고,UMM1070,1,37864,***,(24F205-I) 얼음 정수기 임차용역,2024,UMM,국군재정관리단,일반경쟁,총액제,적격심사제,202408281100,20240828,낙찰
재공고,EBB0307,3,0098A,***,사격 훈련장비세트(제조),2024,EBB,지상공통전력운영계약팀,일반경쟁,총액제,적격심사제,202408271030,20240827,낙찰
재공고,EBB0316,2,1441,***,소형전술차 유지부품,2024,EBB,지상공통전력운영계약팀,수의계약,총액제,적격심사제,202408271400,20240827,순위확정
재공고,EBB0317,2,1534,***,비상 항공등화 세트,2024,EBB,지상공통전력운영계약팀,수의계약,총액제,적격심사제,202408271400,20240827,순위확정
긴급공고,HCF0198,1,38925,***,공군 CCTV 통합유지보수,2024,HCF,공군군수사령부,제한경쟁,총액제,적격심사제,202408271030,20240827,낙찰
정상공고,HCL0055,1,39055,***,24-공군박물관 특별기획전 설계 및 제작설치,2024,HCL,공군사관학교,일반경쟁,총액제,적격심사제,202408271030,20240827,낙찰
정상공고,HCL0058,1,39178,***,24-충-공-7 설계용역(공사 노후배수로 개선),2024,HCL,공군사관학교,일반경쟁,총액제,적격심사제,202408271030,20240827,낙찰
긴급공고,LBA0063,1,38893,***,‘24년 10~12월 부대조달 부식(빵류 62품목) 구매,2024,LBA,제 2167부대,일반경쟁,총액제,적격심사제,202408271030,20240827,낙찰
긴급공고,LBA0062,2,38895,***,‘24년10~12월 부대조달 부식(집게맛살튀김)제조/구매,2024,LBA,제 2167부대,제한경쟁,총액제,적격심사제,202408271030,20240827,유찰
긴급공고,LBA0060,1,38897,***,‘24년10~12월 부대조달부식(돈가스 8품목) 제조/구매,2024,LBA,제 2167부대,제한경쟁,총액제,적격심사제,202408271030,20240827,유찰
긴급공고,LBA0059,1,38898,***,‘24년 10~12월 부대조달 부식(햄류 4품목) 구매,2024,LBA,제 2167부대,일반경쟁,총액제,적격심사제,202408271030,20240827,낙찰
긴급공고,LCF0517,1,39010,***,"탄창,탄약용 등 55항목 생산능력제조(총포)",2024,LCF,육군군수사령부,제한경쟁,총액제,적격심사제,202408271130,20240827,유찰
재공고,LDH0669,2,37519,***,(일장) 장갑전투도자 어댑터 등 40품목 구매,2024,LDH,육군종합정비창,제한경쟁,총액제,적격심사제,202408271300,20240827,유찰
정상공고,LDH0701,1,37869,***,K1전차 개스킷 등 13종 구매,2024,LDH,육군종합정비창,제한경쟁,총액제,적격심사제,202408271300,20240827,낙찰
정상공고,LDH0702,1,37885,***,K1전차 오링 등 29종 구매,2024,LDH,육군종합정비창,제한경쟁,총액제,적격심사제,202408271300,20240827,낙찰
정상공고,LDH0703,1,37892,***,K1전차 베어링 등 7종 구매,2024,LDH,육군종합정비창,제한경쟁,총액제,적격심사제,202408271300,20240827,낙찰
정상공고,LDH0705,1,37916,***,K1전차 스프링 등 3종 구매,2024,LDH,육군종합정비창,제한경쟁,총액제,적격심사제,202408271300,20240827,낙찰
정상공고,LDH0707,1,37918,***,K21 개스킷 등 15종 구매,2024,LDH,육군종합정비창,제한경쟁,총액제,적격심사제,202408271300,20240827,낙찰
정상공고,LDH0710,1,38429,***,"K21 베어링,롤러식 등 2종 구매",2024,LDH,육군종합정비창,제한경쟁,총액제,적격심사제,202408271300,20240827,낙찰
긴급공고,LGP0135,1,39310,001,24-4차 빵류 다수품목 단가계약,2024,LGP,제1군수지원사령부,일반경쟁,단가제,적격심사제,202408271100,20240827,낙찰
긴급공고,LIK0057,1,35551,001,'24년 부대계약 부식(10~12월)(일반1),2024,LIK,제2군수지원여단,2단계경쟁(동시),단가제,최저가격제,202408271330,20240827,낙찰
긴급공고,LIK0058,1,35562,001,'24년 부대계약 부식(10~12월)(일반2),2024,LIK,제2군수지원여단,2단계경쟁(동시),단가제,최저가격제,202408271330,20240827,낙찰
긴급공고,LIK0059,1,35565,001,'24년 부대계약 부식(10~12월)(일반3),2024,LIK,제2군수지원여단,2단계경쟁(동시),단가제,최저가격제,202408271330,20240827,낙찰
긴급공고,LIK0063,1,39128,001,‘24년 부대계약 부식(10~12월)(빵류) 제조/구매,2024,LIK,제2군수지원여단,일반경쟁,단가제,적격심사제,202408271030,20240827,낙찰
긴급공고,LKD0065,1,38810,***,육-00부대 전투원용 무전기 체계 제조/납품,2024,LKD,제32보병사단,제한경쟁,총액제,적격심사제,202408271100,20240827,유찰
정상공고,LKP0132,1,38470,***,24년 급식 민간위탁배송(부대조달 전라권),2024,LKP,5군수지원사령부,일반경쟁,총액제,적격심사제,202408271130,20240827,유찰
긴급공고,LMU0042,1,39020,001,(24-급-034) `24-2차 경축특식(크로플) 계약,2024,LMU,제7군수지원단,제한경쟁,단가제,적격심사제,202408271100,20240827,낙찰
긴급공고,LNJ0004,1,39304,***,24년 얼음정수기 임차 용역(79대),2024,LNJ,육군 제1포병여단,제한경쟁,총액제,적격심사제,202408271100,20240827,낙찰
긴급공고,LPC0037,1,39052,***,25사단 70-2대대 병영생활관 관급자재(타일) 제조,2024,LPC,제25보병사단,일반경쟁,총액제,적격심사제,202408271100,20240827,유찰
재공고,MCD0043,2,33151,***,국방무인체계 총수명주기관리방안 연구,2024,MCD,국방부(운영지원과),협상에의한계약(전자),총액제,최저가격제,202408271700,20240827,유찰
정정공고,MCT0042,2,39136,***,24-2차 선수급식(축산)구매,2024,MCT,국군체육부대,일반경쟁,총액제,적격심사제,202408271100,20240827,순위확정
정상공고,MDG0185,1,37854,***,부수장비(광화일스캐너) 구매,2024,MDG,국군의무사령부,제한경쟁,총액제,적격심사제,202408271100,20240827,낙찰
긴급공고,MDR0045,1,39084,***,'24년 000부대 삼겹살 등 130품목,2024,MDR,제9965부대,제한경쟁,총액제,적격심사제,202408271030,20240827,유찰
재공고,MHD0078,2,36176,***,40mm고속유탄기관총-Ⅱ 사업분석,2024,MHD,방위사업청(운영지원과),협상에의한계약(전자),총액제,최저가격제,202408271500,20240827,낙찰
재공고,SCF0712,2,22415,***,Lynx 항공기 레이더용 변조기 정비,2024,SCF,해군군수사령부,일반경쟁,총액제,적격심사제,202408271030,20240827,유찰
재공고,SCF0741,2,22973,***,0-00호정 함내 배전반 외주정비,2024,SCF,해군군수사령부,일반경쟁,총액제,적격심사제,202408271030,20240827,낙찰
재공고,SCF0759,2,29395,***,"진공청소기,전기식 2EA 구매",2024,SCF,해군군수사령부,제한경쟁,총액제,적격심사제,202408271030,20240827,순위확정
재공고,SCF0791,2,30619,***,자동전압조절기 구매,2024,SCF,해군군수사령부,제한경쟁,총액제,적격심사제,202408271030,20240827,낙찰
재공고,SCF0796,2,30699,***,"갑판피복,경량급,미끄럼방지용 1종 제조",2024,SCF,해군군수사령부,제한경쟁,총액제,적격심사제,202408271030,20240827,유찰
재공고,SCF0797,2,32225,***,통통작키 1대 구매,2024,SCF,해군군수사령부,제한경쟁,총액제,적격심사제,202408271030,20240827,순위확정
재공고,SCF0722,4,32229,***,잠수함 호흡용 고압 공기압축기 정비,2024,SCF,해군군수사령부,일반경쟁,총액제,적격심사제,202408271030,20240827,유찰
재공고,SCF0785,3,32452,***,'24년 P-3 항공기 방빙장치 시간측정기 정비,2024,SCF,해군군수사령부,일반경쟁,총액제,적격심사제,202408271030,20240827,유찰
재공고,SCF0747,2,32459,***,고속상륙정(LSF-I) 부양팬 정비,2024,SCF,해군군수사령부,일반경쟁,총액제,적격심사제,202408271030,20240827,유찰
재공고,SCF0814,2,33238,***,육상 심해잠수훈련장비 외주정비],2024,SCF,해군군수사령부,일반경쟁,총액제,적격심사제,202408271030,20240827,순위확정
긴급공고,SCF0839,1,34361,***,"필터엘리먼트, 유체용 등 4종 구매",2024,SCF,해군군수사령부,제한경쟁,총액제,적격심사제,202408271030,20240827,낙찰
긴급공고,SCF0840,1,34528,***,에폭시 코팅 키트 등 33종 구매,2024,SCF,해군군수사령부,일반경쟁,총액제,적격심사제,202408271030,20240827,낙찰
긴급공고,SCF0843,1,37510,***,울트라랙 등 16종 구매,2024,SCF,해군군수사령부,제한경쟁,총액제,적격심사제,202408271030,20240827,낙찰
긴급공고,SCF0842,1,37838,***,'24년 잠수함용 측심기(VE-5900) 정비,2024,SCF,해군군수사령부,일반경쟁,총액제,적격심사제,202408271030,20240827,유찰
긴급공고,SCF0844,1,38046,***,'24년 함정 수면하 선저 조패류 수중소제 용역,2024,SCF,해군군수사령부,일반경쟁,총액제,적격심사제,202408271030,20240827,낙찰
긴급공고,SCF0845,1,38316,***,(긴급) 컴퓨터 하부조립체 등 3종,2024,SCF,해군군수사령부,제한경쟁,총액제,적격심사제,202408271030,20240827,낙찰
긴급공고,SCF0846,1,38521,***,"해병대 대형버스, 37인승 6대 구매",2024,SCF,해군군수사령부,제한경쟁,총액제,적격심사제,202408271030,20240827,낙찰
긴급공고,SFC0096,1,38542,***,의무장비(손세척대 등 2품목) 구매,2024,SFC,제9691부대,제한경쟁,총액제,적격심사제,202408271030,20240827,낙찰
긴급공고,SFC0095,1,38543,***,의무장비(환자체온조절기 공기식) 구매,2024,SFC,제9691부대,제한경쟁,총액제,적격심사제,202408271030,20240827,낙찰
긴급공고,SFC0097,1,38550,***,카보네이트 방패 구매,2024,SFC,제9691부대,제한경쟁,총액제,적격심사제,202408271030,20240827,낙찰
정상공고,UMM1000,1,20739,***,24-N- 해안경계부대 출동차량 제조(248157-F),2024,UMM,국군재정관리단,일반경쟁,총액제,적격심사제,202408271100,20240827,낙찰
긴급공고,UMM1068,1,36877,***,(246323-E) 25년 생도 침구류 제조,2024,UMM,국군재정관리단,제한경쟁,총액제,적격심사제,202408271100,20240827,낙찰
재공고,UMM1023,2,37006,***,(24F220-I) 식자재 민간위탁 배송용역(8급양대),2024,UMM,국군재정관리단,일반경쟁,총액제,적격심사제,202408271100,20240827,낙찰
긴급공고,UMM1064,1,37017,***,(246324-F) 생도 가방류 제조,2024,UMM,국군재정관리단,제한경쟁,총액제,적격심사제,202408271100,20240827,낙찰
정상공고,UMM1051,1,37147,***,24-F-공군수첩 및 업무받침대 제조(249140-F),2024,UMM,국군재정관리단,제한경쟁,총액제,적격심사제,202408271100,20240827,낙찰
긴급공고,UMM1071,1,37223,***,(247327-F)안전보호세트 구매,2024,UMM,국군재정관리단,제한경쟁,총액제,적격심사제,202408271100,20240827,낙찰
긴급공고,UMM1062,1,37401,***,(246338-C) 생도 명찰 등 제조,2024,UMM,국군재정관리단,제한경쟁,총액제,적격심사제,202408271100,20240827,낙찰
정상공고,UMM1049,1,38674,***,(24F235-A) 얼음정수기 임차 용역,2024,UMM,국군재정관리단,일반경쟁,총액제,적격심사제,202408271100,20240827,낙찰
긴급공고,UMM1059,1,39072,***,24-N-페인트 스프레이 부스 제조,2024,UMM,국군재정관리단,일반경쟁,총액제,적격심사제,202408271100,20240827,낙찰
긴급공고,UMM1069,1,39305,***,(246316-C) 질소주입기 구매,2024,UMM,국군재정관리단,일반경쟁,총액제,적격심사제,202408271100,20240827,낙찰
긴급공고,UMM1074,1,39335,***,(247285-F) HF송수신기 구매설치,2024,UMM,국군재정관리단,제한경쟁,총액제,적격심사제,202408271100,20240827,낙찰
긴급공고,HCF0193,1,37111,***,항공용금속재료 가공방법별 기계적물성치측정방안연구,2024,HCF,공군군수사령부,2단계경쟁(동시),총액제,최저가격제,202408261300,20240826,낙찰
긴급공고,HCQ0068,1,38726,***,24년 아스팔트 재포장 관급자재(개질아스콘 제조),2024,HCQ,공군제5공중기동비행단,제한경쟁,총액제,적격심사제,202408261100,20240826,유찰
정정공고,LCG0043,5,22978,***,[24-육-116] 국방혁신 4.0과 연계한 부대배치 방안,2024,LCG,육군본부,협상에의한계약(전자),총액제,최저가격제,202408261300,20240826,유찰
긴급공고,LCG0073,1,36376,***,[24-육-188] 안전문화 수준 측정 Tool 개발 연구,2024,LCG,육군본부,2단계경쟁(동시),총액제,최저가격제,202408261300,20240826,유찰
긴급공고,LCG0074,1,36753,***,[24-육-189] 과학화 동원훈련장 시범사업 추진 연구,2024,LCG,육군본부,2단계경쟁(동시),총액제,최저가격제,202408261300,20240826,낙찰
긴급공고,LKG0085,1,38608,***,24년 10~12월 부대계약(일반품목) 구매,2024,LKG,육군제53보병사단,일반경쟁,총액제,적격심사제,202408261100,20240826,낙찰
긴급공고,MDK0057,1,38833,***,24-2차 한빛부대 재보급물자 수송관리용역,2024,MDK,국군수송사령부,일반경쟁,총액제,적격심사제,202408261100,20240826,낙찰
재공고,MDL0004,2,31198,***,국외수집자료(영어) 국문 번역,2024,MDL,국방부군사편찬연구소,협상에의한계약(전자),총액제,최저가격제,202408261100,20240826,낙찰
정상공고,UMM1054,1,38675,***,24-N-체력단련장 캐디 피복 제조,2024,UMM,국군재정관리단,제한경쟁,총액제,적격심사제,202408261100,20240826,낙찰
재공고,EBB0314,2,8209D,***,"고무, 로드휠용(지명)",2024,EBB,지상공통전력운영계약팀,수의계약,총액제,적격심사제,202408231100,20240823,유찰
긴급공고,UAB0056,1,38904,***,국방컨벤션센터 일용직 인력공급 용역(긴급),2024,UAB,국군복지단,일반경쟁,총액제,적격심사제,202408231600,20240823,낙찰
정상공고,EBH0117,1,0381A,***,VRC-946K장치대부품(구매),2024,EBH,해상공중전력운영계약팀,일반경쟁,총액제,적격심사제,202408221100,20240822,낙찰
재공고,EBH0104,2,2910Y,***,GPS 재밍대응 신호처리장치(제조),2024,EBH,해상공중전력운영계약팀,일반경쟁,총액제,적격심사제,202408221100,20240822,순위확정
정상공고,EKA0026,1,9451,***,트렉터 및 트레일러,2024,EKA,기동총괄계약팀,일반경쟁,총액제,적격심사제,202408221430,20240822,순위확정
정상공고,EKA0027,1,9822,***,"발전기세트,디젤엔진식,15kW",2024,EKA,기동총괄계약팀,수의계약,총액제,적격심사제,202408221030,20240822,유찰
재공고,LBB0031,2,36885,001,'24-2차 경축특식(국군의 날)(초코 조각케이크),2024,LBB,육군제7789부대,제한경쟁,단가제,적격심사제,202408221030,20240822,낙찰
재공고,LBB0030,2,36890,001,'24-2차 경축특식(추석)(떠먹는 티라미수),2024,LBB,육군제7789부대,제한경쟁,단가제,적격심사제,202408221030,20240822,낙찰
정상공고,LDH0692,1,37528,***,"K21 베어링,볼형 등 5종 구매",2024,LDH,육군종합정비창,제한경쟁,총액제,적격심사제,202408221300,20240822,유찰
정상공고,LDH0695,1,37606,***,K10탄운차 저항기등56종 구매,2024,LDH,육군종합정비창,제한경쟁,총액제,적격심사제,202408221300,20240822,낙찰
정상공고,LDH0696,1,37608,***,K9자주포 나사등28종 구매,2024,LDH,육군종합정비창,제한경쟁,총액제,적격심사제,202408221300,20240822,순위확정
정상공고,LDH0697,1,37610,***,K9자주포 밸브 구매,2024,LDH,육군종합정비창,제한경쟁,총액제,적격심사제,202408221300,20240822,순위확정
정상공고,LDH0698,1,37611,***,K9자주포 베어링등10종 구매,2024,LDH,육군종합정비창,제한경쟁,총액제,적격심사제,202408221300,20240822,유찰
정상공고,LDH0699,1,37612,***,K9자주포 패킹등19종 구매,2024,LDH,육군종합정비창,제한경쟁,총액제,적격심사제,202408221300,20240822,낙찰
긴급공고,SCF0835,1,33037,***,"배터리충전기, 황산 3EA 구매",2024,SCF,해군군수사령부,제한경쟁,총액제,적격심사제,202408221030,20240822,낙찰
긴급공고,SCF0834,1,34084,***,해병대 이동식 자동랩핑기 1대 구매,2024,SCF,해군군수사령부,제한경쟁,총액제,적격심사제,202408221030,20240822,낙찰
긴급공고,SCF0833,1,34371,***,스팀세척기 2EA 구매,2024,SCF,해군군수사령부,제한경쟁,총액제,적격심사제,202408221030,20240822,낙찰
긴급공고,SCF0832,1,34374,***,고압세척기 5EA 구매,2024,SCF,해군군수사령부,제한경쟁,총액제,적격심사제,202408221030,20240822,낙찰
긴급공고,SCF0831,1,34704,***,자주식 제설기 1SET 구매,2024,SCF,해군군수사령부,제한경쟁,총액제,적격심사제,202408221030,20240822,낙찰
긴급공고,SCF0830,1,34708,***,"전지, 재충전불가식 등 4종 구매",2024,SCF,해군군수사령부,제한경쟁,총액제,적격심사제,202408221030,20240822,낙찰
긴급공고,SCF0829,1,34810,***,대형 타이어 탈착기 3SET 구매,2024,SCF,해군군수사령부,제한경쟁,총액제,적격심사제,202408221030,20240822,낙찰
긴급공고,SCF0836,1,37542,***,(긴급)MIT-HASH 1종,2024,SCF,해군군수사령부,제한경쟁,총액제,적격심사제,202408221030,20240822,낙찰
긴급공고,SCF0838,1,37981,***,"(긴급)튜브 및 이음쇠,금속제 등 53종",2024,SCF,해군군수사령부,제한경쟁,총액제,적격심사제,202408221030,20240822,낙찰
정상공고,UMM1032,1,26338,***,24-D-54톤 트랙터(야드용) 구매(241050-F),2024,UMM,국군재정관리단,제한경쟁,총액제,적격심사제,202408221100,20240822,유찰
정상공고,UMM1045,1,34543,***,(246055-B1)사이버 모의공격 및 평가도구,2024,UMM,국군재정관리단,제한경쟁,총액제,적격심사제,202408221100,20240822,낙찰
정상공고,UMM1029,1,35585,***,24-D-마트용 종이봉투 제조,2024,UMM,국군재정관리단,일반경쟁,총액제,적격심사제,202408221100,20240822,유찰
긴급공고,UMM1048,1,38611,***,24~29-M-대형 냉온수기 임차 용역,2024,UMM,국군재정관리단,일반경쟁,총액제,적격심사제,202408221100,20240822,낙찰
연기공고,EBB0307,2,0098A,***,사격 훈련장비세트(제조),2024,EBB,지상공통전력운영계약팀,일반경쟁,총액제,적격심사제,202408211030,20240821,유찰
재공고,EPA0012,3,7320,***,"항공기 견인차(4,000 LBS)",2024,EPA,항공기총괄계약팀,일반경쟁,총액제,적격심사제,202408211100,20240821,낙찰
정상공고,ESA0005,1,8006,***,레이저대공무기(Block-Ⅰ) 전원공급조립체,2024,ESA,유도무기총괄계약팀,일반경쟁,총액제,적격심사제,202408211100,20240821,낙찰
긴급공고,LCF0512,1,38051,***,시료흡입막 1항목 구매(화생방),2024,LCF,육군군수사령부,제한경쟁,총액제,적격심사제,202408211030,20240821,유찰
재공고,LDG0070,2,33421,***,열전지(천무유도탄용) 1품목 구매,2024,LDG,육군 탄약지원사령부,일반경쟁,총액제,적격심사제,202408211030,20240821,유찰
정상공고,LDH0671,1,37409,***,K77지휘차 나사 등 31종 구매,2024,LDH,육군종합정비창,제한경쟁,총액제,적격심사제,202408211300,20240821,낙찰
정상공고,LDH0672,1,37410,***,K77지휘차 너트 등 20종 구매,2024,LDH,육군종합정비창,제한경쟁,총액제,적격심사제,202408211300,20240821,낙찰
정상공고,LDH0675,1,37423,***,K77지휘차 베어링 등 4종 구매,2024,LDH,육군종합정비창,제한경쟁,총액제,적격심사제,202408211300,20240821,낙찰
정상공고,LDH0678,1,37427,***,K77지휘차 튜브 등 4종 구매,2024,LDH,육군종합정비창,제한경쟁,총액제,적격심사제,202408211300,20240821,유찰
정상공고,LDH0679,1,37428,***,K77지휘차 호스 등 14종 구매,2024,LDH,육군종합정비창,제한경쟁,총액제,적격심사제,202408211300,20240821,낙찰
정상공고,LDH0680,1,37429,***,K77지휘차 회로카드조립체 등 2종 구매,2024,LDH,육군종합정비창,제한경쟁,총액제,적격심사제,202408211300,20240821,유찰
정상공고,LDH0684,1,37437,***,"K200 베어링,롤러식,테이퍼형 등 16종 구매",2024,LDH,육군종합정비창,제한경쟁,총액제,적격심사제,202408211300,20240821,낙찰
정상공고,LDH0685,1,37439,***,K200 오-링 등 24종 구매,2024,LDH,육군종합정비창,제한경쟁,총액제,적격심사제,202408211300,20240821,유찰
정상공고,LDH0686,1,37442,***,"K200 와셔,평면형 등 3종 구매",2024,LDH,육군종합정비창,제한경쟁,총액제,적격심사제,202408211300,20240821,낙찰
정상공고,LDH0689,1,37450,***,"K200 볼트,기계용 등 22종 구매",2024,LDH,육군종합정비창,제한경쟁,총액제,적격심사제,202408211300,20240821,낙찰
긴급공고,LGI0073,1,38106,001,‘24년 4분기 부대계약 증식(구운계란 등 7종),2024,LGI,제3군수지원여단,제한경쟁,단가제,적격심사제,202408211030,20240821,낙찰
긴급공고,LGI0074,1,38107,001,'24-4차 부대계약 후식(간식류) 구매,2024,LGI,제3군수지원여단,제한경쟁,단가제,적격심사제,202408211030,20240821,낙찰
긴급공고,LGI0075,1,38108,001,'24-4차 부대계약 후식(과일류) 구매,2024,LGI,제3군수지원여단,제한경쟁,단가제,적격심사제,202408211030,20240821,낙찰
긴급공고,LGI0076,1,38109,001,'24-4차 부대계약 후식(음료류) 구매,2024,LGI,제3군수지원여단,제한경쟁,단가제,적격심사제,202408211030,20240821,낙찰
긴급공고,LGI0077,1,38110,001,'24-4차 부대계약 후식(유제품류) 구매,2024,LGI,제3군수지원여단,제한경쟁,단가제,적격심사제,202408211030,20240821,낙찰
긴급공고,LGT0074,1,35128,***,'24년 군 주거시설 개선사업 선행연구(2차)(24-GD-69),2024,LGT,제2307부대,2단계경쟁(동시),총액제,최저가격제,202408211030,20240821,낙찰
재공고,LKT0067,2,37342,***,24-224차 데스크톱컴퓨터 제조납품,2024,LKT,제1989부대,제한경쟁,총액제,적격심사제,202408211030,20240821,유찰
긴급공고,MDG0184,1,38121,***,24년 식기세척기 임차 용역(대구 전라),2024,MDG,국군의무사령부,제한경쟁,총액제,적격심사제,202408211100,20240821,낙찰
정상공고,UMM0956,1,25670,***,24-N-헬기 시동/정비 전원공급장치 제조,2024,UMM,국군재정관리단,일반경쟁,총액제,적격심사제,202408211100,20240821,유찰
정상공고,UMM1031,1,37395,***,24-N-25인승 공기주입식 구명정 제조,2024,UMM,국군재정관리단,일반경쟁,총액제,적격심사제,202408211100,20240821,유찰
정상공고,EBB0316,1,1441,***,소형전술차 유지부품,2024,EBB,지상공통전력운영계약팀,수의계약,총액제,적격심사제,202408201400,20240820,유찰
정상공고,EBB0317,1,1534,***,비상 항공등화 세트,2024,EBB,지상공통전력운영계약팀,수의계약,총액제,적격심사제,202408201400,20240820,유찰
재공고,EM40001,2,5136,***,KDX-II 성능개량 전투체계 체계개발사업,2024,EMA,함정총괄계약팀,협상에의한계약(서류),총액제,최저가격제,202408201600,20240820,낙찰
긴급공고,HCM0061,1,36419,***,24-07-259 LED 전광판 1품목 제조 구매,2024,HCM,공군교육사령부,제한경쟁,총액제,적격심사제,202408201030,20240820,낙찰
긴급공고,HDG0027,1,38453,***,24년 간부식당 급식류 식자재 계약,2024,HDG,공군제10전투비행단,일반경쟁,총액제,적격심사제,202408201100,20240820,낙찰
정정공고,LCF0516,2,37366,***,모터 유압식 등 2항목 구매(일장-022),2024,LCF,육군군수사령부,제한경쟁,총액제,적격심사제,202408201030,20240820,낙찰
긴급공고,LCF0511,1,38031,***,"저항기,가변식 등 42항목 구매(궤도-016)",2024,LCF,육군군수사령부,일반경쟁,총액제,적격심사제,202408201130,20240820,낙찰
긴급공고,LCF0513,1,38139,***,간격유지기 등 48항목 구매(궤도-004),2024,LCF,육군군수사령부,제한경쟁,총액제,적격심사제,202408201130,20240820,낙찰
정정공고,LCF0515,2,38392,***,"리드선,전기용 등 35항목 제조(생산능력,궤도-002)",2024,LCF,육군군수사령부,제한경쟁,총액제,적격심사제,202408201130,20240820,낙찰
긴급공고,LCG0075,1,36965,***,[24-육-194] 참모총장 표창 부상품(손목시계) 구매,2024,LCG,육군본부,제한경쟁,총액제,적격심사제,202408201230,20240820,낙찰
긴급공고,LCG0077,1,37278,***,[24-육-197] 지상군페스티벌 물품임차 용역,2024,LCG,육군본부,제한경쟁,총액제,적격심사제,202408201230,20240820,낙찰
긴급공고,LCG0076,1,37280,***,[24-육-193] 정훈실 사진인화기 구매,2024,LCG,육군본부,제한경쟁,총액제,적격심사제,202408201230,20240820,낙찰
긴급공고,LCG0079,1,38394,***,[24-육-196] 참모총장 표창 부상품(메달) 구매,2024,LCG,육군본부,제한경쟁,총액제,적격심사제,202408201230,20240820,낙찰
긴급공고,LCH0059,1,38124,***,민간스키장 이용권 구매(특-24-물-56),2024,LCH,특수전사령부,지명경쟁,총액제,적격심사제,202408201030,20240820,유찰
긴급공고,LCH0060,1,38480,***,OO부대 훈련장 공중동작시설 자동화체계(23-신-12-6),2024,LCH,특수전사령부,일반경쟁,총액제,최저가격제,202408201100,20240820,유찰
긴급공고,LCM0057,1,37097,***,'24년 10~12월 부대계약 부식 구매(일반품목),2024,LCM,육군교육사령부,일반경쟁,총액제,적격심사제,202408201030,20240820,낙찰
재공고,LDH0663,2,36808,***,화학작용제 탐지장비(K-CAM2) 시험장비 제조,2024,LDH,육군종합정비창,제한경쟁,총액제,적격심사제,202408201300,20240820,낙찰
정상공고,LDH0666,1,37412,***,(정비) 용접봉 구매,2024,LDH,육군종합정비창,제한경쟁,총액제,적격심사제,202408201300,20240820,낙찰
긴급공고,LGP0130,1,37117,001,24-4차 후식류 다수품목 단가계약,2024,LGP,제1군수지원사령부,일반경쟁,단가제,적격심사제,202408201100,20240820,낙찰
긴급공고,LGP0131,1,37198,001,24-4차 식자재 다수품목 단가계약(경기 서부),2024,LGP,제1군수지원사령부,일반경쟁,단가제,적격심사제,202408201100,20240820,낙찰
긴급공고,LGP0132,1,37201,001,24-4차 식자재 다수품목 단가계약(경기 남부),2024,LGP,제1군수지원사령부,일반경쟁,단가제,적격심사제,202408201100,20240820,낙찰
긴급공고,LHP0031,1,38462,***,(24F183-A) 사업장 폐기물(생활쓰레기) 수집운반용역,2024,LHP,제22보병사단,제한경쟁,총액제,적격심사제,202408201100,20240820,낙찰
긴급공고,LKP0130,1,38446,***,'24년 폐타이어 운반용역,2024,LKP,5군수지원사령부,일반경쟁,총액제,적격심사제,202408201130,20240820,낙찰
긴급공고,LPM0031,1,38180,***,여성필수시설(컨테이너) 제조설치 납품,2024,LPM,제9보병사단사령부,제한경쟁,총액제,적격심사제,202408201030,20240820,낙찰
재공고,LQG0062,2,37548,***,(육성) 00부대 야간투시경 제조 납품,2024,LQG,육군 52보병사단,제한경쟁,총액제,적격심사제,202408201030,20240820,낙찰
정상공고,MCD0050,1,36223,***,24년 국방부 전화친절도 조사,2024,MCD,국방부(운영지원과),협상에의한계약(전자),총액제,최저가격제,202408201700,20240820,유찰
긴급공고,MCD0051,1,36616,***,자운대 지역 부대 배치방안 등 검토 용역,2024,MCD,국방부(운영지원과),협상에의한계약(전자),총액제,최저가격제,202408201700,20240820,낙찰
정상공고,MDG0183,1,37099,***,수술재료8 구매,2024,MDG,국군의무사령부,제한경쟁,총액제,적격심사제,202408201100,20240820,낙찰
긴급공고,MHD0081,1,37336,***,방위사업 원가계산 외부용역(7차),2024,MHD,방위사업청(운영지원과),협상에의한계약(전자),총액제,최저가격제,202408201500,20240820,낙찰
긴급공고,NIT0011,1,38357,***,24년 자동염기서열분석기 검교정 등 정비,2024,NIT,국방부조사본부,제한경쟁,총액제,적격심사제,202408201100,20240820,낙찰
긴급공고,SCF0823,1,28365,***,CO2 용접기 2EA 구매,2024,SCF,해군군수사령부,제한경쟁,총액제,적격심사제,202408201030,20240820,낙찰
긴급공고,SCF0828,1,32470,***,'24년 KAAV 해수추진장치 외주정비,2024,SCF,해군군수사령부,일반경쟁,총액제,적격심사제,202408201030,20240820,순위확정
긴급공고,SCF0815,1,33612,***,목재절단기 2SET 구매,2024,SCF,해군군수사령부,제한경쟁,총액제,적격심사제,202408201030,20240820,낙찰
긴급공고,SCF0822,1,34067,***,에어프라즈마 절단기 3EA 구매,2024,SCF,해군군수사령부,제한경쟁,총액제,적격심사제,202408201030,20240820,순위확정
긴급공고,SCF0827,1,34277,***,"케이블, 전력용 등 22종 구매",2024,SCF,해군군수사령부,일반경쟁,총액제,적격심사제,202408201030,20240820,순위확정
긴급공고,SCF0817,1,34407,***,"전자 모듈,표준화형 6종 구매",2024,SCF,해군군수사령부,제한경쟁,총액제,적격심사제,202408201030,20240820,낙찰
긴급공고,SCF0826,1,34423,***,"릴,케이블용 등 13종 구매",2024,SCF,해군군수사령부,제한경쟁,총액제,적격심사제,202408201030,20240820,낙찰
긴급공고,SCF0824,1,34560,***,해병대 산소분석기 4개 구매,2024,SCF,해군군수사령부,제한경쟁,총액제,적격심사제,202408201030,20240820,낙찰
긴급공고,SCF0818,1,34828,***,디스플레이 유닛 등 3종,2024,SCF,해군군수사령부,제한경쟁,총액제,적격심사제,202408201030,20240820,낙찰
긴급공고,SCF0816,1,36284,***,소형진동다짐기 3대 구매,2024,SCF,해군군수사령부,제한경쟁,총액제,적격심사제,202408201030,20240820,낙찰
긴급공고,SCF0819,1,37221,***,(긴급)비디오프로젝터 등 4종 구매 설치,2024,SCF,해군군수사령부,제한경쟁,총액제,적격심사제,202408201300,20240820,낙찰
긴급공고,SCF0821,1,37300,***,"(긴급) 스위치,압력식 등 9종",2024,SCF,해군군수사령부,제한경쟁,총액제,적격심사제,202408201030,20240820,낙찰
긴급공고,SFC0093,1,37592,***,24-덕-밀 사인에이지 구매 설치,2024,SFC,제9691부대,제한경쟁,총액제,적격심사제,202408201030,20240820,유찰
긴급공고,SFN0068,1,38459,***,24-5차 물품 통합구매,2024,SFN,연평부대,제한경쟁,총액제,적격심사제,202408201030,20240820,낙찰
재공고,UMM0759,2,19903,***,24-N-자유형단조해머 제조,2024,UMM,국군재정관리단,일반경쟁,총액제,적격심사제,202408201100,20240820,유찰
정상공고,UMM1024,1,27870,***,24-N-총기 진공포장기 구매(248190-F),2024,UMM,국군재정관리단,제한경쟁,총액제,적격심사제,202408201100,20240820,낙찰
재공고,UMM1012,2,29058,***,(246290-C) 5.56밀리 철사띠상자 등 3개 품목 제조,2024,UMM,국군재정관리단,제한경쟁,총액제,적격심사제,202408201100,20240820,낙찰
정상공고,UMM1020,1,33880,***,(246274-D)모바일기기 포렌식 SW 2종 구매,2024,UMM,국군재정관리단,제한경쟁,총액제,적격심사제,202408201100,20240820,낙찰
정상공고,UMM1027,1,34841,***,(246306-F)항공기용 위성통신 단말기 교체사업(2차),2024,UMM,국군재정관리단,제한경쟁,총액제,적격심사제,202408201100,20240820,낙찰
정상공고,UMM1025,1,34846,***,(246319-C) 생도 가방 제조,2024,UMM,국군재정관리단,제한경쟁,총액제,적격심사제,202408201100,20240820,낙찰
긴급공고,UMM1044,1,35247,***,"(246309-F) 들것,접는형,단단한막대식 구매",2024,UMM,국군재정관리단,제한경쟁,총액제,적격심사제,202408201100,20240820,낙찰
정상공고,UMM1017,1,35501,***,24-N-고속무인표적정 제조 및 설치,2024,UMM,국군재정관리단,일반경쟁,총액제,적격심사제,202408201100,20240820,낙찰
긴급공고,UMM1042,1,35713,***,(246320-E) 생도 테니스화 구매,2024,UMM,국군재정관리단,제한경쟁,총액제,적격심사제,202408201100,20240820,낙찰
정상공고,UMM1026,1,36152,***,(24G246-A) 얼음 냉온 정수기 임차용역,2024,UMM,국군재정관리단,제한경쟁,총액제,적격심사제,202408201100,20240820,낙찰
긴급공고,UMM1040,1,36271,***,(246331-C) 오실로스코프 구매,2024,UMM,국군재정관리단,제한경쟁,총액제,적격심사제,202408201100,20240820,낙찰
정상공고,UMM1028,1,36399,***,(246318-F) 수사관 조끼 등 3종 제조,2024,UMM,국군재정관리단,제한경쟁,총액제,적격심사제,202408201100,20240820,낙찰
긴급공고,UMM1034,1,36401,***,(246299-D) 병사용 간행물(3종) 구매,2024,UMM,국군재정관리단,제한경쟁,총액제,적격심사제,202408201100,20240820,낙찰
긴급공고,UMM1041,1,36437,***,(247300-E) 00체계 레이돔 항온제습기 제조설치,2024,UMM,국군재정관리단,제한경쟁,총액제,적격심사제,202408201100,20240820,낙찰
긴급공고,UMM1043,1,37613,***,(246315-F) 생도 침구류 제조,2024,UMM,국군재정관리단,제한경쟁,총액제,적격심사제,202408201100,20240820,낙찰
긴급공고,UMM1039,1,38398,***,(24G121-I) 얼음 냉온정수기 임차 용역,2024,UMM,국군재정관리단,일반경쟁,총액제,적격심사제,202408201100,20240820,낙찰
재공고,LCF0494,2,37213,***,변속기 해드조립체 등 55항목 제조(일장-생산-015),2024,LCF,육군군수사령부,제한경쟁,총액제,적격심사제,202408191030,20240819,유찰
정상공고,LDH0665,1,36178,***,24-9차 물류이동장비(8톤 전동화물운반차) 구매,2024,LDH,육군종합정비창,제한경쟁,총액제,적격심사제,202408191300,20240819,낙찰
긴급공고,LMP0036,1,38088,***,24년 취사장 청소용역,2024,LMP,제3보병사단,제한경쟁,총액제,적격심사제,202408191100,20240819,낙찰
긴급공고,MCS0099,1,36312,***,2024 복지회관 식자재 구매(수산물),2024,MCS,국방부계룡대근무지원단,일반경쟁,총액제,적격심사제,202408191030,20240819,유찰
긴급공고,MCS0100,1,36317,***,2024 복지회관 식자재 구매(농산물),2024,MCS,국방부계룡대근무지원단,일반경쟁,총액제,적격심사제,202408191030,20240819,낙찰
긴급공고,MCS0101,1,36320,***,2024 복지회관 식자재 구매(공산품 및 소모품),2024,MCS,국방부계룡대근무지원단,일반경쟁,총액제,적격심사제,202408191030,20240819,낙찰
정상공고,UMM1014,1,34038,***,24-M-00망 유해사이트 차단체계 교체(리스자산),2024,UMM,국군재정관리단,일반경쟁,총액제,적격심사제,202408191100,20240819,낙찰
정상공고,UMM1021,1,35240,***,24-F-비용분석용 상용SW 구매,2024,UMM,국군재정관리단,제한경쟁,총액제,적격심사제,202408191100,20240819,낙찰
정상공고,HDM0049,1,36046,***,24년 부대소개영상 제작용역,2024,HDM,공군제17전투비행단,2단계경쟁(동시),총액제,최저가격제,202408161030,20240816,낙찰
정정공고,LCM0051,2,37066,***,'24년 4분기 부대계약 영내자증식 구매,2024,LCM,육군교육사령부,제한경쟁,총액제,적격심사제,202408161030,20240816,낙찰
긴급공고,LHN0060,1,37786,***,00시설 중거리 카메라 제조설치,2024,LHN,제7보병사단,일반경쟁,총액제,적격심사제,202408161030,20240816,낙찰
긴급공고,LMU0037,1,36930,001,(24-급-035) `24-4차 부대계약 식자재(가공품류) 계약,2024,LMU,제7군수지원단,일반경쟁,단가제,적격심사제,202408161100,20240816,낙찰
긴급공고,LMU0039,1,36932,001,(24-급-037) `24-4차 부대계약 식자재(가공품류) 계약,2024,LMU,제7군수지원단,일반경쟁,단가제,적격심사제,202408161100,20240816,낙찰
긴급공고,LMU0041,1,37761,001,(24-급-036) `24-4차 부대계약 식자재(가공품류) 계약,2024,LMU,제7군수지원단,일반경쟁,단가제,적격심사제,202408161100,20240816,낙찰
재공고,SCF0760,2,28358,***,브레이크오일교환기 2EA 구매,2024,SCF,해군군수사령부,제한경쟁,총액제,적격심사제,202408161030,20240816,낙찰
정상공고,SDQ0088,1,37405,***,잉곳 주석 청동용 등 26종 구매,2024,SDQ,해군제2수리창,제한경쟁,총액제,적격심사제,202408161330,20240816,낙찰
정상공고,UAC0027,1,36864,***,인쇄재료 12종 수시 구매,2024,UAC,국방출판지원단,제한경쟁,총액제,적격심사제,202408161100,20240816,낙찰
정상공고,UAC0028,1,36871,***,디지털인쇄재료 1종 수시구매,2024,UAC,국방출판지원단,제한경쟁,총액제,적격심사제,202408161100,20240816,낙찰
정상공고,UMM1015,1,34561,***,24-N-승용식 5갱 모아 등 2종 구매,2024,UMM,국군재정관리단,제한경쟁,총액제,적격심사제,202408161100,20240816,낙찰
재공고,EPA0021,2,7000,***,TA-50 Block2 지원장비류,2024,EPA,항공기총괄계약팀,일반경쟁,총액제,적격심사제,202408141100,20240814,유찰
재공고,HCF0180,3,35628,***,장거리레이다 117K 기어함-전동기 등 2종 외주정비,2024,HCF,공군군수사령부,제한경쟁,총액제,적격심사제,202408141030,20240814,유찰
재공고,HDE0011,2,36894,***,안전조사용 무인항공기 등 3종 제조·구매(24-24),2024,HDE,공군항공안전단,제한경쟁,총액제,적격심사제,202408141030,20240814,유찰
긴급공고,LCF0499,1,35090,***,솔레노이드조립체 등 6항목 구매(자주포),2024,LCF,육군군수사령부,제한경쟁,총액제,적격심사제,202408141130,20240814,낙찰
긴급공고,LCF0501,1,35096,***,"클램프,호스용 등 14항목 제조(자주포)",2024,LCF,육군군수사령부,제한경쟁,총액제,적격심사제,202408141130,20240814,낙찰
긴급공고,LCF0502,1,35357,***,"손잡이,기관총용 등 4항목 구매(총포)",2024,LCF,육군군수사령부,제한경쟁,총액제,적격심사제,202408141130,20240814,유찰
긴급공고,LCF0503,1,35378,***,"베어링,볼형,환상형 등 8항목 구매(총포)",2024,LCF,육군군수사령부,제한경쟁,총액제,적격심사제,202408141130,20240814,낙찰
긴급공고,LCF0504,1,35520,***,"스프링,나선형,압축 등 44항목 제조(총포)",2024,LCF,육군군수사령부,제한경쟁,총액제,적격심사제,202408141130,20240814,낙찰
긴급공고,LCF0492,1,37092,***,230mm 창정비시설 관급(호이스트크레인) 제조설치,2024,LCF,육군군수사령부,일반경쟁,총액제,적격심사제,202408141100,20240814,낙찰
긴급공고,LCF0497,1,37239,***,"드라이버,시일용 등 17항목 구매(총포공구)",2024,LCF,육군군수사령부,제한경쟁,총액제,적격심사제,202408141030,20240814,낙찰
긴급공고,LCF0506,1,37573,***,"링,베어링용,외부용 등 14항목 구매(궤도-002)",2024,LCF,육군군수사령부,제한경쟁,총액제,적격심사제,202408141130,20240814,낙찰
긴급공고,LCF0505,1,37577,***,"펌프, 회전식 등 2항목 제조(기동-생산-044-재)",2024,LCF,육군군수사령부,제한경쟁,총액제,적격심사제,202408141030,20240814,유찰
긴급공고,LCF0507,1,37594,***,전압 조정기 등 14항목 구매(궤도-006),2024,LCF,육군군수사령부,제한경쟁,총액제,적격심사제,202408141130,20240814,유찰
긴급공고,LCF0508,1,37599,***,쐐기 등 18항목 구매(궤도-008),2024,LCF,육군군수사령부,제한경쟁,총액제,적격심사제,202408141130,20240814,유찰
긴급공고,LCF0509,1,37602,***,"필터 엘리먼트,유체용 등 11항목 구매(궤도-013)",2024,LCF,육군군수사령부,제한경쟁,총액제,적격심사제,202408141130,20240814,유찰
긴급공고,LCF0510,1,37607,***,"삽입기,나사용 등 33항목 구매(궤도-015)",2024,LCF,육군군수사령부,제한경쟁,총액제,적격심사제,202408141130,20240814,유찰
긴급공고,LCG0066,1,35119,***,[24-육-172] 미래 작전부대 지원에 적합한 신에너지,2024,LCG,육군본부,협상에의한계약(전자),총액제,최저가격제,202408141300,20240814,낙찰
긴급공고,LCM0055,1,37317,***,'24년 10~12월 부대계약 부식 제조(냉동빵),2024,LCM,육군교육사령부,제한경쟁,총액제,적격심사제,202408141030,20240814,유찰
긴급공고,LCM0056,1,37318,***,'24년 10~12월 부대계약 부식 제조(면류),2024,LCM,육군교육사령부,제한경쟁,총액제,적격심사제,202408141030,20240814,유찰
재공고,LDH0653,2,35769,***,(자재) 폴리우레탄코팅제(녹색) 구매,2024,LDH,육군종합정비창,제한경쟁,총액제,적격심사제,202408141300,20240814,유찰
정상공고,LDH0655,1,36278,***,"(화공) 아세틸렌,공업용 구매",2024,LDH,육군종합정비창,제한경쟁,총액제,적격심사제,202408141300,20240814,유찰
정상공고,LDH0662,1,36463,***,(일장) 장갑전투도자 튜브조립체 등 2품목 구매,2024,LDH,육군종합정비창,제한경쟁,총액제,적격심사제,202408141300,20240814,유찰
긴급공고,LGC0027,1,37580,***,24년 교육종합정보시스템 HW 및 SW 교체(리스자산),2024,LGC,육군학생군사학교,제한경쟁,총액제,적격심사제,202408141030,20240814,낙찰
재공고,LHQ0039,2,36494,***,24년 국가기술자격검정 굴삭기VR 운전시뮬레이터 구매,2024,LHQ,제2작전사령부,제한경쟁,총액제,적격심사제,202408141100,20240814,낙찰
정상공고,LKP0129,1,36731,***,24년 급식 민간위탁배송(부대조달 경남권),2024,LKP,5군수지원사령부,일반경쟁,총액제,적격심사제,202408141130,20240814,낙찰
긴급공고,LKT0064,1,34285,***,00소초 오수처리시설 신축 설계용역(95-3해),2024,LKT,제1989부대,2단계경쟁(동시),총액제,최저가격제,202408141100,20240814,유찰
긴급공고,LKT0067,1,37342,***,24-224차 데스크톱컴퓨터 제조납품,2024,LKT,제1989부대,제한경쟁,총액제,적격심사제,202408141030,20240814,유찰
긴급공고,LQG0062,1,37548,***,(육성) 00부대 야간투시경 제조 납품,2024,LQG,육군 52보병사단,제한경쟁,총액제,적격심사제,202408141300,20240814,유찰
긴급공고,SCF0813,1,32304,***,해병대 호흡조절기 검사수리기 2대 구매,2024,SCF,해군군수사령부,제한경쟁,총액제,적격심사제,202408141030,20240814,낙찰
재공고,SCF0785,2,32452,***,'24년 P-3 항공기 방빙장치 시간측정기 정비,2024,SCF,해군군수사령부,일반경쟁,총액제,적격심사제,202408141030,20240814,유찰
긴급공고,SCF0814,1,33238,***,육상 심해잠수훈련장비 외주정비],2024,SCF,해군군수사령부,일반경쟁,총액제,적격심사제,202408141030,20240814,순위확정
정상공고,UMM1012,1,29058,***,(246290-C) 5.56밀리 철사띠상자 등 3개 품목 제조,2024,UMM,국군재정관리단,제한경쟁,총액제,적격심사제,202408141100,20240814,유찰
정상공고,UMM1011,1,33415,***,(247052-H)통신사 등 3개지역 LAN 노후 교체사업,2024,UMM,국군재정관리단,일반경쟁,총액제,적격심사제,202408141100,20240814,낙찰
정상공고,UMM1005,1,33437,***,24-N-프레임 리프트 구매,2024,UMM,국군재정관리단,제한경쟁,총액제,적격심사제,202408141100,20240814,낙찰
정상공고,UMM1006,1,35916,***,"24-F-탐지기, 가스용 구매",2024,UMM,국군재정관리단,제한경쟁,총액제,적격심사제,202408141100,20240814,낙찰
정상공고,UMM1002,1,36158,***,24-D-인쇄용 워크플로우 구매,2024,UMM,국군재정관리단,일반경쟁,총액제,적격심사제,202408141100,20240814,낙찰
긴급공고,UMM1022,1,37005,***,(24F218-I) 식자재 민간위탁 배송용역(수도군단),2024,UMM,국군재정관리단,일반경쟁,총액제,적격심사제,202408141100,20240814,낙찰
긴급공고,UMM1023,1,37006,***,(24F220-I) 식자재 민간위탁 배송용역(8급양대),2024,UMM,국군재정관리단,일반경쟁,총액제,적격심사제,202408141100,20240814,유찰
긴급공고,UMM1016,1,37312,***,(24G233-A) 식기세척기 임차 용역,2024,UMM,국군재정관리단,제한경쟁,총액제,적격심사제,202408141100,20240814,낙찰
정상공고,EBB0314,1,8209D,***,"고무, 로드휠용(지명)",2024,EBB,지상공통전력운영계약팀,수의계약,총액제,적격심사제,202408131100,20240813,유찰
정상공고,EBH0115,1,0360A,***,PRC-96K부품(구매),2024,EBH,해상공중전력운영계약팀,일반경쟁,총액제,적격심사제,202408131500,20240813,낙찰
재공고,EBH0109,2,2092A,***,위성전군방공경보체계부품(제조),2024,EBH,해상공중전력운영계약팀,수의계약,총액제,적격심사제,202408131530,20240813,유찰
정상공고,EBH0113,1,2550,***,24년 천마 수리부속류(구매),2024,EBH,해상공중전력운영계약팀,일반경쟁,총액제,적격심사제,202408131100,20240813,낙찰
재공고,HCF0181,2,35835,***,'24~'25 F-15K SWMF 지원장비 유지보수,2024,HCF,공군군수사령부,제한경쟁,총액제,적격심사제,202408131030,20240813,낙찰
재공고,HCF0184,2,35836,***,'24~'25 KF-16 SWMF 지원장비 유지보수,2024,HCF,공군군수사령부,제한경쟁,총액제,적격심사제,202408131030,20240813,낙찰
긴급공고,HCF0194,1,36160,***,엘레본 서보 등 2종,2024,HCF,공군군수사령부,제한경쟁,총액제,적격심사제,202408131030,20240813,낙찰
긴급공고,HCL0053,1,36690,***,24-237 2학기 교과서,2024,HCL,공군사관학교,제한경쟁,총액제,적격심사제,202408131100,20240813,낙찰
정정공고,LBB0032,3,36875,001,"'24-2차 경축특식 (추석,국군의 날)(커피, 가공우유)",2024,LBB,육군제7789부대,제한경쟁,단가제,적격심사제,202408131030,20240813,낙찰
긴급공고,LBB0031,1,36885,001,'24-2차 경축특식(국군의 날)(초코 조각케이크),2024,LBB,육군제7789부대,제한경쟁,단가제,적격심사제,202408131030,20240813,유찰
긴급공고,LBB0030,1,36890,001,'24-2차 경축특식(추석)(떠먹는 티라미수),2024,LBB,육군제7789부대,제한경쟁,단가제,적격심사제,202408131030,20240813,유찰
긴급공고,LCF0498,1,12958,***,"드레인콕크,프라스틱제등21항목 생산능력제조(기장)",2024,LCF,육군군수사령부,제한경쟁,총액제,적격심사제,202408131030,20240813,유찰
긴급공고,LCF0495,1,35094,***,코크 등 85항목 제조(자주포),2024,LCF,육군군수사령부,제한경쟁,총액제,적격심사제,202408131130,20240813,유찰
긴급공고,LCF0493,1,36850,***,전자 구성품 조립체 등 2항목 일반제조(특무),2024,LCF,육군군수사령부,제한경쟁,총액제,적격심사제,202408131130,20240813,유찰
긴급공고,LDH0663,1,36808,***,화학작용제 탐지장비(K-CAM2) 시험장비 제조,2024,LDH,육군종합정비창,제한경쟁,총액제,적격심사제,202408131300,20240813,유찰
긴급공고,LGC0026,1,37403,***,24년 학군후보생 여행용 가방 제조납품,2024,LGC,육군학생군사학교,제한경쟁,총액제,적격심사제,202408131030,20240813,낙찰
긴급공고,LGI0064,1,36775,001,'24년 추석 경축특식(훈제닭다리) 구매,2024,LGI,제3군수지원여단,제한경쟁,단가제,적격심사제,202408131030,20240813,낙찰
긴급공고,LGI0065,1,36776,001,'24년 국군의날 경축특식(떠먹는티라미수) 구매,2024,LGI,제3군수지원여단,제한경쟁,단가제,적격심사제,202408131030,20240813,낙찰
긴급공고,LHQ0036,1,34049,***,24-전라제주-폐수-01 설계용역,2024,LHQ,제2작전사령부,2단계경쟁(동시),총액제,최저가격제,202408131100,20240813,낙찰
긴급공고,LMU0033,1,36674,001,(24-급-031) `24-2차 경축특식(훈제닭다리) 계약,2024,LMU,제7군수지원단,제한경쟁,단가제,적격심사제,202408131100,20240813,낙찰
긴급공고,LMU0034,1,36675,001,(24-급-032) `24-2차 경축특식(아이스모찌) 계약,2024,LMU,제7군수지원단,제한경쟁,단가제,적격심사제,202408131100,20240813,낙찰
긴급공고,LMU0035,1,36676,001,(24-급-033) `24-2차 경축특식(글레이즈드도넛) 계약,2024,LMU,제7군수지원단,제한경쟁,단가제,적격심사제,202408131100,20240813,낙찰
긴급공고,LMU0036,1,36677,001,(24-급-034) `24-2차 경축특식(크로플) 계약,2024,LMU,제7군수지원단,제한경쟁,단가제,적격심사제,202408131100,20240813,유찰
재공고,MDR0043,2,36371,***,'24년 000부대 계란등 140품목,2024,MDR,제9965부대,제한경쟁,총액제,적격심사제,202408131030,20240813,유찰
정상공고,MHD0067,1,32404,***,시험평가 인프라 구축 확대 및 종합 관리 방안 연구,2024,MHD,방위사업청(운영지원과),협상에의한계약(전자),총액제,최저가격제,202408131500,20240813,낙찰
재공고,MHD0071,2,33452,***,방산메일시스템 유지보수 사업,2024,MHD,방위사업청(운영지원과),협상에의한계약(전자),총액제,최저가격제,202408131500,20240813,낙찰
재공고,SCF0753,2,32417,***,해병대 드라이 세탁기 1대 구매,2024,SCF,해군군수사령부,제한경쟁,총액제,적격심사제,202408131030,20240813,유찰
재공고,SCF0751,2,32622,***,대잠RIB 엔진 정비,2024,SCF,해군군수사령부,일반경쟁,총액제,적격심사제,202408131030,20240813,낙찰
긴급공고,SCF0787,1,32888,***,실리콘 등 3종 구매,2024,SCF,해군군수사령부,제한경쟁,총액제,적격심사제,202408131030,20240813,낙찰
재공고,SCF0755,3,33913,***,잠수함 출입용 현문 사다리 정비,2024,SCF,해군군수사령부,일반경쟁,총액제,적격심사제,202408131030,20240813,유찰
재공고,SCF0772,2,34550,***,ㅇㅇ함 무인기뢰처리기 데빗트 외주정비,2024,SCF,해군군수사령부,일반경쟁,총액제,적격심사제,202408131030,20240813,낙찰
긴급공고,SCF0811,1,35919,001,차돌박이 구매,2024,SCF,해군군수사령부,제한경쟁,단가제,적격심사제,202408131030,20240813,낙찰
긴급공고,SCF0810,1,35957,001,냉동수육용삼겹살 구매,2024,SCF,해군군수사령부,제한경쟁,단가제,적격심사제,202408131030,20240813,낙찰
긴급공고,SCF0809,1,35963,001,대패삼겹살(냉동) 구매,2024,SCF,해군군수사령부,제한경쟁,단가제,적격심사제,202408131030,20240813,낙찰
긴급공고,SCF0808,1,35969,001,씻어나온쌀 구매,2024,SCF,해군군수사령부,제한경쟁,단가제,적격심사제,202408131030,20240813,낙찰
긴급공고,SCK0092,1,36394,***,공기청정기 필터 8종 제조 납품,2024,SCK,해군교육사령부,일반경쟁,총액제,적격심사제,202408131030,20240813,낙찰
긴급공고,SFC0091,1,36435,***,의무장비(의료용 중형 냉장고),2024,SFC,제9691부대,제한경쟁,총액제,적격심사제,202408131030,20240813,낙찰
긴급공고,SFC0090,1,36539,***,열선풍속계 등 2품목 구매,2024,SFC,제9691부대,제한경쟁,총액제,적격심사제,202408131030,20240813,낙찰
재공고,SFN0067,2,36627,***,24-Y-일반폐기물 처리 용역,2024,SFN,연평부대,제한경쟁,총액제,적격심사제,202408131030,20240813,낙찰
긴급공고,UAC0026,1,36764,***,디지털후가공시스템 구매,2024,UAC,국방출판지원단,일반경쟁,총액제,적격심사제,202408131100,20240813,낙찰
재공고,UMM0953,2,32451,***,24-N-UFS훈련 합동수송 실제훈련 선박 임차용역,2024,UMM,국군재정관리단,제한경쟁,총액제,적격심사제,202408131100,20240813,낙찰
긴급공고,UMM1019,1,32528,***,(246288-E) 음향장비세트 구매,2024,UMM,국군재정관리단,제한경쟁,총액제,적격심사제,202408131100,20240813,낙찰
재공고,UMM0988,2,34623,***,(246307-C) 피아식별띠 제조,2024,UMM,국군재정관리단,제한경쟁,총액제,적격심사제,202408131100,20240813,낙찰
정상공고,UMM1008,1,35086,***,(247322-C) 2인승 동력 PG 구매,2024,UMM,국군재정관리단,제한경쟁,총액제,적격심사제,202408131100,20240813,유찰
긴급공고,UMM1018,1,35746,***,(246305-E) '24년 착색장비(회전식 샌딩기) 구매,2024,UMM,국군재정관리단,제한경쟁,총액제,적격심사제,202408131100,20240813,낙찰
정상공고,UMM1004,1,36979,***,(24G034-H)정보체계 통합 유지보수 용역,2024,UMM,국군재정관리단,일반경쟁,총액제,적격심사제,202408131100,20240813,낙찰
정상공고,UMM1009,1,37074,***,(24F219-A) 식자재 민간위탁 배송 용역,2024,UMM,국군재정관리단,일반경쟁,총액제,적격심사제,202408131100,20240813,낙찰
정상공고,EKA0025,1,7010,***,"24년 기관단총,5.56mm,K1A",2024,EKA,기동총괄계약팀,지명경쟁,총액제,적격심사제,202408121030,20240812,낙찰
정상공고,ESA0004,1,9005,***,24년 보조전원공급기(30mm차륜형대공포용),2024,ESA,유도무기총괄계약팀,일반경쟁,총액제,적격심사제,202408121100,20240812,낙찰
긴급공고,HCQ0067,1,35786,***,'24년 김해기지 부대소개영상 제작 용역,2024,HCQ,공군제5공중기동비행단,협상에의한계약(전자),총액제,최저가격제,202408121500,20240812,낙찰
긴급공고,LCF0443,1,33829,***,지령수신기 시험세트 제조(특무),2024,LCF,육군군수사령부,2단계경쟁(동시),총액제,최저가격제,202408121400,20240812,유찰
긴급공고,LCF0494,1,37213,***,변속기 해드조립체 등 55항목 제조(일장-생산-015),2024,LCF,육군군수사령부,제한경쟁,총액제,적격심사제,202408121030,20240812,유찰
긴급공고,LCF0496,1,37228,***,해드세트 음향용 등 6항목 제조(일장-생산-016),2024,LCF,육군군수사령부,제한경쟁,총액제,적격심사제,202408121030,20240812,유찰
긴급공고,LCG0065,1,34615,***,[24-육-170] 안전문화 콘텐츠 제작,2024,LCG,육군본부,2단계경쟁(동시),총액제,최저가격제,202408121300,20240812,낙찰
긴급공고,LKH0026,1,37175,***,00해감대 개편시설공사(자동제어 제조설치),2024,LKH,제6128부대,일반경쟁,총액제,적격심사제,202408121030,20240812,낙찰
긴급공고,LPM0026,1,29977,***,9사단 사령부 병영식당 민간위탁 급식용역,2024,LPM,제9보병사단사령부,협상에의한계약(서류),총액제,최저가격제,202408121100,20240812,낙찰
긴급공고,MCD0049,1,35776,***,24년 국방부 공무직 재취업지원서비스,2024,MCD,국방부(운영지원과),협상에의한계약(전자),총액제,최저가격제,202408121700,20240812,유찰
긴급공고,MHD0076,1,35497,***,통신가설차 경미한 성능개량 사업분석,2024,MHD,방위사업청(운영지원과),협상에의한계약(전자),총액제,최저가격제,202408121500,20240812,낙찰
긴급공고,MHD0075,1,35498,***,120mm자주박격포 및 사격지휘차량 성능개량 사업분석,2024,MHD,방위사업청(운영지원과),협상에의한계약(전자),총액제,최저가격제,202408121500,20240812,낙찰
정상공고,MCR0051,1,35082,***,가스열펌프 배출가스 저감장치 구매(설치납품),2024,MCR,국방대학교,일반경쟁,총액제,적격심사제,202408091100,20240809,낙찰
재공고,MDG0170,2,33253,***,생물안전3등급실험실(BL-3) 운영 컨설팅 용역,2024,MDG,국군의무사령부,2단계경쟁(동시),총액제,최저가격제,202408091000,20240809,낙찰
정상공고,UMM0999,1,36665,***,"(246051-B1) 주전산기 교체사업(진급, 리스계약)",2024,UMM,국군재정관리단,일반경쟁,총액제,적격심사제,202408091100,20240809,낙찰
정상공고,EBH0110,1,0413A,***,PRC-999K부품(구매),2024,EBH,해상공중전력운영계약팀,일반경쟁,총액제,적격심사제,202408081100,20240808,낙찰
긴급공고,HDE0011,1,36894,***,안전조사용 무인항공기 등 3종 제조·구매(24-24),2024,HDE,공군항공안전단,제한경쟁,총액제,적격심사제,202408081030,20240808,유찰
긴급공고,LCF0482,1,35251,***,"어댑터,직선형,튜브및보스연결용등46항목제조(자주포)",2024,LCF,육군군수사령부,제한경쟁,총액제,적격심사제,202408081130,20240808,낙찰
긴급공고,LCF0485,1,35254,***,회로 차단기 등 24항목 제조(자주포),2024,LCF,육군군수사령부,제한경쟁,총액제,적격심사제,202408081130,20240808,낙찰
긴급공고,LCF0483,1,35263,***,"하우징,개방손잡이용 등 4항목 제조(자주포)",2024,LCF,육군군수사령부,제한경쟁,총액제,적격심사제,202408081130,20240808,낙찰
긴급공고,LCF0486,1,35264,***,케이블 조립체 등 62항목 제조(자주포),2024,LCF,육군군수사령부,제한경쟁,총액제,적격심사제,202408081130,20240808,낙찰
긴급공고,LCF0487,1,35265,***,"배선장치,갈래형 등 21항목 제조(자주포)",2024,LCF,육군군수사령부,제한경쟁,총액제,적격심사제,202408081130,20240808,낙찰
긴급공고,LCF0488,1,35266,***,설상화 등 3항목 제조(자주포),2024,LCF,육군군수사령부,제한경쟁,총액제,적격심사제,202408081130,20240808,낙찰
긴급공고,LCF0490,1,35267,***,"부싱,시일용 등 53항목 제조(자주포)",2024,LCF,육군군수사령부,제한경쟁,총액제,적격심사제,202408081130,20240808,유찰
긴급공고,LCF0484,1,35269,***,지지대 조립체 등 8항목 제조(자주포),2024,LCF,육군군수사령부,제한경쟁,총액제,적격심사제,202408081130,20240808,유찰
긴급공고,LCF0489,1,35313,***,"축압기,유압식 등 6항목 제조(자주포)",2024,LCF,육군군수사령부,제한경쟁,총액제,적격심사제,202408081130,20240808,낙찰
긴급공고,LCF0491,1,35319,***,"회전속도계,전자식 등 14항목 제조(자주포)",2024,LCF,육군군수사령부,제한경쟁,총액제,적격심사제,202408081130,20240808,유찰
정상공고,LDH0654,1,35782,***,(자재) 에폭시프라이머코팅키트 구매,2024,LDH,육군종합정비창,제한경쟁,총액제,적격심사제,202408081300,20240808,낙찰
긴급공고,LKF0055,1,36906,***,임차용 식기세착기 신규 계약 의뢰,2024,LKF,제6755부대,제한경쟁,총액제,적격심사제,202408081100,20240808,유찰
긴급공고,LKF0056,1,36922,***,24년 00부대 얼음정수기 임차용역,2024,LKF,제6755부대,일반경쟁,총액제,적격심사제,202408081100,20240808,낙찰
긴급공고,LQG0061,1,36928,***,(육성) 00부대 총기보관용 박스 제조 납품,2024,LQG,육군 52보병사단,제한경쟁,총액제,적격심사제,202408081030,20240808,낙찰
긴급공고,MHD0073,1,34783,***,지휘헬기-II 기종결정 평가방안에 관한 정책연구용역,2024,MHD,방위사업청(운영지원과),협상에의한계약(전자),총액제,최저가격제,202408081500,20240808,낙찰
긴급공고,SCF0807,1,33589,***,수성백색페인트 등 2종 구매,2024,SCF,해군군수사령부,제한경쟁,총액제,적격심사제,202408081030,20240808,낙찰
긴급공고,SCF0805,1,35982,***,함정 선체(갑판) 청락/도장 용역,2024,SCF,해군군수사령부,일반경쟁,총액제,적격심사제,202408081030,20240808,낙찰
긴급공고,SCF0806,1,36253,***,(긴급)Binder 등 2종,2024,SCF,해군군수사령부,제한경쟁,총액제,적격심사제,202408081030,20240808,낙찰
긴급공고,SFC0088,1,36828,***,디지털 전용지 등 18품목 구매,2024,SFC,제9691부대,제한경쟁,총액제,적격심사제,202408081030,20240808,낙찰
정상공고,UMM0995,1,24276,***,24-D-바이올린 등 7종 구매,2024,UMM,국군재정관리단,제한경쟁,총액제,적격심사제,202408081100,20240808,낙찰
재공고,UMM0875,2,27204,***,24-M-총포류 부속품(소음/소염기) 구매,2024,UMM,국군재정관리단,일반경쟁,총액제,적격심사제,202408081100,20240808,유찰
정상공고,UMM0997,1,34478,***,(246057-G) 24년도 국방망 사이버 위협정찰도구 구매,2024,UMM,국군재정관리단,제한경쟁,총액제,적격심사제,202408081100,20240808,낙찰
긴급공고,UMM1001,1,36597,***,(24F206-I) 기화성 부식방지제 활용 치장용역,2024,UMM,국군재정관리단,일반경쟁,총액제,적격심사제,202408081100,20240808,낙찰
재공고,EBH0101,2,0810G,***,24년 대포병탐지레이더 부품(구매)(A),2024,EBH,해상공중전력운영계약팀,일반경쟁,총액제,적격심사제,202408071030,20240807,유찰
재공고,EBH0102,2,0811G,***,24년 대포병탐지레이더 부품(구매)(B),2024,EBH,해상공중전력운영계약팀,제한경쟁,총액제,적격심사제,202408071030,20240807,유찰
재공고,EBH0097,2,8618,***,24년 현궁 부품(축전지류),2024,EBH,해상공중전력운영계약팀,수의계약,총액제,적격심사제,202408071300,20240807,순위확정
긴급공고,HCF0181,1,35835,***,'24~'25 F-15K SWMF 지원장비 유지보수,2024,HCF,공군군수사령부,제한경쟁,총액제,적격심사제,202408071030,20240807,유찰
긴급공고,HCF0184,1,35836,***,'24~'25 KF-16 SWMF 지원장비 유지보수,2024,HCF,공군군수사령부,제한경쟁,총액제,적격심사제,202408071030,20240807,유찰
긴급공고,HDF0054,1,36730,***,[복지대대] ‘24-2차 병사식당 자율운영급식,2024,HDF,공군 제8전투비행단,제한경쟁,총액제,적격심사제,202408071100,20240807,낙찰
긴급공고,LBA0058,1,36662,***,'24년 유류시험장비 구매,2024,LBA,제 2167부대,일반경쟁,총액제,적격심사제,202408071100,20240807,낙찰
정상공고,LDH0638,1,34773,***,24-9차 정비용 장비 부품 구매,2024,LDH,육군종합정비창,제한경쟁,총액제,적격심사제,202408071300,20240807,낙찰
정상공고,LDH0639,1,34845,***,(자재) 특수윤활유 모리코트 구매,2024,LDH,육군종합정비창,제한경쟁,총액제,적격심사제,202408071300,20240807,낙찰
정상공고,LDH0641,1,35368,***,"(기동) 거울조립체,후사경용 등 44종 구매",2024,LDH,육군종합정비창,제한경쟁,총액제,적격심사제,202408071300,20240807,유찰
정상공고,LDH0651,1,35370,***,통신 변압기 등 9종 구매,2024,LDH,육군종합정비창,제한경쟁,총액제,적격심사제,202408071300,20240807,낙찰
정상공고,LDH0652,1,35374,***,통신 계전기 등 16종 구매,2024,LDH,육군종합정비창,제한경쟁,총액제,적격심사제,202408071300,20240807,유찰
정상공고,LDH0642,1,35375,***,"(기동) T형관,파이프 및 튜브연결용 등 6종 구매",2024,LDH,육군종합정비창,제한경쟁,총액제,적격심사제,202408071300,20240807,유찰
정상공고,LDH0647,1,35377,***,통신 캐패시터(012768069) 구매,2024,LDH,육군종합정비창,제한경쟁,총액제,적격심사제,202408071300,20240807,낙찰
정상공고,LDH0643,1,35626,***,(자재) 제재목 등 2종 구매,2024,LDH,육군종합정비창,제한경쟁,총액제,적격심사제,202408071300,20240807,낙찰
정정공고,LGP0121,2,35951,001,24-2차 경축특식 제조(초코조각케익),2024,LGP,제1군수지원사령부,제한경쟁,단가제,적격심사제,202408071100,20240807,낙찰
정정공고,LGP0125,2,35952,001,24-2차 경축특식 다수품목 단가계약,2024,LGP,제1군수지원사령부,제한경쟁,단가제,적격심사제,202408071100,20240807,낙찰
정정공고,LGP0122,2,36673,001,24-2차 경축특식 제조(아이스 롤케익),2024,LGP,제1군수지원사령부,제한경쟁,단가제,적격심사제,202408071100,20240807,낙찰
정정공고,LGP0123,2,36683,001,24-2차 경축특식 제조(도넛),2024,LGP,제1군수지원사령부,제한경쟁,단가제,적격심사제,202408071100,20240807,낙찰
정정공고,LGP0124,2,36693,001,24-2차 경축특식 제조(냉동슈),2024,LGP,제1군수지원사령부,제한경쟁,단가제,적격심사제,202408071100,20240807,낙찰
긴급공고,LHQ0039,1,36494,***,24년 국가기술자격검정 굴삭기VR 운전시뮬레이터 구매,2024,LHQ,제2작전사령부,제한경쟁,총액제,적격심사제,202408071100,20240807,유찰
긴급공고,LHR0036,1,33622,***,사단 간부숙소 신축 선행연구 용역,2024,LHR,육군 제37보병사단,2단계경쟁(동시),총액제,최저가격제,202408071030,20240807,낙찰
정상공고,LKG0077,1,36755,***,"126여단 3,5대대 개편(자동제어 제조설치)",2024,LKG,육군제53보병사단,제한경쟁,총액제,적격심사제,202408071100,20240807,낙찰
정상공고,LKP0126,1,35823,001,'24년 추석 경축특식(마카롱) 제조,2024,LKP,5군수지원사령부,제한경쟁,단가제,적격심사제,202408071030,20240807,낙찰
정상공고,LKP0127,1,36216,001,'24년 국군의 날 경축특식(냉동조각케이크) 제조,2024,LKP,5군수지원사령부,제한경쟁,단가제,적격심사제,202408071030,20240807,낙찰
긴급공고,SCF0803,1,36689,***,부이 92EA 제조,2024,SCF,해군군수사령부,제한경쟁,총액제,적격심사제,202408071030,20240807,낙찰
긴급공고,SCF0804,1,36727,***,'24년 다중복합감시체계 유지보수 용역,2024,SCF,해군군수사령부,일반경쟁,총액제,적격심사제,202408071030,20240807,순위확정
긴급공고,SCK0090,1,35914,***,마약검사 키트(6종) 구매,2024,SCK,해군교육사령부,일반경쟁,총액제,적격심사제,202408071030,20240807,낙찰
정상공고,SFD0071,1,36057,***,24-P-용-04 부대이전사업 전략환경영향평가 용역,2024,SFD,제9227부대,제한경쟁,총액제,적격심사제,202408071030,20240807,낙찰
긴급공고,SFN0067,1,36627,***,24-Y-일반폐기물 처리 용역,2024,SFN,연평부대,제한경쟁,총액제,적격심사제,202408071030,20240807,유찰
정상공고,UMM0986,1,23832,***,(246250-C) 원격교육 스튜디오 교체사업,2024,UMM,국군재정관리단,일반경쟁,총액제,적격심사제,202408071100,20240807,낙찰
정상공고,UMM0982,1,26228,***,24-D-트레일러 2종 제조,2024,UMM,국군재정관리단,제한경쟁,총액제,적격심사제,202408071100,20240807,순위확정
재공고,UMM0922,2,26979,***,"(246256-E) 조끼, 방탄복 3형 등 5항목 제조",2024,UMM,국군재정관리단,일반경쟁,총액제,적격심사제,202408071100,20240807,낙찰
정상공고,UMM0992,1,27582,***,(247230-D)환자시뮬레이터 구매,2024,UMM,국군재정관리단,제한경쟁,총액제,적격심사제,202408071100,20240807,낙찰
긴급공고,UMM0937,1,28261,***,24-F-자동혈구계산기  구매,2024,UMM,국군재정관리단,제한경쟁,총액제,적격심사제,202408071100,20240807,낙찰
정상공고,UMM0990,1,33428,***,(246248-C) 모바일기기 증거분석 교체(HW)(리스자산),2024,UMM,국군재정관리단,제한경쟁,총액제,적격심사제,202408071100,20240807,낙찰
정상공고,UMM0989,1,34120,***,(246313-C) 육군 상장용지 제조,2024,UMM,국군재정관리단,제한경쟁,총액제,적격심사제,202408071100,20240807,낙찰
정상공고,UMM0993,1,34160,***,24-F-중량랙(단일형)하부 등 27품목 제조,2024,UMM,국군재정관리단,일반경쟁,총액제,적격심사제,202408071100,20240807,낙찰
정상공고,UMM0988,1,34623,***,(246307-C) 피아식별띠 제조,2024,UMM,국군재정관리단,제한경쟁,총액제,적격심사제,202408071100,20240807,유찰
정상공고,UMM0994,1,36275,***,24-F-교환기 교체 사업,2024,UMM,국군재정관리단,일반경쟁,총액제,적격심사제,202408071100,20240807,낙찰
정상공고,EBB0312,1,1627,***,궤도장비 방열기,2024,EBB,지상공통전력운영계약팀,일반경쟁,총액제,적격심사제,202408061400,20240806,낙찰
정상공고,EBH0108,1,2013,***,송수화기(H-920K) 및 부품(제조),2024,EBH,해상공중전력운영계약팀,수의계약,총액제,적격심사제,202408061100,20240806,유찰
정상공고,EBH0109,1,2092A,***,위성전군방공경보체계부품(제조),2024,EBH,해상공중전력운영계약팀,수의계약,총액제,적격심사제,202408061500,20240806,유찰
긴급공고,HCM0060,1,36415,***,24-07-054 초음파진단기 사단용 1품목,2024,HCM,공군교육사령부,제한경쟁,총액제,적격심사제,202408061030,20240806,낙찰
재공고,HDI0008,2,22001,***,마스트 등 2종 구매,2024,HDI,공군83정보통신정비창,일반경쟁,총액제,적격심사제,202408061030,20240806,유찰
재공고,LCF0446,2,34340,***,"차폐 개스킷,전자식 등 34항목 구매(특무)",2024,LCF,육군군수사령부,제한경쟁,총액제,적격심사제,202408061130,20240806,낙찰
긴급공고,LCF0479,1,34877,***,내부투시기 1품목 구매(통신),2024,LCF,육군군수사령부,제한경쟁,총액제,적격심사제,202408061100,20240806,낙찰
긴급공고,LCF0478,1,34988,***,24년 대테러장비(소총 전술라이트) 구매,2024,LCF,육군군수사령부,2단계경쟁(동시),총액제,최저가격제,202408061700,20240806,낙찰
긴급공고,LCF0473,1,35194,***,제어함 등 6항목 구매(자주포),2024,LCF,육군군수사령부,일반경쟁,총액제,적격심사제,202408061130,20240806,낙찰
긴급공고,LCF0466,1,35206,***,전자 구성품 조립체 등 9항목 구매(자주포),2024,LCF,육군군수사령부,일반경쟁,총액제,적격심사제,202408061130,20240806,낙찰
긴급공고,LCF0472,1,35210,***,"필터,무선주파수 혼신용 등 9항목 구매(자주포)",2024,LCF,육군군수사령부,일반경쟁,총액제,적격심사제,202408061130,20240806,낙찰
긴급공고,LCF0471,1,35217,***,"집적회로,디지털형 등 16항목 구매(자주포)",2024,LCF,육군군수사령부,일반경쟁,총액제,적격심사제,202408061130,20240806,낙찰
긴급공고,LCF0470,1,35223,***,회로카드 조립체 등 7항목 구매(자주포),2024,LCF,육군군수사령부,일반경쟁,총액제,적격심사제,202408061130,20240806,낙찰
긴급공고,LCF0475,1,35230,***,"브래킷,설치용 등 23항목 제조(자주포)",2024,LCF,육군군수사령부,제한경쟁,총액제,적격심사제,202408061130,20240806,낙찰
긴급공고,LCF0465,1,35334,***,"케이스,비설치형 나침판용 등 6항목 구매(총포)",2024,LCF,육군군수사령부,제한경쟁,총액제,적격심사제,202408061130,20240806,유찰
긴급공고,LCF0464,1,35336,***,"발진기,수정제어형(발진기) 등 4항목 구매(총포)",2024,LCF,육군군수사령부,제한경쟁,총액제,적격심사제,202408061130,20240806,유찰
긴급공고,LCF0469,1,35359,***,제습포 등 16항목 구매(총포),2024,LCF,육군군수사령부,일반경쟁,총액제,적격심사제,202408061130,20240806,유찰
긴급공고,LCF0463,1,35360,***,"회로카드조립체, 주제어용 등 16항목 구매(총포)",2024,LCF,육군군수사령부,제한경쟁,총액제,적격심사제,202408061130,20240806,유찰
긴급공고,LCF0468,1,35363,***,"조종간,자료입력용 등 10항목 구매(총포)",2024,LCF,육군군수사령부,일반경쟁,총액제,적격심사제,202408061130,20240806,낙찰
긴급공고,LCF0462,1,35364,***,비금속제 특수형 단면 등 17항목 구매(총포),2024,LCF,육군군수사령부,제한경쟁,총액제,적격심사제,202408061130,20240806,낙찰
긴급공고,LCF0461,1,35367,***,"축전기,고정식,세라믹 유전체형 등 13항목 구매(총포)",2024,LCF,육군군수사령부,제한경쟁,총액제,적격심사제,202408061130,20240806,유찰
긴급공고,LCF0460,1,35372,***,"지지대,사격통제 장치 구성품용 등 9항목 구매(총포)",2024,LCF,육군군수사령부,제한경쟁,총액제,적격심사제,202408061130,20240806,유찰
긴급공고,LCF0467,1,35380,***,"영상 변환관,야시용 등 2항목 구매(총포)",2024,LCF,육군군수사령부,일반경쟁,총액제,적격심사제,202408061130,20240806,유찰
긴급공고,LCF0459,1,35395,***,"사격부속장치,공포탄용 등 158항목 제조(총포)",2024,LCF,육군군수사령부,제한경쟁,총액제,적격심사제,202408061130,20240806,유찰
긴급공고,LCF0474,1,35400,***,롤러 등 80항목 제조(총포),2024,LCF,육군군수사령부,제한경쟁,총액제,적격심사제,202408061130,20240806,낙찰
긴급공고,LCF0477,1,35404,***,"망원경,엘보형 등 1항목 특수 제조(총포)",2024,LCF,육군군수사령부,제한경쟁,총액제,적격심사제,202408061130,20240806,유찰
긴급공고,LCG0070,1,35646,***,[24-육-173] 영상분석 SW 라이선스 구매(리스물건),2024,LCG,육군본부,제한경쟁,총액제,적격심사제,202408061230,20240806,낙찰
재공고,LDH0636,2,34466,***,(일장) 교량가설단정 선박항해용 등 25품목 구매,2024,LDH,육군종합정비창,제한경쟁,총액제,적격심사제,202408061300,20240806,낙찰
정정공고,LFC0054,2,35975,***,육훈소 유입 변압기 제조 및 납품,2024,LFC,육군훈련소,일반경쟁,총액제,적격심사제,202408061030,20240806,낙찰
긴급공고,LHQ0037,1,35125,***,항공작전망 무선통합제어(RCU)체계 구축,2024,LHQ,제2작전사령부,일반경쟁,총액제,적격심사제,202408061100,20240806,낙찰
긴급공고,LIK0060,1,35568,001,'24년 부대계약 부식(10~12월)(빵류) 제조,2024,LIK,제2군수지원여단,제한경쟁,단가제,적격심사제,202408061030,20240806,유찰
정상공고,LIK0056,1,35976,001,'24년 경축특식(추석) 아이스모찌 제조/구매,2024,LIK,제2군수지원여단,제한경쟁,단가제,적격심사제,202408061030,20240806,낙찰
정상공고,LKP0124,1,36003,***,'24년 2차 화공가스류 구매,2024,LKP,5군수지원사령부,제한경쟁,총액제,적격심사제,202408061100,20240806,낙찰
정상공고,LKP0125,1,36049,***,24년 급식 민간위탁배송(부대조달 경북권),2024,LKP,5군수지원사령부,일반경쟁,총액제,적격심사제,202408061330,20240806,낙찰
긴급공고,LMP0033,1,36550,***,'24~27년 얼음정수기 임차용역,2024,LMP,제3보병사단,일반경쟁,총액제,적격심사제,202408061100,20240806,낙찰
정상공고,MDG0182,1,34601,***,병영도서관 도서 구매,2024,MDG,국군의무사령부,제한경쟁,총액제,적격심사제,202408061100,20240806,낙찰
긴급공고,MDR0042,1,36367,***,'24년 000부대 소고기 등심 등 13품목,2024,MDR,제9965부대,제한경쟁,총액제,적격심사제,202408061030,20240806,낙찰
긴급공고,MDR0043,1,36371,***,'24년 000부대 계란등 140품목,2024,MDR,제9965부대,제한경쟁,총액제,적격심사제,202408061030,20240806,유찰
재공고,SCF0733,2,25123,***,기중기정 크레인 외주정비,2024,SCF,해군군수사령부,일반경쟁,총액제,적격심사제,202408061030,20240806,낙찰
재공고,SCF0697,3,25524,***,"커플링, 축용, 가요성용 1종 구매",2024,SCF,해군군수사령부,제한경쟁,총액제,적격심사제,202408061030,20240806,순위확정
긴급공고,SCF0791,1,30619,***,자동전압조절기 구매,2024,SCF,해군군수사령부,제한경쟁,총액제,적격심사제,202408061030,20240806,순위확정
긴급공고,SCF0793,1,30671,***,"케이블조립체, 특수목적용,전기용 1종 구매",2024,SCF,해군군수사령부,제한경쟁,총액제,적격심사제,202408061030,20240806,낙찰
긴급공고,SCF0795,1,30687,***,오토미션오일교환기 2EA 구매,2024,SCF,해군군수사령부,제한경쟁,총액제,적격심사제,202408061030,20240806,낙찰
긴급공고,SCF0796,1,30699,***,"갑판피복,경량급,미끄럼방지용 1종 제조",2024,SCF,해군군수사령부,제한경쟁,총액제,적격심사제,202408061030,20240806,유찰
재공고,SCF0768,2,30799,***,"세척키트, 총포용 2종 제조",2024,SCF,해군군수사령부,제한경쟁,총액제,적격심사제,202408061030,20240806,낙찰
긴급공고,SCF0792,1,31689,***,고배율 관측경 구매,2024,SCF,해군군수사령부,제한경쟁,총액제,적격심사제,202408061030,20240806,낙찰
긴급공고,SCF0797,1,32225,***,통통작키 1대 구매,2024,SCF,해군군수사령부,제한경쟁,총액제,적격심사제,202408061030,20240806,순위확정
긴급공고,SCF0794,1,32890,***,금속탐지기,2024,SCF,해군군수사령부,제한경쟁,총액제,적격심사제,202408061030,20240806,낙찰
긴급공고,SCF0799,1,33422,***,00창 비닐 등 117종 구매,2024,SCF,해군군수사령부,제한경쟁,총액제,적격심사제,202408061030,20240806,낙찰
긴급공고,SCF0798,1,33605,***,목재각끌기 2SET 구매,2024,SCF,해군군수사령부,제한경쟁,총액제,적격심사제,202408061030,20240806,낙찰
긴급공고,SCF0790,1,34354,***,합성고무 보온재 등 4품목 구매,2024,SCF,해군군수사령부,제한경쟁,총액제,적격심사제,202408061030,20240806,낙찰
긴급공고,SCF0789,1,34549,***,"(긴급) 실린더, 작동용, 선형 1종",2024,SCF,해군군수사령부,제한경쟁,총액제,적격심사제,202408061030,20240806,낙찰
긴급공고,SCF0802,1,34667,***,'24년 잠수장비세트(FADS) 외주정비,2024,SCF,해군군수사령부,일반경쟁,총액제,적격심사제,202408061030,20240806,유찰
긴급공고,SCF0786,1,34763,***,"(긴급) 펌프, 원심식 등 3종",2024,SCF,해군군수사령부,제한경쟁,총액제,적격심사제,202408061030,20240806,낙찰
정정공고,SCF0800,2,35561,***,"(긴급)판,금속제 등 3종",2024,SCF,해군군수사령부,제한경쟁,총액제,적격심사제,202408061030,20240806,낙찰
긴급공고,SCF0788,1,35953,***,해상-호크나이프 91EA 구매,2024,SCF,해군군수사령부,제한경쟁,총액제,적격심사제,202408061030,20240806,낙찰
재공고,SFM0067,2,35475,***,24-S-01 지정폐기물 처리 용역,2024,SFM,제3170부대,제한경쟁,총액제,적격심사제,202408061030,20240806,유찰
긴급공고,UDA0014,1,35929,***,24년 전차훈련용 폭음기 구매,2024,UDA,제3190부대,제한경쟁,총액제,적격심사제,202408061100,20240806,낙찰
정상공고,UMM0981,1,26108,***,24-F-케이블 등 7종 구매,2024,UMM,국군재정관리단,제한경쟁,총액제,적격심사제,202408061100,20240806,낙찰
정상공고,UMM0976,1,26355,***,24-N-밸브시험기 구매,2024,UMM,국군재정관리단,제한경쟁,총액제,적격심사제,202408061100,20240806,낙찰
정상공고,UMM0980,1,28502,***,(247045-H)정보보호장비(방화벽) 교체사업(리스자산),2024,UMM,국군재정관리단,제한경쟁,총액제,적격심사제,202408061100,20240806,낙찰
정상공고,UMM0974,1,30587,***,24-F-CNC방전가공기 구매,2024,UMM,국군재정관리단,제한경쟁,총액제,적격심사제,202408061100,20240806,낙찰
정상공고,UMM0977,1,32510,***,24-N-자동목재대패기 구매,2024,UMM,국군재정관리단,제한경쟁,총액제,적격심사제,202408061100,20240806,낙찰
정상공고,UMM0979,1,35623,***,(247038-H)출입통제체계 교체 사업(리스자산),2024,UMM,국군재정관리단,일반경쟁,총액제,적격심사제,202408061100,20240806,낙찰
정상공고,UMM0985,1,35736,***,(24F163-I) 24년 얼음 냉온정수기 임차,2024,UMM,국군재정관리단,제한경쟁,총액제,적격심사제,202408061100,20240806,낙찰
긴급공고,UMM0996,1,36187,***,24-F-1차 브리핑시스템 도입사업 금융리스,2024,UMM,국군재정관리단,일반경쟁,총액제,최저가격제,202408061100,20240806,낙찰
정상공고,DSS0040,1,35864,***,전산자료 보완관리시스템 구매(S/W)(리스물건),2024,DSS,국군제1068부대,지명경쟁,총액제,최저가격제,202408051030,20240805,낙찰
긴급공고,MDD0102,1,35262,***,2024년 외과장비운영소모품(5-1) 4품목 구매(2),2024,MDD,국군수도병원,제한경쟁,총액제,적격심사제,202408051200,20240805,유찰
긴급공고,SFC0087,1,36153,***,24-덕-수송정 1척 이송 예인 용역(2),2024,SFC,제9691부대,제한경쟁,총액제,적격심사제,202408051100,20240805,낙찰
정상공고,UMM0971,1,34905,***,24-N-탄약정비용 집진기 제조(248192-F),2024,UMM,국군재정관리단,제한경쟁,총액제,적격심사제,202408051100,20240805,낙찰
정상공고,EAD0001,1,24C01,***,국제상업 해상운송(미동부지역),2024,EAD,북미지역협력담당관,일반경쟁,단가제,적격심사제,202408021430,20240802,낙찰
정상공고,EAD0002,1,24C02,***,국제상업 해상운송(미서부지역),2024,EAD,북미지역협력담당관,일반경쟁,단가제,적격심사제,202408021430,20240802,낙찰
정정공고,EAD0003,2,24C03,***,국제상업 해상운송(유럽1지역),2024,EAD,북미지역협력담당관,일반경쟁,단가제,적격심사제,202408021430,20240802,낙찰
정정공고,EAD0004,2,24C04,***,국제상업 해상운송(유럽2지역),2024,EAD,북미지역협력담당관,일반경쟁,단가제,적격심사제,202408021430,20240802,낙찰
정정공고,EAD0005,2,24C05,***,국제상업 해상운송(아시아지역),2024,EAD,북미지역협력담당관,일반경쟁,단가제,적격심사제,202408021430,20240802,낙찰
정정공고,EAD0006,2,24C06,***,국제상업 항공운송(유럽지역),2024,EAD,북미지역협력담당관,일반경쟁,단가제,적격심사제,202408021430,20240802,낙찰
정정공고,EAD0007,2,24C07,***,국제상업 항공운송(미국및기타지역),2024,EAD,북미지역협력담당관,일반경쟁,단가제,적격심사제,202408021430,20240802,낙찰
정상공고,EBH0107,1,2556J,***,24년 천마 공기조절기 정비,2024,EBH,해상공중전력운영계약팀,수의계약,총액제,적격심사제,202408021400,20240802,순위확정
정상공고,EBH0105,1,2E520,***,24년 일반/통신장비 커버류,2024,EBH,해상공중전력운영계약팀,제한경쟁,총액제,적격심사제,202408021100,20240802,낙찰
정상공고,EKA0023,1,4320,***,일반공구류(차륜형지휘소용차량 2차양산),2024,EKA,기동총괄계약팀,일반경쟁,총액제,적격심사제,202408021430,20240802,낙찰
정상공고,EKA0024,1,9680,***,"천막,일반전투용",2024,EKA,기동총괄계약팀,제한경쟁,총액제,적격심사제,202408021030,20240802,낙찰
재공고,LCF0439,2,32988,***,"호스,공기흡입용 등 18항목 구매(화생방)",2024,LCF,육군군수사령부,제한경쟁,총액제,적격심사제,202408021600,20240802,유찰
재공고,LCF0436,2,33000,***,"판,설치용 등 33항목 구매(화생방)",2024,LCF,육군군수사령부,제한경쟁,총액제,적격심사제,202408021600,20240802,낙찰
재공고,LCF0437,2,33001,***,배전반 등 13항목 구매(화생방),2024,LCF,육군군수사령부,제한경쟁,총액제,적격심사제,202408021600,20240802,낙찰
재공고,LCF0438,2,33002,***,"개스킷,수통 마개용 등 21항목 구매(화생방)",2024,LCF,육군군수사령부,제한경쟁,총액제,적격심사제,202408021600,20240802,유찰
재공고,LCF0435,2,33005,***,수집액 등 8항목 구매(화생방),2024,LCF,육군군수사령부,일반경쟁,총액제,적격심사제,202408021600,20240802,유찰
긴급공고,LCF0447,1,34544,***,작업대 등 2항목 구매(기일공구),2024,LCF,육군군수사령부,제한경쟁,총액제,적격심사제,202408021600,20240802,낙찰
긴급공고,LCF0453,1,35227,***,"엘보, 파이프용 등 13항목 생산능력확인제조(화생방)",2024,LCF,육군군수사령부,제한경쟁,총액제,적격심사제,202408021600,20240802,유찰
긴급공고,LCF0454,1,35347,***,"프레임부분품,구조물,차량용 등 14항목 제조(화생방)",2024,LCF,육군군수사령부,제한경쟁,총액제,적격심사제,202408021600,20240802,유찰
긴급공고,LCF0457,1,35721,***,"공구키트,포탑 정비공용 1항목 제조(총포공구)",2024,LCF,육군군수사령부,제한경쟁,총액제,적격심사제,202408021600,20240802,낙찰
정상공고,LIK0054,1,34632,001,'24년 경축특식(국군의 날) 조각케익 제조,2024,LIK,제2군수지원여단,제한경쟁,단가제,적격심사제,202408021030,20240802,낙찰
정상공고,MGO0006,1,34681,***,헬기 이착함 유도등장치 운용성 향상,2024,MGO,국방기술품질원,2단계경쟁(동시),총액제,최저가격제,202408021500,20240802,낙찰
재공고,UMM0845,2,28370,***,(24F061-A)  음식물류 쓰레기 폐기물 위탁처리 용역,2024,UMM,국군재정관리단,제한경쟁,총액제,적격심사제,202408021100,20240802,낙찰
정상공고,UMM0973,1,30070,***,(247044-H)노후 화상회의시스템 교체(리스자산),2024,UMM,국군재정관리단,일반경쟁,총액제,적격심사제,202408021100,20240802,낙찰
정상공고,UMM0967,1,32161,***,24-N-근속30주년 기념 배지 제조(248200-F),2024,UMM,국군재정관리단,일반경쟁,총액제,적격심사제,202408021100,20240802,낙찰
정상공고,EBB0311,1,3035A,***,24년 공용화기 부품류(제조),2024,EBB,지상공통전력운영계약팀,일반경쟁,총액제,적격심사제,202408011100,20240801,낙찰
재공고,EBB0255,3,8355,***,'24년 타이어체인,2024,EBB,지상공통전력운영계약팀,수의계약,총액제,적격심사제,202408011100,20240801,유찰
재공고,EBH0100,2,8630,***,24년 현궁 발사통제장비 부품(구매),2024,EBH,해상공중전력운영계약팀,수의계약,총액제,적격심사제,202408011300,20240801,유찰
정상공고,EPA0021,1,7000,***,TA-50 Block2 지원장비류,2024,EPA,항공기총괄계약팀,일반경쟁,총액제,적격심사제,202408011100,20240801,유찰
정상공고,HCG0035,1,32159,***,24-참모총장배 드론 경연대회(드론클래쉬)운영용역,2024,HCG,공군본부,협상에의한계약(전자),총액제,최저가격제,202408011100,20240801,유찰
정상공고,HCG0034,1,32167,***,24-참모총장배 드론 경연대회(드론축구)운영용역,2024,HCG,공군본부,협상에의한계약(전자),총액제,최저가격제,202408011100,20240801,유찰
정상공고,HCG0037,1,32791,***,24-첨단기술활용한 피아식별(인원) 방안연구 용역,2024,HCG,공군본부,2단계경쟁(동시),총액제,최저가격제,202408011100,20240801,유찰
긴급공고,HCL0052,1,34648,***,24-200 파우더형 3D 프린터 등 4종,2024,HCL,공군사관학교,제한경쟁,총액제,적격심사제,202408011100,20240801,낙찰
긴급공고,LCF0458,1,14611,***,개스킷 등 46항목 구매(일장-021),2024,LCF,육군군수사령부,제한경쟁,총액제,적격심사제,202408011030,20240801,순위확정
긴급공고,LCG0063,1,33242,***,[24-육-160] 군 보수체계 개선을 위한 연구,2024,LCG,육군본부,2단계경쟁(동시),총액제,최저가격제,202408011300,20240801,낙찰
정상공고,LDH0637,1,34559,***,(특무) 오리콘 패킹 등 35품목 구매,2024,LDH,육군종합정비창,제한경쟁,총액제,적격심사제,202408011300,20240801,낙찰
긴급공고,LNQ0035,1,35839,***,"주거대보수 아파트 완제품(신발장,붙박이장)",2024,LNQ,제17보병사단,제한경쟁,총액제,적격심사제,202408011100,20240801,낙찰
긴급공고,LNQ0036,1,35840,***,주거대보수 아파트 완제품(싱크대) 제조설치납품,2024,LNQ,제17보병사단,제한경쟁,총액제,적격심사제,202408011100,20240801,낙찰
정상공고,MDG0170,1,33253,***,생물안전3등급실험실(BL-3) 운영 컨설팅 용역,2024,MDG,국군의무사령부,2단계경쟁(동시),총액제,최저가격제,202408011000,20240801,유찰
재공고,SCF0726,3,20129,***,육상훈련장 호흡용 고압공기압축기 정비,2024,SCF,해군군수사령부,일반경쟁,총액제,적격심사제,202408011030,20240801,유찰
재공고,SCF0722,3,32229,***,잠수함 호흡용 고압 공기압축기 정비,2024,SCF,해군군수사령부,일반경쟁,총액제,적격심사제,202408011030,20240801,유찰
재공고,UMM0926,2,18316,***,(246224-B) 24년 예비군 무기진공포장 박스 제조,2024,UMM,국군재정관리단,일반경쟁,총액제,적격심사제,202408011100,20240801,낙찰
재공고,UMM0704,2,23257,***,"24-F-충전선, 냉매충전 및 시험다기관용 구매",2024,UMM,국군재정관리단,제한경쟁,총액제,적격심사제,202408011100,20240801,낙찰
정상공고,UMM0959,1,31940,***,24-N-후반기 합동상륙훈련 선박임차 용역,2024,UMM,국군재정관리단,일반경쟁,총액제,적격심사제,202408011100,20240801,낙찰
정상공고,UMM0965,1,33007,***,24~27-N-00사 식기세척기(4대) 임차용역,2024,UMM,국군재정관리단,제한경쟁,총액제,적격심사제,202408011100,20240801,낙찰
긴급공고,UMM0984,1,35619,***,(247248-E) 고속고무보트 7인용 제조,2024,UMM,국군재정관리단,일반경쟁,총액제,적격심사제,202408011100,20240801,낙찰
긴급공고,UMM0983,1,35781,***,"24-F-노트북, 프린터, 모니터 도입(리스자산)",2024,UMM,국군재정관리단,일반경쟁,총액제,적격심사제,202408011100,20240801,낙찰
정상공고,EBB0310,1,7553H,***,24년 모의신관(K519),2024,EBB,지상공통전력운영계약팀,제한경쟁,총액제,적격심사제,202407311430,20240731,낙찰
정상공고,EBH0106,1,8013,***,24년 천마 수리부속(연결기등_구매),2024,EBH,해상공중전력운영계약팀,제한경쟁,총액제,적격심사제,202407311100,20240731,낙찰
긴급공고,HCF0174,1,32816,***,민간우수체계기반 전평시 민군 수송물류업무 협력연구,2024,HCF,공군군수사령부,2단계경쟁(동시),총액제,최저가격제,202407311300,20240731,낙찰
긴급공고,HDG0026,1,35642,***,"경기지역 취사, 난방, 장비용 LPG 구매(3년)",2024,HDG,공군제10전투비행단,제한경쟁,총액제,적격심사제,202407311030,20240731,낙찰
긴급공고,LCF0455,1,35545,***,"실린더조립체,작동식 등 4항목 제조(기동-생산-031-재",2024,LCF,육군군수사령부,일반경쟁,총액제,적격심사제,202407311030,20240731,유찰
정상공고,LDH0635,1,34459,***,"(일장) 장갑전투도자 어댑터,직선형 등 4품목 구매",2024,LDH,육군종합정비창,제한경쟁,총액제,적격심사제,202407311300,20240731,낙찰
긴급공고,MCD0047,1,33858,***,상비병력 규모 최적 결정을 위한 제도 조합 방안 연구,2024,MCD,국방부(운영지원과),협상에의한계약(전자),총액제,최저가격제,202407311100,20240731,낙찰
긴급공고,MCD0048,1,33859,***,「국방혁신 4.0 기본계획」 수정1호 발전방안 연구,2024,MCD,국방부(운영지원과),협상에의한계약(전자),총액제,최저가격제,202407311100,20240731,낙찰
정상공고,MDG0180,1,33440,***,24년 일반장비(차체인양기 4주식 리프트) 구매,2024,MDG,국군의무사령부,일반경쟁,총액제,적격심사제,202407311100,20240731,낙찰
긴급공고,MDK0056,1,35577,***,'24-2차 동명부대 재보급물자 수송관리용역,2024,MDK,국군수송사령부,일반경쟁,총액제,적격심사제,202407311100,20240731,낙찰
긴급공고,SCF0742,1,32499,***,'24년 함정 안전진단 용역,2024,SCF,해군군수사령부,일반경쟁,총액제,적격심사제,202407311030,20240731,유찰
긴급공고,SCF0782,1,33417,***,"펌프, 모터구동용 1EA 구매",2024,SCF,해군군수사령부,제한경쟁,총액제,적격심사제,202407311030,20240731,낙찰
긴급공고,SCF0783,1,34457,***,"(긴급)비석면판,압축식 등 37종",2024,SCF,해군군수사령부,제한경쟁,총액제,적격심사제,202407311030,20240731,낙찰
긴급공고,SCF0784,1,34639,***,'24년 해군 중요시설경계시스템 유지보수 용역,2024,SCF,해군군수사령부,일반경쟁,총액제,적격심사제,202407311030,20240731,낙찰
정상공고,SFG0080,1,34924,***,IP 뷸렛 카메라 등 5품목 구매,2024,SFG,제9181부대,제한경쟁,총액제,적격심사제,202407311030,20240731,낙찰
긴급공고,SFM0067,1,35475,***,24-S-01 지정폐기물 처리 용역,2024,SFM,제3170부대,제한경쟁,총액제,적격심사제,202407311030,20240731,유찰
정상공고,UMM0964,1,28545,***,(246287-D) 종교행사용TV 등 2품목 구매 설치,2024,UMM,국군재정관리단,제한경쟁,총액제,적격심사제,202407311100,20240731,낙찰
정상공고,UMM0963,1,30681,***,(247047-H)사이버위협경보체계 교체사업(리스자산),2024,UMM,국군재정관리단,일반경쟁,총액제,적격심사제,202407311100,20240731,낙찰
긴급공고,UMM0975,1,32527,***,(24F204-I) 음식물 폐기물 감량기 임차용역,2024,UMM,국군재정관리단,일반경쟁,총액제,적격심사제,202407311100,20240731,낙찰
정상공고,UMM0957,1,33147,***,24-N-남성용 5부 수영복 등 4종 구매,2024,UMM,국군재정관리단,일반경쟁,총액제,적격심사제,202407311100,20240731,낙찰
정상공고,UMM0960,1,34080,***,(246261-F) 차량엔진 분석기 구매,2024,UMM,국군재정관리단,일반경쟁,총액제,적격심사제,202407311100,20240731,낙찰
정상공고,UMM0962,1,34847,***,(246104-F)일회용 반창고 등 5품목 구매,2024,UMM,국군재정관리단,제한경쟁,총액제,적격심사제,202407311100,20240731,낙찰
정상공고,UMM0966,1,35041,***,(246052-B1) 해안기동대대 비디오월 구축(리스자산),2024,UMM,국군재정관리단,제한경쟁,총액제,적격심사제,202407311100,20240731,낙찰
긴급공고,UMM0978,1,35576,***,24-D-전자동 GSR 주사전자현미경 구매,2024,UMM,국군재정관리단,일반경쟁,총액제,적격심사제,202407311100,20240731,낙찰
정상공고,EBB0308,1,1288,***,자주포 운영용 수리부속류,2024,EBB,지상공통전력운영계약팀,일반경쟁,총액제,적격심사제,202407301100,20240730,낙찰
재공고,EBB0304,2,1475,***,표준차 변속기 및 차축 부품(제조),2024,EBB,지상공통전력운영계약팀,수의계약,총액제,적격심사제,202407301400,20240730,유찰
재공고,EBB0302,2,1475S,***,표준차 차축부품(제조),2024,EBB,지상공통전력운영계약팀,수의계약,총액제,적격심사제,202407301400,20240730,유찰
정상공고,EBB0309,1,9107A,***,브래킷 및 판류,2024,EBB,지상공통전력운영계약팀,제한경쟁,총액제,적격심사제,202407301400,20240730,낙찰
정상공고,EBH0104,1,2910Y,***,GPS 재밍대응 신호처리장치(제조),2024,EBH,해상공중전력운영계약팀,일반경쟁,총액제,적격심사제,202407301430,20240730,순위확정
재공고,EMA0007,3,2C140,***,24년 권총탄입대 및 다리착용 지지대,2024,EMA,함정총괄계약팀,제한경쟁,총액제,최저가격제,202407301100,20240730,유찰
긴급공고,HCF0178,1,33227,***,[항자단] 수분분리지수 시험기 1종 2대,2024,HCF,공군군수사령부,제한경쟁,총액제,적격심사제,202407301030,20240730,낙찰
긴급공고,HDE0010,1,34387,***,[안전조사실] 무인항공기 등 3종 구매(24-24),2024,HDE,공군항공안전단,제한경쟁,총액제,적격심사제,202407301030,20240730,유찰
긴급공고,HDN0028,1,35196,***,'24년도 일반지역 추가 제초용역,2024,HDN,공군제18전투비행단,제한경쟁,총액제,적격심사제,202407301300,20240730,낙찰
정정공고,LBB0024,2,34713,***,'24-2차 지정폐기물 위탁처리 용역,2024,LBB,육군제7789부대,일반경쟁,총액제,적격심사제,202407301030,20240730,낙찰
긴급공고,LBB0024,1,34713,***,'24-2차 지정폐기물 위탁처리 용역,2024,LBB,육군제7789부대,일반경쟁,총액제,적격심사제,202407301030,20240730,낙찰
긴급공고,LBB0025,1,34718,***,'24-2차 일반폐기물 위탁처리 용역,2024,LBB,육군제7789부대,일반경쟁,총액제,적격심사제,202407301030,20240730,낙찰
긴급공고,LCF0449,1,14596,***,"판,지지용,축용 등 74항목 구매(일장-009)",2024,LCF,육군군수사령부,제한경쟁,총액제,적격심사제,202407301030,20240730,순위확정
긴급공고,LCF0450,1,27164,***,전원공급기 등 1항목 구매(통신),2024,LCF,육군군수사령부,제한경쟁,총액제,적격심사제,202407301100,20240730,낙찰
긴급공고,LCF0451,1,35324,***,개스킷 등 9항목 제조(기동-생산-006-재),2024,LCF,육군군수사령부,제한경쟁,총액제,적격심사제,202407301030,20240730,유찰
긴급공고,LCH0055,1,35290,***,00부대 개발제한구역 관리계획 수립용역(특-24-용-31),2024,LCH,특수전사령부,제한경쟁,총액제,적격심사제,202407301030,20240730,낙찰
긴급공고,LCH0056,1,35314,***,00부대 국군의 날 태권도복 구매(특-24-물-57),2024,LCH,특수전사령부,제한경쟁,총액제,적격심사제,202407301030,20240730,낙찰
재공고,LDH0602,2,32219,***,K9자주포 통및막대피스톤등13종 구매,2024,LDH,육군종합정비창,제한경쟁,총액제,적격심사제,202407301300,20240730,낙찰
재공고,LDH0614,2,32467,***,K1전차 회로카드 조립체 구매,2024,LDH,육군종합정비창,제한경쟁,총액제,적격심사제,202407301300,20240730,유찰
재공고,LDH0627,2,33013,***,TICN 변압기 등 28종 구매,2024,LDH,육군종합정비창,제한경쟁,총액제,적격심사제,202407301300,20240730,유찰
긴급공고,LPF0068,1,35221,***,토양오염복원공사 - 사업장폐기물처리(특23-9),2024,LPF,제51보병사단,일반경쟁,총액제,적격심사제,202407301100,20240730,낙찰
정상공고,LPM0028,1,34488,***,'24년 9사단 얼음정수기 임차용역,2024,LPM,제9보병사단사령부,제한경쟁,총액제,적격심사제,202407301100,20240730,낙찰
정상공고,MCD0043,1,33151,***,국방무인체계 총수명주기관리방안 연구,2024,MCD,국방부(운영지원과),협상에의한계약(전자),총액제,최저가격제,202407301700,20240730,유찰
정상공고,MDG0179,1,34532,***,의학도서 구매,2024,MDG,국군의무사령부,제한경쟁,총액제,적격심사제,202407301100,20240730,낙찰
정상공고,MDJ0046,1,34709,***,의무장비(형광안저사진기) 구매계약,2024,MDJ,국군대전병원,일반경쟁,총액제,적격심사제,202407301030,20240730,순위확정
정정공고,MFH0011,2,33144,***,24년 표준설계도 제개정 설계용역,2024,MFH,국방시설본부,일반경쟁,총액제,적격심사제,202407301030,20240730,낙찰
재공고,SCF0641,2,18275,***,부이 92EA 제조,2024,SCF,해군군수사령부,일반경쟁,총액제,적격심사제,202407301030,20240730,유찰
긴급공고,SCF0774,1,24272,***,디젤 매연측정기 1EA 구매,2024,SCF,해군군수사령부,제한경쟁,총액제,적격심사제,202407301030,20240730,낙찰
긴급공고,SCF0777,1,24363,***,송풍기 등 15종 구매,2024,SCF,해군군수사령부,제한경쟁,총액제,적격심사제,202407301030,20240730,낙찰
재공고,SCF0676,2,28349,***,매트세척기 2EA 구매,2024,SCF,해군군수사령부,제한경쟁,총액제,적격심사제,202407301030,20240730,낙찰
긴급공고,SCF0778,1,28674,***,냉장고 의료용 중형 2대 구매,2024,SCF,해군군수사령부,제한경쟁,총액제,적격심사제,202407301030,20240730,낙찰
긴급공고,SCF0764,1,30737,***,전원공급기 8EA 구매,2024,SCF,해군군수사령부,제한경쟁,총액제,적격심사제,202407301030,20240730,순위확정
긴급공고,SCF0768,1,30799,***,"세척키트, 총포용 2종 제조",2024,SCF,해군군수사령부,제한경쟁,총액제,적격심사제,202407301030,20240730,유찰
긴급공고,SCF0765,1,32130,***,회로카드 조립체 6종 구매,2024,SCF,해군군수사령부,제한경쟁,총액제,적격심사제,202407301030,20240730,낙찰
긴급공고,SCF0770,1,32312,***,스포트용접기 2EA 구매,2024,SCF,해군군수사령부,제한경쟁,총액제,적격심사제,202407301030,20240730,낙찰
긴급공고,SCF0773,1,34370,***,"탐지기,금속결함탐지용,전기식 1EA 구매",2024,SCF,해군군수사령부,제한경쟁,총액제,적격심사제,202407301030,20240730,낙찰
긴급공고,SCF0775,1,34385,***,"로프,섬유제 2종 제조",2024,SCF,해군군수사령부,제한경쟁,총액제,적격심사제,202407301030,20240730,낙찰
긴급공고,SCF0776,1,34389,***,전자청진기 3EA 구매,2024,SCF,해군군수사령부,제한경쟁,총액제,적격심사제,202407301030,20240730,낙찰
긴급공고,SCF0780,1,34441,***,"(긴급)제재목,경질 등 6종",2024,SCF,해군군수사령부,제한경쟁,총액제,적격심사제,202407301300,20240730,낙찰
긴급공고,SCF0772,1,34550,***,ㅇㅇ함 무인기뢰처리기 데빗트 외주정비,2024,SCF,해군군수사령부,일반경쟁,총액제,적격심사제,202407301030,20240730,순위확정
긴급공고,SCF0769,1,34852,***,"게이지, 압력측정용, 문자판식 등 16종 구매",2024,SCF,해군군수사령부,제한경쟁,총액제,적격심사제,202407301030,20240730,낙찰
긴급공고,SCF0779,1,35256,***,통합배선 제조설치(0전단 예비전력관리전대 본관 신축,2024,SCF,해군군수사령부,제한경쟁,총액제,적격심사제,202407301030,20240730,낙찰
긴급공고,SEE0032,1,35305,***,전투부식(김치날치알밥 등 13품목) 구매,2024,SEE,제9해병여단,제한경쟁,총액제,적격심사제,202407301030,20240730,낙찰
긴급공고,UMM0970,1,22783,***,(246038-B1) 24년 BCTP 장비 교체사업(리스자산),2024,UMM,국군재정관리단,일반경쟁,총액제,적격심사제,202407301100,20240730,낙찰
재공고,UMM0930,2,23435,***,24년-D-군 표준화차 8량 제조(241044-F),2024,UMM,국군재정관리단,일반경쟁,총액제,적격심사제,202407301100,20240730,낙찰
긴급공고,UMM0972,1,33055,***,24-F-피복석 등 2건 구매,2024,UMM,국군재정관리단,제한경쟁,총액제,적격심사제,202407301100,20240730,낙찰
긴급공고,UMM0968,1,34463,***,(24F117-I) 24년 육로여객 수송용역(서부),2024,UMM,국군재정관리단,제한경쟁,총액제,적격심사제,202407301100,20240730,낙찰
긴급공고,HCM0058,1,33554,***,항과고 제54기 국토순례 용역계약,2024,HCM,공군교육사령부,2단계경쟁(동시),총액제,최저가격제,202407291300,20240729,낙찰
긴급공고,HDM0046,1,34831,***,'24년 청주기지 특수건강진단 민간위탁 용역,2024,HDM,공군제17전투비행단,제한경쟁,총액제,적격심사제,202407291030,20240729,낙찰
정정공고,LCG0048,5,24146,***,[24-육-121] UAV작전수행 복합비행장 운용 방안,2024,LCG,육군본부,협상에의한계약(전자),총액제,최저가격제,202407291300,20240729,낙찰
재공고,MDD0095,3,27129,***,2024년 국군외상센터 스마트명패 설치납품,2024,MDD,국군수도병원,2단계경쟁(동시),총액제,최저가격제,202407291530,20240729,유찰
정상공고,MDL0004,1,31198,***,국외수집자료(영어) 국문 번역,2024,MDL,국방부군사편찬연구소,협상에의한계약(전자),총액제,최저가격제,202407291100,20240729,유찰
재공고,MDP0003,2,28999,***,'24년 한미동맹 정책포럼 행사용역,2024,MDP,한미연합군사령부,2단계경쟁(동시),총액제,최저가격제,202407291100,20240729,유찰
재공고,SFC0078,2,30277,***,24-해병-다자인 컨텐츠 제작 대행,2024,SFC,제9691부대,2단계경쟁(동시),총액제,최저가격제,202407291030,20240729,낙찰
정상공고,UMM0955,1,32987,***,24-N-어뢰 인양기 구매,2024,UMM,국군재정관리단,제한경쟁,총액제,적격심사제,202407291100,20240729,낙찰
긴급공고,DSS0038,1,33915,***,경계용 CCTV 구축사업,2024,DSS,국군제1068부대,제한경쟁,총액제,적격심사제,202407261030,20240726,낙찰
재공고,EBH0065,2,4200N,***,24년 해군 원격레이더 통합전시기 세트(구매),2024,EBH,해상공중전력운영계약팀,수의계약,총액제,적격심사제,202407261100,20240726,유찰
긴급공고,HDF0053,1,33205,***,제8전투비행단 부대소개영상 제작 용역,2024,HDF,공군 제8전투비행단,2단계경쟁(동시),총액제,최저가격제,202407261030,20240726,낙찰
정상공고,LDH0634,1,34456,***,(자재) 철파이프 등 5종 구매,2024,LDH,육군종합정비창,제한경쟁,총액제,적격심사제,202407261300,20240726,낙찰
긴급공고,LHM0082,1,34695,***,24년 개인화기 사격훈련장 CCTV 제조/설치,2024,LHM,제15보병사단,제한경쟁,총액제,적격심사제,202407261100,20240726,낙찰
긴급공고,MCD0044,1,33497,***,한국적 지뢰대응활동표준 작성에 대한 연구,2024,MCD,국방부(운영지원과),협상에의한계약(전자),총액제,최저가격제,202407261700,20240726,유찰
긴급공고,MCD0045,1,33500,***,지뢰 등의 탐지·제거 민간대행에 관한 연구,2024,MCD,국방부(운영지원과),협상에의한계약(전자),총액제,최저가격제,202407261700,20240726,유찰
재공고,MDD0098,2,30680,***,2024 병원장비운영소모품(1-2) 구매,2024,MDD,국군수도병원,제한경쟁,총액제,적격심사제,202407261200,20240726,낙찰
정상공고,MDG0178,1,33154,***,24년 의무장비(효소면역측정기 중형) 구매,2024,MDG,국군의무사령부,제한경쟁,총액제,적격심사제,202407261100,20240726,낙찰
정상공고,MHD0072,1,34281,***,2024년도 3분기 전산(프린터) 소모품 구매,2024,MHD,방위사업청(운영지원과),제한경쟁,총액제,적격심사제,202407261330,20240726,낙찰
정정공고,NIT0009,2,34607,***,국방헬프콜 홍모물(로고라이트) 제작설치,2024,NIT,국방부조사본부,일반경쟁,총액제,적격심사제,202407261100,20240726,낙찰
긴급공고,NIT0010,1,34656,***,하계 대테러복 제조 구매,2024,NIT,국방부조사본부,제한경쟁,총액제,적격심사제,202407261100,20240726,낙찰
긴급공고,SCF0762,1,28350,***,다중계기(10MHz) 9EA 구매,2024,SCF,해군군수사령부,제한경쟁,총액제,적격심사제,202407261030,20240726,낙찰
긴급공고,SCF0760,1,28358,***,브레이크오일교환기 2EA 구매,2024,SCF,해군군수사령부,제한경쟁,총액제,적격심사제,202407261030,20240726,순위확정
긴급공고,SCF0761,1,28363,***,"타이어탈착기,소형 2EA 구매",2024,SCF,해군군수사령부,제한경쟁,총액제,적격심사제,202407261030,20240726,낙찰
긴급공고,SCF0758,1,28373,***,"덮개, 발사대 등 5종 구매",2024,SCF,해군군수사령부,제한경쟁,총액제,적격심사제,202407261030,20240726,낙찰
긴급공고,SCF0759,1,29395,***,"진공청소기,전기식 2EA 구매",2024,SCF,해군군수사령부,제한경쟁,총액제,적격심사제,202407261030,20240726,순위확정
정정공고,SFC0085,2,34129,***,복사용지 등 128품목 구매,2024,SFC,제9691부대,제한경쟁,총액제,적격심사제,202407261030,20240726,낙찰
정상공고,UMM0942,1,23209,***,24-N-자연석판석 제조,2024,UMM,국군재정관리단,제한경쟁,총액제,적격심사제,202407261100,20240726,낙찰
정상공고,UMM0939,1,24123,***,"24-N-방폭 트레일러, 폭발물 운송용 제조",2024,UMM,국군재정관리단,제한경쟁,총액제,적격심사제,202407261100,20240726,낙찰
정상공고,UMM0953,1,32451,***,24-N-UFS훈련 합동수송 실제훈련 선박 임차용역,2024,UMM,국군재정관리단,제한경쟁,총액제,적격심사제,202407261100,20240726,유찰
정상공고,UMM0946,1,32895,***,24-N-자동목재대패기 구매(248205-F),2024,UMM,국군재정관리단,제한경쟁,총액제,적격심사제,202407261100,20240726,낙찰
재공고,EPA0011,3,1091,***,"5톤 유조차(2,000G/A)",2024,EPA,항공기총괄계약팀,일반경쟁,총액제,적격심사제,202407251100,20240725,유찰
재공고,EPA0012,2,7320,***,"항공기 견인차(4,000 LBS)",2024,EPA,항공기총괄계약팀,일반경쟁,총액제,적격심사제,202407251100,20240725,유찰
정상공고,HCG0033,1,32782,***,24-유.무인복합전투체계중심 기지방어작전 수행방안,2024,HCG,공군본부,2단계경쟁(동시),총액제,최저가격제,202407251100,20240725,낙찰
재공고,HFK0023,2,33269,001,"’24~’27년 대천, 당진지역 LPG 통합 구매",2024,HFK,제1방공유도탄여단,제한경쟁,단가제,적격심사제,202407251030,20240725,순위확정
긴급공고,LAZ0013,1,34562,***,24-00 위치추적용 단말기 구매,2024,LAZ,드론작전사령부,일반경쟁,총액제,적격심사제,202407251100,20240725,낙찰
재공고,LCF0416,2,31789,***,"테이프,접착식 등 46항목 구매(항공)",2024,LCF,육군군수사령부,일반경쟁,총액제,적격심사제,202407251100,20240725,낙찰
긴급공고,LCF0446,1,34340,***,"차폐 개스킷,전자식 등 34항목 구매(특무)",2024,LCF,육군군수사령부,제한경쟁,총액제,적격심사제,202407251130,20240725,유찰
재공고,LDH0613,2,32478,***,"K21 스위치,토글식 1종 구매",2024,LDH,육군종합정비창,제한경쟁,총액제,적격심사제,202407251300,20240725,유찰
정상공고,LDH0633,1,33655,***,(특무) 직접회로 등 29품목 구매,2024,LDH,육군종합정비창,제한경쟁,총액제,적격심사제,202407251300,20240725,낙찰
정상공고,LDH0631,1,33669,***,(자재) 스테인리스 파우더 등 3종 구매,2024,LDH,육군종합정비창,제한경쟁,총액제,적격심사제,202407251300,20240725,낙찰
긴급공고,LHN0058,1,34676,***,'24~'27년 얼음 정수기 임차 용역,2024,LHN,제7보병사단,일반경쟁,총액제,적격심사제,202407251030,20240725,낙찰
긴급공고,LNG0059,1,34679,***,‘24~27년 얼음 냉·온정수기 임차용역,2024,LNG,육군 제1군단,제한경쟁,총액제,적격심사제,202407251100,20240725,낙찰
긴급공고,LPC0034,1,34590,***,25사단 사령부 간부숙소 신축 관급자재(타일) 제조,2024,LPC,제25보병사단,일반경쟁,총액제,적격심사제,202407251100,20240725,유찰
긴급공고,LPC0035,1,34591,***,25사단 70-2대대 병영생활관 관급자재(타일) 제조,2024,LPC,제25보병사단,일반경쟁,총액제,적격심사제,202407251100,20240725,유찰
정상공고,MGO0005,1,33514,***,FFG-II 추가 축접지장치(360도 축 접지) 설치,2024,MGO,국방기술품질원,2단계경쟁(동시),총액제,최저가격제,202407251500,20240725,낙찰
긴급공고,SCF0763,1,20349,***,도산안창호급 잠수함 군위성 통신기 안테나 정비,2024,SCF,해군군수사령부,일반경쟁,총액제,적격심사제,202407251030,20240725,유찰
재공고,SCF0717,2,20428,***,LSF-Ⅱ 기관제어장치(ICAMS) 정비,2024,SCF,해군군수사령부,일반경쟁,총액제,적격심사제,202407251030,20240725,유찰
재공고,SCF0688,2,25756,***,"공기압축기, 이동식 1EA 구매",2024,SCF,해군군수사령부,제한경쟁,총액제,적격심사제,202407251030,20240725,낙찰
긴급공고,SCF0757,1,32297,***,"등,침대용 1종 구매",2024,SCF,해군군수사령부,제한경쟁,총액제,적격심사제,202407251030,20240725,낙찰
긴급공고,SCF0753,1,32417,***,해병대 드라이 세탁기 1대 구매,2024,SCF,해군군수사령부,제한경쟁,총액제,적격심사제,202407251030,20240725,유찰
긴급공고,SCF0756,1,33239,***,육상 심해잠수훈련장비 안전도 검사 외주용역,2024,SCF,해군군수사령부,일반경쟁,총액제,적격심사제,202407251030,20240725,유찰
긴급공고,SCF0754,1,34498,***,목재 외형 연마기 구매,2024,SCF,해군군수사령부,제한경쟁,총액제,적격심사제,202407251030,20240725,낙찰
재공고,SCK0077,2,26572,***,24-해군 오프라인 모병홍보 대행 용역,2024,SCK,해군교육사령부,협상에의한계약(전자),총액제,최저가격제,202407251000,20240725,유찰
긴급공고,SCQ0076,1,31886,***,24-평 00아파트 시설물관리 용역,2024,SCQ,제9911부대,제한경쟁,총액제,적격심사제,202407251030,20240725,낙찰
정상공고,UMM0948,1,27165,***,(246270-C) 치장창고 물품 구매(지게차 등 5종),2024,UMM,국군재정관리단,일반경쟁,총액제,적격심사제,202407251100,20240725,낙찰
재공고,UMM0869,2,27824,***,24-N-대형버스 구매,2024,UMM,국군재정관리단,일반경쟁,총액제,적격심사제,202407251100,20240725,유찰
정상공고,UMM0947,1,28065,***,(247286-C) 작전용 헤드폰 구매,2024,UMM,국군재정관리단,제한경쟁,총액제,적격심사제,202407251100,20240725,낙찰
정상공고,UMM0949,1,31883,***,(247294-C)대테러 RF기동영상전송장비 구매(리스자산),2024,UMM,국군재정관리단,일반경쟁,총액제,적격심사제,202407251100,20240725,낙찰
정상공고,UMM0951,1,32601,***,(247296-E) 정보통신장비(PC 제조),2024,UMM,국군재정관리단,제한경쟁,총액제,적격심사제,202407251100,20240725,낙찰
긴급공고,UMM0958,1,34666,***,(246257-F) 안전교육 VR 장비 구매,2024,UMM,국군재정관리단,일반경쟁,총액제,적격심사제,202407251100,20240725,낙찰
정상공고,EBB0304,1,1475,***,표준차 변속기 및 차축 부품(제조),2024,EBB,지상공통전력운영계약팀,수의계약,총액제,적격심사제,202407241400,20240724,유찰
정상공고,EBB0306,1,4050T,***,K계열 전차 부품류(구매),2024,EBB,지상공통전력운영계약팀,일반경쟁,총액제,적격심사제,202407241100,20240724,순위확정
정상공고,EBB0305,1,5300R,***,120밀리 자주박격포 연습탄(KC296) 파라핀 지환통,2024,EBB,지상공통전력운영계약팀,일반경쟁,총액제,적격심사제,202407241430,20240724,낙찰
재공고,EBH0085,2,0013,***,24년 오리콘 코킹기어조립체,2024,EBH,해상공중전력운영계약팀,수의계약,총액제,적격심사제,202407241100,20240724,순위확정
정상공고,EBH0098,1,0412A,***,24년 TA-512K 부품(구매),2024,EBH,해상공중전력운영계약팀,일반경쟁,총액제,적격심사제,202407241100,20240724,낙찰
재공고,EM50001,2,3400,***,군수지원함(AOE-II) 2차 함 건조,2024,EMA,함정총괄계약팀,협상에의한계약(서류),총액제,최저가격제,202407241130,20240724,낙찰
재공고,EM30001,2,7300A,***,고속함(PKX-A) 성능개량,2024,EMA,함정총괄계약팀,수의계약,총액제,최저가격제,202407241430,20240724,낙찰
긴급공고,HCF0176,1,33815,***,[60전대] 2.5인치 노즐 등 96종 구매,2024,HCF,공군군수사령부,제한경쟁,총액제,적격심사제,202407241030,20240724,낙찰
긴급공고,HCR0032,1,33785,***,25mm 혼합골재 등 3품목(24-131),2024,HCR,공군제15특수임무비행단,제한경쟁,총액제,적격심사제,202407241330,20240724,유찰
긴급공고,LCF0444,1,11869,***,제동유교환유니트 등 5항목 제조(궤도공구),2024,LCF,육군군수사령부,일반경쟁,총액제,적격심사제,202407241030,20240724,유찰
긴급공고,LCF0445,1,11871,***,인양기 등 6항목 제조(궤도공구),2024,LCF,육군군수사령부,일반경쟁,총액제,적격심사제,202407241030,20240724,유찰
긴급공고,LDA0035,1,34141,***,(D055) 24년 주전산기 교체 계약(리스물건),2024,LDA,지상작전사령부,제한경쟁,총액제,적격심사제,202407241100,20240724,유찰
정상공고,LDH0593,1,28768,***,디지털 정비공장 스마트팩토리 구축방안 연구 용역,2024,LDH,육군종합정비창,2단계경쟁(동시),총액제,최저가격제,202407241300,20240724,유찰
긴급공고,LFC0051,1,34408,***,24년 추석 경축특식(마카롱) 계약,2024,LFC,육군훈련소,제한경쟁,총액제,적격심사제,202407241100,20240724,낙찰
긴급공고,LFC0052,1,34414,***,24년 국군의날 경축특식(훈제닭다리) 제조/구매,2024,LFC,육군훈련소,제한경쟁,총액제,적격심사제,202407241100,20240724,낙찰
정상공고,MDD0100,1,33494,***,국군수도병원 LED안내 전광판 설치 납품,2024,MDD,국군수도병원,제한경쟁,총액제,적격심사제,202407241100,20240724,낙찰
정상공고,MDG0175,1,32496,***,24-4차 의무비품(의료용싱크대 등 2종) 구매,2024,MDG,국군의무사령부,제한경쟁,총액제,적격심사제,202407241100,20240724,낙찰
정상공고,MDG0176,1,32515,***,24-3차 영현실비품(부검대) 구매,2024,MDG,국군의무사령부,제한경쟁,총액제,적격심사제,202407241100,20240724,낙찰
재공고,MDR0038,2,32195,***,지구측위시스템 구매,2024,MDR,제9965부대,제한경쟁,총액제,적격심사제,202407241100,20240724,낙찰
긴급공고,SCF0752,1,20584,***,해상초계기 비행관리체계 유지보수 용역,2024,SCF,해군군수사령부,일반경쟁,총액제,적격심사제,202407241030,20240724,낙찰
긴급공고,SCF0751,1,32622,***,대잠RIB 엔진 정비,2024,SCF,해군군수사령부,일반경쟁,총액제,적격심사제,202407241030,20240724,유찰
정상공고,UMM0663,1,19184,***,"24-A-00부대 물절약투자대행사업(WASCO, 24-A122)",2024,UMM,국군재정관리단,협상에의한계약(전자),총액제,최저가격제,202407241100,20240724,낙찰
정상공고,UMM0664,1,19529,***,"24-A-00부대 물절약투자대행사업(WASCO, 24-A121)",2024,UMM,국군재정관리단,협상에의한계약(전자),총액제,최저가격제,202407241100,20240724,낙찰
정상공고,UMM0665,1,19584,***,"24-A-00부대 물절약투자대행사업(WASCO, 24-A127)",2024,UMM,국군재정관리단,협상에의한계약(전자),총액제,최저가격제,202407241100,20240724,낙찰
정상공고,UMM0945,1,21665,***,24-N- 관급자재(내진철근)구매(248160-F),2024,UMM,국군재정관리단,제한경쟁,총액제,적격심사제,202407241100,20240724,낙찰
재공고,UMM0928,2,24222,***,(24F213-A) 근무분야 민간위탁 용역,2024,UMM,국군재정관리단,일반경쟁,총액제,적격심사제,202407241100,20240724,낙찰
정상공고,UMM0943,1,32087,***,24-N-해병대 4주식 리프트 구매,2024,UMM,국군재정관리단,제한경쟁,총액제,적격심사제,202407241100,20240724,낙찰
긴급공고,UMM0952,1,32999,***,24-N-철싱커 제조,2024,UMM,국군재정관리단,제한경쟁,총액제,적격심사제,202407241100,20240724,낙찰
정상공고,EBB0301,1,4014T,***,K계열전차 부품류,2024,EBB,지상공통전력운영계약팀,제한경쟁,총액제,적격심사제,202407231400,20240723,낙찰
정상공고,EBB0300,1,4016T,***,K계열전차 부품류,2024,EBB,지상공통전력운영계약팀,일반경쟁,총액제,적격심사제,202407231100,20240723,낙찰
정상공고,EBH0096,1,8010,***,"24년 특수무기 볼트, 너트류",2024,EBH,해상공중전력운영계약팀,제한경쟁,총액제,적격심사제,202407231300,20240723,낙찰
정상공고,EBH0097,1,8618,***,24년 현궁 부품(축전지류),2024,EBH,해상공중전력운영계약팀,수의계약,총액제,적격심사제,202407231400,20240723,순위확정
정상공고,EU30002,1,5001,***,정찰용무인수상정,2024,EUA,첨단기술총괄계약팀,협상에의한계약(서류),총액제,최저가격제,202407231400,20240723,낙찰
긴급공고,HCF0175,1,33266,***,"24-H-24 드릴링머신, 직립형",2024,HCF,공군군수사령부,제한경쟁,총액제,적격심사제,202407231030,20240723,낙찰
긴급공고,HCQ0063,1,32569,***,대테러작전지원시설 신축 관급자재(GHP 실외기),2024,HCQ,공군제5공중기동비행단,일반경쟁,총액제,적격심사제,202407231000,20240723,낙찰
긴급공고,HCQ0062,1,34216,***,공정화물의장시설 신축 시설공사(GHP실외기),2024,HCQ,공군제5공중기동비행단,일반경쟁,총액제,적격심사제,202407231000,20240723,낙찰
긴급공고,LBA0054,1,33706,***,'24년 경축특식(추석·국군의날) 빵류 6품목 구매,2024,LBA,제 2167부대,제한경쟁,총액제,적격심사제,202407231030,20240723,낙찰
재공고,LCF0422,2,06846,***,시료흡입막 등 4항목 구매(화생방),2024,LCF,육군군수사령부,제한경쟁,총액제,적격심사제,202407231030,20240723,유찰
재공고,LCF0421,2,12203,***,"집적회로, 디지털형 1항목 구매(화생방)",2024,LCF,육군군수사령부,제한경쟁,총액제,적격심사제,202407231030,20240723,유찰
재공고,LCF0417,2,21472,***,"봉합사,비흡수성,외과용 등 3품목 구매(의무)",2024,LCF,육군군수사령부,제한경쟁,총액제,적격심사제,202407231100,20240723,낙찰
재공고,LCF0408,2,27024,***,심 등 22항목 구매(궤도-023),2024,LCF,육군군수사령부,제한경쟁,총액제,적격심사제,202407231130,20240723,순위확정
재공고,LCF0399,2,27459,***,"어댑터,연결기용(어댑터) 등 16항목 구매(특무)",2024,LCF,육군군수사령부,제한경쟁,총액제,적격심사제,202407231130,20240723,유찰
긴급공고,LCF0442,1,33805,***,시트 조립체 등 2항목 구매(특무),2024,LCF,육군군수사령부,제한경쟁,총액제,적격심사제,202407231130,20240723,낙찰
긴급공고,LCH0051,1,33995,***,차단벽구조사격장 고무블럭 설치 납품(특-24-물-43),2024,LCH,특수전사령부,일반경쟁,총액제,적격심사제,202407231030,20240723,낙찰
정상공고,LCP0051,1,33887,***,00부대 지정폐기물(폐유) 처리 용역,2024,LCP,육군항공사령부,제한경쟁,총액제,적격심사제,202407231130,20240723,낙찰
긴급공고,LDC0017,1,33644,***,국제과학화전투경연대회 영상장비 등 임차,2024,LDC,육군과학화전투훈련단,일반경쟁,총액제,적격심사제,202407231030,20240723,낙찰
정상공고,LDH0618,1,32190,***,24-8차 정비용 장비 부품 구매,2024,LDH,육군종합정비창,제한경쟁,총액제,적격심사제,202407231300,20240723,낙찰
정상공고,LDH0625,1,33103,***,(자재) 부품제작자재 호스 구매,2024,LDH,육군종합정비창,제한경쟁,총액제,적격심사제,202407231300,20240723,낙찰
정상공고,LDH0626,1,33865,***,"K200 플러그,파이프용 등 19종 구매",2024,LDH,육군종합정비창,제한경쟁,총액제,적격심사제,202407231300,20240723,낙찰
긴급공고,LGC0022,1,33365,***,24년 노후 냉난방기 종합세척 용역,2024,LGC,육군학생군사학교,제한경쟁,총액제,적격심사제,202407231330,20240723,낙찰
재공고,LGI0062,2,32746,***,'24년 식자재 민간위탁배송 용역,2024,LGI,제3군수지원여단,일반경쟁,총액제,적격심사제,202407231030,20240723,유찰
긴급공고,LKP0122,1,33683,***,24년 급식 민간위탁배송(중앙조달 경남권),2024,LKP,5군수지원사령부,일반경쟁,총액제,적격심사제,202407231100,20240723,낙찰
긴급공고,LKP0121,1,33692,***,24년 급식 민간위탁배송(중앙조달 충청권),2024,LKP,5군수지원사령부,일반경쟁,총액제,적격심사제,202407231100,20240723,낙찰
재공고,LPF0063,3,32092,***,간부숙소 신축 다기능성페인트 제조 204,2024,LPF,제51보병사단,일반경쟁,총액제,적격심사제,202407231030,20240723,낙찰
긴급공고,MDG0174,1,32937,***,양주병원 공조기 필터 교체 설치납품,2024,MDG,국군의무사령부,제한경쟁,총액제,적격심사제,202407231100,20240723,낙찰
긴급공고,MDR0040,1,33142,***,24년 디지털 포렌식 SW 라이선스 구매,2024,MDR,제9965부대,일반경쟁,총액제,적격심사제,202407231100,20240723,낙찰
긴급공고,MDS0012,1,34246,***,RF장비 제작용 부품ㆍ자재 구매(증폭IC 등 81종),2024,MDS,제3707부대,제한경쟁,총액제,적격심사제,202407231030,20240723,낙찰
재공고,SCF0617,3,19473,***,잠수함 디젤 및 축전지 감시장치 PCB 정비,2024,SCF,해군군수사령부,일반경쟁,총액제,적격심사제,202407231030,20240723,낙찰
재공고,SCF0644,2,23148,***,"모니터, 텔레비전식 1종 구매",2024,SCF,해군군수사령부,제한경쟁,총액제,적격심사제,202407231030,20240723,순위확정
긴급공고,SCF0747,1,32459,***,고속상륙정(LSF-I) 부양팬 정비,2024,SCF,해군군수사령부,일반경쟁,총액제,적격심사제,202407231030,20240723,순위확정
긴급공고,SCF0749,1,33104,***,전원공급기 등 15종 구매,2024,SCF,해군군수사령부,일반경쟁,총액제,적격심사제,202407231030,20240723,낙찰
긴급공고,SCF0748,1,33520,***,"(긴급)바,금속제 등 36종",2024,SCF,해군군수사령부,제한경쟁,총액제,적격심사제,202407231030,20240723,낙찰
재공고,UMM0850,2,15264,***,24-N-기관단총 조준경 구매,2024,UMM,국군재정관리단,제한경쟁,총액제,적격심사제,202407231100,20240723,낙찰
재공고,UMM0607,2,15362,***,"24-F-필터 유닛,액체용,압력식 구매",2024,UMM,국군재정관리단,제한경쟁,총액제,적격심사제,202407231100,20240723,낙찰
재공고,UMM0774,2,23753,***,(246247-D) 이동형 심리생리반응 분석장비 구매,2024,UMM,국군재정관리단,제한경쟁,총액제,적격심사제,202407231100,20240723,낙찰
긴급공고,UMM0936,1,25328,***,24-N-특전 전투복 상의 등 6종 제조,2024,UMM,국군재정관리단,제한경쟁,총액제,적격심사제,202407231100,20240723,낙찰
정상공고,UMM0938,1,25638,***,24-N-해병대 휴대용 수중통화기 4세트 구매,2024,UMM,국군재정관리단,제한경쟁,총액제,적격심사제,202407231100,20240723,낙찰
긴급공고,UMM0950,1,26112,***,(246269-F) 안전모 등 21종 구매,2024,UMM,국군재정관리단,제한경쟁,총액제,적격심사제,202407231100,20240723,낙찰
정상공고,UMM0944,1,32181,***,(246295-D) 승용 사열차 제조,2024,UMM,국군재정관리단,제한경쟁,총액제,적격심사제,202407231100,20240723,낙찰
정상공고,UMM0933,1,33280,***,24-N-모타균형검사기 구매,2024,UMM,국군재정관리단,제한경쟁,총액제,적격심사제,202407231100,20240723,낙찰
정상공고,EBH0090,1,0500,***,24년 소형 대공표적기(구매),2024,EBH,해상공중전력운영계약팀,제한경쟁,총액제,적격심사제,202407221400,20240722,낙찰
정상공고,EBH0092,1,8647,***,24년 현궁 케이블 조립체류,2024,EBH,해상공중전력운영계약팀,제한경쟁,총액제,적격심사제,202407221500,20240722,낙찰
정상공고,LDG0070,1,33421,***,열전지(천무유도탄용) 1품목 구매,2024,LDG,육군 탄약지원사령부,일반경쟁,총액제,적격심사제,202407221030,20240722,유찰
긴급공고,MDD0101,1,33255,***,2024년 2-3차 의무비품 구매,2024,MDD,국군수도병원,제한경쟁,총액제,적격심사제,202407221100,20240722,낙찰
정상공고,MDG0173,1,32517,***,24년 일반장비(차륜정비장비) 구매,2024,MDG,국군의무사령부,일반경쟁,총액제,적격심사제,202407221100,20240722,낙찰
재공고,UMM0916,2,23249,***,(24F209-A) 간부 피복 택배 용역,2024,UMM,국군재정관리단,일반경쟁,총액제,적격심사제,202407221100,20240722,낙찰
정상공고,UMM0930,1,23435,***,24년-D-군 표준화차 8량 제조(241044-F),2024,UMM,국군재정관리단,일반경쟁,총액제,적격심사제,202407221100,20240722,유찰
정상공고,EBB0299,1,1210,***,2024 KM9제독차 세트 수리부속,2024,EBB,지상공통전력운영계약팀,일반경쟁,총액제,적격심사제,202407191100,20240719,낙찰
정상공고,EBB0298,1,5900,***,"전차, 차량 부품류(제조)",2024,EBB,지상공통전력운영계약팀,일반경쟁,총액제,적격심사제,202407191100,20240719,낙찰
정상공고,EBH0087,1,0813G,***,24년 대포병탐지레이더 부품(구매)(D),2024,EBH,해상공중전력운영계약팀,제한경쟁,총액제,적격심사제,202407191030,20240719,유찰
정상공고,EBH0088,1,2090B,***,24년 군위성통신체계 부품(구매),2024,EBH,해상공중전력운영계약팀,일반경쟁,총액제,적격심사제,202407191100,20240719,유찰
정상공고,EBH0089,1,8012,***,24년 천마 수리부속(축전기등_구매),2024,EBH,해상공중전력운영계약팀,일반경쟁,총액제,적격심사제,202407191100,20240719,낙찰
긴급공고,LQH0035,1,30568,001,초동조치팀 급식 제조 납품 3분기,2024,LQH,제3697부대,2단계경쟁(동시),단가제,최저가격제,202407191500,20240719,유찰
긴급공고,MCD0042,1,32461,***,병력동원 지정 및 훈련체계 효율화 연구,2024,MCD,국방부(운영지원과),협상에의한계약(전자),총액제,최저가격제,202407191700,20240719,유찰
정상공고,MDI0003,1,33451,***,무선 VPN장비 확보사업,2024,MDI,제7016부대,제한경쟁,총액제,적격심사제,202407191030,20240719,낙찰
정정공고,MHP0013,2,32500,***,유전자 감정장비 검/교정 용역,2024,MHP,국방부유해발굴감식단,제한경쟁,총액제,적격심사제,202407191100,20240719,낙찰
정정공고,UAB0047,2,33539,***,’24년 체력단련장 락카룸 비품(락카) 구매,2024,UAB,국군복지단,일반경쟁,총액제,적격심사제,202407191000,20240719,낙찰
정상공고,EBB0297,1,1614,***,케이블/배선장치류(사전의향서),2024,EBB,지상공통전력운영계약팀,일반경쟁,총액제,적격심사제,202407181100,20240718,낙찰
정상공고,EBB0296,1,9107B,***,장갑차 부품류(사전의향서),2024,EBB,지상공통전력운영계약팀,일반경쟁,총액제,적격심사제,202407181100,20240718,낙찰
정상공고,EBB0295,1,9111,***,반자동식부교 부품(구매),2024,EBB,지상공통전력운영계약팀,제한경쟁,총액제,적격심사제,202407181400,20240718,낙찰
정상공고,EBH0084,1,7008,***,24년 특수무기 케이블조립체류,2024,EBH,해상공중전력운영계약팀,일반경쟁,총액제,적격심사제,202407181100,20240718,낙찰
정상공고,EKA0022,1,7460,***,"천막,차량정비용(2.5톤 정비샵)",2024,EKA,기동총괄계약팀,제한경쟁,총액제,적격심사제,202407181200,20240718,낙찰
정상공고,EM60001,1,7803,***,기뢰전전투체계 체계개발,2024,EMA,함정총괄계약팀,협상에의한계약(서류),총액제,최저가격제,202407181600,20240718,낙찰
정상공고,HCG0031,1,29311,***,24-성남시 고도제한 완화요구 공공갈등 관리방안 연구,2024,HCG,공군본부,2단계경쟁(동시),총액제,최저가격제,202407181100,20240718,낙찰
재공고,HCM0055,2,32502,***,24-06-196 초경량 비행장치 무인멀티？터 셋트 1품목,2024,HCM,공군교육사령부,제한경쟁,총액제,적격심사제,202407181030,20240718,낙찰
긴급공고,HCM0057,1,33567,***,24-06-219 레벨측정기 1품목 구매,2024,HCM,공군교육사령부,제한경쟁,총액제,적격심사제,202407181030,20240718,낙찰
긴급공고,HDN0027,1,33696,001,액화석유가스(LPG) 통합장기계속 계약,2024,HDN,공군제18전투비행단,일반경쟁,단가제,적격심사제,202407181130,20240718,낙찰
긴급공고,LCF0441,1,31891,***,"대테러 장비(사거리측정기, 레이저용) 구매",2024,LCF,육군군수사령부,일반경쟁,총액제,적격심사제,202407181130,20240718,낙찰
재공고,LCF0427,2,32448,***,"리드선,전기용 등 35항목 생산능력제조(궤도002)",2024,LCF,육군군수사령부,제한경쟁,총액제,적격심사제,202407181130,20240718,유찰
긴급공고,LDH0619,1,33576,***,(기동) 내부판 등 1종 구매,2024,LDH,육군종합정비창,제한경쟁,총액제,적격심사제,202407181300,20240718,유찰
긴급공고,LDH0621,1,33583,***,(자재) 사각철파이프 등 32종 구매,2024,LDH,육군종합정비창,제한경쟁,총액제,적격심사제,202407181300,20240718,낙찰
긴급공고,LDH0622,1,33586,***,(자재) 스프링핀 등 49종 구매,2024,LDH,육군종합정비창,제한경쟁,총액제,적격심사제,202407181300,20240718,유찰
긴급공고,LDH0623,1,33590,***,(자재) 인코넬 파우더 구매,2024,LDH,육군종합정비창,제한경쟁,총액제,적격심사제,202407181300,20240718,유찰
긴급공고,LDH0624,1,33594,***,(자재) 늄합금판 등 18종 구매,2024,LDH,육군종합정비창,제한경쟁,총액제,적격심사제,202407181300,20240718,유찰
긴급공고,LHG0045,1,33619,***,간부숙소 신축 관급자재(타일) 제조,2024,LHG,제1862부대,제한경쟁,총액제,적격심사제,202407181100,20240718,낙찰
긴급공고,LNF0035,1,33632,***,시설복구 CCTV 자재 구매,2024,LNF,제1보병사단,제한경쟁,총액제,적격심사제,202407181100,20240718,낙찰
긴급공고,LQG0057,1,33677,***,00부대 얼음정수기 임차 용역,2024,LQG,육군 52보병사단,제한경쟁,총액제,적격심사제,202407181030,20240718,낙찰
긴급공고,MCR0050,1,30170,***,전문외국서적 번역 용역,2024,MCR,국방대학교,2단계경쟁(동시),총액제,최저가격제,202407181100,20240718,유찰
긴급공고,UMM0941,1,33684,***,(247049-H)사이버 침해대응시스템 구축(리스자산),2024,UMM,국군재정관리단,일반경쟁,총액제,적격심사제,202407181100,20240718,낙찰
정상공고,EBB0294,1,9110,***,반자동식부교 부품(제조),2024,EBB,지상공통전력운영계약팀,제한경쟁,총액제,적격심사제,202407171400,20240717,낙찰
정상공고,EBH0085,1,0013,***,24년 오리콘 코킹기어조립체,2024,EBH,해상공중전력운영계약팀,수의계약,총액제,적격심사제,202407171100,20240717,유찰
재공고,EBH0064,2,0730,***,24년 신궁 부품(구매),2024,EBH,해상공중전력운영계약팀,일반경쟁,총액제,적격심사제,202407171300,20240717,낙찰
정상공고,EBH0086,1,8011,***,24년 천마 수리부속(하우징류),2024,EBH,해상공중전력운영계약팀,일반경쟁,총액제,적격심사제,202407171100,20240717,낙찰
긴급공고,HDL0016,1,33390,***,국고지원시설 액화석유가스(LPG) 구매,2024,HDL,공군제16전투비행단,제한경쟁,총액제,적격심사제,202407171100,20240717,낙찰
긴급공고,LCF0440,1,32673,***,"펌프,연료용,전기식 등 2항목 구매(궤도-024)",2024,LCF,육군군수사령부,제한경쟁,총액제,적격심사제,202407171730,20240717,낙찰
정정공고,LCG0055,2,30965,***,[24-육-106] 공통 국방전략기술 설정기준 작성 용역,2024,LCG,육군본부,협상에의한계약(전자),총액제,최저가격제,202407171300,20240717,유찰
재공고,LDH0604,2,31790,***,(일장) 장갑전투도자 개스킷 셋트 등 2품목 구매,2024,LDH,육군종합정비창,제한경쟁,총액제,적격심사제,202407171300,20240717,유찰
재공고,LDH0603,2,31791,***,"(일장) 다목적굴착기 냉각기,윤활유식,엔진용 구매",2024,LDH,육군종합정비창,제한경쟁,총액제,적격심사제,202407171300,20240717,낙찰
정상공고,LDH0614,1,32467,***,K1전차 회로카드 조립체 구매,2024,LDH,육군종합정비창,제한경쟁,총액제,적격심사제,202407171300,20240717,순위확정
긴급공고,LKP0119,1,33501,***,24년 군량곡 민간위탁배송(육훈소),2024,LKP,5군수지원사령부,제한경쟁,총액제,적격심사제,202407171100,20240717,낙찰
긴급공고,LMH0045,1,33057,***,우수상용품(대형 구조물 에어텐트) 구매(C069),2024,LMH,제7군단,일반경쟁,총액제,적격심사제,202407171030,20240717,낙찰
재공고,SCF0696,2,10865,***,"배터리충전기, 황산 1종 구매",2024,SCF,해군군수사령부,제한경쟁,총액제,적격심사제,202407171030,20240717,유찰
재공고,SCF0699,2,20367,***,"잠수함(SS-I, II, III) 조종훈련장비 유지보수 용역",2024,SCF,해군군수사령부,일반경쟁,총액제,적격심사제,202407171030,20240717,낙찰
재공고,SCF0687,2,21631,***,전력계(110GHz) 1EA 구매,2024,SCF,해군군수사령부,제한경쟁,총액제,적격심사제,202407171030,20240717,유찰
긴급공고,SCF0741,1,22973,***,0-00호정 함내 배전반 외주정비,2024,SCF,해군군수사령부,일반경쟁,총액제,적격심사제,202407171030,20240717,유찰
정정공고,SCF0736,2,23197,***,"원심과급기, 엔진용, 비-항공기용 1종 구매",2024,SCF,해군군수사령부,제한경쟁,총액제,적격심사제,202407171430,20240717,낙찰
긴급공고,SCF0738,1,32328,***,"필터 엘리먼트, 유체용 등 2종 구매",2024,SCF,해군군수사령부,제한경쟁,총액제,적격심사제,202407171030,20240717,낙찰
긴급공고,SCF0740,1,32453,***,(긴급)구리니켈 파이프 등 30종,2024,SCF,해군군수사령부,제한경쟁,총액제,적격심사제,202407171030,20240717,낙찰
긴급공고,SCF0743,1,32483,***,DDH-II 에어컨 동력 케이블 및 차단기 교체 정비,2024,SCF,해군군수사령부,일반경쟁,총액제,적격심사제,202407171030,20240717,낙찰
긴급공고,SCF0739,1,33283,***,종이가방 3종 구매,2024,SCF,해군군수사령부,제한경쟁,총액제,적격심사제,202407171030,20240717,순위확정
긴급공고,SCF0737,1,33294,***,측면펜더 등 4종 제조,2024,SCF,해군군수사령부,제한경쟁,총액제,적격심사제,202407171030,20240717,낙찰
긴급공고,SCF0735,1,33402,***,대형차량스캐너 2EA 구매,2024,SCF,해군군수사령부,제한경쟁,총액제,적격심사제,202407171030,20240717,낙찰
긴급공고,SFC0084,1,33487,***,24-해병-전기안전관리자 선임 및 관리 운영 대행 용역,2024,SFC,제9691부대,제한경쟁,총액제,적격심사제,202407171100,20240717,낙찰
재공고,SFM0060,2,32492,***,24-해병대 유류(도서-차량) 구매,2024,SFM,제3170부대,일반경쟁,총액제,적격심사제,202407171030,20240717,유찰
정상공고,UMM0927,1,10774,***,(24G110-A) 병영시설 민간 전문방제 위탁용역,2024,UMM,국군재정관리단,제한경쟁,총액제,적격심사제,202407171100,20240717,낙찰
정상공고,UMM0919,1,24756,***,24-N-음식물분쇄기 13대 구매,2024,UMM,국군재정관리단,제한경쟁,총액제,적격심사제,202407171100,20240717,낙찰
정상공고,UMM0932,1,24796,***,24-N-해군 사병동행사복 등 10종 제조,2024,UMM,국군재정관리단,제한경쟁,총액제,적격심사제,202407171100,20240717,낙찰
재공고,UMM0898,2,25410,***,(247248-E) 고속고무보트 7인용 제조,2024,UMM,국군재정관리단,제한경쟁,총액제,적격심사제,202407171100,20240717,유찰
정상공고,UMM0929,1,27763,***,(247271-D) 디지털 인쇄장비 구매,2024,UMM,국군재정관리단,제한경쟁,총액제,적격심사제,202407171100,20240717,낙찰
긴급공고,UMM0940,1,29296,***,(247268-E) 호흡용 고압공기 압축기 구매,2024,UMM,국군재정관리단,제한경쟁,총액제,적격심사제,202407171100,20240717,낙찰
정상공고,UMM0917,1,31862,***,24-N-대형차량 리프트 구매(설치)(248195-F),2024,UMM,국군재정관리단,제한경쟁,총액제,적격심사제,202407171100,20240717,낙찰
긴급공고,UMM0935,1,32088,***,24-N-00창 관급자재(고강도콘크리트파일) 제조,2024,UMM,국군재정관리단,제한경쟁,총액제,적격심사제,202407171100,20240717,낙찰
정상공고,UMM0923,1,33003,***,(247043-H)브리핑시스템 교체 사업(리스자산),2024,UMM,국군재정관리단,제한경쟁,총액제,적격심사제,202407171100,20240717,낙찰
정상공고,EBB0292,1,0091,***,열영상 전차용 표적세트(윤곽형),2024,EBB,지상공통전력운영계약팀,수의계약,총액제,적격심사제,202407161100,20240716,유찰
정상공고,EBB0293,1,5051,***,고압호스(전차),2024,EBB,지상공통전력운영계약팀,제한경쟁,총액제,적격심사제,202407161100,20240716,낙찰
재공고,EBB0283,2,9210,***,정수장비부품,2024,EBB,지상공통전력운영계약팀,수의계약,총액제,적격심사제,202407161400,20240716,순위확정
재공고,EBH0077,2,2401G,***,24년 지상전술전자전장비 부품(구매)(A),2024,EBH,해상공중전력운영계약팀,수의계약,총액제,적격심사제,202407161030,20240716,유찰
재공고,EBH0078,2,2402G,***,24년 지상전술전자전장비 부품(구매)(B),2024,EBH,해상공중전력운영계약팀,수의계약,총액제,적격심사제,202407161030,20240716,유찰
정상공고,ELA0024,1,2630,***,"충전기,전지용",2024,ELA,화력총괄계약팀,일반경쟁,총액제,적격심사제,202407161100,20240716,낙찰
긴급공고,HCF0173,1,33241,***,"조달-기관-1, 냉각수 장비 제조",2024,HCF,공군군수사령부,일반경쟁,총액제,적격심사제,202407161030,20240716,낙찰
긴급공고,HDP0030,1,32595,***,가스연료(LPG) 구매,2024,HDP,공군제19전투비행단,제한경쟁,총액제,적격심사제,202407161100,20240716,낙찰
긴급공고,HFK0023,1,33269,001,"’24~’27년 대천, 당진지역 LPG 통합 구매",2024,HFK,제1방공유도탄여단,제한경쟁,단가제,적격심사제,202407161030,20240716,유찰
재공고,LCF0415,2,25252,***,"판,식별용(판,식별용) 등 7항목 구매(총포)",2024,LCF,육군군수사령부,제한경쟁,총액제,적격심사제,202407161130,20240716,유찰
재공고,LCF0358,3,25276,***,"다이얼,눈금식 등 38항목 제조(총포)",2024,LCF,육군군수사령부,제한경쟁,총액제,적격심사제,202407161130,20240716,낙찰
긴급공고,LCF0439,1,32988,***,"호스,공기흡입용 등 18항목 구매(화생방)",2024,LCF,육군군수사령부,제한경쟁,총액제,적격심사제,202407161030,20240716,유찰
긴급공고,LCF0436,1,33000,***,"판,설치용 등 33항목 구매(화생방)",2024,LCF,육군군수사령부,제한경쟁,총액제,적격심사제,202407161030,20240716,유찰
긴급공고,LCF0437,1,33001,***,배전반 등 13항목 구매(화생방),2024,LCF,육군군수사령부,제한경쟁,총액제,적격심사제,202407161030,20240716,유찰
긴급공고,LCF0438,1,33002,***,"개스킷,수통 마개용 등 21항목 구매(화생방)",2024,LCF,육군군수사령부,제한경쟁,총액제,적격심사제,202407161030,20240716,유찰
긴급공고,LCF0435,1,33005,***,수집액 등 8항목 구매(화생방),2024,LCF,육군군수사령부,일반경쟁,총액제,적격심사제,202407161030,20240716,유찰
정정공고,LCG0062,2,33243,***,[24-육-135] 폭발물처리 종사자 단체보험,2024,LCG,육군본부,일반경쟁,총액제,적격심사제,202407161300,20240716,유찰
정상공고,LDH0611,1,33033,***,통신 축전기(37A268443) 구매,2024,LDH,육군종합정비창,제한경쟁,총액제,적격심사제,202407161300,20240716,낙찰
정상공고,LDH0612,1,33039,***,통신 캐패시터(012768069) 구매,2024,LDH,육군종합정비창,제한경쟁,총액제,적격심사제,202407161300,20240716,낙찰
긴급공고,LGP0110,1,32372,***,"24년 화력장비 정비장비(검사세트,포신용,로봇형)구매",2024,LGP,제1군수지원사령부,제한경쟁,총액제,적격심사제,202407161100,20240716,낙찰
재공고,LPF0063,2,32092,***,간부숙소 신축 다기능성페인트 제조 204,2024,LPF,제51보병사단,일반경쟁,총액제,적격심사제,202407161030,20240716,유찰
재공고,LPN0008,2,32559,***,예비군 야전배낭 구매(육성-1),2024,LPN,수도군단,제한경쟁,총액제,적격심사제,202407161030,20240716,낙찰
재공고,MCD0027,2,20935,***,군 복무가치 제고 방안 연구,2024,MCD,국방부(운영지원과),협상에의한계약(전자),총액제,최저가격제,202407161100,20240716,낙찰
긴급공고,MDG0165,1,32948,***,고양병원 공조기 필터 교체 설치납품,2024,MDG,국군의무사령부,제한경쟁,총액제,적격심사제,202407161100,20240716,낙찰
긴급공고,MDG0168,1,33073,***,서울지구병원 수배전 설비 제조 설치 납품,2024,MDG,국군의무사령부,제한경쟁,총액제,적격심사제,202407161100,20240716,낙찰
긴급공고,MDG0169,1,33117,***,서울지구병원 UPS 노후설비 부품 교체 설치 납품,2024,MDG,국군의무사령부,제한경쟁,총액제,적격심사제,202407161100,20240716,낙찰
긴급공고,MDG0171,1,33254,***,구리병원 전열교환기 필터 제조 설치 납품,2024,MDG,국군의무사령부,제한경쟁,총액제,적격심사제,202407161100,20240716,낙찰
정정공고,MDR0036,2,31969,***,24년 저속고무보트(7인승) 제조,2024,MDR,제9965부대,제한경쟁,총액제,적격심사제,202407161100,20240716,유찰
긴급공고,MDS0011,1,31935,***,707체계 수리부속 구매(레이돔 보수킷트),2024,MDS,제3707부대,제한경쟁,총액제,적격심사제,202407161030,20240716,낙찰
긴급공고,MHD0066,1,32405,***,2024년 절충교역 물품자산 재물조사 용역,2024,MHD,방위사업청(운영지원과),협상에의한계약(전자),총액제,최저가격제,202407161500,20240716,낙찰
재공고,SCF0627,2,19472,***,'24년 전동기 권선 외주정비,2024,SCF,해군군수사령부,일반경쟁,총액제,적격심사제,202407161030,20240716,순위확정
긴급공고,SCF0726,1,20129,***,육상훈련장 호흡용 고압공기압축기 정비,2024,SCF,해군군수사령부,일반경쟁,총액제,적격심사제,202407161030,20240716,유찰
긴급공고,SCF0725,1,20432,***,"잠수함(SS-I) 함조종장치 송신기,타각용(SR) 정비",2024,SCF,해군군수사령부,일반경쟁,총액제,적격심사제,202407161030,20240716,유찰
긴급공고,SCF0732,1,21872,***,Lynx 항공기 편류각 대지 속도용 지시기 정비,2024,SCF,해군군수사령부,일반경쟁,총액제,적격심사제,202407161030,20240716,유찰
재공고,SCF0628,2,22743,***,000함 함수추진기 외주정비,2024,SCF,해군군수사령부,일반경쟁,총액제,적격심사제,202407161030,20240716,낙찰
긴급공고,SCF0727,1,22965,***,LSF-I 무레나 부양팬 플랩 외주정비,2024,SCF,해군군수사령부,일반경쟁,총액제,적격심사제,202407161030,20240716,낙찰
재공고,SCF0662,2,24844,***,"윤활유, 일반용 9DR 구매",2024,SCF,해군군수사령부,제한경쟁,총액제,적격심사제,202407161030,20240716,유찰
긴급공고,SCF0731,1,25047,***,ATS-II 발전기 R-3 총분해정비,2024,SCF,해군군수사령부,일반경쟁,총액제,적격심사제,202407161030,20240716,유찰
긴급공고,SCF0733,1,25123,***,기중기정 크레인 외주정비,2024,SCF,해군군수사령부,일반경쟁,총액제,적격심사제,202407161030,20240716,유찰
긴급공고,SCF0730,1,25802,***,OO함 잠수장비세트 안전도 검사 외주용역,2024,SCF,해군군수사령부,일반경쟁,총액제,적격심사제,202407161030,20240716,유찰
재공고,SCF0653,2,25999,***,'24년 LynxFTD(모의비행장치) 유지보수 용역,2024,SCF,해군군수사령부,일반경쟁,총액제,적격심사제,202407161030,20240716,낙찰
긴급공고,SCF0728,1,28129,***,실리콘 테이프(회색) 등 89종 구매,2024,SCF,해군군수사령부,제한경쟁,총액제,적격심사제,202407161030,20240716,낙찰
긴급공고,SCF0729,1,28871,***,파이프나선기 10EA 구매,2024,SCF,해군군수사령부,제한경쟁,총액제,적격심사제,202407161030,20240716,낙찰
긴급공고,SCF0722,1,32229,***,잠수함 호흡용 고압 공기압축기 정비,2024,SCF,해군군수사령부,일반경쟁,총액제,적격심사제,202407161030,20240716,유찰
긴급공고,SCF0721,1,32317,***,베어링 덮개 등 5종 구매,2024,SCF,해군군수사령부,제한경쟁,총액제,적격심사제,202407161030,20240716,낙찰
긴급공고,SCF0724,1,32523,***,"(긴급)바퀴,캐스터용,후륜 등 13종",2024,SCF,해군군수사령부,제한경쟁,총액제,적격심사제,202407161300,20240716,낙찰
긴급공고,SCF0723,1,32553,***,(긴급)소프트웨어 구매(SOLIDWORKS Professional),2024,SCF,해군군수사령부,제한경쟁,총액제,적격심사제,202407161300,20240716,낙찰
긴급공고,SFC0077,1,30264,***,24-해병-SNS 영상 콘텐츠 제작 대행,2024,SFC,제9691부대,2단계경쟁(동시),총액제,최저가격제,202407161030,20240716,낙찰
정정공고,SFC0081,2,32641,***,24-해병-이동식 취약점 분석평가 도구(상용SW) 구매,2024,SFC,제9691부대,제한경쟁,총액제,적격심사제,202407161030,20240716,낙찰
긴급공고,SFC0082,1,33383,***,변환 어댑터 플러그 등 277품목 구매,2024,SFC,제9691부대,제한경쟁,총액제,적격심사제,202407161030,20240716,낙찰
정상공고,UMM0925,1,05084,***,"24-F-방송장비세트(혼합 스테이지, 주파수용) 제조",2024,UMM,국군재정관리단,제한경쟁,총액제,적격심사제,202407161100,20240716,낙찰
긴급공고,UMM0926,1,18316,***,(246224-B) 24년 예비군 무기진공포장 박스 제조,2024,UMM,국군재정관리단,일반경쟁,총액제,적격심사제,202407161100,20240716,유찰
긴급공고,UMM0913,1,21295,***,24-N-함정 복원력 모니터 시스템 구축,2024,UMM,국군재정관리단,제한경쟁,총액제,적격심사제,202407161100,20240716,낙찰
정상공고,UMM0923,1,25320,***,(246252-E) 교실 장비도입(빔프로젝터 등 구매설치),2024,UMM,국군재정관리단,일반경쟁,총액제,적격심사제,202407161100,20240716,낙찰
정상공고,UMM0900,1,26693,***,24-D-계룡대 출입통제체계 교체(리스자산),2024,UMM,국군재정관리단,제한경쟁,총액제,적격심사제,202407161100,20240716,낙찰
정상공고,UMM0922,1,26979,***,"(246256-E) 조끼, 방탄복 3형 등 5항목 제조",2024,UMM,국군재정관리단,일반경쟁,총액제,적격심사제,202407161100,20240716,유찰
정상공고,UMM0907,1,27769,***,24-F-작동기 구매,2024,UMM,국군재정관리단,제한경쟁,총액제,적격심사제,202407161100,20240716,낙찰
정상공고,UMM0909,1,28254,***,"24-F-공구키트, 사제폭발물 처리용 구매",2024,UMM,국군재정관리단,제한경쟁,총액제,적격심사제,202407161100,20240716,낙찰
재공고,UMM0866,2,29165,***,(24F101-A)식기세척기 임차용역,2024,UMM,국군재정관리단,제한경쟁,총액제,적격심사제,202407161100,20240716,낙찰
긴급공고,UMM0931,1,32396,***,(24F104-I) 얼음정수기 임차 용역,2024,UMM,국군재정관리단,제한경쟁,총액제,적격심사제,202407161100,20240716,낙찰
정상공고,UMM0912,1,32645,***,24-F-전화기용 케이블 10종 구매,2024,UMM,국군재정관리단,제한경쟁,총액제,적격심사제,202407161100,20240716,낙찰
정상공고,UMM0921,1,32971,***,(246298-C) 생도 교과서 구매,2024,UMM,국군재정관리단,제한경쟁,총액제,적격심사제,202407161100,20240716,낙찰
긴급공고,HCL0050,2,31247,***,24-공군사관학교 4학년 생도 해외항법훈련 용역,2024,HCL,공군사관학교,협상에의한계약(서류),총액제,최저가격제,202407151030,20240715,낙찰
긴급공고,HDK0021,1,32763,***,24년 대구기지 특수건강진단 민간위탁 검진 용역,2024,HDK,공군제11전투비행단,제한경쟁,총액제,적격심사제,202407151100,20240715,낙찰
긴급공고,LCJ0042,1,32831,***,(24육군-해파37)한빛부대 지원용 컨테이너 2차 구매,2024,LCJ,종합보급창,제한경쟁,총액제,적격심사제,202407151100,20240715,낙찰
정정공고,LCM0046,2,30307,***,'24년 드론봇챌린지 대회 행사 용역,2024,LCM,육군교육사령부,협상에의한계약(전자),총액제,최저가격제,202407151330,20240715,낙찰
긴급공고,LNG0056,1,32979,***,24년 식기세척기 임차 용역,2024,LNG,육군 제1군단,일반경쟁,총액제,적격심사제,202407151100,20240715,낙찰
긴급공고,LNG0057,1,32980,***,‘24~27년 얼음 냉·온정수기 임차용역,2024,LNG,육군 제1군단,제한경쟁,총액제,적격심사제,202407151100,20240715,순위확정
재공고,MHD0051,3,19029,***,특수작전용대형기동헬기 기종결정 평가방안 연구,2024,MHD,방위사업청(운영지원과),협상에의한계약(전자),총액제,최저가격제,202407151500,20240715,낙찰
정정공고,MHD0060,2,23289,***,2024년 방산물자 현황분석 연구용역,2024,MHD,방위사업청(운영지원과),협상에의한계약(전자),총액제,최저가격제,202407151500,20240715,낙찰
정상공고,UMM0916,1,23249,***,(24F209-A) 간부 피복 택배 용역,2024,UMM,국군재정관리단,일반경쟁,총액제,적격심사제,202407151100,20240715,유찰
정상공고,UMM0897,1,26188,***,24-D-69톤 트랙터 구매,2024,UMM,국군재정관리단,제한경쟁,총액제,적격심사제,202407151100,20240715,낙찰
정상공고,EBB0291,1,5440,***,130mm연습연막로켓탄,2024,EBB,지상공통전력운영계약팀,수의계약,총액제,적격심사제,202407121100,20240712,유찰
재공고,EBH0056,2,2090A,***,24년 군위성통신체계 부품(구매),2024,EBH,해상공중전력운영계약팀,수의계약,총액제,적격심사제,202407121100,20240712,유찰
정상공고,EKA0021,1,5500,***,10톤 상용구난차,2024,EKA,기동총괄계약팀,일반경쟁,총액제,적격심사제,202407121100,20240712,낙찰
재공고,LCF0412,2,14602,***,튜브 등 15항목 구매(일장-014),2024,LCF,육군군수사령부,제한경쟁,총액제,적격심사제,202407121030,20240712,낙찰
긴급공고,LGI0062,1,32746,***,'24년 식자재 민간위탁배송 용역,2024,LGI,제3군수지원여단,일반경쟁,총액제,적격심사제,202407121030,20240712,유찰
긴급공고,MCD0039,1,30644,***,전군 통합된 자살예방교육 교재 개발,2024,MCD,국방부(운영지원과),협상에의한계약(전자),총액제,최저가격제,202407121700,20240712,낙찰
정상공고,MDJ0044,1,32680,***,의무장비(형광안저사진기) 구매계약,2024,MDJ,국군대전병원,일반경쟁,총액제,적격심사제,202407121330,20240712,순위확정
정상공고,MDJ0043,1,32681,***,의무장비(태아감시장치) 구매계약,2024,MDJ,국군대전병원,일반경쟁,총액제,적격심사제,202407121330,20240712,낙찰
정정공고,MGO0003,2,32250,***,후방지역 위성통신체계 전투효율성 개선,2024,MGO,국방기술품질원,2단계경쟁(동시),총액제,최저가격제,202407121500,20240712,낙찰
정상공고,UMM0896,1,25885,***,24-N-카본제거기 구매,2024,UMM,국군재정관리단,제한경쟁,총액제,적격심사제,202407121100,20240712,낙찰
정상공고,EBB0289,1,6302,***,"회로카드조립체(전차,장갑차,상륙장갑차)",2024,EBB,지상공통전력운영계약팀,수의계약,총액제,적격심사제,202407111100,20240711,유찰
정상공고,EBB0290,1,6302A,***,회로카드조립체(입출력용),2024,EBB,지상공통전력운영계약팀,수의계약,총액제,적격심사제,202407111400,20240711,유찰
재공고,EBH0069,2,4901G,***,24년 국지방공레이더용 부품(구매)(B),2024,EBH,해상공중전력운영계약팀,수의계약,총액제,적격심사제,202407111030,20240711,유찰
재공고,EBH0070,2,4903G,***,24년 국지방공레이더용 부품(구매)(D),2024,EBH,해상공중전력운영계약팀,수의계약,총액제,적격심사제,202407111030,20240711,유찰
재공고,EBH0071,2,4904G,***,24년 국지방공레이더용 부품(구매)(E),2024,EBH,해상공중전력운영계약팀,수의계약,총액제,적격심사제,202407111030,20240711,유찰
재공고,EBH0072,2,4905G,***,24년 국지방공레이더용 부품(구매)(F),2024,EBH,해상공중전력운영계약팀,수의계약,총액제,적격심사제,202407111030,20240711,유찰
재공고,EMA0005,2,8D070,***,24년 함정용 부력방탄복,2024,EMA,함정총괄계약팀,수의계약,총액제,적격심사제,202407111100,20240711,유찰
재공고,LCF0406,3,08073,***,"케이블 조립체, 전력용 등 3항목 구매(통신)",2024,LCF,육군군수사령부,제한경쟁,총액제,적격심사제,202407111100,20240711,순위확정
재공고,LCF0389,3,27458,***,"플랩, 내측 튜브용 등 13항목 제조(기동-제조-007-재)",2024,LCF,육군군수사령부,제한경쟁,총액제,적격심사제,202407111030,20240711,낙찰
긴급공고,LFN0025,1,32781,***,24-2학기 생도교과서(국내서) 구매,2024,LFN,육군3사관학교,제한경쟁,총액제,적격심사제,202407111400,20240711,낙찰
긴급공고,LNR0021,1,32572,***,24년 공기청정기 필터 제조 구매,2024,LNR,수도기계화보병사단,일반경쟁,총액제,적격심사제,202407111100,20240711,낙찰
긴급공고,LPN0008,1,32559,***,예비군 야전배낭 구매(육성-1),2024,LPN,수도군단,제한경쟁,총액제,적격심사제,202407111030,20240711,유찰
정상공고,MHD0064,1,30511,***,전시조달시스템 보안강화 사업 입찰공고 의뢰,2024,MHD,방위사업청(운영지원과),일반경쟁,총액제,적격심사제,202407111700,20240711,유찰
재공고,SCF0540,2,15242,***,"혼,신호용 등 5종 구매",2024,SCF,해군군수사령부,제한경쟁,총액제,적격심사제,202407111030,20240711,순위확정
긴급공고,SCF0718,1,22742,***,'24년 Lynx 항공기 레이더용 수신기 정비,2024,SCF,해군군수사령부,일반경쟁,총액제,적격심사제,202407111030,20240711,유찰
긴급공고,SCF0716,1,23063,***,UDT팔각모 등 3종 제조,2024,SCF,해군군수사령부,제한경쟁,총액제,적격심사제,202407111030,20240711,낙찰
긴급공고,SCF0719,1,25503,***,'24년 Lynx 항공기 기내녹음장비 유지보수 정비,2024,SCF,해군군수사령부,일반경쟁,총액제,적격심사제,202407111030,20240711,낙찰
긴급공고,SCF0715,1,25782,***,"4주식리프트, 소형 2EA 구매",2024,SCF,해군군수사령부,제한경쟁,총액제,적격심사제,202407111030,20240711,낙찰
긴급공고,SCF0714,1,25796,***,"동계취사복 2,530EA 제조",2024,SCF,해군군수사령부,제한경쟁,총액제,적격심사제,202407111030,20240711,낙찰
재공고,SCF0678,2,28125,***,체크밸브 등 4품목 제조,2024,SCF,해군군수사령부,제한경쟁,총액제,적격심사제,202407111030,20240711,유찰
긴급공고,SFM0060,1,32492,***,24-해병대 유류(도서-차량) 구매,2024,SFM,제3170부대,일반경쟁,총액제,적격심사제,202407111030,20240711,유찰
정상공고,UMM0904,1,24437,***,(24G215-A)군 의료요원 배상책임보험 용역,2024,UMM,국군재정관리단,일반경쟁,총액제,적격심사제,202407111100,20240711,낙찰
정상공고,UMM0901,1,28080,***,24~25-D-별관 시스템에어컨(GHP) 연간 유지관리 용역,2024,UMM,국군재정관리단,제한경쟁,총액제,적격심사제,202407111100,20240711,낙찰
정상공고,UMM0902,1,32320,***,(246036-B1)대형전시체계 교체 사업(리스자산),2024,UMM,국군재정관리단,일반경쟁,총액제,적격심사제,202407111100,20240711,낙찰
정상공고,EBB0287,1,8331,***,오링 및 패킹류,2024,EBB,지상공통전력운영계약팀,수의계약,총액제,적격심사제,202407101100,20240710,유찰
긴급공고,HCF0164,1,19445,***,중소기업진흥 적용개발무기체계 적정군수지원방안연구,2024,HCF,공군군수사령부,2단계경쟁(동시),총액제,최저가격제,202407101300,20240710,낙찰
긴급공고,HCF0171,1,30586,***,솔벤트 구매,2024,HCF,공군군수사령부,제한경쟁,총액제,적격심사제,202407101030,20240710,낙찰
긴급공고,HCM0055,1,32502,***,24-06-196 초경량 비행장치 무인멀티？터 셋트 1품목,2024,HCM,공군교육사령부,제한경쟁,총액제,적격심사제,202407101030,20240710,유찰
긴급공고,HDF0052,1,32607,***,‘24년~‘27년 가스(LPG),2024,HDF,공군 제8전투비행단,제한경쟁,총액제,적격심사제,202407101100,20240710,낙찰
긴급공고,HDG0020,1,23979,***,24-83 피해복구훈련 및 비축용 혼합골재 2종 제조,2024,HDG,공군제10전투비행단,제한경쟁,총액제,적격심사제,202407101100,20240710,유찰
정상공고,HDQ0066,1,32179,***,20비 24-134 항공기 냉각용 절연유(COOLANOL 25R),2024,HDQ,제20전투비행단,제한경쟁,총액제,적격심사제,202407101100,20240710,낙찰
긴급공고,LCF0430,1,09479,***,"발전기, 교류식 등 3항목 구매(기장)",2024,LCF,육군군수사령부,제한경쟁,총액제,적격심사제,202407101030,20240710,낙찰
긴급공고,LCF0431,1,12737,***,"속도 구동장치, 변속기용 등 13항목 구매(기장)",2024,LCF,육군군수사령부,제한경쟁,총액제,적격심사제,202407101030,20240710,순위확정
긴급공고,LCF0429,1,14585,***,"버팀대,갑판시일등 등 30항목 구매(일장-006)",2024,LCF,육군군수사령부,제한경쟁,총액제,적격심사제,202407101030,20240710,순위확정
긴급공고,LCF0432,1,32656,***,"코드조립체,고무제 등 295항목 제조(궤도,묶음-001)",2024,LCF,육군군수사령부,제한경쟁,총액제,적격심사제,202407101130,20240710,유찰
긴급공고,LCF0433,1,32670,***,"베어링, 볼형 등 19항목 구매(기동-구매-020)",2024,LCF,육군군수사령부,제한경쟁,총액제,적격심사제,202407101030,20240710,낙찰
긴급공고,LCF0434,1,32676,***,화염검출기결합체 등 4항목 구매(기동-구매-007),2024,LCF,육군군수사령부,일반경쟁,총액제,적격심사제,202407101030,20240710,순위확정
정정공고,LCG0057,2,30808,***,"[24-육-149] 한, 아세안 국제 군수 포럼 행사대행",2024,LCG,육군본부,제한경쟁,총액제,적격심사제,202407101230,20240710,낙찰
정상공고,LDH0602,1,32219,***,K9자주포 통및막대피스톤등13종 구매,2024,LDH,육군종합정비창,제한경쟁,총액제,적격심사제,202407101300,20240710,순위확정
긴급공고,LIK0051,1,32171,***,"검사세트,포신용,로봇형 구매",2024,LIK,제2군수지원여단,제한경쟁,총액제,적격심사제,202407101100,20240710,낙찰
긴급공고,LKG0069,1,32647,***,00부대 주둔지 소규모환경영향평가 용역,2024,LKG,육군제53보병사단,일반경쟁,총액제,적격심사제,202407101100,20240710,낙찰
긴급공고,LKG0070,1,32648,***,00부대 주둔지 소규모재해영향평가 용역,2024,LKG,육군제53보병사단,일반경쟁,총액제,적격심사제,202407101100,20240710,낙찰
정상공고,LKP0118,1,32210,***,'24년 식품검사장비 운영소모품 구매,2024,LKP,5군수지원사령부,제한경쟁,총액제,적격심사제,202407101100,20240710,낙찰
정상공고,MDD0099,1,23930,***,'24년 재투자 의무장비(기관지내시경마취과용)구매,2024,MDD,국군수도병원,제한경쟁,총액제,적격심사제,202407101200,20240710,낙찰
정상공고,MDD0098,1,30680,***,2024 병원장비운영소모품(1-2) 구매,2024,MDD,국군수도병원,제한경쟁,총액제,적격심사제,202407101200,20240710,유찰
재공고,MDG0153,2,24322,***,24-3차 후생용구(이발기 등 2종) 구매,2024,MDG,국군의무사령부,제한경쟁,총액제,적격심사제,202407101100,20240710,낙찰
긴급공고,MDR0039,1,32635,***,수중환경측정장치 구매,2024,MDR,제9965부대,제한경쟁,총액제,적격심사제,202407101100,20240710,유찰
재공고,SCF0521,2,15883,***,압력계 등 4종 구매,2024,SCF,해군군수사령부,제한경쟁,총액제,적격심사제,202407101030,20240710,유찰
긴급공고,SCF0712,1,22415,***,Lynx 항공기 레이더용 변조기 정비,2024,SCF,해군군수사령부,일반경쟁,총액제,적격심사제,202407101030,20240710,유찰
긴급공고,SCF0711,1,31634,***,"(긴급) 밸브, 제어식, 압력 및 온도용 1종",2024,SCF,해군군수사령부,제한경쟁,총액제,적격심사제,202407101030,20240710,낙찰
긴급공고,SCF0713,1,31787,***,"(긴급)리셉터클,육전 연결용 등 2종",2024,SCF,해군군수사령부,제한경쟁,총액제,적격심사제,202407101030,20240710,낙찰
정상공고,SFG0073,1,32154,***,M60 진공포장 박스 제조 구매,2024,SFG,제9181부대,일반경쟁,총액제,적격심사제,202407101030,20240710,낙찰
정상공고,SFG0074,1,32228,***,크레인용 배터리 등 102품목 구매(수리부속),2024,SFG,제9181부대,제한경쟁,총액제,적격심사제,202407101030,20240710,낙찰
재공고,UMM0554,2,07116,***,24-N-태풍피항 함정  계류부이 및 부이샤클 제조,2024,UMM,국군재정관리단,일반경쟁,총액제,적격심사제,202407101100,20240710,낙찰
정상공고,UMM0898,1,25410,***,(247248-E) 고속고무보트 7인용 제조,2024,UMM,국군재정관리단,제한경쟁,총액제,적격심사제,202407101100,20240710,유찰
정상공고,UMM0899,1,29377,***,(246272-E) 스캐너 구매,2024,UMM,국군재정관리단,제한경쟁,총액제,적격심사제,202407101100,20240710,낙찰
정상공고,UMM0893,1,31870,***,24-N-해상 대테러 작전 지원용 드론 제조,2024,UMM,국군재정관리단,제한경쟁,총액제,적격심사제,202407101100,20240710,낙찰
긴급공고,UMM0911,1,32643,***,24-F-원통형 연삭기 제조 (249065-F),2024,UMM,국군재정관리단,일반경쟁,총액제,적격심사제,202407101100,20240710,유찰
재공고,EBB0280,3,1006,***,민수용 짚,2024,EBB,지상공통전력운영계약팀,수의계약,총액제,적격심사제,202407091100,20240709,유찰
정상공고,EBB0286,1,1030,***,장비 일반고무제품류,2024,EBB,지상공통전력운영계약팀,일반경쟁,총액제,적격심사제,202407091100,20240709,낙찰
재공고,EBB0285,2,6006,***,스위치 누름식(연구개발),2024,EBB,지상공통전력운영계약팀,수의계약,총액제,적격심사제,202407091100,20240709,유찰
재공고,EBH0067,2,0353,***,VHF무전기용 마스트류,2024,EBH,해상공중전력운영계약팀,수의계약,총액제,적격심사제,202407091100,20240709,유찰
연기공고,EBH0074,3,4335,***,24년 10KW발전기 유지부품(구매),2024,EBH,해상공중전력운영계약팀,일반경쟁,총액제,적격심사제,202407091100,20240709,순위확정
재공고,EMA0003,3,7300,***,"유조차(2,500G/A)",2024,EMA,함정총괄계약팀,일반경쟁,총액제,적격심사제,202407091100,20240709,유찰
정상공고,EPA0011,1,1091,***,"5톤 유조차(2,000G/A)",2024,EPA,항공기총괄계약팀,일반경쟁,총액제,적격심사제,202407091100,20240709,유찰
긴급공고,LCF0422,1,06846,***,시료흡입막 등 4항목 구매(화생방),2024,LCF,육군군수사령부,제한경쟁,총액제,적격심사제,202407091030,20240709,유찰
긴급공고,LCF0421,1,12203,***,"집적회로, 디지털형 1항목 구매(화생방)",2024,LCF,육군군수사령부,제한경쟁,총액제,적격심사제,202407091030,20240709,유찰
재공고,LCF0407,2,12734,***,"파이프, 예비가열기용 등 71항목 구매(기장-014)",2024,LCF,육군군수사령부,제한경쟁,총액제,적격심사제,202407091030,20240709,낙찰
긴급공고,LCF0420,1,31563,***,"윤활유,증기터빈용 1항목 구매(급연)",2024,LCF,육군군수사령부,제한경쟁,총액제,적격심사제,202407091030,20240709,낙찰
긴급공고,LCF0426,1,32408,***,칫솔케이스 등 2항목 구매(피복),2024,LCF,육군군수사령부,제한경쟁,총액제,적격심사제,202407091030,20240709,낙찰
긴급공고,LCG0058,1,30809,***,"[24-육-150] 한, 아세안 국제 군수 포럼 항공권 발권",2024,LCG,육군본부,제한경쟁,총액제,적격심사제,202407091230,20240709,낙찰
긴급공고,LCG0060,1,31375,***,[24-육-152] 육군 기획홍보영상 촬영 및 편집 용역,2024,LCG,육군본부,일반경쟁,총액제,적격심사제,202407091230,20240709,낙찰
긴급공고,LDC0016,1,32307,***,부족 마일즈장비 제조납품,2024,LDC,육군과학화전투훈련단,일반경쟁,총액제,적격심사제,202407091030,20240709,낙찰
재공고,LDH0589,2,27393,***,(자재) 호스피팅 등 25종 구매,2024,LDH,육군종합정비창,제한경쟁,총액제,적격심사제,202407091300,20240709,낙찰
재공고,LDH0585,2,27396,***,(자재) 호스 등 16종 구매,2024,LDH,육군종합정비창,제한경쟁,총액제,적격심사제,202407091300,20240709,낙찰
정상공고,LDH0601,1,30240,***,(특무) 와셔 등 35품목 구매,2024,LDH,육군종합정비창,제한경쟁,총액제,적격심사제,202407091300,20240709,유찰
정상공고,LDH0597,1,30787,***,K21 개스킷 등 2종 구매,2024,LDH,육군종합정비창,제한경쟁,총액제,적격심사제,202407091300,20240709,낙찰
정상공고,LDH0598,1,30798,***,"K200 링 세트,피스톤용 등 4종 구매",2024,LDH,육군종합정비창,제한경쟁,총액제,적격심사제,202407091300,20240709,낙찰
정상공고,LDH0600,1,30911,***,"K9자주포 스위치,압력식 구매",2024,LDH,육군종합정비창,제한경쟁,총액제,적격심사제,202407091300,20240709,낙찰
긴급공고,LHQ0035,1,30701,***,24년 SMS전송시스템 교체사업(전송장비 슈터기),2024,LHQ,제2작전사령부,일반경쟁,총액제,적격심사제,202407091100,20240709,낙찰
긴급공고,LIK0050,1,31979,***,UAV 정비용장비(동정압시험기) 구매계약,2024,LIK,제2군수지원여단,제한경쟁,총액제,적격심사제,202407091100,20240709,낙찰
긴급공고,LPF0062,1,32081,***,간부숙소 신축 시설공사-다기능성페인트 192,2024,LPF,제51보병사단,일반경쟁,총액제,적격심사제,202407091030,20240709,낙찰
긴급공고,LPF0063,1,32092,***,간부숙소 신축 다기능성페인트 제조 204,2024,LPF,제51보병사단,일반경쟁,총액제,적격심사제,202407091030,20240709,유찰
정상공고,MCD0036,1,28506,***,무기체계 시험평가 사고예방 안전매뉴얼 연구,2024,MCD,국방부(운영지원과),협상에의한계약(전자),총액제,최저가격제,202407091700,20240709,낙찰
재공고,MDG0111,2,11153,***,24년 의무장비(수액조절기 일반용) 구매,2024,MDG,국군의무사령부,제한경쟁,총액제,적격심사제,202407091100,20240709,유찰
긴급공고,MDP0003,1,28999,***,'24년 한미동맹 정책포럼 행사용역,2024,MDP,한미연합군사령부,2단계경쟁(동시),총액제,최저가격제,202407091100,20240709,유찰
긴급공고,MDR0037,1,32069,***,다공성 음압호스 구매,2024,MDR,제9965부대,제한경쟁,총액제,적격심사제,202407091100,20240709,낙찰
긴급공고,MDR0038,1,32195,***,지구측위시스템 구매,2024,MDR,제9965부대,제한경쟁,총액제,적격심사제,202407091100,20240709,유찰
정상공고,MGO0001,1,29326,***,탐색구조헬기 영상전송장비 장착 개선,2024,MGO,국방기술품질원,2단계경쟁(동시),총액제,최저가격제,202407091500,20240709,낙찰
긴급공고,MHD0065,1,30647,***,자주도하장비 및 특수작전용경전술차량 시설연구용역,2024,MHD,방위사업청(운영지원과),협상에의한계약(전자),총액제,최저가격제,202407091500,20240709,낙찰
재공고,SCF0647,2,23119,***,의장 영관예식도 구매,2024,SCF,해군군수사령부,제한경쟁,총액제,적격심사제,202407091030,20240709,낙찰
긴급공고,SCF0702,1,24308,***,"(긴급) 조명등, 전기식 1종",2024,SCF,해군군수사령부,제한경쟁,총액제,적격심사제,202407091030,20240709,낙찰
긴급공고,SCF0701,1,24310,***,(긴급) 멤브레인 조립체 1종,2024,SCF,해군군수사령부,제한경쟁,총액제,적격심사제,202407091030,20240709,낙찰
긴급공고,SCF0709,1,25456,***,"전지, 축전식 3EA 구매",2024,SCF,해군군수사령부,제한경쟁,총액제,적격심사제,202407091030,20240709,낙찰
정정공고,SCF0697,2,25524,***,"커플링, 축용, 가요성용 1종 구매",2024,SCF,해군군수사령부,제한경쟁,총액제,적격심사제,202407091030,20240709,순위확정
정정공고,SCF0698,2,25533,***,"유흡착재, 로프부착형 등 2종 구매",2024,SCF,해군군수사령부,제한경쟁,총액제,적격심사제,202407091030,20240709,낙찰
긴급공고,SCF0708,1,25551,***,재난대비물자 12종 구매,2024,SCF,해군군수사령부,제한경쟁,총액제,적격심사제,202407091030,20240709,낙찰
긴급공고,SCF0707,1,25614,***,초음파세척기 1EA 구매,2024,SCF,해군군수사령부,제한경쟁,총액제,적격심사제,202407091030,20240709,낙찰
긴급공고,SCF0710,1,25656,***,워커리프트트럭 1SET 구매,2024,SCF,해군군수사령부,제한경쟁,총액제,적격심사제,202407091030,20240709,낙찰
긴급공고,SCF0703,1,27546,***,"날개, 프로펠러용, 선박용 등 1종 구매",2024,SCF,해군군수사령부,제한경쟁,총액제,적격심사제,202407091030,20240709,낙찰
재공고,SCF0645,2,28250,***,"해병대 이동정비용밴(소형버스, 5인승) 구매",2024,SCF,해군군수사령부,일반경쟁,총액제,적격심사제,202407091030,20240709,유찰
긴급공고,SCF0705,1,31687,***,군사경찰 견식줄 등 13종 구매,2024,SCF,해군군수사령부,제한경쟁,총액제,적격심사제,202407091030,20240709,낙찰
긴급공고,SCF0704,1,31753,***,재난대비 물자(넉가래 등 18종) 구매,2024,SCF,해군군수사령부,제한경쟁,총액제,적격심사제,202407091030,20240709,낙찰
재공고,UMM0590,2,14480,***,24-건식 선체 청락기 제조,2024,UMM,국군재정관리단,일반경쟁,총액제,적격심사제,202407091100,20240709,유찰
긴급공고,UMM0892,1,21647,***,(246032-G) 24년 화상회의체계 구축사업(리스자산),2024,UMM,국군재정관리단,일반경쟁,총액제,적격심사제,202407091100,20240709,낙찰
긴급공고,UMM0905,1,22563,***,(246245-F) 노트북 도입사업(리스자산),2024,UMM,국군재정관리단,일반경쟁,총액제,적격심사제,202407091100,20240709,낙찰
재공고,UMM0882,2,26158,***,(246205-F)쇄석골재 제조납품,2024,UMM,국군재정관리단,제한경쟁,총액제,적격심사제,202407091100,20240709,유찰
긴급공고,UMM0906,1,27363,***,(247253-F) 유전자 검사 재료 구매,2024,UMM,국군재정관리단,일반경쟁,총액제,적격심사제,202407091100,20240709,낙찰
재공고,UMM0880,2,27571,***,(246218-E) 관급자재(토목-혼합골재) 제조 납품,2024,UMM,국군재정관리단,제한경쟁,총액제,적격심사제,202407091100,20240709,유찰
긴급공고,UMM0888,1,29007,***,24-D-제76주년 국군의 날 행사장병 수송용역,2024,UMM,국군재정관리단,제한경쟁,총액제,적격심사제,202407091100,20240709,유찰
정상공고,UMM0895,1,29052,***,24-M-군악기(수자폰 등 7종) 구매,2024,UMM,국군재정관리단,제한경쟁,총액제,적격심사제,202407091100,20240709,낙찰
정상공고,UMM0891,1,29352,***,24-N-경호물자 세트 구매,2024,UMM,국군재정관리단,제한경쟁,총액제,적격심사제,202407091100,20240709,낙찰
정상공고,UMM0889,1,31745,***,24-F-공항정보 자동 방송장치 제조,2024,UMM,국군재정관리단,제한경쟁,총액제,적격심사제,202407091100,20240709,유찰
긴급공고,UMM0903,1,32380,***,(24F182-I) 사단 외진버스 민간용역(서부2권역),2024,UMM,국군재정관리단,제한경쟁,총액제,적격심사제,202407091100,20240709,유찰
재공고,HCQ0055,2,24798,***,공정화물의장시설 신축 시설공사(자동제어),2024,HCQ,공군제5공중기동비행단,제한경쟁,총액제,적격심사제,202407081000,20240708,낙찰
재공고,LCG0045,2,24026,***,[24-육-117] AI기반 사격지휘체계 연구,2024,LCG,육군본부,협상에의한계약(전자),총액제,최저가격제,202407081300,20240708,유찰
재공고,LCG0047,2,24145,***,[24-육-120] 차세대 고속중형기동헬기 전력화 방안,2024,LCG,육군본부,협상에의한계약(전자),총액제,최저가격제,202407081300,20240708,유찰
긴급공고,LMH0044,1,31888,***,호국훈련 살수차량 위탁운영(C066),2024,LMH,제7군단,일반경쟁,총액제,적격심사제,202407081030,20240708,낙찰
긴급공고,MDD0097,1,32035,***,24년 국군수도병원 기계설비 성능점검 용역,2024,MDD,국군수도병원,제한경쟁,총액제,적격심사제,202407081100,20240708,낙찰
정상공고,UMM0876,1,18602,***,24-F-2SAWS 사이버방호체계 구축,2024,UMM,국군재정관리단,일반경쟁,총액제,적격심사제,202407081100,20240708,낙찰
재공고,EBB0238,2,8580,***,가스켓류,2024,EBB,지상공통전력운영계약팀,수의계약,총액제,적격심사제,202407051100,20240705,유찰
정상공고,EBH0081,1,2090D,***,"수신기-송신기,무전기용(구매)",2024,EBH,해상공중전력운영계약팀,일반경쟁,총액제,적격심사제,202407051100,20240705,낙찰
정상공고,EBH0077,1,2401G,***,24년 지상전술전자전장비 부품(구매)(A),2024,EBH,해상공중전력운영계약팀,수의계약,총액제,적격심사제,202407051030,20240705,유찰
정상공고,EBH0078,1,2402G,***,24년 지상전술전자전장비 부품(구매)(B),2024,EBH,해상공중전력운영계약팀,수의계약,총액제,적격심사제,202407051030,20240705,유찰
정상공고,EMA0005,1,8D070,***,24년 함정용 부력방탄복,2024,EMA,함정총괄계약팀,수의계약,총액제,적격심사제,202407051100,20240705,유찰
재공고,HDE0009,2,25106,***,중대 재해 예방을 위한 위험성 평가 용역(2차),2024,HDE,공군항공안전단,협상에의한계약(전자),총액제,최저가격제,202407051400,20240705,유찰
긴급공고,LCF0425,1,12729,***,"시일, 밀봉형 등 58항목 구매(기장)",2024,LCF,육군군수사령부,제한경쟁,총액제,적격심사제,202407051030,20240705,낙찰
긴급공고,LKT0063,1,31589,***,'24~25년 프린터 임차 용역,2024,LKT,제1989부대,제한경쟁,총액제,적격심사제,202407051030,20240705,유찰
긴급공고,LNR0020,1,31755,***,00부대 더 좋은 병영식당 취사기구 구매,2024,LNR,수도기계화보병사단,제한경쟁,총액제,적격심사제,202407051100,20240705,낙찰
긴급공고,LPN0007,1,31697,***,개인전투천막 구매(육성-4),2024,LPN,수도군단,제한경쟁,총액제,적격심사제,202407051030,20240705,낙찰
긴급공고,MCD0037,1,28866,***,2024년 군 급식 및 피복 만족도 조사,2024,MCD,국방부(운영지원과),협상에의한계약(전자),총액제,최저가격제,202407051700,20240705,낙찰
정상공고,MCS0085,1,28097,***,24- 간부숙소 및 구룡품안콘도 청소용역,2024,MCS,국방부계룡대근무지원단,일반경쟁,총액제,적격심사제,202407051030,20240705,낙찰
정상공고,UMM0878,1,22382,***,"24-F-시험세트, 항공기 엔진용  구매(249116-F)",2024,UMM,국군재정관리단,제한경쟁,총액제,적격심사제,202407051100,20240705,낙찰
정상공고,UMM0883,1,23866,***,(246251-D) 사전학습지원 기반체계(노트북) 도입사업,2024,UMM,국군재정관리단,일반경쟁,총액제,적격심사제,202407051100,20240705,낙찰
정상공고,UMM0884,1,25376,***,(246243-D)교육장비(미디어월) 구축 사업,2024,UMM,국군재정관리단,제한경쟁,총액제,적격심사제,202407051100,20240705,낙찰
정상공고,UMM0875,1,27204,***,24-M-총포류 부속품(소음/소염기) 구매,2024,UMM,국군재정관리단,일반경쟁,총액제,적격심사제,202407051100,20240705,유찰
연기공고,EBH0061,2,0389A,***,PP-2K부품(구매),2024,EBH,해상공중전력운영계약팀,일반경쟁,총액제,적격심사제,202407041430,20240704,낙찰
긴급공고,LCF0417,1,21472,***,"봉합사,비흡수성,외과용 등 3품목 구매(의무)",2024,LCF,육군군수사령부,제한경쟁,총액제,적격심사제,202407041100,20240704,순위확정
재공고,LCF0389,2,27458,***,"플랩, 내측 튜브용 등 13항목 제조(기동-제조-007-재)",2024,LCF,육군군수사령부,제한경쟁,총액제,적격심사제,202407041030,20240704,유찰
긴급공고,LCF0418,1,30928,***,발광 다이오드 등 38항목 구매(통신),2024,LCF,육군군수사령부,제한경쟁,총액제,적격심사제,202407041100,20240704,낙찰
긴급공고,LCF0416,1,31789,***,"테이프,접착식 등 46항목 구매(항공)",2024,LCF,육군군수사령부,일반경쟁,총액제,적격심사제,202407041100,20240704,순위확정
긴급공고,LKD0058,1,31063,***,육-00사단 방탄조끼 I 형 제조/납품,2024,LKD,제32보병사단,제한경쟁,총액제,적격심사제,202407041100,20240704,낙찰
긴급공고,SCF0696,1,10865,***,"배터리충전기, 황산 1종 구매",2024,SCF,해군군수사령부,제한경쟁,총액제,적격심사제,202407041030,20240704,순위확정
재공고,SCF0617,2,19473,***,잠수함 디젤 및 축전지 감시장치 PCB 정비,2024,SCF,해군군수사령부,일반경쟁,총액제,적격심사제,202407041030,20240704,유찰
긴급공고,SCF0699,1,20367,***,"잠수함(SS-I, II, III) 조종훈련장비 유지보수 용역",2024,SCF,해군군수사령부,일반경쟁,총액제,적격심사제,202407041030,20240704,순위확정
긴급공고,SCF0700,1,27990,***,(긴급)코일형 스테인레스 강선 5.0 등 38종,2024,SCF,해군군수사령부,제한경쟁,총액제,적격심사제,202407041300,20240704,낙찰
긴급공고,SFC0079,1,31723,***,잉크패드 리필 등 64품목 구매,2024,SFC,제9691부대,제한경쟁,총액제,적격심사제,202407041030,20240704,낙찰
재공고,EBB0236,2,9222A,***,회로카드조립체(제조),2024,EBB,지상공통전력운영계약팀,수의계약,총액제,적격심사제,202407031100,20240703,유찰
정상공고,EBH0075,1,1300,***,안테나조립체(AS-992K)및부품,2024,EBH,해상공중전력운영계약팀,일반경쟁,총액제,적격심사제,202407031100,20240703,낙찰
정상공고,EBH0080,1,8020,***,24년 천마 수리부속(호스등_구매),2024,EBH,해상공중전력운영계약팀,제한경쟁,총액제,적격심사제,202407031100,20240703,낙찰
재공고,HDS0007,3,25192,***,연구용역(방공포병 준.부사관 특기체계개선방안 연구),2024,HDS,공군미사일방어사령부,2단계경쟁(동시),총액제,최저가격제,202407031130,20240703,유찰
재공고,LCF0357,2,25230,***,"판,스프링용 등 10항목 구매(총포)",2024,LCF,육군군수사령부,제한경쟁,총액제,적격심사제,202407031030,20240703,유찰
긴급공고,LCF0415,1,25252,***,"판,식별용(판,식별용) 등 7항목 구매(총포)",2024,LCF,육군군수사령부,제한경쟁,총액제,적격심사제,202407031030,20240703,유찰
재공고,LCF0358,2,25276,***,"다이얼,눈금식 등 38항목 제조(총포)",2024,LCF,육군군수사령부,제한경쟁,총액제,적격심사제,202407031030,20240703,유찰
재공고,LCF0378,2,26320,***,덮개 등 12항목 구매(총포),2024,LCF,육군군수사령부,제한경쟁,총액제,적격심사제,202407031030,20240703,유찰
긴급공고,LCG0052,1,29883,***,[24-육-135] 폭발물처리 종사자 단체보험,2024,LCG,육군본부,일반경쟁,총액제,적격심사제,202407031300,20240703,유찰
긴급공고,LCH0049,1,31648,***,인명구조용 수륙양용 에어보트 제조(특-24-물-38),2024,LCH,특수전사령부,일반경쟁,총액제,적격심사제,202407031030,20240703,유찰
정상공고,LDH0592,1,30084,***,K1전차 오일펌프조립체 구매,2024,LDH,육군종합정비창,제한경쟁,총액제,적격심사제,202407031300,20240703,유찰
긴급공고,LKM0037,1,29919,***,'24~29년 얼음정수기 임차 용역,2024,LKM,제2632부대,제한경쟁,총액제,적격심사제,202407031100,20240703,낙찰
재공고,LKP0111,2,28389,***,'24년 상용차량 외주정비 용역,2024,LKP,5군수지원사령부,제한경쟁,총액제,적격심사제,202407031100,20240703,유찰
긴급공고,SCF0687,1,21631,***,전력계(110GHz) 1EA 구매,2024,SCF,해군군수사령부,제한경쟁,총액제,적격심사제,202407031030,20240703,유찰
긴급공고,SCF0689,1,23767,***,"세척제,용매용 1종 구매",2024,SCF,해군군수사령부,제한경쟁,총액제,적격심사제,202407031030,20240703,낙찰
긴급공고,SCF0695,1,24182,***,위보 노트북 쿨링 스탠드 등 12종 구매,2024,SCF,해군군수사령부,제한경쟁,총액제,적격심사제,202407031030,20240703,낙찰
긴급공고,SCF0688,1,25756,***,"공기압축기, 이동식 1EA 구매",2024,SCF,해군군수사령부,제한경쟁,총액제,적격심사제,202407031030,20240703,유찰
재공고,SCF0621,2,25949,***,ASR 심해구조잠수정(DSRV-II) 전망탑 정비,2024,SCF,해군군수사령부,일반경쟁,총액제,적격심사제,202407031030,20240703,유찰
긴급공고,SCF0692,1,31255,***,폐기 신축관 조립체 등 3종 구매,2024,SCF,해군군수사령부,일반경쟁,총액제,적격심사제,202407031030,20240703,낙찰
재공고,UMM0674,2,22450,***,(247129-F)장비운영소모품(병리5) 구매,2024,UMM,국군재정관리단,일반경쟁,총액제,적격심사제,202407031100,20240703,낙찰
정상공고,UMM0874,1,23194,***,"24-F-연삭기,원통형 2점 구매",2024,UMM,국군재정관리단,제한경쟁,총액제,적격심사제,202407031100,20240703,낙찰
긴급공고,UMM0885,1,23313,***,(247228-F) 고속단정 제조,2024,UMM,국군재정관리단,제한경쟁,총액제,적격심사제,202407031100,20240703,낙찰
긴급공고,UMM0886,1,26113,***,(246249-F) 전자칠판 등 제조설치,2024,UMM,국군재정관리단,제한경쟁,총액제,적격심사제,202407031100,20240703,낙찰
정상공고,UMM0873,1,27647,***,(247039-H)24-2차 상용SW 구매,2024,UMM,국군재정관리단,일반경쟁,총액제,적격심사제,202407031100,20240703,낙찰
재공고,EBB0234,2,0036,***,"플라스틱표적지(E,F형)",2024,EBB,지상공통전력운영계약팀,수의계약,총액제,적격심사제,202407021100,20240702,유찰
정상공고,EBB0284,1,1554,***,자주포 스프링류,2024,EBB,지상공통전력운영계약팀,제한경쟁,총액제,적격심사제,202407021100,20240702,낙찰
재공고,EBH0052,2,2400G,***,24년 지상전술전자전장비 부품(구매),2024,EBH,해상공중전력운영계약팀,수의계약,총액제,적격심사제,202407021030,20240702,유찰
정상공고,EBH0076,1,8008,***,24년 발칸 열영상야간조준기(제조),2024,EBH,해상공중전력운영계약팀,제한경쟁,총액제,적격심사제,202407021100,20240702,낙찰
재공고,ELA0023,2,0354,***,"확성기, 영구 자석식",2024,ELA,화력총괄계약팀,수의계약,총액제,적격심사제,202407021100,20240702,유찰
재공고,EMA0003,2,7300,***,"유조차(2,500G/A)",2024,EMA,함정총괄계약팀,일반경쟁,총액제,적격심사제,202407021100,20240702,유찰
긴급공고,HCF0165,1,27172,***,"[항공자동기상관측장비]하우징,전자 구성품용 등 3종",2024,HCF,공군군수사령부,제한경쟁,총액제,적격심사제,202407021030,20240702,낙찰
긴급공고,HCF0166,1,27834,***,[신궁 유도탄 부품]가스관조립체 등 6종 제조,2024,HCF,공군군수사령부,제한경쟁,총액제,적격심사제,202407021030,20240702,낙찰
긴급공고,HCF0168,1,29087,***,24-H-34/35 소형 타이어 탈착기등 2종,2024,HCF,공군군수사령부,제한경쟁,총액제,적격심사제,202407021030,20240702,낙찰
긴급공고,HDM0044,1,30188,001,'24~'27년 청주(진천)지역 액화석유가스(LPG)통합구매,2024,HDM,공군제17전투비행단,일반경쟁,단가제,적격심사제,202407021030,20240702,낙찰
재공고,LCF0373,2,05878,***,청력계기능검사기 등 1항목 구매(의무),2024,LCF,육군군수사령부,제한경쟁,총액제,적격심사제,202407021100,20240702,순위확정
재공고,LCF0374,2,08066,***,"디스플레이, 광전자식 등 14항목 구매(통신)",2024,LCF,육군군수사령부,제한경쟁,총액제,적격심사제,202407021100,20240702,낙찰
긴급공고,LCF0412,1,14602,***,튜브 등 15항목 구매(일장-014),2024,LCF,육군군수사령부,제한경쟁,총액제,적격심사제,202407021030,20240702,순위확정
재공고,LCF0380,2,23847,***,"침대, 비조정식 10항목 구매(의무)",2024,LCF,육군군수사령부,제한경쟁,총액제,적격심사제,202407021100,20240702,낙찰
재공고,LCF0376,2,26701,***,광선 분산기 등 3항목 구매(항공),2024,LCF,육군군수사령부,제한경쟁,총액제,적격심사제,202407021100,20240702,유찰
긴급공고,LCF0408,1,27024,***,심 등 22항목 구매(궤도-023),2024,LCF,육군군수사령부,제한경쟁,총액제,적격심사제,202407021730,20240702,유찰
재공고,LCF0393,2,27457,***,전자 구성품 조립체 등 3항목 제조(특무),2024,LCF,육군군수사령부,제한경쟁,총액제,적격심사제,202407021130,20240702,유찰
긴급공고,LCF0397,1,27470,***,"패드,완충용 등 68항목 생산능력확인제조(자주포)",2024,LCF,육군군수사령부,제한경쟁,총액제,적격심사제,202407021130,20240702,유찰
긴급공고,LCF0409,1,27473,***,"부품킷트,고저 실린더용 등 2항목 구매(자주포)",2024,LCF,육군군수사령부,일반경쟁,총액제,적격심사제,202407021130,20240702,낙찰
긴급공고,LCH0047,1,30825,***,공수지상종합훈련장 선행연구용역(특-24-용-28),2024,LCH,특수전사령부,일반경쟁,총액제,적격심사제,202407021030,20240702,낙찰
긴급공고,LCM0037,1,28303,***,'24년 전투실험용 초소형정찰드론 임차 용역,2024,LCM,육군교육사령부,제한경쟁,총액제,최저가격제,202407021030,20240702,유찰
긴급공고,LDC0015,1,28262,***,국제과학화전투경연대회 장비전시 부스 등 임차,2024,LDC,육군과학화전투훈련단,제한경쟁,총액제,적격심사제,202407021030,20240702,낙찰
재공고,MDD0093,2,25051,***,2024 동맥 초음파 실습모형 구매,2024,MDD,국군수도병원,제한경쟁,총액제,적격심사제,202407021200,20240702,낙찰
정정공고,MDP0005,2,30465,***,24-1차 전산장비(PC) 교체사업,2024,MDP,한미연합군사령부,제한경쟁,총액제,적격심사제,202407021100,20240702,낙찰
재공고,SCF0586,2,19244,***,양극 등 5종 구매,2024,SCF,해군군수사령부,제한경쟁,총액제,적격심사제,202407021030,20240702,유찰
재공고,SCF0601,2,21632,***,기능성침낭 43SE 제조,2024,SCF,해군군수사령부,제한경쟁,총액제,적격심사제,202407021030,20240702,낙찰
긴급공고,SCF0671,1,24178,***,10톤 가레이지작키 1EA 구매,2024,SCF,해군군수사령부,제한경쟁,총액제,적격심사제,202407021030,20240702,낙찰
긴급공고,SCF0670,1,24187,***,회로카드 조립체 등 5종 구매,2024,SCF,해군군수사령부,제한경쟁,총액제,적격심사제,202407021030,20240702,순위확정
긴급공고,SCF0669,1,24190,***,조절밸브 등 7종 구매,2024,SCF,해군군수사령부,제한경쟁,총액제,적격심사제,202407021030,20240702,낙찰
긴급공고,SCF0668,1,24192,***,"링,피스톤용 등 17종 구매",2024,SCF,해군군수사령부,제한경쟁,총액제,적격심사제,202407021030,20240702,낙찰
긴급공고,SCF0677,1,24372,***,"천,커튼용 구매 4,700MR 구매",2024,SCF,해군군수사령부,제한경쟁,총액제,적격심사제,202407021030,20240702,낙찰
긴급공고,SCF0679,1,25644,***,"(긴급)바, 금속제(황동봉 C3604 12.7Ø) 등 42종",2024,SCF,해군군수사령부,제한경쟁,총액제,적격심사제,202407021300,20240702,낙찰
긴급공고,SCF0680,1,25665,***,(긴급)에폭시 프라이머 코팅 키트 등 12종,2024,SCF,해군군수사령부,제한경쟁,총액제,적격심사제,202407021300,20240702,낙찰
긴급공고,SCF0678,1,28125,***,체크밸브 등 4품목 제조,2024,SCF,해군군수사령부,제한경쟁,총액제,적격심사제,202407021030,20240702,유찰
긴급공고,SCF0673,1,28258,***,전기전도도측정기 1EA 구매,2024,SCF,해군군수사령부,제한경쟁,총액제,적격심사제,202407021030,20240702,낙찰
긴급공고,SCF0681,1,28318,001,뼈발골닭다리정육 구매,2024,SCF,해군군수사령부,제한경쟁,단가제,적격심사제,202407021030,20240702,낙찰
긴급공고,SCF0674,1,28322,***,"헌병,의장 장갑류 2종 제조",2024,SCF,해군군수사령부,제한경쟁,총액제,적격심사제,202407021030,20240702,낙찰
긴급공고,SCF0676,1,28349,***,매트세척기 2EA 구매,2024,SCF,해군군수사령부,제한경쟁,총액제,적격심사제,202407021030,20240702,유찰
긴급공고,SCF0682,1,28375,001,돼지등갈비(냉동) 구매,2024,SCF,해군군수사령부,제한경쟁,단가제,적격심사제,202407021030,20240702,낙찰
긴급공고,SCF0684,1,28387,001,깐메추리알 구매,2024,SCF,해군군수사령부,제한경쟁,단가제,적격심사제,202407021030,20240702,낙찰
긴급공고,SCF0683,1,28400,001,체다 슬라이스치즈 구매,2024,SCF,해군군수사령부,제한경쟁,단가제,적격심사제,202407021030,20240702,낙찰
긴급공고,SCF0685,1,28442,001,우엉조림 구매,2024,SCF,해군군수사령부,제한경쟁,단가제,적격심사제,202407021030,20240702,낙찰
긴급공고,SCF0666,1,28755,***,"(긴급) 스위치 유닛, 전력전달용 1종",2024,SCF,해군군수사령부,제한경쟁,총액제,적격심사제,202407021030,20240702,낙찰
긴급공고,SCF0672,1,29816,***,"케이블조립체,특수목적용,전기용 등 5종 구매",2024,SCF,해군군수사령부,제한경쟁,총액제,적격심사제,202407021030,20240702,낙찰
긴급공고,SCF0686,1,30700,***,"하계취사복 하의 4,000SH 제조",2024,SCF,해군군수사령부,제한경쟁,총액제,적격심사제,202407021030,20240702,낙찰
재공고,SFC0069,2,24874,***,개인 보호 장구류(개인보호 킷 등 6품목) 구매,2024,SFC,제9691부대,제한경쟁,총액제,적격심사제,202407021030,20240702,낙찰
정상공고,SFG0070,1,29773,***,잡초방지용 부직포 구매,2024,SFG,제9181부대,제한경쟁,총액제,적격심사제,202407021030,20240702,낙찰
정상공고,SFG0071,1,29774,***,"COVER, elecrical plate 등 9품목 구매(수리부속)",2024,SFG,제9181부대,제한경쟁,총액제,적격심사제,202407021030,20240702,낙찰
긴급공고,SFG0072,1,30060,***,체력단련기구 구매,2024,SFG,제9181부대,제한경쟁,총액제,적격심사제,202407021030,20240702,낙찰
긴급공고,SFN0055,1,30377,***,24-Y-물탱크 청소 용역,2024,SFN,연평부대,제한경쟁,총액제,적격심사제,202407021030,20240702,낙찰
긴급공고,UMM0879,1,24083,***,(246244-E) 부대비품(영상편집기) 제조/설치,2024,UMM,국군재정관리단,제한경쟁,총액제,적격심사제,202407021100,20240702,낙찰
긴급공고,UMM0882,1,26158,***,(246205-F)쇄석골재 제조납품,2024,UMM,국군재정관리단,제한경쟁,총액제,적격심사제,202407021100,20240702,유찰
정상공고,UMM0870,1,26261,***,(246263-D) 차량오일 수거기 등 2품목 구매,2024,UMM,국군재정관리단,제한경쟁,총액제,적격심사제,202407021100,20240702,낙찰
긴급공고,UMM0881,1,27544,***,(246264-E) 타이어 탈착기 2종 구매,2024,UMM,국군재정관리단,일반경쟁,총액제,적격심사제,202407021100,20240702,낙찰
긴급공고,UMM0880,1,27571,***,(246218-E) 관급자재(토목-혼합골재) 제조 납품,2024,UMM,국군재정관리단,제한경쟁,총액제,적격심사제,202407021100,20240702,유찰
긴급공고,UMM0869,1,27824,***,24-N-대형버스 구매,2024,UMM,국군재정관리단,일반경쟁,총액제,적격심사제,202407021100,20240702,순위확정
재공고,UMM0844,2,28317,***,(24F077-I) 식자재 민간위탁 배송용역,2024,UMM,국군재정관리단,일반경쟁,총액제,적격심사제,202407021100,20240702,유찰
정상공고,UMM0871,1,29845,***,(24G024-H)조종훈련장비 유지보수 용역,2024,UMM,국군재정관리단,제한경쟁,총액제,적격심사제,202407021100,20240702,낙찰
정상공고,UMM0872,1,29879,***,(24G033-H)IP전화기 유지보수 용역,2024,UMM,국군재정관리단,제한경쟁,총액제,적격심사제,202407021100,20240702,낙찰
긴급공고,UMM0877,1,30505,***,(247046-H)상황실 브리핑시스템 구축,2024,UMM,국군재정관리단,제한경쟁,총액제,적격심사제,202407021100,20240702,낙찰
정상공고,HCG0026,1,24788,***,24-사고예방 영상콘텐츠 제작 용역,2024,HCG,공군본부,2단계경쟁(동시),총액제,최저가격제,202407011100,20240701,낙찰
긴급공고,HCQ0055,1,24798,***,공정화물의장시설 신축 시설공사(자동제어),2024,HCQ,공군제5공중기동비행단,제한경쟁,총액제,적격심사제,202407011000,20240701,유찰
긴급공고,HCQ0056,1,27238,***,공정화물의장시설 신축 시설공사(오버헤드크레인),2024,HCQ,공군제5공중기동비행단,제한경쟁,총액제,적격심사제,202407011000,20240701,낙찰
정상공고,LDH0591,1,29388,***,(자재) 희석제 등 2종 구매,2024,LDH,육군종합정비창,제한경쟁,총액제,적격심사제,202407011300,20240701,낙찰
재공고,UHC0015,2,26084,***,패트리어트 전원공급체계 장비 외주정비 용역계약,2024,UHC,공군 작사예하 방포사예하 제2여단,제한경쟁,총액제,적격심사제,202407011030,20240701,낙찰
정상공고,UMM0853,1,21662,***,24-D-쇼핑타운 장비비품 구매,2024,UMM,국군재정관리단,제한경쟁,총액제,적격심사제,202407011100,20240701,낙찰
정상공고,UMM0792,1,23155,***,24-F-풀 트레일러 제조,2024,UMM,국군재정관리단,제한경쟁,총액제,적격심사제,202407011100,20240701,낙찰
정상공고,UMM0857,1,23191,***,24-N-소형세차기 구매,2024,UMM,국군재정관리단,제한경쟁,총액제,적격심사제,202407011100,20240701,낙찰
정상공고,UMM0859,1,24301,***,24-N-백면걸레 구매,2024,UMM,국군재정관리단,제한경쟁,총액제,적격심사제,202407011100,20240701,낙찰
정상공고,UMM0867,1,29385,***,24-N-벤딩머신 구매,2024,UMM,국군재정관리단,제한경쟁,총액제,적격심사제,202407011100,20240701,낙찰
재공고,EBB0270,2,1100,***,군용 트레일러,2024,EBB,지상공통전력운영계약팀,수의계약,총액제,적격심사제,202406281100,20240628,유찰
정상공고,EBH0067,1,0353,***,VHF무전기용 마스트류,2024,EBH,해상공중전력운영계약팀,수의계약,총액제,적격심사제,202406281100,20240628,유찰
정상공고,EBH0073,1,1041,***,24년 발칸 총열부부품(제조),2024,EBH,해상공중전력운영계약팀,일반경쟁,총액제,적격심사제,202406281100,20240628,낙찰
정상공고,EBH0066,1,1100,***,24년 성능개량 위치보고접속장치 수리부속(구매),2024,EBH,해상공중전력운영계약팀,일반경쟁,총액제,적격심사제,202406281100,20240628,낙찰
재공고,LCF0398,2,28051,***,"링크,바퀴 실린더용 등 16항목 제조(기동-생산-027-재",2024,LCF,육군군수사령부,제한경쟁,총액제,적격심사제,202406281030,20240628,유찰
긴급공고,LHN0054,1,28985,***,24년 공기청정기 필터 구매,2024,LHN,제7보병사단,일반경쟁,총액제,적격심사제,202406281030,20240628,낙찰
정상공고,LMH0031,1,19311,***,다락대훈련장 간이 갈등영향분석 연구용역(C037),2024,LMH,제7군단,2단계경쟁(동시),총액제,최저가격제,202406281100,20240628,낙찰
긴급공고,MCD0035,1,26549,***,민간 아웃소싱 시범사업을 위한 제도화 방안 연구,2024,MCD,국방부(운영지원과),협상에의한계약(전자),총액제,최저가격제,202406281100,20240628,낙찰
재공고,MDG0154,2,25717,***,환자치료식 194종 구매,2024,MDG,국군의무사령부,제한경쟁,총액제,적격심사제,202406281100,20240628,낙찰
정상공고,MDG0160,1,29051,***,24-3차 취사기구(식판 등 8종) 구매,2024,MDG,국군의무사령부,제한경쟁,총액제,적격심사제,202406281100,20240628,낙찰
정상공고,UMM0850,1,15264,***,24-N-기관단총 조준경 구매,2024,UMM,국군재정관리단,제한경쟁,총액제,적격심사제,202406281100,20240628,유찰
정상공고,UMM0854,1,23298,***,24-N-FILTER BAG 등 2종 구매,2024,UMM,국군재정관리단,제한경쟁,총액제,적격심사제,202406281100,20240628,낙찰
정상공고,UMM0856,1,23731,***,24-M-쿼드콘 구매,2024,UMM,국군재정관리단,일반경쟁,총액제,적격심사제,202406281100,20240628,낙찰
정상공고,EBB0282,1,1624,***,상자/바스켓류,2024,EBB,지상공통전력운영계약팀,제한경쟁,총액제,적격심사제,202406271100,20240627,낙찰
정상공고,EBB0279,1,7325,***,24년 연습용 지뢰(KM79),2024,EBB,지상공통전력운영계약팀,수의계약,총액제,적격심사제,202406271430,20240627,유찰
정상공고,EBB0283,1,9210,***,정수장비부품,2024,EBB,지상공통전력운영계약팀,수의계약,총액제,적격심사제,202406271500,20240627,유찰
정상공고,EBH0065,1,4200N,***,24년 해군 원격레이더 통합전시기 세트(구매),2024,EBH,해상공중전력운영계약팀,수의계약,총액제,적격심사제,202406271100,20240627,순위확정
재공고,EBH0060,2,6700D,***,낙하산 및 수리부속,2024,EBH,해상공중전력운영계약팀,수의계약,총액제,적격심사제,202406271100,20240627,유찰
정상공고,EBH0068,1,7000A,***,탐색레이다 수리부속(구매),2024,EBH,해상공중전력운영계약팀,수의계약,총액제,적격심사제,202406271100,20240627,유찰
정상공고,EPA0010,1,7360,***,활주로 진공청소차,2024,EPA,항공기총괄계약팀,일반경쟁,총액제,적격심사제,202406271100,20240627,유찰
정정공고,LCF0406,2,08073,***,"케이블 조립체, 전력용 등 3항목 구매(통신)",2024,LCF,육군군수사령부,제한경쟁,총액제,적격심사제,202406271100,20240627,유찰
긴급공고,LCF0407,1,12734,***,"파이프, 예비가열기용 등 71항목 구매(기장-014)",2024,LCF,육군군수사령부,제한경쟁,총액제,적격심사제,202406271030,20240627,순위확정
긴급공고,LDA0026,1,29243,***,00부대 음성녹취시스템 교체납품,2024,LDA,지상작전사령부,일반경쟁,총액제,적격심사제,202406271100,20240627,낙찰
정상공고,LDH0588,1,27271,***,(자재) 스프링와셔 등 28종 구매,2024,LDH,육군종합정비창,제한경쟁,총액제,적격심사제,202406271300,20240627,유찰
정상공고,LDH0587,1,27288,***,(자재) 철파이프 등 22종 구매,2024,LDH,육군종합정비창,제한경쟁,총액제,적격심사제,202406271300,20240627,유찰
정상공고,LDH0589,1,27393,***,(자재) 호스피팅 등 25종 구매,2024,LDH,육군종합정비창,제한경쟁,총액제,적격심사제,202406271300,20240627,순위확정
정상공고,LDH0585,1,27396,***,(자재) 호스 등 16종 구매,2024,LDH,육군종합정비창,제한경쟁,총액제,적격심사제,202406271300,20240627,순위확정
정상공고,LDH0584,1,27398,***,(자재) 튜브 등 12종 구매,2024,LDH,육군종합정비창,제한경쟁,총액제,적격심사제,202406271300,20240627,낙찰
정상공고,LDH0586,1,27403,***,(자재) 너트 등 31종 구매,2024,LDH,육군종합정비창,제한경쟁,총액제,적격심사제,202406271300,20240627,낙찰
정상공고,LDH0581,1,28127,***,발칸 계전기 구매,2024,LDH,육군종합정비창,제한경쟁,총액제,적격심사제,202406271300,20240627,낙찰
긴급공고,LHG0039,1,29449,***,24년 안전점검 및 내진성능평가 용역-1공구,2024,LHG,제1862부대,제한경쟁,총액제,적격심사제,202406271030,20240627,낙찰
긴급공고,LHG0040,1,29450,***,24년 안전점검 및 내진성능평가 용역-2공구,2024,LHG,제1862부대,제한경쟁,총액제,적격심사제,202406271030,20240627,낙찰
정상공고,LKP0112,1,27131,001,24년 부대계약 후식(바나나) 구매,2024,LKP,5군수지원사령부,일반경쟁,단가제,적격심사제,202406271030,20240627,낙찰
긴급공고,LKP0114,1,29423,***,24년 3분기 부대계약부식(빵류) 제조/구매,2024,LKP,5군수지원사령부,제한경쟁,총액제,적격심사제,202406271030,20240627,낙찰
긴급공고,LNR0019,1,28331,***,00부대 전력시설 개선 수배전반 제조 설치 납품,2024,LNR,수도기계화보병사단,제한경쟁,총액제,적격심사제,202406271100,20240627,낙찰
긴급공고,SCF0665,1,19890,***,육전케이블 등 2종 구매,2024,SCF,해군군수사령부,제한경쟁,총액제,적격심사제,202406271030,20240627,낙찰
긴급공고,SCF0661,1,23766,***,마칭 훈련용 모자 등 3종 구매,2024,SCF,해군군수사령부,제한경쟁,총액제,적격심사제,202406271030,20240627,낙찰
긴급공고,SCF0662,1,24844,***,"윤활유, 일반용 9DR 구매",2024,SCF,해군군수사령부,제한경쟁,총액제,적격심사제,202406271030,20240627,유찰
긴급공고,SCF0664,1,27665,***,(긴급)주철 등 5종,2024,SCF,해군군수사령부,제한경쟁,총액제,적격심사제,202406271030,20240627,낙찰
긴급공고,SCF0663,1,29197,***,유리 등 3종 구매,2024,SCF,해군군수사령부,제한경쟁,총액제,적격심사제,202406271030,20240627,낙찰
정상공고,SCU0043,1,26919,***,공기청정기 필터 (27평형) 등 18종 제조(구매),2024,SCU,해군 기동함대사령부,제한경쟁,총액제,적격심사제,202406271030,20240627,낙찰
긴급공고,UMM0851,1,23168,***,24-M-00부대 조경관리 용역,2024,UMM,국군재정관리단,제한경쟁,총액제,적격심사제,202406271100,20240627,낙찰
정상공고,UMM0842,1,23727,***,24-N-목재절단기 2대 구매,2024,UMM,국군재정관리단,제한경쟁,총액제,적격심사제,202406271100,20240627,낙찰
정상공고,UMM0845,1,28370,***,(24F061-A)  음식물류 쓰레기 폐기물 위탁처리 용역,2024,UMM,국군재정관리단,제한경쟁,총액제,적격심사제,202406271100,20240627,유찰
긴급공고,UMM0866,1,29165,***,(24F101-A)식기세척기 임차용역,2024,UMM,국군재정관리단,제한경쟁,총액제,적격심사제,202406271100,20240627,유찰
긴급공고,UMM0864,1,29272,***,(24F195-I) 보급부대 근무분야 민간위탁(경기 고양),2024,UMM,국군재정관리단,일반경쟁,총액제,적격심사제,202406271100,20240627,낙찰
긴급공고,UMM0865,1,29346,***,(247026-H)사이버 방호체계 구매(설치),2024,UMM,국군재정관리단,제한경쟁,총액제,적격심사제,202406271100,20240627,낙찰
연기공고,EBB0208,3,4031,***,"바퀴, 고형고무타이어용",2024,EBB,지상공통전력운영계약팀,수의계약,총액제,적격심사제,202406261030,20240626,유찰
정상공고,EBB0277,1,4040A,***,2024 인체제독용물자세트 수리부속(제조),2024,EBB,지상공통전력운영계약팀,일반경쟁,총액제,적격심사제,202406261100,20240626,낙찰
정상공고,EBB0278,1,4040B,***,2024 인체제독용물자세트 수리부속(구매),2024,EBB,지상공통전력운영계약팀,일반경쟁,총액제,적격심사제,202406261100,20240626,낙찰
정상공고,EBB0276,1,5940,***,"24년 스위치,회전식(구매)",2024,EBB,지상공통전력운영계약팀,제한경쟁,총액제,적격심사제,202406261430,20240626,유찰
정상공고,EBH0064,1,0730,***,24년 신궁 부품(구매),2024,EBH,해상공중전력운영계약팀,일반경쟁,총액제,적격심사제,202406261100,20240626,순위확정
재공고,EBH0045,2,4700G,***,24년 정밀접근용 레이다(GPN-331K) 부품(구매)(A),2024,EBH,해상공중전력운영계약팀,수의계약,총액제,적격심사제,202406261030,20240626,유찰
재공고,EKA0009,3,7250,***,트럭(1¼톤 통신가설차용),2024,EKA,기동총괄계약팀,수의계약,총액제,적격심사제,202406261030,20240626,유찰
재공고,LCF0338,3,24637,***,"오일, 봉합재 등 107항목 제조(기동-생산-001)",2024,LCF,육군군수사령부,제한경쟁,총액제,적격심사제,202406261030,20240626,유찰
재공고,LCF0382,2,26799,***,"전지, 축전식 등 21항목 제조(기동-006)",2024,LCF,육군군수사령부,제한경쟁,총액제,적격심사제,202406261030,20240626,유찰
긴급공고,LCF0403,1,29113,***,"뚜껑,주입구용 등 26항목 제조(궤도-003)",2024,LCF,육군군수사령부,제한경쟁,총액제,적격심사제,202406261130,20240626,낙찰
긴급공고,LCG0049,1,24927,***,[24-육-128] 예비전력발전세미나 주제 연구(Ⅰ),2024,LCG,육군본부,협상에의한계약(전자),총액제,최저가격제,202406261300,20240626,낙찰
긴급공고,LCG0050,1,24928,***,[24-육-129] 예비전력발전세미나 주제 연구(Ⅱ),2024,LCG,육군본부,협상에의한계약(전자),총액제,최저가격제,202406261300,20240626,유찰
긴급공고,LCH0046,1,28378,***,함정장비 수리부속 구매(특-24-물-41),2024,LCH,특수전사령부,일반경쟁,총액제,적격심사제,202406261030,20240626,낙찰
정정공고,LDC0014,2,28771,***,교전훈련장비 수리부속 구매(24-12차),2024,LDC,육군과학화전투훈련단,일반경쟁,총액제,적격심사제,202406261030,20240626,낙찰
긴급공고,LGM0025,1,28922,***,(24-대보수-17) 간접가열보일러 제조설치 납품,2024,LGM,제11기동사단,제한경쟁,총액제,적격심사제,202406261100,20240626,낙찰
재공고,LHR0032,2,26879,***,24~27년 가스식 식기세척기 임차용역,2024,LHR,육군 제37보병사단,제한경쟁,총액제,적격심사제,202406261030,20240626,낙찰
재공고,LHR0033,2,26896,***,24~27년 전기식 식기세척기 임차용역,2024,LHR,육군 제37보병사단,제한경쟁,총액제,적격심사제,202406261030,20240626,낙찰
긴급공고,LKG0066,1,28977,***,얼음정수기 임차 용역,2024,LKG,육군제53보병사단,일반경쟁,총액제,적격심사제,202406261100,20240626,유찰
긴급공고,LQG0055,1,29085,***,00부대 사무자동화 비품(책상 등) 제조 납품,2024,LQG,육군 52보병사단,제한경쟁,총액제,적격심사제,202406261030,20240626,낙찰
긴급공고,MCM0011,1,24374,***,조사분석 라이선스 구매,2024,MCM,4284부대,제한경쟁,총액제,적격심사제,202406261030,20240626,낙찰
긴급공고,MCM0012,1,24377,***,사이버 교육용 라이선스 구매,2024,MCM,4284부대,제한경쟁,총액제,적격심사제,202406261030,20240626,낙찰
재공고,MDR0029,2,24501,***,24년 저속고무보트(7인승) 제조,2024,MDR,제9965부대,제한경쟁,총액제,적격심사제,202406261100,20240626,유찰
긴급공고,SCF0657,1,14959,***,P-3 엔진시험기 유지보수 정비,2024,SCF,해군군수사령부,일반경쟁,총액제,적격심사제,202406261030,20240626,낙찰
긴급공고,SCF0658,1,21853,***,항공교통관제 시뮬레이터 유지보수 용역,2024,SCF,해군군수사령부,일반경쟁,총액제,적격심사제,202406261030,20240626,낙찰
긴급공고,SCF0647,1,23119,***,의장 영관예식도 구매,2024,SCF,해군군수사령부,제한경쟁,총액제,적격심사제,202406261030,20240626,순위확정
긴급공고,SCF0644,1,23148,***,"모니터, 텔레비전식 1종 구매",2024,SCF,해군군수사령부,제한경쟁,총액제,적격심사제,202406261030,20240626,순위확정
긴급공고,SCF0660,1,27345,***,"(긴급)회전자,엔진 포핏밸브용 등 4종",2024,SCF,해군군수사령부,제한경쟁,총액제,적격심사제,202406261030,20240626,낙찰
긴급공고,SCF0659,1,27625,***,(긴급)와이어 로프 조립체 세트 등 62종,2024,SCF,해군군수사령부,제한경쟁,총액제,적격심사제,202406261030,20240626,낙찰
긴급공고,SCF0645,1,28250,***,"해병대 이동정비용밴(소형버스, 5인승) 구매",2024,SCF,해군군수사령부,일반경쟁,총액제,적격심사제,202406261030,20240626,순위확정
정상공고,UAC0024,1,24053,***,24년 전반기 옵셋인쇄기 롤러피복교체 외주정비 용역,2024,UAC,국방출판지원단,제한경쟁,총액제,적격심사제,202406261100,20240626,낙찰
정상공고,UMM0771,1,13476,***,24-N-주야간 전선 관측장비 제조(248106-F),2024,UMM,국군재정관리단,제한경쟁,총액제,적격심사제,202406261100,20240626,낙찰
정상공고,UMM0786,1,21181,***,24~27-D-보급판매체계용 인터넷 회선 이용,2024,UMM,국군재정관리단,일반경쟁,총액제,적격심사제,202406261100,20240626,유찰
정상공고,UMM0833,1,22824,***,24-N-철근탐지기 2대 구매,2024,UMM,국군재정관리단,제한경쟁,총액제,적격심사제,202406261100,20240626,낙찰
긴급공고,UMM0843,1,23692,***,(24G190-I) 정수기 임차 용역,2024,UMM,국군재정관리단,일반경쟁,총액제,적격심사제,202406261100,20240626,낙찰
재공고,UMM0815,2,26712,***,24-N-기지경계용 드론 제조,2024,UMM,국군재정관리단,일반경쟁,총액제,적격심사제,202406261100,20240626,유찰
정상공고,UMM0840,1,27937,***,(246242-C) 공기청정기 필터 제조,2024,UMM,국군재정관리단,제한경쟁,총액제,적격심사제,202406261100,20240626,낙찰
정상공고,UMM0841,1,27956,***,24-N-사거리 측정기 구매,2024,UMM,국군재정관리단,제한경쟁,총액제,적격심사제,202406261100,20240626,낙찰
긴급공고,UMM0852,1,28837,***,24-M-사업장 비배출시설계폐기물 처리용역,2024,UMM,국군재정관리단,일반경쟁,총액제,적격심사제,202406261100,20240626,낙찰
정상공고,EBB0272,1,0042,***,24년 광학장비부품류(지명),2024,EBB,지상공통전력운영계약팀,지명경쟁,총액제,적격심사제,202406251430,20240625,낙찰
재공고,EBB0257,2,1570,***,'24년 고압호스,2024,EBB,지상공통전력운영계약팀,수의계약,총액제,적격심사제,202406251100,20240625,유찰
정상공고,EBB0273,1,1619,***,자주포 일반부품류,2024,EBB,지상공통전력운영계약팀,일반경쟁,총액제,적격심사제,202406251100,20240625,낙찰
정상공고,EBB0271,1,7528,***,24년 120밀리 적재모의훈련탄,2024,EBB,지상공통전력운영계약팀,일반경쟁,총액제,적격심사제,202406251430,20240625,낙찰
정상공고,EBB0274,1,8322,***,"시일,봉합조립체류",2024,EBB,지상공통전력운영계약팀,수의계약,총액제,적격심사제,202406251100,20240625,유찰
재공고,EBB0255,2,8355,***,'24년 타이어체인,2024,EBB,지상공통전력운영계약팀,수의계약,총액제,적격심사제,202406251100,20240625,유찰
재공고,EBB0206,3,8940A,***,'24년 축전식 전지(밀폐형),2024,EBB,지상공통전력운영계약팀,일반경쟁,총액제,적격심사제,202406251100,20240625,낙찰
재공고,EBH0042,2,2540E,***,신형 방탄헬멧(소형),2024,EBH,해상공중전력운영계약팀,수의계약,총액제,적격심사제,202406251100,20240625,유찰
재공고,EBH0048,2,2540F,***,신형 방탄헬멧(중형),2024,EBH,해상공중전력운영계약팀,수의계약,총액제,적격심사제,202406251100,20240625,유찰
재공고,EBH0050,2,2540H,***,신형 방탄헬멧(특대형),2024,EBH,해상공중전력운영계약팀,수의계약,총액제,적격심사제,202406251100,20240625,유찰
긴급공고,ELA0023,1,0354,***,"확성기, 영구 자석식",2024,ELA,화력총괄계약팀,수의계약,총액제,적격심사제,202406251100,20240625,유찰
정상공고,EMA0004,1,1B342,***,24년 기능성 방한복,2024,EMA,함정총괄계약팀,일반경쟁,총액제,적격심사제,202406251100,20240625,유찰
정상공고,EMA0003,1,7300,***,"유조차(2,500G/A)",2024,EMA,함정총괄계약팀,일반경쟁,총액제,적격심사제,202406251100,20240625,유찰
긴급공고,HCF0161,1,26235,***,시험대 항공기 엔진용 상호관계검증 외주정비,2024,HCF,공군군수사령부,일반경쟁,총액제,적격심사제,202406251030,20240625,유찰
긴급공고,HCF0163,1,28425,***,[항기소]'24년 CAD/PAD품목 성능시험 외주용역,2024,HCF,공군군수사령부,제한경쟁,총액제,적격심사제,202406251030,20240625,유찰
긴급공고,HCM0051,1,28295,***,24-06-198 총상 모형 박스 등 4품목 구매,2024,HCM,공군교육사령부,제한경쟁,총액제,적격심사제,202406251030,20240625,낙찰
긴급공고,HDP0026,1,27056,***,23-F-정비고 개보수 증축 통합배선 설치 용역,2024,HDP,공군제19전투비행단,일반경쟁,총액제,적격심사제,202406251100,20240625,낙찰
재공고,LCF0340,2,24921,***,105밀리 방청심지 제거 캡 세트 1항목 제조(궤도016),2024,LCF,육군군수사령부,제한경쟁,총액제,적격심사제,202406251130,20240625,낙찰
재공고,LCF0353,2,25181,***,탄통조립체 등 2항목 구매(항공),2024,LCF,육군군수사령부,제한경쟁,총액제,적격심사제,202406251100,20240625,순위확정
재공고,LCF0375,2,25395,***,오리콘 회로카드조립체 등 9항목 정비,2024,LCF,육군군수사령부,제한경쟁,총액제,적격심사제,202406251030,20240625,유찰
재공고,LCF0381,2,25422,***,오리콘 발전기 조립체 등 7항목 정비,2024,LCF,육군군수사령부,제한경쟁,총액제,적격심사제,202406251030,20240625,유찰
정정공고,LCF0391,2,26595,***,"베어링,슬리브형 등 77항목 구매(총포)",2024,LCF,육군군수사령부,제한경쟁,총액제,적격심사제,202406251030,20240625,낙찰
긴급공고,LCF0392,1,27455,***,"패널,전기-전자장비용 등 22항목 제조(특무)",2024,LCF,육군군수사령부,제한경쟁,총액제,적격심사제,202406251030,20240625,낙찰
긴급공고,LCF0393,1,27457,***,전자 구성품 조립체 등 3항목 제조(특무),2024,LCF,육군군수사령부,제한경쟁,총액제,적격심사제,202406251030,20240625,유찰
긴급공고,LCF0399,1,27459,***,"어댑터,연결기용(어댑터) 등 16항목 구매(특무)",2024,LCF,육군군수사령부,제한경쟁,총액제,적격심사제,202406251030,20240625,유찰
긴급공고,LCF0394,1,27462,***,스위치 및 전선 조립체 등 14항목 구매(특무),2024,LCF,육군군수사령부,제한경쟁,총액제,적격심사제,202406251030,20240625,낙찰
긴급공고,LCF0395,1,27465,***,시트 조립체 등 5항목 구매(특무),2024,LCF,육군군수사령부,제한경쟁,총액제,적격심사제,202406251030,20240625,순위확정
긴급공고,LCH0045,1,26290,***,인명구조용 수륙양용 에어보트 제조(특-24-물-38),2024,LCH,특수전사령부,일반경쟁,총액제,적격심사제,202406251030,20240625,유찰
재공고,LDC0013,3,24806,***,손망실 마일즈장비 제조납품,2024,LDC,육군과학화전투훈련단,일반경쟁,총액제,적격심사제,202406251030,20240625,낙찰
정상공고,LDH0578,1,25862,***,K1전차 클램프 등 2종 구매,2024,LDH,육군종합정비창,제한경쟁,총액제,적격심사제,202406251300,20240625,낙찰
정상공고,LDH0580,1,26083,***,발칸 회로카드조립체 구매,2024,LDH,육군종합정비창,제한경쟁,총액제,적격심사제,202406251300,20240625,순위확정
정상공고,LDH0579,1,26116,***,K1전차 계전기 구매,2024,LDH,육군종합정비창,제한경쟁,총액제,적격심사제,202406251300,20240625,유찰
긴급공고,LGN0009,1,28638,***,'24~27년 얼음정수기 임차 용역,2024,LGN,제3기갑여단,제한경쟁,총액제,적격심사제,202406251030,20240625,낙찰
긴급공고,LHK0043,1,28598,***,24년 예비전력예산(동원훈련장 자산취득비)2층침대,2024,LHK,제2군단,일반경쟁,총액제,적격심사제,202406251030,20240625,낙찰
정상공고,LKP0109,1,26215,***,24년 군량곡 민간위탁배송(육훈소),2024,LKP,5군수지원사령부,제한경쟁,총액제,적격심사제,202406251100,20240625,유찰
긴급공고,LKT0062,1,27947,***,24-220차 육성예산지원 개인천막 제조납품,2024,LKT,제1989부대,제한경쟁,총액제,적격심사제,202406251030,20240625,낙찰
긴급공고,LMU0032,1,27202,***,24-015 24-1차 일반폐기물 위탁처리 용역,2024,LMU,제7군수지원단,제한경쟁,총액제,적격심사제,202406251030,20240625,낙찰
긴급공고,LQP0029,1,27681,***,24년 스테레오 위성영상 구매,2024,LQP,제1891부대,일반경쟁,총액제,적격심사제,202406251030,20240625,낙찰
재공고,MCD0028,2,23537,***,국방과학기술 전문인력 소요분석 연구,2024,MCD,국방부(운영지원과),협상에의한계약(전자),총액제,최저가격제,202406251100,20240625,낙찰
재공고,MCR0047,2,22616,***,유엔 교관교육과정 행사용역,2024,MCR,국방대학교,협상에의한계약(전자),총액제,최저가격제,202406251030,20240625,유찰
긴급공고,SCF0555,1,16634,***,'24년 209급 잠수함 안전진단 용역,2024,SCF,해군군수사령부,일반경쟁,총액제,적격심사제,202406251030,20240625,유찰
긴급공고,SCF0641,1,18275,***,부이 92EA 제조,2024,SCF,해군군수사령부,일반경쟁,총액제,적격심사제,202406251030,20240625,순위확정
재공고,SCF0583,2,20102,***,EOD로봇 부품 정비,2024,SCF,해군군수사령부,일반경쟁,총액제,적격심사제,202406251030,20240625,유찰
긴급공고,SCF0646,1,21154,***,인입식 비트 A형 4EA 구매,2024,SCF,해군군수사령부,일반경쟁,총액제,적격심사제,202406251030,20240625,낙찰
긴급공고,SCF0650,1,22808,***,"연결봉, 피스톤용 등 23종 구매",2024,SCF,해군군수사령부,제한경쟁,총액제,적격심사제,202406251030,20240625,낙찰
긴급공고,SCF0640,1,22876,***,잠수사 리콜 1종 구매,2024,SCF,해군군수사령부,제한경쟁,총액제,적격심사제,202406251030,20240625,낙찰
긴급공고,SCF0639,1,25523,***,RF필터 3품목 구매,2024,SCF,해군군수사령부,일반경쟁,총액제,적격심사제,202406251030,20240625,낙찰
긴급공고,SCF0638,1,25575,***,"(긴급) 밸브, 글로브형 등 4종",2024,SCF,해군군수사령부,제한경쟁,총액제,적격심사제,202406251030,20240625,낙찰
긴급공고,SCF0654,1,25803,***,해군 탄약 항온항습기 유지보수 정비,2024,SCF,해군군수사령부,일반경쟁,총액제,적격심사제,202406251030,20240625,낙찰
긴급공고,SCF0653,1,25999,***,'24년 LynxFTD(모의비행장치) 유지보수 용역,2024,SCF,해군군수사령부,일반경쟁,총액제,적격심사제,202406251030,20240625,순위확정
긴급공고,SCF0656,1,26132,***,고속단정 선체 외주정비,2024,SCF,해군군수사령부,일반경쟁,총액제,적격심사제,202406251030,20240625,낙찰
긴급공고,SCF0635,1,26167,***,"(긴급) 송풍기, 날개 축방향형 1종",2024,SCF,해군군수사령부,제한경쟁,총액제,적격심사제,202406251030,20240625,낙찰
긴급공고,SCF0636,1,26172,***,"(긴급) 펌프, 회전식 등 3종",2024,SCF,해군군수사령부,제한경쟁,총액제,적격심사제,202406251030,20240625,낙찰
긴급공고,SCF0637,1,26558,***,"해병대 중형버스, 25인승 구매",2024,SCF,해군군수사령부,일반경쟁,총액제,적격심사제,202406251030,20240625,유찰
긴급공고,SCF0648,1,27136,***,함정 조명계통(LED) 교체 용역,2024,SCF,해군군수사령부,일반경쟁,총액제,적격심사제,202406251030,20240625,낙찰
긴급공고,SCF0649,1,27253,***,함정 취사장/승조원 식당 리모델링 정비,2024,SCF,해군군수사령부,일반경쟁,총액제,적격심사제,202406251030,20240625,낙찰
긴급공고,SCF0655,1,28625,***,"OO함 해상보급장치 NO.1, 2 RAS 외주정비",2024,SCF,해군군수사령부,일반경쟁,총액제,적격심사제,202406251030,20240625,낙찰
긴급공고,SCK0076,1,27192,***,원심분리기(소형) 1대 구매 설치,2024,SCK,해군교육사령부,일반경쟁,총액제,적격심사제,202406251030,20240625,낙찰
긴급공고,SCQ0064,1,25194,***,24-평 00숙소 유선TV방송 및 인터넷 설치 관리 용역,2024,SCQ,제9911부대,제한경쟁,총액제,적격심사제,202406251030,20240625,낙찰
긴급공고,SFC0075,1,28391,***,24-덕-상용정보통신장비 보관함 등 5품목 구매,2024,SFC,제9691부대,제한경쟁,총액제,적격심사제,202406251030,20240625,낙찰
정상공고,UAC0025,1,26268,***,2024년 2-2차 CTP판출력기 구매,2024,UAC,국방출판지원단,일반경쟁,총액제,적격심사제,202406251100,20240625,낙찰
재공고,UMM0359,2,08728,***,24-D-가스크로마토그래프 구매(241016-F),2024,UMM,국군재정관리단,일반경쟁,총액제,적격심사제,202406251100,20240625,유찰
긴급공고,UMM0837,1,09685,***,24-N-전자저울 구매,2024,UMM,국군재정관리단,제한경쟁,총액제,적격심사제,202406251100,20240625,낙찰
재공고,UMM0654,2,18310,***,"24-F-압축기, 왕복식 제조(209071-F)",2024,UMM,국군재정관리단,일반경쟁,총액제,적격심사제,202406251100,20240625,유찰
긴급공고,UMM0847,1,21381,***,(24F201-A) 식자재 민간위탁배송 용역,2024,UMM,국군재정관리단,일반경쟁,총액제,적격심사제,202406251100,20240625,낙찰
긴급공고,UMM0848,1,22499,***,(247227-E) 총상모형 등 18품목 구매,2024,UMM,국군재정관리단,제한경쟁,총액제,적격심사제,202406251100,20240625,낙찰
정상공고,UMM0834,1,24452,***,(247262-C) 병리장비운영소모품(2) 47품목 구매,2024,UMM,국군재정관리단,제한경쟁,총액제,적격심사제,202406251100,20240625,낙찰
긴급공고,UMM0832,1,25865,***,24-F-정전류조정기 등 8종 구매,2024,UMM,국군재정관리단,제한경쟁,총액제,적격심사제,202406251100,20240625,낙찰
긴급공고,UMM0846,1,25888,***,(246260-E) 무공훈장 부상(기념 메달) 제조,2024,UMM,국군재정관리단,제한경쟁,총액제,적격심사제,202406251100,20240625,낙찰
긴급공고,UMM0794,1,26106,***,24-F-군사경찰 방탄복 제조,2024,UMM,국군재정관리단,제한경쟁,총액제,적격심사제,202406251100,20240625,낙찰
긴급공고,UMM0849,1,26114,***,(246223-F)재난구조장비 구매,2024,UMM,국군재정관리단,일반경쟁,총액제,적격심사제,202406251100,20240625,낙찰
정상공고,UMM0823,1,26984,***,(24G025-H)출입통제체계 유지보수 용역,2024,UMM,국군재정관리단,제한경쟁,총액제,적격심사제,202406251100,20240625,낙찰
긴급공고,UMM0835,1,27538,***,24-N-덕트 청소용역,2024,UMM,국군재정관리단,제한경쟁,총액제,적격심사제,202406251100,20240625,낙찰
정상공고,UMM0836,1,27682,***,24-M-전시자원소요산정모델 장비 교체,2024,UMM,국군재정관리단,제한경쟁,총액제,적격심사제,202406251100,20240625,낙찰
긴급공고,UMM0844,1,28317,***,(24F077-I) 식자재 민간위탁 배송용역,2024,UMM,국군재정관리단,일반경쟁,총액제,적격심사제,202406251100,20240625,유찰
정정공고,DSS0029,2,25401,***,노트북 구매,2024,DSS,국군제1068부대,제한경쟁,총액제,적격심사제,202406241030,20240624,낙찰
정상공고,DSS0032,1,27321,***,"PC 1,200대 구매(리스물건)",2024,DSS,국군제1068부대,제한경쟁,총액제,적격심사제,202406241030,20240624,낙찰
재공고,HCQ0038,2,21899,***,24-124 멀티-엔진세척장비 등 1종,2024,HCQ,공군제5공중기동비행단,제한경쟁,총액제,적격심사제,202406241100,20240624,낙찰
정정공고,HDS0007,2,25192,***,연구용역(방공포병 준.부사관 특기체계개선방안 연구),2024,HDS,공군미사일방어사령부,2단계경쟁(동시),총액제,최저가격제,202406241130,20240624,유찰
긴급공고,LCF0398,1,28051,***,"링크,바퀴 실린더용 등 16항목 제조(기동-생산-027-재",2024,LCF,육군군수사령부,제한경쟁,총액제,적격심사제,202406241030,20240624,유찰
정상공고,LDH0575,1,27342,***,K9자주포케이블조립체및스위치구매,2024,LDH,육군종합정비창,제한경쟁,총액제,적격심사제,202406241300,20240624,낙찰
정상공고,LDH0576,1,27395,***,통신 트랜지스터 구매,2024,LDH,육군종합정비창,제한경쟁,총액제,적격심사제,202406241300,20240624,유찰
정상공고,UMM0822,1,21666,***,24-F-연료탱크 등 2종 제조,2024,UMM,국군재정관리단,제한경쟁,총액제,적격심사제,202406241100,20240624,낙찰
정상공고,UMM0816,1,23184,***,24-N-유도가열기 구매,2024,UMM,국군재정관리단,제한경쟁,총액제,적격심사제,202406241100,20240624,낙찰
정상공고,UMM0778,1,24640,***,24-N-탐조등 19인치 제조 (248122-F),2024,UMM,국군재정관리단,일반경쟁,총액제,적격심사제,202406241100,20240624,낙찰
정상공고,UMM0827,1,27200,***,24-F-전기차량 절연공구 세트 제조(249018-F),2024,UMM,국군재정관리단,일반경쟁,총액제,적격심사제,202406241100,20240624,순위확정
정상공고,EBB0270,1,1100,***,군용 트레일러,2024,EBB,지상공통전력운영계약팀,수의계약,총액제,적격심사제,202406211100,20240621,유찰
정상공고,EBB0267,1,2410,***,K-9 엔진부품류(구매),2024,EBB,지상공통전력운영계약팀,제한경쟁,총액제,적격심사제,202406211100,20240621,낙찰
정상공고,EBB0269,1,8431,***,궤도장비 부품류(장갑차용),2024,EBB,지상공통전력운영계약팀,일반경쟁,총액제,적격심사제,202406211400,20240621,낙찰
정상공고,EBH0060,1,6700D,***,낙하산 및 수리부속,2024,EBH,해상공중전력운영계약팀,수의계약,총액제,적격심사제,202406211100,20240621,유찰
정상공고,EBH0057,1,8C05D,001,"24년 방탄판, 레벨Ⅳ용(대형)",2024,EBH,해상공중전력운영계약팀,제한경쟁,단가제,최저가격제,202406211300,20240621,낙찰
정상공고,EBH0058,1,8C05E,001,"24년 방탄판, 레벨Ⅳ용(중형)",2024,EBH,해상공중전력운영계약팀,제한경쟁,단가제,최저가격제,202406211300,20240621,낙찰
긴급공고,LCF0390,1,12742,***,캐브 조립체 등 1항목 제조(기동-생산-021),2024,LCF,육군군수사령부,제한경쟁,총액제,적격심사제,202406211030,20240621,유찰
긴급공고,LCF0389,1,27458,***,"플랩, 내측 튜브용 등 13항목 제조(기동-제조-007-재)",2024,LCF,육군군수사령부,제한경쟁,총액제,적격심사제,202406211030,20240621,유찰
정상공고,LDH0573,1,25310,***,K1전차 회로카드조립체 구매,2024,LDH,육군종합정비창,제한경쟁,총액제,적격심사제,202406211300,20240621,유찰
긴급공고,LKM0035,1,27412,***,'24~25년 렌탈프린터 임차 용역,2024,LKM,제2632부대,제한경쟁,총액제,적격심사제,202406211100,20240621,낙찰
긴급공고,LNG0040,1,24064,***,오수처리시설공사 설계용역(24-경기북부-오수-1공구),2024,LNG,육군 제1군단,2단계경쟁(동시),총액제,최저가격제,202406211000,20240621,낙찰
긴급공고,LPF0053,1,22403,***,재)24-27년 신병교육대대 병영식당 민간위탁 이동급식,2024,LPF,제51보병사단,협상에의한계약(전자),총액제,최저가격제,202406211000,20240621,낙찰
긴급공고,SFG0060,1,24559,***,24-K-해상기상관측부이 유지보수 용역,2024,SFG,제9181부대,2단계경쟁(동시),총액제,최저가격제,202406211030,20240621,낙찰
정상공고,UAB0037,1,22802,***,"휴양시설, 기숙사 민·관·군 개발운영 연구용역",2024,UAB,국군복지단,2단계경쟁(동시),총액제,최저가격제,202406211500,20240621,낙찰
정상공고,UMM0813,1,17342,***,"24-F-절곡기, 유압식 구매",2024,UMM,국군재정관리단,제한경쟁,총액제,적격심사제,202406211100,20240621,낙찰
정상공고,UMM0820,1,23164,***,(246255-C) 외상처치 시뮬레이션 킷 등 5종 구매,2024,UMM,국군재정관리단,제한경쟁,총액제,적격심사제,202406211100,20240621,낙찰
정상공고,UMM0821,1,23788,***,(246266-C) 마이크로필름 촬영기 등 3종 구매,2024,UMM,국군재정관리단,제한경쟁,총액제,적격심사제,202406211100,20240621,낙찰
정상공고,UMM0819,1,23991,***,(247238-D)병원전 외상소생술 전신 마네킨 구매,2024,UMM,국군재정관리단,제한경쟁,총액제,적격심사제,202406211100,20240621,낙찰
정상공고,UMM0811,1,26356,***,24-F-주파수 측정세트 구매 (249046-F),2024,UMM,국군재정관리단,일반경쟁,총액제,적격심사제,202406211100,20240621,낙찰
정상공고,EBB0261,1,1488,***,'24년 표준차 유지부품,2024,EBB,지상공통전력운영계약팀,일반경쟁,총액제,적격심사제,202406201100,20240620,낙찰
정상공고,EBB0266,1,4912,***,2024 특수보호의(Level A),2024,EBB,지상공통전력운영계약팀,일반경쟁,총액제,적격심사제,202406201100,20240620,낙찰
정상공고,EBB0265,1,4956C,***,2024 셀 모듈 조립체(K-CAM2),2024,EBB,지상공통전력운영계약팀,수의계약,총액제,적격심사제,202406201100,20240620,유찰
정상공고,EBB0259,1,6610,***,K계열 궤도장비 부품류,2024,EBB,지상공통전력운영계약팀,일반경쟁,총액제,적격심사제,202406201100,20240620,낙찰
정상공고,EBB0262,1,7107,***,'24년 지뢰살포기 부품(제조),2024,EBB,지상공통전력운영계약팀,제한경쟁,총액제,적격심사제,202406201100,20240620,낙찰
정상공고,EBB0263,1,9050,***,'24년 다목적굴착기 부품(구매),2024,EBB,지상공통전력운영계약팀,제한경쟁,총액제,적격심사제,202406201100,20240620,낙찰
정상공고,EBH0056,1,2090A,***,24년 군위성통신체계 부품(구매),2024,EBH,해상공중전력운영계약팀,수의계약,총액제,적격심사제,202406201100,20240620,순위확정
정상공고,EBH0052,1,2400G,***,24년 지상전술전자전장비 부품(구매),2024,EBH,해상공중전력운영계약팀,수의계약,총액제,적격심사제,202406201030,20240620,순위확정
재공고,EBH0025,2,4100G,***,지상감시레이더 부품(구매),2024,EBH,해상공중전력운영계약팀,제한경쟁,총액제,적격심사제,202406201100,20240620,낙찰
재공고,EKA0016,2,7310,***,"유조차(4,000G/A)",2024,EKA,기동총괄계약팀,수의계약,총액제,적격심사제,202406201030,20240620,유찰
긴급공고,HCF0159,1,22751,***,전자전훈련체계(EWTS) 위협장비 유지보수,2024,HCF,공군군수사령부,제한경쟁,총액제,적격심사제,202406201030,20240620,유찰
긴급공고,HDE0007,1,24124,***,우주안전 발전 생태계(거버넌스) 구축 연구 용역,2024,HDE,공군항공안전단,협상에의한계약(전자),총액제,최저가격제,202406201400,20240620,낙찰
재공고,LCF0276,2,07941,***,"전원함,유압식 등 7항목 제조(자주포)",2024,LCF,육군군수사령부,제한경쟁,총액제,적격심사제,202406201030,20240620,유찰
재공고,LCF0276,3,07941,***,"전원함,유압식 등 7항목 제조(자주포)",2024,LCF,육군군수사령부,제한경쟁,총액제,적격심사제,202406201030,20240620,유찰
재공고,LCF0275,2,08241,***,연결기 등 54항목 구매(자주포),2024,LCF,육군군수사령부,일반경쟁,총액제,적격심사제,202406201030,20240620,유찰
긴급공고,LCF0384,1,08544,***,"고정구,항공기정비용 등 3항목 구매(항공공구)",2024,LCF,육군군수사령부,제한경쟁,총액제,적격심사제,202406201030,20240620,낙찰
긴급공고,LCF0388,1,10549,***,환자관찰장치 10항목 구매(의무),2024,LCF,육군군수사령부,제한경쟁,총액제,적격심사제,202406201100,20240620,낙찰
긴급공고,LCF0383,1,12207,***,"송풍기, 원심식 2항목 구매(화생방)",2024,LCF,육군군수사령부,제한경쟁,총액제,적격심사제,202406201030,20240620,낙찰
정정공고,LCF0385,2,27093,***,230mm급 다련장 창정비시설 신축 관급자재(자동제어),2024,LCF,육군군수사령부,일반경쟁,총액제,적격심사제,202406201100,20240620,낙찰
긴급공고,LCF0386,1,27100,***,230mm급 다련장 창정비시설 신축 관급자재(GHP실외기),2024,LCF,육군군수사령부,일반경쟁,총액제,적격심사제,202406201100,20240620,낙찰
긴급공고,LCF0387,1,27240,***,제동자 등 2항목 제조(기동-생산-009-재),2024,LCF,육군군수사령부,제한경쟁,총액제,적격심사제,202406201030,20240620,유찰
재공고,LCM0033,2,22312,***,'24년 7~9월 부대계약 부식 제조(냉동빵),2024,LCM,육군교육사령부,제한경쟁,총액제,적격심사제,202406201030,20240620,유찰
정상공고,LDH0572,1,26539,***,"(기동) 축,클러치용,변환구동용 등 25종구매",2024,LDH,육군종합정비창,제한경쟁,총액제,적격심사제,202406201300,20240620,유찰
긴급공고,LFN0023,1,22470,***,24년 3사관학교 생도식당 민간위탁급식 용역,2024,LFN,육군3사관학교,협상에의한계약(전자),총액제,최저가격제,202406201400,20240620,낙찰
긴급공고,LHG0034,1,27429,***,을지회관 신축 관급자재(자동제어) 제조 설치,2024,LHG,제1862부대,제한경쟁,총액제,적격심사제,202406201030,20240620,낙찰
긴급공고,LHR0032,1,26879,***,24~27년 가스식 식기세척기 임차용역,2024,LHR,육군 제37보병사단,제한경쟁,총액제,적격심사제,202406201030,20240620,유찰
긴급공고,LHR0033,1,26896,***,24~27년 전기식 식기세척기 임차용역,2024,LHR,육군 제37보병사단,제한경쟁,총액제,적격심사제,202406201030,20240620,유찰
정상공고,LKP0108,1,26461,***,24년 이동형 기상관측장비 외주정비 용역,2024,LKP,5군수지원사령부,제한경쟁,총액제,적격심사제,202406201100,20240620,유찰
긴급공고,LKT0061,1,27030,***,24-217차 육성예산지원 침낭 제조납품,2024,LKT,제1989부대,제한경쟁,총액제,적격심사제,202406201030,20240620,낙찰
정상공고,MDG0159,1,22621,***,24년 의무장비(소독기 저온 멸균형 중형(EO gas))구매,2024,MDG,국군의무사령부,제한경쟁,총액제,적격심사제,202406201100,20240620,낙찰
긴급공고,MFH0009,1,27322,***,EMP 성능시험장비 교정 용역,2024,MFH,국방시설본부,제한경쟁,총액제,적격심사제,202406201030,20240620,유찰
정정공고,SCF0505,3,18205,***,해상-호크나이프 91EA 구매,2024,SCF,해군군수사령부,제한경쟁,총액제,적격심사제,202406201030,20240620,유찰
긴급공고,SCF0626,1,18343,***,자-201 No.2 워터제트 추진기 외주정비,2024,SCF,해군군수사령부,일반경쟁,총액제,적격심사제,202406201030,20240620,유찰
긴급공고,SCF0616,1,18504,***,탄약 이송용 컨베이어 벨트 유지보수 정비,2024,SCF,해군군수사령부,일반경쟁,총액제,적격심사제,202406201030,20240620,유찰
긴급공고,SCF0627,1,19472,***,'24년 전동기 권선 외주정비,2024,SCF,해군군수사령부,일반경쟁,총액제,적격심사제,202406201030,20240620,순위확정
긴급공고,SCF0617,1,19473,***,잠수함 디젤 및 축전지 감시장치 PCB 정비,2024,SCF,해군군수사령부,일반경쟁,총액제,적격심사제,202406201030,20240620,순위확정
긴급공고,SCF0615,1,21267,***,개스킷 등 10종 구매,2024,SCF,해군군수사령부,제한경쟁,총액제,적격심사제,202406201030,20240620,낙찰
긴급공고,SCF0628,1,22743,***,000함 함수추진기 외주정비,2024,SCF,해군군수사령부,일반경쟁,총액제,적격심사제,202406201030,20240620,순위확정
긴급공고,SCF0630,1,22744,***,00함 No.1 FAS 램 텐션 축전기 외주정비,2024,SCF,해군군수사령부,일반경쟁,총액제,적격심사제,202406201030,20240620,낙찰
긴급공고,SCF0623,1,25110,***,'24년 Lynx 항공기 무선용 송신기 조립체 정비,2024,SCF,해군군수사령부,일반경쟁,총액제,적격심사제,202406201030,20240620,유찰
긴급공고,SCF0618,1,25690,***,(긴급)강철조각 1종,2024,SCF,해군군수사령부,제한경쟁,총액제,적격심사제,202406201030,20240620,낙찰
긴급공고,SCF0622,1,25701,***,LST-II 탄약승강기 외주정비,2024,SCF,해군군수사령부,일반경쟁,총액제,적격심사제,202406201030,20240620,낙찰
긴급공고,SCF0633,1,25929,***,"전투함(DDG, DDH-II) 화재감시장치 유지보수 정비",2024,SCF,해군군수사령부,일반경쟁,총액제,적격심사제,202406201030,20240620,낙찰
긴급공고,SCF0621,1,25949,***,ASR 심해구조잠수정(DSRV-II) 전망탑 정비,2024,SCF,해군군수사령부,일반경쟁,총액제,적격심사제,202406201030,20240620,순위확정
긴급공고,SCF0631,1,26003,***,'24년 함정 Non-Skid 청락/도장 용역,2024,SCF,해군군수사령부,일반경쟁,총액제,적격심사제,202406201030,20240620,낙찰
긴급공고,SCF0632,1,26007,***,DDH-II 화재감시장치 정비,2024,SCF,해군군수사령부,일반경쟁,총액제,적격심사제,202406201030,20240620,낙찰
긴급공고,SCF0634,1,26018,***,'24년 함정 하우스 건현 청락/도장 용역,2024,SCF,해군군수사령부,일반경쟁,총액제,적격심사제,202406201030,20240620,낙찰
긴급공고,SCF0625,1,26171,***,(긴급)회로카드 조립체 1종,2024,SCF,해군군수사령부,제한경쟁,총액제,적격심사제,202406201030,20240620,낙찰
긴급공고,SCF0624,1,26266,***,함정 수밀개폐구 정비,2024,SCF,해군군수사령부,일반경쟁,총액제,적격심사제,202406201030,20240620,낙찰
긴급공고,SCF0620,1,26269,***,육군경비정 디젤엔진(MTU 12V183) 총분해 정비,2024,SCF,해군군수사령부,일반경쟁,총액제,적격심사제,202406201030,20240620,낙찰
긴급공고,SFC0074,1,27149,***,24-덕-디지털전용지 등 42품목 구매,2024,SFC,제9691부대,제한경쟁,총액제,적격심사제,202406201030,20240620,낙찰
긴급공고,SFH0087,1,27406,***,24-B-물탱크 청소 용역,2024,SFH,제9196부대,제한경쟁,총액제,적격심사제,202406201030,20240620,낙찰
재공고,UMM0761,2,14207,***,(246168-E) ’24년 스크린 도입사업(리스자산),2024,UMM,국군재정관리단,제한경쟁,총액제,적격심사제,202406201100,20240620,낙찰
긴급공고,UMM0825,1,16923,***,(24F161-A) 근무분야 민간위탁 용역(강원 강릉),2024,UMM,국군재정관리단,일반경쟁,총액제,적격심사제,202406201100,20240620,낙찰
긴급공고,UMM0824,1,17001,***,'(24F162-A) 근무분야 민간위탁 용역(강원 인제),2024,UMM,국군재정관리단,일반경쟁,총액제,적격심사제,202406201100,20240620,낙찰
정상공고,UMM0770,1,21019,***,24-N-고래-2호 등 7종 제조,2024,UMM,국군재정관리단,제한경쟁,총액제,적격심사제,202406201100,20240620,낙찰
정상공고,UMM0801,1,21431,***,24-M-정훈물자 구매,2024,UMM,국군재정관리단,일반경쟁,총액제,적격심사제,202406201100,20240620,낙찰
정상공고,UMM0739,1,21730,***,24-D-휴게실 편의장비 비품 구매,2024,UMM,국군재정관리단,제한경쟁,총액제,적격심사제,202406201100,20240620,낙찰
재공고,UMM0681,2,22596,***,'(24F120-A) 식자재 민간위탁배송 용역,2024,UMM,국군재정관리단,일반경쟁,총액제,적격심사제,202406201130,20240620,유찰
긴급공고,UMM0830,1,22636,***,(247222-E) 의무장비(수술등 천장식) 구매,2024,UMM,국군재정관리단,제한경쟁,총액제,적격심사제,202406201100,20240620,낙찰
긴급공고,UMM0828,1,22937,***,(246246-C) 학교교실 장비도입(PC 등 제조),2024,UMM,국군재정관리단,제한경쟁,총액제,적격심사제,202406201100,20240620,낙찰
긴급공고,UMM0829,1,22947,***,(246239-E) 육군 군기 7종 제조,2024,UMM,국군재정관리단,제한경쟁,총액제,적격심사제,202406201100,20240620,낙찰
긴급공고,UMM0788,1,26042,***,24-F-이동식 콘크리트 믹서장비 구매,2024,UMM,국군재정관리단,일반경쟁,총액제,적격심사제,202406201100,20240620,순위확정
긴급공고,UMM0826,1,27180,***,(24F197-A)특수건강진단위탁용역(경상 전라),2024,UMM,국군재정관리단,일반경쟁,총액제,적격심사제,202406201100,20240620,낙찰
긴급공고,UMM0831,1,27359,***,(24F154-B) 24년 식기세척기 임차용역,2024,UMM,국군재정관리단,제한경쟁,총액제,적격심사제,202406201100,20240620,낙찰
정상공고,EBB0257,1,1570,***,'24년 고압호스,2024,EBB,지상공통전력운영계약팀,수의계약,총액제,적격심사제,202406191100,20240619,유찰
정상공고,EBB0253,1,7410,***,브라켓류(제조),2024,EBB,지상공통전력운영계약팀,제한경쟁,총액제,적격심사제,202406191100,20240619,낙찰
정상공고,EBB0255,1,8355,***,'24년 타이어체인,2024,EBB,지상공통전력운영계약팀,수의계약,총액제,적격심사제,202406191100,20240619,유찰
정상공고,EBB0264,1,8516,***,궤도부품류(클러치 조립체 등),2024,EBB,지상공통전력운영계약팀,수의계약,총액제,적격심사제,202406191400,20240619,유찰
긴급공고,LCF0380,1,23847,***,"침대, 비조정식 10항목 구매(의무)",2024,LCF,육군군수사령부,제한경쟁,총액제,적격심사제,202406191100,20240619,순위확정
긴급공고,LCF0378,1,26320,***,덮개 등 12항목 구매(총포),2024,LCF,육군군수사령부,제한경쟁,총액제,적격심사제,202406191030,20240619,유찰
긴급공고,LCF0376,1,26701,***,광선 분산기 등 3항목 구매(항공),2024,LCF,육군군수사령부,제한경쟁,총액제,적격심사제,202406191100,20240619,순위확정
긴급공고,LCF0379,1,26711,***,"창, 관찰용 등 2항목 구매(항공)",2024,LCF,육군군수사령부,제한경쟁,총액제,적격심사제,202406191100,20240619,낙찰
긴급공고,LDA0025,1,27045,***,[24-D44] 본청 UPS 교체 설치납품,2024,LDA,지상작전사령부,제한경쟁,총액제,적격심사제,202406191100,20240619,낙찰
재공고,LDG0055,2,21602,***,5.56밀리 철상자 등 4개 품목 외주정비 용역,2024,LDG,육군 탄약지원사령부,일반경쟁,총액제,적격심사제,202406191030,20240619,유찰
재공고,LDH0442,2,17228,***,단안형 야간투시경 조리개 개발 연구용역,2024,LDH,육군종합정비창,2단계경쟁(동시),총액제,최저가격제,202406191300,20240619,유찰
재공고,LDH0562,2,21683,***,(자재) 철파이프 등 5종 구매,2024,LDH,육군종합정비창,일반경쟁,총액제,적격심사제,202406191300,20240619,순위확정
재공고,LDH0567,2,23868,***,(자재) 너트 등 23종 구매,2024,LDH,육군종합정비창,제한경쟁,총액제,적격심사제,202406191300,20240619,유찰
긴급공고,LKF0045,1,26877,***,24년 00부대 유휴시설 건설폐기물 처리용역,2024,LKF,제6755부대,제한경쟁,총액제,적격심사제,202406191100,20240619,낙찰
긴급공고,LMU0031,1,26830,***,24-016 24-1차 지정폐기물 위탁처리 용역,2024,LMU,제7군수지원단,제한경쟁,총액제,적격심사제,202406191030,20240619,낙찰
긴급공고,LNG0046,1,26403,***,24년 식기세척기 임차 용역,2024,LNG,육군 제1군단,일반경쟁,총액제,적격심사제,202406191100,20240619,유찰
긴급공고,LQG0054,1,27010,***,예비군훈련대 방탄보호판 개폐장치 설치 납품,2024,LQG,육군 52보병사단,제한경쟁,총액제,적격심사제,202406191030,20240619,낙찰
재공고,MCR0042,2,18803,***,정책현안 연구용역(1. 북한의무기체계와..),2024,MCR,국방대학교,협상에의한계약(전자),총액제,최저가격제,202406191030,20240619,낙찰
정상공고,MDF0025,1,26034,***,24-2차 상용 SW 구매(EMS7),2024,MDF,국군지휘통신사령부,제한경쟁,총액제,적격심사제,202406191030,20240619,낙찰
정상공고,MDG0157,1,26115,***,24년 의무장비(격리병실음압유지기) 구매,2024,MDG,국군의무사령부,제한경쟁,총액제,적격심사제,202406191100,20240619,낙찰
긴급공고,MDR0033,1,26838,***,기상관측장비 교체,2024,MDR,제9965부대,제한경쟁,총액제,적격심사제,202406191100,20240619,낙찰
긴급공고,SCF0590,1,17857,***,"시일, 밀봉형 등 5종 구매",2024,SCF,해군군수사령부,제한경쟁,총액제,적격심사제,202406191030,20240619,낙찰
긴급공고,SCF0603,1,18506,***,동계취사모 등 2종 제조,2024,SCF,해군군수사령부,제한경쟁,총액제,적격심사제,202406191030,20240619,낙찰
긴급공고,SCF0608,1,19347,***,"스위치, 누름식 등 4종 구매",2024,SCF,해군군수사령부,제한경쟁,총액제,적격심사제,202406191030,20240619,낙찰
긴급공고,SCF0609,1,19358,***,전원공급기  등 4종 구매,2024,SCF,해군군수사령부,일반경쟁,총액제,적격심사제,202406191030,20240619,낙찰
긴급공고,SCF0592,1,20101,***,"게이지, 기체흐름 측정용 등 3종 구매",2024,SCF,해군군수사령부,제한경쟁,총액제,적격심사제,202406191030,20240619,낙찰
긴급공고,SCF0594,1,21271,***,필터 하부조립체 등 3종,2024,SCF,해군군수사령부,제한경쟁,총액제,적격심사제,202406191030,20240619,낙찰
긴급공고,SCF0601,1,21632,***,기능성침낭 43SE 제조,2024,SCF,해군군수사령부,제한경쟁,총액제,적격심사제,202406191030,20240619,유찰
긴급공고,SCF0607,1,22369,***,"군악, 의장 행사모 구매",2024,SCF,해군군수사령부,제한경쟁,총액제,적격심사제,202406191030,20240619,낙찰
긴급공고,SCF0596,1,22595,***,소자 등 24종 구매,2024,SCF,해군군수사령부,제한경쟁,총액제,적격심사제,202406191030,20240619,낙찰
긴급공고,SCF0602,1,23075,***,군사경찰 행사복 등 7종 제조,2024,SCF,해군군수사령부,제한경쟁,총액제,적격심사제,202406191030,20240619,낙찰
긴급공고,SCF0605,1,23132,***,부식 방지제 등 31종 구매,2024,SCF,해군군수사령부,일반경쟁,총액제,적격심사제,202406191030,20240619,낙찰
긴급공고,SCF0606,1,23547,***,해류유속계 구매,2024,SCF,해군군수사령부,제한경쟁,총액제,적격심사제,202406191030,20240619,낙찰
긴급공고,SCF0604,1,24216,***,함정 화장실/세면장 리모델링 정비,2024,SCF,해군군수사령부,일반경쟁,총액제,적격심사제,202406191030,20240619,낙찰
긴급공고,SCF0611,1,25502,***,'24년 함정 실내 청락/도장 용역,2024,SCF,해군군수사령부,일반경쟁,총액제,적격심사제,202406191030,20240619,낙찰
긴급공고,SCF0610,1,25801,***,(긴급)엑츄에이터 등 2종,2024,SCF,해군군수사령부,제한경쟁,총액제,적격심사제,202406191030,20240619,낙찰
긴급공고,SCF0593,1,26542,***,래커에어로졸 등 8종 구매,2024,SCF,해군군수사령부,제한경쟁,총액제,적격심사제,202406191030,20240619,순위확정
긴급공고,SCF0612,1,27075,***,'24년 항만경비정(HP) 유도관 및 추진기 외주정비,2024,SCF,해군군수사령부,일반경쟁,총액제,적격심사제,202406191030,20240619,낙찰
긴급공고,SCF0613,1,27079,***,'24년 항만수송정(YF) 유도관 및 추진기 외주정비,2024,SCF,해군군수사령부,일반경쟁,총액제,적격심사제,202406191030,20240619,낙찰
긴급공고,SCF0614,1,27088,***,OO함 잠수장비세트 외주정비,2024,SCF,해군군수사령부,일반경쟁,총액제,적격심사제,202406191030,20240619,순위확정
재공고,SDF0073,2,22419,***,GASKET 등 40종 구매,2024,SDF,제5738부대,제한경쟁,총액제,적격심사제,202406191430,20240619,낙찰
긴급공고,SFG0063,1,26743,***,MCU PCB 및 정재염 등 38품목 구매,2024,SFG,제9181부대,제한경쟁,총액제,적격심사제,202406191030,20240619,낙찰
정상공고,UAB0044,1,26222,***,’25년도 국군복지단 달력 제조,2024,UAB,국군복지단,일반경쟁,총액제,적격심사제,202406191100,20240619,낙찰
정상공고,UAB0045,1,26811,***,국군복지단 가격조사 위탁용역,2024,UAB,국군복지단,일반경쟁,총액제,적격심사제,202406191700,20240619,낙찰
정상공고,UMM0719,1,17824,***,24-F-버켓트럭 1종 구매,2024,UMM,국군재정관리단,제한경쟁,총액제,적격심사제,202406191100,20240619,유찰
정상공고,UMM0783,1,17971,***,(246026-G)24년 대형화면전시체계 교체사업(리스자산),2024,UMM,국군재정관리단,제한경쟁,총액제,적격심사제,202406191100,20240619,낙찰
재공고,UMM0646,2,19725,***,24-N-전원변환기(DC24V 400A) 제조(248153-F),2024,UMM,국군재정관리단,일반경쟁,총액제,적격심사제,202406191100,20240619,낙찰
긴급공고,UMM0817,1,20081,***,'(24F187-A) 근무분야 민간위탁 용역(경기포천),2024,UMM,국군재정관리단,일반경쟁,총액제,적격심사제,202406191100,20240619,낙찰
정상공고,UMM0793,1,20330,***,(247133-E) 장비운영소모품(외과2) 38종 구매,2024,UMM,국군재정관리단,제한경쟁,총액제,적격심사제,202406191100,20240619,낙찰
정상공고,UMM0785,1,20379,***,24-N-0함대 물탱크 청소용역,2024,UMM,국군재정관리단,제한경쟁,총액제,적격심사제,202406191100,20240619,낙찰
긴급공고,UMM0812,1,23272,***,24-D-이동마트 차량(3.5톤) 제조,2024,UMM,국군재정관리단,제한경쟁,총액제,적격심사제,202406191100,20240619,낙찰
정상공고,UMM0787,1,23850,***,(24F241-B) 24년 통합관리시스템 하드웨어 교체,2024,UMM,국군재정관리단,제한경쟁,총액제,적격심사제,202406191100,20240619,낙찰
정상공고,UMM0768,1,24103,***,24-N-방공 고속지령대 제조 설치(248174-F),2024,UMM,국군재정관리단,제한경쟁,총액제,적격심사제,202406191100,20240619,낙찰
정상공고,UMM0791,1,25866,***,(246235-E) 항공기용 위성통신 단말기 교체,2024,UMM,국군재정관리단,제한경쟁,총액제,적격심사제,202406191100,20240619,낙찰
정상공고,UMM0796,1,26129,***,(24F196-A) 특수건강 위탁용역(경기 강원),2024,UMM,국군재정관리단,일반경쟁,총액제,적격심사제,202406191100,20240619,낙찰
긴급공고,UMM0814,1,26699,***,(246196-C) 특정지역 특수피복 제조,2024,UMM,국군재정관리단,제한경쟁,총액제,적격심사제,202406191100,20240619,낙찰
긴급공고,UMM0815,1,26712,***,24-N-기지경계용 드론 제조,2024,UMM,국군재정관리단,일반경쟁,총액제,적격심사제,202406191100,20240619,유찰
정상공고,EBB0258,1,3019,***,곡사포 일반부품류(제조),2024,EBB,지상공통전력운영계약팀,제한경쟁,총액제,적격심사제,202406181100,20240618,낙찰
정상공고,EBB0252,1,6102,***,리테이너류,2024,EBB,지상공통전력운영계약팀,수의계약,총액제,적격심사제,202406181400,20240618,유찰
정상공고,EBB0251,1,8321,***,패드류,2024,EBB,지상공통전력운영계약팀,수의계약,총액제,적격심사제,202406181400,20240618,유찰
재공고,EBB0206,2,8940A,***,'24년 축전식 전지(밀폐형),2024,EBB,지상공통전력운영계약팀,일반경쟁,총액제,적격심사제,202406181100,20240618,순위확정
정상공고,EBH0053,1,0114,***,24년 케이블조립체류(비차폐용)(제조),2024,EBH,해상공중전력운영계약팀,일반경쟁,총액제,적격심사제,202406181100,20240618,낙찰
정상공고,EBH0054,1,0115,***,24년 케이블조립체류(통신장비용)(제조),2024,EBH,해상공중전력운영계약팀,일반경쟁,총액제,적격심사제,202406181100,20240618,낙찰
정상공고,EBH0042,1,2540E,***,신형 방탄헬멧(소형),2024,EBH,해상공중전력운영계약팀,수의계약,총액제,적격심사제,202406181100,20240618,유찰
정상공고,EBH0048,1,2540F,***,신형 방탄헬멧(중형),2024,EBH,해상공중전력운영계약팀,수의계약,총액제,적격심사제,202406181100,20240618,유찰
정상공고,EBH0049,1,2540G,***,신형 방탄헬멧(대형),2024,EBH,해상공중전력운영계약팀,제한경쟁,총액제,적격심사제,202406181100,20240618,낙찰
정상공고,EBH0050,1,2540H,***,신형 방탄헬멧(특대형),2024,EBH,해상공중전력운영계약팀,수의계약,총액제,적격심사제,202406181100,20240618,유찰
정상공고,EBH0045,1,4700G,***,24년 정밀접근용 레이다(GPN-331K) 부품(구매)(A),2024,EBH,해상공중전력운영계약팀,수의계약,총액제,적격심사제,202406181030,20240618,유찰
정상공고,EBH0055,1,5030,***,24년 비호용 전원공급기(제조),2024,EBH,해상공중전력운영계약팀,일반경쟁,총액제,적격심사제,202406181400,20240618,낙찰
정상공고,EBH0051,1,8010A,***,24년 천마 궤도 부품류(제조),2024,EBH,해상공중전력운영계약팀,일반경쟁,총액제,적격심사제,202406181400,20240618,낙찰
재공고,EBH0040,2,8026,***,24년 위장망체계 지지대세트류,2024,EBH,해상공중전력운영계약팀,일반경쟁,총액제,적격심사제,202406181100,20240618,낙찰
재공고,EKA0018,2,7400,***,"24년 측지기, 전자식거리측정용, 적외선식",2024,EKA,기동총괄계약팀,수의계약,총액제,적격심사제,202406181430,20240618,유찰
재공고,HCF0114,2,17576,***,[무장장착장비 부품]밸브조립체 등 10종,2024,HCF,공군군수사령부,제한경쟁,총액제,적격심사제,202406181030,20240618,낙찰
긴급공고,HCF0156,1,26128,***,"24-H-31 톱, 동력 절단용",2024,HCF,공군군수사령부,제한경쟁,총액제,적격심사제,202406181030,20240618,낙찰
긴급공고,HCM0050,1,26371,***,24-04-137 방송장비 1품목 구매,2024,HCM,공군교육사령부,제한경쟁,총액제,적격심사제,202406181030,20240618,낙찰
긴급공고,HCQ0050,1,26557,***,5비 김해기지 간부숙소 신축(자동제어),2024,HCQ,공군제5공중기동비행단,제한경쟁,총액제,적격심사제,202406181100,20240618,낙찰
긴급공고,HCQ0051,1,26568,***,5비 김해기지 간부숙소 신축(가구),2024,HCQ,공군제5공중기동비행단,제한경쟁,총액제,적격심사제,202406181100,20240618,낙찰
정상공고,HDQ0053,1,26603,***,20비 24-185 냉장고,2024,HDQ,제20전투비행단,제한경쟁,총액제,적격심사제,202406181100,20240618,낙찰
긴급공고,LBA0052,1,25563,***,'24년 진지공사용 폐타이어 위탁수송 용역,2024,LBA,제 2167부대,일반경쟁,총액제,적격심사제,202406181030,20240618,낙찰
긴급공고,LCF0373,1,05878,***,청력계기능검사기 등 1항목 구매(의무),2024,LCF,육군군수사령부,제한경쟁,총액제,적격심사제,202406181100,20240618,유찰
재공고,LCF0282,2,07291,***,"스위치,누름식 등 13항목 구매(총포)",2024,LCF,육군군수사령부,제한경쟁,총액제,적격심사제,202406181030,20240618,유찰
재공고,LCF0287,2,07295,***,"뚜껑,렌즈용 등 24항목 구매(총포)",2024,LCF,육군군수사령부,제한경쟁,총액제,적격심사제,202406181030,20240618,유찰
재공고,LCF0305,2,07944,***,"비트,스크루드라이버용 등 26항목 구매(통신)",2024,LCF,육군군수사령부,제한경쟁,총액제,적격심사제,202406181030,20240618,유찰
긴급공고,LCF0374,1,08066,***,"디스플레이, 광전자식 등 14항목 구매(통신)",2024,LCF,육군군수사령부,제한경쟁,총액제,적격심사제,202406181100,20240618,유찰
재공고,LCF0288,2,08186,***,"축전기,고정식,세라믹 유전체형 등 15항목 구매(총포)",2024,LCF,육군군수사령부,제한경쟁,총액제,적격심사제,202406181030,20240618,유찰
긴급공고,LCF0364,1,08246,***,도관 조립체 등 72항목 구매(자주포),2024,LCF,육군군수사령부,일반경쟁,총액제,적격심사제,202406181030,20240618,낙찰
재공고,LCF0332,2,14648,***,"볼,밸브용,배기구멍형 등 37항목 구매(궤도)",2024,LCF,육군군수사령부,일반경쟁,총액제,적격심사제,202406181130,20240618,낙찰
재공고,LCF0270,2,22529,***,"덮개,총포용 등 20항목 구매(총포)",2024,LCF,육군군수사령부,제한경쟁,총액제,적격심사제,202406181030,20240618,낙찰
재공고,LCF0331,2,23949,***,"링,베어링용,외부용 등 14항목 구매(궤도_002)",2024,LCF,육군군수사령부,제한경쟁,총액제,적격심사제,202406181130,20240618,유찰
긴급공고,LCF0365,1,24913,***,브래킷트 등 35항목 생산능력확인제조(궤도-009),2024,LCF,육군군수사령부,제한경쟁,총액제,적격심사제,202406181130,20240618,유찰
긴급공고,LCF0366,1,24914,***,"피스톤,작동용 등 84항목 생산능력확인제조(궤도-007)",2024,LCF,육군군수사령부,제한경쟁,총액제,적격심사제,202406181130,20240618,유찰
긴급공고,LCF0363,1,25570,***,필터엘리먼트 등 16항목 생산능력제조(자주포),2024,LCF,육군군수사령부,제한경쟁,총액제,적격심사제,202406181030,20240618,유찰
긴급공고,LCF0367,1,26203,***,"렌치,소켓용 등 36항목 구매(총포공구)",2024,LCF,육군군수사령부,제한경쟁,총액제,적격심사제,202406181030,20240618,낙찰
긴급공고,LCF0368,1,26208,***,"렌치,스패너용 등 40항목 구매(총포공구)",2024,LCF,육군군수사령부,제한경쟁,총액제,적격심사제,202406181030,20240618,낙찰
긴급공고,LCF0369,1,26211,***,"드라이버,시일용 등 17항목 구매(총포공구)",2024,LCF,육군군수사령부,제한경쟁,총액제,적격심사제,202406181030,20240618,유찰
긴급공고,LCF0370,1,26212,***,"플라이어,리테이닝링용 등 36항목 구매(총포공구)",2024,LCF,육군군수사령부,제한경쟁,총액제,적격심사제,202406181030,20240618,낙찰
긴급공고,LCF0371,1,26213,***,"접촉자조립체,전기용 등 13항목 구매(총포공구)",2024,LCF,육군군수사령부,제한경쟁,총액제,적격심사제,202406181030,20240618,낙찰
긴급공고,LCF0372,1,26360,***,＇24년 합동 화력시뮬레이터 정비(용역),2024,LCF,육군군수사령부,제한경쟁,총액제,적격심사제,202406181030,20240618,낙찰
긴급공고,LCH0040,1,26484,***,기구 강하용 헬륨가스 구매(특-24-물-40),2024,LCH,특수전사령부,일반경쟁,총액제,적격심사제,202406181030,20240618,낙찰
긴급공고,LCH0041,1,26567,***,공중물자 부품 구매(특-24-물-39),2024,LCH,특수전사령부,제한경쟁,총액제,적격심사제,202406181030,20240618,낙찰
긴급공고,LCK0021,1,25702,***,[육성지원금-24-5] 심폐소생술마네킹 등 2종 구매,2024,LCK,수도방위사령부,제한경쟁,총액제,적격심사제,202406181030,20240618,낙찰
정정공고,LDC0013,2,24806,***,손망실 마일즈장비 제조납품,2024,LDC,육군과학화전투훈련단,일반경쟁,총액제,적격심사제,202406181030,20240618,유찰
긴급공고,LDG0067,1,26498,***,6차(천안)전력시설 개선공사-관급 케이블,2024,LDG,육군 탄약지원사령부,제한경쟁,총액제,적격심사제,202406181030,20240618,낙찰
재공고,LGT0057,2,24361,***,'24년~'27년 얼음정수기 임차 용역(24-GS-8),2024,LGT,제2307부대,제한경쟁,총액제,적격심사제,202406181100,20240618,낙찰
긴급공고,LHQ0029,1,23192,***,24년 장기미래비전연구수행 정책연구과제사업,2024,LHQ,제2작전사령부,협상에의한계약(전자),총액제,최저가격제,202406181400,20240618,낙찰
긴급공고,LKT0059,1,25492,***,24년 7~9월 부대조달 급식품목(식육가공품) 구매,2024,LKT,제1989부대,제한경쟁,총액제,적격심사제,202406181030,20240618,낙찰
긴급공고,LMK0026,1,26423,***,[[24-C43] 24년 7여단 KCTC 훈련 급식품목 간편식,2024,LMK,제6보병사단,일반경쟁,총액제,적격심사제,202406181030,20240618,낙찰
긴급공고,LMU0030,1,25800,001,(24-급-030) '24-2차 부대계약 식자재(빵류) 계약,2024,LMU,제7군수지원단,일반경쟁,단가제,적격심사제,202406181100,20240618,낙찰
재공고,MCD0022,3,17740,***,국방 연구개발 법제 개선 연구,2024,MCD,국방부(운영지원과),협상에의한계약(전자),총액제,최저가격제,202406181100,20240618,낙찰
정상공고,MCD0032,1,23564,***,의무시설 시설공사비 적정 편성 기준 연구,2024,MCD,국방부(운영지원과),협상에의한계약(전자),총액제,최저가격제,202406181100,20240618,낙찰
정상공고,MCD0030,1,23585,***,국방부 기록관 비전자기록물 DB구축,2024,MCD,국방부(운영지원과),협상에의한계약(전자),총액제,최저가격제,202406181700,20240618,유찰
정상공고,MDD0092,1,24092,***,2024 전산장비(영상CD등록기) 구매,2024,MDD,국군수도병원,제한경쟁,총액제,적격심사제,202406181200,20240618,낙찰
정상공고,MDD0093,1,25051,***,2024 동맥 초음파 실습모형 구매,2024,MDD,국군수도병원,제한경쟁,총액제,적격심사제,202406181200,20240618,유찰
정상공고,MDG0156,1,23295,***,24년 의무장비(수액조절기 분석기) 구매,2024,MDG,국군의무사령부,제한경쟁,총액제,적격심사제,202406181100,20240618,낙찰
정상공고,MDG0155,1,23296,***,24년 의무장비(고주파수술기 하지정맥용) 구매,2024,MDG,국군의무사령부,제한경쟁,총액제,적격심사제,202406181100,20240618,낙찰
정상공고,MDG0151,1,24318,***,24-3차 소방기구(소화기 등 4종) 구매,2024,MDG,국군의무사령부,제한경쟁,총액제,적격심사제,202406181100,20240618,낙찰
정상공고,MDG0153,1,24322,***,24-3차 후생용구(이발기 등 2종) 구매,2024,MDG,국군의무사령부,제한경쟁,총액제,적격심사제,202406181100,20240618,유찰
정상공고,MDG0154,1,25717,***,환자치료식 194종 구매,2024,MDG,국군의무사령부,제한경쟁,총액제,적격심사제,202406181100,20240618,유찰
정정공고,MDR0028,2,24518,***,방탄복 제조,2024,MDR,제9965부대,제한경쟁,총액제,적격심사제,202406181100,20240618,낙찰
긴급공고,MDS0009,1,26334,***,00체계 수리부속 구매(전원공급기 등 15종),2024,MDS,제3707부대,제한경쟁,총액제,적격심사제,202406181030,20240618,낙찰
긴급공고,SCF0579,1,17869,***,안전포크 등 4종 구매,2024,SCF,해군군수사령부,제한경쟁,총액제,적격심사제,202406181030,20240618,낙찰
긴급공고,SCF0584,1,17886,***,초음파누설검사기 2EA 구매,2024,SCF,해군군수사령부,제한경쟁,총액제,적격심사제,202406181030,20240618,낙찰
긴급공고,SCF0533,1,18149,***,'24년 함정 승강기 안전도 검사 용역,2024,SCF,해군군수사령부,일반경쟁,총액제,적격심사제,202406181030,20240618,유찰
재공고,SCF0510,2,18691,***,"솔 부분품,소제용,포용 등 2종 구매",2024,SCF,해군군수사령부,제한경쟁,총액제,적격심사제,202406181030,20240618,순위확정
긴급공고,SCF0586,1,19244,***,양극 등 5종 구매,2024,SCF,해군군수사령부,제한경쟁,총액제,적격심사제,202406181030,20240618,유찰
긴급공고,SCF0577,1,19391,***,유체정역학유니트 등 2종 구매,2024,SCF,해군군수사령부,제한경쟁,총액제,적격심사제,202406181030,20240618,낙찰
긴급공고,SCF0578,1,19421,***,플랫트 실링 등 10종 구매,2024,SCF,해군군수사령부,제한경쟁,총액제,적격심사제,202406181030,20240618,낙찰
긴급공고,SCF0583,1,20102,***,EOD로봇 부품 정비,2024,SCF,해군군수사령부,일반경쟁,총액제,적격심사제,202406181030,20240618,유찰
긴급공고,SCF0587,1,20817,***,기관장비 유지보수 용역,2024,SCF,해군군수사령부,일반경쟁,총액제,적격심사제,202406181030,20240618,낙찰
재공고,SCF0534,2,20987,***,손원일급 잠수함  ESM/RADAR 마스트 정비,2024,SCF,해군군수사령부,일반경쟁,총액제,적격심사제,202406181030,20240618,순위확정
긴급공고,SCF0597,1,21453,***,유증기 감지기 등 7종 구매,2024,SCF,해군군수사령부,제한경쟁,총액제,적격심사제,202406181030,20240618,낙찰
긴급공고,SCF0576,1,21461,***,백업링 등 11종 구매,2024,SCF,해군군수사령부,제한경쟁,총액제,적격심사제,202406181030,20240618,낙찰
긴급공고,SCF0585,1,21635,***,프레임리프트 2EA 구매,2024,SCF,해군군수사령부,제한경쟁,총액제,적격심사제,202406181030,20240618,낙찰
긴급공고,SCF0573,1,22729,***,(긴급)엘리베이터 가스켓 등 16종,2024,SCF,해군군수사령부,제한경쟁,총액제,적격심사제,202406181300,20240618,낙찰
긴급공고,SCF0589,1,22945,***,항만지휘정 및 조사정 추진기관 외주정비,2024,SCF,해군군수사령부,일반경쟁,총액제,적격심사제,202406181030,20240618,순위확정
긴급공고,SCF0574,1,24135,***,"(긴급)잉곳,주석-청동용 등 3종",2024,SCF,해군군수사령부,제한경쟁,총액제,적격심사제,202406181300,20240618,낙찰
긴급공고,SCF0591,1,24548,***,’24년 함정 취사장 바닥 교체 용역,2024,SCF,해군군수사령부,일반경쟁,총액제,적격심사제,202406181030,20240618,낙찰
긴급공고,SCF0571,1,24941,***,도산안창호급 잠수함 HF 부이형 안테나 예방점검 용역,2024,SCF,해군군수사령부,일반경쟁,총액제,적격심사제,202406181030,20240618,유찰
긴급공고,SCF0588,1,25098,***,'24년 Lynx 항공기 회로카드 조립체 정비,2024,SCF,해군군수사령부,일반경쟁,총액제,적격심사제,202406181030,20240618,유찰
긴급공고,UHC0015,1,26084,***,패트리어트 전원공급체계 장비 외주정비 용역계약,2024,UHC,공군 작사예하 방포사예하 제2여단,제한경쟁,총액제,적격심사제,202406181030,20240618,유찰
정상공고,UMM0776,1,17956,***,(24F177-A)  민간 제초관리 용역,2024,UMM,국군재정관리단,제한경쟁,총액제,적격심사제,202406181100,20240618,낙찰
재공고,UMM0707,2,18677,***,24-N-주파수변환기 제조,2024,UMM,국군재정관리단,제한경쟁,총액제,적격심사제,202406181100,20240618,낙찰
재공고,UMM0683,2,19656,***,24-N-25인승 공기주입식 구명정 제조,2024,UMM,국군재정관리단,제한경쟁,총액제,적격심사제,202406181100,20240618,유찰
긴급공고,UMM0759,1,19903,***,24-N-자유형단조해머 제조,2024,UMM,국군재정관리단,일반경쟁,총액제,적격심사제,202406181100,20240618,유찰
긴급공고,UMM0810,1,19937,***,(24F156-I) '24년 근무분야 민간위탁(양주 덕정),2024,UMM,국군재정관리단,일반경쟁,총액제,적격심사제,202406181100,20240618,낙찰
재공고,UMM0598,3,20176,***,차세대 D-PIS 구축 장비(백업 어플라이언스) 구매,2024,UMM,국군재정관리단,2단계경쟁(동시),총액제,최저가격제,202406181100,20240618,낙찰
재공고,UMM0692,2,20417,***,24-N-전투실험용 함 탑재 무인기 임차용역,2024,UMM,국군재정관리단,제한경쟁,총액제,적격심사제,202406181100,20240618,유찰
정상공고,UMM0780,1,21134,***,(247136-C) 장비운영소모품(병원) 125종 구매,2024,UMM,국군재정관리단,일반경쟁,총액제,적격심사제,202406181100,20240618,낙찰
정상공고,UMM0775,1,21157,***,(247132-D)장비운영소모품(외과1) 41종 구매,2024,UMM,국군재정관리단,제한경쟁,총액제,적격심사제,202406181100,20240618,낙찰
긴급공고,UMM0777,1,21391,***,24~27-N-얼음정수기(131대) 임차용역,2024,UMM,국군재정관리단,일반경쟁,총액제,적격심사제,202406181100,20240618,낙찰
긴급공고,UMM0797,1,22173,***,24-N-0함대 유해환경작업자 건강검진 용역,2024,UMM,국군재정관리단,일반경쟁,총액제,적격심사제,202406181100,20240618,낙찰
정상공고,UMM0773,1,22388,***,(247213-D)외상처리 마네킨 등 2품목 구매,2024,UMM,국군재정관리단,제한경쟁,총액제,적격심사제,202406181100,20240618,낙찰
긴급공고,UMM0789,1,22498,***,24-F-00사격장 폐탄수거용역,2024,UMM,국군재정관리단,일반경쟁,총액제,적격심사제,202406181100,20240618,낙찰
정상공고,UMM0769,1,23099,***,(246220-C) 전투장구류 클린소독기 구매,2024,UMM,국군재정관리단,제한경쟁,총액제,적격심사제,202406181100,20240618,낙찰
정상공고,UMM0782,1,23303,***,(246236-F) 공기청정기 필터 제조,2024,UMM,국군재정관리단,제한경쟁,총액제,적격심사제,202406181100,20240618,낙찰
정상공고,UMM0779,1,23507,***,(246258-C) 특정지역 특수피복 제조(신사복류),2024,UMM,국군재정관리단,제한경쟁,총액제,적격심사제,202406181100,20240618,낙찰
긴급공고,UMM0803,1,23684,***,(24G180-I) 24년 병영 및 행정시설 전문방제용역,2024,UMM,국군재정관리단,일반경쟁,총액제,적격심사제,202406181100,20240618,낙찰
긴급공고,UMM0806,1,23688,***,(24F184-I) 24년 제초용역,2024,UMM,국군재정관리단,제한경쟁,총액제,적격심사제,202406181100,20240618,낙찰
정상공고,UMM0774,1,23753,***,(246247-D) 이동형 심리생리반응 분석장비 구매,2024,UMM,국군재정관리단,제한경쟁,총액제,적격심사제,202406181100,20240618,유찰
정상공고,UMM0781,1,24058,***,(247037-H)웹 방화벽 구축,2024,UMM,국군재정관리단,제한경쟁,총액제,적격심사제,202406181100,20240618,낙찰
긴급공고,UMM0808,1,24277,***,"(24F198-I) 경기, 강원지역 작업환경측정 위탁용역",2024,UMM,국군재정관리단,일반경쟁,총액제,적격심사제,202406181100,20240618,낙찰
긴급공고,UMM0809,1,24279,***,"(24F199-I) 충청, 경상, 전라지역 작업환경측정 위탁",2024,UMM,국군재정관리단,일반경쟁,총액제,적격심사제,202406181100,20240618,낙찰
긴급공고,UMM0798,1,26233,***,(24F132-I) 보급부대 근무분야 민간위탁(경남 김해),2024,UMM,국군재정관리단,일반경쟁,총액제,적격심사제,202406181100,20240618,낙찰
긴급공고,UMM0799,1,26240,***,(24F133-I) 보급부대 근무분야 민간위탁(대전 유성),2024,UMM,국군재정관리단,일반경쟁,총액제,적격심사제,202406181100,20240618,낙찰
긴급공고,DSS0030,1,25760,***,국방 사이버보안 지원체계 구축사업,2024,DSS,국군제1068부대,지명경쟁,총액제,최저가격제,202406171030,20240617,낙찰
정상공고,EBB0101,1,6001,***,24년 개인화기조준경,2024,EBB,지상공통전력운영계약팀,협상에의한계약(서류),총액제,최저가격제,202406171330,20240617,낙찰
정상공고,EBB0102,1,6003,***,24년 고성능확대경,2024,EBB,지상공통전력운영계약팀,협상에의한계약(서류),총액제,최저가격제,202406171330,20240617,낙찰
정상공고,EKA0019,1,7020,***,"24년 소총,5.56mm,K2/K2C1",2024,EKA,기동총괄계약팀,지명경쟁,총액제,적격심사제,202406171030,20240617,낙찰
정상공고,HCG0024,1,21100,***,24-신규 무기체계 도입시  전력화 군수지원방안 연구,2024,HCG,공군본부,협상에의한계약(전자),총액제,최저가격제,202406171100,20240617,낙찰
긴급공고,HCL0043,1,22930,***,24-충-공-9 설계용역,2024,HCL,공군사관학교,제한경쟁,총액제,적격심사제,202406171030,20240617,낙찰
긴급공고,HCQ0044,1,22123,***,[24-144] 출입문개방용 유압절단기 1종 1점,2024,HCQ,공군제5공중기동비행단,2단계경쟁(동시),총액제,최저가격제,202406171000,20240617,유찰
긴급공고,HCQ0043,1,22136,***,[24-156] 청력보호헤드셋 1종 32점,2024,HCQ,공군제5공중기동비행단,2단계경쟁(동시),총액제,최저가격제,202406171000,20240617,유찰
재공고,LCF0241,2,09477,***,"고정기, 전기접촉 브러시용 등 20항목 구매(기장)",2024,LCF,육군군수사령부,제한경쟁,총액제,적격심사제,202406171030,20240617,순위확정
재공고,LCF0329,2,14604,***,"송신기,유압용 등 9항목 구매(일장-016)",2024,LCF,육군군수사령부,제한경쟁,총액제,적격심사제,202406171030,20240617,순위확정
긴급공고,LKG0063,1,26313,***,의무근무대 신축(자동제어 제조설치),2024,LKG,육군제53보병사단,제한경쟁,총액제,적격심사제,202406171100,20240617,낙찰
연기공고,LPG0016,2,25273,***,(수정2) 24-1차 임차용 얼음정수기 입찰공고,2024,LPG,제5보병사단,제한경쟁,총액제,적격심사제,202406171030,20240617,낙찰
긴급공고,MDD0091,1,25039,***,2024 병리장비운영소모품(10-2) 4품목 구매,2024,MDD,국군수도병원,제한경쟁,총액제,적격심사제,202406171200,20240617,낙찰
정상공고,MHD0053,1,18828,***,효율적 획득업무 수행을 위한 WBS 표준화 연구,2024,MHD,방위사업청(운영지원과),협상에의한계약(전자),총액제,최저가격제,202406171500,20240617,낙찰
정상공고,MHD0054,1,19322,***,항공통제기 2차 시설사업 기본계획 수립 연구용역,2024,MHD,방위사업청(운영지원과),협상에의한계약(전자),총액제,최저가격제,202406171500,20240617,낙찰
정상공고,UMM0742,1,24803,***,24-N-탐조등 12인치 제조(248121-F),2024,UMM,국군재정관리단,일반경쟁,총액제,적격심사제,202406171100,20240617,낙찰
정상공고,UMM0763,1,25407,***,24-M-동원생활관 제로에너지 제조 설치(248083-F),2024,UMM,국군재정관리단,제한경쟁,총액제,적격심사제,202406171100,20240617,낙찰
정상공고,EBB0247,1,4130T,***,K계열전차 부품류,2024,EBB,지상공통전력운영계약팀,일반경쟁,총액제,적격심사제,202406141100,20240614,낙찰
정상공고,EBH0046,1,0016A,***,24년 오리콘 부품(슬리브 등),2024,EBH,해상공중전력운영계약팀,일반경쟁,총액제,적격심사제,202406141100,20240614,낙찰
재공고,EBH0037,2,0022,***,24년 오리콘 사격통제장치 부품류(제조),2024,EBH,해상공중전력운영계약팀,수의계약,총액제,적격심사제,202406141100,20240614,유찰
정상공고,EBH0043,1,2060,***,"부유대 조립체, 방탄헬멧 내피용",2024,EBH,해상공중전력운영계약팀,제한경쟁,총액제,적격심사제,202406141100,20240614,낙찰
정상공고,EBH0041,1,4701G,***,24년 정밀접근용 레이다(GPN-331K) 부품(구매)(B),2024,EBH,해상공중전력운영계약팀,수의계약,총액제,적격심사제,202406141030,20240614,유찰
재공고,EBH0023,2,8014,***,24년 천마 전동기 부품(제조),2024,EBH,해상공중전력운영계약팀,수의계약,총액제,적격심사제,202406141400,20240614,유찰
긴급공고,HCF0155,1,25313,***,폭발물처리 작전용 셔츠 제조,2024,HCF,공군군수사령부,제한경쟁,총액제,적격심사제,202406141030,20240614,낙찰
정정공고,LBB0016,2,24925,001,'24년 취사용 LPG 구매,2024,LBB,육군제7789부대,제한경쟁,단가제,적격심사제,202406141030,20240614,낙찰
재공고,LCF0258,2,12736,***,"솔레노이드, 전기식 등 17항목 구매(기장)",2024,LCF,육군군수사령부,제한경쟁,총액제,적격심사제,202406141030,20240614,낙찰
긴급공고,LCJ0035,1,22850,***,동명부대 민간위탁 급식용역,2024,LCJ,종합보급창,협상에의한계약(전자),총액제,최저가격제,202406141000,20240614,유찰
긴급공고,MCD0029,1,23453,***,국방부 맞춤형 성인지교육 표준교안 개발,2024,MCD,국방부(운영지원과),협상에의한계약(전자),총액제,최저가격제,202406141700,20240614,유찰
정상공고,MCD0031,1,24278,***,한국형 방산수출금융지원기준 설정방안 연구,2024,MCD,국방부(운영지원과),협상에의한계약(전자),총액제,최저가격제,202406141700,20240614,유찰
긴급공고,MDZ0001,1,22401,***,국방데이터 품질점검 실증 및 운영방안 연구 사업,2024,MDZ,합동상호운용성기술센터,협상에의한계약(전자),총액제,최저가격제,202406141030,20240614,낙찰
긴급공고,SDG0027,1,25931,***,노후 행정시설 신축공사(GHP실외기),2024,SDG,제2002부대,제한경쟁,총액제,적격심사제,202406141030,20240614,낙찰
정상공고,EBB0249,1,1A028,***,24~25년 헬기 구성품(변환기 등) 정비,2024,EBB,지상공통전력운영계약팀,수의계약,총액제,적격심사제,202406131030,20240613,유찰
정상공고,EBB0250,1,1A036,***,"24~25년 헬기전장품정비(회전자,발전기용)",2024,EBB,지상공통전력운영계약팀,수의계약,총액제,적격심사제,202406131030,20240613,유찰
긴급공고,LCF0361,1,23678,***,백열등 등 72항목 구매(자주포),2024,LCF,육군군수사령부,일반경쟁,총액제,적격심사제,202406131030,20240613,낙찰
긴급공고,LCF0359,1,23696,***,"클램프,루프형 등 41항목 제조(자주포)",2024,LCF,육군군수사령부,제한경쟁,총액제,적격심사제,202406131030,20240613,낙찰
정정공고,LCF0354,2,25191,***,모사전송기 등 1항목 구매(통신),2024,LCF,육군군수사령부,제한경쟁,총액제,적격심사제,202406131100,20240613,낙찰
긴급공고,LCF0357,1,25230,***,"판,스프링용 등 10항목 구매(총포)",2024,LCF,육군군수사령부,제한경쟁,총액제,적격심사제,202406131030,20240613,유찰
긴급공고,LCF0362,1,25256,***,"차폐 개스킷,전자식 등 37항목 구매(특무)",2024,LCF,육군군수사령부,제한경쟁,총액제,적격심사제,202406131030,20240613,유찰
긴급공고,LCF0358,1,25276,***,"다이얼,눈금식 등 38항목 제조(총포)",2024,LCF,육군군수사령부,제한경쟁,총액제,적격심사제,202406131030,20240613,순위확정
긴급공고,LCJ0036,1,24521,***,(24군책-물품023)파렛트 3단 저장랙 제조,2024,LCJ,종합보급창,제한경쟁,총액제,적격심사제,202406131100,20240613,낙찰
재공고,LDH0529,2,20055,***,"K200 핀,잠금용 등 13종 구매",2024,LDH,육군종합정비창,제한경쟁,총액제,적격심사제,202406131300,20240613,낙찰
재공고,LDH0530,2,20056,***,"K200 디스크,클러치,차량용 3종 구매",2024,LDH,육군종합정비창,제한경쟁,총액제,적격심사제,202406131300,20240613,낙찰
정상공고,LGI0053,1,24213,***,탄약정비공장 정비용장비 제조 설치,2024,LGI,제3군수지원여단,일반경쟁,총액제,적격심사제,202406131100,20240613,낙찰
긴급공고,LKP0106,1,22344,***,24년 3분기 부대계약부식(식자재) 구매,2024,LKP,5군수지원사령부,일반경쟁,총액제,적격심사제,202406131030,20240613,낙찰
긴급공고,MDR0030,1,25458,***,GNSS 측량장비세트 구매,2024,MDR,제9965부대,제한경쟁,총액제,적격심사제,202406131100,20240613,낙찰
긴급공고,SCF0562,1,16462,***,"AGS 전기추진체계, 배전반 및 추진전동기 정비",2024,SCF,해군군수사령부,일반경쟁,총액제,적격심사제,202406131030,20240613,낙찰
긴급공고,SCF0560,1,19753,***,0-00호정 유압시스템 밸브 외주정비,2024,SCF,해군군수사령부,일반경쟁,총액제,적격심사제,202406131030,20240613,유찰
긴급공고,SCF0568,1,20100,***,"탐지기, 가스용 등 6종 구매",2024,SCF,해군군수사령부,제한경쟁,총액제,적격심사제,202406131030,20240613,낙찰
긴급공고,SCF0561,1,20326,***,LST-I 발전기 원격제어반(EPCC) 정비,2024,SCF,해군군수사령부,일반경쟁,총액제,적격심사제,202406131030,20240613,낙찰
긴급공고,SCF0563,1,20339,***,구조함 자동함위유지장치 유지보수 정비,2024,SCF,해군군수사령부,일반경쟁,총액제,적격심사제,202406131030,20240613,유찰
긴급공고,SCF0567,1,21268,***,오-링 등 23종 구매,2024,SCF,해군군수사령부,일반경쟁,총액제,적격심사제,202406131030,20240613,낙찰
긴급공고,SCF0570,1,24748,***,(긴급)구리양극조립체 등 60종,2024,SCF,해군군수사령부,제한경쟁,총액제,적격심사제,202406131030,20240613,낙찰
긴급공고,SCF0564,1,24878,***,'24년 함정 화장실/세면장 바닥교체 용역,2024,SCF,해군군수사령부,일반경쟁,총액제,적격심사제,202406131030,20240613,낙찰
긴급공고,SCR0065,1,25388,***,공기청정기 필터 7종 661점 구매,2024,SCR,해군제3함대사령부,제한경쟁,총액제,적격심사제,202406131030,20240613,낙찰
긴급공고,UMM0730,1,13314,***,24-N-디지털 컬러 인쇄 시스템 및 재단기 구매,2024,UMM,국군재정관리단,일반경쟁,총액제,적격심사제,202406131100,20240613,낙찰
긴급공고,UMM0761,1,14207,***,(246168-E) ’24년 스크린 도입사업(리스자산),2024,UMM,국군재정관리단,제한경쟁,총액제,적격심사제,202406131100,20240613,유찰
재공고,UMM0551,2,14242,***,(247162-E) 24년 병원장비소모품(2) 32품목 구매,2024,UMM,국군재정관리단,제한경쟁,총액제,적격심사제,202406131100,20240613,유찰
긴급공고,UMM0764,1,16111,***,(24F157-A)  근무분야 민간위탁(인천 부평),2024,UMM,국군재정관리단,일반경쟁,총액제,적격심사제,202406131100,20240613,낙찰
긴급공고,UMM0765,1,16113,***,(24F155-A) 근무분야 민간위탁(강원 원주),2024,UMM,국군재정관리단,일반경쟁,총액제,적격심사제,202406131100,20240613,낙찰
정상공고,UMM0741,1,16229,***,24~29-N-정수기 176대 임차 용역,2024,UMM,국군재정관리단,일반경쟁,총액제,적격심사제,202406131100,20240613,낙찰
정상공고,UMM0748,1,20937,***,(246226-D)기동영상전송장비 구매,2024,UMM,국군재정관리단,일반경쟁,총액제,적격심사제,202406131100,20240613,낙찰
긴급공고,UMM0758,1,21542,***,(24F165-I) 24년 렌탈프린터 임차 용역,2024,UMM,국군재정관리단,제한경쟁,총액제,적격심사제,202406131100,20240613,낙찰
정상공고,UMM0743,1,22912,***,(24F146-B) 얼음정수기 임차용역,2024,UMM,국군재정관리단,제한경쟁,총액제,적격심사제,202406131100,20240613,낙찰
정상공고,UMM0726,1,24004,***,24-N-기관단총 라이트 구매,2024,UMM,국군재정관리단,제한경쟁,총액제,적격심사제,202406131100,20240613,낙찰
긴급공고,UMM0762,1,25038,***,(24G152-A) 외진셔틀버스용역(양주병원),2024,UMM,국군재정관리단,일반경쟁,총액제,적격심사제,202406131100,20240613,낙찰
긴급공고,UMM0767,1,25469,***,(247023-H)기록관리시스템 노후 교체사업(리스자산),2024,UMM,국군재정관리단,제한경쟁,총액제,적격심사제,202406131100,20240613,낙찰
정상공고,EBB0243,1,5091,***,"센서, 화재용",2024,EBB,지상공통전력운영계약팀,수의계약,총액제,적격심사제,202406121400,20240612,유찰
정상공고,EBB0244,1,6211,***,섀클류(전차용),2024,EBB,지상공통전력운영계약팀,수의계약,총액제,적격심사제,202406121400,20240612,유찰
정상공고,EBH0047,1,0113,***,24년 케이블조립체류(차폐용)(제조),2024,EBH,해상공중전력운영계약팀,일반경쟁,총액제,적격심사제,202406121100,20240612,낙찰
재공고,EBH0032,2,1002,***,24년 발칸 사격통제부품(구매),2024,EBH,해상공중전력운영계약팀,제한경쟁,총액제,적격심사제,202406121100,20240612,낙찰
재공고,LCF0209,2,14600,***,탐조등 등 95항목 구매(일장-012),2024,LCF,육군군수사령부,일반경쟁,총액제,적격심사제,202406121030,20240612,순위확정
재공고,LCF0182,2,14606,***,"필터 엘리먼트,유체용 등 52항목 구매(일장-017)",2024,LCF,육군군수사령부,제한경쟁,총액제,적격심사제,202406121030,20240612,순위확정
정정공고,LCF0338,2,24637,***,"오일, 봉합재 등 107항목 제조(기동-생산-001)",2024,LCF,육군군수사령부,제한경쟁,총액제,적격심사제,202406121030,20240612,유찰
정상공고,LDH0568,1,23821,***,(화공) 액화산소 구매,2024,LDH,육군종합정비창,제한경쟁,총액제,적격심사제,202406121300,20240612,유찰
정상공고,LDH0567,1,23868,***,(자재) 너트 등 23종 구매,2024,LDH,육군종합정비창,제한경쟁,총액제,적격심사제,202406121300,20240612,유찰
긴급공고,LHG0032,1,25224,***,GOP부대 음식물 쓰레기 건조기 임차용역,2024,LHG,제1862부대,제한경쟁,총액제,적격심사제,202406121030,20240612,낙찰
긴급공고,LKF0043,1,25028,***,24년 육성지원사업 방탄복세트 I형 제조구매,2024,LKF,제6755부대,제한경쟁,총액제,적격심사제,202406121030,20240612,낙찰
정상공고,MDG0145,1,22620,***,24년 의무장비(침대자동식 응급실용) 구매,2024,MDG,국군의무사령부,제한경쟁,총액제,적격심사제,202406121100,20240612,낙찰
정상공고,MDJ0042,1,24472,***,복부수술 견인용 수술기구 구매,2024,MDJ,국군대전병원,일반경쟁,총액제,적격심사제,202406121030,20240612,낙찰
정상공고,MHD0061,1,24681,***,전시조달시스템 보안강화 사업,2024,MHD,방위사업청(운영지원과),제한경쟁,총액제,적격심사제,202406121500,20240612,유찰
정상공고,UMM0731,1,21504,***,24-N-함정 매트리스 세척 및 소독 용역,2024,UMM,국군재정관리단,제한경쟁,총액제,적격심사제,202406121100,20240612,낙찰
정상공고,UMM0737,1,22251,***,24-N-긴급구조잠수세트 등 2종 구매,2024,UMM,국군재정관리단,제한경쟁,총액제,적격심사제,202406121100,20240612,낙찰
긴급공고,UMM0749,1,25094,***,(24F131-A) 보급부대 근무분야 민간위탁(전남 장성),2024,UMM,국군재정관리단,일반경쟁,총액제,적격심사제,202406121100,20240612,낙찰
긴급공고,UMM0750,1,25111,***,(24F130-A) 보급근무분야 민간위탁(대구 수성),2024,UMM,국군재정관리단,일반경쟁,총액제,적격심사제,202406121100,20240612,낙찰
재공고,EBB0221,2,1A206,***,"'24~'25 C-130 지시기,자세용 정비(D)",2024,EBB,지상공통전력운영계약팀,수의계약,총액제,적격심사제,202406111500,20240611,유찰
정상공고,EBB0241,1,2130,***,K9 전동기 조립체,2024,EBB,지상공통전력운영계약팀,일반경쟁,총액제,적격심사제,202406111100,20240611,낙찰
정상공고,EBB0240,1,3033,***,소화기(총류)부품류(구매),2024,EBB,지상공통전력운영계약팀,일반경쟁,총액제,적격심사제,202406111100,20240611,낙찰
재공고,EBB0220,2,4275,***,"2024 표본수집키트,화학작용제용",2024,EBB,지상공통전력운영계약팀,수의계약,총액제,적격심사제,202406111100,20240611,유찰
정상공고,EBB0237,1,7008,***,케이블립체류,2024,EBB,지상공통전력운영계약팀,일반경쟁,총액제,적격심사제,202406111400,20240611,낙찰
정상공고,EBB0239,1,7741,***,피스톤링류,2024,EBB,지상공통전력운영계약팀,제한경쟁,총액제,적격심사제,202406111400,20240611,순위확정
정상공고,EBB0238,1,8580,***,가스켓류,2024,EBB,지상공통전력운영계약팀,수의계약,총액제,적격심사제,202406111100,20240611,유찰
정상공고,EBB0236,1,9222A,***,회로카드조립체(제조),2024,EBB,지상공통전력운영계약팀,수의계약,총액제,적격심사제,202406111100,20240611,순위확정
재공고,EBH0022,2,2540B,***,"헬멧,지상군용(KHB-2000)",2024,EBH,해상공중전력운영계약팀,수의계약,총액제,적격심사제,202406111100,20240611,유찰
정상공고,EBH0040,1,8026,***,24년 위장망체계 지지대세트류,2024,EBH,해상공중전력운영계약팀,일반경쟁,총액제,적격심사제,202406111100,20240611,유찰
재공고,ELA0021,2,5325,***,24년 점화휴즈KM60,2024,ELA,화력총괄계약팀,수의계약,총액제,적격심사제,202406111100,20240611,유찰
재공고,HCF0153,2,18901,***,'24~'25 T/TA-50 정비훈련장비(MTD) 유지보수,2024,HCF,공군군수사령부,제한경쟁,총액제,적격심사제,202406111030,20240611,유찰
재공고,HCF0133,3,18903,***,'24~'27 KT-100 CPT 유지보수,2024,HCF,공군군수사령부,제한경쟁,총액제,적격심사제,202406111030,20240611,낙찰
재공고,HCF0145,2,20725,***,음성통신통제체계 유지보수,2024,HCF,공군군수사령부,제한경쟁,총액제,적격심사제,202406111030,20240611,낙찰
긴급공고,LBA0051,1,24470,***,‘24년 7~9월 부대조달 부식(돈가스 8품목) 제조/구매,2024,LBA,제 2167부대,제한경쟁,총액제,적격심사제,202406111030,20240611,낙찰
긴급공고,LCF0350,1,04707,***,"부목,만능용 등 3항목 구매(의무)",2024,LCF,육군군수사령부,제한경쟁,총액제,적격심사제,202406111100,20240611,낙찰
긴급공고,LCF0349,1,04714,***,"스테이플러,피부,외과용 등 2항목 구매(의무)",2024,LCF,육군군수사령부,제한경쟁,총액제,적격심사제,202406111100,20240611,낙찰
긴급공고,LCF0348,1,04721,***,정맥주사 세트(50S) 등 4항목 구매(의무),2024,LCF,육군군수사령부,제한경쟁,총액제,적격심사제,202406111100,20240611,낙찰
긴급공고,LCF0347,1,05861,***,환자용옷장(침대형) 등 11항목 구매(의무),2024,LCF,육군군수사령부,제한경쟁,총액제,적격심사제,202406111100,20240611,낙찰
긴급공고,LCF0351,1,05872,***,"외과낭,일회용 등 2항목 구매(의무)",2024,LCF,육군군수사령부,제한경쟁,총액제,적격심사제,202406111100,20240611,낙찰
긴급공고,LCF0345,1,05874,***,롤러믹스기 등 2항목 구매(의무),2024,LCF,육군군수사령부,제한경쟁,총액제,적격심사제,202406111100,20240611,낙찰
긴급공고,LCF0344,1,05882,***,"봉투,오물 비닐100매 등 8항목 구매(의무)",2024,LCF,육군군수사령부,제한경쟁,총액제,적격심사제,202406111100,20240611,낙찰
정정공고,LCF0343,2,05886,***,감염예방용 살균소독티슈 등 2항목 구매(의무),2024,LCF,육군군수사령부,제한경쟁,총액제,적격심사제,202406111100,20240611,낙찰
긴급공고,LCF0352,1,05887,***,접착식탄력붕대 등 2항목 구매(의무),2024,LCF,육군군수사령부,제한경쟁,총액제,적격심사제,202406111100,20240611,낙찰
재공고,LCF0253,2,14619,***,간격유지기 등 55항목 구매(궤도-004),2024,LCF,육군군수사령부,제한경쟁,총액제,적격심사제,202406111130,20240611,유찰
재공고,LCF0254,2,14621,***,"부품키트,브레이크 슈용 등 7항모 구매(궤도-005)",2024,LCF,육군군수사령부,제한경쟁,총액제,적격심사제,202406111130,20240611,순위확정
재공고,LCF0255,2,14626,***,쐐기 등 18항목 구매(궤도-008),2024,LCF,육군군수사령부,제한경쟁,총액제,적격심사제,202406111130,20240611,유찰
재공고,LCF0250,2,14643,***,"필터 유닛,액체용,압력식 등 17항목 구매(궤도-013)",2024,LCF,육군군수사령부,제한경쟁,총액제,적격심사제,202406111130,20240611,유찰
재공고,LCF0251,2,14645,***,"삽입기,나사용 등 40항목 구매(궤도-015)",2024,LCF,육군군수사령부,제한경쟁,총액제,적격심사제,202406111130,20240611,유찰
재공고,LCF0252,2,14646,***,"저항기,가변식 등 51항목 구매(궤도-016)",2024,LCF,육군군수사령부,일반경쟁,총액제,적격심사제,202406111130,20240611,유찰
재공고,LCF0314,2,22016,***,"펌프,유압펌프식 등 2항목 생산능력확인제조(궤도015)",2024,LCF,육군군수사령부,제한경쟁,총액제,적격심사제,202406111130,20240611,유찰
긴급공고,LCF0336,1,23105,***,"가스자동밥솥,소형 등 2항목 구매(물자)",2024,LCF,육군군수사령부,제한경쟁,총액제,적격심사제,202406111100,20240611,유찰
긴급공고,LCF0339,1,24761,***,"단자, 납땜용 등 5항목 제조(기동-생산-025)",2024,LCF,육군군수사령부,제한경쟁,총액제,적격심사제,202406111100,20240611,유찰
긴급공고,LCF0340,1,24921,***,105밀리 방청심지 제거 캡 세트 1항목 제조(궤도016),2024,LCF,육군군수사령부,제한경쟁,총액제,적격심사제,202406111130,20240611,유찰
긴급공고,LCF0341,1,25029,***,"보조통접착물,추출용 등 3항목  제조(자주포)",2024,LCF,육군군수사령부,제한경쟁,총액제,적격심사제,202406111030,20240611,낙찰
긴급공고,LCF0353,1,25181,***,탄통조립체 등 2항목 구매(항공),2024,LCF,육군군수사령부,제한경쟁,총액제,적격심사제,202406111100,20240611,순위확정
긴급공고,LCH0038,1,25009,***,화산 특수작전종합훈련장 선행연구용역(특-24-용-24),2024,LCH,특수전사령부,일반경쟁,총액제,적격심사제,202406111030,20240611,낙찰
긴급공고,LCK0019,1,25250,***,[육성지원금-24-4] LED전광판 설치 납품,2024,LCK,수도방위사령부,제한경쟁,총액제,적격심사제,202406111030,20240611,낙찰
긴급공고,LCM0032,1,22311,***,'24년 7~9월 부대계약 부식 구매(일반품목),2024,LCM,육군교육사령부,일반경쟁,총액제,적격심사제,202406111030,20240611,낙찰
긴급공고,LCM0034,1,22313,***,'24년 7~9월 부대계약 부식 제조(면류),2024,LCM,육군교육사령부,제한경쟁,총액제,적격심사제,202406111030,20240611,유찰
재공고,LDH0431,4,16003,***,"K200 피스톤,내연기관용 등 2종 구매",2024,LDH,육군종합정비창,제한경쟁,총액제,적격심사제,202406111300,20240611,낙찰
재공고,LDH0531,2,20058,***,"K200 배선장치,갈래형 등 10종 구매",2024,LDH,육군종합정비창,제한경쟁,총액제,적격심사제,202406111300,20240611,낙찰
재공고,LDH0518,2,20787,***,K9자주포 전원공급기등2종 구매,2024,LDH,육군종합정비창,제한경쟁,총액제,적격심사제,202406111300,20240611,낙찰
긴급공고,LGI0055,1,25113,001,‘24-3차 부대계약 식자재 납품(빵류),2024,LGI,제3군수지원여단,제한경쟁,단가제,적격심사제,202406111030,20240611,낙찰
긴급공고,LGI0054,1,25114,001,‘24-3차 부대계약 식자재 납품(식육가공품류),2024,LGI,제3군수지원여단,제한경쟁,단가제,적격심사제,202406111030,20240611,낙찰
긴급공고,LGP0106,1,24772,001,24-3차 면류 다수품목 단가계약(구매),2024,LGP,제1군수지원사령부,일반경쟁,단가제,적격심사제,202406111100,20240611,낙찰
긴급공고,LGP0107,1,24776,001,24-3차 빵류 다수품목 단가계약(구매),2024,LGP,제1군수지원사령부,일반경쟁,단가제,적격심사제,202406111100,20240611,낙찰
긴급공고,LGT0057,1,24361,***,'24년~'27년 얼음정수기 임차 용역(24-GS-8),2024,LGT,제2307부대,제한경쟁,총액제,적격심사제,202406111100,20240611,유찰
긴급공고,LKT0055,1,24567,***,24년 7~9월 부대조달 급식품목(빵류) 제조납품,2024,LKT,제1989부대,제한경쟁,총액제,적격심사제,202406111030,20240611,낙찰
정정공고,LNF0020,3,23422,***,00부대 노후배관 개선 관급자재(계측제어),2024,LNF,제1보병사단,제한경쟁,총액제,적격심사제,202406111030,20240611,낙찰
정정공고,LNF0022,2,23608,***,105밀리 곡사포 성능개량사업 관급(크레인),2024,LNF,제1보병사단,제한경쟁,총액제,적격심사제,202406111030,20240611,낙찰
재공고,LPF0057,2,23432,***,신병교육대 다기능 페인트 제조설치 납품(24-27),2024,LPF,제51보병사단,일반경쟁,총액제,적격심사제,202406111030,20240611,낙찰
긴급공고,MBC0006,1,25183,***,여단 화면전시체계 구매 설치(리스물건),2024,MBC,화력여단,일반경쟁,총액제,적격심사제,202406111100,20240611,낙찰
정상공고,MCD0028,1,23537,***,국방과학기술 전문인력 소요분석 연구,2024,MCD,국방부(운영지원과),협상에의한계약(전자),총액제,최저가격제,202406111100,20240611,유찰
정상공고,MDG0147,1,23266,***,환자관찰장치 실시간연동솔루션 구매,2024,MDG,국군의무사령부,제한경쟁,총액제,적격심사제,202406111100,20240611,낙찰
정상공고,MDG0148,1,23509,***,24-3차 의무비품(병실칸막이 등 3종) 구매,2024,MDG,국군의무사령부,제한경쟁,총액제,적격심사제,202406111100,20240611,낙찰
긴급공고,MDG0150,1,24975,***,00병원 공조기 필터 교체 설치납품,2024,MDG,국군의무사령부,제한경쟁,총액제,적격심사제,202406111100,20240611,낙찰
긴급공고,MDR0029,1,24501,***,24년 저속고무보트(7인승) 제조,2024,MDR,제9965부대,제한경쟁,총액제,적격심사제,202406111100,20240611,유찰
긴급공고,SCF0541,1,08130,***,공기압축 휀다 등 5종 제조,2024,SCF,해군군수사령부,제한경쟁,총액제,적격심사제,202406111030,20240611,낙찰
긴급공고,SCF0552,1,10210,***,ㅇㅇ함 롤러커튼 외주정비,2024,SCF,해군군수사령부,일반경쟁,총액제,적격심사제,202406111030,20240611,낙찰
긴급공고,SCF0551,1,12450,***,잠수함 위성지휘 통신체계 유지보수 정비,2024,SCF,해군군수사령부,일반경쟁,총액제,적격심사제,202406111030,20240611,낙찰
재공고,SCF0392,2,13651,***,MHC 추진제어 케이블 정비,2024,SCF,해군군수사령부,일반경쟁,총액제,적격심사제,202406111030,20240611,낙찰
긴급공고,SCF0548,1,14383,***,’24년 탄약 포장재료 외주 정비,2024,SCF,해군군수사령부,일반경쟁,총액제,적격심사제,202406111030,20240611,유찰
긴급공고,SCF0540,1,15242,***,"혼,신호용 등 5종 구매",2024,SCF,해군군수사령부,제한경쟁,총액제,적격심사제,202406111030,20240611,유찰
긴급공고,SCF0556,1,16440,***,'24년 잠수함 전술훈련장비 유지보수 용역,2024,SCF,해군군수사령부,일반경쟁,총액제,적격심사제,202406111030,20240611,낙찰
긴급공고,SCF0547,1,17598,***,연점시험기,2024,SCF,해군군수사령부,제한경쟁,총액제,적격심사제,202406111030,20240611,낙찰
긴급공고,SCF0550,1,18146,***,양념분쇄기 등 3종 구매,2024,SCF,해군군수사령부,제한경쟁,총액제,적격심사제,202406111030,20240611,낙찰
긴급공고,SCF0543,1,18262,***,"케이블,특수목적용,전기식 등 37종 구매",2024,SCF,해군군수사령부,제한경쟁,총액제,적격심사제,202406111030,20240611,낙찰
긴급공고,SCF0542,1,18787,***,"탐침-도선조립체,시험용 등 9종 구매",2024,SCF,해군군수사령부,제한경쟁,총액제,적격심사제,202406111030,20240611,낙찰
긴급공고,SCF0544,1,19098,***,초음파 탐침기 구매,2024,SCF,해군군수사령부,제한경쟁,총액제,적격심사제,202406111030,20240611,낙찰
재공고,SCF0454,2,19165,***,OO급 잠수함 통합양강마스트 정비,2024,SCF,해군군수사령부,일반경쟁,총액제,적격심사제,202406111030,20240611,낙찰
긴급공고,SCF0536,1,20910,***,"(긴급) 밸브, 조절용, 계통압력용 1종",2024,SCF,해군군수사령부,제한경쟁,총액제,적격심사제,202406111030,20240611,낙찰
긴급공고,SCF0546,1,21264,***,콘크리트믹서기 등 3종 3대 구매,2024,SCF,해군군수사령부,제한경쟁,총액제,적격심사제,202406111030,20240611,낙찰
긴급공고,SCF0539,1,21814,***,"브러시,전기접점용 등 7종 구매",2024,SCF,해군군수사령부,제한경쟁,총액제,적격심사제,202406111030,20240611,낙찰
재공고,SCF0523,2,22960,***,"방현재, 선박용 등 3종 제조",2024,SCF,해군군수사령부,제한경쟁,총액제,적격심사제,202406111030,20240611,유찰
긴급공고,SCF0538,1,23042,***,PU PALM  장갑  등 150종 구매,2024,SCF,해군군수사령부,제한경쟁,총액제,적격심사제,202406111030,20240611,낙찰
긴급공고,SCF0537,1,23185,***,"(긴급) 세척제, 산성, 파이프라인용 등 3종",2024,SCF,해군군수사령부,제한경쟁,총액제,적격심사제,202406111030,20240611,낙찰
긴급공고,SCF0549,1,23201,***,"발전기, 교류식 1종 구매",2024,SCF,해군군수사령부,일반경쟁,총액제,적격심사제,202406111030,20240611,낙찰
긴급공고,SCF0554,1,23219,***,(긴급)국기봉 유압 펌프 장치 등 4종,2024,SCF,해군군수사령부,제한경쟁,총액제,적격심사제,202406111030,20240611,낙찰
긴급공고,SCF0557,1,24249,***,'24년 잠수함 조함/저주파 훈련장비 유지보수 용역,2024,SCF,해군군수사령부,일반경쟁,총액제,적격심사제,202406111030,20240611,낙찰
긴급공고,SCF0559,1,25272,***,"LST-I 보조제어반(ACC), 보수통제장치(DCC) 정비",2024,SCF,해군군수사령부,일반경쟁,총액제,적격심사제,202406111030,20240611,낙찰
긴급공고,SCK0072,1,24054,***,공기청정기 필터 5종 제조 납품,2024,SCK,해군교육사령부,일반경쟁,총액제,적격심사제,202406111030,20240611,낙찰
재공고,SCR0024,2,06289,***,"부품키트, 엔진 워터펌프용 등 23종 구매",2024,SCR,해군제3함대사령부,제한경쟁,총액제,적격심사제,202406111030,20240611,순위확정
긴급공고,SFC0069,1,24874,***,개인 보호 장구류(개인보호 킷 등 6품목) 구매,2024,SFC,제9691부대,제한경쟁,총액제,적격심사제,202406111030,20240611,유찰
긴급공고,SFN0052,1,25238,***,24-Y-제초관리 용역,2024,SFN,연평부대,제한경쟁,총액제,적격심사제,202406111030,20240611,낙찰
긴급공고,UMM0754,1,14950,***,(247173-F) 재호흡기 구매,2024,UMM,국군재정관리단,일반경쟁,총액제,적격심사제,202406111100,20240611,낙찰
긴급공고,UMM0753,1,15406,***,(246190-E) '24-1차 체력단련장 관리장비 통합구매,2024,UMM,국군재정관리단,일반경쟁,총액제,적격심사제,202406111100,20240611,낙찰
정상공고,UMM0727,1,16114,***,(246189-D) 모니터 도입사업(리스자산),2024,UMM,국군재정관리단,일반경쟁,총액제,적격심사제,202406111100,20240611,낙찰
재공고,UMM0633,2,18161,***,24-N-해양부생물 생성방지장치 제조,2024,UMM,국군재정관리단,제한경쟁,총액제,적격심사제,202406111100,20240611,유찰
정상공고,UMM0728,1,19897,***,(246202-D)지형분석장비 교체사업(리스자산),2024,UMM,국군재정관리단,일반경쟁,총액제,적격심사제,202406111100,20240611,낙찰
긴급공고,UMM0752,1,20293,***,(247128-E) 장비운영소모품(병리4) 41종 구매,2024,UMM,국군재정관리단,제한경쟁,총액제,적격심사제,202406111100,20240611,낙찰
긴급공고,UMM0751,1,20743,***,(247198-E) 기초잠수착용물자 구매,2024,UMM,국군재정관리단,제한경쟁,총액제,적격심사제,202406111100,20240611,낙찰
긴급공고,UMM0732,1,21041,***,24-N-PE수도관 구매,2024,UMM,국군재정관리단,제한경쟁,총액제,적격심사제,202406111100,20240611,낙찰
긴급공고,UMM0735,1,21507,***,(246031-G)사전학습지원 기반체계(콘텐츠학습) 교체,2024,UMM,국군재정관리단,일반경쟁,총액제,적격심사제,202406111100,20240611,낙찰
긴급공고,UMM0740,1,22456,***,24-N-평 조경관리 용역,2024,UMM,국군재정관리단,일반경쟁,총액제,적격심사제,202406111100,20240611,낙찰
긴급공고,UMM0755,1,23322,***,(246240-F) 승용 사열차 제조,2024,UMM,국군재정관리단,제한경쟁,총액제,적격심사제,202406111100,20240611,낙찰
정상공고,UMM0724,1,23933,***,24-F-워게임장비 구매,2024,UMM,국군재정관리단,일반경쟁,총액제,적격심사제,202406111100,20240611,낙찰
긴급공고,UMM0734,1,24396,***,24-N-자동확보기 세트 등 4종 구매,2024,UMM,국군재정관리단,일반경쟁,총액제,적격심사제,202406111100,20240611,낙찰
긴급공고,UMM0745,1,24401,***,(24F175-B) 육군훈련소 렌탈프린터 임차용역,2024,UMM,국군재정관리단,제한경쟁,총액제,적격심사제,202406111100,20240611,낙찰
정상공고,EBB0235,1,1557,***,교정간격 부품류,2024,EBB,지상공통전력운영계약팀,일반경쟁,총액제,적격심사제,202406101100,20240610,낙찰
정상공고,EBH0039,1,7100A,***,24년 탐색레이다 수리부속(제조),2024,EBH,해상공중전력운영계약팀,제한경쟁,총액제,적격심사제,202406101400,20240610,순위확정
정상공고,EKA0017,1,4321,***,"확성기,영구 자석식(차륜형지휘소용차량 2차양산)",2024,EKA,기동총괄계약팀,제한경쟁,총액제,적격심사제,202406101030,20240610,낙찰
정상공고,EKA0016,1,7310,***,"유조차(4,000G/A)",2024,EKA,기동총괄계약팀,수의계약,총액제,적격심사제,202406101430,20240610,유찰
정상공고,EKA0018,1,7400,***,"24년 측지기, 전자식거리측정용, 적외선식",2024,EKA,기동총괄계약팀,수의계약,총액제,적격심사제,202406101030,20240610,유찰
정상공고,HCG0021,1,20236,***,24-그린나래호텔 리모델링 계획의 적절성 분석연구,2024,HCG,공군본부,협상에의한계약(전자),총액제,최저가격제,202406101100,20240610,낙찰
긴급공고,LCF0324,1,09918,***,"장치대,탄적치대 이송용 등 2항목 구매(총포공구)",2024,LCF,육군군수사령부,제한경쟁,총액제,적격심사제,202406101030,20240610,낙찰
긴급공고,LCF0326,1,11868,***,"슬링,빔형 등 5항목 제조(궤도공구)",2024,LCF,육군군수사령부,제한경쟁,총액제,적격심사제,202406101100,20240610,낙찰
긴급공고,LCF0327,1,11870,***,"펀치,구동핀용 등 7항목 제조(궤도공구)",2024,LCF,육군군수사령부,제한경쟁,총액제,적격심사제,202406101100,20240610,낙찰
긴급공고,LCF0333,1,14873,***,스위치 등 41항목 구매(궤도-017),2024,LCF,육군군수사령부,일반경쟁,총액제,적격심사제,202406101130,20240610,낙찰
긴급공고,LCF0325,1,16951,***,"키트-스탈첵,엔진용 등 7항목 구매(총포공구)",2024,LCF,육군군수사령부,제한경쟁,총액제,적격심사제,202406101100,20240610,낙찰
긴급공고,LCF0334,1,24152,***,"스위치,압력식 등 1항목 구매(궤도-020)",2024,LCF,육군군수사령부,제한경쟁,총액제,적격심사제,202406101130,20240610,낙찰
긴급공고,LCM0027,1,18981,***,'24년 전투실험발전 연구 용역(2),2024,LCM,육군교육사령부,협상에의한계약(전자),총액제,최저가격제,202406101030,20240610,유찰
정상공고,LDH0565,1,23830,***,(정비) 지퍼백밀봉형중형 등 173종 구매,2024,LDH,육군종합정비창,제한경쟁,총액제,적격심사제,202406101300,20240610,낙찰
재공고,LFK0035,2,20345,***,PLS차량 운용효과 Arena 모델링 연구 용역,2024,LFK,육군종합군수학교,2단계경쟁(동시),총액제,최저가격제,202406101100,20240610,유찰
긴급공고,LGI0042,1,21291,001,'24-3차 부대계약 식자재(부식) 구매 -인제지역-,2024,LGI,제3군수지원여단,2단계경쟁(동시),단가제,최저가격제,202406101030,20240610,낙찰
긴급공고,LGI0043,1,21292,001,'24-3차 부대계약 식자재(부식) 구매 -강릉지역-,2024,LGI,제3군수지원여단,2단계경쟁(동시),단가제,최저가격제,202406101030,20240610,낙찰
긴급공고,LGI0044,1,21293,001,'24-3차 부대계약 식자재(부식) 구매 -고성지역-,2024,LGI,제3군수지원여단,2단계경쟁(동시),단가제,최저가격제,202406101030,20240610,낙찰
긴급공고,LGI0045,1,21294,001,'24-3차 부대계약 식자재(부식) 구매 -양구지역-,2024,LGI,제3군수지원여단,2단계경쟁(동시),단가제,최저가격제,202406101030,20240610,낙찰
긴급공고,LGI0046,1,21733,001,'24-3차 부대계약 식자재(부식) 구매 -신남지역-,2024,LGI,제3군수지원여단,2단계경쟁(동시),단가제,최저가격제,202406101030,20240610,낙찰
긴급공고,LQH0029,1,23810,***,(육성)워리어플랫폼 조준경·확대경·총기레일 제조,2024,LQH,제3697부대,제한경쟁,총액제,적격심사제,202406101030,20240610,낙찰
긴급공고,MDK0046,1,23152,***,24년 군 상용드론(UAV 포함) 보험,2024,MDK,국군수송사령부,일반경쟁,총액제,적격심사제,202406101100,20240610,낙찰
정상공고,MON0004,1,19954,***,실감형 디지털 정신전력교육 실태 및 개선방안 연구,2024,MON,국방정신전력원,2단계경쟁(동시),총액제,최저가격제,202406101000,20240610,유찰
긴급공고,UHC0013,1,23977,***,패트리어트 전원공급체계 장비 외주정비 용역계약,2024,UHC,공군 작사예하 방포사예하 제2여단,제한경쟁,총액제,적격심사제,202406101030,20240610,유찰
정상공고,UMM0725,1,22406,***,24-N-00사 얼음정수기(98대) 임차용역,2024,UMM,국군재정관리단,제한경쟁,총액제,적격심사제,202406101100,20240610,낙찰
정상공고,EBB0234,1,0036,***,"플라스틱표적지(E,F형)",2024,EBB,지상공통전력운영계약팀,수의계약,총액제,적격심사제,202406071100,20240607,순위확정
정상공고,EBH0038,1,0503,***,24년 대공표적기 지원용역(천마),2024,EBH,해상공중전력운영계약팀,수의계약,총액제,적격심사제,202406071100,20240607,유찰
정상공고,EBH0033,1,7100M,***,"탐색레이다 여과기(일반,제조)",2024,EBH,해상공중전력운영계약팀,제한경쟁,총액제,적격심사제,202406071700,20240607,낙찰
재공고,EKA0006,2,7220,***,밴트럭(1 1/4톤 암호차),2024,EKA,기동총괄계약팀,수의계약,총액제,적격심사제,202406071030,20240607,순위확정
재공고,EKA0008,2,7230A,***,"밴, 포사격지휘소용(1¼톤용_V251K)",2024,EKA,기동총괄계약팀,수의계약,총액제,적격심사제,202406071030,20240607,유찰
재공고,EKA0009,2,7250,***,트럭(1¼톤 통신가설차용),2024,EKA,기동총괄계약팀,수의계약,총액제,적격심사제,202406071430,20240607,순위확정
정상공고,EPA0008,1,1117,***,"트레일러, 탄약적재운송용(KMT-1)",2024,EPA,항공기총괄계약팀,제한경쟁,총액제,적격심사제,202406071100,20240607,순위확정
재공고,HCF0144,2,20724,***,컴퓨터제어기계공작장비 유지보수,2024,HCF,공군군수사령부,제한경쟁,총액제,적격심사제,202406071030,20240607,유찰
긴급공고,HCQ0045,1,22954,***,5비 김해기지 작전지휘시설 신축공사(콘크리트파일),2024,HCQ,공군제5공중기동비행단,일반경쟁,총액제,적격심사제,202406071100,20240607,낙찰
재공고,HDK0018,2,21153,001,대구기지 취사연료(LPG) 통합/장기계속계약,2024,HDK,공군제11전투비행단,제한경쟁,단가제,적격심사제,202406071330,20240607,유찰
재공고,HDQ0046,2,19628,***,24-유해환경근무자 특수건강진단 민간위탁 용역,2024,HDQ,제20전투비행단,제한경쟁,총액제,적격심사제,202406071030,20240607,낙찰
정상공고,HDQ0047,1,24029,***,23-충-공-3A 무대장치(용성문화회관 개선공사),2024,HDQ,제20전투비행단,제한경쟁,총액제,적격심사제,202406071100,20240607,낙찰
긴급공고,LAZ0005,1,20738,***,24-00부대 전력화 추진방안 정책연구용역,2024,LAZ,드론작전사령부,협상에의한계약(전자),총액제,최저가격제,202406071400,20240607,낙찰
긴급공고,LBA0049,1,24070,***,'24년 얼음 정수기 임차 용역,2024,LBA,제 2167부대,제한경쟁,총액제,적격심사제,202406071030,20240607,낙찰
재공고,LCF0212,2,12732,***,"호스조립체, 비금속제 등 41항목 구매(기장)",2024,LCF,육군군수사령부,제한경쟁,총액제,적격심사제,202406071630,20240607,낙찰
긴급공고,LCF0329,1,14604,***,"송신기,유압용 등 9항목 구매(일장-016)",2024,LCF,육군군수사령부,제한경쟁,총액제,적격심사제,202406071130,20240607,순위확정
재공고,LCG0031,2,18605,***,[24-육-91] 무건리 훈련장 갈등 비용분석 연구,2024,LCG,육군본부,2단계경쟁(동시),총액제,최저가격제,202406071300,20240607,낙찰
정정공고,LCM0031,2,22594,***,'24년 3분기 부대계약 영내자증식 구매,2024,LCM,육군교육사령부,제한경쟁,총액제,적격심사제,202406071030,20240607,낙찰
정상공고,LDG0060,1,23159,***,24년 공기청정기 필터 제조,2024,LDG,육군 탄약지원사령부,제한경쟁,총액제,적격심사제,202406071030,20240607,낙찰
긴급공고,LFC0047,1,23836,***,24년 7~9월 부대조달 경쟁계약품목(부식류) 구매,2024,LFC,육군훈련소,일반경쟁,총액제,적격심사제,202406071100,20240607,낙찰
정상공고,LNQ0029,1,23760,***,24년 제초관리용역,2024,LNQ,제17보병사단,제한경쟁,총액제,적격심사제,202406071030,20240607,낙찰
재공고,LQG0047,2,22637,***,건설장비(굴착기) 부수 부품 제조 납품,2024,LQG,육군 52보병사단,제한경쟁,총액제,적격심사제,202406071030,20240607,유찰
정상공고,MDD0086,1,21618,***,2024 국가지정입원치료병상 헤파필터 제조설치,2024,MDD,국군수도병원,제한경쟁,총액제,적격심사제,202406071600,20240607,낙찰
재공고,MHD0058,2,20879,***,2024 한-중동아프리카 방산협력 컨퍼런스 행사 진행,2024,MHD,방위사업청(운영지원과),협상에의한계약(전자),총액제,최저가격제,202406071500,20240607,낙찰
긴급공고,SCF0535,1,18191,***,증기압측정기 구매,2024,SCF,해군군수사령부,제한경쟁,총액제,적격심사제,202406071030,20240607,낙찰
정상공고,UAC0020,1,22592,***,수리부속 28종 구매,2024,UAC,국방출판지원단,일반경쟁,총액제,적격심사제,202406071100,20240607,낙찰
긴급공고,UMM0705,1,09641,***,24-F-정비업무용 부스 1종 제조,2024,UMM,국군재정관리단,제한경쟁,총액제,적격심사제,202406071100,20240607,낙찰
정상공고,UMM0695,1,16733,***,24-D-자담 인쇄용지 구매(241035-F),2024,UMM,국군재정관리단,일반경쟁,총액제,적격심사제,202406071100,20240607,낙찰
긴급공고,UMM0707,1,18677,***,24-N-주파수변환기 제조,2024,UMM,국군재정관리단,제한경쟁,총액제,적격심사제,202406071100,20240607,유찰
정상공고,UMM0704,1,23257,***,"24-F-충전선, 냉매충전 및 시험다기관용 구매",2024,UMM,국군재정관리단,제한경쟁,총액제,적격심사제,202406071100,20240607,유찰
정상공고,UMM0710,1,23508,***,24-N-모타건조로 A형 구매,2024,UMM,국군재정관리단,제한경쟁,총액제,적격심사제,202406071100,20240607,낙찰
정상공고,EBB0230,1,1620,***,끈류,2024,EBB,지상공통전력운영계약팀,제한경쟁,총액제,적격심사제,202406051100,20240605,낙찰
정상공고,EBB0231,1,3011,***,"간, 조준용",2024,EBB,지상공통전력운영계약팀,일반경쟁,총액제,적격심사제,202406051500,20240605,낙찰
정상공고,EBB0232,1,3091,***,24년 K계열 소화기 부품류,2024,EBB,지상공통전력운영계약팀,지명경쟁,총액제,적격심사제,202406051430,20240605,낙찰
정상공고,EBB0233,1,7322F,***,탄약 지환통류,2024,EBB,지상공통전력운영계약팀,일반경쟁,총액제,적격심사제,202406051030,20240605,낙찰
정상공고,EBH0037,1,0022,***,24년 오리콘 사격통제장치 부품류(제조),2024,EBH,해상공중전력운영계약팀,수의계약,총액제,적격심사제,202406051100,20240605,유찰
재공고,EBH0016,2,3210,***,"24년 변압기,펄스용(레이더용)(제조)",2024,EBH,해상공중전력운영계약팀,수의계약,총액제,적격심사제,202406051100,20240605,유찰
정상공고,EBH0031,1,4810,***,"센서시스템(일반,제조)",2024,EBH,해상공중전력운영계약팀,일반경쟁,총액제,적격심사제,202406051100,20240605,낙찰
정상공고,EBH0036,1,5810M,***,24년 저고도탐지레이더 수리부속(구매),2024,EBH,해상공중전력운영계약팀,제한경쟁,총액제,적격심사제,202406051030,20240605,낙찰
긴급공고,LBA0042,1,20813,***,'24년 합동지속지원 훈련 민간위탁 이동급식,2024,LBA,제 2167부대,협상에의한계약(전자),총액제,최저가격제,202406051000,20240605,유찰
긴급공고,LBA0043,1,22509,***,‘24년 7~9월 식자재 다수품목 단가계약,2024,LBA,제 2167부대,2단계경쟁(동시),총액제,최저가격제,202406051230,20240605,낙찰
재공고,LCF0198,2,14614,***,"롤러,베어링용 등 8항목 구매(궤도-001)",2024,LCF,육군군수사령부,제한경쟁,총액제,적격심사제,202406051130,20240605,유찰
긴급공고,LCF0332,1,14648,***,"볼,밸브용,배기구멍형 등 37항목 구매(궤도)",2024,LCF,육군군수사령부,일반경쟁,총액제,적격심사제,202406051130,20240605,유찰
긴급공고,LCF0331,1,23949,***,"링,베어링용,외부용 등 14항목 구매(궤도_002)",2024,LCF,육군군수사령부,제한경쟁,총액제,적격심사제,202406051130,20240605,유찰
정상공고,LDH0563,1,23187,***,(일장) 교량가설단정 부력블럭 등 15품목 구매,2024,LDH,육군종합정비창,제한경쟁,총액제,적격심사제,202406051300,20240605,유찰
정상공고,LDH0564,1,23221,***,"(일장) 장갑전투도자 엘보우,파이프 등 6품목 구매",2024,LDH,육군종합정비창,제한경쟁,총액제,적격심사제,202406051300,20240605,유찰
긴급공고,LKF0040,1,22062,***,24년 00부대 신교대대 민간위탁 급식 2차 시범사업,2024,LKF,제6755부대,협상에의한계약(전자),총액제,최저가격제,202406051100,20240605,낙찰
정상공고,LKP0102,1,23179,***,24년 전반기 국기검 자동차정비 실기교육 물품구매,2024,LKP,5군수지원사령부,제한경쟁,총액제,적격심사제,202406051100,20240605,낙찰
긴급공고,LKP0103,1,23841,***,24년 정비피복(하계정비복 등 4종) 제조 납품,2024,LKP,5군수지원사령부,제한경쟁,총액제,적격심사제,202406051100,20240605,낙찰
재공고,MCD0021,2,18162,***,대상관 범죄 예방 표준강의안 개발,2024,MCD,국방부(운영지원과),협상에의한계약(전자),총액제,최저가격제,202406051000,20240605,유찰
정상공고,MDD0083,1,20620,***,'24년 의무장비(환자체온조절기 자동식(물타입)) 구매,2024,MDD,국군수도병원,제한경쟁,총액제,적격심사제,202406051700,20240605,낙찰
정상공고,MDD0081,1,21622,***,2024년 국군수도병원 외상센터 수술기구 구매,2024,MDD,국군수도병원,제한경쟁,총액제,적격심사제,202406051700,20240605,낙찰
정상공고,MDD0084,1,23089,***,2024 의무장비(심장세동제거기) 구매,2024,MDD,국군수도병원,제한경쟁,총액제,적격심사제,202406051700,20240605,낙찰
정정공고,SCF0529,2,18749,***,친환경 금속 녹 세정제 3종 구매,2024,SCF,해군군수사령부,제한경쟁,총액제,적격심사제,202406051030,20240605,낙찰
긴급공고,SCF0534,1,20987,***,손원일급 잠수함  ESM/RADAR 마스트 정비,2024,SCF,해군군수사령부,일반경쟁,총액제,적격심사제,202406051030,20240605,순위확정
긴급공고,SCI0061,1,19614,***,리드선 조립체 1종 구매,2024,SCI,제9121부대,제한경쟁,총액제,적격심사제,202406051030,20240605,낙찰
긴급공고,UMM0691,1,08805,***,24-N-수평보링기 구매,2024,UMM,국군재정관리단,일반경쟁,총액제,적격심사제,202406051100,20240605,유찰
긴급공고,UMM0712,1,15513,***,24-N-OO사 예초용역,2024,UMM,국군재정관리단,제한경쟁,총액제,적격심사제,202406051100,20240605,낙찰
정상공고,UMM0687,1,16482,***,24-D-인쇄용편집기 구매,2024,UMM,국군재정관리단,일반경쟁,총액제,적격심사제,202406051100,20240605,낙찰
정상공고,UMM0680,1,17664,***,24-N-내진철근 2종 구매(248142-F),2024,UMM,국군재정관리단,제한경쟁,총액제,적격심사제,202406051100,20240605,순위확정
정상공고,UMM0697,1,18420,***,24-M-오수처리시설 위탁관리 용역,2024,UMM,국군재정관리단,일반경쟁,총액제,적격심사제,202406051100,20240605,낙찰
긴급공고,UMM0703,1,19554,***,24-N-0함대 얼음정수기 임차용역(85대),2024,UMM,국군재정관리단,일반경쟁,총액제,적격심사제,202406051100,20240605,낙찰
정상공고,UMM0696,1,19637,***,(247125-B) 장비운영소모품(병리1) 128종 구매,2024,UMM,국군재정관리단,제한경쟁,총액제,적격심사제,202406051100,20240605,낙찰
정상공고,UMM0698,1,19638,***,(247135-B) 장비운영소모품(방사선) 18종 구매,2024,UMM,국군재정관리단,일반경쟁,총액제,적격심사제,202406051100,20240605,낙찰
정상공고,UMM0701,1,19641,***,(247154-B) 24년 의무장비(체외충격파치료기) 구매,2024,UMM,국군재정관리단,제한경쟁,총액제,적격심사제,202406051100,20240605,낙찰
긴급공고,UMM0714,1,19912,***,(24F149-I) 24년 제초용역,2024,UMM,국군재정관리단,일반경쟁,총액제,적격심사제,202406051100,20240605,낙찰
긴급공고,UMM0723,1,19915,***,(246219-F)체력단련장 운영용 전동카트 구매,2024,UMM,국군재정관리단,제한경쟁,총액제,적격심사제,202406051100,20240605,낙찰
긴급공고,UMM0715,1,19980,***,(24F171-I) 5군단 제초용역 (1공구),2024,UMM,국군재정관리단,제한경쟁,총액제,적격심사제,202406051100,20240605,낙찰
긴급공고,UMM0716,1,19988,***,(24F172-I) 5군단 제초용역 (2공구),2024,UMM,국군재정관리단,제한경쟁,총액제,적격심사제,202406051100,20240605,낙찰
정상공고,UMM0702,1,21428,***,24-F-수평 밀링머신 1종 구매,2024,UMM,국군재정관리단,제한경쟁,총액제,적격심사제,202406051100,20240605,낙찰
정상공고,UMM0699,1,23095,***,(24G203-A)클라우드 통합 정보업무체계 2차 금융리스,2024,UMM,국군재정관리단,일반경쟁,총액제,최저가격제,202406051100,20240605,유찰
긴급공고,UMM0717,1,23755,***,24-F-신형 저장랙 제조,2024,UMM,국군재정관리단,일반경쟁,총액제,적격심사제,202406051100,20240605,낙찰
긴급공고,UMM0721,1,23872,***,24-N-UPS 노후 배터리 교체,2024,UMM,국군재정관리단,제한경쟁,총액제,적격심사제,202406051100,20240605,낙찰
정상공고,EBB0209,1,0350,***,수산화리튬카트리지,2024,EBB,지상공통전력운영계약팀,수의계약,총액제,적격심사제,202406041100,20240604,유찰
정상공고,EBB0226,1,7530,***,파이프류(제조),2024,EBB,지상공통전력운영계약팀,제한경쟁,총액제,적격심사제,202406041400,20240604,낙찰
정정공고,EBB0228,2,8220E,***,장갑차 현수장치 부품(구매),2024,EBB,지상공통전력운영계약팀,일반경쟁,총액제,적격심사제,202406041100,20240604,낙찰
정상공고,EBB0229,1,9632,***,베어링류(제조),2024,EBB,지상공통전력운영계약팀,수의계약,총액제,적격심사제,202406041400,20240604,유찰
정상공고,EBH0032,1,1002,***,24년 발칸 사격통제부품(구매),2024,EBH,해상공중전력운영계약팀,제한경쟁,총액제,적격심사제,202406041100,20240604,순위확정
재공고,EBH0014,2,1003,***,24년 통합전화기(제조),2024,EBH,해상공중전력운영계약팀,수의계약,총액제,적격심사제,202406041100,20240604,유찰
재공고,EBH0015,2,1004,***,24년 전술용 전자식전화기 세트(TA-512KA),2024,EBH,해상공중전력운영계약팀,일반경쟁,총액제,적격심사제,202406041100,20240604,낙찰
정상공고,EBH0022,1,2540B,***,"헬멧,지상군용(KHB-2000)",2024,EBH,해상공중전력운영계약팀,수의계약,총액제,적격심사제,202406041100,20240604,유찰
정상공고,EBH0030,1,4797,***,덮개 조립체 등 해성 수리부속류(구매),2024,EBH,해상공중전력운영계약팀,제한경쟁,총액제,적격심사제,202406041400,20240604,낙찰
정상공고,EBH0026,1,7782E,***,"전지, 축전식(BB-701K)",2024,EBH,해상공중전력운영계약팀,제한경쟁,총액제,적격심사제,202406041130,20240604,낙찰
재공고,EKA0014,2,0930,***,24년 지상낙하산신호조명탄,2024,EKA,기동총괄계약팀,수의계약,총액제,적격심사제,202406041030,20240604,유찰
정상공고,EMA0002,1,7300,***,"유조차(2,500G/A)",2024,EMA,함정총괄계약팀,일반경쟁,총액제,적격심사제,202406041100,20240604,유찰
재공고,ER70001,3,9960,***,위성전군방공경보체계 경미한 성능개량,2024,ERA,우주지휘통신총괄계약팀,협상에의한계약(서류),총액제,최저가격제,202406041800,20240604,낙찰
재공고,HCF0115,2,17580,***,"[패트리어트 시스템프레임 부품]판,균형기용 등 89종",2024,HCF,공군군수사령부,일반경쟁,총액제,적격심사제,202406041030,20240604,낙찰
재공고,HCG0017,2,17661,***,'24년 기상레이다 적정 경제수명 산출 연구,2024,HCG,공군본부,2단계경쟁(동시),총액제,최저가격제,202406041100,20240604,낙찰
긴급공고,HDC0028,1,23400,***,24-용-53 탄약고 제초 용역,2024,HDC,공군제1전투비행단,일반경쟁,총액제,적격심사제,202406041030,20240604,낙찰
긴급공고,LCF0318,1,05865,***,심장세동제거기 등 6항목 구매(의무),2024,LCF,육군군수사령부,제한경쟁,총액제,적격심사제,202406041100,20240604,낙찰
긴급공고,LCF0282,1,07291,***,"스위치,누름식 등 13항목 구매(총포)",2024,LCF,육군군수사령부,제한경쟁,총액제,적격심사제,202406041030,20240604,유찰
긴급공고,LCF0287,1,07295,***,"뚜껑,렌즈용 등 24항목 구매(총포)",2024,LCF,육군군수사령부,제한경쟁,총액제,적격심사제,202406041030,20240604,유찰
긴급공고,LCF0278,1,07748,***,패킹 너트 등 17항목 제조(자주포),2024,LCF,육군군수사령부,제한경쟁,총액제,적격심사제,202406041030,20240604,낙찰
긴급공고,LCF0279,1,07760,***,"벨트,차량내 안전용 등 19항목 제조(자주포)",2024,LCF,육군군수사령부,제한경쟁,총액제,적격심사제,202406041030,20240604,낙찰
긴급공고,LCF0276,1,07941,***,"전원함,유압식 등 7항목 제조(자주포)",2024,LCF,육군군수사령부,제한경쟁,총액제,적격심사제,202406041030,20240604,유찰
긴급공고,LCF0305,1,07944,***,"비트,스크루드라이버용 등 26항목 구매(통신)",2024,LCF,육군군수사령부,제한경쟁,총액제,적격심사제,202406041100,20240604,유찰
긴급공고,LCF0283,1,08042,***,스냅 훅 등 11항목 구매(총포),2024,LCF,육군군수사령부,일반경쟁,총액제,적격심사제,202406041030,20240604,낙찰
긴급공고,LCF0281,1,08045,***,제습포 등 20항목 구매(총포),2024,LCF,육군군수사령부,일반경쟁,총액제,적격심사제,202406041030,20240604,유찰
긴급공고,LCF0284,1,08051,***,"착색필터,녹색 등 27항목 구매(총포)",2024,LCF,육군군수사령부,일반경쟁,총액제,적격심사제,202406041030,20240604,유찰
긴급공고,LCF0285,1,08059,***,"영상 변환관,야시용 등 2항목 구매(총포)",2024,LCF,육군군수사령부,일반경쟁,총액제,적격심사제,202406041030,20240604,유찰
긴급공고,LCF0286,1,08062,***,"조종간,자료입력용 등 10항목 구매(총포)",2024,LCF,육군군수사령부,일반경쟁,총액제,적격심사제,202406041030,20240604,유찰
긴급공고,LCF0288,1,08186,***,"축전기,고정식,세라믹 유전체형 등 15항목 구매(총포)",2024,LCF,육군군수사령부,제한경쟁,총액제,적격심사제,202406041030,20240604,유찰
긴급공고,LCF0275,1,08241,***,연결기 등 54항목 구매(자주포),2024,LCF,육군군수사령부,일반경쟁,총액제,적격심사제,202406041030,20240604,유찰
긴급공고,LCF0303,1,09263,***,"보조통접착물,추출용 등 3항목  제조(자주포)",2024,LCF,육군군수사령부,제한경쟁,총액제,적격심사제,202406041030,20240604,순위확정
긴급공고,LCF0290,1,10512,***,링기어 브레이크 등 18항목 구매(기일공구),2024,LCF,육군군수사령부,제한경쟁,총액제,적격심사제,202406041100,20240604,유찰
긴급공고,LCF0291,1,10515,***,"가방,공구용 등 12항목 구매(기일공구)",2024,LCF,육군군수사령부,제한경쟁,총액제,적격심사제,202406041100,20240604,낙찰
긴급공고,LCF0292,1,10518,***,"밸브,조절용,유압식 등 14항목 구매(기일공구)",2024,LCF,육군군수사령부,제한경쟁,총액제,적격심사제,202406041100,20240604,낙찰
긴급공고,LCF0293,1,10520,***,"가위,금속절단용,수동식 등 24항목 구매(기일공구)",2024,LCF,육군군수사령부,제한경쟁,총액제,적격심사제,202406041100,20240604,낙찰
긴급공고,LCF0294,1,10522,***,"렌치,오픈엔드형 등 63항목 구매(기일공구)",2024,LCF,육군군수사령부,일반경쟁,총액제,적격심사제,202406041100,20240604,낙찰
긴급공고,LCF0295,1,10523,***,"렌치,파이프용 등 25항목 구매(기일공구)",2024,LCF,육군군수사령부,제한경쟁,총액제,적격심사제,202406041100,20240604,낙찰
긴급공고,LCF0296,1,10525,***,"소켓,소켓 렌치용 등 91항목 구매(기일공구)",2024,LCF,육군군수사령부,제한경쟁,총액제,적격심사제,202406041100,20240604,낙찰
긴급공고,LCF0297,1,10528,***,"연장기,소켓 렌치용 등 26항목 구매(기일공구)",2024,LCF,육군군수사령부,일반경쟁,총액제,적격심사제,202406041100,20240604,낙찰
긴급공고,LCF0298,1,10531,***,"주입기,액체용,직접공급식 등 11항목 구매(기일공구)",2024,LCF,육군군수사령부,일반경쟁,총액제,적격심사제,202406041100,20240604,낙찰
긴급공고,LCF0299,1,10532,***,플러그 렌치 등 47항목 구매(기일공구),2024,LCF,육군군수사령부,제한경쟁,총액제,적격심사제,202406041100,20240604,낙찰
긴급공고,LCF0300,1,10533,***,"드릴,비틀림식 등 27항목 구매(기일공구)",2024,LCF,육군군수사령부,제한경쟁,총액제,적격심사제,202406041100,20240604,낙찰
긴급공고,LCF0301,1,10535,***,"게이지,나사 피치 등 38항목 구매(기일공구)",2024,LCF,육군군수사령부,제한경쟁,총액제,적격심사제,202406041100,20240604,유찰
긴급공고,LCF0306,1,11837,***,에어드럼용 오일펌프 등 2항목 구매(궤도공구),2024,LCF,육군군수사령부,제한경쟁,총액제,적격심사제,202406041100,20240604,낙찰
긴급공고,LCF0307,1,11856,***,"렌치,토크용 등 39항목 구매(궤도공구)",2024,LCF,육군군수사령부,일반경쟁,총액제,적격심사제,202406041100,20240604,낙찰
긴급공고,LCF0308,1,11857,***,이동식 공구함 세트 등 3항목 구매(궤도공구),2024,LCF,육군군수사령부,일반경쟁,총액제,적격심사제,202406041100,20240604,낙찰
긴급공고,LCF0309,1,11859,***,임펙 렌치 등 6항목 구매(궤도공구),2024,LCF,육군군수사령부,제한경쟁,총액제,적격심사제,202406041100,20240604,낙찰
긴급공고,LCF0310,1,11864,***,"이동대,수공구용 등 3항목 구매(궤도공구)",2024,LCF,육군군수사령부,제한경쟁,총액제,적격심사제,202406041100,20240604,낙찰
긴급공고,LCF0311,1,11865,***,굴절계 등 6항목 구매(궤도공구),2024,LCF,육군군수사령부,일반경쟁,총액제,적격심사제,202406041100,20240604,낙찰
긴급공고,LCF0312,1,11866,***,호스조립체 등 2항목 구매(궤도공구),2024,LCF,육군군수사령부,제한경쟁,총액제,적격심사제,202406041100,20240604,낙찰
긴급공고,LCF0313,1,11867,***,보관용상자 등 10항목 구매(궤도공구),2024,LCF,육군군수사령부,제한경쟁,총액제,적격심사제,202406041100,20240604,낙찰
재공고,LCF0260,2,12744,***,"뚜껑, 공기 여과기 등 9항목 제조(기장)",2024,LCF,육군군수사령부,제한경쟁,총액제,적격심사제,202406041100,20240604,낙찰
재공고,LCF0263,2,12751,***,"축, 직선형 등 9항목 생산능력제조(기장)",2024,LCF,육군군수사령부,제한경쟁,총액제,적격심사제,202406041100,20240604,유찰
긴급공고,LCF0315,1,12837,***,"브래킷트 조립체,팬용 등 21항목 제조(궤도,제조-013)",2024,LCF,육군군수사령부,제한경쟁,총액제,적격심사제,202406041130,20240604,낙찰
재공고,LCF0145,3,12858,***,"코드 조립체,고무제 등 296항목 제조(궤도,묶음-001)",2024,LCF,육군군수사령부,제한경쟁,총액제,적격심사제,202406041130,20240604,유찰
재공고,LCF0124,3,12912,***,"감소기,튜브형 등 26항목 생산능력확인제조(일장-003)",2024,LCF,육군군수사령부,제한경쟁,총액제,적격심사제,202406041130,20240604,유찰
정정공고,LCF0179,4,18586,***,"보호물,전기연결구용 등 13항목 생산능력제조(특무)",2024,LCF,육군군수사령부,제한경쟁,총액제,적격심사제,202406041030,20240604,유찰
긴급공고,LCF0270,1,22529,***,"덮개,총포용 등 20항목 구매(총포)",2024,LCF,육군군수사령부,제한경쟁,총액제,적격심사제,202406041030,20240604,유찰
긴급공고,LCF0271,1,22548,***,"부싱,슬리브형 등 46항목 생산능력제조(총포)",2024,LCF,육군군수사령부,제한경쟁,총액제,적격심사제,202406041030,20240604,유찰
긴급공고,LCF0273,1,22578,***,"베이스,커플링 조립용 등 25항목 제조(총포)",2024,LCF,육군군수사령부,제한경쟁,총액제,적격심사제,202406041030,20240604,낙찰
긴급공고,LCF0274,1,22585,***,"면봉,소화기청소용 등 7항목 제조(총포)",2024,LCF,육군군수사령부,제한경쟁,총액제,적격심사제,202406041030,20240604,유찰
긴급공고,LCF0302,1,22612,***,"케이블 조립체,특수목적용 등 104항목 제조(자주포)",2024,LCF,육군군수사령부,제한경쟁,총액제,적격심사제,202406041030,20240604,유찰
긴급공고,LCF0280,1,22652,***,증압기조립체 등 3항목 구매(자주포),2024,LCF,육군군수사령부,일반경쟁,총액제,적격심사제,202406041030,20240604,낙찰
긴급공고,LCH0037,1,23034,***,00부대 특수작전 모의훈련체계 유지보수 용역,2024,LCH,특수전사령부,제한경쟁,총액제,적격심사제,202406041030,20240604,낙찰
긴급공고,LCK0016,1,23301,***,[일반-24-85] 00부대 얼음정수기 임차용역,2024,LCK,수도방위사령부,제한경쟁,총액제,적격심사제,202406041030,20240604,낙찰
긴급공고,LCK0018,1,23615,***,[일반-24-86] 시설업무 및 공사감독관 차량 임차용역,2024,LCK,수도방위사령부,제한경쟁,총액제,적격심사제,202406041030,20240604,낙찰
재공고,LDH0521,2,20039,***,K9자주포 제어장치 구매,2024,LDH,육군종합정비창,제한경쟁,총액제,적격심사제,202406041300,20240604,유찰
재공고,LDH0517,2,20782,***,K9자주포 엘리먼트피케이지 구매,2024,LDH,육군종합정비창,제한경쟁,총액제,적격심사제,202406041300,20240604,유찰
정상공고,LDH0549,1,21307,***,K1전차 리테이너 등 17종 구매,2024,LDH,육군종합정비창,제한경쟁,총액제,적격심사제,202406041300,20240604,낙찰
정상공고,LDH0550,1,21308,***,K1전차 오일펌프조립체 구매,2024,LDH,육군종합정비창,제한경쟁,총액제,적격심사제,202406041300,20240604,유찰
정상공고,LDH0551,1,21310,***,K1전차 리테이너및롤러 등 2종 구매,2024,LDH,육군종합정비창,제한경쟁,총액제,적격심사제,202406041300,20240604,낙찰
정상공고,LDH0552,1,21311,***,K1전차 베어링 등 3종 구매,2024,LDH,육군종합정비창,제한경쟁,총액제,적격심사제,202406041300,20240604,낙찰
정상공고,LDH0553,1,21312,***,K1전차 베어링 등 12종 구매,2024,LDH,육군종합정비창,제한경쟁,총액제,적격심사제,202406041300,20240604,낙찰
정상공고,LDH0557,1,21316,***,K1전차 와셔 등 46종 구매,2024,LDH,육군종합정비창,제한경쟁,총액제,적격심사제,202406041300,20240604,낙찰
정상공고,LDH0560,1,21324,***,K77지휘차 반사경 구매,2024,LDH,육군종합정비창,제한경쟁,총액제,적격심사제,202406041300,20240604,낙찰
정상공고,LDH0562,1,21683,***,(자재) 철파이프 등 5종 구매,2024,LDH,육군종합정비창,일반경쟁,총액제,적격심사제,202406041300,20240604,순위확정
긴급공고,LGP0102,1,21202,001,24-3차 후식류 다수품목 단가계약,2024,LGP,제1군수지원사령부,일반경쟁,단가제,적격심사제,202406041100,20240604,낙찰
긴급공고,LGP0101,1,21205,001,24-3차 식자재 다수품목 단가계약(경기 서부),2024,LGP,제1군수지원사령부,일반경쟁,단가제,적격심사제,202406041100,20240604,낙찰
긴급공고,LGP0100,1,21224,001,24-3차 식자재 다수품목 단가계약(경기 남부),2024,LGP,제1군수지원사령부,일반경쟁,단가제,적격심사제,202406041100,20240604,낙찰
정정공고,LHG0029,2,23487,***,간부숙소 신축 관급자재(자동제어) 제조 설치,2024,LHG,제1862부대,제한경쟁,총액제,적격심사제,202406041030,20240604,낙찰
정정공고,LIK0044,2,22981,001,24년 LPG(액화석유가스) 구매,2024,LIK,제2군수지원여단,제한경쟁,단가제,적격심사제,202406041100,20240604,낙찰
긴급공고,LKS0041,1,23457,***,육군복지포털(휴드림) 기능개선 용역,2024,LKS,육군인사사령부,제한경쟁,총액제,적격심사제,202406041030,20240604,낙찰
긴급공고,LMU0025,1,21746,001,(24-급-027) '24-2차 부대계약 식자재(가공품류) 계약,2024,LMU,제7군수지원단,일반경쟁,단가제,적격심사제,202406041100,20240604,낙찰
긴급공고,LMU0026,1,21748,001,(24-급-028) '24-2차 부대계약 식자재(가공품류) 계약,2024,LMU,제7군수지원단,일반경쟁,단가제,적격심사제,202406041100,20240604,낙찰
긴급공고,LMU0027,1,21749,001,(24-급-029) '24-2차 부대계약 식자재(가공품류) 계약,2024,LMU,제7군수지원단,일반경쟁,단가제,적격심사제,202406041100,20240604,낙찰
긴급공고,LNG0037,1,23611,***,24년 기동영상전송장비 정비 용역,2024,LNG,육군 제1군단,제한경쟁,총액제,적격심사제,202406041030,20240604,낙찰
긴급공고,LPF0058,1,21954,***,24-27년 얼음 및 대형 정수기 임차 용역,2024,LPF,제51보병사단,제한경쟁,총액제,적격심사제,202406041030,20240604,낙찰
긴급공고,LPF0057,1,23432,***,신병교육대 다기능 페인트 제조설치 납품(24-27),2024,LPF,제51보병사단,일반경쟁,총액제,적격심사제,202406041030,20240604,유찰
재공고,MCD0022,2,17740,***,국방 연구개발 법제 개선 연구,2024,MCD,국방부(운영지원과),협상에의한계약(전자),총액제,최저가격제,202406041100,20240604,유찰
정상공고,MCD0027,1,20935,***,군 복무가치 제고 방안 연구,2024,MCD,국방부(운영지원과),협상에의한계약(전자),총액제,최저가격제,202406041100,20240604,유찰
재공고,SCF0394,2,10185,***,합성고무 보온재 등 4품목 구매,2024,SCF,해군군수사령부,일반경쟁,총액제,적격심사제,202406041030,20240604,유찰
재공고,SCF0402,2,10882,***,결속 가락지 등 3종 구매,2024,SCF,해군군수사령부,제한경쟁,총액제,적격심사제,202406041030,20240604,순위확정
재공고,SCF0432,3,12572,***,300KW 육상발전기 엔진 정비,2024,SCF,해군군수사령부,일반경쟁,총액제,적격심사제,202406041030,20240604,낙찰
긴급공고,SCF0520,1,13252,***,유압식 절곡기 1EA 구매,2024,SCF,해군군수사령부,제한경쟁,총액제,적격심사제,202406041030,20240604,낙찰
긴급공고,SCF0532,1,15696,***,'24년 고압가스 용기 검사정비,2024,SCF,해군군수사령부,일반경쟁,총액제,적격심사제,202406041030,20240604,낙찰
긴급공고,SCF0521,1,15883,***,압력계 등 4종 구매,2024,SCF,해군군수사령부,제한경쟁,총액제,적격심사제,202406041030,20240604,유찰
긴급공고,SCF0527,1,16971,***,페인트 분무기 6EA 구매,2024,SCF,해군군수사령부,제한경쟁,총액제,적격심사제,202406041030,20240604,낙찰
재공고,SCF0477,2,17840,***,우측 바디실리콘 고무 등 3종 구매,2024,SCF,해군군수사령부,제한경쟁,총액제,적격심사제,202406041030,20240604,순위확정
긴급공고,SCF0519,1,17845,***,청소용 릴호수 1종 구매,2024,SCF,해군군수사령부,제한경쟁,총액제,적격심사제,202406041030,20240604,낙찰
긴급공고,SCF0517,1,17893,***,기상팩스 수신기 5EA 구매,2024,SCF,해군군수사령부,제한경쟁,총액제,적격심사제,202406041030,20240604,낙찰
긴급공고,SCF0524,1,17901,***,테이블리프트 2EA 구매,2024,SCF,해군군수사령부,제한경쟁,총액제,적격심사제,202406041030,20240604,낙찰
긴급공고,SCF0525,1,18030,***,"실린더, 나사용 1종 구매",2024,SCF,해군군수사령부,제한경쟁,총액제,적격심사제,202406041030,20240604,낙찰
긴급공고,SCF0528,1,18498,***,"항법세트,위성신호용 1품목 구매",2024,SCF,해군군수사령부,제한경쟁,총액제,적격심사제,202406041030,20240604,유찰
긴급공고,SCF0518,1,19070,***,아크용접기 등 2종 구매,2024,SCF,해군군수사령부,제한경쟁,총액제,적격심사제,202406041030,20240604,낙찰
긴급공고,SCF0526,1,20348,***,오실로스코프(100MHz) 1EA 구매,2024,SCF,해군군수사령부,제한경쟁,총액제,적격심사제,202406041030,20240604,낙찰
긴급공고,SCF0522,1,22814,***,공기 샘플러 2Set 구매,2024,SCF,해군군수사령부,제한경쟁,총액제,적격심사제,202406041030,20240604,낙찰
긴급공고,SCF0523,1,22960,***,"방현재, 선박용 등 3종 제조",2024,SCF,해군군수사령부,제한경쟁,총액제,적격심사제,202406041030,20240604,유찰
긴급공고,SCF0530,1,23297,***,로프.섬유제 2EA 제조,2024,SCF,해군군수사령부,제한경쟁,총액제,적격심사제,202406041030,20240604,낙찰
긴급공고,SCK0068,1,22565,***,상용 소프트웨어 구매,2024,SCK,해군교육사령부,일반경쟁,총액제,적격심사제,202406041030,20240604,낙찰
정상공고,UMM0688,1,15530,***,24-N-섬유유연제 등 2품목 구매,2024,UMM,국군재정관리단,제한경쟁,총액제,적격심사제,202406041100,20240604,낙찰
정상공고,UMM0654,1,18310,***,"24-F-압축기, 왕복식 제조(209071-F)",2024,UMM,국군재정관리단,일반경쟁,총액제,적격심사제,202406041100,20240604,유찰
긴급공고,UMM0711,1,18673,***,(247211-F)전산운영용품 구매,2024,UMM,국군재정관리단,제한경쟁,총액제,적격심사제,202406041100,20240604,낙찰
정상공고,UMM0685,1,18970,***,24-D-전자레인지 구매,2024,UMM,국군재정관리단,제한경쟁,총액제,적격심사제,202406041100,20240604,낙찰
정상공고,UMM0676,1,19538,***,24-D-소형굴삭기 구매,2024,UMM,국군재정관리단,제한경쟁,총액제,적격심사제,202406041100,20240604,낙찰
긴급공고,UMM0709,1,19599,***,(24F145-I) 24년 취사장 청소용역,2024,UMM,국군재정관리단,제한경쟁,총액제,적격심사제,202406041100,20240604,낙찰
정상공고,UMM0683,1,19656,***,24-N-25인승 공기주입식 구명정 제조,2024,UMM,국군재정관리단,제한경쟁,총액제,적격심사제,202406041100,20240604,유찰
정상공고,UMM0692,1,20417,***,24-N-전투실험용 함 탑재 무인기 임차용역,2024,UMM,국군재정관리단,제한경쟁,총액제,적격심사제,202406041100,20240604,유찰
긴급공고,UMM0708,1,20923,***,(247231-E) 이동형앰프시스템 교체 사업,2024,UMM,국군재정관리단,제한경쟁,총액제,적격심사제,202406041100,20240604,낙찰
정상공고,UMM0671,1,21148,***,(247131-C) 장비운영소모품(병리7) 39종 구매,2024,UMM,국군재정관리단,일반경쟁,총액제,적격심사제,202406041100,20240604,낙찰
정상공고,UMM0686,1,21156,***,(247127-D)장비운영소모품(병리3) 59종 구매,2024,UMM,국군재정관리단,일반경쟁,총액제,적격심사제,202406041100,20240604,낙찰
정상공고,UMM0689,1,21159,***,(247126-C) 장비운영소모품(병리2) 59종 구매,2024,UMM,국군재정관리단,일반경쟁,총액제,적격심사제,202406041100,20240604,낙찰
정상공고,UMM0682,1,22764,***,(246024-G) 24년 대형전시체계 교체사업(리스자산),2024,UMM,국군재정관리단,일반경쟁,총액제,적격심사제,202406041100,20240604,낙찰
정상공고,UMM0684,1,22798,***,24-F-차량 견인식 FO제거 스위퍼 구매,2024,UMM,국군재정관리단,일반경쟁,총액제,적격심사제,202406041100,20240604,낙찰
정상공고,UMM0690,1,22838,***,(246092-D)치과재료 151품목 구매,2024,UMM,국군재정관리단,일반경쟁,총액제,적격심사제,202406041100,20240604,낙찰
정상공고,EBH0028,1,0501,***,24년 대공표적기 지원용역(발칸),2024,EBH,해상공중전력운영계약팀,수의계약,총액제,적격심사제,202406031100,20240603,유찰
정상공고,EBH0029,1,0502,***,"24년 대공표적기 지원 용역(미스트랄,신궁)",2024,EBH,해상공중전력운영계약팀,수의계약,총액제,적격심사제,202406031400,20240603,유찰
정상공고,EBH0020,1,4504G,***,24년 수상함용 레이더류 부품(구매),2024,EBH,해상공중전력운영계약팀,제한경쟁,총액제,적격심사제,202406031500,20240603,유찰
정상공고,EBH0021,1,4506G,***,24년 수상함용 레이더류 부품(구매)(C),2024,EBH,해상공중전력운영계약팀,제한경쟁,총액제,적격심사제,202406031530,20240603,순위확정
긴급공고,HCF0127,1,19462,***,주요 비행피복류 맞음성 개선 및 표준화 연구,2024,HCF,공군군수사령부,2단계경쟁(동시),총액제,최저가격제,202406031100,20240603,낙찰
긴급공고,HCQ0042,1,23292,***,24-040 다기능 교정기 등 1종,2024,HCQ,공군제5공중기동비행단,제한경쟁,총액제,적격심사제,202406031100,20240603,유찰
정정공고,LCG0032,2,18596,***,[24-육-89] 해킹방어대회 문제구현 용역,2024,LCG,육군본부,2단계경쟁(동시),총액제,최저가격제,202406031300,20240603,유찰
재공고,MHD0043,2,14097,***,군용총포·도검·화약류 안전관리 발전방안 연구,2024,MHD,방위사업청(운영지원과),협상에의한계약(전자),총액제,최저가격제,202406031500,20240603,낙찰
긴급공고,UHC0012,1,18534,***,24년 병영시설 방제 용역계약,2024,UHC,공군 작사예하 방포사예하 제2여단,제한경쟁,총액제,적격심사제,202406031030,20240603,낙찰
정상공고,UMM0599,1,08023,***,24-F-군사경찰 8자 하강기 등 구매(249064-F),2024,UMM,국군재정관리단,제한경쟁,총액제,적격심사제,202406031100,20240603,낙찰
정상공고,UMM0677,1,10654,***,24-F-해상임무장구 6종 구매,2024,UMM,국군재정관리단,제한경쟁,총액제,적격심사제,202406031100,20240603,낙찰
정상공고,UMM0655,1,18225,***,24-D-골프카트 배터리구매,2024,UMM,국군재정관리단,제한경쟁,총액제,적격심사제,202406031100,20240603,낙찰
정상공고,UMM0646,1,19725,***,24-N-전원변환기(DC24V 400A) 제조(248153-F),2024,UMM,국군재정관리단,일반경쟁,총액제,적격심사제,202406031100,20240603,유찰
정상공고,UMM0672,1,22385,***,24-N-교환기 교체 사업,2024,UMM,국군재정관리단,제한경쟁,총액제,적격심사제,202406031100,20240603,낙찰
정상공고,EBB0225,1,0202I,***,"전지,재충전불가식(BA-3517)",2024,EBB,지상공통전력운영계약팀,일반경쟁,총액제,적격심사제,202405311500,20240531,낙찰
정상공고,EBB0222,1,4071A,***,2024 화학자동경보기 수리부속(일반),2024,EBB,지상공통전력운영계약팀,제한경쟁,총액제,적격심사제,202405311100,20240531,유찰
정상공고,EBB0219,1,4991A,***,2024 화학탐지기(CAD) 수리부속(일반),2024,EBB,지상공통전력운영계약팀,수의계약,총액제,적격심사제,202405311100,20240531,유찰
정상공고,EBB0223,1,4999,***,적외선차폐 발연체계 수리부속,2024,EBB,지상공통전력운영계약팀,제한경쟁,총액제,적격심사제,202405311500,20240531,낙찰
정상공고,EBB0218,1,5150,***,엘보우류,2024,EBB,지상공통전력운영계약팀,제한경쟁,총액제,적격심사제,202405311400,20240531,낙찰
정상공고,EBB0217,1,7820,***,총포 및 궤도장비 시트류,2024,EBB,지상공통전력운영계약팀,수의계약,총액제,적격심사제,202405311100,20240531,유찰
연기공고,EBH0013,2,0601,***,24년 발칸 유지부품(제조),2024,EBH,해상공중전력운영계약팀,일반경쟁,총액제,적격심사제,202405311400,20240531,낙찰
정상공고,EBH0027,1,1022,***,24년 발칸 축전식 전지(제조),2024,EBH,해상공중전력운영계약팀,일반경쟁,총액제,적격심사제,202405311100,20240531,낙찰
정상공고,EBH0025,1,4100G,***,지상감시레이더 부품(구매),2024,EBH,해상공중전력운영계약팀,제한경쟁,총액제,적격심사제,202405311100,20240531,순위확정
정상공고,EBH0023,1,8014,***,24년 천마 전동기 부품(제조),2024,EBH,해상공중전력운영계약팀,수의계약,총액제,적격심사제,202405311400,20240531,순위확정
정상공고,EKA0015,1,7100B,***,"`24년 삼각대,사격통제 기구용(방향틀용)",2024,EKA,기동총괄계약팀,일반경쟁,총액제,적격심사제,202405311030,20240531,낙찰
정상공고,HDR0004,1,22125,***,24-방공관제사-38(발전기),2024,HDR,공군방공관제사령부,제한경쟁,총액제,적격심사제,202405311100,20240531,낙찰
정상공고,LDG0057,1,22405,***,6MeV 선형가속기 외주정비 용역,2024,LDG,육군 탄약지원사령부,제한경쟁,총액제,적격심사제,202405311030,20240531,유찰
재공고,LDH0487,2,17191,***,(특무) 섀시 등 11 품목 구매,2024,LDH,육군종합정비창,일반경쟁,총액제,적격심사제,202405310930,20240531,유찰
정상공고,LDH0547,1,21088,***,(자재) 마봉강 등 20종 구매,2024,LDH,육군종합정비창,제한경쟁,총액제,적격심사제,202405311300,20240531,낙찰
긴급공고,LIK0029,1,19048,001,'24년 부대계약(7~9월) 부식(일반품목3) 구매,2024,LIK,제2군수지원여단,2단계경쟁(동시),단가제,최저가격제,202405311030,20240531,낙찰
재공고,MCR0035,3,14009,***,국방대 이전 효과 연구 용역,2024,MCR,국방대학교,협상에의한계약(전자),총액제,최저가격제,202405311030,20240531,유찰
긴급공고,MCR0043,1,18804,***,정책현안 연구용역(2. 두개의 전쟁과 미래전쟁),2024,MCR,국방대학교,협상에의한계약(전자),총액제,최저가격제,202405311030,20240531,낙찰
긴급공고,MCR0039,1,18809,***,세계안보정세분석 연구용역,2024,MCR,국방대학교,협상에의한계약(전자),총액제,최저가격제,202405311030,20240531,유찰
긴급공고,MCR0041,1,18821,***,25년도 안보정세전망 연구용역,2024,MCR,국방대학교,협상에의한계약(전자),총액제,최저가격제,202405311030,20240531,유찰
긴급공고,MCR0038,1,18823,***,정기기초과제(4.방위사업 도약을 위한..),2024,MCR,국방대학교,협상에의한계약(전자),총액제,최저가격제,202405311030,20240531,유찰
긴급공고,MCR0040,1,18826,***,범국민 안보의식조사 정책대안 연구용역,2024,MCR,국방대학교,협상에의한계약(전자),총액제,최저가격제,202405311030,20240531,유찰
긴급공고,SFC0061,1,19727,***,24-덕-홍보물(다이어리 등 2품목) 제작 구매,2024,SFC,제9691부대,2단계경쟁(동시),총액제,최저가격제,202405311030,20240531,낙찰
정상공고,SFD0046,1,21127,***,24-P-문화예술공연,2024,SFD,제9227부대,협상에의한계약(전자),총액제,최저가격제,202405311300,20240531,낙찰
재공고,SFH0065,2,16994,***,24-B-부대 소개영상 제작 용역,2024,SFH,제9196부대,2단계경쟁(분리),총액제,최저가격제,202405311330,20240531,낙찰
정상공고,UMM0666,1,18638,***,(246028-G) 2군단 화면전시체계 교체사업(리스자산),2024,UMM,국군재정관리단,제한경쟁,총액제,적격심사제,202405311100,20240531,낙찰
정상공고,UMM0668,1,19841,***,(246216-C) 24-1차 재난구조 장비 및 물자 구매,2024,UMM,국군재정관리단,일반경쟁,총액제,적격심사제,202405311100,20240531,낙찰
정상공고,UMM0667,1,19847,***,(247225-C) 24년 고정형 음원수집기지 구축,2024,UMM,국군재정관리단,일반경쟁,총액제,적격심사제,202405311100,20240531,낙찰
정상공고,UMM0662,1,20487,***,(247029-H)전자식 교환기(VoIP) 교체,2024,UMM,국군재정관리단,제한경쟁,총액제,적격심사제,202405311100,20240531,낙찰
정상공고,EBB0216,1,2110A,***,"K9자주포 포신,포미장치부품류(제조)",2024,EBB,지상공통전력운영계약팀,수의계약,총액제,적격심사제,202405301530,20240530,유찰
재공고,EBB0204,2,5052,***,"일반호스(전차, 장갑차용)(구매)",2024,EBB,지상공통전력운영계약팀,제한경쟁,총액제,적격심사제,202405301530,20240530,낙찰
재공고,EBB0195,2,6960,***,"K계열전차 전기장치 부품류(제조,일반)",2024,EBB,지상공통전력운영계약팀,수의계약,총액제,적격심사제,202405301600,20240530,유찰
정상공고,EBH0024,1,1914,***,24년 발칸 사격제어부 부품,2024,EBH,해상공중전력운영계약팀,일반경쟁,총액제,적격심사제,202405301630,20240530,낙찰
정상공고,EBH0017,1,6300,***,BTCS 부품(구매),2024,EBH,해상공중전력운영계약팀,제한경쟁,총액제,적격심사제,202405301630,20240530,낙찰
정상공고,EBH0019,1,6300G,***,"BTCS 부품(일반,제조)",2024,EBH,해상공중전력운영계약팀,일반경쟁,총액제,적격심사제,202405301500,20240530,낙찰
재공고,ETA0002,2,4503,***,정보보안장비(침해조사장비),2024,ETA,감시전자총괄계약팀,수의계약,총액제,적격심사제,202405301600,20240530,순위확정
긴급공고,HCF0143,1,20723,***,항공기 기관 창정비장비 유지보수,2024,HCF,공군군수사령부,제한경쟁,총액제,적격심사제,202405301030,20240530,낙찰
긴급공고,HCF0145,1,20725,***,음성통신통제체계 유지보수,2024,HCF,공군군수사령부,제한경쟁,총액제,적격심사제,202405301030,20240530,유찰
긴급공고,HCF0141,1,20755,***,유압유 미립자 분석기 교정키트 구매,2024,HCF,공군군수사령부,제한경쟁,총액제,적격심사제,202405301030,20240530,낙찰
긴급공고,HDQ0046,1,19628,***,24-유해환경근무자 특수건강진단 민간위탁 용역,2024,HDQ,제20전투비행단,제한경쟁,총액제,적격심사제,202405301030,20240530,유찰
긴급공고,LBA0044,1,22510,***,‘24년 7~9월 부대조달 부식(돈가스 8품목) 제조/구매,2024,LBA,제 2167부대,제한경쟁,총액제,적격심사제,202405301030,20240530,유찰
긴급공고,LBA0045,1,22511,***,‘24년 7~9월 부대조달 부식(빵류 55품목) 구매,2024,LBA,제 2167부대,일반경쟁,총액제,적격심사제,202405301030,20240530,낙찰
긴급공고,LBA0046,1,22513,***,‘24년 7~9월 부대조달 부식(미소된장) 제조/구매,2024,LBA,제 2167부대,제한경쟁,총액제,적격심사제,202405301030,20240530,낙찰
긴급공고,LBA0047,1,22517,***,‘24년 7~9월 부대조달 부식(햄류 2품목) 구매,2024,LBA,제 2167부대,일반경쟁,총액제,적격심사제,202405301030,20240530,낙찰
긴급공고,LCF0269,1,22216,***,조종사용 머플러 1항목 제조(피복),2024,LCF,육군군수사령부,제한경쟁,총액제,적격심사제,202405301630,20240530,낙찰
정상공고,LFK0039,1,22013,***,1수송교육연대 얼음정수기 임차 용역,2024,LFK,육군종합군수학교,제한경쟁,총액제,적격심사제,202405301530,20240530,낙찰
정상공고,LFK0040,1,22024,***,2수송교육연대 얼음정수기 임차 용역,2024,LFK,육군종합군수학교,제한경쟁,총액제,적격심사제,202405301530,20240530,낙찰
긴급공고,LFN0022,1,21804,***,24년 3사교 주변국 군사유적지 탐방 여행용역,2024,LFN,육군3사관학교,2단계경쟁(동시),총액제,최저가격제,202405301400,20240530,낙찰
긴급공고,LIK0027,1,19031,001,'24년 부대계약(7~9월) 부식(일반품목1) 구매,2024,LIK,제2군수지원여단,2단계경쟁(동시),단가제,최저가격제,202405301330,20240530,낙찰
긴급공고,LIK0028,1,19038,001,'24년 부대계약(7~9월) 부식(일반품목2) 구매,2024,LIK,제2군수지원여단,2단계경쟁(동시),단가제,최저가격제,202405301330,20240530,낙찰
긴급공고,LKG0055,1,22155,***,24년 7~9월 부대계약(빵류) 구매,2024,LKG,육군제53보병사단,제한경쟁,총액제,적격심사제,202405301100,20240530,낙찰
긴급공고,LKG0056,1,22171,***,24년 7~9월 부대계약(일반품목) 구매,2024,LKG,육군제53보병사단,일반경쟁,총액제,적격심사제,202405301100,20240530,낙찰
긴급공고,LPF0055,1,22598,***,24년 사령부 및 훈련장 제초 용역,2024,LPF,제51보병사단,제한경쟁,총액제,적격심사제,202405301600,20240530,낙찰
긴급공고,LPF0056,1,22599,***,24년 예비군훈련대 제초 용역,2024,LPF,제51보병사단,제한경쟁,총액제,적격심사제,202405301600,20240530,낙찰
정상공고,MCL0004,1,22108,***,24-1차 ○○○체계 운용품 구매,2024,MCL,국방정보본부,제한경쟁,총액제,적격심사제,202405301030,20240530,낙찰
정상공고,MDD0079,1,20619,***,'24년 의무장비(헤모글로빈 A1C자동분석기) 구매,2024,MDD,국군수도병원,제한경쟁,총액제,적격심사제,202405301100,20240530,낙찰
정상공고,MDD0080,1,20621,***,'24년 재투자 의무장비(파라핀수욕조) 구매,2024,MDD,국군수도병원,제한경쟁,총액제,적격심사제,202405301100,20240530,낙찰
긴급공고,MHD0059,1,20927,***,2024년도 2분기 전산(프린터) 소모품 구매,2024,MHD,방위사업청(운영지원과),제한경쟁,총액제,적격심사제,202405301430,20240530,낙찰
긴급공고,SCF0516,1,15986,***,밀폐형인화점측정기 1EA 구매,2024,SCF,해군군수사령부,제한경쟁,총액제,적격심사제,202405301030,20240530,낙찰
긴급공고,SCF0515,1,16972,***,"스위치,근접식 2EA 구매",2024,SCF,해군군수사령부,제한경쟁,총액제,적격심사제,202405301030,20240530,낙찰
정상공고,UAC0019,1,20889,***,인쇄재료 48종 수시 구매,2024,UAC,국방출판지원단,제한경쟁,총액제,적격심사제,202405301530,20240530,낙찰
긴급공고,UDA0012,1,22412,***,'24년 얼음정수기 임차,2024,UDA,제3190부대,제한경쟁,총액제,적격심사제,202405301630,20240530,낙찰
정상공고,UMM0652,1,14801,***,[24F142-A]  취사장 청소용역,2024,UMM,국군재정관리단,제한경쟁,총액제,적격심사제,202405301530,20240530,낙찰
긴급공고,UMM0678,1,16158,***,(247134-F) 장비운영소모품(외과3) 구매,2024,UMM,국군재정관리단,제한경쟁,총액제,적격심사제,202405301530,20240530,낙찰
정상공고,UMM0650,1,18210,***,24-N-0함대 비데 임차용역,2024,UMM,국군재정관리단,제한경쟁,총액제,적격심사제,202405301530,20240530,낙찰
정상공고,UMM0642,1,18619,***,24-M-상륙작전 탑재모델 유지보수,2024,UMM,국군재정관리단,제한경쟁,총액제,적격심사제,202405301530,20240530,낙찰
정상공고,UMM0638,1,18767,***,24-N-육성용접기 구매(248147-F),2024,UMM,국군재정관리단,제한경쟁,총액제,적격심사제,202405301530,20240530,낙찰
긴급공고,UMM0679,1,20009,***,(246195-F) 디지털 인쇄장비 구매,2024,UMM,국군재정관리단,제한경쟁,총액제,적격심사제,202405301530,20240530,낙찰
정상공고,UMM0651,1,21014,***,24-N-국내해도(대한민국) 등 280종 구매,2024,UMM,국군재정관리단,일반경쟁,총액제,적격심사제,202405301530,20240530,유찰
정상공고,UMM0661,1,21824,***,(24G186-I) 노후 LAN 교체사업 금융리스,2024,UMM,국군재정관리단,일반경쟁,총액제,최저가격제,202405301530,20240530,낙찰
긴급공고,UMM0674,1,22450,***,(247129-F)장비운영소모품(병리5) 구매,2024,UMM,국군재정관리단,일반경쟁,총액제,적격심사제,202405301530,20240530,순위확정
긴급공고,UMM0675,1,22483,***,24~25-D-주한미군기지이전 이사화물 수송용역,2024,UMM,국군재정관리단,제한경쟁,총액제,적격심사제,202405301530,20240530,낙찰
긴급공고,UMM0681,1,22596,***,'(24F120-A) 식자재 민간위탁배송 용역,2024,UMM,국군재정관리단,일반경쟁,총액제,적격심사제,202405301530,20240530,유찰
정상공고,EBB0214,1,0092,***,"제어장치조립체,변속기용",2024,EBB,지상공통전력운영계약팀,수의계약,총액제,적격심사제,202405291630,20240529,유찰
정상공고,EBB0212,1,4111B,***,"스위치,온도조절용",2024,EBB,지상공통전력운영계약팀,일반경쟁,총액제,적격심사제,202405291630,20240529,낙찰
정상공고,EBB0210,1,4823,***,전지조립체,2024,EBB,지상공통전력운영계약팀,수의계약,총액제,적격심사제,202405291600,20240529,유찰
정상공고,EBB0215,1,7970,***,"판조립체, 덮개용(K1전차)",2024,EBB,지상공통전력운영계약팀,제한경쟁,총액제,적격심사제,202405291630,20240529,낙찰
정상공고,EBB0211,1,8011N,***,'24년 프리히터,2024,EBB,지상공통전력운영계약팀,수의계약,총액제,적격심사제,202405291630,20240529,유찰
정상공고,EBB0213,1,9021,***,'24년 씰조립체(전차),2024,EBB,지상공통전력운영계약팀,수의계약,총액제,적격심사제,202405291630,20240529,유찰
재공고,EBH0010,2,0016B,***,24년 오리콘 몸통(덮개),2024,EBH,해상공중전력운영계약팀,일반경쟁,총액제,적격심사제,202405291630,20240529,낙찰
정상공고,EBH0018,1,0420A,***,24년 VIC-7K/9K부품류,2024,EBH,해상공중전력운영계약팀,일반경쟁,총액제,적격심사제,202405291630,20240529,낙찰
정상공고,EBH0016,1,3210,***,"24년 변압기,펄스용(레이더용)(제조)",2024,EBH,해상공중전력운영계약팀,수의계약,총액제,적격심사제,202405291630,20240529,유찰
정상공고,EBH0012,1,5400,***,자이로 유니트 어뢰용(정비),2024,EBH,해상공중전력운영계약팀,제한경쟁,총액제,적격심사제,202405291630,20240529,낙찰
정상공고,EKA0008,1,7230A,***,"밴, 포사격지휘소용(1¼톤용_V251K)",2024,EKA,기동총괄계약팀,수의계약,총액제,적격심사제,202405291430,20240529,유찰
정상공고,EKA0009,1,7250,***,트럭(1¼톤 통신가설차용),2024,EKA,기동총괄계약팀,수의계약,총액제,적격심사제,202405291600,20240529,유찰
정상공고,ELA0020,1,5310L,***,24년 경량화수류탄 파라핀 지환통,2024,ELA,화력총괄계약팀,일반경쟁,총액제,적격심사제,202405291630,20240529,낙찰
재공고,HCF0133,2,18903,***,'24~'27 KT-100 CPT 유지보수,2024,HCF,공군군수사령부,제한경쟁,총액제,적격심사제,202405291600,20240529,유찰
긴급공고,HCF0139,1,21426,***,[신궁 유도탄 부품]가스관 조립체 등 5종 제조,2024,HCF,공군군수사령부,제한경쟁,총액제,적격심사제,202405291600,20240529,낙찰
긴급공고,LCF0264,1,07289,***,"케이스,광학기구용 등 7항목 구매(총포)",2024,LCF,육군군수사령부,제한경쟁,총액제,적격심사제,202405291600,20240529,유찰
긴급공고,LCF0265,1,07290,***,"리드선,전기용 등 15항목 구매(총포)",2024,LCF,육군군수사령부,제한경쟁,총액제,적격심사제,202405291600,20240529,낙찰
긴급공고,LCF0266,1,07292,***,"손잡이,기관총용 등 7항목 구매(총포)",2024,LCF,육군군수사령부,제한경쟁,총액제,적격심사제,202405291600,20240529,유찰
긴급공고,LCF0267,1,07293,***,"필터,유체용 등 1항목 구매(총포)",2024,LCF,육군군수사령부,제한경쟁,총액제,적격심사제,202405291600,20240529,낙찰
재공고,LCF0211,2,10890,***,"실린더조립체, 작동식, 선형 등 6항목 생산능력(기장)",2024,LCF,육군군수사령부,제한경쟁,총액제,적격심사제,202405291600,20240529,유찰
긴급공고,LCF0258,1,12736,***,"솔레노이드, 전기식 등 17항목 구매(기장)",2024,LCF,육군군수사령부,제한경쟁,총액제,적격심사제,202405291600,20240529,순위확정
재공고,LCF0170,3,12949,***,회로카드조립체 등 6항목 생산능력확인제조(일장-010),2024,LCF,육군군수사령부,제한경쟁,총액제,적격심사제,202405291600,20240529,유찰
재공고,LCF0189,2,19534,***,"테이프, 접착식 등 46항목 구매(항공)",2024,LCF,육군군수사령부,일반경쟁,총액제,적격심사제,202405291630,20240529,순위확정
긴급공고,LCF0268,1,21575,***,"벙어리장갑,내열용 등 3항목 구매(총포)",2024,LCF,육군군수사령부,제한경쟁,총액제,적격심사제,202405291600,20240529,낙찰
정상공고,LDH0542,1,20874,***,(특무) 창정비용 일반물자 구매,2024,LDH,육군종합정비창,제한경쟁,총액제,적격심사제,202405291630,20240529,낙찰
정상공고,LGI0032,1,21281,001,‘24년 3분기 영내자증식 (에너지바 등 17종),2024,LGI,제3군수지원여단,제한경쟁,단가제,적격심사제,202405291600,20240529,낙찰
정상공고,LGI0033,1,21282,001,'24-3차 부대계약 후식(과일류) 구매,2024,LGI,제3군수지원여단,제한경쟁,단가제,적격심사제,202405291600,20240529,낙찰
정상공고,LGI0034,1,21283,001,'24-3차 부대계약 후식(간식류) 구매,2024,LGI,제3군수지원여단,제한경쟁,단가제,적격심사제,202405291600,20240529,낙찰
정상공고,LGI0035,1,21284,001,'24-3차 부대계약 후식(음료류) 구매,2024,LGI,제3군수지원여단,제한경쟁,단가제,적격심사제,202405291600,20240529,낙찰
정상공고,LGI0037,1,21286,001,'24-3차 부대계약 후식(아이스크림류) 구매,2024,LGI,제3군수지원여단,제한경쟁,단가제,적격심사제,202405291600,20240529,낙찰
긴급공고,LGI0051,1,22334,001,'24-3차 부대계약 후식(유제품류) 구매,2024,LGI,제3군수지원여단,제한경쟁,단가제,적격심사제,202405291600,20240529,낙찰
정정공고,LGT0050,2,21553,***,24년 얼음정수기 임차용역 (24.6~27.5),2024,LGT,제2307부대,제한경쟁,총액제,적격심사제,202405291630,20240529,낙찰
긴급공고,LQG0045,1,22278,***,(육성) 예비군 무기 총기보관용 박스 제조 납품,2024,LQG,육군 52보병사단,제한경쟁,총액제,적격심사제,202405291600,20240529,낙찰
긴급공고,LQH0027,1,21859,***,(육성)워리어플랫폼 조준경·확대경·총기레일 구매,2024,LQH,제3697부대,제한경쟁,총액제,적격심사제,202405291600,20240529,유찰
정상공고,MDF0023,1,21738,***,전관방송시스템 노후 교체사업,2024,MDF,국군지휘통신사령부,제한경쟁,총액제,적격심사제,202405291600,20240529,낙찰
긴급공고,SCF0513,1,17977,***,(긴급) 과급기 등 2종,2024,SCF,해군군수사령부,제한경쟁,총액제,적격심사제,202405291600,20240529,낙찰
긴급공고,SCF0514,1,21274,***,"(긴급)정류기,반도체 장치용 등 2종",2024,SCF,해군군수사령부,제한경쟁,총액제,적격심사제,202405291600,20240529,낙찰
긴급공고,SDF0073,1,22419,***,GASKET 등 40종 구매,2024,SDF,제5738부대,제한경쟁,총액제,적격심사제,202405291430,20240529,유찰
긴급공고,SFC0068,1,22375,***,24-덕-원격사격통제 장비 임차(1-3),2024,SFC,제9691부대,일반경쟁,총액제,적격심사제,202405291600,20240529,유찰
재공고,UMM0618,2,16357,***,(246022-G) VoIP용 음성동보장치 제조설치(리스물건),2024,UMM,국군재정관리단,제한경쟁,총액제,적격심사제,202405291600,20240529,낙찰
정상공고,UMM0647,1,18339,***,"(246103-E) 담요, 폭발군수품처리용 1항목 제조",2024,UMM,국군재정관리단,제한경쟁,총액제,적격심사제,202405291600,20240529,낙찰
정상공고,UMM0648,1,18518,***,(246214-E) 자동표기용 종이(울트라컷)구매,2024,UMM,국군재정관리단,제한경쟁,총액제,적격심사제,202405291600,20240529,낙찰
정상공고,UMM0649,1,20616,***,(24F194-A) 제초용역,2024,UMM,국군재정관리단,일반경쟁,총액제,적격심사제,202405291600,20240529,낙찰
긴급공고,UMM0653,1,20863,***,24-D-UAE 아크부대 22·23진 교대 전세항공수송용역,2024,UMM,국군재정관리단,일반경쟁,총액제,적격심사제,202405291600,20240529,유찰
정상공고,UMM0641,1,21655,***,(24G191-A) 클라우드 기반 구축 상용SW 2차 금융리스,2024,UMM,국군재정관리단,일반경쟁,총액제,최저가격제,202405291600,20240529,낙찰
긴급공고,UMM0673,1,22396,***,24-N-전투실험용 기뢰탐색 무인수상정 임차용역,2024,UMM,국군재정관리단,제한경쟁,총액제,적격심사제,202405291600,20240529,유찰
정상공고,EBB0205,1,1623,***,"브래킷, 판류",2024,EBB,지상공통전력운영계약팀,일반경쟁,총액제,적격심사제,202405281100,20240528,낙찰
재공고,EBB0164,2,8326,***,'24년 휀다(기동),2024,EBB,지상공통전력운영계약팀,수의계약,총액제,적격심사제,202405281100,20240528,유찰
정상공고,EBB0206,1,8940A,***,'24년 축전식 전지(밀폐형),2024,EBB,지상공통전력운영계약팀,일반경쟁,총액제,적격심사제,202405281100,20240528,순위확정
정상공고,EBB0207,1,9020,***,'24년 장갑전투도자 부품(구매),2024,EBB,지상공통전력운영계약팀,일반경쟁,총액제,적격심사제,202405281100,20240528,낙찰
재공고,EBB0166,2,A1059,***,회로카드 조립체,2024,EBB,지상공통전력운영계약팀,수의계약,총액제,적격심사제,202405281100,20240528,유찰
정상공고,EBH0015,1,1004,***,24년 전술용 전자식전화기 세트(TA-512KA),2024,EBH,해상공중전력운영계약팀,일반경쟁,총액제,적격심사제,202405281100,20240528,유찰
정상공고,EBH0011,1,4101B,***,24년 KGGB 수리부속,2024,EBH,해상공중전력운영계약팀,일반경쟁,총액제,적격심사제,202405281100,20240528,낙찰
재공고,EBH0007,2,8039A,***,24년 특수무기 베어링(제조),2024,EBH,해상공중전력운영계약팀,수의계약,총액제,적격심사제,202405281400,20240528,유찰
정상공고,EKA0014,1,0930,***,24년 지상낙하산신호조명탄,2024,EKA,기동총괄계약팀,수의계약,총액제,적격심사제,202405281400,20240528,유찰
정상공고,EKA0013,1,7100A,***,"망원경,엘보형(방향틀용)",2024,EKA,기동총괄계약팀,일반경쟁,총액제,적격심사제,202405281030,20240528,낙찰
정상공고,EKA0011,1,7100C,***,"덮개,입구용(방향틀용)",2024,EKA,기동총괄계약팀,제한경쟁,총액제,적격심사제,202405281030,20240528,낙찰
긴급공고,HCF0138,1,05069,***,"24-H-22 중,고층 자주식 고소작업대",2024,HCF,공군군수사령부,제한경쟁,총액제,적격심사제,202405281030,20240528,낙찰
재공고,HCF0125,2,19757,***,항공기 구명정 팽창장치 외주정비,2024,HCF,공군군수사령부,제한경쟁,총액제,적격심사제,202405281030,20240528,유찰
긴급공고,HCF0137,1,21826,***,"24-H-05 톱, 띠형, 금속절단형",2024,HCF,공군군수사령부,제한경쟁,총액제,적격심사제,202405281030,20240528,낙찰
긴급공고,HCF0136,1,21878,***,'24~'25 방공관제레이더 증폭기(PDA) 외주정비,2024,HCF,공군군수사령부,제한경쟁,총액제,적격심사제,202405281030,20240528,유찰
긴급공고,HDI0008,1,22001,***,마스트 등 2종 구매,2024,HDI,공군83정보통신정비창,일반경쟁,총액제,적격심사제,202405281030,20240528,유찰
긴급공고,HDK0018,1,21153,001,대구기지 취사연료(LPG) 통합/장기계속계약,2024,HDK,공군제11전투비행단,제한경쟁,단가제,적격심사제,202405281330,20240528,유찰
긴급공고,LCF0247,1,07288,***,"삼각대,사격통제 기구용 등 1항목 제조(총포)",2024,LCF,육군군수사령부,제한경쟁,총액제,적격심사제,202405281030,20240528,낙찰
긴급공고,LCF0262,1,09475,***,"엘보, 파이프 및 튜브 연결용 등 26항목 구매(기장)",2024,LCF,육군군수사령부,제한경쟁,총액제,적격심사제,202405281100,20240528,낙찰
긴급공고,LCF0261,1,09507,***,"스프링, 지지용 등 11항목 제조(기장)",2024,LCF,육군군수사령부,제한경쟁,총액제,적격심사제,202405281100,20240528,낙찰
긴급공고,LCF0260,1,12744,***,"뚜껑, 공기 여과기 등 9항목 제조(기장)",2024,LCF,육군군수사령부,제한경쟁,총액제,적격심사제,202405281100,20240528,유찰
긴급공고,LCF0263,1,12751,***,"축, 직선형 등 9항목 생산능력제조(기장)",2024,LCF,육군군수사령부,제한경쟁,총액제,적격심사제,202405281100,20240528,유찰
재공고,LCF0216,3,12752,***,"제어장치, 전원공급기용 등 3항목 생산능력제조(기장)",2024,LCF,육군군수사령부,제한경쟁,총액제,적격심사제,202405281100,20240528,유찰
긴급공고,LCF0248,1,12774,***,"부트,먼지 및 습기 방지용 등 1항목 제조(특무)",2024,LCF,육군군수사령부,제한경쟁,총액제,적격심사제,202405281030,20240528,낙찰
재공고,LCF0123,2,13566,***,치인 조립체 등 2항목 제조(일장-010),2024,LCF,육군군수사령부,제한경쟁,총액제,적격심사제,202405281130,20240528,유찰
긴급공고,LCF0253,1,14619,***,간격유지기 등 55항목 구매(궤도-004),2024,LCF,육군군수사령부,제한경쟁,총액제,적격심사제,202405281130,20240528,유찰
긴급공고,LCF0254,1,14621,***,"부품키트,브레이크 슈용 등 7항모 구매(궤도-005)",2024,LCF,육군군수사령부,제한경쟁,총액제,적격심사제,202405281130,20240528,유찰
긴급공고,LCF0255,1,14626,***,쐐기 등 18항목 구매(궤도-008),2024,LCF,육군군수사령부,제한경쟁,총액제,적격심사제,202405281130,20240528,유찰
긴급공고,LCF0257,1,14642,***,오-링 등 23항목 구매(궤도-012),2024,LCF,육군군수사령부,제한경쟁,총액제,적격심사제,202405281130,20240528,낙찰
긴급공고,LCF0250,1,14643,***,"필터 유닛,액체용,압력식 등 17항목 구매(궤도-013)",2024,LCF,육군군수사령부,제한경쟁,총액제,적격심사제,202405281130,20240528,유찰
긴급공고,LCF0256,1,14644,***,"플러그 조립체,시일링용 등 33항목 구매(궤도-014)",2024,LCF,육군군수사령부,제한경쟁,총액제,적격심사제,202405281130,20240528,낙찰
긴급공고,LCF0251,1,14645,***,"삽입기,나사용 등 40항목 구매(궤도-015)",2024,LCF,육군군수사령부,제한경쟁,총액제,적격심사제,202405281130,20240528,유찰
긴급공고,LCF0252,1,14646,***,"저항기,가변식 등 51항목 구매(궤도-016)",2024,LCF,육군군수사령부,일반경쟁,총액제,적격심사제,202405281130,20240528,유찰
재공고,LCF0236,2,20032,***,＇24년  K1전차 트랙 C형 등 13종 정비,2024,LCF,육군군수사령부,제한경쟁,총액제,적격심사제,202405281030,20240528,유찰
긴급공고,LCF0249,1,21907,***,전압조정기 등 14항목 구매(궤도-006),2024,LCF,육군군수사령부,제한경쟁,총액제,적격심사제,202405281130,20240528,유찰
긴급공고,LCM0029,1,20280,***,'24년 학교교실 장비도입(스크린 제조설치) 사업,2024,LCM,육군교육사령부,제한경쟁,총액제,적격심사제,202405281030,20240528,낙찰
정상공고,LDG0055,1,21602,***,5.56밀리 철상자 등 4개 품목 외주정비 용역,2024,LDG,육군 탄약지원사령부,일반경쟁,총액제,적격심사제,202405281030,20240528,유찰
정상공고,LDH0526,1,20052,***,"K200 스위치,온도조절용 등 13종 구매",2024,LDH,육군종합정비창,제한경쟁,총액제,적격심사제,202405281300,20240528,낙찰
정상공고,LDH0527,1,20053,***,K200 오-링 등 18종 구매,2024,LDH,육군종합정비창,제한경쟁,총액제,적격심사제,202405281300,20240528,낙찰
정상공고,LDH0528,1,20054,***,K200 패킹 등 18종 구매,2024,LDH,육군종합정비창,제한경쟁,총액제,적격심사제,202405281300,20240528,유찰
정상공고,LDH0529,1,20055,***,"K200 핀,잠금용 등 13종 구매",2024,LDH,육군종합정비창,제한경쟁,총액제,적격심사제,202405281300,20240528,순위확정
정상공고,LDH0530,1,20056,***,"K200 디스크,클러치,차량용 3종 구매",2024,LDH,육군종합정비창,제한경쟁,총액제,적격심사제,202405281300,20240528,순위확정
정상공고,LDH0531,1,20058,***,"K200 배선장치,갈래형 등 10종 구매",2024,LDH,육군종합정비창,제한경쟁,총액제,적격심사제,202405281300,20240528,유찰
정상공고,LDH0534,1,20062,***,K200 시일 등 7종 구매,2024,LDH,육군종합정비창,제한경쟁,총액제,적격심사제,202405281300,20240528,낙찰
정상공고,LDH0540,1,20070,***,"K221 덮개,방수용 등 8종 구매",2024,LDH,육군종합정비창,제한경쟁,총액제,적격심사제,202405281300,20240528,낙찰
정상공고,LDH0535,1,21071,***,(자재) 폴리우레탄코팅제(녹색) 1종 제조,2024,LDH,육군종합정비창,제한경쟁,총액제,적격심사제,202405281300,20240528,유찰
긴급공고,LFC0044,1,21410,***,24년 7~9월 가공후식(이온음료 등 7품목) 구매,2024,LFC,육군훈련소,일반경쟁,총액제,적격심사제,202405281100,20240528,낙찰
정정공고,LFH0010,2,21828,***,24년 얼음정수기 임차 용역,2024,LFH,육군부사관학교,제한경쟁,총액제,적격심사제,202405281100,20240528,낙찰
긴급공고,LHD0027,1,21905,***,00부대 생활관 증개축 관급자재(샌드위치패널)(Y040),2024,LHD,제21보병사단,제한경쟁,총액제,적격심사제,202405281030,20240528,낙찰
긴급공고,LHK0040,1,21978,***,작전지휘시설 신축 선행연구용역,2024,LHK,제2군단,일반경쟁,총액제,적격심사제,202405281030,20240528,낙찰
긴급공고,LHM0053,1,21864,***,24년 체력단련기구(헬스기구) 임차 용역,2024,LHM,제15보병사단,제한경쟁,총액제,적격심사제,202405281100,20240528,낙찰
긴급공고,LKM0024,1,16982,***,'24~27년 신병교육대대 병영식당 급식 민간위탁(재),2024,LKM,제2632부대,협상에의한계약(서류),총액제,최저가격제,202405281000,20240528,낙찰
긴급공고,LKM0034,1,21649,***,24년 사단 사령부 제초용역,2024,LKM,제2632부대,제한경쟁,총액제,적격심사제,202405281030,20240528,낙찰
긴급공고,LPC0025,1,21395,***,24년 71여단 제초 용역,2024,LPC,제25보병사단,제한경쟁,총액제,적격심사제,202405281100,20240528,낙찰
정상공고,MDG0143,1,20772,***,24년 의무장비(혈액가온장치) 구매,2024,MDG,국군의무사령부,제한경쟁,총액제,적격심사제,202405281100,20240528,낙찰
재공고,SCF0388,2,04088,***,"케이블, 전력용 등 11종 구매",2024,SCF,해군군수사령부,제한경쟁,총액제,적격심사제,202405281030,20240528,순위확정
긴급공고,SCF0502,1,14162,***,"밸브, 안전릴리프형 등 27종 구매",2024,SCF,해군군수사령부,제한경쟁,총액제,적격심사제,202405281030,20240528,낙찰
긴급공고,SCF0511,1,15221,***,압력비교검사기 1EA 구매,2024,SCF,해군군수사령부,제한경쟁,총액제,적격심사제,202405281030,20240528,낙찰
정정공고,SCF0492,2,15378,***,압력시험기,2024,SCF,해군군수사령부,제한경쟁,총액제,적격심사제,202405281030,20240528,낙찰
긴급공고,SCF0500,1,16488,***,"박스, 플라스틱제(대) 등 2종 / 제조",2024,SCF,해군군수사령부,제한경쟁,총액제,적격심사제,202405281030,20240528,낙찰
긴급공고,SCF0504,1,18181,***,IF 추진기관 연료캠축 정비,2024,SCF,해군군수사령부,일반경쟁,총액제,적격심사제,202405281030,20240528,유찰
긴급공고,SCF0505,1,18205,***,해상-호크나이프 91EA 구매,2024,SCF,해군군수사령부,제한경쟁,총액제,적격심사제,202405281030,20240528,유찰
긴급공고,SCF0501,1,18248,***,가스 점검액 790EA 구매,2024,SCF,해군군수사령부,제한경쟁,총액제,적격심사제,202405281030,20240528,낙찰
긴급공고,SCF0510,1,18691,***,"솔 부분품,소제용,포용 등 2종 구매",2024,SCF,해군군수사령부,제한경쟁,총액제,적격심사제,202405281030,20240528,유찰
긴급공고,SCF0512,1,18700,***,"폴리머 탄창 2,511EA 구매",2024,SCF,해군군수사령부,제한경쟁,총액제,적격심사제,202405281030,20240528,낙찰
긴급공고,SCF0509,1,18730,***,스티어링 실린더 등 19종 구매,2024,SCF,해군군수사령부,제한경쟁,총액제,적격심사제,202405281030,20240528,낙찰
긴급공고,SCF0507,1,18756,***,기-의장대 등 13종 구매,2024,SCF,해군군수사령부,제한경쟁,총액제,적격심사제,202405281030,20240528,낙찰
긴급공고,SCF0499,1,19083,***,회로카드 조립체 등 2종 구매,2024,SCF,해군군수사령부,제한경쟁,총액제,적격심사제,202405281030,20240528,낙찰
긴급공고,SCF0503,1,20316,***,복사용지 등 39종 구매,2024,SCF,해군군수사령부,제한경쟁,총액제,적격심사제,202405281030,20240528,낙찰
긴급공고,SCF0508,1,20902,***,(긴급) 타이밍 기어 케이스 커버 등 84종,2024,SCF,해군군수사령부,제한경쟁,총액제,적격심사제,202405281030,20240528,낙찰
긴급공고,SCP0062,1,21931,***,산불진화복(외투) 등 3종 구매,2024,SCP,제8385부대,제한경쟁,총액제,적격심사제,202405281030,20240528,낙찰
긴급공고,UHC0011,1,21813,***,패트리어트 전원공급체계 장비 외주정비 용역계약,2024,UHC,공군 작사예하 방포사예하 제2여단,제한경쟁,총액제,적격심사제,202405281030,20240528,유찰
재공고,UMM0336,2,04192,***,"24-D-오토바이 1,450cc 이상 구매",2024,UMM,국군재정관리단,제한경쟁,총액제,적격심사제,202405281100,20240528,낙찰
정상공고,UMM0612,1,13907,***,24-D-동력계산대 구매,2024,UMM,국군재정관리단,제한경쟁,총액제,적격심사제,202405281100,20240528,낙찰
정상공고,UMM0632,1,14530,***,(24F108-I) 24년 제초용역,2024,UMM,국군재정관리단,제한경쟁,총액제,적격심사제,202405281100,20240528,낙찰
긴급공고,UMM0640,1,14784,***,24-N-전투실험용 소형전술급 무인기 임차용역,2024,UMM,국군재정관리단,제한경쟁,총액제,적격심사제,202405281100,20240528,낙찰
긴급공고,UMM0643,1,14917,***,(246188-C) 24년 프린터 도입사업(리스자산),2024,UMM,국군재정관리단,일반경쟁,총액제,적격심사제,202405281100,20240528,낙찰
정상공고,UMM0615,1,15110,***,24-N-다관절리프트 구매,2024,UMM,국군재정관리단,제한경쟁,총액제,적격심사제,202405281100,20240528,낙찰
정상공고,UMM0634,1,15238,***,(246183-B) 오실로스코프 구매,2024,UMM,국군재정관리단,제한경쟁,총액제,적격심사제,202405281100,20240528,낙찰
긴급공고,UMM0631,1,18581,***,24~27-F-얼음정수기 임차 용역,2024,UMM,국군재정관리단,제한경쟁,총액제,적격심사제,202405281100,20240528,낙찰
긴급공고,UMM0659,1,18891,***,(24F136-I) 24년 ASP 방화지대 구축용역(서부권),2024,UMM,국군재정관리단,제한경쟁,총액제,적격심사제,202405281100,20240528,낙찰
긴급공고,UMM0660,1,18892,***,(24F137-I) 24년 ASP 방화지대 구축용역(중부권),2024,UMM,국군재정관리단,제한경쟁,총액제,적격심사제,202405281100,20240528,낙찰
정상공고,UMM0624,1,18945,***,24-N-기본피복(해군 여군 흑단화 등 2종) 구매,2024,UMM,국군재정관리단,제한경쟁,총액제,적격심사제,202405281100,20240528,낙찰
정상공고,UMM0636,1,19640,***,(247130-B) 장비운영소모품(병리6) 90종 구매,2024,UMM,국군재정관리단,일반경쟁,총액제,적격심사제,202405281100,20240528,낙찰
긴급공고,UMM0630,1,21421,***,24-M-IP교환기 교체사업(리스자산),2024,UMM,국군재정관리단,일반경쟁,총액제,적격심사제,202405281100,20240528,낙찰
정상공고,UMM0635,1,21572,***,(246170-B) 24년 통신장비용 축전지 구매,2024,UMM,국군재정관리단,일반경쟁,총액제,적격심사제,202405281100,20240528,낙찰
정상공고,UMM0639,1,21615,***,(24F151-B) 24년 얼음정수기 임차 용역,2024,UMM,국군재정관리단,제한경쟁,총액제,적격심사제,202405281100,20240528,낙찰
재공고,HCG0006,2,12522,***,24-미래 공군병력 부족 대비 인력공급 확대방안 연구,2024,HCG,공군본부,협상에의한계약(전자),총액제,최저가격제,202405271100,20240527,낙찰
긴급공고,HCQ0038,1,21899,***,24-124 멀티-엔진세척장비 등 1종,2024,HCQ,공군제5공중기동비행단,제한경쟁,총액제,적격심사제,202405271100,20240527,유찰
긴급공고,LCF0241,1,09477,***,"고정기, 전기접촉 브러시용 등 20항목 구매(기장)",2024,LCF,육군군수사령부,제한경쟁,총액제,적격심사제,202405271030,20240527,순위확정
긴급공고,LCF0246,1,14588,***,"펌프,원심식 등 5항목 구매(일장-004)",2024,LCF,육군군수사령부,제한경쟁,총액제,적격심사제,202405271030,20240527,낙찰
긴급공고,LCF0245,1,14597,***,"밸브,체크형 등 36항목 구매(일장-010)",2024,LCF,육군군수사령부,일반경쟁,총액제,적격심사제,202405271030,20240527,낙찰
긴급공고,LCG0031,1,18605,***,[24-육-91] 무건리 훈련장 갈등 비용분석 연구,2024,LCG,육군본부,2단계경쟁(동시),총액제,최저가격제,202405271300,20240527,유찰
정상공고,LFS0002,1,18180,***,AI를 적용한 화생방 드론봇 전력체계 연구 용역,2024,LFS,육군화학학교,2단계경쟁(동시),총액제,최저가격제,202405271500,20240527,낙찰
긴급공고,LGT0026,1,13841,***,'24년 군 주거시설 개선사업 선행연구(24-GD-51),2024,LGT,제2307부대,2단계경쟁(동시),총액제,최저가격제,202405271030,20240527,낙찰
긴급공고,MHD0057,1,20868,***,소형무장헬기 양산 패키지 시설사업(4차),2024,MHD,방위사업청(운영지원과),협상에의한계약(전자),총액제,최저가격제,202405271500,20240527,낙찰
정상공고,UMM0610,1,15982,***,"24-N-기,신호용 등 134종 제조(248130-F)",2024,UMM,국군재정관리단,제한경쟁,총액제,적격심사제,202405271100,20240527,낙찰
정상공고,UMM0626,1,17090,***,"24-F-전동카트, 승용식 1종 구매",2024,UMM,국군재정관리단,일반경쟁,총액제,적격심사제,202405271100,20240527,낙찰
정상공고,UMM0629,1,18459,***,24-N-통신기반체계 이전 광전송장치 제조,2024,UMM,국군재정관리단,제한경쟁,총액제,적격심사제,202405271100,20240527,낙찰
정상공고,UMM0613,1,18657,***,24-F-군사경찰 방탄헬멧 제조,2024,UMM,국군재정관리단,제한경쟁,총액제,적격심사제,202405271100,20240527,낙찰
정상공고,EBB0199,1,0029A,***,조준장치 등(지명),2024,EBB,지상공통전력운영계약팀,지명경쟁,총액제,적격심사제,202405241100,20240524,낙찰
정상공고,EBB0204,1,5052,***,"일반호스(전차, 장갑차용)(구매)",2024,EBB,지상공통전력운영계약팀,제한경쟁,총액제,적격심사제,202405241100,20240524,순위확정
정상공고,EBB0203,1,6101A,***,스페이서류,2024,EBB,지상공통전력운영계약팀,일반경쟁,총액제,적격심사제,202405241100,20240524,낙찰
정상공고,EBB0200,1,6620,***,하우징류,2024,EBB,지상공통전력운영계약팀,일반경쟁,총액제,적격심사제,202405241100,20240524,낙찰
정상공고,EBB0201,1,7790,***,완충기류,2024,EBB,지상공통전력운영계약팀,수의계약,총액제,적격심사제,202405241500,20240524,유찰
정상공고,EBB0202,1,9464,***,연막탄발사기 부품류,2024,EBB,지상공통전력운영계약팀,일반경쟁,총액제,적격심사제,202405241600,20240524,낙찰
정상공고,HCG0018,1,16671,***,24-미래 한국공군 훈련기 성능 및 적정 규모 연구,2024,HCG,공군본부,2단계경쟁(동시),총액제,최저가격제,202405241100,20240524,낙찰
긴급공고,LCF0244,1,21242,***,230mm 창정비시설 관급(방폭형 항온항습기) 제조설치,2024,LCF,육군군수사령부,일반경쟁,총액제,적격심사제,202405241030,20240524,낙찰
정정공고,LCG0026,4,13774,***,[24-육-76] 브리퍼 트레이닝 대행 용역,2024,LCG,육군본부,2단계경쟁(동시),총액제,최저가격제,202405241130,20240524,유찰
정상공고,LDG0049,1,20940,***,24~27년 얼음정수기(45대) 임차 용역,2024,LDG,육군 탄약지원사령부,일반경쟁,총액제,적격심사제,202405241030,20240524,낙찰
정상공고,LDG0051,1,20941,***,24년 폐기물(혼용재질) 위탁처리 용역,2024,LDG,육군 탄약지원사령부,일반경쟁,총액제,적격심사제,202405241030,20240524,낙찰
정상공고,LDG0052,1,20942,***,24년 폐기물(PCP상자) 위탁처리 용역,2024,LDG,육군 탄약지원사령부,일반경쟁,총액제,적격심사제,202405241030,20240524,낙찰
정상공고,LDH0504,1,19463,***,K9자주포 나사등20종 구매,2024,LDH,육군종합정비창,제한경쟁,총액제,적격심사제,202405241300,20240524,낙찰
정상공고,LDH0505,1,19465,***,K9자주포 롤러등4종 구매,2024,LDH,육군종합정비창,제한경쟁,총액제,적격심사제,202405241300,20240524,낙찰
정상공고,LDH0506,1,19466,***,K9자주포 슬리브등2종 구매,2024,LDH,육군종합정비창,제한경쟁,총액제,적격심사제,202405241300,20240524,낙찰
정상공고,LDH0507,1,19468,***,K9자주포 안내기등4종 구매,2024,LDH,육군종합정비창,제한경쟁,총액제,적격심사제,202405241300,20240524,낙찰
정상공고,LDH0508,1,19470,***,K9자주포 오링등19종 구매,2024,LDH,육군종합정비창,제한경쟁,총액제,적격심사제,202405241300,20240524,낙찰
정상공고,LDH0509,1,19474,***,K9자주포 호스조립체등3종 구매,2024,LDH,육군종합정비창,제한경쟁,총액제,적격심사제,202405241300,20240524,낙찰
정상공고,LDH0522,1,20040,***,"K9자주포 나사,기계용등10종 구매",2024,LDH,육군종합정비창,제한경쟁,총액제,적격심사제,202405241300,20240524,낙찰
정상공고,LDH0510,1,20669,***,K1전차 스위치 등 5종 구매,2024,LDH,육군종합정비창,제한경쟁,총액제,적격심사제,202405241300,20240524,낙찰
정상공고,LDH0511,1,20674,***,K9자주포 리테이너등14종 구매,2024,LDH,육군종합정비창,제한경쟁,총액제,적격심사제,202405241300,20240524,유찰
정상공고,LDH0512,1,20675,***,K9자주포 베어링등17종 구매,2024,LDH,육군종합정비창,제한경쟁,총액제,적격심사제,202405241300,20240524,낙찰
정상공고,LDH0513,1,20676,***,K9자주포 부싱등4종 구매,2024,LDH,육군종합정비창,제한경쟁,총액제,적격심사제,202405241300,20240524,낙찰
정상공고,LDH0514,1,20677,***,발칸천마 시일 등 19종 구매,2024,LDH,육군종합정비창,제한경쟁,총액제,적격심사제,202405241300,20240524,유찰
정상공고,LDH0515,1,20767,***,K77지휘차 너트 등 38종 구매,2024,LDH,육군종합정비창,제한경쟁,총액제,적격심사제,202405241300,20240524,유찰
정상공고,LDH0516,1,20779,***,K10탄운차 베어링등7종 구매,2024,LDH,육군종합정비창,제한경쟁,총액제,적격심사제,202405241300,20240524,낙찰
정상공고,LDH0518,1,20787,***,K9자주포 전원공급기등2종 구매,2024,LDH,육군종합정비창,제한경쟁,총액제,적격심사제,202405241300,20240524,유찰
긴급공고,LHG0024,1,21233,***,'24년 공기청정기 필터 제조 구매,2024,LHG,제1862부대,제한경쟁,총액제,적격심사제,202405241030,20240524,낙찰
긴급공고,LIK0023,1,18588,***,'24년 정비피복 제조계약,2024,LIK,제2군수지원여단,2단계경쟁(동시),총액제,최저가격제,202405241030,20240524,낙찰
긴급공고,LKD0049,1,21078,***,24~27년 32사단 식기세척기 임차 용역,2024,LKD,제32보병사단,제한경쟁,총액제,적격심사제,202405241100,20240524,낙찰
긴급공고,LPC0024,1,21237,***,24년 72여단 제초 용역,2024,LPC,제25보병사단,제한경쟁,총액제,적격심사제,202405241100,20240524,낙찰
긴급공고,MHD0055,1,20490,***,방위사업 원가계산 외부용역(6차),2024,MHD,방위사업청(운영지원과),협상에의한계약(전자),총액제,최저가격제,202405241500,20240524,낙찰
긴급공고,SCL0025,1,16120,***,24-00학교 교내식당 위탁용역,2024,SCL,해군사관학교,협상에의한계약(전자),총액제,최저가격제,202405241000,20240524,낙찰
정상공고,SFC0065,1,20577,***,행잉화일 등 70품목 구매,2024,SFC,제9691부대,제한경쟁,총액제,적격심사제,202405241030,20240524,낙찰
긴급공고,SFC0067,1,21083,***,토너 등 6품목 구매,2024,SFC,제9691부대,제한경쟁,총액제,적격심사제,202405241030,20240524,낙찰
정상공고,UMM0604,1,08631,***,24-F-공기호흡기 등 2종 구매,2024,UMM,국군재정관리단,제한경쟁,총액제,적격심사제,202405241100,20240524,낙찰
정상공고,UMM0622,1,10649,***,(246140-B) 4방향 차입식 팔레트 2종 제조,2024,UMM,국군재정관리단,일반경쟁,총액제,적격심사제,202405241100,20240524,낙찰
정상공고,UMM0614,1,14912,***,(247170-C) 병원장비소모품(1) 119품목 구매,2024,UMM,국군재정관리단,일반경쟁,총액제,적격심사제,202405241100,20240524,낙찰
정상공고,UMM0619,1,16526,***,(247021-H)내부망웹메일메신저노후교체(리스자산),2024,UMM,국군재정관리단,일반경쟁,총액제,적격심사제,202405241100,20240524,낙찰
정상공고,UMM0621,1,17609,***,(24F174-A) 부대관리 민간 제초관리용역,2024,UMM,국군재정관리단,일반경쟁,총액제,적격심사제,202405241100,20240524,낙찰
긴급공고,HCF0130,1,16299,***,"24-H-46 합성기,전기 주파수용",2024,HCF,공군군수사령부,제한경쟁,총액제,적격심사제,202405231030,20240523,낙찰
긴급공고,HCF0134,1,18900,***,'24~'27 항공기 CPT 유지보수,2024,HCF,공군군수사령부,제한경쟁,총액제,적격심사제,202405231030,20240523,유찰
긴급공고,HCF0135,1,18902,***,'24~'27 F-16 시뮬레이터(신형) 유지보수,2024,HCF,공군군수사령부,제한경쟁,총액제,적격심사제,202405231030,20240523,유찰
긴급공고,HCF0133,1,18903,***,'24~'27 KT-100 CPT 유지보수,2024,HCF,공군군수사령부,제한경쟁,총액제,적격심사제,202405231030,20240523,유찰
긴급공고,HCF0131,1,19084,***,"[항자단] 워커,그리스용",2024,HCF,공군군수사령부,제한경쟁,총액제,적격심사제,202405231030,20240523,낙찰
긴급공고,HCF0132,1,19088,***,[항자단] 동판부식 시험기 등 4종,2024,HCF,공군군수사령부,제한경쟁,총액제,적격심사제,202405231030,20240523,낙찰
긴급공고,HCF0128,1,20089,***,"[항공등화 부품]전지,축전식 구매",2024,HCF,공군군수사령부,제한경쟁,총액제,적격심사제,202405231030,20240523,낙찰
긴급공고,HCF0129,1,20651,***,"24-H-32 발전기, 기능용, 전자시험용",2024,HCF,공군군수사령부,제한경쟁,총액제,적격심사제,202405231030,20240523,낙찰
긴급공고,HDG0013,1,21107,***,<24-47> 24년 공군 10비 특수건강진단 민간위탁용역,2024,HDG,공군제10전투비행단,제한경쟁,총액제,적격심사제,202405231100,20240523,낙찰
긴급공고,LCF0242,1,04759,***,"덮개조립체,포탑용 등 12항목 구매(항공)",2024,LCF,육군군수사령부,제한경쟁,총액제,적격심사제,202405231100,20240523,낙찰
긴급공고,LCF0220,1,04776,***,"내부방탄복, 판문점 등 1항목 제조(피복)",2024,LCF,육군군수사령부,제한경쟁,총액제,적격심사제,202405231100,20240523,낙찰
긴급공고,LCF0187,1,05877,***,심장세동제거기검사기 등 1항목 구매(의무),2024,LCF,육군군수사령부,제한경쟁,총액제,적격심사제,202405231100,20240523,낙찰
긴급공고,LCF0243,1,06267,***,방진마스크(N95) 등 7항목 구매(의무),2024,LCF,육군군수사령부,제한경쟁,총액제,적격심사제,202405231100,20240523,낙찰
긴급공고,LCF0237,1,08541,***,"소켓,소켓 렌치용 등 12항목 구매(항공공구)",2024,LCF,육군군수사령부,제한경쟁,총액제,적격심사제,202405231100,20240523,낙찰
긴급공고,LCF0238,1,09405,***,자동 에어릴 등 10항목 구매(항공공구),2024,LCF,육군군수사령부,제한경쟁,총액제,적격심사제,202405231100,20240523,낙찰
긴급공고,LCF0221,1,09922,***,"고정구,무기 구성품 정비용 등 13항목 제조(총포공구)",2024,LCF,육군군수사령부,제한경쟁,총액제,적격심사제,202405231100,20240523,낙찰
긴급공고,LCF0224,1,11838,***,유압식 쇼트램 등 4항목 구매(궤도공구),2024,LCF,육군군수사령부,일반경쟁,총액제,적격심사제,202405231100,20240523,낙찰
긴급공고,LCF0225,1,11839,***,충전 햄머 드릴 등 3항목 구매(궤도공구),2024,LCF,육군군수사령부,제한경쟁,총액제,적격심사제,202405231100,20240523,낙찰
긴급공고,LCF0226,1,11841,***,인버터 등 7항목 구매(궤도공구),2024,LCF,육군군수사령부,일반경쟁,총액제,적격심사제,202405231100,20240523,낙찰
긴급공고,LCF0212,1,12732,***,"호스조립체, 비금속제 등 41항목 구매(기장)",2024,LCF,육군군수사령부,제한경쟁,총액제,적격심사제,202405231100,20240523,순위확정
정정공고,LCF0170,2,12949,***,회로카드조립체 등 6항목 생산능력확인제조(일장-010),2024,LCF,육군군수사령부,제한경쟁,총액제,적격심사제,202405231030,20240523,유찰
긴급공고,LCF0223,1,13571,***,"솔,세척용,프라이머용 등 29항목 구매(총포공구)",2024,LCF,육군군수사령부,제한경쟁,총액제,적격심사제,202405231100,20240523,낙찰
긴급공고,LCF0222,1,20652,***,"어댑터,호이스트용 등 14항목 제조(총포공구)",2024,LCF,육군군수사령부,제한경쟁,총액제,적격심사제,202405231100,20240523,낙찰
긴급공고,LCG0040,1,18009,***,[24-육-90] 전반기 예비군지휘관 근무복류 제조 구매,2024,LCG,육군본부,제한경쟁,총액제,적격심사제,202405231200,20240523,낙찰
재공고,LDH0431,3,16003,***,"K200 피스톤,내연기관용 등 2종 구매",2024,LDH,육군종합정비창,제한경쟁,총액제,적격심사제,202405231300,20240523,순위확정
긴급공고,LIK0037,1,21240,001,‘24년 부대계약 부식(7~9월)(빵류) 제조/구매,2024,LIK,제2군수지원여단,일반경쟁,단가제,적격심사제,202405231030,20240523,낙찰
재공고,LKP0094,2,19816,001,24년 액화석유가스(LPG) 구매(경남),2024,LKP,5군수지원사령부,일반경쟁,단가제,적격심사제,202405231100,20240523,유찰
재공고,LKP0093,2,19820,001,24년 액화석유가스(LPG) 구매(대전),2024,LKP,5군수지원사령부,제한경쟁,단가제,적격심사제,202405231100,20240523,유찰
긴급공고,LKP0098,1,21094,***,24년 대테러장비(유탄발사기) 수리부속 구매,2024,LKP,5군수지원사령부,제한경쟁,총액제,적격심사제,202405231100,20240523,유찰
긴급공고,LKP0099,1,21095,***,24년 대테러장비(산탄총 등 2종) 수리부속 구매,2024,LKP,5군수지원사령부,제한경쟁,총액제,적격심사제,202405231100,20240523,유찰
긴급공고,LKP0100,1,21097,***,24년 대테러장비(양안형야간투시경) 수리부속 구매,2024,LKP,5군수지원사령부,제한경쟁,총액제,적격심사제,202405231100,20240523,유찰
긴급공고,LMK0024,1,21054,***,[24-C21] 24년 제초 용역 계약,2024,LMK,제6보병사단,일반경쟁,총액제,적격심사제,202405231030,20240523,낙찰
긴급공고,MDR0023,1,21133,***,000부대 물탱크 교체 설치,2024,MDR,제9965부대,제한경쟁,총액제,적격심사제,202405231100,20240523,유찰
재공고,SCF0382,2,09174,***,"와이어로프 조립체, 단일구간용 등 10종 구매",2024,SCF,해군군수사령부,제한경쟁,총액제,적격심사제,202405231030,20240523,순위확정
긴급공고,SCF0496,1,14303,***,"전지, 축전식 5,680EA 구매",2024,SCF,해군군수사령부,제한경쟁,총액제,적격심사제,202405231030,20240523,낙찰
긴급공고,SCF0497,1,15743,***,"펌프, 원심식 등 12종 구매",2024,SCF,해군군수사령부,제한경쟁,총액제,적격심사제,202405231030,20240523,낙찰
긴급공고,SCF0493,1,15891,***,"교정기, 전압용 등 8종 구매",2024,SCF,해군군수사령부,일반경쟁,총액제,적격심사제,202405231030,20240523,낙찰
긴급공고,SCF0498,1,16916,***,"컵,세라믹제 등 7종 구매",2024,SCF,해군군수사령부,제한경쟁,총액제,적격심사제,202405231030,20240523,낙찰
긴급공고,SCF0491,1,17916,***,전원 공급 모듈 등 2종 구매,2024,SCF,해군군수사령부,제한경쟁,총액제,적격심사제,202405231030,20240523,낙찰
긴급공고,SCF0495,1,21116,***,"프로펠러, 선박용 등 4종 구매",2024,SCF,해군군수사령부,제한경쟁,총액제,적격심사제,202405231030,20240523,낙찰
정상공고,SFD0045,1,20083,***,24-P-용-01 침수예방사업 선행연구용역,2024,SFD,제9227부대,제한경쟁,총액제,적격심사제,202405231030,20240523,낙찰
재공고,UMM0579,2,12620,***,(247107-D) 방사성 의약품 16품목 구매,2024,UMM,국군재정관리단,제한경쟁,총액제,적격심사제,202405231100,20240523,유찰
재공고,UMM0512,2,14159,***,(246176-E) 절삭유 통합 공급장치 제조 설치,2024,UMM,국군재정관리단,일반경쟁,총액제,적격심사제,202405231100,20240523,낙찰
긴급공고,UMM0620,1,18577,***,24-N-OO사 조경관리 용역,2024,UMM,국군재정관리단,제한경쟁,총액제,적격심사제,202405231100,20240523,낙찰
정상공고,EBB0193,1,4037,***,2024 연막제(KLP-1),2024,EBB,지상공통전력운영계약팀,수의계약,총액제,적격심사제,202405221100,20240522,유찰
정상공고,EBB0194,1,4956B,***,2024 화학탐지장비세트(CAM2) 수리부속(일반),2024,EBB,지상공통전력운영계약팀,일반경쟁,총액제,적격심사제,202405221100,20240522,낙찰
정상공고,EBB0196,1,5023,***,송풍기 원심식(K-200장갑차),2024,EBB,지상공통전력운영계약팀,수의계약,총액제,적격심사제,202405221500,20240522,유찰
정상공고,EBB0197,1,6703,***,장갑차 부품(어댑터류),2024,EBB,지상공통전력운영계약팀,일반경쟁,총액제,적격심사제,202405221600,20240522,낙찰
정상공고,EBB0192,1,7880,***,"허브,드럼류(제조)",2024,EBB,지상공통전력운영계약팀,수의계약,총액제,적격심사제,202405221100,20240522,유찰
정상공고,EBH0010,1,0016B,***,24년 오리콘 몸통(덮개),2024,EBH,해상공중전력운영계약팀,일반경쟁,총액제,적격심사제,202405221100,20240522,유찰
정상공고,EBH0009,1,0306,***,"24년 장비커버류(기동,총포)",2024,EBH,해상공중전력운영계약팀,제한경쟁,총액제,적격심사제,202405221300,20240522,낙찰
정상공고,EBH0008,1,1002B,***,24년 발칸 유지부품(구매),2024,EBH,해상공중전력운영계약팀,일반경쟁,총액제,적격심사제,202405221100,20240522,낙찰
긴급공고,LCF0239,1,07283,***,"브래킷트,우측용 등 1항목 제조(총포)",2024,LCF,육군군수사령부,제한경쟁,총액제,적격심사제,202405221030,20240522,낙찰
정정공고,LCF0216,2,12752,***,"제어장치, 전원공급기용 등 3항목 생산능력제조(기장)",2024,LCF,육군군수사령부,제한경쟁,총액제,적격심사제,202405221100,20240522,유찰
긴급공고,LCF0209,1,14600,***,탐조등 등 95항목 구매(일장-012),2024,LCF,육군군수사령부,일반경쟁,총액제,적격심사제,202405221100,20240522,순위확정
긴급공고,LCF0230,1,14647,***,방수 주머니 등 16항목 구매(궤도-018),2024,LCF,육군군수사령부,제한경쟁,총액제,적격심사제,202405221130,20240522,낙찰
긴급공고,LCF0228,1,19530,***,필터엘리먼트 등 19항목 생산능력확인제조(자주포),2024,LCF,육군군수사령부,제한경쟁,총액제,적격심사제,202405221030,20240522,유찰
긴급공고,LCF0236,1,20032,***,＇24년  K1전차 트랙 C형 등 13종 정비,2024,LCF,육군군수사령부,제한경쟁,총액제,적격심사제,202405221030,20240522,유찰
정정공고,LCF0227,2,20697,***,"하우징,축 지지용 등 64항목 생산능력확인제조(자주포",2024,LCF,육군군수사령부,제한경쟁,총액제,적격심사제,202405221030,20240522,유찰
긴급공고,LCF0229,1,20699,***,개스킷 등 54항목 제조(자주포),2024,LCF,육군군수사령부,제한경쟁,총액제,적격심사제,202405221030,20240522,낙찰
긴급공고,LCF0233,1,20709,***,"펠트,기계식,성형식 등 21항목 제조(총포)",2024,LCF,육군군수사령부,제한경쟁,총액제,적격심사제,202405221030,20240522,낙찰
긴급공고,LCF0234,1,20710,***,"렌즈,등용 등 2항목 제조(총포)",2024,LCF,육군군수사령부,제한경쟁,총액제,적격심사제,202405221030,20240522,낙찰
긴급공고,LCF0235,1,20711,***,"덮개,보호용 등 60항목 제조(총포)",2024,LCF,육군군수사령부,제한경쟁,총액제,적격심사제,202405221030,20240522,낙찰
재공고,LDG0038,2,18065,***,열전지(천무유도탄용) 1품목 구매,2024,LDG,육군 탄약지원사령부,일반경쟁,총액제,적격심사제,202405221030,20240522,유찰
정상공고,LDG0048,1,20623,***,105밀리 고폭탄 파라핀 지환통 제조/생산능력,2024,LDG,육군 탄약지원사령부,일반경쟁,총액제,적격심사제,202405221030,20240522,낙찰
긴급공고,LPF0048,1,20982,***,24-27년 예비군 육성지원(프린터) 임차,2024,LPF,제51보병사단,제한경쟁,총액제,적격심사제,202405221030,20240522,낙찰
긴급공고,LPF0049,1,20985,***,24-27년 예비군 육성지원(공기청정기) 임차,2024,LPF,제51보병사단,제한경쟁,총액제,적격심사제,202405221030,20240522,낙찰
긴급공고,LQG0044,1,20881,***,24년 전반기 공기청정기 필터 제조 납품,2024,LQG,육군 52보병사단,제한경쟁,총액제,적격심사제,202405221030,20240522,낙찰
재공고,SCF0259,3,07575,***,'24년 기체혼합기 정비,2024,SCF,해군군수사령부,일반경쟁,총액제,적격심사제,202405221030,20240522,낙찰
긴급공고,SCF0490,1,16501,***,"저울(30kg, 150kg) 2종 구매",2024,SCF,해군군수사령부,제한경쟁,총액제,적격심사제,202405221030,20240522,낙찰
긴급공고,SCF0488,1,20780,***,(긴급)실리카샌드 1종,2024,SCF,해군군수사령부,제한경쟁,총액제,적격심사제,202405221300,20240522,낙찰
재공고,SFC0040,2,16630,***,해병대 고유 무기체계별 맞춤식 정비개념 연구,2024,SFC,제9691부대,2단계경쟁(동시),총액제,최저가격제,202405221030,20240522,낙찰
재공고,SFC0041,2,16633,***,인공근육 기반 전투원용 슈트 개발 발전방향 연구,2024,SFC,제9691부대,2단계경쟁(동시),총액제,최저가격제,202405221030,20240522,낙찰
긴급공고,SFH0079,1,20998,***,24-B-음식물쓰레기 처리기 임차장비 용역,2024,SFH,제9196부대,제한경쟁,총액제,적격심사제,202405221100,20240522,낙찰
긴급공고,SFN0038,1,16747,***,24-Y-복-복지회관 신축사업 선행연구용역,2024,SFN,연평부대,2단계경쟁(동시),총액제,최저가격제,202405221030,20240522,낙찰
정상공고,UAC0018,1,19120,***,디지털인쇄재료 7종 수시 구매,2024,UAC,국방출판지원단,제한경쟁,총액제,적격심사제,202405221100,20240522,낙찰
정상공고,UMM0600,1,05803,***,(246044-D) 155밀리 탄두 팔레트 6종 제조,2024,UMM,국군재정관리단,일반경쟁,총액제,적격심사제,202405221100,20240522,순위확정
긴급공고,UMM0616,1,13158,***,(246166-C) 24년 LAN용 UPS 제조설치(리스자산),2024,UMM,국군재정관리단,제한경쟁,총액제,적격심사제,202405221100,20240522,낙찰
긴급공고,UMM0607,1,15362,***,"24-F-필터 유닛,액체용,압력식 구매",2024,UMM,국군재정관리단,제한경쟁,총액제,적격심사제,202405221100,20240522,유찰
정상공고,UMM0605,1,15807,***,24-N-00사 얼음정수기(41대) 임차용역,2024,UMM,국군재정관리단,제한경쟁,총액제,적격심사제,202405221100,20240522,낙찰
긴급공고,UMM0618,1,16357,***,(246022-G) VoIP용 음성동보장치 제조설치(리스물건),2024,UMM,국군재정관리단,제한경쟁,총액제,적격심사제,202405221100,20240522,유찰
긴급공고,UMM0628,1,18544,***,(24F123-I) 보급부대 근무분야 민간위탁 강원춘천,2024,UMM,국군재정관리단,일반경쟁,총액제,적격심사제,202405221100,20240522,낙찰
정상공고,UMM0592,1,19867,***,24-M-사열차 제조(248026-F),2024,UMM,국군재정관리단,제한경쟁,총액제,적격심사제,202405221100,20240522,낙찰
정상공고,UMM0606,1,20559,***,(24F166-A) 렌탈프린터 용역,2024,UMM,국군재정관리단,제한경쟁,총액제,적격심사제,202405221100,20240522,낙찰
정상공고,UMM0609,1,20612,***,(246046-F)155밀리 추진장약 팔레트 제조,2024,UMM,국군재정관리단,일반경쟁,총액제,적격심사제,202405221100,20240522,순위확정
긴급공고,UMM0625,1,20847,***,"(246076-F) 들것, 플라스틱 구매",2024,UMM,국군재정관리단,제한경쟁,총액제,적격심사제,202405221100,20240522,낙찰
정상공고,EBB0189,1,1622,***,K계열 기동궤도부품류,2024,EBB,지상공통전력운영계약팀,일반경쟁,총액제,적격심사제,202405211100,20240521,낙찰
재공고,EBB0152,2,1A212,***,"24년~25년 (UH-60) 제어장치,시동보조기용 정비",2024,EBB,지상공통전력운영계약팀,일반경쟁,총액제,적격심사제,202405211400,20240521,낙찰
재공고,EBB0153,2,2A012,***,"24년~25년 (AH-1S) 표시기, 자세용 정비",2024,EBB,지상공통전력운영계약팀,수의계약,총액제,적격심사제,202405211400,20240521,유찰
정상공고,EBB0190,1,3031,***,"핀,발사용",2024,EBB,지상공통전력운영계약팀,일반경쟁,총액제,적격심사제,202405211500,20240521,낙찰
정상공고,EBB0191,1,7710,***,궤도장비 부품류(기어 브래킷 등),2024,EBB,지상공통전력운영계약팀,수의계약,총액제,적격심사제,202405211100,20240521,유찰
재공고,EBB0157,2,8228A,***,유공압 부속류,2024,EBB,지상공통전력운영계약팀,수의계약,총액제,적격심사제,202405211030,20240521,유찰
정상공고,HCF0125,1,19757,***,항공기 구명정 팽창장치 외주정비,2024,HCF,공군군수사령부,제한경쟁,총액제,적격심사제,202405211030,20240521,유찰
정상공고,HCG0010,1,15603,***,24-공군 적정 상비병력 규모 연구 용역,2024,HCG,공군본부,2단계경쟁(동시),총액제,최저가격제,202405211100,20240521,낙찰
긴급공고,HCL0040,1,20080,***,24-132 항공우주비행체 압력 측정시스템,2024,HCL,공군사관학교,제한경쟁,총액제,적격심사제,202405211100,20240521,낙찰
재공고,LCF0159,2,05884,***,창상드레싱 등 2항목 구매(의무),2024,LCF,육군군수사령부,제한경쟁,총액제,적격심사제,202405211100,20240521,낙찰
긴급공고,LCF0210,1,10278,***,"와셔,평면형 등 49항목 생산능력확인제조(특무)",2024,LCF,육군군수사령부,제한경쟁,총액제,적격심사제,202405211030,20240521,유찰
긴급공고,LCF0215,1,10886,***,"축 조립체, 가요성 등 34항목 생산능력제조(기장)",2024,LCF,육군군수사령부,제한경쟁,총액제,적격심사제,202405211100,20240521,유찰
긴급공고,LCF0219,1,11950,***,모사전송기 등 1항목 구매(통신),2024,LCF,육군군수사령부,제한경쟁,총액제,적격심사제,202405211100,20240521,낙찰
긴급공고,LCF0218,1,12754,***,"쉼, 스페이스 등 22항목 생산능력제조(기장)",2024,LCF,육군군수사령부,제한경쟁,총액제,적격심사제,202405211100,20240521,유찰
긴급공고,LCF0217,1,12755,***,"프레임,창문,수송수단용등 10항목 생산능력제조(기장)",2024,LCF,육군군수사령부,제한경쟁,총액제,적격심사제,202405211100,20240521,유찰
재공고,LCF0176,2,12812,***,"베어링,롤러식,니들형 등 20항목 제조(생산능력,궤도)",2024,LCF,육군군수사령부,제한경쟁,총액제,적격심사제,202405211130,20240521,유찰
재공고,LCF0175,2,12844,***,"부력판 등 7항목 제조(궤도,제조014)",2024,LCF,육군군수사령부,제한경쟁,총액제,적격심사제,202405211130,20240521,낙찰
재공고,LCF0162,2,12957,***,쉬일드 및 판조립체 등 15항목 생산능력제조(기장),2024,LCF,육군군수사령부,제한경쟁,총액제,적격심사제,202405211100,20240521,유찰
재공고,LCF0164,2,12964,***,"과급기, 엔진용 비항공기용 등 1항목 생산능력(기장)",2024,LCF,육군군수사령부,제한경쟁,총액제,적격심사제,202405211100,20240521,유찰
긴급공고,LCF0213,1,19147,***,후미덮개조립체 등 5항목 제조(궤도-생산-014),2024,LCF,육군군수사령부,제한경쟁,총액제,적격심사제,202405211130,20240521,유찰
긴급공고,LCF0214,1,19148,***,회로카드조립체 등 10항목 제조(궤도-생산-003),2024,LCF,육군군수사령부,제한경쟁,총액제,적격심사제,202405211130,20240521,유찰
정정공고,LCF0207,2,19752,***,"다기관조립체, 유압식 등 2항목 구매(특무)",2024,LCF,육군군수사령부,일반경쟁,총액제,적격심사제,202405211030,20240521,낙찰
긴급공고,LCF0204,1,19944,***,"브리지,컵 조립체용 등 1항목 생산능력제조(총포)",2024,LCF,육군군수사령부,제한경쟁,총액제,적격심사제,202405211030,20240521,유찰
긴급공고,LCF0205,1,20005,***,"몸체,브리지 베이스 등 1항목 생산능력제조(총포)",2024,LCF,육군군수사령부,제한경쟁,총액제,적격심사제,202405211030,20240521,낙찰
정정공고,LCF0202,2,20109,***,"니플,파이프용 등 205항목 생산능력확인제조(자주포)",2024,LCF,육군군수사령부,제한경쟁,총액제,적격심사제,202405211030,20240521,유찰
긴급공고,LCF0208,1,20203,***,"패드,완충용 등 69항목 생산능력확인제조(자주포)",2024,LCF,육군군수사령부,제한경쟁,총액제,적격심사제,202405211030,20240521,유찰
긴급공고,LCG0035,1,19494,***,[24-육-98] 의료기관 잠복결핵 검진,2024,LCG,육군본부,일반경쟁,총액제,적격심사제,202405211200,20240521,낙찰
긴급공고,LCG0036,1,19495,***,[24-육-101] 기여공약 이행을 위한 금속탐지장비 구매,2024,LCG,육군본부,제한경쟁,총액제,적격심사제,202405211100,20240521,낙찰
정정공고,LCG0037,2,20400,***,[24-육-86] 예비군부대 저격수 조준경 제조,2024,LCG,육군본부,일반경쟁,총액제,적격심사제,202405211200,20240521,유찰
재공고,LDH0444,2,17509,***,(일장) 교량가설단정 부력블럭 등 16품목 구매,2024,LDH,육군종합정비창,제한경쟁,총액제,적격심사제,202405211300,20240521,유찰
정상공고,LDH0495,1,19191,***,(기동) 고무띠 등 25종 구매,2024,LDH,육군종합정비창,제한경쟁,총액제,적격심사제,202405211300,20240521,유찰
정상공고,LDH0493,1,19204,***,"(기동) 축,차축용,자동차용 등 2종 구매",2024,LDH,육군종합정비창,제한경쟁,총액제,적격심사제,202405211300,20240521,낙찰
정상공고,LDH0497,1,20265,***,(자재) 하우징 상부 하부 부품키트 구매,2024,LDH,육군종합정비창,제한경쟁,총액제,적격심사제,202405211300,20240521,낙찰
정상공고,MCD0022,1,17740,***,국방 연구개발 법제 개선 연구,2024,MCD,국방부(운영지원과),협상에의한계약(전자),총액제,최저가격제,202405211100,20240521,유찰
정상공고,MCD0021,1,18162,***,대상관 범죄 예방 표준강의안 개발,2024,MCD,국방부(운영지원과),협상에의한계약(전자),총액제,최저가격제,202405211700,20240521,유찰
정상공고,MCD0025,1,18299,***,국방분야 신뢰할 수 있는 AI 기반조성 연구,2024,MCD,국방부(운영지원과),협상에의한계약(전자),총액제,최저가격제,202405211100,20240521,유찰
재공고,MCR0027,2,12715,***,7.정기기초과제(7.생성형...),2024,MCR,국방대학교,협상에의한계약(전자),총액제,최저가격제,202405211030,20240521,낙찰
재공고,MCR0029,2,12717,***,9.정기기초과제(9.국민정신...),2024,MCR,국방대학교,협상에의한계약(전자),총액제,최저가격제,202405211030,20240521,유찰
정상공고,MDG0140,1,17016,***,24년 의무장비(탁도계) 구매,2024,MDG,국군의무사령부,일반경쟁,총액제,적격심사제,202405211100,20240521,낙찰
정상공고,MDG0142,1,18886,***,24-4차 복지기금 자산성비품(소파 등 4종) 구매,2024,MDG,국군의무사령부,제한경쟁,총액제,적격심사제,202405211100,20240521,낙찰
정상공고,MHD0056,1,18960,***,전시조달시스템 보안강화 사업,2024,MHD,방위사업청(운영지원과),제한경쟁,총액제,적격심사제,202405211500,20240521,유찰
긴급공고,SCF0480,1,14195,***,"격막, 밸브용, 평면형 등 4종 제조",2024,SCF,해군군수사령부,제한경쟁,총액제,적격심사제,202405211030,20240521,낙찰
긴급공고,SCF0481,1,15799,***,전기다리미 86EA 구매,2024,SCF,해군군수사령부,제한경쟁,총액제,적격심사제,202405211030,20240521,낙찰
정정공고,SCF0478,2,19459,***,"(긴급) 펌프, 유압식 1종",2024,SCF,해군군수사령부,제한경쟁,총액제,적격심사제,202405211030,20240521,낙찰
긴급공고,SCF0486,1,20084,***,"(긴급)밸브, 볼형 등 54종",2024,SCF,해군군수사령부,제한경쟁,총액제,적격심사제,202405211300,20240521,낙찰
긴급공고,SCF0483,1,20350,***,"덮개, 포구용 1종 제조",2024,SCF,해군군수사령부,제한경쟁,총액제,적격심사제,202405211030,20240521,낙찰
정상공고,UMM0593,1,04878,***,24-F-포말제독기 구매,2024,UMM,국군재정관리단,제한경쟁,총액제,적격심사제,202405211100,20240521,낙찰
정상공고,UMM0601,1,11393,***,"(246014-C) 케이블, 전화기용(야전선) 구매",2024,UMM,국군재정관리단,일반경쟁,총액제,적격심사제,202405211100,20240521,낙찰
정상공고,UMM0589,1,16486,***,24-N-0함대 예초관리 용역,2024,UMM,국군재정관리단,일반경쟁,총액제,적격심사제,202405211100,20240521,낙찰
정상공고,UMM0597,1,16738,***,24-F-신호발생기 1품목 구매,2024,UMM,국군재정관리단,제한경쟁,총액제,적격심사제,202405211100,20240521,낙찰
긴급공고,UMM0603,1,17025,***,24-N-전투실험용 기뢰탐색 무인수상정 임차용역,2024,UMM,국군재정관리단,제한경쟁,총액제,적격심사제,202405211100,20240521,유찰
정상공고,UMM0602,1,18284,***,(246233-C) 24년 이동식 산불진화장비 구매,2024,UMM,국군재정관리단,일반경쟁,총액제,적격심사제,202405211100,20240521,낙찰
긴급공고,UMM0608,1,18533,***,(24F115-I)24년 렌탈프린터 임차용역,2024,UMM,국군재정관리단,제한경쟁,총액제,적격심사제,202405211100,20240521,낙찰
정상공고,UMM0595,1,19520,***,24-D-승강기 위탁관리 용역,2024,UMM,국군재정관리단,제한경쟁,총액제,적격심사제,202405211100,20240521,낙찰
정상공고,UMM0587,1,19665,***,(246167-D)빔프로젝터 도입사업(리스자산),2024,UMM,국군재정관리단,일반경쟁,총액제,적격심사제,202405211100,20240521,낙찰
정상공고,EKA0007,1,7210,***,¼톤 통신장비 탑재차,2024,EKA,기동총괄계약팀,일반경쟁,총액제,적격심사제,202405201430,20240520,낙찰
정상공고,EKA0006,1,7220,***,밴트럭(1 1/4톤 암호차),2024,EKA,기동총괄계약팀,수의계약,총액제,적격심사제,202405201030,20240520,유찰
긴급공고,LCF0185,1,12741,***,후방카메라세트(표준차량용) 구매(기장),2024,LCF,육군군수사령부,일반경쟁,총액제,적격심사제,202405201100,20240520,순위확정
긴급공고,LCF0183,1,12750,***,"호스, 성형식 등 21항목 제조(기장)",2024,LCF,육군군수사령부,제한경쟁,총액제,적격심사제,202405201030,20240520,순위확정
긴급공고,LCF0182,1,14606,***,"필터 엘리먼트,유체용 등 52항목 구매(일장-017)",2024,LCF,육군군수사령부,제한경쟁,총액제,적격심사제,202405201100,20240520,순위확정
정상공고,LFK0032,1,15820,001,24년 장거리이동신병 도시락 제조 구매<재공고>,2024,LFK,육군종합군수학교,2단계경쟁(동시),단가제,최저가격제,202405201000,20240520,유찰
긴급공고,MCJ0005,1,19569,***,2센터 외부 조경(예초) 관리 용역,2024,MCJ,국방통합데이터센터,제한경쟁,총액제,적격심사제,202405201100,20240520,낙찰
긴급공고,MCX0025,1,18747,***,자운대 군 주거시설 민간 위탁관리 용역,2024,MCX,자운대근무지원연대,2단계경쟁(동시),총액제,최저가격제,202405201000,20240520,유찰
재공고,SFC0038,2,16374,***,24-해병-사고예방 VR영상콘텐츠 제작 대행,2024,SFC,제9691부대,2단계경쟁(동시),총액제,최저가격제,202405201030,20240520,낙찰
정상공고,UMM0586,1,04873,***,24-N-IR레이저 등 2종 구매,2024,UMM,국군재정관리단,제한경쟁,총액제,적격심사제,202405201100,20240520,낙찰
정상공고,UMM0558,1,14436,***,24-D-체력단련장 코스관리장비 구매(241027-F),2024,UMM,국군재정관리단,일반경쟁,총액제,적격심사제,202405201100,20240520,낙찰
정상공고,UMM0590,1,14480,***,24-건식 선체 청락기 제조,2024,UMM,국군재정관리단,일반경쟁,총액제,적격심사제,202405201100,20240520,유찰
정상공고,UMM0574,1,14741,***,24-N-0함대 얼음정수기(195대) 임차 용역(함정포함),2024,UMM,국군재정관리단,일반경쟁,총액제,적격심사제,202405201100,20240520,낙찰
정상공고,UMM0530,1,16112,***,24-N-무선망 원격운용장치 구매(248139-F),2024,UMM,국군재정관리단,일반경쟁,총액제,적격심사제,202405201100,20240520,낙찰
정상공고,UMM0583,1,17088,***,24-N-평 함정 및 유해환경근무자 특수건강검진 용역,2024,UMM,국군재정관리단,일반경쟁,총액제,적격심사제,202405201100,20240520,낙찰
정상공고,UMM0581,1,17249,***,24-D-쇼핑카트 등 6종 구매,2024,UMM,국군재정관리단,제한경쟁,총액제,적격심사제,202405201100,20240520,낙찰
정상공고,UMM0580,1,19509,***,"24-F-변환기,주파수용 제조(249081-F)",2024,UMM,국군재정관리단,제한경쟁,총액제,적격심사제,202405201100,20240520,낙찰
정정공고,EBB0125,2,0470A,***,MTU엔진 일반부품,2024,EBB,지상공통전력운영계약팀,일반경쟁,총액제,적격심사제,202405171400,20240517,낙찰
재공고,EBB0141,2,0610,***,역삼투조수기 20톤,2024,EBB,지상공통전력운영계약팀,수의계약,총액제,적격심사제,202405171600,20240517,유찰
재공고,EBB0150,2,1110,***,'24년 군용 트레일러용 관성제동장치,2024,EBB,지상공통전력운영계약팀,제한경쟁,총액제,적격심사제,202405171600,20240517,낙찰
정상공고,EBB0168,1,1575,***,'24년 일반호스(구매),2024,EBB,지상공통전력운영계약팀,제한경쟁,총액제,적격심사제,202405171600,20240517,낙찰
정상공고,EBB0187,1,4270,***,2024 생물학정찰차 탐지물자,2024,EBB,지상공통전력운영계약팀,수의계약,총액제,적격심사제,202405171600,20240517,유찰
정상공고,EBB0188,1,4272,***,2024 진단키트 생물학무기용,2024,EBB,지상공통전력운영계약팀,수의계약,총액제,적격심사제,202405171600,20240517,유찰
정상공고,EBB0181,1,5330,***,24년 40미리연습용유탄,2024,EBB,지상공통전력운영계약팀,수의계약,총액제,적격심사제,202405171100,20240517,유찰
정상공고,EBB0178,1,6101,***,K계열전차 체결류(제조),2024,EBB,지상공통전력운영계약팀,수의계약,총액제,적격심사제,202405171600,20240517,유찰
정상공고,EBB0179,1,6920,***,장갑차 부품(축 및 기어류),2024,EBB,지상공통전력운영계약팀,일반경쟁,총액제,적격심사제,202405171600,20240517,낙찰
정상공고,EBB0180,1,6944,***,장갑차 부품,2024,EBB,지상공통전력운영계약팀,일반경쟁,총액제,적격심사제,202405171600,20240517,낙찰
정상공고,EBB0185,1,8570,***,가열기조립체류,2024,EBB,지상공통전력운영계약팀,일반경쟁,총액제,적격심사제,202405171600,20240517,낙찰
정상공고,EBB0167,1,9133,***,"'24년 천막, 차량정비용",2024,EBB,지상공통전력운영계약팀,제한경쟁,총액제,적격심사제,202405171600,20240517,낙찰
정상공고,EBB0183,1,9400,***,'24년 지뢰탐지기 부품(제조),2024,EBB,지상공통전력운영계약팀,일반경쟁,총액제,적격심사제,202405171600,20240517,낙찰
정상공고,EBB0184,1,9410,***,'24년 지뢰탐지기 부품(구매),2024,EBB,지상공통전력운영계약팀,일반경쟁,총액제,적격심사제,202405171600,20240517,낙찰
정상공고,EBH0007,1,8039A,***,24년 특수무기 베어링(제조),2024,EBH,해상공중전력운영계약팀,수의계약,총액제,적격심사제,202405171600,20240517,유찰
재공고,HCF0093,2,12690,***,[항공기 급유차 부품]호스조립체 2종 제조,2024,HCF,공군군수사령부,일반경쟁,총액제,적격심사제,202405171030,20240517,유찰
재공고,HCF0098,2,14667,***,합판 구매,2024,HCF,공군군수사령부,제한경쟁,총액제,적격심사제,202405171030,20240517,낙찰
긴급공고,HCF0123,1,19782,***,군사경찰 작전조끼 제조,2024,HCF,공군군수사령부,제한경쟁,총액제,적격심사제,202405171030,20240517,낙찰
긴급공고,HCF0124,1,19799,***,군사경찰 안전반도 구매,2024,HCF,공군군수사령부,제한경쟁,총액제,적격심사제,202405171030,20240517,낙찰
긴급공고,HDQ0044,1,19694,***,24-탄약고 제초용역,2024,HDQ,제20전투비행단,일반경쟁,총액제,적격심사제,202405171600,20240517,낙찰
긴급공고,HDT0015,1,19986,***,'24년 오산기지 공동 제초용역,2024,HDT,공군작사근무지원단,제한경쟁,총액제,적격심사제,202405171500,20240517,낙찰
긴급공고,LCF0200,1,03524,***,수동밴딩기류 6품목 제조(물자),2024,LCF,육군군수사령부,제한경쟁,총액제,적격심사제,202405171600,20240517,낙찰
긴급공고,LCF0188,1,05875,***,수술대야전용 등 12항목 구매(의무),2024,LCF,육군군수사령부,제한경쟁,총액제,적격심사제,202405171600,20240517,낙찰
긴급공고,LCF0186,1,06328,***,현미경 등 4항목 구매(의무),2024,LCF,육군군수사령부,제한경쟁,총액제,적격심사제,202405171600,20240517,낙찰
긴급공고,LCF0171,1,10754,***,개스킷 등 9항목 생산능력확인제조(기장),2024,LCF,육군군수사령부,제한경쟁,총액제,적격심사제,202405171530,20240517,유찰
긴급공고,LCF0191,1,11934,***,"개스킷 등 83항목 제조(궤도,제조-002)",2024,LCF,육군군수사령부,제한경쟁,총액제,적격심사제,202405171530,20240517,낙찰
긴급공고,LCF0192,1,12081,***,"띠,지지용 등 7항목 제조(궤도,제조-005)",2024,LCF,육군군수사령부,제한경쟁,총액제,적격심사제,202405171530,20240517,낙찰
긴급공고,LCF0193,1,12547,***,"덮개조립체,탄약저장용 등 18항목 제조(궤도,제조-007",2024,LCF,육군군수사령부,제한경쟁,총액제,적격심사제,202405171530,20240517,낙찰
긴급공고,LCF0194,1,12548,***,"분리기,물분리용,액체연료식 등 4항목 제조(궤도)",2024,LCF,육군군수사령부,제한경쟁,총액제,적격심사제,202405171530,20240517,낙찰
긴급공고,LCF0195,1,12834,***,"호스,성형식 등 30항목 제조(궤도)",2024,LCF,육군군수사령부,제한경쟁,총액제,적격심사제,202405171530,20240517,낙찰
긴급공고,LCF0196,1,12851,***,"문,차량용 등 36항목 제조(궤도,제조-015)",2024,LCF,육군군수사령부,제한경쟁,총액제,적격심사제,202405171530,20240517,유찰
긴급공고,LCF0198,1,14614,***,"롤러,베어링용 등 8항목 구매(궤도-001)",2024,LCF,육군군수사령부,제한경쟁,총액제,적격심사제,202405171530,20240517,유찰
긴급공고,LCF0197,1,14618,***,"패드,트랙 수용 등 72항목 구매(궤도-003)",2024,LCF,육군군수사령부,일반경쟁,총액제,적격심사제,202405171530,20240517,낙찰
긴급공고,LCF0199,1,14625,***,"핀,분할형 등 52항목 구매(궤도-007)",2024,LCF,육군군수사령부,일반경쟁,총액제,적격심사제,202405171530,20240517,낙찰
긴급공고,LCF0189,1,19534,***,"테이프, 접착식 등 46항목 구매(항공)",2024,LCF,육군군수사령부,일반경쟁,총액제,적격심사제,202405171600,20240517,유찰
정정공고,LDG0043,2,19711,***,천마유도탄 수리부속 수송용기 1품목 제조,2024,LDG,육군 탄약지원사령부,제한경쟁,총액제,적격심사제,202405171030,20240517,낙찰
정상공고,LDH0487,1,17191,***,(특무) 섀시 등 11 품목 구매,2024,LDH,육군종합정비창,일반경쟁,총액제,적격심사제,202405171700,20240517,순위확정
정상공고,LDH0491,1,18785,***,(일장) 다목적굴착기 어댑터 등 10품목 구매,2024,LDH,육군종합정비창,제한경쟁,총액제,적격심사제,202405171700,20240517,낙찰
정상공고,LDH0489,1,18792,***,"(일장) 장갑전투도자 밸브,소화기용 등 3품목 구매",2024,LDH,육군종합정비창,제한경쟁,총액제,적격심사제,202405171700,20240517,유찰
정상공고,LDH0486,1,19185,***,"(기동) 파이프,공기 압축기용 등 56종 구매",2024,LDH,육군종합정비창,제한경쟁,총액제,적격심사제,202405171700,20240517,유찰
긴급공고,LFH0008,1,17762,***,육군부사관학교 양성식당 민간위탁급식 용역,2024,LFH,육군부사관학교,협상에의한계약(전자),총액제,최저가격제,202405171100,20240517,낙찰
긴급공고,LKG0048,1,19891,***,군 주거시설 관리위탁용역,2024,LKG,육군제53보병사단,지명경쟁,총액제,적격심사제,202405171500,20240517,유찰
긴급공고,LKP0095,1,19811,001,24년 액화석유가스(LPG) 구매(대구),2024,LKP,5군수지원사령부,일반경쟁,단가제,적격심사제,202405171500,20240517,유찰
긴급공고,LMR0030,1,19625,***,24년 승진훈련장 교전전술훈련 시스템 유지보수,2024,LMR,제5군단사령부,제한경쟁,총액제,적격심사제,202405171030,20240517,낙찰
긴급공고,LMR0031,1,19716,***,24년 시설부대비 업무용 임차차량 용역,2024,LMR,제5군단사령부,제한경쟁,총액제,적격심사제,202405171030,20240517,유찰
긴급공고,MCM0008,1,14226,***,지능형 악성코드 수집분석체계 라이선스 구매,2024,MCM,4284부대,일반경쟁,총액제,적격심사제,202405171500,20240517,낙찰
긴급공고,SCF0470,1,08622,***,"건조제, 활성식 등 3종 구매",2024,SCF,해군군수사령부,제한경쟁,총액제,적격심사제,202405171030,20240517,낙찰
재공고,SCF0412,2,10642,001,24년 항공유(JP-5) 구매,2024,SCF,해군군수사령부,일반경쟁,단가제,적격심사제,202405171030,20240517,유찰
재공고,SCF0381,2,10916,***,"스프링, 나선형, 인장용 등 6종 구매",2024,SCF,해군군수사령부,제한경쟁,총액제,적격심사제,202405171030,20240517,순위확정
재공고,SCF0432,2,12572,***,300KW 육상발전기 엔진 정비,2024,SCF,해군군수사령부,일반경쟁,총액제,적격심사제,202405171530,20240517,순위확정
정정공고,SCF0459,3,12678,***,호스 등 21종 구매,2024,SCF,해군군수사령부,제한경쟁,총액제,적격심사제,202405171030,20240517,낙찰
긴급공고,SCF0469,1,13360,***,"비,직립형 등 5종 구매",2024,SCF,해군군수사령부,제한경쟁,총액제,적격심사제,202405171030,20240517,낙찰
긴급공고,SCF0476,1,14093,***,"변환기, 수중 음파탐지기용 등 4품목 구매",2024,SCF,해군군수사령부,제한경쟁,총액제,적격심사제,202405171030,20240517,낙찰
긴급공고,SCF0468,1,17555,***,정밀측정장비(6종 7점) 부품 정비,2024,SCF,해군군수사령부,일반경쟁,총액제,적격심사제,202405171530,20240517,유찰
재공고,SCF0414,2,17722,001,24년 저유황경유(도서) 등 3종 구매,2024,SCF,해군군수사령부,일반경쟁,단가제,적격심사제,202405171030,20240517,유찰
재공고,SCF0414,2,17722,002,24년 저유황경유(도서) 등 3종 구매,2024,SCF,해군군수사령부,일반경쟁,단가제,적격심사제,202405171030,20240517,유찰
재공고,SCF0414,2,17722,003,24년 저유황경유(도서) 등 3종 구매,2024,SCF,해군군수사령부,일반경쟁,단가제,적격심사제,202405171030,20240517,유찰
긴급공고,SCF0467,1,17807,***,'24년 잠수함(SS-II) 직류 전동기(통풍팬 모터) 정비,2024,SCF,해군군수사령부,일반경쟁,총액제,적격심사제,202405171530,20240517,낙찰
긴급공고,SCF0477,1,17840,***,우측 바디실리콘 고무 등 3종 구매,2024,SCF,해군군수사령부,제한경쟁,총액제,적격심사제,202405171030,20240517,순위확정
긴급공고,SCF0473,1,18483,***,"(긴급)세라믹,울 등 46종",2024,SCF,해군군수사령부,제한경쟁,총액제,적격심사제,202405171030,20240517,낙찰
긴급공고,SCF0472,1,18487,***,"(긴급)앵글,건축용 등 36종",2024,SCF,해군군수사령부,제한경쟁,총액제,적격심사제,202405171030,20240517,낙찰
긴급공고,SCK0058,1,17537,***,생화학분석기(자동식) 1대 구매 설치,2024,SCK,해군교육사령부,일반경쟁,총액제,적격심사제,202405171030,20240517,낙찰
긴급공고,SFC0064,1,20019,***,발전기 구매,2024,SFC,제9691부대,제한경쟁,총액제,적격심사제,202405171030,20240517,낙찰
정상공고,SFG0053,1,19124,***,디지털카메라 등 6품목 구매,2024,SFG,제9181부대,제한경쟁,총액제,적격심사제,202405171030,20240517,낙찰
정상공고,SFG0056,1,19397,***,클리어 화일내지 등 190품목 구매,2024,SFG,제9181부대,제한경쟁,총액제,적격심사제,202405171030,20240517,낙찰
긴급공고,UMM0571,1,11517,***,(246014-G)24년 전시체계(비디오월) 구축(리스물건),2024,UMM,국군재정관리단,일반경쟁,총액제,적격심사제,202405171500,20240517,낙찰
정상공고,UMM0568,1,11530,***,24-F-방탄헬멧 구매,2024,UMM,국군재정관리단,제한경쟁,총액제,적격심사제,202405171500,20240517,낙찰
정상공고,UMM0578,1,11804,***,(246120-B)기동영상전송장비 구매(리스물건),2024,UMM,국군재정관리단,일반경쟁,총액제,적격심사제,202405171500,20240517,낙찰
재공고,UMM0347,2,12087,***,(247106-C) 의료기재 봉합사 81종 구매,2024,UMM,국군재정관리단,제한경쟁,총액제,적격심사제,202405171500,20240517,낙찰
정상공고,UMM0579,1,12620,***,(247107-D) 방사성 의약품 16품목 구매,2024,UMM,국군재정관리단,제한경쟁,총액제,적격심사제,202405171500,20240517,유찰
정상공고,UMM0572,1,13715,***,24-D-워크인쿨러 등 4종 구매,2024,UMM,국군재정관리단,제한경쟁,총액제,적격심사제,202405171500,20240517,낙찰
재공고,UMM0548,3,13924,***,( 247119-F) 병리장비운영소모품(10-2) 구매,2024,UMM,국군재정관리단,제한경쟁,총액제,적격심사제,202405171500,20240517,순위확정
정상공고,UMM0577,1,14338,***,(24F134-B) 24년 ASP 방화지대 구축용역(연천처리장),2024,UMM,국군재정관리단,제한경쟁,총액제,적격심사제,202405171500,20240517,낙찰
긴급공고,UMM0588,1,14690,***,(247019-H)00부대 지휘통신체계 구축,2024,UMM,국군재정관리단,일반경쟁,총액제,적격심사제,202405171500,20240517,낙찰
정상공고,UMM0582,1,14698,***,24-N-군악기(피콜로 등 16종) 구매,2024,UMM,국군재정관리단,제한경쟁,총액제,적격심사제,202405171500,20240517,낙찰
정상공고,UMM0543,1,15353,***,"24-D-냉장,냉동고 5종구매(241025-F)",2024,UMM,국군재정관리단,일반경쟁,총액제,적격심사제,202405171500,20240517,낙찰
긴급공고,UMM0591,1,17146,***,(246194-E) 영현백 구매,2024,UMM,국군재정관리단,제한경쟁,총액제,적격심사제,202405171500,20240517,낙찰
정상공고,UMM0576,1,17334,***,(246207-D)일체형 결속기 2종(16밀리/32밀리) 구매,2024,UMM,국군재정관리단,일반경쟁,총액제,적격심사제,202405171500,20240517,낙찰
정상공고,UMM0585,1,18469,***,(24F179-A) 관사 제초용역,2024,UMM,국군재정관리단,제한경쟁,총액제,적격심사제,202405171500,20240517,낙찰
정상공고,UMM0575,1,18488,***,(246234-D)소화기 보관함 구매,2024,UMM,국군재정관리단,일반경쟁,총액제,적격심사제,202405171500,20240517,낙찰
정상공고,UMM0573,1,19510,***,(247013-H)군사법원 전자법정 시스템 교체사업,2024,UMM,국군재정관리단,제한경쟁,총액제,적격심사제,202405171500,20240517,낙찰
정상공고,UMM0584,1,19602,***,(24F176-B)해안감시망연동체계 교체(금융리스),2024,UMM,국군재정관리단,일반경쟁,총액제,최저가격제,202405171500,20240517,낙찰
정상공고,EBB0166,1,A1059,***,회로카드 조립체,2024,EBB,지상공통전력운영계약팀,수의계약,총액제,적격심사제,202405161600,20240516,유찰
정상공고,ETA0002,1,4503,***,정보보안장비(침해조사장비),2024,ETA,감시전자총괄계약팀,수의계약,총액제,적격심사제,202405161530,20240516,순위확정
긴급공고,LCF0180,1,05876,***,견인치료기경요추용 등 11항목 구매(의무),2024,LCF,육군군수사령부,제한경쟁,총액제,적격심사제,202405161600,20240516,낙찰
재공고,LCF0131,2,07236,***,"계전기, 전자식 등 10항목 생산능력확인제조(자주포)",2024,LCF,육군군수사령부,제한경쟁,총액제,적격심사제,202405161530,20240516,유찰
긴급공고,LCF0181,1,18308,***,초음파치료기 등 14항목 구매(의무),2024,LCF,육군군수사령부,제한경쟁,총액제,적격심사제,202405161600,20240516,낙찰
긴급공고,LCF0178,1,18956,***,기어뭉치 등 16항목 생산능력확인제조(자주포),2024,LCF,육군군수사령부,제한경쟁,총액제,적격심사제,202405161530,20240516,유찰
긴급공고,LCF0177,1,18996,***,배선장치 등 8항목 일반제조(특무),2024,LCF,육군군수사령부,제한경쟁,총액제,적격심사제,202405161530,20240516,낙찰
긴급공고,LCF0190,1,19762,***,[용역-2] 무인경계시스템 유지보수용역,2024,LCF,육군군수사령부,제한경쟁,총액제,적격심사제,202405161530,20240516,낙찰
정상공고,LDH0472,1,17884,***,발칸 스크류써트 등 18종 구매,2024,LDH,육군종합정비창,제한경쟁,총액제,적격심사제,202405161700,20240516,유찰
정상공고,LDH0476,1,17906,***,총포/특무 고정나사 등 22종 구매,2024,LDH,육군종합정비창,제한경쟁,총액제,적격심사제,202405161700,20240516,낙찰
정상공고,LDH0483,1,18014,***,통신 회로카드조립체 1종 구매,2024,LDH,육군종합정비창,제한경쟁,총액제,적격심사제,202405161700,20240516,낙찰
정상공고,LDH0459,1,18523,***,"(기동) T형관,파이프 및 튜브연결용 등 7종 구매",2024,LDH,육군종합정비창,제한경쟁,총액제,적격심사제,202405161600,20240516,낙찰
정상공고,LDH0462,1,18627,***,K77지휘차 끈 등 14종 구매,2024,LDH,육군종합정비창,제한경쟁,총액제,적격심사제,202405161700,20240516,순위확정
정상공고,LDH0463,1,18628,***,K77지휘차 나사 등 21종 구매,2024,LDH,육군종합정비창,제한경쟁,총액제,적격심사제,202405161700,20240516,낙찰
정상공고,LDH0465,1,18630,***,K77지휘차 베어링 등 5종 구매,2024,LDH,육군종합정비창,제한경쟁,총액제,적격심사제,202405161700,20240516,낙찰
정상공고,LDH0466,1,18631,***,K77지휘차 볼트 등 18종 구매,2024,LDH,육군종합정비창,제한경쟁,총액제,적격심사제,202405161700,20240516,유찰
정상공고,LDH0468,1,18633,***,K77지휘차 캡 등 12종 구매,2024,LDH,육군종합정비창,제한경쟁,총액제,적격심사제,202405161700,20240516,순위확정
정상공고,LDH0469,1,18634,***,K77지휘차 튜브류 등 8종 구매,2024,LDH,육군종합정비창,제한경쟁,총액제,적격심사제,202405161700,20240516,낙찰
정상공고,LDH0470,1,18635,***,K77지휘차 호스류 등 16종 구매,2024,LDH,육군종합정비창,제한경쟁,총액제,적격심사제,202405161700,20240516,낙찰
정상공고,LDH0481,1,19080,***,통신 트랜지스터 1종 구매,2024,LDH,육군종합정비창,제한경쟁,총액제,적격심사제,202405161700,20240516,유찰
재공고,SCF0368,2,06202,***,잠수함 축전지 충방전 용역,2024,SCF,해군군수사령부,일반경쟁,총액제,적격심사제,202405161530,20240516,순위확정
긴급공고,SCF0416,1,08184,***,스톱워치 등 3종 구매,2024,SCF,해군군수사령부,제한경쟁,총액제,적격심사제,202405161530,20240516,낙찰
재공고,SCF0360,2,09081,***,압력계 등 11종 구매,2024,SCF,해군군수사령부,제한경쟁,총액제,적격심사제,202405161530,20240516,순위확정
긴급공고,SCF0462,1,10508,***,수영자이송정 축전지용 충전기 정비,2024,SCF,해군군수사령부,일반경쟁,총액제,적격심사제,202405161530,20240516,유찰
긴급공고,SCF0466,1,18870,***,(긴급)수전용 플러그 등 4종,2024,SCF,해군군수사령부,제한경쟁,총액제,적격심사제,202405161530,20240516,낙찰
긴급공고,SCK0057,1,19635,***,24-00사 제초/조경 관리 용역,2024,SCK,해군교육사령부,제한경쟁,총액제,적격심사제,202405161530,20240516,낙찰
긴급공고,SCR0057,1,19706,***,24~27 간부숙소 TV 및 인터넷 서비스 용역,2024,SCR,해군제3함대사령부,제한경쟁,총액제,적격심사제,202405161530,20240516,낙찰
긴급공고,SFC0062,1,19741,***,24-덕-체 엔진블로어 등 2품목 구매,2024,SFC,제9691부대,제한경쟁,총액제,적격심사제,202405161530,20240516,낙찰
긴급공고,SFC0063,1,19742,***,24-덕-체 소토사 등 3종 구매,2024,SFC,제9691부대,제한경쟁,총액제,적격심사제,202405161530,20240516,낙찰
긴급공고,UMM0537,1,07878,***,24-F-형광투시검사유니트 장비 제조,2024,UMM,국군재정관리단,일반경쟁,총액제,적격심사제,202405161530,20240516,낙찰
정상공고,UMM0536,1,09618,***,24-F-생화학분석기 대형 등 4종 구매,2024,UMM,국군재정관리단,제한경쟁,총액제,적격심사제,202405161530,20240516,낙찰
정상공고,UMM0544,1,15681,***,24-D-2-1차 날개접지기 구매(241031-F),2024,UMM,국군재정관리단,일반경쟁,총액제,적격심사제,202405161530,20240516,낙찰
정상공고,UMM0557,1,16507,***,24-D-가격조사 위탁 용역,2024,UMM,국군재정관리단,제한경쟁,총액제,적격심사제,202405161530,20240516,유찰
긴급공고,UMM0565,1,19302,***,24년 합동지속지원훈련 JLOTS 훈련 선박 임차 용역,2024,UMM,국군재정관리단,일반경쟁,총액제,적격심사제,202405161530,20240516,낙찰
긴급공고,EBB0169,1,1130D,***,로드휠용(자주포),2024,EBB,지상공통전력운영계약팀,수의계약,총액제,적격심사제,202405141030,20240514,유찰
긴급공고,EBB0170,1,1268,***,발전기 및 발전기 부품류,2024,EBB,지상공통전력운영계약팀,수의계약,총액제,적격심사제,202405141035,20240514,유찰
긴급공고,EBB0175,1,1621,***,자주포 전기전자장치 부품류,2024,EBB,지상공통전력운영계약팀,수의계약,총액제,적격심사제,202405141100,20240514,유찰
정상공고,EBB0165,1,1A040,***,'24~'25 KF-16 바퀴조립체 정비(D)),2024,EBB,지상공통전력운영계약팀,수의계약,총액제,적격심사제,202405141500,20240514,유찰
재공고,EBB0110,2,2500G,***,24년 야간투시경 부품류(구매),2024,EBB,지상공통전력운영계약팀,일반경쟁,총액제,적격심사제,202405141430,20240514,유찰
긴급공고,EBB0174,1,3302,***,K55 완충기류,2024,EBB,지상공통전력운영계약팀,수의계약,총액제,적격심사제,202405141055,20240514,유찰
긴급공고,EBB0171,1,5022,***,계전기제어장치,2024,EBB,지상공통전력운영계약팀,수의계약,총액제,적격심사제,202405141040,20240514,유찰
정상공고,EBB0130,1,6301A,***,"덮개, 사령관 지휘소 지붕용",2024,EBB,지상공통전력운영계약팀,제한경쟁,총액제,적격심사제,202405141400,20240514,낙찰
정상공고,EBB0164,1,8326,***,'24년 휀다(기동),2024,EBB,지상공통전력운영계약팀,수의계약,총액제,적격심사제,202405141100,20240514,순위확정
정상공고,EBB0162,1,8365,***,'24년 호로대,2024,EBB,지상공통전력운영계약팀,수의계약,총액제,적격심사제,202405141100,20240514,유찰
정상공고,EBB0163,1,8366,***,'24년 차량 쿠션시트류,2024,EBB,지상공통전력운영계약팀,수의계약,총액제,적격심사제,202405141100,20240514,유찰
정상공고,EBH0006,1,4602,***,"정비키트, 어뢰용 (제조)",2024,EBH,해상공중전력운영계약팀,일반경쟁,총액제,적격심사제,202405141100,20240514,낙찰
정상공고,EBH0005,1,5142,***,24년 발칸 게이지/스위치류,2024,EBH,해상공중전력운영계약팀,수의계약,총액제,적격심사제,202405141100,20240514,유찰
재공고,ELA0017,2,1048A,***,냉난방기(대포병탐지레이더-II쉘터용),2024,ELA,화력총괄계약팀,수의계약,총액제,적격심사제,202405141430,20240514,유찰
재공고,HCF0110,2,18142,***,여군 하이힐 제조,2024,HCF,공군군수사령부,제한경쟁,총액제,적격심사제,202405141030,20240514,낙찰
재공고,HCF0111,2,18371,***,"24-H-12 산탄총, 12게이지, 조수퇴치용",2024,HCF,공군군수사령부,제한경쟁,총액제,적격심사제,202405141030,20240514,낙찰
긴급공고,HCF0119,1,18925,***,24-H-28 다중계기,2024,HCF,공군군수사령부,제한경쟁,총액제,적격심사제,202405141030,20240514,낙찰
긴급공고,HCF0121,1,19181,***,기어용 윤활유 구매,2024,HCF,공군군수사령부,제한경쟁,총액제,적격심사제,202405141030,20240514,낙찰
긴급공고,HCF0122,1,19273,***,[부대지원과] 전시항공기 도장 외주용역,2024,HCF,공군군수사령부,제한경쟁,총액제,적격심사제,202405141030,20240514,유찰
긴급공고,HCQ0031,1,19399,***,24-052 탐지기 등 1종,2024,HCQ,공군제5공중기동비행단,제한경쟁,총액제,적격심사제,202405141100,20240514,낙찰
긴급공고,HDQ0043,1,19297,***,24-지정폐기물 위탁처리 용역,2024,HDQ,제20전투비행단,일반경쟁,총액제,적격심사제,202405141100,20240514,낙찰
긴급공고,LBA0037,1,19221,***,'24년 얼음 정수기 임차 용역,2024,LBA,제 2167부대,일반경쟁,총액제,적격심사제,202405141030,20240514,유찰
긴급공고,LCF0174,1,12095,***,"오-링 등 92항목 제조(궤도,제조-006)",2024,LCF,육군군수사령부,제한경쟁,총액제,적격심사제,202405141130,20240514,낙찰
재공고,LCF0161,2,12757,***,"리테이너, 이송용 등 12항목 생산능력제조(기장)",2024,LCF,육군군수사령부,제한경쟁,총액제,적격심사제,202405141100,20240514,유찰
긴급공고,LCF0176,1,12812,***,"베어링,롤러식,니들형 등 20항목 제조(생산능력,궤도)",2024,LCF,육군군수사령부,제한경쟁,총액제,적격심사제,202405141130,20240514,유찰
재공고,LCF0125,2,12828,***,심 등 57항목 생산능력확인제조(궤도),2024,LCF,육군군수사령부,제한경쟁,총액제,적격심사제,202405141130,20240514,유찰
긴급공고,LCF0175,1,12844,***,"부력판 등 7항목 제조(궤도,제조014)",2024,LCF,육군군수사령부,제한경쟁,총액제,적격심사제,202405141130,20240514,유찰
재공고,LCF0145,2,12858,***,"코드 조립체,고무제 등 296항목 제조(궤도,묶음-001)",2024,LCF,육군군수사령부,제한경쟁,총액제,적격심사제,202405141130,20240514,유찰
재공고,LCF0124,2,12912,***,"감소기,튜브형 등 26항목 생산능력확인제조(일장-003)",2024,LCF,육군군수사령부,제한경쟁,총액제,적격심사제,202405141130,20240514,유찰
긴급공고,LCF0173,1,12967,***,"브래킷, 설치용 등 5항목 생산능력제조(기장)",2024,LCF,육군군수사령부,제한경쟁,총액제,적격심사제,202405141100,20240514,유찰
정정공고,LCF0147,3,17801,***,"조절기,트랙 등 6항목 생산능력확인 제조(궤도001)",2024,LCF,육군군수사령부,제한경쟁,총액제,적격심사제,202405141130,20240514,유찰
재공고,LCF0148,2,17802,***,"가열기,차량용,객실용 등 2항목 제조(궤도010)",2024,LCF,육군군수사령부,제한경쟁,총액제,적격심사제,202405141130,20240514,낙찰
재공고,LCF0167,2,17803,***,"체인조립체, 타이어용 등 3항목 생산능력제조(기장)",2024,LCF,육군군수사령부,제한경쟁,총액제,적격심사제,202405141100,20240514,유찰
긴급공고,LCF0150,1,17815,***,"튜브 조립체,금속제 등 48항목 제조(궤도,생산006)",2024,LCF,육군군수사령부,제한경쟁,총액제,적격심사제,202405141130,20240514,유찰
재공고,LCF0149,2,17902,***,"뚜껑,렌즈용 등 27항목 제조(궤도,생산능력010)",2024,LCF,육군군수사령부,제한경쟁,총액제,적격심사제,202405141130,20240514,유찰
긴급공고,LCF0155,1,18561,***,원추형 풍속기 등 3항목 구매(물자),2024,LCF,육군군수사령부,제한경쟁,총액제,적격심사제,202405141130,20240514,낙찰
긴급공고,LCH0029,1,19476,***,제초관리 용역(특-24-용-18),2024,LCH,특수전사령부,제한경쟁,총액제,적격심사제,202405141030,20240514,낙찰
재공고,LDH0431,2,16003,***,"K200 피스톤,내연기관용 등 2종 구매",2024,LDH,육군종합정비창,제한경쟁,총액제,적격심사제,202405141300,20240514,순위확정
정상공고,LDH0455,1,17032,***,24-7차 정비용 장비 부품 구매,2024,LDH,육군종합정비창,제한경쟁,총액제,적격심사제,202405141300,20240514,낙찰
긴급공고,LFC0041,1,19188,***,"24년 중대강의장 책상, 의자 제조 계약",2024,LFC,육군훈련소,제한경쟁,총액제,적격심사제,202405141100,20240514,낙찰
정정공고,LNG0022,2,18840,***,[예비군] 야간투시경 제조 구매,2024,LNG,육군 제1군단,제한경쟁,총액제,적격심사제,202405141030,20240514,낙찰
긴급공고,LNG0025,1,18997,***,'24년 얼음 냉·온 정수기 임차 용역,2024,LNG,육군 제1군단,제한경쟁,총액제,적격심사제,202405141100,20240514,유찰
긴급공고,LPC0017,1,19315,***,24년 공기청정기 필터 제조 구매,2024,LPC,제25보병사단,제한경쟁,총액제,적격심사제,202405141100,20240514,낙찰
긴급공고,MCS0063,1,16121,***,2024 복지회관 식자재 구매(축산물),2024,MCS,국방부계룡대근무지원단,일반경쟁,총액제,적격심사제,202405141030,20240514,낙찰
긴급공고,MDR0020,1,19398,***,전차.장갑차 관통시험 360 파노라마 촬영제작,2024,MDR,제9965부대,제한경쟁,총액제,적격심사제,202405141030,20240514,낙찰
재공고,MHD0107,3,67761,***,함정 개조·개장 사업의 관급보험 도입방안 연구,2023,MHD,방위사업청(운영지원과),협상에의한계약(전자),총액제,최저가격제,202405141500,20240514,낙찰
재공고,SCF0308,2,06550,***,"스위치, 액체 수평기용 등 4종 구매",2024,SCF,해군군수사령부,제한경쟁,총액제,적격심사제,202405141030,20240514,낙찰
재공고,SCF0326,3,09632,***,잠수함(SS-I) 디젤감시장치 PCB 정비,2024,SCF,해군군수사령부,일반경쟁,총액제,적격심사제,202405141030,20240514,순위확정
재공고,SCF0379,2,10832,***,"세척 및 윤활제, 전지 접점용 897CN 구매",2024,SCF,해군군수사령부,제한경쟁,총액제,적격심사제,202405141030,20240514,순위확정
긴급공고,SCF0446,1,10914,***,"절단기, 케이블용, 기뢰용 등 4종 구매",2024,SCF,해군군수사령부,제한경쟁,총액제,적격심사제,202405141030,20240514,낙찰
긴급공고,SCF0447,1,10915,***,폐기관 단열재 등 18종 구매,2024,SCF,해군군수사령부,제한경쟁,총액제,적격심사제,202405141030,20240514,낙찰
긴급공고,SCF0445,1,10918,***,개스킷 등 20종 구매,2024,SCF,해군군수사령부,제한경쟁,총액제,적격심사제,202405141030,20240514,낙찰
긴급공고,SCF0449,1,13248,***,"슬링,원형 등 3종 구매",2024,SCF,해군군수사령부,제한경쟁,총액제,적격심사제,202405141030,20240514,낙찰
긴급공고,SCF0452,1,13773,***,K급 소화기 1종 제조,2024,SCF,해군군수사령부,제한경쟁,총액제,적격심사제,202405141030,20240514,낙찰
긴급공고,SCF0444,1,14091,***,흄 후드 구매,2024,SCF,해군군수사령부,제한경쟁,총액제,적격심사제,202405141030,20240514,낙찰
긴급공고,SCF0451,1,14612,***,목재내면연마기 1EA 구매,2024,SCF,해군군수사령부,제한경쟁,총액제,적격심사제,202405141030,20240514,낙찰
긴급공고,SCF0453,1,15768,***,"필터 엘리먼트, 유체용 등 4종 구매",2024,SCF,해군군수사령부,제한경쟁,총액제,적격심사제,202405141030,20240514,낙찰
긴급공고,SCF0455,1,16628,***,'24년 수중탐색음탐기 5종 유지보수 정비,2024,SCF,해군군수사령부,일반경쟁,총액제,적격심사제,202405141030,20240514,낙찰
긴급공고,SCF0448,1,17594,***,"(긴급) 밸브, 앵글형 등 41종",2024,SCF,해군군수사령부,제한경쟁,총액제,적격심사제,202405141030,20240514,낙찰
긴급공고,SCF0461,1,18082,***,"(긴급)조종간,자료입력용 등 3종",2024,SCF,해군군수사령부,제한경쟁,총액제,적격심사제,202405141030,20240514,낙찰
긴급공고,SCF0450,1,18373,***,"(긴급) 스위치, 압력식 등 39종",2024,SCF,해군군수사령부,제한경쟁,총액제,적격심사제,202405141030,20240514,낙찰
긴급공고,SCF0460,1,18389,***,'24년 전지 축전식[ES2.912] 705EA 구매,2024,SCF,해군군수사령부,제한경쟁,총액제,적격심사제,202405141030,20240514,낙찰
긴급공고,SCF0454,1,19165,***,OO급 잠수함 통합양강마스트 정비,2024,SCF,해군군수사령부,일반경쟁,총액제,적격심사제,202405141030,20240514,순위확정
긴급공고,SCF0457,1,19314,***,적색 불꽃 신호 등 3종 구매,2024,SCF,해군군수사령부,제한경쟁,총액제,적격심사제,202405141030,20240514,낙찰
긴급공고,SFC0057,1,18620,***,24-해병-전산운영용품(314품목) 구매,2024,SFC,제9691부대,일반경쟁,총액제,적격심사제,202405141030,20240514,낙찰
긴급공고,SFC0056,1,18831,***,자격휘장(상륙기습특공 철제 등 20품목) 구매,2024,SFC,제9691부대,제한경쟁,총액제,적격심사제,202405141030,20240514,낙찰
긴급공고,SFN0042,1,19467,***,비상수원 식수 구매 납품,2024,SFN,연평부대,제한경쟁,총액제,적격심사제,202405141030,20240514,낙찰
긴급공고,UMM0559,1,10454,***,(24F089-I) 24년 승진과학화훈련장 관리 민간위탁,2024,UMM,국군재정관리단,제한경쟁,총액제,적격심사제,202405141100,20240514,낙찰
긴급공고,UMM0560,1,10768,***,(24F112-A) 조경관리 용역,2024,UMM,국군재정관리단,제한경쟁,총액제,적격심사제,202405141100,20240514,낙찰
긴급공고,UMM0504,1,11274,***,(247124-F) 임플란트3 구매,2024,UMM,국군재정관리단,제한경쟁,총액제,적격심사제,202405141100,20240514,낙찰
재공고,UMM0361,2,12574,***,"24-F-현상 유니트,X-선 필름용 구매 (249034-F)",2024,UMM,국군재정관리단,일반경쟁,총액제,적격심사제,202405141100,20240514,낙찰
긴급공고,UMM0569,1,15431,***,(246191-F) 무공훈장 제조,2024,UMM,국군재정관리단,일반경쟁,총액제,적격심사제,202405141100,20240514,낙찰
긴급공고,UMM0552,1,16310,***,24-N-고강도콘크리트말뚝 2종 제조,2024,UMM,국군재정관리단,제한경쟁,총액제,적격심사제,202405141100,20240514,낙찰
긴급공고,UMM0564,1,17218,***,(24F111-I) 24년 폐리튬 전지 위탁처리 용역,2024,UMM,국군재정관리단,일반경쟁,총액제,적격심사제,202405141100,20240514,낙찰
긴급공고,UMM0561,1,19152,***,(24F152-A) 외진셔틀버스 민간용역(양주병원),2024,UMM,국군재정관리단,일반경쟁,총액제,적격심사제,202405141100,20240514,순위확정
긴급공고,UMM0562,1,19158,***,(24G017-H)24년 합동전쟁실습장비 임차용역,2024,UMM,국군재정관리단,제한경쟁,총액제,적격심사제,202405141100,20240514,낙찰
긴급공고,UMM0567,1,19389,***,(24F122-A) ASP 방화지대 구축 용역,2024,UMM,국군재정관리단,제한경쟁,총액제,적격심사제,202405141100,20240514,낙찰
정상공고,HCG0012,1,16760,***,'24년 국한문 혼용 공군 역사서 한글화 연구용역,2024,HCG,공군본부,2단계경쟁(동시),총액제,최저가격제,202405131100,20240513,낙찰
정상공고,HCM0025,1,09884,***,기본군사훈련단 식당 급식 민간위탁 운영,2024,HCM,공군교육사령부,협상에의한계약(서류),총액제,최저가격제,202405131300,20240513,낙찰
재공고,LBB0012,2,16875,***,'24년  정비피복 제조 구매,2024,LBB,육군제7789부대,2단계경쟁(동시),총액제,최저가격제,202405131730,20240513,낙찰
긴급공고,LCG0029,1,15154,***,[24-육-85] 무기체계별 EMP방호기술 적용방안 연구,2024,LCG,육군본부,협상에의한계약(전자),총액제,최저가격제,202405131300,20240513,낙찰
긴급공고,LCG0028,1,16577,***,[24-육-84] 탄약부대 경계병력 민간전환 선결 연구,2024,LCG,육군본부,협상에의한계약(전자),총액제,최저가격제,202405131300,20240513,낙찰
정정공고,LGT0043,2,17684,***,24년 제초용역,2024,LGT,제2307부대,제한경쟁,총액제,적격심사제,202405131030,20240513,낙찰
재공고,MCR0015,3,10330,***,안보학술연구용역(2. 국제안보환경과),2024,MCR,국방대학교,협상에의한계약(전자),총액제,최저가격제,202405131030,20240513,유찰
재공고,MCR0018,3,10347,***,안보학술연구용역(5. 자원관리관련과제),2024,MCR,국방대학교,협상에의한계약(전자),총액제,최저가격제,202405131030,20240513,유찰
긴급공고,MCS0062,1,18545,***,"품안마을 노후 도배, 장판 설치 납품",2024,MCS,국방부계룡대근무지원단,제한경쟁,총액제,적격심사제,202405131100,20240513,낙찰
정상공고,MDJ0041,1,18810,***,24년 의료기재(치과재료) 연간계약,2024,MDJ,국군대전병원,일반경쟁,총액제,적격심사제,202405131030,20240513,낙찰
정상공고,MDJ0040,1,18811,***,"의료기재(일반,수술재료) 연간계약",2024,MDJ,국군대전병원,일반경쟁,총액제,적격심사제,202405131030,20240513,낙찰
정상공고,MDJ0039,1,18812,***,장비운영소모품(수술장비) 연간계약,2024,MDJ,국군대전병원,일반경쟁,총액제,적격심사제,202405131030,20240513,낙찰
정상공고,MDJ0038,1,18813,***,장비운영소모품 병리장비(3) 연간계약,2024,MDJ,국군대전병원,일반경쟁,총액제,적격심사제,202405131030,20240513,낙찰
정상공고,MDJ0037,1,18814,***,장비운영소모품 병리장비(2) 연간계약,2024,MDJ,국군대전병원,일반경쟁,총액제,적격심사제,202405131030,20240513,낙찰
정상공고,MDJ0036,1,18815,***,장비운영소모품(병리장비(1) 연간계약,2024,MDJ,국군대전병원,일반경쟁,총액제,적격심사제,202405131030,20240513,낙찰
정상공고,MDJ0035,1,18816,***,의약품 320종 연간계약,2024,MDJ,국군대전병원,일반경쟁,총액제,적격심사제,202405131030,20240513,낙찰
긴급공고,SFC0055,1,18911,***,24-M-비궁 밑 SPIKE 해상사격표적기 제작 사업,2024,SFC,제9691부대,제한경쟁,총액제,적격심사제,202405131100,20240513,낙찰
정상공고,UMM0547,1,13379,***,24-N-항해기점장비 제조,2024,UMM,국군재정관리단,일반경쟁,총액제,적격심사제,202405131100,20240513,유찰
정상공고,DSS0017,1,17099,***,IP 전화기 구매,2024,DSS,국군제1068부대,제한경쟁,총액제,적격심사제,202405101030,20240510,낙찰
정상공고,EBB0150,1,1110,***,'24년 군용 트레일러용 관성제동장치,2024,EBB,지상공통전력운영계약팀,제한경쟁,총액제,적격심사제,202405101100,20240510,순위확정
정상공고,EBB0152,1,1A212,***,"24년~25년 (UH-60) 제어장치,시동보조기용 정비",2024,EBB,지상공통전력운영계약팀,일반경쟁,총액제,적격심사제,202405101400,20240510,유찰
정상공고,EBB0153,1,2A012,***,"24년~25년 (AH-1S) 표시기, 자세용 정비",2024,EBB,지상공통전력운영계약팀,수의계약,총액제,적격심사제,202405101400,20240510,유찰
정상공고,EBB0149,1,2F490,***,"'24년 장비커버류(기동, 총포, 통신)",2024,EBB,지상공통전력운영계약팀,제한경쟁,총액제,적격심사제,202405101100,20240510,낙찰
정상공고,EBB0129,1,5093,***,"부품키트, 소화기용",2024,EBB,지상공통전력운영계약팀,제한경쟁,총액제,적격심사제,202405101500,20240510,낙찰
정상공고,EBB0144,1,6124,***,기어류(전차),2024,EBB,지상공통전력운영계약팀,수의계약,총액제,적격심사제,202405101100,20240510,유찰
정상공고,EBB0128,1,6470,***,터미날(축전지용),2024,EBB,지상공통전력운영계약팀,제한경쟁,총액제,적격심사제,202405101300,20240510,낙찰
정상공고,EBB0154,1,7110,***,장갑차 부품(힌지 등),2024,EBB,지상공통전력운영계약팀,제한경쟁,총액제,적격심사제,202405101100,20240510,낙찰
정상공고,EBB0147,1,A1051,***,"24년 (F-5) 키,브레이크 디스크 드라이브",2024,EBB,지상공통전력운영계약팀,일반경쟁,총액제,적격심사제,202405101100,20240510,낙찰
정상공고,EBH0002,1,8E070,***,24년 부력방탄복,2024,EBH,해상공중전력운영계약팀,일반경쟁,총액제,적격심사제,202405101430,20240510,낙찰
정상공고,EPA0007,1,7410,***,운고측정장비,2024,EPA,항공기총괄계약팀,제한경쟁,총액제,적격심사제,202405101100,20240510,낙찰
재공고,EWB0001,2,8121,***,잠수함예인정-II 구매사업,2024,EWA,한국형잠수함총괄계약팀,협상에의한계약(서류),총액제,최저가격제,202405101430,20240510,낙찰
긴급공고,LCJ0029,1,15256,***,(24육군-용역008)육군 지능형스마트부대 유지보수사업,2024,LCJ,종합보급창,협상에의한계약(전자),총액제,최저가격제,202405101000,20240510,유찰
정상공고,LDH0453,1,18610,***,"K21 밸브,선형 방향제어용 등 6종",2024,LDH,육군종합정비창,제한경쟁,총액제,적격심사제,202405101300,20240510,낙찰
정상공고,LDH0454,1,18616,***,K9자주포 장력장치 구매,2024,LDH,육군종합정비창,제한경쟁,총액제,적격심사제,202405101300,20240510,낙찰
긴급공고,LFC0039,1,18781,***,24년 WHY캠페인식 정신전력 교육물품 구매,2024,LFC,육군훈련소,제한경쟁,총액제,적격심사제,202405101100,20240510,낙찰
정상공고,LGI0031,1,18838,***,'24년 ASP방화지대 구축용역,2024,LGI,제3군수지원여단,일반경쟁,총액제,적격심사제,202405101100,20240510,낙찰
긴급공고,LKG0047,1,18797,***,군 주거시설 관리위탁용역,2024,LKG,육군제53보병사단,지명경쟁,총액제,적격심사제,202405101100,20240510,유찰
긴급공고,LMR0028,1,18597,***,항공전술훈련 시뮬레이터 유지보수 용역,2024,LMR,제5군단사령부,제한경쟁,총액제,적격심사제,202405101030,20240510,낙찰
긴급공고,MCR0035,1,14009,***,국방대 이전 효과 연구 용역,2024,MCR,국방대학교,협상에의한계약(전자),총액제,최저가격제,202405101030,20240510,유찰
정상공고,MCR0036,1,15847,***,얼음 정수기 임차 용역,2024,MCR,국방대학교,제한경쟁,총액제,적격심사제,202405101100,20240510,낙찰
긴급공고,SFC0040,1,16630,***,해병대 고유 무기체계별 맞춤식 정비개념 연구,2024,SFC,제9691부대,2단계경쟁(동시),총액제,최저가격제,202405101030,20240510,유찰
긴급공고,SFC0041,1,16633,***,인공근육 기반 전투원용 슈트 개발 발전방향 연구,2024,SFC,제9691부대,2단계경쟁(동시),총액제,최저가격제,202405101030,20240510,유찰
긴급공고,SFC0042,1,16642,***,해병대 무인항공기 효율적 운용방안 연구,2024,SFC,제9691부대,2단계경쟁(동시),총액제,최저가격제,202405101030,20240510,낙찰
재공고,UMM0510,2,12621,***,(247117-D) 의약품(마약류) 13품목 구매,2024,UMM,국군재정관리단,제한경쟁,총액제,적격심사제,202405101100,20240510,낙찰
긴급공고,UMM0551,1,14242,***,(247162-E) 24년 병원장비소모품(2) 32품목 구매,2024,UMM,국군재정관리단,제한경쟁,총액제,적격심사제,202405101100,20240510,유찰
긴급공고,UMM0549,1,17230,***,(246186-E) 육군표창장 표지 제조납품,2024,UMM,국군재정관리단,제한경쟁,총액제,적격심사제,202405101100,20240510,낙찰
긴급공고,UMM0550,1,17602,***,(24F173-A) 제초용역,2024,UMM,국군재정관리단,제한경쟁,총액제,적격심사제,202405101100,20240510,낙찰
긴급공고,UMM0555,1,18801,***,(246047-B) 155밀리 8호 추진장약포 제조,2024,UMM,국군재정관리단,일반경쟁,총액제,적격심사제,202405101100,20240510,낙찰
정상공고,EBB0116,1,0030B,***,"사격통제장치부품류(램프, 핵용 등)",2024,EBB,지상공통전력운영계약팀,수의계약,총액제,적격심사제,202405091400,20240509,유찰
정상공고,EBB0145,1,0087,***,파노라마식 망원경,2024,EBB,지상공통전력운영계약팀,일반경쟁,총액제,적격심사제,202405091100,20240509,낙찰
정상공고,EBB0146,1,4013E,***,K계열전차 포신 부품류(제조),2024,EBB,지상공통전력운영계약팀,일반경쟁,총액제,적격심사제,202405091500,20240509,낙찰
정상공고,EBB0126,1,6007,***,"소화기류(제조,일반)",2024,EBB,지상공통전력운영계약팀,수의계약,총액제,적격심사제,202405091600,20240509,유찰
정상공고,EBB0148,1,9101,***,"장갑차 부품류(어댑터, 클램프 등)",2024,EBB,지상공통전력운영계약팀,제한경쟁,총액제,적격심사제,202405091100,20240509,낙찰
긴급공고,HCM0039,1,16710,***,항과고 제54기 국토순례 용역,2024,HCM,공군교육사령부,2단계경쟁(동시),총액제,최저가격제,202405091300,20240509,유찰
재공고,LCM0024,2,09741,***,'24년 기술연구용역(3),2024,LCM,육군교육사령부,2단계경쟁(동시),총액제,최저가격제,202405091300,20240509,낙찰
정상공고,LDH0451,1,17416,***,(정비) 안전모 땀내피  구매,2024,LDH,육군종합정비창,제한경쟁,총액제,적격심사제,202405091300,20240509,낙찰
정상공고,LDH0444,1,17509,***,(일장) 교량가설단정 부력블럭 등 16품목 구매,2024,LDH,육군종합정비창,제한경쟁,총액제,적격심사제,202405091300,20240509,유찰
정상공고,LDH0449,1,17517,***,"(일장) 다목적굴착기 와셔,평면형 등 15품목 구매",2024,LDH,육군종합정비창,제한경쟁,총액제,적격심사제,202405091300,20240509,순위확정
정상공고,LDH0445,1,17519,***,(일장) 다목적굴착기 저장기조립체 등 9품목 구매,2024,LDH,육군종합정비창,제한경쟁,총액제,적격심사제,202405091300,20240509,낙찰
정상공고,LDH0450,1,17525,***,"(일장) 장갑전투도자 스페이서,판형 등 19품목 구매",2024,LDH,육군종합정비창,제한경쟁,총액제,적격심사제,202405091300,20240509,낙찰
정상공고,LDH0452,1,17528,***,(일장) 장갑전투도자 호스조립체 등 8품목 구매,2024,LDH,육군종합정비창,제한경쟁,총액제,적격심사제,202405091300,20240509,유찰
정정공고,LHG0021,2,18589,001,'24년 부대조달 후식(생수) 구매,2024,LHG,제1862부대,제한경쟁,단가제,적격심사제,202405091100,20240509,낙찰
긴급공고,LKD0044,1,18608,***,24년 프린터 임차 용역,2024,LKD,제32보병사단,제한경쟁,총액제,적격심사제,202405091100,20240509,낙찰
긴급공고,LMR0027,1,18324,***,24년 안전물자 세트 구매,2024,LMR,제5군단사령부,제한경쟁,총액제,적격심사제,202405091030,20240509,낙찰
정정공고,LMU0022,2,18432,001,24-009 '24년 경기지역 LPG 구매,2024,LMU,제7군수지원단,제한경쟁,단가제,적격심사제,202405091030,20240509,낙찰
긴급공고,LQG0041,1,18732,***,(육성) 00부대 클린소독기 구매 납품,2024,LQG,육군 52보병사단,제한경쟁,총액제,적격심사제,202405091030,20240509,낙찰
긴급공고,MDG0139,1,18836,001,LPG(전남) 구매,2024,MDG,국군의무사령부,일반경쟁,단가제,적격심사제,202405091100,20240509,낙찰
긴급공고,MHD0050,1,17749,***,방위사업 원가계산 외부용역(5차),2024,MHD,방위사업청(운영지원과),협상에의한계약(전자),총액제,최저가격제,202405091500,20240509,낙찰
정정공고,SFC0053,4,17500,***,공기청정기 필터류 제조 구매,2024,SFC,제9691부대,제한경쟁,총액제,적격심사제,202405091100,20240509,낙찰
정상공고,SFG0051,1,18120,***,안전장갑 등 598품목 구매,2024,SFG,제9181부대,제한경쟁,총액제,적격심사제,202405091030,20240509,낙찰
긴급공고,UAB0031,1,18458,***,'24년도 체력단련장/ 골프연습장 골프연습공 제조,2024,UAB,국군복지단,일반경쟁,총액제,적격심사제,202405091100,20240509,낙찰
정상공고,UMM0526,1,05453,***,24-N-전기파리채 등 183종 구매,2024,UMM,국군재정관리단,제한경쟁,총액제,적격심사제,202405091100,20240509,낙찰
긴급공고,UMM0554,1,07116,***,24-N-태풍피항 함정  계류부이 및 부이샤클 제조,2024,UMM,국군재정관리단,일반경쟁,총액제,적격심사제,202405091100,20240509,유찰
재공고,UMM0459,2,15224,***,24-N-발전기 50KW 4EA 제조,2024,UMM,국군재정관리단,제한경쟁,총액제,적격심사제,202405091100,20240509,낙찰
정상공고,UMM0542,1,15290,***,(246175-D) 신앙상징물 4종 구매,2024,UMM,국군재정관리단,제한경쟁,총액제,적격심사제,202405091100,20240509,낙찰
정상공고,UMM0541,1,15303,***,(247153-D)deflate 2-layer 등 16종 구매,2024,UMM,국군재정관리단,일반경쟁,총액제,적격심사제,202405091100,20240509,낙찰
정상공고,UMM0540,1,16371,***,(246206-C) 투광조명(트레일러형 작업등) 세트 구매,2024,UMM,국군재정관리단,일반경쟁,총액제,적격심사제,202405091100,20240509,낙찰
정상공고,UMM0538,1,16909,***,(24F160-A) 영내외 직할대 민간 제초용역,2024,UMM,국군재정관리단,제한경쟁,총액제,적격심사제,202405091100,20240509,낙찰
정상공고,EBB0139,1,1120H,***,K10 탄약운반차량 수리부속 등,2024,EBB,지상공통전력운영계약팀,일반경쟁,총액제,적격심사제,202405081500,20240508,낙찰
긴급공고,EBB0158,1,1262A,***,하우징류,2024,EBB,지상공통전력운영계약팀,수의계약,총액제,적격심사제,202405081050,20240508,유찰
긴급공고,EBB0160,1,1266,***,펌프 및 발전기 부품류,2024,EBB,지상공통전력운영계약팀,수의계약,총액제,적격심사제,202405081100,20240508,유찰
긴급공고,EBB0113,1,1286,***,기동화력 부속유지용 부품류,2024,EBB,지상공통전력운영계약팀,일반경쟁,총액제,적격심사제,202405081030,20240508,낙찰
긴급공고,EBB0161,1,1287,***,자주포 동력장치 부품류,2024,EBB,지상공통전력운영계약팀,일반경쟁,총액제,적격심사제,202405081105,20240508,낙찰
정상공고,EBB0142,1,3030,***,60mm 박격포 부품류,2024,EBB,지상공통전력운영계약팀,일반경쟁,총액제,적격심사제,202405081100,20240508,낙찰
정상공고,EBB0143,1,3032,***,81mm 박격포 부품류,2024,EBB,지상공통전력운영계약팀,일반경쟁,총액제,적격심사제,202405081500,20240508,낙찰
정상공고,EBB0134,1,4112,***,"방열기, 엔진냉각제용",2024,EBB,지상공통전력운영계약팀,일반경쟁,총액제,적격심사제,202405081100,20240508,낙찰
정상공고,EBB0136,1,4230,***,2024 KM11휴대용제독기 수리부속,2024,EBB,지상공통전력운영계약팀,제한경쟁,총액제,적격심사제,202405081100,20240508,낙찰
정상공고,EBB0132,1,4235,***,2024 중형제독기 수리부속,2024,EBB,지상공통전력운영계약팀,제한경쟁,총액제,적격심사제,202405081100,20240508,낙찰
정상공고,EBB0138,1,5021,***,시동기(궤도장비용),2024,EBB,지상공통전력운영계약팀,수의계약,총액제,적격심사제,202405081100,20240508,유찰
재공고,EBB0092,2,5950,***,24년 조류퇴치탄,2024,EBB,지상공통전력운영계약팀,수의계약,총액제,적격심사제,202405081100,20240508,순위확정
긴급공고,EBB0159,1,6305,***,궤도부품류,2024,EBB,지상공통전력운영계약팀,수의계약,총액제,적격심사제,202405081055,20240508,유찰
정상공고,EBB0140,1,6630,***,유압밸브류,2024,EBB,지상공통전력운영계약팀,수의계약,총액제,적격심사제,202405081600,20240508,유찰
긴급공고,EBB0155,1,6950,***,"구동장치부품류(제조,일반)",2024,EBB,지상공통전력운영계약팀,일반경쟁,총액제,적격심사제,202405081035,20240508,낙찰
정상공고,EBB0137,1,7520,***,와이어로프 조립체,2024,EBB,지상공통전력운영계약팀,수의계약,총액제,적격심사제,202405081100,20240508,유찰
긴급공고,EBB0156,1,8228,***,유공압 부품류,2024,EBB,지상공통전력운영계약팀,수의계약,총액제,적격심사제,202405081040,20240508,유찰
긴급공고,EBB0157,1,8228A,***,유공압 부속류,2024,EBB,지상공통전력운영계약팀,수의계약,총액제,적격심사제,202405081045,20240508,유찰
정상공고,ELA0017,1,1048A,***,냉난방기(대포병탐지레이더-II쉘터용),2024,ELA,화력총괄계약팀,수의계약,총액제,적격심사제,202405081430,20240508,유찰
재공고,HCF0108,2,16223,***,"24-H-45 표지등세트, 비상착륙용 제조",2024,HCF,공군군수사령부,제한경쟁,총액제,적격심사제,202405081030,20240508,유찰
긴급공고,HCF0116,1,17317,***,'24~'25 연동통제소(TADIL-ICS) 유지보수,2024,HCF,공군군수사령부,제한경쟁,총액제,적격심사제,202405081030,20240508,낙찰
긴급공고,HCF0117,1,17318,***,'24~'25 작전상황 전파체계(기지방송망) 유지보수,2024,HCF,공군군수사령부,제한경쟁,총액제,적격심사제,202405081030,20240508,낙찰
긴급공고,HCF0114,1,17576,***,[무장장착장비 부품]밸브조립체 등 10종,2024,HCF,공군군수사령부,제한경쟁,총액제,적격심사제,202405081030,20240508,유찰
긴급공고,HCF0115,1,17580,***,"[패트리어트 시스템프레임 부품]판,균형기용 등 89종",2024,HCF,공군군수사령부,일반경쟁,총액제,적격심사제,202405081030,20240508,유찰
긴급공고,HCF0110,1,18142,***,여군 하이힐 제조,2024,HCF,공군군수사령부,제한경쟁,총액제,적격심사제,202405081030,20240508,유찰
긴급공고,HCF0111,1,18371,***,"24-H-12 산탄총, 12게이지, 조수퇴치용",2024,HCF,공군군수사령부,제한경쟁,총액제,적격심사제,202405081030,20240508,유찰
긴급공고,HCF0118,1,18624,***,'24~'25 방공관제레이다 증폭기(PDD) 외주정비,2024,HCF,공군군수사령부,제한경쟁,총액제,적격심사제,202405081030,20240508,유찰
긴급공고,HDM0031,1,16267,***,[24-0069] 24-5차 일반소모성자재(GUC) 구매,2024,HDM,공군제17전투비행단,일반경쟁,총액제,적격심사제,202405081100,20240508,낙찰
긴급공고,LCF0142,1,04781,***,"어댑터, 소켓렌치용 등 45항목 구매(특무공구)",2024,LCF,육군군수사령부,일반경쟁,총액제,적격심사제,202405081100,20240508,낙찰
재공고,LCF0100,2,04867,***,탄통조립체 등 2항목 구매(항공),2024,LCF,육군군수사령부,제한경쟁,총액제,적격심사제,202405081100,20240508,순위확정
긴급공고,LCF0159,1,05884,***,창상드레싱 등 2항목 구매(의무),2024,LCF,육군군수사령부,제한경쟁,총액제,적격심사제,202405081100,20240508,유찰
긴급공고,LCF0157,1,06258,***,원심분리기 등 4항목 구매(의무),2024,LCF,육군군수사령부,제한경쟁,총액제,적격심사제,202405081100,20240508,낙찰
긴급공고,LCF0156,1,06314,***,조직분쇄기 등 8항목 구매(의무),2024,LCF,육군군수사령부,제한경쟁,총액제,적격심사제,202405081100,20240508,낙찰
긴급공고,LCF0131,1,07236,***,"계전기, 전자식 등 10항목 생산능력확인제조(자주포)",2024,LCF,육군군수사령부,제한경쟁,총액제,적격심사제,202405081030,20240508,유찰
긴급공고,LCF0141,1,07496,***,태극기도르래 등 3항목 구매(물자),2024,LCF,육군군수사령부,제한경쟁,총액제,적격심사제,202405081100,20240508,낙찰
정정공고,LCF0130,2,07879,***,호스 조립체 등 63항목 생산능력확인제조(자주포),2024,LCF,육군군수사령부,제한경쟁,총액제,적격심사제,202405081030,20240508,유찰
긴급공고,LCF0132,1,08519,***,평판형 오일리스 베어링 등 7항목 제조(특무),2024,LCF,육군군수사령부,제한경쟁,총액제,적격심사제,202405081030,20240508,낙찰
재공고,LCF0105,2,09478,***,"케이블 조립체, 양극, 전지용 등 4항목 구매(기장)",2024,LCF,육군군수사령부,제한경쟁,총액제,적격심사제,202405081100,20240508,유찰
정정공고,LCF0153,2,10297,***,"덮개,입구용 등 17항목 생산능력확인제조(특무)",2024,LCF,육군군수사령부,제한경쟁,총액제,적격심사제,202405081030,20240508,유찰
긴급공고,LCF0152,1,10758,***,"축,직선형 등 13항목 생산능력확인제조(특무)",2024,LCF,육군군수사령부,제한경쟁,총액제,적격심사제,202405081030,20240508,유찰
재공고,LCF0113,5,12730,***,"오일, 봉합재 등 107항목 생산능력제조(기장)",2024,LCF,육군군수사령부,제한경쟁,총액제,적격심사제,202405081100,20240508,유찰
정정공고,LCF0113,4,12730,***,"오일, 봉합재 등 107항목 생산능력제조(기장)",2024,LCF,육군군수사령부,제한경쟁,총액제,적격심사제,202405081100,20240508,유찰
긴급공고,LCF0154,1,12740,***,온도조정장치 등 4항목 구매(기장),2024,LCF,육군군수사령부,제한경쟁,총액제,적격심사제,202405081100,20240508,순위확정
긴급공고,LCF0161,1,12757,***,"리테이너, 이송용 등 12항목 생산능력제조(기장)",2024,LCF,육군군수사령부,제한경쟁,총액제,적격심사제,202405081100,20240508,유찰
긴급공고,LCF0145,1,12858,***,"코드 조립체,고무제 등 296항목 제조(궤도,묶음-001)",2024,LCF,육군군수사령부,제한경쟁,총액제,적격심사제,202405081130,20240508,유찰
긴급공고,LCF0162,1,12957,***,쉬일드 및 판조립체 등 15항목 생산능력제조(기장),2024,LCF,육군군수사령부,제한경쟁,총액제,적격심사제,202405081100,20240508,유찰
긴급공고,LCF0163,1,12961,***,"축, 덮개용 등 24항목 생산능력제조(기장)",2024,LCF,육군군수사령부,제한경쟁,총액제,적격심사제,202405081100,20240508,낙찰
긴급공고,LCF0164,1,12964,***,"과급기, 엔진용 비항공기용 등 1항목 생산능력(기장)",2024,LCF,육군군수사령부,제한경쟁,총액제,적격심사제,202405081100,20240508,유찰
긴급공고,LCF0144,1,14590,***,"시일,밀봉형 등 79항목 구매(일장-001)",2024,LCF,육군군수사령부,제한경쟁,총액제,적격심사제,202405081130,20240508,낙찰
긴급공고,LCF0151,1,14877,***,"쐐기,궤도슈우용 등 2항목 제조(궤도-004)",2024,LCF,육군군수사령부,제한경쟁,총액제,적격심사제,202405081130,20240508,낙찰
긴급공고,LCF0160,1,16996,***,"패드, 복부용 등 6항목 구매(의무)",2024,LCF,육군군수사령부,제한경쟁,총액제,적격심사제,202405081100,20240508,낙찰
긴급공고,LCF0140,1,17065,***,"렌치 세트,소켓용 등 48항목(특무공구)",2024,LCF,육군군수사령부,일반경쟁,총액제,적격심사제,202405081100,20240508,낙찰
긴급공고,LCF0158,1,17106,***,멸균거즈 등 4항목 구매(의무),2024,LCF,육군군수사령부,제한경쟁,총액제,적격심사제,202405081100,20240508,낙찰
긴급공고,LCF0139,1,17335,***,항법가방 등 2항목 제조(피복),2024,LCF,육군군수사령부,제한경쟁,총액제,적격심사제,202405081100,20240508,낙찰
긴급공고,LCF0128,1,17552,***,"등,등화관제용 등 3항목 생산능력(총포)",2024,LCF,육군군수사령부,제한경쟁,총액제,적격심사제,202405081030,20240508,유찰
긴급공고,LCF0129,1,17553,***,"베어링,롤러식 등 9항목 생산능력확인제조(자주포)",2024,LCF,육군군수사령부,제한경쟁,총액제,적격심사제,202405081030,20240508,유찰
긴급공고,LCF0127,1,17554,***,"튜브 조립체,금속제 등 89항목 생산능력제조(자주포)",2024,LCF,육군군수사령부,제한경쟁,총액제,적격심사제,202405081030,20240508,유찰
긴급공고,LCF0133,1,17766,***,"호스 실리콘,블래이드 등 72항목 제조(일장,생산-012)",2024,LCF,육군군수사령부,제한경쟁,총액제,적격심사제,202405081130,20240508,유찰
긴급공고,LCF0134,1,17773,***,하네스 등 24항목 생산능력확인제조(일장--006),2024,LCF,육군군수사령부,제한경쟁,총액제,적격심사제,202405081130,20240508,유찰
긴급공고,LCF0136,1,17776,***,"스프링,나선형,압축 등 34항목 생산능력확인제조((궤",2024,LCF,육군군수사령부,제한경쟁,총액제,적격심사제,202405081130,20240508,유찰
긴급공고,LCF0138,1,17779,***,"펌프,회전식 등 2항목 생산능력확인제조(궤도013)",2024,LCF,육군군수사령부,제한경쟁,총액제,적격심사제,202405081130,20240508,유찰
긴급공고,LCF0147,1,17801,***,"조절기,트랙 등 6항목 생산능력확인 제조(궤도001)",2024,LCF,육군군수사령부,제한경쟁,총액제,적격심사제,202405081130,20240508,유찰
긴급공고,LCF0148,1,17802,***,"가열기,차량용,객실용 등 2항목 제조(궤도010)",2024,LCF,육군군수사령부,제한경쟁,총액제,적격심사제,202405081130,20240508,유찰
긴급공고,LCF0167,1,17803,***,"체인조립체, 타이어용 등 3항목 생산능력제조(기장)",2024,LCF,육군군수사령부,제한경쟁,총액제,적격심사제,202405081100,20240508,유찰
긴급공고,LCF0149,1,17902,***,"뚜껑,렌즈용 등 27항목 제조(궤도,생산능력010)",2024,LCF,육군군수사령부,제한경쟁,총액제,적격심사제,202405081130,20240508,유찰
긴급공고,LCP0034,1,18169,***,'24년 제초관리 용역(중부권),2024,LCP,육군항공사령부,제한경쟁,총액제,적격심사제,202405081130,20240508,낙찰
긴급공고,LCP0036,1,18183,***,'24년 제초관리 용역(남부권),2024,LCP,육군항공사령부,제한경쟁,총액제,적격심사제,202405081130,20240508,낙찰
정상공고,LDC0011,1,17821,001,사업장 비배출계 폐기물 처리용역,2024,LDC,육군과학화전투훈련단,제한경쟁,단가제,적격심사제,202405081030,20240508,낙찰
재공고,LDG0033,2,15912,***,천마유도탄 수송용기 1개 품목 제조/생산능력,2024,LDG,육군 탄약지원사령부,제한경쟁,총액제,적격심사제,202405081030,20240508,유찰
정상공고,LDG0038,1,18065,***,열전지(천무유도탄용) 1품목 구매,2024,LDG,육군 탄약지원사령부,일반경쟁,총액제,적격심사제,202405081030,20240508,유찰
정상공고,LDH0443,1,17224,***,(자재) 화학저항페인트 폴리우레탄피복제 등 6종 제조,2024,LDH,육군종합정비창,제한경쟁,총액제,적격심사제,202405081300,20240508,유찰
정상공고,LDH0438,1,17568,***,"K200 기어,스퍼형 1종 구매",2024,LDH,육군종합정비창,제한경쟁,총액제,적격심사제,202405081300,20240508,낙찰
정상공고,LDH0439,1,17571,***,발칸총포 백셀 등 2종 구매,2024,LDH,육군종합정비창,제한경쟁,총액제,적격심사제,202405081300,20240508,유찰
긴급공고,LFC0038,1,17734,***,24년 부대조달 콩나물(세척) 구매,2024,LFC,육군훈련소,제한경쟁,총액제,적격심사제,202405081100,20240508,낙찰
긴급공고,LHM0045,1,17672,***,24년 음식물쓰레기 처리용역,2024,LHM,제15보병사단,일반경쟁,총액제,적격심사제,202405081100,20240508,낙찰
긴급공고,LHR0025,1,17651,***,24년 충북지역 군부대 제초용역,2024,LHR,육군 제37보병사단,제한경쟁,총액제,적격심사제,202405081030,20240508,낙찰
긴급공고,LKD0043,1,18328,***,24년 제초관리용역(사단 사령부 및 99여단),2024,LKD,제32보병사단,제한경쟁,총액제,적격심사제,202405081100,20240508,낙찰
재공고,LKP0086,2,13731,***,24년 전반기 국기검 자동차정비 실기교육 물품구매,2024,LKP,5군수지원사령부,제한경쟁,총액제,적격심사제,202405081100,20240508,유찰
정상공고,LKP0089,1,17212,***,24년 디지털 인쇄재료 구매,2024,LKP,5군수지원사령부,제한경쟁,총액제,적격심사제,202405081100,20240508,낙찰
정상공고,LPT0004,1,17984,***,여성필수시설 신축 컨테이너 제조설치납품,2024,LPT,제75보병사단,제한경쟁,총액제,적격심사제,202405081100,20240508,낙찰
긴급공고,MCM0007,1,18251,***,사이버 침해사고 조사도구 라이선스 구매,2024,MCM,4284부대,제한경쟁,총액제,적격심사제,202405081030,20240508,낙찰
정상공고,MDG0131,1,14840,***,24년 식기세척기 임차 용역,2024,MDG,국군의무사령부,일반경쟁,총액제,적격심사제,202405081100,20240508,유찰
정상공고,MDJ0030,1,18010,***,24년 보장구 연간계약,2024,MDJ,국군대전병원,일반경쟁,총액제,적격심사제,202405081030,20240508,낙찰
정정공고,MDJ0033,2,18049,***,병건강검진소모품 연간계약,2024,MDJ,국군대전병원,일반경쟁,총액제,적격심사제,202405081030,20240508,낙찰
정정공고,MHD0031,2,10764,***,군용총포등 안전보건경영시스템 컨설팅 지원사업,2024,MHD,방위사업청(운영지원과),협상에의한계약(전자),총액제,최저가격제,202405081500,20240508,낙찰
재공고,SCF0372,2,10289,***,"윤활유, 냉매 압축기용 30EA 구매",2024,SCF,해군군수사령부,제한경쟁,총액제,적격심사제,202405081030,20240508,낙찰
긴급공고,SCF0410,1,10548,***,축받이 조립체 등 8품목 구매,2024,SCF,해군군수사령부,제한경쟁,총액제,적격심사제,202405081030,20240508,낙찰
긴급공고,SCF0411,1,10553,***,"연결봉,피스톤용 등 21종 구매",2024,SCF,해군군수사령부,제한경쟁,총액제,적격심사제,202405081030,20240508,낙찰
긴급공고,SCF0412,1,10642,001,24년 항공유(JP-5) 구매,2024,SCF,해군군수사령부,일반경쟁,단가제,적격심사제,202405081030,20240508,유찰
재공고,SCF0293,2,10683,***,"안면보호구,공장직공용 등 8종 구매",2024,SCF,해군군수사령부,제한경쟁,총액제,적격심사제,202405081030,20240508,낙찰
긴급공고,SCF0427,1,10721,***,베어링 등 44종 구매,2024,SCF,해군군수사령부,제한경쟁,총액제,적격심사제,202405081030,20240508,낙찰
긴급공고,SCF0442,1,10874,***,'24~'26년 함정용 위성방송 수신안테나 유지보수 용역,2024,SCF,해군군수사령부,일반경쟁,총액제,적격심사제,202405081030,20240508,낙찰
긴급공고,SCF0435,1,12487,***,"제주 잠수함 훈련장비(저주파, 대함) 유지보수 용역",2024,SCF,해군군수사령부,일반경쟁,총액제,적격심사제,202405081030,20240508,낙찰
정정공고,SCF0415,2,12679,***,개스킷 등 15종 구매,2024,SCF,해군군수사령부,제한경쟁,총액제,적격심사제,202405081030,20240508,낙찰
긴급공고,SCF0434,1,13203,***,"전지,축전식 등 2품목 구매",2024,SCF,해군군수사령부,제한경쟁,총액제,적격심사제,202405081030,20240508,낙찰
긴급공고,SCF0418,1,14092,***,공기압축기 구매,2024,SCF,해군군수사령부,제한경쟁,총액제,적격심사제,202405081030,20240508,낙찰
긴급공고,SCF0417,1,14095,***,건조오븐 구매,2024,SCF,해군군수사령부,제한경쟁,총액제,적격심사제,202405081030,20240508,낙찰
긴급공고,SCF0425,1,14179,***,압력펌프시험기 1EA 구매,2024,SCF,해군군수사령부,제한경쟁,총액제,적격심사제,202405081030,20240508,낙찰
긴급공고,SCF0424,1,14820,***,오-링 등 12종 구매,2024,SCF,해군군수사령부,제한경쟁,총액제,적격심사제,202405081030,20240508,낙찰
긴급공고,SCF0431,1,15367,***,수분검사기 구매,2024,SCF,해군군수사령부,제한경쟁,총액제,적격심사제,202405081030,20240508,낙찰
긴급공고,SCF0433,1,15542,***,조끼 및 두건 46EA 구매,2024,SCF,해군군수사령부,제한경쟁,총액제,적격심사제,202405081030,20240508,낙찰
긴급공고,SCF0419,1,16491,***,(긴급) 시일홀더 가스켓 등 98종,2024,SCF,해군군수사령부,제한경쟁,총액제,적격심사제,202405081030,20240508,낙찰
긴급공고,SCF0422,1,16492,***,(긴급) 기어드라이브 윤활유펌프 등 10종,2024,SCF,해군군수사령부,제한경쟁,총액제,적격심사제,202405081030,20240508,낙찰
긴급공고,SCF0421,1,16502,***,"(긴급) 밸브, 스톱-체크형 등 57종",2024,SCF,해군군수사령부,제한경쟁,총액제,적격심사제,202405081030,20240508,낙찰
긴급공고,SCF0420,1,16505,***,(긴급) 회로카드 조립체 등 57종,2024,SCF,해군군수사령부,제한경쟁,총액제,적격심사제,202405081030,20240508,낙찰
긴급공고,SCF0439,2,16981,***,"LCU 추진기관 5,000H 외주정비",2024,SCF,해군군수사령부,일반경쟁,총액제,적격심사제,202405081030,20240508,유찰
긴급공고,SCF0426,1,17283,***,"호스,비금속제 15종 구매",2024,SCF,해군군수사령부,제한경쟁,총액제,적격심사제,202405081030,20240508,낙찰
긴급공고,SCF0414,1,17722,001,24년 저유황경유(도서) 등 3종 구매,2024,SCF,해군군수사령부,일반경쟁,단가제,적격심사제,202405081030,20240508,유찰
긴급공고,SCF0414,1,17722,002,24년 저유황경유(도서) 등 3종 구매,2024,SCF,해군군수사령부,일반경쟁,단가제,적격심사제,202405081030,20240508,유찰
긴급공고,SCF0414,1,17722,003,24년 저유황경유(도서) 등 3종 구매,2024,SCF,해군군수사령부,일반경쟁,단가제,적격심사제,202405081030,20240508,유찰
긴급공고,SCF0440,1,17731,***,PC-3000 Express upgrade kit 1종,2024,SCF,해군군수사령부,제한경쟁,총액제,적격심사제,202405081030,20240508,낙찰
긴급공고,SCF0430,1,18041,001,24년 LPG 1종 구매,2024,SCF,해군군수사령부,제한경쟁,단가제,적격심사제,202405081030,20240508,낙찰
긴급공고,SCF0436,1,18381,001,AIP산소 구매,2024,SCF,해군군수사령부,제한경쟁,단가제,적격심사제,202405081030,20240508,낙찰
긴급공고,SCK0052,1,18495,***,혈구계산기(자동식) 1대 구매 설치,2024,SCK,해군교육사령부,일반경쟁,총액제,적격심사제,202405081030,20240508,낙찰
긴급공고,SCR0047,1,15511,***,24~27 간부숙소 TV 및 인터넷 서비스 용역,2024,SCR,해군제3함대사령부,제한경쟁,총액제,적격심사제,202405081030,20240508,유찰
정상공고,UMM0517,1,06537,***,24-F-전자감응식 헤드셋 2종구매(249059-F),2024,UMM,국군재정관리단,제한경쟁,총액제,적격심사제,202405081100,20240508,낙찰
정상공고,UMM0531,1,08656,***,(247086-C) 보장구 70종 구매,2024,UMM,국군재정관리단,일반경쟁,총액제,적격심사제,202405081100,20240508,낙찰
정상공고,UMM0506,1,10704,***,"24~25-F-변환기,전력용,정지형 제조",2024,UMM,국군재정관리단,일반경쟁,총액제,적격심사제,202405081100,20240508,낙찰
정상공고,UMM0507,1,11559,***,24-N-00사령부 조경 및 제초 관리용역,2024,UMM,국군재정관리단,일반경쟁,총액제,적격심사제,202405081100,20240508,낙찰
긴급공고,UMM0514,1,12606,***,24-N-표적예인용 드론 제조,2024,UMM,국군재정관리단,일반경쟁,총액제,적격심사제,202405081100,20240508,유찰
긴급공고,UMM0529,1,13867,***,24-N-청수펌프 6㎥/HR 2EA 제조,2024,UMM,국군재정관리단,제한경쟁,총액제,적격심사제,202405081100,20240508,낙찰
정상공고,UMM0521,1,13910,***,24-D-냉난방기 구매,2024,UMM,국군재정관리단,제한경쟁,총액제,적격심사제,202405081100,20240508,낙찰
정상공고,UMM0534,1,14337,***,(24F135-B) 24년 ASP 방화지대 구축용역(북부권),2024,UMM,국군재정관리단,제한경쟁,총액제,적격심사제,202405081100,20240508,낙찰
정상공고,UMM0525,1,14818,***,24-N-재난텐트 구매,2024,UMM,국군재정관리단,제한경쟁,총액제,적격심사제,202405081100,20240508,낙찰
정상공고,UMM0518,1,15441,***,24-F-00기지 활주로 제초용역,2024,UMM,국군재정관리단,제한경쟁,총액제,적격심사제,202405081100,20240508,낙찰
재공고,UMM0489,2,15780,***,(24F040-I) 24년 식자재 민간위탁 배송용역(00급양대),2024,UMM,국군재정관리단,일반경쟁,총액제,적격심사제,202405081100,20240508,낙찰
정상공고,UMM0535,1,16622,***,(24F150-B) 군단 직할부대 제초용역,2024,UMM,국군재정관리단,제한경쟁,총액제,적격심사제,202405081100,20240508,낙찰
정상공고,UMM0533,1,16690,***,24-N-0전단 예초관리 용역,2024,UMM,국군재정관리단,제한경쟁,총액제,적격심사제,202405081100,20240508,낙찰
정상공고,UMM0532,1,17887,***,24-N-공병업무지원용 드론 제조,2024,UMM,국군재정관리단,일반경쟁,총액제,적격심사제,202405081100,20240508,낙찰
긴급공고,UMM0546,1,18535,***,24-N-근조화환 지원 용역,2024,UMM,국군재정관리단,제한경쟁,총액제,적격심사제,202405081100,20240508,낙찰
긴급공고,HCR0024,1,18037,***,공기청정기 필터 등 6종(24-052),2024,HCR,공군제15특수임무비행단,제한경쟁,총액제,적격심사제,202405071330,20240507,낙찰
긴급공고,HDF0043,1,18247,***,[복지대대] 간부식당(일심회관) 식자재,2024,HDF,공군 제8전투비행단,일반경쟁,총액제,적격심사제,202405071100,20240507,낙찰
긴급공고,HDF0044,1,18254,***,[복지대대] 간부식당(일심회관) 김치류,2024,HDF,공군 제8전투비행단,일반경쟁,총액제,적격심사제,202405071100,20240507,유찰
재공고,HDQ0036,2,15902,***,24-지정폐기물 위탁처리 용역,2024,HDQ,제20전투비행단,일반경쟁,총액제,적격심사제,202405071100,20240507,유찰
긴급공고,HDS0006,1,18020,***,'24년 액화석유가스(LPG) 장기 구매 계약,2024,HDS,공군미사일방어사령부,제한경쟁,총액제,적격심사제,202405071100,20240507,낙찰
재공고,LCF0109,2,12053,***,"커플링하프,축용 등 15항목 제조(궤도,생산-011)",2024,LCF,육군군수사령부,제한경쟁,총액제,적격심사제,202405071130,20240507,유찰
긴급공고,LCF0125,1,12828,***,심 등 57항목 생산능력확인제조(궤도),2024,LCF,육군군수사령부,제한경쟁,총액제,적격심사제,202405071130,20240507,유찰
긴급공고,LCF0124,1,12912,***,"감소기,튜브형 등 26항목 생산능력확인제조(일장-003)",2024,LCF,육군군수사령부,제한경쟁,총액제,적격심사제,202405071130,20240507,유찰
긴급공고,LCF0123,1,13566,***,치인 조립체 등 2항목 제조(일장-010),2024,LCF,육군군수사령부,제한경쟁,총액제,적격심사제,202405071130,20240507,유찰
긴급공고,LCF0126,1,17610,***,핀 등 258항목 생산능력확인제조(일장--009),2024,LCF,육군군수사령부,제한경쟁,총액제,적격심사제,202405071130,20240507,유찰
정상공고,LDH0436,1,17436,***,(자재) 락카스프레이 황색 등 12종 구매,2024,LDH,육군종합정비창,제한경쟁,총액제,적격심사제,202405071300,20240507,낙찰
정상공고,LDH0437,1,17457,***,(자재) 제재목 등 3종 제조,2024,LDH,육군종합정비창,제한경쟁,총액제,적격심사제,202405071300,20240507,유찰
긴급공고,LMP0021,1,17635,***,24년 제초용역 계약의뢰,2024,LMP,제3보병사단,일반경쟁,총액제,적격심사제,202405071100,20240507,낙찰
긴급공고,MCJ0003,1,09836,***,00부대 EMP 보호시설 구축 선행연구 용역,2024,MCJ,국방통합데이터센터,협상에의한계약(전자),총액제,최저가격제,202405071100,20240507,낙찰
긴급공고,MDD0075,1,16946,***,24년 국군수도병원 출입통제체계 유지관리 용역,2024,MDD,국군수도병원,제한경쟁,총액제,적격심사제,202405071000,20240507,낙찰
정상공고,MDF0015,1,17464,***,회의실 브리핑시스템 노후 교체사업,2024,MDF,국군지휘통신사령부,일반경쟁,총액제,적격심사제,202405071100,20240507,낙찰
정상공고,MDG0137,1,16160,***,24-2차 의무비품(근관장측정기) 구매,2024,MDG,국군의무사령부,제한경쟁,총액제,적격심사제,202405071100,20240507,낙찰
긴급공고,MDG0138,1,16161,***,24-2차 의무비품(투약용카트 등 6종) 구매,2024,MDG,국군의무사령부,제한경쟁,총액제,적격심사제,202405071100,20240507,낙찰
정상공고,MDG0136,1,16955,***,24-1차 재생토너(MLT-D203 등 14종) 제조,2024,MDG,국군의무사령부,제한경쟁,총액제,적격심사제,202405071100,20240507,낙찰
정상공고,MDG0132,1,17344,***,응급처치 전신마네킹 등 2종 구매,2024,MDG,국군의무사령부,제한경쟁,총액제,적격심사제,202405071100,20240507,낙찰
정상공고,MDG0134,1,17527,***,임플란트2 8종 구매,2024,MDG,국군의무사령부,제한경쟁,총액제,적격심사제,202405071100,20240507,낙찰
정상공고,UDA0010,1,18090,***,00부대 신출 병영생활관 LPG 공급,2024,UDA,제3190부대,제한경쟁,총액제,적격심사제,202405071100,20240507,낙찰
정상공고,UMM0492,1,10443,***,24-D-전자동 GSR 주사전자현미경 구매,2024,UMM,국군재정관리단,일반경쟁,총액제,적격심사제,202405071100,20240507,유찰
정상공고,UMM0493,1,11238,***,"24~25-F-보트,인원 수송용 제조",2024,UMM,국군재정관리단,일반경쟁,총액제,적격심사제,202405071100,20240507,낙찰
정상공고,UMM0509,1,11526,***,24-N-파이프 벤딩기 A형 1대 구매,2024,UMM,국군재정관리단,제한경쟁,총액제,적격심사제,202405071100,20240507,낙찰
정상공고,UMM0523,1,16106,***,24-N-고속무인표적정 제조 설치,2024,UMM,국군재정관리단,일반경쟁,총액제,적격심사제,202405071100,20240507,유찰
정상공고,EBB0118,1,0760,***,윤활유 정유기,2024,EBB,지상공통전력운영계약팀,일반경쟁,총액제,적격심사제,202405031100,20240503,낙찰
정상공고,EBB0121,1,1101,***,"취사기, 트레일러 탑재식(400명분) 및 수리부속류",2024,EBB,지상공통전력운영계약팀,일반경쟁,총액제,적격심사제,202405031100,20240503,낙찰
정상공고,EBB0122,1,1102,***,"취사기, 트레일러 탑재식(800명분) 및 수리부속류",2024,EBB,지상공통전력운영계약팀,수의계약,총액제,적격심사제,202405031100,20240503,유찰
정상공고,EBB0124,1,1635A,***,"패널, 차량작동용",2024,EBB,지상공통전력운영계약팀,일반경쟁,총액제,적격심사제,202405031100,20240503,낙찰
정상공고,EBB0120,1,4013B,***,K계열전차 포신 부품류(구매),2024,EBB,지상공통전력운영계약팀,제한경쟁,총액제,적격심사제,202405031400,20240503,낙찰
정상공고,EBB0115,1,5000,***,구동제어장치류,2024,EBB,지상공통전력운영계약팀,일반경쟁,총액제,적격심사제,202405031100,20240503,낙찰
정상공고,EBB0117,1,5085,***,장갑차 부품,2024,EBB,지상공통전력운영계약팀,일반경쟁,총액제,적격심사제,202405031300,20240503,낙찰
연기공고,EBB0075,2,5142,***,계기 및 계기부품류,2024,EBB,지상공통전력운영계약팀,수의계약,총액제,적격심사제,202405031030,20240503,유찰
정상공고,EBB0123,1,6966,***,케이블 및 배선장치류,2024,EBB,지상공통전력운영계약팀,일반경쟁,총액제,적격심사제,202405031100,20240503,낙찰
연기공고,EBB0080,2,8525,***,장갑차 전장품류,2024,EBB,지상공통전력운영계약팀,수의계약,총액제,적격심사제,202405031030,20240503,유찰
재공고,EBB0053,2,A1058,***,"24년~25년 UH-60 셀,전지용",2024,EBB,지상공통전력운영계약팀,일반경쟁,총액제,적격심사제,202405031400,20240503,낙찰
재공고,EBB0055,2,A2850,***,24년~25년 (500MD) 밧데리 17 AMP 제조,2024,EBB,지상공통전력운영계약팀,수의계약,총액제,적격심사제,202405031100,20240503,유찰
긴급공고,HCG0015,1,17466,***,'24년 Pitch Black 훈련 참가지원 용역,2024,HCG,공군본부,일반경쟁,총액제,적격심사제,202405031400,20240503,낙찰
긴급공고,LBB0012,1,16875,***,'24년  정비피복 제조 구매,2024,LBB,육군제7789부대,2단계경쟁(동시),총액제,최저가격제,202405031100,20240503,유찰
정상공고,LDH0435,1,17166,***,(화공) 크실렌 1종구매,2024,LDH,육군종합정비창,제한경쟁,총액제,적격심사제,202405031300,20240503,낙찰
긴급공고,LHG0019,1,17364,***,‘24년 민간인력 제초관리용역,2024,LHG,제1862부대,일반경쟁,총액제,적격심사제,202405031030,20240503,낙찰
정상공고,LKP0088,1,16006,***,'24년 2분기 부대계약(증식류) 구매,2024,LKP,5군수지원사령부,제한경쟁,총액제,적격심사제,202405031030,20240503,낙찰
긴급공고,LPK0007,1,17461,***,24년 음식물류 폐기물 처리 용역,2024,LPK,제8기동사단,일반경쟁,총액제,적격심사제,202405031100,20240503,낙찰
정상공고,MCD0016,1,15020,***,국방안전관리정보체계 최적 구축방안 연구,2024,MCD,국방부(운영지원과),협상에의한계약(전자),총액제,최저가격제,202405031700,20240503,낙찰
정상공고,MDG0130,1,15473,***,24년 의무장비(원심분리기 세포형) 구매,2024,MDG,국군의무사령부,제한경쟁,총액제,적격심사제,202405031100,20240503,낙찰
정상공고,SFC0046,1,17312,***,24-덕-자주식 잔디깍이 등 5품목 구매,2024,SFC,제9691부대,제한경쟁,총액제,적격심사제,202405031030,20240503,낙찰
긴급공고,SFC0047,1,17496,***,경종 등 205품목 구매,2024,SFC,제9691부대,제한경쟁,총액제,적격심사제,202405031030,20240503,낙찰
정상공고,UMM0510,1,12621,***,(247117-D) 의약품(마약류) 13품목 구매,2024,UMM,국군재정관리단,제한경쟁,총액제,적격심사제,202405031100,20240503,유찰
정상공고,UMM0513,1,14142,***,(24F100-I) 렌탈프린터 임차용역,2024,UMM,국군재정관리단,일반경쟁,총액제,적격심사제,202405031100,20240503,낙찰
정상공고,UMM0512,1,14159,***,(246176-E) 절삭유 통합 공급장치 제조 설치,2024,UMM,국군재정관리단,일반경쟁,총액제,적격심사제,202405031100,20240503,유찰
정상공고,UMM0511,1,14894,***,(247122-D)산소이송 승압펌프 구매,2024,UMM,국군재정관리단,제한경쟁,총액제,적격심사제,202405031100,20240503,낙찰
정상공고,EBB0119,1,1618,***,송풍기류,2024,EBB,지상공통전력운영계약팀,수의계약,총액제,적격심사제,202405021400,20240502,유찰
정상공고,EBB0110,1,2500G,***,24년 야간투시경 부품류(구매),2024,EBB,지상공통전력운영계약팀,일반경쟁,총액제,적격심사제,202405021430,20240502,순위확정
정상공고,EBB0109,1,5910,***,24년 단안형 야간투시경 부품류,2024,EBB,지상공통전력운영계약팀,수의계약,총액제,적격심사제,202405021430,20240502,유찰
긴급공고,HCF0108,1,16223,***,"24-H-45 표지등세트, 비상착륙용 제조",2024,HCF,공군군수사령부,제한경쟁,총액제,적격심사제,202405021030,20240502,유찰
긴급공고,HCF0109,1,16524,***,[60전대]TIG 용접기 구매,2024,HCF,공군군수사령부,제한경쟁,총액제,적격심사제,202405021030,20240502,낙찰
긴급공고,HCM0043,2,17410,***,24-04-130 파형측정기 1품목 구매,2024,HCM,공군교육사령부,제한경쟁,총액제,적격심사제,202405021030,20240502,낙찰
긴급공고,HCQ0025,1,16101,***,[24-061] 방탄복 등 4종(재공고),2024,HCQ,공군제5공중기동비행단,2단계경쟁(동시),총액제,최저가격제,202405021000,20240502,유찰
긴급공고,HCQ0026,1,16103,***,[24-059] 대테러복 등 4종(재공고),2024,HCQ,공군제5공중기동비행단,2단계경쟁(동시),총액제,최저가격제,202405021000,20240502,유찰
긴급공고,HDQ0041,1,17433,***,"24-육,해상사격장 환경조사 용역",2024,HDQ,제20전투비행단,일반경쟁,총액제,적격심사제,202405021030,20240502,낙찰
재공고,LCF0114,2,10789,***,가이드튜우브조립체등54항목 생산능력확인제조(기장),2024,LCF,육군군수사령부,제한경쟁,총액제,적격심사제,202405021100,20240502,유찰
재공고,LCF0115,2,10887,***,제동자 등 2항목 생산능력제조(기장),2024,LCF,육군군수사령부,제한경쟁,총액제,적격심사제,202405021100,20240502,유찰
재공고,LCF0117,2,10893,***,"밸브, 셔틀 등 8항목 생산능력제조(기장)",2024,LCF,육군군수사령부,제한경쟁,총액제,적격심사제,202405021100,20240502,유찰
재공고,LCF0120,2,12743,***,호이스트 윈치 케이스용 가스켓 등 28항목 제조(기장),2024,LCF,육군군수사령부,제한경쟁,총액제,적격심사제,202405021100,20240502,유찰
정상공고,LDH0434,1,15995,***,K1전차 봉합재 등 5종 구매,2024,LDH,육군종합정비창,제한경쟁,총액제,적격심사제,202405021300,20240502,낙찰
긴급공고,LGM0020,1,17389,***,(24-용역-01) 24년 얼음정수기 임차 용역,2024,LGM,제11기동사단,일반경쟁,총액제,적격심사제,202405021030,20240502,낙찰
긴급공고,LGP0083,1,17273,001,24년 인천 및 경기북부지역 LPG 구매(수정),2024,LGP,제1군수지원사령부,제한경쟁,단가제,적격심사제,202405021100,20240502,낙찰
긴급공고,LGT0036,1,16643,***,'24년 군 주거시설 정기안전점검 용역(24-GS-9),2024,LGT,제2307부대,제한경쟁,총액제,적격심사제,202405021030,20240502,낙찰
긴급공고,LGT0040,1,17498,***,''24년~'27년 식기세척기 임차 용역(24-GS-7),2024,LGT,제2307부대,제한경쟁,총액제,적격심사제,202405021100,20240502,낙찰
긴급공고,LHN0034,1,17521,***,(전기-1) 24년 00부대 전기안전관리용역,2024,LHN,제7보병사단,제한경쟁,총액제,적격심사제,202405021030,20240502,유찰
긴급공고,LKT0046,1,17179,***,'24~25년 프린터 임차 용역,2024,LKT,제1989부대,제한경쟁,총액제,적격심사제,202405021030,20240502,유찰
긴급공고,LNF0017,1,17378,***,00부대 간부숙소 신축 관급자재(타일),2024,LNF,제1보병사단,제한경쟁,총액제,적격심사제,202405021100,20240502,낙찰
재공고,MCJ0004,2,14056,***,DIDC 대외인증(ISO) 심사 용역,2024,MCJ,국방통합데이터센터,제한경쟁,총액제,적격심사제,202405021300,20240502,유찰
정상공고,MDD0073,1,15422,***,2024 방사성의약품 PET-CT 2품목 구매,2024,MDD,국군수도병원,제한경쟁,총액제,적격심사제,202405021700,20240502,낙찰
긴급공고,MDI0001,1,17501,***,연대행정 서버기능 개선사업,2024,MDI,제7016부대,제한경쟁,총액제,적격심사제,202405021030,20240502,낙찰
긴급공고,MDI0002,1,17502,***,사이버 방호관제체계 구축사업,2024,MDI,제7016부대,제한경쟁,총액제,적격심사제,202405021030,20240502,낙찰
재공고,SCF0218,2,05593,***,"펌프, 윤활유 이송용 1종 구매",2024,SCF,해군군수사령부,제한경쟁,총액제,적격심사제,202405021030,20240502,낙찰
재공고,SCF0309,2,07306,***,이어폰 엘리먼트 등 2품목 구매,2024,SCF,해군군수사령부,제한경쟁,총액제,적격심사제,202405021030,20240502,낙찰
긴급공고,SCF0403,1,08146,***,회로 차단기 등 21종 구매,2024,SCF,해군군수사령부,제한경쟁,총액제,적격심사제,202405021030,20240502,낙찰
긴급공고,SCF0399,1,08776,***,'24년 MHC 감속기 외주 정비,2024,SCF,해군군수사령부,일반경쟁,총액제,적격심사제,202405021030,20240502,낙찰
긴급공고,SCF0397,1,09182,***,"필터엘리먼트, 흡입공기 정화기용 등 11종",2024,SCF,해군군수사령부,일반경쟁,총액제,적격심사제,202405021430,20240502,낙찰
긴급공고,SCF0394,1,10185,***,합성고무 보온재 등 4품목 구매,2024,SCF,해군군수사령부,일반경쟁,총액제,적격심사제,202405021030,20240502,유찰
긴급공고,SCF0393,1,10187,***,멀티메타 3EA 구매,2024,SCF,해군군수사령부,제한경쟁,총액제,적격심사제,202405021030,20240502,낙찰
재공고,SCF0369,2,10550,***,'24년 함내외 및 함내무선통신체계 유지보수 정비,2024,SCF,해군군수사령부,일반경쟁,총액제,적격심사제,202405021030,20240502,낙찰
긴급공고,SCF0408,1,10871,***,와이퍼 조립체 등 7종 구매,2024,SCF,해군군수사령부,제한경쟁,총액제,적격심사제,202405021030,20240502,낙찰
긴급공고,SCF0405,1,10876,***,팬 조립체 등 20종 구매,2024,SCF,해군군수사령부,제한경쟁,총액제,적격심사제,202405021030,20240502,낙찰
긴급공고,SCF0404,1,10879,***,미케니컬 씰 등 20종 구매,2024,SCF,해군군수사령부,제한경쟁,총액제,적격심사제,202405021030,20240502,낙찰
긴급공고,SCF0407,1,10880,***,"밸브,유량조절용 등 20종 구매",2024,SCF,해군군수사령부,제한경쟁,총액제,적격심사제,202405021030,20240502,낙찰
긴급공고,SCF0402,1,10882,***,결속 가락지 등 3종 구매,2024,SCF,해군군수사령부,제한경쟁,총액제,적격심사제,202405021030,20240502,순위확정
긴급공고,SCF0406,1,13019,***,"체인,체인호이스트용 등 10종 구매",2024,SCF,해군군수사령부,제한경쟁,총액제,적격심사제,202405021030,20240502,낙찰
긴급공고,SCF0398,1,14229,***,조난자무선식별장치(RFID) 유지보수 정비,2024,SCF,해군군수사령부,일반경쟁,총액제,적격심사제,202405021030,20240502,낙찰
긴급공고,SCF0409,1,16616,***,(긴급)연결기 조인트 등 43종,2024,SCF,해군군수사령부,제한경쟁,총액제,적격심사제,202405021030,20240502,낙찰
긴급공고,SCF0400,1,16683,***,"(긴급)전달장치,압력용 등 21종",2024,SCF,해군군수사령부,제한경쟁,총액제,적격심사제,202405021030,20240502,낙찰
긴급공고,SCF0401,1,16685,***,"(긴급)밸브,솔레노이드용 등 47종",2024,SCF,해군군수사령부,제한경쟁,총액제,적격심사제,202405021030,20240502,낙찰
긴급공고,SCU0036,1,14507,***,24-0전단 행사 대행 용역,2024,SCU,해군 기동함대사령부,제한경쟁,총액제,적격심사제,202405021030,20240502,낙찰
긴급공고,SFH0066,1,17207,***,'24년 백령도 복지회관 식자재 구매,2024,SFH,제9196부대,제한경쟁,총액제,적격심사제,202405021030,20240502,낙찰
재공고,UMM0338,2,09293,***,(247063-F) 수술재료7 구매,2024,UMM,국군재정관리단,제한경쟁,총액제,적격심사제,202405021100,20240502,낙찰
정상공고,UMM0461,1,09687,***,24-F-무산동 안저사진기 등 2종 구매,2024,UMM,국군재정관리단,제한경쟁,총액제,적격심사제,202405021100,20240502,낙찰
긴급공고,UMM0524,1,11783,***,(247155-F) 전산운영용품 구매,2024,UMM,국군재정관리단,제한경쟁,총액제,적격심사제,202405021100,20240502,낙찰
긴급공고,UMM0516,1,13244,***,(24F017-G) 24년 VoIP 교환기 유지보수사업(삼성),2024,UMM,국군재정관리단,제한경쟁,총액제,적격심사제,202405021100,20240502,낙찰
긴급공고,UMM0515,1,13245,***,(24F016-G) 24년 VoIP 교환기 유지보수사업(ELG),2024,UMM,국군재정관리단,일반경쟁,총액제,적격심사제,202405021100,20240502,낙찰
긴급공고,UMM0520,1,14201,***,(247016)00부대 VoIP 교환기 구축사업(리스물건),2024,UMM,국군재정관리단,일반경쟁,총액제,적격심사제,202405021100,20240502,낙찰
긴급공고,UMM0522,1,16029,***,(247192-C) 유전자감정장비(자동염기서열분석기) 구매,2024,UMM,국군재정관리단,일반경쟁,총액제,적격심사제,202405021100,20240502,낙찰
정상공고,ETA0001,1,5305,***,해상감시레이더-II 부대정비용 시험장비 및 BII,2024,ETA,감시전자총괄계약팀,일반경쟁,총액제,적격심사제,202405011500,20240501,낙찰
재공고,LCF0111,2,08224,***,"등,겨눔대용 등 7항목 제조(처묶음-특수)",2024,LCF,육군군수사령부,제한경쟁,총액제,적격심사제,202405011030,20240501,유찰
재공고,LCF0118,2,12758,***,"단자, 납땜용 등 5항목 생산능력제조(기장)",2024,LCF,육군군수사령부,제한경쟁,총액제,적격심사제,202405011100,20240501,유찰
재공고,LCF0110,2,15804,***,"볼트,기계용 등 1054항목 제조(자주포)",2024,LCF,육군군수사령부,제한경쟁,총액제,적격심사제,202405011030,20240501,유찰
재공고,LCF0108,2,15966,***,"K1A1전차 튜브조립체, 탄약선반용(21종) 정비",2024,LCF,육군군수사령부,제한경쟁,총액제,적격심사제,202405011030,20240501,유찰
긴급공고,LCF0122,1,16904,***,"링크,트랙슈용,연결용 등 8항목 제조(자주포)",2024,LCF,육군군수사령부,제한경쟁,총액제,적격심사제,202405011030,20240501,낙찰
긴급공고,LCJ0027,1,12544,***,(24육-용역9)스마트 통합물류센터 신축 선행연구 용역,2024,LCJ,종합보급창,협상에의한계약(전자),총액제,최저가격제,202405011000,20240501,낙찰
재공고,LDH0425,2,14771,***,"(기동) 권선,회전자용(온도센서 제외) 등 2종 구매",2024,LDH,육군종합정비창,제한경쟁,총액제,적격심사제,202405011300,20240501,유찰
정상공고,LDH0433,1,15589,***,의무 환자응답스위치 등 11품목 구매,2024,LDH,육군종합정비창,제한경쟁,총액제,적격심사제,202405011300,20240501,낙찰
긴급공고,LGN0003,1,17323,***,'24~27년 얼음정수기 임차 용역,2024,LGN,제3기갑여단,제한경쟁,총액제,적격심사제,202405011030,20240501,순위확정
긴급공고,LHD0020,1,17306,***,제초관리 용역 (X032),2024,LHD,제21보병사단,제한경쟁,총액제,적격심사제,202405011030,20240501,낙찰
긴급공고,LQG0039,1,17263,***,서초훈련대 영상모의사격장비 유지보수 용역,2024,LQG,육군 52보병사단,제한경쟁,총액제,적격심사제,202405011030,20240501,낙찰
긴급공고,LQG0040,1,17269,***,박달훈련대 영상모의사격장비 유지보수 용역,2024,LQG,육군 52보병사단,제한경쟁,총액제,적격심사제,202405011030,20240501,낙찰
긴급공고,LQS0007,1,16555,***,'24~'27년 얼음 냉ㆍ온 정수기 임차 용역,2024,LQS,제3739부대,제한경쟁,총액제,적격심사제,202405011100,20240501,낙찰
정상공고,MDD0074,1,15826,***,2024 외과장비운영소모품(1-2) 2품목 구매,2024,MDD,국군수도병원,제한경쟁,총액제,적격심사제,202405011700,20240501,낙찰
긴급공고,MDF0013,1,13911,***,군 지휘통신체계 유지보수 발전방안 연구용역,2024,MDF,국군지휘통신사령부,협상에의한계약(서류),총액제,최저가격제,202405011400,20240501,낙찰
긴급공고,MHD0044,1,14121,***,과학화경계시스템사업의 기종결정 평가방안 연구,2024,MHD,방위사업청(운영지원과),협상에의한계약(전자),총액제,최저가격제,202405011500,20240501,낙찰
긴급공고,SCF0395,1,07801,***,"잠수함(SS-I, II) 선체 및 실내 청락 도장 용역",2024,SCF,해군군수사령부,일반경쟁,총액제,적격심사제,202405011030,20240501,낙찰
긴급공고,SCF0392,1,13651,***,MHC 추진제어 케이블 정비,2024,SCF,해군군수사령부,일반경쟁,총액제,적격심사제,202405011030,20240501,순위확정
재공고,UMM0248,2,04323,***,(246051-F) 체력단련장 코스관리용 모래 구매,2024,UMM,국군재정관리단,일반경쟁,총액제,적격심사제,202405011100,20240501,낙찰
정상공고,UMM0499,1,11823,***,(246159-B)M15 중대전차지뢰 목상자 등 12품목 제조,2024,UMM,국군재정관리단,일반경쟁,총액제,적격심사제,202405011100,20240501,낙찰
정상공고,UMM0494,1,12849,***,24-M-얼음 냉온정수기 임차 용역,2024,UMM,국군재정관리단,일반경쟁,총액제,적격심사제,202405011100,20240501,낙찰
정상공고,UMM0498,1,16469,***,24-N-절연지 절단기 구매,2024,UMM,국군재정관리단,일반경쟁,총액제,적격심사제,202405011100,20240501,낙찰
긴급공고,EBB0111,1,1555,***,자주포 하우징류,2024,EBB,지상공통전력운영계약팀,수의계약,총액제,적격심사제,202404301030,20240430,유찰
정상공고,EBB0106,1,1617,***,프로펠라 샤후트류,2024,EBB,지상공통전력운영계약팀,수의계약,총액제,적격심사제,202404301330,20240430,유찰
정상공고,EBB0107,1,2E401,***,'24년 수입포,2024,EBB,지상공통전력운영계약팀,일반경쟁,총액제,적격심사제,202404301100,20240430,낙찰
정상공고,EBB0104,1,5310,***,플렌지류,2024,EBB,지상공통전력운영계약팀,일반경쟁,총액제,적격심사제,202404301100,20240430,낙찰
긴급공고,EBB0112,1,8223,***,궤도장비 전장품류,2024,EBB,지상공통전력운영계약팀,수의계약,총액제,적격심사제,202404301100,20240430,유찰
재공고,EBB0054,2,A1508,***,"24~25년 500MD 셀, 전지용",2024,EBB,지상공통전력운영계약팀,수의계약,총액제,적격심사제,202404301100,20240430,유찰
긴급공고,ELA0016,1,5290,***,24년 연막수류탄류,2024,ELA,화력총괄계약팀,일반경쟁,총액제,적격심사제,202404301100,20240430,낙찰
긴급공고,HCF0104,1,12703,***,[무장장착장비 부품]시동모터 등 62종,2024,HCF,공군군수사령부,제한경쟁,총액제,적격심사제,202404301030,20240430,낙찰
긴급공고,HCF0106,1,16013,***,이동용 체인톱 등 2종 구매,2024,HCF,공군군수사령부,제한경쟁,총액제,적격심사제,202404301030,20240430,낙찰
긴급공고,HCF0107,1,16926,***,패트리어트 시스템프레임 원격조종기 시험세트 제조,2024,HCF,공군군수사령부,제한경쟁,총액제,적격심사제,202404301030,20240430,유찰
재공고,HCG0003,2,08331,***,24-공군 해상도 검증 표적 구조물 제작 설치,2024,HCG,공군본부,협상에의한계약(전자),총액제,최저가격제,202404301100,20240430,낙찰
긴급공고,LBB0011,1,16852,001,'24-3차 민수용 작전식량 구매,2024,LBB,육군제7789부대,제한경쟁,단가제,적격심사제,202404301030,20240430,낙찰
재공고,LCF0107,2,06961,***,"스프링,접시형 등 33항목 생산능력제조(자주포)",2024,LCF,육군군수사령부,제한경쟁,총액제,적격심사제,202404301030,20240430,유찰
재공고,LCF0027,2,09835,***,"걸상,직립형(발판) 등 30항목 구매(의무)",2024,LCF,육군군수사령부,제한경쟁,총액제,적격심사제,202404301100,20240430,순위확정
긴급공고,LCF0121,1,14623,***,전압 조정기 등 14항목 구매(궤도-006),2024,LCF,육군군수사령부,제한경쟁,총액제,적격심사제,202404301130,20240430,낙찰
재공고,LCZ0007,2,15900,***,24년 학생예비군 훈련 버스임차 계약,2024,LCZ,동원전력사령부,제한경쟁,총액제,적격심사제,202404301100,20240430,유찰
정상공고,LDH0428,1,15989,***,K1전차 어댑터 등 15종 구매,2024,LDH,육군종합정비창,제한경쟁,총액제,적격심사제,202404301300,20240430,낙찰
정상공고,LDH0429,1,15992,***,K1전차 어댑터 등 31종 구매,2024,LDH,육군종합정비창,제한경쟁,총액제,적격심사제,202404301300,20240430,낙찰
정상공고,LDH0430,1,16000,***,"K200 링,베어링용,외부용 1종 구매",2024,LDH,육군종합정비창,제한경쟁,총액제,적격심사제,202404301300,20240430,낙찰
정상공고,LFP0005,1,16263,***,24년 제초용역,2024,LFP,육군보병학교,제한경쟁,총액제,적격심사제,202404301100,20240430,낙찰
긴급공고,LFR0009,1,16644,***,24년 공기청정기 필터 제조납품,2024,LFR,육군기계화학교,제한경쟁,총액제,적격심사제,202404301030,20240430,낙찰
긴급공고,LKT0045,1,16632,***,24년 부대계약 영내자 증식 구매,2024,LKT,제1989부대,제한경쟁,총액제,적격심사제,202404301030,20240430,낙찰
정상공고,LMZ0005,1,16234,***,'24년 시설관리 민간인력 예초용역,2024,LMZ,제2공병여단,제한경쟁,총액제,적격심사제,202404301030,20240430,낙찰
긴급공고,LNF0010,1,16204,***,"00부대 간부숙소 관급자재(전기, 원격검침)",2024,LNF,제1보병사단,제한경쟁,총액제,적격심사제,202404301100,20240430,낙찰
긴급공고,LNF0013,1,16661,***,24년 제초용역-B권역,2024,LNF,제1보병사단,제한경쟁,총액제,적격심사제,202404301100,20240430,낙찰
정정공고,LNG0019,2,16651,***,'24-29년 얼음정수기 임차 용역 (74대),2024,LNG,육군 제1군단,제한경쟁,총액제,적격심사제,202404301030,20240430,낙찰
정정공고,MCR0020,2,12127,***,교육학술 참고서지 발간 연구용역,2024,MCR,국방대학교,협상에의한계약(전자),총액제,최저가격제,202404301030,20240430,유찰
긴급공고,MCR0021,1,12709,***,1.정기기초과제(1.2개의전쟁과..),2024,MCR,국방대학교,협상에의한계약(전자),총액제,최저가격제,202404301030,20240430,낙찰
긴급공고,MCR0022,1,12710,***,2.정기기초과제(2.국가핵대응전략과...),2024,MCR,국방대학교,협상에의한계약(전자),총액제,최저가격제,202404301030,20240430,낙찰
긴급공고,MCR0023,1,12711,***,3.정기기초과제(3.유연하고민첩한...),2024,MCR,국방대학교,협상에의한계약(전자),총액제,최저가격제,202404301030,20240430,유찰
긴급공고,MCR0025,1,12713,***,5.정기기초과제(5.전시동원의..),2024,MCR,국방대학교,협상에의한계약(전자),총액제,최저가격제,202404301030,20240430,유찰
긴급공고,MCR0026,1,12714,***,6.정기기초과제(6.안보과정...),2024,MCR,국방대학교,협상에의한계약(전자),총액제,최저가격제,202404301030,20240430,유찰
긴급공고,MCR0028,1,12716,***,8.정기기초과제(8.상비병력...),2024,MCR,국방대학교,협상에의한계약(전자),총액제,최저가격제,202404301030,20240430,낙찰
긴급공고,MCR0030,1,12719,***,10.군사과학정책연구(인공지능...),2024,MCR,국방대학교,협상에의한계약(전자),총액제,최저가격제,202404301030,20240430,낙찰
긴급공고,MCR0031,1,12721,***,11. 국제공동연구(AI기술을적용한...),2024,MCR,국방대학교,협상에의한계약(전자),총액제,최저가격제,202404301030,20240430,유찰
긴급공고,MCR0032,1,12723,***,12.정책현안연구(북한의전쟁수행...),2024,MCR,국방대학교,협상에의한계약(전자),총액제,최저가격제,202404301030,20240430,낙찰
정상공고,MDG0128,1,15514,***,장비운영소모품(치과) 25종 구매,2024,MDG,국군의무사령부,제한경쟁,총액제,적격심사제,202404301100,20240430,낙찰
정상공고,MDJ0023,1,16394,***,의무장비(운동부하심전도계),2024,MDJ,국군대전병원,일반경쟁,총액제,적격심사제,202404301030,20240430,낙찰
긴급공고,MDS0006,1,16717,***,00체계 군직정비용 수리부속구매(안테나가스켓등16종),2024,MDS,제3707부대,제한경쟁,총액제,적격심사제,202404301030,20240430,낙찰
긴급공고,SCF0388,1,04088,***,"케이블, 전력용 등 11종 구매",2024,SCF,해군군수사령부,제한경쟁,총액제,적격심사제,202404301030,20240430,순위확정
긴급공고,SCF0389,1,08716,***,VLF 지휘통신체계 유지보수 용역,2024,SCF,해군군수사령부,일반경쟁,총액제,적격심사제,202404301030,20240430,유찰
재공고,SCF0331,2,09179,***,"콕, 배출용 등 29종 구매",2024,SCF,해군군수사령부,제한경쟁,총액제,적격심사제,202404301030,20240430,순위확정
긴급공고,SCF0387,1,10864,***,"분석기, 스펙트럼용 구매",2024,SCF,해군군수사령부,제한경쟁,총액제,적격심사제,202404301030,20240430,낙찰
긴급공고,SCF0391,1,10866,***,"고정기, 케이블 릴용 등 2종 구매",2024,SCF,해군군수사령부,제한경쟁,총액제,적격심사제,202404301030,20240430,낙찰
긴급공고,SCF0390,1,10867,***,"테이프, 발광형 1종 구매",2024,SCF,해군군수사령부,제한경쟁,총액제,적격심사제,202404301030,20240430,낙찰
긴급공고,SCF0384,1,15229,001,부챗살(냉동/덩어리) 구매,2024,SCF,해군군수사령부,제한경쟁,단가제,적격심사제,202404301030,20240430,낙찰
긴급공고,SCF0385,1,15623,***,"(긴급) 양극전류용, 음극방어 부식방지용 등 48종",2024,SCF,해군군수사령부,제한경쟁,총액제,적격심사제,202404301030,20240430,낙찰
긴급공고,SCK0044,1,15783,***,탁송용 A형 포장박스 제조 납품,2024,SCK,해군교육사령부,일반경쟁,총액제,적격심사제,202404301030,20240430,낙찰
긴급공고,SFM0038,1,16477,***,여과기 킷트 등 36품목 제조,2024,SFM,제3170부대,일반경쟁,총액제,적격심사제,202404301030,20240430,낙찰
긴급공고,SFN0035,1,16411,***,만능크리너 등 169종 구매 납품,2024,SFN,연평부대,제한경쟁,총액제,적격심사제,202404301030,20240430,낙찰
정상공고,UAC0016,1,15437,***,2024년 폐쇄망 3D SW 라이선스 구매,2024,UAC,국방출판지원단,제한경쟁,총액제,적격심사제,202404301100,20240430,낙찰
정상공고,UMM0476,1,09064,***,"24-N-펄프장치, 유압식, 수동식 구매",2024,UMM,국군재정관리단,일반경쟁,총액제,적격심사제,202404301100,20240430,낙찰
정상공고,UMM0470,1,12989,***,24-M-전광판 제조,2024,UMM,국군재정관리단,제한경쟁,총액제,적격심사제,202404301100,20240430,낙찰
긴급공고,UMM0503,1,13152,***,(246161-C) 24년 LAN용 서지보호기 제조(리스물건),2024,UMM,국군재정관리단,일반경쟁,총액제,적격심사제,202404301100,20240430,낙찰
정상공고,UMM0495,1,14738,***,(24F138-A)00학교 제초용역,2024,UMM,국군재정관리단,제한경쟁,총액제,적격심사제,202404301100,20240430,낙찰
정상공고,UMM0487,1,16079,***,(24F098-I) 24년 탄약취급장비(지게차) 용역,2024,UMM,국군재정관리단,일반경쟁,총액제,적격심사제,202404301100,20240430,유찰
긴급공고,UMM0491,1,16203,***,(247085-B) 의료기재(일반재료 280종) 구매,2024,UMM,국군재정관리단,일반경쟁,총액제,적격심사제,202404301100,20240430,낙찰
정상공고,UMM0496,1,16214,***,(246091-C) 매트 위생용 등 2품목 구매,2024,UMM,국군재정관리단,제한경쟁,총액제,적격심사제,202404301100,20240430,낙찰
정상공고,UMM0502,1,16569,***,24-N-동원선박 군수지원 검증훈련 선박임차 용역,2024,UMM,국군재정관리단,일반경쟁,총액제,적격심사제,202404301100,20240430,낙찰
긴급공고,UMM0505,1,16712,***,24-F-0전비 2중펜스 및 기지외곽 제초용역,2024,UMM,국군재정관리단,제한경쟁,총액제,적격심사제,202404301100,20240430,낙찰
긴급공고,UMM0508,1,16871,***,24-N-00창 민간위탁 배송 용역,2024,UMM,국군재정관리단,일반경쟁,총액제,적격심사제,202404301100,20240430,낙찰
정상공고,HCG0009,1,13553,***,24-정보우세권  확보를 위한 정보력 강화방안 연구,2024,HCG,공군본부,협상에의한계약(전자),총액제,최저가격제,202404291100,20240429,낙찰
긴급공고,HDK0017,1,15466,***,"복지대대, 광성회관 식자재(농수산물 및 공산품류)",2024,HDK,공군제11전투비행단,제한경쟁,총액제,적격심사제,202404291330,20240429,낙찰
정상공고,HDQ0036,1,15902,***,24-지정폐기물 위탁처리 용역,2024,HDQ,제20전투비행단,일반경쟁,총액제,적격심사제,202404291030,20240429,유찰
정상공고,LDG0033,1,15912,***,천마유도탄 수송용기 1개 품목 제조/생산능력,2024,LDG,육군 탄약지원사령부,제한경쟁,총액제,적격심사제,202404291030,20240429,유찰
정상공고,LDH0381,1,12045,***,엔진 성능시험장비 고장진단시스템 제조 설치,2024,LDH,육군종합정비창,2단계경쟁(동시),총액제,최저가격제,202404291300,20240429,낙찰
긴급공고,LMP0013,1,16399,***,24년 공기청정기 필터 제조구매계약,2024,LMP,제3보병사단,제한경쟁,총액제,적격심사제,202404291100,20240429,낙찰
정상공고,MDD0065,1,12308,***,24 군의료 특성화 연구(군 헬기 환자 이송 현황 분석),2024,MDD,국군수도병원,협상에의한계약(전자),총액제,최저가격제,202404291030,20240429,유찰
정상공고,MDD0066,1,13477,***,24 군의료 특성화 연구(알레르겐 양상 분석),2024,MDD,국군수도병원,협상에의한계약(전자),총액제,최저가격제,202404291030,20240429,유찰
정상공고,MHD0045,1,15135,***,방위사업 원가계산 외부용역 4차,2024,MHD,방위사업청(운영지원과),협상에의한계약(전자),총액제,최저가격제,202404291500,20240429,낙찰
긴급공고,SCF0382,1,09174,***,"와이어로프 조립체, 단일구간용 등 10종 구매",2024,SCF,해군군수사령부,제한경쟁,총액제,적격심사제,202404291030,20240429,순위확정
긴급공고,SCF0381,1,10916,***,"스프링, 나선형, 인장용 등 6종 구매",2024,SCF,해군군수사령부,제한경쟁,총액제,적격심사제,202404291030,20240429,순위확정
재공고,SCQ0031,3,11154,***,차돌박이 등 135종 구매,2024,SCQ,제9911부대,제한경쟁,총액제,적격심사제,202404291030,20240429,낙찰
정상공고,SFG0047,1,15901,***,농도계 및 화구 등 17품목 구매,2024,SFG,제9181부대,제한경쟁,총액제,적격심사제,202404291030,20240429,낙찰
정상공고,UMM0448,1,09646,***,24-M-대테러 방탄복 제조,2024,UMM,국군재정관리단,제한경쟁,총액제,적격심사제,202404291100,20240429,낙찰
정상공고,UMM0484,1,10631,***,24-F-기내식 운반차 제조,2024,UMM,국군재정관리단,일반경쟁,총액제,적격심사제,202404291100,20240429,낙찰
정상공고,UMM0452,1,12516,***,24-F-훈련용 방수복 제조,2024,UMM,국군재정관리단,제한경쟁,총액제,적격심사제,202404291100,20240429,낙찰
정상공고,UMM0475,1,12926,***,24-N-온수순환수펌프 제조,2024,UMM,국군재정관리단,제한경쟁,총액제,적격심사제,202404291100,20240429,낙찰
정상공고,UMM0486,1,16061,***,24-F-군사경찰 가죽장구 제조,2024,UMM,국군재정관리단,제한경쟁,총액제,적격심사제,202404291100,20240429,낙찰
재공고,EBB0064,2,0050,***,밸브류(함정용),2024,EBB,지상공통전력운영계약팀,수의계약,총액제,적격심사제,202404261100,20240426,유찰
정상공고,EBB0103,1,9820,001,군용 표준차량 타이어류,2024,EBB,지상공통전력운영계약팀,수의계약,단가제,적격심사제,202404261100,20240426,유찰
정상공고,EBB0103,1,9820,002,군용 표준차량 타이어류,2024,EBB,지상공통전력운영계약팀,수의계약,단가제,적격심사제,202404261100,20240426,유찰
정상공고,EBB0103,1,9820,003,군용 표준차량 타이어류,2024,EBB,지상공통전력운영계약팀,수의계약,단가제,적격심사제,202404261100,20240426,유찰
정상공고,EBB0103,1,9820,004,군용 표준차량 타이어류,2024,EBB,지상공통전력운영계약팀,수의계약,단가제,적격심사제,202404261100,20240426,유찰
재공고,LDH0272,2,06695,***,AH-64헬기 수평안정판 정비방법 개발 연구용역,2024,LDH,육군종합정비창,2단계경쟁(동시),총액제,최저가격제,202404261300,20240426,유찰
정상공고,LDH0369,1,11035,***,"페인트,알루미늄용(박리착색 자동화 시스템) 제조설치",2024,LDH,육군종합정비창,2단계경쟁(동시),총액제,최저가격제,202404261300,20240426,낙찰
정상공고,LFK0024,1,14011,001,24년 장거리이동신병 도시락 제조구매-수정,2024,LFK,육군종합군수학교,2단계경쟁(동시),단가제,최저가격제,202404261100,20240426,유찰
긴급공고,LKH0009,1,15945,***,24년 00사단 제초관리 용역,2024,LKH,제6128부대,제한경쟁,총액제,적격심사제,202404261030,20240426,낙찰
긴급공고,MCJ0004,1,14056,***,DIDC 대외인증(ISO) 심사 용역,2024,MCJ,국방통합데이터센터,제한경쟁,총액제,적격심사제,202404261300,20240426,유찰
정상공고,MDD0072,1,15051,***,2024 외과장비운영소모품(6) 20품목 구매,2024,MDD,국군수도병원,제한경쟁,총액제,적격심사제,202404261700,20240426,낙찰
정상공고,SCH0059,1,15710,***,24-19호 야자매트 등 2종 구매,2024,SCH,해군작전사령부,일반경쟁,총액제,적격심사제,202404261030,20240426,낙찰
정상공고,UMM0477,1,09409,***,24-D-장교교육대 관급자재(콘크리트파일 제조),2024,UMM,국군재정관리단,일반경쟁,총액제,적격심사제,202404261100,20240426,유찰
정상공고,UMM0481,1,11260,***,(247114-F) 의료재료 구매,2024,UMM,국군재정관리단,일반경쟁,총액제,적격심사제,202404261100,20240426,낙찰
정상공고,UMM0478,1,12946,***,(247148-E) 24년 외과장비소모품(3) 47품목 구매,2024,UMM,국군재정관리단,일반경쟁,총액제,적격심사제,202404261100,20240426,낙찰
정상공고,UMM0469,1,13211,***,24-F-전기차량 절연공구 세트 제조(249018-F),2024,UMM,국군재정관리단,일반경쟁,총액제,적격심사제,202404261100,20240426,유찰
정상공고,UMM0483,1,13300,***,(246151-C) 24-1차 교육장비 구매,2024,UMM,국군재정관리단,제한경쟁,총액제,적격심사제,202404261100,20240426,낙찰
정상공고,UMM0485,1,13376,***,24-N-이동정비용 소형버스(3VAN) 제조,2024,UMM,국군재정관리단,제한경쟁,총액제,적격심사제,202404261100,20240426,낙찰
정상공고,UMM0474,1,13399,***,(246156-C) 군악행사코트 제조,2024,UMM,국군재정관리단,제한경쟁,총액제,적격심사제,202404261100,20240426,낙찰
정상공고,UMM0480,1,13753,***,(247118-E)  특수수술재료(OS임플란트) 구매,2024,UMM,국군재정관리단,제한경쟁,총액제,적격심사제,202404261100,20240426,유찰
긴급공고,UMM0490,1,13771,***,(247158-F) 스펙트럼 분석기 등 3종 구매,2024,UMM,국군재정관리단,제한경쟁,총액제,적격심사제,202404261100,20240426,낙찰
정상공고,EBB0100,1,0085,***,일반광학장비부품(화포용수포류),2024,EBB,지상공통전력운영계약팀,수의계약,총액제,적격심사제,202404251330,20240425,유찰
긴급공고,EBB0105,1,1262,***,"하우징, 속도조정기용",2024,EBB,지상공통전력운영계약팀,수의계약,총액제,적격심사제,202404251030,20240425,유찰
정상공고,EBB0099,1,3015,***,꼬질대류,2024,EBB,지상공통전력운영계약팀,일반경쟁,총액제,적격심사제,202404251100,20240425,낙찰
정상공고,EBB0097,1,5143,***,라이트류,2024,EBB,지상공통전력운영계약팀,수의계약,총액제,적격심사제,202404251030,20240425,유찰
정상공고,EBB0096,1,5144,***,하네스류,2024,EBB,지상공통전력운영계약팀,일반경쟁,총액제,적격심사제,202404251100,20240425,낙찰
정상공고,EBB0055,1,A2850,***,24년~25년 (500MD) 밧데리 17 AMP 제조,2024,EBB,지상공통전력운영계약팀,수의계약,총액제,적격심사제,202404251100,20240425,유찰
재공고,EPA0001,2,7430,***,이동형자동기상관측장비,2024,EPA,항공기총괄계약팀,일반경쟁,총액제,적격심사제,202404251100,20240425,낙찰
정정공고,HCG0008,2,14190,***,F-4 팬텀 퇴역식 행사 대행용역,2024,HCG,공군본부,2단계경쟁(동시),총액제,최저가격제,202404251100,20240425,낙찰
긴급공고,HDF0040,1,16083,***,24년 일반도로 제초용역,2024,HDF,공군 제8전투비행단,제한경쟁,총액제,적격심사제,202404251130,20240425,낙찰
재공고,LCF0044,2,02900,***,"선글라스, 항공조종사용 1항목 구매(피복)",2024,LCF,육군군수사령부,제한경쟁,총액제,적격심사제,202404251100,20240425,유찰
긴급공고,LCF0111,1,08224,***,"등,겨눔대용 등 7항목 제조(처묶음-특수)",2024,LCF,육군군수사령부,제한경쟁,총액제,적격심사제,202404251030,20240425,유찰
긴급공고,LCF0114,1,10789,***,가이드튜우브조립체등54항목 생산능력확인제조(기장),2024,LCF,육군군수사령부,제한경쟁,총액제,적격심사제,202404251100,20240425,유찰
긴급공고,LCF0115,1,10887,***,제동자 등 2항목 생산능력제조(기장),2024,LCF,육군군수사령부,제한경쟁,총액제,적격심사제,202404251100,20240425,유찰
긴급공고,LCF0117,1,10893,***,"밸브, 셔틀 등 8항목 생산능력제조(기장)",2024,LCF,육군군수사령부,제한경쟁,총액제,적격심사제,202404251100,20240425,유찰
긴급공고,LCF0109,1,12053,***,"커플링하프,축용 등 15항목 제조(궤도,생산-011)",2024,LCF,육군군수사령부,제한경쟁,총액제,적격심사제,202404251130,20240425,유찰
재공고,LCF0053,2,12659,***,"상자,방향포경용 등 7항목 생산능력제조(총포)",2024,LCF,육군군수사령부,제한경쟁,총액제,적격심사제,202404251030,20240425,유찰
긴급공고,LCF0120,1,12743,***,호이스트 윈치 케이스용 가스켓 등 28항목 제조(기장),2024,LCF,육군군수사령부,제한경쟁,총액제,적격심사제,202404251100,20240425,유찰
긴급공고,LCF0110,1,15804,***,"볼트,기계용 등 1054항목 제조(자주포)",2024,LCF,육군군수사령부,제한경쟁,총액제,적격심사제,202404251030,20240425,유찰
긴급공고,LCF0108,1,15966,***,"K1A1전차 튜브조립체, 탄약선반용(21종) 정비",2024,LCF,육군군수사령부,제한경쟁,총액제,적격심사제,202404251030,20240425,유찰
재공고,LDH0402,2,12689,***,K77지휘차 스프링 구매,2024,LDH,육군종합정비창,제한경쟁,총액제,적격심사제,202404251600,20240425,낙찰
긴급공고,LKT0043,1,15947,***,24년 공기청정기 필터 제조 구매,2024,LKT,제1989부대,제한경쟁,총액제,적격심사제,202404251030,20240425,낙찰
긴급공고,LMH0028,1,15845,***,24년 군단 직할 취사장 청소용역(C038),2024,LMH,제7군단,제한경쟁,총액제,적격심사제,202404251030,20240425,낙찰
정상공고,MDG0123,1,15582,***,24년 의무장비(시약및약품냉장고소형(300L급)) 구매,2024,MDG,국군의무사령부,제한경쟁,총액제,적격심사제,202404251100,20240425,낙찰
정상공고,MDG0124,1,15625,***,24년 의무장비(전기수술기 피부과용) 구매,2024,MDG,국군의무사령부,제한경쟁,총액제,적격심사제,202404251100,20240425,낙찰
정상공고,MDG0126,1,15637,***,24년 의무장비(좌욕기) 구매,2024,MDG,국군의무사령부,제한경쟁,총액제,적격심사제,202404251100,20240425,낙찰
정상공고,MDG0127,1,15644,***,24년 의무장비(치료테이블전기식) 구매,2024,MDG,국군의무사령부,제한경쟁,총액제,적격심사제,202404251100,20240425,낙찰
긴급공고,SCF0380,1,10164,***,시일키트 등 15종 구매,2024,SCF,해군군수사령부,제한경쟁,총액제,적격심사제,202404251030,20240425,낙찰
긴급공고,SCF0379,1,10832,***,"세척 및 윤활제, 전지 접점용 897CN 구매",2024,SCF,해군군수사령부,제한경쟁,총액제,적격심사제,202404251030,20240425,순위확정
긴급공고,SCF0378,1,13196,***,디지털 적외선 온도 측정기 1EA 구매,2024,SCF,해군군수사령부,제한경쟁,총액제,적격심사제,202404251030,20240425,낙찰
긴급공고,SCF0383,1,16104,***,"(긴급)방현재, 선박용 1종",2024,SCF,해군군수사령부,제한경쟁,총액제,적격심사제,202404251600,20240425,낙찰
정상공고,UMM0473,1,10858,***,(246139-F) 음주감지기 등 13종 구매,2024,UMM,국군재정관리단,제한경쟁,총액제,적격심사제,202404251100,20240425,낙찰
긴급공고,UMM0488,1,12707,***,(24F096-I) 육군훈련소 조경관리용역,2024,UMM,국군재정관리단,제한경쟁,총액제,적격심사제,202404251100,20240425,낙찰
정상공고,UMM0471,1,14393,***,(24F139-A) 제초용역,2024,UMM,국군재정관리단,제한경쟁,총액제,적격심사제,202404251100,20240425,낙찰
긴급공고,UMM0489,1,15780,***,(24F040-I) 24년 식자재 민간위탁 배송용역(00급양대),2024,UMM,국군재정관리단,일반경쟁,총액제,적격심사제,202404251100,20240425,유찰
정상공고,EBB0092,1,5950,***,24년 조류퇴치탄,2024,EBB,지상공통전력운영계약팀,수의계약,총액제,적격심사제,202404241100,20240424,순위확정
정상공고,EBB0098,1,6120,***,나사류(궤도장비용),2024,EBB,지상공통전력운영계약팀,수의계약,총액제,적격심사제,202404241100,20240424,유찰
재공고,EBB0051,2,A0172,***,"24년~25년 전지,축전식(UH-1H/AH-1헬기)",2024,EBB,지상공통전력운영계약팀,수의계약,총액제,적격심사제,202404241400,20240424,유찰
정상공고,EBB0054,1,A1508,***,"24~25년 500MD 셀, 전지용",2024,EBB,지상공통전력운영계약팀,수의계약,총액제,적격심사제,202404241100,20240424,유찰
재공고,EBB0059,2,A7027,***,"24~25년 모듀울 조립체, 동력공급기",2024,EBB,지상공통전력운영계약팀,일반경쟁,총액제,적격심사제,202404241500,20240424,유찰
긴급공고,HCF0100,1,12708,***,'24~'25년 소형급 무인항공기 유지보수,2024,HCF,공군군수사령부,일반경쟁,총액제,적격심사제,202404241030,20240424,유찰
긴급공고,HCF0101,1,15913,***,방공관제레이더(AN/FPS-117K) 증폭기 외주정비,2024,HCF,공군군수사령부,제한경쟁,총액제,적격심사제,202404241030,20240424,유찰
긴급공고,HCF0102,1,15927,***,'24년~'25년 방공관제레이더 부품(미소회로) 외주정비,2024,HCF,공군군수사령부,제한경쟁,총액제,적격심사제,202404241030,20240424,유찰
긴급공고,HCF0103,1,15928,***,'24년~'25년 방공관제레이더(117E1) 증폭기 외주정비,2024,HCF,공군군수사령부,제한경쟁,총액제,적격심사제,202404241030,20240424,유찰
긴급공고,HDN0022,1,15876,***,'24년도 POL 지역 제초,2024,HDN,공군제18전투비행단,제한경쟁,총액제,적격심사제,202404241300,20240424,낙찰
긴급공고,LCH0018,1,08370,***,7여단 훈련장 오수처리시설 신축 설계용역(24-설-11),2024,LCH,특수전사령부,2단계경쟁(동시),총액제,최저가격제,202404241100,20240424,낙찰
긴급공고,LCZ0007,1,15900,***,24년 학생예비군 훈련 버스임차 계약,2024,LCZ,동원전력사령부,제한경쟁,총액제,적격심사제,202404241100,20240424,유찰
정상공고,LDH0356,1,10413,***,궤도공급기 제조 설치,2024,LDH,육군종합정비창,2단계경쟁(동시),총액제,최저가격제,202404241300,20240424,낙찰
재공고,LDH0418,2,13308,***,K10탄운차 링크조립체 구매,2024,LDH,육군종합정비창,제한경쟁,총액제,적격심사제,202404241300,20240424,유찰
긴급공고,LDH0427,1,13906,***,24-6차 정비용 장비 부품 구매,2024,LDH,육군종합정비창,제한경쟁,총액제,적격심사제,202404241300,20240424,낙찰
재공고,LHQ0011,2,08061,***,24년 전반기 육군 정책연구 과제 연구용역,2024,LHQ,제2작전사령부,협상에의한계약(전자),총액제,최저가격제,202404241400,20240424,낙찰
긴급공고,LPN0003,1,15934,***,'24년 주거시설 도배 및 장판 설치납품(안양권역),2024,LPN,수도군단,제한경쟁,총액제,적격심사제,202404241030,20240424,낙찰
긴급공고,LPN0004,1,15938,***,'24년 주거시설 도배 및 장판 설치납품(인천권역),2024,LPN,수도군단,제한경쟁,총액제,적격심사제,202404241030,20240424,낙찰
긴급공고,LPN0005,1,15940,***,'24년 주거시설 도배 및 장판 설치납품(화성권역),2024,LPN,수도군단,제한경쟁,총액제,적격심사제,202404241030,20240424,낙찰
정상공고,MDG0117,1,13671,***,24년 의무장비(간섭파치료기) 구매,2024,MDG,국군의무사령부,제한경쟁,총액제,적격심사제,202404241100,20240424,낙찰
긴급공고,MDG0118,1,13672,***,24년 환자만족도조사 및 환자경험평가 용역,2024,MDG,국군의무사령부,2단계경쟁(동시),총액제,최저가격제,202404241530,20240424,낙찰
긴급공고,SCQ0038,1,15651,***,단팥죽 등 24종 구매,2024,SCQ,제9911부대,제한경쟁,총액제,적격심사제,202404241030,20240424,낙찰
재공고,SFC0030,2,11099,***,24-덕-체 소토사 등 3종 구매,2024,SFC,제9691부대,제한경쟁,총액제,적격심사제,202404241030,20240424,유찰
긴급공고,SFC0037,1,15851,***,인화기 잉크세트 등 62품목 구매,2024,SFC,제9691부대,제한경쟁,총액제,적격심사제,202404241100,20240424,낙찰
정정공고,SFG0033,2,08327,***,24-서울경기남부-오수-1공구 설계용역,2024,SFG,제9181부대,2단계경쟁(동시),총액제,최저가격제,202404241100,20240424,낙찰
정정공고,SFG0034,2,08354,***,24-서울경기남부-오수-2공구 설계용역,2024,SFG,제9181부대,2단계경쟁(동시),총액제,최저가격제,202404241100,20240424,낙찰
긴급공고,SFH0061,1,15939,***,'24년 백령도 복지회관 식자재 구매,2024,SFH,제9196부대,제한경쟁,총액제,적격심사제,202404241030,20240424,유찰
긴급공고,UMM0472,1,08447,***,24~25-D-주한미군기지이전 이사화물 수송용역,2024,UMM,국군재정관리단,제한경쟁,총액제,적격심사제,202404241100,20240424,유찰
정상공고,UMM0466,1,09326,***,24-N-전원변환기 DC24V 200A 제조,2024,UMM,국군재정관리단,제한경쟁,총액제,적격심사제,202404241100,20240424,낙찰
정상공고,UMM0458,1,09518,***,24~25-F-트랙터 제조,2024,UMM,국군재정관리단,일반경쟁,총액제,적격심사제,202404241100,20240424,낙찰
긴급공고,UMM0482,1,10856,***,(247149-F) 외과장비운영소모품(4) 구매,2024,UMM,국군재정관리단,제한경쟁,총액제,적격심사제,202404241100,20240424,낙찰
정상공고,UMM0462,1,12443,***,(24F116-A) 육로 여객 수송용역(동부),2024,UMM,국군재정관리단,제한경쟁,총액제,적격심사제,202404241100,20240424,낙찰
정상공고,UMM0463,1,13025,***,(24F114-A)  급유시설 기술검사 민간위탁 용역,2024,UMM,국군재정관리단,제한경쟁,총액제,적격심사제,202404241100,20240424,낙찰
정상공고,UMM0459,1,15224,***,24-N-발전기 50KW 4EA 제조,2024,UMM,국군재정관리단,제한경쟁,총액제,적격심사제,202404241100,20240424,유찰
정상공고,UMM0465,1,15442,***,(24F066-I) 24년 음식물폐기물 위탁처리 용역(홍천),2024,UMM,국군재정관리단,제한경쟁,총액제,적격심사제,202404241100,20240424,낙찰
정상공고,UMM0468,1,15484,***,24-D-병영생활관 증축 및 개수 통합배선반 제조,2024,UMM,국군재정관리단,제한경쟁,총액제,적격심사제,202404241100,20240424,낙찰
정상공고,EBB0095,1,1160,***,자주포 포탑부품류,2024,EBB,지상공통전력운영계약팀,일반경쟁,총액제,적격심사제,202404231100,20240423,낙찰
정상공고,EBB0091,1,1628,***,자주포 유지용 일반부품류,2024,EBB,지상공통전력운영계약팀,제한경쟁,총액제,적격심사제,202404231100,20240423,낙찰
재공고,EBB0082,2,5070,***,휀다 및 판류,2024,EBB,지상공통전력운영계약팀,수의계약,총액제,적격심사제,202404231400,20240423,유찰
재공고,EBB0043,2,5116,***,"소구경 파쇄탄류(5.56밀리, 9밀리) (구매요구서)",2024,EBB,지상공통전력운영계약팀,수의계약,총액제,적격심사제,202404231100,20240423,유찰
정상공고,EBB0090,1,5326,***,연습용지뢰/부품류,2024,EBB,지상공통전력운영계약팀,수의계약,총액제,적격심사제,202404231100,20240423,유찰
정상공고,EBB0094,1,6301,***,궤도장비부품류,2024,EBB,지상공통전력운영계약팀,일반경쟁,총액제,적격심사제,202404231100,20240423,낙찰
정정공고,EBB0093,2,7440,***,실린더조립체(전차),2024,EBB,지상공통전력운영계약팀,수의계약,총액제,적격심사제,202404231100,20240423,유찰
재공고,EHF0007,2,2035,***,"수신기-송신기,무전기용",2024,EHF,미래전력사업전력운영계약팀,일반경쟁,총액제,적격심사제,202404231100,20240423,낙찰
긴급공고,HCF0099,1,12705,***,'24~'25년 LAN/교환기 유지보수,2024,HCF,공군군수사령부,제한경쟁,총액제,적격심사제,202404231030,20240423,낙찰
긴급공고,HCF0097,1,14533,***,목재 제조,2024,HCF,공군군수사령부,제한경쟁,총액제,적격심사제,202404231030,20240423,낙찰
긴급공고,HCF0098,1,14667,***,합판 구매,2024,HCF,공군군수사령부,제한경쟁,총액제,적격심사제,202404231030,20240423,순위확정
긴급공고,HCF0096,1,15429,***,군사경찰 대테러복 제조,2024,HCF,공군군수사령부,제한경쟁,총액제,적격심사제,202404231030,20240423,낙찰
긴급공고,HCM0037,1,15299,***,24년 일반지역 예초 용역,2024,HCM,공군교육사령부,제한경쟁,총액제,적격심사제,202404231300,20240423,낙찰
긴급공고,HDK0015,1,14891,***,24년 탄약고지역 제초용역,2024,HDK,공군제11전투비행단,제한경쟁,총액제,적격심사제,202404231030,20240423,낙찰
긴급공고,HDN0020,1,15230,***,'24년도 일반지역 제초용역,2024,HDN,공군제18전투비행단,제한경쟁,총액제,적격심사제,202404231300,20240423,낙찰
긴급공고,HDN0021,1,15234,***,'24년 탄약고 지역 제초 유지관리,2024,HDN,공군제18전투비행단,제한경쟁,총액제,적격심사제,202404231300,20240423,낙찰
긴급공고,HDP0022,1,15692,***,(24-용역-31) 기지 일반구역 제초 유지관리 용역,2024,HDP,공군제19전투비행단,일반경쟁,총액제,적격심사제,202404231100,20240423,낙찰
긴급공고,LCF0100,1,04867,***,탄통조립체 등 2항목 구매(항공),2024,LCF,육군군수사령부,제한경쟁,총액제,적격심사제,202404231100,20240423,순위확정
긴급공고,LCF0103,1,05214,***,"절단기,석고붕대용 등 2항목 구매(의무)",2024,LCF,육군군수사령부,제한경쟁,총액제,적격심사제,202404231100,20240423,낙찰
긴급공고,LCF0102,1,05870,***,"전극,심전계용 등 6항목 구매(의무)",2024,LCF,육군군수사령부,제한경쟁,총액제,적격심사제,202404231100,20240423,낙찰
긴급공고,LCF0101,1,05888,***,"붕대,외과용 등 8항목 구매(의무)",2024,LCF,육군군수사령부,제한경쟁,총액제,적격심사제,202404231100,20240423,낙찰
긴급공고,LCF0104,1,06300,***,잔류농약속성검사기 등 2항목 구매(의무),2024,LCF,육군군수사령부,제한경쟁,총액제,적격심사제,202404231100,20240423,낙찰
재공고,LCF0084,2,07287,***,"백,진공포장용 등 3항목 제조(총포)",2024,LCF,육군군수사령부,제한경쟁,총액제,적격심사제,202404231030,20240423,낙찰
긴급공고,LCF0105,1,09478,***,"케이블 조립체, 양극, 전지용 등 4항목 구매(기장)",2024,LCF,육군군수사령부,제한경쟁,총액제,적격심사제,202404231100,20240423,순위확정
긴급공고,LCF0106,1,09490,***,차량 고임목(중형) 등 6항목 구매(기장),2024,LCF,육군군수사령부,제한경쟁,총액제,적격심사제,202404231100,20240423,낙찰
재공고,LCF0070,4,12671,***,"리드선,전기용 등 35항목 생산능력제조(궤도-002)",2024,LCF,육군군수사령부,제한경쟁,총액제,적격심사제,202404231130,20240423,순위확정
재공고,LCF0068,3,12673,***,제어헤드 조립체 등 22항목 생산능력 확인제조(일장),2024,LCF,육군군수사령부,제한경쟁,총액제,적격심사제,202404231130,20240423,유찰
재공고,LCF0072,3,12801,***,"베어링,볼,환상형 등 58항목 생산능력확인제조(궤도)",2024,LCF,육군군수사령부,제한경쟁,총액제,적격심사제,202404231130,20240423,유찰
긴급공고,LCF0097,1,12899,***,개스킷 등 43항목 생산능력확인제조(일장-001),2024,LCF,육군군수사령부,제한경쟁,총액제,적격심사제,202404231130,20240423,유찰
재공고,LCF0075,4,12929,***,리치-B 등 20항목 생산능력확인제조(일장-005),2024,LCF,육군군수사령부,제한경쟁,총액제,적격심사제,202404231130,20240423,유찰
긴급공고,LCF0098,1,12950,***,"호스 실리콘,블래이드 등 72항목 제조(일장,생산능력)",2024,LCF,육군군수사령부,제한경쟁,총액제,적격심사제,202404231130,20240423,유찰
재공고,LCF0080,2,13004,***,밸브 등 9항목 생산능력확인제조(일장-014),2024,LCF,육군군수사령부,제한경쟁,총액제,적격심사제,202404231130,20240423,유찰
재공고,LCF0078,3,13519,***,역세탱크 조립체 1항목 제조(일장-004),2024,LCF,육군군수사령부,제한경쟁,총액제,적격심사제,202404231130,20240423,낙찰
긴급공고,LCF0099,1,15503,***,"CF낙하산(주,예비 캐노피) 구매(물자)",2024,LCF,육군군수사령부,지명경쟁,총액제,적격심사제,202404231100,20240423,유찰
재공고,LDH0399,2,12698,***,K9자주포 부트등7종 구매,2024,LDH,육군종합정비창,제한경쟁,총액제,적격심사제,202404231300,20240423,낙찰
재공고,LDH0401,2,12701,***,K9자주포 장력장치 구매,2024,LDH,육군종합정비창,제한경쟁,총액제,적격심사제,202404231300,20240423,유찰
정상공고,LDH0424,1,14564,***,K77지휘차 운송 및 저장용기 구매,2024,LDH,육군종합정비창,제한경쟁,총액제,적격심사제,202404231300,20240423,낙찰
긴급공고,LHG0016,1,15285,***,24년 렌탈프린터 임차용역,2024,LHG,제1862부대,제한경쟁,총액제,적격심사제,202404231100,20240423,낙찰
긴급공고,LHK0016,1,12314,***,24-강원-폐수-1 설계용역,2024,LHK,제2군단,2단계경쟁(동시),총액제,최저가격제,202404231030,20240423,낙찰
긴급공고,LMH0017,1,09377,***,경기남부-폐수-5공구 설계용역,2024,LMH,제7군단,2단계경쟁(동시),총액제,최저가격제,202404231030,20240423,낙찰
긴급공고,LPF0045,1,15691,***,24년 후반기 작계훈련 무기수송 차량 임차,2024,LPF,제51보병사단,제한경쟁,총액제,적격심사제,202404231030,20240423,낙찰
긴급공고,MCM0003,1,14214,***,취약점 진단도구 구매,2024,MCM,4284부대,제한경쟁,총액제,적격심사제,202404231030,20240423,낙찰
긴급공고,MCM0005,1,15355,***,사이버 기술분석용 라이선스 구매,2024,MCM,4284부대,제한경쟁,총액제,적격심사제,202404231030,20240423,낙찰
긴급공고,MDK0035,1,15618,***,'24-1차 한빛부대 재보급물자 수송관리용역,2024,MDK,국군수송사령부,일반경쟁,총액제,적격심사제,202404231100,20240423,낙찰
긴급공고,MDR0019,1,15608,***,군 주거시설 민간 위탁관리 용역,2024,MDR,제9965부대,일반경쟁,총액제,적격심사제,202404231100,20240423,유찰
재공고,MHD0023,2,06795,***,국방표준서 제정(7차) 연구,2024,MHD,방위사업청(운영지원과),협상에의한계약(전자),총액제,최저가격제,202404231500,20240423,낙찰
재공고,SCF0284,2,04050,***,로프 와이어제 등 6종 구매,2024,SCF,해군군수사령부,제한경쟁,총액제,적격심사제,202404231030,20240423,낙찰
재공고,SCF0329,2,05810,***,AGS No.2 함수추진기 제어반 정비,2024,SCF,해군군수사령부,일반경쟁,총액제,적격심사제,202404231030,20240423,유찰
긴급공고,SCF0374,1,08142,***,요소 등 25종 구매,2024,SCF,해군군수사령부,제한경쟁,총액제,적격심사제,202404231030,20240423,낙찰
재공고,SCF0277,4,08154,***,'24년 잠수함 탈출복 정비,2024,SCF,해군군수사령부,일반경쟁,총액제,적격심사제,202404231030,20240423,유찰
재공고,SCF0250,4,09108,***,잠수함 축전지 감시장치 CPU PCB 정비,2024,SCF,해군군수사령부,일반경쟁,총액제,적격심사제,202404231030,20240423,순위확정
재공고,SCF0347,2,10838,***,대테러 폭약셋 14EA 구매,2024,SCF,해군군수사령부,제한경쟁,총액제,적격심사제,202404231030,20240423,유찰
정정공고,SCF0373,2,14094,***,공기 샘플러 2Set 구매,2024,SCF,해군군수사령부,제한경쟁,총액제,적격심사제,202404231030,20240423,순위확정
긴급공고,SCF0375,1,15605,***,"(긴급) 제한기, 유체유동용 등 94종",2024,SCF,해군군수사령부,제한경쟁,총액제,적격심사제,202404231030,20240423,낙찰
정상공고,SFD0034,1,15236,***,간부숙소  디지털도어락 납품/설치,2024,SFD,제9227부대,제한경쟁,총액제,적격심사제,202404231030,20240423,낙찰
긴급공고,SFH0056,1,15520,***,24-B-통합구매(도어클로저 등 213품목),2024,SFH,제9196부대,일반경쟁,총액제,적격심사제,202404231030,20240423,낙찰
정상공고,UAC0014,1,14063,***,디지털인쇄재료 4종 수시 구매,2024,UAC,국방출판지원단,제한경쟁,총액제,적격심사제,202404231100,20240423,낙찰
재공고,UMM0142,2,04040,***,(246040-E) 전조기 3.7KW 구매,2024,UMM,국군재정관리단,제한경쟁,총액제,적격심사제,202404231100,20240423,낙찰
정상공고,UMM0457,1,15133,***,24-F-조류퇴치기 구매,2024,UMM,국군재정관리단,제한경쟁,총액제,적격심사제,202404231100,20240423,낙찰
정상공고,LAZ0003,1,12233,***,24-부대 소개영화 제작 용역,2024,LAZ,드론작전사령부,2단계경쟁(동시),총액제,최저가격제,202404221030,20240422,낙찰
긴급공고,LDA0005,1,10240,***,「24-강원-오수-1 설계용역」,2024,LDA,지상작전사령부,2단계경쟁(동시),총액제,최저가격제,202404221000,20240422,낙찰
재공고,LDH0206,2,05944,***,화학탐지장비 공압시스템 시험장비개발 소요자재 제조,2024,LDH,육군종합정비창,2단계경쟁(동시),총액제,최저가격제,202404221300,20240422,유찰
긴급공고,LGT0017,1,08267,***,24-강원-오수-4 설계용역,2024,LGT,제2307부대,2단계경쟁(동시),총액제,최저가격제,202404221030,20240422,낙찰
긴급공고,LGT0018,1,08268,***,24-강원-오수-3 설계용역,2024,LGT,제2307부대,2단계경쟁(동시),총액제,최저가격제,202404221030,20240422,낙찰
재공고,MDG0088,2,09744,***,대용량 유전자데이터 분석 파이프라인 및 가시화 연구,2024,MDG,국군의무사령부,2단계경쟁(동시),총액제,최저가격제,202404221000,20240422,유찰
재공고,MHD0039,2,12543,***,함대함유도탄-II 사업분석,2024,MHD,방위사업청(운영지원과),협상에의한계약(전자),총액제,최저가격제,202404221500,20240422,낙찰
재공고,SFC0028,2,10466,***,해병대 간부 및 병 획득율 제고를 위한 개선방안 연구,2024,SFC,제9691부대,2단계경쟁(동시),총액제,최저가격제,202404221030,20240422,낙찰
정상공고,UMM0449,1,11591,***,"24-F-발전기세트, 디젤엔진식 구매",2024,UMM,국군재정관리단,제한경쟁,총액제,적격심사제,202404221100,20240422,낙찰
정상공고,UMM0453,1,14923,***,"24-F-전기용접장비,트레일러 탑재식 구매",2024,UMM,국군재정관리단,제한경쟁,총액제,적격심사제,202404221100,20240422,낙찰
정상공고,EBB0088,1,0870,***,"시일 조립체,축통용,선박용",2024,EBB,지상공통전력운영계약팀,제한경쟁,총액제,적격심사제,202404191030,20240419,낙찰
정상공고,EBB0087,1,5328S,***,전술훈련용수류탄,2024,EBB,지상공통전력운영계약팀,일반경쟁,총액제,적격심사제,202404191100,20240419,낙찰
정상공고,EBB0053,1,A1058,***,"24년~25년 UH-60 셀,전지용",2024,EBB,지상공통전력운영계약팀,일반경쟁,총액제,적격심사제,202404191100,20240419,유찰
재공고,HCL0029,2,13777,***,24-박물관 전시항공기 도장용역,2024,HCL,공군사관학교,일반경쟁,총액제,적격심사제,202404191100,20240419,낙찰
긴급공고,LHM0038,1,14955,***,24년 렌탈프린터 임차용역 통합계약,2024,LHM,제15보병사단,제한경쟁,총액제,적격심사제,202404191100,20240419,낙찰
긴급공고,LHM0040,1,14977,***,서화천 간부숙소 BTL사업 전략환경영향평가 용역,2024,LHM,제15보병사단,제한경쟁,총액제,적격심사제,202404191100,20240419,낙찰
긴급공고,LPC0013,1,15031,***,24년 얼음정수기 임차 용역,2024,LPC,제25보병사단,일반경쟁,총액제,적격심사제,202404191100,20240419,낙찰
정상공고,MDD0070,1,13510,***,2024 외과장비운영소모품(3-2) 구매,2024,MDD,국군수도병원,제한경쟁,총액제,적격심사제,202404191100,20240419,낙찰
정상공고,MDD0068,1,13521,***,2024 병리장비운영소모품(10-3) 구매,2024,MDD,국군수도병원,제한경쟁,총액제,적격심사제,202404191100,20240419,낙찰
정상공고,MDD0071,1,13522,***,2024 병리장비운영소모품(5-2) 구매,2024,MDD,국군수도병원,제한경쟁,총액제,적격심사제,202404191100,20240419,낙찰
정상공고,MDD0069,1,14030,***,2024 외과장비운영소모품(5-2) 구매,2024,MDD,국군수도병원,제한경쟁,총액제,적격심사제,202404191100,20240419,낙찰
정상공고,MDG0116,1,14505,***,의료 질 향상 도서 구매,2024,MDG,국군의무사령부,제한경쟁,총액제,적격심사제,202404191100,20240419,낙찰
정상공고,MDK0032,1,14761,***,숙천고가교 정밀안전진단 및 제 1종성능평가 용역,2024,MDK,국군수송사령부,제한경쟁,총액제,적격심사제,202404191300,20240419,낙찰
정상공고,MDK0033,1,14763,***,부동터널 정밀안전진단 및 제1종성능평가 용역,2024,MDK,국군수송사령부,제한경쟁,총액제,적격심사제,202404191300,20240419,낙찰
긴급공고,MHD0042,1,14096,***,○○레이더 지체상금 중재 위임계약,2024,MHD,방위사업청(운영지원과),협상에의한계약(전자),총액제,최저가격제,202404191500,20240419,낙찰
긴급공고,UMM0401,1,06818,***,"(24F080-A) 방화지대 구축용역(임실, 영동)",2024,UMM,국군재정관리단,일반경쟁,총액제,적격심사제,202404191100,20240419,낙찰
정상공고,UMM0443,1,07663,***,24-F-소형표적기 완제품 구매,2024,UMM,국군재정관리단,제한경쟁,총액제,적격심사제,202404191100,20240419,낙찰
정상공고,UMM0433,1,08424,***,24-N-항공유 서비스펌프 50GPM 50PSI 2EA 제조,2024,UMM,국군재정관리단,제한경쟁,총액제,적격심사제,202404191100,20240419,낙찰
정상공고,UMM0439,1,10096,***,24-F-00기지 일반지역 제초용역,2024,UMM,국군재정관리단,제한경쟁,총액제,적격심사제,202404191100,20240419,낙찰
정상공고,UMM0438,1,10621,***,(24G053-I) 24년 임상병리 민간 위수탁 용역,2024,UMM,국군재정관리단,일반경쟁,총액제,적격심사제,202404191100,20240419,낙찰
정상공고,UMM0441,1,11468,***,(246157-E) 컷팅기(호스용) 구매,2024,UMM,국군재정관리단,제한경쟁,총액제,적격심사제,202404191100,20240419,낙찰
정상공고,UMM0425,1,11535,***,24-F-00비 활주로 제초용역,2024,UMM,국군재정관리단,제한경쟁,총액제,적격심사제,202404191100,20240419,낙찰
정상공고,UMM0440,1,12489,***,(246152-E) 육군 체력단련장 캐디 피복 제조/구매,2024,UMM,국군재정관리단,제한경쟁,총액제,적격심사제,202404191100,20240419,낙찰
정상공고,UMM0444,1,12628,***,(246102-D) 방탄방패 구매,2024,UMM,국군재정관리단,제한경쟁,총액제,적격심사제,202404191100,20240419,낙찰
긴급공고,UMM0454,1,13882,***,(24F126-A) 제초용역,2024,UMM,국군재정관리단,일반경쟁,총액제,적격심사제,202404191100,20240419,낙찰
정상공고,UMM0447,1,13887,***,(246164-F) 하계정비복 제조,2024,UMM,국군재정관리단,제한경쟁,총액제,적격심사제,202404191100,20240419,낙찰
정상공고,UMM0446,1,13888,***,(246163-F) 동계정비복 제조,2024,UMM,국군재정관리단,제한경쟁,총액제,적격심사제,202404191100,20240419,낙찰
긴급공고,EBB0089,1,7422,***,"판류(제조, 일반)",2024,EBB,지상공통전력운영계약팀,수의계약,총액제,적격심사제,202404181030,20240418,유찰
정상공고,EBB0051,1,A0172,***,"24년~25년 전지,축전식(UH-1H/AH-1헬기)",2024,EBB,지상공통전력운영계약팀,수의계약,총액제,적격심사제,202404181100,20240418,유찰
재공고,ELA0013,3,3603,***,'24년 위장차단 체계용 지지대,2024,ELA,화력총괄계약팀,수의계약,총액제,적격심사제,202404181100,20240418,유찰
긴급공고,HCF0093,1,12690,***,[항공기 급유차 부품]호스조립체 2종 제조,2024,HCF,공군군수사령부,일반경쟁,총액제,적격심사제,202404181030,20240418,유찰
긴급공고,HCF0095,1,12770,***,[패트리어트 작전차량 부품] 배터리블랙박스 등 15종,2024,HCF,공군군수사령부,제한경쟁,총액제,적격심사제,202404181030,20240418,낙찰
긴급공고,HCF0094,1,13986,***,[시동용발전기 부품]주파수 제어기군 등 8종,2024,HCF,공군군수사령부,제한경쟁,총액제,적격심사제,202404181030,20240418,낙찰
긴급공고,HCF0092,1,14929,***,폭발물처리 방한복 제조,2024,HCF,공군군수사령부,제한경쟁,총액제,적격심사제,202404181030,20240418,낙찰
긴급공고,HDN0019,1,15023,***,’24년 병사식당 자율운영부식 계약,2024,HDN,공군제18전투비행단,제한경쟁,총액제,적격심사제,202404181300,20240418,낙찰
긴급공고,LCM0022,1,09739,***,'24년 기술연구용역(1),2024,LCM,육군교육사령부,2단계경쟁(동시),총액제,최저가격제,202404181300,20240418,낙찰
긴급공고,LCM0023,1,09740,***,'24년 기술연구용역(2),2024,LCM,육군교육사령부,2단계경쟁(동시),총액제,최저가격제,202404181300,20240418,낙찰
긴급공고,LCM0024,1,09741,***,'24년 기술연구용역(3),2024,LCM,육군교육사령부,2단계경쟁(동시),총액제,최저가격제,202404181300,20240418,유찰
정상공고,LDH0347,1,06036,***,대형제청도장기 외주정비 용역,2024,LDH,육군종합정비창,2단계경쟁(동시),총액제,최저가격제,202404181300,20240418,유찰
정상공고,LDH0346,1,06667,***,부품도장기 외주정비 용역,2024,LDH,육군종합정비창,2단계경쟁(동시),총액제,최저가격제,202404181300,20240418,낙찰
재공고,LDH0385,2,10827,***,(자재) 하우징 상부 하부 부품키트 구매,2024,LDH,육군종합정비창,제한경쟁,총액제,적격심사제,202404181300,20240418,순위확정
재공고,LDH0382,2,10831,***,(자재) 스테인리스파우더 등 3종 구매,2024,LDH,육군종합정비창,제한경쟁,총액제,적격심사제,202404181300,20240418,낙찰
긴급공고,LHQ0021,1,13842,***,24년 중요시설 경계시스템 외주정비용역,2024,LHQ,제2작전사령부,제한경쟁,총액제,적격심사제,202404181030,20240418,낙찰
긴급공고,LHQ0020,1,14808,***,24년 7867부대 제초용역,2024,LHQ,제2작전사령부,제한경쟁,총액제,적격심사제,202404181100,20240418,낙찰
긴급공고,LKP0087,1,13987,***,'24년 00부대 제초용역,2024,LKP,5군수지원사령부,일반경쟁,총액제,적격심사제,202404181130,20240418,낙찰
긴급공고,LKT0040,1,14979,***,24년 5~6월 부대조달 급식품목(빵류) 구매,2024,LKT,제1989부대,일반경쟁,총액제,적격심사제,202404181030,20240418,낙찰
긴급공고,LKT0041,1,14982,***,24년 5~6월 부대조달 급식품목(식육가공품) 구매,2024,LKT,제1989부대,일반경쟁,총액제,적격심사제,202404181030,20240418,낙찰
긴급공고,LQG0034,1,14966,***,작계훈련 2차 무기 등 수송 차량 임차(1권역),2024,LQG,육군 52보병사단,제한경쟁,총액제,적격심사제,202404181030,20240418,낙찰
긴급공고,LQG0035,1,14971,***,작계훈련 2차 무기 등 수송 차량 임차(2권역),2024,LQG,육군 52보병사단,제한경쟁,총액제,적격심사제,202404181030,20240418,낙찰
긴급공고,LQG0036,1,15033,***,박달훈련대 과학화체계 설치 및 유지보수 용역,2024,LQG,육군 52보병사단,제한경쟁,총액제,적격심사제,202404181030,20240418,낙찰
긴급공고,LQG0037,1,15035,***,서초훈련대 과학화체계 설치 및 유지보수 용역,2024,LQG,육군 52보병사단,제한경쟁,총액제,적격심사제,202404181030,20240418,낙찰
재공고,SCF0327,2,09019,***,"조정기세트, 전압용 등 2종 구매",2024,SCF,해군군수사령부,제한경쟁,총액제,적격심사제,202404181030,20240418,낙찰
긴급공고,SCF0372,1,10289,***,"윤활유, 냉매 압축기용 30EA 구매",2024,SCF,해군군수사령부,제한경쟁,총액제,적격심사제,202404181030,20240418,순위확정
긴급공고,SCF0370,1,13034,***,"(긴급) 작동기, 유압식-공기식, 회전형 등 17종",2024,SCF,해군군수사령부,제한경쟁,총액제,적격심사제,202404181030,20240418,낙찰
긴급공고,SCQ0035,1,14888,***,24-평 예초관리 용역,2024,SCQ,제9911부대,제한경쟁,총액제,적격심사제,202404181030,20240418,낙찰
긴급공고,SFC0036,1,15042,***,홍보물(캐릭터 열쇠고리 등 3품목) 제작 구매,2024,SFC,제9691부대,제한경쟁,총액제,적격심사제,202404181030,20240418,낙찰
재공고,UMM0132,2,03388,***,"24-F- 제설기,트럭장착 제조(249019-F)",2024,UMM,국군재정관리단,일반경쟁,총액제,적격심사제,202404181100,20240418,낙찰
재공고,UMM0386,2,13129,***,(246069-C) 탄알집 봉인스티커 제조,2024,UMM,국군재정관리단,제한경쟁,총액제,적격심사제,202404181100,20240418,낙찰
긴급공고,UMM0451,1,13453,***,(246184-C) 5인승 전동승용카트 구매,2024,UMM,국군재정관리단,일반경쟁,총액제,적격심사제,202404181100,20240418,낙찰
정상공고,EBB0084,1,1028,***,자주포 암조립체류,2024,EBB,지상공통전력운영계약팀,수의계약,총액제,적격심사제,202404171400,20240417,유찰
긴급공고,EBB0085,1,8152,***,필터류(장갑차),2024,EBB,지상공통전력운영계약팀,수의계약,총액제,적격심사제,202404171030,20240417,유찰
긴급공고,EBB0086,1,8157,***,"필터류(제조,일반)",2024,EBB,지상공통전력운영계약팀,수의계약,총액제,적격심사제,202404171050,20240417,유찰
재공고,EBB0039,2,8345,***,마스터휠실린더,2024,EBB,지상공통전력운영계약팀,수의계약,총액제,적격심사제,202404171100,20240417,유찰
정상공고,ELA0014,1,3225,***,공구상자(120밀리자주박격포 및 사격지휘차량),2024,ELA,화력총괄계약팀,제한경쟁,총액제,적격심사제,202404171500,20240417,낙찰
긴급공고,HCF0089,1,01665,***,24-H-08 스팀 청소기,2024,HCF,공군군수사령부,제한경쟁,총액제,적격심사제,202404171030,20240417,낙찰
긴급공고,HCF0091,1,11029,***,[항자단] 검시험기,2024,HCF,공군군수사령부,제한경쟁,총액제,적격심사제,202404171030,20240417,낙찰
긴급공고,HCF0090,1,14180,***,피피 멀티로프 5종 제조,2024,HCF,공군군수사령부,제한경쟁,총액제,적격심사제,202404171030,20240417,낙찰
긴급공고,HCF0086,1,14583,***,플리스형 스웨터 명찰 제조,2024,HCF,공군군수사령부,제한경쟁,총액제,적격심사제,202404171030,20240417,낙찰
정정공고,HDG0010,2,14551,***,24-13-4 전기공사 관급자재(변압기),2024,HDG,공군제10전투비행단,제한경쟁,총액제,적격심사제,202404171100,20240417,낙찰
정정공고,LCF0088,2,04664,***,환자용옷장(침상형) 등 7항목 구매(의무),2024,LCF,육군군수사령부,제한경쟁,총액제,적격심사제,202404171100,20240417,낙찰
긴급공고,LCF0094,1,04675,***,응급처치표 등 6항목 구매(의무),2024,LCF,육군군수사령부,제한경쟁,총액제,적격심사제,202404171100,20240417,낙찰
긴급공고,LCF0090,1,04758,***,"이소프로필알코올, 공업용 등 10항목 구매(화생방)",2024,LCF,육군군수사령부,제한경쟁,총액제,적격심사제,202404171100,20240417,낙찰
긴급공고,LCF0092,1,05855,***,청력계 자동식 등 17항목 구매(의무),2024,LCF,육군군수사령부,제한경쟁,총액제,적격심사제,202404171100,20240417,낙찰
긴급공고,LCF0095,1,05856,***,"캐비넷,외과기구와 치료용품용 등 11항목 구매(의무)",2024,LCF,육군군수사령부,제한경쟁,총액제,적격심사제,202404171100,20240417,낙찰
긴급공고,LCF0091,1,05866,***,E/O 가스 및 스팀 멸균용 포장백 등 9항목 구매(의무),2024,LCF,육군군수사령부,제한경쟁,총액제,적격심사제,202404171100,20240417,낙찰
긴급공고,LCF0093,1,05867,***,"루어록켑,혈관접속용 등 4항목 구매(의무)",2024,LCF,육군군수사령부,제한경쟁,총액제,적격심사제,202404171100,20240417,낙찰
긴급공고,LCF0089,1,10769,***,항타기 등 12항목 제조(기일공구),2024,LCF,육군군수사령부,제한경쟁,총액제,적격심사제,202404171100,20240417,낙찰
정정공고,LCF0059,3,11932,***,"전지, 축전식(MF-120L, 12V120AH)  21항목 제조(기장)",2024,LCF,육군군수사령부,제한경쟁,총액제,적격심사제,202404171100,20240417,유찰
정정공고,LCF0070,3,12671,***,"리드선,전기용 등 35항목 생산능력제조(궤도-002)",2024,LCF,육군군수사령부,제한경쟁,총액제,적격심사제,202404171130,20240417,유찰
긴급공고,LCF0087,1,13556,***,밸브 조립체 등 23항목 제조(일장-005),2024,LCF,육군군수사령부,제한경쟁,총액제,적격심사제,202404171130,20240417,낙찰
긴급공고,LCF0086,1,14557,***,"뚜껑,렌즈용 등 27항목 생산능력확인 제조(궤도-010)",2024,LCF,육군군수사령부,제한경쟁,총액제,적격심사제,202404171130,20240417,유찰
정상공고,LDH0420,1,13312,***,K9자주포 하우징 구매,2024,LDH,육군종합정비창,제한경쟁,총액제,적격심사제,202404171300,20240417,유찰
정상공고,LDH0422,1,13339,***,발칸 차폐물 구매,2024,LDH,육군종합정비창,제한경쟁,총액제,적격심사제,202404171300,20240417,유찰
정상공고,LDH0423,1,13343,***,발칸 총구용어댑터 구매,2024,LDH,육군종합정비창,제한경쟁,총액제,적격심사제,202404171300,20240417,낙찰
정상공고,LDH0417,1,13350,***,"K21 노즐,연료분사용 1종 구매",2024,LDH,육군종합정비창,제한경쟁,총액제,적격심사제,202404171300,20240417,낙찰
정상공고,LDH0419,1,13809,***,통신 집적회로 등 55종 구매,2024,LDH,육군종합정비창,제한경쟁,총액제,적격심사제,202404171300,20240417,낙찰
재공고,LKP0063,2,06302,001,24년 액화석유가스(LPG) 구매(광주),2024,LKP,5군수지원사령부,일반경쟁,단가제,적격심사제,202404171100,20240417,유찰
긴급공고,MCD0015,1,12869,***,`24년 국방M&S발전세미나 행사 대행,2024,MCD,국방부(운영지원과),협상에의한계약(전자),총액제,최저가격제,202404171100,20240417,낙찰
정정공고,MCR0014,2,10316,***,안보학술연구용역(1.국가안보에관한문제에관한이론),2024,MCR,국방대학교,협상에의한계약(전자),총액제,최저가격제,202404171030,20240417,유찰
정정공고,MCR0015,2,10330,***,안보학술연구용역(2. 국제안보환경과),2024,MCR,국방대학교,협상에의한계약(전자),총액제,최저가격제,202404171030,20240417,유찰
정정공고,MCR0016,2,10340,***,안보학술연구용역(3. 국내안보환경과),2024,MCR,국방대학교,협상에의한계약(전자),총액제,최저가격제,202404171030,20240417,유찰
정정공고,MCR0017,2,10344,***,안보학술연구용역(4.한국의군사전략),2024,MCR,국방대학교,협상에의한계약(전자),총액제,최저가격제,202404171030,20240417,낙찰
정상공고,MDK0030,1,14494,***,'24-1차 동명부대 재보급물자 수송관리용역,2024,MDK,국군수송사령부,일반경쟁,총액제,적격심사제,202404171130,20240417,낙찰
긴급공고,MDR0013,1,14829,***,수중나침의(어택보드) 구매,2024,MDR,제9965부대,일반경쟁,총액제,적격심사제,202404171100,20240417,낙찰
정정공고,NIT0006,3,14787,***,유전자 감정재료 구매 1차,2024,NIT,국방부조사본부,제한경쟁,총액제,적격심사제,202404171100,20240417,낙찰
긴급공고,NIT0007,1,14800,***,감정장비(중합효소연쇄반응장치) 구매,2024,NIT,국방부조사본부,제한경쟁,총액제,적격심사제,202404171100,20240417,낙찰
재공고,SCF0217,2,04852,***,고무판 등 7품목 구매,2024,SCF,해군군수사령부,제한경쟁,총액제,적격심사제,202404171030,20240417,낙찰
긴급공고,SCF0368,1,06202,***,잠수함 축전지 충방전 용역,2024,SCF,해군군수사령부,일반경쟁,총액제,적격심사제,202404171030,20240417,유찰
재공고,SCF0310,2,06865,***,OO급 잠수함 통합양강마스트 정비,2024,SCF,해군군수사령부,일반경쟁,총액제,적격심사제,202404171030,20240417,유찰
재공고,SCF0314,2,07580,***,'24년 MSH 비자성 보조보일러 외주정비,2024,SCF,해군군수사령부,일반경쟁,총액제,적격심사제,202404171030,20240417,낙찰
긴급공고,SCF0359,1,07707,***,"잠수함(SS-I, II) 통풍관 청소 용역",2024,SCF,해군군수사령부,일반경쟁,총액제,적격심사제,202404171030,20240417,낙찰
긴급공고,SCF0358,1,08219,***,"호스,비금속제 등 6종 구매",2024,SCF,해군군수사령부,제한경쟁,총액제,적격심사제,202404171030,20240417,낙찰
긴급공고,SCF0362,1,08820,***,"증폭기,가속도계 신호용 등 9종 구매",2024,SCF,해군군수사령부,제한경쟁,총액제,적격심사제,202404171030,20240417,낙찰
긴급공고,SCF0360,1,09081,***,압력계 등 11종 구매,2024,SCF,해군군수사령부,제한경쟁,총액제,적격심사제,202404171030,20240417,순위확정
긴급공고,SCF0318,1,09784,***,탄약정비 공정의 자동화/무인화 방안 개발,2024,SCF,해군군수사령부,2단계경쟁(동시),총액제,최저가격제,202404171030,20240417,낙찰
긴급공고,SCF0369,1,10550,***,'24년 함내외 및 함내무선통신체계 유지보수 정비,2024,SCF,해군군수사령부,일반경쟁,총액제,적격심사제,202404171030,20240417,유찰
재공고,SCF0332,2,12537,***,파병함정 FCU 청락/도장/소제 용역,2024,SCF,해군군수사령부,일반경쟁,총액제,적격심사제,202404171030,20240417,낙찰
긴급공고,SCF0355,1,13018,***,(긴급) 냉각수 가이드 자켓 등 13종,2024,SCF,해군군수사령부,제한경쟁,총액제,적격심사제,202404171030,20240417,낙찰
긴급공고,SCF0356,1,13037,***,"(긴급) 등, 선박항해용 등 7종",2024,SCF,해군군수사령부,제한경쟁,총액제,적격심사제,202404171030,20240417,낙찰
긴급공고,SCF0361,1,13214,***,"디스플레이 유닛,다기능용 등 2품목 구매",2024,SCF,해군군수사령부,제한경쟁,총액제,적격심사제,202404171030,20240417,낙찰
긴급공고,SCF0363,1,13420,***,(긴급)솔레노이드 밸브 등 5종,2024,SCF,해군군수사령부,제한경쟁,총액제,적격심사제,202404171030,20240417,낙찰
긴급공고,SFC0034,1,14882,***,디지털전용지 등 45품목 구매,2024,SFC,제9691부대,제한경쟁,총액제,적격심사제,202404171030,20240417,낙찰
정상공고,UMM0436,1,05386,***,(246070-D)화재 및 화학기호판 9종 제조,2024,UMM,국군재정관리단,제한경쟁,총액제,적격심사제,202404171100,20240417,낙찰
정상공고,UMM0434,1,08890,***,24-N-평 정수기 67대(함정 포함) 임차 용역,2024,UMM,국군재정관리단,제한경쟁,총액제,적격심사제,202404171100,20240417,낙찰
정상공고,UMM0423,1,09424,***,24-N-작업높이 가변형 작업대 구매,2024,UMM,국군재정관리단,제한경쟁,총액제,적격심사제,202404171100,20240417,낙찰
정상공고,UMM0424,1,09551,***,24-F-활주로 노견 및 엄체호 주변 제초 용역,2024,UMM,국군재정관리단,제한경쟁,총액제,적격심사제,202404171100,20240417,낙찰
정상공고,UMM0429,1,09566,***,24-N-방화선벨트 제초용역,2024,UMM,국군재정관리단,제한경쟁,총액제,적격심사제,202404171100,20240417,낙찰
재공고,UMM0334,2,09707,***,24-N-구조요원 호흡기체 위탁검사 용역,2024,UMM,국군재정관리단,제한경쟁,총액제,적격심사제,202404171100,20240417,유찰
정상공고,UMM0432,1,10646,***,24-N-고성능 확대경 구매,2024,UMM,국군재정관리단,제한경쟁,총액제,적격심사제,202404171100,20240417,낙찰
정상공고,UMM0427,1,11270,***,24-N-기포성시험기 구매,2024,UMM,국군재정관리단,제한경쟁,총액제,적격심사제,202404171100,20240417,낙찰
정상공고,UMM0435,1,13401,***,(246174-C) 전력계 구매,2024,UMM,국군재정관리단,제한경쟁,총액제,적격심사제,202404171100,20240417,낙찰
정상공고,UMM0431,1,14309,***,(24F092-A) 외진버스 민간용역(동부),2024,UMM,국군재정관리단,제한경쟁,총액제,적격심사제,202404171100,20240417,낙찰
정상공고,UMM0437,1,14459,***,24-F-병영시설 전문 방제용역,2024,UMM,국군재정관리단,일반경쟁,총액제,적격심사제,202404171100,20240417,낙찰
정상공고,EBB0061,1,0610B,***,역삼투조수기 2.5톤,2024,EBB,지상공통전력운영계약팀,수의계약,총액제,적격심사제,202404161100,20240416,유찰
긴급공고,EBB0076,1,1130E,***,롤러 조립체(베어링류),2024,EBB,지상공통전력운영계약팀,수의계약,총액제,적격심사제,202404161040,20240416,유찰
긴급공고,EBB0079,1,1261,***,자주포 유압장치 부품류,2024,EBB,지상공통전력운영계약팀,수의계약,총액제,적격심사제,202404161110,20240416,유찰
긴급공고,EBB0078,1,1521,***,자주포 유지용 일반부품류,2024,EBB,지상공통전력운영계약팀,수의계약,총액제,적격심사제,202404161100,20240416,유찰
긴급공고,EBB0077,1,1626,***,여과기류,2024,EBB,지상공통전력운영계약팀,수의계약,총액제,적격심사제,202404161050,20240416,유찰
정상공고,EBB0067,1,5054,***,밸브류,2024,EBB,지상공통전력운영계약팀,수의계약,총액제,적격심사제,202404161100,20240416,유찰
정상공고,EBB0065,1,5870,***,25파운드 연습탄,2024,EBB,지상공통전력운영계약팀,일반경쟁,총액제,적격심사제,202404161100,20240416,낙찰
정상공고,EBB0062,1,6110,***,게이지류,2024,EBB,지상공통전력운영계약팀,수의계약,총액제,적격심사제,202404161100,20240416,유찰
긴급공고,EBB0081,1,8150,***,"필터류(차량,전차,중장비)",2024,EBB,지상공통전력운영계약팀,수의계약,총액제,적격심사제,202404161130,20240416,유찰
정상공고,EBB0066,1,8159,***,K-1전차 여과기류,2024,EBB,지상공통전력운영계약팀,수의계약,총액제,적격심사제,202404161100,20240416,유찰
정상공고,EBB0083,1,8550,***,장갑차 부품류,2024,EBB,지상공통전력운영계약팀,일반경쟁,총액제,적격심사제,202404161100,20240416,낙찰
정상공고,EBB0063,1,8960,***,라이트류,2024,EBB,지상공통전력운영계약팀,수의계약,총액제,적격심사제,202404161100,20240416,유찰
정상공고,EPA0001,1,7430,***,이동형자동기상관측장비,2024,EPA,항공기총괄계약팀,일반경쟁,총액제,적격심사제,202404161400,20240416,유찰
재공고,HCF0081,2,12665,***,'24~'25년 상층대기분석장비 유지보수,2024,HCF,공군군수사령부,제한경쟁,총액제,적격심사제,202404161030,20240416,낙찰
긴급공고,HCF0087,1,12686,***,'24~'25년 항공기 전기계통 창정비장비 유지보수,2024,HCF,공군군수사령부,제한경쟁,총액제,적격심사제,202404161030,20240416,낙찰
긴급공고,HCF0088,1,12699,***,'24~'25년 정찰체계 지상장비 유지보수,2024,HCF,공군군수사령부,제한경쟁,총액제,적격심사제,202404161030,20240416,낙찰
재공고,HCF0074,2,13044,***,"[F-16 부품]키,기계용 제조",2024,HCF,공군군수사령부,제한경쟁,총액제,적격심사제,202404161030,20240416,낙찰
긴급공고,HCF0084,1,13560,***,비행복 계급장류 제조,2024,HCF,공군군수사령부,제한경쟁,총액제,적격심사제,202404161030,20240416,낙찰
긴급공고,HCF0083,1,14194,***,유류흡착롤 등 3종 구매,2024,HCF,공군군수사령부,제한경쟁,총액제,적격심사제,202404161030,20240416,낙찰
긴급공고,HDK0014,1,13520,***,24년 POL지역 제초용역,2024,HDK,공군제11전투비행단,제한경쟁,총액제,적격심사제,202404161030,20240416,낙찰
긴급공고,LCF0082,1,07279,***,"등,등화관제용 등 3항목 생산능력확인제조(총포)",2024,LCF,육군군수사령부,제한경쟁,총액제,적격심사제,202404161030,20240416,유찰
긴급공고,LCF0084,1,07287,***,"백,진공포장용 등 3항목 제조(총포)",2024,LCF,육군군수사령부,제한경쟁,총액제,적격심사제,202404161030,20240416,유찰
재공고,LCF0035,2,07485,***,오일펜스 등 3항목 구매(물자),2024,LCF,육군군수사령부,제한경쟁,총액제,적격심사제,202404161100,20240416,낙찰
정정공고,LCF0068,2,12673,***,제어헤드 조립체 등 22항목 생산능력 확인제조(일장),2024,LCF,육군군수사령부,제한경쟁,총액제,적격심사제,202404161130,20240416,유찰
긴급공고,LCF0069,1,12674,***,핀 등 258항목 생산능력확인제조(일장-009),2024,LCF,육군군수사령부,제한경쟁,총액제,적격심사제,202404161130,20240416,유찰
정정공고,LCF0072,2,12801,***,"베어링,볼,환상형 등 58항목 생산능력확인제조(궤도)",2024,LCF,육군군수사령부,제한경쟁,총액제,적격심사제,202404161130,20240416,유찰
긴급공고,LCF0079,1,12831,***,"펌프,회전식 등 2항목 생산능력확인제조(궤도)",2024,LCF,육군군수사령부,제한경쟁,총액제,적격심사제,202404161130,20240416,유찰
재공고,LCF0055,2,12928,***,"망원경,엘보형 등 4항목 생산능력(총포)",2024,LCF,육군군수사령부,제한경쟁,총액제,적격심사제,202404161030,20240416,유찰
정정공고,LCF0075,3,12929,***,리치-B 등 20항목 생산능력확인제조(일장-005),2024,LCF,육군군수사령부,제한경쟁,총액제,적격심사제,202404161130,20240416,유찰
재공고,LCF0049,2,12947,***,"장치대,망원경용 등 1항목 생산능력(총포)",2024,LCF,육군군수사령부,제한경쟁,총액제,적격심사제,202404161030,20240416,유찰
긴급공고,LCF0080,1,13004,***,밸브 등 9항목 생산능력확인제조(일장-014),2024,LCF,육군군수사령부,제한경쟁,총액제,적격심사제,202404161130,20240416,유찰
재공고,LCF0054,2,13222,***,브레이크 부스터조립체 등 7항목 생산능력제조(기장),2024,LCF,육군군수사령부,제한경쟁,총액제,적격심사제,202404161100,20240416,유찰
재공고,LCF0051,3,13317,***,"볼트,내부렌치형 등 543항목 제조(궤도-001)",2024,LCF,육군군수사령부,제한경쟁,총액제,적격심사제,202404161130,20240416,유찰
긴급공고,LCF0083,1,13457,***,"베어링,롤러식 등 9항목 생산능력제조(자주포)",2024,LCF,육군군수사령부,제한경쟁,총액제,적격심사제,202404161030,20240416,유찰
정정공고,LCF0078,2,13519,***,역세탱크 조립체 1항목 제조(일장-004),2024,LCF,육군군수사령부,제한경쟁,총액제,적격심사제,202404161130,20240416,유찰
긴급공고,LCG0025,1,14348,***,[24-육-80] PC기반 수신체계(안테나) 제조,2024,LCG,육군본부,제한경쟁,총액제,적격심사제,202404161100,20240416,낙찰
긴급공고,LCM0026,1,14252,***,'24년 2분기 부대계약 영내자증식 구매,2024,LCM,육군교육사령부,제한경쟁,총액제,적격심사제,202404161030,20240416,낙찰
재공고,LDH0200,2,05719,***,UH-60헬기 기체 상부구조물 소요자재 제조,2024,LDH,육군종합정비창,2단계경쟁(동시),총액제,최저가격제,202404161300,20240416,유찰
정상공고,LDH0402,1,12689,***,K77지휘차 스프링 구매,2024,LDH,육군종합정비창,제한경쟁,총액제,적격심사제,202404161300,20240416,순위확정
정상공고,LDH0397,1,12696,***,K9자주포 밸브 구매,2024,LDH,육군종합정비창,제한경쟁,총액제,적격심사제,202404161300,20240416,낙찰
정상공고,LDH0399,1,12698,***,K9자주포 부트등7종 구매,2024,LDH,육군종합정비창,제한경쟁,총액제,적격심사제,202404161300,20240416,유찰
정상공고,LDH0400,1,12700,***,K9자주포 뽑게등19종 구매,2024,LDH,육군종합정비창,제한경쟁,총액제,적격심사제,202404161300,20240416,낙찰
정상공고,LDH0401,1,12701,***,K9자주포 장력장치 구매,2024,LDH,육군종합정비창,제한경쟁,총액제,적격심사제,202404161300,20240416,유찰
정상공고,LDH0406,1,12885,***,(자재) 고무링 구매,2024,LDH,육군종합정비창,제한경쟁,총액제,적격심사제,202404161300,20240416,낙찰
정상공고,LDH0410,1,13681,***,(자재) 화학저항성 페인트(폴리우레탄코팅제) 제조,2024,LDH,육군종합정비창,제한경쟁,총액제,적격심사제,202404161300,20240416,유찰
정상공고,LDH0411,1,13748,***,(자재) 포장자재 상자 등 2종 구매,2024,LDH,육군종합정비창,제한경쟁,총액제,적격심사제,202404161300,20240416,유찰
정상공고,LDH0404,1,13926,***,"K200 와셔,평면형 등 12종 구매",2024,LDH,육군종합정비창,제한경쟁,총액제,적격심사제,202404161300,20240416,낙찰
정상공고,LDH0407,1,13943,***,K200 케이블조립체 등 5종 구매,2024,LDH,육군종합정비창,제한경쟁,총액제,적격심사제,202404161300,20240416,낙찰
정상공고,LDH0393,1,14013,***,(정수) 분말활성탄 구매,2024,LDH,육군종합정비창,제한경쟁,총액제,적격심사제,202404161330,20240416,낙찰
긴급공고,LPM0006,1,14305,***,24년 렌탈프린터 임차 통합계약,2024,LPM,제9보병사단사령부,제한경쟁,총액제,적격심사제,202404161100,20240416,낙찰
긴급공고,MCD0011,1,09119,***,군인연금제도 발전방향 연구,2024,MCD,국방부(운영지원과),협상에의한계약(전자),총액제,최저가격제,202404161700,20240416,낙찰
재공고,MDD0057,2,11296,001,2024 특수수술재료(신경조직 3CM) 구매(단가계약),2024,MDD,국군수도병원,제한경쟁,단가제,적격심사제,202404161700,20240416,유찰
재공고,MDD0059,2,11300,001,2024 특수수술재료(신경조직 7CM) 구매(단가계약),2024,MDD,국군수도병원,제한경쟁,단가제,적격심사제,202404161700,20240416,유찰
재공고,MDD0058,2,11303,001,2024 특수수술재료(신경조직 5CM) 구매(단가계약),2024,MDD,국군수도병원,제한경쟁,단가제,적격심사제,202404161700,20240416,유찰
정상공고,MDG0115,1,14102,***,임플란트2 8종 구매,2024,MDG,국군의무사령부,제한경쟁,총액제,적격심사제,202404161100,20240416,유찰
긴급공고,MHD0035,1,11163,***,국방기술 창업경진대회 시행 용역,2024,MHD,방위사업청(운영지원과),협상에의한계약(전자),총액제,최저가격제,202404161500,20240416,낙찰
긴급공고,MHD0036,1,11168,***,제8회 국방과학기술 대제전 행사 시행 용역,2024,MHD,방위사업청(운영지원과),협상에의한계약(전자),총액제,최저가격제,202404161500,20240416,낙찰
재공고,SCF0204,3,07716,***,래커에어로졸 등 8종 구매,2024,SCF,해군군수사령부,제한경쟁,총액제,적격심사제,202404161030,20240416,순위확정
긴급공고,SCF0353,1,07788,***,접속함 등 4품목 구매,2024,SCF,해군군수사령부,제한경쟁,총액제,적격심사제,202404161030,20240416,낙찰
재공고,SCF0277,3,08154,***,'24년 잠수함 탈출복 정비,2024,SCF,해군군수사령부,일반경쟁,총액제,적격심사제,202404161030,20240416,유찰
긴급공고,SCF0350,1,08211,***,"부품키트, 디젤엔진용 등 39종 구매",2024,SCF,해군군수사령부,일반경쟁,총액제,적격심사제,202404161030,20240416,낙찰
긴급공고,SCF0349,1,08371,***,"스위치 유닛, 전력전달용 등 10종 구매",2024,SCF,해군군수사령부,제한경쟁,총액제,적격심사제,202404161030,20240416,낙찰
긴급공고,SCF0344,1,09218,***,"접촉자 세트, 슬립 링용 등 7종 구매",2024,SCF,해군군수사령부,제한경쟁,총액제,적격심사제,202404161030,20240416,낙찰
긴급공고,SCF0348,1,10738,***,"제어장치, 전동기-발전기용 등 3종 구매",2024,SCF,해군군수사령부,제한경쟁,총액제,적격심사제,202404161030,20240416,낙찰
긴급공고,SCF0347,1,10838,***,대테러 폭약셋 14EA 구매,2024,SCF,해군군수사령부,제한경쟁,총액제,적격심사제,202404161030,20240416,유찰
긴급공고,SCF0343,1,12681,***,(긴급)봉합제 세트 등 86종,2024,SCF,해군군수사령부,제한경쟁,총액제,적격심사제,202404161030,20240416,낙찰
긴급공고,SCF0354,1,12682,***,"(긴급)노즐,연료 분사용 등 39종",2024,SCF,해군군수사령부,제한경쟁,총액제,적격심사제,202404161030,20240416,낙찰
긴급공고,SCF0342,1,12683,***,(긴급)레벨스위치 등 32종,2024,SCF,해군군수사령부,제한경쟁,총액제,적격심사제,202404161030,20240416,낙찰
긴급공고,SCF0352,1,14510,***,"(긴급) 밸브, 볼형 등 57종",2024,SCF,해군군수사령부,제한경쟁,총액제,적격심사제,202404161300,20240416,유찰
정정공고,SDG0016,2,13313,***,24-인-정수기임차용역,2024,SDG,제2002부대,제한경쟁,총액제,적격심사제,202404161030,20240416,낙찰
정상공고,SFG0046,1,14184,***,공기청정기 필터 제조 구매,2024,SFG,제9181부대,일반경쟁,총액제,적격심사제,202404161030,20240416,낙찰
재공고,UMM0304,2,05625,***,"24-F- 발전기세트,가솔린엔진식 제조(249049-F)",2024,UMM,국군재정관리단,제한경쟁,총액제,적격심사제,202404161100,20240416,유찰
정상공고,UMM0416,1,07724,***,(246137-D)탄약 정비용 자재(봉인 알루미늄) 제조,2024,UMM,국군재정관리단,제한경쟁,총액제,적격심사제,202404161100,20240416,낙찰
정상공고,UMM0419,1,09216,***,24-N-습식선체청락기 구매,2024,UMM,국군재정관리단,제한경쟁,총액제,적격심사제,202404161100,20240416,낙찰
정상공고,UMM0394,1,09536,***,"24-F-부스,도장용 제조·설치(249077-F)",2024,UMM,국군재정관리단,일반경쟁,총액제,적격심사제,202404161100,20240416,낙찰
정상공고,UMM0415,1,10168,***,(247147-D) 외과장비소모품(2) 86품목 구매,2024,UMM,국군재정관리단,일반경쟁,총액제,적격심사제,202404161100,20240416,낙찰
정상공고,UMM0403,1,10394,***,24-N-포신약실검사장비 제조(248105-F),2024,UMM,국군재정관리단,제한경쟁,총액제,적격심사제,202404161100,20240416,낙찰
정상공고,UMM0410,1,10445,***,24-F-활주로 제초용역,2024,UMM,국군재정관리단,제한경쟁,총액제,적격심사제,202404161100,20240416,낙찰
정상공고,UMM0421,1,10846,***,(247095-B) 병리재료 79종 구매,2024,UMM,국군재정관리단,일반경쟁,총액제,적격심사제,202404161100,20240416,낙찰
정상공고,UMM0422,1,12011,***,(246165-B)24년 정비피복(정비화) 구매,2024,UMM,국군재정관리단,제한경쟁,총액제,적격심사제,202404161100,20240416,낙찰
정상공고,UMM0428,1,12720,***,(24F098-I) 24년 탄약취급장비(지게차) 용역,2024,UMM,국군재정관리단,일반경쟁,총액제,적격심사제,202404161100,20240416,유찰
재공고,EL30001,2,5900,***,155mm지역거부탄 탐색개발,2024,ELA,화력총괄계약팀,협상에의한계약(전자),총액제,최저가격제,202404151400,20240415,낙찰
정상공고,ESA0002,1,5201,***,천궁II 정비대용 30kw 발전기세트,2024,ESA,유도무기총괄계약팀,일반경쟁,총액제,적격심사제,202404151100,20240415,낙찰
긴급공고,HDG0008,1,14519,***,<24-44> 10비 일반지역 및 탄약고 지역 제초용역,2024,HDG,공군제10전투비행단,제한경쟁,총액제,적격심사제,202404151100,20240415,낙찰
긴급공고,HDG0009,1,14531,***,<24-43>10비 라인 및 유류저장지역 제초용역,2024,HDG,공군제10전투비행단,제한경쟁,총액제,적격심사제,202404151100,20240415,낙찰
긴급공고,LHN0023,1,14442,***,24-신영-01 실내체육관 자동제어 제조 설치(수정),2024,LHN,제7보병사단,제한경쟁,총액제,적격심사제,202404151100,20240415,낙찰
긴급공고,LHN0024,1,14471,***,24-신영-01 실내체육관 신축 무대장치 제조설치,2024,LHN,제7보병사단,제한경쟁,총액제,적격심사제,202404151100,20240415,낙찰
긴급공고,LHQ0016,1,14018,***,24년 사령부 영내 제초용역 (1차),2024,LHQ,제2작전사령부,제한경쟁,총액제,적격심사제,202404151030,20240415,낙찰
정상공고,UMM0399,1,05722,***,24-N-수직 이착륙형 무인기 제조(248048-F),2024,UMM,국군재정관리단,일반경쟁,총액제,적격심사제,202404151100,20240415,낙찰
정상공고,UMM0379,1,07441,***,24-N-연료유 승압펌프 제조(248070-F),2024,UMM,국군재정관리단,일반경쟁,총액제,적격심사제,202404151100,20240415,낙찰
정상공고,UMM0382,1,09643,***,24-N-수직밀링기 구매,2024,UMM,국군재정관리단,제한경쟁,총액제,적격심사제,202404151100,20240415,낙찰
정상공고,UMM0420,1,09658,***,24~25-F-OOOO 수집/분석장비 유지보수,2024,UMM,국군재정관리단,일반경쟁,총액제,적격심사제,202404151100,20240415,낙찰
정상공고,UMM0412,1,09816,***,24-N-회로기판검사기 A형 구매,2024,UMM,국군재정관리단,제한경쟁,총액제,적격심사제,202404151100,20240415,낙찰
정상공고,UMM0413,1,09817,***,24-N-회로기판검사기 B형 구매,2024,UMM,국군재정관리단,제한경쟁,총액제,적격심사제,202404151100,20240415,낙찰
정상공고,UMM0383,1,09978,***,24-F-축도기용 조각기 구매,2024,UMM,국군재정관리단,제한경쟁,총액제,적격심사제,202404151100,20240415,낙찰
정상공고,UMM0409,1,13591,***,24-N-소화펌프 227M3 / HR 제조,2024,UMM,국군재정관리단,제한경쟁,총액제,적격심사제,202404151100,20240415,낙찰
정상공고,UMM0414,1,13895,***,"24-F-분석기, 주파수편이용 장비 구매",2024,UMM,국군재정관리단,제한경쟁,총액제,적격심사제,202404151100,20240415,낙찰
정상공고,EBB0052,1,1631,***,"24년 플런저,신속분리식",2024,EBB,지상공통전력운영계약팀,제한경쟁,총액제,적격심사제,202404121430,20240412,낙찰
정상공고,EBB0046,1,3001,***,병기수지 제품류,2024,EBB,지상공통전력운영계약팀,수의계약,총액제,적격심사제,202404121100,20240412,유찰
정상공고,EBB0047,1,5002,***,브레이크밴드,2024,EBB,지상공통전력운영계약팀,수의계약,총액제,적격심사제,202404121100,20240412,유찰
정상공고,EBB0057,1,6303A,***,조종수 카메라,2024,EBB,지상공통전력운영계약팀,수의계약,총액제,적격심사제,202404121100,20240412,유찰
정상공고,EBB0058,1,6303B,***,자동소화장치류,2024,EBB,지상공통전력운영계약팀,수의계약,총액제,적격심사제,202404121100,20240412,유찰
정상공고,EBB0048,1,7440,***,실린더조립체(전차),2024,EBB,지상공통전력운영계약팀,수의계약,총액제,적격심사제,202404121400,20240412,순위확정
정상공고,EBB0056,1,8506,***,24년 기관총 주야조준경 부품류(구매),2024,EBB,지상공통전력운영계약팀,일반경쟁,총액제,적격심사제,202404121430,20240412,낙찰
정상공고,EBB0049,1,9671,***,베어링류 슬리브형,2024,EBB,지상공통전력운영계약팀,수의계약,총액제,적격심사제,202404121400,20240412,유찰
긴급공고,HCL0029,1,13777,***,24-박물관 전시항공기 도장용역,2024,HCL,공군사관학교,일반경쟁,총액제,적격심사제,202404121100,20240412,유찰
긴급공고,HCL0031,1,13792,***,24-청주교육시설 BTL사업 전략환경영향평가 용역,2024,HCL,공군사관학교,일반경쟁,총액제,적격심사제,202404121100,20240412,낙찰
정상공고,HDM0029,1,13464,***,24년 ACS/IDS 출입접근통제체계 유지보수,2024,HDM,공군제17전투비행단,일반경쟁,총액제,적격심사제,202404121030,20240412,낙찰
재공고,LCF0036,2,11776,***,"너트, 평면형, 육각형 등 421항목 생산능력제조(기장)",2024,LCF,육군군수사령부,제한경쟁,총액제,적격심사제,202404121100,20240412,유찰
정정공고,LCF0061,2,11945,***,후레셔 유니트 등 2항목 제조(기장),2024,LCF,육군군수사령부,제한경쟁,총액제,적격심사제,202404121100,20240412,낙찰
긴급공고,LCF0041,1,12405,***,일회용주사바늘26게이지 등 3품목 구매(의무),2024,LCF,육군군수사령부,제한경쟁,총액제,적격심사제,202404121100,20240412,낙찰
재공고,LDG0027,2,11827,***,24년 폐흡착제 위탁처리 용역,2024,LDG,육군 탄약지원사령부,일반경쟁,총액제,적격심사제,202404121030,20240412,유찰
재공고,LDG0026,2,11829,***,24년 폐지환통 위탁처리 용역,2024,LDG,육군 탄약지원사령부,일반경쟁,총액제,적격심사제,202404121030,20240412,낙찰
정상공고,LDG0030,1,12786,***,나사 등 167개 품목 구매,2024,LDG,육군 탄약지원사령부,제한경쟁,총액제,적격심사제,202404121030,20240412,낙찰
정상공고,LDG0031,1,12816,***,가스관조립체 등 13개 품목 제조,2024,LDG,육군 탄약지원사령부,제한경쟁,총액제,적격심사제,202404121030,20240412,낙찰
정상공고,LDH0332,1,08862,***,RAM업무 고도화를 위한 잠정목표값 설정 연구용역,2024,LDH,육군종합정비창,2단계경쟁(동시),총액제,최저가격제,202404121300,20240412,낙찰
재공고,LDH0361,2,09711,***,(자재) 고무스폰지 등 38종 구매,2024,LDH,육군종합정비창,제한경쟁,총액제,적격심사제,202404121300,20240412,유찰
정상공고,LDH0389,1,13569,***,24-4차 정비용 장비 부품구매,2024,LDH,육군종합정비창,제한경쟁,총액제,적격심사제,202404121300,20240412,낙찰
정상공고,LDH0390,1,13574,***,24년 전반기 정비장비 예비부품구매(공병장비류),2024,LDH,육군종합정비창,제한경쟁,총액제,적격심사제,202404121300,20240412,낙찰
정상공고,LDH0391,1,13649,***,(자재) 에폭시프라이머코팅키트 제조,2024,LDH,육군종합정비창,제한경쟁,총액제,적격심사제,202404121300,20240412,낙찰
정상공고,LDH0392,1,13722,***,"(일장) 장갑전투도자 키,기계용 등 8품목 구매",2024,LDH,육군종합정비창,제한경쟁,총액제,적격심사제,202404121300,20240412,낙찰
재공고,LGP0076,2,07356,001,24-2차 면류 다수품목 단가계약,2024,LGP,제1군수지원사령부,일반경쟁,단가제,적격심사제,202404121100,20240412,낙찰
재공고,LGP0076,3,07356,001,24-2차 면류 다수품목 단가계약,2024,LGP,제1군수지원사령부,일반경쟁,단가제,적격심사제,202404121100,20240412,낙찰
재공고,LKP0070,2,06344,001,24년 액화석유가스(LPG) 구매(경북),2024,LKP,5군수지원사령부,일반경쟁,단가제,적격심사제,202404121100,20240412,낙찰
재공고,LKP0073,2,06350,001,24년 액화석유가스(LPG) 구매(충북),2024,LKP,5군수지원사령부,일반경쟁,단가제,적격심사제,202404121100,20240412,낙찰
정상공고,LKP0082,1,13630,***,24년 식기세척기 임차 용역(53군지단),2024,LKP,5군수지원사령부,제한경쟁,총액제,적격심사제,202404121100,20240412,낙찰
정상공고,LKP0086,1,13731,***,24년 전반기 국기검 자동차정비 실기교육 물품구매,2024,LKP,5군수지원사령부,제한경쟁,총액제,적격심사제,202404121100,20240412,유찰
정상공고,MDG0112,1,11142,***,24년 의무장비(초음파진단기 사단용) 구매,2024,MDG,국군의무사령부,제한경쟁,총액제,적격심사제,202404121100,20240412,낙찰
정상공고,MDG0111,1,11153,***,24년 의무장비(수액조절기 일반용) 구매,2024,MDG,국군의무사령부,제한경쟁,총액제,적격심사제,202404121100,20240412,유찰
정상공고,MDG0110,1,12987,***,24년 의무장비(레이저통증치료기) 구매,2024,MDG,국군의무사령부,제한경쟁,총액제,적격심사제,202404121100,20240412,낙찰
긴급공고,MDR0012,1,13780,***,씽크대 제조설치납품,2024,MDR,제9965부대,제한경쟁,총액제,적격심사제,202404121030,20240412,낙찰
재공고,SCF0271,2,06433,***,송수화기 등 2품목 구매,2024,SCF,해군군수사령부,제한경쟁,총액제,적격심사제,202404121030,20240412,순위확정
긴급공고,SCF0335,1,08000,***,게이트밸브 등 8품목 구매,2024,SCF,해군군수사령부,제한경쟁,총액제,적격심사제,202404121030,20240412,낙찰
긴급공고,SCF0333,1,08031,***,"판, 안내용 1,000EA 구매",2024,SCF,해군군수사령부,제한경쟁,총액제,적격심사제,202404121030,20240412,낙찰
긴급공고,SCF0336,1,08151,***,베어링 등 22종 구매,2024,SCF,해군군수사령부,제한경쟁,총액제,적격심사제,202404121030,20240412,낙찰
긴급공고,SCF0334,1,08495,***,회로카트 조립체 1EA 구매,2024,SCF,해군군수사령부,제한경쟁,총액제,적격심사제,202404121030,20240412,낙찰
긴급공고,SCF0331,1,09179,***,"콕, 배출용 등 29종 구매",2024,SCF,해군군수사령부,제한경쟁,총액제,적격심사제,202404121030,20240412,순위확정
긴급공고,SFC0030,1,11099,***,24-덕-체 소토사 등 3종 구매,2024,SFC,제9691부대,제한경쟁,총액제,적격심사제,202404121030,20240412,순위확정
긴급공고,SFC0031,1,11169,***,24-덕-체 자주식 그린 모어 등 2품목 구매,2024,SFC,제9691부대,제한경쟁,총액제,적격심사제,202404121030,20240412,낙찰
정상공고,UMM0398,1,05723,***,24-N-평 중대형 구조물(00함 등) 부분보수 용역,2024,UMM,국군재정관리단,제한경쟁,총액제,적격심사제,202404121100,20240412,낙찰
정상공고,UMM0387,1,06018,***,(246096-C) 155밀리 고폭탄용 탄대보호환 등 3종 제조,2024,UMM,국군재정관리단,제한경쟁,총액제,적격심사제,202404121100,20240412,낙찰
정상공고,UMM0366,1,06331,***,24-N-정수장 및 수원지 제초용역,2024,UMM,국군재정관리단,제한경쟁,총액제,적격심사제,202404121100,20240412,낙찰
정상공고,UMM0388,1,06493,***,24-N-평 오폐수처리시설 및 중계펌프장 위탁관리 용역,2024,UMM,국군재정관리단,제한경쟁,총액제,적격심사제,202404121100,20240412,낙찰
정상공고,UMM0402,1,06817,***,"(24F082-A) 방화지대 구축용역 (영천, 창원)",2024,UMM,국군재정관리단,일반경쟁,총액제,적격심사제,202404121100,20240412,낙찰
정상공고,UMM0375,1,07722,***,24-N-윤활유이송펌프(NLG-3) 제조,2024,UMM,국군재정관리단,제한경쟁,총액제,적격심사제,202404121100,20240412,낙찰
정상공고,UMM0393,1,08007,***,"24-F-보트, 상륙용, 공기팽창식 1품목 구매",2024,UMM,국군재정관리단,제한경쟁,총액제,적격심사제,202404121100,20240412,낙찰
정상공고,UMM0380,1,08321,***,(247116-C) 연구활동 재료(시약) 구매,2024,UMM,국군재정관리단,제한경쟁,총액제,적격심사제,202404121100,20240412,낙찰
정상공고,UMM0384,1,09154,***,24-D-사이드슬립 테스타기 등 8종 구매,2024,UMM,국군재정관리단,일반경쟁,총액제,적격심사제,202404121100,20240412,낙찰
정상공고,UMM0247,1,09337,***,24-F-항공작전 녹음기 제조,2024,UMM,국군재정관리단,제한경쟁,총액제,적격심사제,202404121100,20240412,낙찰
긴급공고,UMM0417,1,09656,***,"(24F081-I)24년도 방화지대 구축 용역(제천,충주)",2024,UMM,국군재정관리단,일반경쟁,총액제,적격심사제,202404121100,20240412,낙찰
긴급공고,UMM0418,1,09657,***,"(24F083-I)24년도 방화지대 구축용역(대전,천안,세종)",2024,UMM,국군재정관리단,일반경쟁,총액제,적격심사제,202404121100,20240412,낙찰
정상공고,UMM0396,1,09895,***,24-F-분석기 회로망 1종 구매,2024,UMM,국군재정관리단,제한경쟁,총액제,적격심사제,202404121100,20240412,낙찰
정상공고,UMM0395,1,09898,***,24-D-감정장비(고성능 액체크로마토그래피) 구매,2024,UMM,국군재정관리단,제한경쟁,총액제,적격심사제,202404121100,20240412,낙찰
정상공고,UMM0390,1,09920,***,(247146-C) 특수수술재료(콜라겐창상치유제) 구매,2024,UMM,국군재정관리단,일반경쟁,총액제,적격심사제,202404121100,20240412,낙찰
정상공고,UMM0404,1,10034,***,(246123-E) 근속30주년 기념휘장 제조,2024,UMM,국군재정관리단,일반경쟁,총액제,적격심사제,202404121100,20240412,낙찰
정상공고,UMM0400,1,10367,***,(246011-G) 24년 00부대 화면전시체계 구축(리스물건),2024,UMM,국군재정관리단,일반경쟁,총액제,적격심사제,202404121100,20240412,낙찰
정상공고,UMM0370,1,12815,***,"24-F-탐지기, 가스용 구매(249041-F)",2024,UMM,국군재정관리단,제한경쟁,총액제,적격심사제,202404121100,20240412,낙찰
정상공고,UMM0386,1,13129,***,(246069-C) 탄알집 봉인스티커 제조,2024,UMM,국군재정관리단,제한경쟁,총액제,적격심사제,202404121100,20240412,유찰
정상공고,UMM0405,1,13589,***,(24G050-A생물안전3등급 연구시설(BL-3) 유지보수용역,2024,UMM,국군재정관리단,일반경쟁,총액제,적격심사제,202404121100,20240412,낙찰
정상공고,UMM0406,1,13648,***,24-N-온수순환수펌프 4EA 제조,2024,UMM,국군재정관리단,제한경쟁,총액제,적격심사제,202404121100,20240412,낙찰
정상공고,UMM0411,1,13813,***,24-F-취사용 고무장갑 구매,2024,UMM,국군재정관리단,제한경쟁,총액제,적격심사제,202404121100,20240412,낙찰
정상공고,EBB0045,1,0022,***,24년 등명구부품류,2024,EBB,지상공통전력운영계약팀,일반경쟁,총액제,적격심사제,202404111430,20240411,낙찰
정상공고,EBB0043,1,5116,***,"소구경 파쇄탄류(5.56밀리, 9밀리) (구매요구서)",2024,EBB,지상공통전력운영계약팀,수의계약,총액제,적격심사제,202404111100,20240411,유찰
정상공고,EBB0044,1,5881,***,훈련탄 신호제(KCXU-3A/B),2024,EBB,지상공통전력운영계약팀,수의계약,총액제,적격심사제,202404111100,20240411,유찰
연기공고,ELA0013,2,3603,***,'24년 위장차단 체계용 지지대,2024,ELA,화력총괄계약팀,수의계약,총액제,적격심사제,202404111100,20240411,유찰
재공고,ER40001,2,7210,***,계기착륙장치(ILS),2024,ERA,우주지휘통신총괄계약팀,협상에의한계약(서류),총액제,최저가격제,202404111400,20240411,낙찰
재공고,HCF0047,2,09153,***,"24-H-02/21 브레이크기, 박판금, 수동식등 2종",2024,HCF,공군군수사령부,제한경쟁,총액제,적격심사제,202404111430,20240411,유찰
긴급공고,HCL0028,1,11180,***,"24-061 발전기세트, 디젤엔진식",2024,HCL,공군사관학교,제한경쟁,총액제,적격심사제,202404111100,20240411,낙찰
긴급공고,HDQ0032,1,14034,***,"20비 24-66 컨테이너 부스, 정비사 대기실 제조 구매",2024,HDQ,제20전투비행단,제한경쟁,총액제,적격심사제,202404111030,20240411,낙찰
재공고,LDH0096,2,03175,***,무전기 전면판 회로카드 시험장비 개발 연구용역,2024,LDH,육군종합정비창,2단계경쟁(동시),총액제,최저가격제,202404111300,20240411,유찰
재공고,LDH0095,2,03395,***,K21장갑차 전자모듈조립체 정비기술개발 연구용역,2024,LDH,육군종합정비창,2단계경쟁(동시),총액제,최저가격제,202404111300,20240411,유찰
재공고,LDH0105,2,03837,***,K1A2 전장관리신호처리기 시험장비개발 연구용역,2024,LDH,육군종합정비창,2단계경쟁(동시),총액제,최저가격제,202404111300,20240411,낙찰
재공고,LDH0108,2,03841,***,KUH-1 엔진 시험장비 고장예측시스템 개발 연구용역,2024,LDH,육군종합정비창,2단계경쟁(동시),총액제,최저가격제,202404111300,20240411,유찰
재공고,LDH0127,2,03919,***,AH-64 헬기 엔진 마운트홀 가공기술 개발 연구용역,2024,LDH,육군종합정비창,2단계경쟁(동시),총액제,최저가격제,202404111300,20240411,유찰
재공고,LDH0131,2,03935,***,KUH-1 헬기 견인장치 안전센서 개발 연구용역,2024,LDH,육군종합정비창,2단계경쟁(동시),총액제,최저가격제,202404111300,20240411,유찰
정상공고,LGC0011,1,12667,***,24년 기계설비 성능점검 용역,2024,LGC,육군학생군사학교,제한경쟁,총액제,적격심사제,202404111100,20240411,유찰
긴급공고,LPF0040,1,13851,001,24년 음식물류 폐기물 위탁처리 용역,2024,LPF,제51보병사단,제한경쟁,단가제,적격심사제,202404111030,20240411,낙찰
정상공고,MDD0060,1,12069,***,2024  외과장비운영소모품(5-1) 4품목 구매,2024,MDD,국군수도병원,제한경쟁,총액제,적격심사제,202404111100,20240411,낙찰
정상공고,MDD0061,1,12082,***,2024 병리장비운영소모품(10) 8품목 구매,2024,MDD,국군수도병원,제한경쟁,총액제,적격심사제,202404111100,20240411,낙찰
긴급공고,SCF0329,1,05810,***,AGS No.2 함수추진기 제어반 정비,2024,SCF,해군군수사령부,일반경쟁,총액제,적격심사제,202404111030,20240411,순위확정
재공고,SCF0316,2,06364,***,DDG 해양생성물부착방지장치(MGPS) 외주정비,2024,SCF,해군군수사령부,일반경쟁,총액제,적격심사제,202404111030,20240411,순위확정
긴급공고,SCF0328,1,06889,***,"잠수함 충·방전기(209급, 214급 겸용/제주) 정비",2024,SCF,해군군수사령부,일반경쟁,총액제,적격심사제,202404111030,20240411,낙찰
긴급공고,SCF0330,1,08122,***,오더피커 1set 구매,2024,SCF,해군군수사령부,제한경쟁,총액제,적격심사제,202404111030,20240411,낙찰
긴급공고,SCF0337,1,08510,***,여과기 부품 등 20종 구매,2024,SCF,해군군수사령부,제한경쟁,총액제,적격심사제,202404111030,20240411,낙찰
긴급공고,SCF0340,1,10875,***,회로카드 조립체 등 20종 구매,2024,SCF,해군군수사령부,제한경쟁,총액제,적격심사제,202404111030,20240411,낙찰
긴급공고,SCF0338,1,10877,***,"시일,밀봉형 등 20종 구매",2024,SCF,해군군수사령부,제한경쟁,총액제,적격심사제,202404111030,20240411,낙찰
긴급공고,SCF0339,1,10881,***,"전원공급기,무정전식 등 7종 구매",2024,SCF,해군군수사령부,제한경쟁,총액제,적격심사제,202404111030,20240411,낙찰
긴급공고,SCF0341,1,10883,***,"구명구,조끼형 구매",2024,SCF,해군군수사령부,제한경쟁,총액제,적격심사제,202404111030,20240411,낙찰
긴급공고,SCF0332,1,12537,***,파병함정 FCU 청락/도장/소제 용역,2024,SCF,해군군수사령부,일반경쟁,총액제,적격심사제,202404111030,20240411,유찰
긴급공고,SFC0029,1,10471,***,해병대 데이터 관리 및 활용 발전 방안 연구,2024,SFC,제9691부대,2단계경쟁(동시),총액제,최저가격제,202404111030,20240411,낙찰
정상공고,UMM0312,1,01903,***,"24-F-선반, 엔진용 구매",2024,UMM,국군재정관리단,제한경쟁,총액제,적격심사제,202404111100,20240411,낙찰
정상공고,UMM0374,1,06622,***,24-M-훈련장 제초관리 용역,2024,UMM,국군재정관리단,제한경쟁,총액제,적격심사제,202404111100,20240411,낙찰
정상공고,UMM0354,1,07372,***,24~27-N-얼음정수기(59대) 임차용역,2024,UMM,국군재정관리단,제한경쟁,총액제,적격심사제,202404111100,20240411,낙찰
정상공고,UMM0367,1,08594,***,24-N-빌지펌프 4.5㎥HR 5EA 제조,2024,UMM,국군재정관리단,제한경쟁,총액제,적격심사제,202404111100,20240411,낙찰
정상공고,UMM0373,1,08699,***,24-N-고소작업대 A형 구매,2024,UMM,국군재정관리단,일반경쟁,총액제,적격심사제,202404111100,20240411,낙찰
정상공고,UMM0359,1,08728,***,24-D-가스크로마토그래프 구매(241016-F),2024,UMM,국군재정관리단,일반경쟁,총액제,적격심사제,202404111100,20240411,유찰
정상공고,UMM0371,1,09261,***,24-N-가스엔진히트펌프 구매,2024,UMM,국군재정관리단,제한경쟁,총액제,적격심사제,202404111100,20240411,낙찰
정상공고,UMM0345,1,12000,***,24-F-전원 공급기 구매,2024,UMM,국군재정관리단,일반경쟁,총액제,적격심사제,202404111100,20240411,낙찰
정상공고,UMM0361,1,12574,***,"24-F-현상 유니트,X-선 필름용 구매 (249034-F)",2024,UMM,국군재정관리단,일반경쟁,총액제,적격심사제,202404111100,20240411,유찰
정상공고,UMM0368,1,12865,***,24-N-기술교범 외주번역 용역,2024,UMM,국군재정관리단,제한경쟁,총액제,적격심사제,202404111100,20240411,낙찰
정상공고,EBB0040,1,0960,***,냉동기세트(2톤),2024,EBB,지상공통전력운영계약팀,수의계약,총액제,적격심사제,202404091100,20240409,유찰
재공고,EBB0014,2,1411S,***,윈치조립체,2024,EBB,지상공통전력운영계약팀,수의계약,총액제,적격심사제,202404091500,20240409,유찰
정상공고,EBB0036,1,1612,***,케이블/배선장치류,2024,EBB,지상공통전력운영계약팀,일반경쟁,총액제,적격심사제,202404091100,20240409,낙찰
정상공고,EBB0029,1,4999A,***,함정용 실내 LED 등,2024,EBB,지상공통전력운영계약팀,일반경쟁,총액제,적격심사제,202404091030,20240409,낙찰
정상공고,EBB0041,1,5024,***,24년 155밀리 적재훈련탄,2024,EBB,지상공통전력운영계약팀,일반경쟁,총액제,적격심사제,202404091430,20240409,낙찰
정상공고,EBB0034,1,5080,***,궤도장비 밸브류,2024,EBB,지상공통전력운영계약팀,수의계약,총액제,적격심사제,202404091100,20240409,유찰
정상공고,EBB0042,1,5910A,***,24년 단안형 야간투시경 부품류(구매),2024,EBB,지상공통전력운영계약팀,일반경쟁,총액제,적격심사제,202404091430,20240409,낙찰
정상공고,EBB0032,1,6010,***,하네스류,2024,EBB,지상공통전력운영계약팀,일반경쟁,총액제,적격심사제,202404091100,20240409,낙찰
재공고,EBB0007,3,6603,***,제어장치조립체 및 축 조립체류,2024,EBB,지상공통전력운영계약팀,수의계약,총액제,적격심사제,202404091100,20240409,유찰
정상공고,EBB0037,1,6607,***,"뚜껑,주입구용",2024,EBB,지상공통전력운영계약팀,수의계약,총액제,적격심사제,202404091100,20240409,유찰
정상공고,EBB0035,1,6955,***,장갑차 수리부속류(K21),2024,EBB,지상공통전력운영계약팀,일반경쟁,총액제,적격심사제,202404091100,20240409,낙찰
정상공고,EBB0039,1,8345,***,마스터휠실린더,2024,EBB,지상공통전력운영계약팀,수의계약,총액제,적격심사제,202404091300,20240409,유찰
정상공고,EBB0038,1,8440,***,"시동기, 엔진용",2024,EBB,지상공통전력운영계약팀,제한경쟁,총액제,적격심사제,202404091100,20240409,순위확정
재공고,EHF0004,2,3340,***,24년 자기음향측정장비(제조),2024,EHF,미래전력사업전력운영계약팀,수의계약,총액제,적격심사제,202404091030,20240409,유찰
긴급공고,HCF0075,1,09840,***,(의무장비) 청력계 자동식,2024,HCF,공군군수사령부,제한경쟁,총액제,적격심사제,202404091030,20240409,낙찰
긴급공고,HCF0076,1,09844,***,(의무장비) 이비인후과 유니트,2024,HCF,공군군수사령부,제한경쟁,총액제,적격심사제,202404091030,20240409,낙찰
긴급공고,HCF0078,1,09845,***,(의무장비) 수술등 입식등 2종,2024,HCF,공군군수사령부,제한경쟁,총액제,적격심사제,202404091030,20240409,낙찰
긴급공고,HCF0077,1,12500,***,방진화 제조,2024,HCF,공군군수사령부,제한경쟁,총액제,적격심사제,202404091030,20240409,낙찰
긴급공고,HCF0080,1,12663,***,'24~'25년 기상정보지원기 유지보수,2024,HCF,공군군수사령부,제한경쟁,총액제,적격심사제,202404091030,20240409,낙찰
긴급공고,HCF0081,1,12665,***,'24~'25년 상층대기분석장비 유지보수,2024,HCF,공군군수사령부,제한경쟁,총액제,적격심사제,202404091030,20240409,유찰
긴급공고,HCF0082,1,12687,***,'24~'25년 FA/TA-50 소프트웨어개발장비 유지보수,2024,HCF,공군군수사령부,제한경쟁,총액제,적격심사제,202404091030,20240409,유찰
긴급공고,HCF0074,1,13044,***,"[F-16 부품]키,기계용 제조",2024,HCF,공군군수사령부,제한경쟁,총액제,적격심사제,202404091030,20240409,유찰
긴급공고,HCL0027,1,13077,***,24-공군사관학교 통합 제초용역,2024,HCL,공군사관학교,일반경쟁,총액제,적격심사제,202404091030,20240409,낙찰
긴급공고,HDK0012,1,12625,***,24년 일반지역 제초용역,2024,HDK,공군제11전투비행단,제한경쟁,총액제,적격심사제,202404091030,20240409,낙찰
긴급공고,HDK0013,1,13153,***,24년 활주로 제초용역,2024,HDK,공군제11전투비행단,제한경쟁,총액제,적격심사제,202404091030,20240409,낙찰
긴급공고,HDM0026,1,12791,***,24년 탄약저장시설 제초용역,2024,HDM,공군제17전투비행단,제한경쟁,총액제,적격심사제,202404091030,20240409,낙찰
긴급공고,HDM0027,1,12802,***,24년 활주로지역 제초용역,2024,HDM,공군제17전투비행단,제한경쟁,총액제,적격심사제,202404091030,20240409,낙찰
긴급공고,HDN0017,1,12494,***,24-활주로 진입등 해상구조물 보수공사 건설사업관리,2024,HDN,공군제18전투비행단,제한경쟁,총액제,적격심사제,202404091300,20240409,낙찰
긴급공고,LCF0044,1,02900,***,"선글라스, 항공조종사용 1항목 구매(피복)",2024,LCF,육군군수사령부,제한경쟁,총액제,적격심사제,202404091100,20240409,유찰
긴급공고,LCF0056,1,05869,***,"가위,붕대용 등 16항목 구매(의무)",2024,LCF,육군군수사령부,제한경쟁,총액제,적격심사제,202404091100,20240409,낙찰
긴급공고,LCF0057,1,06277,***,3웨이스탑코크 등 4항목 구매(의무),2024,LCF,육군군수사령부,제한경쟁,총액제,적격심사제,202404091100,20240409,낙찰
긴급공고,LCF0046,1,07616,***,안면두건 1항목 제조(피복),2024,LCF,육군군수사령부,제한경쟁,총액제,적격심사제,202404091100,20240409,낙찰
긴급공고,LCF0050,1,08200,***,"튜브 조립체,금속제 등 89항목 생산능력제조(자주포)",2024,LCF,육군군수사령부,제한경쟁,총액제,적격심사제,202404091100,20240409,유찰
재공고,LCF0030,2,09944,***,K계열전차 소화기류 정비,2024,LCF,육군군수사령부,제한경쟁,총액제,적격심사제,202404091030,20240409,유찰
재공고,LCF0031,2,10275,***,"헬기용 피스톤, 유압축압기용 등 9종 정비",2024,LCF,육군군수사령부,제한경쟁,총액제,적격심사제,202404091130,20240409,유찰
긴급공고,LCF0048,1,11983,***,조종사용 목티 긴팔 등 4항목 제조(피복),2024,LCF,육군군수사령부,제한경쟁,총액제,적격심사제,202404091100,20240409,낙찰
긴급공고,LCF0045,1,12447,***,"가스자동밥솥,소형 등 3항목 구매(물자)",2024,LCF,육군군수사령부,제한경쟁,총액제,적격심사제,202404091100,20240409,유찰
긴급공고,LCF0053,1,12659,***,"상자,방향포경용 등 7항목 생산능력제조(총포)",2024,LCF,육군군수사령부,제한경쟁,총액제,적격심사제,202404091100,20240409,유찰
긴급공고,LCF0060,1,12903,***,"타이어, 공기압식, 차량용 등 2항목 구매(기장)",2024,LCF,육군군수사령부,일반경쟁,총액제,적격심사제,202404091100,20240409,낙찰
긴급공고,LCF0055,1,12928,***,"망원경,엘보형 등 4항목 생산능력(총포)",2024,LCF,육군군수사령부,제한경쟁,총액제,적격심사제,202404091100,20240409,유찰
긴급공고,LCF0049,1,12947,***,"장치대,망원경용 등 1항목 생산능력(총포)",2024,LCF,육군군수사령부,제한경쟁,총액제,적격심사제,202404091100,20240409,유찰
정정공고,LCF0051,2,13317,***,"볼트,내부렌치형 등 543항목 제조(궤도-001)",2024,LCF,육군군수사령부,제한경쟁,총액제,적격심사제,202404091130,20240409,유찰
긴급공고,LCF0062,1,13415,***,작전배낭 1항목 제조(피복),2024,LCF,육군군수사령부,제한경쟁,총액제,적격심사제,202404091100,20240409,낙찰
긴급공고,LCG0024,1,11803,***,[24-육-73] 기여공약 이행을 위한 측량장비 구매,2024,LCG,육군본부,일반경쟁,총액제,적격심사제,202404091100,20240409,낙찰
재공고,LCH0025,2,12054,***,00부대 버스 임차 용역(7-24-용-1),2024,LCH,특수전사령부,제한경쟁,총액제,적격심사제,202404091100,20240409,유찰
정상공고,LDG0028,1,12768,***,에나멜 국방색 페인트 등 7개 품목 제조,2024,LDG,육군 탄약지원사령부,제한경쟁,총액제,적격심사제,202404091030,20240409,낙찰
정상공고,LDG0029,1,12769,***,24년 소화기 보관함 구매,2024,LDG,육군 탄약지원사령부,제한경쟁,총액제,적격심사제,202404091030,20240409,낙찰
정상공고,LDH0383,1,09712,***,(자재) ABS-M30 등 5종 구매,2024,LDH,육군종합정비창,제한경쟁,총액제,적격심사제,202404091300,20240409,낙찰
정상공고,LDH0385,1,10827,***,(자재) 하우징 상부 하부 부품키트 구매,2024,LDH,육군종합정비창,제한경쟁,총액제,적격심사제,202404091300,20240409,유찰
정상공고,LDH0382,1,10831,***,(자재) 스테인리스파우더 등 3종 구매,2024,LDH,육군종합정비창,제한경쟁,총액제,적격심사제,202404091300,20240409,유찰
정상공고,LDH0386,1,10993,***,K1전차 펌프 구매,2024,LDH,육군종합정비창,제한경쟁,총액제,적격심사제,202404091300,20240409,낙찰
정상공고,LDH0387,1,10995,***,K1전차 커플링 등 3종 구매,2024,LDH,육군종합정비창,제한경쟁,총액제,적격심사제,202404091300,20240409,순위확정
긴급공고,LDH0388,1,12614,***,24년 자동화 창고 외주정비 용역,2024,LDH,육군종합정비창,일반경쟁,총액제,적격심사제,202404091300,20240409,유찰
긴급공고,LFC0027,1,12979,***,24년 5~6월 가공후식(이온음료 등 8품목) 구매,2024,LFC,육군훈련소,일반경쟁,총액제,적격심사제,202404091100,20240409,낙찰
긴급공고,LFH0006,1,13128,001,"24년 기초훈련장병 증식(흰우유와 초코, 딸기우유)",2024,LFH,육군부사관학교,제한경쟁,단가제,적격심사제,202404091100,20240409,유찰
긴급공고,LKF0013,1,13130,***,00여단 간부숙소 신축 가구 제조설치 납품,2024,LKF,제6755부대,제한경쟁,총액제,적격심사제,202404091030,20240409,낙찰
긴급공고,LKP0081,1,11572,***,00부대 창고 아연도금 철판 제조설치,2024,LKP,5군수지원사령부,제한경쟁,총액제,적격심사제,202404091130,20240409,낙찰
긴급공고,LKT0035,1,12727,***,24년 5~6월 부대조달 급식품목(빵류) 제조납품,2024,LKT,제1989부대,제한경쟁,총액제,적격심사제,202404091030,20240409,유찰
긴급공고,LMH0026,1,13150,***,00부대 항공전술훈련 시뮬레이터 외주정비용역(C029),2024,LMH,제7군단,제한경쟁,총액제,적격심사제,202404091030,20240409,낙찰
긴급공고,MDD0062,1,13503,***,2024년 수도병원 소방시설(작동기능/종합정밀) 점검,2024,MDD,국군수도병원,제한경쟁,총액제,적격심사제,202404091100,20240409,낙찰
긴급공고,MDR0009,1,13494,***,"24년 고속단정, 15인승 엔진 외주정비",2024,MDR,제9965부대,제한경쟁,총액제,적격심사제,202404091100,20240409,낙찰
긴급공고,MDR0011,1,13495,***,24년 수영자이송정 외주정비,2024,MDR,제9965부대,일반경쟁,총액제,적격심사제,202404091100,20240409,낙찰
긴급공고,MDR0010,1,13505,***,'24년 선박엔진 외주정비,2024,MDR,제9965부대,제한경쟁,총액제,적격심사제,202404091100,20240409,낙찰
재공고,SCF0213,2,04158,***,워커리프트트럭 1SET 구매,2024,SCF,해군군수사령부,제한경쟁,총액제,적격심사제,202404091030,20240409,순위확정
재공고,SCF0168,2,05356,***,"접속장치, 자동자료처리용 등 2품목 구매",2024,SCF,해군군수사령부,제한경쟁,총액제,적격심사제,202404091030,20240409,유찰
긴급공고,SCF0320,1,07330,***,"동기장치, 전기식 등 2종 구매",2024,SCF,해군군수사령부,제한경쟁,총액제,적격심사제,202404091030,20240409,낙찰
긴급공고,SCF0325,1,07442,***,"스프링,나선형,인장형 등 27종 구매",2024,SCF,해군군수사령부,제한경쟁,총액제,적격심사제,202404091030,20240409,낙찰
재공고,SCF0198,2,07484,***,"표시판, 레이더세트 제원용(DY-NDS) 유지보수 용역",2024,SCF,해군군수사령부,일반경쟁,총액제,적격심사제,202404091030,20240409,낙찰
재공고,SCF0259,2,07575,***,'24년 기체혼합기 정비,2024,SCF,해군군수사령부,일반경쟁,총액제,적격심사제,202404091030,20240409,순위확정
긴급공고,SCF0321,1,08025,***,대잠립 충격흡수형 폼 분리형 튜브 3SET 구매,2024,SCF,해군군수사령부,제한경쟁,총액제,적격심사제,202404091030,20240409,낙찰
긴급공고,SCF0319,1,08152,***,"필터, 유체용 등 19종 구매",2024,SCF,해군군수사령부,제한경쟁,총액제,적격심사제,202404091030,20240409,낙찰
긴급공고,SCF0322,1,08531,***,위성방송수신안테나 5EA 구매,2024,SCF,해군군수사령부,제한경쟁,총액제,적격심사제,202404091030,20240409,낙찰
긴급공고,SCF0324,1,10539,***,"램프,형광등 등 5종 구매",2024,SCF,해군군수사령부,제한경쟁,총액제,적격심사제,202404091030,20240409,낙찰
재공고,SCQ0031,2,11154,***,차돌박이 등 135종 구매,2024,SCQ,제9911부대,제한경쟁,총액제,적격심사제,202404091030,20240409,유찰
정상공고,UMM0106,1,03784,***,"24-F-기압계, 아네로이드식 구매",2024,UMM,국군재정관리단,제한경쟁,총액제,적격심사제,202404091100,20240409,낙찰
정상공고,UMM0376,1,05902,***,(246082-D)백색가죽요대 등 10종 제조,2024,UMM,국군재정관리단,제한경쟁,총액제,적격심사제,202404091100,20240409,낙찰
정상공고,UMM0364,1,06025,***,24-N-4인용 안전보트 구매,2024,UMM,국군재정관리단,제한경쟁,총액제,적격심사제,202404091100,20240409,유찰
정상공고,UMM0369,1,07548,***,(24F097-A) 제초용역,2024,UMM,국군재정관리단,일반경쟁,총액제,적격심사제,202404091100,20240409,낙찰
정상공고,UMM0288,1,08058,***,24-F-병영시설 방제 용역,2024,UMM,국군재정관리단,제한경쟁,총액제,적격심사제,202404091100,20240409,낙찰
정상공고,UMM0358,1,08637,***,24-N-공기압축기 저압 5EA 제조,2024,UMM,국군재정관리단,일반경쟁,총액제,적격심사제,202404091100,20240409,낙찰
정상공고,UMM0356,1,08714,***,24-F-광역발전기 세트 구매,2024,UMM,국군재정관리단,일반경쟁,총액제,적격심사제,202404091100,20240409,낙찰
정상공고,UMM0360,1,09375,***,24-D-세탁 용역,2024,UMM,국군재정관리단,제한경쟁,총액제,적격심사제,202404091100,20240409,유찰
정상공고,UMM0357,1,09517,***,24-F-헬륨가스 구매,2024,UMM,국군재정관리단,일반경쟁,총액제,적격심사제,202404091100,20240409,낙찰
긴급공고,UMM0391,1,09572,***,(247098-E) 수술포 36종 구매,2024,UMM,국군재정관리단,제한경쟁,총액제,적격심사제,202404091100,20240409,낙찰
정상공고,UMM0325,1,09644,***,24-N-휴대용 금속탐지기 구매,2024,UMM,국군재정관리단,제한경쟁,총액제,적격심사제,202404091100,20240409,낙찰
정상공고,UMM0377,1,10161,***,(247061-D)수술재료5 구매,2024,UMM,국군재정관리단,제한경쟁,총액제,적격심사제,202404091100,20240409,낙찰
정상공고,UMM0307,1,10837,***,24-F-제초기 구매,2024,UMM,국군재정관리단,제한경쟁,총액제,적격심사제,202404091100,20240409,낙찰
긴급공고,UMM0389,1,10859,***,(246104-F) 일회용 반창고 등 5품목 구매,2024,UMM,국군재정관리단,제한경쟁,총액제,적격심사제,202404091100,20240409,유찰
긴급공고,UMM0397,1,11275,***,(247019-F) 치과재료 구매,2024,UMM,국군재정관리단,제한경쟁,총액제,적격심사제,202404091100,20240409,낙찰
긴급공고,UMM0392,1,12032,***,(247108-E) 특수수술재료(지혈제) 구매,2024,UMM,국군재정관리단,제한경쟁,총액제,적격심사제,202404091100,20240409,낙찰
정상공고,UMM0363,1,12779,***,"24-N-펌프,원심식(EHP-80C) 제조(248071-F)",2024,UMM,국군재정관리단,제한경쟁,총액제,적격심사제,202404091100,20240409,낙찰
정상공고,UMM0365,1,12782,***,24-N-청수펌프(EHP-40B 50GPM)제조(248013-F),2024,UMM,국군재정관리단,제한경쟁,총액제,적격심사제,202404091100,20240409,낙찰
정상공고,UMM0372,1,12884,***,(24F090-A) 유류중대 급유시설 기술민간위탁 용역,2024,UMM,국군재정관리단,제한경쟁,총액제,적격심사제,202404091100,20240409,낙찰
긴급공고,UMM0381,1,13050,***,(24G008-H)24년 과학수사시스템 통합 유지관리용역,2024,UMM,국군재정관리단,제한경쟁,총액제,적격심사제,202404091100,20240409,낙찰
긴급공고,HCR0014,1,13199,***,24년 Desert Flag 훈련 운항지원 용역,2024,HCR,공군제15특수임무비행단,제한경쟁,총액제,적격심사제,202404081100,20240408,유찰
정상공고,LQG0033,1,12589,***,00부대 운동기구(런닝머신) 임차 용역,2024,LQG,육군 52보병사단,제한경쟁,총액제,적격심사제,202404081030,20240408,낙찰
정상공고,MDG0109,1,07769,***,24년 의무장비(바이오필름 형광검사기) 구매,2024,MDG,국군의무사령부,일반경쟁,총액제,적격심사제,202404081100,20240408,낙찰
정상공고,MDG0088,1,09744,***,대용량 유전자데이터 분석 파이프라인 및 가시화 연구,2024,MDG,국군의무사령부,2단계경쟁(동시),총액제,최저가격제,202404081000,20240408,유찰
정상공고,MDG0100,1,09747,***,24년 의무장비(테이블 비뇨기과용) 구매,2024,MDG,국군의무사령부,제한경쟁,총액제,적격심사제,202404081100,20240408,낙찰
정상공고,MDG0101,1,09748,***,24년 의무장비(견관절 지속운동기) 구매,2024,MDG,국군의무사령부,제한경쟁,총액제,적격심사제,202404081100,20240408,낙찰
정상공고,MDG0103,1,09750,***,24년 의무장비(경피신경자극치료기) 구매,2024,MDG,국군의무사령부,제한경쟁,총액제,적격심사제,202404081100,20240408,낙찰
정상공고,MDG0104,1,09751,***,24년 의무장비(청력검사실) 구매,2024,MDG,국군의무사령부,제한경쟁,총액제,적격심사제,202404081100,20240408,낙찰
정상공고,MDG0105,1,09752,***,24년 의무장비(두부진찰등 이동식) 구매,2024,MDG,국군의무사령부,제한경쟁,총액제,적격심사제,202404081100,20240408,낙찰
정상공고,MDG0106,1,09753,***,24년 의무장비(흡인기 야전용 배터리식) 구매,2024,MDG,국군의무사령부,제한경쟁,총액제,적격심사제,202404081100,20240408,낙찰
정상공고,MDG0102,1,09759,***,24년 의무장비(수술등 입식) 구매,2024,MDG,국군의무사령부,제한경쟁,총액제,적격심사제,202404081100,20240408,낙찰
정상공고,MDG0108,1,10042,***,24년 의무장비(격리병실음압유지기) 구매,2024,MDG,국군의무사령부,제한경쟁,총액제,적격심사제,202404081100,20240408,유찰
긴급공고,SFG0045,1,12581,***,안전헬멧 등 41품목 구매,2024,SFG,제9181부대,제한경쟁,총액제,적격심사제,202404081030,20240408,낙찰
정상공고,UMM0344,1,07613,***,24-N-잠수함 승조원 티셔츠 제조,2024,UMM,국군재정관리단,제한경쟁,총액제,적격심사제,202404081100,20240408,낙찰
정상공고,UMM0342,1,07872,***,24-M-스키장구 (플레이트 등 8품목) 구매,2024,UMM,국군재정관리단,제한경쟁,총액제,적격심사제,202404081100,20240408,낙찰
정상공고,UMM0355,1,09737,***,24-F-김해기지 일반(공통)구역 제초 용역,2024,UMM,국군재정관리단,제한경쟁,총액제,적격심사제,202404081100,20240408,낙찰
정상공고,HDM0023,1,12180,***,24년 일반구역 제초용역,2024,HDM,공군제17전투비행단,일반경쟁,총액제,적격심사제,202404051030,20240405,낙찰
정상공고,LDH0254,1,06034,***,감속기 성능시험장비 외주정비 용역,2024,LDH,육군종합정비창,2단계경쟁(동시),총액제,최저가격제,202404051300,20240405,낙찰
긴급공고,LKM0021,1,12100,***,(예비전력예산) 과학화훈련장 교전장비 유지보수,2024,LKM,제2632부대,제한경쟁,총액제,적격심사제,202404051030,20240405,낙찰
정상공고,LKP0080,1,10148,***,24년 비데 임차 용역,2024,LKP,5군수지원사령부,제한경쟁,총액제,적격심사제,202404051100,20240405,낙찰
긴급공고,MCF0012,1,11132,***,'24년 국립서울현충원 홍보물 2종 제작 용역,2024,MCF,국립서울현충원,협상에의한계약(전자),총액제,최저가격제,202404051100,20240405,낙찰
정정공고,MDG0107,2,07340,***,24년 의무장비(경피전기침전자극기) 구매,2024,MDG,국군의무사령부,일반경쟁,총액제,적격심사제,202404051100,20240405,낙찰
정상공고,MHD0034,1,11157,***,방위사업 원가계산 외부용역 3차,2024,MHD,방위사업청(운영지원과),협상에의한계약(전자),총액제,최저가격제,202404051500,20240405,낙찰
긴급공고,MHD0040,1,12666,***,'24년 1분기 전산(프린터) 소모품 구매,2024,MHD,방위사업청(운영지원과),제한경쟁,총액제,적격심사제,202404051030,20240405,낙찰
정상공고,UMM0162,1,02576,***,24-D-의류대 수송용역,2024,UMM,국군재정관리단,일반경쟁,총액제,적격심사제,202404051100,20240405,낙찰
정상공고,UMM0352,1,03162,***,(24F049-A) 00대학교 조경관리 용역,2024,UMM,국군재정관리단,제한경쟁,총액제,적격심사제,202404051100,20240405,낙찰
정상공고,UMM0336,1,04192,***,"24-D-오토바이 1,450cc 이상 구매",2024,UMM,국군재정관리단,제한경쟁,총액제,적격심사제,202404051100,20240405,유찰
정상공고,UMM0346,1,04656,***,(246073-C) 방탄복 피 등 3종 제조/구매,2024,UMM,국군재정관리단,제한경쟁,총액제,적격심사제,202404051100,20240405,낙찰
정상공고,UMM0313,1,05520,***,24-N-고압공기 압축기 2EA 제조,2024,UMM,국군재정관리단,일반경쟁,총액제,적격심사제,202404051100,20240405,낙찰
정상공고,UMM0341,1,06768,***,(246007-G) 24년 O군단 화면전시체계 교체(리스물건),2024,UMM,국군재정관리단,일반경쟁,총액제,적격심사제,202404051100,20240405,낙찰
정상공고,UMM0330,1,08688,***,24-N-보조연료유 이송펌프(NLG-3) 4EA 제조,2024,UMM,국군재정관리단,제한경쟁,총액제,적격심사제,202404051100,20240405,낙찰
정상공고,UMM0327,1,08692,***,"24-N-폐유펌프(HG40) (펌프 유닛, 원심식) 2EA 제조",2024,UMM,국군재정관리단,제한경쟁,총액제,적격심사제,202404051100,20240405,낙찰
긴급공고,UMM0362,1,09291,***,(246144-F) 간부수첩 표지 제조,2024,UMM,국군재정관리단,제한경쟁,총액제,적격심사제,202404051100,20240405,낙찰
정상공고,UMM0349,1,09621,***,(247143-E) 전산운영용품 구매,2024,UMM,국군재정관리단,제한경쟁,총액제,적격심사제,202404051100,20240405,낙찰
정상공고,UMM0351,1,10013,***,(247113-E) 수술재료(3) 2종 구매,2024,UMM,국군재정관리단,제한경쟁,총액제,적격심사제,202404051100,20240405,낙찰
정상공고,UMM0343,1,10113,***,(246010-G) 24년 OO단 전시체계 교체사업(리스물건),2024,UMM,국군재정관리단,제한경쟁,총액제,적격심사제,202404051100,20240405,낙찰
정상공고,UMM0333,1,10436,***,"24-D-남수원, 처인체력단련장 코스관리 용역",2024,UMM,국군재정관리단,일반경쟁,총액제,적격심사제,202404051100,20240405,낙찰
정상공고,UMM0335,1,11660,***,24-N-통로개척용 물자세트 등 4종 구매(248045-F),2024,UMM,국군재정관리단,제한경쟁,총액제,적격심사제,202404051100,20240405,낙찰
정상공고,UMM0340,1,11967,***,(246009-G) 24년 OO사 대형전시체계 교체(리스물건),2024,UMM,국군재정관리단,일반경쟁,총액제,적격심사제,202404051100,20240405,낙찰
정상공고,UMM0347,1,12087,***,(247106-C) 의료기재 봉합사 81종 구매,2024,UMM,국군재정관리단,제한경쟁,총액제,적격심사제,202404051100,20240405,유찰
정상공고,EBB0028,1,0750A,***,유수분리기,2024,EBB,지상공통전력운영계약팀,일반경쟁,총액제,적격심사제,202404041100,20240404,낙찰
정상공고,EBB0030,1,7510,***,"암,조립체",2024,EBB,지상공통전력운영계약팀,일반경쟁,총액제,적격심사제,202404041100,20240404,낙찰
정상공고,EBB0031,1,8280,***,실린더조립체(궤도용),2024,EBB,지상공통전력운영계약팀,일반경쟁,총액제,적격심사제,202404041400,20240404,낙찰
재공고,EHF0003,2,1031,***,"쉘터,비전개식(1 1/4톤)",2024,EHF,미래전력사업전력운영계약팀,수의계약,총액제,적격심사제,202404041100,20240404,유찰
긴급공고,HCF0073,1,11002,***,정복 토시형 견장 제조,2024,HCF,공군군수사령부,제한경쟁,총액제,적격심사제,202404041030,20240404,낙찰
긴급공고,HCM0028,1,12458,***,24-03-084 태양망원경 등 4품목 구매,2024,HCM,공군교육사령부,제한경쟁,총액제,적격심사제,202404041030,20240404,낙찰
긴급공고,HDG0006,1,12675,***,<24-41>전시용 항공기 분해이전 및 정글무늬 도색용역,2024,HDG,공군제10전투비행단,일반경쟁,총액제,적격심사제,202404041100,20240404,낙찰
긴급공고,LBA0035,1,12569,***,'24년 전반기 일반폐기물 위탁처리 용역,2024,LBA,제 2167부대,일반경쟁,총액제,적격심사제,202404041030,20240404,낙찰
긴급공고,LCF0038,1,04687,***,특수보온덮개(응급담요) 1품목 구매(의무),2024,LCF,육군군수사령부,제한경쟁,총액제,적격심사제,202404041100,20240404,낙찰
긴급공고,LCF0040,1,04871,***,전원 공급기 등 2항목 구매(항공),2024,LCF,육군군수사령부,제한경쟁,총액제,적격심사제,202404041100,20240404,낙찰
긴급공고,LCF0043,1,05721,***,"캐비닛, 치과용 1항목 구매(의무)",2024,LCF,육군군수사령부,제한경쟁,총액제,적격심사제,202404041100,20240404,낙찰
긴급공고,LCF0039,1,05881,***,광경화 시스템 등 11항목 구매(의무),2024,LCF,육군군수사령부,제한경쟁,총액제,적격심사제,202404041100,20240404,낙찰
긴급공고,LCF0036,1,11776,***,"너트, 평면형, 육각형 등 421항목 생산능력제조(기장)",2024,LCF,육군군수사령부,제한경쟁,총액제,적격심사제,202404041100,20240404,유찰
긴급공고,LCF0037,1,12340,***,초음파세척기 등 13항목 구매(의무),2024,LCF,육군군수사령부,제한경쟁,총액제,적격심사제,202404041100,20240404,낙찰
긴급공고,LCG0022,1,08228,***,[24-육-51] 육군 역사자료 한글화 용역,2024,LCG,육군본부,2단계경쟁(동시),총액제,최저가격제,202404041100,20240404,낙찰
재공고,LCM0004,2,04216,***,'24년 전투발전 연구 용역(2),2024,LCM,육군교육사령부,2단계경쟁(동시),총액제,최저가격제,202404041300,20240404,유찰
정상공고,LDG0027,1,11827,***,24년 폐흡착제 위탁처리 용역,2024,LDG,육군 탄약지원사령부,일반경쟁,총액제,적격심사제,202404041030,20240404,유찰
정상공고,LDG0026,1,11829,***,24년 폐지환통 위탁처리 용역,2024,LDG,육군 탄약지원사령부,일반경쟁,총액제,적격심사제,202404041030,20240404,유찰
정상공고,LDG0025,1,11830,***,24년 폐목재 위탁처리 용역,2024,LDG,육군 탄약지원사령부,일반경쟁,총액제,적격심사제,202404041030,20240404,낙찰
정상공고,LDH0376,1,10414,***,(정수) 액상황산알루미늄 등 8품목 구매,2024,LDH,육군종합정비창,제한경쟁,총액제,적격심사제,202404041330,20240404,낙찰
정상공고,LDH0378,1,10456,***,(정수) 액상가성소다 등 2품목 구매,2024,LDH,육군종합정비창,제한경쟁,총액제,적격심사제,202404041330,20240404,낙찰
정상공고,LDH0379,1,10460,***,(정수) 중아황산소다 구매,2024,LDH,육군종합정비창,제한경쟁,총액제,적격심사제,202404041330,20240404,낙찰
정상공고,LDH0380,1,10720,***,24년 정비피복(하계셔츠) 제조,2024,LDH,육군종합정비창,제한경쟁,총액제,적격심사제,202404041330,20240404,낙찰
긴급공고,LFC0026,1,12555,***,24년 부대조달 생수 구매,2024,LFC,육군훈련소,일반경쟁,총액제,적격심사제,202404041100,20240404,낙찰
긴급공고,LIK0022,1,10780,001,'24년 부대조달 후식(가공품 27품목),2024,LIK,제2군수지원여단,일반경쟁,단가제,적격심사제,202404041030,20240404,낙찰
재공고,LMK0014,2,10673,***,[23-03]체력단련기구(트레드밀) 렌탈 용역,2024,LMK,제6보병사단,제한경쟁,총액제,최저가격제,202404041100,20240404,유찰
정정공고,MCD0012,2,08927,***,2024년 국방정책토론회,2024,MCD,국방부(운영지원과),협상에의한계약(전자),총액제,최저가격제,202404041100,20240404,낙찰
긴급공고,MCN0013,1,12565,***,국방부 기계설비 성능점검 용역,2024,MCN,국방부근무지원단,제한경쟁,총액제,적격심사제,202404041100,20240404,낙찰
정상공고,MDF0006,1,11880,***,24년 MW통신소 전원공급장치 제조설치,2024,MDF,국군지휘통신사령부,제한경쟁,총액제,적격심사제,202404041030,20240404,낙찰
정상공고,MDJ0022,1,11420,***,의료기재(기공재료) 연간계약,2024,MDJ,국군대전병원,일반경쟁,총액제,적격심사제,202404041030,20240404,낙찰
재공고,SCF0197,3,04096,***,전기로 부동액 구매,2024,SCF,해군군수사령부,제한경쟁,총액제,적격심사제,202404041030,20240404,낙찰
재공고,SCF0200,3,04098,***,모래주머니 1종,2024,SCF,해군군수사령부,제한경쟁,총액제,적격심사제,202404041030,20240404,낙찰
긴급공고,SCF0316,1,06364,***,DDG 해양생성물부착방지장치(MGPS) 외주정비,2024,SCF,해군군수사령부,일반경쟁,총액제,적격심사제,202404041030,20240404,유찰
긴급공고,SCF0317,1,07164,***,베터리 등 2품목 구매,2024,SCF,해군군수사령부,제한경쟁,총액제,적격심사제,202404041030,20240404,낙찰
정상공고,UMM0338,1,09293,***,(247063-F) 수술재료7 구매,2024,UMM,국군재정관리단,제한경쟁,총액제,적격심사제,202404041100,20240404,유찰
정상공고,UMM0326,1,09339,***,24-F-활주로 제초용역,2024,UMM,국군재정관리단,제한경쟁,총액제,적격심사제,202404041100,20240404,낙찰
긴급공고,UMM0348,1,11381,***,(24F059-I) 24~25년 보급부대 근무분야 민간위탁,2024,UMM,국군재정관리단,일반경쟁,총액제,적격심사제,202404041100,20240404,낙찰
정상공고,EBB0025,1,3016,***,수입솔류,2024,EBB,지상공통전력운영계약팀,일반경쟁,총액제,적격심사제,202404031100,20240403,낙찰
정상공고,EBB0020,1,5182,***,22미리축사탄류,2024,EBB,지상공통전력운영계약팀,수의계약,총액제,적격심사제,202404031100,20240403,유찰
정상공고,EBB0022,1,5324F,***,파라핀 지환통(섬광폭음탄),2024,EBB,지상공통전력운영계약팀,수의계약,총액제,적격심사제,202404031100,20240403,유찰
정상공고,EBB0021,1,5324K,***,섬광폭음탄,2024,EBB,지상공통전력운영계약팀,수의계약,총액제,적격심사제,202404031100,20240403,유찰
정상공고,EBB0024,1,5337F,***,탄약 지환통류(항공연막통),2024,EBB,지상공통전력운영계약팀,수의계약,총액제,적격심사제,202404031100,20240403,유찰
정상공고,EBB0023,1,5337K,***,신형 항공 연막통,2024,EBB,지상공통전력운영계약팀,일반경쟁,총액제,적격심사제,202404031100,20240403,낙찰
정상공고,EBB0026,1,6038,***,24년 개인화기 주야조준경(II형)(제조),2024,EBB,지상공통전력운영계약팀,일반경쟁,총액제,적격심사제,202404031100,20240403,낙찰
긴급공고,HCF0072,1,12175,***,가스튀김기 등 7종 구매,2024,HCF,공군군수사령부,제한경쟁,총액제,적격심사제,202404031030,20240403,낙찰
긴급공고,LBA0034,1,12315,***,'24년 전반기 지정폐기물 위탁처리 용역,2024,LBA,제 2167부대,일반경쟁,총액제,적격심사제,202404031030,20240403,낙찰
긴급공고,LCF0032,1,01852,***,꼬리표 1품목 구매(물자),2024,LCF,육군군수사령부,제한경쟁,총액제,적격심사제,202404031100,20240403,낙찰
긴급공고,LCF0033,1,02090,***,"전지,재충전불가식(BA-30S)2항목 구매(물자)",2024,LCF,육군군수사령부,제한경쟁,총액제,적격심사제,202404031100,20240403,낙찰
긴급공고,LCF0034,1,04805,***,방열소방장화 등 8항목 구매(피복),2024,LCF,육군군수사령부,제한경쟁,총액제,적격심사제,202404031100,20240403,낙찰
긴급공고,LCF0035,1,07485,***,오일펜스 등 3항목 구매(물자),2024,LCF,육군군수사령부,제한경쟁,총액제,적격심사제,202404031100,20240403,유찰
긴급공고,LDA0009,1,12035,***,00부대 탄약관리지원사업 등 8건 설계용역,2024,LDA,지상작전사령부,제한경쟁,총액제,적격심사제,202404031030,20240403,낙찰
재공고,LDC0007,2,09926,***,2427 식기세척기 임차용역,2024,LDC,육군과학화전투훈련단,제한경쟁,총액제,적격심사제,202404031030,20240403,유찰
긴급공고,LHN0015,1,12188,***,24년 취사장 청소(후드/덕트/환풍기) 용역,2024,LHN,제7보병사단,제한경쟁,총액제,적격심사제,202404031030,20240403,낙찰
긴급공고,LMU0020,1,12187,001,(24-급-011) `24년 부대조달 후식(핫바),2024,LMU,제7군수지원단,일반경쟁,단가제,적격심사제,202404031100,20240403,낙찰
긴급공고,LNS0030,1,12299,***,24년 과학화훈련대 교전장비 유지ㆍ보수 용역,2024,LNS,제55보병사단,제한경쟁,총액제,적격심사제,202404031100,20240403,낙찰
정상공고,LQG0032,1,11377,***,00부대 전반기 물탱크 청소 용역,2024,LQG,육군 52보병사단,제한경쟁,총액제,적격심사제,202404031030,20240403,낙찰
정정공고,NIT0004,2,12103,***,모바일 패스워드 해독시스템 구매,2024,NIT,국방부조사본부,제한경쟁,총액제,적격심사제,202404031030,20240403,낙찰
긴급공고,SCF0312,1,06028,***,밸브조립체 등 30종 구매,2024,SCF,해군군수사령부,제한경쟁,총액제,적격심사제,202404031030,20240403,낙찰
긴급공고,SCF0313,1,06137,***,콘센트릭 밸브 조립체 등 2종 구매,2024,SCF,해군군수사령부,일반경쟁,총액제,적격심사제,202404031030,20240403,낙찰
긴급공고,SCF0308,1,06550,***,"스위치, 액체 수평기용 등 4종 구매",2024,SCF,해군군수사령부,제한경쟁,총액제,적격심사제,202404031030,20240403,순위확정
긴급공고,SCF0310,1,06865,***,OO급 잠수함 통합양강마스트 정비,2024,SCF,해군군수사령부,일반경쟁,총액제,적격심사제,202404031030,20240403,순위확정
긴급공고,SCF0309,1,07306,***,이어폰 엘리먼트 등 2품목 구매,2024,SCF,해군군수사령부,제한경쟁,총액제,적격심사제,202404031030,20240403,유찰
긴급공고,SCF0314,1,07580,***,'24년 MSH 비자성 보조보일러 외주정비,2024,SCF,해군군수사령부,일반경쟁,총액제,적격심사제,202404031030,20240403,순위확정
재공고,SCF0277,2,08154,***,'24년 잠수함 탈출복 정비,2024,SCF,해군군수사령부,일반경쟁,총액제,적격심사제,202404031030,20240403,유찰
긴급공고,SCF0307,1,08835,***,은 브러쉬 등 7종 구매,2024,SCF,해군군수사령부,제한경쟁,총액제,적격심사제,202404031030,20240403,낙찰
긴급공고,SCF0311,1,10182,***,"윤활유,엔진용 등 3종 구매",2024,SCF,해군군수사령부,일반경쟁,총액제,적격심사제,202404031030,20240403,낙찰
긴급공고,SCF0305,1,10703,***,"(긴급) 와셔, 잠금식 등 57종",2024,SCF,해군군수사령부,제한경쟁,총액제,적격심사제,202404031030,20240403,낙찰
긴급공고,SCF0306,1,10708,***,(긴급) 구리양극봉 등 9종,2024,SCF,해군군수사령부,제한경쟁,총액제,적격심사제,202404031030,20240403,낙찰
정상공고,UAC0010,1,10499,***,자담 인쇄용지(뉴플러스(미색) 100gA) 구매,2024,UAC,국방출판지원단,제한경쟁,총액제,적격심사제,202404031100,20240403,낙찰
재공고,UMM0115,2,03706,***,(246053-D)체력단련장 코스관리용 비료 구매,2024,UMM,국군재정관리단,일반경쟁,총액제,적격심사제,202404031100,20240403,낙찰
정상공고,UMM0308,1,04439,***,24-M-IP교환기 교체사업(리스물건),2024,UMM,국군재정관리단,일반경쟁,총액제,적격심사제,202404031100,20240403,낙찰
정상공고,UMM0291,1,04456,***,24-F-피해복구 자재보관 트레일러 제조,2024,UMM,국군재정관리단,제한경쟁,총액제,적격심사제,202404031100,20240403,낙찰
정상공고,UMM0290,1,04669,***,"24- F-압축기유니트, 왕복식 구매",2024,UMM,국군재정관리단,제한경쟁,총액제,적격심사제,202404031100,20240403,낙찰
정상공고,UMM0301,1,04879,***,"24-F-충전선, 냉매충전 및 시험다기관용 구매",2024,UMM,국군재정관리단,제한경쟁,총액제,적격심사제,202404031100,20240403,유찰
정상공고,UMM0323,1,05368,***,(24F069-A) 렌탈프린터 임차용역,2024,UMM,국군재정관리단,제한경쟁,총액제,적격심사제,202404031100,20240403,낙찰
정상공고,UMM0311,1,05619,***,24-M-산불진화 기계화시스템 구매,2024,UMM,국군재정관리단,제한경쟁,총액제,적격심사제,202404031100,20240403,낙찰
정상공고,UMM0332,1,05659,***,(247022-C) 24년 외과장비운영소모품(1) 29품목 구매,2024,UMM,국군재정관리단,제한경쟁,총액제,적격심사제,202404031100,20240403,낙찰
정상공고,UMM0289,1,07096,***,24-F-장례용품 구매,2024,UMM,국군재정관리단,제한경쟁,총액제,적격심사제,202404031100,20240403,낙찰
정상공고,UMM0319,1,07117,***,24-N-모범장병 및 군무원 국내시찰 용역,2024,UMM,국군재정관리단,제한경쟁,총액제,적격심사제,202404031100,20240403,낙찰
정상공고,UMM0280,1,07561,***,24-N-연료유 이송펌프 제조,2024,UMM,국군재정관리단,일반경쟁,총액제,적격심사제,202404031100,20240403,낙찰
정상공고,UMM0278,1,07586,***,24-N-윤활유 이송펌프 제조,2024,UMM,국군재정관리단,일반경쟁,총액제,적격심사제,202404031100,20240403,낙찰
정상공고,UMM0328,1,08837,***,(247115-B) 연구활동재료 구매,2024,UMM,국군재정관리단,제한경쟁,총액제,적격심사제,202404031100,20240403,낙찰
정상공고,UMM0331,1,09184,***,(247141-C) SDR 수신기 구매,2024,UMM,국군재정관리단,제한경쟁,총액제,적격심사제,202404031100,20240403,낙찰
정상공고,UMM0324,1,09732,***,"24-D-태릉, 동여주체력단련장 코스관리 용역",2024,UMM,국군재정관리단,일반경쟁,총액제,적격심사제,202404031100,20240403,낙찰
정상공고,UMM0310,1,11046,***,(24F008-G) 24년 자주포 시뮬레이터 유지보수용역,2024,UMM,국군재정관리단,일반경쟁,총액제,적격심사제,202404031100,20240403,낙찰
정상공고,UMM0329,1,11294,***,(237105-B) 의료기재(병리재료 113종) 구매,2024,UMM,국군재정관리단,제한경쟁,총액제,적격심사제,202404031100,20240403,낙찰
정상공고,EBB0016,1,0065,***,대검 및 부품류,2024,EBB,지상공통전력운영계약팀,수의계약,총액제,적격심사제,202404021100,20240402,유찰
정상공고,EBB0019,1,5002A,***,제동기 조립체,2024,EBB,지상공통전력운영계약팀,수의계약,총액제,적격심사제,202404021100,20240402,유찰
정상공고,EBB0018,1,5002B,***,제동장치 부품류,2024,EBB,지상공통전력운영계약팀,일반경쟁,총액제,적격심사제,202404021400,20240402,낙찰
긴급공고,HCF0063,1,02609,***,"24-H-16 시험기, 인화점용",2024,HCF,공군군수사령부,제한경쟁,총액제,적격심사제,202404021030,20240402,낙찰
긴급공고,HCF0068,1,06005,***,[T(A)FA-50 부품]APU보호 덮개 등 4종 제조,2024,HCF,공군군수사령부,제한경쟁,총액제,적격심사제,202404021030,20240402,낙찰
긴급공고,HCF0062,1,06104,***,24-H-06 폭파기,2024,HCF,공군군수사령부,제한경쟁,총액제,적격심사제,202404021030,20240402,낙찰
긴급공고,HCF0070,1,07659,***,"[항공등화 부품] 변압기,전력용 등 3종 제조",2024,HCF,공군군수사령부,제한경쟁,총액제,적격심사제,202404021030,20240402,유찰
긴급공고,HCF0064,1,11374,***,"24-A-32 시험기, 조정용",2024,HCF,공군군수사령부,제한경쟁,총액제,적격심사제,202404021030,20240402,낙찰
긴급공고,HCF0061,1,11512,***,공군 군장품류 제조,2024,HCF,공군군수사령부,제한경쟁,총액제,적격심사제,202404021030,20240402,낙찰
긴급공고,HCF0065,1,11669,***,"[(K)F-16 ADVR 부품]기억장치,비행기록기용 등 5종",2024,HCF,공군군수사령부,제한경쟁,총액제,적격심사제,202404021030,20240402,낙찰
긴급공고,HCF0066,1,11694,***,청력보호헤드셋 구매,2024,HCF,공군군수사령부,제한경쟁,총액제,적격심사제,202404021030,20240402,낙찰
긴급공고,HCF0071,1,11820,***,"[KC-10 부품]제어장치,공기조화기용 구매",2024,HCF,공군군수사령부,제한경쟁,총액제,적격심사제,202404021030,20240402,낙찰
긴급공고,HCQ0016,1,09678,***,24-040 다기능 교정기 등 1종,2024,HCQ,공군제5공중기동비행단,제한경쟁,총액제,적격심사제,202404021100,20240402,유찰
긴급공고,HDF0033,1,11920,***,‘24년 병사식당 자율운영급식,2024,HDF,공군 제8전투비행단,제한경쟁,총액제,적격심사제,202404021100,20240402,낙찰
재공고,HDM0016,2,09633,***,2024년 에이스가든 김치구매,2024,HDM,공군제17전투비행단,제한경쟁,총액제,적격심사제,202404021030,20240402,낙찰
긴급공고,LCF0031,1,10275,***,"헬기용 피스톤, 유압축압기용 등 9종 정비",2024,LCF,육군군수사령부,제한경쟁,총액제,적격심사제,202404021130,20240402,유찰
재공고,LDH0314,2,07605,***,K77지휘차 핀 등 14품목 구매,2024,LDH,육군종합정비창,제한경쟁,총액제,적격심사제,202404021300,20240402,유찰
재공고,LDH0315,2,07617,***,K77지휘차 너트 등 36품목 구매,2024,LDH,육군종합정비창,제한경쟁,총액제,적격심사제,202404021300,20240402,유찰
재공고,LDH0321,2,07653,***,K77지휘차 튜브 등 8품목 구매,2024,LDH,육군종합정비창,제한경쟁,총액제,적격심사제,202404021300,20240402,유찰
재공고,LDH0322,2,07654,***,K77지휘차 브래킷 등 41품목 구매,2024,LDH,육군종합정비창,제한경쟁,총액제,적격심사제,202404021300,20240402,유찰
정상공고,LDH0373,1,09662,***,통신 캐패시터(012768070) 구매,2024,LDH,육군종합정비창,제한경쟁,총액제,적격심사제,202404021300,20240402,낙찰
정상공고,LDH0372,1,09675,***,통신 축전기(013696376) 구매,2024,LDH,육군종합정비창,제한경쟁,총액제,적격심사제,202404021300,20240402,낙찰
정상공고,LDH0358,1,09708,***,(자재) 스프링강선 등 61종 구매,2024,LDH,육군종합정비창,제한경쟁,총액제,적격심사제,202404021300,20240402,낙찰
정상공고,LDH0360,1,09709,***,(자재) 철판 등 5종 구매,2024,LDH,육군종합정비창,제한경쟁,총액제,적격심사제,202404021300,20240402,낙찰
정상공고,LDH0359,1,09710,***,(자재) 마봉 특수강 등 18종 구매,2024,LDH,육군종합정비창,제한경쟁,총액제,적격심사제,202404021300,20240402,낙찰
정상공고,LDH0361,1,09711,***,(자재) 고무스폰지 등 38종 구매,2024,LDH,육군종합정비창,제한경쟁,총액제,적격심사제,202404021200,20240402,순위확정
정상공고,LDH0368,1,09713,***,(자재) 표시부 인쇄회로기판 조립체 구매,2024,LDH,육군종합정비창,제한경쟁,총액제,적격심사제,202404021300,20240402,낙찰
정상공고,LDH0362,1,09714,***,(자재) 하우징 전자구성품용 부품키트 구매,2024,LDH,육군종합정비창,제한경쟁,총액제,적격심사제,202404021300,20240402,낙찰
정상공고,LDH0363,1,09715,***,"(자재) SSD 회로용, 케이스 부품키트 구매",2024,LDH,육군종합정비창,제한경쟁,총액제,적격심사제,202404021300,20240402,낙찰
정상공고,LDH0364,1,09716,***,(자재) 특수강 등 2종 구매,2024,LDH,육군종합정비창,제한경쟁,총액제,적격심사제,202404021300,20240402,유찰
정상공고,LDH0365,1,09718,***,(자재) 에어캡포장지 구매,2024,LDH,육군종합정비창,제한경쟁,총액제,적격심사제,202404021300,20240402,유찰
정상공고,LDH0366,1,09719,***,(자재) 렌치볼트 등 14종 구매,2024,LDH,육군종합정비창,제한경쟁,총액제,적격심사제,202404021300,20240402,낙찰
정상공고,LDH0367,1,09865,***,(자재) 늄합금파이프 등 29종 구매,2024,LDH,육군종합정비창,제한경쟁,총액제,적격심사제,202404021300,20240402,낙찰
긴급공고,LMB0007,1,11058,***,24+3년 얼음정수기 등 임차(59대),2024,LMB,제8278부대,제한경쟁,총액제,적격심사제,202404021030,20240402,낙찰
긴급공고,LMH0024,1,10992,***,24년 오수처리시설 수질검사용역(C026),2024,LMH,제7군단,일반경쟁,총액제,적격심사제,202404021030,20240402,낙찰
긴급공고,MCD0013,1,09680,***,24년 군 양성평등지표 조사 및 분석 연구,2024,MCD,국방부(운영지원과),협상에의한계약(전자),총액제,최저가격제,202404021700,20240402,유찰
정상공고,MDG0089,1,07770,***,24년 의무장비(초음파수술기) 구매,2024,MDG,국군의무사령부,제한경쟁,총액제,적격심사제,202404021100,20240402,낙찰
정상공고,MDG0090,1,07771,***,24년 의무장비(무균작업대) 구매,2024,MDG,국군의무사령부,제한경쟁,총액제,적격심사제,202404021100,20240402,낙찰
정상공고,MDG0091,1,07772,***,24년 의무장비(환자체온보온기 자동식(공기식)) 구매,2024,MDG,국군의무사령부,제한경쟁,총액제,적격심사제,202404021100,20240402,낙찰
정상공고,MDG0092,1,07773,***,24년 의무장비(속력걸음대 전기식) 구매,2024,MDG,국군의무사령부,제한경쟁,총액제,적격심사제,202404021100,20240402,낙찰
정상공고,MDG0093,1,07774,***,24년 의무장비(손세척대) 구매,2024,MDG,국군의무사령부,제한경쟁,총액제,적격심사제,202404021100,20240402,낙찰
정상공고,MDG0094,1,07775,***,24년 의무장비(수욕기 일반용) 구매,2024,MDG,국군의무사령부,제한경쟁,총액제,적격심사제,202404021100,20240402,낙찰
정상공고,MDG0095,1,07776,***,24년 의무장비(한냉요법장치) 구매,2024,MDG,국군의무사령부,제한경쟁,총액제,적격심사제,202404021100,20240402,낙찰
정상공고,MDG0096,1,07777,***,24년 의무장비(혈액가온장치) 구매,2024,MDG,국군의무사령부,제한경쟁,총액제,적격심사제,202404021100,20240402,유찰
정상공고,MDJ0020,1,11102,***,의료기재(병리재료) 연간계약,2024,MDJ,국군대전병원,일반경쟁,총액제,적격심사제,202404021030,20240402,낙찰
정상공고,MDJ0019,1,11103,***,의료기재(처치재료) 연간계약,2024,MDJ,국군대전병원,일반경쟁,총액제,적격심사제,202404021030,20240402,낙찰
정상공고,MDJ0018,1,11104,***,장비운영소모품(기공장비) 연간계약,2024,MDJ,국군대전병원,일반경쟁,총액제,적격심사제,202404021030,20240402,낙찰
정상공고,MDJ0017,1,11105,***,장비운영소모품(영상장비) 연간계약,2024,MDJ,국군대전병원,일반경쟁,총액제,적격심사제,202404021030,20240402,낙찰
정상공고,MDJ0016,1,11106,***,장비운영소모품(의료용가스) 연간계약,2024,MDJ,국군대전병원,일반경쟁,총액제,적격심사제,202404021030,20240402,유찰
정상공고,MDJ0015,1,11107,***,장비운영소모품(중공장비) 연간계약,2024,MDJ,국군대전병원,일반경쟁,총액제,적격심사제,202404021030,20240402,낙찰
정상공고,MDJ0014,1,11108,***,기타의약품 연간계약,2024,MDJ,국군대전병원,일반경쟁,총액제,적격심사제,202404021030,20240402,낙찰
긴급공고,MHD0027,1,08615,***,의무후송전용헬기 시설사업기본계획 연구용역,2024,MHD,방위사업청(운영지원과),협상에의한계약(전자),총액제,최저가격제,202404021500,20240402,낙찰
긴급공고,SCF0301,1,00753,001,핫도그 구매,2024,SCF,해군군수사령부,제한경쟁,단가제,적격심사제,202404021030,20240402,낙찰
긴급공고,SCF0300,1,08918,001,살치살(냉동/덩어리) 구매,2024,SCF,해군군수사령부,제한경쟁,단가제,적격심사제,202404021030,20240402,낙찰
긴급공고,SCF0303,1,10772,***,(긴급)배기가스 온도기 1종,2024,SCF,해군군수사령부,제한경쟁,총액제,적격심사제,202404021030,20240402,낙찰
긴급공고,SCF0302,1,10779,***,"(긴급)송신기,유량용 등 14종",2024,SCF,해군군수사령부,제한경쟁,총액제,적격심사제,202404021030,20240402,낙찰
긴급공고,SCF0304,1,11698,***,(긴급)엑츄에이터 1.19 1종,2024,SCF,해군군수사령부,제한경쟁,총액제,적격심사제,202404021030,20240402,낙찰
정상공고,UMM0322,1,05146,***,(247013-F) 보장구 56종 구매,2024,UMM,국군재정관리단,일반경쟁,총액제,적격심사제,202404021100,20240402,낙찰
재공고,UMM0095,2,05163,***,(24G003-H)24~25년 지휘통신신속대응장비유지보수용역,2024,UMM,국군재정관리단,제한경쟁,총액제,적격심사제,202404021100,20240402,낙찰
정상공고,UMM0304,1,05625,***,"24-F- 발전기세트,가솔린엔진식 제조(249049-F)",2024,UMM,국군재정관리단,제한경쟁,총액제,적격심사제,202404021100,20240402,유찰
정상공고,UMM0320,1,07100,***,(246080-F) 반조봉 등 11종 구매,2024,UMM,국군재정관리단,제한경쟁,총액제,적격심사제,202404021100,20240402,낙찰
정상공고,UMM0317,1,07106,***,(246084-F) 레펠장갑 등 5종 제조,2024,UMM,국군재정관리단,제한경쟁,총액제,적격심사제,202404021100,20240402,낙찰
긴급공고,UMM0337,1,07113,***,(247094-F) 전장관리체계 운용품 구매,2024,UMM,국군재정관리단,제한경쟁,총액제,적격심사제,202404021100,20240402,낙찰
정상공고,UMM0292,1,07509,***,24-N-용수철제작기 B형 구매(248072-F),2024,UMM,국군재정관리단,일반경쟁,총액제,적격심사제,202404021100,20240402,낙찰
정상공고,UMM0316,1,07903,***,(247054-E)  병리장비소모품(7) 8품목 구매,2024,UMM,국군재정관리단,제한경쟁,총액제,적격심사제,202404021100,20240402,낙찰
정상공고,UMM0315,1,08633,***,(246138-E) 이동식 자동영상속도측정기기 2종 구매,2024,UMM,국군재정관리단,제한경쟁,총액제,적격심사제,202404021100,20240402,낙찰
긴급공고,UMM0339,1,09288,***,"(246072-F) 분석기,스펙트럼용 구매",2024,UMM,국군재정관리단,제한경쟁,총액제,적격심사제,202404021100,20240402,낙찰
정상공고,UMM0298,1,10681,***,(24G010-H)24~25년 과학화경계시스템 유지보수 용역,2024,UMM,국군재정관리단,제한경쟁,총액제,적격심사제,202404021100,20240402,낙찰
정상공고,UMM0318,1,10842,***,(246071-E) 탄통 봉인스티커 제조,2024,UMM,국군재정관리단,제한경쟁,총액제,적격심사제,202404021100,20240402,낙찰
정상공고,UMM0309,1,11053,***,(24G002-H)24~25년 위성장비 유지보수 용역,2024,UMM,국군재정관리단,일반경쟁,총액제,적격심사제,202404021100,20240402,낙찰
정상공고,EHF0009,1,0208E,***,"전지, 축전식(BB-7184K)",2024,EHF,미래전력사업전력운영계약팀,일반경쟁,총액제,적격심사제,202404011100,20240401,낙찰
긴급공고,LDA0007,1,11426,***,24년 중요시설경계시스템 외주용역정비,2024,LDA,지상작전사령부,제한경쟁,총액제,적격심사제,202404011030,20240401,낙찰
재공고,LDH0206,2,05263,***,(정비) 지퍼백밀봉형중형등 177종 구매,2024,LDH,육군종합정비창,제한경쟁,총액제,적격심사제,202404011300,20240401,유찰
정상공고,LDH0344,1,09797,***,(정비) 크롬 크릿트 구매,2024,LDH,육군종합정비창,제한경쟁,총액제,적격심사제,202404011300,20240401,낙찰
정상공고,LDH0350,1,10284,***,(기동) 프레임부분품등 2종 구매,2024,LDH,육군종합정비창,제한경쟁,총액제,적격심사제,202404011300,20240401,유찰
정상공고,LDH0351,1,10291,***,(기동) 에어튜부표시기 등 16종 구매,2024,LDH,육군종합정비창,제한경쟁,총액제,적격심사제,202404011300,20240401,낙찰
정상공고,LDH0354,1,10331,***,(기동) 와셔.잠금식 등 88종 구매,2024,LDH,육군종합정비창,제한경쟁,총액제,적격심사제,202404011300,20240401,유찰
긴급공고,LMH0013,1,07639,***,역사관 홍보전시물 설계 및 리모델링(B006),2024,LMH,제7군단,협상에의한계약(서류),총액제,최저가격제,202404011100,20240401,낙찰
긴급공고,MCF0010,1,10048,***,'24년 국립서울현충원 영상 콘텐츠 제작 용역,2024,MCF,국립서울현충원,협상에의한계약(전자),총액제,최저가격제,202404011100,20240401,낙찰
정상공고,MDJ0013,1,10345,***,24-4차 의무비품 (진료용 의자 등 6품목),2024,MDJ,국군대전병원,일반경쟁,총액제,적격심사제,202404011030,20240401,낙찰
긴급공고,SCQ0031,1,11154,***,차돌박이 등 135종 구매,2024,SCQ,제9911부대,제한경쟁,총액제,적격심사제,202404011030,20240401,유찰
긴급공고,SFC0025,1,08060,***,24-해병-리더십 컨텐츠 영상제작 용역,2024,SFC,제9691부대,2단계경쟁(동시),총액제,최저가격제,202404011030,20240401,낙찰
정상공고,UMM0272,1,05962,***,24-F-플랫폼  트랙터등 3종 구매(249052-F),2024,UMM,국군재정관리단,제한경쟁,총액제,적격심사제,202404011100,20240401,낙찰
정상공고,UMM0303,1,07042,***,24-N-승용 사열차 제조,2024,UMM,국군재정관리단,제한경쟁,총액제,적격심사제,202404011100,20240401,낙찰
정상공고,UMM0274,1,07078,***,24-D-이동마트차량 제조,2024,UMM,국군재정관리단,일반경쟁,총액제,적격심사제,202404011100,20240401,낙찰
정상공고,UMM0273,1,09186,***,24-N-배터리충전기 구매(248089-F),2024,UMM,국군재정관리단,제한경쟁,총액제,적격심사제,202404011100,20240401,낙찰
정상공고,UMM0277,1,10122,***,24-N-휴대용 주파수 교란장비 제조,2024,UMM,국군재정관리단,일반경쟁,총액제,적격심사제,202404011100,20240401,낙찰
정상공고,EBB0015,1,0730,***,오수처리장치,2024,EBB,지상공통전력운영계약팀,수의계약,총액제,적격심사제,202403291100,20240329,유찰
정상공고,LDG0023,1,10495,***,6MeV 선형가속기 외주정비 용역,2024,LDG,육군 탄약지원사령부,제한경쟁,총액제,적격심사제,202403291030,20240329,유찰
정상공고,LDH0352,1,09419,***,24-4차 정비용 장비 부품구매,2024,LDH,육군종합정비창,제한경쟁,총액제,적격심사제,202403291300,20240329,유찰
정상공고,LDH0353,1,09423,***,24-5차 정비용 장비 부품구매,2024,LDH,육군종합정비창,제한경쟁,총액제,적격심사제,202403291300,20240329,유찰
긴급공고,LHQ0011,1,08061,***,24년 전반기 육군 정책연구 과제 연구용역,2024,LHQ,제2작전사령부,협상에의한계약(전자),총액제,최저가격제,202403291400,20240329,유찰
긴급공고,MDG0098,1,07870,***,24년 의무장비(수액조절기 주사용 미세주입기) 구매,2024,MDG,국군의무사령부,제한경쟁,총액제,적격심사제,202403291100,20240329,낙찰
정상공고,MDG0097,1,10050,***,24년 의무장비(약품포장기 자동식) 구매,2024,MDG,국군의무사령부,제한경쟁,총액제,적격심사제,202403291100,20240329,낙찰
정상공고,SFC0026,1,06827,***,의무장비(심전도계) 구매,2024,SFC,제9691부대,제한경쟁,총액제,적격심사제,202403291030,20240329,낙찰
정상공고,SFC0027,1,06828,***,의무장비(전치아동시촬영기) 구매,2024,SFC,제9691부대,제한경쟁,총액제,적격심사제,202403291030,20240329,낙찰
정상공고,UMM0254,1,01272,***,"24-F-청소기, 보도용, 트랙터탑재식 구매",2024,UMM,국군재정관리단,일반경쟁,총액제,적격심사제,202403291100,20240329,낙찰
정상공고,UMM0131,1,01889,***,24-N-환자관찰장치 이동형 1종 구매,2024,UMM,국군재정관리단,제한경쟁,총액제,적격심사제,202403291100,20240329,낙찰
정상공고,UMM0261,1,01908,***,24-F-철판 전단기 구매,2024,UMM,국군재정관리단,일반경쟁,총액제,적격심사제,202403291100,20240329,낙찰
정상공고,UMM0279,1,03189,***,24-N-00창 숲 정비용역(24H016-H),2024,UMM,국군재정관리단,일반경쟁,총액제,적격심사제,202403291100,20240329,낙찰
정상공고,UMM0263,1,03618,***,24-F-군견사료 2품목 구매,2024,UMM,국군재정관리단,제한경쟁,총액제,적격심사제,202403291100,20240329,낙찰
정상공고,UMM0270,1,04718,***,24-N-작업환경 측정 용역,2024,UMM,국군재정관리단,제한경쟁,총액제,적격심사제,202403291100,20240329,낙찰
정상공고,UMM0275,1,04982,***,24-F-자동 증류장치 구매,2024,UMM,국군재정관리단,제한경쟁,총액제,적격심사제,202403291100,20240329,낙찰
정상공고,UMM0284,1,06568,***,(24F066-I) 24년 음식물쓰레기 처리 용역(홍천),2024,UMM,국군재정관리단,제한경쟁,총액제,적격심사제,202403291100,20240329,유찰
정상공고,UMM0260,1,08770,***,"24-F-전동카트, 다목적용 구매",2024,UMM,국군재정관리단,제한경쟁,총액제,적격심사제,202403291100,20240329,낙찰
정상공고,UMM0276,1,09298,***,24-D-인쇄재료 88종 구매,2024,UMM,국군재정관리단,일반경쟁,총액제,적격심사제,202403291100,20240329,낙찰
정상공고,UMM0285,1,10361,***,(247057-D)특수수술재료(1) 8종 구매,2024,UMM,국군재정관리단,일반경쟁,총액제,적격심사제,202403291100,20240329,낙찰
정상공고,UMM0287,1,10373,***,24-F-마이크로폰 헤드셋 구매,2024,UMM,국군재정관리단,일반경쟁,총액제,적격심사제,202403291100,20240329,낙찰
긴급공고,UMM0293,1,10604,***,(24F076-A) 제초관리용역,2024,UMM,국군재정관리단,제한경쟁,총액제,적격심사제,202403291100,20240329,낙찰
긴급공고,UMM0294,1,10605,***,(24-F099-A)00사단 관리 제초 용역,2024,UMM,국군재정관리단,제한경쟁,총액제,적격심사제,202403291100,20240329,낙찰
긴급공고,UMM0295,1,10606,***,(24F078-A) 조경관리용역,2024,UMM,국군재정관리단,제한경쟁,총액제,적격심사제,202403291100,20240329,낙찰
긴급공고,UMM0296,1,10608,***,(24F084-A) 제초관리 용역,2024,UMM,국군재정관리단,제한경쟁,총액제,적격심사제,202403291100,20240329,낙찰
긴급공고,UMM0299,1,10700,***,(24F042-I) 24년 음식물류 폐기물 위탁처리 용역,2024,UMM,국군재정관리단,일반경쟁,총액제,적격심사제,202403291100,20240329,낙찰
긴급공고,UMM0300,1,10705,***,(24F051-I) 지정폐기물 처리용역,2024,UMM,국군재정관리단,일반경쟁,총액제,적격심사제,202403291100,20240329,낙찰
긴급공고,UMM0302,1,10709,***,(24F067-I) 24년 음식물폐기물 위탁처리 용역(경기),2024,UMM,국군재정관리단,제한경쟁,총액제,적격심사제,202403291100,20240329,낙찰
긴급공고,UMM0306,1,10778,***,(24F095-A) 제초관리 용역,2024,UMM,국군재정관리단,제한경쟁,총액제,적격심사제,202403291100,20240329,낙찰
재공고,EBB0010,2,A7784,***,24년 (T-50) 오링 등 3품목 제조,2024,EBB,지상공통전력운영계약팀,수의계약,총액제,적격심사제,202403281500,20240328,유찰
정상공고,EHF0007,1,2035,***,"수신기-송신기,무전기용",2024,EHF,미래전력사업전력운영계약팀,일반경쟁,총액제,적격심사제,202403281100,20240328,순위확정
긴급공고,HCF0052,1,10262,***,군사경찰 헬멧 제조,2024,HCF,공군군수사령부,제한경쟁,총액제,적격심사제,202403281030,20240328,유찰
긴급공고,HCF0057,1,10395,***,군사경찰 행사복 2종 제조,2024,HCF,공군군수사령부,제한경쟁,총액제,적격심사제,202403281030,20240328,낙찰
정상공고,HDM0014,1,08686,***,24년 군 주거시설 개선방안 수립 연구용역 등 2건,2024,HDM,공군제17전투비행단,2단계경쟁(동시),총액제,최저가격제,202403281100,20240328,낙찰
긴급공고,LCF0028,1,10464,***,"볼트, 내부렌치형 등 50항목 구매(항공)",2024,LCF,육군군수사령부,일반경쟁,총액제,적격심사제,202403281100,20240328,낙찰
긴급공고,LCM0015,1,04464,***,'24년 간부 파트너십 교육프로그램 개발 연구 용역,2024,LCM,육군교육사령부,2단계경쟁(동시),총액제,최저가격제,202403281300,20240328,유찰
긴급공고,LCM0014,1,07336,***,'24년 전투실험발전 세미나 수행 용역,2024,LCM,육군교육사령부,2단계경쟁(동시),총액제,최저가격제,202403281300,20240328,낙찰
긴급공고,LDC0006,1,09815,***,교전훈련장비 수리부속 구매(24-9차),2024,LDC,육군과학화전투훈련단,제한경쟁,총액제,적격심사제,202403281030,20240328,낙찰
긴급공고,LDC0007,1,09926,***,2427 식기세척기 임차용역,2024,LDC,육군과학화전투훈련단,제한경쟁,총액제,적격심사제,202403281030,20240328,유찰
재공고,LDH0317,2,07641,***,K77지휘차 호스조립체 등 32품목 구매,2024,LDH,육군종합정비창,제한경쟁,총액제,적격심사제,202403281300,20240328,낙찰
재공고,LDH0336,2,09092,***,통신 동력공급기 1종 구매,2024,LDH,육군종합정비창,제한경쟁,총액제,적격심사제,202403281300,20240328,낙찰
정상공고,LDH0349,1,09454,***,K9자주포 케이블조립체 구매,2024,LDH,육군종합정비창,제한경쟁,총액제,적격심사제,202403281300,20240328,유찰
긴급공고,LKF0012,1,10640,***,24년 제초용역,2024,LKF,제6755부대,일반경쟁,총액제,적격심사제,202403281030,20240328,낙찰
긴급공고,LMH0023,1,10651,***,24년 토양오염도 검사용역(C025),2024,LMH,제7군단,일반경쟁,총액제,적격심사제,202403281030,20240328,낙찰
긴급공고,LMU0017,1,10761,001,(24-급-010) `24년 부대조달 후식(마카롱 등 2종),2024,LMU,제7군수지원단,제한경쟁,단가제,적격심사제,202403281100,20240328,낙찰
긴급공고,LMU0018,1,10762,001,(24-급-011) `24년 부대조달 후식(핫바),2024,LMU,제7군수지원단,제한경쟁,단가제,적격심사제,202403281100,20240328,유찰
긴급공고,LQG0030,1,10851,***,"00부대 동원, 예비군훈련장 방제용역",2024,LQG,육군 52보병사단,제한경쟁,총액제,적격심사제,202403281030,20240328,낙찰
긴급공고,LQG0031,1,10855,***,00훈련대 제초용역,2024,LQG,육군 52보병사단,제한경쟁,총액제,적격심사제,202403281030,20240328,낙찰
긴급공고,MCL0003,1,10835,***,2024년 재외공관 주재 무관부 신변안전보험,2024,MCL,국방정보본부,일반경쟁,총액제,적격심사제,202403281030,20240328,유찰
정상공고,MDD0051,1,10186,***,"2024 의무장비(청력검사실 대형, 소형) 구매",2024,MDD,국군수도병원,제한경쟁,총액제,적격심사제,202403281700,20240328,낙찰
정상공고,MDD0052,1,10194,***,2024 의무장비(견인치료기 경요추용) 구매,2024,MDD,국군수도병원,제한경쟁,총액제,적격심사제,202403281700,20240328,낙찰
정상공고,MDD0053,1,10197,***,2024 의무장비(냉장고 혈액은행용 대형) 구매,2024,MDD,국군수도병원,제한경쟁,총액제,적격심사제,202403281700,20240328,낙찰
정상공고,MDD0054,1,10202,***,2024 의무장비(약품포장기 자동식) 구매,2024,MDD,국군수도병원,제한경쟁,총액제,적격심사제,202403281700,20240328,낙찰
긴급공고,MDS0005,1,10825,***,707체계 수리부속 구매,2024,MDS,제3707부대,제한경쟁,총액제,적격심사제,202403281030,20240328,낙찰
긴급공고,MDW0007,1,08297,***,24년 해외안보현장견학 용역,2024,MDW,국군간호사관학교,협상에의한계약(서류),총액제,최저가격제,202403281030,20240328,유찰
재공고,SCF0142,2,02664,***,전원공급기 무정전식 2EA 구매,2024,SCF,해군군수사령부,제한경쟁,총액제,적격심사제,202403281030,20240328,낙찰
긴급공고,SCF0284,1,04050,***,로프 와이어제 등 6종 구매,2024,SCF,해군군수사령부,제한경쟁,총액제,적격심사제,202403281030,20240328,유찰
긴급공고,SCF0291,1,04980,***,'24년 잠수함 위생 및 오수탱크 청소/도장 용역,2024,SCF,해군군수사령부,일반경쟁,총액제,적격심사제,202403281030,20240328,낙찰
긴급공고,SCF0283,1,05362,***,"송신기군,습도-온도 측정용 6EA 구매",2024,SCF,해군군수사령부,제한경쟁,총액제,적격심사제,202403281030,20240328,낙찰
긴급공고,SCF0287,1,06152,***,디스플레이 유닛 등 9EA 구매,2024,SCF,해군군수사령부,제한경쟁,총액제,적격심사제,202403281030,20240328,낙찰
긴급공고,SCF0298,1,07366,***,상용헤드셋변환기 등 3종 구매,2024,SCF,해군군수사령부,제한경쟁,총액제,적격심사제,202403281030,20240328,낙찰
긴급공고,SCF0296,1,07806,***,"기억장치, 데이터 저장용 1품목 구매",2024,SCF,해군군수사령부,제한경쟁,총액제,적격심사제,202403281030,20240328,낙찰
긴급공고,SCF0294,1,07819,***,실리카 섬유포직 등 4품목 / 구매,2024,SCF,해군군수사령부,제한경쟁,총액제,적격심사제,202403281030,20240328,낙찰
긴급공고,SCF0299,1,08126,***,단일 실린더 등 3종 구매,2024,SCF,해군군수사령부,제한경쟁,총액제,적격심사제,202403281030,20240328,낙찰
긴급공고,SCF0297,1,09594,***,(긴급)프리휠터 메디어 1종),2024,SCF,해군군수사령부,제한경쟁,총액제,적격심사제,202403281300,20240328,낙찰
긴급공고,SCF0285,1,09746,***,"(긴급) 미케니칼 씰, 고정식 등 72종",2024,SCF,해군군수사령부,제한경쟁,총액제,적격심사제,202403281030,20240328,낙찰
긴급공고,SCF0286,1,09755,***,"(긴급) 작동기, 유압식-공기식, 회전형 등 3종",2024,SCF,해군군수사령부,제한경쟁,총액제,적격심사제,202403281030,20240328,낙찰
긴급공고,SCF0288,1,09758,***,"(긴급) 냉각기 유니트, 공기식 등 132종",2024,SCF,해군군수사령부,제한경쟁,총액제,적격심사제,202403281030,20240328,낙찰
긴급공고,SCF0289,1,09822,***,"(긴급)판,금속제 등 27종",2024,SCF,해군군수사령부,제한경쟁,총액제,적격심사제,202403281030,20240328,낙찰
긴급공고,SCF0282,1,10260,001,공업용가스 5종 구매,2024,SCF,해군군수사령부,제한경쟁,단가제,적격심사제,202403281030,20240328,낙찰
긴급공고,SCF0282,1,10260,002,공업용가스 5종 구매,2024,SCF,해군군수사령부,제한경쟁,단가제,적격심사제,202403281030,20240328,낙찰
긴급공고,SCF0282,1,10260,003,공업용가스 5종 구매,2024,SCF,해군군수사령부,제한경쟁,단가제,적격심사제,202403281030,20240328,낙찰
긴급공고,SCF0290,1,10643,***,"패킹,성형식 등 16종 구매",2024,SCF,해군군수사령부,제한경쟁,총액제,적격심사제,202403281030,20240328,낙찰
긴급공고,SCF0292,1,10666,***,"등,연장형[LED 만함등] 1종 구매",2024,SCF,해군군수사령부,일반경쟁,총액제,적격심사제,202403281030,20240328,낙찰
긴급공고,SCF0293,1,10683,***,"안면보호구,공장직공용 등 8종 구매",2024,SCF,해군군수사령부,제한경쟁,총액제,적격심사제,202403281030,20240328,유찰
긴급공고,SCK0036,1,10626,***,24-00사 품질개선 명찰(클립형) 제조,2024,SCK,해군교육사령부,일반경쟁,총액제,적격심사제,202403281030,20240328,낙찰
긴급공고,SFG0043,1,10513,***,인화지 등 98품목 구매,2024,SFG,제9181부대,제한경쟁,총액제,적격심사제,202403281030,20240328,낙찰
정상공고,UMM0250,1,07426,***,24-D-자운대 주거시설 싱크대 제조설치,2024,UMM,국군재정관리단,제한경쟁,총액제,적격심사제,202403281100,20240328,낙찰
정상공고,EBB0014,1,1411S,***,윈치조립체,2024,EBB,지상공통전력운영계약팀,수의계약,총액제,적격심사제,202403271100,20240327,순위확정
재공고,EBB0004,2,5345,***,10.5밀리 고무탄(KA35),2024,EBB,지상공통전력운영계약팀,수의계약,총액제,적격심사제,202403271100,20240327,유찰
재공고,EBB0007,2,6603,***,제어장치조립체 및 축 조립체류,2024,EBB,지상공통전력운영계약팀,수의계약,총액제,적격심사제,202403271100,20240327,순위확정
정상공고,EHF0006,1,1070,***,24년 발칸 포가부 부품(제조),2024,EHF,미래전력사업전력운영계약팀,수의계약,총액제,적격심사제,202403271100,20240327,유찰
긴급공고,HCF0053,1,02990,***,(의무장비) 간섭파치료기등 3종,2024,HCF,공군군수사령부,제한경쟁,총액제,적격심사제,202403271030,20240327,낙찰
긴급공고,HCF0054,1,02991,***,(의무장비) 냉장고 의약용품 중형,2024,HCF,공군군수사령부,제한경쟁,총액제,적격심사제,202403271030,20240327,낙찰
긴급공고,HCF0055,1,02993,***,(의무장비) 안압계 비접촉식,2024,HCF,공군군수사령부,제한경쟁,총액제,적격심사제,202403271030,20240327,낙찰
긴급공고,HCF0056,1,02995,***,(의무장비) 청력검사실,2024,HCF,공군군수사령부,제한경쟁,총액제,적격심사제,202403271030,20240327,낙찰
재공고,HCF0031,2,05558,***,항공기용 실링 컴파운드 11종,2024,HCF,공군군수사령부,제한경쟁,총액제,적격심사제,202403271030,20240327,유찰
긴급공고,HCF0049,1,10241,***,공군 휘장 제조,2024,HCF,공군군수사령부,제한경쟁,총액제,적격심사제,202403271030,20240327,낙찰
긴급공고,HCF0060,1,10467,***,군사경찰 완장 등 4종 제조,2024,HCF,공군군수사령부,제한경쟁,총액제,적격심사제,202403271030,20240327,낙찰
긴급공고,HCS0006,1,10339,***,'24년 활주로와 라인 내 일반지역 및 남지 제초용역,2024,HCS,제3훈련비행단,제한경쟁,총액제,적격심사제,202403271100,20240327,낙찰
정정공고,HDN0015,2,09395,***,24-내진성능평가 용역,2024,HDN,공군제18전투비행단,제한경쟁,총액제,적격심사제,202403271300,20240327,낙찰
긴급공고,HDN0016,1,09402,***,00기지 항공유 저장탱크 신·증축 선행연구,2024,HDN,공군제18전투비행단,2단계경쟁(동시),총액제,최저가격제,202403271300,20240327,유찰
긴급공고,LCF0026,1,02707,***,모기향 등 4항목 구매(의무),2024,LCF,육군군수사령부,제한경쟁,총액제,적격심사제,202403271100,20240327,낙찰
긴급공고,LCF0027,1,09835,***,"걸상,직립형(발판) 등 30항목 구매(의무)",2024,LCF,육군군수사령부,제한경쟁,총액제,적격심사제,202403271100,20240327,유찰
긴급공고,LDG0022,1,10354,***,24년도 벌목 설계 용역,2024,LDG,육군 탄약지원사령부,일반경쟁,총액제,적격심사제,202403271030,20240327,낙찰
정상공고,LDH0200,1,05719,***,UH-60헬기 기체 상부구조물 소요자재 제조,2024,LDH,육군종합정비창,2단계경쟁(동시),총액제,최저가격제,202403271300,20240327,유찰
정상공고,LDH0206,1,05944,***,화학탐지장비 공압시스템 시험장비개발 소요자재 제조,2024,LDH,육군종합정비창,2단계경쟁(동시),총액제,최저가격제,202403271300,20240327,유찰
재공고,LDH0309,2,07264,***,"K21 베어링,롤러식 등 3종 구매",2024,LDH,육군종합정비창,제한경쟁,총액제,적격심사제,202403271300,20240327,유찰
긴급공고,LGT0023,1,09826,***,'24년 업무용 차량 임차 용역(24-GS-2),2024,LGT,제2307부대,일반경쟁,총액제,적격심사제,202403271030,20240327,유찰
긴급공고,LKG0022,1,09860,***,24년 5~6월 부대계약(일반품목),2024,LKG,육군제53보병사단,일반경쟁,총액제,적격심사제,202403271100,20240327,낙찰
긴급공고,LMH0022,1,10239,***,군 주거시설 관리용역(C020),2024,LMH,제7군단,지명경쟁,총액제,최저가격제,202403271030,20240327,낙찰
정상공고,MHD0016,1,03250,***,2024년 방위사업청 외국어교실 위탁교육,2024,MHD,방위사업청(운영지원과),협상에의한계약(전자),총액제,최저가격제,202403271500,20240327,낙찰
긴급공고,SCF0281,1,10191,***,'24년 함정 상가대 외주정비(2개소),2024,SCF,해군군수사령부,일반경쟁,총액제,적격심사제,202403271030,20240327,낙찰
긴급공고,SFN0030,1,10527,***,복사용지 등 255종 구매 납품,2024,SFN,연평부대,제한경쟁,총액제,적격심사제,202403271030,20240327,낙찰
정상공고,UAC0009,1,09268,***,맞춤용지 연간 구매(재경지원반),2024,UAC,국방출판지원단,제한경쟁,총액제,적격심사제,202403271100,20240327,낙찰
정상공고,UMM0267,1,06116,***,(247075-E) 정밀측정장비(고주파신호발생기) 구매,2024,UMM,국군재정관리단,제한경쟁,총액제,적격심사제,202403271100,20240327,낙찰
정상공고,UMM0265,1,06278,***,(247028-E) 극초단파시료전처리기 구매,2024,UMM,국군재정관리단,제한경쟁,총액제,적격심사제,202403271100,20240327,낙찰
정상공고,UMM0268,1,06303,***,(246083-E) 하계 행사복 등 11종 제조,2024,UMM,국군재정관리단,제한경쟁,총액제,적격심사제,202403271100,20240327,낙찰
정상공고,UMM0251,1,06321,***,24-F-자동소화장치 4종 구매,2024,UMM,국군재정관리단,제한경쟁,총액제,적격심사제,202403271100,20240327,낙찰
정상공고,UMM0264,1,06399,***,24-D-00부대 조경관리 용역,2024,UMM,국군재정관리단,제한경쟁,총액제,적격심사제,202403271100,20240327,낙찰
정상공고,EBB0011,1,5020,***,"제네레이터(장갑차, 전차)",2024,EBB,지상공통전력운영계약팀,수의계약,총액제,적격심사제,202403261100,20240326,유찰
정상공고,EBB0013,1,6704,***,연료펌프류,2024,EBB,지상공통전력운영계약팀,일반경쟁,총액제,적격심사제,202403261400,20240326,낙찰
정상공고,EHF0003,1,1031,***,"쉘터,비전개식(1 1/4톤)",2024,EHF,미래전력사업전력운영계약팀,수의계약,총액제,적격심사제,202403261100,20240326,유찰
긴급공고,HCF0048,1,10208,***,[시동용 발전기 부품]제어장치 판넬 등 7종 제조,2024,HCF,공군군수사령부,일반경쟁,총액제,적격심사제,202403261030,20240326,낙찰
긴급공고,HCM0024,1,09770,***,"24-02-050 공구세트, X-선 기재용 1품목 구매",2024,HCM,공군교육사령부,제한경쟁,총액제,적격심사제,202403261030,20240326,낙찰
긴급공고,HDM0016,1,09633,***,2024년 에이스가든 김치구매,2024,HDM,공군제17전투비행단,제한경쟁,총액제,적격심사제,202403261030,20240326,유찰
긴급공고,LCF0024,1,02236,***,"비닐봉투, 지퍼형(소) 등 12항목 구매(물자)",2024,LCF,육군군수사령부,제한경쟁,총액제,적격심사제,202403261100,20240326,낙찰
긴급공고,LCF0025,1,07506,***,무릎보호대 등 3항목 구매(물자),2024,LCF,육군군수사령부,제한경쟁,총액제,적격심사제,202403261100,20240326,낙찰
재공고,LCF0018,2,07743,***,궤도(3종) 고무 제거 정비,2024,LCF,육군군수사령부,제한경쟁,총액제,적격심사제,202403261030,20240326,유찰
재공고,LCF0021,2,08096,***,K55A1자주포 궤도 고무 제거 정비,2024,LCF,육군군수사령부,제한경쟁,총액제,적격심사제,202403261130,20240326,유찰
재공고,LCF0020,2,08104,***,K77장갑차 궤도 고무제거 정비,2024,LCF,육군군수사령부,제한경쟁,총액제,적격심사제,202403261130,20240326,유찰
재공고,LCF0019,2,08183,***,K9자주포 궤도 고무제거 정비,2024,LCF,육군군수사령부,제한경쟁,총액제,적격심사제,202403261130,20240326,유찰
긴급공고,LCG0019,1,07265,***,[24-육-42] 군종영상 교재 제작,2024,LCG,육군본부,2단계경쟁(동시),총액제,최저가격제,202403261100,20240326,낙찰
긴급공고,LCH0022,1,10112,***,네트워크통제실 전시체계 교체(특-24-물-8),2024,LCH,특수전사령부,제한경쟁,총액제,적격심사제,202403261030,20240326,낙찰
긴급공고,LCM0019,1,10165,***,'24년 1분기 부대계약 영내자증식 구매,2024,LCM,육군교육사령부,제한경쟁,총액제,적격심사제,202403261030,20240326,낙찰
재공고,LDC0005,2,09278,001,24년 음식물류 폐기물 처리용역(단가제),2024,LDC,육군과학화전투훈련단,제한경쟁,단가제,적격심사제,202403261030,20240326,낙찰
재공고,LDH0279,2,06207,***,발칸 신속분리식 핀 등 22종 구매,2024,LDH,육군종합정비창,제한경쟁,총액제,적격심사제,202403261300,20240326,낙찰
재공고,LDH0281,2,06229,***,발칸 어댑터조립체 구매,2024,LDH,육군종합정비창,제한경쟁,총액제,적격심사제,202403261300,20240326,유찰
재공고,LDH0285,2,06251,***,발칸 차폐장치 등 22종 구매,2024,LDH,육군종합정비창,제한경쟁,총액제,적격심사제,202403261300,20240326,낙찰
재공고,LDH0263,2,06717,***,K1전차 스위치 등 5종 구매,2024,LDH,육군종합정비창,제한경쟁,총액제,적격심사제,202403261300,20240326,유찰
재공고,LDH0267,2,06745,***,K1전차 밸브 등 2종 구매,2024,LDH,육군종합정비창,제한경쟁,총액제,적격심사제,202403261300,20240326,유찰
재공고,LDH0268,2,06748,***,K1전차 증폭기 구매,2024,LDH,육군종합정비창,제한경쟁,총액제,적격심사제,202403261300,20240326,낙찰
재공고,LDH0271,2,06758,***,K1전차 호스 등 3종 구매,2024,LDH,육군종합정비창,제한경쟁,총액제,적격심사제,202403261300,20240326,낙찰
재공고,LDH0307,2,07260,***,K21오링 등 26종 구매,2024,LDH,육군종합정비창,제한경쟁,총액제,적격심사제,202403261300,20240326,낙찰
정상공고,LDH0339,1,09323,***,24년 전반기 정비장비 예비부품 구매(통신장비류),2024,LDH,육군종합정비창,제한경쟁,총액제,적격심사제,202403261300,20240326,낙찰
정상공고,LDH0340,1,09329,***,24년 전반기 정비장비 예비부품 구매(전산소모품),2024,LDH,육군종합정비창,제한경쟁,총액제,적격심사제,202403261300,20240326,낙찰
정상공고,LDH0341,1,09533,***,발칸 전선 구매,2024,LDH,육군종합정비창,제한경쟁,총액제,적격심사제,202403261300,20240326,유찰
긴급공고,LHN0010,1,09892,***,(전기-1) 24년 00부대 전기안전관리용역,2024,LHN,제7보병사단,제한경쟁,총액제,적격심사제,202403261030,20240326,유찰
긴급공고,LNS0028,1,10103,***,24년 과학화훈련대 교전장비 유지ㆍ보수 용역,2024,LNS,제55보병사단,제한경쟁,총액제,적격심사제,202403261100,20240326,유찰
긴급공고,LNS0029,1,10105,***,24년 과학화훈련대 영상모의사격장비 유지ㆍ보수 용역,2024,LNS,제55보병사단,제한경쟁,총액제,적격심사제,202403261100,20240326,낙찰
재공고,MDG0039,2,04555,***,24년 공공의료기관 의료장비 거래실례가격 조사 용역,2024,MDG,국군의무사령부,2단계경쟁(동시),총액제,최저가격제,202403261600,20240326,유찰
긴급공고,SCF0274,1,06372,***,"밸브, 솔레노이드용 등 30종",2024,SCF,해군군수사령부,제한경쟁,총액제,적격심사제,202403261030,20240326,낙찰
긴급공고,SCF0273,1,07592,***,"(긴급) 밸브, 나비형 등 6종",2024,SCF,해군군수사령부,제한경쟁,총액제,적격심사제,202403261030,20240326,낙찰
재공고,SCF0204,2,07716,***,래커에어로졸 등 8종 구매,2024,SCF,해군군수사령부,제한경쟁,총액제,적격심사제,202403261030,20240326,순위확정
긴급공고,SCF0272,1,08620,***,(긴급) 구리양극조립체 등 62종,2024,SCF,해군군수사령부,제한경쟁,총액제,적격심사제,202403261030,20240326,유찰
긴급공고,SCF0276,1,09466,***,"(긴급)밸브,체크형 등 50종",2024,SCF,해군군수사령부,제한경쟁,총액제,적격심사제,202403261030,20240326,낙찰
긴급공고,SCF0275,1,09468,***,"(긴급)잠금장치,전자기식 등 28종",2024,SCF,해군군수사령부,제한경쟁,총액제,적격심사제,202403261030,20240326,낙찰
긴급공고,SCF0278,1,10215,***,'24년 00함대 상가대 외주정비,2024,SCF,해군군수사령부,일반경쟁,총액제,적격심사제,202403261030,20240326,유찰
긴급공고,SCI0032,1,10046,***,24-00함 실시간 상황공유체계 구축 사업,2024,SCI,제9121부대,일반경쟁,총액제,적격심사제,202403261030,20240326,낙찰
긴급공고,SFG0041,1,09942,***,24년 2차 액화석유가스 구매(소형벌크),2024,SFG,제9181부대,제한경쟁,총액제,적격심사제,202403261030,20240326,낙찰
재공고,UMM0123,2,01906,***,24-D-수료병력 전세버스 수송용역,2024,UMM,국군재정관리단,제한경쟁,총액제,적격심사제,202403261100,20240326,유찰
정상공고,UMM0249,1,02943,***,(246029-F) 나프탈렌 구매,2024,UMM,국군재정관리단,제한경쟁,총액제,적격심사제,202403261100,20240326,낙찰
재공고,UMM0149,2,03635,***,24-D-학군교 입영훈련 전세버스 수송용역,2024,UMM,국군재정관리단,제한경쟁,총액제,적격심사제,202403261100,20240326,유찰
정상공고,UMM0255,1,04110,***,(24F065-A) 유류중대 급유시설민간위탁기술검사용역,2024,UMM,국군재정관리단,일반경쟁,총액제,적격심사제,202403261100,20240326,낙찰
재공고,UMM0179,2,05232,***,(247020-E) 특수수술재료(인체조직재료 8품목) 구매,2024,UMM,국군재정관리단,제한경쟁,총액제,적격심사제,202403261100,20240326,유찰
정상공고,UMM0238,1,05574,***,24-N-유해환경근무자 특수검진 용역,2024,UMM,국군재정관리단,일반경쟁,총액제,적격심사제,202403261100,20240326,낙찰
정상공고,UMM0252,1,09581,***,24-M-브리핑체계 교체사업(리스물건),2024,UMM,국군재정관리단,일반경쟁,총액제,적격심사제,202403261100,20240326,낙찰
정상공고,EHF0002,1,0206E,***,"니켈-수소전지, 충전용(BB-96K)",2024,EHF,미래전력사업전력운영계약팀,제한경쟁,총액제,적격심사제,202403251100,20240325,낙찰
긴급공고,HDQ0023,1,09689,***,20비 24-62 싱크대 세트,2024,HDQ,제20전투비행단,일반경쟁,총액제,적격심사제,202403251030,20240325,낙찰
긴급공고,HDQ0024,1,09940,***,24-공동외곽지역 제초용역,2024,HDQ,제20전투비행단,일반경쟁,총액제,적격심사제,202403251100,20240325,낙찰
긴급공고,HDQ0025,1,09952,***,20비 24-통합간부식당 식자재(축산품),2024,HDQ,제20전투비행단,일반경쟁,총액제,적격심사제,202403251100,20240325,낙찰
정상공고,LKP0063,1,06302,001,24년 액화석유가스(LPG) 구매(광주),2024,LKP,5군수지원사령부,일반경쟁,단가제,적격심사제,202403251100,20240325,유찰
정상공고,LKP0064,1,06305,001,24년 액화석유가스(LPG) 구매(전남),2024,LKP,5군수지원사령부,일반경쟁,단가제,적격심사제,202403251100,20240325,낙찰
정상공고,LKP0065,1,06315,001,24년 액화석유가스(LPG) 구매(전북),2024,LKP,5군수지원사령부,일반경쟁,단가제,적격심사제,202403251100,20240325,낙찰
정상공고,LKP0067,1,06329,001,24년 액화석유가스(LPG) 구매(울산),2024,LKP,5군수지원사령부,일반경쟁,단가제,적격심사제,202403251100,20240325,유찰
정상공고,LKP0070,1,06344,001,24년 액화석유가스(LPG) 구매(경북),2024,LKP,5군수지원사령부,일반경쟁,단가제,적격심사제,202403251100,20240325,유찰
정상공고,LKP0072,1,06348,001,24년 액화석유가스(LPG) 구매(충남),2024,LKP,5군수지원사령부,일반경쟁,단가제,적격심사제,202403251100,20240325,유찰
정상공고,LKP0073,1,06350,001,24년 액화석유가스(LPG) 구매(충북),2024,LKP,5군수지원사령부,일반경쟁,단가제,적격심사제,202403251100,20240325,유찰
정상공고,LKP0074,1,06351,001,24년 액화석유가스(LPG) 구매(세종),2024,LKP,5군수지원사령부,일반경쟁,단가제,적격심사제,202403251100,20240325,유찰
정상공고,LKP0077,1,08289,001,24년 액화석유가스(LPG) 구매(부산),2024,LKP,5군수지원사령부,일반경쟁,단가제,적격심사제,202403251100,20240325,유찰
긴급공고,MDD0049,1,08525,***,2024년 수도병원 에너지 진단 용역 계약,2024,MDD,국군수도병원,제한경쟁,총액제,적격심사제,202403251100,20240325,낙찰
재공고,MDL0002,2,02629,***,국방조약집 제12집 용역,2024,MDL,국방부군사편찬연구소,협상에의한계약(전자),총액제,최저가격제,202403251100,20240325,유찰
긴급공고,MDS0004,1,09921,***,전반기 작전장비 정비용 부품(자재) 구매,2024,MDS,제3707부대,제한경쟁,총액제,적격심사제,202403251130,20240325,낙찰
재공고,MHD0018,2,03704,***,2024년 국제표준 및 규격(DoD 등 4개) 구독,2024,MHD,방위사업청(운영지원과),제한경쟁,총액제,적격심사제,202403251030,20240325,낙찰
긴급공고,SFC0023,1,06438,***,24-해병-AI면접체계 사업,2024,SFC,제9691부대,2단계경쟁(동시),총액제,최저가격제,202403251030,20240325,낙찰
정상공고,UMM0245,1,03776,***,24-N-청력보호헤드셋 구매,2024,UMM,국군재정관리단,제한경쟁,총액제,적격심사제,202403251100,20240325,낙찰
정상공고,UMM0244,1,07389,***,24-N-기기급수공급펌프  제조(248068-F),2024,UMM,국군재정관리단,제한경쟁,총액제,적격심사제,202403251100,20240325,낙찰
정상공고,EBB0008,1,5051A,***,호스류,2024,EBB,지상공통전력운영계약팀,제한경쟁,총액제,적격심사제,202403221100,20240322,낙찰
정상공고,EBB0009,1,8271,***,"탐지기, 감지기류",2024,EBB,지상공통전력운영계약팀,제한경쟁,총액제,적격심사제,202403221100,20240322,낙찰
긴급공고,EBB0010,1,A7784,***,24년 (T-50) 오링 등 3품목 제조,2024,EBB,지상공통전력운영계약팀,수의계약,총액제,적격심사제,202403221500,20240322,유찰
긴급공고,LCJ0014,1,07001,***,(24군책-물품005)버켓 작업공간 개선 장비 구매 설치,2024,LCJ,종합보급창,협상에의한계약(전자),총액제,최저가격제,202403221000,20240322,유찰
긴급공고,LCN0009,1,06214,***,생도식당 민간위탁급식 용역,2024,LCN,육군사관학교,협상에의한계약(전자),총액제,최저가격제,202403221000,20240322,낙찰
재공고,LDH0055,2,03005,***,120mm 전차포신 약실 검사장비 개발 연구용역,2024,LDH,육군종합정비창,2단계경쟁(동시),총액제,최저가격제,202403221300,20240322,유찰
정상공고,LDH0335,1,08043,***,(정비) 방한장갑 등 10종구매,2024,LDH,육군종합정비창,제한경쟁,총액제,적격심사제,202403221300,20240322,낙찰
정상공고,LDH0338,1,09099,***,통신 부호기 1종 구매,2024,LDH,육군종합정비창,제한경쟁,총액제,적격심사제,202403221300,20240322,유찰
정상공고,LDH0337,1,09111,***,통신 트랜지스터 등 3종 구매,2024,LDH,육군종합정비창,제한경쟁,총액제,적격심사제,202403221300,20240322,낙찰
정정공고,LGI0026,2,08954,***,'24-1차 지정폐기물 위탁처리 용역,2024,LGI,제3군수지원여단,제한경쟁,총액제,적격심사제,202403221030,20240322,유찰
긴급공고,MCD0010,1,07768,***,24년 e-MU 학위취득 지원체계 유지보수사업,2024,MCD,국방부(운영지원과),협상에의한계약(전자),총액제,최저가격제,202403221700,20240322,유찰
정상공고,MDG0079,1,06605,***,24년 의무장비(청력계 자동식 병원용) 구매,2024,MDG,국군의무사령부,제한경쟁,총액제,적격심사제,202403221100,20240322,낙찰
정상공고,MDG0082,1,06608,***,24년 의무장비(탁도계) 구매,2024,MDG,국군의무사령부,일반경쟁,총액제,적격심사제,202403221100,20240322,유찰
정상공고,MDG0083,1,06609,***,24년 의무장비(세균배양기 일반용) 구매,2024,MDG,국군의무사령부,제한경쟁,총액제,적격심사제,202403221100,20240322,낙찰
정상공고,MDG0084,1,06610,***,24년 의무장비(미생물검사기 자동식) 구매,2024,MDG,국군의무사령부,제한경쟁,총액제,적격심사제,202403221100,20240322,낙찰
정상공고,MDG0085,1,06611,***,24년 의무장비(냉찜질기) 구매,2024,MDG,국군의무사령부,제한경쟁,총액제,적격심사제,202403221100,20240322,낙찰
긴급공고,MDG0086,1,07333,***,24년 의무장비(소독물품 포장기) 구매,2024,MDG,국군의무사령부,일반경쟁,총액제,적격심사제,202403221100,20240322,낙찰
긴급공고,MDG0087,1,07865,***,24년 의무장비(파라핀수욕조) 구매,2024,MDG,국군의무사령부,제한경쟁,총액제,적격심사제,202403221100,20240322,낙찰
정상공고,MDJ0011,1,09249,***,의무장비(청력검사실/이비인후과),2024,MDJ,국군대전병원,일반경쟁,총액제,적격심사제,202403221030,20240322,낙찰
정상공고,MDJ0010,1,09250,***,의무장비(청력검사실/검진센터),2024,MDJ,국군대전병원,일반경쟁,총액제,적격심사제,202403221030,20240322,낙찰
정상공고,UMM0241,1,03690,***,24-F-오폐수처리시설 관리용역,2024,UMM,국군재정관리단,일반경쟁,총액제,적격심사제,202403221100,20240322,낙찰
긴급공고,UMM0248,1,04323,***,(246051-F) 체력단련장 코스관리용 모래 구매,2024,UMM,국군재정관리단,일반경쟁,총액제,적격심사제,202403221100,20240322,유찰
정상공고,UMM0228,1,04806,***,24-N-자동확보기 세트 등 4종 구매,2024,UMM,국군재정관리단,일반경쟁,총액제,적격심사제,202403221100,20240322,유찰
정상공고,UMM0224,1,05935,***,24-D-인쇄용지 5종 연간 구매,2024,UMM,국군재정관리단,일반경쟁,총액제,적격심사제,202403221100,20240322,낙찰
정상공고,UMM0230,1,06256,***,24-F-5갱모어 등 6종 구매(249054-F),2024,UMM,국군재정관리단,일반경쟁,총액제,적격심사제,202403221100,20240322,낙찰
정상공고,UMM0235,1,06614,***,24-F-왕복식 압축기 유니트 구매,2024,UMM,국군재정관리단,일반경쟁,총액제,적격심사제,202403221100,20240322,낙찰
정상공고,UMM0220,1,07387,***,24-F-동정압 교정장치 구매,2024,UMM,국군재정관리단,제한경쟁,총액제,적격심사제,202403221100,20240322,낙찰
정상공고,EBB0005,1,1289,***,자주포 베어링류,2024,EBB,지상공통전력운영계약팀,수의계약,총액제,적격심사제,202403211100,20240321,유찰
정상공고,EBB0006,1,5021A,***,시동기,2024,EBB,지상공통전력운영계약팀,제한경쟁,총액제,적격심사제,202403211100,20240321,낙찰
긴급공고,HCF0047,1,09153,***,"24-H-02/21 브레이크기, 박판금, 수동식등 2종",2024,HCF,공군군수사령부,제한경쟁,총액제,적격심사제,202403211030,20240321,유찰
긴급공고,HDP0005,1,02188,***,공군 제19전투비행단 병사식당 급식 민간위탁 운영,2024,HDP,공군제19전투비행단,협상에의한계약(서류),총액제,최저가격제,202403211100,20240321,낙찰
정상공고,HDQ0004,1,02818,***,공군 제20전투비행단 병사식당 민간위탁 용역,2024,HDQ,제20전투비행단,협상에의한계약(서류),총액제,최저가격제,202403211100,20240321,낙찰
긴급공고,LBA0029,1,09384,***,‘24년 부대조달 후식(음료 10품목) 구매,2024,LBA,제 2167부대,일반경쟁,총액제,적격심사제,202403211030,20240321,낙찰
긴급공고,LCF0023,1,01927,***,화물결박용 밴드 1항목 구매(물자),2024,LCF,육군군수사령부,제한경쟁,총액제,적격심사제,202403211100,20240321,낙찰
재공고,LDH0239,2,06577,***,K1전차 감지기 등 57종 구매,2024,LDH,육군종합정비창,제한경쟁,총액제,적격심사제,202403211300,20240321,유찰
재공고,LDH0238,2,06585,***,K1전차 케이블조립체 등 62종 구매,2024,LDH,육군종합정비창,제한경쟁,총액제,적격심사제,202403211300,20240321,유찰
정상공고,LDH0328,1,07956,***,(항공) UH-60 오링 등 4종 구매,2024,LDH,육군종합정비창,제한경쟁,총액제,적격심사제,202403211300,20240321,낙찰
정상공고,LDH0329,1,08006,***,(자재) 와샤 등 14종 구매,2024,LDH,육군종합정비창,제한경쟁,총액제,적격심사제,202403211300,20240321,유찰
긴급공고,LGI0028,1,09392,001,'24-2차 식자재(부식) 구매 (빵류)(수정),2024,LGI,제3군수지원여단,제한경쟁,단가제,적격심사제,202403211030,20240321,낙찰
긴급공고,LGI0029,1,09394,001,'24-2차 식자재(부식) 구매 (식육가공품류)(수정),2024,LGI,제3군수지원여단,제한경쟁,단가제,적격심사제,202403211030,20240321,낙찰
긴급공고,LGP0077,1,09450,***,24년 특장차량 외주정비용역(강원권),2024,LGP,제1군수지원사령부,제한경쟁,총액제,적격심사제,202403211100,20240321,유찰
긴급공고,LKS0029,1,08745,***,무공훈장 찾아주기 사업 홍보영상 및 음원제작 용역,2024,LKS,육군인사사령부,2단계경쟁(동시),총액제,최저가격제,202403211500,20240321,낙찰
긴급공고,LMU0016,1,09379,001,(24-급-007) `24년 부대조달 후식(음료류),2024,LMU,제7군수지원단,일반경쟁,단가제,적격심사제,202403211100,20240321,낙찰
긴급공고,MDD0042,1,08168,001,2024 특수수술재료(신경조직 3CM) 구매,2024,MDD,국군수도병원,제한경쟁,단가제,적격심사제,202403211700,20240321,유찰
긴급공고,MDD0043,1,08169,001,2024 특수수술재료(신경조직 5CM) 구매,2024,MDD,국군수도병원,제한경쟁,단가제,적격심사제,202403211700,20240321,유찰
긴급공고,MDD0044,1,08170,001,2024 특수수술재료(신경조직 7CM) 구매,2024,MDD,국군수도병원,제한경쟁,단가제,적격심사제,202403211700,20240321,유찰
긴급공고,MDK0021,1,09425,***,군 전용선 입환 책임보험,2024,MDK,국군수송사령부,일반경쟁,총액제,적격심사제,202403211100,20240321,유찰
긴급공고,SCF0270,1,04816,***,"00함 윤활유,엔진용 구매",2024,SCF,해군군수사령부,제한경쟁,총액제,적격심사제,202403211030,20240321,낙찰
긴급공고,SCF0268,1,05369,***,"합판,항공기용,평면패널용 3EA 구매",2024,SCF,해군군수사령부,제한경쟁,총액제,적격심사제,202403211030,20240321,낙찰
긴급공고,SCF0267,1,05375,***,전화교환대군 등 2종 구매,2024,SCF,해군군수사령부,제한경쟁,총액제,적격심사제,202403211030,20240321,낙찰
긴급공고,SCF0271,1,06433,***,송수화기 등 2품목 구매,2024,SCF,해군군수사령부,제한경쟁,총액제,적격심사제,202403211030,20240321,순위확정
긴급공고,SCF0269,1,07450,***,오-링 등 30종 구매,2024,SCF,해군군수사령부,제한경쟁,총액제,적격심사제,202403211030,20240321,낙찰
정상공고,SFG0037,1,08858,***,복사용지 및 제빙기 필터 세트 구매,2024,SFG,제9181부대,제한경쟁,총액제,적격심사제,202403211030,20240321,낙찰
재공고,UMM0082,2,03677,***,(24F052-A) 자동화창고 유지관리 용역,2024,UMM,국군재정관리단,일반경쟁,총액제,적격심사제,202403211100,20240321,낙찰
정상공고,UMM0143,1,04708,***,"24-F-리프트, 자동차용(4주식)구매",2024,UMM,국군재정관리단,제한경쟁,총액제,적격심사제,202403211100,20240321,낙찰
정상공고,UMM0226,1,07355,***,"24-N-펌프, 공수식 12EA 구매(248009-F)",2024,UMM,국군재정관리단,일반경쟁,총액제,적격심사제,202403211100,20240321,낙찰
긴급공고,HDF0025,1,09252,***,"24-016, 전운대대, 기타식자재",2024,HDF,공군 제8전투비행단,제한경쟁,총액제,적격심사제,202403201100,20240320,낙찰
긴급공고,HDF0026,1,09262,***,"24-016, 전운대대, 김치류",2024,HDF,공군 제8전투비행단,제한경쟁,총액제,적격심사제,202403201100,20240320,낙찰
긴급공고,HDQ0016,1,08980,***,24-POL 제초용역,2024,HDQ,제20전투비행단,일반경쟁,총액제,적격심사제,202403201030,20240320,낙찰
긴급공고,HDQ0021,1,09289,***,24-통합간부식당 식자재(김치류),2024,HDQ,제20전투비행단,일반경쟁,총액제,적격심사제,202403201100,20240320,유찰
긴급공고,LCF0021,1,08096,***,K55A1자주포 궤도 고무 제거 정비,2024,LCF,육군군수사령부,제한경쟁,총액제,적격심사제,202403201130,20240320,유찰
긴급공고,LCF0020,1,08104,***,K77장갑차 궤도 고무제거 정비,2024,LCF,육군군수사령부,제한경쟁,총액제,적격심사제,202403201130,20240320,유찰
긴급공고,LCF0019,1,08183,***,K9자주포 궤도 고무제거 정비,2024,LCF,육군군수사령부,제한경쟁,총액제,적격심사제,202403201130,20240320,유찰
긴급공고,LCM0008,1,04316,***,'24년 전투실험발전 연구 용역(1),2024,LCM,육군교육사령부,2단계경쟁(동시),총액제,최저가격제,202403201300,20240320,낙찰
긴급공고,LDC0005,1,09278,001,24년 음식물류 폐기물 처리용역(단가제),2024,LDC,육군과학화전투훈련단,제한경쟁,단가제,적격심사제,202403201030,20240320,유찰
정상공고,LDH0105,1,03837,***,K1A2 전장관리신호처리기 시험장비개발 연구용역,2024,LDH,육군종합정비창,2단계경쟁(동시),총액제,최저가격제,202403201300,20240320,유찰
정상공고,LDH0108,1,03841,***,KUH-1 엔진 시험장비 고장예측시스템 개발 연구용역,2024,LDH,육군종합정비창,2단계경쟁(동시),총액제,최저가격제,202403201300,20240320,유찰
정상공고,LDH0131,1,03935,***,KUH-1 헬기 견인장치 안전센서 개발 연구용역,2024,LDH,육군종합정비창,2단계경쟁(동시),총액제,최저가격제,202403201300,20240320,유찰
재공고,LDH0125,2,04218,***,(정비) 드릴 등 199종구매,2024,LDH,육군종합정비창,제한경쟁,총액제,적격심사제,202403201300,20240320,낙찰
정상공고,LDH0313,1,06663,***,K계열 패드정비기 외주정비 용역,2024,LDH,육군종합정비창,제한경쟁,총액제,적격심사제,202403201300,20240320,낙찰
정상공고,LDH0310,1,07500,***,K77지휘차 와셔 평면형 등 48품목 구매,2024,LDH,육군종합정비창,제한경쟁,총액제,적격심사제,202403201300,20240320,유찰
정상공고,LDH0311,1,07596,***,K77지휘차 송신기 유량용 등 29품목 구매,2024,LDH,육군종합정비창,제한경쟁,총액제,적격심사제,202403201300,20240320,유찰
정상공고,LDH0312,1,07602,***,K77지휘차 패킹너트 등 14품목 구매,2024,LDH,육군종합정비창,제한경쟁,총액제,적격심사제,202403201300,20240320,낙찰
정상공고,LDH0317,1,07641,***,K77지휘차 호스조립체 등 32품목 구매,2024,LDH,육군종합정비창,제한경쟁,총액제,적격심사제,202403201300,20240320,유찰
정상공고,LDH0318,1,07646,***,K77지휘차 표시기 등 2품목 구매,2024,LDH,육군종합정비창,제한경쟁,총액제,적격심사제,202403201300,20240320,낙찰
정상공고,LDH0319,1,07649,***,K77지휘차 회로카드조립체 구매,2024,LDH,육군종합정비창,제한경쟁,총액제,적격심사제,202403201300,20240320,낙찰
정상공고,LDH0320,1,07652,***,K77지휘차 베어링 등 4품목 구매,2024,LDH,육군종합정비창,제한경쟁,총액제,적격심사제,202403201300,20240320,낙찰
정상공고,LDH0324,1,07660,***,K77지휘차 차단패널 구매,2024,LDH,육군종합정비창,제한경쟁,총액제,적격심사제,202403201300,20240320,유찰
정상공고,LDH0325,1,07666,***,K9자주포 나사등17종 구매,2024,LDH,육군종합정비창,제한경쟁,총액제,적격심사제,202403201300,20240320,낙찰
정상공고,LDH0327,1,07687,***,K9자주포 핀등20종 구매,2024,LDH,육군종합정비창,제한경쟁,총액제,적격심사제,202403201300,20240320,낙찰
재공고,LDH0256,2,07735,***,K1전차 봉합재 등 5종 구매,2024,LDH,육군종합정비창,제한경쟁,총액제,적격심사제,202403201300,20240320,낙찰
긴급공고,LGI0027,1,09251,001,'24년 부대조달 후식(생수) 구매,2024,LGI,제3군수지원여단,일반경쟁,단가제,적격심사제,202403201030,20240320,낙찰
정정공고,LHQ0012,2,08089,***,24년 오수처리시설 방류수 수질검사 용역,2024,LHQ,제2작전사령부,일반경쟁,총액제,적격심사제,202403201030,20240320,낙찰
정정공고,LHQ0013,2,08092,***,24년 토양오염도검사 용역,2024,LHQ,제2작전사령부,일반경쟁,총액제,적격심사제,202403201030,20240320,낙찰
재공고,LKP0054,2,07068,***,'24년 통신장비 외주정비 용역(부산/경남),2024,LKP,5군수지원사령부,제한경쟁,총액제,적격심사제,202403201100,20240320,낙찰
긴급공고,LKP0078,1,09191,***,24년 2분기 부대계약부식(빵-23종) 제조/구매,2024,LKP,5군수지원사령부,일반경쟁,총액제,적격심사제,202403201030,20240320,낙찰
긴급공고,LNR0010,1,09259,***,'24년 생활폐기물 처리 용역,2024,LNR,수도기계화보병사단,제한경쟁,총액제,적격심사제,202403201100,20240320,낙찰
긴급공고,LNS0025,1,09073,***,24년 실내사격장 방호방탄 개폐장치 구매ㆍ설치,2024,LNS,제55보병사단,일반경쟁,총액제,적격심사제,202403201100,20240320,낙찰
긴급공고,MCD0009,1,07145,***,우수 상용품 시범사용 제품설명회 행사 용역,2024,MCD,국방부(운영지원과),협상에의한계약(전자),총액제,최저가격제,202403201700,20240320,유찰
정상공고,MDG0076,1,05178,***,24년 의무장비(시약 및 약품냉장고 대형) 구매,2024,MDG,국군의무사령부,제한경쟁,총액제,적격심사제,202403201100,20240320,낙찰
정상공고,MDG0075,1,05462,***,24년 의무장비(청력계 임피던스) 구매,2024,MDG,국군의무사령부,제한경쟁,총액제,적격심사제,202403201100,20240320,낙찰
정상공고,MDG0074,1,06917,***,24년 취사장 청소 용역,2024,MDG,국군의무사령부,제한경쟁,총액제,적격심사제,202403201100,20240320,낙찰
긴급공고,SCF0182,1,03607,***,'24년 함정 상가대 안전진단 용역(4개소),2024,SCF,해군군수사령부,일반경쟁,총액제,적격심사제,202403201030,20240320,유찰
정정공고,SCF0197,2,04096,***,전기로 부동액 구매,2024,SCF,해군군수사령부,제한경쟁,총액제,적격심사제,202403201030,20240320,순위확정
재공고,SCF0202,2,04260,***,PKG 아마추어 외주정비,2024,SCF,해군군수사령부,일반경쟁,총액제,적격심사제,202403201030,20240320,유찰
정정공고,SCF0211,2,04375,***,"나사, 캡식 6각 머리형 등 13품목",2024,SCF,해군군수사령부,제한경쟁,총액제,적격심사제,202403201030,20240320,낙찰
긴급공고,SCF0253,1,04544,***,OO/OO급 잠수함 무장장전 플랫폼 정비,2024,SCF,해군군수사령부,일반경쟁,총액제,적격심사제,202403201030,20240320,유찰
긴급공고,SCF0247,1,05052,***,잠수함(SS-I) 유압모터 등 3종 정비,2024,SCF,해군군수사령부,일반경쟁,총액제,적격심사제,202403201030,20240320,낙찰
긴급공고,SCF0244,1,05904,***,디스플레이 유닛 27EA 구매,2024,SCF,해군군수사령부,제한경쟁,총액제,적격심사제,202403201030,20240320,낙찰
긴급공고,SCF0248,1,05957,***,디스플레이 유닛 등 2종 구매,2024,SCF,해군군수사령부,제한경쟁,총액제,적격심사제,202403201030,20240320,낙찰
긴급공고,SCF0249,1,06349,***,"호스,비금속제 등 30종 구매",2024,SCF,해군군수사령부,제한경쟁,총액제,적격심사제,202403201030,20240320,낙찰
긴급공고,SCF0261,1,07376,***,'24년 잠수함 상가대 외주정비,2024,SCF,해군군수사령부,일반경쟁,총액제,적격심사제,202403201030,20240320,낙찰
긴급공고,SCF0259,1,07575,***,'24년 기체혼합기 정비,2024,SCF,해군군수사령부,일반경쟁,총액제,적격심사제,202403201030,20240320,순위확정
긴급공고,SCF0243,1,08282,***,"(긴급) 노즐, 연료 분사용 등 84종",2024,SCF,해군군수사령부,제한경쟁,총액제,적격심사제,202403201030,20240320,낙찰
긴급공고,SCF0245,1,08285,***,"(긴급) 등, 선박항해용 등 4종",2024,SCF,해군군수사령부,제한경쟁,총액제,적격심사제,202403201030,20240320,낙찰
긴급공고,SCF0246,1,08287,***,"(긴급) 밸브, 글로브형 등 27종",2024,SCF,해군군수사령부,제한경쟁,총액제,적격심사제,202403201030,20240320,낙찰
긴급공고,SCF0252,1,08340,***,24-보-일반폐기물(기타잡류 등 6종) 처리용역,2024,SCF,해군군수사령부,제한경쟁,총액제,적격심사제,202403201030,20240320,낙찰
긴급공고,SCF0255,1,08360,001,팥빙수(빙과류) 구매,2024,SCF,해군군수사령부,제한경쟁,단가제,적격심사제,202403201030,20240320,낙찰
긴급공고,SCF0256,1,08362,001,찹쌀떡 아이스크림 구매,2024,SCF,해군군수사령부,제한경쟁,단가제,적격심사제,202403201030,20240320,낙찰
긴급공고,SCF0258,1,08366,001,떠먹는 발효유(발효유류) 구매,2024,SCF,해군군수사령부,제한경쟁,단가제,적격심사제,202403201030,20240320,낙찰
긴급공고,SCF0260,1,08373,001,마시는 발효유(발효유류) 구매,2024,SCF,해군군수사령부,제한경쟁,단가제,적격심사제,202403201030,20240320,낙찰
긴급공고,SCF0262,1,08378,001,짜먹는 발효유(발효유류) 구매,2024,SCF,해군군수사령부,제한경쟁,단가제,적격심사제,202403201030,20240320,낙찰
긴급공고,SCF0263,1,08387,001,떠먹는 토핑형 발효유(발효유류) 구매,2024,SCF,해군군수사령부,제한경쟁,단가제,적격심사제,202403201030,20240320,낙찰
긴급공고,SCF0264,1,08389,001,과일푸딩(캔디류) 구매,2024,SCF,해군군수사령부,제한경쟁,단가제,적격심사제,202403201030,20240320,낙찰
긴급공고,SCF0265,1,08393,001,"워터젤리(과채음료, 혼합음료, 캔디류) 구매",2024,SCF,해군군수사령부,제한경쟁,단가제,적격심사제,202403201030,20240320,낙찰
정정공고,SCF0266,2,08403,001,초콜릿(초콜릿 가공품류) 구매,2024,SCF,해군군수사령부,제한경쟁,단가제,적격심사제,202403201030,20240320,낙찰
긴급공고,SCF0257,1,08540,***,"(긴급)스위치 유닛,전력전달용 등 10종",2024,SCF,해군군수사령부,제한경쟁,총액제,적격심사제,202403201030,20240320,낙찰
긴급공고,SFG0039,1,09070,***,24-K-이동식 화장실 임차 용역,2024,SFG,제9181부대,제한경쟁,총액제,적격심사제,202403201030,20240320,낙찰
긴급공고,SFN0024,1,09271,***,"24-Y-부대조달부식(면류, 빵류, 식육, 어육) 구매납품",2024,SFN,연평부대,일반경쟁,총액제,적격심사제,202403201030,20240320,낙찰
정상공고,UAC0008,1,07723,***,인쇄재료 80종 수시 구매,2024,UAC,국방출판지원단,제한경쟁,총액제,적격심사제,202403201100,20240320,낙찰
정상공고,UMM0207,1,02278,***,24-M-교육훈련장 예초용역,2024,UMM,국군재정관리단,제한경쟁,총액제,적격심사제,202403201100,20240320,낙찰
정상공고,UMM0227,1,02561,***,(24F041-A) 식자재 민간위탁 배송용역,2024,UMM,국군재정관리단,일반경쟁,총액제,적격심사제,202403201100,20240320,낙찰
정상공고,UMM0210,1,03252,***,"24-N-구명구, 조끼형(MK-15W)구매",2024,UMM,국군재정관리단,제한경쟁,총액제,적격심사제,202403201100,20240320,낙찰
정상공고,UMM0218,1,03674,***,(24F055-A) 일반폐기물 처리 용역,2024,UMM,국군재정관리단,일반경쟁,총액제,적격심사제,202403201100,20240320,낙찰
정상공고,UMM0204,1,03814,***,24-N-트랙터형 제초기 구매,2024,UMM,국군재정관리단,일반경쟁,총액제,적격심사제,202403201100,20240320,낙찰
정상공고,UMM0225,1,04074,***,24-D-SALS-K 탄약 수송용역,2024,UMM,국군재정관리단,일반경쟁,총액제,적격심사제,202403201100,20240320,낙찰
정상공고,UMM0219,1,04661,***,24-N-중앙복지시설 보장성 보험,2024,UMM,국군재정관리단,일반경쟁,총액제,적격심사제,202403201100,20240320,유찰
정상공고,UMM0203,1,04665,***,24-N-선박강습사다리용 세트 등 2종 구매,2024,UMM,국군재정관리단,일반경쟁,총액제,적격심사제,202403201100,20240320,낙찰
정상공고,UMM0209,1,04739,***,24-N-해군 체력단련장 비료 구매,2024,UMM,국군재정관리단,제한경쟁,총액제,적격심사제,202403201100,20240320,낙찰
정상공고,UMM0212,1,05156,***,"24-F-시험세트,응답기 세트용 구매",2024,UMM,국군재정관리단,일반경쟁,총액제,적격심사제,202403201100,20240320,낙찰
정상공고,UMM0231,1,05774,***,(247024-E) 방사선장비운영소모품 14품목 구매,2024,UMM,국군재정관리단,제한경쟁,총액제,적격심사제,202403201100,20240320,낙찰
정상공고,UMM0234,1,06252,***,(246081-C) 하계 대테러복 등 6종 제조,2024,UMM,국군재정관리단,제한경쟁,총액제,적격심사제,202403201100,20240320,낙찰
정상공고,UMM0232,1,06319,***,(247062-E) 수술재료(6) 2종 구매,2024,UMM,국군재정관리단,제한경쟁,총액제,적격심사제,202403201100,20240320,낙찰
정상공고,UMM0202,1,06418,***,24-D-체력단련장 경기도우미 피복 제조,2024,UMM,국군재정관리단,제한경쟁,총액제,적격심사제,202403201100,20240320,낙찰
정상공고,UMM0233,1,08502,***,24-N-영구보존기록물 DB 구축,2024,UMM,국군재정관리단,제한경쟁,총액제,적격심사제,202403201100,20240320,낙찰
정상공고,EBB0001,1,0003,***,24년 수입봉류,2024,EBB,지상공통전력운영계약팀,제한경쟁,총액제,적격심사제,202403191430,20240319,낙찰
정상공고,EBB0002,1,1031,***,24년 격발장치부품류,2024,EBB,지상공통전력운영계약팀,일반경쟁,총액제,적격심사제,202403191430,20240319,낙찰
정상공고,EBB0003,1,2330,***,"기어조립체,감속기용(자주포류)",2024,EBB,지상공통전력운영계약팀,제한경쟁,총액제,적격심사제,202403191100,20240319,낙찰
정상공고,EBB0004,1,5345,***,10.5밀리 고무탄(KA35),2024,EBB,지상공통전력운영계약팀,수의계약,총액제,적격심사제,202403191100,20240319,유찰
긴급공고,HCF0043,1,07505,***,'24~'25 E-737 지상지원체계 유지보수,2024,HCF,공군군수사령부,제한경쟁,총액제,적격심사제,202403191030,20240319,낙찰
긴급공고,HCF0041,1,08014,***,[60전대] 2.5인치 노즐 등 95종 구매,2024,HCF,공군군수사령부,제한경쟁,총액제,적격심사제,202403191030,20240319,낙찰
긴급공고,HCF0042,1,08840,***,시동용 발전기 수리부속 외주정비,2024,HCF,공군군수사령부,제한경쟁,총액제,적격심사제,202403191030,20240319,낙찰
긴급공고,HCF0044,1,08894,***,인명구조화 구매,2024,HCF,공군군수사령부,제한경쟁,총액제,적격심사제,202403191030,20240319,낙찰
긴급공고,HCF0045,1,08903,***,취사용 앞치마 제조,2024,HCF,공군군수사령부,제한경쟁,총액제,적격심사제,202403191030,20240319,낙찰
긴급공고,HCF0046,1,08983,***,고도경보기 구매,2024,HCF,공군군수사령부,제한경쟁,총액제,적격심사제,202403191030,20240319,낙찰
긴급공고,HCS0005,1,08727,***,'24년 사천기지 일반지역 제초,2024,HCS,제3훈련비행단,제한경쟁,총액제,적격심사제,202403191100,20240319,낙찰
긴급공고,HDP0012,1,08671,***,'24년 라인지역 제초 유지관리 용역,2024,HDP,공군제19전투비행단,제한경쟁,총액제,적격심사제,202403191100,20240319,낙찰
긴급공고,HDS0003,1,08298,***,미-24-제초관리용역1(대천),2024,HDS,공군미사일방어사령부,제한경쟁,총액제,적격심사제,202403191100,20240319,낙찰
긴급공고,HDS0004,1,08303,***,미-24-제초관리용역2(진천),2024,HDS,공군미사일방어사령부,제한경쟁,총액제,적격심사제,202403191100,20240319,낙찰
긴급공고,LBA0027,1,07873,***,'24년 생수 구매,2024,LBA,제 2167부대,일반경쟁,총액제,적격심사제,202403191030,20240319,낙찰
긴급공고,LBA0028,1,08553,***,‘24년 부대조달 후식(바나나) 구매,2024,LBA,제 2167부대,제한경쟁,총액제,적격심사제,202403191030,20240319,낙찰
긴급공고,LCG0020,1,05428,***,[24-육-33] 군사경찰 피복(헬멧 등 2종) 제조,2024,LCG,육군본부,제한경쟁,총액제,적격심사제,202403191100,20240319,낙찰
긴급공고,LCG0021,1,05430,***,[24-육-38] 군사경찰 피복(행사 전투화 등 3종) 제조,2024,LCG,육군본부,제한경쟁,총액제,적격심사제,202403191100,20240319,낙찰
재공고,LCM0012,3,05932,***,'24년 4~6월 부대계약 부식 제조(면류),2024,LCM,육군교육사령부,제한경쟁,총액제,적격심사제,202403191030,20240319,유찰
긴급공고,LCM0016,1,08568,***,'24년 군견(작전견) 사료 구매,2024,LCM,육군교육사령부,제한경쟁,총액제,적격심사제,202403191030,20240319,낙찰
재공고,LDH0150,2,04397,***,통신장비 트랜지스터 1종 구매,2024,LDH,육군종합정비창,제한경쟁,총액제,적격심사제,202403191300,20240319,낙찰
재공고,LDH0203,2,04934,***,(항공) UH-60 큐션 등 2종 구매,2024,LDH,육군종합정비창,제한경쟁,총액제,적격심사제,202403191300,20240319,유찰
정상공고,LDH0273,1,06178,***,발칸 계전기 구매,2024,LDH,육군종합정비창,제한경쟁,총액제,적격심사제,202403191300,20240319,낙찰
정상공고,LDH0274,1,06191,***,발칸 링 등 21종 구매,2024,LDH,육군종합정비창,제한경쟁,총액제,적격심사제,202403191300,20240319,유찰
정상공고,LDH0275,1,06195,***,발칸 베어링 등 7종 구매,2024,LDH,육군종합정비창,제한경쟁,총액제,적격심사제,202403191300,20240319,낙찰
정상공고,LDH0276,1,06197,***,발칸 손잡이 등 23종 구매,2024,LDH,육군종합정비창,제한경쟁,총액제,적격심사제,202403191300,20240319,유찰
정상공고,LDH0277,1,06199,***,발칸 수리킷트 등 13종 구매,2024,LDH,육군종합정비창,제한경쟁,총액제,적격심사제,202403191300,20240319,유찰
정상공고,LDH0278,1,06203,***,발칸 시일 등 16종 구매,2024,LDH,육군종합정비창,제한경쟁,총액제,적격심사제,202403191300,20240319,유찰
정상공고,LDH0279,1,06207,***,발칸 신속분리식 핀 등 22종 구매,2024,LDH,육군종합정비창,제한경쟁,총액제,적격심사제,202403191300,20240319,유찰
정상공고,LDH0280,1,06210,***,발칸 심봉세트 구매,2024,LDH,육군종합정비창,제한경쟁,총액제,적격심사제,202403191300,20240319,낙찰
정상공고,LDH0282,1,06234,***,발칸 장기조립체 구매,2024,LDH,육군종합정비창,제한경쟁,총액제,적격심사제,202403191300,20240319,낙찰
정상공고,LDH0285,1,06251,***,발칸 차폐장치 등 22종 구매,2024,LDH,육군종합정비창,제한경쟁,총액제,적격심사제,202403191300,20240319,유찰
정상공고,LDH0286,1,06254,***,발칸 케이스 구매,2024,LDH,육군종합정비창,제한경쟁,총액제,적격심사제,202403191300,20240319,낙찰
정상공고,LDH0287,1,06259,***,발칸 판조립체 등 35종 구매,2024,LDH,육군종합정비창,제한경쟁,총액제,적격심사제,202403191300,20240319,유찰
정상공고,LDH0264,1,06719,***,K1전차 오링 등 45종 구매,2024,LDH,육군종합정비창,제한경쟁,총액제,적격심사제,202403191300,20240319,유찰
정상공고,LDH0266,1,06740,***,K1전차 볼트 등 2종 구매,2024,LDH,육군종합정비창,제한경쟁,총액제,적격심사제,202403191300,20240319,낙찰
정상공고,LDH0268,1,06748,***,K1전차 증폭기 구매,2024,LDH,육군종합정비창,제한경쟁,총액제,적격심사제,202403191300,20240319,유찰
정상공고,LDH0270,1,06756,***,K1전차 코드조립체 등 4종 구매,2024,LDH,육군종합정비창,제한경쟁,총액제,적격심사제,202403191300,20240319,낙찰
정상공고,LDH0271,1,06758,***,K1전차 호스 등 3종 구매,2024,LDH,육군종합정비창,제한경쟁,총액제,적격심사제,202403191300,20240319,유찰
정상공고,LDH0291,1,06906,***,(기동) 튜브 등 5종 구매,2024,LDH,육군종합정비창,제한경쟁,총액제,적격심사제,202403191300,20240319,유찰
정상공고,LDH0304,1,07253,***,"K21 와셔,스프링 등 35종 구매",2024,LDH,육군종합정비창,제한경쟁,총액제,적격심사제,202403191300,20240319,낙찰
정상공고,LDH0306,1,07257,***,"K21 집적회로,디지털형 등 42종 구매",2024,LDH,육군종합정비창,제한경쟁,총액제,적격심사제,202403191300,20240319,유찰
정상공고,LDH0307,1,07260,***,K21오링 등 26종 구매,2024,LDH,육군종합정비창,제한경쟁,총액제,적격심사제,202403191300,20240319,유찰
정상공고,LDH0308,1,07262,***,"K21 파이프,금속제 등 12종 구매",2024,LDH,육군종합정비창,제한경쟁,총액제,적격심사제,202403191300,20240319,낙찰
정상공고,LDH0309,1,07264,***,"K21 베어링,롤러식 등 3종 구매",2024,LDH,육군종합정비창,제한경쟁,총액제,적격심사제,202403191300,20240319,순위확정
정상공고,LDH0290,1,07308,***,(정비) 안전밸트 구매,2024,LDH,육군종합정비창,제한경쟁,총액제,적격심사제,202403191300,20240319,낙찰
정상공고,LDH0292,1,07394,***,K200 개스킷 등  11종 구매,2024,LDH,육군종합정비창,제한경쟁,총액제,적격심사제,202403191300,20240319,유찰
정상공고,LDH0294,1,07400,***,"K200 나사,캡식,6각 머리형 등 16종 구매",2024,LDH,육군종합정비창,제한경쟁,총액제,적격심사제,202403191300,20240319,낙찰
정상공고,LDH0297,1,07406,***,"K200 디스크,클러치,차량용 등 12종 구매",2024,LDH,육군종합정비창,제한경쟁,총액제,적격심사제,202403191300,20240319,낙찰
정상공고,LDH0298,1,07409,***,"K200 너트,풀림방지식 등 24종 구매",2024,LDH,육군종합정비창,제한경쟁,총액제,적격심사제,202403191300,20240319,낙찰
정정공고,LFH0005,3,08459,001,"'24년 기초훈련장병 증식(흰우유와 초코,딸기우유)",2024,LFH,육군부사관학교,제한경쟁,단가제,적격심사제,202403191100,20240319,유찰
긴급공고,LGM0008,1,08929,***,기갑수색대대 전차장갑차조종훈련장 관급자재(레미콘),2024,LGM,제11기동사단,일반경쟁,총액제,최저가격제,202403191100,20240319,유찰
긴급공고,LMU0012,1,07822,001,(24-급-008) `24년 부대조달 후식(발효유류),2024,LMU,제7군수지원단,일반경쟁,단가제,적격심사제,202403191100,20240319,낙찰
긴급공고,LMU0013,1,07823,001,(24-급-009) 24년 부대조달 후식(판형 초콜릿 등 6종),2024,LMU,제7군수지원단,일반경쟁,단가제,적격심사제,202403191100,20240319,낙찰
긴급공고,LMU0014,1,07824,001,(24-급-010) `24년 부대조달 후식(마카롱 등 2종),2024,LMU,제7군수지원단,제한경쟁,단가제,적격심사제,202403191100,20240319,유찰
긴급공고,LMU0010,1,08120,001,(24-급-006) `24년 부대조달 후식(빙과류),2024,LMU,제7군수지원단,일반경쟁,단가제,적격심사제,202403191100,20240319,낙찰
긴급공고,LNR0009,1,08751,***,'24년 정수기 임차용역,2024,LNR,수도기계화보병사단,제한경쟁,총액제,적격심사제,202403191100,20240319,낙찰
긴급공고,LNS0023,1,08952,***,24년 과학화훈련대 영상모의사격장비 유지ㆍ보수 용역,2024,LNS,제55보병사단,제한경쟁,총액제,적격심사제,202403191100,20240319,유찰
정정공고,MCD0008,2,06452,***,24년 상반기 모범군무원 격려 국내시찰,2024,MCD,국방부(운영지원과),협상에의한계약(전자),총액제,최저가격제,202403191700,20240319,유찰
긴급공고,MDG0077,1,06907,***,24년 의무장비(지속적 피동운동기) 구매,2024,MDG,국군의무사령부,제한경쟁,총액제,적격심사제,202403191100,20240319,낙찰
긴급공고,MDG0078,1,06915,***,24년 의무장비(테이블 추나요법용) 구매,2024,MDG,국군의무사령부,제한경쟁,총액제,적격심사제,202403191100,20240319,낙찰
재공고,MHD0012,2,03092,***,2024년 바세나르체제 군용물자목록 개정소요 연구,2024,MHD,방위사업청(운영지원과),협상에의한계약(전자),총액제,최저가격제,202403191500,20240319,낙찰
긴급공고,MHD0025,1,07693,***,함정적기전력화를 위한 시운전제도 개선방안 연구,2024,MHD,방위사업청(운영지원과),협상에의한계약(전자),총액제,최저가격제,202403191500,20240319,낙찰
긴급공고,NIT0003,1,08385,***,24년 수사장비 유지보수 용역,2024,NIT,국방부조사본부,제한경쟁,총액제,적격심사제,202403191030,20240319,낙찰
재공고,SCF0170,2,03420,***,K급 소화기 51EA 제조,2024,SCF,해군군수사령부,제한경쟁,총액제,적격심사제,202403191030,20240319,유찰
정정공고,SCF0200,2,04098,***,모래주머니 1종,2024,SCF,해군군수사령부,제한경쟁,총액제,적격심사제,202403191030,20240319,순위확정
긴급공고,SCF0213,1,04158,***,워커리프트트럭 1SET 구매,2024,SCF,해군군수사령부,제한경쟁,총액제,적격심사제,202403191030,20240319,순위확정
긴급공고,SCF0224,1,04642,***,독서대 등 255종 구매,2024,SCF,해군군수사령부,제한경쟁,총액제,적격심사제,202403191030,20240319,낙찰
긴급공고,SCF0223,1,04814,***,00함 엔진 윤활유 구매,2024,SCF,해군군수사령부,제한경쟁,총액제,적격심사제,202403191030,20240319,낙찰
긴급공고,SCF0216,1,04843,***,그로밋 등 4품목 구매,2024,SCF,해군군수사령부,제한경쟁,총액제,적격심사제,202403191030,20240319,낙찰
긴급공고,SCF0217,1,04852,***,고무판 등 7품목 구매,2024,SCF,해군군수사령부,제한경쟁,총액제,적격심사제,202403191030,20240319,유찰
긴급공고,SCF0218,1,05593,***,"펌프, 윤활유 이송용 1종 구매",2024,SCF,해군군수사령부,제한경쟁,총액제,적격심사제,202403191030,20240319,유찰
긴급공고,SCF0227,1,07554,***,회전자 조립체 구매,2024,SCF,해군군수사령부,제한경쟁,총액제,적격심사제,202403191030,20240319,낙찰
긴급공고,SCF0221,1,07589,***,"(긴급) 파이프, 배기용 등 2종",2024,SCF,해군군수사령부,제한경쟁,총액제,적격심사제,202403191030,20240319,낙찰
긴급공고,SCF0220,1,07595,***,"(긴급) 감지소자, 화재탐지장치용 등 70종",2024,SCF,해군군수사령부,제한경쟁,총액제,적격심사제,202403191030,20240319,낙찰
긴급공고,SCF0222,1,07603,***,"(긴급) 밸브 판, 압축기용 등 95종",2024,SCF,해군군수사령부,제한경쟁,총액제,적격심사제,202403191030,20240319,낙찰
긴급공고,SCF0219,1,07712,***,"(긴급) 밸브, 안전릴리프형 등 39종",2024,SCF,해군군수사령부,제한경쟁,총액제,적격심사제,202403191030,20240319,낙찰
긴급공고,SCF0225,1,07833,***,"(긴급)공기분배기,시동기용 등 48종",2024,SCF,해군군수사령부,제한경쟁,총액제,적격심사제,202403191030,20240319,낙찰
긴급공고,SCF0226,1,07834,***,"(긴급)노즐,연료 분사용 등 4종",2024,SCF,해군군수사령부,제한경쟁,총액제,적격심사제,202403191030,20240319,낙찰
긴급공고,SCF0242,1,07837,***,(긴급)엑츄에이터 1.19 1종,2024,SCF,해군군수사령부,제한경쟁,총액제,적격심사제,202403191030,20240319,유찰
긴급공고,SCF0240,1,07925,***,"(긴급)휠, 연마용 등 22종",2024,SCF,해군군수사령부,제한경쟁,총액제,적격심사제,202403191300,20240319,낙찰
긴급공고,SCF0239,1,07945,***,"(긴급)힌지, 버트형 등 41종",2024,SCF,해군군수사령부,제한경쟁,총액제,적격심사제,202403191300,20240319,낙찰
긴급공고,SCF0232,1,07955,001,이온음료(혼합음료류) 구매,2024,SCF,해군군수사령부,제한경쟁,단가제,적격심사제,202403191030,20240319,낙찰
긴급공고,SCF0233,1,07960,001,콜라(탄산음료류) 구매,2024,SCF,해군군수사령부,제한경쟁,단가제,적격심사제,202403191030,20240319,낙찰
정정공고,SCF0234,2,07967,001,과일탄산(탄산음료류) 구매,2024,SCF,해군군수사령부,제한경쟁,단가제,적격심사제,202403191030,20240319,낙찰
긴급공고,SCF0230,1,07972,001,콘형 아이스크림 구매,2024,SCF,해군군수사령부,제한경쟁,단가제,적격심사제,202403191030,20240319,낙찰
긴급공고,SCF0229,1,07974,001,컵형 아이스크림 구매,2024,SCF,해군군수사령부,제한경쟁,단가제,적격심사제,202403191030,20240319,낙찰
긴급공고,SCF0231,1,07978,001,과채주스 구매,2024,SCF,해군군수사령부,제한경쟁,단가제,적격심사제,202403191030,20240319,낙찰
긴급공고,SCF0228,1,07984,001,팩형 아이스크림 구매,2024,SCF,해군군수사령부,제한경쟁,단가제,적격심사제,202403191030,20240319,낙찰
긴급공고,SCF0235,1,07994,001,샌드형 아이스크림 구매,2024,SCF,해군군수사령부,제한경쟁,단가제,적격심사제,202403191030,20240319,낙찰
재공고,SCR0020,2,05660,***,전자식 체중계 등 3종 구매,2024,SCR,해군제3함대사령부,제한경쟁,총액제,적격심사제,202403191030,20240319,순위확정
정상공고,SFG0035,1,08365,***,목재류 구매,2024,SFG,제9181부대,제한경쟁,총액제,적격심사제,202403191030,20240319,낙찰
긴급공고,SFN0022,1,08967,***,전선 등 396종 구매 납품,2024,SFN,연평부대,일반경쟁,총액제,적격심사제,202403191030,20240319,낙찰
긴급공고,UMM0237,1,03049,***,(24F040-I) 24년 식자재 민간위탁 배송용역(00급양대),2024,UMM,국군재정관리단,일반경쟁,총액제,적격심사제,202403191100,20240319,유찰
긴급공고,UMM0240,1,03815,***,(247056-C) 24년 유해발굴사업 피복류 제조,2024,UMM,국군재정관리단,제한경쟁,총액제,적격심사제,202403191100,20240319,낙찰
정상공고,UMM0213,1,04112,***,24-M-화상회의체계 교체(리스물건),2024,UMM,국군재정관리단,일반경쟁,총액제,적격심사제,202403191100,20240319,낙찰
정상공고,UMM0199,1,04228,***,24-F-형광투시검사 유니트 제조(249023-F),2024,UMM,국군재정관리단,제한경쟁,총액제,적격심사제,202403191100,20240319,낙찰
정상공고,UMM0215,1,04549,***,(246074-D)형광우의 등 2종 제조,2024,UMM,국군재정관리단,제한경쟁,총액제,적격심사제,202403191100,20240319,낙찰
정상공고,UMM0208,1,05194,***,24-N-보어스코프 시각검사장비 구매,2024,UMM,국군재정관리단,제한경쟁,총액제,적격심사제,202403191100,20240319,낙찰
긴급공고,UMM0239,1,06582,***,(247111-C) 발굴부대 피복(상의) 제조,2024,UMM,국군재정관리단,제한경쟁,총액제,적격심사제,202403191100,20240319,낙찰
정상공고,UMM0196,1,06668,***,24-N-IC검사기 구매(248064-F),2024,UMM,국군재정관리단,일반경쟁,총액제,적격심사제,202403191100,20240319,낙찰
정상공고,UMM0214,1,07120,***,(247121-C) 수술재료2 3종 구매,2024,UMM,국군재정관리단,제한경쟁,총액제,적격심사제,202403191100,20240319,낙찰
긴급공고,UMM0217,1,08384,***,(24G004-H)24년 전산장비 유지보수 용역,2024,UMM,국군재정관리단,제한경쟁,총액제,적격심사제,202403191100,20240319,낙찰
긴급공고,HDQ0015,1,08199,***,24-활주로 제초용역,2024,HDQ,제20전투비행단,일반경쟁,총액제,적격심사제,202403181100,20240318,낙찰
정상공고,LDH0096,1,03175,***,무전기 전면판 회로카드 시험장비 개발 연구용역,2024,LDH,육군종합정비창,2단계경쟁(동시),총액제,최저가격제,202403181300,20240318,유찰
정상공고,LDH0095,1,03395,***,K21장갑차 전자모듈조립체 정비기술개발 연구용역,2024,LDH,육군종합정비창,2단계경쟁(동시),총액제,최저가격제,202403181300,20240318,유찰
정상공고,MDD0041,1,08075,***,2024 환자치료식재료(특수영양식품) 구매,2024,MDD,국군수도병원,제한경쟁,총액제,적격심사제,202403181100,20240318,낙찰
정상공고,MDJ0008,1,08053,***,의무장비(운동부하심전도계),2024,MDJ,국군대전병원,일반경쟁,총액제,적격심사제,202403181030,20240318,유찰
정상공고,MDJ0005,1,08056,***,의무장비(원심분리기 대형),2024,MDJ,국군대전병원,일반경쟁,총액제,적격심사제,202403181030,20240318,낙찰
재공고,MHD0015,2,04069,***,KJCCS 경미한 성능개량 사업 비용분석,2024,MHD,방위사업청(운영지원과),협상에의한계약(전자),총액제,최저가격제,202403181500,20240318,낙찰
정정공고,UMM0166,2,02702,***,24-D-자운대지역 방제용역,2024,UMM,국군재정관리단,제한경쟁,총액제,적격심사제,202403181100,20240318,낙찰
정상공고,UMM0194,1,03015,***,24-N-00창 예초용역,2024,UMM,국군재정관리단,제한경쟁,총액제,적격심사제,202403181100,20240318,낙찰
정상공고,UMM0200,1,03415,***,24-F-중요기록물 DB 구축,2024,UMM,국군재정관리단,제한경쟁,총액제,적격심사제,202403181100,20240318,낙찰
정정공고,UMM0158,3,03783,***,24-M-조경관리 용역,2024,UMM,국군재정관리단,제한경쟁,총액제,적격심사제,202403181100,20240318,낙찰
정상공고,UMM0188,1,03811,***,24~28-D-업무용 차량 임차 용역,2024,UMM,국군재정관리단,일반경쟁,총액제,적격심사제,202403181100,20240318,낙찰
정상공고,UMM0195,1,05189,***,24-N-육로화물 민간 수송 용역,2024,UMM,국군재정관리단,제한경쟁,총액제,적격심사제,202403181100,20240318,낙찰
정정공고,UMM0156,5,05225,***,24-N-해상방책선 연결체인 구매,2024,UMM,국군재정관리단,제한경쟁,총액제,적격심사제,202403181100,20240318,낙찰
정상공고,LDH0252,1,06029,***,24-2차 정비용 장비 부품구매,2024,LDH,육군종합정비창,제한경쟁,총액제,적격심사제,202403151300,20240315,낙찰
정상공고,LDH0253,1,06030,***,24-3차 정비용 장비 부품구매,2024,LDH,육군종합정비창,제한경쟁,총액제,적격심사제,202403151300,20240315,낙찰
긴급공고,LGI0012,1,06129,001,'24-2차 식자재(부식) 구매 -고성지역-,2024,LGI,제3군수지원여단,2단계경쟁(동시),단가제,최저가격제,202403151030,20240315,낙찰
긴급공고,LGI0013,1,06130,001,'24-2차 식자재(부식) 구매 -양구지역-,2024,LGI,제3군수지원여단,2단계경쟁(동시),단가제,최저가격제,202403151030,20240315,낙찰
긴급공고,LGI0014,1,06131,001,'24-2차 식자재(부식) 구매 -인제지역-,2024,LGI,제3군수지원여단,2단계경쟁(동시),단가제,최저가격제,202403151030,20240315,낙찰
긴급공고,LGI0015,1,06132,001,'24-2차 식자재(부식) 구매 -신남ㆍ강릉지역-,2024,LGI,제3군수지원여단,2단계경쟁(동시),단가제,최저가격제,202403151030,20240315,낙찰
정상공고,LHG0006,1,07835,***,(용-009)'24년 취사장 관리 용역,2024,LHG,제1862부대,제한경쟁,총액제,적격심사제,202403151030,20240315,낙찰
정상공고,LKP0061,1,07667,***,'24년 일반장비 외주정비 용역(대전/충남·북/세종),2024,LKP,5군수지원사령부,제한경쟁,총액제,적격심사제,202403151100,20240315,유찰
재공고,MDG0055,2,06594,001,LPG(경기) 구매,2024,MDG,국군의무사령부,제한경쟁,단가제,적격심사제,202403151100,20240315,낙찰
정상공고,SFG0032,1,07763,***,후방카메라 구매 설치,2024,SFG,제9181부대,제한경쟁,총액제,적격심사제,202403151030,20240315,낙찰
정상공고,UMM0187,1,03643,***,(24F004-G) 24년 항공전술 시뮬레이터 유지보수용역,2024,UMM,국군재정관리단,제한경쟁,총액제,적격심사제,202403151100,20240315,낙찰
정상공고,UMM0189,1,03713,***,(246052-C) 체력단련장 코스관리용 농약 구매,2024,UMM,국군재정관리단,일반경쟁,총액제,적격심사제,202403151100,20240315,낙찰
정상공고,UMM0193,1,03870,***,24-N-근속 30주년 기념휘장 등  제조(248030-F),2024,UMM,국군재정관리단,제한경쟁,총액제,적격심사제,202403151100,20240315,낙찰
정상공고,UMM0186,1,03957,***,(246035-D)레이저 가공기 등 4종 구매,2024,UMM,국군재정관리단,일반경쟁,총액제,적격심사제,202403151100,20240315,낙찰
정상공고,UMM0191,1,07626,***,24-F-근속 30주년 기념 휘장 등 3종 제조,2024,UMM,국군재정관리단,제한경쟁,총액제,적격심사제,202403151100,20240315,낙찰
긴급공고,HCF0040,1,07030,***,[60전대] 크랭크축 등 60종,2024,HCF,공군군수사령부,제한경쟁,총액제,적격심사제,202403141030,20240314,낙찰
긴급공고,HCF0036,1,07702,***,타월렛트 구매,2024,HCF,공군군수사령부,제한경쟁,총액제,적격심사제,202403141030,20240314,낙찰
긴급공고,HCL0020,1,07971,***,'24년 간부식당 식자재(항공우주의료원),2024,HCL,공군사관학교,제한경쟁,총액제,적격심사제,202403141030,20240314,낙찰
긴급공고,HCM0019,1,07918,***,24-02-056 와전류검사기 1품목 구매,2024,HCM,공군교육사령부,제한경쟁,총액제,적격심사제,202403141030,20240314,낙찰
긴급공고,HCS0004,1,06408,***,'24년 KT-1 기관 시운전장비 유지보수,2024,HCS,제3훈련비행단,2단계경쟁(동시),총액제,최저가격제,202403141030,20240314,유찰
긴급공고,HDG0003,1,07428,***,'24년 병사식당 급식류 식자재 연간계약,2024,HDG,공군제10전투비행단,제한경쟁,총액제,적격심사제,202403141100,20240314,낙찰
긴급공고,LCM0003,1,04215,***,'24년 전투발전 연구 용역(1),2024,LCM,육군교육사령부,2단계경쟁(동시),총액제,최저가격제,202403141300,20240314,낙찰
재공고,LDH0226,2,06734,***,"(화공) 아세틸렌,공업용 등 1종 구매",2024,LDH,육군종합정비창,제한경쟁,총액제,적격심사제,202403141300,20240314,유찰
재공고,LGP0061,2,04743,***,24년 표준 및 상용차량 외주정비용역(강원),2024,LGP,제1군수지원사령부,제한경쟁,총액제,적격심사제,202403141100,20240314,낙찰
재공고,LGP0056,2,04746,***,"24년 유조,급수,살수차 외주정비용역(강원)",2024,LGP,제1군수지원사령부,제한경쟁,총액제,적격심사제,202403141100,20240314,유찰
긴급공고,LHK0012,1,08032,***,24년 주거시설 청소 및 감독관 차량 임차용역,2024,LHK,제2군단,일반경쟁,총액제,적격심사제,202403141030,20240314,유찰
긴급공고,LHM0021,1,07803,***,24년 취사피복 제조(하/동계 취사피복),2024,LHM,제15보병사단,일반경쟁,총액제,적격심사제,202403141100,20240314,낙찰
긴급공고,LKP0075,1,07949,***,24년 2분기 부대계약(빵류-8종) 제조/구매,2024,LKP,5군수지원사령부,제한경쟁,총액제,적격심사제,202403141030,20240314,낙찰
정상공고,LKQ0002,1,05019,***,조종사 피로도와 안전비행의 상관관계 분석 연구용역,2024,LKQ,육군항공학교,2단계경쟁(동시),총액제,최저가격제,202403141100,20240314,유찰
긴급공고,LMU0009,1,07674,001,(24-급-005) '24-2차 부대계약 식자재(빵류) 계약,2024,LMU,제7군수지원단,일반경쟁,단가제,적격심사제,202403141100,20240314,낙찰
정상공고,LPC0005,1,07075,***,24년 전기안전관리 대행 용역,2024,LPC,제25보병사단,제한경쟁,총액제,적격심사제,202403141030,20240314,낙찰
긴급공고,MHP0009,1,06746,***,소관/수습물자 구매,2024,MHP,국방부유해발굴감식단,제한경쟁,총액제,적격심사제,202403141100,20240314,낙찰
정정공고,MHP0008,3,07052,***,발굴물자 구매납품,2024,MHP,국방부유해발굴감식단,제한경쟁,총액제,적격심사제,202403141100,20240314,낙찰
긴급공고,SCF0208,1,04496,***,"분사기 조립체, 연료용 1종 구매",2024,SCF,해군군수사령부,제한경쟁,총액제,적격심사제,202403141030,20240314,낙찰
긴급공고,SCF0212,1,08046,***,A4 복사용지 등 31종 구매,2024,SCF,해군군수사령부,제한경쟁,총액제,적격심사제,202403141030,20240314,낙찰
긴급공고,SFC0024,1,07172,***,24-26-해병-IP교환기 유지보수 용역,2024,SFC,제9691부대,제한경쟁,총액제,적격심사제,202403141100,20240314,낙찰
정상공고,UMM0184,1,02233,***,(247030-C) 이동형 챔버(2인용) 제조,2024,UMM,국군재정관리단,일반경쟁,총액제,적격심사제,202403141100,20240314,낙찰
정상공고,UMM0175,1,03701,***,(247045-E) 24년 조달 연구장비 구매,2024,UMM,국군재정관리단,일반경쟁,총액제,적격심사제,202403141100,20240314,낙찰
정상공고,UMM0180,1,04279,***,"(246067-E) 4,000LB 전동 지게차 구매",2024,UMM,국군재정관리단,제한경쟁,총액제,적격심사제,202403141100,20240314,낙찰
정상공고,UMM0168,1,04304,***,24-F-밀링머신 장비 구매(249024-F),2024,UMM,국군재정관리단,일반경쟁,총액제,적격심사제,202403141100,20240314,낙찰
정상공고,UMM0185,1,04352,***,(247033-F) 특수수술재료(흡수성지혈용품)  구매,2024,UMM,국군재정관리단,제한경쟁,총액제,적격심사제,202403141100,20240314,낙찰
정상공고,UMM0178,1,04666,***,(246050-E) 체력단련장 위생용품 통합구매,2024,UMM,국군재정관리단,제한경쟁,총액제,적격심사제,202403141100,20240314,낙찰
정상공고,UMM0164,1,04712,***,"24-F-리프트, 자동차용 구매",2024,UMM,국군재정관리단,제한경쟁,총액제,적격심사제,202403141100,20240314,낙찰
정상공고,UMM0179,1,05232,***,(247020-E) 특수수술재료(인체조직재료 8품목) 구매,2024,UMM,국군재정관리단,제한경쟁,총액제,적격심사제,202403141100,20240314,유찰
긴급공고,UMM0197,1,05393,***,"24-D-남수단한빛부대 17,18진교대 항공수송용역(3국적",2024,UMM,국군재정관리단,일반경쟁,총액제,적격심사제,202403141100,20240314,낙찰
정상공고,UMM0181,1,05425,***,(246093-E) 32밀리 대철 구매,2024,UMM,국군재정관리단,제한경쟁,총액제,적격심사제,202403141100,20240314,낙찰
긴급공고,UMM0192,1,05741,***,(24F068-B) 전세 항공수송용역(한미 연합 소부대훈련),2024,UMM,국군재정관리단,일반경쟁,총액제,적격심사제,202403141100,20240314,낙찰
정상공고,UMM0177,1,05750,***,(246090-B) 목발 석고용 신발 등 2품목 구매,2024,UMM,국군재정관리단,제한경쟁,총액제,적격심사제,202403141100,20240314,낙찰
정상공고,UMM0176,1,06092,***,(24F060-B)예비군훈련장 제초용역,2024,UMM,국군재정관리단,제한경쟁,총액제,적격심사제,202403141100,20240314,낙찰
정상공고,UMM0183,1,06205,***,(246101-C) 육군 용사상 및 군경력증명서 용지 제조,2024,UMM,국군재정관리단,제한경쟁,총액제,적격심사제,202403141100,20240314,낙찰
정상공고,UMM0174,1,07045,***,(24F031-I) 24년 육로 수송용역(특수화물),2024,UMM,국군재정관리단,일반경쟁,총액제,적격심사제,202403141100,20240314,낙찰
긴급공고,UMM0190,1,07600,***,24-D-자운대지역 조경관리 용역,2024,UMM,국군재정관리단,일반경쟁,총액제,적격심사제,202403141100,20240314,낙찰
긴급공고,HCM0017,1,07678,***,24-02-062 PCV 45도 엘보 등 73품목,2024,HCM,공군교육사령부,제한경쟁,총액제,적격심사제,202403131030,20240313,낙찰
긴급공고,HCM0018,1,07753,***,24-02-052 아연각관 등 14품목 구매,2024,HCM,공군교육사령부,제한경쟁,총액제,적격심사제,202403131030,20240313,낙찰
긴급공고,HDN0013,1,07692,***,24-활주로 제초관리,2024,HDN,공군제18전투비행단,제한경쟁,총액제,적격심사제,202403131300,20240313,낙찰
긴급공고,LCF0015,1,01855,***,줄날 등 3항목 구매(물자),2024,LCF,육군군수사령부,제한경쟁,총액제,적격심사제,202403131100,20240313,낙찰
긴급공고,LCK0009,1,07632,***,[일반-24-19] '24년 과학화경계시스템(CCTV) 외주정비,2024,LCK,수도방위사령부,제한경쟁,총액제,적격심사제,202403131030,20240313,낙찰
긴급공고,LCZ0003,1,07529,***,부대표지 제조구매,2024,LCZ,동원전력사령부,제한경쟁,총액제,적격심사제,202403131030,20240313,낙찰
정상공고,LDH0248,1,06050,***,총포 베어링 등 14종 구매,2024,LDH,육군종합정비창,제한경쟁,총액제,적격심사제,202403131300,20240313,낙찰
정상공고,LDH0247,1,06054,***,총포 십자선 등 2종 구매,2024,LDH,육군종합정비창,제한경쟁,총액제,적격심사제,202403131300,20240313,낙찰
정상공고,LDH0244,1,06075,***,천마 개스킷 등 2종 구매,2024,LDH,육군종합정비창,제한경쟁,총액제,적격심사제,202403131300,20240313,유찰
정상공고,LDH0240,1,06084,***,비호 플러그 등 10종 구매,2024,LDH,육군종합정비창,제한경쟁,총액제,적격심사제,202403131300,20240313,유찰
정상공고,LDH0239,1,06577,***,K1전차 감지기 등 57종 구매,2024,LDH,육군종합정비창,제한경쟁,총액제,적격심사제,202403131300,20240313,유찰
정상공고,LDH0238,1,06585,***,K1전차 케이블조립체 등 62종 구매,2024,LDH,육군종합정비창,제한경쟁,총액제,적격심사제,202403131300,20240313,유찰
정상공고,LDH0230,1,06705,***,(특무) 오리콘 계전기 등 22품목 구매,2024,LDH,육군종합정비창,제한경쟁,총액제,적격심사제,202403131300,20240313,낙찰
정상공고,LDH0231,1,06706,***,(특무) 오리콘 와셔 등 38품목 구매,2024,LDH,육군종합정비창,제한경쟁,총액제,적격심사제,202403131300,20240313,낙찰
정상공고,LDH0232,1,06715,***,(자재) 백색포마드 등 16종 구매,2024,LDH,육군종합정비창,제한경쟁,총액제,적격심사제,202403131300,20240313,유찰
긴급공고,LDH0256,1,07735,***,K1전차 봉합재 등 5종 구매,2024,LDH,육군종합정비창,제한경쟁,총액제,적격심사제,202403131300,20240313,유찰
긴급공고,LDH0257,1,07739,***,K1전차 베어링 등 14종 구매,2024,LDH,육군종합정비창,제한경쟁,총액제,적격심사제,202403131300,20240313,낙찰
긴급공고,LDH0258,1,07745,***,K1전차 필터엘리먼트 등 6종 구매,2024,LDH,육군종합정비창,제한경쟁,총액제,적격심사제,202403131300,20240313,유찰
긴급공고,LFR0006,1,07532,***,24년 전반기 교육물품 기타물자 구매,2024,LFR,육군기계화학교,제한경쟁,총액제,적격심사제,202403131630,20240313,낙찰
긴급공고,LGI0021,1,07656,001,'24-2차 부대계약 후식(간식류) 구매,2024,LGI,제3군수지원여단,제한경쟁,단가제,적격심사제,202403131030,20240313,낙찰
정정공고,LIK0013,3,04494,001,'24년 부대계약 부식(4~6월) 구매(일반품목1),2024,LIK,제2군수지원여단,2단계경쟁(동시),단가제,최저가격제,202403131330,20240313,낙찰
정정공고,LIK0014,3,04506,001,'24년 부대계약 부식(4~6월) 구매(일반품목2),2024,LIK,제2군수지원여단,2단계경쟁(동시),단가제,최저가격제,202403131330,20240313,낙찰
정정공고,LIK0015,3,04514,001,'24년 부대계약 부식(4~6월) 구매(일반품목3),2024,LIK,제2군수지원여단,2단계경쟁(동시),단가제,최저가격제,202403131330,20240313,낙찰
긴급공고,LIK0018,1,07680,001,'24년 부대조달 후식(바나나) 구매,2024,LIK,제2군수지원여단,제한경쟁,단가제,적격심사제,202403131030,20240313,낙찰
긴급공고,LIK0019,1,07689,001,'24년 부대조달 후식(생수) 구매,2024,LIK,제2군수지원여단,일반경쟁,단가제,적격심사제,202403131030,20240313,낙찰
긴급공고,LIK0020,1,07699,001,‘24년 부대계약(4~6월) 부식(빵류) 제조/구매,2024,LIK,제2군수지원여단,일반경쟁,단가제,적격심사제,202403131030,20240313,낙찰
정상공고,LKP0053,1,07066,***,'24년 통신장비 외주정비 용역(광주/전남·북),2024,LKP,5군수지원사령부,제한경쟁,총액제,적격심사제,202403131100,20240313,낙찰
정상공고,LKP0054,1,07068,***,'24년 통신장비 외주정비 용역(부산/경남),2024,LKP,5군수지원사령부,제한경쟁,총액제,적격심사제,202403131100,20240313,유찰
정상공고,LKP0055,1,07069,***,'24년 통신장비 외주정비 용역(대전/충남·북/세종),2024,LKP,5군수지원사령부,제한경쟁,총액제,적격심사제,202403131100,20240313,낙찰
정상공고,LKP0056,1,07070,***,'24년 통신장비 외주정비 용역(대구/경북),2024,LKP,5군수지원사령부,제한경쟁,총액제,적격심사제,202403131100,20240313,낙찰
정상공고,LPC0002,1,07053,***,24년 취사장 청소 용역,2024,LPC,제25보병사단,제한경쟁,총액제,적격심사제,202403131030,20240313,낙찰
정정공고,LPF0031,3,06570,001,24년 음식물류 폐기물 위탁처리 용역(재),2024,LPF,제51보병사단,제한경쟁,단가제,적격심사제,202403131030,20240313,유찰
정상공고,MCL0002,1,07114,***,24년 재외공관 무관부 신변안전보험,2024,MCL,국방정보본부,일반경쟁,총액제,적격심사제,202403131400,20240313,유찰
정상공고,MDD0039,1,07169,***,2024년 물탱크 청소 용역,2024,MDD,국군수도병원,제한경쟁,총액제,적격심사제,202403131100,20240313,낙찰
정정공고,MDG0067,2,07033,001,24년 의료폐기물처리용역(강릉병원),2024,MDG,국군의무사령부,제한경쟁,단가제,적격심사제,202403131100,20240313,낙찰
정정공고,MDG0068,2,07034,001,24년 의료폐기물처리용역(대구병원),2024,MDG,국군의무사령부,제한경쟁,단가제,적격심사제,202403131100,20240313,낙찰
정정공고,MDG0069,2,07035,001,24년 의료폐기물처리용역(서울지구병원),2024,MDG,국군의무사령부,제한경쟁,단가제,적격심사제,202403131100,20240313,낙찰
정정공고,MDG0070,2,07036,001,24년 의료폐기물처리용역(함평병원),2024,MDG,국군의무사령부,제한경쟁,단가제,적격심사제,202403131100,20240313,낙찰
정정공고,MDG0071,2,07037,001,24년 의료폐기물처리용역(강원권),2024,MDG,국군의무사령부,제한경쟁,단가제,적격심사제,202403131100,20240313,낙찰
정정공고,MDG0072,2,07038,001,24년 의료폐기물처리용역(경기권1),2024,MDG,국군의무사령부,제한경쟁,단가제,적격심사제,202403131100,20240313,낙찰
정정공고,MDG0073,2,07039,001,24년 의료폐기물처리용역(경기권2),2024,MDG,국군의무사령부,제한경쟁,단가제,적격심사제,202403131100,20240313,낙찰
정정공고,MFK0005,3,06870,***,교육훈련용 전단 인쇄 용역,2024,MFK,제9912부대,제한경쟁,총액제,적격심사제,202403131100,20240313,낙찰
긴급공고,MHD0020,1,05333,***,장거리지대공유도무기 양산 시설사업기본계획,2024,MHD,방위사업청(운영지원과),협상에의한계약(전자),총액제,최저가격제,202403131500,20240313,낙찰
긴급공고,NIT0002,1,07731,***,감정재료 구매 24-1차,2024,NIT,국방부조사본부,제한경쟁,총액제,적격심사제,202403131100,20240313,낙찰
재공고,SCF0117,2,02534,***,알루미늄 리벳트 건 4.8밀리 등 3품목 구매,2024,SCF,해군군수사령부,제한경쟁,총액제,적격심사제,202403131030,20240313,낙찰
긴급공고,SCF0205,1,03439,***,"구명식량 10,000BX 구매",2024,SCF,해군군수사령부,제한경쟁,총액제,적격심사제,202403131030,20240313,낙찰
긴급공고,SCF0201,1,04381,***,힌지 등 10품목 / 구매,2024,SCF,해군군수사령부,제한경쟁,총액제,적격심사제,202403131030,20240313,낙찰
긴급공고,SCF0203,1,05336,***,수술등 입식 등 2종 구매,2024,SCF,해군군수사령부,제한경쟁,총액제,적격심사제,202403131030,20240313,낙찰
긴급공고,SCF0207,1,05506,***,"부동액 1,000CN 구매",2024,SCF,해군군수사령부,제한경쟁,총액제,적격심사제,202403131030,20240313,낙찰
긴급공고,SCF0199,1,07591,***,"마이크로폰, 자기식 등 6종 구매",2024,SCF,해군군수사령부,제한경쟁,총액제,적격심사제,202403131030,20240313,낙찰
긴급공고,SCF0204,1,07716,***,래커에어로졸 등 8종 구매,2024,SCF,해군군수사령부,제한경쟁,총액제,적격심사제,202403131030,20240313,순위확정
긴급공고,SCN0039,1,05387,***,24-진 해군 숲 치유프로그램 용역,2024,SCN,제7001부대,협상에의한계약(전자),총액제,최저가격제,202403131000,20240313,유찰
긴급공고,SFG0031,1,07762,***,요소수 구매,2024,SFG,제9181부대,제한경쟁,총액제,적격심사제,202403131030,20240313,낙찰
재공고,UMM0085,2,02580,***,24-D-전군지원 전세버스 수송용역,2024,UMM,국군재정관리단,제한경쟁,총액제,적격심사제,202403131100,20240313,유찰
정상공고,UMM0144,1,02867,***,24-D-지문3D보안해제 시스템 구매,2024,UMM,국군재정관리단,제한경쟁,총액제,적격심사제,202403131100,20240313,낙찰
정상공고,UMM0161,1,03501,***,24-N-0함대 민간예인선 위탁 용역,2024,UMM,국군재정관리단,제한경쟁,총액제,적격심사제,202403131100,20240313,유찰
정상공고,UMM0160,1,04479,***,24-N-리치트럭 구매,2024,UMM,국군재정관리단,제한경쟁,총액제,적격심사제,202403131100,20240313,낙찰
정상공고,UMM0141,1,04526,***,24-N-야전앰프 구매,2024,UMM,국군재정관리단,제한경쟁,총액제,적격심사제,202403131100,20240313,낙찰
정상공고,UMM0165,1,04531,***,24-N-장비운송용 가방 등 2종 구매,2024,UMM,국군재정관리단,제한경쟁,총액제,적격심사제,202403131100,20240313,낙찰
정상공고,UMM0159,1,04667,***,24-N-다이버 송수신기 등 4종 구매(248049-F),2024,UMM,국군재정관리단,일반경쟁,총액제,적격심사제,202403131100,20240313,낙찰
정상공고,UMM0155,1,04690,***,24-N-비자성 드라이슈트 등 4종 구매(248052-F),2024,UMM,국군재정관리단,제한경쟁,총액제,적격심사제,202403131100,20240313,낙찰
정상공고,UMM0147,1,04911,***,24-N-CPP 윤활유 펌프 제조,2024,UMM,국군재정관리단,일반경쟁,총액제,적격심사제,202403131100,20240313,낙찰
긴급공고,UMM0172,1,05209,***,24-D-남수단 한빛부대 17·18진 교대 항공수송 용역,2024,UMM,국군재정관리단,일반경쟁,총액제,적격심사제,202403131100,20240313,낙찰
정상공고,UMM0170,1,07064,***,24-N-바닥청소차 구매,2024,UMM,국군재정관리단,제한경쟁,총액제,적격심사제,202403131100,20240313,낙찰
긴급공고,HCF0035,1,06285,***,'24년~'25년 C-130 볼스크류 조립체 외주정비,2024,HCF,공군군수사령부,제한경쟁,총액제,적격심사제,202403121030,20240312,유찰
재공고,HCL0018,2,05843,***,'24년 간부식당 식자재(리더십센터),2024,HCL,공군사관학교,제한경쟁,총액제,적격심사제,202403121030,20240312,낙찰
재공고,LCF0014,2,05568,***,"500MD헬기 지시계,진로 방향표시-R용 등 2종 정비",2024,LCF,육군군수사령부,제한경쟁,총액제,적격심사제,202403121030,20240312,유찰
긴급공고,LCK0008,1,07216,***,[일반-24-18] '24년 전파차단장비 외주정비용역,2024,LCK,수도방위사령부,제한경쟁,총액제,적격심사제,202403121030,20240312,낙찰
정정공고,LCM0011,2,05931,***,'24년 4~6월 부대계약 부식 제조(냉동빵),2024,LCM,육군교육사령부,제한경쟁,총액제,적격심사제,202403121030,20240312,순위확정
정정공고,LCM0012,2,05932,***,'24년 4~6월 부대계약 부식 제조(면류),2024,LCM,육군교육사령부,제한경쟁,총액제,적격심사제,202403121030,20240312,유찰
정정공고,LCM0013,2,07012,***,'24년 4~6월 부대계약 부식 구매(일반품목),2024,LCM,육군교육사령부,일반경쟁,총액제,적격심사제,202403121030,20240312,낙찰
재공고,LDH0174,2,04311,***,(화공) 접착제(전차궤도 1차용) 등 1종구매,2024,LDH,육군종합정비창,제한경쟁,총액제,적격심사제,202403121300,20240312,유찰
재공고,LDH0173,2,04313,***,(화공) 접착제(전차궤도 2차용) 등 1종구매,2024,LDH,육군종합정비창,제한경쟁,총액제,적격심사제,202403121300,20240312,유찰
정상공고,LDH0228,1,06009,***,"(특무) 계전기, 고체소자식 등 102품목 구매",2024,LDH,육군종합정비창,일반경쟁,총액제,적격심사제,202403121300,20240312,낙찰
정상공고,LDH0229,1,06499,***,(자재) 스펀지 흰색 등 49종 구매,2024,LDH,육군종합정비창,제한경쟁,총액제,적격심사제,202403121300,20240312,낙찰
정정공고,LFC0019,2,07025,***,24년 4~6월 부대조달 경쟁계약품목(부식류) 구매,2024,LFC,육군훈련소,일반경쟁,총액제,적격심사제,202403121100,20240312,낙찰
재공고,LGP0060,2,04747,***,"24년 구난차 등3종 외주정비용역(경기, 서울, 인천)",2024,LGP,제1군수지원사령부,일반경쟁,총액제,적격심사제,202403121100,20240312,낙찰
긴급공고,LGP0074,1,07221,***,24년 통합 상황관리시스템 외주정비 용역,2024,LGP,제1군수지원사령부,제한경쟁,총액제,적격심사제,202403121100,20240312,낙찰
긴급공고,LGP0075,1,07348,001,24-2차 빵류 다수품목 단가계약,2024,LGP,제1군수지원사령부,일반경쟁,단가제,적격심사제,202403121100,20240312,낙찰
긴급공고,LGP0076,1,07356,001,24-2차 면류 다수품목 단가계약,2024,LGP,제1군수지원사령부,일반경쟁,단가제,적격심사제,202403121100,20240312,유찰
긴급공고,LGT0009,1,07472,***,"'24년 예비군 육성,지원 전술조끼 구매(24-MP-1)",2024,LGT,제2307부대,일반경쟁,총액제,적격심사제,202403121030,20240312,낙찰
긴급공고,LHR0013,1,07079,***,24년 과학화훈련장 교전훈련장비 유지보수,2024,LHR,육군 제37보병사단,제한경쟁,총액제,적격심사제,202403121100,20240312,낙찰
긴급공고,LHR0014,1,07184,***,24년 과학화훈련장 훈련관리체계 및관제장비 유지보수,2024,LHR,육군 제37보병사단,제한경쟁,총액제,적격심사제,202403121030,20240312,낙찰
재공고,LKP0044,2,05125,001,'24년 부대조달후식(아이스티) 구매,2024,LKP,5군수지원사령부,제한경쟁,단가제,적격심사제,202403121030,20240312,유찰
정상공고,LMH0011,1,07319,***,24년 음식폐기물 처리용역(C017),2024,LMH,제7군단,제한경쟁,총액제,적격심사제,202403121030,20240312,유찰
정상공고,MDG0039,1,04555,***,24년 공공의료기관 의료장비 거래실례가격 조사 용역,2024,MDG,국군의무사령부,2단계경쟁(동시),총액제,최저가격제,202403121600,20240312,유찰
정상공고,MDG0064,1,05463,***,24년 의무장비(비뇨기능측정기) 구매,2024,MDG,국군의무사령부,제한경쟁,총액제,적격심사제,202403121100,20240312,낙찰
정상공고,MDG0065,1,05464,***,24년 의무장비(X선기 치과용 디지털) 구매,2024,MDG,국군의무사령부,제한경쟁,총액제,적격심사제,202403121100,20240312,낙찰
정상공고,MDG0066,1,05466,***,24년 의무장비(X선기 전치아동시촬영용) 구매,2024,MDG,국군의무사령부,제한경쟁,총액제,적격심사제,202403121100,20240312,낙찰
재공고,SCF0127,2,01594,***,잠수함(SS-II) 축전지 감시센서 정비,2024,SCF,해군군수사령부,일반경쟁,총액제,적격심사제,202403121030,20240312,유찰
긴급공고,SCF0192,1,03201,***,컨센트릭 밸브 조립체 등 2종 구매,2024,SCF,해군군수사령부,일반경쟁,총액제,적격심사제,202403121030,20240312,낙찰
재공고,SCF0156,3,03588,***,잠수함 잠망경 헤드윈도우 정비,2024,SCF,해군군수사령부,일반경쟁,총액제,적격심사제,202403121030,20240312,유찰
긴급공고,SCF0188,1,04519,***,케이스모듈 등 6종 구매,2024,SCF,해군군수사령부,제한경쟁,총액제,적격심사제,202403121030,20240312,낙찰
긴급공고,SCF0190,1,04673,***,"전달장치,압력용 등 12종 구매",2024,SCF,해군군수사령부,제한경쟁,총액제,적격심사제,202403121030,20240312,낙찰
긴급공고,SCF0195,1,05271,***,"시험세트, 케이블 차폐저항용 9EA 구매",2024,SCF,해군군수사령부,제한경쟁,총액제,적격심사제,202403121030,20240312,낙찰
긴급공고,SCF0191,1,06312,***,"필터,전자기차폐용 등 2종 구매",2024,SCF,해군군수사령부,제한경쟁,총액제,적격심사제,202403121030,20240312,낙찰
긴급공고,SCF0193,1,07217,***,양극 부식방지용 등 6종 구매,2024,SCF,해군군수사령부,제한경쟁,총액제,적격심사제,202403121030,20240312,낙찰
긴급공고,SCF0198,1,07484,***,"표시판, 레이더세트 제원용(DY-NDS) 유지보수 용역",2024,SCF,해군군수사령부,일반경쟁,총액제,적격심사제,202403121030,20240312,유찰
긴급공고,SCR0021,1,06249,***,"등, 경보용 등 7종 구매",2024,SCR,해군제3함대사령부,제한경쟁,총액제,적격심사제,202403121030,20240312,순위확정
긴급공고,SCR0022,1,06257,***,가스켓 등 8종 구매,2024,SCR,해군제3함대사령부,제한경쟁,총액제,적격심사제,202403121030,20240312,순위확정
긴급공고,SCR0023,1,06281,***,"게이지, 전해질 수위용 등 20종 구매",2024,SCR,해군제3함대사령부,제한경쟁,총액제,적격심사제,202403121030,20240312,낙찰
긴급공고,SCR0024,1,06289,***,"부품키트, 엔진 워터펌프용 등 23종 구매",2024,SCR,해군제3함대사령부,제한경쟁,총액제,적격심사제,202403121030,20240312,유찰
긴급공고,SCR0025,1,06310,***,연결기 조인트 등 8종 구매,2024,SCR,해군제3함대사령부,제한경쟁,총액제,적격심사제,202403121030,20240312,낙찰
재공고,SFG0022,2,04065,***,세균필터 엘리먼트 등 20품목 구매(수리부속),2024,SFG,제9181부대,제한경쟁,총액제,적격심사제,202403121030,20240312,낙찰
긴급공고,SFH0035,1,07256,***,24년 부대조달부식 구매 납품(소청도),2024,SFH,제9196부대,일반경쟁,총액제,적격심사제,202403121100,20240312,낙찰
정정공고,MCF0006,2,06181,***,'24년 국립서울현충원 음악회 행사 용역,2024,MCF,국립서울현충원,협상에의한계약(전자),총액제,최저가격제,202403111100,20240311,유찰
정상공고,LDH0224,1,06659,***,24-8차 물류이동장비(5톤 전동화물운반차) 구매,2024,LDH,육군종합정비창,제한경쟁,총액제,적격심사제,202403081300,20240308,낙찰
정상공고,MDD0038,1,04084,***,2024 의무장비(혈전방지기) 구매,2024,MDD,국군수도병원,제한경쟁,총액제,적격심사제,202403081700,20240308,낙찰
정상공고,MDL0003,1,02627,***,2024년 베트남 파병장병 증언 청취 용역,2024,MDL,국방부군사편찬연구소,협상에의한계약(전자),총액제,최저가격제,202403081100,20240308,유찰
정상공고,UMM0153,1,02098,***,(24G028-I) 6.25 전사자 유가족 유전자검사 외부위탁,2024,UMM,국군재정관리단,일반경쟁,총액제,적격심사제,202403081100,20240308,낙찰
정상공고,UMM0151,1,02902,***,(24G009-H)24년 학교교실디지털화 유지보수 용역,2024,UMM,국군재정관리단,제한경쟁,총액제,적격심사제,202403081100,20240308,낙찰
정상공고,UMM0154,1,03929,***,(24F022-I) 24년 중요 역사기록물 복원사업,2024,UMM,국군재정관리단,일반경쟁,총액제,적격심사제,202403081100,20240308,낙찰
정상공고,UMM0148,1,06651,***,24-D-국군복지단 골프연습공 제조,2024,UMM,국군재정관리단,일반경쟁,총액제,적격심사제,202403081100,20240308,유찰
긴급공고,HCF0034,1,06753,***,"[패트리어트 작전차량 부품]타이어,공기압식 차량용",2024,HCF,공군군수사령부,제한경쟁,총액제,적격심사제,202403071030,20240307,낙찰
정정공고,HDN0011,2,06504,***,얼음정수기 임차 계약,2024,HDN,공군제18전투비행단,제한경쟁,총액제,적격심사제,202403071300,20240307,낙찰
정상공고,LDH0055,1,03005,***,120mm 전차포신 약실 검사장비 개발 연구용역,2024,LDH,육군종합정비창,2단계경쟁(동시),총액제,최저가격제,202403071300,20240307,유찰
재공고,LDH0098,2,04493,***,24년 자동화창고 외주정비 용역,2024,LDH,육군종합정비창,일반경쟁,총액제,적격심사제,202403071300,20240307,순위확정
정상공고,LDH0218,1,04992,***,24년 전반기 정비장비 예비부품구매(궤도장비류2차),2024,LDH,육군종합정비창,제한경쟁,총액제,적격심사제,202403071300,20240307,낙찰
정상공고,LDH0220,1,05160,***,터빈엔진시험셋 외주정비 용역,2024,LDH,육군종합정비창,제한경쟁,총액제,적격심사제,202403071300,20240307,낙찰
정상공고,LDH0221,1,05842,***,"K21 링,지지용 등 25종 구매",2024,LDH,육군종합정비창,제한경쟁,총액제,적격심사제,202403071300,20240307,낙찰
정상공고,LDH0219,1,06428,***,24년 전반기 정비장비 예비부품구매(필터류2차),2024,LDH,육군종합정비창,제한경쟁,총액제,적격심사제,202403071300,20240307,낙찰
긴급공고,LDH0227,1,06714,***,(24-대-3-영) 노후 집진설비 필터백 제조납품,2024,LDH,육군종합정비창,제한경쟁,총액제,적격심사제,202403071100,20240307,낙찰
긴급공고,LQH0019,1,06313,***,도시지역작전 피복류(6종) 제조 납품,2024,LQH,제3697부대,제한경쟁,총액제,적격심사제,202403071030,20240307,낙찰
정상공고,MDG0055,1,06594,001,LPG(경기) 구매,2024,MDG,국군의무사령부,제한경쟁,단가제,적격심사제,202403071100,20240307,유찰
정상공고,MDG0056,1,06596,001,LPG(강원) 구매,2024,MDG,국군의무사령부,제한경쟁,단가제,적격심사제,202403071100,20240307,낙찰
긴급공고,SCF0184,1,05549,***,(긴급)주강 등 13종,2024,SCF,해군군수사령부,일반경쟁,총액제,적격심사제,202403071300,20240307,낙찰
정상공고,SFL0003,1,02102,***,24-교-병영식당 민간위탁 급식 용역,2024,SFL,제3283부대,협상에의한계약(전자),총액제,최저가격제,202403071100,20240307,낙찰
정상공고,UMM0122,1,01893,***,"24~25-F-X선 장치,방사선 사진용,산업용 구매(U)",2024,UMM,국군재정관리단,제한경쟁,총액제,적격심사제,202403071100,20240307,낙찰
정상공고,UMM0145,1,02326,***,(246004-E) 24년 포제명찰 새김 및 벨크로 부착 제조,2024,UMM,국군재정관리단,일반경쟁,총액제,적격심사제,202403071100,20240307,낙찰
정상공고,UMM0132,1,03388,***,"24-F- 제설기,트럭장착 제조(249019-F)",2024,UMM,국군재정관리단,일반경쟁,총액제,적격심사제,202403071100,20240307,유찰
긴급공고,UMM0146,1,03657,***,(24F003-G)24~25년 워게임모델 장비정비 유지보수용역,2024,UMM,국군재정관리단,일반경쟁,총액제,적격심사제,202403071100,20240307,낙찰
정상공고,UMM0140,1,03996,***,"(246036-E)연삭기, 고정형, 다용도용(외경연마기)구매",2024,UMM,국군재정관리단,일반경쟁,총액제,적격심사제,202403071100,20240307,낙찰
정상공고,UMM0142,1,04040,***,(246040-E) 전조기 3.7KW 구매,2024,UMM,국군재정관리단,제한경쟁,총액제,적격심사제,202403071100,20240307,유찰
정상공고,UMM0101,1,04433,***,24-M-병영생활관 관급자재(타일) 제조,2024,UMM,국군재정관리단,제한경쟁,총액제,적격심사제,202403071100,20240307,낙찰
정상공고,UMM0124,1,04462,***,24-N-해상용 패스트 로프셋 등 2종 구매,2024,UMM,국군재정관리단,제한경쟁,총액제,적격심사제,202403071100,20240307,낙찰
정상공고,UMM0118,1,04491,***,24-N-아군식별용 헬멧 라이트 구매,2024,UMM,국군재정관리단,제한경쟁,총액제,적격심사제,202403071100,20240307,낙찰
정상공고,UMM0135,1,04551,***,(247023-D) 치과장비운영소모품 38품목 구매,2024,UMM,국군재정관리단,제한경쟁,총액제,적격심사제,202403071100,20240307,낙찰
정상공고,UMM0125,1,04872,***,24-F-정밀측정장비(소자장치) 1종 구매,2024,UMM,국군재정관리단,제한경쟁,총액제,적격심사제,202403071100,20240307,낙찰
정상공고,UMM0139,1,05542,***,(247060-C) 수술재료4 구매,2024,UMM,국군재정관리단,제한경쟁,총액제,적격심사제,202403071100,20240307,낙찰
정상공고,UMM0137,1,06401,***,(24G072-A) RF기동영상전송장비 구매 금융리스,2024,UMM,국군재정관리단,일반경쟁,총액제,최저가격제,202403071100,20240307,낙찰
긴급공고,HCF0031,1,05558,***,항공기용 실링 컴파운드 11종,2024,HCF,공군군수사령부,제한경쟁,총액제,적격심사제,202403061030,20240306,유찰
긴급공고,HCF0032,1,05560,***,[항공기급유차 부품] 노즐 구매,2024,HCF,공군군수사령부,제한경쟁,총액제,적격심사제,202403061030,20240306,낙찰
긴급공고,LBA0021,1,05546,***,‘24년 4~6월 식자재 다수품목 단가계약,2024,LBA,제 2167부대,2단계경쟁(동시),총액제,최저가격제,202403061000,20240306,낙찰
재공고,LCF0012,3,01683,***,"종이, 방청지용 1항목 제조(물자)",2024,LCF,육군군수사령부,제한경쟁,총액제,적격심사제,202403061100,20240306,유찰
재공고,LDH0114,2,03735,***,"통신장비 전지,축전식 등 8종 구매",2024,LDH,육군종합정비창,제한경쟁,총액제,적격심사제,202403060930,20240306,낙찰
재공고,LDH0113,2,03736,***,통신장비 캐패시터 등 2종 구매,2024,LDH,육군종합정비창,제한경쟁,총액제,적격심사제,202403060930,20240306,유찰
재공고,LDH0112,2,03737,***,통신장비 부싱 등 8종 구매,2024,LDH,육군종합정비창,제한경쟁,총액제,적격심사제,202403060930,20240306,유찰
정상공고,LDH0201,1,04784,***,(기동) 튜브등 13종 구매,2024,LDH,육군종합정비창,제한경쟁,총액제,적격심사제,202403060930,20240306,유찰
정상공고,LDH0195,1,04799,***,(기동) 로드 1종 구매,2024,LDH,육군종합정비창,제한경쟁,총액제,적격심사제,202403060930,20240306,낙찰
정상공고,LDH0202,1,04931,***,(항공) 500MD 상부판넬 등 2종 구매,2024,LDH,육군종합정비창,제한경쟁,총액제,적격심사제,202403060930,20240306,유찰
정상공고,LDH0203,1,04934,***,(항공) UH-60 큐션 등 2종 구매,2024,LDH,육군종합정비창,제한경쟁,총액제,적격심사제,202403060930,20240306,순위확정
정상공고,LDH0209,1,04985,***,24년 전반기 정비장비 예비부품구매(궤도장비류1차),2024,LDH,육군종합정비창,제한경쟁,총액제,적격심사제,202403061300,20240306,낙찰
정상공고,LDH0212,1,05024,***,24년 전반기 정비장비 예비부품구매(공병장비류),2024,LDH,육군종합정비창,제한경쟁,총액제,적격심사제,202403061300,20240306,유찰
정상공고,LDH0213,1,05028,***,24년 전반기 정비장비 예비부품구매(기타장비류),2024,LDH,육군종합정비창,제한경쟁,총액제,적격심사제,202403061300,20240306,낙찰
정상공고,LDH0191,1,05148,***,K10탄운차 축전기 구매,2024,LDH,육군종합정비창,제한경쟁,총액제,적격심사제,202403060930,20240306,낙찰
정상공고,LDH0208,1,05254,***,(화공) 순간접착제등 21종 구매,2024,LDH,육군종합정비창,제한경쟁,총액제,적격심사제,202403060930,20240306,낙찰
정상공고,LDH0207,1,05260,***,(정비) 안면보호저탐 등 26종 구매,2024,LDH,육군종합정비창,제한경쟁,총액제,적격심사제,202403060930,20240306,낙찰
정상공고,LDH0206,1,05263,***,(정비) 지퍼백밀봉형중형등 177종 구매,2024,LDH,육군종합정비창,제한경쟁,총액제,적격심사제,202403060930,20240306,순위확정
정상공고,LDH0205,1,05264,***,(화공) 가스켓리무버 등 35종 구매,2024,LDH,육군종합정비창,제한경쟁,총액제,적격심사제,202403060930,20240306,낙찰
정상공고,LDH0189,1,05281,***,K21 개스킷 등 24종 구매,2024,LDH,육군종합정비창,제한경쟁,총액제,적격심사제,202403060930,20240306,낙찰
정상공고,LDH0204,1,05291,***,(정비) 코레카 장갑 등 162종 구매,2024,LDH,육군종합정비창,제한경쟁,총액제,적격심사제,202403060930,20240306,낙찰
정상공고,LDH0192,1,05297,***,K21 베어링 1종 구매,2024,LDH,육군종합정비창,제한경쟁,총액제,적격심사제,202403060930,20240306,낙찰
정상공고,LDH0193,1,05303,***,"K21 패킹,성형식 등 12종 구매",2024,LDH,육군종합정비창,제한경쟁,총액제,적격심사제,202403060930,20240306,낙찰
정상공고,LDH0215,1,05585,***,(자재) 마봉강 등 21종 구매,2024,LDH,육군종합정비창,제한경쟁,총액제,적격심사제,202403061300,20240306,낙찰
긴급공고,LFN0008,1,05918,***,24년 생도용 노트북렌탈 용역,2024,LFN,육군3사관학교,제한경쟁,총액제,적격심사제,202403061000,20240306,낙찰
정정공고,LGI0004,2,06121,001,'24-2차 부대계약 후식(음료류) 구매,2024,LGI,제3군수지원여단,제한경쟁,단가제,적격심사제,202403061030,20240306,낙찰
정정공고,LGI0007,2,06124,001,'24-2차 부대계약 후식(탄산음료류) 구매,2024,LGI,제3군수지원여단,제한경쟁,단가제,적격심사제,202403061030,20240306,낙찰
정정공고,LGI0016,2,06133,001,‘24년 2분기 영내자증식 (에너지바 등 22종) 구매,2024,LGI,제3군수지원여단,제한경쟁,단가제,적격심사제,202403061030,20240306,낙찰
긴급공고,LGI0019,1,06713,001,'24-2차 부대계약 후식(유제품) 구매,2024,LGI,제3군수지원여단,제한경쟁,단가제,적격심사제,202403061030,20240306,낙찰
긴급공고,LGP0071,1,05729,001,24년 2분기 후식(가공품)구매 다수품목 단가계약,2024,LGP,제1군수지원사령부,일반경쟁,단가제,적격심사제,202403061100,20240306,낙찰
정상공고,LKP0040,1,05120,001,'24년 부대조달후식(커피) 구매,2024,LKP,5군수지원사령부,일반경쟁,단가제,적격심사제,202403061030,20240306,낙찰
정상공고,LKP0044,1,05125,001,'24년 부대조달후식(아이스티) 구매,2024,LKP,5군수지원사령부,제한경쟁,단가제,적격심사제,202403061030,20240306,유찰
정상공고,LKP0045,1,05132,001,'24년 부대조달후식(마시는 발효유) 구매,2024,LKP,5군수지원사령부,일반경쟁,단가제,적격심사제,202403061030,20240306,낙찰
정상공고,LKP0047,1,05137,001,'24년 부대조달후식(워터젤리) 구매,2024,LKP,5군수지원사령부,일반경쟁,단가제,적격심사제,202403061030,20240306,낙찰
정상공고,LKP0046,1,05142,001,'24년 부대조달 후식류 (생수) 구매,2024,LKP,5군수지원사령부,일반경쟁,단가제,적격심사제,202403061030,20240306,낙찰
정상공고,LKP0041,1,05167,001,'24년 부대조달후식(에너지음료) 구매,2024,LKP,5군수지원사령부,일반경쟁,단가제,적격심사제,202403061030,20240306,낙찰
정상공고,LKP0042,1,05168,001,'24년 부대조달후식(에이드) 구매,2024,LKP,5군수지원사령부,제한경쟁,단가제,적격심사제,202403061030,20240306,낙찰
정상공고,LKP0043,1,05179,001,'24년 부대조달후식(식혜) 구매,2024,LKP,5군수지원사령부,제한경쟁,단가제,적격심사제,202403061030,20240306,낙찰
정상공고,LKP0037,1,05677,***,'24년 4~6월 부대조달부식(빵류 23종) 제조,2024,LKP,5군수지원사령부,제한경쟁,총액제,적격심사제,202403061030,20240306,유찰
정상공고,LKP0038,1,05678,***,'24년 4~6월 부대조달부식(빵류 8종) 제조,2024,LKP,5군수지원사령부,제한경쟁,총액제,적격심사제,202403061030,20240306,유찰
정상공고,LKP0039,1,06089,***,'24년 2분기 부대계약(식자재) 구매,2024,LKP,5군수지원사령부,일반경쟁,총액제,적격심사제,202403061030,20240306,낙찰
정상공고,LKP0048,1,06265,***,'24년 화공가스류 구매,2024,LKP,5군수지원사령부,제한경쟁,총액제,적격심사제,202403061100,20240306,낙찰
긴급공고,LMK0002,1,06447,***,[24-C2] 24년 음식물류 폐기물 처리용역 계약,2024,LMK,제6보병사단,일반경쟁,총액제,적격심사제,202403061030,20240306,낙찰
정상공고,MCD0007,1,03409,***,2024 서울안보대화 프로그램 기획 및 발전방향 연구,2024,MCD,국방부(운영지원과),협상에의한계약(전자),총액제,최저가격제,202403061100,20240306,유찰
정상공고,MCD0006,1,05217,***,2024 국방정책 홍보역량 강화교육,2024,MCD,국방부(운영지원과),협상에의한계약(전자),총액제,최저가격제,202403061700,20240306,낙찰
정상공고,MDG0040,1,05173,***,24년 의무장비(원심분리기 대형) 구매,2024,MDG,국군의무사령부,제한경쟁,총액제,적격심사제,202403061100,20240306,낙찰
정상공고,MDG0042,1,05175,***,24년 의무장비(원심분리기 소형 혈액은행용) 구매,2024,MDG,국군의무사령부,제한경쟁,총액제,적격심사제,202403061100,20240306,낙찰
정상공고,MDG0043,1,05176,***,24년 의무장비(원심분리기 소형 탁상용) 구매,2024,MDG,국군의무사령부,제한경쟁,총액제,적격심사제,202403061100,20240306,낙찰
정상공고,MDG0044,1,05177,***,24년 의무장비(응집반응관찰기) 구매,2024,MDG,국군의무사령부,제한경쟁,총액제,적격심사제,202403061100,20240306,낙찰
정상공고,MDG0045,1,06284,***,24년 의무장비(원심분리기 세포형) 구매,2024,MDG,국군의무사령부,제한경쟁,총액제,적격심사제,202403061100,20240306,유찰
재공고,SCF0119,2,02396,***,"날, 앞유리창 닦기용 등 9종 구매",2024,SCF,해군군수사령부,제한경쟁,총액제,적격심사제,202403061030,20240306,순위확정
긴급공고,SCF0160,1,03093,***,핸드마이크 등 3종 구매,2024,SCF,해군군수사령부,제한경쟁,총액제,적격심사제,202403061030,20240306,낙찰
긴급공고,SCF0177,1,06470,***,"전동기, 교류용 등 19종 구매",2024,SCF,해군군수사령부,일반경쟁,총액제,적격심사제,202403061030,20240306,낙찰
정정공고,SCK0029,2,05674,001,24-00사 입영장병 사복 탁송 택배 용역,2024,SCK,해군교육사령부,일반경쟁,단가제,적격심사제,202403061030,20240306,유찰
정상공고,SFG0027,1,06301,***,스위치 등 100품목 구매,2024,SFG,제9181부대,제한경쟁,총액제,적격심사제,202403061030,20240306,낙찰
긴급공고,SFG0028,1,06591,***,오일필터 등 161품목 구매,2024,SFG,제9181부대,제한경쟁,총액제,적격심사제,202403061030,20240306,낙찰
정상공고,UMM0111,1,03207,***,"24-F-표지등세트, 비상착륙용 제조",2024,UMM,국군재정관리단,일반경쟁,총액제,적격심사제,202403061100,20240306,유찰
정상공고,UMM0134,1,04370,***,(246037-F) 와이어컷방전가공기 구매,2024,UMM,국군재정관리단,제한경쟁,총액제,적격심사제,202403061100,20240306,낙찰
정상공고,UMM0112,1,04458,***,24-N-상륙군장비수송선 등 8척 임차 용역,2024,UMM,국군재정관리단,일반경쟁,총액제,적격심사제,202403061100,20240306,낙찰
정상공고,UMM0130,1,04793,***,(246077-C) 자동납땜제거기 구매,2024,UMM,국군재정관리단,일반경쟁,총액제,적격심사제,202403061100,20240306,낙찰
정상공고,UMM0133,1,06216,***,(246068-F) 포장박스 등 3종 제조,2024,UMM,국군재정관리단,제한경쟁,총액제,적격심사제,202403061100,20240306,낙찰
재공고,EU50001,2,1001,***,중요시설경계시스템,2024,EUA,첨단기술총괄계약팀,협상에의한계약(서류),총액제,최저가격제,202403051800,20240305,낙찰
긴급공고,HCF0027,1,05525,***,항공기용 실링 컴파운드 4종 구매,2024,HCF,공군군수사령부,제한경쟁,총액제,적격심사제,202403051030,20240305,낙찰
긴급공고,HCF0026,1,05556,***,항공기용 연마제 구매,2024,HCF,공군군수사령부,제한경쟁,총액제,적격심사제,202403051030,20240305,낙찰
긴급공고,HCF0025,1,05977,***,"24-H-15 총, 가스용",2024,HCF,공군군수사령부,제한경쟁,총액제,적격심사제,202403051030,20240305,낙찰
재공고,HCL0017,2,02531,***,"24-015 윤활유, 항공기 피스톤 엔진용 등 2종",2024,HCL,공군사관학교,제한경쟁,총액제,적격심사제,202403051030,20240305,낙찰
재공고,LBA0020,2,05070,***,‘24년 4~6월 부대조달 부식(소시지 등) 제조/구매,2024,LBA,제 2167부대,제한경쟁,총액제,적격심사제,202403051030,20240305,유찰
재공고,LBA0018,2,05072,***,‘24년 4~6월 부대조달 부식(돈가스 7품목) 제조/구매,2024,LBA,제 2167부대,제한경쟁,총액제,적격심사제,202403051030,20240305,낙찰
긴급공고,LBA0025,1,06271,***,‘24년 부대조달 후식(초코바 등 9품목) 구매,2024,LBA,제 2167부대,일반경쟁,총액제,적격심사제,202403051030,20240305,낙찰
긴급공고,LBA0024,1,06272,***,‘24년 부대조달 후식(유제품 10품목) 구매,2024,LBA,제 2167부대,일반경쟁,총액제,적격심사제,202403051030,20240305,낙찰
긴급공고,LBA0026,1,06340,***,‘24년 4~6월 부대조달 부식(잡채어묵) 제조/구매,2024,LBA,제 2167부대,제한경쟁,총액제,적격심사제,202403051030,20240305,낙찰
긴급공고,LCG0014,1,05429,***,[24-육-34] 군사경찰 특수수사장비세트 등 2종 구매,2024,LCG,육군본부,제한경쟁,총액제,적격심사제,202403051100,20240305,낙찰
정상공고,LDH0187,1,04891,***,(기동) 볼트 등 7종 구매,2024,LDH,육군종합정비창,제한경쟁,총액제,적격심사제,202403051630,20240305,낙찰
긴급공고,LGI0006,1,06123,001,'24-2차 부대계약 후식(아이스크림류) 구매,2024,LGI,제3군수지원여단,제한경쟁,단가제,적격심사제,202403051030,20240305,낙찰
긴급공고,LGI0008,1,06125,001,'24-2차 부대계약 후식(과일류) 구매,2024,LGI,제3군수지원여단,제한경쟁,단가제,적격심사제,202403051030,20240305,낙찰
긴급공고,LGP0065,1,05746,***,24년 근거리감시레이더 외주정비 용역,2024,LGP,제1군수지원사령부,일반경쟁,총액제,적격심사제,202403051100,20240305,낙찰
긴급공고,LGP0069,1,06639,***,24년 특장차량 외주 정비용역(경기 서울 인천),2024,LGP,제1군수지원사령부,제한경쟁,총액제,적격심사제,202403051100,20240305,유찰
긴급공고,LGP0070,1,06640,***,24년 고속지령대장비 외주정비용역,2024,LGP,제1군수지원사령부,일반경쟁,총액제,적격심사제,202403051100,20240305,유찰
정정공고,LIK0012,2,04521,001,‘24년 부대계약 부식(4~6월)(빵류) 제조,2024,LIK,제2군수지원여단,제한경쟁,단가제,적격심사제,202403051030,20240305,유찰
긴급공고,LKD0013,1,06040,***,24년 사단 음식물쓰레기 위탁처리 용역 계약,2024,LKD,제32보병사단,제한경쟁,총액제,적격심사제,202403050930,20240305,낙찰
긴급공고,LKG0015,1,05778,***,24년 4~6월 부대급식계약(빵류),2024,LKG,육군제53보병사단,제한경쟁,총액제,적격심사제,202403051100,20240305,낙찰
정상공고,LKP0020,1,05117,001,'24년 부대조달후식(바나나맛 우유) 구매,2024,LKP,5군수지원사령부,일반경쟁,단가제,적격심사제,202403051030,20240305,낙찰
정상공고,LKP0021,1,05118,001,'24년 부대조달후식(이온음료) 구매,2024,LKP,5군수지원사령부,일반경쟁,단가제,적격심사제,202403051030,20240305,낙찰
정상공고,LKP0022,1,05119,001,'24년 부대조달후식(탄산음료) 구매,2024,LKP,5군수지원사령부,일반경쟁,단가제,적격심사제,202403051030,20240305,낙찰
정상공고,LKP0023,1,05126,001,'24년 부대조달후식(콘형아이스크림) 구매,2024,LKP,5군수지원사령부,일반경쟁,단가제,적격심사제,202403051030,20240305,낙찰
정상공고,LKP0024,1,05127,001,'24년 부대조달후식(팩형아이스크림) 구매,2024,LKP,5군수지원사령부,일반경쟁,단가제,적격심사제,202403051030,20240305,낙찰
정상공고,LKP0025,1,05128,001,'24년 부대조달후식(샌드형아이스크림) 구매,2024,LKP,5군수지원사령부,일반경쟁,단가제,적격심사제,202403051030,20240305,낙찰
정상공고,LKP0026,1,05130,001,'24년 부대조달후식(컵형 아이스크림) 구매,2024,LKP,5군수지원사령부,일반경쟁,단가제,적격심사제,202403051030,20240305,낙찰
정상공고,LKP0027,1,05131,001,'24년 부대조달후식(팥빙수) 구매,2024,LKP,5군수지원사령부,일반경쟁,단가제,적격심사제,202403051030,20240305,낙찰
정상공고,LKP0028,1,05133,001,'24년 부대조달후식(짜먹는 발효유) 구매,2024,LKP,5군수지원사령부,일반경쟁,단가제,적격심사제,202403051030,20240305,낙찰
정상공고,LKP0029,1,05134,001,'24년 부대조달후식(떠먹는 발효유) 구매,2024,LKP,5군수지원사령부,일반경쟁,단가제,적격심사제,202403051030,20240305,낙찰
정상공고,LKP0030,1,05135,001,'24년 부대조달후식(토핑형 떠먹는 발효유) 구매,2024,LKP,5군수지원사령부,일반경쟁,단가제,적격심사제,202403051030,20240305,낙찰
정상공고,LKP0031,1,05136,001,'24년 부대조달후식(과일푸딩) 구매,2024,LKP,5군수지원사령부,일반경쟁,단가제,적격심사제,202403051030,20240305,낙찰
정상공고,LKP0032,1,05138,001,'24년 부대조달후식(과일바) 구매,2024,LKP,5군수지원사령부,제한경쟁,단가제,적격심사제,202403051030,20240305,낙찰
정상공고,LKP0033,1,05139,001,'24년 부대조달후식(초콜렛) 구매,2024,LKP,5군수지원사령부,제한경쟁,단가제,적격심사제,202403051030,20240305,낙찰
정상공고,LKP0034,1,05140,001,'24년 부대조달후식(에너지바) 구매,2024,LKP,5군수지원사령부,제한경쟁,단가제,적격심사제,202403051030,20240305,낙찰
정상공고,LKP0035,1,05141,001,'24년 부대조달후식(맛밤) 구매,2024,LKP,5군수지원사령부,일반경쟁,단가제,적격심사제,202403051030,20240305,낙찰
긴급공고,LNS0016,1,06520,***,24년 4~12월 예비군훈련 병력수송 임차용역(1권역),2024,LNS,제55보병사단,제한경쟁,총액제,적격심사제,202403051100,20240305,낙찰
정상공고,LQP0021,1,05487,***,24년 과학화경계시스템 외주정비 용역(경기권),2024,LQP,제1891부대,제한경쟁,총액제,적격심사제,202403051030,20240305,낙찰
정상공고,LQP0020,1,05489,***,24년 과학화경계시스템 외주정비 용역(강원권),2024,LQP,제1891부대,제한경쟁,총액제,적격심사제,202403051030,20240305,낙찰
정상공고,LQP0019,1,05490,***,24년 과학화경계시스템 외주정비 용역(충청권),2024,LQP,제1891부대,제한경쟁,총액제,적격심사제,202403051030,20240305,낙찰
정상공고,LQP0018,1,05491,***,24년 과학화경계시스템 외주정비 용역(경상권),2024,LQP,제1891부대,제한경쟁,총액제,적격심사제,202403051030,20240305,낙찰
정상공고,LQP0017,1,05492,***,24년 과학화경계시스템 외주정비 용역(전라권),2024,LQP,제1891부대,제한경쟁,총액제,적격심사제,202403051030,20240305,낙찰
긴급공고,MCF0005,1,06071,***,'24년 봉안함 명패 제조 구매,2024,MCF,국립서울현충원,제한경쟁,총액제,적격심사제,202403051030,20240305,낙찰
재공고,MCM0002,2,03025,***,사이버 자산정보 수집 분석체계 라이선스 구매,2024,MCM,4284부대,일반경쟁,총액제,적격심사제,202403051530,20240305,낙찰
정상공고,MDD0036,1,03726,***,2024 병리장비운영소모품(2) 50품목 구매,2024,MDD,국군수도병원,제한경쟁,총액제,적격심사제,202403051700,20240305,낙찰
정상공고,MDD0037,1,03731,***,2024 병리장비운영소모품(8) 113품목 구매,2024,MDD,국군수도병원,일반경쟁,총액제,적격심사제,202403051700,20240305,낙찰
긴급공고,MHD0013,1,03869,***,2024 방산기술보호 컨퍼런스 행사 시행,2024,MHD,방위사업청(운영지원과),협상에의한계약(전자),총액제,최저가격제,202403051500,20240305,낙찰
긴급공고,MHD0021,1,05377,***,방위사업 원가계산 외부용역(2차),2024,MHD,방위사업청(운영지원과),협상에의한계약(전자),총액제,최저가격제,202403051500,20240305,낙찰
재공고,SCF0125,2,02663,***,"리듀서, 호스용 등 5종 제조",2024,SCF,해군군수사령부,제한경쟁,총액제,적격심사제,202403051030,20240305,유찰
긴급공고,SCF0161,1,03030,001,공업용가스 5종 구매,2024,SCF,해군군수사령부,제한경쟁,단가제,적격심사제,202403051030,20240305,순위확정
긴급공고,SCF0161,1,03030,002,공업용가스 5종 구매,2024,SCF,해군군수사령부,제한경쟁,단가제,적격심사제,202403051030,20240305,순위확정
긴급공고,SCF0161,1,03030,003,공업용가스 5종 구매,2024,SCF,해군군수사령부,제한경쟁,단가제,적격심사제,202403051030,20240305,낙찰
긴급공고,SCF0161,1,03030,004,공업용가스 5종 구매,2024,SCF,해군군수사령부,제한경쟁,단가제,적격심사제,202403051030,20240305,순위확정
긴급공고,SCF0161,1,03030,005,공업용가스 5종 구매,2024,SCF,해군군수사령부,제한경쟁,단가제,적격심사제,202403051030,20240305,낙찰
긴급공고,SCF0165,1,03068,***,"펌프조립체,기어식 등 21종 구매",2024,SCF,해군군수사령부,제한경쟁,총액제,적격심사제,202403051030,20240305,낙찰
긴급공고,SCF0166,1,03394,***,"밸브,공기,방출제어용 1종 구매",2024,SCF,해군군수사령부,제한경쟁,총액제,적격심사제,202403051030,20240305,낙찰
긴급공고,SCF0170,1,03420,***,K급 소화기 51EA 제조,2024,SCF,해군군수사령부,제한경쟁,총액제,적격심사제,202403051030,20240305,유찰
재공고,SCF0156,2,03588,***,잠수함 잠망경 헤드윈도우 정비,2024,SCF,해군군수사령부,일반경쟁,총액제,적격심사제,202403051030,20240305,유찰
긴급공고,SCF0169,1,03790,***,클램프 등 11품목 구매,2024,SCF,해군군수사령부,제한경쟁,총액제,적격심사제,202403051030,20240305,낙찰
긴급공고,SCF0174,1,04070,***,고무 등 15종 구매,2024,SCF,해군군수사령부,제한경쟁,총액제,적격심사제,202403051030,20240305,낙찰
긴급공고,SCF0175,1,04085,***,감지센샤 등 14종 구매,2024,SCF,해군군수사령부,일반경쟁,총액제,적격심사제,202403051430,20240305,낙찰
긴급공고,SCF0167,1,04160,***,"'24년 수중청음기, 수중음파탐지기용 부품 정비",2024,SCF,해군군수사령부,일반경쟁,총액제,적격심사제,202403051030,20240305,낙찰
긴급공고,SCF0162,1,04630,***,"(긴급) 밸브, 나비형 등 37종",2024,SCF,해군군수사령부,제한경쟁,총액제,적격심사제,202403051030,20240305,낙찰
긴급공고,SCF0163,1,04632,***,"(긴급) 하우징, 액체펌프용 등 64종",2024,SCF,해군군수사령부,제한경쟁,총액제,적격심사제,202403051030,20240305,낙찰
긴급공고,SCF0164,1,04637,***,(긴급) 개스킷 등 44종,2024,SCF,해군군수사령부,제한경쟁,총액제,적격심사제,202403051030,20240305,낙찰
긴급공고,SCF0171,1,04694,***,조명스위치 등 19종 구매,2024,SCF,해군군수사령부,일반경쟁,총액제,적격심사제,202403051030,20240305,낙찰
긴급공고,SCF0179,1,04869,***,"(긴급)판,금속제 등 40종",2024,SCF,해군군수사령부,제한경쟁,총액제,적격심사제,202403051030,20240305,낙찰
긴급공고,SCF0168,1,05356,***,"접속장치, 자동자료처리용 등 2품목 구매",2024,SCF,해군군수사령부,제한경쟁,총액제,적격심사제,202403051030,20240305,유찰
긴급공고,SCF0178,1,05662,***,"(긴급)핀,토글용,유두형 등 38종",2024,SCF,해군군수사령부,제한경쟁,총액제,적격심사제,202403051030,20240305,낙찰
긴급공고,SCF0172,1,06081,***,"등, 침대용 등 4종 구매",2024,SCF,해군군수사령부,일반경쟁,총액제,적격심사제,202403051430,20240305,낙찰
긴급공고,SCF0173,1,06091,***,"가이드,위치결정용등 20종 / 구매",2024,SCF,해군군수사령부,일반경쟁,총액제,적격심사제,202403051430,20240305,낙찰
긴급공고,SCN0038,1,05906,***,24-간부숙소 드럼세탁기 168대 구매,2024,SCN,제7001부대,제한경쟁,총액제,적격심사제,202403051030,20240305,낙찰
긴급공고,SCR0020,1,05660,***,전자식 체중계 등 3종 구매,2024,SCR,해군제3함대사령부,제한경쟁,총액제,적격심사제,202403051030,20240305,순위확정
긴급공고,SCR0019,1,05666,***,"헤드, 유체 필터용 등 3종 구매",2024,SCR,해군제3함대사령부,제한경쟁,총액제,적격심사제,202403051030,20240305,낙찰
긴급공고,SCU0022,1,05405,***,철판김치덮밥 등 28종 구매,2024,SCU,해군 기동함대사령부,제한경쟁,총액제,적격심사제,202403051030,20240305,낙찰
긴급공고,SEE0011,1,06224,***,24-J-얼음냉온정수기 임차 용역,2024,SEE,제9해병여단,제한경쟁,총액제,적격심사제,202403051030,20240305,낙찰
긴급공고,SFC0010,1,03356,***,해병대 리더십 역량 진단 시스템 개발 연구,2024,SFC,제9691부대,2단계경쟁(동시),총액제,최저가격제,202403051030,20240305,낙찰
긴급공고,SFC0011,1,03360,***,마린온 4차 성과기반군수지원(PBL) 사업타당성 조사,2024,SFC,제9691부대,2단계경쟁(동시),총액제,최저가격제,202403051030,20240305,낙찰
긴급공고,SFC0019,1,05390,***,해병대 역사관 활용 방안 연구,2024,SFC,제9691부대,일반경쟁,총액제,적격심사제,202403051100,20240305,낙찰
긴급공고,SFH0031,1,05645,***,24년 가공식품 구매 납품(백령도),2024,SFH,제9196부대,일반경쟁,총액제,적격심사제,202403051100,20240305,낙찰
긴급공고,SFH0032,1,05647,***,24년 개선식 구매 납품(백령도),2024,SFH,제9196부대,일반경쟁,총액제,적격심사제,202403051100,20240305,낙찰
긴급공고,SFH0033,1,05648,***,24년 부대조달부식 구매 납품(대청도),2024,SFH,제9196부대,일반경쟁,총액제,적격심사제,202403051100,20240305,낙찰
재공고,UMM0070,2,01768,***,(24G029-B)24년 전반기 인원수송 버스임차 용역,2024,UMM,국군재정관리단,제한경쟁,총액제,적격심사제,202403051530,20240305,낙찰
정상공고,UMM0123,1,01906,***,24-D-수료병력 전세버스 수송용역,2024,UMM,국군재정관리단,제한경쟁,총액제,적격심사제,202403051530,20240305,유찰
정상공고,UMM0116,1,02120,***,(246015-D) 표정지 2종 구매,2024,UMM,국군재정관리단,제한경쟁,총액제,적격심사제,202403051530,20240305,낙찰
정상공고,UMM0102,1,03489,***,(247010-C) 24년 병리장비소모품(12) 9품목 구매,2024,UMM,국군재정관리단,제한경쟁,총액제,적격심사제,202403051530,20240305,낙찰
정상공고,UMM0103,1,03506,***,(247006-C) 24년 병리장비소모품(1) 96품목 구매,2024,UMM,국군재정관리단,일반경쟁,총액제,적격심사제,202403051530,20240305,낙찰
정상공고,UMM0129,1,03526,***,(247017-F) 병리장비운영소모품(9) 구매,2024,UMM,국군재정관리단,일반경쟁,총액제,적격심사제,202403051530,20240305,낙찰
정상공고,UMM0109,1,03538,***,(247007-D)병리장비운영소모품(4) 30품목 구매,2024,UMM,국군재정관리단,제한경쟁,총액제,적격심사제,202403051530,20240305,낙찰
정상공고,UMM0114,1,03541,***,(247011-D) 병리장비소모품(11) 92품목 구매,2024,UMM,국군재정관리단,일반경쟁,총액제,적격심사제,202403051530,20240305,낙찰
정상공고,UMM0126,1,03570,***,"(246032-E) '15,000LB 디젤 지게차 구매",2024,UMM,국군재정관리단,제한경쟁,총액제,적격심사제,202403051530,20240305,낙찰
정상공고,UMM0127,1,03615,***,(247016-E) 2024 병리장비운영소모품(5) 17품목 구매,2024,UMM,국군재정관리단,제한경쟁,총액제,적격심사제,202403051530,20240305,낙찰
정상공고,UMM0110,1,03640,***,(246066-D) 튜브밴딩기 CNC 구매,2024,UMM,국군재정관리단,일반경쟁,총액제,적격심사제,202403051530,20240305,낙찰
정상공고,UMM0115,1,03706,***,(246053-D)체력단련장 코스관리용 비료 구매,2024,UMM,국군재정관리단,일반경쟁,총액제,적격심사제,202403051530,20240305,유찰
정상공고,UMM0086,1,03765,***,24-N-수직 이착륙용 무인기 구매,2024,UMM,국군재정관리단,제한경쟁,총액제,적격심사제,202403051530,20240305,낙찰
정상공고,UMM0128,1,04265,***,(247055-F) 병리장비운영소모품(3) 구매,2024,UMM,국군재정관리단,일반경쟁,총액제,적격심사제,202403051530,20240305,낙찰
정상공고,UMM0104,1,04426,***,24-D- 영선보수자재 구매(241006-F),2024,UMM,국군재정관리단,일반경쟁,총액제,적격심사제,202403051530,20240305,낙찰
정상공고,UMM0099,1,05461,***,(24F047-A) 음식물류 폐기물 위탁처리 용역,2024,UMM,국군재정관리단,일반경쟁,총액제,적격심사제,202403051530,20240305,낙찰
긴급공고,HCR0009,1,03667,***,24년 하늘회관 식자재 납품,2024,HCR,공군제15특수임무비행단,2단계경쟁(동시),총액제,최저가격제,202403041000,20240304,낙찰
정상공고,LDH0176,1,04280,***,(화공) 접착제 등 16종구매,2024,LDH,육군종합정비창,제한경쟁,총액제,적격심사제,202403041300,20240304,낙찰
정상공고,LDH0178,1,04284,***,(화공) 쓰리본드 등 14종구매,2024,LDH,육군종합정비창,제한경쟁,총액제,적격심사제,202403041300,20240304,낙찰
정상공고,LDH0175,1,04289,***,(화공) 씨록스 등 9종구매,2024,LDH,육군종합정비창,제한경쟁,총액제,적격심사제,202403041300,20240304,낙찰
정상공고,LDH0177,1,04293,***,(화공) 알카리착색제 등 5종구매,2024,LDH,육군종합정비창,제한경쟁,총액제,적격심사제,202403041300,20240304,낙찰
정상공고,LDH0171,1,04320,***,(화공) 크실렌55가론 1종구매,2024,LDH,육군종합정비창,제한경쟁,총액제,적격심사제,202403041300,20240304,낙찰
정상공고,LDH0172,1,04495,***,(화공) 수산화나트륨 등 4종구매,2024,LDH,육군종합정비창,제한경쟁,총액제,적격심사제,202403041300,20240304,낙찰
정상공고,LDH0169,1,04509,***,"(화공) 화합물,닦기용 등 11종구매",2024,LDH,육군종합정비창,제한경쟁,총액제,적격심사제,202403041300,20240304,낙찰
정상공고,LDH0168,1,04511,***,(정비) 연마재 등 15종구매,2024,LDH,육군종합정비창,제한경쟁,총액제,적격심사제,202403041300,20240304,유찰
정상공고,LDH0167,1,04586,***,(일장) 장갑전투도자 엘보우 등 14품목 구매,2024,LDH,육군종합정비창,제한경쟁,총액제,적격심사제,202403041300,20240304,유찰
정상공고,LDH0161,1,04594,***,(일장) 다목적굴착기 튜브류 10품목 구매,2024,LDH,육군종합정비창,제한경쟁,총액제,적격심사제,202403041300,20240304,유찰
정상공고,LDH0158,1,04596,***,(일장) 교량가설단정 호스류 9품목 구매,2024,LDH,육군종합정비창,제한경쟁,총액제,적격심사제,202403041300,20240304,낙찰
정상공고,LDH0157,1,04597,***,(특무) 케이블 등 13품목 구매,2024,LDH,육군종합정비창,제한경쟁,총액제,적격심사제,202403041300,20240304,낙찰
정상공고,LDH0154,1,04599,***,(자재) 헬리코일 등 24종 구매,2024,LDH,육군종합정비창,제한경쟁,총액제,적격심사제,202403041300,20240304,낙찰
정상공고,LDH0155,1,04600,***,(자재) 특수강 등 11종 구매,2024,LDH,육군종합정비창,제한경쟁,총액제,적격심사제,202403041300,20240304,유찰
정상공고,LDH0156,1,04601,***,(자재) 호스피팅 등 2종 구매,2024,LDH,육군종합정비창,제한경쟁,총액제,적격심사제,202403041300,20240304,낙찰
정상공고,LDH0179,1,05607,***,(화공) 붕산 등 10종구매,2024,LDH,육군종합정비창,제한경쟁,총액제,적격심사제,202403041300,20240304,낙찰
정상공고,MDD0034,1,03732,***,2024 국군수도병원 유해환경근로자 특수건강진단 용역,2024,MDD,국군수도병원,제한경쟁,총액제,적격심사제,202403041230,20240304,낙찰
긴급공고,SFC0016,1,04078,***,24-덕-정신전력 영상교재 제작 용역,2024,SFC,제9691부대,2단계경쟁(동시),총액제,최저가격제,202403041230,20240304,낙찰
정상공고,UMM0091,1,02496,***,24-M-고공낙하산(행사용)구매(248008-F),2024,UMM,국군재정관리단,일반경쟁,총액제,적격심사제,202403041600,20240304,낙찰
긴급공고,HCF0024,1,01659,***,24-H-01 전원 공급기(B-9) 구매,2024,HCF,공군군수사령부,제한경쟁,총액제,적격심사제,202402291030,20240229,낙찰
긴급공고,HCL0018,1,05843,***,'24년 간부식당 식자재(리더십센터),2024,HCL,공군사관학교,제한경쟁,총액제,적격심사제,202402291030,20240229,유찰
긴급공고,HDF0019,1,05837,***,24년 공지합동작전훈련지원체계 유지보수,2024,HDF,공군 제8전투비행단,일반경쟁,총액제,적격심사제,202402291100,20240229,낙찰
긴급공고,LCG0012,1,02679,***,[24-육-22] A부대 지하형탄약고 사업타당성 조사 설계,2024,LCG,육군본부,2단계경쟁(동시),총액제,최저가격제,202402291100,20240229,낙찰
긴급공고,LCG0013,1,02680,***,[24-육-23] B부대 지하형탄약고 사업타당성 조사 설계,2024,LCG,육군본부,2단계경쟁(동시),총액제,최저가격제,202402291100,20240229,낙찰
재공고,LDH0094,2,03425,***,열상장비 볼트 등 5종 구매,2024,LDH,육군종합정비창,제한경쟁,총액제,적격심사제,202402291300,20240229,유찰
정상공고,LDH0140,1,04236,***,(정비) 배선터미널 등 17종구매,2024,LDH,육군종합정비창,제한경쟁,총액제,적격심사제,202402291300,20240229,낙찰
정상공고,LDH0144,1,04240,***,(정비) 알곤시린다밸브 등 79종구매,2024,LDH,육군종합정비창,제한경쟁,총액제,적격심사제,202402291300,20240229,낙찰
정상공고,LDH0143,1,04244,***,(정비) 용접가죽장갑 등 22종구매,2024,LDH,육군종합정비창,제한경쟁,총액제,적격심사제,202402291300,20240229,낙찰
정상공고,LDH0139,1,04250,***,(정비) 컷와이어 구매,2024,LDH,육군종합정비창,제한경쟁,총액제,적격심사제,202402291300,20240229,낙찰
정상공고,LDH0141,1,04252,***,(정비) 크롬크릿트 구매,2024,LDH,육군종합정비창,제한경쟁,총액제,적격심사제,202402291300,20240229,순위확정
정상공고,LDH0142,1,04255,***,(정비) 절연테이프 등 20종구매,2024,LDH,육군종합정비창,제한경쟁,총액제,적격심사제,202402291300,20240229,낙찰
정상공고,LDH0146,1,04262,***,(화공) 흑염스프레이 등 6종구매,2024,LDH,육군종합정비창,제한경쟁,총액제,적격심사제,202402291300,20240229,낙찰
정상공고,LDH0148,1,04267,***,(화공) 세정용세척제 1종구매,2024,LDH,육군종합정비창,제한경쟁,총액제,적격심사제,202402291300,20240229,낙찰
정상공고,LDH0145,1,04272,***,(화공) 페인트가스켓리무브 등 10종구매,2024,LDH,육군종합정비창,제한경쟁,총액제,적격심사제,202402291300,20240229,낙찰
정상공고,LDH0149,1,04275,***,(화공) 실리콘 백색1급 등 21종구매,2024,LDH,육군종합정비창,제한경쟁,총액제,적격심사제,202402291300,20240229,낙찰
정상공고,LDH0147,1,04278,***,(화공) 세라몰 등 14종구매,2024,LDH,육군종합정비창,제한경쟁,총액제,적격심사제,202402291300,20240229,낙찰
정상공고,LDH0150,1,04397,***,통신장비 트랜지스터 1종 구매,2024,LDH,육군종합정비창,제한경쟁,총액제,적격심사제,202402291300,20240229,유찰
정상공고,LDH0137,1,05103,***,24년 자동화창고 저장용 팔레트 구매,2024,LDH,육군종합정비창,제한경쟁,총액제,적격심사제,202402291300,20240229,유찰
정정공고,LGP0053,2,04750,***,"24년 부식, 쉘터차량 외주정비 용역(경기 북부)",2024,LGP,제1군수지원사령부,제한경쟁,총액제,적격심사제,202402291100,20240229,낙찰
정정공고,LGP0051,2,04752,***,"24년 부식, 쉘터차량 외주정비 용역(강원)",2024,LGP,제1군수지원사령부,제한경쟁,총액제,적격심사제,202402291100,20240229,낙찰
정정공고,LGP0058,2,05410,***,24년 부식 및 쉘터차량 외주정비용역(경기 서울 인천),2024,LGP,제1군수지원사령부,제한경쟁,총액제,적격심사제,202402291100,20240229,낙찰
긴급공고,LGT0004,1,05845,***,’24년 음식물류폐기물 위탁처리 용역(24-GS-5),2024,LGT,제2307부대,제한경쟁,총액제,적격심사제,202402291030,20240229,낙찰
긴급공고,LKG0013,1,05671,***,53사단 125-4대대 간부숙소신축 건축감리(비상주)용역,2024,LKG,육군제53보병사단,제한경쟁,총액제,적격심사제,202402291100,20240229,낙찰
정상공고,LKP0018,1,05234,***,'24년 M2 장간조립교 외주정비 용역,2024,LKP,5군수지원사령부,제한경쟁,총액제,적격심사제,202402291100,20240229,낙찰
긴급공고,LQG0022,1,05822,***,서초훈련대 교전장비 유지보수 용역,2024,LQG,육군 52보병사단,제한경쟁,총액제,적격심사제,202402291030,20240229,낙찰
긴급공고,LQG0023,1,05824,***,박달훈련대 교전장비 유지보수 용역,2024,LQG,육군 52보병사단,제한경쟁,총액제,적격심사제,202402291030,20240229,낙찰
정상공고,MDD0028,1,04086,***,2024 의무장비(한냉요법장치) 구매,2024,MDD,국군수도병원,제한경쟁,총액제,적격심사제,202402291100,20240229,낙찰
정상공고,MDD0029,1,04090,***,2024 의무장비(추나요법테이블) 구매,2024,MDD,국군수도병원,제한경쟁,총액제,적격심사제,202402291100,20240229,낙찰
정상공고,MDD0030,1,04091,***,2024 의무장비(흡인기 흉부배액용) 구매,2024,MDD,국군수도병원,제한경쟁,총액제,적격심사제,202402291100,20240229,낙찰
정상공고,MDD0031,1,04097,***,2024 의무장비(냉장고 혈액은행용 소형) 구매,2024,MDD,국군수도병원,제한경쟁,총액제,적격심사제,202402291100,20240229,낙찰
정상공고,MDD0033,1,04100,***,2024 의무장비(현미경 다안식) 구매,2024,MDD,국군수도병원,제한경쟁,총액제,적격심사제,202402291100,20240229,낙찰
정상공고,MDD0032,1,04102,***,2024 의무장비(무균작업대) 구매,2024,MDD,국군수도병원,제한경쟁,총액제,적격심사제,202402291100,20240229,낙찰
정상공고,MDF0004,1,05768,***,사령부 간부숙소 신축 관급자재(타일),2024,MDF,국군지휘통신사령부,제한경쟁,총액제,적격심사제,202402291030,20240229,유찰
정상공고,MDG0027,1,03817,***,24년 의무장비(레이저수술기 이산화탄소) 구매,2024,MDG,국군의무사령부,제한경쟁,총액제,적격심사제,202402291100,20240229,낙찰
정상공고,MDG0031,1,03818,***,24년 의무장비(흡인기 이동식) 구매,2024,MDG,국군의무사령부,제한경쟁,총액제,적격심사제,202402291100,20240229,낙찰
정상공고,MDG0030,1,03823,***,24년 의무장비(치주질환치료기) 구매,2024,MDG,국군의무사령부,제한경쟁,총액제,적격심사제,202402291100,20240229,낙찰
정상공고,MDG0028,1,03875,***,24년 의무장비(소독기 중형 치과용) 구매,2024,MDG,국군의무사령부,제한경쟁,총액제,적격심사제,202402291100,20240229,낙찰
정상공고,MDG0029,1,03876,***,24년 의무장비(전기소작기 치과용) 구매,2024,MDG,국군의무사령부,제한경쟁,총액제,적격심사제,202402291100,20240229,낙찰
정상공고,MDG0032,1,03993,***,24년 의무장비(흡인기 위장관배액용) 구매,2024,MDG,국군의무사령부,제한경쟁,총액제,적격심사제,202402291100,20240229,낙찰
정정공고,MDG0036,2,05255,***,24년 승강기 관리용역(경기권),2024,MDG,국군의무사령부,제한경쟁,총액제,적격심사제,202402291100,20240229,낙찰
정정공고,MDG0035,2,05256,***,24년 승강기 관리용역(서울지구병원),2024,MDG,국군의무사령부,제한경쟁,총액제,적격심사제,202402291100,20240229,낙찰
정정공고,MDG0034,2,05257,***,24년 승강기 관리용역(국군대구병원),2024,MDG,국군의무사령부,제한경쟁,총액제,적격심사제,202402291100,20240229,낙찰
정정공고,MDG0033,2,05258,***,24년 승강기 관리용역(국군함평병원),2024,MDG,국군의무사령부,제한경쟁,총액제,적격심사제,202402291100,20240229,낙찰
긴급공고,MDK0016,1,05825,***,군 전용철도 예초용역(2철도대),2024,MDK,국군수송사령부,제한경쟁,총액제,적격심사제,202402291100,20240229,낙찰
긴급공고,MDK0017,1,05827,***,군 전용철도 예초용역(1철도대),2024,MDK,국군수송사령부,제한경쟁,총액제,적격심사제,202402291100,20240229,낙찰
긴급공고,MDK0018,1,05830,***,군 전용철도 예초용역(3철도대),2024,MDK,국군수송사령부,제한경쟁,총액제,적격심사제,202402291330,20240229,낙찰
긴급공고,MHD0014,1,04048,***,해성-I 창정비요소개발 사업 비용분석,2024,MHD,방위사업청(운영지원과),협상에의한계약(전자),총액제,최저가격제,202402291500,20240229,낙찰
긴급공고,SCF0158,1,02639,***,베어링 등 4종 구매,2024,SCF,해군군수사령부,일반경쟁,총액제,적격심사제,202402291030,20240229,낙찰
긴급공고,SCF0157,1,02739,***,전원공급기 등 3종 구매,2024,SCF,해군군수사령부,제한경쟁,총액제,적격심사제,202402291030,20240229,낙찰
긴급공고,SCF0141,1,04101,***,"온도계, 자체포시실 등 3종 구매",2024,SCF,해군군수사령부,제한경쟁,총액제,적격심사제,202402291030,20240229,낙찰
긴급공고,SCF0140,1,04104,***,"램프, 발광용 다이오드용 3종 구매",2024,SCF,해군군수사령부,제한경쟁,총액제,적격심사제,202402291030,20240229,낙찰
긴급공고,SCF0159,1,05053,***,"(긴급)압축기,왕복식 등 33종",2024,SCF,해군군수사령부,제한경쟁,총액제,적격심사제,202402291030,20240229,낙찰
긴급공고,SCN0036,1,05728,***,'24-관사 및 간부숙소 보일러 설치 납품,2024,SCN,제7001부대,제한경쟁,총액제,적격심사제,202402291030,20240229,낙찰
긴급공고,SCQ0020,1,05500,***,24-체 계란 등 137종 구매,2024,SCQ,제9911부대,일반경쟁,총액제,적격심사제,202402291030,20240229,유찰
긴급공고,SFC0018,1,05801,***,토너 등 51품목 구매,2024,SFC,제9691부대,제한경쟁,총액제,적격심사제,202402291030,20240229,낙찰
정상공고,UMM0089,1,02476,***,(24G037-I)24년 의료기관종사자 잠복결핵 검진위탁,2024,UMM,국군재정관리단,일반경쟁,총액제,적격심사제,202402291100,20240229,낙찰
정상공고,UMM0084,1,02569,***,24-F-항공기술정보 외주번역 용역,2024,UMM,국군재정관리단,일반경쟁,총액제,적격심사제,202402291100,20240229,유찰
정상공고,UMM0078,1,03029,***,24-N-항공유 공급펌프 제조,2024,UMM,국군재정관리단,일반경쟁,총액제,적격심사제,202402291100,20240229,낙찰
정상공고,UMM0096,1,03539,***,(246065-C) 포밍기 구매,2024,UMM,국군재정관리단,제한경쟁,총액제,적격심사제,202402291100,20240229,낙찰
정상공고,UMM0098,1,03547,***,(247008-E) 병리장비운영소모품(6) 20품목구매,2024,UMM,국군재정관리단,제한경쟁,총액제,적격심사제,202402291100,20240229,낙찰
정상공고,UMM0087,1,03707,***,(24F057-A) 유류중대 급유검사 위탁용역,2024,UMM,국군재정관리단,제한경쟁,총액제,적격심사제,202402291100,20240229,낙찰
정상공고,UMM0088,1,04421,***,(247018-C) 특수수술재료(수술재료 2품목) 구매,2024,UMM,국군재정관리단,일반경쟁,총액제,적격심사제,202402291100,20240229,낙찰
정상공고,UMM0094,1,04635,***,(24G005-H)24년 MW EMS 유지보수 용역,2024,UMM,국군재정관리단,제한경쟁,총액제,적격심사제,202402291100,20240229,낙찰
정상공고,UMM0095,1,05163,***,(24G003-H)24~25년 지휘통신신속대응장비유지보수용역,2024,UMM,국군재정관리단,제한경쟁,총액제,적격심사제,202402291100,20240229,유찰
정상공고,UMM0097,1,05300,***,24-N-이동용 잠수펌프 17EA 제조,2024,UMM,국군재정관리단,제한경쟁,총액제,적격심사제,202402291100,20240229,낙찰
긴급공고,LBA0022,1,05545,***,‘24년 4~6월 부대조달 부식(빵류 60품목) 구매,2024,LBA,제 2167부대,일반경쟁,총액제,적격심사제,202402281030,20240228,낙찰
긴급공고,LCF0010,1,01856,***,안면보호기 등 3항목 구매(물자),2024,LCF,육군군수사령부,제한경쟁,총액제,적격심사제,202402281100,20240228,낙찰
정상공고,LDH0122,1,03911,***,24-7차 물류이동장비(5톤 전동화물운반차) 구매,2024,LDH,육군종합정비창,제한경쟁,총액제,적격심사제,202402281300,20240228,낙찰
정상공고,LDH0118,1,04168,***,(자재) 제재목등 5종 제조,2024,LDH,육군종합정비창,제한경쟁,총액제,적격심사제,202402281300,20240228,낙찰
정상공고,LDH0128,1,04198,***,(정비) 각반(발덮개토시) 등 15종구매,2024,LDH,육군종합정비창,제한경쟁,총액제,적격심사제,202402281300,20240228,낙찰
정상공고,LDH0124,1,04207,***,(정비) 도화용붓 등 56종구매,2024,LDH,육군종합정비창,제한경쟁,총액제,적격심사제,202402281300,20240228,낙찰
정상공고,LDH0130,1,04208,***,(정비) 케이블타이 등 36종구매,2024,LDH,육군종합정비창,제한경쟁,총액제,적격심사제,202402281300,20240228,낙찰
정상공고,LDH0126,1,04214,***,(정비) 페이스컷트팁 등 74종구매,2024,LDH,육군종합정비창,제한경쟁,총액제,적격심사제,202402281300,20240228,낙찰
정상공고,LDH0125,1,04218,***,(정비) 드릴 등 199종구매,2024,LDH,육군종합정비창,제한경쟁,총액제,적격심사제,202402281300,20240228,순위확정
정상공고,LDH0129,1,04222,***,(정비) 초경앤드밀 등 63종구매,2024,LDH,육군종합정비창,제한경쟁,총액제,적격심사제,202402281300,20240228,낙찰
정상공고,LDH0132,1,04224,***,(정비) 동절기 귀마개 등 38종구매,2024,LDH,육군종합정비창,제한경쟁,총액제,적격심사제,202402281300,20240228,낙찰
정상공고,LDH0133,1,04226,***,(정비) 프라스틱브러쉬 등 38종구매,2024,LDH,육군종합정비창,제한경쟁,총액제,적격심사제,202402281300,20240228,낙찰
정상공고,LDH0119,1,04233,***,(정비) 우의(하) 등 13종구매,2024,LDH,육군종합정비창,제한경쟁,총액제,적격심사제,202402281300,20240228,낙찰
정상공고,LDH0120,1,04234,***,(정비) PVC장갑 적색 등 17종구매,2024,LDH,육군종합정비창,제한경쟁,총액제,적격심사제,202402281300,20240228,낙찰
정상공고,LDH0136,1,04403,***,"K200 펌프,유압식 등 2종 구매",2024,LDH,육군종합정비창,제한경쟁,총액제,적격심사제,202402281300,20240228,낙찰
긴급공고,LFR0005,1,05442,***,"24년 전차(사격,조종) 시뮬레이터 외주정비",2024,LFR,육군기계화학교,제한경쟁,총액제,적격심사제,202402281700,20240228,낙찰
긴급공고,LGP0062,1,04742,***,"24년 표준 및 상용차량 외주정비용역(경기,서울,인천)",2024,LGP,제1군수지원사령부,제한경쟁,총액제,적격심사제,202402281100,20240228,낙찰
긴급공고,LGP0061,1,04743,***,24년 표준 및 상용차량 외주정비용역(강원),2024,LGP,제1군수지원사령부,제한경쟁,총액제,적격심사제,202402281100,20240228,유찰
긴급공고,LGP0060,1,04747,***,"24년 구난차 등3종 외주정비용역(경기, 서울, 인천)",2024,LGP,제1군수지원사령부,일반경쟁,총액제,적격심사제,202402281100,20240228,유찰
긴급공고,LGP0059,1,04748,***,24년 구난차 등 3종 외주정비용역(강원),2024,LGP,제1군수지원사령부,제한경쟁,총액제,적격심사제,202402281100,20240228,낙찰
긴급공고,LGP0063,1,05697,***,24년 이동형 기상측정세트 외주정비용역,2024,LGP,제1군수지원사령부,제한경쟁,총액제,적격심사제,202402281100,20240228,낙찰
정상공고,LKP0016,1,04477,001,'24년 1분기 부대계약(증식류) 구매,2024,LKP,5군수지원사령부,제한경쟁,단가제,적격심사제,202402281030,20240228,낙찰
정상공고,LKP0017,1,05010,***,'24년 함정장비 외주정비 용역,2024,LKP,5군수지원사령부,제한경쟁,총액제,적격심사제,202402281100,20240228,유찰
긴급공고,LMU0003,1,04696,001,(24-급-002)'24-2차 부대계약 식자재(가공품류) 계약,2024,LMU,제7군수지원단,일반경쟁,단가제,적격심사제,202402281100,20240228,낙찰
긴급공고,LMU0006,1,04699,001,(24-급-005) '24-2차 부대계약 식자재(빵류) 계약,2024,LMU,제7군수지원단,제한경쟁,단가제,적격심사제,202402281100,20240228,유찰
긴급공고,LMU0004,1,04703,001,(24-급-003) '24-2차 부대계약 식자재(가공품류) 계약,2024,LMU,제7군수지원단,일반경쟁,단가제,적격심사제,202402281100,20240228,낙찰
긴급공고,LMU0005,1,04704,001,(24-급-004) '24-2차 부대계약 식자재(가공품류) 계약,2024,LMU,제7군수지원단,일반경쟁,단가제,적격심사제,202402281100,20240228,낙찰
긴급공고,LQG0021,1,05694,***,서초훈련대 관제장비 유지보수 용역,2024,LQG,육군 52보병사단,제한경쟁,총액제,적격심사제,202402281030,20240228,유찰
긴급공고,LQG0020,1,05695,***,박달훈련대 관제장비 유지보수 용역,2024,LQG,육군 52보병사단,제한경쟁,총액제,적격심사제,202402281030,20240228,낙찰
긴급공고,MFH0003,1,05681,***,사무용기기(프린터 등) 임차 용역,2024,MFH,국방시설본부,제한경쟁,총액제,적격심사제,202402281100,20240228,낙찰
긴급공고,SCF0149,1,02754,***,안전등 등 8종 구매,2024,SCF,해군군수사령부,제한경쟁,총액제,적격심사제,202402281030,20240228,낙찰
긴급공고,SCF0147,1,03369,***,전원공급기 1품목 구매,2024,SCF,해군군수사령부,제한경쟁,총액제,적격심사제,202402281030,20240228,낙찰
긴급공고,SCF0148,1,03968,***,냉각제 등 9종 구매,2024,SCF,해군군수사령부,제한경쟁,총액제,적격심사제,202402281030,20240228,낙찰
긴급공고,SCF0155,1,04581,***,"(긴급)밸브,조절용,자동살수기용 131종",2024,SCF,해군군수사령부,제한경쟁,총액제,적격심사제,202402281030,20240228,낙찰
긴급공고,SCF0150,1,04624,***,(긴급) 솔레노이드 방향밸브 등 51종,2024,SCF,해군군수사령부,제한경쟁,총액제,적격심사제,202402281030,20240228,낙찰
긴급공고,SCF0151,1,04641,***,"(긴급) 노즐, 연료 분사용 등 26종",2024,SCF,해군군수사령부,제한경쟁,총액제,적격심사제,202402281030,20240228,낙찰
긴급공고,SCF0154,1,04835,***,"(긴급)제어장치,전압조정기용 등 52종",2024,SCF,해군군수사령부,제한경쟁,총액제,적격심사제,202402281030,20240228,낙찰
긴급공고,SCF0153,1,04838,***,"(긴급)패널,전기전자장비용 등 10종",2024,SCF,해군군수사령부,제한경쟁,총액제,적격심사제,202402281030,20240228,낙찰
긴급공고,SCF0152,1,04840,***,(긴급)회로카드조립체 등 15종,2024,SCF,해군군수사령부,제한경쟁,총액제,적격심사제,202402281030,20240228,낙찰
긴급공고,SCR0012,1,02978,***,회로 차단기 등 14종 구매,2024,SCR,해군제3함대사령부,제한경쟁,총액제,적격심사제,202402281030,20240228,낙찰
긴급공고,SCR0013,1,02981,***,연료라인 등 14종 구매,2024,SCR,해군제3함대사령부,제한경쟁,총액제,적격심사제,202402281030,20240228,순위확정
긴급공고,SCR0014,1,02982,***,"다기관, 배기용 등 4종 구매",2024,SCR,해군제3함대사령부,제한경쟁,총액제,적격심사제,202402281030,20240228,낙찰
긴급공고,SCR0015,1,02988,***,전자 구성품 조립체 등 4종 구매,2024,SCR,해군제3함대사령부,제한경쟁,총액제,적격심사제,202402281030,20240228,낙찰
긴급공고,SCR0016,1,02998,***,역류 방지 밸브 등 3종 구매,2024,SCR,해군제3함대사령부,제한경쟁,총액제,적격심사제,202402281030,20240228,낙찰
긴급공고,SCR0017,1,03001,***,"실드, 코일용 등 2종 구매",2024,SCR,해군제3함대사령부,제한경쟁,총액제,적격심사제,202402281030,20240228,낙찰
정상공고,UMM0077,1,01836,***,24-F-오폐수처리시설 관리용역,2024,UMM,국군재정관리단,일반경쟁,총액제,적격심사제,202402281100,20240228,낙찰
정상공고,UMM0083,1,02940,***,(247021-F)치과기공물 43종 제조,2024,UMM,국군재정관리단,제한경쟁,총액제,적격심사제,202402281100,20240228,낙찰
정상공고,UMM0079,1,03192,***,24-D-계룡대지역 방제용역,2024,UMM,국군재정관리단,제한경쟁,총액제,적격심사제,202402281100,20240228,낙찰
정상공고,UMM0074,1,03206,***,24-N- 친환경 소화기 등 3품목 구매,2024,UMM,국군재정관리단,일반경쟁,총액제,적격심사제,202402281100,20240228,낙찰
정상공고,UMM0068,1,03664,***,"24-N-함정, 병영시설 전문방제 용역",2024,UMM,국군재정관리단,일반경쟁,총액제,적격심사제,202402281100,20240228,낙찰
정상공고,UMM0082,1,03677,***,(24F052-A) 자동화창고 유지관리 용역,2024,UMM,국군재정관리단,일반경쟁,총액제,적격심사제,202402281100,20240228,유찰
정상공고,UMM0075,1,04524,***,24-F-대형콘크리트 절단기 구매,2024,UMM,국군재정관리단,제한경쟁,총액제,적격심사제,202402281100,20240228,낙찰
긴급공고,HCF0018,1,01664,***,24-H-07 지게차 저울,2024,HCF,공군군수사령부,제한경쟁,총액제,적격심사제,202402271030,20240227,낙찰
긴급공고,HCF0020,1,02610,***,"24-H-20  세척기, 압력식, 용제-물용",2024,HCF,공군군수사령부,제한경쟁,총액제,적격심사제,202402271030,20240227,낙찰
긴급공고,HCF0021,1,04983,***,빨간 머플러 제조,2024,HCF,공군군수사령부,제한경쟁,총액제,적격심사제,202402271030,20240227,낙찰
긴급공고,LBA0020,1,05070,***,‘24년 4~6월 부대조달 부식(소시지 등) 제조/구매,2024,LBA,제 2167부대,제한경쟁,총액제,적격심사제,202402271030,20240227,유찰
긴급공고,LBA0019,1,05071,***,‘24년 4~6월 부대조달 부식(마카롱 등) 제조/구매,2024,LBA,제 2167부대,제한경쟁,총액제,적격심사제,202402271030,20240227,낙찰
긴급공고,LBA0018,1,05072,***,‘24년 4~6월 부대조달 부식(돈가스 7품목) 제조/구매,2024,LBA,제 2167부대,제한경쟁,총액제,적격심사제,202402271030,20240227,유찰
긴급공고,LBA0015,1,05075,***,‘24년 4~6월 부대조달 부식(스팸형 햄) 구매,2024,LBA,제 2167부대,일반경쟁,총액제,적격심사제,202402271030,20240227,낙찰
긴급공고,LBA0014,1,05076,***,‘24년 4~6월 부대조달 부식(잡채어묵) 제조/구매,2024,LBA,제 2167부대,제한경쟁,총액제,적격심사제,202402271030,20240227,유찰
재공고,LCF0007,2,02761,***,"UH-60헬기 고도계, 압력용 등 4종 정비",2024,LCF,육군군수사령부,제한경쟁,총액제,적격심사제,202402271130,20240227,유찰
긴급공고,LCH0014,1,05537,***,5.56mm 대테러화기 세트 구매(특-24-물-4),2024,LCH,특수전사령부,일반경쟁,총액제,적격심사제,202402271030,20240227,유찰
긴급공고,LCJ0013,1,04548,***,(24군책-물품002)파렛트(황색) 구매,2024,LCJ,종합보급창,일반경쟁,총액제,적격심사제,202402271000,20240227,낙찰
재공고,LDH0060,3,02432,***,통신장비 나사 등 6종 구매,2024,LDH,육군종합정비창,제한경쟁,총액제,적격심사제,202402271300,20240227,유찰
정상공고,LDH0113,1,03736,***,통신장비 캐패시터 등 2종 구매,2024,LDH,육군종합정비창,제한경쟁,총액제,적격심사제,202402271300,20240227,유찰
정상공고,LDH0100,1,03831,***,24-4차 물류이동장비(워키리프트 트럭) 구매,2024,LDH,육군종합정비창,제한경쟁,총액제,적격심사제,202402271300,20240227,낙찰
정상공고,LDH0101,1,03835,***,24-5차 물류이동장비(2톤 전동화물운반차) 구매,2024,LDH,육군종합정비창,제한경쟁,총액제,적격심사제,202402271300,20240227,낙찰
정상공고,LDH0110,1,04034,***,(정비) 실리콘 건 등 25종구매,2024,LDH,육군종합정비창,제한경쟁,총액제,적격심사제,202402271300,20240227,낙찰
정상공고,LDH0109,1,04035,***,(정비) 에어호스 등 58종구매,2024,LDH,육군종합정비창,제한경쟁,총액제,적격심사제,202402271300,20240227,낙찰
정상공고,LDH0106,1,04039,***,(정비) 가제수입포 등 12종구매,2024,LDH,육군종합정비창,제한경쟁,총액제,적격심사제,202402271300,20240227,낙찰
정상공고,LDH0102,1,04041,***,(정비) 반면형호흡보호구 등 12종구매,2024,LDH,육군종합정비창,제한경쟁,총액제,적격심사제,202402271300,20240227,낙찰
정상공고,LDH0104,1,04042,***,(정비) 벨트사포 등 19종구매,2024,LDH,육군종합정비창,제한경쟁,총액제,적격심사제,202402271300,20240227,낙찰
정상공고,LDH0103,1,04043,***,(정비) 면장갑 구매,2024,LDH,육군종합정비창,제한경쟁,총액제,적격심사제,202402271300,20240227,낙찰
정상공고,LDH0107,1,04044,***,(정비) 방독마스크필터 등 15종구매,2024,LDH,육군종합정비창,제한경쟁,총액제,적격심사제,202402271300,20240227,낙찰
정상공고,LDH0121,1,04199,***,"(정비) 보호복,후드일체형등 9종구매",2024,LDH,육군종합정비창,제한경쟁,총액제,적격심사제,202402271300,20240227,낙찰
긴급공고,LFR0004,1,05415,***,24년 K200A1 장갑차 조종시뮬레이터 외주정비,2024,LFR,육군기계화학교,제한경쟁,총액제,적격심사제,202402271700,20240227,낙찰
재공고,LGP0025,2,03712,***,24년 TICN 제어장치 전원공급기 외주정비용역,2024,LGP,제1군수지원사령부,제한경쟁,총액제,적격심사제,202402271100,20240227,낙찰
긴급공고,LGP0054,1,04740,***,24년 특장차량 외주정비용역(강원),2024,LGP,제1군수지원사령부,제한경쟁,총액제,적격심사제,202402271100,20240227,유찰
긴급공고,LGP0057,1,04745,***,"24년 유조,급수,살수차 외주정비용역(경기,서울,인천)",2024,LGP,제1군수지원사령부,제한경쟁,총액제,적격심사제,202402271100,20240227,낙찰
긴급공고,LGP0056,1,04746,***,"24년 유조,급수,살수차 외주정비용역(강원)",2024,LGP,제1군수지원사령부,제한경쟁,총액제,적격심사제,202402271100,20240227,유찰
재공고,LKT0007,2,00496,001,24년 예비군훈련 도시락 제조납품(1권,2024,LKT,제1989부대,2단계경쟁(동시),단가제,최저가격제,202402271030,20240227,낙찰
재공고,LKT0008,2,00497,001,24년 예비군훈련 도시락 제조납품(2권,2024,LKT,제1989부대,2단계경쟁(동시),단가제,최저가격제,202402271030,20240227,낙찰
긴급공고,LKT0017,1,04670,***,24년 3~4월 부대조달 급식품목(빵류) 구매,2024,LKT,제1989부대,일반경쟁,총액제,적격심사제,202402271030,20240227,낙찰
긴급공고,LKT0018,1,04674,***,24년 3~4월 부대조달 급식품목(식육가공품) 구매,2024,LKT,제1989부대,일반경쟁,총액제,적격심사제,202402271030,20240227,낙찰
긴급공고,LNG0001,1,01572,***,2024년 예비군 도시락 제조납품,2024,LNG,육군 제1군단,협상에의한계약(전자),총액제,최저가격제,202402271030,20240227,낙찰
재공고,LPF0020,2,04031,***,24년 작계훈련 병력수송차량 임차(2권역),2024,LPF,제51보병사단,제한경쟁,총액제,적격심사제,202402271030,20240227,유찰
재공고,LPF0019,2,04032,***,24년 작계훈련 병력수송차량 임차(3권역),2024,LPF,제51보병사단,제한경쟁,총액제,적격심사제,202402271030,20240227,유찰
정상공고,LQG0015,1,04692,***,00훈련대 화장실(흡연부스) 관리 청소 용역(안양),2024,LQG,육군 52보병사단,제한경쟁,총액제,적격심사제,202402271030,20240227,낙찰
긴급공고,LQG0016,1,05054,***,00훈련대 화장실(흡연부스) 관리 청소 용역(서초),2024,LQG,육군 52보병사단,제한경쟁,총액제,적격심사제,202402271030,20240227,낙찰
긴급공고,LQG0017,1,05058,***,작계훈련 무기 등 수송 차량 임차(1권역),2024,LQG,육군 52보병사단,제한경쟁,총액제,적격심사제,202402271030,20240227,낙찰
긴급공고,LQG0018,1,05059,***,작계훈련 무기 등 수송 차량 임차(2권역),2024,LQG,육군 52보병사단,제한경쟁,총액제,적격심사제,202402271030,20240227,낙찰
긴급공고,LQG0019,1,05060,***,작계훈련 무기 등 수송 차량 임차(3권역),2024,LQG,육군 52보병사단,제한경쟁,총액제,적격심사제,202402271030,20240227,낙찰
정상공고,MDG0018,1,03242,***,24년 고리매개등온증폭 현장진단 소자 및 장비 개발,2024,MDG,국군의무사령부,2단계경쟁(동시),총액제,최저가격제,202402271030,20240227,유찰
정정공고,MDR0002,2,05098,***,스테레오 위성영상 구매,2024,MDR,제9965부대,일반경쟁,총액제,적격심사제,202402271100,20240227,낙찰
재공고,MHD0004,2,00316,***,2024 한-유럽 · 아시아 방산협력 컨퍼런스 행사,2024,MHD,방위사업청(운영지원과),협상에의한계약(전자),총액제,최저가격제,202402271500,20240227,낙찰
긴급공고,MHD0018,1,03704,***,2024년 국제표준 및 규격(DoD 등 4개) 구독,2024,MHD,방위사업청(운영지원과),제한경쟁,총액제,적격심사제,202402271700,20240227,유찰
긴급공고,SCF0133,1,01593,***,"잠수함(SS-I) 함조종장치 송신기,타각용(HPA) 정비",2024,SCF,해군군수사령부,일반경쟁,총액제,적격심사제,202402271030,20240227,유찰
긴급공고,SCF0127,1,01594,***,잠수함(SS-II) 축전지 감시센서 정비,2024,SCF,해군군수사령부,일반경쟁,총액제,적격심사제,202402271030,20240227,유찰
긴급공고,SCF0143,1,02149,***,"필터 엘리먼트, 유체용 등 1종 구매",2024,SCF,해군군수사령부,제한경쟁,총액제,적격심사제,202402271030,20240227,낙찰
긴급공고,SCF0144,1,02287,***,회로카드조립체 등 4종 구매,2024,SCF,해군군수사령부,제한경쟁,총액제,적격심사제,202402271030,20240227,낙찰
긴급공고,SCF0137,1,02635,***,오링 등 5종 구매,2024,SCF,해군군수사령부,제한경쟁,총액제,적격심사제,202402271030,20240227,낙찰
긴급공고,SCF0125,1,02663,***,"리듀서, 호스용 등 5종 제조",2024,SCF,해군군수사령부,제한경쟁,총액제,적격심사제,202402271030,20240227,유찰
긴급공고,SCF0142,1,02664,***,전원공급기 무정전식 2EA 구매,2024,SCF,해군군수사령부,제한경쟁,총액제,적격심사제,202402271030,20240227,유찰
긴급공고,SCF0136,1,02918,***,"필터 엘리먼트,유체용 1종 구매",2024,SCF,해군군수사령부,일반경쟁,총액제,적격심사제,202402271030,20240227,낙찰
긴급공고,SCF0135,1,03826,***,(긴급)콘넥트 조인트 등 33종,2024,SCF,해군군수사령부,제한경쟁,총액제,적격심사제,202402271030,20240227,낙찰
긴급공고,SCF0129,1,04020,***,"(긴급)박판,금속제 등 33종",2024,SCF,해군군수사령부,일반경쟁,총액제,적격심사제,202402271300,20240227,낙찰
긴급공고,SCF0131,1,04024,***,"(긴급)판,금속제 등 8종",2024,SCF,해군군수사령부,일반경쟁,총액제,적격심사제,202402271300,20240227,낙찰
긴급공고,SCF0130,1,04257,***,(긴급)재생 아크릴판 3MM 등 14종,2024,SCF,해군군수사령부,일반경쟁,총액제,적격심사제,202402271300,20240227,낙찰
긴급공고,SCF0124,1,04646,001,떡볶이떡 구매,2024,SCF,해군군수사령부,제한경쟁,단가제,적격심사제,202402271030,20240227,낙찰
긴급공고,SCF0138,1,05236,***,안테나 등 4품목 구매,2024,SCF,해군군수사령부,제한경쟁,총액제,적격심사제,202402271030,20240227,낙찰
정정공고,SCN0034,2,05031,***,타이어 등 142종 구매,2024,SCN,제7001부대,제한경쟁,총액제,적격심사제,202402271030,20240227,낙찰
긴급공고,SCP0022,1,05036,***,오렌지 등 14종 구매,2024,SCP,제8385부대,일반경쟁,총액제,적격심사제,202402271030,20240227,낙찰
긴급공고,SCP0023,1,05046,***,수육용 돼지고기 등 9종 구매,2024,SCP,제8385부대,일반경쟁,총액제,적격심사제,202402271030,20240227,낙찰
긴급공고,SEE0009,1,05318,***,24-J-얼음냉온정수기 임차 용역,2024,SEE,제9해병여단,제한경쟁,총액제,적격심사제,202402271030,20240227,유찰
정상공고,SFG0024,1,04817,***,UTP케이블 등 12품목 구매,2024,SFG,제9181부대,제한경쟁,총액제,적격심사제,202402271030,20240227,낙찰
긴급공고,SFN0019,1,04819,***,톤마대 제조 납품,2024,SFN,연평부대,제한경쟁,총액제,적격심사제,202402271030,20240227,낙찰
정상공고,UMM0076,1,00896,***,(24G019-A) 외진셔틀버스 민간용역(서부권역),2024,UMM,국군재정관리단,제한경쟁,총액제,적격심사제,202402271100,20240227,낙찰
정상공고,UMM0080,1,01202,***,(24G006-H)24~25년 교환기 유지보수 용역,2024,UMM,국군재정관리단,일반경쟁,총액제,적격심사제,202402271100,20240227,낙찰
정상공고,UMM0081,1,01696,***,(24F033-A) 조경관리용역,2024,UMM,국군재정관리단,제한경쟁,총액제,적격심사제,202402271100,20240227,낙찰
긴급공고,UMM0093,1,02860,***,(23F018-B) 24년 일반화물 수송용역,2024,UMM,국군재정관리단,일반경쟁,총액제,적격심사제,202402271100,20240227,낙찰
재공고,UMM0819,2,68095,***,24-N-0전단 민간위탁배송 용역,2023,UMM,국군재정관리단,일반경쟁,총액제,적격심사제,202402271100,20240227,유찰
긴급공고,HCQ0007,1,05064,***,'24년 병사식당 부식 공급,2024,HCQ,공군제5공중기동비행단,제한경쟁,총액제,적격심사제,202402261100,20240226,낙찰
긴급공고,LCG0007,1,02537,***,[24-육-16] A군단 부대변천사 연구용역,2024,LCG,육군본부,2단계경쟁(동시),총액제,최저가격제,202402261100,20240226,낙찰
긴급공고,LCG0008,1,02538,***,[24-육-17] B군단 부대변천사 연구용역,2024,LCG,육군본부,2단계경쟁(동시),총액제,최저가격제,202402261100,20240226,낙찰
긴급공고,LCG0009,1,02539,***,[24-육-18] C군지사 부대변천사 연구용역,2024,LCG,육군본부,2단계경쟁(동시),총액제,최저가격제,202402261100,20240226,낙찰
정상공고,LDH0098,1,04493,***,24년 자동화창고 외주정비 용역,2024,LDH,육군종합정비창,일반경쟁,총액제,적격심사제,202402261300,20240226,순위확정
정상공고,MDL0002,1,02629,***,국방조약집 제12집 용역,2024,MDL,국방부군사편찬연구소,협상에의한계약(전자),총액제,최저가격제,202402261100,20240226,유찰
긴급공고,MDS0003,1,04684,***,703체계 안테나 제어장비(ACU) 외주정비 용역,2024,MDS,제3707부대,제한경쟁,총액제,적격심사제,202402261130,20240226,유찰
정정공고,UAF0001,4,00457,***,군인복지기금 자산운용컨설팅,2024,UAF,국방부 인사복지실,협상에의한계약(서류),총액제,최저가격제,202402261500,20240226,유찰
정상공고,UMM0073,1,01925,***,24-N-000사 조경관리 용역,2024,UMM,국군재정관리단,제한경쟁,총액제,적격심사제,202402261100,20240226,낙찰
정상공고,UMM0064,1,03017,***,24-F-가스탄 등 6종 구매,2024,UMM,국군재정관리단,일반경쟁,총액제,적격심사제,202402261100,20240226,낙찰
정상공고,UMM0060,1,04122,***,24-F-로켓용 폭음통 구매(249011-F),2024,UMM,국군재정관리단,일반경쟁,총액제,적격심사제,202402261100,20240226,낙찰
정상공고,HCG0001,1,02124,***,'24년 호국 인물 영상물 제작용역,2024,HCG,공군본부,2단계경쟁(동시),총액제,최저가격제,202402231400,20240223,낙찰
정정공고,LCF0004,2,02647,***,컨테이너 물류체계 구축 소요판단 정책 연구과제 용역,2024,LCF,육군군수사령부,협상에의한계약(전자),총액제,최저가격제,202402231400,20240223,낙찰
정상공고,LDH0094,1,03425,***,열상장비 볼트 등 5종 구매,2024,LDH,육군종합정비창,제한경쟁,총액제,적격심사제,202402231300,20240223,유찰
정상공고,LDH0092,1,03719,***,통신장비 인덕터 등 6종 구매,2024,LDH,육군종합정비창,제한경쟁,총액제,적격심사제,202402231300,20240223,낙찰
정상공고,LDH0089,1,03729,***,통신장비 제어장치 등 7종 구매,2024,LDH,육군종합정비창,제한경쟁,총액제,적격심사제,202402231300,20240223,낙찰
정상공고,LIK0010,1,04329,***,'24-1차 일반폐기물 위탁처리 용역,2024,LIK,제2군수지원여단,제한경쟁,총액제,적격심사제,202402231030,20240223,낙찰
정상공고,LIK0011,1,04349,***,'24-1차 지정폐기물 위탁처리 용역 (수정),2024,LIK,제2군수지원여단,제한경쟁,총액제,적격심사제,202402231030,20240223,낙찰
긴급공고,MCD0003,1,03042,***,2024년 국방부 독서통신교육 위탁운영,2024,MCD,국방부(운영지원과),협상에의한계약(전자),총액제,최저가격제,202402231100,20240223,낙찰
긴급공고,MCD0004,1,03054,***,2024년 국방부 전화화상 외국어 위탁운영,2024,MCD,국방부(운영지원과),협상에의한계약(전자),총액제,최저가격제,202402231100,20240223,낙찰
정상공고,MDG0020,1,03322,***,24년 의무장비(슬라이드가온기) 구매,2024,MDG,국군의무사령부,일반경쟁,총액제,적격심사제,202402231100,20240223,낙찰
정상공고,MDG0022,1,03323,***,24년 의무장비(5가지 기능점검기) 구매,2024,MDG,국군의무사령부,제한경쟁,총액제,적격심사제,202402231100,20240223,낙찰
정상공고,MDG0021,1,03324,***,24년 의무장비(냉장고 혈액은행용 대형) 구매,2024,MDG,국군의무사령부,제한경쟁,총액제,적격심사제,202402231100,20240223,낙찰
정상공고,MDG0019,1,03325,***,24년 의무장비(멀티메타계수형 등 2품목) 구매,2024,MDG,국군의무사령부,일반경쟁,총액제,적격심사제,202402231100,20240223,낙찰
정정공고,MDJ0003,2,04159,***,24년 의료폐기물 처리용역,2024,MDJ,국군대전병원,일반경쟁,총액제,적격심사제,202402231030,20240223,낙찰
정상공고,SFG0020,1,04062,***,주름관 등 157품목 구매,2024,SFG,제9181부대,제한경쟁,총액제,적격심사제,202402231030,20240223,낙찰
정상공고,SFG0021,1,04064,***,연료필터 카트리지 등 91품목 구매(수리부속),2024,SFG,제9181부대,제한경쟁,총액제,적격심사제,202402231030,20240223,낙찰
정상공고,SFG0022,1,04065,***,세균필터 엘리먼트 등 20품목 구매(수리부속),2024,SFG,제9181부대,제한경쟁,총액제,적격심사제,202402231030,20240223,순위확정
정상공고,SFG0023,1,04066,***,권총보관함 등 9품목 구매,2024,SFG,제9181부대,제한경쟁,총액제,적격심사제,202402231030,20240223,낙찰
정상공고,UMM0069,1,01613,***,(24F015-I)24년 탄약수송 용역,2024,UMM,국군재정관리단,일반경쟁,총액제,적격심사제,202402231100,20240223,낙찰
정상공고,UMM0065,1,02220,***,(246026-C) 폴리에스터 멀티로프 3종 구매,2024,UMM,국군재정관리단,제한경쟁,총액제,적격심사제,202402231100,20240223,낙찰
정상공고,UMM0062,1,02899,***,(246025-F) 교육재료 소모품  구매,2024,UMM,국군재정관리단,제한경쟁,총액제,적격심사제,202402231100,20240223,낙찰
정상공고,UMM0067,1,03172,***,(246043-C) 인양기 성능시험장비 제조,2024,UMM,국군재정관리단,제한경쟁,총액제,적격심사제,202402231100,20240223,낙찰
정상공고,UMM0063,1,03185,***,24-N-체력단련장 농약  구매(248020-F),2024,UMM,국군재정관리단,제한경쟁,총액제,적격심사제,202402231100,20240223,낙찰
정상공고,UMM0072,1,04376,***,(23F038-B)24년 음식물류 폐기물처리용역,2024,UMM,국군재정관리단,제한경쟁,총액제,적격심사제,202402231100,20240223,낙찰
긴급공고,HCF0016,1,02328,***,항공기용 접착제 등 17종,2024,HCF,공군군수사령부,제한경쟁,총액제,적격심사제,202402221030,20240222,낙찰
긴급공고,HCF0014,1,04242,***,손톱깎이 제조,2024,HCF,공군군수사령부,제한경쟁,총액제,적격심사제,202402221030,20240222,낙찰
긴급공고,HCL0017,1,02531,***,"24-015 윤활유, 항공기 피스톤 엔진용 등 2종",2024,HCL,공군사관학교,제한경쟁,총액제,적격심사제,202402221030,20240222,유찰
긴급공고,HDT0006,1,04261,***,'24년 병사식당 브런치 및 자율운영부식 계약,2024,HDT,공군작사근무지원단,제한경쟁,총액제,적격심사제,202402221100,20240222,낙찰
정정공고,LBB0008,3,04282,001,'24-2차 민수용 작전식량 구매,2024,LBB,육군제7789부대,제한경쟁,단가제,적격심사제,202402221030,20240222,낙찰
재공고,LDH0048,2,02167,***,"K77지휘차 기어,나선형 구매",2024,LDH,육군종합정비창,제한경쟁,총액제,적격심사제,202402221300,20240222,낙찰
정상공고,LDH0085,1,03359,***,24-1차 정비용 장비 부품 구매,2024,LDH,육군종합정비창,제한경쟁,총액제,적격심사제,202402221300,20240222,낙찰
긴급공고,LDH0099,1,04547,***,24년 00부대 기계설비 성능점검용역,2024,LDH,육군종합정비창,제한경쟁,총액제,적격심사제,202402221330,20240222,낙찰
긴급공고,LGP0050,1,03384,001,24-2차 식자재 다수품목 단가계약(경기 서부),2024,LGP,제1군수지원사령부,일반경쟁,단가제,적격심사제,202402221100,20240222,낙찰
긴급공고,LGP0049,1,03385,001,24-2차 식자재 다수품목 단가계약(경기 남부),2024,LGP,제1군수지원사령부,일반경쟁,단가제,적격심사제,202402221100,20240222,낙찰
정정공고,LKF0001,2,00403,***,'24년 예비군 도시락 제조납품(1권역),2024,LKF,제6755부대,협상에의한계약(전자),총액제,최저가격제,202402220900,20240222,낙찰
정정공고,LKF0002,2,00404,***,'24년 예비군 도시락 제조납품(2권역),2024,LKF,제6755부대,협상에의한계약(전자),총액제,최저가격제,202402220900,20240222,낙찰
정정공고,LKF0003,2,00405,***,'24년 예비군 도시락 제조납품(3권역),2024,LKF,제6755부대,협상에의한계약(전자),총액제,최저가격제,202402220900,20240222,낙찰
재공고,LQG0010,2,03623,***,(육성) 예비군훈련 병력수송버스 임차 용역(2권역),2024,LQG,육군 52보병사단,제한경쟁,총액제,적격심사제,202402221030,20240222,유찰
재공고,LQG0011,2,03624,***,(육성) 예비군훈련 병력수송버스 임차 용역(3권역),2024,LQG,육군 52보병사단,제한경쟁,총액제,적격심사제,202402221030,20240222,유찰
긴급공고,MDS0002,1,04505,***,703체계 수리부속(TRU) 구매,2024,MDS,제3707부대,제한경쟁,총액제,적격심사제,202402221030,20240222,낙찰
긴급공고,MFK0003,1,03945,***,교육훈련용 물품 구매,2024,MFK,제9912부대,제한경쟁,총액제,적격심사제,202402221100,20240222,낙찰
긴급공고,SCF0122,1,02333,***,샤워기 헤드 등 5품목 구매,2024,SCF,해군군수사령부,제한경쟁,총액제,적격심사제,202402221030,20240222,낙찰
긴급공고,SCF0119,1,02396,***,"날, 앞유리창 닦기용 등 9종 구매",2024,SCF,해군군수사령부,제한경쟁,총액제,적격심사제,202402221030,20240222,순위확정
긴급공고,SCF0121,1,02617,***,"랜턴,전기식 2종 구매",2024,SCF,해군군수사령부,제한경쟁,총액제,적격심사제,202402221030,20240222,낙찰
긴급공고,SCF0120,1,02932,***,플라스틱판 등 2종 구매,2024,SCF,해군군수사령부,제한경쟁,총액제,적격심사제,202402221030,20240222,낙찰
긴급공고,SCK0017,1,03486,***,24-양성교육생 안보교육 및 문화예술 접목형 교육용역,2024,SCK,해군교육사령부,2단계경쟁(동시),총액제,최저가격제,202402221000,20240222,유찰
긴급공고,SCP0021,1,04562,***,배맛음료 등 142종 구매,2024,SCP,제8385부대,일반경쟁,총액제,적격심사제,202402221030,20240222,낙찰
긴급공고,SFH0030,1,04520,***,24-B-소규모 급수시설 유지관리용역(도서지역),2024,SFH,제9196부대,제한경쟁,총액제,적격심사제,202402221030,20240222,낙찰
긴급공고,SFN0008,1,03456,***,24-Y-가공식품(부대) 구매 납품,2024,SFN,연평부대,일반경쟁,총액제,적격심사제,202402221030,20240222,낙찰
긴급공고,SFN0009,1,03459,***,24-Y-두채류 구매 납품,2024,SFN,연평부대,일반경쟁,총액제,적격심사제,202402221030,20240222,낙찰
긴급공고,SFN0010,1,03463,***,24-Y-기호식품 구매 납품,2024,SFN,연평부대,일반경쟁,총액제,적격심사제,202402221030,20240222,낙찰
긴급공고,SFN0011,1,03465,***,24-Y-개선식 구매 납품,2024,SFN,연평부대,제한경쟁,총액제,적격심사제,202402221030,20240222,낙찰
긴급공고,SFN0013,1,03469,***,24-Y-빵류 제조 납품,2024,SFN,연평부대,제한경쟁,총액제,적격심사제,202402221030,20240222,유찰
긴급공고,SFN0014,1,03473,***,24-Y-어육가공식품 제조 납품,2024,SFN,연평부대,제한경쟁,총액제,적격심사제,202402221030,20240222,유찰
긴급공고,SFN0015,1,03483,***,24-Y-김치류 제조 납품,2024,SFN,연평부대,제한경쟁,총액제,적격심사제,202402221030,20240222,낙찰
긴급공고,SFN0016,1,04484,***,튜브형 PE롤비닐 등 408종 구매 납품,2024,SFN,연평부대,제한경쟁,총액제,적격심사제,202402221030,20240222,낙찰
긴급공고,SFN0017,1,04510,***,수도꼭지 등 244종 구매 납품,2024,SFN,연평부대,제한경쟁,총액제,적격심사제,202402221030,20240222,낙찰
긴급공고,SFN0018,1,04563,***,24-Y-식육가공식품 제조 납품,2024,SFN,연평부대,제한경쟁,총액제,적격심사제,202402221030,20240222,유찰
정상공고,UMM0053,1,01824,***,24-F-체력단련장 농약 44종 구매,2024,UMM,국군재정관리단,제한경쟁,총액제,적격심사제,202402221100,20240222,낙찰
정상공고,UMM0058,1,02623,***,24-D-고해상도평판스캐너 구매,2024,UMM,국군재정관리단,제한경쟁,총액제,적격심사제,202402221100,20240222,낙찰
정상공고,UMM0059,1,03676,***,(24G007-H)24~25년 국방전화번호검색체계통합유지보수,2024,UMM,국군재정관리단,제한경쟁,총액제,적격심사제,202402221100,20240222,낙찰
정상공고,UMM0051,1,03830,***,24-N-의약품 139종 구매,2024,UMM,국군재정관리단,일반경쟁,총액제,적격심사제,202402221100,20240222,낙찰
재공고,UMM0817,2,67901,***,24-F-오ㆍ폐수 처리시설 관리용역,2023,UMM,국군재정관리단,제한경쟁,총액제,적격심사제,202402221100,20240222,낙찰
긴급공고,HCF0013,1,02332,***,항공기용 실링 컴파운드 구매,2024,HCF,공군군수사령부,제한경쟁,총액제,적격심사제,202402211030,20240221,낙찰
긴급공고,HCF0015,1,02338,***,[시동용 발전기 부품]배출구 등 19종,2024,HCF,공군군수사령부,제한경쟁,총액제,적격심사제,202402211030,20240221,낙찰
정상공고,HCL0016,1,03846,***,"24-011, 012 낙하산 보관함 등 3종",2024,HCL,공군사관학교,제한경쟁,총액제,적격심사제,202402211030,20240221,낙찰
긴급공고,LCF0009,1,01691,***,"포장재료, 방수, 가요성 1품목 제조(물자)",2024,LCF,육군군수사령부,제한경쟁,총액제,적격심사제,202402211100,20240221,낙찰
재공고,LCF0006,2,01853,***,"전지,재충전불가식(PC-132A건전지)등 3항목 구매(물자",2024,LCF,육군군수사령부,제한경쟁,총액제,적격심사제,202402211100,20240221,낙찰
긴급공고,LCF0008,1,02266,***,물통(플라스틱) 등 13항목 구매(물자),2024,LCF,육군군수사령부,제한경쟁,총액제,적격심사제,202402211100,20240221,낙찰
긴급공고,LCH0013,1,04193,***,5.56mm 대테러화기 세트 구매(특-24-물-4),2024,LCH,특수전사령부,일반경쟁,총액제,적격심사제,202402211030,20240221,유찰
긴급공고,LDF0001,1,04010,***,'17년 사이버대응 훈련센터 구축 유지보수 용역,2024,LDF,육군정보통신학교,제한경쟁,총액제,적격심사제,202402211030,20240221,낙찰
긴급공고,LDF0002,1,04011,***,'18년 사이버 온라인 교육센터 교체 유지보수 용역,2024,LDF,육군정보통신학교,제한경쟁,총액제,적격심사제,202402211030,20240221,낙찰
긴급공고,LDF0003,1,04012,***,'19년 사이버 대응 훈련센터 보강사업 유지보수 용역,2024,LDF,육군정보통신학교,제한경쟁,총액제,적격심사제,202402211030,20240221,낙찰
긴급공고,LDF0004,1,04013,***,'21년 사이버 온라인 교육센터 교체 유지보수 용역,2024,LDF,육군정보통신학교,제한경쟁,총액제,적격심사제,202402211030,20240221,낙찰
정상공고,LDH0074,1,03024,***,"세척기, 로드휠 외주정비 용역",2024,LDH,육군종합정비창,제한경쟁,총액제,적격심사제,202402211300,20240221,낙찰
정상공고,LDH0073,1,03026,***,레이저가공기 외주정비 용역,2024,LDH,육군종합정비창,제한경쟁,총액제,적격심사제,202402211300,20240221,낙찰
정상공고,LDH0076,1,03532,***,(화공) 고압질소 1종 구매,2024,LDH,육군종합정비창,제한경쟁,총액제,적격심사제,202402211300,20240221,유찰
정상공고,LDH0075,1,03534,***,(화공) 혼합가스 등 5종 구매,2024,LDH,육군종합정비창,제한경쟁,총액제,적격심사제,202402211300,20240221,유찰
정상공고,LDH0079,1,03663,***,(자재) 도장자재 락카스프레이 황색 등 12종 구매,2024,LDH,육군종합정비창,제한경쟁,총액제,적격심사제,202402211300,20240221,순위확정
정상공고,LDH0081,1,03671,***,(자재) 특수윤활유 절삭유 등 4종 구매,2024,LDH,육군종합정비창,제한경쟁,총액제,적격심사제,202402211300,20240221,유찰
정상공고,LDH0082,1,03675,***,(자재) 정비용철재 환봉 등 13종 구매,2024,LDH,육군종합정비창,제한경쟁,총액제,적격심사제,202402211300,20240221,낙찰
정상공고,LDH0084,1,03685,***,(자재) 포장자재 양면접착테이프 등 6종 구매,2024,LDH,육군종합정비창,제한경쟁,총액제,적격심사제,202402211300,20240221,유찰
긴급공고,LHN0005,1,04119,***,24년 음식물류 폐기물 위탁처리용역,2024,LHN,제7보병사단,일반경쟁,총액제,적격심사제,202402211030,20240221,낙찰
긴급공고,LKG0009,1,04196,***,53사단 의무근무대 신축 건축공사감리(상주)용역,2024,LKG,육군제53보병사단,제한경쟁,총액제,적격심사제,202402211100,20240221,낙찰
긴급공고,LKG0010,1,04209,***,24년 상병건강검진 민간 위탁(부산),2024,LKG,육군제53보병사단,제한경쟁,총액제,적격심사제,202402211600,20240221,유찰
정상공고,MCS0021,1,02812,***,방향제 등 97종 구매,2024,MCS,국방부계룡대근무지원단,일반경쟁,총액제,적격심사제,202402211030,20240221,낙찰
긴급공고,SCF0116,1,02247,***,디스플레이 유닛 1종 구매,2024,SCF,해군군수사령부,제한경쟁,총액제,적격심사제,202402211030,20240221,낙찰
긴급공고,SCF0117,1,02534,***,알루미늄 리벳트 건 4.8밀리 등 3품목 구매,2024,SCF,해군군수사령부,제한경쟁,총액제,적격심사제,202402211030,20240221,유찰
재공고,SCN0029,2,03299,***,24-진-03 음식물류 폐기물 처리용역,2024,SCN,제7001부대,제한경쟁,총액제,적격심사제,202402211030,20240221,낙찰
긴급공고,SFH0028,1,04369,***,24-B-무인감시장비 및 열 영상카메라 유지보수 용역,2024,SFH,제9196부대,일반경쟁,총액제,적격심사제,202402211030,20240221,낙찰
긴급공고,SFN0006,1,04380,***,24-Y-얼음냉온정수기 임차 용역(24~27년),2024,SFN,연평부대,제한경쟁,총액제,적격심사제,202402211030,20240221,낙찰
긴급공고,UHD0007,1,04366,***,'24년 오수/폐수처리시설 관리 용역,2024,UHD,공군 작사예하 방포사예하 제3여단,제한경쟁,총액제,적격심사제,202402211100,20240221,낙찰
정상공고,UMM0054,1,02637,***,(247019-D)특수수술재료(골이식재료1) 구매,2024,UMM,국군재정관리단,일반경쟁,총액제,적격심사제,202402211100,20240221,낙찰
재공고,HCF0012,2,03455,***,탄도탄 조기경보레이다 냉각체계 유지보수,2024,HCF,공군군수사령부,제한경쟁,총액제,적격심사제,202402201030,20240220,낙찰
긴급공고,HDN0009,1,04017,***,24-주거시설 시설물 보수공사 설계용역,2024,HDN,공군제18전투비행단,제한경쟁,총액제,적격심사제,202402201200,20240220,순위확정
긴급공고,LCF0007,1,02761,***,"UH-60헬기 고도계, 압력용 등 4종 정비",2024,LCF,육군군수사령부,제한경쟁,총액제,적격심사제,202402201130,20240220,유찰
긴급공고,LCH0012,1,04134,001,음식물류폐기물 위탁처리 용역(재경권역),2024,LCH,특수전사령부,제한경쟁,단가제,적격심사제,202402201030,20240220,유찰
재공고,LCP0009,2,01433,***,24년 비행훈련 시뮬레이터(SFTS) 외주정비 용역,2024,LCP,육군항공사령부,제한경쟁,총액제,적격심사제,202402201130,20240220,유찰
정정공고,LGP0028,2,03134,***,"24년 특수무기 전력변환기(천마, 비호) 외주정비 용역",2024,LGP,제1군수지원사령부,일반경쟁,총액제,적격심사제,202402201100,20240220,낙찰
긴급공고,LNR0001,1,04083,***,'24년 생활폐기물 처리용역,2024,LNR,수도기계화보병사단,일반경쟁,총액제,적격심사제,202402201100,20240220,유찰
긴급공고,LNR0002,1,04089,***,'24년 음식물류 폐기물 수집 및 위탁처리 용역,2024,LNR,수도기계화보병사단,제한경쟁,총액제,적격심사제,202402201100,20240220,낙찰
정정공고,LPF0006,2,00648,001,24년 예비군 도시락 제조 납품(1권역),2024,LPF,제51보병사단,2단계경쟁(동시),단가제,최저가격제,202402201030,20240220,낙찰
정정공고,LPF0007,2,00649,001,24년 예비군 도시락 제조 납품(2권역),2024,LPF,제51보병사단,2단계경쟁(동시),단가제,최저가격제,202402201030,20240220,낙찰
긴급공고,LPF0022,1,04025,***,24년 작계훈련 무기수송차량 임차(1권역),2024,LPF,제51보병사단,제한경쟁,총액제,적격심사제,202402201030,20240220,낙찰
긴급공고,LPF0024,1,04026,***,24년 작계훈련 무기수송차량 임차(2권역),2024,LPF,제51보병사단,제한경쟁,총액제,적격심사제,202402201030,20240220,낙찰
긴급공고,LPF0023,1,04027,***,24년 작계훈련 무기수송차량 임차(3권역),2024,LPF,제51보병사단,제한경쟁,총액제,적격심사제,202402201030,20240220,낙찰
긴급공고,LPF0020,1,04031,***,24년 작계훈련 병력수송차량 임차(2권역),2024,LPF,제51보병사단,제한경쟁,총액제,적격심사제,202402201030,20240220,유찰
긴급공고,LPF0019,1,04032,***,24년 작계훈련 병력수송차량 임차(3권역),2024,LPF,제51보병사단,제한경쟁,총액제,적격심사제,202402201030,20240220,유찰
긴급공고,LQH0017,1,03950,***,24년 작계훈련 무기수송 차량 임차,2024,LQH,제3697부대,제한경쟁,총액제,적격심사제,202402201100,20240220,낙찰
긴급공고,MHD0008,1,02166,***,'24년 사이버보안 취약점 진단 사업,2024,MHD,방위사업청(운영지원과),협상에의한계약(전자),총액제,최저가격제,202402201500,20240220,낙찰
긴급공고,MHP0003,1,03080,***,유해발굴 인원 단체보험 가입 용역,2024,MHP,국방부유해발굴감식단,제한경쟁,총액제,적격심사제,202402201100,20240220,유찰
긴급공고,SCF0112,1,01850,***,리어카(몸체) 등 3종 구매,2024,SCF,해군군수사령부,제한경쟁,총액제,적격심사제,202402201030,20240220,낙찰
긴급공고,SCF0111,1,02142,***,"필터조립체,정수용 345EA 구매",2024,SCF,해군군수사령부,제한경쟁,총액제,적격심사제,202402201030,20240220,낙찰
긴급공고,SCF0110,1,02156,***,"바이스,수동식 등 13종 구매",2024,SCF,해군군수사령부,제한경쟁,총액제,적격심사제,202402201030,20240220,낙찰
긴급공고,SCF0109,1,02165,***,"납땜인두,가스식 등 18종 구매",2024,SCF,해군군수사령부,제한경쟁,총액제,적격심사제,202402201030,20240220,낙찰
긴급공고,SCF0115,1,02181,***,"고정물, 전등용 2종 구매",2024,SCF,해군군수사령부,일반경쟁,총액제,적격심사제,202402201030,20240220,낙찰
긴급공고,SCF0114,1,02196,***,(긴급) 캠 롤러 등 5종,2024,SCF,해군군수사령부,제한경쟁,총액제,적격심사제,202402201030,20240220,낙찰
긴급공고,SCF0113,1,02199,***,"(긴급) 시일 조립체, 굴대용, 용수철 부하식 등 50종",2024,SCF,해군군수사령부,제한경쟁,총액제,적격심사제,202402201030,20240220,낙찰
긴급공고,SFC0009,1,03298,***,24-덕-기념휘장 셋트 구매,2024,SFC,제9691부대,제한경쟁,총액제,적격심사제,202402201030,20240220,낙찰
긴급공고,SFC0015,1,03697,***,24-덕-체 비료 8종 구매,2024,SFC,제9691부대,제한경쟁,총액제,적격심사제,202402201030,20240220,낙찰
긴급공고,SFC0014,1,03699,***,24-덕-체 농약 13종 구매,2024,SFC,제9691부대,제한경쟁,총액제,적격심사제,202402201030,20240220,낙찰
긴급공고,SFC0013,1,03700,***,24-덕-홍보물품(키링 등 7품목) 구매,2024,SFC,제9691부대,제한경쟁,총액제,적격심사제,202402201030,20240220,낙찰
긴급공고,SFC0012,1,03703,***,24-덕-홍보물품(리유저블백 등 8품목) 구매,2024,SFC,제9691부대,제한경쟁,총액제,적격심사제,202402201030,20240220,낙찰
긴급공고,UEK0001,1,03880,***,24년 음식물쓰레기 위탁처리용역,2024,UEK,제2기갑여단,제한경쟁,총액제,적격심사제,202402201100,20240220,낙찰
긴급공고,HCQ0004,1,03832,***,'24년 음식물류 폐기물 처리 용역,2024,HCQ,공군제5공중기동비행단,제한경쟁,총액제,적격심사제,202402191100,20240219,낙찰
긴급공고,HCS0002,1,03126,***,24년도 공산품 및 채소류 및 육류 계약(장교회관),2024,HCS,제3훈련비행단,제한경쟁,총액제,적격심사제,202402191100,20240219,낙찰
긴급공고,HCS0001,1,03130,***,24년도 김치 계약(장교회관),2024,HCS,제3훈련비행단,제한경쟁,총액제,적격심사제,202402191100,20240219,낙찰
재공고,LCJ0011,2,03418,***,(24군책-용역005)24년 자동화창고 외주정비 용역,2024,LCJ,종합보급창,제한경쟁,총액제,적격심사제,202402191100,20240219,유찰
긴급공고,LDA0002,1,03560,***,24년 00부대 제초(예초)관리용역,2024,LDA,지상작전사령부,제한경쟁,총액제,적격심사제,202402191100,20240219,낙찰
재공고,LMR0002,2,00393,001,24년 예비군훈련 도시락(급식) 납품 - 1권역,2024,LMR,제5군단사령부,2단계경쟁(동시),단가제,최저가격제,202402191100,20240219,낙찰
재공고,LMR0003,2,00400,001,24년 예비군훈련 도시락(급식) 납품 - 2권역,2024,LMR,제5군단사령부,2단계경쟁(동시),단가제,최저가격제,202402191100,20240219,유찰
긴급공고,SCK0013,1,01123,***,24-00사 영내식당 민간위탁 용역,2024,SCK,해군교육사령부,협상에의한계약(전자),총액제,최저가격제,202402191000,20240219,유찰
긴급공고,SCL0008,1,01916,***,'24-해사 학보 제작 용역,2024,SCL,해군사관학교,협상에의한계약(전자),총액제,최저가격제,202402191000,20240219,낙찰
긴급공고,LCG0004,1,00807,***,"[24-육-6] M&S 체계구축, 활용방안 연구",2024,LCG,육군본부,협상에의한계약(전자),총액제,최저가격제,202402161100,20240216,유찰
정정공고,LCG0011,2,03336,***,[24-육-21] 경계시스템 외주정비용역,2024,LCG,육군본부,제한경쟁,총액제,적격심사제,202402161100,20240216,낙찰
정상공고,LDH0063,1,02589,***,고속코어머신 제조,2024,LDH,육군종합정비창,제한경쟁,총액제,적격심사제,202402161300,20240216,낙찰
정상공고,LDH0064,1,02595,***,스프링 시험기 구매,2024,LDH,육군종합정비창,제한경쟁,총액제,적격심사제,202402161300,20240216,낙찰
긴급공고,LHN0004,1,03658,***,24년 비상수원 식수(생수) 구매계약,2024,LHN,제7보병사단,일반경쟁,총액제,적격심사제,202402161030,20240216,낙찰
정정공고,LNQ0001,3,00763,001,'24년 예비군 도시락 제조납품(1권역),2024,LNQ,제17보병사단,2단계경쟁(동시),단가제,최저가격제,202402160900,20240216,낙찰
정상공고,LQG0013,1,03696,***,00부대 취사식당 신축공사 건축 감리용역,2024,LQG,육군 52보병사단,제한경쟁,총액제,적격심사제,202402161030,20240216,낙찰
재공고,LQH0008,2,03493,***,노고산 예비군훈련대 영상모의사격장비 유지보수,2024,LQH,제3697부대,제한경쟁,총액제,적격심사제,202402161100,20240216,낙찰
재공고,LQH0009,2,03509,***,노고산 예비군훈련대 스마트관제장비 유지보수,2024,LQH,제3697부대,제한경쟁,총액제,적격심사제,202402161100,20240216,낙찰
재공고,LQH0010,2,03514,***,노고산 금곡 예비군훈련대 교전훈련장비 유지보수,2024,LQH,제3697부대,제한경쟁,총액제,적격심사제,202402161100,20240216,낙찰
재공고,LQH0011,2,03517,***,금곡 예비군훈련대 VR영상모의사격장비 유지보수,2024,LQH,제3697부대,제한경쟁,총액제,적격심사제,202402161100,20240216,낙찰
긴급공고,MCF0004,1,03066,***,'24년 국립서울현충원 숏폼 공모전 용역,2024,MCF,국립서울현충원,협상에의한계약(전자),총액제,최저가격제,202402161100,20240216,유찰
긴급공고,MCM0002,1,03025,***,사이버 자산정보 수집 분석체계 라이선스 구매,2024,MCM,4284부대,일반경쟁,총액제,적격심사제,202402161030,20240216,유찰
정상공고,MDL0001,1,00714,***,2024년 군사연구총서 용역,2024,MDL,국방부군사편찬연구소,협상에의한계약(전자),총액제,최저가격제,202402161100,20240216,유찰
정상공고,SFG0017,1,03495,***,A4 등 421품목 구매,2024,SFG,제9181부대,제한경쟁,총액제,적격심사제,202402161030,20240216,낙찰
정상공고,UMM0044,1,01611,***,(24F008-B) '24년 지뢰(불발탄)제거 인원보험 가입,2024,UMM,국군재정관리단,일반경쟁,총액제,적격심사제,202402161100,20240216,낙찰
정상공고,UMM0048,1,01762,***,(24F013-B) 24년 사업장 비배출시설계 폐기물처리용역,2024,UMM,국군재정관리단,일반경쟁,총액제,적격심사제,202402161100,20240216,낙찰
정상공고,UMM0046,1,01831,***,24-N-00사 제초용역,2024,UMM,국군재정관리단,제한경쟁,총액제,적격심사제,202402161100,20240216,낙찰
정상공고,UMM0050,1,01964,***,'24 폐쇄식 잠수기셋 구매(U),2024,UMM,국군재정관리단,제한경쟁,총액제,적격심사제,202402161100,20240216,낙찰
정상공고,UMM0049,1,02126,***,(24F035-B) 24년 음식물류 폐기물 위탁처리 용역,2024,UMM,국군재정관리단,일반경쟁,총액제,적격심사제,202402161100,20240216,낙찰
정상공고,UMM0045,1,02160,***,(247012-E)전투부상자 전신마네킹 등 3종 구매,2024,UMM,국군재정관리단,제한경쟁,총액제,적격심사제,202402161100,20240216,낙찰
정상공고,UMM0042,1,02406,***,(24F002-G) 24년 영구기록물 DB구축용역,2024,UMM,국군재정관리단,제한경쟁,총액제,적격심사제,202402161100,20240216,낙찰
정상공고,UMM0037,1,02983,***,24-M-부식 민간위탁 배송 용역,2024,UMM,국군재정관리단,일반경쟁,총액제,적격심사제,202402161100,20240216,낙찰
정상공고,UMM0040,1,03197,***,(24F017-I) 24년 일반화물 수송 용역,2024,UMM,국군재정관리단,일반경쟁,총액제,적격심사제,202402161100,20240216,낙찰
정상공고,UMM0047,1,03610,***,(24F030-A) 육로수송용역(일반화물),2024,UMM,국군재정관리단,일반경쟁,총액제,적격심사제,202402161100,20240216,낙찰
정상공고,UMM0819,1,68095,***,24-N-0전단 민간위탁배송 용역,2023,UMM,국군재정관리단,일반경쟁,총액제,적격심사제,202402161100,20240216,유찰
정상공고,HCM0013,1,03508,***,계약) '24년 교육사 병사식당 급식류 식자재 구매,2024,HCM,공군교육사령부,제한경쟁,총액제,적격심사제,202402151030,20240215,낙찰
긴급공고,LBB0004,1,03448,***,24-1차 일반폐기물 위탁처리 용역,2024,LBB,육군제7789부대,일반경쟁,총액제,적격심사제,202402151030,20240215,낙찰
정정공고,LBB0005,3,03559,***,24-1차 지정폐기물 위탁처리 용역,2024,LBB,육군제7789부대,일반경쟁,총액제,적격심사제,202402151030,20240215,낙찰
긴급공고,LCG0006,1,01480,***,[24-육-9] AI정신전력 eBooK 제작,2024,LCG,육군본부,협상에의한계약(전자),총액제,최저가격제,202402151100,20240215,유찰
긴급공고,LGP0030,1,02969,***,24년 특장차량 외주정비 용역(강원권역),2024,LGP,제1군수지원사령부,제한경쟁,총액제,적격심사제,202402151100,20240215,유찰
긴급공고,LGP0033,1,02971,***,24년 부식 및 쉘터차량 외주정비 용역(강원권역),2024,LGP,제1군수지원사령부,제한경쟁,총액제,적격심사제,202402151100,20240215,유찰
긴급공고,LGP0032,1,02973,***,"24년 부식 및 쉘터차량 외주정비용역(경기,서울,인천)",2024,LGP,제1군수지원사령부,제한경쟁,총액제,적격심사제,202402151100,20240215,유찰
긴급공고,LGP0031,1,03110,***,24년 부식 및 쉘터차량 외주정비용역(경기 북부),2024,LGP,제1군수지원사령부,제한경쟁,총액제,적격심사제,202402151100,20240215,유찰
긴급공고,LGP0039,1,03111,***,24년 민수용 감시장비 외주정비 용역,2024,LGP,제1군수지원사령부,제한경쟁,총액제,적격심사제,202402151100,20240215,낙찰
긴급공고,LGP0038,1,03112,***,24년 이동형 기상측정세트 외주정비 용역,2024,LGP,제1군수지원사령부,제한경쟁,총액제,적격심사제,202402151100,20240215,유찰
긴급공고,LGP0037,1,03127,***,"24년 유조 급수 살수차 외주정비용역(경기,서울,인천)",2024,LGP,제1군수지원사령부,제한경쟁,총액제,적격심사제,202402151100,20240215,유찰
긴급공고,LGP0036,1,03128,***,24년 유조 급수 살수차 외주정비용역(강원권역),2024,LGP,제1군수지원사령부,제한경쟁,총액제,적격심사제,202402151100,20240215,유찰
긴급공고,LGP0027,1,03131,***,24년 구난차 외주정비 용역(강원권역),2024,LGP,제1군수지원사령부,제한경쟁,총액제,적격심사제,202402151100,20240215,유찰
긴급공고,LGP0025,1,03712,***,24년 TICN 제어장치 전원공급기 외주정비용역,2024,LGP,제1군수지원사령부,제한경쟁,총액제,적격심사제,202402151100,20240215,유찰
긴급공고,LKD0001,1,00331,001,24년 예비군도시락 제조납품(1권역),2024,LKD,제32보병사단,2단계경쟁(동시),단가제,적격심사제,202402151300,20240215,순위확정
긴급공고,LKD0002,1,00351,001,24년 예비군도시락 제조납품(2권역),2024,LKD,제32보병사단,2단계경쟁(동시),단가제,적격심사제,202402151300,20240215,순위확정
긴급공고,LKD0005,1,00794,001,24년 예비군도시락 납품(3권역)재공고,2024,LKD,제32보병사단,2단계경쟁(동시),단가제,적격심사제,202402151300,20240215,유찰
정상공고,LNQ0002,1,00764,001,'24년 예비군 도시락 제조납품(2권역),2024,LNQ,제17보병사단,2단계경쟁(동시),단가제,최저가격제,202402151400,20240215,낙찰
정상공고,LNQ0003,1,03505,***,'24년 음식물류 폐기물 수거 및 위탁처리 용역,2024,LNQ,제17보병사단,일반경쟁,총액제,적격심사제,202402151030,20240215,낙찰
재공고,MCD0001,2,00768,***,국제 해양영역인식 협력 방안 연구,2024,MCD,국방부(운영지원과),협상에의한계약(전자),총액제,최저가격제,202402151100,20240215,낙찰
긴급공고,MCD0002,1,02410,***,2024년 모범예비군 초청행사 위탁운영,2024,MCD,국방부(운영지원과),협상에의한계약(전자),총액제,최저가격제,202402151100,20240215,유찰
긴급공고,MCS0017,1,02272,***,'24년 병영식당 자율운영부식 식자재 구매,2024,MCS,국방부계룡대근무지원단,일반경쟁,총액제,적격심사제,202402151030,20240215,낙찰
정상공고,MDG0015,1,02715,***,24년 의무장비(자동시력측정기) 구매,2024,MDG,국군의무사령부,제한경쟁,총액제,적격심사제,202402151100,20240215,낙찰
정상공고,MDG0013,1,02717,***,24년 의무장비(기구세척기 초음파 치과용) 구매,2024,MDG,국군의무사령부,제한경쟁,총액제,적격심사제,202402151100,20240215,낙찰
정상공고,MDG0014,1,03022,***,24년 의무장비(두부진찰등 휴대용) 구매,2024,MDG,국군의무사령부,제한경쟁,총액제,적격심사제,202402151100,20240215,낙찰
긴급공고,MHD0011,1,02655,***,해안복합감시체계 사업 비용분석,2024,MHD,방위사업청(운영지원과),협상에의한계약(전자),총액제,최저가격제,202402151500,20240215,낙찰
긴급공고,SDG0002,1,03568,***,24-인-내진보강 등 3건 설계용역,2024,SDG,제2002부대,제한경쟁,총액제,적격심사제,202402151030,20240215,낙찰
긴급공고,SFC0003,1,01458,***,24-해병-군악연주회 시행 대행 용역,2024,SFC,제9691부대,2단계경쟁(동시),총액제,최저가격제,202402151030,20240215,낙찰
정상공고,SFG0015,1,03171,***,엔진블로어 등 13품목 구매,2024,SFG,제9181부대,제한경쟁,총액제,적격심사제,202402151030,20240215,낙찰
정상공고,SFG0016,1,03195,***,타이어 구매,2024,SFG,제9181부대,제한경쟁,총액제,적격심사제,202402151030,20240215,낙찰
긴급공고,SFH0017,1,02776,***,24년 부대조달부식(김치류) 제조 납품(도서 지역),2024,SFH,제9196부대,제한경쟁,총액제,적격심사제,202402151100,20240215,낙찰
긴급공고,SFH0018,1,02780,***,24년 부대조달부식(식육가공품) 제조 납품(도서 지역),2024,SFH,제9196부대,제한경쟁,총액제,적격심사제,202402151100,20240215,유찰
긴급공고,SFH0019,1,02783,***,24년 부대조달부식(어육가공품) 제조 납품(도서 지역),2024,SFH,제9196부대,제한경쟁,총액제,적격심사제,202402151100,20240215,유찰
긴급공고,SFH0020,1,02788,***,24년 부대조달부식(빵류) 제조 납품(도서 지역),2024,SFH,제9196부대,제한경쟁,총액제,적격심사제,202402151100,20240215,낙찰
정정공고,SFH0022,2,02801,***,24년 부대조달부식(부대 가공식품) 납품(도서 지역),2024,SFH,제9196부대,제한경쟁,총액제,적격심사제,202402151100,20240215,낙찰
정정공고,SFH0024,2,02802,***,24년 부대조달부식(두채류) 제조 납품(도서 지역),2024,SFH,제9196부대,제한경쟁,총액제,적격심사제,202402151100,20240215,낙찰
긴급공고,SFH0023,1,02807,***,24년 부대조달부식(기호식품) 납품(도서 지역),2024,SFH,제9196부대,제한경쟁,총액제,적격심사제,202402151100,20240215,낙찰
재공고,ET60003,2,4301,***,"공지통신무전기 성능개량(500MD, 지휘기)",2024,ETA,감시전자총괄계약팀,협상에의한계약(서류),총액제,최저가격제,202402141530,20240214,낙찰
긴급공고,HCF0012,1,03455,***,탄도탄 조기경보레이다 냉각체계 유지보수,2024,HCF,공군군수사령부,제한경쟁,총액제,적격심사제,202402141030,20240214,유찰
긴급공고,LCH0005,1,03119,***,00부대 간편식 구매(1-24-물-1),2024,LCH,특수전사령부,제한경쟁,총액제,적격심사제,202402141030,20240214,낙찰
긴급공고,LCH0010,1,03120,***,00부대 버스 임차 용역(11-24-용-1),2024,LCH,특수전사령부,제한경쟁,총액제,적격심사제,202402141030,20240214,낙찰
긴급공고,LCH0011,1,03121,***,00부대 버스 임차 용역(13-24-용-1),2024,LCH,특수전사령부,제한경쟁,총액제,적격심사제,202402141030,20240214,낙찰
긴급공고,LCH0009,1,03410,001,음식물류폐기물 위탁처리 용역(경기남부권역),2024,LCH,특수전사령부,제한경쟁,단가제,적격심사제,202402141030,20240214,낙찰
긴급공고,LCP0013,1,03246,***,'24년 자동차 임차용역(1차),2024,LCP,육군항공사령부,제한경쟁,총액제,적격심사제,202402141130,20240214,낙찰
정상공고,LDH0052,1,02276,***,24-1차 물류이동장비(리치트럭) 구매,2024,LDH,육군종합정비창,제한경쟁,총액제,적격심사제,202402141300,20240214,낙찰
정상공고,LDH0053,1,02277,***,"24-2차 물류이동장비(6,000LB 디젤 지게차) 구매",2024,LDH,육군종합정비창,제한경쟁,총액제,적격심사제,202402141300,20240214,낙찰
재공고,LDH0037,2,02341,001,그밖의 폐광물류(고상) 위탁처리용역,2024,LDH,육군종합정비창,제한경쟁,단가제,적격심사제,202402141530,20240214,유찰
정상공고,LDH0058,1,02369,***,"K21 집적회로,디지털형 등 23종 구매",2024,LDH,육군종합정비창,제한경쟁,총액제,적격심사제,202402141300,20240214,낙찰
정정공고,LDH0060,2,02432,***,통신장비 나사 등 6종 구매,2024,LDH,육군종합정비창,제한경쟁,총액제,적격심사제,202402141300,20240214,유찰
정상공고,LDH0057,1,02484,***,(일장) 교량가설단정 부력블럭 등 16품목 구매,2024,LDH,육군종합정비창,제한경쟁,총액제,적격심사제,202402141300,20240214,유찰
정상공고,LDH0066,1,02492,***,(일장) 다목적굴착기 절연체류 등 25품목 구매,2024,LDH,육군종합정비창,제한경쟁,총액제,적격심사제,202402141300,20240214,낙찰
정상공고,LDH0067,1,02766,***,(일장) 장갑전투도자 노즐 등 13품목 구매,2024,LDH,육군종합정비창,제한경쟁,총액제,적격심사제,202402141300,20240214,유찰
정상공고,LDH0069,1,02769,***,(자재) 도장자재 포리빠데 등 11종 구매,2024,LDH,육군종합정비창,제한경쟁,총액제,적격심사제,202402141200,20240214,낙찰
정상공고,LDH0068,1,02772,***,(자재) 특수윤활유 윤활그리스 등 16종 구매,2024,LDH,육군종합정비창,제한경쟁,총액제,적격심사제,202402141200,20240214,낙찰
긴급공고,LHR0001,1,00283,001,24년 예비군 도시락 제조납품(1권역),2024,LHR,육군 제37보병사단,2단계경쟁(동시),단가제,최저가격제,202402141000,20240214,낙찰
긴급공고,LHR0002,1,00284,001,24년 예비군 도시락 제조납품(2권역),2024,LHR,육군 제37보병사단,2단계경쟁(동시),단가제,최저가격제,202402141000,20240214,낙찰
긴급공고,LHR0003,1,00285,001,24년 예비군 도시락 제조납품(3권역),2024,LHR,육군 제37보병사단,2단계경쟁(동시),단가제,최저가격제,202402141000,20240214,낙찰
긴급공고,LKT0011,1,03286,***,24년 3~4월 부대조달 급식품목(식육가공품) 제조납품,2024,LKT,제1989부대,제한경쟁,총액제,적격심사제,202402141330,20240214,유찰
정정공고,LQH0002,2,00632,***,24년 예비군 도시락 제조 납품(1권역),2024,LQH,제3697부대,협상에의한계약(전자),총액제,최저가격제,202402141300,20240214,낙찰
정정공고,LQH0003,2,00633,***,24년 예비군 도시락 제조 납품(2권역),2024,LQH,제3697부대,협상에의한계약(전자),총액제,최저가격제,202402141300,20240214,낙찰
긴급공고,LQH0006,1,03213,***,(육성)24년 예비군훈련 운송버스 임차 용역,2024,LQH,제3697부대,제한경쟁,총액제,적격심사제,202402141100,20240214,유찰
재공고,MCF0002,2,02786,***,'24년 충혼당용 유골함 제조 구매,2024,MCF,국립서울현충원,제한경쟁,총액제,적격심사제,202402141030,20240214,낙찰
긴급공고,MCF0003,1,02894,***,'24년 국내산 무궁화 조화 제조 구매,2024,MCF,국립서울현충원,제한경쟁,총액제,적격심사제,202402141030,20240214,유찰
정상공고,MDG0011,1,02299,***,24년 의무장비(수술등 천정식) 구매,2024,MDG,국군의무사령부,제한경쟁,총액제,적격심사제,202402141100,20240214,낙찰
정상공고,MDG0012,1,02300,***,24년 의무장비(도상검안경) 구매,2024,MDG,국군의무사령부,제한경쟁,총액제,적격심사제,202402141100,20240214,낙찰
정상공고,MDK0007,1,02633,***,23-3차 아크부대 재보급물자 수송관리 용역,2024,MDK,국군수송사령부,일반경쟁,총액제,적격심사제,202402141030,20240214,낙찰
긴급공고,MDW0005,1,03485,***,24년 1학기 1차 교재 구매,2024,MDW,국군간호사관학교,제한경쟁,총액제,적격심사제,202402141030,20240214,낙찰
긴급공고,SCF0108,1,01689,***,"펌프, 회전식 1종 구매",2024,SCF,해군군수사령부,제한경쟁,총액제,적격심사제,202402141030,20240214,낙찰
정상공고,SCH0022,1,03328,***,24-3호 반판두부 등 22종 구매,2024,SCH,해군작전사령부,일반경쟁,총액제,적격심사제,202402141030,20240214,낙찰
긴급공고,SCI0002,1,02669,***,"AIP수소(9,200KG) 납품",2024,SCI,제9121부대,일반경쟁,총액제,적격심사제,202402141030,20240214,낙찰
긴급공고,SCN0029,1,03299,***,24-진-03 음식물류 폐기물 처리용역,2024,SCN,제7001부대,제한경쟁,총액제,적격심사제,202402141030,20240214,유찰
긴급공고,SCQ0011,1,03101,***,24-평 폐기물(음식물류) 처리 용역,2024,SCQ,제9911부대,제한경쟁,총액제,적격심사제,202402141030,20240214,낙찰
긴급공고,SCR0007,1,02420,***,"펌프, 회전식 등 12종 구매",2024,SCR,해군제3함대사령부,제한경쟁,총액제,적격심사제,202402141030,20240214,낙찰
긴급공고,SCR0009,1,02430,***,피니슁 오일 등 7종 구매,2024,SCR,해군제3함대사령부,제한경쟁,총액제,적격심사제,202402141030,20240214,낙찰
긴급공고,SCR0010,1,02445,***,금속 방부제 등 8종 구매,2024,SCR,해군제3함대사령부,제한경쟁,총액제,적격심사제,202402141030,20240214,낙찰
긴급공고,SCR0006,1,02461,***,패킹 등 20종 구매,2024,SCR,해군제3함대사령부,제한경쟁,총액제,적격심사제,202402141030,20240214,낙찰
긴급공고,SCR0011,1,03413,***,회로카드 조립체 등 7종 구매,2024,SCR,해군제3함대사령부,제한경쟁,총액제,적격심사제,202402141030,20240214,낙찰
정상공고,SFC0005,1,02748,***,의무장비(산소소생기 자동식) 구매,2024,SFC,제9691부대,제한경쟁,총액제,적격심사제,202402141030,20240214,낙찰
정상공고,UAB0018,1,03262,***,’24년 국방컨벤션 주류 계약,2024,UAB,국군복지단,제한경쟁,총액제,적격심사제,202402141000,20240214,낙찰
정상공고,UAC0006,1,02540,***,인쇄용지 3종 수시구매(스노아트지120gB 등 3종),2024,UAC,국방출판지원단,제한경쟁,총액제,적격심사제,202402141100,20240214,낙찰
정상공고,UMM0043,1,01481,***,24-F-공군 체력단련장 체육시설업자 배상책임보험,2024,UMM,국군재정관리단,일반경쟁,총액제,적격심사제,202402141100,20240214,낙찰
정상공고,UMM0041,1,01520,***,24-M-윤형철조망 등 4품목 제조,2024,UMM,국군재정관리단,제한경쟁,총액제,적격심사제,202402141100,20240214,낙찰
정상공고,UMM0035,1,01657,***,24-D-체력단련장 농약 14종 구매,2024,UMM,국군재정관리단,제한경쟁,총액제,적격심사제,202402141100,20240214,낙찰
정상공고,UMM0033,1,01770,***,24-F-체력단련장 비료 구매,2024,UMM,국군재정관리단,제한경쟁,총액제,적격심사제,202402141100,20240214,낙찰
정상공고,UMM0038,1,03094,***,24-M-육로화물 수송 용역,2024,UMM,국군재정관리단,일반경쟁,총액제,적격심사제,202402141100,20240214,낙찰
긴급공고,HCF0011,1,02859,***,'24년 해외임무 긴급 수리부속 수송 용역(개인수하물),2024,HCF,공군군수사령부,제한경쟁,총액제,적격심사제,202402131530,20240213,유찰
긴급공고,LCJ0011,1,03418,***,(24군책-용역005)24년 자동화창고 외주정비 용역,2024,LCJ,종합보급창,제한경쟁,총액제,적격심사제,202402131100,20240213,유찰
긴급공고,LHK0001,1,00799,001,24년 예비군 도시락 제조 납품,2024,LHK,제2군단,2단계경쟁(동시),단가제,최저가격제,202402131100,20240213,낙찰
긴급공고,LHM0004,1,03046,***,24년 렌탈프린터 임차용역,2024,LHM,제15보병사단,제한경쟁,총액제,적격심사제,202402131100,20240213,순위확정
정상공고,LHR0005,1,02916,***,(육성)청주 '24년 예비군 수송버스 임차용역,2024,LHR,육군 제37보병사단,제한경쟁,총액제,적격심사제,202402131100,20240213,낙찰
긴급공고,LKM0004,1,00929,001,24년 예비군도시락 제조·납품(1권역).,2024,LKM,제2632부대,2단계경쟁(동시),단가제,최저가격제,202402131400,20240213,유찰
긴급공고,LKM0005,1,00930,001,24년 예비군도시락 제조·납품(2권역).,2024,LKM,제2632부대,2단계경쟁(동시),단가제,최저가격제,202402131400,20240213,유찰
긴급공고,LQG0003,1,00906,001,24년 예비군 도시락 제조 납품(1권역),2024,LQG,육군 52보병사단,2단계경쟁(동시),단가제,최저가격제,202402131300,20240213,낙찰
긴급공고,LQG0004,1,00907,001,24년 예비군 도시락 제조 납품(2권역),2024,LQG,육군 52보병사단,2단계경쟁(동시),단가제,최저가격제,202402131300,20240213,낙찰
긴급공고,LQG0005,1,00908,001,24년 예비군 도시락 제조 납품(3권역),2024,LQG,육군 52보병사단,2단계경쟁(동시),단가제,최저가격제,202402131300,20240213,낙찰
긴급공고,LQG0006,1,00918,001,24년 예비군 도시락 제조 납품(4권역),2024,LQG,육군 52보병사단,2단계경쟁(동시),단가제,최저가격제,202402131300,20240213,낙찰
긴급공고,MCS0014,1,02764,***,PVC 바닥타일 등 2종 납품 설치,2024,MCS,국방부계룡대근무지원단,제한경쟁,총액제,적격심사제,202402131030,20240213,낙찰
긴급공고,MCS0015,1,02811,***,콤비롤스크린 등 2종 납품 설치,2024,MCS,국방부계룡대근무지원단,제한경쟁,총액제,적격심사제,202402131030,20240213,낙찰
긴급공고,MHP0001,1,02566,***,실험실감정장비(LIMS)유지보수 용역,2024,MHP,국방부유해발굴감식단,제한경쟁,총액제,적격심사제,202402131100,20240213,낙찰
긴급공고,MHP0002,1,02573,***,DNA시료채취 키트 구매,2024,MHP,국방부유해발굴감식단,제한경쟁,총액제,적격심사제,202402131100,20240213,낙찰
연기공고,SCN0196,2,67174,***,24-진 해상식당 민간위탁 급식 용역,2023,SCN,제7001부대,협상에의한계약(전자),총액제,최저가격제,202402131100,20240213,낙찰
긴급공고,HCF0010,1,02317,***,[시동용 발전기 부품]제어장치 판넬 등 7종 제조,2024,HCF,공군군수사령부,일반경쟁,총액제,적격심사제,202402081030,20240208,유찰
긴급공고,LCF0006,1,01853,***,"전지,재충전불가식(PC-132A건전지)등 3항목 구매(물자",2024,LCF,육군군수사령부,제한경쟁,총액제,적격심사제,202402081100,20240208,유찰
긴급공고,LCF0005,1,01987,***,"탐지기,가스용 1항목 구매(화생방)",2024,LCF,육군군수사령부,제한경쟁,총액제,적격심사제,202402081600,20240208,낙찰
정상공고,LDH0049,1,02208,***,특무 발칸 핀 등 10종구매,2024,LDH,육군종합정비창,제한경쟁,총액제,적격심사제,202402081300,20240208,낙찰
재공고,LDH0880,2,59255,***,00공장 크레인체계 개선 관급자재,2023,LDH,육군종합정비창,일반경쟁,총액제,적격심사제,202402081100,20240208,낙찰
재공고,LDH0881,2,59922,***,00부대 갠트리크레인 제조설치(2024),2023,LDH,육군종합정비창,일반경쟁,총액제,적격심사제,202402081100,20240208,낙찰
긴급공고,LGP0020,1,02438,***,24년 고속지령대 장비 외주정비 용역,2024,LGP,제1군수지원사령부,제한경쟁,총액제,적격심사제,202402081100,20240208,유찰
긴급공고,LKH0002,1,00622,001,'24년 예비군 도시락 제조납품,2024,LKH,제6128부대,수의계약,단가제,최저가격제,202402081100,20240208,유찰
재공고,LMR0001,2,00315,***,군 주거시설 민간위탁 관리 용역,2024,LMR,제5군단사령부,2단계경쟁(동시),총액제,최저가격제,202402081030,20240208,유찰
재공고,MCM0001,2,01157,***,국방 획득 SW 보안성 검증체계,2024,MCM,4284부대,일반경쟁,총액제,적격심사제,202402081030,20240208,유찰
긴급공고,MDD0025,1,02895,***,2024년 의료폐기물 위탁처리 용역,2024,MDD,국군수도병원,제한경쟁,총액제,적격심사제,202402081100,20240208,낙찰
긴급공고,MDD0026,1,02941,***,2024년 음식물폐기물 위탁처리 용역,2024,MDD,국군수도병원,제한경쟁,총액제,적격심사제,202402081100,20240208,낙찰
긴급공고,SCF0106,1,02204,***,(긴급)폴리톤 합판 4.8MM 등 16종,2024,SCF,해군군수사령부,제한경쟁,총액제,적격심사제,202402081030,20240208,낙찰
긴급공고,SFC0004,1,02519,***,의무장비(시력측정기 자동식 등 2종) 구매,2024,SFC,제9691부대,제한경쟁,총액제,적격심사제,202402081030,20240208,낙찰
정상공고,SFG0007,1,02568,***,열쇠보관함 등 18품목 구매,2024,SFG,제9181부대,제한경쟁,총액제,적격심사제,202402081030,20240208,낙찰
정상공고,SFG0008,1,02570,***,펀치 등 142품목 구매,2024,SFG,제9181부대,제한경쟁,총액제,적격심사제,202402081030,20240208,낙찰
정상공고,SFG0009,1,02572,***,병기보관 목상자 제조 구매,2024,SFG,제9181부대,제한경쟁,총액제,적격심사제,202402081030,20240208,낙찰
정상공고,UMM0031,1,00899,***,(24F016-A) 창정비장비 및 위탁용역 수송,2024,UMM,국군재정관리단,일반경쟁,총액제,적격심사제,202402081100,20240208,낙찰
긴급공고,UMM0036,1,02861,***,(24F023-B) '24년 음식물류 폐기물 위탁처리 용역,2024,UMM,국군재정관리단,일반경쟁,총액제,적격심사제,202402081100,20240208,낙찰
정정공고,HDM0004,2,02392,***,'24년 에이스가든 식자재 구매,2024,HDM,공군제17전투비행단,제한경쟁,총액제,적격심사제,202402071030,20240207,낙찰
긴급공고,HDT0003,1,02865,***,"'24년 독수리회관 농, 수, 축, 공산 납품 계약",2024,HDT,공군작사근무지원단,일반경쟁,총액제,적격심사제,202402071100,20240207,낙찰
긴급공고,LCK0003,1,02819,***,[일반-24-4] '24년 음식물쓰레기 위탁처리 용역,2024,LCK,수도방위사령부,제한경쟁,총액제,적격심사제,202402071030,20240207,낙찰
정상공고,LDH0039,1,02038,***,24년 자동화창고 저장용 팔레트 구매,2024,LDH,육군종합정비창,제한경쟁,총액제,적격심사제,202402071300,20240207,유찰
정상공고,LDH0044,1,02075,***,"(일장) 다목적굴착기 튜브조립체,금속제류 7품목 구매",2024,LDH,육군종합정비창,제한경쟁,총액제,적격심사제,202402071300,20240207,유찰
정상공고,LDH0040,1,02092,***,(특무) 자동측지 와셔 등 36품목,2024,LDH,육군종합정비창,제한경쟁,총액제,적격심사제,202402071300,20240207,유찰
정상공고,LDH0048,1,02167,***,"K77지휘차 기어,나선형 구매",2024,LDH,육군종합정비창,제한경쟁,총액제,적격심사제,202402071300,20240207,유찰
정상공고,LDH0045,1,02451,***,"(기동) 날개, 버트힌지용 등 9종 구매",2024,LDH,육군종합정비창,제한경쟁,총액제,적격심사제,202402071300,20240207,유찰
정상공고,LFN0005,1,02653,***,24년 생도증식(차돌박이 등 85종)구매,2024,LFN,육군3사관학교,제한경쟁,총액제,적격심사제,202402071400,20240207,낙찰
재공고,LGP0013,2,01561,***,24년 세탁장비 외주정비 용역,2024,LGP,제1군수지원사령부,제한경쟁,총액제,적격심사제,202402071100,20240207,유찰
긴급공고,LGP0018,1,02830,***,24년 건설장비 외주정비 용역(강원),2024,LGP,제1군수지원사령부,일반경쟁,총액제,적격심사제,202402071100,20240207,유찰
긴급공고,LGP0019,1,02831,***,24년 도하장비 외주정비 용역(강원),2024,LGP,제1군수지원사령부,일반경쟁,총액제,적격심사제,202402071100,20240207,낙찰
긴급공고,MCF0002,1,02786,***,'24년 충혼당용 유골함 제조 구매,2024,MCF,국립서울현충원,제한경쟁,총액제,적격심사제,202402071030,20240207,유찰
긴급공고,MCT0001,1,00804,***,24년 선수 공통피복 제작구매,2024,MCT,국군체육부대,2단계경쟁(동시),총액제,최저가격제,202402071030,20240207,낙찰
정상공고,MHD0106,1,66775,***,유도무기 신뢰수준 및 시험사격 적정수량 연구,2023,MHD,방위사업청(운영지원과),협상에의한계약(전자),총액제,최저가격제,202402071500,20240207,낙찰
재공고,SCF0031,2,00720,001,스크램블 에그 구매,2024,SCF,해군군수사령부,제한경쟁,단가제,적격심사제,202402071030,20240207,낙찰
긴급공고,SCF0104,1,02197,***,"(긴급) 밸브, 게이트형 등 27종",2024,SCF,해군군수사령부,제한경쟁,총액제,적격심사제,202402071030,20240207,낙찰
재공고,SFH0011,2,02020,001,24-B-액화석유가스(LPG) 구매,2024,SFH,제9196부대,제한경쟁,단가제,적격심사제,202402071030,20240207,낙찰
정상공고,UMM0027,1,01452,***,24-N-해군지 제작 용역,2024,UMM,국군재정관리단,제한경쟁,총액제,적격심사제,202402071100,20240207,낙찰
정상공고,UMM0023,1,01550,***,24-M-병영시설 민간 전문방제 위탁 용역,2024,UMM,국군재정관리단,일반경쟁,총액제,적격심사제,202402071100,20240207,낙찰
정상공고,UMM0022,1,01648,***,24-M-페인트 18종 제조(248002-F),2024,UMM,국군재정관리단,제한경쟁,총액제,적격심사제,202402071100,20240207,낙찰
정상공고,UMM0818,1,65486,***,24-M-이동식화장실 및 샤워장 임차용역,2023,UMM,국군재정관리단,제한경쟁,총액제,적격심사제,202402071100,20240207,낙찰
긴급공고,HCF0009,1,02251,***,'24년~'26년 택배화물 수송 용역,2024,HCF,공군군수사령부,일반경쟁,총액제,적격심사제,202402061030,20240206,유찰
긴급공고,LBA0003,1,02486,***,'24년 유류중대 급유시설 민간위탁 기술검사 용역,2024,LBA,제 2167부대,제한경쟁,총액제,적격심사제,202402061030,20240206,낙찰
재공고,LCF0002,2,01905,***,＇24년 대대 정찰용 무인항공기 정비,2024,LCF,육군군수사령부,제한경쟁,총액제,적격심사제,202402061030,20240206,유찰
정상공고,LDH0033,1,01948,***,(자재) 마봉강SM20C 10￠ 등 16종 구매,2024,LDH,육군종합정비창,제한경쟁,총액제,적격심사제,202402061300,20240206,유찰
긴급공고,LHK0006,1,02636,***,24년 주거시설 청소/경비 용역,2024,LHK,제2군단,일반경쟁,총액제,적격심사제,202402061030,20240206,낙찰
긴급공고,LKP0010,1,02487,***,'24년 지정폐기물처리용역(대구),2024,LKP,5군수지원사령부,일반경쟁,총액제,적격심사제,202402061130,20240206,낙찰
긴급공고,LKP0011,1,02488,***,'24년 지정폐기물처리용역(장성),2024,LKP,5군수지원사령부,일반경쟁,총액제,적격심사제,202402061130,20240206,낙찰
긴급공고,LKP0012,1,02490,***,'24년 지정폐기물처리용역(대전),2024,LKP,5군수지원사령부,일반경쟁,총액제,적격심사제,202402061130,20240206,낙찰
긴급공고,LKP0013,1,02491,***,'24년 지정폐기물처리용역(김해),2024,LKP,5군수지원사령부,일반경쟁,총액제,적격심사제,202402061130,20240206,낙찰
긴급공고,MCT0005,1,02267,***,24년 훈련장 관리(잔디/조경)용역,2024,MCT,국군체육부대,일반경쟁,총액제,적격심사제,202402061130,20240206,낙찰
긴급공고,MHD0009,1,02240,***,방위사업 원가계산 외부용역(1차),2024,MHD,방위사업청(운영지원과),협상에의한계약(전자),총액제,최저가격제,202402061500,20240206,낙찰
긴급공고,SCF0091,1,01007,***,액체아르곤 가스 8BT 구매,2024,SCF,해군군수사령부,제한경쟁,총액제,적격심사제,202402061030,20240206,낙찰
긴급공고,SCF0090,1,01010,***,고순도 질소 가스 173BT 구매,2024,SCF,해군군수사령부,제한경쟁,총액제,적격심사제,202402061030,20240206,낙찰
재공고,SCF0072,2,01015,001,치즈스틱 구매,2024,SCF,해군군수사령부,제한경쟁,단가제,적격심사제,202402061030,20240206,낙찰
긴급공고,SCF0096,1,01097,***,안테나 조립체 등 1품목 구매,2024,SCF,해군군수사령부,일반경쟁,총액제,적격심사제,202402061030,20240206,낙찰
긴급공고,SCF0093,1,01843,***,(긴급) 회로 차단기 등 9종,2024,SCF,해군군수사령부,제한경쟁,총액제,적격심사제,202402061030,20240206,낙찰
긴급공고,SCF0102,1,02152,***,활성탄 등 5종 구매,2024,SCF,해군군수사령부,제한경쟁,총액제,적격심사제,202402061030,20240206,낙찰
긴급공고,SCF0099,1,02185,***,"(긴급)코어 조립체,유체 냉각기용 등 39종",2024,SCF,해군군수사령부,제한경쟁,총액제,적격심사제,202402061030,20240206,낙찰
긴급공고,SCF0098,1,02186,***,(긴급)메카니컬 씰 등 43종,2024,SCF,해군군수사령부,제한경쟁,총액제,적격심사제,202402061030,20240206,낙찰
긴급공고,SCF0103,1,02651,***,특수봉인지 1종 구매,2024,SCF,해군군수사령부,제한경쟁,총액제,적격심사제,202402061030,20240206,낙찰
긴급공고,SCG0002,1,02140,***,"등, 아군식별용 45EA",2024,SCG,해군본부,제한경쟁,총액제,적격심사제,202402061100,20240206,낙찰
재공고,SCH0005,2,01181,***,24-1호 배추김치 등 7종 구매,2024,SCH,해군작전사령부,제한경쟁,총액제,적격심사제,202402061030,20240206,낙찰
긴급공고,SCQ0007,1,02342,***,24-평 폐기물(폐합성수지) 처리 용역,2024,SCQ,제9911부대,제한경쟁,총액제,적격심사제,202402061030,20240206,낙찰
정상공고,UMM0021,1,01132,***,24-F-○○행사장 조경용역,2024,UMM,국군재정관리단,제한경쟁,총액제,적격심사제,202402061100,20240206,낙찰
정상공고,UMM0020,1,01282,***,24-D-체력단련장 비료 구매(241005-F),2024,UMM,국군재정관리단,제한경쟁,총액제,적격심사제,202402061100,20240206,낙찰
정상공고,UMM0025,1,01440,***,(24F027-A) 음식물류 폐기물위탁처리용역,2024,UMM,국군재정관리단,제한경쟁,총액제,적격심사제,202402061100,20240206,낙찰
정상공고,UMM0024,1,01694,***,24-F- 디지털 공기자료 시험세트 구매(249004-F),2024,UMM,국군재정관리단,일반경쟁,총액제,적격심사제,202402061100,20240206,낙찰
정상공고,UMM0026,1,02354,***,24-N-오수관거시설 민간위탁 관리용역,2024,UMM,국군재정관리단,일반경쟁,총액제,적격심사제,202402061100,20240206,낙찰
정상공고,UMM0817,1,67901,***,24-F-오ㆍ폐수 처리시설 관리용역,2023,UMM,국군재정관리단,제한경쟁,총액제,적격심사제,202402061100,20240206,유찰
정상공고,HCL0013,1,02363,***,24-생활계폐기물 위탁처리,2024,HCL,공군사관학교,제한경쟁,총액제,적격심사제,202402051030,20240205,낙찰
긴급공고,LCG0003,1,01121,***,[24-육-4] 호국미술대전 홍보물 제작 발송,2024,LCG,육군본부,2단계경쟁(동시),총액제,최저가격제,202402051500,20240205,유찰
긴급공고,LGC0003,1,02237,***,24년 학군장교 임관식 조립식 관람석 임차,2024,LGC,육군학생군사학교,일반경쟁,총액제,적격심사제,202402051100,20240205,낙찰
긴급공고,MCJ0001,1,02036,***,24년 DIDC 1센터 UPS 유지보수 용역,2024,MCJ,국방통합데이터센터,제한경쟁,총액제,적격심사제,202402051100,20240205,낙찰
긴급공고,MCJ0002,1,02274,***,24년 DIDC 2센터 UPS 유지보수 용역,2024,MCJ,국방통합데이터센터,제한경쟁,총액제,적격심사제,202402051100,20240205,낙찰
긴급공고,MCR0002,1,00458,***,어학 강좌 운영 위탁 용역,2024,MCR,국방대학교,협상에의한계약(전자),총액제,최저가격제,202402051030,20240205,유찰
긴급공고,MDD0022,1,02280,***,2024 국군수도병원 의료가스 7품목 구매,2024,MDD,국군수도병원,제한경쟁,총액제,적격심사제,202402051100,20240205,낙찰
긴급공고,UHD0006,1,02560,***,'24년 음식물쓰레기 처리 용역,2024,UHD,공군 작사예하 방포사예하 제3여단,제한경쟁,총액제,적격심사제,202402051100,20240205,낙찰
정상공고,ELA0002,1,6143,***,보호의 포장재,2024,ELA,화력총괄계약팀,일반경쟁,총액제,적격심사제,202402021100,20240202,낙찰
정정공고,NIT0001,2,00725,***,범죄정보시스템 유지보수 용역,2024,NIT,국방부조사본부,2단계경쟁(동시),총액제,최저가격제,202402021400,20240202,유찰
정상공고,SCH0011,1,02030,***,IPTV방송 및 인터넷(Wi-Fi) 서비스 용역,2024,SCH,해군작전사령부,일반경쟁,총액제,적격심사제,202402021030,20240202,낙찰
정상공고,UDA0003,1,02131,***,24년 음식물쓰레기 처리용역,2024,UDA,제3190부대,제한경쟁,총액제,적격심사제,202402021100,20240202,낙찰
정상공고,UMM0015,1,01248,***,24-D-체력단련장 모래 구매(241004-F),2024,UMM,국군재정관리단,제한경쟁,총액제,적격심사제,202402021100,20240202,낙찰
정상공고,UMM0019,1,02141,***,(24F021-A)  음식물 쓰레기 위탁처리용역,2024,UMM,국군재정관리단,제한경쟁,총액제,적격심사제,202402021100,20240202,유찰
긴급공고,HCF0007,1,01764,***,'24년~'26년 육로화물 수송 용역,2024,HCF,공군군수사령부,일반경쟁,총액제,적격심사제,202402011030,20240201,낙찰
긴급공고,HCF0006,1,01837,***,'24년~'26년 군수화물 적·하역(대구) 용역,2024,HCF,공군군수사령부,일반경쟁,총액제,적격심사제,202402011030,20240201,유찰
정상공고,HFD0002,1,01991,***,'24년 군성회관 식자재 구매,2024,HFD,공군제38전투비행전대,일반경쟁,총액제,적격심사제,202402011030,20240201,낙찰
재공고,LCF0001,3,00861,***,제독장치(KDS-1)6종 외주정비,2024,LCF,육군군수사령부,제한경쟁,총액제,적격심사제,202402011130,20240201,유찰
긴급공고,SCF0083,1,01443,001,훈제연어(덩어리/냉동) 구매,2024,SCF,해군군수사령부,제한경쟁,단가제,적격심사제,202402011030,20240201,낙찰
긴급공고,SCF0084,1,01449,001,훈제연어(슬라이스) 구매,2024,SCF,해군군수사령부,제한경쟁,단가제,적격심사제,202402011030,20240201,낙찰
긴급공고,SCF0087,1,01772,***,"(긴급)튜브,금속제 등 40종",2024,SCF,해군군수사령부,제한경쟁,총액제,적격심사제,202402011030,20240201,낙찰
긴급공고,SCF0086,1,01864,***,"(긴급)스위치,리드식 등 42종",2024,SCF,해군군수사령부,제한경쟁,총액제,적격심사제,202402011030,20240201,낙찰
긴급공고,SCF0085,1,01865,***,"(긴급)단말기,자료 처리용 1종",2024,SCF,해군군수사령부,제한경쟁,총액제,적격심사제,202402011030,20240201,낙찰
긴급공고,HCF0005,1,01553,***,[부대지원과]'24년 한마음회관 식자재,2024,HCF,공군군수사령부,제한경쟁,총액제,적격심사제,202401311030,20240131,낙찰
긴급공고,HDC0007,1,02168,***,24-3 컨테이너하우스(정비사작업용) 제조 구매,2024,HDC,공군제1전투비행단,제한경쟁,총액제,적격심사제,202401311430,20240131,낙찰
긴급공고,LCF0002,1,01905,***,＇24년 대대 정찰용 무인항공기 정비,2024,LCF,육군군수사령부,제한경쟁,총액제,적격심사제,202401311030,20240131,유찰
정상공고,LDH0029,1,00969,***,총포 손잡이 구매,2024,LDH,육군종합정비창,제한경쟁,총액제,적격심사제,202401311300,20240131,낙찰
정상공고,LDH0032,1,01326,***,총포 나사 구매,2024,LDH,육군종합정비창,제한경쟁,총액제,적격심사제,202401311300,20240131,낙찰
정상공고,LDH0026,1,01375,***,(자재) 고무스폰지 등 30종 구매,2024,LDH,육군종합정비창,제한경쟁,총액제,적격심사제,202401311300,20240131,낙찰
정상공고,LDH0025,1,01430,***,(기동) 쉬일드및 판조립체 등 70종 구매,2024,LDH,육군종합정비창,제한경쟁,총액제,적격심사제,202401311300,20240131,유찰
긴급공고,LFN0003,1,00802,***,'24년 충성대 신문 제작 용역,2024,LFN,육군3사관학교,2단계경쟁(동시),총액제,최저가격제,202401311600,20240131,낙찰
긴급공고,LGP0009,1,01557,***,"24년 건설장비 외주정비 용역(서울, 인천, 경기권역)",2024,LGP,제1군수지원사령부,제한경쟁,총액제,적격심사제,202401311100,20240131,유찰
긴급공고,LGP0011,1,01559,***,"24년 도하장비 외주정비 용역(서울, 인천, 경기권역)",2024,LGP,제1군수지원사령부,제한경쟁,총액제,적격심사제,202401311100,20240131,낙찰
긴급공고,LGP0016,1,01563,***,24년 함정장비 외주정비 용역,2024,LGP,제1군수지원사령부,제한경쟁,총액제,적격심사제,202401311100,20240131,유찰
긴급공고,LGP0015,1,01583,***,24년 신형 정수차 외주정비용역,2024,LGP,제1군수지원사령부,제한경쟁,총액제,적격심사제,202401311100,20240131,유찰
긴급공고,LGP0017,1,02157,***,24년 시추장비 외주정비용역,2024,LGP,제1군수지원사령부,제한경쟁,총액제,적격심사제,202401311100,20240131,유찰
정정공고,LMB0001,2,01543,***,24년 음식물류 폐기물 처리용역,2024,LMB,제8278부대,제한경쟁,총액제,적격심사제,202401311030,20240131,낙찰
긴급공고,LPF0013,1,02022,***,간부숙소 신축 관급자재(자동제어) 제조설치(196),2024,LPF,제51보병사단,일반경쟁,총액제,적격심사제,202401311100,20240131,낙찰
긴급공고,LPF0014,1,02024,***,간부숙소 신축 관급자재(자동제어) 제조설치(207),2024,LPF,제51보병사단,일반경쟁,총액제,적격심사제,202401311100,20240131,낙찰
정상공고,MDD0021,1,01324,***,2024년 전기설비 직무고시 정기점검 용역,2024,MDD,국군수도병원,제한경쟁,총액제,적격심사제,202401311100,20240131,낙찰
정상공고,MDG0003,1,01074,***,플라스틱들것 구매,2024,MDG,국군의무사령부,제한경쟁,총액제,적격심사제,202401311100,20240131,낙찰
긴급공고,MHD0005,1,00359,***,2024년 방위사업청 영상 콘텐츠 제작 및 홍보,2024,MHD,방위사업청(운영지원과),협상에의한계약(전자),총액제,최저가격제,202401311500,20240131,낙찰
정상공고,UMM0008,1,00254,***,24-M-조경관리 용역,2024,UMM,국군재정관리단,일반경쟁,총액제,적격심사제,202401311100,20240131,낙찰
정상공고,UMM0012,1,00608,***,(24G009-A)24년 00사령부 방제용역,2024,UMM,국군재정관리단,일반경쟁,총액제,적격심사제,202401311100,20240131,낙찰
정상공고,UMM0009,1,00815,***,24-N-선저폐수 처리용역,2024,UMM,국군재정관리단,일반경쟁,총액제,적격심사제,202401311100,20240131,낙찰
긴급공고,UMM0017,1,01521,***,(24G001-H)24~25년 음향장비 유지보수 용역,2024,UMM,국군재정관리단,일반경쟁,총액제,적격심사제,202401311100,20240131,낙찰
정상공고,UMM0013,1,01803,***,24-F-전산장비 유지보수 용역,2024,UMM,국군재정관리단,제한경쟁,총액제,적격심사제,202401311100,20240131,낙찰
긴급공고,HCL0011,1,01942,***,'24년 생도식당 식자재,2024,HCL,공군사관학교,제한경쟁,총액제,적격심사제,202401301100,20240130,낙찰
긴급공고,HDL0005,1,01866,***,24년 음식물폐기물 처리용역,2024,HDL,공군제16전투비행단,제한경쟁,총액제,적격심사제,202401301100,20240130,낙찰
긴급공고,LCP0011,1,02001,***,'24년 항공관제용 U/VHF 무전기 외주정비 용역,2024,LCP,육군항공사령부,제한경쟁,총액제,적격심사제,202401301130,20240130,낙찰
정상공고,LDG0007,1,01736,***,24년 과학화경계시스템 외주정비 용역(임실),2024,LDG,육군 탄약지원사령부,제한경쟁,총액제,적격심사제,202401301030,20240130,낙찰
정상공고,LDG0008,1,01739,***,24년 과학화경계시스템 외주정비 용역(창원),2024,LDG,육군 탄약지원사령부,제한경쟁,총액제,적격심사제,202401301030,20240130,낙찰
정상공고,LDG0009,1,01740,***,24년 과학화경계시스템 외주정비 용역(세종),2024,LDG,육군 탄약지원사령부,제한경쟁,총액제,적격심사제,202401301030,20240130,낙찰
정상공고,LDG0010,1,01747,***,24년 과학화경계시스템 외주정비 용역(대전),2024,LDG,육군 탄약지원사령부,제한경쟁,총액제,적격심사제,202401301030,20240130,낙찰
정상공고,LDG0011,1,01748,***,24년 과학화경계시스템 외주정비 용역(천안),2024,LDG,육군 탄약지원사령부,제한경쟁,총액제,적격심사제,202401301030,20240130,낙찰
정상공고,LDG0012,1,01749,***,24년 과학화경계시스템 외주정비 용역(제천),2024,LDG,육군 탄약지원사령부,제한경쟁,총액제,적격심사제,202401301030,20240130,낙찰
정상공고,LDG0013,1,01750,***,24년 과학화경계시스템 외주정비 용역(충주),2024,LDG,육군 탄약지원사령부,제한경쟁,총액제,적격심사제,202401301030,20240130,낙찰
정상공고,LDG0014,1,01751,***,24년 과학화경계시스템 외주정비 용역(영동),2024,LDG,육군 탄약지원사령부,제한경쟁,총액제,적격심사제,202401301030,20240130,낙찰
정상공고,LDH0023,1,01079,***,"(일장) 교량가설단정 소화기,화재진압용 등 2종 구매",2024,LDH,육군종합정비창,제한경쟁,총액제,적격심사제,202401301300,20240130,낙찰
정상공고,LDH0022,1,01099,***,"(일장) 교량가설단정 전동식,청소기용 1종 구매",2024,LDH,육군종합정비창,제한경쟁,총액제,적격심사제,202401301300,20240130,낙찰
정상공고,LHR0004,1,01706,***,(육성)청주 '24년 예비군 수송버스 임차용역,2024,LHR,육군 제37보병사단,제한경쟁,총액제,적격심사제,202401301100,20240130,유찰
긴급공고,LKP0001,1,01845,***,'24년 일반폐기물처리용역(대구),2024,LKP,5군수지원사령부,일반경쟁,총액제,적격심사제,202401301130,20240130,낙찰
긴급공고,LKP0002,1,01846,***,'24년 일반폐기물처리용역(장성),2024,LKP,5군수지원사령부,일반경쟁,총액제,적격심사제,202401301130,20240130,낙찰
긴급공고,LKP0003,1,01847,***,'24년 일반폐기물처리용역(김해),2024,LKP,5군수지원사령부,일반경쟁,총액제,적격심사제,202401301130,20240130,낙찰
긴급공고,LKP0004,1,01848,***,'24년 일반폐기물처리용역(대전),2024,LKP,5군수지원사령부,일반경쟁,총액제,적격심사제,202401301130,20240130,낙찰
정상공고,MDG0002,1,01289,***,24년 의무장비(기구세척기 초음파형) 구매,2024,MDG,국군의무사령부,일반경쟁,총액제,적격심사제,202401301100,20240130,낙찰
긴급공고,MDS0001,1,01984,***,'24년 703체계 안테나시스템 외주정비 용역,2024,MDS,제3707부대,제한경쟁,총액제,적격심사제,202401301030,20240130,유찰
긴급공고,MHD0006,1,00390,***,2024년 방위사업청 소식지 및 웹진 제작,2024,MHD,방위사업청(운영지원과),협상에의한계약(전자),총액제,최저가격제,202401301500,20240130,낙찰
긴급공고,SCF0077,1,00040,***,'24년 청수 수송 용역,2024,SCF,해군군수사령부,제한경쟁,총액제,적격심사제,202401301030,20240130,낙찰
긴급공고,SCF0076,1,01293,001,오이피클(슬라이스),2024,SCF,해군군수사령부,제한경쟁,단가제,적격심사제,202401301030,20240130,낙찰
긴급공고,SCF0078,1,01408,***,(긴급) 디스크 드라이브 장치 등 39종,2024,SCF,해군군수사령부,제한경쟁,총액제,적격심사제,202401301030,20240130,낙찰
긴급공고,SCF0079,1,01412,***,(긴급) 에어 컴프레서 등 2종,2024,SCF,해군군수사령부,제한경쟁,총액제,적격심사제,202401301030,20240130,낙찰
긴급공고,SCF0080,1,01424,***,"(긴급)연결기 조립체,전기용 등 6종",2024,SCF,해군군수사령부,제한경쟁,총액제,적격심사제,202401301030,20240130,낙찰
정상공고,SCH0005,1,01181,***,24-1호 배추김치 등 7종 구매,2024,SCH,해군작전사령부,제한경쟁,총액제,적격심사제,202401301030,20240130,유찰
긴급공고,SCH0010,1,02014,***,24-2호 감자수제비 등 84종 구매,2024,SCH,해군작전사령부,제한경쟁,총액제,적격심사제,202401301030,20240130,낙찰
긴급공고,SFH0011,1,02020,001,24-B-액화석유가스(LPG) 구매,2024,SFH,제9196부대,제한경쟁,단가제,적격심사제,202401301030,20240130,유찰
긴급공고,SFH0012,1,02021,***,24-B-소규모 급수시설 유지관리용역(도서지역),2024,SFH,제9196부대,제한경쟁,총액제,적격심사제,202401301030,20240130,유찰
정상공고,UAC0004,1,00957,***,24년 M콘텐츠 유지보수 용역,2024,UAC,국방출판지원단,제한경쟁,총액제,적격심사제,202401301100,20240130,낙찰
긴급공고,LCJ0003,1,00777,***,파병부대 소프트쉘 구매,2024,LCJ,종합보급창,2단계경쟁(동시),총액제,최저가격제,202401291000,20240129,유찰
긴급공고,LCJ0004,1,00788,***,파병부대 캐리어 등 2품목 구매,2024,LCJ,종합보급창,2단계경쟁(동시),총액제,최저가격제,202401291000,20240129,유찰
긴급공고,LCJ0007,1,00860,***,파병부대 운동모 등 4품목 구매,2024,LCJ,종합보급창,2단계경쟁(동시),총액제,최저가격제,202401291000,20240129,유찰
긴급공고,LFR0002,1,01700,001,24년 기계화학교 음식물쓰레기 처리용역,2024,LFR,육군기계화학교,제한경쟁,단가제,적격심사제,202401291030,20240129,낙찰
긴급공고,LMP0003,1,01692,***,'24년 음식물류 폐기물 처리 용역,2024,LMP,제3보병사단,일반경쟁,총액제,적격심사제,202401291100,20240129,낙찰
긴급공고,MHD0002,1,00279,***,2024년 방위사업청 온라인 홍보,2024,MHD,방위사업청(운영지원과),협상에의한계약(전자),총액제,최저가격제,202401291500,20240129,낙찰
정상공고,ELA0001,1,6144,***,침투성 보호의,2024,ELA,화력총괄계약팀,일반경쟁,총액제,적격심사제,202401261100,20240126,낙찰
긴급공고,HCF0001,1,00833,***,'24년~'26년 육로여객 수송 용역,2024,HCF,공군군수사령부,제한경쟁,총액제,적격심사제,202401261030,20240126,낙찰
긴급공고,HCF0002,1,00859,***,'24년~'26년 유류 수송 용역,2024,HCF,공군군수사령부,제한경쟁,총액제,적격심사제,202401261030,20240126,유찰
긴급공고,HCL0010,1,01395,***,24-002 24-1학기 (국내·국외)교과서,2024,HCL,공군사관학교,제한경쟁,총액제,적격심사제,202401261030,20240126,낙찰
긴급공고,HCM0010,1,01517,***,24-01-003 금속명찰 등 4품목 제조 구매,2024,HCM,공군교육사령부,제한경쟁,총액제,적격심사제,202401261030,20240126,낙찰
긴급공고,HCM0012,1,01566,***,24-01-012 구두솔 등 5품목 구매,2024,HCM,공군교육사령부,제한경쟁,총액제,적격심사제,202401261030,20240126,낙찰
긴급공고,HDC0004,1,00945,***,24-용-1 생활폐기물 처리용역,2024,HDC,공군제1전투비행단,제한경쟁,총액제,적격심사제,202401261030,20240126,낙찰
긴급공고,HDC0005,1,00952,***,24-용-2 음식물폐기물 처리용역,2024,HDC,공군제1전투비행단,제한경쟁,총액제,적격심사제,202401261030,20240126,낙찰
재공고,HDN0003,2,00729,***,'24년 폐수 위탁 처리 용역,2024,HDN,공군제18전투비행단,제한경쟁,총액제,적격심사제,202401261300,20240126,유찰
긴급공고,HDN0004,1,00877,***,'24년 오폐수처리시설 관리용역,2024,HDN,공군제18전투비행단,제한경쟁,총액제,적격심사제,202401261300,20240126,낙찰
재공고,LBB0003,2,00401,001,24년 신정 경축특식(초코조각케이크+치즈조각케이크),2024,LBB,육군제7789부대,제한경쟁,단가제,적격심사제,202401261030,20240126,낙찰
긴급공고,LCK0001,1,01193,***,[육성지원금-24-1]버스 배차예약 앱 개발 용역,2024,LCK,수도방위사령부,제한경쟁,총액제,적격심사제,202401261030,20240126,낙찰
긴급공고,LCP0004,1,01284,***,24년 레이더경보수신기(RWR) SW 지원셋 외주정비 용역,2024,LCP,육군항공사령부,제한경쟁,총액제,적격심사제,202401261130,20240126,낙찰
긴급공고,LCP0003,1,01286,***,24년 비행협조소 무인화체계(RCU) 외주정비 용역,2024,LCP,육군항공사령부,제한경쟁,총액제,적격심사제,202401261130,20240126,유찰
긴급공고,LCP0002,1,01288,***,24년 자동기상관측장비(AMOS) 외주정비 용역,2024,LCP,육군항공사령부,제한경쟁,총액제,적격심사제,202401261130,20240126,유찰
긴급공고,LCP0005,1,01411,***,24년 이동식 항공기상관측장비(TACMET) 외주정비 용역,2024,LCP,육군항공사령부,제한경쟁,총액제,적격심사제,202401261130,20240126,낙찰
긴급공고,LCP0007,1,01418,***,24년 통신 감시장비 외주정비 용역,2024,LCP,육군항공사령부,제한경쟁,총액제,적격심사제,202401261130,20240126,낙찰
긴급공고,LCP0008,1,01425,***,24년 전술훈련 시뮬레이터(SM-RT1K) 외주정비 용역,2024,LCP,육군항공사령부,제한경쟁,총액제,적격심사제,202401261130,20240126,유찰
긴급공고,LCP0009,1,01433,***,24년 비행훈련 시뮬레이터(SFTS) 외주정비 용역,2024,LCP,육군항공사령부,제한경쟁,총액제,적격심사제,202401261130,20240126,유찰
긴급공고,LCP0010,1,01442,***,24년 항공기 유도장비(VOR) 외주정비 용역,2024,LCP,육군항공사령부,제한경쟁,총액제,적격심사제,202401261130,20240126,낙찰
긴급공고,LDC0001,1,01151,001,24년 즉석조리식품(민수용 작전식량) 구매,2024,LDC,육군과학화전투훈련단,일반경쟁,단가제,적격심사제,202401261030,20240126,낙찰
정상공고,LDH0021,1,00874,***,"K200 디스크,클러치,차량용 등 2종구매",2024,LDH,육군종합정비창,제한경쟁,총액제,적격심사제,202401261300,20240126,낙찰
긴급공고,LGI0001,1,01279,001,’24년 설날 경축특식 치즈케이크(제조),2024,LGI,제3군수지원여단,제한경쟁,단가제,적격심사제,202401261030,20240126,유찰
긴급공고,LGO0002,1,01155,001,24년 음식물처리 계약(용역),2024,LGO,제20기갑여단,제한경쟁,단가제,적격심사제,202401261030,20240126,낙찰
긴급공고,LGP0007,1,01252,***,24년 공사감독 차량 임대차 계약,2024,LGP,제1군수지원사령부,일반경쟁,총액제,적격심사제,202401261100,20240126,낙찰
긴급공고,LNQ0082,1,48178,***,105밀리 곡사포(2차) 관급자재(크레인),2023,LNQ,제17보병사단,일반경쟁,총액제,적격심사제,202401261100,20240126,낙찰
긴급공고,LQG0007,1,01444,***,(육성) 예비군훈련 병력수송버스 임차 용역(1권역),2024,LQG,육군 52보병사단,제한경쟁,총액제,적격심사제,202401261030,20240126,낙찰
긴급공고,LQG0008,1,01446,***,(육성) 예비군훈련 병력수송버스 임차 용역(2권역),2024,LQG,육군 52보병사단,제한경쟁,총액제,적격심사제,202401261030,20240126,유찰
긴급공고,LQG0009,1,01447,***,(육성) 예비군훈련 병력수송버스 임차 용역(3권역),2024,LQG,육군 52보병사단,제한경쟁,총액제,적격심사제,202401261030,20240126,유찰
정상공고,LQH0005,1,01229,***,24년 음식물 쓰레기 처리 용역,2024,LQH,제3697부대,제한경쟁,총액제,적격심사제,202401261100,20240126,낙찰
긴급공고,MCM0001,1,01157,***,국방 획득 SW 보안성 검증체계,2024,MCM,4284부대,일반경쟁,총액제,적격심사제,202401261030,20240126,유찰
긴급공고,MCR0005,1,01057,***,전산운영용품 빔프로젝트 램프 구매,2024,MCR,국방대학교,일반경쟁,총액제,적격심사제,202401261030,20240126,낙찰
정상공고,MDG0001,1,00827,***,24년 VoIP교환기 유지보수용역,2024,MDG,국군의무사령부,제한경쟁,총액제,적격심사제,202401261100,20240126,낙찰
정상공고,MDR0001,1,01062,***,CCTV시스템 유지보수 용역,2024,MDR,제9965부대,제한경쟁,총액제,적격심사제,202401261100,20240126,낙찰
긴급공고,MHD0003,1,00286,***,2024년 방위사업청 종합홍보,2024,MHD,방위사업청(운영지원과),협상에의한계약(전자),총액제,최저가격제,202401261500,20240126,낙찰
긴급공고,MHD0007,1,00977,***,고속상륙정(LSF-II) Batch-II 사업분석,2024,MHD,방위사업청(운영지원과),협상에의한계약(전자),총액제,최저가격제,202401261500,20240126,낙찰
긴급공고,SCF0075,1,00601,001,"24-00창 일반폐기물(폐P/S BALL, 폐주물사) 처리 용역",2024,SCF,해군군수사령부,제한경쟁,단가제,적격심사제,202401261030,20240126,낙찰
긴급공고,SCF0042,1,00717,001,깐풍기 구매,2024,SCF,해군군수사령부,제한경쟁,단가제,적격심사제,202401261030,20240126,낙찰
긴급공고,SCF0031,1,00720,001,스크램블 에그 구매,2024,SCF,해군군수사령부,제한경쟁,단가제,적격심사제,202401261030,20240126,순위확정
긴급공고,SCF0032,1,00724,001,감자수제비 구매,2024,SCF,해군군수사령부,제한경쟁,단가제,적격심사제,202401261030,20240126,낙찰
긴급공고,SCF0033,1,00727,001,게맛살 구매,2024,SCF,해군군수사령부,제한경쟁,단가제,적격심사제,202401261030,20240126,낙찰
긴급공고,SCF0034,1,00728,001,계란지단채 구매,2024,SCF,해군군수사령부,제한경쟁,단가제,적격심사제,202401261030,20240126,낙찰
긴급공고,SCF0035,1,00731,001,고구마샐러드 구매,2024,SCF,해군군수사령부,제한경쟁,단가제,적격심사제,202401261030,20240126,낙찰
긴급공고,SCF0036,1,00745,001,깐메추리알 구매,2024,SCF,해군군수사령부,제한경쟁,단가제,적격심사제,202401261030,20240126,낙찰
긴급공고,SCF0037,1,00749,001,냉동새우 구매,2024,SCF,해군군수사령부,제한경쟁,단가제,적격심사제,202401261030,20240126,낙찰
긴급공고,SCF0038,1,00750,001,냉동유부슬라이스 구매,2024,SCF,해군군수사령부,제한경쟁,단가제,적격심사제,202401261030,20240126,낙찰
긴급공고,SCF0039,1,00753,001,핫도그 구매,2024,SCF,해군군수사령부,제한경쟁,단가제,적격심사제,202401261030,20240126,순위확정
긴급공고,SCF0040,1,00755,001,냉동피홍합 구매,2024,SCF,해군군수사령부,제한경쟁,단가제,적격심사제,202401261030,20240126,낙찰
긴급공고,SCF0050,1,00779,001,단호박샐러드 구매,2024,SCF,해군군수사령부,제한경쟁,단가제,적격심사제,202401261030,20240126,낙찰
긴급공고,SCF0051,1,00785,001,땅콩조림 구매,2024,SCF,해군군수사령부,제한경쟁,단가제,적격심사제,202401261030,20240126,낙찰
긴급공고,SCF0053,1,00786,001,떡국떡 구매,2024,SCF,해군군수사령부,제한경쟁,단가제,적격심사제,202401261030,20240126,낙찰
긴급공고,SCF0049,1,00792,001,맛술 구매,2024,SCF,해군군수사령부,제한경쟁,단가제,적격심사제,202401261030,20240126,낙찰
긴급공고,SCF0047,1,00793,001,매실농축액 구매,2024,SCF,해군군수사령부,제한경쟁,단가제,적격심사제,202401261030,20240126,낙찰
긴급공고,SCF0046,1,00808,001,명이절임 구매,2024,SCF,해군군수사령부,제한경쟁,단가제,적격심사제,202401261030,20240126,낙찰
긴급공고,SCF0045,1,00811,001,모듬콩조림 구매,2024,SCF,해군군수사령부,제한경쟁,단가제,적격심사제,202401261030,20240126,낙찰
긴급공고,SCF0054,1,00813,001,바나나우유 구매,2024,SCF,해군군수사령부,제한경쟁,단가제,적격심사제,202401261030,20240126,낙찰
긴급공고,SCF0052,1,00814,001,베이컨 구매,2024,SCF,해군군수사령부,제한경쟁,단가제,적격심사제,202401261030,20240126,낙찰
긴급공고,SCF0044,1,00816,001,까나리액젓 구매,2024,SCF,해군군수사령부,제한경쟁,단가제,적격심사제,202401261030,20240126,낙찰
긴급공고,SCF0073,1,00855,***,"(긴급)레버클램프 등 1,233종",2024,SCF,해군군수사령부,제한경쟁,총액제,적격심사제,202401261300,20240126,낙찰
긴급공고,SCF0055,1,00867,001,뼈발골닭다리정육 구매,2024,SCF,해군군수사령부,제한경쟁,단가제,적격심사제,202401261030,20240126,낙찰
긴급공고,SCF0056,1,00869,001,새우튀김 구매,2024,SCF,해군군수사령부,제한경쟁,단가제,적격심사제,202401261030,20240126,낙찰
긴급공고,SCF0057,1,00871,001,생수(소) 구매,2024,SCF,해군군수사령부,제한경쟁,단가제,적격심사제,202401261030,20240126,낙찰
긴급공고,SCF0058,1,00873,001,생우동 구매,2024,SCF,해군군수사령부,제한경쟁,단가제,적격심사제,202401261030,20240126,낙찰
긴급공고,SCF0059,1,00879,001,스위트콘 구매,2024,SCF,해군군수사령부,제한경쟁,단가제,적격심사제,202401261030,20240126,낙찰
긴급공고,SCF0063,1,00880,001,해쉬포테이토 구매,2024,SCF,해군군수사령부,제한경쟁,단가제,적격심사제,202401261030,20240126,낙찰
긴급공고,SCF0060,1,00887,001,쌈무 구매,2024,SCF,해군군수사령부,제한경쟁,단가제,적격심사제,202401261030,20240126,낙찰
긴급공고,SCF0061,1,00891,001,양송이스프 구매,2024,SCF,해군군수사령부,제한경쟁,단가제,적격심사제,202401261030,20240126,낙찰
긴급공고,SCF0062,1,00895,001,요거트푸딩 구매,2024,SCF,해군군수사령부,제한경쟁,단가제,적격심사제,202401261030,20240126,낙찰
긴급공고,SCF0064,1,00897,001,재첩국 구매,2024,SCF,해군군수사령부,제한경쟁,단가제,적격심사제,202401261030,20240126,낙찰
긴급공고,SCF0072,1,01015,001,치즈스틱 구매,2024,SCF,해군군수사령부,제한경쟁,단가제,적격심사제,202401261030,20240126,유찰
긴급공고,SCF0071,1,01019,001,크림파스타소스 구매,2024,SCF,해군군수사령부,제한경쟁,단가제,적격심사제,202401261030,20240126,낙찰
긴급공고,SCF0070,1,01025,001,포장순대(슬라이스) 구매,2024,SCF,해군군수사령부,제한경쟁,단가제,적격심사제,202401261030,20240126,낙찰
긴급공고,SCF0067,1,01169,001,감자고로케 구매,2024,SCF,해군군수사령부,제한경쟁,단가제,적격심사제,202401261030,20240126,낙찰
긴급공고,SCF0068,1,01173,001,모듬수제소시지 구매,2024,SCF,해군군수사령부,제한경쟁,단가제,적격심사제,202401261030,20240126,낙찰
긴급공고,SCF0069,1,01175,001,우엉조림 구매,2024,SCF,해군군수사령부,제한경쟁,단가제,적격심사제,202401261030,20240126,낙찰
긴급공고,SCF0066,1,01177,001,연근조림 구매,2024,SCF,해군군수사령부,제한경쟁,단가제,적격심사제,202401261030,20240126,낙찰
긴급공고,SCF0074,1,01180,001,토스트소스 구매,2024,SCF,해군군수사령부,제한경쟁,단가제,적격심사제,202401261030,20240126,낙찰
긴급공고,SCF0065,1,01423,001,떡볶이떡 구매,2024,SCF,해군군수사령부,제한경쟁,단가제,적격심사제,202401261030,20240126,순위확정
긴급공고,SCP0005,1,01313,***,오리고기 등 32종 구매,2024,SCP,제8385부대,일반경쟁,총액제,적격심사제,202401261030,20240126,낙찰
긴급공고,SCP0006,1,01321,***,파인애플 등 261종 구매,2024,SCP,제8385부대,일반경쟁,총액제,적격심사제,202401261030,20240126,낙찰
긴급공고,SDF0004,1,01475,***,24-항-09 군 숙소 청소용역,2024,SDF,제5738부대,제한경쟁,총액제,적격심사제,202401261030,20240126,낙찰
긴급공고,SFH0005,1,01454,***,"24-B-폐기물(폐합성수지, 폐목재) 처리용역(도서지역)",2024,SFH,제9196부대,일반경쟁,총액제,적격심사제,202401261030,20240126,낙찰
긴급공고,SFH0006,1,01463,***,24-B-폐기물(일반폐기물)처리용역(도서지역),2024,SFH,제9196부대,일반경쟁,총액제,적격심사제,202401261030,20240126,낙찰
긴급공고,SFH0007,1,01465,***,’24년 백령도·대청도 부식류 민간위탁배송 용역,2024,SFH,제9196부대,일반경쟁,총액제,적격심사제,202401261030,20240126,낙찰
긴급공고,SFH0009,1,01582,***,24-B-오.폐수처리시설 위탁관리 용역(도서지역),2024,SFH,제9196부대,제한경쟁,총액제,적격심사제,202401261030,20240126,낙찰
정상공고,UMM0006,1,00468,***,(24G007-A )의료기관 세탁 위탁처리 용역,2024,UMM,국군재정관리단,일반경쟁,총액제,적격심사제,202401261100,20240126,낙찰
긴급공고,UMM0007,1,01406,***,(23F071-G)24년 스마트 훈련병관리체계 유지보수용역,2024,UMM,국군재정관리단,제한경쟁,총액제,적격심사제,202401261100,20240126,낙찰
긴급공고,UMM0815,1,63426,***,(23F297-B) 육군 근조화환 지원 용역,2023,UMM,국군재정관리단,일반경쟁,총액제,적격심사제,202401261100,20240126,낙찰
긴급공고,HDF0006,1,01215,***,24-공-0비 음식물쓰레기 처리용역,2024,HDF,공군 제8전투비행단,제한경쟁,총액제,적격심사제,202401251100,20240125,낙찰
긴급공고,LCJ0009,1,00923,***,(24육군-해파06)한빛부대 지원용 컨테이너 구매,2024,LCJ,종합보급창,일반경쟁,총액제,적격심사제,202401251100,20240125,유찰
정상공고,LCN0003,1,01127,***,24년 생도 증식(떡 만두 등 213개 품목) 구매,2024,LCN,육군사관학교,제한경쟁,총액제,적격심사제,202401251100,20240125,낙찰
긴급공고,LKG0004,1,01450,***,24년 상병건강검진 민간 위탁,2024,LKG,육군제53보병사단,제한경쟁,총액제,적격심사제,202401251600,20240125,유찰
정정공고,MDD0004,3,00866,***,2024 1분기 의약품 595품목 구매,2024,MDD,국군수도병원,일반경쟁,총액제,적격심사제,202401251700,20240125,낙찰
정상공고,MDD0011,1,01451,***,2024~2029 지휘관 승용창 임차 용역,2024,MDD,국군수도병원,제한경쟁,총액제,적격심사제,202401251700,20240125,유찰
긴급공고,MDD0012,1,01497,***,24 국군수도병원 의료가스 7품목 구매,2024,MDD,국군수도병원,제한경쟁,총액제,적격심사제,202401251100,20240125,유찰
긴급공고,MDD0013,1,01519,***,2024년 국군수도병원 병리장비소모품(13) 구매,2024,MDD,국군수도병원,제한경쟁,총액제,적격심사제,202401251100,20240125,낙찰
긴급공고,MDD0016,1,01571,***,2024년 00병원 구충구서 방제 용역,2024,MDD,국군수도병원,제한경쟁,총액제,적격심사제,202401251100,20240125,낙찰
정정공고,HCS0022,5,54830,***,공군 제00비행단 병사식당 민간위탁 운영,2023,HCS,제3훈련비행단,협상에의한계약(서류),총액제,최저가격제,202401241600,20240124,낙찰
긴급공고,LKG0095,1,65598,***,24년 예비군도시락 제조납품(1권역),2023,LKG,육군제53보병사단,2단계경쟁(동시),총액제,최저가격제,202401241600,20240124,유찰
긴급공고,LKG0096,1,65600,***,24년 예비군도시락 제조납품(2권역),2023,LKG,육군제53보병사단,2단계경쟁(동시),총액제,최저가격제,202401241600,20240124,유찰
긴급공고,LFR0001,1,00912,001,24년 기계화학교 음식물쓰레기 처리 용역,2024,LFR,육군기계화학교,제한경쟁,단가제,적격심사제,202401191030,20240119,유찰
긴급공고,LKT0009,1,00915,***,24년 직할대 음식물쓰레기 처리용역,2024,LKT,제1989부대,제한경쟁,총액제,적격심사제,202401191330,20240119,낙찰
긴급공고,LNS0001,1,00844,001,"24년 예비군 도시락 제조ㆍ납품(1권역, 야탑)",2024,LNS,제55보병사단,2단계경쟁(동시),단가제,최저가격제,202401191600,20240119,낙찰
긴급공고,LNS0002,1,00854,001,"24년 예비군 도시락 제조ㆍ납품(2권역, 천덕봉)",2024,LNS,제55보병사단,2단계경쟁(동시),단가제,최저가격제,202401191600,20240119,낙찰
긴급공고,LNS0003,1,00857,001,"24년 예비군 도시락 제조ㆍ납품(3권역, 운학)",2024,LNS,제55보병사단,2단계경쟁(동시),단가제,최저가격제,202401191600,20240119,낙찰
정상공고,UMM0005,1,00221,***,(24F001-A) 음식물쓰레기 수거 및 위탁처리 용역,2024,UMM,국군재정관리단,일반경쟁,총액제,적격심사제,202401191100,20240119,낙찰
정상공고,UMM0814,1,60060,***,24-F-온나라체계 유지보수,2023,UMM,국군재정관리단,제한경쟁,총액제,적격심사제,202401191100,20240119,낙찰
정상공고,UMM0813,1,67885,***,24-M-전세버스 수송용역,2023,UMM,국군재정관리단,제한경쟁,총액제,적격심사제,202401191100,20240119,낙찰
정상공고,HDQ0001,1,00754,***,24-생활폐기물 위탁처리 용역,2024,HDQ,제20전투비행단,제한경쟁,총액제,적격심사제,202401181030,20240118,낙찰
긴급공고,LCJ0008,1,00892,***,미래로아파트 위탁관리 용역,2024,LCJ,종합보급창,지명경쟁,총액제,최저가격제,202401181030,20240118,낙찰
긴급공고,LFN0001,1,00719,***,24-1학기 생도교과서(국내서)구매,2024,LFN,육군3사관학교,제한경쟁,총액제,적격심사제,202401181400,20240118,낙찰
긴급공고,SCF0030,1,00628,001,콩나물 구매,2024,SCF,해군군수사령부,제한경쟁,단가제,적격심사제,202401181030,20240118,낙찰
긴급공고,SCF0021,1,00636,001,요구르트 구매,2024,SCF,해군군수사령부,제한경쟁,단가제,적격심사제,202401181030,20240118,낙찰
긴급공고,SCF0024,1,00643,001,떠먹는 발효유 구매,2024,SCF,해군군수사령부,제한경쟁,단가제,적격심사제,202401181030,20240118,낙찰
긴급공고,SCF0022,1,00650,001,오리훈제슬라이스 구매,2024,SCF,해군군수사령부,제한경쟁,단가제,적격심사제,202401181030,20240118,낙찰
긴급공고,SCF0023,1,00653,001,소고기스프 구매,2024,SCF,해군군수사령부,제한경쟁,단가제,적격심사제,202401181030,20240118,낙찰
긴급공고,SCF0025,1,00655,001,꿔바로우 구매,2024,SCF,해군군수사령부,제한경쟁,단가제,적격심사제,202401181030,20240118,낙찰
긴급공고,SCF0026,1,00660,001,컵밥 구매,2024,SCF,해군군수사령부,제한경쟁,단가제,적격심사제,202401181030,20240118,낙찰
긴급공고,SCF0027,1,00665,001,견과류 구매,2024,SCF,해군군수사령부,제한경쟁,단가제,적격심사제,202401181030,20240118,낙찰
긴급공고,SCF0028,1,00666,001,야채 고기말이 구매,2024,SCF,해군군수사령부,제한경쟁,단가제,적격심사제,202401181030,20240118,낙찰
정정공고,SCF0029,2,00670,001,미소된장 구매,2024,SCF,해군군수사령부,제한경쟁,단가제,적격심사제,202401181030,20240118,낙찰
정상공고,UMM0003,1,00690,***,24-N-브리핑 등 8건 통합 금융리스,2024,UMM,국군재정관리단,일반경쟁,총액제,최저가격제,202401181100,20240118,낙찰
정정공고,HDN0002,2,00721,***,'24년 생활(폐합성수지류) 폐기물 처리,2024,HDN,공군제18전투비행단,제한경쟁,총액제,적격심사제,202401171300,20240117,낙찰
재공고,HDP0003,2,00490,***,24년 음식물쓰레기 위탁처리 용역,2024,HDP,공군제19전투비행단,제한경쟁,총액제,적격심사제,202401171100,20240117,낙찰
정정공고,LFH0003,2,00812,***,교육생 숙소 신축 관급(자동제어),2024,LFH,육군부사관학교,제한경쟁,총액제,적격심사제,202401171100,20240117,낙찰
긴급공고,LGP0006,1,00532,001,24-1차 경축특식 냉동슈 제조,2024,LGP,제1군수지원사령부,제한경쟁,단가제,적격심사제,202401171100,20240117,낙찰
긴급공고,LGP0005,1,00533,001,24-1차 경축특식 떠먹는 티라미수 제조,2024,LGP,제1군수지원사령부,제한경쟁,단가제,적격심사제,202401171100,20240117,낙찰
긴급공고,LGP0004,1,00534,001,24-1차 경축특식 우유생크림빵 제조,2024,LGP,제1군수지원사령부,제한경쟁,단가제,적격심사제,202401171100,20240117,낙찰
긴급공고,LGP0003,1,00535,001,24-1차 경축특식 제로콜라  구매,2024,LGP,제1군수지원사령부,제한경쟁,단가제,적격심사제,202401171100,20240117,낙찰
정상공고,LQH0001,1,00619,***,219여단 취사식당 신축 관급 자동제어,2024,LQH,제3697부대,제한경쟁,총액제,적격심사제,202401171030,20240117,낙찰
긴급공고,MDD0001,1,00580,***,2024~2029 지휘관 승용창 임차 용역,2024,MDD,국군수도병원,제한경쟁,총액제,적격심사제,202401171700,20240117,유찰
긴급공고,HCL0008,1,00384,***,'24년 간부식당 식자재,2024,HCL,공군사관학교,제한경쟁,총액제,적격심사제,202401161030,20240116,낙찰
긴급공고,HDC0002,1,00571,***,23-용-3 광주권 임대프린터 용역,2024,HDC,공군제1전투비행단,제한경쟁,총액제,적격심사제,202401161030,20240116,낙찰
긴급공고,HDN0003,1,00729,***,'24년 폐수 위탁 처리 용역,2024,HDN,공군제18전투비행단,제한경쟁,총액제,적격심사제,202401161300,20240116,유찰
긴급공고,HDN0001,1,00732,***,'24년도 음식물류 폐기물 처리용역,2024,HDN,공군제18전투비행단,제한경쟁,총액제,적격심사제,202401161300,20240116,낙찰
긴급공고,LBB0001,1,00352,001,24-1차 민수용 작전식량 구매,2024,LBB,육군제7789부대,일반경쟁,단가제,적격심사제,202401161030,20240116,낙찰
긴급공고,LBB0002,1,00396,001,24년 경축특식(설날)(음료(아메리카노+우유)),2024,LBB,육군제7789부대,제한경쟁,단가제,적격심사제,202401161030,20240116,낙찰
긴급공고,LBB0003,1,00401,001,24년 신정 경축특식(초코조각케이크+치즈조각케이크),2024,LBB,육군제7789부대,제한경쟁,단가제,적격심사제,202401161030,20240116,유찰
재공고,LDH0001,2,00202,***,K1전차 튜브조립체 등 22종 구매,2024,LDH,육군종합정비창,제한경쟁,총액제,적격심사제,202401161300,20240116,유찰
긴급공고,LDH0011,1,00617,001,24년 폐합성수지 위탁처리 용역,2024,LDH,육군종합정비창,제한경쟁,단가제,적격심사제,202401161330,20240116,낙찰
긴급공고,LMR0007,1,00682,***,24년 음식물쓰레기 위탁처리 용역,2024,LMR,제5군단사령부,제한경쟁,총액제,적격심사제,202401161030,20240116,낙찰
긴급공고,LMR0008,1,00683,***,주거시설 액화석유가스(LPG)공급 (5년),2024,LMR,제5군단사령부,일반경쟁,총액제,적격심사제,202401161030,20240116,낙찰
긴급공고,LMU0001,1,00553,001,`24-1차 부대조달 경축특식(설날) 계약,2024,LMU,제7군수지원단,제한경쟁,단가제,적격심사제,202401161100,20240116,낙찰
긴급공고,LNF0002,1,00537,***,'24년 음식물쓰레기 처리용역,2024,LNF,제1보병사단,일반경쟁,총액제,적격심사제,202401161030,20240116,낙찰
정상공고,LQG0001,1,00582,001,24년 음식물류 폐기물 위탁처리 용역,2024,LQG,육군 52보병사단,제한경쟁,단가제,적격심사제,202401161030,20240116,낙찰
긴급공고,SCF0007,1,00241,001,순살햄 구매,2024,SCF,해군군수사령부,제한경쟁,단가제,적격심사제,202401161030,20240116,낙찰
정상공고,SCF0008,1,00245,001,포장족발(슬라이스) 구매,2024,SCF,해군군수사령부,제한경쟁,단가제,적격심사제,202401161030,20240116,낙찰
긴급공고,SCF0009,1,00247,001,체다 슬라이스치즈 구매,2024,SCF,해군군수사령부,제한경쟁,단가제,적격심사제,202401161030,20240116,낙찰
긴급공고,SCF0010,1,00253,001,비엔나소시지 구매,2024,SCF,해군군수사령부,제한경쟁,단가제,적격심사제,202401161030,20240116,낙찰
긴급공고,SCF0020,1,00479,001,씻어나온쌀 구매,2024,SCF,해군군수사령부,제한경쟁,단가제,적격심사제,202401161030,20240116,낙찰
긴급공고,SCF0012,1,00561,001,대패삼겹살(냉동) 구매,2024,SCF,해군군수사령부,제한경쟁,단가제,적격심사제,202401161030,20240116,낙찰
긴급공고,SCF0013,1,00565,001,모둠해물 구매,2024,SCF,해군군수사령부,제한경쟁,단가제,적격심사제,202401161030,20240116,낙찰
긴급공고,SCF0014,1,00570,001,LA 갈비(냉동) 구매,2024,SCF,해군군수사령부,제한경쟁,단가제,적격심사제,202401161030,20240116,낙찰
긴급공고,SCF0015,1,00574,001,차돌박이(냉동/슬라이스) 구매,2024,SCF,해군군수사령부,제한경쟁,단가제,적격심사제,202401161030,20240116,낙찰
긴급공고,SCF0017,1,00606,001,소갈비순살(냉동/슬라이스) 구매,2024,SCF,해군군수사령부,제한경쟁,단가제,적격심사제,202401161030,20240116,낙찰
긴급공고,SCF0018,1,00695,001,냉동 수육용 삼겹살 구매,2024,SCF,해군군수사령부,제한경쟁,단가제,적격심사제,202401161030,20240116,낙찰
긴급공고,SCF0019,1,00703,001,소갈비(냉동/갈비탕용) 구매,2024,SCF,해군군수사령부,제한경쟁,단가제,적격심사제,202401161030,20240116,낙찰
긴급공고,SCF0522,1,54706,001,돼지목심(냉동) 구매,2023,SCF,해군군수사령부,제한경쟁,단가제,적격심사제,202401161030,20240116,낙찰
긴급공고,SCF0521,1,54722,001,LA 돼지갈비(냉동) 구매,2023,SCF,해군군수사령부,제한경쟁,단가제,적격심사제,202401161030,20240116,낙찰
긴급공고,SCF0525,1,54882,001,돼지삼겹살(냉동)  구매,2023,SCF,해군군수사령부,제한경쟁,단가제,적격심사제,202401161030,20240116,낙찰
긴급공고,SCF0524,1,54890,001,돼지등뼈(냉동) 구매,2023,SCF,해군군수사령부,제한경쟁,단가제,적격심사제,202401161030,20240116,낙찰
긴급공고,SCF0526,1,54909,001,돼지등갈비(냉동) 구매,2023,SCF,해군군수사령부,제한경쟁,단가제,적격심사제,202401161030,20240116,낙찰
긴급공고,SCF0519,1,67669,001,단무지 구매,2023,SCF,해군군수사령부,제한경쟁,단가제,적격심사제,202401161030,20240116,낙찰
긴급공고,SCF0520,1,67687,001,카스타드 구매,2023,SCF,해군군수사령부,제한경쟁,단가제,적격심사제,202401161030,20240116,낙찰
긴급공고,SCU0014,1,00767,001,'24년 제주지역 액화석유가스(LPG) 구매,2024,SCU,해군 기동함대사령부,제한경쟁,단가제,적격심사제,202401161030,20240116,낙찰
긴급공고,SCU0014,1,00767,002,'24년 제주지역 액화석유가스(LPG) 구매,2024,SCU,해군 기동함대사령부,제한경쟁,단가제,적격심사제,202401161030,20240116,낙찰
긴급공고,UMM0004,1,00319,***,(246003-D)교과서(24년 1학기) 구매,2024,UMM,국군재정관리단,일반경쟁,총액제,적격심사제,202401161100,20240116,낙찰
긴급공고,LCJ0001,1,00599,***,파병부대 반팔티 등 5품목 구매,2024,LCJ,종합보급창,제한경쟁,총액제,적격심사제,202401151100,20240115,낙찰
긴급공고,LCJ0002,1,00605,***,파병부대 전투복 등 2품목 제조,2024,LCJ,종합보급창,제한경쟁,총액제,적격심사제,202401151100,20240115,낙찰
정상공고,UMM0812,1,61759,***,24-M-음식물류 폐기물 위탁처리 용역,2023,UMM,국군재정관리단,일반경쟁,총액제,적격심사제,202401151100,20240115,낙찰
긴급공고,LKT0003,1,00462,***,24년 직할대 생활폐기물 처리용역,2024,LKT,제1989부대,제한경쟁,총액제,적격심사제,202401121330,20240112,낙찰
긴급공고,LKT0004,1,00463,***,24년 직할대 음식물쓰레기 처리용역,2024,LKT,제1989부대,제한경쟁,총액제,적격심사제,202401121330,20240112,유찰
정상공고,SFG0003,1,00398,***,24년 청룡회관 식자재(감자 등 119종) 구매,2024,SFG,제9181부대,제한경쟁,총액제,적격심사제,202401121030,20240112,낙찰
정상공고,UMM0002,1,00294,***,24-M-얼음정수기 임차 용역,2024,UMM,국군재정관리단,제한경쟁,총액제,적격심사제,202401121100,20240112,낙찰
긴급공고,HCG0051,1,60737,***,24-항공관제 분석체계 유지보수 용역,2023,HCG,공군본부,제한경쟁,총액제,적격심사제,202401111600,20240111,낙찰
긴급공고,HDL0001,1,00324,***,24년 예성회관 식자재 구매,2024,HDL,공군제16전투비행단,일반경쟁,총액제,적격심사제,202401111100,20240111,낙찰
정상공고,HDP0003,1,00490,***,24년 음식물쓰레기 위탁처리 용역,2024,HDP,공군제19전투비행단,제한경쟁,총액제,적격심사제,202401111100,20240111,유찰
긴급공고,LKF0004,1,00421,***,00부대 사업장 생활폐기물 처리 용역,2024,LKF,제6755부대,제한경쟁,총액제,최저가격제,202401111030,20240111,낙찰
긴급공고,SCF0002,1,00408,***,'24년 국외항공특송 수송용역,2024,SCF,해군군수사령부,제한경쟁,총액제,적격심사제,202401111030,20240111,낙찰
긴급공고,SCF0518,1,54676,001,살치살(냉동/스테이크용) 구매,2023,SCF,해군군수사령부,제한경쟁,단가제,적격심사제,202401111030,20240111,낙찰
긴급공고,SCF0516,1,54682,001,부챗살(냉동/스테이크용) 구매,2023,SCF,해군군수사령부,제한경쟁,단가제,적격심사제,202401111030,20240111,낙찰
긴급공고,SCF0515,1,54692,001,부챗살(냉동/덩어리) 구매,2023,SCF,해군군수사령부,제한경쟁,단가제,적격심사제,202401111030,20240111,낙찰
긴급공고,SCF0517,1,54699,001,살치살(냉동/덩어리) 구매,2023,SCF,해군군수사령부,제한경쟁,단가제,적격심사제,202401111030,20240111,낙찰
긴급공고,UMM0001,1,00291,***,(23F265-A)24년 ~ 26년 정수기 임차용역,2024,UMM,국군재정관리단,제한경쟁,총액제,적격심사제,202401111100,20240111,낙찰
정상공고,UMM0811,1,61806,***,24-F-공본지역 임대프린터 용역,2023,UMM,국군재정관리단,제한경쟁,총액제,적격심사제,202401111100,20240111,낙찰
재공고,UMM0802,2,66740,***,(*23F269-A)입영신체검사 민간위탁 검사용역,2023,UMM,국군재정관리단,일반경쟁,총액제,적격심사제,202401111100,20240111,유찰
정상공고,UMM0808,1,67659,***,24-D-자운대지역 조경관리용역,2023,UMM,국군재정관리단,일반경쟁,총액제,적격심사제,202401111100,20240111,유찰
긴급공고,LFC0001,1,00376,***,24년 설날 경축특식 훈제닭다리 제조구매,2024,LFC,육군훈련소,제한경쟁,총액제,적격심사제,202401101100,20240110,낙찰
긴급공고,LFC0003,1,00385,***,24년 2~3월 경쟁계약 품목(부식류) 구매,2024,LFC,육군훈련소,제한경쟁,총액제,적격심사제,202401101100,20240110,낙찰
긴급공고,SCP0004,1,00317,***,24-오폐수처리시설 위탁관리 용역,2024,SCP,제8385부대,제한경쟁,총액제,적격심사제,202401101030,20240110,낙찰
재공고,UMM0803,2,61175,***,(23F276-I) 24년 폐수처리용역,2023,UMM,국군재정관리단,제한경쟁,총액제,적격심사제,202401101100,20240110,유찰
재공고,UMM0804,2,61768,***,(23F272-I) 24년 수료신병 수송용역,2023,UMM,국군재정관리단,제한경쟁,총액제,적격심사제,202401101100,20240110,낙찰
재공고,UMM0801,2,62118,***,(23F296-I) 24년 전투지휘훈련 병력수송용역,2023,UMM,국군재정관리단,제한경쟁,총액제,적격심사제,202401101100,20240110,낙찰
긴급공고,HDP0002,1,00249,***,'24년 간부식당 2개소 식자재 구매,2024,HDP,공군제19전투비행단,제한경쟁,총액제,적격심사제,202401091100,20240109,낙찰
긴급공고,HDP0001,1,00250,***,'24년 간부식당 2개소 김치 구매,2024,HDP,공군제19전투비행단,일반경쟁,총액제,적격심사제,202401091100,20240109,낙찰
긴급공고,LKQ0001,1,00288,***,"'24년 항행안전시설 2종(VOR, ILS) 외주정비 용역",2024,LKQ,육군항공학교,제한경쟁,총액제,적격심사제,202401091030,20240109,유찰
정상공고,MHD0099,1,53456,***,무기체계 개발시험평가 역할 재정립에 관한 연구,2023,MHD,방위사업청(운영지원과),협상에의한계약(전자),총액제,최저가격제,202401091500,20240109,낙찰
긴급공고,SCP0002,1,00275,***,24-포 음식물류폐기물 처리 용역,2024,SCP,제8385부대,제한경쟁,총액제,적격심사제,202401091030,20240109,낙찰
긴급공고,SCP0003,1,00278,***,24-동 음식물류폐기물 처리 용역,2024,SCP,제8385부대,제한경쟁,총액제,적격심사제,202401091030,20240109,낙찰
긴급공고,SFH0001,1,00314,***,’24년 백령도·대청도 부식류 민간위탁배송 용역,2024,SFH,제9196부대,일반경쟁,총액제,적격심사제,202401091030,20240109,순위확정
정상공고,UAZ0001,1,00236,***,도서관 24년 정기간행물 구매,2024,UAZ,합동군사대학교,일반경쟁,총액제,최저가격제,202401091300,20240109,낙찰
긴급공고,HDK0040,1,56836,***,공군 제11전투비행단 병사식당 급식 민간위탁 용역,2023,HDK,공군제11전투비행단,협상에의한계약(서류),총액제,최저가격제,202401081000,20240108,낙찰
정상공고,UMM0800,1,54798,***,24-D-계룡지역 조경관리 용역,2023,UMM,국군재정관리단,일반경쟁,총액제,적격심사제,202401081100,20240108,낙찰
정상공고,SCH0204,1,62294,***,24-부 일반폐기물 처리 용역,2023,SCH,해군작전사령부,제한경쟁,총액제,적격심사제,202401051030,20240105,낙찰
정상공고,UMM0794,1,60076,***,24-F-행정지원체계 통합유지보수 용역,2023,UMM,국군재정관리단,제한경쟁,총액제,적격심사제,202401051100,20240105,낙찰
정정공고,LBB0096,3,56401,***,'23년 리치트럭 구매 계약,2023,LBB,육군제7789부대,제한경쟁,총액제,적격심사제,202401041100,20240104,유찰
정상공고,UMM0795,1,55567,***,(23F275-A) 대기오염 측정용역(특정물질),2023,UMM,국군재정관리단,제한경쟁,총액제,적격심사제,202401041100,20240104,낙찰
재공고,UMM0769,2,59587,***,24-M-음식물류 폐기물 위탁처리 용역,2023,UMM,국군재정관리단,일반경쟁,총액제,적격심사제,202401041100,20240104,유찰
긴급공고,UMM0806,1,61770,***,(23F290-I) '24~'25년 육군 체력단련장 배상책임보험,2023,UMM,국군재정관리단,일반경쟁,총액제,적격심사제,202401041100,20240104,유찰
정상공고,UMM0792,1,61790,***,24-F-임대프린터 용역,2023,UMM,국군재정관리단,제한경쟁,총액제,적격심사제,202401041100,20240104,낙찰
정상공고,UMM0793,1,62005,***,24-F-프린터 임차 용역,2023,UMM,국군재정관리단,제한경쟁,총액제,적격심사제,202401041100,20240104,낙찰
정상공고,UMM0796,1,66287,***,(23F295-A) 24년 상병건강검진 부분위탁용역,2023,UMM,국군재정관리단,일반경쟁,총액제,적격심사제,202401041100,20240104,낙찰
긴급공고,UMM0805,1,67142,***,(23G053-H) 24년 정보통신장비 통합유지보수용역,2023,UMM,국군재정관리단,일반경쟁,총액제,적격심사제,202401041100,20240104,낙찰
긴급공고,UMM0807,1,67511,***,(23G056)24년 합동전파관리시스템 유지보수 용역,2023,UMM,국군재정관리단,제한경쟁,총액제,적격심사제,202401041100,20240104,낙찰
정상공고,HCL0005,1,00051,***,24년 간부식당 식자재 구매,2024,HCL,공군사관학교,제한경쟁,총액제,적격심사제,202401031030,20240103,낙찰
재공고,HCM0006,2,00047,***,24년 남은음식물 위탁처리 용역,2024,HCM,공군교육사령부,제한경쟁,총액제,적격심사제,202401031300,20240103,순위확정
긴급공고,HDP0055,1,66415,***,(24-용역-01) 24년 오폐수처리장 관리용역,2023,HDP,공군제19전투비행단,제한경쟁,총액제,적격심사제,202401031100,20240103,낙찰
긴급공고,HDP0056,1,66491,***,24년 음식물쓰레기 위탁처리 용역 계약,2023,HDP,공군제19전투비행단,제한경쟁,총액제,적격심사제,202401031100,20240103,유찰
긴급공고,LKD0079,1,66583,001,24년 상병건강검진 민간위탁 용역(재공고),2023,LKD,제32보병사단,제한경쟁,단가제,적격심사제,202401031030,20240103,유찰
긴급공고,LKQ0023,1,67693,***,"'24년 항행안전시설 2종(VOR, ILS) 외주정비 용역",2023,LKQ,육군항공학교,제한경쟁,총액제,적격심사제,202401031030,20240103,유찰
긴급공고,MCR0073,1,63740,***,'24년 통합사이버교육시스템 유지보수 용역,2023,MCR,국방대학교,제한경쟁,총액제,적격심사제,202401031030,20240103,낙찰
긴급공고,MDS0030,1,66867,***,교육단 증개축 GHP 실외기 설치납품,2023,MDS,제3707부대,제한경쟁,총액제,적격심사제,202401031030,20240103,낙찰
재공고,SCR0090,2,61362,***,24년 배추김치(포기절단) 등 10종 구매,2023,SCR,해군제3함대사령부,제한경쟁,총액제,적격심사제,202401031030,20240103,낙찰
긴급공고,SFD0105,1,60452,***,24-P-AV/방송 및 광다중화장비 외주정비 용역,2023,SFD,제9227부대,제한경쟁,총액제,적격심사제,202401031030,20240103,낙찰
긴급공고,SFN0082,1,65544,***,24-Y-무인감시장비 유지보수용역,2023,SFN,연평부대,제한경쟁,총액제,적격심사제,202401031030,20240103,낙찰
재공고,UMM0757,2,52547,***,(23F266-I) '24년 전자유도카트 위탁관리 용역,2023,UMM,국군재정관리단,제한경쟁,총액제,적격심사제,202401031100,20240103,낙찰
재공고,UMM0783,2,54876,***,(23F262-I) 24년 오수처리시설 위탁관리 용역,2023,UMM,국군재정관리단,제한경쟁,총액제,적격심사제,202401031100,20240103,낙찰
긴급공고,UMM0799,1,61176,***,(23F274-I) 24년 대기오염 측정용역(일반물질),2023,UMM,국군재정관리단,제한경쟁,총액제,적격심사제,202401031100,20240103,낙찰
긴급공고,UMM0798,1,61771,***,(23F294-I) 24년 상병건강검진 영상판독 위탁용역,2023,UMM,국군재정관리단,일반경쟁,총액제,적격심사제,202401031100,20240103,유찰
긴급공고,UMM0801,1,62118,***,(23F296-I) 24년 전투지휘훈련 병력수송용역,2023,UMM,국군재정관리단,제한경쟁,총액제,적격심사제,202401031100,20240103,유찰
긴급공고,UMM0797,1,66772,***,(23F271-A) 음식물류  폐기물  위탁처리 용역,2023,UMM,국군재정관리단,일반경쟁,총액제,적격심사제,202401031100,20240103,낙찰
정상공고,UMM0789,1,58245,***,"24-F-천궁, 발칸 교육훈련장비 유지보수",2023,UMM,국군재정관리단,제한경쟁,총액제,적격심사제,202401021100,20240102,낙찰
정상공고,UMM0790,1,63455,***,23-N-0함대 부두 로딩암 제조 설치,2023,UMM,국군재정관리단,일반경쟁,총액제,적격심사제,202401021100,20240102,유찰
