"군급","군급상태","명칭(한글)","명칭(영문)","주석(한글)","주석(영문)","포함(한글)","포함(영문)","제외(한글)","제외(영문)"
"1000","A","무기 ","Weapons","이 그룹은 투색장비 및 신호권총과 같은 비전투품목류의 무기 뿐만아니라 전투용 무기를 포함한다. 또한 이 그룹에는 위장망과 같은 기만장치 및 소자기(消磁器)와 같은 상대무기 무력화장비를 포함한다. 그러나 그룹 12 ""사격통제장비"", 그룹 58 ""통신, 탐지 및 방사능 간섭장비""에 분류되는 사격통제장치 및 야간장비는 이 그룹에서 제외한다","Note-This group includes combat weapons as well as weapon-like noncombat items, such as line throwing devices and pyrotechnic pistols. Also included in this group are weapon neutralizing equipment, such as degaussers, and deception equipment, such as camouflage nets. Excluded from this group are fire control and night devices classifiable in groups 12 or 58.",".","","",""
"1005","A","30MM이하 포","Guns, through 30mm","","","기관총, 기관총 및 권총 정비용 솔","Includes Machine Guns; Brushes, Machine Gun and Pistol.","항공기 포탑 [註] ⓐ포탑:요새,전투함, 항공기 및 전차에 회전할 수 있도록 만들어진 포의 원형 또는 원통형 장갑 구조물","Excludes Turrets, Aircraft."
"1010","A","30MM초과 75MM미만 포","Guns, over 30mm up to 75mm","","","화포(火砲)의 폐쇄기, 포가(砲架), 낱발 또는 자동장전 또는 자동사격식 통합총류탄용 유탄발사기 [註] ⓐ포가:포를 올려 놓고 포구를 임의 방향으로 돌릴수 있는 받침 ⓑ폐쇄기:포신의 뒷부분에 탄환을 삽입하기 위하여 만들어진 개폐장치로서 사격이나 비사격시를 막론하고 포신의 후미를 열고 닫고 하는 기계장치","Includes Breech Mechanisms; Mounts; Grenade Launchers for Integral-Cartridge Grenades, Single-Shot or Auto-Loading or Automatic-Firing.","",""
"1015","A","75MM이상 125MM이하 포","Guns, 75mm through 125mm","","","화포(火砲)의 폐쇄기, 포가(砲架), 포탄장전기 ","Includes Breech Mechanisms; Mounts; Rammers.","",""
"1020","A","125MM초과 150MM이하 포","Guns, over 125mm through 150mm","","","화포(火砲)의 폐쇄기, 파워드라이브, 포방순(砲防楯) [註] ⓐ포방순:포의 기계장치와 인원을 보호하기 위하여 포에 부착된 장갑판 ","Includes Breech Mechanisms; Power Drives; Gun Shields.","",""
"1025","A","150MM초과 200MM이하 포","Guns, over 150mm through 200mm","","","발사대, 포가(砲架), 포방순(砲防栒) ","Includes Firing Platforms; Mounts; Gun Shields.","",""
"1030","A","200MM초과 300MM이하 포","Guns, over 200mm through 300mm","","","포 요크, 포탄장전기, 반사경","Includes Gun Yokes; Rammers; Reflectors.","",""
"1035","A","300MM초과 포","Guns, over 300mm","","","화포(火砲)의 폐쇄기, 훈련장구, 파워드라이브 ","Includes Breech Mechanisms; Training Gears; Power Drives.","",""
"1040","A","화학무기 및 장비","Chemical Weapons and Equipment","","","화염방사기, 연막발생기","Includes Flame Throwers; Smoke Generators.","",""
"1045","A","어뢰 및 폭뢰 발사대","Launchers, Torpedo and Depth Charge","","","폭뢰투하대, 어뢰발사관","Includes Depth Charge Tracks; Torpedo Tubes.","",""
"1055","A","로켓 및 신호탄 발사대","Launchers, Rocket and Pyrotechnic","","","유도탄 사용에 적합한 항공기용 로켓 발사대","Includes Airborne Rocket Launchers adaptable to guided missile use.","특수설계된 항공기용 유도탄 발사대, 투하용 로켓 발사대, 특수 비상체(飛翔體)용으로 설계된  발사대 페어링, 총류탄용 유탄발사기, 낱발,자동장전,자동발사식 통합 총류탄용 유탄발사기 [註] ⓐ비상체:추진장치, 제어 및 전자기재와 탑재물을 제외한 미사일의 주요 구조부 ","Excludes Specifically designed Airborne Guided Missile Launchers; Jettisonable Rocket Launchers; Launcher Fairings designed for specific airframes; Rifle Grenade Launchers; Grenade Launchers for Integral-Cartridge Grenades, Single-Shot or Auto-Loading or Automatic Firing."
"1070","A","병기용 네트 및 방재(防材)","Nets and Booms, Ordnance","항만방어용 네트 및 방재만을 포함한다  [註]  방재:적의 배가 드나들지 못하도록 항만이나 강의 뱃길에 통나무를 쇠줄로 엮어 막아 놓은 것","Note-This class includes nets and booms for harbor defense only.",".","","",""
"1075","A","소자(消磁) 및 기뢰 소해(掃海) 장비 [註]ⓐ소자:함정의 자장을 감소시켜 자기기뢰나 기뢰로부터 함정을 보호하기 위하여 함정주위에 전기가 통한 코일을 감는 것ⓑ소해:기뢰,수뢰를 탐지,이를 제거하여 함정의 이동","Degaussing and Mine Sweeping Equipment","","",".","","",""
"1080","A","위장 및 기만용 장비","Camouflage and Deception Equipment","","","항공기 및 차량용 모의대포 포함 ; 위장망","Includes Dummy Artillery, Aircraft and Vehicles; Garnished Nets.","",""
"1090","A","둘 이상의 군급 무기체계간 상호교환할 수 있는 조립체","Assemblies Interchangeable Between Weapons in Two or More Classes","","","그룹 10 ""무기""의 둘 이상의 군급에 적용되는 무기에 사용되는 구성품 및 부수품","Includes Components and Accessories used on or with weapons falling in two or more classes of Group 10.","",""
"1095","A","기타 무기","Miscellaneous Weapons","","","투색총, 캐터펄트총, 총검, 예포, 호포, 조명총, 방공기구, 다른 곳에 분류할 수 없는 그룹10 ""무기""용 부수품, 소모성 폭탄투하기","Includes Line Throwing Guns; Catapult Guns; Bayonets; Saluting Guns; Signal Guns; Flare Guns; Barrage Balloons; Accessories, not elsewhere classifiable, for weapons in this group; Expendable Bomb Dispensers.","",""
"1100","A","핵무기","Nuclear Ordnance","이 그룹은 훈련탄, 모든구성품과 연습탄을 포함한다.또한 모의연습기나 모형도 포함한다.","Note-This group includes, in particular, nuclear ordnance training weapons, practice ballistic units, and all components specially designed therefor, when not specifically classified elsewhere. Also included in the group are specially designed simulators and mockups, which are integral parts of the above. Excluded from this group are general purpose nose cones, case sections, flare sections or center sections designed to carry payloads other than nuclear and/or for use on a missile, rocket, or re-entry vehicle to attain the necessary aerodynamic configuration.",".","","",""
"1105","A","핵폭탄","Nuclear Bombs","이 클라스에는 항공기로 부터 투하하도록 설계된 핵무기(폭탄포함)가 포함된다.또한 이러한 품목과 같이   쓰이는 특별히 설계된 모조품 및 모형도 여기에 포함된다. 핵무기 이외의 다른 물체를 운반하거나 또는  필요한 항공력학적 형태를 갖추기 위하여 유도탄, 로케트 또는 재진입 차량에 사용하도록 설계된 일반적  용도의 원추부분, 케이스 부분, 확대부분, 또는 중심부분은 그룹에서 제외된다.","Note-This class includes nuclear weapons (including bombs), which are designed to be dropped from an aircraft.","기본용기, 미익조립체, 지연장치 그리고 다른 분류되지 않은 특유의 구성품을 포함한다.","Includes Ballistic cases, tail assemblies, retardation devices, and other peculiar components which are not classifiable elsewhere.","낙하산과 낙하산 캐노피는 제외한다. ","Excludes Parachute canopies and canopy hardware."
"1110","A","핵 발사체","Nuclear Projectiles","이 클라스에는 무반동총, 총포, 곡사포 또는 그와 유사한 것으로부터 발사 되도록 설계되었으며, 스스로 추진  하지 못하는 핵무기가 포함된다.","Note-This class includes nuclear weapons which are designed to be propelled from a recoilless rifle, gun, howitzer, or the like, and which are not designed to be self-propelled.","첨단부분, 동체부분, 기부 및 다른곳에 분류되지 않는 기타 특수 구성품.","Includes Ogive sections, body sections, bases, and other peculiar components which are not classifiable elsewhere.","",""
"1115","A","핵탄두 및 탄두부분","Nuclear Warheads and Warhead Sections","이 클라스에는 폭탄, 로케트, 발사체, 유도탄, 파괴용 폭약 또는 그와 유사한것에 사용되는 탄두(케이스 부분  , 부착용키트 및 신관 및 격발용 구성품의 유무에는 무관함)가 포함된다. 또한 핵탄두 또는 탄두부분에 전적  으로 사용하거나 또는 이를 수용하기 위하여 설계 또는 건조된 유도탄, 로케트 재진입 케이스 부분, 원추부분  , 확대부분, 중심부분 및 구조용 보조 부분품도 이 클라스에 포함된다.","Note-This class includes nuclear warheads (without or assembled with case sections, adaption kits, and/or fuzing and firing components) which are to be used in or with bombs, rockets, projectiles, missiles, demolition charges, or the like. Also includes case sections, nose cones, flare sections, center sections, and auxiliary structural components of missiles, rockets, and re-entry vehicles which are designed or constructed for exclusive use with or for housing of nuclear warheads and/or warhead sections.","더 구체적으로 다른 클라스에 분류할 수 없는 탄두 또는 탄두부분에 전용되는 부분품 및 구성품","Includes Components and parts peculiar to the warhead or warhead section, which are not classifiable in more specific classes.","더 구체적으로 다른 클라스에 분류할 수 있는 신관 및 격발장치, 핵부분품 고성능 폭탄 구성품 및 무기의  외부 케이스 전체를 포함하는 발사체 및 폭탄등과 같은 품목","Excludes Such components as fuzing and firing devices, nuclear components, high explosive components, classifiable in more specific classes, and items such as projectiles and bombs which include the entire outer case of a weapon."
"1120","A","원자폭뢰","Nuclear Depth Charges","이 무기형태는 핵탄두를 장착한 폭뢰를 포함한다. 훈련탄 등 분류되지않는 구성품들을 포함한다.","Note-This class includes nuclear weapons which consist of depth charge bodies assembled with nuclear warheads. It includes training weapons and all specially designed components which are not classifiable elsewhere.",".","","",""
"1125","A","파괴용 핵 폭약","Nuclear Demolition Charges","이 클라스에는 파괴할 구조무, 지역 또는 그와 유사한 것에 설치하도록 설계된 핵무기가 포함된다.","Note-This class includes nuclear weapons which are designed to be emplaced in or near a structure, area, or the like, which is to be destroyed. The weapons may include accessories.","외부케이스, 케이스 부분 및 기타 다른곳에 분류할 수 없는 특수 구성품.","Includes Outer cases, case sections, and other peculiar components, which are not classifiable elsewhere.","",""
"1127","A","핵 로켓","Nuclear Rockets","이 클라스에는 핵탄두와 로케트 물체가 결합되어 하나의 보급단위를 구성하는 핵무기가 포함된다.","Note-This class includes nuclear weapons, consisting of rocket bodies assembled with nuclear warheads, which comprise a single item of supply and are issued as such.","다른곳에 분류할 수 없는 조립 로케트용 구성품","Includes Components peculiar to assembled rockets which are not classifiable elsewhere.","로케트 추진기, 탄두 부분품, 다른 연방보급품 분류번호에 분류되는 로케트 구성품.","Excludes Rocket Motors; Warhead Components; Rocket Components classified in other FSC classes."
"1130","A","핵무기용 변환카드","Conversion Kits, Nuclear Ordnance","이 클라스에는 핵무기를 한 형태로 부터 다른 형태로 변환시킬 목적으로 사용되는 품목의 집합체가 포함된다.","Note-This class includes collections of items used for the purpose of converting nuclear weapons from one configuration to another.",".","","",""
"1135","A","핵무기의 신관 및 점화 장치","Fuzing and Firing Devices, Nuclear Ordnance","","","신관, 전원, 폭발장치, 엑스유니트, 케이블, 안전장치, 부착키트 및 재진입 차량의 핵무기 격발 및 신관계통 구성품.","Includes such items as fuzes, power supplies, firing sets, x-units, cables, safing devices, adaption kits, and re-entry vehicle nuclear ordnance arming and fuzing systems.","",""
"1140","A","핵 구성품","Nuclear Components","핵활성 물질을 포함하거나 모조한 모든 구성품","","유사한 핵활성물질 또는 포함된 모든 구성품을 포함한다.","Includes All components which contain or simulate nuclear active materials.","폭탄, 추진제, 탄두와 같은 아이템은 제외한다.","Excludes end items, such as bombs, projectiles, warheads, and the like."
"1145","A","핵무기 폭약 및 발화 구성품","Explosive and Pyrotechnic Components, Nuclear Ordnance","본 클라스에는 모든 핵병기 및 폭탄,폭약,로케트,포탄,탄두와 같은 품목의 관계장치에 전용되는 발화 구성품  과 실제 및 모의폭약을 포함한다.","Note-This class includes actual and simulated explosive and pyrotechnic components peculiar to all nuclear ordnance end items, such as bombs, demolition charges, rockets, projectiles, warheads, and related systems. Excluded from this class are all explosive and pyrotechnic components designed for other than nuclear ordnance applications.",".","","",""
"1190","A","핵무기용 특수 테스트 및 조종 장비","Specialized Test and Handling Equipment, Nuclear Ordnance","","","핵무기(병기)를 위해 특수 제작된 트럭 및 트레일러; 특수 실링 및 권양기; 조작, 시험 및 고정장치, 받침대; 조절키트 및 세트, 조절용","Includes Specially designed trucks and trailers for nuclear ordnance; Specially designed slings and hoists; Operational, test, and setting devices, and cradles; Conditioning Kits and Sets, Controlled Environment.","조종 공구; 핵무기 및 기타 장비 모두 사용을 위한 기구; 전기 및 전자시험 기구 등 기본 품목, 군급색인에서 보여지는것처럼 전류계, 전압계, 전기저항계, 다중계기 및 유사 기구처럼 특수 고안된것을 포함","Excludes Hand tools; Instruments for use on both nuclear ordnance and other equipment; Basic types of electrical and electronic test instruments, including those specially designed, such as ammeters, voltmeters, ohmmeters, multimeters, and similar instruments, as shown in the indexes in the FSC."
"1195","A","기타 핵무기","Miscellaneous Nuclear Ordnance","","","하나의 급 이상 일반 품목이거나 앞선 핵무기류에 정확하게 맞지않는 품목","Includes Items common to more than one class or items not properly fitting into the foregoing classes of nuclear ordnance.","",""
"1200","A","사격통제장비","Fire Control Equipment","사격통제조립체, 보조조립체 및 구성품이 분류된다. a. (1)다른 종류의 사격통제장비에 다중 적용 가능토록 설계된 것 (2)유도탄 원격조정장치와 함께 사용 가능토록 개량된 것 (3)선박탑재 유도탄 원격조정장치용으로 특수 설계된 것 (4)발사통제장치용으로 특수 설계된 레이더 장비 (5)주간 및 야간관측 특성을 통합장치에 통합시킨 것. b. 각각 항공기 총포 및 항공기 폭탄사격통제용으로 특수설계된 품목은 군급 1270 ""항공기 총포 사격통제 구성품"" 또는 1280 ""항공기 폭탄 사격통제 구성품""으로 분류한다. c. 선박탑재형을 제외한 유도탄 원격조정장치용으로 특수설계된 품목은 군급 1430 ""유도탄 원격조정장치""로 분류한다. d. 사격통제 및 통신장비 양쪽에 적용가능토록 설계된 품목은 그룹 58 ""통신, 탐지 및 방사능 간섭장비""의 적절한 군급에 분류한다. e. 야간관측용으로 설계괸 품목은 그룹 58 ""통신, 탐지 및 방사능 간섭장비""의 적절한 군급에 분류한다","Note-Fire control assemblies, subassemblies, and components are classified:  a. In appropriate classes of this group when:  (1) Designed for multiple applications to different kinds of fire control equipment.  (2) Modified for use with guided missile remote control systems.  (3) Designed specifically for shipborne guided missile remote control systems.  (4) Radar equipment, designed specifically for fire control systems.  (5) Both day and night viewing characteristics are incorporated into an integral unit.  b. In Class 1270 or 1280, when designed specifically for aircraft gunnery or aircraft bombing fire control, respectively.  c. In Class 1430, when designed specifically for guided missile remote control systems, except shipboard type.  d. In appropriate classes of Group 58, when designed for multiple applications to both fire control and communication equipment.  e. In appropriate classes of Group 58 when designed for night vision.",".","","",""
"1210","A","사격통제 제원지시기 [註] ⓐ제원지시기(諸元指示器):사격제원을 산출하여 포에 지시하는 장치","Fire Control Directors","","",".","","",""
"1220","A","사격통제 조준계산기 및 장치 [註] ⓐ조준계산기:자동적으로 각도를 산출하는 포 조준기의 일종","Fire Control Computing Sights and Devices","","",".","","",""
"1230","A","사격통제장치 완성품","Fire Control Systems, Complete","이 군급은 완전한 사격통제장치만을 포함하며, 사격통제장치에 사용되는 각각의 완제품, 조립체, 부분품, 부속품 또는 부수품과 같은 완전한 시스템 이하 단계의 품목은 이 군급 이외의 다른 군급에 분류한다","Note-This class includes only complete fire control systems. Anything less than a complete system, such as individual end items, assemblies, parts, attachments, or accessories for use in fire control systems are classified in classes other than this class.",".","","",""
"1240","A","광학적 조준 및 사거리 측정장비","Optical Sighting and Ranging Equipment","","","잠수함용 잠망경, 사거리 및 고도 측정기, 망원 조준경, 사격통제장치에 결합된 광학장비","Includes Periscopes for Submarines; Range and Height Finders; Telescopic Sights; Optical Instruments Integrated with Fire Control Equipment.","",""
"1250","A","사격통제용 안정장치","Fire Control Stabilizing Mechanisms","","",".","","",""
"1260","A","사격통제 지시 및 표시기재","Fire Control Designating and Indicating Equipment","","","총좌,어뢰대 및 탐조등 지시장비, 표적 지시장비, 동기장치","Includes Turret, Gun, Torpedo Mount, and Searchlight Indicating Equipment; Target Designating Equipment; Synchro Systems.","",""
"1265","A","비항공기용 사격통제 송수신장치","Fire Control Transmitting and Receiving Equipment, except Airborne","","","사격통제 송신기, 송수신기, 수신기, 수신기 조정기","Includes Fire Control Transmitters, Transmitter-Receivers, Receivers, Receiver-Regulators.","","Excludes Fire Control Transmitting and Receiving Equipment, Specially Designed for use on or with Fire Control Radar Equipment."
"1270","A","항공기 총포 사격통제 구성품","Aircraft Gunnery Fire Control Components","","","항공기용 총좌, 특수 컴퓨터, 완전한 자이로 장치","Includes Turrets, Aircraft; Computers, specifically designed; Complete Gyro Mechanisms.","","Excludes Gun Chargers; Ammunition Boxes; Gun Heaters; Field and Link Chutes; Ammunition Boosters; Gyro Components; Complete Fire Control Systems."
"1280","A","항공기용 폭탄 사격통제 구성품","Aircraft Bombing Fire Control Components","","","특수 컴퓨터, 완전한 자이로 장치, 폭탄 사격통제용 광학기기","Includes Computers, specifically designed; Complete Gyro Mechanisms; Optical Instruments for Bombing Fire Control.","","Excludes Gyro Components; Optical Elements, such as Lens, Prisms, Filters."
"1285","A","사격통제 레이더 장비","Fire Control Radar Equipment, except Airborne","공중에서 운용되는 장비 제외","","사격통제 장비에 사용하기 위하여 특별히 설계된 레이더 세트, 조립체, 보조조립체 및 구성품","Includes Radar Sets, Assemblies, Subassemblies, and Components Specially Designed for use on or with Fire Control Equipment.","",""
"1287","A","사격통제 수중음파탐지 장비","Fire Control Sonar Equipment","이 군급은 수중 사격통제 장비용으로 특별히 설계된 항공기, 함정 및 잠수함 탑재용 수중 음파탐지세트, 조립체, 보조조립체 및 구성품을 포함한다","Note-This class includes airborne, shipborne, and submarineborne sonar sets, assemblies, subassemblies, and components designed specificially for use with underwater fire control equipment.",".","","",""
"1290","A","기타 사격통제 장비","Miscellaneous Fire Control Equipment","","","신관 설치기, 병기 케이블 장치, 방향(方向)틀, 섬광 및 음향거리 측정기, 그룹 12 ""사격통제장비""의 다른 군급에 분류할 수 없는 사격통제 구성품 및 보조조립체 [註] ⓐ방향틀:수평 및 수직을 판정하는데 사용하는 측각기구, 일반측량 및 포병의 사격을 위한 측량에 사용함","Includes Fuze Setters; Ordnance Cable Systems; Aiming Circles; Flash and Sound Ranging Sets; Fire Control Components and Subassemblies Not Classifiable in Other Classes of Group 12.","",""
"1300","A","탄약 및 폭발물","Ammunition and Explosives","핵무기용으로 특별히 설계된 품목은 이 그룹에서 제외한다","Note-Excluded from this group are items specially designed for nuclear ordnance application.",".","","",""
"1305","A","30MM이하 탄약","Ammunition, through 30mm","","","구성품","Includes Components.","",""
"1310","A","30MM초과 75MM미만 탄약","Ammunition, over 30mm up to 75mm","","","신관 및 뇌관을 제외한 구성품; 화학탄","Includes Components, except Fuzes and Primers; Chemical Warfare Cartridges.","신관 및 뇌관","Excludes Fuzes and Primers."
"1315","A","75MM이상 125MM이하 탄약","Ammunition, 75mm through 125mm","","","신관 및 뇌관을 제외한 구성품, 신호탄 약협 및 탄두, 화학탄 약협 및 탄두","Includes Components, except Fuzes and Primers; Pyrotechnic Cartridges and Projectiles; Chemical Warfare Cartridges and Projectiles.","신관 및 뇌관","Excludes Fuzes and Primers."
"1320","A","125MM초과 탄약","Ammunition, over 125mm","","","신관 및 뇌관을 제외한 구성품, 화학탄","Includes Components, except Fuzes and Primers; Chemical Warfare Projectiles.","신관 및 뇌관","Excludes Fuzes and Primers."
"1325","A","폭탄","Bombs","","","구성품, 사진촬영용 섬광폭탄, 화학탄, 폭탄군","Includes Components; Photoflash Bombs; Chemical Warfare Bombs; Bomb Clusters.","부가적인 추진수단에 의해 유도폭탄이 유도미사일로 개조된 것은 제외","Excludes Guided Bombs converted to Guided Missiles by addition of a means of propulsion."
"1330","A","수류탄","Grenades","","","수류탄 구성품, 수류탄 및 총류탄, 연막류탄","Includes Components; Hand and Rifle Grenades; Smoke Grenades.","발화장치(발사기)","Excludes Firing Devices (Launchers)."
"1336","A","유도탄 탄두 및 폭약 구성품","Guided Missile Warheads and Explosive Components","","","군용 화학제를 포함하는 탄두, 유도탄용 연습탄두","Includes Warheads Containing Military Chemical Agents; Exercise Heads, Guided Missile.","핵무기 탄두, 유도탄 용도 이외의 모든 다른 탄두, 액체추진장치, 로켓엔진(액체추진장치), JATO 장치, 유도탄용 로켓모터(고체추진장치), 고체연료 추진장치, 통합품으로서 미사일 추진장치에 삽입하기 위해 사용하는 폭관 및 약협과 같이 소모성 컨테이너에 넣는 추진제 [註] ⓐJATO(Jet Assited Take off):제트 이륙 보조로켓","Excludes Atomic Ordnance Warheads; All other Warheads for use on other than guided missiles; Liquid Propulsion Units; Rocket Engines (Liquid Propellant Units); JATO Units; Rocket Motors (Solid Propellant Units) for Guided Missiles; Solid Fuel Propulsion Units; Propellant Chemicals encased in consumable containers, such as squibs and cartridges for insertion into missile propulsion systems as integral parts."
"1337","A","유도탄 및 우주비행체 폭발 고체연료 추진장치 및 구성품","Guided Missile and Space Vehicle Explosive Propulsion Units, Solid Fuel; and Components","","","폭약이 장전된 유도탄용 로켓모터(고체추진장치), 유도탄용 모든 폭약 구성품 및 우주비행체 고체연료 추진장치, 통합품으로서 미사일 추진장치에 삽입하기 위해 사용하는 폭관 및 약협과 같이 소모성 컨테이너에 넣는 추진제","Includes Rocket Motors (Solid Propellant Units) for Guided Missiles, Explosive-Loaded; All Explosive Components for Guided Missile and Space Vehicle Solid Fuel Propulsion Units; Solid Propellants encased in consumable containers, such as squibs and cartridges, intended for insertion into missile propulsion systems as integral parts.","비활성 장전 또는 속이 빈 유도탄용 로켓모터(고체추진장치), 유도탄용 모든 비활성(비폭발) 구성품 및 우주비행체 고체연료 추진장치, 유도탄 탄두 및 구성품, 로켓 추진장치, 로켓용 로켓모터(고체추진장치), 특정한 질 및 양이 사전에 결정되고 있으며 재사용 가능한 컨테이너에 포장된 고체 추진제","Excludes Rocket Motors (Solid Propellant Units) for Guided Missiles, Inert-Loaded or Empty; All Inert (Nonexplosive) Components for Guided Missile and Space Vehicle Solid Fuel Propulsion Units; Guided Missile Warheads and Components; Rocket Propulsion Units; Rocket Motors (Solid Propellant Units) for Rockets; Solid Propellants predetermined to specific quantity and quality, but packaged in reusable containers."
"1338","A","유도탄 및 우주비행체 비활성 고체연료 추진장치 및 구성품","Guided Missile and Space Vehicle Inert Propulsion Units, Solid Fuel; and Components","","","속이 빈 또는 비활성 유도탄용 로켓모터(고체추진장치); 유도탄 및 우주비행체 고체연료 추진장치용 모든 비활성(비폭발) 구성품","Includes Rocket Motors (Solid Propellant Units) for Guided Missiles, Inert-Loaded or Empty; All Inert (Nonexplosive) Components for Guided Missile and Space Vehicle Solid Fuel Propulsion Units.","폭약이 장전된 유도탄용 로켓모터(고체추진장치); 유도탄 탄두 및 구성품; 로켓 추진장치; 로켓용 로켓모터(고체추진장치)","Excludes Rocket Motors (Solid Propellant Units) for Guided Missiles, Explosive-Loaded; Guided Missile Warheads and Components; Rocket Propulsion Units; Rocket Motors (Solid Propellant Units) for Rockets."
"1340","A","로켓,로켓탄 및 로켓 구성품","Rockets, Rocket Ammunition and Rocket Components","","","완전한 탄약; 탄두를 포함한 폭약 구성품; 신호로켓; 고체연료 JATO 장치; 로켓용 로켓모터(고체추진장치); 로켓탄두 보호덮개; 사출식 로켓 발사대; 통제된 환경 조절키트 및 세트; 다른 곳에 분류할 수 없는 기타 특수 구성품","Includes Complete Rounds; Explosive Components, Including Warheads; Pyrotechnic Rockets; Solid Fuel JATO Units; Rocket Motors (Solid Propellant Units) for Rockets; Covers, Protective Rocket Warhead; Jettisonable Rocket Launchers; Conditioning Kits and Sets, Controlled Environment; and other peculiar components which are not classified elsewhere.","핵 로켓, 핵 탄두; 로켓 이외의 다른 곳에 설치하는 기타 모든 탄두; 유도장치가 내장된 로켓","Excludes Nuclear rockets, Nuclear warheads; all other warheads for use on other than rockets; and rockets with built-in guiding devices."
"1345","A","지뢰","Land Mines","","","구성품; 대인 지뢰; 대전차 지뢰; 신관","Includes Components; Antipersonnel Mines; Antitank Mines; Fuzes.",".",""
"1346","A","원격 운용탄","Remote Munitions","운용탄 및 체계는 군인에 의한 직접운용이 아닌 차후 활동에 대비하여 부대배치를 위한 것이다.  원격운용탄은 군인에 의해 설치되거나 차량 / 항공기 기계적인 분배수단에 의한 설치된다. 그들은 자체무장이나 비무장을 원격조정된다.  ","Note-Munitions items/systems that are not held by the soldier but are deployed for future activation. They may be put in place separately by the soldier or delivered from vehicles or aircraft by mechanical distribution methods. They may be commdand controlled or may use self-initiated firing systems that do not require soldier monitoring. All items in this class can be armed/disarmed remotely.","원격 운용탄은 다양한 위협에 대비한 복합체에서 유용하게 사용된다.; 퓨즈; 안전 또는 무장된 기기;자폭기계; 통신모듈;지휘통신체계 그리고 다양한 다른 적합한 구성품들. ","Includes: Remote Munition Items and Systems used singularly or in combination to defeat a variety of threats; Fuzes; Safe and Arming devises; Self Destruction Mechanisms; Communication Modules; Command and Control systems and various other pertinent components.","",""
"1350","A","비활성 기뢰 및 구성품","Underwater Mine and Components, Inert","","","낙하산 팩; 비활성 지뢰 케이스; 전폭통; 시계 지연장치; 시계 기동장치; 수색코일; 연결자","Includes Parachute Packs; Inert Mine Cases; Booster Cans; Clock Delays; Clock Starters; Search Coils; Extenders.",".",""
"1351","A","폭발성 기뢰 및 구성품","Underwater Mines and Components, Explosive","","","장전 케이스; 전폭약; 기폭약","Includes Loaded Cases; Boosters; Detonators.",".",""
"1352","A","기뢰제거 비활성 장치","Underwater Mine Disposal Inert Devices","폭파장약 없는 기뢰제거 폭약장치로서 기뢰추적, 정찰목적으로 사용, 또한 훈련목적으로 사용할 수 있다","Note-Version of Underwater Mine Disposal Explosive Device without destructive charge. Intended for underwater mine hunting and reconnaissance. May also be used for training purposes.","연습, 훈련, 공포 및 모의용 구성품 뿐만 아니라 기뢰 수색장치와 같은 완전한 작동장치","Includes: Complete operating units, such as an underwater mine reconnaissance device, as well as component parts, practice, training, blank, and dummies.","어뢰 비활성 구성품, 폭뢰 및 기뢰 [註] ⓐ어뢰:자동장치에 의해서 물속을 전진하여 군함 따위의 목표물에 명중함으로써 폭발하는 폭탄, 함정이나 항공기에서 발사되며 물고기 모양을 하고 있음 ⓑ폭뢰:잠수함 공격을 위한 수중 폭탄의 한가지, 일정한 깊이에 이르면 기계적 발화장치에 의해 자동폭발함 ⓒ기뢰:공 모양의 관속에 폭약과 발화장치를 갖추고 수중에 부설하여 배를 폭파하는 수뢰","Excludes: Torpedo Inert components, depth charges, and underwater mines."
"1353","A","기뢰제거 폭약장치","Underwater Mine Disposal Explosive Devices","폭파장약을 포함하는 완전한 폭약장치로서 선박 또는 다른 원격지로부터 발사되며, 표적에 유도되고 폭발된다","Note-Complete explosive devices, including destructive charge. It is fired, guided to target and detonated from a vessel or other remote site.","탄약, 기폭장약 및 구성 부품을 포함한 완전한 폭파장치","Includes Complete explosive device, including ammunition, detonating charge, and component parts.","기뢰 폭약 구성품(군급 1351), 어뢰 폭약 구성품(군급 1356), 군사화학제(군급 1365)","Excludes Underwater Mine Explosive Components (FSC 1351), Torpedo Explosive Components (FSC 1356), Military Chemical Agents (FSC 1365)."
"1355","A","비활성 어뢰 및 구성품","Torpedos and Components, Inert","","","","","",""
"1356","A","폭발성 어뢰 및 구성품","Torpedos and Components, Explosive","","","탄두; 전폭약; 기폭장치 [註] ⓐ전폭약:뇌관의 작은 점화약에서 작용되어 장약을 폭파시키는 극히 예민한 화약","Includes Warheads; Boosters; Detonators.","",""
"1360","A","비활성 폭뢰 및 구성품","Depth Charges and Components, Inert","","","비활성 발화장치; 기폭장치 없는 발화장치; 연장기","Includes Inert Firing Mechanisms; Pistols without Detonators; Extenders.","",""
"1361","A","폭발성 폭뢰 및 구성품","Depth Charges and Components, Explosive","","","케이스, 전폭약, 기폭장치 ","Includes Cases; Boosters; Detonators.","",""
"1365","A","군사 화학제","Military Chemical Agents","","","전쟁용 독가스; 차폐연막; 소이제 및 농후제; 신호연막","Includes War Gases; Screening Smokes; Incendiary and thickening Agents; Signaling Smokes.","군사 화학제를 포함하는 탄약","Excludes Ammunition containing Military Chemical Agents."
"1367","A","전술세트,키트,장비류","Tactical Sets, Kits, and Outfits","특수목적으로 사용하기위한 아이템목록이다.각아이템은 그룹13에서 분류된 최소한의 무장을 포함해야 한다.무장은 치명적인 것을 포함하지 않을 수 있다. 이키트는 유니포류, 무기류, 개인병기,같은것을 포함할 수 있다. 그것들은 군급분류 1367에 속하는 각각의 구성품일 수 있다.","Note-A collection of items, which are used for a specific purpose. Each collection must include at least one item of ordnance classified in Group 13. Ordnance may be non-lethal (as defined in the Department of Defense Direcive 3000.3). These sets, kits and outfits may include such items as uniforms, weapons, body armor, and the like. By themselves, each of these components belongs in an FSC other than 1367.","","","",""
"1370","A","신호탄","Pyrotechnics","","","조명탄, 신호탄; 불꽃탄; 권총용 로켓 신호탄","Includes Flares; Signals; Fireworks; Pistol Rocket Signals.","불꽃 탄약통 및 발사체; 촬영용 섬광폭탄; 불꽃 로켓 [註] ⓐ촬영용 섬광폭탄:야간 저공사진 촬영을 위해 단시간에 강한 빛을 내는 조명탄","Excludes Pyrotechnic Cartridges and Projectiles; Photoflash Bombs; Pyrotechnic Rockets."
"1375","A","폭파기재","Demolition Materials","","","원통형 종이탄통 또는 주머니에 포장된 기타폭약 및 다이너마이트와 같은 건설업, 채석업, 폭파작업용 품목, 폭파장약, 폭파용 뇌관, 폭파 시한신관, 폭파 발화장치; 부비츄렙장치; 파괴통; 전기점화기, 뇌관 어댑터 및 도폭선 클립과 같은 비활성 부수품 및 구성품","Includes Items for construction, quarrying and demolition work such as Dynamite and other explosives packed in cylindrical paper cartridges or in bags, Demolition Charges, Blasting Caps, Blasting Time Fuses, Detonating Cord, Demolition Firing Devices; Booby Trap Mechanisms; Bangalore Torpedoes; Inert accessories and components such as Blasting Machines, Priming Adapters, and Detonating Cord Clips.","액체 추진연료 및 산화제; 통합품으로 미사일 추진장치 삽입 부분품으로 재사용 가능한 용기에 든 고체추진제; 유도탄 폭약장치, 비행안전을 위한 항공기 좌석발사 사출기, 항공기 캐노피 제거기 및 군급분류번호 색인에 나타나는 유사품목, 사전에 양과 질이 결정되어 있고 재사용 할 수 있는 용기에 넣은 고체추진제; 핵병기 구성품; 로켓 및 유도탄 모터,탄두 및 추진부","Excludes Liquid Propellant Fuels and Oxidizers; Solid Propellants encased in consumable containers, for insertion into missile propulsion systems as integral parts; Guided Missile Explosive Devices; Safety-in-Flight Explosive Items and Devices such as, Impulse Cartridges, Delay Cartridges, Aircraft Ejection Seat Catapults, Aircraft Canopy Removers, and similar items, as shown in the indexes to the FSC, Solid Propellants, predetermined to specific quantity and quality, packaged in reusable containers; Nuclear Ordnance Components; Rocket and Guided Missile Motors, Warheads, and Propulsion Sections."
"1376","A","비포장 폭약","Bulk Explosives","","","사전에 양과 질이 결정되고 재사용 가능한 용기에 든 고체추진제, 군급분류번호 색인에 나타나는 폭약이 장전된 장치 및 구성품","Includes Solid Propellants, predetermined to specific quantity and quality, packaged in reusable containers; Explosive Loaded Devices and Components as shown in the indexes to the FSC.","액체추진제연료 및 산화제; 미사일추진 삽입장치용 통합품으로 재사용 가능한용기에 든 고체추진제; 유도탄 폭약장치; 발파 및 폭파기재; 비행 안전을 위한 항공기 좌석 발사 사출기의 추진탄, 지연탄, 폭약품목 및 장치, 항공기 캐노피 제거기; 로켓 및 유도탄 모터, 탄두 및 추진부; 군급분류번호 색인에 나타나는 유사품목","Excludes Liquid Propellant Fuels and Oxidizers; Solid Propellants encased in consumable containers, for insertion into missile propulsion systems as integral parts; Guided Missile Explosive Devices; Blasting and Demolition Materials; Safety-in-Flight Explosive Items and Devices such as Impulse Cartridges, Delay Cartridges, Aircraft Ejection Seat Catapults, Aircraft Canopy Removers; Rocket and Guided Missile Motors, Warheads, and Propulsion Sections; similiar items, as shown in the indexes to the FSC."
"1377","A","카트리지 및 추진 작동장치 및 구성품","Cartridge and Propellant Actuated Devices and Components","이 군급은 그들의 작동순서에 따라 시간지연 또는 시간지연을 요구하지 않는 장치를 작동시키기 위해 필요한 에너지를 제공할 수 있도록 하나 이상의 장치에 삽입 또는 부착되도록 설계된 작동수단 및 다량의 추진제로 구성된 비행안전을 위한 폭약품목을 포함한다. 또한 위에 기술된 품목에 의해 발생된 에너지를 사용할 수 있도록 설계된 장치를 포함한다","Note-This class includes safety-in-flight explosive items, consisting of a quantity of propellant (either encased in a cartridge or in molded form) and a means of activation, designed to be inserted into or attached to one or more devices to provide the energy required to operate devices requiring a time delay, or not requiring a time delay, in their operating sequence. Also included are devices designed to utilize energy generated by the items described above.","충격탄; 지연탄; 엔진시동 카트리지(폭약충전); 소화탄(원격조종에 의해 활성화되는); 항공기 탈출좌석 사출기; 항공기 탈출좌석용 로켓모터(고체추진장치); 항공기 캐노피 제거기; 추진제 및 카트리지 작동식 추력장치; 기폭약; 폭약 볼트 및 폭약 볼트 카트리지; 카트리지 또는 추진약 작동식 절단기, 조종줄; 화약 작동공구 카트리지; 기타 다른곳에 특수하게 분류할 수 없는 장전된 폭약 및 구성품","Includes Impulse Cartridges; Delay Cartridges; Engine Starter Cartridges (explosive filled); Fire Extinguisher Cartridges (used to activate by remote control); Aircraft Ejection Seat Catapults; Rocket Motors (Solid Propellant Units) for Aircraft Ejection Seats; Aircraft Canopy Removers; Thrusters, propellant and cartridge actuated; Initiators; Explosive Bolts and Explosive Bolt Cartridges; Cutters, cartridge or propellant actuated, Reefing Line; Powder actuated Tool Cartridges; Explosive Loaded Devices and Components which are not specifically classified elsewhere.","액체 추진연료 및 산화제; 통합구성품으로서 미사일 추진장치내에 삽입할 수 있도록 소모성 용기에 넣은 고체추진제; 유도탄 폭약장치; 재사용한 가능한 용기에 포장되고 사전에 특정한 양과 질이 결정된 비포장 고체추진제; 폭발 및 폭약기재; 로켓 및 유도탄 로켓모터부, 탄두부 및 추진부","Excludes Liquid Propellant Fuels and Oxidizers; Solid Propellants, encased in consumable containers for insertion into missile propulsion systems as an integral part; Guided Missile Explosive Devices; Bulk and Solid Propellants, predetermined to specific quantity and quality, packaged in reusable containers; Blasting and Demolition Materials; Rocket Motors, Warheads and Propulsion Sections for Rockets and Guided Missiles."
"1380","C","군생물학작용제","Military Biological Agents","FSC 1380이며 100103 군생물학작용제는 취소됨.","FSC 1380 CANCELLED ON 100103 Military Biological Agents",".","",".",""
"1385","A","지상용 폭발물처리 공구 및 장비","Surface Use Explosive Ordnance Disposal Tools and Equipment","이 군급은 폭발물처리반(EOD) 용도로 개발되고, 사용되는 특수공구 및 장비를 포함한다","Note-This class includes only specialized tools and equipment developed for and used by qualified Explosive Ordnance Disposal (EOD) personnel.","","","폭발물처리반(EOD) 용도로 개발되지 않은 비전문 또는 공용(共用) 공구 및 장비; 특수 폭파기재; 폭약이 장전된 성형장약","Excludes Nonspecialized or common tools and equipment not developed exclusively for use by qualified EOD personnel; specialized demolition material; explosive loaded shaped charges."
"1386","A","수중용 폭발물 처리와 수영자 무기체계공구 및 장비","Underwater Use Explosive Ordnance Disposal and Swimmer Weapons Systems Tools and Equipment","이 군급은 폭발물 처리반 및 수중폭파반(UDT) 또는 육해공 상륙팀(SEAL) 용도로 개발되고 사용되는 특수공구 및 장비를 포함한다","Note-This class includes only specialized tools and equipment developed for and used by qualified Explosive Ordnance Disposal (EOD), personnel, Underwater Demolition Teams (UDT), and/or Sea-Air-Land (SEAL) personnel","","","폭발물처리반(EOD) 및 수중폭파반(UDT) 또는 육해공상륙팀(SEAL) 용도로 개발되지 않은 비전문공구 및 공용공구, 특수 폭파기재, 폭약이 장전된 성형장약","Excludes Nonspecialized or common tools not developed exclusively for use by qualified EOD, UDT, and/or SEAL personnel; specialized demolition material; explosive loaded shaped charges"
"1390","A","신관 및 뇌관","Fuzes and Primers","이 군급은 군급 1310 ""30MM 초과 75MM 미만 탄약"", 군급 1315 ""75MM 이상 125MM 까지 탄약"" 및 군급 1320 ""125MM 초과탄약""에 분류되는 탄약에 사용되는 신관 및 뇌관만을 포함한다","Note-This class includes only fuzes and primers for use in ammunition classified in Classes 1310, 1315, and 1320.","","","군급 1310 ""30MM 초과 75MM 미만 탄약"", 군급 1315 ""75MM 이상 125MM 까지 탄약"", 군급 1320 ""125MM 초과 탄약""에 분류되지 않는 탄의 신관 및 뇌관","Excludes Fuzes and Primers for ammunition not classified in Classes 1310, 1315, and 1320."
"1395","A","기타 탄약","Miscellaneous Ammunition","","","공포, 디스크, 슬러그, 컵, 탄대 등과 같은 탄약 형태","Includes Ammunition Shapes, such as Blanks, Disks, Slugs, Cups, and Rotating Bands (Shell Bands).","",""
"1398","A","특수탄약 취급 및 정비장비","Specialized Ammunition Handling and Servicing Equipment","","","로켓 및 재래식탄약 용도로 특수설계된 취급 및 정비장비 [註] ⓐ재래식탄약:특별한 통제나 취급 및 보안을 요하지 않는 품목으로서 소화기탄약, 전차 또는 화포탄약, 로켓탄, 지뢰, 수류탄, 일부 화학탄 품목(연막,소이,폭동진압작용제 충전), ICM(개량형 재래식탄약)을 말한다","Includes Handling and servicing equipment specially designed for use on or with rockets and conventional ammunition.","로켓 및 신호탄 발사대용으로 특수설계된 취급 및 정비장비, 탄약정비 및 수리 공장내 특수장비, 항공기 또는 비행장용으로 특수설계된 취급장비","Excludes Handling and servicing equipment specially designed for use on or with rocket and pyrotechnic launchers; Ammunition maintenance and repair shop specialized equipment; Handling equipment specially designed for aircraft or airfield use."
"1400","A","유도탄","Guided Missiles","이 그룹은 통상적인 비행로를 변경할 수 있는 내부장치를 가지고 있는 미사일(탄두 또는 폭약 구성품의 유무와 관계없음)을 포함한다. 유도탄에 사용하기 위하여 특별히 설계된 레이더 및 적외선 조립체 및 구성품은 이 그룹의 적당한 군급에 분류한다. 핵탄두나 탄두부분에 전적으로 사용하거나 또는 이를 수용하기 위하여 설계 또는 제작된 유도탄 및 재진입 차량의 케이스부분, 원추부분, 플래어부분, 중심부분 및 구성품은 이 그룹에서 제외된다. 우주연구와 우주여행을 위한 특별탑재물을 운반하도록 특별히 설계된 우주차량의 원추부분과 우주캡슐은 또한 이 그룹에서 제외된다","Note-This group includes missiles (with or without warheads or explosive components) incorporating mechanisms capable of altering normal flight paths. Radar and infrared assemblies and components designed specifically for use with guided missiles are classified in the appropriate classes of this group. This group also includes guided bombs that have been converted to guided missiles by addition of a means of propulsion. Excluded from this group are case sections, nose cones, flare sections, center sections, warheads, explosive components, rockets, and auxiliary components of missiles and reentry vehicles which are designed or constructed for exclusive use with or for housing of nuclear warheads and/or warhead sections. Also excluded are space vehicle nose cones and space capsules specifically designed to carry loads peculiar to space research and space travel.","","","",""
"1410","A","유도탄","Guided Missiles","이 군급은 탄두 및 폭약구성품 유무, 조립 및 비조립형태와 관계없이 완전한 유도탄만을 포함한다. 유도탄용 완제품, 조립체, 부분품, 부속품 또는 부수품은 이 군급 이외의 군급에 분류한다","Note-This class includes only complete guided missiles, with or without warheads and explosive components, whether in assembled or unassembled form. End items, assemblies, parts, attachments, or accessories for use in or on guided missiles are classified in classes other than this class.","최초에 유도탄으로 설계되었으나 후에 무인 비행기로 전환된 완전한 무인 비행기","Includes Complete Drones, initially designed as missiles, but converted to drone use. Also includes complete guided missile air launch decoys.","",""
"1420","A","유도탄 구성품","Guided Missile Components","","","구조물 구성품, 완전한 자이로장치,유압펌프,자동조종장치 및 특수조립체 및 유도탄에 설치된 전자유도장비를 포함하는 유도탄용 특수구성품 및 부수품","Includes Structural Components; Components and Accessories Specially Designed for use on or with guided missiles, including Complete Gyro Mechanisms, Hydraulic Pumps, Automatic Pilot Mechanisms and Specially Designed Assemblies, and Electronic Guidance Equipment installed in missiles, Mounting structure, Spare Kits, On Board Sensors, and Long Wave Infared Cameras.","유도탄 전자 원격유도장비, 액체 및 고체 추진장치, 자이로 장치 구성품","Excludes Electronic Remote Guidance Equipment used to guide missiles; Solid and Liquid Propellant Units; Components of Gyro Mechanisms."
"1425","A","완전한 유도탄 시스템","Guided Missile Systems, Complete","이 군급은 완전한 유도탄 시스템만을 포함한다. 유도탄 시스템의 개별 완성품, 조립체, 부분품, 부속품, 부수품과 같은 완전한 시스템 이외의 품목은 이 군급 이외의 군급에 분류한다.","Note-This class includes only complete guided missile systems. Anything less than a complete system, such as individual end items, assemblies, parts, attachments, or accessories for use in guided missile systems are classified in classes other than this class.","","","유도탄 보조조립체","Excludes Guided Missile Subsystems."
"1427","A","유도탄 보조조립체","Guided Missile Subsystems","이 군급은 단일 보급품으로 식별된 완성품 둘 또는 그 이상으로 구성된 결합품 또는 조립체만을 포함하며, 이는 각각 적절한 군급에 분류한다. 단일 보급품으로 조합되지 않은, 이 그룹의 적절한 군급에 분류되지 않는  각각의 완성품, 조립체, 보조조립체, 부속품, 부수품 또는 부분품은 이 군급에서 제외한다.","Note-This class includes only combinations or assemblies of two or more end items, each of which is properly classified in other classes of this group, identified as single items of supply. Excluded from this class are individual end items, assemblies, subassemblies, attachments, accessories or parts classified in other classes of this group, not combined as single items of supply.","","","완전한 유도탄 시스템","Excludes Complete Guided Missile Systems."
"1430","A","유도탄 원격조종장치","Guided Missile Remote Control Systems","이 군급은 항공기 탑재 또는 비항공기 탑재용 유도탄 원격조종장치 및 그와 함께 사용하기 위한 특수 구성품 및 부수품을 포함한다. 발사통제 조립체, 보조조립체 및 유도탄 원격조종장치용으로 개조된 구성품, 함정용 특수 발사통제 조립체는 이 군급에서 제외한다","Note-This class includes airborne and nonairborne guided missile remote control systems, components, and accessories, designed specifically for use therewith. Excluded from this class are fire control assemblies, subassemblies, and components modified for use with guided missile remote control systems, and fire control assemblies designed specifically for shipboard use.","특수 설계된 유도탄 원격조종장치 구성품","Includes Specially Designed Components of Guided Missile Remote Control Systems.","유도탄에 내장된 조종장치; 유도탄 및 비유도탄용(발사통제 구성품 포함) 공통 구성품","Excludes Guided Missile Internal (Built-in) Control Systems; Components used in both guided missiles and other than guided missiles (including fire control components)."
"1440","A","유도탄 발사기","Launchers, Guided Missile","","","항공기 탑재 및 비항공기 탑재용 유도탄 발사기","Includes Airborne and Nonairborne Guided Missile Launchers.","항공기 발사장치; 로켓 발사기","Excludes Aircraft Launchers; Rocket Launchers."
"1450","A","유도탄 취급 및 정비장비","Guided Missile Handling and Servicing Equipment","","","유도탄 수송용으로 특수 설계된 트럭 및 트레일러; 특수설계된 슬링, 호이스트, 잭, 송풍기; 유도탄 취급 및 정비용으로 특수설계된 자주식 차량 및 트레일러; 유도탄 커버; 환경 통제 조절키트 및 세트 [ 註] ⓐ호이스트:전동기, 감속장치, 와인딩 드럼 등을 일체로 통합시킨 소형의 감아올리는 기계","Includes Specially Designed Trucks and Trailers for use in transporting guided missiles; Specially Designed Slings, Hoists, Jacks, and Blowers; Self-propelled Vehicles and Trailers, Specially Designed for Guided Missile Handling or Servicing; Covers, Guided Missile; Conditioning Kits and Sets, Controlled Environment.","유도탄 발사기(군급 1440), 항공기 취급 및 정비장비(군급 1730 ""항공기 지상지원장비"")","Excludes Guided Missile Launchers (FSC 1440); Aircraft Handling and Servicing Equipment (FSC 1730)."
"1500","A","항공기 및 항공기 기체구성품","Aerospace Craft and Structural Components","","","","","",""
"1510","A","고정익 항공기","Aircraft, Fixed Wing","이 군급에는 완전한 항공기만이 포함된다. 고정익 항공기에 사용되는 완제품, 조립품, 부분품, 부속품, 부수품은 이 군급 이외의 다른 군급에 분류한다","Note-This class includes only complete aircraft. End items, assemblies, parts, attachments, or accessories for use in or on fixed wing aircraft are classified in classes other than this class.","","","",""
"1520","A","회전익 항공기","Aircraft, Rotary Wing","이 군급에는 완전한 항공기만 포함한다. 회전익 항공기에 사용되는 완제품, 조립품, 부분품, 부속품 또는 부수품은 이 군급 이외의 다른 군급에 분류한다","Note-This class includes only complete aircraft. End items, assemblies, parts, attachments, or accessories for use in or on rotary wing aircraft are classified in classes other than this class.","헬리콥터","Includes Helicopters.","",""
"1540","A","글라이더","Gliders","이 군급은 완전한 글라이더만을 포함한다. 글라이더에 사용되는 완제품, 조립품, 부분품, 부속품 또는 부수품은 이 군급이외의 다른 군급에 분류한다. 모터가 달린 글라이더도 포함한다","Note-This class includes only complete gliders. End items, assemblies, parts, attachments, or accessories for use in or on gliders are classified in classes other than this class.","모터가 달린 글라이더","Includes Motorized Gliders.","",""
"1550","A","무인 항공기","Unmanned Aircraft","이 군급은 완전한 무인 비행기만을 포함한다. 무인 비행기에 사용되는 완제품, 조립품, 부분품, 부속품 또는 부수품은 이 군급 이외의 다른 군급에 분류한다.","Note-This class includes only complete unmanned aircraft systems and subordinate air vehicles. Other major items, assemblies, parts, attachments, or accessories for use in or on unmanned aircraft systems are classified in classes other than this class.","표적, 훈련, 조사, 유도탄 평가 및 사진정찰용으로 특수설계된 무인 비행기","Includes Unmanned Aircraft Systems (UASs) and Drones specifically designed for such uses as targets, training, surveillance, missile evaluation, photographic reconnaissance, weapons delivery, communications relay/network gateway, electronic warfare, search and rescue, re-supply or other military operateons.","유인기 및 유도탄을 무인 비행기로 전환한 것","Excludes Converted or modified guided missiles."
"1555","A","우주용 차량","Space Vehicles","","Note - This class includes only complete space vehicles, whether in assembled or unassembled form.","","","",""
"1560","A","항공기 기체 구성품","Airframe Structural Components","이 군급에는 항공기의 지지 구조물 구성품, 가로날개 뼈대, 늑골, 보조익, 안정판, 격벽과 같은 통합 항공기 기체에 전용, 또는 영구적으로 부착된 조립장치 부분품을 포함한다","Note-This class includes fabricated system parts that are permanently attached or peculiar to the integral airframe of an aircraft, such as support structural components, spars, ribs, ailerons, stabilizers, bulkheads.","비행 조정익면(방향타, 승강타, 보조익 따위); 내부 및 외부 보조연료탱크; 배기장치; 파일런, 미세조종탭; 항공기","Includes Flight Control Surfaces; Internal and External Auxiliary Fuel Tanks; Exhaust Systems; Pylons, Trim Tabs; Aircraft.","맞춤커버; 헬리콥터 회전날개 제동장치 구성품; 항공기 분리 장비 및 항공기에 설치된 교체 미션 형태 장비","Excludes Fitted Covers; Helicopter Rotor Brake System Components; Aircraft Loose Equipment and Alternate Mission Configuration Equipment stored on board the aircraft."
"1600","A","항공기 구성품 및 부속품","Aerospace Craft Components and Accessories","","","","","",""
"1610","A","항공기 프로펠러 및 구성품","Aircraft Propellers and Components","","","항공기 프로펠러; 프로펠러 깃, 캠, 콘, 허브, 너트 및 스피너; 테스트 클럽; 동기장치; 동력제어장치; 통합오일조절장치 및 프로펠러 조속기(調速機) [註] ⓐ캠:판 또는 원통에 꼬불꼬불 구부러진 가장자리 또는 홈이 패여 있는 일종의 바퀴로서 회전운동을 왕복운동 또는 진동으로 바꾸는 장치 ⓑ조속기:원심작용 또는 스플링 작용을 이용하여 원동기의 회전수를 하중의 여하에 관계없이 언제나 일정하게 유지하는 기기","Includes Aircraft Propellers; Propeller Blades, Cams, Cones, Hubs, Nuts, and Spinners; Test Clubs; Synchronizers; Power Control Units; Integral Oil Control Measures and Propeller Governors.","회전방향타 및 회전익 깃(군급 1615 ""헬리콥터 회전날개, 구동장치 및 구성품"")","Excludes Rotary Rudder and Rotary Wing Blades (FSC 1615)."
"1615","A","헬리콥터 회전날개,구동장치 및 구성품","Helicopter Rotor Blades, Drive Mechanisms and Components","이 군급은 미연방보급분류부호 색인집에서 다른 곳에 적절히 분류할 수 없는 헬리콥터 구동장치 및 회전날개에 전용(專用) 또는 이를 위해 특수설계된 기타 구성품을 포함한다","Note-This class includes miscellaneous component parts specifically designed for, and used exclusively in, helicopter drive mechanisms and rotor blades when not specifically classified elsewhere in the FSC indexes.","헬리콥터 동력장치 구성품 및 항공기 동력장치로부터 회전날개 및 회전방향타로 동력을 전달하도록 특수설계된 부분품, 회전날개, 날개 깃, 회전날개 깃, 미세조종탭, 요크, 깃 세트, 클러치 및 트랜스미션을 포함한다","Includes Helicopter dynamic components and specially designed parts that transmit power from the aircraft power plant to the rotary wing and rotary rudder. Also included in this class are Rotors; Blades; Rotor Blade, Trim, Tabs; Blade Sets; Yokes; Clutches and Transmissions.","프로펠러(군급 1610 ""항공기 프로펠러 및 구성품""), 회전날개 제동장치 구성품(군급 1630 ""항공기 바퀴 및 브레이크 장치""), 회전날개 깃 유압식 접지장치 구성품(군급 1650 ""항공기용 유압, 진공 및 제빙장치 구성품""), 유압식 서보장치 구성품(군급 1650) [註] ⓐ서보장치:물체의 위치, 방위, 자세 등을 제어량으로 하여 목표값의 임의의 변화에 추종하도록 구성된 제어계","Excludes Propellers (FSC 1610); Rotor Brake Systems Components (FSC 1630); Rotor Blade Hydraulic Folding System Components (FSC 1650); Hydraulic Servo System Components (FSC 1650)."
"1620","A","항공기 착륙장치 구성품","Aircraft Landing Gear Components","","","완충장치 버팀대 및 구성품; 토션바, 진동링크, 항력 버팀대와 같은 장착요소; 랜딩기어 트러니언, 축 및 진동 완충장치; 특수설계된 유압식 파워스티어링 장치 구성품","Includes Shock Struts and Components; Installation Elements, such as Torsion Bars, Vibration Links, Drag Struts; Landing Gear Trunions, Axles and Shimmy Dampeners; Specially designed hydraulic power steering system components.","항공기에 부착되어 있는 버팀대 및 판금(군급 1680 ""기타 항공기 부수품 및 구성품""); 착륙용 바퀴, 스키, 플로트(군급 1630 ""항공기 바퀴 및 브레이크장치""); 바퀴 브레이크 및 브레이크 실린더(군급 1630)    ","Excludes Mounting Braces and Mounting Plates permanently installed on aircraft (FSC 1680); Landing Wheels, Skis, and Floats (FSC 1630); Wheel Brakes and Wheel Brake Cylinders (FSC 1630)."
"1630","A","항공기 바퀴 및 브레이크 장치","Aircraft Wheel and Brake Systems","","","스키; 플로트; 트랙; 착륙용 바퀴 스키드 검출기; 유압식 또는 압축 공기식 바퀴 및 브레이크 장치에 사용하도록 특별히 설계된 밸브; 헬리콥터 회전날개 브레이크 장치 구성품","Includes Skis; Floats; Tracks; Landing Wheel Skid Detectors; Valves specifically designed for use with hydraulic or pneumatic wheel and brake systems; Helicopter Rotor Brake System Components.","랜딩기어 굴대(군급 1620 ""항공기 랜딩기어 구성품"")","Excludes Landing Gear Axles (FSC 1620)."
"1640","A","항공기 제어 케이블 품목","Aircraft Control Cable Products","항공기조종을 위한 부가기능에 사용되는 부착된 와이어로프","Note-Wire rope, with attachments or terminations and pulleys, used in aircraft control applications, will be classified in this class.","철사가닥, 조정뭉치, 버클잠금장치등 다른로프에 부착물같은 단일 결합체 포함.","Includes Wire Rope; Single Leg Wire Assemblies; Wire Strands; Control Pulleys; Turnbuckle Lock Clips and other wire rope attachments and terminations.","일반적으로 사용되는 쇠사슬이나 와이어 로프(FSC 4010) ; 풀리(FSC 3020) ; 잡다한 하드웨어(FSC 5340)  ; 마추어진 로프, 케이블과 체인(FSC 4030)은 제외한다.","Excludes General use Chain and Wire Rope (FSC 4010); general use Pulleys (FSC 3020); general use Miscellaneous Hardware (FSC 5340); general use Fittings for Rope, Cable and Chain (FSC 4030)."
"1650","A","항공기용 유압,진공 및 제빙장치 구성품","Aircraft Hydraulic, Vacuum, and De-icing System Components","이 군급은 항공기에 사용하도록 특별히 설계된 구성품만이 포함된다","Note-This class includes only those components specifically designed for aircraft use.","유압 및 압축공기 어큐뮬레이터, 펌프, 모터, 작동실린더 및 필터; 제빙용 부츠; 액체형 제빙펌프, 밸브 및 필터; 진공장치 윤활유 분리기; 객실 압축용 이외의 공기 압축장비 [註] ⓐ윤활유 분리기:윤활유 중에 함유된 수분, 가솔린 등의 불순물을 분리하는 장치","Includes Hydraulic and Pneumatic Accumulators, Pumps, Motors, Actuating Cylinders, and Filters; De-icing Boots; Fluid Type De-icing Pumps, Valves and Filters; Vacuum System Oil Separators; Pneumatic Pressurization Equipment other than that for pressurizing cabins and compartments.","제트엔진 유압계통 구성품(군급 2840 ""항공기 원동기용 가스터빈, 제트엔진 및 그 구성품""); 난방, 냉방, 환기, 객실여압 및 열제빙용으로 특수 설계된 밸브(군급 1660 ""항공기 냉방, 난방 및 압력 조절장비""); 항공기 엔진용으로 특수설계된 밸브(군급 2840); 유도탄 및 유도탄 엔진(군급 1338 ""유도탄 및 우주비행체 비활성 고체연료 추진장치 및 구성품""), 랜딩기어(군급 1620 ""항공기 랜딩기어 구성품""), 바퀴 및 브레이크 장치 구성품(군급 1630 ""항공기 바퀴 및 브레이크 장치""); 산소호흡장치 구성품(군급 1660); 공중급유 계통의 유압구성품(군급 1680 ""기타 항공기 부수품 및 구성품""); 특수설계된 유압식 동력 조향장치 구성품(군급 1620)","Excludes Jet Engine Hydraulic Components (FSC 2840); Valves specifically designed for air conditioning, heating, ventilating, cabin pressurizing, and thermal de-icing (FSC 1660); Valves specifically designed for use with Aircraft Engines (FSC 2840); Guided Missiles and Guided Missile Engines (FSC 1338), Landing Gear (FSC 1620), Wheel and Brake System Components (FSC 1630); Oxygen Breathing System Components (FSC 1660); In-flight Refueling System Hydraulic components (FSC 1680); Specifically designed hydraulic power steering system components (FSC 1620)."
"1660","A","항공기 냉방,난방 및 압력 조절장비","Aircraft Air Conditioning, Heating, and Pressurizing Equipment","이 군급은 항공기의 냉방, 난방 및 압력 조절장비용으로 특별히 설계된 구성품을 포함한다. 또한 항공기용 산소호흡장비로 특수 설계된 구성품을 포함한다","Note-This class includes components specifically designed for use in aircraft air conditioning, heating, and pressurizing equipment. Also included are specially designed components of oxygen breathing systems used in aircraft.","객실 여압장비; 정화통; 실린더 조립체; 마스크; 고정식 산소장치; 특수설계된 항공기용 밸브; 객실여압 조절기; 열교환기; 공기팽창 터빈; 항공기 히터; 환기장치 구성품; 냉방 및 난방 덕트 조립체; 열 제빙장비 구성품; 객실 여압장비; 공기확산기; 객실여압 선별기; 액체산소 변환기 [註] ⓐ열교환기:온도가 다른 2개의 유체를 직접 또는 간접으로 접촉시켜 열을 교환시키는 장치","Includes Cabin Supercharging Equipment; Canisters; Cylinder Assemblies; Masks; Fixed Oxygen System; Specially Designed Aircraft Valves; Cabin Pressure Regulators; Heat Exchangers; Air Expansion Turbines; Aircraft Heaters; Ventilating System Components; Air Conditioning and Heating Duct Assemblies; Thermal De-icing Equipment; Cabin and Compartment Pressurizing Equipment; Air Diffusers; Cabin Pressure Selectors; Liquid Oxygen Converters.","산소압력 경보장치; 도관 및 배관; 지상형 가열 및 냉각장치; 객실 기압조절을 목적으로 하지 않는 가압장비; 액체식 제빙장비; 항공기 엔진과 유도탄 및 유도탄 엔진용으로 특별히 설계된 밸브","Excludes Oxygen Pressure Signals and Warning Devices; Tubing; Ground Type Heaters and Coolers; Pressurizing Equipment other than that used for Cabin and Compartment Pressurization; Fluid De-icing Equipment; Valves specifically designed for use with Aircraft Engines, Guided Missiles, and Guided Missile Engines."
"1670","A","낙하산;공중 인양,수송,회수장치 및 화물결박용 장비","Parachutes; Aerial Pick Up, Delivery, Recovery Systems; and Cargo Tie Down Equipment","예를 들면 ""우주비행체 공중 회수장치""와 같은 장치에 사용되는 부분품, 부속품, 조립체가 아니라면 공대공, 공대지 및 지대공 운송, 인양 및 회수 임무용으로 특수설계된 품목, 세트 및 시스템은 예를 들면 ""전송하는 무선 부표 및 방향탐지 보조시스템 구성품""의 미연방보급분류의 다른 군급에 색인된다","Note-Includes specifically designed items, sets, and systems for air-to-air, air-to-surface, and surface-to-air delivery, pick up, and recovery operations, unless parts, attachments, assemblies, for use in or on such systems (i.e., space vehicle aerial recovery systems) are specifically indexed to other classes of the FSC (i.e., Transmitting Radio Buoys and Direction Finding Subsystem Components).","","","항공기 기체에 붙어 있는 부착용 조립체","Excludes Fitting Assemblies built into the aircraft structure."
"1675","A","우주차량 구성 요소","Space Vehicle Components","","","","Includes Structural Components; Components and Accessories specially designed for installation in or on Space Vehicles; Internal (Built-in) Control Systems.","","Excludes Remote Guidance Equipment."
"1677","A","우주차량 원격 제어 시스템","Space Vehicle Remote Control Systems","","","","Includes Specifically designed Components of Space Vehicle Remote Control Systems.","","Excludes Internal (Built-in) Control Systems; Components designed for use with both Guided Missile and Space Vehicle Systems."
"1680","A","기타 항공기 부속품 및 구성품","Miscellaneous Aircraft Accessories and Components","","","푸시풀 방식의 조종장치 조립체; 보드의 화물램프 위치고정 브레이스; 조종실에 설치된 컨트롤 쿼드런트; 전자-기계식 및 기계식 작동기; 환기장치; 릴리프 튜브; 지도 고정기; 항공기에 부착된 항공 글라이더 견인 부수품; 안전벨트; 안전 및 어깨고정용 하네스; 전기식 윈드실드 와이퍼; 항공기 기내에 설치된 비활성 가스발생기; 항공기 비품; 항공기에 설치된 윈치 및 호이스트; 연료구성품을 포함한 비행중 급유장치 구성품; 항공기 커튼; 케이블 장력 조절기;  차양; 백미러; 기계식 트랜스미션, 기어박스 및 항공기용으로 특수설계된 일정속도 드라이브","Includes Control Assemblies, Push-Pull; Brace, Positioning Cargo Ramp stowed on board; Cockpit Mounted Control Quadrants; Actuators, Electro-Mechanical and Mechanical; Ventilators; Relief Tubes; Map Holders; Aerial Glider Towing Accessories attached to Aircraft; Belts, Safety and Lap; Harness, Shoulder and Safety; Litter Attaching Supports;Electric Windshield Wipers;Aircraft Onboard Inert Gas Generators;Aircraft Furniture;Aircraft Mounted Winches and Hoists;In-Flight Refueling System Components, including Fuel Components;Aircraft Curtains;Cable Tension Regulators;Sun Visors;Rear-View Mirrors;Mechanical Transmissions, Gearboxes and Constant Speed drives Specially designed for aircraft.","엔진에 장착된 컨트롤 조립체;  항공기 파일론용 커버; 헬리콥터 회전날개 제동장치 구성품; 헬리콥터 자동 안정장비","Excludes Engine Mounted Control Assemblies; Fitted Covers, Aircraft Pylons; Helicopter Roter Brake System Components; Helicopter Automatic Stabilization Equipment."
"1700","A","항공기 발사,착륙 및 지상취급용 장비","Aerospace Craft Launching, Landing, Ground Handling, and Servicing Equipment","유도탄 또는 원자무기용으로 특수설계된 트럭, 트레일러 및 서비스장비는 이 그룹에서 제외한다 ","Note-Excluded from this Group are trucks, trailers, and servicing equipment specially designed for guided missile or atomic ordnance use","","","",""
"1710","A","항공기 착륙장비","Aircraft Landing Equipment","","","항공기 제동장벽","Includes Aircraft Arresting Barriers.","항공기 활주로 표시등(군급 6220 ""차량 전등 및 설비"")","Excludes Airport Runway Marker Lights (FSC 6220)."
"1720","A","항공기 발사장비","Aircraft Launching Equipment","","","캐터펄트(항공기 사출기)","Includes Catapults.","유도탄 발사기(군급 1440) 및 우주비행체 발사대(군급 1840)","Excludes Guided Missile Launchers (FSC 1440) and Space Vehicle Launchers (FSC 1840)."
"1725","A","우주선 발사대","Space Vehicle Launchers","","","","Includes Launchers specifically designed for Space Vehicles.","","Excludes Launchers used with both Guided Missiles and Space Vehicles."
"1730","A","항공기 지상지원장비","Aircraft Ground Servicing Equipment","이 군급은 미연방보급분류 2520 ""차량 동력전달장치"", 2530 ""차량용 브레이크, 스티어링, 액슬, 휠 및 트랙구성품"", 2540 ""차량용 비품 및 부수품"", 2590 ""기타 차량구성품"" 중에 수록되어 있는 ""차량 구성품""은 제외한다","Note-This class excludes ""vehicular components"" such as those listed under FSC's 2520, 2530, 2540, 2590.","시동기; 엔진 예열기; 계류장치 조립체; 바퀴 멈춤장치; 보조익, 승강타 및 방향타 고정장치; 탑승트랩; 정비대; 항공기 정비 및 탑승용 사닥다리; 항공기 정비용 슬링 및 호이스트; 항공기 수직안정판 경사 잭; 비행장용 특수 승강 트럭 및 트레일러; 항공기 기체 구성품용 부착커버; 항공기 엔진커버","Includes Energizers; Engine Preheaters; Mooring Assemblies; Wheel Chocks; Beaching Equipment; Aileron, Elevator, and Rudder Locks; Passenger Loading Ramps; Maintenance Platforms; Aircraft Maintenance and Boarding Ladders; Aircraft Maintenance Slings and Hoists; Aircraft Fin Tilting Jacks; Airfield Specialized Lift Trucks and Trailers; Fitted Covers for Airframe Components; Aircraft Engine Covers.","항공기 조립체 수송을 주목적으로 설계된 비행장용 특수 트럭 및 트레일러(군급 1740); 수리 또는 분해 중 항공기 조립체를 지지하도록 설계된 수리대(군급 4920 ""항공기 정비 및 수리공장 특수장비""); 시험대(군급 4920); 일반용도 잭(군급 5120 ""날이 없는 비동력 수공구""); 슬링(군급 3940 ""블록, 활차, 삭구 및 슬링"") 및 호이스트(군급 3950 ""윈치, 호이스트, 크레인 및 데릭""); 트레일러(군급 2330), 항공기용 액체산소(군급 1660 ""항공기 냉방, 난방 및 압력 조절장비"")","Excludes Airfield Specialized Trucks and Trailers designed primarily for transporting aircraft assemblies (FSC 1740); Maintenance Stands designed for support of aircraft assemblies during repair or overhaul (FSC 4920); Test Stands (FSC 4920); General Purpose Jacks (FSC 5120); Slings (FSC 3940), and Hoists (FSC 3950); Trailers (FSC 2330), Liquid Oxygen, Aircraft Servicing (FSC 1660)."
"1735","A","우주 차량 취급 및 서비스 장비","Space Vehicle Handling and Servicing Equipment","","Note - This class does not include space vehicle aerial recovery systems which are classified in Class 1670.","","Includes Specially designed Trucks and Trailers for use in transporting Space Vehicles; Specially designed Slings, Hoists, Jacks, and Blowers, Self-propelled Vehicles, specially designed for space vehicle handling or servicing; Covers, space vehicle.","","Excludes Equipment used in handling or servicing both Guided Missile and Space Vehicles."
"1740","A","비행장용 특수 트럭 및 트레일러","Airfield Specialized Trucks and Trailers","이 군급은 군급분류번호 2520 ""차량 동력전달장치"", 2530 ""차량용 브레이크, 스티어링, 액슬, 휠 및 트랙 구성품"" 및 2590 ""기타 차량 구성품"" 중에 수록되어 있는 ""차량 구성품""을  제외한다","Note-This class excludes ""vehicular components"" such as those listed under FSC's 2520, 2530, and 2590.","항공기 조립체의 수송을 주목적으로 하여 설계된 비행장용 특수 트럭 및 트레일러; 엔진 재연소장치, 엔진, 프로펠러, 동체 및 날개용 트레일러; 항공기 동체 및 날개 이동용 트럭; 엔진 수송용 스키드; 엔진 수송용 스탠드; 비행장용 폭탄 트레일러; 사고비행기 사후 수습트럭","Includes Airfield Specialized Trucks and Trailers designed primarily for transporting aircraft assemblies; Trailers: Afterburner, Engine, Propeller, Fuselage, and Wing; Trucks, Aircraft Fuselage and Aircraft Wing; Skids, Engine Transport; Stands, Engine Transport; Bomb Trailers, Airfield; Trucks, Crashed Aircraft Removing.","비행장용 특수 승강 트럭(군급 3930 ""창고용 자주식 트럭 및 트랙터"") 및 트레일러(군급 2330),  공로용의 트럭(군급 2320 ""바퀴식 트럭 및 트럭 트랙터"") 및 트레일러(군급 2330), 적화용 트레일러(군급 2330) 및 트럭(군급 2320)","Excludes Airfield Specialized Lift Trucks (FSC 3930), and Trailers (FSC 2330); Highway Type Trucks (FSC 2320), and Trailers (FSC 2330); Cargo Loading and Unloading Trailers (FSC 2330) and Trucks (FSC 2320)."
"1800","A","우주비행체","Space Vehicles","이 그룹은 인간이 탑승 또는 탑승하지 않은 우주캡슐, 인공달, 궤도위성, 인공위성, 우주정거장 및 그 유사물과 같은 우주비행체를 포함한다. 유도탄 및 로켓은 이 그룹에서 제외한다","Note-This group includes space vehicles, such as space capsules, man-made moons, orbitals, satellites, space platforms, and the like, manned or unmanned. Excluded from this group are guided missiles and rockets.","","","",""
"1810","C","우주비행체","Space Vehicles","이 군급은 조립 또는 비조립 형태의 완전한 우주비행체만을 포함한다","FSC 1810 CANCELLED ON 022213 Space Vehicles","","","",""
"1820","C","우주비행체 구성품","Space Vehicle Components","2012년 1월 13일에 FSC 1820은 취소됨. ","FSC 1820 CANCELLED ON 101216 Space Vehicle Components","구조 구성품; 우주비행체 설치용으로 특수설계된 구성품 및 부수품; 내부(내장) 제어장치","Includes Structural Components; Components and Accessories specially designed for installation in or on Space Vehicles; Internal (Built-in) Control Systems.","원격 유도장비","Excludes Remote Guidance Equipment."
"1830","C","우주비행체 원격 제어장치","Space Vehicle Remote Control Systems","2012년 1월 13일에 FSC 1830은 취소됨","FSC 1830 CANCELLED ON 101216 Space Vehicle Remote Control Systems","우주비행체 원격 제어장치 특수설계 구성품","Includes Specifically designed Components of Space Vehicle Remote Control Systems.","내부(내장) 제어장치; 유도탄 및 우주비행체 장치 공용(共用) 구성품","Excludes Internal (Built-in) Control Systems; Components designed for use with both Guided Missile and Space Vehicle Systems."
"1840","C","우주비행체 발사대","Space Vehicle Launchers","FSC1840은 취소되었으며 FSC 1725로 대체 되었음.","FSC 1840 CANCELLED ON 072413 Space Vehicle Launchers","우주비행체용 특수 설계 발사대","Includes Launchers specifically designed for Space Vehicles.","유도탄 및 우주비행체 공용 발사대","Excludes Launchers used with both Guided Missiles and Space Vehicles."
"1850","C","우주비행체 취급 및 정비장비","Space Vehicle Handling and Servicing Equipment","군급 1670 ""낙하산; 공중 인양, 수송, 회수장치 및 화물결박용 장비""에 분류되는 우주비행체 공중 회수장치는 이 군급에서 제외한다","FSC 1850 CANCELLED ON 072413 Space Vehicle Handling and Servicing Equipment","우주비행체 수송용 특수트럭 및 트레일러; 우주비행체 취급 및 정비용으로 특수설계된 슬링, 호이스트, 잭, 송풍기, 자주 차량; 우주비행체 커버","Includes Specially designed Trucks and Trailers for use in transporting Space Vehicles; Specially designed Slings, Hoists, Jacks, and Blowers, Self-propelled Vehicles, specially designed for space vehicle handling or servicing; Covers, space vehicle","유도탄 및 우주비행체 공용(共用) 취급 및 수리장비","Excludes Equipment used in handling or servicing both Guided Missile and Space Vehicles."
"1860","C","우주 생존장비","Space Survival Equipment","2012년 1월 13일에  FSC 1860은  취소됨  ","FSC 1860 CANCELLED ON 101216 Space Survival Equipment","식료 및 음료 생산장비, 산소 생성장비, 피난장비, 발전 및 변전장비","Includes Food and Water Production Equipment; Air Production Equipment; Shelter Equipment; Power Generation and Conversion Equipment.","우주비행체 통합 구성품","Excludes Items which are integral components of Space Vehicles."
"1900","A","함선,소형선,폰툰,부선거(浮船渠)","Ships, Small Craft, Pontoons, and Floating Docks","완전한 함선, 소형보트, 부선거(浮船渠), 건선거(乾船渠) 및 준설선(선체의 유무와 관계없음)만을 이 그룹에 분류한다. 위의 것에 사용되는 완제품, 조립품, 부분품, 부속품, 부수품은 다른 군급(그룹 19 ""함선, 소형선, 폰톤, 부선거"" 이외)에 적절히 분류할 수 없는 한 그룹 20 ""함선 및 해상장비""로 분류한다  [註]  ⓐ부선거:부침(浮沈)이 가능한 선박 수리용의 부양식 독  ⓑ건선거:바닷물을 빼었다 들였다 할 수 있게 설비하여 큰 배를 수리하거나 청소할 때에 그 배를 들여놓는 구조물","Note-Only complete ships, small craft, floating docks, floating dry docks, and dredges (with or without hull) are classified in this group. End items, assemblies, parts, attachments or accessories for use in or on the above are classified in Group 20-Ship and Marine Equipment, unless other classes (outside of Group 19) are appliable.","","","",""
"1905","A","전투함 및 상륙정","Combat Ships and Landing Vessels","","","항공모함, 전함, 순양함, 구축함(驅逐艦), 잠수함, 소형 구축함 및 코르벳함, 포함, 어뢰정, 구잠정(驅潛艇), 상륙바지, 기뢰 부설 및 소해정(掃海艇) [註] ⓐ구축함:어뢰를 주무기로 하여, 주로 적의 주력함이나 잠수함 따위를 공격하는 해군 함선의 한가지 ⓑ구잠정:주로 적의 잠수함을 공격하는 소형의 쾌속정 ⓒ소해정:항로의 안전을 위하여 바다에 부설된 기뢰나, 그 밖의 위험물과 장해물을 제거하는 임무를 맡은 작은 군함","Includes Aircraft Carriers; Battleships; Cruisers; Destroyers; Submarines; Frigates and Corvettes; Gunboats; Motor Torpedo Boats; Subchasers; Landing Barges; Minelaying and Mine Sweeping Craft.","",""
"1910","A","여객 및 병력 수송선","Transport Vessels, Passenger and Troop","","","","","",""
"1915","A","화물선 및 유조선","Cargo and Tanker Vessels","","","","","",""
"1920","A","어선","Fishing Vessels","","","","","",""
"1925","A","특수선박","Special Service Vessels","","","예인선(曳引船); 소방선; 쇄빙선; 수리선; 보급 정비함(부표, 등대, 구축함); 조명선; 해저전선 부설선; 해난 및 해저 구조선","Includes Tugs; Towboats; Fire Boats; Ice Breakers; Repair Ships; Tender Vessels (Buoy, Lighthouse, Destroyer); Lightships; Cable Ships; Salvage and Submarine Rescue Vessels.","전투함, 준설선(浚渫船) [註] ⓐ준설선:하천이나 해안의 바닥에 쌓인 흙이나 암석따위를 쳐내어 바닥을 깊게하기 위한 기계를 갗춘 배","Excludes Combat Vessels; Dredges."
"1930","A","화물용 바지 및 거룻배 [註] ⓐ바지:운하나 하천·항만 같은 데서 화물을 나르는 데 쓰이는 바닥이 편편한 짐배 ⓑ거룻배:돛을 달지 아니한 작은 배","Barges and Lighters, Cargo","","","항공기용 거룻배, 차량용 뗏목 및 기타 운송용 바지, 창고 바지, 나룻배","Includes Aircraft Lighters, Car Floats, and other Transportation Barges, Depot Barges; Scows.","",""
"1935","A","특수목적용 바지 및 거룻배","Barges and Lighters, Special Purpose","","","데릭, 파일 드라이버 및 채석용 바지; 방공기구(防空氣球), 캐터펄트용 거룻배, 어뢰 시험용 바지; 콘크리트 믹서기, 기계식 제방 그레이더 및 기타 제방 옹벽 바지; 화재진압 및 오물제거 및 기타 펌프 바지, 요트형을 제외한 집배; 발전소 바지; 냉동 바지; 크레인이 설치된 예인용 바지 [註] ⓐ데릭:마스트 또는 붐을 갖추고, 원동기를 별도로 설치하고 와이어로프에 의해 조작되는 것으로 배 따위에 화물을 실을 때 사용되는 기중기 ⓑ파일 드라이버:압축공기, 증기력 또는 디젤 파일해머를 사용하여 말뚝을 때려 박는 기계","Includes Derrick, Piledriver, and Rock Cutter Barges; Barrage Balloon, Catapult Lighter, and Torpedo Testing Barges; Concrete Mixing Plant, Mechanical Bank Grader, and other Bank Revetment Barges; Fire, Smudge Removal, and other Pump Barges; Houseboats, except Yacht Type; Power Plant Barges; Refrigeration Barges; Barge Mounted Cranes, Flexible Towed Barges.","전투상륙 바지.","Excludes Combat Landing Barges."
"1940","A","소형선","Small Craft","","","동력 및 비동력 소형선, 해난 구조정, 비행기사고 구조정, 정찰정, 요트, 공기보트","Includes Powered and Unpowered Small Craft; Lifesaving Boats; Airplane Crash Boats; Reconnaissance Boats; Yachts; Pneumatic Boats.","어선; 공기가 들어있는 구명 보트; 브리지 플로트 및 폰툰","Excludes Fishing Craft; Life Rafts, including Pneumatic; Bridge Floats and Pontoons."
"1945","A","폰툰 및 부선거(浮船渠) [註] ⓐ선거:선박을 접안하거나 건조·수리하기 위하여 시설된 설비","Pontoons and Floating Docks","","","부함(浮函); 폰툰 지주; 폰툰 램프","Includes Camels; Pontoon Stanchions; Pontoon Ramps.","부선거(浮船渠); 부교(浮橋); 폰툰 하드웨어(보석류)","Excludes Floating Drydocks; Bridge Floats and Pontoons; Pontoon Hardware (Jewelry)."
"1950","A","건선거(乾船渠)","Floating Drydocks","","","","","",""
"1955","A","준설선","Dredges","","","선체 없는 준설선, 원양항행 준설선, 부유 준설선","Includes Dredges, without Hull; Ocean-Going Dredges; Floating Dredges.","",""
"1990","A","기타 함선","Miscellaneous Vessels","","","상선","Includes Commercial Sailing Vessels.","",""
"2000","A","함선 및 해상장비","Ship and Marine Equipment","","","","","",""
"2010","A","함선 추진장치 구성품","Ship and Boat Propulsion Components","","","추진축; 선박용 프로펠러, 후진 및 감속기어형 선박용 변속장치","Includes Propulsion Shafts; Ship Proppellers. Marine Transmissions, Reverse and Reduction Gear Type.","엔진(군급 2810 ""항공기 가솔린 왕복엔진 및 구성품"", 2815 ""디젤엔진 및 구성품""); 터빈(군급 2825 ""증기터빈 및 구성품"", 2835 ""비항공기 원동기 및 항공기 비원동기용 가스터빈, 제트엔진 및 그 구성품"", 2840 ""항공기 원동기용 가스터빈, 제트엔진 및 그 구성품"")","Excludes Engines (FSC 2810, 2815); Turbines (FSC 2825, 2835, 2840)."
"2020","A","삭구(索具) 및 삭구장치 [註] ⓐ삭구:배에서 쓰이는 로프나 쇠사슬 따위를 통틀어 이르는 말","Rigging and Rigging Gear","","","돛대; 마루대공(왕대공); 돛의 아래 활대; 크레인 및 데릭에 부착되지 않은 선박용 붐","Includes Masts; Kingposts; Sail Booms; Shipborne Booms not attached to Cranes and Derricks.","태클 블록","Excludes Tackle Blocks."
"2030","A","갑판기계","Deck Machinery","","","조타장치, 보트 매다는 기둥","Includes Steering Gears and Controls; Boat Davits.","",""
"2040","A","함선용 기재 및 선체품목","Marine Hardware and Hull Items","","","닻; 네 갈고리 닻; 띄우는 닻; 방수문; 선박 통풍장치; 해치; 맨홀; 작은 승강구; 공기창; 방현재(防舷材); 사물함; 갑판의 배수구; 키; 선미 튜브; 체인 파이프; 이물 파이프; 보일러 연도(煙道) 및 굴뚝; 초크; 돛대 및 활대 부속류; 노(櫓); 짧고 폭 넓은 노(櫓); 노걸이 [註] ⓐ방현재:배가 부두에 닿을 때나 다른 배와 스칠 때 일어나는 충격을 줄이기 위하여 장치한 물건","Includes Anchors; Grapnels; Sea Anchors; Watertight Doors; Ship Ventilators; Hatches; Manholes; Scuttles; Air Ports; Fenders; Sea Chests; Scuppers; Rudders; Stern Tubes; Chain Pipes; Hawse Pipes; Boiler Uptakes and Stacks; Chocks; Mast and Boom Fittings; Oars; Paddles; Oarlocks.","",""
"2050","A","부표(浮標) ","Buoys","","","","","",""
"2060","A","상업용 어업장비","Commercial Fishing Equipment","","","","","어선","Excludes Fishing Vessels."
"2090","A","기타 함정 및 해상용 장비","Miscellaneous Ship and Marine Equipment","","","돛, 체인 사닥다리, 로프 사닥다리, 해상용 비품","Includes Sails; Chain Ladders; Rope Ladders; Marine Furniture.","",""
"2100","A","역사적 FSG","Historical FSG","참고 - FSG는 파일 유지관리 목적으로만 복원됩니다. 이 FSG에는 새 항목을 추가할 수 없습니다.","Note-FSG reinstated for file maintenance purposes only. No new items may be added to this FSG.","","","",""
"2190","A","역사적 FSC","Historical FSC","참고 - FSC는 파일 유지관리 목적으로만 복원됩니다. 이 FSC에는 새 항목을 추가할 수 없습니다.","Note-This FSC reinstated for file maintenance purposes only. No new items may be added to this FSC.","","","",""
"2200","A","철도장비","Railway Equipment","","","","","",""
"2210","A","기관차","Locomotives","이 군급은 완전한 기관차와 탄수차(炭水車)만을 포함한다. 기관차 및 탄수차에 사용되는 완제품, 조립품, 부분품, 부속품 및 부수품은 이 군급 이외의 다른 군급에 분류한다  [註]  ⓐ기관차:객차나 화차 따위를 끌고 달리는데 사용되는 동력장치를 갖춘 철도차량","Note-This class includes only complete locomotives and tenders. End items, assemblies, parts, attachments, or accessories for use in or on locomotives and tenders are classified in classes other than this class.","","","자체 추진력이 있는 차량","Excludes Self-Propelled Cars."
"2220","A","철도차량","Rail Cars","이 군급은 완전한 철도차량만을 포함한다. 철도차량용 완제품, 조립품, 부분품, 부속품 또는 부수품은 이 군급 이외의 군급에 분류한다.","Note-This class includes only complete rail cars. End items, assemblies, parts, attachments, or accessories for use in or on rail cars are classified in classes other than this class.","견인되는 차량; 자체 추진력이 있는 차량","Includes Trailed Cars; Self-Propelled Cars.","케이블카","Excludes Aerial Tramway Cars."
"2230","A","철로 부지 건설 및 유지장비","Right-of-Way Construction and Maintenance Equipment, Railroad","","","철로 설치, 연결 및 이동장비; 자체 추진력이 있는 차량 및 크레인이 설치된 차량","Includes Rail Laying, Joining and Shifting Equipment; Self-propelled and Car Mounted Cranes.","수공구(그룹 51)","Excludes Hand Tools (FSG 51)."
"2240","A","기관차·철도차량 부속품 및 구성품","Locomotive and Rail Car Accessories and Components","","","브레이크 빔 및 구성품; 커플러; 무개차(無蓋車) 및 구성품; 저널 및 구성품; 바퀴 세트 및 구성품 [註] ⓐ저널:전동축(傳動軸)에 있어서 베어링 속에 들어있는 부분","Includes Brake Beams and Components; Couplers; Trucks and Components; Journals and Components; Wheel Sets and Components.","철로용 비품(그룹 71 ""비품"")","Excludes Railroad Furniture (FSG 71)."
"2250","A","철로 자재","Track Material, Railroad","","","철로용 레일; 침목판; 철로용 대피선 및 구성품; 철로용 못","Includes Railroad Rails; Railroad Tie Plates; Railroad Turnouts and Components; Railroad Spikes.","밸러스트(군급 5610 ""비포장 광물성 건설자재""), 침목(군급 5510 ""재목 및 관련목재"") [註] ⓐ밸러스트:철로의 노반과 침목 간에 있는 자갈, 쇄석(碎石)","Excludes Ballast (FSC 5610); Railroad Ties (FSC 5510)."
"2300","A","지면효과 차량,자동차,트레일러 및 사이클","Ground Effect Vehicles, Motor Vehicles, Trailers, and Cycles","","","","","",""
"2305","A","지면효과(地面效果) 차량 [註] ⓐ지면효과차량:호버크래프트와 같이 압축공기를 뿜어내어 지표와 차량사이에 에어쿠션을 만들어 지표에 닿을 정도로 가깝게 주행하는 차량","Ground Effect Vehicles","","","","","",""
"2310","A","여객 자동차","Passenger Motor Vehicles","이 군급은 완전한 여객용 자동차 및 그를 위한 섀시를 포함한다. 여객용 자동차에 사용되는 완제품, 조립체, 부분품, 부속품 또는 부수품으로서 완전한 섀시 이외의 것은 이 군급 이외의 다른 군급에 분류한다","Note-This class includes only complete passenger motor vehicles, and chassic therefor. Any end items, assemblies, parts, attachments, or accessories, other than complete chassis, for use in or on passenger motor vehicles are classified in classes other than this class.","자동차; 버스; 여객 자동차 섀시; 영구차; 구급차","Includes Cars, Motor, Highway; Busses; Chassis, Passenger Motor Vehicle; Hearses; Ambulances.","수륙양용 병력운반차; 모든 종류의 트럭 섀시","Excludes Amphibious Personnel Carriers; All Truck Chassis; Mine Resistant Ambush Protected Vehicles (2355)."
"2320","A","바퀴식 트럭 및 트럭 트랙터","Trucks and Truck Tractors, Wheeled","이 군급에는 완전한 트럭, 트럭트랙터 및 그를 위한 섀시를 포함한다. 트럭 또는 트럭트랙터에 사용되는 완제품, 조립체, 부분품, 부속품 또는 부수품으로서 완전한 섀시 이외의 것은 이 군급 이외의 다른 군급에 분류한다. 기계수리차, 이동용 세탁차 또는 치과차등 특수 트럭의 섀시 및 보디의 복합체는 이 군급에 분류한다. 장비를 갖춘 기계수리차처럼 섀시, 보디 및 추가 장비품이 완비된 완전한 이동용차는 이 군급에서 제외한다","Note-This class includes only complete wheel mounted trucks and truck tractors, and chassis therefor. Any end items, assemblies, parts, attachments, or accessories other than complete chassis, for use in or on such trucks or truck tractors are classified in classes other than this class. The combined chassis and body of a special purpose truck, such as a machine shop, mobile laundry, or dental laboratory, is classified in this class. The complete mobile unit, consisting of chassis, body, and additional equipment, as in an equipped truck mounted machine shop, is excluded from this class.","패널, 딜리버 및 픽업 트럭, 수륙양용차에 설치된 바퀴를 포함한 전술 및 행정용 군 화물차; 트럭트랙터 및 트레일러의 복합체; 장갑차","Includes Panel, Delivery and Pick Up Trucks, Military Cargo Carrying Vehicles, including Wheel Mounted Amphibian Vehicles; Truck Tractors and Trailer Combinations.","소방차; 특수 건설형 토양 및 암석운반 트럭; 동력식 공기 압추기; 동력식 콘크리트 혼합기; 일반적인 공사용 전문기계; 비행장, 격납고 및 창고 내부에서 사용되는 특수트럭; 궤도 및 반궤도식 차량","Excludes Fire Trucks; Special Construction Type Earth and Rock Hauling Trucks; Motorized Air Compressors; Motorized Concrete Mixers; Construction Specialized Machinery Generally; Specially designed trucks for use in and around airfields, hangers, and warehouses; Vehicles specifically designed and/or modified for combat, assault, and tactical situations. Tracked and Halftracked Vehicles. Wheeled Self-Propelled Combat, Assault, and Tactical Vehicles with or without amphibian capabilities; Armored Wheeled Vehicles; Mine Resistant Ambush Protected Vehicles (2355); Self-Propelled Wheeled Sleds; and Self-Propelled Wheeled Flame Throwers."
"2330","A","트레일러","Trailers","이 군급은 완전한 트레일러 및 그를 위한 섀시만을 포함한다. 트레일러에 사용되는 완제품, 조립체, 부분품, 부속품 또는 부수품으로서 완전한 섀시 이외의 것은 이 군급 이외의 다른 군급에 분류한다. 기계수리공장, 이동 세탁소 및 치과 실험실과 같은 특수트레일러의 섀시 및 보디의 복합체는 이 군급에 분류한다. 완전히 장비를 갖춘 기계수리 트레일러와 같이 섀시, 보디 및 추가장비가 구비된 완전한 이동식 트레일러는 이 군급에서 제외한다","Note-This class includes only complete trailers, and chassis therefor. Any end items, assemblies, parts, attachments, or accessories, other than complete chassis, for use in or on trailers are classified in classes other than this class. The combined chassis and body of a special purpose trailer, such as a machine shop, mobile laundry, or dental laboratory, is classified in this class. The complete mobile unit, consisting of chassis, body, and additional equipment, as in an equipped trailermounted machine shop, is excluded from this class.","세미트레일러; 세미트레일러 돌리; 화물트레일러; 승객 및 주택용 트레일러; 탄약과 같은 특수목적용 트레일러 [註] ⓐ세미트레일러:트레일러의 일종으로, 뒷바퀴만 있고 앞부분은 회전대에 의해 트럭 트랙터와 연결","Includes Semitrailers; Semitrailer Dollies; Cargo Trailers; Passenger and House Trailers; Special Purpose Trailers, such as Ammunition.","소방트레일러; 비행장 격납고 및 창고 내부 및 주변에서 사용되는 특수트레일러","Excludes Fire Fighting Trailers; Specially designed trailers for use in and around airfields, hangers, and warehouses."
"2340","A","오토바이,모터 스쿠터 및 자전거","Motorcycles, Motor Scooters, and Bicycles","이 군급은 완전한 오토바이, 모터 스쿠터 및 자전거만을 포함한다. 오토바이, 모터 스쿠터 및 자전거에 사용되는 완제품, 조립체, 부분품, 부속품 또는 부수품은 이 군급 이외의 군급에 분류한다","Note-This class includes only complete motorcycles, complete motor scooters, and complete bicycles. End items, assemblies, parts, attachments, or accessories for use in or on motorcycles, motor scooters, or bicycles are classified in classes other than this class.","사이드카; 세발 자전거","Includes Sidecars; Tricycles.","아동용 바퀴달린 제품","Excludes Children's Wheeled Goods."
"2350","A","궤도식 전투,공격 및 전술용 차량","Combat, Assault, and Tactical Vehicles, Tracked","이 군급은 모든 전투, 공격 및 궤도 전술용 차량과 그를 위한 섀시만을 포함한다. 즉, 이와같은 차량 사용 용도에 있어 완전한 섀시 이외의 완제품, 조립체, 부분품, 부속품 또는 부수품은 이 군급 이외의 다른 군급에 분류한다","Note-This class includes only complete combat, assault, and tactical tracked vehicles, and chassis. Any end items, assemblies, parts, attachments, or accessories, other than complete chassis, for use in or on such vehicles are classified in classes other than this class.","탱크 및 수륙양용 유무에 관계없는 궤도식 자주화기 및 차량, 무한궤도식 장갑차, 자주식 썰매, 자주식 화염방사기","Includes Tanks and Tracked Self-Propelled Weapons and Vehicles with or without amphibian capabilities; Armored Halftracks; Self-Propelled Sleds; and Self-Propelled Flame Throwers.","바퀴가 장착된 차량","Excludes Wheel Mounted Vehicles."
"2355","A","바퀴식 전투,공격 및 전술용 차량","Combat, Assault, and Tactical Vehicles, Wheeled","이 군급은 완전한 전투, 공격 및 바퀴달린 전술차량과 섀시를 포함한다. 이러한 차량에 사용되는 완제품, 조립체, 부분품, 부속품 또는 부수품으로써 완전한 섀시 이외의 것은 이 군급 이외의 다른 군급에 분류한다.","Note: This class includes only complete combat, assault, and tactical wheeled vehicles and chassis. Any end items, assemblies, parts, attachments, or accessories, other than complete chassis, for use in or on such vehicles are classified in classes other than this class.","전투차량을 갖고 있거나 수륙양용 능력이 없는 자주식 차륜 무기. 장갑차; 자체 추진식 썰매; 자체추진 화염방사기.","Includes: Wheeled Self-Propelled Weapons and combat vehicles with or without amphibian capabilities; Armored Wheeled Vehicles; Mine Resistant Ambush Protected Vehicles; Self-Propelled Wheeled Sleds; and Self-Propelled Wheeled Flame Throwers.","트랙 설치 차량; 전투, 공격, 전술상황을 위해 특별히 디자인 되지 않은 차량; 여객자동차(군급 2310)","Excludes: Track Mounted Vehicles; Vehicles not specifically designed for combat, assault, tactical situations; Passenger Motor Vehicles (FSC 2310)"
"2360","A","무인 지상 차량","Unmanned Ground Vehicles","","NOTE: This class includes only complete unmanned ground vehicles and chassis. Any end items, assemblies, parts, attachments, or accessories, other than complete chassis, for use in or on such vehicles, are classified in classes other than 2360.","","Includes: Tracked and wheeled unmanned ground vehicles with or without amphibian capabilities; other unmanned systems propelled by other means that operate on the ground; applique systems installed on conventional manned vehicles which enables them to be operated remotely or autonomously.","","Excludes: Aerial systems and watercraft"
"2400","A","트랙터","Tractors","이 군급은 완전한 트랙터 및 트랙터 섀시만을 포함한다. 조립체, 보조조립체, 부분품, 부속품, 부수품은 이 군급에서 제외한다","Note-This group includes only complete tractors and tractor chassis. Assemblies, subassemblies, parts, attachments or accessories are excluded from this group.","","","",""
"2410","A","저속 무한궤도 트랙터","Tractor, Full Tracked, Low Speed","이 군급은 완전한 저속 무한궤도 트랙터 및 섀시만을 포함한다. 저속 무한궤도 트랙터에 사용되는 완전한 섀시 이외의 완제품, 조립체, 부분품, 부속품 또는 부수품은 이 군급 이외의 군급에 분류한다","Note-This class includes only complete low speed, full track tractors, and chassis. Any end items, assemblies, parts, attachments, or accessories, other than complete chassis, for use in or on low speed, full track tractors, are classified in classes other than this class.","","","고속 트랙터(군급 2430 ""고속 무한궤도 트랙터""); 장갑 도저-스크레이퍼 복합 트랙터(군급 2350""궤도식 전투, 공격 및 전술용 차량"")","Excludes High Speed Tractors (FSC 2430); Armored Dozer-Scrapper Combination Tractors (FSC 2350)."
"2420","A","바퀴식 트랙터","Tractors, Wheeled","이 군급은 완전한 바퀴식 트랙터 및 섀시만을 포함한다. 바퀴식 트랙터에 사용되는 완전한 섀시 이외의 완제품, 조립체, 부분품, 부속품 또는 부수품은 이 군급 이외의 다른 군급에 분류한다","Note-This class includes only complete wheeled tractors, and chassis. Any end items, assemblies, parts, attachments, or accessories, other than complete chassis, for use in or on wheeled tractors, are classified in classes other than this class.","농업용 트랙터; 고속 트랙터; 산업용 트랙터","Includes Agricultural Tractors; High Speed Tractors; Industrial Tractors.","항공기 견인 트랙터 및 불시착 항공기 이동 트랙터(군급 1740""비행장용  특수 트럭 및 트레일러""); 항공기 견인 파워 정비 트랙터(군급 1730""항공기 지상지원장비""); 창고용 트랙터(군급 3930""자주식 창고용 트럭 및 트레일러"")","Excludes Aircraft Towing Tractors and Crashed Aircraft Moving Tractors (FSC 1740); Aircraft Towing-Power Servicing Tractors (FSC 1730); Warehouse Tractors (FSC 3930)."
"2430","A","고속 무한궤도 트랙터","Tractors, Full Tracked, High Speed","이 군급은 완전한 고속 궤도가 장착된 트랙터 및 섀시만을 포함한다. 고속 궤도가 장착된 트랙터에 사용되는 완전한 섀시 이외의 완제품, 조립체, 부분품, 부속품 또는 부수품은 이 군급 이외의 다른 군급에 분류한다","Note-This class includes only complete high speed track laying tractors, and chassis. Any end items, assemblies, parts, attachments, or accessories, other than complete chassis, for use in or on high speed track laying tractors, are classified in classes other than this class.","","","저속 트랙터(군급 2410""저속 무한궤도 트랙터""); 장갑 도저-스크레이퍼 복합 트랙터(군급 2350""궤도식 전투, 공격 및 전술용 차량"")","Excludes Low Speed Tractor (FSC 2410); Armored Dozer-Scraper Combination Tractors (FSC 2350)."
"2500","A","차량장비 구성품","Vehicular Equipment Components","그룹 25 ""차량장비 구성품""에 한정된 ""차량"" 이라는 용어는 그룹 23 ""지면효과 차량, 자동차, 트레일러 및 사이클"" 및 그룹 24 ""트랙터""에 포함된 차량 및 트랙터에, 그룹 38 ""건설, 채광, 굴착 및 도로보수장비""에 포함되는 건설차량, 그룹 39 ""물자취급장비""에 포함되는 창고용 트럭, 트랙터 및 트레일러에 한정되며, 철도차량(그룹 22), 항공기(그룹 22 ""항공기 및 항공기 기체구성품"" 및 선박(그룹 19 ""함선, 소형선, 폰툰, 부선거""에는 적용되지 않는다. 위에 한정된 범위내의 ""차량"" 구성품으로서 보급품은 이 그룹에서 한정하는 차량 이외의  차량에 부가적으로 사용할 수 있는 것이라도 이 그룹에 분류한다","Note-The term ""vehicular"" as delimited for group 25, is applicable to those vehicles and tractors included in groups 23 and 24, construction vehicles included in group 38, and warehouse trucks, tractors, and trailers included in group 39. It does not apply to railway vehicles (group 22), aircraft (group 15), or watercraft (group 19). An item of supply which is a ""vehicular"" component, within the scope delimited above, is classified in this group regardless of whether it has additional applications on vehicles outside the delimitations for this group.","","","",""
"2510","A","차량용캡,보디 및 프레임 구조 구성품","Vehicular Cab, Body, and Frame Structural Components","","","잎모양 차량 스프링; 서스펜션형 완충장치","Includes Leaf Type Vehicular Springs; Suspension Type Shock Absorbers.","차량용 철물(그룹 53 ""철물 및 연마제""); 특수 차량 비품(군급 2540 ""차량용 비품 및 부수품"")","Excludes Vehicular Hardware (FSG 53); Specialized Vehicular Furniture (FSC 2540)."
"2520","A","차량 동력전달 구성품","Vehicular Power Transmission Components","","","트랜스퍼 트랜스미션 조립체; 클러치 조립체; 유니버셜조인트; 프로펠러 샤프트; 자동차 토크 컨버터; 파워 테이크오프 [註] ⓐ토크 컨버터:토크를 변환하여 동력을 전달하는 장치로서 자동차에 응용하면 변속기어가 필요없게 되며 시동시의 회전력도 크다 ⓑ파워 테이크오프:롤 피드, 트랜스퍼 유닛, 그리퍼 피드, 푸셔 피드 등 프레스 이송장치의 구동원으로서 프레스의 동력을 이용하는 경우에 그 동력을 꺼내기 위한 출력축을 말한다","Includes Transfer Transmission Assemblies; Clutch Assemblies; Universal Joints; Propeller Shafts; Automotive Torque Converters; Power Takeoffs.","",""
"2530","A","차량용 브레이크,스티어링,액슬,휠 및 트랙 구성품","Vehicular Brake, Steering, Axle, Wheel, and Track Components","","","포탑 브레이크; 탱크 포탑 클러치 브레이크","Includes Turrent Brakes; Clutch Brakes, Tank Turret.","",""
"2540","A","차량용 비품 및 부속품","Vehicular Furniture and Accessories","","","자동차의 좌석커버; 완충기; 범퍼; 자동차 앞의 유리닦개; 범퍼 가드; 백미러 및 사이드미러; 차량 히터","Includes Automobile Seat Covers; Shock Absorbers; Bumpers; Windshield Wipers; Bumper Guards; Mirrors, Rear View and Side View; Vehicle Heaters.","속도계(군급 6680""액체 및 기체의 흐름, 액체의 수준 및 기계적 운동을 측정하는 기구""), 서스펜션형 완충장치(군급 2510""차량용 캡, 보디 및 프레임 구조 구성품"")","Excludes Speedometers (FSC 6680); Suspension Type Shock Absorbers (FSC 2510)."
"2541","A","무기체계 특수차량 부속품","Weapons Systems Specific Vehicular Accessories","","","탱크, 병력 수송차, 이동형 곡사포류와 같은 무기체계형 차량의 개조 및 수선에 사용되는 부수품 키트 및 박스, 부분품 키트 및 개별 구성품","Includes: Accessory Kits and Boxes, Parts Kits, and individual components used in the repair and/or modification of Weapons System type Vehicles such as Tanks, Personnel Carriers, Mobile Howitzers, and the like.","상용차량의 개조 및/또는 수리에 사용되는 품목(군급 2540""차량용 비품 및 부수품""), 차량형 전등 설비(군급 6220""차량 전등 및 설비"") 및 전자스위치, 부분품 키트 및 개조키트(군 59""전기 및 전자장비 구성품"")","Excludes: Items used in the repair and/or modifications of Commercial Type Vehicles (FSC 2540), vehicular type light fixtures (FSC 6220), and electronic switches, parts kits, and modification kits (FSG 59)."
"2590","A","기타 차량 구성품","Miscellaneous Vehicular Components","","","탱크, 자주무기 및 고속 트랙터용 부속품 및 트랙터에 장착하도록 특별히 설계된 에이자형 틀 및 윈치, 구난차용 크레인 및 크레인 붐","Includes Attachments for Tanks, Self-propelled Weapons, and High Speed Tractors; A-frames and Winches specifically designed for truck mounting; Cranes and Crane Booms for Wrecker Trucks.","",""
"2600","A","타이어 및 튜브","Tires and Tubes","","","","","",""
"2610","A","비항공기용 공기 타이어 및  튜브","Tires and Tubes, Pneumatic, Except Aircraft","","","","","항공기용 공기타이어 및 튜브","Excludes Aircraft Pneumatic Tires and Tubes."
"2620","A","항공기용 공기 타이어 및 튜브","Tires and Tubes, Pneumatic, Aircraft","","","","","",""
"2630","A","쿠션 및 통타이어 [註] ⓐ쿠션타이어:고무조각을 넣은 자전거 타이어 ⓑ통타이어:공기가 들어있지 않으며 고무만의 탄력을 이용하는 타이어","Tires, Solid and Cushion","","","고무궤도부설 바퀴차축","Includes Rubber Track Laying Treads.",".",""
"2640","A","타이어 재생 및 타이어·튜브 수리기재","Tire Rebuilding and Tire and Tube Repair Materials","","","바퀴차축고무; 저온첩포; 마찰코드 직물; 가황첩포; 덧받침대; 급속가황고무; 타이어 및 튜브수리키트; 재생고무; 밸브; 밸브 코어","Includes Tread Gum; Cold Patches; Friction Cord Fabric; Vulcanizing Patches; Padding Stock; Quick-Cure Gum; Tire and Tube Repair Kits; Camelback; Valves; Valve Cores.","가황기계장치 및 장비","Excludes Vulcanizing Machinery and Equipment."
"2800","A","엔진,터빈 및 구성품","Engines, Turbines, and Components","","",".","",".",""
"2805","A","비항공기용 가솔린 왕복엔진 및 구성품","Gasoline Reciprocating Engines, Except Aircraft; and Components","","","가스 왕복기관; 항공기 원동기를 제외한 모든 가솔린 왕복기관","Includes Gas Reciprocating Engines; All Gasoline Reciprocating Engines except Aircraft Prime Moving.","엔진 부수품(군급 2990""비항공기용 기타 엔진 부수품"")","Excludes Engine Accessories (FSC 2990)."
"2810","A","항공기용 가솔린 왕복엔진 및 구성품","Gasoline Reciprocating Engines, Aircraft Prime Mover; and Components","이 군급에 분류되는 엔진 및 구성품은 항공기 원동기용으로 특수하게 설계되어야 한다. 보조엔진 및 그 구성품은 군 28 ""엔진, 터빈 및 구성품""의 적절한 군급에 분류될 것이다","Note-Engines and components classified in this FSC must be desinged specifically for use as/on an aircraft prime mover. Auxiliary engines and their components will be classified in the appropriate FSC elsewhere in FSG 28.","완전한 엔진조립체; 피스톤 링; 실린더; 피스톤; 캠 축; 크랭크축 [주] ⓐ피스톤 링:피스톤 홈에 끼워져 피스톤과 실린더 내벽 사이의 기밀(氣密)을 유지하고 또 실린더 벽의 윤활유를 긁어내려 윤활유가 연소실로 들어가지 않도록 피스톤 바깥둘레의 홈에 끼우는 한쌍의 링 ⓑ캠 축:캠을 고정하는 축 ⓒ크랭크축:왕복운동을 회전운동으로 바꾸는 장치로서 크랭크, 크랭크 암, 크랭크 핀으로 구성된다","Includes Complete Engine Assemblies; Piston Rings; Cylinders; Pistons; Camshafts; Crankshafts.","연료계통 구성품(기화기, 기화기 플로트, 연료펌프, 연료 조절장치, 연료밸브) (군급 2915 ""항공기 및 미사일 원동기 엔진 연료계통 구성품""), 전기계통 구성품(점화플러그 어댑터, 점화 배분기, 점화코일, 전기 스타터) (군급 2925 ""항공기용 엔진 전기계통 구성품""), 엔진 냉각계통 구성품(엔진오일 냉각장치, 냉각용 방열기) (군급 2935 ""항공기용 엔진 냉각계통 구성품""), 엔진 에어/오일 클리너/ 필터/ 여과기 (군급 2945 ""항공기 엔진용 에어 및 오일필터, 클리너""), 기타 엔진 부수품(공기 스타터, 발동기 커버판, 제어장치 조립체) (군급 2995 ""기타 항공기용 엔진 부수품"")","Excludes Fuel System Components (Carburetors; Carburetor Floats; Fuel Pumps; Fuel Controls; Fuel Valves) (FSC 2915); Electrical System Components (Spark Plug Adapters; Ignition Distributors; Ignition Coils, Electrical Starters) (FSC 2925); Engine Cooling System Components (Engine Oil Coolers; Cooling Radiators) (FSC 2935); Engine Air/Oil Cleaners/Filters/Strainers (FSC 2945); Miscellaneous Engine Accessories (Pneumatic Starters, Cowling Mounts, Control Assemblies) (FSC 2995)."
"2815","A","디젤엔진 및 구성품","Diesel Engines and Components","","","자동차, 산업, 선박, 기관차 및 각종 디젤 및 반-디젤엔진","Includes Automotive, Industrial, Marine, Locomotive, and all other types of Diesel and Semi-Diesel Engines.","엔진 부수품(군급 2990""비항공기용 기타 엔진 부수품"")","Excludes Engines Accessories (FSC 2990)."
"2820","A","왕복식 증기엔진 및 구성품","Steam Engines, Reciprocating; and Components","","","","","",""
"2825","A","증기터빈 및 구성품","Steam Turbines and Components","","","수은 증기 터빈","Includes Mercury Vapor Turbines.","",""
"2830","A","수력터빈,수차(水車) 및 구성품","Water Turbines and Water Wheels; and Components","","","","","",""
"2835","A","비항공기 원동기·항공기 비원동기용 가스터빈,제트엔진 및 구성품","Gas Turbines and Jet Engines; Non-Aircraft Prime Mover, Aircraft Non-Prime Mover, and Components","이 군급에 분류되는 엔진 및 구성품은 주로 비항공기 원동기(예를들면 해군함용), 항공기 비원동기(예를들면 기체에 장착된 보조전원장치) 및 항공기 지상지원장비(예를들면 스타트 카트)에 우선적으로 사용한다","Note-Engines and Components classified in this FSC are primarily for use on non-aircraft prime mover (e.g., Naval ship applications), aircraft non-prime mover (e.g., airframe mounted auxiliary power units), and for aircraft ground support equipment (e.g., start carts).","기류 디플렉터; 연소실, 컴프레서, 터빈, 부수적 기어박스 및 그 구성품","Includes Airflow Deflectors; Combustion Chambers, Compressors, Turbines, Accessory Gear Boxes and their Components.","항공기 원동기 가스터빈 및 제트엔진용 구성품(군급 2840); 엔진 연료계통(군급 2910 ""비항공기용 엔진 연료계통 구성품""), 엔진 전기계통(군급 2920 ""비항공기용 엔진 전기계통 구성품""), 엔진 냉각계통(군급 2930 ""비항공기용 엔진 냉각계통 구성품""), 엔진 에어/오일 클리너/필터/여과기(군급 2940 ""비항공기용 공기 및 오일필터, 여과기, 클리너""), 엔진 부수품(에어덕트 히터, 엔진에 장착된 제어장치 조립체) (군급 2990 ""비항공기용 기타 엔진 부수품"")","Excludes Components for Gas Turbines and Jet Engines, Aircraft Prime Mover (FSC 2840); Engine Fuel Systems (FSC 2910); Engine Electrical Systems (FSC 2920); Engine Cooling Systems (FSC 2930); Engine Air/Oil Cleaners/Filters/Strainers (FSC 2940); Engine Accessories (Air Duct Heaters, Engine Mounted Control Assemblies) (FSC 2990)."
"2840","A","항공기 원동기용 가스터빈,제트엔진 및 구성품","Gas Turbines and Jet Engines, Aircraft, Prime Moving; and Components","이 군급에 분류된 엔진 및 구성품은  항공기 또는(및) 유도탄 원동기용으로 사용한다","Note-Engines and Components classified in this FSC are intended for use as/on aircraft and/or guided missile prime movers.","컴프레서 및 터빈 로터; 블레이드; 연소실; 부수적 기어박스; 후방 연소기; 배기콘; 유압유 저장통; 오일탱크 [註] ⓐ후방 연소기:제트엔진의 터빈 후방에 설치된 재연소 장치","Includes Compressor and Turbine Rotors; Blades; Combustion Chamber; Accessory Gear Box; Afterburner; Exhaust Cone; Reservoirs, Hydraulic; Tank, Oil.","가스터빈 및 제트엔진용으로 특수설계된 오일, 공기, 방빙 및 유압 조절기, 밸브 및 펌프(군급 2995 ""기타 항공기용 엔진 부수품""), 밀고 당김식 제어장치 조립체(군급 2995), 엔진에 장착된 제어장치 조립체(군급 2995), 연료계통 구성품(군급 2915""항공기용 엔진의 연료계통 구성품""), 엔진 전기계통 구성품(군급 2925 ""항공기용 엔진의 전기계통 구성품""), 엔진 냉각계통 구성품(군급 2935 ""항공기 엔진의 냉각계통 구성품""), 엔진 공기/오일 클리너/필터/여과기(군급 2945 ""항공기 엔진용 공기 및 오일필터, 클리너"")","Excludes Oil, Air, Anti-icing, and Hydraulic Regulators, Valves, and Pumps specially designed for Gas Turbines and Jet Engines (FSC 2995); Control Assemblies, Push-Pull (FSC 2995); Engine Mounted Control Assemblies (FSC 2995); Fuel System Components (FSC 2915); Engine Electrical System Components (FSC 2925); Engine Cooling System Components (FSC 2935); Engine Air/Oil Cleaner/Filter/Strainers (FSC 2945)."
"2845","A","로켓엔진 및 구성품","Rocket Engines and Components","","","항공기, 로켓 및 유도탄에 사용되는 제트 이륙 보조로켓를 포함하는 액체형 로켓 원동기; 통합체로서 유도탄 추진장치속에 삽입하도록 고안된, 소모성 용기에 포장된 액체 추진체","Includes Rocket Prime Movers, Liquid Type, including Liquid Jet Assisted Take Off (JATO) Units, for use in aircraft, rockets, and guided missiles; Liquid Propellants encased in consumable containers, intended for insertion into missile propulsion systems as integral parts.","로켓모터-고체추진장치(군급 1337 ""유도탄 및 우주비행체 고체연료 추진장치 및 구성품""); 사전에 질과 양이 결정되고 재사용 가능한 용기에 포장된 액체 추진체; 고체연료 폭관 및 용기; 액체추진장치속에 삽입 또는 비삽입용으로 고안된 고체추진체 폭관 및 용기(군급 1337)","Excludes Rocket Motors - Solid Propellant Units (FSC 1337); Liquid Propellants predetermined to specific quantity and quality, but packaged in reusable containers; Solid Propellant Squibs and Cartridges, whether intended for insertion into Liquid Propellent Systems or not (FSC 1337)."
"2850","A","가솔린 로터리 엔진 및 구성품","Gasoline Rotary Engines and Components","","","","","",""
"2895","A","기타 엔진 및 구성품","Miscellaneous Engines and Components","","","풍력 및 압축공기 엔진","Includes Wind and Compressed Air Engines.","",""
"2900","A","엔진 부속품","Engine Accessories","특별히 제외하지 않는한 모든 차량 즉, 항공기, 자동차, 선박, 트랙터 및 건설차량 등의 엔진 부수품 뿐만 아니라 정치 기관(定置機關) 부수품은 이 그룹에 분류한다  [註]  ⓐ정치 기관:일정한 장소에 고정적으로 설치해 놓고 사용하는 증기 기관이나 내연 기관","Note-Unless specifically excluded, engine accessories for all vehicles, such as aircraft, motor vehicles, ships, tractors, and construction vehicles, as well as accessories for stationary engines, are classified in this Group.","","","",""
"2910","A","비항공기용 엔진 연료계통 구성품","Engine Fuel System Components, Nonaircraft","","","기화기; 연료펌프; 엔진 연료필터; 연료탱크; 항공기 및 유도탄 원동기를 제외한 모든 엔진용 구성품","Includes Carburetors; Fuel Pumps; Engine Fuel Filters; Fuel Tanks; Components for all engines except Aircraft and Guided Missile Prime Moving.","",""
"2915","A","항공기 및 미사일 원동기 엔진 연료계통 구성품","Engine Fuel System Components, Aircraft and Missile Prime Movers","추진 연료계통, 항공기, 유도탄용으로 특수설계된 연료구성품은 이 군급에 분류한다","Note-Fuel components specially designed for propulsion fuel systems, aircraft and missiles are to be placed in this FSC.","기화기; 연료펌프; 엔진 연료필터; 제트엔진용 연료 조절장치; 연료 프라이머; 물분사 조절장치 및 밸브; 연료밸브 연료 흐름 조절장치; 연기 감소장치 구성품 [註] ⓐ연료 프라이머:실린더에 연료를 직접 분사해주는 장치 ⓑ물분사:엔진이 최대 동력을 발생할 때 왕복엔진 흡입계통에 물과 알코올의 혼합물을 분사시키는 장치","Includes Carburetors; Fuel Pumps; Engine Fuel Filters; Fuel Controls, Jet Engine; Fuel Primers; Water Injection Controls and Valves; Fuel Valves Fuel Flow Regulators; Components of Smoke Abatement Systems.","항공기 연료탱크(군급 1560 ""항공기 기체 구성품""); 비행중 재급유 계통 연료 구성품(군급 1680 ""기타 항공기 부수품 및 구성품""); 항공기 엔진 또는 미사일 원동기용으로 특수설계되지 않은 연료 계통 구성품","Excludes Aircraft Fuel Tanks (FSC 1560); In-flight Refueling System Fuel Components (FSC 1680). Fuel System Components not specifically designed for use with Aircraft Engines or Missile Prime-movers."
"2920","A","비항공기용 엔진 전기계통 구성품","Engine Electrical System Components, Nonaircraft","","","발전기; 마그네토; 스파크 플러그; 점화 코일; 점화 배전기; 엔진 전압 조절장치; 점화 하네스 조립체; 엔진용 스타팅 모터 [註] ⓐ마그네토:왕복식 엔진의 실린더 내에서 혼합연료를 점화시키기 위해서 불꽃을 발생하는데 사용되는 고압 전기 에너지원 ⓑ점화 하네스:마그네토에서 나오는 고전압을 엔진의 스파크 플러그로 운반하는 데 사용되는 케이블","Includes Generators; Magnetos; Spark Plugs; Ignition Coils; Ignition Distributors; Engine Voltage Regulators; Ignition Harness Assemblies; Starting Motors for Engines.","차량의 조명 설비(군급 6220 ""차량 전등 및 설비"") 및 항공기 발전기(군급 2925 ""항공기용 엔진 전기계통 구성품"")","Excludes Vehicular Lighting Fixtures (FSC 6220) and Aircraft Generators (FSC 2925)."
"2925","A","항공기용 엔진 전기계통 구성품","Engine Electrical System Components, Aircraft Prime Moving","항공기 및 유도탄 원동기용으로 특수설계된 품목은 이 군급에 분류한다","Note-Items designed for specific use on aircraft and guided missile prime movers are to be placed in this FSC.","마그네토; 점화기(스파크 플러그); 점화 코일; 점화 배전기; 엔진 전압 조절장치; 점화 하네스 조립체; 엔진용 스타팅 모터; 엔진 부수(附隨) 발전기","Includes Magnetos; Igniters (Spark Plugs); Ignition Coils; Ignition Distributors; Engine Voltage Regulators; Ignition Harness Assemblies; Starting Motors for Engines; Engine Accessory Generators.","항공기 조명 설비(군급 6220 ""차량 전등 및 설비""); 보조 항공기 발전기(군급 6115 ""전기 발전기 및 발전기 세트"")","Excludes Aircraft Lighting Fixtures (FSC 6220); Auxiliary Aircraft Generators (FSC 6115)."
"2930","A","비항공기용 엔진 냉각계통 구성품","Engine Cooling System Components, Nonaircraft","","","냉각팬; 방열기; 물 펌프; 물 호스 조립체; 엔진 냉각액 필터; 항공기 및 유도탄 원동기를 제외한 모든 엔진 구성품","Includes Cooling Fans; Radiators; Water Pumps; Water Hose Assemblies; Engine Coolant Filters; Components for all Engines except Aircraft and Guided Missile Prime Moving.","",""
"2935","A","항공기 원동기 엔진계통 냉각 구성품","Engine System Cooling Components, Aircraft Prime Moving","이 군급은 항공기 및/또는 유도탄 원동기 전용(專用) 냉각계통 구성품만을 포함한다","Note-This class includes only cooling system components for aircraft and/or guided missile prime movers only.","방열기; 냉각계통 펌프; 물 호스 조립체; 윤활 오일 냉각기 및 조절 밸브; 오일 온도 조절기","Includes Radiators; Cooling System Pumps; Water Hose Assemblies; Lubricating Oil Coolers and Control Valves; Oil Temperature Regulators.","항공기 엔진용으로 특수설계되지 않은 냉각계통 구성품 ","Excludes Cooling System Components not specifically designed for use with Aircraft Engines."
"2940","A","비항공기용 엔진 에어 및 오일필터,여과기,클리너","Engine Air and Oil Filters, Strainers, and Cleaners, Nonaircraft","","","항공기 및 유도탄 원동기를 제외한 모든 엔진 구성품","Includes Components for all Engines except Aircraft and Guided Missile Prime Moving.","엔진용으로 특수설계되지 않은 에어 및 오일필터(군급 4310 ""컴프레서 및 진공펌프"", 4330 ""원심분리기 및 압력 및 진공펌프""), 여과기(군급 4730 ""호스, 파이프, 튜브, 윤활 및 레일 부착물""), 클리너(군급 4310)","Excludes Air and Oil Filters (FSC 4310, 4330), Strainers (FSC 4730) and Cleaners (FSC 4310) not specifically designed for use with engines."
"2945","A","항공기 원동기용 엔진 에어 및 오일필터,클리너","Engine Air and Oil Filters, Cleaners, Aircraft Prime Moving","이 군급에 분류되는 품목은 항공기 또는 유도탄 원동기 전용(專用)으로 설계된 것이어야 한다","Note-Items placed in this FSC should be specifically designed for use on aircraft or guided missile prime movers only.","에어 필터; 오일 필터; 여과기; 클리너","Includes Air Filters; Oil Filters; Strainers; Cleaners.","연료 필터(군급 2915 ""항공기 및 미사일 원동기 엔진 연료계통 구성품""); 엔진 이외 용도로 설계된 품목","Excludes Fuel Filters (FSC 2915); Items designed for other than Engines."
"2950","A","원심 과급기 및 구성품","Turbosupercharger and Components","다른 곳에 분류할 수 없는 모든 원심 과급기 및 그 구성품은 이 군급에 분류한다","Note-All turbosuperchargers and their components not elsewhere classifiable will be classified in this FSC.","원심 과급 조절기; 엔진 원심 과급기 [註] ⓐ원심 과급기:원심 압축기를 사용, 내연기관의 충전효율을 증가시킬 목적으로 흡기(吸氣)를 압송하는 장치","Includes Turbosupercharged Regulators; Engine Turbosuperchargers.","엔진 통합형 과급기(그룹 28 ""엔진, 터빈 및 구성품"")","Excludes Engine Integrated Superchargers (FSG 28)."
"2990","A","비항공기용 기타 엔진 부속품","Miscellaneous Engine Accessories, Nonaircraft","","","엔진 다이나포컬 서스펜션 마운트; 엔진 구동 과급기(엔진 비통합형); 스타터 크랭크; 엔진 스타터 로프; 배기 머플러; 수동 스타터; 에어 덕트 히터; 엔진 조속기(調速機); 흡입 머플러; 연소형 스타터; 항공기 및 유도탄 원동기를 제외한 모든 기타 엔진 부수품 [註] ⓐ조속기:원심작용이나 스프링 하중을 이용하여 원동기의 회전수를 하중의 여하에 관계없이 언제나 일정하게 유지하도록 하는 기기","Includes Engine Dynafocal Suspension Mounts; Engine Driven Superchargers (not integrated with engine); Starter Cranks; Engine Starter Ropes; Exhaust Mufflers; Hand Inertia Starters; Air Duct Heaters; Engine Governors; Intake Mufflers; Combustion Type Starters; Miscellaneous Accessories for all Engines except Aircraft and Guided Missile Prime Moving.","비항공기용 전기 스타터(군급 2920 ""비항공기용 엔진 전기계통 구성품""); 항공기용 전기 스타터(군급 2925 ""항공기용 엔진 전기계통 구성품"")","Excludes Electrical Starters Non-Aircraft (FSC 2920); Aircraft (FSC 2925)."
"2995","A","항공기용 기타 엔진 부속품","Miscellaneous Engine Accessories, Aircraft","이 군급에 분류되는 품목은 항공기 또는 유도탄 원동기 전용(專用)으로 특수설계된 것이어야 한다","Note-Items classified in this class must be specifically designed for use with aircraft or quided missile primemovers only.","엔진 다이나포컬 서스펜션 마운트; 엔진 카울링 마운트; 엔진 장착 컨트롤 조립체; 유압 시동기; 푸시 풀 컨트롤 조립체; 특수설계된 제트엔진 오일, 제빙 및 유압조절기; 밸브 및 펌프; 시동 장치","Includes Engine Dynafocal Suspension Mounts; Engine Cowling Mounts; Engine Mounted Control Assemblies; Pneumatic Starters; Push-Pull Control Assemblies;Specially designed Jet Engine Air, Oil, Anti-icing and Hydraulic Regulators; Valves and Pumps; Starting Units.","배기 계통(군급 1560 ""항공기 기체 구성품""); 제트엔진 유압 저장통(군급 2840 ""항공기 원동기용 가스터빈, 제트엔진 및 구성품""); 제트엔진 오일 탱크(군급 2840); 전기 스타터(군급 2925 ""항공기용 엔진 전기계통 구성품""); 조종실에 장착된 콘트롤 쿼드런트(군급 1680 ""기타 항공기 부수품 및 구성품""); 항공기 엔진 커버(군급 1730 ""항공기 지상지원장비"")","Excludes Exhaust System; (FSC 1560); Jet Engine Hydraulic Reservoirs (FSC 2840); Jet Engine Oil Tanks (FSC 2840); Electrical Starters (FSC 2925); Cockpit Mounted Control Quadrants (FSC 1680); Aircraft Engine Covers (FSC 1730)."
"3000","A","기계적 동력 전달 장치","Mechanical Power Transmission Equipment","","","","","",""
"3010","A","토크 컨버터 및 변속기","Torque Converters and Speed Changers","","","유체 커플링; 비차량용 클러치 및 커플링; 수평 직각 구동기어장치","Includes Fluid Couplings; Nonvehicular Clutches and Couplings; Horizontal Right Angle Drive Gear Units.","자동차용 토크 컨버터(군급 2520 ""차량 동력 전달장치""); 차량용 동력전달장치 구성품(군급 2520); 회전익 항공기용 트랜스미션 기어 장치(군급 1615 ""헬리콥터 회전날개, 구동장치 및 구성품"") [註] ⓐ토크 컨버터:토크(물체를 그 회전축 주위로 회전시키는 회전력)를 변환하여 동력을 전달하는 장치","Excludes Automotive Torque Converters (FSC 2520); Vehicular Power Transmission Components (FSC 2520); Rotary Aircraft Transmission Gear Units (FSC 1615)."
"3020","A","기어,풀리,스프로킷 및 전동 체인 [註] ⓐ풀리:로프를 걸어 돌리게 만든 바퀴ⓑ스프로킷:체인을 걸어서 전동하는 톱니 또는 발톱이 달린 바퀴","Gears, Pulleys, Sprockets, and Transmission Chain","","","동력 전달체인; 매치드 기어 세트","Includes Power Transmission Chain; Matched Gear Sets.","감속 기어(군급 3010 ""회전력 변환장치 및 변속기"")","Excludes Reduction Gears (FSC 3010)."
"3030","A","벨트 전동 장치,구동 벨트,팬 벨트 및 부속품 [註] ⓐ구동 벨트:회전을 전달하기 위한 벨트로서 형상에 따라 V 벨트,둥근 벨트,타이밍 벨트,코그 벨트로 대별된다","Belting, Drive Belts, Fan Belts, and Accessories","","","벨트 레이싱; 벨트 핀 [註] ⓐ벨트 레이싱:벨트를 이을 때의 발톱이 있는 이음쇠","Includes Belt Lacings; Belt Pins.","",""
"3040","A","기타 동력전달장치","Miscellaneous Power Transmission Equipment","","","축 및 축계(軸系); 칼라; 기어 샤프트; 볼 조인트; 작동 실린더 [註] ⓐ축계:계통적으로 연결된 여러개의 축의 연결 ⓑ칼라:주로 축이나 관 등에 끼워져 있는 연강제의 테 또는 고리","Includes Shafts and Shafting; Collars; Gearshafts; Ball Joints; Actuating Cylinders.","",""
"3100","A","베어링","Bearings","특수설계된, 윤활된, 정선된 것을 포함하여 모든 베어링은 이 그룹의 적절한 군급에 분류되어야 한다. 베어링은 그 위 또는 안을 회전하는, 미끄러지는, 진동하는 다른 부품을 지지하는 부품을 말한다","Note-All bearings, including specially designed, lubricated, and/or selected, are to be classified in the appropriate classes of this group. Bearings are parts that supports another part which rotates, slides, or oscillates in or on it.","","","",""
"3110","A","비설치형 구름 베어링","Bearings, Antifriction, Unmounted","이 군급은 회전 또는 움직이는 기계의 안/위/주위의 마찰을 감소시키기 위해 내부 및 외부 링 사이에 롤러 또는 볼을 포함하고 있는 베어링을 포함한다","Note-This class includes bearings that generally have roller or balls confined by an inner and outer ring to relieve friction in/on/around rotating/moving mechanisms.","볼 베어링; 롤러 베어링; 볼; 레이스 [註] ⓐ레이스:레이디얼 볼 베어링 또는 롤러 베어링에 있어서 볼이나 롤을 끼워서 전동하는 바퀴","Includes Ball Bearings; Roller Bearings; Balls; Races.","미끄럼 베어링(군급 3120 ""비설치형 플레인 베어링""), 보석 베어링(군급 3120)","Excludes Plain Bearings (FSC 3120); Jewel Bearings (FSC 3120)"
"3120","A","비설치형 미끄럼 베어링","Bearings, Plain, Unmounted","이군급의 베어링은 일반적으로 움직이는 또는 회전하는 부품의 위치를 정하거나 유지시키는 하나의 일부분이다. 베어링은 윤활 홈/부속품/설비를 갖추거나 미리 윤활제를 포함할 수 있다","Note-Bearings in this class are generally one piece that retain and position moving and/or rotating parts. They may have lubrication grooves/fittings/facilities or include pre-lubrication.","슬리브 베어링; 분할 베어링; 와셔형 베어링; 보석 베어링","Includes Sleeve Bearings; Split Bearings; Washer Type Bearings; Jewel Bearings.","구름 베어링(군급 3110 ""비설치형 구름 베어링""); 설치형 베어링(군급 3130)","Excludes Antifriction Bearings (FSC 3110); Mounted Bearings (FSC 3130)."
"3130","A","설치형 베어링","Bearings, Mounted","이 군급은 회전 또는 움직이는 기계의 안/위/주위의 마찰을 감소시키기 위해 내부 및 외부 링에 의해 한정된 롤러 또는 볼을 가진 베어링을 포함한다","Note-This class includes bearings that generally have roller or balls confined by an inner and outer ring to relieve friction in/on/around rotating/moving mechanisms.","필로형 베어링 장치; 카트리지 장치; 플랜지 장치; 테이크 업 장치; 행거 박스 장치; 플랫 박스 장치; 스텝 박스 장치 [註] ⓐ테이크 업 장치:인장(引張)장치를 말하며, 벨트나 체인 등에 장력을 주는 장치를 말한다","Includes Pillow Block Units; Cartridge Units; Flange Units; Takeup Units; Hanger Box Units; Flat Box Units; Step Box Units.","구름 베어링(군급 3110 ""비설치형 구름 베어링""), 비설치형 미끄럼 베어링(군급 3120)","Excludes Antifriction Bearings (FSC 3110); Plain Unmounted Bearings (FSC 3120)."
"3200","A","목공기계 및 장비","Woodworking Machinery and Equipment","","","","","",""
"3210","A","기계톱 및 기계대패","Sawmill and Planing Mill Machinery","","","","","",""
"3220","A","목공기계","Woodworking Machines","","","장부구멍 만드는 기계; 장부를 만드는 기계; 합판 선반 [註] ⓐ장부구멍:주로 각재(角材)를 접합하기 위해 부재(部材)의 자른 면에 만든 네모진 돌기를 장부, 그리고 꽂아 넣는 구멍을 장부구멍이라 한다","Includes Mortisers; Tenoners; Veneer Lathes.","손에 붙들고 작동하는 동력공구; 플렉시블 샤프트에 의해 작동되는 손에 붙들고 작동하는공구 [註] ⓐ플렉시블 샤프트:전동축(傳動軸)에 가요성을 지니게 한것. 가는 철사를 코일 모양으로 여러겹 감은 것으로, 작은 동력을 전달하는데 사용","Excludes Hand Held Power Driven Tools; Hand Held Tools Operated by Flexible Shaft."
"3230","A","목재 가공 기계용 공구 및 부속장치","Tools and Attachments for Woodworking Machinery","","","원형 및 띠모양의 톱날; 커터 헤드; 조인터 및 노처 헤드; 절단기 [註] ⓐ커터 헤드:기어 셰이퍼의 커터를 붙여서 절삭 운동을 전하는 대(臺)","Includes Circular and Band Saw Blades; Cutter Heads; Jointer and Notcher Heads; Cutters.","(못, 핀 따위의) 대가리 돌리는 공구","Excludes Head Turning Tools."
"3300","A","역사적 FSG","Historical FSG","","Note-FSG reinstated for file maintenance purposes only. No new items may be added to this FSG.","","","",""
"3365","A","역사적 FSC","Historical FSC","","Note-This FSC reinstated for file maintenance purposes only. No new items may be added to this FSC.","","","",""
"3375","A","역사적 FSC","Historical FSC","","Note-This FSC reinstated for file maintenance purposes only. No new items may be added to this FSC.","","","",""
"3400","A","금속가공기계","Metalworking Machinery","","","","","",""
"3405","A","톱 및 다듬질 기계","Saws and Filing Machines","","","절단기계; 톱날 끝손질 기계; 톱니 재생기계","Includes Cutoff Machines; Saw Blade Dressing Machines; Retoothing Machines.","",""
"3408","A","복합공작기계 및 웨이-타입 머신","Machining Centers and Way-Type Machines","""복합공작기계"" 및 ""웨이-타입 머신""의 정의는 다음과 같다. a. ""복합공작기계""는 밀링, 드릴링, 태핑, 보링 및 리밍과 같은 복합적 기능을 요구하는 완전 자동 기계가공용 다목적 수치제어 공작기계이며, 제조공정에 있는 제품의 다양한 면의 위치고정용 통합장치 및 통합 공구 보관장치를 갖추고 있다. 이것은 연속작업중 깎고 가는 가공공구를 자동변환하는 능력을 가지고 있다. 제조공정에 있는 제품의 다양한 면의 위치고정 및(또는) 공구 보관장치용 부속품 또는 부수품을 사용하는 보링-드릴링-밀링머신은 이 군급에서 제외한다. 이러한 형태의 장비는 그룹 34 ""금속공작기계""내의 적절한 군급에 분류한다. b. ""웨이-타입 머신""은 각각 장착 완비된 기계가공장치로 구성된 스테이션 특수 공작기계이며, 미리 결정된 절차에 따라 각각의 스테이션에 제조공정중인 제품을 지시 용이하게 한다. 기계가공장치는 다른 제조공정중인 제품의 형상에 맞추기 위해 분해 및 재정렬할 수 있다. 기계장치는 각각의 스테이션에 순서대로 또는 동시에 제조공정중인 제품에 단독 또는 복합 기능을 실행할 수 있다.","Note-The following definitions apply to ""Machining Centers"" and ""Way-type Machines"".  a. ""Machining Center"", refers to a multipurpose numerically controlled machine tool for the complete and automatic machining of parts requiring multiple operations such as milling, drilling, tapping, boring, and reaming, having an integral tool storage device and an integral means for positioning various faces of the work piece. It must have facilities for automatic interchanging of varied cutting tools between successive operations. Excluded from this class are multipurpose numerically controlled machine tools, such as Boring-Drilling-Milling Machines, which require the use of an attachment or accessory for tool storage and/or to position the various faces of a work piece. These types of equipment are classified in other appropriate classes within group 34.  b. ""Way-type Machine"", refers to a special machine tool of station type design consisting of individually mounted self-contained machining units and facilities for indexing the work piece to each station in a predetermined sequence. The machining unit(s) may be disassembled and rearranged to accommodate different work piece configurations. Machine is capable of performing single or multiple operations on the work piece simultaneously or in sequence to each station.","","","",""
"3410","A","전기식 및 초음파 침식기계","Electrical and Ultrasonic Erosion Machines","","","방전 가공기; 전해 연삭기 [註] ⓐ방전 가공기:방전 현상을 이용한 모든 가공기계","Includes Electrical Discharge Machines; Electrolytic Grinding Machines.","",""
"3411","A","보링 머신","Boring Machines","","","","","",""
"3412","A","브로칭 머신 [註] ⓐ브로칭 머신:브로치를 이용해서 원형 이외의 여러가지 복잡한 형의 구멍을 뚫는 기계","Broaching Machines","","","","","",""
"3413","A","드릴링 및 태핑 머신 [註] ⓐ태핑 머신:드릴로 미리 뚫어 놓은 구멍에 나사 탭으로 암나사를 절삭하는 기계","Drilling and Tapping Machines","","","복합 스핀들 드릴링-태핑 머신","Includes Multiple Spindle Drilling-Tapping Machines.","웨이-타입 머신","Excludes Way-Type Machines."
"3414","A","기어 절삭 및 다듬질 기계","Gear Cutting and Finishing Machines","","","","","",""
"3415","A","연삭기","Grinding Machines","","","","","전해 연삭기","Excludes Electrolytic Grinding Machines."
"3416","A","선반","Lathes","","","스크류 머신","Includes Screw Machines","고속 선반; 금속 스피닝 선반; 카트리지 케이스 및 셸 선반","Excludes Speed Lathes; Metal Spinning Lathes; Cartridge Case and Shell Lathes."
"3417","A","밀링 머신","Milling Machines","","","","","",""
"3418","A","플레이너 및 셰이퍼","Planers and Shapers","","","복합 셰이퍼-플레이너 ","Includes Combination Shaper-Planers.","기어 셰이퍼, 플레이너형 밀링 머신","Excludes Gear Shapers; Planer Type Milling Machines."
"3419","A","기타 공작기계","Miscellaneous Machine Tools","","","총신 강선을 파는 기계, 고속선반","Includes Gun Rifling Machines; Speed Lathes.","",""
"3422","A","압연기 및 연신기","Rolling Mills and Drawing Machines","","","","","",""
"3424","A","금속 열처리 및 비열처리 장비 ","Metal Heat Treating and Non-Thermal Treating Equipment","","","담금질, 풀림, 뜨임, 불림, 약물 담금질 및 침탄 장비; 노, 파이프 용접, 비열 응력 제거장치","Includes Hardening, Annealing, Tempering, Normalizing, Cyaniding, and Carburizing Equipment; Furnaces, Flue Welding, Non-Thermal Stress Relieving Systems.","",""
"3426","A","금속 다듬질 장비","Metal Finishing Equipment","","","갤버나이징, 주석 도금, 급유, 산(酸)세척; 전기 도금 및 양극 처리(陽極處利) 장비 [註] ⓐ갤버나이징:강의 내식성을 증대하기 위하여 용융 아연욕(鎔融亞鉛浴)에 담가서 표면을 아연으로 피복한 것 ⓑ양극 처리:금속 표면의 청정화(淸淨化)나 연마, 산화 처리하는데 있어서 전해액 속에 그 금속을 양극(陽極)측에 놓고, 불활성 금속을 음극으로 하야 전류를 통하게 하는 처리 방법을 말한다","Includes Galvanizing, Tinning, Oiling, Pickling; Electroplating, and Anodizing Equipment.","",""
"3431","A","아크 용접 장비","Electric Arc Welding Equipment","","","가스아크 용접기; 아크 본딩 기계; 반자동 및 자동 아크 용접기","Includes Gas Shielded Arc Welding Machines; Arc Bonding Machines; Semi-Automatic and Automatic Arc Welding Machines.","용제 재생기, 용제 분배기, 태커 패널, 용접판과 같은 용접용품 및 관련장비","Excludes Welding Supplies, and Associated Equipment such as: Flux Recovery Mchines; Flux Dispensers; Tacker Panels; Welding Panels."
"3432","A","전기 저항 용접 장비","Electric Resistance Welding Equipment","","","전기 저항 용접기; 띠톱 용접기; 저장에너지 저항용접기","Includes Electric Resistance Brazing Machines; Band Saw Brazers; Stored Energy Resistance Welding Machines.","전기유도 용접기 및 납땜용기계","Excludes Electric Induction Brazing and Soldering Machines."
"3433","A","가스용접,열절단 및 금속화 장비","Gas Welding, Heat Cutting, and Metalizing Equipment","","","금속 용사기; 아크 절단기; 토치 및 팁; 가스 용접기; 불꽃 절단기; 진공 경화기; 불꽃방전 경화기 [註] ⓐ금속 용사(鎔射):용융된 금속을 고압공기로 무화(霧化)시켜 금속 또는 비금속의 표면에 뿜어대어 밀착시키는 것 ⓐ팁:용접, 절단 토치 선단부의 불꽃을 분사하는 구멍","Includes Metal Spray Guns; Arc Cutting Machines; Torches and Tips; Gas Brazing Machines; Flame Cutting Machines; Vacuum Metalizers; Spark Discharge Metalizers.","용접용품; 해체기계","Excludes Welding Supplies; Disintegrating Machines."
"3436","A","용접위치 표시장치 및 조작장치","Welding Positioners and Manipulators","","","용접대","Includes Welding Tables.","",""
"3438","A","기타 용접 장비","Miscellaneous Welding Equipment","","","테르밋 용접기; 용제 재생기; 용제 분배기; 아크 전환기 용접판 [註] 테르밋 용접:테르밋제(濟)를 사용하여 이때 발생하는 고열(3000℃)을 이용하여 강 또는 철재를 용접하는 방법","Includes Thermite Welding Equipment; Flux Recovery Machines; Flux Dispensers; Arc Converters; Welding Panels.","",""
"3439","A","기타 용접,경랍땜 및 납땜 용품·부속품","Miscellaneous Welding, Soldering, and Brazing Supplies and Accessories","","","납땜 인두; 용접봉; 용접용 용제; 납땜용 용제; 땜질 납","Includes Soldering Irons; Welding Electrodes and Rods; Brazing Fluxes; Soldering Fluxes; Solder.","",""
"3441","A","굽힘 가공 및 성형작업 기계","Bending and Forming Machines","","","","","와이어 및 금속리본 성형작업 기계","Excludes Wire and Metal Ribbon Forming Machines."
"3442","A","동력식 유압 및 공기 프레스","Hydraulic and Pneumatic Presses, Power Driven","","","금속분말 압축성형 프레스","Includes Metal Powder Compacting Presses.","",""
"3443","A","동력식 기계 프레스","Mechanical Presses, Power Driven","","","금속분말 다짐 프레스","Includes Metal Powder Compacting Presses.","",""
"3444","A","수동 프레스","Manual Presses","","","아버, 교정, 압력, 어셈블리 프레스","Includes Arbor, Straightening, Forcing, and Assembly Presses.","",""
"3445","A","펀칭 머신 및 전단기","Punching and Shearing Machines","","","","","",""
"3446","A","단조기계류 및 해머","Forging Machinery and Hammers","","","","","단조용 프레스","Excludes Forging Presses."
"3447","A","와이어 및 금속리본 성형기계","Wire and Metal Ribbon Forming Machines","","","","","롤 성형기계","Excludes Roll Forming Machines."
"3448","A","리베터 [註] ⓐ리베터:압축공기,유압 등을 이용하여 리벳 체결을 하는 기계","Riveting Machines","","","","","동력식 핸드 리베터","Excludes Power Driven Hand Riveting Machines."
"3449","A","기타 2차 금속 성형 및 절삭기계","Miscellaneous Secondary Metal Forming and Cutting Machines","","","금속 스피닝 선반","Includes Metal Spinning Lathes.","",""
"3450","A","휴대용 공작기계","Machine Tools, Portable","","","휴대용 연삭 절단기; 휴대용 드릴링 머신; 휴대용 슬로터 및 셰이퍼","Includes Portable Abrasive Cutting Machines; Portable Drilling Machines; Portable Slotters and Shapers.","바퀴 또는 다리형 스탠드와 같은 손으로 운반할 수 있는 장치에 설치된 고정형 공작기계","Excludes Stationary Type Machine Tools mounted on portable devices such as wheel or leg type stands."
"3455","A","공작기계용 절삭공구","Cutting Tools for Machine Tools","","","브로치; 줄; 밀링커터; 리머; 톱 [註] ⓐ브로치:봉(捧)의 외주에 많은 상사형의 날을 축을 따라 치수순으로 배열한 절삭 공구 ⓑ리머:미리 드릴로 뚫어 놓은 구멍을 정확한 치수의 지름으로 넓히고 또한 구멍의 내면을 다듬질하는 공구","Includes Broaches; Files; Milling Cutters; Reamers; Saws.","불꽃 절삭공구","Excludes Flame Cutting Tools."
"3456","A","2차 금속가공기계용 절삭 및 성형공구","Cutting and Forming Tools for Secondary Metalworking Machinery","","","","","",""
"3460","A","공작기계 부속품","Machine Tool accessories","","","","","연삭 숫돌차, 콘 및 기타 손잡이가 있는 동력식 공구 전용(專用) 연삭 부속장치","Excludes Abrasive Wheels, Cones, and other Abrasive Attachments for use only on Hand Held Power Tools."
"3461","A","2차 금속가공기계용 부속품","Accessories for Secondary Metalworking Machinery","","","","","부품 공급장치","Excludes Parts Feeders."
"3465","A","생산용지그,고정구 및 템플레이트","Production Jigs, Fixtures, and Templates","이 군급은 그룹 34 ""금속공작기계""에 분류되는 금속세공기계류와 함께 사용되는 지그, 고정구 및 템플레이트를 포함한다. 정비 및 수리공장 특수장비와 함께 사용되는 지그, 고정구 및 템플레이트는 그룹 49 ""정비 및 수리공장용 장비""에 분류한다  [註]  ⓐ지그:공작물을 고정시키는 동시에 절삭공구 등의 제어, 안내를 하는 장치","Note-This class includes jigs, fixtures, and templates used in conjection with the metalworking machinery classified in Group 34. Jigs, fixtures, and templates used in conjunction with maintenance and repair shop specialized equipment are classified in Group 49.","","","",""
"3470","A","기계공장용 세트,키트 및 장구","Machine Shop Sets, Kits, and Outfits","","","","","",""
"3500","A","서비스 및 판매장비","Service and Trade Equipment","","","","","",""
"3510","A","세탁 및 드라이클리닝 장비","Laundry and Dry Cleaning Equipment","","","세탁기; 추출기; 탈수기; 건조기; 다리미; 프레스; 풀먹이는 기계; 표시용 장비; 이동용 세탁 및 드라이 클리닝 장비","Includes Washing Machines; Extractors; Wringers; Drying Tumblers; Ironers; Presses; Starching Machines; Marking Equipment; Mobile Laundry and Dry Cleaning Units.","",""
"3520","A","구두 수선기","Shoe Repairing Equipment","","","구두 재봉기, 이동식 구두 수선기","Includes Shoe Sewing Machines; Mobile Shoe Repair Shops.","",""
"3530","A","산업용 재봉기 및 이동식 피복 수선기 ","Industrial Sewing Machines and Mobile Textile Repair Shops","","","","","구두재봉기.","Excludes Shoe Sewing Machines."
"3540","A","포장 장비","Wrapping and Packaging Machinery","","","필링 머신; 용기 덮개 씌우는 기계; 상표 부착기; 밀봉기계; 판지상자, 케이스 및 칸막이 상자를 만드는 기계; 포장기계; 사무실용을 제외한 스테이플 머신","Includes Filling Machines; Container Capping Machines; Label Applying Machines; Package Sealing Machines; Paperboard Box, Case and Tray Making Machines; Strapping Machines; Stapling Machines, except Office Type.","판지 제조기계","Excludes Paperboard Manufacturing Machinery."
"3550","A","자동판매기","Vending and Coin Operated Machines","","","요금 자동기록장치; 주차시간 자동표시기; 회전식 십자문; 주화로 작동하는(자동판매) 축음기","Includes Fare Recording Devices; Parking Meters; Turnstiles; Coin Operated Phonographs.","주화 및 지폐취급기계; 주화로 작동하는 저울","Excludes Coin and Currency Handling Machines; Coin Operated Scales."
"3590","A","기타 서비스 및 판매장비","Miscellaneous Service and Trade Equipment","","","매니큐어 대","Includes Manicure Tables.","",""
"3600","A","특수 산업기계","Special Industry Machinery","","","","","",""
"3605","A","식품 가공기계 및 장비","Food Products Machinery and Equipment","","","산업용 식품 가공장비","Includes Industrial Food Products Equipment.","부엌 및 선내 취사장비","Excludes Kitchen and Galley Equipment."
"3610","A","인쇄기,복사기 및 제본기","Printing, Duplicating, and Bookbinding Equipment","","","오프셋 인쇄기; 조판기; 제본기; 사진 제판기; 자; 슬러그; 라인 게이지; 쐐기; 플레이트 훅; 젤라틴 프로세스 머신; 스프리트 프로세스 머신; 스텐실 프로세스 머신; 오프셋 프로세스 머신; 복사 사진기; 청사진 인쇄 및 현상기; 인쇄소 비품","Includes Offset Presses; Typesetting Machinery; Bookbinding Machinery; Photoengraving Machinery; Printing Type; Rules; Leads; Slugs; Line Gages; Quoins; Plate Hooks; Gelatine Process Machines; Spirit Process Machines; Stencil Process Machines; Offset Process Machines; Photostat Machines; Blueprint Printing and Developing Machines; Print Shop Furniture.","마이크로필름 기계","Excludes Microfilm Machines, and Additive Manmufacturing Equipment."
"3611","A","산업용 마킹기계","Industrial Marking Machines","금속제품에 영구적 요철 각인을 찍는 마킹기계는 그룹 34 ""금속공작기계""에 분류한다","Note-Marking machines which make permanent indentations in metal are classified in Group 34.","","","세탁소 마킹기계; 라벨 인쇄기; 사무용 양각인쇄기; 사무용 마킹기계","Excludes Marking Machines, Laundry; Printing Machine, Label; Printing Press, Label; Embossing Machines, Office Type; and Marking Machines, Office Type."
"3612","A","3차원 프린터 및 스캐너","Three Dimensional Printers and Scanners","","Note - This FSC includes all classes and sizes of three-dimensional printers and scanners. Additive manufacturing is a process that manufactures three-dimensional objects from three-dimensional model data by joining materials together, usually layer upon layer, as opposed to subtractive manufacturing methodologies.","","Includes - Fused Filament Fabrication (FFF); Stereolithography (SLA); Digital Light Processing (DLP); Selective Laser Sintering (SLS); Selective laser melting (SLM); Direct Metal Laser Melting (DMLM) or Laser Powder Bed Fusion (LPBF); Multi Jet Fusion (MJF); Poly Jet; Direct Metal Laser Sintering (DMLS); Electron Beam Melting/ Digital Beam Melting (EBM) and Laminated object manufacturing (LOM) type printers; Short Range; Medium Range; Long Range; Laser Based; Projected Light; Structured Light; Coordinate Measuring Machine (CMM); Arm Based Probe Systems; and Optical Tracked Probe System Scanners.","","Exclusion - Excludes Laser; Solid Ink; Light-Emitting Diode (LED); Inkjet; Multifunction, Dot Matrix Printers; Offset Presses; Typesetting Machinery; Photoengraving Machinery; Gelatine Process Machines; Spirit Process Machines; Stencil Process Machines; Offset Process Machines; Photostat Machines; Blueprint Printing and Developing Machines; Microfilm Machines; Marking Machines; Label Printing Machines; Label Printing Presses; and Embossing Machines. Computerized Tomography (CT) scanners; Positron Emission Tomography (PET) scanners; Ultrasound and Echocardiogram scanners."
"3615","A","펄프 및 제지공장기계","Pulp and Paper Industries Machinery","","","절삭기; 침적기; 타쇄기; 표백기; 판지 제조기","Includes Chippers; Digestors; Beaters; Bleaching Equipment; Paperboard Manufacturing Machinery.","판지상자, 케이스 및 트레이 제조기","Excludes Paperboard Box, Case and Tray Making Machines."
"3620","A","고무 및 플라스틱 가공기계","Rubber and Plastics Working Machinery","","","플래스티케이터; 프레스; 합성고무 가공기; 압출 성형기; 경화기","Includes Plasticators; Presses; Synthetic Rubber Working Machinery; Thread Extruding Machinery; Vulcanizing Machinery.","보호피복 적층 성형(積層成形) 프레스; 타이어 수리장비","Excludes Protective Covering Laminating Presses; Tire Maintenance and Repair Equipment."
"3625","A","섬유 산업기계","Textile Industries Machinery","","","조면기; 베틀; 단추 피복기; 로프 꼬는 기계; 레이스 편기(編機) [註] 조면기:목화의 씨를 빼고 솜을 트는 기계 레이스 편기:투명 무늬의 천을 만드는 기계","Includes Cotton Ginning Machinery; Looms; Button Covering Machines; Rope Laying Machines; Lace Machines.","",""
"3630","A","점토 및 콘크리트 가공 생산기계","Clay and Concrete Products Industries Machinery","","","벽돌 제조기","Includes Brickmaking Machinery.","",""
"3635","A","크리스털 및 유리 생산기계","Crystal and Glass Industries Machinery","","","광학제품 제조기계","Includes Optical Goods Manufacturing Machinery.","안과용 렌즈 커팅, 드릴링, 에징, 글라인딩 머신; 특수 반도체, 집적회로 및 인쇄회로판 제조기계","Excludes Ophthalmic Lens Cutting, Drilling, Edging, and Grinding Machines; Specialized Semiconductor, Microcircuit, and Printed Circuit Board Manufacturing Machinery."
"3640","A","담배 제조기계","Tobacco Manufacturing Machinery","","","","","",""
"3645","A","제혁 및 피혁가공용 기계","Leather Tanning and Leather Working Industries Machinery","","","","","",""
"3650","A","화학물 및 약제생산품 제조 기계","Chemical and Pharmaceutical Products Manufacturing Machinery","","","화학약품 분쇄기; 약제 토탄기 및 타정기; 화학폭발물 제조기계","Includes Crushers and Mills for Chemical Materials; Pharmaceutical Briquetting and Tabletting Presses; Chemical Explosive Manufacturing Machinery.","건설자재 분쇄기; 플라스틱 제품 제조기계; 의약품 포장기계; 실험실 및 제조소 분쇄기 및 혼합기","Excludes Construction Materials Crushers, Mills and Pulverizers; Plastic Products Manufacturing Machinery; Pharmaceutical Products Wrapping and Packaging Machinery; Laboratory and Shop Type Mills and Mixers."
"3655","A","고정 및 이동식 가스발생기 및 살포기 시스템","Gas Generating and Dispensing Systems, Fixed or Mobile","이 군급은 이동 및 설치식 가스공급장치를 포함한다. 가스발생장비에 통합된 또는 가스발생장치와 함께 기부에 설치된 액화 가스저장탱크를 포함한다. 또한 필요시까지 액화가스 제품들을 저장하기 위한 트레일러 설치 또는 활대 설치식 액화 가스저장탱크를 포함한다. 군급분류집에 의해 분류되는 유도탄 추진장치 정비 트레일러, 로켓엔진, 시험소 및 항공기 산소 변환기의 통합품으로 사용토록 설계된 저장탱크는 이 군급에서 제외한다","Note-Included in this class are gaseous dispensing systems, both mobile and installed. Includes liquefied gaseous storage tanks, mounted on a common base with, or integral to, gas generating equipment included in this class. Also includes those liquefied gaseous storage tanks, either trailer mounted or skid mounted, used to store liquefied gaseous products until needed. Excluded from this class are those storage tanks designed to be used as an integral part of guided missile propellant servicing trailers, rocket power plants or test stations, and aircraft oxygen converters which are classified as specified by the indexes and structure of the FSC.","","","기상관측장비","Excludes Meteorological Equipment."
"3660","A","산업용 치수 감소기계","Industrial Size Reduction Machinery","이 군급은 둘 이상의 제조기계에 관련된 일반용도의 기계를 포함한다","Note-This class includes general use machinery related to two or more manufacturing industries.","","","화학제품, 건설 및 광업용 분쇄, 가림, 혼합기; 정비 및 수선공장용 혼합기","Excludes Chemical Products and Construction and Mining Type Crushing, Pulverizing, Screening and Mixing Machinery; Maintenance and Repair Shop Type Mixers."
"3670","A","특수반도체,집적회로 및 인쇄회로판 제조기계","Specialized Semiconductor, Microcircuit, and Printed Circuit Board Manufacturing Machinery","이 군급은 반도체 장치(군급 5961 ""반도체장치 및 관련 하드웨어""), 집적회로(군급 5962 ""전자 미소회로""), 인쇄회로판(군급 5998 ""전기 및 전자조립체, 보드, 카드 및 관련 하드웨어"")용으로 특수 설계된 장비를 포함한다. 군급분류집의 다른 적절한 군급에 분류할 수 있는 품목은 제외한다.","Note-This class includes, and is restricted to, equipment specifically designed for manufacturing semiconductor devices (FSC 5961), microcircuits (FSC 5962), and printed circuit boards (FSC 5998). Excludes items for which more suitable classes are specifically prescribed by the indexes and structure of the FSC.","기층 제조장비, 회로패턴 성형장비, 내부연결 및 포장장비","Includes Substrate Preparation Equipment; Circuit Pattern Forming Equipment; Interconnecting and Packaging Equipment.","인쇄배선판상에 분리 구성품 설치용 기계조립체.","Excludes Assembly Machines for Mounting Discrete Components on Printed Wiring Boards."
"3680","A","주조기계,관련 장비 및 용품","Foundry Machinery, Related Equipment and Supplies","","","성형기계, 텀블링 분쇄기, 텍스트린 주조기, 코어 페이스트","Includes Molding Machines; Tumbling Mills, Foundry Dextrine; Core Paste.","도가니로, 용선로, 주조용 수공구","Excludes Crucible Furnaces; Cupola Furnaces; Foundry Hand Tools."
"3685","A","특수 금속용기 생산장비 및 관련 장비","Specialized Metal Container Manufacturing Machinery and Related Equipment","이 군급은 금속용기 제조용으로 특수 설계된 기계만을 포함한다. 충전용기의 상부를 봉합하기위해 설계된 폐쇄장치는 군급 3540 ""포장장비""에 분류한다.","Note-This class includes only those machines specifically designed for manufacturing metal containers. Closing machines designed to seam the tops of filled containers will be classified in Class 3540.","드럼 및 제리캔 제조기계, 특수 설계된 용기 누출 시험기계, 깡통 제조기계","Includes Drum and Jerrican Manufacturing Machinery; Specially Designed Container Leak Testing Machines; Can Making Machinery.","",""
"3690","A","특수 탄약·병기 기계장치 및 관련 장비","Specialized Ammunition and Ordnance Machinery and Related Equipment","","","탄약 및 폭약장전(충전 및 조립)특수장비, 소화기탄 제조장비, 포 및 방공포탄 제조장비","Includes Ammunition and Explosive Loading (Filling and Assembling) Specialized Machinery; Small Arms Ammunition Manufacturing Machinery; Artillery and Anti-Aircraft Shell Manufacturing Machinery.","탄약 및 무기 정비 및 수리공장 특수장비, 탄약 및 군수장비 조립 또는 제조 전용으로 특수 설계되지 않은 비특수 또는 표준형 장비","Excludes Ammunition and Weapons Maintenance and Repair Shop Specialized Equipment; Nonspecialized or Standard Machinery not designed exclusively for manufacturing or assembling ammunition and ordnance equipment."
"3693","A","산업용 조립기계","Industrial Assembly Machines","이 군급은 구성품에 더 이상의 가공 설계없는 조립식 구성품들을 조립하기 위해 특수 설계된 장비를 포함한다. 복합기계가공 및 재료의 이동을 가져오는 조립작업을 수행하기 위해 설계된 장비는 이 군급 이외의 군급에 분류하며, 보다 적절한 곳에 분류가능한 품목 또한 이 군급에서 제외한다","Note-This class includes equipment specifically designed to assemble prefabricated components without further design machining of the components. Equipment designed to perform combined machining and assembling operations which result in material removal are classified in classes other than this class. Also excluded are items for which more specific classifications are suitable.","산업용 동력 스크류드라이빙 기계, 회로카드조립체 기계","Includes Industrial Production Type Power Screwdriving Machines; Circuit Card Assembly Machines.","특수탄약 및 병기 조립기계, 포장기계, 금속세공기계, 수공구","Excludes Specialized Ammunition and Ordnance Assembly Machines; Wrapping and Packaging Machinery; Metalworking Machinery; Hand Tools."
"3694","A","환경 제어용 청정 작업대 및 관련 장비","Clean Work Stations, Controlled Environment, and Related Equipment","","","박막 및 비박막으로 이루어진 유체 보호물, 먼지 제어설비, 공기 샤워","Includes Laminar and Nonlaminar Flow Enclosures; Dust Controlled Facilities; Air Showers.","",""
"3695","A","기타 특수 산업기계","Miscellaneous Special Industry Machinery","","","통신선 분배기 제작기계, 특수 벌채기계, 석유정제 기계, 제화기계, 생산용 함침장비","Includes Communication Wire Dispenser Fabricating Machinery; Specialized Logging Equipment; Petroleum Refinery Machinery; Shoemaking Machinery; Production Type Impregnating Equipment.","안과용 렌즈 절삭 및 연마기계, 피복 함침장비","Excludes Opthalmic Lens Cutting and Grinding Machinery; Clothing Impregnating Equipment."
"3700","A","농업용 기계 및 장비","Agricultural Machinery and Equipment","","","","","",""
"3710","A","토양준비용 장비","Soil Preparation Equipment","","","써래, 쟁기, 조파기, 파종기 부속장치, 분무기","Includes Harrows; Plows; Seed Drills; Seeder Attachments; Sprayers.","",""
"3720","A","수확용 장비","Harvesting Equipment","","","건초용 갈퀴, 제초기","Includes Hayrakers; Mowers.","제초기 부속장치(군급 3750 ""정원용 기구 및 공구""), 낫자루 부속장치(군급 3750 ""정원용 기구 및 공구"")","Excludes Mower Attachments (FSC 3750); Sickle Bar Attachments (FSC 3750)."
"3730","A","낙농,가금 및 가축장비","Dairy, Poultry, and Livestock Equipment","","","","","",""
"3740","A","해충,질병 및 동상방지 장비","Pest, Disease, and Frost Control Equipment","","","분무기, 이잡는 용구, (살충제)살포기, 파리채, (파리 잡는)끈끈이 종이, 덫","Includes Atomizers; Delousing Outfits; Dusters; Fly Swatters; Flypaper; Fog Generators; Sprayers; Traps.","자기 압축식 분무키트(군급 4940 ""기타 정비 및 수리공장용 특수장비"")","Excludes Self Pressurized Spray Kits (FSC 4940)."
"3750","A","정원용 기구 및 공구","Gardening Implements and Tools","","","보행식 정원트랙터, 동력 및 인력용 제초기, 울타리 정돈하는 기구, 잔디 파종기, 비료 뿌리는 기구, 정원용 갈구리, 쇠스랑, 괭이 및 기타 정원용 공구","Includes Garden Tractors, Walking Type; Lawn Mowers, Powered and Nonpowered; Hedge Trimers; Lawn Seeders; Fertilizer Spreaders; Gardening Rakes, Forks, Hoes, and Other Gardening Tools.","",""
"3770","A","안장,하니스,채찍 및 기타 관련 동물용 부속품","Saddlery, Harness, Whips, and Related Animal Furnishings","","","개 굴레, 개 끄는 줄.","Includes Dog Harnesses; Leads.","",""
"3800","A","건설,채광,굴착 및 도로 보수장비","Construction, Mining, Excavating, and Highway Maintenance Equipment","","","","","",""
"3805","A","토양 운반 및 굴착장비","Earth Moving and Excavating Equipment","","","스크레이퍼, 도랑파는 기계, 적하기, 특수 건설용 토양 및 암석운반 트럭 및 트레일러, 급속연결/분리 능력을 갗춘 건설장비의 특수 개별 작업부 및 동력부, 동력부는 건설장비의 기능부를 형성하기위해 작업부에 연결되도록 설계된다","Includes Scrapers; Ditchers; Loaders; Graders; Special Construction Type Earth and Rock Hauling Trucks and Trailers; Special Individual Work and Power Sections of Construction Equipment with a quick connect/disconnect capability. The Power Section is designed to be coupled with a Work Section to form a functional piece of Construction Equipment.","표준형 트랙터(그룹 24 ""트랙터""), 트레일러(군급 2330), 트럭(군급 2320 ""바퀴식 트럭 및 트럭 트랙터"")","Excludes Standard Tractors (FSG 24); Trailers (FSC 2330); Trucks (FSC 2320)."
"3810","A","크레인 및 크레인-셔블","Cranes and Crane-Shovels","","","크레인, 크레인-세미트랙터, 크레인-셔블, 크레인-트랙터","Includes Cranes; Crane-Semitractors; Crane-Shovels; Crane-Tractors.","바지에 장착된 크레인(군급 1935 ""특수목적용 바지 및 운반선""), 로코모티브 크레인(군급 2230 ""철로 부지 건설 및 유지장비"")","Excludes Barge Mounted Cranes (FSC 1935); Locomotive Cranes (FSC 2230)."
"3815","A","크레인 및 크레인-셔블 부속장치","Crane and Crane-Shovel Attachments","","","백 호, 버킷, 디퍼, 페어리드, 갠트리, 그래플, 리프팅 마그네틱, 셔블, 레킹 볼","Includes Backhoes; Buckets; Dippers; Fairleads; Gantries; Grapples; Lifting Magnets; Shovels; Wrecking Balls.","",""
"3820","A","채광,착암,굴착 및 관련 장비","Mining, Rock Drilling, Earth Boring, and Related Equipment","","","오거, 분쇄기, 분쇄, 선별, 세척 설비 및 장치, 드릴링 머신, 도로포장 파쇄기, 착암기","Includes Augers; Crushers; Crushing, Screening, and Washing Plants and Units; Drilling Machines; Paving Breakers; Rock Drills.","탬퍼(군급 3895 ""기타 건설장비"")","Excludes Tampers (FSC 3895)."
"3825","A","도로 개발,청소 및 표식장비","Road Clearing, Cleaning, and Marking Equipment","","","포장도로 청소기계, 제설장비, 청소기, 도로 표식기계, 진공청소기, 살수기, 잡초 연소기","Includes Pavement Scrubbing Machines; Snow Removal Units; Sweepers; Road Marking Machines; Vacuum Cleaners; Water Distributors; Weed Burners.","도로 개발 또는 청소용 부속장치를 갖춘 표준형 트랙터(군급 2410 ""저속 무한궤도 트랙터"", 군급 2420 ""바퀴식 트랙터"", 군급 2430 ""고속 무한궤도 트랙터""), 벌목용 기계톱(군급 5310 ""동력 수공구"", 군급 5110 ""날이 있는 비동력식 수공구"")","Excludes Standard Tractors with Road Clearing or Cleaning Attachments (FSC 2410, 2420, 2430); Timber Sawing Equipment (FSC 5130, 5110)."
"3830","A","트럭 및 트랙터 부속장치","Truck and Tractor Attachments","","","대형 불도저, 오거, 백호, 불클램, 불도저-셔블, 크레인, 뿌리를 파내는 도구, 로더, 갈퀴, 리퍼, 롤러, 스파이크가 달린 도로 파괴기, 제설장비, 눈치는 넉가래, 청소기, 트리불도저","Includes Angledozers; Augers; Backhoes; Bullclams; Bulldozer-Shovels; Cranes; Grubbers; Loaders; Rakes; Rippers; Rollers; Scarifiers; Snow Removal Units; Snowplows; Sweepers; Treedozers.","",""
"3835","A","석유생산 및 공급장비","Petroleum Production and Distribution Equipment","","","유정의 상부장치, 펌프장비, 가스 공급장비","Includes Well Heads; Pumping Equipment; Gas Distribution Equipment.","",""
"3895","A","기타 건설장비","Miscellaneous Construction Equipment","","","아스팔트 운반용 승강기,아스팔트배칭설비,안정 및 압축용 장비,콘크리트 혼합기(각종),콘크리트 진동기,역청 및 콘크리트 포장기,아스팔트 분배기,루우더(다지는 기계),파열기,말뚝박는 기계,역청가열기,케이블부설용장비,케이블결박용장비,케이블꼬는 장비,케이블 감는 장비.","Includes Asphalt Elevators; Asphalt Heaters; Asphalt Kettles; Asphalt Transfer Equipment; Batching Plants; Stabilizing and Compacting Equipment; Concrete Mixers (All Types); Concrete Vibrators; Bituminous and Concrete Pavers; Asphalt Distributors; Sheepfoot Rollers; Rooters; Rippers; Pile Drivers; Bitumen Heaters; Cable Laying, Lashing, Spinning, and Reeling Equipment.","토양운반 및 굴착용장비,크레인 및 크레인 쇼벨에 부착되는 말뚝박는 장비급속연결/분리능력으로서 특수한 단위,작업 및 동력부분의 건설장비.","Excludes Earth Moving and Excavating Equipment (FSC 3805 & 3810); Pile Driving Attachments for Cranes and Crane-Shovels (FSC 3815); Special Individual Work and Power Sections of Construction Equipment with a quick connect/disconnect capability (FSC 3805)."
"3900","A","물자취급장비","Materials Handling Equipment","","","","","",""
"3910","A","컨베이어","Conveyors","","","압축공기시스템: 휴대용,고정용,동력 및 비동력 컨베이어; 컨베이어 급송장치.","Includes Pneumatic Tube Systems; Portable, Stationary, Powered, and Nonpowered Conveyors; Conveyor Feeders.","아스팔트 운반용 승강기.",""
"3915","A","물자 운송 장치","Materials Feeders","본 클라스에 포함된 물자 취급장비는,운송장치로서 역할을 하는 물자 운반기 및 부 분품 운반기를 제한하였으며,이러한 운반기에 의해 용적물자의 배달속도,소화물 또 는 대상물들이 조정된다.저장빈 또는 자동하적 차로부터특수한 물자를 정확하게 그 리고 연속적으로 사전에 결정된 양에 의해 급송하는 동류장치로 일치된 품목이 포함되고,이러한 기계장치는 상호 호환성이있다.본 클라스에서는 컨베이어 운반기(예,에이프런,벨트,체인,팬등 운반기 공급용 아답터)는 제외하며,이러한 품목은 클라스 3910/또는 클라스 3895에 적합하게 분류하였다.","Note-Materials Handling equipment included in this class is restricted to those materials feeders and parts feeders that serve as a conveying device, and by which the rate of delivery of bulk materials, packages, or objects may be controlled. Items included in this class are synchronized with companion machinery, feeding predetermined amounts, by volume, of specific materials accurately and continuesly from storage bins or hoppers to process or mixing machines, and are interchangable between machines. Excluded from this class are conveyor feeders (i.e., apron, belt, chain, flight, pan, etc., adapted for feeder service) that are classifiable in Class 3910 and/or Class 3895, as appropriate.","건조물자 운반기,부분품 운반기.","Includes Dry Materials Feeders; Parts Feeders","종합 및 정밀운반기,켄베이어 운반기,정수 건조화학제 운반기.","Excludes Aggregate and Fines Feeders; Conveyor Feeders; Water Purification Dry Chemical Feeders."
"3920","A","비자주식 물자 취급장비","Material Handling Equipment, Nonself-Propelled","","","바퀴달린 작은 수레, 손으로 미는 이륜차, 손수레, 바퀴가 하나인 손수레, 물자 취급 트레일러","Includes Dolly Trucks; Pushcarts; Handcarts; Wheelbarrows; Hand Trucks; Materials Handling Trailers.","컨베이어","Excludes Conveyors."
"3930","A","창고용 자주식 트럭 및 트레일러","Warehouse Trucks and Tractors, Self-Propelled","","","터그 자키, 포크 리프트가 달린 운반차, 플랫폼 트럭, 스트래들 트럭","Includes Tug Jockeys; Fork Lift Trucks; Platform Trucks; Straddle Trucks; Telescoping Trucks.","크레인.",""
"3940","A","블록,활차,삭구 및 슬링","Blocks, Tackle, Rigging, and Slings","","","","","적하용 체인; 체인 및 금속 로프 부속품; 와이어 로프; 호이스트; 선박용 삭구","Excludes Load Chain; Chain and Metal Rope Fittings; Wire Rope; Hoists; Ship Rigging."
"3950","A","윈치,호이스트,크레인 및 데릭","Winches, Hoists, Cranes, and Derricks","","","윈치; 캡스턴; 광석 브리지; 집시 윈치; 창고용 기중기; 고정식 또는 이동식 부두용 기중기; 천장 기중기","Includes Windlasses: Capstans: Ore Bridges: Gypsies: Warehouse Cranes: Wharf Cranes, Mobile or Fixed: Overhead Traveling Cranes.","크레인-셔블(군급 3810 ""크레인 및 크레인 셔블""); 바지에 장착된 기중기(군급 1935 ""특수목적용 바지 및 운반선""); 트럭 또는 트렉터에 통합된 윈치(군급 3830 ""트럭 및 트랙터 부속장치""), 기관차용 기중기(군급 2230 ""철로 부지 건설 및 유지장비"")","Excludes Crane-Shovels (FSC 3810); Barge Mounted Cranes (FSC 1935); Winches for Integral Mounting on Trucks or Tractors (FSC 3830); Locomotive Cranes (FSC 2230)."
"3960","A","화물용 엘리베이터","Freight Elevators","","","","","자동 리프트; 아스팔트 및 콘크리트 제조 쇄석용 엘리베이터",""
"3990","A","기타 물자 취급장비","Miscellaneous Materials Handling Equipment","","","활재; 운반대","Includes Skids; Pallets.","비행장 엔진 운송용 활재","Excludes Airfield Engine Transport Skids."
"4000","A","로프,케이블,체인 및 부속품","Rope, Cable, Chain, and Fittings","","","","","",""
"4010","A","체인 및 와이어 로프","Chain and Wire Rope","단자 또는 부속장치가 있는 체인 또는 와이어로프가 일반용도로 사용될 경우 이 군급에 분류한다. a. 체인은 지지, 운송, 견인, 동력전달용으로 사용되는 서로간에 유연한 링크 및(또는) 링으로 연결된 것을 이른다. b. 와이어 로프는 외가닥으로 꼰 끈으로 만든 줄을 이른다.","Note-Chain and wire rope, with attachments or terminations will be classified in this class when they are for general use. a. Chain is a series of flexible links and/or rings fitted into one another used for supporting, lifting,restraining, dragging, or transmitting power. b. Wire rope is formed from strands of twisted wire.","구슬 체인; 비용접 체인; 외다리 체인 조립체; 와이어 로프; 와이어 코드; 외다리 와이어 조립체","Includes Bead Chain; Weldless Chain; Single Leg Chain Assemblies; Wire Rope; Wire Cord; Single Leg Wire Assemblies.","동력전달체인(군급 3020 ""기어, 활차, 톱니바퀴 및 전달체인""); 슬링","Excludes Power Transmission Chain (FSC 3020); Slings."
"4020","A","섬유 로프,밧줄,꼰줄","Fiber Rope, Cordage, and Twine","대량 또는 일반용도용 섬유 로프는 이 군급에 분류한다. 단자 및(또는) 부속장치를 가진 품목은 더 상세한 품명이 없을 때 이 군급에 포함한다 a. 섬유 로프는 마닐라, 나일론 또는 다른 섬유로 꼰 유연한 줄을 이른다  b. 밧줄은 삭구를 장비하는데 사용되는 로프 또는 가느다란 줄을 이른다(매개변수용 품명정의 참조) c. 꼰줄은 둘이상의 줄을 서로 꼬은 것을 이른다","Note-Fiber rope is classified in this class when it is bulk material or for general use. Items with attachments and/or terminations are identified in this class unless a more specific item name is used. a. Fiber rope is flexible twisted strands of manila, nylon or other fiber. b. Cordage is ropes or cords used in rigging (see item name definitions for parameters). c. Twine is two or more strands twisted together.","섬유질 코드 조립체; 섬유질 코드; 섬유질 로프; 섬유질 꼰줄","Includes Fibrous Cord Assemblies; Fibrous Cord; Fibrous Rope; Fibrous Twine.","와이어 로프(군급 4010 ""체인 및 와이어 로프""); 슬링(군급 3940 ""블록, 활차, 삭구 및 슬링"")","Excludes Wire Rope (FSC 4010); Slings (FSC 3940)."
"4030","A","로프,케이블 및 체인용 부속품","Fittings for Rope, Cable, and Chain","특수설계된 품목을 포함한 모든 품목은 이 군급에 분류된다. 이 군급에 분류된 부속품은 체인, 로프와 연결해 사용하는 품목들이며, 어떤 기능을 수행하기 위해 연결된다(예를 들면 훅, 족쇄, 쐐기), 매개변수용 품명정의를 참조하시오","Note-All items, including specially designed, will be classified in this FSC. Fittings classified in this FSC are items used in conjunction with chain, rope, and are attached to perform certain functions, (e.g., hooks, shackles, and wedges) refer to item name definitions for parameters.","앵커 가이; 꼬인 와이어 밴드; 와이어 로프 클램프; 화물용 훅; 족쇄; 회전고리; 로프 터미널; 로프 쐐기","Includes Anchor Guys; Wire Stranded Bands; Wire Rope Clamps; Cargo Hooks; Shackles; Swivels; Rope Terminals; Rope Wedges.","클램프 블록(군급 5340 ""상용 철물류""), 지지용 훅(군급 5340)","Excludes Clamp Blocks (FSC 5340); Support Hooks (FSC 5340)."
"4100","A","냉동,공기조절 및 공기순환장비","Refrigeration, Air Conditioning, and Air Circulating Equipment","","","","","",""
"4110","A","냉동장비","Refrigeration Equipment","이 군급은 통합된 또는 원격장비 냉동장치 또는 시스템에 의한 냉동여하에 불구하고 완전한 냉동장비만을 포함한다. 또한 이 군급에는 냉동장치 및 완전한 ""패키지화 된"" 냉동장치 및 폐쇄된 공간을 냉동시키기 위해 필요한 모든 기타 필수 구성품 및 동력으로 구동되는 압축기, 응축기, 증발기를 포함한다. 얼음을 얼리는 그릇, 선반 및 패널과 같은 비작동 부수품들은 이 군급에 포함된다. 완전한 냉동장비, 냉동장치 또는 ""패키지화 된""  냉동장치용으로 사용되는 작동하는 구성품, 조립체, 부분품, 부속품 또는 부수품은 이 군급에서 제외하며 이 들은 군급 4130 ""냉동 및 공기조절 구성품""에 분류되거나 군급색인집에 규정된 군급에 분류한다  ","Note-This class includes only complete refrigeration equipment, whether refrigerated from an integral or remote mechanical refrigeration unit or system. Also included in this class are refrigeration plants, and complete ""packaged"" refrigeration units and systems containing a power driven compressor, condenser, evaporator, and all other necessary components to refrigerate an enclosed space. Nonoperating accessories such as ice trays, shelves, and panels are included in this class. Excluded from this class are operating components, assemblies, parts, attachments, or accessories, for use in or on complete refrigeration equipment, plants, systems, or the ""packaged"" refrigeration units, and which are to be classified in Class 4130, or as otherwise specifically prescribed by the indexes and structure of the FSC.","식료잡화점용 전시장; 아이스크림 냉장고; 분수식 음료수 공급장치(군급 4510 ""배관 설비물 및 부수품""에 분류되는 휴대용 및 고정형 은 제외); 전문 및 과학용 냉동장치; 리벳 냉각기; 사진용 냉동장치; 시체안치장용 냉동기; 가정 및 상업용 냉장고; 식료잡화점용 진열장; 매점 또는 음식점용 기타 냉장장비","Includes Grocery Type Display Cases; Ice Cream Cabinets; Drinking Fountains (except Portable and stationary types classified in Class 4510); Professional and Scientific Refrigerators; Rivet Coolers; Photographic Refrigerators; Mortuary Refrigerators; Household and Commercial Refrigerators; Grocery Type Showcases; and other types of refrigeration equipment of the commissary or food store type.","간이식당 냉장 진열장; 소다수 공급장치; 우유, 소다 및(또는) 아이스크림 공급장치; 냉동식품 판매대; 탄산수 공급장치; 가열 및 냉동식품 공급장치; 간이식당 진열용 유리장; 음식물 진열 및 공급용 냉각장치(군급 7310 ""요리, 제빵 및 서빙 장비"" 참조), 냉각장치 구성품은 이 군급에서 제외한다(군급 4310 ""냉동 및 공기조절 구성품"" 참조)","Excludes Cafeteria Type Refrigerated Display Cases; Soda Fountains; Milk, Soda, and/or Ice Cream Dispensers; Cold Food Counters; Carbonators; Combination Heated-Refrigerated Food Serving Equipment; Cafeteria Type Showcases; Chilling Equipment Used for Display and Serving of Food (see Class 7310 for these items). Also excluded from this class are refrigeration components (see Class 4130)."
"4120","A","공기조절장비","Air Conditioning Equipment","이 군급은 완전한 공기조절장비, 시스템 및 설비만을 포함한다. 또한 설치를 용이하도록 창문형 공기조절장치에 사용된 창문 패널과 같은 특수설계된 비작동 부수품을 포함한다. 공기조절장비에 사용된 작동식 구성품, 조립체, 부분품, 부속품 또는 부수품은 이 군급에서 제외하며, 군급 4130 ""냉동 및 공기조절 구성품""에 분류하거나 군급색인집에 규정된 군급에 분류한다","Note-This class includes only complete air conditioning equipment, systems, and plants. Also included are specially designed nonoperating accessories such as a window panel used with a window type air conditioning unit to facilitate mounting. Excluded from this class are operating components, assemblies, parts, attachments, or accessories for use in or on air conditioning equipment, which are to be classified in Class 4130, or as otherwise specifically prescribed by the indexes and structure of the FSC.","상점형 장치; 창문 및 실내형 장치; 선박 및 차량용 공기조절장치; 공기조절설비 및 시스템","Includes Store Type Units; Window and Room Type Units; Marine, and Vehicular Air Conditioning Units; Air Conditioning Plants and Systems.","공기조절 구성품(군급 4130 ""냉동 및 공기조절 구성품"" 또는 군급색인집에서 규정한 군급)","Excludes Air Conditioning Components (FSC 4130, or as otherwise specifically prescribed by the indexes and structure of the FSC)."
"4130","A","냉동 및 공기조절 구성품","Refrigeration and Air Conditioning Components","","","열교환기; 냉각제 여과기; 냉각 압축기; 충전 및 시험 매니폴드와 같은 공기조절 및 냉각 공급장비; 군급 4110 ""냉동장비"" 및 4120 ""공기조절장비""에 분류되는 냉각 및 공기조절장비의 작동 구성품, 설비 및 시스템","Includes Heat Exchanger Equipment; Refrigerant Strainers; Refrigeration Compressors; Air Conditioning and Refrigeration Servicing Equipment, such as Charging and testing manifolds, Lines and Units; Operating Components of Refrigeration and Air Conditioning Equipment, Plants, and Systems classified in classes 4110 and 4120.","냉동 및 공기조절설비(군급 4110 ""냉동장비"" 및 4120 ""공기조절장비"" 참조); 냉각 압축기, 응축기, 증발기 등을 포함하는 장치처럼 ""패키지화 된"" 냉동 구성품의 집합체; 대형 냉장고처럼 특수제작 및 주문제작품; ""패키지화 된""장치의 개별 구성품은 군급 4130 ""냉동 및 공기조절 구성품""에 분류하거나 군급색인집에서 규정한 군급에 분류한다. 완전한 ""패키지""장치는 군급 4110 ""냉동장비""에 분류한다","Excludes Refrigeration and Air Conditioning Plants (see classes 4110 and 4120): Collections of Refrigeration Components ""packaged"" as a unit including a refrigeration compressor, condenser, evaporator, etc., specifically designed and tailored for applications such as walk-in type refrigerators. Individual components of the ""packaged"" unit will be classified in class 4130, or as otherwise specifically prescribed by the indexes and structure of the FSC. The complete ""package"" unit will be classified in class 4110."
"4140","A","선풍기,환풍기 및 송풍기장비","Fans, Air Circulators, and Blower Equipment","개별형 장비에 사용하도록 특수 설계된 송풍기 및 날개바퀴는 군급분류집에 규정된 적절한 구성품 또는 부수품 군급(그룹 25 ""차량장비 구성품"" 또는 그룹 29 ""엔진 부속품"", 군급 1680 ""기타 항공기 부수품 및 구성품"")에 분류하거나 상위 조립체와 동일한 군급에 분류한다","Note-Fans and impellers which are specifically designed for use with specific individual types of equipment are to be classified in the same classes as their next higher assemblies or in the appropriate components or accessories classes (as in Group 25 or 29 or Class 1680) as prescribed by the indexes and structure of the FSC.","벽걸이형 선풍기; 받침대형 선풍기; 가정용 및 다락용 배기 선풍기; 마루용 선풍기; 단조된 배기 통풍장치 및 처리 키트, ""산업용"" 또는 ""비산업용""여하에 관계없이 공기순환 송풍기 및 송풍기 장비","Includes Wall Type Fans; Pedestal Type Fans; Household Type and Attic Type Exhaust Fans; Floor Fans; Forged Draft Exhaust and Disposal Kits; Fans, Air Circulators, and Blower Equipment, whether designated as ""industrial"" or ""nonindustrial"" by application and/or use.","히터-선풍기 복합체(군급 4520 ""난방장비 및 가정용 온수기"")","Excludes Combination Heater-Fans (FSC 4520)."
"4150","A","선회관 및 기타 관련된 냉각관","Vortex Tubes and Other Related Cooling Tubes","","","공구 연마 스폿 냉각기; 기계식 스폿 냉각기; 전자장비 스폿 냉각기; 전자 캐비닛 스폿 냉각기","Includes Tool Grinding spot coolers; machining spot coolers; electronic equipment spot coolers; and electronic cabinet spot coolers.","냉동 및 공기조절설비(군급 4110 ""냉동장비"" 및 4120 ""공기조절장비""); 공기조절 구성품 및 냉각장치(군급 4130 ""냉동 및 공기조절 구성품""); 냉각기, 공기 증발기(군급 4120), 파이프 및 튜브(그룹 47 ""파이프, 튜브, 호스 및 부착물"")","Excludes Refrigeration and Air Conditioning Plants (Classes 4110 and 4120); Air Conditioning Components and Cooler Unit, Air (Class 4130); Cooler, Air, Evaporative (Class 4120) and Pipe and Tube (Group 47)."
"4200","A","소방,구조 및 안전장비;환경 보호장비 및 자재","Firefighting, Rescue, and Safety Equipment; and Environmental Protection Equipment and Materials","","","","","",""
"4210","A","소방장비","Firefighting Equipment","","","소화기; 소화용 도끼; 소화용 갈퀴; 소화용 파쇄기; 소방차; 소화용 호스; 소화용 호스 끝부분 연결기를 하나 이상 가진 호스 비품; 소화용 호스 감개; 소방 트레일러; 소화전","Includes Fire Extinguishers; Fire Axes; Fire Rakes; Fire Beaters; Fire Trucks; Fire Hose; Play Pipes; Hose Fittings having one or more Fire Hose End Connections; Fire Hose Reels; Fire Fighting Trailers; Fire Hydrants; Sprinkler Heads.","구난봉(군급 5120 ""날이 없는 비동력 수공구"", 군급 1385 ""지상용 폭발물 처리공구 및 장비"")","Excludes Wrecking Bars (FSC 5120, 1385)."
"4220","A","해양 구명 및 잠수장비","Marine Lifesaving and Diving Equipment","","","가압 잠수복을 포함하는 잠수 및 인양용 기구; 부상 구조망; 공기 팽창식 구명조끼; 구명정","Includes Diving and Salvage Apparatus, including Pressurized Divers' Suits; Rescue Nets, Buoyant; Inflatable Life Vests; Life Rafts.","인명 구조용 보트(군급 1940 ""소형선"")","Excludes Lifesaving Boats (FSC 1940)."
"4230","A","오염 제거 및 방독처리(防毒處理) 장비","Decontaminating and Impregnating Equipment","주조 및 전자 구성품 방독처리용, 가죽 또는 직물 처리 및 이와 유사한 산업 처리작용으로 설계된 생산형 장비는 제외한다","Note-Excludes production type equipment designed for impregnation of metal castings and electronic components, processing of leather and textiles, and for similar industrial processing operations.","","","",""
"4235","A","위험물질 누수방지 및 세척장비 및 자재","Hazardous Material Spill Containment and Clean-up Equipment and Material","","","제2차 누수 방지통; 액체 누수방지 팔레트; 누수방지 대야; 누수방지 시스템; 흡수제","Includes Secondary Spill Containment Sumps; Liquid Spill Containment Pallets; Spill Containment Basins; Spill Containment Systems; Absorbent, Sorbent and Blotting Materials.","",""
"4240","A","안전 및 구조장비","Safety and Rescue Equipment","","","휴대용 화재 피난장치; 비부유형 안전망","Includes Portable Fire Escapes; Safety Nets, Nonbuoyant.","잠수복; 고정식 화재 피난장치","Excludes Divers' Suits; Fixed Fire Escapes."
"4250","A","재생 장비","Recycling and Reclamation Equipment","","","물질의 재사용이 가능한 제거, 중화, 준비를 위하여 설계된 재료 및 기계류, 재생되지 않은 것도 고려됨","Includes Material and Machinery designed to remove, neutralize and/or prepare for possible re-use of substances otherwise considered to be un-reclaimable.","",""
"4300","A","펌프 및 압축기","Pumps and Compressors","엔진 연료펌프, 항공기 프로펠러 페더링펌프, 포크리프트 작동펌프, 포탑 작동컴프레서 및 차량 브레이크 시스템 컴프레서와 같은 각 개별 장비용으로 설계된 펌프 및 컴프레서는 이 그룹에서 제외되며, 또한 연료공급장치용으로 특수 설계된 품목도 제외한다. 미연방보급분류번호 색인과 구조는 단지 단일 군급에 분류하도록 인정된 이러한 품목의 분류를 통제한다","Note-This group excludes pumps and compressors designed for use on individual types of equipment, such as engine fuel pumps, aircraft propeller feathering pumps, fork lift operating pumps, compressors for operating gun turrets, and vehicular brake system compressors. Also excluded are items specially designed as or for use on fuel dispensing equipment. The FSC indexes and structure will govern the classification of these items permitted classification in a single class only.","","","",""
"4310","A","압축기 및 진공펌프","Compressors and Vacuum Pumps","","","트럭 및 트레일러에 장착된 컴프레서","Includes Truck Mounted and Trailer Mounted Compressors.","냉동 컴프레서(군급 4130 ""냉동 및 공기조절 구성품"")","Excludes Refrigeration Compressors (FSC 4130)."
"4320","A","동력 및 수동펌프","Power and Hand Pumps","","","","","실험실용 제트펌프(그룹 65 ""내과, 치과 및 수의과용 장비 및 용품"" 및 그룹 66 ""계기류 및 실험실 장비"")","Excludes Laboratory Jet Pumps (FSG 65 and 66)."
"4330","A","원심분리기,분리기 및 압력·진공 필터","Centrifugals, Separators, and Pressure and Vacuum Filters","","","","","실험실용 원심분리기(그룹 65 ""내과, 치과 및 수의과용 장비 및 용품"" 및 그룹 66 ""계기류 및 실험실 장비""); 정수 필터(군급 4610 ""정수장비"")","Excludes Laboratory Centrifuges (FSG 65 and 66); Water Purification Filters (FSC 4610)."
"4400","A","용광로,증기설비 및 건조장비;원자로","Furnace, Steam Plant, and Drying Equipment; and Nuclear Reactors","","","","","",""
"4410","A","산업용 보일러","Industrial Boilers","","","15파운드 WSP 이상의 증기보일러, 선박용 보일러; 보일러 드럼; 저압 온수기(100갤런 회수능력 이상)","Includes Steam Boilers, over 15 pounds WSP. Marine Boilers; Boiler Drums; Water Heaters, Low Pressure (over 100 gallon recovery capacity).","",""
"4420","A","열교환기 및 복수기","Heat Exchangers and Steam Condensers","","","","","",""
"4430","A","공업용 용광로,가마,유리 융해로(融解爐) 및 오븐","Industrial Furnaces, Kilns, Lehrs, and Ovens","","","도가니로; 용광로","Includes Crucible Furnaces; Cupola Furnaces.","식품공장 오븐(군급 7310 ""요리, 제빵 및 서빙장비""), 금속 열처리 노(군급 3424 ""금속 열처리 및 비열처리 장비""), 실험실용 노(군급 6640 ""실험실 장비 및 용품"")","Excludes Food Industry Ovens (FSC 7310); Metal Heat Treating Furnaces (FSC 3424); Laboratory Type Furnaces (FSC 6640)."
"4440","A","건조기,탈수기 및 무수기","Driers, Dehydrators, and Anhydrators","","","증발기","Includes Evaporators.","",""
"4460","A","공기 정화 장치","Air Purification Equipment","","","전자식 침진기; 먼지 흡수장비","Includes Electronic Precipitators; Dust Collection Equipment.","선풍기 및 송풍기 장비(군급 4140 ""선풍기, 환풍기 및 송풍기 장비""), 공기 조절장비(군급 4120)","Excludes Fan and Blower Equipment (FSC 4140); Air Conditioning Equipment (FSC 4120)."
"4470","A","원자로","Nuclear Reactors","이 군급은 모든 형태의 원자로 및 원자로, 원자로 주 냉각시스템, 보조 유체 시스템, 특수 추진 설비 시스템, 취급 및 정비장비, 전기 및 전자 시스템, 관련 특수 시험 및 물 화학 제어품목용으로 특수 설계된 품목들을 포함한다. 다른 군급에 적절하게 분류할 수 있는 품목은 이 군급에서 제외한다","Note-This class includes all types of nuclear reactors and those items which are specifically designed for use within nuclear reactors, their primary cooling systems, auxiliary fluid systems, special propulsion plant systems, handling and servicing equipment, electrical and control systems, and associated special test and water chemistry control items. Excluded from this class are those items for which more specific classifications are suitable.","재급유장치; 이온 밀봉실; 이온밀봉실; 열장벽; 제어봉; 가압수 증기 발생기; 원자로 용기 외피; 취급 카트; 기존 및 신규 카트리지 호이스팅 장치","Includes Refueling Machines; Ion Chamber Seals; Thermal Barriers; Control Rods; Steam Generators, Pressurized Water; Reactor Vessel Shells; Handling Carts; Hoisting Units, New and Spent Cartridge.","",""
"4500","A","배관,난방 및 폐기처리 장비","Plumbing, Heating, and Waste Disposal Equipment","","","","","",""
"4510","A","배관 설비물 및 부속품","Plumbing Fixtures and Accessories","","","목욕통; 세면대; 샤워 룸; (부엌의)수채; 수세식 화장실; 분배기, 물꼭지, 받침, 선반, 샤워 헤드, 접시형 밸브 및 스톱밸브와 같은 부수품 및 구성품 [註] 스톱밸브:접시형 밸브와 밸브시트에 대하여 나사를 상하로 움직임으로써 유체의 흐름을 개폐하는 장치","Includes Bathtubs; Commodes; Lavatories; Shower Cabinets; Sinks; Water Closets; Accessories and Component Parts, such as Dispensers, Faucets, Holders, Racks, Shower Heads, Flush Valves and Stop Valves.","호스, 파이프 및 튜브용 부속류 및 특제품(군급 4730 ""호스, 파이프 및 튜브, 윤활 및 레일 부착물"")","Excludes Fittings and Specialties for Hose, Pipe and Tube (FSC 4730)."
"4520","A","난방장치","Space and Water Heating Equipment","","","온수보일러(수압 30파운드까지); 스팀 및 증기보일러(15파운드 이하, 군급 4410 ""산업용 보일러"" 참조); 방열기; 전기 및 비전기식 이동식 실내난로; 온(溫)공기관 및 무관 난로; 난로; 가정용 물탱크(수용용량 100갤런까지); 온수기(회수용량 100갤런까지, 군급 4410 ""산업용 보일러"" 참조)","Includes Boilers, 15 pounds WSP and under (for boilers over 15 pounds WSP, see FSC 4410); Domestic Water Storage Tanks through 100 gallon capacity; Fireplace Heaters; Furnaces; Space Heaters; Heating Radiators; Immersion Heaters; Water Heaters, through 100 gallon recovery capacity (for heaters over 100 gallons recovery capacity, see FSC 4410).","차량용 히터(군급 2540 ""차량용 비품 및 부수품""); 항공기용 히터(군급 1660 ""항공기 냉방, 난방 및 압력조절장비"")","Excludes Vehicle Heaters; (FSC 2540); Aircraft Heaters (FSC 1660)."
"4530","A","연료연소장치","Fuel Burning Equipment Units","","","오일버너; 급탄기(給炭機); 가스버너 [註] ⓐ급탄기:보일러에 석탄 등 고체연료를 자동적으로 이송하여 화격자(火格子) 위에서 연소시키는 장치","Includes Oil Burners; Stokers; Gas Burners.","",""
"4540","A","폐기처분 장비","Waste Disposal Equipment","","","쓰레기 분쇄 압축기; 소각로; 부엌 찌꺼기 분쇄 처리기; 부패 탱크 [註] 부패 탱크:오물 처리조의 일부로써 이곳에서 오물이 분해되어 액상(液狀)으로 되고, 혐기균이 작용하여 유기물을 분해함으로써 무기물로 된다","Includes Compactors; Destructors; Garbage Disposals; Incinerators; Septic Tanks.","",""
"4600","A","정수 및 하수처리 장비","Water Purification and Sewage Treatment Equipment","","","","","",""
"4610","A","정수장비","Water Purification Equipment","","","순수장치(純水裝置); 여과장비; 얼음 및 눈 용해장치 [註] ⓐ순수장치:이온 교환수지에 의해서 천연수에 포함되어 있는 불순물을 제거하는 장치","Includes Demineralizers; Filtration Equipment; Ice and Snow Melters.","정수제(군급 6810 ""화학제품"" 및 7930 ""청소 및 광택용 화합물 및 조제품""); 연수제(軟水劑)(군급 6810 및 7930) [註] ⓐ연수제:수중의 용해물질을 제거하는 물질  ","Excludes Water Purification Compounds (FSC 6810 and 7930); Water Softening Compounds (FSC 6810 and 7930)."
"4620","A","선박 및 산업용 물 증류장비","Water Distillation Equipment, Marine and Industrial","","","","","구명(救命)용 물증류기; 실험실용 증류기구","Excludes Laboratory Distillation Apparatus (FSC 6640)."
"4630","A","하수처리장비","Sewage Treatment Equipment","","","","","",""
"4700","A","파이프,튜브,호스 및 부속품","Pipe, Tubing, Hose, and Fittings"," ",""," ",""," ",""
"4710","A","파이프,튜브 및 단단한 관(管)종류","Pipe, Tube and Rigid Tubing","","","지하수로 파이프; 지하수로 파이프 연결밴드; 금속 파이프; 플라스틱 파이프; 튜브 및 단단한 관종류 및 그 조립체","Includes Culvert Pipes; Culvert Pipe Connector Bands; Metallic Pipes; Plastic Pipes; Tubes and Rigid Tubing and their assemblies.","냉방-난방 파이프(군급 4520 ""난방장비 및 가정용 온수기""); 석면 및 시멘트, 역청화된 섬유, 진흙 및 콘크리트 파이프(군급 5630 ""비금속 파이프 및 도관""); 전선용 파이프 및 그 조립체(군급 5975 ""전기용 하드웨어 및 용품""); 세로 홈통 파이프(군급 5670 ""조립식 건축 구성품""); 배기 파이프(군급 1560 ""항공기 기체 구성품"", 2990 ""비항공기용 기타 엔진 부수품"" 및 4520 ""난방장비 및 가정용 온수기""); 소화계통 파이프 및 튜브, 그 조립체(군급 4210 ""소방장비""); 유연한 관(군급 4720 ""호스 및 유연한 관 종류""); 유리 튜브(군급 6640 ""실험실 장비 및 용품"" 및 9340 ""유리제품""); 실험실용 튜브(군급 6640); 내과 및 외과용 튜브(군급 6515 ""내과 및 외과용 기구, 장비 및 공급품"")","Excludes Air Conditioning-Heating Pipes (FSC 4520); Asbestos and Cement, Bituminized Fiber, Clay and Concrete Pipes (FSC 5630); Conduit Pipes and their assemblies (FSC 5975); Downspout Pipes (FSC 5670); Exhaust Pipes (FSC 1560, 2990, and  4520); Fire Extinguishing Systems Pipes and Tubes and their assemblies (FSC 4210); Flexible Tubing (FSC 4720); Glass Tubing (FSC 6640, and 9340); Laboratory Tubes (FSC 6640); Medical and Surgical Tubes (FSC 6515)."
"4720","A","호스 및 유연한 관(管)종류","Hose and Flexible Tubing","","","에어 덕트, 금속, 비금속 및 직물 섬유 호스 및 그 조립체; 유연한 관류 및 그 조립체","Includes Air Duct, Metallic, Nonmetallic, and Textile Fiber Hoses and their assemblies; Flexible Tubing and their assemblies.","도관 및 그 조립체(군급 5975 ""전기용 하드웨어 및 용품""); 실험실용 튜브(군급 6640 ""실험실 장비 및 용품""); 내과 및 외과용 튜브(군급 6515 ""내과 및 외과용 기구, 장비 및 공급품""); 단단한 관류 및 그 조립체(군급 4710 ""파이프, 튜브 및 단단한 관 종류"")","Excludes Conduit and their assemblies (FSC 5975); Laboratory Tubes (FSC 6640); Medical and Surgical Tubes (FSC 6515); Rigid Tubing and their assemblies (FSC 4710)."
"4730","A","호스,파이프 및 튜브,윤활유 및 레일 부속품","Hose, Pipe, Tube, Lubrication, and Railing Fittings","","","어댑터; 밴드; 클램프; 커넥터; 커플링; 크로스; 엘보우; 신축 이음쇠; 페룰; 플랜지; 윤활 부착물; 매니폴드; 니플; 노즐; 아우트렛; 플러그; 감속기; 스윙 및 스위블 관 이음쇠; T자관; 트랩; 유니온; 와이","Includes Adapters; Bends; Caps; Clamps; Connectors; Couplings; Crosses; Elbows; Expansion Joints; Ferrules; Flanges; Laterals; Lubrication Fittings; Manifolds; Nipples; Nozzles; Outlets; Plugs; Reducers; Swing and Swivel Joints; Tees; Traps; Unions; Wyes.","냉방-난방 부속품(군급 4520 ""난방장비 및 가정용 온수기""); 역청화된 섬유 및 콘크리트 부속품(군급 5630 ""비금속 파이프 및 도관""); 전선 박스 및 부속품(군급 5975 ""전기용 하드웨어 및 용품""); 세로 홈통 부속품(군급 5670 ""조립식 건축 구성품""); 내과 및 외과용 부속품(군급 6515 ""내과 및 외과용 기구, 장비 및 공급품""); 실험실 부속품(군급 6640 ""실험실 장비 및 용품""); 포스트 캡 및 레일 엔드(군급 5660 ""울타리 재료, 울타리, 문 및 구성품""); 기계나사 부싱 및 플러그(군급 5365 ""부싱, 링, 심 및 간격유지기"")","Excludes Air Conditioning-Heating Fittings (FSC 4520); Bituminized Fiber and Concrete Fittings (FSC 5630); Conduit Boxes and Fittings (FSC 5975); Downspout Fittings (FSC 5670); Medical and Surgical Fittings (FSC 6515); Laboratory Fittings (FSC 6640); Post Caps and Rail Ends (FSC 5660); Machine Thread Bushings and Plugs (FSC 5365)."
"4800","A","밸브","Valves","개별형 장비 또는 시스템용으로 설계된 밸브는 이 그룹에서 제외한다. 타이어 밸브,엔진 흡입 및 배기 밸브, 기화기 밸브, 워터 미싱 밸브 및 플러시 밸브와 같은 품목도 제외된다.","Note-This group may include specially designed valves for use on individual types of equipment or systems.  Excluded are such items as tire valves, engine intake and exhaust valves, explosive valves, carburetor valves, water mixing valves, and flush valves.","","","",""
"4810","A","동력 밸브","Valves, Powered","","","전동기 밸브; 유압 구동 밸브; 전자 솔레노이드 밸브 [註] ⓐ전자 솔레노이드 밸브:전자식 솔레노이드를 사용하여 스풀 밸브를 좌우로 이동시켜 실린더와 스풀 사이의 출입구를 변환함으로써 유로의 방향을 바꿀수 있는 밸브","Includes Electric Motor Operated Valves; Hydraulic Operated Valves; Solenoid Operated Valves.","엔진 흡입 및 배기 밸브(군급 2990 ""비항공기용 기타 엔진 부수품"", 2815 ""디젤엔진 및 구성품""); 소방장비용으로 특수 설계된 밸브(군급 4210 ""소방장비""); 배관 장비 및 동류(군급 4540 ""폐기처분 장비"")","Excludes Engine Intake and Exhaust valves (FSC 2990, 2815); Valves specifically designed for use with fire fighting equipment (FSC 4210); plumbing equipment, and the like (FSC 4540)."
"4820","A","비동력 밸브","Valves, Nonpowered","","","자동식 비동력 밸브; 게이트 밸브, 구형판, 앵글 밸브, 역행방지판, 안전판; 마개","Includes Automatic Nonpowered Valves; Gate, Globe, Angle, Check, and Relief Valves; Cocks.","소화전(군급 4210 ""소방장비""); 스프링클러 헤드(군급 4210); 소방장비용으로 특수 설계된 밸브(군급 4210); 배관 장비 및 동류(군급 4540 ""폐기처분 장비"")","Excludes Fire Hydrants (FSC 4210); Sprinkler Heads (FSC 4210); Valves specifically designed for use with fire fighting Equipment (FSC 4210); plumbing equipment, and the like (FSC 4540)."
"4900","A","정비 및 수리공장용 장비","Maintenance and Repair Shop Equipment","비자동차 또는 장비 및 자동차 정비 및 수리용으로 설계된 특수장비는 군급 4910 ""자동차 정비 및 수리공장 특수장비""에 분류한다. 정비 수리공장 특수장비와 함께 사용되는 지그, 고정구 및 템플리트는 이 그룹에 분류한다. 그러나 금속세공기계와 함께 사용되는 지그, 고정궈 및 템플리트는 그룹 34 ""금속공작기계""에 분류한다. 시험 및 정비용 특수장비로 특수설계된 적외선 조립체, 보조 조립체 구성품은 이 그룹의 적절한 군급에 분류한다. 시험용 통신 및 야간관측장비용으로 설계된 적외선 장비는 이 그룹에서 제외한다","Note-Specialized equipment which is designed for automotive maintenance and repair, and which is also used for the maintenance and repair of nonautomotive vehicles or equipment, will be classified in Class 4910.  Jigs, fixtures, and templates used in conjunction with maintenance and repair shop specialized equipment are classified in this group. However, jigs, fixtures, and templates used in conjunction with metalworking machinery are classified in Group 34.  Infrared assemblies, subassemblies, and components specifically designed as test and maintenance specialized equipment are classified in the appropriate classes of this group. Excluded from this group is infrared equipment designed for testing communications and night vision equipment.","","","",""
"4910","A","자동차 정비 및 수리공장 특수장비","Motor Vehicle Maintenance and Repair Shop Specialized Equipment","","","자동 리프트; 바퀴 정열기; 브레이크 정비장비; 타이어 정비 및 수선장비; 자동차용 특수 시험대 및 시험장비","Includes Automotive Lifts; Wheel Aligners; Brake Service Equipment; Tire Maintenance and Repair Equipment; Test stands and test equipment specially designed for use with motor vehicles.","수공구(그룹 51); 윤활 및 연료 공급장비(군급 4930); 연방보급분류집(군급 6625 ""전기 및 전자적 특성 측정 시험계기"")에 나타난 전류계, 전압계, 전압계, 멀티미터 및 유사기구류 특수형을 포함, 기본형 전기 및 전자 시험기구","Excludes Hand Tools (FSG 51); Lubrication and Fuel Dispensing Equipment (FSC 4930); Basic types of electrical and electronic test instruments, including those specifically designed, such as ammeters, voltmeters, ohmmeters, multimeters, and similar instruments as shown in the indexes in the FSC (FSC 6625)."
"4920","A","항공기 정비 및 수리공장 특수장비","Aircraft Maintenance and Repair Shop Specialized Equipment","","","수리 또는 분해수리중 항공기조립체를 지지하도록 설계된 정비대; 엔진, 제네레이터, 유압 시스템, 무장 및 사격통제장비 등 항공기 부분품에 사용되도록 특수설계된 시험대 및 시험장비","Includes Maintenance stands designed for support of aircraft assemblies during repair or overhaul; Test Stands and Test Equipment specially designed for maintenance and repair of aircraft components such as: engines, generators, hydraulic systems, armament, automatic pilot, fire control, flight control, and navigational systems.","수공구; 비행장 정비대; 연방보급분류집에 나타난 전류계, 전압계, 전압계, 멀티미터 및 유사기구류 특수형을 포함 기본형 전기 및 전자 시험기구; 통신 및 기타 전기 및 전자장비 공용 시험장비","Excludes Hand Tools; Airfield Maintenance Platforms; Basic types of electrical and electronic test instruments, including those specially designed, such as ammeters, voltmeters ohmmeters, multimeters, and similar instruments, as shown in the indexes to the FSC; Test Apparatus used for both communications and other electrical and electronic equipment."
"4921","A","어뢰 정비,수리 및 검사용 특수장비","Torpedo Maintenance, Repair, and Checkout Specialized Equipment","","","어뢰 및 어뢰구성품 수리 및 정비를 위해 특수설계된 정비, 시험, 검사 및 수리공장 특수장비; 분해수리, 정비, 어댑터, 고정구, 검사 및 파지 고정구, 수평조정 잭조립체, 연료 충전 및 흡관조립체, 인장기 조립체, 동체받침 어댑터 및 경사거치 조립체, 압축공기 히터조립체, 모터 건조기 및 뽑개 조립체; 어뢰 및 어뢰구성품의 분해수리, 정비, 시험, 검사 및 수리용 시험대수준기 및 시험대; 전기회로용 테스트 패널, 고정물 및 시험세트; 발사회로 및 어뢰 시험세트","Includes Specially designed maintenance, test, checkout, and repair shop specialized equipment for maintenance and repair of torpedoes, torpedo components; adapters, fixtures, inspection and holding fixtures, leveling jack assemblies, fuel filling and syphon assemblies, control surface adapter and protractor assemblies, afterbody cradle adapter and tilting mount assemblies, pressure air heater assemblies, motor drier and puller assemblies, test stand levels and stands for overhaul, maintenance, test, checkout, and repair of torpedo and torpedo components, test panels, fixtures, and test sets for electrical circuits, firing circuits and torpedo test sets.","탄약, 유도탄, 로켓, 발사통제장치, 우주비행체, 기뢰, 폭뢰 및 핵병기의 정비 및 수리용 특수 정비 시험, 검사 및 수리공장용 특수장비; 전류계, 전압계, 저항계, 멀티미터, 검류계 및 그와 유사 기구류 기본형 전기 및 전자테스트 기구 또한 제외한다.","Excludes Specially designed maintenance test, checkout and repair shop specialized equipment for maintenance and repair of ammunition, guided missiles, rockets, fire control, space vehicles, underwater mines, depth charges and nuclear ordnance. Also excludes ""basic"" types of electrical and electronic test instruments, such as ammeters, voltmeters, ohmmeters, multimeters, galvanometers and similar instruments."
"4923","A","폭뢰 및 기뢰 정비,수리 및 검사용 특수장비","Depth Charges and Underwater Mines Maintenance, Repair, and Checkout Specialized Equipment","","","폭뢰 및 기뢰의 정비 및 수리를 위해 특수설계된 정비, 시험, 검사 및 수리공장용 특수장비; 어댑터, 검사, 시험 및 파지고정구; 기뢰 및 폭뢰의 분해검사, 정비, 시험, 검사를 위한 설치대; 시험 고정구, 패널 플러스 조립체 및 누출검사, 압력검사, 발사회로 및 시한장치용 시험세트","Includes Specially designed maintenance, test, checkout and repair shop specialized equipment for maintenance and repair of depth charges and underwater mines; adapters, inspection, test and holding fixtures; stands for overhaul, maintenance, test, checkout, and repair of underwater mines and depth charges; test fixtures, panels plus assemblies and test sets for leak test, pressure test, firing circuits and timing devices.","핵병기, 유도탄, 탄약, 어뢰,로켓, 사격통제장치, 우주비행체용 특수설계 정비, 시험, 검사 및 수선공장용 특수장비 및 ""기본형"" 전기 및 전자시험기구","Excludes Specially designed maintenance, test, checkout, and repair shop equipment designed for nuclear ordnance, guided missiles, ammunition, torpedoes, rockets, fire control, space vehicles and ""basic"" types of electrical and electronic test instruments."
"4925","A","탄약 정비,수리 및 검사용 특수장비","Ammunition Maintenance, Repair, and Checkout Specialized Equipment","","","탄약품목 정비 및 수선용으로 특수 설계된 정비, 시험, 검사 및 수선공장 특수장비; 탄약 공급장치 및 호퍼 어댑터; 검사 및 고정구; 탄약벨트를 조립 및 분리하기위한 연결장치 및 분리장치; 폭발성가스 발생탐지계; 뇌관 발화장치 고정쇠; 가스폭탄 수리키트; 패널; 플러그 조립체; 탄약 정비 검사 및 수리용 시험세트","Includes Specially designed maintenance, test, checkout, and repair shop specialized equipment, for maintenance and repair of ammunition items; adapters, ammunition feeders and hoppers; inspection and holding fixtures; linkers, linkers-delinkers, and delinkers to assemble and disassemble ammunition belts; surveillance ovens; explosimeters; primer firing device fixtures; mandrels; repositioning machines; gas bomb service kits; test fixtures; panels; plug assemblies; and test sets for ammunition maintenance, checkout and repair.","유도탄,유도탄 원격제어장치, 유도탄시스템용으로 특수설계된 정비, 수리, 검사 및 시험장비; 사격통제장치;핵병기; 로켓, 기뢰 및 폭뢰; 어뢰; 우주비행체 및 항공기 무기 발사기용 시험장비; 군급분류집에 등재된 전류계, 전압계, 저항계, 멀티미터 및 그 부류의 기본형 전기 및 전자시험계기","Excludes Maintenance, repair, checkout and test equipment specially designed for use with guided missiles, guided missile remote control systems, guided missile systems; fire control; nuclear ordnance; rockets, underwater mines and depth charges; torpedoes; space vehicles and test equipment for aircraft weapon launchers; basic types of electrical and electronic test instruments, such as ammeters, voltmeters, ohmmeters, multimeters, and similar instruments, as shown in the indexes to the FSC."
"4927","A","로켓 정비,수리 및 검사용 특수장비","Rocket Maintenance, Repair and Checkout Specialized Equipment","","","로켓 및 로켓 구성품의 정비 및 수리를 위해 특수하게 설계된 정비, 시험, 검사 및 수리공장 특수장비; 로켓 정비대; 시험대; 고정대; 지그; 로켓모터 및 기타 로켓구성품의 수리 및 정비를 위해 설계된 수리공장 장비","Includes Specially designed maintenance, test, checkout, and repair shop specialized equipment for maintenance and repair of rockets and rocket components; rocket maintenance stands; test stands; fixtures; jigs; and shop equipment designed for maintenance and repair of rockets, rocket motors and other rocket components.","핵병기, 유도탄, 사격 통제장치, 어뢰, 기뢰, 폭뢰, 탄약, 우주 비행체용으로 특수 설계된 시험, 검사 및 수선 공장 장비; 로켓 발사기용 시험장비 및 전류계, 전압계, 전기 저항계, 다중계, 검류계 및 이와 유사한 계기류와 같은 ""기본형"" 전기 및 전자 시험기구","Excludes Specially designed maintenance, test, checkout, and repair shop equipment specifically designed for nuclear ordnance, guided missiles, fire control, torpedoes, underwater mines, depth charges, ammunition, space vehicles; test equipment for aircraft rocket launchers and ""basic"" types of electrical and electronic test instruments, such as ammeters, voltmeters, ohmmeters, multimeters, galvanometers and similar instruments."
"4930","A","윤활유 및 연료 공급장비","Lubrication and Fuel Dispensing Equipment","","","손 그리스 건; 통합 주유장치; 정압 주유기; 오일 및 가솔린 공급펌프; 연료 공급펌프; 손 주유기; 그리스 분배기; 압력 주입기 부속품; 급유 확인 주유기 [註] ⓐ급유 확인 주유기:급유장치에서 급유를 눈으로 확인하는 장치가 달린 주유기","Includes Hand Grease Guns; Centralized Lubrication Systems; Hydrostatic Lubricators; Oil and Gasoline Dispensing Pumps; Fuel Oil Dispensing Pumps; Hand Oilers; Grease Dispensers; Pressure Gun Attachments; Sight Feed Lubricators.","주유용 부착물(군급 4730 ""호스, 파이프 및 튜브, 윤활유 및 레일 부착물"")","Excludes Alemite and Lubrication Fittings (FSC 4730)."
"4931","A","사격통제장치 정비 및 수리공장용 특수장비","Fire Control Maintenance and Repair Shop Specialized Equipment","","","특수 시험장비, 정비대 및 설치물","Includes Specially Designed Test Equipment, Maintenance Fixtures and Stands.","사격통제장치 및 다른장비에 함께 사용할 수 있는 기구; 항공기 탑재 사격통제장치 정비 및 수리공장용 장비","Excludes Instruments for use on both Fire Control and other Equipment; Airborne Fire Control Maintenance and Repair Shop Equipment."
"4933","A","무기정비 및 수리공장용 특수장비","Weapons Maintenance and Repair Shop Specialized Equipment","","","정비대, 고정구 및 지그","Includes Maintenance Stands, Fixtures, and Jigs.","원자무기 정비 및 수리공장용 특수장비; 항공기 탑재무기의 정비 및 수리공장용 장비","Excludes Atomic Ordnance Maintenance and Repair Shop Specialized Equipment; Airborne Weapons Maintenance and Repair Shop Equipment."
"4935","A","유도탄 정비,수리 및 검사용 특수장비","Guided Missile Maintenance, Repair, and Checkout Specialized Equipment","","","유도탄 및 유도탄 원격 조종장치용으로 특수 설계된 검사장비 및 시험장비","Includes Checkout equipment and test equipment specially designed for use with guided missiles and guided missile remote control systems.","유도탄 원격 조종장치용으로 특수 설계된 검사장비 및 시험장비; 군급 색인에 나타난 전류계, 전압계, 전기 저항계, 다중계 및 그와 유사한 계기와 같은 특수 설계된 것을 포함, 기본형 전기 및 전자 시험기구; 통신, 기타 전기 및 전자장비와 함께 사용되는 시험기구","Excludes Specially designed internal (built-in) checkout equipment for guided missile remote control systems; Basic types of electrical and electronic test instruments, including those specially designed, such as ammeters, voltmeters, ohmmeters, multimeters, and similar instruments, as shown in the indexes to the FSC; Test Apparatus used for both communications and other electrical and electronic equipment."
"4940","A","기타 정비 및 수리공장용 특수장비","Miscellaneous Maintenance and Repair Shop Specialized Equipment","","","페인트 분무장비","Includes Paint Spraying Equipment.","수공구(그룹 51)","Excludes Hand Tools (FSG 51)."
"4960","A","우주비행체 정비,수리 및 검사용 특수장비","Space Vehicle Maintenance, Repair, and Checkout Specialized Equipment","","","원격 조종장치를 포함하여 우주차량에 사용하도록 특수 설계된 검사 및 시험장비","Includes Checkout and Test Equipment specially designed for use with Space Vehicles, including Remote Control Systems.","유도탄 및 우주차량에 함께 사용되는 검사 및 시험장비; 원격 조종장치용으로 특수 설계된 내부(내장) 검사장비; 군급 색인에 나타난 전류계, 전압계, 다중계 및 그와 유사한 계기와 같은 특수 설계된 것을 포함, 기본형 전기 및 전자 시험기구","Excludes Checkout and Test Equipment used with both Guided Missiles and Space Vehicles; Specially designed Internal (Built-in) Checkout Equipment for Remote Control Systems; Basic types of Electrical and Electronic Test Instruments, including those specially designed, such as ammeters, ohmmeters, multimeters, and similar instruments, as shown in the indexes to the FSC."
"4970","A","다목적 유도무기, 특수 정비 및 수리공장 장비","Multiple Guided Weapons, Specialized Maintenance and Repair Shop Equipment","이 군급은 복합 유도무기시스템을 수선, 결함제거, 정비, 시험하기 위해 제작된 정비, 시험, 검사 및 수리 공장용 장비를 포함한다. 반면에 하나의 특수 체계에 사용되도록 설계된 장비는 각각의 지시된 군급(예를 들면 군급4921 ""어뢰 정비, 수리 및 검사용 특수장비, 군급 4927 ""로켓 정비, 수리 및 검사용 특수장비"", 군급 4935 ""유도탄 정비, 수리 및 검사용 특수장비"")을 참조하라","Note-Maintenance, test, checkout and repair shop equipment designed to test, maintain, fault isolate and repair multiple guided weapon systems. For equipment designed to be used with only one specific system see the individual FSC indexed (i.e., 4921, 4927, 4935).","","","",""
"5100","A","수공구","Hand Tools","","","","","",""
"5110","A","수공구, 날이 있는 비동력","Hand Tools, Edged, Nonpowered","","","끌; 줄; 파이프 커터; 거친줄; 톱; 나사 플레이트; 도끼; 손도끼; 칼(중남미 토인용) [註] ⓐ나사 플레이트:좁다란 철판 한쪽에 달린 봉상부분(棒狀部分)에 나사를 깎은 플레이트","Includes Chisels; Files; Pipe Cutters; Rasps; Saws; Screw Plates; Axes; Hatchets; Machetes.","",""
"5120","A","수공구, 비절단용, 비동력","Hand Tools, Nonedged, Nonpowered","","","해머; 곡괭이; 절단만을 목적으로 하는 플라이어를 제외한 플라이어; 드라이버; 삽; 건설공사용 갈구리; 쇠스랑 및 괭이; 콘트랙터용 잭을 포함한 잭; 구난봉; 아교 냄비; 토치 램프","Includes Hammers; Picks; Pliers, except pliers for cutting only; Screwdrivers; Shovels; Construction Rakes, Forks and Hoes; Jacks, including Contractors' Jacks; Wrecking Bars; Glue Pots; Blowtorches.","직공용 측정도구; 가정용 갈구리, 포크, 괭이 및 기타 가정용 공구","Excludes Craftsman's Measuring Tools; Gardening Rakes, Forks, Hoes, and other Garden Tools."
"5130","A","동력 수공구","Hand Tools, Power Driven","","","드릴; 리베터; 휴대용 전기톱; 압축공기용 공구; 손에 들고 동력으로 작동되는 공구에만 사용되는 연마용 바퀴원추 및 기타 연마용 부속품","Includes Drills; Riveters; Portable Electric Saws; Pneumatic Tools; Abrasive Wheels, Cones, and other Abrasive Attachments for use only on Hand Held Power Tools.","",""
"5133","A","드릴비트,카운터보어,카운터싱크:수동 및 기계식","Drill Bits, Counterbores, and Countersinks: Hand and Machine","","","","","",""
"5136","A","탭,다이스,콜릿:수동및기계식 [註]ⓐ탭:단조작업에서 특별한 모양으로 소재를 성형할 때 사용하는 공구ⓑ다이스:수나사를 깎는 공구ⓒ콜릿:엔드 밀링커터와 같은 자루붙이 밀링커터를 끼워넣는 공구","Taps, Dies, and Collets; Hand and Machine","","","","","펀치, 스탬프 및 표시용 다이스","Excludes Punching, Stamping, and Marking Dies."
"5140","A","공구 및 철물상자","Tool and Hardware Boxes","","","","","",""
"5180","A","수공구 세트,키트 및 용구","Sets, Kits, and Outfits of Hand Tools","이 군급은 하나 또는 여러 군급에서 여러 다른 품목으로 분류할 수 있는 세트, 키트 및 용구를 포함한다. 한품목의 다양함(크기 또는 색깔 등)으로 구성된 세트, 키트 및 장구는 이 군급에서 제외하며, 이러한 품목은 개별품목으로서 동일한 군급에 분류한다","Note-This class includes sets, kits and outfits consisting of several different items classifiable either in a single class or in several classes. Excluded from this class are sets, kits and outfits consisting of variations (such as size or color) of an item. Classify these items in the same class as the individual item.","","","",""
"5200","A","측정공구","Measuring Tools","","","","","",""
"5210","A","기능공용 측정공구","Measuring Tools, Craftsmen's","이 군급은 특수 검사 게이지는 포함하지 않으며, 이는 군급 5220 ""검사 게이지 및 정밀설계용 공구""에 분류한다","Note-This class does not include special inspection gages, which are classified in Class 5220.","캘리퍼; 수준기; 마이크로미터; 측량추; 정밀 테이프; 직각자; 각도계; 중심계; 심도계; 인장계; 드릴 포인트 게이지; 필릿 및 반경측정기; 유리직공용 게이지; 높이 게이지(버니어); 플레이너 게이지; 리벳 실렉터 게이지; 톱날 세트 게이지; 스크루 피치 게이지; 서피스 게이지; 텔레스코핑 게이지; 후도계(두께 측정); 튜브 비드 게이지; 튜브 플레어 게이지; 드릴 게이지; 트위스트 드릴 및 로드 게이지; 트위스트 드릴 및 탭 게이지; 테이퍼-와이어-후도계; 와이어 게이지; 공구 표시 플레이너 및 셰이퍼 게이지; 게이지 블록","Includes Calipers; Levels; Micrometers; Plumb Bobs; Precision Tapes; Squares; Angle Gages; Center Gages; Depth Gages; Draw Gages; Drill Point Gages; Fillet and Radius Gages; Glaziers' Gages; Height Gages (Vernier); Planer Gages; Rivet Selector Gages; Saw Tooth Set Gages; Screw Pitch Gages; Surface Gages; Telescoping Gages; Thickness Gages; Tube Bead Gages; Tube Flare Gages; Twist Drill Gages; Twist Drill and Rod Gages; Twist Drill and Tap Gages; Taper-Wire-Thickness Gages; Wire Gages; Tool Setting Planer and Shaper Gages; Gage Blocks.","",""
"5220","A","검사 게이지 및 정밀설계용 공구","Inspection Gages and Precision Layout Tools","특수 검사 게이지는 이 군급에 포함한다","Note-Special inspection gages are included in this class.","플러그, 링, 스냅, 나사산 및 길이 측정기를 포함한 통과 및 비통과 게이지; 윤곽 게이지; 픽스처 게이지; 특수 검사 게이지","Includes Go and Not-Go Gages, including Plug, Ring, Snap, Thread, and Length Gages; Profile Gages; Fixture Gages; Special Inspection Gages.","",""
"5280","A","측정공구 세트,키트 및 용구","Sets, Kits, and Outfits of Measuring Tools","","","","","",""
"5300","A","철물 및 연마제","Hardware and Abrasives","","","","","",""
"5305","A","나사","Screws","","","","","",""
"5306","A","볼트","Bolts","","","","","",""
"5307","A","스터드","Studs","","","","","",""
"5310","A","너트 및 와셔","Nuts and Washers","특수설계된 것을 포함, 너트 및 와셔는 이 군급에 포함한다. a. 너트는 구멍이 뚫려있고 내부가 나사선으로 되어있는 정방형 및 육각형과 같은 다양한 형태의 작은 금속 블록을 말한다. b. 와셔는 다양한 형태의 금속, 가죽 또는 다른 재질의 구멍뚫린 조각을 말한다. 이들은 압력을 분산하기 위해 볼트, 너트, 나사, 리벳 또는 못 받침대로서 주로 사용되며, 위쪽방향으로의 이동을 방지하여 이들의 가장자리 형태에 의해 생성된 결속특징에 의해 두 부분사이의 움직임을 방지한다","Note-Nuts and washers, including specially designed, are to be classified in this FSC. a. Nuts are a small metal block made in a variety of shapes such as square and hexagonal which is drilled and internally threaded. b. Washers are a perforated piece of metal, leather, or other materials of various shapes or forms. They are used primarily as a seat for a bolt, nut, screw, rivet or nail to distribute pressure and prevent endwise motion over an area and/or to prevent movement between two parts by means of restraining features created by the shape of its edges.","로크너트; 아이너트; 플레인너트; 캐스터레이티드너트; 나비너트; 플레이트너트; 푸시온너트; 오목 및 볼록 와셔; 평면 와셔; 키형 와셔; 로크와셔; 어깨형 와셔; 스플릿 와셔","Includes Locknuts; Eye Nuts; Plain Nuts; Castellated Nuts; Wing Nuts; Plate Nuts; Push on Nuts; Concave and Convex Washers; Flat Washers; Keyed Washers; Lock Washers; Shouldered Washers; Split Washers.","베어링 스러스트 와셔(군급 3120 ""비설치식 미끄럼 베어링""); 심(군급 5365 ""부싱, 링, 심 및 간격유지기""); 링 간격유지기(군급 5365); 판 간격유지기(군급 5365); 로크 링(군급 5365)","Excludes Bearing Thrust Washers (FSC 3120); Shims (FSC 5365); Ring Spacers (FSC 5365); Plate Spacers (FSC 5365); Lock Rings (FSC 5365)."
"5315","A","못,머신 키 및 핀","Nails, Machine Keys, and Pins","못, 머신키 및 핀은 이 군급에 분류한다 a. 못은 충격에 의해 삽입되도록 설계된 머리를 가진, 일반적으로 한 지점을 고정시키기 위한 가느다란 형태의 품목을 말한다 b. 머신키는 예를 들면 샤프트와 허브와 같은 관련회전을 방지하기 위해 일반적으로 홈안의 두 품목 사이에 삽입하는 품목이다 c. 핀은 둘 이상의 부품을 정력 또는 결합하기 위해 사용되는 다양한 재질의 원통형 품목이며, 각 운동을 허용할 수도 있다","Note-Nails, machine keys, and pins, including specially designed, will be classified in this FSC. a. Nails are slender, usually pointed fasteners with a head, and designed for insertion by impact. b. Machine keys are items generally inserted between two items, usually in a groove, to prevent relative rotation e.g., shaft and hub. c. Pins are cylindrical items of various materials used to align/attach two or more parts together and may allow for angular movement.","맞춤핀, 분할핀; 대못; 납작못; 비사무형 스테이플; 머신키; 대가리가 구부러진 못; 어깨형 핀; 코터핀; 못","Includes Dowel Pins, Split Pins; Spikes; Tacks; Nonoffice Type Staples; Machine Keys; Brads; Shouldered Pins; Cotter Pins; Nails.","샤프트(군급 3040 ""기타 동력전달장치""); 로크 키(군급 5340 ""상용 철물류"")","Excludes Shafts (FSC 3040); Lock Keys (FSC 5340)."
"5320","A","리벳","Rivets","","","","","",""
"5325","A","조임장치","Fastening Devices","","","금속고리; 밧줄고리; 항공기 엔진 커버 조임 금속구; 직물 조임 금속구; 리테이닝 링; 나사선 있는 끼움쇠","Includes Eyelets; Grommets; Aircraft Cowling Fasteners; Textile Fasteners; Retaining Rings; Threaded Inserts.","",""
"5330","A","패킹 및 개스킷 자재","Packing and Gasket Materials","이 군급은 표준형으로 설계된 실 및 개스킷만을 포함한다. 실, 개스킷, 패킹은 특수 설계된 재질로 만들어졌고, 열, 가스, 화학제, 액체의 작용으로부터 마모를 방지하기 위해 설계되었으며, 구멍을 막고 단단한 밀봉을 위해 사용된다. 실, 개스킷, 패킹을 만들기 위해 사용되는 유사한 재질은 살물 형태가 가능하며, 그룹 93""비금속 제품류"", 그룹 80""솔(붓), 페인트, 밀봉제 및 접착제"", 그룹 83""직물류, 피혁류, 모피류, 의복 및 구두 부속품류, 텐트 및 깃발류""을 참조하시오","Note-This FSC includes only seals and gaskets designed for standard use. Seals, gaskets and packing are made from materials specifically designed and constructed to resist deterioration from the action of heat, gas, chemicals, liquids, and used to fill a cavity and create a tight seal. Similar materials used to make seals, gaskets, and packing are available in bulk form, refer to FSG 93, FSG 80, and FSG 83.","일반목적용 오일 그리스, 공기, 액체, 가스 및 화학제 실; 뱃밥; 조립식 개스킷 및 단일 특수목적용으로 설계된 실","Includes General Purpose Oil Grease, Air, Liquid, Gas, and chemical Seals; Oakum; Prefabricated Gaskets and Seals designed for a single specific application.","O-링(군급 5331); 고무, 코르크 및 석면 시트 및 스트립과 같은 살물 품목(그룹 93 ""비금속 제품류""); 액체 개스킷 자재(RTV, Permatex 등) (그룹 80 ""솔(붓), 페인트, 밀봉제 및 접착제""); RFI 및 EMI 실 및 개스킷(군급 5999 ""기타 전기 및 전자 구성품"") 및 모든 실 리테이너","Excludes O-Rings (FSC 5331); Bulk material items, such as; Rubber, Cork, and Asbestos Sheets and Strips (FSG 93); Liquid Gasket Materials (RTV, Permatex, etc.) (FSG 80); RFI and EMI Seals and Gaskets (FSC 5999), and all Seal Retainers."
"5331","A","O-링","O-Ring","","","","","패킹 및 개스킷 자재 (군급 5330)","Excludes Packing and Gasket Material (FSC 5330)."
"5335","A","금속망","Metal Screening","금속망은 거른 부분과 거르지 않은 부분을 분리하기 위해 사용되는 구멍 뚫린 판 또는 실린더 또는 철망과 같은 구조물을 가르킨다","Note-Metal Screening is a perforated plate or cylinder or a meshed wire fabric usually mounted and used to separate coarse from finer parts.","방충용 망사창; 산업용 금속포; 산업용 금속망","Includes Insect Screening; Industrial Metal Cloth; Industrial Metal Mesh.","울타리(군급 5660 ""울타리, 문 및 구성품"")","Excludes Fencing (FSC 5660)."
"5340","A","상용 철물류","Hardware, Commercial","상용을 목적으로 제작된 상용 철물은 이 군급에 분류한다. 철물은 다른 곳에 분류할 수 없는 물질적, 유형의, 내구적인 완성품의 구성품을 가르키며, 이는 건설 및(또는) 제조업에 일반적으로 사용하는 상용 품목으로 구성된다 (예를 들면 힌지, 문 자물쇠)","Note-Common hardware designed primarily for commercial use will be classified in this FSC. Hardware is the physical, tangible and permanent components of end items that may not be classified elsewhere. It consists also of common items that are commonly used in construction and/or manufacturing (e.g., hinges, door locks).","액세스 커버; 범퍼; 양념병 대; 캐비닛 및 문용 철물; U 링크; 힌지; 래치; 가죽 끈 및 재료; 나선식 죔쇠; 피륙으로 만든 끈","Includes Access Covers; Bumpers; Casters; Cabinet and Door Hardware; Clevises; Hinges; Latches; Straps and Strapping; Turnbuckles; Webbed Straps.","무기체계용 철물류 (군급 5342)","Excludes Weapons System Hardware (FSC 5342)."
"5341","C","브래킷","Brackets","특수용 또는 응용 목적으로 특수 설계된 품목을 포함하는 모든 브래킷은 이 군급에 분류한다. 브래킷은 2차 품목을 지탱하는 단단한 구조물이다","FSC 5341 CANCELLED ON 030608 Brackets","단각 브래킷; 이중각 브래킷; 설치식 브래킷","Includes Angle Brackets; Double Angle Brackets; Mounting Brackets.","모서리용 브레이스(군급 5340 ""상용 철물류""); ""T""형 브레이스(군급 5340); 수선용 판(군급 5340)","Excludes Corner Braces (FSC 5340); ""T"" Braces (FSC 5340); Mending Plates (FSC 5340)."
"5342","A","무기체계용 철물류","Hardware, Weapon System","무기체계에 독특하게 적용되도록 설계된 철물은 이 군급에 분류한다","Note-Hardware designed for weapon systems unique applications will be classified in this FSC.","어댑터; 앵커플레이트 및 스트립; 벨로우; 커플링; 컨트롤로드; 접근문; 페어리드; 장착대; 타이로드; 요크","Includes Adapters; Anchor Plates and Straps; Anodes; Bellows; Couplings; Control Rods; Access Doors; Fairleads; Mounts; Tie Rods; Yokes.","상용 철물류(군급 5340)","Excludes Commercial Hardware (FSC 5340)."
"5345","A","연마용 디스크 및 돌","Disks and Stones, Abrasive","","","연마용 밸트; 면도 숫돌; 다용도의 연마바퀴","Includes Abrasive Belts and Belting; Hones; Abrasive Wheels, Multiapplication.","치과용 연마제; 연마 원추 및 기타장비에 붙는 연마용 부속품","Excludes Dental Abrasives; Abrasive Cones, and other Abrasive Attachments for equipment."
"5350","A","연마용 자재","Abrasive Materials","","","연마포; 연마지; 연마분; 연마용 화합물; 금속 마무리용 연마제; 공업용 다이아몬드; 다이아몬드 가루; 연마용 철단(鐵丹)","Includes Cloth; Papers; Powders; Abrasive Polishing Compounds; Metal Finishing Abrasives; Industrial Diamonds; Diamond Dust; Rouge.","",""
"5355","A","손잡이 및 지시기","Knobs and Pointers","","","눈금 있는 손잡이를 포함하는 손잡이; 다이얼, 저울 눈","Includes Knobs, including Calibrated Knobs; Dials, Scale.","",""
"5360","A","코일,판형,리프 및 철선 스프링","Coil, Flat, Leaf, and Wire Springs","특수 설계된 것을 포함, 모든 스프링은 이 군급에 분류한다. 스프링은 압착, 확장, 구부림 후 그의 원형을 회복하는 유연한 장치를 가르킨다","Note-All springs, including specially designed, will be classified in this FSC. A spring is an elastic mechanical device that regains its original shape after being compressed, extended or deflected.","압축 스프링; 토션 스프링; 리프 스프링 조립체; 판 스프링; 확장 스프링","Includes Compression Springs; Torsion Springs; Leaf Spring Assemblies; Flat Springs; Extension Springs.","",""
"5365","A","부싱,링,심 및 간격유지기","Bushings, Rings, Shims, and Spacers","특수 설계된 것을 포함하여 모든 품목을 이 군급에 분류한다. a. 부싱은 압박, 응력 및 진동으로 인한 손상으로부터 구멍 주의의 구조물을 보호하고, 구멍 안쪽의 직경을 감소하기 위해 구멍속에 삽입하도록 설계된 구멍이 뚫린 원통을 가르킨다. b. 링은 대개 중앙에 구멍을 가진 원형을 가르키며 다목적으로 사용한다. 지정된 용법을 위해 정확한 품명을 참조하시오. c. 심은 물질사이의 공간을 메우기 위해 사용하는 가늘고, 때로는 점점 가늘어지는 것을 가르킨다. 치수 매개변수를 위해서는 정확한 품명을 참조하시오. d. 간격유지기는 두 물체사이의 주어진 간격을 유지하기 위해 사용하는 장치이다","Note-All items, including specially designed, will be  classified in this FSC. a. A bushing is cylindrical in shape, hollow, and designed primarily to be inserted into a hole to reduce the effective inside diameter of the hole, and to protect the body structure about the hole from damage resulting from stress, strain, and vibration. b. A ring is cylindrical in shape, usually flat with a center hole. Rings are multi-applicational. See specific item name for designated usage. c. A shim is a thin, sometimes tapered, piece of material used to fill in space between things. See specific item name for dimensional parameters. d. A spacer is a device for holding two members at a given distance from each other.","외부 나선형 링; 마개로 죄고 톱니가 있는 자물쇠 고리; D자형 링; 링을 지지하는 기구; 심 세트 및 류; 플레이트 간격유지기; 링 간격유지기; 슬리브 간격유지기; 단이 있는 간격유지기; 간격유지기 세트 및 류; 슬리브 부싱; 기계 나선형 부싱; 기계 나선형 플러그","Includes Externally Threaded Rings; Keyed and Serrated Lock Rings; Dee Rings; Instrument Retaining Rings; Shim Sets and Assortments; Plate Spacers; Ring Spacers; Sleeve Spacers; Stepped Spacers; Spacer Sets and Assortments; Sleeve Bushings; Machine Threaded Bushings; Machine Threaded Plugs.","슬리브 베어링 (군급 3120 ""비설치형 미끄럼 베어링""); 파이프 나선형 플러그 (군급 4730 ""호스, 파이프 및 튜브, 윤활 및 레일 부착물""); 피스톤링 (군급 2520 ""차량 동력전달장치"", 2805 ""비항공기 가솔린 왕복엔진 및 구성품"", 2810 ""항공기 가솔린 왕복엔진 및 구성품"", 2815 ""디젤 엔진 및 구성품"", 2825 ""증기터빈 및 구성품"", 2990 ""비항공기용 기타 엔진 부수품"", 3040 ""기타 동력전달장치"", 4310 ""컴프레서 및 진공펌프"" 및 4820 ""비동력 밸브""); 리테이닝 링 (군급 5325 ""조임장치""); 쐐기자루 (군급 9515 ""플레이트, 시트, 스트립 및 박(箔))","Excludes Sleeve Bearings (FSC 3120); Pipe Threaded Plugs (FSC 4730); Piston Rings (FSC 2520, 2805, 2810, 2815, 2825, 2990, 3040, 4310, and 4820); Retaining Rings (FSC 5325); Shim Stock (FSC 9515)."
"5400","A","조립식 구조물 및 발판","Prefabricated Structures and Scaffolding","","","","","",""
"5410","A","조립식 및 이동식 건축물","Prefabricated and Portable Buildings","","","조립식 패널; 공기를 넣어 부풀릴 수 있는 차폐물; 금속망 및 금속창","Includes Prefabricated Panels; Inflatable Shelters; Metal Screens and Metal Windows.","",""
"5411","A","단단한 벽 차폐물","Rigid Wall Shelters","","","소모성 및 비소모성 차폐물","Includes Expandable and nonexpandable shelters.","",""
"5419","A","집단 모듈 지원시스템","Collective Modular Support System","사기 및 복지수준을 높이기 위한 숙사, 취사, 세탁, 샤워/위생 서비스, 레크레이션 및 지원 서비스와 같은 휴식 및 레크레이션 지역에 일반적으로 요구되는 설비를 포함하는 독립적인 주거지를 포함한다","Note-Includes Self-Contained habitat, containing facilities normally expected in a ""Rest and Recreational"" area, such as; billeting, food services, laundry, shower/hygiene services, recreational and support services that enhance morale and welfare.","","","",""
"5420","A","고정식 및 부유식 다리","Bridges, Fixed and Floating","","","다리 건설용 특수장비, 부교 및 판툰, 삭도, 구각교","Includes Special Bridge Erection Equipment; Bridge Floats and Pontoons; Tramways; Trestles.","부교 및 부유 독(군급 1945)","Excludes Pontoons and Floating Docks (FSC 1945)."
"5430","A","저장탱크","Storage Tanks","","","저장용 전용 조립식 및 비조립식 탱크; 압력 및 진공탱크; 대량 원유 저장탱크","Includes Assembled and Unassembled Tanks for storage only; Enclosures for Pressure and Vacuum Tanks; Petroleum Bulk Storage Tanks.","보일러 드럼 (군급 4410 ""산업용 보일러""); 가정용 물탱크 (군급 4520 ""난방장비 및 가정용 온수기"")","Excludes Boiler Tanks (FSC 4410); Hot Water Tanks (FSC 4520)."
"5440","A","발판설비 및 콘크리트 구성물","Scaffolding Equipment and Concrete Forms","","","조립식 콘크리트 좌석 구성물; 건축용 사닥다리 및 발판; 현수용 발판","Includes Prefabricated Concrete Placing Forms; Builders' Ladders and Stepladders; Suspension stages.","항공기용 사닥다리(군급 1730 ""항공기 지상지원장비""), 소방용 사닥다리(군급 4210 ""소방장비""), 정비용 사닥다리(군급 4940 ""기타 정비 및 수리공장용 특수장비""), 해상 선박용 사닥다리(군급 2090 ""기타 함정 및 해상용 장비""), 차량용 사닥다리(군급 2540 ""차량용 비품 및 부수품"")","Excludes Aircraft Ladders (FSC 1730); Fire Fighting Ladders (FSC 4210); Maintenance Ladders (FSC 4940); Marine Vessel Ladders (FSC 2090); Vehicle Ladders (FSC 2540)."
"5445","A","조립식 탑 구조물","Prefabricated Tower Structures","","","송전탑; 레이더탑; 탐조등탑; (공항의)관제탑; 앵커레일, 타이로드, 브레이스, 계단, 가이조립체와 같은 조립식 탑 구성품; 특수 탑 철물류","Includes Power Transmission Towers; Radar Towers; Searchlight Towers; Control Towers; Prefabricated Tower Components, such as Anchor Rails, Tie Rods, Braces, Steps, Guy Assemblies; Specialized Tower Hardware.","",""
"5450","A","기타 조립식 구조물","Miscellaneous Prefabricated Structures","","","관람석; 특별 관람석","Includes Bleachers; Grandstands.","",""
"5500","A","목재,목공품,합판 및 베니어판","Lumber, Millwork, Plywood, and Veneer","","","","","",""
"5510","A","재목 및 관련 목재","Lumber and Related Basic Wood Materials","","","제재목; 마루용 판자; 광산 목재; 지주; 판자벽; 철로 침목; 장식 쇠시리; 말뚝","Includes Dimensional Lumber; Wood Flooring; Mine Timbers; Poles; Railroad Ties; Wood Siding; Molding; Stakes.","목공품 (군급 5520); 합판 및 베니어판 (군급 5530); 조립식 비목재 품목 (군급 5670 ""조립식 건축 구성품"")","Excludes Millwork (FSC 5520); Plywood and Veneer (FSC 5530); Prefabricated Non-Wood Items (FSC 5670)."
"5520","A","목공품","Millwork","","","문틀; 문; 창틀; 창문짝","Includes Door Frames; Doors; Window Frames; Window Sashes.","형틀 (군급 5510 ""목재 및 관련되는 기본적인 목재로 된 재료""); 조립식 비목재 품목(군급 5670 ""조립식 건축 구성품"")","Excludes Molding (FSC 5510); Prefabricated Non-Wood Items (FSC 5670)."
"5530","A","합판 및 베니어판","Plywood and Veneer","","","합판 및 베니어패널","Includes Plywood and Veneered Panels.","",""
"5600","A","건설 및 건축용 자재","Construction and Building Materials","","","","","",""
"5610","A","비포장 광물성 건설자재","Mineral Construction Materials, Bulk","","","아스팔트; 쇠찌기; 자갈; 석회; 모래; 자갈을 포함한 가공하지 않은 석재; 시멘트; 밸러스트","Includes Asphalt; Cinders; Gravel; Lime; Sand; Rough Dimension Stone, including Rubble; Cement; Ballast.","성형 블록; 벽돌","Excludes Block, Shaped; Brick."
"5620","A","타일,벽돌 및 블록","Tile, Brick, and Block","","","콘크리트 건축용 블록; 쇠찌기 블록; 쇠찌기 벽돌; 절단한 석재; 절단하고 연마한 석재; 질그릇 바닥 및 벽용 타일; (이탈리아) 붉은 진흙을 구운 다공성의 건축재료; 콘크리트 판 및 격자","Includes Concrete Building Block; Cinder Block; Slag Brick; Cut Stone; Cut and Polished Stone; Ceramic Floor and Wall Tile; Architectural Terra Cotta; Concrete Slabs and Grilles.","유리 건축용 블록 (군급 9340 ""유리 건축자재"")","Excludes Glass Building Block (FSC 9340)"
"5630","A","비금속 파이프 및 도관","Pipe and Conduit, Nonmetallic","","","콘크리트 파이프 및 도관; 지하용 점토 파이프 및 도관; 배수로 타일; 지하용 비금속 파이프 부착물","Includes Concrete Pipe and Conduit; Clay Pipe and Conduit for underground use; Drain Tile; Nonmetallic Pipe Fittings for underground use.","실험실 또는 전기용 비금속 파이프, 도관 및 부착물; 유연한 비금속 호스 및 튜브","Excludes Nonmetallic Pipe, Conduit, and Fittings for laboratory or electrical use; Hose and Tubing, Flexible Nonmetallic."
"5640","A","벽판,건축용 종이 및 (열)절연자재","Wallboard, Building Paper, and Thermal Insulation Materials","","","건축용 종이판; 천정판 ;석고판; 절연판; 플래스터 보드; 방음판; 아스팔트 종이; 벽지; 광물면; 유리면; 파이프 커버 [註] ⓐ플래스터 보드:석고를 속에 넣은 판지 ⓑ아스팔트 종이:건축용의 타르를 먹인 종이","Includes Paper Building Board; Ceiling Board; Gypsum Board; Insulating Board; Plasterboard; Soundproofing Board; Tar Paper; Wallpaper; Mineral Wool; Glass Wool Batts; Pipe Covering.","(전기)절연자재","Excludes Electrical Insulation Materials."
"5650","A","지붕 이는 재료 및 벽면 자재","Roofing and Siding Materials","","","금속판을 포함 모든 지붕 이는 자재; 지붕 이는 펠트; 롤식 지붕 이는 재료; 지붕 이는 타일; 지붕 이는 널판지","Includes Roofing (all materials), including Sheet Metal; Roofing Felt; Roll Roofing; Roofing Tile; Shingles.","아스팔트 종이; 가공하지 않은 지붕 및 벽면 금속판; 벽면 목재","Excludes Tar Paper; Bulk Sheet Metal Roofing and Siding; Wood Siding."
"5660","A","울타리 재료,울타리,문 및 구성품","Fencing, Fences, Gates and Components","","","","","",""
"5670","A","조립식 건축 구성품","Building Components, Prefabricated","목재로서 특별히 지정된 품목은 군급 5520 ""목공품""으로 분류한다","Note-Items specified as wooden are classified in 5520","문틀; 창문틀; 창문 섀시; 처마 홈통; 창살; 격자; 셔터; 고정식 화재피난장치; 설치식 칸막이","Includes Door Frames; Window Frames; Window Sashes; Eave Troughs (Gutters); Gratings; Grilles; Shutters; Fixed Fire Escapes; Mounted Partitions.","수채와 같은 배관 및 관련 구성품, 벽판 및 비품으로 분류된 품목","Excludes Plumbing and associated components such as Sinks; Wallboard and items classified as furniture."
"5675","A","비목재 건축 재목 및 관련 자재","Nonwood Construction Lumber and Related Materials","","","비목재형 각재; 바닥재; 특수 부스러기 및 조각재; 비목재 널빤지","Includes Nonwood Dimensional Lumber; Flooring; Special Turning and Carvings; Nonwood Veneer.","목공제품 및 목재 베니어판(군급 5520 ""목공품"" 및 5530 ""합판 및 베니어판""); 목재류 품목(군급 5510 ""목재 및 관련 목재자재"")","Excludes Millwork and Wood Veneer (FSCs 5520 and 5530); Items specified as Wooden (FSC 5510)."
"5680","A","기타 건축자재","Miscellaneous Construction Materials","","","확장된 금속판; 항공기 착륙 매트; 견인 매트","Includes Expanded Metal Lath; Airplane Landing Mats; Traction Mats.","",""
"5800","A","통신,탐지 및 방사능 간섭 장비","Communication, Detection, and Coherent Radiation Equipment","군급 5955 ""발진기 및 피아조 전기식 검파용 광석"" 또는 5963 ""전자모듈""에 분류되는 발진기 품목; 그룹 60 ""광섬유 재료, 구성품, 조립체 및 부수품""에 분류되는 광섬유 품목; 군급 5963 ""전자모듈""에 정의된 전자모듈; 그룹 58 ""통신, 탐지 및 방사능 간섭장비"" 장비에 관련된 전기 케이블, 코드 및 도선 조립체, 하네스 및 세트(군급 5995 ""통신 장비용 케이블, 코드 및 와이어 조립체"" 참조) 더욱이 그룹 58 ""통신 탐지 및 방사능 간섭장비""이외의  그룹의 표제어로서 그러한 명칭이 다른 군급보다 더 그룹 ""58""의 여러 군급에서 색인 표제어로서 등록된 동일한 명칭이 자주 나타날 것이다. 다른 품목이 동일한 명칭을 가진다 할지라도 그러한 각각의 표제어는 명백하게 다른 부분품 또는 조립체를 나타낸다. 둘 이상의 군급에서 동일한 명칭의 목록들은 한 형태로는 하나의 군급에 속하는 장비에 적용되는 명칭의 부분품 또는 조립체를 지시한다. 또 다른 형태로는 다른 군급에 속하는 장비에 적용되는 부분품 또는 조립체를 의미한다. 예를 들면 품명 ""암호해독기, 가청주파수용""은 두개의 명백하게 다른 조립체에 적용된다. 하나는 군급 5810 ""통신 암호장비 및 구성품""에 속하는 암호장비에 적용된다. 다른 하나는 군급 5840 ""비항공기 탑재용 레이더 장비""에 속하는 레이더 장비에 적용된다. 결과적으로 품명 ""암호해독기, 가청주파수용""은 두개의 군급 각각에 적용되는 표제어이다. 품목식별이 그룹 ""58""의 하나의 군급, 그룹 ""58""내 또는 다른 군급의 하나 이상에 색인되는 품명이 있다면 그 품목은 DIDS 절차 매뉴얼 DoD 4100.39-M에서 기술하는 대로 다음의 상위 조립체로서 동일한 군급에 분류될 것이다. 터미널, 센서 및 다른 자동 데이터 처리장치와 같은 자동 데이터 처리장비 구성용으로 설계된 장치는 이 그룹에서 제외한다","Note-Excludes oscillator items which should be classified in FSC 5955 or 5963; fiber optic items which should be classified in Group 60; electronic modules as defined under Class 5963; and electrical cable, cord and wire assemblies, harnesses and sets, related to FSG 58 equipment (see FSC 5995). In Group 58, more than in any other group, it frequently happens that the same name is listed as an index entry in each of several classes. In addition, that name may also appear as an entry in groups other than 58. Each such entry refers to a distinctly different part or assembly, even though the different items have the same name. The listing of the same names in two or more classes indicates that, in one form, the part or assembly covered by the name is applicable to the equipment covered by one class, and in another form is applicable to the equipment covered by another class. For example, the item name CODER, AUDIO FREQUENCY is applicable to two distinctly different assemblies, one of which has an application in cryptologic equipment, covered by Class 5810, and the other in radar equipment covered by Class 5840. Consequently the name CODER, AUDIO FREQUENCY is an entry under each of the two classes.  When an item identification bears a name which is indexed under more than one class of Group 58, or in Group 58 and in some other group, the item will be classified in the same class as its next higher assembly in the manner described in the Federal Logistics Information System (FLIS) Procedures Manual, DoD 4100.39-M.  Also excluded from this group are data transmission and communications equipment such as terminals, sensors and other devices designed for use with a configuration of ADPE.","","","",""
"5805","A","전화 및 전신장비","Telephone and Telegraph Equipment","","","","","",""
"5810","A","통신암호장비 및 구성품","Communications Security Equipment and Components","","","","","",""
"5811","A","기타 암호장비 및 구성품","Other Cryptologic Equipment and Components","","","","","",""
"5815","A","텔레타이프 및 팩시밀리장비 ","Teletype and Facsimile Equipment","","","티커에서 자동적으로 나오는 테이프 및 시그톳 장비.","Includes Ticker Tape and Sigtot Equipment.","",""
"5820","A","비항공기 탑재용 라디오 및 텔레비전 통신장비","Radio and Television Communication Equipment, Except Airborne","","","원격측정장비","Includes Telemetering Equipment.","가정용 라디오 및 텔레비젼 장비","Excludes Home Type Radio and Television Equipment."
"5821","A","항공기 탑재용 라디오 및 텔레비전 통신장비","Radio and Television Communication Equipment, Airborne","","","원격측정장비.","Includes Telemetering Equipment.","",""
"5825","A","비항공기 탑재용 무선항법장비","Radio Navigation Equipment, Except Airborne","","","로랜 장비; 쇼랜 장비; 방향 탐지장비 [註] ⓐ로랜 장비:장거리 항법에 사용하는 자기 위치 측정장치 ⓑ쇼랜 장비:단거리 무선 항법장치","Includes Loran Equipment; Shoran Equipment; Direction Finding Equipment.","",""
"5826","A","항공기 탑재용 무선항법장비","Radio Navigation Equipment, Airborne","","","로란장비, 쇼란장비, 방향탐지장비.","Includes Loran Equipment; Shoran Equipment; Direction Finding Equipment.","",""
"5830","A","비항공기 탑재용 구내통신 및 확성장비","Intercommunication and Public Address Systems, Except Airborne","","","유선 오디오 시스템; 사무실 시스템; 선박 시스템; 탱크 시스템","Includes Wired Audio Systems; Office Type Systems; Shipboard Systems; Tank Systems.","",""
"5831","A","항공기 탑재용 구내통신 및 확성장비","Intercommunication and Public Address Systems, Airborne","","","","","",""
"5835","A","음성 녹음 및 재생장비 ","Sound Recording and Reproducing Equipment","","","","","가정용 축음기, 구술 장비","Excludes Phonographs, Home Type; Dictating Machines."
"5836","A","영상 녹음 및 재생장비","Video Recording and Reproducing Equipment","이 군급은 비디오 모니터, 텔레비젼, 카메라, 프린터 및 기타 통신장비와 함께 사용하는 녹음 및 재생장비로 한정하여 포함한다. 또한 비디오 녹음 및 재생장치용 클리너, 스플라이서, 리와인더, 릴 및 테이프와 같은 부수장비를 포함한다. 촬영장비(그룹 67 ""촬영장비), ADP형 컴퓨터 모니터(그룹 70 ""자동 데이터 처리장치(펌웨어 포함), 소프트웨어 공급품 및 보조장치"") 및 라디오 수신기/송신기에 포함된 비디오장치(그룹 58 ""통신, 탐지 및 방사능 간섭장비""의 적절한 군급에 분류)는 제외한다.","Note - This class includes and is restricted to electronic video equipment such as video monitors, televisions, cameras, printers, and recorders/reproducers used with miscellaneous communication equipment. Also included is associated equipment such as cleaners, splicers, rewinders, reels and tapes designed for use with video recording-reproducing equipment. Excluded from the class is photographic type equipment (Group 67), ADP type computer monitors (Group 70), and video equipment which includes radio receivers/transmitters (properly classified in more specific classes in Group 58). When cameras provide day and night video, they are to be classified in FSC 5836.","","","",""
"5840","A","레이더 장비, 비항공용","Radar Equipment, Except Airborne","사격통제장비 또는 유도탄용으로 특수제작된 레이더 조립체나 보조조립체는 이 군급에서 제외하며, 그룹 12 ""사격통제장비"" 또는 그룹 14 ""유도탄""의 해당 군급에 분류한다","Note-Radar assemblies and subassemblies designed specifically for use with fire control equipment or guided missiles are excluded from this class and are included in the appropriate classes of Group 12 or Group 14.","","","",""
"5841","A","레이더장비, 항공용","Radar Equipment, Airborne","사격통제장비 또는 유도탄용으로 특수제작된 레이더 조립체나 보조조립체는 이 군급에서 제외하며, 그룹 12 ""사격통제장비"" 또는 그룹 14 ""유도탄""의 해당 군급에 분류한다","Note-Radar assemblies and subassemblies designed specifically for use with fire control equipment or guided missiles are excluded from this class and are included in the appropriate classes of Group 12 or Group 14.","","","",""
"5845","A","수중 음향장비","Underwater Sound Equipment","사격통제 수중전파 탐지 시스템용으로 특수 제작된 품목은 이 군급에서 제외한다","Note-This class excludes items specifically designed for fire control sonar systems.","수중전파 탐지장비; 수중 청음장비; 무선 부표; 무선 부표 발사기; 음향 측심기 [註] ⓐ무선 부표:비행기에서 투하하는 수중 청음장치와 송신장치를 갖춘 잠수함 탐지용 소형 부표","Includes Sonar Equipment; Underwater Listening Equipment; Sonobuoys; Sonobuoy Launchers; Fathometers; Sofar Equipment.","",""
"5850","A","가시 및 불가시 광선통신장비","Visible and Invisible Light Communication Equipment","이 군급은 적외선 통신장비만을 포함한다. 사격통제계통, 유도탄계통, 시험 및 정비용 특수장비, 야간관측장비 및 비통신 장비용으로 특수 제작된 적외선 조립체, 보조조립체 및 구성품은 이 군급에서 제외한다","Note-This class includes only communication types of infrared equipment. Excluded from this class are infrared assemblies, subassemblies, and components designed specifically for use in fire control systems, guided missile systems, test and maintenance specialized equipment, night vision equipment, and other noncommunication types of equipment.","회광통신기","Includes Heliographs.","",""
"5855","A","방사 및 반사 발광식 야간관측장비","Night Vision Equipment, Emitted and Reflected Radiation","이 군급은 암흑속에서 은폐를 유지하는 물체 또는 지형 식별, 관찰, 탐색을 위한 수동 및(또는) 능동 기술을 이용하는 이미지 형성 장치 및 관련 보조장치, 그와 관련된 보조조립체 및 구성품을 포함한다. 발사통제 및(또는) 야간관측 및(또는) 탐색 목적을 위한 다기능 품목도 여기에 포함한다. 군급분류 체계상 적절한 곳에 분류할 수 있는 품목은 이 군급에서 제외한다.","Note-This class includes image forming devices and associated aids, their subassemblies and components, utilizing passive and/or active techniques for detection, observation, and identification of terrain and objects at night, while maintaining concealment afforded by darkness. Includes items having multiapplication for purposes of fire control, and/or night observation, and/or detection. Excluded from this class are items for which more specific classifications are suitable as prescribed by the structure and indexes of the FSC.","조준 및 관측장비, 목표탐지기 및 전파탐지기, 목표물로부터 방출되는 방열을 이용한 원격관측 시스템, 관련 방열원, 이미지 변환기 및 이미지 증강장치, 야간투시장비용으로 제작된 광전지 및 기타 구성품, 적외선 장비에 사용되는 고정기 및 렌즈 또한 이 군급에 포함한다","Includes Sighting and Observation Devices, Target Detectors and Locators, Remote Viewing Systems utilizing heat radiation emitted from object(s), associated Radiation Sources, Image Converters and Image Intensifiers, Optical Cells and other components designed for Night Vision Equipment.  Holders and Lens used with Infrared Equipment are also included in this FSC.","발사통제 목적으로 통합장치내에 주.야간 관측특성을 통합시킨 광학 조준장치, 유도탄, 통신 또는 실험장비용으로 제작된 비야간 관측장비 및 렌즈, 프리즘, 윈도우와 같은 광학소자","Excludes Optical Sighting and observation devices which incorporate both day and night viewing characteristics within an integral unit, nonnight vision type items designed for use with guided missiles, communications, or laboratory equipment, and Optical Elements, such as Lens, Prisms, Windows."
"5860","A","간섭조사방사장치,구성품 및 부속품","Stimulated Coherent Radiation Devices, Components, and Accessories","이 군급은 방사자극방출과 관련된 원리에 기초를 둔 작동장치 및 방사 간섭 조사기술과 직접적으로 관련된 관련 구성품 및 부수품에 한정, 포함한다. 생성하는 방법은  LASER(방사 자극 조사에 의한 광증폭) 및 MASER(방사 자극 조사에 의한 극초단파 증폭 및(또는) 분자 증폭) 기술에 의해 획득된다. 방사 간섭 조사용으로 특수 제작된 품목만이 이 군급에 포함된다. 그러한 장치를 포함한 조립체 또는 주 시스템은 이 군급에서 제외한다","Note-This class includes, and is restricted to, devices the operation of which is based on principles involving the stimulated emission of radiation, and to associated components and accessories directly related to stimulated coherent radiation techniques. The methods for producing the radiation are those obtained by LASER (Light Amplification by Stimulated Emission of Radiation) and by MASER (Microwave and/or Molecular Amplification by Stimulated Emission of Radiation) techniques. Only those items specifically designed for stimulated coherent radiation applications, and having no other application, are to be included in this class. Assemblies or major systems containing such devices are excluded from this class.","","","",""
"5865","A","전자적 대항체계와 신속대응장비","Electronic Countermeasures, Counter-Countermeasures and Quick Reaction Capability Equipment","이 군급은 적군에서 방사하는 전계 에너지의 효과성을 감소 또는 방해하기 위해 설계된 또는 아군에서 방사하는 전계 에너지의 효과성을 보장하기 위하여 설계된 수동 및 능동적인 전자장비, 장치 및 보조장치에 한정, 포함한다. 군급분류번호 구조내의 어느곳에도 분류될 수 없는 특수하게 설계된 전자 방해장비, 전자유지 측정장비 및 신속반응 능력성 장비를 포함한다. 군급분류번호 구조 및 색인에 의해 더욱 적절한 군급에 분류할 수 있는  비-전자품목은 이 군급에서 제외한다","Note-This class includes, and is restricted to, passive and active electronic equipment, systems, and subsystems designed to prevent or reduce an enemy's effective use of radiated electromagnetic energy or designed to insure our own effective use of radiated electromagnetic energy. Includes Electronic Countermeasures, Electronic Counter-Countermeasures, Electronic Support Measures, and Quick Reaction Capability Equipment and components specially designed therefore which are not classifiable elsewhere in the FSC Structure. Excluded from this class are non-electronic items which are properly classified in more specific classes in accordance with the FSC structure and indexes.","","","",""
"5895","A","기타 통신장비","Miscellaneous Communication Equipment","이 군급에는 다른 군급에 분류할 수 없는 기타 통신장비를 포함한다(그룹 58 ""통신, 탐지 및 방사능 간섭장비"" 참조)","Note-This class includes miscellaneous communication equipment that is not classified in more specific classes (see the NOTE for FSG 58).","모뎀","Includes Modems.","전자 방해장비","Excludes Electronic Countermeasures Equipment."
"5900","A","전기 및 전자장비 구성품","Electrical and Electronic Equipment Components","본 구룹의 클라스에는 부착용 금속기구로 브래킷,홀더,리테이너등 특별히설계된 품 목을 포함한다.본 구룹의 클라스로 부터 금속기구류 품목 스크류(클라스5305)볼트( 클라스5306),못(클라스5307),와셔(클라스5310)리벳트(클라스5320)와 구룹59 이외의 특정한 클라스에 색인된 기타 공통 품목은 제외된다.군급분류번호 색인 및 구조는  취급품목의 세부분류나 상기에 열거된 부착용 금속기구류를 결정할 것이다.                                   ？","Note-Mounting hardware, included in classes of this group, includes such specially designed items as brackets, holders, retainers, etc. Excluded from classes in this group are such hardware items as screws (Class 5305), bolts (Class 5306), studs (Class 5307), washers (Class 5310), rivets (Class 5320), and other common items indexed to specific classes, other than in Group 59. The FSC indexes and structure will govern the classification of items used on or with mounting hardware cited above.","","","",""
"5905","A","저항기","Resistor","","","버리스터(반도체 저항소자), 가감 저항기, 저항기 회로망, 저항기 부착용 철물, 온도에 따라 전기저항치가 달라지는 저항체","Includes Varistors; Resistive ballast Tubes; Rheostats; Resistor Networks; Resistor Mounting Hardware; Thermistors./","저항선.","Excludes Resistance Wire./"
"5910","A","축전기","Capacitors","","","간섭 필터 커패시터; 커패시터 부착용 철물","Includes Interference Filter Capacitors; Capacitor Mounting Hardware.","반도체장치 및 관련 하드웨어","Excludes Semiconductor Devices and Associated Hardware."
"5915","A","필터 및 회로망","Filters and Networks","이 군급은 저항기, 커패시터 및 코일이 배합되어 이루어진 필터 및 회로망을 포함하며, 저항기(군급 5905), 커패시터(군급 5910) 또는 코일(군급 5950 ""코일 및 변압기"")만으로 구성된 품목은 포함하지 않는다","Note-This class includes those filters and networks which consist of a combination of resistors, capacitors, or coils, but not a combination of resistors only (classified in 5905), capacitors only (classified in 5910), or coils only (classified in 5950).","","","",""
"5920","A","퓨즈,피뢰기,흡수재,보호장치","Fuses, Arrestors, Absorbers, and Protectors","","","퓨즈홀더; 퓨즈박스; 퓨즈포스트; 퓨즈링크; 퓨즈블록; 전류제한기; 코로나볼; 정전 방전기","Includes Fuseholders; Fuse Boxes; Fuse Posts; Fuse Links; Fuse Blocks; Current Limiters; Corona Balls; Electrostatic Dischargers.","차단기","Excludes Circuit Breakers."
"5925","A","회로 차단기","Circuit Breakers","","","회로 차단기 및 안전기","Includes Circuit Breakers and Cutouts.","계전기","Excludes Relays."
"5930","A","스위치","Switches","","","회전 스위치, 나이프 스위치, 토글 스위치, 누름단추식 스위치,수은 스위치, 온도조절 스위치 및 압력차 스위치","Includes Rotary, Knife, Toggle, Push Button, Mercury, Thermostatic, and Differential Pressure Switches.","개폐기","Excludes Switchgear."
"5935","A","전기 커넥터","Connectors, Electrical","","","플러그; 잭; 리셉터클; 전자구성품 소켓 및 관련 부수품","Includes Plugs; Jacks; Receptacles, Electronic Component Sockets and Associated Accessories","광섬유 상호연결기","Excludes Interconnectors, Fiber Optic"
"5940","A","러그,단자 및 단자판","Lugs, Terminals, and Terminal Strips","","","결박 단자; 축전지 클립; 말뚝 단자; 시험 클립","Includes Binding Posts; Battery Clips; Stud Terminals; Test Clips.","전기 캡; 전기 클립 및 전기 접촉자","Excludes Caps, Electrical; Clips, Electrical; and Contacts, Electrical."
"5945","A","계전기 및 솔레노이드","Relays and Solenoids","","","전자기 작동기","Includes Electromagnetic Actuators.","접촉자","Excludes Contractors."
"5950","A","코일 및 변압기","Coils and Transformers","","","점화 및 자석코일을 제외한 코일; 코일 조립체; 자석 증폭기; 리액터; 변압기","Includes Coils, except ignition and magneto; coil assemblies; reactors; transformers.","",""
"5955","A","발진기 및 피아조 전기식 검파용 광석","Oscillators and Piezoelectric Crystals","","","검파용 광석장치, 가공된 비장착 검파용 광석, 검파용 광석 제어 발진기 및 비검파용 광석 제어 발진기","Includes Crystal Units, Processed Unmounted Crystals, Crystal Controlled Oscillators and Noncrystal Controlled Oscillators","군급 5963 ""전자모듈"" 및 미소회로로 정의된 ""전자모듈"" 용어의 정의와 일치하는 검파용 광석 제어 발진기 및 비검파용 광석 제어 발진기","Excludes Crystal Controlled Oscillators and Noncrystal Controlled Oscillators which meet the definition of the term ""electronic module"" as defined for FSC 5963 and Microcircuits"
"5960","A","전자관 및 관련 하드웨어","Electron Tubes and Associated Hardware","","","정류관; 광전관; 전자 진폭관","Includes Rectifying Tubes; Photoelectric Tubes; Electron Vibrator Tubes.","트랜지스터; 튜브 소켓; X-선관; 반도체 장치 및 관련 하드웨어","Excludes Transistors; Tube Sockets; X-ray Tubes; Semiconductor Devices and Associated Hardware."
"5961","A","반도체 장치 및 관련 하드웨어","Semiconductor Devices and Associated Hardware","","","반도체 조립체; 반도체 다이오드; 반도체 정류기; 반도체 사이리스터; 트랜지스터; 통합식 반도체; 소켓을 제외한 관련 하드웨어","Includes Semiconductor Assemblies; Semiconductor Diodes; Semiconductor Rectifiers, Semiconductor Thyristors; Transistors; Unitized Semiconductors; Associated Hardware except Sockets.","미소회로; 광학 전자장치 및 관련 하드웨어","Excludes Microcircuits; Optoelectronic Devices and Associated Hardware."
"5962","A","전자 집적회로","Microcircuits, Electronic","(1) 미소회로는 아래와 같이 정의한다: 전자회로 기능을 수행하기 위한 단일기질 또는 단일기질내에 형성된 상호연결 소자로 구성된 단일부품으로 간주되는 고등가 회로소자 밀도를 가진 작은 회로이다. 소자는 반도체 재료의 기질내에 형성될 수 있으며, 절연 기질위에 형성된 전도성 필름을 구성할 수 있으며, 분리된 소자를 가진 이러한 형태의 하나 또는 둘의 조합일 수 있다. (2) 이 군급에 포함되는 회로장치에 적용되는 ""미소회로""란 용어는 상호연결된 ""마이크로 구성품""(서로 분리된 소형 구성품)으로만 구성된 품목을 제외하여 범위를 정한다. 또한 그 자체내에서 전자회로 기능을 수행하지 못하는 돌로 구성된 뚜꺼운 필름 또는 박막 필름 구조 형태로 조합된 품목을 제외한다(예를 들면 커패시터, 저항기, 트랜지스터 또는 그것의 ""계전기"")","Note-(1) A microcircuit is defined as follows: A small circuit having a high equivalent circuit element density, which is considered as a single part composed of interconnected elements placed and/or formed on or within a single substrate to perform an electronic circuit function. The elements may be formed on or within a semiconductor material substrate; may consist of conductive film(s) formed on an insulating substrate; or may be a combination of one or both of these types with discrete elements.  (2) The term ""microcircuit"", as applied to circuit devices included in this class, is delimited to exclude items consisting solely of interconnected ""microcomponents"" (discrete miniaturized components). Also excluded are items fabricated in the form of monolithic thick-film or thin-film structures that in themselves are not functional electronic circuits (e.g., Capacitors, Resistors, Transistors, or ""arrays"" thereof).","집적회로장치; 집적회로모듈; 집적전자장치; 하이브리드, 마그네틱, 분자, 전자 및 박막 필름","Includes Integrated Circuit Devices; Integrated Circuit Modules, Integrated Electronic Devices: Hybrid, Magnetic, Molecular, Opto-Electronic, and Thin Film.","커패시터와 같은 단일 회로소자, 다이오드 및 트랜지스터, 인쇄회로기판 및 회로카드 조립체, 여파기 및 회로망","Excludes Single Circuit Elements such as Capacitors; Resistors; Diodes and Transistors; Printed Circuit Boards and Circuit Card Assemblies; and Filters and Networks."
"5963","A","전자모듈","Electronic Modules","""전자모듈""용어는 이 군급내의 전자 구성품으로 설계된 명칭으로 사용되었고,다양한 장비나 완제품 적용 장비내에 이득,발진,스위칭 또는 유사한 전체전자 기능을 산출하기 위한 제어전압 및/또는 전류의 능력에 관해 사용되었다. 전자모듈은 전기 접촉이 완벽하게 요구되는 소규모화된 전자부품의 집합체 및/또는 플럭식 단일대체 소화물 소자들로 구성되었다. 전자모듈은 회로카드 조립체 및 전자 구성품 조립체와 같은 품목분류로서분해하면은 정상적으로 종속되지 않는다. 이런 모듈들은 기업 또는 정부 규격서/표준서에 따르며,모듈장려부서 및엄격한 운용성능 보증부서에서 요구되는 모든 물리적 치수 및 전기적 상수를 정의하였다.","Note-The term ""electronic module"" as used in this class designates an electronic component designed for use in various equipment or end item applications, and capable of controlling voltage and/or current to produce gain, oscillation, switching, or similar integral electronic functions. It consists of a collection of miniaturized electronic parts and/or elements in a single replaceable package with plug-in mounting which will also complete the required electrical connections. It is not normally subject to disassembly as distinguished from such items as CIRCUIT CARD ASSEMBLY and ELECTRONIC COMPONENTS ASSEMBLY. These modules conform to industry or government specifications/standards that define all physical dimensions and electrical parameters required to promote commonality and ensure proper operational performance.","","","미소회로; 전자 시험장비 플러그-인 유닛","Excludes MICROCIRCUITS; Electronic Test Equipment Plug-In Units."
"5965","A","헤드세트,핸드세트,마이크로폰 및 스피커","Headsets, Handsets, Microphones and Speakers","","","","","",""
"5970","A","전기 절연체 및 절연재","Electrical Insulators and Insulating Materials","","","튜브, 노브, 클리트 및 스탠드오프 절연체; 관통 절연체, 비드 절연체, 니스 아마포 테이프, 전선 절연용 테이프","Includes Tube, Knob, Cleat, Strain, and Standoff Insulators; Feed Thru Insulators; Bead Insulators; Varnish Cambric Tape; Friction Tape.","",""
"5975","A","전기용 하드웨어 및 용품","Electrical Hardware and Supplies","","","전선관; 배선관; 출구 및 연결 박스; 다른 곳에 분류할 수 없는 전주선 하드웨어","Includes Conduit; Raceways; Face Plates; Condulets; Outlet and Junction Boxes; Pole Line Hardware, not elsewhere classifiable.","",""
"5977","A","전기 접촉 브러시 및 전극","Electrical Contact Brushes and Electrodes","","","전기 회전 장비용 브러시; 브러시용 탄소봉; 브러시 암 및 홀더; 전극봉","Includes Brushes for electrical rotating equipment; Carbon Stock for Brushes; Brush Arm and Holders; Lighting Electrodes.","양극; 음극; 용접봉","Excludes Anodes; Cathodes; Welding Electrodes."
"5980","A","광학 전자장치 및 관련 하드웨어","Optoelectronic Devices and Associated Hardware","","","숫자, 문자 숫자를 포함하는, 기호 또는 그래픽 정보를 표시하는 광학전자 장치 및 조립체, 이미터, 전자 시스템 내에서 활발한 기능을 수행하는 커플러, 검파기 및 스위치와 같은 비표시 광학전자 장치","Includes Optoelectronic devices and assemblies which display numeric, alpha-numeric, symbolic, or graphic information, emitters, and nondisplay optoelectronic devices, such as couplers, detectors, and switches which perform an active function in an electronic system%","전등설비, 램프 및 관련 하드웨어","Excludes electric lighting fixtures, lamps, and associated hardware%"
"5985","A","안테나,도파관 및 관련 장비","Antennas, Waveguides, and Related Equipment","","","안테나; 전주; 탑 장비; 감쇠기; 연결기; 전송라인","Includes Aerials; Masts; Tower Equipment; Attenuators; Couplers; Transmission Lines.","탑 구조물","Excludes Tower Structures."
"5990","A","동기장치 및 분해기","Synchros and Resolvers","","","","","동기장치; 서보장치","Excludes Synchro Systems; Servo Mechanisms."
"5995","A","통신장비용 케이블,코드 및 와이어 조립체","Cable, Cord, and Wire Assemblies: Communication Equipment","이 군급은 그룹 58 ""통신, 탐지 및 방사능 간섭장비"" 및 그룹 59 ""전기 및 전자장비 구성품""에 속하는 케이블, 코드 및 와이어 조립체 형태의 것만을 포함한다. 그룹 58 또는 59 이외의 군급에 분류되는 장비와 함께 사용되는 케이블, 코드, 와어어 조립체 및 세트(배선계통 하네스)는 적용가능하면 군급 6150 ""기타 잡종전원 및 배전용 장비""에 분류하거나 특수 설계된 품목은 그 품목 바로 윗단계의 품목과 함께 분류한다","Note-This class includes only those types of cable, cord, and Wire Assemblies and Sets (and Wiring Harnesses) used on or with equipment and components covered by Groups 58, 59 and 70. Cable, Cord, Wire Assemblies, and Sets (Wiring Harnesses) used on or with equipment classified in FSC Groups other than Groups 58, 59, or 70 are classified in FSC Class 6150 if multiapplication, or classified with the next higher classifiable assembly if specially designed.","","","광섬유 케이블 조립체","Excludes Cable Assemblies, Fiber Optic."
"5996","A","증폭기","Amplifiers","","","가청주파 증폭기, 보충 증폭기, 증폭기, 작동식 증폭기, 전원 증폭기, 무선주파수 증폭기, 신호용 증폭기 및 비디오 증폭기","Includes Audio Amplifiers, Complementary Amplifiers, Amplifiers, Operational Amplifiers, Power Amplifiers, Radio Frequency Amplifiers, Signal Amplifiers, Video Amplifiers, and Magnetic Amplifiers.","증폭기-검파기, 증폭기-혼합기 및 미소회로 장치와 같은 다기능 품목","Excludes multi-functional items such as Amplifier-Detector, Amplifier-Mixer and microcircuit devices."
"5998","A","전기 및 전자 조립체,보드,카드 및 관련 하드웨어","Electrical and Electronic Assemblies, Boards, Cards, and Associated Hardware","","","","","보다 더 명확한 지정품명으로 식별할수 있는 회로카드 및 전자구성품 조립체","Excludes circuit card and electronic component assemblies which can be identified to a more definitive Approved Item Name."
"5999","A","기타 전기 및 전자 구성품","Miscellaneous Electrical and Electronic Components","","","영구자석 및 자기변형 소자; 캡, 클립, 전기 접촉물","Includes Permanent Magnets and Magnetostriction Elements; Caps, Clips, and Contacts, Electrical.","",""
"6000","A","광섬유 재료,구성품,조립체 및 부속품","Fiber Optics Materials, Components, Assemblies, and Accessories","광섬유는 섬유를 통하여 다른 위치로 유도되는 광에너지의 기능을 기술하는데 사용되는 일반적인 용어이다. 이 그룹은 부품, 자재, 통신, 데이터 전송 또는 조명에 사용되는 장치와 같은 광섬유 품목을 포함한다. 그룹 65 ""내과, 치과 및 수의과용 장비 및 용품""에 적용되는 영상장치; 그룹 ""51""에 적용되는 수공구; 그룹 66 ""계기류 및 실험실 장비""에 적용되는 전기, 전자 및 광학기구는 제외된다","Note- Fiber Optics is a general term used to describe the function where optical energy (i.e., light/laser driven rays) is guided to another location through fiber(s). This group includes Fiber Optic items such as parts, materials and devices used for communications, data transmission, or illumination, Excludes Imaging devices under FSG 65 (medical); hand tools under FSG 51; and electrical, electronic and optical instruments under FSG 66 (instruments).","","","",""
"6004","C","회전 조인트","Rotary Joints","군급분류 6004는 050395 회전조인트로 취소됨. ","FSC 6004 CANCELLED ON 050395 Rotary Joints","","","",""
"6005","C","연결장치,분배 및 혼합형","Couplers, Splitters, and Mixers","FSC는 6005이며 050395 연결장치,분배 및 혼합형는 취소됨.","FSC 6005 CANCELLED ON 050395 Couplers, Splitters, and Mixers",".","","",""
"6006","C","감쇠기 ","Attenuators","FSC 6006은 050395 Attenuators에서 취소됨.","FSC 6006 CANCELLED ON 050395 Attenuators","* 전기","","",""
"6007","C","여과기","Filters","FSC 6007은  050395 여과기에서 취소됨.","FSC 6007 CANCELLED ON 050395 Filters","","","",""
"6008","C","광학 선택기","Optical Multiplexers/Demultiplexers","FSC 6008은  050395 멜티플렉서/디멜티플렉서에서 취소됨.","FSC 6008 CANCELLED ON 050395 Optical Multiplexers/Demultiplexers","","","",""
"6010","A","광섬유 전도체","Fiber Optic Conductors","이군급에는 대량의 분리된 섬유를 포함한다","Note-Included in this class are bulk discrete fibers.","","","",""
"6015","A","광섬유 케이블","Fiber Optic Cables","이 군급에는 일반적인 대량의 형태로 보호 외피를 가진 하나 이상의 광섬유 전도체를 포함한다. 전기 전도체/   케이블 및 보강재를 포함할 수 있다.","Note-Included in this class are one or more discrete fiber optic conductors with a common protective covering in bulk form. May include electrical conductors/cables and/or reinforcing material.","","","",""
"6020","A","광섬유 케이블 조립체 및 하니스","Fiber Optic Cable Assemblies and Harnesses","이 군급은 종단에 처리된 부속설비를 갖춘 하나 이상의 광섬유 전도체 및 케이블을 가진 통신 및 자료전송용  품목을 포함한다. 조명 및 영상자료 전송용 품목은 이 군급에서 제외한다.","Note-Included in this class are items used for communication and/or data transmission having one or more fiber optic conductors/cables with processed end(s) or terminated in fitting(s). Excluded from this class are items used for illumination and/or image transmission.","","","",""
"6021","A","광섬유 스위치","Fiber Optic Switches","이 군급은 광섬유 시스템상 라인 선택용 스위치가 포함된다","Note-Included in this class are switches used for line selection in fiber optic systems.","","","",""
"6025","C","광섬유송신기","Fiber Optic Transmitters","FSC 6025는  050395 광섬유송신기에서 취소됨.","FSC 6025 CANCELLED ON 050395 Fiber Optic Transmitters","","","",""
"6026","C","광섬유수신기","Fiber Optic Receivers","FSC 6026는 취소됨, 050395 광섬유수신기","FSC 6026 CANCELLED ON 050395 Fiber Optic Receivers","","","",""
"6029","C","광 중계기","Optical Repeaters","FSC는 6029이며 050395 광중계기는 취소됨.","FSC 6029 CANCELLED ON 050395 Optical Repeaters","","","",""
"6030","A","광섬유 장치","Fiber Optic Devices","이 군급은 광섬유 시스템에 사용되는 송신기, 수신기, 멀티플렉서, 디멀티플렉서, 변조기, 복조기, 자동중계장치, 감쇄기, 필터, 통합 광학회로 및 그 류와 같은 품목을 포함한다","Note-Included in this class are such items as transmitters, receivers, multiplexers, demultiplexers, modulators, demodulators, repeaters, attenuators, filters, integrated optical ciruuits, and the like, used in fiber optic systems.","","","",""
"6031","C","통합광학회로","Integrated Optical Circuits","FSC 6031는 취소됨.","FSC 6031 CANCELLED ON 050395 Integrated Optical Circuits","","","",""
"6032","A","광섬유 광원 및 광 검출기","Fiber Optic Light Sources and Photo Detectors","이 군급은 광섬유 시스템용 발광 다이오드 및 레이저 다이오드, 광 검출기를 포함한다","Note-Included in this class are light emitting and laser diodes and photo detectors used in fiber optic systems.","","","",""
"6033","C","광섬유 광 검출기","Fiber Optic Photo Detectors","FSC는 6033이며 050395 광섬유 광 검출기는 취소됨.","FSC 6033 CANCELLED ON 050395 Fiber Optic Photo Detectors","","","",""
"6034","C","광섬유 변조기/복조기","Fiber Optic Modulators/Demodulators","FSC 6034는 050395 Fiber Optic Modulators/Demodulators에서 취소됨.","FSC 6034 CANCELLED ON 050395 Fiber Optic Modulators/Demodulators","","","",""
"6035","A","광섬유 광전이 및 영상전이 장치","Fiber Optic Light Transfer and Image Transfer Devices","이 군급은 조명 및 영상 전송용 광섬유 장치를 포함한다. 통신 및 자료전송용 품목은 이 군급에서 제외한다  ","Note-Included in this class are fiber optic devices used for illumination and/or image transmission. Excluded from this class are items used for communication and/or data transmission.","","","",""
"6040","C","광섬유감지기","Fiber Optic Sensors","FSC 6040는 취소됨.","FSC 6040 CANCELLED ON 050395 Fiber Optic Sensors","","","",""
"6050","C","광섬유 수동소자","Fiber Optic Passive Devices","FSC 6050는 취소됨.","FSC 6050 CANCELLED ON 050395 Fiber Optic Passive Devices","","","",""
"6060","A","광섬유 상호연결기","Fiber Optic Interconnectors","이 군급은 커넥터, 분할기, 연결기, 회전 및 비회전 조인트, 스플리터, 혼합기 및 스플라이서 및 그 류와 같은 모든 종류의 광섬유 단자를 포함한다","Note-Included in this class are all types of fiber optic terminations, such as connectors, dividers, couplers, rotary and nonrotary joints, splitters, mixers and splicers and the like.","","","전기 커넥터","Excludes electrical connectors"
"6070","A","광섬유 부속품 및 공급품","Fiber Optic Accessories and Supplies","이 군급은 모드 스트리핑 재료, 인덱스 매칭 재료 및 기타  관련 공급품을 포함한다. 군급 5975 ""전기용 하드웨어 및 용품""에 분류되는 전기 및 광섬유 양쪽에 일반적으로 적용되는 철물류 및 공급품은 제외한다","Note-Included in this class are mode stripping materials, index matching materials and other related supplies. Excluded from this class are hardware and supplies common to both electrical and fiber optic applications which are classifiable on FSC 5975.","","","",""
"6080","A","광섬유 키트 및 세트","Fiber Optic Kits and Sets","이 군급은 광섬유 구성품으로만 구성된 키트 및 세트만을 포함한다; 광섬유 구성품 및 관련 부분품; 광섬유 구성품 및 관련도구; 광섬유 구성품, 관련 부분품 및 관련도구. 군급 5180 ""수공구 세트, 키트 및 용구""에 분류할 수 있는 공구키트 및 세트, 그룹 66 ""계기류 및 실험실 장비""에 분류할 수 있는 시험세트 및 기구, 기타 다른 군급에 적절히 분류할 수 있는 광섬유를 이용한 완성품 세트/장비는 이 군급에서 제외한다","Note-Included in this class are kits and sets which consist of fiber optic components only; fiber optic components and related parts; fiber optic components and related tools; or fiber optic components, related parts and related tools. Excluded from this class are tool kits and sets which are classifiable in FSC 5180; test sets/instruments classifiable in FSG 66; and end item sets/equipment utilizing fiber optic components which are classifiable in the applicable equipment FSC.","","","",""
"6099","A","기타 광섬유 구성품","Miscellaneous Fiber Optic Components","이 군급은 특정한 군급에 분류할 수 없는 광섬유 품목을 포함한다 (그룹 60 ""광섬유 재료, 구성품, 조립체 및 부수품"")","Note-Included in this class are fiber optic items which are not classifiable in a more specific class. (See the ""Note"" for FSG 60.)","","","",""
"6100","A","전선,전력 및 배전 장비","Electric Wire, and Power and Distribution Equipment","","","","","",""
"6105","A","전기모터","Motors, Electrical","","","","","엔진용 스타트 모터","Excludes Starting Motors for Engines."
"6110","A","전기제어장비","Electrical Control Equipment","","","접촉기; 모터 제어기; 동력 자동조종장치; 개폐기; 전압조절기","Includes Contactors; Motor Controllers; Power Servomechanisms; Switchgear; Voltage Regulators.","자동조종장치; 계전기; 저항기","Excludes Automatic Pilot Mechanisms; Relays; Resistors."
"6115","A","전기 발전기 및 발전기 세트","Generators and Generator Sets, Electrical","","","터빈 엔진, 풍력 및 수동 발전기 세트 및 보조 항공기 발전기","Includes Engine, Turbine, Wind, and Hand Driven Generator Sets and Auxiliary Aircraft Generators.","전동-변환기; 전동-발전기 세트; 엔진 발전기; 엔진 부수 발전기 [註] ⓐ전동-발전기:유도 전동기와 직류 발전기를 직결한 것","Excludes Motor-Converters; Motor-Generator Sets; Engine Generators; Engine Accessory Generators."
"6116","A","연료전지 전력장치,구성품 및 부속품","Fuel Cell Power Units, Components, and Accessories","이 군급은 화학반응인 산화-환원 형태로부터 직접적으로 전력을 생산하도록 설계된 품목을 포함한다. 완전한 전력장치는 탱크, 펌프 및 관련 통제장비를 포함해야 하며, 액체 또는 가스 연료 및 산화제의 연속적인 공급을 필요로 한다","Note-This class includes items that are designed to produce an electromotive force directly from an oxidation-reduction type of chemical reaction. A complete power unit must include tanks, pumps, and associated control equipment, and requires a continuous, uninterrupted supply of liquid or gaseous fuel and oxidizers.","완전기능 연료전지 전력장치; 연료전지; 연료전지 조립체 또는 모듈; 연료전지 반응실; 연료공급 기계장치; 전해제 가열기; 열 변환기; 이 군급에 분류되는 연료전지 전력장치와 함께 독점적으로 사용되는 기타 내부 구성품","Includes Complete Functioning Fuel Cell Power Units; Fuel Cells; Fuel Cell Assemblies or Modules; Fuel Cell Reactant Chambers; Fuel Feed Mechanisms; Electrolyte Heaters; Heat Exchangers; and other internal components peculiar to, and used exclusively on or with, Fuel Cell Power Units classified in this class.","1차 전지(군급 6135 ""비충전지""); 2차 전지(군급 6140 ""충전지""); 발전기 및 발전세트(군급 6115 ""전기 발전기 및 발전기 세트""); 및 군급분류번호에 의해 더욱 적절한 군급에 규정된 품목","Excludes Primary Batteries (FSC 6135); Secondary Batteries (FSC 6140); Generators and Generating Sets (FSC 6115); and items for which more suitable classes are specifically prescribed by the indexes and structure of the FSC."
"6117","A","태양 전력장치","Solar Electric Power Systems","이 군급은 태양력을 전력으로 직접 변환시키기 위해 설계된 품목을 포함한다","Note-This class includes items which are designed for the direct conversion of solar energy into electrical power.","","","",""
"6120","A","트랜스:배전소 및 발전소","Transformers: Distribution and Power Station","이 군급은 1kva 이상의 킬로볼트-암패어률을 가진 트랜스를 포함한다","Note-This class includes transformers with a kilovolt-ampere rating above 1 kva.","","","전위 및 전류 트랜스","Excludes Potential and Current Transformers"
"6125","A","회전식 전기 변환기","Converters, Electrical, Rotating","이 군급은 한 형태로부터 다른형태(예를 들면 교류에서 교류, 직류에서 직류, 교류에서  직류 및 직류에서 교류)로 전기에너지를 변환하기 위한 기계식회전을 이용한 장치를 포함한다. 전기 발전기 및 발전기 세트(군급 6115)는 이 군급에서 제외한다","Note-This class includes devices employing mechanical rotation for changing electrical energy from one form to another (i.e., AC to AC, DC to DC, AC to DC, and DC to AC). Excluded from this class are electrical generators and generator sets (FSC 6115).","회전식 완전한 전지 충전장비; 발전기; 전동-변환기; 전동-발전기 세트; 상수 변환기; 회전 장비; 동기 변화기 [註] ⓐ상수 변환기:주파수를 바꾸는 일 없이 교류의 상수를 변환하는 장치","Includes Complete Battery Charging Equipment, Rotating; Dynamotors; Motor-Converters; Motor-Generator Sets; Phase Converters; Rotating Equipment; Synchronous Converters.","비회전식 장비","Excludes Nonrotating Equipment."
"6130","A","비회전식 전기 변환기","Converters, Electrical, Nonrotating","이 군급은 한 형태로부터 다른형태(예를 들면 교류에서 교류, 직류에서 직류, 교류에서 직류 및 직류에서 교류)로 전기 에너지를 변환하기 위한 기계식회전 이외의 방법을 이용한 장치를 포함한다","Note-This class includes devices employing a means other than mechanical rotation for changing electrical energy from one form to another (i.e., AC to AC, DC to DC, AC to DC, and DC to AC).","비회전식 완전한 전지 충전장비; 다목적 전력공급기","Includes Complete Battery Charging Equipment, Nonrotating; Power Supplies, Multiapplication.","정류관(군급 5960 ""전자관 및 관련 하드웨어""); 정류 결정체(군급 5961 ""반도체 장치 및 관련하드웨어""); 회전 장비(군급 6125 ""회전식 전기 변환기""); 트랜스 (군급 5950 ""코일 및 변압기""); 및 반도체 장치 및 관련 하드웨어(군급 5961)","Excludes Rectifying Tubes; (FSC 5960); Rectifying Crystals (FSC 5961); Rotating Equipment (FSC 6125); Transformers (FSC 5950); and Semiconductor Devices and Associated Hardware (FSC 5961)."
"6135","A","비충전지","Batteries, Nonrechargeable","","","전지 및 건전지; 핵전지","Includes Cells and Dry Batteries; Nuclear Batteries.","",""
"6140","A","충전지","Batteries, Rechargeable","","","충전지 및 축전지","Includes Rechargeable Cells and Batteries.","",""
"6145","A","전기용 와이어 및 케이블","Wire and Cable, Electrical","이 군급은 대량의 전기용 와이어 및 케이블이 포함되며, 일정한 길이로 잘라 끝이 마무리되어 있거나 부착물이 붙어 있는 것은 이 군급에서 제외한다","Note-This class includes only bulk electrical wire and cable. Excluded from this class are electrical wire and cable items of definite length either with processed ends, or terminated in fittings.","안테나선, 동축케이블, 퓨즈 및 저항 와이어 및 자기 와이어와 같은 절연 및 비절연 와이어 및 케이블","Includes Insulated and Noninsulated, Wire and Cable, such as, Antenna Wire, Coaxial Cable, Fuse and Resistance Wire, and Magnet Wire.","무선주파 송신선(군급 5985 ""안테나 도파관 및 관련장비""); 광섬유 케이블(군급 6015); 통신 케이블 조립체(군급 5995 ""통신장비용 케이블, 코드 및 와이어 조립체""); 배전 및 전력송신 케이블(군급 6150 ""기타 잡종 전원 및 배전용 장비"")","Excludes Radio Frequency Transmission Line (FSC 5985); Fiber Optic Cable (FSC 6015); Communication Cable Assemblies (FSC 5995); Distribution and Power Transmission Cable Assemblies (FSC 6150)."
"6150","A","기타 전력 및 배전 장비","Miscellaneous Electric Power and Distribution Equipment","","","장치 및 연장용 코드; 다목적 부착물을 갖춘 전원 및 배전 케이블; 엔드빌 및 프레임과 같은 전기 회전장비용 공통 구성품","Includes Appliance and Extension Cords; Electric Power and Distribution Cable with Attachments, Multiapplication; Common Components of Electrical Rotating Equipment, such as End Bells and Frames.","",""
"6160","A","기타 전지 보유 고정구,라이너 및 부수품목","Miscellaneous Battery Retaining Fixtures, Liners and Ancillary Items","","","건전지 상자, 덮개, 라이너, 선반, 리테이너 및 트레이","Includes Battery Boxes, Covers, Liners, Racks, Retainers, and Trays.","",""
"6200","A","조명설비 및 램프","Lighting Fixtures and Lamps","","","","","",""
"6210","A","옥내외 전기조명 설비","Indoor and Outdoor Electric Lighting Fixtures","","","공항, 철도 플랫폼, 경기장 및 가로등 설비","Includes Airport, Railroad Platform, Stadium, and Street Lighting Fixtures.","비전기 옥외설비; 신호설비; 비전기 옥내설비","Excludes Nonelectrical Outdoor Fixtures; Signal Fixtures; Nonelectrical Indoor Fixtures."
"6220","A","전기 운송수단 전등 및 설비","Electric Vehicular Lights and Fixtures","","","자동차, 선박, 철도 및 항공기용 조명등 및 설비","Includes Automotive, Marine, Railroad, and Aircraft Lights and Fixtures.","차량 비전기 설비","Excludes Nonelectrical Vehicular Fixtures."
"6230","A","휴대용 전기조명장치 및 손전등 장비","Electric Portable and Hand Lighting Equipment","","","투광 조명등; 탐조등; 연장등","Includes Floodlights; Searchlights; Extension Lights.","비전기식 휴대용 조명장비,신호 및 경보용장비","Excludes Nonelectrical Portable and Hand Lighting Equipment; Signal and Alarm Equipment."
"6240","A","전등","Electric Lamps","","","형광등; 대, 소형 백열등; 수은등; 나트륨등","Includes Fluorescent Lamps; Incandescent Lamps, Large and Miniature; Light Emitting Diode Lamps; Mercury Lamps; Sodium Lamps.","",""
"6250","A","안정기,소켓 및 스타터","Ballasts, Lampholders, and Starters","","","","","",""
"6260","A","비전기 조명설비","Nonelectrical Lighting Fixtures","","","비전기식 조명등; 휴대용 카바이드등; 양초","Includes Lanterns, Nonelectrical; Hand and Portable Carbide Lamps; Candles.","",""
"6300","A","경보,신호 및 보안탐지장치","Alarm, Signal and Security Detection Systems","","","","","",""
"6310","A","교통 및 통행 신호장치","Traffic and Transit Signal Systems","","","","","철도 신호장치","Excludes Railroad Signals."
"6320","A","함상 경보 및 신호장치","Shipboard Alarm and Signal Systems","","","","","",""
"6330","A","철도 신호 및 경보장치","Railroad Signal and Warning Devices","","","철도차폐기, 자동점멸신호기, 폐색신호기","Includes Railroad Gates; Flasher Lights; Block Signals.","수기(手旗)신호기","Excludes Semaphore Flag Signals."
"6340","A","항공기 경보 및 신호장치","Aircraft Alarm and Signal Systems","","","산소압력신호 및 경보장치; 공기압력 경보신호장치, 항공기 승무원 경보신호장치, 고도 경보신호장치, 경보 통제장치, 가청 착륙장치 경보장치","Includes Oxygen Pressure Signals and Warning Devices; such as Air Pressure Warning Signals, Aircraft Crew Warning Signals, Altitude Warning Signals, Alarm Controls, Audible Landing Gear Alarms.","항공기 엔진오일 및 연료 경보장치","Excludes Aircraft Engine Oil and Fuel Warning Devices."
"6350","A","기타 경보 및 보안탐지장치","Miscellaneous Alarm, Signal, and Security Detection Systems","","","침입방지 경보장치; 농무 경적; 징; 종; 벨; 도난 경보장치; 화재 경보기; 경찰 경보장치; 음향장치; 수동 가스 경보기; 착륙 표지","Includes Anti-intrusion Alarm Systems; Foghorns; Gongs; Chimes; Bells; Burglar Alarm Systems; Fire Alarms; Police Alarm Systems; Sounding Devices; Manual Gas Alarms; Landing Wands; Security Inspection Systems","로랜; 레이더; 소나; 엔진오일 및 연료경보장치; 항공기 산소경보장치","Excludes Loran; Radar; Sonar; Engine Oil and Fuel Warning Devices; Aircraft Oxygen Warning Devices."
"6500","A","내과,치과 및 수의과용 장비 및 용품","Medical, Dental, and Veterinary Equipment and Supplies","","","","","",""
"6505","A","약품 및 생화학제","Drugs and Biologicals","단지 이품목은 인간을 위해 특별히 처방되어서 이러한 분류에 어울리는데 사용된다.","Note-Only items specifically formulated for human use are appropriate to this class.","미연방 약전 또는 국가 처방집의 전문분야에 등재된 또는 미연방 적용품명집(USAN)에 속하는, 농림성(수의학용 약품 및 생화학제), 미연방 식품 약품 및 화장품 법에 포함되는 모든 약품, 의약등급의 화학제 및 생화학제","Includes all drugs, medicinal grade chemicals, and Biologicals subject to the Federal Food, Drug and Cosmetic Act, listed in the Monograph section of the U.S. Pharmacopeia or the National Formulary or covered by the United States Adopted Names (USAN). Other nations may apply their own legal documents.","미연방 군급분류번호 6508 ""약(藥)용 화장품 및 화장실 용품""에 분류되는 의학적인 화장품 및 화장실 용품, 미연방 군급분류번호 6650 ""광학기구, 시험장비, 구성품 및 부수품""에 분류되는 진단물질 및 시약","Excludes medicated cosmetics and toiletries classifiable in FSC 6508 and in vitro diagnostic substances and reagents classifiable in FSC 6550, and Veterinary Drugs and Biologicals classifiable in FSC 6509."
"6508","A","약(藥)용 화장품 및 화장실 용품","Medicated Cosmetics and Toiletries","","","이 군급은 연방식품,약품 및 화장품 법령에 따라 약품으로 결정된 의학적 화장품과 화장실 용품이 포함된다. 비의학적 화장품과 화장실 용품에 대해서는 그룹 85 ""화장품류""를 참조하시오","Includes medicated cosmetics and toiletries that have been determined to be drugs in accordance with the Federal Food, Drug, and Cosmetic Act.","그룹 85 ""화장품류""로 분류할 수 있는 비의학적인 화장품 및 화장실 용품","Excludes nonmedicated cosmetics and toiletries which are classifiable in Group 85."
"6509","A","수의학용 약품 및 생화학제","Drugs and Biologicals, Veterinary Use","인체용으로 공식화된 품목이 아니라면 이 군급에 분류할 수 있다","","수의학용으로 공식화된 모든 약품, 의약등급의 생화학제 및 농림성(수의약품 및 생화학제)의 규정을 조건으로 한 생화학제, 다른 국가는 그 자신의 규정을 적용할 수 있다","Includes All Drugs, medicinal grade chemical, and Biologicals subject to the provisions of the Department of Agriculture (Veterinary Drugs and Biologicals) specifically formulated for Veterinary use. Other Nations may apply their own legal documents.","군급 6505 ""약품 및 생화학제""에 분류된 인체용으로 공식화된 약품 및 생화학제","Excludes Drugs and Biologicals specifically formulated for Human use classifiable in FSC 6505."
"6510","A","외과 붕대재","Surgical Dressing Materials","","","붕대, (혈관을 압축하는) 압정대, 치료용 재료, 가아제, 스펀지 및 임산부용 외과 치료용 재료","Includes Bandages, Compresses, Dressings, Gauze, Pads, Sponges, and impregnated surgical dressing materials.","",""
"6515","A","내과 및 외과용 기구,장비 및 공급품","Medical and Surgical Instruments, Equipment, and Supplies","","","마취기구, 수혈기구, 산소 치료기구, 인공 호흡기, 정형외과용 공급품, 아치 지지대, 체온계, 봉합사, 보청기, 수의학용 장비, 내시경, 광학용 섬유","Includes: Anesthesia Apparatus; Blood Transfusion Apparatus; Oxygen Therapy Apparatus; Respirators; Orthopedic Supplies; Arch Supports; Clinical Thermometers; Sutures; Hearing Aids; Veterinary Equipment; Endoscopes, Fiber Optic; and In Vitro Diagnostic Devices classified and regulated by the FDA.","안과용 기구, 장비 및 공급품, 비내과용 내시경","Excludes: Ophthalmic Instruments, Equipment, and Supplies; Non-Medical Endoscopes; In Vitro Diagnostic Substances, Reagents, Test Kits and Sets (6550)."
"6520","A","치과용 기구,장비 및 공급품","Dental Instruments, Equipment, and Supplies","","","치과용 도구; 치과 실험실용 장비; 수술용 의자; 치열 교정기구; 의치; 치과용 금속; 치과용 연마기; 치과 실험실용 비품","Includes Dental Engines; Dental Laboratory Equipment; Operating Chairs; Orthodontic Appliances; Teeth; Dental Metals; Dental Abrasives; Dental Laboratory Furniture.","",""
"6525","A","내과,치과 및 수의과용 X-선 장비 및 용품","Imaging Equipment and Supplies: Medical, Dental, Veterinary","","","내과용 X-선 필름; 내과용 X-선 필름 판독장치; 내과용 X-선 현상 및 마무리 장비 및 공급품; X-선관","Includes Medical X-ray Film; Medical X-Ray Film Viewing Equipment; Medical X-Ray Film Processing and Finishing Equipment and Supplies; X-Ray Tubes; Computerized Tomography (CT) scanners and related equipment; Magnetic Resonance Imaging machine and related equipment; Positron Emission Tomography (PET) scanners and related equipment; Computed and/or Direct Digital Radiography machines and related equipment; Ultrasound and Echocardiogram scanners and related equipment; Scintigraphy equipment; Medical Picture Archiving and Communication Systems (PACS) equipment; Medical Thermal Imaging equipment; Optical Coherence Tomography (OCT) spectroscopy machines and related equipment; and imaging supplies and Contrast delivery systems that are not used by other medical disciplines.","산업용 X-선 장비","Excludes Industrial imaging equipment (X-ray, Thermal and the rest;) Supplies and equipment that can be used by other medical disciplines (See Medical and Surgical Instruments, Equipment and Supplies and Hospital and Surgical Clothing and related Special Purpose Items.)"
"6530","A","병원용 비품,장비,용구 및 용품","Hospital Furniture, Equipment, Utensils, and Supplies","","","정형외과용 장비; 수술용 조명등; 물리요법용 장비; 살균장치; 휠체어; 들것; 병원 침대; 구속장비","Includes Orthopedic Equipment; Operating Lights; Physiotherapy Equipment; Sterilizers; WheelChairs; Litters; Hospital Beds; Restraint Equipment.","",""
"6532","A","병원 및 외과용 피복 및 관련 특수목적 품목","Hospital and Surgical Clothing and Related Special Purpose Items","","","연방목록체계에 관련된 연방조직 어느 곳에도 그와 같은 기능을 수행하는 곳이 없는 병원 운영 또는 내과 또는 치과 시설에서 전적으로 사용하는 피복 품목","Includes Only those clothing items which are required exclusively for use in hospital operations, or in medical or dental facilities, which have no functional counterpart elsewhere in Federal Organizations participating in the Federal Catalog System.","일반용도의 피복 및 직물제품","Excludes General purpose items of clothing and fabricated textile material."
"6540","A","안과용 기구,장비 및 용품","Ophthalmic Instruments, Equipment, and Supplies","","","안과용 렌즈 절삭 및 연마기계; 안과용 렌즈 및 천; 안경테; 안과 및 시력측정 기구, 장비 및 공급품","Includes Ophthalmic Lens Cutting and Grinding Machine; Ophthalmic Lenses and Lens Blanks; Spectacle Frames; Ophthalmological and Optometric Instruments, Equipment, and Supplies.","광학용렌즈 절삭 및 연마용기계; 검안경 및 검이경 세트; 다른 내과 분야에 사용되는 외과 기구 및 공급품; 예를들면 봉합사, 안대, 눈 보호물, 세안기와 같은 품목","Excludes Optical Lens Cutting and Grinding Machines: Ophthalmoscope and Otoscope Set; Surgical Instruments and Supplies that can be used by other medical disciplines; i.e., sutures, eye pads, eye shields, eye bath, and the like."
"6545","A","야전보급 의료 세트,키트 및 장구","Replenishable Field Medical Sets, Kits, and Outfits","","","","","그룹 65 ""내과, 치과 및 수의과용 장비 및 공급품"" 내 다른 군급에 분류할 수 곤충 상처 키트와 같은 세트 및 키트; 검이경 및 검안경 세트; 시험관내 진단시험 키트 및 유사류","Excludes Sets and kits which can be logically classified in another FSC Class in Group 65, such as Insect Sting Kit; Otoscope and Opthalmoscope Set; In Vitro Diagnostic Test Kits; and the like."
"6550","A","시험관내 진단물질,시약,시험키트 및 세트","In Vitro Diagnostic Substances, Reagents, Test Kits and Sets","","","시험정제, 시험슬라이드, 시험띠, 시험카드, 시험종이, 시험용액, 시약과 같은 시험관내 진단 보조제,  질병의 의학적 진단, 신체조직의 기능장해 또는 다른 이상 징후를 결정하기 위한 보조 목적으로 혈액, 소변, 배설물과 같은 견본위에 시험관내 정량, 정질의 시험을 위한 세트 및 키트","Includes In vitro diagnostic aids, such as test tablets, test slides, test strips, test cards, test papers, test solutions, reagents; sets and kits designated for in vitro qualitative and quantitative tests on specimens, such as blood, urine, feces, and the like, for the purposes of aiding in the medical diagnosis of disease, determining body organ dysfunction, or other abnormal conditions.","군급 6505 ""약품 및 생화학제""로 분류된 시험관내 진단 물질","Excludes In vivo diagnostic substances classifiable in FSC 6505."
"6600","A","계기류 및 실험실 장비","Instruments and Laboratory Equipment","시험실 장비 및 계기 사용을 위해 특수 설계된 적외선 조립체(보조조립체 및 구성품 포함)는 이 그룹의 군급에 포함하며, 또한 시험실 장비 및 계기 사용을 위해 특수 설계된 컴퓨터(컴퓨터 조립체, 컴퓨터 장치 및 구성품 포함)도 포함한다","Note-Infrared assemblies (including sub-assemblies and components) designed specifically for use as or with instruments and laboratory equipment are included in the classes of this group. Also included are computers (including computer assemblies, computer systems and components) designed specifically for use with instruments and laboratory equipment.","","","",""
"6605","A","항법계기","Navigational Instruments","","","방위각; 6분의; 8분의; 나침판; 백해도판; 수중 측정장비; 공기위치 표시계; 편류계","Includes Azimuths; Sextants; Octants; Compasses; Plotting Boards; Underwater Log Equipment; Air Position Indicators; Drift Meters.","",""
"6610","A","비행계기","Flight Instruments","","","대기속도계; 승강계; 선회경사계; 피토관; 자이로 수평표시기; 자세 자이로 표시기","Includes Air Speed Indicators; Rate of Climb Indicators; Bank and Turn Indicators; Pitot Tubes; Gyro Horizon Indicators; Attitude Gyro Indicators.","항법계기(군급 6605)","Excludes Navigational Instruments (FSC 6605)."
"6615","A","자동조종장치 및 항공기용 자이로 구성품","Automatic Pilot Mechanisms and Airborne Gyro Components","유도탄의 자이로 구성품은 이 군급에 포함한다. 완전한 자이로 장치 및 비항공기용 자이로 구성품은 제외되며, 이들은 이보다 한단계 높은 조립체로서 동일한 군급에 분류한다","Note-Included in this class are gyro components of guided missiles. Excluded are complete gyro mechanisms and nonairborne gyro components, both of which are classified in the same classes as their next higher assemblies.","자동조종 조절기; 방향, 수직, 선회경사 및 유압면 자이로 조절장치; 항공기 및 선박용 자동조종장치; 헬리콥터 안정장치","Includes Automatic Pilot Regulators; Directional, Vertical, Bank and Turn, and Hydraulic Surface Gyro Controls; Airborne and Shipborne Automatic Pilot Mechanisms; Helicopter Automatic Stabilization Equipment.","자동조종 훈련장치 (군급 6930 ""운전 훈련장치""), 유도탄용 자동조종장치 (군급 1420 ""유도탄 구성품"")","Excludes Automatic Pilot Training Devices (FSC 6930); and Automatic Pilot Mechanisms, Guided Missile (FSC 1420)."
"6620","A","엔진계기","Engine Instruments","엔진 및 엔진 이외의 곳에 공용으로 사용되는 계기는 이 군급에 포함되지 않으며, 그룹 66 ""계기류 및 실험실 장비""의 적절한 군급에 분류한다","Note-Instruments designed for use on both engines and other than engines are not included in this class and should be classified in the appropriate instruments class of Group 66.","항공기,선박 및 차량용을 포함하는 모든 엔진의 계기; 연료 압력계; 매니폴드 압력계; 유압계; 연료 혼합계; 엔진오일 및 연료 경보장치","Includes All Engine Instruments, including Aircraft, Marine, and Vehicular; Fuel Pressure Gages; Manifold Pressure Gages; Oil Pressure Gages; Fuel Mixture Indicators; Engine Oil and Fuel Warning Devices.","",""
"6625","A","전기 및 전자 특성 측정 시험계기","Electrical and Electronic Properties Measuring and Testing Instruments","이 군급은 특수설계된 것이라 할지라도 전류계, 전압계, 저항계, 멀티미터와 같은 전기 및 전자 모든 ""기본""형 장비를 포함한다. 핵병기, 발사통제장치, 유도탄, 차량, 항공기 또는 촬영장비용으로 특수설계된 ""기본""계기 이외의 시험계기는 ""특수 설계된 품목 제외""라는 수식어귀에 따라 이 군급에서 제외한다. 특수 설계된 시험계기들은 연방보급분류내 다른 군급에 분류한다. 통신 및 야간관측 유지 및 시험특수장비용으로 설계된 통신 시험장비, 적외선 시험장비는 이 군급에 포함한다","Note-This class includes all ""basic"" types of electrical and electronic test instruments, such as ammeters, voltmeters, ohmmeters, multimeters, and similar instruments, even if specially designed. Excluded from this class by the modifier ""except specially designed"" are test instruments, other than ""basic"" instruments, which are specially designed for use with atomic ordnance, fire control, guided missile, motor vehicle, aircraft, or photographic equipment. Such specially designed test instruments are to be classified in other classes in the Federal Supply Classification.  This class includes communications test equipment, infrared test equipment designed for communication, and night vision maintenance and test specialized equipment.","시험용 도선 및 시험용 도선 부속품; 통신장비용으로 설계된 시험계기; 둘 이상의 연방보급분류 그룹에 분류되는 전자장비용으로 설계된 시험계기","Includes Test Leads and Test Lead Attachments; Test instruments designed for communication equipment; Test instruments designed for use with electronic equipment classified in two or more FSC groups.","방사능 탐지측정장비","Excludes Radiac Equipment"
"6630","A","화학분석계기","Chemical Analysis Instruments","","","산도(pH)계; 가스 분석기; 알칼리성 측정계기; 색도계","Includes Acidity (pH) Meters; Gas Analyzers; Alakalinity Measuring Instruments; Colorimeters.","가스 검출장비; 수동식 가스경보기; 화학제품; 시험관 진단물질 및 시약","Excludes Gas Detecting Equipment; Manual Gas Alarms; Chemicals; In Vitro Diagnostic Substances and Reagents."
"6632","A","","Analysis Instruments, Medical Laboratory Use","","Note: All analysers and instrumentation used in a medical/clinical setting for the purpose of aiding in the medical diagnosis of disease. Types of instrumentation include immunochemistry, clinical chemistry, coagulation, hematology, clinical microbiology, urinalysis, differential counters, histology, cytology equipment, and point of care analysers.","","Includes: Instrumentation performing the following analysis: blood cell, blood serum, urine, fecal, tissue slide staining, molecular infectious disease, tissue cells, polymerase chain reaction, serum electrophoresis, and DNA. Related supporting components and parts are also included.","","Excludes: Non-medical use instrumentation. Gas detecting equipment, manual gas alarms, air quality monitoring equipment, chemicals, In Vitro Diagnostic Devices, In Vitro Diagnostics Substances, Reagents, water monitors, water quality instruments, general use meters, stack emission measuring equipment, Ph and ion-selective meters, titrators and titration systems, and all other nonmedical analysis instrumentation. Also excludes general use laboratory equipment and supplies such as beakers, flasks, test tubes, balances, scales. Note: For clinical laboratory reagents see PSC Code 6550."
"6635","A","물리적특성 시험 및 검사장비","Physical Properties Testing and Inspection","","","형광투광 검사장치와 같은 위협 및 비위협적 검사장비; 자력 검사장비; 산업용 X-선 기계; 산업용 X-선 필름; 장력계; 물질 경도 시험장비","Includes Destructive and Nondestructive Inspection Equipment such as Fluorescent Penetrant Inspection Units; Magnetic Inspection Units; Industrial X-Ray Machines; Industrial X-Ray Film; Tensiometers; Material Hardness Testers.","일반목적용 측정공구(군급 5210 ""기능공용 측정공구) 및 정밀 측정공구 및 검사게이지(군급 5220 ""검사게이지 및 정밀설계용 공구"")","Excludes General Purpose Measuring Tools (FSC 5210) and Precision Measuring Tools and Inspection Gages (FSC 5220)."
"6636","A","환경실 및 관련 장비","Environmental Chambers and Related Equipment","이 군급은 장비 및 구성품에 대해 습도, 침수, 고도, 폭발, 열충격, 모래 및 먼지, 연소,밀봉과 같은 모의 조건에서 물리적 손상 및(또는) 변화를 결정하기 위해 모의 조건에서 통제된 실험을 수행하기 위해 사용되는 환경장치는 이 군급에 포함한다. 이 군급에 포함되는 환경장치는 야전에서 존재하는 상태의 실제 상황과 동일한 다양한 품목의 수명 및 습성을 고려한 자료를 제공한다","Note-This class includes only those environmental chambers used exclusively to perform controlled tests, under simulated conditions, to determine physical damage and/or changes in operating characteristics for equipments and components such as Humidity; Immersion; Moisture; Altitude; Explosion; Thermal Shock; Sand and Dust; Flammability; Seal. Environmental chambers included in this class provide data regarding service life and behavior of various items equivalent to actual service conditions existing in the field.","체임버; 와인드 터널; 모의 환경상태를 위해 특수 설계된 수용구; 환경장치에 관련된 특수 설계된 장비 및 구성품","Includes Chambers; Wind Tunnels; Enclosures specifically designed to simulate an environmental condition; Weatherometers; Fadeometers; Specially designed equipment and components exclusively related to environmental chambers.","일반목적 조립식 건축물, 체임버, 패널 및 구성품(군급 5410 ""조립식 및 이동식 건축물""); 통제된 환경조절 키트 및 세트(군급 4240 ""안전 및 구조장비""), 목욕탕(군급 4510 ""배관 설비물 및 부수품""), 오븐(군급 7310 ""요리, 제빵 및 서빙장비""), 가마(군급 3630 ""점토 및 콘크리트 가공 생산기계""), 라디오 존데 기준선 검사세트(군급 6660 ""기상 관측기구 및 장치""), 다양한 재압축 체임버(군급 4220 ""해양구명 및 잠수장비""), 고도 훈련용 저압 체임버(군급 6930 ""운전 훈련장치""), 훈련장치로 쓰이는 체임버(군급 6930), 검사 및 시험장비(군급 6625 ""전기 및 전자 특성측정 시험계기""), 화학 분석기구(군급 6630), 전기 및 전자 특성 측정 및 시험기구(군급 6625), 기상관측기구(군급 6660)","Excludes General purpose prefabricated buildings, chambers, panels, and components (FSC 5410); Controlled Environmental Conditioning Kits and Sets (FSC 4240); Baths (FSC 4510); Ovens (FSC 7310); Kilns (FSC 3630); Radiosonde Baseline Check Sets (FSC 6660); Divers Recompression Chambers (FSC 4220); Altitude Training Decompression Chambers (FSC 6930); and Chambers used as training devices (FSC 6930); Checkout and Test Equipment (FSC 6625); Chemical Analysis Instruments (FSC 6630); Electrical and Electronic Properties Measuring and Testing Instruments (FSC 6625); and Meteorological Instruments (FSC 6660)."
"6640","A","실험실 장비 및 용품","Laboratory Equipment and Supplies","","","실험실용 유리기구; 실험실용 깔대기; 실험실용 화로; 유리구슬; 실험실용 하얀 모래; 리트머스 시험지; 종이 필터; 곤충 꽂는 핀; 실험실용 유리솜; 치과용을 제외한 실험실용 비품","Includes Laboratory Glassware; Laboratory Funnels; Laboratory Furnaces; Glass Beads; Laboratory White Sand; Litmus Paper; Paper Filters; Insect Transfixion Pins; Laboratory Glass Wool; Laboratory Furniture, except Dental Laboratory.","그룹 66 ""계기류 및 실험실 장비""의 다른 군급에 분류되는 기구, 치과용 장비, 실험실용 자 및 저울, 시험관용 진단물질 및 시약","Excludes: Instruments covered by other classes in group 66; Dental Laboratory Equipment; Laboratory Scales and Balances; In Vitro Diagnostic Substances and Reagents; In Vitro Diagnostic Devices classified and regulated by the FDA (6515)."
"6645","A","시간측정계기","Time Measuring Instruments","","","시계, 업무기록장치, 시간기록장치, 시간스탬프, 시계장치, 휴대용시계","Includes Clocks; Job Recording Devices; Time Recorders; Time Stamps, Watch and Clock Movements; Watches.","",""
"6650","A","광학기구,시험장비,구성품 및 부속품","Optical Instruments, Test Equipment, Components and Accessories","","","쌍안경; 확대경; 잠망경; 망원경; 광학소자; 렌즈; 프리즘; 윈도우; 광학 벤치 및 부속장치; 내시경; 광섬유(비의학용)","Includes Binoculars; Magnifiers; Microscopes; Periscopes; Telescopes; Optical Elements; such as Lens, Prisms, Windows; Optical Benches and Associated Devices; Endoscopes, Fiber Optics (Non-Medical)); Optical Observation Instruments which incorporate both day and night viewing characteristics within an integral unit.","광학 사격통제기구; 광학 측량기구; 사진 측량기구; 팔분의; 육분의; 사격통제장비에 통합된 광학기구; 안과용 기구; 전자 광섬유 시험장비; 의학용 내시경","Excludes Fire Control Instruments, Optical; Surveying Instruments, Optical; Photogrammetric Instruments; Octants; and Sextants; Optical Instruments Integrated with Fire Control Equipment; Opthalmological Instruments; Electronic Fiber Optic Test Equipment; Medical Endoscopes."
"6655","A","지구물리학 기구","Geophysical Instruments","","","측지, 해양, 지진관측기구","Includes Geodetic, Oceanographic and Seismographic Instruments.","망원경","Excludes Telescopes."
"6660","A","기상관측기구 및 장치","Meteorological Instruments and Apparatus","","","기상관측용 풍선; 라디오 존데 세트; 레이더 존데 세트","Includes Meteorological Ballons; Radiosonde Sets; Radarsonde Sets.","",""
"6665","A","위험탐지기구 및 장치","Hazard-Detecting Instruments and Apparatus","","","방사능 탐지측정장비; 가스 검출장비; 지뢰 탐지장비","Includes Radiac Equipment; Gas Detecting Equipment; Land Mine Detecting Equipment.","수동 가스 경보기(군급 6350 ""기타 경보 및 보안탐지장치"")","Excludes Manual Gas Alarms (FSC 6350)."
"6670","A","자 및 저울","Scales and Balances","","","자동판매용, 가정용, 산업용, 우편용 및 실험실용 자 및 저울","Includes Coin Operated, Household, Industrial, Postal, and Laboratory Scales and Balances.","",""
"6675","A","제도,측량 및 지도제작용 기구","Drafting, Surveying, and Mapping Instruments","","","제도 기구 및 도구; 산업 및 건축용 자; 수준기; 측량용 전경의; 사진측량기구; 아스트로라베; 수준기 척; 평판측기; 측량 고도계; 경위의 [註] ⓐ아스트로라베: 옛날의 천문관측의 ⓑ경위의: 연직각 및 수평각을 측정하는데 씀","Includes Drawing Instruments, Drafting Tools; Engineering and Architectural Scales; Levels; Transits; Photogrammetric Instruments; Astrolabes; Level Rods; Plane Tables; Surveying Altimeters; Theodolites.","측량용 테이프","Excludes Surveyors' Tapes."
"6680","A","액체 및 기체의 흐름,액체의 수준 및 기계적 운동을 측정하는 기구","Liquid and Gas Flow, Liquid Level, and Mechanical Motion Measuring Instruments","","","액체의 수준을 측정하는 플로트 기구; 회전수 계산기; 속도계; 회전도 측정기기; 산소 흐름 표시기; 엔진 회전속도계를 포함한 회전속도계","Includes Liquid Level Float Instruments; Revolution Counters; Speedometers; Rotation Measuring Instruments and Apparatus; Oxygen Flow Indicators; Tachometers, including Engine Tachometers.","복합계기(군급 6695 ""복합 및 기타기구""); 기상관측기구(군급 6660 ""기상관측기구 및 장치""); 자동제어밸브(그룹 48 ""밸브"")","Excludes Combination Instruments; (FSC 6695); Meteorological Instruments (FSC 6660); and Automatic Control Valves (FSG 48)."
"6685","A","압력,온도 및 습도측정 및 조절용 계기","Pressure, Temperature, and Humidity Measuring and Controlling Instruments","","","엔진온도계를 포함한 온도계; 압력계; 열전대 도선; 저항구","Includes Thermometers, including Engine Thermometers; Pressure Gages; Thermocouple Leads; Resistance Bulbs.","체온계(군급 6515 ""내과 및 외과용 기구, 장비 및 공급품""); 온도조절 및 차동 압력 스위치(군급 5930 ""스위치""); 기상관측기구(군급 6660 ""기상관측기구 및 장비"")","Excludes Clinical Therometers; (FSC 6515); Thermostatic and Differential Pressure Switches (FSC 5930); and Meteorological Instruments (FSC 6660)."
"6695","A","복합 및 기타 계기","Combination and Miscellaneous Instruments","","","흐름 압력계; 택시 미터; 동력계","Includes Flow-Pressure Instruments; Taximeters; Dynamometers.","치과, 내과, 외과 및 수의과용 기구","Excludes Dental, Medical, Surgical, and Veterinary Instruments."
"6700","A","촬영장비","Photographic Equipment","촬영장비용으로 특수 설계된 컴퓨터(컴퓨터 조립체, 컴퓨터 시스템 및 구성품 포함)가 포함된다.","Note-Included are computers (including computer assemblies, computer systems and components) designed specifically for use with photographic equipment.","","","",""
"6710","A","영화 촬영기","Cameras, Motion Picture","","","항공촬영 및 지도제작용 카메라","Includes Aerial and Mapping Cameras.","비항공기 탑재용 텔레비전 카메라(군급 5820 ""비항공기 탑재용 라디오 및 텔레비젼 통신장비""); 항공기 탑재용 텔레비전 카메라(군급 5821 ""항공기 탑재용 라디오 및 텔레비젼 통신장비""); 비디오 카메라(군급 5836 ""영상 녹음 및 재생장비"")","Excludes Television Cameras, Nonairborne (FSC 5820); Television Cameras, Airborne (FSC 5821); Video Cameras (FSC 5836)."
"6720","A","스틸사진 카메라","Cameras, Still Picture","","","항공, 지도제작, 마이크로필름, 사진복사 및 스튜디오 카메라","Includes Aerial, Mapping, Microfilm, Photocopy, and Studio Cameras.","X-선 카메라(군급 6525 ""내과, 치과, 수의과용 X-선 장비 및 용품"") 및 산업용 X-선 기기(군급 6635 ""물리적특성 시험 및 검사장비"")","Excludes X-Ray Cameras (FSC 6525), and Industrial X-Ray Machine (FSC 6635)."
"6730","A","사진 영사장비","Photographic Projection Equipment","","","스크린; 뷰어; 사진지도 영사기; 통합 뷰어/필름인화기 및 마이크로폼 저장 및 복구 시스템","Includes Screens; Viewers; Photomap Projectors; Integrated Viewers/Printer and Microform storage and retrieval systems.","",""
"6740","A","사진현상 및 마무리 장비","Photographic Developing and Finishing Equipment","","","편집장비; 확대기; 건조기; 압축기; 인화기; 세척기","Includes Editing Equipment; Enlargers; Driers; Pressers; Printers; Washers.","",""
"6750","A","사진용품","Photographic Supplies","","","감광지; 특수목적 사진용 화학제; 현상되지 않은 필름; 사진촬영용 섬광전구","Includes Sensitized Photographic Paper; Special Purpose Photographic Chemicals; Unprocessed Film; Photoflash Lamps.","X-선 필름(군급 6525 ""내과용"" 또는 군급 6635 ""산업용""); 직접 정전기형 인화 또는 복사용 사진전송장치(팩시밀리) 용지(군급 7530 ""사무용품 및 기록양식"")","Excludes X-Ray Film (Medical Class 6525 or Industrial Class 6635); Electrographic (Facsimile) Paper for direct electrostatic printing or copying (FSC 7530)."
"6760","A","사진장비 및 부속품","Photographic Equipment and Accessories","","NOTE - This class includes motion picture, still picture and photographic projection equipment and accessories.","광도계; 삼각대; 필터; 거리측정계; 사진촬영용 투광조명장치; 렌즈; 특수 사진촬영 시험장비","Includes Light Meters; Tripods; Filters; Range-finders; Photographic Floodlight Fixtures; Lenses; Specialized Photographic Test Equipment; Covers; Stands; Supports.","램프(전구) (군급 6240 ""전등""); 사진촬영용 섬광전구(군급 6750 ""사진용품"")","Excludes Lamps (bulbs) (FSC 6240); Photoflash Lamps (FSC 6750)."
"6770","A","현상된 필름","Film, Processed","","","무성 및 유성 영화필름; 스틸사진 필름","Includes Motion Picture Film, Silent and Sound; Still Picture Film.","X-선 필름 (군급 6525 ""내과용"" 또는 군급 6635 ""산업용""); 훈련 및 교육용 필름 (군급 6910 ""훈련용 보조재료""); 현상된 마이크로필름","Excludes X-Ray Film (Medical class 6525 or Industrial class 6635); Training and Educational Film (FSC 6910); Processed Microfilm (FSC 7670)."
"6780","A","사진용 세트,키트 및 기구","Photographic Sets, Kits, and Outfits","","","","","",""
"6800","A","화학제 및 화학제품","Chemicals and Chemical Products","일반적으로 각각의 비의약 화학제 및 화합물은 군급 6810 ""화학제품""에 분류한다. 특별한 용액(물 제외)으로 제조된 화학제 또는 화합물의 배합물은 군급 6810 이외의 군급에 용도에 따라 분류한다. 예를 들면 화학화합물 DDT는 군급 6810에 분류되는 반면, DDT(액체 스프레이, 살충제)는 군급 6840 ""살충 및 소독제""에 분류한다. 표백제, 바퀴살충제 및 부동액과 같은 비화학적 이름을 포함하는 유사 보급품은 군급 6810 이외의 군급에 용도에 따라 분류한다. 차아 염소산 나트륨 용액, 클로르단, 에틸렌 글리콜과 같은 화학화합물에 상응하는 품목은 군급 6810에 분류한다. 의약용 화학제품은 일반적으로 군급 6505 ""약품 및 생물학 제품""에 분류하고, 시험관내 진단물질 및 시약은 군급 6550 ""시험관내 진단물질, 시약, 시험키트 및 세트""에 분류하며, 추진연료 및 산화제 전용으로 제조된 화학제는 이 그룹에서 제외한다.","Note-In general, individual nonmedicinal chemical elements and compounds are classified in Class 6810. Combinations (or mixtures) of chemical compounds, or chemicals prepared in a particular vehicle (other than water) are generally classified according to use, in classes other than 6810. For example, the chemical compound DDT, is classified in 6810, whereas DDT liquid spray, the insecticide, is classified in 6840-Pest Control Agents and Disinfectants. Similarly items of supply bearing nonchemical names such as BLEACH; INSECTICIDE, ROACH; and ANTIFREEZE are generally classified according to use, in classes other than 6810, whereas corresponding chemical compounds, such as sodium hypochlorite solution, chlordane, and ethylene glycol are classified in 6810. Medicinal chemicals are generally classified in 6505-Drugs and Biologicals; in vitro diagnostic substances and reagents are classified in 6550-In Vitro Diagnostic Substances, Reagents, Test Kits and Sets. Excluded from this group are liquid chemicals designed exclusively for use as propellant fuels and oxidizers.","","","",""
"6810","A","화학제품","Chemicals","","","나프타 용제; 정수용 화합물; 천연 또는 합성 제혁재; 호정 및 전분; 비식용 젤러틴; 아세톤; 유도탄 비전용 비포장 추진용 화합물","Includes Naphtha Solvents; Water Softening Compounds; Tanning Materials, Natural or Synthetic; Dextrines and Starches; Inedible Gelatins; Acetone; Propellant Chemicals, Bulk, not Specialized Solely for Guided Missile Use.","의약용 화합물; 가스; 주조 덱스트린; 방사선 및 사진용 화학제; 시험관내 진단물질 및 시약","Excludes Medicinal Chemicals; Gases; Foundry dextrines; Radiographic and Photographic Chemicals; In Vitro Diagnostic Substances and Reagents."
"6820","A","염료","Dyes","","","가정용 색조","Includes Household Tints","",""
"6830","A","압축 및 액화가스","Gases: Compressed and Liquefied","","","연료가스","Includes Fuel Gases.","군사용 화학가스; 의료용 가스; 빈 가스실린더 및 캡, 밸브, 밸브 예비부분품","Excludes Military Chemical Gases; Medical Gases; Empty Gas Cylinders and their caps, valves, and valve spare parts."
"6840","A","살충 및 소독제","Pest Control Agents and Disinfectants","","","구충제; 살균제; 살충제; 쥐약; 제초제","Includes Insect Repellents; Fungicides; Insecticides; Rodenticides; Weed Killers.","사람이 쓰는 방취제","Excludes Personal Deodorants."
"6850","A","기타 화학특수품","Miscellaneous Chemical Specialties","","","방습제; 습윤제; 석판인쇄용 부식 및 잉크용액; 석판인쇄용 판 수리용액; 부동액","Includes Antifogging Compounds; Wetting Agents; Etching and Fountain Solutions for Lithographing; Blanket Repair Solutions for Lithographing; Antifreeze.","",""
"6900","A","훈련용 보조재 및 장치","Training Aids and Devices","훈련용 보조재 및 장치로서 사용되도록 특수 설계된 컴퓨터(컴퓨터 조립체,컴퓨터장치 및 구성품 포함)를 포함한다","Note-Included are computers (including computer assemblies, computer systems and components) designed specifically for use as, or with training aids and devices.","","","",""
"6910","A","훈련용 보조재","Training Aids","","","실물크기의 모형; 비스듬히 절단한 모형; 스케일 모형; 훈련용 필름; 훈련용 보조재 지도; 항법훈련 보조재; 비행계기 훈련 보조재; 항공기 계기 훈련 보조재; 차량 훈련 보조재; 엔진계기 훈련 보조재; 유압시스템 훈련 보조재; 비스듬히 절단한, 실물크기의, 절단면 탄약; 강의실 훈련용 훈련장비","Includes Mockups; Cutaway Models; Scale Models; Training Films; Training Aid Maps; Navigational Training Aids; Flight Instrument Training Aids; Aircraft Instrument Training Aids; Vehicle Training Aids; Engine Instrument Training Aids; Hydraulic System Training Aids; Cutaway, Mockup, or Sectionalized Ammunition only; Training Equipment normally used in classroom training.","훈련, 모의, 연습탄약 및 무기","Excludes Drill, Dummy, Exercise, Practice, or Simulated Ammunition and Weapons."
"6920","A","무장훈련장치","Armament Training Devices","","","폭격 훈련장치; 사격 훈련장치; 토우 표적; 사격 표적; 유도탄 훈련세트","Includes Bombing Trainers; Gunnery Trainers; Tow Targets; Gunnery Targets; Guided Missile Training Sets.","표적용 무인조종기; 훈련, 조사, 유도탄 평가 및 사진정찰에 사용되는 무인조정기; 원자무기 훈련장치; 훈련 보조재; 훈련, 모의, 연습탄약 및 무기","Excludes Target Drones; Drones for such use as training, surveillance, missile evaluation, and photographic reconnaissance; Atomic Ordnance Training Devices; Training Aids; Drill, Dummy, Exercise, Practice, or Simulated Ammunition and Weapons."
"6930","A","운전훈련장치","Operation Training Devices","","","지상에서의 비행연습장치; 자동조종 훈련장치; 편류계 훈련장치; 천체항법 훈련장치; 추측항법 훈련장치; 이륙 및 착륙 훈련장치; 지형 투사 훈련장치; 통신 및 병기를 제외한 모든 운전훈련장치","Includes Link Trainers; Automatic Pilot Training Devices; Drift Meter Training Devices; Celestial Navigation Trainers; Dead Reckoning Navigation Trainers; Instrument Flying and Landing Trainers; Terrain Projection Trainers; All operational training devices except communication and armament.","훈련용 보조재","Excludes Training Aids."
"6940","A","통신훈련장치","Communication Training Devices","","","초음속 레이더 훈련장치; 항법용 레이더 훈련장치; 관측용 레이더 훈련장치; 암호 연습장비","Includes Supersonic Radar Trainers; Navigational Radar Trainers; Search and Detecting Radar Trainers; Code Practice Equipment.","훈련용 보조재","Excludes Training Aids."
"7000","A","자동 데이터 처리장치(펌웨어 포함),소프트웨어,공급품 및 보조장치","Information Technology Equipment (Including Firmware), Software, Supplies and Support Equipment","","","","","",""
"7010","A","자동 데이터 처리 장치 시스템 구성","Information Technology Equipment System Configuration","하나의 시스템으로서 운용되도록 상호 연결되어있는 일반목적 아날로그, 디지털 또는 하이브리드 전자 또는 전자기계식 장치의 그룹을 말한다. ""시스템""이라는 용어가 명확하게 규정하지 않더라도 자주 자동자료처리시스템으로 사용된다. 중앙처리장치(CPU) 및 필수 입/출력장치, 부수장치, 아날로그 측정장치, 요구과제를 수행하기 위해 필요한 소프트웨어 및/또는 펌웨어로 구성된 장치의 조립체를 포함한다. 또한 입/출력장치, 중앙처리장치 및/또는 부수장치 또는 하나의 조립체 또는 장치로서 결합된 구성품을 갖춘 보조조립체 및 장치를 포함한다. 하나의 시스템 속에 결합된 특수제작된 장치는 기본조립체 또한 장치의 분류상 영향을 미치지 않는다","Note-a group of general purpose analog, digital, or hybrid electronic or electromechanical devices that are interconnected to operate as a system. Frequently referred to as an Information Technology (IT) or Automated Data Processing (ADP) system, although the term ""system"" is not considered definitive. Includes an assembly of devices consisting of a central processing unit (CPU) and the necessary input/output devices, accessorial devices, analog measurement devices, software and/or firmware required to perform the desired objectives. Also includes subassemblies and units in which input/output devices, CPUs, and/or accessorial devices or components are incorporated into a single assembly or unit. A specially designed device incorporated into a system shall not influence the classification of the base assembly or unit.","","","",""
"7020","A","아날로그 자동 데이터 처리 중앙처리장치(CPU,컴퓨터)","Information Technology Central Processing Unit (CPU, Computer), Analog","아날로그는 다른 형태로 존재하는 물리적 상태의 한 형태를 표현한다 (예를들면 온도계내의 온도를 나타내는 관속 수은의 높이, 속도계의 속도를 나타내는 바늘 각도의 위치). 이 군급은 유량, 온도, 압력, 각도 위치 또는 전압과 같은 물리적 특성의 전기적 등가량을 입력으로서 수용하고, 한층 더한 효과를 위한 결과를 생산하기 위해 이러한 전기적 등가량을 처리하여 계산을 수행하는 중앙처리장치만을 포함한다","Note-An analog is a representation in one form of a physical condition existing in another form (e.g., the level of mercury in a tube represents temperature in a thermometer; the angular position of a needle represents speed on a speedometer). This class includes only CPUs that accept as inputs the electrical equivalent of physical conditions such as flow, temperature, pressure, angular position or voltage and perform computations by manipulating these electrical equivalents to produce results for further use.","","","",""
"7021","A","디지털 자동 데이터 처리 중앙처리장치(CPU,컴퓨터)","Information Technology Central Processing Unit (CPU, Computer), Digital","디지털은 불연속적인 숫자, 기호 및 미리 정해진 전기량의 부호화된 조합의 알파벳의 표시를 말한다. 이 군급은 디지털 양에 의해 표현되는 정보를 수용하는 중앙처리장치만을 포함한다. 특히, 데이터에 관한 것 뿐만 아니라 연산자의 개입없이 그 자체의 내부메모리(저장장치)에 포함되는 프로그램에 관한 산수 및 논리작업(프로그램)의 결과를 수행할 수 있는 능력을 갖춘 장치를 포함한다","Note-Digital refers to the representation of discrete numbers, symbols and alphabetic characters by a predetermined, coded combination of electrical impulses. This class includes only CPUs that accept information represented by digital impulses. Specifically, a device capable of performing sequences of arithmetic and logic operations (a program) not only on data but also on the program which is contained in its internal memory (storage) without intervention of an operator.","","","",""
"7022","A","하이브리드 자동 데이터 처리 중앙처리장치(CPU,컴퓨터)","Information Technology Central Processing Unit (CPU, Computer), Hybrid","하이브리드는 상호교통을 위해 필요한 변환능력을 갖춘 군급 7020 ""아날로그 자동데이터처리 중앙처리장치"" 및 7021 ""디지털 자동데이터처리 중앙처리장치""에서 정의한 것과 같이 아날로그 및 디지털 능력의 조합을 의미한다","Note-Hybrid refers to a combination of analog and digital capability as defined in Classes 7020 and 7021 with conversion capability required for intercommunication.","","","",""
"7025","A","자동 데이터 처리 입/출력 및 저장장치","Information Technology Input/Output and Storage Devices","이 군급은 정보를 컴퓨터로 전송하고 컴퓨터로부터 전송받고 제어하는데 사용되는 장치를 포함한다. 입력장치는 컴퓨터로 자료 및 명령을 전송하기 위해 사용된다. 출력장치는 컴퓨터에 의해 처리된 결과를 자동데이터처리 주변장치로 전송하기 위해 사용되는 장치이다. 입/출력장치는 동일한 장치에 위의 기능들을 조합한 장치이다. 이 군급은 프린터, 표시장치(디스플레이), 디스크 드라이브 장치(자기, 광학 및 플롭티컬), 테이프 드라이브 장치, 단말기, 데이터 입력장치 및 전송장치를 포함하며, 또한 데이터 및 펌웨어의 저장 및 검색을 위한 광학 컴팩트 디스크를 포함한다.","Note-This class includes devices used to control and transfer information to and from a Computer (as modified). The input device is used for transferring data and instructions into a computer. The output device is used to transfer results of processing by the computer to Information Technology or Automated Data Processing peripheral devices. Input/output devices combine the above functions in the same device. This class includes printers, display units, disk drive units (magnetic, optical and floptical), tape drive units, terminals, data entry devices and transfer units. Also includes Optical Compact Disk (CD) devices used for the storage and retrieval of data and firmware.","","","",""
"7030","A","자동 데이터 처리 소프트웨어","Information Technology Software","소프트웨어는 중앙처리장치에서 받아들일 수 있는 형태의 명령 또는 문장의 연속이며, 자동 데이터 처리장비 구성이 연산 또는 명령을 수행할 수 있도록 설계하였으며, 컴퓨터에 의해 작동되고 처리될 수 있는 형태의 데이터의 집합이다","Note-Software is a series of instructions or statements in a form acceptable to a CPU, designed to cause the Information Technology Equipment or Automated Data Processing Equipment configuration to execute an operation or operations; or a collection of data in a form capable of being processed and operated on by a computer.","운영체제, 어셈블러, 컴파일러, 집행루틴, 인터프리터, 번역기와 같은 시스템 프로그램; 정렬/병합 프로그램, 매체변환, 유지보수 진단프로그램과 같은 유틸리티 프로그램; 급료지불명부, 재고관리 및 공학분석 프로그램과 같은 응용프로그램","Includes System programs, such as operating systems, assemblers, compilers, executive routines, interpreters, translators; utility programs, such as sort/merge programs, media conversion, maintenance diagnostic programs; and application programs, such as payroll, inventory control, and engineering analysis programs.","특별한 사용자의 요구에 만족토록 또는 그룹 70 ""자동 데이터 처리장치, 소프트웨어, 공급품 및 보조장치""이외의 그룹에 적절히 분류할 수 있는 자동 데이터 처리장치용으로 정부규격서에 맞도록 설계된 소프트웨어; 그룹 76 ""서적류, 지도 및 기타 발간물""에 분류할 수 있는 운영지침서 및 프로그래머 매뉴얼","Excludes Operating manuals and programmers' manuals properly classified in FSG 76."
"7035","A","자동 데이터 처리 지원 장치","Information Technology Support Equipment","이 군급은 구성 그 자체의 부분품이 아닌, 자동 데이터 처리장치 구성과 공동 또는 관련하여 사용되도록 설계된 다양한 장치 및 관련 제어장치를 포함한다. 자동 데이터 처리 보조장치는 마그네틱테이프 시험, 확인 및 소거장치, 테이프 장치 리와인더, 스플라이서, 스풀러 및 카드재생기를 포함한다. 무기시스템, 제어시스템, 디지털 화상 처리시스템, 미사일시스템, 통신시스템 또는 항법시스템과 같이 시스템의 한 부분품으로써 사용되도록 설계되지 않은 상업적으로 이용가능한 관련 일반목적용 보조장치의 완제품 및 구성품은 이 군급에 포함한다. 또한 유량, 압력, 온도 또는 자동기계공구 및 처리작업에 있어서 조절기구에 의해 제어되는 다른 매개변수를 포함하는 자동기계공구 처리작업과 같은 공정제어에 사용하기 위해 특수설계되지 않은 보조제어시스템 및 구성품을 포함한다","Note-This class includes various devices and associated control units which are designed for use in combination or conjunction with an Information Technnology (IT) Equipment or Automated Data Processing (ADP) Equipment configuraProcessing (ADP) Equipment configuration but are not part of the configuratition itself. IT or ADP support equipment includes magnetic tape testing, certifying, and cleaning equipment; disk pack testing, certifying and cleaning equipment; tape equipment, rewinders, splicers, spoolers and card reconditioners. Included in this class are complete units and components of related general purpose commercially available support equipment which are not specifically designed for use as part of a system such as a weapon system, control system, digital image processing system, missile system, communication system or navigation system. Also included are support control systems and components not specifically designed for use with process control such as automatitic machine tool processing operations in which flow, pressure, temperature or other parameters are controlled by instrument regulations in automatic machine tool and process operations.","","","",""
"7040","A","천공 카드 장비","Punched Card Equipment","","","대조장치, 자판 천공기, 도표 작성기, 검증기, 복제기, 요약 천공기, 분류기, 인터프리터","Includes Collating machines, key punch machines, tabulating machines; verifiers; reproducers; summary punches, sorters; interpreters.","자동 데이터 처리장치용으로 설계된 카드 작동기","Excludes Card actuated machines designed for use with an ADPE system."
"7042","A","미니 및 마이크로컴퓨터 제어장치","Mini and Micro Computer Control Devices","","","장치, 기구 또는 다른 장비를 제어, 감시, 측정 및 실행하는데 컴퓨터 기술이 필수적인 곳에서 제어장치로서 사용되는 미니 및 마이크로컴퓨터","Includes Mini or micro computers used as control mechanisms where computer technology is essential in controlling, monitoring, measuring, and directing processes, devices, instruments or other equipment.","고차원 시스템에 통합되어 사용토록 특수설계된 미니 및 마이크로컴퓨터 통제장치, 예를들면 항공기 발사통제 시스템, 수치제어 공작기계, 순차 제어 인쇄장비, 모션 측정기구, 사무정보 시스템 장비류","Excludes Mini and micro computer control devices which are designed specifically for use in and/or integral to higher order systems, e.g., aircraft fire control systems, numerically controlled machine tools, sequence controlled printing equipment, motion measuring instruments, office information system equipment, and the like."
"7045","A","자동 데이터 처리 용품","Information Technology Supplies","이 군급은 자동 데이터 처리 테이프 봉인밴드, 릴 및 허브, 운반 케이스, 용기류를 포함한다. 또한 마그네틱테이프, 분리 가능한 디스크 팩, 마그네틱 카드, 카세트 및 디스켓과 같은 자동 데이터 처리장치와 함께 사용되도록 설계된 모든 기록되지 않은 마그네틱 기록매체와 데이터 저장을 위한 광디스크를 포함한다","Note-This class includes Information Technology (IT) or Automated Data Processing (ADP) tape seal bands, reels and hubs, carrying cases, canisters,and  the like. Also includes all nonrecorded magnetic recording or other removable storage media designed to be used with IT or ADP equipment, such as magnetic tape, removable disk packs, magnetic cards, cassettes, and diskettes. Also includes Optical Disks used for the storage of data and cartridges use for additive Manufacturing.","","","",""
"7050","A","자동 데이터 처리 구성품","Information Technology Components","이 군급은 아날로그, 디지털 또는 하이브리드 데이터 처리장치로서 자동 데이터 처리 구성품 조립체를 포함한다. 더욱 적절한 분류가 가능한 품목들은 제외한다. 미연방 보급분류 구조 및 색인은 단일 군급에 분류하도록 되어있는 품목들에 대한 분류를 통제한다","Note-This class includes Information Technology or Automated Data ProcessingComponent Assemblies that are parts of analog, digital or hybrid data processing devices. Excluded from the class are items for which more specific classifications are suitable. The FSC structure and indexes will govern the classification of those items permitted classification in a single class only.","","","",""
"7100","A","비품","Furniture","","","","","",""
"7105","A","가정용 비품","Household Furniture","","","개방형 침대스프링(금속제); 접는 의자; 캠프용 비품; 벽 부착 및 가구형 거울; 스탠드식 재떨이","Includes Bedsprings, Open Style (All-metallic); Folding Chairs; Camp Furniture; Mirrors, Wall Mounting and Furniture Types; Smoking Stands.","병원침대 및 침대스프링; 재떨이; 매트리스; 박스형 침대스프링(직물 커버 포함)","Excludes Hospital Beds and Bedsprings; Ash Trays; Mattresses; Bedsprings, Box Style (Fabric Covered)."
"7110","A","사무용 비품","Office Furniture","","","서류정리용 캐비닛; 금고; 우체국 비품; 학교 비품; 흑판","Includes Filing Cabinets; Safes; Post Office Furniture; School Furniture; Blackboards.","치과용 X-선 필름 보호금고; 가시 기록장비","Excludes Dental X-Ray Film Protective Safes; Visible Record Equipment."
"7125","A","캐비닛,로커,(뚜껑 달린)큰상자,선반","Cabinets, Lockers, Bins, and Shelving","","","주방 캐비닛; 칸막이 선반","Includes Kitchen Cabinets; Sectional Shelving.","병사(兵舍)에서 사용하는 사물 트렁크; 서류정리용 캐비닛","Excludes Foot Lockers; Filing Cabinets."
"7195","A","기타 비품 및 설비","Miscellaneous Furniture and Fixtures","","","돌, 진흙 또는 콘크리트 비품; 강당 및 극장용 비품; 도서관용 비품; 금전 출납대","Includes Stone, Clay, and Concrete Furniture; Auditorium and Theater Furniture; Library Furniture; Cashier Stands.","",""
"7200","A","가정 및 상업용 비품 및 기구","Household and Commercial Furnishings and Appliances","","","","","",""
"7210","A","가정용 비품","Household Furnishings","","","가정용 직물, 플라스틱, 종이, 고무 및 기타 재질의 비품; 시트, 베게, 담요 및 기타 침구류; 방충망; 식탁보; 타월; 융단; 매트리스; 박스형 침대스프링(직물커버 포함); 침대스프링 및 매트리스 세트","Includes Household Furnishings of Textiles, Plastics, Paper, Rubber, and other materials; Sheets, Pillows, Blankets, and other Bedding; Insect Bars; Tablecloths; Towels; Steamer Rugs; Mattresses; Bedsprings, Box style (Fabric Covered); Bedspring and Mattress Sets.","마루깔개; 커튼; 종이냅킨; 종이깔개; 개방형 침대스프링(완전 금속제)","Excludes Floor Coverings; Curtains; Draperies; Paper Napkins; Paper Doilies; Bedsprings, Open Style (All-Metallic)."
"7220","A","바닥 포장","Floor Coverings","","","리놀륨; 고무 및 아스팔트 타일; 카펫; 융단; 융단 패드","Includes Linoleum; Rubber and Asphalt Tile; Carpets; Rugs; Rug Pads.","차량용 깔판","Excludes Vehicular Floor Mats."
"7230","A","커튼,차일 및 차양","Draperies, Awnings, and Shades","","","커튼; 커튼, 블라인드 및 창문 차양용 특수 철물 및 비품","Includes Curtains; Specialized Hardware and Fittings for Curtains, Draperies, Venetian Blinds, and Window Shades.","",""
"7240","A","가정 및 상업용 다용도 용기","Household and Commercial Utility Containers","","","쓰레기통; 물뿌리개; 옷 광주리; 가정용 바구니; 직물 다용도 용기","Includes Refuse Cans; Sprinkling Cans; Clothes Hampers; Household Basket; Fabric Utility Containers.","",""
"7290","A","기타 가정용 및 상업용 비품 및 기구","Miscellaneous Household and Commercial Furnishings and Appliances","","","난로세트; 항아리 및 단지; 가정용 재봉틀","Includes Fireplace Sets; Vases and Urns; Household Sewing Machines.","",""
"7300","A","음식 조리 및 서빙 장비","Food Preparation and Serving Equipment","","","","","",""
"7310","A","요리,제빵 및 서빙 장비","Food Cooking, Baking, and Serving Equipment","이 군급은 음식 진열 및 서빙용 온/냉장 장비를 포함한다","Note-This class includes warming and/or chilling equipment used for the display and serving of food.","고정 및 이동식 온/냉장 테이블; 음식물 운반 손수레; 야전 및 이동식 제빵 오븐; 토스터; 워플 굽는 틀; 석쇠; 특수 항공기, 선박, 열차용 음식 조리장비, 통합식 가열장치를 가진 용구; 카페테리아형 전시 및 진열케이스; 소다 저장용기; 우유, 소다 및/또는 아이스크림 공급장비; 냉장음식 파는 대; 복합 가열-냉동음식 서빙장비; 카페테리아, 식당류와 같은 곳에서 일반적으로 사용되는 기타 냉동식품 서빙 및 전시장비","Includes Warming and/or Chilling Tables, Stationary and Portable; Serving Carts; Field and Mobile Baking Ovens; Toasters; Waffle Irons; Grills; Special Aircraft, Marine, and Railway Type Food Cooking Equipment; Utensils with Integral Heating Units; Cafeteria Type Display Cases and Showcases; Soda Fountains; Milk, Soda, and/or Ice Cream Dispensers; Cold Food Counters; Combination Heated-Refrigerated Food Serving Equipment; Carbonators; and other types of refrigerated food serving and display equipment commonly used in cafeterias, mess hall kitchens, and the like.","서빙 목적 이외의 손수레; 매점 및 음식 저장용 냉장장비; 상업, 가정 또는 사업, 과학용 냉장고; 음료 저장용기(군급 ""7310""에서 제외된 품목은 군급 4110 ""냉동장비"" 참조)","Excludes Carts other than Serving; Commissary or Food Store Type Refrigeration Equipment; Commercial Household, or Professional and Scientific Refrigerators; Drinking Fountains; (see Class 4110 for items excluded from Class 7310)."
"7320","A","주방장비 및 기구","Kitchen Equipment and Appliances","","","식기세척기; 음식물 자르는 기계; 음식물 혼합기; 주방용으로 특수 제작된 운반차","Includes Dishwashing Machines; Food Slicing Machines; Food Mixers; Utility Carts Specially designed for use in Kitchen and Dining Area.","싱크대; 음식물 운반 손수레 (음식물 운반 손수레용 군급 7310 ""요리, 제빵 및 서빙 장비"" 참조)","Excludes Sinks; Serving Carts (see Class 7310 for Food Serving Carts)."
"7330","A","주방용 손공구 및 용품","Kitchen Hand Tools and Utensils","","","단지; 냄비; 깡통따개; 채; 음식물 분쇄기; 고기를 토막내는 큰 칼; 진공병 및 주전자","Includes Pots; Pans; Can Openers; Graters; Food Mashers; Cleavers; Vacuum Bottles and Jugs.","가열장치가 붙은 그릇; 나이프; 포크; 스푼","Excludes Utensils with Integral Heating Units; Knives; Forks; Spoons."
"7340","A","식탁용 날붙이(나이프,포크,스푼 등) 및 접시류","Cutlery and Flatware","","","나이프; 포크; 스푼; 사냥 칼","Includes Knives; Forks; Spoons; Hunting Knives.","",""
"7350","A","식탁용 식기류","Tableware","","","도자기 및 질그릇; 유리제품; 종이접시 및 컵","Includes China and Earthenware; Glassware; Paper Plates and Cups.","",""
"7360","A","음식조리 및 서빙 세트,키트,장비 및 모듈","Sets, Kits, Outfits and Modules, Food Preperation and Serving","","","","","",""
"7400","A","사무용기기,자료처리장치 및 가시기록장비","Office Machines, Text Processing Systems and Visible Record Equipment","","","","","",""
"7420","A","회계 및 계산기","Accounting and Calculating Machines","","","회계 및 가산기 및 전자계산기","Includes Accounting and adding machines and electronic calculators.","천공카드 시스템 장치; 특수 키조작에 한정되지 않고, 일반목적 데이터 처리언어에 의해 제어되는, 일련 명령의 내부실행에 의해 다양한 문제에 적용되는 기계 및 장치","Excludes Punched card system machines; Machines or devices that can be applied to a variety of problems by the internal execution of a series of instructions, not limited to specific keystroke functions, but controlled by a general purpose data processing language."
"7430","A","타자기 및 사무용 자동 식자기","Typewriters and Office Type Composing Machines","","","타자기 및 마진, 표제달기, 탭, 센터링 및 관련기능과 같은 전기/전자기능이 내장된 사무실용 식자기","Includes Typewriters and office type composing machines with built-in electric/electronic functions such as margins, headings, tabs, centering and related actions.","타자기 및 자동 데이터 처리장비 시스템 구성품용 또는 사용자가 프로그램을 작성할 수 있도록 설계된 사무용 자동 식자기, 그리고 이는 특수 키조작에 한정되지 않고, 일반목적 데이터 처리언어에 의해 제어되는, 일련 명령의 내부 실행에 의해 다양한 응용에 적용할 수 있다","Excludes Typewriters and office type composing machines which are designed primarily for use as a component of an ADPE system or that are user programmable, and that can be applied to a variety of applications by the internal execution of a series of instructions, not limited to specific keystroke functions, but controlled by some form of general purpose data processing language."
"7435","A","사무정보 시스템 장비","Office Information System Equipment","","","사무정보 응용처리을 위해 사용자가 프로그램할 수 있도록 특수 설계된 미니 및 마이크로 제어시스템; 연결된 주변장치; 자동반복 타자기; 문서편집 타자기 및 영상표시 문서편집 타자기","Includes Minicomputer and microcomputer controlled systems specifically designed for user programmable processing of the office information application; Connected peripheral equipment; Automatic repetitive typewriters; Text editing typewriters and video display text editing typewriters.","재정관리, 군수, 과학, 통신과 같은 다양한 응용업무를 처리하기 위해 특수 키조작에 한정되지 않고, 일반목적 데이터 처리언어에 의해 제어되는, 일련 명령의 내부 실행에 의해 적용할 수 있도록 특수 설계된 일반목적 자동 데이터 처리장비","Excludes General purpose ADPE which is designed primarily to be applied through the internal execution of a series of instructions, not limited to specific keystroke functions, but controlled by a general purpose data processing language, to process a variety of applications such as financial management, logistics, scientific, communications, and the like."
"7450","A","사무용 녹음 및 재생기계","Office Type Sound Recording and Reproducing Machines","","","구술 녹음기; 등사기; 복합 구술 및 등사기","Includes Dictating Machines; Transcribing Machines; Combination Dictating and Transcribing Machines.","통신용 녹음 및 재생기계","Excludes Communication Type Sound Recording and Reproducing Machines."
"7460","A","가시 기록장비","Visible Record Equipment","","","수동 및 동력작동식 가시 기록장비; 회전 및 고정식 가시 인덱스 파일; 와이어 및 바 포켓, 덮개판, 스톱 와이어 및 채널 스톱과 같은 특수설계 구성품; 제어반, 바인더 잭, 하드카피 문서를 자동적으로 저장 및 수정할 수 있도록 설계된 장치 및 시스템; 통합 뷰어 또는 뷰어/인화기를 통합하는 마이크로폼용 자동 복구 시스템 (군급 6730 ""사진 영사장비"" 참조)","Includes Manually operated and power operated visible record equipment; visible index files, rotary and stationary; specially designed components, such as Wire and Bar Pockets, Cover Plates, Stop Wires, and Channel Stops; Control Boards; Binder Racks; devices and systems designed to automatically store and retrieve hard copy documents. For those microform automatic retrieval systems that contain an integral viewer or view/printer, see Class 6730.","",""
"7490","A","기타 사무용 기계","Miscellaneous Office Machines","","","자동주소 인쇄기; 수표취급기계; 주화계수기; 우편 겉봉 인쇄기, 지폐취급장비","Includes Addressing Machines; Check Handling Machines; Coin Counting Machines; Mailing Machines, Currency Handling Machines.","연필깎개; 사무용 제본기; 복사기","Excludes Pencil Sharpeners; Staplers, Office Type; Duplicating Equipment."
"7500","A","사무용품 및 기구","Office Supplies and Devices","","","","","",""
"7510","A","사무용품","Office Supplies","","","크레용; 지우개; 서류철; 필기용 잉크; 인쇄용 잉크; 서류철 끼우개; 연필; 펜대 및 펜촉; 사무용 자; 미술용품; 테이프","Includes Crayons; Erasers; File Holders; Writing Ink; Printing Ink; Paper Fasteners; Pencils; Penholders and Pen Points; Rulers, Office Type; Art Supplies; Tape, Pressure Sensitive Adhesive.","사무기구; 만년필; 화가용 붓; 사무용 종이; 샤프펜슬","Excludes Office Devices; Fountain Pens; Artists' Brushes; Paper Stationery; Record Forms; Mechanical Pencils."
"7520","A","사무실용 기구 및 부속품","Office Devices and Accessories","","","원고 누르개; 만년필 및 탁상용 펜 세트; 연필깎개; 종이 펀치; 사무용 제본기; 받침틀; 에어브러시; 계산자와 같은 화가용 부수품","Includes Copyholders; Fountain Pens and Pen Desk Sets; Pencil Sharpeners; Paper Punches; Staplers, Office Type; Artists' Accessories, such as Easels, Airbrushes; Slide Rules.","",""
"7530","A","문방구 및 서식용지","Stationery and Record Forms","","","업무용 양식; 기록부; 측량자 계산양식; 분류기 카드; 각 정부부서에서 사용토록 승인된 양식","Includes Business Forms; Record Books; Surveyors' Computation Forms; Electric Accounting Machine (EAM) Cards; Forms approved for use within individual government activities.","정부부서 공통으로 사용토록 승인된 표준양식","Excludes Standard forms approved for government-wide use."
"7540","A","표준양식","Standard Forms","","","미연방 예산국, 일반 회계국 및 다른 나토국가의 유사기구와 같이 그렇게 하도록 권한이 부여된 정부부서에 의해 사용토록 승인된 표준양식","Includes Only those standard forms approved for government-wide use by the government activities empowered to do so (such as the U.S. Bureau of the Budget and the U.S. General Accounting Office, and similar organizations in other NATO countries).","각 정부부서에서 사용토록 승인된 양식","Excludes Forms approved for use within individual government activities."
"7600","A","서적류,지도 및 기타 발간물","Books, Maps, and Other Publications","","","","","",""
"7610","A","책 및 팜플렛","Books and Pamphlets","","","기술 및 비기술 서적 및 팜플렛; 규정집; 안내서; 기술 주문서","Includes Technical and Nontechnical Books and Pamphlets; Regulations; Instruction Manuals; Technical Orders.","음악 악보 및 서적; 정기간행물; 성경","Excludes Sheet and Book Music; Periodicals; Bibles."
"7630","A","신문 및 정기간행물","Newspapers and Periodicals","","","","","",""
"7640","A","지도,차트 및 세계전도","Maps, Atlases, Charts, and Globes","","","","","훈련용 지도","Excludes Training Aid Maps"
"7641","A","항공 지도,항공 차트 및 항공 측지학 제작물","Aeronautical Maps, Charts and Geodetic Products","","","","","",""
"7642","A","수위 지도,수위 차트 및 수위 측지학 제작물","Hydrographic Maps, Charts and Geodetic Products","","","","","",""
"7643","A","지형 지도,지형 차트 및 지형 측지학 제작물","Topographic Maps, Charts and Geodetic Products","","","","","",""
"7644","A","디지털 지도,디지털 차트 및 디지털 측지학 제작물","Digital Maps, Charts and Geodetic Products","","","","","",""
"7650","A","도면 및 사양서","Drawings and Specifications","","","미연방, 군 및 각부 사양서","Includes Federal, Military, and Departmental Specifications.","",""
"7660","A","음악 악보 및 서적","Sheet and Book Music","","","","","찬송가","Excludes Hymnbooks."
"7670","A","현상된 마이크로필름","Microfilm, Processed","","","","","",""
"7690","A","기타 인쇄물","Miscellaneous Printed Matter","","","전사 인쇄물; 인쇄된 포스터; 인쇄된 라벨","Includes Decals; Printed Posters; Printed Labels.","음악 악보 및 서적","Excludes Sheet and Book Music."
"7700","A","악기,축음기 및 가정형 라디오","Musical Instruments, Phonographs, and Home-Type Radios","","","","","",""
"7710","A","악기","Musical Instruments","이 군급은 완전한 악기만을 포함한다. 악기 내 또는 위에 사용되는 조립체, 부품, 부속장치, 부수품은 이 군급 이외의 군급에 분류한다","Note-This class includes only complete musical instruments. Assemblies, parts, attachments, or accessories for use in or on musical instruments are classified in classes other than this class.","","","축음기; 라디오; 텔레비젼 세트","Excludes Phonographs; Radios; Television Sets."
"7720","A","악기의 부품 및 부속품","Musical Instrument Parts and Accessories","","","악기 케이스; 악기대; 소리굽쇠","Includes Instrument Cases; Music Stands; Tuning Forks.","",""
"7730","A","가정용 축음기,라디오 및 텔레비전 수상기","Phonographs, Radios, and Television Sets: Home Type","이 군급은 완전한 가정형 축음기, 라디오 및 텔레비젼 세트만을 포함한다. 위의 품목에 사용되는 완제품, 조립체, 부분품, 부속품 또는 부수품은 이 군급 이외의 군급에 분류한다","Note-This class includes only complete home-type phonographs, complete home-type radios, and complete home-type television sets. End items, assemblies, parts, attachments, or accessories for use in or on the above are classified in classes other than this class.","복합세트","Includes Combination Sets.","주화로 작동되는 측음기; 와이어 및 테이프 녹음기","Excludes Coin Operated Phonographs; Wire and Tape Recorders."
"7735","A","가정용 축음기,라디오,텔레비전 수상기의 부품 및 부속품","Parts and Accessories of Phonographs, Radios, and Television Set: Home Type","","","원격 제어 핸드세트","Includes: Remote Control Handsets","전지(군급 6135/6140), 충전기, 전지(군급 6130), 헤드셋트(군급 5965), 마이트로폰(군급 5965), 전력 어댑터/공급기(군급 6130) 및 스피커(군급 5965) ","Excludes: Batteries (FSC 6135/6140), Charger, Battery (FSC 6130), Headset (FSC 5965), Microphone (FSC 5965), Power Adapter/Supply (FSC 6130), and Speakers (FSC 5965)"
"7740","A","축음기 음반","Phonograph Records","","","","","훈련보조용 음반","Excludes Training Aid Records."
"7800","A","오락 및 운동기구","Recreational and Athletic Equipment","","","","","",""
"7810","A","체육 및 스포츠기구","Athletic and Sporting Equipment","","","야구용 장비; 농구공; 권투용 장갑; 펜싱용 복면; 상업용을 제외한 낚시도구; 핸드볼; 하키용 정갱이 보호판","Includes Baseball Equipment; Basketballs; Boxing Gloves; Fencing Masks; Fishing Tackle, except Commercial; Handballs; Shin Guards, Hockey.","체육복","Excludes Athletic and Sports Clothing."
"7820","A","게임용구,장난감 및 바퀴달린 제품","Games, Toys, and Wheeled Goods","","","유아차; 체커(서양바둑); 인형운반차; 인형; 놀이 카드; 삼륜차; 다른 곳에 분류되지 않는 수세공 키트","Includes Baby Carriages; Checkers; Doll Carriages; Dolls; Playing Cards; Velocipedes; Handicraft Kits, not elsewhere classifiable.","",""
"7830","A","오락 및 운동 기구","Recreational and Gymnastic Equipment","","","미끄름대; 그네; 오락공원 및 사격장 기구; 놀이터 기구; 당구대 및 기구; 체육관 기구","Includes Slides; Swings; Amusement Park and Shooting Gallery Equipment; Play Yard and Playground Equipment; Billiard and Pool Tables and Equipment; Gymnasium Equipment.","",""
"7900","A","청소용도구 및 소모품","Cleaning Equipment and Supplies","","","","","",""
"7910","A","마루닦는 기계 및 진공청소기","Floor Polishers and Vacuum Cleaning Equipment","","","가정 및 산업용 진공 청소장비; 양탄자 청소기","Includes Domestic and Industrial Vacuum Cleaning Equipment; Carpet Sweepers.","자체추진과 트레일러가 장치된 진공청소기","Excludes Self-propelled and Trailer Mounted Vacuum Cleaners."
"7920","A","비,솔,자루걸레 및 스펀지","Brooms, Brushes, Mops, and Sponges","","","고무걸레,양복솔","Includes Squeegees; Whisk Brooms.","머리 빗; 칫솔; 페인트 및 미술용 붓","Excludes Hair Brushes; Toothbrushes; Paint and Artists' Brushes."
"7930","A","청소 및 광택용 화합물 및 조제품","Cleaning and Polishing Compounds and Preparations","","","세제 분말; 세탁제; 세제; 비화장용 비누; 자동차 및 가정용 광택제 및 왁스","Includes Scouring Powders; Washing Compounds; Detergents; Nontoilet Soaps; Automobile and Household Polishes and Waxes.","면도 비누; 화장 비누; 연마 광택제; 금속 마무리 연마제; 외과용 세제","Excludes Shaving Soap; Toilet Soap; Abrasive Polishing Compounds; Metal Finishing Abrasives; Surgical Detergents."
"8000","A","솔(붓),페인트,밀봉제 및 접착제","Brushes, Paints, Sealers, and Adhesives","","","","","",""
"8010","A","페인트,도프,니스 및 관련 제품","Paints, Dopes, Varnishes, and Related Products","","","수성 페인트; 유성 페인트; 드라이어; 페인트 프리머; 라커; 페인트 밀봉기; 채색용 안료; 송진; 페인트 지우개","Includes Water Paints; Oil Paints and Latex; Driers; Paint Primers; Lacquers; Paint Sealers; Pigments for Coloring; Stains; Turpentine; Paint Removers.","아세톤, 나무 및 벽 충전재","Excludes Acetone, Wood and Wall Fillers."
"8020","A","페인트 및 예술가용 붓","Paint and Artists' Brushes","","","","","분무기","Excludes Airbrushes."
"8030","A","방부제 및 밀봉제","Preservative and Sealing Compounds","","","방화제; 방수제; 전천후제; 벨트 드레싱; 광택제; 퍼티(접착제); 나무 및 금속 충전재","Includes Fire Resistant Compounds; Water Resistant Compounds; Weather Resistant Compounds; Belt Dressing; Antiseize Compounds; Calking and Glazing Compounds; Putties; Wood and Metal Fillers.","음식물 보호제","Excludes Food Preservative Compounds."
"8040","A","접착제","Adhesives","","","아교; 고무풀; 아교풀; 부착용 시멘트","Includes Glue; Mucilage; Sizes; Adhesive Cements.","",""
"8100","A","컨테이너,포장 및 포장재료","Containers, Packaging, and Packing Supplies","세트, 키트, 용품 또는 개별품목을 수용하기 위해(부속품 또는 예비품에 관계없이), 사용하지 않을 때 물품의 보호를 위해 또는 사용자의 편의를 위해 특수설계된 대형상자, 케이스, 박스, 롤, 자루 또는 다른 컨테이너는 그 품목과 같은 군급에 분류하거나 적절한 다른 군급에 분류한다. 대형상자, 케이스, 박스, 롤, 자루 또는 다른 컨테이너가 주로 선적 컨테이너로 사용될 때 그룹 ""81""에 분류한다","Note-A chest, case, box, roll, bag, or other container, when specifically designed for housing of a set, kit, outfit, or individual item (with or without attachments or spares), for its protection when not in use, or for the convenience of the user, is classified in the same class as the item or items for which designed, or in such other class as is appropriate. However, when the chest, case, box, roll, bag, or other container is primarily a shipping container, it is classified in Group 81.","","","",""
"8105","A","자루 및 부대","Bags and Sacks","","","발송 및 보호용 봉투; 자루 및 부대용 안감; 직물 및 종이를 여러겹으로 만든 발송용 부대 및 자루; 부대 및 자루 밀봉기","Includes Shipping and Protective Envelopes; Liners for Bags and Sacks; Textile and Paper Laminated Shipping Bags; Closures for Bags and Sacks.","",""
"8110","A","드럼 및 캔","Drums and Cans","","","배럴; 작은 나무통; 선적 및 저장용 버킷; 접는식 튜브; 마분지통; 드럼 및 캔 밀봉기","Includes Barrels; Kegs; Shipping and Storage Pails; Collapsible Tubes; Mailing and Filing Tubes; Closures for Drums and Cans.","",""
"8115","A","박스,판지로 만든 상자 및 밀봉한 포장용 상자","Boxes, Cartons, and Crates","","","구두상자; 맥주상자; 약상자; 피아노 케이스; 엔진박스; 폭격 조준기 박스","Includes Shoe Boxes; Beer Cases; Pill Boxes; Piano Cases; Engine Boxes; Bombsight Boxes.","탄약, 핵병기, 폭약, 유도탄, 군화학제의 취급 및 저장, 선적을 위해 설계된 특수상자, 포장 및 컨테이너; 항공기, 우주선, 자동차, 선박, 지상 통신장비용 ""선적 및 저장 컨테이너""와 같은 특수장비용으로 특수설계된 재수리 가능한/재사용 가능한 컨테이너비","Excludes Special boxes, packages, and containers designed primarily for shipping, storage, and handling of ammunition, nuclear ordnance, explosives, guided missiles, military chemical agents; and repairable/reusable containers specially designed for specialized equipment such as the ""Shipping and Storage Container"" for components of aircraft, space vehicles, automotive vehicles, ships, ground communication equipment."
"8120","A","상업 및 산업용 가스실린더","Commercial and Industrial Gas Cylinders","이 군급은 비어있는 상업 및 산업용 가스실린더 및 그들의 캡, 밸브 및 밸브 예비부분품을 포함한다","Note-This class includes empty commercial and industrial gas cylinders and their caps, valves, and valve spare parts.","","","충전된 가스실린더 및 가스 및 액화 가스 분배시스템과 관련된 품목, 이동식 및 설치시 양쪽. 설치식 가스 분배시스템의 모든 구성품은 완성장비와 함께 ""적용"" 또는 ""기능""에 의해 분류된다","Excludes Filled gas cylinders and items related to gaseous and liquefied gaseous dispensing systems, both mobile and installed. All components of installed gas dispensing systems are classified by ""application"" or ""function"" with the end equipment for which designed."
"8125","A","병 및 항아리","Bottles and Jars","","","선적용 단지 및 상자에 든 대형 유리병; 앰풀","Includes Shipping Jugs and Carboys; Ampoules.","",""
"8130","A","릴 및 스풀(모든 줄을 감는 바퀴모양의 것)","Reels and Spools","","","","","",""
"8135","A","포장 및 패킹용 비포장 자재","Packaging and Packing Bulk Materials","","","포장용지; 방수지; 고운 대팻밥; 패킹용 충전물; 주름진 종이; 결박용 밴드; 결박용 끈; 선적용 표찰; 고무칠한 종이테이프; 세퍼레이터; 박스 라이너; 패킹 스테이플; 결박용 와이어; 미리 형성된 완충용 끼우개","Includes Wrapping Paper; Moisture Vapor Barrier Paper; Excelsior; Wadding for Packing; Corrugated Paper; Baling Bands, Baling Ties; Shipping Tags; Gummed Paper Tape; Separators; Box Liners; Packaging Staples; Baling Wire; Preformed Cushioning Inserts.","풀; 음식 취급 및 처리이외 용도의 알루미늄박","Excludes Adhesives; Aluminum Foil other than for food handling and processing."
"8140","A","탄약 및 핵무기 상자,포장 용기 및 특수용기","Ammunition and Nuclear Ordnance Boxes, Packages and Special Containers","이 군급은 탄약, 폭약 및 군사화학제의 선적, 취급, 저장을 위해 특수설계된 컨테이너 및 부속설비만을 포함한다","Note-This class includes only containers and fittings which are specifically designed for the storage, handling, and shipping of ammunition, explosives, and military chemical agents.","유도탄, 주요 미사일부분, 미사일 탄두, 기타 유도탄 구성품을 위해 특수히 설계된 모든 선적 및 저장 컨테이너","Includes All shipping and storage containers specially designed for guided missiles, major missile sections, missile warheads, and other guided missile components.","일반목적 컨테이너, 항공기, 우주비행체, 자동차, 함정 및 지상통신 장비의 구성품을 위해 특수설계된 선적 및 저장용 재사용 가능한/재수리 가능한 컨테이너","Excludes General Purpose Containers, Shipping and storage reusable/repairable containers specially designed for components of aircraft, space vehicles, automotive vehicles, ships, and ground communication equipment."
"8145","A","특수 선적 및 저장 컨테이너","Specialized Shipping and Storage Containers","이 군급은 특수장비의 선적 및 저장을 위해 특수설계된 재사용 재수리가능한 품목만을 포함한다; 예를들면 항공기, 우주비행체, 자동차, 함정, 지상통신장비의 구성품을 위한 선적 및 저장 컨테이너","Note-This class includes only reusable and repairable containers specially designed for shipping and storage of specialized equipment; i.e., shipping and storage containers for components of aircraft, space vehicles, automotive vehicles, ships, ground communication equipment, etc.","이 군급내로 범위가 제한된 특수 선적 및 저장 컨테이너로 한정된 특수 설계된 구성품(다른 곳에 분류 불가품목)","Includes Specially designed components (not elsewhere classifiable) peculiar to special shipping and storage containers as delimited under this class.","일반목적 컨테이너; 탄약, 핵병기, 군사화학작용제, 폭발물 및 유도탄 구성품을 위해 특수설계된 컨테이너. 보다 더 적절히 분류할 수 잇는 품목은 이 군급으로부터 제외한다. 군급분류번호 색인 및 구조는 단일 군급에 분류토록 인정된 품목들을 분류한다","Excludes General purpose containers; specially designed containers for ammunition, nuclear ordnance, explosives, military chemical agents and guided missile components. Excluded from this class are items for which more specific classifications are suitable. The FSC Indexes and Structure will govern the classification of those items permitted classification in a single class only."
"8150","A","화물 컨테이너","Freight Containers","중간에 재적재를 하지 아니하고, 하나 이상의 운반형태에 의하여 운반물을 반복적으로 용이하게 운반할 수 있도록 설계된 국제표준화기구의 규격에 부합한 컨테이너에 한한다.","Note-This class includes only International Organization for Standardization (ISO) configured containers designed to facilitate the repeated carriage of goods by multiple modes of transportation without intermediate reloading.","범용, 건화물, 탄약, 지정 화물, 서멀(온도 조절), 오픈탑(천장 개방형), 플랫폼, 유조 및 항공/육상(수상)수송 컨테이너를 포함한다.","Includes General Purpose, Dry Bulk, Ammunition Grade, Named Cargo, Thermal, Open-top, Platform, Tank and Air/surface containers.","항공기 구성품, 우주 비행체(우주선), 자동차, 배 및 지상 통신 장비를 대상으로 재사용/재수리가 가능하도록 특수 설계된 선적 및 저장용 컨테이너를 제외한다. 또한, 주로 선적, 저장 및 탄약, 핵무기, 폭발물, 유도탄, 군용 화학작용제 취급을 목적으로 설계된 특수 상자, 소포 및 컨테이너를 제외한다.","Excludes Shipping and storage reusable/repairable containers specially designed for components of aircraft, space vehicles, automotive vehicles, ships, and ground communication equipment. Also excludes special boxes, packages and containers designed primarily for shipping, storage and handling of ammunition, nuclear ordnance, explosives, guided missiles, and military chemical agents."
"8300","A","직물류,피혁류,모피류,의복 및 구두 부속품류,텐트 및 깃발류","Textiles, Leather, Furs, Apparel and Shoe Findings, Tents and Flags","","","","","",""
"8305","A","직물류","Textile Fabrics","이 군급은 대량의 직물류만을 포함한다. 특정한 목적에 활용하기 위한 품목으로 미리 재단된, 미리 모양이 정해진 품목은 이 군급에서 제외한다. 그러한 품목은 그들이 설계된 품목으로서 동일한 군급에 분류하거나, 그와 같은 다른 적절한 군급에 분류한다","Note-This class includes only textiles in bulk. Excluded from this class are items that are precut or preformed, thus limiting their usefulness to specific applications. Such items are classified in the same class as the item or items for which designed, or in such other class as is appropriate.","범포지; 플래스틱 직물; 펠트; 플래스틱 및 직물 그물망; 유포; 직물 조각","Includes Canvas Materials; Plastic Fabrics; Felt Materials; Netting, Plastic and Textile; Oilcloth; Textile Scrap.","양탄자","Excludes Carpeting."
"8310","A","직물을 짜는 실 및 바느질 실","Yarn and Thread","","","","","",""
"8315","A","방물 및 의복 부속품류","Notions and Apparel Findings","","","단추; 양재용 핀; 바늘; 어깨 속감; 자수품; 자수 및 미술 자수를 위한 인쇄된 미술품; 헤어네트; 반짇고리","Includes Buttons; Dressmakers' Pins; Needles; Shoulder Pads; Embroideries; Stamped Art Goods for Embroidery and Art Needlework; Hair Nets; Sewing Kits.","직물을 짜는 실; 바느질 실; 일반용 버클","Excludes Yarn; Thread; General Purpose Buckles."
"8320","A","속감","Padding and Stuffing Materials","","","가공된 깃털 및 솜털; 가공된 스페인 이끼; 무명솜 및 튼 솜; 케이폭","Includes Feathers and Downs, Processed; Spanish Moss, Processed; Cotton Wadding and Batting; Kapok.","가공되지 않은 깃털 및 솜털","Excludes Feathers and Downs, Unprocessed."
"8325","A","모피류","Fur Materials","이 군급은 대량의 모피류만을 포함한다. 특정한 목적에 활용하기 위한 품목으로 미리 재단된, 미리 모양이 정해진 품목은 이 군급에서 제외한다. 그러한 품목은 다른 적당한 품목으로 적절한 군급에 분류한다","Note-This class includes only fur materials in bulk. Excluded from this class are items that are precut or preformed, thus limiting their usefulness to specific applications. Such items are classified in the same class as the item or items for which designed, or in such other class as is appropriate.","모피낭; 모피판; 모피매트","Includes Crosses; Sacs; Fur Plates; Fur Mats.","",""
"8330","A","피혁류","Leather","","","의복용 가죽; 에나멜 가죽; 장갑용 가죽; 구두용 가죽; 실내장식용 가죽; 공업용 가죽","Includes Garment Leather; Patent Leather; Glove Leather; Shoe Leather; Upholstery Leather; Industrial Leather.","벨트류; 구두 부속품류","Excludes Belting; Shoe Findings."
"8335","A","구두 부속품류 및 밑창 재료","Shoe Findings and Soling Materials","","","구두의 뒷굽가죽; 구두 레이스; 밑창; 장식용 구두 버클 및 나비 매듭","Includes Counters; Taps; Shoe Laces; Lasts and Last Sole Patterns; Ornamental Shoe Buckles and Bows.","",""
"8340","A","텐트 및 방수포","Tents and Tarpaulins","개인형 장비에 사용하도록 특수하게 제작된 덮개는 이 군급에서 제외하며, 그러한 품목은 그들이 설계된 품목으로서 동일한 군급에 분류하거나, 그와 같은 다른 적절한 군급에 분류한다","Note-Fitted covers which are specifically designed for use on or with specific individual types of equipment are excluded from this class and are to be classified in the same classes as the items for which they are designed, or in such other classes as are appropriate.","텐트 핀; 텐트 지주; 영구적 설치용이 아닌 다목적용 직물 및 비직물류 덮개","Includes Tent Pins; Tent Poles; Multiple purpose covers of woven or unwoven fabrics, not for permanent installation.","",""
"8345","A","기 및 장기","Flags and Pennants","","","신호기; 깃발; 깃대; 깃대 위 끝의 둥근 목관; 깃대 벨트; 수기 신호기","Includes Signalling Flags; Flagstaffs; Signal Shapes; Flagpoles; Flagstaff Trucks; Speed Cones; Flagstaff Belts; Semaphore Flags.","",""
"8400","A","피복,개인장구 및 기장","Clothing, Individual Equipment, Insignia, and Jewelry","남녀 공용의 피복 품목은 적절한 ""남성용"" 군급에 분류한다.","Note-Where applicable, clothing items which are intended for use by both men and women are classified in the appropriate ""men's"" class.","","","",""
"8405","A","남성 겉옷","Outerwear, Men's","","","군사용 및 비군사용 제복; 민간용 겉옷; 모자류; 작업복(비안전용); 셔츠; 바지; 코트","Includes Uniforms, Military and Nonmilitary; Civilian Outerwear; Headwear; Work Clothing (Ordinary Nonsafety); Shirts; Trousers; Coats.","특수목적 피복류와 같이 다른 군급에 분류되는 품목; 강철 및 플라스틱 헬멧; 안전 복; 장갑류; 신발류","Excludes Items included in other classes such as Special Purpose Clothing; Helmets, Steel and Plastic; Safety Clothing; Handwear; Footwear."
"8410","A","여성 겉옷","Outerwear, Women's","","","군사 및 비군사용 제복; 민간용 겉옷; 모자류; 작업복(비안전용); 셔츠; 스커트; 브라우스","Includes Uniforms, Military and Nonmilitary; Civilian Outerwear; Headwear; Work Clothing (Ordinary Nonsafety); Shirts; Skirts; Blouses.","특수목적 피복류처럼 다른 군급에 분류할 수 있는 품목; 강철 및 플라스틱 헬멧; 안전복; 장갑류; 신발류","Excludes Items included in other classes such as Special Purpose Clothing; Helmets, Steel and Plastic; Safety Clothing; Handwear; Footwear."
"8415","A","특수 의류","Clothing, Special Purpose","평상의 겨울, 여름 및 환절기 비행복과 그의 구성품이 이 군급에 포함된다. 특수 반노출, 반중력, 부분압 및 전압 비행복 및 그의 구성품은 이 군급에서 제외된다","Note-This class includes conventional winter, summer, and intermediate flight clothing ensembles and their components. Excluded from this class are specialized antiexposure, antigravity, partial pressure, and full pressure, flight ensembles and their specialized components.","탄도 보호을 제외한 헬멧을 포함한 특수목적 모자류; 안전 및 보호의; 운동복; 안전, 전투, 보호 및 작업장갑; 잠수함 갑판용 신발; 특수 및 범용 사용 가능한 비행복 구성품","Includes Special Purpose Headwear, including Helmets, except Ballistic Protective; Safety and Protective Clothing; Athletic Clothing; Safety, Combat, Protective, and Work Gloves; Submarine Deck Exposure Clothing; Flight Clothing Components designed for use with both Specialized and Conventional Ensembles.","운동용 글러브; 운동화; 안전화; 개인용 갑옷; 특수병원 및 외과용 의복; 기본 목적이 탄도보호용 피복은 이군급에서 제외된다. 탄도 및 전통적인 완제품용 범용 구성품은 이 군급에 포함한다","Excludes Sporting and Athletic Gloves; Athletic Footwear; Safety Footwear; Personal Armor; Special Hospital and Surgical Clothing. Excludes special purpose clothing wherein the primary purpose is ballistic resistant protection. This class will include common use components of both ballistic and conventional end items."
"8420","A","남성 속옷 및 잠옷","Underwear and Nightwear, Men's","","","","","",""
"8425","A","여성 속옷 및 잠옷","Underwear and Nightwear, Women's","","","코르셋; 거들","Includes Corsets; Girdles.","",""
"8430","A","남성 신발류","Footwear, Men's","","","고무신; 운동화; 안전화; 잠수함 갑판용 신발","Includes Rubber Footwear; Athletic Footwear; Safety Footwear; Submarine Deck Exposure Footwear.","",""
"8435","A","여성 신발류","Footwear, Women's","","","고무신; 운동화; 안전화","Includes Rubber Footwear; Athletic Footwear; Safety Footwear.","",""
"8440","A","남성용 양말,장갑 및 의류 부속품","Hosiery, Handwear, and Clothing Accessories, Men's","","","손수건; 바지대님; 양말대님; 벨트; 정장용 장갑; 안전용이 아닌 레깅(다리에 대는것)","Includes Handkerchiefs; Suspenders; Garters; Belts; Dress Handwear; Leggings, Nonsafety Type.","",""
"8445","A","여성용 양말,장갑 및 의류 부속품","Hosiery, Handwear, and Clothing Accessories, Women's","","","손수건; 양말대님; 벨트; 목도리; 핸드백; 정장용 장갑; 안전용이 아닌 레깅(다리에 대는것)","Includes Handkerchiefs; Garters; Belts; Neckerchiefs; Handbags; Dress Handwear; Leggings, Nonsafety Type.","",""
"8450","A","아동 및 유아용 의류 부속품","Children's and Infants' Apparel and Accessories","","","신발; 겉옷; 모자; 장갑; 내의; 잠옷","Includes Footwear; Outerwear; Headwear; Handwear; Underwear; Nightwear.","",""
"8455","A","배지 및 휘장","Badges and Insignia","이 군급은 사람이 착용하는 품목만을 포함한다","Note-This class includes only items worn or carried on the person.","","","비개인적 휘장","Excludes Nonpersonal Insignia."
"8457","A","보석","Jewelry","","","","Includes Jewelers' Findings; Precious Stones, Cut; Costume Jewelry; Natural Gems and Ornamental Stones, Cut.","","Excludes Watches; Clocks; Tableware; Scientific Instruments; Toilet Articles; Smokers' Articles; Industrial Diamonds."
"8460","A","가방","Luggage","","","사물함; 서류가방; 트렁크; 여행가방","Includes Foot Lockers; Brief Cases; Trunks; Suitcases.","군대용 원통형 잡낭, 작은 잡낭","Excludes Duffel Bags; Musette Bags"
"8465","A","개인장구","Individual Equipment","","","어깨에 걸치는 잡낭; 군대용 의류대; 탄약대; 권총대; 수갑; 패크보우드; 침낭; 배낭; 등산용 배낭; 선글라스; 스키; 눈신; 칼집을 갖춘 칼","Includes Musette Bags; Duffel Bags; Ammunition Belts; Pistol Belts; Handcuffs; Packboards; Sleeping Bags; Knapsacks; Hikers' Packs; Sunglasses; Skis; Snowshoes; Swords with Scabbards.","화장용구; 식사용구; 직물다용도 용기","Excludes Toilet Articles; Mess Gear; Fabric Utility Containers."
"8470","A","개인용 방호복","Armor, Personal","","","인체용 갑옷으로 특별히 제작된 피복","Includes Clothing specially designed for use as personal armor.","부수적 기능으로 탄도 방지 특성을 포함하는 모든 특수 비행복 및 구성품, 주요기능 중 탄두보호 이외의 목적을 위한 특수목적용 피복을 제외한다","Excludes All specialized flight clothing and accessories which may contain ballistic resistant properties as a secondary function. Excludes special purpose clothing wherein the primary function is for purposes other than ballistic protection"
"8475","A","특수 비행복 및 부속품","Specialized Flight Clothing and Accessories","","","특수 반노출, 반중력, 부분압 및 전압용 비행복 및 특수 비가압 보호헬멧, 눈 보호장치 및 약음장치를 포함하는 위를 위한 특수 구성품","Includes Specialized Antiexposure, Antigravity, Partial Pressure, and Full Pressure Ensembles, and Specialized Components therefor, including Unpressurized Protective Helmets, Eye Protective Devices, and items with Sound Attenuating Features.","여름, 겨울, 환절기용 비행복 및 그것을 위한 구성품,  특수 및 일반 비행복용 구성품","Excludes Conventional Winter, Summer, and Intermediate Flight Clothing Ensembles, and Components therefor; Components designed for use with both Specialized and Conventional Flight Clothing Ensembles."
"8500","A","화장품류","Toiletries","연방 식품, 의약, 화장품법안에 의해 약품으로 결정된 약물을 섞은 화장품 및 화장 품류는 이 그룹에서 제외한다. 약물을 섞은 화장품 및 화장품류는 군급 6508 ""의학적 화장품 및 화장실용품""을 참조할 것","Note-Excluded from this group are medicated cosmetics and toiletries that have been determined to be drugs in accordance with the Federal Food, Drug, and Cosmetic Act. For medicated cosmetics and toiletries, see Class 6508.","","","",""
"8510","A","향수,화장용품,파우더","Perfumes, Toilet Preparations, and Powders","","","오드콜로뉴(화장수); 화장품; 방취제; 탈모제; 화장수","Includes Colognes; Cosmetics; Deodorants; Depilatories; Toilet Waters.","",""
"8520","A","화장비누,면도용품 및 치약","Toilet Soap, Shaving Preparations, and Dentifrices","","","치약; 면도용 비누","Includes Toothpaste; Shaving Soap.","약물을 섞은 비누","Excludes Medicated Soaps."
"8530","A","개인 화장용품","Personal Toiletry Articles","","","머리용 브러시; 손톱솔; 손톱줄; 칫솔; 매니큐어 및 페디큐어 용구; 면도기 및 면도날","Includes Hair Brushes; Nail Brushes; Nail Files; Toothbrushes; Manicure and Pedicure Implements; Razors and Blades.","치과용 플로스(이빨 사이에 낀 것을 제거하는 명주실)","Excludes Dental Floss."
"8540","A","화장품류 종이제품","Toiletry Paper Products","","","화장 티슈; 종이 변기 커버; 화장지; 종이 냅킨; 탁상용 그릇 깔개","Includes Facial Tissues; Paper Toilet Seat Covers; Toilet Paper; Paper Napkins; Doilies.","타올 분배기; 종이 접시 및 컵","Excludes Towel Dispensers; Paper Plates and Cups."
"8700","A","농업용 공급품","Agricultural Supplies","","","","","",""
"8710","A","사료 [註] ⓐ사료(飼料):가축에게 주는 먹을거리","Forage and Feed","","","건초; 사료; 짚; 동물원 동물 먹이","Includes Hay; Manufactured Feed; Straw; Zoological Animal Food.","",""
"8720","A","비료","Fertilizers","","","자연 및 합성비료; 토탄 이끼; 동물 거름","Includes Natural and Synthetic Fertilizers; Peat Moss; Animal Manures.","",""
"8730","A","종자 및 종묘","Seeds and Nursery Stock","","","자른 꽃","Includes Cut Flowers.","",""
"8800","A","동물","Live Animals","","","","","",""
"8810","A","식용 사육동물 [註] ⓐ사육동물(飼育動物):먹이어 기르는 동물","Live Animals, Raised for Food","","","","","",""
"8820","A","비식용 사육동물 [註] ⓐ사육동물(飼育動物):먹이어 기르는 동물","Live Animals, Not Raised for Food","","","","","",""
"8900","A","식료품","Subsistence","식이요법용 특수 가공품목은 군급 8940 ""특별식이요법 식품 및 식품 특수 가공품""에 분류한다. 식이요법에 상응하는 품명을 가지고 있다 할지라도 비식이요법 제품은 군급 8940 이외의 군급에 분류한다.","Note-Subsistance items which are specifically prepared for dietetic use are classified in Class 8940. Nondietetic foods, even though they bear the same approved item names as corresponding dietetic foods, are classified in Classes other than 8940.","","","",""
"8905","A","육류,가금류 및 생선류","Meat, Poultry, and Fish","","","엽조; 갑각류(조개, 게, 새우 등); 소시지 껍질","Includes Game Birds; Shellfish; Sausage Casings.","",""
"8910","A","낙농품 및 계란","Dairy Foods and Eggs","","","아이스크림; 냉동 커스터드; 아이스크림 혼합물; 레닛; 우유 셔벗(과즙 아이스크림); 얼음","Includes Ice Cream; Frozen Custards; Ice Cream Mixes; Rennet; Milk Sherbets; Ices.","",""
"8915","A","과일 및 채소류","Fruits and Vegetables","","","구운 콩; 쥬스","Includes Baked Beans; Juices.","",""
"8920","A","빵 및 곡물제품","Bakery and Cereal Products","","","밀가루; 가공된 밀가루; 가공된 곡물류; 마카로니","Includes Flour; Prepared Flour; Prepared Cereals; Macaroni.","",""
"8925","A","설탕,과자류 및 견과류","Sugar, Confectionery, and Nuts","","","캔디; 껌; 꿀; 단풍당밀","Includes Candy; Chewing Gum; Honey; Maple Syrup.","",""
"8930","A","잼,젤리 및 설탕 졸임과일","Jams, Jellies, and Preserves","","","","","",""
"8935","A","수프 및 부용(쇠고기,닭고기 등의 묽은 수프)","Soups and Bouillons","","","","","",""
"8940","A","특별 식이요법 식품 및 식품 특수 가공품","Special Dietary Foods and Food Specialty Preparations","","","유아식품; 토테이토칩; 가공된 파이 및 케이크 내용물","Includes Infant Foods; Potato Chips; Prepared Pie and Cake Fillings.","",""
"8945","A","식용유","Food, Oils and Fats","","","","","",""
"8950","A","조미료 및 관련 제품","Condiments and Related Products","","","샐러드 드레싱; 향신료; 양념; 조미료 추출물; 이스트; 올리브","Includes Salad Dressings; Spices; Seasonings; Flavoring Extracts; Yeast; Olives.","",""
"8955","A","커피,(홍)차,코코아","Coffee, Tea, and Cocoa","","","포스텀차; 마테차; 치커리차","Includes Postum; Yerba Mate; Chicory.","",""
"8960","A","무알코올 음료","Beverages, Nonalcoholic","","","청량음료; 얼음","Includes Soft Drinks; Ice.","",""
"8965","A","술 [註] ⓐ술:알코올 성분이 들어 있어 마시면 취하는 음료","Beverages, Alcoholic","","","맥주; 위스키; 포도주; 리큐르(식물성 향료, 단맛 등을 가한 강한 알콜음료)","Includes Beer; Whisky; Wine; Liqueur.","성찬용 포도주 및 의약등급의 브랜디, 위스키 및 포도주","Excludes Sacramental Wine and Medicinal grade Brandy, Whisky, and Wine."
"8970","A","복합식품 패키지","Composite Food Packages","","","식량 팩 및 비상식량; 구호패키지","Includes Ration Packs and Emergency Rations; Care Packages.","",""
"8975","A","담배","Tobacco Products","","","냄새 맡는 담배; 궐련; 시가","Includes Snuff; Cigarettes; Cigars.","",""
"9100","A","연료,윤활유,오일 및 왁스","Fuels, Lubricants, Oils, and Waxes","","","","","",""
"9110","A","고체연료","Fuels, Solid","","","배급용 난방 나무판 묶음; 장작 다발; 숯; 연탄; 코크스","Includes Ration Heating Tablets; Cordwood; Charcoal; Briquettes; Coke.","토탄","Excludes Peat."
"9130","A","석유성분의 액체 추진제 및 연료","Liquid Propellants and Fuels, Petroleum Base","이 군급에는 50% 이상의 석유를 포함한 액체 추진제를 포함한다.","Note-This class includes liquid propellants with more than 50 percent or higher petroleum content.","모든 항공기용 가솔린; JP-1, 3, 4 및 5 제트연료; 전투차량 및 자동차용 가솔린(모든 타입 및 등급); 대량 액체추진제; 미리 양과 질이 정해진, 재사용 용기에 포장된 액체추진제","Includes All Aviation Gasoline; JP-1, 3, 4, and 5 Jet Fuel; Combat Vehicle and Automotive Gasoline (all types and grades); Liquid Propellants, Bulk; Liquid Propellants, predetermined to specific quantity and quality, packaged in reusable containers.","고체추진제; 통합품으로 미사일 추진장치에 삽입하거나, 소모성 용기에 포장된 액체 추진제","Excludes Solid Propellants; Liquid Propellants, encased in consumable containers, for insertion into missile propulsion systems as integral parts."
"9135","A","화학성분를 포함한 액체 추진연료 및 산화제","Liquid Propellant Fuels and Oxidizers, Chemical Base","이 군급은 50% 이상의 화학성분을 포함한 액체추진제를 포함한다.","Note-This class includes liquid propellants with more than 50 percent or higher chemical content.","액체추진 연료 및 산화제용으로만 제작된 액체 화학물질; 대량의 액체추진제; 미리 양과 질이 정해진, 재사용 가능한 용기에 포장된 액체 추진제","Includes Liquid chemicals designed exclusively for use as propellant fuels and oxidizers; Liquid Propellants, Bulk; Liquid Propellants, predetermined to specific quantity and quality, packaged in reusable containers.","공업용 질소와 같은 다용도 화학물질; 공업용 암모니아; 공업용 알콜; 공업용 아닐린; 고체추진제; 통합품으로 미사일 추진장치에 삽입하거나, 소모성 용기에 포장된 액체추진제","Excludes Multiple-use chemicals, such as Nitrogen, Technical; Ammonia, Technical; Furfuryl Alcohol, Technical; Aniline, Technical; Solid Propellants; Liquid Propellants, encased in consumable containers, for insertion into missile propulsion systems as integral parts."
"9140","A","연료류","Fuel Oils","","","경버너 연료; 디젤유; 등유; 군 특수형 잔유(원유를 정제한 후에 남은 오일), 특수 및 중량급의 터어빈 선박 추진연료; 연방 규격 중버너 연료; 상업용 벙커""C""유; 중연료 및 기타 블랙(보일러형)연료; 조명 오일","Includes Light Burner Fuels; Diesel Fuels; Kerosine; Military Specification Type Residuals; Special and Heavy Grade Turbine Vessel Propulsion Fuels; Federal Specification Heavy Burner Fuels; Bunker ""C"" Commercial Grade Fuel; Heavy Fuel and other Black (Boiler Type) Fuels; Illuminating Oils.","",""
"9150","A","절삭,윤활,유압용 오일 및 그리스","Oils and Greases: Cutting, Lubricating, and Hydraulic","","","USP를 제외한 바세린","Includes Petrolatum, except USP.","방청제; 방충제; USP 바세린","Excludes Rust Preventive Compounds; Antiseizing Compounds; Petrolatum, USP."
"9160","A","기타 왁스,오일,기름","Miscellaneous Waxes, Oils, and Fats","","","동물성, 식물성 및 석유성분의 왁스; 정제 양모지(라노린); 짐승 기름; 선박유; 코코넛 기름; USP 또는 NF 등급을 제외한 방향유","Includes Animal, Vegetable, and Petroleum Waxes; Wool Grease (Lanolin); Tallow; Marine Oils; Coconut Oil; Soap Stock; Essential Oils, except USP or NF grades.","식용 기름 및 오일; 가정 및 자동차용 왁스","Excludes Edible Fats and Oils; Household and Automobile Waxes."
"9300","A","비금속 제품류","Nonmetallic Fabricated Materials","","","","","",""
"9310","A","종이 및 판지","Paper and Paperboard","","","서적용 종이재료; 신문지; 판지; 대량의 종이재료","Includes Book Paper Stock; Newsprint; Paperboard; Bulk Paper Materials.","골판지; 포장지; 건축용 판지; 절연용 판지; 문방구류; 건축용 종이; 종이 타월; 화장용 티슈; 용기; 선적 및 식별용 꼬리표","Excludes Corrugated Paper; Wrapping Paper; Building Board; Insulating Board; Stationery; Construction Paper; Paper Towels; Facial Tissues; Blank Books; Containers; Shipping and Identification Tags."
"9320","A","고무제품","Rubber Fabricated Materials","","","고무판, 건축용 고무류, 고무줄 같은 천연 및 합성 고무제품","Includes Natural and Synthetic Rubber Fabricated Materials, such as Rubber Sheets, Structural Rubber Shapes, Strips.","",""
"9330","A","플라스틱 제품","Plastics Fabricated Materials","","","질산 섬유소 및 기타 플라스틱; 바, 로드, 시트 및 스트립","Includes Cellulose Acetate and other plastics; Bars, Rods, Sheets, and Strips.","광섬유 케이블","Excludes Cable, Fiber Optic."
"9340","A","유리제품","Glass Fabricated Materials","","","유리봉, 바 및 관; 광학용 미가공 유리; 건축용 유리; 유리 블록","Includes Glass Rods, Bars, and Tubing; Optical Glass Blanks; Structural and Building Glass; Glass Blocks.","절연기(군급 5970); 안과용 미가공 유리(군급 6540); 케이블, 광섬유(군급 6015 및 6615)","Excludes Insulators (FSC 5970); Ophthalmic Glass Blanks (FSC 6540); and Cable, Fiber Optics (FSCs 6015 and 6615)."
"9350","A","인화재 및 불에 닿는 표면용 재료","Refractories and Fire Surfacing Materials","","","","","",""
"9390","A","기타 조립식 비금속 제품","Miscellaneous Fabricated Nonmetallic Materials","","","코르크로 제작된 기본적인 제품; 석면제품; 운모제품; 과학 및 공업용 광물(절삭하였으나 아직 부착되지 않은것); 도기; 장선; 식물성 솔 섬유; (사탕수수의)사탕을 짜고 남은 깍지","Includes Cork Fabricated Basic Materials; Asbestos Fabricated Materials; Manufactured Mica; Minerals for scientific and technical use (cut but not mounted); Pottery Supplies; Catgut and Wormgut; Vegetable Brush Fibers; Bagasse.","",""
"9400","A","비금속성 원료","Nonmetallic Crude Materials","","","","","",""
"9410","A","식물성 원자재","Crude Grades of Plant Materials","","","조미료; 식물성 천연약품; 천연향료; 가공되지 않은 담배","Includes Flavoring Materials; Crude Drugs of Plant-Origin; Crude Materials for Perfume; Tobacco, Unmanufactured.","",""
"9420","A","식물성,동물성 및 합성섬유","Fibers:  Vegetable, Animal, and Synthetic","","","면, 모, 비단, 말총, 인조견사 및 나일론 섬유","Includes Cotton, Wool, Silk, Horsehair, Rayon, and Nylon Fibers.","",""
"9430","A","비식용 기타 천연 동물제품","Miscellaneous Crude Animal Products, Inedible","","","가공되지 않는 새털 및 솜털; 상아; 강모; 천연 수피 및 모피","Includes Feathers and Downs, Unprocessed; Ivory; Bristles; Hides and Fur Skins, Crude.","",""
"9440","A","기타 천연농산 및 임산물","Miscellaneous Crude Agricultural and Forestry Products","","","곡류; 설탕작물; 천연고무","Includes Cereal Grains; Sugar Crops; Crude Rubber.","",""
"9450","A","직물을 제외한 비금속 조각","Nonmetallic Scrap, Except Textile","","","","","",""
"9500","A","금속봉,금속판 및 형재류","Metal Bars, Sheets, and Shapes","","","","","",""
"9505","A","비전기용 와이어","Wire, Nonelectrical","이 군급은 대량의 자재만을 포함한다. 특수 제작된 품목은 보다 적절한 군급에 분류한다. 와이어는 원형 횡단면 금속의 가늘고, 유연한, 연속적인 길이의 형태를 말한다","Note- This class contains bulk material only. Specially designed items should be placed in a more appropriate class. Wire is a thin, flexible, continuous length of metal, usually of circular cross-section.","대량의 비전기용 와이어","Includes Bulk Nonelectrical Wire","전기저항 및 전도에 관하여 정격(일정한 규격)이 부여되어 있는 도선 (군급 6145 ""전기용 와이어 및 케이블"")","Excludes Wire having electrical resistivity or conductivity rating (FSC 6145)."
"9510","A","바 및 로드","Bars and Rods","이 군급은 대량의 자재만을 포함한다. 특수 설계된 품목은 더 적절한 군급에 분류한다. a. 바는 바스탁으로 알려진 열간 압연 또는 단조에 의해 생성된 일반적으로 직사각형, 원형 또는 육각형의 횡단면 형태로 늘린 금속을 말한다. b. 로드는 품명정의에 열거된 치수 매개변수에 의해 구별되는 가는, 원형 금속 바를 말한다","Note-This class contains bulk material only. Specially designed items should be placed in a more appropriae class. a. Bars are elongated pieces of metal of simple uniform cross-sections usually rectangular, circular, or hexagonal produced by forging or hot-rolling, also known as barstock. b. Rods are thin round metal bar, differentiated by dimensional parameters, listed in the item name definition.","금속 바 및 로드","Includes Metal Bars and Rods","머크 바(군급 9640 ""철 및 강철 주생산품 및 반제품""), 와이어용 로드(군급 9640), 시트 바(군급 9640), 나사선 로드(군급 5306 ""볼트""), 홈 로드(군급 5340 ""상용 철물류"")","Excludes Muck Bar (FSC 9640); Rods for Wire (FSC 9640); Sheet Bar (FSC 9640); Threaded Rods (FSC 5306); Grooved Rod (FSC 5340)."
"9515","A","플레이트,시트,스트립 및 박(箔)","Plate, Sheet, Strip, Foil, and Leaf","이 군급은 대량의 자재만을 포함한다. 특수 설계된 품목은 보다 더 적절한 군급에 분류한다. 이 군급에 포함되는 품목은 모두 평평하고 얇은 금속과 흡사하다. 차이점은 품명정의의 치수 매개변수에 의해 정해진다","Note-This class contains bulk material only. Specially designed items should be placed in a more appropriate class. The items covered by this class are all similar in that they are flat, generally rolled metal, the difference is covered by dsimensional parameters in the item name definition.","장갑판; 흑판; 깔판; 판; 구멍뚫린 시트 및 스트립; 심 스탁","Includes Armor Plate; Black Plate; Floor Plate; Leaf; Perforated Sheet and Strip; Shim Stock.","베일 타이(군급 8135 ""포장 및 패킹용 대량 자재""); 베일링 밴드(군급 8135); 맨딩 플레이트(군급 5340 ""상용 철물류""); 마운팅 플레이트(군급 5340); T 플레이트(군급 5340)","Excludes Bale Ties (FSC 8135); Baling Bands (FSC 8135); Mending Plates (FSC 5340); Mounting Plates (FSC 5340); T Plates (FSC 5340)."
"9520","A","구조 형강","Structural Shapes","이 군급은 대량의 자재만을 포함한다. 특수 제작된 품목은 보다 더 적절한 군급에 분류한다. 이 군급은 빌딩, 다리 및 유사 건축에 사용되는 빔, 앵글과 같은 일반적인 품목을 포함한다","Note-This class contains bulk material only. Specially designed items should be placed in a more appropriate class. This class includes items usually used in building, bridge and similar construction, such as, I beams, angles, and the like.","바 규격의 형강(3인치 이하); 금속말뚝 및 말뚝류; 앵글; 채널; T자관; Z자관","Includes Bar Size Shapes (under 3 inches); Metal Piles and Piling; Angles; Channels; Tees; Zees.","플레이트, 시트 및 스트립 자재(군급 9515 ""플레이트, 시트, 스트립 및 박(箔)"")","Excludes Plate, Sheet and Strip Materials (FSC 9515)."
"9525","A","비철금속 비전기용 와이어","Wire, Nonelectrical, Nonferrous Base Metal","","","","","저항률 및 도전율을 가진 와이어","Excludes Wire having electrical resistivity or conductivity rating."
"9530","A","비철금속 바 및 로드","Bars and Rods, Nonferrous Base Metal","","","","","",""
"9535","A","비철금속 플레이트,시트,스트립 및 박(箔)","Plate, Sheet, Strip, and Foil; Nonferrous Base Metal","","","박(箔), 구멍뚫린 시트 및 조각","Includes Leaf; Perforated Sheet and Strips.","",""
"9540","A","비철금속 구조 형강","Structural Shapes, Nonferrous Base Metal","","","앵글(단면이  기역자 모양의 형재); 채널(단면이  유자 모양의 형재); T자관; Z자관","Includes Angles; Channels; Tees; Zees.","",""
"9545","A","귀금속 플레이트,시트,스트립,박(箔) 및 와이어","Plate, Sheet, Strip, Foil, and Wire: Precious Metal","","","바; 박(箔); 리본; 로드; 튜브","Includes Bars; Leaf; Ribbon; Rods; Tubing.","치과용 귀금속","Excludes Precious Metals for dental use."
"9600","A","광석,광물 및 1차제품","Ores, Minerals, and Their Primary Products","","","","","",""
"9610","A","광석","Ores","이 군급은 대량 자재만을 포함한다. 광석은 자연적으로 현존하는 물질이며, 그 물질에서 경제적으로 가치있는 광물을 얻을 수 있다","Note-Only bulk material will be identified in this class. Ores are a naturally occurring material from which economically valuable minerals can be obtained.","보오크사이트; 철광석; 연광석; 귀금속 광석; 방사성 금속광석; 아연광석","Includes Bauxite; Ferrous Ores; Lead Ores; Precious Metal Ores; Radioactive Metal Ores; Zinc Ores.","",""
"9620","A","천연 및 합성광물","Minerals, Natural and Synthetic","대량의 자재만을 이 군급에 분류한다. 광물은 식(式)에 의해 표현되는 화학적 합성의 특성을 가진 자연적으로 현존하는 물질이다","Note-Only bulk material will be identified in this class. Minerals are naturally occurring substances with a characteristic chemical composition that can be expressed by a formula.","진흙 및 기타 흙; 운모; 석면; 원유; 흑연","Includes Clays and other Earths; Mica; Asbestos; Crude Petroleum; Graphite.","자갈(군급 5610 ""대량 광물성 건설자재""); 모래(군급 5610); 연마재(군급 5350 ""연마용 자재""); 내화성 흙(군급 9350 ""인화재 및 불에 닿은 표면용 재료"")","Excludes Gravel (FSC 5610); Sand (FSC 5610); Abrasives (FSC 5350); Refractory Clays (FSC 9350)."
"9630","A","첨가용 금속재료","Additive Metal Materials","대량의 자재만을 이 군급에 분류한다. 첨가되는 금속재료는 요구되는 그들의 특성을 증가시키기 위해 첨가되는 것이다 (예를 들면 기계능력을 향상시키기 위해 강철에 첨가하는 납)","Note-Only bulk material will be identified in this class. Additive metal materials are those which are added to metals to improve their characteristics as required (e.g., lead added to steel to improve the machinability).","합금용 첨가물(알루미늄, 안티몬, 구리 및 기타 첨가물)","Includes Alloying Additives (Aluminum, Antimony, Copper, and Others).","연료 첨가제(군급 6850 ""기타 화학특수품"")","Excludes Fuel Inhibiting Additives (FSC 6850)."
"9640","A","철,강 1차제품 및 반제품","Iron and Steel Primary and Semifinished Products","대량의 자재만을 이 군급에 분류한다. a. 1차산품은 사용할 수 있도록 가공이 요구되는 가공되기 이전의 주괴를 가르킨다. b. 반제품은 완제품 상태를 위해 보다 가공처리가 요구되는 상태로 가공된 1차산품을 가르킨다","Note-Only bulk material will be identified in this class. a. Primary products are raw unfinished ingots, pigs, that require refinement to be usable. b. Semi-finished items are primary products that have been refined to a state that requires further manufacturing processes to its final, usable state.","주괴(鑄塊); 쇠막대기; 괴철; 머크 바; 와이어용 로드; 시트 바; 튜브 고리","Includes Ingots; Pigs; Billets; Blooms; Muck Bar; Rods for Wire; Sheet Bar; Skelp; Tube Rounds.","",""
"9650","A","비철금속 제련 및 중간형","Nonferrous Base Metal Refinery and Intermediate Forms","대량의 자재만을 이 군급에 분류한다. a. 제련형은 사용할 수 있도록 가공이 요구되는 가공되기 이전의 주괴를 가르킨다. b. 중간형은 완제품 상태를 위해 보다 가공처리가 요구되는 상태로 가공된 1차산품을 가르킨다","Note-Only Bulk material will be identified in this class. a. Refinery Forms are raw unfinished ingots, pigs, that require refinement to be usable. b. Intermediate forms are primary products that have been refined to a state that requires further manufacturing processes to its final, usable state.","주괴(鑄塊); 석판","Includes Ingots; Slabs.","",""
"9660","A","귀금속 1차제품","Precious Metals Primary Forms","대량의 자재만을 이 군급에 분류한다. 주요 형태는 귀금속을 만들거나, 사용 가능토록 세공이 요구되어지는 자연그대로의 가공되지 않은 덩어리이다","Note-Only bulk material will be identified in this class. Primary Forms are raw unfinished ingots, pigs, that require refinement to be usable and are made of precious metals.","금 덩어리; 주괴","Includes Bullion; Ingot.","",""
"9670","A","철강 조각","Iron and Steel Scrap","","","","","",""
"9680","A","비철금속 조각","Nonferrous Scrap","","","","","",""
"9900","A","기타 품목","Miscellaneous","","","","","",""
"9905","A","간판,광고전시물 및 식별판","Signs, Advertising Displays, and Identification Plates","","","전기간판; 간판; 전시대; 마네킨 및 기타 전시물; 비개인적인 일반용도의 식별표찰 및 양식; 특수목적용 판 및 표찰","Includes Electric Signs; Sign Boards; Display Stands; Mannequins and other display forms; Printed Signs; General Purpose Identification Tags and Blanks, Nonpersonal; Plates and Tags for specific applications.","",""
"9910","C","보석","Jewelry","FSC 9910 은  022213 Jewelry에서 취소됨.","FSC 9910 CANCELLED ON 022213 Jewelry","보석상 부속품류; 세공된 귀금속; 세공된 천연보석 및 장식용 돌","Includes Jewelers' Findings; Precious Stones, Cut; Costume Jewelry; Natural Gems and Ornamental Stones, Cut.","시계(휴대용); 시계(비휴대용); 식탁용 식기류; 과학기구; 화장용품; 흡연용품; 산업용 다이아몬드","Excludes Watches; Clocks; Tableware; Scientific Instruments; Toilet Articles; Smokers' Articles; Industrial Diamonds."
"9915","A","수집물 및 골동품","Collectors' and/or Historical Items","","","골동품; 공예품; 동전; 우표; 희귀서적; 예술품 수집품 및 보물; 보석; 희귀석; 자연기념물","Includes Antiques; Artifacts; Coins; Stamps; Rare Books; Works of Art, Collectors and/or Historical Gems; Jewelry, and Cut Precious Stones; Natural History Items.","",""
"9920","A","흡연용품 및 성냥","Smokers' Articles and Matches","","","담배 라이터; 라이터 충전액; 파이프 리머(구멍 뚫는 공구); 재떨이; 담배갑; 포장된 궐련용지","Includes Cigarette Lighters; Lighter Fluid; Pipe Reamers; Ash Trays; Tobacco Humidors; Packaged Cigarette Paper.","장비에 장착되도록 특수 제작된 재떨이 및 라이터","Excludes Ash receivers and lighters specifically designed for installation in or on equipment."
"9925","A","목회(牧會)장비,비품 및 용품","Ecclesiastical Equipment, Furnishings, and Supplies","","","제의(祭衣); 제단; 성찬세트; 교회용 촛대(가지달린것); 성찬배(聖餐杯); 성반(聖盤); 재단에 걸치는 보; 교회용 조상(調像); 성찬용 포도주","Includes Vestments; Altars; Communion Sets; Ecclesiastical Candelabra; Chalices; Patens; Altar Cloths; Ecclesiastical Statuary; Sacramental Wine.","",""
"9930","A","기념물;장지 및 장의 장비 및 용품","Memorials; Cemeterial and Mortuary Equipment and Supplies","","","묘비; 지하납골장; 유골단지관; 유골함; 장의사용 소모품; 기념비; 관운송용 상자","Includes Grave Markers; Burial Vaults; Burial Urns; Caskets; Burial Boxes; Morticians' Supplies; Monuments; Gasket Shipping Cases.","영구차; 시체안치장 냉장고","Excludes Hearses; Mortuary Refrigerators."
"9999","A","기타 품목","Miscellaneous Items","","","어떤 현재 군급에도 분류할 수 없는 품목에 한한다","Includes only those items which cannot conceivably be classified in any existing classes","",""
