입찰명,카테고리
임시명찰 등 2품목 구매,2종
"17년 직접입영장병 신체검사 용역(경기 연천,파주)",미분류
'17년 IP교환기 유지보수,4종
17년 직접입영장병 신체검사 용역(인천 부평등 3개소),미분류
17년 무한 임대프린터 계약,2종
17-인-오폐수처리시설 위탁관리용역,미분류
17-P-청룡회관 세탁물 처리 용역,미분류
'17년 음식물폐기물 처리용역,미분류
17-국방어학원 승강기 관리용역,미분류
장거리 이동 신병 도시락 제조납품,1종
17년 00부대 작전지원센터 청소용역,미분류
0부대 중대시설 분전반 제조설치(16-312),4종
13-본-국대-01 00학교 가구 및 비품 제조설치,2종
17년 응용체계통합/온나라시스템 유지보수 용역,미분류
00부대 중대시설 조명기구 제조납품(16-314),4종
2017년 난방연료,3종
00부대 체육시설 비품구매(고소작업대 등 9종),4종
입영장병 신체검사 위탁 용역(전북 임실),미분류
천궁 CBT 유지보수용역,미분류
사무용 전산장비 운영체제 재설치,2종
17년 분석용 모델 유지보수 용역,미분류
17년 액화석유가스(LPG) 구매,3종
17년 전자식 교환기 유지보수 용역,미분류
17년 디지털 포렌식 시스템 유지보수 용역,미분류
17년 국군수도병원 환자 급식보조원 용역,미분류
군수처 취사연료,3종
'17-00부대 승강기 유지관리 용역,미분류
17년 방사선 피폭선량 측정 용역,미분류
17-P-02 문덕관사 청소 용역,미분류
17-P-01 청림관사 청소 용역,미분류
17-P-02 문덕관사 청소 용역,미분류
17-P-01 청림관사 청소 용역,미분류
우갈비 등 15품목 (덕산스포텔),미분류
감자전분 등 211품목(덕산스포텔),미분류
다목적작업차,미분류
토양정화사업 액화석유가스(LPG) 구매,3종
상륙기동헬기 초도양산 지원장비,7종
"17년 상반기 토성회관 식자재(채소류,공산물) 구매",미분류
어린이집 교구교재 51종 구매,미분류
17년 렌탈프린터 임차 용역,미분류
코인 등 3품목,미분류
17년 전산장비 유지보수 용역,미분류
2017년 LPG 구매 (강원),3종
2017년 LPG 구매 (경기),3종
2017년 LPG 구매 (전라),3종
국방통합데이터센터(2센터) 시설관리용역,미분류
국군의무사령부 외진셔틀버스 용역,미분류
코인 등 3품목,미분류
17년 전산장비 유지보수 용역,미분류
2017년 LPG 구매 (강원),3종
2017년 LPG 구매 (경기),3종
2017년 LPG 구매 (전라),3종
긴급 영선보수자재 구매(UPS배터리),4종
00지역 시설공사 관급자재(알루미늄패널) 제조 납품,4종
00지역 시설공사 관급자재(GHP) 설치납품,4종
단기 복무 청년층 장병 진로지원 프로그램 개발 연구,10종
4개 개편부대 조명등 제조납품(정정공고),미분류
공병여단 장간조립교 자재 제조납품,미분류
7162부대 GOP 철책 시설물보강 자재구매,4종
설 경축특식 빵세트,미분류
00부대 복지회관 신축 냉난방기 구매설치,미분류
신호처리기 조립체 등 16항목 구매(기장),미분류
17-1 상층대기분석장비(UAAS-10) 외주정비,미분류
사단 동계 대비 노후보일러 교체,미분류
17-인-프린터 임차,2종
17-부 00회관 승강기 유지관리용역,미분류
17-P-생활 및 음식물류폐기물 위탁 처리 용역,미분류
17-P-생활 및 음식물류폐기물 위탁 처리 용역,미분류
17-P-포특사 하폐수처리시설 위탁 관리 용역,미분류
초코파이 등 27종 구매,미분류
모듬두텁떡 등 6종 제조,미분류
삼계탕 등 47종 구매,미분류
초코우유 등 29종 구매,1종
17-P-수성사격장 시설물 관리 용역,미분류
17-P-생활 및 음식물류폐기물 위탁 처리 용역,미분류
17-P-포특사 하폐수처리시설 위탁 관리 용역,미분류
17-P-사단 건물 청소 용역,미분류
베트남전투사발간,미분류
16-해-항공정비실습장 주파수변환기 구매,미분류
'17-00사 음식물쓰레기 위탁처리용역,미분류
'17-00의료원 조경관리 용역,미분류
햄버그스테이크 등 31종 구매,1종
2017년 환자급식용 식재료 구매,미분류
17년 생도증식 148종 구매,미분류
17년 과학화 경계시스템 외주정비 용역,미분류
17년 프린터 임차 용역,미분류
2017년 음식물폐기물 처리용역,미분류
17년 종합정보시스템 유지보수 용역,미분류
관급자재-글라스울징크 판넬 제조.구매(설치포함),미분류
2017년 대구병원 승강기관리용역,미분류
'17년 기록보존장비(M/F장비) 유지보수 용역,미분류
식자재 구매(일반미 등 174품목),미분류
'17년 환자급식(증후식류) 식품 구매,미분류
'17년 환자급식(부식류) 식품 구매,1종
임대 프린터,2종
페인트건 등 7종,4종
17-교-CBT제작실 유지보수용역,미분류
17-P-평창훈련장 시설물 관리 용역,미분류
음식물쓰레기 처리용역(17년도),미분류
'17-프린터 10대 임차용역,미분류
임대 프린터,2종
Truepress-jet520 전용잉크등 2종 구매,2종
인쇄용지8종 제조/구매,미분류
'16년 00정수장 퇴적물 준설처리 용역,미분류
00지역 철책 보강자재 구매,미분류
가전제품 7종 구매,미분류
'17년 설날 경축특식(과자세트) 구매(제조),미분류
00부대 생활관 증축공사 진공온수보일러 제조 / 설치,미분류
17년 영선보수자재 구매,4종
17년 임대 프린터 계약,2종
00부대 유휴시설 폐기물처리 용역,미분류
병영도서 구매,10종
'17-00의료원 폐수처리시설 위탁관리용역,미분류
17-05-승강기 유지관리용역,미분류
16년 후반기 신병용품 구매,미분류
독서카페 설치 자재구매,미분류
GOP 제설용 송풍기 구매,미분류
"수저, 수저통 구매",미분류
2017년 마이크로 필름장비 유지보수 용역,미분류
17-국방어학원 국내.외 간행물 17종 구매,미분류
17-해군 청해모델 장비 유지보수 용역,미분류
16-293 관사보일러 납품 및 설치,미분류
진남관 청소 용역,미분류
방풍용 비닐 등 6종,미분류
방관사 저고도레이더 운용시설(별립)_수배전반,4종
국방통합데이터센터(1센터) 시설관리용역,미분류
17년 입영장병 신체검사 용역(충남 논산),미분류
시설공사 관급자재(화물용엘리베이터)제조 설치납품,4종
시설공사 관급자재(조명기구)제조 납품,4종
시설공사 관급자재(분전반)제조 납품,4종
관급자재(전관방송 및 AV설비) 제조 설치납품,미분류
종교센타 리모델링 관급자재(조명기구) 제조납품,4종
2017년도 국방부 신임공무원 멘토링 워크숍 위탁 운영,미분류
00부대 복지회관 신축 변압기 제조설치,미분류
체력단련장 전동카트 구매,미분류
17-S-프린터 임차 용역,미분류
'17년도 공군회관(객실용)세탁물 15종(연간)용역,미분류
"'17년도 공군회관(예식,연회용)세탁물36종(연간)용역",미분류
17-P-전기안전관리 용역,미분류
차기다련장 3차 811정비대대 시설공사_크레인,4종
방송장비 구매 / 설치,미분류
물류취급 물자(롤테이너 등 5종) 구매,미분류
'17년 환자치료식 부·후식 및 증식 계약,미분류
'17년 환자치료식 부·후식 및 증식 계약,미분류
00사 군관사 개선공사 엘리베이터 제조 설치,미분류
'17년 환자치료식 부·후식 및 증식 계약,미분류
00지역 아파트 리모델링 시설공사(가구),2종
`16년 정보자원 도입사업 리스,미분류
자이로스코프 비율식 구매,미분류
군 월동준비자재 구매(51종 712개),미분류
보조지주 제조 구매,미분류
17-동 프린터 임대(유지보수포함),2종
조명기구(차량정비고),미분류
CCTV(지상전술전자장비),7종
분전반(지상전술전자장비),미분류
떡류 등 21종,미분류
음향제작장비 등 4품목 제작설치,미분류
17년 액화석유가스 구매,3종
17년 액화석유가스 구매,3종
17-00부대 청소 관리 용역,미분류
충전키트 가압용 등 2종,미분류
모듬콩조림 등 17종 구매,미분류
모듬콩조림 등 17종 구매,미분류
모듬콩조림 등 17종 구매,미분류
모듬콩조림 등 17종 구매,미분류
모듬콩조림 등 17종 구매,미분류
모듬콩조림 등 17종 구매,미분류
모듬콩조림 등 17종 구매,미분류
모듬콩조림 등 17종 구매,미분류
모듬콩조림 등 17종 구매,미분류
모듬콩조림 등 17종 구매,미분류
모듬콩조림 등 17종 구매,미분류
모듬콩조림 등 17종 구매,미분류
모듬콩조림 등 17종 구매,미분류
모듬콩조림 등 17종 구매,미분류
모듬콩조림 등 17종 구매,미분류
모듬콩조림 등 17종 구매,미분류
해물모듬완자 등 30종 구매,미분류
해물모듬완자 등 30종 구매,미분류
해물모듬완자 등 30종 구매,미분류
해물모듬완자 등 30종 구매,미분류
해물모듬완자 등 30종 구매,미분류
해물모듬완자 등 30종 구매,미분류
해물모듬완자 등 30종 구매,미분류
해물모듬완자 등 30종 구매,미분류
해물모듬완자 등 30종 구매,미분류
해물모듬완자 등 30종 구매,미분류
해물모듬완자 등 30종 구매,미분류
해물모듬완자 등 30종 구매,미분류
해물모듬완자 등 30종 구매,미분류
해물모듬완자 등 30종 구매,미분류
해물모듬완자 등 30종 구매,미분류
해물모듬완자 등 30종 구매,미분류
해물모듬완자 등 30종 구매,미분류
해물모듬완자 등 30종 구매,미분류
해물모듬완자 등 30종 구매,미분류
해물모듬완자 등 30종 구매,미분류
해물모듬완자 등 30종 구매,미분류
해물모듬완자 등 30종 구매,미분류
해물모듬완자 등 30종 구매,미분류
해물모듬완자 등 30종 구매,미분류
해물모듬완자 등 30종 구매,미분류
해물모듬완자 등 30종 구매,미분류
핫바 등 31종 구매,미분류
핫바 등 31종 구매,미분류
핫바 등 31종 구매,미분류
핫바 등 31종 구매,미분류
핫바 등 31종 구매,미분류
핫바 등 31종 구매,미분류
핫바 등 31종 구매,미분류
핫바 등 31종 구매,미분류
핫바 등 31종 구매,미분류
핫바 등 31종 구매,미분류
핫바 등 31종 구매,미분류
핫바 등 31종 구매,미분류
핫바 등 31종 구매,미분류
핫바 등 31종 구매,미분류
핫바 등 31종 구매,미분류
핫바 등 31종 구매,미분류
핫바 등 31종 구매,미분류
핫바 등 31종 구매,미분류
핫바 등 31종 구매,미분류
핫바 등 31종 구매,미분류
핫바 등 31종 구매,미분류
핫바 등 31종 구매,미분류
핫바 등 31종 구매,미분류
핫바 등 31종 구매,미분류
핫바 등 31종 구매,미분류
핫바 등 31종 구매,미분류
핫바 등 31종 구매,미분류
핫바 등 31종 구매,미분류
핫바 등 31종 구매,미분류
핫바 등 31종 구매,미분류
16-59-1 관급자재[글라스울샌드위치 판넬 구매(설치)],미분류
계룡스파텔 식자재 000종 구매,미분류
계룡스파텔 식자재 000종 구매,미분류
방위사업청 X-Ray검색기 구매.설치 사업,미분류
'17년 전술훈련시뮬레이터 외주정비 용역,미분류
'17년 전술훈련시뮬레이터 외주정비 용역,미분류
'17년 KUH CMI 교육시스템 외주정비 용역,미분류
물류취급물자(롤테이너 등 5개 품목) 구매,미분류
취사기구(신발소독판 등 18품목) 구매,2종
2017년 부산병원 승강기관리용역,미분류
2017년 함평병원 승강기관리용역,미분류
2017년 서울지구병원 승강기관리용역,미분류
17년 00부대 환자급식보조원 용역,미분류
창조 12차 장비도입 사업 통합리스,미분류
모바일기기 통제체계(MDM) 구축,미분류
17-교-입영신체검사(흉부검사)위탁 용역,미분류
00사 군관사 개선공사 씽크대 제조 설치,미분류
K200A1장갑차 시뮬레이터 연구개발,7종
16-조-86 발전실 크레인 제조,미분류
17-B-건물위생관리 청소용역,미분류
00학교 생도피복(맞춤피복) 제조,2종
'17년도 선수급식(공산품 475종) 구매,미분류
'17년도 선수급식(농수산물 321종) 구매,1종
'17년도 선수급식(유제품 12종) 구매,미분류
전력지원체계 연구개발 기술수준 조사 및 평가 용역,미분류
핸드토키 구매,미분류
00부대 방송장비 보강 사업,미분류
"급식유통센터 운용물자(플라스틱상자, 파레트) 구매",미분류
계룡대 체력단련장 보일러용 유류(하이신유) 구매,미분류
17-부 승강기 유지관리용역,미분류
'17-00사 승강기 유지관리 용역,미분류
방관사 저고도레이더 운용시설(별립)_전력제어,4종
17-P-청룡회관 전기안전관리 용역,미분류
17-P-청룡회관 승강기 관리 용역,미분류
17-P-평창훈련장 전기안전관리 용역,미분류
17-P-승강기 운행관리 용역,미분류
국방대학교 일반폐기물 처리 용역,미분류
17-국방어학원 현장학습 버스임차용역,미분류
국방정보보호 교육환경 개선용 마이크 구매,미분류
박판금속제 등 7종,미분류
17-S-식자재 위탁배송 용역,미분류
오버 헤드 크레인,미분류
LED작업등 1종,4종
실린더라이너 등 19종,미분류
박판금속제 등 7종,미분류
햄버그스테이크 등 31종 구매,1종
햄버그스테이크 등 31종 구매,1종
햄버그스테이크 등 31종 구매,1종
햄버그스테이크 등 31종 구매,1종
햄버그스테이크 등 31종 구매,1종
햄버그스테이크 등 31종 구매,1종
햄버그스테이크 등 31종 구매,1종
햄버그스테이크 등 31종 구매,1종
햄버그스테이크 등 31종 구매,1종
햄버그스테이크 등 31종 구매,1종
햄버그스테이크 등 31종 구매,1종
햄버그스테이크 등 31종 구매,1종
햄버그스테이크 등 31종 구매,1종
햄버그스테이크 등 31종 구매,1종
햄버그스테이크 등 31종 구매,1종
햄버그스테이크 등 31종 구매,1종
햄버그스테이크 등 31종 구매,1종
햄버그스테이크 등 31종 구매,1종
햄버그스테이크 등 31종 구매,1종
햄버그스테이크 등 31종 구매,1종
햄버그스테이크 등 31종 구매,1종
햄버그스테이크 등 31종 구매,1종
햄버그스테이크 등 31종 구매,1종
햄버그스테이크 등 31종 구매,1종
햄버그스테이크 등 31종 구매,1종
배추김치(포기) 등 20종 제조,1종
배추김치(포기) 등 20종 제조,1종
배추김치(포기) 등 20종 제조,1종
배추김치(포기) 등 20종 제조,1종
배추김치(포기) 등 20종 제조,1종
배추김치(포기) 등 20종 제조,1종
배추김치(포기) 등 20종 제조,1종
배추김치(포기) 등 20종 제조,1종
배추김치(포기) 등 20종 제조,1종
LED램프 외 7종 구매,4종
다목적체육관 관급자재 무대장치 제조설치,미분류
다목적체육관 관급자재(AV설비) 제조설치,미분류
안보교육관 의자 구매납품(5~6인용),2종
"관급자재 수배전반, 분전반 제조 구매",4종
복지회관 신축 인조대리석 구매,미분류
후방카메라 설치 납품,미분류
3개소 취사장 대형냉장고 제조설치,미분류
112공병 병영생활관 개수 조명기구 제조납품,4종
GOP 철책 경계작전 시설물 보강 자재 구매,4종
수리부속(타공기바늘)구매,9종
국방의료정보체계 통합유지보수,4종
"16-해군제2기관장비실습장 수배전반, 분전반 제조)",미분류
군인연금 수급요건 및 분할연금 도입 연구,10종
수리부속(타공기바늘)구매,9종
인쇄용지 3종 제조/구매,미분류
'17년 컬러 잉크젯 프린터 임대 용역,미분류
'17년 전산장비 통합 유지보수 용역,미분류
전산소모품 구매,2종
17년 출근버스 임차 용역,미분류
4개 개편부대 자동제어반 제조설치납품,미분류
4개 개편부대 크레인 제조설치 납품,미분류
가구류(책상 등 14종) 제조,2종
사단 병영생활관 보수 자재구매 등 2건,4종
17-전산장비 정비용역,미분류
접톱 등 14종,미분류
LED형광등 구매(507개),4종
간부숙소 비품구매(SS침대 등 5종),미분류
방송장비 설치/납품,미분류
화재진압장비 제조구매(3차),미분류
동계작전 대비 보온대 구매,미분류
16년 교육시설(유격장) 자재구매,4종
16년 화면전시체계 보강사업,미분류
17-진 음식폐기물 처리용역,미분류
17-해-음식폐기물 처리용역,미분류
17-오폐수처리시설 민간 위탁관리 용역,미분류
16-7차 전산용품 구매,2종
17-교-프린터 렌탈 용역,미분류
17-포 음식물류 폐기물 처리용역,미분류
17년 전자교환장비 유지보수 용역,미분류
차기다련장 3차 관급자재 크레인(16-방-12),미분류
16-공-본-17 관급자재(전관방송 AV포함) 제조설치,미분류
교도소 침대생산자재(철재류) 제조납품,미분류
17-K-부식 민간위탁배송 용역,미분류
테이프 크리너 등 37종,미분류
17-평 오폐수처리시설 위탁관리 용역,미분류
LED 전광판 등 12종 구매,4종
육상용 TACAN,미분류
00부대 창설사업 테라조 구매(16-215),미분류
시설유지보수 자재 구매,4종
관급자재 조명기구 제조 납품,4종
국군대전병원 청소관리용역,미분류
000사업 병영생활관 합성수지제창호 제조,4종
무인 수납 영수증 발급기 구매,미분류
국군수도병원 청소관리용역,미분류
'17년~'18년 합동전파관리시스템 유지보수용역,미분류
ALL-IP 통합 네트워크 구축 u-실험사업,2종
17년 체력단련장 식자재 납품업체 선정,미분류
LED 원형센서등 등 113품목,4종
고양병원 PACS 서버 저장공간 확충용 HDD 구매,2종
00어린이집 교재교구 구매(K-109),미분류
00부대 창설사업 통합배선반 제조설치(16-223),미분류
00부대 창설사업 CCTV 제조설치(16-222),7종
00부대 창설사업 AV 제조설치(16-221),미분류
금학산 케이블카 엔진교체,4종
T-01 박닥재 3세트,미분류
도로안전시설 설치/납품,4종
컷터칼 등 38종,미분류
"여자축구 운동용품(축구공,유니폼,의료/재활용품)",미분류
정수약품 구매,3종
'17-정수장 및 수원지 제초 용역,미분류
'17-00사 소방시설 점검 용역,미분류
17-부 프린터 임차 용역(60대),미분류
16-도서관 국외간행물 40종 구매,10종
17-J-사업장생활계 폐기물 처리 용역,미분류
'17-00의료원 소방점검 용역,미분류
'17-00회관 별관 전기안전관리 용역,미분류
'17-00식당 방역용역,미분류
'17-00의료원 위탁방제 용역,미분류
'17-00의료원 승강기 점검 용역,미분류
'17-00복지관 승강기 유지보수 용역,미분류
'17-00의료원 음식물쓰레기 위탁처리용역,미분류
'17-00단련장 음식물쓰레기 위탁처리용역,미분류
심폐소생술 마네킹 및 응급처치킷 구매,미분류
기가폰 구매,미분류
지휘소텐트용 공조기 1세트,2종
복사용지 등 56종 구매,미분류
심정모터펌프 등 펌프류 구매(16-291),미분류
"부품키트, 걸쇠용 등 2항목 제조(물자)",9종
유한락스 등 45품목,미분류
비호 인터페이스 제어장치 정비,미분류
수분측정기 등 3종 구매,7종
고성능 액체크로마토그래피 구매,미분류
000사업 병영생활관 통합배선반 제조설치,미분류
'17년 한미지상전연동모델 유지보수용역,미분류
'17년 전투21모델 유지보수용역,미분류
'17년 연합연습용 전투근무지원모델 유지보수 용역,미분류
과학화 출입시스템 제조 설치(2),미분류
17년 00부대 청소용역,미분류
2017년 시설관리(경비 및 청소) 용역,미분류
000사업 핸드형 네트워크 분석기 구매,2종
17년 프린터 렌탈 용역,미분류
물류취급물자(자바라 컨베이어) 구매,미분류
보조지주 및 Y피켓 제조 납품,미분류
윤형철조망 등 2종 구매,4종
16-본-공-5 도서관 리모델링 관급자재(조명기구),4종
131사업(2차) 관급자재(출입통제시스템) 제조설치,미분류
깻잎무침 등 12품목,미분류
깻잎무침 등 12품목,미분류
16-해-항공정비실습장 크레인 제조 설치,미분류
시설경량화 세부지침 및 설계(안) 작성 용역,미분류
"16-충-공-12 수배전반, 분전반(305대대 통합건물 신축",미분류
00급양대 조명기구 제조,4종
출입통제체계 구축사업 통합리스,미분류
00대학 정보통신장비 통합유지보수 용역,미분류
16-해-방탄판(LEVEL Ⅳ) 192EA 제조,미분류
17년 출입통제체계 유지보수 용역,미분류
00부대 잠수장비 구매,미분류
물류취급물자(핸드카트) 구매,미분류
물류취급물자(롤테이너) 구매,미분류
물류취급물자(안전계단형 사다리) 구매,미분류
물류취급물자(경량랙) 구매,미분류
16-충-공-12 방송설비(305대대 통합건물 신축),미분류
마이크로웨이브 신시사이저 구매,미분류
16-공-본-17 관급자재(통합배선) 제조설치,미분류
크롬 1종,미분류
씰교환키트,미분류
"박판,금속제 등 11종",미분류
볼펜 등 90종,미분류
런닝머신 등 214종 구매,미분류
기록관리장비(M/F장비) 유지보수 용역,미분류
계룡 및 구룡체력단련장 액화석유가스 (LPG) 구매,3종
상용차량 타이어 구매 설치납품,9종
주머니난로(보온대) 제조납품,미분류
물자취급 장비(롤테이너 등 5개 품목),미분류
102대대 LED 등기구 납품,4종
'16년 모바일 홍보 제작장비 구매/납품,미분류
00부대 영내도로 안전시설 설치납품,4종
무선 아이피스 등 2종 구매설치납품,미분류
동계작전대비 보온대 구매,미분류
00부대 UAV중대시설 수배전반 제조설치,4종
국방대학교 청소관리용역,미분류
17년 종합정보시스템 유지보수 용역,미분류
철골 H빔 구매,4종
00부대 합성수지제창 / 합성수지도어 제조설치,미분류
해상 계류부이 제조 납품,미분류
HP Indigo7800잉크등 17종 구매,2종
17년 청수 수송용역,미분류
국군교도소 침대생산자재 구매(4차_포장자재),미분류
2017년 무한리필 컬러프린터 임대용역,미분류
17년 전산장비 유지보수 용역,미분류
'16년 물자취급 장비 구매(롤테이너 등 5종),미분류
물류취급물자(롤테이너 등 5종) 구매,미분류
물류취급물자(파레트 등 2종) 구매,미분류
112공병 병영생활관 개수 PW창호 제조납품,4종
112공병 생활관 개수 진공온수보일러 제조설치납품,미분류
00부대 간부숙소 신축 가스보일러 제조설치납품,3종
군관사 및 독신숙소 LED등기구 구매,4종
냉장냉동 창고 제조설치,미분류
17-00전대 상반기 음식물쓰레기 수거 및 처리용역,미분류
17-00전대 1/4분기 폐기물 처리 용역,미분류
'17년 조사체계 HW 유지보수,4종
17년 국외잡지 구매,미분류
일반의약품 103종 구매,8종
4/4분기 전산운영예산(토너 등 27종),2종
둥근 향나무 등 8종,미분류
통신시설 자재 구매(케이블 등),4종
대형LED전광판 제조 설치,4종
17-K-액화석유가스(LPG) 인천/강화,3종
17-K-액화석유가스(LPG) 소형저장탱크,3종
17-K-액화석유가스(LPG) 김포,3종
16-해-물류창고 조명기구 구매(1),4종
스모크햄 900EA 구매,1종
갓김치 등 8종 제조 납품,1종
두부 등 20종 구매,1종
멸균초코우유 등 4종 구매,1종
LA갈비 등 4종 구매,미분류
LA갈비 등 4종 구매,미분류
LA갈비 등 4종 구매,미분류
사이다 등 31종 구매,미분류
사이다 등 31종 구매,미분류
사이다 등 31종 구매,미분류
사이다 등 31종 구매,미분류
사이다 등 31종 구매,미분류
사이다 등 31종 구매,미분류
사이다 등 31종 구매,미분류
사이다 등 31종 구매,미분류
사이다 등 31종 구매,미분류
사이다 등 31종 구매,미분류
사이다 등 31종 구매,미분류
사이다 등 31종 구매,미분류
사이다 등 31종 구매,미분류
사이다 등 31종 구매,미분류
사이다 등 31종 구매,미분류
사이다 등 31종 구매,미분류
사이다 등 31종 구매,미분류
사이다 등 31종 구매,미분류
사이다 등 31종 구매,미분류
사이다 등 31종 구매,미분류
사이다 등 31종 구매,미분류
사이다 등 31종 구매,미분류
사이다 등 31종 구매,미분류
사이다 등 31종 구매,미분류
사이다 등 31종 구매,미분류
사이다 등 31종 구매,미분류
사이다 등 31종 구매,미분류
사이다 등 31종 구매,미분류
의약품(엘리델크림 등 11종) 구매,8종
스킨코튼 플러스 등 125종 구매,미분류
통신시설 자재 구매(케이블 등),4종
윤형철조망 설치자재 5종 구매,4종
군 상용차량 후방카메라 구매,7종
차기다련장 3차 시설사업 관급자재(크레인) 설치납품,4종
차기다련장 3차 시설사업 관급자재(보일러) 설치납품,4종
전산운용 소모품 납품,2종
2017년 승강기 관리 용역,미분류
중형 굴삭기용 부품(크라샤),9종
탄약고 CCTV 설치 납품,미분류
34차 부대구매(상병건강검진시약),미분류
00부대 응급처치물자 구매,미분류
2016년 재생토너 4차 구매,2종
의약품(246차) 구매,8종
"기가폰, 이동용 앰프 구매",미분류
상용차량 후방카메라 설치납품,7종
중형굴삭기 습지트랙 구매,미분류
화면전시체계 보강 자재구매,미분류
물자취급 장비 5종 구매,미분류
동계대비 보온팩 구매,미분류
00부대 도서구매,10종
16-4차 전산운영용품 구매,2종
17년 통합보안시스템 유지보수 용역,미분류
자운대/B1지역 교환기 교체사업 통합리스,미분류
미확인지뢰지대 안내 경고 간판제작,5종
조달(수리)요구서(16-910)[51전대]UPS 배터리 등 2종,9종
모니터 보호필름 등 8종,2종
"수목(쥐똥나무/9,260주) 구매",미분류
소토사등 3품목,미분류
복사용지 등 7종,미분류
야외용 벤치테이블,미분류
롤테이너 등 5종 물품 구매,미분류
16-정보통신과 전산운용용품 24종 구매,2종
포스트잇 팝업 등 14종,미분류
"교보재 제작비(무릎,팔꿈치 보호대 세트, 태권도매트)",미분류
16-충-공-12 무대장치(305대대 통합건물 신축),미분류
16-충-공-12 통합배선(305대대 통합건물 신축),미분류
전자신호봉 등 3종,미분류
라미네이터 등 8종,미분류
16년 4/4분기 전산운용용품 구매,2종
탁구대 등 3종 구매,미분류
전투지휘훈련장 사무비품 33종 구매,미분류
발전기 등 2종,미분류
물류창고 관리 물품구매(롤테이너 등 5개),미분류
부대 의약품 및 의료기재 등 구매,8종
후반기 전산용품 구매,2종
원판정리대 등 3종,미분류
조경용 퇴비 등 30품목,미분류
교도소 침대생산자재(목재류) 제조납품,4종
백단화 등 3종,미분류
00함 선체(하우스) 청락/도장 용역,미분류
기갑 및 기계화부대 중대급 교전훈련장비 연구용역,미분류
관제레이더 장애징후분석 및 원격감시체계구축,7종
조달-방-16-78 레이더 냉각체계 수리부속,9종
파이프 등 211종 구매,4종
ATCIS 상용HW 유지보수 물품 구매,4종
연천지역 차량 후방카메라 설치납품,7종
00부대 장간조립교 자재 제조납품,미분류
17년 건물 구충구서 용역,미분류
00부대 풋살경기장 인조잔디 설치납품,미분류
00부대 취사 피복 구매(취사화 등 7종),2종
자동화 사격장비 제조설치,미분류
선박 보조연료탱크 제조 설치,3종
육군 항공관제 시뮬레이터 연구개발,7종
후가공 2종 제작/구매,미분류
17-서북도서 출타장병 환승 지원용 버스 용역,미분류
국방컨벤션 웨딩 꽃장식/부케 설치납품,미분류
임실 굴삭기 수리부속 구매,9종
교육재료(복사용지 등 56종) 구매,미분류
노트패드 등 64종,미분류
복사용지 750box 구매,미분류
시멘트 등 94종 구매,4종
상용 샌드박스 서버(HW) 구매,2종
국방정보보호 교육지원물품 구매,미분류
국방정보보호 부교재(도서) 구매,10종
"입시홍보물품(3색 볼펜) 7,000개 구매",10종
고속절단기 등 5종,미분류
배관용탄소강광등105품목구매(16-400호),미분류
컴포트 그립장갑 등 93종,미분류
"지뢰보호의, 보호헬멧 제조구매",5종
미확인 지뢰지대 통제간판 제조구매,5종
화면전시체계 보강사업 설치납품,미분류
"복사용지 1,670박스",미분류
안전모 등 33종,미분류
토너 등 56종,2종
전투지휘훈련 브리핑장비 설치 납품(긴급공고),미분류
16-본-공-5 관급자재(화강석) 제조,미분류
LED작업등 등 4종,4종
밸브 등 4종,4종
'16-평-군 관사 보일러 구매설치,미분류
친환경 합성목재(데크제)외 1종 구매납품,4종
"조경석 현무암부정형판석(6,708개)구매납품",미분류
스텐 옥외보안등 외 11종 구매,미분류
국방군사시설 건축바닥면적 기준 개정 연구용역,미분류
LED투광등 340조 구매,4종
00부대 간부숙소 신축 관급자재 콘크리트파일 제조,4종
인쇄재료 16종 구매,미분류
00부대 간부숙소 신축 관급자재 콘크리트파일 제조,4종
원격교육 체계구축 사업 통합리스,미분류
17년 국군복지단 체육시설 배상책임보험,4종
오수처리시설 위탁관리 용역(경북 경산등 5곳),미분류
'17년 전투21모델 장비 정비용역,미분류
국군대전병원 환자급식보조원 용역,미분류
고속고무보트 제조 납품,미분류
인쇄재료 16종 구매,미분류
예복 허리휘장 등 27종 구매,미분류
강릉 및 원주지역 부대 T-11 표준 파렛트 구매,미분류
춘천 및 인제지역 부대 T-11 표준파렛트 구매,미분류
특수하역장비(하버크레인 케이블릴모터) 정비용역,미분류
원형톱 1개,미분류
전시관 내부 안내판 제작 및 설치,미분류
16-해-격납고 크레인 제조 설치,미분류
산업용 장갑 등 30종 구매,미분류
디지털 포렌식 대용량 스토리지 서버 구매,2종
00함 No.1 공기조화기 압축기 모터 정비,미분류
강습대대 발진기지 토목자재구입,4종
5공병 중형굴삭기 크레샤 수리부속 구매,9종
00부대 관사 신축사업 승강기 제조설치,미분류
전산운영용품구매(6),2종
17년 통합전산장비 유지보수 용역,미분류
17년 정보화장비 통합 유지보수 용역,미분류
17년 전산장비 유지보수 용역,미분류
고무보트 2종 제조납품,미분류
00부대 후반기 전산운영용품 구매(2),2종
육군사망자 장례지원서비스(후불제),미분류
상용 HET차량용 타이어 구매,9종
00지역 ATCIS SSD 장비 구매,미분류
장간조립교 목재 수리부속 제조납품,9종
17-OO지역 승강기 관리용역,미분류
PP 제본표지 등 61종,미분류
니퍼 등 56종,미분류
노트패드 등 35종,미분류
메모보드판 등 104종,미분류
복사용지 등 3종 구매,미분류
야채참치통조림 등 3종 구매,미분류
오늘의해병대 코너 제작/설치,미분류
야채참치통조림 등 3종 구매,미분류
빔프로젝터 구매,미분류
생도견장(남/1학년) 등 26종 제조(구매),미분류
"센서,촉각반응용 등 5종",미분류
어린이집 교구교재(놀이방 매트 등 172종) 구매,미분류
"어린이집 교재교구 구매(공용,3,4세용/195종)",미분류
16년도 4분기 도서(국내서) 구매,10종
아파트 홈오토 설치,미분류
패킹재료 등 2항목 제조(궤도),미분류
의약품(243차) 구매,8종
의약품(239차) 구매,8종
00부대 심정모터펌프 교체 자재구매,미분류
아파트 태양광 발전장치 제조설치,미분류
어린이집 도서(241종) 구매,10종
통신센터 관급자재-전열교환기 제조.구매 (설치포함),미분류
7162부대 동 케이블 자재구매,4종
00부대 간부숙소 합성수지제창 제조설치,미분류
수도병원 의무비품(3차) 6종 구매,미분류
FRP 소화기함 제조(2),2종
17년 공군 기록관리시스템 유지보수 용역,미분류
차기다련장 2차사업 조명기구 제조,4종
16년 원격정비지원체계 구축사업 등 4건 리스,미분류
00부대 관사 신축사업 통합배선반 제조설치,미분류
00부대 관사 신축사업 합성수지제창호 제조,4종
17년 통합보안관제체계 유지보수 용역,미분류
인쇄재료 23종 구매,미분류
항공전력 도입을 고려한 효율적 운용방안 연구용역,미분류
17년 차량정비용 수리부속(타이어/밧데리) 구매,9종
17년 차량정비용 수리부속(버스/트럭) 구매,9종
17년 차량정비용 수리부속(승용차)(현대)구매,9종
`16년 정보자원 증설사업(구매),미분류
00지역 성재산 모노레일 보수 설치납품,4종
00지역(연천) 송풍기 구매,미분류
창고 중량물 저장대 제조 설치납품,미분류
지뢰방호차량 소모품 구매,5종
16-10차 전산운영용품 구매,2종
방사선 측정기 등 0종 구매,7종
00대대 노후감시장비 교체 설치납품,7종
화장대 등 5품목 구매,미분류
어린이집 교재교구 구매(0~2세용/189종),미분류
공병장비 크라샤 구매,미분류
TMO이동도서관 도서 구매,10종
코팅기 등 33종,미분류
작업용 장갑 등 8 종,미분류
당구대 4EA,미분류
멀티크리너 등 47종,미분류
항-16-077 생화학분석기 기약 등 31종,미분류
OO부대 인조잔디 설치 납품,미분류
총기이동식 거치대 32EA,미분류
4/4분기 도서 구매,10종
00부대 동원훈련장 온수보일러 제조설치 납품,미분류
00부대 동원훈련장 온수저장탱크 제조설치납품,미분류
00부대 녹음용 전화기 구매,2종
의무장비 운영소모품 32종 구매(16-32차),8종
문서보존상자 등 77종,미분류
의약품 및 임상병리 시약구매(11월),8종
복사용지 등 78종,미분류
양면 풀테이프 등 55종,미분류
아파트 디자인울타리 제조설치,미분류
중형굴삭기 반자동 크러셔 설치납품,미분류
시그마 매트 등 18종,미분류
00부대 울타리 철조망 자재납품,4종
엔진 양수기 등 2종,9종
17-OO지역 감시장비(CCTV)시스템 유지보수용역,미분류
"센서,촉각반응용 등 5종",미분류
핸드파렛트 트럭 등 3종,미분류
면장갑 등 5종,미분류
배터리 등 6종 구매,9종
전기연장선 등 60종 구매,미분류
'16년 00망 정보보호체계 구매 설치,미분류
COM시스템 유지보수 용역,미분류
사열대 등 6종 구매 제조,미분류
일반의약품 105종 구매,8종
매립콘센트 등 63종 구매,미분류
재경학습관 전자제품 구매설치,미분류
광망 제설용 송풍기 구매,미분류
접적대대 지휘통제실 화면전시체계 보강사업,미분류
어린이집 전자제품 구매(청소기 등 33종),미분류
OO부대 GOP 난방시설 설치납품 등 6건,4종
00부대 보온대 구매,미분류
00부대 동계 물품 구매,미분류
16-9차 전산운영용품 구매,2종
정보체계용품 SSD 구매,미분류
전산운영용품 구매,2종
(16-189) ㄱ앵글 등 24품목,미분류
제설용 송풍기 구매,미분류
00지역(연천) 롤테이너 등 5종 구매,미분류
17년 영업배상보험 및 캐디근재보험,미분류
(16-183) 노면표지용도로 등 15품목,미분류
시설자재(럭비장 차양대 등 8건) 구매,4종
반조봉 등 5종 구매,미분류
고속고무보트 7인승 제조,미분류
"리드선 조립체, 전기용 100EA 구매",미분류
상패보관함 2EA 구매,미분류
문서보존상자 등 98종,미분류
복사용지 등 111종,미분류
복사용지 등 11종 구매,미분류
칸막이 진열장 등 2종 제작 납품,미분류
일반의약품 141종 구매,8종
기지방송망 장비 외주정비,미분류
3KW 발전기 등 3품목 구매(16-283호),미분류
영내 설치용 태양광가로등 구매,미분류
ATCIS 전산용품 구매(244개),2종
철판 등 9종,미분류
벙커레이크 등 6종,미분류
차양망 등 12종,미분류
UTP케이블 등 13종 구매,4종
적외선 IP카메라 등 4종,미분류
LCD전용카피홀더 등 75품목(16-376호),미분류
축전지등 25품목(16-300호),2종
제설용 송풍기 구매,미분류
GPS 전파교란 탐지시스템 보안장치 구매사업,미분류
NVR(16CH) 등 6품목(16-364호),미분류
복사용지 84품목(16-388),미분류
황봉투 등 32품목(16-394호),미분류
복사용지 등 48품목(16-373호),미분류
파렛트 구매,미분류
어린이집 주방용품 구매(수저통 등 88종),미분류
장식장 등 2종 구매,미분류
밥솥 등 2종 구매,미분류
기록물분쇄압축기 유지보수 용역,미분류
합판 등 군수비품 5종 구매,4종
화이트보드 등 154종,미분류
바운더리 마이크 등 39품목 구매,미분류
복사용지 등 141품목 구매,미분류
16-4차 전산운영용품 구매,2종
산업용UPS배터리 등 84품목(16-360호),9종
스테플러 등 112품목 (16-282호),미분류
국내 도서 구매(7차),10종
DC11C6550/Toner Black 등 11품목 구매(16-357호),미분류
도서(나를 바꾸는 심리학의 지혜 등 28품목)(16-293),10종
PLOTTER Paper 등 8종(16-358호),미분류
SFTP 케이블 구매(16-387호),4종
UTP 케이블 구매(16-383호),4종
전자레인지 등 5품목(16-375호),미분류
동케이블 등 3종 구매계약,4종
재투자 정보통신운영용품 구매(16종),미분류
넥게이터 등 5종,미분류
근속 30주년 기념휘장 등 5종 제조,미분류
재단기 등 2종,미분류
전기온수기,미분류
"조달-방-16-67,70 컨테이너",2종
항공과학고교 학생용 침구류 6품목 구매,2종
SSD장비 구매,미분류
통합작전 통신센터 관급자재-통합배선 제조 설치,미분류
통합작전 통신센터 관급자재-AV설비 제조 설치,미분류
정보체계운영용품 2차 구매,미분류
통합배선반 제조 설치,미분류
가구류(침대 등 30종) 제조,2종
비디오월(DID) 구축사업,미분류
통신센터 관급자재-냉난방기 제조/구매(설치포함),미분류
통신센터 관급자재-태양광발전장치 제조 설치,미분류
연료탱크샌더 등 185종,3종
더블에이 복사지등 46품목(근-16-188),미분류
손수레 차체 등 2종 구매,미분류
00부대 난방보일러 설치납품,미분류
반코팅 장갑 구매,미분류
제설용 송풍기 구매,미분류
형광등 등 57종,미분류
전동꺼꾸리,미분류
거점 유선시설 보강을 위한 동케이블 구매,4종
볼펜심 등 54종,미분류
멀티텝 등 85종,미분류
무선마우스 등 47종,미분류
해병1사단 포병 전지훈련 장비 육로용역수송,미분류
"도서 ""제3인류"" 등 276종",10종
전기튀김기 등 6종 구매,미분류
제본용 스테플 등 109종,미분류
클립온 멀티펜 등 56종,미분류
신병노트 등 3품목 구매,미분류
방향전환밸브 등 8종,4종
타이어 등 70종 구매,9종
"바,금속제 등 15종",미분류
방향전환밸브 등 8종,4종
스텐파이프 등 14종,4종
오일 씰 인넷 등 279종,미분류
전력지원체계OMS/MP및RAM분석/LSA적용방안연구,10종
00학교 생도피복(운동화류) 구매,2종
"46,영산강소초 GOP 병영생활관",미분류
무기체계 내장형SW 관리장비 구매,미분류
청소기 등 00 종 구매,미분류
조달(수리)요구서(16-871)[정통]광 점퍼코드 등 48종,미분류
16-동-감시카메라(CCTV) 제조 설치,7종
물류창고 저장랙 제조설치,미분류
전동지게차(5대) 구매,미분류
00부대 이글루 탄약고 제습기 제조설치(4),미분류
인쇄용지(모조지백색)구매,미분류
충전 함마드릴 등 4종,미분류
17년 국외항공특송 용역,미분류
사령부 종교시설 브리핑장비 구매,미분류
'17년 국방컨벤션 소모품 구매(연간 단가계약),미분류
'17년 세탁용역(연간 단가계약),미분류
'17년 대기배출시설 소모품 구매(연간 단가계약),4종
성당 신축 AV방송설비 제조설치,미분류
16년 취사식당 냉난방기 설치납품,미분류
00소초 풋살경기장 인조잔디 제조설치납품,미분류
131사업(2차) 소방감리 용역,미분류
131사업(2차) 석면해체 감리 용역,미분류
69톤 트렉타 구매,미분류
시멘트 등 3종,4종
VGA Extender 등 64종,미분류
가스버너 등 24종 구매,3종
TV 등 51종 구매,미분류
해안소초 독서카페 내부구성품 구매,미분류
신교대대 방송통신장비 설치납품,미분류
00병원 의무비품(옷장 등 9종) 제조,미분류
횡성역 유류공급시설 수배전반 제조 설치,미분류
횡성역 유류공급시설 CCTV 카메라 제조 설치,7종
횡성역 유류공급시설 물탱크 제조 설치,미분류
17년 전산장비 통합유지보수 용역,미분류
16년 ICT기반 교실 구축사업 리스,미분류
수첩케이스 제작/구매,미분류
냉장고 등 9종,미분류
신호탄화약 2박스 등 12종,5종
2016년 병리재료 42종 구매,미분류
2016년 치과재료 54종 구매,미분류
2016년 내향성발톱 교정재료 구매,미분류
2016년 의료재료 88종 구매,미분류
「17년 대한민국 국군 공익광고」 제작 용역,미분류
미확인 지뢰지대 통제용 안내간판 및 지뢰표지판 구매,5종
7162부대 전술도로 가림막 자재구매,미분류
로타리 스위치 등 27종,미분류
열선 등 33종 구매,미분류
코팅기 등 2종 구매,미분류
EPSON 카트리지 등 38종,미분류
흡착포 등 10종,미분류
싱크대 제조 설치,미분류
"박판,금속제 등 15종",미분류
면장갑 등 39종,미분류
디지털 인쇄재료 15종,미분류
식자재 000종 구매(단가계약),미분류
영내 주요케이블 보강공사 자재구매,4종
이동형 음원장비 소모품 5종 구매,미분류
어린이집 도서 구매(유아도서 711종),10종
"클락 스프링 등 27항목 구매(해파, 기장)",미분류
16-8차 정보체계예산 구매,미분류
토너 및 전산운영용품 구입,2종
16-14차 부대조달(상병건강검진시약) 구매,미분류
장관조립교 수리부속 구매(2016-2023),9종
'17년 승강기 관리 용역,미분류
"16-24차 의료기재, 일반의무장비 운영소모품 부대구매",8종
'17년 음식물폐기물 처리 용역,미분류
장비운영소모품(96차) 구매,미분류
차세대 학습관리 시스템 도입사업 리스,미분류
00지역 감시용 CCTV제조설치,7종
00학교이전 비품 구매설치,미분류
샤워기호스 등 837종,미분류
안전화 등 132종,미분류
의료용 냉장고(응급 콜 시스템 구성품) 구매,미분류
17년 사업장(생활쓰레기)일반폐기물 처리 용역,미분류
17년 청소 및 위생용품 구매,미분류
파병물자(상용무전기 등 00종) 구매,2종
파병부대 운동화 구매,미분류
방한장갑 구매,미분류
UV프린터 등 7종 구매,2종
포토용지 등 72종 구매,미분류
원형 접착 보드롱 등 58종,미분류
제트스트림 볼펜 등 126종,미분류
중형굴삭기 부수기재(고정식크라샤) 구매,미분류
전산운영용품(랜선) 구매(16-통신-13),2종
리무버 등 219종,미분류
의료기재 등 26종,미분류
등기구 등 13종 구매,미분류
훈련장 피해복구 물품 16종 구매,미분류
차광막 등 99종 구매,미분류
정수위밸브 등 17종 구매,4종
믹서기 등 9종 구매,미분류
청소기 등 6종 구매,미분류
16-292 콤보벤치 등 21종,미분류
족구화 등 14항목 구매(물자),미분류
미확인 지뢰지대 통제간판 제조·설치 납품,5종
"위임150,169차 자재납품",미분류
탄약고 화재 기호판 구매,미분류
00대대 지휘통제실 화면전시체계 보강 설치납품,미분류
노트북용 SSD 등 15종 구매,2종
방탄복 구매,미분류
강선용 압착뺀치 등 59종,미분류
16년 후반기 전산용품 구매,2종
비디오 코덱 등 34종 구매,미분류
점보롤화장지 등 15종,미분류
사각 테이블 10개,미분류
베트남전투사발간,미분류
베트남전투사발간,미분류
볼펜 등 78종 구매,미분류
전자드럼 등 832종 구매,미분류
재생골재 등 97종 구매,4종
16-해-격납고 주파수변환기 구매,미분류
DOWN CONVERTER 등 5종 구매,미분류
대변기스퍼트 등 77종 구매,미분류
그린용깃발 등 11종 구매,2종
골뱅이통조림 600CN 구매,미분류
생수 등 15종 구매,미분류
멸균딸기우유 등 3종 구매,1종
지지목 등 40종 구매,미분류
라리암 등 2종(예방약품),미분류
의약품(네리소나연고 등 37종) 구매,8종
16년 후반기 전산운영용품 추가 구매,2종
냉난방기 설치납품(68대),미분류
00부대 등 12개소 보일러 설치납품,미분류
경계용 가스고무탄총,3종
디지털 매니폴드 게이지 등 62종 구매,미분류
"4분기 건강검진 시약류, 치과재료류 구매",미분류
누적페인트 제거용 파쇄날 구매,4종
중형굴삭기 크라샤 구매(16-220),미분류
김치절단기 구매,1종
4분기 정보체계운영예산 구매,미분류
국군교도소 침대생산자재 구매(4차_부수소모자재),미분류
지휘통제실 화면전시체계 보강장비 구매설치,미분류
어린이집 교재교구비품 구매,미분류
의약품 51종 구매(16-18차),8종
Y자형 꽂이 등 355품목,미분류
OO지역 IP전화통신망 구축사업(리스물건),미분류
의약품(218차) 구매,8종
거점 유선시설 보강을 위한 동케이블 구매,4종
취사장 주방용 소화기 구매,2종
국방망 네트워크접근제어체계 교체사업 리스,미분류
해안경계 통합시스템 구축사업 리스,미분류
000부대 전산장비 유지보수 용역,미분류
전산운영용품 8종 구매,2종
재생토너 등 7종,2종
디지털 카메라 시스템 1SET,미분류
공구걸이대 등 2종,9종
전산운영용품(3차) 구매,2종
전산운영용품 구매(4차) 계약,2종
1톤 포터 타이어 등 4종,9종
EPSON 잉크 등 41종,2종
펀치 등 41종,미분류
무전기 등 6품목 구매,2종
전자순찰시계 등 3종 구매,미분류
데스크 미니 청소기 등 70종,미분류
항-16-075 황사마스크 KF80,미분류
시설대대 도로표지용 도료(백색)(16-311),4종
톤마대 구매,미분류
16년 26차 부대구매 의료기재,미분류
트로잔배터리 30개,9종
복사용지 등 11종,미분류
위성관제대대 앰프시스템 구매사업,미분류
부대조달 의료기재 구매 10차,미분류
통신시설 케이블 보강자재 구매,4종
00부대개편사업 조명기구 제조납품,4종
00부대 급수펌프 교체설치,미분류
(16-417)전산운영용품(잉크외 53품목),2종
펀치 등 115종 구매,미분류
군차량 적재함 방수포 제조납품,7종
이동용 무선 수신기 등 10종,미분류
물류관리라벨 등 512종,미분류
HDD복사기 등 12종 구매 설치,미분류
CCTV영상 녹화용 DVR 구매,7종
전세버스 임차계약,미분류
탁구대 등 7종 구매,미분류
충전드릴 등 16종,미분류
냉난방기 등 4종,미분류
전산운영(비디오월) 물품 구매,2종
신교대 취사식당 신축 관통형냉장고 제조 설치납품,미분류
동케이블 등 25종,4종
00부대개편사업 관급자재(크레인) 설치납품,미분류
파이프머신,4종
비디오서버 등 3종,2종
"00함 No.1,2 양묘기 정비",미분류
16-275 재생토너 등 16종,2종
화면전시체계 보강 사업(16-213),미분류
P200T5KY(노랑) 등 15항목 제조(물자),미분류
장비운영소모품(91차) 구매,미분류
의무비품(5차) 구매,미분류
의무비품(4차) 구매,미분류
체육관/강당 방송시설 음향장비 설치납품(정정),미분류
2825부대 토양오염 정화검증 용역,미분류
동지구 공동구역 청소용역,미분류
(16-172) 각파이프 등 19품목,4종
부대의약품 33종 구매,8종
실내체력단련장 체육기자재 구매,미분류
의약품(219차) 구매,8종
의약품(215차) 구매,8종
의약품(213차) 구매,8종
의약품(212차) 구매,8종
의료기재(75차) 구매,미분류
의무비품(3차) 구매 부대계약,미분류
플루드 라이트 세트 구매,미분류
5공병 121대대 생활관 온수보일러 설치납품,미분류
스틸그레이팅 제조 구매,미분류
과학수사 감정장비 구매(수욕조 등 4건),미분류
8759부대 등 2개소 자재구매,미분류
국방정보통신망 유지보수 용역,미분류
16-동-ㅇㅇ항 휀더 제조 납품,미분류
16년 상황전시체계 개선사업,미분류
'17년 육로화물 수송용역,미분류
디지털인쇄재료 23종 구매,미분류
전선 등 108품목,4종
배구부 운동용품(배구공 등 7품목),미분류
종목별 운동용품 구매(핸드볼 등 3개부서),미분류
정압게이지 등 7종 설치납품,미분류
16-2차 정기도서구매,10종
CLT-K508L(검정) 등 62항목 구매(물자),미분류
시설자재(레미탈 외 100종)구매,4종
철수세미 등 41종 구매,미분류
방풍비닐 등 14종,미분류
섹션 펜꽃이 등 309종,미분류
컬러정부화일 등 278종 구매,미분류
전기온풍기 등 3종 구매,미분류
광케이블 등 12종,4종
4/4분기 정보화 물품 구매,미분류
스테플러 등 150종,미분류
디지털 온습도계 등 62종,미분류
가로방비 세트 등 123종,미분류
16년 4분기 전산운영용품 구매,2종
ATCIS 상용하드웨어 구매(145개),미분류
냉난방기 구매 설치(연평도 납품),미분류
전산운영용품 00종 구매,2종
흑색잉크 외 18종 (16-136),2종
열화상카메라 등 3종 구매,미분류
그레이트스파이더체인 2종 구매,미분류
병영도서 182종 구매,10종
갈퀴 등 9종 구매,미분류
16년 25차 부대구매 의료기재,미분류
16년 24차 부대구매 의약품,8종
유성펜 등 301종 구매,미분류
드릴날세트 등 46종 구매,미분류
멀티USB케이블 등 100품목 구매,4종
치과용 근관충전기 1개,미분류
신호용 호각 등 4종,미분류
00부대  20톤 회전식 크라샤 구매,미분류
유류시험 기자재 구매,미분류
폼업 등 118종 구매,미분류
UTP케이블 등 180종 구매,4종
탐조등 5EA,미분류
"베어링, 슬리브형",9종
00함 함안정 조타기 정비,미분류
16-싱크대 철거 및 제조/설치,미분류
OO CBT 하드웨어 및 SW 구매/설치,미분류
16-439 시설자재(황동나사식 볼배브 등 101종) 구매,4종
5마이크로필터 등 20품목,9종
16년 화면전시체계 개선 자재 설치납품,미분류
장간조립교 자재 제조납품(2),미분류
전산운영용품 구매(5),2종
00부대 이글루 탄약고 제습기 제조설치(5),미분류
기계공작 및 용접장비(밀링머신 등 6종) 구매,미분류
전원보호 장치(UPS) 제조 납품,미분류
00학교이전 가구 제조설치,2종
'16-3차 전산운영용품 구매,2종
'17년 육군 체력단련장 전산시스템 유지보수 용역,미분류
‘16년 후반기 전장관리체계 운영용품구매,미분류
00부대 장간조립교 자재 제조납품,미분류
복지정보체계 장비교체사업 리스,미분류
'17년 계룡대 업무용 차량 임차용역,미분류
E-737 항공기 도킹시스템 제조,7종
000사업 출입통제시스템 제조 설치,미분류
표준파렛트 구매,미분류
전동지게차 등 5종 구매,미분류
16-8차 전산운영용품 구매,2종
2016년 전기도서 구매,10종
UPS용 축전지 구매설치,2종
16-261 환풍기 등 133종,미분류
섬유유연제 등 4종 구매,미분류
눈삽 등 2종 구매,미분류
00지역 탄약고 경계 CCTV 설치납품,미분류
트위스트 등 33종 구매,미분류
켄트 샥클 등 32종 구매,미분류
가습기 40EA 구매,미분류
장간조립교 목재부품 제조설치,4종
컨테이너 제조 구매,2종
서보모터 등 5종,미분류
"전동펌프, 유압식 등 1종",미분류
16-해-물류창고 승강기 제조 설치,미분류
마사토 등 2종,미분류
탄력스타킹 등 43종(의료기재),미분류
데타손 연고 0.25% 등 38종(의약품),8종
ALT/GPT 등 58종(의무장비시약),8종
시내관로 케이블 등 10종 구매,4종
표창장 내.외지 제조(구매),미분류
뉴젤 청정기 등 2종,미분류
형광램프 외 36종 구매,미분류
001연대 탄약고 경계시설cctv 제조 설치납품,4종
탄약고용 컨테이너 제조설치납품,미분류
차기전자전장비 부품(구매),7종
특수수사장비세트 구매,미분류
실내체력단련장 비품 구매,미분류
00부대 무인레이더 장비 구매 설치,7종
빅데이터  악성코드  백업시스템 체계 구축,미분류
00부대 상황전시장비 교체사업,미분류
17~18년 국군복지단 정보통신 통합유지보수사업,4종
위성운영국 위성장비 유지보수 용역,미분류
상용타이어 등 60품목,9종
NVR 등 68품목,미분류
매립형 XLR 커넥터 등 111종,미분류
17년 복지시설 소모품 구매(연간 단가계약),4종
2017년 임상병리 소모품 구매(연간 단가계약),미분류
특수무기(신궁 교전모의기) 외주정비 용역,미분류
강릉지역 창고시설 중량선반 제조납품설치,4종
인제지역 창고시설 중량선반 제조납품설치,4종
춘천지역 창고시설 중량선반 제조납품설치,4종
원주지역 창고시설 중량선반 제조납품설치,4종
FILTER PAPER 등 29품목,미분류
의약품 32종,8종
북스탠드 등 104종,미분류
레자크봉투 등 100종,미분류
스테플러 등 77종,미분류
"탁상용 달력(1,000부) 구매",미분류
고속절단기 등 6종 구매,미분류
8구 멀티렌치 등 444종 구매,미분류
상용정보통신 보관함 제조/구매,미분류
16-해-지원시설 CCTV 제조 설치,4종
16-해-지원시설 방송설비 제조 설치,4종
16-해-지원시설 통합배선 제조 설치,4종
복사용지 등 269종 구매,미분류
상판접이식테이블 등 1145종,미분류
ESH100-12 등 13종 구매,미분류
아이볼트 등 66종,9종
배수용 수중펌프 등 27종,미분류
배터리 등 171종,9종
거상형 휠체어 등 17종,미분류
CCTV광링크 등 5종,7종
방탄판 구매,미분류
조경용 고형비료 등 20종 구매,미분류
광견병 백신 등 8품목,8종
케토코나졸 등 79품목,미분류
항-16-071 약품수납장A 등 26종,미분류
램프 등 71종,미분류
자분탐상용전자석 등 11품목,미분류
팬모타 등 81품목,미분류
일체형바벨세트 등 16품목,미분류
니콜스타트 등 22품목,미분류
장비운영소모품(90차) 구매,미분류
4분기 전산운영용품 구매,2종
00부대 네트워크 장비 구매설치,2종
16-7차 정보체계 물품 구매,미분류
CPR 교육용 인형 등 5종,미분류
00부대 이글루 탄약고 제습기 제조설치(3),미분류
00부대 이글루 탄약고 제습기 제조설치(2),미분류
00부대 창설사업 AV방송설비 제조설치,미분류
정보체계 백업시스템 구축,미분류
16-해-비상소화펌프(250GPM) 5EA 구매,미분류
교육용 회전익 비행체 및 부수기재 구매,미분류
과학화 경계시스템 노후부품 교체 설치,9종
다목적 경계지원차량(굴절고소차) 구매,7종
00부대 이전사업 합성수지창호 제조설치,4종
00부대 이전사업 합성수지도어 제조설치,미분류
00학교 생도피복(운동복) 제조 납품,2종
CPR 교육용 인형 등 5종,미분류
에어캡 완충제 등 55종,미분류
승차식 제초기 등 13종,미분류
Filter Paper 등 70종,미분류
의료기재(금연구역 표지판 등 85종)구매,10종
17년 음식물쓰레기 처리 용역,미분류
GNSS 측량장비 구매,미분류
지뢰제거작전용 방탄조끼 등 9종 구매,5종
독서카페 설치 자재 구매,미분류
아파트 보일러 구매 / 설치,미분류
메티스 엠 질소충전기 구매,3종
"내부 공기청정기 등 10항목 구매(해파, 기장)",미분류
맥그립 줄자 등 81품목,미분류
SSO Agent(TouchEn Wiseaccess)  SW 1개,미분류
현황판 등 15종 구매 설치,미분류
홀캇타 등 16종 구매,미분류
통신대대 주둔지 케이블 자재 구매,4종
샴푸 등 39종 구매,미분류
`16년 냉동기 세관 및 분해정비 용역(16-1),미분류
안내표지판 등 25종,미분류
널빤지 등 6품목 구매,미분류
2센터 냉동기 세관 및 분해정비 용역,미분류
2센터 공조 덕트 청소 용역,미분류
메티오졸린등6품목 구매,미분류
랜턴 등 90품목 구매,미분류
이발가운 구매,미분류
PC본체 구매,2종
점보롤화장지 등 121종 구매,미분류
배구부 운동용품(테이프 등),미분류
직할A 통합생활관 보일러 제조설치납품,미분류
"조16-방관사-96,98 Foot형 음성송신 스위치",미분류
스포츠타울 등 9품목 구매,미분류
번호식 도어락 구매 설치(연평도 납품),미분류
차량용 방수포(호루) 등 196품목 구매,7종
스미스머신 등 14품목 구매,미분류
봉합재 키트,미분류
의약품(가네카 등 99종)구매,8종
출입통제기 등 5종 구매,미분류
접이식 캐노피 천막 등 132종 구매,2종
안전마루(수심조절기) 38개 구매,미분류
운동용가방 등 5종 제조(구매),미분류
조깅화 등 2종 제조(구매),미분류
백단화(남) 등 3종 제조(구매),미분류
베벨 피니언 1종,미분류
PC본체 및 모니터 구매납품(설치도),2종
00지역 가스보일러 철거 및 설치납품 (70세대),3종
디지털 인쇄장비 구매 및 설치,미분류
상근단 가압장 컨트롤 밸브 교체 설치납품,4종
16-3차 전산운영소모품 구매,2종
OO부대 전산장비(PC) 구매,2종
00부대 전산운영용품 구매,2종
영내 케이블 공사 자재 구매,4종
정통대대 토너(검은색) 등 44종(16-336),2종
00부대 11.5톤 상용트럭 타이어 구매,9종
00부대 11.5톤 방수포 구매,4종
00부대 등 13개소 표준파렛트 구매,미분류
00부대 대형전시체계보강 물품구매,미분류
16-2차 대구지역 폐목재 처리용역,미분류
빔 프로젝트 램프 등 8종 구매,미분류
영외관사 인터폰 구매 설치,미분류
시설 유지보수 자재 구매,4종
20톤 반자동 회전식 크라샤 구매,미분류
전산 소모품 구매,2종
00부대 동관삽입형 알루미늄 방열기 구매,미분류
00부대 의약품 및 의료기재 부대구매,8종
음향/영상장비 유지보수 용역,미분류
00실험용 노트북 세트 구매,2종
16년 CBT교실 구축사업(리스물건),미분류
후가공 3종 제작/구매,미분류
이동식 럭비골대 설치납품,미분류
통작업복 등 14종,미분류
지우개 등 60종,미분류
배드민턴 지주대 3SET,미분류
면장갑 등 877종,미분류
실내체력단련장 비품 구매,미분류
(16-398)군공항사용분담금(할로겐 램프),미분류
오일 펌프 1종,미분류
수기 등 25종,미분류
베이스기타 앰프 외 11종 구매 설치,10종
"스웨이징 슬리브,와이어로프용 등 7종",미분류
납덩이 등 2종,미분류
코란도 타이어 등 13종,9종
지붕난열판넬 등 3종,미분류
전기주전자 등 19종,미분류
정보화 통신시설 자재 구매,4종
"15차 부대구매 의약품 구매(의료기재, 한방약품 등)",8종
블랙박스 등 2종 구매,미분류
원목식탁의자 140EA,2종
16-267 무선수신기 등 4종,미분류
360도 장거리 스피커등 6종 설치 납품,미분류
가로등 램프 등 3종,미분류
저장매체소거장비 1개,미분류
16-목-45인승 버스임차 용역(5),미분류
바인더 등 247종 구매,미분류
흑백 레이저토너 등 75종,2종
비닐봉투 등 56종,미분류
복사용지 등 67종,미분류
샤프 등 321종 구매,미분류
16-화물선 임차,미분류
버스[25인승] 1대 임차 용역,미분류
버스[28인승] 3대 임차 용역,미분류
의약품등(트리티코정 등 123종) 구매,8종
수중청소기 설치납품,미분류
플러스펜 등 322종,미분류
부직포가방 등 2종,미분류
군용레포트화일 등 181품목 구매,미분류
백나사 캡 등 163종,미분류
3D 커브가위 등 48종,미분류
도서(딥러닝제대로시작하기) 등 88종,10종
'16-9차 전산운영용품 집행계획 협조,2종
특전조끼 등 2품목 구매,미분류
금촌어린이집 가전비품 구매(17종),미분류
코팅기 등 18품목 구매,미분류
중형굴삭기 부수기재(크랴샤) 구매,미분류
사격장 바닥(4개소) 시설유지 완충패드 구매,4종
군수처 표준파렛트 물품 구매,미분류
보조배터리 등 94품목,9종
대형임팩거치대 등 5품목 구매,미분류
배터리등 13품목,9종
디지털케비넷 등 2품목 구매,미분류
공구함 등 81품목 구매,9종
17년 간부 업무용 수첩제작,미분류
케이블 보강 통신자재 구매,4종
4/4분기 전산운영용품 구매,2종
중형굴삭기 장착부품(크러셔) 구매,9종
축구공 등 45종,미분류
16-6차 전산용품 구매,2종
16-평-00호텔 비데/정수기 임차 용역,미분류
잉크 등 93종,2종
실린더 라이너 등 62종,미분류
실린더 라이너 등 62종,미분류
필터엘리먼트 등 46종,9종
스파이더직접회로 등 39항목 구매(물품),미분류
중원/은성회관 식자재(가다랑어포등462종) 구매,미분류
조달-방-16-64 안전경고문 표지판,미분류
4분기 교육장비 구매,미분류
3/4분기 전산운영용품 구매,2종
"창, 관찰용 등 8항목 구매(궤도)",미분류
신교대대 백호강당 냉난방기 설치납품,미분류
체육기자재 구매,미분류
의약품 1종 구매,8종
교도소 침대 생산자재(철재류) 제조납품 3차,미분류
사철둥근양장 제작/구매,미분류
의약품 1종 구매,8종
00지역(연천) 병영도서 구매(2차),10종
컨테이너 등 0종 임차,2종
"인젝터, 연료용 등 2항목 구매(궤도)",3종
함정 상가대 체인잭 유압유 탱크 및 배관 소제 용역,미분류
케이블 타이 등 40종,4종
코너철 등 46종,미분류
건전지 등 79종 구매,2종
부스터펌프 설치납품,미분류
앰범 등 113종,미분류
원격단말기 구매(16-299호),미분류
16-3차 동명부대 재보급물자 해상수송용역,미분류
와이퍼올 와이퍼 등 31종 구매,미분류
생활하수탱크압력형 전송기 등 3종 구매,미분류
컷터날 등 65종,미분류
물티슈 등 126품목 구매,미분류
압축기(FX5) 1종,미분류
"밸브,조절용,유압식 1종",4종
취사장 에어컨 구매(자산취득비),미분류
GOP 철책하단 균열보수 및 2개소 자재구매(2),4종
GOP 철책하단 균열보수 및 2개소 자재구매(1),4종
포스트잇노트 등 40종,미분류
함정 상가대 체인잭 유압유 탱크 및 배관 소제 용역,미분류
함정 상가대 체인잭 유압유 탱크 및 배관 소제 용역,미분류
16-4차 정보화 운영재료 구매,미분류
인쇄장비(입력편집기등 5종)구매,미분류
16-호이스크레인 제조/설치,미분류
3/4분기 전산운영예산(토너 등 22종),2종
인쇄용지 2종 구매,미분류
00지역 4/4분기 전산용품 구매(추가),2종
인쇄용 고무롤러 피복 및 베어링 교체 용역,미분류
특수훈련시스템 교체사업 구매설치 리스,미분류
0000시스템 교체 리스,미분류
00부대 통신장비용 UPS 구매설치,미분류
00부대 대형전시체계 구매설치,미분류
00지역 음향/영상장비 연동구매설치 사업,미분류
00부대 이그루탄약고 제습기 제조설치,미분류
'17년 경남 외 지역 하역용역,미분류
'17년 경남지역 하역용역,미분류
'17년 교환기 유지보수 용역,미분류
ICBM 기반 통합 시설물관리체계 구축 개념 연구용역,미분류
고속절단기 등 10품목,미분류
블랙박스 등 17종 구매,미분류
유실지뢰제거 굴삭기 방탄탑(보강)자재 설치 납품,5종
잠수함(SS-II) 군위성 통신장비 전원분배단 정비,미분류
합참 청사 화장실 자동음향기기 구매 설치,10종
지진 공중음파 감시시스템 구축사업,미분류
전산운영용품(웹캠 등 pc용품 5종) 구매,2종
케이엠시프겔 등 94종 구매,미분류
냉장고 등 7종 구매,미분류
CO2 WIRE 등 16종 구매,미분류
작전용 장갑 등 14종 구매,미분류
방탄헬멧 구매,2종
하이드로콜로이드 밴드 등 37종(의료기재),미분류
염화칼륨 주 3% 등 78종(의약품),8종
B50-FreeCL 등 40종(의무장비시약),8종
해군 군악대 창설 70주년 기념음악회 대행 용역,미분류
탄약정비용 전자스텐실기 등 7종 구매,미분류
윤형철조망 등 3종 구매,4종
HDMI 매트릭스 등 4종 설치납품,미분류
저고도탐지레이더 증폭기구매,7종
정통대대 화상카메라 등 16종(16-328),미분류
CCTV 영상 저장매체 구매,7종
00부대 관급자재(조명기구) 제조 설치,4종
사무비품 정비재료 52종 구매,미분류
16-1차 프린터 도입사업 등 2건 통합리스,2종
16-작-감시카메라(CCTV) 제조 설치,7종
레이더 시험세트(스펙트럼 분석기 등 4종) 구매,7종
두미르쇼핑타운 LED 옥외간판 제조(제작 및 설치),4종
창원쇼핑타운 LED 옥외간판 제조(제작 및 설치),4종
의료기재(정맥주사 실습 팔 모형 등 2종),미분류
화이트보드 지우개 등 137종,미분류
"오븐, 실험실용(건조기)",미분류
연구소 화생방연구활동 재료비 초자 구매,10종
16년 상용무전기(H/T) 구매사업,2종
17년 의약품 구매(연간 단가계약),8종
아파트 싱크대 제조 설치납품,미분류
'16년 군수부대 창고 중량물 저장대(팔레트랙),미분류
의료기재소모품(Curettes 외 142종)구매,미분류
포스트잇 등 565종 구매,미분류
스덴장닛블(32A) 외 69종 (16-124),미분류
접착필름 등 33종 구매,미분류
도서(2045 미래사회 인터넷 등 211종) 구매,10종
정전기 방지 장갑 등 8종 구매,미분류
기어풀러 등 470종 구매,미분류
굴삭기 부품(크라샤) 구매,9종
16-동 건물 외벽 청소용역,미분류
스카치 매직테이프 등 74종,미분류
복사용지 등 456종,미분류
153볼펜 등 217종,미분류
인쇄용지 7종 구매,미분류
보일러 등 88종,미분류
SSD 등 11종,미분류
아령정리대 등 9종,미분류
구리양극봉 등 6종,미분류
153볼펜 등 217종,미분류
16-목-함정 수밀개폐구 교체 외주정비,미분류
판석 등 3종 구매,미분류
베어링도금기 1AY,9종
상륙돌격장갑차 유지부품,7종
x 선관 튜브 1 항목 구매(물품),미분류
00지역 민간 무인 경비업체 위탁 관리 용역,미분류
00학교 교과서(진단적 검사와 간호 등7종) 구매,10종
합판 구매,4종
여과기 부품 등 20항목 구매(기장),9종
00전차대대 병영식당 냉난방기 설치납품,7종
00대대 임시숙영시설 냉난방기 설치납품,4종
사단 냉난방기 설치납품,미분류
간부숙소 가전제품 2종 구매,미분류
공병장비 능력 보강을 위한 부수기재 구매의뢰,미분류
복사지 등 177종 구매,미분류
생도피복(가방류) 제조납품,2종
식탁 등 2종 제조설치,미분류
체력단련장 전동카트(9대) 구매,미분류
YRP중학교 높이조절 책상 구매,2종
열영상 감시 CCTV 영상공유 변환장비 구매사업,7종
16-1차 모니터 도입사업 등 2건 통합리스,2종
체력진단시스템(윗몸일으키기측정기 등 4종) 구매,7종
'16년 후반기 상용 SW 추가 구매,미분류
물자 정비재료 43종 구매,미분류
전파환경 측정장비 유지보수 용역,미분류
16-공-울템용 3D프린터 1EA 구매 설치,2종
MW EMS 유지보수 용역,미분류
의약품(캐롤에프정 등 41종)구매,8종
의료기재(electrode Na 등 18종)구매,미분류
워킹 만보계 등 40종,미분류
테이블 등 7종,미분류
무선망 통합장치(콤바이너) 제조 및 설치,미분류
1891부대 부대조달 회의용테이블 구매,미분류
1891부대 부대조달 의료기재 구매,미분류
1891부대 부대조달 구매 (공구류),9종
00지역 화면체계 보강 설치납품,미분류
2017년 육군 안전캘린더 후가공,미분류
바코드라벨 등 3종 구매,미분류
봉투(대) 등 2항목 구매(물자),미분류
16-9차 전산용품 구매,2종
수정테이프 등 148종 구매,미분류
프레임 그래버 3EA 구매,미분류
"푸시 로드,엔진 포핏 밸브용 등 14종",4종
재생토너 29EA 구매,2종
왕벚나무 등 4종 구매,미분류
전기 히터 1종,미분류
16년 훈련용 소모품 세트 구매사업,미분류
16-시설자재 114종 구매,4종
블루패널 1EA 구매,미분류
차량 수리부속(스크류머신 등 30종) 구매,9종
복사용지 등 17종,미분류
안전모 등 23종,미분류
전선릴 등 193종,4종
청면테이프 등 79종 구매,미분류
사각삽 등 10품목 구매,미분류
자대제작 교보재 구매,미분류
재투자 동원훈련장 비품 구매,미분류
대테러 흑복 야전상의 등 4종 구매,미분류
교육장 의자 구매,2종
00부대 전자칠판 구매,미분류
전화기 등 2종,2종
결재판 등 86품목,미분류
난방 및 급수시설 보수장비 설치납품,미분류
훈련병 개인지급품 3종 구매,미분류
의무장비 운영소모품 21종 구매(16-29차),8종
판금망치 등 166종,미분류
군용 리포트 화일 등 65종,미분류
양지다이어리 등 37종,미분류
방수용 식탁보 등 2종,4종
무인경계시스템 카메라 설치납품,미분류
벤치프레스 등 10종,미분류
모닝 타이어 등 28종,9종
다이아프램 등 8종,미분류
장교동행사복 등 19종,미분류
의약품(노스판 패취 외 23종) 구매,8종
00중대 및 00진지 경게용 CCTV 설치납품,7종
00연대 본부 및 00대대 탄약고 CCTV 설치납품,미분류
무인경계시스템 카메라 설치납품,미분류
통신용 축전지 설치납품,2종
파병티셔츠 등 30종,미분류
중원/은성회관 육류(오리고기등51종) 구매,미분류
상용SW(SPSS) 구매,미분류
16년 병영도서관 도서 구매,10종
강의지원시스템 유지보수,4종
00부대 직할부대 안전휀스 설치납품(3개소),미분류
회전노즐 등 146종 구매,미분류
17년도 생도피복(학년장류 등) 구매,2종
4분기 교육재료 구매,미분류
00부대 홍보전시관 물품 구매 / 설치,미분류
00부대 훈련준비 물품 구매,미분류
17년도 생도피복(일용품류) 구매,2종
17년도 생도피복(생도셔츠류) 구매,2종
17년 생도피복(동계잠옷류) 구매,2종
생도 교육비품 정비재료 구매,미분류
회로카드시험기 등 1종 구매,미분류
온도센서 등 167종 구매,미분류
유압필터 등 31종 구매,9종
폐수 COD농도측정기 설치납품,7종
00부대 ESCO 에너지 진단 용역,미분류
"병영도서(59종 1,179권) 구매",10종
1101공병단 혼합골재구매,4종
연말재투자 중형재투자 부품(크라샤) 계약의뢰,9종
차기다련장 2차 시설공사 방송설비 제조 설치납품,4종
16-3차 복지기금(자산성비품) 가구 구매,2종
노트북용 SSD 구매,2종
17-18년 정보통신장비 통합 유지보수 용역,미분류
무선망 콘솔 외주정비 및 예비품 구매,미분류
무선 계측기 구매,9종
군어린이집 교재교구 구매,미분류
16-3차 복지기금(자산성비품) 운동기구 구매,2종
16-3차 복지기금(자산성비품) 가구 구매,2종
컷팅안전 방안자 등 155종,미분류
16년 병영도서관 신간 도서 구매,10종
스탠딩 책상 제조 구매,2종
무전극 안정기 외 3종 (16-123),미분류
후반기 2차 전산운영용품 구매,2종
배터리 등 2종,9종
16-P-05 전세버스 임차 용역,미분류
실린더 해드 가스켓 등 32종 구매(연평도 납품),3종
화이트보드 등 138종,미분류
사무용품(에코 더블 레바화일 외 92종) 구매,2종
16년 통신용 축전지 구매,2종
방안자 등 418종 구매,미분류
가위 등 76종 구매,미분류
안테나케이블 등 243종 구매,4종
멤브레인필터 구매,9종
냉각수펌프(다단볼류트 모터펌프(60HP)) 제조설치,미분류
복사용지 등93품목,미분류
복사용지 등 303종,미분류
`16-00학교 의무요람 인쇄/출판 용역,미분류
"의약품 및 의무장비 소모품 구매(15차,16차,17차)",8종
야자매트 등 8종 구매(연평도),미분류
"밸브,진공 파괴용 등 4종",4종
건전지 등 207종 구매(연평도 납품),2종
에어프레스건 등 26종 구매,미분류
복사용지 등 90품목 구매,미분류
급수시설 보수 자재 구매,4종
방송장비 설치 납품,미분류
볼펜 등 133종,미분류
핸드토키 등 3종 구매,미분류
팩스 및 복사기 토너 구매,2종
강관(백관)외 106종 구매,미분류
인덱스 탭 등 52종,미분류
이동형 GPS 중계기 구매,미분류
접착식 PP비닐봉투 등 31종,미분류
생도모집 홍보품(포스트잇) 제조 납품,미분류
생도모집 홍보기념품(3종) 구매,10종
공중사격용 표적지 제조납품,미분류
`16-6-시스템 냉난방기 청소용역,미분류
야간감시장비 등 2종 구매,7종
임시숙영시설 운반 및 상하차용역,미분류
무정전전원공급기 설치납품,미분류
00부대 후반기 전산운영용품 구매(2),2종
16-덕-6차 전산운영용품 구매,2종
16-본-공-3 객실관리 시스템 제조설치,미분류
특화임무 장비 및 물자(드론세트 등 6종) 구매,7종
재난구조 보호물자(공기호흡기세트 등 3종) 구매,미분류
16-본-공-3 합성수지제문 제조설치,미분류
인쇄용지 3종 구매,미분류
B1/사령부 교환기 교체사업(가구),2종
스피드게이트 등 0종 설치납품,미분류
2016 국방정보화 컨퍼런스 개최 용역,미분류
정비재료(천막지퍼 등 133종) 구매,미분류
기동단 압력계 500HP 외주정비 용역,미분류
레자원단 구매,미분류
데크브러쉬 등 18종 구매,미분류
육류다지기 등 3종 구매,미분류
염화칼슘 225포 구매,미분류
동시통역수신기 등 2종,미분류
자동전압조정기(A.V.R) 등 2종,미분류
Y자 주주 등 34종,미분류
자석고리 등 90종,미분류
레벨 스위치 등 17종,미분류
수면계 가스켓 등 30종,3종
건전지 등 23종,2종
고발포 동축 케이블 등 14종,4종
신문걸이 등 349종 구매,미분류
복사용지 등 51종,미분류
셔터형자물쇠 등 4종 구매,미분류
방충망 구매,미분류
클램프 등 3종 구매,미분류
전산소모품 구매(토너 등),2종
출장 뷔페(430인) 용역,미분류
고무가스켓 등 17종 구매,3종
카메라(CCTV)등 2품목 구매/설치,7종
체력단련장 코스관리장비 구매,미분류
'17년 전반기 예비군 안보교육 영상교재 제작 용역,미분류
00지역 취사식당 비품 구매,미분류
티그용접기 등 1종 구매,미분류
17년 생도피복(체육복류) 구매,2종
통신장비용 축전지 6종 구매설치,2종
00지역  광 단국장비 제조설치,미분류
00지역 교환기 항온항습기 제조 설치(리스물건),미분류
16-본-국-02 00병원 전력및조명자동제어 제조설치,미분류
16-본-국-02 00병원 자동제어 제조설치,미분류
안전보호용품(안전모 등 15종) 구매,미분류
대형 디지털 프린터 등 2종 구매설치,2종
비행협조소 무인화 구축사업,미분류
후가공 6종 제작/구매,미분류
00부대 침대생산자재 제조납품(목재류_3차),4종
국방통합 온라인 공개강좌(M-MOOC) 설계 방안 연구,10종
16-2차 디지털 인쇄재료 구매,미분류
독서카페 설치 자재 구매,미분류
(16-318)항공장구[고공낙하산(PD)],7종
16-식기세척기 임차 용역,미분류
랜턴 등 23종,미분류
현문사다리 커버 등 10종,미분류
작전장갑 등 4종,미분류
EOD 킷 등 7종,미분류
쿨토시 등 10종,미분류
건전지 등 62종,2종
냉난방기 등 4종 구매,미분류
결재판 등 501종 구매,미분류
충전임팩렌치 등 6종 구매,미분류
종이컵 등 126종 구매,미분류
복사용지 등 263품목 구매,미분류
크리미빵 등 6종,미분류
개스킷 등 4종,미분류
의료시약(LDH 외 49종),미분류
중형 굴삭기 크라샤 구매,미분류
정비단 크레인 부품 설치납품(16-소-재-5),9종
USB 출입통제체계 구축 사업,미분류
중학교 울타리 CCTV시스템 보강,7종
자동화 사격장비 제조 설치납품,미분류
궤도단 제청도장기 외주정비 용역,미분류
겐트리크레인 방수옥외등 등 8종 구매,4종
제청도장기 방폭등 등 35종 구매,미분류
"P200T5KY(노랑,슈퍼재생) 등 5항목 제조(물자)",미분류
의무비품(3차) 레일형 커튼 설치,미분류
수술기구(20차) 구매,미분류
의약품(208차) 구매,8종
의약품(207차) 구매,8종
차량형 전파환경측정 장비 구매,7종
16-진-자전거거치대 14EA 제조설치,미분류
인쇄재료13종 구매,미분류
IP 전화기 및 키폰 전화기 구매,2종
교환 중계장비 노후 교체,미분류
16년 취사기구 구매사업,2종
농구부 운동용품 구매(농구화 등 9품목),미분류
H지역 셔터 설치납품,미분류
후반기 예비군지휘관 근무복 제조구매,미분류
전동 견인차(TONGUE LIFT TRAC) 1종 2점 구매,미분류
만종리 동원훈련장 비품 구매(2차),미분류
빨래비누 등 51종 구매,미분류
이동식 온풍기 등 2종 구매,미분류
16-3차 의약품 구매,8종
엔진브로워 등 2종 구매,9종
종이페이퍼 등 175종,미분류
노트패드 등 196종,미분류
무선프리젠터 등 103종,미분류
버프(멀티캠) 등 8종 구매,미분류
등반로프 등 7종 구매,미분류
무열대 체력단련장 물탱크 및 모터펌프 교체,미분류
무릅보호대 등 2종 구매,미분류
전기렌지 2EA 구매 설치,미분류
토너 등 104종,2종
리무버 등 812종 구매,미분류
대형거울 1EA 구매,미분류
탁구대 2EA,미분류
광 슬리브 등 108종,미분류
발신자표시 전화기 등 26품목 구매,2종
축구공 등 680종 구매,미분류
시계드라이버 세트 등 344종 구매,미분류
표면오염도검사기 3EA,미분류
합판 외 90종 구매,4종
항-16-069 자동면역분석기 시약 등 37종,미분류
TTC-95K 집적회로 등 54항목 구매(물품),미분류
무전기세트 코일등47종구매,2종
생도숙영비품(세탁물보관함) 구매,10종
4/4분기 교육예산(문서세단기),미분류
압축공기시스템 등 1종 구매,미분류
호스등40종구매,미분류
화학탐지장비(K-CAM2)세트 수리부속(일반),9종
취사식당 신축 자산취득비 구매 의뢰,미분류
시험대(항공기발전기용)외주정비,미분류
마이크로필름 재료구매(COM촬영필름등 9종),미분류
16-잠수함 전투복 제조 납품,7종
16년 공군 LAN장비 교체사업 리스,미분류
16-진-가스용 폴리에틸렌관 등 25종 구매,3종
00학교 이전사업 관급자재(디자인휀스) 제조설치,미분류
자운대 UPS 교체사업,미분류
인쇄재료 6종 구매,미분류
쉴드케이블 등 233종,4종
공구함 스텐레스형 등 517종,9종
방독마스크 등 381종,미분류
인버터 알곤용접기 등 156종,미분류
안보교육관 의자 구매설치,2종
동시통역기 구매,미분류
"물자 정비재료(사무비품, 냉장고) 구매",미분류
"물자 정비재료(피복, 개인장구) 구매",미분류
브레이드(영관용) 1항목 구매(물자),미분류
장갑류 5품목 구매,미분류
"항-16-059,062,066 질량분석기 소모품 등 72종",미분류
동계취사복 제조,미분류
16-3차 폐기물 처리용역,미분류
스케일억제제 등 105종 구매,미분류
대용량 제습기 등 2종,미분류
중형굴삭기용 20톤 회전식 크라샤 구매,미분류
스테플러 등 597종 구매,미분류
에어크리너 등 22종 구매,미분류
강압기 등 24종 구매,미분류
탄약 추진기관 처리기술 사업 원가 재정산 용역,미분류
후반기 전산운영용품 구매,2종
시설/조경용역 기계경비 자재구매(7차),미분류
복합기 등 5종,미분류
크리스탈 다용도 테이프 등 182종 구매,미분류
의약품 마데카솔연고 등 108종,8종
세면주머니 제조 / 구매,미분류
부품보관함 등 17종,9종
안정기 등 35종 구매,미분류
"일반지게차 11,000LBS 구매",미분류
세루모다 등 237품목 구매,미분류
부품보관함 등 17종,9종
안정기 등 35종 구매,미분류
제빙기 등 2종 구매,미분류
수정테이프 등 243종 구매,미분류
복사용지 등 273종 구매,미분류
00부대 GOP 난방시설 설치납품 등 7건,4종
17년 생도피복(훈련용가방류) 구매,2종
16년 물탱크 청소 용역,미분류
백본스위치 / NMS 구매,미분류
16년 후반기 사진재료(인화지) 2종 구매,미분류
홍천 동원훈련장 비품구매(산업용세탁기 등 7종),10종
전동식 지게차 구매(조달-259),미분류
타이어 등 9종구매(조달-271),9종
인터컴세트 제조설치 구매(조달16-261),미분류
4/4분기 전산운영용품 구매,2종
전산부수장비 구매,2종
전령문서낭 등 3종,미분류
방탄헬멧 등 4품목 구매,2종
정전기패드 등 2종 구매,미분류
유압액 등 3종 구매,미분류
00학교 교육장비(프롬프터 등 2종) 구매,미분류
패용증 등 24품목 구매,미분류
LED 조명 등 4종(16-278),4종
개별스위치 멀티콘센트 등 135종,미분류
수동랩핑기 등 3종 구매,미분류
격투봉 등 3품목 구매,미분류
의무실 4/4분기 의약품 구매,8종
예초기 등 5품목 구매,미분류
천정 빨래 건조대 등 2종(16-277),미분류
"모듈,정류기용 1종",미분류
양극 1종,미분류
파워헤드어셈블러 1종,미분류
개스킷 및 시일 세트 등 9종,미분류
복사용지 등 78종,미분류
수정테이프 등 167종,미분류
멀티 기자수첩 등 35종,미분류
정악대금 등 7종,미분류
중형굴삭기 크라샤 구매,미분류
물티슈 등 17품목 구매,미분류
상황판 등 10종,미분류
접이식 바둑판 등 3종,미분류
흑백레이저프린터 토너 등 36종 구매,2종
국내 도서 구매(6차),10종
'16-학습지원과 화이트보드 칠판 시트지 교체,미분류
16-6차 병 건강검진 시약비 구매,미분류
청소기 등 4종(연평도),미분류
하이브리드키폰(세트) 구매,미분류
종이 쇼핑백(소) 등 2종,미분류
2016-186호 (자산) 인사 아령정리대 등,미분류
합지노트 등 21종,미분류
00부대 UPS 축전지 설치납품 등 3건,2종
16-목-후반기 물탱크 청소용역,미분류
물티슈  등 444종,미분류
주소용라벨 등 252종 구매,미분류
16-00창 물탱크 청소 용역(후반기),미분류
폐수처리장 산화조 중계펌프 및 연못 청소 용역,미분류
예비군훈련용 귀마개(200조) 구매,미분류
보일러 제조설치,미분류
'16-전세버스(42인승) 2대 임차 용역,미분류
00부대 어린이집 비품 구매(코팅기 등 330항목),미분류
00지역 4/4분기 전산용품 구매,2종
16년 4/4분기 병영훈련용품 구매,미분류
16년 학군후보생 행군용 실습재료 구매,미분류
4/4분기 교육용품 구매,미분류
스캐너 등 170품목,미분류
스캐너 등 170품목,미분류
2017년 수첩케이스 제작 구매,미분류
전산장비·용품 구매,2종
2017년 육군 달력 후가공 및 배송,미분류
"항-16-058, 063 나졸액 등 95품목",미분류
토너(C9600N) 등 45종 구매,2종
접이식 의자  등 6종,2종
전자식체중계 등 6종 구매,미분류
"빔프로젝터 램프, 필터 구매 설치",9종
재생토너 등 4종 구매,2종
벽거울 등 33종 구매,미분류
후반기 물탱크청소용역,미분류
열쇠보관함 40P 등 20종,미분류
부대 의약품 및 의료기재 등 구매,8종
"컴퓨터세트,디지털형 1종",2종
제한 스위치 등 2종,미분류
16-목-45인승 버스임차 용역(4),미분류
일체형복합기 등 9종 구매,미분류
회색페인트 등 13종 구매,4종
"개조키트,선박 금구류 및 선체품목용 등 14종",미분류
헌병휘장 등 4종 구매,미분류
에어크리너 등 14종,미분류
HIV전선 등 35 등 636종,4종
줄자 등 116종 구매,미분류
'16-진-침구류(매트리스) 세척 및 소독 용역,미분류
"펌프,연료 분사기용 1종",3종
16-평-함정 상가대 정비 폐기물처리용역,미분류
수목(자산홍 등 7종) 구매(재),미분류
제침기 등 78종,미분류
전기배선 등 14종 구매(연평도),미분류
0소초 노후 보일러 보수 자재구매,4종
함정 화장실/세면장 바닥 정비,미분류
전달장치 등 2종,미분류
전동토크렌치 등 9종,미분류
사이버지식정보방 프린터 토너 구매,2종
코티드샌드구매,미분류
튜브등28종구매,미분류
인서트팁등272종구매,미분류
등명구부품류,9종
00-000 연동 개선 사업,미분류
16-해-반면형 면체 등 89종 구매,미분류
군악기 구매,미분류
미8군 병영시설 전기오븐렌지 구매 설치,4종
일반의약품 100종 구매,8종
창조21모델 11차 장비구매 설치사업 리스,미분류
00병원 의무비품(책상 등 33종) 제조설치,2종
카고 연료유 펌프 제조,3종
의료기재(후두경세트 등 10종)구매,미분류
의료기재(약품 계량컵 등 57종)구매,미분류
통합감시장비 보강 사업,7종
국군고양병원 풋살경기장 인조잔디 설치납품,미분류
CLT-K508L(검정) 등 20항목 구매(물자),미분류
이지넷 유비쿼터스 등 4항목 구매(물자),미분류
전운대대 발전기100kw(16-285),미분류
특수보호의,미분류
상무대 풋살장 인조잔디 설치납품(4개소),미분류
플라스틱박스 제조,미분류
볼수거기 등 2품목,미분류
마그네트론 구매,미분류
16-평-00단련장 발전기 임차 용역(2대),미분류
전동토크렌치 등 9종,미분류
전달장치 등 2종,미분류
발전기 30kw 제조 설치,미분류
등산화 등 9종,미분류
주방용 세제 등 4종 구매,2종
대형 선풍기 등 00종 구매,미분류
육군 비행복(디지털무늬),미분류
00지역  UPS 교체,미분류
16-2차 상용SW 구매사업,미분류
16-2차 영구보존기록물 DB화 사업(정리사업),미분류
권총보관함,7종
무청시래기(생무청) 등 2종,미분류
무청시래기(생무청) 등 2종,미분류
무선망 통합장치 구매 및 설치,미분류
자주포 정비고 크레인 제조설치,미분류
공구함 등 00종 구매,9종
3사 생도피복,2종
육사 생도피복,2종
냉방기(에어컨)00대 구매설치,미분류
블랙박스 등 2종 구매,미분류
이중규격봉투 등 80종,미분류
엔진오일필터 등 43종 구매,3종
의료기재 등 118종,미분류
복사용지 등 158품목,미분류
전산운영용품(빔프로젝트 램프) 구매,2종
소형냉장고 177대 구매,미분류
젤 마우스 패드 등 222종 구매,미분류
함정 취사장 바닥 정비,미분류
HACCP형 취사장 관통형 냉동(장)실 제조설치,미분류
HACCP형 취사장 스탠드형 에어컨 구매 및 설치,미분류
HACCP형 취사장 취사기구 세탁기 구매,2종
어린이집 냉난방기 구매 설치,미분류
지속적피동운동기 1항목 구매(물품),미분류
공기압축기 세트 구매,미분류
무기진공 포장팩 제조/구매,미분류
생산단 궤도자동화 CCR 외주정비 용역,미분류
오리콘 고정기등8종구매,미분류
발칸캠구매,미분류
총포단 컨테이너 샌드 장비 외주정비 용역,미분류
궤도단 K9우력변환기 시험장비 외주정비 용역,미분류
천마 베어링등7종구매,9종
하론가스구매,3종
연료 공급 펌프 등 8종,3종
16년 2차 소방설비점검 용역,미분류
"223,224-타이어등21종",9종
의료기재(66차) 구매,미분류
수술기구(18차) 구매,미분류
의약품(200차) 구매,8종
의약품(199차) 구매,8종
의약품(198차) 구매,8종
의약품(197차) 구매,8종
"16년 병영도서관 도서 구매(1,694권)",10종
"루프, 끈 조임용 등 6종 구매",미분류
사이버지식정보방 프린터 토너 등14종 구매,2종
콘텐츠 제작 장비 구매,미분류
17년 생도피복(신발류) 구매,2종
17년 생도피복(운동복류) 제조납품,2종
포장용테이프 등 415종,미분류
빈트소켓 자석형 등 250종 구매,미분류
000사업 정보통신체계 구축,미분류
자운대 교환기 교체사업(항온항습기),미분류
2016 대군 신뢰도 설문조사 용역,미분류
직장어린이집 비품 및 소모품 구매,미분류
물류통제과 이동식 냉난방기 등 2종 구매,미분류
토너카트리지 등 0종 구매,2종
`16년 덕트 청소 용역(16-1),미분류
코팅장갑 등 172종,미분류
세탁소 대형 스팀건조기 설치 납품,10종
강화도어 손잡이 등 78종 구매,미분류
공마대 등 29종 구매,미분류
복사기 토너/드럼 16종 구매,2종
스텐밧트 6종 구매,미분류
폐수처리시설 여과재 교체 용역,미분류
풀꽃도 꽃이다 등 309종 도서구매,10종
토너 등 55종,2종
버스(45인승) 3대 임차 용역,미분류
핸디패드 등 237종 구매,미분류
도서(등뼈 실학) 등 94종,10종
믹서기 등 2종 구매,미분류
필터 등 10종,9종
수중펌프 등 5종,미분류
서바이벌 비상용 담요 등 32종,미분류
포토용지 등 636종,미분류
16-덕-5차 전산운영용품 구매,2종
터치락 줄자 등 426종 구매,미분류
베루말액 등 156종 구매,미분류
Beaker 등 107종(의무장비시약),8종
AED Pad 등 77종(의료기재),미분류
스타브론정 등 62종(의약품),8종
비상소화펌프 60GPM,미분류
조종사용 선글라스(개선3-1형),미분류
현행 경계작전 시설물 보강공사 자재 구매,4종
000검증시스템 성능개선 설치납품,미분류
000검증시스템 성능개선 설치납품,미분류
탄약고 화재기호판 구매납품,미분류
(육성) 통합구매 16-2차(PMS무전기 등 2종 구매 설치),2종
제5326부대 독수리회관 농수산물 납품업체 계약,미분류
1891부대등 12개부대 소방시설등 자체점검,4종
차량용 블랙박스 구매설치,7종
정보체계운영용품 구매,미분류
지휘정보체계(오디오장비 등 4종) 구매 납품,미분류
16년 ICT기반 교실 구축사업(리스물건),미분류
LM가이드 등 18종,미분류
자동제어(로보틱스) 실습장비 제조(구매),미분류
"튜브조립체세트, 금속제 등 4종",미분류
00학교 교육비품(인명구조 마네킹 등 4종) 구매,미분류
(조달)3훈비 트랙터 1품목(16-4-262)구매,미분류
00부대 방열기교체 사급자재 구매,미분류
사물함 등 4종,미분류
목시딜 액 등 75종,미분류
의약품 (아타칸등 141품목) 구매,8종
복사용지 등 43종,미분류
금전출납부 등 202종,미분류
16-P-토양정밀조사 용역,미분류
오픈형 서류함 등 118종,미분류
방탄복 등 2품목 구매,미분류
각대봉투 등 190품목 구매,미분류
실전격투술 보호장구 구매,미분류
복지회관 식당 비품구매(반찬냉장고 등 17종),1종
토양오염 검사 용역(유류고 및 사격장),미분류
관급자재(진공보일러) 제조,미분류
굴삭기 버켓 ASSY 1EA 구매,미분류
디지털카메라 1대 구매,미분류
찬밧드 냉장고 4대 구매,미분류
금촌어린이집 교수자료 및 아동도서 구매(22종),10종
화재진압장비 구매,미분류
중거리카메라 부품구매,9종
금촌어린이집 가전비품 구매(17종),미분류
악기비품(지휘자용 보면대 외 8종) 구매,미분류
레포트화일 등 182종,미분류
국자 등 7종 구매,미분류
소프트 그립가위 등 75종,미분류
바인더 노트 등 45종,미분류
샤프 등 62종,미분류
노트 패드 등 75종,미분류
16-소방 작동기능점검 용역,미분류
화물투하낭 등 2품목 구매,미분류
씰교환키트 등 2종,미분류
화물투하낭 등 2품목 구매,미분류
백업링 등 68종,미분류
씰교환키트 등 2종,미분류
간극판 등 295종,미분류
의약품(알보칠액 등 53종)구매,8종
16-평 00호텔 간판 제조 설치,미분류
전산운영용품 000종 구매,2종
17년 생도피복(수영복류) 구매,2종
17년도 생도피복(예식용품류) 구매,2종
LED 무빙 라이트 구매,4종
군견(비작전견) 사료 구매,미분류
"(16-135, 136) 일반타이어 등 31품목",9종
00부대 실습용 싱크대 설치납품,미분류
화랑사격장 이동식 화장실 설치 용역,미분류
차량용 블랙박스 설치납품,7종
BTL 임시숙영시설(컨테이너) 운반 용역,미분류
풋살경기장 바닥재 구매설치(3),미분류
16-P-전력제어시스템 설비 제조 설치,미분류
16년 후반기 브리핑장비 도입사업(리스물건),미분류
14-본-육-07 00대대 이전사업 통합배선 제조 설치,미분류
소방시설 정밀검사 용역,미분류
직장어린이집 가구 제조설치,2종
17년 생도피복(동계방한파카)구매,2종
'17년 생도피복(신발류) 구매,2종
야간조류감시용 외주정비,미분류
공기정화기 등 6종 구매,미분류
멀티 광 점퍼코드 등 181종,미분류
플라스틱링 등 444종,미분류
고압세척기 등 2종,미분류
수동변속기 어셈블리 등 5종,9종
도서(채식주의자) 등 948종,2종
3ch블랙박스 12개 구매설치,미분류
디지털콘텐츠(전자책 글로벌 코드 등 109종) 구매,미분류
포스트 잇 등 190종 구매,미분류
케이블타이 등 545종,4종
"냉,난방기 1종",미분류
CNC 프로그램 및 입력기,미분류
오구멘틴정 등 41종 구매,미분류
(재투자) 군수처 탄약고 화재기호판(164개) 구매,미분류
시설 / 조경용역 기계경비 자재구매(6차),미분류
블랙박스 등 2종 납품 설치,미분류
복사용지 등 69종,미분류
잔반압축기(16-286),미분류
황사마스크 등 4품목 구매,미분류
페인트건 등 8품목 구매,4종
등반용 로프 등 2종,미분류
조16-방관사-78 군수과 음식물 감량기(5EA),미분류
연질 CD케이스 등 46종,미분류
00부대 발간장비 운영용품 구매,미분류
슬라이드 각도 절단기 등 28종 구매,미분류
특수피복(장구류) 헌병마크 등 65종 구매,2종
스팀감압변 등 6종,미분류
슬라이드 각도 절단기 등 28종 구매,미분류
전략환경 변화에 따른 공군전투기 전력 구축방안 연구,10종
16년 후반기 통신운영용품 구매,미분류
무기진공 포장재료 구매,미분류
발칸 평판베어링등3종구매,9종
면장갑등139종구매,미분류
절단용글라인드등28종구매,미분류
피복아크용접봉등24종구매,2종
면봉등173종구매,미분류
수산화나트륨등47종구매,미분류
접착제등36종구매,미분류
알칼리세척제등12종구매,미분류
K10신형제독장치 부품,9종
CCTV POLE 제조설치,7종
헤드랜턴 등 2품목,미분류
공사영선물자(칼라각관 등 000종) 구매,미분류
특전사 고공헬멧 등 3항목 구매(물자),미분류
A4 복사용지 등 1197종,미분류
화이트보드 등 306종,미분류
다용도 만능 집게 등 385종,미분류
오피스 연필 등 152종,미분류
파워벨트 구매,미분류
고임목 등 2종 구매,미분류
각삽 등 7종 구매,미분류
레보카신 등 38종,미분류
이온음료 등 20종,1종
복사용지 등 131종 구매,미분류
피드백 포텐션미터 14SE,미분류
유압 모터 10SE,미분류
"회전 베어링,함수 추진기용 2SE",9종
철판원형가공기 1EA,미분류
궤도형 도자 구매,미분류
기동단 샤시압력계(종합시험기) 외주정비 용역,미분류
통신용 축전지 설치납품,2종
기어드모타 등 48종 구매,미분류
궤도단 포수전동손잡이 외주정비 용역,미분류
"헤드세트,음향용 등 6항목 구매(기장)",10종
00부대 차기다련장 관급자재(수배전반/분전반) 제조,4종
00부대 차기다련장 시설공사 관급자재(조명기구) 제조,4종
00사단 호이스트크레인 제조설치,미분류
의자 등 9종 제조 납품,2종
`17년 전산 장비 유지보수,2종
00사단 CCTV 제조설치,7종
16-남-B 제습기(건식) 제조 설치,미분류
체력단련장 코스관리자재(모래) 구매,4종
16년 체력단련장 장비 및 비품 구매,미분류
중앙처리장치 등 8종 구매,미분류
"나사,기계용 1항목 구매(특무)",미분류
도서구매(11개부대),10종
수동 주행용 상하차 컨베이어 벨트 신규제작,미분류
후반기 전산용품 구매,2종
낫 등 13종 구매,미분류
태극기 등 4종 제작,미분류
BTL 임시숙영시설 냉난방기 설치 납품,4종
OPP테이프 등 219종 구매,미분류
지우개 등 210종,미분류
의약품(레코스타) 등 100종,8종
체력단련장 골프카트 배터리 구매,9종
보안시스템 수발가방 112개,미분류
"호스,비금속제 26EA",미분류
AL벽걸이 구급함 등 348종,미분류
"알곤,공업용 등 5종",미분류
정비단 크레인 부품 설치납품(16-소-재-4),9종
워게임 모의체계 개선사업(리스물건),미분류
K계열 궤도장비 유압장치 부품류(구매),9종
16-조-70 발전기(150KW),미분류
무전기 회로카드조립체 4항목 제조(물품),2종
"렌치, 토크용 등 2항목 구매(물자)",미분류
후반기 물탱크 청소 용역,미분류
의약품(193차) 구매,8종
전동입식지게차 구매,미분류
직장어린이집 비품 구매,미분류
전령용 특장차량 제작 / 납품사업,7종
인터컴 세트(전관방송설비) 제조설치,미분류
고수방어진지 개선 발전기 제조설치,미분류
헌병피복(수사관외투 등 7종) 제조,2종
이동용 다목적 차량 구매,7종
'16년 음향/영상장비 보강사업,미분류
2016년 동원선박 임차 용역,미분류
테크트럭 등 659종,미분류
무전기 유지물품 구매,2종
의장대대 행사장구류 구매,미분류
1891부대 부대조달 철제사무용품 구매,2종
'16년 폐타이어 위탁수송,9종
일반물자(업소용 대형냉장고 등 00종) 구매,미분류
민군 및 민사물자(각재 등 00종) 구매,미분류
만종리 훈련장 사무비품 제조설치,미분류
군 차량용 블랙박스 구매,7종
일반낙하산 수리부속 구매,9종
스마트폰거치대 등 3종 구매,6종
16-238 스포츠쌕 등 4종,미분류
안전띠 등 92종,미분류
4분기 교육 비품 및 장비구매,미분류
작전용 방탄복 등 16종 구매,미분류
유리액자 등 664종 구매,4종
실버클립 등 374종 구매,미분류
DLP CUBE LAMP 등 2종 구매 설치,미분류
아반떼HD 엔진오일필터 등 89종 구매,3종
사물함 등 3품목 구매,미분류
의자등판 등 293품목 구매,2종
푸른마을 어린이집 교재교구 구매,미분류
4분기 교육 및 실습재료 구매,미분류
할로겐램프 등 109품목 구매,미분류
00학교 실습재료(정맥주사 인조피부 등 7종) 구매,미분류
(조달)3훈비 절단석 등 66품목(16-4-256) 구매,미분류
16-20차 의무물자 의약품 구매,8종
사포기 등 5품목 구매,미분류
독신숙소 냉장고 구매,미분류
메모리카드 등 12종 구매,미분류
00함 화물이송장치(RAS) 기어감속기 정비,미분류
만능 크리너 등 111종 구매,미분류
DVD(우는남자 등 123종) 구매,미분류
사이드 반복 등 26종,미분류
오일쿨러 등 3종,미분류
자동염기서열분석기 소모품 구매 설치,미분류
뮤테란 캅셀 등 208종,미분류
미역국 등 11품목 구매,미분류
사이드 반복 등 26종,미분류
오일쿨러 등 3종,미분류
16-00함 화장실/세면장 리모델링 정비,미분류
4/4분기 사무용도품 구매,미분류
이불커버 5종 제조(구매),미분류
"전지,축전식 92EA",2종
2016년 문서낭 등 0종 제조 구매,미분류
계룡스파텔 조명제어 시스템 설치 납품,미분류
울산급 Batch-III 탐색개발,미분류
전선 등 17종,4종
00학교 생도 수송용역(수도권 임상실습),미분류
궤도단 K1파워팩 시험장비 외주정비 용역,미분류
플로터용지 등 0종 구매,미분류
00부대 토양오염 정밀조사 용역,미분류
'16-6-후반기 물탱크 청소용역,미분류
교육비품 구매,미분류
'16년 과학수사시스템 기능개선,미분류
SDSL 구매,미분류
하드랙 케이스 등 19종,미분류
다목적 드릴 비트 세트 등 37종 구매,미분류
스미스 머신 등 13종 구매(연평도),미분류
수정펜 등 24종,미분류
조16-방관사-58 군수과 스펙트럼분석기,미분류
노트패드 등 437종 구매,미분류
국악기 구매(나발외 10종),미분류
블랙박스 및 가림막 구매,미분류
차리다련장 2차 시설공사 관급자재(CCTV),4종
차리다련장 2차 시설공사 관급자재(AV설비),4종
16-243 배개 등 2종,미분류
포장용테이프 등 86종,미분류
압력계 등 7종 구매,미분류
가위 등 24종,미분류
복사용지 등 128종,미분류
군수처 소화기 28대 구매,2종
프러스펜 등 35종,미분류
"볼펜수첩 10,000EA 구매",미분류
행사모외 7종 제조 납품,미분류
가죽장화 외 8종 제조 납품,미분류
00부대 경계작전 시설물보강 자재납품,4종
등채복외 7종 제조 납품,미분류
기류(태극기 정기외 26종) 제조 납품,미분류
레이저 조각기 1종,미분류
16-군항 준설토투기에 따른 하반기 해양환경영향조사,10종
보드마카 등 78종,미분류
사각휴지통 등 453품목 구매,2종
"팔꿈치, 무릎보호대 구매",미분류
배터리 16EA 구매,9종
00부대 지정폐기물처리 용역,미분류
00호정 크레인 MOMENT LIMITER 정비,미분류
토규렌치 등 11종,미분류
의약품 및 의료기재 25품목 구매,8종
사무용 의자 수선,2종
위생장화소독기 등 16종 구매,미분류
'16년 통신용 축전지 구매,2종
"28차 부대구매(의약품, 의료기재, 장비운영소모품)",8종
전산운용품 구매(16-3차),2종
'16-전세버스(45인승) 2대 임차 용역,미분류
의무비품(2차) 구매,미분류
부대 의약품 30종 구매,8종
00부대 경계용 CCTV 제조설치,7종
사이버 군기강 검색체계 구축사업,미분류
TOD 운용장비(6종) 구매,미분류
디지털 무전기용 계측기 구매,2종
일동병원 리모델링 관급자재 설치납품(급탕탱크),미분류
00부대 이전사업 관급자재(타일 4종) 설치납품,4종
16-9차 일반물자 소방기구(소방용방열복) 구매,미분류
대량전상자처치 훈련셋 구매,미분류
2016년 고단가 수술기구 8차 구매,미분류
16-2차 복지기금(가전제품) 구매,미분류
16-2차 복지기금(운동기구) 구매,2종
모터그레이더 구매,7종
고전 어떻게 읽을까 등 315종(도서),10종
복사용지 등 494종 구매,미분류
자운대 노후케이블 교체 실시 설계용역,미분류
물용안전변 등 17종 구매,미분류
복사용지 등 26품목,미분류
잉크 카트리지 등 366품목,2종
양손가위 등 294종,미분류
네비게이션 등 2종,미분류
복사용지 등 30종,미분류
(조달)3훈비 집초기 1품목(16-4-258) 구매,미분류
00부대 병영생활관 급수시설 설치납품 등 3건,4종
병영도서관 희망도서 구매,10종
병영도서관 도서 2차 구매,10종
전투실험사업추진 자산취득비(430-01) 2차 집행의뢰,미분류
(조달)3훈비 보일러 등 5품목(16-3-242) 구매,미분류
설비자재 구매(밸브 등 41건),4종
금촌어린이집 가전비품 구매(16종),미분류
금촌어린이집 유아용 교구비품 구매(94종),미분류
타이어 등 4종 구매,9종
재생토너 등 9종,2종
운동장용 소금 등 2종 구매,미분류
"처리장치,통신접속장치용",미분류
'16-평 00관사(아파트) 싱크대 제조 설치,미분류
"어린이집 폐쇄형배전반, 분전반 제조 설치",4종
어린이집 조명기구 제조 납품,4종
16-식기세척기 임차,미분류
일동병원 리모델링 관급자재 설치납품(목재창호),4종
무전기세트트랜지스터구매,2종
K200궤도보듸 금형 2종 구매,미분류
천마회로카드조립체등5종구매,미분류
"핀, 발사용 등 2항목 제조(궤도)",미분류
00부대 시설공사 관급자재(AV설비) 설치(1),4종
차기다련장 2차사업 CCTV 제조 설치,7종
`14-본-육-07  000대대 이전사업 조명기구 제조설치,4종
00부대 시설공사 관급자재(AV설비) 설치(3),4종
00부대 시설공사 관급자재(AV설비) 설치(2),4종
00부대 시설공사 관급자재(AV설비) 설치(1),4종
의료기재(후레쉬라인 덴탈 마스크 등 37종)구매,미분류
철직자 등 189종,미분류
의약품(글루코파지 정 등 87종)구매,8종
의료기재(SST TUBE 5ml 등 33종)구매,미분류
나일론비 등 206종,미분류
MT표준 시험편 JIS-A1 SET(직성형)등 4종,미분류
4분기 식품검사 재료 구매,미분류
광스위치 등 4종 구매,미분류
16-7차 전산운영용품 구매,2종
철재공구함 등 3항목  구매(물자),9종
특전사 특전헬멧용위장포 등 2항목 구매(물자),미분류
고속상황전파체계 서버 추가 구매,미분류
쓰레기봉투 등 213종 구매,미분류
메인보드 등 78종 구매,미분류
런닝머신 등 7종,미분류
4분기 전산운영용품 구매,2종
국가기능공 시험재료 131종 구매,미분류
방화셔터 등 36종 5063점,미분류
인쇄용지 4종 구매,미분류
방화셔터 등 36종 5063점,미분류
"하니스,호이스트 조립체 1종",미분류
MS-GRPS 수리부속 구매,9종
후반기 전산운영용품 구매,2종
조달-방-16-57 통신장비,미분류
특무단 대포병레이더 종합시험기 외주정비 용역,미분류
"도자엔진 오버홀세트 1항목 구매(기장, 해파)",9종
YRP 중학교 및 보육센터 가구 제조 설치,2종
디지털 인쇄재료 (2차) 구매,미분류
14-본-육-07 00대대 이전사업 전관방송/AV 제조 설치,미분류
실린더 조립체(공기식) 등 2종 구매,미분류
16년 공군 후반기 PC도입-일반(리스물건),2종
16년 공군 후반기 PC도입-중소(리스물건),2종
월력용아트지 제조구매,미분류
사철둥근양장 제작구매,미분류
CCTV카메라 등 2품목,7종
디지털 도어락 등 69종,미분류
OO부대 CCTV 정비 및 보수 보강,4종
소형 열화상카메라 구매,미분류
무관통신망 운용품비 구매계약,미분류
상병 건강검진 민간위탁 검진용역,미분류
K55A1 자주포 시설사업 스틸그레티팅 제조납품,4종
구내방송장치,미분류
방탄복 등 8종 구매,미분류
잉크카트리지 등 63종 구매,2종
차량 수리부속 주기성 품목 구매,9종
타이어(500R 12) 등 38종 구매,9종
도서(종의 기원 등 943종) 구매,10종
전기밥솥 등 6종 구매,미분류
공구함 등 15종 구매,9종
토너(LBP-6330K) 등 21종 구매,2종
자갈 등 24종,4종
코팅필름 등 380종 구매,미분류
TV 거치대 등 10종 구매,미분류
면양말 제조,미분류
RFID 자동움 알루미늄 body 등 11품목 구매,미분류
"전극,용접용 등 6종",미분류
00대대 대테러특수임무대 물자 구매(제조),미분류
전기온수기,미분류
4분기 교육예산(아스테이지 등 138종),미분류
4분기 교육예산(무선기가폰 등 61종),미분류
16-264 빔프로젝터 2품목 구매 설치,미분류
의약품(189차) 구매,8종
'16-6-소방시설 작동기능점검 용역,미분류
000사업 수신기 구매 설치,미분류
유.무선도청 탐지체계 구매설치,미분류
리노에바스텔 정 등 157품목,미분류
고강도 스틸LPG카 등 776종,3종
감자튀김 등 15종,미분류
감자튀김 등 15종,미분류
감자튀김 등 15종,미분류
감자튀김 등 15종,미분류
감자튀김 등 15종,미분류
감자튀김 등 15종,미분류
감자튀김 등 15종,미분류
감자튀김 등 15종,미분류
감자튀김 등 15종,미분류
국군체육부대 수영장 스타트대 설치납품,미분류
00부대 병영식당 합성수지제창 창호 제조설치 납품,4종
CCTV 및 관제장비 제조설치 납품,7종
16-2차 정비재료 구매,미분류
소방장화 1항목 구매(물자),미분류
비호 사통장치 수리부속,9종
네트워크 사이버위협징후 가시화 체계 구축,미분류
752대대 차기다련장 2차 관급자재(크레인),미분류
세절기 중간기어 등 220종,미분류
16-월동자재(염화칼슘)구매,미분류
앵글 등 2종,미분류
복사용지 등 230종 구매,미분류
레이저포인트 등 246종 구매,미분류
서치라이트 등 57종 구매,미분류
밋션작기 등 3종 구매,미분류
배터리 등 4종 구매,9종
잠수함 수소가스 센서 등 2종 구매,3종
"병영도서관 도서 구매(수량 : 91종, 98권)",10종
대형버스 LED 전광판 등 3종 구매,4종
냉난방기 등 3종 구매 설치,미분류
사포 등 138종 구매,미분류
방한모자 등 11종,미분류
16-P-정밀점검 및 내진성능평가 용역,미분류
푸쉬로드 등 43종,미분류
전기온수기,미분류
헬스복 등 4종 구매,미분류
베개 등 11종 구매,미분류
항만경비정 주추진기 임펠러하우징 정비,미분류
실리카겔제습제 등 488종,미분류
산소분석기 1종,3종
00함 화물용 승강기 안전도 검사 용역,미분류
00부대 식기세척기 임차 용역,미분류
궤도단 포수자동주입기 외주정비 용역,미분류
종이박스 등 27종,미분류
냉난방기,미분류
볼펜 등 551종,미분류
00부대 차기다련장 2차 관급자재(크레인) 설치납품,미분류
시헙용 아답터 및 S/W 개발,미분류
도서(데드토크 등 19종)구매,10종
도서 00종 구매,10종
대테러복 등 8종 구매,미분류
00부대 이전사업 관급자재(진공온수보일러) 구매,미분류
16년 정보통신 상황실 개선사업,미분류
통신유지물품 구매,미분류
하키부 등 7개부서 운동용품 구매(하키공 등 17종),미분류
"운동용품 구매(역도부 등 9종목, 노트북 등 18품목)",2종
조16-방관사-66 정훈실 도서관비품(가구),2종
"간격유지기,봉합식 1종",미분류
병영도서관 도서 구매,10종
공기조화기(PER FILTER 외 13종) 제조납품,미분류
"위임시설보수 자재납품 (100차,123차)",4종
블랙박스 등 2종,미분류
CV전선 등 252종 구매(연평도),4종
바둑판세트 등 294종 구매(연평도),미분류
사이드미러 등 94종,미분류
알루미늄팜 등 5종 구매,미분류
조타실방탄유리 등 13종 구매,4종
더블에이 복사용지 등 28종 구매,미분류
타벡스 겔 등 94종(연평도),미분류
누전차단기 등 85종,4종
발사관명판 등 26종,미분류
스틸 그레이팅 1종,미분류
청수 고압자바라 호스 등 2종 구매,미분류
멤브레인 필터 24EA 구매,9종
마그 용접봉 등 3종,9종
마사토 등 35종,미분류
물자동원함 등 57종,미분류
독신숙소 냉장고 구매,미분류
화이트보드 등 440종,미분류
박스테이프 등 7종,미분류
패딩점퍼 구매,미분류
00지역 상황실 구축장비(모니터 등 9종) 구매설치납품,2종
사무용품 00종 구매,2종
체력단련장 코스관리자재(비료) 구매,미분류
체력단련장 코스관리자재(농약) 구매,미분류
남수원체력단련장 PBX교환기 구매/설치,미분류
체조부 마루운동매트 설치납품,미분류
00지역 과학화 출입시스템 설치,미분류
의약품 구매(단가계약),8종
플로터 구매,미분류
플라스틱 제본링 등 33종,미분류
알칼리도 표준완충용액 등 16종 구매,미분류
축전지 등 2종 구매,2종
감자으깨기 등 62종 구매,미분류
충전식 앰프 1대 구매,미분류
스텐국자 등 22품목,미분류
정보화 재투자사업(전산용품 구매),2종
00부대 14차 의약품 구매,8종
00부대 13차 의약품 구매,8종
대형 컷터 등 63종,미분류
컷터(대) 등 476종,미분류
디지털테스트 등 5종 구매,미분류
무진동차량 임차 용역,미분류
응급처치 실습재료(제세동기 패드 등 7종) 구매,미분류
토너 등 35종,2종
후반기 전산수리 및 유지비품 구매,2종
소프트 바인더크립 등 86품목,미분류
소변기 센서 등 75종 구매,미분류
침목 등 4종 구매,미분류
탐조등 등 60종,미분류
전사용 프린터 등 10품목,2종
마포걸레 탈수기 등 282종 구매,미분류
"전기용접기,아크식 등 2종",미분류
해군 동잠바 깃털 1종,미분류
천궁 무정전 전원장비,미분류
싱크로신호 증폭기 등 3종,미분류
통작업복 등 23종,미분류
"'16년 공군회관(식자재)야채,과일000종(2개월분) 구매",미분류
원형샌드사포등115종구매,미분류
전산용품 및 소모품 구매(잉크카트리지등 39종),2종
16-공-디지털 공기자료 시험세트 1EA 구매,미분류
무선네트워크 보안장비 보강사업,2종
기밀실 기능 개선사업,미분류
복지기금 자산성비품 운동기구 구매(3차),2종
2016년 재생토너 3차 구매,2종
00지역 신탄리 취사기구 구매,2종
민군물자(태권도 미트 등 000종) 구매,미분류
정비팀 정비재료(기어렌치 세트 등 00종) 구매,미분류
1901부대 냉난방기 설치납품,미분류
"잭, 유압식 등 4항목 구매(물자)",미분류
00지역 수상조종훈련장 건설폐기물 처리 용역,미분류
Double A 등 759종 구매,미분류
작전용물품 TM-808 등 14종 구매,미분류
교육실습재료 구매(PC용 이어폰 등 340종),2종
줄넘기 등 25종 구매,미분류
16-평-도서지역 매트리스 세척 및 소독 용역,미분류
점프 스타터 등 33종,미분류
공기압 자동주입기 등 18종 구매,미분류
완코팅장갑 등 10종 구매,미분류
무장 이동용 지게차 구매,미분류
유류저장시설 CCTV 구매 및 설치,7종
휠로워조립체 3항목 제조(물품),미분류
00정보교육관 구축,미분류
전투식량2형,1종
전투식량2형,1종
전투식량2형,1종
생산단 궤도보듸 성형기용 7000cc 외주정비 용역,미분류
무반동총 부품류(구매)A,9종
소방시설 작동기능점검 용역(21개소),미분류
`13-본-국대-01 00학교이전 조명타워 제조설치,미분류
16년 00부대 UPS 제조납품,미분류
00병원 이전사업 보일러 제조 설치,미분류
17년 생도피복(침구류) 제조납품,2종
17년 국군복지단 홍보 달력 제조,미분류
잠수펌프 7세트 구매,미분류
00사령부 행정 사무비품 32종 제조설치,미분류
16-해-탐조등(12인치) 11EA 제조,미분류
화인코트지등18종 구매,미분류
K5 브레이크패드 등 134종,9종
공사정보물자(디스크 그라인더 등 00종) 구매,미분류
수송반 정비재료(로디우스 렌치 등 00종) 구매,미분류
어린이집 비품 구매,미분류
어린이집 교재 및 교구 구매,미분류
특전사 기초수영구명대 1항목 구매(물자),미분류
특전사 산악침투모 1항목 제조(물자),미분류
냉각수생산 장비 2종 5점,미분류
콘로드조립품 등 16품목,미분류
스마트예비군훈련장 네트워크 장비 설치납품,2종
4분기 교육물품 구매(2차),미분류
4분기 교육물품 구매(1차),미분류
PP 제본표지 등 68종,미분류
멀티 크리너 등 112종,미분류
세탁기 등 4종 구매,10종
16-00대학교 출입통제시스템 설치,미분류
내화캐비닛(4단) 등 2품목,미분류
모니터 등 5품목,2종
장화건조기 등 8종 구매,미분류
토너 등 130종 구매,2종
전기 인덕션 국.밥솥 등 2종 구매설치,미분류
00함 No.2 공기조화기 개조개장 정비,미분류
제설함 등 13종 구매,미분류
합판(인도네시아)외 43종 구매,4종
염화칼슘(국내산)외 3종 구매,미분류
16-도서관 이전용역 계약,미분류
환풍기,미분류
진열장 등 3종,미분류
터치모니터 등 7종,2종
생산단 궤도핀(사출) 성형기용 3000cc외주정비 용역,미분류
MSC-500K 부품(구매),9종
고정용 중계기 등 6종 구매설치납품,미분류
토너 등 24종 구매,2종
의약품(184차) 구매,8종
의약품(182차) 구매,8종
의료기재(62차) 구매,미분류
16-P-00대대 통합정비고 크레인 제조설치,미분류
16-P-00대대 통합정비고 크레인 제조설치,미분류
구조용 하네스 등 10종,미분류
V-belt 등 24종,미분류
방송중계장비 배터리 교체,9종
매립식 리프트 설치납품,미분류
공사물자(전력케이블 등 000종) 구매,4종
정비물자(에어콤프레셔 등 00종) 구매,미분류
일반물자(차량용 냉동고 등 00종) 구매,미분류
"17년 장교후보생 기타피복, 물자 및 군장품 구매",2종
에프시 듀라토프 디피 등 14품목,미분류
16-목-45인승 버스임차 용역(3),미분류
3색 볼펜 등 298종,미분류
플레이스테이션4 등 8종,미분류
파우더(거울화장대) 2EA,미분류
멀티펜 등 180종 구매,미분류
카샴푸 등 20종 구매,미분류
티꽂이매트 등 18종 구매,미분류
다리미 등 11종 구매,미분류
서류용가방 등 9종 구매,미분류
도서(2030 대담한 도전) 등 436종,10종
자동하도메기 등 2종 구매,미분류
포천 00부대 가정용 냉장고 구매(150대),미분류
00부대 통신운영용품 구매,미분류
16-부-버스 임차 용역,미분류
16-3  전산용품 구매,2종
16-18차 의무물자 구매,8종
벤조유니온 등 17종 구매,미분류
카메라 삼각대 등 217품목 구매,미분류
항온항습기 등 3종 제조 설치,미분류
00학교 부교재 구매(1종),미분류
잠수함 잠망경 전원공급기 정비,미분류
일동병원 리모델링 관급자재 설치납품(팬코일유니트),미분류
일동병원 리모델링 관급자재 설치납품(송풍기),미분류
일동병원 리모델링 관급자재 설치납품(소음기),미분류
일동병원 리모델링 관급자재 설치납품(팬코일유니트),미분류
일동병원 리모델링 관급자재 설치납품(송풍기),미분류
일동병원 리모델링 관급자재 설치납품(소음기),미분류
궤도단 궤도설치용 윈치 외주정비 용역,미분류
독신숙소 건립 PVC 제조납품,미분류
통신대대 다목적 간부 교육장 제조설치(AV설비),미분류
사진 인화지 구매,미분류
"유류탱크 신축 이너겐 소화설비 제조, 설치",미분류
시설유지보수 자재 구매,4종
00부대 16년 3분기 정보체계물품 구매,미분류
디지털 인쇄재료 00종 구매,미분류
건식잠수복 등 4종 구매,미분류
음식물쓰레기 처리기 제조 설치,미분류
00부대 체육대회행사 기념품 구매(가죽장갑),10종
16년 캐노피천막 구매,2종
조16-방관사-68 군수과 살포기,미분류
16-국방어학원 국내출판교재 6종구매,미분류
난방순환펌프 등 7건 설치납품,미분류
OO연대 CCTV 설치납품,7종
00부대 난방시설 및 TOD진지 자재구매,4종
차량 수리부속(캡-오일필러 등 69종) 구매,9종
탁구라켓 등 76종 구매,미분류
공업용 가스용기 검사 및 가스 구매(연평),3종
비닐봉투 등 3종 구매,미분류
절연장갑 구매,미분류
내유장갑 등 4종 구매,미분류
드럼받침대 구매,미분류
더블에이 복사용지 A4 등 97종,미분류
복사용지 등 28종,미분류
엡손 프린터 카트리지 등 40종,2종
복사용지 등 20종,미분류
접절식 유류탱크 등 2종,미분류
나일론 로프 등 11종,미분류
공조기필터자재 제조납품,9종
'16년 방화선 정비용역,미분류
00전대 취사비품 구매,미분류
16-학습지원과(볼펜 등66종 구매),미분류
트랙터(53마력 및 구성품포함) 구매,미분류
16-P-항공기 지상지원장비 외주정비 용역,미분류
디지털도어록,미분류
강철조각 1종,미분류
"판,금속제 등 4종",미분류
16-국방어학원(복사용지 등7종 구매),미분류
일반나선호스 등 14종,미분류
차량용 블랙박스 50개 설치납품,7종
대용량 파이프바인더 등 538종,4종
00대대 통합정비고 등 2건 보조기층 구매,미분류
저격수 스틸타켓 등 14종,미분류
00함 고박용 소켓 청락/도장 용역,미분류
"와이어,전기용 등 9종(2-2)",미분류
콘덴서 등 246종(1-2),미분류
"패널,전기-전자장비용",미분류
장비커버류(총포),미분류
화산유격장 건축폐기물 처리용역,미분류
16년 야전정비현대화공구세트 화포용,9종
전산장비구매,2종
00병원 이전사업 발전기 제조 설치,미분류
16-덕-2차 경계용카메라(CCTV) 제조 설치,7종
16-목-경계용카메라(CCTV) 제조 설치,7종
00병원 리모델링 조명기구  제조,4종
00부대 후반기 전산운영용품 구매,2종
무선중계기 등 6종 제조설치,미분류
16-해-비상소화펌프250GPM 13EA 구매,미분류
기동방송차량 방송시스템 설치,7종
16-덕-3차 경계용카메라(CCTV) 제조 설치,7종
군악대대 행사용 冬코트 구매,미분류
의장대대 행사용 기(旗) 구매,미분류
00부대 병영식당 냉장고(관통형)제조설치 납품,미분류
4주식 리프트 등 2종,미분류
16년 야전정비현대화공구세트 정비용,9종
155밀리 추진장약용 완충제 등 3종 구매,미분류
지주대 등 6종 구매,미분류
셔터형자물쇠 등 3종 구매,미분류
아크릴판 등 2종 구매,미분류
비닐장판 구매,4종
고정식자물쇠 등 2종 구매,미분류
케이블 등 129종,4종
프린터잉크 등 24종,2종
체력단련장 락카 소모품 등 000종 구매,미분류
계룡스파텔 객실 소모품 등 000종 구매,미분류
체력단련장 락카 소모품 등 000종 구매,미분류
계룡스파텔 객실 소모품 등 000종 구매,미분류
통합방위작전 정보고유체계 서버 구매,미분류
16년 군사참고(해외군사자료) 번역,미분류
자주포 엔진부품류,9종
17년도 부대원 수첩제작,미분류
파운데이션시트등13종구매,미분류
임펠러 등 27종 구매,미분류
무전기세트 트랜지스터구매,2종
K1개스킷등4종구매,미분류
K1디스크등5종구매,미분류
수송대대 145R13(스노우) 27품목(16-264),미분류
3/4분기 부대 의약품 구매,8종
3/4분기 의료기재 및 운용용품 구매,미분류
아이스박스 등 3품목,미분류
콩나물,1종
소형도자 등 117항목 구매(해파)(기동),미분류
스키드로더 에어클리너 등 107항목 구매(해파)(기동),미분류
16년 공군 후반기 프린터 도입사업(리스물건),2종
16-P-00지역 경계시스템 CCTV 유지보수 용역,미분류
16-P-소방시설 종합정밀점검 용역,미분류
콩나물,1종
형광우의 등 4종 구매,미분류
방탄방패 구매,미분류
스타렉스 스피링 조립체 등 90항목 구매(해파)(기동),미분류
렉스턴 에어크리너 등 45항목 구매(해파)(기동),미분류
5톤 메가트럭 듀얼 밸브 등 40항목 구매(해파)(기동),4종
소형도자 등 117항목 구매(해파)(기동),미분류
스키드로더 에어클리너 등 107항목 구매(해파)(기동),미분류
특전사 동계잠수장갑 등 4항목 구매(물자),미분류
특전사 잠수경 1항목 구매(물자),미분류
임플란트 큐렛 등 29항목 구매(물품),미분류
도서(항공기 장비 등 55품목)구매,7종
부대 의약품 및 의료기재 등 구매,8종
공기주입 보조밸브 등 15종,4종
랜턴용 배터리 등 506종 구매,9종
사각어묵 등 10종 구매,미분류
이부프로펜 등 279항목 구매(물품),미분류
16-토운정 건조,미분류
KF-16 적아식별장비 정비,미분류
디지털 카메라 등 3종구매,미분류
"박판,금속제 등 30종",미분류
스토리지 디스크 증설,미분류
전자칠판 등 3종 구매,미분류
2016년 방위사업청 이러닝콘텐츠 제작사업,미분류
고전압발생기 등 22종 구매,미분류
공군 통합인증체계 개인정보 영향 평가용역,미분류
'17년 공군월력 후가공 제작,미분류
인쇄용지 3종 구매(긴급공고),미분류
현장감식용 카메라 등 6종 구매,미분류
육군 인쇄재료 30종 (2차) 구매,미분류
YRP 중학교 및 보육센터 철재가구 제조설치,2종
YRP 중학교 및 보육센터 목재가구 제조설치,2종
대출력 앰프시스템 노후 교체사업,미분류
고정식 진술녹화시스템 등 2종 구매,미분류
와이어컷팅기 구매,미분류
인쇄용지 3종 구매(긴급공고),미분류
문서보관상자 등 275품목,미분류
의료기재(침대(조절식 3단) 등 18종),미분류
군 부대 상자(플라스틱),미분류
파고라 제조 설치납품,미분류
00부대 네트워크 장비 구매,2종
지뢰방호차량 배터리 구매,5종
콩나물 구매(경북권),1종
콩나물 구매(충청권),1종
콩나물 구매(경남권),1종
콩나물 구매(전라권),1종
독신숙소 건립 통합배선 제조납품,미분류
덮개조립체 등 24항목 구매(기장),미분류
적외선섬광탄 구매,미분류
16-K-지문인식 시건장치 외주정비 용역,미분류
나이스건 등 251종 구매,미분류
넉가래 등 27종,미분류
하수관로 및 오수중계펌프실 준설 용역,미분류
카메라배터리 등 14종 구매,9종
16년 후반기 소방시설 점검,4종
금긋기 바늘 등 83종 구매,미분류
구운계란 기계,미분류
글루건심 등 76품목,미분류
디지털전용아트지등 3품목,미분류
합판등 123품목 구매,4종
구운계란 기계,미분류
"밸브,버섯형,엔진용 등 5종",4종
00함 건현 청락/도장 용역,미분류
함정용 TACAN(NRBP-2BK) 부품 정비,9종
00테니스장 인조잔디 구매 설치,미분류
간부식당 공산품 구매 납품,1종
싱크대 제작 및 설치 납품,미분류
16년 병영도서관 도서구매,10종
M2장간조립교 외주정비 용역(51-3차),미분류
M2장간조립교 외주정비 용역(51-3차),미분류
2016년 고단가수술기구 7차 구매,미분류
2016년 의무장비(인공호흡기 이동식) 구매,8종
2016년 의무장비(생활심전도계) 구매,8종
압력센서 등 28종 구매,미분류
송풍기 원심식 외주정비,미분류
비데 스팀청소 및 필터교체 용역,미분류
(16-111) 전기자재 132품목,4종
(16-111) 일반자재 176품목,미분류
16년 소방시설 종합 정밀점검 용역,미분류
도서 00종 구매,10종
의약품 및 의료기재 구매(K-77),8종
00지역 분리수거장 거치대 제조설치납품,미분류
YRP 중학교 및 보육센터 전자제품 구매설치,미분류
전투훈련영상 아카이브시스템 구축사업,미분류
릴홀더 목걸이 등 362종 구매,미분류
딱풀 등 53종,미분류
고압세척기 등 3종,미분류
결재판 등 172종 구매,미분류
트랜듀셔 및 케이블 등 4종 구매,4종
어린이집 도서 구매,10종
번호식 도어락 등 3종 구매(연평),미분류
진행문서화일 등 106종 구매,미분류
버스(45인승) 2대 임차 용역,미분류
위생장갑 등 9종 구매,미분류
위성통신 이론 및 시스템 등 44종 도서 구매,미분류
부대조달 의약품 구매 8차,8종
바벨바 등 31종 구매,미분류
현창볼트 등 8종 구매,9종
오만군악페스티벌 항공화물 운송 용역,미분류
습도조절기 등 46종,미분류
3분기 전산운영용품 구매,2종
방진마스크 등 6종 구매,미분류
의약품 및 의무장비 소모품 구매(8차),8종
에프호마이카 등 17종 구매,미분류
향균장화 등 26종,미분류
스캐너 등 2종,미분류
가방류 3종 제조 납품,미분류
취사기구류 설치납품,2종
수심측정기 등 2종,7종
"(조달)3훈비 보일러등 4품목(16-3-239,240) 구매",미분류
배기압력스위치 등 2종 구매,미분류
고압용 조정기 3EA 구매,미분류
절연장갑 등 49종 구매,미분류
음주감지기 등 6종 구매,미분류
삼각대 등 61종 구매,미분류
마포대 등 112종 구매,미분류
치약 등 93종 구매,미분류
이동용 통풍기 1종,미분류
부대조달 의료기재 등 구매 8차,미분류
볼펜 등 110종,미분류
A3 복사용지 등 56종,미분류
화생방 통합 저장고 신영공사 비품 구매,미분류
MW통신소 무인감시시스템 구축자재 구매사업,미분류
00부대 체계운영유지 소모품 구매,미분류
00지역 등 3개소 취사기구 구매,2종
타이어 등 28종 (조달16-226),9종
1891부대등 14개부대 후반기 물탱크청소,미분류
'16년 3/4분기 전산용품 구매,2종
브레이크 패드 앞 등 97품목,9종
뺀치 등 282품목,미분류
디지털 선로시험기 구매,미분류
MW긴급복구용 도파관 셋 구매사업,미분류
탄약정비용 차압계 등 27종 구매,미분류
Power Supply 등 7종 구매,미분류
엔진오일 등 33종 구매,3종
마우스 등 6종 구매,미분류
수중자동청소기 1대 구매,미분류
밧데리 등 17종,9종
고출력 스피커 등 5종 구매,미분류
알루미늄 합급판 등 7종 구매,미분류
도서(풀꽃도 꽃이다1 등 62종) 구매,10종
16-11차 부대의약품 구매,8종
화이트보드 지우개 등 44품목 구매,미분류
(육성) 103-3대대 안보교육관 의자 설치납품,2종
103-3대대 취사식당 신축 취사기구 납품,2종
"위임 120,121차 / 시설보수 자재납품",4종
암막커텐 등 3종,미분류
주철게이트밸브 등 33종 구매,4종
사무용 가위 등 198종 구매,미분류
3분기 전산운영용품 구매,2종
(육성) 103-3대대 휴대용 기지국 설치납품,미분류
해병대 장병모집(장교 및 부사관) 지하철 광고 용역,미분류
복사용지 등 209품목 구매,미분류
특수목적용 PC 등 2종 구매,2종
16-기지방어훈련장 조명기구 제조/구매,4종
00학교 국가고시 교과서 구매,10종
사격통제장치부품류(다이얼류 등 5품목),9종
사무기기 및 가전기기 구매(설치),미분류
"9월 상검시약류, 물자류 구매",미분류
머레이징강등3종구매,미분류
15비 과학화 외곽 경계울타리 교체공사(스틸그레이팅),미분류
15비 과학화 외곽 경계울타리 교체공사(스틸그레이팅),미분류
전원보호장치(서지보호기) 제조 납품,미분류
수첩커버(고급형) 등 3종 제조,미분류
‘16년 000 취약점 진단체계 구축,미분류
'16년 생도용 노트북 도입사업,2종
입체영상 처리 및 분석장비 구매,미분류
00부대 창고 신축공사 관급자재 조명기구 제조 설치,4종
의장대대 전통피복 및 장구류 구매,2종
`16년 정보자원 상용 SW 증설사업,미분류
「2016 국방백서」디자인 및 제작 용역,미분류
ML-3470N토너(재생) 등 9항목 제조(물자),2종
HP-K8600DN검정(정품) 등 64항목 구매(물자),미분류
모뎀 등 217종 구매,미분류
고속단정 머큐리 엔진,9종
IP전화기 등 20품목,2종
판넬단계문 등 23종 구매,미분류
전극 등 4종(2-2),미분류
전극 등 4종(2-2),미분류
직결피스 등 14종(2-2),미분류
군위성통신단말기(차량용)케이블조립체류,7종
파병부대 컴뱃셔츠 등 2종 구매,미분류
파병부대 컴뱃셔츠 등 2종 구매,미분류
"부품키트,서보장치 조립체 등 15항목 구매(궤도)",9종
"브래킷,설치용 등 59항목 구매(궤도)",미분류
HP-7110(A3지원용) 등 3항목 구매(물자),미분류
"격막, 밸브용, 평면형 등 38품목",4종
디지털 멀티메터 등 11종,미분류
히말라야[DVD] 등 64종,미분류
프로젝트 파일 등 59종,미분류
병영도서관 도서 000권 구매,10종
측량지시봉등 151품목 구매,미분류
16년 2차 액화석유가스(LPG) 구매,3종
16년 2차 액화석유가스(LPG) 구매,3종
"펌프,유압식 등 34종",미분류
영상편집기 구매,10종
블랙박스 구매 및 설치 납품,미분류
항-16-053 청성뇌간유발반응검사기,미분류
범포지류,미분류
전원공급기 1항목 구매,미분류
17년 장교후보생 운동복 제조/구매,미분류
"장비커버류(기동,총포,통신)",미분류
후반기 물탱크 청소 용역,미분류
16년 통신장비(앰프) 설치납품,미분류
세탁기 구매,10종
전자동 세탁 탈수기 등 2종 구매,10종
팬코일 유닛 제조 설치,미분류
16년 빔프로젝터 도입사업 등 6건 통합리스,미분류
지뢰제거작전용 안전장구류(8종) 구매,5종
풋살장 바닥재 구매설치,미분류
풋살경기장 바닥재 구매설치(2),미분류
미세먼지 방지마스크 (2차) 구매,미분류
00학교 음향방송장비 구매설치,미분류
"전원보호장치(AVR, 서지보호기) 납품",미분류
체력단련장 관리장비(17종) 구매,미분류
통신장비 노트북(BTCS A1용) 구매,2종
럭키타운아파트 가스보일러 설치납품,3종
CCTV 효율적 관리 및 AI분야 군 적용방안 연구,7종
콩나물 구매(제조 또는 구매),1종
00부대 본청 이사 용역,미분류
00부대 사이버지식정보방 물품구매(K-65),미분류
감시장비 전원보호장치(AVR) 구매,7종
'16년 도하장비 외주정비 2차 용역,미분류
의료시약(SAMPLE PROBE외 25종) 구매,미분류
컷트 등 471종,미분류
유성 볼펜,미분류
생수 구매(연평도),미분류
무전기 등 6품목 구매,2종
방수포 조립체 등 11품목 구매,4종
4분기 교육예산 자산취득비 구매,미분류
4분기 교육/실습재료비 구매,미분류
만능패드교환기 등 93종 구매,미분류
HDMI케이블 등 34품목 구매,4종
충전식 라이트 등 14종,미분류
16-국방어학원 전자제품 분해 세척 용역,미분류
멤브레인 필터 구매(연평도),9종
UPS 등 6품목 구매,미분류
레이저 프린터 토너(재생) 4종 구매,2종
복합계 등 14종,미분류
아답타 등 47종,미분류
"전지,축전식 250EA",2종
00함 화물용 승강기 정비,미분류
상호운용성 소개 동영상 제작 용역,미분류
솔브러쉬조립체 구매,미분류
무전극 안정기 등 40종 구매,미분류
폐유저장시설(2기) 청소 용역,미분류
컴퓨터 자수기 윗실 등 34종,2종
2두식 컴퓨터자수기,2종
소형 휴대용 방사능측정기 구매,7종
00여단 풋살경기장 인조잔디 설치납품,미분류
"전운대대 녹음기-재생기,음향용(16-251)",10종
토양오염도 검사 용역,미분류
세척제 등 2종 구매,미분류
빔 프로젝트 구매,미분류
16-1차 일반장비(아이로너) 구매,미분류
포구속도 측정기세트 등 2종 구매,7종
무정전전원장치(UPS) 제조설치(리스물건),미분류
파병부대 운동복류 제조(구매) 납품,미분류
정전기 방지용 장갑 1종,미분류
심폐소생술 마네킨 등 9종 구매,미분류
복사용지 등 23종,미분류
삼각대 플레이트 등 40종 구매,미분류
레이저용 광택 라벨 등 92종,미분류
전동연필깍이 등 67종,미분류
16년 생활폐기물 처리용역(2차),미분류
(육성) 103-4대대 비상용 발전기 5대 납품,미분류
작업대 7EA 구매,미분류
전자시계(멀티스포츠 GPS스마트워치) 구매,6종
교보재 보관함 등 10종,미분류
16-정통과(프린트잉크 등27종 구매),2종
16년 기타물자(음향/영상)구매사업,10종
수중펌프 등 22종 구매,미분류
유리진열장 4EA 구매,4종
기초사석 구매,미분류
라벨프린터 구매,2종
오링 등 7종 구매,미분류
000사업 통신장비(라우터 등 5종) 구매 설치,미분류
생도 백색단화 제조 납품,미분류
빔 프로젝트 설치납품,미분류
부대 개편 준비비 물품 구매,미분류
도면 보존상자 750EA 구매,미분류
입구 샤프트 씰 등 3종,미분류
구명정등 1종,미분류
전도셀 1종,미분류
도서(마스터 알고리즘) 등 522종,10종
"냉각기,공기식,증발식 등 2종",미분류
"속도감지기,디젤엔진용 1종",9종
"표본수집키트,화학작용제용",미분류
TIMS 연동개선 사업,미분류
00지역 군숙소 디지털 도어록 구매설치납품,미분류
가전제품 3종 구매,미분류
600W 야전앰프 등 방송장비 2종 설치납품,미분류
배관 보수 등 9건 직영공사용 자재구매,4종
병영도서관 도서 구매,10종
16-4차 전산운영용품 구매,2종
자외선 램프,미분류
00부대이전 이사 용역,미분류
(조달)3훈비 작업대 등 8품목(16-3-227)구매,미분류
(조달)3훈비 트래픽페인트등 4품목(16-3-228) 구매,4종
(조달)3훈비 마이크등 4품목(16-3-221) 구매,미분류
백열램프 등 13종 구매,미분류
건전기 등 331종,미분류
케토락주 등 56품목 구매,미분류
'17년 00월력 제조 납품,미분류
유수분리시설 청소용역,미분류
군수업무 빅데이터 분석/활용체계 구축시범사업,미분류
벽선반 등 14종 구매,미분류
16-공-전자내시경 11EA 구매,미분류
폭발물 병기처리반용 원격조작세트 구매,미분류
개선 비행장갑(호수형) 제조납품,미분류
비닐봉투외 14종 구매,미분류
다목적훈련지원정 후속함(양산)사업 비용분석,미분류
소화기멜빵류,1종
요대류,미분류
철직자 등 1593종,미분류
특수공구류,9종
소켓렌치류,미분류
"제어기,비디오 분배기용 10EA",미분류
휘장류 및 견장류 제조 구매,미분류
벨트류 제조 구매,미분류
00복지관 설비제어 중앙감시시스템 교체 용역,미분류
토너(MLT-D101S) 등 44종 구매,2종
공사용 관급자재(스틸그레이팅) 제조/구매,미분류
케찹 등 109종 구매,미분류
의약품(네리소나 연고 등 89종)구매,8종
개인장구류커버,2종
일반/통신장비커버류,미분류
주요 선진국의 획득제도 사례분석을 통한 시사점 연구,10종
K9플러그등16종구매,미분류
발칸필터구매,9종
자동화창고 메인보드 등 27종 구매,미분류
오리콘 전기연료펌프등27종구매,3종
오리콘 접촉자세트등17종구매,미분류
엔진용윤활유,3종
체력단련장 비품 구매,미분류
00부대 제초관리 용역,미분류
13-본-국대-01 00학교이전 블록포장재 제조 납품,4종
"연삭기, 표면용 등 1종 구매",미분류
00부대 UPS 밧데리 구매설치,9종
해상 계류부이 제조 납품,미분류
인쇄용지(미색모조지)구매,미분류
국군교도소 운영 개선방안 연구,10종
군사시설 주변지역 지원방안 연구,4종
육로 수송용역,미분류
콩나물(제조 또는 구매),1종
특수무기(발칸) 수리부속 구매,9종
장비커버류(기동),미분류
통신용 송수신기 등 4종 구매,미분류
17년 생도 피복 구매(수영복 등 7건),2종
원형테이블 등 2종 구매,미분류
회로카드 조립체 2EA,미분류
"케이블, 전력용 2,296FT",4종
안테나 14EA,미분류
의약품(스틸녹스정외 20종) 구매,8종
FPL 등기구세트 등 46종 구매,미분류
`13-본-국대-01  00학교이전 능형망휀스 제조설치,미분류
'16-6차 항공기 견인차 등 2종 외주정비 용역,미분류
지상군페스티벌 버스 임차 용역,미분류
00지역 영상전송체계 노후장비 교체사업(10),미분류
00지역 영상전송체계 노후장비 교체사업(8),미분류
00지역 영상전송체계 노후장비 교체사업(6),미분류
00지역 영상전송체계 노후장비교체사업(9),미분류
00지역 영상전송체계 노후장비교체사업(11),미분류
00지역 영상전송체계 노후장비교체사업(7),미분류
16-UDT 신형방한복(상의)등 3종 제조,2종
출입통제체계용 철제울타리 제조설치,미분류
00부대 창고 신축공사 관급자재 분전반 제조 설치,4종
'16년 00부대 자료 대출반납 자동화장비 도입,미분류
00부대 냉난방기 구매설치,미분류
00부대 창고 신축공사 관급자재 냉난방기 구매 설치,미분류
16-충-육-1 수배전반 제조설치,미분류
16-충-육-1 건식제습기 제조설치,미분류
정비단 지브크레인 부품 설치납품,9종
MW전환체계 구축 부수장비 구매사업,미분류
"회전경보등, 적색 등 8종 구매",미분류
환수탱크 1종 구매,미분류
"나비밸브스텐,레버형 등 4종 구매",4종
종이컵 등 49종 구매,미분류
알루미늄환봉 등 16종 구매,미분류
메카니카씰 등 7종,미분류
'16년 4/4분기용 정보화 운용재료 구매,미분류
선박자동식별장치(AIS) 유지보수 정비,4종
16-입영신체검사 외주용역,미분류
신형짚(1/4)커버류,미분류
회전결합기(저고도탐지레이더용) 정비,미분류
의약품(168차) 구매,8종
대포병레이다 정비반 정비용장비 구매,미분류
니퍼 등 94종,미분류
형광램프외 36종 구매,미분류
배터리 2종 구매(2차),9종
16-포 전투근무지원정 외주정비,미분류
16-J-05 정수기 임차 용역,미분류
복사용지 329박스 구매,미분류
복사용지 구매,미분류
행주 등 70종 구매,미분류
충전 함마드릴 등 16종 구매,미분류
행정규격봉투 등 210종 구매,미분류
공기충전기 구매,미분류
"스위치,회전식 등 3종",미분류
"브이피시,콤플레트 등 2종",미분류
리모트콘트롤써킷브레이커 1종,미분류
영내 폐기물처리용역,미분류
"바,금속제등 27종(2-1)",미분류
16-소화펌프 250GPM 15EA 제조,미분류
런닝머신 등 9종 구매,미분류
중량매트등15품목,미분류
복사용지등2품목,미분류
"박판,금속제 등 64종(2-2)",미분류
"바,금속제등 27종(2-1)",미분류
국수 등 13종 구매,1종
멸치볶음 등 6종 구매,미분류
등갈비 등 5종 구매,미분류
두유 등 4종 구매,미분류
사과 등 3종 구매,미분류
레이저 거리측정기 등 2종 구매,7종
체력단련기구(런닝머신 등 14종) 구매,미분류
더블핀 일체형 보조배터리 등 2종,9종
"모듈, 정류기용 10EA",미분류
퓨즈 68EA,미분류
"장전기조립체,탄약용 1종",미분류
음파 수심 측정기등 3종,7종
메인보드 카드 등 3종,미분류
항공기 시동장비(편제장비보강사업) 사업분석,7종
M2장간조립교 외주정비 용역(72-2차),미분류
압력센서 등 45종 구매,미분류
타이어 탈착기 등 00종 구매,9종
학군단복,미분류
(16-120) 전자제품 6품목,미분류
모래주머니 등 8품목,4종
전산용품 구매,2종
00아파트 CCTV 제조 설치납품,7종
궤도정비용장비(엔진진단장비) 외주정비,9종
거울 등 00종 구매,미분류
913-1-B사업 수리영향평가용역,미분류
16-2차 00부대 전산운영품 구매,2종
OOO지역 교환기 교체사업 등 통합리스,미분류
인쇄재료(인새용지5종)구매,미분류
간호복(체촌),미분류
여군 정복/근무복/임부복,미분류
시설물 개선공사 자재구매(실내사격장 등 3개소),4종
태극기 등 21종,미분류
바디워시 등 104종,미분류
조절기 등 2종,미분류
"컴퓨터세트,디지털형 1종",2종
"(16-314)정밀측정장비(분석기, 입자크기용)",7종
7162-1-3부대 라디에이터 자재구매,미분류
체성분분석기 1종,미분류
교관모자 등 6품목 구매,미분류
타이어 등 19품목 구매,9종
16-5차 전산용품구매,2종
미세여과기소자 등 16종,미분류
빔프로젝터 등 2종 납품 설치,미분류
"천장형 TV(75"") 등 3종 납품 설치",미분류
시설/조경 기계경비 자재구매(5차),4종
예초기 줄 등 52품목 구매,미분류
Filtering Flask 등 21품목,미분류
(조달)3훈비 토이론등26품목(16-3-211) 구매,미분류
자갈 등 21종 구매,4종
후반기 전산용품 구매,2종
분리수거함,미분류
16-평-식기세척기 임차 용역(4대),미분류
증류수 제조장치 필터 및 시약구매,9종
복사용지 등 317종 구매,미분류
코팅지 등 441종,미분류
’16-인-00지역 Buoy 재설치 외주용역,미분류
국방 무인로봇 시험평가 적용방안 연구,10종
통신용 축전지 설치납품,2종
00부대 민간위탁급식 용역,미분류
'16년 후반기 의약품 및 재료 구매,8종
153볼펜 등 278종 (2-1),미분류
나침금형 상부 등 11종(3-2),미분류
'16년 보온대(핫패드) 구매,미분류
방위사업 원가계산 외부용역 9차,미분류
"운반체,유성감속기어 등 1항목 구매(궤도)",미분류
'16-00병원 식기세척기 2대 임차 용역,미분류
출입통제체계용 UPS 제조설치,미분류
00부대 대형전시체계 구매,미분류
해상종합전술훈련장 체계구축 사업 개념 연구,10종
2016년 의무장비(멀티메타계수형) 구매,8종
2016년 의무장비(냉장고 시약보관용) 구매,8종
16-8차 일반물자(순번대기표) 구매,미분류
2016년 의무장비(의약품냉장고 소형 308리터) 구매,8종
보수자재(배수펌프 등 18종) 구매,4종
"프레스, 납시일용 등 12항목 구매(물자)",미분류
단안형야간투시경,미분류
"클레이사격용 접시구매(125원, 212,000개)",미분류
가스보일러(가정용) 구매(철거 및 설치포함),3종
차량수하등 등 10종 구매,7종
락카에어로칠 등 231종,미분류
00지역 취사용 기구 제조설치납품,미분류
플로터 전용지 등 45종,미분류
00지역 세탁장비 설치납품,미분류
폐주물사 17톤 재활용 처리용역,미분류
"가열기,온수용,전기식 등 2종",미분류
낙동강 전승행사 학생 및 병력수송 버스임차,미분류
손씻기 배너세트 등 47종(연평도),미분류
사각 휴지통 등 279종 구매(연평도),2종
16-목-28인승 버스임차 용역(3),미분류
배추 포기김치 등 8종 제조 구매,1종
배추 포기김치 등 8종 제조 구매,1종
의료기재및 장비소모품(ADSON forcep외 145종) 구매,미분류
00지역 액화석유가스(LPG) 구매,3종
전술이동통신체계 구축방안 연구용역,미분류
낙동강 전승행사 참전용사 오찬용 뷔페,미분류
M48베어링등4종구매,9종
00부대 전력시설 개선 등주 제조납품,4종
네트워크 장비 구매사업 리스,2종
시설비품 천막 제조,2종
체계설계 통합SW 외 3종 구매설치,미분류
'16년 군 통제선박 실제훈련 선박 임차,미분류
모사전송기 구매,미분류
(K)F-16 전자전 점검장비 제조,미분류
무청시래기 구매,미분류
00부대 전력시설 개선 등기구 제조납품,4종
OO함 인원이송용 승강기 정비,미분류
16-00함 추진체계제어시스템 정비,미분류
'16-00아파트 보일러 설치 납품,미분류
'16-00아파트 보일러 설치 납품,미분류
'16-00아파트 보일러 설치 납품,미분류
사이버방호체계 최적화 및 고도화 구축 연구용역,미분류
K계열전차 소부대 전술모의훈련장비 정비,미분류
주파수 합성기(저탐레이더용) 정비,미분류
푸쉬로드 등 43종,미분류
'16년 무청시래기 구매(제조),미분류
'16년 무청시래기 구매(제조),미분류
'16년 무청시래기 구매(제조),미분류
휴대용 가스버너 등 00종 구매,3종
00부대 ESCO 에너지진단 용역,미분류
16-해-이동식 지휘소 텐트 등4종 구매,2종
16-덕-경계용카메라(CCTV) 제조 납품,7종
국방망 네트워크접근제어체계 교체사업(리스물건),미분류
항온항습기 제조설치(리스물건),미분류
승용식 잔디깍기 등 4종 구매,미분류
밸브 조립체 등 2종,4종
16년 15차 부대구매 의료기재,미분류
16년 14차 부대구매 의약품,8종
전기국솥 등 3종 구매,미분류
부대의약품 및 의료기재 등 구매,8종
후반기 전산운영용품 구매,2종
16년 후반기 물탱크 청소용역,미분류
부력조정기(더블) 등 2종,미분류
인쇄용지5종 구매,미분류
"발전기세트, 가솔린엔진식 5KW",9종
00지역 축성시설 자재구매,4종
"발전기세트, 디젤엔진식 10KW",9종
"발전기세트,디젤엔진식 100KW",9종
버클류,미분류
동력계 등 1종 구매,미분류
무청시래기 구매,미분류
보안스티커 구매,미분류
도서(채식주의자 등 28종)구매,2종
16년 소방시설 종합정밀점검 용역,미분류
블랙박스 커버 구매,미분류
3분기 일반도서 구매,10종
물자 정비재료 311종 구매,미분류
`13-본-국대-01 00학교 이전 통합배선반 제조,미분류
13-본-국대-01 00학교이전 전광판 제조 설치,미분류
00사령부 위병소 과학화 출입시스템 제조설치,미분류
차세대 학습관리 시스템 도입사업,미분류
복식포말제독기 구매,미분류
수소실린더 충전기 구매,미분류
군수품 상용화 확대 정책 추진 로드맵 수립 연구,10종
16년 통신용 축전지 구매,2종
"압축기, 밀폐식 등 9품목",미분류
K277전투지휘용장갑차 소요자재 구매,7종
복사용지 구매,미분류
USB 메모리 등 92종 구매,미분류
RGB케이블 등 15종 구매,4종
16-평-어뢰추진체 보존처리 용역,미분류
"모듈,정류기용 1종",미분류
이동용 안테나 제작자재 제조/구매,미분류
파워그립장갑 등 208종 구매,미분류
"변환기,압력,유체-수력용 등 4종",미분류
스카치 포장용 테이프 등 159종,미분류
화물차용 RADIAL 타이어 구매,9종
자동음향센서 구매,10종
관사 싱크대(24평형)외1종 제조구매(철거및설치포함),미분류
도어클로져 등 200종 구매,미분류
복사용지 등 181종 구매,미분류
해사 인터넷 홈페이지 ActiveX 제거 용역,미분류
고속정모자 1종,미분류
전관 앰프 구매,미분류
지하매설물관리 앱 개발사업,미분류
기동단 압력계 500HP 외주정비 용역,미분류
'16년출입통제체계구축,미분류
16년 병영도서관 도서 구매,10종
에어컨 구매설치,미분류
장비운영소모품(69차) 구매,미분류
의무장비(7차) 냉장고 혈액은행용 대형 구매,8종
의무장비(7차) 냉장고 의약품 소형 구매,8종
의무장비(7차) 드릴셋 신경외과용 구매,8종
보급창고 CCTV(관급자재) 제조설치 납품,7종
도로비 등 22품목,미분류
훈련 지원 물품(EAR PROTECTOR 등 31종) 구매,미분류
훈련 및 부대운영 빅데이터 활용방안 연구용역,미분류
노즐팁 등 4종,미분류
해상구조용 바스켓 들것 등 7종 구매,8종
램프 등 102종 구매,미분류
16-P-02 저수시설 청소 용역,미분류
제도샤프 등 176종 구매,미분류
공기작동 발브 1종,미분류
캔맥주 등 8품목,미분류
'16-00전대 독신자숙소 냉 온정수기 임차 용역,미분류
(조달)3훈비 분석기(16-3-213) 구매,미분류
공기 시동기 1종,미분류
조교 안전통제용 X-밴드 구매,미분류
제본링 등 74종,미분류
포스트잇 팝업 알뜰팩 등 145종,미분류
"프로펠러,선박용 1종",미분류
파워헤드 등 7종,미분류
공기작동 발브 1종,미분류
해수온도조절밸브 등 4종 구매,4종
복사용지 등 21종,미분류
16-연습처(오디오잭 등10종 구매),미분류
16-포 음식물류폐기물 위탁처리 용역,미분류
16-인-매트리스 세척 및 소독 용역,미분류
일체형 마이크 구매,미분류
"접지 개별 멀티탭(3구, 1.5M) 등 11종 구매",미분류
TA-512K부품(구매),9종
대형기동헬기(CH/HH-47D) 성능개량사업 비용분석,7종
금형(인양기) 등 3종 구매,미분류
탄입대,미분류
00회관 주방기구 구매,미분류
16-1차 사이버지식정보방 물품구매,미분류
3분기 위임보수 자재구매,4종
00지역 군숙소 싱크대 제조설치납품,미분류
과학화경계시스템 유지·보수용역(16-119),미분류
16년 후반기 축성시설 자재구매,4종
인쇄소모용품및후가공제작(구매),미분류
16-2차 과학화경계시스템 외주정비(경상권),미분류
16-2차 과학화경계시스템 외주정비(경기·충청권),미분류
"바, 금속제 등 14품목",미분류
현수막 213개 제작,미분류
소방시설 종합정밀점검 및 작동기능검사,4종
고광택 포토용지 등 100종 구매,미분류
스카치 테이프 등 73종 구매,미분류
고급형 캐노피 천막외 3종 구매,2종
항공기 연료누설 시험장비 구매,미분류
전동카트 풍우커튼 등 2종 구매,미분류
황사마스크 등 5종,미분류
"(조달)3훈비 타이어등 10품목(16-3-202,203) 구매",9종
쇄석 등 3종(16-216),미분류
부대조달 의약품 구매 7차(R),8종
엡손잉크 등 7종 구매,2종
전산용품 구매(프린터 토너),2종
교육용장비 구매,미분류
잠수함 잠망경 수압시험장비 정비,미분류
복사용지 등 97종,미분류
PR Belt 등 41품목,미분류
보조배터리 등 14품목,9종
이발기기외 3종 구매,미분류
"항-16-047,050 자동면역분석기 등 42종",미분류
대형전광판및 중계/음향 시스템 임차용역,미분류
가죽잠바류,미분류
잠바류,미분류
헬멧부속재,미분류
'16년 3/4분기 교육용품 구매,미분류
00지역 영상전송체계 노후장비교체사업(5),미분류
00지역 영상전송체계 노후장비교체사업(1),미분류
13-본-국대-01 00학교이전 주차관제 제조 설치,미분류
00지역 영상전송체계 노후장비교체사업(4),미분류
전반기 전장관리체계 운영용품 구매사업,미분류
000 부대 교환기 교체사업,미분류
000 부대 PC 교체,2종
2016년 의무장비(원심분리기 세포형) 구매,8종
복지기금(자산성비품) 트레드밀 구매,미분류
2016년 의무장비(기초레력진단시스템) 구매,8종
2016년 의무장비(원심분리기 대형) 구매,8종
국군의 날 특식 과자세트 구매,미분류
00부대 경계울타리 제조설치납품(16-118),미분류
16-6차 전산운영용품 구매,2종
00단 연병장 인조잔디 제조 설치납품,미분류
방한모자 등 53종,미분류
부대 소개영화 동영상 제작 용역,미분류
"접속장치,입출력용 등 13종(2-2)",미분류
큐비클 등 8종 433점,미분류
헬멧 위장포,미분류
000체계 전산물품(서버 등 2종) 구매,미분류
00-000모델 운영장비 임차,미분류
문서회의체계 교체사업,미분류
접이식 바리케이트 3종 제조,미분류
00지역 영상전송체계 노후장비 제조설치(2),미분류
00지역 영상전송체계 노후장비 제조설치(3),미분류
00지역 자동제어 시스템 구매설치,미분류
스텐차단봉 등 7종,미분류
프린트 토너(재생),2종
의료기재 (Kirschner Wire 등 9종) 구매,미분류
000사업 워크스테이션 구매 설치,미분류
정수기 113대 임차용역(16-군수-43),미분류
M2 장간조립교 정비용역(사후52-2차),미분류
A연대지역 이동형중계기 등 8종 설치납품,미분류
"밸브,체크형 등 27항목 구매(기장)",4종
"바, 금속제 등 12품목",미분류
교관연구실 환경개선 자재구매(사무용 파티션 등 2종),10종
총기보관함 제조설치,미분류
영상코덱 4대 구매,10종
쇼핑백외 1종 구매,미분류
2수송교육단 교육대 냉방기 설치납품,미분류
16-2차 생도 해외항법훈련 용역업체 계약,미분류
목도리,미분류
간부 정복/근무복(보충),미분류
공군간부 정복/근무복(초도),미분류
해군해병 간부 정복/근무복(초도),미분류
공군사병 근무복(체촌),미분류
해병사병 근무복(체촌),미분류
해군사병 정복(체촌),미분류
디지털 모뎀 집선기 수리부속 13항목 구매(물품),9종
항공장비 오실로스코프 구매(물품),7종
비강지혈거즈 1항목 구매(물품),8종
다기능 접속장치 수리부속 등 14항목 구매(물품),9종
군단정찰용 무인항공기-Ⅱ 시설사업 선행연구,4종
복사기 및 FAX 토너 구매,2종
중고도정찰용 무인항공기 시설사업 선행연구,4종
와이어로프 등 5항목 구매(물자),미분류
00아파트 CCTV제조 설치납품,7종
00기보대대 취사식당 비품 구매,미분류
무청시래기,미분류
헌병우의 등 2종 제조,미분류
OO부대 시설관리 및 조경관리 용역(2),미분류
도서구입(완벽하지 않은 것들에 대한사랑 등 41품목),10종
의약품(울트라셋 등 17종) 구매,8종
우수 과학기술 인재의 국방(군) 분야 활용방안 연구,10종
무청시래기,미분류
토너 등 10종,2종
의약품 및 의료기재 구매(수정),8종
16년 3분기 전산운영용품 구매,2종
돈등뼈 등 6종,미분류
냉동꽃게 등 5종,미분류
감귤 등 10종,미분류
"예비군식당 비품구매(의자, 테이블)",2종
특수봉인지 구매,미분류
전화 영어교육 용역(16-2차),미분류
16-00사 조경 용역,미분류
컬러색지 등 357종,미분류
VIP SEAT 트레일러 제조구매,7종
유압 모터 1종,미분류
리치스테이커 타이어 구매,9종
카트리지 필터 248개 제조,9종
보호대 등 9종,미분류
공사용 관급자재(조명기구) 제조,4종
감자수제비 등 93종,미분류
CATV 녹화 제어 시스템 설치 납품,미분류
모니터 휠 밸런스기외 1종 설치납품,2종
체계 정비용 자재 구매(1차),미분류
영내 관사 놀이터 시설물 구매 설치 및 보수,4종
에어콤프레샤(22CFM),미분류
복사지 등 269종 구매,미분류
2016년 수송동원함 구매,미분류
2016년 의무장비(손 세척대) 2차 구매,8종
2016년 의무장비(수액조절기) 구매,8종
2016년 수송동원함 구매,미분류
2016년 의무장비(한냉요법장치) 구매,8종
2016년 의무장비(혈액가온장치) 구매,8종
2016년 재투자 의무장비(의약품냉장고 소형) 구매,8종
2016년 의무장비(음압유지기 격리병실용) 구매,8종
수성펜 등 52종,미분류
특수무기 외주도장 용역(저탐전면판),미분류
해병대 워게임모델 장비 유지보수 용역,미분류
장니플 등 93종,미분류
낙동강 전승행사 참관학생 버스임차 용역,미분류
'16-4차 탄약 크레인카(M-3) 외주정비 용역,미분류
'16-3차 항공기 견인차 등 5종 7점 외주정비 용역,미분류
'16-5차 형광침투검사장비 외주정비 용역,미분류
20mm철재탄피통외주정비,미분류
의무장비(6차) 치과유니트 및 의자 구매,2종
의무장비(6차) 건열기 병리시험건조용 구매,8종
양극조립체 등 4종,미분류
00부대 의료기재 등 구매 7차,미분류
비데 구매(연평도),미분류
ESCO사업 에너지 진단 용역,미분류
헬륨가스 구매,3종
자기/전자기 실습 모듈 등 7종,미분류
시트지 등 775종,미분류
낙동강 전승행사 참전용사 버스임차 용역,미분류
배터리 3종 구매,9종
무소음발전기 등 32종 구매,미분류
자바라 콘베이어 등 4품목 구매,미분류
진해000보존소 해충방제,미분류
복사용지 등 29종,미분류
스카치매직테이프 등 32종,미분류
000관리대 물자보관창고 선반 제작,미분류
배터리 2종 구매,9종
병력 수송차량 임차용역,미분류
후반기 모범근무자 국내 안보교육 용역,미분류
전투배낭(후레임포함)  구매,미분류
리더스 플러스 클립보드 등 108종,미분류
LED충전식라이트 등 61종,4종
"리테이너,나선형 압축용수철용",미분류
순수초순수제초장치 구매,미분류
복사용지 등 159종,미분류
동력분무기 등 2종 구매,미분류
밸브 등 14종 구매,4종
포스트잇 팝업팩 등 33종,미분류
이동용 편집기 가방 등 11종,미분류
온도감지기 등 4종,미분류
예초기 등 3종 구매,미분류
'16년 155밀리 모의적재훈련탄,미분류
"생산단 도포기, 궤도핀용 외주정비 용역",미분류
"4,000G/A 유조차",미분류
3/4분기 전산운영용품 구매,2종
"간,조준용 등 3항목 제조(생산능력확인,총포)",미분류
우측 덮개 조립체 등 4항목 구매(총포),미분류
조종간 등 17항목 제조(특무),미분류
트랜지스터 등 25항목 구매(특무),미분류
헌병포제휘장 등 28종,미분류
야전책상 구매,2종
도서(한국사2주 끝장 고급) 등 11종,10종
솔라포스 라이트 등 15종,미분류
부대정기 등 240품목 구매,미분류
포승줄 등 30 구매,미분류
오븐받침대 등 5종 구매,미분류
롤 백상지 등 190종,미분류
페인트 붓 등 80종,4종
3분기 교육/실습재료 구매,미분류
트랜스 밋션작키 1개,미분류
복사용지 등 65종 구매,미분류
방진마스크 등 157종 구매,미분류
가변저항 등 6종 구매,미분류
16-공-비상취사세트 90EA 제조,미분류
자장면,미분류
가락국수,1종
가락국수,1종
00부대 00진지 전원공급기 제조설치,미분류
발칸 계전기구매,미분류
K55베어링구매,9종
궤도단 제동장치 시험장비 외주정비 용역,미분류
"암,조절,차량서스펜션용 1항목 구매(기장)",7종
000사업 정보통신장비 설치납품,미분류
지상군페스티벌 육군 이야기 마당 등 시설설치 용역,미분류
00 징후분석체계 구축,미분류
BigData /vc를 활용한 무기체계 효과분석 연구,10종
「2016 국방백서」영문본 및 요약본 번역 용역,미분류
16-3차 전산운영용품 구매,2종
00테니스장 인조잔디 구매 설치납품,미분류
실버 카드링 등 117종,미분류
잉크(적색) 등 137품목 구매,2종
MIMS연동체계 장비 구매,미분류
M2 장간조립교 외주정비 용역,미분류
M2 장간조립교 외주정비 용역,미분류
00부대 유휴폐기물 처리공사,10종
고강도 콘크리트파일(PHC파일) 구매,4종
항만경비정 주추진기(water jet) 정비,미분류
유압작동유,미분류
전자접촉기 등 20종 구매,미분류
소화기(총류) 부품류(구매)A,2종
00 기동형 중계소 안테나 구축,미분류
00 기동형 중계소 안테나 구축,미분류
2016년 전자식교환기(VolP) 교체사업,미분류
16년 원격정비지원체계 구축사업(리스물건),미분류
"세제, 세탁용 1항목 구매(물자)",2종
방송장비 구매(포병여단),미분류
정류기 보조조립체 등 7종,미분류
양면 각대봉투 등 164종 구매,미분류
라우터 시리얼카드 2EA 구매,미분류
레이저 포인터 등 331종 구매,미분류
마그밀정 등 36종 구매,미분류
16-동 실내 공기질 측정 용역,미분류
16-수상함예인정 건조,미분류
녹음 전화기 구매납품,2종
TA-512K부품(구매),9종
17년 예비군 안보교육 표준교안 제작,미분류
생도피복(침구류) 제조납품,2종
국방 의료정보 빅데이터 분석체계 구축사업 연구용역,미분류
연동종합관리체계 노후장비 교체사업,미분류
PP컬러 정부화일 등 451품목,미분류
도어록 등 264종,미분류
더블에이 복사용지 등 330종,미분류
등심돈까스 등 4품목,미분류
16-P-광단국장비 및 키폰교환기 유지보수 용역,미분류
항온항습기 1종 구매,미분류
공병 친마사 구매,미분류
16년 후반기 디지털인쇄기/컬러복합기 재료 구매,미분류
니트릴폼코팅 장갑 등 17종 구매,미분류
송풍기 등 6종 구매,미분류
방충망 450EA 납품 설치,미분류
자동차 타이어 등 12종 구매,9종
간장 고추지 등 10종,1종
일반우유 등 18종,1종
00부대 유류공급시설건설 관급자재(혼합골재) 제조,미분류
공군 이러닝 모바일교육체계 개발사업(리스물건),미분류
F.R.P. 폐선체(1척) 해체 용역,미분류
군장비정비 및 군수리부속 원가계산용역,미분류
방화지대 구축 용역(경기 가평등 6곳),미분류
16년 3/4분기 정보체계예산 구매,미분류
낙동강 전승행사 기념품(등산모자) 납품,10종
00부대 통합시설 GHP 냉난방기 설치납품,4종
'17년 해군수첩 외피(6공) 제조,미분류
벤치프레스외31종,미분류
가변저항 등 9종 구매,미분류
해수 스트레이너 등 9종 구매,미분류
LED TV 22EA 구매,4종
일공펀치 등 34종,미분류
스테플 등 343품목 구매,미분류
의료기재 53종 구매,미분류
16-00전대 폐기물 처리용역,미분류
히알큐 점안액 등 90종,미분류
송풍기 등 3종,미분류
"콘덴샤,교류용 등 3종",미분류
"밸브,버섯형,엔진용 등 4종",4종
절취스프링 노트 등 177종,미분류
16-참모대(태극-JOS모델 장비임차용역),미분류
하수관 청소기 등 193품목 구매,미분류
케이블 닥트 등 194품목 구매,4종
의약품 및 의료기재 39품목 구매,8종
16-지원과 시설자재(자갈 등100종)구매,4종
인사처 국가기술 자격검정 도서 구매,10종
벤치프레스 등 5종,미분류
낙동강 전승행사 기념품(손목시계) 제조납품,10종
런닝머신 등 2종,미분류
조타실방탄유리 등 6종 구매,4종
구명부환 10EA 구매,미분류
포토용지 등 43종,미분류
복사용지 등 43종,미분류
연필깎이 등 100종,미분류
외장하드 등 363종 구매,미분류
병력책정기준 산정과 연계한 조직진단 기법 체계 연구,10종
소고기 육포 제조 납품,1종
일용품(세탁비누 등 12종) 구매,10종
16-기중기정 건조(60톤),미분류
PRC-999K부품(구매),9종
폐수 고도처리시설 오존산화조 청소용역,미분류
16-계류지원정(450톤) 건조,미분류
00대학 네트워크접근통제체계 구축,미분류
노후 전자감지기 보강 사업,미분류
16-1차 복지기금(운동기구) 구매,2종
추석특식 빵세트 구매,미분류
"16-계류지원정(600, 300, 200, 70톤급) 건조",미분류
"전자모듈, 표준화형 6EA",미분류
작전용 방탄헬멧 등 5종 구매,2종
전자해도표시스템(ECDIS) 유지보수 정비,4종
향방작전용 PMS통합관제시스템 관제 P/G 등 6종 구매,미분류
K1전차 베어링등4종구매,7종
K1개스킷등9종구매,미분류
K1나사등33종구매,미분류
"'16년 축성도구(삽,곡괭이) 구매",미분류
16-조-46 레그컬기구 등 10종,미분류
손목보호대 등 28품목,미분류
16년 OO부대 청소용역(3),미분류
유류시험장비(증발감량시험기 등 3종) 구매,7종
공군 이러닝 무선기반체계 구축사업(리스물건),미분류
주둔지 경계용 CCTV 제조설치,7종
OO부대 시설관리 및 조경관리 용역,미분류
16-덕-열영상감시카메라(CCTV) 제조 설치,7종
항온항습기 (ECU) 제조 설치,미분류
수리부속 10종 구매,9종
손목보호대 등 28품목,미분류
후반기 의약품 구매,8종
후반기 폐목재 위탁처리 용역,미분류
3분기 식품검사 재료구매,미분류
행사장(무대 및 음향 등) 구성물품 임차,10종
카드링 등 196종 구매,미분류
도서(120일간기적등370품목),10종
복사용지 등 102종,미분류
커넥팅 플라이어 등 17종 구매,미분류
복사용지 등 216종,미분류
강화도어 스텐바 등 37종,미분류
16-000대대 정수기(3대) 임차 용역,미분류
16-지원과 복사기 토너 등38종 구매,2종
의약품 및 임상병리 시약 구매(8월),8종
인화지(5인치) 등 85품목,미분류
방수용장갑 1종,4종
후반기 정신교육 영상교재(국가관) 제작 용역,미분류
산악침투복,미분류
비행복,미분류
무전기세트 안테나 등 2항목 제조(물품),2종
16년 오리콘 몸통,미분류
00지역 토탈지원 서비스 자재구매,미분류
배낭부속재류,미분류
항온항습기(15RT) 제조 설치,미분류
디지털인쇄기 부품 및 소모품(토너검정등 14종) 구매,2종
"신병 포제, 루프테이프 제작 및 부착",미분류
16년 풋살장 신축공사 p.p바닥재 설치납품,미분류
16년 신앙상징물 구매,미분류
105밀리 포병탄약 지환통 제조,미분류
전시체계 설치납품,미분류
헬륨충전 등 9품목,미분류
의료기재 (인바디 용지 등 67종) 구매,미분류
의료기재(K-FILE 25MM 10 등 65종)구매,미분류
SOLT 환자 호출벨 등 245종,미분류
의약품(안연고 등 64종)구매,8종
'16년 디지털 영상/사진 편집기 구매,10종
후반기 일반폐기물 위탁처리 용역,미분류
디지털 인쇄재료 구매,미분류
군 숙소 위탁관리 용역,미분류
16년 풋살장 신축공사 p.p바닥재 설치납품,미분류
국군의 날 경축특식 빵세트,미분류
"베이스,커플링 조립용 등 16항목 제조(생산능력,총포)",미분류
단발자 등 5항목 제조(총포),미분류
16-293 혼합석 등 2품목 구매,미분류
16-본-공-01(특기교육생 식당개선) 보일러 구매/설치,미분류
용융제강 슬래그 등 22품목,미분류
3분기 전산운영용품 구매,2종
HACCP형 취사장용 취사기구 구매,2종
00대대 간부숙소 냉장고 구매,미분류
울트라셋 등 52품목,미분류
공구세트 등 38종 구매,9종
16-해-탐조등(12인치) 11EA 제조,미분류
벽걸이 에어컨 등 3종,미분류
탕수육 등 12품목,미분류
마가렛트 등 41품목,미분류
감자수제비 등 15품목,미분류
반판두부 등 14품목,1종
깍두기 등 3품목,미분류
배추김치(조각) 등 5품목,1종
피탄 고글 등 2종,미분류
작전장갑 105EA,미분류
잠수함(SS-Ⅰ) 조종훈련장비 유지보수 총분해 정비,미분류
탑승형 청소차 구매,미분류
신병교육 재료 구매납품,미분류
데스크탑 컴퓨터 제조납품,2종
궤도생산공장 폐흙 슬러지 침전조 청소용역,미분류
휴대형 라디오 구매,미분류
내의류 등 5종 구매,미분류
00지역 안보교육관 연결의자 설치납품,2종
16-3차 시추공 매몰방지용 자재(구조용 흑관) 구매,미분류
3분기 전산체계운영용품 구매,미분류
장비운영소모품(65차) 구매,미분류
국가기술검정 생활관 컨테이너 제조설치납품,2종
173-V벨트등44종,미분류
무전기용 고정형 중계기 제조 설치,2종
00부대 탄두회수대 설치납품,5종
지휘관 및 주임원사 휘장 0종 제조구매,미분류
코일히터 등 18종,미분류
충전임펙드릴 등 9품목,미분류
제트스트림 펜 등 47종,미분류
넥시움 등 30종,미분류
트라이콘 등 3종,미분류
2공 펀치 등 135종,미분류
충전임팩드릴 등 9종,미분류
디지털 카메라 1종 구매,미분류
전지 조립체 등 9종 구매,2종
압축기(FX5) 1종,미분류
조향 등 등 4종,미분류
주파수 변환기 1종,미분류
브이밸트 등 6종 구매,미분류
투광기외47종 구매,미분류
군수처 방송장비 구매,미분류
(조달)3훈비 아쿠아우드등 51품목(16-3-191) 구매,미분류
"마대 10,000EA 구매",미분류
붐 그리스 등 2종,3종
눈삽 등 23종 구매,미분류
배식용 받드 등 23종 구매,미분류
런닝머신 등 4종 구매,미분류
프린터 토너 등 230종 구매,2종
전압조절기 하부조립체 1종,미분류
캠 스위치 등 16종 구매,미분류
군수처 먼지떨이 공기압축기 설치,미분류
붓 등 16품목,미분류
포터2 타이어 등 25종,9종
필터엘리멘트 등 34종 구매,9종
익스팬션 조인트 등 31종,미분류
고속 탈수기 등 2종,미분류
차염발생장치 구매,미분류
진공포장지 등 65종 구매,미분류
00지역 교환기 교체사업(감시카메라),미분류
거꾸리 등 3종 구매,미분류
컷팅매트 등 129종 구매,미분류
바닥타일 등 28종,4종
튜블라형 도어록 등 24종,미분류
임상독성학 등 14종(의학서적),미분류
연구소 감정재료 구매,10종
종이컵 등 271종,미분류
충전건전지 등 259종,2종
16-2차 의료기재 구매,미분류
의약품 및 의무장비 소모품 구매(7차),8종
가스켓 등 6품목,3종
사물놀이 복장 등 16종,미분류
공기청정기,미분류
00지역 취사식당 비품 구매,미분류
폐목재 처리 용역,미분류
00부대 훈련 보조재료 구매,미분류
16년 국방민원서비스 만족도 조사,10종
3분기 정보체계운영용품 구매,미분류
객실 및 목욕탕 위생용품 42종 구매(연간단가계약),미분류
컨테이너 제조설치(조달-173),2종
휴대용 무선 영상감시시스템 제조 / 구매,미분류
대형 콘크리트 절단기 구매,4종
차량정비고 25톤 리트프 제조설치(이전설치 포함),미분류
16년 해병대 도청탐지체계 구축사업,미분류
2016 사천에어쇼 공군홍보관 전시용역,미분류
인쇄재료(모조지 백색)구매,미분류
휴대용 무선 영상감시시스템 제조 / 구매,미분류
2016년 의무장비(손 세척대) 구매,8종
2016년 의무장비(멸균기 소형) 구매,8종
2016년 고단가 수술기구 6차 구매,미분류
취약점 군 영향성 평가 및 조치결과 관리방안 연구,10종
삼정검(부수기재 포함),미분류
프리미엄 포토용지 등 34종 구매,미분류
종이컵 등 156종 구매,미분류
도서(가스기능사 필기) 등 34종,3종
케이블타이 등 60종 구매,4종
멀티코드 등 51종 구매,미분류
니퍼 등 181종 구매,미분류
차단봉 등 152종 구매,미분류
원형 후라이펜 등 47종 구매,미분류
[기행교] 기어식지주 등 2종 구매,미분류
벽걸이 에어컨 구매,미분류
타이어 등 5종 구매,9종
하이플러스A4 등 132종 구매,미분류
"153볼펜 등 1,107종 구매",미분류
은사 수세미외 6종 구매,미분류
공군 자살예방 프로그램 개발 용역,미분류
지지대 조립체 등 8항목 제조(물품),미분류
LED BAR 조립체 등 1항목 구매,4종
탄통조립체 등 2항목 구매(물품),미분류
00부대 샤프트 바란싱 머신 외주정비 용역,미분류
다련장 호스조립체등6종구매,미분류
전원변환기 등 4종 구매,미분류
밧데리 등 38종 구매,9종
조종사 마후라 1항목 구매(물자),미분류
방송장비 야전앰프 등 2종 설치납품,미분류
00학교 빔프로젝트 교체,미분류
'16년 ICT기반 스마트 예비군훈련 관리체계 구축,미분류
급식사업(사골곰탕 제조),미분류
ACMI 항적/음성자료 관리체계 교체사업,미분류
인쇄소모용품 3종 구매,미분류
안보관 음향시스템 제조설치(K-60),미분류
16-3차 교관용 참고도서 구매,10종
비디오스코프(16-121),미분류
국가기술자격 학습교재 000권 구매,미분류
해병대일지카바등 2품목,미분류
우레탄 디스탠스 매트 등 11품목 구매,미분류
슬리퍼 등 10종 구매,미분류
이동용 고출력 방송장비 구매,미분류
"너트,평면,원형 1종",9종
P-3CK 비행관리체계 유지보수 용역,미분류
00부대 컨테이너 제조설치 납품,2종
장군 장구류 0종 구매,미분류
국가기술자격 학습교재 구매,미분류
통신장비용 축전지(5종) 구매,2종
군인의 지위 및 복무에 관한 기본법 소책자 표지 제조,미분류
위협관리체계 운영환경 구축,미분류
'16년 큐브 및 빔 프로젝트 램프 구매,미분류
호흡기 바이러스 진단시약 구매,미분류
00지역 아파트 씽크대 제조 설치납품,미분류
YF No.2 D/E 정비,미분류
머그컵 등 2종 구매,미분류
EPSON 잉크 등 111종 구매,2종
인쇄재료 92종 구매,미분류
문서보관상자 등 199종,미분류
온도변화컵 구매,미분류
'16년 후반기 모범장병 및 군무원 국내시찰 여행 용역,미분류
손원일급 잠수함(SS-II) 조종훈련장비 유지보수 정비,미분류
후반기 정신교육 영상교재(군인정신) 제작용역,미분류
후반기 정신교육 영상교재(안보관) 제작 용역,미분류
선수공통피복 제작구매,2종
선수공통피복 제작구매,2종
유도무기 품질인증사격시험 기준 정립 및 절차 연구,10종
윌로 수중펌프 구매,미분류
잔류염소측정기 등 18종,7종
"바, 금속제 등 23품목",미분류
보드 테스터 유지보수,4종
도서(정보처리기사 필기 등 140종)구매,10종
교육장비(질량분석기) 구매,미분류
네트워크 장비 구매,2종
00학교 항온항습기 제조 설치,미분류
`16년 전군지원 상용SW 구매,미분류
16년 근거리 전산망(LAN) 교체사업(리스물건),2종
00부대 조수기 제조 설치,미분류
6.25전사자 발굴 유품 위탁 보존처리 용역,미분류
000사업 전송/정보보호장비 설치납품,미분류
사이버전 수행개념 및 절차 연구,10종
경축특식 과자세트,미분류
경축특식 떡세트,미분류
적외선 열영상장비(IRD-2000) 2차 외주정비 용역,미분류
바나나,미분류
추석 경축특식 과자세트,미분류
00부대 관사 씽크대 철거 및 설치(근-16-108),미분류
"필터 드라이어 5/8"" 등 20품목",9종
에어컨(16-213),미분류
형광등 등 81종(16-210),미분류
16-인-오/폐수처리시설 수질검사 용역,미분류
16년 2분기 전산운영용품 구매,2종
가스주입기 등 77품목 구매,3종
병원커튼 등 2품목 구매,미분류
00부대 정보화사업 빕프로젝터 설치납품,미분류
복사용지 등 37종,미분류
공사용 관급자재(AL창호) 제조,4종
리프레쉬플러스 점안액 등 211종,미분류
포병대 시설 CCTV 제조/설치,4종
공사용 관급자재(AL창호) 제조,4종
각대봉투 등 41종 구매,미분류
재생토너 등 3종,2종
카본 헬멧 50EA,미분류
스위치 등 64종 구매,미분류
2분기 8차 의약품구매,8종
싱크대 등 31종 구매납품,미분류
기상 수치예보체계 교체사업(리스물건),미분류
의약품 모물린 등 46종,8종
스카치테이프 등 234종,미분류
원격통합통신체계 구축사업(리스물건),미분류
공사용 수공구 구매,9종
GOP대대 수중모터펌프 자재구매,미분류
표창용 손목시계 제조,미분류
전자출판시스템 구매(리스물건),미분류
'16-2차 한빛부대 재보급물자 해상/내륙수송 용역,미분류
전원공급기 시험장비 TPS 제어부 랙 제조설치,7종
엔진 청수쿨러 열교환기 2EA 구매설치,9종
필터-에어클리너 등 185종,9종
등짐펌프 등 5종 구매(연평도),미분류
의약품(체성분검사 측정용지) 등 68종,8종
복사용지 등 295종,미분류
캐디복 등 2종 제조납품,미분류
1회용 종이 apron 등 54종(치과재료),미분류
3M Durapore Surgical Tape 등 80종(의료기재),미분류
유박신주 1.5g 등 111종(의약품),8종
16-연습처(스피크 폰 등3종 구매),미분류
알루미늄판 등 6종 구매,미분류
16-05-버스 임차 용역,미분류
16-목-군 숙소 정수기 임차용역(12대),미분류
타이어 등 4종,9종
형광펜 등 603종,미분류
컷팅매트 등 286종,미분류
ㅇㅇ연대 풋살경기장 인조잔디 설치납품,미분류
토너 등 185종,2종
복사기토너 등 104종,2종
중앙처리보드 1종,미분류
"섹션,장방형 등 2종",미분류
"밸브,버섯형,엔진용 등 2종",4종
밸브 수리 키트 1종,4종
(조달)3훈비 페인트등 13품목(16-3-179) 구매,4종
00부대 통합시설 창호 제조설치 납품,4종
이미지 플레이트 등 2종(16-186),미분류
의약품 51종 구매(16-13차),8종
(육성) 105-4대대 PMS 고정링크 중계기 설치(수정),미분류
트레픽페인트외1종 구매,4종
수영복 등 3종,미분류
양손가위 등 17종,미분류
3분기 교육예산(디지털카메라 등 21종 구매),미분류
워셔액 등 14종,미분류
회전도 등 16종 구매,미분류
양용 드라이버 등 74종 구매,미분류
16-거 자-00호정 외주정비,미분류
등기구 등 29종 구매,미분류
16년 방송장비(AMP) 구매계약,미분류
0000 수집/분석장비 구매,미분류
가락국수,1종
군종 영상교재 제작 용역,미분류
군종 영상교재 제작 용역,미분류
국군의날 경축특식(빵세트) 제조(구매),미분류
흡기밸브 등 273종,4종
해외파병장병 의장 격려품(지구본 탁상시계) 구매 2차,미분류
실내사격장 장비 제작설치,미분류
00부대 컨테이너 창고 제조설치,2종
인쇄재료23종구매,미분류
해외파병 상용품(유지물자) 구매,미분류
해외파병 상용품(영선물자) 구매,미분류
00부대 컨테이너 제조설치(16-170),2종
브레이크 드럼 등 166종,9종
아인지우개 등 226종,미분류
샤프 등 136종,미분류
고무장갑 등 247종 구매,미분류
국내 도서 구매(5차),10종
16년 통신용 축전지 구매,2종
"99-1대대 캐노피천막,야전침대,자동화타겟 구매",2종
스테인리스 샤클 등 8종 구매,미분류
전투복(하복) 등 5종,미분류
컨센트릭 밸브 조립체 등 18종(2-2),4종
"스위치, 회전식 등 2종",미분류
냉각팬 등 11종,미분류
부식 방지제 등 22종,1종
"생산단 궤도보듸, 성형기(금형) 외주정비 용역",미분류
방부말뚝 등 246종,미분류
잉크젯 프린터 등 2품목,2종
00사령부 LED조명기구 제조,4종
16-덕-광전송장치 제조 설치,미분류
인쇄장비(판출력기 등 2종) 구매설치,미분류
휴대용 폭발물탐지기 구매,미분류
보안취약점 식별을 위한 환경기반 구축,미분류
기념반지 구매,미분류
인조잔디등 4품목 구매 및 설치(근-16-105),미분류
기무부대 이동형주택 제조 설치납품,미분류
해머드릴세트 등 45종 구매,미분류
군용장구(탄입대) 구매,미분류
게이트도어락 85EA 구매설치,미분류
탈수기 등 9종 구매,미분류
베어링 커버 등 8종('15년 사고이월예산 집,9종
"밸브,버섯형,엔진용 등 3종",4종
석면함유 건축물 개선(관급자재) 조명기구 구매 설치,4종
제66주년 9.28 서울수복 기념행사 대행 용역,미분류
보존식 냉장고 등 00종 구매,미분류
서버실 및 네트워크 이전 설치 구축,2종
16-2차 한빛부대 정비반 물자구매,미분류
16-2차 한빛부대 민사물자 구매,미분류
00부대 신본청 청소관리 용역,미분류
3/4분기 전산소모품 구매,2종
현무암판석(부정형) 구매,미분류
안전화 15개,미분류
레이저 표적지시기,미분류
스프링노트 등 376종 구매,미분류
동관(L형)외 63종 구매,미분류
자기케이블 권해선장비,미분류
"발전기세트, 디젤엔진식 200KW",9종
"하계 신형전투복,체촌(육해군,해병)",미분류
계기착륙장치(ILS)사업 선행연구,10종
전차병복,7종
장비 보관 나무박스 제조 납품,미분류
교과서 144종 구매,10종
'16년 경남지역 하역용역,미분류
’16년 해군 출입통제체계 보강사업(리스물건),미분류
고정식 자기검사 유닛 구매,미분류
Truepress Jet520 전용잉크(CMYK)등 6종 구매,2종
고압가스 구매 / 용기정비,3종
제습기 1항목 구매(특무),미분류
"번들화물 소포장낭, 특전사용",미분류
"대테러복, 특전사용",미분류
대함무인표적정 정비,미분류
싱크대(24평형)외1종 제조·구매(철거·설치포함),미분류
병영도서관 도서 구매,10종
공기안전매트 등 2종 구매,미분류
"(위임90,92~94차) 시설보수 자재납품",4종
00부대 교육비품(초음파 외상환자 진단 팬텀) 구매,미분류
"IT,인문을 만나다 등 407종(도서)",10종
부직포필터 등 36종 구매,9종
가스렌지 등 5종 구매,3종
철띠 등 43종 구매,미분류
발목보호대 등 124종 구매,미분류
양장노트 등 258종 구매,미분류
건전지 등 232종,2종
유성펜 등 44종,미분류
워셔액 등 149종 구매,미분류
호스조립체 등 14종 구매,미분류
부대 의약품 및 의료기재 구매,8종
플라스틱링 등 523종 구매,미분류
총기보관함(10정용) 등 3종 구매,미분류
참치통조림 등 9종,미분류
16년 예비군 육성지원사업 물품구매(저격수조준경),미분류
LED구동장치 등 5품목,4종
1607부대 창고시설 보강공사 자재 제조납품,4종
갈퀴 등 9종,미분류
친마사 구매,미분류
체력단련장 모래 구매,4종
[군수처] 테이블리프트 등 4품목 구매,미분류
공군 상용SW 구매사업,미분류
'16년 해군 도청탐지체계 구축사업,미분류
재경지원대 장비이전 및 설치 용역,미분류
2016년 고단가 수술기구 5차 구매,미분류
2016년 2차 재생토너 구매,2종
침상형관물함 제조구매,미분류
16-5차 전산운영용품 구매,2종
"아연양극, 선체외부용, 볼트체결식 등 6종",9종
몽골텐트 등 2품목 구매,2종
'16-00지원전대 폐기물 처리용역(폐목재류),미분류
'16-00지원전대 폐기물 처리용역(폐합성수지류),미분류
"파이프,곡선형,금속제 등 3종",4종
복사용지 등 62종,미분류
복사용지 등 85종,미분류
덤웨이터 제조설치,미분류
벽걸이형 에어컨 설치납품,미분류
종균제,미분류
조수기전기판넬 등 78종 구매,미분류
산소 분석기 센서 등 5종,3종
복사용지  등 327종,미분류
구동벨트 등 20종,미분류
"밸브,버섯형,엔진용 등 4종",4종
"밸브,버섯형,엔진용 1종",4종
김치냉장고 등 3종,1종
프린터 잉크 등 66종,2종
간이 병기·탄약 보관함 지문인식단말기 이전 설치,미분류
컴포트 그립 장갑 등 318종,미분류
지우개연필 등 151종,미분류
심폐소생술 마네킹 등 2종,미분류
복사용지 등 214종,미분류
레코스타 등 31종,미분류
건조기(9kg) 3대 납품 설치,미분류
식당 하수관로 및 오수중계펌프실 준설 용역,미분류
컷팅매트 등 67종,미분류
수은전지 등 45종,2종
RFID 출입통제체계 구매,미분류
소형굴삭기(트랙) 구매,미분류
컨테이너 2종 제조 구매,2종
복사용지 등 223종 구매,미분류
해군 정보통신 70년사 발간 용역,미분류
니트릴장갑 등 16종,미분류
K계열 자주포 유지용 부품류,7종
청수펌프 251GPM,미분류
"안정기,투광조명등용 등 5항목 구매(기장)",미분류
직.교류 발전기 외주정비 용역,미분류
모형진지 구매,미분류
'16-포-소방시설 작동기능점검 용역,미분류
"00함 No.1,2 발전기 국부제어반(LCP) 정비",미분류
'16년 유류취급 안전장구류 구매,미분류
"끈,세폭띠형 등 3항목 제조(기장)",미분류
할로겐램프 등 5종 구매,미분류
역류방지밸브 등 10종,4종
도서(영어로 읽는 먼나라 이웃나라) 등 541종,10종
글자전쟁 등 497품목 구매,미분류
시설부대비 물품구매,4종
혼합골재 등 2종 구매,4종
00부대 통합건물(용문)  통합배선 제조 설치,미분류
'16년 후반기 행정소모품(복사용지)구매,미분류
"'16년 후반기 행정소모품(복사기 토너, 발간재료)구매",2종
드럼 의자 등 5종 구매,2종
육군회관 및 용사의집 식자재 0000종 구매(연간단가),미분류
국군의 날 행사 동영상 제작용역,미분류
군인복지기금 성과평가 및 자산운용컨설팅,미분류
PP-2K부품(구매),9종
혈액검체롤링기 등 2항목 구매(물품),8종
이동형 음원장비 소모품 5종 구매,미분류
케이블류(구매),4종
K1전차 포신 약실 검사장비 개발 기술 용역,미분류
최신사이버 정보제공 라이선스 구매,미분류
체계 개발환경 고도화 사업,미분류
전관방송장비 제조 설치,미분류
방화지대 구축용역(인천 계양등 5곳),미분류
인쇄재료(모조지등 3종)구매,미분류
16-동 변압기 PCBs 검사 용역,미분류
행정 각대봉투 등 453종 구매,미분류
수정테이프  등 174종,미분류
미니수첩 등 107종,미분류
송수화기(핸드셋트류),미분류
16-1차 전산운용소모품 구매,2종
엔진 포워드 마운트 등 23종 제조,9종
16년 부산광역시 육성지원물품(저격수 조준경) 구매,미분류
E-3부대 진입로 메시형 울타리 제조 설치납품,미분류
교류 전원 공급기 등 2종 구매,미분류
16-1차 PC(중소) 도입사업,2종
16-인쇄용지(모조지80gA종) 등 3종 구매,미분류
E-3부대 진입로 메시형 울타리 제조 설치납품,미분류
국가기술 자격검정 학습교재 구매,미분류
무인정찰 탐조등 세트 제조(기장),미분류
스로틀 서보 등 27종,미분류
프로탑 등 160종,미분류
미송각재 등 17종,미분류
자연 통풍관 가스켓 등 15품목,3종
(육성) 16-1차 물품 통합구매(수통 등 10종),미분류
휴대용 배낭 등 3품목,미분류
디지털인쇄기 토너 등 11종,2종
개스킷 등 19종,미분류
부식 방지제 등 21종,1종
00부대 소방시설 안전점검 용역,미분류
체력단련장 식자재 000종 구매,미분류
코팔라이트 등 52항목 구매(물품),미분류
방위사업 원가계산 외부용역 8차,미분류
"사계 신형전투복, 체촌(육해군,해병)",미분류
운전면허 발행기 구매,미분류
고공강하복 2항목 제조(물자),미분류
엘리먼트 등 177종 구매,미분류
메인필터 등 43종 구매,9종
수압조절기 등 105종 구매,미분류
지뢰살포기용 부품(제조),5종
장비운영소모품(59차) 구매,미분류
3/4분기 전산용품 구매,2종
물자 정비재료 134종 구매,미분류
디지털 영상시스템(LCOS 프로젝터 등 2종) 구매설치,미분류
기술연구 환경구축 PC사업,2종
OO부대 이사용역,미분류
00아파트 씽크대 제조설치,미분류
16년 WAN 광전송장비 교체사업,미분류
기부대양여사업 감정평가업체 선정,미분류
000사업 CCTV 제조설치,7종
산업용컴퓨터 등 3종 구매,2종
손톱깍이 1항목 구매(물자),미분류
항공등화 소요자재 2종 251점,7종
출력 증폭기 등 20종,미분류
덱 플레이트 제조납품,미분류
"엘보, 파이프용 등 3종",4종
이디 밸브 230 V 1종,4종
"열선유리,직사각형 등 5종",4종
"프레임,호스 릴용 1종",미분류
인덱스탭 등 195종 구매,미분류
장방향 경광등 등 9종 구매,미분류
타이어펑크송곳 등 65종 구매,9종
핸드셋 등 5종,미분류
실린더 스크류 등 7종 구매,미분류
자동수위측정기 등 2종,7종
VHF 무선송수신기 구매,미분류
포스트잇 플래그 파일 바인더용 등 42종,미분류
염소용 인젝터 등 4종,미분류
"니코싸인 등 146종(의료기재,의무장비시약)",8종
삼진니모디핀 정 등 95종(의약품),8종
무선후방감지기(순정) 19EA,미분류
봉고3배터리 등 8종,9종
00지역 군 숙소 청소용역,미분류
국가기술자격검정 학습교재 구매(374권),미분류
손톱깍이 세트 구매,미분류
폴건 노즐 헤드 등 19종,미분류
민수용 타이어 구매,9종
콘솔 모니터 등 27품목 구매,2종
플로토용 매트지 등 18종,미분류
압력 스위치 등 6종,미분류
"발전기,교류식 1EA",미분류
대체녹지 조성 왕 벚나무 등 3종 구매,미분류
인터넷접속/전자우편 통제 및 분석체계 교체사업,미분류
서바이벌 장비 구매납품,미분류
16년 00훈련 워게임장비 임차,미분류
쌍안경 및 조준경 구매납품,미분류
2차 풋살경기장 인조잔디 제조설치납품,미분류
국가기술자격 학습교재 구매,미분류
'16-전세버스(28인승) 1대 임차용역,미분류
의약품 및 의료기재 구매(K-96),8종
(16-098) 호침 등 107품목,미분류
학무관 신축공사 통합배선 제조설치,미분류
사이버방호센터 정보보호체계 이전사업,미분류
17년 위탁물품 정기선정 가격조사 용역,미분류
국군교도소 침대생산자재 제조(목재류),4종
전산소모품 구매,2종
OO함 전기추진체계 정비,미분류
콤비 블라인더 등 29종 구매,미분류
헬륨가스용기 구매,3종
부대기 등 49품목 구매,미분류
MAIN CUBE 등 7종 구매,미분류
00대대 등 3개부대 통신장비 구매,미분류
태권도복 등 176종 구매(연평도),미분류
보조전시기 등 259종 구매(연평도),미분류
LED 비상조명등,4종
뮤테란 과립 등 84종 구매(연평도),미분류
웰딩에폭시 등 172종 구매(연평도),미분류
라인노트 등 192종,미분류
복사용지 등 161종,미분류
고광택 포토 용지 등 299종,미분류
인덱스 바인더 등 74종,미분류
포탑안정화장치부품류(구매),9종
3/4분기 교육물품 구매(2차),미분류
빔프로젝트 램프 등 54품목 구매,미분류
16-목-0함대 제초용역,미분류
뉴헤미스피어 스텐금장 GT 만년필 50개,미분류
육성지원물품 구매(16-동원-02),미분류
(조달)3훈비 폴리카보네이트 지붕(16-3-175) 제조구매,미분류
(16-227)의료기재(MEDIC KIT외 2품목),미분류
정품 프린터 토너(MLT-D115L 등 61개)구매,2종
3분기 교육예산(아스테이지 등 135종),미분류
트랙터형 제초기 구매,미분류
"필터 조립체, 전기용 등 8종",9종
방독면(K5) 안경,2종
16-00부두 정밀점검 용역,미분류
자수용 바늘 등 16종,미분류
염화나트륨 등 57품목(물품),미분류
군수품 상용전환을 위한 시장조사,10종
16-P-폐변압기 내 절연유 PCBs 검사 용역,미분류
교전훈련장비 상용품 구매,미분류
00망 웹메일 시스템 구축,미분류
에어필터(집진필터 유니트) 제조설치,9종
보오스코우프 키트 구매,미분류
특수훈련시스템 교체사업 구매설치(리스물건),미분류
OO지역 인쇄장비 이전 및 설치 용역,미분류
16-P-청룡회관 후반기 식자재 단가 계약,미분류
"16-146,177 드론세트 등 20종",7종
리미트로라 스위치 등 19종 구매,미분류
순간접착제 등 159종 구매,미분류
복사기토너 17종 구매,2종
면봉 등 16종 구매,미분류
밥솥 25EA 구매,미분류
스마트 충전기 등 945종,6종
00부대 CCTV시스템 노후교체 및 보강,7종
독립운동 정신계승 해외여행 용역,미분류
00학교 교과서 및 부교재 구매(2차),10종
00학교 전문도서 구매,10종
야전배낭류,미분류
열풍기 등 00종 구매,미분류
"종이, 화학제 탐지기용",미분류
위병소 과학화 출입시스템 제조 설치,미분류
노후 WAN 장비 제조설치,미분류
00지역 교환기 교체사업,미분류
'16년 WAN  채널먹스 장비 교체사업,미분류
인쇄재료 13종,미분류
군위성통신단말기(차량용)부품(구매),7종
16-183 훈련용 방수복 등 2종,4종
16-S-03 전세버스 임차 용역,미분류
RG 400 CABLE 등 94품목,미분류
고속고무보트 7인승 구매,미분류
이기종 연동장비세트(게이트웨이set 등 2품목),미분류
"링,피스톤용 등 8종",미분류
"그로밋,금속제 등 3종",미분류
송수화기 등 2종,미분류
하후생 학과 출장가방 1종,미분류
고속고무보트 7인승 구매,미분류
운고측정장비,미분류
스파게티소스,미분류
"요대,개인장구용",2종
16-인성교육프로그램 등 연구 용역 계약,미분류
'16년 통합보안관제체계 구축사업(리스물건),미분류
CMSS 교육용 의자 등 9종,2종
00지역 군숙소 계단 청소 용역,미분류
민간인 지뢰제거 방안 연구,5종
간부숙소 6개소 개수 바닥난방시설 설치 구매,4종
"집진기,이동식 등 1항목 구매(기장)",미분류
차량오일 수거기 등 4항목 구매(기장),7종
브레이크 시험기 등 4항목 제조(기장),9종
투광기 거치대 등 237품목,미분류
냉장배식대 2대 구매,미분류
테이블 등 0종 제조납품,미분류
복사용지 등 538종,미분류
축전지 등 2종 구매,2종
16-8차 의약품 및 의료기재 구매,8종
리빙각티슈 등 20종,미분류
디지털 칼라전용지 등31품목,미분류
디지털 칼라전용지 등31품목,미분류
00부대 노후 방송장비 교체 설치,미분류
간부 상담역량 강화 진단 프로그램 개발,미분류
팽창변 등 12종(2-2),미분류
윤활유 펌프 등 2종(2-2),3종
팽창변 등 12종(2-2),미분류
전차용 표적 및 표적꽂이,7종
"부품키트,봉합재용",9종
자동캔따개 등 3항목 구매(물자),미분류
추석 경축특식(과자세트) 구매(제조),미분류
2016년 한국-GCC 방산협력 컨퍼런스 행사진행,미분류
광전송장비 유지보수,미분류
제트스트림 3색 볼펜 등 183품목,미분류
중형제독기수리부속,9종
디젤 지게차 등 2종 구매,미분류
장비운영소모품(58차) 구매,미분류
의료기재(49차) 구매,미분류
"격막, 밸브용, 평면형 등 13품목",4종
주방가구 등 4종 제조 설치,2종
기밀유출 차단용 보안용지 구매,미분류
무선송수신기(무선인터컴) 제조설치,미분류
수도병원 의무비품 3단침대 등 2종 구매,미분류
찬밧드냉장고,미분류
프린트 토너 등 146종,2종
드라이버 및 플라이어류,미분류
내경홈 가공용 홀더 등 174품목,미분류
포스트 잇 등 354종,미분류
전압조절기 하부조립체 1종,미분류
'16년 대출력 앰프(성우회관) 시스템 구매사업,미분류
배터리 2종 구매,9종
풋살경기장 인조잔디 제조설치 납품(3개소),미분류
변압기 등 제조 설치,미분류
제설함 등 5종 구매,미분류
손목받침대 등 143종 구매,미분류
00함 화장실/세면장 바닥 정비,미분류
귀덮개 등 861종,미분류
경유(저유황) 등 3종,3종
풋살경기장 인조잔디 제조설치 납품(3개소),미분류
"헬기 구성품(제어장치,시동보조기용) 정비",미분류
자주포 포탑부품류,7종
제초(건초)작업 용역,미분류
"조달-방-16-28 11,000파운드 지게차",미분류
사무용(OA)비품,미분류
3분기 교육예산(교육장비 등) 구매,미분류
기동단 조향장치 시험장비 외주정비 용역,미분류
505여단 16-3차 디지털판초우의 구매,미분류
스위칭허브 등 168종,미분류
(16-090) 배터리 충전기,9종
00지역 시설물 정밀점검 용역,미분류
00부대 UPS 제조설치,미분류
16년 원격교육체계 장비 설치 납품,미분류
계룡대 발전기 병렬운전반 제조 설치,미분류
기밀유출 차단용 보안용지 구매,미분류
인쇄용지 2종(크라프트지등 2종),미분류
16년 목재펠릿 구매,4종
"(육성)505여단 핸드토키, 개인화기조준경 구매",7종
"(육성)505여단 수통, 수통피 구매",미분류
"(육성)505여단 탄띠, 탄입대 구매",미분류
국가기술자격 학습교재 구매,미분류
염화칼륨 40주 등 98종(의약품),8종
3M Durapore Surgical Tape 등 143종,미분류
니퍼 등 107종,미분류
보일러 제조 설치 납품,미분류
식기세척기(2대) 임차,미분류
쇄석(25mm)등 2종 구매.,미분류
유류시험기자재 구매,미분류
양면테이프 등 37종,미분류
스티마릴주 등 2종(예방약품),미분류
런닝머신 등 4종,미분류
샤워 타올 1종,미분류
"One-Stop 수송지원(7,15사단) 전세버스 수송용역",미분류
(육성) 조준경 구매,미분류
(육성) 향방물자 GPS 등 3건 구매,미분류
"ㅇㅇ연대 컨테이너 제조, 설치, 납품",2종
"(조달)3훈비 인양기,소형기중기(16-2-168) 구매",미분류
군용 위장망 구매,2종
케리케이블 수중절단장치 1EA,4종
(육성) 향방물자 구매(구급낭 셋 등 6건),미분류
(육성) 103-2대대 스마트훈련 체계 설치,미분류
현측 PE 방현대 등 5종 구매,미분류
유압식 쇼트 램 등 7종,미분류
군용 판초우의 제조납품,미분류
컨테이너 제조설치 납품,2종
디지털 군장 구매납품,미분류
PMS 이동형 중계기 설치납품,미분류
군장덮개 구매,미분류
아스테이지 등 28종,미분류
회로카드 조립체 등 2종,미분류
16-국방어학원 외국어 교재 23종 구매,미분류
16-국방어학원 연간 국내출판도서 구매(2차),10종
시설/조경용역 기계경비 자재구매(4차),미분류
제트스트림 유성펜 등 61종,미분류
GOP 부스터펌프 설치납품 2차,미분류
플러스펜 등 10종,미분류
칼라프린터 잉크 등 48종,2종
복사용지 등 142종,미분류
플러스펜 등 683종,미분류
16-00대학교 항온항습기 제조 설치,미분류
국가기술자격검정 교재 구매,미분류
복사용지 등 37종,미분류
레이저 프린터 토너(재생) 등 4종 구매,2종
함정용안테나부품(구매),7종
개인용 특수천막(특전사용),2종
16년 전반기 물탱크청소 용역,미분류
디지털무늬 요대,미분류
신궁용 고순도 고압질소 구매,3종
천마유도탄 군직정비용 수송용기 6종 구매,미분류
방화지대 구축 용역(강원 춘천등 6곳),미분류
'16년 원격교육체계 교육용 조명기구 구매설치,4종
"암,조절,차량서스펜션용 등 17항목 구매(기장)",7종
증류수 시험기 구매(기장),미분류
16년 WAN장비(단독형 라우터등 3종) 교체 설치납품,미분류
조16-방관사-40 군수과 선풍기 등 4푸목,미분류
매직테이프 등 251종 구매,미분류
"도서 ""흰"" 등 87종 구매",10종
토너(LF-4160) 등 184종,2종
폐합성고무(35톤) 처리 용역,미분류
무선키보드 등 3종,미분류
양변기(세트) 등 30종 구매,미분류
"너트,결합용 등 7종",9종
"태핏,엔진 포핏 밸브용 등 5종",4종
열판 등 15종,미분류
복사용지외 69종 구매,미분류
일반예산(군어린이집 교재교구비) 교재 구매,미분류
건 등 20종 구매,미분류
3분기 위임3차(007OP 보일러실 배수펌프 등 12건),미분류
체형측정장비 구매 설치,미분류
함정 수밀 개폐구 교체 정비,미분류
000사업 발전기(200Kw) 제조설치,미분류
전산운영용품 구매(토너/드럼),2종
동명부대 급식류(배추김치 등 6종) 구매,1종
태성대아파트 보일러 구매 및 설치,미분류
복사용지 등 68종,미분류
직장 어린이집 주방기구 설치납품,미분류
16년 3분기 교육물품 구매(1차),미분류
Multi View (화상회의 ws)등 3품목,미분류
두루마리휴지등 27품목,2종
엔진오일 등 163품목 구매,3종
16-동 함정 노후의장품 교체 정비,미분류
탄약적재 운송용 트레일러,미분류
00학교 교과서 구매,10종
에어컨 6종 구매/설치,미분류
특전사 병사용 모표 1항목 구매(물자),미분류
항공기용 전원공급기 구매[장비정비대대],미분류
25톤 덤프 에어컨필터 등 13항목 구매(기장),9종
00부대 SMC 물탱크 제조 설치,미분류
지형분석장비 구매설치,미분류
무전기 유지물품 구매,2종
고정식 연결의자 제조설치 납품,2종
00부대 풋살경기장 인조잔디(6개소) 제조설치납품,미분류
00부대 풋살경기장 스포츠바닥재(1개소) 제조설치납품,미분류
2016년 원격교육체계 음향시스템 설치 납품,미분류
유사소총(BB탄) 감지조끼 등 29종 납품 설치,7종
도서(북한은 현실이다) 등 43종,10종
버스[44(45인승)]1대 임차 용역,미분류
ESCO사업 에너지 진단 용역,미분류
인터넷 홈페이지 ActiveX 제거 용역,미분류
드럼셋트마이크 등 3종 구매,미분류
얼룩무늬 차광막,미분류
일반예산(군어린이집 교재교구비) 교구 구매,미분류
인조잔디 등 7종,미분류
퐁퐁 등 118종,미분류
자주포 기어류,7종
항온항습기 7대 외주정비,미분류
교과서 196종 구매,10종
공군 표지장(후크형) 등 2종 제조,미분류
16-해-투하용 구명정(10인승)383EA 구매,미분류
신축교육센터 정보통신환경 구축사업(리스물건),미분류
상용차량 수리부속(타이어 등 11종)구매,9종
로프 등 14종,미분류
000사업 UPS 및 배터리 제조설치,9종
군숙소 도배/장판 설치납품(단가),4종
"검사세트,포신용,로봇형 등 1항목 제조(궤도)",미분류
런닝셔츠,미분류
런닝셔츠,미분류
런닝셔츠,미분류
군위성통신체계(고정용/휴대용)부품(구매),9종
'16년 특수무기 케이블조립체류,4종
00부대 풋살경기장 인조잔디(2개소) 설치납품,미분류
정수기임차용역(10대),미분류
리플렉타 42개(제작),미분류
등기구세트 등 3종,미분류
16-00대학교 UPS(무정전전원장치)교체,미분류
디지털 우의 제조납품,미분류
3분기 교육재료 구매,미분류
컨테이너 제조 설치 납품,2종
`16년 희망도서 구매,10종
안전모 등 6종,미분류
슬라이드난간 등 3품목,미분류
고각조절기 제조 설치,미분류
가지등 140품목,미분류
시청각기록물 DB화 관리체계 구축사업,미분류
16년 공군 상황전시장비 교체사업,미분류
2016년 임시 재고번호 및 관리번호 정비사업,미분류
"변환기조립체, 수중음파탐지기용",미분류
00병원 리모델링 관급자재(통합배선) 제조,미분류
가습기실린더세트 등 17종 219점,미분류
무정전 전원공급기 구매,미분류
군단 병영도서관 도서구매,10종
타이어 등 12종,9종
전반기 진지공사용 폐타이어 위탁처리 용역,미분류
홍천 동원훈련장 비품 구매(세탁기 등 7종),10종
205항공대대 00사업 발전기 제조설치납품,7종
번개탐지용 센서 구매설치,미분류
레펠장갑 등 2종 구매,미분류
15-본-육-육-06 스포츠조명(LED투광등기구) 제조설치,4종
좌식책상 등 2품목 제조,2종
고압인버터 등 21종(연평도),미분류
충민회관 바닥재 구매(연평도),미분류
텅스텐연마기 등 3종,미분류
에프호마이카 등 10종 구매,미분류
무선호출기 등 7종,미분류
디지털 온습도계 등 19종,미분류
GOP 온수보일러 설치납품 등 4건,미분류
전원공급기 구매,미분류
경남지역 현장사무소 이사용역,미분류
(조달)3훈비 16년도 하반기 토성회관 식자재 육류,미분류
"에어컨(벽걸이,7평형)외11종 구매.",미분류
"(16-185)항공장비(탐속기, 금속 결함 탐지용 세트)",7종
날크립 점보 등 40종,미분류
(육성) 향방물자 납품(방탄헬멧 외피 등 9종),2종
(육성) 군용 판초우의 납품,미분류
"(16-161)정밀측정장비(헤드스탠드,X-선용 튜브)",7종
전원공급기 등 3종,미분류
"(16-243)재난관리및물자(수신기, 적외선식)세트",미분류
리모트콘트롤써킷브레이커 등 3종,미분류
"밸브,버섯형,엔진용 등 2종",4종
"(육성) 군용 알루미늄 수통,수통피 납품",미분류
(육성) 군용 탄입대 납품,미분류
00복지관 흡수식 냉온수기 열교환기 청소,미분류
`16-00부대 헤드셋 마이크 등 46종 구매,미분류
00부대 간부식당 증축공사 건설폐기물 처리 용역,미분류
글러브 밸브 등 8종 구매,4종
식탁용 상판,미분류
분말소화기 239EA 구매,2종
도서 26종 구매,10종
구형화포부품류(구매),7종
"발전기세트,디젤엔진식 300KW",9종
"발전기세트,디젤엔진식 15KW",9종
"발전기세트,디젤엔진식 500kW",9종
VRC-946K장치대부품(구매),9종
(조달)3훈비 16년도 하반기 토성회관 식자재 공산물,미분류
황산칼륨 등 11항목 구매(물자),미분류
육경정 TOD 안정화장치 설치납품,미분류
휴대용 방사능측정기 등 1종 구매,7종
가전제품 구매/설치,미분류
디지털 인쇄기 토너 등 32종 구매,2종
2/4분기 교육비품 구매,미분류
00병원 전기증설공사 수배전반 제조 설치,미분류
"수호병 명예휘장(포제, 파스너테이프(루프)) 제조",미분류
전자동 세탁탈수기 등 4종 구매설치,10종
16-해-응축수회수펌프 등 23종 제조,미분류
다큐멘터리 방송 제작 및 송출용역,미분류
00병원 리모델링 관급자재(승강기) 제조,미분류
Premium 복사용지 등 194품목,미분류
에어필터키트 등 256품목,9종
C형 클램프 등 138품목,미분류
마이크케이블 등 75품목,4종
덱사에스피 등 130품목,미분류
3/4분기 교육예산 물품 구매,미분류
컴퓨터 등 2종 구매,2종
"받침대, 엔진 지지용 등 2종",9종
수전용 플러그 등 3종,미분류
잠수함 위생 및 오수탱크 청소 용역,미분류
컬러프린터 잉크토너 등 53종,2종
제본표지 등 45종,미분류
압착기 등 44품목 구매,미분류
전동스크린(매립형) 구매설치,미분류
16-평-0함대 버스 임차 용역,미분류
클리어화일 등 56종,미분류
벽걸이 에어컨 등 3종 구매,미분류
평 벤치 등 3종 구매,미분류
양면 각대봉투 등 124종,미분류
자주포 유압장치 부품류,7종
"고압호스(전차, 장갑차용)",7종
부력방탄복,미분류
"천막,개인전투용",미분류
공병전투도자유지부품,9종
병영식당 관통형 냉장·냉동고 제조설치,미분류
`16-본-국-02 00병원 리모델링 펌프 제조,미분류
`16-본-국-02 00병원 리모델링 냉각탑 제조설치,미분류
00아파트 시설개선 씽크대 제조설치,4종
저장랙 제조설치,미분류
국방 전화번호 통합 검색체계 구축사업,미분류
비행협조소 무인화 UPS 제조설치,미분류
00부대 인조잔디 제조설치 납품,미분류
205항공대대 00사업 혼합골재 제조,4종
스키드로더 후레쉬 에어필터 등 245항목 구매(기장),9종
로디우스 에어컨콤프 등 23항목 구매(기장),미분류
봉고3 와이퍼 등 19항목 구매(기장),미분류
다목적굴착기부품(구매),9종
훈련병 관리체계 및 모바일서비스 통합 유지보수 용역,미분류
승용식 잔디배토기 등 5종 구매,미분류
냉난방기 등 4종 구매,미분류
복사용지 등 79종 구매,미분류
"라인, 부상형 1종",미분류
공기압축기 등 3종,미분류
프로펠러 선박용 등 4종,미분류
축받이 조립체 3EA,미분류
자주포 운영용 수리부속류,9종
교정(간격조정) 부품류,9종
자주포 장치대(총포용),7종
MTU 엔진부품(구매),9종
에어콤프레샤,미분류
떡볶이떡,미분류
떡국떡,미분류
청관제 1항목 구매(물자),미분류
봉합조립체,미분류
씽크대 구매,미분류
'16~'17년 전군지원 전세버스 수송용역,미분류
디지털카메라(2종) 구매,미분류
빔프로젝트 램프 구매,미분류
'16년 병영생활플래너 표지 제조,미분류
00병원 리모델링 공기조화기 제조설치,미분류
00병원 리모델링 합성수지창호 제조,4종
"분리기,물분리용,액체연료식 등 3항목 구매(궤도)",3종
합동상호운용성시험소 네트워크 환경구축(설치납품),2종
모르타르 80루베,미분류
버스(45인승) 6대 임차 용역,미분류
디지털콘텐츠(전자책 기억을 담다 등 110종) 구매,미분류
파워스터링 오일,미분류
행정각대봉투 등 186종 구매,미분류
참치 통조림 등 11품목 구매,미분류
근속 30주년 기념휘장 등 4종 제조 구매,미분류
펌프 회전식 1종,미분류
여성예비군 피복류 3종 체촌 및 구매납품,2종
황사 마스크 구매,미분류
세절기 등 4종 구매납품(설치도),미분류
병영도서관 도서 구매,10종
박격포 등 화포부품류(구매),7종
쫄면,미분류
쫄면,미분류
쫄면,미분류
쫄면,미분류
"발전기세트,가솔린엔진식700W",9종
"발전기세트,디젤엔진식 30KW",9종
전지 축전식(BB-7184K),2종
방위사업 원가계산 외부용역 7차,미분류
"클러치, 외부부재용 등 6항목 제조(생산능력)(궤도)",미분류
"68차 위임보수, 2분기 전체지원비 자재납품",4종
1기갑 무압관수식 보일러 교체 제조설치납품,미분류
엔진오일 등 3종,3종
WAN장비 교체사업 구매설치,미분류
창조 21모델 11차 장비 구매 및 설치사업,미분류
16년 전군지원 상용SW 구매,미분류
15-본-육-06 관류식 진공온수보일러 제조설치,미분류
17∼21년 탄약비군사화시설 위탁운영 용역,미분류
인쇄용 고무롤러 피복 및 베어링 교체 용역,미분류
바세린 등 49품목 구매(의무),미분류
"클램프,루프형 등 15항목 구매",미분류
"게이지, 압력측정용, 문자판식 등 19품목",미분류
사격부운동용품(사격가방 등 11품목),미분류
열선유리 고정식 각창(볼트고정식) 등 9종,4종
"등,지시 및 장애물용 등 2종",미분류
테니스부운동용품(트레이닝복 등 4품목),미분류
태극기(정문 게양기) 등 4종 제조(연평도),미분류
여자축구부운동용품(축구화 등 13품목),미분류
"전자동 세탁 탈수기등 4품목(근-16-078, 080)",10종
도서(완벽하지 않은 것들에 대한 사랑) 등 73종,10종
항만단 체육관(강당) 신축공사 냉난방기 구매,미분류
기지방송망 장비 외주정비,미분류
전기 히터 등 2종,미분류
방수형 스위치붙이 리셉터클 등 2종,4종
엔진 브로워 등 3종,9종
보호복 등 176종 구매,미분류
전동카트 등 11종 구매,미분류
전기국솥 2EA 구매설치,미분류
친환경 클리어 파일 등 170종 구매,미분류
에어필터 등 57종 구매,9종
큐비클 출입문 노몰드형 등 33종 구매,미분류
복사용지 등 87종 구매,미분류
테프론 그랜드 팩킹 등 31종 구매,미분류
타이어플랩 등 22종 구매,9종
타이어플랩 등 22종 구매,9종
타이어플랩 등 22종 구매,9종
타이어플랩 등 22종 구매,9종
타이어플랩 등 22종 구매,9종
타이어플랩 등 22종 구매,9종
타이어플랩 등 22종 구매,9종
타이어플랩 등 22종 구매,9종
타이어플랩 등 22종 구매,9종
타이어플랩 등 22종 구매,9종
타이어플랩 등 22종 구매,9종
타이어플랩 등 22종 구매,9종
타이어플랩 등 22종 구매,9종
타이어플랩 등 22종 구매,9종
타이어플랩 등 22종 구매,9종
타이어플랩 등 22종 구매,9종
타이어플랩 등 22종 구매,9종
타이어플랩 등 22종 구매,9종
타이어플랩 등 22종 구매,9종
타이어플랩 등 22종 구매,9종
타이어플랩 등 22종 구매,9종
타이어플랩 등 22종 구매,9종
레미콘 등 12종 구매,4종
레미콘 등 12종 구매,4종
레미콘 등 12종 구매,4종
레미콘 등 12종 구매,4종
레미콘 등 12종 구매,4종
레미콘 등 12종 구매,4종
레미콘 등 12종 구매,4종
레미콘 등 12종 구매,4종
레미콘 등 12종 구매,4종
개스킷 등 17종,미분류
렌치 충격식 등 3종,미분류
"브이피시,콤플레트 등 11종",미분류
영상 편집기 구매,10종
미러리스 디지털 카메라 등 2종 구매,미분류
무인경보체계(CCTV) 외주정비,미분류
16-171 16년도 2학기 교과서(국내서),10종
16-172 16년도 2학기 교과서(외서),10종
재봉기 등 3종,미분류
"2.75"" 유도로켓(차량탑재형) 시설사업 선행연구",7종
16년 키폰교환기 교체사업,미분류
교도소 침대생산자재(철재류) 제조납품(2차),미분류
16-해병-ㅇㅇ사업 항온제습기 제조 설치,미분류
16-해병-ㅇㅇ사업 수배전반 제조 설치,미분류
B-Ⅱ 사업 정보체계 도입,미분류
공군 모범장병 및 군무원 국내 위로행사 관광용역,미분류
인쇄재료비 통합(5건),미분류
철(쇠)갈퀴 등 5종,미분류
군사제한구역 방범창 설치납품 5개소(위임2-2),미분류
2학기 국외교과서 구매,10종
16-목-군 숙소 LED TV 임차 용역,미분류
전선릴 등 60종 구매,4종
컨센트릭 밸브조립체 등 35종,4종
구명정등 1종,미분류
16-평-000호정 추진기 시그널 컴버터 외주정비 용역,미분류
함정용 식기소독기 5EA,7종
"밸브,조립용 등 2종",4종
16-2차 동명부대 재보급물자 해상수송 용역,미분류
차량 수리부속(점화플러그 등 87종) 구매,9종
"플러그,배출용(76미리함포 부품)",7종
'16년 속도조절기,미분류
포장면 균열보수용 도로 봉함재 구매,4종
필터엘리먼트 등 8종 구매,9종
16-항과고 학생 해외(중국) 현장학습 용역 계약,미분류
도식교보재 제작 장비 구매,미분류
00지역 소방시설 종합정밀점검 용역,미분류
동명부대 친선물자 구매,미분류
동명부대 민군물자 구매,미분류
00부대 전원공급장치(DC-48V 등 4품목) 제조 설치,미분류
전반기 전산운영용품 구매,2종
동명부대 친선물자 구매,미분류
동명부대 민군물자 구매,미분류
16-208 학과가방 구매,미분류
버너 등 2종,미분류
전자전장비(ULQ-11/12K) 펄스변조기 정비,미분류
킴테크 와이퍼 대형 등 274종,미분류
코팅기 등 5종,미분류
금속 세척제 및 녹 제거제 1종,미분류
버스(45인승) 3대 임차 용역,미분류
군장품(포제명찰) 부착제조,2종
16-인-실내공기질 측정 용역,미분류
복사용지 등 9종,미분류
용접작업대 등 4종,미분류
자동에어릴 등 6종 구매,미분류
000관리대 프린터 임차(17대),2종
00사 렌탈 프린터 임차(6대),2종
위임 60차 / 106연대 가압펌프 설치 자재납품,미분류
코팅필름 등 96종,미분류
냉온수기 추기펌프 등 5종,미분류
런닝머신 등 2종,미분류
잠수함 잠망경 헤드윈도우 정비,미분류
함정 추진기 조패류 수중제거 용역,미분류
"펌프,유압식,수동식",미분류
구급차탑재물자(물품),8종
전원공급기 등 26종 구매,미분류
교육용 측량장비세트 구매,미분류
인서트팁등70종구매,미분류
"00포대, 00연본 풋살경기장 인조잔디 제조설치납품",미분류
헌병 가죽장구 등 10종 제조,미분류
복지정보체계 장비교체사업(리스물건),미분류
중성자 선량/선율 측정기 구매,7종
00대대 풋살경기장 인조잔디 제조설치납품(2),미분류
00대대 풋살경기장 인조잔디 제조설치납품(1),미분류
마이크로필름 복사기 구매,미분류
16-평-000대대 버스 임차 용역,미분류
온도계 등 210종,미분류
16년 발칸포가부 부품(구매),9종
"멈치, 접촉 조립체용",미분류
복사용지 등 259종,미분류
16-2차 기술교범 외주번역,미분류
잠수함(SS-Ⅰ) 선체 청락/도장 용역,미분류
마그네틱 콘덕터 등 12종,미분류
전치 증폭기 등 2종,미분류
"테이프, 녹아붙임 방지용 등 5종",미분류
MTU16V2000 M91(M/F) 총분해(W-6) 정비,미분류
동내의,미분류
건물외부 유리창 청소 용역,미분류
항공화물운송(캐나다) 용역,미분류
1607부대 16년 상병건강검진시약 구매,미분류
적외선 카메라 구매설치,미분류
천마유도탄 정비용 자재 72종 구매,미분류
체력단련장 코스관리물품 비료 구매,미분류
노후 LAN 교체사업(리스물건),미분류
Y 커플러 등 37품목,미분류
2016년 의무장비 고주파수술기 구매,8종
1607부대 16년 상병건강검진시약 구매,미분류
16-2차 시추공 매몰방지용 자재(PVC) 제조구매,미분류
16-2차 항과고/훈련단 식당 부식물 구매,1종
진상용 콘덴서외 26종 구매,미분류
토너(LBP6330K) 등 28종 구매,2종
2분기 전산운영용품 구매,2종
유성펜 등 203종 구매,미분류
축 등 11품목,미분류
16-동 함정 청수팽창탱크 교체 정비,미분류
제트유(JP-5) 1종,3종
미끄럼방지 3호 규사 등 2종,미분류
입구 샤프트 씰 등 2종,미분류
에더넷트 스위치 24포트 등 20종,미분류
스위치 등 9종,미분류
"너트,평면,육각형 등 7종",9종
회로카드 조립체 등 9종,미분류
방검부력조끼 90EA,미분류
제트유(JP-5_도서) 1종,3종
KA-1 CBTS 개선 및 보수 용역,미분류
"일반호스(전차, 장갑차용)",7종
통신 네트워크 등 44항목 구매(물자),2종
터미날(축전지용),2종
"국내 방위산업 기반(탄약, 화생방 분야 등) 조사",미분류
방위산업 발전 및 경쟁력 강화를 위한 법적기반 연구,10종
절충교역 물품자산 재물조사,10종
기갑병헬멧부품(구매),9종
퀼팅원단,미분류
덮개조립체 등 112항목 제조(궤도),미분류
아파트 청소용역(푸른숲),미분류
00부대 의약품 구매,8종
00지역 오수처리 시설 관리용역,미분류
11차 의약품 및 의료기재 부대구매,8종
교육장비(질량분석기) 구매,미분류
정밀측정장비(스펙트럼분석기 등 4종) 구매,7종
자동전압조정기,미분류
00부대 모바일 상품권 구매,미분류
00부대 인쇄 및 전자출판장비 설치 납품,미분류
M2장간조립교 정비용역(사후 72-1차),미분류
00부대 냉난방기 설치납품(16-152),미분류
00부대 냉난방기 설치납품(16-145),미분류
베라크루즈 타이어 등 14항목 구매(기장),9종
"튜브 조립체,금속제 등 39항목 제조(특무)",미분류
16-066 복지대대 난방연료,3종
`16-00부대 마이크로피펫 등 5종 구매,미분류
초음파두께측정기 1EA,7종
16-장비(ESTS) 외주정비,미분류
스테인리스 파이프 등 8종 구매,4종
16-168 드론 등 13종,7종
위임 59차 / 103연대 본부 냉방기 선로공사 자재구매,미분류
(육성) 동원처 에어컴프레샤 24대 구매,미분류
지하매설물 탐지기 구매,미분류
비플렛클라리넷 리드 등 11종 구매,미분류
'16-덕-3차 전산운영용품 구매,2종
충민회관 식자재 구매(연평도),미분류
'16-K-식기세척기 임차 용역,미분류
방충망 등 74종 구매,미분류
16-동 함정 수밀개폐구 교체 정비,미분류
사후생훈련철제표지(대) 등 97종,미분류
"파인애플 5,290KG 구매",미분류
에폭시 프라이머 피복키트 등 11종,2종
4K 카메라 구매,미분류
의료기재(HDL-C외 71종) 구매,미분류
슈퍼타이 등 75종 구매,미분류
경계용 울타리 자재 구매 및 설치,미분류
00지역 부대이전사업 스틸그레이팅 제조설치,미분류
조기경보(SPS-1000) 자동점검장비 유지보수,미분류
00부대 등 6개소 풋살장 인조잔디 제조설치,미분류
생도 53기 국내전적지 탐방 수송 용역,미분류
"스위치,토글식 등 14항목 구매(특무)",미분류
(16-089) 타이어,9종
상담콜센터 운영 용역,미분류
00지역 부대이전사업 스틸그레이팅 제조설치,미분류
브리핑체계 도입사업,미분류
빔프로젝터 도입사업,미분류
ㅇㅇ창 정비시설 신축 크레인 제조 설치,4종
교육장비(초자기구세척기 등 9종) 구매,미분류
비행조종장치용 시험세트 구매,미분류
파병용 운동복 등 3종 제조납품,미분류
119-2 풋살경기장 인조잔디 등 설치납품,미분류
00부대 간부숙소 개선,미분류
렌즈 등 9항목 제조(특무),미분류
천마유도탄 군직정비용 수리부속 구매,9종
의무장비운영 소모품 구매(6월),8종
함정용 수저 B형 1종,7종
도서(아랍의봄 등 110종) 구매,10종
16-00부대 폐기물처리 용역,미분류
건전지 등 81종 구매,2종
전동드릴 등 14종,미분류
내화 금고,미분류
체육관매트 등 19종,미분류
레그익스텐션 등 11종,미분류
복사용지 등 37종,미분류
미니바이스 등 49종 구매,미분류
"어댑터, 전지, 단자용 등 21품목",2종
니콘 카메라 배터리 등 45종,9종
16-목-28인승 버스임차 용역(2),미분류
'16-00사 소방시설 종합정밀점검 및 작동기능점검,4종
"캡,튜브용 등 11종",미분류
해상 등화관재 스위치 1종,미분류
플런저 등 2종,미분류
감속기어 1종,미분류
"호이스트,체인식 1종",미분류
'16-오수처리시설 설비 교체,4종
파워그립 장갑 등 187종 구매,미분류
압축기(FX5) 1종,미분류
항-16-035 체성분분석기 휴대형,미분류
빙과 냉장고 등 18종,미분류
염색 침투 탈상제(세척액) 등 21종,미분류
잉크 등 52종,2종
본덱스 등 46품목 구매,미분류
천마유도탄 군직정비용(기계류)제조,미분류
의약품(마이드린캅셀 등 122종) 구매,8종
마개 등 2종,미분류
실린더라이너 등 48종,미분류
천마유도탄 군직정비용(기계류)제조,미분류
광학장비부품류,9종
자주포 전기전자장치부품류,7종
DC 전원연결케이블 등 3항목 제조,4종
궤도차량 캡 조립체 정비기술개발 소요자재 구매,미분류
고속정전투화,미분류
00부대 풋살경기장 재재(완제품) 설치납품,미분류
00부대 의료기재 구매,미분류
OO지역 통신장비 구매설치,미분류
16년 안전진단 장비 구매,미분류
고소작업대 구매,미분류
독점조달 및 계약비리 등 조달제도 개선방안 연구,10종
폭발물처리 교육 전군 통합 필요성 검토 및 방안 연구,10종
"호스 조립체,비금속제 등 27항목 구매(궤도)",미분류
방수 주머니 등 4항목 구매(궤도),4종
탐조등 릴레이상자 등 7항목 구매(궤도),미분류
"베어링,플레인형,로드 엔드형 등 52항목 구매(궤도)",9종
장치대 등 45종 구매,미분류
앵카 윈드라스 브레이크 패드 등 13종 구매,9종
청소기 등 32종 구매(연평도),미분류
16-덕-물탱크청소용역,미분류
수신기 등 17종,미분류
전기 국솥 구매,미분류
자동화사격훈련장 유지보수 용역,미분류
'16-00사 영내시설 청소용역,미분류
의약품 및 의료기재 구매(6월),8종
00부대 이전사업 화강석 제조 및 납품(16-특별-04),미분류
00부대 이전사업 관급자재(온수저장탱크)(16-특별-03),미분류
탁구채 등 22종 구매,미분류
연결컨넥터 등 641종 구매,미분류
라파엘 크림 등 64종 구매,미분류
네임펜 등 178종 구매,미분류
종이 양면테이프 등 123종 구매,미분류
16-평-00함 전파흡수체(RAM) 시공 외주정비 용역,미분류
용융제강슬래그 등 3종 구매,미분류
넥마이크(120개) 구매,미분류
(16-209)작전몇편의시설유지비(벽체용판넬외 46품목),4종
"(16-214,215)타이어외 12품목",9종
도면 보관함 제조/ 구매,미분류
헌병바클 등 45종,미분류
고속상륙정(LSF-무레나) 추진제어장치 정비,미분류
'16년도 공군사관학교 생도 한민족 역사탐방 용역,미분류
비행종단체계지상통제장비,미분류
'16-ㅇㅇ학교 박물관 전시실 제작 설치,미분류
시안화나트륨등15종구매,미분류
탐지3호용 케이블조립체,4종
BTCS용 회로카드조립체 등(A),미분류
정비 환경 개선 비품,미분류
정비 환경 개선 비품,미분류
예비군 안보교육관 홍보물 제작,10종
VoIP 교환기 구축,미분류
격오지 독서카페(120동) 제조설치,미분류
휴대용 기상측정 장비셋 구매,미분류
PMS무전기 및 중계기 등 설치납품,2종
00부대 간부숙소 개수 관급자재(싱크대 등) 제조,미분류
00부대 간부숙소 개수 관급자재(창호 등) 제조,4종
영상편집기 등 4종 구매,10종
병영도서 740종 구매,10종
복사용지 등 60종 구매,미분류
시동모터 등 5종 구매,미분류
국유재산 경계표 제조,미분류
주소용 라벨 등 407품목,미분류
제빙기 등 2품목 (16-144호),미분류
내화캐비닛(4단)(16-156호),미분류
3공이동펀치등 405품목 구매,미분류
장비 고장예측 시스템 개발방안 기초연구 용역,미분류
15인승 고속단정(해군용),미분류
16년 40밀리 연습유탄,미분류
K1전차 변속기부품류(구매),7종
훈련용축사기류,미분류
어뢰회수용 보트,미분류
ATCIS 케이블조립체 등 16항목 제조(물품),4종
"장비커버류(기동,총포,통신)",미분류
JOHN AHN 국외소송 위임계약,미분류
방위사업청 5급 승진 역량평가제 도입·운영 방안,미분류
해군 동운동복,미분류
PRC-999K부품(구매),9종
타이어탈착기,9종
16년 발칸포가부 부품(일반부품),9종
멸균거즈 등 56항목 구매,8종
'16년 특수무기 케이블조립체류(일반),4종
사격장 무선송수신기 구매,미분류
객실 및 목욕탕 위생용품 72종 구매(연간 단가계약),미분류
상황실 구축용 전시기 등 13종 구매,미분류
00부대 UPS 축전지 등 4품목 제조 설치,2종
00병원 전동기제어반(동력반) 제조 설치,미분류
16-본-육-10 조명기구 제조,4종
00훈련장 음향장비 제조 설치,미분류
VoIP 교환기용 동보장치,미분류
보안전광판 제조 설치,미분류
부사관 후보생 피복류(19종) 제조,2종
00병원 수배전반 제조 설치,미분류
00부대 훈련(영화) 피복 22종 구매,2종
16년 IP교환기 도입사업(리스물건),미분류
Red Flag Alaska 전세항공 수송 용역,미분류
창조 12차 장비도입(일체형PC)사업 구매,2종
직접입영 신체검사 부분위탁 용역(4),미분류
오링 등 122품목,미분류
LYNX 항공기 시뮬레이터 유지보수 정비,4종
교도소 침대생산자재 2차 구매(부수소모자재),미분류
'16년 통신장비(PLT) 외주정비 용역,미분류
추어탕,미분류
통신 정밀측정장비 1항목 구매(물자),7종
"캠,제어용 등 52항목 제조(특무)",미분류
호스 뭉치 등 13항목 제조(특무),미분류
방수 카바 등 21항목 구매(특무),4종
00대대 무인감시카메라(CCTV) 유지보수 용역,미분류
'16-00빌 건립 간부 생활관 소방점검,미분류
도서(망각의 정원) 등 62종,10종
건전지 등 24종 구매,2종
16-00부대 전반기 물탱크 청소용역,미분류
'16-00부대 소방시설 종합 정밀점검 용역,미분류
허브 등 143종,미분류
냉장고 등 4종 구매,미분류
서치라이트 등 15종 구매,미분류
전직지원 기념품(머니클립) 제조 구매,10종
고압펌프 수리부속 구매(연평도),9종
5단 선반 등 219종 구매,미분류
액화석유가스(LPG) 구매,3종
샌드위치판넬 등 21종 구매,미분류
디스플레이 유닛 11EA 제조,미분류
피스톤 등 45종,미분류
함형별 3D 모델링 개발 용역,미분류
"방현재, 선박용 등 14종",미분류
덮개 1종,미분류
00부대 등 5개소 풋살경기장 인조잔디 제조설치,미분류
전직지원 기념품(머니클립) 제조 구매,10종
화포공장 호이스트크레인 제조설치,7종
2탄약창 제초 용역,미분류
8탄약창 제초 용역,미분류
5kw 발전기 유지부품,9종
"그릴,라디에이터용,차량용",7종
5691-1부대 컨테이너 제조설치납품,2종
폐휀다 해체 용역,미분류
00학교 남자 간호장교 간호복,미분류
영내케이블 교체공사(광전송 장비 제조설치),미분류
AGM-142 모의발사 훈련장비 유지보수,미분류
"6탄약창 탄약정비공장 신축 (수배전반,분전반)",4종
6탄약창 탄약정비공장 신축 (공기조화기),미분류
6탄약창 탄약정비공장 신축 (조명기구),4종
생산단 궤도펴기 기계 외주정비 용역,미분류
00부대 병영생활관 신축 테라죠타일 제조납품,4종
적군묘지 관리용역,미분류
00함 응결수 방지 청락/도장 용역,미분류
궤도장비 전장품류,미분류
오일필터 등 130종,9종
(16-075) 전자제품 등 5품목,미분류
147-모래 등 119종,4종
오디오 구매,미분류
소화설비기기(NAF S lll 등 3종) 제조설치,미분류
상용차량(승용차1800cc)구매,7종
의무기록물 DB구축사업,미분류
고속단정 예비모터,미분류
풋살경기장 4개소 신축 인조잔디 설치납품,미분류
22사단 복지시설 신축 컨테이너,2종
LED 상황판 제조설치,4종
특전여단 천마상 상징조형물 제작 / 설치,미분류
리버샬 플랩 등 12종 제조,미분류
해머류,미분류
교량부유식내부교절부품,9종
16년 항공기용 연막통,7종
유공압부품류,9종
항-16-033 약품 보관장 A등 19종,미분류
00부대 울타리 설치납품,미분류
원형탁자 등 4종,미분류
침대 등 4종,미분류
세라믹 인두기 등 292종,미분류
3단 서류꽃이 등 75품목 구매,미분류
`16-00부대 심폐소생술 마네킨 등 9종 구매,미분류
조16-방관사-35 방관사 근행과 런닝머신 구매,미분류
4차 시약 및 장비운용소모품 구매,미분류
스테플러 등 289종,미분류
경량빈 5개,미분류
위험물보관함 등 164종 구매,미분류
3/4분기 교육/실습재료비 구매,미분류
세면대수전 등 5종 구매,미분류
절연테이프 등 140종 구매,미분류
쪽삽 등 19종 구매,미분류
격별보수비 23차 물품구매,4종
볼밸브 등 50종 구매,4종
소변검사 키트 등 35품목 구매,미분류
특전여단 천마상 상징조형물 제작 / 설치,미분류
번호자물쇠 등 26품목,미분류
볼수거기 등 2품목 구매,미분류
케이블 등 30품목(복지운영과),4종
레이져프린터 토너 등 12종 구매,2종
LYNX 항공기 MODULATOR RADAR 정비,미분류
군숙소 보일러 40대 구매 설치,미분류
16-상층대기 분석장비 외주정비,미분류
M2 장간조립교 외주정비 용역(53-1차),미분류
2분기 전산용품 구매,2종
보드마카 등 701종,미분류
GOP 심정모터펌프 설치납품,미분류
GOP지역 냉난방기 수리용역,미분류
무한잉크 컬러프린터 임차사업,2종
(16-057) 접착제등 93품목,미분류
(16-045) 부품함등 40품목,9종
야채절단기외2종 구매,미분류
구리양극 조립체 등 6종,미분류
"밸브,버섯형,엔진용 등 6종",4종
"캡,튜브용 등 9종",미분류
"아연 양극,선체외부용,볼트체결식 1종",9종
"게이지,전해질 수위용 1종",미분류
"코드 어셈블리,탄성 등 2종",미분류
12포병 풋살경기장 인조잔디 설치납품,미분류
롤카펫트 구매,미분류
에폭시 프라이머 코팅키트 1종,미분류
잠수함 저주파 분석 훈련장비 유지보수 용역,미분류
신병교육 자산취득 물품구매,미분류
16-1차 전산운영용품 구매,2종
82정비대대 이동식주택 제조설치납품,미분류
포병여단 통신장비(앰프) 설치납품,미분류
16년 경계용 CCTV 추가설치,7종
16-1차 진지공사용 폐타이어 위탁 수송처리 용역,미분류
GOP 부스터펌프 설치납품,미분류
압력스위치 22바 등 2종,미분류
쓰레기봉투 등 79종,미분류
복사용지 등 220종,미분류
15수송대대 - 타이어(12R 22.5 16 AH25)외10종 구매,9종
해안경계 통합시스템 구축사업,미분류
폼필드 휀다 등 2종,미분류
개스킷 등 7종,미분류
OO함 솔개격납고 청락/도장 용역,미분류
스텐파이프 등 11종 구매,4종
화포부품류,7종
16년 점화휴즈,미분류
넉가래 등 192종,미분류
벤치프레스 등 4종,미분류
케이블조립체(통신장비용),미분류
방한모 등 2종 구매,미분류
"신형야전깔개/롤,주름형",미분류
작업대 등 2항목 구매(물자),미분류
BTCS용 디스플레이유닛 등,미분류
"스프링,원통형,압축 등 11항목 구매(궤도)",미분류
10차 의약품 부대구매,8종
모르타르(초속경성),미분류
운동용품 구매,미분류
16-공-디젤발전기 60KW 등 5종 제조설치,미분류
16-18년 CBT 유지보수 용역,미분류
인쇄물(사철둥근양장)제작 구매,10종
국방부 이전사업 식물매트,미분류
16년 PKO 분과회의 행사 대행,미분류
아웃도어용식량의 전투식량 활용 및 비축 타당성 연구,1종
인조잔디 설치납품,미분류
"포장상자,안정거울덮개 등 1항목 제조(궤도)",미분류
"튜브,레버조립체 등 65항목 구매(궤도)",미분류
비호 발전기류 정비,미분류
16-2차 지형분석재료 구매,미분류
폐토너통 등 48종,2종
"전동펌프, 유압식 등 6종 구매",미분류
배터리점프선 등 17종,9종
에어컨 등 7종(16-141),미분류
버스[44(45)인승] 2대 임차 용역,미분류
식기세척기 3대 임차 용역,미분류
울트라셋 등 52품목 (의무),미분류
야외교육용 알림판 1대 납품 설치,미분류
도서(만화경제상식사전) 등 613종,10종
칼라프린터잉크 등 55종,2종
흑백레이저프린터 토너 등 13종 구매,2종
밸브시트 등 16종 구매,4종
오븐받침대 등 6종 구매,미분류
유도부운동용품(락테이프 등 5품목),미분류
복사용지 등 49종 구매,미분류
`16년 육성지원자금 (벌목도 등11종),미분류
냉.온 정수기(8대) 임차 용역,미분류
핸드캠코드 추가 배터리등 3품목 (16-149호),9종
소토사등 2품목,미분류
영인본 제작 구매,미분류
발류트 케이싱 등 2종 구매,미분류
재생토너 등 105종,2종
"랜턴, 전기식 등 2종",미분류
로타리 스위치 등 27종,미분류
해외 전사적지 탐방 여행 업체 선정(중국),미분류
해외 전사적지 탐방 여행 업체 선정(베트남/캄보디아),미분류
공사 생도학사정보체계 서버교체사업,미분류
"00부대 급유기, 유류탱크 설치납품",미분류
정유기세트(연료유/윤활유),3종
자주포 하우징류,7종
"하우징, 속도조정기용",미분류
심장세동제거기 구매(물품),미분류
"렌치, 스패너용 등 73항목 구매(물자)",미분류
VRC-155KA부품,9종
삼각팬티,미분류
삼각팬티,미분류
삼각팬티,미분류
삼각팬티,미분류
이동식에어컨(5톤 확장식 밴용),미분류
장비대대-멀티트레일러-#97,7종
경계용 CCTV 제조 설치납품,7종
경계용 CCTV 제조 설치납품,7종
비례릴리프밸브 등 28종 구매,4종
BTCS용 회로카드조립체 등(B),미분류
풍향풍속계,미분류
용접복,미분류
16년 사격장 방송장비 시스템 설치납품,미분류
'16년 병상일지 및 비군인 참전자료 DB구축 용역,미분류
16년 전산장비 구매(PC),2종
전차포 사격장 모래구매,4종
작전용 헤드폰 구매,미분류
잠수장비세트 등 8종 구매,미분류
이동형 히터 구매,미분류
초음파 탐상기 구매,미분류
정보화 교육장 구축사업,미분류
취약점 진단 SW라이선스 연장,미분류
창조 12차 장비도입(데스크탑)사업 구매,미분류
창조 12차 장비도입(네트워크 장비교체 등) 사업 구매,2종
창조 12차 장비도입(주전산기 등) 사업 구매,2종
105밀리 목상자 등 9종 제조 납품,미분류
K계열전차 변속기 성능시험장비 제조설치,7종
16-P-간부숙소 경비용역,미분류
쇄석 등 58종,미분류
"쇠고리, 로프용 등 32항목 제조(기장)",미분류
"튜브 조립체,오일 여과기용 등 15항목 제조(궤도)",미분류
"핀,직선형,무두형 등 8항목 제조(궤도)",미분류
"볼트,기계용 등 91항목 구매(궤도)",9종
고속정전투복,미분류
악기(피아노 등) 구매설치,미분류
중 하중용 캐스터 회전식 6인치 등 29품목,미분류
해상사격표적(풍선 등 2종),미분류
해양기상관측장비 외주정비 용역,미분류
오일펌프 등 2종,미분류
해병_저유황경유(도서) 등 4종,3종
해병_저유황경유(도서) 등 4종,3종
해병_저유황경유(도서) 등 4종,3종
해병_저유황경유(도서) 등 4종,3종
렌즈 18-200 등 4종,미분류
해군_저유황경유(도서) 등 3종,3종
해군_저유황경유(도서) 등 3종,3종
해군_저유황경유(도서) 등 3종,3종
회로카드 조립체 등 3종,미분류
"송풍기,공기장벽형 1종",미분류
에어컨 팽창밸브 등 3종,4종
음주측정기 등 6종,7종
"밸브,조절용 계통압력용 1종",4종
"실린더 조립체, 공기식, 잠수장비용 등 2종",미분류
냉동기유 등 5종,미분류
전파차단기 구매,4종
'16년 발칸 전기주파수용 합성기 정비,미분류
에어컨 압축기 등 7종,미분류
발전기유지부품(10kw 통신용),9종
"발전기세트,디젤엔진식 60KW",9종
스웨터,미분류
소화수조(스테인레스 물탱크) 제조 구매,미분류
시설 예방유지 보수자재 구매,4종
풋살장 3개소 신축공사(인조잔디 설치납품),미분류
"핀,발사용 1항목 제조(생산능력,특무)",미분류
수영장 관리용품 61종 구매,미분류
LED 전광판 제조설치,4종
수영장 수질관리 약품 3종 구매,미분류
'16년 잠수함 잠망경 디지털카메라 대체품 개발 용역,미분류
'16-본-육-04 조명기구 제조,4종
16-본-육-04 수배전반 제조,미분류
16-본-육-4 UPS 제조설치,미분류
16-본-육-4 분전반 제조,4종
16년 정훈물자(LED TV 등 3종) 구매,4종
16-1차 프린터 도입사업,2종
16-1차 노트북 도입사업,2종
16-1차 모니터 도입사업,2종
16-본-육-4 방송설비 제조 설치,미분류
16-본-육-4 통합배선 제조설치,미분류
16-본-육-4 냉온수기 구매설치,미분류
16-본-육-4 화강석 제조,미분류
16-본-육-4 알루미늄창호 제조,4종
탑승형 건식 바닥청소차 구매,미분류
미8군 병영시설 냉장고외 3종 구매설치,4종
후반기 코스관리자재(비료) 구매,미분류
후반기 코스관리자재(농약) 구매,미분류
운전교육 차량용 시뮬레이터 구매설치,7종
미8군 병영시설 책상외 5종 제조설치,2종
16년 사무자동화장비(프린터) 도입사업(리스물건),2종
16년 남수원체력단련장 코스관리장비 구매,미분류
16년 후반기 코스관리자재 모래 구매,4종
16년 체력단련장 경기도우미 동복 구매,미분류
부대 홍보영상 제작 용역,미분류
복사용지 등 297종,미분류
1탄약창 민간 제초 용역,미분류
"보관상자,통제관용 등 3항목 구매(총포)",미분류
패킹재료 등 17항목 구매(총포),미분류
16년 발칸 사격통제부부품(구매),9종
수중펌프 등 6종 구매,미분류
16-동 00지구 토양오염도 검사 용역,미분류
소화펌프 250GPM 20세트 제조,미분류
기름제거용지(롤형) 등 3종 구매,미분류
체력단련장 골프카트 배터리 구매,9종
고속단정 모터 구매(연평도),미분류
복사용지 등 460종 구매,미분류
프린터 토너 등 95종 구매,2종
16-해-항공전진기지 광전송장치 제조 납품,7종
"""ㄱ""앵글 등 2종 구매",미분류
계란 등 92종 구매,미분류
차륜평형기(소형) 등 4종,미분류
니들밸브 등 3종,4종
합판외 100종 구매,4종
항-16-031 환자대기용 장의자 등 21종,2종
16년 발칸 사격제어부부품(전자장치부품류),9종
전산운영 소모품 납품,2종
다련장유압장치부품,9종
26인치 제논탐조등,미분류
OO부대 야간감시장비 구매,7종
풋살장 3개소 관급자재(인조잔디 및 충진재) 설치납품,미분류
교육비품(근육주사모형 등 4종) 구매,미분류
차량정비기구,미분류
항정단 지하유류저장시설 오염토양 정밀조사 용역,미분류
"부품키트, 서보장치조립체, 선회용(구매)",9종
연결기 등 2품목,미분류
00부대 병영도서관 도서구매,10종
환경정화사업 자재 구매,미분류
16-P-01 저수시설 청소 용역,미분류
장비운영소모품(47차) 구매,미분류
00부대 하수처리장 바이오리엑터 등 3건 설치납품,미분류
자동차 정비 공구 및 소모품 구매,9종
16년항공기술도서외주번역,7종
관절식유압크레인부품,9종
필터류(장갑차),7종
계전기 및 배선장치류,미분류
"잉곳, 주석-청동용 등 13품목",미분류
00부대 무정전전원장비 제조설치,미분류
위장크림 및 고무링 구매(16-2차),미분류
식판비닐 및 접이식깔판 구매(16-2차),미분류
마우스쉴드 및 비닐서류봉투 구매(16-2차),미분류
ㄷ형강 등 2종 구매,미분류
00부대 철혈강당 출입문 교체(설치납품),미분류
00부대 등 2개소 여성편의시설 제조설치,4종
16-S-02 전세버스 임차 용역,미분류
16-덕-교환기 및 광단국장비 유지보수 용역,미분류
다이나믹 로프 등 15종,미분류
모포 등 4종 제조납품,2종
00지원대 인조잔디 제조설치 납품,미분류
00아파트 가구 교체공사 제조설치 납품,2종
사이버위협 분석체계 개선사업,미분류
대유도탄기만체계 부품(구매),5종
고속단정(15인승)(해병대용),미분류
탄피 방출통 조립체(40미리함포 부품),5종
리프트,미분류
"소켓,발사기용 외 5종(대유도탄기만체계 부품)",5종
차량 및 오토바이 타이어 구매,9종
시스템 냉난방기 오버홀 정밀세척,미분류
일반호스,미분류
00부대 2분기 일반도서 구매,10종
토양오염 정화사업 약품구매,미분류
보수공사 자재구매,4종
(16- 세-020.021) 디지털 도어락,미분류
세탁기 구매,10종
잠수함 NO.1 충방전기(부두고정식) 정비,미분류
'16-강-육-22 00부대 관사 조명기구 제조,4종
'16-강-육-22 00부대 관사 씽크대 제조 설치,미분류
16년 정보화교육장 장비 교체사업(리스물건),미분류
인쇄용지 3종(스노우지(백색 등) 구매,미분류
콘텐츠 제작용 상용S/W 설치납품,미분류
탁상시계 구매,미분류
16-4차 전산운영용품 구매,2종
수송대대 타이어(12R22.5) 등 4품목(16-160),9종
조종흉장(포제) 등 69종,미분류
GOP 철책당김작업 자재구매(02),미분류
알루미늄용접기 1EA,미분류
00부대 워크스테이션 등 3종 구매,미분류
전동체인호이스트 1EA,미분류
지능형 CCTV 제조설치,7종
합판 등 73종 구매,4종
복사용지 등 81종,미분류
00기지 관사 및 간부숙소 공공구역 청소 용역,미분류
16-151 X-LOCK FITTING 등 73품목,미분류
"스위치,압력식 등 10종",미분류
(16-163)정밀측정장비(R&S CMA 180 Radio Test Set),7종
종이화일꽂이 등 26종,미분류
꽹과리 등 5종 구매(연평도),미분류
행정봉투 등 287종,미분류
"모듈,정류기용 1종",미분류
솔레노이드 밸브 등 4종,4종
시동줄 등 5종,미분류
복사기 토너 등 16종,2종
철판 등 9종 구매,미분류
자동수량조절밸브 등 12종 구매,4종
"의약품 및 의무장비 소모품 구매(4,5차)",8종
가레지작기 등 4종,미분류
홍송 등 3종,미분류
점용접기 1EA,미분류
증류수생산기 1EA,미분류
EOD킷(실버) 등 11종,미분류
표식로프 등 13종,미분류
거짓말탐지영상 녹화시스템 구매,미분류
항-16-032 전자가열기 소모품 등 19종,미분류
가스쇼바 등 2종,3종
전기밥솥 등 3품목 구매,미분류
'16년 3분기 정보화 운용재료 구매,미분류
임팩소켓 등 37종 구매,미분류
교류회로 차단기 등 7종,4종
"냉각기, 유체식, 산업용 10EA",미분류
회로카드 조립체 8EA,미분류
전구급 항공작전 분석모델의 표적가중치 산정 연구,7종
면포플린팬티(사각팬티),미분류
육군 춘추운동복,미분류
"K9 포신, 포미 장치부품류(구매)",9종
'16년 오리콘 사격통제장치 부품류 (제조),9종
탄소섬유탄 선행연구,10종
육군 동운동복,미분류
URT-23부품,9종
방한복상의 내피,2종
일반광학장비부품,9종
나사류(K-1전차용),7종
00부대 관사 강화마루 제조설치,미분류
헌병피복(백색가죽요대 등 3종) 제조 납품,2종
'15-북-육-신영-37 조명기구 제조,4종
'16-본-육-03 조명기구 제조설치,4종
00부대 관사 합성수지창호 제조,4종
정밀측정장비(레벨분석기) 구매,7종
16-해-중계소 CCTV 제조설치,7종
16-해-기계실 CCTV 제조설치,7종
16-해-기계실(00부대) CCTV 제조설치,7종
해사종합정보체계 재개발사업(리스물건),미분류
이동형 통신장비 제작/구매,미분류
음향장비 노후 부속품 교체,미분류
2016년 의무장비 (현미경 광학양안식) 구매,8종
고단가 수술기구 4차 구매,미분류
2016년 의무장비(초음파 치료기 병원용) 구매,8종
00부대 합성수지제창 제조설치 납품,미분류
이동식화장실 제조설치(3동),미분류
"콕,배출용 등 17항목 제조(기장)",미분류
개스킷 등 55항목 제조(기장),미분류
증폭기 등 17항목 구매(특무),미분류
시트 조립체 등 8항목 구매(특무),미분류
밸브 등 18항목 구매(특무),4종
나사 기계용 등 215항목 제조(총포),미분류
"계전기,전자자기식 등 33항목 구매(특무)",미분류
철제계급장,미분류
포제계급장,미분류
반자동식부교 부품(제조),9종
동계용 장갑 구매,미분류
1주일 만에 뚝딱 연극 만들기 등99종(연평도),미분류
헤리칼안테나 등 13종 구매,미분류
`16년 병영도서관 도서구매(608권),10종
1군지사 컨테이너하우스 제조 설치 납품,2종
16-K-GOP 과학화 외주정비 용역,미분류
해병대 리더십개념 및 리더像 정립 연구용역,미분류
스프링 판형 등 7종,미분류
봉 직선형 무두형 등 5종,미분류
메카니칼 시일 등 34종,미분류
VIC-7K/9K부품류,9종
육군 하운동복,미분류
궤도장비부품류,9종
GRC-512K부품류(구매),9종
와이퍼모타(전기식),미분류
피스톤 컴플레트 외 13종(압축기 부품),9종
컨퍼런스 행사 용역,미분류
해군 하운동복,미분류
리튬전지(BA-6853AK),2종
사계절 신형전투복,미분류
디지털무늬 하계절 전투복,미분류
데이터월 LED램프 (조달-방-16-33),4종
다용도 동계침낭,2종
다목적 송풍기 등 10종 구매,미분류
"호이스트,체인식(K1전차)",7종
아파트 청소 용역,미분류
병영도서관 도서 구매,10종
16-본-육-9 호이스트크레인 제조설치,미분류
'13-본-국대-01 00학교이전 스틸그레이팅 제조,미분류
고공낙하산 구매,미분류
속도측정기 등 4종 구매,7종
'16년 운전교육 시뮬레이터 성능개선/유지보수 용역,미분류
창고형 컨테이너(159동) 제조설치,2종
디지털 종합상황판 구매 용역,미분류
2016년 LPG 가스 구매 (전라),3종
카본필터 설치납품,9종
16년 학군후보생 하계입영훈련 증식 구매,미분류
전동지게차 등 2종 구매,미분류
가스취사세트 및 구성품,3종
AM무전기부품(구매),2종
탄약정비용 특수 잉크 등 5종 구매,미분류
16-평-000호정 청락/도장 외주정비 용역,미분류
TV모듈레이터 2EA,미분류
행정 각대봉투 등 82종,미분류
16-정밀 소방점검 용역,미분류
16-물탱크 청소 용역,미분류
해도대 등 10종 구매,미분류
야전박스 8개,미분류
노트 등 153종,미분류
용접케이블 등 25종,4종
실링 등 6품목,미분류
16-교-생활계폐기물 수거처리용역(후반기),미분류
16-J-교환기 확장/증설 및 동보FAX 교체사업,미분류
"방현재,선박용 등 8종",미분류
LCD모니터 등 2종,2종
베어링 볼형 환상형 등 4종,9종
단문전송시스템(SMS) 전송기 구매,미분류
송풍기(궤도장비용),미분류
"발전기세트, 가솔린엔진식 5KW",9종
단안형야간투시경 수리부속(구매),9종
K계열 궤도장비 부품류,9종
하네스류,미분류
스파이더 회로카드조립체 등 10항목 제조(물품),미분류
시동기,미분류
열상 장비(TAS-970K) 회로카드조립체 제조(물품),미분류
TA-512K(A) 전화기 스위치등 2항목 구매(물품),2종
광대역 안테나 로프조립체 등 5항목 제조(물품),미분류
무전기세트 케이블조립체 5항목 제조(물품),2종
무전기세트 확성기조립체 등 9항목 제조(물품),2종
에이-케이블,4종
"밸브 조립체,차단용(76미리함포 부품)",4종
케이블류(K-1 전차),4종
함 탑재용 무인항공기 선행연구,7종
서북도서용 무인항공기 선행연구,7종
무인 수색차량사업 운용요구서(ORD) 연구,7종
해상작전 위성통신체계 성능개량 선행연구,10종
이동식운반용기,미분류
해군 춘추운동복,미분류
순두부,1종
순두부,1종
순두부,1종
순두부,1종
포장두부,미분류
포장두부,미분류
포장두부,미분류
포장두부,미분류
충전기(PP-5K) 및 부품,9종
전차/장갑차 부품,7종
선택김치류(7지역),1종
만두(군만두형),미분류
만두(포자형),미분류
전자식교환기(STAREX) 등 4종 유지보수 정비,4종
물류이동장비(전동화물운반차 4대) 구매,미분류
"허브,드럼류",미분류
전산운영용품 27종 구매,2종
토양오염 누출검사 용역,미분류
토양오염도 검사용역,미분류
보스민액 등 77종 구매,미분류
'16년 작전지속지원분석모델 유지보수 용역,미분류
16년 상륙작전 탑재모델 성능개선 용역,미분류
램프 등 18종 구매,미분류
교육장비(사이버모의훈련시스템) 구매,미분류
교육장비(전기자동자시스템) 구매,미분류
피 · 아 식별띠 제조,미분류
00부대 독신숙소 조명기구 제조설치,4종
침해대응시스템 성능개선 사업,미분류
국방정보통신망 라우터 구매설치,미분류
00지역 등 3개지역 LAN 교체사업,미분류
탄약 정비용자재 76종 구매,미분류
FRP 소화기함 제조,2종
16년 차세대 DEMIS 재활용장비 교체사업,미분류
오디오 파일 시스템 구매 설치,미분류
'16-본-육-03 씽크대 제조설치,미분류
'16-본-육-03 알루미늄 창호 제조설치,4종
K계열  전차 포술 모의훈련장비 구축사업,7종
00부대 독신숙소 가구(2종) 제조설치,2종
"유조차(16,000리터) 제조 납품",미분류
의약품(드리클로액 등 43종)구매,8종
의료기재(치간치솔 등 45종)구매,미분류
국외항공권 구매,7종
간성아파트 건립 합성수지제창 제조납품,미분류
정수기 임차용역(78대),미분류
예비군훈련용 00분해도 4종 구매,미분류
무인감시장비 제조설치,7종
반조봉 등 5종 구매,미분류
백색좌견실 등 11종 제조구매,미분류
동계행사복 등 2종 제조구매,미분류
방탄헬멧 등 4종 구매,2종
"클램프,루프형 등 18항목 구매(궤도)",미분류
"연결기, 배기 파이프용 등 7항목 구매(궤도)",4종
"플라이휠,엔진용 등 20항목 구매(궤도)",9종
"케이블 조립체,특수목적용 등 43항목 제조(궤도)",4종
"게이지, 고도측정용 등 60항목 구매(물자)",미분류
"줄,수동식 등 94항목 구매",미분류
"소켓,소켓렌치용 등 72항목 구매",미분류
"탱크, 연료용 등 2항목 구매(기장)",3종
"연삭기,다용도용 등 4항목 구매(물자)",미분류
"와셔,잠금식 등 154항목 구매(총포)",미분류
COS 스위치 등 80종 (16-93/97),미분류
"시험대, 유압계통 구성품용",미분류
사병외투,미분류
무정전 주파수변환기 80KVA,미분류
계란 등 615종 구매 납품,미분류
(16-179)군 공항사용 분담금(할로겐램프외 16품목),미분류
TV 증폭기 메인 유니트 7개,미분류
패킹 등 20종,미분류
연료관 등 12종,3종
밸브 솔레노이드 등 12종,4종
16-평-항온항습기 외주정비 용역,미분류
토너(MLT-D203L) 등 30종 구매,2종
해안케이블 공사 자재 구매,4종
자외선램프 구매,미분류
"제어장치,소자용 1종",미분류
로타리 스위치 등 5종,미분류
16-먹는 물 수질검사 용역,미분류
잉크 등 140품목 구매,2종
인화지 등 217종 구매,미분류
팩스토너 등 163종 구매,2종
무선충전드릴세트 등 397종 구매,미분류
체력단련기구(런닝머신 등 5종) 구매,미분류
스위치 누름식 등 12종,미분류
동계 취사복 등 3종,미분류
회전식 연결관 파이프용 등 9종,4종
"취사형, 앞치마 원단 1종",미분류
제동 저항기 1종,미분류
브이벨트 등 34종,미분류
잠수함(SS-Ⅱ) 전술훈련장 유지보수 용역,미분류
'16년 취사기구류 구매 및 보급계획,2종
가루비누(슈퍼타이 1kg) 구매,미분류
병영도서관 도서 구매,10종
OO함 오수배관 청소 용역,미분류
2분기 8차 의약품 및 의료기재 구매,8종
병영도서 256종 1485권 구매,10종
13개부대 피뢰침보강 자재 구매,미분류
00학교 생도 군사훈련 수송용역,미분류
국방헬프콜 홍보물(자) 제작,10종
00부대 궤도정비고 오버헤드크레인 설치납품,미분류
00부대 주거단지 씽크대 제조 / 설치,미분류
00부대 병영생활관 신축 플라스틱 창호 제조납품,4종
전지액 등 9종,2종
16-비데 임차 계약,미분류
노래방기기,미분류
"(16-046,047) 금속제작품 2품목",미분류
16년 전반기 재난예방공사 자재구매,미분류
16-8차 부대조달(상병건강검진시약) 구매,미분류
천막 등 3종 구매,2종
노출계 등 16종,미분류
벽타일 등 52종,4종
도서 정보처리기능사 필기 등 7종,10종
가열기 유체식 산업용 1종,미분류
칼마토 완성기 등 18종 구매,미분류
케이블 자재 구매,4종
고무블럭 등 9종 구매,미분류
부대조달 의약품 구매 1차,8종
몽골천막/현수막 및 모바일 화장실 임차,2종
천막 등 86품목 구매,2종
2/4분기 전산운영용품 구매,2종
훈련교관 벨트 등 320품목 구매,미분류
"(위임46차,49차) 보수공사 자재납품",4종
부대조달 의료기재 구매 5차,미분류
부대조달 의약품 구매 5차,8종
16-137 냉각수 수처리제 등 150종,미분류
조속기,미분류
민통선 경계용 CCTV 설치납품,7종
16-평-0000관 덕트 청소 용역,미분류
오일필터 등 88종,9종
`16-00부대 CBT교육 소프트웨어 구매,2종
밸트 등 7종 구매,미분류
AL앵글 클램프 등 116종 구매,미분류
태릉체력단련장 골프카트 구매,미분류
궤도부품류(구매),9종
스프링류,미분류
스파게티,미분류
야전삽 1항목 구매(물자),미분류
전동 파렛트 트럭,미분류
폐유처리장 활성탄여과기 충진물 교체,미분류
포장 비닐 등 26종,미분류
재봉기 등 4종,미분류
정비용깔판 등 83항목 구매(물자),미분류
항공부속 와샤 평면형 등 57항목 구매,7종
항공부속 핸들 조립체 등 5항목 제조,7종
항공부속 덮개 조립체 등 7항목 제조(물품),7종
무전기세트 램프 등 18항목 구매(물품),2종
"ATCIS 케이블조립체,전력용 등 12항목 구매(물품)",4종
PRC-999K 무전기 축전식 전지 6항목 구매(물품),2종
수위측정기 기압센서 등 2항목 구매(물품),7종
위성장비 전원공급기 등 4항목 구매(물품),미분류
탐지3호 모뎀 등 2항목 구매(물품),미분류
통신 가설용 케이블 전선 등 21항목 구매(물품),4종
통신용 단자함 등 2항목 구매(물품),미분류
통신용 절연테이프 등 4항목 구매(물품),미분류
"전지,재충전불가식(미스트랄용)",2종
방위사업 원가계산 외부용역 6차,미분류
'16년 유류취급 안전장구류 구매,미분류
디지털무늬 방한복 상의,2종
보관함등22종,미분류
OO부대 일체형 컴퓨터 등 4종 구매,2종
자주포 유지용 일반부품류,7종
아파트 실외 수목소독 용역,미분류
아파트 실내 소독 용역,미분류
전반기 장비운영소모품 구매,미분류
핀조립체 등 937항목 구매(궤도),미분류
00부대 헌병피복(작전장갑 등 4종) 제조 납품,2종
적사함 구매,미분류
이동식 방호벽 등 4종 구매,미분류
전산운영용품 구매,2종
조종흉장 등 31종 제조,미분류
탄약보호용 덮개(2종) 제조,미분류
전차 주간표적지 3종 제조,7종
탄약정비용 목재 파레트(5종) 제조,4종
선박 보조연료탱크 제조 납품,3종
인쇄소모용품 7종 구매,미분류
16-P-PMS핸디토키 중계기 보강,미분류
연구소 기술용역 재료비 초자 구매,미분류
"선수숙소 비품(침대,옷장)구매",미분류
구급낭등 14종 구매,미분류
하계용 취사복 제조납품,미분류
정비재료(케이블타이 등 193종) 구매,4종
"허브,몸체용 등 54항목 제조(생산능력)(궤도)",미분류
"부품키트,유압전달 장치용 등 80항목 구매(궤도)",9종
"차폐 개스킷,전자식 등 68항목 구매(궤도)",미분류
회로카드 조립체 등 63항목 구매(궤도),미분류
"스위치,압력식 등 39항목 구매(궤도)",미분류
"제동기,진동식,엔진용 등 46항목 구매(궤도)",9종
차단기 상자 등 70항목 구매(궤도),4종
핀조립체 등 937항목 구매(궤도),미분류
항공등화 소요자재,7종
장갑차 전기장치 부품류,7종
손잡이조립체,미분류
밸브류(궤도장비용),미분류
의약품(엘로디 정외 30종) 구매,8종
관리대 현장학습 버스 임차,미분류
교체용코브라 등 99품목 구매,미분류
LED TV 등 4종,4종
00대대 풋살장 인조잔디 및 충진재 설치납품,미분류
`16-00부대 응급구조사 교과서 구매,10종
엑소메가크림 등 38품목 구매,미분류
`16-00부대 CBT교육장비(HD카메라 등 5종) 구매,미분류
(16-175)작전및편의시설유지(도로표지용도료외1품목),4종
잠수함(SS-Ⅰ) 전술훈련장 유지보수 용역,미분류
"컵,세라믹제 등 16종",미분류
포탄 조립체 등 6종,미분류
에어컨 실외기 거치대 설치납품,미분류
전산운영용품 구매(UTP케이블 등 77종),2종
"브래킷,판류",미분류
박격포 등 화포부품류,7종
"렌치세트, 소켓용 등 135항목 구매(물자)",미분류
임펙에어렌치 등 16항목 구매(물자),미분류
"잭,유압식, 수동식 등 62항목 구매(물자)",미분류
탐지3호용 회로카드조립체,미분류
방진 고무판 등 00종 구매,미분류
수입봉류,미분류
실사출력기(JV4-160) 외주정비 용역,미분류
전산운영용품 구매(UTP케이블 등 77종),2종
마트 유니폼 조끼 제조,6종
기계실 이전 무정전전원장치(UPS)제조 설치,미분류
13-본-국대-01 00학교이전 자전거 보관대 제조설치,미분류
차량정비 공구류 등 53종 구매,9종
동원훈련장 총기보관함(2종) 제조설치,미분류
00부대 통합시설 통합배선 제조설치,4종
16년 브리핑체계 교체사업(리스물건),미분류
휴대용 무선송수신기(핸드토키) 제조,미분류
향방용 M16 총기보관함 제조설치,미분류
16년 해군 교환기 교체사업,미분류
13-본-국대-01 00학교이전 조명기구 제조설치,4종
장력장치류,미분류
암조립체류,미분류
00부대 원탁테이블 등 21종 제조 납품,미분류
에나멜페인트 등 22종 제조,4종
물자저장용 컨테이너 제작,2종
2분기 전산운영용품 구매,2종
HDMI케이블 등 34종,4종
텅스텐봉 등 84종,미분류
UNI TV 등 17종,미분류
삼파장 램프 등 20종,미분류
스텐 뱅뱅이휴지통 등 54종,2종
세이쉘 국기 등 15종,미분류
pole Gun 등 7종,미분류
슬링벨트 등 32종,미분류
주석덩이 등 6종,미분류
팩 조립체 등 10종,미분류
박격포 다리부품류,7종
비빔냉면,미분류
비빔냉면,미분류
비빔냉면,미분류
비빔냉면,미분류
물냉면,미분류
물냉면,미분류
물냉면,미분류
물냉면,미분류
박격포 고저방향장치부품류,7종
공기압축기(GRH-500W) 외주정비,미분류
조16-방관사-22 군수과 이동형 에어컨,미분류
생산단 머시닝센터 2대 외주정비 용역,미분류
"시일, 밀봉형(전차)",7종
사이버 침해사고 조사도구 라이선스 구매,10종
00부대 특전장갑 제조 납품,미분류
세탁장비(드라이크리닝) 구매 설치,미분류
군악대대 관악기(피콜로 등 24종) 구매,미분류
00지역 스테레오 위성영상 구매,10종
교육훈련컨텐츠 훈련장 구축,미분류
하계취사복 상의 구매,미분류
몽골텐트 제조구매,2종
지지대 등 21항목 제조(궤도),미분류
회로카드 조립체 등 17항목 제조(궤도),미분류
"덮개,차량구성품용 등 4항목 제조(궤도)",7종
"판, 브리지용 등 10항목 제조(기장)",미분류
"플러그,기계 나사용 등 66항목 구매(기장)",미분류
"브래킷,설치용 등 78항목 제조(궤도)",미분류
작업용 회전의자 26점 등 11종 66점,2종
로드휠조립체(BV-206),미분류
"펌프,원심형",미분류
"항-16-023,024 전문인명구조교육시뮬레이터 등 2종",7종
부대 의약품 및 의료기재 등 구매,8종
H형강(150*150) 등 16품목,미분류
통합 위성항법시스템(GNSS) 구매 설치,미분류
세탁기 구매 설치,10종
사업관리용역업체 간접비 검증 용역,미분류
"권양기,체인식 등 27종",미분류
자동 에어릴 등 75항목 구매(물자),미분류
"바이스, 파이프용 등 181항목 구매(물자)",4종
"이동대, 수공구용 등 46항목 구매(물자)",9종
15부품정비대대-시험세트(태칸) #44,9종
파병 티셔츠 등 3종 구매,미분류
"덮개, 사령관 지휘소 지붕용",미분류
니카드전지(BB-851K 등 4종),2종
10톤 상용구난차,미분류
축 및 기어류,미분류
영내/영외관사 보일러 구매 및 설치,미분류
터치 앤 터프 등 64품목,미분류
프로브 등 2종구매,미분류
K1리테이너등23종구매,미분류
K1전차 나사등87종구매,7종
무인경계시스템(CCTV) 외주정비 용역,미분류
전자식교환기(SDX) 등 4종 유지보수 정비,4종
전원공급기(K-1 전차용),7종
페인트건 구매,4종
잠수함 통풍관 청소 용역,미분류
1900부대 출입문 보수 등 14개소 자재구매,4종
피해복구용 골재 등 3종 1122점,4종
특수피복 구매,2종
리빙데코엠보싱 휴지 등 49품목,2종
발전기 연료필터 등 7종 구매,3종
16 신궁 질소가스 충전공급,3종
16-10차 부대구매,미분류
16년 군장품(포제명찰) 용역 계약,미분류
2016년 LPG 가스 구매(강원),3종
16-Bb트럼펫 등 19종 구매,미분류
16-해-변전실 CCTV 제조설치,7종
16-해-변전실 비상발전기 제조설치,미분류
'16년 국방부 회의실 브리핑시스템 장비 구매설치,미분류
14-본-육-10 00지역 아파트 목재창호 제조설치,4종
기부 대 양여사업 감정평가 용역,미분류
2016년 LPG 가스 구매(강원),3종
국군체육부대 제초용역,미분류
주거시설 관리 및 운영 전문성 제고 방안 연구,4종
2016년 군 책임운영기관 워크숍 위탁 운영,미분류
전원공급기 등 5항목 제조(특무),미분류
회로카드 조립체 등 15항목 제조(특무),미분류
케이블 조립체 등 51항목 제조(특무),4종
"포가,기관총용 등 43항목 제조(총포)",7종
"트레이,장전기-장전판용 등 65항목 제조(궤도)",미분류
허브 등 84항목 제조(궤도),미분류
노후비품 가전제품 구매,미분류
고양 가동장치 작업대 2종,미분류
16년 포제휘장류,미분류
16년 금속휘장류,미분류
흉장 및 예비군마크,미분류
부대표지(정복/근무복용),미분류
군장품류(전투복용),미분류
16년 장구류명찰,2종
분석기(비행조종계통 점검용)외1종 구매(16-38),미분류
"기어조립체, 감속기용 1종",미분류
"조종간,자료입력용 등 2종",미분류
전자신호봉 등 47종 구매,미분류
그랜져TG 연료필터 등 230종 구매,3종
2분기 전산운영용품 구매,2종
더존연필 등 69종 구매,미분류
16-10차 의무물자 구매,8종
복싱부 운동용품 구매(헤드기어등),미분류
리프레쉬플러스 점안액 등 112종,미분류
2분기 교육예산 일반수용비 및 실습재료비 집행,미분류
16-00호텔 세탁용역(2차),미분류
15시설대대 - 사각파이프외101종,4종
반찬냉장고 등 4종,1종
타이어 등 9종,9종
입구 샤프트 씰 1종,미분류
2분기 교육예산 자산취득비 집행,미분류
관리대 교육비품 구매(전반기),미분류
"게이질,전해질 수위용 등 5종",미분류
오일 펌프 1종,미분류
연마지 등 9종,미분류
잠수함 조함훈련장비 유지보수 용역,미분류
조화파티션 등 7종(연평도),미분류
축구공 등 284품목 구매,미분류
동원처 컵소독기 60대 구매,미분류
남자축구부 운동용품 구매(점퍼 등 5품목),미분류
105-3대대 도난방지 CCTV 10개소 설치,7종
덕트 온도센서 등 14종 구매,미분류
카드발급 피린터 등 5품목 (16-95호),미분류
전자렌지 등 3품목 구매(지원과),미분류
비상조명등 171품목 구매,미분류
"3단 경봉 등 12품목(16-109,18호)",미분류
프린터토너 등 196종 구매,2종
레일커튼 등 2종 제조/설치,미분류
압축링 3단 등 18종,미분류
링 피스톤 등 18종,미분류
방청제 등 909종,미분류
잠수함 상가대 플랫폼 주행레일 교체 정비,미분류
형광램프외 6종 구매,미분류
종교비품(성찬상 등) 구매설치,미분류
무열대 체력단련장 유류 구매,미분류
00학교 생도 임상실습 수송용역,미분류
군 숙소지역 조경공사,미분류
ATCIS 2차 성능개량 0000체계 운용요구서 연구,10종
2016-100호(자산)장탄 컨베어로라 등 4,미분류
하드디스크 등 66종,미분류
TV스탠드 등 10종,미분류
16-P-군 숙소 물탱크 청소 용역,미분류
00부대 컨테이너 제조 설치,2종
음성통신통제체계 유지보수,4종
SPS-1000 소프트웨어 기발/시험장비 유지보수,2종
(K)F-16 야전점검장비(AIS/IAIS) ATE 유지보수,미분류
행복마을 어린이집 교구 구매,미분류
해안케이블 공사 자재구매,4종
스위치류,미분류
시설대대 제수변 등 81종(16-111),4종
작전지원과 에어컨 등 7종(16-125),2종
65대대 1포대 지붕 등 2개소 자재구매 등 2건,미분류
복사지 등 167종 구매,미분류
병영도서관 도서 구매,10종
'16년 2/4분기 교육용품 구매,미분류
106-에어컨등3종 구매설치,미분류
2/4분기 정보체계용품 구매,미분류
우레탄도막 방수제 등 7종 구매,4종
16비 동병사식당 관급자재 분전반 제조설치,4종
2016년 조달 의무장비(수욕기 일반용) 구매,8종
00부대 조명기구(EL 20W)등 18품목 제조 및 구매,4종
디지털인쇄기 부품 및 소모품(토너검정등 14종) 구매,2종
전산운영용품 구매(전반기),2종
먹는물 및 저수조 수질검사 용역,미분류
휴대용 금속탐지기 등 2품목(헌병단),미분류
탄약고 경계 cctv 설치납품,미분류
16-3차 전산용품구매,2종
비상소화펌프 60GPM,미분류
00부대 방열기 교체 등 4건 자재구매,미분류
의약품 20종 구매(16-10차),8종
충전 임팩드릴 등 16품목 구매,미분류
16년 전반기 교육예산(자산취득비) 구매,미분류
16년 2분기 전산운영용품 구매,2종
알루미늄 합금판 등 26품목,미분류
감자칼 등 36종,미분류
UTP케이블 등 56품목 구매,4종
면마스크 등 2품목 구매,미분류
"16-00전단 (부산,경남,제주지역) 매트리스 소독 용역",미분류
프린터 토너 등 8종 구매,2종
00부대 물탱크 청소 용역,미분류
전자키 250개(현장설치 포함),미분류
2분기 교육 및 실습재료 구매(싸인펜 등 89종),미분류
오수용 수중펌프 등 124품목 구매,미분류
의약품 및 의료기재 34품목 구매,8종
화장지 등 45품목 구매,미분류
16-128 에어컨 등 4종,미분류
16-덕-복지시설 물탱크 청소용역,미분류
16-132 러닝머신 등 11종,미분류
임관사령장(부사관) 외지 등 16종,미분류
보조배터리 140개,9종
파라카인 점안액 등 74종(의약품),8종
하이브 USB 허브 등 327종 구매,미분류
압착뺀치 등 86종 구매,미분류
타이어 등 15종 구매,9종
조이스틱 등 2종 구매,미분류
진공구동벨트 등 41종 구매,9종
여름시트 구매,미분류
순간온수기 구매,미분류
복사용지 등 215종,미분류
16-평-실내공기질 측정 용역,미분류
격발장치부품류,9종
씰조립체,미분류
전원공급기 세트(SPS-64),미분류
케이블 조립체류(K1전차),4종
구동장치부품류,9종
계기 및 계기부품류,9종
HP-CJL5550DN 검정(정품) 등 71항목 구매(물자),미분류
항공부속 브라켓 등 2항목 제조(물품),7종
항공부속 오링 등 14항목 구매(물품),7종
항공부속 소자 오일필터용 등 4항목 구매(물품),7종
항공부속 배선장치 등 14항목 구매(물품),7종
"위장모, 특전사용 1항목 제조(물자)",미분류
대테러 권총벨트 등 3항목 제조(물자),7종
ML-8900N토너/드럼(슈퍼재생)등 9항목 제조(물자),2종
특수보호의,미분류
니카드전지(항공기용),미분류
유압파이프 등 35종 구매,4종
폐수 고도처리시설 오존산화조 청소 용역,미분류
로드휠(장갑차용),7종
마사토 등 7종,미분류
더블에이 복사용지 A4 등 245종,미분류
수신기 등 17종,미분류
잠수함(SS-Ⅰ) 디젤 감시장치 EKR PCB 정비,미분류
도서(AIRMANSHIP 등 96종)구매,10종
체력단련장 비료 구매,미분류
휴대용 마이크 앰프 구매,미분류
00부대 통합시설 분전반 제조설치,4종
디지털 인쇄재료 46종 구매,미분류
PC 제조 설치 사업,2종
상황전시기 성능개선 부품교체 및 설치,9종
이동용 다목적 차량 구매,7종
16년 조사체계 S/W라이선스 구매,10종
16년도 급식 및 피복 만족도 조사,2종
체력단련장 비료 구매,미분류
휴대용 마이크 앰프 구매,미분류
휴대용 금속탐지기 등 3종 구매,미분류
"호스조립체,연료용 등 127항목 제조(기장)",3종
"잠금판,너트와 볼트용 등 32항목 제조(기장)",9종
캠 조립체 등 2항목 제조(기장),미분류
"암,백미러용 등 11항목 제조(기장)",미분류
연결기 등 16항목 제조(기장),미분류
"(16-044,049,050,052,053) 전자제품 19품목",미분류
전산운용용품(A4용지등 43종) 구매,2종
"접속장치, 통신장비용 케이블",미분류
"기어,내접형",미분류
상근단 오수처리장 보수 케익호퍼 제조설치납품,4종
단자함 및 케이블 구매,4종
DC 파워 서플라이 등 16품목 구매,미분류
항-16-028 인슐린주사기 0.3cc 등 61종,8종
"타이어 15종 (16-060, 061)",9종
관물함(16-97),미분류
16-목-군 숙소 물탱크 청소 용역,미분류
손목시계,미분류
예초기 등 3종 구매,미분류
구호변 등 3종 구매,미분류
16-학습지원과 (아스테이지 구매),미분류
교도소 침대생산자재 제조,미분류
전술자료처리기 등 9종,미분류
네비게이션외 3종 설치납품,미분류
16년 공군 LAN장비 교체사업,미분류
전기장치부품류,9종
16년 폭발효과묘사탄,미분류
오링 및 패킹류,미분류
"씰, 봉합조립체류",미분류
망고음료,1종
BTCS용 케이블조립체 등(A),4종
BTCS용 케이블조립체 등(B),4종
파이프 및 도관용 벤딩 머신,4종
13-본-국대-01 00학교이전 송풍기 제조설치,미분류
16-해-기계실 광전송장치 제조 납품,미분류
16-해-중계소 광전송장치 제조 납품,미분류
메인조명콘솔 등 12종 구매,미분류
군장품(공군휘장) 제조,미분류
헬륨가스 구매,3종
진술형녹화장비 등 4종 구매설치,미분류
'16년 이동마트차량 제작사업,6종
00000 통합처리체계 구축,미분류
다원적 민주주의 사회의 장병 정훈교육 방향 연구,10종
00부대 CCTV 제조설치(16-47),7종
00부대 디젤발전기 제조납품(16-43),미분류
00부대 팬코일유닛 제조설치(16-38),미분류
00아파트 신축 CCTV 제조설치(16-28),7종
00아파트 신축 분전반 제조설치(16-27),4종
고각장치 등 3항목 제조(특무),미분류
쉬일드 조립체 등 27항목 제조(총포),미분류
"다이얼,눈금식 등 26항목 제조(총포)",미분류
램프 등 341종,미분류
정비사용 선글라스,미분류
휴대용 방수 통신기 3개,4종
다목적가위 등 192종,미분류
선글라스 등 11종,미분류
롤휴지 등 12종 구매,2종
16-평-함정 수밀 개폐구 교체 외주정비(2차),미분류
PKG 발전기(PNI) 정비,미분류
7탄약창 민간 제초용역,미분류
소부대무전기(PRC-96K)부품류(구매),2종
차량밸브류,7종
BTCS 회로카드조립체 등 7항목 구매(물품),미분류
감시장비  방향조정 조립체 등 21항목 구매(물품),7종
항공부속 연결기.로드엔드용 등 3항목 구매(물품),7종
패트리어트 PAC-3 유도탄(2차)사업 선행연구,5종
코드류,미분류
주요 군사시설의 방호설계 기준 개정 연구용역,미분류
주요 군사시설의 방호설계 기준 개정 연구용역,미분류
깍두기(임가공),미분류
K1전차 베어링등16종구매,7종
고임목블럭등2종구매,미분류
K1링등15종구매,미분류
K1 패킹등59종구매,미분류
K1 개스킷등12종구매,미분류
브레이크 드럼 등 130종,9종
'16년 화상회의체계 교체사업,미분류
000경비대대 내부방탄복 제조 납품,미분류
16년 공군 VoIP교환기 교체사업,미분류
00학교 보일러(5종) 제조설치,미분류
'16년 경남외 지역 하역용역,미분류
탄약정비용 안전보호용품(안전모 등 21종) 구매,미분류
이지스전투체계 교육훈련장 유지보수 용역,미분류
13-본-국대-01 00학교이전 알루미늄 쉬트패널 제조,미분류
14-본-육-10 00지역 아파트 알루미늄창호 제조설치,4종
'16년 생도피복(방한파카) 제조,2종
청테이프 등 543종,미분류
DVD 플레이어 콤비 등 27종,미분류
'16년 저장 중 정비용 장비 제조설치,미분류
'16년 보급환경개선비품 제조설치,미분류
백열등 등 4항목 구매(총포),미분류
"베어링,볼형,환상형 등 13항목 구매(총포)",9종
"사격부속장치,공포탄용 등 4항목 구매(총포)",미분류
"필터 엘리먼트,유체용 등 58항목 구매(기장)",9종
실린더 조립체 등 29항목 구매(기장),미분류
회로카드조립체 등 2항목 제조(기장),미분류
하늘회관 식자재,미분류
"센서, 전류용 등 16품목",미분류
보드마카 등 27종 구매,미분류
무진동차량 임차 용역,미분류
공업용가스(아세틸렌 등 3품목) 용기 구매,3종
커넥터 등 20종 구매,미분류
준공검사 검측장비 구매,미분류
플라스틱 들것 등 3종 구매,8종
원심식 펌프 2EA 구매,미분류
수중볼텍스펌프 2종 구매,미분류
상륙돌격장갑차 보기륜 정비,미분류
크랭크 샤프트 등 50종,미분류
충전기 모듈 3EA,미분류
프린터 구매,2종
HDTV 노후교체 사업,미분류
전산소모품(스캐너 등 00종) 구매,2종
5.56밀리 철상자 등 3종 외주정비,미분류
증식용 떡 및 케이크 제조납품,미분류
초자류,미분류
해안 케이블 공사용 자재구매,4종
장비 일반고무 제품류,미분류
자주포 일반부품류,7종
"포신,대포용 부품류(구매)",9종
제어장치조립체 및 축 조립체류,미분류
K10제독차 파워팩 조립체 등 10항목 구매(물자),미분류
'16년 155밀리 모의적재훈련탄 등,미분류
캐패시터 등 6종,미분류
차륜형장갑차 시설사업 선행연구,4종
유류탱크(2천리터),미분류
배추김치(임가공),미분류
깍두기(완제품),미분류
배추김치(완제품),1종
김장김치,1종
호크 교전모의기 유지보수,4종
양파음료,1종
즉석쌀국수,1종
생도53기 공수훈련 수송차량 임차 용역,미분류
대포병탐지레이더 소요자재 구매,7종
천마 기화기조립체 기술개발 소요자재 구매,미분류
16년 연막수류탄류,5종
완충기류,미분류
087-자동차 타이어 등 21종,9종
"연장기, 경고등용",미분류
K1 전차 나사류,7종
기지외곽제초용역,미분류
해외파병장병 의장 격려품(지구본 탁상시계) 구매,미분류
보수공사용 자재 구매,4종
청룡회관 음료수 납품,1종
이동형 LED 투광등 구매,4종
이동형 LED 투광등 구매,4종
이동형 LED 투광등 구매,4종
응급처치훈련 세트 구매,미분류
부검 조직검사 장비 세트 구매,미분류
재료내구성 측정시스템 구매,미분류
소형굴삭기(타이어형) 구매,9종
'16년 OO부대 도서관자동화시스템 구매설치,미분류
야전교육용 방송장비(15종) 구매,미분류
일반비품 (벽걸이형 TV) 등  46종 구매설치,미분류
군악기(피콜로 등 35종) 구매,미분류
OPP접착 테이프 등 410종,미분류
제도샤프 등 529종,미분류
업소용 세탁기 제조설치납품,10종
사막색 전투복 제조납품,미분류
이동형 LED 투광등 구매,4종
"클램프,호스용 등 39항목 제조(궤도)",미분류
개스킷 등 74항목 제조(궤도),미분류
방수 주머니 등 12항목 제조(궤도),4종
전기 접촉자 등 9항목 제조(기장),미분류
"절연체,열차단용,차량용 등 81항목 구매(기장)",7종
방한화,미분류
다목적 외투,미분류
야간투시경부품(제조),9종
프로파일 등 25종 구매,미분류
(16-129)부대비품(일자책상외 19품목),2종
16년 표창 부상품(손목시계) 제조납품-중기간경쟁품목,미분류
냉장고등 4품목 구매 (근-16-054),미분류
통신장비용 축전기 구매,미분류
"(위임 37차,38차) 보수공사 자재납품",4종
(16-154)작전및편의시설(샤워기혼한가랑외 78품목),4종
(16-155)취사기구(가스자동취반기외 6품목),2종
전선 등 250종,4종
아쿠아슈즈 163켤레 구매,미분류
"추,수심측량용 1종",미분류
쥐막이 등 3종,미분류
배수턱 1종,미분류
부표 등 3종,미분류
"카터조립체, 청락기계용 등 3종",미분류
페브리즈 외 130종 구매,미분류
등기구 세트 외 14종 구매,미분류
최용남 백두산 함장 흉상 제작 설치납품,미분류
과학화 경계시스템 외주정비,미분류
16-114 디지털카메라 등 14종,미분류
K1 전차 볼트류,7종
"탐지기, 감지기류",미분류
보오스코우프 키트 구매,미분류
회전톱 고정용 받침대 등 90종,미분류
"전건,전신용(KEY802)",미분류
16-3차원 전신스캐너 유지보수 계약,4종
1607부대 11개소 도서구매,10종
096-파이프 등 102종,4종
토너 등 27종 구매,2종
이동형 에어컨 구매,미분류
쇄석 구매,미분류
배터리 전동 지게차용,9종
함내지휘 통신체계 수리부속,9종
LED 전등 등 2종 구매,4종
2/4분기 정보체계예산 및 ATCIS예산 집행,미분류
"부품키트,유체압력여과기용",9종
도서 53종 구매,10종
1891부대 전산운영용품구매,2종
전산운영용품 구매(2차),2종
비호 포체계 수리부속,9종
토양오염 정화사업 자재구매,미분류
소방시설 종합정밀점검 용역,미분류
교육훈련컨텐츠 훈련장  PC제조,2종
유류시험장비(그리스침입도 시험기 등 3종) 구매,7종
대공감시용 근거리 감시레이더 구축사업,7종
적외선 IP카메라 등 16종,미분류
교도소 침대생산자재 구매(목재류),4종
마이크 등 구매 및 설치,미분류
3탄약창 제초 민간용역,미분류
`16-00부대 교육비품비(근육내주사 실습모형등) 구매,미분류
(조달) 3훈비 16-2-122 보일러 1종 구매,미분류
2/4분기 정보화 물품 구매,미분류
토너 등 38종,2종
ㅇㅇ연대 예비군 사격장 탄두회수함 구매,미분류
시설 / 조경용역 기계경비 자재구매(3차),미분류
(조달) 3훈비 16-2-121 투광기 등 19종 구매,미분류
생수,미분류
16-7차 의무물자 구매,8종
더블에이 복사지 등 3종,미분류
위임 33차 / 수송부 보수공사 자재 납품,4종
이동식대차 등 75종,미분류
프린터케이블 등 71종,2종
방역약품 구매,미분류
<긴급>스피커 등 4종,미분류
<긴급>헬멧(용접공용) 등 2종,미분류
<긴급>피스톤2 등11종,미분류
의료기재 36종(심폐소생술 마네킹 등 32종) 구매,미분류
건전지 등 249종,2종
전자레인지 등 2종 구매,미분류
'16년 차체인양기(4주식) 교체 / 설치사업,미분류
CO2소화기 5파운드 등 3종,2종
16-S-02 식자재 위탁배송 용역,미분류
암 컬렉 등 184종 구매,미분류
이동로 가림막 자재구매 등 2건,미분류
식기세척기 2대 임차 용역,미분류
비닐 D링 바인더 등 822종 구매,미분류
"콘센트릭 밸브 조립체,2,3단용 등 2종",4종
16년 복사기 외주정비,미분류
플러스펜 등 128종,미분류
런닝머신 등 20종 구매,미분류
정수기 등 125대 임차,미분류
출장뷔페(380인) 용역,미분류
광컨버터 등 5품목 구매,미분류
엡손컬러잉크 등 14종,2종
자전거(경주용 사이클 2종) 구매,미분류
3단 자동우산 등 3종,미분류
'16년 해본지구 렌탈프린터 임차 용역,미분류
디스플레이 유닛 2EA,미분류
디스크 등 6종,미분류
보조선용 표면레이더 1세트,7종
양념분쇄기 20EA,미분류
백열등 3종,미분류
항공용 챠드 백 등 2종,7종
차량오일수거기 등 2종 납품,7종
11탄약창 제초 민간용역,미분류
9탄약창 민간 제초용역,미분류
6탄약창 민간 제초용역,미분류
5탄약창 민간 제초용역,미분류
00부대 물탱크 청소용역,미분류
피펫팁 등 5항목 구매(물품),미분류
DRUM ASSY 등 11종,미분류
문서세단기 모터 수리부속/RS-9200M,9종
수불용 비닐봉투(소) 등 25종,미분류
'16년 105밀리 포탄목상자,미분류
정부3.0 박람회 방위사업청관 설치 및 행사진행,미분류
VHF무전기용 윈치류,2종
디지털무늬 P/R혼방직물(방투습),미분류
00지역 경호피복(신사복등) 제조납품,2종
배낭후레임류,미분류
AH-1S헬기 DU전원공급기 개발 기술용역,미분류
"16년 최루성 캡슐, CS",미분류
스테이브 조립체,미분류
진료용 안과유니트,미분류
탐지3호용 전원공급기 등,미분류
2/4분기 전산용품 구매,2종
'16-00병원 폐수처리시설 위탁관리용역,미분류
"(16-023,024,025) 타이어 등 149품목",9종
16-7차 부대조달(의약품) 구매,8종
16년 2분기 병영훈련용품 구매,미분류
16년 2분기 병영훈련용품 구매(제작),미분류
00지역 소방시설 종합정밀점검 용역,미분류
고단가 수술기구 3차 구매,미분류
냉난방기 세척 용역,미분류
전산운영용품 구매,2종
탄약정비용 페인트(12종) 제조,4종
광화일 스캐너 구매,미분류
고단가 수술기구 3차 구매,미분류
2016년 조달 의무장비(파리핀 수욕조 병원용) 구매,8종
의무장비 소모품 구매(연간 단가계약),8종
회로카드 조립체 등 5항목 제조(생산능력)(궤도),미분류
"클램프,호스용 등 84항목 구매(기장)",미분류
"보조조립체,피스톤용 등 2항목 제조(기장)",미분류
개스킷 등 67항목 제조(기장),미분류
모체기판 등 2종,미분류
'16-00부대 저수조 청소용역,미분류
'16-00아파트 및 00숙소 저수조 청소용역,미분류
15부품정비대대 - 시험세트(무선기용)(16-43),9종
디지털 캠코더 등 6종,미분류
HEXA MULTI-COPTER 완성기 등 44종,미분류
유휴시설 석면해체 감리용역,미분류
16-교-KAAV시뮬레이터 외주정비 용역,미분류
예초기오일 구매,미분류
교도소 침대 생산자재구매(부수소모자재),미분류
교도소 침대생산자재 구매(포장자재),미분류
가스솔더링 등 26종 구매,3종
사각형 양극 아연판 등 4종 구매,미분류
LED 전광판 제조 설치납품,4종
그리그리(확보기) 등 7종 구매,미분류
16-118 제초기 등 2종,미분류
16-평-함정/육상 매트리스 세척 및 소독 용역,미분류
공사 학사관리체계 통합사업 감리용역,미분류
16년 해병대 사무자동화장비(노트북) 도입,2종
KAAV RCWS/KAAV-Ⅱ총수명주기 비용에 관한 연구용역,미분류
수직이륙형UAV 기지건설 가능성에 관한 연구용역,미분류
그린프로콤비 등 2종 구매,미분류
볶음솥 등 26종 구매,미분류
'16-평-군 관사 보일러 구매설치,미분류
의약품/의무물자(듀악겔 등 185종) 구매,8종
수상함/잠수함 상가대 안전진단(2년주기) 용역,미분류
오일씰 등 13종,미분류
16년 충용대상 해외탐방 용역,미분류
구형화포부품류,7종
VHF무전기용 마스트류,2종
항법가방등 2항목 구매(물자),미분류
브라켓 등 1항목 구매(물품),미분류
메쉬백 등 4항목 구매(물품),미분류
'16년 공중 폭발모의탄,미분류
"확성기, 영구자석식",미분류
알루미늄 합금판 등 12품목,미분류
FM장비 야전시험장비 SW개조 소요자재 구매,7종
발칸 포신 하우징결합체 재생기술개발 소요자재 구매,미분류
16년 지상조명지뢰,5종
16년 20밀리 발칸모의탄,미분류
KM9 제독차세트 수리부속,9종
충전임펙트렌치 등 3품목,미분류
00부대 수배전반 전력제어장치 제조 설치,미분류
헌병피복(동계 대테러복 등 5종) 제조 납품,2종
000사업 목재가구(의자 등 75종) 제조설치,2종
전기용 투광조명세트 구매,미분류
형광침투 세트 등 9종,미분류
"솔,위생용 등 6항목 구매(총포)",미분류
"필터,유체용 등 25항목 제조(궤도)",9종
"센서, 촉각반응용 등 3품목",미분류
"센서, 촉각반응용 등 3품목",미분류
세탁기 등 2종 구매,10종
비누 등 67종 구매,미분류
"박판,금속제 등 10종",미분류
스폰지 팩킹 등 7종,미분류
AIP 산소 1종,3종
"의자,식탁용 2,206EA",2종
솔레노이드 발브 코일 등 3종,미분류
16년 증식용 떡 및 케이크 구매,미분류
700w발전기유지부품,9종
팔꿈치포경(지명),미분류
알티네이터,미분류
유압작동유,미분류
선택김치류(7지역),1종
선택김치류(6지역),1종
오렌지주스,1종
특전사 기능성방한복,2종
복숭아음료,1종
고무패드 등 37 종,미분류
"궤도보듸, 성형기용 7000cc 외주정비 용역",미분류
토너 등 56품목,2종
'16년 회로카드조립체(저전압용),미분류
리치트럭 등 2종 구매,미분류
항공기 격납고 / 정비고 크레인 4조 제조 설치,미분류
생도숙소비품(책상 등 4종) 제조설치,2종
보급근무분야 민간위탁 용역(인천 부평),미분류
"잠금판,너트와 볼트용 등 32항목 제조(기장)",9종
캠 조립체 등 2항목 제조(기장),미분류
"완충기,직접작동식 등 2항목 제조(생산능력)(궤도)",미분류
"램프,제논식 등 1항목 구매(기장)",미분류
"엘보,튜브용 등 60항목 구매(기장)",미분류
부싱 등 45항목 구매(기장),미분류
"스프링,주 제어벨브용 등 22항목 구매(기장)",미분류
"호스조립체,비금속제 등 35항목 구매(기장)",미분류
LPG 1종,3종
'16-00군항 준설토 투기에 따른 해양환경영향조사,10종
트리돌 캅셀 등 77종,미분류
복사용지 등 94종,미분류
차량 수리부속(라이닝 등 369종) 구매(연간),9종
램프 등 4종 구매,미분류
00복지관 흡수식 냉온수기 세관정비,미분류
'16-00의료원 소방점검 용역,미분류
'16-00의료원 물탱크 청소용역,미분류
복사용지 등 48종 구매,미분류
"공마대(24,400장) 구매",미분류
통신용 축전지 구매,2종
패스트로프 등 2품목 구매,미분류
호각 등 57품목 구매,미분류
16-K-해안복합감시체계 외주정비 용역,미분류
멀티미디어 시스템 유지보수 용역,미분류
"압축기, 냉동용 등 24종",미분류
원추형퐁속기 1종,미분류
리셉터클 등 40종,미분류
상용헤드셋 변환기 등 4종,미분류
"밸브,배수용 등 23종",4종
00급 SLQ-200K 모의장비형 CBT 개발 용역,미분류
정비비품 구입,미분류
정비비품 구입,미분류
00부대 취사용기구(HACCP형) 구매,미분류
차량용품 부동액 등 107종,3종
더블에이 복사용지 A4 등 79종,미분류
의약품 울트라셋정 등 82종,8종
16년 신형 항공연막통,7종
"교판(공병 보도조립체,교량용)",미분류
안테나조립체(AS-992K) 및 부품,9종
딸기잼,미분류
타이어 공기압식 차량용 구매,9종
'16년 발칸 베어링류,9종
"공업용가스 구매 및 용기검사, 밸브교체",3종
구형전차 부품류,7종
호흡용 고압 공기압축기 구매 설치,미분류
네트워크장비 교체사업,2종
견인식 제초기 2종 구매,미분류
00아파트 온돌마루 제조설치,미분류
00부대 관급자재(발전기) 제조설치,미분류
탄약취급장비(지게차) 용역,미분류
16년 공군 전반기 PC도입(일반),2종
16-전원변환기 DC24V 구매,미분류
고막형 체온계 등 5종,미분류
동축케이블 등 186종,4종
와이어링 등 187종,미분류
소프트 양용 드라이버 등 1023종,미분류
가스발사총 및 전자충격기 구매,3종
2016년 국방부 독서통신교육,미분류
2016년 국방부 전화화상영어,미분류
'16-1차 정비재료 구매,미분류
'16년 기동장비(2차) 야전 외주정비 용역,미분류
"클램프,루프형 등 35항목 구매(기장)",미분류
심 등 159항목 제조,미분류
16-062 다중 주파수 와전류 검사장비 구매,미분류
철사각관 등 87종,미분류
개스킷 등 18품목,미분류
현관정 등 73종,미분류
퓨저드라이브벨트 등 37종,미분류
절연저항계 등 4종 구매,미분류
토너 등 5종,2종
세절기 메인보드 등 108품목 구매,미분류
구조용 각관 등 19품목 구매,미분류
볼펜 등 393품목 구매,미분류
컬러중량원판 등 6종,미분류
입식싸이클 1대,미분류
마우스패드 등 846종,미분류
반코팅장갑 등 27종,미분류
스틸 바 등 4종,미분류
2/4분기 교육예산(교육장비 기가폰 등 5종),미분류
OO부대 전기자재 구매 등 3건,4종
16년 체육기자재 구매,미분류
00부대 조경관리 용역,미분류
"판,금속제 1종",미분류
볼펜 등 111종 구매,미분류
광 스위칭 허브,미분류
표지판 등 8종,미분류
잉크헤드 등 22종 구매,2종
16-평-000함정 소형음탐기 외주정비 용역,미분류
"밸브, 연장형 등 8종",4종
미끄럼 베어링 등 11종,9종
백보드 조립체 등 9종 구매,미분류
내부자 사이버위협 방어대책 연구용역,미분류
수송대대 차량 수리부속 구매,9종
충전드릴 등 37종,미분류
00부대 야간투시경 00대 구매 납품,미분류
케이블조립체,4종
정부화일 등 166종,미분류
K1전차 포수조준경 LRF정비기술개발 소요자재 구매,미분류
형광등 세트 등 32종,미분류
생도 53기 야전병영체험 수송차량 임차,7종
전반기 예비군지휘관 근무복 제조구매,미분류
00부대 어린이집 가전제품(카메라) 등 10종 구매,미분류
"니플,튜브용",미분류
위임 22차 제조설치납품(석문리대대 출입문 등 9건),미분류
00병원 본관동 정밀점검 용역,미분류
'16년 육로화물 수송용역,미분류
LED조명기구 등 2종 구매,4종
군숙소 제초 / 수목소독 용역,미분류
폐수처리시설 공냉식 냉동기 설치납품,4종
함정 선체 소규모 청소 용역,미분류
16년 소방시설 안전점검 용역,미분류
상용 위성전화기 구매,2종
복사용지 등 60종,미분류
부대조달 의약품 구매 4차,8종
16-부 전관방송 유지보수 용역,미분류
`16-00정 유류탱크 소제 용역,미분류
"비닐장판, 마루덮개용 1종",4종
전압조절기 등 5종,미분류
"호이스트, 체인식 등 2종",미분류
"열선유리,직사각형 등 3종",4종
에어컨오일 1종,미분류
벨브 등 5종,미분류
트래픽 페인트외 2종 구매,4종
1회용 비누 등 3종,미분류
"16-098,099 헤드폰 등 3종",미분류
코어네트 등 4종,미분류
소토사 108톤 구매,미분류
동원함 39개,미분류
칼라식도 등 114종 구매,미분류
문서보관상자 등 209종 구매,미분류
"유리 돔, 경계등용 1종",4종
유증기 감지기 1종,미분류
조정 유니트 1종,미분류
"등, 선박항해용 등 2종",미분류
고무제 원형섹션 등 8종,미분류
"선미관, 봉합용 1종",미분류
"스테이숀, 화재경보기용, 수동식 1종",미분류
공기작동 발브 1종,미분류
대형 다용도 면봉 등 18종 구매,미분류
16-합동부(복사지 등10종 구매),미분류
링크조립체(전차),7종
"플런저, 신속분리식",미분류
방위사업 원가계산 외부용역 방산제비율 산정 2차,미분류
탄도유도탄 통제소 유지보수,4종
16년도 정보체계 유지보수,4종
교량가설단정 부력블럭 성능개선 소요자재 구매,미분류
전산운영용품 00종 구매,2종
00부대 병영도서관 도서구매,10종
싱크대 등 6품목,미분류
친환경세정제 등 2품목,미분류
OO함 통풍기실 청락/도장 용역,미분류
"'16년 특수무기 볼트,너트류",7종
전반기 전산운영용품 구매,2종
00부대 석면 감리용역(16-62),미분류
16년 VTC/브리핑체계 신규/교체사업(리스물건),미분류
GOP 및 해강안 소초 찾아가는 문화공연 용역,미분류
시약식 잔류염소계 메인보드 등 2종 구매,미분류
프린터 토너 등 262종,2종
레자단색 토시 등 63종 구매,미분류
전선 등 9종 구매,4종
필터-에어등 123품목(근-16-047),9종
아크릴명찰 등 2종 구매,2종
냉장고 등 2종 구매,미분류
헤드볼트 등 8종 구매,9종
16-퇴역함 오물소제 용역,미분류
A4용지 등 325종 구매,미분류
원주목 등 90종 구매,미분류
'16-함정 위탁방제 용역,미분류
아크용접기 등 5종,미분류
정부문서화일 등 296종,미분류
화재진압장비 제조구매,미분류
젓가락 등 12종,미분류
16-국방어학원(외국어교재 13종 구매),미분류
자동에어릴 등 2품목,미분류
16-목-45인승 버스 임차 용역,미분류
16-제주 호국음악회 대행 용역,미분류
'16년 소화기 자동화 표적기 부품,2종
상용 LAN장비 유지보수,미분류
16년 부품키트 등(발칸용),9종
로드휠 세척 침사조 청소 용역,미분류
K1전차 측풍감지기 정비기술개발 관련 소요자재 구매,미분류
무반동총 축사기류,미분류
눈삽 등 9품목,미분류
경피전기침전자극기 구매,미분류
기(신호용) 등 202종 제조,미분류
환자배식 반납카 제조,미분류
환자용 그릇세트 등 4종 구매,미분류
디지털카메라(전문가용) 등 14종 구매,미분류
인쇄장비(디지털인쇄기 등 3종)구매설치,미분류
비작전견사료 12종 구매,미분류
00비 병사식당 신축 관급자재 냉난방기 구매 설치,미분류
입력편집기(본체 등 4종)구매설치,미분류
의무비품 48종 구매,미분류
노트북 등 정신교육용 장비 4종 구매,2종
16년 생일자 떡 케이크 제조납품,미분류
16년 영내자 증식용 떡 제조납품,미분류
차동기 등 20항목 제조(생산능력)(궤도),미분류
실린더 조립체 등 18항목 제조(생산능력)(궤도),미분류
"시추기 빗트 등 6항목 제조(기장, 생산능력)",미분류
풀 트레일러 제조,7종
"조종화(사계절,하계)",미분류
16년 소화기 자동화 표적기,2종
라텍스 글러브 등 37종 구매,미분류
"필터, 유체용 등 2종 구매",9종
열쇠보간함 등 54종 구매,미분류
전기국솥 1대 구매설치,미분류
육고 팽창밸브 등 5종,4종
16년 신궁부품 구매,9종
벨브류,미분류
크레인카,미분류
무전기세트 집적회로 등 45항목 구매(물품),2종
항공기 케이블 조립체 등 2항목 제조,4종
기구세척기 등 11항목 구매(물품),미분류
케이블조립체(전술통신체계용),4종
머스타드소스,미분류
타르타르소스,미분류
16년 ISO 9001 갱신심사 용역,미분류
확성기세트 부품,9종
변환기조립체(PHS-32용),미분류
호로대,미분류
도배 / 장판 설치납품(단가계약),4종
수영물자(수영복 등 3종) 구매,미분류
특정지역 피복(코트 등 17종) 제조,2종
군악 특수피복(제화류) 4종 제조 납품,2종
방탄복 등 2종 제조 납품,미분류
군악 특수피복(제복류 15종) 제조 납품,2종
16-로커(사물함) 660EA 제조,미분류
잠수함용 회전주파수 변환기 제조 설치,7종
인쇄판(CTP) 구매,미분류
수상.수중.항공 상황별 구조전력 소요검증,7종
00부대 모바일기기 통제(MDM)시스템 구축,미분류
LED투광등 설치납품,4종
"기어,스퍼형 등 8항목 제조(기장)",미분류
"힌지,T-자 관용 등 1항목 제조(기장)",미분류
"덮개,입구용 등 7항목 제조(기장)",미분류
"판,설치용 등 13항목 구매(기장)",미분류
"스프링,나선형,압축 등 34항목 구매(기장)",미분류
"리테이너,판형 등 53항목 제조(궤도)",미분류
"나사,기계용 등 185항목 제조(궤도)",미분류
비행가죽잠바(공군),미분류
공군 비행잠바,미분류
몽쉘 등 18종 구매,미분류
공구가방 등 368종,9종
K-55 와이어로프조립체,미분류
복사용지 등 329종 구매,미분류
도서 등 420종,10종
연마집진기용 휠타 등 34종 구매,미분류
드럼카트리지 등 9종 구매,미분류
16-J-04 정수기 임차 용역,미분류
K-55 리테이너,미분류
실리콘노즐 등 174종 구매,미분류
디젤발전기 500KW 제조 설치,미분류
몽쉘 등 18종 구매,미분류
몽쉘 등 18종 구매,미분류
몽쉘 등 18종 구매,미분류
몽쉘 등 18종 구매,미분류
몽쉘 등 18종 구매,미분류
몽쉘 등 18종 구매,미분류
몽쉘 등 18종 구매,미분류
몽쉘 등 18종 구매,미분류
몽쉘 등 18종 구매,미분류
몽쉘 등 18종 구매,미분류
몽쉘 등 18종 구매,미분류
몽쉘 등 18종 구매,미분류
몽쉘 등 18종 구매,미분류
몽쉘 등 18종 구매,미분류
몽쉘 등 18종 구매,미분류
역삼투조수기 부품,9종
니켈수소전지(BB-96K),2종
여과기류,미분류
송수화기(H-920K) 및 부품,9종
"전지,축전식(신형원격무선폭파세트용)",2종
나사류(궤도장비용 등),미분류
엘보우류,미분류
상자/바스켓류,미분류
통신장비용 포장대 등 3항목 제조(물품),미분류
KM9제독차 커플링 등 97항목 구매(물자),미분류
"스위치,압력식(K-1전차용)",7종
"시일, 밀봉형 등 14품목",미분류
절충교역 물품자산 감정평가,미분류
조종화(개선(동계)),미분류
그리스,3종
카레소스,미분류
카레소스,미분류
카레소스,미분류
카레소스,미분류
자장소스,미분류
자장소스,미분류
자장소스,미분류
자장소스,미분류
선택김치류(8지역),1종
선택김치류(5지역),1종
선택김치류(4지역),1종
선택김치류(2지역),1종
선택김치류(1지역),1종
케이블조립체(비차폐용),4종
케이블조립체(차폐용),4종
장갑차 부품류,7종
전파환경측정 분석장비 유지보수,미분류
00함 Non-Skid 청락도장 용역,미분류
생산단 대차식 소둔로 외주정비 용역,미분류
더블침대,미분류
육각렌치볼트등5종구매,9종
사각파이프등5종구매,4종
하론가스구매,3종
M48베어링등7종구매,9종
16년 22밀리 축사탄류,미분류
'16년 가스터빈엔진 정비,3종
아이스박스 구매,미분류
쿨링조끼,미분류
16-본-해-2 콘크리트 파일 제조,4종
16-본-해-1 콘크리트 파일 제조,4종
00부대 본관 통합배선 제조설치,미분류
00부대 본관 수배전반 제조설치,미분류
사무비품 정비재료 118종 구매,미분류
16-덕-2차 전산운영용품 구매,2종
16년 공군 전반기 PC도입(중소),2종
'16년  판매장비(냉장고/냉동고) 제조,미분류
인쇄용지 4종 구매,미분류
F-CV케이블 등 335종,4종
아스테이지 등 245종,미분류
덴티안 미러핸들 등 76종,미분류
의무장비(순수물제조기)구매,8종
국방 사이버전 EA 개념 연구,10종
산불진화장비(고압펌프 등 9종 set) 구매,미분류
군악 모자류 9종 구매,미분류
군악 장구류 8종 구매,미분류
군악 장갑류 2종 제조구매,미분류
(16-039) 대형세차기 (수정),미분류
송수화기(H-930K),미분류
하네스류,미분류
폭파기구셋 부품(구매),9종
"고무판, 고화식 등 23품목",미분류
타이어 등 21종 구매,9종
동원처 동원훈련장 무전기 납품,2종
포스트 잇 등 160종,미분류
G.I 슬리핑 매트 등 159종,미분류
스피커 등 84종,미분류
현수막천(OrangeBOX T/P 40-1)등16품목,미분류
졸음방지패치 등 5품목 구매,미분류
순간접착제 등 496종 구매,미분류
"케이블,적력용 등 18종",4종
"램프, 컨넥터 등 15종",미분류
양극 149EA,미분류
항공유도복 등 2종,3종
"벨트,V형 등 31종",미분류
동계 특수복 제조,미분류
'16년 위병 / 군무원 정비피복 제조 및 구매,미분류
'16년 소부대전술 모의훈련장비(TMPS) 외주정비 용역,미분류
16-067 비디오월 등 3품목,미분류
야정정비 수리부속 구매(19인치모니터등 11종),9종
주방세제 등 27종,2종
태극기 등 2종,미분류
워터 펌프 플라이어 등 314종,미분류
삼중 활차 도르레 등 19종,미분류
16-00창 물탱크 청소 용역,미분류
국내도서 구매(3차),10종
"조절기, 엘리베이션용",미분류
메모홀더 등 384종,미분류
식자재 통합구매(연간 단가계약),미분류
일반장비(방차통 등 22건) 구매,미분류
하계 디지털무늬 원단(IR),미분류
수입지 및 수입포,미분류
"하계 디지털무늬 원단,해병(IR)",미분류
하계 디지털무늬 원단(IR),미분류
하계 디지털무늬 원단(IR),미분류
하계 디지털무늬 원단(IR),미분류
하계 디지털무늬 원단(IR),미분류
16-123 디지털 컬러 인쇄기 1종 구매,미분류
2분기 교육예산(교육장비) 구매 의뢰,미분류
컨테이너 창고제조설치,2종
압력게이지 등 40종 구매,미분류
16-062 오실로스코프 구매,미분류
00지역 편의시설 보강(옥외용 벤치 등 7종),4종
"볼트, 기계용",9종
'16년 사진재료(인화지) 3종 구매,미분류
ROOF 50T 등 19품목,미분류
A-1지역 등 12개 부대 토양오염도 검사,미분류
"와셔, 잠금식",미분류
의약품 및 의료기재 구매(K-27),8종
더블에이 복사용지 A4 등 325종,미분류
'15년 판매 비품 탁자/의자 제조,2종
더블에이 복사용지 A4 등 325종,미분류
Nasal prong 등 82종,미분류
의약품(레코스타정) 등 115종,8종
'16년 00지역 아파트 청소관리용역,미분류
16년 군견 구매(2016-2004),미분류
작전후레쉬/마운틴 제조구매,미분류
작전배낭 제조구매,미분류
권총벨트집 등 4종 제조구매,7종
16-3차 전산운영용품 구매,2종
"테이프,고리식 등 22항목 제조(기장)",미분류
"튜브,곡선형,금속제 등 64항목 제조(기장)",미분류
시설대대 보일러 등 159종(16-097),4종
부품정비대대 보오스코우프 키트(16-088),9종
은마회관 식자재,미분류
16-062 공기 충전기 1종 구매,미분류
항온항습기 등 3종 제조 설치,미분류
00부대 복지회관 설계용역,미분류
"항-16-018,019 리핏밴드 등 25품목",미분류
에나멜 황색 등 71종,미분류
라벨지 등 188종 구매,미분류
수성고무퍼티 등 24종 구매,미분류
왕벚나무 구매,미분류
헤어그로 정 등 64종 구매,미분류
전기테이프 등 23종 구매,미분류
피그테일 등 117종 구매,미분류
프린트 잉크 등 206종 구매,2종
인젝타 등 13종 구매,미분류
(16-134)부대비품(에어컨외 1품목),2종
의무장비 운영소모품 34종 구매(16-11차),8종
휴대용 라디오(250개) 구매,미분류
부부시계 등 2종,미분류
칼라정부화일 등 32종,미분류
(조달)3훈비 쇄석등 4품목 구매,미분류
결속선 등 54종(16-104),미분류
"타이어 등 29종(16-83,84,85)",9종
"도로표지용 도료 등 2종(16-78,79,80)",4종
16-본-해-3 콘크리트 파일 구매,4종
(조달)3훈비 보일러 구매,미분류
농구부 운동용품 구매(유니폼 등 18품목),미분류
공압밸브 등 3종 구매,4종
공업용 가스 검사 / 충전(소화기 충전 포함),2종
수정펜 등 74종 구매,미분류
'16년 KT-1 CBT 유지보수 용역,미분류
유무선 전화기 15대 구매,2종
모니터 15대 구매,2종
해수감압변(32A) 1종,미분류
청수펌프 25GPM 16세트 제조,미분류
연료유이송펌프 66GPM,3종
가스겟류,3종
예비연소용 챔버,미분류
화포부품류,7종
K계열 기동궤도부품류,9종
광학장비부품류,9종
차기잠수함구조함(ASR-II) 탐색개발 감리용역,미분류
"끈,덮개류",미분류
케이블/배선장치류,4종
고추참치통조림,미분류
당면,미분류
당면,미분류
당면,미분류
고추참치통조림,미분류
고추참치통조림,미분류
고추참치통조림,미분류
사계절 디지털무늬 원단(IR),미분류
"사계절 디지털무늬 원단(IR),해병",미분류
사계절 디지털무늬 원단(IR),미분류
사계절 디지털무늬 원단(IR),미분류
사계절 디지털무늬 원단(IR),미분류
사계절 디지털무늬 원단(IR),미분류
"전지,재충전불가식(BA-3517)",2종
소화기(총류) 부품류(구매),2종
"하우징, 베어링 유니트용",9종
광케이블 커플러 등 84종,4종
00아파트 조명기구 제조설치,4종
'16년 VoIP 교환기 구축사업,미분류
안보교육용 시각설치물(X-배너) 제조,미분류
'16년 VoIP 교환기용 항온항습기 제조설치,미분류
'16년 VoIP 교환기용 자동안내장치 제조설치,미분류
경계용 CCTV 교체 사업,7종
'16년 VoIP 교환기용 UPS 제조설치,미분류
'16년 VoIP 교환기용 음성동보장치 제조설치,미분류
'16년 판매비품 소핑바구니 등 6종 구매,미분류
16년 판매비품 창고용 진열대 등 4종 제조,미분류
'16년 마트용 물품봉투 제조,6종
16-RFID 라벨테그 등 5종 구매,미분류
16-UDT 신형방한복(상의) 등 3종 제조,2종
조종사 비상탈출 낙하산 시뮬레이터 개발/검증용역,미분류
디지털 인쇄재료 14종 구매,미분류
16-P-소방시설 작동기능점검 용역,미분류
광케이블 커플러 등 84종,4종
메카니칼 씰 등 5종,미분류
SST TUBE 5ml 등 61종,미분류
2016년 의무장비(마취기 기능검사기) 구매,8종
전통의장 행사 피복 및 장구류 구매,2종
헌병 피복/장구류 구매,2종
통신장비(IRD-2000) 외주정비 용역,미분류
2분기 식품검사 재료구매,미분류
방풍안경 제조구매,미분류
D형고리 등 2종 제조구매,미분류
"펌프장치,유압식,동력구동식 등 2항목 구매(기장)",미분류
"소음기,배기용 등 5항목 구매(기동)",미분류
전원공급기류,미분류
"필터엘리먼트,유체용 등 38품목",9종
렌즈형 카메라 청소기 등 73종,미분류
16-00부대 버스 임차 용역,미분류
체크무늬 철판 등 15종 구매,미분류
군범죄 유전자검사 시약재료 구매,미분류
사무용쇼파 등 59품목 구매,미분류
코란도 스포츠 타이어 등 27종,9종
접이식 사다리 등 57종,미분류
체인잭 피스톤 로드 등 2종,미분류
회로카드 조립체 등 2종,미분류
함미 예인등(황색) 등 14종,미분류
'16년 의약품 및 재료 보급계획,8종
선박 엔진 정기수리 용역,미분류
연질동관(냉방용)외 75종 구매,미분류
하계 트레이닝복 구매,미분류
방산 중소협력업체 기술보호 역량증진 사업,미분류
동 . 하계 티셔츠 구매,미분류
16-2차 전산운영용품 000종 구매,2종
냉동기세트 1.5톤(비자성),미분류
슬리브/리테이너류,미분류
니트릴 폼 장갑 등 90종 구매,미분류
해/공군 전투모,미분류
JET A-1,미분류
'16년 오성지상 신호조명탄,5종
냉동기세트 3톤,미분류
천마로드휠 정비,미분류
시퀸스제어 회로도 보는법 등 52품목,미분류
정비용토시 3항목 구매(물자),미분류
풍향풍속계 송신기 등 4항목 구매(물품),미분류
통신 가설병 안전벨트등  3항목 구매(물품),미분류
구내통신장비 케이블조립체 등 6항목 제조(물품),미분류
BTCS 표시반조립체 등 2항목 제조(물품),미분류
"전지,재충전불가식(BA-6468 등 2종)",2종
호스 등 17품목,미분류
방위사업 원가계산 외부용역 5차,미분류
방위사업 원가계산 외부용역 방산제비율 산정 1차,미분류
공드럼 정비,미분류
공드럼 정비,미분류
공드럼 정비,미분류
공드럼 정비,미분류
상황공유체계 (방-16-17),미분류
16년 소방시설 점검 용역,미분류
"밸브, 체크형",4종
16년 전반기 정보체계운영용품 구매,미분류
080-석분 등 6종,미분류
16년 사무자동화장비(데스크톱PC) 도입사업(리스물건),2종
보안용지 구매,미분류
연료유 공급펌프 61GPM 제조,3종
교육보조기구(항타기) 제조,미분류
보급근무분야 민간위탁 용역(경기 양주),미분류
그린캠프 개선 및 프로그램 개발 연구용역,미분류
휴대용무전기 7종 외주정비,미분류
"덮개,보호용 등 46항목 제조(총포)",미분류
"다이얼,눈금식 등 40항목 제조(총포)",미분류
"플런저,멈춤쇠용 등 23항목 제조(총포)",미분류
"넛트,플래쉬억제용 등 70항목 제조(총포)",미분류
"리드선,전기용 등 14항목 제조(총포)",미분류
심 등 93항목 제조(총포),미분류
"삼각대,측지용 1항목 제조(생산능력,총포)",미분류
"덮개,실린더 해드용 등 17항목 제조(기장, 생산능력)",미분류
회전롤러(우레탄바퀴) 등 39품목,미분류
"플러및펌프,콘넥타용",미분류
에어호스,미분류
해군해병 간부 정복/근무복 원단,미분류
해군해병 간부 정복/근무복 원단,미분류
해군해병 간부 정복/근무복 원단,미분류
해군해병 간부 정복/근무복 원단,미분류
해군해병 간부 정복/근무복 원단,미분류
공군 간부 정복/근무복 원단,미분류
공군 간부 정복/근무복 원단,미분류
공군 간부 정복/근무복 원단,미분류
사병 정복/근무복 원단,미분류
사병 정복/근무복 원단,미분류
사병 정복/근무복 원단,미분류
사병 정복/근무복 원단,미분류
사병 정복/근무복 원단,미분류
사병 정복/근무복 원단,미분류
사병 정복/근무복 원단,미분류
사병 정복/근무복 원단,미분류
육군 정복/근무복 원단(개선품),미분류
육군 정복/근무복 원단(개선품),미분류
육군 정복/근무복 원단(개선품),미분류
16년 소형 대공표적기,미분류
3개소 경계시설보강 자재구매,4종
복사용지 등 231종,미분류
유선키보드 등 20종 구매,미분류
색스폰 목걸이 등 6종,미분류
자전거 보관대 24EA 납품설치,미분류
디지털 도어락 855EA 납품설치,미분류
장부바인더 등 197종 구매,미분류
에어크리너 등 136종(차량 수리부속),9종
카라비너 등 11종,미분류
"전지, 축전식 등 3품목",2종
2분기 정보체계운영용품 구매,미분류
2분기 교육예산(아스테이지 등 117종),미분류
리무버 등 241종,미분류
이중규격봉투 등 530종,미분류
퀵앤이지라벨 등 416종,미분류
디퓨저 등 42종,미분류
(16-048)기동(차륜)정비장비획득(대형세차기),미분류
채널확장기 등 21종,미분류
재판석 등 23종,미분류
"펌프,냉각계통 등 9종",미분류
아크릴판 등 299종 구매,미분류
프린터토너 등 244종 구매,2종
16-평-함정 수면하 격실 청락/도장 외주정비 용역,미분류
차기상륙함 교과목형 CBT 개발 용역,미분류
"벨트, V형 등 15종",미분류
커플링 볼트 세트 등 6종,9종
회로카드 조립체 등 2종,미분류
볼 밸브1/2 등 25종,4종
"스위치, 누름식 등 2종",미분류
컨센트릭 밸브조립체 등 36종,4종
"밸브, 니들형 등 11종",4종
LSF 무레나 상가장치(Loading Device) 정비,미분류
선박 10척 전기배선 교체 용역,미분류
체력단련장 코스관리물품 비료 구매(2차),미분류
(16-048)기동(차륜)정비장비획득(대형세차기),미분류
작동기 등 29종,미분류
개선 안면마스크,미분류
방위사업 원가계산 외부용역 4차,미분류
16년 1/4분기 4차 부대구매 의료기재,미분류
16년 1/4분기 4차 부대구매 의약품,8종
16-2차 교관용 참고도서 구매,10종
의학도서관 도서(2차) 구매,10종
HET차량 권양기(레버블럭) 구매,7종
락카스프레이 등 21종 1519점,미분류
(16-035) 신나 등 4품목,미분류
ATICS 운용용품 구매,미분류
'16년 00단 업무용 차량 임차 용역,미분류
"핀, 천막용지주 제조",2종
"인쇄용지 5종, 잉크 1종 구매",2종
나일론로프 등 3종,미분류
상반기 통신장비 유지물품 구매,미분류
싱크로계수변환기 등 3종,미분류
아파트 보일러 설치납품,미분류
인사처 병영도서 구매,10종
페인트 구매(중소기업간 경쟁 대상),4종
"와이어, 전기용 등 17종",미분류
도파관 건조공기 주입기 구매설치,미분류
고무 1종,미분류
16-목-작업환경측정 용역,미분류
REPAIR KIT 등 14종,미분류
젤손목받침대 등 202종,미분류
복사용지 등 404종,미분류
스피커 등 4종 구매,미분류
종균제 등 6종 구매,미분류
자동전압 조절기 등 9종,미분류
입구 샤프트 씰 1종,미분류
다이아 투광기 등 99종,미분류
토너(재생) 등 4종,2종
토너 등 12종,2종
건타카 등 99종,미분류
벽걸이 선풍기 구매,미분류
프린터 잉크 등 4종 구매,2종
S port Trocar 등 81종 구매,미분류
00부대 가로등 LED삼파장 램프 구매,4종
00부대 심정 모터 펌프 납품 / 설치,미분류
방부목 등 5종 구매,미분류
1급 방진필터 등 91종 구매,9종
키보드세트 등 150종 구매,미분류
타이어 등 3종 구매,9종
의약품(네리소나연고 등 114종) 구매,8종
"LYNX 항공기 편류각, 대지속도용 지시기 정비",미분류
"센서,주위온도용 등 7종",미분류
백동 엘보 등 12종,미분류
무전기 원격조정기 등 2종,2종
육군 베레모,미분류
일반모자류,미분류
정모류,미분류
밸브류,4종
워크벤치 등 29항목 구매(물자),미분류
TTC-630부품,9종
00부대 주거단지 배풍기 구매 / 설치,미분류
현관정 등 132종 구매,미분류
양념치킨 소스,미분류
게맛살,미분류
생선묵(떡볶이),미분류
생선묵(떡볶이),미분류
생선묵(떡볶이),미분류
생선묵(떡볶이),미분류
생선묵(튀김),미분류
생선묵(튀김),미분류
생선묵(튀김),미분류
생선묵(튀김),미분류
침낭류,2종
건조제등8종구매,미분류
DC모터 드라이브 등 2종 구매,미분류
16-항과고 3학년(64기) 국토순례 용역 계약,미분류
2/4분기 전산운영용품 구매,2종
항공기 린스시설 관급자재 수배전반,4종
UPS용 축전지 구매설치,2종
전산운영용품(토너 등 33종) 구매,2종
개인 상용정보통신장비 보관함 제조,미분류
통신장비용 축전지(12종) 구매설치,2종
컨테이너 부스 제조 설치,2종
00부대 병사식당 관급자재 수배전반 제조 설치,미분류
특정지역 특정복(17종) 제조,미분류
캡스탄 세트 제조,미분류
군인연금기금 책임준비금의 적정 규모 기준 설정 연구,10종
pp바인더 88종 제작 구매,미분류
화생방 연구활동 기술용역 재료 초자 구매,미분류
의무장비(환자체온조절기 자동식 공기식) 구매,8종
직원식당 집기류 구매,미분류
`16-1차 과학화경계시스템 외주정비용역,미분류
'16년 사무비품 및 냉장고 정비재료 구매,미분류
2/4분기 교육예산 물품 구매,미분류
"손잡이 등 43항목 제조(생산능력,특무)",미분류
"스페이서,고리형 등 41항목 제조(생산능력,특무)",미분류
스포트라이트 등 42종 구매,미분류
잠금조립체 등 52종,미분류
컴포트 그립장갑 등 298종,미분류
산소 분석기 센서 등 9종,3종
교관육상훈련복 등 7종,미분류
"삽, 수동식 등 6종",미분류
엘보 등 14품목,미분류
의약품및 의료기재(울투라셋 등 77품목) 구매,8종
빈티지 차렵이블등 5품목 덕산스포텔(16-93호),미분류
SE bond 등 97종 구매,미분류
사각식탁 등 5종 구매,미분류
00 본관 신축 시설공사  관급자재(AV설비),4종
발사체 실린더 등 16종,미분류
봉합재 등 4종,미분류
마이크로 스위치상자 47EA,미분류
"방진복,비닐코팅제 등 7종",미분류
호스 등 21종,미분류
"방부제,디젤연료용 700LI",3종
문서소독기 유지보수 용역,미분류
국방대 이전사업 관급자재 분말소화기,2종
음료용 방청제외 10종 구매,1종
'16년 활주로 등 제초 용역,미분류
"필트패드, 공기냉각기용",미분류
소부대무전기(PRC-96K)부품류(구매),2종
로드저항기,미분류
필터 카트리지,9종
교량가설배 추진장치 구성품,미분류
팝콘형 치킨,미분류
탕수육,미분류
임펙렌치 등 9항목 구매(물자),미분류
"렌치세트,박스 및 오픈엔드겸용 등 70항목 구매(물자)",미분류
햄버거빵(2형),1종
필터류,9종
시리얼(쌀맛후레이크),1종
선택김치류(8지역),1종
선택김치류(8지역),1종
선택김치류(8지역),1종
선택김치류(8지역),1종
선택김치류(7지역),1종
선택김치류(7지역),1종
선택김치류(6지역),1종
선택김치류(6지역),1종
선택김치류(5지역),1종
선택김치류(5지역),1종
선택김치류(4지역),1종
선택김치류(4지역),1종
선택김치류(3지역),1종
선택김치류(3지역),1종
선택김치류(2지역),1종
선택김치류(2지역),1종
선택김치류(1지역),1종
선택김치류(1지역),1종
깍두기(임가공),미분류
깍두기(임가공),미분류
깍두기(임가공),미분류
깍두기(임가공),미분류
깍두기(임가공),미분류
깍두기(임가공),미분류
깍두기(임가공),미분류
열무김치,1종
열무김치,1종
열무김치,1종
열무김치,1종
열무김치,1종
열무김치,1종
열무김치,1종
열무김치,1종
배추김치(임가공),미분류
배추김치(임가공),미분류
배추김치(임가공),미분류
배추김치(임가공),미분류
배추김치(임가공),미분류
배추김치(임가공),미분류
배추김치(임가공),미분류
깍두기(완제품),미분류
깍두기(완제품),미분류
깍두기(완제품),미분류
깍두기(완제품),미분류
깍두기(완제품),미분류
깍두기(완제품),미분류
깍두기(완제품),미분류
배추김치(완제품),1종
배추김치(완제품),1종
배추김치(완제품),1종
배추김치(완제품),1종
배추김치(완제품),1종
배추김치(완제품),1종
배추김치(완제품),1종
김장김치,1종
김장김치,1종
김장김치,1종
김장김치,1종
김장김치,1종
김장김치,1종
김장김치,1종
핫도그빵,미분류
핫도그빵,미분류
핫도그빵,미분류
핫도그빵,미분류
햄버거빵(2형),1종
햄버거빵(2형),1종
햄버거빵(2형),1종
기지무선통신체계 유지보수,4종
사골곰탕,미분류
'16년 전자파 측정 및 분석장비 개발 용역,미분류
1891부대 비보급품 수리부속 구매,9종
정수기 임차용역,미분류
"잠금밸브,스프링용 등 16항목 구매(기장)",4종
고무밸트 렌치 등 182종 구매,미분류
해병대9여단 임무.역할 확대 및 발전방향 연구용역,미분류
"송풍기,날개 축방향형 등 8종",미분류
프로펠러 40라이트닝 등 8종,미분류
면도날 등 64종 구매,미분류
계심봉 조립체 등 47항목 제조(기장),미분류
완충기류,미분류
군인연금기금 성과평가 및 자산운용 컨설팅,미분류
김자반,미분류
조미김(8절형),미분류
조미김(8절형),미분류
조미김(8절형),미분류
조미김(8절형),미분류
조미김(8절형),미분류
조미김(8절형),미분류
조미김(8절형),미분류
조미김(8절형),미분류
골뱅이통조림,미분류
골뱅이통조림,미분류
골뱅이통조림,미분류
골뱅이통조림,미분류
와이프용 구동유니트,미분류
흑색로프 1항목 구매(물자),미분류
UH-1H헬기 슬리브 등 8항목 구매(물품),7종
위성장비 케이블조립체 등 4항목 제조(물품),미분류
BTCS 케이블조립체 등 3항목 제조(물품),4종
"렌치,충격식,공기식 등 19항목 구매(물자)",미분류
어댑터 및 커플링류,미분류
00부대 지붕방수 및 재해재난 자재 구매,4종
방위사업 원가계산 외부용역 3차,미분류
홑이불류,미분류
'16년 섬광폭음탄(KE180),미분류
딸기잼,미분류
이불류,미분류
공수훈련지상장비,미분류
오이피클,미분류
식초,미분류
딸기잼,미분류
딸기잼,미분류
16년 폭음통,미분류
대검 및 부품류,9종
푸른숲아파트 승강기 관리용역,미분류
16년소방시설등 자체점검(A부대등 12개부대),4종
대테러복 등 7종 구매,미분류
'16년 함정 매트리스 세척 및 소독 용역,미분류
"13-본-국대-01 00학교이전 원형, 측구수로관 제조",미분류
초음파 병기세척기 구매 설치,미분류
보오스코우프 키트 구매,미분류
RAPCON 통신통제장비 제조설치,2종
정비피복(하정비복 T형) 제조납품,미분류
병사피복(춘추운동복) 제조납품,2종
'16년 차량/화물운반선 등 12척 임차 용역,미분류
16년 토양오염도검사 용역(2),미분류
병사피복(하운동복) 제조납품,2종
조함 및 항해훈련장비 유지보수 용역,미분류
무선기동 영상전송장비 제조 설치,미분류
휴대용 영상전송장비 제조 설치,미분류
16-모형본부 장애물 등 16종 제조 설치,미분류
16-물류작업복(하계T) 등 3종 제조,미분류
16년 전반기 쇼핑타운별 비품 구매,미분류
팔꿈치 및 무릎보호대,미분류
상용차량 수리부속(에어크리너 등 205종)구매,9종
LED랜턴,4종
비품구매,미분류
2016년 군종 교육용 영상물(다큐멘터리) 제작,10종
'16년 자동화창고 설비시스템 정비 및 유지관리용역,미분류
바나나 구매,미분류
부식류 재포장 재료,미분류
'16년 일반폐기물 위탁처리,10종
'16년 유해폐기물 위탁처리,10종
'16년 도하장비 외주정비 용역,미분류
교구잡낭 제조구매,미분류
"다리,총가용 등 12항목 제조(생산능력,총포)",미분류
"간,조준용 등 3항목 제조(생산능력,총포)",미분류
"탱크,기름용,유압장치용 등 29항목 제조(궤도)",미분류
"밸브,관성 반동용 등 57항목 제조(궤도)",4종
"브래킷,설치용 등 49항목 제조(궤도)",미분류
"선반,탄약적하용 등 52항목 제조(궤도)",미분류
"시트,밸브용 등 19항목 제조(궤도)",4종
스풀 등 81항목 제조(궤도),미분류
"밸브,선형,방향 제어용 등 4항목 제조(궤도)",4종
"스프링,소용돌이형 등 37항목 제조(궤도)",미분류
"브래킷,설치용 등 24항목 제조(궤도)",미분류
개스킷 등 80항목 제조(궤도),미분류
시설대대 릴레이 등 71종(16-073),4종
정통대대 전지 축전식 등 2품목(16-068),2종
시설대대 세면수전 등 78종(16-063),4종
테이프 등 39품목,미분류
소총탄피받이,5종
수저식판배분대 등 5종,미분류
탁구대 등 102종 구매,미분류
산불진화장비 구매,미분류
타이어 외 12품목,9종
스테플러 등 288종 구매,미분류
00숙소 정수기 30대 임차,미분류
모조전지 등 19종,2종
마우스패드 등 133종 구매,미분류
골드-피코팅 드릴 등 41종 구매,미분류
선체부식방지장치 3세트 구매,1종
육개장 등 15종,미분류
흡입필터 등 15종,9종
"전지,축전식 등 10종",2종
프레임 어세이 등 37종,미분류
"호스,비금속제 등 2종",미분류
백열등 등 13종,미분류
"히터,공간형,전기식 등 8종",미분류
단안 야간 투시경 구매,미분류
행사용 연설대 등 4종 제작 구매,미분류
"덮개,조립식,차체용 등 172항목 구매(기장)",미분류
"펌프,회전식 등 1항목 제조(기장, 생산능력)",미분류
"와셔,오목형 등 708항목 제조(기장)",미분류
계기판 조립체 등 6항목 제조(기장),미분류
"실린더,작동용,선형 등 1항목 제조(기장, 생산능력)",미분류
시험세트-비행조종장치용-＃34,미분류
16-052 3D형상출력기(3D프린터) 등 2종,2종
16-044 패러글라이드 세트,미분류
16년 개인화기용 도트사이트,7종
"전지, 축전지",2종
교량가설배 추진장치 구성품,미분류
"베어링, 플레인형, 로드 엔드형 등 10품목",9종
'16년 오리콘포 완충기조립체 및 노리쇠조립체,미분류
00부대 독신숙소 서랍장 구매,미분류
낙석모형제작 설치납품,미분류
"절연니스, 전기용",미분류
00부대 스마트카드 기반 PC인증 PG개발 용역,미분류
16년 포구초속측정레이다,7종
16년 병영도서관 도서 구매,10종
16년 2차 지형분석실 재료비,미분류
16년 오수처리시설 수질검사 용역,미분류
12보급대대 토양정밀조사 용역,미분류
16-P-04 전세버스 임차 용역,미분류
타이어 및 배터리 구매 (16-81),9종
1891부대 병영도서관 도서 구매,10종
시설대대 대형칼라프린터 등 2종(16-074),2종
방역약품 구매 (16-86),미분류
통신장비(CCTV) 외주정비 용역(영서지역),미분류
부품킷트,9종
통신장비(CCTV) 외주정비 용역(영동지역),미분류
"제어기,복합수리세트,항공기용",7종
'16년 통신장비(IP-CCTV) 외주정비 용역,미분류
16-6-전반기 물탱크 청소용역,미분류
16년 디지털 포렌식SW라이센스갱신구매,미분류
카고 트레일러,7종
미송목재 등 8종,4종
벽체판넬 등 11품목,미분류
'16년 멀티미디어 CBT 개발 용역,미분류
전동지게차 등 2종 구매,미분류
12각 핸드 소켓 등 962종,미분류
2016년 일반/의무물자(전기이발기 등 7건) 구매,8종
2016년 의무장비(지속적피동운동기) 구매,8종
16-1차 사령부/합참 전산운영용품 구매,2종
16년 군견 장구류 구매,미분류
16년 디지털 인쇄 재료 구매,미분류
"종이사격표적지(E,F형)",미분류
회로카드 조립체 등 2종,미분류
"열선유리, 직사각형 등 5종",4종
시일링 콤파운드 1종,미분류
온도감지기 1종,미분류
"펌프, 유압식 1종",미분류
개스킷 등 7종,미분류
개스킷 링 등 9종,미분류
컨센트릭 밸브조립체 등 13종,4종
16-합동교육부 정규과정 버스임차,미분류
방역약품 구매,미분류
에어컨(18.7㎡) 29대 구매 설치,미분류
도서 511종 구매,10종
ph전극 등 12종 구매,미분류
수정테이프 등 211종,미분류
잉크 등 132종,2종
케이블타이 등 15종,4종
접착 아스테이지 등 224종 구매,미분류
복사용지 등 533종,미분류
삽 등 3종,미분류
"하우징,액체펌프용 1종",미분류
엠시 듀알로이 등 5종,미분류
16-교-사진(촬영 및 인화납품)용역,미분류
"연습용 골프공 15,000EA",미분류
안테나 부수장비 제작자재 제조/구매,미분류
휘선 휘트니스센터 운용비품 구매,미분류
레이저 조각기 2세트,미분류
각재 등 288종,미분류
(16-103)부대비품(이동형 에어컨외 10품목),2종
방송장비(무선 인터콤) 구매,미분류
동물동장 등 24종(도서),10종
16-시설자재 132종 구매,4종
'16-해/육상식당 방역 용역,미분류
라벨기,미분류
00부대 야전간호 실습재료비(인조피부 등 6종) 구매,미분류
16-평-2차 안보현장 견학버스 임차용역,미분류
대대급 조직문화수준 진단 용역,미분류
16-정통과 전반기 건전지구매,2종
사단 영내 독신숙소 청소용역,미분류
아트빌 독신숙소 청소용역,미분류
식당 및 복지관 방역 용역,미분류
복사용지 등 145종,미분류
복사용지 등 50종,미분류
결전레스텔 독신숙소 청소용역,미분류
16-석면 조사 용역,미분류
수영부 운동용품(수영복 등 8품목),미분류
도서(세계문학전집세트) 등 38종,10종
2분기 2차 의료기재 구매,미분류
(16-030)기타일반장비획득(전동카트),미분류
중식도 등 17종,미분류
16-1차 생도 해외항법훈련 용역업체 계약,미분류
전투발전세미나 수행 연구용역,미분류
VTCF전선 등 357종 구매,4종
전투식량2형,1종
전투식량2형,1종
전투식량2형,1종
배선장치,미분류
특전복,미분류
"와이어, 전기용(구매)",미분류
아크릴 명찰 등 23종,2종
"철선, 비 전기용 등 36품목",미분류
"00부대 훈련피복, 배낭, 군장품 제조 / 구매",2종
"철선, 비 전기용 등 36품목",미분류
후반기 예비군 안보교육 영상교재 제작 용역,미분류
M48와셔등6종구매,미분류
정비복,미분류
일반우의,미분류
공병우의,미분류
판초우의,미분류
"전투복,해군용",미분류
혼합골재 등 3종,4종
친환경소화기 등 3종 구매 설치,2종
잠수펌프 12세트 구매,미분류
이동형 발전기 제조설치,미분류
면양말 제조,미분류
자산관리엔진시스템 등 7종 구매설치,9종
수리부속 9종 구매,9종
컬러 클리어 파일 등 263품목,미분류
16-P-00지역 감시카메라(CCTV) 외주정비 용역,미분류
00관사 붙박이 및 냉장고장 제조 및 구매,미분류
소도구 취사기구 구매,2종
연료 탱크 2종 제조,3종
도가니 #100 등 215품목,미분류
차광보안경 등 236품목,미분류
UPS 제조 및 설치,미분류
00부대 소방시설 점검 용역,미분류
면장갑 등 651종,미분류
00부대 본관 신축 테라조 구매,미분류
물관 구매,미분류
흑백레이저프린터 토너 등 18종 구매,2종
00부대 분전반 제조 및 설치,4종
16-030(음식물쓰레기 처리기),미분류
라플라스의 마녀 등 28종 도서구매,10종
충전용 랜턴 PCB 등 21종 구매,2종
16-K-민간위탁배송 용역,미분류
형광등40W 등 20종 구매,미분류
잉크헤드 등 52종 구매,2종
"프로펠러 축 조립체, 선박용 등 16종",미분류
익스펜션 조인트 등 21종,미분류
회로차단기 등 4종,4종
오링 등 29종,미분류
고속상륙정 부양송풍기 정비,미분류
함내 지휘통신체계(FOCON-32) 정비,미분류
의료기재(Profile 06 21mm외 73종) 구매,미분류
귀덮개(개선품),미분류
장보고-III Batch-II 탐색개발,미분류
탄약고/POL 지역 조경공사,미분류
8비 활주로/유도로 노견 조경공사,미분류
"볼트,너트류(차량,전차)",7종
상륙화,미분류
니카드전지(토우용),2종
생산단 고무소각기 2호기 외주정비 용역,미분류
생산단 궤도핀 성형기용 3000cc2대 외주정비 용역,미분류
무반동총 부품류(구매),9종
고압세차기 고압호스 등 157품목,미분류
폭발물처리차 제조,미분류
고압세차기 고압호스 등 157품목,미분류
점보 스타랙스 등 57품목,미분류
CSRP 화생방 연구 자료 시약 구매,10종
CSRP 화생방 연구 재료 초자 구매,10종
축구부 운동용품 구매(축구화 등 24건),미분류
정문관사 및 간부숙소 제초용역,미분류
햄머드릴 등 12종 구매,1종
밧데리 등 235종 구매,9종
쓰레기봉투 등 180종 구매,미분류
계산기 등 178종 구매,미분류
이지노크S형광펜 등 171품목,미분류
YWS 바라스트 탱크 소제 및 청락/도장 용역,미분류
H LAMP(12개) 구매,미분류
페인트브러쉬 등 169종 구매,4종
'16-00부대 오수관거시설 준설 용역,미분류
00함 보조기기제어반(ACC) 정비,미분류
야외용 기상 현황판 제작 설치 납품,미분류
정수약품 구매(황산알루미늄등 7종),3종
2016년 군의관 가운(보충보급) 구매,미분류
2016년 군의관 가운(보충보급) 구매,미분류
MTU엔진 일반부품(사양),9종
16-1차 전산운영 용품 000종 구매,2종
식관,미분류
도로표지용 페인트 등 8종 구매,4종
브레이크액,9종
K2전차 3차 양산 사업분석,7종
ACMI(공중전투기동훈련장비) 유지보수,미분류
전극 등 15종,미분류
전자전훈련체계(EWTS) 유지보수,4종
전자식교환기/특수통신/FAX동보장비 유지보수,미분류
불고기용혼합양념(쇠고기용),미분류
불고기용혼합양념(돼지고기용),1종
불고기용혼합양념(돼지고기용),1종
불고기용혼합양념(돼지고기용),1종
불고기용혼합양념(돼지고기용),1종
불고기용혼합양념(쇠고기용),미분류
불고기용혼합양념(쇠고기용),미분류
불고기용혼합양념(쇠고기용),미분류
1인승 모터뱃트 셋 구매,미분류
16년 전술훈련용수류탄,미분류
"핸들링 돌리, 중앙 외부 연료 탱크용 제조",3종
의무장비(4차) 환자체온조절기 자동식(물타입) 구매,8종
의무장비(4차) 수액조절기 일반용(3ch) 구매,8종
13-본-국대-01 00학교이전 목재데크 제조,4종
특정기능성 방한복 제조,2종
항공기 유도차 제조,7종
00학교 이전 무정전전원장치(UPS) 제조설치,미분류
사격장 방송장비시스템 제조설치,미분류
기동형 고성능 확성기 제조납품,미분류
고정형 고성능 확성기 제조설치,미분류
탄약 적송용 결박목재 3종 제조,4종
팝업플래그 오피스팩 등 226품목,미분류
의약품(베루말액 등 141종)구매,8종
시설물 정밀안전진단 용역,미분류
안정화지역 기반시설 복구방안 연구,4종
장비별 잔여수명을 고려한 순환 창정비 적용방안 연구,미분류
"망원경,엘보형 등 5항목 구매(총포)",미분류
단발자 등 29항목 제조,미분류
"스페이서,판형 등 67항목 제조",미분류
배선장치 등 42항목 제조,미분류
방수포 등 14항목 제조,4종
페인트 등 4종 구매 (16-62),4종
16-055 악기(트렘펫 등 4종) 구매,미분류
16-071 시설자재 (수도가랑 등 51종) 구매,4종
16-065/082 취사용품 (염도측정기 등 95종) 구매,7종
16년 장교간부식당 김치류 2종 구매,1종
16년 장교간부식당 식자재 구매,미분류
패트리어트 차량 수리부속 100종 구매,9종
에어 덕트 커버 등 161종,미분류
제어 장치 판넬 등 10종 제조,미분류
전자모듈 등 9종 구매,미분류
16-소방시설점검용역,미분류
일양 디세텔 정 등 266종,미분류
삼파장램프 등 97종 구매,미분류
알루미늄 파이프렌치 등 98종 구매,4종
유압호수 등 152종 구매,미분류
HP 잉크카트리지 등 128종,2종
타이어 등 266종 구매,9종
일회용 세면도구 구매,6종
16-부 00지역 식당 방역 용역,미분류
허브 등 105종,미분류
핸드워시 등 202종 구매,미분류
체력검정용위몸일으키기대 등 462종,미분류
눈삽 등 4종,미분류
멀티 부품함 등 423종 구매,9종
00지역 구매품류 구매,미분류
"플랜지,조정용 등 12항목 제조(기장)",미분류
"로프,와이어제 등 196항목 제조(기장)",미분류
"밸브,볼형  등 14항목 구매(기장)",4종
"패킹,성형식 등 99항목 제조(기장)",미분류
"리드선,축전지용 등 50항목 제조(기장)",2종
MTU엔진 일반부품(규격),9종
박격포 짐판,7종
햄슬라이스,1종
햄슬라이스,1종
햄슬라이스,1종
햄슬라이스,1종
"제동장치 부품류(전차, 장갑차용)",7종
육경정 GPS 어탐 1 항목 구매(물품),미분류
증류수제조기 1항목 구매(물품),미분류
불교의식용 원백초 구매,미분류
16-ㅇㅇ창 대기 자가측정 및 수질검사 용역,미분류
타이어 압력게이지 등 445품목,9종
16-전술조끼 등 3종 구매,미분류
K-3기관총 탄피받이 구매,5종
"마트 판매비품(냉장고,냉동고) 제조",6종
16년 체력단련장 경기도우미 하복 제조/구매,미분류
타이어 압력게이지 등 445품목,9종
Double-A 복사용지 등 391품목,미분류
16-P-A/V 및 전관방송시스템 유지보수 용역,미분류
00함 유압장비 정비,미분류
16년도 급식분야 시범사업 추진분석 및 개선방안 연구,10종
'16년 일반장비(도하장비) 외주정비 용역,미분류
수사자료분석용 서버 구매설치,2종
"플라스틱표적지(E,F형)",미분류
사제 폭발물처리 기자재 세트 구매,미분류
방안직자 등 846종 구매,미분류
책상(야전용)품목 구매,2종
건조기 등 8종 구매,미분류
트라디오 펜 등 101종 구매,미분류
턴버클 등 2종,미분류
"특수봉인지 1,708,900EA",미분류
위임27차 시설공사 자재구매,4종
필터백(260장) 구매,9종
보조배터리 구매,9종
동원훈련장 병영식당 소요비품 구매,미분류
사격장갑 등 2종,미분류
위장크림 구매,미분류
좌식테이블 구매,미분류
오뚜기볼 등 75종 구매,미분류
함내재해무선통신체계(WIRAS-II) 정비,미분류
함정 상가대 대차휠 정비,미분류
00부대 특수피복 구매,2종
디지털 상황판 중형 등 2종,미분류
"연결축, 우측용",미분류
LED 검사 작업대 등 17품목,4종
즉석쌀국수,1종
즉석쌀국수,1종
즉석쌀국수,1종
K9튜브및이음쇠등27종구매,미분류
오폐수 이송관로 및 중계펌프장 청소용역,미분류
모터 등 31종 구매,미분류
스로틀 서보 등 34종,미분류
대기용 활성탄 등 9종,미분류
용기(폭파약용) 및 오링류,미분류
16-8차 부대구매(의약품 등),8종
도서(시민의 교양 등 37종)구매,10종
빌지펌프 등 186품목,미분류
하트가드 플러스 등 100품목,미분류
2016년 의무장비(침대자동식 중환자실용),8종
2016년 의무장비(견인치료기 경요추용),8종
13-본-국대-01 00학교 자동제어 제조설치,미분류
병사피복(동운동복) 제조납품,2종
13-본-국대-01 00학교 이전 온수저장탱크 제조설치,미분류
의장특수피복(제복류 8종) 제조,2종
전차축소사격 소총거치대 등 3종 제조,7종
철제가구류 10종 제조설치,2종
목제가구류 46종 제조설치,2종
열화상카메라 등 2종 구매,미분류
빌지펌프 등 186품목,미분류
하트가드 플러스 등 100품목,미분류
2016년 의무장비(견관절 수동운동기),8종
2016년 의무장비(침대자동식 중환자실용),8종
2016년 의무장비(견인치료기 경요추용),8종
의장대대 행사장구류 구매,미분류
발칸 CBT 기어부 외주정비 용역,미분류
챔픽스 정 등 74종 구매,미분류
교육용 프로그램(상용SW) 구매 설치,미분류
접이식 침대 구매,미분류
16-074 운동화 11종,미분류
전화받침대 등 648품목 구매,미분류
전동식 캔 오프너 구매,미분류
세면기샤워겸용 등 129종 구매,미분류
원형초소 구매,미분류
복사용지 등 74종,미분류
00부대 실습재료비(응급처치-진공부목 등 7종) 구매,미분류
00지역 굴삭기 방탄탑(보강)자재 설치납품,미분류
보통 포틀랜드 시멘트 8종,4종
Air filter cartridge 등 6종,미분류
충전 임팩 드라이버 등 10종,미분류
잔디(벤트그라스) 1품목,미분류
16-073 탁구라켓 등 17종,미분류
등산스틱 등 3건,미분류
"교육장비, 비품 등 15종 구매",미분류
복사용지 등 626종 구매,미분류
분사식 살충제외 5종 구매,미분류
무균채수팩 1L 등 105종 구매,미분류
"군숙소, 물탱크 소독 및 청소용역",미분류
윈드실드(2510-700-5417),미분류
반합,미분류
해물비빔소스,미분류
해물비빔소스,미분류
해물비빔소스,미분류
해물비빔소스,미분류
육고기비빔소스,미분류
육고기비빔소스,미분류
육고기비빔소스,미분류
육고기비빔소스,미분류
조향기어,미분류
시리얼(초코맛후레이크),미분류
야전선,4종
00부대 원격교육체계 비품 구매,미분류
시리얼(옥수수맛후레이크),미분류
방진마스크 등 16종 구매,미분류
감자튀김,미분류
공군 전술항공통제단 홍보영상 제작,7종
"좌석,차량용 등 4항목 제조(궤도)",7종
더블에이 복사용지 A4 등 163종,미분류
사진재료(산요 충전지 등 27종),2종
손톱 등 16종,미분류
2/4분기 전산운영용품 구매,2종
16-P-환경분야 수질 및 대기 검사 용역,미분류
OO사격장 토양오염조사 및 위해성평가 용역,미분류
실시간 비파괴 검사장비 구매,미분류
지휘관휘장 등 35종 제조,미분류
2.5톤 이동배식차 제조,미분류
보급근무분야 민간위탁용역(경기 남양주),미분류
시멘트 등 3종 구매,4종
목재파레트 11종 제조,4종
"부대조달 화공가스 납품 및 용기검사, 밸브 교체",3종
전반기 일반폐기물 위탁처리 용역,미분류
16년 식용 얼음 구매,미분류
"시일,밀봉형 등 37항목 제조(총포)",미분류
우측 덮개 조립체 등 19항목 구매(총포),미분류
"호스,성형식 등 82항목 제조(궤도)",미분류
"디스크,클러치용 등 5항목 제조(궤도)",미분류
배선 결합체(U4B1) 등 56항목 제조(궤도),미분류
"부품키트,유압 다기관용 등 4항목 제조(궤도)",9종
"바, 금속제 등 22품목",미분류
백색턱걸이 등 38종 구매,미분류
고글 등 14종 구매,미분류
붙박이장 제작 구매,미분류
국기 제조 구매,미분류
살충제 등 16종(16-62),미분류
규산질비료 등 15품목(16-80호),미분류
양면테이프 등 277품목 구매,미분류
알루미늄 캐노피 32mm 4EA,미분류
"힌지,버트형 등 18종",미분류
UDT작전화 290PR,미분류
`16-00지역 매트리스 소독 용역,미분류
00부대 특수 장구류 구매,미분류
고정카메라 등 10품목 구매,미분류
라벨테이프 등 149품목 구매,미분류
클로벡스액 등 139종,미분류
16-목-정수기 임차 용역,미분류
16-평-00숙소 조경관리(예초) 용역,미분류
'16-00마을 및 00숙소 해충방역 용역,미분류
'16-00부두 정밀점검 용역,미분류
더블 데스크 매트 등 606종,미분류
멀티탭 등 575종,미분류
LSF 주기 시동발전기(AI-8) 정비,미분류
보온용 볼밸브외 72종 구매,4종
휴대용 기상 관측기 외 8종 구매,미분류
무인경계시스템 외주정비용역,미분류
가죽요대 등 2종,미분류
"표시기,시간합계식",미분류
경계력 보강 CCTV 등 구매,7종
비엔나소시지,1종
밀링머신,미분류
돈까스,미분류
돈까스,미분류
돈까스,미분류
돈까스,미분류
고추장,1종
된장,1종
가이드,미분류
"침대,알루미늄 접절식",미분류
16년 레이더 냉각체계 유지보수용역,미분류
제2MCRC 체계/창정비용 계측장비 유지보수,미분류
"담요,침대용",미분류
자동화창고 설비시스템 정비 및 유지관리 용역,미분류
궤도단 K77변속기 시험장비 외주정비 용역,미분류
궤도단 K1감속기 시험장비 외주정비 용역,미분류
31보급대대 물자창고 보수공사 컨테이너 제조설치납품,2종
스텐환봉 등 2품목,미분류
비디오서버 등 3품목,2종
유성페인트 등 15품목,4종
13-본-국대-01 00학교 이전 배수펌프 제조 납품,미분류
13-본-국대-01 00학교 이전 자동소화장치 제조설치,미분류
전기-전자식 장비용 시험대 제조,미분류
10톤 상용구난차 제조,미분류
소형표적기 완제품 및 조종기 제조,미분류
6.25 전사자 유전자검사 시약 재료 구매,미분류
전산운영용품 구매,2종
대철류 등 4종 제조,미분류
00단 병사식당 수배전반 제조설치,미분류
영상 음원 외주확보 사업,10종
"항-16-011,012,017 자동혈구계산기 시약 등 105종",미분류
16-함정 위탁방제(구서/구충) 용역,미분류
2/4분기 교육물품 구매(1차),미분류
2/4분기 교육물품 구매(2차),미분류
내압 방폭형광등 등 14종,미분류
전장관리정보체계 운용용품 구매,미분류
G-라이트 등 18종,미분류
비상소화펌프 2500GPM 14세트 구매,미분류
수압식 이동통풍기 85세트 구매,미분류
도어록 등 53품목 구매,미분류
마일드참치통조림 등 6종 구매,미분류
20mm 발칸 링크 구매,미분류
복사용지 등 400종,미분류
00부대 '16년 승강기 유지관리 용역,미분류
선박 엔진 수리부속 구매,9종
00지역 가죽제품류 구매,미분류
00지역 마크류 구매,미분류
패킹 등 43항목 구매(기장),미분류
"실린더 조립체,작동식,선형 등 9항목 제조(기장)",미분류
"볼트,유체 통로용 등 624항목 제조(기장)",9종
함정용 축,7종
"판,식탁용",미분류
구동제어장치류,미분류
공기탱크(하이드로 빽),미분류
"리테이너, 베어링용",9종
봉합제 등 180종,미분류
식탁,미분류
실린더조립체(궤도용),미분류
휀다 및 판류,미분류
"스위치,회전식 등 2항목 구매(물품)",미분류
'16년 오리콘용 탄약장진기,미분류
00부대 복지회관 비품 구매,미분류
그린가드후드작업복 등 27종,미분류
국방로봇 운용을 위한 법/제도 개정 및 인증제도 연구,10종
301캇타 등 183종,미분류
16년 방위력 개선사업비 구매,미분류
"2분기 교육예산(교육,체육비품, 실습재료비) 계약",미분류
유류흡착패드 등 5종,미분류
2분기 정보체계운용용품 구매,미분류
유류흡착패드 등 5종,미분류
13-본-국대-01 00학교이전 화재수신기 제조설치,미분류
00단 병사식당 냉난방기 구매설치,미분류
컬러 레이저 프린터 렌탈,2종
'16년 평-함정근무자 특수건강검진 용역,미분류
인쇄소모용품 76종(문구류) 구매,미분류
본드솔 등 394종,미분류
미래 합동작전과 해군.해병대 공동 비전 연구,10종
럭키타운아파트 청소용역,미분류
폭발물처리 자격신설 연구,10종
16년 식자재 민간위탁 배송,미분류
"희석제, 랙커 페인트 등 17종",4종
16-062 국내서 약4000종,미분류
"열선유리, 직사각형 등 6종",4종
공기관 밸브 1종,4종
"제어장치, 표시기 등 2종",미분류
슈터타이 등 115종 구매,미분류
"스페이서, 유연성, 파이프라인용 등 2종",4종
"밸브, 솔레노이드용 1종",4종
골드크립 등 84종 구매,미분류
트로잔배터리 등 51종,9종
입구 샤프트 씰 1종,미분류
양극 1종,미분류
디지털인쇄기 토너 등 26품목,2종
디지털 흑백인쇄기(DP180 Toner)등 3품목 구매,미분류
디지털칼라전용지등2품목구매,미분류
16-목-28인승 버스 임차 용역,미분류
셔터문 설치납품,미분류
프린터 드럼 등 311종,2종
배수용펌프 등 12종 구매,미분류
임펙소켓 등 36종 구매,미분류
폼텍 바코드용 라벨 등 476종,미분류
화이트보드 등 494종 구매,미분류
제본링 등 306종,미분류
애니라벨 등 597종,미분류
건전지 등 516종,2종
전반기 전산용품 구매,2종
고무장갑 등 271종,미분류
책자(해군교육사 70년사) 70부 인쇄,미분류
전기식 히터 등 2종,미분류
컨테이너 등 2종 구매,2종
의약품(엑스포지 정 등 178종) 구매,8종
Pocket Filter 등 3종 구매,미분류
호이스트 스위치 등 7종 구매,미분류
1분기 전산용품 2차 구매,2종
도서(청소년 문제와 보호 등 72품목)구매,10종
날크립 등 159종,미분류
16-072 재생토너 등 36종,2종
소토사 등 2종,미분류
돈삼겹(국내산) 등 10종,미분류
16-고속단정 00호정 엔진 정비,9종
YTL 추진기 정비,미분류
"카트리지,흡착용 등 7종",미분류
차량정비용 수리부속(기아/소형차량) 연간단가계약,9종
음식물류폐기물 위탁 처리 용역,미분류
"브래킷,다각도용 등 122항목 제조(기장)",미분류
"패킹, 성형식 등 217항목 구매(기장)",미분류
시험세트 구매,미분류
16-050 프렌치호른 등 3종,미분류
병영 언어문화 개선 교육용 애니메이션 제작 용역,미분류
호른 등 2종,미분류
00지역 CCTV 설치납품,7종
저탐레이더 스위치등32종구매,7종
K1변환기구매,미분류
철재류 스프링강선등87종구매,미분류
잡자재류 고임목블럭등77종구매,미분류
비철류 늄합금봉등38종구매,미분류
호스등5종구매,미분류
"국외번역(노어,일어)국문번역 용역",미분류
'16년 소방시설 작동기능점검 용역,미분류
위험물보관함 등 24종 구매 (16-52/57/61),미분류
전반기 소방시설 작동 및 종합정밀점검,4종
045-원적외선히터 등 4종,미분류
00부대 발간재료 구매,미분류
주둔지 과학화경계시스템 외주정비 용역,미분류
'16년 공군 우수근무자 역사탐방 관광용역,미분류
"인쇄판 및 현상액, 보충액 구매",미분류
'16-00장 및 00지 제초용역,미분류
00부대 통신운영용품 구매,미분류
00부대 정보체계 운용재료 구매,미분류
'16-00전대 00공장 폐기물 처리용역,미분류
클로로포스메틸유제 등 33품목 구매,미분류
16-065 플로터 반광 인화지 등 111종,미분류
OV-3형 휀다 등 14종 구매,미분류
조타실 방탄유리 등 8종 구매,4종
쇼파 등 4종 구매(연평도),미분류
개비온석 구매,미분류
작전장비 정비용 부품/자재 구매(2차),9종
실내인테리어 조화(자작나무) 등 26종,미분류
안전조끼 구매,미분류
실습작업대 등 10종,미분류
"(16-063,064)수리부속(타이어외 1품목)",9종
"'16-00소유154,000V수전선로(철탑)점검및보수",4종
질식방지구명구 등 2종,미분류
16-정통과(전산용품 27종 구매),2종
법랑화이트보드 등 6종,미분류
10톤 가레이지 작키 등 3종,미분류
백팩리그 007 등 6종,미분류
00부대 구충구서 방역용역(강원),미분류
00부대 구충구서 방역용역(재경),미분류
부착용꽃이판 등 44종,미분류
예초기줄 등 103종,미분류
플러스펜 등 291종,미분류
아웃보드모터 40hp 1대 구매,미분류
"호각, 구형 등 4종",미분류
정수기 임차용역(18대),미분류
진지코드(슈어-코드플러스) 등 42종(연평도),미분류
화물투하낭 등 2품목 제조,미분류
체력단련장 캐디 피복 제조 납품(품목별 단가제),2종
체력단련장 캐디 피복 제조 납품(품목별 단가제),2종
식기소독보관함류,미분류
식기소독보관함류,미분류
미트볼,미분류
씰 등 161종,미분류
이불커버류,미분류
새우 패티,미분류
새우 패티,미분류
새우 패티,미분류
새우 패티,미분류
불고기패티 2형,미분류
불고기패티 2형,미분류
불고기패티 2형,미분류
불고기패티 2형,미분류
미트볼,미분류
미트볼,미분류
미트볼,미분류
케이블조립체(TAS-970K용),4종
케이블조립체(TAS-970K용),4종
못38미리 등 74항목 구매(물자),미분류
천일염,미분류
마요네즈,미분류
2016년 물탱크 청소 용역(63개소),미분류
베개류,미분류
치즈,1종
특수무기(저탐레이더) 외주도장 용역,미분류
항정단 지하유류저장시설 누출검사 용역,미분류
꼬질대류,미분류
16년 행정사무기기 유지보수 용역,미분류
00체계 H/W유지보수 용역,미분류
16년 부식류 민간위탁배송 용역(5),미분류
궤도차량승무원용 배낭 등 4종 제조,7종
특수수술재료(융비술재료 2종) 구매,미분류
16-고래2호(해상사격)표적 등 4종 구매,미분류
항공정비파카 등 24종 제조,미분류
특수수술재료(인체조직유래 2차 가공뼈) 구매,미분류
전투기 시뮬레이터와 창공모델 연동시험 연구 용역,미분류
"16-F-003, 압축기 유니트 제조 납품",미분류
고주파수술기 구매,미분류
수술드릴및쏘셋배터리식 구매,9종
인쇄소모용품 13종 구매,미분류
해상작전 유/무인기 최적화 운용방안 연구,10종
해양 무인무기체계별 효과도 분석 통한 전력소요 검증,미분류
삼군부 재현 및 이전을 위한 연구,10종
16년 부식 재포장재료 구매,미분류
의장특수피복 장구류 3종 제조구매,2종
육군 의장행사모 2종 구매,미분류
00분해도 2종 구매,미분류
알곤 등 7종,미분류
판넬 조립체 등 17종 구매,미분류
컴퓨터세트 디지털형 구매,2종
전기온풍기 등 34종 구매,미분류
종량제봉투 등 3종 구매,미분류
미생물활성제 등 2종(도서지역 포함),10종
수목(이팝나무외 14종) 구매,미분류
정수기 필터 등 343종,9종
4인용 원목테이블 등 3종 구매,미분류
해병대 홍보영상제작 용역,미분류
반투막 등 2종,미분류
"나사,캡식,6각 머리형 등 13종",미분류
백열등 등 10종,미분류
16년 경기.서울지역 취사용LPG 구매,3종
계체단 계룡코스 전동카 구동배터리 구매 설치,9종
"호스 조립체,비금속제 등 53항목 제조(기장)",미분류
"호스,비금속제 등 60항목 구매(기장)",미분류
"베어링,클러치 릴리이스용 등 16항목 구매(기장)",9종
브레이크 슈 세트 등 2항목 제조(기장),9종
"연결기 조립체,전기용 등 46항목 제조(기장)",미분류
전출처 전자정보 통합 및 적위협 가시화 방안연구,10종
SUT BATTERY CELL,미분류
"박판,금속제 등 47종",미분류
"포단,침구용",2종
니카드전지(함포용),2종
복합조미료(쇠고기맛),미분류
사과주스,1종
사과주스,1종
사과주스,1종
포도주스,1종
포도주스,1종
포도주스,1종
단무지,미분류
"수송대대 가솔린 엔진오일 등 51종(16-36, 37, 50)",3종
체력단련장(골프장) 잔디 구매설치,미분류
오수처리시설 수질검사 용역,미분류
디지털 윤전용지 연간 구매,미분류
보급근무분야 민간위탁 용역(강원 인제등 2곳),미분류
'16년 정비지원부대 직무값 기반의 직무분석 연구용역,미분류
00체계 프린터 교체사업,미분류
증식류 어묵바 구매,미분류
00부대 이동식화장실 제조설치(16-59),미분류
31보급대대 물자창고 보수공사 중량 선반 제조납품,4종
"띠,지지용 등 47항목 구매(기장)",미분류
상용 위성돔 15EA 구매,미분류
복사용지 등 78종 구매,미분류
핸드파레트 등 2종 구매,미분류
낫 등 15종 구매,미분류
승무원장갑 등 6종 제조,미분류
"무릎, 팔꿈치 보호대 등 58품목 구매",미분류
스냅파스고리 구매,미분류
락카스프레이 등 71종,미분류
"나사, 캡식,6각머리형 20020EA",미분류
기중기정 크레인 안전검사 용역,미분류
P-3 항공기 TIMER DEICE 정비,미분류
VLF 지휘통신체계 유지보수 정비,4종
나사 등 121종,미분류
"완충기,직접작동식 등 20항목 구매(기장)",미분류
"튜브,연료용 등 113항목 제조(기장)",3종
마스터 백 조립체 등 4항목 제조(기장),미분류
군용 트레일러용 관성제동장치,7종
햄,1종
햄,1종
햄,1종
햄,1종
소시지 2형,1종
소시지 2형,1종
소시지 2형,1종
소시지 2형,1종
소시지,1종
소시지,1종
소시지,1종
소시지,1종
"케이블조립체(TPQ-36,37용)",4종
레이저대공무기사업 선행연구 및 운용요구서 연구,10종
표고버섯 가루,미분류
감자전분,미분류
볶은참깨,미분류
인화점 시험기 구매,미분류
GRPS-100K  유지보수 용역,미분류
'16년 부식분배용 위생 및 포장재료 구매,미분류
13-본-국대-01 00학교 이전사업 SMC 물탱크 제조설치,미분류
베레모 등 8종 제조,미분류
화공가스(9종) 구매설치,3종
의무장비(핵산추출장비) 구매,8종
전동 카운터 스태커 구매/설치,미분류
상시검정용 굴삭기(차륜용) 구매,미분류
GRPS-100K  유지보수 용역,미분류
13-본-국대-01 00학교 이전사업 송풍기 제조설치,미분류
보급근무분야 민간위탁 용역(강원 동해등 5곳),미분류
00 0000 분석체계 구축,미분류
알루미늄 접이식 원형탁자 등 3종,미분류
복사용지 등 485종,미분류
북한의 기뢰전 전술 분석 및 대응책 연구,5종
亞.太 지역 해양안보 정세와 주변국의 대응전략,미분류
연구소 회의실 AV시스템 제조설치 납품,미분류
2016년 의무장비 안과유니트 구매,8종
2016년 의무장비 전자동 정제 분류 포장기 구매,8종
00지역 연미복 제조납품,미분류
국방상호운용성 마스터플랜 연구,10종
'16년 부식분배용 위생 및 포장재료 구매,미분류
휴대용무전기 건전지 등 9종 구매,2종
기독교 성찬주 구매,미분류
핀조립체 등 26종,미분류
"16년 예비군중대 PC,프린터 정비용역(3권역)",미분류
"16년 예비군중대 PC,프린터 정비용역(2권역)",미분류
복사용지 A4 등 394종 구매,미분류
16-평-00도 통신철탑 보수 외주정비 용역,미분류
16-평-오/폐수처리시설 수질검사 용역,미분류
16-평-함정 수밀 개폐구 교체 외주정비,미분류
결제판 등 153종 구매,미분류
조정접점 등 8종,미분류
"호흡장치, 자체완비식 등 2종",미분류
특수전용 고속단정 엔진 정비,9종
국방대 이전사업 관급자재(PE관및이음관),미분류
00대대 대테러피복류 제조 구매,2종
릴리스 실린더 조립체 등 22항목 구매(기장),미분류
"암, 와이퍼용 등 46항목 제조(기장)",미분류
"허브 몸체 조립체,4륜구동용 등 2항목 제조(기장)",미분류
"필터 엘리먼트,유체용 등 38항목 구매(기장)",9종
기어용윤활유,3종
취사기(트레일러탑재식 800명분) 및 수리부속류,9종
"바,금속제 등 12종",미분류
와이어로프 등 5항목 구매(물자),미분류
"127연대(향방무기,물자 보관용 컨테이너)제조설치납품",미분류
정보처리 전산체계 유지보수,4종
16년 1차 전산운영용품,2종
'16년 일반장비(시추장비) 외주정비 용역Ⅱ,미분류
위임보수 8차 자재구매(보일러/온수통 교체 등 17건),4종
체력단련장 비료 구매,미분류
'16-6-엔진세척기 등 2종 외주정비 용역,미분류
16년 해병대 지휘소 비디오월 교체사업(리스물건),미분류
00단 병사식당 화물용승강기 제조설치,미분류
취사기구(이동용 부식차 등 6종) 구매,1종
16년 부식류 민간위탁배송 용역(3),미분류
16년 토양오염도검사 용역,미분류
00부대 식당개선 주방기구 제조 및 설치,미분류
16-영구보존기록물 DB구축,미분류
'16년 6.25 전자사 유가족 유전자검사 위탁용역,미분류
유격자격휘장(포제) 등 4종,미분류
의약품(싸이로카인 스프레이 등 193종)구매,8종
전산운영용품 구매,2종
항-16-010 이소티논연질캡슐 등 38품목,미분류
세탁기 등 2종,10종
에어 앵글그라인더 등 84종 구매,미분류
토라빈덱스 안연고 등 76종 구매,미분류
반사테이프 등 75종(16-51),미분류
엠포스지 베이직 등 188종,미분류
전투실험용 운용물품 구매 계약,미분류
마이크시스템(수입부품 포함) 구입 및 설치,9종
블루투스 이어폰 등 6종 구매,미분류
"안경,해상전투용 623EA",미분류
’16년도 Spectrum-K 체계 유지보수용역 계약(1),미분류
바리톤색소폰리드 등 36종 구매,미분류
연결기 조인트 등 5종,미분류
포스트잇외 80종 구매,미분류
교관헬멧 등 37품목 구매,미분류
오일휠타 등 172종,미분류
플러그 등 25종,미분류
작전영상전송장비(KAISHOT) 유지보수 정비,미분류
가스켓 등 15종,3종
OO함 함안정기 제어반 정비,미분류
차량정비용 수리부속(현대/대형차량) 연간단가계약,9종
의약품(엘디로 정외 33종) 구매,8종
"베어링,롤러식,테이퍼형 등 41항목 구매(기장)",9종
"클램프,루프형 등 63항목 구매(기장)",미분류
"시일,평면형 등 181항목 제조(기장)",미분류
16년 전반기 전산용품구매,2종
파이롯버너 콘트롤러 등 44종 구매,미분류
화재 및 화학기호판 제작소모품 구매,미분류
화재 및 화학기호판 제조,미분류
간성아파트 건립 화재수신기 제조납품,미분류
도서(비파괴 검사 실기 등 64종)구매,10종
수영장 수질물품 염산 등 4종,미분류
"(16-013,020) 캐비닛 등 9품목",미분류
인쇄재료 49종 구매,미분류
화장지 등 2품목 구매,미분류
'16년 모의사격 훈련장비 교체사업,미분류
양압식공기호홉기 2형 구매,미분류
무광택 에나멜 희석제 등 3종,미분류
'16년 1차 재생토너 구매 계약,2종
기관제어감시장치 정비,미분류
에어 필터 등 12종 구매,9종
M/F 사진재료 구매,미분류
유가족 DNA 시료채취 키트 구매,미분류
16년 중대급 프린터 임대,2종
엡손토너카트리지 등 138종,2종
"용기,액체 냉각제용 1종",미분류
'16-2차 훈련재료비 등 구매,미분류
계룡스파텔 대리석 / 카페트 청소 용역,미분류
와이어 제본 링 등 238품목 구매,미분류
"호스 조립체, 비금속제 등 12종",미분류
"스페이서, 유연성, 파이프라인용 등 3종",4종
공기 작동식 나비변 200A 등 5종,미분류
"보호 장치, 계전기용 등 8종",미분류
플러그 등 4종,미분류
브러쉬 홀다 조립체 등 8종,미분류
"밸브 유닛조립체, 작동수용 등 3종",4종
"밸브, 글로브형 등 2종",4종
"코드 어셈블리, 탄성 등 3종",미분류
파워케이블 콘넥타 등 15종,4종
시설 / 조경용역 기계경비 자재구매(2차),미분류
불교 종교의식기구 구매,미분류
'16년 건설폐기물 폐콘크리트 위탁처리,4종
표준기록물관리시스템 백신 라이센스 구매,8종
인쇄재료 144종 구매,미분류
"혼,신호용 등 4종",미분류
대잠훈련분석체계(AEAS) 유지보수 용역,미분류
"날,유리창닦기용 등 3종",4종
개스킷 등 4종,미분류
00레스텔 등 식자재 000종 구매(연간 단가계약),미분류
병기손질유(LSA),미분류
차기군수지원함 상세설계 및 함 건조 감리용역,미분류
토마토케첩,미분류
기능성방한복(발열체 및 축전지 등 포함),2종
제1MCRC 음성통신장비 유지보수,미분류
제1MCRC체계/창정비용 계측장비 유지보수,미분류
덮개 및 멜빵,미분류
00지역 물탱크 청소용역(29개소),미분류
'16-6-오수중계펌프장 관로 준설 용역,미분류
16-5차 부대구매,미분류
MU완 효성복합비료 등 4종,미분류
장비세척제 등 22종,미분류
쿠션담요 등 2종,미분류
"포장기(진공용, 총기용) 2종 구매",미분류
작전장비(잠수부용 칼 등) 5종 구매,미분류
전화기용 케이블 등 22종 구매,2종
16년 전화(화상)영어 위탁교육 용역,미분류
교육장비용 배터리(6종) 구매,9종
인쇄용지 3종 구매,미분류
2층침대 등 10품목,미분류
2층 침대 등 4품목,미분류
FF급 함정 손상대응 훈련 시나리오 개발 연구,7종
화생방 연구 재료 가스 구매,3종
화생방 연구 재료 초자 구매,10종
전산운영용품(프린터소모품) 구매,2종
간성아파트 건립 통합배선 제조납품,미분류
기관총 주야조준경부품류(구매),7종
마이크로 커터 등 19종 구매,미분류
세수비누 등 14종,미분류
00함 진공식 오수배관 청소 용역,미분류
제빙기 등 3종,미분류
탱크식 액화석유가스(LPG) 구매,3종
용기식 액화석유가스(LPG) 구매,3종
콜라 등 28종 구매,미분류
16-평-소방시설 작동기능 및 종합정밀 점검용역,미분류
`16-00부대 교육비품비(마네킨 등 3종) 구매 계약,미분류
사격장 방송장비 시스템 구매/설치,미분류
해상(작전용) 방탄 플레이트 등 8종 구매,미분류
전기 가열식 오븐 구매/설치,미분류
'16-00사 내진성능 평가용역,미분류
회로차단기 등 6종,4종
배터리 등 2종,9종
16년 증식용 떡 및 케이크 구매,미분류
표준차 유지부품,9종
혼합간장,1종
건빵,1종
건빵,1종
건빵,1종
건빵,1종
제2MCRC 음성통신장비 유지보수,미분류
상온형 노면표지용 도료 등 3종,4종
'16년 K-1 교량전차 시뮬레이터 유지보수,4종
비호용 전원공급기(POWER SUPPLY),미분류
16-가방(침투보호의 용)제조,미분류
인쇄판(C.T.P) 및 현상약품 연간 구매,미분류
Truepress Jet520 전용잉크(CMYK) 등 6종 구매,2종
화생방 연구활동 재료 시약 구매,10종
00부대 소규모 환경영향평가 용역,미분류
"와이어, 전기용 등 13품목",미분류
16-평-00아파트 소방시설 점검 용역,미분류
16-평-00아파트 물탱크 청소 용역,미분류
병사피복(훈련용 모장갑) 제조,2종
항공유 펌프 3세트 구매,3종
수색휘장 등 18품목 구매,미분류
컷터칼 등 1206종,미분류
필터엘리먼트 등 53종,9종
도로용 페인트 등 131종,4종
레이저 프린터 토너(재생) 등 7종 구매,2종
방화복,미분류
다단식선반(중) 등 3종,미분류
무인기술을 적용한 현용전력 극대화 방안 연구,10종
부대 홍보영상 제작(3여단),10종
무인기술을 적용한 현용전력 극대화 방안 연구,10종
부대 홍보영상 제작(3여단),10종
엔진용윤활유,3종
터빈용윤활유,3종
견인장치등 16항목 구매(물품),미분류
백색바세린 등 160항목 구매(물품),미분류
"선그라스,항공조종사용 1항목 구매(물자)",7종
칼바이트 볼트 6항목 구매(물자),9종
응급치료키트 등 11항목 구매(물품),미분류
발판 등 23항목 구매(물품),미분류
튀김가루,미분류
초음파 세척기,미분류
냉동냉장고 등 12품목 구매,미분류
재봉틀 구매,미분류
진동롤러 등 23종 구매,미분류
전자계통용 시험세트 구매,미분류
잠수복(드라이슈트) 등 7종 구매,미분류
수중부식측정기 등 16종 구매,1종
미래 전장환경에 부합한 전장관리체계 발전방안,미분류
국방사업관리 자격신설 연구,10종
간성아파트 건립 발전기 제조납품,미분류
간성아파트 건립 펌프 제조설치납품,미분류
간성아파트 건립 자동식소화기 제조납품,2종
간성아파트 건립 전관방송 제조납품,미분류
5.56밀리 탄포 외주정비,미분류
커넥터 등 106종 구매,미분류
'16-00사 물탱크 청소용역,미분류
16-00부대 컬러 프린터 임차 용역,미분류
디엠씨 툴 셋 등 20종,미분류
피탈 등 2종,미분류
네임펜 등 369종 구매,미분류
포스트잇 노트 등 409종,미분류
국수 등 130종 구매,1종
국수 등 130종 구매,1종
국수 등 130종 구매,1종
'16년 정비피복(정비파카) 제조 납품,미분류
`16-00전대 간부숙소 TV방송 및 인터넷 서비스 용역,미분류
`16-00전대 정수기(44대) 임차 용역,미분류
국수 등 130종 구매,1종
배추김치(절단) 등 7종 구매,1종
체력단련장 코스관리 물품 비료 구매,미분류
컨트롤 모듈 등 8항목 구매(기장),미분류
화생방보호의 포장박스 등 3종,미분류
공드럼 개스킷,미분류
혹한복 외 3종,미분류
시일 조립체,미분류
국제 군사과학기술 경진대회 행사진행,미분류
후춧가루,미분류
적외선 열영상장비(IRD-2000) 외주정비 용역,미분류
전산운영용품 토너 3종 구매,2종
의료 기자재 및 장비소모품 구매(3월 1차),미분류
부대 의약품(35종) 구매,8종
00지역 아파트 공기순환기(환기유니트) 제조설치,미분류
16-D-14 대형제빙기 등 7종 구매,미분류
14-본-육-10 00지역 아파트 CCTV 제조설치,7종
2016년 공군장병 국가관 함양교육 용역,미분류
해군 M&S체계 발전을 위한 최신 적용기술 및 분야,미분류
주변국 전력증강 대비한 우리군 대응능력 구축방안,미분류
'16년 전반기 국기검 자산취득 물품 구매,미분류
'16년 화공가스 구매 및 용기검사,3종
16-2차 특수무기(천마 전력변환기) 외주정비 용역,미분류
'16년 일반장비(시추장비) 외주정비 용역,미분류
'16년 액화석유가스(LPG) 구매,3종
항-16-004 산소소생기 자동식 사단용 등 5종,3종
해군 가먼트백 등 6종,미분류
코스모스 종자 등 5종 구매,미분류
14-전-해-13 화장실 출입문 제조 설치,미분류
14-전-해-13 전력제어설비 제조 설치,미분류
네트워크 장비(TAP)등 3품목,2종
복사용지 등 25품목,미분류
프린터잉크 등 43종,2종
휴대폰 전파차단기 구매,4종
침대세트 구매,미분류
건조마우스프레스(사진용)등 2품목,미분류
초고속 광택기 등 6품목,미분류
안보교육물품(볼펜수첩) 구매,미분류
2분기 교육재료 구매,미분류
16-1차 동명부대 재보급물자 해상수송,미분류
복사용지등 468품목 구매,미분류
1/4분기 교육용품 구매,미분류
SSU훈련화 등 7종,미분류
암막커텐지 등 3종,미분류
환봉보관대 등 10종,미분류
전기용접부스작업대 등 3종,미분류
보관대 등 12종,미분류
엔진톱 등 9종,9종
"공CD 및 자켓(케이스) 15,000장",미분류
충전기 등 6종 구매,미분류
필터백(140장) 구매,9종
보조배터리 등 16품목 구매,9종
인쇄용지 21종 구매,미분류
"X-선 세트(방사선사진용, 산업용) 등 2종 구매",미분류
"스위치,근접식 등 4종",미분류
결속 가락지 등 4종,미분류
00함 좌현 예인윈치 정비,미분류
오수처리기 및 오수탱크 청소 용역,미분류
축산물(계란 등 52종)구매 납품,1종
계체단 구룡코스 전동카 구동배터리 구매설치,9종
16년 액화석유가스(LPG) 공급,3종
항-16-007 자동면역분석기 시약 등 35종,미분류
타원챠핑디쉬 22호 등 29종 구매,미분류
김치냉장고 등 12종,1종
"취사기, 트레일러탑재식(400명분) 및 수리부속류",9종
00부대 지뢰제거작전 개인보호물자 구매,5종
방산기술보호체계 발전방안 연구용역,미분류
방위사업청 소식지 제작 사업,미분류
16년 전반기 물탱크청소용역,미분류
너트등50종구매,9종
K77회로카드조립체구매,미분류
케이블타이등15종구매,4종
K1케이블조립체등7종구매,4종
K1리테이너및롤러등22종구매,미분류
K1나사등84종구매,미분류
K1스프링등19종구매,미분류
K1배선장치등7종구매,미분류
K1패드등37종구매,미분류
아연극판등170종구매,미분류
16-2차 전산운영용품 구매,2종
수술기구(4차) 구매,미분류
기름보일러 등 59종 450점,미분류
세탁망 등 2종 구매,10종
수도병원 전자동정제분류포장기 구매 설치,미분류
방송용 시스템 제조설치,미분류
16년 OO부대 하역용역(3),미분류
육로화물(SALS-K 탄약) 수송용역,미분류
교육장비 15종 구매 설치,미분류
'16년 공군 격오지부대 순회 집중정신교육 용역,미분류
"야외화장실(이동식, 2동) 구매",미분류
유동점시험기 구매,미분류
홍보용기념품(암밴드 등 2종) 구매,10종
"덮개,신호탄용 1종",5종
양면테이프 등 201종 구매,미분류
16-목-목재 폐기물 처리 용역,미분류
냉장고 구매,미분류
고주파 형광등 등 45종 구매,미분류
에어커튼 구매,미분류
배터리(공용) 등 46종,9종
16-057 STS관 등 64품목,미분류
16년 KT-1 CBT 노트북 임차,2종
00부대 부대조달 의무물자 의약품 구매(3차),8종
00부대 부대조달 의무물자 기재 및 소모품 구매(3차),8종
컴프레서 등 7종 구매,미분류
2/4분기 교육/실습재료 구매,미분류
샐러드용 찬받드 냉장고 4EA,미분류
가로등기구 등 38종 구매,미분류
우레탄비닐 등 443종 구매,미분류
"잉곳, 주석-청동용 등 14품목",미분류
표주 등 3종(16-44),미분류
LED전광판 등 3종,4종
에어안전매트 2EA,미분류
플로터 전용지 등 39종,미분류
2016년 1차 복사기소모품 구매,미분류
작업등 등 133종 구매,미분류
공군항공안전단(석면함유 건축물)개선 설계 용역,미분류
방진마스크 등 21종 구매,미분류
항-16-006 넥 브레이스 등 60종,미분류
감귤(성수기/비수기) 등 31종 구매,미분류
돼지고기(삼겹살) 등 7종 구매,1종
어리굴젓 등 10종 구매,미분류
'16-00전대 00공장 도장부스 자가 측정,미분류
불발탄제거작전 물품 00종 구매,미분류
액화석유가스(LPG)(울산),3종
액화석유가스(LPG)(부산),3종
폴건 등 4종,미분류
무인비행체계의 공격 방어체계 정립 연구용역,미분류
꼬리곰탕,미분류
"숟가락,야전식당용 등 5항목 구매(물자)",미분류
방위사업 원가계산 외부용역 2차,미분류
싱크대용 온냉혼합수전 등 11종,미분류
00부대 컬러 프린터 임차 계약,2종
수입솔류,미분류
마이크로 프로세스 예비품 셋트 등 18종,미분류
'16-00의료원 청소용역,미분류
회로 차단기 등 22종,4종
`16년 1분기 1차 위임보수공사(본청 중앙현관 개선),4종
군정비장비 외주정비 사후원가정산 용역,미분류
케이블조립체 등 2종,4종
체력단련장 식물성 잔재 폐기물 위탁 처리 용역,미분류
조종사용 선글라스 4종 제조,미분류
16-D-10 로켓용 폭음통 구매,미분류
16년 무정전전원장치(UPS) 제조설치,미분류
피복건조기 구매,2종
"프레스(펀치용, 동력식) 구매설치",미분류
'16년 OOOOO 개발SW 기능개선 사업,미분류
16년 부식류 민간위탁배송 용역(4),미분류
16년 체력단련장 경기도우미 춘추복 제조/구매,미분류
국방 클라우드 컴퓨팅 운영환경 구축방안 연구,10종
공기압축기 수리부속 11종,9종
현장통제시설 필요 자재구매,4종
실내사격장 셔터 설치납품,미분류
00부대 병영도서관 도서 구매,10종
전반기 신병물품 구매 계약,미분류
지뢰제거작전 물품 00종 구매,5종
16-학습지원과(볼펜 등104종 구매),미분류
의약품 33종 구매(16-5차),8종
"청관제 구매(20L, 100통)",미분류
장비세척제,미분류
발냄새 제거제 등 9품목 구매,미분류
16-평-낙뢰방호설비 외주정비 용역,미분류
함정 통풍관 청소 용역,미분류
11비 인조잔디 구매 및 설치,미분류
00지역 간부식당 식자재 구매,미분류
고속절단기 등 3품목,미분류
보급근무분야 민간위탁 용역(경기 고양),미분류
보급근무분야 민간위탁 용역(전남 장성),미분류
항공작전녹음기 제조 설치,7종
간부숙소 신발장 등 3종 제조,미분류
특수수술재료(achilles tendon 등 2종) 구매,미분류
모조지(백색) 구매,미분류
"시일, 평면형 등 26품목",미분류
윤활유 필터 등 10종 구매,3종
스팀버켓트랩 등 85종 구매,미분류
비데 등 3종 구매,미분류
디지털 공기자료 시험세트 구매,미분류
예도 등 6품목 구매,미분류
수중청소기 구매,미분류
하네스용 안전고리 등 94품목 구매,미분류
액화석유가스(LPG) 구매,3종
함정 기관실 청락/도장 용역,미분류
시멘트외 31종 구매,4종
16-046 램프용 전자식 안정기 등 200품목,미분류
"냉동고, 보존식보관용 등 3종",미분류
육군 이미지 및 홍보 여론조사 용역,미분류
밸브류(함정용),4종
방송장비 시스템(디지털 앰프 등) 구매,미분류
나사류,미분류
농산물(가지 등 181종)구매 납품,1종
공산품(가스오브시 등 313종)구매 납품,3종
PMS통합관제시스템 관제 P/G 등 4종 구매,미분류
참기름,미분류
고추맛기름,미분류
물엿,미분류
희석제랙커페인트등 11종 구매,4종
`16년 1/4분기 의약품·의료기재 구매,8종
16-B-달님라동 냉·온 정수기 임차,미분류
00부대 의약품 및 의료기재 구매,8종
식기소독기 등 15종 제조,미분류
16년 2분기 정보화 운용재료 구매,미분류
69톤 트렉타 구매,미분류
2016년 제2회 국방 분석평가관계관 워크숍 위탁운영,미분류
16-1 전산용품 구매,2종
공군 제3훈련비행단 부대 홍보영상 제작 용역,미분류
16-영내교육생 생활관 방역 용역 계약,미분류
기준주파수 발생모듈 등 4종 구매,미분류
"이음쇠,주유용 등 3종",미분류
대형버스 수송 용역(57대),미분류
알곤가스 등 6종 구매(공병검사비 포함),3종
흡입밸브 조립체 등 5품목,4종
기준주파수 발생모듈 등 4종 구매,미분류
톤마대 등 3종,미분류
군악기(피콜로 등 29품목) 구매,미분류
'16-00지역 산림 및 조경수 관리용역,미분류
75인치 모니터외 5종 설치납품,2종
16년 강원지역 취사용 LPG구매,3종
영상콘텐츠 제작 용역,미분류
"취사도구세트,가스용 12항목 구매(물자)",3종
로드베어링링 등 8종,9종
이이폰 등 3항목 구매,미분류
반창고 등 14항목 구매(물품),미분류
핸드타월 1항목 구매(물품),미분류
약품포장지등 37항목 구매(물품),미분류
전자레인지 등 5항목 구매(물자),미분류
물통(플라스틱) 1항목 구매(물자),미분류
'16년 신병 군장품 부착 납품,미분류
고양병원 공조기필터 교체 설치납품,9종
함평병원 공조기필터 교체 설치납품,9종
서울지구병원 공조기필터 교체 설치납품,9종
인식표,미분류
16-P-프린터 렌탈 용역,미분류
적외선히터 등 16종 구매 (16-52/57),미분류
00부대 음식물폐기물 처리용역,미분류
전산운영용품 구매(1차),2종
의무장비(4차) 인공호흡기 고급형 구매,8종
16-포장박스 등 4종 제조,미분류
체력단련장 전동카트 등 4종 구매,미분류
전자감응식 헤드셋 구매,미분류
라미실원스 등 16종,미분류
더블데스크 매트 등 573종,미분류
의무장비(혈액용 냉동고) 구매,8종
'16년 일반장비(건설장비) 외주정비 용역,미분류
동원훈련장 안보교육관 연결의자 제조설치,2종
헬기위치 추적체계 소프트웨어 유지보수 용역,미분류
(16-006) 유압식 절곡기 (수정),미분류
16-038 체육티셔츠(하) 등 3종,미분류
"병영도서관 도서 구매(수량:529종, 858권)",10종
산소 등 5종,3종
역도부 운동용품 구매(역도복 등),미분류
선수숙소 침구류 구매,2종
섬유 유연제 등 3종,미분류
지휘자 단상 등 7품목 구매,미분류
도서 250종 구매,10종
압력 스위치 등 29품목,미분류
전자책(검은 사제들 등 101종) 구매,미분류
16-평-00함정 화재감지기 외주정비 용역,미분류
잉크 카트리지 등 31종,2종
16-함정/도서 침대 매트리스 청소용역,미분류
발굴피복(점퍼 등 5종) 구매,2종
'16년 중형 식기세척기 임차용역,미분류
에어컨 콤프레셔 등 17항목 구매(기장),미분류
한국 육군 교육훈련관리의 개선방안 연구,10종
16-강하훈련장 아카시아 제거용역 계약,미분류
16년 전반기 전산용품 구매,2종
16-건물 청소 용역,미분류
00부대 냉난방 설비 보수 용역(6개소),미분류
핸드토키 등 3종 구매,미분류
"순환펌프,모터 (방-16-6)",미분류
냉각휀 등 29종 구매,미분류
팬티 등 3종 구매,미분류
UPS감시시스템 구매 설치,미분류
광단국장비(1.6군단) 외주정비 용역,미분류
16년 청수 수송용역,미분류
1891부대 시설보수 자재구매,4종
도서(정형외과학 제7판 등 23종)구매,10종
16-백-프린터 렌탈,2종
14-본-육-10 00지역 아파트 물탱크 제조설치,미분류
OOO지역 교환기 교체사업,미분류
종합정보시스템 유지보수 용역,미분류
간부피복 택배수송 용역,미분류
00지역 탈수슬러지 재활용처리 및 운반용역,미분류
무전극안정기 등 35종(16-32),미분류
16-자산정수기 관리용역 계약,미분류
"탐지기, 광도측정용 등 2종",미분류
16-041 테니스 라켓 6종,미분류
"게이지, 전해질, 수위용 등 15종",미분류
종균제 구매,미분류
푸쉬 스위치 초소형 등 73종,미분류
명함철 등 109종,미분류
버스[28인승] 2대 임차 용역,미분류
오일휠터등 81품목,미분류
전산운영용품 00종 구매,2종
방폭문패킹등 17품목,미분류
도서(고졸검정고시 핵심 총정리등 18품목),10종
'16년 오수처리시설 수질검사 용역,미분류
메모수첩 등 2품목,미분류
'16년 정기 토양오염검사 용역,미분류
카드형 교통카드 등 3품목,미분류
행정용품(프린터 토너 등 45종) 구매,2종
게이트 밸브 등 5종 구매,4종
도금폐수(산화계)20톤,미분류
심정모터,미분류
법랑화이트보드 등 2종,미분류
장력계 등 2종,미분류
"보급목록카드 7,200EA",미분류
식당 하수관로 및 오수중계펌프실 준설 용역,미분류
군가재생시스템 납품(설치),미분류
냉매누설 탐지기 등 3종 구매,미분류
위험물보관함등 11품목,미분류
"제어장치, 경보기용 등 13종",미분류
"축, 구동용 등 3종 구매",미분류
컨센트릭 밸브 조립체 등 29종,4종
비점오염원 저감시설 유지관리용역,미분류
제본표지 등 68종 구매,미분류
냉장배식대 3대 구매,미분류
UPS 배터리 60개 구매,9종
런닝머신 등 10종 구매,미분류
도서(완벽하지 않은 것들에 대한 사랑 등 22종) 구매,10종
이발가위 등 10종 구매,미분류
"베어링, 플레인형, 로드엔드형 등 2종",9종
시일링 콤파운드 등 5종,미분류
회로카드 조립체 1종,미분류
"센서, 촉각반응용 등 7종",미분류
DVD플레이어 5대,미분류
관류용 멸균 증류수 등 80종,미분류
마취기 필터 등 30종(해의원),9종
하체근력강화용 자전거 2종 구매,미분류
전기다리미 등 10종 납품,미분류
지상군 전략 및 작전수행개념 연구,10종
전장리더십 역량의 평시 개발 연구,10종
도약적 우위능력을 위한 미래 전력 창출 방향 연구,10종
주변국 지상군에 대한 부대 및 전력구조 연구,10종
동서지형의 차이를 고려한 부대 및 전력구조 연구용역,미분류
워터젯추진기용 실린더,미분류
해군 인터넷 홈페이지 개발 용역,미분류
폐목재 위탁 처리용역(52),미분류
한식간장,1종
쌈장,미분류
전자저울(150Kg) 등 4항목 구매(물자),미분류
"허스키바나엔진톱날16"" 등 57종",9종
1단 FEED ASSY 등 13건,미분류
후물용 본봉미싱부속 셋트 등 29종,미분류
"덧양말,방한용 등 6항목 구매(물자)",미분류
방위사업 원가계산 외부용역 1차,미분류
함정 선체 및 실내 청락/도장 용역,미분류
면장갑등134종구매,미분류
케이블타이등13종구매,4종
공마대등4종구매,미분류
평면연마용숫돌등38종구매,미분류
플라스틱마개등94종구매,미분류
인서트팁등340종구매,미분류
연마포등29종구매,미분류
자동기상관측장비(AMOS) 외주정비 용역,미분류
16년포렌식및거짓말탐지시스템유지보수,4종
16-4차 부대조달 (건강검진시약) 구매,미분류
(16-002) 잡석 3품목,미분류
(16-002) 혼합골재,4종
16년전자수사자료표시스템유지보수,4종
컴퓨터시스템 디지털형,미분류
써모스터 등 8품목,미분류
16년 위성망가속기(URC-700K용) 유지보수 용역,미분류
사무비품 4종 제조설치,미분류
정비피복(동.하 정비복) 제조납품,미분류
환자관찰장치 이동형 구매설치,미분류
자동세척건조기 중형 구매설치,미분류
활주로 진입등주 제조설치,미분류
16-방한복(정비사용) 제조납품,미분류
디지털 인쇄재료 4종 구매,미분류
2016년 OO기관 조경관리 용역,미분류
유아용 수면조끼 550벌,미분류
총 수명주기간 함정 안전진단 수행체계 개선방안 연구,7종
한국형 손상통제 모의훈련형 CBT 구축방안연구,10종
00함 갑판 크레인 정비,미분류
안테나 경사조절장비(LTD-11) 유압구동부 정비,미분류
노후 프린터 교체,2종
2016년 제3차 정신교육 영상교재 제작,10종
대한민국 공군 화보집 제작용역,미분류
노트북 분실방지 케이블 등 10품목,2종
사업장 생활계폐기물 처리용역,미분류
손수건 등 2품목,미분류
대테러복 등 7종,미분류
페스트로프 1롤,미분류
`16-00부대 교육장비(시뮬레이션 교육비품) 구매,미분류
회중전등 등 2종,미분류
날 1종,미분류
콜드파이어 1종,미분류
16-평-프린터 임차 용역(102대),미분류
청소용 릴호스 1종,미분류
오일레벨 게이지 등 19종 구매,미분류
야전정비-타이어 1100-20 외 12종,9종
00부대 음식물쓰레기처리 용역(16-군수-06),미분류
취사가운 등 7종,미분류
16-목-매트리스 소독 및 세척 용역,미분류
00부대 소방시설 안전검사,4종
케이블 타이 등 34품목,4종
플라이 웨이트 아세이 1종 구매,미분류
1분기 전산운영용품 구매,2종
덕트형 제습기 등 4종 구매,미분류
"로프,와이어제 등 4종",미분류
구조용 텐트 구매,2종
의자캐스터 등 259품목 구매,2종
태극기 등 148품목 구매,미분류
16-건물 청소 용역,미분류
진남관 청소 용역,미분류
함정 청수탱크 소제 및 청락/도장 용역,미분류
무인경계시스템(CCTV) 유지보수 정비,4종
’16년 KUH CMI 교육시스템 정비용역 계약,미분류
흙먼지 털이기 설치/납품,미분류
소총용 어댑터류,7종
상장용지 6종 제조 납품,미분류
체력단련장 코스관리용 농약 구매,미분류
체력단련장 코스관리용 모래 구매,4종
LPH 지휘지원체계(CSS) 유지보수 용역,미분류
2016년 의무장비 환자관찰장치 이동형(2차),8종
2016년 의무장비 이비인후과유니트 구매,8종
바나나,미분류
OO지역 간부숙소 비품 제조 / 구매 설치납품,미분류
기상장비 수리부속(데이터로거등 6종) 구매,9종
프린터 토너 등 103종 구매,2종
고성능 전기이발기 구매,미분류
복사용지 등 88품목 구매,미분류
전투용응급처치키트,미분류
모형진지 구매,미분류
1분기 전산운영용품 구매,2종
영상처리자동화시스템 구축 유지보수 용역사업,미분류
부대이전 이사화물 용역,미분류
00부대 예비군훈련장 신축(냉난방기 제조설치 납품),미분류
디지털 인쇄기 및 프린터 외주정비 용역,미분류
16~17년 AFCCS HW 유지보수 용역,미분류
X-RAY 형광분석기 구매,8종
공군 기록관리시스템 유지보수 용역,미분류
15-본-공-15 C.O.D 통신관 제조 납품,5종
함정 실내격벽 응결수 방지 청락/도장 용역,미분류
강릉병원 공조기필터 교체 설치납품,9종
00국가 사이버 정보 서비스 라이선스 구매,미분류
군숙소 도배 및 장판 교체,4종
"알곤, 공업용 가스 등 5종",3종
"야광X-밴드 2,000EA",미분류
클램프 등 20종,미분류
"통,탄산가스용 334EA",3종
1분기 전산운영용품 구매,2종
16-부 프린터 임차 용역(100대),미분류
16-Y-00지역 감시카메라(CCTV) 유지보수 용역,미분류
사무용 지우개 등 103종 구매,미분류
복사용지 등 3종,미분류
1/4분기 00부대 정보체계물품 구매,미분류
사복탁송용박스 구매,미분류
에어컨 동관 등 104종,미분류
멀티탭 등 567종 구매,미분류
"알곤, 공업용 가스 등 5종",3종
"알곤, 공업용 가스 등 5종",3종
"알곤, 공업용 가스 등 5종",3종
"알곤, 공업용 가스 등 5종",3종
16-031 항공과학고 부교재 35품목,7종
전산운영용품 51종 구매,2종
브래킷류,미분류
16-08-소개영상 제작 용역,미분류
지상전술C4I체계 2차 성능개량 비용분석,미분류
항공임무 외주정비 원가계산 검증용역,미분류
FMS 운송용역 원가계산 외부용역,미분류
16년 컬러프린터 렌탈,2종
1/4분기 교육예산 물품 구매,미분류
"빨간마후라 목티형(반팔), 백색 등 3종",미분류
(16-010) 부대운영자재 등 5품목,미분류
의무장비(4차) 치료테이블 전기식 구매,8종
의무장비(4차) 소독물품포장기 구매,8종
의무장비(4차) 간섭파치료기 구매,8종
의무장비(3차) 정수기 혈액투석용 구매,8종
의무장비(3차) 건열기 병리시험건조용 구매,8종
00부대 예비군훈련장 신축(창호 제조설치 납품),4종
1891부대 16-1차 정보체계예산 구매,미분류
휴대용GPS외주정비,미분류
헬륨가스 등 3종 제조,3종
이불커버 제조 납품,미분류
16년 생도 부교재(테블릿 PC) 구매,2종
00아파트 타일 제조,4종
00아파트 엘리베이터 제조설치,미분류
00아파트 콘크리트파일 제조,4종
유류탱크 기술검사 민간위탁 용역(3),미분류
프린터 재생토너,2종
손코팅 필름 등 286종,미분류
특수수술재료(Bone chip 2종) 구매,미분류
특수수술재료(합성골) 구매,미분류
16년 생수 구매(제조 또는 구매),미분류
'16년 일반장비(도하장비) 외주정비 용역,미분류
'16년 기동장비(냉동부식차 및 에어컨) 외주정비 용역,미분류
음식물류 폐기물처리 계약(단가제),10종
1분기 전산용품 구매(토너),2종
건전지 구매,2종
회로카드조립체 제조,미분류
잉크 등 29품목,2종
"전극,용접용 등 20종",미분류
16년 1분기 전산운영용품 구매,2종
00부대 독신숙소TV 구매,미분류
체인블럭 등 55종,미분류
세면타월 등 3종,미분류
1분기 11차 의약품 및 의료기재 구매,8종
16-인-00지역 물탱크 청소용역,미분류
시멘트 등 9종,4종
LED 다운라이트 등 113종(해의원),4종
박판.금속제 등 2종,미분류
"박판,금속제 등 29종",미분류
위장 숲녹색 등 6종,미분류
"박판,금속제 등 29종",미분류
의약품(네리소나연고 등 113종) 구매,8종
신장 스프링 등 10종,미분류
솔레노이드 밸브 등 36종,4종
전원 공급기 등 4종,미분류
추적등 등 37종,미분류
자료연동처리기(DLPS) 유지보수 정비,4종
전자식 순찰시계 등 2종,미분류
방풍용 비닐 등 6종,미분류
16년 지뢰 재탐색 및 제거용 안전장구류 구매,5종
실린더조립체,미분류
하니컴 골판지 등 6항목 구매(물자),미분류
"헹굼 첨가제, 접시닦기용(20Kg) 등 2항목 구매(물자)",미분류
잭박스,미분류
에어콤프레샤 수리부속,9종
수리부속-타이어 1100-20 외 3종,9종
소형표적기 수리부속(방-16-4),9종
자동차배관용금속관등23종구매,미분류
즉각대기 컨테이너 내부자재 설치 납품,2종
"잉곳,구리 등 3종",미분류
동원훈련장 여성편의시설 컨테이너 구매,2종
토너 등 18종 구매,2종
00부대 창고신축 예정부지 토양정밀조사 용역,미분류
'16년 프린터 임차 용역,미분류
무전극램프 등 36종,미분류
기동장비 외주정비 용역(53),미분류
00부대 예비군훈련장 신축(조명기구 제조설치 납품),4종
16년 디지털전문처리체계(DMHS) 유지보수 용역,미분류
육로화물(WRSA탄약 및 일반화물) 수송 용역,미분류
유성방청색(적갈색)페인트,4종
에폭시 도료등 6품목,4종
무광알키드 숲녹색등 8종,미분류
멸균흰우유 등 4종 구매,1종
행주 등 77종 구매,미분류
유압작동조립체(나비 밸브 200A) 1종,4종
전기밥솥 등 3종,미분류
된장 등 48품목 구매,1종
고무발 등 127종 구매,미분류
위임26차 / 1분기 직영공사 자재 납품,미분류
런닝머신 구매,미분류
합판 등 8종(16-33),4종
수저세트 등 189종,미분류
필터 등 12종 구매,9종
습기제거제 외 1종 구매,미분류
모래 등 7종 구매,4종
팬 조립체 1종,미분류
UDT 중절모 등 7종,미분류
의료기재 36종 구매,미분류
개스킷 등 16종,미분류
냉장배식대 등 2종 구매,미분류
퓨얼쿡 등 5종 구매,미분류
심정펌프 등 5종 구매,미분류
16-00부대 잠수함 실내공기질 측정 용역,미분류
예비군훈련 소집통지용 봉투납품,미분류
플로터(현수막 실사출력기) 구매,미분류
"기화기,부구 이용식 등 9종",미분류
개스킷 등 5종,미분류
밸브 카트리지 등 7종,4종
송풍기 1종,미분류
공기작동 발브 등 2종,미분류
"리셉터클, 육전 연결용 등 4종",미분류
"게이지, 전해질 수위용",미분류
동원처 예비군사격장 방송장비 납품,미분류
교육실습용 케이블 및 절연슬리브 구매,4종
우레탄호스 등 20종,미분류
스웨이징 슬리브 등 6종,미분류
00부대 라디에이터(동관삽입형) 구매,미분류
전기튀김기 1구 등 15종,미분류
에어컨오일 1종,미분류
국통 등 2종 구매,미분류
사과 등 4종 구매,미분류
혼합프레스햄 등 9종 구매,1종
단무지 등 94종 구매,미분류
전투실험 연구용역,미분류
전투실험 연구용역,미분류
"세탁기,트레일러탑제식",7종
무정전전원장치(항행안전) 유지보수,4종
치약(100g) 6항목 구매(물자),미분류
무정전전원장치(방공관제) 유지보수,4종
장의자 구매,2종
로드셀 등 23종 구매,미분류
항공기 유도장비 / 계기착륙장비 외주정비 용역,미분류
UH-60시뮬레이터,7종
2016년 00부대 청소 용역,미분류
비행조종장치용 시험세트 구매,미분류
16년 교과목형 CBT 개발 용역,미분류
의료가스중앙공급장치 구매설치,3종
수술드릴및쏘셋전기식 구매,미분류
체력단련장 비료 구매,미분류
체력단련장 농약 구매,미분류
16-병기 보관가방 등 17종 구매,미분류
16-스키부츠 등 3종 구매,미분류
16-피탄 고글(헌병용) 등 4종 구매,미분류
전자동혈압계 등 3종 구매,미분류
대전병원 생화학자동분석기 소모품 60종 구매,미분류
보코더 특성분석 플랫폼 개발 연구용역,미분류
인쇄재료 7종 구매,미분류
'16년 전반기 모범장병 및 군무원 국내시찰 여행 용역,미분류
00지역 정수약품 구매,3종
Pin Board 등 88종구매,미분류
엡손칼라잉크 등 54종,2종
안전벨트 162EA,미분류
'16-00부대 전세버스(45인승) 임차용역,미분류
` 16-00부대 의무수의사관 임관 호부 제조 납품,미분류
`16-00부대 교육장비비(RGB리피터 등 8종) 구매,미분류
16-덕-CCTV유지보수 용역,미분류
도서(파워포인트 디자인 수업) 등 644종,10종
임관사령장 외지 등 26종,미분류
형광등 등 45종 구매,미분류
내열페인트 등 69종 구매,4종
방탄헬멧(대테러) 1종,2종
권총벨트/권총집 1종,7종
"헬멧, 안전용 등 9종",미분류
비석면 가스켓 등 3종,3종
16년 방공포대 지뢰 재탐색 및 제거작전 물품 구매,5종
손질포 1종,미분류
작전장갑 등 3종,미분류
16-00부대 정수기 7대 임차 용역,미분류
방부목피스 등 120종,미분류
16년 지뢰 재탐색 및 제거작전 물품 구매,5종
"고무장갑 40,312PR",미분류
부직포 등 1종,미분류
국군체육부대 소방시설 점검용역,미분류
시그마 매트 등 4종,미분류
마네킨 등 5종,미분류
00지역 방송장비,미분류
인쇄용지 7종 구매,미분류
구내방송장치 제조 설치,미분류
비닐봉투 등 40품목 구매,미분류
콩조림 등 7종 구매,미분류
돈등뼈 등 6종 구매,미분류
배추썰은 포기김치 등 8종 제조 납품,1종
콜라 등 11종 구매,미분류
케이블크로스오버 등 14종,4종
무정전 전원공급장치 유지보수 정비,4종
함정 바라스트 탱크 소제 용역,미분류
함정 유류탱크 소제 용역,미분류
통신운영용품(토너 등 155종),2종
16년 CCTV 정비용역,미분류
카트리지 3종 구매,미분류
"'16년 상승레스텔 등 식자재 납품(서울,경기)",미분류
향토예비군의 날 기념품(타월) 제조구매,10종
00지역 축성도구 및 시설자재 구매,4종
순회연주회 버스임차,미분류
정보생산전파장비 유지보수,미분류
서바이벌 훈련용 페인트 볼 구매,4종
다목적 항무지원정 함형 발전 연구,10종
'16년 1/4분기 전산운영용품 구매,2종
보온대(주머니난로) 구매,미분류
'16년 액화석유가스 구매 계약,3종
1분기 정보체계운영용품 구매,미분류
자폐식입식수전 등 30종 구매,미분류
페니라민정 등 70종 구매,미분류
디지털도어록 259개,미분류
'16년 액화석유가스 구매 계약,3종
에어 구리스 펌프 등 125품목 구매,미분류
삼중활차 도르레 등 4품목 구매,미분류
회로카드 조립체 1종,미분류
항만경비정 추진기관(MTU16V2000 M91) 정비,미분류
폐목재 위탁 처리 용역(5),미분류
부품국산화율 산정방식 등  제도 개선방안 연구,9종
예비군부대 일반물자(2차) 구매,미분류
독수리 식자재(가공),미분류
독수리 식자재(축산),미분류
독수리 식자재(수산),미분류
독수리 식자재(농산),미분류
2016년 과학화경계시스템(CCTV) 외주정비 용역,미분류
알루미늄 합금판 등 8품목,미분류
다용도 사물함 등 617종,미분류
AED배터리 등 3종,9종
물자저장 컨테이너(3동) 제조납품(K-5),2종
'16년 화학물자 구매,미분류
왕복동식 공기 압축기,미분류
"바,금속제 등 27품목",미분류
행정 각대봉투 등 330종 구매,미분류
Adapter Board 등 2종 구매,미분류
차량 수리부속(머플러 앗세이-리어 등 73종) 구매,9종
복사용지 등 86종,미분류
'16-K-소형무인항공기(UAV) 외주정비 용역,미분류
IP 전화기 등 6품목(16-33호),2종
"소켓,소켓 렌치용 등 192종",미분류
"플랜지,파이프용 등 27종",4종
16-평-정수기 임차 용역(57대),미분류
무정전 전원공급기 외주정비용역,미분류
16-00전비 영외양수장 시설관리 용역,미분류
16년도 전반기 디지털인쇄기/컬러복합기 재료 구매,미분류
아산화질소 1항목 구매(물품),3종
나프탈렌 2항목 구매(물품),미분류
견인테이블 경요추용 등 6항목 구매(물품),미분류
"스폰지,이발용 등 9항목 구매(물자)",미분류
이발용 가위 4항목 구매(물자),미분류
비강지혈거즈1항묵 구매(물품),8종
군어린이집 교재 구매,미분류
휴대용 고압 세척기 등 2종,미분류
00부대 전산운영 소모품 구매,2종
국방우주력 발전을 위한 민·군 기술협력 방안 연구,10종
향방물자 컨테이너 제조 구매,2종
철사각관 등 56종,미분류
00지역 소방시설 종합정밀점검 용역,미분류
유체정역학 유니트 등 6품목,미분류
통신장비(주둔지과학화경계시스템) 외주정비 용역,미분류
통신장비(CCTV) 외주정비 용역,미분류
장비운영소모품 외과장비(24차) 구매,미분류
의료기재(20차) 구매,미분류
통신장비(상층기상관측장비) 외주정비 용역,미분류
롤백상지등 184품목,미분류
"수송대대 충전기 케이블 등 32품목(16-022, 023)",4종
00학교 테니스라켓 등 4종 구매,미분류
통신장비(기상관측장비) 외주정비 용역,미분류
근속 30주년 기념휘장 제조,미분류
16년 OO부대 청소용역(2),미분류
세척제(총강용) 구매,미분류
15-본-공-15 파상형경질폴리에틸렌전선관 제조 납품,4종
공군휘장 제조,미분류
디지털 인쇄기 구매,미분류
병사피복(반코트) 제조납품,2종
모래주머니 제조,4종
16-근속 30년 기념휘장(뺏지) 등 3종 제조납품,미분류
저 전송률 보코더 개발 연구용역,미분류
수지틀 액자 등 223종,미분류
'16년도 도청탐지시스템 외주 용역,미분류
참치통조림 등 8종 구매,미분류
참치통조림 등 8종 구매,미분류
참치통조림 등 8종 구매,미분류
참치통조림 등 8종 구매,미분류
참치통조림 등 8종 구매,미분류
참치통조림 등 8종 구매,미분류
참치통조림 등 8종 구매,미분류
참치통조림 등 8종 구매,미분류
16년 세탁용역(유니폼 등 00종),미분류
2016년 제2차 정신교육 영상교재 제작,10종
16년 정수기 임차용역,미분류
16-1차 식품검사대 검사재료 구매,미분류
'16년 LPG계약,3종
'16년 LPG계약,3종
16-018 군수처 취사연료(LPG가스),3종
공기흡입관 등 2종,미분류
클린징크림 등 30종 구매,미분류
교육실습재료 등 210종 구매,미분류
포기김치 등 3종 제조 납품,1종
버스(45인승) 1대 임차 용역,미분류
볼펜 등 150종,미분류
16-00부대 침구류(매트리스) 세척 및 소독 용역,미분류
알루미늄 합금판 등 9종,미분류
병영도서관용 서가 제작설치,10종
00학교 버스임차 용역,미분류
면보루 등 31종 구매,미분류
의약품(무코스타 정 등 76종) 구매,8종
정비작업대 등 25종 구매,미분류
16-평-저수조 청소 용역,미분류
1분기 교육비품 등 20종 구매,미분류
티꽂이매트 등 16종 구매,미분류
부이 샤클 등 2종 구매,미분류
흑백레이저프린터 토너 등 14종 구매,2종
디지털 카메라,미분류
영선 및 설비시설 자재구매(각 파이프 등 94종),4종
전기시설 자재구매(메탈스위치 등),4종
수중VTR 2SET,미분류
와이프올 습윤 세정 타올 등 20종 구매,미분류
16-1차 아크부대 재보급물자 항공수송 용역,미분류
16-026 소파테이블 등 20종,미분류
HOT PLATE 등 7종 구매,미분류
AED패드 필립스 등 5품목,미분류
이륜차 바퀴 등 15종,미분류
아스팔트 콘크리트 표층용 등 2종,4종
이동식 충전 앰프 등 2종,미분류
캐노피 천막 4EA,2종
L.O 필터 등 10종 구매,9종
국자 등 49종,미분류
치킨 포장용기 구매,미분류
'16년 대전병원 핵의약품(체내검사용) 구매,8종
16-1차 항과고/훈련단 식당 부식물 구매,1종
"호스조립체,비금속제 등 27종",미분류
1분기 전산용품 구매,2종
양주병원 공조기필터 교체 설치납품,9종
홍천병원 공조기필터 교체 설치납품,9종
춘천병원 공조기필터 교체 설치납품,9종
16-1차 교관용 참고도서 구매,10종
목재도어락 등 131종,4종
이동작업대 등 0종 구매(국가기술자격검정 실습장비),미분류
'16-6-소방종합 정밀점검 용역,미분류
잔농속성시약 등 00종(식품검사재료) 구매,미분류
00함 인원이송용 승강기 정밀안전검사 용역,미분류
페인트 등 471점,4종
16년 신병교육 및 분대장 양성교육 물품 구매,미분류
체력단련장 소토사 구매,미분류
차량용품(엔진오일등 140종),3종
민수차량타이어 및 배터리 등 20품종,9종
수도병원 마약의약품 12종 구매,8종
수도병원 일반의약품 589종 구매,8종
대형 콘크리트절단기 구매,4종
해외파병 예방약품 5종 구매,미분류
13-본-국대-01 00학교이전 맨홀뚜껑 3종 제조,미분류
'16년 정보분석지원체계 유지보수 용역,미분류
병리장비 운영소모품 46종 구매,미분류
지뢰제거작전용 안전장구류(7종) 구매,5종
13-본-국대-01 00학교이전 공조용 소음기 제조,미분류
임상병리 위탁 및 수탁 검사용역,미분류
유성매직 등 747품목,미분류
복사용지 등 133품목,미분류
흡연 부스 제작설치,미분류
'16년 육로수송(일반화물임) 용역,미분류
배선용 차단기 등 97종,4종
쇄석 등 3종(16-026),미분류
16-036 가스보일러,3종
정수기 000대 임차계약,미분류
초음파 가습기 등7종,미분류
발간재료(용지) 구매,미분류
발간재료(현수막) 조달,미분류
소파 등 15종,미분류
1/4분기 교육예산(위장크림 등 85종),미분류
2016년 모범장병 나라사랑 투어 버스임차 용역,미분류
복사용지 등 4종,미분류
'16년 해본지구 정수기 임차 용역,미분류
16-평-식당 위탁방제 용역,미분류
"바,금속제 등7종",미분류
"광택제,금속용 등 2종",미분류
16-교학과 현장학습 버스임차용역,미분류
의료용 액화질소 등 23종,3종
제6회 호국미술대전 홍보물 제작 용역,미분류
수소가스 구매,3종
특수선복 구매,미분류
철파이프등3종구매,4종
16년 현역 및 보충역 군장품 구매,미분류
스폰지등42종구매,미분류
늄합금봉등14종구매,미분류
마사각강등48종구매,미분류
페인트붓등33종구매,4종
알미늄봉등6종구매,미분류
고무판등9종구매,미분류
동파이프등2종구매,4종
냉난방기 설치납품(위임6),미분류
민군 협업을 통한 게임형 Train-ment(가칭) 개발방안,미분류
00부대 업무용 프린터 구매,2종
A-1부대 등 4개 부대 소방시설 자체점검 용역,미분류
휴대용 정밀측정장비(스펙트럼) 구매,7종
00부대 브리핑 시스템 교체,미분류
보급근무분야 민간위탁 용역(2),미분류
보급근무분야 민간위탁 용역(1),미분류
"화인코트지, 모조지 구매",미분류
인쇄장비 판출력기 LD Unit 교체정비 용역,미분류
육상발전기 100KW 엔진 정비,9종
증식류 용기어묵 구매,미분류
16년 식자재 민간위탁배송 용역,미분류
'16년 생도모집 홍보물 / 디자인 제작 용역계약 의뢰,미분류
16년 작사청사 및 기동사청사 청소용역,미분류
태극마크,미분류
형광램프외 61종 구매,미분류
산도측정기 등 16종 구매,7종
16-평-지정폐기물(폐오일필터) 처리용역,미분류
전화 영어교육 용역,미분류
16년 해병대 교범 번역 용역,미분류
트래픽페인트등 3품목,4종
1/4분기 흑백토너(SL-3320ND) 등 전산소모품 구매,2종
유흡착패드 등 98종 구매,미분류
수지 액자 등 692종 구매,미분류
프리미엄 고광택 포토용지 등 138종 구매,미분류
광컨버터 등 120종 구매,미분류
담금세정제 등 9종 제조,미분류
정비사점검복 제조,미분류
16-J-부대 소개영화 제작 용역,미분류
"덮개,안전선용 등 5종",4종
자동기상관측장비 등 6종 유지보수 정비,미분류
"고임쇠,철제,소형 등 5항목 구매(물자)",미분류
"세척제,일반목적용(20Kg) 1항목 구매(물자)",미분류
2016년 군용항공기 감항인증 국제회의 행사진행,7종
양면테이프 등 489종,미분류
76mm 철갑고폭탄 비용분석,미분류
육군경비정 추진기관 정비,미분류
16년 임대 프린터 용역,미분류
식기세척기 임차용역,미분류
육군 통합 응용체계 '16년 기능개선 사업,미분류
수도병원 치과재료 268종 구매,미분류
수도병원 수술포류 30종 구매,미분류
수도병원 외과장비소모품(4) 10종 구매,미분류
수도병원 병리재료 126종 구매,미분류
국방전자자료 유출방지체계 유지보수 및 성능개선용역,미분류
군수물자관리 RFID 체계 유지보수 용역,미분류
특수전 모의훈련체계 유지보수 용역,미분류
발굴장비 및 발굴물자 구매,미분류
UPS배터리 설치납품,9종
사무실 칸막이 설치(이설) 및 철거(연간 단가계약),미분류
16년 국방부 전화친절도 조사,10종
우리 군 합동성 진단 및 합동성 강화 발전 방안,미분류
"임시숙영시설 컨테이너 운반 용역(경남-증평,충주)",미분류
임시숙영시설 컨테이너 운반 용역(충남-증평),미분류
조리병교육대 교육 재료,미분류
00대대 수송부정비고 크레인 설치납품,미분류
16-평-000체력단련장 방제 용역,미분류
계란 등 14종 구매,미분류
부직포 구매,미분류
비닐장판 구매,4종
플라스틱 파레트 구매,미분류
'16-00의료원 폐수처리시설 위탁관리용역,미분류
저장대 구매,미분류
휴대용 호흡용 고압공기압축기 1종,미분류
스모크햄 등 2종,1종
재생토너 등 29종,2종
돈등뼈 등 7종,미분류
간장고추지 등 12종,1종
일반우유 등 19종,1종
배추김치 등 8종,1종
감귤 등 14종,미분류
감자수제비 등 87종,미분류
유도등 1종,미분류
중파송신기 유지보수 정비,4종
00부대 냉온정수기 임차용역,미분류
전반기 정신교육 영상교재(국가관) 제작 용역,미분류
전반기 정신교육 영상교재(안보관) 제작 용역,미분류
전반기 정신교육 영상교재(군인정신) 제작 용역,미분류
군어린이집 교구 구매,미분류
"잉곳,주석-청동용 등 6종",미분류
2016년 국방기술을 활용한 창업 경진대회 시행,미분류
K9베어링구매,9종
액상황산알루미늄등12종구매,미분류
도장기(완성장비용)컨베이어 PLC CPU 등 7종 구매,미분류
종이타올,미분류
(16-005) 공기충전기,미분류
신병교육 행정용품(문구류) 구매,미분류
교향악대 순회연주회 트럭임차,미분류
16년 전반기 전산운영용품 구매(2016-2002),2종
16년 디지털 인쇄재료 구매(2016-2001),미분류
50차 의약품 구매,8종
소방시설 작동기능 점검용역,미분류
의약품 및 의료기재 구매(K-3),8종
축성재료(사낭등 8종),미분류
취사기구(밀폐용기등 11품목),2종
기념품(벨트등 5종),10종
시뮬레이터 자이로스코프,7종
수도병원 외과장비소모품(2) 24종 구매,미분류
수도병원 외과장비소모품(1) 37종 구매,미분류
수도병원 외과장비소모품(3) 66종 구매,미분류
수도병원 일반재료 248종 구매,미분류
16-잠수함 전투복 제조납품,7종
00공사 관급자재 가스절연부하개폐기 구매,미분류
00부대 전산통신 및 감시방송장비 유지보수 용역,미분류
16-1차 한빛부대 재보급 해상/내륙 수송용역,미분류
도어록 등 31종,미분류
플라스틱 소변컵 등 169종,미분류
무초산형 실리콘 등 461종,미분류
포토용지 등 279종,미분류
덴티안 미러핸들 등 152종,미분류
쌀떡볶이 구매(구매 또는 제조),1종
'16년 화물수송 용역,미분류
포제명찰 및 계급장 루프테이프 부착,2종
전기안전관리대행 용역,미분류
16년 식기세척기 임차용역,미분류
"16년 정수기 임차용역(대형 2대, 일반 204대)",미분류
전력변환기 및 주파수변환기 야전 외주정비 용역,미분류
16년 액화석유가스(LPG) 구매,3종
16년 정수기 임차 및 유지보수 관리 용역,미분류
개스켓 등 64품목,미분류
땜질 합금.은제 등 12종,미분류
출입통제시스템 유지보수,4종
항공기세척기 1EA,7종
색안경 등 4종,미분류
홀컵 등 19종 구매,미분류
배출호스 등 124종,미분류
면도날 등 47종 구매,미분류
훈련장 울타리 기초공사 자재구매,미분류
승강기 관리용역,미분류
냉동꽃게 등 5종,미분류
연어통조림 등 11품목,미분류
16년 항온항습기(6대) 연간 유지보수 계약,4종
초강력 먼지 제거제 등 828종 구매,미분류
복사용지 A4 등 687종 구매,미분류
바.금속제 등 3종,미분류
포스트잇 인덱스탭 등 46종,미분류
행정소모품(복사용지) 구매,미분류
무정전전원장치 등 84품목 구매,미분류
세수비누 등 19품목 구매,미분류
약기 등 5종,미분류
국수(소면) 등 13종 구매,1종
화강석(황등석) 8종 제조,미분류
해류유속계 등 8종,미분류
풀페이스 마스크 등 8종,미분류
행정소모품(복사용지) 구매,미분류
16년 식기 세척기 임차 용역,미분류
00부대 간부식당 식자재 구매(육류),미분류
"00부대 간부식당 식자재 계약(농수산,가공품 등)",미분류
예비군부대 일반물자 구매,미분류
플러스펜 등 14종 구매,미분류
시추공 매몰방지용 자재(PVC) 제조구매,미분류
인쇄용 고무롤러 피복 및 베어링 교체 용역,미분류
잉크 2종 구매,2종
스위치 등 71종,미분류
체력단련장 골프용품(티꽂이등 23품목),미분류
체력단련장 줄자등 51품목,미분류
의약품(마데카솔등 103종),8종
군 숙소 청소 용역,미분류
복사지 등 210종 구매,미분류
관사 리모델링 창호 구매 및 설치,4종
의무장비(전기수술기내시경용) 구매 계약,8종
병리장비 운영소모품 37종 구매,미분류
병리장비 운영소모품 39종 구매,미분류
병리장비 운영소모품 20종 구매,미분류
병리장비 운영소모품 63종 구매,미분류
병리장비 운영소모품 23종 구매,미분류
병리장비 운영소모품 89종 구매,미분류
육군 부대기(11종) 제조,미분류
군화물 육로 수송 용역,미분류
관사 리모델링 창호 구매 및 설치,4종
의무장비(폐기능측정기) 구매 계약,7종
의무장비(전기수술기병원용) 구매 계약,8종
의무장비(전기수술기내시경용) 구매 계약,8종
의무장비(소생기야전용 등 4건) 구매 계약,8종
군 숙소 보일러 설치납품(단가),미분류
예비군중대 PC 및 프린터 정비용역(C연대),미분류
예비군 프린터 유지 및 PC정비 용역(B연대),미분류
"표시기,산소유출용 1종",3종
1/4분기 안테나 제작 소요자재 제조 구매,미분류
스터비 라쳇핸들 등 469종,미분류
모집홍보용 책자 및 포스터 인쇄 용역,미분류
"봉합재, 전구용 등 3종",미분류
"엔진 블록, 디젤식 1종",4종
수전용 리셉터클 등 12종,미분류
램프 등 7종,미분류
충전기 모듈 등 9종,미분류
보상기 등 2종,미분류
유압펌프 1종,미분류
00지역 예비군 운송(남양주시),미분류
00지역 예비군 운송(구리시),미분류
예비군 프린터 유지 및 PC정비 용역(A연대),미분류
1/4분기 정보체계용품 구매,미분류
축구부운동용품(트레이닝화등 2품목),미분류
00부대 식기세척기 임차용역(16-군수-03),미분류
16년 교전모의기(시뮬레이터) 운영유지 용역계약,미분류
정수약품 구매,3종
스톰밸브 1종 구매,4종
"전지, 축전지 등 16종 구매",2종
대붙이목돌림 온냉수 혼합꼭지외 2종 구매,미분류
결재판 등 157종,미분류
"게이지, 전해질, 수위용 1종",미분류
회로카드 조립체 등 2종,미분류
가스켓 링 등 16종,3종
냉.온 정수기(4대) 임차 용역,미분류
"'16년 해본지구 냉,온수기 살균소독 용역",미분류
"개스킷,실린더 헤드용 등 13종",미분류
함정용 위성방송수신안테나 유지보수 정비,4종
점화플러그 등 22종,미분류
"플렌지 너트 1,000EA",9종
16-해군 장병 정신교육용 영상교재 제작 용역,미분류
액화석유가스(LPG) 구매 계약,3종
"세제,세탁용 등 2항목 구매(물자)",2종
예비군부대 사무집기 구매,미분류
예비군부대 향방물자 구매,미분류
예비군부대 의무물자 구매,8종
특수강등3종구매,미분류
00학교 종합정보체계 유지보수 용역,미분류
폴리우레탄신나구매,미분류
스프링등6종구매,미분류
인청동판등3종구매,미분류
"00부대 물절약 투자대행사업(WASCO, 15-B107)",미분류
취사 및 장비용 연료(LPG) 납품,미분류
2016년 승강기 관리 용역,미분류
2016년 전기안전관리자 대행 용역,미분류
2016년 오폐수시설 관리 용역,미분류
고정형 전술항법장비(FAL-2010) 유지보수 용역,미분류
종합정보전시체계 유지보수 용역,미분류
16년 의무장비(혈액응고측정기) 구매,7종
16년 의무장비(심장세동제거기) 구매,8종
16년 의무장비(고주파수술기) 구매,8종
16년 의무장비(비인후경) 구매,8종
전기이발기 등 2종 구매,미분류
의약품(알레그라디정) 등 123종,8종
파이프 커플링 등 336종,4종
16년 어학강좌 운영 용역,미분류
국방 암호정책 및 암호장비 개발 발전방안,7종
'16년 대전병원 핵의학품(체외검사용) 구매,미분류
테너트럼본 등 7종,9종
밸브 조립체 등 6종,4종
1분기 정보체계물품 구매,미분류
"밸브, 솔레노이드용 등 2종",4종
배기관 자바라 등 8종,미분류
밸브 포핏 조립체 등 19종,4종
스탑 밸브 1종,4종
00장치 체계적용 비행실험 사후원가검증 용역,미분류
16-S-01 전세버스 임차 용역,미분류
16-임대 프린터 임차 계약,2종
'16-00부대시뮬레이션 Simman 3G 등3종유지보수용역,미분류
16년 소방종합 정밀점검 용역,미분류
빔프로젝터 등 12종 구매,미분류
제본표지 등 15종,미분류
'16-00부대 영상장비 및 기타장비 유지보수 용역,미분류
'16-00부대 원격교육 스튜디오 장비유지보수 용역,미분류
통해관 및 손원일관 등 방역 용역,미분류
"16-목-지정폐기물(폐유고상, 폐페인트) 처리용역",미분류
16-평-식기척기 임차 용역(5대),미분류
폐주물사 30톤 재활용 처리용역,미분류
'16-00부대 응급구조와응급처치도서등4종구매,10종
영상편집시스템(REDSUN HD-C40) 등 3종,미분류
계룡대 해미르 어린이집 교구교재 구매,미분류
16-해군 문화공연행사 대행 용역,미분류
군사시설 건축공법(경량화) 개선 연구,4종
군사시설 건축공법(경량화) 개선 연구,4종
"센서, 촉각반응용 등 4품목",미분류
16년 민간위탁 배송용역,미분류
자동차 동력 전달 제어 장치,미분류
나이프 스위치 10EA,미분류
전산장비 유지보수 용역,미분류
2016년 응용관리체계 고도화 유지보수 용역,미분류
배추김치(포기) 등 10종 제조,1종
배추김치(포기) 등 10종 제조,1종
배추김치(포기) 등 10종 제조,1종
배추김치(포기) 등 10종 제조,1종
배추김치(포기) 등 10종 제조,1종
배추김치(포기) 등 10종 제조,1종
배추김치(포기) 등 10종 제조,1종
배추김치(포기) 등 10종 제조,1종
배추김치(포기) 등 10종 제조,1종
배추김치(포기) 등 10종 제조,1종
모듬콩조림 등 14종 구매,미분류
모듬콩조림 등 14종 구매,미분류
모듬콩조림 등 14종 구매,미분류
모듬콩조림 등 14종 구매,미분류
모듬콩조림 등 14종 구매,미분류
모듬콩조림 등 14종 구매,미분류
모듬콩조림 등 14종 구매,미분류
모듬콩조림 등 14종 구매,미분류
모듬콩조림 등 14종 구매,미분류
모듬콩조림 등 14종 구매,미분류
모듬콩조림 등 14종 구매,미분류
모듬콩조림 등 14종 구매,미분류
모듬콩조림 등 14종 구매,미분류
모듬콩조림 등 14종 구매,미분류
증·후식류 생수 구매,미분류
군장품(포제약장 등 7종) 제조,미분류
아세톤 등 3종,미분류
"16년 대공표적기지원용역(오리콘, 비호용)",미분류
건의함 등 354종,미분류
메모리폼 마우스 패드 등 297종,미분류
글루코바이 정 등 37종(의약품),8종
16-평-일반폐기물(폐목재) 처리용역,미분류
오일유니트(대) 등 11품목,미분류
LED 채널 간판 구매,4종
에어파스 등 64품목 구매,미분류
입시홍보물품(포스트잇 등 2종) 구매,10종
삼상유도전동기 등 113종,미분류
레스큐 스트롭 등 9종,미분류
16-ㅇㅇ창 폐사(P/S BALL)재활용 처리용역,미분류
'16년 부식 민간위탁배송 용역,미분류
계산기셋트(KM28) 등 4항목 구매(물자),미분류
액체알곤 등 5종 구매,미분류
프린터 임대 용역,미분류
음식물류 폐기물 처리용역,미분류
북한 및 해외 간행물 구매,미분류
지퍼백등18종구매,미분류
16-1차 시추공 매몰방지용 자재(흑관 등 9종) 구매,미분류
16년 1/4분기 전산운영용품 구매,2종
생도 태블릿 PC 구매,2종
특수수술재료(금속성ANCHOR 등 2종) 구매,미분류
특수수술재료(인대고정용 등 7종) 구매,미분류
진동분석장비 구매,미분류
16-18년 컴퓨터체계 통합유지보수 용역,미분류
병원장비 소모품 109종 구매,미분류
의약품 293종 구매,8종
의료재료 268종 구매,미분류
16-1차 기술교범 외주번역 용역,미분류
00부대 F-15K 저장고 신축공사 수배전반 제조 설치,미분류
복사용지 등 207종,미분류
군사자료 DB 구축 용역,미분류
2016년 국방부 외국어교실,미분류
해안경계 임무전환 관련 안보상황 평가체계 연구,10종
'16년 폐기물 위탁처리 용역,미분류
예비군 도시락 제조납품(1권역),1종
정수기 임차용역(171대),미분류
포스트카본 필터 등 2종,9종
"등,연장형 등 3종",미분류
제트스트림볼펜 등 535종,미분류
라우터 등 36품목 구매,미분류
16-동 일반폐기물 처리용역,미분류
복사용지 등 95종 구매,미분류
'16-00회관 별관 전기안전 관리용역,미분류
기타유지물자(비닐),10종
오렌지 등 9종 구매,미분류
근속 30주년 기념휘장 등 3종 제조 구매,미분류
00지역 음식물쓰레기 위탁처리 용역(44개소),미분류
치과용 캐비닛 1항목 구매 설치(물품),미분류
항공유 시료채취병 등 17품목,3종
순살조각닭 등 6종 구매,미분류
냉장염지조각닭 등 7종 구매,미분류
LBP-6535K 토너/드럼(슈퍼재생) 등 7항목 제조,2종
HP-CLJ5550DN 검정(정품) 등 70항목 구매,미분류
흑구습구온도계 등 4항목 구매(물품),미분류
이마형 체온계 등 7항목  구매(물품),미분류
수술용 칼 5항목 구매(물품),미분류
에프시 듀라토프 디피 등 20품목,미분류
에프시 듀라토프 디피 등 20품목,미분류
에프시 듀라토프 디피 등 20품목,미분류
신교대대 식기세척기 임차,미분류
어린이집 비품 32종 구매,미분류
어린이집 취사 비품류 100종 구매,미분류
어린이집 교구교재 310종 구매,미분류
어린이집 가전제품 22종 구매,미분류
16년 대공표적기지원용역(발칸용),미분류
1분기 정보체계 운용용품 구매,미분류
'16-6-실내공기질 측정 용역,미분류
00부대 군숙소 청소 용역,미분류
동대 프린터 렌탈,2종
유수분리기 필터,9종
00지역 식기세척기 임차용역,미분류
'15년 정보보호체계 교체사업 리스,미분류
체력단련장 코스관리자재 비료 구매,미분류
체력단련장 코스관리자재 농약 구매,미분류
'16년 인터넷 유해사이트 차단체계 교체사업,미분류
"16-해군특전 전투복(상, 하)제조 납품",미분류
16-고속정 항해복 제조 납품,미분류
체력단련장 코스관리자재 모래 구매,4종
인쇄소모용품 11종 구매,미분류
바인더 등 263종,미분류
플라이형 제침기 등 183종,미분류
마포대 등 504종,미분류
플라스틱 제본링 등 854종,미분류
멸균딸기우유 등 2종 구매,1종
멸균딸기우유 등 2종 구매,1종
이온음료 등 2종 구매,1종
이온음료 등 2종 구매,1종
냉면육수 등 31종 구매,미분류
냉면육수 등 31종 구매,미분류
냉면육수 등 31종 구매,미분류
냉면육수 등 31종 구매,미분류
냉면육수 등 31종 구매,미분류
냉면육수 등 31종 구매,미분류
냉면육수 등 31종 구매,미분류
냉면육수 등 31종 구매,미분류
냉면육수 등 31종 구매,미분류
냉면육수 등 31종 구매,미분류
냉면육수 등 31종 구매,미분류
냉면육수 등 31종 구매,미분류
냉면육수 등 31종 구매,미분류
냉면육수 등 31종 구매,미분류
냉면육수 등 31종 구매,미분류
냉면육수 등 31종 구매,미분류
냉면육수 등 31종 구매,미분류
냉면육수 등 31종 구매,미분류
냉면육수 등 31종 구매,미분류
냉면육수 등 31종 구매,미분류
냉면육수 등 31종 구매,미분류
냉면육수 등 31종 구매,미분류
냉면육수 등 31종 구매,미분류
냉면육수 등 31종 구매,미분류
냉면육수 등 31종 구매,미분류
냉면육수 등 31종 구매,미분류
냉면육수 등 31종 구매,미분류
냉면육수 등 31종 구매,미분류
냉면육수 등 31종 구매,미분류
냉면육수 등 31종 구매,미분류
2016년 영선자재 구매,미분류
의장대대 행사용품 구매(해군 의장마크 등 00종),미분류
00지역 식기세척기 임차용역,미분류
바나나 구매,미분류
16년 군 부식 민간위탁배송 용역,미분류
"부품키트, 스로틀, 조절레버용 등 17품목",9종
"밸브, 솔레노이드용 등 22품목",4종
4색 볼펜 등 134종 구매,미분류
가죽손목시계 등 4품목,미분류
1분기 6차 의료기재 구매,미분류
중간하중용 앵카 등 65종,미분류
16- 승강기 정기점검 용역,미분류
OO지역 폐기물 처리용역,미분류
충전용 렌턴 PCB 등 9종 구매,2종
정보보호체계 유지보수,4종
부대 의약품 및 의료기재 등 구매,8종
45인승 버스 3대 2회 임차용역,미분류
도서(최강건설기계 정비 기능사) 등 192종,미분류
프린터 잉크 등 48종,2종
토너(재생) 등 12종,2종
심전도계,미분류
에어컨(18.7㎡) 48대 구매 설치,미분류
치간칫솔 등 72종(치과재료),미분류
제도샤프 등 226종,미분류
16-평 0000관 외벽 청소 용역,미분류
라우터 케이블 등 145품목 구매,4종
일반고무판 등 211품목 구매,미분류
페이퍼 타올 케이스 등 99품목 구매,미분류
HIV 2.5SQ전선 등 224품목 구매,4종
컨테이너 1대 구매,2종
1/4분기 전산운영용품 물품구매,2종
볼펜 등 438품목 구매,미분류
마가렛트 등 43품목,미분류
깻잎무침 등 12품목,미분류
그린키위 등 28품목,미분류
감자수제비 등 23품목,미분류
반판두부 등 14품목,1종
16-동 건물 위생관리 청소용역,미분류
무김치 등 8종 제조 납품,1종
토너(P3005/Q7551) 등 53종 구매,2종
구두솔 등 843종,미분류
마술용품 등 126종,미분류
체력단련장 비료 구매,미분류
16-025 가공탕수육등 165종,미분류
"항-16-002, 003 냉장고 극저온식 병원용 등 4종",미분류
핫플레이트등 2품목,미분류
복사용지 구매,미분류
해물모듬완자 등 31종 구매,미분류
해물모듬완자 등 31종 구매,미분류
해물모듬완자 등 31종 구매,미분류
해물모듬완자 등 31종 구매,미분류
해물모듬완자 등 31종 구매,미분류
해물모듬완자 등 31종 구매,미분류
해물모듬완자 등 31종 구매,미분류
해물모듬완자 등 31종 구매,미분류
해물모듬완자 등 31종 구매,미분류
해물모듬완자 등 31종 구매,미분류
해물모듬완자 등 31종 구매,미분류
해물모듬완자 등 31종 구매,미분류
해물모듬완자 등 31종 구매,미분류
해물모듬완자 등 31종 구매,미분류
해물모듬완자 등 31종 구매,미분류
해물모듬완자 등 31종 구매,미분류
해물모듬완자 등 31종 구매,미분류
해물모듬완자 등 31종 구매,미분류
해물모듬완자 등 31종 구매,미분류
해물모듬완자 등 31종 구매,미분류
해물모듬완자 등 31종 구매,미분류
해물모듬완자 등 31종 구매,미분류
해물모듬완자 등 31종 구매,미분류
해물모듬완자 등 31종 구매,미분류
해물모듬완자 등 31종 구매,미분류
해물모듬완자 등 31종 구매,미분류
해물모듬완자 등 31종 구매,미분류
해물모듬완자 등 31종 구매,미분류
해물모듬완자 등 31종 구매,미분류
소형전술차량 시설사업 선행연구,7종
정통대대 및 51전대 렌탈프린터 임차용역,미분류
정통대대 흑백 토너(HL-5150D) 등 25종(16-013),2종
손목시계 제조납품,미분류
시설대대 스틸그레이팅 등 27종(16-005),4종
00학교 조직행동론 등 11종 구매,미분류
부분순간냉각제등19종구매,미분류
1/4분기 전산운영용품 구매,2종
증식류 크림빵 구매,미분류
16-3차 부대구매,미분류
'16년도 프린터 임차,2종
국방통계시스템 네트워크 장비 구축,미분류
의료기재 의료재료(13차) 구매,미분류
위성용 통신장비(FB-500) 정비,미분류
체력단련장 목욕탕물품(옷걸이등 22품목),미분류
16-P-임목폐기물 수거 운반 위탁처리 용역,미분류
중거리감시카메라 외주정비,미분류
'16년 폐목재 위탁처리 용역,미분류
증식류 초코머핀 구매,미분류
증식류 소시지빵 구매,1종
증식류 피자빵 구매,미분류
증식류 피자빵 구매,미분류
증식류 크림빵 구매,미분류
훈련용 통신기 등 21종 구매,미분류
16년 부대이전 이사화물 용역,미분류
표창장 표지 제조,미분류
병리장비 운영소모품 60종 구매,미분류
병리장비 운영소모품 47종 구매,미분류
병리장비 운영소모품 38종 구매,미분류
방사선장비 운영소모품 13종 구매,8종
외과장비 운영소모품 72종 구매,미분류
외과장비 운영소모품 29종 구매,미분류
외과장비 운영소모품 61종 구매,미분류
병리장비 운영소모품 43종 구매,미분류
병리장비 운영소모품 62종 구매,미분류
병리장비 운영소모품 84종 구매,미분류
의무장비 운영소모품 166종 구매,8종
육군 간부수첩 표지 제조,미분류
UAV통합시뮬레이터 유지보수 용역,미분류
직접입영 신체검사 부분위탁 용역(3),미분류
'16년 00지역 시설관리 용역,미분류
'16년 00지역 조경관리 용역,미분류
오렌지 등 9종 구매,미분류
오렌지 등 9종 구매,미분류
오렌지 등 9종 구매,미분류
오렌지 등 9종 구매,미분류
오렌지 등 9종 구매,미분류
오렌지 등 9종 구매,미분류
오렌지 등 9종 구매,미분류
오렌지 등 9종 구매,미분류
오렌지 등 9종 구매,미분류
'호국전몰용사 공훈록' 작성 용역,미분류
어묵탕(용기) 구매(구매 또는 제조),미분류
증식류 소시지바 구매,1종
증식류 용기떡볶이 구매,미분류
증식류 크런키형 초코바 구매,미분류
증식류 견과류형 초코바 구매,미분류
증식류 초코머핀 구매,미분류
증식류 소시지빵 구매,1종
증식류 피자빵 구매,미분류
"'16년 전차모의훈련장비 외주정비(조종, 포술)",미분류
1분기 전산운영용품 구매,2종
정수기 146대 임차용역,미분류
칼라프린터 21대 임차 용역,미분류
16-정수기 임차 용역,미분류
16년 음식물쓰레기 위탁처리 용역(철원지역),미분류
16년 승강기 관리용역,미분류
"전동기 조립체, 전기식 등 2종",미분류
"송신기, 온도용 등 6종",미분류
"기화기, 부구 이용식 등 4종",미분류
16-K-액화석유가스(LPG) (강화도서),3종
출력증폭기(250W) 등 2종,미분류
"시일, 평면형 등 22종",미분류
기판 등 5종,미분류
복사용지 등 131종,미분류
냉동꽃게 등 3종 구매,미분류
분석기세트 3종 구매,미분류
볼형손잡이 등 381종 구매,미분류
"연료시스템, 모듈식 등 55종",3종
참전용사 증언 및 제보 녹취록 영상 제작납품,10종
00부대 간부식당 위탁관리 용역 업체 선정,미분류
'16년 해군사관학교 학보 제작 용역,미분류
PC-132A 건전지 등 9항목 구매(물자),2종
"철선, 비 전기용 등 21품목",미분류
2016년 방산 중소기업 컨설팅 지원사업,미분류
필터 페이퍼 등 6품목,9종
LPG 연차,3종
생활쓰레기 위탁처리 용역(재공고),미분류
온도센서 등 32종 구매,미분류
노즐 등 108품목,미분류
식기세척기 임차 용역,미분류
바닥광택기,미분류
1분기 학교교육용품비,미분류
'16-6-프린터 50대 임차 용역,미분류
특수무기(비호/천마) 전력변환기 외주정비,미분류
16년 부식류 민간위탁배송(충청권) 용역,미분류
16년 부식류 민간위탁배송(전라권) 용역,미분류
치과재료 234종 구매,미분류
병리재료 108종 구매,미분류
내향성발톱교정재료 구매,미분류
의료재료 395종 구매,미분류
"세척재료(세척제, 용제) 구매",미분류
쇄석 등 293종,미분류
일반 폐기물(F.R.P. 등 6 종) 처리 용역,미분류
특수수술재료(수술 후 유착방지용 등 3건) 구매,미분류
특수수술재료(반월상연골봉합술재료 등 3건) 구매,미분류
교육용 패킷 분석장비 라이선스 구매,미분류
2016년 제1차 정신교육 영상교재 제작,10종
신병증식용 치즈케이크 구매(제조),1종
콘브레드(제조),미분류
특근자용 치즈케이크(제조),1종
차량정비용(타이어/밧데리) 연간단가계약,9종
모니터 메모홀더 등 283종,2종
16-00전단 개인피폭 방사선량 측정용역,미분류
세제 등 96종 구매,2종
콜라 등 18종,미분류
회로카드 조립체 등 11종,미분류
16-렌탈프린터 계약,2종
16년 00지역 소방시설 종합정밀점검 용역,미분류
복사용지 등 556종,미분류
연평해전[DVD] 등 118종,미분류
"센서, 촉각반응용 등 2종",미분류
헤비메탈 컷터 등 284종,미분류
패드바인더 등 491종,미분류
개스킷 등 15종,미분류
복사용지 등 129종,미분류
"바, 금속제 등 16품목",미분류
펀치리스화일 등 399종,미분류
울트라컷 등 54종 구매,미분류
전자충격기 구매,미분류
윈치카운트 밸러스밸브 1종,4종
16-동 폐기물야적장 토양정밀조사 용역,미분류
가지 등 306종 구매(욕지도 000감시대),미분류
가지 등 306종 구매(욕지도 000전진기지대),미분류
가지 등 279종 구매(흑산도 000전진기지대),미분류
가지 등 279종 구매(흑산도 000운용대),미분류
냉동오리고기 등 5종 구매,미분류
포장두부 등 5종 구매,미분류
멸균흰우유 등 3종 구매,1종
이온음료 등 4종 구매,1종
핫도그 등 50종 구매,미분류
행정사무기기(복사기 등 2종) 정비 용역,미분류
핫바 등 27종 구매,미분류
"코타핀,분할핀,R핀 세트 등 117품목",미분류
핫바 등 27종 구매,미분류
핫바 등 27종 구매,미분류
핫바 등 27종 구매,미분류
핫바 등 27종 구매,미분류
핫바 등 27종 구매,미분류
핫바 등 27종 구매,미분류
핫바 등 27종 구매,미분류
핫바 등 27종 구매,미분류
핫바 등 27종 구매,미분류
핫바 등 27종 구매,미분류
핫바 등 27종 구매,미분류
핫바 등 27종 구매,미분류
핫바 등 27종 구매,미분류
핫바 등 27종 구매,미분류
핫바 등 27종 구매,미분류
핫바 등 27종 구매,미분류
핫바 등 27종 구매,미분류
핫바 등 27종 구매,미분류
핫바 등 27종 구매,미분류
핫바 등 27종 구매,미분류
핫바 등 27종 구매,미분류
핫바 등 27종 구매,미분류
핫바 등 27종 구매,미분류
핫바 등 27종 구매,미분류
핫바 등 27종 구매,미분류
핫바 등 27종 구매,미분류
용접장갑 등 122품목,미분류
2016년 전자식교환기 유지보수,4종
공지합동잔전훈련 지원체계 유지보수,4종
정수기 192대 임차 용역,미분류
K55A1자주포 호스조립체등8종구매,7종
어린이집 아동도서 729종 구매,10종
K288장갑차 로프등11종구매,7종
용사의집 / 육군회관 세탁물 처리용역,미분류
코발트 드릴 등 93품목,미분류
멀티탭 등 235품목,미분류
핸드맥스 등 521품목 구매,미분류
코카콜라 등 14종 구매,미분류
코카콜라 등 14종 구매,미분류
코카콜라 등 14종 구매,미분류
코카콜라 등 14종 구매,미분류
코카콜라 등 14종 구매,미분류
코카콜라 등 14종 구매,미분류
코카콜라 등 14종 구매,미분류
코카콜라 등 14종 구매,미분류
코카콜라 등 14종 구매,미분류
코카콜라 등 14종 구매,미분류
코카콜라 등 14종 구매,미분류
코카콜라 등 14종 구매,미분류
코카콜라 등 14종 구매,미분류
초콜릿가공품 등 8종 구매,미분류
초콜릿가공품 등 8종 구매,미분류
초콜릿가공품 등 8종 구매,미분류
초콜릿가공품 등 8종 구매,미분류
초콜릿가공품 등 8종 구매,미분류
초콜릿가공품 등 8종 구매,미분류
초콜릿가공품 등 8종 구매,미분류
초콜릿가공품 등 8종 구매,미분류
16-평-00아파트 시설관리 용역,미분류
데스크탑 세트 등 498종 구매,미분류
롱로우즈 플라이어 등 95품목,미분류
열대용 잠수복 등 3종,미분류
출동용박스 구매,미분류
쥐약 등 3종 구매,미분류
식탁의자 등 3종 구매,2종
16-평-00아파트 시설관리 용역,미분류
2016년 방위사업청 외국어교실 위탁교육,미분류
영상정보를 활용한 효율적 국유재산 관리 방안,10종
16년 00지역 임대프린터기 임차 용역,미분류
포제명찰 새김 및 벨크로 부착 제조,2종
간부숙소 알루미늄창호 제조설치,4종
식품작업용그릇 등 8종 구매,미분류
'16년 교전훈련장비 유지보수 용역,미분류
16-교과목형 CBT 개발 용역,미분류
포장박스 등 3종 제조구매,미분류
국방광대역통합망 주보조 노드 회선임차(체계구축),미분류
'16년 해군지 제작 용역,미분류
상태기반(수명관리 기반) 창정비 적용방안,미분류
민군 협력을 통한 상호가치 창출 활성화 방안 연구,10종
버니어 켈리퍼스  등 174품목,미분류
더블에이 복사용지 등 243품목,미분류
정수기 임차 용역(51대),미분류
컬러태그지 등 397종 구매,미분류
응접탁자 등 7종,미분류
비디오서버 등 4종,2종
스마트 노트 등 85종,6종
국내 도서 구매(1차),10종
도서(실용음악이론 등 20종) 구매,10종
비플클라리넷리드 등 18종 구매,미분류
시네츄라 시럽 등 81종,미분류
플라스틱박스 등 2종 제작,미분류
멜라민식기 등 3종 구매,미분류
전자렌지 등 2종 구매,미분류
의약품 및 의료기재 58품목 구매,8종
16-K-프린터 임차 용역,미분류
타이어 등 148품목 구매,9종
프로젝터 램프 등 500종 구매,미분류
라인벨트 등 2종 구매,미분류
오수처리장 및 저장소 청소용역,미분류
취사용 LPG 구매,3종
화강석(여장석) 4종 제조,미분류
정수기 임차용역,미분류
잠수함용 부유식기만기 경미한 성능개량 선행연구,7종
16년 전운대대 독신자숙소 가스공급 계약,3종
뉴PD수첩 등 363종,미분류
조종사 보호의세트-Ⅱ사업 선행연구,10종
방위사업 발전을 위한 조직 및 인력운영 효율화 방안,미분류
방산기술보호 전문인력 양성 교육과정 위탁사업,미분류
정비지원용 이동형 에어컨 구매,미분류
폐수 고도처리시설 오존산화조 위탁청소 용역,미분류
16년 승강기(화물용2대) 유지보수 용역,미분류
16년 소형 대공표적기(표적기 등 4품목),미분류
39차 의약품 구매,8종
유해발굴 수습물자(스폰지 등 15종) 구매납품,미분류
대전병원 생화학 자동 분석기 소모품 20종 구매,미분류
대전병원 자동 뇨 분석기 등 소모품 46종 구매,미분류
대전병원 효소면역 측정기 소모품 33종 구매,7종
대전병원 병원장비 소모품 71종 구매,미분류
국군간호사관학교 교과서 35종 구매,10종
16년 00부대 하역용역(2),미분류
대전병원 외과장비 소모품 5종 구매,미분류
대전병원 보장구 50종 구매,미분류
대전병원 병리재료 소모품 67종 구매,미분류
6각 빗트 소켓 등 907종,미분류
유해발굴 수습물자(스폰지 등 15종) 구매납품,미분류
유해발굴 수습물자(관 등 4종) 제조납품,미분류
16년 식기세척기 관리 용역,미분류
'16년 대전병원 장비운영유지비(영상장비) 구매,미분류
바인딩링 등 362종,미분류
씽크대원홀혼합수전 등 8종 구매,미분류
대형버스 LED 전광판 6EA 구매,4종
16-잉크젯 프린터 임차 계약,2종
스위치 멀티탭,미분류
전기취사기 구매/설치,미분류
워키토키 등 3종,미분류
대형버스 수송 용역(7대),미분류
16년 무한임대프린터 용역계약,미분류
16-학습지원과(교과서 46종 구매),10종
외장형 하드디스크 등 103종,미분류
부대조달 의무물자(의료기재등) 2차,8종
부대조달 의무물자(의약품 등) 2차,8종
점보롤 화장지 등 114종,미분류
1/4분기 교육예산(교육장비 등 9건),미분류
'16-00부대 퇴적물 준설처리 용역,미분류
00함 가스터빈 유압시동기 패널 정비,3종
16년 동원훈련장 안보교육관 의자 구매,2종
황산등59종구매,미분류
건조제등48종구매,미분류
실리콘등11종구매,미분류
메탄올등19종구매,미분류
접착제등55종구매,미분류
액화석유가스(LPG) 공급,3종
청새 CCTV 정비 용역,미분류
카페트 청소 용역,미분류
00지역 생활폐기물 처리용역,미분류
장비운영소모품 의료가스 구매,미분류
16년 신병교육 문구 구매,미분류
16-P-사탄모의 관측장비(TSFO) 외주정비 용역,미분류
토양오염도 정기검사 용역,미분류
왕사 등 3종,미분류
보급품 적재 및 하역용역,미분류
인쇄용지 2종 구매,미분류
16- 백령도 빵류 납품,1종
군수물자 하역용역(진해지역),미분류
기록보존장비(M/F장비) 유지보수,미분류
데놀 정 등 31종(의약품),8종
커터날 등 217종,미분류
멀티탭 등 325종,미분류
'16년 컬러 잉크젯 프린터(25대) 임차 용역,미분류
16-인-지정폐기물 처리용역,미분류
'16-00사 승강기 유지관리,미분류
"무균채수팩 등 103종(시약,의무장비)",8종
Glass Fiber Filter 등 17종,미분류
이부프로펜정 등 28종,미분류
영상정보 시스템 유지보수 용역,미분류
1분기 교육재료 구매,미분류
테니스라켓 및 태권도화 구매,미분류
E/O Gas 카트리지 등 124종,미분류
‘16-부두편의시설 관리용역,미분류
PMS공정형 및 이동형 중계기 등 0종 제조 설치납품,미분류
00학교 방송장비 임차용역,미분류
16-05-개인피폭 방사선량 측정용역,미분류
K1베어링등11종구매,9종
락카스프레이황색등24종구매,미분류
D형들고리등13종구매,미분류
충전기집적회로등17종구매,미분류
생산단 K1궤도조립기 외주정비 용역,미분류
5톤 브래킷 구매,미분류
M48전차 플랜지구매,7종
16년 수질검사/대기오염측정용역,미분류
K1개스킷등33종구매,미분류
자주발칸 케이블조립체등2종구매,4종
16년 의료용 산소 구매,3종
가-728호정 No.1 감속기어 세트 정비,미분류
16-2차 부대조달 의약품 구매,8종
13-본-국대-01 00학교이전 PE전선관 등 2종 제조,4종
13-본-국대-01 00학교이전 공기조화기 제조설치,미분류
16-덕-1차 전산운영용품 구매,2종
'16년 전자교환기 유지보수 용역,미분류
"제빙기 구매,설치",미분류
엔진브로와 구매,9종
일반의약품 366종 구매,8종
자동화창고 유지보수 용역,미분류
16-F-007 이동형 탱크제조 납품,미분류
인쇄용지 3종 구매,미분류
디지털 인쇄재료 38종 구매,미분류
16-P-IP교환기유지보수 용역,미분류
1분기 식품검사 재료 구매,미분류
16년 군숙소 도배 장판 교체용역(단가),미분류
16-014 쉽게 생각하고 쉽게 배우는 수영 등 143종,미분류
기어앗세이 등 17종 구매,미분류
"16-목-폐기물(폐목재, 폐합성수지) 처리 용역",미분류
16-목-O함대 물탱크 청소용역,미분류
1/4분기 교육물품 구매,미분류
1/4분기 교육물품(2차) 구매,미분류
필터-에어클리너 등 123종 구매,9종
전쟁범죄(도서)등 231종 구매,10종
PP표지 등 147종 구매,미분류
타이어 등 106종 구매,9종
IP전화기 등 26종 구매,2종
각재 등 11종,미분류
천막수리 재봉기 1종,2종
코인 등 3종 제작,미분류
음향및 동시통역장비 임차용역(공고안 필독),미분류
무열대유치원 통학버스 임차 용역,미분류
쇠고기장조림 등 4종(연평도),미분류
USB 684개,미분류
쇠고기장조림 등 4종(연평도),미분류
감압밸브 등 69품목 구매,4종
가지 등 181종 구매(안마도),미분류
감자 등 170종 구매(거문도),미분류
가지 등 306종 구매(추자도),미분류
'16-주도로 청소 및 제초용역,미분류
사관생도 및 사관후보생 임관식 영상장비 임차 용역,미분류
"휴대폰 카드형 보조배터리 2,000개",9종
USB 684개,미분류
이동식 화장실 임차용역,미분류
00부대 식기세척기 임차용역,미분류
"체력단련장 유류 (휘발유, 경유) 구매",3종
1/4분기 교육/실습재료 구매,미분류
인권교육용 영상교재 제작 용역,미분류
00부대 육아보육시설 교재교구류 구매,4종
부산병원 공조기필터 교체 설치납품,9종
대구병원 공조기필터 교체 설치납품,9종
00부대지역 음식폐기물 수집 및 위탁처리 용역계약,미분류
16-P-03 전세버스 임차용역,미분류
레이더 시뮬레이터 유지보수 용역,미분류
파병 티셔츠 등 3종,미분류
16년 유류저장시설 토양오염도 검사 용역,미분류
쇄석골재 등 3종 구매,4종
장비운영소모품 기타장비 구매,미분류
병원장비소모품 병원장비2 구매,미분류
장비운영소모품 방사선장비 구매,8종
외과장비소모품 외과장비5 구매,미분류
병리장비소모품 병리장비6 구매,미분류
병리장비소모품 병리장비7 구매,미분류
의료기재 봉합사류 구매,미분류
00지역 전산운용용품 구매,2종
00지역 지원 보수자재 구매,4종
콘크리트 수로관 뚜껑,4종
수도병원 보장구 72종 구매,미분류
웰부트린 엑스엘 정 등 122품목,미분류
16년 장교후보생 증식 구매,미분류
16-1차 전산운영용품 구매,2종
화강석(성곽석) 385㎡ 제조,미분류
합동임관식 버스임차 용역,미분류
'16년 5비 체력단련장 하이신(부생연료1호) 납품 계약,3종
XL엘보 등 68종(16-9),미분류
16년 합동임관식 수송용역,미분류
전산운용품(프린트토너) 구매,2종
"제어장치 조립체, 사용자용 등 3종",미분류
과급기 조립체 1종,미분류
공기작동 발브 1종,미분류
실리콘 그라스 튜브 등 5종 구매,미분류
육각볼트너트와샤 등 5종 구매,9종
(16-018)건물유지비(폼업외 143품목),미분류
해도(대한민국 남부) 등 126종,미분류
'16-K-냉난방기 정비 용역,미분류
의료기재 77종 구매(16-3차),미분류
의약품 70종 구매(16-2차),8종
LED TV(50인치) 등 6종,4종
고순도 질소 104BT 구매,3종
체력단련장 배상책임보험,미분류
상무지역 생활폐기물 처리용역,미분류
병잉크 등 105종,2종
발칸/전술/호크 CBT 유지보수 용역,미분류
가지 등 57종 구매,미분류
간장 등 82종 구매,1종
가오리 등 25종 구매,미분류
EOD 킷 등 10종,미분류
시설 / 조경용역 기계경비 자재구매(1차),미분류
(16-007)일반의무장비획득(산소소생기외 3품목),8종
(16-001)기타유지물자(황사마스크),10종
전자전장비 시뮬레이터 유지보수 용역,미분류
UAV외부 시뮬레이터 유지비,7종
부대소개영화 제작 용역,미분류
소석회살포기 5항목 구매(물자),미분류
'16-부 승강기 점검 및 유지보수용역,미분류
짜장컵밥 구매,미분류
체력단련장-부생연료-#7,3종
16년 영내자증식용 떡 구매,미분류
삼파장램프 등 115종,미분류
누전차단기 등 예방자재 29품목 구매,4종
하이브리드 키폰 구매 설치,미분류
16년 해병대 정보화 통합유지보수 용역,미분류
열화상카메라 등 2종 구매,미분류
16년 창정비 대상장비 및 정비완료차량 수송용역,미분류
16년 일반화물 수송용역,미분류
16년 <육군>지 편집디자인 용역,미분류
'16년 해군 홍보영상(3종) 제작 용역,미분류
국방 빅데이터 플랫폼 기반 구축사업 리스계약,미분류
사이버정보(수집·분석·관리)시스템 구축방안,미분류
지뢰제거작전 보호의 등 장비구매,5종
신병증식용 핫바 구매,미분류
탄산음료 구매,1종
특근자용 핫바 구매,미분류
허니감자스낵 구매,미분류
점화플러그 등 10항목 구매(물품),미분류
금고 구매,미분류
미니 수정테이프 등 153종,미분류
영송용 레드카펫 등 14종,미분류
멀티카드리더기 등 45종,미분류
잉크젯 프린터 임차(연평도),2종
행사용품(철제휀스외 6종) 임차용역(공고안 필독),미분류
쇠자(철직자) 등 38종 구매,미분류
"대형버스(45인승, 44대) 임차(왕복)용역(공고안 필독)",미분류
"변환기, 동적 픽업용 등 3품목",미분류
표면조도측정기 구매,7종
'16-K-액화석유가스(LPG)(김포),3종
'16-K-액화석유가스(LPG)(인천/강화),3종
체육기구류(당구대 등 22종)설치 납품,2종
오니푸랄 주사 등 11품목(물품),미분류
미래특임 및 항공 통합 특임여단 편성방안 연구용역,미분류
16년 증식용 떡 및 케이크 구매,미분류
전투실험 발전 세미나 행사 및 책자 발간 용역,미분류
국방 전력발전체계에서의 전투실험체계 정립 연구용역,미분류
특임여단 북괴군 핵 화생시설 점령/확보방안 연구용역,미분류
핫바 구매,미분류
증식용 떡 및 생일자 케익크 제조납품,미분류
증식용 떡 및 생일자 케익크 제조납품,미분류
독립망 정보보호체계 유지보수,4종
신형 전투복,미분류
야전배낭,미분류
분석기(회로망용) 구매,미분류
'16년 상병건강검진 부분위탁검사 용역,미분류
16-F-013 윈치 등 11종 구매,미분류
정비피복(방진화) 구매,미분류
16-통합레이더시스템 유지보수 용역,미분류
2016년 OO기관 폐수위탁처리 용역,미분류
16-백령도 김치류 납품,1종
16-백령도 두채류 구매,미분류
16-소청도 부대조달부식 구매,1종
16-대청도 부대조달부식 구매,1종
16-백령도 기호식품 구매,미분류
16-백령도 개선식 구매,미분류
16-백령도 가공식품류 구매,미분류
16-백령도 분식류 구매,미분류
16-백령도 도서전투부식 구매,1종
한줌견과 구매,미분류
떠먹는 젤리 구매,미분류
짜먹는발효유 구매,미분류
떠먹는발효유 구매,미분류
마시는발효유 구매,미분류
알로에음료 구매,1종
이온음료 구매,1종
혼합음료 구매,1종
탄산수 구매,미분류
과일탄산 구매,1종
식혜 구매,미분류
콜라 구매,미분류
바나나우유 구매,1종
팥빙수 구매,미분류
팩형 아이스크림 구매,미분류
콘형 아이스크림 구매,미분류
컵형 아이스크림 구매,미분류
샌드형 아이스크림 구매,미분류
16년 일반화물 수송 용역,미분류
'16년 대전병원 기타의약품 구매,8종
16-교-CBT교실 유지보수용역,미분류
상륙공격헬기 체계운용요구 및 PBL 적용방안 연구용역,미분류
'16년 전쟁연습센터 정보 통신유지보수 용역,미분류
"마이크로폰, 고성능식 3EA",미분류
'16년 대전병원 병 건강검진 재료 구매,미분류
'16년 대전병원 장비운영소모품(의료용가스) 구매,8종
'16년 대전병원 장비운영유지비(외과장비3) 구매,미분류
'16년 대전병원 장비운영유지비(외과장비1) 구매,미분류
'16년 대전병원 의료기재(치과재료) 구매,미분류
16년 환자치료식(홍천병원),미분류
16년 환자치료식(홍천병원),미분류
2016년 방산기술보호 국제 컨퍼런스 행사진행,미분류
마그 용접봉 등 24품목,9종
16년 폐합성수지 위탁처리 용역,미분류
16년 폐화공약품 위탁처리 용역,미분류
16년 액화석유가스(LPG) 공급(단가 계약),3종
00부대(6진) 정비반 물품 구매(5차),미분류
00부대(6진) 정비반 물품 구매(4차),미분류
00부대(6진) 정비반 물품 구매(3차),미분류
'16년 LPG 구매(서울),3종
'16년 LPG 구매(경기남부),3종
'16년 LPG 구매(경기북부),3종
25톤 덤프 육각 너트 등 126항목 구매(기장),9종
16-평-공업용가스 및 소화기구 공병 검사용역,미분류
알루미늄 파이프 등 4종 구매,4종
오수장 운영 소모품(수중펌프 등 2종) 구매,미분류
제빙기 등 3품목,미분류
16-평-00단련장 승강기 유지보수 용역,미분류
폐수 위탁처리,미분류
굴삭기 파이프 등 281항목 구매(기장),4종
스키드로더 후레쉬 에어필터 등 207항목 구매(기장),9종
봉고 연료필터 등 42항목 구매(기장),3종
로디우스 볼트 등 52항목 구매(기장),9종
오일휀스 8항목 제조(물자),미분류
잔류염소측정시약 등 5항목 구매(물자),미분류
차아염소산나트륨 등 5항목 구매(물자),미분류
230mm급 무유도탄사업 선행연구,5종
해상사격표적(풍선 등 2종) 구매,미분류
K9밸브등19종구매,4종
16년 1분기 교육예산(교육재료비) 구매,미분류
K1와셔등84종구매,미분류
K1채널씰등12종구매,미분류
발칸 베이스조립체등7종구매,미분류
소시지,1종
'16년 렌탈프린터 임차용역,미분류
16-P-하수펌프장 수중펌프 수리 용역,미분류
예비군 전산장비 유지 보수 용역,미분류
'16-포항병원 위탁방제 용역,미분류
'16-포-소방시설 종합정밀점검 용역,미분류
16-F-011 트랙터 레커용 트럭 제조,미분류
디젤발전기 400KW 제조설치,미분류
계룡대 비상용발전기 제조설치 납품,미분류
멀티 누설탐지기 구매,미분류
토너구매( 연간 단가계약),2종
2016년 국방정책토론회,미분류
00부대(6진) 정기재보급 물품 구매(1차),미분류
00부대(6진) 정비반 물품 구매(1차),미분류
어묵(용기),미분류
넬라톤카테터 등 234품목 구매(물품),미분류
기역자 안내테이블 등 5종(연평도),미분류
(군수처) 16년  신병명찰 부착 납품,2종
고무호스 등 19종 구매,미분류
'16-K-가스취사기구 정비 용역,미분류
훈련병 검정볼펜 2종 구매,미분류
공기 필터 엘리멘트 등 21종,9종
칼라프린터 24대 임차 용역,미분류
토너(LBP6330K CRG310Ⅱ) 등 40종 구매,2종
삼성 레이저 토너(흑) 등 8종,2종
1학기 국내교과서 추가 구매,10종
임시명찰 등 2품목 제조 구매,2종
리프레쉬플러스 점안액 등 270종,미분류
F.R.P.폐선체(4척) 해체 용역,미분류
국방연구시설·장비 종합관리 방안 연구,미분류
2016년도 방위사업청 종합 홍보,미분류
16년 폐목재 위탁처리 용역,미분류
16년 폐산 위탁처리 용역,미분류
16년 폐페인트 위탁처리 용역,미분류
16년 고상폐유 위탁처리 용역,미분류
16년 폐부동액 위탁처리 용역,미분류
16년 광재/폐수처리오니 위탁처리 용역,미분류
항공교통관제 CBT유지보수 용역,미분류
16-P-하수관로 준설작업 용역,미분류
16-P-공업용가스 정비 용역,미분류
16-P-가스취사기구류 정비 용역,미분류
'16년 전투지휘훈련 병력수송용역,미분류
16-국방어학원(국내.외 간행물 17종 구매),미분류
대붙이 샤워 수전 등 138종,미분류
염소이온측정기,7종
코자플러스등 101품목(의약품및 의료기재),8종
복사기토너 등 5종,2종
테스터기 등 36종(연평도),미분류
모니터 받침대 등 156종,2종
16-1차 부대 의약품 및 의료기재 구매,8종
환자관찰장치 이동형,미분류
심장세동제거기,미분류
청력계 휴대식 2EA,미분류
수액조절기 일반용 6EA,8종
손세척대 1EA,미분류
소석회살포기 1EA,미분류
액체 아르곤가스 10BT 구매,3종
온장고 등 3종 구매,미분류
선글라스 등 10종,미분류
신병교육 필요물품 구매,미분류
군숙소 도배 및 장판교체,4종
16-전신전력원 현장학습 버스임차용역,미분류
16-국방어학원(연간 국내출판도서 구매),10종
폐목재(300톤)처리 용역,미분류
"00부대 물절약 투자대행사업(WASCO, 15-A047)",미분류
미송합판 등 예방자재 59품목 구매,4종
타이어등 34품목,9종
미세먼지 방지마스크 구매,미분류
보장구 80종 구매,미분류
스펙트럼용 분석기 구매,미분류
지정폐기물(폐유슬러지 등 5 종) 처리 용역,미분류
"""국군 파병장병 증언청취"" 증언록 작성 용역",미분류
2016년 합동임관식 기념품(호부) 제조,10종
컨테이너 2종 제조 설치,2종
'16년 음식폐기물 처리 용역,미분류
카라반 등 116종,미분류
세척액 등 18종,미분류
테이프 등 91종,미분류
필터 등 23종,9종
자동밸브 등 18종,4종
강관(백관)외 57종 구매(공고필독),미분류
'16년 음식물류 폐기물 처리 용역,미분류
일반합판 등 12종(연평도),4종
CV전선 등 30종,4종
의류건조기 등 2종,미분류
상업용 오븐받침대 등 5종 구매,미분류
대형수송함 2번함 개선설계 감리용역,미분류
함정건조 감리용역,미분류
전자전훈련장비(EWTS) 관련 중재에 대한 위탁계약,미분류
"스위치, 칼날형 등 9품목",미분류
민간위탁 배송 용역,미분류
기능성팬티 등 9종 구매,미분류
16년 kr 워게임장비 임차,미분류
신병 포제명찰 제작 및 부착,2종
교과서 163종 구매,10종
일반화물(탄약등 군수품) 수송 용역,미분류
전기보온물통 등 12종 구매,미분류
종이걸레 등 2종 구매,미분류
방사선필름 등 5종 구매,미분류
16-D-021-철재 장의자 등 5종 제조 납품,2종
16-D-022 회전의자 등 6종 제조 납품,2종
00부대(6진) 민사반 물품 구매(4차),미분류
00부대(6진) 민사반 물품 구매(3차),미분류
00부대(6진) 민사반 물품 구매(2차),미분류
연료유 승압유지밸브,3종
감자칼 등 80종,미분류
16-덕-전기시설 안전관리 용역,미분류
16-덕-승강기 안전관리 용역,미분류
16-평-함정 위탁방역 용역,미분류
'16년 전투지휘훈련 화물수송 용역,미분류
덴탈 마스크 50개 등 43품목(물품),미분류
초코렛 구매,미분류
수도병원의약품 6종)구매,8종
수도병원의약품(레스타시스점안액등11종)구매,8종
소시지 구매,1종
소시지 구매,1종
정수기 110대 임차용역,미분류
UPS(무정전전원장치)제조 설치,미분류
'16년 MW EMS 유지보수 용역,미분류
국군재정관리단 청소용역,미분류
국방의료정보체계 통합유지보수용역,미분류
UPS(무정전전원장치)제조 설치,미분류
무배추김치(김장) 등 8종(연평도),1종
16-00사 폐기물 처리용역,미분류
콩나물 등 3종(연평도),1종
이온음료 등 17종(연평도),1종
쌀 햄버거빵 등 40종(연평도),1종
단무지 등 53종(연평도),미분류
멸균 거즈 등 35품목 구매(의무),8종
K1전차 스프링등11종구매,7종
다목적전술차 케이블등2종구매,4종
K1 베어링등11종구매,9종
K1케이블조립체등6종구매,4종
육각볼트등17종구매,9종
스텐망등8종구매,미분류
발칸 베어링등15종구매,9종
발칸필터구매,9종
대박격포레이더 반도체장치등4종구매,7종
열상장비 스페이서등11종구매,미분류
5톤 볼트등217종구매,9종
K9스프링등8종구매,미분류
K55A1너트등37종구매,9종
K55A1베어링등9종구매,9종
M48전차 베어링등11종구매,7종
k1오링등17종구매,미분류
K1리드선등14종구매,미분류
과일푸딩,1종
16-P-부대비품 정비 용역,미분류
16-P-복사기 정비 용역,미분류
16년 OO부대 시설관리용역(2),미분류
K-55 자주포 조종 시뮬레이터 유지보수 용역,미분류
파이형 쿠키,미분류
초코바,미분류
초코맛 쿠키,미분류
컵스프,미분류
미니약과,미분류
샌드형 쿠키,미분류
스낵류,미분류
피자빵,미분류
바나나맛 우유,1종
00부대 음식물류폐기물 처리용역,미분류
16-J-프린터 렌탈 용역,미분류
16-평-승강기 유지보수 용역,미분류
16년 e-러닝시스템 유지보수 용역,미분류
"콜라 11,632EA 구매",미분류
면마스크 등 4종,미분류
간장 등 144종,1종
질소압력 탱크 등 4종 구매,3종
16-비행안전 모의훈련장비 유지보수,미분류
16-교-A/V 및 화상회의시스템 유지보수용역,미분류
16년 경호피복 세탁용역,미분류
"변환기, DE-EP 1종",미분류
오디오제어기판 01A 1종,미분류
위장크림 및 고무링 구매(16-1차),미분류
반합/식판비닐 및 접이식깔판 구매(16-1차),미분류
마우스쉴드 및 비닐서류봉투 구매(16-1차),미분류
형광램프 등 91종,미분류
튀김솥 안전장치,미분류
00사 홍보용 버스 외곽 디자인 랩핑(외주정비),미분류
16-교-입영신체검사(흉부검사) 위탁용역,미분류
16-교-전세버스 임차용역,미분류
16-평 음식물류(동/식물성 잔재물) 폐기물 처리용역,미분류
수직천공기 2EA,미분류
폐타이어(18톤) 처리 용역,미분류
독신자숙소 청소용역,미분류
영내관사 보일러 및 분배기 구매/설치,미분류
직접입영 신체검사 부분위탁 용역(2),미분류
'16년 국외항공특송 용역,미분류
16-6-포항병원 승강기 유지보수 용역,미분류
16년 1차 전산운영용품 구매,2종
알루미늄 합금판 등 11품목,미분류
곡괭이 등 15종(연평도),미분류
팬더조립체 등 51종(연평도),미분류
조임기 등 155종(연평도),미분류
타벡스 겔 등 126종(연평도),미분류
다이나믹 마이크 등 145종(연평도),미분류
USB선택기 등 96종(연평도),미분류
복사용지 등 128종,미분류
‘16-00호텔 세탁용역,미분류
현대 굴삭기 후방 차축 조립체 1EA,미분류
전선릴 등 50종,4종
'16-00의료원 음식물쓰레기 위탁처리 용역,미분류
음식물쓰레기 처리용역,미분류
후식류 마시는 발효유 구매,미분류
16-6-전단 승강기 정기점검 및 유지보수 용역,미분류
16년 OO부대 청소용역,미분류
금속제 정류기 구매,미분류
16-F-012 열화상카메라 구매,미분류
16-F-010열화상 비파괴검사 장비 구매,미분류
주파수 변환기 구매,미분류
16-덕-음식폐기물 처리용역,미분류
야구부 운동용품구매(유니폼 등 16품목),미분류
16-인-오·폐수처리시설 위탁관리용역,미분류
16-덕-프린터 렌탈 용역,미분류
프린터(85대) 임대(유지보수 포함),2종
탁구대 등 4종 구매,미분류
16-교-CBT제작실 유지보수용역,미분류
김치냉장고 2대,1종
피자빵 등 1종 구매(연평도),미분류
면도날 등 38종 구매,미분류
진공청소기 등 2종 구매,미분류
전기식 회전계 등 8종 구매,미분류
슈퍼타이 등 104종 구매,미분류
산소(공업용가스) 등 7종 구매,3종
16-평-1차 안보현장 견학버스 임차용역,미분류
복사용지 등 412종 구매,미분류
16-교-가스취사기구 정비용역,미분류
16-교-비품 및 취사기구류 정비용역,미분류
16-교-대형정수기 및 제빙기 필터교체 및 관리용역,미분류
16-교-공수조종술 시뮬레이터 유지보수용역,미분류
체력단련장 식자재 000종 구매,미분류
00학교 생도증식 구매,미분류
00학교 전산장비 유지보수 용역,미분류
견과류(한줌),미분류
교과서 136종 구매,10종
크린 자연락스 등 35품목,미분류
후식류 과일푸딩 구매,1종
후식류 견과류 세트 구매,미분류
후식류 떠먹는 발효유 구매,미분류
후식류 튜브형 아이스크림 구매,미분류
후식류 팩형 아이스크림 구매,미분류
후식류 팥빙수 아이스크림 구매,미분류
후식류 샌드형 아이스크림 구매,미분류
후식류 콘형 아이스크림 구매,미분류
후식류 쌀음료 구매,1종
후식류 이온음료 구매,1종
후식류 식혜 구매,미분류
팥빙수,미분류
탄산음료,1종
커피음료,1종
이온음료,1종
에이드,미분류
아이스크림 팩형,미분류
아이스크림 콘형,미분류
아이스크림 컵형,미분류
아이스크림 샌드형,미분류
식혜,미분류
생수,미분류
비타민음료,1종
마시는 발효유,미분류
떠먹는 발효유,미분류
과채음료,1종
콩두유,미분류
'16-00사 음식물쓰레기 위탁처리,미분류
졸업식 통신앰프 및 차량 전광판 임차용역,미분류
두부 등 3종,1종
두부 등 3종,1종
두부 등 3종,1종
체력단련장 락카 소모품 구매,미분류
에이스가든 식자재(생가지외 365품목),미분류
슈크림빵 등 9종 구매,미분류
16-교-시설관리용역,미분류
정문관사 청소용역,미분류
00학교 청소용역,미분류
식혜 구매,미분류
초코바 구매,미분류
생수 구매,미분류
초코과자 구매,미분류
감자스낵 구매,미분류
양갱 구매,미분류
초코렛 구매,미분류
초코바 구매,미분류
샌드과자 구매,미분류
초코과자 구매,미분류
감자스낵 구매,미분류
소보루빵 구매(제조),미분류
피자빵 구매(제조),미분류
단팥빵 구매(제조),미분류
견과류(혼합형) 구매,미분류
떠먹는발효유 구매,미분류
마시는발효유 구매,미분류
팥빙수 구매,미분류
샌드형 아이스크림 구매,미분류
컵형 아이스크림 구매,미분류
팩형 아이스크림 구매,미분류
콘형 아이스크림 구매,미분류
식혜 구매,미분류
과일탄산음료 구매,1종
과일음료 구매,1종
사이다 구매,미분류
콜라 구매,미분류
바나나맛 우유 구매,1종
생수 구매,미분류
파이류,미분류
음식물류 폐기물 위탁처리 용역,미분류
(육성) 사단 테블릿PC 구매,2종
소보루빵,미분류
생수,미분류
미니약과,미분류
스낵류,미분류
이온음료,1종
초코바,미분류
초콜렛,미분류
콜라,미분류
경축특식 만쥬 세트 구매,미분류
16-국방어학원 소방시설 작동기능 점검용역,미분류
16년 1학기 국외교과서 구매,10종
16-국방어학원 냉.난방기 유지보수용역,미분류
'16-00의료원 위탁방제 용역,미분류
'16-오폐수처리시설 민간위탁관리 용역,미분류
컨테이너 제작,2종
16-K-액화석유가스(LPG),3종
액화석유가스(LPG)구매,3종
'16-00의료원 환자급식보조원 용역,미분류
경축특식 빵세트 구매,미분류
선체고정음탐기 선행연구 용역,미분류
영외숙소 승강기 유지관리용역,미분류
16-P-수성사격장 시설물 관리유지 용역,미분류
16-P-청룡회관 전기안전관리 대행 용역,미분류
16-P-02 전세버스 임차 용역,미분류
16-비전캠프 버스 임차,미분류
군숙소 도배장판 설치 납품,4종
1분기 전산운영품 구매(토너 등 27종),2종
레자방음문 납품 설치(연평도),미분류
버스[44(45)인승] 38대 임차 용역,미분류
버스[44(45인승)] 23대 임차 용역,미분류
컬러프린터 잉크토너 등 115종,2종
16-A/V 및 상황보고체계 유지보수 용역,미분류
16-덕-생활폐기물처리용역,미분류
16-덕-오.폐수처리시설 위탁관리용역,미분류
충성대 신문제작제157호~제162호),미분류
607기무부대 등 2개소 전기안전검사 대행 용역,미분류
97-2대대 등 8개소 전기안전검사 대행,미분류
직접입영 신체검사 부분위탁 용역,미분류
면마스크 등 2품목 구매,미분류
16-교-공수강하기구 저장시설 경비용역,미분류
음식물류 폐기물 처리 용역,미분류
전력발휘 보장을 위한 예비군훈련체계 연구,10종
16년 상병건강검진 부분위탁검사 용역,미분류
16년 00대학 시스템 냉난방기 유지보수용역,미분류
16년 무한잉크 충전 및 프린터 렌탈 용역,미분류
육군 체력단련장 전산시스템 유지보수 용역,미분류
16년 입영장병 부분신체검사 용역(1),미분류
16년 생도증식(건포도 등 145종) 구매,미분류
합동성 안보견학 차량 임차용역,미분류
16-1학기 생도 교과서(외국원서) 구매,10종
16-00대학 연간 도서구매,10종
초코우유 등 38종 구매,1종
삼계탕 등 36종 구매,미분류
근속30주년 보관용 휘장 등 4품목 제조,미분류
'16-대기오염방지시설 검사용역,미분류
16년 환자치료식(함평병원),미분류
16년 환자치료식(청평병원),미분류
16년 환자치료식(일동병원),미분류
16년 환자치료식(양주병원),미분류
16년 환자치료식(고양병원),미분류
16년 환자치료식(부산병원),미분류
16년 환자치료식(함평병원),미분류
16년 환자치료식(청평병원),미분류
16년 환자치료식(일동병원),미분류
16년 환자치료식(양주병원),미분류
16년 환자치료식(고양병원),미분류
16년 환자치료식(부산병원),미분류
'16년 설날 경축특식 구매(제조),미분류
1분기 의약품 및 의료기재 구매,8종
설날 경축특식 냉동떡 세트,미분류
슬러지 처리,미분류
00지역 등 2개지역 아파트 및 독신숙소 청소 용역,미분류
수도권 동원예비군 수송방법 개선방안 연구,10종
16-P-평창산악종합훈련장 시설물 관리유지 용역,미분류
16-P-포특사 하폐수처리시설 위탁관리 용역,미분류
16-P-생활 및 음식물폐기물 위탁처리 용역,미분류
청소카트 등 12종 구매,미분류
상륙기동헬기 조종시뮬레이터 선행연구,7종
16년 입영장병 부분신체검사 용역(2),미분류
16년 음식물쓰레기처리 용역,미분류
16년 입영장병 부분신체검사 용역(3),미분류
각재 등 30종,미분류
전산장비 유지보수 용역,미분류
기름보일러 등 14종,미분류
참깨라면(용기면류) 등 8종 구매,미분류
16년 설 경축특식 떡세트(제조 또는 구매),미분류
16-P-평창훈련장 하수처리시설 위탁관리 용역,미분류
지상기반 전술통신체계 능력 융통성 제약 극복방안,7종
00지역 본청 건물 청소용역,미분류
16-국방어학원 현장학습 버스임차용역,미분류
낮은선반 등 14종,미분류
의무장비(종합효소 연쇄반응 장치) 구매,8종
16년 국방통합데이터센터 시설관리용역(2),미분류
16년 OO부대 하역용역,미분류
16년 국방통합데이터센터 시설관리용역,미분류
가지 등 163종,미분류
16-교-생활계폐기물 수거처리용역,미분류
돈삼겹(국내산) 등 10종,미분류
특수작전용 유탄발사기사업 선행연구,10종
선봉대체력단련장 유류구매(하이신유),미분류
'16년 음향 영상장비 유지보수 용역,미분류
떡류 등 18종 제조/납품,미분류
2016년 승강기 유지관리용역,미분류
16-국방어학원 승강기 관리용역,미분류
16년 근무지원단 사업장 생활폐기물 처리 단가 계약,10종
15-4차 남수단 한빛부대 긴급재보급 항공수송 용역,미분류
16-교-승강기 관리용역,미분류
